DATETIME,AIR_TEMP,AIR_HUMIDITY,PRECIP,SOIL_TEMP_0_7,SOIL_MOISTURE_0_7
2022-12-31 21:00:00+00:00,10.95,71.271675,0.0,11.5,0.205
2022-12-31 22:00:00+00:00,10.35,64.98424,0.0,11.05,0.205
2022-12-31 23:00:00+00:00,10.1,61.366043,0.0,10.65,0.205
2023-01-01 00:00:00+00:00,10.65,61.281567,0.0,9.9,0.205
2023-01-01 01:00:00+00:00,10.7,62.601112,0.0,9.8,0.205
2023-01-01 02:00:00+00:00,9.5,59.50203,0.0,9.65,0.205
2023-01-01 03:00:00+00:00,8.45,54.911335,0.0,9.35,0.205
2023-01-01 04:00:00+00:00,7.9,50.154957,0.0,9.0,0.205
2023-01-01 05:00:00+00:00,7.85,49.224976,0.0,8.7,0.205
2023-01-01 06:00:00+00:00,9.6,47.939167,0.0,8.9,0.204
2023-01-01 07:00:00+00:00,12.75,48.654892,0.0,10.05,0.204
2023-01-01 08:00:00+00:00,14.9,48.738102,0.0,11.65,0.203
2023-01-01 09:00:00+00:00,15.95,42.921074,0.0,13.15,0.201
2023-01-01 10:00:00+00:00,16.3,39.662632,0.0,14.25,0.2
2023-01-01 11:00:00+00:00,16.6,40.602646,0.0,15.05,0.198
2023-01-01 12:00:00+00:00,17.5,38.62529,0.0,16.25,0.196
2023-01-01 13:00:00+00:00,17.05,44.30627,0.0,16.1,0.194
2023-01-01 14:00:00+00:00,15.95,50.93416,0.0,15.4,0.194
2023-01-01 15:00:00+00:00,15.1,52.678986,0.0,14.35,0.194
2023-01-01 16:00:00+00:00,14.85,52.61226,0.0,13.6,0.193
2023-01-01 17:00:00+00:00,15.1,48.79356,0.0,13.15,0.193
2023-01-01 18:00:00+00:00,15.05,47.597614,0.0,12.9,0.193
2023-01-01 19:00:00+00:00,14.4,48.599148,0.0,12.6,0.193
2023-01-01 20:00:00+00:00,13.0,51.022552,0.0,12.2,0.193
2023-01-01 21:00:00+00:00,11.9,51.265865,0.0,11.75,0.192
2023-01-01 22:00:00+00:00,11.25,48.059364,0.0,11.35,0.192
2023-01-01 23:00:00+00:00,10.5,44.810265,0.0,10.9,0.192
2023-01-02 00:00:00+00:00,8.85,38.898674,0.0,10.65,0.193
2023-01-02 01:00:00+00:00,8.7,40.64506,0.0,10.05,0.193
2023-01-02 02:00:00+00:00,9.0,38.943615,0.0,9.65,0.192
2023-01-02 03:00:00+00:00,8.9,37.192974,0.0,9.35,0.192
2023-01-02 04:00:00+00:00,8.95,37.489986,0.0,9.1,0.192
2023-01-02 05:00:00+00:00,9.25,38.581875,0.0,8.9,0.192
2023-01-02 06:00:00+00:00,10.7,40.785305,0.0,9.2,0.191
2023-01-02 07:00:00+00:00,13.0,43.298378,0.0,10.25,0.191
2023-01-02 08:00:00+00:00,15.05,40.44041,0.0,11.8,0.19
2023-01-02 09:00:00+00:00,16.3,34.744587,0.0,13.3,0.188
2023-01-02 10:00:00+00:00,17.05,32.068943,0.0,14.55,0.186
2023-01-02 11:00:00+00:00,17.5,32.31568,0.0,15.45,0.185
2023-01-02 12:00:00+00:00,18.05,33.658688,0.0,16.85,0.182
2023-01-02 13:00:00+00:00,17.6,43.092243,0.0,16.6,0.181
2023-01-02 14:00:00+00:00,16.15,48.744137,0.0,15.8,0.181
2023-01-02 15:00:00+00:00,15.3,46.185776,0.0,14.6,0.18
2023-01-02 16:00:00+00:00,15.8,43.487564,0.0,13.85,0.18
2023-01-02 17:00:00+00:00,15.85,42.892315,0.0,13.4,0.18
2023-01-02 18:00:00+00:00,15.95,44.14772,0.0,13.15,0.18
2023-01-02 19:00:00+00:00,15.3,46.67511,0.0,12.9,0.179
2023-01-02 20:00:00+00:00,14.7,46.670147,0.0,12.65,0.179
2023-01-02 21:00:00+00:00,14.3,45.902317,0.0,12.35,0.179
2023-01-02 22:00:00+00:00,13.5,49.73595,0.0,12.1,0.179
2023-01-02 23:00:00+00:00,12.45,54.216988,0.0,11.75,0.179
2023-01-03 00:00:00+00:00,9.05,41.20839,0.0,12.55,0.177
2023-01-03 01:00:00+00:00,8.6,33.992783,0.0,11.4,0.177
2023-01-03 02:00:00+00:00,8.7,30.787992,0.0,10.6,0.176
2023-01-03 03:00:00+00:00,8.85,28.64446,0.0,10.0,0.176
2023-01-03 04:00:00+00:00,9.1,31.146025,0.0,9.55,0.176
2023-01-03 05:00:00+00:00,9.65,38.846558,0.0,9.3,0.176
2023-01-03 06:00:00+00:00,11.65,47.143272,0.0,9.7,0.175
2023-01-03 07:00:00+00:00,14.5,44.67446,0.0,10.9,0.175
2023-01-03 08:00:00+00:00,16.2,41.21003,0.0,12.5,0.174
2023-01-03 09:00:00+00:00,17.05,32.771927,0.0,14.0,0.173
2023-01-03 10:00:00+00:00,17.5,28.149723,0.0,15.15,0.171
2023-01-03 11:00:00+00:00,17.7,27.292307,0.0,15.9,0.169
2023-01-03 12:00:00+00:00,18.65,32.185173,0.0,17.2,0.168
2023-01-03 13:00:00+00:00,18.0,38.36312,0.0,17.0,0.167
2023-01-03 14:00:00+00:00,16.75,44.999763,0.0,16.25,0.166
2023-01-03 15:00:00+00:00,16.05,46.23545,0.0,15.25,0.166
2023-01-03 16:00:00+00:00,16.1,45.130547,0.0,14.6,0.166
2023-01-03 17:00:00+00:00,16.1,43.267914,0.0,14.15,0.166
2023-01-03 18:00:00+00:00,15.9,40.832363,0.0,13.8,0.165
2023-01-03 19:00:00+00:00,15.0,42.647266,0.0,13.45,0.165
2023-01-03 20:00:00+00:00,13.85,51.074776,0.0,13.05,0.165
2023-01-03 21:00:00+00:00,13.4,53.89852,0.0,12.7,0.165
2023-01-03 22:00:00+00:00,13.3,52.19608,0.0,12.4,0.165
2023-01-03 23:00:00+00:00,11.95,49.305286,0.0,12.05,0.164
2023-01-04 00:00:00+00:00,9.45,37.923836,0.0,10.75,0.166
2023-01-04 01:00:00+00:00,7.55,33.0322,0.0,10.05,0.166
2023-01-04 02:00:00+00:00,7.2,34.758385,0.0,9.45,0.166
2023-01-04 03:00:00+00:00,7.45,32.620827,0.0,9.0,0.166
2023-01-04 04:00:00+00:00,8.15,28.105818,0.0,8.7,0.165
2023-01-04 05:00:00+00:00,9.25,25.786747,0.0,8.55,0.165
2023-01-04 06:00:00+00:00,11.05,32.82284,0.0,8.95,0.165
2023-01-04 07:00:00+00:00,13.6,37.75814,0.0,10.3,0.164
2023-01-04 08:00:00+00:00,16.15,42.676727,0.0,12.1,0.164
2023-01-04 09:00:00+00:00,18.0,33.764618,0.0,13.95,0.162
2023-01-04 10:00:00+00:00,18.35,29.546864,0.0,15.45,0.161
2023-01-04 11:00:00+00:00,18.35,28.5984,0.0,16.4,0.159
2023-01-04 12:00:00+00:00,18.05,37.707516,0.0,17.8,0.158
2023-01-04 13:00:00+00:00,17.4,42.735683,0.0,17.4,0.158
2023-01-04 14:00:00+00:00,16.4,55.43645,0.0,16.5,0.157
2023-01-04 15:00:00+00:00,15.15,63.624958,0.0,15.1,0.157
2023-01-04 16:00:00+00:00,13.35,70.04343,0.0,13.6,0.157
2023-01-04 17:00:00+00:00,16.25,55.02042,0.0,12.4,0.158
2023-01-04 18:00:00+00:00,15.95,56.275566,0.0,11.45,0.158
2023-01-04 19:00:00+00:00,15.3,61.954716,0.0,10.65,0.158
2023-01-04 20:00:00+00:00,11.35,73.84301,0.0,10.0,0.159
2023-01-04 21:00:00+00:00,9.75,65.53859,0.0,9.55,0.159
2023-01-04 22:00:00+00:00,9.15,56.301617,0.0,9.25,0.159
2023-01-04 23:00:00+00:00,8.8,56.007633,0.0,9.05,0.159
2023-01-05 00:00:00+00:00,8.05,61.088924,0.0,8.35,0.158
2023-01-05 01:00:00+00:00,7.8,61.91338,0.0,8.15,0.158
2023-01-05 02:00:00+00:00,8.85,57.659286,0.0,7.95,0.158
2023-01-05 03:00:00+00:00,9.85,44.785378,0.0,8.0,0.158
2023-01-05 04:00:00+00:00,8.85,48.431145,0.0,8.0,0.158
2023-01-05 05:00:00+00:00,7.65,54.299282,0.0,7.7,0.158
2023-01-05 06:00:00+00:00,9.85,48.36155,0.0,8.1,0.158
2023-01-05 07:00:00+00:00,13.1,43.640278,0.0,9.55,0.158
2023-01-05 08:00:00+00:00,14.1,36.685722,0.0,11.25,0.157
2023-01-05 09:00:00+00:00,14.85,36.50773,0.0,12.9,0.156
2023-01-05 10:00:00+00:00,15.85,36.801094,0.0,14.4,0.155
2023-01-05 11:00:00+00:00,16.55,38.212784,0.0,15.55,0.154
2023-01-05 12:00:00+00:00,17.75,34.545837,0.0,17.05,0.152
2023-01-05 13:00:00+00:00,17.65,35.01319,0.0,16.95,0.151
2023-01-05 14:00:00+00:00,15.85,56.057953,0.0,16.05,0.15
2023-01-05 15:00:00+00:00,14.7,51.664837,0.0,14.45,0.151
2023-01-05 16:00:00+00:00,13.15,52.155567,0.0,13.35,0.151
2023-01-05 17:00:00+00:00,12.45,56.355774,0.0,12.45,0.151
2023-01-05 18:00:00+00:00,12.05,60.76227,0.0,11.8,0.151
2023-01-05 19:00:00+00:00,10.1,69.88059,0.0,11.0,0.151
2023-01-05 20:00:00+00:00,9.25,69.954994,0.0,10.25,0.151
2023-01-05 21:00:00+00:00,8.75,69.60898,0.0,9.65,0.151
2023-01-05 22:00:00+00:00,9.2,61.367393,0.0,9.15,0.151
2023-01-05 23:00:00+00:00,8.95,60.87073,0.0,8.8,0.151
2023-01-06 00:00:00+00:00,9.1,56.69522,0.0,9.9,0.152
2023-01-06 01:00:00+00:00,9.0,56.873642,0.0,9.35,0.152
2023-01-06 02:00:00+00:00,8.0,60.203384,0.0,8.95,0.152
2023-01-06 03:00:00+00:00,7.6,59.24074,0.0,8.7,0.152
2023-01-06 04:00:00+00:00,8.2,56.256603,0.0,8.6,0.152
2023-01-06 05:00:00+00:00,8.4,54.898018,0.0,8.6,0.152
2023-01-06 06:00:00+00:00,9.2,54.517136,0.0,8.95,0.152
2023-01-06 07:00:00+00:00,11.0,53.63969,0.0,9.9,0.152
2023-01-06 08:00:00+00:00,13.1,53.630394,0.0,11.1,0.151
2023-01-06 09:00:00+00:00,15.45,56.534885,0.0,12.65,0.151
2023-01-06 10:00:00+00:00,16.9,61.49376,0.0,14.7,0.15
2023-01-06 11:00:00+00:00,17.2,60.74321,0.4,15.9,0.153
2023-01-06 12:00:00+00:00,17.7,59.451202,0.3,16.85,0.152
2023-01-06 13:00:00+00:00,17.45,60.802208,0.0,16.8,0.152
2023-01-06 14:00:00+00:00,16.6,66.568695,0.0,16.15,0.151
2023-01-06 15:00:00+00:00,15.65,70.25611,0.0,15.05,0.151
2023-01-06 16:00:00+00:00,14.3,75.36217,0.0,14.0,0.152
2023-01-06 17:00:00+00:00,15.5,63.06063,0.0,13.3,0.152
2023-01-06 18:00:00+00:00,15.05,74.488846,0.0,13.1,0.152
2023-01-06 19:00:00+00:00,14.15,80.26754,0.0,12.9,0.153
2023-01-06 20:00:00+00:00,13.75,83.478935,0.3,12.8,0.156
2023-01-06 21:00:00+00:00,12.7,91.79808,0.0,12.6,0.156
2023-01-06 22:00:00+00:00,11.95,90.53747,1.0,12.25,0.167
2023-01-06 23:00:00+00:00,10.95,92.616,0.5,11.85,0.173
2023-01-07 00:00:00+00:00,11.3,88.98657,0.5,13.7,0.376
2023-01-07 01:00:00+00:00,11.15,85.73801,0.0,12.7,0.369
2023-01-07 02:00:00+00:00,10.4,82.512,0.0,11.8,0.364
2023-01-07 03:00:00+00:00,10.55,76.80976,0.0,11.15,0.359
2023-01-07 04:00:00+00:00,10.5,73.184006,0.0,10.7,0.355
2023-01-07 05:00:00+00:00,9.85,60.2277,0.0,10.2,0.352
2023-01-07 06:00:00+00:00,11.0,54.799107,0.0,10.2,0.348
2023-01-07 07:00:00+00:00,12.7,52.588238,0.0,11.0,0.344
2023-01-07 08:00:00+00:00,14.05,49.363895,0.0,12.2,0.339
2023-01-07 09:00:00+00:00,15.15,44.074417,0.0,13.45,0.335
2023-01-07 10:00:00+00:00,15.8,41.38681,0.0,14.45,0.33
2023-01-07 11:00:00+00:00,16.0,42.784267,0.0,15.15,0.325
2023-01-07 12:00:00+00:00,17.5,38.48912,0.0,15.85,0.322
2023-01-07 13:00:00+00:00,16.9,41.998672,0.0,15.7,0.319
2023-01-07 14:00:00+00:00,15.4,55.17892,0.0,15.0,0.316
2023-01-07 15:00:00+00:00,12.7,66.41261,0.0,13.6,0.315
2023-01-07 16:00:00+00:00,12.8,63.08895,0.0,12.45,0.314
2023-01-07 17:00:00+00:00,12.4,64.318794,0.0,11.5,0.313
2023-01-07 18:00:00+00:00,11.1,60.74578,0.0,11.1,0.312
2023-01-07 19:00:00+00:00,11.05,49.76488,0.0,10.75,0.31
2023-01-07 20:00:00+00:00,10.7,48.077297,0.0,10.5,0.309
2023-01-07 21:00:00+00:00,10.35,48.15248,0.0,10.2,0.308
2023-01-07 22:00:00+00:00,9.7,48.850178,0.0,9.85,0.306
2023-01-07 23:00:00+00:00,8.9,51.739296,0.0,9.5,0.305
2023-01-08 00:00:00+00:00,8.45,38.197258,0.0,9.55,0.305
2023-01-08 01:00:00+00:00,7.95,39.51558,0.0,9.0,0.304
2023-01-08 02:00:00+00:00,7.6,40.929863,0.0,8.6,0.302
2023-01-08 03:00:00+00:00,7.3,41.46241,0.0,8.25,0.301
2023-01-08 04:00:00+00:00,7.1,42.033566,0.0,7.95,0.3
2023-01-08 05:00:00+00:00,6.95,42.467697,0.0,7.7,0.299
2023-01-08 06:00:00+00:00,8.1,42.49031,0.0,7.9,0.298
2023-01-08 07:00:00+00:00,10.1,46.191196,0.0,8.9,0.296
2023-01-08 08:00:00+00:00,12.45,45.701134,0.0,10.35,0.294
2023-01-08 09:00:00+00:00,13.85,50.539097,0.0,11.85,0.291
2023-01-08 10:00:00+00:00,14.55,52.53205,0.0,13.2,0.289
2023-01-08 11:00:00+00:00,15.0,50.323963,0.0,14.15,0.286
2023-01-08 12:00:00+00:00,15.8,42.72671,0.0,15.05,0.285
2023-01-08 13:00:00+00:00,15.3,48.67861,0.0,14.9,0.283
2023-01-08 14:00:00+00:00,14.15,61.897392,0.0,14.15,0.282
2023-01-08 15:00:00+00:00,13.05,67.63578,0.0,13.0,0.282
2023-01-08 16:00:00+00:00,12.8,68.04813,0.0,12.15,0.281
2023-01-08 17:00:00+00:00,12.75,67.80504,0.0,11.65,0.281
2023-01-08 18:00:00+00:00,12.9,67.37326,0.0,11.35,0.28
2023-01-08 19:00:00+00:00,12.7,67.79462,0.0,11.1,0.28
2023-01-08 20:00:00+00:00,11.7,72.650696,0.0,10.8,0.279
2023-01-08 21:00:00+00:00,10.35,74.43213,0.0,10.45,0.279
2023-01-08 22:00:00+00:00,9.8,69.57695,0.0,10.1,0.278
2023-01-08 23:00:00+00:00,9.5,64.56473,0.0,9.75,0.278
2023-01-09 00:00:00+00:00,9.0,47.94345,0.0,10.1,0.277
2023-01-09 01:00:00+00:00,7.75,46.536663,0.0,9.45,0.276
2023-01-09 02:00:00+00:00,8.05,43.602543,0.0,9.0,0.275
2023-01-09 03:00:00+00:00,8.5,42.60894,0.0,8.7,0.275
2023-01-09 04:00:00+00:00,8.4,40.86116,0.0,8.55,0.274
2023-01-09 05:00:00+00:00,8.05,40.147038,0.0,8.35,0.273
2023-01-09 06:00:00+00:00,8.65,41.864853,0.0,8.45,0.272
2023-01-09 07:00:00+00:00,10.4,43.64717,0.0,9.25,0.27
2023-01-09 08:00:00+00:00,12.4,45.033756,0.0,10.5,0.269
2023-01-09 09:00:00+00:00,13.55,47.51203,0.0,11.85,0.266
2023-01-09 10:00:00+00:00,14.15,45.859653,0.0,13.0,0.264
2023-01-09 11:00:00+00:00,14.45,45.13817,0.0,13.85,0.262
2023-01-09 12:00:00+00:00,15.5,42.18924,0.0,14.65,0.258
2023-01-09 13:00:00+00:00,14.9,44.472935,0.0,14.5,0.256
2023-01-09 14:00:00+00:00,14.2,49.231937,0.0,13.8,0.255
2023-01-09 15:00:00+00:00,13.55,52.080296,0.0,12.85,0.254
2023-01-09 16:00:00+00:00,13.15,61.449524,0.0,12.1,0.254
2023-01-09 17:00:00+00:00,12.8,61.366455,0.0,11.6,0.253
2023-01-09 18:00:00+00:00,12.4,64.096756,0.0,11.2,0.253
2023-01-09 19:00:00+00:00,11.95,67.63776,0.0,10.85,0.253
2023-01-09 20:00:00+00:00,11.7,67.819176,0.0,10.5,0.253
2023-01-09 21:00:00+00:00,11.05,67.21416,0.0,10.1,0.252
2023-01-09 22:00:00+00:00,10.45,68.744156,0.0,9.8,0.252
2023-01-09 23:00:00+00:00,10.3,69.67761,0.0,9.55,0.252
2023-01-10 00:00:00+00:00,9.25,67.06438,0.0,9.6,0.252
2023-01-10 01:00:00+00:00,7.5,53.273827,0.0,9.1,0.252
2023-01-10 02:00:00+00:00,6.85,45.757416,0.0,8.5,0.251
2023-01-10 03:00:00+00:00,6.75,44.20653,0.0,7.95,0.251
2023-01-10 04:00:00+00:00,6.7,43.694588,0.0,7.6,0.25
2023-01-10 05:00:00+00:00,6.15,44.700066,0.0,7.25,0.25
2023-01-10 06:00:00+00:00,6.95,45.786686,0.0,7.4,0.249
2023-01-10 07:00:00+00:00,9.3,49.6347,0.0,8.4,0.249
2023-01-10 08:00:00+00:00,12.05,47.768642,0.0,10.0,0.247
2023-01-10 09:00:00+00:00,13.75,48.93398,0.0,11.65,0.245
2023-01-10 10:00:00+00:00,14.65,42.093105,0.0,13.15,0.243
2023-01-10 11:00:00+00:00,15.0,39.424706,0.0,14.25,0.241
2023-01-10 12:00:00+00:00,15.4,45.568787,0.0,15.1,0.24
2023-01-10 13:00:00+00:00,15.25,44.57301,0.0,14.95,0.239
2023-01-10 14:00:00+00:00,14.05,56.372955,0.0,14.15,0.238
2023-01-10 15:00:00+00:00,12.45,60.016888,0.0,12.65,0.238
2023-01-10 16:00:00+00:00,11.4,64.991776,0.0,11.35,0.238
2023-01-10 17:00:00+00:00,10.2,67.26768,0.0,10.4,0.238
2023-01-10 18:00:00+00:00,9.8,62.168957,0.0,9.7,0.238
2023-01-10 19:00:00+00:00,9.75,59.35237,0.0,9.2,0.238
2023-01-10 20:00:00+00:00,9.9,56.69911,0.0,8.95,0.237
2023-01-10 21:00:00+00:00,9.9,55.69339,0.0,8.85,0.237
2023-01-10 22:00:00+00:00,9.7,58.91845,0.0,8.8,0.237
2023-01-10 23:00:00+00:00,9.5,61.004265,0.0,8.7,0.237
2023-01-11 00:00:00+00:00,8.45,54.712387,0.0,8.5,0.236
2023-01-11 01:00:00+00:00,8.35,54.88468,0.0,8.2,0.236
2023-01-11 02:00:00+00:00,7.15,46.70976,0.0,7.9,0.236
2023-01-11 03:00:00+00:00,6.9,44.584976,0.0,7.6,0.235
2023-01-11 04:00:00+00:00,6.7,44.862415,0.0,7.3,0.235
2023-01-11 05:00:00+00:00,6.75,44.877144,0.0,7.1,0.235
2023-01-11 06:00:00+00:00,8.45,45.882812,0.0,7.45,0.234
2023-01-11 07:00:00+00:00,10.45,48.355904,0.0,8.5,0.233
2023-01-11 08:00:00+00:00,12.55,47.22944,0.0,10.0,0.232
2023-01-11 09:00:00+00:00,13.9,51.448254,0.0,11.6,0.23
2023-01-11 10:00:00+00:00,14.65,50.757748,0.0,12.85,0.228
2023-01-11 11:00:00+00:00,14.9,49.080696,0.0,13.7,0.226
2023-01-11 12:00:00+00:00,15.0,51.925953,0.0,14.8,0.225
2023-01-11 13:00:00+00:00,14.95,52.456516,0.0,14.6,0.224
2023-01-11 14:00:00+00:00,14.4,55.301712,0.0,14.05,0.223
2023-01-11 15:00:00+00:00,13.35,60.443935,0.0,13.1,0.223
2023-01-11 16:00:00+00:00,13.15,62.735527,0.0,12.35,0.222
2023-01-11 17:00:00+00:00,13.3,62.554398,0.0,11.9,0.222
2023-01-11 18:00:00+00:00,13.4,62.793343,0.0,11.7,0.222
2023-01-11 19:00:00+00:00,13.25,62.54278,0.0,11.55,0.222
2023-01-11 20:00:00+00:00,13.05,60.162647,0.0,11.35,0.221
2023-01-11 21:00:00+00:00,13.15,56.73304,0.0,11.25,0.221
2023-01-11 22:00:00+00:00,13.15,54.78429,0.0,11.25,0.221
2023-01-11 23:00:00+00:00,12.85,53.188034,0.0,11.25,0.22
2023-01-12 00:00:00+00:00,11.5,50.06938,0.0,12.9,0.22
2023-01-12 01:00:00+00:00,10.55,51.077847,0.0,11.95,0.219
2023-01-12 02:00:00+00:00,10.15,44.708492,0.0,11.15,0.219
2023-01-12 03:00:00+00:00,10.65,47.19942,0.0,10.7,0.218
2023-01-12 04:00:00+00:00,9.95,46.99909,0.0,10.35,0.218
2023-01-12 05:00:00+00:00,10.25,50.62799,0.0,10.1,0.217
2023-01-12 06:00:00+00:00,11.35,53.352146,0.0,10.3,0.216
2023-01-12 07:00:00+00:00,12.35,52.12325,0.0,10.95,0.216
2023-01-12 08:00:00+00:00,12.95,48.884304,0.0,11.7,0.214
2023-01-12 09:00:00+00:00,13.25,47.42743,0.0,12.4,0.213
2023-01-12 10:00:00+00:00,13.55,46.179684,0.0,13.0,0.212
2023-01-12 11:00:00+00:00,14.05,42.524185,0.0,13.5,0.21
2023-01-12 12:00:00+00:00,14.4,35.201996,0.0,14.05,0.208
2023-01-12 13:00:00+00:00,14.0,39.9891,0.0,13.85,0.207
2023-01-12 14:00:00+00:00,13.75,42.58968,0.0,13.4,0.206
2023-01-12 15:00:00+00:00,13.25,43.99851,0.0,12.85,0.205
2023-01-12 16:00:00+00:00,13.05,44.257637,0.0,12.45,0.204
2023-01-12 17:00:00+00:00,12.75,45.95152,0.0,12.15,0.203
2023-01-12 18:00:00+00:00,12.5,46.710564,0.0,11.85,0.203
2023-01-12 19:00:00+00:00,11.75,47.855488,0.0,11.55,0.202
2023-01-12 20:00:00+00:00,9.9,47.849895,0.0,10.95,0.202
2023-01-12 21:00:00+00:00,8.8,43.016758,0.0,10.2,0.202
2023-01-12 22:00:00+00:00,8.75,43.1623,0.0,9.65,0.201
2023-01-12 23:00:00+00:00,8.75,45.463024,0.0,9.3,0.201
2023-01-13 00:00:00+00:00,10.55,58.92161,0.0,10.55,0.2
2023-01-13 01:00:00+00:00,9.55,60.799778,0.0,10.2,0.199
2023-01-13 02:00:00+00:00,8.15,54.831337,0.0,9.7,0.199
2023-01-13 03:00:00+00:00,7.85,51.82771,0.0,9.2,0.199
2023-01-13 04:00:00+00:00,8.15,52.291924,0.0,8.8,0.199
2023-01-13 05:00:00+00:00,8.05,53.034653,0.0,8.55,0.198
2023-01-13 06:00:00+00:00,8.85,53.446,0.0,8.7,0.198
2023-01-13 07:00:00+00:00,10.85,53.983704,0.0,9.6,0.198
2023-01-13 08:00:00+00:00,12.45,50.511646,0.0,10.85,0.197
2023-01-13 09:00:00+00:00,13.05,49.435745,0.0,12.0,0.195
2023-01-13 10:00:00+00:00,12.95,51.55262,0.0,12.5,0.194
2023-01-13 11:00:00+00:00,13.0,53.041153,0.0,12.75,0.193
2023-01-13 12:00:00+00:00,15.25,35.70973,0.0,13.8,0.188
2023-01-13 13:00:00+00:00,14.45,44.818985,0.0,13.9,0.187
2023-01-13 14:00:00+00:00,13.55,53.7498,0.0,13.5,0.186
2023-01-13 15:00:00+00:00,12.85,58.46438,0.0,13.0,0.186
2023-01-13 16:00:00+00:00,12.75,60.089855,0.0,12.6,0.186
2023-01-13 17:00:00+00:00,12.3,63.631886,0.0,12.25,0.185
2023-01-13 18:00:00+00:00,12.4,63.215347,0.0,12.1,0.185
2023-01-13 19:00:00+00:00,12.15,65.38418,0.1,11.95,0.185
2023-01-13 20:00:00+00:00,12.05,65.58864,0.1,11.8,0.186
2023-01-13 21:00:00+00:00,11.8,65.989334,0.0,11.65,0.186
2023-01-13 22:00:00+00:00,11.35,67.04497,0.0,11.45,0.185
2023-01-13 23:00:00+00:00,10.65,63.69804,0.0,11.15,0.185
2023-01-14 00:00:00+00:00,10.05,47.372025,0.0,12.35,0.178
2023-01-14 01:00:00+00:00,9.55,52.485016,0.0,11.4,0.178
2023-01-14 02:00:00+00:00,9.35,56.353737,0.0,10.75,0.178
2023-01-14 03:00:00+00:00,9.3,57.361492,0.0,10.35,0.178
2023-01-14 04:00:00+00:00,9.15,56.91246,0.0,10.05,0.177
2023-01-14 05:00:00+00:00,8.85,58.494377,0.0,9.75,0.177
2023-01-14 06:00:00+00:00,9.75,58.096115,0.0,9.85,0.177
2023-01-14 07:00:00+00:00,11.35,60.16922,0.0,10.5,0.177
2023-01-14 08:00:00+00:00,11.6,66.404594,0.1,11.05,0.177
2023-01-14 09:00:00+00:00,11.3,73.32897,0.2,11.25,0.179
2023-01-14 10:00:00+00:00,11.65,73.64375,0.5,11.5,0.184
2023-01-14 11:00:00+00:00,11.9,72.43912,0.5,11.6,0.19
2023-01-14 12:00:00+00:00,13.3,61.697617,0.1,12.4,0.183
2023-01-14 13:00:00+00:00,13.25,62.758663,0.0,12.85,0.182
2023-01-14 14:00:00+00:00,12.9,68.302086,0.1,12.75,0.183
2023-01-14 15:00:00+00:00,12.55,73.80375,0.7,12.3,0.19
2023-01-14 16:00:00+00:00,12.25,75.01627,0.3,11.85,0.194
2023-01-14 17:00:00+00:00,12.05,75.23789,0.1,11.5,0.195
2023-01-14 18:00:00+00:00,11.85,75.97668,0.0,11.25,0.195
2023-01-14 19:00:00+00:00,11.85,74.18456,0.0,11.15,0.195
2023-01-14 20:00:00+00:00,11.15,74.06139,0.0,11.0,0.195
2023-01-14 21:00:00+00:00,10.55,72.43798,0.0,10.75,0.194
2023-01-14 22:00:00+00:00,10.6,69.01457,0.0,10.6,0.194
2023-01-14 23:00:00+00:00,10.5,67.33152,0.0,10.45,0.194
2023-01-15 00:00:00+00:00,9.5,56.392784,0.0,11.0,0.197
2023-01-15 01:00:00+00:00,9.45,58.01994,0.0,10.35,0.197
2023-01-15 02:00:00+00:00,9.3,60.738956,0.0,9.95,0.197
2023-01-15 03:00:00+00:00,9.2,62.914803,0.0,9.6,0.197
2023-01-15 04:00:00+00:00,9.4,64.314156,0.0,9.4,0.197
2023-01-15 05:00:00+00:00,9.85,65.79176,0.0,9.4,0.196
2023-01-15 06:00:00+00:00,10.85,66.70535,0.0,9.75,0.196
2023-01-15 07:00:00+00:00,12.65,66.173904,0.0,10.65,0.196
2023-01-15 08:00:00+00:00,13.7,64.16912,0.0,11.6,0.195
2023-01-15 09:00:00+00:00,14.5,62.404163,0.0,12.55,0.194
2023-01-15 10:00:00+00:00,14.65,60.963787,0.0,13.1,0.193
2023-01-15 11:00:00+00:00,14.5,62.19138,0.1,13.45,0.193
2023-01-15 12:00:00+00:00,15.6,56.37941,0.4,13.9,0.197
2023-01-15 13:00:00+00:00,14.95,61.662598,0.1,13.85,0.197
2023-01-15 14:00:00+00:00,14.5,63.477726,0.0,13.6,0.197
2023-01-15 15:00:00+00:00,13.9,67.582726,0.1,13.25,0.197
2023-01-15 16:00:00+00:00,13.1,75.669655,0.6,12.85,0.204
2023-01-15 17:00:00+00:00,12.2,87.87951,1.3,12.35,0.219
2023-01-15 18:00:00+00:00,11.8,89.924416,1.5,12.0,0.24
2023-01-15 19:00:00+00:00,11.65,89.31362,1.1,11.7,0.254
2023-01-15 20:00:00+00:00,11.35,88.99066,0.5,11.4,0.261
2023-01-15 21:00:00+00:00,11.1,88.67146,0.9,11.15,0.273
2023-01-15 22:00:00+00:00,10.75,88.64194,0.9,10.9,0.285
2023-01-15 23:00:00+00:00,10.7,87.744446,1.1,10.75,0.299
2023-01-16 00:00:00+00:00,9.2,79.018074,1.0,11.05,0.334
2023-01-16 01:00:00+00:00,9.55,76.91373,0.0,10.35,0.332
2023-01-16 02:00:00+00:00,9.65,78.81253,0.2,10.05,0.332
2023-01-16 03:00:00+00:00,9.75,78.55622,0.0,9.9,0.33
2023-01-16 04:00:00+00:00,10.05,76.201324,0.1,9.9,0.33
2023-01-16 05:00:00+00:00,10.15,81.918434,0.5,9.9,0.333
2023-01-16 06:00:00+00:00,10.45,85.37439,0.7,9.95,0.339
2023-01-16 07:00:00+00:00,10.55,88.32606,2.1,10.1,0.364
2023-01-16 08:00:00+00:00,10.9,88.65461,1.8,10.35,0.383
2023-01-16 09:00:00+00:00,10.8,90.151726,1.7,10.65,0.395
2023-01-16 10:00:00+00:00,10.5,89.22159,0.7,10.8,0.391
2023-01-16 11:00:00+00:00,10.8,85.411766,0.5,10.85,0.386
2023-01-16 12:00:00+00:00,11.65,84.64302,0.7,11.25,0.396
2023-01-16 13:00:00+00:00,11.5,87.522385,0.8,11.25,0.395
2023-01-16 14:00:00+00:00,11.05,87.186485,0.9,11.05,0.396
2023-01-16 15:00:00+00:00,11.0,85.144646,0.7,10.8,0.394
2023-01-16 16:00:00+00:00,10.85,87.167564,0.5,10.6,0.391
2023-01-16 17:00:00+00:00,10.95,87.47163,1.2,10.5,0.398
2023-01-16 18:00:00+00:00,11.05,87.776146,1.2,10.5,0.402
2023-01-16 19:00:00+00:00,11.1,87.78066,1.6,10.55,0.41
2023-01-16 20:00:00+00:00,11.0,88.96195,1.6,10.55,0.413
2023-01-16 21:00:00+00:00,10.8,89.245705,1.4,10.5,0.413
2023-01-16 22:00:00+00:00,11.0,88.06789,0.7,10.45,0.406
2023-01-16 23:00:00+00:00,10.75,89.54291,0.4,10.45,0.4
2023-01-17 00:00:00+00:00,10.75,84.25599,0.1,11.25,0.406
2023-01-17 01:00:00+00:00,10.2,84.19294,0.0,10.55,0.396
2023-01-17 02:00:00+00:00,10.5,79.481606,0.0,10.35,0.389
2023-01-17 03:00:00+00:00,10.85,76.595,0.0,10.25,0.384
2023-01-17 04:00:00+00:00,10.75,79.78986,1.3,10.2,0.394
2023-01-17 05:00:00+00:00,10.25,87.110565,2.7,10.05,0.416
2023-01-17 06:00:00+00:00,11.05,88.36933,1.0,10.25,0.413
2023-01-17 07:00:00+00:00,11.95,89.33744,0.8,10.65,0.409
2023-01-17 08:00:00+00:00,12.95,90.30868,0.1,11.45,0.401
2023-01-17 09:00:00+00:00,13.95,86.02569,0.3,12.45,0.397
2023-01-17 10:00:00+00:00,13.5,86.551476,0.9,12.75,0.402
2023-01-17 11:00:00+00:00,13.35,88.5654,1.2,12.85,0.408
2023-01-17 12:00:00+00:00,15.85,64.86589,1.0,14.5,0.385
2023-01-17 13:00:00+00:00,16.1,67.13356,0.0,14.65,0.38
2023-01-17 14:00:00+00:00,15.55,75.569786,0.0,14.4,0.376
2023-01-17 15:00:00+00:00,14.9,78.79112,0.0,13.75,0.373
2023-01-17 16:00:00+00:00,14.0,80.51423,0.0,12.95,0.371
2023-01-17 17:00:00+00:00,13.2,85.664406,0.1,12.55,0.37
2023-01-17 18:00:00+00:00,14.35,79.23543,0.0,12.35,0.368
2023-01-17 19:00:00+00:00,14.55,76.92767,0.0,12.25,0.367
2023-01-17 20:00:00+00:00,14.2,80.27444,0.1,12.3,0.367
2023-01-17 21:00:00+00:00,14.45,81.11136,0.1,12.4,0.366
2023-01-17 22:00:00+00:00,14.5,82.19856,0.0,12.4,0.365
2023-01-17 23:00:00+00:00,14.45,81.3804,0.0,12.3,0.364
2023-01-18 00:00:00+00:00,12.2,87.586555,0.0,12.5,0.363
2023-01-18 01:00:00+00:00,12.15,88.75937,0.0,12.05,0.362
2023-01-18 02:00:00+00:00,11.65,87.24299,0.0,11.7,0.361
2023-01-18 03:00:00+00:00,11.15,83.45004,0.0,11.4,0.36
2023-01-18 04:00:00+00:00,10.45,80.84546,0.0,11.0,0.359
2023-01-18 05:00:00+00:00,9.6,79.89938,0.0,10.55,0.358
2023-01-18 06:00:00+00:00,10.0,78.86478,0.0,10.55,0.357
2023-01-18 07:00:00+00:00,11.55,80.720764,0.0,11.3,0.355
2023-01-18 08:00:00+00:00,13.7,73.75737,0.0,12.45,0.353
2023-01-18 09:00:00+00:00,15.0,73.49345,0.0,13.8,0.351
2023-01-18 10:00:00+00:00,15.45,75.05383,0.1,15.0,0.35
2023-01-18 11:00:00+00:00,15.6,76.07995,0.1,15.55,0.348
2023-01-18 12:00:00+00:00,16.85,71.89831,0.5,16.35,0.364
2023-01-18 13:00:00+00:00,16.95,69.580055,0.1,16.4,0.362
2023-01-18 14:00:00+00:00,16.4,73.98345,0.0,15.9,0.36
2023-01-18 15:00:00+00:00,14.15,75.3371,0.0,14.65,0.359
2023-01-18 16:00:00+00:00,14.4,69.7768,0.0,13.6,0.358
2023-01-18 17:00:00+00:00,13.05,74.898544,0.0,12.8,0.357
2023-01-18 18:00:00+00:00,13.15,75.67797,0.0,12.35,0.356
2023-01-18 19:00:00+00:00,11.75,84.93944,0.0,12.05,0.355
2023-01-18 20:00:00+00:00,12.1,83.562935,0.0,11.95,0.354
2023-01-18 21:00:00+00:00,12.2,81.905655,0.0,11.95,0.353
2023-01-18 22:00:00+00:00,11.35,83.19209,0.0,11.5,0.353
2023-01-18 23:00:00+00:00,11.1,83.44406,0.0,11.25,0.352
2023-01-19 00:00:00+00:00,11.1,83.161804,0.0,13.6,0.347
2023-01-19 01:00:00+00:00,11.35,82.07325,0.0,12.75,0.347
2023-01-19 02:00:00+00:00,10.6,81.69776,0.0,12.0,0.346
2023-01-19 03:00:00+00:00,10.15,81.63867,0.0,11.55,0.345
2023-01-19 04:00:00+00:00,10.1,80.79759,0.0,11.2,0.345
2023-01-19 05:00:00+00:00,10.05,78.60146,0.0,10.9,0.344
2023-01-19 06:00:00+00:00,10.9,74.78475,0.0,11.0,0.343
2023-01-19 07:00:00+00:00,12.7,72.586555,0.0,11.9,0.342
2023-01-19 08:00:00+00:00,14.75,70.79103,0.0,13.2,0.34
2023-01-19 09:00:00+00:00,16.0,74.15893,0.0,14.55,0.338
2023-01-19 10:00:00+00:00,16.6,75.74227,0.0,15.7,0.336
2023-01-19 11:00:00+00:00,16.95,72.870605,0.0,16.45,0.333
2023-01-19 12:00:00+00:00,17.75,64.206024,0.0,17.35,0.331
2023-01-19 13:00:00+00:00,17.45,66.30656,0.0,17.3,0.33
2023-01-19 14:00:00+00:00,16.6,76.74332,0.0,16.7,0.329
2023-01-19 15:00:00+00:00,16.3,73.236626,0.0,15.3,0.329
2023-01-19 16:00:00+00:00,15.95,74.1503,0.0,14.0,0.329
2023-01-19 17:00:00+00:00,12.45,86.73716,0.0,13.05,0.329
2023-01-19 18:00:00+00:00,12.75,82.80425,0.0,12.45,0.328
2023-01-19 19:00:00+00:00,11.8,82.686966,0.0,12.0,0.328
2023-01-19 20:00:00+00:00,11.35,82.351715,0.0,11.7,0.328
2023-01-19 21:00:00+00:00,11.3,79.326775,0.0,11.4,0.328
2023-01-19 22:00:00+00:00,11.15,77.433586,0.0,11.1,0.328
2023-01-19 23:00:00+00:00,11.05,75.58453,0.0,10.95,0.328
2023-01-20 00:00:00+00:00,10.8,66.00041,0.0,11.65,0.327
2023-01-20 01:00:00+00:00,11.05,66.28544,0.0,11.25,0.327
2023-01-20 02:00:00+00:00,11.25,65.412346,0.0,10.95,0.326
2023-01-20 03:00:00+00:00,10.85,62.85639,0.0,10.7,0.326
2023-01-20 04:00:00+00:00,10.05,61.571533,0.0,10.4,0.326
2023-01-20 05:00:00+00:00,9.8,61.94916,0.0,10.15,0.325
2023-01-20 06:00:00+00:00,11.5,62.35091,0.0,10.4,0.324
2023-01-20 07:00:00+00:00,13.85,63.329712,0.0,11.45,0.323
2023-01-20 08:00:00+00:00,15.45,59.307873,0.0,12.8,0.321
2023-01-20 09:00:00+00:00,16.65,52.367313,0.0,14.05,0.319
2023-01-20 10:00:00+00:00,17.15,52.142475,0.0,15.1,0.316
2023-01-20 11:00:00+00:00,17.5,53.132698,0.0,15.85,0.313
2023-01-20 12:00:00+00:00,17.75,50.72168,0.0,16.8,0.311
2023-01-20 13:00:00+00:00,17.6,53.52154,0.0,16.6,0.309
2023-01-20 14:00:00+00:00,16.7,62.070076,0.0,16.0,0.308
2023-01-20 15:00:00+00:00,13.5,79.64329,0.0,14.8,0.308
2023-01-20 16:00:00+00:00,13.1,78.524734,0.0,13.5,0.308
2023-01-20 17:00:00+00:00,12.6,79.247284,0.0,12.55,0.308
2023-01-20 18:00:00+00:00,12.5,77.64412,0.0,11.85,0.308
2023-01-20 19:00:00+00:00,14.2,69.26753,0.0,11.6,0.308
2023-01-20 20:00:00+00:00,13.7,70.350105,0.0,11.65,0.308
2023-01-20 21:00:00+00:00,11.7,70.440125,0.0,11.5,0.308
2023-01-20 22:00:00+00:00,10.65,64.371544,0.0,11.1,0.308
2023-01-20 23:00:00+00:00,10.7,63.933273,0.0,10.8,0.307
2023-01-21 00:00:00+00:00,9.35,61.40351,0.0,11.2,0.305
2023-01-21 01:00:00+00:00,9.55,60.583866,0.0,10.75,0.305
2023-01-21 02:00:00+00:00,9.55,61.01638,0.0,10.4,0.305
2023-01-21 03:00:00+00:00,9.8,58.73382,0.0,10.2,0.304
2023-01-21 04:00:00+00:00,9.65,58.696136,0.0,10.0,0.304
2023-01-21 05:00:00+00:00,9.7,59.977158,0.0,9.85,0.304
2023-01-21 06:00:00+00:00,10.9,60.05925,0.0,10.1,0.303
2023-01-21 07:00:00+00:00,12.8,63.52619,0.0,11.15,0.302
2023-01-21 08:00:00+00:00,14.9,60.607796,0.0,12.55,0.301
2023-01-21 09:00:00+00:00,16.1,57.674072,0.0,13.85,0.299
2023-01-21 10:00:00+00:00,16.75,56.8632,0.0,14.95,0.296
2023-01-21 11:00:00+00:00,17.1,56.758575,0.0,15.65,0.294
2023-01-21 12:00:00+00:00,18.15,46.50268,0.0,16.8,0.29
2023-01-21 13:00:00+00:00,18.05,48.59608,0.0,16.65,0.288
2023-01-21 14:00:00+00:00,17.1,56.18454,0.0,16.05,0.287
2023-01-21 15:00:00+00:00,15.4,58.89228,0.0,14.95,0.287
2023-01-21 16:00:00+00:00,15.15,57.63402,0.0,13.95,0.287
2023-01-21 17:00:00+00:00,15.45,62.411568,0.0,13.45,0.286
2023-01-21 18:00:00+00:00,15.75,63.331135,0.0,13.25,0.286
2023-01-21 19:00:00+00:00,15.5,64.78887,0.0,13.2,0.286
2023-01-21 20:00:00+00:00,13.15,69.056625,0.0,12.85,0.286
2023-01-21 21:00:00+00:00,12.0,61.60382,0.0,12.25,0.286
2023-01-21 22:00:00+00:00,11.55,62.145176,0.0,11.8,0.286
2023-01-21 23:00:00+00:00,10.95,62.440243,0.0,11.4,0.286
2023-01-22 00:00:00+00:00,10.15,53.411297,0.0,11.2,0.284
2023-01-22 01:00:00+00:00,10.5,51.991127,0.0,10.8,0.283
2023-01-22 02:00:00+00:00,10.2,51.722244,0.0,10.5,0.283
2023-01-22 03:00:00+00:00,9.85,51.439682,0.0,10.2,0.283
2023-01-22 04:00:00+00:00,9.65,53.08439,0.0,9.95,0.283
2023-01-22 05:00:00+00:00,9.7,55.840923,0.0,9.75,0.282
2023-01-22 06:00:00+00:00,11.3,59.10831,0.0,10.1,0.282
2023-01-22 07:00:00+00:00,13.55,64.13539,0.0,11.2,0.281
2023-01-22 08:00:00+00:00,15.25,60.484833,0.0,12.65,0.28
2023-01-22 09:00:00+00:00,16.4,55.62597,0.0,14.0,0.278
2023-01-22 10:00:00+00:00,17.05,54.480103,0.0,15.15,0.276
2023-01-22 11:00:00+00:00,17.35,54.00443,0.0,15.95,0.273
2023-01-22 12:00:00+00:00,18.65,48.594574,0.0,17.1,0.27
2023-01-22 13:00:00+00:00,18.4,53.188553,0.0,17.0,0.269
2023-01-22 14:00:00+00:00,17.55,65.453735,0.0,16.5,0.268
2023-01-22 15:00:00+00:00,14.05,76.84853,0.0,15.15,0.268
2023-01-22 16:00:00+00:00,14.0,72.579025,0.0,13.85,0.269
2023-01-22 17:00:00+00:00,12.8,75.364365,0.0,12.9,0.269
2023-01-22 18:00:00+00:00,13.4,70.53066,0.0,12.05,0.269
2023-01-22 19:00:00+00:00,12.55,79.50747,0.0,11.45,0.269
2023-01-22 20:00:00+00:00,14.05,77.62282,0.0,11.3,0.27
2023-01-22 21:00:00+00:00,13.7,77.82894,0.0,11.2,0.27
2023-01-22 22:00:00+00:00,12.9,79.55766,0.0,11.2,0.27
2023-01-22 23:00:00+00:00,12.45,78.427376,0.0,11.15,0.271
2023-01-23 00:00:00+00:00,12.85,76.39863,0.0,12.4,0.267
2023-01-23 01:00:00+00:00,11.65,74.65822,0.0,12.0,0.267
2023-01-23 02:00:00+00:00,11.0,73.27474,0.0,11.6,0.267
2023-01-23 03:00:00+00:00,10.15,72.11273,0.0,11.2,0.267
2023-01-23 04:00:00+00:00,9.9,67.43968,0.0,10.8,0.267
2023-01-23 05:00:00+00:00,9.55,61.233654,0.0,10.4,0.267
2023-01-23 06:00:00+00:00,10.7,57.310997,0.0,10.55,0.266
2023-01-23 07:00:00+00:00,13.15,59.357914,0.0,11.55,0.266
2023-01-23 08:00:00+00:00,15.35,60.71509,0.0,13.05,0.264
2023-01-23 09:00:00+00:00,16.9,57.09411,0.0,14.5,0.263
2023-01-23 10:00:00+00:00,17.7,52.824963,0.0,15.75,0.26
2023-01-23 11:00:00+00:00,18.0,49.420826,0.0,16.65,0.258
2023-01-23 12:00:00+00:00,18.7,47.29884,0.0,17.35,0.257
2023-01-23 13:00:00+00:00,18.3,53.704224,0.0,17.3,0.255
2023-01-23 14:00:00+00:00,17.5,65.87876,0.0,16.8,0.255
2023-01-23 15:00:00+00:00,16.9,60.468403,0.0,15.4,0.255
2023-01-23 16:00:00+00:00,15.8,64.854904,0.0,14.0,0.256
2023-01-23 17:00:00+00:00,13.55,72.98812,0.0,12.9,0.256
2023-01-23 18:00:00+00:00,12.55,71.08978,0.0,12.1,0.256
2023-01-23 19:00:00+00:00,11.25,75.10195,0.0,11.6,0.256
2023-01-23 20:00:00+00:00,10.7,76.046585,0.0,11.25,0.256
2023-01-23 21:00:00+00:00,11.7,76.732254,0.0,10.9,0.257
2023-01-23 22:00:00+00:00,13.25,71.95215,0.0,10.8,0.257
2023-01-23 23:00:00+00:00,13.4,72.71467,0.0,11.0,0.257
2023-01-24 00:00:00+00:00,13.9,72.80567,0.0,11.2,0.256
2023-01-24 01:00:00+00:00,12.2,76.03439,0.0,11.1,0.257
2023-01-24 02:00:00+00:00,10.1,74.131325,0.0,10.85,0.257
2023-01-24 03:00:00+00:00,9.8,68.370346,0.0,10.5,0.257
2023-01-24 04:00:00+00:00,9.5,63.65779,0.0,10.15,0.257
2023-01-24 05:00:00+00:00,9.2,59.85377,0.0,9.8,0.257
2023-01-24 06:00:00+00:00,10.4,56.42471,0.0,10.05,0.256
2023-01-24 07:00:00+00:00,12.55,59.210285,0.0,11.1,0.256
2023-01-24 08:00:00+00:00,15.05,57.807053,0.0,12.7,0.255
2023-01-24 09:00:00+00:00,16.55,53.979935,0.0,14.25,0.253
2023-01-24 10:00:00+00:00,17.4,49.937954,0.0,15.55,0.251
2023-01-24 11:00:00+00:00,17.75,47.19745,0.0,16.45,0.248
2023-01-24 12:00:00+00:00,17.5,43.973,0.0,17.1,0.246
2023-01-24 13:00:00+00:00,17.3,45.469963,0.0,16.9,0.245
2023-01-24 14:00:00+00:00,16.3,57.332523,0.0,16.2,0.244
2023-01-24 15:00:00+00:00,13.45,72.723785,0.0,14.8,0.244
2023-01-24 16:00:00+00:00,12.35,74.01979,0.0,13.4,0.244
2023-01-24 17:00:00+00:00,11.5,75.40186,0.0,12.35,0.244
2023-01-24 18:00:00+00:00,11.0,73.02289,0.0,11.5,0.245
2023-01-24 19:00:00+00:00,11.4,69.89746,0.0,10.95,0.245
2023-01-24 20:00:00+00:00,11.4,68.938576,0.0,10.55,0.245
2023-01-24 21:00:00+00:00,11.85,66.00022,0.0,10.3,0.245
2023-01-24 22:00:00+00:00,11.95,68.57664,0.0,10.2,0.245
2023-01-24 23:00:00+00:00,11.55,73.12297,0.0,10.15,0.246
2023-01-25 00:00:00+00:00,13.65,68.455925,0.0,11.35,0.245
2023-01-25 01:00:00+00:00,10.2,71.62313,0.0,10.95,0.245
2023-01-25 02:00:00+00:00,8.15,60.67544,0.0,10.35,0.245
2023-01-25 03:00:00+00:00,8.85,53.446,0.0,9.9,0.245
2023-01-25 04:00:00+00:00,8.75,50.763165,0.0,9.45,0.245
2023-01-25 05:00:00+00:00,8.65,50.365498,0.0,9.1,0.245
2023-01-25 06:00:00+00:00,9.8,47.47357,0.0,9.35,0.245
2023-01-25 07:00:00+00:00,11.45,54.723293,0.0,10.45,0.244
2023-01-25 08:00:00+00:00,13.9,50.730785,0.0,12.0,0.243
2023-01-25 09:00:00+00:00,15.6,49.445713,0.0,13.65,0.241
2023-01-25 10:00:00+00:00,16.45,48.82691,0.0,15.15,0.239
2023-01-25 11:00:00+00:00,16.85,46.9466,0.0,16.2,0.237
2023-01-25 12:00:00+00:00,17.6,43.84873,0.0,17.35,0.236
2023-01-25 13:00:00+00:00,17.1,46.691902,0.0,17.15,0.234
2023-01-25 14:00:00+00:00,16.1,58.26593,0.0,16.35,0.234
2023-01-25 15:00:00+00:00,13.5,68.42524,0.0,14.75,0.234
2023-01-25 16:00:00+00:00,12.6,70.13481,0.0,13.25,0.234
2023-01-25 17:00:00+00:00,12.3,71.041794,0.0,12.15,0.234
2023-01-25 18:00:00+00:00,11.25,75.10195,0.0,11.25,0.235
2023-01-25 19:00:00+00:00,9.85,80.48639,0.0,10.55,0.235
2023-01-25 20:00:00+00:00,9.0,80.36766,0.0,10.0,0.235
2023-01-25 21:00:00+00:00,8.95,76.28403,0.0,9.45,0.236
2023-01-25 22:00:00+00:00,8.6,73.86411,0.0,9.1,0.236
2023-01-25 23:00:00+00:00,8.05,70.7074,0.0,8.95,0.236
2023-01-26 00:00:00+00:00,7.5,66.92421,0.0,8.7,0.237
2023-01-26 01:00:00+00:00,8.05,60.432987,0.0,8.45,0.237
2023-01-26 02:00:00+00:00,7.55,58.587517,0.0,8.3,0.237
2023-01-26 03:00:00+00:00,7.85,58.45167,0.0,8.25,0.237
2023-01-26 04:00:00+00:00,7.95,55.987217,0.0,8.1,0.236
2023-01-26 05:00:00+00:00,7.9,53.971115,0.0,8.0,0.236
2023-01-26 06:00:00+00:00,9.3,53.374283,0.0,8.4,0.236
2023-01-26 07:00:00+00:00,12.0,54.868168,0.0,9.7,0.236
2023-01-26 08:00:00+00:00,14.35,52.295708,0.0,11.45,0.234
2023-01-26 09:00:00+00:00,15.5,52.42175,0.0,13.15,0.233
2023-01-26 10:00:00+00:00,16.3,51.9156,0.0,14.6,0.231
2023-01-26 11:00:00+00:00,16.65,50.59815,0.0,15.7,0.229
2023-01-26 12:00:00+00:00,17.15,45.74428,0.0,16.5,0.228
2023-01-26 13:00:00+00:00,16.95,47.1376,0.0,16.55,0.227
2023-01-26 14:00:00+00:00,16.25,63.657948,0.0,16.0,0.226
2023-01-26 15:00:00+00:00,16.15,49.425156,0.0,14.45,0.226
2023-01-26 16:00:00+00:00,12.85,66.673294,0.0,12.95,0.227
2023-01-26 17:00:00+00:00,11.3,73.32897,0.0,11.8,0.227
2023-01-26 18:00:00+00:00,10.35,76.777504,0.0,10.9,0.227
2023-01-26 19:00:00+00:00,9.95,73.592674,0.0,10.3,0.227
2023-01-26 20:00:00+00:00,9.4,70.230606,0.0,9.9,0.228
2023-01-26 21:00:00+00:00,9.4,69.49609,0.0,9.6,0.228
2023-01-26 22:00:00+00:00,9.4,72.22296,0.0,9.3,0.228
2023-01-26 23:00:00+00:00,9.9,70.57542,0.0,9.1,0.228
2023-01-27 00:00:00+00:00,10.4,53.478615,0.0,9.4,0.228
2023-01-27 01:00:00+00:00,9.4,48.587486,0.0,9.2,0.227
2023-01-27 02:00:00+00:00,8.65,48.910202,0.0,8.95,0.227
2023-01-27 03:00:00+00:00,8.75,49.661304,0.0,8.75,0.227
2023-01-27 04:00:00+00:00,8.85,50.421467,0.0,8.55,0.227
2023-01-27 05:00:00+00:00,8.7,52.252293,0.0,8.45,0.227
2023-01-27 06:00:00+00:00,10.1,54.170547,0.0,8.8,0.227
2023-01-27 07:00:00+00:00,11.9,57.819183,0.0,9.8,0.226
2023-01-27 08:00:00+00:00,13.4,54.277245,0.0,10.9,0.225
2023-01-27 09:00:00+00:00,14.3,52.465088,0.0,11.7,0.224
2023-01-27 10:00:00+00:00,14.95,49.786026,0.2,12.5,0.226
2023-01-27 11:00:00+00:00,15.75,46.15085,0.0,13.5,0.224
2023-01-27 12:00:00+00:00,16.8,37.610893,1.2,14.95,0.224
2023-01-27 13:00:00+00:00,16.6,40.17422,0.0,15.05,0.223
2023-01-27 14:00:00+00:00,16.05,45.274754,0.0,14.65,0.222
2023-01-27 15:00:00+00:00,15.85,47.65454,0.0,14.2,0.221
2023-01-27 16:00:00+00:00,15.6,49.964287,0.0,13.8,0.22
2023-01-27 17:00:00+00:00,15.1,51.952847,0.0,13.5,0.22
2023-01-27 18:00:00+00:00,14.95,54.306454,0.0,13.25,0.22
2023-01-27 19:00:00+00:00,15.4,53.863926,0.0,13.2,0.219
2023-01-27 20:00:00+00:00,15.1,56.2521,0.0,13.2,0.219
2023-01-27 21:00:00+00:00,14.55,60.524067,0.0,13.1,0.219
2023-01-27 22:00:00+00:00,13.35,72.21498,0.6,12.85,0.225
2023-01-27 23:00:00+00:00,12.3,73.759445,0.0,12.4,0.225
2023-01-28 00:00:00+00:00,14.0,64.45622,0.0,14.0,0.213
2023-01-28 01:00:00+00:00,14.05,63.810192,0.0,13.5,0.213
2023-01-28 02:00:00+00:00,12.4,54.973164,0.0,12.95,0.213
2023-01-28 03:00:00+00:00,12.0,61.818874,0.0,12.45,0.213
2023-01-28 04:00:00+00:00,11.3,73.58116,2.3,11.8,0.24
2023-01-28 05:00:00+00:00,11.5,74.88802,0.6,11.2,0.249
2023-01-28 06:00:00+00:00,11.35,73.08663,0.0,11.05,0.249
2023-01-28 07:00:00+00:00,12.45,65.903114,0.0,11.65,0.248
2023-01-28 08:00:00+00:00,14.25,60.868576,0.0,12.8,0.247
2023-01-28 09:00:00+00:00,15.1,60.037685,0.0,14.05,0.245
2023-01-28 10:00:00+00:00,15.4,57.894287,0.0,15.05,0.243
2023-01-28 11:00:00+00:00,15.6,56.961708,0.0,15.85,0.241
2023-01-28 12:00:00+00:00,16.45,49.678852,0.0,15.7,0.321
2023-01-28 13:00:00+00:00,16.5,51.25899,0.0,15.75,0.318
2023-01-28 14:00:00+00:00,16.05,58.452114,0.0,15.35,0.316
2023-01-28 15:00:00+00:00,14.4,65.65218,0.0,14.4,0.314
2023-01-28 16:00:00+00:00,13.45,66.57347,0.0,13.55,0.314
2023-01-28 17:00:00+00:00,13.25,70.50153,0.0,13.05,0.313
2023-01-28 18:00:00+00:00,12.75,72.10358,0.0,12.6,0.312
2023-01-28 19:00:00+00:00,12.2,72.99115,0.0,12.25,0.311
2023-01-28 20:00:00+00:00,11.3,73.58116,0.0,11.85,0.31
2023-01-28 21:00:00+00:00,10.55,72.68891,0.1,11.5,0.31
2023-01-28 22:00:00+00:00,10.75,76.57877,0.1,11.25,0.31
2023-01-28 23:00:00+00:00,10.7,79.51058,0.0,11.1,0.309
2023-01-29 00:00:00+00:00,9.7,64.8383,0.0,11.9,0.305
2023-01-29 01:00:00+00:00,9.8,66.01251,0.0,11.2,0.304
2023-01-29 02:00:00+00:00,9.5,67.11804,0.0,10.7,0.303
2023-01-29 03:00:00+00:00,9.0,68.928055,0.0,10.25,0.302
2023-01-29 04:00:00+00:00,8.75,71.847755,0.0,9.95,0.302
2023-01-29 05:00:00+00:00,8.6,75.43145,0.2,9.65,0.303
2023-01-29 06:00:00+00:00,9.95,76.18482,0.4,9.95,0.306
2023-01-29 07:00:00+00:00,11.7,79.38485,0.1,10.8,0.307
2023-01-29 08:00:00+00:00,13.1,78.524734,0.0,12.15,0.305
2023-01-29 09:00:00+00:00,13.1,79.58625,0.1,13.2,0.304
2023-01-29 10:00:00+00:00,13.35,78.29897,0.2,14.05,0.304
2023-01-29 11:00:00+00:00,14.25,72.86912,0.0,15.1,0.303
2023-01-29 12:00:00+00:00,15.6,58.14227,0.0,15.35,0.317
2023-01-29 13:00:00+00:00,15.45,57.315235,0.0,15.65,0.314
2023-01-29 14:00:00+00:00,14.7,64.17448,0.0,15.2,0.313
2023-01-29 15:00:00+00:00,12.75,75.86766,0.0,14.2,0.312
2023-01-29 16:00:00+00:00,12.55,78.97335,0.0,13.3,0.311
2023-01-29 17:00:00+00:00,10.05,91.32332,0.8,12.45,0.318
2023-01-29 18:00:00+00:00,10.4,91.038864,0.1,11.8,0.319
2023-01-29 19:00:00+00:00,10.4,89.21352,0.1,11.35,0.319
2023-01-29 20:00:00+00:00,9.75,90.073715,0.0,10.95,0.318
2023-01-29 21:00:00+00:00,10.1,90.71138,0.0,10.7,0.318
2023-01-29 22:00:00+00:00,10.15,91.02193,0.0,10.65,0.317
2023-01-29 23:00:00+00:00,9.8,91.61655,0.0,10.55,0.316
2023-01-30 00:00:00+00:00,9.85,84.152626,1.8,11.45,0.353
2023-01-30 01:00:00+00:00,8.75,80.89111,0.0,10.55,0.351
2023-01-30 02:00:00+00:00,7.95,76.118004,0.0,9.85,0.348
2023-01-30 03:00:00+00:00,7.75,72.67723,0.0,9.25,0.346
2023-01-30 04:00:00+00:00,7.85,73.72906,0.0,9.0,0.345
2023-01-30 05:00:00+00:00,7.05,79.81038,0.0,8.65,0.343
2023-01-30 06:00:00+00:00,9.05,76.83298,0.3,9.05,0.345
2023-01-30 07:00:00+00:00,10.15,82.19904,0.8,9.95,0.351
2023-01-30 08:00:00+00:00,11.85,78.336945,0.0,11.3,0.349
2023-01-30 09:00:00+00:00,12.45,77.636375,0.0,13.0,0.346
2023-01-30 10:00:00+00:00,13.0,73.13601,0.0,14.3,0.343
2023-01-30 11:00:00+00:00,13.4,66.56279,0.0,15.1,0.34
2023-01-30 12:00:00+00:00,13.8,58.094177,0.1,14.55,0.358
2023-01-30 13:00:00+00:00,13.55,60.283596,0.0,14.45,0.354
2023-01-30 14:00:00+00:00,13.0,65.12193,0.0,13.9,0.351
2023-01-30 15:00:00+00:00,11.5,78.28395,0.7,13.05,0.355
2023-01-30 16:00:00+00:00,10.8,83.408165,0.1,12.15,0.354
2023-01-30 17:00:00+00:00,11.2,79.85402,0.1,11.65,0.353
2023-01-30 18:00:00+00:00,10.95,81.18935,0.0,11.2,0.351
2023-01-30 19:00:00+00:00,10.7,80.87953,0.0,10.9,0.35
2023-01-30 20:00:00+00:00,11.0,79.82555,0.0,10.8,0.349
2023-01-30 21:00:00+00:00,10.25,85.35296,0.1,10.65,0.348
2023-01-30 22:00:00+00:00,10.3,87.11532,0.4,10.6,0.35
2023-01-30 23:00:00+00:00,9.55,90.36529,1.7,10.45,0.37
2023-01-31 00:00:00+00:00,10.35,77.04209,1.8,10.75,0.408
2023-01-31 01:00:00+00:00,10.15,79.15853,0.0,10.25,0.397
2023-01-31 02:00:00+00:00,9.15,82.63778,0.0,9.95,0.39
2023-01-31 03:00:00+00:00,8.3,81.11062,1.0,9.7,0.395
2023-01-31 04:00:00+00:00,8.0,79.947365,0.5,9.25,0.394
2023-01-31 05:00:00+00:00,7.7,79.62528,0.8,8.8,0.398
2023-01-31 06:00:00+00:00,8.5,79.46462,0.2,8.8,0.393
2023-01-31 07:00:00+00:00,10.2,82.48681,0.2,9.65,0.39
2023-01-31 08:00:00+00:00,10.75,82.555984,2.6,10.5,0.409
2023-01-31 09:00:00+00:00,11.2,79.85402,0.2,11.1,0.401
2023-01-31 10:00:00+00:00,11.65,78.30669,0.4,11.3,0.398
2023-01-31 11:00:00+00:00,11.85,77.80692,0.7,12.0,0.398
2023-01-31 12:00:00+00:00,11.95,76.772415,0.2,12.5,0.421
2023-01-31 13:00:00+00:00,12.3,75.28016,0.1,12.8,0.416
2023-01-31 14:00:00+00:00,11.8,75.96842,0.0,12.65,0.413
2023-01-31 15:00:00+00:00,9.9,88.26945,0.9,11.8,0.417
2023-01-31 16:00:00+00:00,9.2,86.41629,0.0,10.9,0.414
2023-01-31 17:00:00+00:00,8.2,89.03399,0.0,10.1,0.411
2023-01-31 18:00:00+00:00,7.45,88.97178,0.0,9.4,0.409
2023-01-31 19:00:00+00:00,7.25,88.034424,0.0,9.0,0.407
2023-01-31 20:00:00+00:00,6.75,88.60432,0.0,8.6,0.405
2023-01-31 21:00:00+00:00,5.65,90.70889,0.0,8.2,0.403
2023-01-31 22:00:00+00:00,5.65,88.820335,0.0,7.8,0.402
2023-01-31 23:00:00+00:00,5.5,87.56663,0.0,7.45,0.4
2023-02-01 00:00:00+00:00,5.45,86.0318,0.0,9.3,0.399
2023-02-01 01:00:00+00:00,4.75,87.80633,0.0,8.35,0.398
2023-02-01 02:00:00+00:00,5.65,85.44813,0.0,7.8,0.396
2023-02-01 03:00:00+00:00,5.0,84.17415,0.0,7.25,0.395
2023-02-01 04:00:00+00:00,5.2,84.19764,0.0,6.9,0.394
2023-02-01 05:00:00+00:00,5.45,83.92938,0.0,6.75,0.393
2023-02-01 06:00:00+00:00,6.95,82.64721,0.0,7.15,0.392
2023-02-01 07:00:00+00:00,9.05,81.77481,0.0,8.4,0.391
2023-02-01 08:00:00+00:00,10.55,77.07403,0.0,9.65,0.389
2023-02-01 09:00:00+00:00,11.95,71.21822,0.0,10.95,0.387
2023-02-01 10:00:00+00:00,12.4,65.66539,0.1,11.65,0.386
2023-02-01 11:00:00+00:00,12.5,56.368637,0.5,11.85,0.389
2023-02-01 12:00:00+00:00,10.85,75.0336,1.6,10.2,0.422
2023-02-01 13:00:00+00:00,9.7,86.46638,2.0,10.0,0.426
2023-02-01 14:00:00+00:00,9.05,84.6399,2.3,9.5,0.426
2023-02-01 15:00:00+00:00,9.05,84.6399,2.5,9.1,0.43
2023-02-01 16:00:00+00:00,8.65,82.005516,3.5,8.75,0.43
2023-02-01 17:00:00+00:00,8.35,78.89124,2.3,8.35,0.43
2023-02-01 18:00:00+00:00,7.8,73.98039,3.0,7.9,0.43
2023-02-01 19:00:00+00:00,7.95,70.93826,1.8,7.5,0.429
2023-02-01 20:00:00+00:00,8.45,62.738518,0.4,7.25,0.425
2023-02-01 21:00:00+00:00,7.95,63.753056,0.0,7.15,0.421
2023-02-01 22:00:00+00:00,7.65,62.774654,0.0,7.05,0.418
2023-02-01 23:00:00+00:00,8.2,60.252747,0.0,7.1,0.415
2023-02-02 00:00:00+00:00,6.4,60.684814,0.0,8.1,0.418
2023-02-02 01:00:00+00:00,7.1,55.35589,0.0,7.3,0.415
2023-02-02 02:00:00+00:00,7.3,47.45514,0.0,6.65,0.413
2023-02-02 03:00:00+00:00,7.8,45.0174,0.0,6.45,0.411
2023-02-02 04:00:00+00:00,7.9,44.71209,0.0,6.35,0.408
2023-02-02 05:00:00+00:00,7.75,45.50898,0.0,6.35,0.406
2023-02-02 06:00:00+00:00,8.45,45.040184,0.0,6.75,0.404
2023-02-02 07:00:00+00:00,9.7,45.738956,0.0,7.7,0.402
2023-02-02 08:00:00+00:00,10.85,41.435436,0.0,8.85,0.398
2023-02-02 09:00:00+00:00,11.8,39.63117,0.0,10.0,0.395
2023-02-02 10:00:00+00:00,12.35,36.977703,0.0,10.95,0.391
2023-02-02 11:00:00+00:00,12.55,36.63025,0.0,11.65,0.388
2023-02-02 12:00:00+00:00,14.45,30.285189,0.0,12.5,0.382
2023-02-02 13:00:00+00:00,13.85,32.79386,0.0,12.7,0.38
2023-02-02 14:00:00+00:00,12.4,44.389004,0.0,12.15,0.379
2023-02-02 15:00:00+00:00,10.1,46.022663,0.0,11.05,0.378
2023-02-02 16:00:00+00:00,9.0,41.65711,0.0,9.95,0.377
2023-02-02 17:00:00+00:00,8.5,43.898308,0.0,9.1,0.376
2023-02-02 18:00:00+00:00,7.75,41.1295,0.0,8.5,0.376
2023-02-02 19:00:00+00:00,7.4,40.715664,0.0,8.0,0.375
2023-02-02 20:00:00+00:00,7.2,43.51434,0.0,7.55,0.374
2023-02-02 21:00:00+00:00,6.9,44.752865,0.0,7.25,0.374
2023-02-02 22:00:00+00:00,6.55,44.818188,0.0,6.95,0.373
2023-02-02 23:00:00+00:00,6.4,43.770744,0.0,6.7,0.373
2023-02-03 00:00:00+00:00,6.5,39.985043,0.0,7.5,0.374
2023-02-03 01:00:00+00:00,5.8,41.803356,0.0,7.0,0.373
2023-02-03 02:00:00+00:00,5.1,44.219723,0.0,6.55,0.372
2023-02-03 03:00:00+00:00,4.9,45.183083,0.0,6.15,0.372
2023-02-03 04:00:00+00:00,4.7,46.344307,0.0,5.8,0.371
2023-02-03 05:00:00+00:00,4.5,46.996277,0.0,5.55,0.371
2023-02-03 06:00:00+00:00,5.5,50.034508,0.0,5.85,0.37
2023-02-03 07:00:00+00:00,7.55,54.07409,0.0,6.95,0.369
2023-02-03 08:00:00+00:00,10.25,50.811184,0.0,8.55,0.367
2023-02-03 09:00:00+00:00,12.2,43.852814,0.0,10.25,0.365
2023-02-03 10:00:00+00:00,13.25,39.3379,0.0,11.75,0.362
2023-02-03 11:00:00+00:00,13.7,37.787632,0.0,12.85,0.359
2023-02-03 12:00:00+00:00,14.2,31.35463,0.0,13.3,0.356
2023-02-03 13:00:00+00:00,14.05,27.785488,0.0,13.3,0.354
2023-02-03 14:00:00+00:00,13.1,59.551964,0.0,12.7,0.354
2023-02-03 15:00:00+00:00,13.55,28.061733,0.0,11.5,0.354
2023-02-03 16:00:00+00:00,13.45,29.327005,0.0,10.2,0.354
2023-02-03 17:00:00+00:00,9.85,57.50245,0.0,9.4,0.354
2023-02-03 18:00:00+00:00,9.05,69.18135,0.0,8.95,0.354
2023-02-03 19:00:00+00:00,10.1,67.011284,0.0,8.75,0.355
2023-02-03 20:00:00+00:00,10.55,69.24477,0.0,8.75,0.355
2023-02-03 21:00:00+00:00,10.1,73.8751,0.2,8.9,0.356
2023-02-03 22:00:00+00:00,9.6,79.89938,1.1,8.95,0.367
2023-02-03 23:00:00+00:00,9.2,86.71266,2.0,8.9,0.393
2023-02-04 00:00:00+00:00,6.4,80.56496,2.4,9.5,0.423
2023-02-04 01:00:00+00:00,6.7,86.16171,1.7,8.55,0.423
2023-02-04 02:00:00+00:00,6.55,86.14622,0.7,8.05,0.419
2023-02-04 03:00:00+00:00,6.1,83.41671,0.9,7.55,0.42
2023-02-04 04:00:00+00:00,6.2,82.55179,0.4,7.25,0.416
2023-02-04 05:00:00+00:00,5.95,83.98869,0.5,7.05,0.414
2023-02-04 06:00:00+00:00,5.75,86.97644,1.2,6.9,0.421
2023-02-04 07:00:00+00:00,6.4,84.93148,0.3,7.1,0.415
2023-02-04 08:00:00+00:00,8.0,77.47202,0.0,8.1,0.41
2023-02-04 09:00:00+00:00,8.95,70.88415,0.0,9.05,0.405
2023-02-04 10:00:00+00:00,10.15,67.49276,0.0,10.4,0.401
2023-02-04 11:00:00+00:00,10.4,64.76787,0.1,11.05,0.398
2023-02-04 12:00:00+00:00,11.15,58.863155,0.1,11.7,0.404
2023-02-04 13:00:00+00:00,11.15,58.243305,0.0,12.05,0.401
2023-02-04 14:00:00+00:00,10.9,59.008877,0.0,11.75,0.399
2023-02-04 15:00:00+00:00,9.65,67.861336,0.0,10.85,0.398
2023-02-04 16:00:00+00:00,8.7,74.66163,0.0,9.9,0.397
2023-02-04 17:00:00+00:00,7.75,77.4323,0.0,9.05,0.396
2023-02-04 18:00:00+00:00,9.15,73.70493,0.0,8.9,0.396
2023-02-04 19:00:00+00:00,9.1,77.108444,0.0,8.85,0.395
2023-02-04 20:00:00+00:00,8.25,81.669334,0.0,8.7,0.394
2023-02-04 21:00:00+00:00,8.8,71.605484,0.0,8.65,0.394
2023-02-04 22:00:00+00:00,7.85,78.540855,0.4,8.5,0.397
2023-02-04 23:00:00+00:00,7.35,85.03711,1.3,8.35,0.41
2023-02-05 00:00:00+00:00,7.65,70.37817,0.5,9.25,0.398
2023-02-05 01:00:00+00:00,7.6,66.94591,0.2,8.9,0.398
2023-02-05 02:00:00+00:00,7.25,68.565125,0.2,8.45,0.399
2023-02-05 03:00:00+00:00,7.5,76.04276,0.9,8.15,0.406
2023-02-05 04:00:00+00:00,7.55,86.24904,2.1,7.95,0.426
2023-02-05 05:00:00+00:00,7.7,87.467636,2.7,7.85,0.43
2023-02-05 06:00:00+00:00,7.2,86.51363,3.1,7.75,0.43
2023-02-05 07:00:00+00:00,6.1,85.79776,2.8,7.45,0.429
2023-02-05 08:00:00+00:00,6.35,81.41527,1.0,7.25,0.427
2023-02-05 09:00:00+00:00,7.4,80.98769,0.1,7.7,0.423
2023-02-05 10:00:00+00:00,7.9,78.54847,0.0,8.3,0.419
2023-02-05 11:00:00+00:00,8.7,75.7124,0.0,9.05,0.415
2023-02-05 12:00:00+00:00,9.7,65.99055,0.0,9.6,0.415
2023-02-05 13:00:00+00:00,9.8,63.952282,0.0,10.0,0.412
2023-02-05 14:00:00+00:00,9.65,65.5164,0.0,9.85,0.41
2023-02-05 15:00:00+00:00,9.65,69.54667,0.0,9.6,0.408
2023-02-05 16:00:00+00:00,9.75,73.55664,0.7,9.45,0.413
2023-02-05 17:00:00+00:00,9.45,81.266045,1.0,9.15,0.421
2023-02-05 18:00:00+00:00,9.7,85.87833,2.0,9.0,0.427
2023-02-05 19:00:00+00:00,10.1,84.46898,1.1,9.0,0.427
2023-02-05 20:00:00+00:00,10.1,86.21259,0.5,9.05,0.425
2023-02-05 21:00:00+00:00,10.25,88.59956,2.8,9.2,0.43
2023-02-05 22:00:00+00:00,10.9,88.059044,1.6,9.4,0.429
2023-02-05 23:00:00+00:00,11.55,88.412384,1.3,9.7,0.429
2023-02-06 00:00:00+00:00,11.1,92.6244,4.2,9.85,0.43
2023-02-06 01:00:00+00:00,8.9,91.559,2.2,9.65,0.43
2023-02-06 02:00:00+00:00,7.15,88.94674,1.1,8.8,0.428
2023-02-06 03:00:00+00:00,7.25,89.57361,0.4,8.25,0.426
2023-02-06 04:00:00+00:00,7.65,89.29631,0.3,8.0,0.425
2023-02-06 05:00:00+00:00,8.0,88.10164,1.3,7.9,0.427
2023-02-06 06:00:00+00:00,9.75,91.30358,1.6,8.4,0.427
2023-02-06 07:00:00+00:00,10.45,84.796295,1.2,9.0,0.428
2023-02-06 08:00:00+00:00,11.15,78.76624,0.3,9.3,0.425
2023-02-06 09:00:00+00:00,13.05,65.80731,0.1,10.4,0.421
2023-02-06 10:00:00+00:00,12.5,71.811676,1.3,11.2,0.423
2023-02-06 11:00:00+00:00,12.1,72.724144,1.3,12.0,0.43
2023-02-06 12:00:00+00:00,13.0,58.70562,0.8,12.45,0.419
2023-02-06 13:00:00+00:00,12.2,67.457504,0.0,12.65,0.414
2023-02-06 14:00:00+00:00,11.6,71.15108,0.2,12.25,0.413
2023-02-06 15:00:00+00:00,10.5,80.57649,0.0,11.5,0.411
2023-02-06 16:00:00+00:00,10.5,78.13151,0.0,10.8,0.41
2023-02-06 17:00:00+00:00,9.95,79.12908,0.1,10.2,0.409
2023-02-06 18:00:00+00:00,9.05,84.34946,0.0,9.85,0.408
2023-02-06 19:00:00+00:00,8.7,86.96161,0.0,9.5,0.407
2023-02-06 20:00:00+00:00,8.15,88.11501,0.0,9.15,0.405
2023-02-06 21:00:00+00:00,7.15,91.44541,0.0,8.75,0.404
2023-02-06 22:00:00+00:00,7.45,88.97178,0.0,8.4,0.403
2023-02-06 23:00:00+00:00,6.95,88.62152,0.0,7.95,0.402
2023-02-07 00:00:00+00:00,7.6,87.155846,0.0,8.95,0.409
2023-02-07 01:00:00+00:00,8.05,86.00221,0.0,8.7,0.407
2023-02-07 02:00:00+00:00,7.4,79.0251,0.0,8.15,0.406
2023-02-07 03:00:00+00:00,7.85,68.93471,0.0,7.7,0.404
2023-02-07 04:00:00+00:00,7.9,54.36654,0.0,7.4,0.402
2023-02-07 05:00:00+00:00,7.1,58.90023,0.0,7.2,0.401
2023-02-07 06:00:00+00:00,8.25,52.510933,0.0,7.45,0.399
2023-02-07 07:00:00+00:00,9.45,44.668743,0.0,8.3,0.397
2023-02-07 08:00:00+00:00,10.8,42.81296,0.0,9.35,0.394
2023-02-07 09:00:00+00:00,11.35,40.677616,0.0,10.4,0.391
2023-02-07 10:00:00+00:00,12.05,38.133316,0.0,11.4,0.387
2023-02-07 11:00:00+00:00,12.0,37.14724,0.0,11.85,0.384
2023-02-07 12:00:00+00:00,13.2,26.11561,0.0,11.95,0.383
2023-02-07 13:00:00+00:00,12.5,28.39793,0.0,12.05,0.38
2023-02-07 14:00:00+00:00,11.4,38.222008,0.0,11.45,0.379
2023-02-07 15:00:00+00:00,9.45,43.5292,0.0,10.6,0.378
2023-02-07 16:00:00+00:00,8.4,38.910244,0.0,9.75,0.377
2023-02-07 17:00:00+00:00,7.4,40.869953,0.0,8.95,0.376
2023-02-07 18:00:00+00:00,6.35,40.86496,0.0,8.25,0.375
2023-02-07 19:00:00+00:00,6.5,35.77111,0.0,7.8,0.374
2023-02-07 20:00:00+00:00,6.25,35.14613,0.0,7.4,0.374
2023-02-07 21:00:00+00:00,5.85,36.411484,0.0,7.1,0.373
2023-02-07 22:00:00+00:00,5.5,38.477383,0.0,6.85,0.372
2023-02-07 23:00:00+00:00,5.3,40.861126,0.0,6.6,0.371
2023-02-08 00:00:00+00:00,5.6,35.497433,0.0,7.75,0.372
2023-02-08 01:00:00+00:00,5.0,39.531006,0.0,6.95,0.371
2023-02-08 02:00:00+00:00,4.4,42.842648,0.0,6.3,0.371
2023-02-08 03:00:00+00:00,4.05,44.245365,0.0,5.75,0.37
2023-02-08 04:00:00+00:00,3.95,43.038326,0.0,5.3,0.37
2023-02-08 05:00:00+00:00,3.9,44.030598,0.0,5.0,0.37
2023-02-08 06:00:00+00:00,5.1,45.41475,0.0,5.35,0.369
2023-02-08 07:00:00+00:00,6.65,42.217896,0.0,6.35,0.368
2023-02-08 08:00:00+00:00,7.7,38.406944,0.0,7.55,0.366
2023-02-08 09:00:00+00:00,8.7,39.1473,0.0,8.8,0.363
2023-02-08 10:00:00+00:00,9.5,34.655186,0.0,9.8,0.361
2023-02-08 11:00:00+00:00,9.85,33.59532,0.0,10.45,0.358
2023-02-08 12:00:00+00:00,12.1,19.175806,0.0,11.05,0.35
2023-02-08 13:00:00+00:00,10.8,28.444796,0.0,11.0,0.348
2023-02-08 14:00:00+00:00,8.95,37.067707,0.0,10.35,0.347
2023-02-08 15:00:00+00:00,7.15,40.486847,0.0,9.25,0.346
2023-02-08 16:00:00+00:00,5.8,42.123672,0.0,8.15,0.346
2023-02-08 17:00:00+00:00,4.6,41.441673,0.0,7.25,0.346
2023-02-08 18:00:00+00:00,4.15,42.275063,0.0,6.5,0.346
2023-02-08 19:00:00+00:00,3.65,43.95569,0.0,5.85,0.346
2023-02-08 20:00:00+00:00,3.2,46.613888,0.0,5.35,0.346
2023-02-08 21:00:00+00:00,3.1,46.584347,0.0,4.9,0.346
2023-02-08 22:00:00+00:00,3.1,44.47461,0.0,4.65,0.346
2023-02-08 23:00:00+00:00,2.9,44.071304,0.0,4.35,0.346
2023-02-09 00:00:00+00:00,2.55,42.949524,0.0,5.15,0.346
2023-02-09 01:00:00+00:00,2.65,43.654987,0.0,4.55,0.346
2023-02-09 02:00:00+00:00,2.45,44.452198,0.0,4.1,0.346
2023-02-09 03:00:00+00:00,2.1,45.929512,0.0,3.7,0.346
2023-02-09 04:00:00+00:00,2.15,45.059185,0.0,3.4,0.346
2023-02-09 05:00:00+00:00,2.45,44.799404,0.0,3.25,0.346
2023-02-09 06:00:00+00:00,3.9,46.999626,0.0,3.75,0.346
2023-02-09 07:00:00+00:00,5.75,46.47642,0.0,4.95,0.345
2023-02-09 08:00:00+00:00,7.55,43.291943,0.0,6.45,0.344
2023-02-09 09:00:00+00:00,9.1,40.309902,0.0,7.9,0.342
2023-02-09 10:00:00+00:00,10.15,36.18611,0.0,9.2,0.339
2023-02-09 11:00:00+00:00,10.7,34.492176,0.0,10.15,0.337
2023-02-09 12:00:00+00:00,11.95,26.66534,0.0,10.95,0.334
2023-02-09 13:00:00+00:00,11.9,27.062538,0.0,11.05,0.333
2023-02-09 14:00:00+00:00,11.2,41.08375,0.0,10.6,0.332
2023-02-09 15:00:00+00:00,9.5,54.99172,0.0,9.55,0.332
2023-02-09 16:00:00+00:00,8.05,55.204994,0.0,8.45,0.332
2023-02-09 17:00:00+00:00,6.55,48.672382,0.0,7.6,0.332
2023-02-09 18:00:00+00:00,5.25,49.402683,0.0,6.85,0.332
2023-02-09 19:00:00+00:00,4.8,48.902542,0.0,6.2,0.332
2023-02-09 20:00:00+00:00,4.25,49.489517,0.0,5.65,0.332
2023-02-09 21:00:00+00:00,4.05,48.8715,0.0,5.25,0.332
2023-02-09 22:00:00+00:00,3.65,48.01642,0.0,4.9,0.332
2023-02-09 23:00:00+00:00,3.35,47.01812,0.0,4.65,0.332
2023-02-10 00:00:00+00:00,3.5,39.535088,0.0,4.6,0.328
2023-02-10 01:00:00+00:00,3.35,40.58479,0.0,4.35,0.328
2023-02-10 02:00:00+00:00,3.2,41.987625,0.0,4.15,0.328
2023-02-10 03:00:00+00:00,3.15,42.630974,0.0,4.0,0.328
2023-02-10 04:00:00+00:00,3.15,43.13089,0.0,3.85,0.328
2023-02-10 05:00:00+00:00,3.45,43.55735,0.0,3.8,0.328
2023-02-10 06:00:00+00:00,4.65,46.153442,0.0,4.25,0.328
2023-02-10 07:00:00+00:00,6.65,50.36032,0.0,5.4,0.327
2023-02-10 08:00:00+00:00,9.0,46.554173,0.0,7.0,0.326
2023-02-10 09:00:00+00:00,10.25,45.397457,0.0,8.5,0.324
2023-02-10 10:00:00+00:00,10.75,47.917656,0.0,9.75,0.322
2023-02-10 11:00:00+00:00,11.1,46.81666,0.0,10.6,0.319
2023-02-10 12:00:00+00:00,12.05,38.273884,0.0,11.4,0.317
2023-02-10 13:00:00+00:00,12.05,37.437317,0.0,11.45,0.316
2023-02-10 14:00:00+00:00,11.6,42.579033,0.0,11.0,0.315
2023-02-10 15:00:00+00:00,10.3,45.57823,0.0,10.0,0.315
2023-02-10 16:00:00+00:00,9.5,50.05393,0.0,9.2,0.314
2023-02-10 17:00:00+00:00,8.7,53.99032,0.0,8.55,0.315
2023-02-10 18:00:00+00:00,7.5,49.1255,0.0,7.95,0.315
2023-02-10 19:00:00+00:00,6.3,47.520714,0.0,7.35,0.315
2023-02-10 20:00:00+00:00,5.65,47.51076,0.0,6.8,0.315
2023-02-10 21:00:00+00:00,5.2,47.37986,0.0,6.3,0.315
2023-02-10 22:00:00+00:00,4.75,46.53572,0.0,5.95,0.315
2023-02-10 23:00:00+00:00,4.5,45.064465,0.0,5.6,0.314
2023-02-11 00:00:00+00:00,4.6,36.88585,0.0,7.0,0.314
2023-02-11 01:00:00+00:00,4.45,37.12921,0.0,6.25,0.314
2023-02-11 02:00:00+00:00,4.3,38.111694,0.0,5.7,0.314
2023-02-11 03:00:00+00:00,4.1,39.104378,0.0,5.35,0.313
2023-02-11 04:00:00+00:00,4.05,39.702927,0.0,5.05,0.313
2023-02-11 05:00:00+00:00,4.05,40.48225,0.0,4.85,0.313
2023-02-11 06:00:00+00:00,5.4,43.142544,0.0,5.2,0.313
2023-02-11 07:00:00+00:00,7.5,46.98586,0.0,6.3,0.312
2023-02-11 08:00:00+00:00,10.0,44.1753,0.0,7.8,0.311
2023-02-11 09:00:00+00:00,11.35,43.13118,0.0,9.3,0.309
2023-02-11 10:00:00+00:00,11.8,42.48257,0.0,10.55,0.306
2023-02-11 11:00:00+00:00,12.15,40.467793,0.0,11.4,0.304
2023-02-11 12:00:00+00:00,13.4,28.766977,0.0,12.05,0.3
2023-02-11 13:00:00+00:00,13.35,31.221851,0.0,12.05,0.299
2023-02-11 14:00:00+00:00,12.65,39.882103,0.0,11.65,0.298
2023-02-11 15:00:00+00:00,11.45,46.578873,0.0,10.65,0.297
2023-02-11 16:00:00+00:00,9.95,49.45688,0.0,9.65,0.297
2023-02-11 17:00:00+00:00,9.15,41.54662,0.0,9.1,0.297
2023-02-11 18:00:00+00:00,7.7,42.69094,0.0,8.4,0.297
2023-02-11 19:00:00+00:00,6.65,42.862156,0.0,7.7,0.297
2023-02-11 20:00:00+00:00,6.05,42.845608,0.0,7.15,0.297
2023-02-11 21:00:00+00:00,5.6,42.548336,0.0,6.65,0.297
2023-02-11 22:00:00+00:00,5.2,41.94336,0.0,6.2,0.297
2023-02-11 23:00:00+00:00,4.9,41.5323,0.0,5.85,0.297
2023-02-12 00:00:00+00:00,5.6,34.406963,0.0,6.7,0.296
2023-02-12 01:00:00+00:00,4.85,35.68542,0.0,6.2,0.296
2023-02-12 02:00:00+00:00,4.6,37.612686,0.0,5.75,0.296
2023-02-12 03:00:00+00:00,4.25,39.302773,0.0,5.35,0.296
2023-02-12 04:00:00+00:00,3.85,41.21449,0.0,5.0,0.296
2023-02-12 05:00:00+00:00,3.8,42.993164,0.0,4.75,0.296
2023-02-12 06:00:00+00:00,5.3,45.994495,0.0,5.2,0.296
2023-02-12 07:00:00+00:00,7.45,49.65958,0.0,6.45,0.295
2023-02-12 08:00:00+00:00,9.8,46.10463,0.0,8.15,0.294
2023-02-12 09:00:00+00:00,10.9,47.96022,0.0,9.8,0.292
2023-02-12 10:00:00+00:00,11.7,47.157497,0.0,11.3,0.29
2023-02-12 11:00:00+00:00,12.2,45.9592,0.0,12.45,0.288
2023-02-12 12:00:00+00:00,13.6,31.178934,0.0,13.25,0.286
2023-02-12 13:00:00+00:00,13.5,31.734592,0.0,13.35,0.284
2023-02-12 14:00:00+00:00,12.95,39.970432,0.0,12.75,0.284
2023-02-12 15:00:00+00:00,11.0,54.604343,0.0,11.45,0.284
2023-02-12 16:00:00+00:00,12.8,34.858105,0.0,9.7,0.285
2023-02-12 17:00:00+00:00,12.45,34.24228,0.0,8.35,0.285
2023-02-12 18:00:00+00:00,11.65,37.04322,0.0,7.35,0.286
2023-02-12 19:00:00+00:00,10.15,42.465096,0.0,6.55,0.286
2023-02-12 20:00:00+00:00,6.55,52.428745,0.0,5.95,0.287
2023-02-12 21:00:00+00:00,5.1,52.41712,0.0,5.65,0.287
2023-02-12 22:00:00+00:00,4.6,56.132618,0.0,5.35,0.287
2023-02-12 23:00:00+00:00,4.25,57.30963,0.0,5.05,0.287
2023-02-13 00:00:00+00:00,4.3,53.789005,0.0,5.25,0.281
2023-02-13 01:00:00+00:00,4.5,48.447136,0.0,5.0,0.281
2023-02-13 02:00:00+00:00,4.25,43.629333,0.0,4.8,0.281
2023-02-13 03:00:00+00:00,4.55,40.949432,0.0,4.65,0.281
2023-02-13 04:00:00+00:00,4.6,40.025036,0.0,4.55,0.281
2023-02-13 05:00:00+00:00,4.55,40.791485,0.0,4.55,0.281
2023-02-13 06:00:00+00:00,5.8,41.644005,0.0,5.05,0.281
2023-02-13 07:00:00+00:00,7.5,42.471436,0.0,6.2,0.28
2023-02-13 08:00:00+00:00,9.25,41.8868,0.0,7.6,0.278
2023-02-13 09:00:00+00:00,11.15,38.860153,0.0,9.15,0.277
2023-02-13 10:00:00+00:00,12.25,32.56484,0.0,10.45,0.274
2023-02-13 11:00:00+00:00,12.65,31.484632,0.0,11.4,0.272
2023-02-13 12:00:00+00:00,13.95,24.402634,0.0,12.0,0.267
2023-02-13 13:00:00+00:00,13.4,26.073238,0.0,12.15,0.265
2023-02-13 14:00:00+00:00,11.75,34.41786,0.0,11.6,0.264
2023-02-13 15:00:00+00:00,9.75,33.565403,0.0,10.6,0.263
2023-02-13 16:00:00+00:00,8.25,34.675453,0.0,9.5,0.263
2023-02-13 17:00:00+00:00,7.75,32.837837,0.0,8.65,0.262
2023-02-13 18:00:00+00:00,7.35,33.746185,0.0,8.0,0.262
2023-02-13 19:00:00+00:00,6.65,35.541153,0.0,7.5,0.262
2023-02-13 20:00:00+00:00,6.0,36.74029,0.0,7.0,0.261
2023-02-13 21:00:00+00:00,5.55,37.464783,0.0,6.6,0.261
2023-02-13 22:00:00+00:00,5.15,37.927315,0.0,6.2,0.261
2023-02-13 23:00:00+00:00,4.75,38.697395,0.0,5.85,0.261
2023-02-14 00:00:00+00:00,4.9,33.65978,0.0,6.35,0.259
2023-02-14 01:00:00+00:00,4.35,35.532513,0.0,5.8,0.259
2023-02-14 02:00:00+00:00,3.9,36.527683,0.0,5.4,0.259
2023-02-14 03:00:00+00:00,3.85,35.800472,0.0,5.05,0.258
2023-02-14 04:00:00+00:00,3.8,34.671844,0.0,4.8,0.258
2023-02-14 05:00:00+00:00,3.75,34.931892,0.0,4.6,0.258
2023-02-14 06:00:00+00:00,4.75,38.697395,0.0,4.95,0.258
2023-02-14 07:00:00+00:00,6.75,38.85621,0.0,6.05,0.257
2023-02-14 08:00:00+00:00,8.6,35.99348,0.0,7.5,0.256
2023-02-14 09:00:00+00:00,9.6,36.29398,0.0,9.0,0.255
2023-02-14 10:00:00+00:00,10.35,37.768078,0.0,10.3,0.253
2023-02-14 11:00:00+00:00,10.85,38.627495,0.0,11.3,0.251
2023-02-14 12:00:00+00:00,12.2,31.707272,0.0,12.3,0.246
2023-02-14 13:00:00+00:00,12.05,32.262886,0.0,12.35,0.245
2023-02-14 14:00:00+00:00,11.5,37.136013,0.0,11.8,0.244
2023-02-14 15:00:00+00:00,9.9,51.08259,0.0,10.65,0.244
2023-02-14 16:00:00+00:00,8.35,56.70493,0.0,9.05,0.244
2023-02-14 17:00:00+00:00,7.7,57.1554,0.0,7.8,0.245
2023-02-14 18:00:00+00:00,7.35,46.942406,0.0,7.1,0.245
2023-02-14 19:00:00+00:00,5.55,45.375248,0.0,6.6,0.245
2023-02-14 20:00:00+00:00,4.95,45.891438,0.0,6.0,0.245
2023-02-14 21:00:00+00:00,4.25,47.102295,0.0,5.55,0.246
2023-02-14 22:00:00+00:00,4.0,46.67076,0.0,5.2,0.246
2023-02-14 23:00:00+00:00,3.85,44.52716,0.0,4.9,0.246
2023-02-15 00:00:00+00:00,4.75,29.251347,0.0,5.1,0.246
2023-02-15 01:00:00+00:00,3.7,31.610586,0.0,4.8,0.246
2023-02-15 02:00:00+00:00,3.95,32.45382,0.0,4.55,0.246
2023-02-15 03:00:00+00:00,4.05,34.475,0.0,4.45,0.246
2023-02-15 04:00:00+00:00,3.95,36.543007,0.0,4.3,0.246
2023-02-15 05:00:00+00:00,4.25,38.096416,0.0,4.25,0.246
2023-02-15 06:00:00+00:00,6.0,38.77799,0.0,4.85,0.246
2023-02-15 07:00:00+00:00,8.15,39.277935,0.0,6.1,0.245
2023-02-15 08:00:00+00:00,9.8,34.745117,0.0,7.65,0.244
2023-02-15 09:00:00+00:00,10.95,34.308285,0.0,9.25,0.242
2023-02-15 10:00:00+00:00,11.75,33.90758,0.0,10.85,0.24
2023-02-15 11:00:00+00:00,12.15,33.89981,0.0,12.05,0.238
2023-02-15 12:00:00+00:00,13.85,24.37471,0.0,12.9,0.234
2023-02-15 13:00:00+00:00,13.8,24.547495,0.0,13.1,0.232
2023-02-15 14:00:00+00:00,13.05,31.133799,0.0,12.55,0.232
2023-02-15 15:00:00+00:00,10.75,39.319824,0.0,11.35,0.231
2023-02-15 16:00:00+00:00,9.15,37.550037,0.0,10.05,0.231
2023-02-15 17:00:00+00:00,8.45,40.570415,0.0,9.05,0.231
2023-02-15 18:00:00+00:00,8.05,42.794815,0.0,8.3,0.231
2023-02-15 19:00:00+00:00,7.6,43.796597,0.0,7.75,0.231
2023-02-15 20:00:00+00:00,7.25,43.857533,0.0,7.25,0.231
2023-02-15 21:00:00+00:00,6.9,45.090332,0.0,6.9,0.231
2023-02-15 22:00:00+00:00,6.4,47.01787,0.0,6.5,0.231
2023-02-15 23:00:00+00:00,6.4,47.90718,0.0,6.25,0.231
2023-02-16 00:00:00+00:00,6.3,43.246902,0.0,6.3,0.235
2023-02-16 01:00:00+00:00,6.65,34.725998,0.0,6.05,0.235
2023-02-16 02:00:00+00:00,6.85,36.433937,0.0,6.15,0.235
2023-02-16 03:00:00+00:00,6.4,39.80251,0.0,5.95,0.235
2023-02-16 04:00:00+00:00,6.3,43.411064,0.0,5.8,0.235
2023-02-16 05:00:00+00:00,6.4,44.943092,0.0,5.75,0.235
2023-02-16 06:00:00+00:00,7.4,43.901882,0.0,6.25,0.235
2023-02-16 07:00:00+00:00,9.05,39.5476,0.0,7.4,0.234
2023-02-16 08:00:00+00:00,10.0,34.153538,0.0,8.7,0.233
2023-02-16 09:00:00+00:00,10.55,33.9322,0.0,9.95,0.231
2023-02-16 10:00:00+00:00,11.15,34.88663,0.0,11.1,0.229
2023-02-16 11:00:00+00:00,11.7,36.377808,0.0,12.1,0.228
2023-02-16 12:00:00+00:00,13.3,24.501284,0.0,13.15,0.221
2023-02-16 13:00:00+00:00,13.3,25.945852,0.0,13.5,0.22
2023-02-16 14:00:00+00:00,13.05,27.9174,0.0,13.1,0.219
2023-02-16 15:00:00+00:00,12.55,29.285477,0.0,11.9,0.219
2023-02-16 16:00:00+00:00,10.4,42.85282,0.0,10.1,0.22
2023-02-16 17:00:00+00:00,9.1,51.23235,0.0,8.85,0.22
2023-02-16 18:00:00+00:00,7.7,46.869297,0.0,8.25,0.22
2023-02-16 19:00:00+00:00,7.4,42.282112,0.0,7.75,0.22
2023-02-16 20:00:00+00:00,7.15,40.028522,0.0,7.35,0.22
2023-02-16 21:00:00+00:00,6.45,40.89504,0.0,7.0,0.22
2023-02-16 22:00:00+00:00,6.05,41.87842,0.0,6.65,0.22
2023-02-16 23:00:00+00:00,5.35,44.12575,0.0,6.3,0.22
2023-02-17 00:00:00+00:00,5.1,35.344982,0.0,6.15,0.214
2023-02-17 01:00:00+00:00,4.35,38.42541,0.0,5.8,0.214
2023-02-17 02:00:00+00:00,3.9,41.22966,0.0,5.4,0.214
2023-02-17 03:00:00+00:00,3.7,42.466965,0.0,5.05,0.214
2023-02-17 04:00:00+00:00,3.65,42.61666,0.0,4.8,0.214
2023-02-17 05:00:00+00:00,3.85,43.34172,0.0,4.65,0.214
2023-02-17 06:00:00+00:00,5.4,47.7976,0.0,5.25,0.214
2023-02-17 07:00:00+00:00,7.95,47.64246,0.0,6.65,0.214
2023-02-17 08:00:00+00:00,10.25,41.258125,0.0,8.5,0.213
2023-02-17 09:00:00+00:00,11.3,42.33604,0.0,10.3,0.211
2023-02-17 10:00:00+00:00,11.95,42.83688,0.0,11.9,0.21
2023-02-17 11:00:00+00:00,12.3,43.881832,0.0,13.15,0.208
2023-02-17 12:00:00+00:00,13.05,39.710106,0.0,13.9,0.205
2023-02-17 13:00:00+00:00,13.0,39.551212,0.0,14.05,0.204
2023-02-17 14:00:00+00:00,12.55,39.85263,0.0,13.5,0.203
2023-02-17 15:00:00+00:00,10.75,58.55569,0.0,12.2,0.203
2023-02-17 16:00:00+00:00,11.15,46.15719,0.0,10.4,0.204
2023-02-17 17:00:00+00:00,12.05,40.586403,0.0,9.05,0.204
2023-02-17 18:00:00+00:00,12.0,41.31935,0.0,7.95,0.204
2023-02-17 19:00:00+00:00,7.5,64.569664,0.0,7.15,0.205
2023-02-17 20:00:00+00:00,7.35,62.477955,0.0,6.7,0.205
2023-02-17 21:00:00+00:00,6.2,60.414413,0.0,6.45,0.205
2023-02-17 22:00:00+00:00,5.95,60.573658,0.0,6.15,0.206
2023-02-17 23:00:00+00:00,5.8,59.21875,0.0,5.8,0.206
2023-02-18 00:00:00+00:00,5.45,58.47983,0.0,5.65,0.202
2023-02-18 01:00:00+00:00,4.9,58.772167,0.0,5.35,0.203
2023-02-18 02:00:00+00:00,4.25,57.738712,0.0,5.1,0.203
2023-02-18 03:00:00+00:00,3.9,56.15604,0.0,4.8,0.203
2023-02-18 04:00:00+00:00,3.8,54.26166,0.0,4.55,0.203
2023-02-18 05:00:00+00:00,3.85,54.685467,0.0,4.45,0.203
2023-02-18 06:00:00+00:00,5.7,53.970627,0.0,5.2,0.203
2023-02-18 07:00:00+00:00,8.55,58.629086,0.0,6.9,0.203
2023-02-18 08:00:00+00:00,11.55,48.491722,0.0,9.1,0.202
2023-02-18 09:00:00+00:00,13.25,43.683697,0.0,11.3,0.2
2023-02-18 10:00:00+00:00,13.9,41.72499,0.0,13.2,0.199
2023-02-18 11:00:00+00:00,14.3,44.300903,0.0,14.6,0.197
2023-02-18 12:00:00+00:00,14.6,42.531578,0.0,15.4,0.194
2023-02-18 13:00:00+00:00,14.4,45.606483,0.0,15.3,0.193
2023-02-18 14:00:00+00:00,13.95,49.510323,0.0,14.65,0.193
2023-02-18 15:00:00+00:00,12.35,68.8946,0.0,13.4,0.192
2023-02-18 16:00:00+00:00,10.7,73.22036,0.0,11.7,0.193
2023-02-18 17:00:00+00:00,10.9,69.55636,0.0,10.4,0.193
2023-02-18 18:00:00+00:00,12.55,60.88246,0.0,9.35,0.194
2023-02-18 19:00:00+00:00,9.7,72.53139,0.0,8.6,0.194
2023-02-18 20:00:00+00:00,8.3,79.43533,0.0,8.15,0.194
2023-02-18 21:00:00+00:00,8.55,75.952034,0.0,8.05,0.195
2023-02-18 22:00:00+00:00,8.75,75.19398,0.0,8.2,0.195
2023-02-18 23:00:00+00:00,8.75,74.409775,0.0,8.25,0.195
2023-02-19 00:00:00+00:00,8.6,74.90578,0.0,9.9,0.188
2023-02-19 01:00:00+00:00,8.05,75.86811,0.0,9.15,0.189
2023-02-19 02:00:00+00:00,8.05,74.285995,0.0,8.75,0.189
2023-02-19 03:00:00+00:00,8.1,69.477,0.0,8.65,0.189
2023-02-19 04:00:00+00:00,7.15,69.03575,0.0,8.35,0.189
2023-02-19 05:00:00+00:00,6.85,69.717995,0.0,8.05,0.189
2023-02-19 06:00:00+00:00,8.6,67.16183,0.0,8.45,0.189
2023-02-19 07:00:00+00:00,11.05,63.789684,0.0,9.75,0.189
2023-02-19 08:00:00+00:00,13.35,58.996593,0.0,11.45,0.188
2023-02-19 09:00:00+00:00,14.75,60.365074,0.0,13.3,0.187
2023-02-19 10:00:00+00:00,15.45,62.20028,0.0,15.05,0.185
2023-02-19 11:00:00+00:00,15.7,64.18058,0.0,16.3,0.184
2023-02-19 12:00:00+00:00,16.1,57.674072,0.0,16.85,0.182
2023-02-19 13:00:00+00:00,15.5,60.957623,0.0,16.7,0.181
2023-02-19 14:00:00+00:00,15.0,62.519802,0.0,16.0,0.18
2023-02-19 15:00:00+00:00,13.85,68.03314,0.0,14.9,0.18
2023-02-19 16:00:00+00:00,13.05,69.98437,0.0,13.5,0.18
2023-02-19 17:00:00+00:00,12.35,75.03331,0.0,12.35,0.18
2023-02-19 18:00:00+00:00,10.95,80.91352,0.0,11.35,0.181
2023-02-19 19:00:00+00:00,13.35,69.3325,0.0,10.55,0.181
2023-02-19 20:00:00+00:00,10.2,82.769035,0.0,10.05,0.181
2023-02-19 21:00:00+00:00,10.3,80.27351,0.0,9.8,0.182
2023-02-19 22:00:00+00:00,9.95,79.94931,0.0,9.55,0.182
2023-02-19 23:00:00+00:00,9.75,80.19622,0.0,9.3,0.182
2023-02-20 00:00:00+00:00,8.4,78.07821,0.0,10.65,0.179
2023-02-20 01:00:00+00:00,8.5,77.01203,0.0,10.05,0.179
2023-02-20 02:00:00+00:00,8.9,74.17663,0.0,9.7,0.179
2023-02-20 03:00:00+00:00,8.9,74.69656,0.0,9.45,0.179
2023-02-20 04:00:00+00:00,8.65,76.23439,0.0,9.25,0.18
2023-02-20 05:00:00+00:00,8.85,76.800575,0.0,9.2,0.18
2023-02-20 06:00:00+00:00,10.65,72.95893,0.0,9.8,0.18
2023-02-20 07:00:00+00:00,13.1,70.95338,0.0,11.2,0.179
2023-02-20 08:00:00+00:00,14.65,72.454254,0.0,12.85,0.179
2023-02-20 09:00:00+00:00,15.35,70.433136,0.0,14.6,0.178
2023-02-20 10:00:00+00:00,15.65,66.814644,0.4,15.95,0.181
2023-02-20 11:00:00+00:00,15.45,69.749115,0.3,16.45,0.183
2023-02-20 12:00:00+00:00,17.15,50.90768,0.0,17.2,0.181
2023-02-20 13:00:00+00:00,16.85,53.324837,0.0,17.25,0.18
2023-02-20 14:00:00+00:00,16.45,52.494057,0.0,16.7,0.179
2023-02-20 15:00:00+00:00,15.8,62.070942,0.0,15.85,0.179
2023-02-20 16:00:00+00:00,15.05,63.81849,0.0,14.9,0.179
2023-02-20 17:00:00+00:00,14.4,64.98609,0.0,14.05,0.179
2023-02-20 18:00:00+00:00,13.75,71.802315,0.0,13.35,0.179
2023-02-20 19:00:00+00:00,13.5,72.732895,0.0,12.7,0.179
2023-02-20 20:00:00+00:00,12.25,78.39729,0.0,11.95,0.179
2023-02-20 21:00:00+00:00,13.0,72.39545,0.0,11.35,0.18
2023-02-20 22:00:00+00:00,10.35,84.210175,0.0,10.9,0.18
2023-02-20 23:00:00+00:00,10.25,77.02611,0.0,10.5,0.18
2023-02-21 00:00:00+00:00,10.7,76.046585,0.0,12.55,0.177
2023-02-21 01:00:00+00:00,10.6,74.21955,0.0,11.65,0.177
2023-02-21 02:00:00+00:00,9.5,77.17241,0.0,10.95,0.177
2023-02-21 03:00:00+00:00,8.7,78.39676,0.0,10.35,0.178
2023-02-21 04:00:00+00:00,8.95,76.549995,0.0,9.8,0.178
2023-02-21 05:00:00+00:00,9.9,75.65162,0.0,9.65,0.178
2023-02-21 06:00:00+00:00,12.45,66.58762,0.0,10.45,0.178
2023-02-21 07:00:00+00:00,14.9,53.918785,0.0,12.0,0.177
2023-02-21 08:00:00+00:00,15.95,45.08796,0.0,13.65,0.176
2023-02-21 09:00:00+00:00,16.35,49.48001,0.0,15.3,0.174
2023-02-21 10:00:00+00:00,16.55,53.795586,0.0,16.75,0.173
2023-02-21 11:00:00+00:00,16.6,56.057617,0.0,17.75,0.171
2023-02-21 12:00:00+00:00,16.05,68.25453,0.0,18.2,0.171
2023-02-21 13:00:00+00:00,16.25,72.02569,0.0,18.1,0.17
2023-02-21 14:00:00+00:00,16.05,73.19219,0.0,17.55,0.17
2023-02-21 15:00:00+00:00,15.25,78.323006,0.0,16.55,0.17
2023-02-21 16:00:00+00:00,14.25,82.712975,0.0,15.15,0.17
2023-02-21 17:00:00+00:00,14.25,79.74961,0.0,14.0,0.17
2023-02-21 18:00:00+00:00,13.95,79.70718,0.0,13.2,0.171
2023-02-21 19:00:00+00:00,13.1,79.053925,0.0,12.45,0.171
2023-02-21 20:00:00+00:00,12.1,80.795715,0.0,11.75,0.171
2023-02-21 21:00:00+00:00,13.2,75.17741,0.0,11.1,0.172
2023-02-21 22:00:00+00:00,10.2,86.22275,0.0,10.55,0.172
2023-02-21 23:00:00+00:00,10.3,85.64896,0.0,10.2,0.172
2023-02-22 00:00:00+00:00,10.0,79.40894,0.0,11.1,0.172
2023-02-22 01:00:00+00:00,10.6,80.04155,0.0,10.6,0.173
2023-02-22 02:00:00+00:00,10.65,81.42628,0.0,10.2,0.173
2023-02-22 03:00:00+00:00,10.25,81.373085,0.0,9.85,0.173
2023-02-22 04:00:00+00:00,9.2,80.11849,0.0,9.6,0.173
2023-02-22 05:00:00+00:00,8.8,78.684845,0.0,9.5,0.174
2023-02-22 06:00:00+00:00,10.9,77.12976,0.0,10.25,0.174
2023-02-22 07:00:00+00:00,13.7,75.26163,0.0,11.85,0.173
2023-02-22 08:00:00+00:00,15.65,68.172966,0.0,13.7,0.172
2023-02-22 09:00:00+00:00,16.5,63.287754,0.0,15.25,0.171
2023-02-22 10:00:00+00:00,16.85,60.45651,0.0,16.6,0.17
2023-02-22 11:00:00+00:00,16.9,59.458164,0.0,17.55,0.169
2023-02-22 12:00:00+00:00,18.2,45.72302,0.0,18.55,0.167
2023-02-22 13:00:00+00:00,17.55,47.14183,0.0,18.55,0.165
2023-02-22 14:00:00+00:00,16.65,49.90541,0.0,17.9,0.165
2023-02-22 15:00:00+00:00,15.45,61.779602,0.0,16.7,0.164
2023-02-22 16:00:00+00:00,14.25,72.380936,0.0,15.15,0.164
2023-02-22 17:00:00+00:00,13.05,78.78155,0.0,13.8,0.165
2023-02-22 18:00:00+00:00,12.3,80.82288,0.0,12.75,0.165
2023-02-22 19:00:00+00:00,11.5,80.713936,0.0,11.85,0.165
2023-02-22 20:00:00+00:00,11.0,79.28308,0.0,11.2,0.166
2023-02-22 21:00:00+00:00,10.05,80.51417,0.0,10.7,0.166
2023-02-22 22:00:00+00:00,9.15,82.92279,0.0,10.15,0.166
2023-02-22 23:00:00+00:00,8.5,84.577835,0.0,9.65,0.166
2023-02-23 00:00:00+00:00,8.35,86.92761,0.0,11.05,0.173
2023-02-23 01:00:00+00:00,9.2,83.21477,0.0,10.45,0.173
2023-02-23 02:00:00+00:00,8.75,84.024925,0.0,10.0,0.174
2023-02-23 03:00:00+00:00,8.25,83.96639,0.0,9.65,0.174
2023-02-23 04:00:00+00:00,8.15,82.79832,0.0,9.4,0.174
2023-02-23 05:00:00+00:00,9.85,76.961975,0.0,9.35,0.174
2023-02-23 06:00:00+00:00,12.05,75.23789,0.0,10.35,0.174
2023-02-23 07:00:00+00:00,13.9,70.866615,0.0,12.1,0.174
2023-02-23 08:00:00+00:00,15.45,65.879364,0.0,14.1,0.173
2023-02-23 09:00:00+00:00,16.65,64.17632,0.0,16.1,0.172
2023-02-23 10:00:00+00:00,17.15,60.935654,0.1,17.5,0.171
2023-02-23 11:00:00+00:00,17.15,60.731396,0.1,18.3,0.171
2023-02-23 12:00:00+00:00,17.6,52.08429,0.1,18.85,0.169
2023-02-23 13:00:00+00:00,17.25,50.06874,0.0,18.65,0.168
2023-02-23 14:00:00+00:00,17.0,57.70201,0.0,18.0,0.167
2023-02-23 15:00:00+00:00,15.95,69.15181,0.0,16.95,0.167
2023-02-23 16:00:00+00:00,15.15,72.545525,0.0,15.65,0.167
2023-02-23 17:00:00+00:00,14.9,76.21916,0.0,14.65,0.167
2023-02-23 18:00:00+00:00,13.65,82.63912,0.0,13.75,0.168
2023-02-23 19:00:00+00:00,13.55,79.11952,0.0,12.8,0.168
2023-02-23 20:00:00+00:00,15.4,69.97311,0.0,12.0,0.168
2023-02-23 21:00:00+00:00,13.2,79.06852,0.0,11.35,0.168
2023-02-23 22:00:00+00:00,10.9,91.37889,0.0,10.9,0.169
2023-02-23 23:00:00+00:00,11.4,88.10317,0.0,10.7,0.169
2023-02-24 00:00:00+00:00,10.6,91.35934,0.0,11.45,0.167
2023-02-24 01:00:00+00:00,11.45,88.99885,0.0,10.85,0.167
2023-02-24 02:00:00+00:00,10.6,84.525444,0.0,10.5,0.167
2023-02-24 03:00:00+00:00,8.9,87.579445,0.0,10.2,0.168
2023-02-24 04:00:00+00:00,8.45,87.83923,0.0,9.8,0.168
2023-02-24 05:00:00+00:00,9.1,84.64553,0.0,9.7,0.168
2023-02-24 06:00:00+00:00,11.9,81.041885,0.0,10.65,0.168
2023-02-24 07:00:00+00:00,14.3,78.18054,0.0,12.4,0.168
2023-02-24 08:00:00+00:00,15.8,74.864426,0.0,14.4,0.167
2023-02-24 09:00:00+00:00,16.8,68.86225,0.0,16.3,0.166
2023-02-24 10:00:00+00:00,17.45,62.66013,0.0,17.95,0.164
2023-02-24 11:00:00+00:00,17.75,60.0638,0.0,19.1,0.163
2023-02-24 12:00:00+00:00,18.0,62.9943,0.0,19.75,0.161
2023-02-24 13:00:00+00:00,17.9,63.1814,0.0,19.65,0.16
2023-02-24 14:00:00+00:00,17.35,65.19345,0.0,19.0,0.159
2023-02-24 15:00:00+00:00,16.15,75.91838,0.0,17.8,0.159
2023-02-24 16:00:00+00:00,14.35,86.91963,0.0,16.1,0.159
2023-02-24 17:00:00+00:00,13.6,88.586426,0.0,14.75,0.159
2023-02-24 18:00:00+00:00,13.0,90.31229,0.0,13.7,0.16
2023-02-24 19:00:00+00:00,12.9,89.41235,0.0,12.85,0.16
2023-02-24 20:00:00+00:00,11.55,92.95892,0.0,12.1,0.16
2023-02-24 21:00:00+00:00,11.35,91.7143,0.0,11.75,0.161
2023-02-24 22:00:00+00:00,10.75,92.29448,0.0,11.4,0.161
2023-02-24 23:00:00+00:00,11.05,91.08266,0.0,11.1,0.161
2023-02-25 00:00:00+00:00,10.0,91.32004,0.0,11.9,0.166
2023-02-25 01:00:00+00:00,10.75,86.57071,0.0,11.25,0.166
2023-02-25 02:00:00+00:00,9.25,78.480484,0.0,10.85,0.166
2023-02-25 03:00:00+00:00,8.6,74.123314,0.0,10.35,0.167
2023-02-25 04:00:00+00:00,8.4,71.27708,0.0,9.8,0.167
2023-02-25 05:00:00+00:00,8.6,61.662193,0.0,9.55,0.167
2023-02-25 06:00:00+00:00,11.0,54.216652,0.0,10.3,0.167
2023-02-25 07:00:00+00:00,14.4,57.84358,0.0,12.15,0.166
2023-02-25 08:00:00+00:00,16.55,49.706203,0.0,14.35,0.165
2023-02-25 09:00:00+00:00,17.45,48.264656,0.0,16.45,0.164
2023-02-25 10:00:00+00:00,18.15,48.4574,0.0,18.3,0.162
2023-02-25 11:00:00+00:00,18.65,50.27651,0.0,19.55,0.16
2023-02-25 12:00:00+00:00,19.2,38.173424,0.0,19.9,0.16
2023-02-25 13:00:00+00:00,18.6,41.610626,0.0,19.85,0.158
2023-02-25 14:00:00+00:00,17.85,46.739967,0.0,19.2,0.158
2023-02-25 15:00:00+00:00,16.25,61.965843,0.0,17.9,0.157
2023-02-25 16:00:00+00:00,14.1,76.3442,0.0,16.1,0.157
2023-02-25 17:00:00+00:00,13.75,76.80085,0.0,14.65,0.158
2023-02-25 18:00:00+00:00,13.8,73.77501,0.0,13.55,0.158
2023-02-25 19:00:00+00:00,11.75,79.3921,0.0,12.65,0.158
2023-02-25 20:00:00+00:00,11.1,75.85238,0.0,11.9,0.159
2023-02-25 21:00:00+00:00,10.9,73.00464,0.0,11.35,0.159
2023-02-25 22:00:00+00:00,10.45,72.41938,0.0,10.9,0.159
2023-02-25 23:00:00+00:00,10.7,69.27518,0.0,10.55,0.159
2023-02-26 00:00:00+00:00,10.5,63.440334,0.0,11.4,0.158
2023-02-26 01:00:00+00:00,10.3,55.79812,0.0,10.85,0.158
2023-02-26 02:00:00+00:00,9.4,56.366764,0.0,10.4,0.158
2023-02-26 03:00:00+00:00,8.95,56.046944,0.0,10.05,0.158
2023-02-26 04:00:00+00:00,8.95,54.647694,0.0,9.75,0.158
2023-02-26 05:00:00+00:00,9.8,53.70236,0.0,9.7,0.158
2023-02-26 06:00:00+00:00,12.65,52.574764,0.0,10.65,0.158
2023-02-26 07:00:00+00:00,15.35,50.948116,0.0,12.45,0.157
2023-02-26 08:00:00+00:00,17.85,44.842644,0.0,14.5,0.156
2023-02-26 09:00:00+00:00,19.45,40.29193,0.0,16.45,0.154
2023-02-26 10:00:00+00:00,20.3,38.357162,0.0,18.1,0.153
2023-02-26 11:00:00+00:00,20.8,37.841743,0.0,19.35,0.151
2023-02-26 12:00:00+00:00,21.9,29.086119,0.0,20.15,0.149
2023-02-26 13:00:00+00:00,21.9,30.23685,0.0,20.45,0.147
2023-02-26 14:00:00+00:00,20.85,37.465538,0.0,20.0,0.146
2023-02-26 15:00:00+00:00,17.9,69.30869,0.0,18.75,0.146
2023-02-26 16:00:00+00:00,18.8,46.683697,0.0,16.85,0.146
2023-02-26 17:00:00+00:00,14.85,63.77342,0.0,15.35,0.146
2023-02-26 18:00:00+00:00,14.6,57.10123,0.0,14.2,0.147
2023-02-26 19:00:00+00:00,13.5,59.856346,0.0,13.5,0.147
2023-02-26 20:00:00+00:00,13.2,55.959198,0.0,13.05,0.147
2023-02-26 21:00:00+00:00,12.95,53.96859,0.0,12.65,0.147
2023-02-26 22:00:00+00:00,12.8,53.73941,0.0,12.3,0.147
2023-02-26 23:00:00+00:00,12.2,55.309284,0.0,12.0,0.147
2023-02-27 00:00:00+00:00,12.25,48.51469,0.0,11.65,0.146
2023-02-27 01:00:00+00:00,11.25,50.541023,0.0,11.4,0.146
2023-02-27 02:00:00+00:00,11.3,50.37393,0.0,11.25,0.146
2023-02-27 03:00:00+00:00,12.05,47.25698,0.0,11.15,0.146
2023-02-27 04:00:00+00:00,12.05,46.750183,0.0,11.1,0.146
2023-02-27 05:00:00+00:00,12.05,48.80671,0.0,11.15,0.146
2023-02-27 06:00:00+00:00,13.85,50.7171,0.0,12.0,0.145
2023-02-27 07:00:00+00:00,16.7,49.919037,0.0,13.75,0.145
2023-02-27 08:00:00+00:00,19.8,42.53397,0.0,15.9,0.144
2023-02-27 09:00:00+00:00,20.95,37.88479,0.0,17.8,0.142
2023-02-27 10:00:00+00:00,21.55,37.407974,0.0,19.45,0.141
2023-02-27 11:00:00+00:00,22.05,37.294365,0.0,20.75,0.139
2023-02-27 12:00:00+00:00,22.3,33.232563,0.0,21.55,0.14
2023-02-27 13:00:00+00:00,21.05,47.464275,0.0,21.65,0.138
2023-02-27 14:00:00+00:00,19.25,62.86043,0.0,21.05,0.138
2023-02-27 15:00:00+00:00,17.3,77.60871,0.0,19.7,0.138
2023-02-27 16:00:00+00:00,14.75,89.55606,0.0,17.75,0.138
2023-02-27 17:00:00+00:00,15.1,85.29942,0.0,16.3,0.138
2023-02-27 18:00:00+00:00,14.35,80.82964,0.0,15.25,0.138
2023-02-27 19:00:00+00:00,13.2,80.135704,0.0,14.35,0.139
2023-02-27 20:00:00+00:00,12.5,80.30769,0.0,13.6,0.139
2023-02-27 21:00:00+00:00,12.15,79.98853,0.0,13.05,0.139
2023-02-27 22:00:00+00:00,11.9,79.413795,0.0,12.55,0.139
2023-02-27 23:00:00+00:00,11.7,77.256424,0.0,12.15,0.14
2023-02-28 00:00:00+00:00,12.85,73.35746,0.0,11.75,0.139
2023-02-28 01:00:00+00:00,12.7,73.58005,0.0,11.75,0.14
2023-02-28 02:00:00+00:00,11.55,71.87891,0.0,11.55,0.14
2023-02-28 03:00:00+00:00,10.6,68.77496,0.0,11.3,0.14
2023-02-28 04:00:00+00:00,10.3,67.76081,0.0,11.05,0.14
2023-02-28 05:00:00+00:00,10.85,63.967503,0.0,11.05,0.14
2023-02-28 06:00:00+00:00,13.5,58.220818,0.0,12.0,0.14
2023-02-28 07:00:00+00:00,16.6,56.440395,0.0,13.85,0.14
2023-02-28 08:00:00+00:00,19.65,51.4032,0.0,16.15,0.139
2023-02-28 09:00:00+00:00,21.85,44.892395,0.0,18.45,0.137
2023-02-28 10:00:00+00:00,22.85,40.706333,0.0,20.4,0.136
2023-02-28 11:00:00+00:00,23.2,39.31815,0.0,21.85,0.134
2023-02-28 12:00:00+00:00,22.3,54.55256,0.0,22.55,0.135
2023-02-28 13:00:00+00:00,21.5,59.76672,0.0,22.65,0.134
2023-02-28 14:00:00+00:00,20.4,64.78565,0.0,22.0,0.133
2023-02-28 15:00:00+00:00,19.05,68.85727,0.0,20.65,0.133
2023-02-28 16:00:00+00:00,16.95,75.79939,0.0,18.7,0.133
2023-02-28 17:00:00+00:00,17.45,66.08699,0.0,17.15,0.134
2023-02-28 18:00:00+00:00,16.9,67.07679,0.0,15.85,0.134
2023-02-28 19:00:00+00:00,15.1,77.52656,0.0,15.0,0.134
2023-02-28 20:00:00+00:00,13.85,79.959114,0.0,14.4,0.134
2023-02-28 21:00:00+00:00,13.2,80.40447,0.0,13.8,0.135
2023-02-28 22:00:00+00:00,12.85,77.96052,0.0,13.2,0.135
2023-02-28 23:00:00+00:00,12.4,75.553,0.0,12.7,0.135
2023-03-01 00:00:00+00:00,11.65,73.39205,0.0,11.15,0.139
2023-03-01 01:00:00+00:00,10.3,80.27351,0.0,11.0,0.14
2023-03-01 02:00:00+00:00,10.25,78.90199,0.0,10.7,0.14
2023-03-01 03:00:00+00:00,10.6,78.41504,0.0,10.6,0.14
2023-03-01 04:00:00+00:00,10.9,77.92573,0.0,10.55,0.14
2023-03-01 05:00:00+00:00,11.45,68.94877,0.0,10.75,0.141
2023-03-01 06:00:00+00:00,13.8,57.29467,0.0,11.95,0.14
2023-03-01 07:00:00+00:00,16.7,56.850636,0.0,13.9,0.14
2023-03-01 08:00:00+00:00,19.65,50.03684,0.0,16.35,0.139
2023-03-01 09:00:00+00:00,21.65,47.947853,0.0,18.75,0.138
2023-03-01 10:00:00+00:00,22.4,49.610123,0.0,20.95,0.136
2023-03-01 11:00:00+00:00,22.55,53.378944,0.0,22.4,0.134
2023-03-01 12:00:00+00:00,23.85,49.18445,0.0,23.05,0.132
2023-03-01 13:00:00+00:00,21.7,59.619637,0.0,23.05,0.131
2023-03-01 14:00:00+00:00,20.15,64.10124,0.0,22.3,0.131
2023-03-01 15:00:00+00:00,18.7,72.001976,0.0,20.9,0.13
2023-03-01 16:00:00+00:00,17.05,79.10314,0.0,19.05,0.131
2023-03-01 17:00:00+00:00,16.35,77.97335,0.0,17.55,0.131
2023-03-01 18:00:00+00:00,15.05,79.07421,0.0,16.4,0.131
2023-03-01 19:00:00+00:00,15.0,73.73906,0.0,15.4,0.131
2023-03-01 20:00:00+00:00,13.6,84.29682,0.0,14.55,0.132
2023-03-01 21:00:00+00:00,13.05,85.3643,0.0,13.85,0.132
2023-03-01 22:00:00+00:00,13.35,82.32709,0.0,13.4,0.132
2023-03-01 23:00:00+00:00,13.8,82.932556,0.0,13.15,0.133
2023-03-02 00:00:00+00:00,11.65,77.776024,0.0,12.6,0.133
2023-03-02 01:00:00+00:00,12.45,72.540596,0.0,12.35,0.133
2023-03-02 02:00:00+00:00,12.2,72.00092,0.0,12.25,0.133
2023-03-02 03:00:00+00:00,11.95,71.46276,0.0,11.75,0.133
2023-03-02 04:00:00+00:00,11.5,73.11389,0.0,11.35,0.133
2023-03-02 05:00:00+00:00,11.5,75.144554,0.0,11.45,0.134
2023-03-02 06:00:00+00:00,14.15,69.49214,0.0,12.6,0.134
2023-03-02 07:00:00+00:00,17.8,65.0749,0.0,14.75,0.133
2023-03-02 08:00:00+00:00,20.55,55.92846,0.0,17.3,0.132
2023-03-02 09:00:00+00:00,22.05,50.51101,0.0,19.8,0.131
2023-03-02 10:00:00+00:00,22.9,47.80988,0.0,21.85,0.129
2023-03-02 11:00:00+00:00,23.1,47.234653,0.0,23.15,0.128
2023-03-02 12:00:00+00:00,22.75,57.961914,0.0,23.7,0.127
2023-03-02 13:00:00+00:00,21.7,63.81882,0.0,23.6,0.127
2023-03-02 14:00:00+00:00,20.3,66.90294,0.0,22.65,0.126
2023-03-02 15:00:00+00:00,18.85,70.86745,0.0,21.2,0.126
2023-03-02 16:00:00+00:00,18.45,68.96356,0.0,19.65,0.126
2023-03-02 17:00:00+00:00,18.3,69.84345,0.0,18.25,0.126
2023-03-02 18:00:00+00:00,17.05,72.88852,0.0,17.3,0.127
2023-03-02 19:00:00+00:00,16.3,71.32226,0.0,16.5,0.127
2023-03-02 20:00:00+00:00,15.9,69.604866,0.0,16.0,0.127
2023-03-02 21:00:00+00:00,15.45,66.99736,0.0,15.6,0.127
2023-03-02 22:00:00+00:00,15.95,61.687183,0.0,15.45,0.127
2023-03-02 23:00:00+00:00,15.5,63.274406,0.0,15.3,0.127
2023-03-03 00:00:00+00:00,17.5,45.842716,0.0,16.55,0.13
2023-03-03 01:00:00+00:00,17.3,45.627987,0.0,16.2,0.13
2023-03-03 02:00:00+00:00,16.95,47.30116,0.0,15.95,0.129
2023-03-03 03:00:00+00:00,16.55,48.349636,0.0,15.7,0.129
2023-03-03 04:00:00+00:00,16.8,46.607918,0.0,15.5,0.129
2023-03-03 05:00:00+00:00,18.0,44.268017,0.0,15.6,0.129
2023-03-03 06:00:00+00:00,19.35,45.88759,0.0,16.4,0.129
2023-03-03 07:00:00+00:00,21.2,45.934643,0.0,17.9,0.128
2023-03-03 08:00:00+00:00,21.45,45.695396,0.0,19.4,0.127
2023-03-03 09:00:00+00:00,20.95,55.29415,0.0,20.45,0.126
2023-03-03 10:00:00+00:00,19.95,73.40061,0.2,21.15,0.127
2023-03-03 11:00:00+00:00,19.65,77.71351,0.7,21.35,0.135
2023-03-03 12:00:00+00:00,20.25,80.82819,0.2,21.4,0.142
2023-03-03 13:00:00+00:00,19.9,82.33618,0.0,21.7,0.141
2023-03-03 14:00:00+00:00,19.2,82.25017,0.0,21.3,0.141
2023-03-03 15:00:00+00:00,18.25,84.26753,0.0,20.4,0.141
2023-03-03 16:00:00+00:00,17.35,93.85488,0.0,19.2,0.141
2023-03-03 17:00:00+00:00,17.3,94.753,0.0,18.35,0.141
2023-03-03 18:00:00+00:00,17.15,89.45098,0.0,17.65,0.141
2023-03-03 19:00:00+00:00,17.25,80.951225,0.0,17.15,0.141
2023-03-03 20:00:00+00:00,16.8,83.56211,0.0,16.75,0.142
2023-03-03 21:00:00+00:00,16.8,83.29161,0.0,16.45,0.142
2023-03-03 22:00:00+00:00,16.8,85.20139,0.0,16.25,0.142
2023-03-03 23:00:00+00:00,16.8,85.75407,0.0,16.1,0.142
2023-03-04 00:00:00+00:00,16.5,91.73214,0.0,16.95,0.141
2023-03-04 01:00:00+00:00,16.2,92.30615,0.0,16.55,0.142
2023-03-04 02:00:00+00:00,16.1,92.300446,0.0,16.25,0.142
2023-03-04 03:00:00+00:00,16.15,88.51088,0.0,16.05,0.142
2023-03-04 04:00:00+00:00,16.05,85.39925,0.0,15.8,0.142
2023-03-04 05:00:00+00:00,16.45,82.441605,0.0,15.8,0.142
2023-03-04 06:00:00+00:00,17.35,75.617035,0.0,16.45,0.142
2023-03-04 07:00:00+00:00,17.8,72.309074,0.0,17.45,0.142
2023-03-04 08:00:00+00:00,18.2,68.46284,0.0,18.55,0.141
2023-03-04 09:00:00+00:00,18.45,66.51744,0.0,19.55,0.14
2023-03-04 10:00:00+00:00,18.5,65.44182,0.0,20.4,0.139
2023-03-04 11:00:00+00:00,18.3,65.3988,0.0,20.7,0.138
2023-03-04 12:00:00+00:00,18.3,68.03465,0.0,21.15,0.137
2023-03-04 13:00:00+00:00,18.0,67.973694,0.0,20.95,0.136
2023-03-04 14:00:00+00:00,17.55,68.55787,0.0,20.4,0.136
2023-03-04 15:00:00+00:00,16.85,72.85268,0.0,19.45,0.135
2023-03-04 16:00:00+00:00,15.95,77.91296,0.0,18.25,0.135
2023-03-04 17:00:00+00:00,15.9,77.64935,0.0,17.4,0.135
2023-03-04 18:00:00+00:00,15.3,80.425446,0.0,16.45,0.136
2023-03-04 19:00:00+00:00,14.05,85.46975,0.0,15.45,0.136
2023-03-04 20:00:00+00:00,14.3,82.71911,0.0,14.65,0.136
2023-03-04 21:00:00+00:00,15.7,77.10826,0.0,14.0,0.136
2023-03-04 22:00:00+00:00,13.75,86.29024,0.0,13.6,0.136
2023-03-04 23:00:00+00:00,13.1,87.66835,0.0,13.4,0.137
2023-03-05 00:00:00+00:00,13.35,90.33747,0.0,13.85,0.138
2023-03-05 01:00:00+00:00,13.05,90.01776,0.0,13.5,0.138
2023-03-05 02:00:00+00:00,12.9,88.527435,0.0,13.25,0.138
2023-03-05 03:00:00+00:00,12.4,89.67078,0.0,13.05,0.138
2023-03-05 04:00:00+00:00,11.7,92.349724,0.0,12.9,0.138
2023-03-05 05:00:00+00:00,12.05,91.757904,0.0,13.0,0.139
2023-03-05 06:00:00+00:00,14.0,84.621284,0.0,13.8,0.139
2023-03-05 07:00:00+00:00,16.05,75.90211,0.0,15.2,0.138
2023-03-05 08:00:00+00:00,17.95,64.46357,0.0,16.95,0.138
2023-03-05 09:00:00+00:00,19.7,50.0503,0.0,18.85,0.136
2023-03-05 10:00:00+00:00,20.6,43.792812,0.0,20.55,0.135
2023-03-05 11:00:00+00:00,21.15,41.47972,0.0,21.7,0.133
2023-03-05 12:00:00+00:00,21.4,40.70963,0.0,22.0,0.131
2023-03-05 13:00:00+00:00,21.35,40.974064,0.0,22.1,0.13
2023-03-05 14:00:00+00:00,20.6,45.45925,0.0,21.3,0.13
2023-03-05 15:00:00+00:00,19.4,54.900288,0.0,20.3,0.129
2023-03-05 16:00:00+00:00,18.2,55.707584,0.0,19.0,0.129
2023-03-05 17:00:00+00:00,17.7,56.14643,0.0,18.1,0.129
2023-03-05 18:00:00+00:00,17.25,56.03241,0.0,17.4,0.129
2023-03-05 19:00:00+00:00,16.6,59.586674,0.0,16.8,0.129
2023-03-05 20:00:00+00:00,15.95,65.10635,0.0,16.05,0.129
2023-03-05 21:00:00+00:00,15.3,73.54649,0.0,15.55,0.129
2023-03-05 22:00:00+00:00,17.45,69.90801,0.0,15.35,0.129
2023-03-05 23:00:00+00:00,17.9,70.6878,0.0,15.65,0.129
2023-03-06 00:00:00+00:00,17.85,74.23322,0.0,16.9,0.129
2023-03-06 01:00:00+00:00,17.75,82.600975,0.0,16.75,0.129
2023-03-06 02:00:00+00:00,17.5,79.94174,0.0,16.65,0.129
2023-03-06 03:00:00+00:00,17.1,74.83707,0.0,16.5,0.129
2023-03-06 04:00:00+00:00,17.15,67.128876,0.0,16.35,0.129
2023-03-06 05:00:00+00:00,17.2,64.51293,0.0,16.35,0.129
2023-03-06 06:00:00+00:00,17.6,61.45102,0.0,16.8,0.128
2023-03-06 07:00:00+00:00,17.85,60.288933,0.0,17.5,0.128
2023-03-06 08:00:00+00:00,18.1,58.75597,0.0,18.4,0.127
2023-03-06 09:00:00+00:00,18.2,59.77066,0.0,19.25,0.126
2023-03-06 10:00:00+00:00,18.35,58.22977,0.0,19.95,0.126
2023-03-06 11:00:00+00:00,18.4,57.853687,0.0,20.45,0.125
2023-03-06 12:00:00+00:00,19.35,56.373154,0.0,20.8,0.122
2023-03-06 13:00:00+00:00,18.85,60.52549,0.0,20.8,0.121
2023-03-06 14:00:00+00:00,18.2,58.583942,0.0,20.35,0.121
2023-03-06 15:00:00+00:00,17.3,62.835537,0.0,19.5,0.12
2023-03-06 16:00:00+00:00,16.6,69.74228,0.0,18.45,0.12
2023-03-06 17:00:00+00:00,16.35,72.0441,0.0,17.65,0.12
2023-03-06 18:00:00+00:00,16.0,75.64391,0.0,17.05,0.12
2023-03-06 19:00:00+00:00,16.2,74.68501,0.0,16.55,0.12
2023-03-06 20:00:00+00:00,14.0,80.246796,0.3,15.9,0.124
2023-03-06 21:00:00+00:00,13.45,87.41035,0.0,15.3,0.124
2023-03-06 22:00:00+00:00,14.4,85.22525,0.0,15.0,0.124
2023-03-06 23:00:00+00:00,13.95,88.61577,0.0,14.65,0.124
2023-03-07 00:00:00+00:00,14.2,88.92814,0.0,15.7,0.109
2023-03-07 01:00:00+00:00,13.8,88.60321,0.0,15.05,0.11
2023-03-07 02:00:00+00:00,12.55,88.792595,0.0,14.45,0.11
2023-03-07 03:00:00+00:00,12.45,85.87263,0.0,13.9,0.11
2023-03-07 04:00:00+00:00,12.65,86.18012,0.0,13.5,0.11
2023-03-07 05:00:00+00:00,14.7,82.223724,0.0,13.6,0.111
2023-03-07 06:00:00+00:00,16.5,76.47604,0.0,14.85,0.111
2023-03-07 07:00:00+00:00,17.05,72.64914,0.0,16.2,0.111
2023-03-07 08:00:00+00:00,17.35,74.39064,0.1,17.7,0.111
2023-03-07 09:00:00+00:00,17.25,76.09645,0.0,18.45,0.111
2023-03-07 10:00:00+00:00,17.6,70.39886,0.1,19.45,0.111
2023-03-07 11:00:00+00:00,17.65,68.35211,0.0,20.0,0.111
2023-03-07 12:00:00+00:00,18.6,63.54844,0.1,19.85,0.117
2023-03-07 13:00:00+00:00,18.6,60.265827,0.0,20.05,0.116
2023-03-07 14:00:00+00:00,18.1,60.14715,0.0,19.75,0.116
2023-03-07 15:00:00+00:00,17.45,63.713787,0.0,18.95,0.116
2023-03-07 16:00:00+00:00,16.8,63.99515,0.0,17.95,0.116
2023-03-07 17:00:00+00:00,16.4,65.86255,0.0,17.05,0.116
2023-03-07 18:00:00+00:00,15.3,72.57282,0.0,16.15,0.116
2023-03-07 19:00:00+00:00,16.65,61.642452,0.0,15.35,0.116
2023-03-07 20:00:00+00:00,14.55,73.65983,0.0,14.55,0.116
2023-03-07 21:00:00+00:00,12.65,86.75654,0.0,13.9,0.116
2023-03-07 22:00:00+00:00,12.75,84.20053,0.0,13.45,0.116
2023-03-07 23:00:00+00:00,12.5,82.77349,0.0,13.2,0.117
2023-03-08 00:00:00+00:00,11.7,89.019264,0.0,14.15,0.117
2023-03-08 01:00:00+00:00,11.6,89.30963,0.0,13.55,0.117
2023-03-08 02:00:00+00:00,11.9,86.68363,0.0,13.2,0.117
2023-03-08 03:00:00+00:00,12.0,85.252396,0.0,12.9,0.118
2023-03-08 04:00:00+00:00,12.0,84.96674,0.0,12.65,0.118
2023-03-08 05:00:00+00:00,12.45,83.60425,0.0,12.75,0.118
2023-03-08 06:00:00+00:00,13.9,78.90665,0.0,13.55,0.118
2023-03-08 07:00:00+00:00,15.55,71.65721,0.0,14.85,0.118
2023-03-08 08:00:00+00:00,17.15,61.345978,0.0,16.5,0.117
2023-03-08 09:00:00+00:00,18.65,52.009613,0.0,18.5,0.117
2023-03-08 10:00:00+00:00,19.55,44.858364,0.0,20.5,0.116
2023-03-08 11:00:00+00:00,19.75,44.76137,0.0,21.95,0.115
2023-03-08 12:00:00+00:00,20.1,48.333485,0.0,22.0,0.117
2023-03-08 13:00:00+00:00,19.45,52.92731,0.0,21.95,0.116
2023-03-08 14:00:00+00:00,18.5,55.41013,0.0,21.35,0.116
2023-03-08 15:00:00+00:00,17.45,65.86807,0.0,20.15,0.116
2023-03-08 16:00:00+00:00,16.55,74.49864,0.0,18.75,0.116
2023-03-08 17:00:00+00:00,16.45,74.72737,0.0,17.7,0.116
2023-03-08 18:00:00+00:00,16.4,69.241264,0.0,16.95,0.116
2023-03-08 19:00:00+00:00,16.2,69.201546,0.0,16.3,0.116
2023-03-08 20:00:00+00:00,14.55,77.4416,0.0,15.5,0.116
2023-03-08 21:00:00+00:00,14.8,70.80062,0.0,14.55,0.116
2023-03-08 22:00:00+00:00,14.3,71.1826,0.0,13.75,0.116
2023-03-08 23:00:00+00:00,13.2,76.45524,0.0,13.1,0.117
2023-03-09 00:00:00+00:00,14.0,80.246796,0.0,13.6,0.116
2023-03-09 01:00:00+00:00,14.65,80.86994,0.0,13.35,0.116
2023-03-09 02:00:00+00:00,13.7,86.00034,0.0,13.1,0.116
2023-03-09 03:00:00+00:00,12.75,88.80916,0.0,12.65,0.117
2023-03-09 04:00:00+00:00,14.05,83.514305,0.0,12.4,0.117
2023-03-09 05:00:00+00:00,15.6,79.676445,0.0,12.8,0.117
2023-03-09 06:00:00+00:00,17.25,71.030556,0.0,14.35,0.117
2023-03-09 07:00:00+00:00,18.3,64.540405,0.0,16.2,0.117
2023-03-09 08:00:00+00:00,18.65,65.04428,0.0,18.05,0.116
2023-03-09 09:00:00+00:00,18.95,63.41711,0.0,19.6,0.115
2023-03-09 10:00:00+00:00,19.2,61.821484,0.0,20.85,0.115
2023-03-09 11:00:00+00:00,19.05,63.02274,0.0,21.5,0.114
2023-03-09 12:00:00+00:00,19.2,61.821484,0.0,21.9,0.113
2023-03-09 13:00:00+00:00,18.9,62.988937,0.0,21.75,0.113
2023-03-09 14:00:00+00:00,18.3,66.26725,0.0,21.1,0.113
2023-03-09 15:00:00+00:00,17.55,71.32104,0.0,20.1,0.112
2023-03-09 16:00:00+00:00,16.75,77.271385,0.0,18.85,0.112
2023-03-09 17:00:00+00:00,16.55,79.28993,0.0,17.9,0.113
2023-03-09 18:00:00+00:00,16.55,76.98758,0.0,17.25,0.113
2023-03-09 19:00:00+00:00,16.55,75.98335,0.1,16.8,0.114
2023-03-09 20:00:00+00:00,16.55,74.49864,0.0,16.45,0.114
2023-03-09 21:00:00+00:00,16.45,74.236496,0.0,16.2,0.114
2023-03-09 22:00:00+00:00,16.15,76.92492,0.0,16.05,0.114
2023-03-09 23:00:00+00:00,15.85,78.4123,0.0,15.8,0.115
2023-03-10 00:00:00+00:00,16.75,67.04546,0.0,16.65,0.117
2023-03-10 01:00:00+00:00,16.4,68.55355,0.0,16.3,0.117
2023-03-10 02:00:00+00:00,16.4,71.10497,0.0,16.05,0.117
2023-03-10 03:00:00+00:00,16.75,74.28802,0.0,16.0,0.117
2023-03-10 04:00:00+00:00,16.75,74.53269,0.0,15.9,0.117
2023-03-10 05:00:00+00:00,17.15,73.14633,0.0,16.0,0.117
2023-03-10 06:00:00+00:00,17.6,73.94827,0.0,16.75,0.117
2023-03-10 07:00:00+00:00,17.75,74.45873,0.0,17.85,0.117
2023-03-10 08:00:00+00:00,18.0,72.345345,0.1,19.2,0.117
2023-03-10 09:00:00+00:00,18.35,70.77307,0.0,20.5,0.117
2023-03-10 10:00:00+00:00,18.8,65.93819,0.0,21.6,0.116
2023-03-10 11:00:00+00:00,18.95,63.000187,0.0,22.3,0.115
2023-03-10 12:00:00+00:00,18.5,66.091606,0.0,22.1,0.118
2023-03-10 13:00:00+00:00,18.55,66.97722,0.0,21.85,0.117
2023-03-10 14:00:00+00:00,18.05,67.537636,0.0,21.25,0.117
2023-03-10 15:00:00+00:00,17.6,63.535465,0.0,20.25,0.117
2023-03-10 16:00:00+00:00,17.05,70.99281,0.0,19.05,0.117
2023-03-10 17:00:00+00:00,16.9,75.54323,0.0,18.1,0.117
2023-03-10 18:00:00+00:00,16.75,77.271385,0.0,17.45,0.117
2023-03-10 19:00:00+00:00,16.55,80.85832,0.0,16.9,0.117
2023-03-10 20:00:00+00:00,16.45,83.52137,0.0,16.55,0.117
2023-03-10 21:00:00+00:00,16.25,86.2557,0.0,16.2,0.117
2023-03-10 22:00:00+00:00,16.2,87.37646,0.0,16.0,0.117
2023-03-10 23:00:00+00:00,16.2,87.37646,0.0,15.8,0.118
2023-03-11 00:00:00+00:00,16.7,83.009895,0.0,16.25,0.118
2023-03-11 01:00:00+00:00,16.45,81.37414,0.0,16.05,0.118
2023-03-11 02:00:00+00:00,16.15,80.541,0.0,15.75,0.118
2023-03-11 03:00:00+00:00,15.85,81.29585,0.0,15.45,0.118
2023-03-11 04:00:00+00:00,15.75,82.08572,0.0,15.05,0.118
2023-03-11 05:00:00+00:00,16.95,77.80905,0.0,15.15,0.119
2023-03-11 06:00:00+00:00,17.9,74.2418,0.0,16.45,0.118
2023-03-11 07:00:00+00:00,18.55,68.53307,0.0,18.2,0.118
2023-03-11 08:00:00+00:00,19.4,58.292194,0.0,20.0,0.117
2023-03-11 09:00:00+00:00,20.7,47.849144,0.0,21.7,0.116
2023-03-11 10:00:00+00:00,21.65,39.81876,0.0,23.15,0.114
2023-03-11 11:00:00+00:00,22.05,35.540386,0.0,24.25,0.113
2023-03-11 12:00:00+00:00,21.15,55.89442,0.0,24.65,0.113
2023-03-11 13:00:00+00:00,20.7,55.96608,0.0,24.55,0.112
2023-03-11 14:00:00+00:00,20.4,54.972263,0.0,23.85,0.111
2023-03-11 15:00:00+00:00,19.35,61.44932,0.0,22.55,0.111
2023-03-11 16:00:00+00:00,17.65,72.045296,0.0,20.75,0.111
2023-03-11 17:00:00+00:00,16.55,73.03955,0.0,19.1,0.111
2023-03-11 18:00:00+00:00,15.15,75.503624,0.0,17.7,0.111
2023-03-11 19:00:00+00:00,14.7,67.9781,0.0,16.55,0.111
2023-03-11 20:00:00+00:00,13.6,68.9127,0.0,15.7,0.112
2023-03-11 21:00:00+00:00,13.45,67.25885,0.0,15.15,0.112
2023-03-11 22:00:00+00:00,13.35,67.929726,0.0,14.55,0.112
2023-03-11 23:00:00+00:00,13.15,68.12052,0.0,14.0,0.112
2023-03-12 00:00:00+00:00,13.45,73.46474,0.0,14.6,0.112
2023-03-12 01:00:00+00:00,12.35,77.35862,0.0,13.95,0.112
2023-03-12 02:00:00+00:00,12.3,74.011,0.0,13.5,0.112
2023-03-12 03:00:00+00:00,12.4,72.03831,0.0,12.95,0.112
2023-03-12 04:00:00+00:00,10.95,79.546684,0.0,12.45,0.113
2023-03-12 05:00:00+00:00,14.5,66.121086,0.0,12.85,0.113
2023-03-12 06:00:00+00:00,18.5,61.864914,0.0,14.55,0.113
2023-03-12 07:00:00+00:00,19.7,52.11182,0.0,16.45,0.112
2023-03-12 08:00:00+00:00,20.45,45.263657,0.0,18.35,0.112
2023-03-12 09:00:00+00:00,20.9,39.604694,0.0,19.85,0.111
2023-03-12 10:00:00+00:00,20.75,40.80333,0.0,20.6,0.11
2023-03-12 11:00:00+00:00,20.8,44.448486,0.0,21.8,0.109
2023-03-12 12:00:00+00:00,20.7,50.150673,0.0,21.5,0.109
2023-03-12 13:00:00+00:00,20.6,50.969406,0.0,22.15,0.108
2023-03-12 14:00:00+00:00,19.5,60.478294,0.0,21.7,0.108
2023-03-12 15:00:00+00:00,18.15,72.8464,0.0,20.75,0.107
2023-03-12 16:00:00+00:00,17.1,70.768425,0.0,19.65,0.108
2023-03-12 17:00:00+00:00,16.55,68.58381,0.0,18.7,0.107
2023-03-12 18:00:00+00:00,15.85,70.06087,0.0,17.9,0.108
2023-03-12 19:00:00+00:00,14.95,69.650635,0.0,17.2,0.108
2023-03-12 20:00:00+00:00,14.8,69.621,0.0,16.55,0.108
2023-03-12 21:00:00+00:00,14.45,69.78666,0.0,16.1,0.108
2023-03-12 22:00:00+00:00,13.75,70.598465,0.0,15.6,0.108
2023-03-12 23:00:00+00:00,13.45,76.23885,2.0,14.95,0.131
2023-03-13 00:00:00+00:00,14.85,66.196236,5.8,16.35,0.12
2023-03-13 01:00:00+00:00,14.1,79.7284,2.1,15.45,0.146
2023-03-13 02:00:00+00:00,13.65,83.46714,0.2,14.85,0.148
2023-03-13 03:00:00+00:00,13.65,84.58256,1.1,14.4,0.161
2023-03-13 04:00:00+00:00,13.55,85.700714,0.6,14.05,0.169
2023-03-13 05:00:00+00:00,13.75,86.86242,1.5,13.95,0.188
2023-03-13 06:00:00+00:00,14.0,88.03871,2.6,14.0,0.224
2023-03-13 07:00:00+00:00,14.3,89.52136,1.3,14.2,0.24
2023-03-13 08:00:00+00:00,15.65,86.19626,1.3,15.0,0.257
2023-03-13 09:00:00+00:00,15.65,85.63618,2.3,15.35,0.288
2023-03-13 10:00:00+00:00,16.85,81.956955,0.4,16.25,0.291
2023-03-13 11:00:00+00:00,16.15,87.655426,1.4,16.2,0.305
2023-03-13 12:00:00+00:00,16.2,86.81201,0.6,16.35,0.318
2023-03-13 13:00:00+00:00,16.0,87.92661,1.4,16.0,0.335
2023-03-13 14:00:00+00:00,16.4,85.43576,0.8,16.0,0.342
2023-03-13 15:00:00+00:00,15.4,88.447876,7.0,15.8,0.425
2023-03-13 16:00:00+00:00,15.25,91.35826,3.4,15.45,0.413
2023-03-13 17:00:00+00:00,15.0,93.442345,2.0,15.2,0.413
2023-03-13 18:00:00+00:00,15.2,91.35504,4.7,15.1,0.417
2023-03-13 19:00:00+00:00,15.6,89.6211,5.1,15.1,0.43
2023-03-13 20:00:00+00:00,15.4,92.5594,1.5,15.1,0.41
2023-03-13 21:00:00+00:00,14.15,95.86782,3.0,14.8,0.412
2023-03-13 22:00:00+00:00,13.75,92.46696,4.5,14.5,0.43
2023-03-13 23:00:00+00:00,13.7,90.66018,7.3,14.45,0.425
2023-03-14 00:00:00+00:00,13.45,90.6428,3.1,15.2,0.384
2023-03-14 01:00:00+00:00,12.7,94.879684,0.0,14.6,0.38
2023-03-14 02:00:00+00:00,13.2,91.225334,0.1,14.0,0.376
2023-03-14 03:00:00+00:00,14.1,88.919975,0.0,13.8,0.372
2023-03-14 04:00:00+00:00,13.35,91.83797,0.0,13.6,0.369
2023-03-14 05:00:00+00:00,14.1,92.18473,3.4,14.0,0.41
2023-03-14 06:00:00+00:00,13.5,93.98239,6.0,14.45,0.426
2023-03-14 07:00:00+00:00,14.05,89.79635,1.0,14.55,0.411
2023-03-14 08:00:00+00:00,15.05,81.99723,0.2,15.25,0.403
2023-03-14 09:00:00+00:00,16.3,78.736626,0.0,16.55,0.395
2023-03-14 10:00:00+00:00,17.05,76.313484,0.0,17.6,0.389
2023-03-14 11:00:00+00:00,17.1,76.57137,0.1,18.15,0.385
2023-03-14 12:00:00+00:00,16.25,84.31708,0.1,19.55,0.346
2023-03-14 13:00:00+00:00,15.9,84.82919,0.2,18.55,0.347
2023-03-14 14:00:00+00:00,15.95,84.28357,0.2,18.0,0.347
2023-03-14 15:00:00+00:00,15.65,86.19626,0.2,17.3,0.347
2023-03-14 16:00:00+00:00,14.75,90.7327,0.2,16.45,0.349
2023-03-14 17:00:00+00:00,14.45,90.120804,0.1,15.8,0.348
2023-03-14 18:00:00+00:00,13.9,91.27106,0.0,15.25,0.347
2023-03-14 19:00:00+00:00,13.9,91.871506,0.0,14.9,0.346
2023-03-14 20:00:00+00:00,13.95,92.47825,0.1,14.75,0.346
2023-03-14 21:00:00+00:00,13.45,93.3654,0.1,14.55,0.346
2023-03-14 22:00:00+00:00,13.4,92.44713,0.0,14.35,0.346
2023-03-14 23:00:00+00:00,13.55,92.455635,0.1,14.3,0.345
2023-03-15 00:00:00+00:00,13.85,92.77598,0.1,14.85,0.37
2023-03-15 01:00:00+00:00,13.6,95.537605,0.0,14.6,0.368
2023-03-15 02:00:00+00:00,13.35,96.15681,0.0,14.3,0.366
2023-03-15 03:00:00+00:00,13.7,91.55825,0.4,14.15,0.369
2023-03-15 04:00:00+00:00,13.7,89.7699,0.2,13.95,0.369
2023-03-15 05:00:00+00:00,14.4,89.82271,0.0,14.05,0.367
2023-03-15 06:00:00+00:00,14.9,89.86018,0.1,14.4,0.366
2023-03-15 07:00:00+00:00,15.4,83.94658,0.4,14.95,0.368
2023-03-15 08:00:00+00:00,15.35,79.1176,1.3,15.4,0.38
2023-03-15 09:00:00+00:00,16.4,74.9655,0.2,16.6,0.378
2023-03-15 10:00:00+00:00,16.2,75.42775,0.1,17.05,0.375
2023-03-15 11:00:00+00:00,16.8,72.604034,0.1,18.1,0.371
2023-03-15 12:00:00+00:00,17.0,80.91812,0.1,18.6,0.382
2023-03-15 13:00:00+00:00,16.6,81.92535,0.1,18.65,0.378
2023-03-15 14:00:00+00:00,16.5,80.85165,0.0,18.35,0.375
2023-03-15 15:00:00+00:00,16.25,80.02926,0.0,17.7,0.372
2023-03-15 16:00:00+00:00,15.6,82.0668,0.0,16.8,0.371
2023-03-15 17:00:00+00:00,15.55,81.79175,0.0,16.05,0.369
2023-03-15 18:00:00+00:00,15.55,80.1954,0.0,15.45,0.368
2023-03-15 19:00:00+00:00,15.6,77.6034,0.0,15.1,0.366
2023-03-15 20:00:00+00:00,15.9,78.41974,0.0,15.0,0.365
2023-03-15 21:00:00+00:00,16.25,75.93463,0.0,15.05,0.364
2023-03-15 22:00:00+00:00,16.0,76.6484,0.0,15.05,0.362
2023-03-15 23:00:00+00:00,15.9,76.38017,0.0,14.95,0.361
2023-03-16 00:00:00+00:00,15.95,76.89349,0.0,15.65,0.36
2023-03-16 01:00:00+00:00,15.7,78.90798,0.0,15.35,0.359
2023-03-16 02:00:00+00:00,15.6,79.676445,0.0,15.15,0.358
2023-03-16 03:00:00+00:00,15.25,81.2171,0.0,14.95,0.358
2023-03-16 04:00:00+00:00,15.3,79.634125,0.0,14.85,0.357
2023-03-16 05:00:00+00:00,15.85,76.120445,0.4,15.0,0.36
2023-03-16 06:00:00+00:00,16.3,73.47908,0.1,15.4,0.36
2023-03-16 07:00:00+00:00,16.7,69.76183,0.3,16.1,0.36
2023-03-16 08:00:00+00:00,17.15,66.90642,0.5,16.95,0.362
2023-03-16 09:00:00+00:00,17.45,64.353455,1.0,17.65,0.369
2023-03-16 10:00:00+00:00,17.75,61.69152,0.2,18.25,0.367
2023-03-16 11:00:00+00:00,17.95,60.514465,0.1,18.9,0.363
2023-03-16 12:00:00+00:00,18.8,53.113873,0.0,19.45,0.343
2023-03-16 13:00:00+00:00,18.25,57.046467,0.0,19.3,0.34
2023-03-16 14:00:00+00:00,17.65,62.70572,0.0,18.8,0.337
2023-03-16 15:00:00+00:00,17.05,67.108055,0.0,18.05,0.336
2023-03-16 16:00:00+00:00,16.45,67.43111,0.0,17.15,0.335
2023-03-16 17:00:00+00:00,16.3,68.30536,0.0,16.4,0.335
2023-03-16 18:00:00+00:00,15.45,73.08508,0.0,15.85,0.335
2023-03-16 19:00:00+00:00,14.4,83.00526,0.1,15.4,0.336
2023-03-16 20:00:00+00:00,14.1,82.42093,0.0,14.75,0.336
2023-03-16 21:00:00+00:00,13.5,89.754745,0.4,14.55,0.34
2023-03-16 22:00:00+00:00,13.2,90.32669,1.1,14.25,0.352
2023-03-16 23:00:00+00:00,12.75,91.80116,0.0,14.0,0.352
2023-03-17 00:00:00+00:00,13.15,88.25582,0.5,14.8,0.41
2023-03-17 01:00:00+00:00,13.25,84.53808,0.0,14.35,0.402
2023-03-17 02:00:00+00:00,11.95,84.96129,0.1,13.95,0.396
2023-03-17 03:00:00+00:00,11.85,81.30943,0.0,13.5,0.392
2023-03-17 04:00:00+00:00,12.15,78.38223,0.0,13.25,0.388
2023-03-17 05:00:00+00:00,12.55,78.44238,2.7,13.1,0.414
2023-03-17 06:00:00+00:00,12.75,80.34235,8.1,13.1,0.43
2023-03-17 07:00:00+00:00,12.8,83.92541,1.9,13.15,0.418
2023-03-17 08:00:00+00:00,13.6,84.29682,0.0,13.6,0.411
2023-03-17 09:00:00+00:00,14.6,79.53482,0.0,14.25,0.406
2023-03-17 10:00:00+00:00,16.25,70.13859,0.0,15.45,0.401
2023-03-17 11:00:00+00:00,16.5,68.80217,0.0,16.0,0.397
2023-03-17 12:00:00+00:00,18.55,61.671562,4.7,16.85,0.375
2023-03-17 13:00:00+00:00,16.85,77.7939,0.2,16.6,0.375
2023-03-17 14:00:00+00:00,18.1,67.77064,0.0,17.05,0.373
2023-03-17 15:00:00+00:00,15.7,75.84499,0.0,16.4,0.371
2023-03-17 16:00:00+00:00,14.3,84.375496,0.0,15.75,0.369
2023-03-17 17:00:00+00:00,14.9,87.54285,0.9,15.25,0.378
2023-03-17 18:00:00+00:00,14.55,93.116554,0.0,14.95,0.377
2023-03-17 19:00:00+00:00,13.9,91.871506,0.0,14.65,0.375
2023-03-17 20:00:00+00:00,13.55,90.94856,2.0,14.3,0.397
2023-03-17 21:00:00+00:00,12.45,95.81374,3.7,13.85,0.423
2023-03-17 22:00:00+00:00,12.2,94.234276,4.2,13.55,0.43
2023-03-17 23:00:00+00:00,12.05,93.29473,4.0,13.25,0.429
2023-03-18 00:00:00+00:00,12.0,89.93945,0.6,14.6,0.423
2023-03-18 01:00:00+00:00,12.1,89.94694,0.2,13.85,0.415
2023-03-18 02:00:00+00:00,12.2,86.42336,0.0,13.5,0.41
2023-03-18 03:00:00+00:00,11.85,85.81072,0.0,13.0,0.407
2023-03-18 04:00:00+00:00,11.0,88.96195,0.4,12.55,0.409
2023-03-18 05:00:00+00:00,11.95,89.93569,0.0,12.65,0.406
2023-03-18 06:00:00+00:00,12.5,87.03179,0.0,13.25,0.403
2023-03-18 07:00:00+00:00,13.85,84.32499,0.0,14.25,0.4
2023-03-18 08:00:00+00:00,15.45,79.13205,0.0,15.5,0.397
2023-03-18 09:00:00+00:00,16.95,73.59329,0.0,16.9,0.393
2023-03-18 10:00:00+00:00,17.05,73.85298,0.2,18.05,0.392
2023-03-18 11:00:00+00:00,14.3,88.645004,2.4,18.0,0.415
2023-03-18 12:00:00+00:00,18.35,65.19406,0.1,17.9,0.414
2023-03-18 13:00:00+00:00,17.9,65.96413,1.7,18.55,0.43
2023-03-18 14:00:00+00:00,14.7,82.768074,4.8,17.35,0.424
2023-03-18 15:00:00+00:00,14.35,84.1031,0.0,16.4,0.419
2023-03-18 16:00:00+00:00,13.55,85.41716,0.0,15.5,0.416
2023-03-18 17:00:00+00:00,13.35,87.112175,0.5,14.85,0.418
2023-03-18 18:00:00+00:00,12.85,90.00292,1.1,14.15,0.422
2023-03-18 19:00:00+00:00,12.8,91.80423,0.1,13.8,0.419
2023-03-18 20:00:00+00:00,12.7,94.879684,0.6,13.7,0.422
2023-03-18 21:00:00+00:00,12.85,94.88554,0.7,13.65,0.424
2023-03-18 22:00:00+00:00,12.0,95.48266,1.3,13.4,0.427
2023-03-18 23:00:00+00:00,12.4,92.69665,0.7,13.25,0.426
2023-03-19 00:00:00+00:00,11.95,93.28964,0.4,13.55,0.426
2023-03-19 01:00:00+00:00,11.95,94.223274,1.3,13.3,0.423
2023-03-19 02:00:00+00:00,11.95,93.91115,0.2,12.95,0.42
2023-03-19 03:00:00+00:00,12.4,93.3125,0.2,12.85,0.418
2023-03-19 04:00:00+00:00,11.8,91.43714,0.5,12.55,0.42
2023-03-19 05:00:00+00:00,12.0,93.60237,0.2,12.65,0.418
2023-03-19 06:00:00+00:00,12.85,90.30146,0.8,13.2,0.423
2023-03-19 07:00:00+00:00,13.25,87.97275,1.0,13.8,0.426
2023-03-19 08:00:00+00:00,14.05,84.06894,0.5,14.7,0.422
2023-03-19 09:00:00+00:00,14.25,81.35417,0.1,15.4,0.419
2023-03-19 10:00:00+00:00,14.6,79.79894,0.0,15.8,0.415
2023-03-19 11:00:00+00:00,15.45,76.055626,0.0,17.25,0.41
2023-03-19 12:00:00+00:00,16.6,72.090034,0.0,18.25,0.41
2023-03-19 13:00:00+00:00,16.55,70.1967,0.1,18.6,0.408
2023-03-19 14:00:00+00:00,15.05,77.77619,2.0,18.1,0.427
2023-03-19 15:00:00+00:00,13.6,82.63292,1.0,16.55,0.425
2023-03-19 16:00:00+00:00,13.65,82.36471,0.0,15.3,0.419
2023-03-19 17:00:00+00:00,13.0,87.368805,0.3,14.45,0.417
2023-03-19 18:00:00+00:00,12.6,89.984314,0.0,13.85,0.414
2023-03-19 19:00:00+00:00,12.8,89.10847,0.1,13.6,0.413
2023-03-19 20:00:00+00:00,13.2,88.26013,0.2,13.55,0.413
2023-03-19 21:00:00+00:00,13.1,83.960014,0.1,13.3,0.412
2023-03-19 22:00:00+00:00,12.4,87.31311,0.4,13.05,0.414
2023-03-19 23:00:00+00:00,12.15,88.75937,0.2,12.85,0.413
2023-03-20 00:00:00+00:00,12.0,91.45002,0.5,13.45,0.419
2023-03-20 01:00:00+00:00,11.75,91.43394,0.0,12.95,0.416
2023-03-20 02:00:00+00:00,11.35,93.88325,0.0,12.6,0.413
2023-03-20 03:00:00+00:00,10.0,94.77258,0.0,12.15,0.411
2023-03-20 04:00:00+00:00,10.45,91.04225,0.0,11.7,0.409
2023-03-20 05:00:00+00:00,11.65,89.91314,0.0,12.0,0.407
2023-03-20 06:00:00+00:00,13.6,85.422424,0.0,13.25,0.406
2023-03-20 07:00:00+00:00,14.9,77.49573,0.0,14.9,0.404
2023-03-20 08:00:00+00:00,16.05,69.17173,0.0,16.45,0.401
2023-03-20 09:00:00+00:00,16.65,63.53439,0.1,17.75,0.398
2023-03-20 10:00:00+00:00,17.2,59.1311,0.1,18.55,0.395
2023-03-20 11:00:00+00:00,16.7,67.48286,0.1,18.55,0.393
2023-03-20 12:00:00+00:00,16.35,69.001366,0.0,18.85,0.399
2023-03-20 13:00:00+00:00,16.45,70.17734,0.0,18.35,0.396
2023-03-20 14:00:00+00:00,16.3,72.27386,0.0,17.8,0.394
2023-03-20 15:00:00+00:00,16.0,74.65104,0.0,17.15,0.392
2023-03-20 16:00:00+00:00,15.2,76.77512,0.0,16.25,0.391
2023-03-20 17:00:00+00:00,14.9,75.96607,0.0,15.45,0.39
2023-03-20 18:00:00+00:00,14.4,75.631195,0.0,14.55,0.39
2023-03-20 19:00:00+00:00,15.2,70.168724,0.0,13.9,0.39
2023-03-20 20:00:00+00:00,13.3,83.703964,0.0,13.45,0.389
2023-03-20 21:00:00+00:00,12.3,87.012764,0.0,13.1,0.389
2023-03-20 22:00:00+00:00,11.35,88.09878,0.0,12.6,0.388
2023-03-20 23:00:00+00:00,12.6,68.474594,0.0,12.2,0.388
2023-03-21 00:00:00+00:00,11.9,54.262962,0.0,13.4,0.39
2023-03-21 01:00:00+00:00,11.2,52.556305,0.0,12.65,0.389
2023-03-21 02:00:00+00:00,10.45,57.043728,0.0,12.05,0.388
2023-03-21 03:00:00+00:00,9.8,63.2783,0.0,11.5,0.387
2023-03-21 04:00:00+00:00,9.75,65.07852,0.0,11.1,0.386
2023-03-21 05:00:00+00:00,11.4,63.869633,0.0,11.4,0.385
2023-03-21 06:00:00+00:00,13.95,64.00608,0.0,12.7,0.384
2023-03-21 07:00:00+00:00,15.85,57.219784,0.0,14.4,0.381
2023-03-21 08:00:00+00:00,17.25,53.24812,0.0,16.2,0.378
2023-03-21 09:00:00+00:00,18.1,53.47084,0.0,18.0,0.374
2023-03-21 10:00:00+00:00,18.4,54.460087,0.0,19.15,0.37
2023-03-21 11:00:00+00:00,18.0,54.35678,0.0,19.6,0.365
2023-03-21 12:00:00+00:00,17.6,65.682,0.0,19.8,0.359
2023-03-21 13:00:00+00:00,17.7,64.40857,0.0,19.5,0.356
2023-03-21 14:00:00+00:00,17.4,64.12853,0.0,18.9,0.354
2023-03-21 15:00:00+00:00,16.75,67.269,0.0,18.0,0.353
2023-03-21 16:00:00+00:00,16.05,71.75029,0.0,16.95,0.353
2023-03-21 17:00:00+00:00,15.95,73.66091,0.0,16.1,0.354
2023-03-21 18:00:00+00:00,15.85,75.86948,0.0,15.55,0.354
2023-03-21 19:00:00+00:00,15.7,77.10826,0.0,15.0,0.354
2023-03-21 20:00:00+00:00,15.5,77.58807,0.0,14.55,0.355
2023-03-21 21:00:00+00:00,15.55,76.57686,0.0,14.2,0.355
2023-03-21 22:00:00+00:00,14.05,82.14181,0.0,13.8,0.355
2023-03-21 23:00:00+00:00,13.5,82.62057,0.0,13.3,0.356
2023-03-22 00:00:00+00:00,15.15,76.25955,0.0,14.5,0.353
2023-03-22 01:00:00+00:00,13.4,82.05935,0.0,13.85,0.353
2023-03-22 02:00:00+00:00,13.6,81.81189,0.0,13.2,0.354
2023-03-22 03:00:00+00:00,11.85,89.92818,0.0,12.65,0.354
2023-03-22 04:00:00+00:00,11.45,87.22419,0.0,12.25,0.354
2023-03-22 05:00:00+00:00,13.3,85.959656,0.0,12.85,0.354
2023-03-22 06:00:00+00:00,16.0,85.394,0.0,14.3,0.354
2023-03-22 07:00:00+00:00,17.8,74.46724,0.0,16.15,0.352
2023-03-22 08:00:00+00:00,18.7,66.13395,0.0,17.7,0.35
2023-03-22 09:00:00+00:00,19.15,63.88077,0.0,18.95,0.346
2023-03-22 10:00:00+00:00,19.2,64.52473,0.0,19.65,0.343
2023-03-22 11:00:00+00:00,19.35,63.09019,0.0,20.25,0.34
2023-03-22 12:00:00+00:00,18.05,81.31827,0.4,20.35,0.346
2023-03-22 13:00:00+00:00,17.85,82.34748,0.0,20.05,0.345
2023-03-22 14:00:00+00:00,17.5,82.570496,0.0,19.5,0.344
2023-03-22 15:00:00+00:00,17.15,82.79529,0.0,18.7,0.343
2023-03-22 16:00:00+00:00,16.35,86.26558,0.0,17.65,0.343
2023-03-22 17:00:00+00:00,16.25,85.420105,0.0,16.9,0.343
2023-03-22 18:00:00+00:00,15.9,85.105965,0.0,16.25,0.344
2023-03-22 19:00:00+00:00,15.45,85.89552,0.0,15.65,0.344
2023-03-22 20:00:00+00:00,15.6,83.421875,0.0,15.15,0.345
2023-03-22 21:00:00+00:00,15.7,82.88961,0.0,15.0,0.345
2023-03-22 22:00:00+00:00,13.85,89.19261,0.0,14.55,0.345
2023-03-22 23:00:00+00:00,13.55,88.87502,0.0,14.05,0.346
2023-03-23 00:00:00+00:00,13.95,86.59542,0.1,14.85,0.349
2023-03-23 01:00:00+00:00,15.75,77.88267,0.0,14.2,0.349
2023-03-23 02:00:00+00:00,12.45,90.57277,0.0,13.55,0.349
2023-03-23 03:00:00+00:00,12.8,91.19904,0.0,13.4,0.349
2023-03-23 04:00:00+00:00,11.2,95.4548,0.8,13.2,0.359
2023-03-23 05:00:00+00:00,13.75,91.56139,0.0,13.7,0.359
2023-03-23 06:00:00+00:00,15.9,85.383545,0.0,15.0,0.359
2023-03-23 07:00:00+00:00,17.15,74.60064,0.1,16.65,0.358
2023-03-23 08:00:00+00:00,17.55,72.97779,0.2,17.95,0.358
2023-03-23 09:00:00+00:00,17.35,74.879074,0.1,18.4,0.356
2023-03-23 10:00:00+00:00,17.05,74.828674,0.0,18.4,0.354
2023-03-23 11:00:00+00:00,17.4,72.473885,0.0,18.7,0.352
2023-03-23 12:00:00+00:00,19.1,70.454956,0.0,20.15,0.342
2023-03-23 13:00:00+00:00,18.6,75.33122,0.0,20.1,0.339
2023-03-23 14:00:00+00:00,18.25,76.504295,0.0,19.7,0.338
2023-03-23 15:00:00+00:00,17.65,80.22177,0.0,18.95,0.337
2023-03-23 16:00:00+00:00,16.8,85.20139,0.0,17.95,0.337
2023-03-23 17:00:00+00:00,16.2,86.53098,0.0,17.05,0.337
2023-03-23 18:00:00+00:00,14.6,91.31642,0.0,16.15,0.337
2023-03-23 19:00:00+00:00,14.65,90.72582,0.0,15.45,0.337
2023-03-23 20:00:00+00:00,14.0,91.87757,0.0,14.9,0.337
2023-03-23 21:00:00+00:00,14.3,90.99895,0.0,14.55,0.338
2023-03-23 22:00:00+00:00,14.45,91.605354,0.0,14.4,0.338
2023-03-23 23:00:00+00:00,14.25,91.59283,0.0,14.3,0.338
2023-03-24 00:00:00+00:00,13.8,92.167175,0.0,14.35,0.334
2023-03-24 01:00:00+00:00,12.85,92.11113,0.0,14.0,0.334
2023-03-24 02:00:00+00:00,11.85,94.218864,0.0,13.65,0.335
2023-03-24 03:00:00+00:00,11.95,91.4468,0.0,13.35,0.335
2023-03-24 04:00:00+00:00,12.2,88.467995,0.0,13.1,0.335
2023-03-24 05:00:00+00:00,13.55,86.55637,0.0,13.55,0.335
2023-03-24 06:00:00+00:00,15.85,83.99786,0.0,14.85,0.334
2023-03-24 07:00:00+00:00,17.95,77.45582,0.0,16.45,0.332
2023-03-24 08:00:00+00:00,19.5,65.4415,0.0,18.05,0.33
2023-03-24 09:00:00+00:00,20.5,57.983673,0.0,19.35,0.326
2023-03-24 10:00:00+00:00,21.35,52.544594,0.0,20.55,0.322
2023-03-24 11:00:00+00:00,21.7,48.93106,0.0,21.45,0.318
2023-03-24 12:00:00+00:00,23.1,47.234653,0.0,22.1,0.315
2023-03-24 13:00:00+00:00,21.4,69.5409,0.0,22.25,0.312
2023-03-24 14:00:00+00:00,21.2,59.69575,0.0,21.55,0.31
2023-03-24 15:00:00+00:00,19.5,69.39584,0.0,20.5,0.31
2023-03-24 16:00:00+00:00,16.8,78.04104,0.7,19.1,0.316
2023-03-24 17:00:00+00:00,16.65,82.1986,0.0,18.0,0.317
2023-03-24 18:00:00+00:00,16.25,81.61414,0.9,17.15,0.326
2023-03-24 19:00:00+00:00,16.25,81.3481,0.9,16.45,0.338
2023-03-24 20:00:00+00:00,16.35,81.096,0.0,16.05,0.338
2023-03-24 21:00:00+00:00,16.2,79.76077,0.0,15.8,0.338
2023-03-24 22:00:00+00:00,15.55,82.33005,0.0,15.5,0.337
2023-03-24 23:00:00+00:00,15.15,82.00991,0.0,15.2,0.337
2023-03-25 00:00:00+00:00,15.7,73.37303,0.0,17.35,0.32
2023-03-25 01:00:00+00:00,15.05,80.39127,2.6,16.45,0.351
2023-03-25 02:00:00+00:00,14.5,86.3646,1.5,15.65,0.37
2023-03-25 03:00:00+00:00,14.2,82.4334,0.3,14.9,0.371
2023-03-25 04:00:00+00:00,14.55,80.322655,0.0,14.65,0.37
2023-03-25 05:00:00+00:00,15.25,79.89014,0.0,14.7,0.368
2023-03-25 06:00:00+00:00,16.25,79.24703,0.0,15.15,0.366
2023-03-25 07:00:00+00:00,17.9,72.80175,0.0,16.45,0.363
2023-03-25 08:00:00+00:00,18.45,69.64429,0.2,17.3,0.363
2023-03-25 09:00:00+00:00,19.75,62.561153,0.0,18.4,0.359
2023-03-25 10:00:00+00:00,20.8,59.405914,0.0,19.7,0.354
2023-03-25 11:00:00+00:00,21.3,56.858448,0.0,20.6,0.348
2023-03-25 12:00:00+00:00,20.6,59.749023,0.0,20.95,0.312
2023-03-25 13:00:00+00:00,20.8,58.824364,0.0,21.15,0.309
2023-03-25 14:00:00+00:00,18.4,72.41771,0.1,20.6,0.309
2023-03-25 15:00:00+00:00,17.5,75.88876,0.0,19.55,0.308
2023-03-25 16:00:00+00:00,16.65,80.08455,0.0,18.4,0.308
2023-03-25 17:00:00+00:00,16.15,80.277824,0.0,17.4,0.308
2023-03-25 18:00:00+00:00,15.75,81.016655,0.0,16.7,0.309
2023-03-25 19:00:00+00:00,15.1,82.816826,0.0,16.15,0.309
2023-03-25 20:00:00+00:00,14.45,83.83747,0.0,15.7,0.309
2023-03-25 21:00:00+00:00,13.85,84.32499,0.0,15.25,0.309
2023-03-25 22:00:00+00:00,13.35,85.39605,0.0,14.9,0.309
2023-03-25 23:00:00+00:00,13.05,85.3643,0.0,14.55,0.31
2023-03-26 00:00:00+00:00,11.8,87.54994,0.0,14.15,0.307
2023-03-26 01:00:00+00:00,12.05,83.55703,0.0,13.7,0.307
2023-03-26 02:00:00+00:00,11.55,84.06312,0.0,13.35,0.307
2023-03-26 03:00:00+00:00,11.35,84.04003,0.0,13.05,0.307
2023-03-26 04:00:00+00:00,11.3,83.75068,0.0,12.9,0.307
2023-03-26 05:00:00+00:00,12.65,82.791954,0.0,13.45,0.307
2023-03-26 06:00:00+00:00,14.85,82.51406,0.0,14.9,0.307
2023-03-26 07:00:00+00:00,16.95,77.302284,0.0,16.8,0.305
2023-03-26 08:00:00+00:00,18.3,71.22771,0.0,18.55,0.303
2023-03-26 09:00:00+00:00,18.8,71.55336,0.0,20.0,0.299
2023-03-26 10:00:00+00:00,18.95,71.348785,0.0,21.0,0.296
2023-03-26 11:00:00+00:00,19.0,70.207016,0.0,21.55,0.292
2023-03-26 12:00:00+00:00,19.2,68.21654,0.0,21.7,0.289
2023-03-26 13:00:00+00:00,19.2,69.563225,0.0,21.4,0.287
2023-03-26 14:00:00+00:00,18.7,76.5753,0.0,20.8,0.285
2023-03-26 15:00:00+00:00,17.8,85.03301,0.0,19.85,0.285
2023-03-26 16:00:00+00:00,17.05,87.17274,0.0,18.8,0.285
2023-03-26 17:00:00+00:00,16.8,85.20139,0.0,17.9,0.286
2023-03-26 18:00:00+00:00,16.55,85.72855,0.0,17.2,0.286
2023-03-26 19:00:00+00:00,16.3,86.82153,0.0,16.65,0.287
2023-03-26 20:00:00+00:00,16.15,87.93975,0.0,16.25,0.287
2023-03-26 21:00:00+00:00,16.15,88.51088,0.0,16.05,0.287
2023-03-26 22:00:00+00:00,16.15,87.655426,0.0,15.9,0.288
2023-03-26 23:00:00+00:00,16.1,87.08449,0.0,15.75,0.289
2023-03-27 00:00:00+00:00,16.85,84.11104,0.0,17.05,0.29
2023-03-27 01:00:00+00:00,16.55,85.45138,0.0,16.6,0.291
2023-03-27 02:00:00+00:00,16.65,84.635475,0.0,16.25,0.291
2023-03-27 03:00:00+00:00,16.75,83.55628,0.0,16.0,0.291
2023-03-27 04:00:00+00:00,16.7,84.09414,0.0,15.9,0.292
2023-03-27 05:00:00+00:00,17.35,81.227196,0.0,16.3,0.292
2023-03-27 06:00:00+00:00,17.95,77.204994,0.0,17.1,0.291
2023-03-27 07:00:00+00:00,18.55,72.20935,0.0,18.15,0.289
2023-03-27 08:00:00+00:00,18.9,70.41688,0.1,19.2,0.288
2023-03-27 09:00:00+00:00,18.95,72.04755,0.2,20.0,0.288
2023-03-27 10:00:00+00:00,19.0,71.59029,0.1,20.6,0.286
2023-03-27 11:00:00+00:00,19.0,69.978775,0.0,20.95,0.283
2023-03-27 12:00:00+00:00,19.1,69.31758,0.1,21.35,0.274
2023-03-27 13:00:00+00:00,18.7,70.14946,0.0,21.15,0.272
2023-03-27 14:00:00+00:00,18.15,71.66677,0.0,20.65,0.271
2023-03-27 15:00:00+00:00,17.6,74.1904,0.0,19.75,0.27
2023-03-27 16:00:00+00:00,16.85,79.07438,0.0,18.75,0.27
2023-03-27 17:00:00+00:00,16.55,81.12235,0.0,17.9,0.271
2023-03-27 18:00:00+00:00,16.45,81.37414,0.0,17.3,0.271
2023-03-27 19:00:00+00:00,16.55,81.12235,0.0,16.9,0.271
2023-03-27 20:00:00+00:00,16.5,82.17984,0.0,16.7,0.272
2023-03-27 21:00:00+00:00,16.4,82.43544,0.1,16.55,0.273
2023-03-27 22:00:00+00:00,16.2,84.86162,0.2,16.35,0.275
2023-03-27 23:00:00+00:00,16.15,84.58068,0.1,16.15,0.276
2023-03-28 00:00:00+00:00,16.4,78.23694,0.0,17.0,0.274
2023-03-28 01:00:00+00:00,16.6,76.491974,0.0,16.45,0.274
2023-03-28 02:00:00+00:00,16.55,75.98335,0.0,16.1,0.275
2023-03-28 03:00:00+00:00,16.3,79.514114,0.0,15.9,0.275
2023-03-28 04:00:00+00:00,16.2,80.284676,0.1,15.8,0.276
2023-03-28 05:00:00+00:00,16.75,80.35977,0.1,16.1,0.278
2023-03-28 06:00:00+00:00,17.25,76.09645,0.3,16.75,0.28
2023-03-28 07:00:00+00:00,17.75,75.19083,0.2,17.65,0.281
2023-03-28 08:00:00+00:00,18.4,69.63456,0.1,18.5,0.281
2023-03-28 09:00:00+00:00,18.5,70.111015,0.7,19.15,0.287
2023-03-28 10:00:00+00:00,19.05,65.99125,0.4,19.7,0.289
2023-03-28 11:00:00+00:00,18.85,68.36919,0.8,19.8,0.295
2023-03-28 12:00:00+00:00,19.1,68.86718,0.4,19.95,0.308
2023-03-28 13:00:00+00:00,18.7,69.92088,0.1,19.85,0.307
2023-03-28 14:00:00+00:00,18.25,70.52305,0.1,19.5,0.306
2023-03-28 15:00:00+00:00,18.05,71.882996,0.1,18.9,0.306
2023-03-28 16:00:00+00:00,17.45,73.922325,0.1,18.3,0.306
2023-03-28 17:00:00+00:00,17.7,71.58349,0.8,17.7,0.314
2023-03-28 18:00:00+00:00,17.1,78.34096,1.1,17.1,0.326
2023-03-28 19:00:00+00:00,16.55,84.62453,1.0,16.6,0.338
2023-03-28 20:00:00+00:00,17.3,78.37057,0.1,16.4,0.338
2023-03-28 21:00:00+00:00,17.2,78.35576,0.0,16.25,0.338
2023-03-28 22:00:00+00:00,16.45,80.31886,0.6,16.1,0.343
2023-03-28 23:00:00+00:00,15.65,85.91581,0.3,15.9,0.345
2023-03-29 00:00:00+00:00,17.45,65.21515,0.0,16.65,0.349
2023-03-29 01:00:00+00:00,16.25,67.16488,0.0,16.3,0.347
2023-03-29 02:00:00+00:00,15.5,68.3712,0.9,15.9,0.354
2023-03-29 03:00:00+00:00,15.4,69.739296,0.1,15.45,0.353
2023-03-29 04:00:00+00:00,15.75,63.11758,0.1,15.3,0.351
2023-03-29 05:00:00+00:00,15.2,64.5041,0.1,15.35,0.35
2023-03-29 06:00:00+00:00,14.95,76.48098,1.6,15.1,0.364
2023-03-29 07:00:00+00:00,15.1,74.497406,1.9,15.35,0.382
2023-03-29 08:00:00+00:00,14.75,72.23019,0.2,15.25,0.379
2023-03-29 09:00:00+00:00,16.2,51.888817,0.0,16.0,0.373
2023-03-29 10:00:00+00:00,16.65,50.59815,0.0,16.95,0.366
2023-03-29 11:00:00+00:00,16.65,51.830914,0.0,17.55,0.36
2023-03-29 12:00:00+00:00,16.5,55.0849,0.0,17.4,0.347
2023-03-29 13:00:00+00:00,15.9,56.84279,0.0,17.5,0.343
2023-03-29 14:00:00+00:00,15.9,58.61438,0.0,17.0,0.34
2023-03-29 15:00:00+00:00,15.7,60.38677,0.0,16.6,0.338
2023-03-29 16:00:00+00:00,15.75,61.640446,0.0,16.15,0.336
2023-03-29 17:00:00+00:00,15.4,43.83525,0.0,15.7,0.334
2023-03-29 18:00:00+00:00,12.65,56.01314,0.0,14.8,0.333
2023-03-29 19:00:00+00:00,11.35,59.120716,0.0,13.95,0.332
2023-03-29 20:00:00+00:00,11.05,60.30786,0.0,13.3,0.331
2023-03-29 21:00:00+00:00,10.4,61.221504,0.0,12.75,0.33
2023-03-29 22:00:00+00:00,9.6,58.058052,0.0,12.15,0.33
2023-03-29 23:00:00+00:00,8.85,55.017735,0.0,11.6,0.329
2023-03-30 00:00:00+00:00,10.05,41.81321,0.0,13.05,0.318
2023-03-30 01:00:00+00:00,9.85,42.06434,0.0,12.35,0.317
2023-03-30 02:00:00+00:00,9.4,44.48974,0.0,11.75,0.316
2023-03-30 03:00:00+00:00,9.15,44.74612,0.0,11.3,0.315
2023-03-30 04:00:00+00:00,9.75,40.957584,0.0,11.2,0.314
2023-03-30 05:00:00+00:00,10.05,40.89476,0.0,11.25,0.313
2023-03-30 06:00:00+00:00,10.2,41.24332,0.0,11.4,0.311
2023-03-30 07:00:00+00:00,11.0,36.84965,0.0,11.95,0.309
2023-03-30 08:00:00+00:00,12.35,32.472794,0.0,12.95,0.307
2023-03-30 09:00:00+00:00,13.0,34.02545,0.0,13.95,0.303
2023-03-30 10:00:00+00:00,13.45,33.286667,0.0,14.9,0.3
2023-03-30 11:00:00+00:00,13.75,33.498436,0.0,15.65,0.297
2023-03-30 12:00:00+00:00,13.75,34.88208,0.0,16.6,0.293
2023-03-30 13:00:00+00:00,13.75,35.919975,0.0,16.45,0.291
2023-03-30 14:00:00+00:00,13.55,37.46921,0.0,16.1,0.289
2023-03-30 15:00:00+00:00,12.6,45.580143,0.0,15.2,0.288
2023-03-30 16:00:00+00:00,11.2,55.636574,0.0,14.0,0.288
2023-03-30 17:00:00+00:00,10.2,64.72286,0.0,13.1,0.288
2023-03-30 18:00:00+00:00,10.4,67.5457,0.0,12.5,0.288
2023-03-30 19:00:00+00:00,10.45,57.45097,0.0,12.05,0.288
2023-03-30 20:00:00+00:00,9.45,39.964455,0.0,11.55,0.287
2023-03-30 21:00:00+00:00,8.2,35.464638,0.0,10.75,0.287
2023-03-30 22:00:00+00:00,7.25,40.824986,0.0,10.05,0.286
2023-03-30 23:00:00+00:00,7.0,43.619003,0.0,9.55,0.286
2023-03-31 00:00:00+00:00,7.55,44.27661,0.0,10.65,0.286
2023-03-31 01:00:00+00:00,7.3,43.217808,0.0,9.95,0.286
2023-03-31 02:00:00+00:00,6.8,41.312656,0.0,9.4,0.285
2023-03-31 03:00:00+00:00,6.5,40.754593,0.0,8.9,0.285
2023-03-31 04:00:00+00:00,6.6,39.559734,0.0,8.6,0.284
2023-03-31 05:00:00+00:00,7.65,40.17874,0.0,8.9,0.283
2023-03-31 06:00:00+00:00,9.05,38.377384,0.0,9.8,0.282
2023-03-31 07:00:00+00:00,10.55,37.12905,0.0,11.2,0.28
2023-03-31 08:00:00+00:00,11.65,36.633705,0.0,12.95,0.277
2023-03-31 09:00:00+00:00,12.35,39.215714,0.0,14.9,0.274
2023-03-31 10:00:00+00:00,12.7,40.482132,0.0,16.3,0.271
2023-03-31 11:00:00+00:00,12.6,41.195118,0.0,16.9,0.268
2023-03-31 12:00:00+00:00,13.35,33.877792,0.0,17.15,0.262
2023-03-31 13:00:00+00:00,13.05,39.710106,0.0,16.85,0.26
2023-03-31 14:00:00+00:00,12.9,40.10131,0.0,16.15,0.258
2023-03-31 15:00:00+00:00,12.65,45.431034,0.0,15.15,0.257
2023-03-31 16:00:00+00:00,11.85,52.54504,0.0,13.9,0.257
2023-03-31 17:00:00+00:00,11.85,55.60922,0.0,12.85,0.257
2023-03-31 18:00:00+00:00,11.7,59.624302,0.0,11.9,0.257
2023-03-31 19:00:00+00:00,12.05,61.40135,0.0,11.5,0.257
2023-03-31 20:00:00+00:00,12.5,61.93688,0.0,11.55,0.257
2023-03-31 21:00:00+00:00,12.5,65.011215,0.0,11.6,0.257
2023-03-31 22:00:00+00:00,12.4,67.49957,0.0,11.5,0.257
2023-03-31 23:00:00+00:00,11.7,64.16073,0.0,11.5,0.257
2023-04-01 00:00:00+00:00,9.35,57.99451,0.0,12.65,0.258
2023-04-01 01:00:00+00:00,9.4,55.963123,0.0,11.8,0.258
2023-04-01 02:00:00+00:00,9.0,54.267025,0.0,11.1,0.258
2023-04-01 03:00:00+00:00,8.7,52.63417,0.0,10.55,0.258
2023-04-01 04:00:00+00:00,8.75,52.076027,0.0,10.1,0.258
2023-04-01 05:00:00+00:00,9.85,52.56682,0.0,10.5,0.257
2023-04-01 06:00:00+00:00,11.7,52.69158,0.0,11.7,0.257
2023-04-01 07:00:00+00:00,14.05,52.398003,0.0,13.45,0.255
2023-04-01 08:00:00+00:00,15.6,54.28904,0.0,15.45,0.253
2023-04-01 09:00:00+00:00,16.45,55.638756,0.0,17.35,0.25
2023-04-01 10:00:00+00:00,16.45,54.324287,0.0,18.4,0.247
2023-04-01 11:00:00+00:00,16.4,52.480774,0.0,19.0,0.244
2023-04-01 12:00:00+00:00,17.0,51.7469,0.0,19.05,0.24
2023-04-01 13:00:00+00:00,17.15,58.32702,0.0,18.95,0.238
2023-04-01 14:00:00+00:00,16.95,62.33654,0.0,18.55,0.236
2023-04-01 15:00:00+00:00,16.85,64.86776,0.0,17.75,0.236
2023-04-01 16:00:00+00:00,16.65,65.69644,0.0,16.9,0.235
2023-04-01 17:00:00+00:00,16.3,68.76205,0.0,16.15,0.236
2023-04-01 18:00:00+00:00,15.9,73.40845,0.0,15.55,0.236
2023-04-01 19:00:00+00:00,15.45,76.055626,0.1,15.1,0.237
2023-04-01 20:00:00+00:00,14.35,84.38109,0.1,14.65,0.239
2023-04-01 21:00:00+00:00,13.45,90.34466,0.2,14.25,0.241
2023-04-01 22:00:00+00:00,12.8,88.813286,0.0,13.85,0.242
2023-04-01 23:00:00+00:00,12.2,89.05995,0.0,13.4,0.243
2023-04-02 00:00:00+00:00,11.55,75.6683,0.0,14.8,0.24
2023-04-02 01:00:00+00:00,12.65,78.457405,0.0,14.1,0.24
2023-04-02 02:00:00+00:00,13.75,81.559364,0.0,13.65,0.241
2023-04-02 03:00:00+00:00,14.2,82.4334,0.0,13.3,0.241
2023-04-02 04:00:00+00:00,13.5,90.64628,0.2,13.4,0.244
2023-04-02 05:00:00+00:00,14.4,88.65334,0.1,14.0,0.246
2023-04-02 06:00:00+00:00,15.95,78.42713,0.1,15.0,0.247
2023-04-02 07:00:00+00:00,16.55,76.735435,0.5,16.0,0.251
2023-04-02 08:00:00+00:00,16.7,78.28159,0.7,16.55,0.258
2023-04-02 09:00:00+00:00,16.9,77.54767,0.5,16.95,0.262
2023-04-02 10:00:00+00:00,17.5,73.68941,0.2,17.85,0.262
2023-04-02 11:00:00+00:00,17.6,73.94827,0.3,18.35,0.263
2023-04-02 12:00:00+00:00,18.2,72.14569,0.2,19.25,0.274
2023-04-02 13:00:00+00:00,17.95,74.00866,0.0,19.55,0.272
2023-04-02 14:00:00+00:00,17.55,75.15764,0.0,19.3,0.27
2023-04-02 15:00:00+00:00,17.0,76.80629,0.0,18.65,0.269
2023-04-02 16:00:00+00:00,16.25,80.81828,0.0,17.65,0.269
2023-04-02 17:00:00+00:00,16.0,80.52067,0.0,16.7,0.269
2023-04-02 18:00:00+00:00,15.8,81.28931,0.0,16.05,0.269
2023-04-02 19:00:00+00:00,14.55,86.65368,0.0,15.3,0.269
2023-04-02 20:00:00+00:00,14.85,84.71478,0.0,14.8,0.269
2023-04-02 21:00:00+00:00,16.2,77.95074,0.0,14.3,0.269
2023-04-02 22:00:00+00:00,15.95,79.204025,0.0,14.1,0.27
2023-04-02 23:00:00+00:00,13.85,89.486496,0.0,13.9,0.27
2023-04-03 00:00:00+00:00,14.3,88.35455,0.0,14.95,0.27
2023-04-03 01:00:00+00:00,13.3,90.93169,0.0,14.3,0.27
2023-04-03 02:00:00+00:00,13.55,88.58224,0.0,13.8,0.27
2023-04-03 03:00:00+00:00,13.45,87.69995,0.0,13.45,0.27
2023-04-03 04:00:00+00:00,13.85,88.899574,0.0,13.4,0.27
2023-04-03 05:00:00+00:00,15.75,90.507614,0.0,14.3,0.27
2023-04-03 06:00:00+00:00,17.4,81.7613,0.1,15.85,0.271
2023-04-03 07:00:00+00:00,18.15,74.28449,0.2,17.3,0.271
2023-04-03 08:00:00+00:00,18.5,73.62335,0.2,18.65,0.271
2023-04-03 09:00:00+00:00,18.75,75.112526,0.0,19.9,0.268
2023-04-03 10:00:00+00:00,18.85,76.10618,0.0,21.05,0.265
2023-04-03 11:00:00+00:00,19.35,72.82357,0.0,21.95,0.262
2023-04-03 12:00:00+00:00,20.35,63.31391,0.0,22.9,0.253
2023-04-03 13:00:00+00:00,19.7,70.11329,0.0,22.75,0.25
2023-04-03 14:00:00+00:00,18.95,74.6615,0.0,22.1,0.248
2023-04-03 15:00:00+00:00,18.35,77.26658,0.0,21.0,0.247
2023-04-03 16:00:00+00:00,17.05,82.78321,0.0,19.5,0.247
2023-04-03 17:00:00+00:00,16.0,84.28917,0.0,18.1,0.248
2023-04-03 18:00:00+00:00,15.65,81.804535,0.0,17.15,0.248
2023-04-03 19:00:00+00:00,15.25,82.83507,0.0,16.5,0.248
2023-04-03 20:00:00+00:00,15.0,82.53261,0.0,15.95,0.248
2023-04-03 21:00:00+00:00,15.0,75.47872,0.0,15.6,0.248
2023-04-03 22:00:00+00:00,15.05,65.34966,0.0,15.3,0.248
2023-04-03 23:00:00+00:00,15.2,63.2062,0.0,15.05,0.248
2023-04-04 00:00:00+00:00,16.0,61.90777,0.0,15.65,0.25
2023-04-04 01:00:00+00:00,15.75,62.480743,0.0,15.45,0.249
2023-04-04 02:00:00+00:00,15.5,64.57059,0.0,15.25,0.249
2023-04-04 03:00:00+00:00,15.8,64.63691,0.0,15.1,0.249
2023-04-04 04:00:00+00:00,16.3,64.7471,0.0,15.1,0.249
2023-04-04 05:00:00+00:00,17.8,63.580276,0.0,15.65,0.248
2023-04-04 06:00:00+00:00,19.55,63.969185,0.0,16.85,0.247
2023-04-04 07:00:00+00:00,21.1,58.511932,0.0,18.35,0.244
2023-04-04 08:00:00+00:00,22.15,57.06786,0.0,19.9,0.241
2023-04-04 09:00:00+00:00,23.3,54.80555,0.0,21.6,0.238
2023-04-04 10:00:00+00:00,23.95,53.217026,0.0,23.25,0.234
2023-04-04 11:00:00+00:00,24.15,49.425945,0.0,24.5,0.23
2023-04-04 12:00:00+00:00,24.8,62.882885,0.0,25.2,0.223
2023-04-04 13:00:00+00:00,23.8,60.886936,0.0,25.0,0.22
2023-04-04 14:00:00+00:00,23.75,56.176064,0.0,24.35,0.218
2023-04-04 15:00:00+00:00,21.6,54.733536,0.0,23.1,0.217
2023-04-04 16:00:00+00:00,19.95,61.58789,0.0,21.55,0.216
2023-04-04 17:00:00+00:00,19.3,67.79311,0.0,20.35,0.216
2023-04-04 18:00:00+00:00,19.25,69.57295,0.0,19.55,0.216
2023-04-04 19:00:00+00:00,18.9,75.13736,0.0,19.0,0.216
2023-04-04 20:00:00+00:00,18.45,80.58931,0.0,18.6,0.216
2023-04-04 21:00:00+00:00,18.0,86.98163,0.0,18.3,0.216
2023-04-04 22:00:00+00:00,17.7,82.32896,0.0,18.0,0.216
2023-04-04 23:00:00+00:00,17.3,80.69579,0.0,17.65,0.217
2023-04-05 00:00:00+00:00,17.4,79.410774,0.0,18.85,0.218
2023-04-05 01:00:00+00:00,17.25,79.64794,0.0,18.2,0.218
2023-04-05 02:00:00+00:00,17.15,79.11749,0.0,17.8,0.219
2023-04-05 03:00:00+00:00,17.05,78.07851,0.0,17.5,0.219
2023-04-05 04:00:00+00:00,17.0,77.81661,0.0,17.3,0.219
2023-04-05 05:00:00+00:00,17.2,73.63705,0.0,17.5,0.218
2023-04-05 06:00:00+00:00,17.9,69.08117,0.0,18.0,0.218
2023-04-05 07:00:00+00:00,18.5,64.15912,0.0,18.7,0.217
2023-04-05 08:00:00+00:00,18.9,65.74323,0.0,19.5,0.216
2023-04-05 09:00:00+00:00,18.75,69.24887,1.1,20.1,0.226
2023-04-05 10:00:00+00:00,19.25,64.32412,0.0,20.9,0.224
2023-04-05 11:00:00+00:00,19.1,67.97409,0.0,21.55,0.221
2023-04-05 12:00:00+00:00,19.8,61.553314,0.0,21.9,0.221
2023-04-05 13:00:00+00:00,18.95,69.28815,0.9,21.0,0.23
2023-04-05 14:00:00+00:00,18.55,69.66379,0.0,20.6,0.229
2023-04-05 15:00:00+00:00,17.9,73.04004,0.0,19.95,0.228
2023-04-05 16:00:00+00:00,17.35,76.61092,0.0,19.1,0.228
2023-04-05 17:00:00+00:00,17.15,77.83929,0.0,18.4,0.227
2023-04-05 18:00:00+00:00,17.1,79.6269,0.0,17.9,0.227
2023-04-05 19:00:00+00:00,17.1,78.85312,0.0,17.55,0.227
2023-04-05 20:00:00+00:00,17.05,75.81569,0.0,17.3,0.227
2023-04-05 21:00:00+00:00,16.95,74.5667,0.0,17.05,0.227
2023-04-05 22:00:00+00:00,16.9,74.06997,0.0,16.9,0.227
2023-04-05 23:00:00+00:00,16.8,72.36503,0.0,16.75,0.227
2023-04-06 00:00:00+00:00,17.15,64.07304,0.0,18.2,0.217
2023-04-06 01:00:00+00:00,16.75,69.54076,0.0,17.6,0.217
2023-04-06 02:00:00+00:00,16.6,71.14271,0.0,17.15,0.217
2023-04-06 03:00:00+00:00,16.5,74.000786,0.0,16.85,0.217
2023-04-06 04:00:00+00:00,16.85,70.25465,0.0,16.75,0.217
2023-04-06 05:00:00+00:00,17.3,64.966095,0.1,17.0,0.217
2023-04-06 06:00:00+00:00,17.5,64.57892,0.1,17.5,0.217
2023-04-06 07:00:00+00:00,18.0,63.62499,0.1,18.3,0.217
2023-04-06 08:00:00+00:00,18.15,63.658493,0.1,19.1,0.217
2023-04-06 09:00:00+00:00,18.45,63.514923,0.4,19.75,0.219
2023-04-06 10:00:00+00:00,18.8,60.91655,0.0,20.45,0.217
2023-04-06 11:00:00+00:00,18.9,59.937664,0.0,20.9,0.215
2023-04-06 12:00:00+00:00,18.15,64.935745,0.0,20.85,0.215
2023-04-06 13:00:00+00:00,18.6,60.667805,0.0,20.9,0.213
2023-04-06 14:00:00+00:00,18.4,57.853687,0.0,20.55,0.212
2023-04-06 15:00:00+00:00,17.7,64.19496,0.0,19.8,0.211
2023-04-06 16:00:00+00:00,17.1,67.56544,0.0,18.9,0.211
2023-04-06 17:00:00+00:00,17.3,65.61756,0.0,18.1,0.21
2023-04-06 18:00:00+00:00,17.15,67.800156,0.0,17.6,0.21
2023-04-06 19:00:00+00:00,17.0,67.32089,0.0,17.2,0.21
2023-04-06 20:00:00+00:00,16.75,70.46822,0.0,16.9,0.21
2023-04-06 21:00:00+00:00,16.55,69.50141,0.0,16.7,0.21
2023-04-06 22:00:00+00:00,16.55,70.42982,0.0,16.55,0.21
2023-04-06 23:00:00+00:00,16.5,70.18702,0.0,16.45,0.209
2023-04-07 00:00:00+00:00,16.75,76.26543,0.0,17.9,0.21
2023-04-07 01:00:00+00:00,16.2,75.676765,0.7,17.25,0.217
2023-04-07 02:00:00+00:00,14.9,86.68751,1.0,16.65,0.228
2023-04-07 03:00:00+00:00,15.05,83.083496,3.5,15.9,0.275
2023-04-07 04:00:00+00:00,14.85,84.71478,0.1,15.45,0.276
2023-04-07 05:00:00+00:00,15.6,78.89341,0.0,15.7,0.276
2023-04-07 06:00:00+00:00,16.15,75.41948,0.0,16.65,0.276
2023-04-07 07:00:00+00:00,15.9,78.93706,0.0,17.3,0.276
2023-04-07 08:00:00+00:00,15.55,82.33005,0.0,17.8,0.275
2023-04-07 09:00:00+00:00,15.7,82.07943,0.2,18.3,0.276
2023-04-07 10:00:00+00:00,15.85,79.189644,0.2,18.6,0.277
2023-04-07 11:00:00+00:00,16.7,75.51029,0.0,19.1,0.275
2023-04-07 12:00:00+00:00,19.25,65.81774,0.3,21.05,0.244
2023-04-07 13:00:00+00:00,17.5,65.44294,0.0,20.8,0.242
2023-04-07 14:00:00+00:00,17.3,66.05506,0.0,20.35,0.24
2023-04-07 15:00:00+00:00,17.25,67.14967,0.0,19.65,0.239
2023-04-07 16:00:00+00:00,16.85,67.964005,0.0,18.55,0.239
2023-04-07 17:00:00+00:00,14.75,83.04745,0.0,17.3,0.239
2023-04-07 18:00:00+00:00,14.5,81.6567,0.0,16.3,0.239
2023-04-07 19:00:00+00:00,14.1,83.52018,0.0,15.5,0.239
2023-04-07 20:00:00+00:00,13.55,85.13444,0.0,14.85,0.24
2023-04-07 21:00:00+00:00,13.55,84.29119,0.0,14.35,0.24
2023-04-07 22:00:00+00:00,15.35,74.78825,0.0,13.85,0.24
2023-04-07 23:00:00+00:00,15.75,73.1387,0.0,13.4,0.24
2023-04-08 00:00:00+00:00,13.6,79.12679,0.0,14.15,0.24
2023-04-08 01:00:00+00:00,15.3,74.77978,0.0,13.65,0.24
2023-04-08 02:00:00+00:00,12.6,84.74831,0.0,13.2,0.24
2023-04-08 03:00:00+00:00,11.15,88.675674,0.0,12.95,0.24
2023-04-08 04:00:00+00:00,11.7,85.79518,0.0,12.85,0.24
2023-04-08 05:00:00+00:00,13.9,78.90665,0.0,13.7,0.24
2023-04-08 06:00:00+00:00,16.05,65.566956,0.0,15.15,0.239
2023-04-08 07:00:00+00:00,17.75,53.742764,0.0,16.85,0.237
2023-04-08 08:00:00+00:00,19.1,43.668842,0.0,18.45,0.234
2023-04-08 09:00:00+00:00,19.85,42.40233,0.0,20.0,0.23
2023-04-08 10:00:00+00:00,20.4,41.55053,0.0,21.25,0.226
2023-04-08 11:00:00+00:00,20.7,42.93503,0.0,22.1,0.222
2023-04-08 12:00:00+00:00,20.65,42.629124,0.0,21.55,0.22
2023-04-08 13:00:00+00:00,19.9,51.990025,0.0,21.75,0.217
2023-04-08 14:00:00+00:00,18.3,59.001415,0.0,20.5,0.216
2023-04-08 15:00:00+00:00,17.6,63.11366,0.0,19.45,0.216
2023-04-08 16:00:00+00:00,16.9,64.4468,0.0,18.5,0.215
2023-04-08 17:00:00+00:00,16.35,62.618603,0.0,17.6,0.215
2023-04-08 18:00:00+00:00,16.15,59.88256,0.0,16.95,0.215
2023-04-08 19:00:00+00:00,15.05,60.6436,0.0,16.2,0.215
2023-04-08 20:00:00+00:00,14.85,57.558895,0.0,15.8,0.214
2023-04-08 21:00:00+00:00,15.05,55.278725,0.0,15.5,0.214
2023-04-08 22:00:00+00:00,14.8,57.744602,0.0,15.2,0.214
2023-04-08 23:00:00+00:00,14.4,61.323044,0.0,15.0,0.213
2023-04-09 00:00:00+00:00,15.05,67.82134,0.1,15.6,0.213
2023-04-09 01:00:00+00:00,14.55,69.3374,0.3,15.3,0.216
2023-04-09 02:00:00+00:00,14.75,69.611115,0.0,15.05,0.215
2023-04-09 03:00:00+00:00,14.8,69.15404,0.0,14.85,0.215
2023-04-09 04:00:00+00:00,14.45,68.61889,0.0,14.7,0.215
2023-04-09 05:00:00+00:00,15.9,65.75497,0.0,15.15,0.215
2023-04-09 06:00:00+00:00,17.4,64.34242,0.0,15.95,0.214
2023-04-09 07:00:00+00:00,18.05,63.215187,0.0,16.6,0.213
2023-04-09 08:00:00+00:00,20.5,49.429367,0.0,18.15,0.211
2023-04-09 09:00:00+00:00,19.5,56.036217,0.0,18.85,0.209
2023-04-09 10:00:00+00:00,18.7,61.910984,0.0,19.0,0.208
2023-04-09 11:00:00+00:00,18.1,66.006676,0.1,19.25,0.207
2023-04-09 12:00:00+00:00,21.45,51.53582,0.0,19.45,0.206
2023-04-09 13:00:00+00:00,21.1,53.533524,0.0,20.1,0.204
2023-04-09 14:00:00+00:00,19.95,55.59247,0.0,19.45,0.203
2023-04-09 15:00:00+00:00,19.35,58.473774,0.4,18.85,0.206
2023-04-09 16:00:00+00:00,18.35,64.33835,0.0,18.15,0.206
2023-04-09 17:00:00+00:00,18.0,65.76767,0.0,17.65,0.206
2023-04-09 18:00:00+00:00,17.2,70.09039,0.0,17.2,0.206
2023-04-09 19:00:00+00:00,16.5,77.74079,0.3,16.75,0.209
2023-04-09 20:00:00+00:00,16.4,77.9809,0.0,16.45,0.209
2023-04-09 21:00:00+00:00,15.7,78.90798,0.0,16.15,0.209
2023-04-09 22:00:00+00:00,15.85,73.88781,0.0,15.95,0.208
2023-04-09 23:00:00+00:00,16.0,70.323814,0.0,15.8,0.208
2023-04-10 00:00:00+00:00,15.9,69.14185,0.4,17.15,0.198
2023-04-10 01:00:00+00:00,15.7,70.031654,0.0,16.6,0.198
2023-04-10 02:00:00+00:00,15.75,70.51025,0.0,16.2,0.197
2023-04-10 03:00:00+00:00,16.1,69.87649,0.0,16.0,0.197
2023-04-10 04:00:00+00:00,16.4,67.87187,0.0,15.9,0.197
2023-04-10 05:00:00+00:00,17.55,66.76858,0.0,16.35,0.197
2023-04-10 06:00:00+00:00,19.4,62.27641,0.0,17.45,0.196
2023-04-10 07:00:00+00:00,21.5,49.040367,0.0,19.05,0.193
2023-04-10 08:00:00+00:00,22.25,47.951206,0.0,20.65,0.191
2023-04-10 09:00:00+00:00,22.75,48.08688,0.0,22.2,0.188
2023-04-10 10:00:00+00:00,23.45,47.173794,0.0,23.5,0.184
2023-04-10 11:00:00+00:00,22.1,53.790817,0.0,23.95,0.181
2023-04-10 12:00:00+00:00,26.25,41.115788,0.0,24.3,0.177
2023-04-10 13:00:00+00:00,22.35,63.756004,0.1,24.4,0.176
2023-04-10 14:00:00+00:00,21.45,69.77343,0.3,23.75,0.178
2023-04-10 15:00:00+00:00,20.7,71.90152,0.0,22.55,0.177
2023-04-10 16:00:00+00:00,19.75,78.22709,0.3,21.3,0.18
2023-04-10 17:00:00+00:00,18.4,79.55166,1.1,19.9,0.193
2023-04-10 18:00:00+00:00,17.0,86.32952,2.5,18.6,0.227
2023-04-10 19:00:00+00:00,17.0,85.498055,0.0,17.8,0.227
2023-04-10 20:00:00+00:00,16.15,92.00661,1.3,17.2,0.244
2023-04-10 21:00:00+00:00,16.1,90.53205,0.2,16.85,0.246
2023-04-10 22:00:00+00:00,15.7,91.387024,0.0,16.45,0.246
2023-04-10 23:00:00+00:00,15.55,90.493614,0.0,16.15,0.246
2023-04-11 00:00:00+00:00,15.8,87.62405,0.0,18.05,0.176
2023-04-11 01:00:00+00:00,15.5,86.46284,0.3,17.2,0.18
2023-04-11 02:00:00+00:00,15.4,86.735596,0.3,16.55,0.183
2023-04-11 03:00:00+00:00,15.7,87.0471,0.2,16.35,0.185
2023-04-11 04:00:00+00:00,15.6,90.4971,3.2,16.15,0.228
2023-04-11 05:00:00+00:00,16.15,89.37364,0.2,16.35,0.23
2023-04-11 06:00:00+00:00,17.4,85.81504,0.1,17.55,0.231
2023-04-11 07:00:00+00:00,17.8,81.28582,0.0,18.8,0.231
2023-04-11 08:00:00+00:00,18.45,77.53204,0.0,19.95,0.23
2023-04-11 09:00:00+00:00,18.55,73.63207,0.0,20.65,0.228
2023-04-11 10:00:00+00:00,19.05,69.760895,0.1,21.1,0.226
2023-04-11 11:00:00+00:00,19.15,67.98422,0.0,21.7,0.224
2023-04-11 12:00:00+00:00,19.6,60.70171,0.0,23.2,0.173
2023-04-11 13:00:00+00:00,19.35,60.44298,0.0,23.0,0.171
2023-04-11 14:00:00+00:00,18.5,65.22649,0.0,22.35,0.17
2023-04-11 15:00:00+00:00,17.6,68.116776,0.0,21.3,0.169
2023-04-11 16:00:00+00:00,16.95,73.59329,0.0,20.05,0.169
2023-04-11 17:00:00+00:00,16.85,72.374115,0.0,19.0,0.169
2023-04-11 18:00:00+00:00,16.65,73.057396,0.0,18.3,0.169
2023-04-11 19:00:00+00:00,16.15,68.27487,0.0,17.65,0.169
2023-04-11 20:00:00+00:00,15.85,72.67257,0.0,17.1,0.169
2023-04-11 21:00:00+00:00,15.7,73.37303,0.0,16.7,0.169
2023-04-11 22:00:00+00:00,14.85,78.00402,0.0,16.25,0.169
2023-04-11 23:00:00+00:00,14.65,80.86994,0.0,15.85,0.169
2023-04-12 00:00:00+00:00,13.85,82.938614,0.0,17.5,0.194
2023-04-12 01:00:00+00:00,14.45,77.68435,0.0,16.5,0.194
2023-04-12 02:00:00+00:00,12.9,85.9188,0.3,15.7,0.197
2023-04-12 03:00:00+00:00,12.25,90.25798,0.2,15.05,0.199
2023-04-12 04:00:00+00:00,12.5,87.32242,0.0,14.75,0.2
2023-04-12 05:00:00+00:00,12.9,83.65715,0.0,14.75,0.201
2023-04-12 06:00:00+00:00,13.65,81.54635,0.0,15.45,0.201
2023-04-12 07:00:00+00:00,14.6,74.91038,0.0,16.55,0.2
2023-04-12 08:00:00+00:00,15.4,70.4428,0.1,17.8,0.2
2023-04-12 09:00:00+00:00,15.95,69.6147,0.1,18.85,0.199
2023-04-12 10:00:00+00:00,15.95,69.15181,0.0,19.75,0.197
2023-04-12 11:00:00+00:00,16.4,64.98649,0.0,20.5,0.195
2023-04-12 12:00:00+00:00,15.55,70.94383,0.0,20.4,0.188
2023-04-12 13:00:00+00:00,15.6,74.33595,0.1,19.25,0.188
2023-04-12 14:00:00+00:00,15.55,73.59058,0.4,18.95,0.191
2023-04-12 15:00:00+00:00,15.1,71.81286,0.0,18.15,0.191
2023-04-12 16:00:00+00:00,14.9,72.25779,0.0,17.25,0.191
2023-04-12 17:00:00+00:00,14.9,72.74282,0.0,16.4,0.191
2023-04-12 18:00:00+00:00,14.85,72.49079,0.0,15.75,0.191
2023-04-12 19:00:00+00:00,13.7,77.82894,0.0,15.25,0.191
2023-04-12 20:00:00+00:00,12.9,85.9188,0.0,14.8,0.191
2023-04-12 21:00:00+00:00,13.05,85.93414,0.2,14.6,0.193
2023-04-12 22:00:00+00:00,12.75,87.345634,0.1,14.25,0.194
2023-04-12 23:00:00+00:00,13.2,85.664406,0.0,14.0,0.194
2023-04-13 00:00:00+00:00,12.6,86.7517,0.0,14.6,0.191
2023-04-13 01:00:00+00:00,12.9,90.30508,0.9,14.05,0.203
2023-04-13 02:00:00+00:00,11.9,95.16327,0.2,13.6,0.205
2023-04-13 03:00:00+00:00,12.9,90.30508,0.1,13.65,0.206
2023-04-13 04:00:00+00:00,13.45,86.83367,0.0,13.55,0.206
2023-04-13 05:00:00+00:00,15.0,74.728775,0.2,14.15,0.209
2023-04-13 06:00:00+00:00,15.9,72.20062,0.2,15.1,0.211
2023-04-13 07:00:00+00:00,13.85,80.49372,2.9,16.05,0.246
2023-04-13 08:00:00+00:00,15.0,73.985405,0.0,16.45,0.246
2023-04-13 09:00:00+00:00,16.8,64.20962,0.1,18.15,0.244
2023-04-13 10:00:00+00:00,17.15,65.80384,0.0,19.65,0.241
2023-04-13 11:00:00+00:00,17.4,66.51622,0.0,20.65,0.238
2023-04-13 12:00:00+00:00,16.0,74.15893,0.0,21.25,0.195
2023-04-13 13:00:00+00:00,17.0,69.13075,0.1,21.0,0.195
2023-04-13 14:00:00+00:00,16.65,69.29081,0.1,20.6,0.194
2023-04-13 15:00:00+00:00,16.35,71.33162,0.1,19.7,0.194
2023-04-13 16:00:00+00:00,15.95,76.388176,0.0,18.6,0.194
2023-04-13 17:00:00+00:00,15.5,81.24996,0.0,17.45,0.194
2023-04-13 18:00:00+00:00,15.65,81.53671,0.0,16.7,0.194
2023-04-13 19:00:00+00:00,15.7,79.95292,0.0,16.05,0.194
2023-04-13 20:00:00+00:00,16.05,75.402916,0.0,15.65,0.194
2023-04-13 21:00:00+00:00,16.1,70.10947,0.0,15.35,0.194
2023-04-13 22:00:00+00:00,16.15,67.36885,0.2,15.1,0.196
2023-04-13 23:00:00+00:00,15.95,68.92138,0.1,14.85,0.197
2023-04-14 00:00:00+00:00,14.6,91.01897,0.1,15.8,0.189
2023-04-14 01:00:00+00:00,13.95,91.274315,0.0,15.25,0.189
2023-04-14 02:00:00+00:00,13.65,92.46131,0.0,14.55,0.189
2023-04-14 03:00:00+00:00,12.7,94.25617,0.0,14.1,0.19
2023-04-14 04:00:00+00:00,12.95,91.51075,0.0,13.9,0.19
2023-04-14 05:00:00+00:00,14.55,88.6658,0.0,14.55,0.19
2023-04-14 06:00:00+00:00,16.25,83.49804,0.0,16.15,0.189
2023-04-14 07:00:00+00:00,17.2,80.94462,0.0,17.9,0.188
2023-04-14 08:00:00+00:00,17.85,75.2074,0.0,19.4,0.187
2023-04-14 09:00:00+00:00,18.2,73.3318,0.1,20.75,0.185
2023-04-14 10:00:00+00:00,18.35,73.59722,0.0,21.85,0.183
2023-04-14 11:00:00+00:00,18.8,69.25872,0.1,22.6,0.181
2023-04-14 12:00:00+00:00,19.3,67.79311,0.1,22.85,0.184
2023-04-14 13:00:00+00:00,19.1,66.87208,0.0,22.55,0.182
2023-04-14 14:00:00+00:00,18.6,68.99328,0.0,22.0,0.181
2023-04-14 15:00:00+00:00,18.05,69.56623,0.0,21.1,0.18
2023-04-14 16:00:00+00:00,17.0,75.80753,0.0,19.75,0.18
2023-04-14 17:00:00+00:00,15.5,84.78574,0.0,18.3,0.18
2023-04-14 18:00:00+00:00,16.75,74.77808,0.0,17.05,0.18
2023-04-14 19:00:00+00:00,14.35,88.06931,0.0,16.05,0.18
2023-04-14 20:00:00+00:00,14.35,89.52522,0.0,15.45,0.18
2023-04-14 21:00:00+00:00,13.9,89.49039,0.0,15.0,0.18
2023-04-14 22:00:00+00:00,13.55,88.58224,0.0,14.55,0.18
2023-04-14 23:00:00+00:00,13.15,87.67287,0.0,14.15,0.18
2023-04-15 00:00:00+00:00,12.2,90.25436,0.0,13.9,0.182
2023-04-15 01:00:00+00:00,11.65,91.12282,0.0,13.6,0.182
2023-04-15 02:00:00+00:00,11.5,89.601326,0.0,13.3,0.182
2023-04-15 03:00:00+00:00,11.45,88.40379,0.0,13.05,0.182
2023-04-15 04:00:00+00:00,12.1,84.97764,0.0,13.1,0.182
2023-04-15 05:00:00+00:00,14.35,78.44876,0.0,14.0,0.182
2023-04-15 06:00:00+00:00,17.05,68.00486,0.0,15.65,0.181
2023-04-15 07:00:00+00:00,19.7,56.64871,0.0,17.6,0.18
2023-04-15 08:00:00+00:00,21.45,44.1804,0.0,19.55,0.177
2023-04-15 09:00:00+00:00,22.3,40.96503,0.0,21.2,0.174
2023-04-15 10:00:00+00:00,23.1,38.36847,0.0,22.65,0.171
2023-04-15 11:00:00+00:00,23.65,36.243076,0.0,23.7,0.167
2023-04-15 12:00:00+00:00,24.35,36.813736,0.0,24.35,0.165
2023-04-15 13:00:00+00:00,24.55,36.62229,0.0,24.65,0.162
2023-04-15 14:00:00+00:00,24.6,36.389755,0.0,24.45,0.16
2023-04-15 15:00:00+00:00,23.55,45.212883,0.0,23.5,0.159
2023-04-15 16:00:00+00:00,21.65,49.40888,0.0,22.15,0.158
2023-04-15 17:00:00+00:00,20.55,50.2786,0.0,20.9,0.158
2023-04-15 18:00:00+00:00,19.75,53.36164,0.0,19.9,0.158
2023-04-15 19:00:00+00:00,18.8,54.74667,0.0,19.05,0.157
2023-04-15 20:00:00+00:00,18.65,52.009613,0.0,18.45,0.157
2023-04-15 21:00:00+00:00,18.25,52.256733,0.0,17.95,0.157
2023-04-15 22:00:00+00:00,17.6,53.886272,0.0,17.5,0.156
2023-04-15 23:00:00+00:00,16.95,56.33738,0.0,17.1,0.156
2023-04-16 00:00:00+00:00,16.55,64.80202,0.0,16.85,0.154
2023-04-16 01:00:00+00:00,16.05,65.78729,0.0,16.45,0.154
2023-04-16 02:00:00+00:00,15.85,63.997982,0.0,16.15,0.154
2023-04-16 03:00:00+00:00,15.85,61.4554,0.0,15.85,0.153
2023-04-16 04:00:00+00:00,16.35,60.133724,0.0,15.8,0.153
2023-04-16 05:00:00+00:00,18.0,60.728657,0.0,16.65,0.153
2023-04-16 06:00:00+00:00,20.35,56.249454,0.0,18.25,0.152
2023-04-16 07:00:00+00:00,22.75,44.54288,0.0,20.2,0.15
2023-04-16 08:00:00+00:00,24.0,40.349297,0.0,22.1,0.148
2023-04-16 09:00:00+00:00,24.85,37.83575,0.0,23.8,0.145
2023-04-16 10:00:00+00:00,25.45,35.899128,0.0,25.15,0.143
2023-04-16 11:00:00+00:00,24.95,37.358795,0.0,25.75,0.14
2023-04-16 12:00:00+00:00,24.05,48.12095,0.0,26.55,0.136
2023-04-16 13:00:00+00:00,22.4,60.172977,0.0,26.2,0.135
2023-04-16 14:00:00+00:00,21.3,67.54194,0.0,25.2,0.134
2023-04-16 15:00:00+00:00,20.5,70.71967,0.0,24.05,0.134
2023-04-16 16:00:00+00:00,19.65,75.98951,0.0,22.65,0.134
2023-04-16 17:00:00+00:00,19.0,76.62246,0.0,21.25,0.134
2023-04-16 18:00:00+00:00,17.85,77.94464,0.0,20.0,0.134
2023-04-16 19:00:00+00:00,17.2,78.61133,0.0,18.85,0.134
2023-04-16 20:00:00+00:00,17.5,72.968864,0.0,17.95,0.134
2023-04-16 21:00:00+00:00,15.65,82.61264,0.0,17.05,0.134
2023-04-16 22:00:00+00:00,15.65,82.07312,0.0,16.45,0.134
2023-04-16 23:00:00+00:00,15.4,81.23684,0.0,15.95,0.134
2023-04-17 00:00:00+00:00,14.55,83.849014,0.0,15.75,0.133
2023-04-17 01:00:00+00:00,14.45,81.92087,0.0,15.5,0.133
2023-04-17 02:00:00+00:00,14.5,81.11798,0.0,15.3,0.133
2023-04-17 03:00:00+00:00,14.2,82.98107,0.0,15.05,0.133
2023-04-17 04:00:00+00:00,14.7,81.68255,0.0,15.15,0.133
2023-04-17 05:00:00+00:00,16.9,75.2959,0.0,16.2,0.133
2023-04-17 06:00:00+00:00,20.15,66.008385,0.0,18.15,0.132
2023-04-17 07:00:00+00:00,23.05,53.682278,0.0,20.5,0.131
2023-04-17 08:00:00+00:00,25.2,44.482956,0.0,22.9,0.129
2023-04-17 09:00:00+00:00,26.65,38.7256,0.0,25.2,0.127
2023-04-17 10:00:00+00:00,27.45,35.272312,0.0,27.05,0.124
2023-04-17 11:00:00+00:00,27.65,35.21132,0.0,28.45,0.122
2023-04-17 12:00:00+00:00,27.35,41.286854,0.0,29.15,0.119
2023-04-17 13:00:00+00:00,26.25,52.110798,0.0,29.3,0.117
2023-04-17 14:00:00+00:00,25.15,60.234394,0.0,28.75,0.116
2023-04-17 15:00:00+00:00,23.55,62.008335,0.0,27.3,0.115
2023-04-17 16:00:00+00:00,21.75,60.411873,0.0,25.35,0.115
2023-04-17 17:00:00+00:00,20.0,69.49327,0.0,23.25,0.115
2023-04-17 18:00:00+00:00,20.1,66.86156,0.0,21.6,0.115
2023-04-17 19:00:00+00:00,19.15,71.85062,0.0,20.3,0.115
2023-04-17 20:00:00+00:00,18.7,75.10425,0.0,19.45,0.116
2023-04-17 21:00:00+00:00,18.3,74.55197,0.0,18.6,0.116
2023-04-17 22:00:00+00:00,17.05,77.317726,0.0,18.05,0.116
2023-04-17 23:00:00+00:00,16.65,71.38788,0.0,17.6,0.116
2023-04-18 00:00:00+00:00,17.15,63.859528,0.0,17.0,0.118
2023-04-18 01:00:00+00:00,16.65,60.613007,0.0,16.9,0.118
2023-04-18 02:00:00+00:00,16.5,55.462097,0.0,16.7,0.118
2023-04-18 03:00:00+00:00,16.45,54.324287,0.0,16.5,0.118
2023-04-18 04:00:00+00:00,18.1,52.217007,0.0,16.65,0.118
2023-04-18 05:00:00+00:00,20.0,49.962635,0.0,17.8,0.118
2023-04-18 06:00:00+00:00,22.35,47.66035,0.0,19.65,0.117
2023-04-18 07:00:00+00:00,25.4,40.473457,0.0,22.05,0.116
2023-04-18 08:00:00+00:00,26.45,36.789764,0.0,24.6,0.114
2023-04-18 09:00:00+00:00,27.1,36.123405,0.0,26.95,0.112
2023-04-18 10:00:00+00:00,27.3,37.89541,0.0,28.75,0.11
2023-04-18 11:00:00+00:00,27.3,41.408012,0.0,29.95,0.108
2023-04-18 12:00:00+00:00,26.3,46.265408,0.0,30.65,0.104
2023-04-18 13:00:00+00:00,25.3,49.89267,0.0,30.35,0.102
2023-04-18 14:00:00+00:00,24.05,59.21624,0.0,29.5,0.102
2023-04-18 15:00:00+00:00,22.65,63.00802,0.0,28.0,0.101
2023-04-18 16:00:00+00:00,20.8,74.01937,0.0,26.0,0.101
2023-04-18 17:00:00+00:00,19.75,79.99424,0.0,24.05,0.101
2023-04-18 18:00:00+00:00,19.55,80.73582,0.0,22.6,0.101
2023-04-18 19:00:00+00:00,19.4,81.49209,0.0,21.5,0.101
2023-04-18 20:00:00+00:00,18.25,88.40268,0.0,20.5,0.102
2023-04-18 21:00:00+00:00,17.15,90.60486,0.0,19.5,0.102
2023-04-18 22:00:00+00:00,16.6,89.12103,0.0,18.7,0.102
2023-04-18 23:00:00+00:00,15.55,89.61732,0.0,18.05,0.102
2023-04-19 00:00:00+00:00,16.25,92.0125,0.0,17.85,0.102
2023-04-19 01:00:00+00:00,15.6,90.4971,0.0,17.55,0.102
2023-04-19 02:00:00+00:00,15.9,88.48994,0.0,17.35,0.102
2023-04-19 03:00:00+00:00,16.8,86.58902,0.0,17.4,0.103
2023-04-19 04:00:00+00:00,17.65,81.79307,0.1,17.5,0.104
2023-04-19 05:00:00+00:00,18.3,86.45614,0.7,18.0,0.111
2023-04-19 06:00:00+00:00,19.4,84.39445,0.4,18.95,0.116
2023-04-19 07:00:00+00:00,20.75,68.74768,0.0,20.25,0.115
2023-04-19 08:00:00+00:00,22.95,58.95541,0.0,22.5,0.115
2023-04-19 09:00:00+00:00,24.1,55.00668,0.0,24.65,0.113
2023-04-19 10:00:00+00:00,25.45,46.944527,0.0,26.75,0.111
2023-04-19 11:00:00+00:00,25.4,44.538036,0.0,28.1,0.109
2023-04-19 12:00:00+00:00,23.65,60.463997,0.0,29.05,0.103
2023-04-19 13:00:00+00:00,22.0,70.774254,0.0,27.35,0.103
2023-04-19 14:00:00+00:00,20.05,74.366936,0.3,25.55,0.106
2023-04-19 15:00:00+00:00,19.65,75.50315,0.0,24.0,0.106
2023-04-19 16:00:00+00:00,19.25,80.95422,0.0,22.9,0.106
2023-04-19 17:00:00+00:00,19.35,76.43131,0.0,21.85,0.106
2023-04-19 18:00:00+00:00,18.7,80.88184,0.0,20.95,0.106
2023-04-19 19:00:00+00:00,18.05,85.332466,0.0,20.4,0.106
2023-04-19 20:00:00+00:00,17.4,89.18426,0.0,19.75,0.106
2023-04-19 21:00:00+00:00,17.05,91.1802,0.2,19.25,0.108
2023-04-19 22:00:00+00:00,17.0,92.35167,2.1,18.7,0.134
2023-04-19 23:00:00+00:00,16.75,93.22884,0.2,18.2,0.136
2023-04-20 00:00:00+00:00,17.35,89.75319,0.0,18.75,0.167
2023-04-20 01:00:00+00:00,17.1,88.02251,0.4,18.1,0.171
2023-04-20 02:00:00+00:00,16.9,85.76427,0.3,17.65,0.174
2023-04-20 03:00:00+00:00,16.25,89.96032,1.5,17.3,0.194
2023-04-20 04:00:00+00:00,16.15,91.415665,0.1,17.15,0.195
2023-04-20 05:00:00+00:00,17.35,88.04414,0.1,17.6,0.196
2023-04-20 06:00:00+00:00,18.5,84.02617,0.1,18.7,0.196
2023-04-20 07:00:00+00:00,19.55,74.04339,0.1,20.0,0.196
2023-04-20 08:00:00+00:00,19.1,74.6867,0.4,20.75,0.199
2023-04-20 09:00:00+00:00,18.05,78.735306,0.6,20.7,0.204
2023-04-20 10:00:00+00:00,18.0,79.23892,0.2,20.55,0.205
2023-04-20 11:00:00+00:00,19.4,68.92657,0.1,21.1,0.204
2023-04-20 12:00:00+00:00,20.9,67.89702,0.1,24.7,0.157
2023-04-20 13:00:00+00:00,20.55,68.486755,0.0,24.35,0.156
2023-04-20 14:00:00+00:00,20.1,66.64469,0.0,23.9,0.155
2023-04-20 15:00:00+00:00,19.25,72.570564,0.0,23.0,0.154
2023-04-20 16:00:00+00:00,18.65,73.17275,0.0,21.8,0.153
2023-04-20 17:00:00+00:00,18.3,74.31007,0.0,20.7,0.153
2023-04-20 18:00:00+00:00,18.1,76.729034,0.0,19.95,0.153
2023-04-20 19:00:00+00:00,17.65,80.74255,0.0,19.25,0.153
2023-04-20 20:00:00+00:00,17.5,80.46152,0.0,18.75,0.153
2023-04-20 21:00:00+00:00,17.55,79.68997,0.0,18.4,0.153
2023-04-20 22:00:00+00:00,17.45,76.37733,0.0,18.05,0.153
2023-04-20 23:00:00+00:00,16.75,78.54527,0.0,17.6,0.153
2023-04-21 00:00:00+00:00,17.2,77.84683,0.0,18.25,0.15
2023-04-21 01:00:00+00:00,15.6,85.073944,0.3,17.75,0.154
2023-04-21 02:00:00+00:00,14.8,88.1085,0.0,17.25,0.154
2023-04-21 03:00:00+00:00,13.75,89.47873,0.0,16.55,0.154
2023-04-21 04:00:00+00:00,14.2,87.19183,0.0,16.35,0.154
2023-04-21 05:00:00+00:00,16.15,82.404526,0.0,16.95,0.154
2023-04-21 06:00:00+00:00,18.05,74.75258,0.0,18.35,0.153
2023-04-21 07:00:00+00:00,18.85,70.63706,0.1,20.0,0.153
2023-04-21 08:00:00+00:00,19.9,64.46633,0.1,21.8,0.152
2023-04-21 09:00:00+00:00,20.65,60.747654,0.0,23.5,0.15
2023-04-21 10:00:00+00:00,21.15,58.715935,0.0,24.75,0.147
2023-04-21 11:00:00+00:00,21.1,61.0511,0.0,25.35,0.145
2023-04-21 12:00:00+00:00,20.4,71.15738,0.0,25.75,0.142
2023-04-21 13:00:00+00:00,20.1,75.33477,0.0,25.65,0.141
2023-04-21 14:00:00+00:00,20.2,73.68016,0.0,25.1,0.14
2023-04-21 15:00:00+00:00,18.95,74.9032,0.1,24.0,0.141
2023-04-21 16:00:00+00:00,18.1,78.48835,0.0,22.4,0.141
2023-04-21 17:00:00+00:00,18.15,81.331215,0.0,21.1,0.14
2023-04-21 18:00:00+00:00,17.7,85.02236,0.0,20.05,0.14
2023-04-21 19:00:00+00:00,17.4,84.71712,0.4,19.1,0.144
2023-04-21 20:00:00+00:00,15.2,93.75522,3.4,18.35,0.189
2023-04-21 21:00:00+00:00,14.05,94.31469,3.8,17.4,0.242
2023-04-21 22:00:00+00:00,14.85,92.52875,0.0,16.9,0.242
2023-04-21 23:00:00+00:00,14.0,93.69853,0.0,16.45,0.242
2023-04-22 00:00:00+00:00,14.6,89.252144,0.0,18.1,0.137
2023-04-22 01:00:00+00:00,14.35,91.00228,0.0,17.25,0.138
2023-04-22 02:00:00+00:00,14.9,89.27583,0.0,16.8,0.138
2023-04-22 03:00:00+00:00,14.9,90.44788,0.0,16.6,0.138
2023-04-22 04:00:00+00:00,15.3,87.57903,0.0,16.6,0.138
2023-04-22 05:00:00+00:00,16.15,85.687614,0.0,17.3,0.138
2023-04-22 06:00:00+00:00,17.5,80.98427,0.0,18.8,0.137
2023-04-22 07:00:00+00:00,18.85,71.56259,0.0,20.65,0.136
2023-04-22 08:00:00+00:00,20.25,65.815216,0.0,22.65,0.135
2023-04-22 09:00:00+00:00,21.0,65.54839,0.0,24.55,0.133
2023-04-22 10:00:00+00:00,21.3,65.82407,0.0,25.5,0.131
2023-04-22 11:00:00+00:00,21.2,69.05771,0.0,26.1,0.13
2023-04-22 12:00:00+00:00,21.9,54.272255,0.0,26.9,0.129
2023-04-22 13:00:00+00:00,21.5,56.35073,0.0,26.6,0.127
2023-04-22 14:00:00+00:00,20.95,61.415714,0.0,25.85,0.126
2023-04-22 15:00:00+00:00,20.35,66.05054,0.0,24.85,0.125
2023-04-22 16:00:00+00:00,18.95,75.388725,0.0,23.25,0.125
2023-04-22 17:00:00+00:00,18.05,79.24603,0.0,21.55,0.125
2023-04-22 18:00:00+00:00,17.45,79.675964,0.0,20.2,0.125
2023-04-22 19:00:00+00:00,16.75,81.9443,0.0,19.1,0.125
2023-04-22 20:00:00+00:00,16.1,83.753006,0.0,18.1,0.125
2023-04-22 21:00:00+00:00,15.7,84.80748,0.0,17.45,0.125
2023-04-22 22:00:00+00:00,14.75,86.67303,0.0,16.7,0.125
2023-04-22 23:00:00+00:00,14.3,86.914894,0.0,16.1,0.125
2023-04-23 00:00:00+00:00,14.95,87.83402,0.0,17.85,0.124
2023-04-23 01:00:00+00:00,15.2,85.30998,0.0,17.2,0.124
2023-04-23 02:00:00+00:00,15.05,81.99723,0.0,16.8,0.124
2023-04-23 03:00:00+00:00,14.5,82.19856,0.0,16.45,0.124
2023-04-23 04:00:00+00:00,15.3,78.84966,0.1,16.45,0.125
2023-04-23 05:00:00+00:00,16.75,73.55822,0.3,17.05,0.128
2023-04-23 06:00:00+00:00,19.05,59.973335,0.0,18.45,0.128
2023-04-23 07:00:00+00:00,20.95,53.67236,0.0,20.25,0.127
2023-04-23 08:00:00+00:00,23.0,44.167637,0.0,22.85,0.125
2023-04-23 09:00:00+00:00,23.5,45.199078,0.0,25.1,0.123
2023-04-23 10:00:00+00:00,22.8,54.323566,0.0,26.55,0.121
2023-04-23 11:00:00+00:00,22.25,53.126835,0.0,27.25,0.119
2023-04-23 12:00:00+00:00,22.15,51.21027,0.0,27.15,0.114
2023-04-23 13:00:00+00:00,21.95,53.929367,0.0,27.0,0.112
2023-04-23 14:00:00+00:00,21.05,64.71604,0.0,26.3,0.112
2023-04-23 15:00:00+00:00,20.15,72.264946,0.0,25.15,0.111
2023-04-23 16:00:00+00:00,18.95,80.9148,0.0,23.55,0.111
2023-04-23 17:00:00+00:00,18.4,83.211655,0.0,22.0,0.111
2023-04-23 18:00:00+00:00,18.2,84.26199,0.0,20.85,0.111
2023-04-23 19:00:00+00:00,18.05,81.056656,0.0,20.0,0.111
2023-04-23 20:00:00+00:00,17.75,81.27931,0.0,19.3,0.111
2023-04-23 21:00:00+00:00,17.65,81.00407,0.0,18.75,0.111
2023-04-23 22:00:00+00:00,17.45,82.564384,0.0,18.3,0.111
2023-04-23 23:00:00+00:00,17.35,82.81941,0.0,18.0,0.111
2023-04-24 00:00:00+00:00,17.3,82.01365,0.0,18.85,0.111
2023-04-24 01:00:00+00:00,17.45,79.93482,0.0,18.45,0.111
2023-04-24 02:00:00+00:00,17.45,78.39271,0.0,18.25,0.111
2023-04-24 03:00:00+00:00,17.35,76.61092,0.0,18.05,0.11
2023-04-24 04:00:00+00:00,18.0,72.345345,0.0,18.2,0.11
2023-04-24 05:00:00+00:00,18.65,66.997986,0.0,18.8,0.11
2023-04-24 06:00:00+00:00,19.25,63.693184,0.1,19.9,0.111
2023-04-24 07:00:00+00:00,19.85,62.37883,0.1,21.25,0.111
2023-04-24 08:00:00+00:00,20.45,60.9002,0.0,22.75,0.11
2023-04-24 09:00:00+00:00,20.85,58.836376,0.0,24.2,0.109
2023-04-24 10:00:00+00:00,21.15,59.295055,0.0,25.4,0.108
2023-04-24 11:00:00+00:00,21.05,62.446842,0.0,26.1,0.107
2023-04-24 12:00:00+00:00,21.75,67.8501,0.0,26.9,0.108
2023-04-24 13:00:00+00:00,22.25,65.812584,0.0,26.9,0.108
2023-04-24 14:00:00+00:00,20.8,71.68966,0.4,25.9,0.112
2023-04-24 15:00:00+00:00,20.25,67.985435,0.0,24.75,0.111
2023-04-24 16:00:00+00:00,19.45,74.745346,0.0,23.35,0.111
2023-04-24 17:00:00+00:00,18.7,81.14167,0.0,21.95,0.111
2023-04-24 18:00:00+00:00,18.6,82.17596,0.0,20.85,0.111
2023-04-24 19:00:00+00:00,18.15,86.99562,0.0,19.95,0.111
2023-04-24 20:00:00+00:00,17.4,90.33288,0.0,19.15,0.111
2023-04-24 21:00:00+00:00,16.55,91.14764,0.0,18.35,0.111
2023-04-24 22:00:00+00:00,16.5,90.268875,0.0,17.7,0.111
2023-04-24 23:00:00+00:00,15.85,92.58429,0.0,17.15,0.112
2023-04-25 00:00:00+00:00,16.95,88.57751,0.0,17.9,0.105
2023-04-25 01:00:00+00:00,15.25,93.75755,0.0,17.4,0.105
2023-04-25 02:00:00+00:00,15.65,93.47425,0.1,16.95,0.107
2023-04-25 03:00:00+00:00,15.45,94.98544,0.0,16.65,0.107
2023-04-25 04:00:00+00:00,16.15,91.415665,0.0,16.7,0.107
2023-04-25 05:00:00+00:00,17.65,84.744194,0.0,17.5,0.107
2023-04-25 06:00:00+00:00,19.0,73.23435,0.1,18.95,0.108
2023-04-25 07:00:00+00:00,19.8,67.89455,0.1,20.75,0.109
2023-04-25 08:00:00+00:00,20.2,66.01892,0.2,22.6,0.11
2023-04-25 09:00:00+00:00,20.7,63.18579,0.1,24.45,0.11
2023-04-25 10:00:00+00:00,20.9,61.80596,0.0,25.75,0.108
2023-04-25 11:00:00+00:00,21.15,60.46839,0.0,26.7,0.107
2023-04-25 12:00:00+00:00,20.6,60.33949,0.0,27.45,0.101
2023-04-25 13:00:00+00:00,20.55,60.52576,0.0,27.15,0.1
2023-04-25 14:00:00+00:00,20.0,62.412884,0.0,26.35,0.099
2023-04-25 15:00:00+00:00,19.35,64.34605,0.0,25.1,0.099
2023-04-25 16:00:00+00:00,18.5,69.19968,0.0,23.45,0.099
2023-04-25 17:00:00+00:00,17.85,75.45269,0.0,21.85,0.099
2023-04-25 18:00:00+00:00,17.55,78.407486,0.0,20.55,0.099
2023-04-25 19:00:00+00:00,17.4,79.92791,0.0,19.55,0.099
2023-04-25 20:00:00+00:00,17.3,80.95787,0.0,18.85,0.099
2023-04-25 21:00:00+00:00,16.95,82.771095,0.0,18.1,0.099
2023-04-25 22:00:00+00:00,16.3,85.70299,0.0,17.4,0.099
2023-04-25 23:00:00+00:00,16.45,84.88858,0.0,16.9,0.099
2023-04-26 00:00:00+00:00,15.75,88.76489,0.0,16.85,0.099
2023-04-26 01:00:00+00:00,15.85,88.773094,0.0,16.65,0.099
2023-04-26 02:00:00+00:00,16.65,84.36161,0.0,16.6,0.099
2023-04-26 03:00:00+00:00,16.85,81.691124,0.0,16.4,0.1
2023-04-26 04:00:00+00:00,16.55,83.80473,0.1,16.8,0.101
2023-04-26 05:00:00+00:00,17.4,80.70917,0.1,17.75,0.102
2023-04-26 06:00:00+00:00,18.45,76.04203,0.0,19.5,0.103
2023-04-26 07:00:00+00:00,19.35,69.14127,0.2,21.35,0.104
2023-04-26 08:00:00+00:00,20.0,64.48812,0.6,23.0,0.11
2023-04-26 09:00:00+00:00,20.75,58.619564,0.1,24.45,0.11
2023-04-26 10:00:00+00:00,20.9,61.40421,0.0,25.8,0.109
2023-04-26 11:00:00+00:00,20.8,61.984913,0.0,26.6,0.108
2023-04-26 12:00:00+00:00,21.45,58.98028,0.0,27.25,0.105
2023-04-26 13:00:00+00:00,21.1,61.45023,0.0,27.0,0.104
2023-04-26 14:00:00+00:00,20.45,66.0716,0.0,26.25,0.104
2023-04-26 15:00:00+00:00,19.65,70.331215,0.0,24.9,0.103
2023-04-26 16:00:00+00:00,19.2,73.74474,0.0,23.45,0.103
2023-04-26 17:00:00+00:00,18.8,77.835526,0.0,22.1,0.103
2023-04-26 18:00:00+00:00,18.4,80.32379,0.0,20.95,0.103
2023-04-26 19:00:00+00:00,18.35,81.618935,0.0,20.15,0.103
2023-04-26 20:00:00+00:00,17.95,84.505,0.0,19.4,0.103
2023-04-26 21:00:00+00:00,17.75,85.57539,0.0,18.75,0.103
2023-04-26 22:00:00+00:00,17.6,84.738785,0.0,18.2,0.104
2023-04-26 23:00:00+00:00,15.95,86.50671,0.5,17.75,0.109
2023-04-27 00:00:00+00:00,16.65,87.135704,0.3,17.55,0.104
2023-04-27 01:00:00+00:00,16.35,87.39014,0.0,17.3,0.104
2023-04-27 02:00:00+00:00,14.85,93.13203,0.0,16.8,0.104
2023-04-27 03:00:00+00:00,15.35,91.06878,0.0,16.4,0.104
2023-04-27 04:00:00+00:00,16.95,86.883064,0.0,16.85,0.105
2023-04-27 05:00:00+00:00,17.7,81.01061,0.1,17.7,0.106
2023-04-27 06:00:00+00:00,18.3,77.76027,0.1,19.15,0.107
2023-04-27 07:00:00+00:00,19.0,72.76126,0.5,20.85,0.111
2023-04-27 08:00:00+00:00,19.7,65.48429,0.2,22.6,0.113
2023-04-27 09:00:00+00:00,20.0,63.65085,0.0,23.7,0.113
2023-04-27 10:00:00+00:00,20.05,65.987274,0.0,24.4,0.112
2023-04-27 11:00:00+00:00,19.7,66.99645,0.0,24.4,0.112
2023-04-27 12:00:00+00:00,17.5,80.201256,0.1,24.4,0.123
2023-04-27 13:00:00+00:00,17.9,80.77586,3.1,22.25,0.162
2023-04-27 14:00:00+00:00,18.35,76.52009,0.1,21.2,0.162
2023-04-27 15:00:00+00:00,18.6,70.82031,0.0,21.0,0.161
2023-04-27 16:00:00+00:00,17.8,77.68468,0.0,20.25,0.161
2023-04-27 17:00:00+00:00,17.8,76.6819,0.0,19.1,0.161
2023-04-27 18:00:00+00:00,16.6,84.90473,0.0,18.3,0.161
2023-04-27 19:00:00+00:00,16.4,86.27053,0.0,17.7,0.161
2023-04-27 20:00:00+00:00,16.4,87.112465,0.1,17.45,0.162
2023-04-27 21:00:00+00:00,16.15,88.51088,0.0,17.15,0.162
2023-04-27 22:00:00+00:00,15.5,91.37425,0.0,16.9,0.162
2023-04-27 23:00:00+00:00,15.05,91.04892,0.0,16.7,0.162
2023-04-28 00:00:00+00:00,15.55,91.082,0.0,17.4,0.144
2023-04-28 01:00:00+00:00,15.0,93.13975,0.0,16.85,0.144
2023-04-28 02:00:00+00:00,14.4,93.41274,0.0,16.45,0.145
2023-04-28 03:00:00+00:00,13.65,92.46131,0.5,16.0,0.15
2023-04-28 04:00:00+00:00,14.4,87.785126,0.5,15.75,0.155
2023-04-28 05:00:00+00:00,15.6,87.60606,0.0,16.45,0.156
2023-04-28 06:00:00+00:00,16.2,82.67993,0.0,17.45,0.156
2023-04-28 07:00:00+00:00,17.3,76.10453,0.0,19.0,0.155
2023-04-28 08:00:00+00:00,18.2,73.57106,0.1,20.75,0.155
2023-04-28 09:00:00+00:00,17.75,76.17679,0.0,21.55,0.154
2023-04-28 10:00:00+00:00,18.3,74.79456,0.0,22.4,0.152
2023-04-28 11:00:00+00:00,18.6,73.64073,0.0,22.85,0.151
2023-04-28 12:00:00+00:00,18.4,76.280655,0.4,23.7,0.232
2023-04-28 13:00:00+00:00,17.5,82.30424,0.1,23.65,0.23
2023-04-28 14:00:00+00:00,15.9,87.065834,2.7,22.15,0.261
2023-04-28 15:00:00+00:00,14.9,80.37073,4.7,20.3,0.324
2023-04-28 16:00:00+00:00,13.95,81.5854,0.6,18.3,0.329
2023-04-28 17:00:00+00:00,14.35,84.93951,0.0,17.1,0.326
2023-04-28 18:00:00+00:00,13.75,91.86238,0.0,16.55,0.324
2023-04-28 19:00:00+00:00,14.65,85.53248,0.0,16.2,0.322
2023-04-28 20:00:00+00:00,14.15,87.18717,0.5,15.95,0.325
2023-04-28 21:00:00+00:00,12.7,95.82176,5.0,15.55,0.387
2023-04-28 22:00:00+00:00,13.6,90.058426,0.2,15.4,0.379
2023-04-28 23:00:00+00:00,13.2,93.04627,3.2,15.05,0.409
2023-04-29 00:00:00+00:00,13.4,88.569626,0.3,16.35,0.283
2023-04-29 01:00:00+00:00,13.75,90.96203,0.1,15.7,0.283
2023-04-29 02:00:00+00:00,13.2,92.43577,2.7,15.35,0.32
2023-04-29 03:00:00+00:00,13.35,91.235146,0.1,15.1,0.319
2023-04-29 04:00:00+00:00,13.5,90.94519,0.0,15.0,0.317
2023-04-29 05:00:00+00:00,14.45,88.07804,0.0,15.7,0.315
2023-04-29 06:00:00+00:00,15.5,82.59421,0.0,16.8,0.313
2023-04-29 07:00:00+00:00,16.5,75.725914,0.0,17.85,0.31
2023-04-29 08:00:00+00:00,17.85,66.61091,0.1,19.45,0.307
2023-04-29 09:00:00+00:00,18.6,58.681293,0.1,20.95,0.302
2023-04-29 10:00:00+00:00,19.15,56.700172,0.1,22.25,0.297
2023-04-29 11:00:00+00:00,16.9,72.38322,1.2,22.3,0.306
2023-04-29 12:00:00+00:00,14.6,65.47311,0.1,22.25,0.304
2023-04-29 13:00:00+00:00,16.15,67.820526,0.0,21.15,0.301
2023-04-29 14:00:00+00:00,16.2,76.42818,0.0,20.4,0.298
2023-04-29 15:00:00+00:00,16.3,73.47908,0.9,20.1,0.305
2023-04-29 16:00:00+00:00,14.85,82.51406,1.3,18.6,0.318
2023-04-29 17:00:00+00:00,14.8,81.42619,0.0,17.25,0.316
2023-04-29 18:00:00+00:00,14.25,83.81437,0.0,16.3,0.314
2023-04-29 19:00:00+00:00,14.4,85.5064,0.0,15.8,0.313
2023-04-29 20:00:00+00:00,14.7,85.81909,0.0,15.5,0.311
2023-04-29 21:00:00+00:00,14.15,88.34174,0.0,15.25,0.309
2023-04-29 22:00:00+00:00,12.75,89.40059,1.2,15.0,0.322
2023-04-29 23:00:00+00:00,12.15,93.60966,1.2,14.55,0.336
2023-04-30 00:00:00+00:00,15.2,79.61998,0.0,15.5,0.34
2023-04-30 01:00:00+00:00,13.15,91.52346,5.6,15.2,0.407
2023-04-30 02:00:00+00:00,12.95,93.34029,0.9,14.85,0.396
2023-04-30 03:00:00+00:00,13.0,90.911354,0.2,14.5,0.384
2023-04-30 04:00:00+00:00,14.0,86.03074,0.1,14.5,0.376
2023-04-30 05:00:00+00:00,15.15,80.67052,0.0,15.15,0.368
2023-04-30 06:00:00+00:00,15.95,77.91296,0.0,16.6,0.362
2023-04-30 07:00:00+00:00,16.55,76.23332,0.1,18.15,0.356
2023-04-30 08:00:00+00:00,17.2,74.609116,0.1,19.65,0.349
2023-04-30 09:00:00+00:00,17.55,74.18184,0.1,21.0,0.342
2023-04-30 10:00:00+00:00,18.05,69.794914,0.0,21.95,0.335
2023-04-30 11:00:00+00:00,18.45,64.57325,0.0,22.5,0.328
2023-04-30 12:00:00+00:00,18.45,66.51744,0.0,22.95,0.302
2023-04-30 13:00:00+00:00,18.75,65.280396,0.0,22.95,0.298
2023-04-30 14:00:00+00:00,18.85,59.92576,0.0,22.45,0.294
2023-04-30 15:00:00+00:00,18.15,66.01732,0.0,21.45,0.292
2023-04-30 16:00:00+00:00,17.55,70.15803,0.0,20.2,0.29
2023-04-30 17:00:00+00:00,16.95,70.50658,0.0,18.9,0.289
2023-04-30 18:00:00+00:00,16.25,72.02569,0.0,17.8,0.288
2023-04-30 19:00:00+00:00,17.35,59.36678,0.0,16.95,0.288
2023-04-30 20:00:00+00:00,16.3,66.50525,0.0,16.25,0.287
2023-04-30 21:00:00+00:00,14.5,79.25705,0.0,15.65,0.286
2023-04-30 22:00:00+00:00,14.05,88.33319,0.0,15.35,0.285
2023-04-30 23:00:00+00:00,13.95,88.90776,0.0,15.15,0.285
2023-05-01 00:00:00+00:00,13.8,88.02119,0.0,16.15,0.281
2023-05-01 01:00:00+00:00,12.85,92.41582,0.0,15.5,0.28
2023-05-01 02:00:00+00:00,12.65,92.09924,0.0,14.95,0.28
2023-05-01 03:00:00+00:00,13.4,89.451485,0.0,14.45,0.279
2023-05-01 04:00:00+00:00,14.5,88.66164,0.0,14.8,0.278
2023-05-01 05:00:00+00:00,15.8,87.90904,0.0,16.05,0.278
2023-05-01 06:00:00+00:00,17.15,79.375336,0.0,17.8,0.276
2023-05-01 07:00:00+00:00,18.2,71.20899,0.1,19.65,0.274
2023-05-01 08:00:00+00:00,18.95,64.8955,0.1,21.1,0.272
2023-05-01 09:00:00+00:00,19.1,66.65357,0.1,22.2,0.269
2023-05-01 10:00:00+00:00,19.45,65.430786,0.0,23.0,0.264
2023-05-01 11:00:00+00:00,20.15,58.281834,0.0,23.65,0.26
2023-05-01 12:00:00+00:00,21.85,40.011864,0.0,24.25,0.251
2023-05-01 13:00:00+00:00,21.15,47.97208,0.0,24.1,0.247
2023-05-01 14:00:00+00:00,20.45,55.90334,0.0,23.55,0.244
2023-05-01 15:00:00+00:00,19.75,61.54177,0.0,22.6,0.242
2023-05-01 16:00:00+00:00,18.7,71.53486,0.0,21.3,0.241
2023-05-01 17:00:00+00:00,17.7,75.92114,0.0,19.85,0.24
2023-05-01 18:00:00+00:00,16.7,79.5706,0.0,18.55,0.24
2023-05-01 19:00:00+00:00,17.65,71.80942,0.0,17.5,0.24
2023-05-01 20:00:00+00:00,17.8,70.90109,0.0,16.6,0.24
2023-05-01 21:00:00+00:00,14.6,88.38011,0.0,15.9,0.24
2023-05-01 22:00:00+00:00,14.1,93.703285,0.0,15.35,0.24
2023-05-01 23:00:00+00:00,16.6,88.548416,0.0,14.9,0.24
2023-05-02 00:00:00+00:00,16.8,84.651855,0.0,15.5,0.245
2023-05-02 01:00:00+00:00,14.2,92.79496,0.0,15.05,0.244
2023-05-02 02:00:00+00:00,13.75,90.96203,0.0,14.95,0.244
2023-05-02 03:00:00+00:00,13.8,88.8955,0.0,14.75,0.244
2023-05-02 04:00:00+00:00,15.05,85.01502,0.0,15.15,0.244
2023-05-02 05:00:00+00:00,16.75,78.289024,0.0,16.15,0.243
2023-05-02 06:00:00+00:00,18.6,70.35961,0.0,17.8,0.241
2023-05-02 07:00:00+00:00,20.45,60.106747,0.0,19.7,0.239
2023-05-02 08:00:00+00:00,21.95,52.87478,0.0,21.6,0.235
2023-05-02 09:00:00+00:00,22.7,50.850597,0.0,23.3,0.23
2023-05-02 10:00:00+00:00,22.9,54.34896,0.0,24.7,0.225
2023-05-02 11:00:00+00:00,22.65,62.20344,0.0,25.55,0.221
2023-05-02 12:00:00+00:00,23.2,50.815533,0.0,25.65,0.216
2023-05-02 13:00:00+00:00,22.35,58.43172,0.0,25.6,0.213
2023-05-02 14:00:00+00:00,21.1,68.15623,0.0,24.85,0.211
2023-05-02 15:00:00+00:00,20.7,60.7593,0.0,23.75,0.209
2023-05-02 16:00:00+00:00,19.5,71.45072,0.0,22.35,0.208
2023-05-02 17:00:00+00:00,18.5,68.97348,0.0,20.85,0.208
2023-05-02 18:00:00+00:00,18.3,67.81148,0.0,19.55,0.208
2023-05-02 19:00:00+00:00,18.1,67.77064,0.0,18.7,0.207
2023-05-02 20:00:00+00:00,17.45,64.99878,0.0,17.95,0.207
2023-05-02 21:00:00+00:00,16.1,64.70307,0.0,17.2,0.207
2023-05-02 22:00:00+00:00,15.5,58.71604,0.0,16.45,0.207
2023-05-02 23:00:00+00:00,14.65,68.19767,0.0,15.95,0.206
2023-05-03 00:00:00+00:00,15.65,76.34006,0.0,15.85,0.212
2023-05-03 01:00:00+00:00,15.25,78.064476,0.0,15.5,0.212
2023-05-03 02:00:00+00:00,13.85,77.59196,0.0,15.2,0.212
2023-05-03 03:00:00+00:00,13.1,71.924126,0.0,14.85,0.212
2023-05-03 04:00:00+00:00,14.4,67.686775,0.0,15.05,0.212
2023-05-03 05:00:00+00:00,16.95,62.12783,0.0,16.2,0.211
2023-05-03 06:00:00+00:00,19.45,50.321648,0.0,18.0,0.209
2023-05-03 07:00:00+00:00,22.05,46.169514,0.0,20.1,0.206
2023-05-03 08:00:00+00:00,24.35,30.715622,0.0,22.1,0.202
2023-05-03 09:00:00+00:00,25.1,25.731789,0.0,23.65,0.197
2023-05-03 10:00:00+00:00,25.35,26.623678,0.0,25.0,0.192
2023-05-03 11:00:00+00:00,25.2,32.47266,0.0,26.0,0.188
2023-05-03 12:00:00+00:00,24.35,40.17823,0.0,26.65,0.182
2023-05-03 13:00:00+00:00,24.1,39.70608,0.0,26.7,0.179
2023-05-03 14:00:00+00:00,23.65,46.91749,0.0,26.3,0.176
2023-05-03 15:00:00+00:00,22.35,59.00331,0.0,25.3,0.175
2023-05-03 16:00:00+00:00,20.35,66.91327,0.0,23.7,0.174
2023-05-03 17:00:00+00:00,19.1,61.391396,0.0,21.9,0.174
2023-05-03 18:00:00+00:00,18.3,62.85335,0.0,20.45,0.173
2023-05-03 19:00:00+00:00,17.35,63.904114,0.0,19.15,0.173
2023-05-03 20:00:00+00:00,16.5,61.607464,0.0,18.1,0.173
2023-05-03 21:00:00+00:00,15.6,62.870365,0.0,17.3,0.173
2023-05-03 22:00:00+00:00,14.7,68.90147,0.0,16.55,0.173
2023-05-03 23:00:00+00:00,14.95,66.892075,0.0,15.9,0.173
2023-05-04 00:00:00+00:00,14.6,70.28782,0.0,15.15,0.172
2023-05-04 01:00:00+00:00,14.35,62.79714,0.0,15.0,0.171
2023-05-04 02:00:00+00:00,14.25,64.952995,0.0,14.9,0.171
2023-05-04 03:00:00+00:00,14.3,59.43421,0.0,14.85,0.171
2023-05-04 04:00:00+00:00,15.85,45.37693,0.0,15.25,0.17
2023-05-04 05:00:00+00:00,18.25,46.370895,0.0,16.5,0.169
2023-05-04 06:00:00+00:00,21.2,45.16661,0.0,18.45,0.168
2023-05-04 07:00:00+00:00,24.3,36.799557,0.0,20.75,0.165
2023-05-04 08:00:00+00:00,25.55,30.840763,0.0,22.9,0.162
2023-05-04 09:00:00+00:00,25.9,29.28921,0.0,24.5,0.159
2023-05-04 10:00:00+00:00,26.2,29.879652,0.0,26.0,0.155
2023-05-04 11:00:00+00:00,26.6,29.787035,0.0,27.25,0.151
2023-05-04 12:00:00+00:00,26.25,32.109142,0.0,28.05,0.147
2023-05-04 13:00:00+00:00,25.55,42.85615,0.0,28.3,0.144
2023-05-04 14:00:00+00:00,25.0,47.749447,0.0,27.75,0.142
2023-05-04 15:00:00+00:00,24.9,48.19209,0.0,26.7,0.141
2023-05-04 16:00:00+00:00,23.95,51.85097,0.0,25.2,0.141
2023-05-04 17:00:00+00:00,22.4,48.151657,0.0,23.5,0.14
2023-05-04 18:00:00+00:00,21.1,44.68333,0.0,22.1,0.14
2023-05-04 19:00:00+00:00,20.15,49.00359,0.0,20.95,0.139
2023-05-04 20:00:00+00:00,19.9,47.791348,0.0,20.05,0.139
2023-05-04 21:00:00+00:00,20.05,41.30856,0.0,19.5,0.139
2023-05-04 22:00:00+00:00,19.85,42.40233,0.0,19.05,0.138
2023-05-04 23:00:00+00:00,19.25,46.174088,0.0,18.7,0.138
2023-05-05 00:00:00+00:00,18.3,54.618168,0.0,18.3,0.137
2023-05-05 01:00:00+00:00,17.7,54.279125,0.0,18.0,0.136
2023-05-05 02:00:00+00:00,17.6,49.82136,0.0,17.7,0.136
2023-05-05 03:00:00+00:00,17.85,45.467377,0.0,17.45,0.136
2023-05-05 04:00:00+00:00,19.25,42.670815,0.0,17.75,0.135
2023-05-05 05:00:00+00:00,21.75,42.649853,0.0,18.95,0.134
2023-05-05 06:00:00+00:00,24.25,38.17723,0.0,20.75,0.133
2023-05-05 07:00:00+00:00,26.2,28.576885,0.0,22.7,0.131
2023-05-05 08:00:00+00:00,27.75,23.517912,0.0,24.65,0.129
2023-05-05 09:00:00+00:00,28.6,21.240448,0.0,26.2,0.126
2023-05-05 10:00:00+00:00,29.2,20.659018,0.0,27.25,0.124
2023-05-05 11:00:00+00:00,29.9,19.429327,0.0,27.9,0.122
2023-05-05 12:00:00+00:00,30.95,22.064089,0.0,29.5,0.117
2023-05-05 13:00:00+00:00,31.35,22.780048,0.0,30.25,0.115
2023-05-05 14:00:00+00:00,30.35,28.173822,0.0,30.0,0.113
2023-05-05 15:00:00+00:00,28.45,29.494444,0.0,28.8,0.112
2023-05-05 16:00:00+00:00,27.25,31.528048,0.0,27.45,0.112
2023-05-05 17:00:00+00:00,25.4,38.889618,0.0,25.85,0.111
2023-05-05 18:00:00+00:00,24.45,35.736843,0.0,24.8,0.111
2023-05-05 19:00:00+00:00,22.95,49.105034,0.0,23.9,0.111
2023-05-05 20:00:00+00:00,20.85,79.638824,0.0,23.1,0.111
2023-05-05 21:00:00+00:00,20.25,83.69115,0.0,22.35,0.111
2023-05-05 22:00:00+00:00,20.05,86.079765,0.0,21.8,0.111
2023-05-05 23:00:00+00:00,19.85,86.060036,0.0,21.3,0.111
2023-05-06 00:00:00+00:00,20.25,89.405075,0.0,21.8,0.11
2023-05-06 01:00:00+00:00,20.25,85.82888,0.2,21.15,0.112
2023-05-06 02:00:00+00:00,20.05,80.801865,0.0,20.6,0.112
2023-05-06 03:00:00+00:00,19.25,90.74794,0.0,20.15,0.112
2023-05-06 04:00:00+00:00,19.9,86.06499,0.0,20.25,0.112
2023-05-06 05:00:00+00:00,20.05,82.61586,0.2,21.15,0.114
2023-05-06 06:00:00+00:00,18.7,83.51338,0.6,22.15,0.12
2023-05-06 07:00:00+00:00,20.05,74.84542,0.1,22.85,0.12
2023-05-06 08:00:00+00:00,21.1,70.60565,0.7,24.45,0.127
2023-05-06 09:00:00+00:00,19.25,79.6703,0.7,24.45,0.133
2023-05-06 10:00:00+00:00,19.45,75.71363,0.0,25.0,0.132
2023-05-06 11:00:00+00:00,20.1,74.37537,0.0,25.5,0.131
2023-05-06 12:00:00+00:00,20.85,76.66645,0.0,26.25,0.134
2023-05-06 13:00:00+00:00,20.8,74.25594,0.0,26.15,0.133
2023-05-06 14:00:00+00:00,19.7,78.973045,0.3,25.4,0.135
2023-05-06 15:00:00+00:00,18.15,83.182205,0.0,24.1,0.135
2023-05-06 16:00:00+00:00,18.3,80.828964,0.0,22.8,0.135
2023-05-06 17:00:00+00:00,17.8,85.03301,0.0,21.7,0.135
2023-05-06 18:00:00+00:00,18.1,83.4438,0.1,21.05,0.135
2023-05-06 19:00:00+00:00,18.2,83.18808,0.0,20.55,0.135
2023-05-06 20:00:00+00:00,17.55,86.10636,0.0,19.85,0.135
2023-05-06 21:00:00+00:00,17.5,86.37841,0.0,19.35,0.135
2023-05-06 22:00:00+00:00,17.55,85.28024,0.0,19.0,0.136
2023-05-06 23:00:00+00:00,17.75,83.67189,0.0,18.85,0.136
2023-05-07 00:00:00+00:00,17.0,87.731125,0.0,19.25,0.185
2023-05-07 01:00:00+00:00,17.9,86.14107,0.1,18.8,0.186
2023-05-07 02:00:00+00:00,17.25,85.79983,0.0,18.4,0.186
2023-05-07 03:00:00+00:00,16.0,91.70147,0.0,17.95,0.186
2023-05-07 04:00:00+00:00,16.25,89.96032,0.5,17.95,0.191
2023-05-07 05:00:00+00:00,17.3,84.43355,0.1,18.5,0.191
2023-05-07 06:00:00+00:00,18.55,78.04932,0.0,19.75,0.19
2023-05-07 07:00:00+00:00,19.55,73.80518,0.1,21.25,0.189
2023-05-07 08:00:00+00:00,19.85,73.8568,0.1,22.6,0.188
2023-05-07 09:00:00+00:00,20.05,72.713394,0.0,23.7,0.185
2023-05-07 10:00:00+00:00,20.45,69.80526,0.1,24.5,0.183
2023-05-07 11:00:00+00:00,20.3,71.36811,0.0,25.0,0.18
2023-05-07 12:00:00+00:00,21.5,70.00653,0.0,25.7,0.177
2023-05-07 13:00:00+00:00,20.95,71.48783,0.1,25.6,0.176
2023-05-07 14:00:00+00:00,20.5,75.40008,0.0,24.9,0.174
2023-05-07 15:00:00+00:00,20.05,74.366936,0.2,24.0,0.176
2023-05-07 16:00:00+00:00,19.45,79.6981,0.0,22.8,0.175
2023-05-07 17:00:00+00:00,19.1,81.19374,0.0,21.7,0.175
2023-05-07 18:00:00+00:00,19.0,83.81475,0.0,20.85,0.175
2023-05-07 19:00:00+00:00,18.75,85.13343,0.0,20.2,0.175
2023-05-07 20:00:00+00:00,18.4,86.465805,0.0,19.6,0.175
2023-05-07 21:00:00+00:00,18.45,83.7521,0.1,19.05,0.177
2023-05-07 22:00:00+00:00,18.3,84.814255,0.0,18.75,0.177
2023-05-07 23:00:00+00:00,17.7,88.356514,0.1,18.5,0.178
2023-05-08 00:00:00+00:00,16.4,94.11239,0.4,18.85,0.175
2023-05-08 01:00:00+00:00,16.65,95.03061,0.3,18.5,0.178
2023-05-08 02:00:00+00:00,16.9,93.834206,0.0,18.25,0.178
2023-05-08 03:00:00+00:00,17.05,90.019,0.0,18.0,0.178
2023-05-08 04:00:00+00:00,17.85,85.585655,0.0,18.15,0.178
2023-05-08 05:00:00+00:00,18.6,82.43963,0.0,19.1,0.178
2023-05-08 06:00:00+00:00,19.5,78.44091,0.0,20.55,0.177
2023-05-08 07:00:00+00:00,20.1,77.03991,0.1,22.15,0.176
2023-05-08 08:00:00+00:00,20.65,75.66532,0.0,23.65,0.174
2023-05-08 09:00:00+00:00,21.1,74.30661,0.0,25.05,0.172
2023-05-08 10:00:00+00:00,21.25,73.158394,0.0,25.9,0.169
2023-05-08 11:00:00+00:00,21.35,72.24929,0.0,26.45,0.167
2023-05-08 12:00:00+00:00,21.6,67.17023,0.0,26.7,0.167
2023-05-08 13:00:00+00:00,21.35,71.105606,0.0,25.85,0.166
2023-05-08 14:00:00+00:00,21.65,72.53337,0.0,25.5,0.164
2023-05-08 15:00:00+00:00,20.55,80.867615,0.0,24.6,0.164
2023-05-08 16:00:00+00:00,19.85,83.38098,0.0,23.45,0.163
2023-05-08 17:00:00+00:00,19.25,87.92828,0.0,22.2,0.163
2023-05-08 18:00:00+00:00,19.1,89.03492,0.0,21.25,0.163
2023-05-08 19:00:00+00:00,19.15,88.19828,0.0,20.5,0.163
2023-05-08 20:00:00+00:00,19.05,87.63291,0.0,19.9,0.163
2023-05-08 21:00:00+00:00,18.65,88.9992,0.0,19.35,0.163
2023-05-08 22:00:00+00:00,17.65,91.802055,0.0,18.8,0.163
2023-05-08 23:00:00+00:00,18.3,88.97132,0.0,18.35,0.163
2023-05-09 00:00:00+00:00,16.8,96.2564,0.0,18.85,0.164
2023-05-09 01:00:00+00:00,16.9,95.64787,0.0,18.4,0.164
2023-05-09 02:00:00+00:00,17.3,93.85259,0.0,17.95,0.164
2023-05-09 03:00:00+00:00,17.8,92.3968,0.0,17.6,0.164
2023-05-09 04:00:00+00:00,18.3,92.1326,0.0,18.2,0.164
2023-05-09 05:00:00+00:00,19.5,85.21203,0.0,19.55,0.164
2023-05-09 06:00:00+00:00,20.75,74.96146,0.0,21.3,0.163
2023-05-09 07:00:00+00:00,21.8,67.211105,0.0,23.2,0.161
2023-05-09 08:00:00+00:00,22.75,62.22597,0.0,24.95,0.159
2023-05-09 09:00:00+00:00,22.5,70.419495,0.0,26.3,0.156
2023-05-09 10:00:00+00:00,22.2,73.32363,0.0,27.3,0.153
2023-05-09 11:00:00+00:00,22.6,68.454575,0.0,28.0,0.15
2023-05-09 12:00:00+00:00,23.2,68.14,0.0,28.3,0.148
2023-05-09 13:00:00+00:00,22.95,68.52364,0.0,28.05,0.146
2023-05-09 14:00:00+00:00,22.35,73.581604,0.0,27.35,0.144
2023-05-09 15:00:00+00:00,21.6,78.744804,0.0,26.25,0.144
2023-05-09 16:00:00+00:00,20.95,81.4318,0.0,24.85,0.143
2023-05-09 17:00:00+00:00,20.2,84.48183,0.0,23.45,0.143
2023-05-09 18:00:00+00:00,20.0,87.16635,0.0,22.35,0.143
2023-05-09 19:00:00+00:00,19.65,91.34664,0.0,21.55,0.143
2023-05-09 20:00:00+00:00,19.35,91.615326,0.0,20.9,0.143
2023-05-09 21:00:00+00:00,19.2,91.606094,0.0,20.4,0.143
2023-05-09 22:00:00+00:00,19.05,91.88598,0.0,20.0,0.143
2023-05-09 23:00:00+00:00,18.85,91.874054,0.0,19.65,0.143
2023-05-10 00:00:00+00:00,18.1,93.00134,0.0,19.95,0.143
2023-05-10 01:00:00+00:00,17.85,95.376564,0.0,19.4,0.143
2023-05-10 02:00:00+00:00,17.95,96.89873,0.0,18.9,0.143
2023-05-10 03:00:00+00:00,17.7,98.43567,0.0,18.5,0.143
2023-05-10 04:00:00+00:00,18.65,95.1045,0.0,19.05,0.143
2023-05-10 05:00:00+00:00,20.0,85.53358,0.0,20.3,0.143
2023-05-10 06:00:00+00:00,21.2,75.27437,0.0,21.9,0.143
2023-05-10 07:00:00+00:00,22.35,68.62333,0.0,23.9,0.142
2023-05-10 08:00:00+00:00,23.0,70.06906,0.0,25.9,0.139
2023-05-10 09:00:00+00:00,23.1,73.94172,0.0,27.45,0.137
2023-05-10 10:00:00+00:00,22.95,76.74973,0.0,28.6,0.134
2023-05-10 11:00:00+00:00,23.3,72.82447,0.0,29.35,0.132
2023-05-10 12:00:00+00:00,23.35,67.95441,0.0,30.0,0.13
2023-05-10 13:00:00+00:00,23.5,64.62109,0.0,29.75,0.129
2023-05-10 14:00:00+00:00,22.65,70.002655,0.0,29.0,0.127
2023-05-10 15:00:00+00:00,21.85,74.197365,0.0,27.7,0.126
2023-05-10 16:00:00+00:00,20.85,78.38825,0.0,26.1,0.126
2023-05-10 17:00:00+00:00,19.8,86.0551,0.0,24.35,0.126
2023-05-10 18:00:00+00:00,19.25,90.74794,0.0,22.85,0.126
2023-05-10 19:00:00+00:00,19.15,89.88651,0.0,21.6,0.126
2023-05-10 20:00:00+00:00,18.55,91.27679,0.0,20.6,0.126
2023-05-10 21:00:00+00:00,17.95,92.69898,0.0,19.85,0.126
2023-05-10 22:00:00+00:00,16.85,94.73525,0.0,19.2,0.126
2023-05-10 23:00:00+00:00,16.9,89.144806,0.0,18.65,0.126
2023-05-11 00:00:00+00:00,16.65,88.5526,0.0,18.35,0.126
2023-05-11 01:00:00+00:00,16.65,86.85472,0.0,17.95,0.126
2023-05-11 02:00:00+00:00,15.9,89.354195,0.0,17.6,0.126
2023-05-11 03:00:00+00:00,16.05,87.362755,0.0,17.25,0.126
2023-05-11 04:00:00+00:00,17.75,81.27931,0.0,17.8,0.126
2023-05-11 05:00:00+00:00,20.7,71.671364,0.0,19.35,0.126
2023-05-11 06:00:00+00:00,23.4,64.39427,0.0,21.5,0.125
2023-05-11 07:00:00+00:00,26.45,50.680893,0.0,23.95,0.123
2023-05-11 08:00:00+00:00,28.6,36.066402,0.0,26.35,0.121
2023-05-11 09:00:00+00:00,29.85,30.381672,0.0,28.55,0.118
2023-05-11 10:00:00+00:00,30.6,28.62138,0.0,30.35,0.116
2023-05-11 11:00:00+00:00,31.2,26.39236,0.0,31.85,0.113
2023-05-11 12:00:00+00:00,29.95,33.032845,0.0,32.65,0.11
2023-05-11 13:00:00+00:00,29.4,41.318336,0.0,32.85,0.108
2023-05-11 14:00:00+00:00,27.75,49.896175,0.0,32.25,0.106
2023-05-11 15:00:00+00:00,25.1,60.60582,0.0,30.75,0.106
2023-05-11 16:00:00+00:00,23.35,70.35667,0.0,28.75,0.105
2023-05-11 17:00:00+00:00,22.4,67.76416,0.0,26.7,0.105
2023-05-11 18:00:00+00:00,22.35,66.46838,0.0,24.9,0.105
2023-05-11 19:00:00+00:00,20.4,82.39726,0.0,23.4,0.105
2023-05-11 20:00:00+00:00,20.3,84.75946,0.0,22.4,0.105
2023-05-11 21:00:00+00:00,19.85,86.060036,0.0,21.5,0.105
2023-05-11 22:00:00+00:00,20.55,87.49029,0.0,21.05,0.105
2023-05-11 23:00:00+00:00,21.55,72.05537,0.0,21.15,0.105
2023-05-12 00:00:00+00:00,20.55,80.103294,0.0,22.4,0.106
2023-05-12 01:00:00+00:00,21.0,67.04722,0.0,21.9,0.106
2023-05-12 02:00:00+00:00,20.8,65.93147,0.0,21.6,0.105
2023-05-12 03:00:00+00:00,20.6,70.05924,0.0,21.1,0.105
2023-05-12 04:00:00+00:00,21.3,70.64326,0.0,21.4,0.105
2023-05-12 05:00:00+00:00,22.75,61.62874,0.0,22.6,0.105
2023-05-12 06:00:00+00:00,24.4,51.297417,0.0,23.6,0.104
2023-05-12 07:00:00+00:00,24.2,53.281067,0.0,24.7,0.104
2023-05-12 08:00:00+00:00,25.5,51.252525,0.0,26.95,0.102
2023-05-12 09:00:00+00:00,27.6,42.585205,0.0,29.1,0.101
2023-05-12 10:00:00+00:00,29.85,30.891136,0.0,31.05,0.099
2023-05-12 11:00:00+00:00,26.75,57.450844,0.0,32.25,0.097
2023-05-12 12:00:00+00:00,31.7,20.427689,0.0,33.3,0.09
2023-05-12 13:00:00+00:00,30.15,35.560165,0.0,33.75,0.089
2023-05-12 14:00:00+00:00,25.8,57.40385,0.0,32.5,0.088
2023-05-12 15:00:00+00:00,23.95,65.12891,0.0,31.0,0.088
2023-05-12 16:00:00+00:00,23.35,67.31189,0.0,29.2,0.088
2023-05-12 17:00:00+00:00,22.1,76.1373,0.0,27.3,0.087
2023-05-12 18:00:00+00:00,21.8,78.03343,0.0,25.8,0.087
2023-05-12 19:00:00+00:00,21.45,79.47099,0.0,24.65,0.087
2023-05-12 20:00:00+00:00,21.1,81.45092,0.0,23.75,0.087
2023-05-12 21:00:00+00:00,21.1,80.17773,0.0,23.05,0.088
2023-05-12 22:00:00+00:00,21.05,77.43053,0.0,22.6,0.088
2023-05-12 23:00:00+00:00,20.65,80.370766,0.0,22.2,0.088
2023-05-13 00:00:00+00:00,20.35,82.91353,0.0,22.7,0.161
2023-05-13 01:00:00+00:00,20.2,84.215645,0.0,22.15,0.161
2023-05-13 02:00:00+00:00,20.25,83.955795,0.0,21.8,0.161
2023-05-13 03:00:00+00:00,20.2,85.28482,0.0,21.55,0.16
2023-05-13 04:00:00+00:00,20.55,83.72527,0.0,21.6,0.161
2023-05-13 05:00:00+00:00,21.1,79.67338,0.1,22.0,0.161
2023-05-13 06:00:00+00:00,22.0,74.22267,0.3,22.9,0.163
2023-05-13 07:00:00+00:00,22.4,75.4692,0.2,24.05,0.163
2023-05-13 08:00:00+00:00,22.65,73.63308,0.1,25.2,0.162
2023-05-13 09:00:00+00:00,22.85,71.60751,0.0,26.1,0.16
2023-05-13 10:00:00+00:00,22.8,73.42728,0.1,26.7,0.158
2023-05-13 11:00:00+00:00,22.7,74.106735,0.2,26.9,0.158
2023-05-13 12:00:00+00:00,22.4,69.733246,0.0,27.4,0.156
2023-05-13 13:00:00+00:00,22.25,71.046,0.0,27.1,0.155
2023-05-13 14:00:00+00:00,22.2,71.03674,0.0,26.7,0.153
2023-05-13 15:00:00+00:00,21.65,74.635284,0.0,25.9,0.152
2023-05-13 16:00:00+00:00,21.2,77.69864,0.0,24.9,0.151
2023-05-13 17:00:00+00:00,20.85,79.638824,0.0,23.75,0.151
2023-05-13 18:00:00+00:00,20.6,82.421585,0.0,22.9,0.151
2023-05-13 19:00:00+00:00,20.35,86.92493,0.0,22.25,0.151
2023-05-13 20:00:00+00:00,20.1,89.11368,0.0,21.75,0.151
2023-05-13 21:00:00+00:00,20.15,90.52456,0.0,21.4,0.151
2023-05-13 22:00:00+00:00,20.15,90.52456,0.0,21.1,0.151
2023-05-13 23:00:00+00:00,20.1,89.9558,0.0,20.95,0.151
2023-05-14 00:00:00+00:00,20.05,86.62386,0.0,22.3,0.151
2023-05-14 01:00:00+00:00,19.9,86.88303,0.0,21.75,0.151
2023-05-14 02:00:00+00:00,19.6,88.236336,0.0,21.25,0.15
2023-05-14 03:00:00+00:00,19.55,88.232124,0.0,20.9,0.15
2023-05-14 04:00:00+00:00,20.45,82.143394,0.0,21.1,0.15
2023-05-14 05:00:00+00:00,21.15,77.445625,0.0,21.9,0.149
2023-05-14 06:00:00+00:00,21.8,72.32988,0.0,23.3,0.148
2023-05-14 07:00:00+00:00,22.55,68.44471,0.0,24.9,0.147
2023-05-14 08:00:00+00:00,23.15,66.21137,0.0,26.4,0.144
2023-05-14 09:00:00+00:00,23.3,68.37589,0.0,27.7,0.142
2023-05-14 10:00:00+00:00,23.15,68.56302,0.0,28.6,0.139
2023-05-14 11:00:00+00:00,23.5,65.44787,0.0,29.2,0.137
2023-05-14 12:00:00+00:00,23.2,66.01155,0.0,29.25,0.138
2023-05-14 13:00:00+00:00,23.2,69.0081,0.0,29.05,0.136
2023-05-14 14:00:00+00:00,22.55,72.92255,0.0,28.4,0.135
2023-05-14 15:00:00+00:00,21.75,78.76626,0.0,27.35,0.134
2023-05-14 16:00:00+00:00,21.15,82.22949,0.0,25.95,0.133
2023-05-14 17:00:00+00:00,20.5,87.76043,0.0,24.5,0.133
2023-05-14 18:00:00+00:00,20.1,90.2381,0.0,23.3,0.133
2023-05-14 19:00:00+00:00,19.75,91.06684,0.0,22.4,0.133
2023-05-14 20:00:00+00:00,19.65,90.490135,0.0,21.65,0.133
2023-05-14 21:00:00+00:00,19.75,88.80636,0.0,20.9,0.133
2023-05-14 22:00:00+00:00,18.55,93.31876,0.0,20.25,0.133
2023-05-14 23:00:00+00:00,19.15,91.02769,0.0,19.7,0.133
2023-05-15 00:00:00+00:00,19.05,87.63291,0.0,20.45,0.133
2023-05-15 01:00:00+00:00,17.65,93.8686,0.0,19.8,0.133
2023-05-15 02:00:00+00:00,17.55,94.162796,0.0,19.3,0.133
2023-05-15 03:00:00+00:00,17.05,94.74316,0.0,19.0,0.133
2023-05-15 04:00:00+00:00,17.7,96.58687,0.0,19.35,0.133
2023-05-15 05:00:00+00:00,19.25,88.76599,0.0,20.4,0.133
2023-05-15 06:00:00+00:00,21.2,76.23599,0.0,22.3,0.132
2023-05-15 07:00:00+00:00,22.95,68.30665,0.0,24.45,0.13
2023-05-15 08:00:00+00:00,24.35,60.240555,0.0,26.6,0.128
2023-05-15 09:00:00+00:00,25.35,54.615078,0.0,28.55,0.126
2023-05-15 10:00:00+00:00,25.9,52.523567,0.0,30.05,0.123
2023-05-15 11:00:00+00:00,26.25,51.28274,0.0,31.1,0.12
2023-05-15 12:00:00+00:00,25.35,48.47005,0.0,31.4,0.12
2023-05-15 13:00:00+00:00,25.35,48.627773,0.0,31.05,0.118
2023-05-15 14:00:00+00:00,25.35,46.764618,0.0,30.4,0.116
2023-05-15 15:00:00+00:00,24.65,51.52952,0.0,29.3,0.115
2023-05-15 16:00:00+00:00,23.55,59.28816,0.0,27.75,0.115
2023-05-15 17:00:00+00:00,22.75,52.735023,0.0,26.05,0.114
2023-05-15 18:00:00+00:00,22.3,52.273224,0.0,24.65,0.114
2023-05-15 19:00:00+00:00,21.25,60.68922,0.0,23.45,0.114
2023-05-15 20:00:00+00:00,20.8,55.991146,0.0,22.4,0.113
2023-05-15 21:00:00+00:00,20.15,59.446117,0.0,21.6,0.113
2023-05-15 22:00:00+00:00,20.25,62.469563,0.0,20.95,0.113
2023-05-15 23:00:00+00:00,19.65,70.331215,0.0,20.4,0.113
2023-05-16 00:00:00+00:00,18.5,73.62335,0.0,19.05,0.112
2023-05-16 01:00:00+00:00,18.3,69.38732,0.0,18.8,0.112
2023-05-16 02:00:00+00:00,18.6,62.299454,0.0,18.75,0.112
2023-05-16 03:00:00+00:00,19.15,47.10109,0.0,18.8,0.112
2023-05-16 04:00:00+00:00,20.85,40.00044,0.0,19.4,0.111
2023-05-16 05:00:00+00:00,23.0,38.6013,0.0,20.85,0.111
2023-05-16 06:00:00+00:00,25.6,33.482372,0.0,22.85,0.11
2023-05-16 07:00:00+00:00,27.7,29.287611,0.0,25.15,0.108
2023-05-16 08:00:00+00:00,29.05,24.69386,0.0,27.5,0.106
2023-05-16 09:00:00+00:00,29.8,22.45864,0.0,29.6,0.104
2023-05-16 10:00:00+00:00,29.95,22.652813,0.0,31.45,0.102
2023-05-16 11:00:00+00:00,30.1,23.084742,0.0,32.85,0.099
2023-05-16 12:00:00+00:00,30.85,22.343138,0.0,34.05,0.097
2023-05-16 13:00:00+00:00,30.8,23.187,0.0,34.15,0.095
2023-05-16 14:00:00+00:00,29.45,29.275263,0.0,33.7,0.094
2023-05-16 15:00:00+00:00,27.3,45.350445,0.0,32.45,0.093
2023-05-16 16:00:00+00:00,25.65,54.690266,0.0,30.55,0.093
2023-05-16 17:00:00+00:00,24.65,43.74935,0.0,28.5,0.092
2023-05-16 18:00:00+00:00,23.9,39.64957,0.0,26.8,0.092
2023-05-16 19:00:00+00:00,23.15,38.775173,0.0,25.4,0.092
2023-05-16 20:00:00+00:00,22.6,39.414593,0.0,24.3,0.092
2023-05-16 21:00:00+00:00,22.0,43.888683,0.0,23.45,0.092
2023-05-16 22:00:00+00:00,21.85,46.26913,0.0,22.75,0.091
2023-05-16 23:00:00+00:00,22.0,44.934105,0.0,22.25,0.091
2023-05-17 00:00:00+00:00,21.35,49.990444,0.0,21.4,0.09
2023-05-17 01:00:00+00:00,20.95,52.092644,0.0,21.2,0.09
2023-05-17 02:00:00+00:00,21.1,47.797802,0.0,21.0,0.09
2023-05-17 03:00:00+00:00,21.0,44.35397,0.0,20.85,0.09
2023-05-17 04:00:00+00:00,22.15,40.64577,0.0,21.3,0.089
2023-05-17 05:00:00+00:00,24.4,39.392773,0.0,22.6,0.089
2023-05-17 06:00:00+00:00,27.85,30.543407,0.0,24.9,0.089
2023-05-17 07:00:00+00:00,29.85,24.152245,0.0,27.55,0.088
2023-05-17 08:00:00+00:00,30.9,20.869205,0.0,30.15,0.087
2023-05-17 09:00:00+00:00,31.45,19.605175,0.0,32.55,0.085
2023-05-17 10:00:00+00:00,31.05,23.49057,0.0,34.4,0.084
2023-05-17 11:00:00+00:00,31.4,24.977455,0.0,35.75,0.083
2023-05-17 12:00:00+00:00,30.6,28.716997,0.0,36.45,0.081
2023-05-17 13:00:00+00:00,29.8,31.290298,0.0,36.3,0.08
2023-05-17 14:00:00+00:00,27.3,48.210262,0.0,35.25,0.08
2023-05-17 15:00:00+00:00,25.6,58.088844,0.0,33.5,0.08
2023-05-17 16:00:00+00:00,24.25,62.165817,0.0,31.35,0.08
2023-05-17 17:00:00+00:00,23.05,73.23979,0.0,29.2,0.08
2023-05-17 18:00:00+00:00,22.65,73.17042,0.0,27.4,0.08
2023-05-17 19:00:00+00:00,22.5,72.454575,0.0,26.1,0.08
2023-05-17 20:00:00+00:00,22.45,71.30852,0.0,25.1,0.08
2023-05-17 21:00:00+00:00,21.75,84.122734,0.0,24.35,0.08
2023-05-17 22:00:00+00:00,21.85,81.80167,0.0,23.7,0.08
2023-05-17 23:00:00+00:00,21.7,81.01757,0.0,23.15,0.08
2023-05-18 00:00:00+00:00,21.45,86.75584,0.0,23.0,0.079
2023-05-18 01:00:00+00:00,21.35,86.746475,0.0,22.6,0.079
2023-05-18 02:00:00+00:00,21.35,82.771645,0.0,22.25,0.079
2023-05-18 03:00:00+00:00,21.55,78.48994,0.0,22.1,0.079
2023-05-18 04:00:00+00:00,22.4,72.89625,0.0,22.5,0.079
2023-05-18 05:00:00+00:00,22.9,71.39096,0.0,23.55,0.079
2023-05-18 06:00:00+00:00,23.45,67.759674,0.0,24.7,0.079
2023-05-18 07:00:00+00:00,23.95,68.93637,0.0,26.25,0.079
2023-05-18 08:00:00+00:00,24.15,69.846535,0.0,27.6,0.079
2023-05-18 09:00:00+00:00,24.45,67.321724,0.0,29.0,0.079
2023-05-18 10:00:00+00:00,24.55,66.29164,0.0,30.05,0.078
2023-05-18 11:00:00+00:00,24.2,67.69613,0.0,30.65,0.078
2023-05-18 12:00:00+00:00,23.25,65.60348,0.1,30.95,0.08
2023-05-18 13:00:00+00:00,23.1,64.74131,0.0,30.65,0.08
2023-05-18 14:00:00+00:00,22.65,64.64466,0.0,29.75,0.08
2023-05-18 15:00:00+00:00,21.9,65.95033,0.0,28.55,0.079
2023-05-18 16:00:00+00:00,21.35,64.57182,0.0,27.1,0.079
2023-05-18 17:00:00+00:00,20.9,65.31536,0.0,25.55,0.079
2023-05-18 18:00:00+00:00,20.7,68.07601,0.0,24.4,0.079
2023-05-18 19:00:00+00:00,20.45,71.3958,0.0,23.5,0.079
2023-05-18 20:00:00+00:00,20.25,72.51559,0.0,22.75,0.079
2023-05-18 21:00:00+00:00,20.15,72.73116,0.0,22.2,0.079
2023-05-18 22:00:00+00:00,19.95,73.16494,0.0,21.75,0.079
2023-05-18 23:00:00+00:00,19.95,71.9965,0.0,21.4,0.08
2023-05-19 00:00:00+00:00,20.1,71.79223,0.0,21.4,0.081
2023-05-19 01:00:00+00:00,19.85,72.443954,0.0,21.05,0.081
2023-05-19 02:00:00+00:00,19.75,71.49688,0.0,20.7,0.081
2023-05-19 03:00:00+00:00,20.25,68.87101,0.0,20.55,0.081
2023-05-19 04:00:00+00:00,20.9,63.642635,0.0,21.0,0.081
2023-05-19 05:00:00+00:00,21.3,63.114445,0.1,22.1,0.082
2023-05-19 06:00:00+00:00,21.55,62.966015,0.2,23.25,0.084
2023-05-19 07:00:00+00:00,22.15,60.11445,0.2,24.5,0.086
2023-05-19 08:00:00+00:00,22.85,57.239338,0.1,26.35,0.087
2023-05-19 09:00:00+00:00,23.25,55.50946,0.0,28.0,0.086
2023-05-19 10:00:00+00:00,23.55,54.51367,0.2,29.35,0.087
2023-05-19 11:00:00+00:00,23.7,53.848206,0.4,29.9,0.091
2023-05-19 12:00:00+00:00,23.7,54.906246,0.2,30.1,0.094
2023-05-19 13:00:00+00:00,23.7,55.80187,0.0,29.95,0.093
2023-05-19 14:00:00+00:00,23.15,56.758667,0.0,29.3,0.092
2023-05-19 15:00:00+00:00,22.25,64.55845,0.0,28.15,0.092
2023-05-19 16:00:00+00:00,21.5,70.230644,0.0,26.7,0.092
2023-05-19 17:00:00+00:00,21.1,71.97407,0.0,25.25,0.092
2023-05-19 18:00:00+00:00,21.05,71.73528,0.0,24.15,0.092
2023-05-19 19:00:00+00:00,20.8,71.68966,0.0,23.25,0.092
2023-05-19 20:00:00+00:00,20.45,73.72327,0.0,22.5,0.092
2023-05-19 21:00:00+00:00,20.25,74.63933,0.0,21.95,0.092
2023-05-19 22:00:00+00:00,19.7,77.72101,0.0,21.35,0.092
2023-05-19 23:00:00+00:00,18.7,82.98113,0.0,20.8,0.092
2023-05-20 00:00:00+00:00,19.9,81.29724,0.0,21.05,0.091
2023-05-20 01:00:00+00:00,19.5,83.87138,0.0,20.65,0.092
2023-05-20 02:00:00+00:00,18.95,86.24437,0.0,20.2,0.092
2023-05-20 03:00:00+00:00,19.45,82.80627,0.0,19.95,0.092
2023-05-20 04:00:00+00:00,19.9,79.00162,0.0,20.45,0.092
2023-05-20 05:00:00+00:00,20.1,77.286255,0.0,21.2,0.091
2023-05-20 06:00:00+00:00,21.3,74.10436,0.0,22.8,0.091
2023-05-20 07:00:00+00:00,21.8,71.643364,0.3,24.45,0.095
2023-05-20 08:00:00+00:00,20.6,77.362335,0.3,25.5,0.097
2023-05-20 09:00:00+00:00,21.1,74.54346,0.1,26.2,0.098
2023-05-20 10:00:00+00:00,22.05,68.564186,0.1,27.15,0.098
2023-05-20 11:00:00+00:00,22.7,65.48747,0.3,28.25,0.1
2023-05-20 12:00:00+00:00,19.9,75.0609,0.9,28.6,0.092
2023-05-20 13:00:00+00:00,20.1,75.5763,0.3,26.1,0.095
2023-05-20 14:00:00+00:00,22.3,63.745064,0.0,26.4,0.095
2023-05-20 15:00:00+00:00,21.65,66.32295,0.0,26.3,0.095
2023-05-20 16:00:00+00:00,21.0,68.79701,0.0,25.45,0.094
2023-05-20 17:00:00+00:00,20.7,71.90152,0.0,24.2,0.094
2023-05-20 18:00:00+00:00,19.85,77.00136,0.0,23.0,0.094
2023-05-20 19:00:00+00:00,19.4,80.45866,0.0,22.1,0.094
2023-05-20 20:00:00+00:00,18.95,83.01083,0.0,21.45,0.094
2023-05-20 21:00:00+00:00,18.45,85.37404,0.0,20.85,0.094
2023-05-20 22:00:00+00:00,17.85,89.50462,0.0,20.2,0.094
2023-05-20 23:00:00+00:00,17.8,88.93128,0.0,19.7,0.094
2023-05-21 00:00:00+00:00,20.55,70.956825,0.1,20.95,0.108
2023-05-21 01:00:00+00:00,19.7,73.12101,0.0,20.7,0.108
2023-05-21 02:00:00+00:00,18.5,82.42739,0.1,20.3,0.109
2023-05-21 03:00:00+00:00,18.35,86.46093,0.0,20.0,0.109
2023-05-21 04:00:00+00:00,19.75,80.762276,0.0,20.35,0.109
2023-05-21 05:00:00+00:00,21.25,67.53179,0.0,21.5,0.109
2023-05-21 06:00:00+00:00,21.95,62.447403,0.3,23.15,0.111
2023-05-21 07:00:00+00:00,22.2,64.34063,0.3,24.5,0.113
2023-05-21 08:00:00+00:00,22.5,64.19946,0.0,26.0,0.112
2023-05-21 09:00:00+00:00,22.85,61.65151,0.1,27.1,0.111
2023-05-21 10:00:00+00:00,23.55,58.154892,0.2,28.45,0.111
2023-05-21 11:00:00+00:00,23.85,57.48284,0.0,29.45,0.11
2023-05-21 12:00:00+00:00,23.25,65.81244,0.0,29.85,0.107
2023-05-21 13:00:00+00:00,23.25,64.36189,0.0,29.65,0.106
2023-05-21 14:00:00+00:00,22.85,66.36006,0.0,29.1,0.105
2023-05-21 15:00:00+00:00,22.35,68.1875,0.0,28.15,0.105
2023-05-21 16:00:00+00:00,21.65,71.388275,0.0,26.75,0.104
2023-05-21 17:00:00+00:00,20.95,75.95472,0.0,25.15,0.104
2023-05-21 18:00:00+00:00,20.6,78.35177,0.0,23.9,0.104
2023-05-21 19:00:00+00:00,19.75,86.59531,0.0,22.75,0.104
2023-05-21 20:00:00+00:00,19.7,86.59053,0.0,21.95,0.104
2023-05-21 21:00:00+00:00,19.65,87.409744,0.1,21.4,0.104
2023-05-21 22:00:00+00:00,19.0,89.87547,0.0,20.75,0.104
2023-05-21 23:00:00+00:00,18.9,89.01906,0.0,20.4,0.104
2023-05-22 00:00:00+00:00,18.4,88.41527,0.0,21.05,0.102
2023-05-22 01:00:00+00:00,17.85,88.65181,0.0,20.45,0.102
2023-05-22 02:00:00+00:00,17.45,90.048134,0.0,19.9,0.102
2023-05-22 03:00:00+00:00,17.55,88.91118,0.0,19.55,0.102
2023-05-22 04:00:00+00:00,19.2,79.91878,0.0,19.9,0.102
2023-05-22 05:00:00+00:00,21.15,65.3687,0.0,20.95,0.102
2023-05-22 06:00:00+00:00,24.1,48.769825,0.0,22.7,0.101
2023-05-22 07:00:00+00:00,26.0,38.67127,0.0,24.45,0.1
2023-05-22 08:00:00+00:00,27.7,34.760273,0.0,26.55,0.099
2023-05-22 09:00:00+00:00,28.85,34.73678,0.0,28.55,0.098
2023-05-22 10:00:00+00:00,30.2,33.102196,0.0,30.45,0.096
2023-05-22 11:00:00+00:00,30.1,32.534286,0.0,31.95,0.094
2023-05-22 12:00:00+00:00,26.8,51.261356,0.0,32.3,0.094
2023-05-22 13:00:00+00:00,25.8,59.064083,0.0,31.95,0.093
2023-05-22 14:00:00+00:00,25.25,58.56115,0.0,31.25,0.092
2023-05-22 15:00:00+00:00,24.35,62.18824,0.0,30.1,0.092
2023-05-22 16:00:00+00:00,23.1,70.75495,0.0,28.45,0.092
2023-05-22 17:00:00+00:00,22.25,76.882935,0.0,26.75,0.092
2023-05-22 18:00:00+00:00,21.3,81.220665,0.2,25.35,0.094
2023-05-22 19:00:00+00:00,20.95,83.24579,0.4,24.15,0.098
2023-05-22 20:00:00+00:00,21.8,77.05627,0.1,23.3,0.099
2023-05-22 21:00:00+00:00,21.6,78.744804,0.2,22.7,0.101
2023-05-22 22:00:00+00:00,20.55,83.9894,0.1,22.3,0.102
2023-05-22 23:00:00+00:00,19.6,88.5149,0.4,21.85,0.107
2023-05-23 00:00:00+00:00,19.55,90.483246,0.3,22.75,0.144
2023-05-23 01:00:00+00:00,20.05,87.17096,0.1,21.85,0.145
2023-05-23 02:00:00+00:00,19.7,93.66778,0.3,21.4,0.149
2023-05-23 03:00:00+00:00,19.85,90.220406,0.5,21.1,0.155
2023-05-23 04:00:00+00:00,18.75,85.950806,1.0,21.15,0.168
2023-05-23 05:00:00+00:00,19.05,87.35561,0.3,21.05,0.173
2023-05-23 06:00:00+00:00,20.65,82.16807,0.0,22.1,0.172
2023-05-23 07:00:00+00:00,22.25,77.610886,0.0,23.9,0.171
2023-05-23 08:00:00+00:00,22.75,76.239624,0.2,25.55,0.17
2023-05-23 09:00:00+00:00,22.55,74.78449,0.2,26.6,0.17
2023-05-23 10:00:00+00:00,21.15,77.93741,0.4,26.35,0.172
2023-05-23 11:00:00+00:00,22.0,73.75452,0.0,26.25,0.171
2023-05-23 12:00:00+00:00,23.5,68.199524,0.1,25.75,0.31
2023-05-23 13:00:00+00:00,23.4,71.257706,0.0,26.35,0.304
2023-05-23 14:00:00+00:00,22.55,76.688065,0.0,26.1,0.3
2023-05-23 15:00:00+00:00,21.45,82.00855,0.5,25.4,0.302
2023-05-23 16:00:00+00:00,21.05,81.95896,0.0,24.3,0.299
2023-05-23 17:00:00+00:00,20.45,86.11909,0.0,23.15,0.298
2023-05-23 18:00:00+00:00,19.65,91.06034,0.0,22.2,0.296
2023-05-23 19:00:00+00:00,19.45,89.34374,0.0,21.45,0.295
2023-05-23 20:00:00+00:00,19.15,88.75791,0.0,20.9,0.293
2023-05-23 21:00:00+00:00,19.25,88.76599,0.0,20.5,0.292
2023-05-23 22:00:00+00:00,18.85,89.58054,0.0,20.05,0.291
2023-05-23 23:00:00+00:00,18.4,90.69042,0.0,19.7,0.289
2023-05-24 00:00:00+00:00,17.9,92.69631,0.0,19.7,0.287
2023-05-24 01:00:00+00:00,17.7,93.27651,0.0,19.35,0.286
2023-05-24 02:00:00+00:00,16.9,92.641975,0.0,19.05,0.285
2023-05-24 03:00:00+00:00,16.55,93.81807,0.0,18.8,0.284
2023-05-24 04:00:00+00:00,17.75,93.87317,0.0,19.25,0.282
2023-05-24 05:00:00+00:00,19.95,88.26585,0.0,20.45,0.28
2023-05-24 06:00:00+00:00,21.4,75.78595,0.0,22.15,0.277
2023-05-24 07:00:00+00:00,22.2,73.092064,0.0,23.95,0.273
2023-05-24 08:00:00+00:00,22.85,72.28841,0.0,25.65,0.268
2023-05-24 09:00:00+00:00,23.4,71.03389,0.0,27.0,0.263
2023-05-24 10:00:00+00:00,23.9,70.90317,0.0,28.0,0.257
2023-05-24 11:00:00+00:00,24.0,68.946106,0.0,28.65,0.252
2023-05-24 12:00:00+00:00,24.45,55.450188,0.0,28.7,0.248
2023-05-24 13:00:00+00:00,24.0,60.35185,0.0,28.4,0.243
2023-05-24 14:00:00+00:00,23.6,60.452404,0.0,27.75,0.24
2023-05-24 15:00:00+00:00,23.45,62.184258,0.0,26.85,0.238
2023-05-24 16:00:00+00:00,22.7,68.69218,0.0,25.65,0.236
2023-05-24 17:00:00+00:00,21.45,75.076744,0.0,24.15,0.236
2023-05-24 18:00:00+00:00,20.6,76.383896,0.0,22.9,0.235
2023-05-24 19:00:00+00:00,19.85,77.24806,0.0,21.95,0.235
2023-05-24 20:00:00+00:00,18.95,77.857994,0.0,21.15,0.234
2023-05-24 21:00:00+00:00,18.75,77.57761,0.0,20.45,0.234
2023-05-24 22:00:00+00:00,18.55,78.04932,0.0,19.9,0.233
2023-05-24 23:00:00+00:00,18.25,78.76432,0.0,19.45,0.233
2023-05-25 00:00:00+00:00,17.7,83.12899,0.0,19.45,0.229
2023-05-25 01:00:00+00:00,17.6,82.5827,0.0,19.05,0.229
2023-05-25 02:00:00+00:00,16.9,83.57372,0.0,18.7,0.228
2023-05-25 03:00:00+00:00,17.15,82.52768,0.0,18.45,0.228
2023-05-25 04:00:00+00:00,18.75,77.327934,0.0,19.1,0.227
2023-05-25 05:00:00+00:00,21.1,71.286964,0.0,20.4,0.226
2023-05-25 06:00:00+00:00,22.9,62.660507,0.0,22.15,0.224
2023-05-25 07:00:00+00:00,24.1,52.91116,0.0,23.85,0.221
2023-05-25 08:00:00+00:00,25.0,52.29195,0.0,25.8,0.217
2023-05-25 09:00:00+00:00,25.3,57.832806,0.0,27.5,0.212
2023-05-25 10:00:00+00:00,24.85,59.027565,0.0,28.45,0.207
2023-05-25 11:00:00+00:00,24.95,55.219177,0.0,29.05,0.202
2023-05-25 12:00:00+00:00,25.95,54.59092,0.0,29.3,0.199
2023-05-25 13:00:00+00:00,25.15,62.367092,0.0,29.2,0.195
2023-05-25 14:00:00+00:00,24.65,61.27599,0.0,28.6,0.193
2023-05-25 15:00:00+00:00,24.0,65.55312,0.0,27.65,0.191
2023-05-25 16:00:00+00:00,22.7,72.94878,0.0,26.3,0.19
2023-05-25 17:00:00+00:00,21.8,78.27943,0.0,24.85,0.189
2023-05-25 18:00:00+00:00,21.55,79.73535,0.0,23.7,0.189
2023-05-25 19:00:00+00:00,21.3,80.45766,0.0,22.8,0.189
2023-05-25 20:00:00+00:00,21.25,82.24173,0.0,22.2,0.188
2023-05-25 21:00:00+00:00,21.0,80.16423,0.0,21.65,0.188
2023-05-25 22:00:00+00:00,20.85,79.13651,0.0,21.2,0.188
2023-05-25 23:00:00+00:00,20.65,79.108215,0.0,20.9,0.188
2023-05-26 00:00:00+00:00,21.15,79.178856,0.0,21.4,0.188
2023-05-26 01:00:00+00:00,20.5,83.71957,0.0,21.0,0.188
2023-05-26 02:00:00+00:00,19.6,86.03531,0.0,20.35,0.188
2023-05-26 03:00:00+00:00,19.6,88.5149,0.0,19.95,0.188
2023-05-26 04:00:00+00:00,21.5,80.48428,0.0,20.6,0.187
2023-05-26 05:00:00+00:00,22.35,75.2239,0.0,21.9,0.186
2023-05-26 06:00:00+00:00,23.0,72.315125,0.0,23.45,0.185
2023-05-26 07:00:00+00:00,23.5,70.16357,0.0,25.1,0.182
2023-05-26 08:00:00+00:00,23.85,69.5705,0.0,26.6,0.179
2023-05-26 09:00:00+00:00,24.2,66.010666,0.0,27.9,0.175
2023-05-26 10:00:00+00:00,24.45,66.27099,0.0,28.95,0.171
2023-05-26 11:00:00+00:00,24.4,64.60907,0.0,29.55,0.168
2023-05-26 12:00:00+00:00,24.8,57.16181,0.0,29.8,0.164
2023-05-26 13:00:00+00:00,24.4,59.488388,0.0,29.55,0.162
2023-05-26 14:00:00+00:00,23.65,65.4795,0.0,28.9,0.16
2023-05-26 15:00:00+00:00,23.05,71.64384,0.0,27.9,0.158
2023-05-26 16:00:00+00:00,22.35,75.699,0.0,26.6,0.157
2023-05-26 17:00:00+00:00,21.55,81.508125,0.0,25.15,0.157
2023-05-26 18:00:00+00:00,21.15,84.32011,0.0,23.9,0.157
2023-05-26 19:00:00+00:00,20.9,84.55774,0.0,22.9,0.157
2023-05-26 20:00:00+00:00,20.55,84.78617,0.0,22.15,0.157
2023-05-26 21:00:00+00:00,19.75,86.59531,0.0,21.35,0.157
2023-05-26 22:00:00+00:00,20.9,80.40424,0.0,20.85,0.157
2023-05-26 23:00:00+00:00,18.75,91.57841,0.0,20.4,0.157
2023-05-27 00:00:00+00:00,19.5,87.12054,0.0,20.75,0.155
2023-05-27 01:00:00+00:00,19.1,87.63734,0.0,20.2,0.155
2023-05-27 02:00:00+00:00,18.75,90.14199,0.0,19.85,0.155
2023-05-27 03:00:00+00:00,18.0,93.29145,0.0,19.65,0.155
2023-05-27 04:00:00+00:00,19.45,89.06257,0.0,20.15,0.155
2023-05-27 05:00:00+00:00,21.5,79.2281,0.0,21.5,0.154
2023-05-27 06:00:00+00:00,22.75,71.81577,0.0,23.35,0.153
2023-05-27 07:00:00+00:00,24.0,66.5973,0.0,25.4,0.151
2023-05-27 08:00:00+00:00,25.5,61.663002,0.0,27.6,0.148
2023-05-27 09:00:00+00:00,26.75,58.17912,0.0,29.7,0.144
2023-05-27 10:00:00+00:00,27.45,58.895123,0.0,31.45,0.141
2023-05-27 11:00:00+00:00,28.55,55.930695,0.0,32.8,0.137
2023-05-27 12:00:00+00:00,28.05,42.296288,0.0,32.75,0.135
2023-05-27 13:00:00+00:00,27.15,54.54419,0.0,32.65,0.133
2023-05-27 14:00:00+00:00,26.2,55.002384,0.0,31.25,0.131
2023-05-27 15:00:00+00:00,26.4,55.755405,0.0,30.1,0.13
2023-05-27 16:00:00+00:00,26.75,54.96458,0.0,28.85,0.129
2023-05-27 17:00:00+00:00,25.9,57.610302,0.0,27.5,0.129
2023-05-27 18:00:00+00:00,24.5,62.024765,0.0,26.25,0.129
2023-05-27 19:00:00+00:00,24.6,56.930515,0.0,25.4,0.128
2023-05-27 20:00:00+00:00,23.7,59.32357,0.0,24.55,0.128
2023-05-27 21:00:00+00:00,23.0,62.08283,0.0,23.55,0.128
2023-05-27 22:00:00+00:00,23.65,70.19183,0.0,23.1,0.127
2023-05-27 23:00:00+00:00,23.15,76.54107,0.0,22.95,0.127
2023-05-28 00:00:00+00:00,21.5,87.5745,0.0,25.6,0.122
2023-05-28 01:00:00+00:00,22.05,86.811874,0.0,24.5,0.122
2023-05-28 02:00:00+00:00,22.0,78.30855,0.0,23.75,0.122
2023-05-28 03:00:00+00:00,22.4,69.29138,0.0,23.1,0.122
2023-05-28 04:00:00+00:00,22.8,74.59102,0.0,23.3,0.122
2023-05-28 05:00:00+00:00,24.15,67.04955,0.0,24.05,0.121
2023-05-28 06:00:00+00:00,26.45,50.51861,0.0,25.6,0.12
2023-05-28 07:00:00+00:00,27.3,35.58362,0.0,26.8,0.119
2023-05-28 08:00:00+00:00,25.35,54.092495,0.0,27.95,0.117
2023-05-28 09:00:00+00:00,24.8,55.894695,0.0,28.85,0.115
2023-05-28 10:00:00+00:00,25.3,50.054504,0.0,29.45,0.114
2023-05-28 11:00:00+00:00,27.25,41.39412,0.0,30.55,0.112
2023-05-28 12:00:00+00:00,27.9,40.637783,0.0,33.2,0.111
2023-05-28 13:00:00+00:00,24.35,60.048775,0.9,31.85,0.12
2023-05-28 14:00:00+00:00,24.2,59.251617,0.0,30.15,0.119
2023-05-28 15:00:00+00:00,25.0,54.17793,0.0,29.45,0.118
2023-05-28 16:00:00+00:00,22.6,65.25735,0.6,27.85,0.124
2023-05-28 17:00:00+00:00,22.3,64.362335,0.1,26.1,0.124
2023-05-28 18:00:00+00:00,21.75,65.07609,0.0,24.95,0.124
2023-05-28 19:00:00+00:00,20.45,71.16664,0.0,24.0,0.124
2023-05-28 20:00:00+00:00,20.25,71.819595,0.0,23.3,0.123
2023-05-28 21:00:00+00:00,20.2,69.53213,0.0,22.65,0.123
2023-05-28 22:00:00+00:00,19.65,71.24769,0.0,22.1,0.123
2023-05-28 23:00:00+00:00,19.55,71.6915,0.0,21.65,0.123
2023-05-29 00:00:00+00:00,20.0,70.397766,0.0,22.7,0.11
2023-05-29 01:00:00+00:00,19.65,76.23372,0.0,22.15,0.11
2023-05-29 02:00:00+00:00,19.05,80.41162,0.4,21.65,0.114
2023-05-29 03:00:00+00:00,18.35,84.819626,2.3,20.75,0.143
2023-05-29 04:00:00+00:00,19.1,82.76429,0.3,20.4,0.146
2023-05-29 05:00:00+00:00,20.45,80.08968,1.0,21.35,0.158
2023-05-29 06:00:00+00:00,22.35,69.281685,0.0,22.6,0.157
2023-05-29 07:00:00+00:00,23.75,61.265877,0.0,24.25,0.156
2023-05-29 08:00:00+00:00,24.2,57.938175,0.0,25.8,0.153
2023-05-29 09:00:00+00:00,25.4,51.72446,0.0,27.6,0.151
2023-05-29 10:00:00+00:00,26.25,48.08504,0.1,29.25,0.148
2023-05-29 11:00:00+00:00,24.95,56.29105,0.1,29.9,0.146
2023-05-29 12:00:00+00:00,24.1,67.46328,0.1,28.75,0.181
2023-05-29 13:00:00+00:00,23.65,71.07991,0.0,29.0,0.178
2023-05-29 14:00:00+00:00,23.2,73.2657,0.0,28.7,0.176
2023-05-29 15:00:00+00:00,22.95,74.8504,0.0,27.8,0.175
2023-05-29 16:00:00+00:00,22.45,76.67257,0.0,26.6,0.174
2023-05-29 17:00:00+00:00,21.8,81.79541,0.0,25.3,0.173
2023-05-29 18:00:00+00:00,21.85,82.83104,0.0,24.25,0.173
2023-05-29 19:00:00+00:00,21.8,81.79541,0.0,23.5,0.173
2023-05-29 20:00:00+00:00,21.45,82.78354,0.0,22.95,0.173
2023-05-29 21:00:00+00:00,21.25,83.280624,0.0,22.5,0.173
2023-05-29 22:00:00+00:00,20.75,86.6901,0.0,22.0,0.172
2023-05-29 23:00:00+00:00,20.8,83.7536,0.3,21.45,0.175
2023-05-30 00:00:00+00:00,18.4,88.41527,0.7,22.55,0.182
2023-05-30 01:00:00+00:00,18.25,92.422005,0.0,21.3,0.182
2023-05-30 02:00:00+00:00,18.15,93.594734,0.0,20.55,0.182
2023-05-30 03:00:00+00:00,18.55,90.98828,0.0,20.1,0.182
2023-05-30 04:00:00+00:00,19.1,89.03492,0.0,20.25,0.182
2023-05-30 05:00:00+00:00,20.45,83.7139,0.1,21.0,0.182
2023-05-30 06:00:00+00:00,21.9,77.803,0.1,22.65,0.182
2023-05-30 07:00:00+00:00,22.85,74.13202,0.0,24.7,0.18
2023-05-30 08:00:00+00:00,23.7,68.23913,0.0,26.6,0.177
2023-05-30 09:00:00+00:00,24.3,63.573452,0.0,28.25,0.173
2023-05-30 10:00:00+00:00,24.6,63.840355,0.0,29.55,0.169
2023-05-30 11:00:00+00:00,24.9,61.7226,0.0,30.4,0.165
2023-05-30 12:00:00+00:00,24.6,62.04723,0.0,31.05,0.162
2023-05-30 13:00:00+00:00,24.45,61.42536,0.0,30.65,0.159
2023-05-30 14:00:00+00:00,24.2,59.822475,0.0,29.9,0.157
2023-05-30 15:00:00+00:00,23.45,65.02268,0.0,28.85,0.155
2023-05-30 16:00:00+00:00,22.75,70.91373,0.0,27.45,0.154
2023-05-30 17:00:00+00:00,21.85,77.551,0.0,25.95,0.154
2023-05-30 18:00:00+00:00,21.6,80.24508,0.0,24.75,0.153
2023-05-30 19:00:00+00:00,21.55,82.020935,0.0,23.85,0.153
2023-05-30 20:00:00+00:00,21.35,83.55359,0.0,23.15,0.153
2023-05-30 21:00:00+00:00,21.25,84.067375,0.0,22.65,0.153
2023-05-30 22:00:00+00:00,21.2,84.06178,0.0,22.3,0.153
2023-05-30 23:00:00+00:00,21.1,82.22335,0.1,22.0,0.154
2023-05-31 00:00:00+00:00,21.25,80.451,0.1,22.8,0.152
2023-05-31 01:00:00+00:00,21.05,83.519264,0.0,22.35,0.151
2023-05-31 02:00:00+00:00,20.6,86.67591,0.0,21.85,0.151
2023-05-31 03:00:00+00:00,20.5,85.047966,0.0,21.45,0.151
2023-05-31 04:00:00+00:00,20.95,83.24579,0.0,21.9,0.151
2023-05-31 05:00:00+00:00,21.9,77.3147,0.1,23.05,0.152
2023-05-31 06:00:00+00:00,22.65,72.48122,0.1,24.4,0.152
2023-05-31 07:00:00+00:00,23.4,69.26533,0.1,26.1,0.152
2023-05-31 08:00:00+00:00,23.9,66.99872,0.0,27.65,0.149
2023-05-31 09:00:00+00:00,24.15,65.17127,0.0,29.0,0.147
2023-05-31 10:00:00+00:00,24.2,66.219315,0.0,30.05,0.144
2023-05-31 11:00:00+00:00,24.2,66.848724,0.0,30.65,0.141
2023-05-31 12:00:00+00:00,25.4,61.640465,0.0,30.9,0.141
2023-05-31 13:00:00+00:00,24.85,66.98098,0.0,30.7,0.138
2023-05-31 14:00:00+00:00,24.45,67.74609,0.0,30.1,0.137
2023-05-31 15:00:00+00:00,23.55,74.948845,0.0,29.05,0.136
2023-05-31 16:00:00+00:00,22.9,78.92988,0.0,27.75,0.135
2023-05-31 17:00:00+00:00,22.15,83.38454,0.0,26.25,0.135
2023-05-31 18:00:00+00:00,21.95,84.93449,0.0,25.05,0.135
2023-05-31 19:00:00+00:00,21.75,85.17845,0.0,24.15,0.135
2023-05-31 20:00:00+00:00,21.35,86.20703,0.0,23.35,0.135
2023-05-31 21:00:00+00:00,21.2,87.00354,0.0,22.7,0.134
2023-05-31 22:00:00+00:00,21.1,86.723015,0.0,22.15,0.134
2023-05-31 23:00:00+00:00,20.95,85.095146,0.0,21.75,0.134
2023-06-01 00:00:00+00:00,21.0,84.83408,0.0,22.7,0.133
2023-06-01 01:00:00+00:00,20.85,84.818146,0.0,22.15,0.133
2023-06-01 02:00:00+00:00,20.75,84.27625,0.0,21.75,0.133
2023-06-01 03:00:00+00:00,20.95,83.50778,0.0,21.5,0.133
2023-06-01 04:00:00+00:00,22.05,77.09446,0.0,22.05,0.133
2023-06-01 05:00:00+00:00,22.9,71.61661,0.0,23.3,0.132
2023-06-01 06:00:00+00:00,23.45,70.15413,0.0,24.85,0.131
2023-06-01 07:00:00+00:00,23.85,70.45035,0.0,26.65,0.129
2023-06-01 08:00:00+00:00,24.1,70.05643,0.0,28.35,0.127
2023-06-01 09:00:00+00:00,24.55,66.92006,0.0,29.9,0.125
2023-06-01 10:00:00+00:00,24.65,64.66249,0.0,31.05,0.122
2023-06-01 11:00:00+00:00,24.75,64.0748,0.0,31.9,0.12
2023-06-01 12:00:00+00:00,24.75,61.688717,0.0,32.0,0.119
2023-06-01 13:00:00+00:00,24.35,64.39443,0.0,31.6,0.117
2023-06-01 14:00:00+00:00,24.0,62.10966,0.0,30.95,0.116
2023-06-01 15:00:00+00:00,23.4,62.372135,0.0,29.75,0.115
2023-06-01 16:00:00+00:00,22.9,67.86448,0.0,28.35,0.114
2023-06-01 17:00:00+00:00,22.25,75.92162,0.0,26.75,0.114
2023-06-01 18:00:00+00:00,21.8,78.773445,0.0,25.4,0.114
2023-06-01 19:00:00+00:00,21.5,81.50178,0.0,24.35,0.114
2023-06-01 20:00:00+00:00,21.0,86.17292,0.0,23.45,0.114
2023-06-01 21:00:00+00:00,21.75,79.0144,0.0,22.6,0.114
2023-06-01 22:00:00+00:00,21.6,79.49182,0.0,21.9,0.114
2023-06-01 23:00:00+00:00,20.15,86.08963,0.0,21.35,0.114
2023-06-02 00:00:00+00:00,20.05,89.38982,0.0,22.15,0.112
2023-06-02 01:00:00+00:00,19.95,89.382126,0.0,21.5,0.112
2023-06-02 02:00:00+00:00,19.0,90.73108,0.0,21.1,0.112
2023-06-02 03:00:00+00:00,18.85,89.58054,0.0,20.8,0.112
2023-06-02 04:00:00+00:00,20.25,84.22115,0.0,21.25,0.112
2023-06-02 05:00:00+00:00,22.35,73.1182,0.0,22.7,0.112
2023-06-02 06:00:00+00:00,24.4,57.064518,0.0,24.6,0.111
2023-06-02 07:00:00+00:00,25.95,52.704956,0.0,26.75,0.109
2023-06-02 08:00:00+00:00,26.75,52.23931,0.0,28.8,0.108
2023-06-02 09:00:00+00:00,27.9,46.398884,0.0,30.9,0.105
2023-06-02 10:00:00+00:00,27.55,50.162502,0.0,32.25,0.104
2023-06-02 11:00:00+00:00,28.4,48.966747,0.0,33.7,0.102
2023-06-02 12:00:00+00:00,29.4,36.408554,0.0,34.1,0.103
2023-06-02 13:00:00+00:00,27.4,53.92086,0.0,34.15,0.101
2023-06-02 14:00:00+00:00,26.8,56.74275,0.0,33.2,0.1
2023-06-02 15:00:00+00:00,27.6,53.97103,0.0,32.45,0.099
2023-06-02 16:00:00+00:00,28.05,53.0714,0.0,31.15,0.099
2023-06-02 17:00:00+00:00,27.25,51.70586,0.0,29.55,0.098
2023-06-02 18:00:00+00:00,25.9,51.191757,0.0,28.15,0.098
2023-06-02 19:00:00+00:00,25.35,54.615078,0.0,27.05,0.098
2023-06-02 20:00:00+00:00,25.0,51.787712,0.0,26.15,0.097
2023-06-02 21:00:00+00:00,24.55,50.018833,0.0,25.45,0.097
2023-06-02 22:00:00+00:00,24.1,51.55349,0.0,24.85,0.097
2023-06-02 23:00:00+00:00,23.8,52.150642,0.0,24.35,0.097
2023-06-03 00:00:00+00:00,23.45,53.78447,0.0,23.75,0.095
2023-06-03 01:00:00+00:00,22.65,60.817158,0.0,23.15,0.095
2023-06-03 02:00:00+00:00,24.35,75.31256,0.0,23.2,0.094
2023-06-03 03:00:00+00:00,23.65,77.33667,0.0,23.3,0.094
2023-06-03 04:00:00+00:00,24.15,72.51876,0.0,23.7,0.094
2023-06-03 05:00:00+00:00,24.75,69.52449,0.0,24.75,0.094
2023-06-03 06:00:00+00:00,25.7,66.52776,0.0,26.25,0.093
2023-06-03 07:00:00+00:00,26.45,62.45976,0.0,28.15,0.093
2023-06-03 08:00:00+00:00,27.0,59.34504,0.0,30.1,0.092
2023-06-03 09:00:00+00:00,26.6,64.47141,0.0,31.65,0.09
2023-06-03 10:00:00+00:00,25.9,69.74296,0.1,32.5,0.09
2023-06-03 11:00:00+00:00,25.95,69.536766,0.0,32.65,0.09
2023-06-03 12:00:00+00:00,25.7,68.845055,0.0,32.25,0.096
2023-06-03 13:00:00+00:00,25.45,67.522514,0.0,32.0,0.095
2023-06-03 14:00:00+00:00,24.65,71.93209,0.0,31.35,0.094
2023-06-03 15:00:00+00:00,24.1,73.19205,0.0,30.35,0.094
2023-06-03 16:00:00+00:00,23.45,74.93246,0.0,29.0,0.094
2023-06-03 17:00:00+00:00,22.75,77.92875,0.0,27.55,0.093
2023-06-03 18:00:00+00:00,22.5,79.36791,0.0,26.35,0.093
2023-06-03 19:00:00+00:00,22.3,80.33886,0.0,25.4,0.093
2023-06-03 20:00:00+00:00,22.05,82.0826,0.0,24.7,0.093
2023-06-03 21:00:00+00:00,21.9,82.321045,0.0,24.1,0.093
2023-06-03 22:00:00+00:00,21.4,84.8765,0.0,23.6,0.093
2023-06-03 23:00:00+00:00,21.6,80.24508,0.0,23.15,0.093
2023-06-04 00:00:00+00:00,21.55,82.020935,0.1,24.6,0.093
2023-06-04 01:00:00+00:00,21.6,84.89763,0.1,23.75,0.094
2023-06-04 02:00:00+00:00,21.45,83.8269,0.1,23.15,0.094
2023-06-04 03:00:00+00:00,21.3,84.865906,0.1,22.75,0.095
2023-06-04 04:00:00+00:00,22.5,75.961334,0.1,23.05,0.096
2023-06-04 05:00:00+00:00,23.25,71.454834,0.1,24.05,0.097
2023-06-04 06:00:00+00:00,23.8,68.47442,0.3,24.95,0.1
2023-06-04 07:00:00+00:00,24.3,70.09417,0.2,26.7,0.102
2023-06-04 08:00:00+00:00,25.1,66.197044,0.0,28.55,0.1
2023-06-04 09:00:00+00:00,24.85,66.98098,0.0,29.9,0.099
2023-06-04 10:00:00+00:00,25.3,63.39101,0.2,31.0,0.1
2023-06-04 11:00:00+00:00,25.1,63.34726,0.2,31.55,0.101
2023-06-04 12:00:00+00:00,24.7,64.87734,0.4,31.5,0.111
2023-06-04 13:00:00+00:00,24.35,66.66907,0.0,31.3,0.11
2023-06-04 14:00:00+00:00,24.1,67.46328,0.0,30.7,0.109
2023-06-04 15:00:00+00:00,23.7,66.95797,0.0,29.75,0.108
2023-06-04 16:00:00+00:00,23.0,70.06906,0.0,28.4,0.108
2023-06-04 17:00:00+00:00,22.3,75.9296,0.1,26.9,0.108
2023-06-04 18:00:00+00:00,21.95,78.547714,0.0,25.65,0.108
2023-06-04 19:00:00+00:00,21.65,80.000114,0.0,24.7,0.108
2023-06-04 20:00:00+00:00,21.4,80.724464,0.0,23.9,0.108
2023-06-04 21:00:00+00:00,21.25,80.9591,0.0,23.3,0.108
2023-06-04 22:00:00+00:00,21.1,81.194885,0.0,22.8,0.108
2023-06-04 23:00:00+00:00,20.9,82.198814,0.0,22.3,0.107
2023-06-05 00:00:00+00:00,20.65,85.06373,0.0,22.75,0.108
2023-06-05 01:00:00+00:00,20.25,89.12539,0.0,22.3,0.108
2023-06-05 02:00:00+00:00,19.7,91.34978,0.0,21.7,0.108
2023-06-05 03:00:00+00:00,20.55,86.39971,0.0,21.35,0.108
2023-06-05 04:00:00+00:00,21.6,82.28449,0.1,22.1,0.109
2023-06-05 05:00:00+00:00,22.3,78.1069,0.3,23.2,0.112
2023-06-05 06:00:00+00:00,22.95,73.91628,0.5,24.65,0.116
2023-06-05 07:00:00+00:00,23.15,71.43662,0.4,26.15,0.119
2023-06-05 08:00:00+00:00,23.55,70.173,0.5,27.6,0.124
2023-06-05 09:00:00+00:00,23.95,68.50388,0.7,28.75,0.13
2023-06-05 10:00:00+00:00,24.1,68.31812,0.5,29.25,0.133
2023-06-05 11:00:00+00:00,24.4,64.81353,0.1,29.75,0.133
2023-06-05 12:00:00+00:00,24.15,66.6281,0.0,30.75,0.12
2023-06-05 13:00:00+00:00,24.5,63.215668,0.0,30.95,0.118
2023-06-05 14:00:00+00:00,24.1,62.132133,0.0,30.55,0.117
2023-06-05 15:00:00+00:00,23.5,65.033325,0.0,29.7,0.116
2023-06-05 16:00:00+00:00,22.75,68.92042,0.0,28.35,0.115
2023-06-05 17:00:00+00:00,22.0,75.16681,0.0,26.8,0.115
2023-06-05 18:00:00+00:00,21.65,80.000114,0.0,25.45,0.115
2023-06-05 19:00:00+00:00,21.4,82.260086,0.0,24.4,0.115
2023-06-05 20:00:00+00:00,21.15,82.48829,0.0,23.55,0.115
2023-06-05 21:00:00+00:00,21.0,81.18198,0.0,22.9,0.115
2023-06-05 22:00:00+00:00,20.85,79.387314,0.0,22.35,0.114
2023-06-05 23:00:00+00:00,20.7,79.87048,0.0,21.9,0.114
2023-06-06 00:00:00+00:00,21.3,79.700966,0.0,22.95,0.113
2023-06-06 01:00:00+00:00,21.2,81.207756,0.0,22.5,0.113
2023-06-06 02:00:00+00:00,21.0,82.9904,0.0,22.0,0.113
2023-06-06 03:00:00+00:00,21.15,83.00807,0.0,21.7,0.113
2023-06-06 04:00:00+00:00,22.3,75.215775,0.0,22.4,0.113
2023-06-06 05:00:00+00:00,23.05,71.193504,0.0,23.75,0.112
2023-06-06 06:00:00+00:00,24.05,65.771286,0.0,25.65,0.111
2023-06-06 07:00:00+00:00,24.65,65.68931,0.0,27.5,0.11
2023-06-06 08:00:00+00:00,25.05,65.566635,0.0,28.9,0.108
2023-06-06 09:00:00+00:00,25.5,64.035065,0.0,30.5,0.107
2023-06-06 10:00:00+00:00,25.65,65.486824,0.0,31.6,0.105
2023-06-06 11:00:00+00:00,25.75,65.099556,0.0,32.3,0.103
2023-06-06 12:00:00+00:00,25.4,66.46639,0.0,32.75,0.102
2023-06-06 13:00:00+00:00,25.3,67.70355,0.0,32.4,0.101
2023-06-06 14:00:00+00:00,24.9,70.426025,0.0,31.75,0.1
2023-06-06 15:00:00+00:00,24.0,73.86285,0.0,30.65,0.1
2023-06-06 16:00:00+00:00,23.4,78.26731,0.0,29.2,0.099
2023-06-06 17:00:00+00:00,22.75,82.16839,0.0,27.6,0.099
2023-06-06 18:00:00+00:00,22.5,84.205246,0.0,26.25,0.099
2023-06-06 19:00:00+00:00,22.35,84.450645,0.0,25.2,0.099
2023-06-06 20:00:00+00:00,22.2,86.02215,0.0,24.45,0.099
2023-06-06 21:00:00+00:00,22.15,87.090576,0.0,23.85,0.099
2023-06-06 22:00:00+00:00,22.05,88.16726,0.0,23.3,0.099
2023-06-06 23:00:00+00:00,21.35,91.452934,0.0,22.8,0.099
2023-06-07 00:00:00+00:00,21.6,90.06385,0.0,23.45,0.098
2023-06-07 01:00:00+00:00,21.3,91.44987,0.0,22.8,0.098
2023-06-07 02:00:00+00:00,21.4,90.60986,0.0,22.4,0.098
2023-06-07 03:00:00+00:00,21.35,92.59237,0.0,22.05,0.098
2023-06-07 04:00:00+00:00,23.0,82.709946,0.0,22.9,0.098
2023-06-07 05:00:00+00:00,24.0,75.72558,0.0,24.6,0.098
2023-06-07 06:00:00+00:00,25.0,70.44465,0.0,26.75,0.097
2023-06-07 07:00:00+00:00,25.95,66.994484,0.0,29.05,0.096
2023-06-07 08:00:00+00:00,26.25,69.37896,0.0,31.1,0.095
2023-06-07 09:00:00+00:00,26.15,71.31451,0.0,32.6,0.093
2023-06-07 10:00:00+00:00,26.4,68.7673,0.0,33.75,0.092
2023-06-07 11:00:00+00:00,26.85,66.968376,0.0,34.55,0.091
2023-06-07 12:00:00+00:00,26.2,64.38617,0.0,34.75,0.092
2023-06-07 13:00:00+00:00,26.45,64.239044,0.0,34.5,0.091
2023-06-07 14:00:00+00:00,26.2,63.58691,0.0,33.85,0.091
2023-06-07 15:00:00+00:00,25.45,69.44157,0.0,32.7,0.09
2023-06-07 16:00:00+00:00,24.5,74.17726,0.0,31.0,0.09
2023-06-07 17:00:00+00:00,23.7,80.524414,0.0,29.15,0.09
2023-06-07 18:00:00+00:00,23.15,85.58605,0.0,27.6,0.09
2023-06-07 19:00:00+00:00,22.85,87.15417,0.0,26.45,0.089
2023-06-07 20:00:00+00:00,22.7,88.493835,0.0,25.55,0.089
2023-06-07 21:00:00+00:00,22.6,90.41245,0.0,24.8,0.089
2023-06-07 22:00:00+00:00,22.4,91.79931,0.0,24.2,0.089
2023-06-07 23:00:00+00:00,22.3,91.79337,0.0,23.75,0.089
2023-06-08 00:00:00+00:00,21.95,91.77251,0.0,24.15,0.09
2023-06-08 01:00:00+00:00,21.95,90.647026,0.0,23.55,0.09
2023-06-08 02:00:00+00:00,21.55,91.74863,0.0,22.95,0.09
2023-06-08 03:00:00+00:00,21.95,91.208244,0.0,22.6,0.09
2023-06-08 04:00:00+00:00,23.1,84.531425,0.0,23.45,0.09
2023-06-08 05:00:00+00:00,24.35,75.78116,0.0,25.0,0.089
2023-06-08 06:00:00+00:00,25.4,68.78696,0.0,27.05,0.089
2023-06-08 07:00:00+00:00,26.15,65.387146,0.0,29.2,0.088
2023-06-08 08:00:00+00:00,26.75,63.113594,0.0,31.25,0.087
2023-06-08 09:00:00+00:00,26.95,62.375633,0.0,32.95,0.086
2023-06-08 10:00:00+00:00,26.9,64.53518,0.0,34.1,0.085
2023-06-08 11:00:00+00:00,26.85,66.34992,0.0,34.85,0.084
2023-06-08 12:00:00+00:00,26.45,67.3035,0.0,34.65,0.084
2023-06-08 13:00:00+00:00,25.35,71.3902,0.0,34.1,0.086
2023-06-08 14:00:00+00:00,25.05,73.81096,0.0,33.05,0.085
2023-06-08 15:00:00+00:00,24.5,75.80493,0.0,31.55,0.085
2023-06-08 16:00:00+00:00,24.55,72.58912,0.0,30.0,0.085
2023-06-08 17:00:00+00:00,24.35,72.55396,0.0,28.65,0.085
2023-06-08 18:00:00+00:00,24.25,74.36635,0.0,27.65,0.085
2023-06-08 19:00:00+00:00,23.95,76.90297,0.0,26.8,0.085
2023-06-08 20:00:00+00:00,23.2,81.71557,0.0,25.9,0.085
2023-06-08 21:00:00+00:00,22.9,83.72923,0.0,25.3,0.085
2023-06-08 22:00:00+00:00,22.25,87.36965,0.0,24.65,0.085
2023-06-08 23:00:00+00:00,21.5,91.17961,0.0,23.85,0.085
2023-06-09 00:00:00+00:00,21.65,89.51116,0.0,23.25,0.085
2023-06-09 01:00:00+00:00,21.9,89.52992,0.0,23.2,0.085
2023-06-09 02:00:00+00:00,22.35,86.83969,0.0,22.6,0.085
2023-06-09 03:00:00+00:00,21.4,92.024,0.0,22.3,0.085
2023-06-09 04:00:00+00:00,22.75,86.876724,0.0,23.1,0.085
2023-06-09 05:00:00+00:00,24.2,78.14096,0.0,24.8,0.085
2023-06-09 06:00:00+00:00,25.6,69.902756,0.0,26.85,0.084
2023-06-09 07:00:00+00:00,26.3,67.48239,0.0,29.1,0.084
2023-06-09 08:00:00+00:00,27.35,63.63773,0.0,31.5,0.083
2023-06-09 09:00:00+00:00,27.35,62.464027,0.0,33.35,0.082
2023-06-09 10:00:00+00:00,27.95,58.46299,0.0,34.85,0.082
2023-06-09 11:00:00+00:00,28.4,58.025085,0.0,36.1,0.081
2023-06-09 12:00:00+00:00,28.25,60.754795,0.0,36.6,0.08
2023-06-09 13:00:00+00:00,27.0,65.97133,0.0,35.75,0.081
2023-06-09 14:00:00+00:00,26.4,65.64317,0.0,34.2,0.08
2023-06-09 15:00:00+00:00,25.95,70.40279,0.0,32.6,0.08
2023-06-09 16:00:00+00:00,25.8,67.592415,0.0,31.25,0.08
2023-06-09 17:00:00+00:00,25.35,69.422485,0.0,29.75,0.08
2023-06-09 18:00:00+00:00,24.8,73.99773,0.0,28.35,0.08
2023-06-09 19:00:00+00:00,24.2,79.60248,0.0,27.2,0.08
2023-06-09 20:00:00+00:00,23.3,86.660736,0.0,26.1,0.08
2023-06-09 21:00:00+00:00,22.95,89.059746,0.0,25.25,0.08
2023-06-09 22:00:00+00:00,23.25,86.65602,0.0,24.4,0.08
2023-06-09 23:00:00+00:00,23.1,87.176765,0.0,23.7,0.08
2023-06-10 00:00:00+00:00,21.25,93.739624,0.0,23.85,0.079
2023-06-10 01:00:00+00:00,21.5,92.88694,0.0,23.25,0.079
2023-06-10 02:00:00+00:00,21.05,91.1508,0.0,22.85,0.079
2023-06-10 03:00:00+00:00,20.75,87.23465,0.0,22.55,0.079
2023-06-10 04:00:00+00:00,22.25,79.831245,0.0,23.25,0.079
2023-06-10 05:00:00+00:00,24.65,66.10402,0.0,25.1,0.078
2023-06-10 06:00:00+00:00,25.95,62.544796,0.0,27.45,0.078
2023-06-10 07:00:00+00:00,27.15,57.546783,0.0,30.05,0.078
2023-06-10 08:00:00+00:00,27.45,60.951355,0.0,32.15,0.078
2023-06-10 09:00:00+00:00,27.35,61.118767,0.0,33.65,0.077
2023-06-10 10:00:00+00:00,27.0,66.58601,0.0,34.75,0.077
2023-06-10 11:00:00+00:00,27.5,64.26376,0.0,35.45,0.077
2023-06-10 12:00:00+00:00,26.5,68.7866,0.0,35.55,0.079
2023-06-10 13:00:00+00:00,26.35,69.397995,0.0,35.05,0.078
2023-06-10 14:00:00+00:00,26.55,63.06991,0.0,34.4,0.078
2023-06-10 15:00:00+00:00,25.8,67.592415,0.0,33.1,0.078
2023-06-10 16:00:00+00:00,24.95,76.110504,0.0,31.45,0.078
2023-06-10 17:00:00+00:00,24.5,76.51205,0.0,29.75,0.078
2023-06-10 18:00:00+00:00,24.15,78.86172,0.0,28.4,0.078
2023-06-10 19:00:00+00:00,23.95,81.05587,0.0,27.3,0.078
2023-06-10 20:00:00+00:00,24.0,80.81274,0.0,26.55,0.078
2023-06-10 21:00:00+00:00,23.85,82.55593,0.0,25.95,0.078
2023-06-10 22:00:00+00:00,23.75,82.54398,0.0,25.5,0.078
2023-06-10 23:00:00+00:00,23.6,83.807655,0.0,25.1,0.078
2023-06-11 00:00:00+00:00,23.55,84.31974,0.0,25.8,0.077
2023-06-11 01:00:00+00:00,23.6,83.807655,0.0,25.3,0.077
2023-06-11 02:00:00+00:00,23.45,84.82966,0.0,24.9,0.077
2023-06-11 03:00:00+00:00,23.8,82.54996,0.0,24.75,0.077
2023-06-11 04:00:00+00:00,24.45,78.90399,0.1,25.25,0.078
2023-06-11 05:00:00+00:00,24.95,76.110504,0.2,26.15,0.08
2023-06-11 06:00:00+00:00,25.4,72.73777,0.2,27.45,0.082
2023-06-11 07:00:00+00:00,26.1,67.024765,0.0,29.1,0.082
2023-06-11 08:00:00+00:00,26.5,65.46024,0.0,30.85,0.081
2023-06-11 09:00:00+00:00,26.65,64.28182,0.0,32.35,0.081
2023-06-11 10:00:00+00:00,26.65,61.72784,0.0,33.55,0.08
2023-06-11 11:00:00+00:00,27.0,59.531273,0.0,34.45,0.08
2023-06-11 12:00:00+00:00,26.95,61.410553,0.0,35.1,0.081
2023-06-11 13:00:00+00:00,26.6,67.961136,0.0,34.9,0.081
2023-06-11 14:00:00+00:00,26.4,66.877556,0.0,34.15,0.08
2023-06-11 15:00:00+00:00,25.5,72.306816,0.1,32.85,0.081
2023-06-11 16:00:00+00:00,24.8,75.384926,0.0,31.3,0.081
2023-06-11 17:00:00+00:00,24.05,79.58195,0.0,29.6,0.081
2023-06-11 18:00:00+00:00,23.65,82.02438,0.0,28.2,0.081
2023-06-11 19:00:00+00:00,23.45,83.53294,0.0,27.1,0.081
2023-06-11 20:00:00+00:00,23.3,84.55287,0.0,26.25,0.081
2023-06-11 21:00:00+00:00,23.1,86.11003,0.0,25.65,0.081
2023-06-11 22:00:00+00:00,23.1,86.11003,0.0,25.15,0.081
2023-06-11 23:00:00+00:00,23.0,86.899796,0.0,24.8,0.081
2023-06-12 00:00:00+00:00,22.85,87.15417,0.0,25.1,0.083
2023-06-12 01:00:00+00:00,22.65,87.13604,0.1,24.65,0.084
2023-06-12 02:00:00+00:00,22.45,86.046646,0.1,24.25,0.086
2023-06-12 03:00:00+00:00,22.35,87.378586,0.0,23.95,0.086
2023-06-12 04:00:00+00:00,23.15,82.21719,0.0,24.35,0.086
2023-06-12 05:00:00+00:00,24.25,74.59792,0.0,25.6,0.086
2023-06-12 06:00:00+00:00,25.0,67.43235,0.0,27.0,0.086
2023-06-12 07:00:00+00:00,25.2,65.59798,0.0,28.2,0.086
2023-06-12 08:00:00+00:00,25.5,65.8663,0.2,29.7,0.087
2023-06-12 09:00:00+00:00,26.0,63.543476,0.0,31.45,0.087
2023-06-12 10:00:00+00:00,26.2,58.786015,0.0,32.8,0.086
2023-06-12 11:00:00+00:00,26.1,58.948227,0.0,33.6,0.085
2023-06-12 12:00:00+00:00,28.0,51.8986,0.0,34.1,0.088
2023-06-12 13:00:00+00:00,27.85,53.02074,0.1,34.15,0.088
2023-06-12 14:00:00+00:00,27.2,57.37822,0.2,33.55,0.09
2023-06-12 15:00:00+00:00,26.25,63.004158,0.2,32.3,0.092
2023-06-12 16:00:00+00:00,25.15,69.81781,0.3,30.75,0.095
2023-06-12 17:00:00+00:00,24.6,76.29126,0.0,29.05,0.095
2023-06-12 18:00:00+00:00,24.0,77.389145,0.5,27.5,0.1
2023-06-12 19:00:00+00:00,24.15,82.08556,0.0,26.55,0.1
2023-06-12 20:00:00+00:00,23.7,84.59563,0.0,25.75,0.1
2023-06-12 21:00:00+00:00,23.3,84.2926,0.0,25.15,0.1
2023-06-12 22:00:00+00:00,21.4,86.481155,0.6,24.5,0.107
2023-06-12 23:00:00+00:00,21.45,90.61324,0.1,23.9,0.108
2023-06-13 00:00:00+00:00,21.3,91.16683,0.0,25.0,0.09
2023-06-13 01:00:00+00:00,21.1,94.60639,0.0,24.15,0.09
2023-06-13 02:00:00+00:00,21.0,92.00073,0.0,23.55,0.09
2023-06-13 03:00:00+00:00,20.15,92.52709,0.0,22.95,0.09
2023-06-13 04:00:00+00:00,20.7,88.605194,1.5,22.95,0.108
2023-06-13 05:00:00+00:00,21.45,85.680565,0.1,23.2,0.109
2023-06-13 06:00:00+00:00,22.95,78.201904,0.0,24.65,0.109
2023-06-13 07:00:00+00:00,23.9,72.474686,0.1,26.35,0.109
2023-06-13 08:00:00+00:00,24.85,69.97895,0.1,28.4,0.11
2023-06-13 09:00:00+00:00,25.1,69.5912,0.1,30.05,0.109
2023-06-13 10:00:00+00:00,25.2,69.610245,0.0,31.3,0.108
2023-06-13 11:00:00+00:00,25.7,67.152855,0.1,32.05,0.107
2023-06-13 12:00:00+00:00,22.8,80.15545,0.1,32.3,0.114
2023-06-13 13:00:00+00:00,23.35,77.05103,0.0,30.55,0.114
2023-06-13 14:00:00+00:00,24.25,74.13542,0.0,30.45,0.113
2023-06-13 15:00:00+00:00,24.95,71.76237,0.0,30.25,0.112
2023-06-13 16:00:00+00:00,23.05,80.43859,1.9,28.55,0.134
2023-06-13 17:00:00+00:00,22.7,84.48843,0.0,26.7,0.134
2023-06-13 18:00:00+00:00,21.4,91.17321,0.2,25.35,0.136
2023-06-13 19:00:00+00:00,21.85,86.523994,0.1,24.5,0.137
2023-06-13 20:00:00+00:00,21.45,91.17641,0.1,23.85,0.138
2023-06-13 21:00:00+00:00,21.25,92.30075,0.0,23.35,0.138
2023-06-13 22:00:00+00:00,21.0,93.72812,0.0,22.9,0.138
2023-06-13 23:00:00+00:00,20.95,94.30809,0.0,22.65,0.138
2023-06-14 00:00:00+00:00,21.6,91.4684,0.0,23.45,0.15
2023-06-14 01:00:00+00:00,20.8,94.00994,0.0,22.95,0.15
2023-06-14 02:00:00+00:00,21.1,94.60639,0.1,22.7,0.15
2023-06-14 03:00:00+00:00,21.4,92.59507,0.0,22.55,0.151
2023-06-14 04:00:00+00:00,21.65,92.0385,0.0,22.9,0.151
2023-06-14 05:00:00+00:00,22.85,87.42307,0.0,24.05,0.15
2023-06-14 06:00:00+00:00,24.45,77.217415,0.0,25.9,0.149
2023-06-14 07:00:00+00:00,25.45,74.106575,0.1,27.8,0.149
2023-06-14 08:00:00+00:00,25.8,72.35967,0.1,29.3,0.148
2023-06-14 09:00:00+00:00,26.2,70.666885,0.1,30.6,0.146
2023-06-14 10:00:00+00:00,26.3,68.960884,0.0,31.7,0.143
2023-06-14 11:00:00+00:00,26.7,67.771164,0.1,32.45,0.141
2023-06-14 12:00:00+00:00,26.75,68.62296,0.0,32.55,0.14
2023-06-14 13:00:00+00:00,26.9,66.97847,0.0,32.65,0.138
2023-06-14 14:00:00+00:00,26.35,70.912636,0.1,32.15,0.137
2023-06-14 15:00:00+00:00,25.65,75.05802,0.0,31.15,0.137
2023-06-14 16:00:00+00:00,23.4,84.04402,0.1,29.85,0.137
2023-06-14 17:00:00+00:00,21.2,89.75583,2.5,27.4,0.168
2023-06-14 18:00:00+00:00,21.7,87.32042,0.0,25.55,0.169
2023-06-14 19:00:00+00:00,21.65,87.04488,0.1,24.5,0.169
2023-06-14 20:00:00+00:00,20.75,92.84783,0.0,23.8,0.169
2023-06-14 21:00:00+00:00,20.75,94.59245,0.0,23.2,0.169
2023-06-14 22:00:00+00:00,20.9,94.89165,0.0,22.85,0.169
2023-06-14 23:00:00+00:00,20.5,94.58245,0.0,22.5,0.169
2023-06-15 00:00:00+00:00,21.35,91.73664,0.0,23.7,0.179
2023-06-15 01:00:00+00:00,20.95,94.01655,0.0,23.2,0.179
2023-06-15 02:00:00+00:00,20.9,94.89165,0.0,22.85,0.179
2023-06-15 03:00:00+00:00,22.1,91.21779,0.0,22.75,0.179
2023-06-15 04:00:00+00:00,23.65,84.590294,0.0,23.45,0.179
2023-06-15 05:00:00+00:00,24.85,75.86025,0.0,24.7,0.178
2023-06-15 06:00:00+00:00,25.4,73.64229,0.0,26.1,0.177
2023-06-15 07:00:00+00:00,25.8,73.03209,0.1,27.55,0.176
2023-06-15 08:00:00+00:00,26.3,71.122284,0.1,29.05,0.173
2023-06-15 09:00:00+00:00,26.45,72.02992,0.0,30.4,0.17
2023-06-15 10:00:00+00:00,26.4,72.46495,0.0,31.25,0.167
2023-06-15 11:00:00+00:00,26.7,70.10905,0.0,31.8,0.163
2023-06-15 12:00:00+00:00,27.75,65.51762,0.0,32.3,0.162
2023-06-15 13:00:00+00:00,27.65,66.71769,0.0,32.35,0.159
2023-06-15 14:00:00+00:00,26.9,70.79547,0.0,31.95,0.157
2023-06-15 15:00:00+00:00,25.95,74.189865,0.0,31.0,0.155
2023-06-15 16:00:00+00:00,25.3,76.39984,0.0,29.75,0.154
2023-06-15 17:00:00+00:00,24.65,78.93215,0.0,28.3,0.154
2023-06-15 18:00:00+00:00,24.25,80.101654,0.0,27.15,0.153
2023-06-15 19:00:00+00:00,23.85,84.61162,0.0,26.25,0.153
2023-06-15 20:00:00+00:00,23.75,85.90924,0.0,25.55,0.153
2023-06-15 21:00:00+00:00,23.75,85.3838,0.0,25.05,0.153
2023-06-15 22:00:00+00:00,23.6,84.84544,0.0,24.65,0.153
2023-06-15 23:00:00+00:00,23.25,86.65602,0.0,24.3,0.153
2023-06-16 00:00:00+00:00,23.3,85.864944,0.0,25.35,0.152
2023-06-16 01:00:00+00:00,23.2,86.11975,0.0,24.75,0.152
2023-06-16 02:00:00+00:00,23.05,86.6373,0.0,24.3,0.152
2023-06-16 03:00:00+00:00,23.35,84.55822,0.0,24.1,0.152
2023-06-16 04:00:00+00:00,24.1,79.58879,0.0,24.5,0.151
2023-06-16 05:00:00+00:00,24.8,75.15216,0.0,25.45,0.15
2023-06-16 06:00:00+00:00,25.3,73.625336,0.1,26.75,0.15
2023-06-16 07:00:00+00:00,25.75,71.462555,0.2,28.1,0.15
2023-06-16 08:00:00+00:00,26.1,70.866844,0.1,29.35,0.149
2023-06-16 09:00:00+00:00,26.5,68.7866,0.1,30.5,0.147
2023-06-16 10:00:00+00:00,26.95,66.370346,0.0,31.55,0.144
2023-06-16 11:00:00+00:00,26.95,68.03,0.0,32.4,0.141
2023-06-16 12:00:00+00:00,27.05,66.80213,0.0,32.8,0.139
2023-06-16 13:00:00+00:00,26.85,69.49299,0.0,32.7,0.137
2023-06-16 14:00:00+00:00,26.3,73.568245,0.0,32.05,0.135
2023-06-16 15:00:00+00:00,25.95,75.80042,0.0,31.2,0.134
2023-06-16 16:00:00+00:00,25.4,78.07478,0.0,30.0,0.133
2023-06-16 17:00:00+00:00,24.75,83.42427,0.0,28.65,0.133
2023-06-16 18:00:00+00:00,24.4,87.02788,0.0,27.5,0.133
2023-06-16 19:00:00+00:00,24.2,89.15643,0.0,26.65,0.132
2023-06-16 20:00:00+00:00,23.9,90.50133,0.0,26.0,0.132
2023-06-16 21:00:00+00:00,23.55,92.14731,0.0,25.45,0.132
2023-06-16 22:00:00+00:00,23.5,91.86419,0.0,25.0,0.132
2023-06-16 23:00:00+00:00,23.3,92.414505,0.0,24.6,0.133
2023-06-17 00:00:00+00:00,23.05,88.79462,0.0,25.3,0.132
2023-06-17 01:00:00+00:00,23.1,89.071434,0.0,24.75,0.132
2023-06-17 02:00:00+00:00,22.65,90.97294,0.0,24.2,0.132
2023-06-17 03:00:00+00:00,22.95,89.88358,0.0,23.9,0.132
2023-06-17 04:00:00+00:00,24.0,82.06723,0.0,24.45,0.132
2023-06-17 05:00:00+00:00,24.8,76.5583,0.0,25.7,0.131
2023-06-17 06:00:00+00:00,25.55,70.11057,0.0,27.35,0.13
2023-06-17 07:00:00+00:00,26.1,68.49663,0.0,29.2,0.128
2023-06-17 08:00:00+00:00,26.45,68.142044,0.0,30.95,0.126
2023-06-17 09:00:00+00:00,26.8,64.114265,0.0,32.4,0.123
2023-06-17 10:00:00+00:00,27.45,60.196445,0.0,33.75,0.12
2023-06-17 11:00:00+00:00,27.55,59.65886,0.0,34.6,0.118
2023-06-17 12:00:00+00:00,27.5,57.450165,0.0,35.0,0.118
2023-06-17 13:00:00+00:00,27.2,59.206062,0.0,34.8,0.116
2023-06-17 14:00:00+00:00,26.7,62.906254,0.0,34.05,0.115
2023-06-17 15:00:00+00:00,25.95,68.68009,0.0,32.9,0.114
2023-06-17 16:00:00+00:00,25.2,72.92834,0.0,31.25,0.113
2023-06-17 17:00:00+00:00,24.45,77.456406,0.0,29.5,0.113
2023-06-17 18:00:00+00:00,24.4,76.49662,0.0,28.1,0.112
2023-06-17 19:00:00+00:00,24.3,82.356346,0.0,27.15,0.112
2023-06-17 20:00:00+00:00,24.1,79.58879,0.0,26.4,0.112
2023-06-17 21:00:00+00:00,23.85,83.83554,0.0,25.85,0.112
2023-06-17 22:00:00+00:00,23.95,81.80878,0.1,25.45,0.113
2023-06-17 23:00:00+00:00,23.8,78.812195,0.1,25.1,0.113
2023-06-18 00:00:00+00:00,24.35,76.016426,0.2,26.8,0.114
2023-06-18 01:00:00+00:00,24.3,75.304504,0.1,26.2,0.114
2023-06-18 02:00:00+00:00,24.1,76.450165,0.1,25.7,0.115
2023-06-18 03:00:00+00:00,24.0,78.11187,0.0,25.35,0.115
2023-06-18 04:00:00+00:00,24.5,75.10355,0.0,25.45,0.115
2023-06-18 05:00:00+00:00,25.4,70.51898,0.0,26.15,0.114
2023-06-18 06:00:00+00:00,26.0,67.63223,0.0,27.35,0.113
2023-06-18 07:00:00+00:00,26.4,67.50233,0.0,28.85,0.112
2023-06-18 08:00:00+00:00,26.9,64.73577,0.0,30.35,0.111
2023-06-18 09:00:00+00:00,27.2,62.625324,0.0,31.7,0.109
2023-06-18 10:00:00+00:00,27.4,61.320644,0.0,32.6,0.107
2023-06-18 11:00:00+00:00,26.6,66.2988,0.0,32.8,0.106
2023-06-18 12:00:00+00:00,26.65,65.695076,0.0,33.25,0.107
2023-06-18 13:00:00+00:00,26.6,64.07139,0.0,33.05,0.106
2023-06-18 14:00:00+00:00,26.05,65.36623,0.0,32.4,0.105
2023-06-18 15:00:00+00:00,25.75,63.092033,0.0,31.5,0.104
2023-06-18 16:00:00+00:00,25.15,66.83231,0.0,30.25,0.103
2023-06-18 17:00:00+00:00,24.5,72.80659,0.0,28.85,0.103
2023-06-18 18:00:00+00:00,24.2,76.46565,0.0,27.7,0.103
2023-06-18 19:00:00+00:00,23.95,78.104576,0.0,26.8,0.103
2023-06-18 20:00:00+00:00,23.8,78.325226,0.0,26.15,0.103
2023-06-18 21:00:00+00:00,23.45,78.518196,0.0,25.55,0.103
2023-06-18 22:00:00+00:00,23.35,78.74828,0.1,25.05,0.104
2023-06-18 23:00:00+00:00,23.25,79.47187,0.0,24.65,0.104
2023-06-19 00:00:00+00:00,21.4,88.38687,0.0,25.5,0.103
2023-06-19 01:00:00+00:00,21.95,87.342834,0.0,24.25,0.103
2023-06-19 02:00:00+00:00,22.55,86.85827,0.0,23.65,0.103
2023-06-19 03:00:00+00:00,23.1,83.23536,0.0,23.4,0.103
2023-06-19 04:00:00+00:00,24.0,73.632866,0.0,23.7,0.104
2023-06-19 05:00:00+00:00,24.8,70.84764,0.0,24.35,0.104
2023-06-19 06:00:00+00:00,24.75,64.480255,0.0,25.75,0.103
2023-06-19 07:00:00+00:00,25.0,68.709206,0.2,26.65,0.105
2023-06-19 08:00:00+00:00,26.05,62.76333,0.3,28.55,0.107
2023-06-19 09:00:00+00:00,26.4,58.463497,0.1,29.8,0.107
2023-06-19 10:00:00+00:00,26.55,57.948627,0.0,30.85,0.106
2023-06-19 11:00:00+00:00,26.7,57.077652,0.1,31.7,0.105
2023-06-19 12:00:00+00:00,26.95,59.147648,0.2,32.6,0.107
2023-06-19 13:00:00+00:00,26.45,61.876335,0.1,32.5,0.106
2023-06-19 14:00:00+00:00,26.5,59.789505,0.2,31.85,0.108
2023-06-19 15:00:00+00:00,26.1,59.885025,0.1,30.9,0.109
2023-06-19 16:00:00+00:00,25.4,66.67448,0.1,29.7,0.109
2023-06-19 17:00:00+00:00,24.6,72.82403,0.0,28.4,0.109
2023-06-19 18:00:00+00:00,23.55,79.76011,0.4,27.2,0.113
2023-06-19 19:00:00+00:00,23.8,80.28911,0.2,26.15,0.115
2023-06-19 20:00:00+00:00,23.45,82.50809,0.0,25.35,0.115
2023-06-19 21:00:00+00:00,23.25,84.02745,0.0,24.7,0.115
2023-06-19 22:00:00+00:00,23.0,84.5207,0.0,24.2,0.115
2023-06-19 23:00:00+00:00,22.9,84.24901,0.0,23.85,0.115
2023-06-20 00:00:00+00:00,23.25,81.469086,0.0,25.35,0.105
2023-06-20 01:00:00+00:00,23.0,83.99982,0.0,24.85,0.105
2023-06-20 02:00:00+00:00,22.9,84.24901,0.0,24.45,0.105
2023-06-20 03:00:00+00:00,23.35,80.7281,0.0,24.3,0.105
2023-06-20 04:00:00+00:00,24.4,73.47205,0.0,24.7,0.105
2023-06-20 05:00:00+00:00,25.2,68.74809,0.0,25.75,0.105
2023-06-20 06:00:00+00:00,25.75,66.330795,0.0,27.15,0.104
2023-06-20 07:00:00+00:00,25.8,69.29307,0.1,28.6,0.104
2023-06-20 08:00:00+00:00,26.05,70.42138,0.1,29.95,0.104
2023-06-20 09:00:00+00:00,26.4,69.193535,0.1,31.1,0.103
2023-06-20 10:00:00+00:00,26.8,68.63265,0.0,32.1,0.102
2023-06-20 11:00:00+00:00,27.15,68.279076,0.0,32.8,0.101
2023-06-20 12:00:00+00:00,27.4,68.11827,0.0,33.5,0.101
2023-06-20 13:00:00+00:00,27.5,66.48238,0.0,33.6,0.1
2023-06-20 14:00:00+00:00,26.75,69.04735,0.0,33.1,0.099
2023-06-20 15:00:00+00:00,26.15,70.65767,0.0,32.1,0.098
2023-06-20 16:00:00+00:00,25.45,75.02564,0.0,30.85,0.098
2023-06-20 17:00:00+00:00,24.85,77.277504,0.0,29.35,0.098
2023-06-20 18:00:00+00:00,24.4,80.86456,0.0,28.05,0.098
2023-06-20 19:00:00+00:00,24.15,82.591675,0.0,27.05,0.098
2023-06-20 20:00:00+00:00,23.9,83.58389,0.0,26.2,0.098
2023-06-20 21:00:00+00:00,23.65,84.590294,0.0,25.55,0.097
2023-06-20 22:00:00+00:00,23.4,85.61115,0.0,25.0,0.097
2023-06-20 23:00:00+00:00,23.05,87.71013,0.0,24.4,0.097
2023-06-21 00:00:00+00:00,23.0,85.04438,0.0,25.45,0.096
2023-06-21 01:00:00+00:00,22.95,85.30218,0.0,24.8,0.096
2023-06-21 02:00:00+00:00,22.7,86.604385,0.0,24.15,0.096
2023-06-21 03:00:00+00:00,22.65,89.861855,0.0,23.75,0.096
2023-06-21 04:00:00+00:00,23.95,80.55728,0.0,24.45,0.096
2023-06-21 05:00:00+00:00,24.85,74.235695,0.0,25.9,0.096
2023-06-21 06:00:00+00:00,25.8,67.17302,0.0,27.85,0.095
2023-06-21 07:00:00+00:00,26.65,62.30918,0.0,29.8,0.094
2023-06-21 08:00:00+00:00,27.1,62.408813,0.0,31.75,0.093
2023-06-21 09:00:00+00:00,27.15,64.3884,0.0,33.3,0.092
2023-06-21 10:00:00+00:00,27.4,60.750484,0.0,34.5,0.09
2023-06-21 11:00:00+00:00,27.85,58.622036,0.0,35.35,0.089
2023-06-21 12:00:00+00:00,28.15,67.02345,0.0,35.8,0.091
2023-06-21 13:00:00+00:00,27.8,68.40561,0.0,35.5,0.09
2023-06-21 14:00:00+00:00,27.8,67.36543,0.0,34.95,0.089
2023-06-21 15:00:00+00:00,27.05,71.040306,0.0,33.9,0.089
2023-06-21 16:00:00+00:00,26.1,76.75727,0.0,32.4,0.088
2023-06-21 17:00:00+00:00,25.45,81.49505,0.0,30.7,0.088
2023-06-21 18:00:00+00:00,24.85,87.06863,0.0,29.25,0.088
2023-06-21 19:00:00+00:00,24.45,89.991196,0.0,28.05,0.088
2023-06-21 20:00:00+00:00,24.2,92.184,0.0,27.1,0.088
2023-06-21 21:00:00+00:00,24.1,92.17836,0.0,26.35,0.088
2023-06-21 22:00:00+00:00,23.75,93.28516,0.0,25.75,0.088
2023-06-21 23:00:00+00:00,23.65,92.715126,0.0,25.25,0.088
2023-06-22 00:00:00+00:00,23.25,91.56951,0.0,25.35,0.088
2023-06-22 01:00:00+00:00,23.3,90.46044,0.0,24.8,0.088
2023-06-22 02:00:00+00:00,23.55,88.29243,0.0,24.2,0.088
2023-06-22 03:00:00+00:00,22.8,92.67011,0.0,23.85,0.088
2023-06-22 04:00:00+00:00,23.85,88.04789,0.0,24.6,0.088
2023-06-22 05:00:00+00:00,25.95,60.609493,0.0,26.25,0.087
2023-06-22 06:00:00+00:00,27.9,43.08449,0.0,28.55,0.087
2023-06-22 07:00:00+00:00,29.25,38.690582,0.0,31.05,0.086
2023-06-22 08:00:00+00:00,30.2,36.750343,0.0,33.75,0.085
2023-06-22 09:00:00+00:00,29.65,53.640915,0.0,35.6,0.083
2023-06-22 10:00:00+00:00,29.25,50.76384,0.0,36.5,0.083
2023-06-22 11:00:00+00:00,29.3,51.25736,0.0,37.05,0.082
2023-06-22 12:00:00+00:00,28.6,51.400322,0.0,36.95,0.082
2023-06-22 13:00:00+00:00,29.7,46.881363,0.0,36.6,0.081
2023-06-22 14:00:00+00:00,29.05,49.91946,0.0,35.95,0.081
2023-06-22 15:00:00+00:00,28.9,47.41552,0.0,34.9,0.08
2023-06-22 16:00:00+00:00,27.85,55.934902,0.0,33.5,0.08
2023-06-22 17:00:00+00:00,26.8,64.114265,0.0,31.8,0.08
2023-06-22 18:00:00+00:00,26.3,62.03685,0.0,30.25,0.08
2023-06-22 19:00:00+00:00,25.75,61.525345,0.0,29.0,0.08
2023-06-22 20:00:00+00:00,26.85,40.74487,0.0,28.05,0.08
2023-06-22 21:00:00+00:00,27.5,32.67783,0.0,27.6,0.08
2023-06-22 22:00:00+00:00,26.8,33.933956,0.0,27.2,0.079
2023-06-22 23:00:00+00:00,25.7,36.82418,0.0,26.65,0.079
2023-06-23 00:00:00+00:00,25.9,35.785393,0.0,26.45,0.08
2023-06-23 01:00:00+00:00,25.05,38.275166,0.0,26.05,0.08
2023-06-23 02:00:00+00:00,24.2,40.677006,0.0,25.55,0.08
2023-06-23 03:00:00+00:00,23.9,41.694313,0.0,25.15,0.08
2023-06-23 04:00:00+00:00,25.75,36.469963,0.0,25.55,0.079
2023-06-23 05:00:00+00:00,27.8,32.325775,0.0,26.8,0.079
2023-06-23 06:00:00+00:00,29.5,28.03707,0.0,28.65,0.079
2023-06-23 07:00:00+00:00,31.1,24.563732,0.0,30.7,0.079
2023-06-23 08:00:00+00:00,32.65,22.574131,0.0,32.95,0.078
2023-06-23 09:00:00+00:00,33.25,22.958012,0.0,35.3,0.078
2023-06-23 10:00:00+00:00,32.6,25.548304,0.0,37.9,0.077
2023-06-23 11:00:00+00:00,31.65,37.033047,0.0,39.5,0.076
2023-06-23 12:00:00+00:00,30.9,46.465633,0.0,39.9,0.077
2023-06-23 13:00:00+00:00,29.6,49.592773,0.0,39.25,0.076
2023-06-23 14:00:00+00:00,29.0,52.97823,0.0,38.1,0.076
2023-06-23 15:00:00+00:00,28.45,51.524075,0.0,36.65,0.076
2023-06-23 16:00:00+00:00,27.75,56.794178,0.0,34.85,0.076
2023-06-23 17:00:00+00:00,26.5,67.31352,0.0,32.8,0.076
2023-06-23 18:00:00+00:00,26.4,65.23618,0.0,31.15,0.076
2023-06-23 19:00:00+00:00,26.45,62.26475,0.0,29.85,0.076
2023-06-23 20:00:00+00:00,26.4,54.703415,0.0,28.8,0.076
2023-06-23 21:00:00+00:00,27.5,35.877113,0.0,28.1,0.076
2023-06-23 22:00:00+00:00,28.1,28.418339,0.0,27.8,0.076
2023-06-23 23:00:00+00:00,27.6,29.26001,0.0,27.55,0.076
2023-06-24 00:00:00+00:00,25.65,37.808407,0.0,27.7,0.075
2023-06-24 01:00:00+00:00,25.2,37.68135,0.0,26.9,0.075
2023-06-24 02:00:00+00:00,25.15,35.573383,0.0,26.35,0.075
2023-06-24 03:00:00+00:00,24.85,36.215393,0.0,25.95,0.075
2023-06-24 04:00:00+00:00,26.05,34.761257,0.0,26.35,0.075
2023-06-24 05:00:00+00:00,28.0,31.104065,0.0,27.85,0.075
2023-06-24 06:00:00+00:00,30.45,26.90728,0.0,30.1,0.074
2023-06-24 07:00:00+00:00,32.3,23.102451,0.0,32.9,0.074
2023-06-24 08:00:00+00:00,32.8,22.308578,0.0,36.0,0.074
2023-06-24 09:00:00+00:00,31.95,35.82781,0.0,38.2,0.074
2023-06-24 10:00:00+00:00,31.4,42.66997,0.0,39.4,0.074
2023-06-24 11:00:00+00:00,31.2,38.855526,0.0,40.0,0.074
2023-06-24 12:00:00+00:00,30.25,41.419453,0.0,40.2,0.078
2023-06-24 13:00:00+00:00,30.4,39.135273,0.0,39.6,0.077
2023-06-24 14:00:00+00:00,30.5,40.310764,0.0,38.7,0.077
2023-06-24 15:00:00+00:00,29.3,48.585907,0.0,37.35,0.077
2023-06-24 16:00:00+00:00,27.9,55.249203,0.0,35.55,0.077
2023-06-24 17:00:00+00:00,27.0,62.386707,0.0,33.5,0.077
2023-06-24 18:00:00+00:00,26.3,67.6919,0.0,31.65,0.077
2023-06-24 19:00:00+00:00,25.4,76.88624,0.0,30.2,0.077
2023-06-24 20:00:00+00:00,25.05,80.208374,0.0,29.0,0.077
2023-06-24 21:00:00+00:00,25.05,76.83304,0.0,28.05,0.077
2023-06-24 22:00:00+00:00,25.0,76.825386,0.0,27.3,0.077
2023-06-24 23:00:00+00:00,24.25,82.857445,0.0,26.5,0.077
2023-06-25 00:00:00+00:00,24.25,81.34416,0.0,25.8,0.078
2023-06-25 01:00:00+00:00,24.2,81.8397,0.0,25.4,0.078
2023-06-25 02:00:00+00:00,23.95,83.33307,0.0,25.0,0.078
2023-06-25 03:00:00+00:00,24.1,82.83986,0.0,24.75,0.078
2023-06-25 04:00:00+00:00,25.55,75.041855,0.0,25.55,0.078
2023-06-25 05:00:00+00:00,26.8,64.114265,0.0,27.15,0.078
2023-06-25 06:00:00+00:00,27.55,61.736897,0.0,29.2,0.077
2023-06-25 07:00:00+00:00,28.1,60.532776,0.0,31.4,0.077
2023-06-25 08:00:00+00:00,28.7,57.557262,0.0,33.55,0.077
2023-06-25 09:00:00+00:00,29.2,55.914783,0.0,35.4,0.077
2023-06-25 10:00:00+00:00,29.35,57.89036,0.0,36.8,0.076
2023-06-25 11:00:00+00:00,29.3,57.878544,0.0,37.65,0.076
2023-06-25 12:00:00+00:00,28.5,58.410603,0.0,37.8,0.081
2023-06-25 13:00:00+00:00,28.4,59.855,0.0,37.5,0.08
2023-06-25 14:00:00+00:00,28.05,61.84839,0.0,36.7,0.08
2023-06-25 15:00:00+00:00,27.55,65.881065,0.0,35.45,0.08
2023-06-25 16:00:00+00:00,26.65,75.44887,0.0,33.75,0.079
2023-06-25 17:00:00+00:00,25.95,81.5574,0.0,31.95,0.079
2023-06-25 18:00:00+00:00,25.45,84.78065,0.0,30.4,0.079
2023-06-25 19:00:00+00:00,25.25,84.24611,0.0,29.2,0.079
2023-06-25 20:00:00+00:00,25.25,81.22168,0.0,28.25,0.079
2023-06-25 21:00:00+00:00,25.2,81.71287,0.0,27.55,0.079
2023-06-25 22:00:00+00:00,25.05,83.71301,0.0,27.0,0.079
2023-06-25 23:00:00+00:00,24.8,87.06412,0.0,26.55,0.079
2023-06-26 00:00:00+00:00,24.35,87.02329,0.0,27.0,0.08
2023-06-26 01:00:00+00:00,24.6,85.46984,0.0,26.5,0.08
2023-06-26 02:00:00+00:00,24.45,85.7159,0.0,26.05,0.08
2023-06-26 03:00:00+00:00,24.65,84.43839,0.0,25.8,0.08
2023-06-26 04:00:00+00:00,25.15,80.961174,0.0,26.35,0.08
2023-06-26 05:00:00+00:00,25.95,75.106476,0.0,27.5,0.08
2023-06-26 06:00:00+00:00,26.75,69.47403,0.0,29.05,0.079
2023-06-26 07:00:00+00:00,27.35,65.83981,0.0,30.85,0.079
2023-06-26 08:00:00+00:00,28.15,61.109573,0.0,32.65,0.079
2023-06-26 09:00:00+00:00,28.7,60.482025,0.0,34.1,0.078
2023-06-26 10:00:00+00:00,28.45,60.8001,0.0,34.9,0.078
2023-06-26 11:00:00+00:00,28.6,61.02218,0.0,35.7,0.078
2023-06-26 12:00:00+00:00,27.65,64.097404,0.0,35.8,0.081
2023-06-26 13:00:00+00:00,27.75,63.921043,0.0,35.7,0.08
2023-06-26 14:00:00+00:00,27.4,66.05357,0.0,35.15,0.08
2023-06-26 15:00:00+00:00,26.95,68.6617,0.0,34.1,0.08
2023-06-26 16:00:00+00:00,26.0,77.2127,0.0,32.6,0.08
2023-06-26 17:00:00+00:00,25.2,83.475266,0.0,30.9,0.08
2023-06-26 18:00:00+00:00,25.25,80.726974,0.0,29.55,0.08
2023-06-26 19:00:00+00:00,25.1,81.95037,0.0,28.55,0.08
2023-06-26 20:00:00+00:00,25.0,83.198524,0.0,27.75,0.08
2023-06-26 21:00:00+00:00,25.05,82.950935,0.0,27.2,0.08
2023-06-26 22:00:00+00:00,25.0,82.94508,0.0,26.75,0.08
2023-06-26 23:00:00+00:00,25.05,82.19493,0.0,26.45,0.08
2023-06-27 00:00:00+00:00,24.6,81.38837,0.0,27.2,0.078
2023-06-27 01:00:00+00:00,24.4,80.12174,0.0,26.6,0.078
2023-06-27 02:00:00+00:00,24.1,79.834816,0.0,26.05,0.078
2023-06-27 03:00:00+00:00,24.35,78.16274,0.0,25.75,0.078
2023-06-27 04:00:00+00:00,25.1,73.59135,0.0,26.25,0.078
2023-06-27 05:00:00+00:00,25.85,68.87408,0.0,27.45,0.078
2023-06-27 06:00:00+00:00,26.55,65.06507,0.0,29.05,0.077
2023-06-27 07:00:00+00:00,27.5,58.906845,0.0,31.0,0.077
2023-06-27 08:00:00+00:00,28.05,57.04463,0.0,33.0,0.077
2023-06-27 09:00:00+00:00,28.0,58.65727,0.0,34.6,0.077
2023-06-27 10:00:00+00:00,28.15,56.3597,0.0,35.8,0.076
2023-06-27 11:00:00+00:00,27.9,59.554173,0.0,36.5,0.076
2023-06-27 12:00:00+00:00,27.2,67.03878,0.0,33.3,0.142
2023-06-27 13:00:00+00:00,26.75,68.62296,0.0,33.05,0.141
2023-06-27 14:00:00+00:00,26.4,69.193535,0.0,32.45,0.14
2023-06-27 15:00:00+00:00,26.05,72.62685,0.0,31.5,0.14
2023-06-27 16:00:00+00:00,25.6,76.681046,0.0,30.4,0.14
2023-06-27 17:00:00+00:00,25.1,80.95476,0.0,29.2,0.14
2023-06-27 18:00:00+00:00,24.95,83.44695,0.0,28.2,0.14
2023-06-27 19:00:00+00:00,24.8,85.49,0.0,27.45,0.14
2023-06-27 20:00:00+00:00,24.7,86.5272,0.0,26.85,0.14
2023-06-27 21:00:00+00:00,24.5,88.370674,0.0,26.4,0.14
2023-06-27 22:00:00+00:00,24.25,90.2506,0.0,26.0,0.14
2023-06-27 23:00:00+00:00,24.1,91.34329,0.0,25.65,0.14
2023-06-28 00:00:00+00:00,24.3,85.701035,0.0,27.0,0.138
2023-06-28 01:00:00+00:00,24.0,87.52454,0.0,26.3,0.138
2023-06-28 02:00:00+00:00,23.95,89.68201,0.0,25.9,0.138
2023-06-28 03:00:00+00:00,24.15,89.15263,0.0,25.5,0.138
2023-06-28 04:00:00+00:00,24.95,84.213585,0.0,25.95,0.138
2023-06-28 05:00:00+00:00,25.75,78.84486,0.1,26.85,0.138
2023-06-28 06:00:00+00:00,26.5,73.82778,0.1,28.0,0.138
2023-06-28 07:00:00+00:00,26.85,73.436386,0.1,29.05,0.138
2023-06-28 08:00:00+00:00,27.0,73.9115,0.0,30.25,0.138
2023-06-28 09:00:00+00:00,27.25,71.73159,0.0,31.4,0.137
2023-06-28 10:00:00+00:00,27.35,72.630486,0.0,32.3,0.137
2023-06-28 11:00:00+00:00,27.45,72.64783,0.0,33.0,0.136
2023-06-28 12:00:00+00:00,26.95,71.24016,0.0,33.35,0.146
2023-06-28 13:00:00+00:00,26.8,70.77715,0.0,33.15,0.146
2023-06-28 14:00:00+00:00,26.5,72.92847,0.0,32.65,0.145
2023-06-28 15:00:00+00:00,26.1,74.21477,0.0,31.75,0.145
2023-06-28 16:00:00+00:00,25.55,78.09655,0.0,30.6,0.144
2023-06-28 17:00:00+00:00,25.1,80.95476,0.0,29.3,0.144
2023-06-28 18:00:00+00:00,25.05,82.69825,0.0,28.3,0.144
2023-06-28 19:00:00+00:00,24.95,84.72811,0.0,27.5,0.144
2023-06-28 20:00:00+00:00,24.8,87.86066,0.0,26.95,0.144
2023-06-28 21:00:00+00:00,24.8,88.663574,0.0,26.55,0.144
2023-06-28 22:00:00+00:00,24.85,88.39931,0.0,26.25,0.144
2023-06-28 23:00:00+00:00,24.95,87.87341,0.0,26.0,0.144
2023-06-29 00:00:00+00:00,24.85,88.131775,0.0,27.3,0.14
2023-06-29 01:00:00+00:00,24.85,88.39931,0.0,26.75,0.14
2023-06-29 02:00:00+00:00,24.7,88.65558,0.0,26.3,0.14
2023-06-29 03:00:00+00:00,24.75,88.1234,0.0,26.05,0.14
2023-06-29 04:00:00+00:00,25.4,82.488,0.0,26.3,0.14
2023-06-29 05:00:00+00:00,26.0,78.639854,0.0,27.1,0.14
2023-06-29 06:00:00+00:00,26.55,75.203,0.0,28.2,0.139
2023-06-29 07:00:00+00:00,26.85,72.54353,0.0,29.5,0.139
2023-06-29 08:00:00+00:00,27.25,71.29437,0.0,30.75,0.138
2023-06-29 09:00:00+00:00,27.5,70.68875,0.0,31.85,0.137
2023-06-29 10:00:00+00:00,27.7,69.653534,0.0,32.8,0.137
2023-06-29 11:00:00+00:00,27.85,69.68175,0.1,33.3,0.136
2023-06-29 12:00:00+00:00,27.5,70.68875,0.0,33.3,0.14
2023-06-29 13:00:00+00:00,27.35,72.85221,0.0,33.05,0.14
2023-06-29 14:00:00+00:00,27.15,73.487236,0.0,32.5,0.139
2023-06-29 15:00:00+00:00,26.65,74.98983,0.0,31.7,0.139
2023-06-29 16:00:00+00:00,26.2,76.53837,0.0,30.7,0.139
2023-06-29 17:00:00+00:00,25.65,80.532974,0.0,29.5,0.139
2023-06-29 18:00:00+00:00,25.35,85.545135,0.0,28.55,0.139
2023-06-29 19:00:00+00:00,25.15,88.15676,0.0,27.8,0.139
2023-06-29 20:00:00+00:00,25.05,88.683556,0.0,27.25,0.138
2023-06-29 21:00:00+00:00,25.05,88.683556,0.0,26.8,0.138
2023-06-29 22:00:00+00:00,25.05,88.14846,0.0,26.5,0.138
2023-06-29 23:00:00+00:00,24.95,87.607475,0.0,26.25,0.139
2023-06-30 00:00:00+00:00,25.0,86.03132,0.0,27.3,0.135
2023-06-30 01:00:00+00:00,24.7,85.74068,0.0,26.75,0.135
2023-06-30 02:00:00+00:00,24.45,88.90523,0.0,26.3,0.135
2023-06-30 03:00:00+00:00,24.85,86.01677,0.0,26.05,0.135
2023-06-30 04:00:00+00:00,25.45,80.261406,0.0,26.35,0.135
2023-06-30 05:00:00+00:00,26.15,76.064224,0.0,27.15,0.134
2023-06-30 06:00:00+00:00,26.8,71.43187,0.0,28.4,0.134
2023-06-30 07:00:00+00:00,27.15,70.62453,0.0,29.65,0.134
2023-06-30 08:00:00+00:00,27.35,71.53061,0.1,30.65,0.135
2023-06-30 09:00:00+00:00,27.65,70.50066,0.0,31.65,0.134
2023-06-30 10:00:00+00:00,27.65,71.14911,0.0,32.6,0.134
2023-06-30 11:00:00+00:00,27.8,70.528275,0.0,33.3,0.133
2023-06-30 12:00:00+00:00,27.15,71.05849,0.0,33.3,0.151
2023-06-30 13:00:00+00:00,27.2,71.06755,0.0,33.1,0.15
2023-06-30 14:00:00+00:00,26.9,73.220825,0.0,32.6,0.149
2023-06-30 15:00:00+00:00,26.45,74.27279,0.0,31.75,0.149
2023-06-30 16:00:00+00:00,26.0,76.273926,0.0,30.65,0.148
2023-06-30 17:00:00+00:00,25.55,79.0581,0.0,29.45,0.148
2023-06-30 18:00:00+00:00,25.15,83.215744,0.0,28.4,0.148
2023-06-30 19:00:00+00:00,25.0,84.99157,0.0,27.6,0.148
2023-06-30 20:00:00+00:00,25.0,83.45263,0.0,27.05,0.148
2023-06-30 21:00:00+00:00,25.1,82.956726,0.0,26.65,0.148
2023-06-30 22:00:00+00:00,25.05,83.96838,0.0,26.4,0.148
2023-06-30 23:00:00+00:00,23.7,92.999855,0.0,25.95,0.148
2023-07-01 00:00:00+00:00,23.95,90.229744,0.0,26.7,0.144
2023-07-01 01:00:00+00:00,23.5,93.55698,0.0,26.15,0.144
2023-07-01 02:00:00+00:00,22.9,96.716995,0.0,25.6,0.144
2023-07-01 03:00:00+00:00,23.5,93.84176,0.0,25.3,0.144
2023-07-01 04:00:00+00:00,24.5,86.77229,0.0,25.7,0.144
2023-07-01 05:00:00+00:00,25.65,78.590225,0.0,26.75,0.144
2023-07-01 06:00:00+00:00,26.8,72.313034,0.0,28.3,0.144
2023-07-01 07:00:00+00:00,27.8,67.572334,0.0,30.05,0.143
2023-07-01 08:00:00+00:00,27.9,70.54663,0.0,31.5,0.142
2023-07-01 09:00:00+00:00,27.6,71.57535,0.0,32.6,0.141
2023-07-01 10:00:00+00:00,27.85,67.58221,0.0,33.45,0.14
2023-07-01 11:00:00+00:00,28.05,69.71934,0.0,34.0,0.139
2023-07-01 12:00:00+00:00,27.75,69.45034,0.0,34.1,0.15
2023-07-01 13:00:00+00:00,27.75,70.51904,0.0,33.8,0.149
2023-07-01 14:00:00+00:00,27.25,72.83499,0.0,33.15,0.149
2023-07-01 15:00:00+00:00,26.95,74.582344,0.0,32.25,0.148
2023-07-01 16:00:00+00:00,26.45,76.343475,0.0,31.05,0.148
2023-07-01 17:00:00+00:00,25.8,80.55259,0.0,29.8,0.148
2023-07-01 18:00:00+00:00,25.4,83.75202,0.0,28.7,0.148
2023-07-01 19:00:00+00:00,25.0,87.082184,0.0,27.8,0.148
2023-07-01 20:00:00+00:00,24.7,88.924835,0.0,27.1,0.148
2023-07-01 21:00:00+00:00,24.7,88.11924,0.0,26.6,0.148
2023-07-01 22:00:00+00:00,24.6,89.72955,0.0,26.2,0.148
2023-07-01 23:00:00+00:00,24.35,91.91381,0.0,25.9,0.148
2023-07-02 00:00:00+00:00,24.85,90.56548,0.0,27.1,0.146
2023-07-02 01:00:00+00:00,24.25,93.30945,0.0,26.5,0.146
2023-07-02 02:00:00+00:00,24.25,92.74664,0.0,26.05,0.146
2023-07-02 03:00:00+00:00,24.9,90.29567,0.0,25.8,0.146
2023-07-02 04:00:00+00:00,25.75,83.28433,0.0,26.2,0.146
2023-07-02 05:00:00+00:00,26.35,79.41005,0.0,27.1,0.146
2023-07-02 06:00:00+00:00,26.9,75.94942,0.0,28.35,0.146
2023-07-02 07:00:00+00:00,27.4,72.63916,0.0,29.75,0.145
2023-07-02 08:00:00+00:00,27.85,68.62494,0.0,31.15,0.145
2023-07-02 09:00:00+00:00,28.0,69.49758,0.0,32.35,0.144
2023-07-02 10:00:00+00:00,28.45,70.64743,0.0,33.3,0.143
2023-07-02 11:00:00+00:00,28.75,68.79803,0.0,33.9,0.142
2023-07-02 12:00:00+00:00,28.25,73.67243,0.0,33.9,0.146
2023-07-02 13:00:00+00:00,28.05,75.44198,0.1,33.55,0.147
2023-07-02 14:00:00+00:00,27.25,80.01391,0.1,32.7,0.147
2023-07-02 15:00:00+00:00,26.85,80.20273,0.0,31.85,0.147
2023-07-02 16:00:00+00:00,26.25,80.61114,0.0,30.8,0.147
2023-07-02 17:00:00+00:00,25.7,82.52363,0.0,29.6,0.147
2023-07-02 18:00:00+00:00,25.55,84.27856,0.0,28.65,0.146
2023-07-02 19:00:00+00:00,25.35,85.545135,0.0,27.9,0.146
2023-07-02 20:00:00+00:00,25.2,86.83681,0.0,27.35,0.146
2023-07-02 21:00:00+00:00,25.05,87.881966,0.0,26.9,0.146
2023-07-02 22:00:00+00:00,24.9,88.40343,0.0,26.55,0.146
2023-07-02 23:00:00+00:00,24.8,89.20244,0.0,26.2,0.146
2023-07-03 00:00:00+00:00,24.6,87.311165,0.0,27.65,0.148
2023-07-03 01:00:00+00:00,24.3,89.980515,0.0,27.0,0.148
2023-07-03 02:00:00+00:00,24.2,90.79686,0.0,26.45,0.148
2023-07-03 03:00:00+00:00,24.5,90.54191,0.0,26.05,0.148
2023-07-03 04:00:00+00:00,25.4,80.74644,0.0,26.4,0.147
2023-07-03 05:00:00+00:00,26.05,76.04862,0.1,27.25,0.148
2023-07-03 06:00:00+00:00,26.6,74.07078,0.2,28.2,0.149
2023-07-03 07:00:00+00:00,26.95,73.229355,0.2,29.2,0.15
2023-07-03 08:00:00+00:00,27.15,72.15359,0.0,30.25,0.15
2023-07-03 09:00:00+00:00,27.6,68.99815,0.0,31.55,0.149
2023-07-03 10:00:00+00:00,27.95,67.80935,0.0,32.65,0.147
2023-07-03 11:00:00+00:00,27.95,65.7609,0.0,33.35,0.146
2023-07-03 12:00:00+00:00,27.9,66.35948,0.0,33.65,0.154
2023-07-03 13:00:00+00:00,27.7,65.50724,0.0,33.55,0.153
2023-07-03 14:00:00+00:00,27.3,69.57814,0.0,33.05,0.153
2023-07-03 15:00:00+00:00,26.9,73.66954,0.0,32.2,0.152
2023-07-03 16:00:00+00:00,26.3,77.022316,0.0,31.05,0.152
2023-07-03 17:00:00+00:00,25.85,80.5591,0.0,29.8,0.152
2023-07-03 18:00:00+00:00,25.7,83.278625,0.0,28.8,0.151
2023-07-03 19:00:00+00:00,25.55,85.04846,0.0,28.05,0.151
2023-07-03 20:00:00+00:00,25.5,86.07973,0.0,27.5,0.151
2023-07-03 21:00:00+00:00,25.5,87.390816,0.0,27.1,0.151
2023-07-03 22:00:00+00:00,25.1,90.3094,0.0,26.75,0.151
2023-07-03 23:00:00+00:00,24.55,94.172005,0.0,26.4,0.151
2023-07-04 00:00:00+00:00,25.6,87.9286,0.0,27.85,0.151
2023-07-04 01:00:00+00:00,25.85,84.822495,0.1,27.4,0.152
2023-07-04 02:00:00+00:00,25.9,85.08447,0.0,27.05,0.152
2023-07-04 03:00:00+00:00,25.9,83.8075,0.0,26.8,0.152
2023-07-04 04:00:00+00:00,26.25,80.3669,0.0,26.95,0.151
2023-07-04 05:00:00+00:00,26.8,77.567184,0.0,27.7,0.151
2023-07-04 06:00:00+00:00,27.2,75.53609,0.1,28.65,0.152
2023-07-04 07:00:00+00:00,27.7,74.02806,0.1,29.7,0.152
2023-07-04 08:00:00+00:00,28.2,72.33765,0.0,30.9,0.152
2023-07-04 09:00:00+00:00,28.4,71.50081,0.0,32.2,0.151
2023-07-04 10:00:00+00:00,28.65,68.988304,0.0,33.25,0.149
2023-07-04 11:00:00+00:00,28.8,70.07169,0.0,33.95,0.148
2023-07-04 12:00:00+00:00,28.25,72.565926,0.0,34.4,0.154
2023-07-04 13:00:00+00:00,28.1,74.094345,0.0,34.15,0.153
2023-07-04 14:00:00+00:00,27.45,77.194496,0.0,33.55,0.152
2023-07-04 15:00:00+00:00,27.0,79.25877,0.0,32.65,0.152
2023-07-04 16:00:00+00:00,26.65,81.39797,0.0,31.55,0.151
2023-07-04 17:00:00+00:00,26.25,84.3538,0.0,30.3,0.151
2023-07-04 18:00:00+00:00,26.1,85.10496,0.0,29.25,0.151
2023-07-04 19:00:00+00:00,25.9,86.63929,0.0,28.5,0.151
2023-07-04 20:00:00+00:00,25.55,89.79853,0.0,27.85,0.151
2023-07-04 21:00:00+00:00,25.1,93.07031,0.0,27.3,0.151
2023-07-04 22:00:00+00:00,24.9,93.90408,0.0,26.85,0.151
2023-07-04 23:00:00+00:00,25.1,93.07031,0.0,26.55,0.151
2023-07-05 00:00:00+00:00,25.3,87.37317,0.0,27.7,0.151
2023-07-05 01:00:00+00:00,24.3,93.03021,0.0,27.1,0.151
2023-07-05 02:00:00+00:00,24.4,90.810005,0.0,26.6,0.151
2023-07-05 03:00:00+00:00,24.7,88.65558,0.0,26.2,0.151
2023-07-05 04:00:00+00:00,25.7,81.03159,0.0,26.6,0.151
2023-07-05 05:00:00+00:00,26.3,77.72993,0.0,27.5,0.151
2023-07-05 06:00:00+00:00,26.85,73.436386,0.0,28.75,0.15
2023-07-05 07:00:00+00:00,27.2,72.60444,0.0,30.2,0.15
2023-07-05 08:00:00+00:00,27.6,70.491455,0.0,31.6,0.148
2023-07-05 09:00:00+00:00,27.9,67.3853,0.0,32.8,0.147
2023-07-05 10:00:00+00:00,28.05,68.66355,0.0,33.65,0.146
2023-07-05 11:00:00+00:00,28.2,69.32373,0.0,34.1,0.145
2023-07-05 12:00:00+00:00,28.0,68.44436,0.0,34.4,0.157
2023-07-05 13:00:00+00:00,28.2,69.96015,0.0,34.15,0.156
2023-07-05 14:00:00+00:00,27.8,73.596886,0.0,33.6,0.155
2023-07-05 15:00:00+00:00,27.25,76.23488,0.0,32.65,0.154
2023-07-05 16:00:00+00:00,26.75,76.38969,0.0,31.5,0.154
2023-07-05 17:00:00+00:00,26.35,77.50079,0.0,30.25,0.154
2023-07-05 18:00:00+00:00,26.25,80.3669,0.0,29.25,0.154
2023-07-05 19:00:00+00:00,26.15,83.32986,0.0,28.55,0.154
2023-07-05 20:00:00+00:00,26.0,85.86857,0.0,27.95,0.154
2023-07-05 21:00:00+00:00,25.9,87.42597,0.0,27.5,0.154
2023-07-05 22:00:00+00:00,25.85,87.9497,0.0,27.15,0.154
2023-07-05 23:00:00+00:00,25.75,87.149635,0.0,26.9,0.154
2023-07-06 00:00:00+00:00,26.1,86.65782,0.0,28.15,0.151
2023-07-06 01:00:00+00:00,26.0,86.90991,0.0,27.65,0.151
2023-07-06 02:00:00+00:00,25.7,88.468445,0.0,27.2,0.151
2023-07-06 03:00:00+00:00,25.85,86.89626,0.0,26.9,0.151
2023-07-06 04:00:00+00:00,26.45,81.37291,0.0,27.15,0.151
2023-07-06 05:00:00+00:00,27.0,76.89362,0.0,27.85,0.15
2023-07-06 06:00:00+00:00,27.55,73.33151,0.0,29.0,0.15
2023-07-06 07:00:00+00:00,28.0,70.13631,0.0,30.3,0.149
2023-07-06 08:00:00+00:00,28.35,68.93099,0.1,31.6,0.149
2023-07-06 09:00:00+00:00,28.25,71.90901,0.2,32.35,0.15
2023-07-06 10:00:00+00:00,28.45,70.433266,0.3,32.85,0.151
2023-07-06 11:00:00+00:00,28.6,69.18879,0.0,33.4,0.151
2023-07-06 12:00:00+00:00,28.4,68.52176,0.0,33.75,0.153
2023-07-06 13:00:00+00:00,28.45,68.74048,0.0,33.6,0.152
2023-07-06 14:00:00+00:00,28.05,70.145615,0.0,33.1,0.151
2023-07-06 15:00:00+00:00,27.7,71.37537,0.0,32.35,0.15
2023-07-06 16:00:00+00:00,27.1,74.38003,0.0,31.35,0.15
2023-07-06 17:00:00+00:00,26.6,78.010544,0.0,30.2,0.15
2023-07-06 18:00:00+00:00,26.45,80.637115,0.0,29.3,0.15
2023-07-06 19:00:00+00:00,26.45,81.12699,0.0,28.6,0.15
2023-07-06 20:00:00+00:00,26.45,82.11456,0.0,28.15,0.15
2023-07-06 21:00:00+00:00,26.45,82.36312,0.0,27.8,0.15
2023-07-06 22:00:00+00:00,26.45,82.11456,0.0,27.5,0.15
2023-07-06 23:00:00+00:00,26.05,83.8241,0.0,27.15,0.15
2023-07-07 00:00:00+00:00,26.2,82.084335,0.0,28.45,0.151
2023-07-07 01:00:00+00:00,26.0,82.80973,0.0,27.8,0.151
2023-07-07 02:00:00+00:00,25.95,82.55326,0.0,27.35,0.151
2023-07-07 03:00:00+00:00,26.05,82.56512,0.0,27.05,0.151
2023-07-07 04:00:00+00:00,26.8,76.16529,0.0,27.25,0.15
2023-07-07 05:00:00+00:00,27.3,74.18693,0.0,28.0,0.15
2023-07-07 06:00:00+00:00,27.8,71.82939,0.0,29.05,0.15
2023-07-07 07:00:00+00:00,28.25,69.122246,0.0,30.15,0.15
2023-07-07 08:00:00+00:00,28.65,68.15393,0.1,31.25,0.15
2023-07-07 09:00:00+00:00,28.6,70.88937,0.3,31.9,0.152
2023-07-07 10:00:00+00:00,28.7,71.77104,0.3,32.35,0.153
2023-07-07 11:00:00+00:00,29.0,71.176575,0.2,32.9,0.154
2023-07-07 12:00:00+00:00,28.95,68.41971,0.0,33.25,0.167
2023-07-07 13:00:00+00:00,28.6,70.46084,0.0,33.3,0.166
2023-07-07 14:00:00+00:00,28.45,69.79425,0.0,33.0,0.165
2023-07-07 15:00:00+00:00,28.05,70.57419,0.0,32.25,0.164
2023-07-07 16:00:00+00:00,27.4,74.6558,0.0,31.25,0.163
2023-07-07 17:00:00+00:00,26.9,79.72592,0.0,30.15,0.163
2023-07-07 18:00:00+00:00,26.65,83.13561,0.0,29.3,0.163
2023-07-07 19:00:00+00:00,26.6,83.38081,0.0,28.65,0.163
2023-07-07 20:00:00+00:00,26.55,83.87924,0.0,28.2,0.163
2023-07-07 21:00:00+00:00,26.4,84.87975,0.0,27.85,0.163
2023-07-07 22:00:00+00:00,26.4,84.624504,0.0,27.55,0.163
2023-07-07 23:00:00+00:00,26.35,84.36453,0.0,27.35,0.163
2023-07-08 00:00:00+00:00,25.9,85.59998,0.0,28.0,0.156
2023-07-08 01:00:00+00:00,25.85,84.310875,0.0,27.55,0.156
2023-07-08 02:00:00+00:00,25.65,85.058754,0.0,27.15,0.156
2023-07-08 03:00:00+00:00,25.6,86.35002,0.0,26.95,0.156
2023-07-08 04:00:00+00:00,26.3,79.887054,0.0,27.1,0.156
2023-07-08 05:00:00+00:00,26.85,76.40506,0.0,27.75,0.155
2023-07-08 06:00:00+00:00,27.4,72.860855,0.0,28.85,0.155
2023-07-08 07:00:00+00:00,27.8,70.09918,0.0,30.1,0.154
2023-07-08 08:00:00+00:00,28.2,68.48309,0.0,31.4,0.153
2023-07-08 09:00:00+00:00,28.5,66.68478,0.0,32.6,0.151
2023-07-08 10:00:00+00:00,28.95,63.590088,0.0,33.5,0.15
2023-07-08 11:00:00+00:00,28.75,65.925255,0.0,33.8,0.149
2023-07-08 12:00:00+00:00,29.15,72.28477,0.0,34.15,0.15
2023-07-08 13:00:00+00:00,28.95,70.31197,0.0,34.0,0.149
2023-07-08 14:00:00+00:00,28.65,71.11354,0.0,33.45,0.149
2023-07-08 15:00:00+00:00,28.0,74.30236,0.0,32.65,0.148
2023-07-08 16:00:00+00:00,27.5,77.66989,0.0,31.65,0.148
2023-07-08 17:00:00+00:00,27.0,81.68739,0.0,30.55,0.148
2023-07-08 18:00:00+00:00,26.75,84.91603,0.0,29.65,0.148
2023-07-08 19:00:00+00:00,26.55,86.959885,0.0,29.0,0.148
2023-07-08 20:00:00+00:00,26.3,89.04904,0.0,28.45,0.148
2023-07-08 21:00:00+00:00,26.25,89.04514,0.0,28.0,0.147
2023-07-08 22:00:00+00:00,26.1,90.10767,0.0,27.7,0.147
2023-07-08 23:00:00+00:00,25.95,91.183624,0.0,27.45,0.147
2023-07-09 00:00:00+00:00,26.1,89.301056,0.0,28.05,0.145
2023-07-09 01:00:00+00:00,25.95,89.8273,0.0,27.65,0.145
2023-07-09 02:00:00+00:00,25.8,91.72235,0.5,27.15,0.15
2023-07-09 03:00:00+00:00,26.0,92.28434,0.0,26.85,0.15
2023-07-09 04:00:00+00:00,26.7,85.67924,0.1,27.1,0.151
2023-07-09 05:00:00+00:00,27.1,79.51236,0.4,27.6,0.154
2023-07-09 06:00:00+00:00,27.15,80.0006,0.5,28.1,0.158
2023-07-09 07:00:00+00:00,26.65,81.15233,0.0,28.85,0.158
2023-07-09 08:00:00+00:00,27.95,75.19854,0.0,30.2,0.157
2023-07-09 09:00:00+00:00,28.45,74.15216,0.0,31.55,0.157
2023-07-09 10:00:00+00:00,28.65,74.633286,0.0,32.85,0.156
2023-07-09 11:00:00+00:00,29.0,71.39183,0.0,33.65,0.154
2023-07-09 12:00:00+00:00,29.55,71.27525,0.0,34.85,0.16
2023-07-09 13:00:00+00:00,29.45,69.76962,0.0,34.5,0.159
2023-07-09 14:00:00+00:00,29.15,70.775024,0.0,34.15,0.158
2023-07-09 15:00:00+00:00,28.8,66.94895,0.0,33.35,0.158
2023-07-09 16:00:00+00:00,27.9,72.28525,0.0,32.25,0.157
2023-07-09 17:00:00+00:00,27.0,81.93379,0.0,30.95,0.157
2023-07-09 18:00:00+00:00,26.65,87.49153,0.0,29.9,0.157
2023-07-09 19:00:00+00:00,26.45,88.7944,0.0,29.05,0.157
2023-07-09 20:00:00+00:00,26.2,90.65555,0.0,28.4,0.157
2023-07-09 21:00:00+00:00,26.05,90.374565,0.0,27.9,0.157
2023-07-09 22:00:00+00:00,25.95,90.367714,0.0,27.55,0.157
2023-07-09 23:00:00+00:00,25.85,90.63234,0.0,27.2,0.157
2023-07-10 00:00:00+00:00,25.8,88.74313,0.0,28.0,0.15
2023-07-10 01:00:00+00:00,25.0,91.95147,0.0,27.45,0.15
2023-07-10 02:00:00+00:00,24.55,92.76234,0.0,26.8,0.15
2023-07-10 03:00:00+00:00,24.55,94.74111,0.0,26.4,0.15
2023-07-10 04:00:00+00:00,26.05,82.81557,0.0,26.75,0.15
2023-07-10 05:00:00+00:00,27.65,61.186512,0.0,27.7,0.15
2023-07-10 06:00:00+00:00,28.85,51.302837,0.0,29.05,0.149
2023-07-10 07:00:00+00:00,30.4,45.463043,0.0,30.75,0.148
2023-07-10 08:00:00+00:00,32.3,34.45291,0.0,32.5,0.147
2023-07-10 09:00:00+00:00,32.85,33.185925,0.0,34.25,0.145
2023-07-10 10:00:00+00:00,30.4,57.428387,0.0,35.1,0.144
2023-07-10 11:00:00+00:00,29.65,56.54667,0.0,35.35,0.143
2023-07-10 12:00:00+00:00,30.25,57.040844,0.0,35.1,0.145
2023-07-10 13:00:00+00:00,30.8,52.610134,0.0,35.0,0.144
2023-07-10 14:00:00+00:00,30.6,55.054356,0.0,34.55,0.143
2023-07-10 15:00:00+00:00,29.4,63.29865,0.0,33.8,0.142
2023-07-10 16:00:00+00:00,28.6,65.49256,0.0,32.6,0.142
2023-07-10 17:00:00+00:00,28.25,61.321518,0.0,31.4,0.142
2023-07-10 18:00:00+00:00,28.7,47.061623,0.0,30.35,0.142
2023-07-10 19:00:00+00:00,28.55,41.083595,0.0,29.55,0.141
2023-07-10 20:00:00+00:00,27.95,40.387524,0.0,28.9,0.141
2023-07-10 21:00:00+00:00,27.7,38.637268,0.0,28.4,0.141
2023-07-10 22:00:00+00:00,27.45,39.20642,0.0,28.05,0.141
2023-07-10 23:00:00+00:00,27.25,39.021927,0.0,27.75,0.14
2023-07-11 00:00:00+00:00,26.45,41.71613,0.0,28.1,0.14
2023-07-11 01:00:00+00:00,26.1,39.73937,0.0,27.55,0.14
2023-07-11 02:00:00+00:00,25.75,37.334507,0.0,27.05,0.14
2023-07-11 03:00:00+00:00,25.5,36.034245,0.0,26.7,0.14
2023-07-11 04:00:00+00:00,25.95,36.894733,0.0,26.7,0.139
2023-07-11 05:00:00+00:00,27.25,33.720184,0.0,27.35,0.139
2023-07-11 06:00:00+00:00,28.85,28.720633,0.0,28.45,0.138
2023-07-11 07:00:00+00:00,30.2,24.91379,0.0,29.85,0.137
2023-07-11 08:00:00+00:00,31.6,22.84436,0.0,31.45,0.136
2023-07-11 09:00:00+00:00,32.75,21.333185,0.0,33.05,0.135
2023-07-11 10:00:00+00:00,33.9,19.529099,0.0,34.45,0.134
2023-07-11 11:00:00+00:00,34.05,18.779316,0.0,35.9,0.133
2023-07-11 12:00:00+00:00,30.6,44.94546,0.0,36.95,0.131
2023-07-11 13:00:00+00:00,30.3,38.111423,0.0,36.45,0.131
2023-07-11 14:00:00+00:00,30.85,36.692814,0.0,35.85,0.13
2023-07-11 15:00:00+00:00,30.05,48.783077,0.0,34.85,0.13
2023-07-11 16:00:00+00:00,29.05,52.659912,0.0,33.5,0.129
2023-07-11 17:00:00+00:00,27.75,61.019245,0.0,31.95,0.129
2023-07-11 18:00:00+00:00,27.0,66.99857,0.0,30.6,0.129
2023-07-11 19:00:00+00:00,26.45,65.449814,0.0,29.45,0.129
2023-07-11 20:00:00+00:00,27.7,39.534435,0.0,28.7,0.129
2023-07-11 21:00:00+00:00,28.65,25.709616,0.0,28.35,0.129
2023-07-11 22:00:00+00:00,28.65,24.419088,0.0,28.15,0.129
2023-07-11 23:00:00+00:00,28.25,25.166058,0.0,27.95,0.128
2023-07-12 00:00:00+00:00,26.9,30.27951,0.0,27.55,0.126
2023-07-12 01:00:00+00:00,26.5,30.686365,0.0,27.2,0.126
2023-07-12 02:00:00+00:00,25.8,32.64167,0.0,26.8,0.126
2023-07-12 03:00:00+00:00,25.1,36.164124,0.0,26.4,0.126
2023-07-12 04:00:00+00:00,25.85,36.990025,0.0,26.45,0.126
2023-07-12 05:00:00+00:00,27.65,34.17254,0.0,27.35,0.125
2023-07-12 06:00:00+00:00,29.7,29.738913,0.0,28.85,0.125
2023-07-12 07:00:00+00:00,31.85,25.096107,0.0,30.7,0.124
2023-07-12 08:00:00+00:00,33.75,20.936844,0.0,32.75,0.124
2023-07-12 09:00:00+00:00,34.8,19.088123,0.0,34.9,0.123
2023-07-12 10:00:00+00:00,33.95,29.626198,0.0,36.75,0.122
2023-07-12 11:00:00+00:00,31.95,45.449795,0.0,37.35,0.121
2023-07-12 12:00:00+00:00,30.7,45.831566,0.0,37.25,0.123
2023-07-12 13:00:00+00:00,30.2,49.90491,0.0,36.85,0.122
2023-07-12 14:00:00+00:00,30.15,52.283154,0.0,36.2,0.122
2023-07-12 15:00:00+00:00,29.4,63.105465,0.0,35.2,0.122
2023-07-12 16:00:00+00:00,28.3,68.293785,0.0,33.75,0.121
2023-07-12 17:00:00+00:00,27.7,63.910347,0.0,32.15,0.121
2023-07-12 18:00:00+00:00,27.5,63.081207,0.0,30.75,0.121
2023-07-12 19:00:00+00:00,27.5,62.885975,0.0,29.75,0.121
2023-07-12 20:00:00+00:00,25.9,68.245445,0.0,28.7,0.121
2023-07-12 21:00:00+00:00,24.65,72.381195,0.0,27.75,0.121
2023-07-12 22:00:00+00:00,23.75,82.79866,0.0,27.05,0.121
2023-07-12 23:00:00+00:00,24.25,76.7107,0.0,26.45,0.121
2023-07-13 00:00:00+00:00,24.1,80.08154,0.0,24.95,0.121
2023-07-13 01:00:00+00:00,23.15,83.24114,0.0,24.7,0.121
2023-07-13 02:00:00+00:00,23.25,75.60587,0.0,24.55,0.121
2023-07-13 03:00:00+00:00,23.35,69.25564,0.0,24.45,0.121
2023-07-13 04:00:00+00:00,25.0,60.390976,0.0,25.0,0.121
2023-07-13 05:00:00+00:00,27.25,51.870556,0.0,26.45,0.121
2023-07-13 06:00:00+00:00,30.1,41.64405,0.0,28.55,0.121
2023-07-13 07:00:00+00:00,33.1,35.91497,0.0,30.95,0.12
2023-07-13 08:00:00+00:00,34.95,29.608543,0.0,33.4,0.12
2023-07-13 09:00:00+00:00,34.6,38.683502,0.0,35.55,0.119
2023-07-13 10:00:00+00:00,33.4,48.153225,0.0,36.8,0.119
2023-07-13 11:00:00+00:00,33.05,44.482124,0.0,37.45,0.118
2023-07-13 12:00:00+00:00,31.5,47.804207,0.0,37.9,0.117
2023-07-13 13:00:00+00:00,31.5,46.479626,0.0,37.55,0.117
2023-07-13 14:00:00+00:00,31.25,47.73838,0.0,36.85,0.117
2023-07-13 15:00:00+00:00,30.0,56.80575,0.0,35.75,0.117
2023-07-13 16:00:00+00:00,28.85,64.3525,0.0,34.3,0.117
2023-07-13 17:00:00+00:00,28.2,66.62422,0.0,32.7,0.117
2023-07-13 18:00:00+00:00,27.4,74.6558,0.0,31.3,0.117
2023-07-13 19:00:00+00:00,27.05,80.47158,0.0,30.25,0.117
2023-07-13 20:00:00+00:00,26.85,81.668915,0.0,29.45,0.117
2023-07-13 21:00:00+00:00,26.75,79.70567,0.0,28.85,0.117
2023-07-13 22:00:00+00:00,26.2,79.63123,0.0,28.25,0.117
2023-07-13 23:00:00+00:00,24.7,88.38704,0.0,27.55,0.117
2023-07-14 00:00:00+00:00,24.75,85.48493,0.0,27.6,0.116
2023-07-14 01:00:00+00:00,24.6,87.57701,0.0,26.9,0.117
2023-07-14 02:00:00+00:00,25.15,87.35993,0.0,26.2,0.117
2023-07-14 03:00:00+00:00,23.4,94.69678,0.0,25.75,0.117
2023-07-14 04:00:00+00:00,25.0,80.69453,0.0,26.15,0.117
2023-07-14 05:00:00+00:00,26.8,68.84453,0.0,27.45,0.117
2023-07-14 06:00:00+00:00,28.15,63.80981,0.0,29.35,0.116
2023-07-14 07:00:00+00:00,29.25,60.420696,0.0,31.4,0.116
2023-07-14 08:00:00+00:00,29.8,60.36013,0.0,33.2,0.116
2023-07-14 09:00:00+00:00,30.25,54.460968,0.0,34.7,0.115
2023-07-14 10:00:00+00:00,30.7,50.34723,0.0,35.9,0.115
2023-07-14 11:00:00+00:00,30.7,54.57192,0.0,36.65,0.115
2023-07-14 12:00:00+00:00,30.9,53.125736,0.0,37.1,0.115
2023-07-14 13:00:00+00:00,30.45,59.227448,0.0,36.95,0.114
2023-07-14 14:00:00+00:00,30.1,63.25653,0.0,36.4,0.114
2023-07-14 15:00:00+00:00,29.35,66.85551,0.0,35.4,0.114
2023-07-14 16:00:00+00:00,28.45,73.26202,0.0,34.05,0.114
2023-07-14 17:00:00+00:00,27.55,82.00057,0.0,32.45,0.114
2023-07-14 18:00:00+00:00,27.3,83.96143,0.0,31.15,0.114
2023-07-14 19:00:00+00:00,27.2,82.70036,0.0,30.15,0.114
2023-07-14 20:00:00+00:00,26.95,85.19176,0.0,29.4,0.114
2023-07-14 21:00:00+00:00,26.45,88.7944,0.0,28.7,0.114
2023-07-14 22:00:00+00:00,25.05,93.62903,0.0,28.0,0.114
2023-07-14 23:00:00+00:00,25.3,92.80133,0.0,27.35,0.114
2023-07-15 00:00:00+00:00,24.55,93.888596,0.0,27.35,0.114
2023-07-15 01:00:00+00:00,24.0,93.58033,0.0,26.65,0.114
2023-07-15 02:00:00+00:00,23.9,94.71613,0.0,26.1,0.114
2023-07-15 03:00:00+00:00,23.8,93.85522,0.0,25.85,0.114
2023-07-15 04:00:00+00:00,24.8,85.49,0.0,26.15,0.114
2023-07-15 05:00:00+00:00,27.05,69.95926,0.0,27.4,0.114
2023-07-15 06:00:00+00:00,29.3,55.765648,0.0,29.35,0.114
2023-07-15 07:00:00+00:00,31.05,49.814175,0.0,31.65,0.114
2023-07-15 08:00:00+00:00,32.1,52.612537,0.0,33.8,0.114
2023-07-15 09:00:00+00:00,31.5,59.468704,0.0,35.35,0.113
2023-07-15 10:00:00+00:00,31.4,59.989475,0.0,36.35,0.113
2023-07-15 11:00:00+00:00,31.3,62.562862,0.0,37.05,0.113
2023-07-15 12:00:00+00:00,31.3,55.735355,0.0,37.5,0.113
2023-07-15 13:00:00+00:00,31.05,57.758358,0.0,37.3,0.113
2023-07-15 14:00:00+00:00,31.05,57.935024,0.0,36.8,0.112
2023-07-15 15:00:00+00:00,30.6,64.33013,0.0,35.95,0.112
2023-07-15 16:00:00+00:00,29.6,69.58742,0.0,34.65,0.112
2023-07-15 17:00:00+00:00,28.45,75.732765,0.0,33.05,0.112
2023-07-15 18:00:00+00:00,27.8,81.785545,0.0,31.65,0.112
2023-07-15 19:00:00+00:00,27.7,82.26469,0.0,30.6,0.112
2023-07-15 20:00:00+00:00,27.2,80.00727,0.0,29.75,0.112
2023-07-15 21:00:00+00:00,26.2,81.09526,0.0,28.85,0.112
2023-07-15 22:00:00+00:00,27.15,78.090004,0.0,28.0,0.112
2023-07-15 23:00:00+00:00,25.6,87.39963,0.0,27.3,0.112
2023-07-16 00:00:00+00:00,25.1,88.95604,0.0,26.55,0.112
2023-07-16 01:00:00+00:00,24.3,87.28444,0.0,26.1,0.112
2023-07-16 02:00:00+00:00,25.1,69.80833,0.0,25.85,0.112
2023-07-16 03:00:00+00:00,25.25,61.996887,0.0,25.7,0.112
2023-07-16 04:00:00+00:00,27.05,59.171036,0.0,26.25,0.112
2023-07-16 05:00:00+00:00,29.25,49.19011,0.0,27.7,0.112
2023-07-16 06:00:00+00:00,31.6,37.73894,0.0,29.7,0.112
2023-07-16 07:00:00+00:00,33.55,32.846054,0.0,31.95,0.112
2023-07-16 08:00:00+00:00,34.95,29.992863,0.0,34.35,0.112
2023-07-16 09:00:00+00:00,34.6,41.688152,0.0,36.4,0.112
2023-07-16 10:00:00+00:00,33.6,54.615322,0.0,37.65,0.111
2023-07-16 11:00:00+00:00,33.05,53.660122,0.0,38.3,0.111
2023-07-16 12:00:00+00:00,31.8,50.318157,0.0,38.75,0.111
2023-07-16 13:00:00+00:00,32.2,47.39614,0.0,38.45,0.111
2023-07-16 14:00:00+00:00,31.7,53.818707,0.0,37.8,0.111
2023-07-16 15:00:00+00:00,31.15,58.669678,0.0,36.85,0.111
2023-07-16 16:00:00+00:00,30.45,59.227448,0.0,35.45,0.111
2023-07-16 17:00:00+00:00,29.6,62.19135,0.0,33.9,0.111
2023-07-16 18:00:00+00:00,28.85,69.02641,0.0,32.5,0.111
2023-07-16 19:00:00+00:00,28.6,70.674835,0.0,31.4,0.111
2023-07-16 20:00:00+00:00,27.8,77.713715,0.0,30.55,0.111
2023-07-16 21:00:00+00:00,26.05,90.374565,0.0,29.65,0.111
2023-07-16 22:00:00+00:00,25.55,91.70755,0.0,28.8,0.111
2023-07-16 23:00:00+00:00,27.05,86.48649,0.0,28.05,0.111
2023-07-17 00:00:00+00:00,25.2,84.497215,0.0,28.0,0.111
2023-07-17 01:00:00+00:00,26.25,65.61195,0.0,27.35,0.111
2023-07-17 02:00:00+00:00,25.6,56.992,0.0,26.95,0.111
2023-07-17 03:00:00+00:00,23.75,66.54592,0.0,26.3,0.111
2023-07-17 04:00:00+00:00,26.65,57.245968,0.0,26.65,0.111
2023-07-17 05:00:00+00:00,28.5,42.283474,0.0,28.0,0.111
2023-07-17 06:00:00+00:00,30.05,35.416573,0.0,29.95,0.111
2023-07-17 07:00:00+00:00,32.0,32.105217,0.0,32.2,0.11
2023-07-17 08:00:00+00:00,34.2,28.188349,0.0,34.55,0.11
2023-07-17 09:00:00+00:00,35.2,26.6657,0.0,36.8,0.11
2023-07-17 10:00:00+00:00,34.15,42.61305,0.0,38.35,0.11
2023-07-17 11:00:00+00:00,33.45,43.359665,0.0,39.0,0.11
2023-07-17 12:00:00+00:00,32.65,49.765285,0.0,38.9,0.11
2023-07-17 13:00:00+00:00,31.45,54.756065,0.0,38.45,0.11
2023-07-17 14:00:00+00:00,31.2,56.397873,0.0,37.75,0.11
2023-07-17 15:00:00+00:00,30.6,59.26202,0.0,36.7,0.11
2023-07-17 16:00:00+00:00,29.6,64.51071,0.0,35.25,0.11
2023-07-17 17:00:00+00:00,28.9,64.36308,0.0,33.6,0.11
2023-07-17 18:00:00+00:00,28.45,70.2197,0.0,32.15,0.11
2023-07-17 19:00:00+00:00,28.1,74.99566,0.0,31.1,0.11
2023-07-17 20:00:00+00:00,28.05,74.98764,0.0,30.25,0.11
2023-07-17 21:00:00+00:00,27.5,77.20193,0.0,29.6,0.11
2023-07-17 22:00:00+00:00,26.05,86.9145,0.0,28.8,0.11
2023-07-17 23:00:00+00:00,25.3,90.59565,0.0,28.1,0.11
2023-07-18 00:00:00+00:00,24.4,95.02133,0.0,27.2,0.11
2023-07-18 01:00:00+00:00,23.25,97.31374,0.0,26.55,0.11
2023-07-18 02:00:00+00:00,24.6,83.91874,0.0,26.15,0.11
2023-07-18 03:00:00+00:00,25.05,60.97956,0.0,25.95,0.11
2023-07-18 04:00:00+00:00,26.1,49.621666,0.0,26.3,0.11
2023-07-18 05:00:00+00:00,27.85,37.92457,0.0,27.5,0.11
2023-07-18 06:00:00+00:00,29.7,33.181664,0.0,29.35,0.11
2023-07-18 07:00:00+00:00,31.55,31.256512,0.0,31.7,0.11
2023-07-18 08:00:00+00:00,33.05,30.6556,0.0,34.15,0.109
2023-07-18 09:00:00+00:00,33.1,39.006485,0.0,36.15,0.109
2023-07-18 10:00:00+00:00,32.4,45.569916,0.0,37.35,0.109
2023-07-18 11:00:00+00:00,32.1,43.675747,0.0,38.05,0.109
2023-07-18 12:00:00+00:00,31.6,42.18771,0.0,38.65,0.109
2023-07-18 13:00:00+00:00,31.45,43.090054,0.0,38.35,0.109
2023-07-18 14:00:00+00:00,30.85,46.598454,0.0,37.55,0.109
2023-07-18 15:00:00+00:00,30.1,50.19217,0.0,36.35,0.109
2023-07-18 16:00:00+00:00,29.35,55.26038,0.0,34.85,0.109
2023-07-18 17:00:00+00:00,28.3,64.83075,0.0,33.2,0.109
2023-07-18 18:00:00+00:00,26.95,75.95722,0.0,31.65,0.109
2023-07-18 19:00:00+00:00,27.35,75.10249,0.0,30.5,0.109
2023-07-18 20:00:00+00:00,27.0,75.73441,0.0,29.65,0.109
2023-07-18 21:00:00+00:00,26.45,78.7034,0.0,28.85,0.109
2023-07-18 22:00:00+00:00,24.95,89.21385,0.0,28.1,0.109
2023-07-18 23:00:00+00:00,24.5,91.09196,0.0,27.35,0.109
2023-07-19 00:00:00+00:00,24.6,91.65091,0.0,26.4,0.109
2023-07-19 01:00:00+00:00,24.2,92.46363,0.0,26.0,0.109
2023-07-19 02:00:00+00:00,25.95,92.006,0.0,25.6,0.109
2023-07-19 03:00:00+00:00,25.6,94.216225,0.0,25.25,0.109
2023-07-19 04:00:00+00:00,25.95,91.183624,0.0,25.95,0.109
2023-07-19 05:00:00+00:00,27.85,79.61395,0.0,27.55,0.109
2023-07-19 06:00:00+00:00,29.05,69.69492,0.0,29.65,0.109
2023-07-19 07:00:00+00:00,30.05,63.438442,0.0,31.85,0.109
2023-07-19 08:00:00+00:00,30.55,64.905655,0.0,33.85,0.109
2023-07-19 09:00:00+00:00,30.75,61.877502,0.0,35.4,0.109
2023-07-19 10:00:00+00:00,30.95,55.99327,0.0,36.5,0.109
2023-07-19 11:00:00+00:00,31.1,57.068256,0.0,37.3,0.109
2023-07-19 12:00:00+00:00,30.4,57.782055,0.0,37.55,0.109
2023-07-19 13:00:00+00:00,30.3,59.37431,0.0,37.35,0.109
2023-07-19 14:00:00+00:00,29.95,59.65849,0.0,36.7,0.109
2023-07-19 15:00:00+00:00,29.65,59.956833,0.0,35.65,0.109
2023-07-19 16:00:00+00:00,28.8,69.6481,0.0,34.3,0.109
2023-07-19 17:00:00+00:00,27.9,77.02887,0.0,32.7,0.109
2023-07-19 18:00:00+00:00,27.25,81.96417,0.0,31.35,0.109
2023-07-19 19:00:00+00:00,27.15,84.19712,0.0,30.3,0.109
2023-07-19 20:00:00+00:00,27.1,84.444534,0.0,29.55,0.109
2023-07-19 21:00:00+00:00,27.05,85.71373,0.0,29.0,0.109
2023-07-19 22:00:00+00:00,26.8,88.029434,0.0,28.55,0.109
2023-07-19 23:00:00+00:00,26.3,90.66221,0.0,28.05,0.109
2023-07-20 00:00:00+00:00,26.5,90.675415,0.0,28.25,0.109
2023-07-20 01:00:00+00:00,26.25,92.02314,0.0,27.85,0.109
2023-07-20 02:00:00+00:00,24.8,95.895874,0.0,27.45,0.109
2023-07-20 03:00:00+00:00,25.9,93.38872,0.0,27.0,0.109
2023-07-20 04:00:00+00:00,26.85,90.42885,0.0,27.5,0.109
2023-07-20 05:00:00+00:00,27.95,82.048874,0.0,28.75,0.109
2023-07-20 06:00:00+00:00,28.85,75.79521,0.0,30.4,0.109
2023-07-20 07:00:00+00:00,29.35,72.319565,0.0,32.3,0.109
2023-07-20 08:00:00+00:00,29.85,68.180336,0.0,34.05,0.109
2023-07-20 09:00:00+00:00,30.15,62.12256,0.0,35.5,0.109
2023-07-20 10:00:00+00:00,30.3,61.966618,0.0,36.55,0.109
2023-07-20 11:00:00+00:00,30.45,63.524097,0.0,37.2,0.109
2023-07-20 12:00:00+00:00,30.35,66.45102,0.0,37.4,0.117
2023-07-20 13:00:00+00:00,30.2,68.8668,0.0,37.15,0.117
2023-07-20 14:00:00+00:00,29.95,69.65284,0.0,36.55,0.116
2023-07-20 15:00:00+00:00,29.45,72.11987,0.0,35.55,0.116
2023-07-20 16:00:00+00:00,28.8,78.0921,0.0,34.2,0.116
2023-07-20 17:00:00+00:00,28.25,80.8685,0.0,32.75,0.116
2023-07-20 18:00:00+00:00,28.0,83.78747,0.0,31.55,0.116
2023-07-20 19:00:00+00:00,27.85,84.523926,0.0,30.65,0.116
2023-07-20 20:00:00+00:00,27.65,85.77252,0.0,29.95,0.116
2023-07-20 21:00:00+00:00,27.6,86.537674,0.0,29.45,0.116
2023-07-20 22:00:00+00:00,27.6,86.79572,0.0,29.05,0.116
2023-07-20 23:00:00+00:00,27.45,87.82188,0.0,28.75,0.116
2023-07-21 00:00:00+00:00,27.55,86.53309,0.0,29.1,0.109
2023-07-21 01:00:00+00:00,27.45,86.0092,0.0,28.8,0.109
2023-07-21 02:00:00+00:00,27.3,86.5098,0.0,28.55,0.109
2023-07-21 03:00:00+00:00,27.15,87.79646,0.0,28.3,0.109
2023-07-21 04:00:00+00:00,27.85,82.77611,0.0,28.6,0.109
2023-07-21 05:00:00+00:00,28.35,79.91999,0.0,29.55,0.109
2023-07-21 06:00:00+00:00,28.8,76.70204,0.0,31.0,0.109
2023-07-21 07:00:00+00:00,29.15,74.04465,0.0,32.65,0.109
2023-07-21 08:00:00+00:00,29.55,72.13738,0.0,34.2,0.109
2023-07-21 09:00:00+00:00,30.05,69.04577,0.0,35.6,0.109
2023-07-21 10:00:00+00:00,30.4,65.86216,0.0,36.65,0.109
2023-07-21 11:00:00+00:00,30.35,65.06054,0.0,37.3,0.109
2023-07-21 12:00:00+00:00,29.8,64.749245,0.0,37.45,0.109
2023-07-21 13:00:00+00:00,29.7,66.723076,0.0,37.25,0.109
2023-07-21 14:00:00+00:00,29.25,68.89362,0.0,36.55,0.109
2023-07-21 15:00:00+00:00,28.9,73.338165,0.0,35.5,0.109
2023-07-21 16:00:00+00:00,28.55,75.06781,0.0,34.15,0.109
2023-07-21 17:00:00+00:00,28.05,77.98432,0.0,32.75,0.109
2023-07-21 18:00:00+00:00,27.9,78.669525,0.0,31.6,0.109
2023-07-21 19:00:00+00:00,27.95,79.62745,0.0,30.75,0.109
2023-07-21 20:00:00+00:00,27.65,83.99957,0.0,30.05,0.109
2023-07-21 21:00:00+00:00,27.35,87.29176,0.0,29.5,0.109
2023-07-21 22:00:00+00:00,27.15,89.64606,0.0,29.0,0.109
2023-07-21 23:00:00+00:00,26.7,92.8733,0.0,28.6,0.109
2023-07-22 00:00:00+00:00,27.35,87.81338,0.0,28.85,0.109
2023-07-22 01:00:00+00:00,27.2,89.91659,0.0,28.25,0.109
2023-07-22 02:00:00+00:00,27.0,90.43899,0.0,27.8,0.109
2023-07-22 03:00:00+00:00,26.95,90.166885,0.0,27.45,0.109
2023-07-22 04:00:00+00:00,27.4,86.77747,0.0,27.95,0.109
2023-07-22 05:00:00+00:00,28.3,81.35943,0.0,29.2,0.109
2023-07-22 06:00:00+00:00,29.15,75.389084,0.0,30.85,0.109
2023-07-22 07:00:00+00:00,29.75,72.60627,0.0,32.6,0.109
2023-07-22 08:00:00+00:00,30.1,69.89047,0.0,34.25,0.109
2023-07-22 09:00:00+00:00,30.45,68.09133,0.0,35.6,0.109
2023-07-22 10:00:00+00:00,30.85,66.152435,0.0,36.7,0.109
2023-07-22 11:00:00+00:00,31.0,64.02676,0.0,37.45,0.109
2023-07-22 12:00:00+00:00,30.2,64.832756,0.0,37.7,0.109
2023-07-22 13:00:00+00:00,30.45,65.47578,0.0,37.5,0.109
2023-07-22 14:00:00+00:00,29.85,68.59298,0.0,36.8,0.109
2023-07-22 15:00:00+00:00,29.45,72.55459,0.0,35.75,0.109
2023-07-22 16:00:00+00:00,28.95,77.41638,0.0,34.5,0.109
2023-07-22 17:00:00+00:00,28.45,81.1357,0.0,33.1,0.109
2023-07-22 18:00:00+00:00,28.1,82.312355,0.0,31.95,0.109
2023-07-22 19:00:00+00:00,27.85,85.2828,0.0,31.05,0.109
2023-07-22 20:00:00+00:00,27.7,87.06337,0.0,30.35,0.109
2023-07-22 21:00:00+00:00,27.6,88.09596,0.0,29.8,0.109
2023-07-22 22:00:00+00:00,27.15,90.71823,0.0,29.3,0.109
2023-07-22 23:00:00+00:00,26.4,93.96982,0.0,28.75,0.109
2023-07-23 00:00:00+00:00,25.75,94.222496,0.0,28.55,0.109
2023-07-23 01:00:00+00:00,25.15,94.48032,0.0,27.95,0.109
2023-07-23 02:00:00+00:00,26.05,91.18995,0.0,27.4,0.109
2023-07-23 03:00:00+00:00,25.25,97.64419,0.0,27.05,0.109
2023-07-23 04:00:00+00:00,25.95,94.23084,0.0,27.45,0.109
2023-07-23 05:00:00+00:00,27.2,84.70846,0.0,28.5,0.109
2023-07-23 06:00:00+00:00,28.95,73.5677,0.0,30.25,0.109
2023-07-23 07:00:00+00:00,30.65,66.111984,0.0,32.45,0.109
2023-07-23 08:00:00+00:00,31.6,67.503006,0.0,34.55,0.109
2023-07-23 09:00:00+00:00,31.85,71.04951,0.0,36.15,0.109
2023-07-23 10:00:00+00:00,32.25,63.145706,0.0,37.35,0.109
2023-07-23 11:00:00+00:00,32.35,57.538155,0.0,38.1,0.109
2023-07-23 12:00:00+00:00,31.7,64.948746,0.0,38.3,0.108
2023-07-23 13:00:00+00:00,31.8,63.049236,0.0,38.05,0.108
2023-07-23 14:00:00+00:00,31.85,60.821903,0.0,37.5,0.108
2023-07-23 15:00:00+00:00,31.1,67.60716,0.0,36.65,0.108
2023-07-23 16:00:00+00:00,30.1,72.66643,0.0,35.35,0.108
2023-07-23 17:00:00+00:00,29.3,75.41274,0.0,33.8,0.108
2023-07-23 18:00:00+00:00,29.0,79.76831,0.0,32.5,0.108
2023-07-23 19:00:00+00:00,28.6,82.12699,0.0,31.55,0.108
2023-07-23 20:00:00+00:00,28.5,78.51806,0.0,30.8,0.108
2023-07-23 21:00:00+00:00,28.6,74.17687,0.0,30.2,0.108
2023-07-23 22:00:00+00:00,28.25,77.3132,0.0,29.75,0.108
2023-07-23 23:00:00+00:00,27.5,84.486946,0.0,29.2,0.108
2023-07-24 00:00:00+00:00,27.05,85.45747,0.0,29.6,0.109
2023-07-24 01:00:00+00:00,26.35,91.208694,0.0,28.9,0.109
2023-07-24 02:00:00+00:00,27.0,88.57304,0.0,28.25,0.109
2023-07-24 03:00:00+00:00,25.3,96.198,0.0,27.7,0.109
2023-07-24 04:00:00+00:00,27.05,90.4424,0.0,28.05,0.109
2023-07-24 05:00:00+00:00,28.85,74.66567,0.0,29.15,0.109
2023-07-24 06:00:00+00:00,30.8,58.231346,0.0,30.95,0.109
2023-07-24 07:00:00+00:00,32.55,49.892887,0.0,33.2,0.109
2023-07-24 08:00:00+00:00,33.05,55.313168,0.0,35.4,0.108
2023-07-24 09:00:00+00:00,32.35,61.855618,0.0,36.8,0.108
2023-07-24 10:00:00+00:00,32.7,54.230263,0.0,37.9,0.108
2023-07-24 11:00:00+00:00,32.55,58.10959,0.0,38.55,0.108
2023-07-24 12:00:00+00:00,32.85,53.12304,0.0,38.6,0.108
2023-07-24 13:00:00+00:00,32.75,53.260345,0.0,38.3,0.108
2023-07-24 14:00:00+00:00,32.65,52.589226,0.0,37.8,0.108
2023-07-24 15:00:00+00:00,32.25,55.287334,0.0,36.9,0.108
2023-07-24 16:00:00+00:00,31.85,56.209896,0.0,35.75,0.108
2023-07-24 17:00:00+00:00,30.7,61.119076,0.0,34.35,0.108
2023-07-24 18:00:00+00:00,29.75,71.95609,0.0,33.1,0.108
2023-07-24 19:00:00+00:00,29.3,77.46773,0.0,32.05,0.108
2023-07-24 20:00:00+00:00,28.85,82.89176,0.0,31.2,0.108
2023-07-24 21:00:00+00:00,27.65,89.41695,0.0,30.4,0.108
2023-07-24 22:00:00+00:00,27.1,92.34474,0.0,29.6,0.108
2023-07-24 23:00:00+00:00,29.65,51.669483,0.0,29.25,0.108
2023-07-25 00:00:00+00:00,29.3,41.025475,0.0,30.05,0.108
2023-07-25 01:00:00+00:00,29.1,39.40945,0.0,29.65,0.108
2023-07-25 02:00:00+00:00,28.7,40.464252,0.0,29.3,0.108
2023-07-25 03:00:00+00:00,28.05,43.265324,0.0,28.95,0.108
2023-07-25 04:00:00+00:00,28.65,44.8467,0.0,29.05,0.108
2023-07-25 05:00:00+00:00,30.35,39.628048,0.0,29.9,0.108
2023-07-25 06:00:00+00:00,32.15,34.634403,0.0,31.4,0.108
2023-07-25 07:00:00+00:00,33.9,29.709032,0.0,33.35,0.108
2023-07-25 08:00:00+00:00,35.6,25.493221,0.0,35.5,0.108
2023-07-25 09:00:00+00:00,35.85,26.404976,0.0,37.55,0.108
2023-07-25 10:00:00+00:00,33.55,44.61587,0.0,38.5,0.108
2023-07-25 11:00:00+00:00,33.3,43.18451,0.0,38.95,0.108
2023-07-25 12:00:00+00:00,32.25,46.10109,0.0,39.05,0.108
2023-07-25 13:00:00+00:00,32.0,47.638702,0.0,38.6,0.108
2023-07-25 14:00:00+00:00,31.7,52.998802,0.0,37.95,0.108
2023-07-25 15:00:00+00:00,31.15,56.213474,0.0,37.0,0.108
2023-07-25 16:00:00+00:00,30.65,60.368282,0.0,35.7,0.108
2023-07-25 17:00:00+00:00,29.4,72.328255,0.0,34.15,0.108
2023-07-25 18:00:00+00:00,28.95,76.495285,0.0,32.75,0.108
2023-07-25 19:00:00+00:00,28.9,74.6738,0.0,31.75,0.108
2023-07-25 20:00:00+00:00,28.55,76.43441,0.0,30.9,0.108
2023-07-25 21:00:00+00:00,28.3,79.43638,0.0,30.25,0.108
2023-07-25 22:00:00+00:00,28.2,80.379845,0.0,29.7,0.108
2023-07-25 23:00:00+00:00,27.65,85.00871,0.0,29.25,0.108
2023-07-26 00:00:00+00:00,26.9,86.99149,0.0,28.95,0.108
2023-07-26 01:00:00+00:00,26.35,92.30365,0.0,28.15,0.108
2023-07-26 02:00:00+00:00,24.25,95.87926,0.0,27.45,0.108
2023-07-26 03:00:00+00:00,24.55,83.40155,0.0,26.9,0.108
2023-07-26 04:00:00+00:00,26.35,57.35466,0.0,27.15,0.108
2023-07-26 05:00:00+00:00,28.05,47.79559,0.0,28.25,0.108
2023-07-26 06:00:00+00:00,29.95,42.40948,0.0,30.15,0.108
2023-07-26 07:00:00+00:00,31.5,35.35898,0.0,32.5,0.108
2023-07-26 08:00:00+00:00,32.6,35.777267,0.0,34.9,0.108
2023-07-26 09:00:00+00:00,32.4,45.14573,0.0,36.75,0.108
2023-07-26 10:00:00+00:00,32.25,43.579353,0.0,37.95,0.108
2023-07-26 11:00:00+00:00,32.3,44.5587,0.0,38.65,0.108
2023-07-26 12:00:00+00:00,31.15,51.251633,0.0,38.95,0.108
2023-07-26 13:00:00+00:00,31.2,49.698284,0.0,38.7,0.108
2023-07-26 14:00:00+00:00,30.65,55.066616,0.0,37.95,0.108
2023-07-26 15:00:00+00:00,30.1,59.510303,0.0,36.75,0.108
2023-07-26 16:00:00+00:00,29.6,62.57275,0.0,35.3,0.108
2023-07-26 17:00:00+00:00,28.65,71.11354,0.0,33.7,0.108
2023-07-26 18:00:00+00:00,28.45,74.82598,0.0,32.35,0.108
2023-07-26 19:00:00+00:00,28.2,77.77194,0.0,31.3,0.108
2023-07-26 20:00:00+00:00,28.1,81.0916,0.0,30.55,0.108
2023-07-26 21:00:00+00:00,28.0,83.04105,0.0,30.0,0.108
2023-07-26 22:00:00+00:00,27.6,86.023636,0.0,29.5,0.108
2023-07-26 23:00:00+00:00,27.1,90.71493,0.0,29.0,0.108
2023-07-27 00:00:00+00:00,27.95,90.502846,0.0,28.35,0.108
2023-07-27 01:00:00+00:00,27.0,92.88859,0.0,28.2,0.108
2023-07-27 02:00:00+00:00,26.8,91.78115,0.0,27.85,0.108
2023-07-27 03:00:00+00:00,26.45,92.860535,0.0,27.55,0.108
2023-07-27 04:00:00+00:00,28.7,80.444855,0.0,28.1,0.108
2023-07-27 05:00:00+00:00,29.45,74.98658,0.0,29.25,0.108
2023-07-27 06:00:00+00:00,29.95,72.858315,0.0,30.85,0.108
2023-07-27 07:00:00+00:00,30.5,68.9238,0.0,32.6,0.108
2023-07-27 08:00:00+00:00,30.8,66.74179,0.0,34.35,0.108
2023-07-27 09:00:00+00:00,31.0,66.581505,0.0,35.9,0.108
2023-07-27 10:00:00+00:00,31.15,66.811584,0.0,37.05,0.108
2023-07-27 11:00:00+00:00,31.3,63.32246,0.0,37.8,0.108
2023-07-27 12:00:00+00:00,30.95,63.247425,0.0,38.1,0.108
2023-07-27 13:00:00+00:00,30.9,61.163704,0.0,37.9,0.108
2023-07-27 14:00:00+00:00,30.5,66.28112,0.0,37.25,0.108
2023-07-27 15:00:00+00:00,30.05,70.30224,0.0,36.25,0.108
2023-07-27 16:00:00+00:00,29.25,77.22959,0.0,34.9,0.108
2023-07-27 17:00:00+00:00,28.5,86.87748,0.0,33.45,0.108
2023-07-27 18:00:00+00:00,28.45,88.42673,0.0,32.25,0.108
2023-07-27 19:00:00+00:00,28.45,88.16607,0.0,31.4,0.108
2023-07-27 20:00:00+00:00,28.3,88.41467,0.0,30.7,0.108
2023-07-27 21:00:00+00:00,28.15,88.14142,0.0,30.15,0.108
2023-07-27 22:00:00+00:00,28.05,87.61256,0.0,29.75,0.108
2023-07-27 23:00:00+00:00,27.9,88.38236,0.0,29.4,0.108
2023-07-28 00:00:00+00:00,28.15,81.584175,0.0,29.85,0.108
2023-07-28 01:00:00+00:00,27.75,82.270676,0.0,29.45,0.108
2023-07-28 02:00:00+00:00,27.85,82.28257,0.0,28.9,0.108
2023-07-28 03:00:00+00:00,26.65,90.41537,0.0,28.55,0.108
2023-07-28 04:00:00+00:00,28.45,78.041885,0.0,28.9,0.108
2023-07-28 05:00:00+00:00,29.25,73.83925,0.0,29.95,0.108
2023-07-28 06:00:00+00:00,29.95,69.65284,0.0,31.5,0.108
2023-07-28 07:00:00+00:00,30.6,65.50657,0.0,33.35,0.108
2023-07-28 08:00:00+00:00,31.05,62.697872,0.0,35.1,0.108
2023-07-28 09:00:00+00:00,31.2,61.976448,0.0,36.5,0.108
2023-07-28 10:00:00+00:00,31.2,61.6025,0.0,37.5,0.108
2023-07-28 11:00:00+00:00,31.15,61.778233,0.0,38.0,0.108
2023-07-28 12:00:00+00:00,30.65,64.5354,0.0,38.05,0.11
2023-07-28 13:00:00+00:00,30.45,66.47116,0.0,37.8,0.11
2023-07-28 14:00:00+00:00,30.0,69.24436,0.0,37.15,0.11
2023-07-28 15:00:00+00:00,29.7,71.94733,0.0,36.15,0.11
2023-07-28 16:00:00+00:00,29.2,74.94656,0.0,34.85,0.11
2023-07-28 17:00:00+00:00,28.7,78.07775,0.0,33.4,0.11
2023-07-28 18:00:00+00:00,28.5,79.70141,0.0,32.3,0.11
2023-07-28 19:00:00+00:00,28.3,81.846504,0.0,31.45,0.11
2023-07-28 20:00:00+00:00,27.9,85.54208,0.0,30.7,0.11
2023-07-28 21:00:00+00:00,27.5,88.087685,0.0,30.1,0.11
2023-07-28 22:00:00+00:00,27.0,90.9784,0.0,29.55,0.11
2023-07-28 23:00:00+00:00,26.65,93.14717,0.0,29.05,0.11
2023-07-29 00:00:00+00:00,28.25,84.817726,0.0,29.85,0.11
2023-07-29 01:00:00+00:00,27.35,91.00074,0.0,29.5,0.11
2023-07-29 02:00:00+00:00,27.6,89.41322,0.0,29.05,0.11
2023-07-29 03:00:00+00:00,27.2,92.07697,0.0,28.7,0.11
2023-07-29 04:00:00+00:00,28.05,86.32278,0.0,29.05,0.11
2023-07-29 05:00:00+00:00,29.1,76.289505,0.0,30.05,0.11
2023-07-29 06:00:00+00:00,29.7,70.87473,0.0,31.45,0.11
2023-07-29 07:00:00+00:00,30.2,66.42082,0.0,33.0,0.11
2023-07-29 08:00:00+00:00,30.6,63.363934,0.0,34.65,0.11
2023-07-29 09:00:00+00:00,30.9,64.58771,0.0,36.05,0.11
2023-07-29 10:00:00+00:00,31.05,65.20535,0.0,37.1,0.11
2023-07-29 11:00:00+00:00,31.05,66.79166,0.0,37.75,0.109
2023-07-29 12:00:00+00:00,30.65,68.13007,0.0,38.2,0.109
2023-07-29 13:00:00+00:00,30.45,67.68308,0.0,37.75,0.109
2023-07-29 14:00:00+00:00,30.2,68.24803,0.0,37.05,0.109
2023-07-29 15:00:00+00:00,29.9,70.06375,0.0,36.05,0.109
2023-07-29 16:00:00+00:00,29.45,72.772766,0.0,34.8,0.109
2023-07-29 17:00:00+00:00,29.2,74.72228,0.0,33.45,0.109
2023-07-29 18:00:00+00:00,29.2,75.396935,0.0,32.5,0.109
2023-07-29 19:00:00+00:00,28.95,77.41638,0.0,31.7,0.109
2023-07-29 20:00:00+00:00,28.75,78.553246,0.0,31.05,0.109
2023-07-29 21:00:00+00:00,28.55,79.47028,0.0,30.55,0.109
2023-07-29 22:00:00+00:00,28.4,79.44997,0.0,30.15,0.109
2023-07-29 23:00:00+00:00,28.2,81.10422,0.0,29.8,0.109
2023-07-30 00:00:00+00:00,28.25,78.71857,0.0,30.4,0.106
2023-07-30 01:00:00+00:00,28.0,80.594864,0.0,30.0,0.106
2023-07-30 02:00:00+00:00,27.95,80.58839,0.0,29.7,0.106
2023-07-30 03:00:00+00:00,27.9,81.30952,0.0,29.45,0.106
2023-07-30 04:00:00+00:00,28.3,79.198845,0.1,29.55,0.107
2023-07-30 05:00:00+00:00,28.85,76.48008,0.1,30.05,0.108
2023-07-30 06:00:00+00:00,29.45,72.772766,0.2,30.95,0.11
2023-07-30 07:00:00+00:00,29.85,71.11507,0.2,32.1,0.112
2023-07-30 08:00:00+00:00,30.3,69.300865,0.1,33.45,0.113
2023-07-30 09:00:00+00:00,30.95,65.18469,0.0,34.95,0.113
2023-07-30 10:00:00+00:00,31.1,63.470924,0.0,36.15,0.112
2023-07-30 11:00:00+00:00,31.1,62.330585,0.0,36.95,0.112
2023-07-30 12:00:00+00:00,30.7,61.491783,0.0,37.1,0.121
2023-07-30 13:00:00+00:00,30.8,61.701,0.0,36.95,0.121
2023-07-30 14:00:00+00:00,30.4,64.482994,0.0,36.4,0.12
2023-07-30 15:00:00+00:00,29.9,66.96538,0.0,35.55,0.12
2023-07-30 16:00:00+00:00,29.35,70.38549,0.0,34.35,0.12
2023-07-30 17:00:00+00:00,28.95,74.681885,0.0,33.05,0.12
2023-07-30 18:00:00+00:00,28.9,78.1064,0.0,32.05,0.12
2023-07-30 19:00:00+00:00,28.8,79.74163,0.0,31.3,0.12
2023-07-30 20:00:00+00:00,28.65,81.160866,0.0,30.75,0.12
2023-07-30 21:00:00+00:00,28.45,82.84566,0.0,30.3,0.12
2023-07-30 22:00:00+00:00,28.3,82.5819,0.0,29.95,0.12
2023-07-30 23:00:00+00:00,28.1,83.30051,0.0,29.6,0.12
2023-07-31 00:00:00+00:00,28.1,79.409195,0.0,30.3,0.119
2023-07-31 01:00:00+00:00,27.9,79.860085,0.0,29.85,0.119
2023-07-31 02:00:00+00:00,27.75,79.12317,0.0,29.45,0.119
2023-07-31 03:00:00+00:00,27.65,79.34787,0.0,29.15,0.119
2023-07-31 04:00:00+00:00,28.5,72.60919,0.0,29.3,0.119
2023-07-31 05:00:00+00:00,29.1,69.70426,0.0,30.1,0.119
2023-07-31 06:00:00+00:00,29.75,66.12923,0.0,31.5,0.118
2023-07-31 07:00:00+00:00,30.4,63.899685,0.0,33.15,0.118
2023-07-31 08:00:00+00:00,30.75,63.780773,0.0,34.7,0.118
2023-07-31 09:00:00+00:00,31.0,62.49765,0.0,36.05,0.117
2023-07-31 10:00:00+00:00,31.2,61.976448,0.0,37.05,0.117
2023-07-31 11:00:00+00:00,31.3,62.752026,0.0,37.7,0.117
2023-07-31 12:00:00+00:00,30.6,67.91613,0.0,38.0,0.117
2023-07-31 13:00:00+00:00,30.7,68.54965,0.0,37.65,0.117
2023-07-31 14:00:00+00:00,30.15,72.89246,0.0,36.95,0.117
2023-07-31 15:00:00+00:00,29.6,75.45995,0.0,35.9,0.117
2023-07-31 16:00:00+00:00,29.15,76.98451,0.0,34.6,0.117
2023-07-31 17:00:00+00:00,28.55,80.42539,0.0,33.2,0.117
2023-07-31 18:00:00+00:00,28.35,81.608765,0.0,32.1,0.117
2023-07-31 19:00:00+00:00,28.15,84.05385,0.0,31.25,0.117
2023-07-31 20:00:00+00:00,27.95,85.547005,0.0,30.6,0.117
2023-07-31 21:00:00+00:00,27.85,85.2828,0.0,30.05,0.117
2023-07-31 22:00:00+00:00,27.55,87.049965,0.0,29.6,0.117
2023-07-31 23:00:00+00:00,27.4,86.26141,0.0,29.2,0.117
2023-08-01 00:00:00+00:00,26.7,90.14952,0.0,29.55,0.117
2023-08-01 01:00:00+00:00,26.3,94.24542,0.0,28.95,0.117
2023-08-01 02:00:00+00:00,26.35,95.94203,0.0,28.55,0.117
2023-08-01 03:00:00+00:00,26.55,93.97633,0.0,28.2,0.117
2023-08-01 04:00:00+00:00,28.0,80.836586,0.0,28.5,0.117
2023-08-01 05:00:00+00:00,28.8,75.787445,0.0,29.5,0.117
2023-08-01 06:00:00+00:00,29.4,72.76422,0.0,30.85,0.117
2023-08-01 07:00:00+00:00,29.95,69.65284,0.0,32.45,0.116
2023-08-01 08:00:00+00:00,30.6,65.90289,0.0,34.15,0.116
2023-08-01 09:00:00+00:00,30.7,66.32148,0.0,35.6,0.116
2023-08-01 10:00:00+00:00,30.8,66.34163,0.0,36.75,0.116
2023-08-01 11:00:00+00:00,30.75,66.5314,0.0,37.6,0.115
2023-08-01 12:00:00+00:00,30.05,65.79073,0.0,37.85,0.114
2023-08-01 13:00:00+00:00,29.9,66.15968,0.0,37.6,0.114
2023-08-01 14:00:00+00:00,29.6,68.13185,0.0,36.95,0.114
2023-08-01 15:00:00+00:00,29.4,69.340164,0.0,35.9,0.113
2023-08-01 16:00:00+00:00,28.85,73.5509,0.0,34.55,0.113
2023-08-01 17:00:00+00:00,28.45,77.342766,0.0,33.15,0.113
2023-08-01 18:00:00+00:00,28.35,79.681274,0.0,32.0,0.113
2023-08-01 19:00:00+00:00,28.25,82.08497,0.0,31.2,0.113
2023-08-01 20:00:00+00:00,28.15,84.80738,0.0,30.6,0.113
2023-08-01 21:00:00+00:00,28.0,84.79182,0.0,30.1,0.113
2023-08-01 22:00:00+00:00,27.9,84.78146,0.0,29.7,0.113
2023-08-01 23:00:00+00:00,27.8,84.771065,0.0,29.4,0.113
2023-08-02 00:00:00+00:00,27.8,86.04289,0.0,30.4,0.112
2023-08-02 01:00:00+00:00,27.9,82.78196,0.0,29.9,0.112
2023-08-02 02:00:00+00:00,27.6,83.4933,0.0,29.4,0.112
2023-08-02 03:00:00+00:00,27.6,82.74702,0.0,29.05,0.112
2023-08-02 04:00:00+00:00,28.25,76.849655,0.0,29.1,0.112
2023-08-02 05:00:00+00:00,28.8,73.98681,0.0,29.8,0.112
2023-08-02 06:00:00+00:00,29.35,70.598145,0.0,30.85,0.113
2023-08-02 07:00:00+00:00,30.05,65.990166,0.0,32.25,0.113
2023-08-02 08:00:00+00:00,30.45,66.27104,0.1,33.6,0.113
2023-08-02 09:00:00+00:00,30.85,65.55784,0.0,34.9,0.114
2023-08-02 10:00:00+00:00,31.0,64.999016,0.1,35.8,0.114
2023-08-02 11:00:00+00:00,31.1,64.24123,0.0,36.4,0.114
2023-08-02 12:00:00+00:00,30.2,69.074135,0.0,36.35,0.118
2023-08-02 13:00:00+00:00,30.35,65.85196,0.0,36.25,0.118
2023-08-02 14:00:00+00:00,29.8,68.99832,0.0,35.85,0.118
2023-08-02 15:00:00+00:00,29.3,72.093666,0.0,35.0,0.118
2023-08-02 16:00:00+00:00,28.7,76.91722,0.0,33.8,0.118
2023-08-02 17:00:00+00:00,28.25,79.19195,0.0,32.55,0.118
2023-08-02 18:00:00+00:00,28.3,77.78647,0.0,31.6,0.118
2023-08-02 19:00:00+00:00,28.25,78.954956,0.0,30.85,0.117
2023-08-02 20:00:00+00:00,28.0,82.546684,0.0,30.3,0.117
2023-08-02 21:00:00+00:00,28.0,83.28919,0.0,29.85,0.117
2023-08-02 22:00:00+00:00,27.95,82.54081,0.0,29.5,0.117
2023-08-02 23:00:00+00:00,27.7,84.25621,0.0,29.2,0.117
2023-08-03 00:00:00+00:00,27.95,83.28356,0.0,30.05,0.116
2023-08-03 01:00:00+00:00,28.1,81.334496,0.0,29.6,0.117
2023-08-03 02:00:00+00:00,27.85,81.30327,0.0,29.2,0.117
2023-08-03 03:00:00+00:00,27.7,81.52859,0.0,28.9,0.117
2023-08-03 04:00:00+00:00,28.2,75.23839,0.0,28.95,0.117
2023-08-03 05:00:00+00:00,28.8,71.57212,0.0,29.65,0.117
2023-08-03 06:00:00+00:00,29.45,68.93174,0.0,30.85,0.117
2023-08-03 07:00:00+00:00,29.9,67.16813,0.0,32.25,0.116
2023-08-03 08:00:00+00:00,30.4,65.26795,0.0,33.8,0.116
2023-08-03 09:00:00+00:00,30.6,63.363934,0.0,35.2,0.116
2023-08-03 10:00:00+00:00,30.65,62.99182,0.0,36.3,0.115
2023-08-03 11:00:00+00:00,30.85,61.338535,0.0,37.0,0.115
2023-08-03 12:00:00+00:00,30.95,63.630802,0.0,37.4,0.122
2023-08-03 13:00:00+00:00,30.8,66.74179,0.0,37.1,0.121
2023-08-03 14:00:00+00:00,30.1,70.10064,0.0,36.35,0.121
2023-08-03 15:00:00+00:00,29.65,72.58908,0.0,35.3,0.121
2023-08-03 16:00:00+00:00,29.1,75.60736,0.0,34.05,0.121
2023-08-03 17:00:00+00:00,28.6,78.06339,0.0,32.8,0.121
2023-08-03 18:00:00+00:00,28.55,75.976456,0.0,31.85,0.121
2023-08-03 19:00:00+00:00,28.6,74.17687,0.0,31.1,0.121
2023-08-03 20:00:00+00:00,28.45,77.11092,0.0,30.5,0.121
2023-08-03 21:00:00+00:00,28.4,78.03471,0.0,30.1,0.121
2023-08-03 22:00:00+00:00,28.4,78.03471,0.0,29.75,0.121
2023-08-03 23:00:00+00:00,28.25,78.0131,0.0,29.45,0.121
2023-08-04 00:00:00+00:00,28.0,82.546684,0.0,30.3,0.113
2023-08-04 01:00:00+00:00,28.05,81.32825,0.0,29.95,0.113
2023-08-04 02:00:00+00:00,27.75,82.517265,0.0,29.55,0.113
2023-08-04 03:00:00+00:00,27.7,83.25526,0.0,29.3,0.113
2023-08-04 04:00:00+00:00,28.55,75.748405,0.0,29.45,0.113
2023-08-04 05:00:00+00:00,29.15,72.940384,0.0,30.25,0.113
2023-08-04 06:00:00+00:00,29.85,69.63418,0.0,31.65,0.113
2023-08-04 07:00:00+00:00,30.6,66.10182,0.0,33.3,0.113
2023-08-04 08:00:00+00:00,31.0,64.608574,0.0,34.85,0.113
2023-08-04 09:00:00+00:00,31.05,64.61904,0.0,36.0,0.113
2023-08-04 10:00:00+00:00,31.4,63.343845,0.0,36.9,0.113
2023-08-04 11:00:00+00:00,31.05,65.99434,0.0,37.45,0.112
2023-08-04 12:00:00+00:00,30.3,65.84179,0.0,37.65,0.116
2023-08-04 13:00:00+00:00,30.3,65.44495,0.0,37.3,0.116
2023-08-04 14:00:00+00:00,30.0,69.8719,0.0,36.6,0.116
2023-08-04 15:00:00+00:00,29.45,74.539185,0.0,35.55,0.116
2023-08-04 16:00:00+00:00,29.05,76.281876,0.0,34.3,0.115
2023-08-04 17:00:00+00:00,28.75,78.084885,0.0,33.0,0.115
2023-08-04 18:00:00+00:00,28.7,77.611694,0.0,32.0,0.115
2023-08-04 19:00:00+00:00,28.75,77.38695,0.0,31.3,0.115
2023-08-04 20:00:00+00:00,28.95,75.58383,0.0,30.85,0.115
2023-08-04 21:00:00+00:00,28.75,77.15554,0.0,30.4,0.115
2023-08-04 22:00:00+00:00,28.45,78.51103,0.0,30.0,0.115
2023-08-04 23:00:00+00:00,28.05,80.11986,0.0,29.6,0.115
2023-08-05 00:00:00+00:00,28.55,80.18568,0.0,30.75,0.115
2023-08-05 01:00:00+00:00,28.35,81.36563,0.0,30.25,0.115
2023-08-05 02:00:00+00:00,28.2,82.324234,0.0,29.85,0.115
2023-08-05 03:00:00+00:00,27.95,84.282974,0.0,29.55,0.115
2023-08-05 04:00:00+00:00,28.45,80.41239,0.0,29.65,0.115
2023-08-05 05:00:00+00:00,29.2,76.53324,0.1,30.3,0.116
2023-08-05 06:00:00+00:00,29.9,72.84981,0.0,31.45,0.116
2023-08-05 07:00:00+00:00,30.5,67.48958,0.0,33.0,0.116
2023-08-05 08:00:00+00:00,30.95,64.403656,0.0,34.6,0.116
2023-08-05 09:00:00+00:00,31.3,64.67118,0.0,36.05,0.115
2023-08-05 10:00:00+00:00,31.45,65.483826,0.0,37.15,0.115
2023-08-05 11:00:00+00:00,31.6,65.514534,0.0,37.75,0.115
2023-08-05 12:00:00+00:00,30.75,68.354034,0.0,38.15,0.114
2023-08-05 13:00:00+00:00,31.0,68.40206,0.0,37.75,0.114
2023-08-05 14:00:00+00:00,30.5,71.872475,0.0,37.05,0.114
2023-08-05 15:00:00+00:00,29.85,75.27454,0.0,35.95,0.114
2023-08-05 16:00:00+00:00,29.4,77.945335,0.0,34.65,0.114
2023-08-05 17:00:00+00:00,29.2,79.321724,0.0,33.35,0.114
2023-08-05 18:00:00+00:00,29.3,80.04577,0.0,32.4,0.114
2023-08-05 19:00:00+00:00,29.15,81.464836,0.0,31.7,0.114
2023-08-05 20:00:00+00:00,28.7,82.874504,0.0,31.1,0.114
2023-08-05 21:00:00+00:00,28.35,84.32567,0.0,30.55,0.114
2023-08-05 22:00:00+00:00,28.0,86.06204,0.0,30.1,0.114
2023-08-05 23:00:00+00:00,27.55,88.88039,0.0,29.65,0.114
2023-08-06 00:00:00+00:00,28.4,83.08681,0.0,30.6,0.114
2023-08-06 01:00:00+00:00,28.4,83.08681,0.0,30.2,0.114
2023-08-06 02:00:00+00:00,28.1,85.054756,0.0,29.85,0.114
2023-08-06 03:00:00+00:00,27.75,87.32696,0.0,29.55,0.114
2023-08-06 04:00:00+00:00,28.35,82.58776,0.0,29.65,0.114
2023-08-06 05:00:00+00:00,29.25,77.460365,0.0,30.3,0.114
2023-08-06 06:00:00+00:00,30.0,73.30375,0.0,31.45,0.114
2023-08-06 07:00:00+00:00,30.45,71.00997,0.0,32.85,0.114
2023-08-06 08:00:00+00:00,31.0,68.19765,0.0,34.3,0.114
2023-08-06 09:00:00+00:00,31.4,65.473595,0.0,35.65,0.114
2023-08-06 10:00:00+00:00,31.4,66.4622,0.1,36.65,0.115
2023-08-06 11:00:00+00:00,31.35,67.05173,0.0,37.25,0.115
2023-08-06 12:00:00+00:00,30.9,65.76575,0.0,37.4,0.116
2023-08-06 13:00:00+00:00,31.05,64.03735,0.0,37.2,0.116
2023-08-06 14:00:00+00:00,30.2,69.074135,0.0,36.5,0.115
2023-08-06 15:00:00+00:00,29.6,69.58742,0.0,35.45,0.115
2023-08-06 16:00:00+00:00,29.2,68.467964,0.0,34.2,0.115
2023-08-06 17:00:00+00:00,28.7,74.41707,0.0,32.85,0.115
2023-08-06 18:00:00+00:00,28.85,71.58101,0.0,31.9,0.115
2023-08-06 19:00:00+00:00,28.7,71.12255,0.0,31.15,0.115
2023-08-06 20:00:00+00:00,28.4,73.03242,0.0,30.55,0.115
2023-08-06 21:00:00+00:00,28.35,73.24504,0.0,30.1,0.115
2023-08-06 22:00:00+00:00,28.25,73.89549,0.0,29.75,0.115
2023-08-06 23:00:00+00:00,28.0,75.20653,0.0,29.45,0.115
2023-08-07 00:00:00+00:00,27.7,79.35466,0.0,30.4,0.115
2023-08-07 01:00:00+00:00,27.45,81.742676,0.0,29.85,0.115
2023-08-07 02:00:00+00:00,27.4,81.246864,0.0,29.45,0.115
2023-08-07 03:00:00+00:00,27.25,79.293106,0.0,29.05,0.115
2023-08-07 04:00:00+00:00,27.9,73.16852,0.0,29.1,0.115
2023-08-07 05:00:00+00:00,28.55,68.969215,0.0,29.85,0.115
2023-08-07 06:00:00+00:00,29.25,65.22796,0.0,31.15,0.115
2023-08-07 07:00:00+00:00,29.95,61.70073,0.0,32.75,0.115
2023-08-07 08:00:00+00:00,30.45,59.773026,0.0,34.45,0.114
2023-08-07 09:00:00+00:00,30.9,58.432934,0.0,35.95,0.114
2023-08-07 10:00:00+00:00,31.05,58.646465,0.0,37.1,0.114
2023-08-07 11:00:00+00:00,31.1,58.479523,0.0,37.75,0.113
2023-08-07 12:00:00+00:00,30.55,60.529884,0.0,37.9,0.113
2023-08-07 13:00:00+00:00,30.5,61.822376,0.0,37.7,0.113
2023-08-07 14:00:00+00:00,30.0,66.58156,0.0,37.0,0.113
2023-08-07 15:00:00+00:00,29.45,69.14039,0.0,35.95,0.113
2023-08-07 16:00:00+00:00,28.85,71.14958,0.0,34.55,0.113
2023-08-07 17:00:00+00:00,28.3,77.55325,0.0,33.1,0.113
2023-08-07 18:00:00+00:00,28.25,79.90672,0.0,32.0,0.113
2023-08-07 19:00:00+00:00,28.25,78.0131,0.0,31.15,0.113
2023-08-07 20:00:00+00:00,28.25,78.24766,0.0,30.55,0.113
2023-08-07 21:00:00+00:00,28.2,78.47574,0.0,30.05,0.113
2023-08-07 22:00:00+00:00,28.05,79.16451,0.0,29.7,0.113
2023-08-07 23:00:00+00:00,27.8,81.29701,0.0,29.4,0.113
2023-08-08 00:00:00+00:00,28.1,79.409195,0.0,30.25,0.113
2023-08-08 01:00:00+00:00,27.75,80.80462,0.0,29.8,0.113
2023-08-08 02:00:00+00:00,27.45,81.98844,0.0,29.35,0.113
2023-08-08 03:00:00+00:00,27.1,82.937515,0.0,28.95,0.113
2023-08-08 04:00:00+00:00,27.75,78.64844,0.0,29.05,0.113
2023-08-08 05:00:00+00:00,28.5,75.059784,0.0,29.85,0.113
2023-08-08 06:00:00+00:00,29.3,71.01609,0.0,31.1,0.113
2023-08-08 07:00:00+00:00,30.0,66.38048,0.0,32.55,0.112
2023-08-08 08:00:00+00:00,30.5,64.50394,0.0,33.95,0.112
2023-08-08 09:00:00+00:00,30.85,62.844463,0.0,35.25,0.112
2023-08-08 10:00:00+00:00,30.9,62.855297,0.0,36.25,0.112
2023-08-08 11:00:00+00:00,30.55,64.70978,0.0,36.7,0.112
2023-08-08 12:00:00+00:00,29.4,68.093,0.0,37.2,0.112
2023-08-08 13:00:00+00:00,29.8,63.966423,0.0,37.0,0.111
2023-08-08 14:00:00+00:00,29.8,60.545403,0.0,36.45,0.111
2023-08-08 15:00:00+00:00,29.2,67.43731,0.0,35.45,0.111
2023-08-08 16:00:00+00:00,28.7,71.77104,0.0,34.15,0.111
2023-08-08 17:00:00+00:00,28.4,73.92044,0.0,32.85,0.111
2023-08-08 18:00:00+00:00,28.35,73.4668,0.0,31.85,0.111
2023-08-08 19:00:00+00:00,28.3,75.02778,0.0,31.1,0.111
2023-08-08 20:00:00+00:00,28.2,76.61123,0.0,30.5,0.111
2023-08-08 21:00:00+00:00,28.0,78.68354,0.0,30.05,0.111
2023-08-08 22:00:00+00:00,27.8,80.32763,0.0,29.6,0.111
2023-08-08 23:00:00+00:00,27.45,82.481865,0.0,29.25,0.111
2023-08-09 00:00:00+00:00,28.2,72.118614,0.0,30.8,0.111
2023-08-09 01:00:00+00:00,27.85,74.05294,0.0,30.1,0.111
2023-08-09 02:00:00+00:00,27.35,78.35512,0.0,29.55,0.111
2023-08-09 03:00:00+00:00,27.25,79.77301,0.0,29.1,0.111
2023-08-09 04:00:00+00:00,28.15,71.67342,0.0,29.15,0.111
2023-08-09 05:00:00+00:00,28.8,66.94895,0.0,29.9,0.111
2023-08-09 06:00:00+00:00,29.45,63.11628,0.0,31.1,0.111
2023-08-09 07:00:00+00:00,29.85,61.678555,0.0,32.55,0.111
2023-08-09 08:00:00+00:00,30.1,62.111538,0.0,34.05,0.111
2023-08-09 09:00:00+00:00,30.2,63.47057,0.0,35.3,0.111
2023-08-09 10:00:00+00:00,30.3,64.462006,0.0,36.35,0.111
2023-08-09 11:00:00+00:00,30.55,64.70978,0.0,37.1,0.11
2023-08-09 12:00:00+00:00,30.1,67.61453,0.0,37.15,0.11
2023-08-09 13:00:00+00:00,30.3,66.240715,0.0,36.9,0.11
2023-08-09 14:00:00+00:00,29.95,67.585075,0.0,36.45,0.11
2023-08-09 15:00:00+00:00,29.45,68.30916,0.0,35.55,0.11
2023-08-09 16:00:00+00:00,28.85,69.86891,0.0,34.25,0.11
2023-08-09 17:00:00+00:00,28.5,71.30225,0.0,32.95,0.11
2023-08-09 18:00:00+00:00,28.45,72.381226,0.0,31.95,0.11
2023-08-09 19:00:00+00:00,28.1,76.82708,0.0,31.1,0.11
2023-08-09 20:00:00+00:00,27.95,79.15075,0.0,30.45,0.11
2023-08-09 21:00:00+00:00,27.85,80.093445,0.0,29.95,0.11
2023-08-09 22:00:00+00:00,27.75,80.56253,0.0,29.55,0.11
2023-08-09 23:00:00+00:00,27.4,82.72373,0.0,29.15,0.11
2023-08-10 00:00:00+00:00,28.25,78.24766,0.0,30.1,0.11
2023-08-10 01:00:00+00:00,28.2,78.711555,0.0,29.85,0.11
2023-08-10 02:00:00+00:00,27.85,81.79165,0.0,29.55,0.11
2023-08-10 03:00:00+00:00,26.9,89.361115,0.0,29.15,0.11
2023-08-10 04:00:00+00:00,28.3,77.55325,0.0,29.25,0.11
2023-08-10 05:00:00+00:00,29.1,73.59281,0.0,30.05,0.11
2023-08-10 06:00:00+00:00,29.85,69.0078,0.0,31.45,0.11
2023-08-10 07:00:00+00:00,30.6,65.90289,0.0,33.1,0.11
2023-08-10 08:00:00+00:00,30.85,64.38267,0.0,34.45,0.11
2023-08-10 09:00:00+00:00,31.0,64.02676,0.0,35.45,0.11
2023-08-10 10:00:00+00:00,31.3,63.32246,0.0,36.45,0.11
2023-08-10 11:00:00+00:00,31.35,62.762802,0.0,37.2,0.11
2023-08-10 12:00:00+00:00,30.75,63.97388,0.0,37.75,0.115
2023-08-10 13:00:00+00:00,30.45,66.07142,0.0,37.45,0.115
2023-08-10 14:00:00+00:00,30.0,68.82871,0.0,36.7,0.115
2023-08-10 15:00:00+00:00,29.6,71.71401,0.0,35.65,0.115
2023-08-10 16:00:00+00:00,29.0,74.68994,0.0,34.35,0.115
2023-08-10 17:00:00+00:00,28.7,77.611694,0.0,33.05,0.115
2023-08-10 18:00:00+00:00,28.55,78.7605,0.0,32.05,0.115
2023-08-10 19:00:00+00:00,28.35,79.681274,0.0,31.25,0.115
2023-08-10 20:00:00+00:00,28.25,79.90672,0.0,30.65,0.115
2023-08-10 21:00:00+00:00,28.2,79.422775,0.0,30.2,0.115
2023-08-10 22:00:00+00:00,28.0,81.078995,0.0,29.8,0.115
2023-08-10 23:00:00+00:00,27.7,84.005,0.0,29.4,0.115
2023-08-11 00:00:00+00:00,28.55,79.70813,0.0,30.65,0.11
2023-08-11 01:00:00+00:00,28.5,77.815475,0.0,30.05,0.11
2023-08-11 02:00:00+00:00,28.15,80.37334,0.0,29.65,0.11
2023-08-11 03:00:00+00:00,27.95,81.31577,0.0,29.3,0.11
2023-08-11 04:00:00+00:00,28.55,76.66425,0.0,29.3,0.11
2023-08-11 05:00:00+00:00,29.1,72.71267,0.0,30.0,0.11
2023-08-11 06:00:00+00:00,29.7,70.23793,0.0,31.2,0.11
2023-08-11 07:00:00+00:00,30.15,68.44415,0.0,32.7,0.11
2023-08-11 08:00:00+00:00,30.55,65.496346,0.0,34.2,0.11
2023-08-11 09:00:00+00:00,30.85,63.60948,0.0,35.6,0.11
2023-08-11 10:00:00+00:00,30.95,64.01621,0.0,36.7,0.11
2023-08-11 11:00:00+00:00,30.9,65.76575,0.0,37.5,0.11
2023-08-11 12:00:00+00:00,30.45,69.121414,0.0,38.2,0.116
2023-08-11 13:00:00+00:00,30.4,69.31967,0.0,37.8,0.116
2023-08-11 14:00:00+00:00,30.2,69.909004,0.0,37.05,0.116
2023-08-11 15:00:00+00:00,29.6,72.14607,0.0,35.95,0.116
2023-08-11 16:00:00+00:00,29.05,74.47416,0.0,34.6,0.116
2023-08-11 17:00:00+00:00,28.7,77.379616,0.0,33.2,0.116
2023-08-11 18:00:00+00:00,28.35,79.681274,0.0,32.1,0.116
2023-08-11 19:00:00+00:00,28.0,83.538025,0.0,31.2,0.116
2023-08-11 20:00:00+00:00,27.7,86.54698,0.0,30.5,0.116
2023-08-11 21:00:00+00:00,27.4,88.604935,0.0,29.95,0.116
2023-08-11 22:00:00+00:00,27.05,90.17381,0.0,29.45,0.116
2023-08-11 23:00:00+00:00,27.2,87.27854,0.0,29.05,0.116
2023-08-12 00:00:00+00:00,27.4,87.55657,0.0,29.9,0.109
2023-08-12 01:00:00+00:00,27.65,87.0589,0.0,29.55,0.109
2023-08-12 02:00:00+00:00,27.45,87.5609,0.0,29.25,0.109
2023-08-12 03:00:00+00:00,26.8,93.15453,0.0,28.9,0.109
2023-08-12 04:00:00+00:00,27.9,86.30866,0.0,29.1,0.109
2023-08-12 05:00:00+00:00,28.8,78.79534,0.0,30.1,0.109
2023-08-12 06:00:00+00:00,29.75,72.38899,0.0,31.75,0.109
2023-08-12 07:00:00+00:00,30.75,67.13417,0.0,33.55,0.109
2023-08-12 08:00:00+00:00,31.15,65.03008,0.0,35.3,0.109
2023-08-12 09:00:00+00:00,31.2,63.110306,0.0,36.7,0.109
2023-08-12 10:00:00+00:00,31.35,63.524258,0.0,37.8,0.109
2023-08-12 11:00:00+00:00,31.8,63.42927,0.0,38.5,0.109
2023-08-12 12:00:00+00:00,31.95,61.954002,0.0,39.05,0.109
2023-08-12 13:00:00+00:00,31.9,61.20111,0.0,39.05,0.109
2023-08-12 14:00:00+00:00,31.5,62.60625,0.0,38.55,0.109
2023-08-12 15:00:00+00:00,30.45,70.58644,0.0,37.45,0.109
2023-08-12 16:00:00+00:00,29.6,77.51157,0.0,35.9,0.109
2023-08-12 17:00:00+00:00,28.8,84.37351,0.0,34.25,0.109
2023-08-12 18:00:00+00:00,28.05,90.242744,0.0,32.8,0.109
2023-08-12 19:00:00+00:00,27.35,93.45719,0.0,31.65,0.109
2023-08-12 20:00:00+00:00,27.6,87.05442,0.0,30.7,0.109
2023-08-12 21:00:00+00:00,27.7,84.5081,0.0,30.0,0.109
2023-08-12 22:00:00+00:00,27.7,89.156,0.0,29.45,0.109
2023-08-12 23:00:00+00:00,27.15,92.621506,0.0,29.05,0.109
2023-08-13 00:00:00+00:00,27.35,92.35836,0.0,27.15,0.109
2023-08-13 01:00:00+00:00,26.5,93.41717,0.0,27.2,0.109
2023-08-13 02:00:00+00:00,26.3,92.026,0.0,27.1,0.109
2023-08-13 03:00:00+00:00,25.45,95.05928,0.0,27.05,0.109
2023-08-13 04:00:00+00:00,27.0,88.309204,0.0,27.4,0.109
2023-08-13 05:00:00+00:00,28.7,81.1671,0.0,28.7,0.109
2023-08-13 06:00:00+00:00,30.45,72.50991,0.0,30.45,0.109
2023-08-13 07:00:00+00:00,33.1,60.01245,0.0,32.85,0.109
2023-08-13 08:00:00+00:00,34.85,52.97645,0.0,35.4,0.109
2023-08-13 09:00:00+00:00,35.75,51.475494,0.0,37.8,0.109
2023-08-13 10:00:00+00:00,35.35,54.548473,0.0,39.45,0.109
2023-08-13 11:00:00+00:00,34.7,53.258896,0.0,40.35,0.109
2023-08-13 12:00:00+00:00,33.85,61.08374,0.0,40.3,0.108
2023-08-13 13:00:00+00:00,33.75,59.26753,0.0,40.2,0.108
2023-08-13 14:00:00+00:00,33.3,60.237465,0.0,39.6,0.108
2023-08-13 15:00:00+00:00,32.35,66.454,0.0,38.5,0.108
2023-08-13 16:00:00+00:00,30.85,83.363014,0.0,36.9,0.108
2023-08-13 17:00:00+00:00,30.25,85.2719,0.0,35.2,0.108
2023-08-13 18:00:00+00:00,30.25,82.8083,0.0,33.9,0.108
2023-08-13 19:00:00+00:00,29.95,82.77375,0.0,32.85,0.108
2023-08-13 20:00:00+00:00,28.45,87.38819,0.0,31.9,0.108
2023-08-13 21:00:00+00:00,28.7,84.36288,0.0,31.1,0.108
2023-08-13 22:00:00+00:00,28.3,83.82042,0.0,30.55,0.108
2023-08-13 23:00:00+00:00,27.15,89.64606,0.0,29.85,0.108
2023-08-14 00:00:00+00:00,28.1,77.52389,0.0,28.05,0.108
2023-08-14 01:00:00+00:00,26.85,82.65933,0.0,27.9,0.108
2023-08-14 02:00:00+00:00,26.9,83.164215,0.0,27.7,0.108
2023-08-14 03:00:00+00:00,26.6,80.656555,0.0,27.65,0.108
2023-08-14 04:00:00+00:00,27.8,75.85977,0.0,27.95,0.108
2023-08-14 05:00:00+00:00,29.9,68.60257,0.0,29.15,0.108
2023-08-14 06:00:00+00:00,31.85,61.932076,0.0,31.25,0.108
2023-08-14 07:00:00+00:00,33.1,58.765068,0.0,33.45,0.108
2023-08-14 08:00:00+00:00,33.95,55.86505,0.0,35.65,0.108
2023-08-14 09:00:00+00:00,34.1,53.110706,0.0,37.5,0.108
2023-08-14 10:00:00+00:00,34.15,53.768288,0.0,38.85,0.108
2023-08-14 11:00:00+00:00,34.25,54.938137,0.0,39.8,0.108
2023-08-14 12:00:00+00:00,32.7,68.9293,0.0,39.85,0.108
2023-08-14 13:00:00+00:00,32.75,66.53379,0.0,39.65,0.108
2023-08-14 14:00:00+00:00,32.2,71.111885,0.0,38.95,0.108
2023-08-14 15:00:00+00:00,31.85,75.36623,0.0,37.85,0.108
2023-08-14 16:00:00+00:00,30.4,81.37872,0.0,36.3,0.108
2023-08-14 17:00:00+00:00,29.95,82.53038,0.0,34.7,0.108
2023-08-14 18:00:00+00:00,29.95,86.4999,0.0,33.5,0.108
2023-08-14 19:00:00+00:00,29.7,85.21679,0.0,32.6,0.108
2023-08-14 20:00:00+00:00,29.65,84.463295,0.0,31.9,0.108
2023-08-14 21:00:00+00:00,29.25,87.71495,0.0,31.3,0.108
2023-08-14 22:00:00+00:00,29.15,88.74297,0.0,30.85,0.108
2023-08-14 23:00:00+00:00,28.85,89.76871,0.0,30.45,0.108
2023-08-15 00:00:00+00:00,28.1,91.586525,0.0,30.4,0.108
2023-08-15 01:00:00+00:00,28.4,88.161995,0.0,30.05,0.108
2023-08-15 02:00:00+00:00,28.3,87.37513,0.0,29.75,0.108
2023-08-15 03:00:00+00:00,28.5,85.60135,0.0,29.25,0.108
2023-08-15 04:00:00+00:00,28.7,82.383484,0.0,29.45,0.108
2023-08-15 05:00:00+00:00,29.55,77.04409,0.0,30.45,0.108
2023-08-15 06:00:00+00:00,30.25,72.692154,0.0,31.85,0.108
2023-08-15 07:00:00+00:00,30.85,70.0291,0.0,33.55,0.108
2023-08-15 08:00:00+00:00,31.25,69.272026,0.0,35.3,0.108
2023-08-15 09:00:00+00:00,31.45,66.07531,0.0,36.85,0.108
2023-08-15 10:00:00+00:00,31.95,61.582115,0.0,38.05,0.108
2023-08-15 11:00:00+00:00,32.15,61.072483,0.0,38.85,0.108
2023-08-15 12:00:00+00:00,31.2,65.629456,0.0,38.8,0.108
2023-08-15 13:00:00+00:00,31.4,67.665764,0.0,38.5,0.108
2023-08-15 14:00:00+00:00,30.85,71.71991,0.0,37.8,0.108
2023-08-15 15:00:00+00:00,29.95,77.332695,0.0,36.6,0.108
2023-08-15 16:00:00+00:00,29.2,81.22969,0.0,35.1,0.108
2023-08-15 17:00:00+00:00,29.15,82.43661,0.0,33.7,0.108
2023-08-15 18:00:00+00:00,29.35,81.973564,0.0,32.75,0.108
2023-08-15 19:00:00+00:00,29.3,82.94348,0.0,32.1,0.108
2023-08-15 20:00:00+00:00,28.8,85.12597,0.0,31.45,0.108
2023-08-15 21:00:00+00:00,28.65,84.859055,0.0,30.9,0.108
2023-08-15 22:00:00+00:00,28.5,85.85524,0.0,30.45,0.108
2023-08-15 23:00:00+00:00,28.2,88.66831,0.0,30.05,0.108
2023-08-16 00:00:00+00:00,28.5,86.87748,0.0,30.8,0.108
2023-08-16 01:00:00+00:00,28.4,86.61174,0.0,30.35,0.108
2023-08-16 02:00:00+00:00,28.15,86.84578,0.0,29.95,0.108
2023-08-16 03:00:00+00:00,27.9,88.90755,0.0,29.65,0.108
2023-08-16 04:00:00+00:00,28.6,83.853264,0.0,29.7,0.108
2023-08-16 05:00:00+00:00,29.2,79.795006,0.0,30.6,0.108
2023-08-16 06:00:00+00:00,30.05,74.63628,0.0,32.0,0.108
2023-08-16 07:00:00+00:00,30.7,69.79239,0.0,33.65,0.108
2023-08-16 08:00:00+00:00,31.4,63.91859,0.0,35.4,0.108
2023-08-16 09:00:00+00:00,31.75,59.525883,0.0,36.9,0.108
2023-08-16 10:00:00+00:00,31.75,61.167786,0.0,37.95,0.108
2023-08-16 11:00:00+00:00,31.7,63.598763,0.0,38.5,0.108
2023-08-16 12:00:00+00:00,31.4,64.88664,0.0,38.9,0.108
2023-08-16 13:00:00+00:00,30.85,68.57832,0.0,38.5,0.108
2023-08-16 14:00:00+00:00,30.35,70.77983,0.0,37.65,0.108
2023-08-16 15:00:00+00:00,29.75,73.261604,0.0,36.5,0.108
2023-08-16 16:00:00+00:00,29.3,75.63867,0.0,35.1,0.108
2023-08-16 17:00:00+00:00,29.0,77.19261,0.0,33.65,0.108
2023-08-16 18:00:00+00:00,28.8,80.21846,0.0,32.6,0.108
2023-08-16 19:00:00+00:00,28.6,83.604706,0.0,31.75,0.108
2023-08-16 20:00:00+00:00,28.05,87.09466,0.0,31.05,0.108
2023-08-16 21:00:00+00:00,28.15,87.62114,0.0,30.55,0.108
2023-08-16 22:00:00+00:00,28.35,83.82589,0.0,30.15,0.108
2023-08-16 23:00:00+00:00,28.1,85.81641,0.0,29.8,0.108
2023-08-17 00:00:00+00:00,27.85,89.96255,0.0,30.8,0.108
2023-08-17 01:00:00+00:00,27.85,87.59536,0.0,30.3,0.108
2023-08-17 02:00:00+00:00,27.9,89.966125,0.0,29.95,0.108
2023-08-17 03:00:00+00:00,27.65,91.28941,0.1,29.65,0.109
2023-08-17 04:00:00+00:00,28.25,84.817726,0.0,29.7,0.109
2023-08-17 05:00:00+00:00,29.0,79.53112,0.0,30.3,0.109
2023-08-17 06:00:00+00:00,29.75,74.36531,0.0,31.4,0.109
2023-08-17 07:00:00+00:00,30.6,67.50922,0.0,32.95,0.109
2023-08-17 08:00:00+00:00,31.2,63.684,0.0,34.7,0.109
2023-08-17 09:00:00+00:00,31.5,62.22975,0.0,36.25,0.109
2023-08-17 10:00:00+00:00,31.6,61.690792,0.0,37.45,0.109
2023-08-17 11:00:00+00:00,31.4,62.77364,0.0,38.15,0.109
2023-08-17 12:00:00+00:00,30.75,61.13023,0.0,38.45,0.108
2023-08-17 13:00:00+00:00,30.65,62.611027,0.0,38.2,0.108
2023-08-17 14:00:00+00:00,30.0,65.97996,0.0,37.5,0.108
2023-08-17 15:00:00+00:00,29.7,66.31987,0.0,36.35,0.108
2023-08-17 16:00:00+00:00,29.2,70.357956,0.0,34.9,0.108
2023-08-17 17:00:00+00:00,28.9,73.78105,0.0,33.5,0.108
2023-08-17 18:00:00+00:00,28.65,78.070595,0.0,32.4,0.108
2023-08-17 19:00:00+00:00,28.35,82.58776,0.0,31.55,0.108
2023-08-17 20:00:00+00:00,27.5,89.67147,0.0,30.8,0.108
2023-08-17 21:00:00+00:00,27.45,85.75296,0.0,30.2,0.108
2023-08-17 22:00:00+00:00,28.5,80.659294,0.0,29.65,0.108
2023-08-17 23:00:00+00:00,27.6,84.497536,0.0,29.2,0.108
2023-08-18 00:00:00+00:00,27.7,86.804825,0.0,30.3,0.108
2023-08-18 01:00:00+00:00,27.4,88.34181,0.0,29.9,0.108
2023-08-18 02:00:00+00:00,27.05,90.71165,0.0,29.35,0.108
2023-08-18 03:00:00+00:00,26.6,93.14468,0.0,28.95,0.108
2023-08-18 04:00:00+00:00,27.6,87.57384,0.0,29.1,0.108
2023-08-18 05:00:00+00:00,28.5,82.11498,0.0,29.95,0.108
2023-08-18 06:00:00+00:00,29.75,76.16152,0.0,31.55,0.108
2023-08-18 07:00:00+00:00,30.75,69.38536,0.0,33.45,0.108
2023-08-18 08:00:00+00:00,31.3,68.05186,0.0,35.15,0.108
2023-08-18 09:00:00+00:00,31.5,67.483444,0.0,36.65,0.108
2023-08-18 10:00:00+00:00,31.55,65.30827,0.0,37.65,0.108
2023-08-18 11:00:00+00:00,31.6,65.12304,0.0,38.3,0.108
2023-08-18 12:00:00+00:00,31.1,68.626076,0.0,38.45,0.108
2023-08-18 13:00:00+00:00,30.7,69.79239,0.0,38.15,0.108
2023-08-18 14:00:00+00:00,30.55,69.76457,0.0,37.45,0.108
2023-08-18 15:00:00+00:00,29.9,74.16802,0.0,36.3,0.108
2023-08-18 16:00:00+00:00,29.35,77.0143,0.0,34.85,0.108
2023-08-18 17:00:00+00:00,28.95,79.99954,0.0,33.5,0.108
2023-08-18 18:00:00+00:00,28.65,83.61028,0.0,32.4,0.108
2023-08-18 19:00:00+00:00,27.95,88.91143,0.0,31.5,0.108
2023-08-18 20:00:00+00:00,27.85,88.11665,0.0,30.75,0.108
2023-08-18 21:00:00+00:00,28.1,85.81641,0.0,30.2,0.108
2023-08-18 22:00:00+00:00,27.5,89.140785,0.0,29.7,0.108
2023-08-18 23:00:00+00:00,28.55,81.1483,0.0,29.2,0.108
2023-08-19 00:00:00+00:00,28.5,88.17019,0.0,30.0,0.108
2023-08-19 01:00:00+00:00,27.85,92.93163,0.0,29.7,0.108
2023-08-19 02:00:00+00:00,28.0,90.50616,0.0,29.55,0.108
2023-08-19 03:00:00+00:00,28.4,87.90195,0.0,29.55,0.108
2023-08-19 04:00:00+00:00,28.65,86.12412,0.0,29.7,0.109
2023-08-19 05:00:00+00:00,29.3,82.45424,0.1,30.5,0.109
2023-08-19 06:00:00+00:00,30.3,76.019775,0.0,31.8,0.11
2023-08-19 07:00:00+00:00,31.25,69.89421,0.1,33.45,0.11
2023-08-19 08:00:00+00:00,31.65,69.5534,0.0,35.05,0.11
2023-08-19 09:00:00+00:00,31.4,68.27466,0.0,36.0,0.11
2023-08-19 10:00:00+00:00,31.8,65.16426,0.0,36.95,0.11
2023-08-19 11:00:00+00:00,31.75,64.37762,0.0,37.55,0.11
2023-08-19 12:00:00+00:00,31.5,68.090454,0.0,38.35,0.108
2023-08-19 13:00:00+00:00,31.0,69.43217,0.0,38.0,0.108
2023-08-19 14:00:00+00:00,30.6,69.98299,0.0,37.25,0.108
2023-08-19 15:00:00+00:00,30.15,72.02615,0.0,36.2,0.108
2023-08-19 16:00:00+00:00,29.55,76.13081,0.0,34.85,0.108
2023-08-19 17:00:00+00:00,29.15,79.07913,0.0,33.55,0.108
2023-08-19 18:00:00+00:00,29.05,80.72982,0.0,32.5,0.108
2023-08-19 19:00:00+00:00,28.95,81.19843,0.0,31.8,0.108
2023-08-19 20:00:00+00:00,28.7,82.874504,0.0,31.15,0.108
2023-08-19 21:00:00+00:00,28.3,84.57132,0.0,30.6,0.108
2023-08-19 22:00:00+00:00,27.25,90.99436,0.0,30.0,0.108
2023-08-19 23:00:00+00:00,28.5,79.70141,0.0,29.45,0.108
2023-08-20 00:00:00+00:00,27.8,87.07234,0.0,30.8,0.108
2023-08-20 01:00:00+00:00,28.25,84.06464,0.0,30.15,0.108
2023-08-20 02:00:00+00:00,28.2,84.05924,0.0,29.55,0.108
2023-08-20 03:00:00+00:00,27.55,86.018875,0.0,29.1,0.108
2023-08-20 04:00:00+00:00,28.65,79.01028,0.0,29.15,0.108
2023-08-20 05:00:00+00:00,29.65,73.0256,0.0,30.1,0.108
2023-08-20 06:00:00+00:00,30.3,69.7181,0.0,31.5,0.108
2023-08-20 07:00:00+00:00,30.9,65.17439,0.0,33.15,0.108
2023-08-20 08:00:00+00:00,31.35,62.952427,0.0,34.8,0.108
2023-08-20 09:00:00+00:00,31.6,63.960842,0.0,36.2,0.108
2023-08-20 10:00:00+00:00,31.5,64.7128,0.0,37.2,0.108
2023-08-20 11:00:00+00:00,31.35,65.26712,0.0,37.9,0.108
2023-08-20 12:00:00+00:00,31.15,64.25177,0.0,38.2,0.108
2023-08-20 13:00:00+00:00,30.85,63.80202,0.0,37.95,0.108
2023-08-20 14:00:00+00:00,30.5,66.48119,0.0,37.25,0.108
2023-08-20 15:00:00+00:00,29.8,70.89283,0.0,36.1,0.108
2023-08-20 16:00:00+00:00,29.3,73.185524,0.0,34.7,0.108
2023-08-20 17:00:00+00:00,28.9,76.25887,0.0,33.35,0.108
2023-08-20 18:00:00+00:00,28.75,77.851654,0.0,32.3,0.108
2023-08-20 19:00:00+00:00,28.6,79.23989,0.0,31.5,0.108
2023-08-20 20:00:00+00:00,28.5,79.70141,0.0,30.85,0.108
2023-08-20 21:00:00+00:00,28.2,80.379845,0.0,30.35,0.108
2023-08-20 22:00:00+00:00,28.1,80.126465,0.0,29.9,0.108
2023-08-20 23:00:00+00:00,28.2,77.77194,0.0,29.55,0.108
2023-08-21 00:00:00+00:00,27.4,77.18704,0.0,31.2,0.108
2023-08-21 01:00:00+00:00,27.4,76.489365,0.0,30.4,0.108
2023-08-21 02:00:00+00:00,27.0,76.19624,0.0,29.75,0.108
2023-08-21 03:00:00+00:00,26.65,79.21062,0.0,29.15,0.108
2023-08-21 04:00:00+00:00,28.1,74.094345,0.0,29.15,0.108
2023-08-21 05:00:00+00:00,28.9,69.455986,0.0,30.0,0.108
2023-08-21 06:00:00+00:00,29.7,65.123024,0.0,31.45,0.108
2023-08-21 07:00:00+00:00,30.4,62.17746,0.0,33.2,0.108
2023-08-21 08:00:00+00:00,30.95,59.705128,0.0,34.95,0.108
2023-08-21 09:00:00+00:00,31.25,60.320446,0.0,36.5,0.108
2023-08-21 10:00:00+00:00,31.65,59.32295,0.0,37.65,0.108
2023-08-21 11:00:00+00:00,31.65,60.410698,0.0,38.3,0.108
2023-08-21 12:00:00+00:00,31.45,56.285557,0.0,38.45,0.108
2023-08-21 13:00:00+00:00,31.25,59.773586,0.0,38.2,0.108
2023-08-21 14:00:00+00:00,30.8,64.76191,0.0,37.45,0.108
2023-08-21 15:00:00+00:00,30.15,68.23838,0.0,36.25,0.108
2023-08-21 16:00:00+00:00,29.4,73.20246,0.0,34.8,0.108
2023-08-21 17:00:00+00:00,28.95,76.954636,0.0,33.45,0.108
2023-08-21 18:00:00+00:00,28.6,79.71483,0.0,32.35,0.108
2023-08-21 19:00:00+00:00,28.35,80.639984,0.0,31.5,0.108
2023-08-21 20:00:00+00:00,28.25,81.110535,0.0,30.8,0.108
2023-08-21 21:00:00+00:00,28.05,82.55257,0.0,30.25,0.108
2023-08-21 22:00:00+00:00,27.55,85.76279,0.0,29.8,0.108
2023-08-21 23:00:00+00:00,27.2,88.58897,0.0,29.35,0.108
2023-08-22 00:00:00+00:00,28.15,85.31301,0.0,30.05,0.108
2023-08-22 01:00:00+00:00,28.45,84.58704,0.0,29.75,0.108
2023-08-22 02:00:00+00:00,27.9,87.34015,0.0,29.5,0.108
2023-08-22 03:00:00+00:00,27.2,92.898766,0.0,29.2,0.108
2023-08-22 04:00:00+00:00,27.85,88.3783,0.0,29.25,0.108
2023-08-22 05:00:00+00:00,28.8,80.938446,0.0,30.1,0.108
2023-08-22 06:00:00+00:00,29.85,74.15983,0.0,31.65,0.108
2023-08-22 07:00:00+00:00,30.95,67.57784,0.0,33.75,0.108
2023-08-22 08:00:00+00:00,31.85,63.05998,0.0,35.8,0.108
2023-08-22 09:00:00+00:00,32.15,62.184303,0.0,37.35,0.108
2023-08-22 10:00:00+00:00,32.05,63.67306,0.0,38.3,0.108
2023-08-22 11:00:00+00:00,32.25,63.906303,0.0,38.8,0.108
2023-08-22 12:00:00+00:00,31.65,65.72123,0.0,39.0,0.108
2023-08-22 13:00:00+00:00,31.7,64.36714,0.0,38.7,0.108
2023-08-22 14:00:00+00:00,31.1,66.80161,0.0,37.9,0.108
2023-08-22 15:00:00+00:00,30.4,72.285286,0.0,36.7,0.108
2023-08-22 16:00:00+00:00,29.7,76.38108,0.0,35.2,0.108
2023-08-22 17:00:00+00:00,29.25,79.56479,0.0,33.75,0.108
2023-08-22 18:00:00+00:00,28.85,82.4012,0.0,32.65,0.108
2023-08-22 19:00:00+00:00,28.35,85.08023,0.0,31.75,0.108
2023-08-22 20:00:00+00:00,28.2,85.571724,0.0,31.05,0.108
2023-08-22 21:00:00+00:00,28.05,86.32278,0.0,30.45,0.108
2023-08-22 22:00:00+00:00,27.15,91.80158,0.0,29.9,0.108
2023-08-22 23:00:00+00:00,27.35,89.12937,0.0,29.35,0.108
2023-08-23 00:00:00+00:00,28.5,86.109825,0.0,30.0,0.108
2023-08-23 01:00:00+00:00,28.0,88.915276,0.0,29.65,0.108
2023-08-23 02:00:00+00:00,27.9,88.64463,0.0,29.4,0.108
2023-08-23 03:00:00+00:00,28.1,85.81641,0.0,29.25,0.108
2023-08-23 04:00:00+00:00,28.85,79.510864,0.0,29.4,0.108
2023-08-23 05:00:00+00:00,29.9,72.6321,0.0,30.3,0.108
2023-08-23 06:00:00+00:00,30.75,67.94527,0.0,31.9,0.108
2023-08-23 07:00:00+00:00,31.6,63.386566,0.0,33.95,0.108
2023-08-23 08:00:00+00:00,32.25,61.833668,0.0,35.95,0.108
2023-08-23 09:00:00+00:00,32.4,63.367073,0.0,37.5,0.108
2023-08-23 10:00:00+00:00,32.05,66.39399,0.0,38.45,0.108
2023-08-23 11:00:00+00:00,32.2,64.664566,0.0,39.05,0.108
2023-08-23 12:00:00+00:00,31.35,65.85732,0.0,38.95,0.108
2023-08-23 13:00:00+00:00,31.35,66.65149,0.0,38.7,0.108
2023-08-23 14:00:00+00:00,30.75,69.38536,0.0,37.9,0.108
2023-08-23 15:00:00+00:00,30.3,70.559166,0.0,36.7,0.108
2023-08-23 16:00:00+00:00,29.65,75.01856,0.0,35.2,0.108
2023-08-23 17:00:00+00:00,29.2,79.086006,0.0,33.8,0.108
2023-08-23 18:00:00+00:00,28.9,80.71064,0.0,32.7,0.108
2023-08-23 19:00:00+00:00,28.6,83.356834,0.0,31.8,0.108
2023-08-23 20:00:00+00:00,28.4,84.331024,0.0,31.1,0.108
2023-08-23 21:00:00+00:00,28.4,81.61497,0.0,30.55,0.108
2023-08-23 22:00:00+00:00,28.5,80.41888,0.0,30.2,0.108
2023-08-23 23:00:00+00:00,28.5,81.3843,0.0,29.9,0.108
2023-08-24 00:00:00+00:00,29.2,76.76231,0.0,30.9,0.108
2023-08-24 01:00:00+00:00,29.1,77.20741,0.0,30.6,0.108
2023-08-24 02:00:00+00:00,28.85,78.80227,0.0,30.25,0.108
2023-08-24 03:00:00+00:00,28.45,81.1357,0.0,29.95,0.108
2023-08-24 04:00:00+00:00,29.0,77.19261,0.0,29.95,0.108
2023-08-24 05:00:00+00:00,29.75,72.82416,0.0,30.75,0.108
2023-08-24 06:00:00+00:00,30.4,68.69824,0.0,32.0,0.108
2023-08-24 07:00:00+00:00,31.1,65.01974,0.0,33.55,0.108
2023-08-24 08:00:00+00:00,31.55,62.617085,0.0,35.05,0.108
2023-08-24 09:00:00+00:00,31.65,62.26248,0.0,36.45,0.108
2023-08-24 10:00:00+00:00,32.05,59.056293,0.0,37.6,0.108
2023-08-24 11:00:00+00:00,31.95,60.844242,0.0,38.25,0.108
2023-08-24 12:00:00+00:00,31.35,62.762802,0.0,38.5,0.113
2023-08-24 13:00:00+00:00,31.25,64.079544,0.0,38.1,0.113
2023-08-24 14:00:00+00:00,30.7,70.00145,0.0,37.25,0.113
2023-08-24 15:00:00+00:00,30.2,74.66046,0.0,36.1,0.113
2023-08-24 16:00:00+00:00,29.55,77.96689,0.0,34.7,0.113
2023-08-24 17:00:00+00:00,29.45,76.34299,0.0,33.5,0.113
2023-08-24 18:00:00+00:00,29.1,78.602394,0.0,32.5,0.113
2023-08-24 19:00:00+00:00,28.9,80.47079,0.0,31.75,0.113
2023-08-24 20:00:00+00:00,28.95,79.761665,0.0,31.15,0.113
2023-08-24 21:00:00+00:00,28.9,79.517624,0.0,30.7,0.113
2023-08-24 22:00:00+00:00,28.7,79.49057,0.0,30.3,0.113
2023-08-24 23:00:00+00:00,28.45,80.41239,0.0,29.95,0.113
2023-08-25 00:00:00+00:00,28.55,79.70813,0.0,30.8,0.116
2023-08-25 01:00:00+00:00,28.5,78.51806,0.0,30.35,0.116
2023-08-25 02:00:00+00:00,28.05,80.84301,0.0,29.95,0.116
2023-08-25 03:00:00+00:00,28.05,81.57185,0.0,29.6,0.116
2023-08-25 04:00:00+00:00,28.65,77.60444,0.0,29.6,0.116
2023-08-25 05:00:00+00:00,29.5,72.128624,0.0,30.4,0.116
2023-08-25 06:00:00+00:00,30.2,68.04285,0.0,31.8,0.116
2023-08-25 07:00:00+00:00,30.95,63.43887,0.0,33.5,0.115
2023-08-25 08:00:00+00:00,31.7,60.78834,0.0,35.2,0.115
2023-08-25 09:00:00+00:00,31.75,61.910137,0.0,36.65,0.115
2023-08-25 10:00:00+00:00,31.6,63.006252,0.0,37.7,0.114
2023-08-25 11:00:00+00:00,31.6,63.006252,0.0,38.3,0.114
2023-08-25 12:00:00+00:00,30.95,67.78068,0.0,38.25,0.114
2023-08-25 13:00:00+00:00,30.95,67.17371,0.0,37.85,0.114
2023-08-25 14:00:00+00:00,30.7,68.13972,0.0,37.15,0.114
2023-08-25 15:00:00+00:00,30.1,74.42226,0.0,36.05,0.114
2023-08-25 16:00:00+00:00,29.65,77.05894,0.0,34.7,0.114
2023-08-25 17:00:00+00:00,29.25,80.27728,0.0,33.45,0.114
2023-08-25 18:00:00+00:00,29.1,80.976395,0.0,32.5,0.114
2023-08-25 19:00:00+00:00,28.95,81.4401,0.0,31.8,0.113
2023-08-25 20:00:00+00:00,28.9,81.91927,0.0,31.25,0.113
2023-08-25 21:00:00+00:00,28.75,82.14492,0.0,30.8,0.113
2023-08-25 22:00:00+00:00,28.25,83.81493,0.0,30.3,0.113
2023-08-25 23:00:00+00:00,27.8,84.01589,0.0,29.9,0.113
2023-08-26 00:00:00+00:00,28.85,74.44155,0.0,30.8,0.113
2023-08-26 01:00:00+00:00,28.3,77.320625,0.0,30.3,0.113
2023-08-26 02:00:00+00:00,27.6,84.24549,0.0,29.8,0.113
2023-08-26 03:00:00+00:00,26.4,93.690765,0.0,29.25,0.113
2023-08-26 04:00:00+00:00,27.3,89.125595,0.0,29.15,0.113
2023-08-26 05:00:00+00:00,28.2,82.57018,0.0,29.85,0.113
2023-08-26 06:00:00+00:00,29.5,74.77062,0.0,31.35,0.113
2023-08-26 07:00:00+00:00,30.65,68.3348,0.0,33.4,0.113
2023-08-26 08:00:00+00:00,31.5,62.984737,0.0,35.3,0.113
2023-08-26 09:00:00+00:00,31.7,61.71282,0.0,36.8,0.113
2023-08-26 10:00:00+00:00,31.8,60.99458,0.0,37.75,0.112
2023-08-26 11:00:00+00:00,31.95,59.391644,0.0,38.3,0.112
2023-08-26 12:00:00+00:00,31.4,64.49787,0.0,38.4,0.112
2023-08-26 13:00:00+00:00,31.35,63.908005,0.0,38.05,0.112
2023-08-26 14:00:00+00:00,31.05,66.99232,0.0,37.25,0.112
2023-08-26 15:00:00+00:00,30.2,73.11889,0.0,36.1,0.112
2023-08-26 16:00:00+00:00,29.35,80.29032,0.0,34.65,0.112
2023-08-26 17:00:00+00:00,29.15,82.681114,0.0,33.35,0.112
2023-08-26 18:00:00+00:00,29.0,83.40168,0.0,32.4,0.112
2023-08-26 19:00:00+00:00,28.85,83.632385,0.0,31.65,0.112
2023-08-26 20:00:00+00:00,28.9,81.676285,0.0,31.1,0.112
2023-08-26 21:00:00+00:00,28.9,80.71064,0.0,30.65,0.112
2023-08-26 22:00:00+00:00,28.7,81.1671,0.0,30.25,0.112
2023-08-26 23:00:00+00:00,28.6,80.19223,0.0,29.95,0.112
2023-08-27 00:00:00+00:00,28.8,72.44209,0.0,30.75,0.112
2023-08-27 01:00:00+00:00,28.35,76.17433,0.0,30.25,0.112
2023-08-27 02:00:00+00:00,28.05,78.45454,0.0,29.8,0.112
2023-08-27 03:00:00+00:00,27.85,78.89941,0.0,29.45,0.112
2023-08-27 04:00:00+00:00,28.5,74.6089,0.0,29.4,0.112
2023-08-27 05:00:00+00:00,29.15,70.13649,0.0,30.15,0.111
2023-08-27 06:00:00+00:00,29.5,68.73322,0.0,31.3,0.112
2023-08-27 07:00:00+00:00,30.1,66.80315,0.0,32.75,0.112
2023-08-27 08:00:00+00:00,30.5,65.68404,0.0,34.15,0.112
2023-08-27 09:00:00+00:00,30.55,66.49128,0.0,35.4,0.112
2023-08-27 10:00:00+00:00,30.7,65.13303,0.0,36.25,0.112
2023-08-27 11:00:00+00:00,31.15,62.719543,0.0,36.95,0.112
2023-08-27 12:00:00+00:00,31.45,61.844254,0.0,37.8,0.111
2023-08-27 13:00:00+00:00,31.25,62.175117,0.0,37.65,0.111
2023-08-27 14:00:00+00:00,30.75,63.97388,0.0,36.95,0.11
2023-08-27 15:00:00+00:00,30.5,66.08157,0.0,35.85,0.11
2023-08-27 16:00:00+00:00,30.05,68.01374,0.0,34.6,0.11
2023-08-27 17:00:00+00:00,29.75,70.671,0.0,33.45,0.111
2023-08-27 18:00:00+00:00,29.25,73.83925,0.0,32.55,0.111
2023-08-27 19:00:00+00:00,29.25,73.17703,0.0,31.85,0.111
2023-08-27 20:00:00+00:00,29.2,73.60957,0.0,31.3,0.111
2023-08-27 21:00:00+00:00,28.85,75.56812,0.0,30.85,0.111
2023-08-27 22:00:00+00:00,28.65,76.67939,0.0,30.45,0.111
2023-08-27 23:00:00+00:00,28.6,76.67183,0.0,30.15,0.111
2023-08-28 00:00:00+00:00,28.35,71.92665,0.0,30.55,0.121
2023-08-28 01:00:00+00:00,28.2,75.01172,0.0,29.9,0.121
2023-08-28 02:00:00+00:00,28.0,77.27619,0.0,29.45,0.121
2023-08-28 03:00:00+00:00,28.2,73.21957,0.0,29.2,0.121
2023-08-28 04:00:00+00:00,28.6,69.3994,0.0,29.2,0.121
2023-08-28 05:00:00+00:00,28.95,68.00533,0.0,29.7,0.121
2023-08-28 06:00:00+00:00,29.7,64.72831,0.1,30.6,0.122
2023-08-28 07:00:00+00:00,29.95,61.32492,0.1,31.65,0.123
2023-08-28 08:00:00+00:00,30.2,59.53329,0.2,32.55,0.124
2023-08-28 09:00:00+00:00,30.15,58.61637,0.1,33.3,0.124
2023-08-28 10:00:00+00:00,30.85,56.48686,0.0,34.35,0.124
2023-08-28 11:00:00+00:00,30.65,57.13615,0.0,35.05,0.124
2023-08-28 12:00:00+00:00,29.65,67.730705,0.0,35.85,0.126
2023-08-28 13:00:00+00:00,29.3,67.45708,0.6,34.8,0.132
2023-08-28 14:00:00+00:00,29.9,64.182495,0.0,34.2,0.131
2023-08-28 15:00:00+00:00,29.0,66.3798,0.0,33.5,0.131
2023-08-28 16:00:00+00:00,28.85,67.36806,0.0,32.5,0.131
2023-08-28 17:00:00+00:00,22.95,92.67807,5.9,30.5,0.21
2023-08-28 18:00:00+00:00,23.9,87.2487,0.1,28.6,0.211
2023-08-28 19:00:00+00:00,23.75,87.23525,0.0,27.5,0.211
2023-08-28 20:00:00+00:00,24.1,86.73527,0.0,26.75,0.211
2023-08-28 21:00:00+00:00,24.2,87.00967,0.0,26.35,0.21
2023-08-28 22:00:00+00:00,24.55,86.513115,0.0,26.3,0.21
2023-08-28 23:00:00+00:00,24.75,87.32448,0.3,26.3,0.212
2023-08-29 00:00:00+00:00,22.8,90.14911,0.6,26.0,0.2
2023-08-29 01:00:00+00:00,23.1,87.176765,0.0,25.6,0.2
2023-08-29 02:00:00+00:00,23.65,85.6362,0.0,25.5,0.2
2023-08-29 03:00:00+00:00,24.65,88.65158,0.0,25.5,0.2
2023-08-29 04:00:00+00:00,25.3,88.97166,0.0,25.8,0.2
2023-08-29 05:00:00+00:00,26.2,80.849625,0.5,26.55,0.204
2023-08-29 06:00:00+00:00,24.85,83.18128,0.1,26.9,0.205
2023-08-29 07:00:00+00:00,26.65,77.781136,0.0,27.95,0.204
2023-08-29 08:00:00+00:00,28.45,70.433266,0.0,29.55,0.202
2023-08-29 09:00:00+00:00,29.15,68.66616,0.0,31.0,0.2
2023-08-29 10:00:00+00:00,29.7,68.357445,0.0,32.1,0.198
2023-08-29 11:00:00+00:00,30.15,66.41077,0.0,32.85,0.197
2023-08-29 12:00:00+00:00,30.5,65.48603,0.0,33.55,0.194
2023-08-29 13:00:00+00:00,30.8,64.95757,0.0,33.5,0.193
2023-08-29 14:00:00+00:00,30.5,65.88252,0.0,33.25,0.191
2023-08-29 15:00:00+00:00,29.7,67.33191,0.0,32.55,0.191
2023-08-29 16:00:00+00:00,29.0,71.39183,0.0,31.55,0.19
2023-08-29 17:00:00+00:00,28.05,78.690575,0.0,30.5,0.19
2023-08-29 18:00:00+00:00,27.0,82.67692,0.0,29.6,0.19
2023-08-29 19:00:00+00:00,27.5,80.77256,0.0,28.9,0.19
2023-08-29 20:00:00+00:00,27.8,79.36833,0.0,28.5,0.189
2023-08-29 21:00:00+00:00,28.35,77.560524,0.0,28.3,0.189
2023-08-29 22:00:00+00:00,27.6,82.74702,0.0,28.15,0.189
2023-08-29 23:00:00+00:00,27.65,83.24957,0.1,27.8,0.19
2023-08-30 00:00:00+00:00,23.55,84.57962,0.0,28.45,0.188
2023-08-30 01:00:00+00:00,23.7,84.85596,0.0,27.2,0.188
2023-08-30 02:00:00+00:00,23.3,86.92742,0.0,26.3,0.188
2023-08-30 03:00:00+00:00,23.65,87.762054,0.0,25.9,0.188
2023-08-30 04:00:00+00:00,24.15,87.005135,0.0,25.75,0.188
2023-08-30 05:00:00+00:00,25.75,80.79169,0.0,26.35,0.187
2023-08-30 06:00:00+00:00,27.45,76.961365,0.0,27.75,0.187
2023-08-30 07:00:00+00:00,28.8,70.711334,0.0,29.5,0.185
2023-08-30 08:00:00+00:00,29.9,65.9596,0.0,31.3,0.184
2023-08-30 09:00:00+00:00,30.45,65.27828,0.0,32.9,0.182
2023-08-30 10:00:00+00:00,30.8,64.37216,0.0,34.15,0.179
2023-08-30 11:00:00+00:00,30.75,66.731804,0.0,34.9,0.177
2023-08-30 12:00:00+00:00,30.25,67.44041,0.0,35.85,0.176
2023-08-30 13:00:00+00:00,30.2,69.074135,0.0,35.4,0.174
2023-08-30 14:00:00+00:00,29.75,70.24713,0.0,34.6,0.173
2023-08-30 15:00:00+00:00,29.3,70.58901,0.0,33.6,0.173
2023-08-30 16:00:00+00:00,28.55,74.39255,0.0,32.35,0.172
2023-08-30 17:00:00+00:00,28.45,78.27613,0.0,31.25,0.172
2023-08-30 18:00:00+00:00,28.25,79.90672,0.0,30.45,0.172
2023-08-30 19:00:00+00:00,28.1,78.69754,0.0,29.85,0.172
2023-08-30 20:00:00+00:00,27.85,80.81743,0.0,29.35,0.171
2023-08-30 21:00:00+00:00,27.55,83.73788,0.0,28.9,0.171
2023-08-30 22:00:00+00:00,27.3,85.48243,0.0,28.55,0.171
2023-08-30 23:00:00+00:00,26.85,87.50893,0.0,28.2,0.171
2023-08-31 00:00:00+00:00,27.0,88.57304,0.0,29.35,0.17
2023-08-31 01:00:00+00:00,26.9,88.8297,0.0,28.85,0.17
2023-08-31 02:00:00+00:00,26.35,90.93675,0.0,28.4,0.169
2023-08-31 03:00:00+00:00,27.05,87.78795,0.0,27.95,0.169
2023-08-31 04:00:00+00:00,27.0,90.17035,0.0,27.95,0.169
2023-08-31 05:00:00+00:00,28.6,74.625145,0.0,28.8,0.169
2023-08-31 06:00:00+00:00,29.45,69.76962,0.0,30.2,0.168
2023-08-31 07:00:00+00:00,30.15,65.61235,0.0,31.7,0.167
2023-08-31 08:00:00+00:00,30.35,65.65333,0.0,33.1,0.166
2023-08-31 09:00:00+00:00,30.4,65.465515,0.0,34.15,0.164
2023-08-31 10:00:00+00:00,30.4,65.07094,0.0,34.95,0.162
2023-08-31 11:00:00+00:00,30.65,64.340645,0.0,35.6,0.161
2023-08-31 12:00:00+00:00,30.5,63.15069,0.0,35.85,0.16
2023-08-31 13:00:00+00:00,30.6,63.942116,0.0,35.65,0.159
2023-08-31 14:00:00+00:00,30.25,64.64707,0.0,35.1,0.158
2023-08-31 15:00:00+00:00,29.6,68.54498,0.0,34.15,0.157
2023-08-31 16:00:00+00:00,28.8,75.787445,0.0,32.85,0.157
2023-08-31 17:00:00+00:00,28.45,80.652855,0.0,31.65,0.157
2023-08-31 18:00:00+00:00,28.5,81.14201,0.0,30.8,0.157
2023-08-31 19:00:00+00:00,28.5,81.62721,0.0,30.25,0.157
2023-08-31 20:00:00+00:00,28.4,82.8399,0.0,29.8,0.157
2023-08-31 21:00:00+00:00,28.3,83.07537,0.0,29.45,0.157
2023-08-31 22:00:00+00:00,27.65,86.8003,0.0,29.1,0.157
2023-08-31 23:00:00+00:00,27.0,90.17035,0.0,28.65,0.157
2023-09-01 00:00:00+00:00,28.2,81.346954,0.0,30.05,0.156
2023-09-01 01:00:00+00:00,28.2,79.1851,0.0,29.5,0.156
2023-09-01 02:00:00+00:00,27.65,80.79181,0.0,29.05,0.156
2023-09-01 03:00:00+00:00,26.6,85.66938,0.0,28.5,0.156
2023-09-01 04:00:00+00:00,28.0,78.92027,0.0,28.35,0.156
2023-09-01 05:00:00+00:00,28.9,69.87826,0.0,29.05,0.156
2023-09-01 06:00:00+00:00,29.6,65.69855,0.0,30.3,0.155
2023-09-01 07:00:00+00:00,30.35,60.116444,0.0,31.8,0.154
2023-09-01 08:00:00+00:00,30.7,56.105072,0.0,33.25,0.153
2023-09-01 09:00:00+00:00,30.85,56.834316,0.0,34.45,0.151
2023-09-01 10:00:00+00:00,30.95,59.342556,0.0,35.5,0.15
2023-09-01 11:00:00+00:00,30.9,60.24128,0.0,36.15,0.149
2023-09-01 12:00:00+00:00,30.45,66.67181,0.0,36.3,0.152
2023-09-01 13:00:00+00:00,30.25,67.03502,0.0,35.9,0.151
2023-09-01 14:00:00+00:00,29.7,70.449646,0.0,35.2,0.15
2023-09-01 15:00:00+00:00,29.1,73.15157,0.0,34.15,0.15
2023-09-01 16:00:00+00:00,28.45,76.41911,0.0,32.85,0.149
2023-09-01 17:00:00+00:00,28.2,77.77194,0.0,31.65,0.149
2023-09-01 18:00:00+00:00,27.85,80.57546,0.0,30.75,0.149
2023-09-01 19:00:00+00:00,27.55,82.9894,0.0,30.05,0.149
2023-09-01 20:00:00+00:00,27.25,84.96763,0.0,29.5,0.149
2023-09-01 21:00:00+00:00,27.1,85.46247,0.0,29.05,0.149
2023-09-01 22:00:00+00:00,26.9,84.93153,0.0,28.65,0.149
2023-09-01 23:00:00+00:00,26.7,84.14847,0.0,28.3,0.149
2023-09-02 00:00:00+00:00,27.35,77.647934,0.0,29.1,0.147
2023-09-02 01:00:00+00:00,26.55,82.375046,0.0,28.6,0.147
2023-09-02 02:00:00+00:00,26.1,85.10496,0.0,28.1,0.147
2023-09-02 03:00:00+00:00,26.8,80.19616,0.0,27.75,0.147
2023-09-02 04:00:00+00:00,27.65,75.15061,0.0,27.85,0.147
2023-09-02 05:00:00+00:00,28.3,70.62,0.0,28.55,0.146
2023-09-02 06:00:00+00:00,28.95,67.18314,0.0,29.7,0.146
2023-09-02 07:00:00+00:00,29.6,63.92386,0.0,31.15,0.145
2023-09-02 08:00:00+00:00,30.1,60.798733,0.0,32.65,0.144
2023-09-02 09:00:00+00:00,30.35,59.93304,0.0,34.0,0.143
2023-09-02 10:00:00+00:00,30.3,59.37431,0.0,35.1,0.142
2023-09-02 11:00:00+00:00,30.05,58.59306,0.0,35.6,0.141
2023-09-02 12:00:00+00:00,29.85,61.8673,0.0,35.75,0.143
2023-09-02 13:00:00+00:00,29.65,60.69731,0.0,35.45,0.142
2023-09-02 14:00:00+00:00,29.1,63.427826,0.0,34.7,0.141
2023-09-02 15:00:00+00:00,28.65,66.308815,0.0,33.6,0.141
2023-09-02 16:00:00+00:00,28.15,70.16417,0.0,32.35,0.141
2023-09-02 17:00:00+00:00,28.05,71.438194,0.0,31.25,0.141
2023-09-02 18:00:00+00:00,28.1,71.66453,0.0,30.45,0.14
2023-09-02 19:00:00+00:00,27.95,73.17703,0.0,29.85,0.14
2023-09-02 20:00:00+00:00,27.95,74.069534,0.0,29.4,0.14
2023-09-02 21:00:00+00:00,27.95,74.29414,0.0,29.1,0.14
2023-09-02 22:00:00+00:00,27.85,75.182556,0.0,28.8,0.14
2023-09-02 23:00:00+00:00,27.55,77.20941,0.0,28.55,0.14
2023-09-03 00:00:00+00:00,28.2,72.33765,0.0,29.9,0.136
2023-09-03 01:00:00+00:00,27.95,74.069534,0.0,29.4,0.136
2023-09-03 02:00:00+00:00,27.55,76.97641,0.0,28.95,0.136
2023-09-03 03:00:00+00:00,27.35,77.647934,0.0,28.6,0.136
2023-09-03 04:00:00+00:00,28.05,73.86221,0.0,28.55,0.136
2023-09-03 05:00:00+00:00,29.0,66.5823,0.0,29.15,0.136
2023-09-03 06:00:00+00:00,29.5,64.6864,0.0,30.15,0.136
2023-09-03 07:00:00+00:00,29.85,64.56324,0.0,31.45,0.135
2023-09-03 08:00:00+00:00,30.4,61.61249,0.0,32.8,0.135
2023-09-03 09:00:00+00:00,30.9,58.79075,0.0,34.15,0.134
2023-09-03 10:00:00+00:00,30.9,58.611607,0.0,35.15,0.133
2023-09-03 11:00:00+00:00,30.85,57.35906,0.0,35.75,0.133
2023-09-03 12:00:00+00:00,30.8,54.933918,0.0,36.0,0.136
2023-09-03 13:00:00+00:00,30.5,57.10042,0.0,35.7,0.135
2023-09-03 14:00:00+00:00,29.9,60.38282,0.0,35.0,0.135
2023-09-03 15:00:00+00:00,29.4,60.08418,0.0,33.95,0.134
2023-09-03 16:00:00+00:00,28.65,60.098015,0.0,32.65,0.134
2023-09-03 17:00:00+00:00,28.2,65.009186,0.0,31.5,0.134
2023-09-03 18:00:00+00:00,27.95,69.48816,0.0,30.6,0.134
2023-09-03 19:00:00+00:00,27.85,70.75278,0.0,29.9,0.134
2023-09-03 20:00:00+00:00,27.85,69.89481,0.0,29.35,0.133
2023-09-03 21:00:00+00:00,27.65,70.28568,0.0,28.95,0.133
2023-09-03 22:00:00+00:00,27.25,72.17118,0.0,28.55,0.133
2023-09-03 23:00:00+00:00,26.4,78.219185,0.0,28.1,0.133
2023-09-04 00:00:00+00:00,27.65,70.28568,0.0,29.65,0.129
2023-09-04 01:00:00+00:00,27.45,71.11289,0.0,29.1,0.128
2023-09-04 02:00:00+00:00,26.55,76.358894,0.0,28.6,0.128
2023-09-04 03:00:00+00:00,26.65,77.781136,0.0,28.15,0.128
2023-09-04 04:00:00+00:00,27.1,73.92818,0.0,28.05,0.128
2023-09-04 05:00:00+00:00,27.85,69.89481,0.0,28.65,0.128
2023-09-04 06:00:00+00:00,28.55,66.4914,0.1,29.8,0.129
2023-09-04 07:00:00+00:00,28.75,65.323524,0.2,30.9,0.131
2023-09-04 08:00:00+00:00,28.4,69.78492,0.4,31.6,0.134
2023-09-04 09:00:00+00:00,29.3,66.440506,0.3,32.7,0.136
2023-09-04 10:00:00+00:00,29.9,63.79332,0.1,33.8,0.136
2023-09-04 11:00:00+00:00,29.75,65.53014,0.0,34.75,0.136
2023-09-04 12:00:00+00:00,30.7,60.19594,0.0,36.1,0.133
2023-09-04 13:00:00+00:00,30.6,61.282894,0.0,36.15,0.132
2023-09-04 14:00:00+00:00,30.1,63.835915,0.0,35.7,0.132
2023-09-04 15:00:00+00:00,29.55,65.091866,0.0,34.7,0.131
2023-09-04 16:00:00+00:00,28.4,69.9974,0.0,33.15,0.131
2023-09-04 17:00:00+00:00,27.0,79.49874,0.0,31.65,0.131
2023-09-04 18:00:00+00:00,26.1,85.8783,0.0,30.35,0.131
2023-09-04 19:00:00+00:00,25.55,88.72332,0.0,29.25,0.131
2023-09-04 20:00:00+00:00,25.3,88.70345,0.0,28.4,0.131
2023-09-04 21:00:00+00:00,26.5,81.13333,0.0,27.7,0.131
2023-09-04 22:00:00+00:00,27.55,76.74406,0.0,27.15,0.131
2023-09-04 23:00:00+00:00,27.1,80.23569,0.0,26.7,0.131
2023-09-05 00:00:00+00:00,26.1,86.397285,0.0,27.4,0.129
2023-09-05 01:00:00+00:00,26.0,89.02586,0.0,27.05,0.129
2023-09-05 02:00:00+00:00,24.5,95.8868,0.0,26.65,0.129
2023-09-05 03:00:00+00:00,25.2,94.19943,0.0,26.35,0.129
2023-09-05 04:00:00+00:00,26.15,89.8417,0.0,26.4,0.129
2023-09-05 05:00:00+00:00,27.65,75.37858,0.0,27.55,0.129
2023-09-05 06:00:00+00:00,28.95,65.56484,0.0,29.25,0.128
2023-09-05 07:00:00+00:00,29.7,62.977875,0.0,31.15,0.128
2023-09-05 08:00:00+00:00,30.0,63.427677,0.0,32.85,0.127
2023-09-05 09:00:00+00:00,30.2,63.663612,0.0,34.3,0.127
2023-09-05 10:00:00+00:00,30.4,62.74696,0.0,35.4,0.126
2023-09-05 11:00:00+00:00,30.6,62.600132,0.0,36.2,0.126
2023-09-05 12:00:00+00:00,30.3,62.725246,0.0,36.55,0.129
2023-09-05 13:00:00+00:00,30.05,65.195595,0.0,36.25,0.128
2023-09-05 14:00:00+00:00,29.3,67.662025,0.0,35.45,0.128
2023-09-05 15:00:00+00:00,28.85,66.958954,0.0,34.2,0.128
2023-09-05 16:00:00+00:00,28.25,68.49276,0.0,32.75,0.128
2023-09-05 17:00:00+00:00,27.95,68.017235,0.0,31.5,0.128
2023-09-05 18:00:00+00:00,27.55,68.98862,0.0,30.45,0.127
2023-09-05 19:00:00+00:00,27.1,72.14476,0.0,29.55,0.127
2023-09-05 20:00:00+00:00,26.8,74.55782,0.0,28.85,0.127
2023-09-05 21:00:00+00:00,26.55,75.663506,0.0,28.25,0.127
2023-09-05 22:00:00+00:00,25.95,78.87293,0.0,27.75,0.127
2023-09-05 23:00:00+00:00,24.95,83.19276,0.0,27.2,0.127
2023-09-06 00:00:00+00:00,26.85,73.66111,0.0,27.95,0.122
2023-09-06 01:00:00+00:00,25.3,82.72768,0.0,27.5,0.122
2023-09-06 02:00:00+00:00,27.45,73.76192,0.0,27.0,0.122
2023-09-06 03:00:00+00:00,26.65,79.69219,0.0,26.55,0.122
2023-09-06 04:00:00+00:00,26.4,85.13571,0.0,26.55,0.122
2023-09-06 05:00:00+00:00,28.2,67.44486,0.0,27.6,0.122
2023-09-06 06:00:00+00:00,29.15,61.334152,0.0,29.3,0.122
2023-09-06 07:00:00+00:00,29.9,57.84178,0.0,31.15,0.121
2023-09-06 08:00:00+00:00,30.3,56.181324,0.0,32.9,0.121
2023-09-06 09:00:00+00:00,30.65,54.89715,0.0,34.5,0.12
2023-09-06 10:00:00+00:00,30.9,55.127728,0.0,35.8,0.12
2023-09-06 11:00:00+00:00,30.85,55.115498,0.0,36.6,0.119
2023-09-06 12:00:00+00:00,30.4,54.666683,0.0,36.85,0.119
2023-09-06 13:00:00+00:00,30.3,56.5285,0.0,36.4,0.119
2023-09-06 14:00:00+00:00,29.85,58.187195,0.0,35.55,0.119
2023-09-06 15:00:00+00:00,29.15,63.633007,0.0,34.35,0.119
2023-09-06 16:00:00+00:00,28.5,66.27831,0.0,32.9,0.119
2023-09-06 17:00:00+00:00,28.25,68.28406,0.0,31.65,0.119
2023-09-06 18:00:00+00:00,28.05,70.57419,0.0,30.7,0.118
2023-09-06 19:00:00+00:00,27.9,70.54663,0.0,30.0,0.118
2023-09-06 20:00:00+00:00,27.65,71.80276,0.0,29.35,0.118
2023-09-06 21:00:00+00:00,27.3,74.6395,0.0,28.85,0.118
2023-09-06 22:00:00+00:00,27.05,77.13481,0.0,28.4,0.118
2023-09-06 23:00:00+00:00,26.55,80.406265,0.0,28.0,0.118
2023-09-07 00:00:00+00:00,27.3,77.64061,0.0,28.85,0.112
2023-09-07 01:00:00+00:00,26.85,80.20273,0.0,28.45,0.112
2023-09-07 02:00:00+00:00,25.75,85.84411,0.0,27.95,0.112
2023-09-07 03:00:00+00:00,25.3,88.16925,0.0,27.45,0.112
2023-09-07 04:00:00+00:00,27.05,79.98729,0.0,27.35,0.112
2023-09-07 05:00:00+00:00,28.45,68.74048,0.0,28.3,0.112
2023-09-07 06:00:00+00:00,29.35,64.06592,0.0,29.85,0.112
2023-09-07 07:00:00+00:00,30.15,60.070927,0.0,31.65,0.111
2023-09-07 08:00:00+00:00,30.65,58.55343,0.0,33.5,0.111
2023-09-07 09:00:00+00:00,31.05,56.361885,0.0,35.15,0.111
2023-09-07 10:00:00+00:00,31.3,56.767895,0.0,36.45,0.111
2023-09-07 11:00:00+00:00,31.1,59.19656,0.0,37.1,0.111
2023-09-07 12:00:00+00:00,30.05,59.864544,0.0,37.05,0.115
2023-09-07 13:00:00+00:00,29.9,61.68966,0.0,36.6,0.115
2023-09-07 14:00:00+00:00,29.3,65.63695,0.0,35.65,0.114
2023-09-07 15:00:00+00:00,28.85,68.40038,0.0,34.4,0.114
2023-09-07 16:00:00+00:00,28.35,72.36379,0.0,33.0,0.114
2023-09-07 17:00:00+00:00,28.25,73.67243,0.0,31.85,0.114
2023-09-07 18:00:00+00:00,28.1,74.094345,0.0,30.95,0.114
2023-09-07 19:00:00+00:00,27.9,74.06127,0.0,30.3,0.114
2023-09-07 20:00:00+00:00,27.85,74.95545,0.0,29.7,0.114
2023-09-07 21:00:00+00:00,27.8,74.494865,0.0,29.3,0.114
2023-09-07 22:00:00+00:00,27.15,78.32661,0.0,28.9,0.114
2023-09-07 23:00:00+00:00,27.1,78.08278,0.0,28.5,0.114
2023-09-08 00:00:00+00:00,27.65,75.607155,0.0,29.55,0.111
2023-09-08 01:00:00+00:00,27.45,76.03508,0.0,29.1,0.111
2023-09-08 02:00:00+00:00,27.55,75.362686,0.0,28.85,0.111
2023-09-08 03:00:00+00:00,27.55,75.82071,0.0,28.7,0.111
2023-09-08 04:00:00+00:00,27.6,76.75158,0.0,28.6,0.111
2023-09-08 05:00:00+00:00,28.2,72.99821,0.0,29.1,0.111
2023-09-08 06:00:00+00:00,28.9,69.87826,0.0,30.1,0.111
2023-09-08 07:00:00+00:00,29.65,65.31085,0.0,31.65,0.112
2023-09-08 08:00:00+00:00,30.1,63.835915,0.0,33.0,0.112
2023-09-08 09:00:00+00:00,30.6,62.22127,0.0,34.3,0.112
2023-09-08 10:00:00+00:00,30.8,61.888515,0.0,35.45,0.112
2023-09-08 11:00:00+00:00,30.9,62.09848,0.0,36.2,0.111
2023-09-08 12:00:00+00:00,30.75,63.396072,0.0,36.2,0.124
2023-09-08 13:00:00+00:00,30.6,65.11234,0.0,36.15,0.124
2023-09-08 14:00:00+00:00,29.85,69.63418,0.0,35.4,0.124
2023-09-08 15:00:00+00:00,29.35,72.974525,0.0,34.3,0.124
2023-09-08 16:00:00+00:00,28.85,76.02291,0.0,33.0,0.124
2023-09-08 17:00:00+00:00,28.5,78.51806,0.0,31.9,0.123
2023-09-08 18:00:00+00:00,28.25,80.38634,0.0,31.05,0.123
2023-09-08 19:00:00+00:00,28.05,81.08533,0.0,30.3,0.123
2023-09-08 20:00:00+00:00,27.35,85.743164,0.0,29.65,0.123
2023-09-08 21:00:00+00:00,26.55,90.94963,0.0,29.1,0.123
2023-09-08 22:00:00+00:00,28.0,83.04105,0.0,28.55,0.123
2023-09-08 23:00:00+00:00,26.7,89.61322,0.0,28.1,0.123
2023-09-09 00:00:00+00:00,26.25,91.202446,0.0,29.25,0.124
2023-09-09 01:00:00+00:00,25.75,94.78678,0.0,28.7,0.124
2023-09-09 02:00:00+00:00,26.15,91.74299,0.0,28.2,0.124
2023-09-09 03:00:00+00:00,25.65,93.3768,0.0,27.75,0.124
2023-09-09 04:00:00+00:00,26.25,90.65888,0.0,27.65,0.124
2023-09-09 05:00:00+00:00,27.4,80.51715,0.0,28.35,0.124
2023-09-09 06:00:00+00:00,28.95,70.95281,0.0,29.85,0.123
2023-09-09 07:00:00+00:00,29.95,67.99427,0.0,31.85,0.123
2023-09-09 08:00:00+00:00,30.4,69.11199,0.0,33.6,0.123
2023-09-09 09:00:00+00:00,30.95,64.59814,0.0,35.05,0.122
2023-09-09 10:00:00+00:00,31.15,61.59146,0.0,36.1,0.122
2023-09-09 11:00:00+00:00,30.9,63.236717,0.0,36.75,0.121
2023-09-09 12:00:00+00:00,30.65,67.11438,0.0,36.75,0.128
2023-09-09 13:00:00+00:00,30.65,65.71471,0.0,36.35,0.127
2023-09-09 14:00:00+00:00,29.75,69.19715,0.0,35.55,0.127
2023-09-09 15:00:00+00:00,29.05,70.543335,0.0,34.35,0.127
2023-09-09 16:00:00+00:00,28.2,75.01172,0.0,32.9,0.126
2023-09-09 17:00:00+00:00,28.1,74.76944,0.0,31.75,0.126
2023-09-09 18:00:00+00:00,28.25,73.67243,0.0,30.95,0.126
2023-09-09 19:00:00+00:00,28.3,74.351616,0.0,30.35,0.126
2023-09-09 20:00:00+00:00,28.25,75.246376,0.0,29.85,0.126
2023-09-09 21:00:00+00:00,27.85,77.48715,0.2,29.4,0.128
2023-09-09 22:00:00+00:00,27.8,77.013885,0.1,28.85,0.129
2023-09-09 23:00:00+00:00,27.3,79.77973,0.0,28.45,0.129
2023-09-10 00:00:00+00:00,26.6,80.169685,0.0,29.5,0.126
2023-09-10 01:00:00+00:00,25.7,84.55043,0.1,28.9,0.126
2023-09-10 02:00:00+00:00,25.45,85.81466,0.0,28.45,0.126
2023-09-10 03:00:00+00:00,25.4,87.6465,0.0,27.95,0.126
2023-09-10 04:00:00+00:00,26.25,84.60866,0.0,27.8,0.126
2023-09-10 05:00:00+00:00,27.2,79.525955,0.0,28.45,0.126
2023-09-10 06:00:00+00:00,28.0,73.185555,0.2,29.4,0.127
2023-09-10 07:00:00+00:00,29.05,66.592415,0.1,31.1,0.128
2023-09-10 08:00:00+00:00,29.6,62.57275,0.0,32.4,0.128
2023-09-10 09:00:00+00:00,30.05,59.681442,0.0,33.9,0.128
2023-09-10 10:00:00+00:00,30.3,58.471798,0.0,35.15,0.127
2023-09-10 11:00:00+00:00,30.45,58.68624,0.0,36.0,0.126
2023-09-10 12:00:00+00:00,30.7,66.32148,0.0,36.0,0.126
2023-09-10 13:00:00+00:00,30.7,69.58393,0.0,35.8,0.126
2023-09-10 14:00:00+00:00,30.2,72.25055,0.0,35.15,0.126
2023-09-10 15:00:00+00:00,29.4,75.428505,0.0,34.1,0.125
2023-09-10 16:00:00+00:00,28.8,77.162964,0.0,32.8,0.125
2023-09-10 17:00:00+00:00,28.8,73.98681,0.0,31.8,0.125
2023-09-10 18:00:00+00:00,28.6,74.40073,0.0,31.0,0.125
2023-09-10 19:00:00+00:00,28.35,76.40383,0.0,30.35,0.125
2023-09-10 20:00:00+00:00,28.2,78.47574,0.0,29.9,0.125
2023-09-10 21:00:00+00:00,27.75,78.885506,0.0,29.5,0.125
2023-09-10 22:00:00+00:00,25.95,82.054,1.8,29.0,0.146
2023-09-10 23:00:00+00:00,22.3,90.95015,13.1,27.3,0.327
2023-09-11 00:00:00+00:00,24.35,89.16798,0.1,28.3,0.347
2023-09-11 01:00:00+00:00,25.15,84.74917,0.0,27.45,0.341
2023-09-11 02:00:00+00:00,24.1,89.693,0.0,26.9,0.337
2023-09-11 03:00:00+00:00,23.9,91.05363,0.1,26.55,0.333
2023-09-11 04:00:00+00:00,22.9,93.528786,0.1,26.15,0.33
2023-09-11 05:00:00+00:00,23.0,92.39798,0.0,25.9,0.326
2023-09-11 06:00:00+00:00,24.55,86.513115,0.0,26.5,0.323
2023-09-11 07:00:00+00:00,26.2,79.87363,0.0,27.8,0.319
2023-09-11 08:00:00+00:00,27.15,73.487236,0.0,29.1,0.314
2023-09-11 09:00:00+00:00,27.05,75.51235,0.0,30.1,0.309
2023-09-11 10:00:00+00:00,28.2,67.03345,0.0,31.45,0.304
2023-09-11 11:00:00+00:00,28.55,62.727604,0.0,32.3,0.298
2023-09-11 12:00:00+00:00,27.85,74.503,0.0,32.3,0.293
2023-09-11 13:00:00+00:00,28.25,73.00677,0.1,31.75,0.291
2023-09-11 14:00:00+00:00,28.25,72.78605,0.0,31.45,0.288
2023-09-11 15:00:00+00:00,27.85,75.4103,0.0,30.75,0.285
2023-09-11 16:00:00+00:00,27.35,78.82971,0.0,29.9,0.284
2023-09-11 17:00:00+00:00,27.05,81.20283,0.0,29.1,0.282
2023-09-11 18:00:00+00:00,27.05,78.78772,0.0,28.55,0.281
2023-09-11 19:00:00+00:00,26.5,83.1184,0.0,28.0,0.28
2023-09-11 20:00:00+00:00,26.4,84.11598,0.0,27.6,0.279
2023-09-11 21:00:00+00:00,26.95,81.68122,0.0,27.05,0.278
2023-09-11 22:00:00+00:00,26.55,85.92219,0.0,26.7,0.277
2023-09-11 23:00:00+00:00,24.8,95.32178,0.0,26.5,0.276
2023-09-12 00:00:00+00:00,24.5,84.93962,0.0,26.25,0.271
2023-09-12 01:00:00+00:00,24.2,88.61546,0.0,26.1,0.27
2023-09-12 02:00:00+00:00,23.95,89.1372,0.0,25.8,0.269
2023-09-12 03:00:00+00:00,23.9,86.98236,0.0,25.6,0.269
2023-09-12 04:00:00+00:00,24.4,77.44896,0.0,25.5,0.268
2023-09-12 05:00:00+00:00,25.3,62.99316,0.0,25.7,0.266
2023-09-12 06:00:00+00:00,26.55,41.470905,0.0,26.25,0.265
2023-09-12 07:00:00+00:00,26.9,36.187428,0.0,26.65,0.263
2023-09-12 08:00:00+00:00,27.45,37.688038,0.0,27.25,0.26
2023-09-12 09:00:00+00:00,28.25,35.61404,0.0,28.1,0.258
2023-09-12 10:00:00+00:00,29.05,32.45791,0.0,29.1,0.255
2023-09-12 11:00:00+00:00,28.85,32.40227,0.0,29.2,0.253
2023-09-12 12:00:00+00:00,29.15,37.79181,0.0,30.9,0.25
2023-09-12 13:00:00+00:00,29.1,39.537483,0.0,30.9,0.247
2023-09-12 14:00:00+00:00,28.85,41.433475,0.0,30.7,0.245
2023-09-12 15:00:00+00:00,28.2,46.628586,0.0,29.95,0.243
2023-09-12 16:00:00+00:00,26.8,54.803123,0.0,28.8,0.242
2023-09-12 17:00:00+00:00,26.25,61.252495,0.0,27.45,0.242
2023-09-12 18:00:00+00:00,27.6,57.11504,0.0,26.35,0.242
2023-09-12 19:00:00+00:00,25.0,66.59276,0.0,25.45,0.241
2023-09-12 20:00:00+00:00,22.2,82.357445,0.0,24.75,0.241
2023-09-12 21:00:00+00:00,23.0,69.18791,0.0,24.2,0.24
2023-09-12 22:00:00+00:00,24.25,44.22059,0.0,23.95,0.24
2023-09-12 23:00:00+00:00,24.75,32.791286,0.0,23.9,0.239
2023-09-13 00:00:00+00:00,22.6,52.35135,0.0,23.15,0.24
2023-09-13 01:00:00+00:00,21.8,53.185524,0.0,22.65,0.24
2023-09-13 02:00:00+00:00,23.75,38.29348,0.0,22.7,0.239
2023-09-13 03:00:00+00:00,24.3,35.212513,0.0,22.95,0.238
2023-09-13 04:00:00+00:00,24.65,34.132366,0.0,23.15,0.237
2023-09-13 05:00:00+00:00,25.85,31.671827,0.0,23.85,0.236
2023-09-13 06:00:00+00:00,27.45,29.020508,0.0,25.05,0.234
2023-09-13 07:00:00+00:00,29.35,23.692831,0.0,26.55,0.231
2023-09-13 08:00:00+00:00,31.05,19.30461,0.0,28.2,0.228
2023-09-13 09:00:00+00:00,32.55,15.626827,0.0,29.8,0.224
2023-09-13 10:00:00+00:00,33.65,13.781879,0.0,31.3,0.22
2023-09-13 11:00:00+00:00,34.4,13.029983,0.0,32.5,0.216
2023-09-13 12:00:00+00:00,32.7,24.161234,0.0,33.3,0.214
2023-09-13 13:00:00+00:00,30.75,35.95937,0.0,32.95,0.212
2023-09-13 14:00:00+00:00,29.65,43.28608,0.0,32.2,0.21
2023-09-13 15:00:00+00:00,28.85,48.92999,0.0,31.05,0.208
2023-09-13 16:00:00+00:00,27.95,53.550285,0.0,29.75,0.208
2023-09-13 17:00:00+00:00,27.55,55.86155,0.0,28.65,0.207
2023-09-13 18:00:00+00:00,27.0,62.386707,0.0,27.8,0.207
2023-09-13 19:00:00+00:00,24.7,72.84146,0.0,26.95,0.207
2023-09-13 20:00:00+00:00,23.65,73.11418,0.0,26.0,0.207
2023-09-13 21:00:00+00:00,22.35,75.93751,0.0,25.1,0.206
2023-09-13 22:00:00+00:00,26.35,26.07105,0.0,24.75,0.206
2023-09-13 23:00:00+00:00,26.15,26.016808,0.0,24.75,0.205
2023-09-14 00:00:00+00:00,24.7,30.07907,0.0,24.6,0.204
2023-09-14 01:00:00+00:00,24.25,32.426502,0.0,24.4,0.203
2023-09-14 02:00:00+00:00,23.5,36.200375,0.0,24.1,0.202
2023-09-14 03:00:00+00:00,22.4,42.83269,0.0,23.65,0.202
2023-09-14 04:00:00+00:00,22.05,49.18862,0.0,23.3,0.202
2023-09-14 05:00:00+00:00,23.75,42.49591,0.0,23.8,0.201
2023-09-14 06:00:00+00:00,25.8,32.64167,0.0,25.05,0.2
2023-09-14 07:00:00+00:00,27.65,28.682932,0.0,26.8,0.198
2023-09-14 08:00:00+00:00,29.3,24.930159,0.0,28.75,0.196
2023-09-14 09:00:00+00:00,30.7,21.62496,0.0,30.7,0.193
2023-09-14 10:00:00+00:00,31.25,23.542522,0.0,32.25,0.19
2023-09-14 11:00:00+00:00,30.2,34.657017,0.0,33.0,0.188
2023-09-14 12:00:00+00:00,29.05,40.956432,0.0,33.25,0.185
2023-09-14 13:00:00+00:00,29.25,41.410194,0.0,32.85,0.184
2023-09-14 14:00:00+00:00,28.75,43.457146,0.0,32.1,0.182
2023-09-14 15:00:00+00:00,27.85,51.36958,0.0,30.95,0.181
2023-09-14 16:00:00+00:00,27.05,54.346916,0.0,29.55,0.181
2023-09-14 17:00:00+00:00,26.95,54.15001,0.0,28.4,0.181
2023-09-14 18:00:00+00:00,26.45,55.76769,0.0,27.5,0.18
2023-09-14 19:00:00+00:00,23.65,67.15989,0.0,26.45,0.18
2023-09-14 20:00:00+00:00,27.55,48.898308,0.0,25.5,0.18
2023-09-14 21:00:00+00:00,24.75,63.27058,0.0,24.7,0.18
2023-09-14 22:00:00+00:00,21.5,89.777916,0.0,24.15,0.18
2023-09-14 23:00:00+00:00,21.55,90.90105,0.0,23.75,0.18
2023-09-15 00:00:00+00:00,21.35,87.83434,0.0,23.45,0.179
2023-09-15 01:00:00+00:00,22.5,77.891884,0.0,22.95,0.179
2023-09-15 02:00:00+00:00,20.6,86.94811,0.0,22.55,0.179
2023-09-15 03:00:00+00:00,20.45,84.508995,0.0,22.35,0.179
2023-09-15 04:00:00+00:00,20.65,78.11077,0.0,22.25,0.179
2023-09-15 05:00:00+00:00,22.7,64.6554,0.0,23.0,0.179
2023-09-15 06:00:00+00:00,25.35,50.883747,0.0,24.6,0.178
2023-09-15 07:00:00+00:00,27.8,37.661945,0.0,26.65,0.177
2023-09-15 08:00:00+00:00,29.3,29.928242,0.0,28.7,0.175
2023-09-15 09:00:00+00:00,29.9,29.398628,0.0,30.65,0.173
2023-09-15 10:00:00+00:00,29.6,39.548126,0.0,32.0,0.171
2023-09-15 11:00:00+00:00,29.2,42.88707,0.0,32.75,0.169
2023-09-15 12:00:00+00:00,29.2,46.747818,0.0,32.9,0.167
2023-09-15 13:00:00+00:00,29.25,48.266586,0.0,32.7,0.166
2023-09-15 14:00:00+00:00,28.85,48.160767,0.0,32.05,0.165
2023-09-15 15:00:00+00:00,27.8,59.161217,0.0,30.95,0.164
2023-09-15 16:00:00+00:00,26.45,68.98972,0.0,29.5,0.164
2023-09-15 17:00:00+00:00,25.75,73.7015,0.0,28.2,0.164
2023-09-15 18:00:00+00:00,24.1,81.32518,0.0,27.1,0.164
2023-09-15 19:00:00+00:00,23.7,81.77778,0.0,26.15,0.163
2023-09-15 20:00:00+00:00,24.3,77.67387,0.0,25.3,0.163
2023-09-15 21:00:00+00:00,26.3,68.960884,0.0,24.6,0.163
2023-09-15 22:00:00+00:00,24.7,80.408295,0.0,24.0,0.163
2023-09-15 23:00:00+00:00,24.5,85.98268,0.0,23.5,0.163
2023-09-16 00:00:00+00:00,22.9,81.42485,0.0,23.05,0.164
2023-09-16 01:00:00+00:00,24.1,72.28382,0.0,22.85,0.164
2023-09-16 02:00:00+00:00,21.1,89.191605,0.0,22.55,0.164
2023-09-16 03:00:00+00:00,21.5,90.89774,0.0,22.55,0.164
2023-09-16 04:00:00+00:00,21.65,89.51116,0.0,22.6,0.164
2023-09-16 05:00:00+00:00,24.0,78.8405,0.0,23.5,0.163
2023-09-16 06:00:00+00:00,26.5,65.46024,0.0,25.25,0.163
2023-09-16 07:00:00+00:00,27.8,59.161217,0.0,27.4,0.162
2023-09-16 08:00:00+00:00,28.85,53.440456,0.0,29.6,0.161
2023-09-16 09:00:00+00:00,29.6,51.173836,0.0,31.45,0.159
2023-09-16 10:00:00+00:00,29.8,49.800995,0.0,32.65,0.158
2023-09-16 11:00:00+00:00,29.55,46.104683,0.0,33.25,0.156
2023-09-16 12:00:00+00:00,29.2,54.880802,0.0,33.4,0.157
2023-09-16 13:00:00+00:00,29.4,50.168095,0.0,33.15,0.156
2023-09-16 14:00:00+00:00,29.1,52.507797,0.0,32.4,0.155
2023-09-16 15:00:00+00:00,28.1,59.047127,0.0,31.3,0.155
2023-09-16 16:00:00+00:00,26.95,68.8734,0.0,29.9,0.154
2023-09-16 17:00:00+00:00,26.4,73.81101,0.0,28.7,0.154
2023-09-16 18:00:00+00:00,25.9,74.63875,0.0,27.75,0.154
2023-09-16 19:00:00+00:00,24.85,78.23516,0.0,26.9,0.154
2023-09-16 20:00:00+00:00,24.65,77.00942,0.0,26.15,0.154
2023-09-16 21:00:00+00:00,23.6,80.26247,0.0,25.5,0.154
2023-09-16 22:00:00+00:00,23.3,81.22345,0.0,24.9,0.154
2023-09-16 23:00:00+00:00,26.1,67.652115,0.0,24.4,0.154
2023-09-17 00:00:00+00:00,25.65,69.69565,0.0,24.8,0.151
2023-09-17 01:00:00+00:00,25.65,69.69565,0.0,24.35,0.151
2023-09-17 02:00:00+00:00,22.2,87.63599,0.0,23.9,0.151
2023-09-17 03:00:00+00:00,21.95,89.257195,0.0,23.65,0.151
2023-09-17 04:00:00+00:00,22.2,85.755714,0.0,23.55,0.151
2023-09-17 05:00:00+00:00,24.6,74.19397,0.0,24.35,0.151
2023-09-17 06:00:00+00:00,27.1,62.408813,0.0,26.05,0.15
2023-09-17 07:00:00+00:00,28.7,51.102905,0.0,28.2,0.149
2023-09-17 08:00:00+00:00,29.6,44.250324,0.0,30.25,0.148
2023-09-17 09:00:00+00:00,29.95,44.48647,0.0,32.0,0.147
2023-09-17 10:00:00+00:00,29.75,46.598915,0.0,33.15,0.146
2023-09-17 11:00:00+00:00,29.8,44.163773,0.0,33.8,0.145
2023-09-17 12:00:00+00:00,29.1,53.003437,0.0,33.7,0.149
2023-09-17 13:00:00+00:00,29.1,56.7654,0.0,33.35,0.149
2023-09-17 14:00:00+00:00,28.65,60.657753,0.0,32.6,0.148
2023-09-17 15:00:00+00:00,27.95,64.16139,0.0,31.45,0.148
2023-09-17 16:00:00+00:00,27.15,66.41116,0.0,30.1,0.147
2023-09-17 17:00:00+00:00,26.75,67.3635,0.0,29.0,0.147
2023-09-17 18:00:00+00:00,26.55,66.494446,0.0,28.1,0.147
2023-09-17 19:00:00+00:00,25.85,70.60231,0.0,27.3,0.147
2023-09-17 20:00:00+00:00,24.15,80.08827,0.0,26.55,0.147
2023-09-17 21:00:00+00:00,26.9,66.97847,0.0,25.8,0.147
2023-09-17 22:00:00+00:00,26.3,70.68531,0.0,25.2,0.147
2023-09-17 23:00:00+00:00,25.05,79.71836,0.0,24.7,0.147
2023-09-18 00:00:00+00:00,23.5,88.83033,0.0,24.95,0.143
2023-09-18 01:00:00+00:00,24.85,82.92763,0.0,24.55,0.143
2023-09-18 02:00:00+00:00,25.05,83.96838,0.0,24.15,0.143
2023-09-18 03:00:00+00:00,24.4,87.826515,0.0,23.85,0.143
2023-09-18 04:00:00+00:00,23.2,92.97443,0.0,23.8,0.143
2023-09-18 05:00:00+00:00,25.5,80.023346,0.0,24.8,0.143
2023-09-18 06:00:00+00:00,27.25,71.29437,0.0,26.5,0.143
2023-09-18 07:00:00+00:00,28.2,64.21461,0.0,28.6,0.142
2023-09-18 08:00:00+00:00,28.8,61.824306,0.0,30.6,0.141
2023-09-18 09:00:00+00:00,29.2,61.157116,0.0,32.25,0.14
2023-09-18 10:00:00+00:00,29.35,59.70409,0.0,33.35,0.14
2023-09-18 11:00:00+00:00,29.45,57.025684,0.0,33.95,0.139
2023-09-18 12:00:00+00:00,29.1,60.200848,0.0,34.1,0.14
2023-09-18 13:00:00+00:00,28.95,59.98123,0.0,33.75,0.14
2023-09-18 14:00:00+00:00,28.5,61.188347,0.0,33.05,0.139
2023-09-18 15:00:00+00:00,27.7,66.31875,0.0,31.85,0.139
2023-09-18 16:00:00+00:00,26.8,73.65269,0.0,30.4,0.139
2023-09-18 17:00:00+00:00,26.7,75.227036,0.0,29.25,0.139
2023-09-18 18:00:00+00:00,26.5,76.58427,0.0,28.4,0.139
2023-09-18 19:00:00+00:00,25.85,79.826546,0.0,27.7,0.138
2023-09-18 20:00:00+00:00,24.4,87.02788,0.0,26.9,0.138
2023-09-18 21:00:00+00:00,24.45,85.45471,0.0,26.25,0.138
2023-09-18 22:00:00+00:00,24.65,83.15827,0.0,25.7,0.138
2023-09-18 23:00:00+00:00,25.85,76.48461,0.0,25.25,0.138
2023-09-19 00:00:00+00:00,25.85,79.09985,0.0,25.55,0.139
2023-09-19 01:00:00+00:00,24.1,89.42053,0.0,25.35,0.139
2023-09-19 02:00:00+00:00,26.1,81.08255,0.0,25.0,0.139
2023-09-19 03:00:00+00:00,25.65,83.779785,0.0,24.8,0.139
2023-09-19 04:00:00+00:00,25.55,84.79113,0.0,24.75,0.139
2023-09-19 05:00:00+00:00,26.45,82.11456,0.0,25.7,0.139
2023-09-19 06:00:00+00:00,27.75,71.60213,0.0,27.25,0.139
2023-09-19 07:00:00+00:00,28.45,67.49439,0.0,28.75,0.139
2023-09-19 08:00:00+00:00,29.0,65.17604,0.0,30.35,0.138
2023-09-19 09:00:00+00:00,29.2,64.623436,0.0,31.65,0.138
2023-09-19 10:00:00+00:00,29.35,63.09465,0.0,32.7,0.137
2023-09-19 11:00:00+00:00,29.4,61.767647,0.0,33.45,0.136
2023-09-19 12:00:00+00:00,28.8,62.397495,0.0,33.9,0.137
2023-09-19 13:00:00+00:00,28.65,62.36451,0.0,33.8,0.136
2023-09-19 14:00:00+00:00,28.0,64.76768,0.0,33.1,0.136
2023-09-19 15:00:00+00:00,27.3,66.64687,0.0,31.85,0.136
2023-09-19 16:00:00+00:00,26.55,73.61052,0.0,30.4,0.135
2023-09-19 17:00:00+00:00,26.45,74.04579,0.0,29.25,0.135
2023-09-19 18:00:00+00:00,25.9,76.49233,0.0,28.35,0.135
2023-09-19 19:00:00+00:00,25.95,75.56847,0.0,27.6,0.135
2023-09-19 20:00:00+00:00,25.55,76.90901,0.0,27.0,0.135
2023-09-19 21:00:00+00:00,24.35,83.123604,0.0,26.35,0.135
2023-09-19 22:00:00+00:00,24.15,84.90312,0.0,25.75,0.135
2023-09-19 23:00:00+00:00,25.35,80.24816,0.0,25.25,0.135
2023-09-20 00:00:00+00:00,24.95,84.72811,0.0,25.75,0.132
2023-09-20 01:00:00+00:00,23.85,90.773796,0.0,25.4,0.132
2023-09-20 02:00:00+00:00,24.55,87.0415,0.0,25.1,0.132
2023-09-20 03:00:00+00:00,23.7,91.875885,0.0,24.8,0.132
2023-09-20 04:00:00+00:00,23.8,95.57615,0.0,24.7,0.132
2023-09-20 05:00:00+00:00,25.85,83.801956,0.0,25.6,0.132
2023-09-20 06:00:00+00:00,27.2,71.94224,0.1,27.05,0.133
2023-09-20 07:00:00+00:00,28.0,65.56941,0.0,28.8,0.132
2023-09-20 08:00:00+00:00,28.55,62.342495,0.0,30.5,0.132
2023-09-20 09:00:00+00:00,28.8,59.946884,0.0,32.05,0.131
2023-09-20 10:00:00+00:00,28.9,57.783833,0.0,33.2,0.131
2023-09-20 11:00:00+00:00,29.0,55.8661,0.0,34.0,0.13
2023-09-20 12:00:00+00:00,28.9,60.71439,0.0,34.3,0.133
2023-09-20 13:00:00+00:00,28.45,62.70572,0.0,33.8,0.132
2023-09-20 14:00:00+00:00,28.2,62.457886,0.0,33.05,0.132
2023-09-20 15:00:00+00:00,27.2,67.03878,0.0,31.85,0.132
2023-09-20 16:00:00+00:00,26.6,72.05647,0.0,30.45,0.132
2023-09-20 17:00:00+00:00,26.6,74.297585,0.0,29.4,0.132
2023-09-20 18:00:00+00:00,26.4,76.10317,0.0,28.6,0.132
2023-09-20 19:00:00+00:00,25.75,79.32766,0.0,27.85,0.131
2023-09-20 20:00:00+00:00,25.15,82.4582,0.0,27.1,0.131
2023-09-20 21:00:00+00:00,25.55,79.30012,0.0,26.5,0.131
2023-09-20 22:00:00+00:00,25.1,81.451225,0.0,25.95,0.131
2023-09-20 23:00:00+00:00,23.55,91.03114,0.0,25.5,0.131
2023-09-21 00:00:00+00:00,24.15,91.069626,0.0,26.05,0.124
2023-09-21 01:00:00+00:00,24.95,88.40747,0.0,25.65,0.124
2023-09-21 02:00:00+00:00,23.55,94.702576,0.0,25.3,0.124
2023-09-21 03:00:00+00:00,23.25,94.97926,0.0,25.1,0.124
2023-09-21 04:00:00+00:00,22.85,92.95653,0.0,24.9,0.124
2023-09-21 05:00:00+00:00,24.45,84.15919,0.0,25.45,0.124
2023-09-21 06:00:00+00:00,26.45,75.18693,0.0,26.85,0.124
2023-09-21 07:00:00+00:00,28.0,67.6119,0.0,28.75,0.123
2023-09-21 08:00:00+00:00,28.9,62.80402,0.0,30.85,0.123
2023-09-21 09:00:00+00:00,29.6,60.129795,0.0,32.75,0.122
2023-09-21 10:00:00+00:00,29.75,59.79587,0.0,34.05,0.122
2023-09-21 11:00:00+00:00,29.75,58.343098,0.0,34.8,0.122
2023-09-21 12:00:00+00:00,29.5,60.84988,0.0,35.0,0.131
2023-09-21 13:00:00+00:00,29.25,65.029434,0.0,34.65,0.13
2023-09-21 14:00:00+00:00,28.95,64.37364,0.0,33.8,0.13
2023-09-21 15:00:00+00:00,28.4,68.1052,0.0,32.55,0.13
2023-09-21 16:00:00+00:00,27.35,72.18876,0.0,31.05,0.13
2023-09-21 17:00:00+00:00,27.1,74.38003,0.0,29.8,0.13
2023-09-21 18:00:00+00:00,26.8,79.23128,0.0,28.9,0.13
2023-09-21 19:00:00+00:00,26.6,80.656555,0.0,28.2,0.129
2023-09-21 20:00:00+00:00,26.5,80.399704,0.0,27.65,0.129
2023-09-21 21:00:00+00:00,25.35,85.545135,0.0,27.05,0.129
2023-09-21 22:00:00+00:00,25.0,87.34666,0.0,26.55,0.129
2023-09-21 23:00:00+00:00,26.75,78.03225,0.0,25.95,0.129
2023-09-22 00:00:00+00:00,23.75,93.852936,0.0,26.05,0.128
2023-09-22 01:00:00+00:00,22.65,95.247475,0.0,25.55,0.128
2023-09-22 02:00:00+00:00,24.7,86.002174,0.0,24.95,0.128
2023-09-22 03:00:00+00:00,24.2,89.15643,0.0,24.5,0.128
2023-09-22 04:00:00+00:00,23.2,95.5566,0.0,24.3,0.128
2023-09-22 05:00:00+00:00,24.35,85.70596,0.0,25.0,0.128
2023-09-22 06:00:00+00:00,26.7,72.074165,0.0,26.55,0.128
2023-09-22 07:00:00+00:00,28.25,63.04959,0.0,28.7,0.127
2023-09-22 08:00:00+00:00,29.25,56.977806,0.0,30.9,0.127
2023-09-22 09:00:00+00:00,29.7,57.794525,0.0,32.7,0.126
2023-09-22 10:00:00+00:00,29.75,58.52298,0.0,34.0,0.126
2023-09-22 11:00:00+00:00,29.7,58.15194,0.0,34.75,0.125
2023-09-22 12:00:00+00:00,28.55,60.26127,0.0,34.9,0.129
2023-09-22 13:00:00+00:00,29.1,58.370663,0.0,34.6,0.128
2023-09-22 14:00:00+00:00,28.55,61.57851,0.0,33.75,0.128
2023-09-22 15:00:00+00:00,27.85,66.3493,0.0,32.45,0.128
2023-09-22 16:00:00+00:00,26.9,76.87855,0.0,30.95,0.128
2023-09-22 17:00:00+00:00,26.8,78.51431,0.0,29.75,0.128
2023-09-22 18:00:00+00:00,26.85,78.99859,0.0,28.85,0.128
2023-09-22 19:00:00+00:00,26.4,81.36667,0.0,28.15,0.128
2023-09-22 20:00:00+00:00,26.05,82.31529,0.0,27.5,0.128
2023-09-22 21:00:00+00:00,25.9,82.29731,0.0,27.0,0.128
2023-09-22 22:00:00+00:00,25.85,82.29132,0.0,26.4,0.128
2023-09-22 23:00:00+00:00,26.2,81.83609,0.0,25.8,0.128
2023-09-23 00:00:00+00:00,24.7,94.462234,0.0,26.1,0.13
2023-09-23 01:00:00+00:00,25.1,92.790955,0.0,25.6,0.13
2023-09-23 02:00:00+00:00,23.95,96.450874,0.0,25.15,0.13
2023-09-23 03:00:00+00:00,22.45,100.0,0.0,24.8,0.13
2023-09-23 04:00:00+00:00,23.35,97.90673,0.0,24.85,0.13
2023-09-23 05:00:00+00:00,23.65,96.73515,0.0,25.35,0.13
2023-09-23 06:00:00+00:00,25.85,83.04363,0.0,26.65,0.129
2023-09-23 07:00:00+00:00,27.95,68.85438,0.0,28.7,0.129
2023-09-23 08:00:00+00:00,29.0,61.112198,0.0,30.75,0.129
2023-09-23 09:00:00+00:00,29.0,62.441406,0.0,32.4,0.128
2023-09-23 10:00:00+00:00,29.35,61.756554,0.0,33.65,0.127
2023-09-23 11:00:00+00:00,29.7,62.213326,0.0,34.45,0.127
2023-09-23 12:00:00+00:00,29.65,66.71305,0.0,34.55,0.135
2023-09-23 13:00:00+00:00,29.65,65.50957,0.0,34.3,0.134
2023-09-23 14:00:00+00:00,29.2,66.2185,0.0,33.6,0.134
2023-09-23 15:00:00+00:00,28.3,73.458405,0.0,32.4,0.134
2023-09-23 16:00:00+00:00,27.35,80.75331,0.0,30.95,0.134
2023-09-23 17:00:00+00:00,26.7,84.65604,0.0,29.75,0.134
2023-09-23 18:00:00+00:00,26.65,84.39661,0.0,28.8,0.134
2023-09-23 19:00:00+00:00,26.3,84.86936,0.0,28.1,0.133
2023-09-23 20:00:00+00:00,26.35,83.604546,0.0,27.5,0.133
2023-09-23 21:00:00+00:00,25.05,89.221504,0.0,27.0,0.133
2023-09-23 22:00:00+00:00,24.55,90.545296,0.0,26.45,0.133
2023-09-23 23:00:00+00:00,26.1,84.33773,0.0,25.95,0.133
2023-09-24 00:00:00+00:00,25.1,90.58225,0.0,25.2,0.136
2023-09-24 01:00:00+00:00,25.15,89.22913,0.0,24.8,0.136
2023-09-24 02:00:00+00:00,23.9,91.33087,0.0,24.5,0.136
2023-09-24 03:00:00+00:00,22.4,97.29677,0.0,24.25,0.136
2023-09-24 04:00:00+00:00,23.25,96.43249,0.0,24.2,0.136
2023-09-24 05:00:00+00:00,24.35,90.53177,0.0,24.95,0.136
2023-09-24 06:00:00+00:00,26.7,75.45679,0.0,26.45,0.136
2023-09-24 07:00:00+00:00,27.95,72.293976,0.0,28.45,0.135
2023-09-24 08:00:00+00:00,28.8,68.807625,0.0,30.5,0.135
2023-09-24 09:00:00+00:00,29.35,65.2487,0.0,32.2,0.134
2023-09-24 10:00:00+00:00,29.6,62.57275,0.0,33.4,0.133
2023-09-24 11:00:00+00:00,29.7,61.26909,0.0,34.15,0.133
2023-09-24 12:00:00+00:00,29.35,64.06592,0.0,34.3,0.14
2023-09-24 13:00:00+00:00,29.2,66.82547,0.0,34.0,0.139
2023-09-24 14:00:00+00:00,28.7,69.20776,0.0,33.25,0.139
2023-09-24 15:00:00+00:00,27.95,71.637825,0.0,32.0,0.139
2023-09-24 16:00:00+00:00,27.05,78.31234,0.0,30.6,0.139
2023-09-24 17:00:00+00:00,26.9,79.24505,0.0,29.5,0.139
2023-09-24 18:00:00+00:00,26.85,78.52137,0.0,28.65,0.138
2023-09-24 19:00:00+00:00,26.3,80.12996,0.0,27.95,0.138
2023-09-24 20:00:00+00:00,25.1,86.564705,0.0,27.25,0.138
2023-09-24 21:00:00+00:00,25.1,87.62048,0.0,26.7,0.138
2023-09-24 22:00:00+00:00,26.3,81.600914,0.0,26.2,0.138
2023-09-24 23:00:00+00:00,27.1,79.27252,0.0,25.8,0.138
2023-09-25 00:00:00+00:00,24.3,93.59432,0.0,26.45,0.138
2023-09-25 01:00:00+00:00,23.45,95.27528,0.0,25.95,0.138
2023-09-25 02:00:00+00:00,23.0,96.425896,0.0,25.45,0.138
2023-09-25 03:00:00+00:00,22.85,97.010376,0.0,25.1,0.138
2023-09-25 04:00:00+00:00,24.0,92.1727,0.0,24.95,0.138
2023-09-25 05:00:00+00:00,25.65,82.017555,0.0,25.7,0.138
2023-09-25 06:00:00+00:00,27.15,74.8424,0.0,27.1,0.138
2023-09-25 07:00:00+00:00,28.25,72.78605,0.0,29.0,0.137
2023-09-25 08:00:00+00:00,29.1,70.12724,0.0,30.95,0.137
2023-09-25 09:00:00+00:00,29.4,69.54995,0.0,32.55,0.136
2023-09-25 10:00:00+00:00,29.65,65.90861,0.0,33.65,0.135
2023-09-25 11:00:00+00:00,29.75,67.13836,0.0,34.25,0.135
2023-09-25 12:00:00+00:00,29.2,68.26075,0.0,34.3,0.142
2023-09-25 13:00:00+00:00,29.1,69.70426,0.0,33.95,0.142
2023-09-25 14:00:00+00:00,28.6,71.97073,0.0,33.1,0.141
2023-09-25 15:00:00+00:00,27.95,74.519356,0.0,31.9,0.141
2023-09-25 16:00:00+00:00,27.4,77.89031,0.0,30.6,0.141
2023-09-25 17:00:00+00:00,26.95,81.92772,0.0,29.6,0.141
2023-09-25 18:00:00+00:00,26.65,84.65082,0.0,28.75,0.141
2023-09-25 19:00:00+00:00,26.7,83.643585,0.0,28.1,0.141
2023-09-25 20:00:00+00:00,26.75,82.64758,0.0,27.65,0.141
2023-09-25 21:00:00+00:00,25.8,87.4172,0.0,27.2,0.141
2023-09-25 22:00:00+00:00,27.15,81.21542,0.0,26.65,0.141
2023-09-25 23:00:00+00:00,26.45,85.65453,0.0,26.2,0.141
2023-09-26 00:00:00+00:00,24.9,95.3252,0.0,26.75,0.139
2023-09-26 01:00:00+00:00,24.5,96.75552,0.0,26.4,0.139
2023-09-26 02:00:00+00:00,24.35,96.75192,0.0,26.05,0.139
2023-09-26 03:00:00+00:00,24.2,96.167175,0.0,25.85,0.139
2023-09-26 04:00:00+00:00,24.55,94.172005,0.0,25.8,0.139
2023-09-26 05:00:00+00:00,25.75,86.10383,0.0,26.35,0.139
2023-09-26 06:00:00+00:00,27.4,78.83669,0.0,27.55,0.139
2023-09-26 07:00:00+00:00,28.55,71.31126,0.0,29.3,0.138
2023-09-26 08:00:00+00:00,29.35,65.4477,0.0,30.95,0.138
2023-09-26 09:00:00+00:00,29.85,62.62731,0.0,32.4,0.137
2023-09-26 10:00:00+00:00,29.8,62.99956,0.0,33.55,0.136
2023-09-26 11:00:00+00:00,29.6,63.92386,0.0,34.2,0.135
2023-09-26 12:00:00+00:00,29.35,65.64722,0.0,34.35,0.14
2023-09-26 13:00:00+00:00,29.2,67.23283,0.0,33.95,0.14
2023-09-26 14:00:00+00:00,28.65,69.408844,0.0,33.15,0.139
2023-09-26 15:00:00+00:00,28.0,72.96395,0.0,31.95,0.139
2023-09-26 16:00:00+00:00,27.45,79.799835,0.0,30.7,0.139
2023-09-26 17:00:00+00:00,27.3,82.21689,0.0,29.75,0.139
2023-09-26 18:00:00+00:00,27.25,82.95484,0.0,29.0,0.139
2023-09-26 19:00:00+00:00,27.2,82.70036,0.0,28.45,0.139
2023-09-26 20:00:00+00:00,27.15,81.95204,0.0,28.1,0.139
2023-09-26 21:00:00+00:00,27.05,80.95845,0.0,27.75,0.139
2023-09-26 22:00:00+00:00,26.35,83.604546,0.0,27.4,0.139
2023-09-26 23:00:00+00:00,25.95,86.12307,0.0,27.05,0.139
2023-09-27 00:00:00+00:00,26.4,81.36667,0.0,27.7,0.139
2023-09-27 01:00:00+00:00,26.05,82.31529,0.0,27.3,0.139
2023-09-27 02:00:00+00:00,25.4,87.381996,0.0,26.75,0.139
2023-09-27 03:00:00+00:00,24.3,94.1614,0.0,26.4,0.139
2023-09-27 04:00:00+00:00,24.85,93.61979,0.0,26.2,0.139
2023-09-27 05:00:00+00:00,26.25,85.89296,0.0,26.75,0.139
2023-09-27 06:00:00+00:00,27.6,74.91516,0.0,28.05,0.139
2023-09-27 07:00:00+00:00,28.4,69.9974,0.0,29.55,0.139
2023-09-27 08:00:00+00:00,28.9,66.968956,0.0,31.0,0.138
2023-09-27 09:00:00+00:00,29.15,66.41019,0.0,32.3,0.138
2023-09-27 10:00:00+00:00,29.15,67.01891,0.0,33.2,0.137
2023-09-27 11:00:00+00:00,28.95,68.00533,0.0,33.85,0.136
2023-09-27 12:00:00+00:00,29.0,65.17604,0.0,33.95,0.139
2023-09-27 13:00:00+00:00,28.85,65.14483,0.0,33.6,0.138
2023-09-27 14:00:00+00:00,28.45,67.28864,0.0,32.85,0.138
2023-09-27 15:00:00+00:00,27.85,71.40232,0.0,31.75,0.138
2023-09-27 16:00:00+00:00,27.2,76.22715,0.0,30.5,0.138
2023-09-27 17:00:00+00:00,26.6,80.412796,0.0,29.45,0.138
2023-09-27 18:00:00+00:00,26.05,83.318504,0.0,28.6,0.138
2023-09-27 19:00:00+00:00,26.25,81.34781,0.0,27.95,0.138
2023-09-27 20:00:00+00:00,24.95,87.607475,0.0,27.35,0.137
2023-09-27 21:00:00+00:00,25.25,85.79498,0.0,26.75,0.137
2023-09-27 22:00:00+00:00,25.45,85.03813,0.0,26.25,0.137
2023-09-27 23:00:00+00:00,25.0,87.34666,0.0,25.85,0.137
2023-09-28 00:00:00+00:00,26.35,75.63188,0.0,26.4,0.144
2023-09-28 01:00:00+00:00,26.2,76.30487,0.0,25.9,0.144
2023-09-28 02:00:00+00:00,25.75,80.30106,0.0,25.5,0.144
2023-09-28 03:00:00+00:00,23.05,95.551704,0.0,25.15,0.144
2023-09-28 04:00:00+00:00,24.1,95.58587,0.0,25.1,0.144
2023-09-28 05:00:00+00:00,25.6,85.05359,0.0,25.8,0.144
2023-09-28 06:00:00+00:00,27.25,69.78237,0.0,27.25,0.144
2023-09-28 07:00:00+00:00,28.25,64.62138,0.0,29.1,0.143
2023-09-28 08:00:00+00:00,28.9,63.57935,0.0,30.95,0.142
2023-09-28 09:00:00+00:00,29.1,63.427826,0.0,32.35,0.141
2023-09-28 10:00:00+00:00,29.05,59.267982,0.0,33.35,0.14
2023-09-28 11:00:00+00:00,29.05,58.90289,0.0,33.95,0.14
2023-09-28 12:00:00+00:00,29.45,69.14039,0.0,34.2,0.139
2023-09-28 13:00:00+00:00,29.7,68.56417,0.0,34.0,0.138
2023-09-28 14:00:00+00:00,29.0,70.961876,0.0,33.45,0.138
2023-09-28 15:00:00+00:00,28.1,75.677895,0.0,32.2,0.138
2023-09-28 16:00:00+00:00,27.85,77.48715,0.0,30.9,0.138
2023-09-28 17:00:00+00:00,27.65,78.634384,0.0,29.95,0.137
2023-09-28 18:00:00+00:00,27.45,80.040474,0.0,29.25,0.137
2023-09-28 19:00:00+00:00,27.4,81.00299,0.0,28.7,0.137
2023-09-28 20:00:00+00:00,27.65,81.03472,0.0,28.35,0.137
2023-09-28 21:00:00+00:00,27.65,81.76721,0.0,28.1,0.137
2023-09-28 22:00:00+00:00,27.7,82.511375,0.0,27.95,0.137
2023-09-28 23:00:00+00:00,27.9,78.90637,0.0,27.8,0.137
2023-09-29 00:00:00+00:00,27.4,76.95388,0.0,28.3,0.137
2023-09-29 01:00:00+00:00,27.45,78.606186,0.0,27.95,0.137
2023-09-29 02:00:00+00:00,27.6,78.39069,0.0,27.75,0.137
2023-09-29 03:00:00+00:00,27.6,75.14258,0.0,27.55,0.137
2023-09-29 04:00:00+00:00,27.35,74.1952,0.0,27.4,0.137
2023-09-29 05:00:00+00:00,28.2,69.74744,0.0,27.8,0.136
2023-09-29 06:00:00+00:00,29.25,61.734344,0.0,28.8,0.136
2023-09-29 07:00:00+00:00,29.55,58.116657,0.0,30.05,0.136
2023-09-29 08:00:00+00:00,29.55,59.019184,0.0,31.35,0.135
2023-09-29 09:00:00+00:00,29.55,59.383614,0.0,32.4,0.134
2023-09-29 10:00:00+00:00,29.85,56.072514,0.0,33.25,0.134
2023-09-29 11:00:00+00:00,29.25,57.15461,0.0,33.55,0.133
2023-09-29 12:00:00+00:00,29.05,61.500587,0.0,33.55,0.136
2023-09-29 13:00:00+00:00,29.0,61.112198,0.0,33.1,0.135
2023-09-29 14:00:00+00:00,28.9,60.901817,0.0,32.4,0.135
2023-09-29 15:00:00+00:00,28.3,65.03012,0.0,31.4,0.135
2023-09-29 16:00:00+00:00,27.95,65.35778,0.0,30.4,0.135
2023-09-29 17:00:00+00:00,27.8,64.32761,0.0,29.65,0.134
2023-09-29 18:00:00+00:00,27.45,66.88283,0.0,29.05,0.134
2023-09-29 19:00:00+00:00,27.45,66.472206,0.0,28.6,0.134
2023-09-29 20:00:00+00:00,27.3,66.64687,0.0,28.25,0.134
2023-09-29 21:00:00+00:00,27.1,67.85017,0.0,27.95,0.134
2023-09-29 22:00:00+00:00,27.1,67.22573,0.0,27.7,0.134
2023-09-29 23:00:00+00:00,27.0,68.03983,0.0,27.5,0.134
2023-09-30 00:00:00+00:00,26.05,73.75213,0.0,28.75,0.131
2023-09-30 01:00:00+00:00,27.0,67.62164,0.0,28.15,0.131
2023-09-30 02:00:00+00:00,26.8,68.84453,0.0,27.7,0.131
2023-09-30 03:00:00+00:00,26.8,68.63265,0.0,27.4,0.131
2023-09-30 04:00:00+00:00,26.75,68.41162,0.0,27.15,0.131
2023-09-30 05:00:00+00:00,27.45,64.85179,0.0,27.5,0.131
2023-09-30 06:00:00+00:00,28.45,62.320457,0.0,28.45,0.131
2023-09-30 07:00:00+00:00,29.05,60.18944,0.0,29.8,0.13
2023-09-30 08:00:00+00:00,29.65,57.2501,0.0,31.45,0.13
2023-09-30 09:00:00+00:00,29.85,56.42022,0.0,32.8,0.129
2023-09-30 10:00:00+00:00,26.15,76.297134,3.9,31.85,0.175
2023-09-30 11:00:00+00:00,26.25,69.80898,0.1,31.05,0.176
2023-09-30 12:00:00+00:00,28.4,65.051025,1.2,31.9,0.189
2023-09-30 13:00:00+00:00,28.6,65.49256,0.0,31.7,0.188
2023-09-30 14:00:00+00:00,28.3,60.954487,0.1,31.0,0.188
2023-09-30 15:00:00+00:00,25.65,74.139946,1.7,29.85,0.207
2023-09-30 16:00:00+00:00,26.3,74.47577,0.0,28.25,0.207
2023-09-30 17:00:00+00:00,25.55,76.204094,1.5,27.3,0.225
2023-09-30 18:00:00+00:00,21.25,93.45028,10.1,26.0,0.364
2023-09-30 19:00:00+00:00,22.45,88.74668,0.1,25.0,0.358
2023-09-30 20:00:00+00:00,22.9,89.05588,0.0,24.5,0.352
2023-09-30 21:00:00+00:00,23.55,87.75341,0.4,24.4,0.35
2023-09-30 22:00:00+00:00,24.45,80.6228,0.0,24.25,0.345
2023-09-30 23:00:00+00:00,24.75,78.703705,0.0,24.15,0.341
2023-10-01 00:00:00+00:00,26.95,63.353996,0.0,25.3,0.256
2023-10-01 01:00:00+00:00,26.9,60.636555,0.0,25.5,0.255
2023-10-01 02:00:00+00:00,26.45,70.495445,0.1,25.65,0.255
2023-10-01 03:00:00+00:00,25.1,81.95037,0.0,25.55,0.254
2023-10-01 04:00:00+00:00,24.2,87.809326,0.0,25.4,0.254
2023-10-01 05:00:00+00:00,24.25,85.17368,0.0,25.6,0.253
2023-10-01 06:00:00+00:00,24.5,79.88895,0.0,26.05,0.252
2023-10-01 07:00:00+00:00,24.75,75.61036,0.0,27.0,0.25
2023-10-01 08:00:00+00:00,25.1,73.81939,0.1,27.8,0.249
2023-10-01 09:00:00+00:00,24.95,71.98565,0.2,28.25,0.249
2023-10-01 10:00:00+00:00,25.55,70.765816,0.1,28.95,0.248
2023-10-01 11:00:00+00:00,22.75,81.91352,3.3,28.35,0.288
2023-10-01 12:00:00+00:00,27.25,62.83122,0.1,28.2,0.279
2023-10-01 13:00:00+00:00,26.9,59.321735,1.3,28.0,0.291
2023-10-01 14:00:00+00:00,26.6,55.98153,0.0,27.75,0.288
2023-10-01 15:00:00+00:00,25.8,61.150436,0.0,27.25,0.286
2023-10-01 16:00:00+00:00,20.6,84.25974,5.6,25.9,0.358
2023-10-01 17:00:00+00:00,19.2,89.32447,6.5,23.95,0.404
2023-10-01 18:00:00+00:00,21.85,77.79555,0.0,23.15,0.384
2023-10-01 19:00:00+00:00,21.55,88.12509,0.0,22.85,0.373
2023-10-01 20:00:00+00:00,21.5,87.03112,0.6,22.65,0.37
2023-10-01 21:00:00+00:00,21.85,82.57265,0.0,22.5,0.362
2023-10-01 22:00:00+00:00,20.95,86.43811,2.2,22.35,0.383
2023-10-01 23:00:00+00:00,21.2,86.1924,1.4,22.05,0.386
2023-10-02 00:00:00+00:00,22.15,85.750725,0.1,23.25,0.362
2023-10-02 01:00:00+00:00,20.3,89.68922,0.7,22.8,0.364
2023-10-02 02:00:00+00:00,19.15,91.60305,8.9,22.15,0.419
2023-10-02 03:00:00+00:00,19.2,89.60693,4.2,21.45,0.404
2023-10-02 04:00:00+00:00,20.55,89.98844,0.0,21.3,0.39
2023-10-02 05:00:00+00:00,21.15,88.09121,0.0,21.7,0.381
2023-10-02 06:00:00+00:00,22.25,79.581795,0.0,22.4,0.374
2023-10-02 07:00:00+00:00,23.5,76.11925,0.0,23.6,0.367
2023-10-02 08:00:00+00:00,23.95,73.39491,0.0,24.7,0.362
2023-10-02 09:00:00+00:00,24.9,71.30854,0.0,26.0,0.356
2023-10-02 10:00:00+00:00,25.25,70.71046,0.0,27.05,0.35
2023-10-02 11:00:00+00:00,25.65,66.10357,0.0,27.75,0.345
2023-10-02 12:00:00+00:00,25.6,70.55606,0.0,28.05,0.327
2023-10-02 13:00:00+00:00,25.6,68.82571,0.0,27.65,0.324
2023-10-02 14:00:00+00:00,25.55,68.3892,0.0,27.25,0.321
2023-10-02 15:00:00+00:00,25.0,72.89362,0.0,26.5,0.319
2023-10-02 16:00:00+00:00,23.95,79.322624,0.0,25.55,0.317
2023-10-02 17:00:00+00:00,24.2,76.941055,0.0,24.85,0.316
2023-10-02 18:00:00+00:00,24.55,73.49769,0.0,24.5,0.314
2023-10-02 19:00:00+00:00,23.1,79.69862,0.0,24.05,0.313
2023-10-02 20:00:00+00:00,23.0,78.20917,0.0,23.65,0.312
2023-10-02 21:00:00+00:00,21.5,87.03112,3.7,23.3,0.358
2023-10-02 22:00:00+00:00,20.55,87.76484,3.7,22.5,0.394
2023-10-02 23:00:00+00:00,20.65,89.995674,0.0,22.15,0.383
2023-10-03 00:00:00+00:00,22.05,87.351814,0.1,24.05,0.305
2023-10-03 01:00:00+00:00,21.8,91.480774,0.0,23.5,0.304
2023-10-03 02:00:00+00:00,20.8,94.00994,0.0,23.1,0.303
2023-10-03 03:00:00+00:00,20.3,94.280754,0.0,22.6,0.302
2023-10-03 04:00:00+00:00,21.15,94.901085,0.0,22.4,0.301
2023-10-03 05:00:00+00:00,22.3,91.79337,0.0,22.9,0.3
2023-10-03 06:00:00+00:00,22.25,79.581795,0.0,23.6,0.299
2023-10-03 07:00:00+00:00,22.2,82.10102,0.0,24.05,0.297
2023-10-03 08:00:00+00:00,23.15,79.9536,0.0,24.8,0.295
2023-10-03 09:00:00+00:00,23.95,76.426895,0.0,25.8,0.293
2023-10-03 10:00:00+00:00,24.65,72.60666,0.0,26.9,0.29
2023-10-03 11:00:00+00:00,24.85,69.54358,0.0,27.6,0.287
2023-10-03 12:00:00+00:00,26.8,63.716755,0.0,27.95,0.333
2023-10-03 13:00:00+00:00,26.25,67.472404,0.0,28.0,0.33
2023-10-03 14:00:00+00:00,25.85,64.31133,0.3,27.4,0.329
2023-10-03 15:00:00+00:00,24.3,81.60096,0.0,26.6,0.327
2023-10-03 16:00:00+00:00,23.85,80.54415,0.0,25.5,0.326
2023-10-03 17:00:00+00:00,22.75,87.14511,0.0,24.7,0.324
2023-10-03 18:00:00+00:00,22.95,85.30218,0.0,24.05,0.322
2023-10-03 19:00:00+00:00,24.9,76.33789,0.0,23.5,0.321
2023-10-03 20:00:00+00:00,22.5,87.39196,0.0,23.1,0.32
2023-10-03 21:00:00+00:00,21.2,94.902954,0.0,22.8,0.318
2023-10-03 22:00:00+00:00,21.5,94.622284,0.0,22.6,0.317
2023-10-03 23:00:00+00:00,21.4,90.891174,0.0,22.5,0.316
2023-10-04 00:00:00+00:00,21.6,80.49757,0.0,23.05,0.312
2023-10-04 01:00:00+00:00,21.65,73.928764,0.0,22.7,0.311
2023-10-04 02:00:00+00:00,21.55,57.10691,0.0,22.35,0.31
2023-10-04 03:00:00+00:00,20.9,54.917377,0.0,22.0,0.308
2023-10-04 04:00:00+00:00,20.55,57.805187,0.0,21.65,0.307
2023-10-04 05:00:00+00:00,21.4,56.88315,0.0,21.85,0.306
2023-10-04 06:00:00+00:00,22.95,51.084175,0.0,22.7,0.304
2023-10-04 07:00:00+00:00,24.55,48.25554,0.0,24.0,0.301
2023-10-04 08:00:00+00:00,26.05,45.0094,0.0,25.45,0.298
2023-10-04 09:00:00+00:00,27.55,36.249786,0.0,26.85,0.294
2023-10-04 10:00:00+00:00,28.4,32.16941,0.0,27.95,0.291
2023-10-04 11:00:00+00:00,28.7,32.14561,0.0,28.85,0.287
2023-10-04 12:00:00+00:00,28.85,37.58516,0.0,29.3,0.282
2023-10-04 13:00:00+00:00,27.7,45.752712,0.0,28.95,0.28
2023-10-04 14:00:00+00:00,26.9,48.414,0.0,28.2,0.278
2023-10-04 15:00:00+00:00,25.95,54.59092,0.0,27.15,0.277
2023-10-04 16:00:00+00:00,25.6,54.503193,0.0,26.15,0.276
2023-10-04 17:00:00+00:00,25.4,57.85682,0.0,25.45,0.275
2023-10-04 18:00:00+00:00,24.75,61.688717,0.0,24.9,0.274
2023-10-04 19:00:00+00:00,22.6,76.21607,0.0,24.2,0.274
2023-10-04 20:00:00+00:00,21.95,81.049934,0.0,23.6,0.274
2023-10-04 21:00:00+00:00,21.6,79.74224,0.0,23.15,0.273
2023-10-04 22:00:00+00:00,21.05,78.16964,0.0,22.75,0.273
2023-10-04 23:00:00+00:00,19.8,87.14808,0.0,22.3,0.273
2023-10-05 00:00:00+00:00,20.9,79.89787,0.0,22.55,0.269
2023-10-05 01:00:00+00:00,21.0,69.01854,0.0,22.25,0.269
2023-10-05 02:00:00+00:00,19.95,58.619305,0.0,21.9,0.268
2023-10-05 03:00:00+00:00,19.4,56.01106,0.0,21.5,0.268
2023-10-05 04:00:00+00:00,19.6,51.389893,0.0,21.2,0.267
2023-10-05 05:00:00+00:00,20.55,50.447227,0.0,21.45,0.266
2023-10-05 06:00:00+00:00,22.2,47.461124,0.0,22.3,0.265
2023-10-05 07:00:00+00:00,24.4,45.14808,0.0,23.65,0.263
2023-10-05 08:00:00+00:00,26.35,41.00851,0.0,25.15,0.261
2023-10-05 09:00:00+00:00,27.55,37.34469,0.0,26.6,0.258
2023-10-05 10:00:00+00:00,28.15,34.085403,0.0,27.75,0.255
2023-10-05 11:00:00+00:00,28.45,33.49563,0.0,28.5,0.252
2023-10-05 12:00:00+00:00,29.65,30.427872,0.0,28.75,0.25
2023-10-05 13:00:00+00:00,29.1,31.830606,0.0,28.8,0.248
2023-10-05 14:00:00+00:00,27.65,43.859913,0.0,28.25,0.246
2023-10-05 15:00:00+00:00,27.1,41.48791,0.0,27.2,0.246
2023-10-05 16:00:00+00:00,23.35,59.815178,0.0,25.75,0.246
2023-10-05 17:00:00+00:00,22.95,59.91407,0.0,24.75,0.246
2023-10-05 18:00:00+00:00,22.15,67.93045,0.0,24.0,0.245
2023-10-05 19:00:00+00:00,21.15,71.06852,0.0,23.25,0.245
2023-10-05 20:00:00+00:00,21.45,61.132034,0.0,22.7,0.245
2023-10-05 21:00:00+00:00,21.45,56.895485,0.0,22.3,0.245
2023-10-05 22:00:00+00:00,21.6,52.090282,0.0,22.05,0.244
2023-10-05 23:00:00+00:00,21.6,48.25559,0.0,21.9,0.244
2023-10-06 00:00:00+00:00,21.5,50.030598,0.0,22.5,0.241
2023-10-06 01:00:00+00:00,20.95,50.723,0.0,22.1,0.24
2023-10-06 02:00:00+00:00,21.05,47.784145,0.0,21.85,0.24
2023-10-06 03:00:00+00:00,21.4,43.720615,0.0,21.7,0.24
2023-10-06 04:00:00+00:00,21.4,43.132397,0.0,21.55,0.239
2023-10-06 05:00:00+00:00,22.05,45.708065,0.0,21.85,0.238
2023-10-06 06:00:00+00:00,23.65,44.054214,0.0,22.75,0.237
2023-10-06 07:00:00+00:00,25.75,42.21133,0.0,24.2,0.236
2023-10-06 08:00:00+00:00,27.85,39.06143,0.0,25.85,0.234
2023-10-06 09:00:00+00:00,28.95,38.60713,0.0,27.5,0.231
2023-10-06 10:00:00+00:00,29.35,39.606846,0.0,28.9,0.229
2023-10-06 11:00:00+00:00,29.45,41.1993,0.0,29.85,0.226
2023-10-06 12:00:00+00:00,28.4,51.83731,0.0,29.95,0.224
2023-10-06 13:00:00+00:00,28.0,52.89162,0.0,29.6,0.222
2023-10-06 14:00:00+00:00,27.5,57.81134,0.0,28.9,0.221
2023-10-06 15:00:00+00:00,26.35,64.41816,0.0,27.8,0.22
2023-10-06 16:00:00+00:00,25.65,67.77319,0.0,26.7,0.22
2023-10-06 17:00:00+00:00,25.25,71.816154,0.0,25.85,0.22
2023-10-06 18:00:00+00:00,23.3,83.51593,0.0,25.15,0.22
2023-10-06 19:00:00+00:00,25.9,69.097664,0.0,24.35,0.22
2023-10-06 20:00:00+00:00,22.55,85.26113,0.0,23.65,0.22
2023-10-06 21:00:00+00:00,22.45,91.52072,0.0,23.3,0.22
2023-10-06 22:00:00+00:00,23.05,91.27774,0.0,23.2,0.22
2023-10-06 23:00:00+00:00,21.95,93.19661,0.0,23.0,0.22
2023-10-07 00:00:00+00:00,21.9,93.194145,0.0,23.0,0.217
2023-10-07 01:00:00+00:00,21.45,89.21868,0.0,22.65,0.217
2023-10-07 02:00:00+00:00,21.05,85.37256,0.0,22.4,0.217
2023-10-07 03:00:00+00:00,20.5,87.48583,0.0,22.05,0.217
2023-10-07 04:00:00+00:00,20.7,82.95498,0.0,21.85,0.217
2023-10-07 05:00:00+00:00,22.1,75.420685,0.0,22.25,0.217
2023-10-07 06:00:00+00:00,24.65,69.50542,0.0,23.45,0.216
2023-10-07 07:00:00+00:00,26.35,69.82782,0.0,25.1,0.215
2023-10-07 08:00:00+00:00,27.3,65.62656,0.0,26.85,0.214
2023-10-07 09:00:00+00:00,28.05,59.960365,0.0,28.5,0.212
2023-10-07 10:00:00+00:00,28.4,60.226997,0.0,29.7,0.21
2023-10-07 11:00:00+00:00,28.2,62.265312,0.0,30.35,0.208
2023-10-07 12:00:00+00:00,28.05,64.77821,0.0,30.65,0.205
2023-10-07 13:00:00+00:00,27.8,64.52633,0.0,30.3,0.204
2023-10-07 14:00:00+00:00,27.3,67.26573,0.0,29.6,0.203
2023-10-07 15:00:00+00:00,26.1,74.44283,0.0,28.4,0.202
2023-10-07 16:00:00+00:00,25.4,77.8358,0.0,27.2,0.202
2023-10-07 17:00:00+00:00,25.0,80.94191,0.0,26.3,0.202
2023-10-07 18:00:00+00:00,24.2,86.48011,0.0,25.6,0.202
2023-10-07 19:00:00+00:00,22.35,90.67392,0.0,24.85,0.202
2023-10-07 20:00:00+00:00,22.55,92.090324,0.0,24.35,0.202
2023-10-07 21:00:00+00:00,22.0,92.62736,0.0,23.9,0.202
2023-10-07 22:00:00+00:00,21.5,93.75108,0.0,23.5,0.202
2023-10-07 23:00:00+00:00,22.05,91.778496,0.0,22.95,0.202
2023-10-08 00:00:00+00:00,20.7,91.98325,0.0,23.5,0.2
2023-10-08 01:00:00+00:00,20.65,91.40942,0.0,22.95,0.2
2023-10-08 02:00:00+00:00,20.75,90.84821,0.0,22.6,0.2
2023-10-08 03:00:00+00:00,20.3,90.81832,0.0,22.25,0.2
2023-10-08 04:00:00+00:00,19.9,89.941315,0.0,21.95,0.2
2023-10-08 05:00:00+00:00,21.45,78.7233,0.0,22.3,0.2
2023-10-08 06:00:00+00:00,23.3,71.23939,0.0,23.4,0.2
2023-10-08 07:00:00+00:00,25.5,62.248665,0.0,25.05,0.199
2023-10-08 08:00:00+00:00,27.2,56.483025,0.0,26.9,0.197
2023-10-08 09:00:00+00:00,28.15,53.600605,0.0,28.5,0.196
2023-10-08 10:00:00+00:00,28.25,54.133682,0.0,29.4,0.194
2023-10-08 11:00:00+00:00,27.85,58.43944,0.0,29.8,0.193
2023-10-08 12:00:00+00:00,28.05,53.23895,0.0,29.9,0.193
2023-10-08 13:00:00+00:00,27.65,60.430134,0.0,29.6,0.192
2023-10-08 14:00:00+00:00,26.8,69.05694,0.0,28.6,0.191
2023-10-08 15:00:00+00:00,26.45,72.919846,0.0,27.8,0.191
2023-10-08 16:00:00+00:00,26.4,72.24272,0.0,27.15,0.191
2023-10-08 17:00:00+00:00,26.25,70.6761,0.0,26.6,0.19
2023-10-08 18:00:00+00:00,26.0,71.72854,0.0,26.15,0.19
2023-10-08 19:00:00+00:00,25.85,70.166725,0.0,25.85,0.19
2023-10-08 20:00:00+00:00,25.8,68.225815,0.0,25.65,0.19
2023-10-08 21:00:00+00:00,25.25,71.37208,0.0,25.4,0.19
2023-10-08 22:00:00+00:00,23.55,80.504684,0.0,24.95,0.19
2023-10-08 23:00:00+00:00,25.4,69.00139,0.0,24.75,0.19
2023-10-09 00:00:00+00:00,24.95,69.34597,0.0,26.1,0.187
2023-10-09 01:00:00+00:00,24.75,70.838425,0.0,25.4,0.187
2023-10-09 02:00:00+00:00,23.75,75.45036,0.0,24.85,0.188
2023-10-09 03:00:00+00:00,22.85,79.169304,0.0,24.3,0.188
2023-10-09 04:00:00+00:00,22.55,84.997444,0.0,23.95,0.188
2023-10-09 05:00:00+00:00,24.35,78.40448,0.0,24.3,0.188
2023-10-09 06:00:00+00:00,25.4,74.09823,0.0,25.4,0.187
2023-10-09 07:00:00+00:00,26.65,63.882973,0.1,26.8,0.187
2023-10-09 08:00:00+00:00,27.55,57.46214,0.0,28.25,0.187
2023-10-09 09:00:00+00:00,27.9,55.59721,0.0,29.35,0.185
2023-10-09 10:00:00+00:00,27.95,55.784145,0.0,30.05,0.184
2023-10-09 11:00:00+00:00,27.5,59.647278,0.0,30.6,0.183
2023-10-09 12:00:00+00:00,25.65,71.22379,0.0,30.65,0.185
2023-10-09 13:00:00+00:00,25.75,72.79865,0.0,30.05,0.184
2023-10-09 14:00:00+00:00,25.4,77.12269,0.0,29.15,0.184
2023-10-09 15:00:00+00:00,25.1,80.46092,0.0,28.1,0.184
2023-10-09 16:00:00+00:00,25.1,81.202644,0.0,27.15,0.184
2023-10-09 17:00:00+00:00,25.45,73.65073,0.0,26.55,0.184
2023-10-09 18:00:00+00:00,25.45,71.85195,0.0,26.1,0.184
2023-10-09 19:00:00+00:00,24.75,75.14404,0.0,25.6,0.183
2023-10-09 20:00:00+00:00,23.3,82.74555,0.0,25.1,0.183
2023-10-09 21:00:00+00:00,23.85,78.81928,0.0,24.65,0.183
2023-10-09 22:00:00+00:00,25.15,70.912056,0.0,24.3,0.184
2023-10-09 23:00:00+00:00,22.5,85.78564,0.2,24.0,0.185
2023-10-10 00:00:00+00:00,22.65,86.066216,0.0,24.8,0.186
2023-10-10 01:00:00+00:00,22.1,90.65714,0.0,24.25,0.186
2023-10-10 02:00:00+00:00,21.8,93.476616,0.0,23.85,0.186
2023-10-10 03:00:00+00:00,21.95,94.931076,0.0,23.55,0.186
2023-10-10 04:00:00+00:00,21.7,93.18418,0.0,23.4,0.186
2023-10-10 05:00:00+00:00,22.8,84.49918,0.0,23.7,0.186
2023-10-10 06:00:00+00:00,24.55,75.111694,0.0,24.65,0.185
2023-10-10 07:00:00+00:00,25.95,67.20317,0.0,26.05,0.185
2023-10-10 08:00:00+00:00,26.8,62.148254,0.0,27.55,0.184
2023-10-10 09:00:00+00:00,26.7,63.8937,0.1,28.65,0.183
2023-10-10 10:00:00+00:00,26.6,64.873634,0.0,29.45,0.182
2023-10-10 11:00:00+00:00,26.8,63.124542,0.0,30.1,0.18
2023-10-10 12:00:00+00:00,27.85,56.28682,0.0,29.9,0.187
2023-10-10 13:00:00+00:00,27.8,55.57266,0.0,29.8,0.186
2023-10-10 14:00:00+00:00,27.25,58.66421,0.0,29.25,0.185
2023-10-10 15:00:00+00:00,26.2,66.62973,0.0,28.25,0.185
2023-10-10 16:00:00+00:00,25.6,70.119934,0.0,27.2,0.184
2023-10-10 17:00:00+00:00,24.95,73.79406,0.0,26.45,0.184
2023-10-10 18:00:00+00:00,23.7,80.027794,0.0,25.7,0.184
2023-10-10 19:00:00+00:00,23.2,80.45841,0.0,25.05,0.184
2023-10-10 20:00:00+00:00,24.1,74.3414,0.0,24.55,0.184
2023-10-10 21:00:00+00:00,25.5,67.322235,0.0,24.05,0.184
2023-10-10 22:00:00+00:00,22.2,86.82577,0.0,23.7,0.184
2023-10-10 23:00:00+00:00,22.3,92.07599,0.0,23.55,0.184
2023-10-11 00:00:00+00:00,22.3,89.83641,0.0,24.7,0.182
2023-10-11 01:00:00+00:00,23.75,80.28242,0.0,24.1,0.182
2023-10-11 02:00:00+00:00,21.35,92.59237,0.0,23.6,0.182
2023-10-11 03:00:00+00:00,21.4,92.59507,0.0,23.25,0.182
2023-10-11 04:00:00+00:00,20.95,91.14438,0.0,22.95,0.182
2023-10-11 05:00:00+00:00,22.35,82.11942,0.0,23.2,0.182
2023-10-11 06:00:00+00:00,24.25,71.636284,0.0,24.2,0.181
2023-10-11 07:00:00+00:00,25.75,41.24784,0.0,25.5,0.18
2023-10-11 08:00:00+00:00,27.0,32.97877,0.0,26.8,0.179
2023-10-11 09:00:00+00:00,28.1,32.62687,0.0,28.15,0.177
2023-10-11 10:00:00+00:00,28.55,35.580513,0.0,29.35,0.176
2023-10-11 11:00:00+00:00,28.55,40.950657,0.0,30.2,0.174
2023-10-11 12:00:00+00:00,30.3,34.684814,0.0,30.8,0.17
2023-10-11 13:00:00+00:00,28.55,55.40908,0.0,30.6,0.169
2023-10-11 14:00:00+00:00,27.15,62.419888,0.0,29.65,0.169
2023-10-11 15:00:00+00:00,26.75,60.4128,0.0,28.6,0.169
2023-10-11 16:00:00+00:00,26.4,56.825115,0.0,27.6,0.168
2023-10-11 17:00:00+00:00,25.85,66.55839,0.0,26.75,0.168
2023-10-11 18:00:00+00:00,25.85,68.87408,0.0,26.2,0.168
2023-10-11 19:00:00+00:00,25.65,70.784225,0.0,25.8,0.168
2023-10-11 20:00:00+00:00,25.2,73.83626,0.0,25.35,0.168
2023-10-11 21:00:00+00:00,23.45,85.09111,0.0,24.85,0.168
2023-10-11 22:00:00+00:00,22.9,86.890594,0.0,24.35,0.168
2023-10-11 23:00:00+00:00,24.85,77.03968,0.0,23.85,0.168
2023-10-12 00:00:00+00:00,22.85,77.215996,0.0,24.4,0.165
2023-10-12 01:00:00+00:00,22.0,37.280052,0.0,23.9,0.164
2023-10-12 02:00:00+00:00,20.7,47.688374,0.0,23.3,0.164
2023-10-12 03:00:00+00:00,20.65,56.32441,0.0,22.8,0.164
2023-10-12 04:00:00+00:00,21.0,60.829144,0.0,22.5,0.164
2023-10-12 05:00:00+00:00,22.3,55.99833,0.0,22.8,0.164
2023-10-12 06:00:00+00:00,24.2,46.451767,0.0,23.85,0.163
2023-10-12 07:00:00+00:00,25.4,54.978416,0.0,25.3,0.162
2023-10-12 08:00:00+00:00,26.1,61.992146,0.0,26.9,0.161
2023-10-12 09:00:00+00:00,26.4,67.921715,0.0,28.4,0.161
2023-10-12 10:00:00+00:00,26.65,68.60358,0.0,29.55,0.16
2023-10-12 11:00:00+00:00,26.85,67.80081,0.0,30.3,0.159
2023-10-12 12:00:00+00:00,27.6,62.907837,0.0,30.55,0.155
2023-10-12 13:00:00+00:00,27.7,61.770382,0.0,30.3,0.155
2023-10-12 14:00:00+00:00,26.85,68.64234,0.0,29.55,0.154
2023-10-12 15:00:00+00:00,26.0,73.29164,0.0,28.45,0.154
2023-10-12 16:00:00+00:00,25.9,73.72684,0.0,27.45,0.154
2023-10-12 17:00:00+00:00,25.75,74.38507,0.0,26.7,0.154
2023-10-12 18:00:00+00:00,25.45,75.488914,0.0,26.15,0.154
2023-10-12 19:00:00+00:00,25.0,78.01663,0.0,25.65,0.154
2023-10-12 20:00:00+00:00,23.4,85.87481,0.0,25.05,0.154
2023-10-12 21:00:00+00:00,25.4,75.48095,0.0,24.45,0.154
2023-10-12 22:00:00+00:00,24.7,79.91595,0.0,23.9,0.154
2023-10-12 23:00:00+00:00,23.55,87.21731,0.0,23.45,0.154
2023-10-13 00:00:00+00:00,23.25,82.48413,0.0,23.6,0.151
2023-10-13 01:00:00+00:00,22.55,85.7906,0.0,23.05,0.151
2023-10-13 02:00:00+00:00,21.45,92.0269,0.0,22.75,0.151
2023-10-13 03:00:00+00:00,20.95,92.570694,0.0,22.55,0.151
2023-10-13 04:00:00+00:00,20.8,93.13913,0.0,22.4,0.151
2023-10-13 05:00:00+00:00,21.9,87.60972,0.0,22.75,0.151
2023-10-13 06:00:00+00:00,23.85,78.09001,0.0,23.9,0.151
2023-10-13 07:00:00+00:00,25.65,70.129295,0.0,25.65,0.151
2023-10-13 08:00:00+00:00,26.85,62.35349,0.0,27.65,0.15
2023-10-13 09:00:00+00:00,27.45,59.079506,0.0,29.3,0.149
2023-10-13 10:00:00+00:00,27.7,54.681103,0.0,30.35,0.148
2023-10-13 11:00:00+00:00,27.45,51.593197,0.0,30.9,0.147
2023-10-13 12:00:00+00:00,27.4,58.699505,0.0,31.0,0.147
2023-10-13 13:00:00+00:00,27.5,58.174484,0.0,30.7,0.147
2023-10-13 14:00:00+00:00,27.0,59.717995,0.0,29.9,0.146
2023-10-13 15:00:00+00:00,25.95,66.578804,0.0,28.7,0.146
2023-10-13 16:00:00+00:00,25.65,69.47969,0.0,27.6,0.146
2023-10-13 17:00:00+00:00,25.7,71.01284,0.0,26.8,0.146
2023-10-13 18:00:00+00:00,25.6,71.87874,0.0,26.25,0.146
2023-10-13 19:00:00+00:00,25.2,72.92834,0.0,25.7,0.146
2023-10-13 20:00:00+00:00,23.35,81.48172,0.0,25.05,0.146
2023-10-13 21:00:00+00:00,24.65,73.97251,0.0,24.4,0.146
2023-10-13 22:00:00+00:00,25.35,70.07304,0.0,23.8,0.146
2023-10-13 23:00:00+00:00,23.1,81.7031,0.0,23.35,0.146
2023-10-14 00:00:00+00:00,23.75,79.78729,0.0,23.05,0.144
2023-10-14 01:00:00+00:00,23.6,82.01826,0.0,22.7,0.144
2023-10-14 02:00:00+00:00,20.7,93.71425,0.0,22.45,0.145
2023-10-14 03:00:00+00:00,21.25,91.163635,0.0,22.35,0.145
2023-10-14 04:00:00+00:00,21.15,88.366135,0.0,22.3,0.145
2023-10-14 05:00:00+00:00,22.55,79.87215,0.0,22.7,0.145
2023-10-14 06:00:00+00:00,24.7,72.615425,0.0,23.95,0.144
2023-10-14 07:00:00+00:00,26.0,67.422455,0.0,25.6,0.144
2023-10-14 08:00:00+00:00,26.7,63.497112,0.0,27.4,0.143
2023-10-14 09:00:00+00:00,27.05,61.81738,0.0,28.95,0.143
2023-10-14 10:00:00+00:00,27.2,62.23705,0.0,30.15,0.142
2023-10-14 11:00:00+00:00,27.2,62.04369,0.0,30.9,0.141
2023-10-14 12:00:00+00:00,27.45,63.6593,0.0,31.4,0.142
2023-10-14 13:00:00+00:00,27.05,65.5747,0.0,31.1,0.141
2023-10-14 14:00:00+00:00,26.6,64.67224,0.0,30.25,0.141
2023-10-14 15:00:00+00:00,25.4,71.1783,0.0,28.9,0.141
2023-10-14 16:00:00+00:00,23.85,81.54461,0.0,27.4,0.141
2023-10-14 17:00:00+00:00,24.3,79.12665,0.0,26.2,0.141
2023-10-14 18:00:00+00:00,24.05,80.32232,0.0,25.25,0.141
2023-10-14 19:00:00+00:00,23.35,84.819115,0.0,24.5,0.141
2023-10-14 20:00:00+00:00,24.8,79.44001,0.0,24.0,0.141
2023-10-14 21:00:00+00:00,23.4,80.9851,1.0,23.7,0.152
2023-10-14 22:00:00+00:00,22.55,84.21074,0.0,23.35,0.152
2023-10-14 23:00:00+00:00,21.15,86.18757,2.5,22.95,0.186
2023-10-15 00:00:00+00:00,21.55,81.508125,1.1,23.8,0.262
2023-10-15 01:00:00+00:00,20.95,85.63013,2.1,23.1,0.289
2023-10-15 02:00:00+00:00,20.95,81.68881,0.0,22.45,0.288
2023-10-15 03:00:00+00:00,20.25,81.34225,0.5,21.85,0.293
2023-10-15 04:00:00+00:00,19.6,85.49265,1.4,21.35,0.309
2023-10-15 05:00:00+00:00,20.0,81.310104,0.4,21.05,0.313
2023-10-15 06:00:00+00:00,19.85,82.85405,0.9,20.95,0.323
2023-10-15 07:00:00+00:00,20.0,79.52072,2.0,21.0,0.346
2023-10-15 08:00:00+00:00,21.1,73.132164,0.0,21.85,0.342
2023-10-15 09:00:00+00:00,21.85,68.743996,0.0,22.65,0.338
2023-10-15 10:00:00+00:00,22.2,65.80207,0.0,23.4,0.333
2023-10-15 11:00:00+00:00,23.25,59.98432,0.0,24.45,0.329
2023-10-15 12:00:00+00:00,20.4,80.847946,0.0,23.3,0.372
2023-10-15 13:00:00+00:00,21.6,73.21942,0.2,23.3,0.367
2023-10-15 14:00:00+00:00,21.75,72.32093,0.0,23.2,0.361
2023-10-15 15:00:00+00:00,20.75,79.122375,0.0,22.6,0.356
2023-10-15 16:00:00+00:00,20.5,84.514404,0.0,22.0,0.352
2023-10-15 17:00:00+00:00,19.6,91.91859,0.0,21.55,0.349
2023-10-15 18:00:00+00:00,18.9,92.16723,0.0,21.0,0.345
2023-10-15 19:00:00+00:00,20.95,83.50778,0.0,20.6,0.343
2023-10-15 20:00:00+00:00,20.25,87.18918,0.0,20.5,0.34
2023-10-15 21:00:00+00:00,20.4,90.82498,0.0,20.25,0.337
2023-10-15 22:00:00+00:00,18.75,94.21467,0.0,20.1,0.335
2023-10-15 23:00:00+00:00,19.0,91.30543,0.0,20.05,0.333
2023-10-16 00:00:00+00:00,19.3,91.324486,1.0,20.75,0.336
2023-10-16 01:00:00+00:00,20.7,82.43374,0.0,20.35,0.334
2023-10-16 02:00:00+00:00,19.35,88.774086,0.0,19.95,0.332
2023-10-16 03:00:00+00:00,19.15,92.472046,0.0,19.9,0.33
2023-10-16 04:00:00+00:00,19.2,93.93877,0.0,19.9,0.328
2023-10-16 05:00:00+00:00,20.55,89.427956,0.0,20.3,0.327
2023-10-16 06:00:00+00:00,22.4,78.36671,0.0,21.3,0.325
2023-10-16 07:00:00+00:00,23.8,71.10749,0.0,22.6,0.323
2023-10-16 08:00:00+00:00,24.1,71.83344,0.0,23.9,0.32
2023-10-16 09:00:00+00:00,24.3,69.65641,0.1,24.9,0.317
2023-10-16 10:00:00+00:00,24.55,70.14122,0.0,25.4,0.314
2023-10-16 11:00:00+00:00,25.0,69.35555,0.0,26.0,0.312
2023-10-16 12:00:00+00:00,26.1,66.19622,0.0,26.85,0.307
2023-10-16 13:00:00+00:00,26.3,66.031784,0.0,26.7,0.305
2023-10-16 14:00:00+00:00,26.05,65.36623,0.0,26.2,0.303
2023-10-16 15:00:00+00:00,23.55,77.32165,0.0,25.2,0.302
2023-10-16 16:00:00+00:00,22.6,80.62978,0.0,24.15,0.301
2023-10-16 17:00:00+00:00,22.5,82.13782,0.0,23.3,0.301
2023-10-16 18:00:00+00:00,24.55,73.49769,0.0,22.6,0.3
2023-10-16 19:00:00+00:00,21.4,86.75119,0.0,22.1,0.299
2023-10-16 20:00:00+00:00,22.25,85.49509,0.0,21.9,0.298
2023-10-16 21:00:00+00:00,22.85,82.948944,0.0,21.8,0.298
2023-10-16 22:00:00+00:00,23.45,79.74645,0.0,22.05,0.297
2023-10-16 23:00:00+00:00,23.15,82.984116,0.0,22.2,0.296
2023-10-17 00:00:00+00:00,23.05,82.20502,0.0,23.4,0.292
2023-10-17 01:00:00+00:00,23.55,82.52008,0.0,23.15,0.291
2023-10-17 02:00:00+00:00,23.55,85.101494,0.0,23.05,0.291
2023-10-17 03:00:00+00:00,22.75,87.14511,0.1,22.8,0.291
2023-10-17 04:00:00+00:00,21.45,92.597755,0.0,22.55,0.291
2023-10-17 05:00:00+00:00,22.35,82.89014,0.1,22.6,0.291
2023-10-17 06:00:00+00:00,23.75,75.21562,0.0,23.2,0.29
2023-10-17 07:00:00+00:00,24.3,73.91356,0.4,24.15,0.291
2023-10-17 08:00:00+00:00,24.9,70.86609,0.0,24.8,0.29
2023-10-17 09:00:00+00:00,25.45,68.15695,0.0,25.7,0.288
2023-10-17 10:00:00+00:00,25.9,65.13116,0.0,26.6,0.285
2023-10-17 11:00:00+00:00,25.75,66.74573,0.0,27.15,0.282
2023-10-17 12:00:00+00:00,25.95,57.62232,0.0,27.5,0.274
2023-10-17 13:00:00+00:00,25.7,62.48938,0.0,27.25,0.272
2023-10-17 14:00:00+00:00,25.0,70.664246,0.0,26.6,0.271
2023-10-17 15:00:00+00:00,24.25,76.7107,0.0,25.75,0.271
2023-10-17 16:00:00+00:00,24.2,76.70305,0.0,25.05,0.27
2023-10-17 17:00:00+00:00,24.1,77.88501,0.0,24.5,0.27
2023-10-17 18:00:00+00:00,24.05,76.44242,0.0,24.15,0.27
2023-10-17 19:00:00+00:00,24.4,71.217384,0.0,23.9,0.269
2023-10-17 20:00:00+00:00,24.25,68.778366,0.0,23.7,0.269
2023-10-17 21:00:00+00:00,23.65,71.07991,0.0,23.55,0.269
2023-10-17 22:00:00+00:00,23.9,69.36168,0.0,23.5,0.268
2023-10-17 23:00:00+00:00,23.65,68.87802,0.0,23.45,0.268
2023-10-18 00:00:00+00:00,21.6,83.060905,0.0,24.3,0.269
2023-10-18 01:00:00+00:00,22.8,80.90744,0.0,23.3,0.269
2023-10-18 02:00:00+00:00,20.65,91.40942,1.1,22.5,0.283
2023-10-18 03:00:00+00:00,19.65,93.958916,0.0,21.9,0.283
2023-10-18 04:00:00+00:00,19.15,91.31498,0.0,21.25,0.282
2023-10-18 05:00:00+00:00,19.4,90.188446,0.0,21.05,0.282
2023-10-18 06:00:00+00:00,20.95,82.204926,0.0,21.55,0.281
2023-10-18 07:00:00+00:00,22.95,73.91628,0.0,22.5,0.28
2023-10-18 08:00:00+00:00,23.5,72.40393,0.0,23.55,0.279
2023-10-18 09:00:00+00:00,22.85,74.59932,0.1,24.75,0.279
2023-10-18 10:00:00+00:00,23.0,74.858604,0.1,25.2,0.278
2023-10-18 11:00:00+00:00,23.8,72.68413,0.0,26.0,0.276
2023-10-18 12:00:00+00:00,24.4,68.16293,0.0,26.7,0.262
2023-10-18 13:00:00+00:00,24.4,66.05221,0.0,26.5,0.261
2023-10-18 14:00:00+00:00,24.25,68.99461,0.0,25.95,0.26
2023-10-18 15:00:00+00:00,23.25,73.50464,0.0,25.05,0.26
2023-10-18 16:00:00+00:00,22.45,72.675026,0.0,24.15,0.259
2023-10-18 17:00:00+00:00,23.55,62.6053,0.0,23.75,0.259
2023-10-18 18:00:00+00:00,23.05,64.93742,0.0,23.45,0.259
2023-10-18 19:00:00+00:00,19.5,85.48241,4.5,22.55,0.316
2023-10-18 20:00:00+00:00,19.05,89.31293,0.2,21.6,0.316
2023-10-18 21:00:00+00:00,19.0,90.445076,1.4,21.1,0.335
2023-10-18 22:00:00+00:00,19.15,90.45551,0.1,20.7,0.334
2023-10-18 23:00:00+00:00,19.5,86.57146,0.4,20.55,0.337
2023-10-19 00:00:00+00:00,18.65,91.28316,0.5,21.25,0.406
2023-10-19 01:00:00+00:00,19.05,88.749794,0.1,20.65,0.393
2023-10-19 02:00:00+00:00,19.1,87.36014,0.2,20.35,0.385
2023-10-19 03:00:00+00:00,18.7,88.44029,0.1,20.05,0.379
2023-10-19 04:00:00+00:00,18.55,89.84237,0.0,19.9,0.373
2023-10-19 05:00:00+00:00,19.45,87.11596,0.0,20.15,0.368
2023-10-19 06:00:00+00:00,20.0,85.80382,0.0,20.75,0.364
2023-10-19 07:00:00+00:00,20.7,82.69399,0.0,21.35,0.36
2023-10-19 08:00:00+00:00,22.25,76.160965,0.1,22.7,0.356
2023-10-19 09:00:00+00:00,22.65,72.94004,0.1,23.7,0.353
2023-10-19 10:00:00+00:00,22.95,75.085526,0.0,24.55,0.349
2023-10-19 11:00:00+00:00,23.05,73.70146,0.0,25.15,0.345
2023-10-19 12:00:00+00:00,23.8,71.55486,0.0,25.25,0.344
2023-10-19 13:00:00+00:00,23.5,73.08816,0.0,25.1,0.341
2023-10-19 14:00:00+00:00,23.1,80.69542,0.0,24.65,0.339
2023-10-19 15:00:00+00:00,22.5,84.99222,0.0,23.95,0.337
2023-10-19 16:00:00+00:00,22.95,82.96067,0.0,23.35,0.336
2023-10-19 17:00:00+00:00,22.95,80.42531,0.0,23.0,0.334
2023-10-19 18:00:00+00:00,22.7,81.65307,0.0,22.7,0.333
2023-10-19 19:00:00+00:00,22.55,81.12736,0.0,22.4,0.332
2023-10-19 20:00:00+00:00,21.85,83.61055,0.0,22.2,0.331
2023-10-19 21:00:00+00:00,21.7,82.29666,0.1,22.0,0.33
2023-10-19 22:00:00+00:00,20.8,86.423744,1.0,21.65,0.34
2023-10-19 23:00:00+00:00,20.45,90.54515,0.1,21.3,0.339
2023-10-20 00:00:00+00:00,20.6,92.26412,0.0,21.7,0.339
2023-10-20 01:00:00+00:00,20.2,90.81162,0.7,21.25,0.346
2023-10-20 02:00:00+00:00,19.6,87.681496,0.2,20.75,0.348
2023-10-20 03:00:00+00:00,19.1,89.88282,0.1,20.25,0.346
2023-10-20 04:00:00+00:00,18.8,91.871086,0.0,20.0,0.345
2023-10-20 05:00:00+00:00,19.85,88.25742,0.0,20.15,0.343
2023-10-20 06:00:00+00:00,20.9,83.764885,0.1,20.85,0.342
2023-10-20 07:00:00+00:00,22.3,77.13255,0.1,21.85,0.341
2023-10-20 08:00:00+00:00,23.3,72.59616,0.0,23.05,0.339
2023-10-20 09:00:00+00:00,23.7,69.760994,0.0,24.3,0.337
2023-10-20 10:00:00+00:00,23.4,71.93294,0.2,25.05,0.335
2023-10-20 11:00:00+00:00,24.2,68.76863,0.0,25.8,0.333
2023-10-20 12:00:00+00:00,24.6,64.448105,0.0,25.75,0.347
2023-10-20 13:00:00+00:00,24.75,66.33284,0.0,25.65,0.344
2023-10-20 14:00:00+00:00,24.2,71.403725,0.0,25.1,0.341
2023-10-20 15:00:00+00:00,23.2,79.21826,0.0,24.3,0.34
2023-10-20 16:00:00+00:00,24.2,74.12703,0.0,23.45,0.339
2023-10-20 17:00:00+00:00,23.3,77.76708,0.0,22.75,0.337
2023-10-20 18:00:00+00:00,20.7,91.41252,0.0,22.25,0.336
2023-10-20 19:00:00+00:00,21.15,91.44055,0.0,21.95,0.335
2023-10-20 20:00:00+00:00,20.9,93.14419,0.0,21.75,0.334
2023-10-20 21:00:00+00:00,20.35,94.28283,0.0,21.55,0.333
2023-10-20 22:00:00+00:00,20.35,91.676315,0.0,21.35,0.332
2023-10-20 23:00:00+00:00,20.1,89.67434,0.0,21.15,0.331
2023-10-21 00:00:00+00:00,19.85,86.33205,0.0,21.65,0.327
2023-10-21 01:00:00+00:00,19.65,87.13434,0.0,21.25,0.326
2023-10-21 02:00:00+00:00,19.4,86.83625,0.0,20.9,0.326
2023-10-21 03:00:00+00:00,18.9,84.87853,0.0,20.6,0.325
2023-10-21 04:00:00+00:00,18.45,85.64703,0.0,20.25,0.324
2023-10-21 05:00:00+00:00,19.2,82.512856,0.0,20.4,0.323
2023-10-21 06:00:00+00:00,20.7,76.887215,0.0,21.15,0.322
2023-10-21 07:00:00+00:00,22.7,68.474335,0.0,22.4,0.32
2023-10-21 08:00:00+00:00,24.3,60.228977,0.0,23.75,0.318
2023-10-21 09:00:00+00:00,25.35,54.615078,0.0,25.05,0.315
2023-10-21 10:00:00+00:00,25.95,52.368286,0.0,26.15,0.312
2023-10-21 11:00:00+00:00,26.3,51.62552,0.0,26.95,0.309
2023-10-21 12:00:00+00:00,26.95,50.005375,0.0,27.25,0.308
2023-10-21 13:00:00+00:00,26.45,52.16226,0.0,26.95,0.306
2023-10-21 14:00:00+00:00,25.2,63.16986,0.0,26.2,0.304
2023-10-21 15:00:00+00:00,23.6,71.518524,0.0,25.05,0.304
2023-10-21 16:00:00+00:00,22.6,77.420296,0.0,24.0,0.303
2023-10-21 17:00:00+00:00,21.25,84.331055,0.0,23.1,0.303
2023-10-21 18:00:00+00:00,21.0,85.100365,0.0,22.45,0.303
2023-10-21 19:00:00+00:00,20.65,85.06373,0.0,21.95,0.303
2023-10-21 20:00:00+00:00,20.3,83.96141,0.0,21.6,0.302
2023-10-21 21:00:00+00:00,19.95,83.9221,0.0,21.3,0.302
2023-10-21 22:00:00+00:00,19.75,83.89959,0.0,21.0,0.302
2023-10-21 23:00:00+00:00,19.55,84.14358,0.0,20.75,0.301
2023-10-22 00:00:00+00:00,19.8,79.74659,0.0,20.9,0.301
2023-10-22 01:00:00+00:00,19.55,76.95502,0.0,20.65,0.301
2023-10-22 02:00:00+00:00,19.05,76.38389,0.0,20.4,0.3
2023-10-22 03:00:00+00:00,18.45,77.28193,0.0,20.1,0.3
2023-10-22 04:00:00+00:00,18.25,76.25674,0.0,19.9,0.3
2023-10-22 05:00:00+00:00,19.35,74.24827,0.0,20.05,0.299
2023-10-22 06:00:00+00:00,21.4,71.11489,0.0,20.95,0.298
2023-10-22 07:00:00+00:00,23.95,63.295403,0.0,22.35,0.297
2023-10-22 08:00:00+00:00,26.25,53.460155,0.0,23.85,0.295
2023-10-22 09:00:00+00:00,27.85,45.499775,0.0,25.3,0.292
2023-10-22 10:00:00+00:00,28.85,40.113876,0.0,26.45,0.289
2023-10-22 11:00:00+00:00,29.3,36.380676,0.0,27.25,0.287
2023-10-22 12:00:00+00:00,29.55,36.689026,0.0,27.45,0.286
2023-10-22 13:00:00+00:00,29.1,40.313423,0.0,27.4,0.284
2023-10-22 14:00:00+00:00,27.3,54.237713,0.0,26.85,0.283
2023-10-22 15:00:00+00:00,23.25,78.73406,0.0,25.45,0.283
2023-10-22 16:00:00+00:00,22.7,86.8721,0.0,24.3,0.283
2023-10-22 17:00:00+00:00,22.35,84.9765,0.0,23.5,0.283
2023-10-22 18:00:00+00:00,21.85,78.53331,0.0,22.85,0.283
2023-10-22 19:00:00+00:00,21.25,79.19295,0.0,22.4,0.282
2023-10-22 20:00:00+00:00,20.85,77.892876,0.0,22.0,0.282
2023-10-22 21:00:00+00:00,20.7,74.23903,0.0,21.6,0.282
2023-10-22 22:00:00+00:00,20.75,71.451065,0.0,21.3,0.282
2023-10-22 23:00:00+00:00,20.65,70.29452,0.0,21.05,0.282
2023-10-23 00:00:00+00:00,21.05,68.80688,0.0,21.55,0.281
2023-10-23 01:00:00+00:00,21.05,62.65019,0.0,21.25,0.281
2023-10-23 02:00:00+00:00,20.6,61.93926,0.0,20.95,0.28
2023-10-23 03:00:00+00:00,19.8,65.719734,0.0,20.7,0.28
2023-10-23 04:00:00+00:00,19.5,64.8021,0.0,20.4,0.28
2023-10-23 05:00:00+00:00,20.55,59.54146,0.0,20.5,0.279
2023-10-23 06:00:00+00:00,22.3,60.736145,0.0,21.3,0.279
2023-10-23 07:00:00+00:00,24.7,55.869965,0.0,22.6,0.277
2023-10-23 08:00:00+00:00,27.1,49.725636,0.0,24.2,0.275
2023-10-23 09:00:00+00:00,28.6,41.632954,0.0,25.65,0.273
2023-10-23 10:00:00+00:00,29.2,39.693634,0.0,26.85,0.27
2023-10-23 11:00:00+00:00,29.4,39.74908,0.0,27.6,0.268
2023-10-23 12:00:00+00:00,30.3,40.38501,0.0,27.75,0.266
2023-10-23 13:00:00+00:00,28.95,51.814934,0.0,27.7,0.265
2023-10-23 14:00:00+00:00,26.5,70.287895,0.0,27.0,0.264
2023-10-23 15:00:00+00:00,23.0,86.63257,0.0,25.7,0.264
2023-10-23 16:00:00+00:00,24.3,77.194824,0.0,24.4,0.264
2023-10-23 17:00:00+00:00,22.9,80.9204,0.0,23.4,0.264
2023-10-23 18:00:00+00:00,22.35,86.036835,0.0,22.85,0.264
2023-10-23 19:00:00+00:00,20.85,87.51696,0.0,22.35,0.264
2023-10-23 20:00:00+00:00,20.1,87.72546,0.0,21.85,0.264
2023-10-23 21:00:00+00:00,20.55,84.78617,0.0,21.45,0.264
2023-10-23 22:00:00+00:00,20.55,81.8967,0.0,21.2,0.264
2023-10-23 23:00:00+00:00,21.4,60.330025,0.0,21.05,0.264
2023-10-24 00:00:00+00:00,20.15,72.73116,0.0,20.6,0.264
2023-10-24 01:00:00+00:00,20.45,60.700974,0.0,20.5,0.264
2023-10-24 02:00:00+00:00,20.5,58.55918,0.0,20.4,0.264
2023-10-24 03:00:00+00:00,20.15,57.707264,0.0,20.3,0.264
2023-10-24 04:00:00+00:00,19.7,57.596752,0.0,20.15,0.264
2023-10-24 05:00:00+00:00,20.35,57.75625,0.0,20.35,0.263
2023-10-24 06:00:00+00:00,22.05,60.091003,0.0,21.2,0.263
2023-10-24 07:00:00+00:00,24.6,54.77815,0.0,22.65,0.261
2023-10-24 08:00:00+00:00,27.1,47.23682,0.0,24.25,0.26
2023-10-24 09:00:00+00:00,28.3,41.281467,0.0,25.65,0.258
2023-10-24 10:00:00+00:00,28.85,39.59649,0.0,26.75,0.255
2023-10-24 11:00:00+00:00,29.05,39.395584,0.0,27.45,0.253
2023-10-24 12:00:00+00:00,28.9,40.38866,0.0,27.75,0.251
2023-10-24 13:00:00+00:00,27.8,58.42765,0.0,27.6,0.25
2023-10-24 14:00:00+00:00,26.35,71.350685,0.0,26.9,0.249
2023-10-24 15:00:00+00:00,23.75,86.173004,0.0,25.7,0.249
2023-10-24 16:00:00+00:00,22.55,89.57851,0.0,24.55,0.249
2023-10-24 17:00:00+00:00,22.0,92.34264,0.0,23.65,0.249
2023-10-24 18:00:00+00:00,22.1,89.82183,0.0,23.1,0.249
2023-10-24 19:00:00+00:00,21.0,87.53027,0.0,22.55,0.249
2023-10-24 20:00:00+00:00,20.3,86.647575,0.0,22.0,0.249
2023-10-24 21:00:00+00:00,20.35,86.10929,0.0,21.6,0.249
2023-10-24 22:00:00+00:00,20.1,86.35627,0.0,21.3,0.249
2023-10-24 23:00:00+00:00,19.4,89.058624,0.0,21.0,0.25
2023-10-25 00:00:00+00:00,19.25,89.04676,0.0,20.7,0.25
2023-10-25 01:00:00+00:00,19.95,78.2565,0.0,20.95,0.249
2023-10-25 02:00:00+00:00,20.25,68.87101,0.0,20.75,0.249
2023-10-25 03:00:00+00:00,19.85,66.37611,0.0,20.5,0.249
2023-10-25 04:00:00+00:00,19.05,68.85727,0.0,20.2,0.249
2023-10-25 05:00:00+00:00,20.0,64.698944,0.0,20.35,0.248
2023-10-25 06:00:00+00:00,22.1,62.279846,0.0,21.25,0.248
2023-10-25 07:00:00+00:00,24.55,56.918335,0.0,22.75,0.247
2023-10-25 08:00:00+00:00,26.5,51.183514,0.0,24.45,0.245
2023-10-25 09:00:00+00:00,27.75,47.563095,0.0,26.05,0.243
2023-10-25 10:00:00+00:00,28.45,44.792366,0.0,27.35,0.241
2023-10-25 11:00:00+00:00,28.55,44.96347,0.0,28.15,0.239
2023-10-25 12:00:00+00:00,28.35,46.223347,0.0,28.4,0.238
2023-10-25 13:00:00+00:00,27.7,60.44156,0.0,28.1,0.237
2023-10-25 14:00:00+00:00,26.1,74.21477,0.0,27.3,0.236
2023-10-25 15:00:00+00:00,23.3,87.19482,0.0,25.95,0.236
2023-10-25 16:00:00+00:00,23.75,82.289955,0.0,24.6,0.236
2023-10-25 17:00:00+00:00,21.95,89.257195,0.0,23.6,0.237
2023-10-25 18:00:00+00:00,20.85,91.42186,0.0,22.85,0.237
2023-10-25 19:00:00+00:00,20.15,90.52456,0.0,22.25,0.237
2023-10-25 20:00:00+00:00,20.0,91.36863,0.0,21.8,0.237
2023-10-25 21:00:00+00:00,19.6,91.63063,0.0,21.4,0.237
2023-10-25 22:00:00+00:00,19.5,90.479744,0.0,21.05,0.237
2023-10-25 23:00:00+00:00,19.5,89.91211,0.0,20.8,0.237
2023-10-26 00:00:00+00:00,19.5,87.94991,0.0,20.6,0.237
2023-10-26 01:00:00+00:00,19.45,84.93709,0.0,20.95,0.237
2023-10-26 02:00:00+00:00,19.6,77.95512,0.0,20.7,0.237
2023-10-26 03:00:00+00:00,19.65,73.585014,0.0,20.45,0.237
2023-10-26 04:00:00+00:00,19.45,70.750465,0.0,20.3,0.237
2023-10-26 05:00:00+00:00,20.35,65.409935,0.0,20.45,0.237
2023-10-26 06:00:00+00:00,22.05,64.72299,0.0,21.25,0.236
2023-10-26 07:00:00+00:00,24.3,58.897438,0.0,22.6,0.235
2023-10-26 08:00:00+00:00,26.95,51.464134,0.0,24.3,0.234
2023-10-26 09:00:00+00:00,28.7,41.39205,0.0,25.9,0.232
2023-10-26 10:00:00+00:00,29.15,38.91486,0.0,27.05,0.23
2023-10-26 11:00:00+00:00,29.2,39.56524,0.0,27.8,0.228
2023-10-26 12:00:00+00:00,29.15,40.588863,0.0,28.15,0.227
2023-10-26 13:00:00+00:00,28.3,56.220158,0.0,27.7,0.228
2023-10-26 14:00:00+00:00,26.2,73.77735,0.0,26.9,0.227
2023-10-26 15:00:00+00:00,24.4,80.36868,0.0,25.7,0.227
2023-10-26 16:00:00+00:00,22.9,85.29705,0.0,24.5,0.227
2023-10-26 17:00:00+00:00,23.05,81.19149,0.0,23.7,0.227
2023-10-26 18:00:00+00:00,22.3,81.34869,0.0,23.15,0.227
2023-10-26 19:00:00+00:00,21.75,81.27838,0.0,22.65,0.227
2023-10-26 20:00:00+00:00,21.7,78.26483,0.0,22.3,0.228
2023-10-26 21:00:00+00:00,21.35,75.53806,0.0,22.0,0.228
2023-10-26 22:00:00+00:00,21.0,73.81772,0.0,21.65,0.228
2023-10-26 23:00:00+00:00,20.7,70.53029,0.0,21.4,0.228
2023-10-27 00:00:00+00:00,20.25,66.892586,0.0,21.15,0.228
2023-10-27 01:00:00+00:00,20.4,57.010857,0.0,21.65,0.225
2023-10-27 02:00:00+00:00,20.25,55.116802,0.0,21.2,0.225
2023-10-27 03:00:00+00:00,19.55,58.91133,0.0,20.85,0.225
2023-10-27 04:00:00+00:00,19.0,63.219578,0.0,20.5,0.225
2023-10-27 05:00:00+00:00,20.65,61.74874,0.0,20.6,0.225
2023-10-27 06:00:00+00:00,22.1,58.7524,0.0,21.3,0.224
2023-10-27 07:00:00+00:00,23.75,57.089527,0.0,22.35,0.224
2023-10-27 08:00:00+00:00,25.55,52.771667,0.0,23.8,0.223
2023-10-27 09:00:00+00:00,27.4,45.524315,0.0,25.45,0.221
2023-10-27 10:00:00+00:00,28.4,43.923504,0.0,26.9,0.219
2023-10-27 11:00:00+00:00,28.95,42.543972,0.0,27.9,0.218
2023-10-27 12:00:00+00:00,28.75,42.901577,0.0,28.4,0.216
2023-10-27 13:00:00+00:00,27.5,53.775772,0.0,27.95,0.215
2023-10-27 14:00:00+00:00,26.3,68.53558,0.0,27.2,0.214
2023-10-27 15:00:00+00:00,23.75,84.600945,0.0,25.85,0.214
2023-10-27 16:00:00+00:00,23.15,88.25924,0.0,24.75,0.214
2023-10-27 17:00:00+00:00,22.85,86.35174,0.0,23.8,0.214
2023-10-27 18:00:00+00:00,24.15,82.591675,0.0,22.95,0.215
2023-10-27 19:00:00+00:00,21.55,90.62003,0.0,22.3,0.215
2023-10-27 20:00:00+00:00,21.5,89.777916,0.0,21.75,0.215
2023-10-27 21:00:00+00:00,21.85,87.87749,0.0,21.35,0.215
2023-10-27 22:00:00+00:00,20.35,92.826836,0.0,21.05,0.215
2023-10-27 23:00:00+00:00,19.1,96.32065,0.0,20.85,0.215
2023-10-28 00:00:00+00:00,19.25,95.424706,0.0,20.8,0.215
2023-10-28 01:00:00+00:00,19.3,90.75133,0.0,19.9,0.215
2023-10-28 02:00:00+00:00,19.15,93.64202,0.0,20.0,0.215
2023-10-28 03:00:00+00:00,19.5,93.07331,0.0,20.05,0.215
2023-10-28 04:00:00+00:00,20.05,93.97673,0.0,20.15,0.215
2023-10-28 05:00:00+00:00,20.35,94.57642,0.0,20.5,0.215
2023-10-28 06:00:00+00:00,21.45,91.17641,0.0,21.45,0.215
2023-10-28 07:00:00+00:00,23.3,82.235435,0.0,22.9,0.215
2023-10-28 08:00:00+00:00,25.05,75.89182,0.0,24.5,0.214
2023-10-28 09:00:00+00:00,25.85,74.63056,0.0,26.15,0.212
2023-10-28 10:00:00+00:00,26.5,67.522255,0.0,27.3,0.211
2023-10-28 11:00:00+00:00,26.9,59.694817,0.0,28.0,0.21
2023-10-28 12:00:00+00:00,27.0,52.470078,0.0,28.25,0.208
2023-10-28 13:00:00+00:00,26.55,65.06507,0.0,27.85,0.207
2023-10-28 14:00:00+00:00,25.3,79.75226,0.0,27.0,0.206
2023-10-28 15:00:00+00:00,23.7,89.9376,0.0,25.75,0.206
2023-10-28 16:00:00+00:00,23.25,91.01178,0.0,24.7,0.207
2023-10-28 17:00:00+00:00,21.75,94.05162,0.0,23.75,0.207
2023-10-28 18:00:00+00:00,21.75,94.34149,0.0,22.75,0.207
2023-10-28 19:00:00+00:00,20.45,97.25712,0.0,22.15,0.207
2023-10-28 20:00:00+00:00,19.6,97.54293,0.0,21.75,0.207
2023-10-28 21:00:00+00:00,19.8,97.24372,0.0,21.55,0.207
2023-10-28 22:00:00+00:00,20.15,96.05058,0.0,21.4,0.207
2023-10-28 23:00:00+00:00,20.05,95.15527,0.0,21.25,0.207
2023-10-29 00:00:00+00:00,19.7,93.375244,0.0,21.15,0.208
2023-10-29 01:00:00+00:00,18.25,89.82015,0.0,19.9,0.207
2023-10-29 02:00:00+00:00,18.25,88.96729,0.0,19.75,0.207
2023-10-29 03:00:00+00:00,17.9,89.79423,0.0,19.5,0.208
2023-10-29 04:00:00+00:00,17.8,86.131165,0.0,19.3,0.208
2023-10-29 05:00:00+00:00,18.85,75.12909,0.0,19.4,0.208
2023-10-29 06:00:00+00:00,20.95,67.68862,0.0,20.35,0.207
2023-10-29 07:00:00+00:00,23.65,56.881336,0.0,21.85,0.207
2023-10-29 08:00:00+00:00,25.9,50.050884,0.0,23.6,0.206
2023-10-29 09:00:00+00:00,27.35,46.250477,0.0,25.3,0.204
2023-10-29 10:00:00+00:00,28.3,45.475605,0.0,26.85,0.203
2023-10-29 11:00:00+00:00,28.5,47.308838,0.0,27.85,0.201
2023-10-29 12:00:00+00:00,27.8,53.343918,0.0,28.15,0.2
2023-10-29 13:00:00+00:00,27.1,60.682175,0.0,27.85,0.198
2023-10-29 14:00:00+00:00,25.85,70.166725,0.0,27.0,0.198
2023-10-29 15:00:00+00:00,23.3,84.033005,0.0,25.65,0.198
2023-10-29 16:00:00+00:00,22.55,86.85827,0.0,24.45,0.198
2023-10-29 17:00:00+00:00,21.75,89.2418,0.0,23.45,0.198
2023-10-29 18:00:00+00:00,22.4,85.51032,0.0,22.65,0.198
2023-10-29 19:00:00+00:00,25.45,71.62983,0.0,22.0,0.198
2023-10-29 20:00:00+00:00,24.85,72.867546,0.0,21.45,0.198
2023-10-29 21:00:00+00:00,20.15,89.678055,0.0,21.0,0.198
2023-10-29 22:00:00+00:00,19.6,90.48668,0.0,20.65,0.198
2023-10-29 23:00:00+00:00,19.15,89.603165,0.0,20.45,0.199
2023-10-30 00:00:00+00:00,18.55,89.55786,0.0,20.15,0.199
2023-10-30 01:00:00+00:00,18.8,87.332954,0.0,19.5,0.198
2023-10-30 02:00:00+00:00,19.85,84.979485,0.0,19.15,0.198
2023-10-30 03:00:00+00:00,18.4,93.31132,0.0,19.05,0.198
2023-10-30 04:00:00+00:00,18.45,90.69379,0.0,19.05,0.199
2023-10-30 05:00:00+00:00,18.85,80.64278,0.0,19.3,0.199
2023-10-30 06:00:00+00:00,20.7,72.59589,0.0,20.2,0.198
2023-10-30 07:00:00+00:00,23.45,63.589546,0.0,21.8,0.198
2023-10-30 08:00:00+00:00,25.6,57.53812,0.0,23.65,0.197
2023-10-30 09:00:00+00:00,27.0,52.8048,0.0,25.45,0.196
2023-10-30 10:00:00+00:00,27.25,54.225185,0.0,26.7,0.194
2023-10-30 11:00:00+00:00,26.8,55.50159,0.0,27.35,0.193
2023-10-30 12:00:00+00:00,26.4,60.712482,0.0,27.55,0.192
2023-10-30 13:00:00+00:00,26.55,62.28699,0.0,27.25,0.19
2023-10-30 14:00:00+00:00,25.75,73.02343,0.0,26.5,0.19
2023-10-30 15:00:00+00:00,22.6,88.75867,0.0,25.25,0.19
2023-10-30 16:00:00+00:00,24.45,80.1284,0.0,24.0,0.19
2023-10-30 17:00:00+00:00,25.05,78.5048,0.0,23.1,0.19
2023-10-30 18:00:00+00:00,21.6,90.623405,0.0,22.35,0.191
2023-10-30 19:00:00+00:00,23.1,87.176765,0.0,21.8,0.191
2023-10-30 20:00:00+00:00,21.7,93.18418,0.0,21.6,0.191
2023-10-30 21:00:00+00:00,20.5,94.58245,0.0,21.4,0.191
2023-10-30 22:00:00+00:00,20.1,94.56639,0.0,21.2,0.191
2023-10-30 23:00:00+00:00,19.3,93.64907,0.0,20.85,0.191
2023-10-31 00:00:00+00:00,19.65,91.92155,0.0,20.65,0.191
2023-10-31 01:00:00+00:00,19.25,81.99445,0.0,19.8,0.19
2023-10-31 02:00:00+00:00,19.7,84.160255,0.0,19.85,0.19
2023-10-31 03:00:00+00:00,19.45,86.56668,0.0,19.8,0.19
2023-10-31 04:00:00+00:00,19.45,85.74849,0.0,19.85,0.19
2023-10-31 05:00:00+00:00,20.7,77.62369,0.0,20.15,0.19
2023-10-31 06:00:00+00:00,22.6,64.42724,0.0,20.95,0.19
2023-10-31 07:00:00+00:00,24.25,55.044262,0.0,22.15,0.189
2023-10-31 08:00:00+00:00,25.55,51.431015,0.0,23.5,0.188
2023-10-31 09:00:00+00:00,26.35,49.2102,0.0,24.75,0.188
2023-10-31 10:00:00+00:00,27.5,45.258556,0.0,25.8,0.187
2023-10-31 11:00:00+00:00,27.75,46.807003,0.0,26.45,0.186
2023-10-31 12:00:00+00:00,27.5,47.955288,0.0,26.5,0.185
2023-10-31 13:00:00+00:00,27.2,58.65242,0.0,26.9,0.185
2023-10-31 14:00:00+00:00,26.0,69.54627,0.0,26.3,0.184
2023-10-31 15:00:00+00:00,24.85,71.96782,0.0,25.35,0.184
2023-10-31 16:00:00+00:00,23.1,80.94629,0.0,24.25,0.184
2023-10-31 17:00:00+00:00,23.25,79.96711,0.0,23.3,0.184
2023-10-31 18:00:00+00:00,23.1,84.0109,0.0,22.65,0.185
2023-10-31 19:00:00+00:00,22.95,87.70143,0.0,22.45,0.185
2023-10-31 20:00:00+00:00,22.5,86.585526,0.0,22.1,0.185
2023-10-31 21:00:00+00:00,22.0,90.09238,0.0,21.9,0.185
2023-10-31 22:00:00+00:00,20.6,93.12907,0.0,21.5,0.185
2023-10-31 23:00:00+00:00,21.65,83.587814,0.0,21.4,0.185
2023-11-01 00:00:00+00:00,19.95,89.101906,0.0,21.1,0.185
2023-11-01 01:00:00+00:00,21.3,66.463715,0.0,21.2,0.182
2023-11-01 02:00:00+00:00,20.3,71.36811,0.0,21.1,0.182
2023-11-01 03:00:00+00:00,20.6,64.6186,0.0,20.95,0.182
2023-11-01 04:00:00+00:00,21.15,58.715935,0.0,20.95,0.182
2023-11-01 05:00:00+00:00,21.35,59.731255,0.0,21.0,0.182
2023-11-01 06:00:00+00:00,22.2,59.351532,0.0,21.35,0.182
2023-11-01 07:00:00+00:00,23.95,55.683945,0.0,22.25,0.181
2023-11-01 08:00:00+00:00,25.65,51.62288,0.0,23.35,0.181
2023-11-01 09:00:00+00:00,27.3,44.478897,0.0,24.75,0.18
2023-11-01 10:00:00+00:00,28.05,40.021976,0.0,26.0,0.178
2023-11-01 11:00:00+00:00,28.0,39.48882,0.0,26.75,0.177
2023-11-01 12:00:00+00:00,28.5,37.981743,0.0,27.3,0.176
2023-11-01 13:00:00+00:00,25.8,48.905846,0.1,26.0,0.187
2023-11-01 14:00:00+00:00,24.8,56.797222,0.0,25.35,0.187
2023-11-01 15:00:00+00:00,23.4,65.63503,0.0,24.2,0.187
2023-11-01 16:00:00+00:00,23.9,67.21059,0.0,23.6,0.187
2023-11-01 17:00:00+00:00,22.05,79.55422,0.0,22.9,0.187
2023-11-01 18:00:00+00:00,20.75,85.07421,0.0,22.15,0.187
2023-11-01 19:00:00+00:00,20.85,79.89104,0.0,21.55,0.187
2023-11-01 20:00:00+00:00,20.35,71.83783,0.0,21.25,0.187
2023-11-01 21:00:00+00:00,20.5,69.59028,0.0,21.0,0.187
2023-11-01 22:00:00+00:00,20.15,70.199326,0.0,20.75,0.187
2023-11-01 23:00:00+00:00,19.3,74.239784,0.0,20.5,0.187
2023-11-02 00:00:00+00:00,18.65,78.56884,0.0,20.15,0.187
2023-11-02 01:00:00+00:00,17.85,90.364624,0.0,20.25,0.186
2023-11-02 02:00:00+00:00,18.7,77.57002,0.0,19.95,0.186
2023-11-02 03:00:00+00:00,18.8,77.3356,0.0,19.75,0.186
2023-11-02 04:00:00+00:00,18.95,81.43438,0.0,19.55,0.186
2023-11-02 05:00:00+00:00,20.4,74.1882,0.0,19.8,0.186
2023-11-02 06:00:00+00:00,22.1,64.31895,0.0,20.8,0.186
2023-11-02 07:00:00+00:00,24.0,58.45014,0.0,22.3,0.185
2023-11-02 08:00:00+00:00,25.4,61.059425,0.0,24.05,0.184
2023-11-02 09:00:00+00:00,26.0,58.55345,0.0,25.75,0.183
2023-11-02 10:00:00+00:00,25.9,59.46206,0.0,26.9,0.182
2023-11-02 11:00:00+00:00,25.7,60.743458,0.0,27.2,0.181
2023-11-02 12:00:00+00:00,25.6,65.68143,0.0,27.4,0.18
2023-11-02 13:00:00+00:00,25.65,67.35234,0.0,27.25,0.181
2023-11-02 14:00:00+00:00,25.0,72.89362,0.0,26.45,0.181
2023-11-02 15:00:00+00:00,24.25,77.90701,0.0,25.45,0.181
2023-11-02 16:00:00+00:00,24.15,74.81375,0.6,24.8,0.187
2023-11-02 17:00:00+00:00,23.9,76.18202,0.0,23.95,0.187
2023-11-02 18:00:00+00:00,22.9,83.47039,0.0,23.4,0.187
2023-11-02 19:00:00+00:00,22.2,86.28928,0.4,23.0,0.191
2023-11-02 20:00:00+00:00,19.65,93.665474,7.7,22.25,0.299
2023-11-02 21:00:00+00:00,18.85,93.92302,4.6,21.45,0.361
2023-11-02 22:00:00+00:00,19.0,91.59381,15.9,20.85,0.43
2023-11-02 23:00:00+00:00,19.2,87.36915,15.2,20.55,0.428
2023-11-03 00:00:00+00:00,19.55,90.1991,0.1,20.3,0.408
2023-11-03 01:00:00+00:00,19.85,91.93335,0.0,20.55,0.391
2023-11-03 02:00:00+00:00,22.25,87.099686,0.0,20.65,0.386
2023-11-03 03:00:00+00:00,22.5,79.86534,0.0,20.75,0.381
2023-11-03 04:00:00+00:00,21.25,85.12647,0.0,20.7,0.378
2023-11-03 05:00:00+00:00,20.1,91.08956,0.4,20.8,0.379
2023-11-03 06:00:00+00:00,20.6,86.404495,0.3,20.95,0.379
2023-11-03 07:00:00+00:00,21.8,80.27196,0.0,21.5,0.376
2023-11-03 08:00:00+00:00,22.25,78.344894,0.1,22.4,0.373
2023-11-03 09:00:00+00:00,22.6,78.88738,0.1,23.1,0.371
2023-11-03 10:00:00+00:00,23.0,76.75743,0.0,23.85,0.367
2023-11-03 11:00:00+00:00,23.05,76.286644,0.1,24.15,0.364
2023-11-03 12:00:00+00:00,23.1,75.11001,0.2,24.05,0.363
2023-11-03 13:00:00+00:00,24.3,73.45495,0.0,24.3,0.354
2023-11-03 14:00:00+00:00,24.1,72.50996,0.0,23.95,0.353
2023-11-03 15:00:00+00:00,23.55,74.01776,0.0,23.4,0.351
2023-11-03 16:00:00+00:00,23.05,77.00536,0.0,22.9,0.35
2023-11-03 17:00:00+00:00,22.75,79.40263,0.0,22.5,0.349
2023-11-03 18:00:00+00:00,22.7,78.16543,0.0,22.2,0.348
2023-11-03 19:00:00+00:00,22.25,80.33216,0.0,22.0,0.347
2023-11-03 20:00:00+00:00,22.4,80.1016,0.1,21.85,0.347
2023-11-03 21:00:00+00:00,21.15,85.382835,0.1,21.55,0.347
2023-11-03 22:00:00+00:00,21.05,85.10563,0.1,21.15,0.347
2023-11-03 23:00:00+00:00,20.3,91.95986,0.0,20.95,0.346
2023-11-04 00:00:00+00:00,20.0,93.9745,0.0,20.75,0.345
2023-11-04 01:00:00+00:00,20.3,90.25222,0.0,21.65,0.343
2023-11-04 02:00:00+00:00,20.45,88.30779,0.0,21.3,0.342
2023-11-04 03:00:00+00:00,20.25,88.29103,0.0,21.15,0.341
2023-11-04 04:00:00+00:00,20.25,89.12539,0.0,21.0,0.341
2023-11-04 05:00:00+00:00,21.0,87.2573,0.0,21.05,0.34
2023-11-04 06:00:00+00:00,22.1,83.63891,0.1,21.7,0.34
2023-11-04 07:00:00+00:00,23.05,80.43859,0.1,22.55,0.34
2023-11-04 08:00:00+00:00,24.0,74.093475,0.1,23.6,0.339
2023-11-04 09:00:00+00:00,24.4,70.77382,0.0,24.5,0.336
2023-11-04 10:00:00+00:00,24.65,68.64098,0.0,25.15,0.334
2023-11-04 11:00:00+00:00,24.6,69.062325,0.0,25.55,0.332
2023-11-04 12:00:00+00:00,24.4,69.89391,0.0,25.65,0.33
2023-11-04 13:00:00+00:00,24.85,71.521614,0.0,25.8,0.329
2023-11-04 14:00:00+00:00,24.05,77.87768,0.0,25.15,0.328
2023-11-04 15:00:00+00:00,23.85,76.64923,0.0,24.05,0.328
2023-11-04 16:00:00+00:00,23.7,77.10416,0.0,23.1,0.328
2023-11-04 17:00:00+00:00,23.35,79.73279,0.0,22.35,0.327
2023-11-04 18:00:00+00:00,22.95,82.44807,0.0,21.75,0.327
2023-11-04 19:00:00+00:00,19.7,93.375244,0.0,21.35,0.327
2023-11-04 20:00:00+00:00,19.9,93.384995,0.0,21.05,0.326
2023-11-04 21:00:00+00:00,20.05,92.811066,0.0,20.9,0.326
2023-11-04 22:00:00+00:00,19.75,93.37766,0.0,20.75,0.326
2023-11-04 23:00:00+00:00,19.4,93.947716,0.0,20.6,0.325
2023-11-05 00:00:00+00:00,19.15,93.348305,0.0,20.35,0.325
2023-11-05 01:00:00+00:00,19.6,92.496895,0.0,21.05,0.323
2023-11-05 02:00:00+00:00,19.55,93.07585,0.0,20.75,0.323
2023-11-05 03:00:00+00:00,18.7,93.32614,0.0,20.4,0.323
2023-11-05 04:00:00+00:00,18.6,90.70397,0.0,20.1,0.323
2023-11-05 05:00:00+00:00,19.1,86.533165,0.0,20.05,0.322
2023-11-05 06:00:00+00:00,20.55,81.63834,0.0,20.65,0.322
2023-11-05 07:00:00+00:00,22.4,73.822815,0.0,21.8,0.32
2023-11-05 08:00:00+00:00,24.1,64.137054,0.0,23.05,0.319
2023-11-05 09:00:00+00:00,25.1,60.22282,0.0,24.3,0.317
2023-11-05 10:00:00+00:00,25.55,59.005234,0.0,25.4,0.314
2023-11-05 11:00:00+00:00,25.6,59.58013,0.0,26.1,0.312
2023-11-05 12:00:00+00:00,25.4,60.101696,0.0,26.25,0.31
2023-11-05 13:00:00+00:00,25.25,64.99398,0.0,26.0,0.309
2023-11-05 14:00:00+00:00,24.35,72.55396,0.0,25.2,0.308
2023-11-05 15:00:00+00:00,23.4,77.78186,0.0,24.2,0.308
2023-11-05 16:00:00+00:00,22.95,82.19282,0.0,23.45,0.308
2023-11-05 17:00:00+00:00,21.75,87.32489,0.0,22.8,0.307
2023-11-05 18:00:00+00:00,21.05,86.4477,0.0,22.15,0.307
2023-11-05 19:00:00+00:00,22.5,79.61627,0.0,21.6,0.307
2023-11-05 20:00:00+00:00,23.75,74.98149,0.0,21.15,0.307
2023-11-05 21:00:00+00:00,23.05,77.24627,0.0,21.0,0.307
2023-11-05 22:00:00+00:00,21.5,84.35835,0.0,20.9,0.307
2023-11-05 23:00:00+00:00,21.2,87.27538,0.1,20.85,0.307
2023-11-06 00:00:00+00:00,22.15,82.09491,0.0,20.95,0.308
2023-11-06 01:00:00+00:00,21.55,87.306946,0.1,20.8,0.309
2023-11-06 02:00:00+00:00,21.25,87.55242,0.0,20.7,0.309
2023-11-06 03:00:00+00:00,21.7,83.85499,0.0,20.6,0.309
2023-11-06 04:00:00+00:00,22.0,81.565025,0.0,20.55,0.309
2023-11-06 05:00:00+00:00,22.2,83.91091,0.1,20.7,0.311
2023-11-06 06:00:00+00:00,23.05,87.44084,0.0,21.5,0.311
2023-11-06 07:00:00+00:00,23.95,81.557144,0.0,22.55,0.311
2023-11-06 08:00:00+00:00,24.45,75.09546,0.1,23.45,0.311
2023-11-06 09:00:00+00:00,24.85,71.299416,0.1,24.25,0.31
2023-11-06 10:00:00+00:00,25.0,70.00721,0.2,24.85,0.31
2023-11-06 11:00:00+00:00,25.05,69.149155,0.4,25.1,0.312
2023-11-06 12:00:00+00:00,24.75,70.838425,0.3,24.95,0.314
2023-11-06 13:00:00+00:00,25.15,68.310745,0.1,25.25,0.315
2023-11-06 14:00:00+00:00,24.6,73.96407,0.0,24.75,0.314
2023-11-06 15:00:00+00:00,24.0,76.67229,0.0,24.05,0.313
2023-11-06 16:00:00+00:00,23.75,77.83349,0.0,23.55,0.313
2023-11-06 17:00:00+00:00,23.3,80.47168,0.0,23.15,0.313
2023-11-06 18:00:00+00:00,21.55,88.399284,0.0,22.6,0.312
2023-11-06 19:00:00+00:00,21.45,87.297935,0.0,22.1,0.312
2023-11-06 20:00:00+00:00,21.95,85.73072,0.0,21.75,0.312
2023-11-06 21:00:00+00:00,21.75,88.96573,0.0,21.55,0.312
2023-11-06 22:00:00+00:00,20.95,93.14667,0.0,21.45,0.312
2023-11-06 23:00:00+00:00,20.7,89.99925,0.0,21.35,0.312
2023-11-07 00:00:00+00:00,20.25,85.559074,0.0,21.15,0.312
2023-11-07 01:00:00+00:00,20.1,83.14651,0.0,21.8,0.315
2023-11-07 02:00:00+00:00,19.95,82.60376,0.0,21.35,0.315
2023-11-07 03:00:00+00:00,19.9,84.44916,0.0,21.0,0.315
2023-11-07 04:00:00+00:00,19.45,86.840935,0.0,20.75,0.314
2023-11-07 05:00:00+00:00,19.55,85.21726,0.0,20.7,0.314
2023-11-07 06:00:00+00:00,20.85,81.41905,0.0,21.25,0.313
2023-11-07 07:00:00+00:00,22.95,75.32133,0.0,22.3,0.312
2023-11-07 08:00:00+00:00,24.65,71.48541,0.0,23.7,0.31
2023-11-07 09:00:00+00:00,25.4,66.05193,0.0,25.0,0.308
2023-11-07 10:00:00+00:00,25.75,63.29031,0.0,26.05,0.306
2023-11-07 11:00:00+00:00,25.85,62.522633,0.0,26.65,0.304
2023-11-07 12:00:00+00:00,25.6,63.85601,0.0,26.7,0.302
2023-11-07 13:00:00+00:00,25.85,63.510876,0.0,26.45,0.301
2023-11-07 14:00:00+00:00,24.4,72.33701,0.0,25.65,0.3
2023-11-07 15:00:00+00:00,22.5,80.11507,0.0,24.45,0.3
2023-11-07 16:00:00+00:00,22.45,81.11446,0.0,23.5,0.3
2023-11-07 17:00:00+00:00,22.45,83.93878,0.0,22.9,0.3
2023-11-07 18:00:00+00:00,21.35,89.488525,0.0,22.4,0.3
2023-11-07 19:00:00+00:00,21.35,88.10814,0.0,21.8,0.3
2023-11-07 20:00:00+00:00,20.3,93.69576,0.0,21.4,0.3
2023-11-07 21:00:00+00:00,20.35,93.698044,0.0,21.25,0.3
2023-11-07 22:00:00+00:00,19.5,95.731865,0.0,21.05,0.299
2023-11-07 23:00:00+00:00,19.15,97.83982,0.0,20.85,0.299
2023-11-08 00:00:00+00:00,19.1,97.53367,0.0,20.6,0.299
2023-11-08 01:00:00+00:00,19.4,95.13178,0.0,21.1,0.299
2023-11-08 02:00:00+00:00,19.25,96.32476,0.0,20.9,0.299
2023-11-08 03:00:00+00:00,19.15,94.82492,0.0,20.65,0.299
2023-11-08 04:00:00+00:00,18.75,94.80947,0.0,20.45,0.299
2023-11-08 05:00:00+00:00,19.1,91.31178,0.0,20.35,0.298
2023-11-08 06:00:00+00:00,20.15,86.63335,0.0,20.95,0.298
2023-11-08 07:00:00+00:00,21.95,80.79662,0.0,22.05,0.297
2023-11-08 08:00:00+00:00,23.55,76.364716,0.0,23.45,0.296
2023-11-08 09:00:00+00:00,24.4,73.93042,0.0,24.8,0.294
2023-11-08 10:00:00+00:00,24.9,70.64576,0.0,25.85,0.292
2023-11-08 11:00:00+00:00,25.05,68.93377,0.0,26.4,0.29
2023-11-08 12:00:00+00:00,24.75,70.17877,0.0,26.45,0.289
2023-11-08 13:00:00+00:00,24.3,70.7553,0.0,26.15,0.288
2023-11-08 14:00:00+00:00,23.3,80.222435,0.0,25.25,0.288
2023-11-08 15:00:00+00:00,21.7,89.514885,0.0,24.0,0.288
2023-11-08 16:00:00+00:00,21.4,89.49233,0.0,23.1,0.288
2023-11-08 17:00:00+00:00,20.4,91.9657,0.0,22.35,0.288
2023-11-08 18:00:00+00:00,21.35,87.56126,0.0,21.65,0.288
2023-11-08 19:00:00+00:00,19.7,93.08347,0.0,21.05,0.288
2023-11-08 20:00:00+00:00,18.55,96.60869,0.0,20.65,0.288
2023-11-08 21:00:00+00:00,18.6,95.40245,0.0,20.35,0.288
2023-11-08 22:00:00+00:00,19.0,94.81914,0.0,20.1,0.288
2023-11-08 23:00:00+00:00,18.15,96.59844,0.0,19.85,0.288
2023-11-09 00:00:00+00:00,17.95,97.512115,0.0,19.75,0.288
2023-11-09 01:00:00+00:00,18.1,92.41362,0.0,19.7,0.288
2023-11-09 02:00:00+00:00,17.85,89.50462,0.0,19.5,0.288
2023-11-09 03:00:00+00:00,17.4,87.485374,0.0,19.3,0.288
2023-11-09 04:00:00+00:00,16.95,87.726685,0.0,19.05,0.288
2023-11-09 05:00:00+00:00,18.1,81.85001,0.0,19.05,0.288
2023-11-09 06:00:00+00:00,19.3,79.93254,0.0,19.7,0.287
2023-11-09 07:00:00+00:00,21.4,71.11489,0.0,21.0,0.287
2023-11-09 08:00:00+00:00,23.2,63.12996,0.0,22.5,0.285
2023-11-09 09:00:00+00:00,24.1,61.93472,0.0,23.9,0.284
2023-11-09 10:00:00+00:00,24.15,64.76021,0.0,24.7,0.282
2023-11-09 11:00:00+00:00,24.15,67.899506,0.0,25.2,0.28
2023-11-09 12:00:00+00:00,23.9,70.68115,0.0,25.2,0.279
2023-11-09 13:00:00+00:00,24.2,68.12336,0.0,24.65,0.278
2023-11-09 14:00:00+00:00,23.6,75.661835,0.0,24.05,0.278
2023-11-09 15:00:00+00:00,21.75,83.860565,0.0,23.2,0.278
2023-11-09 16:00:00+00:00,20.7,86.95739,0.0,22.35,0.278
2023-11-09 17:00:00+00:00,20.65,86.95274,0.0,21.7,0.278
2023-11-09 18:00:00+00:00,19.95,91.65196,0.0,21.3,0.278
2023-11-09 19:00:00+00:00,19.55,93.95443,0.0,20.9,0.278
2023-11-09 20:00:00+00:00,19.75,93.96337,0.0,20.75,0.278
2023-11-09 21:00:00+00:00,19.25,93.06053,0.0,20.5,0.278
2023-11-09 22:00:00+00:00,18.6,93.61605,0.0,20.2,0.278
2023-11-09 23:00:00+00:00,17.75,95.071434,0.0,19.8,0.278
2023-11-10 00:00:00+00:00,17.8,94.47269,0.0,19.5,0.278
2023-11-10 01:00:00+00:00,17.9,92.40242,0.0,20.05,0.278
2023-11-10 02:00:00+00:00,17.65,92.978004,0.0,19.6,0.278
2023-11-10 03:00:00+00:00,16.5,94.41867,0.0,19.2,0.278
2023-11-10 04:00:00+00:00,16.3,93.80651,0.0,18.75,0.278
2023-11-10 05:00:00+00:00,17.55,88.91118,0.0,18.7,0.278
2023-11-10 06:00:00+00:00,19.3,81.47929,0.0,19.45,0.278
2023-11-10 07:00:00+00:00,21.5,72.50668,0.0,20.75,0.277
2023-11-10 08:00:00+00:00,23.25,68.14992,0.0,22.25,0.276
2023-11-10 09:00:00+00:00,24.1,64.34065,0.0,23.65,0.275
2023-11-10 10:00:00+00:00,24.4,62.993744,0.0,24.75,0.273
2023-11-10 11:00:00+00:00,24.4,62.199482,0.0,25.3,0.271
2023-11-10 12:00:00+00:00,24.0,60.544964,0.0,25.35,0.27
2023-11-10 13:00:00+00:00,24.05,62.916344,0.0,25.4,0.269
2023-11-10 14:00:00+00:00,23.0,69.84785,0.0,24.5,0.269
2023-11-10 15:00:00+00:00,21.65,77.27682,0.0,23.3,0.269
2023-11-10 16:00:00+00:00,20.5,85.047966,0.0,22.35,0.269
2023-11-10 17:00:00+00:00,20.1,86.35627,0.0,21.5,0.269
2023-11-10 18:00:00+00:00,20.3,86.92028,0.0,20.85,0.269
2023-11-10 19:00:00+00:00,18.7,93.0323,0.0,20.4,0.269
2023-11-10 20:00:00+00:00,18.95,92.46097,0.0,20.1,0.269
2023-11-10 21:00:00+00:00,18.85,91.58458,0.0,19.95,0.269
2023-11-10 22:00:00+00:00,18.05,92.99876,0.0,19.75,0.269
2023-11-10 23:00:00+00:00,18.25,92.71512,0.0,19.5,0.269
2023-11-11 00:00:00+00:00,18.4,90.97839,0.0,19.35,0.269
2023-11-11 01:00:00+00:00,18.4,82.41514,0.0,19.85,0.269
2023-11-11 02:00:00+00:00,17.7,84.74959,0.0,19.55,0.269
2023-11-11 03:00:00+00:00,17.15,88.878914,0.0,19.2,0.269
2023-11-11 04:00:00+00:00,17.0,91.762634,0.0,18.9,0.269
2023-11-11 05:00:00+00:00,17.75,86.95825,0.0,18.8,0.269
2023-11-11 06:00:00+00:00,19.55,77.9477,0.0,19.5,0.269
2023-11-11 07:00:00+00:00,21.7,65.69669,0.0,20.75,0.268
2023-11-11 08:00:00+00:00,23.4,55.908092,0.0,22.1,0.267
2023-11-11 09:00:00+00:00,24.55,51.670788,0.0,23.4,0.265
2023-11-11 10:00:00+00:00,25.35,49.583603,0.0,24.55,0.263
2023-11-11 11:00:00+00:00,25.85,46.595985,0.0,25.35,0.262
2023-11-11 12:00:00+00:00,26.0,44.849083,0.0,25.7,0.26
2023-11-11 13:00:00+00:00,25.3,56.557167,0.0,25.5,0.262
2023-11-11 14:00:00+00:00,23.5,72.40393,0.0,24.65,0.262
2023-11-11 15:00:00+00:00,21.0,86.17292,0.0,23.35,0.262
2023-11-11 16:00:00+00:00,20.55,87.21653,0.0,22.3,0.262
2023-11-11 17:00:00+00:00,20.7,86.143585,0.0,21.55,0.262
2023-11-11 18:00:00+00:00,19.95,82.34229,0.0,21.05,0.262
2023-11-11 19:00:00+00:00,19.05,85.708046,0.0,20.55,0.262
2023-11-11 20:00:00+00:00,18.95,83.01083,0.0,20.15,0.262
2023-11-11 21:00:00+00:00,19.15,76.15414,0.0,19.85,0.262
2023-11-11 22:00:00+00:00,18.8,74.6363,0.0,19.6,0.262
2023-11-11 23:00:00+00:00,18.55,72.44478,0.0,19.35,0.262
2023-11-12 00:00:00+00:00,18.55,67.41855,0.0,19.2,0.262
2023-11-12 01:00:00+00:00,19.05,56.2979,0.0,19.1,0.262
2023-11-12 02:00:00+00:00,19.05,52.64499,0.0,19.05,0.261
2023-11-12 03:00:00+00:00,18.4,53.911892,0.0,18.8,0.261
2023-11-12 04:00:00+00:00,18.1,54.19918,0.0,18.6,0.261
2023-11-12 05:00:00+00:00,18.3,56.487305,0.0,18.55,0.261
2023-11-12 06:00:00+00:00,19.75,57.80028,0.0,19.05,0.26
2023-11-12 07:00:00+00:00,21.65,54.030186,0.0,20.15,0.259
2023-11-12 08:00:00+00:00,23.95,47.30971,0.0,21.6,0.258
2023-11-12 09:00:00+00:00,25.35,41.822514,0.0,23.0,0.256
2023-11-12 10:00:00+00:00,25.85,40.86885,0.0,24.2,0.254
2023-11-12 11:00:00+00:00,26.2,39.24442,0.0,25.0,0.253
2023-11-12 12:00:00+00:00,26.25,39.38862,0.0,25.45,0.251
2023-11-12 13:00:00+00:00,25.95,50.713108,0.0,24.9,0.253
2023-11-12 14:00:00+00:00,23.2,72.57851,0.0,24.15,0.253
2023-11-12 15:00:00+00:00,23.25,60.37116,0.0,22.7,0.253
2023-11-12 16:00:00+00:00,23.25,59.79173,0.0,21.5,0.253
2023-11-12 17:00:00+00:00,23.9,58.052155,0.0,20.55,0.253
2023-11-12 18:00:00+00:00,21.1,68.59593,0.0,19.8,0.253
2023-11-12 19:00:00+00:00,17.35,87.48086,0.0,19.25,0.253
2023-11-12 20:00:00+00:00,17.15,89.45098,0.0,18.85,0.253
2023-11-12 21:00:00+00:00,17.0,90.01533,0.0,18.6,0.253
2023-11-12 22:00:00+00:00,16.6,91.15088,0.0,18.35,0.254
2023-11-12 23:00:00+00:00,17.25,88.31852,0.0,18.2,0.254
2023-11-13 00:00:00+00:00,17.0,85.77443,0.0,18.05,0.254
2023-11-13 01:00:00+00:00,17.55,65.67128,0.0,18.0,0.254
2023-11-13 02:00:00+00:00,16.6,65.03019,0.0,17.85,0.253
2023-11-13 03:00:00+00:00,16.3,66.2832,0.0,17.6,0.253
2023-11-13 04:00:00+00:00,15.85,69.3631,0.0,17.35,0.253
2023-11-13 05:00:00+00:00,16.65,65.25891,0.0,17.35,0.253
2023-11-13 06:00:00+00:00,18.7,60.28951,0.0,18.05,0.253
2023-11-13 07:00:00+00:00,21.3,57.045357,0.0,19.35,0.252
2023-11-13 08:00:00+00:00,23.5,48.929623,0.0,20.85,0.251
2023-11-13 09:00:00+00:00,24.95,45.74755,0.0,22.3,0.249
2023-11-13 10:00:00+00:00,25.85,42.37838,0.0,23.6,0.248
2023-11-13 11:00:00+00:00,26.2,39.899105,0.0,24.35,0.246
2023-11-13 12:00:00+00:00,26.25,39.781414,0.0,24.9,0.245
2023-11-13 13:00:00+00:00,26.2,47.91648,0.0,24.6,0.243
2023-11-13 14:00:00+00:00,23.9,67.63604,0.0,23.9,0.243
2023-11-13 15:00:00+00:00,22.4,68.415016,0.3,22.8,0.245
2023-11-13 16:00:00+00:00,20.75,76.65089,0.0,21.9,0.245
2023-11-13 17:00:00+00:00,21.15,75.027435,0.0,21.15,0.246
2023-11-13 18:00:00+00:00,20.05,84.465515,0.1,20.75,0.246
2023-11-13 19:00:00+00:00,20.05,84.465515,3.1,20.2,0.288
2023-11-13 20:00:00+00:00,21.2,87.00354,0.0,20.1,0.288
2023-11-13 21:00:00+00:00,21.15,77.691185,0.0,19.85,0.287
2023-11-13 22:00:00+00:00,20.45,85.04274,0.0,19.75,0.287
2023-11-13 23:00:00+00:00,19.4,89.62196,0.0,19.55,0.287
2023-11-14 00:00:00+00:00,18.2,89.81646,0.0,19.15,0.287
2023-11-14 01:00:00+00:00,19.75,86.050156,0.0,19.55,0.244
2023-11-14 02:00:00+00:00,20.55,86.94348,0.0,19.5,0.244
2023-11-14 03:00:00+00:00,19.35,91.32762,0.0,19.45,0.245
2023-11-14 04:00:00+00:00,18.5,90.12405,0.0,19.3,0.245
2023-11-14 05:00:00+00:00,18.5,87.02817,0.2,19.2,0.246
2023-11-14 06:00:00+00:00,18.5,82.691986,0.1,19.3,0.247
2023-11-14 07:00:00+00:00,18.8,81.154724,0.0,19.75,0.247
2023-11-14 08:00:00+00:00,21.1,75.73777,0.0,20.8,0.246
2023-11-14 09:00:00+00:00,21.75,73.94577,0.2,22.05,0.247
2023-11-14 10:00:00+00:00,22.05,70.7836,0.1,22.65,0.247
2023-11-14 11:00:00+00:00,22.7,65.69697,0.0,23.25,0.246
2023-11-14 12:00:00+00:00,23.0,62.682842,0.0,23.55,0.245
2023-11-14 13:00:00+00:00,22.25,69.92651,0.0,23.6,0.242
2023-11-14 14:00:00+00:00,21.5,76.52497,0.0,22.95,0.242
2023-11-14 15:00:00+00:00,20.05,86.079765,0.0,22.0,0.242
2023-11-14 16:00:00+00:00,21.3,78.95055,0.0,21.2,0.242
2023-11-14 17:00:00+00:00,19.55,89.91579,0.0,20.8,0.242
2023-11-14 18:00:00+00:00,19.65,90.20624,0.0,20.4,0.242
2023-11-14 19:00:00+00:00,19.3,88.770035,0.0,20.15,0.243
2023-11-14 20:00:00+00:00,19.25,89.04676,0.0,19.95,0.243
2023-11-14 21:00:00+00:00,18.9,90.15276,0.0,19.65,0.243
2023-11-14 22:00:00+00:00,18.3,92.1326,0.0,19.4,0.243
2023-11-14 23:00:00+00:00,18.25,91.83815,0.0,19.25,0.243
2023-11-15 00:00:00+00:00,17.35,92.077255,0.0,19.0,0.243
2023-11-15 01:00:00+00:00,17.9,82.61925,0.0,18.45,0.273
2023-11-15 02:00:00+00:00,17.4,83.36211,0.0,18.15,0.273
2023-11-15 03:00:00+00:00,17.35,81.49067,0.0,17.85,0.273
2023-11-15 04:00:00+00:00,17.0,80.91812,0.0,17.6,0.273
2023-11-15 05:00:00+00:00,16.55,82.99194,0.0,17.5,0.273
2023-11-15 06:00:00+00:00,18.25,77.75271,0.0,18.05,0.272
2023-11-15 07:00:00+00:00,20.4,64.99671,0.0,19.25,0.271
2023-11-15 08:00:00+00:00,22.05,58.549694,0.0,20.75,0.27
2023-11-15 09:00:00+00:00,22.8,57.041748,0.0,22.25,0.269
2023-11-15 10:00:00+00:00,23.15,56.209457,0.0,23.4,0.267
2023-11-15 11:00:00+00:00,22.95,59.91407,0.0,23.95,0.265
2023-11-15 12:00:00+00:00,22.7,62.414955,0.0,24.05,0.264
2023-11-15 13:00:00+00:00,23.25,60.955536,0.0,23.85,0.263
2023-11-15 14:00:00+00:00,22.65,64.23203,0.0,23.1,0.263
2023-11-15 15:00:00+00:00,22.0,68.9933,0.0,22.2,0.262
2023-11-15 16:00:00+00:00,21.85,70.52127,0.0,21.55,0.262
2023-11-15 17:00:00+00:00,21.5,72.276184,0.0,21.0,0.262
2023-11-15 18:00:00+00:00,20.9,74.0364,0.0,20.6,0.262
2023-11-15 19:00:00+00:00,19.2,80.68937,0.0,20.1,0.262
2023-11-15 20:00:00+00:00,19.35,79.429726,0.0,19.6,0.262
2023-11-15 21:00:00+00:00,18.45,86.470604,0.0,19.2,0.262
2023-11-15 22:00:00+00:00,17.85,92.693565,0.0,18.95,0.262
2023-11-15 23:00:00+00:00,19.2,91.03096,0.0,18.75,0.262
2023-11-16 00:00:00+00:00,20.05,89.10978,0.0,18.65,0.262
2023-11-16 01:00:00+00:00,19.45,85.206795,0.0,18.25,0.263
2023-11-16 02:00:00+00:00,19.75,84.43273,0.0,18.15,0.263
2023-11-16 03:00:00+00:00,17.95,93.28897,0.0,18.2,0.263
2023-11-16 04:00:00+00:00,18.55,93.90949,0.1,18.4,0.264
2023-11-16 05:00:00+00:00,19.75,84.96889,0.5,18.55,0.268
2023-11-16 06:00:00+00:00,20.95,77.6612,0.3,19.15,0.271
2023-11-16 07:00:00+00:00,20.8,79.63191,1.2,19.45,0.284
2023-11-16 08:00:00+00:00,21.25,77.21601,0.3,19.95,0.287
2023-11-16 09:00:00+00:00,21.5,73.90318,0.1,20.55,0.287
2023-11-16 10:00:00+00:00,22.05,73.06591,0.2,21.35,0.288
2023-11-16 11:00:00+00:00,22.05,68.345634,0.5,21.45,0.291
2023-11-16 12:00:00+00:00,22.45,68.64302,0.1,21.6,0.291
2023-11-16 13:00:00+00:00,23.0,70.290855,0.0,22.15,0.291
2023-11-16 14:00:00+00:00,22.95,67.8745,0.0,21.9,0.29
2023-11-16 15:00:00+00:00,23.2,65.38453,0.0,21.6,0.29
2023-11-16 16:00:00+00:00,23.5,62.394524,0.0,21.45,0.289
2023-11-16 17:00:00+00:00,23.8,59.157143,0.0,21.45,0.288
2023-11-16 18:00:00+00:00,22.75,69.35906,0.3,21.35,0.29
2023-11-16 19:00:00+00:00,22.75,71.363495,0.7,20.9,0.295
2023-11-16 20:00:00+00:00,20.5,87.211945,0.0,20.55,0.295
2023-11-16 21:00:00+00:00,18.75,89.57299,0.0,20.0,0.295
2023-11-16 22:00:00+00:00,17.9,90.36816,0.0,19.45,0.294
2023-11-16 23:00:00+00:00,17.95,89.512245,0.0,19.0,0.294
2023-11-17 00:00:00+00:00,18.05,84.78738,0.0,18.7,0.294
2023-11-17 01:00:00+00:00,19.05,55.54994,0.0,20.25,0.286
2023-11-17 02:00:00+00:00,18.4,59.222958,0.0,19.65,0.285
2023-11-17 03:00:00+00:00,17.4,58.192047,0.0,19.1,0.284
2023-11-17 04:00:00+00:00,17.85,47.71496,0.0,18.7,0.284
2023-11-17 05:00:00+00:00,18.15,43.701164,0.0,18.5,0.283
2023-11-17 06:00:00+00:00,18.8,43.43377,0.0,18.8,0.282
2023-11-17 07:00:00+00:00,19.85,42.11199,0.0,19.45,0.28
2023-11-17 08:00:00+00:00,21.0,39.226982,0.0,20.4,0.278
2023-11-17 09:00:00+00:00,22.0,35.526062,0.0,21.4,0.276
2023-11-17 10:00:00+00:00,22.7,33.11656,0.0,22.25,0.274
2023-11-17 11:00:00+00:00,23.05,33.10169,0.0,22.9,0.272
2023-11-17 12:00:00+00:00,23.0,35.20331,0.0,23.2,0.27
2023-11-17 13:00:00+00:00,23.05,42.727554,0.0,23.45,0.267
2023-11-17 14:00:00+00:00,20.55,66.954575,0.0,22.55,0.267
2023-11-17 15:00:00+00:00,21.05,54.77428,0.0,21.15,0.266
2023-11-17 16:00:00+00:00,22.25,51.746174,0.0,20.05,0.266
2023-11-17 17:00:00+00:00,17.8,68.15736,0.0,19.15,0.266
2023-11-17 18:00:00+00:00,17.65,70.64025,0.0,18.65,0.266
2023-11-17 19:00:00+00:00,17.45,67.86155,0.0,18.4,0.266
2023-11-17 20:00:00+00:00,17.25,66.48456,0.0,18.25,0.266
2023-11-17 21:00:00+00:00,17.2,62.812775,0.0,18.05,0.265
2023-11-17 22:00:00+00:00,17.0,60.69592,0.0,17.85,0.265
2023-11-17 23:00:00+00:00,17.35,61.187405,0.0,17.75,0.265
2023-11-18 00:00:00+00:00,17.35,76.86119,0.0,17.65,0.264
2023-11-18 01:00:00+00:00,16.05,89.077286,0.0,17.6,0.265
2023-11-18 02:00:00+00:00,18.55,82.43354,0.0,17.2,0.264
2023-11-18 03:00:00+00:00,16.4,91.726036,0.0,17.05,0.264
2023-11-18 04:00:00+00:00,16.8,92.34034,0.2,17.15,0.266
2023-11-18 05:00:00+00:00,17.95,87.81492,0.4,17.3,0.27
2023-11-18 06:00:00+00:00,18.15,89.52748,0.9,17.9,0.281
2023-11-18 07:00:00+00:00,18.3,87.0096,1.8,18.75,0.304
2023-11-18 08:00:00+00:00,18.45,87.30113,0.3,19.1,0.306
2023-11-18 09:00:00+00:00,18.6,86.48508,0.2,19.75,0.307
2023-11-18 10:00:00+00:00,19.2,81.46648,0.2,20.15,0.308
2023-11-18 11:00:00+00:00,20.65,73.287415,0.2,20.7,0.308
2023-11-18 12:00:00+00:00,21.15,71.06852,0.5,20.85,0.312
2023-11-18 13:00:00+00:00,21.7,71.62513,0.0,21.75,0.314
2023-11-18 14:00:00+00:00,21.05,76.21231,0.0,21.25,0.313
2023-11-18 15:00:00+00:00,20.75,78.622536,0.0,20.8,0.312
2023-11-18 16:00:00+00:00,20.6,76.383896,0.0,20.45,0.311
2023-11-18 17:00:00+00:00,19.95,76.770935,1.0,20.1,0.32
2023-11-18 18:00:00+00:00,19.2,85.45156,2.5,19.4,0.351
2023-11-18 19:00:00+00:00,19.25,86.0006,7.1,19.0,0.429
2023-11-18 20:00:00+00:00,19.45,85.74849,9.2,18.8,0.424
2023-11-18 21:00:00+00:00,19.9,82.33618,6.9,18.75,0.421
2023-11-18 22:00:00+00:00,20.0,81.568596,7.4,18.8,0.43
2023-11-18 23:00:00+00:00,19.65,84.958305,14.5,18.8,0.43
2023-11-19 00:00:00+00:00,20.85,83.75924,4.1,18.9,0.42
2023-11-19 01:00:00+00:00,22.6,50.991886,0.0,20.3,0.416
2023-11-19 02:00:00+00:00,22.4,49.2827,0.0,20.2,0.412
2023-11-19 03:00:00+00:00,21.85,51.812157,0.0,20.2,0.409
2023-11-19 04:00:00+00:00,21.4,48.201225,0.0,20.1,0.407
2023-11-19 05:00:00+00:00,20.8,53.63367,0.0,19.9,0.404
2023-11-19 06:00:00+00:00,21.25,52.518494,0.0,20.0,0.402
2023-11-19 07:00:00+00:00,21.7,44.101337,0.0,20.4,0.399
2023-11-19 08:00:00+00:00,21.5,45.097904,0.0,20.95,0.395
2023-11-19 09:00:00+00:00,21.5,43.160526,0.0,21.55,0.392
2023-11-19 10:00:00+00:00,21.55,41.734764,0.0,21.95,0.389
2023-11-19 11:00:00+00:00,21.4,37.88324,0.0,22.05,0.386
2023-11-19 12:00:00+00:00,21.1,41.60722,0.0,21.9,0.383
2023-11-19 13:00:00+00:00,20.0,43.77316,0.0,21.35,0.381
2023-11-19 14:00:00+00:00,19.5,45.617046,0.0,20.6,0.379
2023-11-19 15:00:00+00:00,19.25,43.561287,0.0,20.0,0.378
2023-11-19 16:00:00+00:00,17.65,53.899303,0.0,19.05,0.378
2023-11-19 17:00:00+00:00,15.8,43.029625,0.0,18.4,0.377
2023-11-19 18:00:00+00:00,16.15,41.195564,0.0,18.05,0.376
2023-11-19 19:00:00+00:00,14.7,40.628544,0.0,17.55,0.375
2023-11-19 20:00:00+00:00,14.1,39.161015,0.0,17.1,0.374
2023-11-19 21:00:00+00:00,13.55,40.58463,0.0,16.7,0.373
2023-11-19 22:00:00+00:00,13.25,41.535316,0.0,16.25,0.372
2023-11-19 23:00:00+00:00,13.05,43.001965,0.0,15.9,0.371
2023-11-20 00:00:00+00:00,12.7,46.76745,0.0,15.55,0.37
2023-11-20 01:00:00+00:00,12.15,51.152092,0.0,15.05,0.376
2023-11-20 02:00:00+00:00,12.1,50.59507,0.0,14.8,0.375
2023-11-20 03:00:00+00:00,12.7,45.937225,0.0,14.7,0.374
2023-11-20 04:00:00+00:00,12.85,45.001358,0.0,14.65,0.373
2023-11-20 05:00:00+00:00,12.8,46.296257,0.0,14.6,0.372
2023-11-20 06:00:00+00:00,13.7,41.516968,0.0,14.9,0.37
2023-11-20 07:00:00+00:00,14.8,41.837063,0.0,15.6,0.369
2023-11-20 08:00:00+00:00,15.85,40.817844,0.0,16.5,0.367
2023-11-20 09:00:00+00:00,16.8,39.52717,0.0,17.4,0.364
2023-11-20 10:00:00+00:00,17.45,37.53324,0.0,18.2,0.362
2023-11-20 11:00:00+00:00,17.8,38.7123,0.0,18.7,0.36
2023-11-20 12:00:00+00:00,17.95,40.99235,0.0,19.0,0.358
2023-11-20 13:00:00+00:00,16.75,40.93388,0.0,18.55,0.355
2023-11-20 14:00:00+00:00,15.9,45.391117,0.0,17.8,0.354
2023-11-20 15:00:00+00:00,14.75,49.905334,0.0,16.95,0.354
2023-11-20 16:00:00+00:00,13.95,43.262867,0.0,16.3,0.353
2023-11-20 17:00:00+00:00,13.35,43.86975,0.0,15.8,0.352
2023-11-20 18:00:00+00:00,13.2,44.14224,0.0,15.4,0.352
2023-11-20 19:00:00+00:00,13.3,43.855305,0.0,15.05,0.351
2023-11-20 20:00:00+00:00,13.35,44.34415,0.0,14.85,0.351
2023-11-20 21:00:00+00:00,13.35,46.618645,0.0,14.7,0.35
2023-11-20 22:00:00+00:00,13.1,50.511456,0.0,14.55,0.35
2023-11-20 23:00:00+00:00,13.15,52.33956,0.0,14.5,0.349
2023-11-21 00:00:00+00:00,13.3,50.210426,0.0,14.5,0.349
2023-11-21 01:00:00+00:00,13.05,58.9225,0.0,15.3,0.346
2023-11-21 02:00:00+00:00,13.55,53.188114,0.0,14.95,0.346
2023-11-21 03:00:00+00:00,13.85,51.25444,0.0,14.7,0.346
2023-11-21 04:00:00+00:00,13.25,51.999203,0.0,14.4,0.345
2023-11-21 05:00:00+00:00,12.9,50.63547,0.0,14.2,0.345
2023-11-21 06:00:00+00:00,14.05,50.416523,0.0,14.5,0.344
2023-11-21 07:00:00+00:00,15.8,39.941776,0.0,15.3,0.343
2023-11-21 08:00:00+00:00,16.4,38.854626,0.0,16.25,0.341
2023-11-21 09:00:00+00:00,17.0,38.208035,0.0,17.2,0.339
2023-11-21 10:00:00+00:00,17.35,39.40783,0.0,17.9,0.337
2023-11-21 11:00:00+00:00,17.75,40.08286,0.0,18.45,0.335
2023-11-21 12:00:00+00:00,17.7,40.920372,0.0,18.65,0.334
2023-11-21 13:00:00+00:00,17.95,40.84929,0.0,18.75,0.331
2023-11-21 14:00:00+00:00,16.05,53.296875,0.0,17.9,0.331
2023-11-21 15:00:00+00:00,15.0,58.995773,0.0,16.75,0.331
2023-11-21 16:00:00+00:00,14.3,60.880493,0.0,15.85,0.331
2023-11-21 17:00:00+00:00,14.0,62.501926,0.0,15.15,0.331
2023-11-21 18:00:00+00:00,13.75,59.71065,0.0,14.7,0.33
2023-11-21 19:00:00+00:00,13.15,54.21133,0.0,14.35,0.33
2023-11-21 20:00:00+00:00,12.8,50.967808,0.0,14.0,0.33
2023-11-21 21:00:00+00:00,12.45,50.511646,0.0,13.75,0.33
2023-11-21 22:00:00+00:00,11.9,51.265865,0.0,13.5,0.33
2023-11-21 23:00:00+00:00,11.45,53.0003,0.0,13.25,0.329
2023-11-22 00:00:00+00:00,11.2,55.834293,0.0,13.05,0.329
2023-11-22 01:00:00+00:00,11.25,63.391068,0.0,13.35,0.329
2023-11-22 02:00:00+00:00,11.95,58.85536,0.0,13.25,0.329
2023-11-22 03:00:00+00:00,12.25,55.713276,0.0,13.15,0.328
2023-11-22 04:00:00+00:00,12.2,54.1508,0.0,13.1,0.328
2023-11-22 05:00:00+00:00,11.9,54.648293,0.0,13.0,0.328
2023-11-22 06:00:00+00:00,13.15,58.539055,0.0,13.4,0.327
2023-11-22 07:00:00+00:00,15.0,53.202957,0.0,14.25,0.326
2023-11-22 08:00:00+00:00,17.0,47.31508,0.0,15.45,0.325
2023-11-22 09:00:00+00:00,17.9,44.856773,0.0,16.45,0.324
2023-11-22 10:00:00+00:00,18.4,44.22823,0.0,17.3,0.322
2023-11-22 11:00:00+00:00,18.8,43.885445,0.0,17.9,0.32
2023-11-22 12:00:00+00:00,18.85,44.051052,0.0,18.2,0.319
2023-11-22 13:00:00+00:00,18.95,44.231216,0.0,18.2,0.317
2023-11-22 14:00:00+00:00,18.05,47.934444,0.0,17.65,0.316
2023-11-22 15:00:00+00:00,17.1,50.372883,0.0,16.95,0.316
2023-11-22 16:00:00+00:00,16.2,48.757942,0.0,16.35,0.316
2023-11-22 17:00:00+00:00,15.8,47.974117,0.0,15.95,0.316
2023-11-22 18:00:00+00:00,15.5,50.988792,0.0,15.65,0.315
2023-11-22 19:00:00+00:00,14.95,50.66251,0.0,15.4,0.315
2023-11-22 20:00:00+00:00,14.4,49.634613,0.0,15.1,0.315
2023-11-22 21:00:00+00:00,13.9,50.02218,0.0,14.85,0.314
2023-11-22 22:00:00+00:00,13.55,51.172745,0.0,14.55,0.314
2023-11-22 23:00:00+00:00,13.05,53.24147,0.0,14.25,0.314
2023-11-23 00:00:00+00:00,12.85,54.322666,0.0,14.05,0.314
2023-11-23 01:00:00+00:00,13.75,52.685257,0.0,15.4,0.311
2023-11-23 02:00:00+00:00,12.8,53.550575,0.0,14.85,0.311
2023-11-23 03:00:00+00:00,12.15,54.907578,0.0,14.3,0.31
2023-11-23 04:00:00+00:00,12.1,54.50816,0.0,13.95,0.31
2023-11-23 05:00:00+00:00,12.55,55.20622,0.0,13.7,0.31
2023-11-23 06:00:00+00:00,13.75,56.1008,0.0,14.05,0.309
2023-11-23 07:00:00+00:00,15.5,54.262917,0.0,14.9,0.309
2023-11-23 08:00:00+00:00,17.4,53.46918,0.0,16.1,0.307
2023-11-23 09:00:00+00:00,18.55,50.764156,0.0,17.25,0.306
2023-11-23 10:00:00+00:00,19.2,47.92383,0.0,18.15,0.304
2023-11-23 11:00:00+00:00,19.55,47.05144,0.0,18.75,0.303
2023-11-23 12:00:00+00:00,19.6,47.547276,0.0,19.0,0.302
2023-11-23 13:00:00+00:00,20.5,50.097034,0.0,19.5,0.297
2023-11-23 14:00:00+00:00,18.0,64.26124,0.0,18.75,0.297
2023-11-23 15:00:00+00:00,16.35,69.001366,0.0,17.55,0.297
2023-11-23 16:00:00+00:00,16.35,64.75808,0.0,16.75,0.297
2023-11-23 17:00:00+00:00,16.15,64.49709,0.0,16.25,0.297
2023-11-23 18:00:00+00:00,15.35,69.72946,0.0,15.75,0.297
2023-11-23 19:00:00+00:00,14.5,77.17643,0.0,15.15,0.297
2023-11-23 20:00:00+00:00,13.75,81.28834,0.0,14.7,0.297
2023-11-23 21:00:00+00:00,14.7,74.92732,0.0,14.5,0.297
2023-11-23 22:00:00+00:00,14.9,72.74282,0.0,14.5,0.297
2023-11-23 23:00:00+00:00,15.25,71.84074,0.0,14.45,0.297
2023-11-24 00:00:00+00:00,14.95,75.470436,0.0,14.4,0.298
2023-11-24 01:00:00+00:00,14.4,78.456215,0.0,14.1,0.296
2023-11-24 02:00:00+00:00,14.05,80.78923,0.0,13.95,0.296
2023-11-24 03:00:00+00:00,14.5,80.58239,0.0,13.9,0.296
2023-11-24 04:00:00+00:00,14.15,80.00112,0.0,13.95,0.296
2023-11-24 05:00:00+00:00,14.0,78.65851,0.0,14.0,0.296
2023-11-24 06:00:00+00:00,15.65,71.4375,0.0,14.6,0.296
2023-11-24 07:00:00+00:00,17.35,68.74447,0.0,15.8,0.295
2023-11-24 08:00:00+00:00,19.1,64.71516,0.0,17.2,0.294
2023-11-24 09:00:00+00:00,20.15,60.43195,0.0,18.55,0.293
2023-11-24 10:00:00+00:00,20.5,60.11853,0.0,19.7,0.292
2023-11-24 11:00:00+00:00,20.65,59.370163,0.0,20.55,0.29
2023-11-24 12:00:00+00:00,20.55,59.3463,0.0,20.8,0.289
2023-11-24 13:00:00+00:00,21.05,58.117527,0.0,20.85,0.288
2023-11-24 14:00:00+00:00,20.85,56.5604,0.0,20.0,0.288
2023-11-24 15:00:00+00:00,17.6,70.863266,0.0,18.55,0.288
2023-11-24 16:00:00+00:00,15.55,82.87146,0.0,17.45,0.289
2023-11-24 17:00:00+00:00,16.2,75.926506,0.0,16.8,0.289
2023-11-24 18:00:00+00:00,15.85,74.133,0.0,16.45,0.289
2023-11-24 19:00:00+00:00,15.6,74.08971,0.0,16.15,0.289
2023-11-24 20:00:00+00:00,15.8,70.51985,0.0,15.9,0.289
2023-11-24 21:00:00+00:00,16.0,70.09004,0.0,15.8,0.289
2023-11-24 22:00:00+00:00,16.4,71.57777,0.0,15.8,0.289
2023-11-24 23:00:00+00:00,16.55,73.523094,0.0,15.75,0.289
2023-11-25 00:00:00+00:00,16.5,73.75719,0.0,15.75,0.289
2023-11-25 01:00:00+00:00,16.6,73.04846,0.0,16.15,0.286
2023-11-25 02:00:00+00:00,15.9,72.68163,0.0,15.95,0.286
2023-11-25 03:00:00+00:00,15.15,73.27531,0.0,15.7,0.286
2023-11-25 04:00:00+00:00,14.55,72.923325,0.0,15.45,0.286
2023-11-25 05:00:00+00:00,14.8,73.212845,0.0,15.3,0.286
2023-11-25 06:00:00+00:00,16.4,70.86963,0.0,15.7,0.286
2023-11-25 07:00:00+00:00,17.95,67.0732,0.0,16.55,0.285
2023-11-25 08:00:00+00:00,19.15,63.88077,0.0,17.5,0.284
2023-11-25 09:00:00+00:00,20.3,59.481903,0.0,18.55,0.283
2023-11-25 10:00:00+00:00,20.9,56.386745,0.2,19.45,0.284
2023-11-25 11:00:00+00:00,20.55,57.23643,0.0,19.45,0.284
2023-11-25 12:00:00+00:00,19.7,65.48429,1.3,19.0,0.298
2023-11-25 13:00:00+00:00,19.6,73.81378,11.5,18.75,0.43
2023-11-25 14:00:00+00:00,18.65,79.58666,10.5,18.2,0.43
2023-11-25 15:00:00+00:00,17.0,88.01384,4.3,17.5,0.417
2023-11-25 16:00:00+00:00,15.85,87.62852,0.2,16.75,0.409
2023-11-25 17:00:00+00:00,16.1,86.80248,0.0,16.25,0.403
2023-11-25 18:00:00+00:00,17.2,83.069595,4.3,16.05,0.43
2023-11-25 19:00:00+00:00,16.0,89.073265,11.4,15.9,0.423
2023-11-25 20:00:00+00:00,15.9,89.64394,3.3,15.95,0.429
2023-11-25 21:00:00+00:00,14.6,90.13175,7.0,15.65,0.428
2023-11-25 22:00:00+00:00,15.05,92.24001,4.6,15.45,0.427
2023-11-25 23:00:00+00:00,16.0,87.92661,4.3,15.6,0.43
2023-11-26 00:00:00+00:00,16.05,89.94557,0.6,15.7,0.427
2023-11-26 01:00:00+00:00,16.85,84.38378,0.1,16.25,0.417
2023-11-26 02:00:00+00:00,17.25,84.70081,1.3,16.15,0.427
2023-11-26 03:00:00+00:00,18.75,76.83072,3.2,16.3,0.425
2023-11-26 04:00:00+00:00,18.9,79.62158,0.0,16.45,0.418
2023-11-26 05:00:00+00:00,18.15,79.773605,1.8,16.45,0.424
2023-11-26 06:00:00+00:00,17.85,81.55497,0.3,16.5,0.42
2023-11-26 07:00:00+00:00,17.85,84.49403,1.0,16.65,0.423
2023-11-26 08:00:00+00:00,19.1,74.928215,0.2,17.0,0.418
2023-11-26 09:00:00+00:00,19.05,75.16217,0.6,17.65,0.418
2023-11-26 10:00:00+00:00,20.4,68.90061,2.5,18.35,0.43
2023-11-26 11:00:00+00:00,20.7,70.30401,3.6,18.1,0.424
2023-11-26 12:00:00+00:00,18.3,85.086,1.6,17.8,0.428
2023-11-26 13:00:00+00:00,19.6,77.705986,1.7,18.6,0.425
2023-11-26 14:00:00+00:00,19.1,83.55953,10.4,18.1,0.427
2023-11-26 15:00:00+00:00,18.95,80.65608,0.3,17.7,0.424
2023-11-26 16:00:00+00:00,20.25,75.600624,0.1,17.7,0.42
2023-11-26 17:00:00+00:00,19.65,71.01759,0.1,17.65,0.417
2023-11-26 18:00:00+00:00,19.85,65.30292,0.0,17.65,0.414
2023-11-26 19:00:00+00:00,19.05,65.77519,0.1,17.65,0.412
2023-11-26 20:00:00+00:00,19.45,63.32035,0.1,17.65,0.41
2023-11-26 21:00:00+00:00,19.35,59.6484,0.0,17.65,0.408
2023-11-26 22:00:00+00:00,19.15,58.231213,0.0,17.7,0.405
2023-11-26 23:00:00+00:00,19.45,50.15203,0.0,17.7,0.403
2023-11-27 00:00:00+00:00,19.5,46.877865,0.0,17.7,0.401
2023-11-27 01:00:00+00:00,19.05,42.90903,0.0,18.15,0.396
2023-11-27 02:00:00+00:00,19.0,40.583595,0.0,17.9,0.394
2023-11-27 03:00:00+00:00,18.85,34.496666,0.0,17.6,0.393
2023-11-27 04:00:00+00:00,15.4,58.491276,0.0,17.1,0.391
2023-11-27 05:00:00+00:00,12.85,55.673428,0.0,16.25,0.39
2023-11-27 06:00:00+00:00,14.3,53.20197,0.0,16.05,0.389
2023-11-27 07:00:00+00:00,15.45,42.47502,0.0,16.5,0.387
2023-11-27 08:00:00+00:00,17.3,37.622837,0.0,17.45,0.385
2023-11-27 09:00:00+00:00,18.6,30.266233,0.0,18.25,0.383
2023-11-27 10:00:00+00:00,18.1,31.117708,0.0,18.55,0.38
2023-11-27 11:00:00+00:00,18.15,30.137203,0.0,18.75,0.377
2023-11-27 12:00:00+00:00,17.85,32.65079,0.0,18.7,0.375
2023-11-27 13:00:00+00:00,17.8,36.71413,0.0,18.9,0.374
2023-11-27 14:00:00+00:00,15.8,41.094154,0.0,18.05,0.373
2023-11-27 15:00:00+00:00,13.55,42.37893,0.0,16.85,0.372
2023-11-27 16:00:00+00:00,12.2,41.227634,0.0,15.9,0.372
2023-11-27 17:00:00+00:00,12.4,38.37756,0.0,15.2,0.371
2023-11-27 18:00:00+00:00,11.9,42.203396,0.0,14.65,0.37
2023-11-27 19:00:00+00:00,11.35,45.549686,0.0,14.2,0.37
2023-11-27 20:00:00+00:00,11.1,44.172585,0.0,13.85,0.369
2023-11-27 21:00:00+00:00,10.55,44.98886,0.0,13.45,0.369
2023-11-27 22:00:00+00:00,10.15,46.88515,0.0,13.1,0.368
2023-11-27 23:00:00+00:00,9.95,47.51644,0.0,12.8,0.367
2023-11-28 00:00:00+00:00,9.75,45.753437,0.0,12.5,0.367
2023-11-28 01:00:00+00:00,9.4,48.765263,0.0,12.8,0.366
2023-11-28 02:00:00+00:00,8.95,47.229916,0.0,12.4,0.366
2023-11-28 03:00:00+00:00,8.85,45.324303,0.0,12.05,0.365
2023-11-28 04:00:00+00:00,8.75,43.808857,0.0,11.8,0.365
2023-11-28 05:00:00+00:00,8.55,44.57055,0.0,11.55,0.364
2023-11-28 06:00:00+00:00,9.25,48.72274,0.0,11.75,0.363
2023-11-28 07:00:00+00:00,11.05,46.802364,0.0,12.45,0.362
2023-11-28 08:00:00+00:00,13.0,45.69471,0.0,13.6,0.361
2023-11-28 09:00:00+00:00,14.4,41.127186,0.0,14.75,0.359
2023-11-28 10:00:00+00:00,15.2,38.78168,0.0,15.7,0.357
2023-11-28 11:00:00+00:00,15.65,39.473347,0.0,16.35,0.355
2023-11-28 12:00:00+00:00,15.75,40.49981,0.0,16.65,0.354
2023-11-28 13:00:00+00:00,15.75,42.712307,0.0,16.75,0.353
2023-11-28 14:00:00+00:00,13.3,67.22726,0.0,15.9,0.352
2023-11-28 15:00:00+00:00,11.7,68.52528,0.0,14.7,0.352
2023-11-28 16:00:00+00:00,11.35,69.88751,0.0,13.8,0.352
2023-11-28 17:00:00+00:00,12.2,61.651268,0.0,13.2,0.352
2023-11-28 18:00:00+00:00,12.15,57.679604,0.0,12.95,0.352
2023-11-28 19:00:00+00:00,11.05,58.42417,0.0,12.65,0.352
2023-11-28 20:00:00+00:00,10.9,58.800766,0.0,12.4,0.351
2023-11-28 21:00:00+00:00,10.7,56.905407,0.0,12.15,0.351
2023-11-28 22:00:00+00:00,10.5,53.890156,0.0,11.95,0.351
2023-11-28 23:00:00+00:00,10.05,55.335064,0.0,11.7,0.35
2023-11-29 00:00:00+00:00,9.9,55.29555,0.0,11.5,0.35
2023-11-29 01:00:00+00:00,9.95,56.509655,0.0,11.65,0.349
2023-11-29 02:00:00+00:00,10.15,54.966396,0.0,11.65,0.349
2023-11-29 03:00:00+00:00,10.35,55.811188,0.0,11.7,0.348
2023-11-29 04:00:00+00:00,10.35,58.041332,0.0,11.6,0.348
2023-11-29 05:00:00+00:00,10.6,60.411,0.0,11.55,0.348
2023-11-29 06:00:00+00:00,11.7,61.96382,0.0,11.95,0.347
2023-11-29 07:00:00+00:00,12.85,61.378338,0.0,12.6,0.346
2023-11-29 08:00:00+00:00,14.7,57.521282,0.0,13.65,0.345
2023-11-29 09:00:00+00:00,16.0,55.90469,0.0,14.75,0.344
2023-11-29 10:00:00+00:00,16.35,54.67111,0.0,15.4,0.343
2023-11-29 11:00:00+00:00,16.7,52.380604,0.0,16.05,0.341
2023-11-29 12:00:00+00:00,16.75,51.85765,0.0,16.3,0.34
2023-11-29 13:00:00+00:00,16.95,56.913445,0.0,16.55,0.339
2023-11-29 14:00:00+00:00,16.2,61.122993,0.0,16.05,0.339
2023-11-29 15:00:00+00:00,15.05,63.81849,0.0,15.3,0.338
2023-11-29 16:00:00+00:00,14.55,62.203022,0.0,14.8,0.338
2023-11-29 17:00:00+00:00,13.65,60.09996,0.0,14.3,0.338
2023-11-29 18:00:00+00:00,12.9,59.91787,0.0,13.9,0.338
2023-11-29 19:00:00+00:00,12.65,59.648968,0.0,13.55,0.337
2023-11-29 20:00:00+00:00,12.75,59.673435,0.0,13.35,0.337
2023-11-29 21:00:00+00:00,12.7,60.28692,0.0,13.25,0.337
2023-11-29 22:00:00+00:00,12.2,62.514713,0.0,13.0,0.337
2023-11-29 23:00:00+00:00,12.15,63.37735,0.0,12.9,0.336
2023-11-30 00:00:00+00:00,11.5,65.92387,0.0,12.65,0.336
2023-11-30 01:00:00+00:00,12.05,65.36212,0.0,13.6,0.331
2023-11-30 02:00:00+00:00,12.0,64.00614,0.0,13.3,0.331
2023-11-30 03:00:00+00:00,12.3,64.9668,0.0,13.15,0.331
2023-11-30 04:00:00+00:00,12.3,64.7426,0.0,13.0,0.331
2023-11-30 05:00:00+00:00,12.1,63.586174,0.0,12.9,0.33
2023-11-30 06:00:00+00:00,12.75,60.089855,0.0,13.05,0.33
2023-11-30 07:00:00+00:00,13.75,61.168976,0.0,13.55,0.329
2023-11-30 08:00:00+00:00,15.3,57.474247,0.0,14.4,0.329
2023-11-30 09:00:00+00:00,16.6,57.212894,0.0,15.55,0.327
2023-11-30 10:00:00+00:00,17.45,56.083134,0.0,16.65,0.326
2023-11-30 11:00:00+00:00,17.9,54.14736,0.0,17.3,0.325
2023-11-30 12:00:00+00:00,18.05,54.003307,0.0,17.6,0.324
2023-11-30 13:00:00+00:00,18.45,54.47296,0.0,17.75,0.321
2023-11-30 14:00:00+00:00,16.55,66.33635,0.0,17.05,0.321
2023-11-30 15:00:00+00:00,15.4,68.58056,0.0,16.05,0.321
2023-11-30 16:00:00+00:00,15.3,64.52628,0.0,15.4,0.321
2023-11-30 17:00:00+00:00,14.95,63.149216,0.0,14.85,0.321
2023-11-30 18:00:00+00:00,14.55,63.705692,0.0,14.5,0.321
2023-11-30 19:00:00+00:00,13.8,66.42148,0.0,14.15,0.32
2023-11-30 20:00:00+00:00,13.35,67.46774,0.0,13.85,0.32
2023-11-30 21:00:00+00:00,13.05,68.09985,0.0,13.6,0.32
2023-11-30 22:00:00+00:00,12.8,68.750374,0.0,13.35,0.32
2023-11-30 23:00:00+00:00,12.75,68.50535,0.0,13.15,0.32
2023-12-01 00:00:00+00:00,12.6,69.41898,0.0,12.95,0.32
2023-12-01 01:00:00+00:00,12.4,72.77905,0.0,12.95,0.321
2023-12-01 02:00:00+00:00,11.1,72.53999,0.0,12.7,0.321
2023-12-01 03:00:00+00:00,11.05,72.78099,0.0,12.45,0.321
2023-12-01 04:00:00+00:00,10.65,74.99933,0.0,12.25,0.321
2023-12-01 05:00:00+00:00,10.95,74.026054,0.0,12.1,0.321
2023-12-01 06:00:00+00:00,13.2,69.776054,0.0,12.6,0.32
2023-12-01 07:00:00+00:00,15.65,68.4017,0.0,13.75,0.32
2023-12-01 08:00:00+00:00,17.55,62.68294,0.0,15.2,0.319
2023-12-01 09:00:00+00:00,18.7,59.492897,0.0,16.5,0.318
2023-12-01 10:00:00+00:00,19.35,55.811935,0.0,17.6,0.316
2023-12-01 11:00:00+00:00,19.7,53.348644,0.0,18.35,0.315
2023-12-01 12:00:00+00:00,19.75,52.124992,0.0,18.7,0.314
2023-12-01 13:00:00+00:00,20.0,56.91172,0.0,19.0,0.31
2023-12-01 14:00:00+00:00,20.05,52.37897,0.0,18.15,0.31
2023-12-01 15:00:00+00:00,19.65,53.335648,0.0,16.7,0.31
2023-12-01 16:00:00+00:00,14.6,74.41149,0.0,15.65,0.31
2023-12-01 17:00:00+00:00,14.15,77.8977,0.0,14.9,0.31
2023-12-01 18:00:00+00:00,13.7,76.53579,0.0,14.45,0.31
2023-12-01 19:00:00+00:00,13.05,79.046616,0.0,14.0,0.31
2023-12-01 20:00:00+00:00,12.65,80.05881,0.0,13.65,0.31
2023-12-01 21:00:00+00:00,11.75,83.521484,0.0,13.3,0.311
2023-12-01 22:00:00+00:00,11.8,81.854,0.0,13.0,0.311
2023-12-01 23:00:00+00:00,11.85,80.21721,0.0,12.75,0.311
2023-12-02 00:00:00+00:00,11.6,82.66212,0.0,12.6,0.311
2023-12-02 01:00:00+00:00,13.25,82.58961,0.0,13.0,0.313
2023-12-02 02:00:00+00:00,12.35,84.7207,0.0,12.95,0.313
2023-12-02 03:00:00+00:00,11.05,84.00534,0.0,12.7,0.313
2023-12-02 04:00:00+00:00,10.8,83.97633,0.0,12.5,0.313
2023-12-02 05:00:00+00:00,10.7,84.25029,0.0,12.3,0.313
2023-12-02 06:00:00+00:00,12.75,77.16033,0.0,12.75,0.312
2023-12-02 07:00:00+00:00,15.25,71.12413,0.0,13.9,0.312
2023-12-02 08:00:00+00:00,17.4,64.98789,0.0,15.35,0.311
2023-12-02 09:00:00+00:00,18.75,61.717766,0.0,16.75,0.31
2023-12-02 10:00:00+00:00,19.35,58.668118,0.0,17.95,0.309
2023-12-02 11:00:00+00:00,19.55,58.13567,0.0,18.75,0.307
2023-12-02 12:00:00+00:00,19.5,58.89926,0.0,19.0,0.306
2023-12-02 13:00:00+00:00,20.05,58.257526,0.0,19.3,0.304
2023-12-02 14:00:00+00:00,17.4,73.67198,0.0,18.35,0.304
2023-12-02 15:00:00+00:00,17.35,66.94821,0.0,16.95,0.304
2023-12-02 16:00:00+00:00,15.2,77.02999,0.0,15.85,0.304
2023-12-02 17:00:00+00:00,13.8,81.56588,0.0,15.05,0.304
2023-12-02 18:00:00+00:00,13.75,80.48003,0.0,14.55,0.304
2023-12-02 19:00:00+00:00,13.65,78.0823,0.0,14.25,0.304
2023-12-02 20:00:00+00:00,12.85,80.086815,0.0,13.9,0.304
2023-12-02 21:00:00+00:00,12.65,78.72232,0.0,13.6,0.305
2023-12-02 22:00:00+00:00,12.3,77.87622,0.0,13.3,0.305
2023-12-02 23:00:00+00:00,12.1,76.27666,0.0,13.05,0.305
2023-12-03 00:00:00+00:00,11.95,75.477585,0.0,12.85,0.305
2023-12-03 01:00:00+00:00,12.85,73.85678,0.0,13.35,0.304
2023-12-03 02:00:00+00:00,11.55,79.63301,0.0,13.1,0.304
2023-12-03 03:00:00+00:00,11.45,78.543205,0.0,12.85,0.304
2023-12-03 04:00:00+00:00,11.5,77.48844,0.0,12.65,0.304
2023-12-03 05:00:00+00:00,12.0,73.70614,0.0,12.6,0.304
2023-12-03 06:00:00+00:00,13.5,68.89247,0.0,13.05,0.304
2023-12-03 07:00:00+00:00,15.45,67.90378,0.0,14.1,0.303
2023-12-03 08:00:00+00:00,17.45,60.802208,0.0,15.45,0.303
2023-12-03 09:00:00+00:00,18.9,57.97658,0.0,16.75,0.301
2023-12-03 10:00:00+00:00,19.7,56.273365,0.0,17.8,0.3
2023-12-03 11:00:00+00:00,20.1,54.531857,0.0,18.5,0.299
2023-12-03 12:00:00+00:00,20.1,54.350643,0.0,18.7,0.298
2023-12-03 13:00:00+00:00,19.95,57.27765,0.0,18.7,0.297
2023-12-03 14:00:00+00:00,18.7,61.910984,0.0,18.0,0.297
2023-12-03 15:00:00+00:00,17.25,63.456882,0.0,17.15,0.297
2023-12-03 16:00:00+00:00,16.6,64.59641,0.0,16.5,0.296
2023-12-03 17:00:00+00:00,16.35,66.07249,0.0,16.0,0.296
2023-12-03 18:00:00+00:00,16.1,63.8387,0.0,15.6,0.296
2023-12-03 19:00:00+00:00,15.55,60.350887,0.0,15.25,0.296
2023-12-03 20:00:00+00:00,15.2,61.511547,0.0,15.0,0.296
2023-12-03 21:00:00+00:00,15.1,63.829742,0.0,14.8,0.296
2023-12-03 22:00:00+00:00,14.9,66.20698,0.0,14.65,0.296
2023-12-03 23:00:00+00:00,14.6,66.8181,0.0,14.5,0.296
2023-12-04 00:00:00+00:00,14.4,66.549675,0.0,14.35,0.296
2023-12-04 01:00:00+00:00,14.15,67.634796,0.0,14.35,0.301
2023-12-04 02:00:00+00:00,14.3,65.853905,0.0,14.25,0.301
2023-12-04 03:00:00+00:00,13.6,62.409065,0.0,14.05,0.3
2023-12-04 04:00:00+00:00,12.75,61.354572,0.0,13.75,0.3
2023-12-04 05:00:00+00:00,12.65,63.05438,0.0,13.5,0.3
2023-12-04 06:00:00+00:00,14.25,62.13316,0.0,13.8,0.3
2023-12-04 07:00:00+00:00,16.4,60.145706,0.0,14.7,0.299
2023-12-04 08:00:00+00:00,18.4,58.047573,0.0,15.95,0.298
2023-12-04 09:00:00+00:00,19.85,52.67806,0.0,17.15,0.297
2023-12-04 10:00:00+00:00,20.65,50.643047,0.0,18.15,0.295
2023-12-04 11:00:00+00:00,21.05,50.41231,0.0,18.8,0.294
2023-12-04 12:00:00+00:00,21.1,52.132004,0.0,19.1,0.293
2023-12-04 13:00:00+00:00,21.8,53.36111,0.0,19.65,0.292
2023-12-04 14:00:00+00:00,20.65,54.49151,0.0,19.0,0.292
2023-12-04 15:00:00+00:00,19.7,54.976852,0.0,18.25,0.292
2023-12-04 16:00:00+00:00,19.25,55.60063,0.0,17.7,0.291
2023-12-04 17:00:00+00:00,19.05,55.54994,0.0,17.3,0.291
2023-12-04 18:00:00+00:00,18.85,57.387012,0.0,17.1,0.291
2023-12-04 19:00:00+00:00,18.35,59.60739,0.0,16.9,0.291
2023-12-04 20:00:00+00:00,17.75,60.669704,0.0,16.7,0.291
2023-12-04 21:00:00+00:00,17.05,61.52876,0.0,16.45,0.291
2023-12-04 22:00:00+00:00,16.7,59.40979,0.0,16.2,0.29
2023-12-04 23:00:00+00:00,16.15,57.883186,0.0,16.0,0.29
2023-12-05 00:00:00+00:00,15.8,57.0121,0.0,15.8,0.29
2023-12-05 01:00:00+00:00,16.1,59.870518,0.0,16.6,0.287
2023-12-05 02:00:00+00:00,15.9,59.417274,0.0,16.2,0.287
2023-12-05 03:00:00+00:00,15.8,58.589787,0.0,15.85,0.287
2023-12-05 04:00:00+00:00,15.8,58.589787,0.0,15.65,0.287
2023-12-05 05:00:00+00:00,16.15,59.679916,0.0,15.55,0.286
2023-12-05 06:00:00+00:00,16.85,60.25322,0.0,15.75,0.286
2023-12-05 07:00:00+00:00,17.9,58.31479,0.0,16.3,0.286
2023-12-05 08:00:00+00:00,19.25,57.294846,0.0,17.15,0.285
2023-12-05 09:00:00+00:00,20.15,51.191685,0.0,17.9,0.284
2023-12-05 10:00:00+00:00,20.1,56.00082,0.0,18.45,0.283
2023-12-05 11:00:00+00:00,20.15,60.035904,0.0,18.9,0.282
2023-12-05 12:00:00+00:00,19.45,60.86715,0.0,18.95,0.281
2023-12-05 13:00:00+00:00,19.05,72.77019,0.2,18.1,0.32
2023-12-05 14:00:00+00:00,18.2,78.24967,0.2,17.6,0.322
2023-12-05 15:00:00+00:00,17.35,83.08745,0.0,17.1,0.321
2023-12-05 16:00:00+00:00,16.2,89.37754,0.0,16.65,0.321
2023-12-05 17:00:00+00:00,17.05,87.73558,0.0,16.45,0.321
2023-12-05 18:00:00+00:00,17.0,88.86677,0.1,16.3,0.321
2023-12-05 19:00:00+00:00,16.5,87.12176,0.0,16.1,0.321
2023-12-05 20:00:00+00:00,16.1,84.02627,0.0,15.85,0.321
2023-12-05 21:00:00+00:00,15.95,81.04316,0.2,15.55,0.322
2023-12-05 22:00:00+00:00,14.8,84.988106,0.0,15.2,0.322
2023-12-05 23:00:00+00:00,13.95,84.61577,2.1,14.75,0.348
2023-12-06 00:00:00+00:00,13.8,83.762215,0.6,14.45,0.355
2023-12-06 01:00:00+00:00,14.5,73.651,0.0,15.9,0.346
2023-12-06 02:00:00+00:00,14.5,73.89802,0.0,15.45,0.344
2023-12-06 03:00:00+00:00,13.4,78.56946,0.0,15.05,0.343
2023-12-06 04:00:00+00:00,14.35,77.15295,0.3,14.75,0.344
2023-12-06 05:00:00+00:00,14.85,77.2311,0.0,14.6,0.343
2023-12-06 06:00:00+00:00,15.8,79.44315,0.1,14.9,0.343
2023-12-06 07:00:00+00:00,16.3,78.22202,0.0,15.65,0.341
2023-12-06 08:00:00+00:00,16.9,74.06997,0.0,16.25,0.34
2023-12-06 09:00:00+00:00,18.05,71.41428,0.1,17.1,0.339
2023-12-06 10:00:00+00:00,18.35,68.49296,0.1,17.9,0.338
2023-12-06 11:00:00+00:00,18.5,67.18721,0.1,18.45,0.337
2023-12-06 12:00:00+00:00,18.3,68.03465,0.0,18.45,0.335
2023-12-06 13:00:00+00:00,15.6,90.20427,0.7,16.9,0.363
2023-12-06 14:00:00+00:00,15.15,93.14747,0.0,16.35,0.361
2023-12-06 15:00:00+00:00,13.8,94.61271,0.8,15.6,0.37
2023-12-06 16:00:00+00:00,14.7,92.821915,0.6,15.35,0.374
2023-12-06 17:00:00+00:00,14.85,92.52875,0.7,15.25,0.379
2023-12-06 18:00:00+00:00,15.1,90.461975,0.4,15.1,0.38
2023-12-06 19:00:00+00:00,15.1,94.66545,0.2,15.15,0.377
2023-12-06 20:00:00+00:00,15.0,94.96836,0.4,15.2,0.378
2023-12-06 21:00:00+00:00,14.75,92.8246,0.1,15.1,0.376
2023-12-06 22:00:00+00:00,14.05,90.387566,0.2,14.65,0.374
2023-12-06 23:00:00+00:00,13.65,92.15836,0.1,14.3,0.372
2023-12-07 00:00:00+00:00,14.25,88.64082,0.6,14.15,0.376
2023-12-07 01:00:00+00:00,15.2,91.35504,0.1,15.1,0.378
2023-12-07 02:00:00+00:00,16.1,84.30033,0.1,15.0,0.376
2023-12-07 03:00:00+00:00,14.7,90.139046,0.1,14.7,0.374
2023-12-07 04:00:00+00:00,14.45,88.94846,0.0,14.4,0.371
2023-12-07 05:00:00+00:00,14.05,90.9822,0.0,14.2,0.369
2023-12-07 06:00:00+00:00,16.05,86.51643,0.0,14.7,0.366
2023-12-07 07:00:00+00:00,16.7,87.422,0.0,15.65,0.364
2023-12-07 08:00:00+00:00,16.2,89.08921,0.5,16.4,0.367
2023-12-07 09:00:00+00:00,17.15,81.464874,0.1,17.1,0.366
2023-12-07 10:00:00+00:00,17.75,79.203316,0.0,17.6,0.363
2023-12-07 11:00:00+00:00,18.3,76.01795,0.0,18.1,0.361
2023-12-07 12:00:00+00:00,17.8,76.18481,0.1,18.1,0.36
2023-12-07 13:00:00+00:00,17.2,82.80132,0.5,17.55,0.361
2023-12-07 14:00:00+00:00,17.0,87.4492,0.0,17.25,0.359
2023-12-07 15:00:00+00:00,15.65,87.89587,0.0,16.45,0.358
2023-12-07 16:00:00+00:00,15.6,88.177666,0.0,16.05,0.357
2023-12-07 17:00:00+00:00,15.75,89.053276,1.1,15.75,0.369
2023-12-07 18:00:00+00:00,15.6,90.20427,0.5,15.5,0.373
2023-12-07 19:00:00+00:00,15.7,90.50412,0.5,15.35,0.377
2023-12-07 20:00:00+00:00,15.6,89.041245,0.8,15.2,0.384
2023-12-07 21:00:00+00:00,15.15,93.14747,1.5,15.2,0.4
2023-12-07 22:00:00+00:00,14.45,96.189,0.7,15.1,0.4
2023-12-07 23:00:00+00:00,14.5,92.81114,2.3,14.9,0.421
2023-12-08 00:00:00+00:00,14.7,91.919914,1.2,14.8,0.414
2023-12-08 01:00:00+00:00,14.8,90.44081,0.1,15.4,0.412
2023-12-08 02:00:00+00:00,14.1,89.80012,0.6,15.0,0.413
2023-12-08 03:00:00+00:00,13.45,90.04738,0.6,14.6,0.413
2023-12-08 04:00:00+00:00,13.2,90.62537,2.1,14.25,0.427
2023-12-08 05:00:00+00:00,13.15,91.825745,1.5,14.05,0.422
2023-12-08 06:00:00+00:00,13.75,91.26128,0.3,14.05,0.417
2023-12-08 07:00:00+00:00,14.7,89.845215,0.4,14.4,0.415
2023-12-08 08:00:00+00:00,15.05,90.16449,0.8,14.65,0.418
2023-12-08 09:00:00+00:00,15.1,91.645874,0.7,14.95,0.419
2023-12-08 10:00:00+00:00,15.65,92.27462,0.9,15.3,0.421
2023-12-08 11:00:00+00:00,15.95,90.521576,0.5,15.5,0.418
2023-12-08 12:00:00+00:00,16.75,89.42015,0.2,15.95,0.415
2023-12-08 13:00:00+00:00,16.25,91.42202,1.0,16.15,0.421
2023-12-08 14:00:00+00:00,15.45,88.74024,0.1,15.7,0.415
2023-12-08 15:00:00+00:00,14.95,88.988945,0.0,15.25,0.412
2023-12-08 16:00:00+00:00,14.4,92.20226,0.4,14.9,0.413
2023-12-08 17:00:00+00:00,14.25,90.106186,0.5,14.6,0.414
2023-12-08 18:00:00+00:00,14.1,89.50589,0.0,14.4,0.41
2023-12-08 19:00:00+00:00,14.2,88.34601,0.0,14.25,0.408
2023-12-08 20:00:00+00:00,14.0,89.49813,0.2,14.15,0.407
2023-12-08 21:00:00+00:00,13.75,91.26128,0.0,14.0,0.404
2023-12-08 22:00:00+00:00,13.85,90.670586,0.0,13.95,0.402
2023-12-08 23:00:00+00:00,13.75,90.36613,0.0,13.9,0.401
2023-12-09 00:00:00+00:00,13.6,90.3554,0.0,13.85,0.399
2023-12-09 01:00:00+00:00,13.35,82.602,1.7,13.8,0.424
2023-12-09 02:00:00+00:00,13.8,84.040375,0.2,13.55,0.417
2023-12-09 03:00:00+00:00,13.3,88.5612,0.0,13.4,0.413
2023-12-09 04:00:00+00:00,13.1,91.52027,0.1,13.4,0.411
2023-12-09 05:00:00+00:00,13.1,94.89526,2.4,13.4,0.43
2023-12-09 06:00:00+00:00,14.8,88.1085,1.2,13.75,0.426
2023-12-09 07:00:00+00:00,16.1,83.48051,1.8,14.25,0.429
2023-12-09 08:00:00+00:00,16.0,84.84,0.5,14.85,0.421
2023-12-09 09:00:00+00:00,16.6,81.92535,0.3,15.4,0.418
2023-12-09 10:00:00+00:00,18.1,72.363464,0.0,16.1,0.415
2023-12-09 11:00:00+00:00,18.4,62.04748,0.0,16.75,0.411
2023-12-09 12:00:00+00:00,18.0,62.57691,0.0,16.95,0.408
2023-12-09 13:00:00+00:00,17.15,60.324696,0.0,17.15,0.394
2023-12-09 14:00:00+00:00,17.2,61.563698,0.0,16.65,0.393
2023-12-09 15:00:00+00:00,17.6,53.33999,0.0,16.3,0.391
2023-12-09 16:00:00+00:00,17.15,58.32702,0.0,16.1,0.39
2023-12-09 17:00:00+00:00,16.35,65.41238,0.3,15.8,0.392
2023-12-09 18:00:00+00:00,16.55,68.12902,0.0,15.6,0.391
2023-12-09 19:00:00+00:00,15.2,79.357574,2.0,15.3,0.413
2023-12-09 20:00:00+00:00,15.35,79.37901,1.8,14.8,0.42
2023-12-09 21:00:00+00:00,15.75,78.13969,0.1,14.6,0.414
2023-12-09 22:00:00+00:00,16.0,75.893936,0.1,14.5,0.411
2023-12-09 23:00:00+00:00,15.15,82.28013,0.1,14.4,0.408
2023-12-10 00:00:00+00:00,13.9,90.08051,0.1,14.25,0.405
2023-12-10 01:00:00+00:00,12.5,89.08425,0.0,14.8,0.386
2023-12-10 02:00:00+00:00,12.65,89.98804,0.0,14.35,0.386
2023-12-10 03:00:00+00:00,11.95,86.39851,0.0,14.0,0.385
2023-12-10 04:00:00+00:00,11.75,86.3786,0.0,13.65,0.384
2023-12-10 05:00:00+00:00,11.45,88.40379,0.0,13.4,0.383
2023-12-10 06:00:00+00:00,12.7,84.47666,0.0,13.65,0.383
2023-12-10 07:00:00+00:00,13.7,84.308105,0.0,14.4,0.381
2023-12-10 08:00:00+00:00,15.25,78.842354,0.0,15.35,0.38
2023-12-10 09:00:00+00:00,16.8,72.12672,0.0,16.35,0.378
2023-12-10 10:00:00+00:00,17.6,67.22236,0.0,17.3,0.377
2023-12-10 11:00:00+00:00,17.9,64.45261,0.0,17.85,0.375
2023-12-10 12:00:00+00:00,18.3,62.437706,0.0,18.25,0.374
2023-12-10 13:00:00+00:00,18.45,65.43107,0.0,18.25,0.375
2023-12-10 14:00:00+00:00,17.3,73.89636,0.0,17.6,0.374
2023-12-10 15:00:00+00:00,15.65,82.88357,0.0,16.75,0.374
2023-12-10 16:00:00+00:00,15.55,84.79119,0.0,16.1,0.373
2023-12-10 17:00:00+00:00,14.9,81.70833,0.0,15.6,0.373
2023-12-10 18:00:00+00:00,14.35,79.49918,0.0,15.2,0.372
2023-12-10 19:00:00+00:00,13.75,81.01811,0.0,14.85,0.372
2023-12-10 20:00:00+00:00,13.6,82.08476,0.0,14.6,0.371
2023-12-10 21:00:00+00:00,13.65,81.00475,0.0,14.5,0.371
2023-12-10 22:00:00+00:00,13.85,76.559875,0.0,14.4,0.37
2023-12-10 23:00:00+00:00,14.0,72.82381,0.0,14.35,0.37
2023-12-11 00:00:00+00:00,14.0,71.84904,0.0,14.3,0.369
2023-12-11 01:00:00+00:00,13.85,72.5516,0.0,15.05,0.367
2023-12-11 02:00:00+00:00,14.15,70.91454,0.0,14.8,0.367
2023-12-11 03:00:00+00:00,14.25,69.983086,0.0,14.65,0.366
2023-12-11 04:00:00+00:00,14.7,68.66959,0.0,14.6,0.366
2023-12-11 05:00:00+00:00,15.1,67.60365,0.0,14.65,0.365
2023-12-11 06:00:00+00:00,15.7,67.27517,0.0,14.8,0.364
2023-12-11 07:00:00+00:00,16.45,66.315094,0.0,15.15,0.364
2023-12-11 08:00:00+00:00,16.8,65.948296,0.0,15.45,0.363
2023-12-11 09:00:00+00:00,17.55,65.88946,0.0,15.8,0.362
2023-12-11 10:00:00+00:00,18.3,66.925224,0.0,16.25,0.361
2023-12-11 11:00:00+00:00,18.45,68.513016,0.0,16.55,0.36
2023-12-11 12:00:00+00:00,18.7,68.11566,0.1,16.9,0.36
2023-12-11 13:00:00+00:00,19.3,72.34504,0.0,17.6,0.355
2023-12-11 14:00:00+00:00,18.95,74.18012,0.4,17.2,0.359
2023-12-11 15:00:00+00:00,16.85,80.373375,0.1,16.5,0.359
2023-12-11 16:00:00+00:00,15.55,85.90566,0.0,16.0,0.359
2023-12-11 17:00:00+00:00,14.45,89.53294,0.0,15.45,0.358
2023-12-11 18:00:00+00:00,14.25,89.22443,0.1,15.05,0.359
2023-12-11 19:00:00+00:00,13.4,93.3629,2.3,14.7,0.388
2023-12-11 20:00:00+00:00,13.6,89.762314,0.1,14.3,0.386
2023-12-11 21:00:00+00:00,13.25,90.9283,0.2,13.95,0.387
2023-12-11 22:00:00+00:00,13.3,90.03628,0.0,13.7,0.384
2023-12-11 23:00:00+00:00,13.45,88.86683,0.0,13.6,0.383
2023-12-12 00:00:00+00:00,13.15,89.72813,0.0,13.5,0.381
2023-12-12 01:00:00+00:00,13.4,82.6082,0.0,14.1,0.387
2023-12-12 02:00:00+00:00,12.95,84.50463,0.0,13.6,0.385
2023-12-12 03:00:00+00:00,12.8,84.487854,0.0,13.35,0.383
2023-12-12 04:00:00+00:00,12.55,88.792595,1.8,13.2,0.404
2023-12-12 05:00:00+00:00,12.5,93.317566,11.8,13.05,0.43
2023-12-12 06:00:00+00:00,13.9,88.611595,0.0,13.45,0.415
2023-12-12 07:00:00+00:00,15.05,87.8429,0.0,14.45,0.41
2023-12-12 08:00:00+00:00,15.6,88.177666,0.5,15.25,0.411
2023-12-12 09:00:00+00:00,15.9,87.349014,0.3,16.25,0.41
2023-12-12 10:00:00+00:00,15.75,86.7691,0.3,16.4,0.409
2023-12-12 11:00:00+00:00,15.65,86.19626,0.9,16.4,0.416
2023-12-12 12:00:00+00:00,15.75,84.53664,0.5,16.5,0.415
2023-12-12 13:00:00+00:00,17.6,70.39886,0.0,17.15,0.412
2023-12-12 14:00:00+00:00,15.9,82.104614,0.0,16.6,0.407
2023-12-12 15:00:00+00:00,15.1,81.19734,0.0,15.45,0.404
2023-12-12 16:00:00+00:00,16.4,74.9655,0.0,14.65,0.401
2023-12-12 17:00:00+00:00,14.25,82.167076,0.0,14.1,0.399
2023-12-12 18:00:00+00:00,12.35,90.565735,0.0,13.7,0.397
2023-12-12 19:00:00+00:00,14.45,81.650246,0.0,13.55,0.396
2023-12-12 20:00:00+00:00,13.95,85.742065,0.0,13.35,0.395
2023-12-12 21:00:00+00:00,14.05,87.177826,0.0,13.0,0.393
2023-12-12 22:00:00+00:00,14.55,83.023346,0.0,12.65,0.392
2023-12-12 23:00:00+00:00,14.6,84.68738,0.0,12.65,0.391
2023-12-13 00:00:00+00:00,12.1,92.37281,0.0,12.6,0.39
2023-12-13 01:00:00+00:00,13.3,91.834915,0.0,13.75,0.397
2023-12-13 02:00:00+00:00,12.2,93.30235,0.0,13.4,0.396
2023-12-13 03:00:00+00:00,11.2,93.876236,0.0,12.9,0.394
2023-12-13 04:00:00+00:00,11.85,89.329506,0.7,12.6,0.4
2023-12-13 05:00:00+00:00,11.65,90.81906,0.0,12.4,0.398
2023-12-13 06:00:00+00:00,12.55,89.38485,0.0,12.6,0.397
2023-12-13 07:00:00+00:00,13.85,88.02556,0.0,13.5,0.395
2023-12-13 08:00:00+00:00,15.65,79.94595,0.0,14.7,0.393
2023-12-13 09:00:00+00:00,17.05,69.599686,0.0,15.85,0.391
2023-12-13 10:00:00+00:00,17.75,53.742764,0.0,16.8,0.389
2023-12-13 11:00:00+00:00,18.05,48.59608,0.0,17.35,0.387
2023-12-13 12:00:00+00:00,18.0,48.916218,0.0,17.5,0.385
2023-12-13 13:00:00+00:00,18.35,58.424843,0.0,17.85,0.378
2023-12-13 14:00:00+00:00,16.9,65.53137,0.0,17.0,0.377
2023-12-13 15:00:00+00:00,17.7,59.053707,0.0,15.65,0.377
2023-12-13 16:00:00+00:00,17.25,61.781944,0.0,14.7,0.376
2023-12-13 17:00:00+00:00,16.95,63.81486,0.0,13.95,0.376
2023-12-13 18:00:00+00:00,15.15,75.00335,0.0,13.4,0.376
2023-12-13 19:00:00+00:00,11.4,92.64117,0.0,13.0,0.375
2023-12-13 20:00:00+00:00,11.7,88.72182,0.0,12.8,0.375
2023-12-13 21:00:00+00:00,11.95,84.10911,0.0,12.75,0.374
2023-12-13 22:00:00+00:00,12.8,73.348495,0.0,12.75,0.374
2023-12-13 23:00:00+00:00,12.55,60.250565,0.0,12.7,0.373
2023-12-14 00:00:00+00:00,12.95,57.479015,0.0,12.7,0.373
2023-12-14 01:00:00+00:00,12.2,57.28889,0.0,12.7,0.365
2023-12-14 02:00:00+00:00,11.95,56.425316,0.0,12.5,0.365
2023-12-14 03:00:00+00:00,11.45,58.730827,0.0,12.3,0.364
2023-12-14 04:00:00+00:00,10.9,60.48401,0.0,12.05,0.364
2023-12-14 05:00:00+00:00,10.25,63.382572,0.0,11.75,0.363
2023-12-14 06:00:00+00:00,11.1,65.37915,0.0,11.95,0.363
2023-12-14 07:00:00+00:00,12.8,62.65436,0.0,12.75,0.362
2023-12-14 08:00:00+00:00,14.65,61.17262,0.0,13.95,0.361
2023-12-14 09:00:00+00:00,16.35,58.129898,0.0,15.2,0.36
2023-12-14 10:00:00+00:00,17.5,54.596508,0.0,16.4,0.358
2023-12-14 11:00:00+00:00,17.95,53.43163,0.0,17.3,0.357
2023-12-14 12:00:00+00:00,17.9,54.88492,0.0,17.6,0.356
2023-12-14 13:00:00+00:00,17.95,63.61381,0.0,17.9,0.353
2023-12-14 14:00:00+00:00,15.7,78.39004,0.0,17.05,0.353
2023-12-14 15:00:00+00:00,14.05,76.081055,0.0,15.8,0.353
2023-12-14 16:00:00+00:00,14.45,71.211075,0.0,14.95,0.352
2023-12-14 17:00:00+00:00,14.1,78.150375,0.0,14.35,0.352
2023-12-14 18:00:00+00:00,13.9,81.85047,0.0,14.05,0.352
2023-12-14 19:00:00+00:00,13.15,77.744514,0.0,13.7,0.352
2023-12-14 20:00:00+00:00,12.3,78.6703,0.0,13.4,0.352
2023-12-14 21:00:00+00:00,11.75,79.661674,0.0,13.05,0.352
2023-12-14 22:00:00+00:00,11.4,77.73731,0.0,12.8,0.352
2023-12-14 23:00:00+00:00,11.1,74.05257,0.0,12.55,0.352
2023-12-15 00:00:00+00:00,11.1,71.54685,0.0,12.4,0.351
2023-12-15 01:00:00+00:00,12.0,70.98406,0.0,13.45,0.35
2023-12-15 02:00:00+00:00,12.55,68.22995,0.0,13.25,0.35
2023-12-15 03:00:00+00:00,12.5,70.83783,0.0,13.05,0.349
2023-12-15 04:00:00+00:00,12.35,72.52219,0.0,12.95,0.349
2023-12-15 05:00:00+00:00,12.85,71.87735,0.0,13.0,0.349
2023-12-15 06:00:00+00:00,13.5,72.24274,0.0,13.25,0.349
2023-12-15 07:00:00+00:00,14.95,70.120026,0.0,14.05,0.348
2023-12-15 08:00:00+00:00,16.5,70.18702,0.0,15.1,0.347
2023-12-15 09:00:00+00:00,17.9,70.6878,0.0,16.25,0.346
2023-12-15 10:00:00+00:00,18.75,71.07977,0.0,17.15,0.345
2023-12-15 11:00:00+00:00,19.25,70.25487,0.0,17.85,0.344
2023-12-15 12:00:00+00:00,19.35,70.27397,0.0,18.1,0.343
2023-12-15 13:00:00+00:00,19.5,67.833725,0.0,18.25,0.34
2023-12-15 14:00:00+00:00,17.95,77.707375,0.0,17.65,0.34
2023-12-15 15:00:00+00:00,16.05,86.51643,0.0,16.7,0.34
2023-12-15 16:00:00+00:00,15.8,86.77388,0.0,16.05,0.34
2023-12-15 17:00:00+00:00,15.45,81.2434,0.0,15.6,0.34
2023-12-15 18:00:00+00:00,15.1,77.52656,0.0,15.25,0.34
2023-12-15 19:00:00+00:00,15.05,75.23638,0.0,15.0,0.34
2023-12-15 20:00:00+00:00,14.8,74.445915,0.0,14.8,0.34
2023-12-15 21:00:00+00:00,14.65,73.43137,0.0,14.65,0.34
2023-12-15 22:00:00+00:00,14.2,74.34247,0.0,14.45,0.34
2023-12-15 23:00:00+00:00,14.1,74.325165,0.0,14.35,0.339
2023-12-16 00:00:00+00:00,14.1,75.076706,0.0,14.2,0.339
2023-12-16 01:00:00+00:00,15.3,74.77978,0.0,15.35,0.338
2023-12-16 02:00:00+00:00,15.2,76.267624,0.0,15.1,0.338
2023-12-16 03:00:00+00:00,14.75,75.689,0.0,14.85,0.338
2023-12-16 04:00:00+00:00,14.6,73.66864,0.0,14.65,0.338
2023-12-16 05:00:00+00:00,14.4,72.652,0.0,14.5,0.338
2023-12-16 06:00:00+00:00,15.15,71.82216,0.0,14.6,0.337
2023-12-16 07:00:00+00:00,16.4,69.93505,0.0,15.15,0.337
2023-12-16 08:00:00+00:00,17.6,67.000374,0.0,15.9,0.336
2023-12-16 09:00:00+00:00,18.4,66.50695,0.0,16.75,0.335
2023-12-16 10:00:00+00:00,19.05,62.815273,0.0,17.55,0.334
2023-12-16 11:00:00+00:00,19.5,60.08008,0.0,18.2,0.332
2023-12-16 12:00:00+00:00,19.45,60.06823,0.0,18.5,0.331
2023-12-16 13:00:00+00:00,19.6,63.353867,0.0,19.1,0.329
2023-12-16 14:00:00+00:00,17.5,76.88467,0.0,18.3,0.329
2023-12-16 15:00:00+00:00,18.45,68.065056,0.0,16.95,0.329
2023-12-16 16:00:00+00:00,14.4,85.78836,0.0,15.95,0.329
2023-12-16 17:00:00+00:00,15.4,84.22188,0.0,15.45,0.329
2023-12-16 18:00:00+00:00,14.9,83.3393,0.0,15.15,0.329
2023-12-16 19:00:00+00:00,14.05,84.62681,0.0,14.8,0.329
2023-12-16 20:00:00+00:00,13.5,86.83846,0.0,14.45,0.329
2023-12-16 21:00:00+00:00,13.35,87.40112,0.0,14.15,0.329
2023-12-16 22:00:00+00:00,13.35,87.690926,0.0,14.0,0.329
2023-12-16 23:00:00+00:00,13.6,87.71345,0.0,13.95,0.329
2023-12-17 00:00:00+00:00,13.8,86.5808,0.0,13.9,0.329
2023-12-17 01:00:00+00:00,14.35,82.9992,0.0,14.6,0.331
2023-12-17 02:00:00+00:00,13.6,84.85799,0.0,14.3,0.331
2023-12-17 03:00:00+00:00,12.95,84.78682,0.0,14.0,0.331
2023-12-17 04:00:00+00:00,12.3,83.3065,0.0,13.65,0.331
2023-12-17 05:00:00+00:00,11.75,80.47526,0.0,13.35,0.331
2023-12-17 06:00:00+00:00,12.95,76.67305,0.0,13.55,0.331
2023-12-17 07:00:00+00:00,15.15,74.754295,0.0,14.4,0.33
2023-12-17 08:00:00+00:00,16.85,71.42527,0.0,15.6,0.33
2023-12-17 09:00:00+00:00,18.25,69.3775,0.0,16.85,0.328
2023-12-17 10:00:00+00:00,19.05,64.70428,0.0,17.9,0.327
2023-12-17 11:00:00+00:00,19.5,62.094517,0.0,18.65,0.326
2023-12-17 12:00:00+00:00,19.6,61.507137,0.0,19.0,0.325
2023-12-17 13:00:00+00:00,20.5,63.76146,0.0,19.65,0.323
2023-12-17 14:00:00+00:00,17.7,81.53572,0.0,18.8,0.322
2023-12-17 15:00:00+00:00,16.85,83.29749,0.0,17.6,0.322
2023-12-17 16:00:00+00:00,17.3,75.60886,0.0,17.0,0.323
2023-12-17 17:00:00+00:00,15.9,47.668495,0.0,16.55,0.323
2023-12-17 18:00:00+00:00,15.5,39.288868,0.0,16.0,0.322
2023-12-17 19:00:00+00:00,15.3,36.11425,0.0,15.65,0.321
2023-12-17 20:00:00+00:00,14.75,33.916443,0.0,15.25,0.321
2023-12-17 21:00:00+00:00,13.8,33.022224,0.0,14.8,0.32
2023-12-17 22:00:00+00:00,12.95,32.407875,0.0,14.4,0.32
2023-12-17 23:00:00+00:00,12.45,32.502354,0.0,13.95,0.319
2023-12-18 00:00:00+00:00,12.15,32.902477,0.0,13.6,0.319
2023-12-18 01:00:00+00:00,12.2,32.55005,0.0,14.2,0.322
2023-12-18 02:00:00+00:00,12.0,32.612846,0.0,13.7,0.321
2023-12-18 03:00:00+00:00,11.7,31.440855,0.0,13.3,0.321
2023-12-18 04:00:00+00:00,11.35,31.575195,0.0,12.95,0.321
2023-12-18 05:00:00+00:00,10.7,33.849236,0.0,12.6,0.32
2023-12-18 06:00:00+00:00,10.65,38.140335,0.0,12.5,0.32
2023-12-18 07:00:00+00:00,11.6,39.57198,0.0,12.9,0.319
2023-12-18 08:00:00+00:00,13.0,41.162983,0.0,13.65,0.318
2023-12-18 09:00:00+00:00,14.35,38.393448,0.0,14.6,0.317
2023-12-18 10:00:00+00:00,15.4,35.753757,0.0,15.45,0.315
2023-12-18 11:00:00+00:00,16.0,34.531788,0.0,16.1,0.314
2023-12-18 12:00:00+00:00,16.25,33.740612,0.0,16.35,0.313
2023-12-18 13:00:00+00:00,16.65,44.6584,0.0,16.95,0.308
2023-12-18 14:00:00+00:00,13.65,68.22354,0.0,16.05,0.308
2023-12-18 15:00:00+00:00,15.45,50.446804,0.0,14.6,0.308
2023-12-18 16:00:00+00:00,12.6,60.262688,0.0,13.45,0.308
2023-12-18 17:00:00+00:00,10.7,70.00025,0.0,12.65,0.308
2023-12-18 18:00:00+00:00,11.45,62.121605,0.0,12.2,0.308
2023-12-18 19:00:00+00:00,11.15,58.449272,0.0,11.95,0.308
2023-12-18 20:00:00+00:00,10.6,61.70289,0.0,11.65,0.308
2023-12-18 21:00:00+00:00,10.65,58.11722,0.0,11.45,0.308
2023-12-18 22:00:00+00:00,10.55,51.818222,0.0,11.3,0.308
2023-12-18 23:00:00+00:00,10.45,46.292004,0.0,11.15,0.308
2023-12-19 00:00:00+00:00,10.35,45.592697,0.0,11.05,0.308
2023-12-19 01:00:00+00:00,9.9,45.462383,0.0,11.1,0.307
2023-12-19 02:00:00+00:00,9.75,45.921535,0.0,10.9,0.307
2023-12-19 03:00:00+00:00,9.65,47.778606,0.0,10.7,0.307
2023-12-19 04:00:00+00:00,9.0,51.57885,0.0,10.45,0.307
2023-12-19 05:00:00+00:00,9.0,51.391438,0.0,10.2,0.307
2023-12-19 06:00:00+00:00,10.5,46.98543,0.0,10.45,0.307
2023-12-19 07:00:00+00:00,12.35,48.369606,0.0,11.3,0.306
2023-12-19 08:00:00+00:00,14.2,46.03684,0.0,12.5,0.306
2023-12-19 09:00:00+00:00,15.6,42.367977,0.0,13.75,0.304
2023-12-19 10:00:00+00:00,16.35,39.53654,0.0,14.8,0.303
2023-12-19 11:00:00+00:00,16.85,38.847622,0.0,15.5,0.302
2023-12-19 12:00:00+00:00,16.95,40.13377,0.0,15.9,0.301
2023-12-19 13:00:00+00:00,17.35,47.74079,0.0,16.4,0.299
2023-12-19 14:00:00+00:00,14.75,63.103554,0.0,15.6,0.299
2023-12-19 15:00:00+00:00,12.7,64.38627,0.0,14.3,0.299
2023-12-19 16:00:00+00:00,12.4,61.4846,0.0,13.35,0.299
2023-12-19 17:00:00+00:00,11.9,62.662426,0.0,12.65,0.299
2023-12-19 18:00:00+00:00,11.4,64.991776,0.0,12.05,0.299
2023-12-19 19:00:00+00:00,11.5,63.89244,0.0,11.7,0.299
2023-12-19 20:00:00+00:00,11.0,63.112034,0.0,11.4,0.299
2023-12-19 21:00:00+00:00,11.1,60.32005,0.0,11.2,0.299
2023-12-19 22:00:00+00:00,11.75,58.599472,0.0,11.1,0.299
2023-12-19 23:00:00+00:00,11.95,60.526382,0.0,11.1,0.299
2023-12-20 00:00:00+00:00,11.55,63.01908,0.0,11.1,0.299
2023-12-20 01:00:00+00:00,10.1,63.571514,0.0,10.3,0.299
2023-12-20 02:00:00+00:00,9.5,63.883457,0.0,10.25,0.299
2023-12-20 03:00:00+00:00,9.15,64.25714,0.0,10.1,0.299
2023-12-20 04:00:00+00:00,9.3,60.30736,0.0,10.0,0.299
2023-12-20 05:00:00+00:00,9.3,60.95578,0.0,9.9,0.299
2023-12-20 06:00:00+00:00,10.95,58.60583,0.0,10.25,0.299
2023-12-20 07:00:00+00:00,13.35,57.98162,0.0,11.25,0.299
2023-12-20 08:00:00+00:00,15.25,58.855473,0.0,12.6,0.298
2023-12-20 09:00:00+00:00,16.5,53.78249,0.0,13.9,0.297
2023-12-20 10:00:00+00:00,17.2,49.37176,0.0,14.95,0.296
2023-12-20 11:00:00+00:00,17.5,45.36882,0.0,15.65,0.295
2023-12-20 12:00:00+00:00,17.45,44.88512,0.0,15.95,0.294
2023-12-20 13:00:00+00:00,17.85,49.211143,0.0,16.7,0.29
2023-12-20 14:00:00+00:00,16.15,58.08044,0.0,15.95,0.29
2023-12-20 15:00:00+00:00,14.95,62.084156,0.0,14.9,0.29
2023-12-20 16:00:00+00:00,15.35,58.679173,0.0,14.25,0.29
2023-12-20 17:00:00+00:00,16.1,52.7629,0.0,13.95,0.29
2023-12-20 18:00:00+00:00,16.0,53.28367,0.0,13.85,0.29
2023-12-20 19:00:00+00:00,15.75,55.26926,0.0,13.8,0.29
2023-12-20 20:00:00+00:00,14.45,61.125217,0.0,13.65,0.29
2023-12-20 21:00:00+00:00,13.25,62.54278,0.0,13.3,0.289
2023-12-20 22:00:00+00:00,12.35,61.472733,0.0,12.95,0.289
2023-12-20 23:00:00+00:00,12.1,60.562645,0.0,12.65,0.289
2023-12-21 00:00:00+00:00,12.0,59.28158,0.0,12.4,0.289
2023-12-21 01:00:00+00:00,12.55,61.7341,0.0,12.45,0.289
2023-12-21 02:00:00+00:00,13.2,63.180912,0.0,12.5,0.289
2023-12-21 03:00:00+00:00,13.5,61.532356,0.0,12.6,0.289
2023-12-21 04:00:00+00:00,13.7,61.7918,0.0,12.7,0.289
2023-12-21 05:00:00+00:00,13.7,62.432316,0.0,12.85,0.289
2023-12-21 06:00:00+00:00,13.25,62.113,0.0,12.9,0.288
2023-12-21 07:00:00+00:00,13.65,60.934887,0.0,13.15,0.288
2023-12-21 08:00:00+00:00,14.15,60.428112,0.0,13.35,0.288
2023-12-21 09:00:00+00:00,14.95,58.983513,0.0,13.8,0.287
2023-12-21 10:00:00+00:00,15.65,59.154724,0.0,14.4,0.287
2023-12-21 11:00:00+00:00,16.35,57.345016,0.0,15.1,0.286
2023-12-21 12:00:00+00:00,16.25,57.32001,0.0,15.3,0.285
2023-12-21 13:00:00+00:00,16.25,55.968487,0.0,15.55,0.282
2023-12-21 14:00:00+00:00,15.9,56.070717,0.0,15.25,0.282
2023-12-21 15:00:00+00:00,15.5,58.316395,0.0,14.9,0.281
2023-12-21 16:00:00+00:00,15.6,61.81461,0.0,14.7,0.281
2023-12-21 17:00:00+00:00,15.15,63.40956,0.0,14.55,0.281
2023-12-21 18:00:00+00:00,14.8,65.73897,0.0,14.4,0.281
2023-12-21 19:00:00+00:00,14.85,68.008965,0.0,14.3,0.281
2023-12-21 20:00:00+00:00,14.5,77.95094,0.8,14.1,0.288
2023-12-21 21:00:00+00:00,13.95,84.61577,1.4,13.7,0.305
2023-12-21 22:00:00+00:00,13.0,87.07916,2.6,13.3,0.34
2023-12-21 23:00:00+00:00,12.35,80.55786,2.5,12.75,0.372
2023-12-22 00:00:00+00:00,12.05,85.257744,0.7,12.4,0.377
2023-12-22 01:00:00+00:00,13.3,87.977165,1.0,12.85,0.386
2023-12-22 02:00:00+00:00,13.25,86.52698,1.7,12.8,0.401
2023-12-22 03:00:00+00:00,12.8,89.701416,1.7,12.8,0.413
2023-12-22 04:00:00+00:00,12.4,87.31311,2.1,12.65,0.421
2023-12-22 05:00:00+00:00,11.1,88.37365,3.1,12.3,0.425
2023-12-22 06:00:00+00:00,10.9,86.87847,1.8,11.9,0.419
2023-12-22 07:00:00+00:00,10.8,88.646164,1.5,11.95,0.42
2023-12-22 08:00:00+00:00,10.8,88.347725,1.5,11.9,0.42
2023-12-22 09:00:00+00:00,11.3,87.50396,0.8,12.1,0.414
2023-12-22 10:00:00+00:00,12.55,78.97335,0.3,12.4,0.408
2023-12-22 11:00:00+00:00,13.05,72.8975,0.0,12.75,0.402
2023-12-22 12:00:00+00:00,13.95,68.285126,0.0,13.3,0.397
2023-12-22 13:00:00+00:00,13.55,75.236404,0.0,13.9,0.402
2023-12-22 14:00:00+00:00,13.6,79.391754,0.0,13.7,0.398
2023-12-22 15:00:00+00:00,12.8,87.060234,0.7,13.45,0.403
2023-12-22 16:00:00+00:00,12.55,91.78883,0.2,13.15,0.401
2023-12-22 17:00:00+00:00,13.1,93.96411,0.8,13.05,0.408
2023-12-22 18:00:00+00:00,12.6,97.08844,1.3,13.0,0.416
2023-12-22 19:00:00+00:00,12.85,96.14205,0.3,13.0,0.412
2023-12-22 20:00:00+00:00,13.3,90.33388,0.3,12.85,0.411
2023-12-22 21:00:00+00:00,13.2,90.028885,0.2,12.75,0.409
2023-12-22 22:00:00+00:00,12.55,94.24961,4.6,12.5,0.43
2023-12-22 23:00:00+00:00,12.45,95.81374,2.6,12.6,0.424
2023-12-23 00:00:00+00:00,12.3,93.92735,0.9,12.6,0.422
2023-12-23 01:00:00+00:00,14.35,89.52522,0.6,13.65,0.427
2023-12-23 02:00:00+00:00,12.9,93.03051,2.6,13.25,0.426
2023-12-23 03:00:00+00:00,12.2,92.99354,0.0,12.85,0.422
2023-12-23 04:00:00+00:00,11.65,94.21004,0.0,12.55,0.419
2023-12-23 05:00:00+00:00,11.8,95.47572,0.0,12.2,0.416
2023-12-23 06:00:00+00:00,12.6,92.707664,0.0,12.45,0.414
2023-12-23 07:00:00+00:00,13.8,90.36971,0.0,13.25,0.412
2023-12-23 08:00:00+00:00,15.5,86.181305,0.0,14.55,0.411
2023-12-23 09:00:00+00:00,16.7,71.39722,0.0,15.6,0.409
2023-12-23 10:00:00+00:00,17.35,69.42893,0.0,16.3,0.406
2023-12-23 11:00:00+00:00,17.75,68.14721,0.0,16.9,0.404
2023-12-23 12:00:00+00:00,17.85,64.655685,0.0,17.3,0.402
2023-12-23 13:00:00+00:00,16.95,76.79843,0.0,16.9,0.398
2023-12-23 14:00:00+00:00,15.75,81.81729,0.0,16.15,0.397
2023-12-23 15:00:00+00:00,14.55,85.24118,0.0,15.2,0.396
2023-12-23 16:00:00+00:00,14.4,79.24265,0.0,14.2,0.395
2023-12-23 17:00:00+00:00,13.55,82.35218,0.0,13.4,0.395
2023-12-23 18:00:00+00:00,12.75,85.33246,0.0,12.75,0.394
2023-12-23 19:00:00+00:00,10.9,91.6861,0.0,12.25,0.393
2023-12-23 20:00:00+00:00,11.8,88.73017,0.0,12.1,0.393
2023-12-23 21:00:00+00:00,12.05,87.572845,0.0,12.05,0.392
2023-12-23 22:00:00+00:00,10.15,90.40876,0.0,11.8,0.391
2023-12-23 23:00:00+00:00,10.2,88.59531,0.0,11.35,0.391
2023-12-24 00:00:00+00:00,10.25,89.201416,0.0,11.2,0.39
2023-12-24 01:00:00+00:00,11.3,84.60397,0.0,12.25,0.389
2023-12-24 02:00:00+00:00,9.85,90.081184,0.0,11.7,0.388
2023-12-24 03:00:00+00:00,9.2,90.648,0.0,11.25,0.388
2023-12-24 04:00:00+00:00,8.95,90.01368,0.0,10.85,0.387
2023-12-24 05:00:00+00:00,8.55,90.91244,0.0,10.5,0.387
2023-12-24 06:00:00+00:00,10.45,86.54103,0.0,10.8,0.386
2023-12-24 07:00:00+00:00,12.25,83.02118,0.0,11.8,0.385
2023-12-24 08:00:00+00:00,14.15,79.73547,0.0,13.25,0.384
2023-12-24 09:00:00+00:00,15.8,75.86131,0.0,14.65,0.383
2023-12-24 10:00:00+00:00,16.75,73.55822,0.0,15.95,0.381
2023-12-24 11:00:00+00:00,17.15,73.62831,0.0,16.8,0.38
2023-12-24 12:00:00+00:00,17.3,72.21811,0.0,17.25,0.379
2023-12-24 13:00:00+00:00,19.5,62.094517,0.0,17.35,0.376
2023-12-24 14:00:00+00:00,19.1,66.21845,0.0,16.9,0.375
2023-12-24 15:00:00+00:00,17.8,75.937325,0.0,16.4,0.374
2023-12-24 16:00:00+00:00,15.65,89.334694,0.0,15.7,0.374
2023-12-24 17:00:00+00:00,13.1,89.42803,0.0,14.85,0.374
2023-12-24 18:00:00+00:00,12.55,84.74278,0.0,13.95,0.374
2023-12-24 19:00:00+00:00,11.85,88.14269,0.0,13.3,0.373
2023-12-24 20:00:00+00:00,11.45,86.63962,0.0,12.85,0.373
2023-12-24 21:00:00+00:00,10.65,85.10667,0.0,12.4,0.373
2023-12-24 22:00:00+00:00,10.4,85.9508,0.0,12.05,0.373
2023-12-24 23:00:00+00:00,10.4,87.71716,0.0,11.8,0.372
2023-12-25 00:00:00+00:00,10.7,89.237686,0.0,11.65,0.372
2023-12-25 01:00:00+00:00,10.5,88.32172,0.0,11.85,0.372
2023-12-25 02:00:00+00:00,10.95,89.860214,0.0,11.7,0.372
2023-12-25 03:00:00+00:00,11.85,87.261734,0.0,11.7,0.371
2023-12-25 04:00:00+00:00,11.2,85.74321,0.0,11.55,0.371
2023-12-25 05:00:00+00:00,10.25,81.93142,0.0,11.35,0.371
2023-12-25 06:00:00+00:00,11.7,69.47688,0.0,11.55,0.37
2023-12-25 07:00:00+00:00,13.45,68.88235,0.0,12.4,0.37
2023-12-25 08:00:00+00:00,15.35,63.240322,0.0,13.6,0.369
2023-12-25 09:00:00+00:00,17.2,59.1311,0.0,14.8,0.367
2023-12-25 10:00:00+00:00,18.35,56.310463,0.0,15.9,0.366
2023-12-25 11:00:00+00:00,18.85,57.57888,0.0,16.85,0.364
2023-12-25 12:00:00+00:00,18.95,58.571022,0.0,17.35,0.363
2023-12-25 13:00:00+00:00,18.95,66.622215,0.0,17.7,0.362
2023-12-25 14:00:00+00:00,17.0,77.05778,0.0,17.0,0.362
2023-12-25 15:00:00+00:00,15.3,80.95684,0.0,15.85,0.362
2023-12-25 16:00:00+00:00,14.4,83.83171,0.0,15.0,0.361
2023-12-25 17:00:00+00:00,13.7,87.72244,0.0,14.3,0.361
2023-12-25 18:00:00+00:00,13.75,90.66365,0.0,13.85,0.361
2023-12-25 19:00:00+00:00,13.1,85.939255,0.0,13.55,0.361
2023-12-25 20:00:00+00:00,12.4,77.10506,0.0,13.2,0.361
2023-12-25 21:00:00+00:00,12.15,77.85316,0.0,12.9,0.361
2023-12-25 22:00:00+00:00,11.05,83.438095,0.0,12.5,0.361
2023-12-25 23:00:00+00:00,10.95,83.70952,0.0,12.2,0.36
2023-12-26 00:00:00+00:00,10.9,82.855736,0.0,12.05,0.36
2023-12-26 01:00:00+00:00,11.2,74.07021,0.0,12.15,0.359
2023-12-26 02:00:00+00:00,11.2,75.6097,0.0,12.05,0.359
2023-12-26 03:00:00+00:00,10.9,79.539474,0.0,11.9,0.359
2023-12-26 04:00:00+00:00,10.8,79.25387,0.0,11.8,0.359
2023-12-26 05:00:00+00:00,10.9,76.866035,0.0,11.7,0.358
2023-12-26 06:00:00+00:00,11.75,75.96017,0.0,11.95,0.358
2023-12-26 07:00:00+00:00,13.45,74.966644,0.0,12.75,0.358
2023-12-26 08:00:00+00:00,15.7,72.16389,0.0,13.9,0.357
2023-12-26 09:00:00+00:00,17.6,71.80019,0.0,15.25,0.356
2023-12-26 10:00:00+00:00,18.6,71.98372,0.0,16.45,0.354
2023-12-26 11:00:00+00:00,19.05,69.53402,0.0,17.2,0.353
2023-12-26 12:00:00+00:00,19.2,66.02301,0.0,17.55,0.352
2023-12-26 13:00:00+00:00,18.9,66.83048,0.0,17.75,0.351
2023-12-26 14:00:00+00:00,17.45,71.30232,0.0,17.05,0.351
2023-12-26 15:00:00+00:00,15.5,74.072365,0.0,16.0,0.351
2023-12-26 16:00:00+00:00,14.4,75.378876,0.0,15.1,0.351
2023-12-26 17:00:00+00:00,14.25,75.85963,0.0,14.45,0.351
2023-12-26 18:00:00+00:00,14.15,76.60796,0.0,14.0,0.35
2023-12-26 19:00:00+00:00,13.8,78.891975,0.0,13.7,0.35
2023-12-26 20:00:00+00:00,13.95,78.38903,0.0,13.5,0.35
2023-12-26 21:00:00+00:00,14.15,76.60796,0.0,13.4,0.35
2023-12-26 22:00:00+00:00,14.15,75.58977,0.0,13.35,0.35
2023-12-26 23:00:00+00:00,13.75,77.57651,0.0,13.25,0.35
2023-12-27 00:00:00+00:00,13.0,79.839485,0.0,13.1,0.35
2023-12-27 01:00:00+00:00,13.4,79.0977,0.0,13.45,0.349
2023-12-27 02:00:00+00:00,13.45,78.31403,0.0,13.3,0.349
2023-12-27 03:00:00+00:00,12.4,80.02371,0.0,13.1,0.349
2023-12-27 04:00:00+00:00,11.2,79.31223,0.0,12.8,0.349
2023-12-27 05:00:00+00:00,10.95,79.27578,0.0,12.45,0.349
2023-12-27 06:00:00+00:00,11.9,76.76439,0.0,12.55,0.348
2023-12-27 07:00:00+00:00,13.75,71.07784,0.0,13.15,0.348
2023-12-27 08:00:00+00:00,15.4,66.53756,0.0,14.1,0.347
2023-12-27 09:00:00+00:00,16.8,62.72157,0.0,15.15,0.346
2023-12-27 10:00:00+00:00,17.7,59.053707,0.0,16.05,0.344
2023-12-27 11:00:00+00:00,18.3,56.29789,0.0,16.7,0.343
2023-12-27 12:00:00+00:00,18.3,57.058937,0.0,17.05,0.342
2023-12-27 13:00:00+00:00,19.0,59.961437,0.0,17.8,0.34
2023-12-27 14:00:00+00:00,18.1,62.184917,0.0,17.2,0.34
2023-12-27 15:00:00+00:00,17.0,65.552925,0.0,16.4,0.34
2023-12-27 16:00:00+00:00,15.65,68.4017,0.0,15.65,0.339
2023-12-27 17:00:00+00:00,14.6,72.68836,0.0,15.0,0.339
2023-12-27 18:00:00+00:00,14.45,73.39581,0.0,14.55,0.339
2023-12-27 19:00:00+00:00,13.95,75.55656,0.0,14.2,0.339
2023-12-27 20:00:00+00:00,13.65,75.50663,0.0,13.9,0.339
2023-12-27 21:00:00+00:00,13.2,75.17741,0.0,13.65,0.339
2023-12-27 22:00:00+00:00,13.0,75.1436,0.0,13.45,0.339
2023-12-27 23:00:00+00:00,12.65,75.0843,0.0,13.25,0.339
2023-12-28 00:00:00+00:00,12.15,75.25481,0.0,13.0,0.339
2023-12-28 01:00:00+00:00,12.15,68.61764,0.0,13.15,0.338
2023-12-28 02:00:00+00:00,11.95,70.73135,0.0,12.85,0.338
2023-12-28 03:00:00+00:00,11.8,69.49695,0.0,12.65,0.338
2023-12-28 04:00:00+00:00,11.9,65.55568,0.0,12.45,0.338
2023-12-28 05:00:00+00:00,11.85,61.999218,0.0,12.25,0.338
2023-12-28 06:00:00+00:00,12.65,59.23494,0.0,12.4,0.338
2023-12-28 07:00:00+00:00,14.05,57.75593,0.0,13.15,0.337
2023-12-28 08:00:00+00:00,16.0,56.867992,0.0,14.25,0.336
2023-12-28 09:00:00+00:00,17.5,55.154545,0.0,15.45,0.335
2023-12-28 10:00:00+00:00,18.6,52.88265,0.0,16.45,0.334
2023-12-28 11:00:00+00:00,19.25,51.296745,0.0,17.25,0.332
2023-12-28 12:00:00+00:00,19.5,50.33508,0.0,17.65,0.331
2023-12-28 13:00:00+00:00,20.05,60.607418,0.0,18.4,0.33
2023-12-28 14:00:00+00:00,17.65,74.19899,0.0,17.65,0.33
2023-12-28 15:00:00+00:00,16.95,69.81067,0.0,16.2,0.33
2023-12-28 16:00:00+00:00,13.9,80.50057,0.0,15.05,0.33
2023-12-28 17:00:00+00:00,12.9,81.99553,0.0,14.25,0.33
2023-12-28 18:00:00+00:00,13.2,74.92412,0.0,13.7,0.33
2023-12-28 19:00:00+00:00,13.7,68.46615,0.0,13.45,0.33
2023-12-28 20:00:00+00:00,13.2,63.617386,0.0,13.2,0.33
2023-12-28 21:00:00+00:00,12.6,61.318886,0.0,12.9,0.33
2023-12-28 22:00:00+00:00,12.25,59.343243,0.0,12.65,0.33
2023-12-28 23:00:00+00:00,12.1,57.464897,0.0,12.4,0.33
2023-12-29 00:00:00+00:00,11.8,56.386654,0.0,12.15,0.33
2023-12-29 01:00:00+00:00,11.9,62.880905,0.0,12.1,0.33
2023-12-29 02:00:00+00:00,11.15,64.25985,0.0,11.95,0.329
2023-12-29 03:00:00+00:00,10.7,62.601112,0.0,11.75,0.329
2023-12-29 04:00:00+00:00,10.3,62.50722,0.0,11.5,0.329
2023-12-29 05:00:00+00:00,9.85,63.963737,0.0,11.2,0.329
2023-12-29 06:00:00+00:00,10.9,62.20975,0.0,11.35,0.329
2023-12-29 07:00:00+00:00,12.75,65.516136,0.0,12.25,0.329
2023-12-29 08:00:00+00:00,14.9,63.78471,0.0,13.55,0.328
2023-12-29 09:00:00+00:00,16.75,65.28062,0.0,14.95,0.327
2023-12-29 10:00:00+00:00,17.85,66.171974,0.0,16.25,0.326
2023-12-29 11:00:00+00:00,18.3,66.049194,0.0,17.25,0.325
2023-12-29 12:00:00+00:00,18.35,65.409546,0.0,17.8,0.324
2023-12-29 13:00:00+00:00,19.25,58.838856,0.0,18.15,0.321
2023-12-29 14:00:00+00:00,18.15,62.40344,0.0,17.35,0.321
2023-12-29 15:00:00+00:00,16.05,68.02692,0.0,15.85,0.321
2023-12-29 16:00:00+00:00,13.35,80.42512,0.0,14.7,0.321
2023-12-29 17:00:00+00:00,12.35,85.28983,0.0,13.8,0.322
2023-12-29 18:00:00+00:00,11.85,85.52309,0.0,13.15,0.322
2023-12-29 19:00:00+00:00,10.8,86.575645,0.0,12.6,0.322
2023-12-29 20:00:00+00:00,10.45,84.50854,0.0,12.1,0.322
2023-12-29 21:00:00+00:00,10.25,83.62673,0.0,11.75,0.322
2023-12-29 22:00:00+00:00,10.45,82.80007,0.0,11.5,0.322
2023-12-29 23:00:00+00:00,10.5,81.684654,0.0,11.35,0.322
2023-12-30 00:00:00+00:00,10.4,82.231,0.0,11.25,0.322
2023-12-30 01:00:00+00:00,11.0,78.4755,0.0,11.05,0.323
2023-12-30 02:00:00+00:00,10.2,75.70203,0.0,10.95,0.323
2023-12-30 03:00:00+00:00,9.7,73.2924,0.0,10.8,0.323
2023-12-30 04:00:00+00:00,9.3,72.45681,0.0,10.6,0.323
2023-12-30 05:00:00+00:00,8.75,74.409775,0.0,10.35,0.323
2023-12-30 06:00:00+00:00,10.4,68.494774,0.0,10.6,0.323
2023-12-30 07:00:00+00:00,12.55,65.92488,0.0,11.6,0.322
2023-12-30 08:00:00+00:00,15.05,65.34966,0.0,13.05,0.322
2023-12-30 09:00:00+00:00,16.9,64.2318,0.0,14.55,0.321
2023-12-30 10:00:00+00:00,17.9,61.11178,0.0,15.95,0.32
2023-12-30 11:00:00+00:00,18.3,57.63567,0.0,16.95,0.319
2023-12-30 12:00:00+00:00,18.35,54.631027,0.0,17.35,0.318
2023-12-30 13:00:00+00:00,18.75,58.717716,0.0,17.55,0.317
2023-12-30 14:00:00+00:00,17.15,67.800156,0.0,16.75,0.317
2023-12-30 15:00:00+00:00,18.35,56.310463,0.0,15.4,0.317
2023-12-30 16:00:00+00:00,15.65,68.4017,0.0,14.3,0.317
2023-12-30 17:00:00+00:00,12.6,83.34239,0.0,13.5,0.317
2023-12-30 18:00:00+00:00,12.25,83.30051,0.0,13.0,0.318
2023-12-30 19:00:00+00:00,12.15,84.13204,0.0,12.7,0.318
2023-12-30 20:00:00+00:00,11.75,85.512535,0.0,12.45,0.318
2023-12-30 21:00:00+00:00,11.2,86.907425,0.0,12.25,0.318
2023-12-30 22:00:00+00:00,10.9,87.1723,0.0,12.05,0.318
2023-12-30 23:00:00+00:00,10.35,87.41591,0.0,11.75,0.318
2023-12-31 00:00:00+00:00,10.45,84.50854,0.0,11.55,0.318
2023-12-31 01:00:00+00:00,11.2,85.74321,0.0,11.45,0.318
2023-12-31 02:00:00+00:00,10.9,85.13381,0.0,11.45,0.318
2023-12-31 03:00:00+00:00,11.15,78.4981,0.0,11.55,0.318
2023-12-31 04:00:00+00:00,10.6,79.22461,0.0,11.5,0.318
2023-12-31 05:00:00+00:00,10.4,78.116165,0.0,11.4,0.318
2023-12-31 06:00:00+00:00,11.5,72.8635,0.0,11.65,0.317
2023-12-31 07:00:00+00:00,13.05,68.566734,0.0,12.3,0.317
2023-12-31 08:00:00+00:00,14.95,67.345024,0.0,13.35,0.317
2023-12-31 09:00:00+00:00,16.4,64.55232,0.0,14.45,0.316
2023-12-31 10:00:00+00:00,17.35,64.117424,0.0,15.5,0.315
2023-12-31 11:00:00+00:00,17.8,64.21708,0.0,16.3,0.314
2023-12-31 12:00:00+00:00,17.85,65.08575,0.0,16.6,0.313
2023-12-31 13:00:00+00:00,17.75,68.372284,0.0,16.25,0.313
2023-12-31 14:00:00+00:00,16.2,78.721985,0.0,15.85,0.313
2023-12-31 15:00:00+00:00,14.3,83.26802,0.0,14.9,0.313
2023-12-31 16:00:00+00:00,13.85,77.33279,0.0,14.2,0.313
2023-12-31 17:00:00+00:00,12.45,80.03074,0.0,13.5,0.313
2023-12-31 18:00:00+00:00,12.05,79.43546,0.0,12.9,0.313
2023-12-31 19:00:00+00:00,12.1,76.017914,0.0,12.55,0.313
2023-12-31 20:00:00+00:00,11.85,76.75636,0.0,12.3,0.313
2023-12-31 21:00:00+00:00,11.55,77.232765,0.0,12.1,0.313
2023-12-31 22:00:00+00:00,11.25,77.9796,0.0,11.9,0.313
2023-12-31 23:00:00+00:00,11.0,79.82555,0.0,11.7,0.313
2024-01-01 00:00:00+00:00,11.2,78.50563,0.0,11.65,0.313
2024-01-01 01:00:00+00:00,10.55,79.761246,0.0,11.55,0.313
2024-01-01 02:00:00+00:00,10.25,78.90199,0.0,11.45,0.313
2024-01-01 03:00:00+00:00,10.4,77.05009,0.0,11.3,0.313
2024-01-01 04:00:00+00:00,10.1,77.80187,0.0,11.15,0.313
2024-01-01 05:00:00+00:00,9.95,76.44842,0.0,11.05,0.313
2024-01-01 06:00:00+00:00,10.85,74.77612,0.0,11.25,0.313
2024-01-01 07:00:00+00:00,12.65,73.32157,0.0,12.0,0.313
2024-01-01 08:00:00+00:00,14.7,68.90147,0.0,13.2,0.312
2024-01-01 09:00:00+00:00,16.45,64.99741,0.0,14.5,0.312
2024-01-01 10:00:00+00:00,17.5,65.66053,0.0,15.7,0.311
2024-01-01 11:00:00+00:00,17.8,66.38057,0.0,16.4,0.31
2024-01-01 12:00:00+00:00,17.85,65.95346,0.0,16.85,0.309
2024-01-01 13:00:00+00:00,17.75,66.5899,0.0,16.85,0.308
2024-01-01 14:00:00+00:00,16.8,70.711334,0.0,16.3,0.308
2024-01-01 15:00:00+00:00,14.5,83.56712,0.0,15.45,0.308
2024-01-01 16:00:00+00:00,14.25,81.8953,0.0,14.75,0.308
2024-01-01 17:00:00+00:00,14.6,74.41149,0.0,14.4,0.308
2024-01-01 18:00:00+00:00,14.4,72.896255,0.0,14.15,0.308
2024-01-01 19:00:00+00:00,13.9,74.04121,0.0,13.9,0.308
2024-01-01 20:00:00+00:00,13.9,72.80567,0.0,13.7,0.308
2024-01-01 21:00:00+00:00,13.7,71.79296,0.0,13.6,0.308
2024-01-01 22:00:00+00:00,13.2,75.43146,0.0,13.45,0.308
2024-01-01 23:00:00+00:00,13.1,75.41471,0.0,13.35,0.308
2024-01-02 00:00:00+00:00,13.05,74.14254,0.0,13.25,0.308
2024-01-02 01:00:00+00:00,13.05,70.94378,0.0,13.6,0.308
2024-01-02 02:00:00+00:00,12.7,72.83381,0.0,13.35,0.308
2024-01-02 03:00:00+00:00,12.5,72.549805,0.0,13.15,0.308
2024-01-02 04:00:00+00:00,12.5,71.32329,0.0,13.0,0.308
2024-01-02 05:00:00+00:00,12.65,70.625336,0.0,12.85,0.308
2024-01-02 06:00:00+00:00,13.15,71.20453,0.0,12.9,0.308
2024-01-02 07:00:00+00:00,14.95,71.78492,0.0,13.55,0.307
2024-01-02 08:00:00+00:00,16.75,69.54076,0.0,14.65,0.307
2024-01-02 09:00:00+00:00,17.7,65.486046,0.0,15.85,0.306
2024-01-02 10:00:00+00:00,18.2,61.3859,0.0,16.8,0.305
2024-01-02 11:00:00+00:00,18.45,58.44925,0.0,17.55,0.304
2024-01-02 12:00:00+00:00,18.45,58.059834,0.0,18.0,0.303
2024-01-02 13:00:00+00:00,18.1,64.49653,0.0,17.75,0.301
2024-01-02 14:00:00+00:00,17.15,73.14633,0.0,17.2,0.301
2024-01-02 15:00:00+00:00,17.05,65.12828,0.0,16.45,0.301
2024-01-02 16:00:00+00:00,16.75,67.49319,0.0,15.9,0.301
2024-01-02 17:00:00+00:00,15.05,79.07421,1.0,15.25,0.312
2024-01-02 18:00:00+00:00,14.4,89.236336,1.3,14.8,0.328
2024-01-02 19:00:00+00:00,14.7,88.09981,0.1,14.45,0.328
2024-01-02 20:00:00+00:00,15.2,83.37477,0.2,14.25,0.33
2024-01-02 21:00:00+00:00,15.45,84.78031,1.5,14.25,0.349
2024-01-02 22:00:00+00:00,15.15,86.71158,0.3,14.2,0.352
2024-01-02 23:00:00+00:00,14.7,91.919914,0.1,14.25,0.352
2024-01-03 00:00:00+00:00,15.15,86.99539,0.0,13.85,0.351
2024-01-03 01:00:00+00:00,13.15,89.13663,0.2,14.2,0.334
2024-01-03 02:00:00+00:00,14.55,89.24819,0.2,14.0,0.336
2024-01-03 03:00:00+00:00,14.05,92.78684,0.0,13.9,0.336
2024-01-03 04:00:00+00:00,13.2,90.92491,0.0,13.6,0.336
2024-01-03 05:00:00+00:00,13.4,88.277374,0.0,13.3,0.336
2024-01-03 06:00:00+00:00,14.3,88.645004,0.0,13.5,0.335
2024-01-03 07:00:00+00:00,15.3,89.30728,0.0,14.2,0.335
2024-01-03 08:00:00+00:00,16.75,85.196106,0.0,15.35,0.334
2024-01-03 09:00:00+00:00,17.5,80.72251,0.0,16.45,0.333
2024-01-03 10:00:00+00:00,18.15,75.99381,0.0,17.4,0.332
2024-01-03 11:00:00+00:00,18.25,74.060265,0.1,18.1,0.331
2024-01-03 12:00:00+00:00,18.3,72.636055,0.0,18.35,0.33
2024-01-03 13:00:00+00:00,18.65,69.91123,0.0,18.65,0.327
2024-01-03 14:00:00+00:00,17.7,72.528076,0.0,17.95,0.326
2024-01-03 15:00:00+00:00,16.45,77.98842,0.0,17.0,0.325
2024-01-03 16:00:00+00:00,14.3,86.34484,0.0,16.0,0.325
2024-01-03 17:00:00+00:00,14.55,84.40345,0.0,15.35,0.325
2024-01-03 18:00:00+00:00,15.75,78.915245,0.1,14.9,0.325
2024-01-03 19:00:00+00:00,17.1,73.37815,0.0,14.35,0.325
2024-01-03 20:00:00+00:00,13.2,89.14064,0.0,13.9,0.325
2024-01-03 21:00:00+00:00,14.45,90.41601,0.6,13.95,0.33
2024-01-03 22:00:00+00:00,14.05,90.387566,0.4,13.85,0.334
2024-01-03 23:00:00+00:00,14.25,90.4018,0.8,13.9,0.345
2024-01-04 00:00:00+00:00,14.3,92.196434,0.5,13.95,0.35
2024-01-04 01:00:00+00:00,15.15,89.58675,0.2,15.1,0.346
2024-01-04 02:00:00+00:00,16.55,82.186104,0.0,14.9,0.346
2024-01-04 03:00:00+00:00,16.3,79.25421,0.6,14.75,0.353
2024-01-04 04:00:00+00:00,16.7,78.53792,0.4,14.65,0.355
2024-01-04 05:00:00+00:00,15.95,82.9198,0.4,14.6,0.359
2024-01-04 06:00:00+00:00,15.95,86.50671,1.8,14.7,0.38
2024-01-04 07:00:00+00:00,16.25,86.535835,0.1,15.05,0.378
2024-01-04 08:00:00+00:00,17.65,77.91464,0.2,15.85,0.376
2024-01-04 09:00:00+00:00,17.95,71.86461,0.2,16.3,0.374
2024-01-04 10:00:00+00:00,17.85,76.19282,0.0,16.9,0.371
2024-01-04 11:00:00+00:00,17.95,74.25032,0.0,17.55,0.368
2024-01-04 12:00:00+00:00,17.85,75.45269,0.0,17.95,0.365
2024-01-04 13:00:00+00:00,18.95,65.10917,0.0,18.1,0.365
2024-01-04 14:00:00+00:00,18.45,67.39794,0.1,17.65,0.364
2024-01-04 15:00:00+00:00,18.95,64.47004,0.0,17.25,0.362
2024-01-04 16:00:00+00:00,18.65,61.08383,0.1,16.9,0.361
2024-01-04 17:00:00+00:00,17.4,70.592606,0.2,16.65,0.361
2024-01-04 18:00:00+00:00,16.95,77.80905,0.4,16.3,0.363
2024-01-04 19:00:00+00:00,17.15,79.63393,2.9,15.9,0.395
2024-01-04 20:00:00+00:00,17.2,79.38243,1.7,15.65,0.408
2024-01-04 21:00:00+00:00,17.95,76.456795,0.3,15.55,0.402
2024-01-04 22:00:00+00:00,17.95,75.22395,0.3,15.5,0.397
2024-01-04 23:00:00+00:00,17.8,73.26137,0.2,15.45,0.394
2024-01-05 00:00:00+00:00,17.4,73.43097,1.5,15.3,0.404
2024-01-05 01:00:00+00:00,19.0,64.05808,0.0,16.9,0.387
2024-01-05 02:00:00+00:00,19.15,63.461796,0.0,16.8,0.383
2024-01-05 03:00:00+00:00,19.0,65.33421,0.0,16.8,0.38
2024-01-05 04:00:00+00:00,18.9,65.95943,0.0,16.7,0.378
2024-01-05 05:00:00+00:00,19.1,64.71516,0.0,16.7,0.375
2024-01-05 06:00:00+00:00,19.4,65.20624,0.1,16.85,0.374
2024-01-05 07:00:00+00:00,19.5,66.95506,0.2,17.15,0.373
2024-01-05 08:00:00+00:00,19.6,71.23838,0.1,17.55,0.372
2024-01-05 09:00:00+00:00,19.5,74.753685,0.0,18.05,0.369
2024-01-05 10:00:00+00:00,19.5,72.85022,0.0,18.55,0.367
2024-01-05 11:00:00+00:00,19.35,65.409355,0.0,18.95,0.365
2024-01-05 12:00:00+00:00,19.4,64.35701,0.0,19.1,0.363
2024-01-05 13:00:00+00:00,20.05,62.220036,0.0,19.55,0.368
2024-01-05 14:00:00+00:00,18.85,72.970894,0.0,18.9,0.367
2024-01-05 15:00:00+00:00,17.9,78.71351,0.0,18.1,0.366
2024-01-05 16:00:00+00:00,17.9,79.73882,0.0,17.65,0.366
2024-01-05 17:00:00+00:00,17.8,79.72488,0.0,17.25,0.366
2024-01-05 18:00:00+00:00,17.75,69.05143,0.0,16.95,0.365
2024-01-05 19:00:00+00:00,16.1,43.42049,0.0,16.4,0.365
2024-01-05 20:00:00+00:00,15.0,48.25602,0.0,15.85,0.364
2024-01-05 21:00:00+00:00,14.9,57.57144,0.0,15.35,0.363
2024-01-05 22:00:00+00:00,15.0,52.10671,0.0,15.1,0.363
2024-01-05 23:00:00+00:00,14.1,56.777786,0.0,14.8,0.362
2024-01-06 00:00:00+00:00,13.2,57.342136,0.0,14.4,0.362
2024-01-06 01:00:00+00:00,12.25,42.305836,0.0,14.1,0.358
2024-01-06 02:00:00+00:00,11.65,44.01162,0.0,13.65,0.357
2024-01-06 03:00:00+00:00,11.3,46.535946,0.0,13.25,0.357
2024-01-06 04:00:00+00:00,10.95,49.02517,0.0,12.85,0.356
2024-01-06 05:00:00+00:00,10.65,50.921867,0.0,12.55,0.356
2024-01-06 06:00:00+00:00,11.35,50.20746,0.0,12.55,0.355
2024-01-06 07:00:00+00:00,12.9,48.17969,0.0,13.15,0.355
2024-01-06 08:00:00+00:00,14.65,51.831715,0.0,14.15,0.353
2024-01-06 09:00:00+00:00,16.35,49.65149,0.0,15.3,0.352
2024-01-06 10:00:00+00:00,17.45,44.574444,0.0,16.35,0.35
2024-01-06 11:00:00+00:00,18.05,44.28218,0.0,17.15,0.349
2024-01-06 12:00:00+00:00,18.3,45.593815,0.0,17.55,0.348
2024-01-06 13:00:00+00:00,18.5,51.969833,0.0,18.1,0.347
2024-01-06 14:00:00+00:00,16.8,75.03257,0.0,17.5,0.347
2024-01-06 15:00:00+00:00,15.6,67.028854,0.0,16.3,0.347
2024-01-06 16:00:00+00:00,13.7,76.53579,0.0,15.3,0.347
2024-01-06 17:00:00+00:00,13.45,76.23885,0.0,14.55,0.347
2024-01-06 18:00:00+00:00,13.45,70.54036,0.0,14.1,0.347
2024-01-06 19:00:00+00:00,13.35,64.75362,0.0,13.85,0.347
2024-01-06 20:00:00+00:00,13.05,64.24336,0.0,13.6,0.347
2024-01-06 21:00:00+00:00,12.75,62.85976,0.0,13.45,0.346
2024-01-06 22:00:00+00:00,12.75,61.995712,0.0,13.25,0.346
2024-01-06 23:00:00+00:00,12.9,61.81671,0.0,13.1,0.346
2024-01-07 00:00:00+00:00,12.7,61.555782,0.0,12.95,0.346
2024-01-07 01:00:00+00:00,12.55,62.813457,0.0,13.15,0.346
2024-01-07 02:00:00+00:00,12.2,63.82993,0.0,12.9,0.345
2024-01-07 03:00:00+00:00,11.75,65.29584,0.0,12.65,0.345
2024-01-07 04:00:00+00:00,11.25,66.098656,0.0,12.45,0.345
2024-01-07 05:00:00+00:00,11.25,64.95831,0.0,12.2,0.345
2024-01-07 06:00:00+00:00,12.4,64.318794,0.0,12.35,0.345
2024-01-07 07:00:00+00:00,14.1,65.36388,0.0,12.95,0.344
2024-01-07 08:00:00+00:00,15.15,60.04973,0.0,13.65,0.343
2024-01-07 09:00:00+00:00,16.3,59.918636,0.0,14.5,0.342
2024-01-07 10:00:00+00:00,17.1,55.23919,0.0,15.3,0.341
2024-01-07 11:00:00+00:00,17.45,52.939007,0.0,15.9,0.34
2024-01-07 12:00:00+00:00,17.6,53.33999,0.0,16.3,0.339
2024-01-07 13:00:00+00:00,17.75,59.065823,0.0,16.45,0.339
2024-01-07 14:00:00+00:00,16.6,67.237816,0.0,16.1,0.339
2024-01-07 15:00:00+00:00,14.65,73.43137,0.0,15.25,0.339
2024-01-07 16:00:00+00:00,14.7,67.9781,0.0,14.65,0.339
2024-01-07 17:00:00+00:00,14.25,66.743904,0.0,14.25,0.339
2024-01-07 18:00:00+00:00,13.95,68.05377,0.0,14.0,0.339
2024-01-07 19:00:00+00:00,13.8,69.658165,0.0,13.7,0.339
2024-01-07 20:00:00+00:00,13.75,69.884735,0.0,13.5,0.339
2024-01-07 21:00:00+00:00,13.65,69.86502,0.0,13.35,0.339
2024-01-07 22:00:00+00:00,13.35,70.04343,0.0,13.25,0.338
2024-01-07 23:00:00+00:00,12.85,66.90241,0.0,13.1,0.338
2024-01-08 00:00:00+00:00,12.25,64.285,0.0,12.85,0.338
2024-01-08 01:00:00+00:00,13.3,70.272064,0.0,13.35,0.337
2024-01-08 02:00:00+00:00,12.35,69.60702,0.0,13.2,0.337
2024-01-08 03:00:00+00:00,12.0,72.21016,0.0,13.05,0.337
2024-01-08 04:00:00+00:00,12.35,76.059044,0.0,12.95,0.337
2024-01-08 05:00:00+00:00,14.15,69.72744,0.0,12.9,0.337
2024-01-08 06:00:00+00:00,15.8,81.55611,0.3,13.4,0.34
2024-01-08 07:00:00+00:00,17.35,79.403694,0.6,14.4,0.345
2024-01-08 08:00:00+00:00,17.85,78.961525,0.0,15.3,0.344
2024-01-08 09:00:00+00:00,17.75,79.46023,0.7,16.05,0.351
2024-01-08 10:00:00+00:00,16.85,82.22352,0.2,16.45,0.352
2024-01-08 11:00:00+00:00,16.6,83.53884,0.6,16.4,0.357
2024-01-08 12:00:00+00:00,16.25,87.66435,1.0,16.3,0.369
2024-01-08 13:00:00+00:00,18.9,70.187874,0.0,16.65,0.397
2024-01-08 14:00:00+00:00,18.7,71.07042,0.0,16.5,0.392
2024-01-08 15:00:00+00:00,18.55,68.308876,0.0,16.2,0.389
2024-01-08 16:00:00+00:00,17.85,71.61129,0.0,15.8,0.386
2024-01-08 17:00:00+00:00,15.2,85.03113,0.1,15.25,0.384
2024-01-08 18:00:00+00:00,15.25,83.38067,0.1,15.0,0.382
2024-01-08 19:00:00+00:00,14.7,83.86629,0.0,14.7,0.38
2024-01-08 20:00:00+00:00,14.45,85.23056,0.0,14.45,0.378
2024-01-08 21:00:00+00:00,14.4,84.3867,0.0,14.3,0.376
2024-01-08 22:00:00+00:00,14.2,81.88891,0.0,14.15,0.375
2024-01-08 23:00:00+00:00,14.05,79.72134,0.0,14.0,0.373
2024-01-09 00:00:00+00:00,14.1,78.673294,0.0,13.9,0.372
2024-01-09 01:00:00+00:00,13.85,91.56769,0.0,13.35,0.383
2024-01-09 02:00:00+00:00,14.7,90.72926,0.0,13.15,0.381
2024-01-09 03:00:00+00:00,15.55,90.20067,0.0,12.9,0.38
2024-01-09 04:00:00+00:00,13.75,89.18464,0.0,12.85,0.379
2024-01-09 05:00:00+00:00,14.35,82.9992,0.1,13.05,0.379
2024-01-09 06:00:00+00:00,15.4,76.55295,0.0,13.45,0.378
2024-01-09 07:00:00+00:00,15.05,79.33608,0.0,13.95,0.377
2024-01-09 08:00:00+00:00,14.3,77.6613,0.0,14.3,0.376
2024-01-09 09:00:00+00:00,15.5,75.561516,0.0,14.85,0.375
2024-01-09 10:00:00+00:00,16.2,75.42775,0.0,15.55,0.374
2024-01-09 11:00:00+00:00,16.75,71.87986,0.0,16.2,0.372
2024-01-09 12:00:00+00:00,16.85,70.48741,0.0,16.55,0.371
2024-01-09 13:00:00+00:00,18.1,62.392006,0.0,17.0,0.37
2024-01-09 14:00:00+00:00,15.65,78.64128,0.8,16.5,0.377
2024-01-09 15:00:00+00:00,14.2,88.92814,1.3,15.55,0.393
2024-01-09 16:00:00+00:00,14.0,90.97884,7.9,14.85,0.43
2024-01-09 17:00:00+00:00,14.55,83.57299,11.1,14.45,0.43
2024-01-09 18:00:00+00:00,13.65,90.95531,4.9,14.15,0.43
2024-01-09 19:00:00+00:00,13.75,89.773674,0.3,13.95,0.423
2024-01-09 20:00:00+00:00,13.3,88.26876,3.2,13.65,0.426
2024-01-09 21:00:00+00:00,14.35,80.56199,0.2,13.5,0.423
2024-01-09 22:00:00+00:00,14.6,83.02937,0.0,13.45,0.419
2024-01-09 23:00:00+00:00,14.8,77.99647,0.0,13.5,0.417
2024-01-10 00:00:00+00:00,14.15,85.19862,0.1,13.4,0.415
2024-01-10 01:00:00+00:00,11.3,87.50396,0.0,13.15,0.396
2024-01-10 02:00:00+00:00,11.1,88.37365,0.0,12.6,0.394
2024-01-10 03:00:00+00:00,11.1,86.89778,0.0,12.25,0.393
2024-01-10 04:00:00+00:00,10.4,88.91246,0.0,11.9,0.392
2024-01-10 05:00:00+00:00,10.8,90.151726,0.0,11.75,0.391
2024-01-10 06:00:00+00:00,11.8,90.52685,0.0,11.95,0.39
2024-01-10 07:00:00+00:00,12.85,88.22985,0.0,12.8,0.389
2024-01-10 08:00:00+00:00,14.15,81.88252,0.2,13.85,0.39
2024-01-10 09:00:00+00:00,14.7,79.54904,0.1,14.5,0.389
2024-01-10 10:00:00+00:00,14.95,80.91011,0.2,15.0,0.389
2024-01-10 11:00:00+00:00,13.9,80.23296,4.8,14.85,0.422
2024-01-10 12:00:00+00:00,13.9,84.05183,0.5,14.55,0.418
2024-01-10 13:00:00+00:00,15.3,77.04568,0.0,15.75,0.413
2024-01-10 14:00:00+00:00,14.8,76.202965,0.3,15.3,0.413
2024-01-10 15:00:00+00:00,13.6,83.46122,3.8,14.45,0.43
2024-01-10 16:00:00+00:00,13.7,83.75058,5.7,13.9,0.43
2024-01-10 17:00:00+00:00,13.2,89.73193,2.2,13.6,0.427
2024-01-10 18:00:00+00:00,11.85,93.59507,3.8,13.2,0.43
2024-01-10 19:00:00+00:00,12.0,89.341415,0.7,12.85,0.426
2024-01-10 20:00:00+00:00,11.65,92.34683,0.3,12.6,0.425
2024-01-10 21:00:00+00:00,11.25,92.942856,0.4,12.3,0.425
2024-01-10 22:00:00+00:00,11.4,92.332344,1.2,12.2,0.43
2024-01-10 23:00:00+00:00,11.35,92.94822,0.3,12.1,0.425
2024-01-11 00:00:00+00:00,11.15,91.70179,0.3,12.0,0.423
2024-01-11 01:00:00+00:00,12.2,91.15941,0.2,12.8,0.421
2024-01-11 02:00:00+00:00,12.1,91.76101,0.2,12.4,0.42
2024-01-11 03:00:00+00:00,11.65,92.65509,0.4,12.3,0.421
2024-01-11 04:00:00+00:00,10.7,92.291565,1.0,11.95,0.424
2024-01-11 05:00:00+00:00,10.75,91.67666,0.0,11.7,0.42
2024-01-11 06:00:00+00:00,11.15,88.675674,0.0,11.65,0.417
2024-01-11 07:00:00+00:00,12.2,87.586555,0.0,12.25,0.415
2024-01-11 08:00:00+00:00,13.85,80.22602,0.0,13.2,0.413
2024-01-11 09:00:00+00:00,14.85,73.71268,0.0,14.3,0.41
2024-01-11 10:00:00+00:00,15.45,68.590675,0.0,15.3,0.408
2024-01-11 11:00:00+00:00,15.9,65.095436,0.0,16.15,0.406
2024-01-11 12:00:00+00:00,15.9,63.579174,0.1,16.5,0.405
2024-01-11 13:00:00+00:00,15.85,65.74417,0.0,16.75,0.399
2024-01-11 14:00:00+00:00,15.0,69.89478,0.0,16.0,0.398
2024-01-11 15:00:00+00:00,14.0,76.07289,0.0,15.05,0.397
2024-01-11 16:00:00+00:00,12.4,83.59836,0.0,14.2,0.396
2024-01-11 17:00:00+00:00,11.8,85.23093,0.0,13.45,0.396
2024-01-11 18:00:00+00:00,12.55,80.85674,0.0,12.8,0.395
2024-01-11 19:00:00+00:00,11.55,85.779625,0.0,12.2,0.395
2024-01-11 20:00:00+00:00,10.25,93.202225,0.0,11.75,0.394
2024-01-11 21:00:00+00:00,11.0,95.12975,0.0,11.75,0.394
2024-01-11 22:00:00+00:00,12.05,86.40846,0.1,11.95,0.394
2024-01-11 23:00:00+00:00,12.0,89.341415,0.0,12.0,0.393
2024-01-12 00:00:00+00:00,12.3,91.77339,0.0,12.1,0.393
2024-01-12 01:00:00+00:00,13.2,87.38728,0.0,12.55,0.401
2024-01-12 02:00:00+00:00,13.85,79.16309,0.1,12.6,0.4
2024-01-12 03:00:00+00:00,12.35,85.004845,0.0,12.2,0.399
2024-01-12 04:00:00+00:00,12.85,84.493454,0.1,11.55,0.399
2024-01-12 05:00:00+00:00,12.45,86.73716,0.0,11.35,0.398
2024-01-12 06:00:00+00:00,14.15,77.8977,0.1,11.9,0.398
2024-01-12 07:00:00+00:00,14.75,75.18613,0.0,12.75,0.397
2024-01-12 08:00:00+00:00,15.25,71.3623,0.2,13.55,0.397
2024-01-12 09:00:00+00:00,15.6,72.62728,0.3,14.45,0.398
2024-01-12 10:00:00+00:00,15.95,66.87781,0.1,15.25,0.397
2024-01-12 11:00:00+00:00,16.0,59.643673,0.0,15.85,0.395
2024-01-12 12:00:00+00:00,15.45,64.34182,0.0,15.9,0.393
2024-01-12 13:00:00+00:00,16.0,65.11729,0.0,16.25,0.386
2024-01-12 14:00:00+00:00,15.6,70.717,0.0,15.7,0.386
2024-01-12 15:00:00+00:00,14.85,75.45381,0.1,15.05,0.386
2024-01-12 16:00:00+00:00,13.65,84.86344,2.1,14.4,0.409
2024-01-12 17:00:00+00:00,13.2,87.67738,0.7,13.95,0.413
2024-01-12 18:00:00+00:00,12.05,92.98556,0.0,13.3,0.409
2024-01-12 19:00:00+00:00,12.55,85.882904,0.0,13.0,0.405
2024-01-12 20:00:00+00:00,11.55,91.11616,0.0,12.75,0.403
2024-01-12 21:00:00+00:00,11.8,91.43714,0.0,12.4,0.401
2024-01-12 22:00:00+00:00,10.75,92.60477,0.0,12.1,0.399
2024-01-12 23:00:00+00:00,10.85,89.55072,0.0,11.8,0.398
2024-01-13 00:00:00+00:00,10.7,70.732025,0.0,11.35,0.396
2024-01-13 01:00:00+00:00,10.75,61.090042,0.0,11.7,0.38
2024-01-13 02:00:00+00:00,9.9,53.72924,0.0,11.0,0.38
2024-01-13 03:00:00+00:00,9.65,48.128803,0.0,10.65,0.38
2024-01-13 04:00:00+00:00,9.7,43.6026,0.0,10.45,0.379
2024-01-13 05:00:00+00:00,9.45,41.946037,0.0,10.4,0.378
2024-01-13 06:00:00+00:00,9.65,43.58793,0.0,10.45,0.378
2024-01-13 07:00:00+00:00,10.5,45.13898,0.0,10.9,0.377
2024-01-13 08:00:00+00:00,11.8,45.023335,0.0,11.65,0.375
2024-01-13 09:00:00+00:00,12.95,43.128136,0.0,12.5,0.374
2024-01-13 10:00:00+00:00,13.8,40.22002,0.0,13.3,0.372
2024-01-13 11:00:00+00:00,14.2,41.068855,0.0,13.7,0.371
2024-01-13 12:00:00+00:00,14.3,45.739902,0.0,13.95,0.37
2024-01-13 13:00:00+00:00,14.6,54.026962,0.0,13.85,0.369
2024-01-13 14:00:00+00:00,13.85,59.94134,0.0,13.6,0.368
2024-01-13 15:00:00+00:00,13.05,56.707493,0.0,13.1,0.368
2024-01-13 16:00:00+00:00,12.6,50.552967,0.0,12.7,0.368
2024-01-13 17:00:00+00:00,11.0,53.44858,0.0,12.15,0.368
2024-01-13 18:00:00+00:00,10.0,52.797546,0.0,11.55,0.367
2024-01-13 19:00:00+00:00,9.3,54.74093,0.0,11.05,0.367
2024-01-13 20:00:00+00:00,8.85,54.030674,0.0,10.6,0.367
2024-01-13 21:00:00+00:00,8.5,53.351116,0.0,10.3,0.367
2024-01-13 22:00:00+00:00,8.15,53.06193,0.0,10.0,0.366
2024-01-13 23:00:00+00:00,8.0,50.926373,0.0,9.7,0.366
2024-01-14 00:00:00+00:00,7.75,49.01514,0.0,9.5,0.366
2024-01-14 01:00:00+00:00,7.85,46.738914,0.0,10.35,0.367
2024-01-14 02:00:00+00:00,7.55,47.88148,0.0,9.85,0.367
2024-01-14 03:00:00+00:00,7.25,49.236572,0.0,9.45,0.366
2024-01-14 04:00:00+00:00,7.0,49.900932,0.0,9.1,0.366
2024-01-14 05:00:00+00:00,6.8,49.291416,0.0,8.8,0.366
2024-01-14 06:00:00+00:00,7.35,52.071262,0.0,8.85,0.365
2024-01-14 07:00:00+00:00,8.75,48.225185,0.0,9.45,0.365
2024-01-14 08:00:00+00:00,10.4,47.12797,0.0,10.45,0.364
2024-01-14 09:00:00+00:00,11.9,45.379013,0.0,11.6,0.362
2024-01-14 10:00:00+00:00,12.85,43.56784,0.0,12.7,0.361
2024-01-14 11:00:00+00:00,13.25,44.955044,0.0,13.65,0.36
2024-01-14 12:00:00+00:00,13.45,45.986996,0.0,14.25,0.359
2024-01-14 13:00:00+00:00,13.9,45.951527,0.0,14.45,0.36
2024-01-14 14:00:00+00:00,13.95,42.495163,0.0,13.9,0.36
2024-01-14 15:00:00+00:00,13.8,43.68607,0.0,12.45,0.36
2024-01-14 16:00:00+00:00,13.65,43.17604,0.0,11.25,0.36
2024-01-14 17:00:00+00:00,10.35,57.221405,0.0,10.4,0.36
2024-01-14 18:00:00+00:00,11.1,60.74578,0.0,10.3,0.36
2024-01-14 19:00:00+00:00,10.45,61.884937,0.0,10.35,0.36
2024-01-14 20:00:00+00:00,9.95,60.25221,0.0,10.25,0.36
2024-01-14 21:00:00+00:00,9.35,60.104893,0.0,10.05,0.359
2024-01-14 22:00:00+00:00,9.4,58.215233,0.0,9.85,0.359
2024-01-14 23:00:00+00:00,10.3,54.029953,0.0,10.0,0.359
2024-01-15 00:00:00+00:00,9.9,58.550007,0.0,10.0,0.359
2024-01-15 01:00:00+00:00,9.8,62.38944,0.0,10.45,0.362
2024-01-15 02:00:00+00:00,9.1,64.932526,0.0,10.1,0.362
2024-01-15 03:00:00+00:00,8.35,64.53259,0.0,9.85,0.362
2024-01-15 04:00:00+00:00,8.2,64.268524,0.0,9.65,0.362
2024-01-15 05:00:00+00:00,8.15,67.30371,0.0,9.55,0.361
2024-01-15 06:00:00+00:00,7.95,69.69313,0.8,9.5,0.369
2024-01-15 07:00:00+00:00,9.1,75.516464,0.4,9.6,0.373
2024-01-15 08:00:00+00:00,10.15,80.80444,2.6,10.35,0.403
2024-01-15 09:00:00+00:00,11.25,84.59837,0.9,11.2,0.408
2024-01-15 10:00:00+00:00,12.25,85.27916,1.6,12.1,0.416
2024-01-15 11:00:00+00:00,12.6,85.888054,0.6,12.65,0.413
2024-01-15 12:00:00+00:00,13.1,83.68058,0.2,12.95,0.409
2024-01-15 13:00:00+00:00,13.9,80.50057,0.0,13.9,0.404
2024-01-15 14:00:00+00:00,14.0,80.246796,0.0,13.6,0.402
2024-01-15 15:00:00+00:00,13.15,73.41118,1.1,12.95,0.411
2024-01-15 16:00:00+00:00,12.6,80.32156,0.0,12.35,0.408
2024-01-15 17:00:00+00:00,12.85,80.89727,0.1,12.0,0.407
2024-01-15 18:00:00+00:00,11.75,89.92067,0.0,11.7,0.405
2024-01-15 19:00:00+00:00,10.85,92.921364,0.0,11.35,0.403
2024-01-15 20:00:00+00:00,10.4,93.83866,0.6,11.1,0.409
2024-01-15 21:00:00+00:00,11.15,90.78454,0.0,10.95,0.406
2024-01-15 22:00:00+00:00,11.5,91.112816,0.1,10.85,0.405
2024-01-15 23:00:00+00:00,12.5,86.45309,0.0,11.0,0.403
2024-01-16 00:00:00+00:00,13.0,79.039314,0.0,10.95,0.402
2024-01-16 01:00:00+00:00,15.3,69.48639,0.0,12.2,0.392
2024-01-16 02:00:00+00:00,12.25,89.063995,0.7,12.05,0.399
2024-01-16 03:00:00+00:00,13.15,84.80878,0.0,11.8,0.398
2024-01-16 04:00:00+00:00,13.6,86.848045,0.0,11.75,0.397
2024-01-16 05:00:00+00:00,14.9,77.49573,0.0,12.05,0.395
2024-01-16 06:00:00+00:00,15.4,76.0475,0.0,12.4,0.394
2024-01-16 07:00:00+00:00,14.8,79.82707,1.9,12.85,0.415
2024-01-16 08:00:00+00:00,15.25,78.064476,0.9,13.1,0.417
2024-01-16 09:00:00+00:00,15.45,79.13205,0.5,13.65,0.416
2024-01-16 10:00:00+00:00,14.75,82.229996,0.8,14.1,0.418
2024-01-16 11:00:00+00:00,15.5,81.24996,0.0,14.35,0.412
2024-01-16 12:00:00+00:00,16.7,71.39722,0.0,14.9,0.409
2024-01-16 13:00:00+00:00,16.25,70.13859,0.0,15.95,0.4
2024-01-16 14:00:00+00:00,15.75,73.1387,0.0,15.5,0.399
2024-01-16 15:00:00+00:00,14.0,84.063225,0.0,14.8,0.398
2024-01-16 16:00:00+00:00,15.8,71.465614,0.0,14.5,0.397
2024-01-16 17:00:00+00:00,14.8,77.99647,0.0,14.1,0.397
2024-01-16 18:00:00+00:00,14.8,79.82707,0.0,13.65,0.396
2024-01-16 19:00:00+00:00,13.5,84.285545,0.0,13.0,0.395
2024-01-16 20:00:00+00:00,11.95,88.74271,0.0,12.45,0.395
2024-01-16 21:00:00+00:00,14.2,86.33493,0.0,12.55,0.394
2024-01-16 22:00:00+00:00,14.75,84.703835,0.0,12.75,0.394
2024-01-16 23:00:00+00:00,15.7,81.54319,0.0,13.1,0.393
2024-01-17 00:00:00+00:00,16.05,79.21839,0.1,13.4,0.393
2024-01-17 01:00:00+00:00,16.25,70.13859,0.0,14.1,0.395
2024-01-17 02:00:00+00:00,15.55,75.31984,0.1,13.9,0.395
2024-01-17 03:00:00+00:00,14.55,86.938644,0.5,13.85,0.399
2024-01-17 04:00:00+00:00,14.5,91.60847,1.0,13.85,0.409
2024-01-17 05:00:00+00:00,14.25,91.59283,0.8,13.75,0.415
2024-01-17 06:00:00+00:00,14.8,89.5599,0.8,13.8,0.418
2024-01-17 07:00:00+00:00,14.85,92.22842,0.5,13.95,0.418
2024-01-17 08:00:00+00:00,15.25,94.97787,0.3,14.65,0.416
2024-01-17 09:00:00+00:00,15.4,94.06804,0.6,15.05,0.418
2024-01-17 10:00:00+00:00,15.75,87.61955,0.4,15.55,0.417
2024-01-17 11:00:00+00:00,15.2,86.43349,0.9,15.6,0.422
2024-01-17 12:00:00+00:00,14.8,88.39711,0.8,15.25,0.423
2024-01-17 13:00:00+00:00,16.45,75.22112,0.0,15.85,0.409
2024-01-17 14:00:00+00:00,15.75,81.28277,0.1,15.7,0.408
2024-01-17 15:00:00+00:00,13.75,90.96203,0.1,15.0,0.406
2024-01-17 16:00:00+00:00,14.5,85.7986,0.2,14.4,0.406
2024-01-17 17:00:00+00:00,13.95,91.57399,0.3,14.1,0.406
2024-01-17 18:00:00+00:00,13.15,90.62188,0.4,13.4,0.408
2024-01-17 19:00:00+00:00,13.6,91.551926,0.1,13.4,0.407
2024-01-17 20:00:00+00:00,13.65,93.06983,0.1,13.4,0.405
2024-01-17 21:00:00+00:00,13.75,95.23113,0.2,13.5,0.406
2024-01-17 22:00:00+00:00,13.95,93.08546,0.2,13.5,0.406
2024-01-17 23:00:00+00:00,14.25,91.89274,0.5,13.6,0.41
2024-01-18 00:00:00+00:00,13.8,94.30393,0.5,13.6,0.414
2024-01-18 01:00:00+00:00,12.5,88.49352,0.0,13.5,0.41
2024-01-18 02:00:00+00:00,11.85,88.43809,0.0,12.85,0.407
2024-01-18 03:00:00+00:00,11.65,86.07887,0.0,12.4,0.405
2024-01-18 04:00:00+00:00,11.65,83.5096,0.0,12.15,0.403
2024-01-18 05:00:00+00:00,11.9,80.22419,0.0,12.05,0.402
2024-01-18 06:00:00+00:00,12.4,78.41985,0.0,12.15,0.4
2024-01-18 07:00:00+00:00,13.15,80.12873,0.0,12.7,0.399
2024-01-18 08:00:00+00:00,14.4,77.93577,0.0,13.55,0.398
2024-01-18 09:00:00+00:00,15.7,76.34809,0.0,14.5,0.397
2024-01-18 10:00:00+00:00,16.55,75.98335,0.0,15.35,0.395
2024-01-18 11:00:00+00:00,16.8,73.8095,0.1,15.8,0.394
2024-01-18 12:00:00+00:00,16.65,74.761215,0.1,16.0,0.394
2024-01-18 13:00:00+00:00,16.25,81.0828,0.2,15.7,0.414
2024-01-18 14:00:00+00:00,16.2,84.03762,0.1,15.45,0.412
2024-01-18 15:00:00+00:00,16.2,83.76452,0.0,15.05,0.41
2024-01-18 16:00:00+00:00,15.75,83.71261,0.0,14.65,0.408
2024-01-18 17:00:00+00:00,14.5,88.0824,0.0,14.4,0.407
2024-01-18 18:00:00+00:00,14.8,84.70932,0.0,14.15,0.406
2024-01-18 19:00:00+00:00,14.65,81.406586,0.0,13.7,0.405
2024-01-18 20:00:00+00:00,13.7,89.7699,0.0,13.5,0.404
2024-01-18 21:00:00+00:00,13.2,88.846275,0.1,13.25,0.403
2024-01-18 22:00:00+00:00,12.4,93.3125,0.1,13.05,0.403
2024-01-18 23:00:00+00:00,12.3,90.56222,0.0,12.8,0.402
2024-01-19 00:00:00+00:00,11.75,91.73926,0.0,12.55,0.402
2024-01-19 01:00:00+00:00,13.8,83.2083,0.0,13.2,0.403
2024-01-19 02:00:00+00:00,12.05,89.047775,0.0,12.6,0.402
2024-01-19 03:00:00+00:00,12.15,88.46373,0.1,12.25,0.402
2024-01-19 04:00:00+00:00,11.65,89.01519,0.0,12.1,0.401
2024-01-19 05:00:00+00:00,11.05,91.08266,0.0,11.85,0.4
2024-01-19 06:00:00+00:00,12.1,89.34933,0.0,12.05,0.4
2024-01-19 07:00:00+00:00,13.35,89.44757,0.3,12.65,0.401
2024-01-19 08:00:00+00:00,14.85,87.25225,0.2,13.85,0.402
2024-01-19 09:00:00+00:00,16.05,81.056404,0.1,15.2,0.401
2024-01-19 10:00:00+00:00,16.3,80.29837,0.0,15.75,0.4
2024-01-19 11:00:00+00:00,16.35,80.0431,0.0,16.0,0.399
2024-01-19 12:00:00+00:00,16.45,80.05692,0.0,16.6,0.397
2024-01-19 13:00:00+00:00,17.1,77.5782,0.8,16.7,0.4
2024-01-19 14:00:00+00:00,16.95,75.79939,0.6,16.0,0.404
2024-01-19 15:00:00+00:00,17.0,71.21797,0.1,15.4,0.403
2024-01-19 16:00:00+00:00,17.1,72.897446,0.0,15.1,0.402
2024-01-19 17:00:00+00:00,17.1,72.41952,0.0,14.9,0.4
2024-01-19 18:00:00+00:00,17.1,71.47194,0.0,14.85,0.399
2024-01-19 19:00:00+00:00,15.4,87.58806,2.1,14.65,0.421
2024-01-19 20:00:00+00:00,14.8,91.92594,1.4,14.5,0.425
2024-01-19 21:00:00+00:00,14.8,91.627205,0.3,14.3,0.421
2024-01-19 22:00:00+00:00,15.05,89.28764,0.9,14.2,0.426
2024-01-19 23:00:00+00:00,15.05,90.16449,2.5,14.2,0.427
2024-01-20 00:00:00+00:00,14.3,94.63309,3.6,14.2,0.43
2024-01-20 01:00:00+00:00,14.5,91.60847,0.7,14.1,0.424
2024-01-20 02:00:00+00:00,14.85,90.14995,0.1,13.95,0.421
2024-01-20 03:00:00+00:00,15.15,89.58675,0.1,14.0,0.418
2024-01-20 04:00:00+00:00,15.4,87.87384,0.4,13.95,0.42
2024-01-20 05:00:00+00:00,16.2,84.586174,0.1,14.1,0.418
2024-01-20 06:00:00+00:00,16.85,83.02784,0.2,14.4,0.417
2024-01-20 07:00:00+00:00,17.45,82.83149,0.1,15.1,0.415
2024-01-20 08:00:00+00:00,18.15,75.50194,0.1,15.95,0.414
2024-01-20 09:00:00+00:00,18.65,69.91123,0.3,16.8,0.414
2024-01-20 10:00:00+00:00,18.6,70.13025,0.4,17.45,0.414
2024-01-20 11:00:00+00:00,18.5,71.49783,0.3,17.8,0.414
2024-01-20 12:00:00+00:00,18.4,73.12861,0.2,18.0,0.412
2024-01-20 13:00:00+00:00,18.65,73.41074,0.0,18.2,0.409
2024-01-20 14:00:00+00:00,17.6,83.654625,0.0,17.55,0.408
2024-01-20 15:00:00+00:00,17.8,77.18186,0.0,16.6,0.407
2024-01-20 16:00:00+00:00,18.05,74.267426,0.0,15.8,0.406
2024-01-20 17:00:00+00:00,15.35,86.73078,0.1,15.35,0.406
2024-01-20 18:00:00+00:00,16.05,83.20288,0.4,15.2,0.408
2024-01-20 19:00:00+00:00,15.2,87.56999,0.2,15.05,0.408
2024-01-20 20:00:00+00:00,14.8,91.03231,0.2,14.85,0.408
2024-01-20 21:00:00+00:00,14.75,91.92293,1.0,14.65,0.418
2024-01-20 22:00:00+00:00,14.45,93.1114,0.5,14.55,0.421
2024-01-20 23:00:00+00:00,14.35,93.41024,0.3,14.4,0.42
2024-01-21 00:00:00+00:00,14.2,94.01415,0.0,14.25,0.416
2024-01-21 01:00:00+00:00,17.2,76.0884,0.0,15.2,0.402
2024-01-21 02:00:00+00:00,15.05,90.16449,0.0,14.65,0.402
2024-01-21 03:00:00+00:00,14.8,93.12946,0.0,14.5,0.402
2024-01-21 04:00:00+00:00,14.4,92.503586,0.0,14.2,0.401
2024-01-21 05:00:00+00:00,14.35,91.300255,0.0,14.05,0.4
2024-01-21 06:00:00+00:00,14.95,90.74641,0.1,14.25,0.4
2024-01-21 07:00:00+00:00,15.2,92.548294,1.7,14.5,0.421
2024-01-21 08:00:00+00:00,15.6,93.773926,4.0,14.8,0.428
2024-01-21 09:00:00+00:00,15.15,95.58991,2.6,15.0,0.43
2024-01-21 10:00:00+00:00,15.45,94.98544,0.7,15.15,0.426
2024-01-21 11:00:00+00:00,15.95,91.10834,0.6,15.4,0.427
2024-01-21 12:00:00+00:00,15.9,86.78344,0.7,15.35,0.428
2024-01-21 13:00:00+00:00,15.75,89.053276,0.5,15.35,0.416
2024-01-21 14:00:00+00:00,15.15,92.245804,1.1,15.15,0.423
2024-01-21 15:00:00+00:00,14.85,89.856415,0.0,14.8,0.418
2024-01-21 16:00:00+00:00,14.45,90.120804,0.0,14.5,0.415
2024-01-21 17:00:00+00:00,13.6,92.15541,0.0,14.15,0.413
2024-01-21 18:00:00+00:00,13.55,89.46318,0.0,13.75,0.411
2024-01-21 19:00:00+00:00,13.3,90.33388,0.0,13.5,0.409
2024-01-21 20:00:00+00:00,12.9,90.904564,0.0,13.3,0.408
2024-01-21 21:00:00+00:00,12.8,90.89777,0.0,13.1,0.407
2024-01-21 22:00:00+00:00,12.45,91.17595,0.1,12.9,0.407
2024-01-21 23:00:00+00:00,12.35,85.004845,0.0,12.65,0.406
2024-01-22 00:00:00+00:00,13.25,82.865524,0.6,12.55,0.411
2024-01-22 01:00:00+00:00,13.4,93.056755,1.4,13.6,0.423
2024-01-22 02:00:00+00:00,13.5,89.16467,0.0,13.35,0.419
2024-01-22 03:00:00+00:00,13.5,85.411896,0.0,13.05,0.416
2024-01-22 04:00:00+00:00,13.0,88.829796,0.0,12.9,0.414
2024-01-22 05:00:00+00:00,12.75,86.190186,0.0,12.7,0.413
2024-01-22 06:00:00+00:00,13.1,74.402466,0.0,12.6,0.411
2024-01-22 07:00:00+00:00,13.95,68.05377,0.0,13.0,0.41
2024-01-22 08:00:00+00:00,15.25,62.790188,0.0,13.85,0.408
2024-01-22 09:00:00+00:00,16.6,56.825485,0.0,14.75,0.406
2024-01-22 10:00:00+00:00,17.75,53.01799,0.0,15.7,0.404
2024-01-22 11:00:00+00:00,18.15,54.029263,0.0,16.4,0.401
2024-01-22 12:00:00+00:00,18.15,57.021534,0.0,16.75,0.399
2024-01-22 13:00:00+00:00,17.65,69.48789,0.0,16.95,0.393
2024-01-22 14:00:00+00:00,16.85,69.330345,0.0,16.55,0.392
2024-01-22 15:00:00+00:00,15.45,68.36102,0.0,15.85,0.392
2024-01-22 16:00:00+00:00,14.85,58.15529,0.0,15.15,0.391
2024-01-22 17:00:00+00:00,14.7,52.026096,0.0,14.7,0.391
2024-01-22 18:00:00+00:00,14.15,50.621227,0.0,14.3,0.39
2024-01-22 19:00:00+00:00,13.7,52.487595,0.0,14.0,0.39
2024-01-22 20:00:00+00:00,13.3,54.44119,0.1,13.7,0.39
2024-01-22 21:00:00+00:00,12.9,55.686386,0.0,13.35,0.39
2024-01-22 22:00:00+00:00,12.6,56.59234,0.0,13.1,0.389
2024-01-22 23:00:00+00:00,12.25,59.550896,0.2,12.95,0.39
2024-01-23 00:00:00+00:00,11.9,60.514275,0.1,12.65,0.391
2024-01-23 01:00:00+00:00,12.95,75.900665,0.0,14.0,0.382
2024-01-23 02:00:00+00:00,12.5,79.23275,0.2,13.6,0.384
2024-01-23 03:00:00+00:00,11.9,77.28794,1.0,13.0,0.394
2024-01-23 04:00:00+00:00,11.45,78.81087,1.1,12.35,0.405
2024-01-23 05:00:00+00:00,11.0,84.57039,0.9,11.85,0.413
2024-01-23 06:00:00+00:00,10.85,86.873634,2.0,11.65,0.423
2024-01-23 07:00:00+00:00,11.25,82.060425,0.4,11.65,0.419
2024-01-23 08:00:00+00:00,11.7,81.289505,0.0,12.0,0.415
2024-01-23 09:00:00+00:00,12.2,79.99558,0.0,12.35,0.412
2024-01-23 10:00:00+00:00,12.7,78.4649,0.1,12.7,0.41
2024-01-23 11:00:00+00:00,13.4,76.48752,0.2,13.15,0.409
2024-01-23 12:00:00+00:00,14.0,74.808426,0.1,13.65,0.408
2024-01-23 13:00:00+00:00,15.7,71.44688,0.0,15.1,0.377
2024-01-23 14:00:00+00:00,15.4,74.548775,0.0,15.05,0.377
2024-01-23 15:00:00+00:00,12.7,85.32714,0.0,14.3,0.377
2024-01-23 16:00:00+00:00,13.0,68.55651,0.0,13.8,0.377
2024-01-23 17:00:00+00:00,12.25,63.62046,0.0,13.35,0.377
2024-01-23 18:00:00+00:00,11.95,59.477142,0.0,13.0,0.377
2024-01-23 19:00:00+00:00,10.55,64.12358,0.0,12.45,0.377
2024-01-23 20:00:00+00:00,9.65,70.77303,0.0,11.9,0.377
2024-01-23 21:00:00+00:00,9.3,76.07713,0.0,11.45,0.377
2024-01-23 22:00:00+00:00,9.35,78.49566,0.0,11.2,0.377
2024-01-23 23:00:00+00:00,9.35,75.03541,0.0,11.05,0.377
2024-01-24 00:00:00+00:00,9.2,68.00543,0.0,10.9,0.377
2024-01-24 01:00:00+00:00,10.15,70.3791,0.0,11.9,0.376
2024-01-24 02:00:00+00:00,9.5,63.65779,0.0,11.4,0.376
2024-01-24 03:00:00+00:00,8.95,57.6849,0.0,10.95,0.376
2024-01-24 04:00:00+00:00,8.55,53.170864,0.0,10.55,0.376
2024-01-24 05:00:00+00:00,8.35,51.58726,0.0,10.25,0.375
2024-01-24 06:00:00+00:00,8.75,49.118378,0.0,10.25,0.375
2024-01-24 07:00:00+00:00,9.8,46.613823,0.0,10.75,0.374
2024-01-24 08:00:00+00:00,11.15,49.435925,0.0,11.7,0.373
2024-01-24 09:00:00+00:00,12.6,48.09534,0.0,12.75,0.372
2024-01-24 10:00:00+00:00,13.8,42.147858,0.0,13.7,0.37
2024-01-24 11:00:00+00:00,14.45,38.561848,0.0,14.35,0.369
2024-01-24 12:00:00+00:00,14.7,38.496197,0.0,14.7,0.367
2024-01-24 13:00:00+00:00,16.0,47.035744,0.0,15.4,0.365
2024-01-24 14:00:00+00:00,14.9,57.17692,0.0,14.95,0.364
2024-01-24 15:00:00+00:00,13.1,50.86986,0.0,13.95,0.364
2024-01-24 16:00:00+00:00,12.35,38.222214,0.0,13.1,0.364
2024-01-24 17:00:00+00:00,11.55,34.487,0.0,12.5,0.364
2024-01-24 18:00:00+00:00,10.95,34.179684,0.0,11.95,0.363
2024-01-24 19:00:00+00:00,10.25,36.488667,0.0,11.5,0.363
2024-01-24 20:00:00+00:00,9.6,39.26954,0.0,11.05,0.363
2024-01-24 21:00:00+00:00,8.75,43.48451,0.0,10.65,0.363
2024-01-24 22:00:00+00:00,7.95,47.115982,0.0,10.2,0.363
2024-01-24 23:00:00+00:00,7.45,48.56834,0.0,9.85,0.363
2024-01-25 00:00:00+00:00,7.2,47.60321,0.0,9.5,0.363
2024-01-25 01:00:00+00:00,7.4,42.60175,0.0,9.65,0.362
2024-01-25 02:00:00+00:00,7.0,43.128716,0.0,9.25,0.362
2024-01-25 03:00:00+00:00,6.3,46.28778,0.0,8.9,0.361
2024-01-25 04:00:00+00:00,6.05,47.806015,0.0,8.55,0.361
2024-01-25 05:00:00+00:00,5.95,45.66533,0.0,8.3,0.361
2024-01-25 06:00:00+00:00,6.85,52.317993,0.0,8.45,0.361
2024-01-25 07:00:00+00:00,8.6,55.150757,0.0,9.25,0.361
2024-01-25 08:00:00+00:00,11.0,51.38585,0.0,10.5,0.36
2024-01-25 09:00:00+00:00,12.8,47.80944,0.0,11.85,0.359
2024-01-25 10:00:00+00:00,13.85,49.308487,0.0,13.05,0.358
2024-01-25 11:00:00+00:00,14.55,48.470222,0.0,14.0,0.357
2024-01-25 12:00:00+00:00,14.85,49.411617,0.0,14.65,0.356
2024-01-25 13:00:00+00:00,15.15,53.42731,0.0,14.9,0.353
2024-01-25 14:00:00+00:00,14.35,63.660442,0.0,14.45,0.353
2024-01-25 15:00:00+00:00,13.6,66.15235,0.0,13.85,0.353
2024-01-25 16:00:00+00:00,13.1,68.57694,0.0,13.3,0.353
2024-01-25 17:00:00+00:00,12.35,81.64992,1.0,12.9,0.363
2024-01-25 18:00:00+00:00,12.0,92.67453,1.0,12.55,0.375
2024-01-25 19:00:00+00:00,11.85,90.22884,0.7,12.2,0.383
2024-01-25 20:00:00+00:00,11.3,85.177086,0.6,11.8,0.39
2024-01-25 21:00:00+00:00,11.25,89.581894,0.8,11.55,0.398
2024-01-25 22:00:00+00:00,11.45,89.89806,0.1,11.35,0.396
2024-01-25 23:00:00+00:00,11.5,90.20324,0.7,11.35,0.403
2024-01-26 00:00:00+00:00,11.45,88.99885,1.7,11.3,0.419
2024-01-26 01:00:00+00:00,11.3,86.917046,0.6,12.25,0.4
2024-01-26 02:00:00+00:00,10.6,89.22963,1.9,11.65,0.417
2024-01-26 03:00:00+00:00,10.3,85.64896,0.1,11.15,0.41
2024-01-26 04:00:00+00:00,9.6,88.54413,0.7,10.75,0.413
2024-01-26 05:00:00+00:00,8.85,85.4952,3.4,10.2,0.422
2024-01-26 06:00:00+00:00,8.1,84.53246,2.4,9.75,0.423
2024-01-26 07:00:00+00:00,8.2,87.514404,0.8,9.65,0.423
2024-01-26 08:00:00+00:00,8.8,90.00235,1.0,9.7,0.425
2024-01-26 09:00:00+00:00,8.7,87.86194,0.7,9.85,0.423
2024-01-26 10:00:00+00:00,8.7,85.47916,0.7,9.8,0.423
2024-01-26 11:00:00+00:00,8.7,86.663315,0.9,9.75,0.425
2024-01-26 12:00:00+00:00,9.35,77.9543,0.4,9.8,0.422
2024-01-26 13:00:00+00:00,9.8,84.43498,0.6,9.9,0.427
2024-01-26 14:00:00+00:00,9.75,78.82747,0.2,9.75,0.423
2024-01-26 15:00:00+00:00,9.1,76.57452,0.0,9.35,0.421
2024-01-26 16:00:00+00:00,8.35,82.25119,0.0,8.95,0.418
2024-01-26 17:00:00+00:00,8.75,82.30252,0.0,8.8,0.417
2024-01-26 18:00:00+00:00,8.75,83.735664,0.0,8.6,0.415
2024-01-26 19:00:00+00:00,8.45,84.86467,0.0,8.45,0.414
2024-01-26 20:00:00+00:00,8.1,84.53246,0.0,8.3,0.413
2024-01-26 21:00:00+00:00,6.1,89.482086,0.0,8.0,0.412
2024-01-26 22:00:00+00:00,6.05,92.97888,0.0,7.6,0.411
2024-01-26 23:00:00+00:00,6.25,91.38612,0.0,7.5,0.41
2024-01-27 00:00:00+00:00,6.85,87.08355,1.0,7.4,0.42
2024-01-27 01:00:00+00:00,11.15,72.79936,0.0,7.9,0.408
2024-01-27 02:00:00+00:00,8.55,89.983444,0.0,7.7,0.407
2024-01-27 03:00:00+00:00,8.3,83.3929,0.0,7.75,0.407
2024-01-27 04:00:00+00:00,7.05,87.10288,0.0,7.7,0.406
2024-01-27 05:00:00+00:00,7.3,84.147255,0.0,7.55,0.405
2024-01-27 06:00:00+00:00,8.35,81.39956,0.0,7.85,0.405
2024-01-27 07:00:00+00:00,8.95,87.284485,0.0,8.75,0.404
2024-01-27 08:00:00+00:00,10.35,68.48443,0.0,9.9,0.403
2024-01-27 09:00:00+00:00,11.35,60.16922,0.0,11.1,0.402
2024-01-27 10:00:00+00:00,12.25,61.44895,0.0,12.2,0.4
2024-01-27 11:00:00+00:00,12.55,62.596256,0.0,12.85,0.398
2024-01-27 12:00:00+00:00,12.65,57.002884,0.0,13.15,0.397
2024-01-27 13:00:00+00:00,13.25,62.97519,0.0,13.5,0.394
2024-01-27 14:00:00+00:00,12.65,67.089874,0.0,13.05,0.393
2024-01-27 15:00:00+00:00,11.15,72.0513,0.0,11.85,0.393
2024-01-27 16:00:00+00:00,8.1,85.119736,0.0,10.6,0.393
2024-01-27 17:00:00+00:00,9.55,69.283325,0.0,10.0,0.393
2024-01-27 18:00:00+00:00,9.25,55.123817,0.0,9.65,0.392
2024-01-27 19:00:00+00:00,9.15,55.097324,0.0,9.35,0.392
2024-01-27 20:00:00+00:00,9.05,52.53871,0.0,9.2,0.392
2024-01-27 21:00:00+00:00,9.1,49.941807,0.0,9.2,0.391
2024-01-27 22:00:00+00:00,8.85,48.431145,0.0,9.1,0.391
2024-01-27 23:00:00+00:00,8.2,50.60953,0.0,8.85,0.39
2024-01-28 00:00:00+00:00,7.6,54.484695,0.0,8.6,0.39
2024-01-28 01:00:00+00:00,8.15,57.479496,0.0,9.8,0.384
2024-01-28 02:00:00+00:00,9.0,52.525036,0.0,9.5,0.384
2024-01-28 03:00:00+00:00,8.5,55.52525,0.0,9.2,0.384
2024-01-28 04:00:00+00:00,7.95,56.806515,0.0,8.95,0.384
2024-01-28 05:00:00+00:00,7.75,57.58496,0.0,8.65,0.384
2024-01-28 06:00:00+00:00,8.7,57.001133,0.0,8.8,0.384
2024-01-28 07:00:00+00:00,10.3,50.27729,0.0,9.5,0.383
2024-01-28 08:00:00+00:00,11.6,46.453735,0.0,10.45,0.382
2024-01-28 09:00:00+00:00,12.5,41.46613,0.0,11.45,0.38
2024-01-28 10:00:00+00:00,13.2,38.19386,0.0,12.35,0.379
2024-01-28 11:00:00+00:00,13.65,36.552975,0.0,13.05,0.377
2024-01-28 12:00:00+00:00,13.85,36.08114,0.0,13.45,0.376
2024-01-28 13:00:00+00:00,13.85,45.288086,0.0,13.6,0.376
2024-01-28 14:00:00+00:00,12.9,52.642075,0.0,13.1,0.376
2024-01-28 15:00:00+00:00,9.8,72.54998,0.0,12.1,0.376
2024-01-28 16:00:00+00:00,10.65,67.83441,0.0,11.2,0.376
2024-01-28 17:00:00+00:00,10.35,57.83538,0.0,10.75,0.377
2024-01-28 18:00:00+00:00,9.85,48.53799,0.0,10.35,0.377
2024-01-28 19:00:00+00:00,9.7,48.850178,0.0,10.1,0.376
2024-01-28 20:00:00+00:00,9.6,46.72714,0.0,9.9,0.376
2024-01-28 21:00:00+00:00,9.3,45.960003,0.0,9.7,0.376
2024-01-28 22:00:00+00:00,8.85,47.027737,0.0,9.55,0.376
2024-01-28 23:00:00+00:00,8.5,47.800365,0.0,9.4,0.376
2024-01-29 00:00:00+00:00,8.6,47.30331,0.0,9.3,0.376
2024-01-29 01:00:00+00:00,7.7,44.486794,0.0,9.4,0.376
2024-01-29 02:00:00+00:00,7.65,45.310402,0.0,9.05,0.376
2024-01-29 03:00:00+00:00,7.65,44.638634,0.0,8.75,0.376
2024-01-29 04:00:00+00:00,7.55,45.281116,0.0,8.55,0.376
2024-01-29 05:00:00+00:00,7.1,47.39736,0.0,8.35,0.376
2024-01-29 06:00:00+00:00,7.6,48.972443,0.0,8.45,0.375
2024-01-29 07:00:00+00:00,8.75,51.13524,0.0,9.0,0.375
2024-01-29 08:00:00+00:00,10.6,48.573914,0.0,10.0,0.374
2024-01-29 09:00:00+00:00,11.9,44.565876,0.0,11.1,0.373
2024-01-29 10:00:00+00:00,12.55,45.076935,0.0,12.1,0.371
2024-01-29 11:00:00+00:00,12.7,46.76745,0.0,12.7,0.37
2024-01-29 12:00:00+00:00,12.9,47.837616,0.0,13.1,0.369
2024-01-29 13:00:00+00:00,13.5,45.511703,0.0,13.0,0.374
2024-01-29 14:00:00+00:00,12.9,49.92276,0.0,12.55,0.373
2024-01-29 15:00:00+00:00,11.9,56.0161,0.0,12.05,0.373
2024-01-29 16:00:00+00:00,11.75,57.57832,0.1,11.65,0.374
2024-01-29 17:00:00+00:00,10.4,72.41007,0.1,11.2,0.374
2024-01-29 18:00:00+00:00,10.05,78.33152,0.5,10.8,0.379
2024-01-29 19:00:00+00:00,10.05,81.90544,1.0,10.3,0.39
2024-01-29 20:00:00+00:00,9.2,79.84212,1.1,9.8,0.403
2024-01-29 21:00:00+00:00,7.9,76.91503,0.8,9.15,0.408
2024-01-29 22:00:00+00:00,7.95,69.9406,0.4,8.5,0.407
2024-01-29 23:00:00+00:00,7.95,65.60311,0.2,8.1,0.405
2024-01-30 00:00:00+00:00,7.4,72.61177,0.5,7.9,0.406
2024-01-30 01:00:00+00:00,8.65,70.08108,0.3,8.9,0.402
2024-01-30 02:00:00+00:00,8.55,70.30853,0.3,8.5,0.402
2024-01-30 03:00:00+00:00,8.25,68.52998,0.1,8.25,0.401
2024-01-30 04:00:00+00:00,8.3,63.606407,0.0,8.1,0.399
2024-01-30 05:00:00+00:00,8.35,62.490932,0.0,8.1,0.398
2024-01-30 06:00:00+00:00,8.9,61.295002,0.1,8.25,0.397
2024-01-30 07:00:00+00:00,9.7,57.66987,0.0,8.7,0.395
2024-01-30 08:00:00+00:00,10.25,58.22268,0.0,9.25,0.394
2024-01-30 09:00:00+00:00,10.85,55.545074,0.2,9.9,0.394
2024-01-30 10:00:00+00:00,10.95,60.283493,0.4,10.1,0.396
2024-01-30 11:00:00+00:00,10.45,67.55628,0.4,10.1,0.398
2024-01-30 12:00:00+00:00,10.25,68.46373,0.4,10.1,0.4
2024-01-30 13:00:00+00:00,9.6,80.45158,0.3,9.5,0.403
2024-01-30 14:00:00+00:00,9.15,79.55934,0.0,9.3,0.401
2024-01-30 15:00:00+00:00,9.2,78.4729,0.3,9.05,0.402
2024-01-30 16:00:00+00:00,9.25,79.57385,0.4,8.8,0.404
2024-01-30 17:00:00+00:00,9.05,83.19646,0.4,8.7,0.406
2024-01-30 18:00:00+00:00,8.65,84.01324,1.5,8.55,0.42
2024-01-30 19:00:00+00:00,8.25,81.669334,0.8,8.35,0.421
2024-01-30 20:00:00+00:00,7.85,82.47328,0.7,8.05,0.422
2024-01-30 21:00:00+00:00,7.65,82.44777,0.4,7.85,0.419
2024-01-30 22:00:00+00:00,7.85,78.26642,0.6,7.65,0.419
2024-01-30 23:00:00+00:00,8.3,77.790726,0.2,7.6,0.416
2024-01-31 00:00:00+00:00,8.15,79.96887,0.3,7.65,0.415
2024-01-31 01:00:00+00:00,9.3,86.42632,0.5,9.0,0.419
2024-01-31 02:00:00+00:00,9.35,85.84188,0.2,8.85,0.418
2024-01-31 03:00:00+00:00,9.25,85.245155,2.0,8.8,0.426
2024-01-31 04:00:00+00:00,8.65,86.95676,0.3,8.65,0.424
2024-01-31 05:00:00+00:00,8.6,84.00739,0.0,8.45,0.42
2024-01-31 06:00:00+00:00,9.3,82.089745,0.0,8.6,0.418
2024-01-31 07:00:00+00:00,10.05,81.346405,0.4,8.95,0.419
2024-01-31 08:00:00+00:00,10.6,79.22461,0.0,9.45,0.417
2024-01-31 09:00:00+00:00,11.65,73.896225,0.0,10.4,0.415
2024-01-31 10:00:00+00:00,12.6,68.00667,0.0,11.2,0.413
2024-01-31 11:00:00+00:00,13.35,63.215324,0.0,11.95,0.411
2024-01-31 12:00:00+00:00,12.8,64.85403,0.2,12.25,0.411
2024-01-31 13:00:00+00:00,13.4,59.213764,0.0,12.05,0.411
2024-01-31 14:00:00+00:00,12.65,78.72232,0.0,11.9,0.41
2024-01-31 15:00:00+00:00,12.65,65.04448,0.1,11.45,0.41
2024-01-31 16:00:00+00:00,10.5,79.20995,0.0,10.8,0.409
2024-01-31 17:00:00+00:00,10.1,82.192635,0.0,10.2,0.408
2024-01-31 18:00:00+00:00,10.3,83.63266,0.0,10.0,0.408
2024-01-31 19:00:00+00:00,10.2,85.638435,0.1,9.95,0.408
2024-01-31 20:00:00+00:00,9.6,89.45241,0.0,9.8,0.407
2024-01-31 21:00:00+00:00,9.05,89.10387,0.0,9.5,0.406
2024-01-31 22:00:00+00:00,8.55,88.453735,0.0,9.25,0.406
2024-01-31 23:00:00+00:00,8.25,87.82103,0.0,9.0,0.405
2024-02-01 00:00:00+00:00,7.7,87.467636,0.0,8.75,0.404
2024-02-01 01:00:00+00:00,10.55,77.07403,0.0,8.65,0.407
2024-02-01 02:00:00+00:00,8.1,86.60373,0.0,8.25,0.406
2024-02-01 03:00:00+00:00,7.4,86.83471,0.0,8.15,0.405
2024-02-01 04:00:00+00:00,6.85,87.99835,0.0,7.85,0.404
2024-02-01 05:00:00+00:00,7.4,85.93454,0.0,7.7,0.404
2024-02-01 06:00:00+00:00,9.15,82.353645,0.0,8.2,0.403
2024-02-01 07:00:00+00:00,10.45,84.50854,0.0,9.4,0.402
2024-02-01 08:00:00+00:00,11.8,81.028435,0.0,10.85,0.401
2024-02-01 09:00:00+00:00,12.9,72.377,0.0,12.25,0.4
2024-02-01 10:00:00+00:00,13.25,71.70856,0.0,13.5,0.399
2024-02-01 11:00:00+00:00,12.1,75.75995,1.8,13.75,0.415
2024-02-01 12:00:00+00:00,12.25,75.52791,0.0,13.65,0.412
2024-02-01 13:00:00+00:00,13.55,77.02709,0.0,14.25,0.399
2024-02-01 14:00:00+00:00,13.15,74.16003,0.0,13.65,0.398
2024-02-01 15:00:00+00:00,11.05,82.874214,0.0,12.75,0.397
2024-02-01 16:00:00+00:00,9.9,88.56976,2.0,11.6,0.42
2024-02-01 17:00:00+00:00,10.55,81.69121,0.1,11.0,0.416
2024-02-01 18:00:00+00:00,10.45,81.6781,0.1,10.1,0.413
2024-02-01 19:00:00+00:00,7.05,94.00128,0.0,9.35,0.41
2024-02-01 20:00:00+00:00,7.45,92.73469,0.0,8.85,0.408
2024-02-01 21:00:00+00:00,7.65,89.29631,0.0,8.55,0.406
2024-02-01 22:00:00+00:00,7.05,89.2476,0.0,8.2,0.405
2024-02-01 23:00:00+00:00,6.8,88.91743,0.0,7.9,0.404
2024-02-02 00:00:00+00:00,7.0,86.79531,0.0,7.65,0.403
2024-02-02 01:00:00+00:00,7.55,74.45947,0.0,8.0,0.402
2024-02-02 02:00:00+00:00,6.9,72.51788,0.0,7.55,0.401
2024-02-02 03:00:00+00:00,6.6,68.921776,0.0,7.15,0.4
2024-02-02 04:00:00+00:00,6.55,65.999565,0.0,6.85,0.4
2024-02-02 05:00:00+00:00,6.55,63.19732,0.0,6.65,0.399
2024-02-02 06:00:00+00:00,7.5,60.297386,0.0,7.0,0.399
2024-02-02 07:00:00+00:00,8.9,58.50703,0.0,8.0,0.398
2024-02-02 08:00:00+00:00,10.6,53.72434,0.0,9.3,0.397
2024-02-02 09:00:00+00:00,12.05,47.25698,0.0,10.7,0.395
2024-02-02 10:00:00+00:00,12.85,43.254833,0.0,11.95,0.394
2024-02-02 11:00:00+00:00,13.4,40.98288,0.0,12.9,0.392
2024-02-02 12:00:00+00:00,13.6,40.893547,0.0,13.45,0.39
2024-02-02 13:00:00+00:00,14.8,38.38697,0.0,13.9,0.386
2024-02-02 14:00:00+00:00,13.9,58.522423,0.0,13.45,0.386
2024-02-02 15:00:00+00:00,11.2,56.431183,0.0,12.15,0.386
2024-02-02 16:00:00+00:00,12.15,48.660397,0.0,10.8,0.386
2024-02-02 17:00:00+00:00,10.95,54.785896,0.0,9.8,0.386
2024-02-02 18:00:00+00:00,8.55,71.055565,0.0,9.1,0.387
2024-02-02 19:00:00+00:00,8.3,75.11654,0.0,8.65,0.387
2024-02-02 20:00:00+00:00,8.55,71.55749,0.0,8.5,0.387
2024-02-02 21:00:00+00:00,8.35,70.26871,0.0,8.4,0.386
2024-02-02 22:00:00+00:00,7.5,75.24297,0.0,8.15,0.386
2024-02-02 23:00:00+00:00,6.9,77.29647,0.0,7.9,0.386
2024-02-03 00:00:00+00:00,6.25,79.13184,0.0,7.65,0.386
2024-02-03 01:00:00+00:00,7.75,76.62118,0.0,9.1,0.386
2024-02-03 02:00:00+00:00,7.95,76.38555,0.0,8.8,0.386
2024-02-03 03:00:00+00:00,7.5,76.58012,0.0,8.45,0.386
2024-02-03 04:00:00+00:00,7.4,73.38738,0.0,8.15,0.386
2024-02-03 05:00:00+00:00,7.4,69.58139,0.0,8.0,0.386
2024-02-03 06:00:00+00:00,8.45,66.65488,0.0,8.3,0.386
2024-02-03 07:00:00+00:00,10.5,64.33755,0.0,9.25,0.385
2024-02-03 08:00:00+00:00,12.95,64.44236,0.0,10.75,0.385
2024-02-03 09:00:00+00:00,13.6,74.74013,0.0,12.05,0.384
2024-02-03 10:00:00+00:00,14.2,74.842476,0.0,13.1,0.383
2024-02-03 11:00:00+00:00,13.65,77.30158,0.0,13.8,0.382
2024-02-03 12:00:00+00:00,13.9,72.56076,0.0,13.85,0.382
2024-02-03 13:00:00+00:00,12.2,87.29447,1.1,12.7,0.397
2024-02-03 14:00:00+00:00,13.15,80.93768,0.0,12.6,0.396
2024-02-03 15:00:00+00:00,12.8,81.16236,0.0,12.0,0.395
2024-02-03 16:00:00+00:00,12.15,84.98309,0.0,11.4,0.394
2024-02-03 17:00:00+00:00,11.6,84.63745,0.0,11.1,0.394
2024-02-03 18:00:00+00:00,11.25,87.20535,1.4,10.75,0.41
2024-02-03 19:00:00+00:00,12.15,83.008995,0.2,10.65,0.409
2024-02-03 20:00:00+00:00,11.0,89.864006,1.4,10.55,0.422
2024-02-03 21:00:00+00:00,10.3,92.268105,2.3,10.2,0.426
2024-02-03 22:00:00+00:00,11.05,87.48087,0.2,10.05,0.419
2024-02-03 23:00:00+00:00,11.0,89.56243,0.2,10.15,0.417
2024-02-04 00:00:00+00:00,10.05,95.09398,0.2,10.15,0.416
2024-02-04 01:00:00+00:00,10.2,93.19962,0.0,10.0,0.412
2024-02-04 02:00:00+00:00,10.4,91.65459,0.0,9.95,0.41
2024-02-04 03:00:00+00:00,10.3,93.518906,0.2,9.8,0.41
2024-02-04 04:00:00+00:00,10.15,91.94856,0.4,9.65,0.413
2024-02-04 05:00:00+00:00,9.95,93.50153,0.8,9.7,0.421
2024-02-04 06:00:00+00:00,10.95,88.06346,1.2,10.15,0.424
2024-02-04 07:00:00+00:00,11.6,87.82572,0.0,10.9,0.419
2024-02-04 08:00:00+00:00,12.7,84.47666,0.3,11.95,0.418
2024-02-04 09:00:00+00:00,14.0,75.311966,0.0,12.95,0.415
2024-02-04 10:00:00+00:00,14.05,76.59195,0.0,13.8,0.412
2024-02-04 11:00:00+00:00,13.6,81.81189,0.0,14.35,0.41
2024-02-04 12:00:00+00:00,14.3,78.44131,0.1,14.7,0.409
2024-02-04 13:00:00+00:00,14.95,66.66661,0.0,14.7,0.393
2024-02-04 14:00:00+00:00,14.75,67.303215,0.0,14.25,0.392
2024-02-04 15:00:00+00:00,13.9,68.97328,0.0,13.5,0.392
2024-02-04 16:00:00+00:00,12.8,73.09989,0.0,12.65,0.392
2024-02-04 17:00:00+00:00,11.7,79.38485,0.0,11.9,0.392
2024-02-04 18:00:00+00:00,10.75,86.86396,0.1,11.35,0.393
2024-02-04 19:00:00+00:00,13.85,74.53196,0.0,11.0,0.393
2024-02-04 20:00:00+00:00,10.0,88.578285,0.3,10.75,0.395
2024-02-04 21:00:00+00:00,10.65,90.7498,1.1,10.6,0.407
2024-02-04 22:00:00+00:00,11.45,85.193275,0.2,10.55,0.408
2024-02-04 23:00:00+00:00,9.9,93.815,0.5,10.3,0.412
2024-02-05 00:00:00+00:00,10.25,90.41597,0.1,10.3,0.41
2024-02-05 01:00:00+00:00,10.7,93.225525,0.0,11.25,0.406
2024-02-05 02:00:00+00:00,11.05,93.24356,0.0,10.9,0.405
2024-02-05 03:00:00+00:00,11.5,92.030464,0.5,10.9,0.41
2024-02-05 04:00:00+00:00,11.35,89.8905,1.9,10.85,0.428
2024-02-05 05:00:00+00:00,10.6,92.90788,0.6,10.65,0.421
2024-02-05 06:00:00+00:00,11.45,89.2977,0.0,10.85,0.416
2024-02-05 07:00:00+00:00,12.3,88.77185,0.0,11.65,0.413
2024-02-05 08:00:00+00:00,13.55,85.41716,0.0,12.75,0.411
2024-02-05 09:00:00+00:00,15.05,76.75135,0.0,13.9,0.408
2024-02-05 10:00:00+00:00,15.65,75.336494,0.0,15.05,0.406
2024-02-05 11:00:00+00:00,16.0,71.74099,0.0,15.9,0.405
2024-02-05 12:00:00+00:00,15.95,68.69163,0.2,16.25,0.405
2024-02-05 13:00:00+00:00,14.55,82.749725,0.0,16.0,0.398
2024-02-05 14:00:00+00:00,14.3,80.022064,0.0,15.4,0.397
2024-02-05 15:00:00+00:00,12.0,91.45002,0.0,14.4,0.396
2024-02-05 16:00:00+00:00,12.0,85.82624,0.0,13.3,0.396
2024-02-05 17:00:00+00:00,13.9,75.54824,0.0,12.35,0.395
2024-02-05 18:00:00+00:00,11.05,89.867805,0.0,11.75,0.395
2024-02-05 19:00:00+00:00,12.05,89.34537,0.0,11.45,0.394
2024-02-05 20:00:00+00:00,11.05,88.66725,0.0,11.25,0.394
2024-02-05 21:00:00+00:00,11.65,86.07887,0.0,10.75,0.393
2024-02-05 22:00:00+00:00,9.35,92.83989,0.0,10.3,0.393
2024-02-05 23:00:00+00:00,10.45,89.51942,0.0,10.35,0.393
2024-02-06 00:00:00+00:00,9.75,87.06279,0.0,10.2,0.392
2024-02-06 01:00:00+00:00,11.85,78.07153,0.0,10.95,0.393
2024-02-06 02:00:00+00:00,13.7,68.002174,0.0,10.25,0.392
2024-02-06 03:00:00+00:00,9.65,86.46139,0.0,9.8,0.392
2024-02-06 04:00:00+00:00,10.0,87.08671,0.0,9.7,0.392
2024-02-06 05:00:00+00:00,10.25,86.81543,0.0,9.65,0.391
2024-02-06 06:00:00+00:00,13.4,83.43756,0.0,10.5,0.391
2024-02-06 07:00:00+00:00,15.5,84.50903,0.0,12.25,0.391
2024-02-06 08:00:00+00:00,16.7,84.91547,0.0,14.1,0.39
2024-02-06 09:00:00+00:00,17.55,77.14319,0.0,15.65,0.389
2024-02-06 10:00:00+00:00,17.75,65.932144,0.0,16.5,0.388
2024-02-06 11:00:00+00:00,17.4,66.29597,0.0,16.9,0.386
2024-02-06 12:00:00+00:00,17.25,64.95517,0.0,16.95,0.385
2024-02-06 13:00:00+00:00,17.85,66.61091,0.0,17.05,0.382
2024-02-06 14:00:00+00:00,17.45,71.30232,0.0,16.6,0.381
2024-02-06 15:00:00+00:00,16.65,71.86141,0.0,15.7,0.381
2024-02-06 16:00:00+00:00,17.1,75.57606,0.0,15.05,0.381
2024-02-06 17:00:00+00:00,17.25,76.09645,0.0,14.75,0.381
2024-02-06 18:00:00+00:00,17.05,76.313484,0.0,14.55,0.381
2024-02-06 19:00:00+00:00,17.15,75.83195,0.0,14.45,0.381
2024-02-06 20:00:00+00:00,17.4,76.1206,0.0,14.4,0.381
2024-02-06 21:00:00+00:00,16.4,82.97395,0.0,14.25,0.381
2024-02-06 22:00:00+00:00,13.4,92.44713,0.0,13.7,0.381
2024-02-06 23:00:00+00:00,13.3,94.592224,0.0,13.05,0.381
2024-02-07 00:00:00+00:00,10.95,94.17897,0.0,12.45,0.381
2024-02-07 01:00:00+00:00,15.45,85.33631,0.0,14.2,0.384
2024-02-07 02:00:00+00:00,14.65,89.84146,0.0,13.95,0.384
2024-02-07 03:00:00+00:00,14.65,88.38437,0.0,13.75,0.383
2024-02-07 04:00:00+00:00,15.2,85.03113,0.0,13.65,0.383
2024-02-07 05:00:00+00:00,15.6,84.52008,0.0,13.75,0.383
2024-02-07 06:00:00+00:00,16.5,81.38064,0.0,14.15,0.383
2024-02-07 07:00:00+00:00,17.1,79.36823,0.0,14.8,0.382
2024-02-07 08:00:00+00:00,17.1,81.45841,0.2,15.5,0.383
2024-02-07 09:00:00+00:00,17.2,79.900185,0.0,16.35,0.382
2024-02-07 10:00:00+00:00,17.15,78.34838,0.0,17.15,0.381
2024-02-07 11:00:00+00:00,17.25,78.1084,0.0,17.65,0.379
2024-02-07 12:00:00+00:00,17.35,76.61092,0.0,17.9,0.378
2024-02-07 13:00:00+00:00,17.9,68.40253,0.0,17.35,0.373
2024-02-07 14:00:00+00:00,17.2,73.395775,0.0,16.9,0.373
2024-02-07 15:00:00+00:00,16.4,77.9809,0.0,16.25,0.373
2024-02-07 16:00:00+00:00,16.2,76.932755,0.0,15.6,0.373
2024-02-07 17:00:00+00:00,15.8,80.2298,0.0,15.2,0.373
2024-02-07 18:00:00+00:00,15.7,81.27622,0.1,14.85,0.374
2024-02-07 19:00:00+00:00,15.55,82.0605,0.0,14.65,0.374
2024-02-07 20:00:00+00:00,15.3,83.386566,0.0,14.4,0.375
2024-02-07 21:00:00+00:00,15.05,84.73669,0.0,14.2,0.375
2024-02-07 22:00:00+00:00,14.25,88.64082,0.0,13.95,0.375
2024-02-07 23:00:00+00:00,12.9,90.904564,0.0,13.5,0.375
2024-02-08 00:00:00+00:00,12.45,93.00677,0.1,13.15,0.376
2024-02-08 01:00:00+00:00,15.75,77.88267,0.1,13.85,0.373
2024-02-08 02:00:00+00:00,15.5,78.61919,0.1,13.7,0.375
2024-02-08 03:00:00+00:00,15.6,77.6034,0.1,13.6,0.376
2024-02-08 04:00:00+00:00,14.9,81.17095,0.0,13.45,0.376
2024-02-08 05:00:00+00:00,14.15,88.92407,0.1,13.4,0.377
2024-02-08 06:00:00+00:00,14.35,91.300255,0.5,13.7,0.383
2024-02-08 07:00:00+00:00,14.7,87.81183,0.1,14.25,0.384
2024-02-08 08:00:00+00:00,15.6,83.9694,0.1,15.3,0.384
2024-02-08 09:00:00+00:00,16.3,77.965836,0.1,16.35,0.384
2024-02-08 10:00:00+00:00,16.6,76.74332,0.2,17.25,0.384
2024-02-08 11:00:00+00:00,16.8,75.77495,0.1,17.9,0.384
2024-02-08 12:00:00+00:00,16.75,74.77808,0.0,18.2,0.382
2024-02-08 13:00:00+00:00,17.35,69.65842,0.0,18.1,0.371
2024-02-08 14:00:00+00:00,16.9,71.43462,0.0,17.55,0.371
2024-02-08 15:00:00+00:00,16.7,70.92655,0.0,16.65,0.371
2024-02-08 16:00:00+00:00,16.4,71.815186,0.0,15.6,0.371
2024-02-08 17:00:00+00:00,13.1,87.37805,0.0,14.7,0.371
2024-02-08 18:00:00+00:00,13.4,85.96986,0.0,14.2,0.371
2024-02-08 19:00:00+00:00,12.95,86.785545,0.0,13.8,0.371
2024-02-08 20:00:00+00:00,13.0,87.07916,0.0,13.6,0.371
2024-02-08 21:00:00+00:00,12.25,91.16271,0.0,13.35,0.371
2024-02-08 22:00:00+00:00,12.05,91.45322,0.0,13.15,0.371
2024-02-08 23:00:00+00:00,12.0,89.93945,0.0,12.95,0.371
2024-02-09 00:00:00+00:00,11.8,89.62454,0.0,12.75,0.371
2024-02-09 01:00:00+00:00,12.1,90.54808,0.0,13.3,0.369
2024-02-09 02:00:00+00:00,12.1,87.28513,0.0,13.0,0.369
2024-02-09 03:00:00+00:00,11.7,85.79518,0.0,12.7,0.369
2024-02-09 04:00:00+00:00,11.1,86.89778,0.0,12.4,0.369
2024-02-09 05:00:00+00:00,10.75,87.15808,0.0,12.15,0.369
2024-02-09 06:00:00+00:00,11.8,83.80922,0.0,12.4,0.368
2024-02-09 07:00:00+00:00,13.4,79.36298,0.0,13.2,0.368
2024-02-09 08:00:00+00:00,15.5,74.56585,0.0,14.45,0.367
2024-02-09 09:00:00+00:00,17.25,68.271225,0.0,15.75,0.366
2024-02-09 10:00:00+00:00,18.05,63.425373,0.0,16.8,0.365
2024-02-09 11:00:00+00:00,18.3,61.409184,0.0,17.75,0.364
2024-02-09 12:00:00+00:00,17.05,66.44232,0.4,17.65,0.367
2024-02-09 13:00:00+00:00,15.0,79.855125,0.0,17.3,0.354
2024-02-09 14:00:00+00:00,14.8,79.82707,0.0,16.5,0.354
2024-02-09 15:00:00+00:00,13.95,85.45925,0.0,15.65,0.355
2024-02-09 16:00:00+00:00,12.95,89.712875,0.0,14.75,0.356
2024-02-09 17:00:00+00:00,12.6,89.984314,0.0,14.1,0.356
2024-02-09 18:00:00+00:00,12.15,90.8534,0.1,13.6,0.357
2024-02-09 19:00:00+00:00,12.3,88.47651,0.0,13.35,0.358
2024-02-09 20:00:00+00:00,11.7,91.12616,0.0,12.95,0.358
2024-02-09 21:00:00+00:00,11.45,91.10947,0.0,12.65,0.358
2024-02-09 22:00:00+00:00,11.3,91.09943,1.6,12.3,0.378
2024-02-09 23:00:00+00:00,11.75,89.62068,0.1,12.2,0.378
2024-02-10 00:00:00+00:00,11.45,92.33524,0.3,11.95,0.381
2024-02-10 01:00:00+00:00,12.1,92.68006,0.0,13.45,0.385
2024-02-10 02:00:00+00:00,10.85,95.12413,0.0,12.75,0.385
2024-02-10 03:00:00+00:00,11.5,91.41779,0.0,12.25,0.384
2024-02-10 04:00:00+00:00,11.35,89.8905,0.1,12.0,0.384
2024-02-10 05:00:00+00:00,11.7,87.54077,0.0,11.85,0.384
2024-02-10 06:00:00+00:00,12.5,87.03179,0.0,12.15,0.383
2024-02-10 07:00:00+00:00,13.65,87.14037,0.0,13.1,0.382
2024-02-10 08:00:00+00:00,14.9,80.37073,0.0,14.2,0.381
2024-02-10 09:00:00+00:00,16.4,69.93505,0.0,15.5,0.38
2024-02-10 10:00:00+00:00,17.15,62.80139,0.0,16.65,0.378
2024-02-10 11:00:00+00:00,17.5,60.004128,0.0,17.45,0.376
2024-02-10 12:00:00+00:00,17.65,58.253475,0.0,17.9,0.375
2024-02-10 13:00:00+00:00,18.5,51.44423,0.0,18.05,0.373
2024-02-10 14:00:00+00:00,18.05,60.135265,0.0,17.6,0.372
2024-02-10 15:00:00+00:00,18.0,52.190502,0.0,16.6,0.372
2024-02-10 16:00:00+00:00,17.35,54.557747,0.0,15.2,0.372
2024-02-10 17:00:00+00:00,15.7,62.04774,0.0,14.15,0.372
2024-02-10 18:00:00+00:00,11.8,83.24643,0.0,13.4,0.371
2024-02-10 19:00:00+00:00,11.7,85.22019,0.0,12.9,0.371
2024-02-10 20:00:00+00:00,11.95,83.54519,0.0,12.65,0.371
2024-02-10 21:00:00+00:00,11.5,84.34141,0.0,12.45,0.371
2024-02-10 22:00:00+00:00,11.15,85.44902,0.0,12.15,0.371
2024-02-10 23:00:00+00:00,10.8,85.99196,0.0,11.9,0.371
2024-02-11 00:00:00+00:00,10.25,87.406586,0.0,11.65,0.371
2024-02-11 01:00:00+00:00,11.15,87.785194,0.0,12.65,0.371
2024-02-11 02:00:00+00:00,11.3,82.90499,0.0,12.35,0.371
2024-02-11 03:00:00+00:00,11.25,79.049904,0.0,12.1,0.371
2024-02-11 04:00:00+00:00,10.85,79.261185,0.0,11.85,0.371
2024-02-11 05:00:00+00:00,10.6,79.76841,0.0,11.65,0.371
2024-02-11 06:00:00+00:00,11.9,77.02577,0.0,12.0,0.37
2024-02-11 07:00:00+00:00,13.65,73.74854,0.0,13.0,0.37
2024-02-11 08:00:00+00:00,15.6,70.717,0.0,14.4,0.369
2024-02-11 09:00:00+00:00,16.95,70.50658,0.0,15.9,0.367
2024-02-11 10:00:00+00:00,17.65,68.12693,0.0,17.25,0.366
2024-02-11 11:00:00+00:00,18.0,65.55058,0.0,18.1,0.365
2024-02-11 12:00:00+00:00,18.15,63.658493,0.0,18.45,0.363
2024-02-11 13:00:00+00:00,18.45,67.176865,0.0,18.45,0.363
2024-02-11 14:00:00+00:00,17.45,75.6334,0.0,17.85,0.363
2024-02-11 15:00:00+00:00,16.15,82.67383,0.0,16.9,0.363
2024-02-11 16:00:00+00:00,15.2,85.87012,0.0,15.9,0.363
2024-02-11 17:00:00+00:00,13.75,89.18464,0.0,15.1,0.363
2024-02-11 18:00:00+00:00,13.3,89.14866,0.0,14.45,0.363
2024-02-11 19:00:00+00:00,12.85,89.1125,0.0,13.9,0.363
2024-02-11 20:00:00+00:00,12.45,91.17595,0.0,13.55,0.363
2024-02-11 21:00:00+00:00,12.25,89.65924,0.0,13.2,0.363
2024-02-11 22:00:00+00:00,11.75,88.429535,0.0,12.85,0.364
2024-02-11 23:00:00+00:00,11.5,88.70508,0.0,12.6,0.364
2024-02-12 00:00:00+00:00,11.7,87.24767,0.0,12.45,0.364
2024-02-12 01:00:00+00:00,12.8,85.337776,0.0,13.05,0.364
2024-02-12 02:00:00+00:00,12.3,85.85719,0.0,12.8,0.364
2024-02-12 03:00:00+00:00,12.0,83.83256,0.0,12.6,0.364
2024-02-12 04:00:00+00:00,12.3,77.87622,0.0,12.4,0.364
2024-02-12 05:00:00+00:00,12.8,72.112885,0.0,12.4,0.364
2024-02-12 06:00:00+00:00,13.55,70.79933,0.0,12.7,0.363
2024-02-12 07:00:00+00:00,15.0,72.27615,0.0,13.6,0.363
2024-02-12 08:00:00+00:00,17.0,67.097626,0.0,14.8,0.362
2024-02-12 09:00:00+00:00,18.4,60.62072,0.0,16.05,0.36
2024-02-12 10:00:00+00:00,19.0,58.388584,0.0,17.05,0.359
2024-02-12 11:00:00+00:00,19.15,57.461197,0.0,17.6,0.357
2024-02-12 12:00:00+00:00,19.1,57.448837,0.0,17.75,0.356
2024-02-12 13:00:00+00:00,19.45,57.15398,0.0,18.1,0.356
2024-02-12 14:00:00+00:00,18.7,64.41526,0.0,17.7,0.355
2024-02-12 15:00:00+00:00,17.1,69.15059,0.0,16.9,0.355
2024-02-12 16:00:00+00:00,16.05,70.333496,0.0,16.1,0.355
2024-02-12 17:00:00+00:00,15.45,70.21731,0.0,15.45,0.355
2024-02-12 18:00:00+00:00,14.8,71.99782,0.0,15.0,0.355
2024-02-12 19:00:00+00:00,14.35,72.39929,0.0,14.55,0.356
2024-02-12 20:00:00+00:00,14.65,70.29755,0.0,14.35,0.356
2024-02-12 21:00:00+00:00,14.25,68.11555,0.0,14.15,0.356
2024-02-12 22:00:00+00:00,13.85,68.72962,0.0,13.95,0.356
2024-02-12 23:00:00+00:00,13.75,68.47636,0.0,13.8,0.356
2024-02-13 00:00:00+00:00,13.95,66.22772,0.0,13.7,0.356
2024-02-13 01:00:00+00:00,14.05,66.92853,0.0,14.75,0.356
2024-02-13 02:00:00+00:00,13.95,66.90736,0.0,14.25,0.356
2024-02-13 03:00:00+00:00,14.45,65.66304,0.0,14.05,0.356
2024-02-13 04:00:00+00:00,14.15,64.05109,0.0,13.9,0.356
2024-02-13 05:00:00+00:00,14.25,63.637794,0.0,13.85,0.355
2024-02-13 06:00:00+00:00,15.0,65.11799,0.0,13.95,0.355
2024-02-13 07:00:00+00:00,16.1,68.037125,0.0,14.3,0.355
2024-02-13 08:00:00+00:00,16.8,70.24501,0.0,14.8,0.355
2024-02-13 09:00:00+00:00,16.95,72.154175,0.4,15.15,0.358
2024-02-13 10:00:00+00:00,16.8,74.541214,0.3,15.25,0.36
2024-02-13 11:00:00+00:00,16.9,73.34288,0.0,15.4,0.361
2024-02-13 12:00:00+00:00,16.95,73.59329,0.2,15.55,0.361
2024-02-13 13:00:00+00:00,19.1,72.54368,0.0,17.05,0.345
2024-02-13 14:00:00+00:00,18.1,72.83746,0.0,16.8,0.346
2024-02-13 15:00:00+00:00,17.25,71.030556,0.0,16.35,0.346
2024-02-13 16:00:00+00:00,16.25,72.02569,0.0,15.95,0.346
2024-02-13 17:00:00+00:00,14.75,76.95923,0.0,15.55,0.347
2024-02-13 18:00:00+00:00,14.4,77.67668,0.0,15.15,0.347
2024-02-13 19:00:00+00:00,14.0,80.51423,0.6,14.8,0.352
2024-02-13 20:00:00+00:00,13.9,82.122826,0.4,14.25,0.356
2024-02-13 21:00:00+00:00,13.5,88.870926,0.5,13.85,0.361
2024-02-13 22:00:00+00:00,13.4,89.451485,0.2,13.6,0.363
2024-02-13 23:00:00+00:00,13.65,89.176674,0.3,13.45,0.367
2024-02-14 00:00:00+00:00,13.7,87.433334,0.1,13.35,0.367
2024-02-14 01:00:00+00:00,13.9,76.31186,0.0,15.75,0.34
2024-02-14 02:00:00+00:00,14.35,72.64288,0.0,15.15,0.34
2024-02-14 03:00:00+00:00,13.7,75.26163,0.0,14.65,0.341
2024-02-14 04:00:00+00:00,13.25,76.46331,0.0,14.15,0.342
2024-02-14 05:00:00+00:00,13.35,76.47945,0.0,13.9,0.343
2024-02-14 06:00:00+00:00,14.1,79.1993,0.3,14.0,0.346
2024-02-14 07:00:00+00:00,15.15,82.551125,1.1,14.15,0.357
2024-02-14 08:00:00+00:00,15.2,82.828995,1.3,14.3,0.373
2024-02-14 09:00:00+00:00,14.95,84.44804,1.2,14.25,0.386
2024-02-14 10:00:00+00:00,15.55,83.68946,0.3,14.7,0.387
2024-02-14 11:00:00+00:00,15.3,82.56962,2.6,15.0,0.414
2024-02-14 12:00:00+00:00,14.55,85.52205,2.3,15.05,0.43
2024-02-14 13:00:00+00:00,15.9,72.44077,1.4,15.95,0.419
2024-02-14 14:00:00+00:00,14.55,80.85652,1.7,15.25,0.42
2024-02-14 15:00:00+00:00,13.85,83.768,0.7,14.55,0.421
2024-02-14 16:00:00+00:00,13.95,86.88154,0.1,14.1,0.416
2024-02-14 17:00:00+00:00,13.3,89.73955,1.7,13.7,0.422
2024-02-14 18:00:00+00:00,13.5,86.551476,0.1,13.35,0.418
2024-02-14 19:00:00+00:00,12.95,89.12054,0.9,13.15,0.423
2024-02-14 20:00:00+00:00,13.05,90.01776,0.1,13.0,0.419
2024-02-14 21:00:00+00:00,12.25,91.46606,3.0,12.55,0.427
2024-02-14 22:00:00+00:00,12.65,90.287,0.2,12.4,0.422
2024-02-14 23:00:00+00:00,12.85,88.5232,0.1,12.4,0.42
2024-02-15 00:00:00+00:00,12.75,87.05551,0.0,12.25,0.417
2024-02-15 01:00:00+00:00,11.75,94.84238,1.1,12.35,0.43
2024-02-15 02:00:00+00:00,13.45,87.12159,0.5,12.5,0.425
2024-02-15 03:00:00+00:00,13.65,85.42772,0.0,12.45,0.422
2024-02-15 04:00:00+00:00,13.85,82.11648,0.0,12.55,0.421
2024-02-15 05:00:00+00:00,14.3,81.63082,0.0,12.6,0.419
2024-02-15 06:00:00+00:00,14.25,81.8953,0.6,13.05,0.423
2024-02-15 07:00:00+00:00,14.8,81.695435,1.2,13.7,0.426
2024-02-15 08:00:00+00:00,14.9,81.978195,1.3,14.3,0.425
2024-02-15 09:00:00+00:00,14.55,81.3935,1.1,15.05,0.43
2024-02-15 10:00:00+00:00,14.55,80.85652,1.7,14.95,0.427
2024-02-15 11:00:00+00:00,15.45,79.6553,0.1,15.9,0.424
2024-02-15 12:00:00+00:00,15.7,78.132195,0.1,16.6,0.421
2024-02-15 13:00:00+00:00,13.2,82.03385,0.2,16.1,0.414
2024-02-15 14:00:00+00:00,13.8,81.0248,0.1,15.5,0.414
2024-02-15 15:00:00+00:00,13.6,84.29682,0.0,14.75,0.413
2024-02-15 16:00:00+00:00,12.65,91.18916,0.0,13.95,0.412
2024-02-15 17:00:00+00:00,12.25,91.770294,0.0,13.35,0.412
2024-02-15 18:00:00+00:00,11.2,96.09276,0.0,12.9,0.411
2024-02-15 19:00:00+00:00,11.95,94.536316,0.1,12.7,0.411
2024-02-15 20:00:00+00:00,11.65,92.65509,0.0,12.5,0.41
2024-02-15 21:00:00+00:00,11.45,88.700874,0.0,12.25,0.409
2024-02-15 22:00:00+00:00,11.05,88.66725,0.0,12.0,0.409
2024-02-15 23:00:00+00:00,10.55,91.048996,0.0,11.75,0.408
2024-02-16 00:00:00+00:00,10.35,91.65143,0.0,11.55,0.407
2024-02-16 01:00:00+00:00,11.5,90.50554,0.0,13.0,0.399
2024-02-16 02:00:00+00:00,11.05,92.312,1.7,12.45,0.421
2024-02-16 03:00:00+00:00,11.2,90.181206,0.0,12.05,0.417
2024-02-16 04:00:00+00:00,11.0,90.77414,0.4,11.75,0.419
2024-02-16 05:00:00+00:00,11.1,90.17385,3.6,11.65,0.426
2024-02-16 06:00:00+00:00,11.6,88.71344,0.0,11.85,0.421
2024-02-16 07:00:00+00:00,12.45,85.58614,0.1,12.4,0.419
2024-02-16 08:00:00+00:00,13.6,80.72836,0.0,13.25,0.417
2024-02-16 09:00:00+00:00,15.0,74.23246,0.0,14.45,0.415
2024-02-16 10:00:00+00:00,15.85,70.529465,0.0,15.6,0.413
2024-02-16 11:00:00+00:00,16.45,68.56364,0.0,16.55,0.411
2024-02-16 12:00:00+00:00,16.55,67.45182,0.1,17.2,0.409
2024-02-16 13:00:00+00:00,14.85,78.00402,0.0,16.25,0.393
2024-02-16 14:00:00+00:00,14.75,79.29302,0.0,15.9,0.393
2024-02-16 15:00:00+00:00,13.5,88.285995,0.0,15.2,0.393
2024-02-16 16:00:00+00:00,11.5,92.95625,0.0,14.1,0.393
2024-02-16 17:00:00+00:00,11.45,93.8879,0.0,13.4,0.393
2024-02-16 18:00:00+00:00,11.35,95.14283,0.0,12.9,0.393
2024-02-16 19:00:00+00:00,11.85,95.794395,0.0,12.65,0.393
2024-02-16 20:00:00+00:00,11.7,94.8404,2.6,12.5,0.424
2024-02-16 21:00:00+00:00,11.95,93.59994,2.0,12.35,0.425
2024-02-16 22:00:00+00:00,12.2,94.54674,0.2,12.35,0.42
2024-02-16 23:00:00+00:00,12.3,92.078415,0.1,12.2,0.418
2024-02-17 00:00:00+00:00,12.85,89.40843,0.1,12.3,0.416
2024-02-17 01:00:00+00:00,12.35,94.24085,0.2,13.2,0.407
2024-02-17 02:00:00+00:00,12.0,94.53839,0.1,12.7,0.407
2024-02-17 03:00:00+00:00,11.55,93.89256,0.0,12.2,0.406
2024-02-17 04:00:00+00:00,11.3,94.194534,0.0,11.9,0.405
2024-02-17 05:00:00+00:00,11.4,92.9509,0.0,11.65,0.404
2024-02-17 06:00:00+00:00,12.15,91.459656,0.0,12.1,0.403
2024-02-17 07:00:00+00:00,13.0,88.829796,0.0,12.9,0.402
2024-02-17 08:00:00+00:00,14.4,81.64378,0.0,14.05,0.401
2024-02-17 09:00:00+00:00,15.6,74.08971,0.0,15.55,0.399
2024-02-17 10:00:00+00:00,16.1,68.95141,0.1,16.65,0.398
2024-02-17 11:00:00+00:00,16.15,69.88628,0.0,17.25,0.397
2024-02-17 12:00:00+00:00,15.95,69.84717,0.0,17.35,0.395
2024-02-17 13:00:00+00:00,15.9,78.41974,0.0,17.3,0.389
2024-02-17 14:00:00+00:00,15.85,77.641685,0.0,16.9,0.389
2024-02-17 15:00:00+00:00,14.35,85.50115,0.0,16.0,0.389
2024-02-17 16:00:00+00:00,12.35,93.30997,3.0,14.85,0.423
2024-02-17 17:00:00+00:00,13.25,87.102745,0.2,14.1,0.418
2024-02-17 18:00:00+00:00,13.5,87.70444,0.0,13.55,0.414
2024-02-17 19:00:00+00:00,13.85,84.60469,0.0,13.35,0.411
2024-02-17 20:00:00+00:00,13.85,84.04608,0.0,13.05,0.409
2024-02-17 21:00:00+00:00,13.5,86.265335,0.0,12.4,0.407
2024-02-17 22:00:00+00:00,11.55,92.95892,0.2,12.0,0.408
2024-02-17 23:00:00+00:00,12.2,93.61209,2.1,12.15,0.424
2024-02-18 00:00:00+00:00,11.9,91.139465,0.0,11.8,0.418
2024-02-18 01:00:00+00:00,13.9,84.05183,0.0,13.35,0.411
2024-02-18 02:00:00+00:00,14.0,83.232216,0.0,13.25,0.41
2024-02-18 03:00:00+00:00,11.75,93.90188,0.5,13.0,0.413
2024-02-18 04:00:00+00:00,11.55,94.83448,2.8,12.8,0.424
2024-02-18 05:00:00+00:00,11.9,94.53422,0.0,12.55,0.419
2024-02-18 06:00:00+00:00,13.35,87.40112,0.0,12.9,0.417
2024-02-18 07:00:00+00:00,13.95,82.12916,0.0,13.6,0.414
2024-02-18 08:00:00+00:00,14.6,78.74703,0.0,14.45,0.412
2024-02-18 09:00:00+00:00,15.25,75.02018,0.0,15.35,0.41
2024-02-18 10:00:00+00:00,15.2,73.52883,0.0,16.15,0.409
2024-02-18 11:00:00+00:00,15.4,74.548775,0.1,16.8,0.407
2024-02-18 12:00:00+00:00,15.85,73.88781,0.0,17.15,0.405
2024-02-18 13:00:00+00:00,15.6,73.355286,0.1,16.95,0.392
2024-02-18 14:00:00+00:00,15.55,74.32736,0.0,16.55,0.392
2024-02-18 15:00:00+00:00,14.95,74.47167,0.0,15.75,0.392
2024-02-18 16:00:00+00:00,12.85,84.77583,0.0,14.65,0.392
2024-02-18 17:00:00+00:00,12.05,89.34537,2.7,13.8,0.419
2024-02-18 18:00:00+00:00,12.4,88.78015,0.0,13.25,0.415
2024-02-18 19:00:00+00:00,10.95,91.997246,0.6,12.7,0.419
2024-02-18 20:00:00+00:00,12.0,94.85223,1.2,12.65,0.425
2024-02-18 21:00:00+00:00,12.2,88.467995,0.7,12.5,0.423
2024-02-18 22:00:00+00:00,11.85,93.284546,0.6,12.4,0.424
2024-02-18 23:00:00+00:00,10.75,94.48588,1.1,12.2,0.428
2024-02-19 00:00:00+00:00,10.95,93.55101,0.9,11.95,0.427
2024-02-19 01:00:00+00:00,11.5,95.78307,0.5,13.15,0.415
2024-02-19 02:00:00+00:00,11.7,91.4307,0.1,12.7,0.413
2024-02-19 03:00:00+00:00,11.2,90.787994,0.0,12.25,0.411
2024-02-19 04:00:00+00:00,11.3,87.21007,0.0,11.95,0.409
2024-02-19 05:00:00+00:00,11.4,84.901085,0.1,11.75,0.409
2024-02-19 06:00:00+00:00,11.75,86.08906,0.1,11.85,0.408
2024-02-19 07:00:00+00:00,12.95,83.38412,0.0,12.6,0.407
2024-02-19 08:00:00+00:00,14.15,76.35229,0.0,13.7,0.406
2024-02-19 09:00:00+00:00,14.9,72.74282,0.0,14.9,0.404
2024-02-19 10:00:00+00:00,15.0,68.73026,0.1,15.7,0.402
2024-02-19 11:00:00+00:00,15.0,67.5829,0.0,16.3,0.4
2024-02-19 12:00:00+00:00,15.2,66.944786,0.0,16.7,0.398
2024-02-19 13:00:00+00:00,15.8,71.228134,0.0,16.85,0.407
2024-02-19 14:00:00+00:00,15.9,69.8374,0.0,16.6,0.407
2024-02-19 15:00:00+00:00,14.55,78.73968,0.0,15.8,0.407
2024-02-19 16:00:00+00:00,13.95,79.70718,0.0,14.8,0.406
2024-02-19 17:00:00+00:00,12.3,83.3065,0.0,13.9,0.406
2024-02-19 18:00:00+00:00,13.15,79.59341,0.0,13.1,0.406
2024-02-19 19:00:00+00:00,14.8,71.516815,0.0,12.55,0.406
2024-02-19 20:00:00+00:00,13.1,74.907074,0.0,12.0,0.405
2024-02-19 21:00:00+00:00,12.4,90.87051,0.0,12.0,0.405
2024-02-19 22:00:00+00:00,10.5,94.475296,0.0,11.95,0.405
2024-02-19 23:00:00+00:00,11.45,93.26411,0.0,11.75,0.404
2024-02-20 00:00:00+00:00,10.55,93.217766,0.0,11.6,0.404
2024-02-20 01:00:00+00:00,12.85,89.1125,0.0,12.55,0.395
2024-02-20 02:00:00+00:00,11.9,86.974594,0.0,12.2,0.396
2024-02-20 03:00:00+00:00,9.95,92.247505,0.0,11.4,0.396
2024-02-20 04:00:00+00:00,10.65,91.979034,0.0,11.2,0.396
2024-02-20 05:00:00+00:00,11.4,89.89428,0.0,11.2,0.396
2024-02-20 06:00:00+00:00,12.55,88.792595,0.0,11.8,0.396
2024-02-20 07:00:00+00:00,14.0,84.621284,0.0,12.95,0.396
2024-02-20 08:00:00+00:00,15.15,78.56753,0.0,14.45,0.396
2024-02-20 09:00:00+00:00,15.8,73.63457,0.0,15.7,0.395
2024-02-20 10:00:00+00:00,16.15,70.58708,0.0,16.6,0.393
2024-02-20 11:00:00+00:00,16.15,70.822044,0.0,17.2,0.392
2024-02-20 12:00:00+00:00,16.2,69.66386,0.0,17.5,0.391
2024-02-20 13:00:00+00:00,16.6,57.407467,0.0,17.25,0.393
2024-02-20 14:00:00+00:00,16.4,57.55283,0.0,16.75,0.392
2024-02-20 15:00:00+00:00,14.9,70.81977,0.0,15.95,0.392
2024-02-20 16:00:00+00:00,16.45,52.855686,0.0,14.55,0.392
2024-02-20 17:00:00+00:00,16.2,52.24742,0.0,13.55,0.392
2024-02-20 18:00:00+00:00,13.85,65.75629,0.0,12.75,0.392
2024-02-20 19:00:00+00:00,10.5,86.54598,0.0,12.15,0.392
2024-02-20 20:00:00+00:00,10.25,89.201416,0.0,11.8,0.392
2024-02-20 21:00:00+00:00,10.45,87.1296,0.0,11.6,0.392
2024-02-20 22:00:00+00:00,10.8,81.44616,0.0,11.4,0.392
2024-02-20 23:00:00+00:00,11.05,78.48303,0.0,11.4,0.392
2024-02-21 00:00:00+00:00,10.75,79.51779,0.0,11.35,0.391
2024-02-21 01:00:00+00:00,10.4,80.01322,0.0,12.6,0.391
2024-02-21 02:00:00+00:00,10.5,78.93911,0.0,12.15,0.391
2024-02-21 03:00:00+00:00,10.6,79.76841,0.0,11.85,0.39
2024-02-21 04:00:00+00:00,10.1,83.03983,0.0,11.55,0.39
2024-02-21 05:00:00+00:00,10.45,85.664734,0.0,11.35,0.39
2024-02-21 06:00:00+00:00,12.1,82.16905,0.0,11.95,0.39
2024-02-21 07:00:00+00:00,13.5,79.90998,0.0,12.95,0.389
2024-02-21 08:00:00+00:00,14.75,76.194855,0.0,14.35,0.388
2024-02-21 09:00:00+00:00,15.35,70.90573,0.0,15.5,0.387
2024-02-21 10:00:00+00:00,16.2,66.2619,0.0,16.75,0.386
2024-02-21 11:00:00+00:00,16.45,68.10863,0.0,17.5,0.384
2024-02-21 12:00:00+00:00,16.25,70.606224,0.0,17.8,0.383
2024-02-21 13:00:00+00:00,16.45,67.65627,0.0,17.4,0.384
2024-02-21 14:00:00+00:00,16.1,68.26469,0.0,16.95,0.383
2024-02-21 15:00:00+00:00,14.3,84.93409,0.0,16.1,0.383
2024-02-21 16:00:00+00:00,15.4,70.20761,0.0,14.85,0.383
2024-02-21 17:00:00+00:00,14.4,72.896255,0.0,13.85,0.383
2024-02-21 18:00:00+00:00,11.95,87.56369,0.0,13.3,0.383
2024-02-21 19:00:00+00:00,11.9,89.93194,0.0,12.9,0.383
2024-02-21 20:00:00+00:00,11.25,90.79144,0.0,12.6,0.383
2024-02-21 21:00:00+00:00,11.0,90.46986,0.0,12.35,0.383
2024-02-21 22:00:00+00:00,10.95,90.77066,0.0,12.2,0.383
2024-02-21 23:00:00+00:00,10.85,90.76371,0.0,12.0,0.383
2024-02-22 00:00:00+00:00,11.45,87.81224,0.0,11.85,0.383
2024-02-22 01:00:00+00:00,12.3,87.59569,0.0,13.45,0.38
2024-02-22 02:00:00+00:00,11.75,86.3786,0.0,13.0,0.38
2024-02-22 03:00:00+00:00,11.45,83.20419,0.0,12.75,0.38
2024-02-22 04:00:00+00:00,10.3,90.72538,0.4,12.3,0.384
2024-02-22 05:00:00+00:00,11.4,88.99475,0.2,12.2,0.385
2024-02-22 06:00:00+00:00,12.05,88.455185,0.0,12.6,0.385
2024-02-22 07:00:00+00:00,13.5,80.17747,0.0,13.6,0.385
2024-02-22 08:00:00+00:00,15.25,72.56371,0.0,14.9,0.384
2024-02-22 09:00:00+00:00,16.3,68.53336,0.0,16.2,0.382
2024-02-22 10:00:00+00:00,16.85,64.00629,0.1,17.3,0.381
2024-02-22 11:00:00+00:00,17.05,62.35953,0.0,17.95,0.379
2024-02-22 12:00:00+00:00,16.85,64.86776,0.0,18.15,0.378
2024-02-22 13:00:00+00:00,17.3,63.045784,0.0,18.2,0.372
2024-02-22 14:00:00+00:00,16.65,65.041115,0.0,17.6,0.371
2024-02-22 15:00:00+00:00,15.75,73.870384,0.0,16.7,0.371
2024-02-22 16:00:00+00:00,15.1,78.04184,0.0,15.75,0.371
2024-02-22 17:00:00+00:00,14.5,81.11798,0.0,15.0,0.371
2024-02-22 18:00:00+00:00,13.0,86.50242,0.0,14.35,0.371
2024-02-22 19:00:00+00:00,12.5,87.6139,0.0,13.7,0.372
2024-02-22 20:00:00+00:00,12.65,85.89317,0.0,13.15,0.372
2024-02-22 21:00:00+00:00,11.2,92.01237,0.0,12.75,0.372
2024-02-22 22:00:00+00:00,11.4,93.261536,0.0,12.5,0.372
2024-02-22 23:00:00+00:00,12.1,90.54808,0.0,12.5,0.373
2024-02-23 00:00:00+00:00,12.2,90.555145,0.0,12.5,0.373
2024-02-23 01:00:00+00:00,12.25,91.46606,0.0,13.55,0.374
2024-02-23 02:00:00+00:00,11.35,92.329445,0.0,13.05,0.374
2024-02-23 03:00:00+00:00,12.7,87.63209,0.0,12.5,0.374
2024-02-23 04:00:00+00:00,10.9,91.6861,0.0,12.1,0.374
2024-02-23 05:00:00+00:00,11.15,86.61016,0.1,12.1,0.375
2024-02-23 06:00:00+00:00,12.5,83.89068,0.0,12.6,0.375
2024-02-23 07:00:00+00:00,14.5,81.11798,0.0,13.75,0.375
2024-02-23 08:00:00+00:00,16.0,74.89818,0.0,15.1,0.374
2024-02-23 09:00:00+00:00,16.85,67.51386,0.1,16.6,0.373
2024-02-23 10:00:00+00:00,17.3,64.966095,0.0,17.75,0.372
2024-02-23 11:00:00+00:00,17.6,65.682,0.0,18.45,0.371
2024-02-23 12:00:00+00:00,17.75,65.714165,0.0,18.7,0.37
2024-02-23 13:00:00+00:00,18.4,64.562325,0.0,18.8,0.368
2024-02-23 14:00:00+00:00,17.65,69.717026,0.0,18.15,0.368
2024-02-23 15:00:00+00:00,16.5,78.25183,0.0,17.35,0.368
2024-02-23 16:00:00+00:00,14.6,85.24649,0.0,16.25,0.368
2024-02-23 17:00:00+00:00,13.5,87.41495,0.0,15.2,0.368
2024-02-23 18:00:00+00:00,14.0,88.91182,0.0,14.55,0.368
2024-02-23 19:00:00+00:00,13.35,90.03997,0.0,14.2,0.368
2024-02-23 20:00:00+00:00,12.9,91.20562,0.0,13.9,0.368
2024-02-23 21:00:00+00:00,12.65,89.98804,0.0,13.6,0.369
2024-02-23 22:00:00+00:00,12.5,89.38091,0.0,13.35,0.369
2024-02-23 23:00:00+00:00,12.15,88.168945,0.0,13.05,0.369
2024-02-24 00:00:00+00:00,11.85,84.097626,0.0,12.85,0.369
2024-02-24 01:00:00+00:00,11.7,84.64859,0.0,13.35,0.371
2024-02-24 02:00:00+00:00,11.6,74.140656,0.0,12.9,0.371
2024-02-24 03:00:00+00:00,11.6,70.42053,0.0,12.6,0.371
2024-02-24 04:00:00+00:00,11.2,69.13666,0.0,12.3,0.37
2024-02-24 05:00:00+00:00,11.4,67.75635,0.0,12.25,0.37
2024-02-24 06:00:00+00:00,12.3,74.2633,0.0,12.65,0.37
2024-02-24 07:00:00+00:00,14.25,71.895645,0.0,13.7,0.369
2024-02-24 08:00:00+00:00,16.5,65.22629,0.0,14.95,0.368
2024-02-24 09:00:00+00:00,18.05,58.351513,0.0,16.25,0.366
2024-02-24 10:00:00+00:00,18.8,54.9308,0.0,17.45,0.365
2024-02-24 11:00:00+00:00,19.15,52.49429,0.0,18.35,0.363
2024-02-24 12:00:00+00:00,19.35,49.95594,0.0,18.85,0.361
2024-02-24 13:00:00+00:00,19.9,43.894814,0.0,19.0,0.361
2024-02-24 14:00:00+00:00,18.7,54.720993,0.0,18.55,0.36
2024-02-24 15:00:00+00:00,16.7,71.161545,0.0,17.6,0.36
2024-02-24 16:00:00+00:00,15.3,78.072014,0.0,16.45,0.36
2024-02-24 17:00:00+00:00,14.5,82.19856,0.0,15.55,0.36
2024-02-24 18:00:00+00:00,12.9,85.9188,0.0,14.7,0.361
2024-02-24 19:00:00+00:00,14.2,78.68808,0.0,13.9,0.361
2024-02-24 20:00:00+00:00,11.8,87.54994,0.0,13.25,0.361
2024-02-24 21:00:00+00:00,13.7,80.205246,0.0,12.75,0.361
2024-02-24 22:00:00+00:00,14.4,77.16079,0.0,12.3,0.361
2024-02-24 23:00:00+00:00,10.6,90.441185,0.0,11.95,0.362
2024-02-25 00:00:00+00:00,9.95,93.50153,0.0,11.7,0.362
2024-02-25 01:00:00+00:00,12.0,93.60237,0.0,12.35,0.366
2024-02-25 02:00:00+00:00,11.1,90.78106,0.0,12.15,0.366
2024-02-25 03:00:00+00:00,10.25,88.90005,0.0,11.75,0.366
2024-02-25 04:00:00+00:00,9.3,91.58465,0.0,11.35,0.366
2024-02-25 05:00:00+00:00,10.8,86.28337,0.0,11.3,0.367
2024-02-25 06:00:00+00:00,12.0,83.27049,0.0,12.1,0.366
2024-02-25 07:00:00+00:00,14.0,79.44915,0.0,13.5,0.366
2024-02-25 08:00:00+00:00,16.05,75.652145,0.0,15.15,0.365
2024-02-25 09:00:00+00:00,17.65,67.23273,0.0,16.75,0.364
2024-02-25 10:00:00+00:00,18.5,55.038776,0.0,18.0,0.362
2024-02-25 11:00:00+00:00,18.65,55.448322,0.0,18.7,0.36
2024-02-25 12:00:00+00:00,18.4,64.13704,0.0,19.05,0.359
2024-02-25 13:00:00+00:00,18.85,73.445724,0.0,19.05,0.356
2024-02-25 14:00:00+00:00,18.5,75.071075,0.0,18.6,0.356
2024-02-25 15:00:00+00:00,17.35,80.964455,0.0,17.8,0.356
2024-02-25 16:00:00+00:00,16.3,84.87244,0.0,16.75,0.356
2024-02-25 17:00:00+00:00,16.1,85.96127,0.0,16.0,0.356
2024-02-25 18:00:00+00:00,14.9,87.54285,0.0,15.35,0.357
2024-02-25 19:00:00+00:00,14.15,85.762665,0.0,14.6,0.357
2024-02-25 20:00:00+00:00,14.3,83.82016,0.0,13.95,0.357
2024-02-25 21:00:00+00:00,15.25,82.02256,0.0,13.4,0.358
2024-02-25 22:00:00+00:00,16.4,82.16735,0.0,13.0,0.358
2024-02-25 23:00:00+00:00,15.8,86.211136,0.0,12.7,0.358
2024-02-26 00:00:00+00:00,12.0,97.07491,0.0,12.5,0.358
2024-02-26 01:00:00+00:00,11.9,93.28709,0.0,13.1,0.359
2024-02-26 02:00:00+00:00,11.25,93.87857,0.0,12.6,0.359
2024-02-26 03:00:00+00:00,12.15,92.68283,0.0,12.55,0.359
2024-02-26 04:00:00+00:00,11.8,89.02742,0.0,12.5,0.359
2024-02-26 05:00:00+00:00,12.35,76.059044,0.0,12.45,0.359
2024-02-26 06:00:00+00:00,14.05,59.16882,0.0,12.85,0.359
2024-02-26 07:00:00+00:00,15.2,49.681118,0.0,13.55,0.358
2024-02-26 08:00:00+00:00,15.4,42.01092,0.0,14.45,0.357
2024-02-26 09:00:00+00:00,15.7,41.80034,0.0,15.3,0.355
2024-02-26 10:00:00+00:00,16.05,42.049854,0.0,15.95,0.353
2024-02-26 11:00:00+00:00,16.05,41.31267,0.0,16.25,0.351
2024-02-26 12:00:00+00:00,16.15,40.186,0.0,16.45,0.35
2024-02-26 13:00:00+00:00,17.1,39.19654,0.0,16.8,0.344
2024-02-26 14:00:00+00:00,16.4,46.82069,0.0,16.2,0.343
2024-02-26 15:00:00+00:00,15.95,50.408054,0.0,15.65,0.343
2024-02-26 16:00:00+00:00,15.35,47.84871,0.0,15.1,0.343
2024-02-26 17:00:00+00:00,14.9,47.05665,0.0,14.65,0.343
2024-02-26 18:00:00+00:00,14.4,47.58284,0.0,14.25,0.343
2024-02-26 19:00:00+00:00,14.5,47.276394,0.0,14.05,0.343
2024-02-26 20:00:00+00:00,14.4,45.445118,0.0,13.95,0.343
2024-02-26 21:00:00+00:00,14.2,43.645496,0.0,13.8,0.343
2024-02-26 22:00:00+00:00,14.35,42.15659,0.0,13.7,0.343
2024-02-26 23:00:00+00:00,14.05,42.22054,0.0,13.55,0.342
2024-02-27 00:00:00+00:00,13.15,46.56184,0.0,13.4,0.342
2024-02-27 01:00:00+00:00,10.9,59.63713,0.0,13.8,0.342
2024-02-27 02:00:00+00:00,10.95,55.17733,0.0,13.05,0.342
2024-02-27 03:00:00+00:00,11.1,54.243248,0.0,12.55,0.342
2024-02-27 04:00:00+00:00,10.85,55.74303,0.0,12.2,0.342
2024-02-27 05:00:00+00:00,11.0,56.780834,0.0,12.0,0.342
2024-02-27 06:00:00+00:00,12.6,62.6079,0.0,12.4,0.342
2024-02-27 07:00:00+00:00,14.15,50.267166,0.0,13.3,0.341
2024-02-27 08:00:00+00:00,15.05,40.008656,0.0,14.25,0.34
2024-02-27 09:00:00+00:00,15.55,37.11186,0.0,15.15,0.338
2024-02-27 10:00:00+00:00,15.7,35.971252,0.0,15.75,0.336
2024-02-27 11:00:00+00:00,15.8,36.654427,0.0,16.1,0.335
2024-02-27 12:00:00+00:00,15.95,37.901817,0.0,16.2,0.333
2024-02-27 13:00:00+00:00,17.4,39.00736,0.0,16.5,0.329
2024-02-27 14:00:00+00:00,17.2,46.076893,0.0,16.45,0.329
2024-02-27 15:00:00+00:00,14.55,68.177155,0.0,15.75,0.329
2024-02-27 16:00:00+00:00,16.8,45.96443,0.0,14.35,0.329
2024-02-27 17:00:00+00:00,16.5,46.848694,0.0,13.25,0.329
2024-02-27 18:00:00+00:00,12.25,66.08721,0.0,12.45,0.33
2024-02-27 19:00:00+00:00,9.95,77.77855,0.0,11.8,0.33
2024-02-27 20:00:00+00:00,9.9,76.44024,0.0,11.35,0.33
2024-02-27 21:00:00+00:00,9.4,75.83011,0.0,10.95,0.331
2024-02-27 22:00:00+00:00,9.8,74.33563,0.0,10.7,0.331
2024-02-27 23:00:00+00:00,10.2,68.93281,0.0,10.55,0.331
2024-02-28 00:00:00+00:00,10.4,68.018776,0.0,10.4,0.332
2024-02-28 01:00:00+00:00,9.65,79.084785,0.0,9.9,0.335
2024-02-28 02:00:00+00:00,9.85,77.495155,0.0,9.75,0.335
2024-02-28 03:00:00+00:00,10.25,71.13685,0.0,9.85,0.335
2024-02-28 04:00:00+00:00,9.5,73.5115,0.0,9.85,0.336
2024-02-28 05:00:00+00:00,9.9,74.09592,0.0,9.9,0.336
2024-02-28 06:00:00+00:00,11.6,68.03301,0.0,10.8,0.336
2024-02-28 07:00:00+00:00,13.65,66.38932,0.0,12.25,0.335
2024-02-28 08:00:00+00:00,15.55,56.560253,0.0,13.85,0.335
2024-02-28 09:00:00+00:00,16.75,49.24849,0.0,15.4,0.333
2024-02-28 10:00:00+00:00,17.4,45.65614,0.0,16.65,0.332
2024-02-28 11:00:00+00:00,17.7,44.645226,0.0,17.6,0.33
2024-02-28 12:00:00+00:00,17.75,44.504826,0.0,18.1,0.329
2024-02-28 13:00:00+00:00,17.95,46.127792,0.0,18.15,0.324
2024-02-28 14:00:00+00:00,17.15,56.00704,0.0,17.6,0.323
2024-02-28 15:00:00+00:00,15.55,70.002396,0.0,16.65,0.324
2024-02-28 16:00:00+00:00,13.15,75.93362,0.0,15.15,0.324
2024-02-28 17:00:00+00:00,13.45,70.78007,0.0,13.9,0.324
2024-02-28 18:00:00+00:00,11.1,82.04115,0.0,12.95,0.325
2024-02-28 19:00:00+00:00,10.5,86.25311,0.0,12.3,0.325
2024-02-28 20:00:00+00:00,10.25,86.81543,0.0,11.8,0.326
2024-02-28 21:00:00+00:00,9.8,88.2607,0.0,11.45,0.326
2024-02-28 22:00:00+00:00,9.6,89.45241,0.0,11.15,0.327
2024-02-28 23:00:00+00:00,9.9,87.6715,0.0,10.95,0.327
2024-02-29 00:00:00+00:00,10.0,85.61735,0.0,10.8,0.327
2024-02-29 01:00:00+00:00,10.35,83.07045,0.0,11.05,0.323
2024-02-29 02:00:00+00:00,10.0,81.06139,0.0,10.8,0.323
2024-02-29 03:00:00+00:00,9.85,76.16829,0.0,10.65,0.323
2024-02-29 04:00:00+00:00,9.2,77.931046,0.0,10.45,0.324
2024-02-29 05:00:00+00:00,9.55,76.64789,0.0,10.45,0.324
2024-02-29 06:00:00+00:00,11.45,73.86076,0.0,11.2,0.324
2024-02-29 07:00:00+00:00,14.0,68.29537,0.0,12.65,0.323
2024-02-29 08:00:00+00:00,16.0,58.63893,0.0,14.25,0.322
2024-02-29 09:00:00+00:00,17.45,53.119556,0.0,15.8,0.321
2024-02-29 10:00:00+00:00,18.4,47.05417,0.0,17.05,0.319
2024-02-29 11:00:00+00:00,18.95,43.4763,0.0,18.0,0.318
2024-02-29 12:00:00+00:00,19.1,41.753635,0.0,18.55,0.316
2024-02-29 13:00:00+00:00,19.4,48.63441,0.0,18.8,0.314
2024-02-29 14:00:00+00:00,18.05,61.14687,0.0,18.3,0.313
2024-02-29 15:00:00+00:00,16.45,72.78084,0.0,17.35,0.313
2024-02-29 16:00:00+00:00,13.35,82.87772,0.0,15.8,0.314
2024-02-29 17:00:00+00:00,12.65,83.06975,0.0,14.55,0.314
2024-02-29 18:00:00+00:00,12.15,84.41489,0.0,13.6,0.314
2024-02-29 19:00:00+00:00,11.75,84.36973,0.0,12.85,0.315
2024-02-29 20:00:00+00:00,11.0,87.181755,0.0,12.25,0.315
2024-02-29 21:00:00+00:00,11.0,89.26174,0.0,11.95,0.316
2024-02-29 22:00:00+00:00,10.5,88.62077,0.0,11.75,0.316
2024-02-29 23:00:00+00:00,10.65,85.68573,0.0,11.5,0.316
2024-03-01 00:00:00+00:00,10.5,83.94145,0.0,11.3,0.316
2024-03-01 01:00:00+00:00,10.25,72.38211,0.0,11.15,0.317
2024-03-01 02:00:00+00:00,11.1,64.24851,0.0,11.0,0.317
2024-03-01 03:00:00+00:00,11.5,66.15307,0.0,10.95,0.317
2024-03-01 04:00:00+00:00,11.25,71.083725,0.0,10.95,0.318
2024-03-01 05:00:00+00:00,11.1,71.300446,0.0,11.0,0.318
2024-03-01 06:00:00+00:00,13.0,63.791256,0.0,11.75,0.318
2024-03-01 07:00:00+00:00,15.45,62.623486,0.0,13.05,0.317
2024-03-01 08:00:00+00:00,17.3,48.556664,0.0,14.55,0.316
2024-03-01 09:00:00+00:00,18.15,38.677547,0.0,15.8,0.314
2024-03-01 10:00:00+00:00,18.65,34.31675,0.0,16.8,0.312
2024-03-01 11:00:00+00:00,18.95,32.27168,0.0,17.5,0.31
2024-03-01 12:00:00+00:00,19.1,33.012245,0.0,17.9,0.308
2024-03-01 13:00:00+00:00,19.4,34.655746,0.0,18.1,0.306
2024-03-01 14:00:00+00:00,18.3,49.16587,0.0,17.75,0.305
2024-03-01 15:00:00+00:00,16.2,66.484055,0.0,16.85,0.305
2024-03-01 16:00:00+00:00,17.35,50.787384,0.0,15.3,0.305
2024-03-01 17:00:00+00:00,13.6,62.19482,0.0,14.05,0.306
2024-03-01 18:00:00+00:00,13.95,51.102024,0.0,13.25,0.306
2024-03-01 19:00:00+00:00,14.4,49.28731,0.0,13.0,0.306
2024-03-01 20:00:00+00:00,14.65,48.49807,0.0,12.95,0.306
2024-03-01 21:00:00+00:00,14.5,46.44925,0.0,12.85,0.306
2024-03-01 22:00:00+00:00,14.25,46.542942,0.0,12.75,0.307
2024-03-01 23:00:00+00:00,13.8,46.250767,0.0,12.65,0.307
2024-03-02 00:00:00+00:00,12.45,53.646294,0.0,12.45,0.307
2024-03-02 01:00:00+00:00,11.3,54.683685,0.0,13.4,0.297
2024-03-02 02:00:00+00:00,12.0,54.097748,0.0,13.0,0.297
2024-03-02 03:00:00+00:00,12.15,52.626083,0.0,12.7,0.297
2024-03-02 04:00:00+00:00,10.9,52.474907,0.0,12.3,0.297
2024-03-02 05:00:00+00:00,10.55,56.46356,0.0,12.0,0.297
2024-03-02 06:00:00+00:00,12.1,61.62755,0.0,12.35,0.297
2024-03-02 07:00:00+00:00,14.25,56.619675,0.0,13.3,0.297
2024-03-02 08:00:00+00:00,16.25,43.007256,0.0,14.6,0.296
2024-03-02 09:00:00+00:00,17.1,37.16616,0.0,15.75,0.294
2024-03-02 10:00:00+00:00,17.7,35.784218,0.0,16.7,0.293
2024-03-02 11:00:00+00:00,18.05,35.632217,0.0,17.45,0.291
2024-03-02 12:00:00+00:00,18.2,37.222427,0.0,17.9,0.29
2024-03-02 13:00:00+00:00,19.25,36.106728,0.0,18.35,0.283
2024-03-02 14:00:00+00:00,18.65,46.323383,0.0,18.05,0.283
2024-03-02 15:00:00+00:00,16.45,68.10863,0.0,17.3,0.283
2024-03-02 16:00:00+00:00,13.75,67.32191,1.2,15.95,0.295
2024-03-02 17:00:00+00:00,14.2,69.03369,1.0,14.65,0.308
2024-03-02 18:00:00+00:00,13.75,68.01249,0.0,13.7,0.309
2024-03-02 19:00:00+00:00,13.3,71.47517,0.3,13.25,0.311
2024-03-02 20:00:00+00:00,13.05,71.91478,1.0,12.6,0.323
2024-03-02 21:00:00+00:00,12.55,76.34994,0.1,12.3,0.324
2024-03-02 22:00:00+00:00,11.8,78.063896,0.1,12.0,0.325
2024-03-02 23:00:00+00:00,11.5,77.48844,0.0,11.8,0.325
2024-03-03 00:00:00+00:00,11.0,75.317314,0.0,11.5,0.325
2024-03-03 01:00:00+00:00,14.05,77.62282,0.0,14.55,0.289
2024-03-03 02:00:00+00:00,14.6,71.960724,0.0,13.5,0.289
2024-03-03 03:00:00+00:00,11.55,86.649414,0.0,12.7,0.29
2024-03-03 04:00:00+00:00,10.9,75.04217,0.0,12.05,0.29
2024-03-03 05:00:00+00:00,11.45,73.10481,0.0,11.75,0.29
2024-03-03 06:00:00+00:00,12.35,75.03331,0.0,12.35,0.291
2024-03-03 07:00:00+00:00,14.0,65.11953,0.0,13.5,0.291
2024-03-03 08:00:00+00:00,15.75,57.78374,0.0,14.95,0.29
2024-03-03 09:00:00+00:00,17.0,52.28114,0.0,16.45,0.289
2024-03-03 10:00:00+00:00,17.5,51.176575,0.0,17.75,0.288
2024-03-03 11:00:00+00:00,17.5,52.772205,0.0,18.55,0.286
2024-03-03 12:00:00+00:00,17.1,56.566654,0.0,18.85,0.285
2024-03-03 13:00:00+00:00,17.65,56.70503,0.0,18.95,0.285
2024-03-03 14:00:00+00:00,17.15,58.524128,0.0,18.45,0.284
2024-03-03 15:00:00+00:00,16.0,68.47268,0.0,17.55,0.284
2024-03-03 16:00:00+00:00,13.75,79.67882,0.0,16.3,0.285
2024-03-03 17:00:00+00:00,12.65,83.62779,0.0,15.1,0.285
2024-03-03 18:00:00+00:00,12.6,83.34239,0.0,14.25,0.286
2024-03-03 19:00:00+00:00,15.7,69.33336,0.0,13.6,0.287
2024-03-03 20:00:00+00:00,13.3,81.50061,0.0,13.05,0.287
2024-03-03 21:00:00+00:00,11.8,94.21665,0.0,12.8,0.288
2024-03-03 22:00:00+00:00,12.3,90.86368,0.0,12.8,0.288
2024-03-03 23:00:00+00:00,12.6,90.88415,0.0,12.85,0.289
2024-03-04 00:00:00+00:00,12.25,88.47225,0.0,12.55,0.29
2024-03-04 01:00:00+00:00,11.35,89.58967,0.0,13.1,0.292
2024-03-04 02:00:00+00:00,10.3,90.72538,0.0,12.4,0.293
2024-03-04 03:00:00+00:00,10.6,87.43916,0.0,11.95,0.293
2024-03-04 04:00:00+00:00,10.05,87.98344,0.0,11.6,0.294
2024-03-04 05:00:00+00:00,11.35,85.18249,0.0,11.65,0.294
2024-03-04 06:00:00+00:00,13.2,82.30823,0.0,12.6,0.294
2024-03-04 07:00:00+00:00,15.25,77.54966,0.0,14.15,0.294
2024-03-04 08:00:00+00:00,16.3,76.69593,0.0,15.75,0.294
2024-03-04 09:00:00+00:00,16.85,73.81819,0.0,17.1,0.293
2024-03-04 10:00:00+00:00,17.2,70.55441,0.1,18.15,0.293
2024-03-04 11:00:00+00:00,17.25,70.79692,0.1,18.8,0.292
2024-03-04 12:00:00+00:00,17.2,71.02113,0.0,19.05,0.292
2024-03-04 13:00:00+00:00,18.1,63.01691,0.0,19.15,0.289
2024-03-04 14:00:00+00:00,17.5,65.00967,0.0,18.65,0.289
2024-03-04 15:00:00+00:00,16.5,73.03062,0.0,17.75,0.289
2024-03-04 16:00:00+00:00,14.4,82.186,0.0,16.55,0.289
2024-03-04 17:00:00+00:00,13.55,84.85253,0.0,15.45,0.289
2024-03-04 18:00:00+00:00,12.95,85.92392,0.0,14.6,0.29
2024-03-04 19:00:00+00:00,13.5,81.25531,0.0,14.0,0.29
2024-03-04 20:00:00+00:00,16.55,65.89474,0.0,13.5,0.291
2024-03-04 21:00:00+00:00,16.1,67.584015,0.0,13.15,0.291
2024-03-04 22:00:00+00:00,14.85,74.703224,0.0,12.85,0.291
2024-03-04 23:00:00+00:00,11.1,91.08602,0.0,12.5,0.292
2024-03-05 00:00:00+00:00,11.75,90.82596,0.0,12.4,0.292
2024-03-05 01:00:00+00:00,11.15,90.177536,0.0,13.45,0.299
2024-03-05 02:00:00+00:00,11.45,90.19957,0.0,13.0,0.3
2024-03-05 03:00:00+00:00,10.75,89.24169,0.0,12.65,0.3
2024-03-05 04:00:00+00:00,10.65,88.93311,0.0,12.35,0.3
2024-03-05 05:00:00+00:00,11.5,86.35363,0.0,12.35,0.3
2024-03-05 06:00:00+00:00,13.6,84.01747,0.0,13.15,0.3
2024-03-05 07:00:00+00:00,15.8,79.18246,0.0,14.6,0.3
2024-03-05 08:00:00+00:00,17.2,69.17041,0.1,16.25,0.3
2024-03-05 09:00:00+00:00,17.8,63.79192,0.0,17.6,0.299
2024-03-05 10:00:00+00:00,17.95,62.77394,0.0,18.65,0.298
2024-03-05 11:00:00+00:00,17.9,62.55412,0.0,19.3,0.296
2024-03-05 12:00:00+00:00,17.85,64.01528,0.0,19.6,0.295
2024-03-05 13:00:00+00:00,18.15,64.72131,0.0,19.45,0.294
2024-03-05 14:00:00+00:00,17.45,67.86155,0.0,18.95,0.294
2024-03-05 15:00:00+00:00,16.75,74.53269,0.0,18.1,0.294
2024-03-05 16:00:00+00:00,15.85,78.4123,0.0,17.0,0.294
2024-03-05 17:00:00+00:00,15.25,80.950165,0.0,16.15,0.294
2024-03-05 18:00:00+00:00,14.1,82.968956,0.0,15.35,0.294
2024-03-05 19:00:00+00:00,13.55,82.078415,0.0,14.65,0.295
2024-03-05 20:00:00+00:00,14.35,80.82964,0.0,14.2,0.295
2024-03-05 21:00:00+00:00,15.65,76.59279,0.1,14.3,0.296
2024-03-05 22:00:00+00:00,15.5,77.33215,0.3,14.2,0.299
2024-03-05 23:00:00+00:00,16.1,75.16274,0.1,14.35,0.3
2024-03-06 00:00:00+00:00,15.0,80.384415,0.3,14.25,0.302
2024-03-06 01:00:00+00:00,15.4,77.572716,0.1,15.65,0.299
2024-03-06 02:00:00+00:00,13.75,88.30748,0.8,15.05,0.306
2024-03-06 03:00:00+00:00,14.4,86.63915,0.9,14.6,0.317
2024-03-06 04:00:00+00:00,13.45,88.57384,0.1,14.2,0.318
2024-03-06 05:00:00+00:00,14.05,85.46975,0.1,13.95,0.318
2024-03-06 06:00:00+00:00,15.3,78.84966,0.1,14.55,0.318
2024-03-06 07:00:00+00:00,16.05,76.909225,0.3,15.35,0.32
2024-03-06 08:00:00+00:00,15.85,76.37215,1.3,15.9,0.335
2024-03-06 09:00:00+00:00,16.8,69.32048,0.2,16.55,0.336
2024-03-06 10:00:00+00:00,15.5,78.360275,1.9,17.05,0.356
2024-03-06 11:00:00+00:00,17.35,64.976974,0.1,17.55,0.354
2024-03-06 12:00:00+00:00,16.9,66.85406,0.0,17.75,0.352
2024-03-06 13:00:00+00:00,17.8,59.674847,0.0,17.9,0.369
2024-03-06 14:00:00+00:00,17.25,60.755013,0.0,17.55,0.366
2024-03-06 15:00:00+00:00,16.15,61.733852,0.1,16.95,0.365
2024-03-06 16:00:00+00:00,13.05,90.01776,6.1,15.8,0.415
2024-03-06 17:00:00+00:00,13.05,89.42412,0.1,14.8,0.405
2024-03-06 18:00:00+00:00,12.5,91.17926,2.0,14.1,0.419
2024-03-06 19:00:00+00:00,12.85,91.80731,0.0,13.7,0.407
2024-03-06 20:00:00+00:00,11.8,92.972244,0.0,13.15,0.401
2024-03-06 21:00:00+00:00,12.45,92.08734,0.0,12.9,0.396
2024-03-06 22:00:00+00:00,12.2,91.767204,0.0,12.65,0.393
2024-03-06 23:00:00+00:00,11.8,92.048485,0.0,12.45,0.39
2024-03-07 00:00:00+00:00,11.05,93.24356,0.0,12.25,0.388
2024-03-07 01:00:00+00:00,11.15,90.48058,0.0,12.6,0.381
2024-03-07 02:00:00+00:00,10.8,90.76024,0.0,12.15,0.379
2024-03-07 03:00:00+00:00,10.6,90.74632,0.0,11.85,0.378
2024-03-07 04:00:00+00:00,10.2,91.02532,0.0,11.55,0.376
2024-03-07 05:00:00+00:00,10.85,89.85262,0.0,11.55,0.375
2024-03-07 06:00:00+00:00,12.3,87.59569,0.0,12.45,0.373
2024-03-07 07:00:00+00:00,14.05,83.79122,0.0,13.9,0.372
2024-03-07 08:00:00+00:00,15.6,78.37516,0.0,15.5,0.37
2024-03-07 09:00:00+00:00,16.65,65.041115,0.0,16.95,0.368
2024-03-07 10:00:00+00:00,17.45,54.214287,0.1,18.0,0.366
2024-03-07 11:00:00+00:00,17.5,55.529366,0.1,18.55,0.365
2024-03-07 12:00:00+00:00,17.3,57.971622,0.0,18.65,0.363
2024-03-07 13:00:00+00:00,17.75,61.89769,0.2,18.65,0.359
2024-03-07 14:00:00+00:00,17.85,55.80661,0.0,18.25,0.358
2024-03-07 15:00:00+00:00,17.0,57.897472,0.0,17.4,0.357
2024-03-07 16:00:00+00:00,15.75,63.331135,0.0,16.35,0.356
2024-03-07 17:00:00+00:00,14.9,67.56214,0.0,15.2,0.356
2024-03-07 18:00:00+00:00,16.2,61.329876,0.0,14.25,0.356
2024-03-07 19:00:00+00:00,12.45,82.2135,0.0,13.55,0.355
2024-03-07 20:00:00+00:00,13.25,83.41977,0.0,13.2,0.355
2024-03-07 21:00:00+00:00,13.3,68.38426,0.0,13.15,0.355
2024-03-07 22:00:00+00:00,13.15,62.304237,0.0,13.0,0.354
2024-03-07 23:00:00+00:00,12.4,71.79287,0.0,12.8,0.354
2024-03-08 00:00:00+00:00,12.85,87.93735,0.0,12.75,0.354
2024-03-08 01:00:00+00:00,11.45,73.35603,0.0,13.5,0.355
2024-03-08 02:00:00+00:00,10.35,62.96095,0.0,12.95,0.354
2024-03-08 03:00:00+00:00,10.15,60.729893,0.0,12.5,0.354
2024-03-08 04:00:00+00:00,9.9,61.53561,0.0,12.1,0.353
2024-03-08 05:00:00+00:00,10.25,66.57583,0.0,12.0,0.353
2024-03-08 06:00:00+00:00,12.05,65.58864,0.0,12.6,0.352
2024-03-08 07:00:00+00:00,14.35,63.22749,0.0,13.7,0.351
2024-03-08 08:00:00+00:00,16.15,65.15004,0.0,15.1,0.35
2024-03-08 09:00:00+00:00,17.15,67.57575,0.0,16.6,0.348
2024-03-08 10:00:00+00:00,17.5,66.31713,0.0,18.05,0.346
2024-03-08 11:00:00+00:00,17.1,71.00225,0.0,18.65,0.345
2024-03-08 12:00:00+00:00,17.15,69.61927,0.0,18.85,0.343
2024-03-08 13:00:00+00:00,17.95,64.67757,0.0,18.8,0.344
2024-03-08 14:00:00+00:00,17.8,59.077946,0.0,18.3,0.343
2024-03-08 15:00:00+00:00,16.9,57.09411,0.0,17.5,0.342
2024-03-08 16:00:00+00:00,16.1,66.909325,0.0,16.65,0.342
2024-03-08 17:00:00+00:00,14.45,75.89244,1.1,15.9,0.352
2024-03-08 18:00:00+00:00,13.55,84.01175,0.9,14.75,0.363
2024-03-08 19:00:00+00:00,12.65,89.392715,1.5,14.05,0.382
2024-03-08 20:00:00+00:00,12.55,86.170044,1.5,13.55,0.399
2024-03-08 21:00:00+00:00,12.75,86.47778,0.0,13.2,0.394
2024-03-08 22:00:00+00:00,12.2,90.85684,0.2,13.0,0.393
2024-03-08 23:00:00+00:00,12.65,90.88755,0.4,12.9,0.395
2024-03-09 00:00:00+00:00,12.9,87.06971,1.3,12.8,0.406
2024-03-09 01:00:00+00:00,12.7,86.47284,1.3,13.15,0.405
2024-03-09 02:00:00+00:00,13.75,82.37723,1.8,13.0,0.415
2024-03-09 03:00:00+00:00,13.8,80.75545,0.1,12.95,0.407
2024-03-09 04:00:00+00:00,12.55,87.618454,0.0,12.7,0.401
2024-03-09 05:00:00+00:00,13.05,89.720505,0.0,12.75,0.397
2024-03-09 06:00:00+00:00,13.4,89.74715,0.0,13.6,0.393
2024-03-09 07:00:00+00:00,13.55,88.87502,0.0,14.55,0.391
2024-03-09 08:00:00+00:00,14.5,79.78487,0.0,15.85,0.388
2024-03-09 09:00:00+00:00,15.1,75.24475,0.0,17.05,0.385
2024-03-09 10:00:00+00:00,15.45,76.3079,0.0,18.05,0.382
2024-03-09 11:00:00+00:00,15.75,75.60277,0.0,18.6,0.379
2024-03-09 12:00:00+00:00,14.7,81.144485,0.0,18.6,0.377
2024-03-09 13:00:00+00:00,16.9,61.081787,0.0,18.5,0.375
2024-03-09 14:00:00+00:00,15.85,69.82758,0.0,18.0,0.373
2024-03-09 15:00:00+00:00,15.25,75.26981,0.0,17.2,0.372
2024-03-09 16:00:00+00:00,12.85,84.77583,0.0,15.95,0.371
2024-03-09 17:00:00+00:00,14.35,81.09807,0.0,15.3,0.371
2024-03-09 18:00:00+00:00,14.35,82.9992,0.0,14.95,0.37
2024-03-09 19:00:00+00:00,13.1,85.36959,0.1,14.6,0.371
2024-03-09 20:00:00+00:00,12.75,83.919624,0.1,14.15,0.371
2024-03-09 21:00:00+00:00,12.25,86.139755,0.0,13.75,0.37
2024-03-09 22:00:00+00:00,11.65,87.53617,0.0,13.4,0.37
2024-03-09 23:00:00+00:00,10.8,85.99196,0.0,12.95,0.37
2024-03-10 00:00:00+00:00,10.3,83.91811,0.0,12.55,0.369
2024-03-10 01:00:00+00:00,10.55,74.21075,0.0,13.35,0.356
2024-03-10 02:00:00+00:00,10.25,73.39215,0.0,12.7,0.355
2024-03-10 03:00:00+00:00,10.35,69.20413,0.0,12.2,0.355
2024-03-10 04:00:00+00:00,9.9,69.84057,0.0,11.8,0.355
2024-03-10 05:00:00+00:00,10.85,64.868866,0.0,11.8,0.355
2024-03-10 06:00:00+00:00,12.9,58.47683,0.0,12.55,0.354
2024-03-10 07:00:00+00:00,14.6,51.278683,0.0,13.65,0.353
2024-03-10 08:00:00+00:00,15.75,45.508026,0.0,14.85,0.351
2024-03-10 09:00:00+00:00,16.9,41.266804,0.0,16.1,0.349
2024-03-10 10:00:00+00:00,17.7,37.47311,0.0,17.35,0.347
2024-03-10 11:00:00+00:00,18.05,37.047787,0.0,18.35,0.345
2024-03-10 12:00:00+00:00,18.1,38.122807,0.0,18.9,0.343
2024-03-10 13:00:00+00:00,16.8,53.67733,0.0,18.65,0.341
2024-03-10 14:00:00+00:00,16.0,54.021214,0.0,17.95,0.34
2024-03-10 15:00:00+00:00,15.6,58.7406,0.0,17.05,0.34
2024-03-10 16:00:00+00:00,14.8,63.762154,0.0,16.0,0.34
2024-03-10 17:00:00+00:00,13.95,70.876205,0.0,15.15,0.34
2024-03-10 18:00:00+00:00,12.2,81.63034,0.0,14.3,0.34
2024-03-10 19:00:00+00:00,11.1,84.58159,0.0,13.45,0.34
2024-03-10 20:00:00+00:00,11.55,84.347084,0.0,12.95,0.34
2024-03-10 21:00:00+00:00,10.95,83.14359,0.0,12.6,0.341
2024-03-10 22:00:00+00:00,10.55,83.09489,0.0,12.15,0.341
2024-03-10 23:00:00+00:00,10.2,77.28373,0.0,11.85,0.341
2024-03-11 00:00:00+00:00,9.95,67.92444,0.0,11.55,0.341
2024-03-11 01:00:00+00:00,9.35,80.97311,0.0,12.25,0.338
2024-03-11 02:00:00+00:00,10.15,67.02201,0.0,11.75,0.338
2024-03-11 03:00:00+00:00,10.45,56.841076,0.0,11.5,0.338
2024-03-11 04:00:00+00:00,9.9,57.10588,0.0,11.25,0.338
2024-03-11 05:00:00+00:00,10.25,58.84663,0.0,11.3,0.338
2024-03-11 06:00:00+00:00,11.85,56.99879,0.0,12.0,0.337
2024-03-11 07:00:00+00:00,13.75,56.492123,0.0,13.25,0.337
2024-03-11 08:00:00+00:00,15.45,52.408398,0.0,14.8,0.335
2024-03-11 09:00:00+00:00,16.7,47.23145,0.0,16.3,0.334
2024-03-11 10:00:00+00:00,17.5,46.161076,0.0,17.75,0.332
2024-03-11 11:00:00+00:00,17.65,48.98812,0.0,18.75,0.33
2024-03-11 12:00:00+00:00,17.4,53.46918,0.0,19.1,0.328
2024-03-11 13:00:00+00:00,17.4,52.925842,0.0,19.05,0.326
2024-03-11 14:00:00+00:00,16.85,52.241234,0.0,18.4,0.325
2024-03-11 15:00:00+00:00,16.1,65.57774,0.0,17.45,0.325
2024-03-11 16:00:00+00:00,14.05,75.068275,0.0,16.2,0.325
2024-03-11 17:00:00+00:00,13.1,77.7368,0.0,15.0,0.325
2024-03-11 18:00:00+00:00,16.0,63.174427,0.0,14.0,0.326
2024-03-11 19:00:00+00:00,15.15,67.61404,0.0,13.15,0.326
2024-03-11 20:00:00+00:00,10.5,90.12953,0.0,12.6,0.326
2024-03-11 21:00:00+00:00,10.55,88.924866,0.0,12.25,0.327
2024-03-11 22:00:00+00:00,10.15,87.69437,0.0,11.95,0.327
2024-03-11 23:00:00+00:00,9.9,86.78131,0.0,11.65,0.327
2024-03-12 00:00:00+00:00,9.75,86.471375,0.0,11.4,0.327
2024-03-12 01:00:00+00:00,9.55,90.981094,0.0,11.95,0.332
2024-03-12 02:00:00+00:00,9.85,89.169044,0.0,11.65,0.332
2024-03-12 03:00:00+00:00,9.35,90.04376,0.0,11.4,0.332
2024-03-12 04:00:00+00:00,9.05,90.637375,0.0,11.15,0.333
2024-03-12 05:00:00+00:00,10.2,86.22275,0.0,11.35,0.333
2024-03-12 06:00:00+00:00,12.5,84.45423,0.0,12.35,0.333
2024-03-12 07:00:00+00:00,14.85,75.95789,0.0,13.9,0.332
2024-03-12 08:00:00+00:00,16.55,64.36942,0.0,15.5,0.331
2024-03-12 09:00:00+00:00,17.65,58.057903,0.0,16.95,0.329
2024-03-12 10:00:00+00:00,18.55,52.869526,0.0,18.2,0.327
2024-03-12 11:00:00+00:00,19.1,49.21641,0.0,19.15,0.326
2024-03-12 12:00:00+00:00,19.45,46.387608,0.0,19.7,0.324
2024-03-12 13:00:00+00:00,19.55,47.37235,0.0,19.55,0.322
2024-03-12 14:00:00+00:00,18.85,52.23866,0.0,19.15,0.321
2024-03-12 15:00:00+00:00,17.6,67.000374,0.0,18.25,0.321
2024-03-12 16:00:00+00:00,14.65,71.01007,0.0,16.6,0.321
2024-03-12 17:00:00+00:00,13.9,82.122826,0.0,15.35,0.321
2024-03-12 18:00:00+00:00,13.7,83.19631,0.0,14.7,0.322
2024-03-12 19:00:00+00:00,12.75,83.919624,0.0,14.2,0.322
2024-03-12 20:00:00+00:00,12.45,82.49001,0.0,13.75,0.322
2024-03-12 21:00:00+00:00,12.7,74.58552,0.0,13.4,0.323
2024-03-12 22:00:00+00:00,12.55,69.40895,0.0,13.15,0.323
2024-03-12 23:00:00+00:00,12.65,63.711685,0.0,12.95,0.323
2024-03-13 00:00:00+00:00,12.85,58.46438,0.0,12.85,0.323
2024-03-13 01:00:00+00:00,12.35,60.62299,0.0,13.05,0.32
2024-03-13 02:00:00+00:00,12.25,59.759205,0.0,12.85,0.32
2024-03-13 03:00:00+00:00,12.4,57.94522,0.0,12.75,0.32
2024-03-13 04:00:00+00:00,12.0,58.047832,0.0,12.6,0.32
2024-03-13 05:00:00+00:00,12.3,60.18989,0.0,12.65,0.32
2024-03-13 06:00:00+00:00,13.75,66.63752,0.0,13.3,0.32
2024-03-13 07:00:00+00:00,16.1,62.984535,0.0,14.45,0.319
2024-03-13 08:00:00+00:00,18.2,51.36411,0.0,15.8,0.318
2024-03-13 09:00:00+00:00,19.1,46.926884,0.0,16.9,0.316
2024-03-13 10:00:00+00:00,19.8,45.856636,0.0,17.9,0.315
2024-03-13 11:00:00+00:00,20.35,44.929443,0.0,18.6,0.313
2024-03-13 12:00:00+00:00,20.65,46.09284,0.0,19.15,0.311
2024-03-13 13:00:00+00:00,21.9,43.56595,0.0,19.7,0.309
2024-03-13 14:00:00+00:00,20.05,61.007084,0.0,19.65,0.308
2024-03-13 15:00:00+00:00,18.05,74.75258,0.0,18.85,0.308
2024-03-13 16:00:00+00:00,15.15,75.75486,0.0,17.4,0.308
2024-03-13 17:00:00+00:00,14.45,81.92087,0.0,16.3,0.309
2024-03-13 18:00:00+00:00,14.55,78.47854,0.5,15.55,0.313
2024-03-13 19:00:00+00:00,14.25,77.39506,0.1,14.65,0.315
2024-03-13 20:00:00+00:00,14.5,83.56712,0.0,14.2,0.315
2024-03-13 21:00:00+00:00,14.25,89.5175,0.0,14.0,0.316
2024-03-13 22:00:00+00:00,15.7,87.33068,0.0,14.15,0.316
2024-03-13 23:00:00+00:00,16.1,84.02627,0.0,14.15,0.316
2024-03-14 00:00:00+00:00,17.55,71.55567,0.0,14.45,0.316
2024-03-14 01:00:00+00:00,17.65,78.6771,0.0,16.45,0.31
2024-03-14 02:00:00+00:00,17.45,79.16045,0.8,16.2,0.317
2024-03-14 03:00:00+00:00,17.2,81.47134,0.1,15.85,0.318
2024-03-14 04:00:00+00:00,17.05,80.400566,0.1,15.6,0.319
2024-03-14 05:00:00+00:00,17.45,79.93482,0.0,15.65,0.319
2024-03-14 06:00:00+00:00,17.85,78.45164,0.0,16.2,0.319
2024-03-14 07:00:00+00:00,17.95,77.95963,0.0,17.1,0.318
2024-03-14 08:00:00+00:00,17.9,76.94711,0.0,18.05,0.317
2024-03-14 09:00:00+00:00,18.5,74.82805,0.0,19.0,0.315
2024-03-14 10:00:00+00:00,18.7,71.76809,0.0,19.85,0.314
2024-03-14 11:00:00+00:00,19.25,64.747795,0.0,20.35,0.313
2024-03-14 12:00:00+00:00,18.8,65.07675,0.0,20.5,0.311
2024-03-14 13:00:00+00:00,18.65,69.4559,0.0,20.4,0.307
2024-03-14 14:00:00+00:00,18.2,71.675995,0.0,20.0,0.306
2024-03-14 15:00:00+00:00,17.6,71.80019,0.0,19.15,0.306
2024-03-14 16:00:00+00:00,17.0,67.99464,0.0,18.15,0.306
2024-03-14 17:00:00+00:00,16.65,70.91709,0.0,17.4,0.306
2024-03-14 18:00:00+00:00,16.5,72.07168,0.0,16.8,0.306
2024-03-14 19:00:00+00:00,16.1,74.91503,0.0,16.35,0.306
2024-03-14 20:00:00+00:00,14.4,85.22525,0.0,15.9,0.306
2024-03-14 21:00:00+00:00,12.95,94.267075,0.0,15.35,0.307
2024-03-14 22:00:00+00:00,12.95,94.889435,0.0,15.0,0.307
2024-03-14 23:00:00+00:00,13.5,90.34823,0.0,14.6,0.307
2024-03-15 00:00:00+00:00,14.25,85.49071,0.0,14.35,0.307
2024-03-15 01:00:00+00:00,12.15,90.55162,0.1,14.35,0.306
2024-03-15 02:00:00+00:00,13.05,90.91475,0.0,14.05,0.306
2024-03-15 03:00:00+00:00,14.4,82.186,0.0,14.15,0.307
2024-03-15 04:00:00+00:00,15.2,74.02024,0.0,14.3,0.307
2024-03-15 05:00:00+00:00,13.65,85.711075,1.4,14.45,0.322
2024-03-15 06:00:00+00:00,13.5,82.34591,1.2,14.25,0.337
2024-03-15 07:00:00+00:00,15.0,80.650215,0.0,15.5,0.337
2024-03-15 08:00:00+00:00,15.2,79.88315,0.2,16.5,0.337
2024-03-15 09:00:00+00:00,15.1,79.08144,0.2,16.9,0.338
2024-03-15 10:00:00+00:00,15.7,75.594536,0.1,17.45,0.337
2024-03-15 11:00:00+00:00,15.4,76.0475,0.4,17.7,0.339
2024-03-15 12:00:00+00:00,16.15,72.968025,0.4,17.7,0.341
2024-03-15 13:00:00+00:00,16.95,67.75914,0.0,18.1,0.352
2024-03-15 14:00:00+00:00,16.55,66.78057,1.2,17.45,0.362
2024-03-15 15:00:00+00:00,16.05,71.03879,0.0,16.65,0.36
2024-03-15 16:00:00+00:00,15.7,68.64121,0.0,15.9,0.358
2024-03-15 17:00:00+00:00,15.55,69.303566,0.0,15.35,0.357
2024-03-15 18:00:00+00:00,15.4,68.81094,0.0,15.0,0.356
2024-03-15 19:00:00+00:00,14.95,71.30572,0.0,14.75,0.355
2024-03-15 20:00:00+00:00,14.15,76.60796,0.0,14.35,0.354
2024-03-15 21:00:00+00:00,13.6,82.358444,2.9,14.0,0.387
2024-03-15 22:00:00+00:00,13.05,86.79518,1.2,13.5,0.397
2024-03-15 23:00:00+00:00,13.6,87.71345,0.0,13.45,0.392
2024-03-16 00:00:00+00:00,12.75,89.10444,0.0,13.0,0.387
2024-03-16 01:00:00+00:00,11.05,94.49855,0.0,13.6,0.35
2024-03-16 02:00:00+00:00,11.1,95.13349,0.0,13.1,0.35
2024-03-16 03:00:00+00:00,12.7,93.327675,0.0,13.0,0.349
2024-03-16 04:00:00+00:00,12.5,92.702156,0.1,12.95,0.349
2024-03-16 05:00:00+00:00,12.95,88.53167,1.1,13.25,0.359
2024-03-16 06:00:00+00:00,13.85,84.32499,1.6,13.8,0.378
2024-03-16 07:00:00+00:00,15.7,78.90798,0.0,14.95,0.375
2024-03-16 08:00:00+00:00,16.65,73.057396,0.0,16.3,0.372
2024-03-16 09:00:00+00:00,17.2,70.78744,0.0,17.5,0.368
2024-03-16 10:00:00+00:00,17.7,67.24307,0.0,18.45,0.365
2024-03-16 11:00:00+00:00,18.0,65.11829,0.0,19.35,0.361
2024-03-16 12:00:00+00:00,17.65,66.568886,0.0,19.65,0.358
2024-03-16 13:00:00+00:00,17.9,68.40253,0.5,19.1,0.339
2024-03-16 14:00:00+00:00,17.65,69.48789,0.0,18.55,0.338
2024-03-16 15:00:00+00:00,17.15,71.24614,0.0,17.9,0.338
2024-03-16 16:00:00+00:00,16.5,67.217,0.0,17.0,0.337
2024-03-16 17:00:00+00:00,16.6,65.03019,0.0,16.4,0.336
2024-03-16 18:00:00+00:00,14.4,78.19561,0.0,15.7,0.336
2024-03-16 19:00:00+00:00,16.65,66.57927,0.0,14.9,0.336
2024-03-16 20:00:00+00:00,13.65,81.81834,0.1,14.4,0.336
2024-03-16 21:00:00+00:00,12.3,90.86368,0.0,14.1,0.336
2024-03-16 22:00:00+00:00,12.8,89.40452,0.0,13.9,0.336
2024-03-16 23:00:00+00:00,12.25,91.770294,0.0,13.7,0.335
2024-03-17 00:00:00+00:00,11.85,91.44035,0.0,13.4,0.335
2024-03-17 01:00:00+00:00,11.05,89.56632,0.0,14.45,0.333
2024-03-17 02:00:00+00:00,10.9,89.85642,0.0,13.85,0.333
2024-03-17 03:00:00+00:00,11.1,85.73279,0.0,13.45,0.332
2024-03-17 04:00:00+00:00,11.5,83.491776,0.0,13.25,0.332
2024-03-17 05:00:00+00:00,12.35,83.59246,0.0,13.4,0.332
2024-03-17 06:00:00+00:00,13.7,78.877304,0.0,14.05,0.331
2024-03-17 07:00:00+00:00,15.9,72.20062,0.0,15.35,0.33
2024-03-17 08:00:00+00:00,17.55,64.161766,0.0,16.85,0.328
2024-03-17 09:00:00+00:00,18.45,61.444027,0.1,18.2,0.327
2024-03-17 10:00:00+00:00,19.15,54.65298,0.0,19.2,0.325
2024-03-17 11:00:00+00:00,19.65,49.868317,0.0,19.95,0.323
2024-03-17 12:00:00+00:00,19.85,46.183647,0.0,20.15,0.321
2024-03-17 13:00:00+00:00,20.3,41.807877,0.0,20.1,0.32
2024-03-17 14:00:00+00:00,19.15,54.83636,0.0,19.25,0.319
2024-03-17 15:00:00+00:00,18.5,60.24213,0.0,18.55,0.318
2024-03-17 16:00:00+00:00,17.1,66.01239,0.0,17.65,0.318
2024-03-17 17:00:00+00:00,17.15,58.32702,0.0,17.05,0.318
2024-03-17 18:00:00+00:00,15.7,60.38677,0.0,16.35,0.318
2024-03-17 19:00:00+00:00,14.9,63.56843,0.0,15.75,0.318
2024-03-17 20:00:00+00:00,14.3,61.9325,0.0,15.25,0.318
2024-03-17 21:00:00+00:00,14.2,55.24986,0.0,14.8,0.317
2024-03-17 22:00:00+00:00,14.4,51.945335,0.0,14.5,0.317
2024-03-17 23:00:00+00:00,14.6,53.65316,0.0,14.4,0.317
2024-03-18 00:00:00+00:00,14.3,56.828587,0.0,14.3,0.317
2024-03-18 01:00:00+00:00,13.2,59.370182,0.0,15.0,0.317
2024-03-18 02:00:00+00:00,12.25,72.50376,3.0,13.95,0.352
2024-03-18 03:00:00+00:00,12.3,78.14013,0.2,13.3,0.353
2024-03-18 04:00:00+00:00,12.85,75.37277,0.0,13.05,0.352
2024-03-18 05:00:00+00:00,13.25,77.759895,0.0,13.15,0.351
2024-03-18 06:00:00+00:00,14.15,75.08516,0.2,13.55,0.352
2024-03-18 07:00:00+00:00,14.8,75.69726,0.0,14.2,0.35
2024-03-18 08:00:00+00:00,15.65,72.39518,0.0,15.05,0.349
2024-03-18 09:00:00+00:00,15.3,77.814316,2.5,15.1,0.375
2024-03-18 10:00:00+00:00,15.85,74.37891,0.3,15.6,0.374
2024-03-18 11:00:00+00:00,16.95,69.120834,0.0,16.6,0.371
2024-03-18 12:00:00+00:00,17.85,63.170105,0.0,17.5,0.368
2024-03-18 13:00:00+00:00,18.45,60.230263,0.0,17.55,0.359
2024-03-18 14:00:00+00:00,17.55,63.313004,0.0,17.55,0.357
2024-03-18 15:00:00+00:00,16.85,74.06132,0.0,17.25,0.356
2024-03-18 16:00:00+00:00,15.15,79.87615,0.0,16.3,0.355
2024-03-18 17:00:00+00:00,14.95,83.89503,0.0,15.65,0.354
2024-03-18 18:00:00+00:00,14.2,84.92325,0.0,15.25,0.353
2024-03-18 19:00:00+00:00,13.2,88.846275,0.0,14.8,0.352
2024-03-18 20:00:00+00:00,13.0,90.01405,0.0,14.45,0.351
2024-03-18 21:00:00+00:00,12.3,93.61694,0.0,14.15,0.35
2024-03-18 22:00:00+00:00,12.15,94.85814,0.0,13.95,0.349
2024-03-18 23:00:00+00:00,11.85,96.43109,0.0,13.55,0.349
2024-03-19 00:00:00+00:00,13.05,93.96182,0.0,13.4,0.348
2024-03-19 01:00:00+00:00,11.6,97.06583,0.0,13.2,0.353
2024-03-19 02:00:00+00:00,11.15,97.05559,0.0,12.75,0.352
2024-03-19 03:00:00+00:00,13.7,90.95867,0.0,12.35,0.351
2024-03-19 04:00:00+00:00,14.15,86.90061,0.0,12.05,0.351
2024-03-19 05:00:00+00:00,14.45,85.51161,0.0,12.75,0.35
2024-03-19 06:00:00+00:00,15.15,85.58446,0.0,14.0,0.349
2024-03-19 07:00:00+00:00,16.25,77.19391,0.0,15.5,0.348
2024-03-19 08:00:00+00:00,17.5,67.42435,0.2,17.0,0.348
2024-03-19 09:00:00+00:00,17.3,68.50759,0.2,17.7,0.347
2024-03-19 10:00:00+00:00,17.65,71.33973,0.2,18.4,0.347
2024-03-19 11:00:00+00:00,18.3,67.81148,0.2,18.9,0.346
2024-03-19 12:00:00+00:00,18.35,55.00036,0.0,19.25,0.344
2024-03-19 13:00:00+00:00,19.15,59.40329,0.0,19.45,0.336
2024-03-19 14:00:00+00:00,18.8,63.803185,0.0,19.2,0.335
2024-03-19 15:00:00+00:00,17.45,79.675964,0.0,18.55,0.334
2024-03-19 16:00:00+00:00,16.8,84.10543,0.0,17.7,0.334
2024-03-19 17:00:00+00:00,17.35,75.37034,0.0,17.1,0.334
2024-03-19 18:00:00+00:00,17.45,72.95996,0.0,16.75,0.333
2024-03-19 19:00:00+00:00,16.7,83.279816,0.0,16.35,0.333
2024-03-19 20:00:00+00:00,14.9,91.03896,0.0,15.95,0.333
2024-03-19 21:00:00+00:00,15.15,89.58675,0.0,15.4,0.333
2024-03-19 22:00:00+00:00,15.05,90.16449,0.0,15.2,0.333
2024-03-19 23:00:00+00:00,15.45,87.87824,0.0,15.15,0.333
2024-03-20 00:00:00+00:00,15.15,90.46551,0.0,15.05,0.333
2024-03-20 01:00:00+00:00,13.7,90.66018,0.0,15.45,0.327
2024-03-20 02:00:00+00:00,12.6,90.28339,0.0,14.8,0.327
2024-03-20 03:00:00+00:00,12.0,89.341415,0.0,14.3,0.327
2024-03-20 04:00:00+00:00,11.35,89.8905,0.0,13.85,0.327
2024-03-20 05:00:00+00:00,12.3,88.182045,0.0,13.95,0.327
2024-03-20 06:00:00+00:00,13.65,82.91432,0.0,14.6,0.327
2024-03-20 07:00:00+00:00,14.65,79.54193,0.4,16.05,0.33
2024-03-20 08:00:00+00:00,14.35,83.27397,0.3,16.85,0.332
2024-03-20 09:00:00+00:00,15.9,82.64328,0.0,17.6,0.33
2024-03-20 10:00:00+00:00,16.55,76.98758,0.1,18.5,0.33
2024-03-20 11:00:00+00:00,15.95,79.98767,0.0,18.75,0.328
2024-03-20 12:00:00+00:00,17.0,76.305466,0.0,19.0,0.327
2024-03-20 13:00:00+00:00,17.45,72.24544,0.0,19.45,0.316
2024-03-20 14:00:00+00:00,17.5,74.41621,0.0,19.1,0.315
2024-03-20 15:00:00+00:00,16.8,76.27345,0.5,18.45,0.32
2024-03-20 16:00:00+00:00,14.85,84.99348,6.0,17.0,0.399
2024-03-20 17:00:00+00:00,14.55,89.24819,3.5,16.05,0.422
2024-03-20 18:00:00+00:00,14.65,90.4302,1.6,15.5,0.413
2024-03-20 19:00:00+00:00,14.0,91.27755,3.3,15.15,0.42
2024-03-20 20:00:00+00:00,13.7,94.60862,1.2,14.9,0.418
2024-03-20 21:00:00+00:00,13.95,91.87455,0.5,14.7,0.414
2024-03-20 22:00:00+00:00,14.1,90.095184,0.2,14.45,0.409
2024-03-20 23:00:00+00:00,14.45,87.78957,0.1,14.3,0.404
2024-03-21 00:00:00+00:00,14.15,89.50977,0.6,14.2,0.407
2024-03-21 01:00:00+00:00,14.15,88.05184,0.7,14.55,0.4
2024-03-21 02:00:00+00:00,13.7,89.47485,4.5,14.25,0.418
2024-03-21 03:00:00+00:00,14.45,88.07804,3.6,14.2,0.415
2024-03-21 04:00:00+00:00,14.05,90.09154,0.0,14.05,0.408
2024-03-21 05:00:00+00:00,15.0,88.12585,0.0,14.35,0.403
2024-03-21 06:00:00+00:00,16.0,81.31547,0.1,15.25,0.4
2024-03-21 07:00:00+00:00,16.05,79.21839,0.1,16.35,0.397
2024-03-21 08:00:00+00:00,15.3,82.02891,0.2,16.9,0.395
2024-03-21 09:00:00+00:00,16.15,78.714676,0.0,17.75,0.392
2024-03-21 10:00:00+00:00,16.7,77.77116,0.1,18.7,0.389
2024-03-21 11:00:00+00:00,17.25,73.16407,0.0,19.2,0.386
2024-03-21 12:00:00+00:00,16.65,75.50207,0.2,19.35,0.385
2024-03-21 13:00:00+00:00,17.35,64.545944,0.0,19.3,0.364
2024-03-21 14:00:00+00:00,16.4,69.471855,0.1,18.7,0.363
2024-03-21 15:00:00+00:00,15.7,80.21605,0.0,17.9,0.362
2024-03-21 16:00:00+00:00,15.3,82.84115,0.0,17.05,0.361
2024-03-21 17:00:00+00:00,15.3,80.95684,0.0,16.45,0.36
2024-03-21 18:00:00+00:00,13.55,84.85253,0.9,15.65,0.367
2024-03-21 19:00:00+00:00,12.0,93.60237,1.2,14.85,0.381
2024-03-21 20:00:00+00:00,11.95,89.93569,0.2,14.0,0.381
2024-03-21 21:00:00+00:00,11.6,92.96158,3.6,13.55,0.422
2024-03-21 22:00:00+00:00,11.05,93.86921,0.2,13.05,0.411
2024-03-21 23:00:00+00:00,11.4,95.14469,0.1,12.95,0.404
2024-03-22 00:00:00+00:00,11.45,93.26411,0.0,12.75,0.399
2024-03-22 01:00:00+00:00,11.1,96.41036,0.0,13.15,0.403
2024-03-22 02:00:00+00:00,11.15,95.135376,0.0,12.7,0.401
2024-03-22 03:00:00+00:00,10.9,95.12601,0.0,12.35,0.398
2024-03-22 04:00:00+00:00,10.75,87.15808,0.0,11.95,0.396
2024-03-22 05:00:00+00:00,11.4,67.055626,0.0,11.85,0.394
2024-03-22 06:00:00+00:00,12.2,55.70029,0.0,12.3,0.392
2024-03-22 07:00:00+00:00,13.4,47.301315,0.0,13.3,0.39
2024-03-22 08:00:00+00:00,14.65,43.156704,0.0,14.6,0.387
2024-03-22 09:00:00+00:00,15.8,43.487564,0.0,16.0,0.384
2024-03-22 10:00:00+00:00,16.35,44.72946,0.0,17.3,0.381
2024-03-22 11:00:00+00:00,16.55,44.163975,0.0,18.2,0.378
2024-03-22 12:00:00+00:00,16.15,46.26361,0.0,18.45,0.376
2024-03-22 13:00:00+00:00,16.7,52.921818,0.0,18.2,0.375
2024-03-22 14:00:00+00:00,16.5,51.790756,0.0,17.8,0.373
2024-03-22 15:00:00+00:00,15.7,59.977703,0.3,16.9,0.375
2024-03-22 16:00:00+00:00,14.25,71.1731,0.0,15.85,0.375
2024-03-22 17:00:00+00:00,12.75,81.15571,0.0,14.9,0.375
2024-03-22 18:00:00+00:00,12.95,79.03199,0.0,14.2,0.374
2024-03-22 19:00:00+00:00,11.5,72.11687,0.1,13.65,0.374
2024-03-22 20:00:00+00:00,11.6,73.88736,0.0,13.25,0.374
2024-03-22 21:00:00+00:00,10.85,75.29187,0.0,12.85,0.374
2024-03-22 22:00:00+00:00,10.45,72.169075,0.0,12.5,0.373
2024-03-22 23:00:00+00:00,10.25,68.94304,0.0,12.2,0.373
2024-03-23 00:00:00+00:00,9.85,69.10227,0.0,11.9,0.372
2024-03-23 01:00:00+00:00,10.05,67.000565,0.0,12.95,0.373
2024-03-23 02:00:00+00:00,9.0,77.62995,0.0,12.3,0.372
2024-03-23 03:00:00+00:00,9.15,76.31703,0.0,11.85,0.372
2024-03-23 04:00:00+00:00,9.7,62.14524,0.0,11.55,0.372
2024-03-23 05:00:00+00:00,10.6,57.898823,0.0,11.7,0.371
2024-03-23 06:00:00+00:00,12.05,53.16162,0.0,12.45,0.37
2024-03-23 07:00:00+00:00,13.4,46.136986,0.0,13.55,0.369
2024-03-23 08:00:00+00:00,14.55,40.43941,0.0,14.8,0.367
2024-03-23 09:00:00+00:00,15.35,37.726227,0.0,16.1,0.364
2024-03-23 10:00:00+00:00,15.9,36.683712,0.0,17.3,0.362
2024-03-23 11:00:00+00:00,16.25,36.6545,0.0,18.35,0.36
2024-03-23 12:00:00+00:00,16.3,37.868645,0.0,18.85,0.358
2024-03-23 13:00:00+00:00,16.75,39.65277,0.0,18.9,0.356
2024-03-23 14:00:00+00:00,15.4,53.863926,0.0,18.25,0.355
2024-03-23 15:00:00+00:00,14.35,59.242332,0.0,17.15,0.354
2024-03-23 16:00:00+00:00,13.05,61.638596,0.0,15.85,0.354
2024-03-23 17:00:00+00:00,12.4,67.26785,0.0,14.7,0.354
2024-03-23 18:00:00+00:00,12.5,75.56972,0.0,14.0,0.354
2024-03-23 19:00:00+00:00,11.8,74.42957,0.0,13.55,0.355
2024-03-23 20:00:00+00:00,11.4,74.359825,0.0,13.1,0.355
2024-03-23 21:00:00+00:00,10.75,77.105896,0.0,12.7,0.355
2024-03-23 22:00:00+00:00,10.9,67.41638,0.0,12.35,0.355
2024-03-23 23:00:00+00:00,10.55,56.866817,0.0,12.05,0.355
2024-03-24 00:00:00+00:00,9.85,57.708134,0.0,11.75,0.355
2024-03-24 01:00:00+00:00,9.55,57.838127,0.0,11.75,0.356
2024-03-24 02:00:00+00:00,9.25,57.348648,0.0,11.4,0.356
2024-03-24 03:00:00+00:00,9.2,52.962227,0.0,11.1,0.356
2024-03-24 04:00:00+00:00,9.1,53.707737,0.0,10.9,0.356
2024-03-24 05:00:00+00:00,9.8,58.31648,0.0,11.1,0.356
2024-03-24 06:00:00+00:00,11.5,54.736492,0.0,11.9,0.355
2024-03-24 07:00:00+00:00,13.75,52.501022,0.0,13.2,0.354
2024-03-24 08:00:00+00:00,15.45,44.00471,0.0,14.6,0.352
2024-03-24 09:00:00+00:00,16.45,41.869045,0.0,15.9,0.35
2024-03-24 10:00:00+00:00,17.05,42.935005,0.0,17.05,0.347
2024-03-24 11:00:00+00:00,17.45,43.049404,0.0,17.85,0.345
2024-03-24 12:00:00+00:00,17.8,42.552628,0.0,18.35,0.343
2024-03-24 13:00:00+00:00,17.7,46.537296,0.0,18.55,0.343
2024-03-24 14:00:00+00:00,16.75,54.402267,0.0,18.15,0.342
2024-03-24 15:00:00+00:00,15.9,61.25938,0.0,17.3,0.341
2024-03-24 16:00:00+00:00,14.5,67.023544,0.0,16.05,0.342
2024-03-24 17:00:00+00:00,14.4,65.42949,0.0,15.2,0.342
2024-03-24 18:00:00+00:00,13.95,68.05377,0.0,14.5,0.342
2024-03-24 19:00:00+00:00,13.4,72.469086,0.0,13.95,0.342
2024-03-24 20:00:00+00:00,12.35,77.8839,0.0,13.45,0.342
2024-03-24 21:00:00+00:00,10.9,82.01542,0.0,12.85,0.343
2024-03-24 22:00:00+00:00,13.9,68.50698,0.0,12.2,0.343
2024-03-24 23:00:00+00:00,13.9,68.50698,0.0,11.65,0.343
2024-03-25 00:00:00+00:00,12.0,77.566475,0.0,11.3,0.344
2024-03-25 01:00:00+00:00,14.9,69.17404,0.0,12.7,0.345
2024-03-25 02:00:00+00:00,15.15,67.16018,0.0,12.95,0.345
2024-03-25 03:00:00+00:00,15.3,64.30844,0.0,13.1,0.345
2024-03-25 04:00:00+00:00,15.6,67.028854,0.0,13.3,0.345
2024-03-25 05:00:00+00:00,16.35,64.10957,0.0,13.85,0.345
2024-03-25 06:00:00+00:00,16.75,63.983994,0.1,14.65,0.345
2024-03-25 07:00:00+00:00,17.3,62.4169,0.0,15.55,0.344
2024-03-25 08:00:00+00:00,17.6,61.24593,0.0,16.55,0.343
2024-03-25 09:00:00+00:00,17.55,62.68294,0.1,17.4,0.342
2024-03-25 10:00:00+00:00,17.8,62.531284,0.1,18.0,0.341
2024-03-25 11:00:00+00:00,18.5,57.108738,0.1,18.45,0.341
2024-03-25 12:00:00+00:00,18.3,56.867832,0.3,18.55,0.342
2024-03-25 13:00:00+00:00,18.2,63.458977,0.5,18.15,0.347
2024-03-25 14:00:00+00:00,17.7,70.18691,0.0,17.8,0.346
2024-03-25 15:00:00+00:00,17.65,69.0316,0.0,17.4,0.345
2024-03-25 16:00:00+00:00,17.8,59.077946,0.0,17.0,0.345
2024-03-25 17:00:00+00:00,17.65,67.902405,0.0,16.7,0.344
2024-03-25 18:00:00+00:00,17.4,69.438774,0.0,16.45,0.344
2024-03-25 19:00:00+00:00,17.4,70.592606,0.0,16.3,0.344
2024-03-25 20:00:00+00:00,17.25,71.971924,0.0,16.2,0.344
2024-03-25 21:00:00+00:00,17.15,71.95355,0.0,16.1,0.344
2024-03-25 22:00:00+00:00,17.1,69.3797,0.0,16.05,0.344
2024-03-25 23:00:00+00:00,16.9,73.58454,0.0,16.0,0.344
2024-03-26 00:00:00+00:00,17.0,73.84428,0.0,15.95,0.344
2024-03-26 01:00:00+00:00,17.2,71.25551,0.0,16.65,0.338
2024-03-26 02:00:00+00:00,17.5,68.32181,0.0,16.45,0.338
2024-03-26 03:00:00+00:00,17.5,66.537285,0.0,16.35,0.337
2024-03-26 04:00:00+00:00,17.45,67.86155,0.0,16.25,0.337
2024-03-26 05:00:00+00:00,17.55,70.853806,0.0,16.4,0.337
2024-03-26 06:00:00+00:00,17.45,74.40769,0.0,16.75,0.336
2024-03-26 07:00:00+00:00,17.4,77.37157,0.0,17.35,0.335
2024-03-26 08:00:00+00:00,17.95,80.26266,0.4,18.0,0.337
2024-03-26 09:00:00+00:00,18.5,76.296585,0.1,18.65,0.337
2024-03-26 10:00:00+00:00,18.75,72.48078,0.1,19.2,0.336
2024-03-26 11:00:00+00:00,18.9,72.74343,0.1,19.6,0.336
2024-03-26 12:00:00+00:00,18.95,74.42046,0.1,20.1,0.335
2024-03-26 13:00:00+00:00,19.65,76.72421,0.0,21.6,0.324
2024-03-26 14:00:00+00:00,19.15,75.909225,0.0,21.15,0.323
2024-03-26 15:00:00+00:00,18.15,77.23583,0.0,20.25,0.323
2024-03-26 16:00:00+00:00,16.2,88.801735,0.0,19.0,0.323
2024-03-26 17:00:00+00:00,16.55,93.21877,0.0,18.05,0.323
2024-03-26 18:00:00+00:00,16.4,94.11239,0.0,17.4,0.323
2024-03-26 19:00:00+00:00,15.35,94.98166,0.0,16.85,0.323
2024-03-26 20:00:00+00:00,16.7,92.63104,0.0,16.1,0.324
2024-03-26 21:00:00+00:00,16.45,94.416565,0.0,15.5,0.324
2024-03-26 22:00:00+00:00,16.25,95.3206,0.0,15.1,0.324
2024-03-26 23:00:00+00:00,13.6,98.38567,0.0,14.85,0.324
2024-03-27 00:00:00+00:00,14.1,97.121826,0.0,14.75,0.324
2024-03-27 01:00:00+00:00,16.1,97.16548,0.0,16.5,0.323
2024-03-27 02:00:00+00:00,15.4,87.87384,0.0,16.2,0.323
2024-03-27 03:00:00+00:00,14.9,72.74282,0.0,15.9,0.323
2024-03-27 04:00:00+00:00,14.85,72.24857,0.0,15.6,0.323
2024-03-27 05:00:00+00:00,15.4,72.34949,0.0,15.7,0.323
2024-03-27 06:00:00+00:00,16.2,73.94873,0.0,16.15,0.323
2024-03-27 07:00:00+00:00,17.25,89.745705,0.1,16.8,0.324
2024-03-27 08:00:00+00:00,18.7,80.36438,0.0,18.2,0.323
2024-03-27 09:00:00+00:00,18.3,82.13869,0.0,18.9,0.323
2024-03-27 10:00:00+00:00,18.0,82.89755,0.1,18.8,0.323
2024-03-27 11:00:00+00:00,18.85,77.09442,0.1,19.45,0.323
2024-03-27 12:00:00+00:00,18.7,78.82941,0.0,19.75,0.322
2024-03-27 13:00:00+00:00,18.1,83.981094,0.0,19.2,0.324
2024-03-27 14:00:00+00:00,18.05,82.903564,0.0,19.05,0.324
2024-03-27 15:00:00+00:00,17.7,82.86156,0.0,18.75,0.323
2024-03-27 16:00:00+00:00,16.35,90.841606,0.0,18.0,0.323
2024-03-27 17:00:00+00:00,14.75,94.038925,0.0,17.05,0.324
2024-03-27 18:00:00+00:00,15.4,93.462006,0.0,16.25,0.324
2024-03-27 19:00:00+00:00,14.4,96.81393,0.0,15.7,0.324
2024-03-27 20:00:00+00:00,14.0,96.80414,0.0,15.5,0.324
2024-03-27 21:00:00+00:00,13.7,95.853615,0.0,15.2,0.324
2024-03-27 22:00:00+00:00,13.3,95.21477,0.0,14.95,0.324
2024-03-27 23:00:00+00:00,13.0,94.579865,0.0,14.65,0.324
2024-03-28 00:00:00+00:00,12.7,94.25617,0.0,14.35,0.324
2024-03-28 01:00:00+00:00,13.85,87.73591,0.0,15.15,0.326
2024-03-28 02:00:00+00:00,13.2,87.098045,0.0,14.8,0.326
2024-03-28 03:00:00+00:00,12.9,87.65024,0.0,14.45,0.326
2024-03-28 04:00:00+00:00,12.85,87.645706,0.0,14.25,0.326
2024-03-28 05:00:00+00:00,14.05,85.752365,0.0,14.55,0.326
2024-03-28 06:00:00+00:00,16.15,77.94319,0.0,15.6,0.325
2024-03-28 07:00:00+00:00,18.35,69.85313,0.0,17.0,0.324
2024-03-28 08:00:00+00:00,19.95,60.583973,0.0,18.4,0.322
2024-03-28 09:00:00+00:00,20.7,58.993664,0.0,19.65,0.32
2024-03-28 10:00:00+00:00,21.4,57.069992,0.0,20.75,0.318
2024-03-28 11:00:00+00:00,22.05,55.027733,0.0,21.55,0.316
2024-03-28 12:00:00+00:00,22.1,55.583637,0.0,22.0,0.313
2024-03-28 13:00:00+00:00,22.45,57.70151,0.0,22.1,0.312
2024-03-28 14:00:00+00:00,22.0,57.59194,0.0,21.95,0.311
2024-03-28 15:00:00+00:00,20.45,73.2525,0.0,21.2,0.31
2024-03-28 16:00:00+00:00,20.65,63.794567,0.0,19.8,0.311
2024-03-28 17:00:00+00:00,16.8,79.584724,0.0,18.4,0.311
2024-03-28 18:00:00+00:00,16.65,79.56358,0.0,17.6,0.311
2024-03-28 19:00:00+00:00,16.65,79.04559,0.0,17.0,0.311
2024-03-28 20:00:00+00:00,17.45,73.680695,0.0,16.75,0.311
2024-03-28 21:00:00+00:00,18.25,65.821075,0.0,16.65,0.311
2024-03-28 22:00:00+00:00,17.35,71.049416,0.0,16.55,0.312
2024-03-28 23:00:00+00:00,16.15,76.168915,0.0,16.3,0.312
2024-03-29 00:00:00+00:00,15.4,77.06135,0.0,16.0,0.312
2024-03-29 01:00:00+00:00,15.9,72.68163,0.0,17.25,0.307
2024-03-29 02:00:00+00:00,15.7,71.20927,0.0,16.75,0.307
2024-03-29 03:00:00+00:00,15.95,68.462555,0.0,16.4,0.307
2024-03-29 04:00:00+00:00,15.85,69.131874,0.0,16.15,0.307
2024-03-29 05:00:00+00:00,16.35,69.461975,0.0,16.3,0.307
2024-03-29 06:00:00+00:00,17.95,71.39565,0.0,17.05,0.306
2024-03-29 07:00:00+00:00,19.7,65.91323,0.0,17.9,0.306
2024-03-29 08:00:00+00:00,20.65,60.747654,0.0,18.75,0.305
2024-03-29 09:00:00+00:00,22.25,52.77866,0.0,20.1,0.303
2024-03-29 10:00:00+00:00,23.15,49.974567,0.0,21.25,0.3
2024-03-29 11:00:00+00:00,23.7,48.66247,0.0,22.1,0.298
2024-03-29 12:00:00+00:00,24.15,46.899036,0.0,22.55,0.296
2024-03-29 13:00:00+00:00,24.3,52.280247,0.0,22.65,0.294
2024-03-29 14:00:00+00:00,23.9,57.3103,0.0,22.45,0.292
2024-03-29 15:00:00+00:00,22.8,58.539806,0.0,21.85,0.292
2024-03-29 16:00:00+00:00,21.9,55.533466,0.0,20.9,0.292
2024-03-29 17:00:00+00:00,21.1,58.511932,0.0,20.1,0.292
2024-03-29 18:00:00+00:00,18.95,69.96914,0.0,19.25,0.292
2024-03-29 19:00:00+00:00,18.45,74.5773,0.0,18.6,0.292
2024-03-29 20:00:00+00:00,17.85,77.94464,0.0,18.1,0.292
2024-03-29 21:00:00+00:00,17.6,78.66981,0.0,17.75,0.293
2024-03-29 22:00:00+00:00,17.35,78.63328,0.0,17.4,0.293
2024-03-29 23:00:00+00:00,17.05,76.06423,0.0,17.15,0.293
2024-03-30 00:00:00+00:00,16.8,70.47783,0.0,16.9,0.293
2024-03-30 01:00:00+00:00,15.85,74.37891,0.0,16.45,0.296
2024-03-30 02:00:00+00:00,15.55,74.32736,0.0,16.2,0.296
2024-03-30 03:00:00+00:00,15.55,72.13631,0.0,16.0,0.296
2024-03-30 04:00:00+00:00,15.7,68.183174,0.0,15.85,0.296
2024-03-30 05:00:00+00:00,17.1,65.139145,0.0,16.25,0.296
2024-03-30 06:00:00+00:00,19.1,66.65357,0.0,17.3,0.296
2024-03-30 07:00:00+00:00,21.4,60.724133,0.0,18.7,0.295
2024-03-30 08:00:00+00:00,23.25,55.15017,0.0,20.25,0.293
2024-03-30 09:00:00+00:00,24.5,50.49628,0.0,21.75,0.291
2024-03-30 10:00:00+00:00,25.4,47.392067,0.0,22.95,0.288
2024-03-30 11:00:00+00:00,26.15,45.036766,0.0,23.95,0.286
2024-03-30 12:00:00+00:00,26.2,44.32177,0.0,24.6,0.284
2024-03-30 13:00:00+00:00,24.85,57.540516,0.0,24.7,0.282
2024-03-30 14:00:00+00:00,21.55,79.23512,0.0,24.1,0.281
2024-03-30 15:00:00+00:00,20.4,74.42597,0.0,22.95,0.281
2024-03-30 16:00:00+00:00,19.05,77.12528,0.0,21.6,0.281
2024-03-30 17:00:00+00:00,18.4,78.78606,0.0,20.4,0.281
2024-03-30 18:00:00+00:00,18.2,76.00184,0.0,19.5,0.281
2024-03-30 19:00:00+00:00,16.55,83.26211,0.0,18.7,0.282
2024-03-30 20:00:00+00:00,15.6,88.464714,0.0,17.95,0.282
2024-03-30 21:00:00+00:00,15.35,92.257355,0.0,17.35,0.282
2024-03-30 22:00:00+00:00,15.8,91.68917,0.0,17.05,0.283
2024-03-30 23:00:00+00:00,15.9,91.69534,0.0,16.8,0.283
2024-03-31 00:00:00+00:00,16.05,90.528595,0.0,16.65,0.283
2024-03-31 01:00:00+00:00,15.85,90.514595,0.0,16.95,0.279
2024-03-31 02:00:00+00:00,16.35,89.38918,0.0,16.75,0.279
2024-03-31 03:00:00+00:00,16.4,88.53177,0.0,16.6,0.28
2024-03-31 04:00:00+00:00,16.0,89.073265,0.0,16.5,0.28
2024-03-31 05:00:00+00:00,16.85,84.657295,0.0,16.95,0.28
2024-03-31 06:00:00+00:00,19.05,83.55378,0.0,18.05,0.28
2024-03-31 07:00:00+00:00,21.85,76.821365,0.0,19.65,0.279
2024-03-31 08:00:00+00:00,24.05,69.60873,0.0,21.5,0.278
2024-03-31 09:00:00+00:00,25.2,68.53404,0.0,23.25,0.276
2024-03-31 10:00:00+00:00,25.15,76.84825,0.0,24.7,0.274
2024-03-31 11:00:00+00:00,24.4,79.875465,0.0,25.5,0.272
2024-03-31 12:00:00+00:00,23.95,74.31639,0.0,25.75,0.271
2024-03-31 13:00:00+00:00,23.8,78.08274,0.0,25.65,0.268
2024-03-31 14:00:00+00:00,22.85,77.94347,0.0,25.05,0.267
2024-03-31 15:00:00+00:00,21.55,75.33144,0.0,23.95,0.267
2024-03-31 16:00:00+00:00,19.6,76.96274,0.0,22.4,0.267
2024-03-31 17:00:00+00:00,18.75,79.34524,0.0,21.05,0.268
2024-03-31 18:00:00+00:00,18.05,81.31827,0.0,19.75,0.268
2024-03-31 19:00:00+00:00,19.6,76.22575,0.0,18.65,0.268
2024-03-31 20:00:00+00:00,16.45,87.96597,0.0,17.8,0.269
2024-03-31 21:00:00+00:00,15.25,93.75755,0.0,17.15,0.269
2024-03-31 22:00:00+00:00,16.3,94.71347,0.0,16.6,0.269
2024-03-31 23:00:00+00:00,15.15,96.520256,0.0,16.1,0.27
2024-04-01 00:00:00+00:00,14.65,94.95504,0.0,15.85,0.27
2024-04-01 01:00:00+00:00,13.75,94.30176,0.0,15.35,0.27
2024-04-01 02:00:00+00:00,14.2,94.01415,0.0,15.3,0.271
2024-04-01 03:00:00+00:00,13.4,93.97784,0.0,15.1,0.271
2024-04-01 04:00:00+00:00,14.45,92.506386,0.0,15.0,0.271
2024-04-01 05:00:00+00:00,16.75,86.86417,0.0,15.9,0.272
2024-04-01 06:00:00+00:00,18.85,84.33393,0.0,17.45,0.271
2024-04-01 07:00:00+00:00,21.25,78.94343,0.0,19.35,0.271
2024-04-01 08:00:00+00:00,23.1,73.94172,0.0,21.35,0.269
2024-04-01 09:00:00+00:00,23.95,73.8544,0.0,23.05,0.268
2024-04-01 10:00:00+00:00,24.2,74.35804,0.0,24.35,0.266
2024-04-01 11:00:00+00:00,24.15,74.34972,0.0,25.15,0.264
2024-04-01 12:00:00+00:00,23.7,72.66655,0.0,25.5,0.262
2024-04-01 13:00:00+00:00,23.1,71.42747,0.0,25.2,0.262
2024-04-01 14:00:00+00:00,22.25,74.97091,0.0,24.6,0.261
2024-04-01 15:00:00+00:00,21.3,79.700966,0.0,23.6,0.261
2024-04-01 16:00:00+00:00,19.35,86.83155,0.0,22.2,0.261
2024-04-01 17:00:00+00:00,17.85,91.81412,0.0,20.85,0.261
2024-04-01 18:00:00+00:00,19.7,85.50291,0.0,19.6,0.261
2024-04-01 19:00:00+00:00,18.75,89.85707,0.0,18.65,0.262
2024-04-01 20:00:00+00:00,18.25,94.19312,0.0,17.95,0.262
2024-04-01 21:00:00+00:00,16.65,98.11037,0.0,17.35,0.262
2024-04-01 22:00:00+00:00,17.6,97.81433,0.0,16.85,0.263
2024-04-01 23:00:00+00:00,15.25,99.35972,0.0,16.45,0.263
2024-04-02 00:00:00+00:00,14.1,99.03237,0.0,16.1,0.263
2024-04-02 01:00:00+00:00,15.05,98.403625,0.0,15.8,0.265
2024-04-02 02:00:00+00:00,15.15,92.5455,0.0,15.95,0.265
2024-04-02 03:00:00+00:00,13.55,93.67709,0.0,15.65,0.265
2024-04-02 04:00:00+00:00,14.55,94.02994,0.0,15.45,0.266
2024-04-02 05:00:00+00:00,16.9,84.389336,0.0,16.3,0.266
2024-04-02 06:00:00+00:00,19.05,82.23167,0.0,17.75,0.266
2024-04-02 07:00:00+00:00,21.6,72.987114,0.0,19.6,0.265
2024-04-02 08:00:00+00:00,23.45,64.40505,0.0,21.5,0.264
2024-04-02 09:00:00+00:00,24.5,60.27533,0.0,23.25,0.262
2024-04-02 10:00:00+00:00,24.85,61.907036,0.0,24.55,0.26
2024-04-02 11:00:00+00:00,24.8,64.28801,0.0,25.4,0.258
2024-04-02 12:00:00+00:00,24.05,67.45323,0.0,25.7,0.256
2024-04-02 13:00:00+00:00,23.55,67.99428,0.0,25.25,0.257
2024-04-02 14:00:00+00:00,22.6,73.85686,0.0,24.7,0.256
2024-04-02 15:00:00+00:00,21.5,78.48269,0.0,23.7,0.256
2024-04-02 16:00:00+00:00,18.95,87.346535,0.0,22.25,0.256
2024-04-02 17:00:00+00:00,18.85,85.68773,0.0,20.75,0.256
2024-04-02 18:00:00+00:00,18.45,87.57955,0.0,19.65,0.257
2024-04-02 19:00:00+00:00,19.55,84.14358,0.0,18.75,0.257
2024-04-02 20:00:00+00:00,19.8,85.24331,0.0,18.05,0.257
2024-04-02 21:00:00+00:00,19.3,88.490135,0.0,17.45,0.258
2024-04-02 22:00:00+00:00,18.85,92.45542,0.0,16.85,0.258
2024-04-02 23:00:00+00:00,18.15,95.68857,0.0,16.5,0.258
2024-04-03 00:00:00+00:00,17.7,96.58687,0.0,16.15,0.259
2024-04-03 01:00:00+00:00,13.6,99.67528,0.0,15.2,0.257
2024-04-03 02:00:00+00:00,14.7,89.845215,0.0,15.0,0.258
2024-04-03 03:00:00+00:00,13.3,97.42217,0.0,14.8,0.258
2024-04-03 04:00:00+00:00,14.35,98.39499,0.0,14.85,0.258
2024-04-03 05:00:00+00:00,16.25,93.80418,0.0,15.9,0.258
2024-04-03 06:00:00+00:00,18.4,84.82501,0.0,17.45,0.258
2024-04-03 07:00:00+00:00,20.35,78.814804,0.0,19.35,0.257
2024-04-03 08:00:00+00:00,21.6,73.68598,0.0,21.2,0.256
2024-04-03 09:00:00+00:00,22.3,73.57305,0.0,22.75,0.255
2024-04-03 10:00:00+00:00,22.6,71.33603,0.0,23.9,0.253
2024-04-03 11:00:00+00:00,22.6,70.438286,0.0,24.65,0.251
2024-04-03 12:00:00+00:00,22.2,71.94385,0.0,24.95,0.249
2024-04-03 13:00:00+00:00,22.2,79.57491,0.0,24.75,0.248
2024-04-03 14:00:00+00:00,21.7,80.51086,0.0,24.15,0.247
2024-04-03 15:00:00+00:00,20.8,83.7536,0.0,23.25,0.247
2024-04-03 16:00:00+00:00,19.85,87.70351,0.0,22.05,0.247
2024-04-03 17:00:00+00:00,19.35,89.6182,0.0,20.95,0.248
2024-04-03 18:00:00+00:00,19.15,88.75791,0.0,20.15,0.248
2024-04-03 19:00:00+00:00,19.05,87.35561,0.0,19.55,0.248
2024-04-03 20:00:00+00:00,18.75,87.60624,0.0,19.1,0.248
2024-04-03 21:00:00+00:00,18.35,88.97529,0.0,18.65,0.249
2024-04-03 22:00:00+00:00,17.15,92.65562,0.0,18.25,0.249
2024-04-03 23:00:00+00:00,19.65,86.85967,0.0,17.65,0.249
2024-04-04 00:00:00+00:00,18.5,90.12405,0.0,17.1,0.25
2024-04-04 01:00:00+00:00,18.45,93.31379,0.0,16.5,0.249
2024-04-04 02:00:00+00:00,16.3,96.85976,0.0,16.2,0.249
2024-04-04 03:00:00+00:00,16.45,97.17304,0.0,16.0,0.249
2024-04-04 04:00:00+00:00,16.35,98.73379,0.0,16.05,0.25
2024-04-04 05:00:00+00:00,19.1,95.12087,0.0,17.25,0.25
2024-04-04 06:00:00+00:00,20.15,82.627914,0.0,18.7,0.25
2024-04-04 07:00:00+00:00,20.65,78.60809,0.0,20.1,0.249
2024-04-04 08:00:00+00:00,20.8,77.39269,0.0,21.5,0.248
2024-04-04 09:00:00+00:00,20.9,75.46515,0.0,22.65,0.247
2024-04-04 10:00:00+00:00,21.15,75.50569,0.0,23.55,0.245
2024-04-04 11:00:00+00:00,21.2,77.45317,0.0,24.1,0.243
2024-04-04 12:00:00+00:00,21.2,76.96427,0.0,24.3,0.242
2024-04-04 13:00:00+00:00,21.2,79.68716,0.0,24.05,0.242
2024-04-04 14:00:00+00:00,20.8,81.66991,0.0,23.55,0.241
2024-04-04 15:00:00+00:00,20.25,85.559074,0.0,22.75,0.241
2024-04-04 16:00:00+00:00,19.5,89.0665,0.0,21.7,0.241
2024-04-04 17:00:00+00:00,19.0,90.73108,0.0,20.7,0.241
2024-04-04 18:00:00+00:00,17.45,93.56131,0.0,19.85,0.242
2024-04-04 19:00:00+00:00,17.1,94.14313,0.0,19.05,0.242
2024-04-04 20:00:00+00:00,18.5,91.85315,0.0,18.7,0.242
2024-04-04 21:00:00+00:00,18.75,92.15858,0.0,18.6,0.242
2024-04-04 22:00:00+00:00,18.65,92.15283,0.0,18.5,0.243
2024-04-04 23:00:00+00:00,17.85,93.58043,0.0,18.3,0.243
2024-04-05 00:00:00+00:00,17.9,94.17801,0.1,18.15,0.244
2024-04-05 01:00:00+00:00,18.55,91.56607,0.0,18.65,0.244
2024-04-05 02:00:00+00:00,18.35,92.42759,0.1,18.45,0.245
2024-04-05 03:00:00+00:00,17.75,94.17146,0.1,18.2,0.247
2024-04-05 04:00:00+00:00,17.9,94.776474,0.0,18.1,0.247
2024-04-05 05:00:00+00:00,17.95,95.98496,0.0,18.5,0.247
2024-04-05 06:00:00+00:00,18.5,90.98499,0.0,19.35,0.247
2024-04-05 07:00:00+00:00,19.6,81.00011,0.0,20.65,0.247
2024-04-05 08:00:00+00:00,20.35,74.417534,0.0,21.9,0.246
2024-04-05 09:00:00+00:00,20.6,74.2221,0.0,23.05,0.244
2024-04-05 10:00:00+00:00,20.65,73.05328,0.0,23.85,0.243
2024-04-05 11:00:00+00:00,20.55,70.04969,0.0,24.25,0.241
2024-04-05 12:00:00+00:00,20.4,68.67844,0.0,24.25,0.24
2024-04-05 13:00:00+00:00,20.6,72.11425,0.0,23.95,0.24
2024-04-05 14:00:00+00:00,20.1,74.13721,0.0,23.4,0.239
2024-04-05 15:00:00+00:00,19.65,76.478615,0.0,22.5,0.239
2024-04-05 16:00:00+00:00,19.1,81.45367,0.0,21.45,0.239
2024-04-05 17:00:00+00:00,18.8,82.99304,0.0,20.6,0.239
2024-04-05 18:00:00+00:00,17.35,89.75319,0.0,19.75,0.239
2024-04-05 19:00:00+00:00,16.5,90.851715,0.0,18.95,0.24
2024-04-05 20:00:00+00:00,17.35,86.92073,0.0,18.3,0.24
2024-04-05 21:00:00+00:00,18.7,82.71612,0.0,17.7,0.24
2024-04-05 22:00:00+00:00,18.25,85.62662,0.0,17.15,0.24
2024-04-05 23:00:00+00:00,17.85,89.50462,0.0,16.75,0.241
2024-04-06 00:00:00+00:00,16.4,94.41449,0.0,16.45,0.241
2024-04-06 01:00:00+00:00,14.4,97.76024,0.0,17.0,0.241
2024-04-06 02:00:00+00:00,15.1,96.83092,0.0,16.7,0.241
2024-04-06 03:00:00+00:00,14.9,97.45369,0.0,16.6,0.242
2024-04-06 04:00:00+00:00,14.8,97.7671,0.0,16.6,0.242
2024-04-06 05:00:00+00:00,15.2,98.40547,0.0,17.1,0.242
2024-04-06 06:00:00+00:00,16.4,95.021255,0.0,18.15,0.242
2024-04-06 07:00:00+00:00,18.4,85.096565,0.0,19.8,0.241
2024-04-06 08:00:00+00:00,19.7,77.22512,0.0,21.45,0.24
2024-04-06 09:00:00+00:00,20.3,74.17122,0.0,22.8,0.238
2024-04-06 10:00:00+00:00,20.35,73.235016,0.0,23.7,0.237
2024-04-06 11:00:00+00:00,20.1,69.73774,0.0,24.1,0.235
2024-04-06 12:00:00+00:00,20.15,69.97306,0.0,24.15,0.234
2024-04-06 13:00:00+00:00,20.5,74.920074,0.0,23.9,0.235
2024-04-06 14:00:00+00:00,20.25,69.09396,0.0,23.2,0.234
2024-04-06 15:00:00+00:00,19.95,73.16494,0.0,22.4,0.234
2024-04-06 16:00:00+00:00,19.3,79.1689,0.0,21.4,0.234
2024-04-06 17:00:00+00:00,19.1,80.41833,0.0,20.55,0.234
2024-04-06 18:00:00+00:00,18.95,81.69529,0.0,19.95,0.234
2024-04-06 19:00:00+00:00,18.65,82.97518,0.0,19.45,0.235
2024-04-06 20:00:00+00:00,18.65,82.18216,0.0,19.1,0.235
2024-04-06 21:00:00+00:00,18.7,81.14167,0.0,18.8,0.235
2024-04-06 22:00:00+00:00,18.8,79.097725,0.0,18.65,0.235
2024-04-06 23:00:00+00:00,17.6,86.38817,0.0,18.35,0.236
2024-04-07 00:00:00+00:00,17.55,87.49891,0.0,17.95,0.236
2024-04-07 01:00:00+00:00,15.8,87.62405,0.2,18.75,0.234
2024-04-07 02:00:00+00:00,15.95,89.64773,0.1,17.85,0.235
2024-04-07 03:00:00+00:00,16.0,89.361984,0.0,17.3,0.235
2024-04-07 04:00:00+00:00,15.7,93.47668,0.0,17.0,0.236
2024-04-07 05:00:00+00:00,16.9,85.76427,0.0,17.5,0.236
2024-04-07 06:00:00+00:00,17.85,79.21757,0.0,18.25,0.236
2024-04-07 07:00:00+00:00,18.4,74.08603,0.1,19.2,0.236
2024-04-07 08:00:00+00:00,18.9,71.80482,0.0,20.4,0.236
2024-04-07 09:00:00+00:00,19.4,69.60214,0.0,21.55,0.235
2024-04-07 10:00:00+00:00,19.9,67.037796,0.0,22.7,0.233
2024-04-07 11:00:00+00:00,20.3,66.90294,0.0,23.65,0.232
2024-04-07 12:00:00+00:00,20.0,69.94423,0.1,23.95,0.231
2024-04-07 13:00:00+00:00,20.8,70.09745,0.0,24.1,0.225
2024-04-07 14:00:00+00:00,20.1,73.89971,0.0,23.5,0.224
2024-04-07 15:00:00+00:00,19.0,79.38051,0.0,22.55,0.224
2024-04-07 16:00:00+00:00,18.45,83.21751,0.0,21.45,0.224
2024-04-07 17:00:00+00:00,18.25,87.561676,0.0,20.5,0.224
2024-04-07 18:00:00+00:00,18.2,88.398506,0.0,19.8,0.225
2024-04-07 19:00:00+00:00,13.9,95.85994,4.3,18.6,0.279
2024-04-07 20:00:00+00:00,14.2,96.18172,0.8,17.5,0.289
2024-04-07 21:00:00+00:00,15.2,93.45219,0.4,17.0,0.295
2024-04-07 22:00:00+00:00,15.65,91.38385,0.0,16.65,0.295
2024-04-07 23:00:00+00:00,15.8,91.39338,0.0,16.45,0.295
2024-04-08 00:00:00+00:00,15.35,94.675514,0.0,16.3,0.294
2024-04-08 01:00:00+00:00,16.75,81.41309,0.0,16.9,0.286
2024-04-08 02:00:00+00:00,14.45,91.30674,0.0,16.3,0.286
2024-04-08 03:00:00+00:00,14.75,93.734055,0.0,16.2,0.286
2024-04-08 04:00:00+00:00,14.1,91.88364,0.0,16.0,0.286
2024-04-08 05:00:00+00:00,15.05,87.55643,0.0,16.25,0.286
2024-04-08 06:00:00+00:00,16.45,83.250275,0.0,17.2,0.285
2024-04-08 07:00:00+00:00,18.35,72.17299,0.0,18.45,0.284
2024-04-08 08:00:00+00:00,20.35,59.886127,0.0,20.15,0.283
2024-04-08 09:00:00+00:00,20.25,56.785564,0.0,21.2,0.281
2024-04-08 10:00:00+00:00,19.2,68.21654,0.1,21.95,0.28
2024-04-08 11:00:00+00:00,19.65,66.33418,0.0,22.2,0.278
2024-04-08 12:00:00+00:00,19.2,66.239525,0.0,22.05,0.277
2024-04-08 13:00:00+00:00,19.95,66.61345,0.0,22.7,0.292
2024-04-08 14:00:00+00:00,20.35,61.478287,0.0,22.3,0.29
2024-04-08 15:00:00+00:00,19.65,62.128807,0.0,21.55,0.29
2024-04-08 16:00:00+00:00,18.4,70.78255,0.0,20.55,0.289
2024-04-08 17:00:00+00:00,17.35,77.86945,0.0,19.55,0.289
2024-04-08 18:00:00+00:00,16.7,82.74078,0.0,18.85,0.289
2024-04-08 19:00:00+00:00,15.95,81.04316,0.0,18.2,0.288
2024-04-08 20:00:00+00:00,15.3,82.02891,0.0,17.7,0.288
2024-04-08 21:00:00+00:00,15.05,80.923485,0.0,17.25,0.288
2024-04-08 22:00:00+00:00,15.25,78.842354,0.0,16.95,0.288
2024-04-08 23:00:00+00:00,15.25,80.684,0.0,16.8,0.287
2024-04-09 00:00:00+00:00,15.6,75.578026,0.0,16.7,0.287
2024-04-09 01:00:00+00:00,15.3,81.22369,1.2,16.35,0.301
2024-04-09 02:00:00+00:00,15.05,89.28764,2.4,16.0,0.333
2024-04-09 03:00:00+00:00,14.85,88.40134,1.6,15.7,0.353
2024-04-09 04:00:00+00:00,14.95,85.563705,0.1,15.45,0.351
2024-04-09 05:00:00+00:00,15.75,83.4395,0.0,15.7,0.349
2024-04-09 06:00:00+00:00,17.05,77.82418,0.0,16.5,0.346
2024-04-09 07:00:00+00:00,18.8,70.16868,0.0,17.7,0.343
2024-04-09 08:00:00+00:00,20.55,59.737186,0.0,19.15,0.34
2024-04-09 09:00:00+00:00,21.65,56.758694,0.0,20.5,0.336
2024-04-09 10:00:00+00:00,22.35,53.67855,0.0,21.75,0.332
2024-04-09 11:00:00+00:00,22.75,50.69663,0.0,22.75,0.328
2024-04-09 12:00:00+00:00,22.8,47.782726,0.0,23.15,0.325
2024-04-09 13:00:00+00:00,20.75,58.044582,0.0,22.95,0.275
2024-04-09 14:00:00+00:00,20.65,56.884773,0.0,22.4,0.273
2024-04-09 15:00:00+00:00,19.65,65.04702,0.0,21.45,0.273
2024-04-09 16:00:00+00:00,17.8,74.22467,0.0,20.45,0.273
2024-04-09 17:00:00+00:00,16.75,79.31844,0.0,19.45,0.272
2024-04-09 18:00:00+00:00,16.1,87.93537,0.0,18.75,0.272
2024-04-09 19:00:00+00:00,16.3,84.048965,0.0,18.2,0.272
2024-04-09 20:00:00+00:00,16.05,81.5884,0.0,17.85,0.272
2024-04-09 21:00:00+00:00,14.85,88.980865,0.0,17.3,0.272
2024-04-09 22:00:00+00:00,14.35,90.11349,0.0,16.8,0.272
2024-04-09 23:00:00+00:00,14.6,90.72239,0.0,16.4,0.272
2024-04-10 00:00:00+00:00,14.45,91.30674,0.0,16.2,0.272
2024-04-10 01:00:00+00:00,16.3,86.540695,0.0,16.95,0.286
2024-04-10 02:00:00+00:00,15.65,90.79419,0.1,16.8,0.286
2024-04-10 03:00:00+00:00,14.5,94.64119,0.0,16.45,0.286
2024-04-10 04:00:00+00:00,16.1,92.8966,0.0,16.5,0.286
2024-04-10 05:00:00+00:00,16.85,82.22352,1.2,16.85,0.299
2024-04-10 06:00:00+00:00,17.15,73.62831,0.5,17.35,0.304
2024-04-10 07:00:00+00:00,17.05,76.814156,0.0,17.7,0.304
2024-04-10 08:00:00+00:00,17.7,76.41711,0.0,18.7,0.303
2024-04-10 09:00:00+00:00,17.55,76.892494,0.0,19.2,0.302
2024-04-10 10:00:00+00:00,17.2,78.10094,0.0,19.45,0.301
2024-04-10 11:00:00+00:00,18.15,75.25705,0.0,20.5,0.299
2024-04-10 12:00:00+00:00,18.8,71.55336,0.0,21.2,0.297
2024-04-10 13:00:00+00:00,18.6,78.30877,0.2,21.2,0.358
2024-04-10 14:00:00+00:00,17.85,81.81839,0.1,20.8,0.355
2024-04-10 15:00:00+00:00,17.75,79.97628,0.0,20.15,0.353
2024-04-10 16:00:00+00:00,17.6,80.73588,0.0,19.35,0.351
2024-04-10 17:00:00+00:00,17.65,82.588806,0.0,18.7,0.349
2024-04-10 18:00:00+00:00,16.5,89.40081,0.0,18.15,0.347
2024-04-10 19:00:00+00:00,16.9,85.76427,0.0,17.5,0.346
2024-04-10 20:00:00+00:00,15.4,91.664474,0.0,16.95,0.344
2024-04-10 21:00:00+00:00,16.45,87.399254,0.0,16.45,0.343
2024-04-10 22:00:00+00:00,17.75,83.94153,0.0,16.0,0.342
2024-04-10 23:00:00+00:00,17.7,83.66613,0.0,15.65,0.341
2024-04-11 00:00:00+00:00,17.65,82.32281,0.0,15.35,0.34
2024-04-11 01:00:00+00:00,14.35,97.75936,0.0,15.9,0.338
2024-04-11 02:00:00+00:00,14.45,98.715164,0.0,15.65,0.337
2024-04-11 03:00:00+00:00,14.75,95.88665,0.0,15.6,0.336
2024-04-11 04:00:00+00:00,15.0,94.66141,0.0,15.75,0.335
2024-04-11 05:00:00+00:00,15.35,98.72404,0.0,16.3,0.334
2024-04-11 06:00:00+00:00,17.0,92.94403,0.0,17.45,0.333
2024-04-11 07:00:00+00:00,18.6,81.38935,0.0,18.95,0.331
2024-04-11 08:00:00+00:00,19.45,73.31329,0.0,20.4,0.329
2024-04-11 09:00:00+00:00,19.6,71.932785,0.0,21.15,0.327
2024-04-11 10:00:00+00:00,19.65,70.78815,0.0,21.85,0.324
2024-04-11 11:00:00+00:00,19.95,69.035034,0.0,22.45,0.321
2024-04-11 12:00:00+00:00,20.15,69.97306,0.0,22.8,0.319
2024-04-11 13:00:00+00:00,20.35,68.44691,0.0,22.75,0.316
2024-04-11 14:00:00+00:00,19.95,75.06914,0.0,22.3,0.314
2024-04-11 15:00:00+00:00,19.5,76.45498,0.0,21.55,0.313
2024-04-11 16:00:00+00:00,18.5,83.49023,0.0,20.55,0.313
2024-04-11 17:00:00+00:00,17.65,88.63538,0.0,19.55,0.313
2024-04-11 18:00:00+00:00,17.65,88.91924,0.0,18.9,0.312
2024-04-11 19:00:00+00:00,16.45,92.320404,0.0,18.25,0.312
2024-04-11 20:00:00+00:00,16.7,92.03908,0.0,17.8,0.312
2024-04-11 21:00:00+00:00,16.7,91.45046,0.0,17.3,0.312
2024-04-11 22:00:00+00:00,17.45,90.625465,0.0,17.0,0.311
2024-04-11 23:00:00+00:00,17.5,93.26652,0.0,16.7,0.311
2024-04-12 00:00:00+00:00,16.2,97.16766,0.0,16.35,0.311
2024-04-12 01:00:00+00:00,17.75,88.92724,0.0,17.45,0.31
2024-04-12 02:00:00+00:00,16.1,94.70549,0.0,17.0,0.309
2024-04-12 03:00:00+00:00,15.4,97.46342,0.0,16.7,0.309
2024-04-12 04:00:00+00:00,16.05,96.853775,0.0,16.75,0.309
2024-04-12 05:00:00+00:00,16.85,95.951584,0.0,17.45,0.309
2024-04-12 06:00:00+00:00,18.25,87.84124,0.0,18.65,0.308
2024-04-12 07:00:00+00:00,19.5,76.70077,0.0,20.15,0.307
2024-04-12 08:00:00+00:00,20.55,71.41424,0.0,21.65,0.305
2024-04-12 09:00:00+00:00,20.95,71.48783,0.0,22.75,0.302
2024-04-12 10:00:00+00:00,20.8,77.147316,0.0,23.5,0.3
2024-04-12 11:00:00+00:00,20.45,80.34392,0.0,23.9,0.298
2024-04-12 12:00:00+00:00,20.5,77.10139,0.0,24.05,0.296
2024-04-12 13:00:00+00:00,20.4,83.18167,0.6,22.9,0.3
2024-04-12 14:00:00+00:00,20.35,84.76481,0.2,22.15,0.301
2024-04-12 15:00:00+00:00,20.15,85.81889,0.0,21.55,0.301
2024-04-12 16:00:00+00:00,19.3,92.48035,0.0,20.8,0.301
2024-04-12 17:00:00+00:00,18.15,95.68857,0.0,20.0,0.301
2024-04-12 18:00:00+00:00,19.0,91.01786,0.0,19.2,0.301
2024-04-12 19:00:00+00:00,17.9,93.880005,0.0,18.6,0.3
2024-04-12 20:00:00+00:00,19.2,89.89016,0.0,18.05,0.3
2024-04-12 21:00:00+00:00,16.95,95.345215,0.0,17.6,0.3
2024-04-12 22:00:00+00:00,16.1,97.7892,0.0,17.3,0.3
2024-04-12 23:00:00+00:00,15.8,99.68077,0.0,17.05,0.3
2024-04-13 00:00:00+00:00,15.85,100.0,0.0,16.8,0.3
2024-04-13 01:00:00+00:00,17.7,94.768654,0.0,17.9,0.291
2024-04-13 02:00:00+00:00,17.5,95.66745,0.0,17.85,0.291
2024-04-13 03:00:00+00:00,16.8,97.49033,0.0,17.7,0.291
2024-04-13 04:00:00+00:00,18.05,95.988,0.0,17.8,0.291
2024-04-13 05:00:00+00:00,18.4,94.79594,0.0,18.5,0.291
2024-04-13 06:00:00+00:00,19.35,88.49425,0.0,19.55,0.291
2024-04-13 07:00:00+00:00,20.5,82.40942,0.1,20.9,0.291
2024-04-13 08:00:00+00:00,21.15,78.9292,0.1,21.9,0.291
2024-04-13 09:00:00+00:00,21.35,81.739105,0.2,22.95,0.291
2024-04-13 10:00:00+00:00,20.95,84.56312,0.1,23.75,0.29
2024-04-13 11:00:00+00:00,20.9,83.764885,0.0,24.2,0.288
2024-04-13 12:00:00+00:00,21.1,81.45092,0.0,24.4,0.286
2024-04-13 13:00:00+00:00,21.45,75.31514,0.0,24.2,0.28
2024-04-13 14:00:00+00:00,21.15,75.50569,0.0,23.65,0.279
2024-04-13 15:00:00+00:00,20.6,77.85567,0.0,22.95,0.278
2024-04-13 16:00:00+00:00,19.65,86.85967,0.0,21.95,0.278
2024-04-13 17:00:00+00:00,18.85,92.45542,0.0,21.0,0.278
2024-04-13 18:00:00+00:00,19.15,91.31498,0.1,20.3,0.279
2024-04-13 19:00:00+00:00,19.45,88.78215,0.0,19.8,0.279
2024-04-13 20:00:00+00:00,17.65,95.67236,0.0,19.1,0.279
2024-04-13 21:00:00+00:00,16.7,96.869255,0.0,18.55,0.279
2024-04-13 22:00:00+00:00,17.55,94.76281,0.0,18.25,0.279
2024-04-13 23:00:00+00:00,17.4,95.0585,0.0,18.05,0.279
2024-04-14 00:00:00+00:00,16.8,95.95006,0.0,17.8,0.279
2024-04-14 01:00:00+00:00,16.5,88.82618,0.4,19.1,0.283
2024-04-14 02:00:00+00:00,15.95,94.39557,0.0,18.2,0.283
2024-04-14 03:00:00+00:00,16.2,94.103546,0.0,17.7,0.283
2024-04-14 04:00:00+00:00,17.1,88.30582,0.0,17.55,0.283
2024-04-14 05:00:00+00:00,17.8,87.52136,0.0,18.3,0.283
2024-04-14 06:00:00+00:00,18.55,87.86748,0.0,19.55,0.283
2024-04-14 07:00:00+00:00,19.55,84.67892,0.0,21.0,0.282
2024-04-14 08:00:00+00:00,20.6,78.35177,0.0,22.35,0.281
2024-04-14 09:00:00+00:00,21.45,73.6602,0.0,23.5,0.279
2024-04-14 10:00:00+00:00,21.9,70.53067,0.0,24.25,0.277
2024-04-14 11:00:00+00:00,22.1,64.526054,0.0,24.6,0.275
2024-04-14 12:00:00+00:00,21.6,66.74015,0.0,24.45,0.273
2024-04-14 13:00:00+00:00,24.45,56.34868,0.0,25.3,0.264
2024-04-14 14:00:00+00:00,23.15,68.34626,0.0,24.9,0.263
2024-04-14 15:00:00+00:00,21.3,81.99,0.0,24.05,0.262
2024-04-14 16:00:00+00:00,20.2,88.01014,0.0,22.9,0.262
2024-04-14 17:00:00+00:00,19.65,90.774864,0.0,21.8,0.263
2024-04-14 18:00:00+00:00,18.3,93.30637,0.0,20.95,0.263
2024-04-14 19:00:00+00:00,20.05,84.73268,0.0,19.95,0.263
2024-04-14 20:00:00+00:00,16.95,92.34883,0.0,19.25,0.263
2024-04-14 21:00:00+00:00,17.65,86.116295,0.0,18.65,0.263
2024-04-14 22:00:00+00:00,17.85,79.73183,0.0,18.45,0.263
2024-04-14 23:00:00+00:00,18.0,64.68852,0.0,18.2,0.263
2024-04-15 00:00:00+00:00,17.95,50.430347,0.0,17.95,0.263
2024-04-15 01:00:00+00:00,16.3,95.628136,0.0,18.45,0.265
2024-04-15 02:00:00+00:00,15.85,88.48572,0.0,17.85,0.266
2024-04-15 03:00:00+00:00,15.7,79.16808,0.0,17.3,0.266
2024-04-15 04:00:00+00:00,16.4,66.74901,0.0,17.05,0.266
2024-04-15 05:00:00+00:00,17.8,61.703114,0.0,17.55,0.265
2024-04-15 06:00:00+00:00,19.55,53.48849,0.0,18.75,0.265
2024-04-15 07:00:00+00:00,21.2,49.950253,0.0,20.3,0.263
2024-04-15 08:00:00+00:00,22.8,43.671085,0.0,21.9,0.261
2024-04-15 09:00:00+00:00,24.25,38.694767,0.0,23.4,0.259
2024-04-15 10:00:00+00:00,25.25,36.084873,0.0,24.75,0.256
2024-04-15 11:00:00+00:00,24.9,49.625324,0.0,25.8,0.254
2024-04-15 12:00:00+00:00,23.4,71.482185,0.0,26.15,0.252
2024-04-15 13:00:00+00:00,22.2,63.51841,0.0,25.75,0.248
2024-04-15 14:00:00+00:00,21.55,63.992302,0.0,25.0,0.247
2024-04-15 15:00:00+00:00,21.4,71.57031,0.0,24.0,0.247
2024-04-15 16:00:00+00:00,20.3,69.551544,0.0,22.8,0.247
2024-04-15 17:00:00+00:00,19.85,72.912254,0.0,21.65,0.247
2024-04-15 18:00:00+00:00,19.8,69.45435,0.0,20.85,0.247
2024-04-15 19:00:00+00:00,19.35,73.29578,0.0,19.9,0.247
2024-04-15 20:00:00+00:00,20.1,72.02373,0.0,19.05,0.247
2024-04-15 21:00:00+00:00,17.8,85.30638,0.0,18.35,0.247
2024-04-15 22:00:00+00:00,15.9,94.69753,0.0,17.8,0.248
2024-04-15 23:00:00+00:00,16.65,94.727356,0.0,17.35,0.248
2024-04-16 00:00:00+00:00,18.65,91.57225,0.0,16.95,0.248
2024-04-16 01:00:00+00:00,18.75,87.88488,0.0,16.9,0.248
2024-04-16 02:00:00+00:00,18.0,93.884544,0.0,16.55,0.248
2024-04-16 03:00:00+00:00,16.75,97.48938,0.0,16.25,0.248
2024-04-16 04:00:00+00:00,16.75,97.800125,0.0,16.5,0.249
2024-04-16 05:00:00+00:00,17.75,91.808075,0.0,17.55,0.249
2024-04-16 06:00:00+00:00,19.5,82.287094,0.0,19.05,0.248
2024-04-16 07:00:00+00:00,21.3,73.63442,0.0,20.8,0.247
2024-04-16 08:00:00+00:00,22.9,66.37042,0.0,22.6,0.246
2024-04-16 09:00:00+00:00,23.9,60.135998,0.0,24.2,0.244
2024-04-16 10:00:00+00:00,24.05,60.17091,0.0,25.35,0.242
2024-04-16 11:00:00+00:00,23.75,63.6552,0.0,26.05,0.239
2024-04-16 12:00:00+00:00,23.3,63.556686,0.0,26.3,0.238
2024-04-16 13:00:00+00:00,22.8,73.19646,0.0,26.15,0.236
2024-04-16 14:00:00+00:00,22.05,76.6106,0.0,25.5,0.235
2024-04-16 15:00:00+00:00,21.55,77.750916,0.0,24.5,0.235
2024-04-16 16:00:00+00:00,19.65,88.798325,0.0,23.2,0.235
2024-04-16 17:00:00+00:00,20.9,79.39432,0.0,21.6,0.235
2024-04-16 18:00:00+00:00,20.4,82.919464,0.0,20.4,0.236
2024-04-16 19:00:00+00:00,19.8,89.37066,0.0,19.5,0.236
2024-04-16 20:00:00+00:00,17.2,96.8811,0.0,18.8,0.236
2024-04-16 21:00:00+00:00,16.55,96.865685,0.0,18.3,0.236
2024-04-16 22:00:00+00:00,16.45,93.813446,0.0,17.95,0.236
2024-04-16 23:00:00+00:00,16.8,91.16393,0.0,17.5,0.237
2024-04-17 00:00:00+00:00,15.95,94.699524,0.0,17.2,0.237
2024-04-17 01:00:00+00:00,16.35,92.909805,0.0,17.7,0.235
2024-04-17 02:00:00+00:00,15.7,94.08139,0.0,17.4,0.235
2024-04-17 03:00:00+00:00,14.8,95.26903,0.0,17.0,0.236
2024-04-17 04:00:00+00:00,16.7,89.128944,0.0,17.1,0.236
2024-04-17 05:00:00+00:00,18.25,82.3967,0.0,17.95,0.236
2024-04-17 06:00:00+00:00,20.75,74.96146,0.0,19.45,0.235
2024-04-17 07:00:00+00:00,23.3,64.78416,0.0,21.2,0.234
2024-04-17 08:00:00+00:00,25.45,54.990894,0.0,23.05,0.233
2024-04-17 09:00:00+00:00,26.85,47.474796,0.0,24.8,0.231
2024-04-17 10:00:00+00:00,27.8,42.91772,0.0,26.35,0.228
2024-04-17 11:00:00+00:00,27.9,46.250248,0.0,27.5,0.226
2024-04-17 12:00:00+00:00,27.1,60.304222,0.0,28.05,0.224
2024-04-17 13:00:00+00:00,25.5,71.196495,0.0,27.8,0.222
2024-04-17 14:00:00+00:00,25.0,75.184456,0.0,27.3,0.221
2024-04-17 15:00:00+00:00,24.2,78.62551,0.0,26.35,0.221
2024-04-17 16:00:00+00:00,22.0,82.33318,0.0,24.9,0.221
2024-04-17 17:00:00+00:00,22.85,76.97484,0.0,23.25,0.221
2024-04-17 18:00:00+00:00,22.75,79.650635,0.0,21.95,0.221
2024-04-17 19:00:00+00:00,22.3,83.401764,0.0,20.9,0.222
2024-04-17 20:00:00+00:00,21.35,85.670494,0.0,20.15,0.222
2024-04-17 21:00:00+00:00,21.8,82.825134,0.0,19.5,0.222
2024-04-17 22:00:00+00:00,21.35,82.25397,0.0,18.95,0.222
2024-04-17 23:00:00+00:00,18.2,93.59709,0.0,18.75,0.223
2024-04-18 00:00:00+00:00,18.65,90.134834,0.0,18.8,0.223
2024-04-18 01:00:00+00:00,19.05,91.59689,0.0,20.35,0.222
2024-04-18 02:00:00+00:00,18.55,90.12765,0.0,19.85,0.222
2024-04-18 03:00:00+00:00,18.15,87.8325,0.0,19.45,0.222
2024-04-18 04:00:00+00:00,19.15,81.72066,0.0,19.35,0.222
2024-04-18 05:00:00+00:00,20.8,75.4489,0.0,20.1,0.222
2024-04-18 06:00:00+00:00,23.4,69.26533,0.0,21.5,0.222
2024-04-18 07:00:00+00:00,26.05,56.20235,0.0,23.15,0.22
2024-04-18 08:00:00+00:00,27.8,48.343174,0.0,24.95,0.219
2024-04-18 09:00:00+00:00,26.75,56.73061,0.0,26.5,0.217
2024-04-18 10:00:00+00:00,24.05,72.95537,0.0,26.95,0.215
2024-04-18 11:00:00+00:00,23.5,76.59523,0.0,27.0,0.213
2024-04-18 12:00:00+00:00,23.4,73.7611,0.0,26.9,0.212
2024-04-18 13:00:00+00:00,23.2,76.78816,0.0,26.4,0.212
2024-04-18 14:00:00+00:00,22.25,81.59655,0.0,25.8,0.211
2024-04-18 15:00:00+00:00,21.4,84.61161,0.0,24.85,0.211
2024-04-18 16:00:00+00:00,20.8,82.9668,0.0,23.7,0.211
2024-04-18 17:00:00+00:00,20.55,82.93724,0.0,22.75,0.211
2024-04-18 18:00:00+00:00,20.55,83.19919,0.0,22.05,0.211
2024-04-18 19:00:00+00:00,20.45,82.663994,0.0,21.55,0.211
2024-04-18 20:00:00+00:00,20.35,81.61302,0.0,21.15,0.211
2024-04-18 21:00:00+00:00,20.15,81.587654,0.0,20.8,0.212
2024-04-18 22:00:00+00:00,20.05,82.61586,0.0,20.6,0.212
2024-04-18 23:00:00+00:00,19.7,84.69505,0.0,20.4,0.212
2024-04-19 00:00:00+00:00,19.4,86.01551,0.0,20.2,0.212
2024-04-19 01:00:00+00:00,19.7,82.57353,0.0,20.75,0.212
2024-04-19 02:00:00+00:00,19.8,80.00109,0.0,20.45,0.213
2024-04-19 03:00:00+00:00,19.9,78.24918,0.0,20.3,0.213
2024-04-19 04:00:00+00:00,20.05,78.02204,0.0,20.25,0.213
2024-04-19 05:00:00+00:00,20.55,73.74047,0.0,20.6,0.213
2024-04-19 06:00:00+00:00,21.05,71.27775,0.1,21.3,0.213
2024-04-19 07:00:00+00:00,21.35,72.71127,0.2,22.05,0.214
2024-04-19 08:00:00+00:00,21.5,72.50668,0.2,22.75,0.215
2024-04-19 09:00:00+00:00,21.85,70.97186,0.0,23.7,0.214
2024-04-19 10:00:00+00:00,22.05,68.345634,0.0,24.7,0.213
2024-04-19 11:00:00+00:00,22.15,67.71383,0.0,25.3,0.211
2024-04-19 12:00:00+00:00,21.95,68.76366,0.0,25.5,0.21
2024-04-19 13:00:00+00:00,21.4,68.65528,0.0,25.55,0.206
2024-04-19 14:00:00+00:00,21.05,69.02834,0.0,25.0,0.205
2024-04-19 15:00:00+00:00,20.55,71.1852,0.0,24.15,0.205
2024-04-19 16:00:00+00:00,19.75,77.23276,0.0,23.05,0.205
2024-04-19 17:00:00+00:00,19.25,81.47289,0.0,21.95,0.205
2024-04-19 18:00:00+00:00,19.1,83.55953,0.0,21.15,0.205
2024-04-19 19:00:00+00:00,18.95,85.69788,0.0,20.55,0.205
2024-04-19 20:00:00+00:00,18.95,85.69788,0.0,20.2,0.206
2024-04-19 21:00:00+00:00,18.9,85.96579,0.0,19.9,0.206
2024-04-19 22:00:00+00:00,18.75,86.49954,0.0,19.65,0.206
2024-04-19 23:00:00+00:00,17.9,89.223495,0.0,19.3,0.206
2024-04-20 00:00:00+00:00,16.75,91.45362,0.0,18.85,0.206
2024-04-20 01:00:00+00:00,18.55,82.43354,0.0,19.95,0.206
2024-04-20 02:00:00+00:00,17.85,87.525856,0.0,19.5,0.206
2024-04-20 03:00:00+00:00,17.3,90.037224,0.0,19.0,0.206
2024-04-20 04:00:00+00:00,18.6,84.576,0.0,19.05,0.206
2024-04-20 05:00:00+00:00,19.4,77.925316,0.0,19.75,0.206
2024-04-20 06:00:00+00:00,20.05,74.366936,0.0,20.95,0.206
2024-04-20 07:00:00+00:00,20.65,70.068825,0.0,22.3,0.205
2024-04-20 08:00:00+00:00,21.05,69.02834,0.0,23.65,0.204
2024-04-20 09:00:00+00:00,21.25,67.96747,0.0,24.7,0.202
2024-04-20 10:00:00+00:00,21.45,67.78968,0.0,25.6,0.201
2024-04-20 11:00:00+00:00,21.45,68.007614,0.0,26.15,0.199
2024-04-20 12:00:00+00:00,21.45,68.007614,0.0,26.2,0.198
2024-04-20 13:00:00+00:00,20.8,72.61367,0.0,25.5,0.201
2024-04-20 14:00:00+00:00,20.3,73.46152,0.0,24.6,0.2
2024-04-20 15:00:00+00:00,19.8,76.25752,0.0,23.55,0.2
2024-04-20 16:00:00+00:00,19.4,78.9301,0.0,22.55,0.2
2024-04-20 17:00:00+00:00,19.25,81.733284,0.0,21.6,0.2
2024-04-20 18:00:00+00:00,19.45,79.95312,0.0,21.0,0.2
2024-04-20 19:00:00+00:00,19.35,80.70929,0.0,20.5,0.2
2024-04-20 20:00:00+00:00,19.35,80.45193,0.0,20.15,0.2
2024-04-20 21:00:00+00:00,19.45,78.685074,0.0,19.85,0.2
2024-04-20 22:00:00+00:00,18.95,80.14087,0.2,19.65,0.203
2024-04-20 23:00:00+00:00,18.2,85.07539,0.1,19.3,0.203
2024-04-21 00:00:00+00:00,18.95,81.43438,0.0,18.9,0.204
2024-04-21 01:00:00+00:00,17.5,88.90714,0.0,19.4,0.202
2024-04-21 02:00:00+00:00,16.45,91.43467,0.0,18.65,0.203
2024-04-21 03:00:00+00:00,16.45,87.399254,0.0,17.95,0.203
2024-04-21 04:00:00+00:00,18.55,78.04932,0.0,17.9,0.203
2024-04-21 05:00:00+00:00,19.45,71.90545,0.0,18.6,0.203
2024-04-21 06:00:00+00:00,20.45,65.64412,0.0,19.65,0.203
2024-04-21 07:00:00+00:00,20.5,68.920296,0.0,20.85,0.202
2024-04-21 08:00:00+00:00,21.05,65.55903,0.0,22.15,0.202
2024-04-21 09:00:00+00:00,21.45,60.145546,0.0,23.35,0.2
2024-04-21 10:00:00+00:00,21.5,60.157295,0.0,24.25,0.199
2024-04-21 11:00:00+00:00,21.45,60.341717,0.0,24.9,0.197
2024-04-21 12:00:00+00:00,21.35,59.731255,0.0,25.2,0.196
2024-04-21 13:00:00+00:00,20.95,65.750114,0.0,25.2,0.2
2024-04-21 14:00:00+00:00,20.5,66.08212,0.0,24.6,0.199
2024-04-21 15:00:00+00:00,20.2,64.953575,0.0,23.7,0.198
2024-04-21 16:00:00+00:00,19.5,68.94631,0.0,22.6,0.198
2024-04-21 17:00:00+00:00,19.3,71.41373,0.0,21.6,0.198
2024-04-21 18:00:00+00:00,19.25,71.868904,0.0,20.85,0.198
2024-04-21 19:00:00+00:00,18.95,74.42046,0.0,20.2,0.198
2024-04-21 20:00:00+00:00,19.25,72.10213,0.0,19.8,0.198
2024-04-21 21:00:00+00:00,19.2,73.03285,0.0,19.6,0.198
2024-04-21 22:00:00+00:00,18.2,79.52358,0.0,19.25,0.199
2024-04-21 23:00:00+00:00,16.9,87.15886,0.0,18.75,0.199
2024-04-22 00:00:00+00:00,16.6,86.84996,0.0,18.25,0.199
2024-04-22 01:00:00+00:00,18.25,81.08286,0.0,19.45,0.198
2024-04-22 02:00:00+00:00,16.45,89.68557,0.0,18.9,0.198
2024-04-22 03:00:00+00:00,16.45,88.82212,0.0,18.3,0.198
2024-04-22 04:00:00+00:00,18.6,82.43963,0.0,18.4,0.198
2024-04-22 05:00:00+00:00,19.8,70.13245,0.0,19.35,0.198
2024-04-22 06:00:00+00:00,20.45,66.93393,0.0,20.6,0.197
2024-04-22 07:00:00+00:00,20.9,64.89359,0.0,22.0,0.196
2024-04-22 08:00:00+00:00,21.15,65.58026,0.0,23.35,0.195
2024-04-22 09:00:00+00:00,21.35,65.20054,0.0,24.5,0.194
2024-04-22 10:00:00+00:00,21.35,64.57182,0.0,25.3,0.192
2024-04-22 11:00:00+00:00,21.3,62.300694,0.0,25.75,0.191
2024-04-22 12:00:00+00:00,21.25,63.103287,0.0,25.85,0.19
2024-04-22 13:00:00+00:00,21.6,67.81991,0.0,25.55,0.19
2024-04-22 14:00:00+00:00,21.15,70.38929,0.0,25.1,0.189
2024-04-22 15:00:00+00:00,20.6,73.513535,0.0,24.2,0.189
2024-04-22 16:00:00+00:00,19.85,78.492,0.0,23.1,0.189
2024-04-22 17:00:00+00:00,19.0,84.08223,0.0,21.9,0.189
2024-04-22 18:00:00+00:00,17.95,90.08437,0.0,20.9,0.189
2024-04-22 19:00:00+00:00,17.2,92.06847,0.0,20.1,0.189
2024-04-22 20:00:00+00:00,16.9,92.05089,0.0,19.35,0.189
2024-04-22 21:00:00+00:00,19.25,85.45671,0.0,18.75,0.189
2024-04-22 22:00:00+00:00,18.7,89.85342,0.0,18.2,0.19
2024-04-22 23:00:00+00:00,16.2,97.47884,0.0,17.8,0.19
2024-04-23 00:00:00+00:00,16.9,95.95312,0.0,17.7,0.19
2024-04-23 01:00:00+00:00,16.0,96.85256,0.0,17.8,0.19
2024-04-23 02:00:00+00:00,16.45,95.93933,0.0,17.75,0.19
2024-04-23 03:00:00+00:00,16.0,96.54266,0.0,17.65,0.19
2024-04-23 04:00:00+00:00,16.7,92.63104,0.0,17.8,0.19
2024-04-23 05:00:00+00:00,18.15,86.16577,0.0,18.65,0.19
2024-04-23 06:00:00+00:00,19.95,78.757286,0.0,20.1,0.19
2024-04-23 07:00:00+00:00,21.55,73.44374,0.0,21.9,0.189
2024-04-23 08:00:00+00:00,23.0,70.5133,0.0,23.8,0.188
2024-04-23 09:00:00+00:00,23.8,70.88472,0.0,25.5,0.186
2024-04-23 10:00:00+00:00,23.75,75.68577,0.0,26.65,0.185
2024-04-23 11:00:00+00:00,23.9,75.23994,0.0,27.4,0.183
2024-04-23 12:00:00+00:00,24.3,72.319305,0.0,27.8,0.182
2024-04-23 13:00:00+00:00,23.6,75.19132,0.0,27.45,0.182
2024-04-23 14:00:00+00:00,23.4,73.992455,0.0,26.9,0.181
2024-04-23 15:00:00+00:00,23.15,75.82668,0.0,26.05,0.181
2024-04-23 16:00:00+00:00,22.05,81.31678,0.0,24.85,0.181
2024-04-23 17:00:00+00:00,20.0,92.23013,0.0,23.4,0.181
2024-04-23 18:00:00+00:00,20.4,91.9657,0.0,22.25,0.181
2024-04-23 19:00:00+00:00,20.9,91.424995,0.0,21.25,0.181
2024-04-23 20:00:00+00:00,19.95,93.679436,0.0,20.45,0.181
2024-04-23 21:00:00+00:00,19.05,94.22758,0.0,20.0,0.181
2024-04-23 22:00:00+00:00,19.2,93.05796,0.0,19.75,0.182
2024-04-23 23:00:00+00:00,19.3,91.324486,0.0,19.65,0.182
2024-04-24 00:00:00+00:00,19.2,89.60693,0.0,19.45,0.182
2024-04-24 01:00:00+00:00,18.05,94.483,0.0,18.9,0.181
2024-04-24 02:00:00+00:00,17.6,94.764755,0.0,18.7,0.181
2024-04-24 03:00:00+00:00,18.2,93.00649,0.0,18.65,0.181
2024-04-24 04:00:00+00:00,19.15,88.75791,0.0,18.9,0.181
2024-04-24 05:00:00+00:00,20.9,85.08992,0.0,19.9,0.181
2024-04-24 06:00:00+00:00,23.35,77.291504,0.0,21.55,0.181
2024-04-24 07:00:00+00:00,26.35,65.63276,0.0,23.5,0.18
2024-04-24 08:00:00+00:00,28.6,54.39104,0.0,25.55,0.179
2024-04-24 09:00:00+00:00,30.25,47.176193,0.0,27.5,0.177
2024-04-24 10:00:00+00:00,31.5,40.714928,0.0,29.2,0.175
2024-04-24 11:00:00+00:00,31.6,37.73894,0.0,30.45,0.173
2024-04-24 12:00:00+00:00,30.0,54.06282,0.0,31.05,0.172
2024-04-24 13:00:00+00:00,27.6,69.209785,0.0,30.85,0.171
2024-04-24 14:00:00+00:00,26.9,69.71653,0.0,30.1,0.17
2024-04-24 15:00:00+00:00,26.35,71.350685,0.0,28.95,0.17
2024-04-24 16:00:00+00:00,24.55,79.16152,0.0,27.45,0.17
2024-04-24 17:00:00+00:00,25.5,73.65921,0.0,25.6,0.17
2024-04-24 18:00:00+00:00,22.4,87.38307,0.0,24.15,0.17
2024-04-24 19:00:00+00:00,21.7,87.59211,0.0,23.05,0.17
2024-04-24 20:00:00+00:00,21.7,89.237976,0.0,22.4,0.17
2024-04-24 21:00:00+00:00,20.85,85.88875,0.0,21.85,0.171
2024-04-24 22:00:00+00:00,21.05,77.92257,0.0,21.5,0.171
2024-04-24 23:00:00+00:00,20.65,78.60809,0.0,21.2,0.171
2024-04-25 00:00:00+00:00,20.6,77.60865,0.0,20.95,0.171
2024-04-25 01:00:00+00:00,20.95,79.150635,0.0,21.0,0.17
2024-04-25 02:00:00+00:00,20.9,76.18857,0.0,20.9,0.17
2024-04-25 03:00:00+00:00,20.7,73.53087,0.0,20.7,0.17
2024-04-25 04:00:00+00:00,21.55,69.792656,0.0,20.85,0.17
2024-04-25 05:00:00+00:00,23.2,64.3511,0.0,21.7,0.17
2024-04-25 06:00:00+00:00,25.85,59.450382,0.0,23.15,0.169
2024-04-25 07:00:00+00:00,28.75,48.59463,0.0,24.9,0.168
2024-04-25 08:00:00+00:00,30.75,38.85588,0.0,26.95,0.167
2024-04-25 09:00:00+00:00,31.9,33.139248,0.0,28.85,0.165
2024-04-25 10:00:00+00:00,32.65,30.746525,0.0,30.55,0.164
2024-04-25 11:00:00+00:00,33.0,32.379753,0.0,31.9,0.162
2024-04-25 12:00:00+00:00,32.1,42.190636,0.0,32.5,0.16
2024-04-25 13:00:00+00:00,28.9,64.16637,0.0,31.8,0.162
2024-04-25 14:00:00+00:00,28.95,57.61674,0.0,31.2,0.161
2024-04-25 15:00:00+00:00,29.2,61.345318,0.0,30.2,0.161
2024-04-25 16:00:00+00:00,27.15,73.0403,0.0,28.85,0.161
2024-04-25 17:00:00+00:00,26.85,64.72517,0.0,27.3,0.161
2024-04-25 18:00:00+00:00,26.3,61.071903,0.0,26.4,0.161
2024-04-25 19:00:00+00:00,23.8,72.68413,0.0,25.45,0.161
2024-04-25 20:00:00+00:00,24.0,71.81546,0.0,24.5,0.161
2024-04-25 21:00:00+00:00,23.75,67.60592,0.0,24.15,0.161
2024-04-25 22:00:00+00:00,23.8,62.860924,0.0,23.75,0.161
2024-04-25 23:00:00+00:00,24.0,59.967213,0.0,23.55,0.161
2024-04-26 00:00:00+00:00,23.05,65.352806,0.0,23.2,0.161
2024-04-26 01:00:00+00:00,23.4,63.985306,0.0,23.95,0.159
2024-04-26 02:00:00+00:00,23.1,61.510693,0.0,23.55,0.159
2024-04-26 03:00:00+00:00,22.6,60.02554,0.0,23.2,0.159
2024-04-26 04:00:00+00:00,22.8,62.437428,0.0,23.1,0.159
2024-04-26 05:00:00+00:00,24.95,59.051163,0.0,23.75,0.159
2024-04-26 06:00:00+00:00,26.1,56.752235,0.0,25.1,0.158
2024-04-26 07:00:00+00:00,27.45,53.93339,0.0,26.75,0.158
2024-04-26 08:00:00+00:00,26.45,63.04799,0.0,28.2,0.157
2024-04-26 09:00:00+00:00,25.9,62.337738,0.0,29.0,0.156
2024-04-26 10:00:00+00:00,27.5,49.67195,0.0,30.3,0.154
2024-04-26 11:00:00+00:00,27.25,50.88925,0.0,31.2,0.153
2024-04-26 12:00:00+00:00,26.65,57.426834,0.0,31.45,0.152
2024-04-26 13:00:00+00:00,24.3,68.14315,0.0,29.4,0.163
2024-04-26 14:00:00+00:00,23.95,70.9124,0.0,28.6,0.162
2024-04-26 15:00:00+00:00,23.4,71.482185,0.0,27.7,0.162
2024-04-26 16:00:00+00:00,23.35,73.984,0.0,26.6,0.162
2024-04-26 17:00:00+00:00,22.3,78.59813,0.0,25.45,0.162
2024-04-26 18:00:00+00:00,20.8,90.28737,0.0,24.35,0.162
2024-04-26 19:00:00+00:00,20.5,94.289154,0.0,23.55,0.162
2024-04-26 20:00:00+00:00,19.75,92.21591,0.0,22.9,0.162
2024-04-26 21:00:00+00:00,21.5,82.014725,0.0,22.3,0.162
2024-04-26 22:00:00+00:00,20.0,86.07483,0.0,21.9,0.163
2024-04-26 23:00:00+00:00,20.55,86.94348,0.0,21.75,0.163
2024-04-27 00:00:00+00:00,20.4,90.541725,0.0,21.6,0.163
2024-04-27 01:00:00+00:00,21.35,83.031586,0.0,21.65,0.163
2024-04-27 02:00:00+00:00,20.95,85.095146,0.0,21.5,0.163
2024-04-27 03:00:00+00:00,20.15,92.23868,0.0,21.35,0.163
2024-04-27 04:00:00+00:00,21.3,86.74182,0.0,21.5,0.164
2024-04-27 05:00:00+00:00,22.35,86.30375,0.0,22.4,0.164
2024-04-27 06:00:00+00:00,24.2,77.17975,0.0,23.7,0.163
2024-04-27 07:00:00+00:00,25.6,70.99457,0.0,25.4,0.163
2024-04-27 08:00:00+00:00,27.75,61.781536,0.0,27.25,0.162
2024-04-27 09:00:00+00:00,26.95,69.08567,0.0,28.85,0.16
2024-04-27 10:00:00+00:00,24.85,74.69669,0.0,29.5,0.159
2024-04-27 11:00:00+00:00,25.8,68.65098,0.0,30.15,0.158
2024-04-27 12:00:00+00:00,26.15,68.08308,0.0,30.65,0.157
2024-04-27 13:00:00+00:00,24.65,83.4129,0.0,28.5,0.166
2024-04-27 14:00:00+00:00,22.1,81.06935,0.0,27.3,0.166
2024-04-27 15:00:00+00:00,22.9,76.26315,0.0,26.45,0.166
2024-04-27 16:00:00+00:00,22.85,82.18059,0.0,25.55,0.165
2024-04-27 17:00:00+00:00,23.05,76.76515,0.0,24.75,0.166
2024-04-27 18:00:00+00:00,22.25,78.590935,0.0,24.1,0.166
2024-04-27 19:00:00+00:00,21.2,84.59007,0.0,23.4,0.166
2024-04-27 20:00:00+00:00,20.45,88.58478,0.0,22.7,0.166
2024-04-27 21:00:00+00:00,20.65,89.435555,0.0,22.3,0.166
2024-04-27 22:00:00+00:00,19.85,91.07334,0.0,21.8,0.166
2024-04-27 23:00:00+00:00,20.5,90.548546,0.0,21.4,0.166
2024-04-28 00:00:00+00:00,20.65,89.995674,0.0,21.25,0.167
2024-04-28 01:00:00+00:00,18.65,96.3082,0.2,21.3,0.166
2024-04-28 02:00:00+00:00,18.85,93.92302,0.0,20.85,0.166
2024-04-28 03:00:00+00:00,19.55,89.35146,0.0,20.7,0.167
2024-04-28 04:00:00+00:00,20.4,86.65705,0.0,20.85,0.167
2024-04-28 05:00:00+00:00,21.0,86.17292,0.0,21.4,0.167
2024-04-28 06:00:00+00:00,21.85,78.53331,0.0,22.3,0.167
2024-04-28 07:00:00+00:00,22.85,72.516624,0.0,23.65,0.166
2024-04-28 08:00:00+00:00,22.65,74.801,0.0,24.25,0.166
2024-04-28 09:00:00+00:00,24.1,68.74913,0.0,25.7,0.165
2024-04-28 10:00:00+00:00,24.1,72.058334,0.0,27.0,0.164
2024-04-28 11:00:00+00:00,22.0,84.41274,0.0,26.6,0.164
2024-04-28 12:00:00+00:00,22.7,79.64379,0.0,26.5,0.163
2024-04-28 13:00:00+00:00,22.1,82.60264,0.0,26.35,0.166
2024-04-28 14:00:00+00:00,22.8,78.91576,0.0,26.0,0.166
2024-04-28 15:00:00+00:00,22.2,83.39027,0.0,25.4,0.166
2024-04-28 16:00:00+00:00,22.0,83.88856,0.0,24.65,0.166
2024-04-28 17:00:00+00:00,21.0,92.00073,0.0,23.65,0.166
2024-04-28 18:00:00+00:00,20.75,93.42619,0.0,22.95,0.166
2024-04-28 19:00:00+00:00,20.6,93.70962,0.0,22.4,0.166
2024-04-28 20:00:00+00:00,20.35,94.28283,0.0,21.95,0.166
2024-04-28 21:00:00+00:00,19.75,95.44173,0.0,21.55,0.167
2024-04-28 22:00:00+00:00,19.6,91.91859,0.0,21.05,0.167
2024-04-28 23:00:00+00:00,19.25,93.353195,0.0,20.75,0.167
2024-04-29 00:00:00+00:00,21.35,86.47639,0.0,20.3,0.167
2024-04-29 01:00:00+00:00,20.9,91.70958,0.0,21.6,0.167
2024-04-29 02:00:00+00:00,20.6,93.41895,0.0,21.3,0.167
2024-04-29 03:00:00+00:00,20.1,93.97896,0.0,21.1,0.167
2024-04-29 04:00:00+00:00,20.65,92.26699,0.0,21.25,0.167
2024-04-29 05:00:00+00:00,21.6,88.95389,0.0,22.0,0.167
2024-04-29 06:00:00+00:00,22.45,83.67849,0.0,23.1,0.167
2024-04-29 07:00:00+00:00,23.55,76.84189,0.0,24.6,0.166
2024-04-29 08:00:00+00:00,23.7,76.38805,0.0,26.0,0.165
2024-04-29 09:00:00+00:00,23.7,78.798004,0.0,27.2,0.164
2024-04-29 10:00:00+00:00,23.85,76.41138,0.0,28.15,0.163
2024-04-29 11:00:00+00:00,24.25,74.59792,0.0,28.8,0.162
2024-04-29 12:00:00+00:00,24.35,70.32329,0.0,29.2,0.161
2024-04-29 13:00:00+00:00,24.55,74.87923,0.0,28.8,0.171
2024-04-29 14:00:00+00:00,24.3,78.3973,0.0,28.25,0.171
2024-04-29 15:00:00+00:00,23.85,81.796394,0.0,27.4,0.17
2024-04-29 16:00:00+00:00,22.45,85.78065,0.0,26.3,0.17
2024-04-29 17:00:00+00:00,22.25,87.64039,0.0,25.1,0.17
2024-04-29 18:00:00+00:00,22.9,86.356544,0.0,24.3,0.171
2024-04-29 19:00:00+00:00,22.05,91.49619,0.0,23.6,0.171
2024-04-29 20:00:00+00:00,21.5,90.05672,0.0,23.1,0.171
2024-04-29 21:00:00+00:00,22.7,78.41014,0.0,22.5,0.171
2024-04-29 22:00:00+00:00,20.65,89.435555,0.0,21.95,0.171
2024-04-29 23:00:00+00:00,21.0,90.58268,0.0,21.85,0.172
2024-04-30 00:00:00+00:00,20.75,93.71658,0.0,21.7,0.172
2024-04-30 01:00:00+00:00,20.05,75.568214,0.0,22.25,0.169
2024-04-30 02:00:00+00:00,20.3,80.06931,0.0,21.8,0.169
2024-04-30 03:00:00+00:00,19.45,84.93709,2.2,21.1,0.197
2024-04-30 04:00:00+00:00,19.65,85.227684,0.0,20.7,0.197
2024-04-30 05:00:00+00:00,20.15,87.18009,0.7,20.8,0.204
2024-04-30 06:00:00+00:00,21.3,81.476395,0.0,21.4,0.204
2024-04-30 07:00:00+00:00,24.45,71.89625,0.0,23.35,0.203
2024-04-30 08:00:00+00:00,25.8,62.119987,0.0,24.95,0.202
2024-04-30 09:00:00+00:00,26.95,58.226597,0.0,26.5,0.201
2024-04-30 10:00:00+00:00,27.05,56.98246,0.0,27.7,0.199
2024-04-30 11:00:00+00:00,26.9,60.069973,0.0,27.95,0.198
2024-04-30 12:00:00+00:00,27.35,58.5043,0.0,28.5,0.196
2024-04-30 13:00:00+00:00,28.5,51.536915,0.0,28.7,0.164
2024-04-30 14:00:00+00:00,29.1,45.983753,0.0,28.9,0.163
2024-04-30 15:00:00+00:00,28.15,49.68431,0.0,28.4,0.163
2024-04-30 16:00:00+00:00,25.75,58.30916,0.0,27.35,0.162
2024-04-30 17:00:00+00:00,24.8,64.085594,0.0,26.35,0.162
2024-04-30 18:00:00+00:00,22.75,81.65933,0.0,25.35,0.162
2024-04-30 19:00:00+00:00,22.1,88.99328,0.0,24.45,0.163
2024-04-30 20:00:00+00:00,21.75,88.14196,0.0,23.8,0.163
2024-04-30 21:00:00+00:00,22.35,73.581604,0.0,23.4,0.163
2024-04-30 22:00:00+00:00,21.95,75.634796,0.0,23.05,0.163
2024-04-30 23:00:00+00:00,21.2,79.68716,0.0,22.65,0.163
2024-05-01 00:00:00+00:00,20.8,80.900345,0.0,22.35,0.163
2024-05-01 01:00:00+00:00,19.7,88.24479,0.0,22.45,0.163
2024-05-01 02:00:00+00:00,19.7,84.96361,0.0,21.85,0.163
2024-05-01 03:00:00+00:00,20.4,75.62493,0.0,21.55,0.163
2024-05-01 04:00:00+00:00,21.1,73.36573,0.0,21.65,0.163
2024-05-01 05:00:00+00:00,22.75,69.13942,0.0,22.5,0.163
2024-05-01 06:00:00+00:00,24.4,63.999115,0.0,23.95,0.163
2024-05-01 07:00:00+00:00,24.3,65.20301,0.0,25.35,0.162
2024-05-01 08:00:00+00:00,24.25,64.169464,0.0,26.6,0.161
2024-05-01 09:00:00+00:00,24.2,67.90943,0.0,27.65,0.16
2024-05-01 10:00:00+00:00,24.4,66.67931,0.0,28.4,0.159
2024-05-01 11:00:00+00:00,24.45,66.899666,0.0,29.05,0.158
2024-05-01 12:00:00+00:00,24.2,69.41927,0.0,29.35,0.157
2024-05-01 13:00:00+00:00,24.9,75.86817,0.0,29.15,0.156
2024-05-01 14:00:00+00:00,23.85,76.88772,0.0,28.4,0.156
2024-05-01 15:00:00+00:00,23.35,79.73279,0.0,27.5,0.156
2024-05-01 16:00:00+00:00,22.8,83.977684,0.0,26.4,0.156
2024-05-01 17:00:00+00:00,21.95,90.36754,0.0,25.3,0.156
2024-05-01 18:00:00+00:00,21.65,91.47153,0.0,24.4,0.156
2024-05-01 19:00:00+00:00,21.45,91.45914,0.0,23.75,0.156
2024-05-01 20:00:00+00:00,21.25,92.58697,0.0,23.25,0.156
2024-05-01 21:00:00+00:00,21.05,93.73044,0.0,22.85,0.156
2024-05-01 22:00:00+00:00,21.1,92.292305,0.0,22.55,0.157
2024-05-01 23:00:00+00:00,20.85,91.70655,0.0,22.25,0.157
2024-05-02 00:00:00+00:00,20.7,92.26978,0.0,21.95,0.157
2024-05-02 01:00:00+00:00,20.5,92.54623,6.2,22.25,0.243
2024-05-02 02:00:00+00:00,20.2,93.9834,6.2,21.7,0.33
2024-05-02 03:00:00+00:00,20.25,90.81496,3.4,21.35,0.373
2024-05-02 04:00:00+00:00,20.45,88.30779,0.6,21.2,0.374
2024-05-02 05:00:00+00:00,20.9,85.08992,0.3,21.55,0.37
2024-05-02 06:00:00+00:00,21.3,85.398224,0.1,22.05,0.365
2024-05-02 07:00:00+00:00,21.95,83.62187,0.1,23.05,0.36
2024-05-02 08:00:00+00:00,22.35,80.59685,0.1,23.9,0.355
2024-05-02 09:00:00+00:00,22.65,78.64837,0.4,24.65,0.354
2024-05-02 10:00:00+00:00,22.9,77.70775,0.4,25.2,0.352
2024-05-02 11:00:00+00:00,22.95,77.95818,0.6,25.2,0.353
2024-05-02 12:00:00+00:00,22.9,78.68413,0.1,25.35,0.349
2024-05-02 13:00:00+00:00,23.7,79.28791,0.0,26.85,0.174
2024-05-02 14:00:00+00:00,23.3,80.47168,0.2,26.55,0.175
2024-05-02 15:00:00+00:00,22.75,82.68022,0.4,25.75,0.178
2024-05-02 16:00:00+00:00,22.25,85.76071,0.9,24.5,0.186
2024-05-02 17:00:00+00:00,22.15,83.12518,0.7,23.3,0.194
2024-05-02 18:00:00+00:00,21.05,88.63371,0.0,22.4,0.195
2024-05-02 19:00:00+00:00,20.65,91.40942,0.0,21.8,0.195
2024-05-02 20:00:00+00:00,19.35,90.75467,1.5,21.25,0.216
2024-05-02 21:00:00+00:00,20.3,89.68922,0.2,20.95,0.219
2024-05-02 22:00:00+00:00,20.55,89.14886,0.1,20.6,0.22
2024-05-02 23:00:00+00:00,20.8,85.07947,0.2,20.2,0.223
2024-05-03 00:00:00+00:00,19.45,89.34374,0.5,20.0,0.23
2024-05-03 01:00:00+00:00,19.75,88.80636,5.6,21.3,0.269
2024-05-03 02:00:00+00:00,18.8,93.92077,2.1,20.75,0.298
2024-05-03 03:00:00+00:00,18.9,91.299095,0.0,20.25,0.297
2024-05-03 04:00:00+00:00,19.0,89.30904,0.0,20.15,0.296
2024-05-03 05:00:00+00:00,19.75,85.7787,0.0,20.75,0.295
2024-05-03 06:00:00+00:00,20.9,81.68251,0.0,22.0,0.294
2024-05-03 07:00:00+00:00,22.05,77.58101,0.0,23.45,0.292
2024-05-03 08:00:00+00:00,22.7,70.904465,0.0,24.85,0.29
2024-05-03 09:00:00+00:00,22.95,69.178246,0.0,25.95,0.286
2024-05-03 10:00:00+00:00,22.95,73.91628,0.0,26.65,0.283
2024-05-03 11:00:00+00:00,23.2,74.89147,0.5,26.95,0.285
2024-05-03 12:00:00+00:00,23.5,71.72532,0.0,27.25,0.282
2024-05-03 13:00:00+00:00,24.35,64.39443,0.0,27.5,0.224
2024-05-03 14:00:00+00:00,23.85,66.98855,0.0,27.05,0.223
2024-05-03 15:00:00+00:00,23.25,70.56005,0.0,26.3,0.222
2024-05-03 16:00:00+00:00,22.6,76.45559,0.0,25.3,0.221
2024-05-03 17:00:00+00:00,22.2,83.131004,0.0,24.35,0.221
2024-05-03 18:00:00+00:00,22.2,78.09224,0.0,23.65,0.221
2024-05-03 19:00:00+00:00,21.95,80.040794,0.0,23.15,0.221
2024-05-03 20:00:00+00:00,21.55,85.690605,0.0,22.7,0.221
2024-05-03 21:00:00+00:00,21.15,92.00949,0.0,22.3,0.221
2024-05-03 22:00:00+00:00,20.4,95.16784,0.0,21.95,0.221
2024-05-03 23:00:00+00:00,20.75,95.77141,0.0,21.65,0.221
2024-05-04 00:00:00+00:00,20.6,97.86328,0.0,21.55,0.221
2024-05-04 01:00:00+00:00,20.5,89.14493,1.5,22.0,0.238
2024-05-04 02:00:00+00:00,19.7,90.20975,0.7,21.35,0.247
2024-05-04 03:00:00+00:00,20.45,90.26277,0.2,21.0,0.248
2024-05-04 04:00:00+00:00,21.0,89.7411,0.2,21.0,0.251
2024-05-04 05:00:00+00:00,21.35,85.93837,0.1,21.4,0.251
2024-05-04 06:00:00+00:00,20.95,85.898705,0.1,22.0,0.252
2024-05-04 07:00:00+00:00,20.2,88.01014,0.0,22.8,0.251
2024-05-04 08:00:00+00:00,20.35,85.03222,0.2,23.1,0.252
2024-05-04 09:00:00+00:00,21.6,76.54056,0.1,23.7,0.251
2024-05-04 10:00:00+00:00,22.6,67.15954,0.2,24.45,0.251
2024-05-04 11:00:00+00:00,23.05,59.74477,0.0,25.1,0.249
2024-05-04 12:00:00+00:00,22.95,60.88643,0.1,25.5,0.248
2024-05-04 13:00:00+00:00,22.95,48.30054,0.0,25.4,0.234
2024-05-04 14:00:00+00:00,22.55,51.995472,0.0,25.15,0.232
2024-05-04 15:00:00+00:00,21.75,59.05199,0.0,24.5,0.231
2024-05-04 16:00:00+00:00,21.35,62.514523,0.0,23.7,0.231
2024-05-04 17:00:00+00:00,21.1,64.309044,0.0,22.95,0.23
2024-05-04 18:00:00+00:00,20.9,63.230373,0.0,22.4,0.23
2024-05-04 19:00:00+00:00,20.55,62.53744,0.0,22.0,0.23
2024-05-04 20:00:00+00:00,20.1,65.35648,0.0,21.55,0.229
2024-05-04 21:00:00+00:00,20.05,66.20233,0.0,21.3,0.229
2024-05-04 22:00:00+00:00,20.05,64.9212,0.0,21.1,0.229
2024-05-04 23:00:00+00:00,19.85,65.944984,0.0,20.9,0.228
2024-05-05 00:00:00+00:00,19.65,59.91747,0.0,20.7,0.228
2024-05-05 01:00:00+00:00,19.6,62.939312,0.0,21.35,0.228
2024-05-05 02:00:00+00:00,19.6,59.90559,0.0,21.0,0.228
2024-05-05 03:00:00+00:00,19.15,62.01437,0.0,20.7,0.228
2024-05-05 04:00:00+00:00,18.5,68.74793,0.5,20.5,0.232
2024-05-05 05:00:00+00:00,18.15,70.504,0.4,20.0,0.235
2024-05-05 06:00:00+00:00,17.6,77.65431,1.8,19.45,0.256
2024-05-05 07:00:00+00:00,17.8,76.931526,0.4,19.4,0.259
2024-05-05 08:00:00+00:00,18.15,73.802376,0.1,19.85,0.259
2024-05-05 09:00:00+00:00,18.05,73.5449,0.4,20.85,0.261
2024-05-05 10:00:00+00:00,18.55,76.05812,0.4,21.3,0.263
2024-05-05 11:00:00+00:00,19.25,70.25487,0.1,22.2,0.263
2024-05-05 12:00:00+00:00,17.85,70.67828,0.8,22.05,0.269
2024-05-05 13:00:00+00:00,16.65,82.734726,3.4,22.05,0.327
2024-05-05 14:00:00+00:00,15.4,88.73613,0.9,20.5,0.335
2024-05-05 15:00:00+00:00,16.25,86.535835,0.2,19.95,0.334
2024-05-05 16:00:00+00:00,16.3,85.42536,0.0,19.3,0.332
2024-05-05 17:00:00+00:00,15.8,87.62405,0.0,18.65,0.33
2024-05-05 18:00:00+00:00,15.75,88.190575,0.0,18.2,0.328
2024-05-05 19:00:00+00:00,15.4,90.777176,0.0,17.8,0.326
2024-05-05 20:00:00+00:00,14.85,92.829956,0.0,17.5,0.325
2024-05-05 21:00:00+00:00,14.85,89.27187,0.0,17.05,0.323
2024-05-05 22:00:00+00:00,14.9,93.437454,0.0,16.85,0.322
2024-05-05 23:00:00+00:00,14.25,94.9397,0.0,16.6,0.32
2024-05-06 00:00:00+00:00,14.05,96.17734,0.0,16.35,0.319
2024-05-06 01:00:00+00:00,15.1,90.16811,0.0,16.75,0.281
2024-05-06 02:00:00+00:00,14.65,94.64728,0.0,16.4,0.281
2024-05-06 03:00:00+00:00,14.85,93.434944,0.0,16.2,0.28
2024-05-06 04:00:00+00:00,16.25,85.97638,0.0,16.45,0.28
2024-05-06 05:00:00+00:00,17.5,78.91103,0.0,17.45,0.28
2024-05-06 06:00:00+00:00,18.35,71.23704,0.0,18.75,0.279
2024-05-06 07:00:00+00:00,19.15,63.045235,0.0,20.25,0.277
2024-05-06 08:00:00+00:00,20.2,55.104107,0.0,21.85,0.275
2024-05-06 09:00:00+00:00,21.05,51.601646,0.0,23.35,0.272
2024-05-06 10:00:00+00:00,21.15,54.7997,0.0,24.4,0.269
2024-05-06 11:00:00+00:00,19.35,68.69271,1.3,24.15,0.28
2024-05-06 12:00:00+00:00,20.45,59.71344,0.0,24.35,0.278
2024-05-06 13:00:00+00:00,21.25,54.285034,0.0,24.5,0.277
2024-05-06 14:00:00+00:00,20.6,56.12618,0.0,23.9,0.275
2024-05-06 15:00:00+00:00,20.35,61.07679,0.0,23.15,0.274
2024-05-06 16:00:00+00:00,20.0,62.00497,0.0,22.2,0.273
2024-05-06 17:00:00+00:00,19.15,63.67098,0.0,21.15,0.272
2024-05-06 18:00:00+00:00,17.3,75.60886,0.2,20.15,0.274
2024-05-06 19:00:00+00:00,14.7,87.81183,4.0,18.6,0.324
2024-05-06 20:00:00+00:00,16.1,84.30033,0.0,17.9,0.322
2024-05-06 21:00:00+00:00,16.55,84.62453,0.0,17.45,0.321
2024-05-06 22:00:00+00:00,17.15,83.87333,0.0,17.25,0.319
2024-05-06 23:00:00+00:00,15.1,91.348625,0.0,16.95,0.318
2024-05-07 00:00:00+00:00,14.5,94.334,0.0,16.4,0.317
2024-05-07 01:00:00+00:00,14.4,75.378876,0.0,17.35,0.326
2024-05-07 02:00:00+00:00,13.5,69.8354,0.0,16.4,0.325
2024-05-07 03:00:00+00:00,13.05,73.39328,0.0,15.75,0.323
2024-05-07 04:00:00+00:00,14.35,70.47633,0.0,15.8,0.322
2024-05-07 05:00:00+00:00,15.9,60.0258,0.0,16.6,0.319
2024-05-07 06:00:00+00:00,17.35,52.01777,0.0,18.0,0.317
2024-05-07 07:00:00+00:00,18.8,50.14654,0.0,19.7,0.314
2024-05-07 08:00:00+00:00,20.15,48.18425,0.0,21.5,0.31
2024-05-07 09:00:00+00:00,20.85,47.5692,0.0,23.0,0.306
2024-05-07 10:00:00+00:00,20.85,45.83761,0.0,23.95,0.302
2024-05-07 11:00:00+00:00,20.9,45.235813,0.0,24.5,0.299
2024-05-07 12:00:00+00:00,20.85,44.31196,0.0,24.75,0.295
2024-05-07 13:00:00+00:00,21.35,52.3708,0.0,24.75,0.292
2024-05-07 14:00:00+00:00,21.1,60.852398,0.0,24.25,0.29
2024-05-07 15:00:00+00:00,20.75,59.199547,0.0,23.4,0.288
2024-05-07 16:00:00+00:00,20.1,64.09026,0.0,22.4,0.287
2024-05-07 17:00:00+00:00,19.25,66.684875,0.0,21.3,0.286
2024-05-07 18:00:00+00:00,19.3,66.69531,0.0,20.45,0.286
2024-05-07 19:00:00+00:00,19.45,68.044876,0.0,19.9,0.285
2024-05-07 20:00:00+00:00,19.65,66.55088,0.0,19.6,0.285
2024-05-07 21:00:00+00:00,19.65,66.98614,0.0,19.35,0.284
2024-05-07 22:00:00+00:00,19.7,73.12101,0.0,19.15,0.284
2024-05-07 23:00:00+00:00,19.7,76.48648,0.0,19.05,0.283
2024-05-08 00:00:00+00:00,19.3,77.6608,0.0,18.9,0.283
2024-05-08 01:00:00+00:00,18.35,86.46093,0.0,19.7,0.28
2024-05-08 02:00:00+00:00,19.55,79.711975,0.0,19.0,0.28
2024-05-08 03:00:00+00:00,18.9,83.00491,0.0,18.45,0.28
2024-05-08 04:00:00+00:00,18.85,85.415474,0.0,18.9,0.279
2024-05-08 05:00:00+00:00,19.6,84.41633,0.0,19.95,0.279
2024-05-08 06:00:00+00:00,20.7,75.19257,0.3,21.2,0.28
2024-05-08 07:00:00+00:00,21.2,70.39874,0.1,22.35,0.28
2024-05-08 08:00:00+00:00,21.8,67.860176,0.1,23.5,0.278
2024-05-08 09:00:00+00:00,22.0,67.900345,0.0,24.5,0.276
2024-05-08 10:00:00+00:00,22.05,65.9818,0.0,25.3,0.273
2024-05-08 11:00:00+00:00,22.05,63.690178,0.0,25.85,0.27
2024-05-08 12:00:00+00:00,22.1,65.78103,0.0,26.1,0.268
2024-05-08 13:00:00+00:00,22.7,70.01215,0.0,26.15,0.264
2024-05-08 14:00:00+00:00,22.2,70.58695,0.0,25.7,0.263
2024-05-08 15:00:00+00:00,21.6,71.15189,0.0,24.85,0.262
2024-05-08 16:00:00+00:00,20.9,74.74777,0.0,23.75,0.261
2024-05-08 17:00:00+00:00,19.3,82.52503,0.0,22.5,0.261
2024-05-08 18:00:00+00:00,18.2,85.89571,0.0,21.3,0.261
2024-05-08 19:00:00+00:00,17.85,86.68967,0.0,20.35,0.26
2024-05-08 20:00:00+00:00,17.35,90.04084,0.0,19.55,0.26
2024-05-08 21:00:00+00:00,16.3,95.628136,0.0,18.95,0.26
2024-05-08 22:00:00+00:00,17.15,94.14533,0.0,18.6,0.26
2024-05-08 23:00:00+00:00,17.0,91.762634,0.0,18.4,0.26
2024-05-09 00:00:00+00:00,16.7,91.1574,0.0,18.2,0.26
2024-05-09 01:00:00+00:00,16.2,90.539024,0.0,18.0,0.259
2024-05-09 02:00:00+00:00,15.75,90.21508,0.0,17.75,0.259
2024-05-09 03:00:00+00:00,15.45,90.19347,0.0,17.55,0.259
2024-05-09 04:00:00+00:00,16.35,89.96767,0.0,17.8,0.259
2024-05-09 05:00:00+00:00,18.1,82.90953,0.0,18.55,0.258
2024-05-09 06:00:00+00:00,20.45,75.633,0.0,19.85,0.258
2024-05-09 07:00:00+00:00,22.7,64.86256,0.0,21.55,0.256
2024-05-09 08:00:00+00:00,24.2,56.10626,0.0,22.9,0.254
2024-05-09 09:00:00+00:00,25.35,47.999588,0.0,24.05,0.253
2024-05-09 10:00:00+00:00,25.95,42.545776,0.0,24.7,0.251
2024-05-09 11:00:00+00:00,27.05,36.714138,0.0,25.95,0.248
2024-05-09 12:00:00+00:00,27.6,33.593185,0.0,27.1,0.245
2024-05-09 13:00:00+00:00,27.7,39.794113,0.0,27.8,0.244
2024-05-09 14:00:00+00:00,26.8,49.80615,0.0,27.6,0.242
2024-05-09 15:00:00+00:00,26.1,56.752235,0.0,26.9,0.241
2024-05-09 16:00:00+00:00,23.65,79.281,0.0,25.7,0.24
2024-05-09 17:00:00+00:00,22.25,74.26475,0.0,24.05,0.24
2024-05-09 18:00:00+00:00,22.0,68.117714,0.0,23.0,0.24
2024-05-09 19:00:00+00:00,21.35,62.11005,0.0,22.2,0.24
2024-05-09 20:00:00+00:00,20.7,61.3581,0.0,21.55,0.24
2024-05-09 21:00:00+00:00,20.05,58.257526,0.0,20.95,0.239
2024-05-09 22:00:00+00:00,19.65,55.14773,0.0,20.5,0.239
2024-05-09 23:00:00+00:00,19.35,53.9766,0.0,20.1,0.239
2024-05-10 00:00:00+00:00,18.95,54.96916,0.0,19.7,0.239
2024-05-10 01:00:00+00:00,18.15,53.846935,0.0,20.2,0.235
2024-05-10 02:00:00+00:00,17.95,52.71161,0.0,19.65,0.235
2024-05-10 03:00:00+00:00,18.35,48.346767,0.0,19.3,0.234
2024-05-10 04:00:00+00:00,19.5,47.037613,0.0,19.45,0.234
2024-05-10 05:00:00+00:00,21.35,50.998665,0.0,20.3,0.233
2024-05-10 06:00:00+00:00,24.2,46.451767,0.0,21.8,0.231
2024-05-10 07:00:00+00:00,26.9,39.052547,0.0,23.55,0.229
2024-05-10 08:00:00+00:00,27.95,31.29994,0.0,24.8,0.227
2024-05-10 09:00:00+00:00,29.0,29.745617,0.0,25.95,0.225
2024-05-10 10:00:00+00:00,29.65,28.84278,0.0,26.8,0.222
2024-05-10 11:00:00+00:00,30.2,28.03892,0.0,27.6,0.22
2024-05-10 12:00:00+00:00,30.6,27.038311,0.0,28.05,0.218
2024-05-10 13:00:00+00:00,31.15,34.246395,0.0,28.9,0.216
2024-05-10 14:00:00+00:00,28.45,46.54681,0.0,28.05,0.215
2024-05-10 15:00:00+00:00,27.75,38.524555,0.0,27.05,0.214
2024-05-10 16:00:00+00:00,27.35,42.37802,0.0,26.25,0.213
2024-05-10 17:00:00+00:00,25.6,54.503193,0.0,25.35,0.212
2024-05-10 18:00:00+00:00,23.65,64.24359,0.0,24.35,0.212
2024-05-10 19:00:00+00:00,22.9,68.08032,0.0,23.5,0.212
2024-05-10 20:00:00+00:00,23.1,67.475044,0.0,22.85,0.212
2024-05-10 21:00:00+00:00,23.15,63.52376,0.0,22.55,0.212
2024-05-10 22:00:00+00:00,22.95,67.44473,0.0,22.5,0.212
2024-05-10 23:00:00+00:00,21.3,76.73634,0.5,21.95,0.217
2024-05-11 00:00:00+00:00,22.1,77.10205,0.0,21.6,0.217
2024-05-11 01:00:00+00:00,22.25,79.581795,0.0,23.3,0.214
2024-05-11 02:00:00+00:00,21.6,84.89763,0.0,22.7,0.213
2024-05-11 03:00:00+00:00,21.3,82.765724,0.2,22.3,0.215
2024-05-11 04:00:00+00:00,21.35,84.60622,0.0,22.2,0.215
2024-05-11 05:00:00+00:00,20.9,70.11654,1.2,21.8,0.229
2024-05-11 06:00:00+00:00,20.2,77.795975,2.0,21.55,0.253
2024-05-11 07:00:00+00:00,22.5,77.891884,0.0,22.6,0.252
2024-05-11 08:00:00+00:00,23.15,69.4362,0.0,23.95,0.25
2024-05-11 09:00:00+00:00,23.4,60.99005,0.0,25.35,0.248
2024-05-11 10:00:00+00:00,23.3,67.72964,0.0,26.35,0.245
2024-05-11 11:00:00+00:00,23.3,69.6847,0.0,27.05,0.243
2024-05-11 12:00:00+00:00,23.1,72.78941,0.0,27.25,0.241
2024-05-11 13:00:00+00:00,24.05,69.60873,0.0,27.85,0.233
2024-05-11 14:00:00+00:00,23.3,73.74408,0.0,27.2,0.232
2024-05-11 15:00:00+00:00,22.5,74.54115,0.0,26.3,0.231
2024-05-11 16:00:00+00:00,21.85,75.8579,0.0,25.2,0.231
2024-05-11 17:00:00+00:00,21.15,81.713974,0.0,24.15,0.231
2024-05-11 18:00:00+00:00,20.8,83.490585,0.0,23.3,0.23
2024-05-11 19:00:00+00:00,20.75,77.63122,0.0,22.65,0.23
2024-05-11 20:00:00+00:00,20.25,82.37895,0.0,22.15,0.23
2024-05-11 21:00:00+00:00,20.15,83.41573,0.0,21.75,0.23
2024-05-11 22:00:00+00:00,19.85,84.711205,0.0,21.35,0.23
2024-05-11 23:00:00+00:00,19.75,83.6341,0.0,21.05,0.23
2024-05-12 00:00:00+00:00,19.55,83.61124,0.1,20.9,0.23
2024-05-12 01:00:00+00:00,20.25,82.90166,0.0,21.55,0.23
2024-05-12 02:00:00+00:00,20.15,80.815056,0.0,21.3,0.23
2024-05-12 03:00:00+00:00,20.25,77.803444,0.0,21.1,0.229
2024-05-12 04:00:00+00:00,20.75,76.65089,0.0,21.25,0.229
2024-05-12 05:00:00+00:00,21.3,73.63442,0.1,21.8,0.23
2024-05-12 06:00:00+00:00,20.75,76.1648,0.2,22.65,0.23
2024-05-12 07:00:00+00:00,20.3,77.81093,0.3,23.2,0.232
2024-05-12 08:00:00+00:00,20.75,76.65089,0.1,23.75,0.231
2024-05-12 09:00:00+00:00,21.3,73.63442,0.3,24.5,0.232
2024-05-12 10:00:00+00:00,22.05,72.37452,0.3,25.05,0.233
2024-05-12 11:00:00+00:00,21.9,73.504196,0.1,25.5,0.232
2024-05-12 12:00:00+00:00,21.3,74.81418,0.2,25.4,0.232
2024-05-12 13:00:00+00:00,21.2,78.93629,0.0,25.6,0.237
2024-05-12 14:00:00+00:00,20.5,79.84303,0.0,25.05,0.236
2024-05-12 15:00:00+00:00,19.4,83.328705,1.8,24.35,0.257
2024-05-12 16:00:00+00:00,17.55,92.677376,9.8,22.8,0.392
2024-05-12 17:00:00+00:00,17.0,93.24143,13.6,21.25,0.421
2024-05-12 18:00:00+00:00,17.8,87.24176,3.8,20.2,0.409
2024-05-12 19:00:00+00:00,18.65,86.21498,0.0,19.75,0.396
2024-05-12 20:00:00+00:00,18.25,92.12968,0.6,19.55,0.395
2024-05-12 21:00:00+00:00,17.55,88.62714,7.4,19.4,0.41
2024-05-12 22:00:00+00:00,17.55,88.62714,0.2,19.05,0.401
2024-05-12 23:00:00+00:00,16.9,91.75657,0.4,18.75,0.398
2024-05-13 00:00:00+00:00,17.3,86.91605,0.1,18.45,0.392
2024-05-13 01:00:00+00:00,18.2,88.96332,0.0,19.0,0.321
2024-05-13 02:00:00+00:00,17.7,87.79296,0.0,18.7,0.32
2024-05-13 03:00:00+00:00,16.7,89.128944,0.6,18.35,0.325
2024-05-13 04:00:00+00:00,18.05,83.170395,0.0,18.35,0.323
2024-05-13 05:00:00+00:00,18.7,78.82941,0.7,18.85,0.329
2024-05-13 06:00:00+00:00,18.65,80.35762,0.5,19.25,0.332
2024-05-13 07:00:00+00:00,19.05,80.41162,0.1,20.25,0.331
2024-05-13 08:00:00+00:00,19.05,80.92796,0.2,21.15,0.329
2024-05-13 09:00:00+00:00,19.85,77.00136,0.1,22.1,0.327
2024-05-13 10:00:00+00:00,20.7,74.0023,0.1,23.3,0.324
2024-05-13 11:00:00+00:00,21.4,71.34229,0.1,24.5,0.32
2024-05-13 12:00:00+00:00,21.1,71.05922,0.1,24.95,0.317
2024-05-13 13:00:00+00:00,22.25,63.73407,0.0,24.85,0.338
2024-05-13 14:00:00+00:00,22.05,65.55982,0.0,24.45,0.335
2024-05-13 15:00:00+00:00,21.65,69.81182,0.0,23.85,0.332
2024-05-13 16:00:00+00:00,20.85,75.45703,0.0,23.0,0.33
2024-05-13 17:00:00+00:00,20.45,77.093704,0.0,22.1,0.328
2024-05-13 18:00:00+00:00,20.55,77.109055,0.0,21.5,0.327
2024-05-13 19:00:00+00:00,20.75,76.89493,0.0,21.1,0.326
2024-05-13 20:00:00+00:00,17.45,95.36267,2.2,20.65,0.352
2024-05-13 21:00:00+00:00,17.8,90.64949,4.0,19.8,0.396
2024-05-13 22:00:00+00:00,17.65,89.77561,0.0,19.1,0.387
2024-05-13 23:00:00+00:00,17.25,94.75099,0.0,18.7,0.38
2024-05-14 00:00:00+00:00,16.5,95.329414,0.0,18.4,0.375
2024-05-14 01:00:00+00:00,17.55,91.503876,0.0,19.35,0.353
2024-05-14 02:00:00+00:00,17.6,91.799034,0.0,18.85,0.35
2024-05-14 03:00:00+00:00,17.7,96.58687,0.0,18.6,0.348
2024-05-14 04:00:00+00:00,18.4,97.82754,0.0,19.0,0.346
2024-05-14 05:00:00+00:00,19.5,89.91211,0.1,19.85,0.345
2024-05-14 06:00:00+00:00,20.55,82.15574,0.0,20.8,0.342
2024-05-14 07:00:00+00:00,21.4,75.06854,0.1,21.85,0.34
2024-05-14 08:00:00+00:00,21.55,74.85555,0.1,22.9,0.337
2024-05-14 09:00:00+00:00,21.45,76.03433,0.0,23.8,0.334
2024-05-14 10:00:00+00:00,21.35,75.777916,0.0,24.55,0.33
2024-05-14 11:00:00+00:00,21.8,74.660225,0.0,25.15,0.326
2024-05-14 12:00:00+00:00,22.2,73.092064,0.1,25.45,0.324
2024-05-14 13:00:00+00:00,22.3,67.74404,0.7,25.3,0.326
2024-05-14 14:00:00+00:00,23.05,61.105534,0.0,25.1,0.324
2024-05-14 15:00:00+00:00,22.35,66.68117,0.0,24.6,0.322
2024-05-14 16:00:00+00:00,21.5,77.01032,0.0,23.7,0.32
2024-05-14 17:00:00+00:00,20.85,84.28723,0.0,22.7,0.32
2024-05-14 18:00:00+00:00,20.5,85.58451,0.0,21.9,0.319
2024-05-14 19:00:00+00:00,19.5,90.479744,0.0,21.2,0.318
2024-05-14 20:00:00+00:00,20.5,89.70409,0.0,20.85,0.317
2024-05-14 21:00:00+00:00,20.7,86.95739,0.0,20.75,0.316
2024-05-14 22:00:00+00:00,20.55,86.39971,0.0,20.65,0.316
2024-05-14 23:00:00+00:00,20.45,86.39006,0.0,20.55,0.315
2024-05-15 00:00:00+00:00,20.45,85.31069,0.0,20.5,0.314
2024-05-15 01:00:00+00:00,17.95,90.94862,0.5,20.05,0.314
2024-05-15 02:00:00+00:00,18.85,91.874054,0.1,19.65,0.314
2024-05-15 03:00:00+00:00,17.35,93.85488,0.2,19.3,0.315
2024-05-15 04:00:00+00:00,17.35,91.49134,0.0,19.05,0.315
2024-05-15 05:00:00+00:00,18.45,88.41942,0.0,19.2,0.314
2024-05-15 06:00:00+00:00,19.4,82.013176,0.0,19.55,0.314
2024-05-15 07:00:00+00:00,20.15,79.7949,0.1,20.2,0.313
2024-05-15 08:00:00+00:00,20.55,78.34447,0.2,21.15,0.313
2024-05-15 09:00:00+00:00,21.5,74.84729,0.2,22.8,0.312
2024-05-15 10:00:00+00:00,21.7,74.64359,0.0,24.05,0.309
2024-05-15 11:00:00+00:00,21.7,76.31476,0.0,24.9,0.306
2024-05-15 12:00:00+00:00,21.05,80.171,0.0,25.3,0.303
2024-05-15 13:00:00+00:00,21.85,75.61872,0.1,25.9,0.294
2024-05-15 14:00:00+00:00,21.65,73.928764,0.0,25.45,0.293
2024-05-15 15:00:00+00:00,21.55,72.285164,0.0,24.85,0.291
2024-05-15 16:00:00+00:00,20.95,75.23352,0.0,23.95,0.291
2024-05-15 17:00:00+00:00,19.75,81.0197,0.0,22.8,0.29
2024-05-15 18:00:00+00:00,20.0,82.871925,0.0,21.95,0.29
2024-05-15 19:00:00+00:00,20.05,83.93337,0.0,21.4,0.29
2024-05-15 20:00:00+00:00,19.95,85.25887,0.0,21.0,0.29
2024-05-15 21:00:00+00:00,19.2,89.60693,0.0,20.65,0.289
2024-05-15 22:00:00+00:00,19.95,84.4546,0.0,20.1,0.289
2024-05-15 23:00:00+00:00,20.25,84.48725,0.0,19.7,0.289
2024-05-16 00:00:00+00:00,19.05,91.308624,0.0,19.5,0.289
2024-05-16 01:00:00+00:00,19.65,90.774864,0.4,20.45,0.294
2024-05-16 02:00:00+00:00,19.35,87.936935,1.5,20.15,0.311
2024-05-16 03:00:00+00:00,18.75,92.44987,0.7,19.9,0.32
2024-05-16 04:00:00+00:00,19.35,89.336044,0.0,20.05,0.32
2024-05-16 05:00:00+00:00,20.2,85.01642,0.0,20.95,0.319
2024-05-16 06:00:00+00:00,21.25,78.44645,0.1,22.1,0.319
2024-05-16 07:00:00+00:00,21.8,75.610664,0.3,23.15,0.319
2024-05-16 08:00:00+00:00,22.3,74.507835,0.1,24.25,0.318
2024-05-16 09:00:00+00:00,22.6,73.161705,0.0,25.15,0.315
2024-05-16 10:00:00+00:00,22.75,69.80017,0.0,25.8,0.312
2024-05-16 11:00:00+00:00,23.0,68.31655,0.0,26.0,0.309
2024-05-16 12:00:00+00:00,22.9,66.37042,0.0,26.15,0.306
2024-05-16 13:00:00+00:00,23.2,66.4325,0.0,26.45,0.281
2024-05-16 14:00:00+00:00,22.6,66.94579,0.0,26.0,0.279
2024-05-16 15:00:00+00:00,22.0,71.22574,0.0,25.2,0.278
2024-05-16 16:00:00+00:00,21.35,76.259674,0.0,24.2,0.278
2024-05-16 17:00:00+00:00,20.85,79.13651,0.0,23.2,0.277
2024-05-16 18:00:00+00:00,20.65,81.90917,0.0,22.45,0.277
2024-05-16 19:00:00+00:00,20.8,81.66991,0.0,21.95,0.277
2024-05-16 20:00:00+00:00,20.7,83.21668,0.0,21.65,0.277
2024-05-16 21:00:00+00:00,20.35,86.652275,0.0,21.3,0.277
2024-05-16 22:00:00+00:00,20.0,89.66688,0.0,21.0,0.276
2024-05-16 23:00:00+00:00,19.7,91.0636,0.0,20.7,0.276
2024-05-17 00:00:00+00:00,19.3,91.612236,0.0,20.45,0.276
2024-05-17 01:00:00+00:00,19.9,91.648964,0.0,21.3,0.276
2024-05-17 02:00:00+00:00,19.2,93.05796,0.0,20.85,0.275
2024-05-17 03:00:00+00:00,19.3,93.64907,0.0,20.55,0.275
2024-05-17 04:00:00+00:00,20.55,86.128914,0.1,20.9,0.276
2024-05-17 05:00:00+00:00,21.2,80.95256,0.2,21.6,0.277
2024-05-17 06:00:00+00:00,21.75,76.80594,0.2,22.5,0.278
2024-05-17 07:00:00+00:00,22.3,73.80576,0.1,23.45,0.278
2024-05-17 08:00:00+00:00,22.8,70.47584,0.0,24.55,0.276
2024-05-17 09:00:00+00:00,23.0,70.290855,0.0,25.65,0.274
2024-05-17 10:00:00+00:00,23.25,66.65416,0.0,26.4,0.271
2024-05-17 11:00:00+00:00,23.2,69.88591,0.0,26.8,0.269
2024-05-17 12:00:00+00:00,23.0,72.315125,0.0,26.9,0.267
2024-05-17 13:00:00+00:00,22.8,71.59843,0.0,26.35,0.262
2024-05-17 14:00:00+00:00,22.25,73.56442,0.0,25.6,0.261
2024-05-17 15:00:00+00:00,21.9,76.82908,0.0,24.75,0.261
2024-05-17 16:00:00+00:00,21.6,80.750725,0.0,24.0,0.26
2024-05-17 17:00:00+00:00,21.1,85.37766,0.0,23.2,0.26
2024-05-17 18:00:00+00:00,21.0,87.53027,0.0,22.55,0.26
2024-05-17 19:00:00+00:00,20.75,90.56564,0.0,22.1,0.26
2024-05-17 20:00:00+00:00,20.55,92.261345,0.0,21.7,0.26
2024-05-17 21:00:00+00:00,20.45,93.1215,0.1,21.45,0.261
2024-05-17 22:00:00+00:00,20.5,92.83472,0.2,21.3,0.263
2024-05-17 23:00:00+00:00,20.8,91.70353,0.1,21.25,0.263
2024-05-18 00:00:00+00:00,20.7,92.84522,0.1,21.2,0.265
2024-05-18 01:00:00+00:00,20.25,95.75565,0.1,22.0,0.264
2024-05-18 02:00:00+00:00,20.45,94.87463,0.0,21.6,0.264
2024-05-18 03:00:00+00:00,20.85,90.85482,0.1,21.45,0.265
2024-05-18 04:00:00+00:00,21.25,87.27989,0.1,21.5,0.266
2024-05-18 05:00:00+00:00,21.7,83.59347,0.1,21.8,0.266
2024-05-18 06:00:00+00:00,22.15,80.57045,0.1,22.45,0.267
2024-05-18 07:00:00+00:00,22.45,78.12888,0.1,23.15,0.267
2024-05-18 08:00:00+00:00,22.95,75.79486,0.1,24.3,0.267
2024-05-18 09:00:00+00:00,22.85,78.67698,0.0,25.2,0.265
2024-05-18 10:00:00+00:00,23.55,74.948845,0.0,26.4,0.263
2024-05-18 11:00:00+00:00,23.35,74.91606,0.0,27.1,0.26
2024-05-18 12:00:00+00:00,23.0,75.3294,0.0,27.15,0.259
2024-05-18 13:00:00+00:00,23.6,76.61069,0.0,26.85,0.258
2024-05-18 14:00:00+00:00,23.5,77.314095,0.0,26.75,0.257
2024-05-18 15:00:00+00:00,23.05,78.95111,0.0,26.15,0.256
2024-05-18 16:00:00+00:00,22.35,81.86393,0.0,25.25,0.255
2024-05-18 17:00:00+00:00,21.7,86.50975,0.0,24.25,0.255
2024-05-18 18:00:00+00:00,21.5,86.22159,0.0,23.5,0.255
2024-05-18 19:00:00+00:00,21.2,87.27538,0.0,22.9,0.255
2024-05-18 20:00:00+00:00,20.7,90.28034,0.0,22.4,0.255
2024-05-18 21:00:00+00:00,19.8,92.218765,0.0,21.85,0.255
2024-05-18 22:00:00+00:00,21.6,80.24508,0.0,21.35,0.255
2024-05-18 23:00:00+00:00,19.3,93.06309,0.0,20.95,0.255
2024-05-19 00:00:00+00:00,19.3,95.72552,0.0,20.7,0.255
2024-05-19 01:00:00+00:00,19.65,96.93817,0.0,21.15,0.254
2024-05-19 02:00:00+00:00,20.05,99.38283,0.0,20.65,0.254
2024-05-19 03:00:00+00:00,19.45,99.07124,0.0,20.45,0.254
2024-05-19 04:00:00+00:00,20.65,92.26699,0.0,21.0,0.254
2024-05-19 05:00:00+00:00,21.75,85.17845,0.0,22.05,0.253
2024-05-19 06:00:00+00:00,22.5,80.61663,0.0,23.4,0.252
2024-05-19 07:00:00+00:00,22.95,78.201904,0.0,24.75,0.251
2024-05-19 08:00:00+00:00,23.45,75.63786,0.0,26.1,0.248
2024-05-19 09:00:00+00:00,23.75,71.32172,0.0,27.2,0.246
2024-05-19 10:00:00+00:00,23.7,70.64393,0.0,27.95,0.244
2024-05-19 11:00:00+00:00,23.7,69.760994,0.0,28.35,0.241
2024-05-19 12:00:00+00:00,23.75,68.68072,0.0,28.5,0.239
2024-05-19 13:00:00+00:00,23.8,76.16636,0.0,28.0,0.239
2024-05-19 14:00:00+00:00,23.5,75.88224,0.0,27.35,0.238
2024-05-19 15:00:00+00:00,23.2,76.54881,0.0,26.65,0.237
2024-05-19 16:00:00+00:00,22.5,79.61627,0.1,25.65,0.238
2024-05-19 17:00:00+00:00,22.05,83.89419,0.0,24.6,0.238
2024-05-19 18:00:00+00:00,21.85,85.18884,0.0,23.85,0.238
2024-05-19 19:00:00+00:00,21.4,89.77055,0.0,23.25,0.238
2024-05-19 20:00:00+00:00,21.0,93.1492,0.0,22.75,0.238
2024-05-19 21:00:00+00:00,21.55,90.339775,0.0,22.15,0.238
2024-05-19 22:00:00+00:00,21.6,90.90429,0.0,21.65,0.238
2024-05-19 23:00:00+00:00,21.45,89.77422,0.0,21.2,0.238
2024-05-20 00:00:00+00:00,21.3,91.16683,0.0,20.85,0.239
2024-05-20 01:00:00+00:00,20.55,93.126564,0.0,21.8,0.237
2024-05-20 02:00:00+00:00,21.5,90.89774,0.0,21.45,0.237
2024-05-20 03:00:00+00:00,20.75,96.963295,0.0,21.35,0.237
2024-05-20 04:00:00+00:00,21.2,94.610344,0.0,21.8,0.237
2024-05-20 05:00:00+00:00,22.1,87.08602,0.0,22.75,0.237
2024-05-20 06:00:00+00:00,22.9,83.47039,0.0,24.1,0.236
2024-05-20 07:00:00+00:00,23.8,78.56839,0.0,25.6,0.234
2024-05-20 08:00:00+00:00,24.7,74.67205,0.0,27.1,0.232
2024-05-20 09:00:00+00:00,25.1,74.2773,0.0,28.35,0.23
2024-05-20 10:00:00+00:00,25.15,67.46246,0.0,29.05,0.228
2024-05-20 11:00:00+00:00,24.85,64.09639,0.0,29.4,0.225
2024-05-20 12:00:00+00:00,24.65,64.25574,0.0,29.25,0.224
2024-05-20 13:00:00+00:00,25.0,69.7894,0.0,28.8,0.223
2024-05-20 14:00:00+00:00,24.9,70.426025,0.0,28.5,0.221
2024-05-20 15:00:00+00:00,24.05,74.79735,0.0,27.7,0.221
2024-05-20 16:00:00+00:00,23.35,77.77446,0.0,26.7,0.22
2024-05-20 17:00:00+00:00,22.3,87.644775,0.0,25.45,0.22
2024-05-20 18:00:00+00:00,21.2,93.7373,0.0,24.45,0.22
2024-05-20 19:00:00+00:00,20.8,91.9891,0.0,23.6,0.221
2024-05-20 20:00:00+00:00,21.55,88.949936,0.0,22.95,0.221
2024-05-20 21:00:00+00:00,22.55,85.52552,0.0,22.4,0.221
2024-05-20 22:00:00+00:00,20.1,94.56639,0.0,22.0,0.221
2024-05-20 23:00:00+00:00,20.15,97.250946,0.0,21.7,0.221
2024-05-21 00:00:00+00:00,20.05,98.463295,0.0,21.5,0.221
2024-05-21 01:00:00+00:00,20.2,91.38123,0.0,22.15,0.22
2024-05-21 02:00:00+00:00,21.15,86.45727,0.0,21.65,0.22
2024-05-21 03:00:00+00:00,20.5,89.98479,0.0,21.35,0.22
2024-05-21 04:00:00+00:00,21.65,83.587814,0.0,21.85,0.22
2024-05-21 05:00:00+00:00,22.85,76.25532,0.0,22.9,0.219
2024-05-21 06:00:00+00:00,24.1,72.73668,0.0,24.35,0.218
2024-05-21 07:00:00+00:00,24.95,70.21625,0.0,25.9,0.217
2024-05-21 08:00:00+00:00,25.0,71.77134,0.0,27.2,0.215
2024-05-21 09:00:00+00:00,24.8,73.99773,0.0,28.15,0.213
2024-05-21 10:00:00+00:00,25.1,73.81939,0.0,28.9,0.211
2024-05-21 11:00:00+00:00,24.75,73.9893,0.0,29.2,0.209
2024-05-21 12:00:00+00:00,24.75,72.17407,0.0,29.2,0.208
2024-05-21 13:00:00+00:00,25.15,74.97697,0.0,29.2,0.21
2024-05-21 14:00:00+00:00,24.55,77.710815,0.0,28.7,0.21
2024-05-21 15:00:00+00:00,23.75,80.78025,0.0,27.9,0.209
2024-05-21 16:00:00+00:00,23.0,86.1003,0.0,26.75,0.209
2024-05-21 17:00:00+00:00,22.45,90.12434,0.0,25.65,0.209
2024-05-21 18:00:00+00:00,22.35,89.287865,0.0,24.75,0.209
2024-05-21 19:00:00+00:00,22.3,89.559875,0.0,24.15,0.209
2024-05-21 20:00:00+00:00,22.2,90.66386,0.0,23.7,0.209
2024-05-21 21:00:00+00:00,22.4,89.29169,0.0,23.4,0.209
2024-05-21 22:00:00+00:00,22.25,90.110146,0.0,23.1,0.209
2024-05-21 23:00:00+00:00,22.0,92.34264,0.0,22.85,0.209
2024-05-22 00:00:00+00:00,21.85,93.19166,0.0,22.65,0.21
2024-05-22 01:00:00+00:00,21.15,96.07987,0.0,23.4,0.209
2024-05-22 02:00:00+00:00,20.95,94.89354,0.0,22.85,0.209
2024-05-22 03:00:00+00:00,21.0,96.07548,0.0,22.5,0.21
2024-05-22 04:00:00+00:00,22.05,89.26489,0.0,22.8,0.21
2024-05-22 05:00:00+00:00,23.0,82.96654,0.1,23.6,0.211
2024-05-22 06:00:00+00:00,23.6,80.76073,0.0,24.55,0.211
2024-05-22 07:00:00+00:00,24.35,77.68125,0.0,26.0,0.209
2024-05-22 08:00:00+00:00,24.55,79.405594,0.0,27.3,0.208
2024-05-22 09:00:00+00:00,24.55,79.89573,0.0,28.4,0.206
2024-05-22 10:00:00+00:00,24.6,79.41246,0.0,29.25,0.204
2024-05-22 11:00:00+00:00,24.65,77.72558,0.0,29.7,0.203
2024-05-22 12:00:00+00:00,24.7,75.83657,0.0,29.85,0.201
2024-05-22 13:00:00+00:00,24.5,76.74902,0.0,29.65,0.201
2024-05-22 14:00:00+00:00,23.8,81.03662,0.0,28.9,0.2
2024-05-22 15:00:00+00:00,23.6,82.2718,0.0,28.1,0.2
2024-05-22 16:00:00+00:00,23.25,84.02745,0.0,27.05,0.199
2024-05-22 17:00:00+00:00,22.8,89.04808,0.0,25.95,0.199
2024-05-22 18:00:00+00:00,22.75,90.42276,0.0,25.15,0.199
2024-05-22 19:00:00+00:00,22.75,91.53905,0.0,24.6,0.2
2024-05-22 20:00:00+00:00,22.55,92.37317,0.0,24.15,0.2
2024-05-22 21:00:00+00:00,22.75,90.14554,0.0,23.85,0.2
2024-05-22 22:00:00+00:00,22.55,91.24626,0.0,23.6,0.2
2024-05-22 23:00:00+00:00,21.7,95.214066,0.0,23.35,0.2
2024-05-23 00:00:00+00:00,22.1,94.35601,0.0,23.15,0.2
2024-05-23 01:00:00+00:00,22.7,90.41932,0.0,24.15,0.199
2024-05-23 02:00:00+00:00,22.55,91.8082,0.0,23.75,0.2
2024-05-23 03:00:00+00:00,22.2,95.52376,0.1,23.45,0.201
2024-05-23 04:00:00+00:00,23.0,91.27459,0.0,23.7,0.201
2024-05-23 05:00:00+00:00,23.75,86.173004,0.0,24.3,0.2
2024-05-23 06:00:00+00:00,24.7,80.16177,0.0,25.45,0.2
2024-05-23 07:00:00+00:00,24.4,80.86456,0.1,26.5,0.199
2024-05-23 08:00:00+00:00,24.6,78.44039,0.0,27.45,0.198
2024-05-23 09:00:00+00:00,25.0,77.299965,0.0,28.55,0.197
2024-05-23 10:00:00+00:00,25.2,78.76739,0.0,29.5,0.195
2024-05-23 11:00:00+00:00,25.25,77.57524,0.0,29.95,0.193
2024-05-23 12:00:00+00:00,24.95,78.97423,0.0,30.05,0.192
2024-05-23 13:00:00+00:00,24.7,76.30683,0.0,29.65,0.192
2024-05-23 14:00:00+00:00,24.35,77.68125,0.0,29.15,0.192
2024-05-23 15:00:00+00:00,23.95,80.806244,0.0,28.35,0.191
2024-05-23 16:00:00+00:00,23.55,82.7751,0.0,27.3,0.191
2024-05-23 17:00:00+00:00,22.9,89.87995,0.0,26.15,0.191
2024-05-23 18:00:00+00:00,22.8,94.097206,0.0,25.3,0.191
2024-05-23 19:00:00+00:00,22.85,94.09935,0.0,24.75,0.191
2024-05-23 20:00:00+00:00,22.85,92.10745,0.0,24.35,0.191
2024-05-23 21:00:00+00:00,22.65,92.09602,0.0,24.0,0.192
2024-05-23 22:00:00+00:00,22.6,87.400856,0.0,23.7,0.192
2024-05-23 23:00:00+00:00,22.15,86.01726,0.0,23.35,0.192
2024-05-24 00:00:00+00:00,21.85,82.057945,0.0,23.05,0.192
2024-05-24 01:00:00+00:00,21.6,85.695625,0.5,24.1,0.197
2024-05-24 02:00:00+00:00,21.3,85.93346,1.1,23.25,0.209
2024-05-24 03:00:00+00:00,20.5,87.48583,0.5,22.4,0.215
2024-05-24 04:00:00+00:00,20.35,87.47246,0.6,21.9,0.222
2024-05-24 05:00:00+00:00,20.85,85.35196,0.5,21.9,0.226
2024-05-24 06:00:00+00:00,21.2,83.53641,0.1,22.55,0.227
2024-05-24 07:00:00+00:00,20.85,85.35196,0.3,23.45,0.23
2024-05-24 08:00:00+00:00,22.1,81.57764,0.3,24.2,0.231
2024-05-24 09:00:00+00:00,23.45,78.27454,0.0,25.85,0.23
2024-05-24 10:00:00+00:00,23.65,77.81878,0.1,27.25,0.229
2024-05-24 11:00:00+00:00,23.95,75.4825,0.1,28.1,0.228
2024-05-24 12:00:00+00:00,24.2,70.51568,0.1,28.4,0.228
2024-05-24 13:00:00+00:00,19.9,87.70791,9.7,26.1,0.391
2024-05-24 14:00:00+00:00,19.4,86.28831,3.4,24.35,0.41
2024-05-24 15:00:00+00:00,19.8,86.87369,0.3,23.15,0.395
2024-05-24 16:00:00+00:00,19.95,86.34174,0.0,22.45,0.385
2024-05-24 17:00:00+00:00,19.05,89.87917,0.0,21.8,0.378
2024-05-24 18:00:00+00:00,19.3,88.490135,0.0,21.3,0.372
2024-05-24 19:00:00+00:00,18.9,89.584335,0.0,20.85,0.367
2024-05-24 20:00:00+00:00,19.45,84.399925,0.0,20.35,0.363
2024-05-24 21:00:00+00:00,18.65,95.704704,0.0,20.15,0.36
2024-05-24 22:00:00+00:00,18.15,98.1318,0.0,20.05,0.357
2024-05-24 23:00:00+00:00,17.75,98.126114,0.0,19.85,0.354
2024-05-25 00:00:00+00:00,17.75,97.20077,0.0,19.65,0.351
2024-05-25 01:00:00+00:00,18.9,94.22115,0.0,21.2,0.303
2024-05-25 02:00:00+00:00,19.0,94.81914,0.3,20.9,0.305
2024-05-25 03:00:00+00:00,20.35,90.82161,0.0,20.8,0.304
2024-05-25 04:00:00+00:00,21.5,80.23166,0.4,21.2,0.307
2024-05-25 05:00:00+00:00,22.15,77.10971,0.1,21.75,0.306
2024-05-25 06:00:00+00:00,22.45,76.19246,0.3,22.7,0.307
2024-05-25 07:00:00+00:00,23.05,73.23979,0.2,23.75,0.307
2024-05-25 08:00:00+00:00,23.45,73.53892,0.1,24.9,0.305
2024-05-25 09:00:00+00:00,23.6,71.743385,0.0,26.0,0.302
2024-05-25 10:00:00+00:00,23.8,67.829704,0.0,26.9,0.299
2024-05-25 11:00:00+00:00,24.15,65.37767,0.0,27.4,0.295
2024-05-25 12:00:00+00:00,24.05,67.45323,0.0,27.6,0.292
2024-05-25 13:00:00+00:00,24.5,66.699745,0.0,27.7,0.283
2024-05-25 14:00:00+00:00,24.25,66.85893,0.0,27.3,0.281
2024-05-25 15:00:00+00:00,23.95,65.12891,0.0,26.6,0.28
2024-05-25 16:00:00+00:00,23.35,69.69423,0.0,25.75,0.279
2024-05-25 17:00:00+00:00,22.75,71.13831,0.0,24.75,0.278
2024-05-25 18:00:00+00:00,22.5,73.37553,0.0,23.95,0.278
2024-05-25 19:00:00+00:00,22.65,77.67057,0.0,23.4,0.277
2024-05-25 20:00:00+00:00,22.55,81.634285,0.0,23.1,0.277
2024-05-25 21:00:00+00:00,19.8,89.65193,0.6,22.6,0.281
2024-05-25 22:00:00+00:00,19.6,88.794266,0.0,21.85,0.282
2024-05-25 23:00:00+00:00,19.9,93.09369,0.0,21.4,0.281
2024-05-26 00:00:00+00:00,19.85,94.55633,0.1,21.2,0.282
2024-05-26 01:00:00+00:00,21.05,88.08271,0.0,21.9,0.279
2024-05-26 02:00:00+00:00,21.05,88.63371,0.0,21.65,0.279
2024-05-26 03:00:00+00:00,21.6,85.695625,0.1,21.55,0.279
2024-05-26 04:00:00+00:00,22.35,81.101616,0.0,21.85,0.279
2024-05-26 05:00:00+00:00,22.8,79.40958,0.1,22.5,0.279
2024-05-26 06:00:00+00:00,23.1,78.71268,0.1,23.4,0.278
2024-05-26 07:00:00+00:00,23.65,77.09659,0.1,24.35,0.278
2024-05-26 08:00:00+00:00,24.25,75.53054,0.1,25.5,0.277
2024-05-26 09:00:00+00:00,24.5,73.94724,0.1,26.55,0.274
2024-05-26 10:00:00+00:00,24.85,72.19183,0.0,27.45,0.272
2024-05-26 11:00:00+00:00,24.55,73.269615,0.1,27.9,0.27
2024-05-26 12:00:00+00:00,24.4,73.47205,0.1,27.95,0.269
2024-05-26 13:00:00+00:00,23.9,74.07669,0.0,27.45,0.266
2024-05-26 14:00:00+00:00,23.55,74.48203,0.0,27.2,0.264
2024-05-26 15:00:00+00:00,23.0,75.0937,0.0,26.5,0.263
2024-05-26 16:00:00+00:00,22.4,77.6333,0.0,25.6,0.263
2024-05-26 17:00:00+00:00,21.85,81.2912,0.0,24.55,0.262
2024-05-26 18:00:00+00:00,20.65,88.60113,0.0,23.6,0.262
2024-05-26 19:00:00+00:00,21.95,82.58465,0.0,22.75,0.262
2024-05-26 20:00:00+00:00,19.4,94.834526,0.0,22.1,0.262
2024-05-26 21:00:00+00:00,21.25,90.88128,0.0,21.6,0.262
2024-05-26 22:00:00+00:00,20.8,94.59443,0.0,21.15,0.261
2024-05-26 23:00:00+00:00,18.6,100.0,0.0,20.8,0.261
2024-05-27 00:00:00+00:00,19.45,98.15008,0.0,20.7,0.261
2024-05-27 01:00:00+00:00,19.8,94.55429,0.0,21.5,0.262
2024-05-27 02:00:00+00:00,19.4,93.947716,0.0,21.2,0.262
2024-05-27 03:00:00+00:00,19.7,93.66778,1.1,20.9,0.272
2024-05-27 04:00:00+00:00,20.1,93.10382,0.7,20.95,0.281
2024-05-27 05:00:00+00:00,19.95,94.56033,0.2,21.15,0.283
2024-05-27 06:00:00+00:00,21.75,85.17845,0.0,22.2,0.282
2024-05-27 07:00:00+00:00,23.7,72.43934,0.0,23.55,0.281
2024-05-27 08:00:00+00:00,25.45,64.22556,0.0,25.05,0.278
2024-05-27 09:00:00+00:00,26.5,54.554787,0.0,26.35,0.275
2024-05-27 10:00:00+00:00,27.65,44.430775,0.0,27.35,0.272
2024-05-27 11:00:00+00:00,28.35,41.02822,0.0,28.15,0.268
2024-05-27 12:00:00+00:00,26.3,49.67447,0.0,27.9,0.266
2024-05-27 13:00:00+00:00,28.3,46.357998,0.0,26.95,0.296
2024-05-27 14:00:00+00:00,28.1,48.11496,0.0,27.0,0.293
2024-05-27 15:00:00+00:00,27.2,44.5958,0.0,26.7,0.291
2024-05-27 16:00:00+00:00,25.1,50.654037,0.0,25.95,0.289
2024-05-27 17:00:00+00:00,23.95,53.217026,0.0,24.95,0.288
2024-05-27 18:00:00+00:00,22.7,57.017216,0.0,24.05,0.287
2024-05-27 19:00:00+00:00,21.05,68.14622,0.0,23.1,0.286
2024-05-27 20:00:00+00:00,23.2,68.14,0.0,22.4,0.286
2024-05-27 21:00:00+00:00,23.5,74.940636,0.0,22.55,0.285
2024-05-27 22:00:00+00:00,22.85,80.9139,0.0,22.55,0.285
2024-05-27 23:00:00+00:00,22.8,83.977684,0.0,22.55,0.284
2024-05-28 00:00:00+00:00,22.9,83.98875,0.0,22.55,0.284
2024-05-28 01:00:00+00:00,23.15,85.58605,0.0,23.6,0.28
2024-05-28 02:00:00+00:00,22.95,87.16322,0.0,23.35,0.28
2024-05-28 03:00:00+00:00,22.85,85.555786,0.0,23.15,0.28
2024-05-28 04:00:00+00:00,22.9,84.24901,0.0,23.2,0.279
2024-05-28 05:00:00+00:00,23.2,81.96908,0.0,23.5,0.278
2024-05-28 06:00:00+00:00,23.8,78.56839,0.1,24.25,0.277
2024-05-28 07:00:00+00:00,23.95,75.71762,0.1,25.1,0.276
2024-05-28 08:00:00+00:00,24.1,74.3414,0.1,25.85,0.275
2024-05-28 09:00:00+00:00,23.9,74.77271,0.1,26.35,0.274
2024-05-28 10:00:00+00:00,24.45,72.345825,0.1,26.95,0.272
2024-05-28 11:00:00+00:00,24.5,73.033485,0.1,27.55,0.27
2024-05-28 12:00:00+00:00,24.3,73.22657,0.2,27.7,0.269
2024-05-28 13:00:00+00:00,24.25,72.762924,0.0,28.1,0.262
2024-05-28 14:00:00+00:00,23.7,76.8648,0.0,27.6,0.26
2024-05-28 15:00:00+00:00,23.35,77.291504,0.0,26.95,0.259
2024-05-28 16:00:00+00:00,22.75,80.1487,0.0,26.0,0.258
2024-05-28 17:00:00+00:00,22.25,84.43982,0.0,25.05,0.258
2024-05-28 18:00:00+00:00,22.1,85.21471,0.0,24.25,0.258
2024-05-28 19:00:00+00:00,21.95,86.53349,0.0,23.65,0.258
2024-05-28 20:00:00+00:00,21.9,86.7979,0.0,23.25,0.257
2024-05-28 21:00:00+00:00,21.8,87.873184,0.0,22.95,0.257
2024-05-28 22:00:00+00:00,21.7,88.41168,0.0,22.7,0.257
2024-05-28 23:00:00+00:00,21.15,91.44055,0.0,22.4,0.257
2024-05-29 00:00:00+00:00,21.8,84.91871,0.2,21.95,0.259
2024-05-29 01:00:00+00:00,20.4,92.25286,0.0,22.65,0.262
2024-05-29 02:00:00+00:00,21.0,86.442894,0.5,22.05,0.266
2024-05-29 03:00:00+00:00,20.35,91.96276,0.2,21.7,0.268
2024-05-29 04:00:00+00:00,20.95,89.179955,0.1,21.95,0.269
2024-05-29 05:00:00+00:00,21.8,86.25066,0.0,22.6,0.269
2024-05-29 06:00:00+00:00,22.65,82.66834,0.0,23.6,0.268
2024-05-29 07:00:00+00:00,23.4,77.05864,0.0,24.85,0.267
2024-05-29 08:00:00+00:00,23.85,73.837456,0.0,26.15,0.265
2024-05-29 09:00:00+00:00,24.05,72.50115,0.0,27.25,0.262
2024-05-29 10:00:00+00:00,24.2,72.754196,0.0,28.05,0.26
2024-05-29 11:00:00+00:00,24.25,72.99013,0.0,28.55,0.257
2024-05-29 12:00:00+00:00,24.35,71.87834,0.0,28.8,0.254
2024-05-29 13:00:00+00:00,24.3,69.22107,0.0,28.95,0.247
2024-05-29 14:00:00+00:00,23.95,69.5896,0.0,28.4,0.245
2024-05-29 15:00:00+00:00,23.4,73.30028,0.0,27.6,0.244
2024-05-29 16:00:00+00:00,22.65,77.67057,0.0,26.5,0.243
2024-05-29 17:00:00+00:00,22.0,84.1503,0.0,25.35,0.243
2024-05-29 18:00:00+00:00,21.8,85.18366,0.0,24.4,0.243
2024-05-29 19:00:00+00:00,21.75,84.913445,0.0,23.75,0.243
2024-05-29 20:00:00+00:00,21.75,83.860565,0.0,23.3,0.242
2024-05-29 21:00:00+00:00,21.75,83.33845,0.0,22.95,0.242
2024-05-29 22:00:00+00:00,21.75,83.860565,0.0,22.7,0.242
2024-05-29 23:00:00+00:00,21.75,84.913445,0.0,22.5,0.242
2024-05-30 00:00:00+00:00,21.65,84.638466,0.0,22.3,0.242
2024-05-30 01:00:00+00:00,21.85,84.65984,0.0,23.65,0.24
2024-05-30 02:00:00+00:00,21.65,83.06678,0.0,23.15,0.24
2024-05-30 03:00:00+00:00,21.7,80.25852,0.2,22.8,0.241
2024-05-30 04:00:00+00:00,21.7,80.51086,0.0,22.85,0.242
2024-05-30 05:00:00+00:00,22.55,76.688065,0.0,23.5,0.241
2024-05-30 06:00:00+00:00,23.15,73.48747,0.1,24.35,0.241
2024-05-30 07:00:00+00:00,23.8,71.33085,0.1,25.45,0.24
2024-05-30 08:00:00+00:00,24.3,68.57254,0.1,26.55,0.239
2024-05-30 09:00:00+00:00,24.4,68.37725,0.2,27.35,0.239
2024-05-30 10:00:00+00:00,24.3,70.7553,0.2,28.0,0.239
2024-05-30 11:00:00+00:00,24.25,72.08509,0.0,28.45,0.237
2024-05-30 12:00:00+00:00,24.15,73.20068,0.0,28.7,0.235
2024-05-30 13:00:00+00:00,24.85,69.326805,0.0,28.65,0.237
2024-05-30 14:00:00+00:00,24.35,70.5436,0.0,28.25,0.235
2024-05-30 15:00:00+00:00,23.9,72.02258,0.0,27.5,0.234
2024-05-30 16:00:00+00:00,23.35,74.44873,0.0,26.55,0.234
2024-05-30 17:00:00+00:00,22.65,80.887955,0.0,25.45,0.233
2024-05-30 18:00:00+00:00,22.4,84.19429,0.0,24.6,0.233
2024-05-30 19:00:00+00:00,22.35,84.450645,0.0,24.0,0.233
2024-05-30 20:00:00+00:00,22.05,86.811874,0.0,23.45,0.233
2024-05-30 21:00:00+00:00,21.5,88.39515,0.0,22.95,0.233
2024-05-30 22:00:00+00:00,21.9,84.40188,0.0,22.6,0.233
2024-05-30 23:00:00+00:00,22.05,83.63325,0.0,22.45,0.233
2024-05-31 00:00:00+00:00,22.2,82.87244,0.0,22.4,0.233
2024-05-31 01:00:00+00:00,22.1,88.171425,0.0,23.3,0.232
2024-05-31 02:00:00+00:00,21.95,88.1588,0.0,22.95,0.232
2024-05-31 03:00:00+00:00,22.05,86.27483,0.1,22.7,0.232
2024-05-31 04:00:00+00:00,22.65,80.63637,0.4,22.85,0.235
2024-05-31 05:00:00+00:00,23.3,74.67383,0.3,23.3,0.237
2024-05-31 06:00:00+00:00,23.55,73.78659,0.1,24.0,0.237
2024-05-31 07:00:00+00:00,23.9,72.474686,0.3,24.95,0.238
2024-05-31 08:00:00+00:00,24.2,71.180786,0.5,25.75,0.241
2024-05-31 09:00:00+00:00,24.3,69.65641,0.3,26.55,0.242
2024-05-31 10:00:00+00:00,24.05,71.82447,0.2,26.9,0.242
2024-05-31 11:00:00+00:00,24.1,72.28382,0.8,27.0,0.248
2024-05-31 12:00:00+00:00,24.15,71.842445,0.3,27.05,0.249
2024-05-31 13:00:00+00:00,23.7,67.8097,0.0,26.95,0.244
2024-05-31 14:00:00+00:00,23.5,66.07406,0.0,26.8,0.242
2024-05-31 15:00:00+00:00,23.25,64.98007,0.0,26.3,0.241
2024-05-31 16:00:00+00:00,22.65,68.90088,0.0,25.5,0.24
2024-05-31 17:00:00+00:00,22.15,74.24795,0.0,24.6,0.24
2024-05-31 18:00:00+00:00,22.2,75.19945,0.0,23.9,0.24
2024-05-31 19:00:00+00:00,22.1,75.18315,0.0,23.4,0.24
2024-05-31 20:00:00+00:00,22.0,76.84448,0.0,22.95,0.239
2024-05-31 21:00:00+00:00,22.2,74.256325,0.0,22.75,0.239
2024-05-31 22:00:00+00:00,22.2,75.19945,0.0,22.6,0.239
2024-05-31 23:00:00+00:00,20.7,85.60482,0.0,22.25,0.239
2024-06-01 00:00:00+00:00,21.9,79.03563,0.0,21.95,0.239
2024-06-01 01:00:00+00:00,20.3,93.69576,0.1,22.2,0.244
2024-06-01 02:00:00+00:00,20.05,93.39233,0.0,21.95,0.244
2024-06-01 03:00:00+00:00,20.15,91.66418,0.0,21.8,0.244
2024-06-01 04:00:00+00:00,21.0,88.35367,0.0,22.1,0.244
2024-06-01 05:00:00+00:00,22.45,82.387726,0.0,23.0,0.243
2024-06-01 06:00:00+00:00,23.65,76.85718,0.0,24.45,0.242
2024-06-01 07:00:00+00:00,24.45,71.6724,0.0,25.9,0.24
2024-06-01 08:00:00+00:00,25.3,69.41293,0.0,27.2,0.238
2024-06-01 09:00:00+00:00,24.65,79.17542,0.0,28.1,0.236
2024-06-01 10:00:00+00:00,24.55,76.99428,0.0,28.9,0.234
2024-06-01 11:00:00+00:00,24.8,74.68851,0.0,29.45,0.231
2024-06-01 12:00:00+00:00,25.0,72.66795,0.0,29.7,0.229
2024-06-01 13:00:00+00:00,25.3,70.281746,0.0,29.6,0.227
2024-06-01 14:00:00+00:00,25.1,70.24433,0.0,29.1,0.225
2024-06-01 15:00:00+00:00,24.75,73.30395,0.0,28.35,0.224
2024-06-01 16:00:00+00:00,24.0,79.32955,0.0,27.35,0.223
2024-06-01 17:00:00+00:00,22.8,88.23007,0.0,26.15,0.223
2024-06-01 18:00:00+00:00,22.4,90.956665,0.0,25.05,0.223
2024-06-01 19:00:00+00:00,22.6,94.08856,0.0,24.4,0.223
2024-06-01 20:00:00+00:00,22.25,95.525406,0.0,23.9,0.223
2024-06-01 21:00:00+00:00,21.3,96.08422,0.0,23.4,0.223
2024-06-01 22:00:00+00:00,22.25,94.651855,0.0,22.75,0.223
2024-06-01 23:00:00+00:00,21.95,100.0,0.0,22.2,0.223
2024-06-02 00:00:00+00:00,20.35,100.0,0.0,21.9,0.223
2024-06-02 01:00:00+00:00,20.1,100.0,0.0,22.3,0.223
2024-06-02 02:00:00+00:00,19.75,97.54571,0.0,22.0,0.223
2024-06-02 03:00:00+00:00,19.9,95.44682,0.0,21.7,0.223
2024-06-02 04:00:00+00:00,21.1,92.006584,0.0,22.1,0.223
2024-06-02 05:00:00+00:00,22.95,82.19282,0.0,23.2,0.222
2024-06-02 06:00:00+00:00,24.8,75.61834,0.0,24.85,0.221
2024-06-02 07:00:00+00:00,26.65,68.39216,0.0,26.7,0.219
2024-06-02 08:00:00+00:00,28.2,62.650963,0.0,28.65,0.217
2024-06-02 09:00:00+00:00,28.9,65.75499,0.0,30.3,0.214
2024-06-02 10:00:00+00:00,28.95,72.90619,0.0,31.45,0.212
2024-06-02 11:00:00+00:00,28.9,68.410065,0.0,32.1,0.209
2024-06-02 12:00:00+00:00,28.75,62.38649,0.0,32.35,0.207
2024-06-02 13:00:00+00:00,28.15,63.61354,0.0,32.15,0.206
2024-06-02 14:00:00+00:00,27.8,64.52633,0.0,31.6,0.205
2024-06-02 15:00:00+00:00,26.65,67.135506,0.0,30.6,0.203
2024-06-02 16:00:00+00:00,25.45,75.7215,0.0,29.25,0.203
2024-06-02 17:00:00+00:00,24.95,77.05479,0.0,27.85,0.203
2024-06-02 18:00:00+00:00,26.05,70.85771,0.0,26.45,0.203
2024-06-02 19:00:00+00:00,22.7,89.58966,0.0,25.35,0.203
2024-06-02 20:00:00+00:00,23.35,92.135925,0.0,24.7,0.203
2024-06-02 21:00:00+00:00,22.15,93.206566,0.0,24.2,0.203
2024-06-02 22:00:00+00:00,23.25,87.72747,0.0,23.55,0.203
2024-06-02 23:00:00+00:00,20.95,96.669044,0.0,23.0,0.203
2024-06-03 00:00:00+00:00,21.1,97.57044,0.0,22.7,0.203
2024-06-03 01:00:00+00:00,21.3,96.677765,0.0,23.0,0.203
2024-06-03 02:00:00+00:00,21.3,94.61434,0.0,22.75,0.203
2024-06-03 03:00:00+00:00,21.6,88.67825,0.0,22.55,0.203
2024-06-03 04:00:00+00:00,23.3,80.222435,0.0,23.05,0.203
2024-06-03 05:00:00+00:00,25.85,65.938835,0.0,24.25,0.203
2024-06-03 06:00:00+00:00,28.75,50.794487,0.0,25.85,0.201
2024-06-03 07:00:00+00:00,31.25,45.54768,0.0,27.8,0.199
2024-06-03 08:00:00+00:00,33.15,41.16567,0.0,29.85,0.197
2024-06-03 09:00:00+00:00,34.4,36.04323,0.0,31.8,0.194
2024-06-03 10:00:00+00:00,34.15,43.278877,0.0,33.5,0.192
2024-06-03 11:00:00+00:00,32.7,57.794567,0.0,34.4,0.189
2024-06-03 12:00:00+00:00,31.7,64.948746,0.0,34.75,0.187
2024-06-03 13:00:00+00:00,29.9,62.067554,0.0,34.1,0.188
2024-06-03 14:00:00+00:00,29.6,64.51071,0.0,33.5,0.187
2024-06-03 15:00:00+00:00,28.5,66.88884,0.0,32.45,0.186
2024-06-03 16:00:00+00:00,27.2,70.417656,0.0,31.0,0.185
2024-06-03 17:00:00+00:00,26.0,70.19474,0.0,29.35,0.185
2024-06-03 18:00:00+00:00,24.25,78.39011,0.0,27.85,0.185
2024-06-03 19:00:00+00:00,26.95,63.749104,0.0,26.65,0.185
2024-06-03 20:00:00+00:00,27.05,64.96844,0.0,25.7,0.185
2024-06-03 21:00:00+00:00,26.65,67.552124,0.0,24.95,0.185
2024-06-03 22:00:00+00:00,22.6,87.9418,0.0,24.35,0.185
2024-06-03 23:00:00+00:00,22.2,89.82911,0.0,23.95,0.185
2024-06-04 00:00:00+00:00,22.2,87.365204,0.0,23.55,0.185
2024-06-04 01:00:00+00:00,21.8,88.146194,0.0,23.35,0.184
2024-06-04 02:00:00+00:00,22.55,87.66661,0.0,23.1,0.184
2024-06-04 03:00:00+00:00,23.3,78.74119,0.0,23.15,0.184
2024-06-04 04:00:00+00:00,24.85,63.492657,0.0,23.75,0.184
2024-06-04 05:00:00+00:00,27.5,54.803913,0.0,25.05,0.184
2024-06-04 06:00:00+00:00,30.5,44.635197,0.0,26.8,0.182
2024-06-04 07:00:00+00:00,32.8,41.19975,0.0,28.9,0.181
2024-06-04 08:00:00+00:00,34.1,40.150555,0.0,31.15,0.178
2024-06-04 09:00:00+00:00,34.15,48.793274,0.0,33.15,0.176
2024-06-04 10:00:00+00:00,33.15,57.034245,0.0,34.45,0.174
2024-06-04 11:00:00+00:00,32.35,62.041492,0.0,35.15,0.172
2024-06-04 12:00:00+00:00,32.05,53.086178,0.0,35.4,0.17
2024-06-04 13:00:00+00:00,31.9,52.724052,0.0,35.1,0.172
2024-06-04 14:00:00+00:00,31.6,55.97864,0.0,34.65,0.17
2024-06-04 15:00:00+00:00,30.25,60.27764,0.0,33.65,0.169
2024-06-04 16:00:00+00:00,28.3,65.83293,0.0,32.15,0.169
2024-06-04 17:00:00+00:00,25.9,77.90886,0.0,30.35,0.169
2024-06-04 18:00:00+00:00,25.3,84.764915,0.0,28.75,0.169
2024-06-04 19:00:00+00:00,23.75,90.4911,0.0,27.55,0.169
2024-06-04 20:00:00+00:00,24.9,84.98125,0.0,26.5,0.169
2024-06-04 21:00:00+00:00,24.65,84.180984,0.0,25.65,0.169
2024-06-04 22:00:00+00:00,25.35,83.4922,0.0,24.9,0.169
2024-06-04 23:00:00+00:00,24.65,88.65158,0.0,24.25,0.169
2024-06-05 00:00:00+00:00,24.5,90.54191,0.0,23.8,0.169
2024-06-05 01:00:00+00:00,23.55,88.562996,0.0,24.45,0.166
2024-06-05 02:00:00+00:00,22.4,93.792145,0.0,24.1,0.166
2024-06-05 03:00:00+00:00,24.45,92.75711,0.0,23.85,0.166
2024-06-05 04:00:00+00:00,24.85,93.61979,0.0,24.7,0.166
2024-06-05 05:00:00+00:00,26.15,85.88322,0.0,26.15,0.166
2024-06-05 06:00:00+00:00,27.35,78.59208,0.0,27.9,0.165
2024-06-05 07:00:00+00:00,29.4,68.71409,0.0,29.8,0.164
2024-06-05 08:00:00+00:00,31.55,60.205605,0.0,31.8,0.162
2024-06-05 09:00:00+00:00,32.45,63.948475,0.0,33.65,0.161
2024-06-05 10:00:00+00:00,31.15,73.27901,0.0,34.75,0.159
2024-06-05 11:00:00+00:00,30.15,66.0105,0.0,35.2,0.157
2024-06-05 12:00:00+00:00,29.5,65.478645,0.0,35.2,0.156
2024-06-05 13:00:00+00:00,30.25,64.06185,0.0,35.45,0.156
2024-06-05 14:00:00+00:00,29.35,63.870617,0.0,34.7,0.155
2024-06-05 15:00:00+00:00,28.65,67.74005,0.0,33.6,0.155
2024-06-05 16:00:00+00:00,27.8,73.596886,0.0,32.2,0.154
2024-06-05 17:00:00+00:00,25.8,84.56106,0.0,30.55,0.154
2024-06-05 18:00:00+00:00,25.6,86.6114,0.0,29.15,0.154
2024-06-05 19:00:00+00:00,25.5,88.185814,0.0,28.15,0.154
2024-06-05 20:00:00+00:00,25.0,92.22882,0.0,27.4,0.154
2024-06-05 21:00:00+00:00,24.1,93.86855,0.0,26.65,0.154
2024-06-05 22:00:00+00:00,23.4,94.40952,0.0,26.05,0.155
2024-06-05 23:00:00+00:00,23.0,95.550064,0.0,25.45,0.155
2024-06-06 00:00:00+00:00,24.0,92.73353,0.0,24.9,0.155
2024-06-06 01:00:00+00:00,23.45,91.86123,0.0,25.3,0.152
2024-06-06 02:00:00+00:00,25.8,82.78634,0.0,24.8,0.152
2024-06-06 03:00:00+00:00,23.85,91.60584,0.0,24.55,0.152
2024-06-06 04:00:00+00:00,24.5,84.68061,0.0,25.1,0.152
2024-06-06 05:00:00+00:00,26.55,75.8947,0.0,26.4,0.152
2024-06-06 06:00:00+00:00,28.85,67.36806,0.0,28.2,0.151
2024-06-06 07:00:00+00:00,31.0,60.08098,0.0,30.35,0.15
2024-06-06 08:00:00+00:00,32.35,58.592,0.0,32.5,0.149
2024-06-06 09:00:00+00:00,32.95,64.05354,0.0,34.35,0.147
2024-06-06 10:00:00+00:00,32.3,68.85389,0.0,35.55,0.146
2024-06-06 11:00:00+00:00,31.75,62.472095,0.0,36.15,0.145
2024-06-06 12:00:00+00:00,31.55,59.299995,0.0,36.35,0.143
2024-06-06 13:00:00+00:00,31.6,58.0639,0.0,35.75,0.154
2024-06-06 14:00:00+00:00,31.15,61.59146,0.0,35.25,0.153
2024-06-06 15:00:00+00:00,30.9,61.349678,0.0,34.3,0.153
2024-06-06 16:00:00+00:00,30.35,65.06054,0.0,33.15,0.152
2024-06-06 17:00:00+00:00,28.25,69.969475,0.0,31.6,0.152
2024-06-06 18:00:00+00:00,27.5,78.140335,0.0,30.2,0.152
2024-06-06 19:00:00+00:00,26.7,83.14133,0.0,29.25,0.152
2024-06-06 20:00:00+00:00,25.45,91.7016,0.0,28.3,0.152
2024-06-06 21:00:00+00:00,26.5,85.9173,0.0,27.45,0.152
2024-06-06 22:00:00+00:00,27.8,80.569016,0.0,26.75,0.152
2024-06-06 23:00:00+00:00,24.95,89.75502,0.0,26.15,0.152
2024-06-07 00:00:00+00:00,26.45,84.62973,0.0,25.6,0.152
2024-06-07 01:00:00+00:00,27.05,77.603935,0.0,25.7,0.153
2024-06-07 02:00:00+00:00,24.0,88.59935,0.0,25.25,0.153
2024-06-07 03:00:00+00:00,25.1,82.20096,0.0,25.15,0.153
2024-06-07 04:00:00+00:00,26.65,67.761284,0.0,25.8,0.153
2024-06-07 05:00:00+00:00,28.25,60.754795,0.0,27.1,0.153
2024-06-07 06:00:00+00:00,30.35,53.15244,0.0,28.85,0.152
2024-06-07 07:00:00+00:00,32.2,48.136986,0.0,30.9,0.151
2024-06-07 08:00:00+00:00,33.25,50.844353,0.0,32.95,0.149
2024-06-07 09:00:00+00:00,33.8,58.224937,0.0,34.7,0.148
2024-06-07 10:00:00+00:00,33.95,60.383106,0.0,35.95,0.146
2024-06-07 11:00:00+00:00,33.6,57.4846,0.0,36.6,0.145
2024-06-07 12:00:00+00:00,33.5,51.063393,0.0,36.85,0.144
2024-06-07 13:00:00+00:00,31.7,58.618916,0.0,36.05,0.148
2024-06-07 14:00:00+00:00,31.55,56.30957,0.0,35.5,0.147
2024-06-07 15:00:00+00:00,30.4,61.42515,0.0,34.5,0.147
2024-06-07 16:00:00+00:00,29.2,67.43731,0.0,33.15,0.146
2024-06-07 17:00:00+00:00,28.1,72.5399,0.0,31.6,0.146
2024-06-07 18:00:00+00:00,27.75,75.16659,0.0,30.4,0.146
2024-06-07 19:00:00+00:00,27.5,77.43561,0.0,29.5,0.146
2024-06-07 20:00:00+00:00,26.25,86.6717,0.0,28.6,0.146
2024-06-07 21:00:00+00:00,26.5,85.40235,0.0,28.05,0.146
2024-06-07 22:00:00+00:00,26.85,79.71915,0.0,27.65,0.146
2024-06-07 23:00:00+00:00,26.75,79.70567,0.0,27.35,0.146
2024-06-08 00:00:00+00:00,24.65,91.65394,0.0,26.85,0.146
2024-06-08 01:00:00+00:00,25.95,89.28972,0.0,27.7,0.146
2024-06-08 02:00:00+00:00,25.2,91.68675,0.0,27.15,0.146
2024-06-08 03:00:00+00:00,25.25,91.965866,0.0,26.65,0.146
2024-06-08 04:00:00+00:00,26.85,84.41794,0.0,27.15,0.146
2024-06-08 05:00:00+00:00,28.0,78.21195,0.0,28.35,0.146
2024-06-08 06:00:00+00:00,29.15,73.60121,0.0,30.0,0.145
2024-06-08 07:00:00+00:00,30.35,67.46009,0.0,31.8,0.145
2024-06-08 08:00:00+00:00,31.15,66.811584,0.0,33.45,0.143
2024-06-08 09:00:00+00:00,30.85,69.19682,0.0,34.7,0.142
2024-06-08 10:00:00+00:00,30.65,61.480694,0.0,35.5,0.141
2024-06-08 11:00:00+00:00,30.7,60.19594,0.0,36.0,0.14
2024-06-08 12:00:00+00:00,30.9,62.09848,0.0,36.35,0.139
2024-06-08 13:00:00+00:00,32.0,53.236652,0.0,36.0,0.146
2024-06-08 14:00:00+00:00,31.25,57.453705,0.0,35.6,0.145
2024-06-08 15:00:00+00:00,29.55,70.42219,0.0,34.5,0.145
2024-06-08 16:00:00+00:00,28.9,73.338165,0.0,33.2,0.145
2024-06-08 17:00:00+00:00,27.9,80.10007,0.0,31.8,0.145
2024-06-08 18:00:00+00:00,27.25,85.47745,0.0,30.65,0.145
2024-06-08 19:00:00+00:00,26.65,89.342415,0.0,29.6,0.145
2024-06-08 20:00:00+00:00,25.35,94.20574,0.0,28.6,0.145
2024-06-08 21:00:00+00:00,25.65,93.65655,0.0,27.85,0.145
2024-06-08 22:00:00+00:00,25.65,92.264984,0.0,27.35,0.145
2024-06-08 23:00:00+00:00,25.6,93.09524,0.0,27.0,0.145
2024-06-09 00:00:00+00:00,24.4,95.883835,0.0,26.55,0.145
2024-06-09 01:00:00+00:00,23.2,94.40132,0.0,26.05,0.144
2024-06-09 02:00:00+00:00,22.95,94.67924,0.0,25.6,0.144
2024-06-09 03:00:00+00:00,24.55,89.45428,0.0,25.4,0.144
2024-06-09 04:00:00+00:00,26.3,79.64482,0.0,26.0,0.144
2024-06-09 05:00:00+00:00,27.5,59.276043,0.0,27.1,0.144
2024-06-09 06:00:00+00:00,28.85,44.046288,0.0,28.5,0.143
2024-06-09 07:00:00+00:00,29.75,43.730015,0.0,30.2,0.142
2024-06-09 08:00:00+00:00,29.15,59.842316,0.0,31.8,0.141
2024-06-09 09:00:00+00:00,28.85,69.65746,0.0,32.85,0.14
2024-06-09 10:00:00+00:00,28.8,69.6481,0.0,33.7,0.139
2024-06-09 11:00:00+00:00,29.25,71.22148,0.0,34.4,0.139
2024-06-09 12:00:00+00:00,28.75,73.312805,0.0,34.4,0.138
2024-06-09 13:00:00+00:00,28.7,72.20624,0.0,34.2,0.14
2024-06-09 14:00:00+00:00,27.8,76.3196,0.0,33.3,0.14
2024-06-09 15:00:00+00:00,27.35,78.59208,0.0,32.35,0.139
2024-06-09 16:00:00+00:00,26.95,80.94567,0.0,31.25,0.139
2024-06-09 17:00:00+00:00,26.45,84.37523,0.0,30.1,0.139
2024-06-09 18:00:00+00:00,26.3,85.639725,0.0,29.15,0.139
2024-06-09 19:00:00+00:00,26.0,86.90991,0.0,28.4,0.139
2024-06-09 20:00:00+00:00,25.15,91.683784,0.0,27.65,0.139
2024-06-09 21:00:00+00:00,25.4,90.87533,0.0,27.15,0.139
2024-06-09 22:00:00+00:00,25.15,91.40814,0.0,26.7,0.139
2024-06-09 23:00:00+00:00,25.1,90.85579,0.0,26.35,0.139
2024-06-10 00:00:00+00:00,24.65,91.93124,0.0,26.05,0.139
2024-06-10 01:00:00+00:00,24.95,91.395836,0.0,27.1,0.141
2024-06-10 02:00:00+00:00,25.35,89.78402,0.0,26.4,0.141
2024-06-10 03:00:00+00:00,24.75,94.46421,0.0,26.0,0.141
2024-06-10 04:00:00+00:00,25.55,90.61235,0.0,26.55,0.141
2024-06-10 05:00:00+00:00,26.55,80.406265,0.0,27.7,0.141
2024-06-10 06:00:00+00:00,27.6,69.634705,0.0,29.25,0.141
2024-06-10 07:00:00+00:00,28.45,65.86375,0.0,30.95,0.14
2024-06-10 08:00:00+00:00,29.0,66.98895,0.0,32.4,0.139
2024-06-10 09:00:00+00:00,29.15,65.60606,0.0,33.5,0.138
2024-06-10 10:00:00+00:00,29.15,65.60606,0.0,34.25,0.137
2024-06-10 11:00:00+00:00,29.1,70.12724,0.0,34.7,0.136
2024-06-10 12:00:00+00:00,29.15,64.81051,0.0,34.7,0.136
2024-06-10 13:00:00+00:00,28.05,71.438194,0.0,34.45,0.135
2024-06-10 14:00:00+00:00,27.95,69.70055,0.0,33.75,0.135
2024-06-10 15:00:00+00:00,27.55,70.26715,0.0,32.8,0.135
2024-06-10 16:00:00+00:00,27.2,69.13348,0.0,31.65,0.134
2024-06-10 17:00:00+00:00,26.7,73.86129,0.0,30.35,0.134
2024-06-10 18:00:00+00:00,26.4,77.508194,0.0,29.3,0.134
2024-06-10 19:00:00+00:00,26.15,79.14149,0.0,28.45,0.134
2024-06-10 20:00:00+00:00,25.75,84.81205,0.0,27.8,0.134
2024-06-10 21:00:00+00:00,25.55,86.606735,0.0,27.3,0.134
2024-06-10 22:00:00+00:00,25.45,88.181694,0.0,26.9,0.134
2024-06-10 23:00:00+00:00,25.0,91.12374,0.0,26.5,0.134
2024-06-11 00:00:00+00:00,24.55,93.888596,0.0,26.15,0.135
2024-06-11 01:00:00+00:00,24.7,93.89521,0.0,26.65,0.143
2024-06-11 02:00:00+00:00,23.5,92.42546,0.0,26.1,0.143
2024-06-11 03:00:00+00:00,25.45,82.24322,0.0,25.7,0.143
2024-06-11 04:00:00+00:00,25.85,80.804565,0.0,26.35,0.143
2024-06-11 05:00:00+00:00,26.7,76.38199,0.0,27.5,0.143
2024-06-11 06:00:00+00:00,27.4,73.75353,0.0,29.0,0.142
2024-06-11 07:00:00+00:00,28.0,72.522545,0.0,30.65,0.141
2024-06-11 08:00:00+00:00,28.2,73.21957,0.0,32.05,0.141
2024-06-11 09:00:00+00:00,28.2,72.557236,0.0,33.15,0.14
2024-06-11 10:00:00+00:00,28.6,69.18879,0.0,34.05,0.139
2024-06-11 11:00:00+00:00,28.95,67.59314,0.0,34.6,0.138
2024-06-11 12:00:00+00:00,29.1,60.38659,0.0,34.8,0.137
2024-06-11 13:00:00+00:00,28.55,65.68298,0.0,34.5,0.144
2024-06-11 14:00:00+00:00,28.3,67.2588,0.0,33.85,0.144
2024-06-11 15:00:00+00:00,27.8,69.24784,0.0,32.9,0.143
2024-06-11 16:00:00+00:00,27.2,73.94486,0.0,31.7,0.143
2024-06-11 17:00:00+00:00,26.3,80.12996,0.0,30.35,0.143
2024-06-11 18:00:00+00:00,25.8,83.290054,0.0,29.2,0.143
2024-06-11 19:00:00+00:00,25.55,84.79113,0.0,28.35,0.143
2024-06-11 20:00:00+00:00,25.35,86.58808,0.0,27.7,0.143
2024-06-11 21:00:00+00:00,25.15,88.15676,0.0,27.15,0.143
2024-06-11 22:00:00+00:00,24.7,91.104675,0.0,26.65,0.143
2024-06-11 23:00:00+00:00,24.35,92.471756,0.0,26.2,0.143
2024-06-12 00:00:00+00:00,24.65,91.101524,0.0,25.9,0.143
2024-06-12 01:00:00+00:00,24.15,93.30463,0.0,26.2,0.144
2024-06-12 02:00:00+00:00,25.2,88.42784,0.0,25.65,0.144
2024-06-12 03:00:00+00:00,24.2,94.72764,0.0,25.35,0.144
2024-06-12 04:00:00+00:00,25.55,87.65946,0.0,26.05,0.144
2024-06-12 05:00:00+00:00,26.6,80.412796,0.0,27.3,0.143
2024-06-12 06:00:00+00:00,27.55,73.33151,0.0,28.95,0.143
2024-06-12 07:00:00+00:00,28.3,71.26634,0.0,30.7,0.142
2024-06-12 08:00:00+00:00,28.75,70.702194,0.0,32.25,0.141
2024-06-12 09:00:00+00:00,28.7,68.788445,0.0,33.5,0.14
2024-06-12 10:00:00+00:00,28.85,67.36806,0.0,34.4,0.139
2024-06-12 11:00:00+00:00,28.9,72.24117,0.0,34.95,0.138
2024-06-12 12:00:00+00:00,29.0,72.25862,0.0,35.25,0.137
2024-06-12 13:00:00+00:00,28.45,72.381226,0.0,34.65,0.152
2024-06-12 14:00:00+00:00,28.25,73.89549,0.0,34.0,0.151
2024-06-12 15:00:00+00:00,27.9,75.418236,0.0,33.15,0.151
2024-06-12 16:00:00+00:00,27.35,78.118774,0.0,31.95,0.15
2024-06-12 17:00:00+00:00,26.7,80.42586,0.0,30.65,0.15
2024-06-12 18:00:00+00:00,26.2,85.11522,0.0,29.5,0.15
2024-06-12 19:00:00+00:00,25.95,88.22304,0.0,28.65,0.15
2024-06-12 20:00:00+00:00,25.8,90.08663,0.0,28.0,0.15
2024-06-12 21:00:00+00:00,26.3,85.897865,0.0,27.3,0.15
2024-06-12 22:00:00+00:00,26.25,85.63473,0.0,26.65,0.15
2024-06-12 23:00:00+00:00,26.3,85.639725,0.0,26.15,0.15
2024-06-13 00:00:00+00:00,26.0,87.96233,0.0,25.7,0.151
2024-06-13 01:00:00+00:00,25.25,94.20153,0.0,25.9,0.156
2024-06-13 02:00:00+00:00,23.35,99.39796,0.0,25.55,0.156
2024-06-13 03:00:00+00:00,24.3,100.0,0.0,25.45,0.156
2024-06-13 04:00:00+00:00,25.35,93.92388,0.0,26.05,0.156
2024-06-13 05:00:00+00:00,26.7,80.182915,0.0,27.25,0.155
2024-06-13 06:00:00+00:00,27.9,70.97781,0.0,28.85,0.155
2024-06-13 07:00:00+00:00,28.85,67.36806,0.0,30.65,0.154
2024-06-13 08:00:00+00:00,29.3,69.741646,0.0,32.3,0.152
2024-06-13 09:00:00+00:00,29.35,72.75562,0.0,33.6,0.151
2024-06-13 10:00:00+00:00,29.55,71.061165,0.0,34.55,0.15
2024-06-13 11:00:00+00:00,29.9,67.77963,0.0,35.25,0.148
2024-06-13 12:00:00+00:00,29.75,71.74051,0.0,35.45,0.147
2024-06-13 13:00:00+00:00,29.9,72.414955,0.0,35.05,0.151
2024-06-13 14:00:00+00:00,29.5,76.35059,0.0,34.65,0.15
2024-06-13 15:00:00+00:00,28.75,78.78835,0.0,33.65,0.15
2024-06-13 16:00:00+00:00,28.15,82.07296,0.0,32.45,0.149
2024-06-13 17:00:00+00:00,27.55,85.76279,0.0,31.15,0.149
2024-06-13 18:00:00+00:00,27.15,87.01402,0.0,29.95,0.149
2024-06-13 19:00:00+00:00,26.6,90.14256,0.0,29.1,0.149
2024-06-13 20:00:00+00:00,25.85,93.66571,0.0,28.4,0.149
2024-06-13 21:00:00+00:00,25.35,92.803925,0.0,27.7,0.149
2024-06-13 22:00:00+00:00,25.05,93.62903,0.0,27.15,0.149
2024-06-13 23:00:00+00:00,24.85,95.32345,0.0,26.8,0.149
2024-06-14 00:00:00+00:00,26.05,86.9145,0.0,26.3,0.149
2024-06-14 01:00:00+00:00,24.4,94.73537,0.0,26.05,0.151
2024-06-14 02:00:00+00:00,23.65,95.8611,0.0,25.7,0.151
2024-06-14 03:00:00+00:00,24.4,92.47452,0.0,25.55,0.151
2024-06-14 04:00:00+00:00,25.35,85.28612,0.0,26.05,0.151
2024-06-14 05:00:00+00:00,26.95,75.95722,0.0,27.25,0.15
2024-06-14 06:00:00+00:00,28.85,65.945724,0.0,29.0,0.15
2024-06-14 07:00:00+00:00,30.65,59.273544,0.0,31.0,0.149
2024-06-14 08:00:00+00:00,32.35,52.99857,0.0,33.0,0.147
2024-06-14 09:00:00+00:00,33.1,52.54141,0.0,34.75,0.146
2024-06-14 10:00:00+00:00,32.95,54.126877,0.0,35.95,0.144
2024-06-14 11:00:00+00:00,33.0,51.405952,0.0,36.75,0.143
2024-06-14 12:00:00+00:00,33.05,51.89192,0.0,36.95,0.142
2024-06-14 13:00:00+00:00,32.25,58.92397,0.0,36.55,0.153
2024-06-14 14:00:00+00:00,31.6,63.960842,0.0,36.0,0.152
2024-06-14 15:00:00+00:00,30.85,67.55824,0.0,35.1,0.152
2024-06-14 16:00:00+00:00,29.7,72.380325,0.0,33.8,0.151
2024-06-14 17:00:00+00:00,28.95,75.357445,0.0,32.35,0.151
2024-06-14 18:00:00+00:00,28.05,82.79936,0.0,30.9,0.151
2024-06-14 19:00:00+00:00,27.7,89.95198,0.0,30.0,0.151
2024-06-14 20:00:00+00:00,27.6,88.35805,0.0,29.35,0.151
2024-06-14 21:00:00+00:00,27.55,88.091835,0.0,28.85,0.151
2024-06-14 22:00:00+00:00,27.5,88.34992,0.0,28.45,0.151
2024-06-14 23:00:00+00:00,27.4,89.398384,0.0,28.15,0.151
2024-06-15 00:00:00+00:00,27.35,89.66059,0.0,27.9,0.151
2024-06-15 01:00:00+00:00,26.6,98.24607,0.0,28.9,0.138
2024-06-15 02:00:00+00:00,25.85,97.65458,0.0,28.35,0.138
2024-06-15 03:00:00+00:00,26.15,96.22154,0.0,27.85,0.138
2024-06-15 04:00:00+00:00,27.6,88.09596,0.0,28.2,0.138
2024-06-15 05:00:00+00:00,28.55,81.39051,0.0,29.15,0.138
2024-06-15 06:00:00+00:00,29.15,75.841934,0.0,30.45,0.138
2024-06-15 07:00:00+00:00,29.7,70.02676,0.0,31.95,0.137
2024-06-15 08:00:00+00:00,30.15,66.41077,0.0,33.35,0.136
2024-06-15 09:00:00+00:00,30.7,61.678883,0.0,34.55,0.135
2024-06-15 10:00:00+00:00,30.6,64.916016,0.0,35.5,0.134
2024-06-15 11:00:00+00:00,30.3,72.484055,0.0,36.05,0.134
2024-06-15 12:00:00+00:00,30.25,73.56482,0.0,36.25,0.133
2024-06-15 13:00:00+00:00,30.15,70.74364,0.0,35.85,0.132
2024-06-15 14:00:00+00:00,30.15,68.033165,0.0,35.35,0.132
2024-06-15 15:00:00+00:00,29.65,68.5546,0.0,34.5,0.132
2024-06-15 16:00:00+00:00,28.75,77.851654,0.0,33.3,0.131
2024-06-15 17:00:00+00:00,27.5,87.04543,0.0,31.9,0.131
2024-06-15 18:00:00+00:00,26.8,90.96565,0.0,30.6,0.131
2024-06-15 19:00:00+00:00,26.85,91.239845,0.0,29.6,0.131
2024-06-15 20:00:00+00:00,25.75,94.78678,0.0,28.85,0.131
2024-06-15 21:00:00+00:00,26.8,91.78115,0.0,28.0,0.132
2024-06-15 22:00:00+00:00,25.25,96.1966,0.0,27.45,0.132
2024-06-15 23:00:00+00:00,24.95,96.47687,0.0,27.05,0.132
2024-06-16 00:00:00+00:00,25.05,95.616455,0.0,26.75,0.132
2024-06-16 01:00:00+00:00,25.5,92.53382,0.0,27.3,0.132
2024-06-16 02:00:00+00:00,25.7,87.14513,0.0,27.0,0.132
2024-06-16 03:00:00+00:00,25.25,90.319725,0.0,26.7,0.132
2024-06-16 04:00:00+00:00,26.65,80.663025,0.0,27.25,0.132
2024-06-16 05:00:00+00:00,27.3,76.47406,0.0,28.4,0.132
2024-06-16 06:00:00+00:00,28.0,72.083466,0.0,29.95,0.131
2024-06-16 07:00:00+00:00,28.3,70.40569,0.0,31.4,0.131
2024-06-16 08:00:00+00:00,28.7,68.16364,0.0,32.85,0.13
2024-06-16 09:00:00+00:00,29.1,69.073975,0.0,34.1,0.129
2024-06-16 10:00:00+00:00,29.2,69.30241,0.0,35.0,0.129
2024-06-16 11:00:00+00:00,29.4,63.88129,0.0,35.5,0.128
2024-06-16 12:00:00+00:00,29.15,65.8063,0.0,35.65,0.128
2024-06-16 13:00:00+00:00,28.55,67.308525,0.0,35.3,0.127
2024-06-16 14:00:00+00:00,28.05,71.22134,0.0,34.6,0.127
2024-06-16 15:00:00+00:00,27.65,72.46168,0.0,33.65,0.127
2024-06-16 16:00:00+00:00,27.2,72.60444,0.0,32.45,0.126
2024-06-16 17:00:00+00:00,26.45,78.22637,0.0,31.05,0.126
2024-06-16 18:00:00+00:00,26.25,80.3669,0.0,29.85,0.126
2024-06-16 19:00:00+00:00,26.15,80.59815,0.0,29.0,0.126
2024-06-16 20:00:00+00:00,26.1,81.32897,0.0,28.35,0.126
2024-06-16 21:00:00+00:00,25.9,83.30144,0.0,27.8,0.126
2024-06-16 22:00:00+00:00,25.7,84.55043,0.0,27.4,0.126
2024-06-16 23:00:00+00:00,25.75,83.790855,0.0,27.05,0.126
2024-06-17 00:00:00+00:00,25.55,84.534515,0.0,26.75,0.126
2024-06-17 01:00:00+00:00,26.0,80.578636,0.0,27.4,0.126
2024-06-17 02:00:00+00:00,26.0,80.33403,0.0,27.1,0.126
2024-06-17 03:00:00+00:00,26.45,77.51557,0.0,27.0,0.126
2024-06-17 04:00:00+00:00,26.95,75.03819,0.0,27.45,0.126
2024-06-17 05:00:00+00:00,27.6,71.79385,0.0,28.45,0.126
2024-06-17 06:00:00+00:00,28.1,69.304794,0.0,29.8,0.126
2024-06-17 07:00:00+00:00,28.5,66.27831,0.0,31.2,0.126
2024-06-17 08:00:00+00:00,28.55,67.51419,0.0,32.45,0.125
2024-06-17 09:00:00+00:00,28.5,68.12467,0.0,33.45,0.125
2024-06-17 10:00:00+00:00,28.65,66.511635,0.0,34.3,0.124
2024-06-17 11:00:00+00:00,28.6,66.50152,0.0,34.8,0.124
2024-06-17 12:00:00+00:00,28.6,66.90889,0.0,35.2,0.123
2024-06-17 13:00:00+00:00,27.45,67.502914,0.0,35.0,0.123
2024-06-17 14:00:00+00:00,27.25,68.71967,0.0,34.4,0.123
2024-06-17 15:00:00+00:00,27.05,69.95926,0.0,33.5,0.122
2024-06-17 16:00:00+00:00,26.5,70.722084,0.0,32.25,0.122
2024-06-17 17:00:00+00:00,26.0,71.95002,0.0,30.85,0.122
2024-06-17 18:00:00+00:00,25.9,73.04932,0.0,29.75,0.122
2024-06-17 19:00:00+00:00,25.75,73.02343,0.0,28.85,0.122
2024-06-17 20:00:00+00:00,25.2,78.5262,0.0,28.1,0.122
2024-06-17 21:00:00+00:00,24.35,84.923965,0.0,27.4,0.122
2024-06-17 22:00:00+00:00,25.4,79.52229,0.0,26.8,0.122
2024-06-17 23:00:00+00:00,25.75,78.12546,0.0,26.3,0.122
2024-06-18 00:00:00+00:00,24.35,86.75844,0.0,25.85,0.122
2024-06-18 01:00:00+00:00,26.0,78.400406,0.0,27.5,0.122
2024-06-18 02:00:00+00:00,25.8,78.13271,0.0,27.15,0.122
2024-06-18 03:00:00+00:00,25.95,78.393234,0.0,27.0,0.122
2024-06-18 04:00:00+00:00,26.6,74.52503,0.0,27.35,0.122
2024-06-18 05:00:00+00:00,26.9,74.12065,0.0,28.0,0.122
2024-06-18 06:00:00+00:00,27.3,73.736786,0.0,29.05,0.122
2024-06-18 07:00:00+00:00,27.75,72.92106,0.0,30.1,0.122
2024-06-18 08:00:00+00:00,29.2,67.43731,0.0,32.15,0.122
2024-06-18 09:00:00+00:00,29.25,68.89362,0.0,33.75,0.121
2024-06-18 10:00:00+00:00,29.1,69.2835,0.0,34.85,0.121
2024-06-18 11:00:00+00:00,28.95,69.46537,0.0,35.5,0.12
2024-06-18 12:00:00+00:00,28.95,69.25514,0.0,35.75,0.12
2024-06-18 13:00:00+00:00,28.95,68.62774,0.0,36.0,0.119
2024-06-18 14:00:00+00:00,28.6,71.53648,0.0,35.5,0.119
2024-06-18 15:00:00+00:00,27.95,75.19854,0.0,34.6,0.119
2024-06-18 16:00:00+00:00,27.2,77.15722,0.0,33.25,0.119
2024-06-18 17:00:00+00:00,26.8,79.95396,0.0,31.75,0.119
2024-06-18 18:00:00+00:00,26.35,86.16144,0.0,30.5,0.119
2024-06-18 19:00:00+00:00,26.2,88.24366,0.0,29.5,0.119
2024-06-18 20:00:00+00:00,25.45,92.2539,0.0,28.7,0.119
2024-06-18 21:00:00+00:00,25.4,92.80652,0.0,28.0,0.119
2024-06-18 22:00:00+00:00,25.3,93.080345,0.0,27.5,0.119
2024-06-18 23:00:00+00:00,26.0,85.60992,0.0,27.0,0.119
2024-06-19 00:00:00+00:00,26.45,83.8682,0.0,26.55,0.119
2024-06-19 01:00:00+00:00,25.15,92.2372,0.0,27.1,0.119
2024-06-19 02:00:00+00:00,24.9,93.622086,0.0,26.75,0.119
2024-06-19 03:00:00+00:00,26.45,87.73677,0.0,26.65,0.119
2024-06-19 04:00:00+00:00,27.35,81.48516,0.0,27.3,0.119
2024-06-19 05:00:00+00:00,28.0,78.447426,0.0,28.35,0.119
2024-06-19 06:00:00+00:00,28.8,76.24355,0.0,30.0,0.119
2024-06-19 07:00:00+00:00,29.5,73.88072,0.0,31.85,0.119
2024-06-19 08:00:00+00:00,29.7,72.59768,0.0,33.5,0.118
2024-06-19 09:00:00+00:00,29.55,73.44764,0.0,34.8,0.118
2024-06-19 10:00:00+00:00,29.85,73.27846,0.0,35.85,0.118
2024-06-19 11:00:00+00:00,29.9,73.72632,0.0,36.6,0.117
2024-06-19 12:00:00+00:00,29.7,74.35715,0.0,36.85,0.117
2024-06-19 13:00:00+00:00,29.55,76.35825,0.0,36.7,0.117
2024-06-19 14:00:00+00:00,29.05,78.127846,0.0,36.1,0.116
2024-06-19 15:00:00+00:00,28.4,80.4059,0.0,35.0,0.116
2024-06-19 16:00:00+00:00,27.75,82.76447,0.0,33.6,0.116
2024-06-19 17:00:00+00:00,27.15,86.23771,0.0,32.1,0.116
2024-06-19 18:00:00+00:00,26.75,89.34988,0.0,30.8,0.116
2024-06-19 19:00:00+00:00,26.4,92.3064,0.0,29.75,0.116
2024-06-19 20:00:00+00:00,26.25,93.683914,0.0,28.95,0.116
2024-06-19 21:00:00+00:00,26.1,93.6771,0.0,28.35,0.116
2024-06-19 22:00:00+00:00,25.7,94.50228,0.0,27.85,0.117
2024-06-19 23:00:00+00:00,25.1,95.04668,0.0,27.35,0.117
2024-06-20 00:00:00+00:00,25.85,92.27607,0.0,27.0,0.117
2024-06-20 01:00:00+00:00,26.1,90.64894,0.0,28.25,0.111
2024-06-20 02:00:00+00:00,25.85,92.82975,0.0,27.75,0.111
2024-06-20 03:00:00+00:00,26.15,91.46922,0.0,27.5,0.111
2024-06-20 04:00:00+00:00,26.95,85.447464,0.0,27.95,0.111
2024-06-20 05:00:00+00:00,27.75,80.08022,0.0,29.15,0.111
2024-06-20 06:00:00+00:00,28.65,74.85825,0.0,30.8,0.111
2024-06-20 07:00:00+00:00,29.65,71.293144,0.0,32.65,0.111
2024-06-20 08:00:00+00:00,30.2,70.96499,0.0,34.35,0.111
2024-06-20 09:00:00+00:00,29.8,73.27006,0.0,35.6,0.111
2024-06-20 10:00:00+00:00,29.9,72.414955,0.0,36.3,0.111
2024-06-20 11:00:00+00:00,29.55,72.571846,0.0,36.7,0.111
2024-06-20 12:00:00+00:00,29.55,73.22784,0.0,36.85,0.111
2024-06-20 13:00:00+00:00,29.1,75.60736,0.0,36.55,0.115
2024-06-20 14:00:00+00:00,28.8,76.24355,0.0,35.95,0.115
2024-06-20 15:00:00+00:00,28.45,78.27613,0.0,34.95,0.115
2024-06-20 16:00:00+00:00,27.9,80.82383,0.0,33.65,0.114
2024-06-20 17:00:00+00:00,27.3,84.21325,0.0,32.25,0.114
2024-06-20 18:00:00+00:00,27.25,85.733345,0.0,31.0,0.115
2024-06-20 19:00:00+00:00,27.3,85.99478,0.0,30.15,0.115
2024-06-20 20:00:00+00:00,27.1,88.05445,0.0,29.5,0.115
2024-06-20 21:00:00+00:00,27.0,87.52194,0.0,28.95,0.115
2024-06-20 22:00:00+00:00,26.85,90.6985,0.0,28.5,0.115
2024-06-20 23:00:00+00:00,26.3,93.40771,0.0,28.1,0.115
2024-06-21 00:00:00+00:00,25.9,93.38872,0.0,27.75,0.115
2024-06-21 01:00:00+00:00,27.6,89.67873,0.0,29.2,0.11
2024-06-21 02:00:00+00:00,27.35,91.54168,0.0,28.85,0.11
2024-06-21 03:00:00+00:00,27.25,91.80738,0.1,28.55,0.111
2024-06-21 04:00:00+00:00,27.9,86.823074,0.1,28.85,0.111
2024-06-21 05:00:00+00:00,28.5,81.3843,0.0,29.7,0.111
2024-06-21 06:00:00+00:00,29.2,76.53324,0.0,30.95,0.111
2024-06-21 07:00:00+00:00,29.55,74.55539,0.0,32.3,0.112
2024-06-21 08:00:00+00:00,29.65,73.68472,0.0,33.5,0.112
2024-06-21 09:00:00+00:00,30.05,70.93797,0.1,34.55,0.112
2024-06-21 10:00:00+00:00,30.4,69.11199,0.0,35.55,0.113
2024-06-21 11:00:00+00:00,30.25,70.550026,0.0,36.2,0.112
2024-06-21 12:00:00+00:00,30.05,70.93797,0.0,36.5,0.112
2024-06-21 13:00:00+00:00,28.8,71.57212,0.0,36.15,0.114
2024-06-21 14:00:00+00:00,28.45,71.50971,0.0,35.35,0.114
2024-06-21 15:00:00+00:00,28.3,70.62,0.0,34.4,0.114
2024-06-21 16:00:00+00:00,27.95,72.293976,0.0,33.2,0.114
2024-06-21 17:00:00+00:00,27.55,75.362686,0.0,31.95,0.114
2024-06-21 18:00:00+00:00,27.3,79.53954,0.0,30.85,0.114
2024-06-21 19:00:00+00:00,27.2,80.73402,0.0,30.1,0.114
2024-06-21 20:00:00+00:00,27.15,79.75958,0.0,29.5,0.114
2024-06-21 21:00:00+00:00,27.0,81.44162,0.0,29.0,0.114
2024-06-21 22:00:00+00:00,26.85,82.41076,0.0,28.65,0.114
2024-06-21 23:00:00+00:00,26.75,82.64758,0.0,28.3,0.114
2024-06-22 00:00:00+00:00,26.65,83.386505,0.0,28.0,0.114
2024-06-22 01:00:00+00:00,26.8,85.43247,0.0,28.6,0.112
2024-06-22 02:00:00+00:00,26.95,85.70389,0.0,28.4,0.112
2024-06-22 03:00:00+00:00,26.95,84.6823,0.0,28.25,0.113
2024-06-22 04:00:00+00:00,27.0,83.92858,0.1,28.4,0.113
2024-06-22 05:00:00+00:00,27.2,82.204865,0.2,28.7,0.115
2024-06-22 06:00:00+00:00,27.2,80.491104,0.2,28.7,0.117
2024-06-22 07:00:00+00:00,27.5,76.968895,0.0,28.95,0.118
2024-06-22 08:00:00+00:00,28.55,71.52757,0.0,30.25,0.118
2024-06-22 09:00:00+00:00,28.9,69.455986,0.0,31.4,0.118
2024-06-22 10:00:00+00:00,29.25,67.85772,0.0,32.75,0.118
2024-06-22 11:00:00+00:00,29.35,66.85551,0.0,33.8,0.117
2024-06-22 12:00:00+00:00,29.5,66.078384,0.0,34.45,0.117
2024-06-22 13:00:00+00:00,29.05,68.43904,0.0,34.2,0.119
2024-06-22 14:00:00+00:00,28.5,69.59177,0.0,33.5,0.119
2024-06-22 15:00:00+00:00,28.4,70.853065,0.0,33.0,0.119
2024-06-22 16:00:00+00:00,27.5,74.21998,0.0,32.05,0.119
2024-06-22 17:00:00+00:00,27.35,73.96986,0.0,30.95,0.119
2024-06-22 18:00:00+00:00,27.3,75.32289,0.0,30.1,0.119
2024-06-22 19:00:00+00:00,27.25,76.466415,0.0,29.45,0.119
2024-06-22 20:00:00+00:00,27.15,77.854004,0.0,28.95,0.119
2024-06-22 21:00:00+00:00,27.05,79.02638,0.0,28.6,0.119
2024-06-22 22:00:00+00:00,26.9,79.96731,0.0,28.25,0.119
2024-06-22 23:00:00+00:00,26.85,80.445496,0.0,27.95,0.119
2024-06-23 00:00:00+00:00,26.85,80.68888,0.0,27.75,0.119
2024-06-23 01:00:00+00:00,27.15,79.04026,0.0,28.55,0.12
2024-06-23 02:00:00+00:00,27.0,80.70822,0.0,28.35,0.12
2024-06-23 03:00:00+00:00,27.0,80.46507,0.0,28.2,0.12
2024-06-23 04:00:00+00:00,27.35,78.35512,0.0,28.3,0.12
2024-06-23 05:00:00+00:00,27.95,75.42616,0.0,28.9,0.121
2024-06-23 06:00:00+00:00,28.1,74.318794,0.1,29.4,0.121
2024-06-23 07:00:00+00:00,28.65,73.07507,0.1,30.55,0.121
2024-06-23 08:00:00+00:00,29.05,71.4008,0.2,31.7,0.123
2024-06-23 09:00:00+00:00,29.45,70.40385,0.1,32.8,0.124
2024-06-23 10:00:00+00:00,29.7,69.187706,0.1,33.85,0.124
2024-06-23 11:00:00+00:00,29.9,67.77963,0.0,34.6,0.124
2024-06-23 12:00:00+00:00,29.75,67.955345,0.0,35.2,0.124
2024-06-23 13:00:00+00:00,28.9,71.158585,0.0,35.75,0.119
2024-06-23 14:00:00+00:00,28.6,72.18875,0.0,35.2,0.119
2024-06-23 15:00:00+00:00,28.45,70.64743,0.0,34.35,0.118
2024-06-23 16:00:00+00:00,28.2,72.33765,0.0,33.2,0.118
2024-06-23 17:00:00+00:00,27.65,76.29654,0.0,31.95,0.118
2024-06-23 18:00:00+00:00,27.4,78.12597,0.0,30.85,0.118
2024-06-23 19:00:00+00:00,27.25,80.74043,0.0,30.05,0.118
2024-06-23 20:00:00+00:00,27.1,82.192856,0.0,29.4,0.118
2024-06-23 21:00:00+00:00,26.95,83.6714,0.0,28.9,0.118
2024-06-23 22:00:00+00:00,26.9,83.91767,0.0,28.5,0.118
2024-06-23 23:00:00+00:00,26.8,85.689125,0.0,28.2,0.118
2024-06-24 00:00:00+00:00,26.8,86.20442,0.0,28.0,0.118
2024-06-24 01:00:00+00:00,25.8,89.547134,0.0,28.4,0.119
2024-06-24 02:00:00+00:00,26.0,87.43475,0.0,27.85,0.119
2024-06-24 03:00:00+00:00,26.25,86.15186,0.0,27.7,0.119
2024-06-24 04:00:00+00:00,26.55,84.13225,0.0,28.1,0.119
2024-06-24 05:00:00+00:00,27.6,78.62732,0.0,29.15,0.119
2024-06-24 06:00:00+00:00,28.45,73.48367,0.1,30.5,0.12
2024-06-24 07:00:00+00:00,29.1,69.91545,0.1,31.9,0.12
2024-06-24 08:00:00+00:00,29.45,69.34957,0.0,33.4,0.12
2024-06-24 09:00:00+00:00,29.5,68.94128,0.0,34.7,0.119
2024-06-24 10:00:00+00:00,29.65,67.935875,0.0,35.7,0.119
2024-06-24 11:00:00+00:00,29.7,67.33191,0.0,36.35,0.119
2024-06-24 12:00:00+00:00,29.35,69.96191,0.0,36.55,0.118
2024-06-24 13:00:00+00:00,29.2,69.72295,0.0,36.05,0.124
2024-06-24 14:00:00+00:00,28.7,71.55429,0.0,35.55,0.123
2024-06-24 15:00:00+00:00,28.45,72.60053,0.0,34.65,0.123
2024-06-24 16:00:00+00:00,28.05,74.535675,0.0,33.35,0.123
2024-06-24 17:00:00+00:00,27.55,79.33419,0.0,32.0,0.123
2024-06-24 18:00:00+00:00,27.5,81.74883,0.0,30.9,0.123
2024-06-24 19:00:00+00:00,27.4,83.97234,0.0,30.1,0.123
2024-06-24 20:00:00+00:00,27.3,87.02753,0.0,29.5,0.123
2024-06-24 21:00:00+00:00,27.3,87.02753,0.0,29.05,0.123
2024-06-24 22:00:00+00:00,27.45,84.98818,0.0,28.75,0.123
2024-06-24 23:00:00+00:00,27.15,85.98031,0.0,28.45,0.123
2024-06-25 00:00:00+00:00,25.95,91.731186,0.0,28.05,0.123
2024-06-25 01:00:00+00:00,27.15,89.11417,0.0,29.25,0.115
2024-06-25 02:00:00+00:00,27.15,87.79646,0.0,28.85,0.115
2024-06-25 03:00:00+00:00,27.0,88.83751,0.0,28.5,0.115
2024-06-25 04:00:00+00:00,27.55,83.9887,0.0,28.75,0.115
2024-06-25 05:00:00+00:00,28.2,79.66112,0.0,29.7,0.116
2024-06-25 06:00:00+00:00,28.8,75.10776,0.1,30.95,0.116
2024-06-25 07:00:00+00:00,29.1,74.4823,0.2,32.15,0.117
2024-06-25 08:00:00+00:00,29.5,73.43924,0.2,33.3,0.119
2024-06-25 09:00:00+00:00,29.65,71.938545,0.0,34.25,0.119
2024-06-25 10:00:00+00:00,29.7,71.08811,0.0,35.05,0.118
2024-06-25 11:00:00+00:00,30.15,68.85729,0.0,35.9,0.118
2024-06-25 12:00:00+00:00,30.15,69.48113,0.0,36.35,0.118
2024-06-25 13:00:00+00:00,29.55,68.53537,0.0,36.25,0.116
2024-06-25 14:00:00+00:00,29.2,69.51238,0.0,35.7,0.116
2024-06-25 15:00:00+00:00,28.75,74.87431,0.0,34.7,0.116
2024-06-25 16:00:00+00:00,28.1,77.7574,0.0,33.5,0.116
2024-06-25 17:00:00+00:00,27.6,78.8646,0.0,32.15,0.116
2024-06-25 18:00:00+00:00,27.5,79.32735,0.0,31.05,0.116
2024-06-25 19:00:00+00:00,27.45,80.040474,0.0,30.3,0.116
2024-06-25 20:00:00+00:00,27.25,81.47274,0.0,29.65,0.116
2024-06-25 21:00:00+00:00,27.0,83.92858,0.0,29.15,0.116
2024-06-25 22:00:00+00:00,26.9,84.677086,0.0,28.7,0.116
2024-06-25 23:00:00+00:00,26.5,86.6948,0.0,28.35,0.116
2024-06-26 00:00:00+00:00,26.3,88.25191,0.0,28.0,0.116
2024-06-26 01:00:00+00:00,26.3,87.461006,0.0,28.95,0.116
2024-06-26 02:00:00+00:00,26.0,89.02586,0.0,28.4,0.116
2024-06-26 03:00:00+00:00,26.65,85.67431,0.0,28.1,0.116
2024-06-26 04:00:00+00:00,27.4,79.55308,0.0,28.5,0.116
2024-06-26 05:00:00+00:00,28.05,75.67009,0.0,29.4,0.116
2024-06-26 06:00:00+00:00,28.8,72.44209,0.1,30.8,0.117
2024-06-26 07:00:00+00:00,29.55,69.36843,0.0,32.2,0.117
2024-06-26 08:00:00+00:00,29.9,69.434235,0.0,33.8,0.117
2024-06-26 09:00:00+00:00,29.65,71.07915,0.0,35.05,0.116
2024-06-26 10:00:00+00:00,30.05,67.40105,0.0,36.05,0.116
2024-06-26 11:00:00+00:00,30.15,66.21036,0.0,36.6,0.116
2024-06-26 12:00:00+00:00,30.05,66.59161,0.0,36.8,0.116
2024-06-26 13:00:00+00:00,29.9,68.19001,0.0,36.9,0.114
2024-06-26 14:00:00+00:00,29.35,69.540565,0.0,36.3,0.114
2024-06-26 15:00:00+00:00,28.95,72.03228,0.0,35.35,0.114
2024-06-26 16:00:00+00:00,28.4,75.72495,0.0,34.15,0.114
2024-06-26 17:00:00+00:00,28.0,77.74286,0.0,32.75,0.114
2024-06-26 18:00:00+00:00,27.75,79.12317,0.0,31.6,0.114
2024-06-26 19:00:00+00:00,27.35,82.22283,0.0,30.7,0.114
2024-06-26 20:00:00+00:00,27.2,83.95049,0.0,29.95,0.114
2024-06-26 21:00:00+00:00,27.05,85.71373,0.0,29.4,0.114
2024-06-26 22:00:00+00:00,26.1,90.37792,0.0,28.8,0.114
2024-06-26 23:00:00+00:00,26.85,86.20919,0.0,28.2,0.114
2024-06-27 00:00:00+00:00,25.2,94.76591,0.0,27.7,0.114
2024-06-27 01:00:00+00:00,26.15,89.30484,0.0,28.5,0.115
2024-06-27 02:00:00+00:00,25.05,95.330315,0.0,27.9,0.115
2024-06-27 03:00:00+00:00,25.85,94.79058,0.0,27.6,0.115
2024-06-27 04:00:00+00:00,26.9,85.69896,0.0,28.1,0.115
2024-06-27 05:00:00+00:00,28.25,73.00677,0.0,29.3,0.115
2024-06-27 06:00:00+00:00,30.0,49.541397,0.0,31.0,0.115
2024-06-27 07:00:00+00:00,31.2,39.60859,0.0,33.05,0.114
2024-06-27 08:00:00+00:00,31.8,43.869705,0.0,35.15,0.114
2024-06-27 09:00:00+00:00,31.1,60.4699,0.0,36.45,0.114
2024-06-27 10:00:00+00:00,31.15,54.347324,0.0,37.3,0.113
2024-06-27 11:00:00+00:00,31.4,53.909836,0.0,37.9,0.113
2024-06-27 12:00:00+00:00,31.25,56.582684,0.0,38.1,0.113
2024-06-27 13:00:00+00:00,30.6,59.26202,0.0,37.6,0.115
2024-06-27 14:00:00+00:00,30.1,61.733955,0.0,36.85,0.115
2024-06-27 15:00:00+00:00,29.65,63.545994,0.0,35.8,0.115
2024-06-27 16:00:00+00:00,29.0,70.10874,0.0,34.45,0.115
2024-06-27 17:00:00+00:00,28.3,75.02778,0.0,33.0,0.115
2024-06-27 18:00:00+00:00,27.9,80.581955,0.0,31.8,0.115
2024-06-27 19:00:00+00:00,27.4,87.81766,0.0,30.85,0.115
2024-06-27 20:00:00+00:00,27.15,90.44914,0.0,30.1,0.115
2024-06-27 21:00:00+00:00,27.05,90.4424,0.0,29.6,0.115
2024-06-27 22:00:00+00:00,27.0,90.43899,0.0,29.15,0.115
2024-06-27 23:00:00+00:00,26.9,91.24299,0.0,28.8,0.115
2024-06-28 00:00:00+00:00,26.85,90.968834,0.0,28.5,0.115
2024-06-28 01:00:00+00:00,27.3,88.86092,0.1,29.05,0.116
2024-06-28 02:00:00+00:00,27.05,92.06852,0.0,28.75,0.116
2024-06-28 03:00:00+00:00,27.1,90.44574,0.0,28.5,0.116
2024-06-28 04:00:00+00:00,27.7,86.289795,0.1,28.8,0.116
2024-06-28 05:00:00+00:00,28.15,82.81097,0.2,29.55,0.118
2024-06-28 06:00:00+00:00,28.85,78.09922,0.1,30.55,0.119
2024-06-28 07:00:00+00:00,29.45,74.98658,0.1,31.9,0.12
2024-06-28 08:00:00+00:00,29.95,72.423615,0.1,33.45,0.12
2024-06-28 09:00:00+00:00,30.3,70.559166,0.0,34.85,0.12
2024-06-28 10:00:00+00:00,30.2,70.540924,0.0,35.85,0.119
2024-06-28 11:00:00+00:00,30.2,71.177826,0.0,36.5,0.119
2024-06-28 12:00:00+00:00,30.05,72.65788,0.0,36.7,0.119
2024-06-28 13:00:00+00:00,29.9,70.48621,0.0,36.65,0.116
2024-06-28 14:00:00+00:00,29.6,70.43132,0.0,36.05,0.116
2024-06-28 15:00:00+00:00,29.0,74.46602,0.0,35.15,0.115
2024-06-28 16:00:00+00:00,28.45,77.342766,0.0,33.95,0.115
2024-06-28 17:00:00+00:00,27.9,81.55334,0.0,32.6,0.115
2024-06-28 18:00:00+00:00,27.65,84.50282,0.0,31.45,0.115
2024-06-28 19:00:00+00:00,27.55,86.27562,0.0,30.6,0.115
2024-06-28 20:00:00+00:00,27.4,86.77747,0.0,30.0,0.115
2024-06-28 21:00:00+00:00,27.3,87.28739,0.0,29.5,0.115
2024-06-28 22:00:00+00:00,27.25,86.50512,0.0,29.15,0.115
2024-06-28 23:00:00+00:00,27.15,85.98031,0.0,28.8,0.115
2024-06-29 00:00:00+00:00,26.85,87.24759,0.0,28.5,0.115
2024-06-29 01:00:00+00:00,26.75,86.71784,0.0,28.95,0.115
2024-06-29 02:00:00+00:00,26.75,86.19965,0.0,28.6,0.115
2024-06-29 03:00:00+00:00,26.75,86.19965,0.0,28.3,0.115
2024-06-29 04:00:00+00:00,27.65,80.307976,0.0,28.65,0.115
2024-06-29 05:00:00+00:00,28.25,76.61882,0.0,29.5,0.116
2024-06-29 06:00:00+00:00,28.7,73.747665,0.1,30.65,0.116
2024-06-29 07:00:00+00:00,29.05,71.4008,0.0,31.75,0.117
2024-06-29 08:00:00+00:00,29.45,69.14039,0.0,32.9,0.116
2024-06-29 09:00:00+00:00,30.2,66.220474,0.0,34.4,0.116
2024-06-29 10:00:00+00:00,30.5,64.89522,0.0,35.7,0.116
2024-06-29 11:00:00+00:00,30.8,63.7914,0.0,36.7,0.116
2024-06-29 12:00:00+00:00,30.35,66.05111,0.0,37.05,0.115
2024-06-29 13:00:00+00:00,30.05,66.79318,0.0,36.6,0.123
2024-06-29 14:00:00+00:00,29.4,69.971214,0.0,35.95,0.123
2024-06-29 15:00:00+00:00,28.85,73.109085,0.0,34.95,0.123
2024-06-29 16:00:00+00:00,28.1,76.365585,0.0,33.7,0.123
2024-06-29 17:00:00+00:00,27.55,79.813286,0.0,32.3,0.123
2024-06-29 18:00:00+00:00,27.45,81.98844,0.0,31.2,0.123
2024-06-29 19:00:00+00:00,27.4,83.2212,0.0,30.4,0.123
2024-06-29 20:00:00+00:00,27.25,84.46044,0.0,29.8,0.123
2024-06-29 21:00:00+00:00,27.3,84.71895,0.0,29.35,0.123
2024-06-29 22:00:00+00:00,27.2,84.96248,0.0,29.0,0.123
2024-06-29 23:00:00+00:00,26.75,87.50023,0.2,28.6,0.125
2024-06-30 00:00:00+00:00,26.45,84.62973,0.0,28.2,0.125
2024-06-30 01:00:00+00:00,22.55,93.512276,0.0,28.1,0.12
2024-06-30 02:00:00+00:00,23.8,89.94477,0.0,27.4,0.12
2024-06-30 03:00:00+00:00,24.25,89.976944,0.0,26.95,0.12
2024-06-30 04:00:00+00:00,25.35,86.3263,0.0,27.2,0.12
2024-06-30 05:00:00+00:00,27.0,81.44162,0.0,28.35,0.12
2024-06-30 06:00:00+00:00,28.35,74.80985,0.0,30.1,0.12
2024-06-30 07:00:00+00:00,29.4,67.06875,0.0,32.1,0.119
2024-06-30 08:00:00+00:00,30.2,64.24586,0.0,33.95,0.119
2024-06-30 09:00:00+00:00,30.15,67.828476,0.2,35.15,0.121
2024-06-30 10:00:00+00:00,30.1,65.20594,0.0,36.0,0.12
2024-06-30 11:00:00+00:00,30.5,63.534763,0.0,36.65,0.12
2024-06-30 12:00:00+00:00,30.75,63.204483,0.0,36.9,0.12
2024-06-30 13:00:00+00:00,29.35,73.19396,0.0,37.1,0.117
2024-06-30 14:00:00+00:00,29.5,71.69633,0.0,36.8,0.116
2024-06-30 15:00:00+00:00,28.55,73.945366,0.0,35.75,0.116
2024-06-30 16:00:00+00:00,27.6,83.4933,0.0,34.25,0.116
2024-06-30 17:00:00+00:00,28.0,86.83214,0.0,32.8,0.116
2024-06-30 18:00:00+00:00,28.6,78.76743,0.0,31.75,0.116
2024-06-30 19:00:00+00:00,28.15,82.81097,0.0,30.95,0.116
2024-06-30 20:00:00+00:00,27.85,86.8185,0.0,30.3,0.116
2024-06-30 21:00:00+00:00,27.75,87.32696,0.0,29.75,0.116
2024-06-30 22:00:00+00:00,27.65,86.02849,0.0,29.35,0.116
2024-06-30 23:00:00+00:00,27.6,84.75021,0.0,29.0,0.116
2024-07-01 00:00:00+00:00,27.3,86.7683,0.0,28.7,0.116
2024-07-01 01:00:00+00:00,27.3,83.71022,0.0,29.4,0.115
2024-07-01 02:00:00+00:00,27.1,85.20696,0.0,29.0,0.115
2024-07-01 03:00:00+00:00,27.4,82.72373,0.0,28.75,0.115
2024-07-01 04:00:00+00:00,27.9,78.43327,0.0,28.95,0.115
2024-07-01 05:00:00+00:00,28.4,73.69756,0.0,29.65,0.115
2024-07-01 06:00:00+00:00,28.85,71.79758,0.0,30.65,0.115
2024-07-01 07:00:00+00:00,29.55,64.69691,0.1,31.95,0.116
2024-07-01 08:00:00+00:00,30.05,64.409454,0.0,33.35,0.116
2024-07-01 09:00:00+00:00,30.3,64.072464,0.0,34.75,0.116
2024-07-01 10:00:00+00:00,30.35,58.84293,0.0,35.8,0.116
2024-07-01 11:00:00+00:00,30.8,54.093864,0.0,36.35,0.115
2024-07-01 12:00:00+00:00,31.05,57.758358,0.0,36.65,0.115
2024-07-01 13:00:00+00:00,30.65,56.093006,0.0,36.2,0.12
2024-07-01 14:00:00+00:00,30.45,56.91339,0.0,35.75,0.119
2024-07-01 15:00:00+00:00,29.75,60.534065,0.0,34.9,0.119
2024-07-01 16:00:00+00:00,29.25,65.22796,0.0,33.8,0.119
2024-07-01 17:00:00+00:00,28.75,67.7597,0.0,32.55,0.119
2024-07-01 18:00:00+00:00,28.3,69.766205,0.0,31.45,0.119
2024-07-01 19:00:00+00:00,27.9,73.613716,0.0,30.55,0.119
2024-07-01 20:00:00+00:00,27.7,78.169,0.0,29.85,0.119
2024-07-01 21:00:00+00:00,27.3,83.20984,0.0,29.25,0.119
2024-07-01 22:00:00+00:00,27.3,83.45971,0.0,28.8,0.119
2024-07-01 23:00:00+00:00,27.15,84.70327,0.0,28.45,0.119
2024-07-02 00:00:00+00:00,27.1,85.20696,0.0,28.2,0.119
2024-07-02 01:00:00+00:00,27.15,88.32146,0.0,29.5,0.118
2024-07-02 02:00:00+00:00,26.95,88.305145,0.0,29.0,0.118
2024-07-02 03:00:00+00:00,26.9,88.30106,0.0,28.65,0.118
2024-07-02 04:00:00+00:00,27.65,82.75288,0.0,28.9,0.118
2024-07-02 05:00:00+00:00,28.35,78.49691,0.0,29.75,0.118
2024-07-02 06:00:00+00:00,29.15,70.13649,0.0,31.15,0.118
2024-07-02 07:00:00+00:00,30.55,54.70357,0.0,32.85,0.118
2024-07-02 08:00:00+00:00,31.65,47.39864,0.0,34.7,0.118
2024-07-02 09:00:00+00:00,30.4,66.86304,0.0,35.9,0.117
2024-07-02 10:00:00+00:00,30.6,59.807285,0.0,36.65,0.117
2024-07-02 11:00:00+00:00,30.9,58.79075,0.0,37.15,0.117
2024-07-02 12:00:00+00:00,31.1,55.17652,0.0,37.3,0.116
2024-07-02 13:00:00+00:00,30.7,57.14802,0.0,37.0,0.117
2024-07-02 14:00:00+00:00,30.45,58.149357,0.0,36.45,0.117
2024-07-02 15:00:00+00:00,30.1,55.101997,0.0,35.45,0.117
2024-07-02 16:00:00+00:00,29.5,60.663418,0.0,34.25,0.117
2024-07-02 17:00:00+00:00,29.0,63.212257,0.0,32.95,0.117
2024-07-02 18:00:00+00:00,28.55,73.72263,0.0,31.85,0.117
2024-07-02 19:00:00+00:00,28.15,80.61424,0.0,30.95,0.117
2024-07-02 20:00:00+00:00,27.9,84.78146,0.0,30.3,0.117
2024-07-02 21:00:00+00:00,27.75,86.03807,0.0,29.8,0.117
2024-07-02 22:00:00+00:00,27.8,85.024086,0.0,29.4,0.117
2024-07-02 23:00:00+00:00,27.65,85.77252,0.0,29.1,0.117
2024-07-03 00:00:00+00:00,27.45,87.300575,0.0,28.85,0.117
2024-07-03 01:00:00+00:00,27.8,86.04289,0.0,29.95,0.116
2024-07-03 02:00:00+00:00,27.85,84.02127,0.0,29.55,0.116
2024-07-03 03:00:00+00:00,28.0,81.078995,0.0,29.3,0.116
2024-07-03 04:00:00+00:00,28.45,77.57518,0.0,29.45,0.116
2024-07-03 05:00:00+00:00,28.85,75.11572,0.0,30.2,0.116
2024-07-03 06:00:00+00:00,29.3,72.093666,0.0,31.3,0.117
2024-07-03 07:00:00+00:00,29.85,68.80012,0.0,32.65,0.117
2024-07-03 08:00:00+00:00,30.25,65.43462,0.0,34.05,0.116
2024-07-03 09:00:00+00:00,30.5,63.342484,0.0,35.35,0.116
2024-07-03 10:00:00+00:00,30.95,61.360767,0.0,36.4,0.116
2024-07-03 11:00:00+00:00,30.75,63.588154,0.0,36.85,0.115
2024-07-03 12:00:00+00:00,31.1,63.27959,0.0,37.0,0.115
2024-07-03 13:00:00+00:00,29.9,70.2747,0.0,36.5,0.125
2024-07-03 14:00:00+00:00,29.9,70.2747,0.0,35.8,0.125
2024-07-03 15:00:00+00:00,29.4,72.328255,0.0,34.85,0.124
2024-07-03 16:00:00+00:00,28.95,74.011604,0.0,33.7,0.124
2024-07-03 17:00:00+00:00,28.15,82.81097,0.0,32.45,0.124
2024-07-03 18:00:00+00:00,28.1,81.334496,0.0,31.4,0.124
2024-07-03 19:00:00+00:00,27.8,81.29701,0.0,30.65,0.124
2024-07-03 20:00:00+00:00,27.55,83.238266,0.0,30.0,0.124
2024-07-03 21:00:00+00:00,27.45,83.4765,0.0,29.5,0.124
2024-07-03 22:00:00+00:00,27.5,82.98366,0.0,29.2,0.124
2024-07-03 23:00:00+00:00,27.55,82.49368,0.0,28.95,0.124
2024-07-04 00:00:00+00:00,27.45,81.98844,0.0,28.7,0.124
2024-07-04 01:00:00+00:00,27.15,86.23771,0.1,29.3,0.124
2024-07-04 02:00:00+00:00,27.15,84.70327,0.0,28.85,0.124
2024-07-04 03:00:00+00:00,27.3,82.46412,0.0,28.55,0.124
2024-07-04 04:00:00+00:00,28.25,74.343414,0.0,28.8,0.124
2024-07-04 05:00:00+00:00,28.5,72.82903,0.0,29.5,0.124
2024-07-04 06:00:00+00:00,28.85,70.72043,0.1,30.45,0.125
2024-07-04 07:00:00+00:00,29.15,70.348785,0.1,31.7,0.125
2024-07-04 08:00:00+00:00,29.6,68.13185,0.1,33.0,0.125
2024-07-04 09:00:00+00:00,29.95,65.96978,0.0,34.45,0.125
2024-07-04 10:00:00+00:00,30.2,64.832756,0.0,35.6,0.124
2024-07-04 11:00:00+00:00,30.45,63.524097,0.0,36.35,0.124
2024-07-04 12:00:00+00:00,30.35,63.88907,0.0,36.65,0.123
2024-07-04 13:00:00+00:00,30.0,65.58155,0.0,36.4,0.122
2024-07-04 14:00:00+00:00,29.4,69.971214,0.0,35.8,0.122
2024-07-04 15:00:00+00:00,28.9,73.338165,0.0,34.9,0.122
2024-07-04 16:00:00+00:00,28.5,75.9687,0.0,33.7,0.122
2024-07-04 17:00:00+00:00,27.8,81.29701,0.0,32.4,0.122
2024-07-04 18:00:00+00:00,27.6,83.4933,0.0,31.25,0.122
2024-07-04 19:00:00+00:00,27.5,84.234764,0.0,30.45,0.122
2024-07-04 20:00:00+00:00,27.35,84.72413,0.0,29.85,0.122
2024-07-04 21:00:00+00:00,27.15,85.72353,0.0,29.35,0.122
2024-07-04 22:00:00+00:00,27.0,86.22346,0.0,28.95,0.122
2024-07-04 23:00:00+00:00,26.9,86.472466,0.0,28.65,0.122
2024-07-05 00:00:00+00:00,26.8,86.98249,0.0,28.4,0.122
2024-07-05 01:00:00+00:00,26.85,82.1628,0.1,29.05,0.125
2024-07-05 02:00:00+00:00,26.75,81.65658,0.1,28.6,0.125
2024-07-05 03:00:00+00:00,26.85,78.99859,0.0,28.3,0.125
2024-07-05 04:00:00+00:00,27.35,73.521034,0.0,28.45,0.125
2024-07-05 05:00:00+00:00,27.9,71.19428,0.0,29.15,0.125
2024-07-05 06:00:00+00:00,28.55,68.134445,0.0,30.2,0.125
2024-07-05 07:00:00+00:00,29.15,65.8063,0.0,31.5,0.125
2024-07-05 08:00:00+00:00,29.9,61.68966,0.0,33.05,0.124
2024-07-05 09:00:00+00:00,30.15,61.369514,0.0,34.45,0.124
2024-07-05 10:00:00+00:00,30.45,60.32299,0.0,35.55,0.123
2024-07-05 11:00:00+00:00,30.5,60.518593,0.0,36.3,0.123
2024-07-05 12:00:00+00:00,30.25,60.832474,0.0,36.55,0.122
2024-07-05 13:00:00+00:00,29.45,62.15834,0.0,36.55,0.124
2024-07-05 14:00:00+00:00,29.1,64.40533,0.0,35.85,0.123
2024-07-05 15:00:00+00:00,28.7,67.13334,0.0,34.9,0.123
2024-07-05 16:00:00+00:00,28.1,71.44714,0.0,33.65,0.123
2024-07-05 17:00:00+00:00,27.75,73.36539,0.0,32.35,0.123
2024-07-05 18:00:00+00:00,27.65,74.244736,0.0,31.3,0.123
2024-07-05 19:00:00+00:00,27.25,77.16467,0.0,30.4,0.123
2024-07-05 20:00:00+00:00,26.95,79.25189,0.0,29.75,0.123
2024-07-05 21:00:00+00:00,26.8,80.19616,0.0,29.2,0.123
2024-07-05 22:00:00+00:00,26.95,77.82489,0.0,28.85,0.123
2024-07-05 23:00:00+00:00,26.9,77.34683,0.0,28.55,0.123
2024-07-06 00:00:00+00:00,26.85,76.6377,0.0,28.25,0.123
2024-07-06 01:00:00+00:00,27.25,74.17866,0.0,28.7,0.121
2024-07-06 02:00:00+00:00,27.0,75.04626,0.0,28.4,0.121
2024-07-06 03:00:00+00:00,27.25,73.50413,0.0,28.2,0.121
2024-07-06 04:00:00+00:00,28.1,67.838844,0.0,28.5,0.121
2024-07-06 05:00:00+00:00,28.45,66.67468,0.0,29.35,0.121
2024-07-06 06:00:00+00:00,29.0,64.77907,0.0,30.6,0.121
2024-07-06 07:00:00+00:00,29.7,62.023457,0.0,32.1,0.12
2024-07-06 08:00:00+00:00,30.4,59.94447,0.0,33.7,0.12
2024-07-06 09:00:00+00:00,30.85,59.31957,0.0,35.1,0.119
2024-07-06 10:00:00+00:00,30.85,61.338535,0.0,36.2,0.119
2024-07-06 11:00:00+00:00,30.9,60.608784,0.0,36.8,0.119
2024-07-06 12:00:00+00:00,30.7,60.563725,0.0,36.95,0.118
2024-07-06 13:00:00+00:00,30.55,60.34566,0.0,37.0,0.119
2024-07-06 14:00:00+00:00,30.35,58.304432,0.0,36.4,0.119
2024-07-06 15:00:00+00:00,29.7,63.556675,0.0,35.4,0.119
2024-07-06 16:00:00+00:00,29.1,65.79601,0.0,34.15,0.119
2024-07-06 17:00:00+00:00,28.2,74.11088,0.0,32.8,0.119
2024-07-06 18:00:00+00:00,28.0,76.35028,0.0,31.7,0.119
2024-07-06 19:00:00+00:00,27.85,78.66247,0.0,30.85,0.119
2024-07-06 20:00:00+00:00,27.75,79.12317,0.0,30.2,0.119
2024-07-06 21:00:00+00:00,27.5,79.80656,0.0,29.7,0.118
2024-07-06 22:00:00+00:00,27.4,80.03384,0.0,29.2,0.118
2024-07-06 23:00:00+00:00,27.3,80.02055,0.0,28.85,0.118
2024-07-07 00:00:00+00:00,27.35,79.30681,0.0,28.6,0.118
2024-07-07 01:00:00+00:00,27.35,81.48516,0.0,29.3,0.116
2024-07-07 02:00:00+00:00,27.4,81.49141,0.0,28.9,0.116
2024-07-07 03:00:00+00:00,27.5,82.98366,0.0,28.65,0.116
2024-07-07 04:00:00+00:00,28.55,75.976456,0.0,29.0,0.116
2024-07-07 05:00:00+00:00,29.4,72.54596,0.0,30.05,0.116
2024-07-07 06:00:00+00:00,30.7,63.963303,0.0,31.6,0.116
2024-07-07 07:00:00+00:00,32.25,51.373333,0.0,33.5,0.115
2024-07-07 08:00:00+00:00,33.45,45.42567,0.0,35.45,0.115
2024-07-07 09:00:00+00:00,32.6,62.656067,0.0,36.85,0.115
2024-07-07 10:00:00+00:00,32.75,55.914776,0.0,37.6,0.114
2024-07-07 11:00:00+00:00,32.8,50.110863,0.0,38.0,0.114
2024-07-07 12:00:00+00:00,32.95,47.008636,0.0,38.05,0.114
2024-07-07 13:00:00+00:00,31.25,54.53928,0.0,37.25,0.117
2024-07-07 14:00:00+00:00,31.15,58.491158,0.0,36.65,0.117
2024-07-07 15:00:00+00:00,30.35,62.73609,0.0,35.8,0.117
2024-07-07 16:00:00+00:00,29.5,69.14986,0.0,34.65,0.116
2024-07-07 17:00:00+00:00,29.0,70.53418,0.0,33.3,0.116
2024-07-07 18:00:00+00:00,28.8,72.88053,0.0,32.2,0.116
2024-07-07 19:00:00+00:00,28.6,74.40073,0.0,31.35,0.116
2024-07-07 20:00:00+00:00,28.35,78.02749,0.0,30.7,0.116
2024-07-07 21:00:00+00:00,28.1,82.312355,0.0,30.2,0.116
2024-07-07 22:00:00+00:00,27.95,84.282974,0.0,29.75,0.116
2024-07-07 23:00:00+00:00,27.85,85.5371,0.0,29.4,0.116
2024-07-08 00:00:00+00:00,27.75,87.32696,0.0,29.15,0.116
2024-07-08 01:00:00+00:00,27.4,90.19802,0.0,29.4,0.119
2024-07-08 02:00:00+00:00,27.25,90.72477,0.0,29.1,0.119
2024-07-08 03:00:00+00:00,27.4,89.398384,0.0,28.85,0.119
2024-07-08 04:00:00+00:00,28.1,83.54914,0.0,29.2,0.119
2024-07-08 05:00:00+00:00,28.8,78.32589,0.0,30.05,0.119
2024-07-08 06:00:00+00:00,29.45,73.87242,0.1,31.45,0.12
2024-07-08 07:00:00+00:00,30.1,69.2632,0.0,32.9,0.12
2024-07-08 08:00:00+00:00,30.45,67.27699,0.0,34.3,0.119
2024-07-08 09:00:00+00:00,30.45,64.49348,0.0,35.6,0.119
2024-07-08 10:00:00+00:00,30.65,63.95271,0.0,36.6,0.118
2024-07-08 11:00:00+00:00,31.1,61.767197,0.0,37.3,0.118
2024-07-08 12:00:00+00:00,31.05,58.646465,0.0,37.55,0.118
2024-07-08 13:00:00+00:00,30.35,65.25762,0.0,37.35,0.127
2024-07-08 14:00:00+00:00,30.1,70.52269,0.0,36.75,0.126
2024-07-08 15:00:00+00:00,29.35,74.29998,0.0,35.7,0.126
2024-07-08 16:00:00+00:00,28.65,78.53919,0.0,34.35,0.126
2024-07-08 17:00:00+00:00,28.15,84.555534,0.0,33.0,0.126
2024-07-08 18:00:00+00:00,27.9,86.823074,0.0,31.85,0.126
2024-07-08 19:00:00+00:00,27.75,88.37019,0.0,31.0,0.126
2024-07-08 20:00:00+00:00,27.6,88.09596,0.0,30.35,0.126
2024-07-08 21:00:00+00:00,27.5,88.34992,0.0,29.85,0.126
2024-07-08 22:00:00+00:00,27.5,87.826096,0.0,29.45,0.126
2024-07-08 23:00:00+00:00,27.35,87.81338,0.0,29.15,0.126
2024-07-09 00:00:00+00:00,27.3,87.80919,0.0,28.85,0.126
2024-07-09 01:00:00+00:00,27.6,89.67873,0.0,29.45,0.125
2024-07-09 02:00:00+00:00,27.55,89.40952,0.0,29.15,0.125
2024-07-09 03:00:00+00:00,27.65,88.88815,0.0,29.0,0.125
2024-07-09 04:00:00+00:00,28.25,85.07006,0.0,29.3,0.125
2024-07-09 05:00:00+00:00,28.85,81.670135,0.1,30.1,0.126
2024-07-09 06:00:00+00:00,29.55,77.273865,0.1,31.4,0.126
2024-07-09 07:00:00+00:00,30.0,74.628204,0.0,32.8,0.126
2024-07-09 08:00:00+00:00,30.2,73.77612,0.0,34.15,0.126
2024-07-09 09:00:00+00:00,30.25,72.90948,0.0,35.4,0.125
2024-07-09 10:00:00+00:00,30.4,71.00097,0.0,36.45,0.125
2024-07-09 11:00:00+00:00,30.9,69.8295,0.0,37.2,0.124
2024-07-09 12:00:00+00:00,30.8,70.64998,0.0,37.55,0.124
2024-07-09 13:00:00+00:00,31.35,72.02101,0.0,37.7,0.125
2024-07-09 14:00:00+00:00,30.75,74.970764,0.0,37.2,0.124
2024-07-09 15:00:00+00:00,29.9,78.248795,0.0,36.2,0.124
2024-07-09 16:00:00+00:00,29.2,81.95547,0.0,34.85,0.124
2024-07-09 17:00:00+00:00,28.65,85.36313,0.0,33.45,0.124
2024-07-09 18:00:00+00:00,28.3,87.116936,0.0,32.3,0.124
2024-07-09 19:00:00+00:00,28.15,87.62114,0.0,31.45,0.124
2024-07-09 20:00:00+00:00,27.9,87.85992,0.0,30.75,0.124
2024-07-09 21:00:00+00:00,27.75,89.95553,0.0,30.2,0.124
2024-07-09 22:00:00+00:00,27.65,89.68235,0.0,29.8,0.124
2024-07-09 23:00:00+00:00,27.55,89.94142,0.0,29.45,0.124
2024-07-10 00:00:00+00:00,27.45,90.46932,0.0,29.2,0.124
2024-07-10 01:00:00+00:00,27.35,92.08544,0.0,29.65,0.124
2024-07-10 02:00:00+00:00,27.35,91.813194,0.0,29.3,0.124
2024-07-10 03:00:00+00:00,27.6,90.47938,0.0,29.05,0.124
2024-07-10 04:00:00+00:00,28.3,85.32808,0.0,29.4,0.124
2024-07-10 05:00:00+00:00,29.0,80.4837,0.0,30.45,0.124
2024-07-10 06:00:00+00:00,29.65,75.919495,0.0,31.75,0.124
2024-07-10 07:00:00+00:00,30.3,73.13584,0.1,33.25,0.124
2024-07-10 08:00:00+00:00,30.65,74.511444,0.0,34.6,0.124
2024-07-10 09:00:00+00:00,30.4,74.91498,0.0,35.75,0.123
2024-07-10 10:00:00+00:00,31.1,72.19157,0.0,36.75,0.123
2024-07-10 11:00:00+00:00,31.05,71.7551,0.0,37.45,0.122
2024-07-10 12:00:00+00:00,31.25,70.73137,0.0,37.9,0.122
2024-07-10 13:00:00+00:00,29.55,72.571846,0.0,37.3,0.122
2024-07-10 14:00:00+00:00,30.0,72.649254,0.0,36.9,0.121
2024-07-10 15:00:00+00:00,29.65,76.14619,0.0,36.15,0.121
2024-07-10 16:00:00+00:00,29.25,81.235954,0.0,34.95,0.121
2024-07-10 17:00:00+00:00,29.1,84.156204,0.0,33.65,0.121
2024-07-10 18:00:00+00:00,29.1,86.166794,0.0,32.6,0.121
2024-07-10 19:00:00+00:00,28.9,88.7234,0.0,31.8,0.121
2024-07-10 20:00:00+00:00,28.65,90.815895,0.0,31.1,0.121
2024-07-10 21:00:00+00:00,28.5,91.87969,0.0,30.65,0.121
2024-07-10 22:00:00+00:00,28.45,91.60732,0.1,30.25,0.122
2024-07-10 23:00:00+00:00,28.35,92.41253,0.0,29.9,0.123
2024-07-11 00:00:00+00:00,28.3,92.40986,0.1,29.6,0.123
2024-07-11 01:00:00+00:00,28.45,88.42673,0.0,30.1,0.122
2024-07-11 02:00:00+00:00,28.05,91.8538,0.0,29.7,0.122
2024-07-11 03:00:00+00:00,28.2,90.25303,0.0,29.45,0.122
2024-07-11 04:00:00+00:00,28.95,83.64345,0.0,29.8,0.122
2024-07-11 05:00:00+00:00,29.1,81.94341,0.1,30.45,0.123
2024-07-11 06:00:00+00:00,29.55,78.665344,0.1,31.45,0.123
2024-07-11 07:00:00+00:00,30.2,76.457,0.0,32.95,0.123
2024-07-11 08:00:00+00:00,30.6,74.72482,0.0,34.5,0.123
2024-07-11 09:00:00+00:00,31.05,71.54201,0.0,35.95,0.122
2024-07-11 10:00:00+00:00,31.45,70.348175,0.0,37.1,0.121
2024-07-11 11:00:00+00:00,31.3,72.22625,0.0,37.8,0.121
2024-07-11 12:00:00+00:00,31.2,72.42347,0.0,38.15,0.12
2024-07-11 13:00:00+00:00,31.75,69.36563,0.0,38.3,0.121
2024-07-11 14:00:00+00:00,31.45,71.82521,0.0,37.85,0.121
2024-07-11 15:00:00+00:00,30.9,74.994675,0.0,37.0,0.121
2024-07-11 16:00:00+00:00,30.05,80.61889,0.0,35.7,0.121
2024-07-11 17:00:00+00:00,29.35,86.69882,0.0,34.2,0.12
2024-07-11 18:00:00+00:00,29.05,90.04666,0.0,33.0,0.12
2024-07-11 19:00:00+00:00,28.8,90.82556,0.0,32.05,0.12
2024-07-11 20:00:00+00:00,28.7,90.819084,0.0,31.4,0.12
2024-07-11 21:00:00+00:00,28.65,91.61917,0.0,30.85,0.12
2024-07-11 22:00:00+00:00,28.6,91.61622,0.0,30.5,0.12
2024-07-11 23:00:00+00:00,28.55,90.80941,0.0,30.2,0.12
2024-07-12 00:00:00+00:00,28.45,90.536194,0.0,29.9,0.12
2024-07-12 01:00:00+00:00,28.55,87.91451,0.0,30.3,0.121
2024-07-12 02:00:00+00:00,28.4,86.86843,0.0,29.95,0.121
2024-07-12 03:00:00+00:00,28.4,86.100296,0.0,29.7,0.121
2024-07-12 04:00:00+00:00,28.9,82.89755,0.0,29.95,0.121
2024-07-12 05:00:00+00:00,29.5,79.12715,0.1,30.7,0.122
2024-07-12 06:00:00+00:00,30.0,74.85095,0.1,31.7,0.123
2024-07-12 07:00:00+00:00,30.6,71.46234,0.1,33.0,0.123
2024-07-12 08:00:00+00:00,31.0,69.43217,0.1,34.35,0.124
2024-07-12 09:00:00+00:00,31.55,66.49225,0.0,35.8,0.123
2024-07-12 10:00:00+00:00,31.55,66.69142,0.0,36.85,0.123
2024-07-12 11:00:00+00:00,31.45,68.48825,0.0,37.45,0.122
2024-07-12 12:00:00+00:00,31.4,70.548485,0.0,37.7,0.122
2024-07-12 13:00:00+00:00,30.95,71.52434,0.0,37.5,0.124
2024-07-12 14:00:00+00:00,30.3,74.89901,0.0,36.75,0.124
2024-07-12 15:00:00+00:00,29.9,72.19842,0.0,35.8,0.123
2024-07-12 16:00:00+00:00,29.4,73.64301,0.0,34.6,0.123
2024-07-12 17:00:00+00:00,28.95,79.524345,0.0,33.3,0.123
2024-07-12 18:00:00+00:00,28.8,79.030975,0.0,32.25,0.123
2024-07-12 19:00:00+00:00,28.7,80.20536,0.0,31.45,0.123
2024-07-12 20:00:00+00:00,28.35,85.08023,0.0,30.8,0.123
2024-07-12 21:00:00+00:00,28.25,86.34159,0.0,30.35,0.123
2024-07-12 22:00:00+00:00,28.2,86.85028,0.0,29.95,0.123
2024-07-12 23:00:00+00:00,28.2,85.82613,0.0,29.65,0.123
2024-07-13 00:00:00+00:00,28.15,84.80738,0.0,29.4,0.123
2024-07-13 01:00:00+00:00,28.3,81.35943,0.0,29.85,0.12
2024-07-13 02:00:00+00:00,28.3,81.846504,0.0,29.5,0.12
2024-07-13 03:00:00+00:00,28.6,79.95321,0.0,29.25,0.12
2024-07-13 04:00:00+00:00,29.4,76.107765,0.0,29.55,0.121
2024-07-13 05:00:00+00:00,29.9,76.41149,0.0,30.4,0.121
2024-07-13 06:00:00+00:00,30.5,74.26612,0.1,31.7,0.121
2024-07-13 07:00:00+00:00,31.15,72.41489,0.0,33.35,0.121
2024-07-13 08:00:00+00:00,31.3,71.16219,0.0,34.85,0.12
2024-07-13 09:00:00+00:00,31.2,70.0935,0.0,35.95,0.12
2024-07-13 10:00:00+00:00,30.95,72.81178,0.0,36.65,0.12
2024-07-13 11:00:00+00:00,31.45,69.51616,0.0,37.25,0.119
2024-07-13 12:00:00+00:00,30.85,71.081726,0.0,37.35,0.119
2024-07-13 13:00:00+00:00,30.8,70.43939,0.0,37.35,0.122
2024-07-13 14:00:00+00:00,30.35,73.144264,0.0,36.75,0.122
2024-07-13 15:00:00+00:00,30.35,73.800964,0.0,35.8,0.122
2024-07-13 16:00:00+00:00,30.05,71.36456,0.0,34.7,0.122
2024-07-13 17:00:00+00:00,29.25,75.179405,0.0,33.5,0.122
2024-07-13 18:00:00+00:00,28.8,81.17968,0.0,32.45,0.122
2024-07-13 19:00:00+00:00,28.8,80.938446,0.0,31.65,0.121
2024-07-13 20:00:00+00:00,28.5,83.34557,0.0,31.05,0.121
2024-07-13 21:00:00+00:00,28.15,85.821266,0.0,30.55,0.121
2024-07-13 22:00:00+00:00,27.95,86.57015,0.0,30.15,0.121
2024-07-13 23:00:00+00:00,27.9,86.30866,0.0,29.8,0.121
2024-07-14 00:00:00+00:00,28.0,83.78747,0.0,29.55,0.121
2024-07-14 01:00:00+00:00,28.0,81.56564,0.0,30.3,0.123
2024-07-14 02:00:00+00:00,28.1,79.88673,0.0,29.9,0.123
2024-07-14 03:00:00+00:00,28.35,77.560524,0.0,29.7,0.123
2024-07-14 04:00:00+00:00,28.75,74.42524,0.0,29.8,0.123
2024-07-14 05:00:00+00:00,29.25,71.86818,0.1,30.35,0.123
2024-07-14 06:00:00+00:00,29.55,71.70517,0.2,31.0,0.125
2024-07-14 07:00:00+00:00,29.9,70.48621,0.6,31.6,0.13
2024-07-14 08:00:00+00:00,30.15,70.32058,0.5,32.25,0.134
2024-07-14 09:00:00+00:00,30.45,68.50176,0.1,33.1,0.135
2024-07-14 10:00:00+00:00,31.0,64.999016,0.0,34.25,0.134
2024-07-14 11:00:00+00:00,30.85,64.577225,0.0,35.2,0.134
2024-07-14 12:00:00+00:00,30.75,65.933395,0.0,35.8,0.133
2024-07-14 13:00:00+00:00,30.3,66.440994,0.0,35.7,0.129
2024-07-14 14:00:00+00:00,29.9,67.98457,0.0,35.35,0.128
2024-07-14 15:00:00+00:00,29.4,70.820404,0.0,34.6,0.128
2024-07-14 16:00:00+00:00,29.0,70.961876,0.0,33.6,0.128
2024-07-14 17:00:00+00:00,28.7,71.988335,0.0,32.45,0.128
2024-07-14 18:00:00+00:00,28.65,73.96193,0.0,31.55,0.128
2024-07-14 19:00:00+00:00,28.65,75.08378,0.0,30.9,0.128
2024-07-14 20:00:00+00:00,28.6,74.85018,0.0,30.4,0.127
2024-07-14 21:00:00+00:00,28.5,73.71429,0.0,30.05,0.127
2024-07-14 22:00:00+00:00,28.35,73.68918,0.0,29.7,0.127
2024-07-14 23:00:00+00:00,28.2,77.53856,0.0,29.4,0.127
2024-07-15 00:00:00+00:00,28.2,79.1851,0.0,29.2,0.127
2024-07-15 01:00:00+00:00,28.3,78.48988,0.0,29.3,0.128
2024-07-15 02:00:00+00:00,28.35,78.73253,0.0,29.15,0.128
2024-07-15 03:00:00+00:00,28.4,79.21254,0.0,29.05,0.128
2024-07-15 04:00:00+00:00,29.1,74.93055,0.0,29.4,0.128
2024-07-15 05:00:00+00:00,29.65,72.371666,0.0,30.2,0.128
2024-07-15 06:00:00+00:00,30.2,70.329735,0.1,31.25,0.129
2024-07-15 07:00:00+00:00,30.9,67.56807,0.0,32.75,0.129
2024-07-15 08:00:00+00:00,31.35,66.25336,0.0,34.3,0.128
2024-07-15 09:00:00+00:00,31.2,69.26261,0.0,35.75,0.128
2024-07-15 10:00:00+00:00,31.5,67.483444,0.0,36.65,0.127
2024-07-15 11:00:00+00:00,31.45,67.2723,0.0,37.3,0.126
2024-07-15 12:00:00+00:00,31.45,69.10339,0.0,37.7,0.126
2024-07-15 13:00:00+00:00,32.15,65.43122,0.0,37.8,0.123
2024-07-15 14:00:00+00:00,31.35,69.497536,0.0,37.25,0.123
2024-07-15 15:00:00+00:00,30.65,75.17744,0.0,36.35,0.123
2024-07-15 16:00:00+00:00,30.1,77.8147,0.0,35.15,0.123
2024-07-15 17:00:00+00:00,29.65,79.85485,0.0,33.85,0.123
2024-07-15 18:00:00+00:00,29.35,84.182976,0.0,32.75,0.123
2024-07-15 19:00:00+00:00,29.1,87.9604,0.0,31.95,0.123
2024-07-15 20:00:00+00:00,28.85,89.242714,0.0,31.3,0.123
2024-07-15 21:00:00+00:00,28.85,87.680954,0.0,30.8,0.122
2024-07-15 22:00:00+00:00,28.7,87.92705,0.0,30.45,0.122
2024-07-15 23:00:00+00:00,28.55,88.69592,0.0,30.15,0.122
2024-07-16 00:00:00+00:00,28.5,88.69197,0.0,29.9,0.122
2024-07-16 01:00:00+00:00,28.2,88.40659,0.0,29.85,0.122
2024-07-16 02:00:00+00:00,28.2,87.88513,0.0,29.6,0.122
2024-07-16 03:00:00+00:00,28.25,87.11245,0.0,29.45,0.122
2024-07-16 04:00:00+00:00,28.95,80.47725,0.0,29.7,0.123
2024-07-16 05:00:00+00:00,29.55,76.35825,0.0,30.5,0.123
2024-07-16 06:00:00+00:00,30.1,73.32057,0.0,31.75,0.123
2024-07-16 07:00:00+00:00,30.6,70.61367,0.0,33.25,0.122
2024-07-16 08:00:00+00:00,31.0,68.60698,0.0,34.7,0.122
2024-07-16 09:00:00+00:00,31.25,68.65467,0.0,36.0,0.121
2024-07-16 10:00:00+00:00,31.5,68.293884,0.0,37.0,0.121
2024-07-16 11:00:00+00:00,31.35,69.497536,0.0,37.65,0.12
2024-07-16 12:00:00+00:00,31.35,66.25336,0.0,38.0,0.12
2024-07-16 13:00:00+00:00,31.5,68.90728,0.0,37.65,0.134
2024-07-16 14:00:00+00:00,30.9,72.37178,0.0,37.1,0.133
2024-07-16 15:00:00+00:00,30.2,74.882996,0.0,36.1,0.133
2024-07-16 16:00:00+00:00,29.35,80.768135,0.0,34.8,0.132
2024-07-16 17:00:00+00:00,28.7,85.36809,0.0,33.4,0.132
2024-07-16 18:00:00+00:00,28.6,85.86493,0.0,32.3,0.132
2024-07-16 19:00:00+00:00,28.5,85.85524,0.0,31.5,0.132
2024-07-16 20:00:00+00:00,28.35,86.60708,0.0,30.9,0.132
2024-07-16 21:00:00+00:00,28.2,88.14551,0.0,30.45,0.132
2024-07-16 22:00:00+00:00,28.05,88.65649,0.0,30.05,0.132
2024-07-16 23:00:00+00:00,27.95,88.64856,0.0,29.75,0.132
2024-07-17 00:00:00+00:00,27.85,89.16734,0.0,29.45,0.132
2024-07-17 01:00:00+00:00,28.05,84.04302,0.0,30.2,0.13
2024-07-17 02:00:00+00:00,27.85,85.029205,0.0,29.8,0.13
2024-07-17 03:00:00+00:00,27.9,83.77647,0.0,29.45,0.13
2024-07-17 04:00:00+00:00,28.6,78.29748,0.0,29.65,0.13
2024-07-17 05:00:00+00:00,29.25,75.179405,0.0,30.4,0.13
2024-07-17 06:00:00+00:00,29.85,71.54323,0.0,31.6,0.129
2024-07-17 07:00:00+00:00,30.45,67.68308,0.0,33.0,0.129
2024-07-17 08:00:00+00:00,30.55,70.39377,0.2,34.1,0.13
2024-07-17 09:00:00+00:00,30.55,71.45348,0.3,34.7,0.133
2024-07-17 10:00:00+00:00,30.85,69.40409,0.1,35.35,0.133
2024-07-17 11:00:00+00:00,31.1,67.8099,0.0,35.9,0.132
2024-07-17 12:00:00+00:00,31.2,68.44039,0.0,36.35,0.132
2024-07-17 13:00:00+00:00,31.15,71.77265,0.1,36.65,0.138
2024-07-17 14:00:00+00:00,30.6,72.96899,0.0,36.15,0.138
2024-07-17 15:00:00+00:00,30.15,74.652405,0.0,35.3,0.137
2024-07-17 16:00:00+00:00,29.7,76.38108,0.0,34.25,0.137
2024-07-17 17:00:00+00:00,28.95,80.71701,0.0,33.05,0.137
2024-07-17 18:00:00+00:00,28.8,82.64036,0.0,32.1,0.137
2024-07-17 19:00:00+00:00,28.7,83.61579,0.0,31.35,0.137
2024-07-17 20:00:00+00:00,28.55,84.597534,0.0,30.8,0.137
2024-07-17 21:00:00+00:00,28.45,84.838394,0.0,30.35,0.137
2024-07-17 22:00:00+00:00,28.3,85.32808,0.0,30.0,0.137
2024-07-17 23:00:00+00:00,28.15,85.821266,0.0,29.75,0.137
2024-07-18 00:00:00+00:00,28.0,86.57475,0.0,29.5,0.137
2024-07-18 01:00:00+00:00,27.75,88.37019,0.0,30.15,0.135
2024-07-18 02:00:00+00:00,27.75,89.15977,0.0,29.75,0.135
2024-07-18 03:00:00+00:00,27.85,88.903656,0.0,29.5,0.135
2024-07-18 04:00:00+00:00,28.45,84.086266,0.1,29.7,0.135
2024-07-18 05:00:00+00:00,29.1,80.49663,0.1,30.35,0.136
2024-07-18 06:00:00+00:00,29.85,75.49922,0.0,31.4,0.136
2024-07-18 07:00:00+00:00,30.55,70.815994,0.0,32.75,0.135
2024-07-18 08:00:00+00:00,31.0,68.812485,0.0,34.2,0.134
2024-07-18 09:00:00+00:00,31.45,66.67146,0.0,35.45,0.134
2024-07-18 10:00:00+00:00,31.6,67.3018,0.0,36.4,0.133
2024-07-18 11:00:00+00:00,31.6,68.31305,0.0,37.05,0.132
2024-07-18 12:00:00+00:00,31.55,69.12222,0.0,37.35,0.131
2024-07-18 13:00:00+00:00,31.25,69.47887,0.0,37.4,0.127
2024-07-18 14:00:00+00:00,30.7,71.69352,0.0,36.9,0.127
2024-07-18 15:00:00+00:00,30.25,73.34581,0.0,35.95,0.126
2024-07-18 16:00:00+00:00,29.75,76.16152,0.0,34.8,0.126
2024-07-18 17:00:00+00:00,29.2,79.558044,0.0,33.5,0.126
2024-07-18 18:00:00+00:00,29.25,77.923775,0.0,32.5,0.126
2024-07-18 19:00:00+00:00,29.15,79.07913,0.0,31.75,0.126
2024-07-18 20:00:00+00:00,29.05,79.53785,0.0,31.2,0.126
2024-07-18 21:00:00+00:00,28.8,81.66405,0.0,30.7,0.126
2024-07-18 22:00:00+00:00,28.65,83.61028,0.0,30.35,0.126
2024-07-18 23:00:00+00:00,28.45,85.09042,0.0,30.0,0.126
2024-07-19 00:00:00+00:00,28.55,82.61116,0.0,29.75,0.126
2024-07-19 01:00:00+00:00,28.6,83.604706,0.0,30.5,0.13
2024-07-19 02:00:00+00:00,28.45,83.092476,0.0,30.1,0.13
2024-07-19 03:00:00+00:00,27.9,87.08125,0.0,29.7,0.13
2024-07-19 04:00:00+00:00,28.95,80.2381,0.0,29.95,0.129
2024-07-19 05:00:00+00:00,29.7,76.38108,0.0,31.0,0.129
2024-07-19 06:00:00+00:00,30.55,71.6671,0.0,32.5,0.129
2024-07-19 07:00:00+00:00,31.3,69.28142,0.0,34.15,0.128
2024-07-19 08:00:00+00:00,31.85,70.004715,0.0,35.7,0.128
2024-07-19 09:00:00+00:00,32.0,69.412285,0.0,36.9,0.127
2024-07-19 10:00:00+00:00,31.7,67.32144,0.0,37.65,0.126
2024-07-19 11:00:00+00:00,32.35,66.059715,0.0,38.15,0.126
2024-07-19 12:00:00+00:00,32.45,63.37774,0.0,38.3,0.125
2024-07-19 13:00:00+00:00,31.55,71.41819,0.0,38.05,0.125
2024-07-19 14:00:00+00:00,31.25,71.79016,0.0,37.45,0.124
2024-07-19 15:00:00+00:00,30.85,75.20904,0.0,36.5,0.124
2024-07-19 16:00:00+00:00,30.45,76.72173,0.0,35.35,0.124
2024-07-19 17:00:00+00:00,29.9,80.36181,0.0,34.1,0.124
2024-07-19 18:00:00+00:00,29.6,83.71501,0.0,33.0,0.124
2024-07-19 19:00:00+00:00,29.4,86.958496,0.0,32.2,0.124
2024-07-19 20:00:00+00:00,29.1,90.0501,0.0,31.6,0.124
2024-07-19 21:00:00+00:00,28.95,90.835205,0.0,31.1,0.124
2024-07-19 22:00:00+00:00,28.8,91.35988,0.0,30.7,0.124
2024-07-19 23:00:00+00:00,28.65,92.42867,0.0,30.35,0.124
2024-07-20 00:00:00+00:00,28.6,91.34766,0.0,30.05,0.124
2024-07-20 01:00:00+00:00,28.8,88.97694,0.1,31.0,0.124
2024-07-20 02:00:00+00:00,28.7,90.02222,0.0,30.5,0.124
2024-07-20 03:00:00+00:00,28.55,92.15259,0.0,30.1,0.124
2024-07-20 04:00:00+00:00,29.4,83.94038,0.0,30.3,0.124
2024-07-20 05:00:00+00:00,30.05,79.43688,0.0,31.2,0.124
2024-07-20 06:00:00+00:00,30.95,72.59581,0.0,32.75,0.124
2024-07-20 07:00:00+00:00,31.9,66.562225,0.0,34.5,0.123
2024-07-20 08:00:00+00:00,32.5,68.08072,0.0,36.2,0.123
2024-07-20 09:00:00+00:00,32.3,71.33985,0.0,37.45,0.122
2024-07-20 10:00:00+00:00,32.2,66.02942,0.0,38.25,0.122
2024-07-20 11:00:00+00:00,32.35,65.27725,0.0,38.75,0.121
2024-07-20 12:00:00+00:00,32.75,57.980957,0.0,38.9,0.121
2024-07-20 13:00:00+00:00,32.0,61.593143,0.0,38.45,0.12
2024-07-20 14:00:00+00:00,31.6,60.2169,0.0,37.8,0.12
2024-07-20 15:00:00+00:00,31.0,66.3819,0.0,36.85,0.12
2024-07-20 16:00:00+00:00,30.3,72.484055,0.0,35.55,0.119
2024-07-20 17:00:00+00:00,29.9,75.95812,0.0,34.2,0.119
2024-07-20 18:00:00+00:00,29.55,79.84159,0.0,33.15,0.119
2024-07-20 19:00:00+00:00,29.1,86.67596,0.0,32.3,0.119
2024-07-20 20:00:00+00:00,28.95,90.835205,0.0,31.65,0.119
2024-07-20 21:00:00+00:00,29.0,90.30757,0.0,31.15,0.119
2024-07-20 22:00:00+00:00,28.9,90.832016,0.0,30.8,0.119
2024-07-20 23:00:00+00:00,28.75,88.71162,0.0,30.5,0.119
2024-07-21 00:00:00+00:00,28.6,88.1784,0.0,30.25,0.119
2024-07-21 01:00:00+00:00,28.7,85.87462,0.0,30.85,0.119
2024-07-21 02:00:00+00:00,28.6,87.14355,0.0,30.45,0.119
2024-07-21 03:00:00+00:00,28.55,87.13914,0.0,30.1,0.119
2024-07-21 04:00:00+00:00,29.3,81.2422,0.0,30.3,0.119
2024-07-21 05:00:00+00:00,30.0,77.34004,0.0,31.25,0.119
2024-07-21 06:00:00+00:00,30.7,73.20333,0.0,32.65,0.119
2024-07-21 07:00:00+00:00,31.3,69.28142,0.0,34.2,0.118
2024-07-21 08:00:00+00:00,31.5,69.31888,0.0,35.65,0.118
2024-07-21 09:00:00+00:00,31.55,69.12222,0.0,36.9,0.118
2024-07-21 10:00:00+00:00,32.15,65.2362,0.0,38.0,0.117
2024-07-21 11:00:00+00:00,32.4,60.034668,0.0,38.7,0.117
2024-07-21 12:00:00+00:00,32.25,60.91117,0.0,38.95,0.117
2024-07-21 13:00:00+00:00,31.1,72.19157,0.0,38.45,0.131
2024-07-21 14:00:00+00:00,30.7,74.962814,0.0,37.7,0.13
2024-07-21 15:00:00+00:00,30.2,76.00436,0.0,36.6,0.13
2024-07-21 16:00:00+00:00,29.75,77.30331,0.0,35.25,0.13
2024-07-21 17:00:00+00:00,29.2,81.22969,0.0,33.85,0.13
2024-07-21 18:00:00+00:00,29.05,82.914795,0.0,32.75,0.13
2024-07-21 19:00:00+00:00,29.0,84.64455,0.0,31.95,0.129
2024-07-21 20:00:00+00:00,28.85,86.90906,0.0,31.4,0.129
2024-07-21 21:00:00+00:00,28.85,86.90906,0.0,30.9,0.129
2024-07-21 22:00:00+00:00,28.8,87.16129,0.0,30.6,0.129
2024-07-21 23:00:00+00:00,28.75,87.15681,0.0,30.3,0.129
2024-07-22 00:00:00+00:00,28.7,86.89551,0.0,30.1,0.129
2024-07-22 01:00:00+00:00,28.35,89.20512,0.0,30.45,0.13
2024-07-22 02:00:00+00:00,28.4,88.68411,0.0,30.15,0.13
2024-07-22 03:00:00+00:00,28.55,87.13914,0.0,29.95,0.13
2024-07-22 04:00:00+00:00,29.15,82.19271,0.0,30.15,0.13
2024-07-22 05:00:00+00:00,29.75,78.6932,0.0,30.95,0.13
2024-07-22 06:00:00+00:00,30.3,75.79443,0.0,32.25,0.13
2024-07-22 07:00:00+00:00,30.8,72.354515,0.0,33.75,0.129
2024-07-22 08:00:00+00:00,31.15,69.66771,0.0,35.2,0.129
2024-07-22 09:00:00+00:00,31.25,69.68625,0.0,36.45,0.128
2024-07-22 10:00:00+00:00,32.0,65.59619,0.0,37.5,0.127
2024-07-22 11:00:00+00:00,32.2,64.858025,0.0,38.15,0.127
2024-07-22 12:00:00+00:00,31.9,68.167534,0.0,38.45,0.126
2024-07-22 13:00:00+00:00,31.15,69.87574,0.0,38.15,0.13
2024-07-22 14:00:00+00:00,30.9,71.09068,0.0,37.45,0.13
2024-07-22 15:00:00+00:00,30.55,72.52711,0.0,36.5,0.129
2024-07-22 16:00:00+00:00,29.85,76.40389,0.0,35.2,0.129
2024-07-22 17:00:00+00:00,29.35,82.70434,0.0,33.9,0.129
2024-07-22 18:00:00+00:00,29.4,82.22246,0.0,32.85,0.129
2024-07-22 19:00:00+00:00,29.35,83.19468,0.0,32.1,0.129
2024-07-22 20:00:00+00:00,29.2,84.66539,0.0,31.55,0.129
2024-07-22 21:00:00+00:00,29.1,86.166794,0.0,31.1,0.129
2024-07-22 22:00:00+00:00,29.0,86.66681,0.0,30.75,0.129
2024-07-22 23:00:00+00:00,29.0,86.15735,0.0,30.5,0.129
2024-07-23 00:00:00+00:00,28.95,86.15257,0.0,30.3,0.129
2024-07-23 01:00:00+00:00,29.0,85.398,0.0,31.05,0.124
2024-07-23 02:00:00+00:00,29.1,84.905304,0.0,30.8,0.124
2024-07-23 03:00:00+00:00,29.15,83.66556,0.0,30.55,0.124
2024-07-23 04:00:00+00:00,29.5,81.026855,0.0,30.65,0.124
2024-07-23 05:00:00+00:00,30.0,78.26293,0.0,31.15,0.124
2024-07-23 06:00:00+00:00,30.75,73.429634,0.0,32.35,0.124
2024-07-23 07:00:00+00:00,31.65,67.91668,0.0,34.0,0.123
2024-07-23 08:00:00+00:00,32.05,67.59088,0.0,35.65,0.123
2024-07-23 09:00:00+00:00,32.1,69.43092,0.0,36.95,0.122
2024-07-23 10:00:00+00:00,32.0,70.03224,0.0,37.85,0.122
2024-07-23 11:00:00+00:00,32.05,68.39927,0.0,38.4,0.121
2024-07-23 12:00:00+00:00,32.35,65.08291,0.0,38.7,0.121
2024-07-23 13:00:00+00:00,31.75,66.73123,0.0,38.45,0.12
2024-07-23 14:00:00+00:00,31.35,67.454056,0.0,37.7,0.12
2024-07-23 15:00:00+00:00,30.75,71.48893,0.0,36.65,0.12
2024-07-23 16:00:00+00:00,30.0,75.973526,0.0,35.4,0.12
2024-07-23 17:00:00+00:00,29.8,81.304436,0.0,34.15,0.119
2024-07-23 18:00:00+00:00,29.7,83.234146,0.0,33.15,0.119
2024-07-23 19:00:00+00:00,29.7,82.989204,0.0,32.45,0.119
2024-07-23 20:00:00+00:00,29.55,83.709564,0.0,31.9,0.119
2024-07-23 21:00:00+00:00,29.45,84.94117,0.0,31.45,0.119
2024-07-23 22:00:00+00:00,29.35,84.93094,0.0,31.15,0.119
2024-07-23 23:00:00+00:00,29.1,85.913216,0.0,30.85,0.119
2024-07-24 00:00:00+00:00,29.0,85.650475,0.0,30.6,0.119
2024-07-24 01:00:00+00:00,28.6,86.11932,0.0,30.95,0.122
2024-07-24 02:00:00+00:00,28.6,85.35809,0.0,30.55,0.122
2024-07-24 03:00:00+00:00,28.55,85.35312,0.0,30.25,0.122
2024-07-24 04:00:00+00:00,29.0,80.24464,0.0,30.3,0.122
2024-07-24 05:00:00+00:00,29.7,75.9272,0.0,30.85,0.122
2024-07-24 06:00:00+00:00,30.25,72.90948,0.0,31.8,0.122
2024-07-24 07:00:00+00:00,30.95,69.21565,0.0,33.25,0.121
2024-07-24 08:00:00+00:00,31.25,67.232925,0.0,34.55,0.121
2024-07-24 09:00:00+00:00,31.5,66.68142,0.0,35.7,0.121
2024-07-24 10:00:00+00:00,31.8,65.35958,0.0,36.7,0.121
2024-07-24 11:00:00+00:00,31.9,64.60218,0.0,37.4,0.12
2024-07-24 12:00:00+00:00,31.9,64.409004,0.0,37.9,0.12
2024-07-24 13:00:00+00:00,32.35,67.44877,0.0,38.35,0.117
2024-07-24 14:00:00+00:00,31.7,70.39371,0.0,37.9,0.117
2024-07-24 15:00:00+00:00,31.3,72.012314,0.0,37.05,0.117
2024-07-24 16:00:00+00:00,30.55,76.50998,0.0,35.9,0.117
2024-07-24 17:00:00+00:00,29.9,81.07714,0.0,34.55,0.117
2024-07-24 18:00:00+00:00,29.8,83.24543,0.0,33.45,0.117
2024-07-24 19:00:00+00:00,29.7,84.71731,0.0,32.7,0.117
2024-07-24 20:00:00+00:00,29.5,86.45826,0.0,32.05,0.117
2024-07-24 21:00:00+00:00,29.35,87.46627,0.0,31.55,0.117
2024-07-24 22:00:00+00:00,29.25,87.20099,0.0,31.15,0.117
2024-07-24 23:00:00+00:00,29.1,87.70221,0.0,30.8,0.117
2024-07-25 00:00:00+00:00,28.95,88.46684,0.0,30.55,0.117
2024-07-25 01:00:00+00:00,28.7,91.08609,0.0,30.75,0.113
2024-07-25 02:00:00+00:00,28.7,89.231476,0.0,30.05,0.113
2024-07-25 03:00:00+00:00,28.3,89.72929,0.1,29.6,0.114
2024-07-25 04:00:00+00:00,29.05,84.15088,0.1,29.5,0.115
2024-07-25 05:00:00+00:00,29.95,76.41909,0.0,29.95,0.115
2024-07-25 06:00:00+00:00,30.35,74.24165,0.2,31.05,0.118
2024-07-25 07:00:00+00:00,30.6,72.96899,0.7,32.1,0.123
2024-07-25 08:00:00+00:00,31.1,70.28427,0.7,33.1,0.129
2024-07-25 09:00:00+00:00,31.7,66.72128,0.3,34.3,0.131
2024-07-25 10:00:00+00:00,31.55,68.71179,0.2,35.25,0.132
2024-07-25 11:00:00+00:00,31.55,69.53479,0.3,36.05,0.134
2024-07-25 12:00:00+00:00,31.4,69.300156,0.3,36.2,0.136
2024-07-25 13:00:00+00:00,32.1,69.0205,0.0,37.35,0.123
2024-07-25 14:00:00+00:00,31.15,73.27901,0.2,36.75,0.124
2024-07-25 15:00:00+00:00,30.85,71.506645,0.0,35.85,0.124
2024-07-25 16:00:00+00:00,30.2,74.43849,0.0,34.75,0.124
2024-07-25 17:00:00+00:00,29.7,78.92006,0.0,33.6,0.124
2024-07-25 18:00:00+00:00,29.9,78.248795,0.0,32.7,0.124
2024-07-25 19:00:00+00:00,29.8,79.63861,0.0,32.0,0.124
2024-07-25 20:00:00+00:00,29.45,82.47185,0.0,31.45,0.124
2024-07-25 21:00:00+00:00,29.15,81.22348,0.0,31.0,0.124
2024-07-25 22:00:00+00:00,29.05,77.89497,0.0,30.65,0.124
2024-07-25 23:00:00+00:00,28.7,78.78138,0.0,30.25,0.124
2024-07-26 00:00:00+00:00,28.6,78.76743,0.0,29.95,0.124
2024-07-26 01:00:00+00:00,28.25,73.00677,0.0,30.4,0.128
2024-07-26 02:00:00+00:00,28.1,76.135765,0.0,29.9,0.128
2024-07-26 03:00:00+00:00,28.1,79.88673,0.0,29.55,0.128
2024-07-26 04:00:00+00:00,28.95,74.011604,0.0,29.7,0.128
2024-07-26 05:00:00+00:00,29.7,68.979294,0.0,30.35,0.128
2024-07-26 06:00:00+00:00,30.25,64.64707,0.0,31.35,0.128
2024-07-26 07:00:00+00:00,30.7,61.678883,0.0,32.5,0.128
2024-07-26 08:00:00+00:00,31.05,60.27525,0.0,33.7,0.128
2024-07-26 09:00:00+00:00,31.3,60.698696,0.1,34.75,0.128
2024-07-26 10:00:00+00:00,31.6,60.949932,0.0,35.8,0.127
2024-07-26 11:00:00+00:00,31.75,60.25079,0.1,36.55,0.127
2024-07-26 12:00:00+00:00,31.35,61.82225,0.0,36.85,0.127
2024-07-26 13:00:00+00:00,31.1,67.20332,0.1,36.7,0.129
2024-07-26 14:00:00+00:00,30.9,67.16386,0.0,36.1,0.129
2024-07-26 15:00:00+00:00,30.55,69.14032,0.0,35.3,0.128
2024-07-26 16:00:00+00:00,30.0,70.29307,0.0,34.3,0.128
2024-07-26 17:00:00+00:00,29.5,73.659676,0.0,33.2,0.128
2024-07-26 18:00:00+00:00,29.45,73.43084,0.0,32.3,0.128
2024-07-26 19:00:00+00:00,29.45,72.772766,0.0,31.65,0.128
2024-07-26 20:00:00+00:00,29.4,72.328255,0.0,31.15,0.128
2024-07-26 21:00:00+00:00,29.4,71.24839,0.0,30.75,0.128
2024-07-26 22:00:00+00:00,29.3,71.23045,0.0,30.45,0.128
2024-07-26 23:00:00+00:00,28.9,74.6738,0.0,30.1,0.128
2024-07-27 00:00:00+00:00,27.85,82.28257,0.0,29.75,0.128
2024-07-27 01:00:00+00:00,27.7,82.0187,0.0,30.4,0.126
2024-07-27 02:00:00+00:00,27.25,85.47745,0.0,29.85,0.126
2024-07-27 03:00:00+00:00,26.95,88.04194,0.0,29.35,0.126
2024-07-27 04:00:00+00:00,27.95,82.54081,0.0,29.5,0.127
2024-07-27 05:00:00+00:00,29.0,76.5029,0.0,30.2,0.127
2024-07-27 06:00:00+00:00,29.9,71.76698,0.0,31.45,0.126
2024-07-27 07:00:00+00:00,30.35,69.1025,0.2,32.85,0.128
2024-07-27 08:00:00+00:00,30.8,67.75146,0.2,34.15,0.129
2024-07-27 09:00:00+00:00,30.6,71.67588,0.0,35.2,0.129
2024-07-27 10:00:00+00:00,31.05,67.39517,0.1,36.35,0.129
2024-07-27 11:00:00+00:00,31.8,60.444485,0.0,37.15,0.128
2024-07-27 12:00:00+00:00,32.2,60.534336,0.0,37.7,0.128
2024-07-27 13:00:00+00:00,31.85,57.94613,0.0,37.9,0.128
2024-07-27 14:00:00+00:00,31.5,58.04051,0.0,37.45,0.128
2024-07-27 15:00:00+00:00,31.2,56.397873,0.0,36.55,0.128
2024-07-27 16:00:00+00:00,30.2,65.02943,0.0,35.25,0.127
2024-07-27 17:00:00+00:00,29.65,68.96983,0.0,33.85,0.127
2024-07-27 18:00:00+00:00,29.05,75.59952,0.0,32.7,0.127
2024-07-27 19:00:00+00:00,28.7,80.20536,0.0,31.75,0.127
2024-07-27 20:00:00+00:00,28.1,83.54914,0.0,30.95,0.127
2024-07-27 21:00:00+00:00,29.2,74.72228,0.0,30.2,0.127
2024-07-27 22:00:00+00:00,27.0,86.481766,0.0,29.55,0.127
2024-07-27 23:00:00+00:00,28.5,80.900314,0.0,28.95,0.127
2024-07-28 00:00:00+00:00,27.75,88.37019,0.0,28.4,0.127
2024-07-28 01:00:00+00:00,26.45,90.40176,0.0,29.4,0.122
2024-07-28 02:00:00+00:00,26.55,89.3349,0.0,28.85,0.122
2024-07-28 03:00:00+00:00,26.65,84.143105,0.0,28.4,0.122
2024-07-28 04:00:00+00:00,27.45,76.265724,0.0,28.6,0.122
2024-07-28 05:00:00+00:00,29.5,49.722855,0.0,29.55,0.122
2024-07-28 06:00:00+00:00,31.5,37.11069,0.0,31.15,0.121
2024-07-28 07:00:00+00:00,33.25,32.44827,0.0,33.15,0.121
2024-07-28 08:00:00+00:00,34.65,30.59473,0.0,35.35,0.12
2024-07-28 09:00:00+00:00,35.6,29.688116,0.0,37.35,0.12
2024-07-28 10:00:00+00:00,35.15,43.01419,0.0,38.8,0.119
2024-07-28 11:00:00+00:00,34.55,49.947968,0.0,39.5,0.118
2024-07-28 12:00:00+00:00,34.25,48.374187,0.0,39.65,0.118
2024-07-28 13:00:00+00:00,33.3,55.20641,0.0,39.4,0.114
2024-07-28 14:00:00+00:00,32.15,58.01629,0.0,38.55,0.113
2024-07-28 15:00:00+00:00,32.0,54.72315,0.0,37.5,0.113
2024-07-28 16:00:00+00:00,31.4,57.31409,0.0,36.2,0.113
2024-07-28 17:00:00+00:00,30.65,66.912834,0.0,34.75,0.113
2024-07-28 18:00:00+00:00,30.2,70.329735,0.0,33.6,0.113
2024-07-28 19:00:00+00:00,29.7,72.81558,0.0,32.6,0.113
2024-07-28 20:00:00+00:00,28.85,79.98631,0.0,31.6,0.113
2024-07-28 21:00:00+00:00,29.15,78.6094,0.0,30.65,0.113
2024-07-28 22:00:00+00:00,28.85,51.14157,0.0,29.85,0.113
2024-07-28 23:00:00+00:00,29.95,38.137608,0.0,29.7,0.113
2024-07-29 00:00:00+00:00,29.5,39.138603,0.0,29.55,0.113
2024-07-29 01:00:00+00:00,27.45,57.258312,0.0,29.3,0.112
2024-07-29 02:00:00+00:00,26.5,59.60192,0.0,28.75,0.112
2024-07-29 03:00:00+00:00,26.65,57.97248,0.0,28.3,0.112
2024-07-29 04:00:00+00:00,27.9,54.21663,0.0,28.5,0.112
2024-07-29 05:00:00+00:00,29.5,42.286125,0.0,29.55,0.112
2024-07-29 06:00:00+00:00,31.35,35.203304,0.0,31.25,0.112
2024-07-29 07:00:00+00:00,33.15,31.592476,0.0,33.4,0.112
2024-07-29 08:00:00+00:00,34.75,28.427866,0.0,35.85,0.112
2024-07-29 09:00:00+00:00,35.4,28.60192,0.0,38.2,0.111
2024-07-29 10:00:00+00:00,32.65,45.921135,0.0,39.15,0.111
2024-07-29 11:00:00+00:00,32.25,45.1056,0.0,39.5,0.111
2024-07-29 12:00:00+00:00,32.55,49.13022,0.0,39.65,0.111
2024-07-29 13:00:00+00:00,31.75,47.721214,0.0,39.3,0.116
2024-07-29 14:00:00+00:00,31.75,47.572918,0.0,38.5,0.116
2024-07-29 15:00:00+00:00,31.25,50.8029,0.0,37.4,0.116
2024-07-29 16:00:00+00:00,30.65,53.06311,0.0,36.0,0.116
2024-07-29 17:00:00+00:00,29.9,60.013924,0.0,34.45,0.116
2024-07-29 18:00:00+00:00,29.6,63.341717,0.0,33.25,0.116
2024-07-29 19:00:00+00:00,29.5,61.78981,0.0,32.25,0.115
2024-07-29 20:00:00+00:00,29.45,61.025627,0.0,31.55,0.115
2024-07-29 21:00:00+00:00,29.1,66.805405,0.0,31.0,0.115
2024-07-29 22:00:00+00:00,28.85,73.109085,0.0,30.5,0.115
2024-07-29 23:00:00+00:00,28.85,75.11572,0.0,30.15,0.115
2024-07-30 00:00:00+00:00,28.75,78.31878,0.0,29.85,0.115
2024-07-30 01:00:00+00:00,28.9,78.1064,0.0,30.05,0.109
2024-07-30 02:00:00+00:00,28.8,79.26724,0.0,29.85,0.109
2024-07-30 03:00:00+00:00,28.7,80.20536,0.0,29.7,0.109
2024-07-30 04:00:00+00:00,29.5,75.669945,0.0,30.0,0.109
2024-07-30 05:00:00+00:00,30.25,71.40017,0.0,30.9,0.109
2024-07-30 06:00:00+00:00,30.85,67.96468,0.0,32.3,0.109
2024-07-30 07:00:00+00:00,31.35,65.46335,0.0,33.95,0.109
2024-07-30 08:00:00+00:00,31.9,62.881527,0.0,35.65,0.109
2024-07-30 09:00:00+00:00,31.85,64.39853,0.0,37.05,0.109
2024-07-30 10:00:00+00:00,32.0,63.853546,0.0,38.1,0.109
2024-07-30 11:00:00+00:00,31.85,66.95055,0.0,38.65,0.109
2024-07-30 12:00:00+00:00,31.7,69.35627,0.0,38.7,0.109
2024-07-30 13:00:00+00:00,31.45,70.767456,0.0,38.45,0.113
2024-07-30 14:00:00+00:00,31.25,67.63647,0.0,37.85,0.113
2024-07-30 15:00:00+00:00,30.65,70.83405,0.0,36.9,0.112
2024-07-30 16:00:00+00:00,30.1,73.10197,0.0,35.6,0.112
2024-07-30 17:00:00+00:00,29.85,69.42483,0.0,34.25,0.112
2024-07-30 18:00:00+00:00,29.45,77.25911,0.0,33.1,0.112
2024-07-30 19:00:00+00:00,29.2,81.47101,0.0,32.3,0.112
2024-07-30 20:00:00+00:00,29.1,83.16639,0.0,31.65,0.112
2024-07-30 21:00:00+00:00,29.1,82.675285,0.0,31.25,0.112
2024-07-30 22:00:00+00:00,29.0,82.174805,0.0,30.9,0.112
2024-07-30 23:00:00+00:00,28.95,81.68239,0.0,30.6,0.112
2024-07-31 00:00:00+00:00,29.0,81.44629,0.0,30.4,0.112
2024-07-31 01:00:00+00:00,28.75,81.65788,0.0,30.65,0.112
2024-07-31 02:00:00+00:00,28.5,83.34557,0.0,30.3,0.112
2024-07-31 03:00:00+00:00,27.6,89.41322,0.0,29.85,0.112
2024-07-31 04:00:00+00:00,29.25,80.03916,0.0,30.15,0.112
2024-07-31 05:00:00+00:00,30.15,74.875015,0.0,31.3,0.111
2024-07-31 06:00:00+00:00,31.2,63.492268,0.0,33.0,0.111
2024-07-31 07:00:00+00:00,32.5,52.71266,0.0,35.0,0.111
2024-07-31 08:00:00+00:00,33.6,45.60628,0.0,37.05,0.111
2024-07-31 09:00:00+00:00,33.2,57.737362,0.0,38.6,0.111
2024-07-31 10:00:00+00:00,32.3,62.967556,0.0,39.35,0.111
2024-07-31 11:00:00+00:00,32.6,60.62398,0.0,39.75,0.11
2024-07-31 12:00:00+00:00,32.6,59.004475,0.0,39.8,0.11
2024-07-31 13:00:00+00:00,31.8,63.620007,0.0,39.25,0.111
2024-07-31 14:00:00+00:00,31.15,66.61155,0.0,38.45,0.111
2024-07-31 15:00:00+00:00,31.05,67.19349,0.0,37.4,0.111
2024-07-31 16:00:00+00:00,30.25,72.043625,0.0,36.0,0.111
2024-07-31 17:00:00+00:00,29.75,74.36531,0.0,34.6,0.111
2024-07-31 18:00:00+00:00,29.5,76.35059,0.0,33.4,0.111
2024-07-31 19:00:00+00:00,29.2,77.2222,0.0,32.5,0.111
2024-07-31 20:00:00+00:00,28.85,81.18591,0.0,31.8,0.111
2024-07-31 21:00:00+00:00,28.75,83.62134,0.0,31.2,0.111
2024-07-31 22:00:00+00:00,28.7,84.11322,0.0,30.75,0.111
2024-07-31 23:00:00+00:00,28.35,86.35096,0.0,30.35,0.111
2024-08-01 00:00:00+00:00,27.9,90.76725,0.0,29.95,0.111
2024-08-01 01:00:00+00:00,27.85,87.85565,0.0,30.15,0.111
2024-08-01 02:00:00+00:00,28.1,87.0991,0.0,29.6,0.111
2024-08-01 03:00:00+00:00,26.5,95.94645,0.0,29.15,0.111
2024-08-01 04:00:00+00:00,27.95,89.17494,0.0,29.4,0.111
2024-08-01 05:00:00+00:00,29.3,77.93096,0.0,30.5,0.111
2024-08-01 06:00:00+00:00,30.3,72.05238,0.0,32.25,0.11
2024-08-01 07:00:00+00:00,31.4,65.277435,0.0,34.2,0.11
2024-08-01 08:00:00+00:00,32.05,65.02107,0.0,36.05,0.11
2024-08-01 09:00:00+00:00,32.05,65.02107,0.0,37.35,0.11
2024-08-01 10:00:00+00:00,32.0,61.407967,0.0,38.25,0.11
2024-08-01 11:00:00+00:00,32.2,61.08359,0.0,38.9,0.11
2024-08-01 12:00:00+00:00,32.1,61.06136,0.0,39.1,0.11
2024-08-01 13:00:00+00:00,31.55,67.292,0.0,38.8,0.11
2024-08-01 14:00:00+00:00,31.2,68.64515,0.0,38.1,0.11
2024-08-01 15:00:00+00:00,30.55,73.17806,0.0,37.05,0.11
2024-08-01 16:00:00+00:00,29.95,75.74009,0.0,35.7,0.11
2024-08-01 17:00:00+00:00,29.5,78.42486,0.0,34.3,0.11
2024-08-01 18:00:00+00:00,29.4,78.878624,0.0,33.2,0.11
2024-08-01 19:00:00+00:00,29.1,81.45865,0.0,32.3,0.11
2024-08-01 20:00:00+00:00,29.15,81.464836,0.0,31.65,0.11
2024-08-01 21:00:00+00:00,29.2,80.74896,0.0,31.15,0.11
2024-08-01 22:00:00+00:00,28.85,84.378815,0.0,30.75,0.11
2024-08-01 23:00:00+00:00,28.9,82.89755,0.0,30.45,0.11
2024-08-02 00:00:00+00:00,28.9,79.75497,0.0,30.2,0.11
2024-08-02 01:00:00+00:00,28.4,81.12944,0.0,30.75,0.11
2024-08-02 02:00:00+00:00,28.05,83.54361,0.0,30.25,0.11
2024-08-02 03:00:00+00:00,27.95,84.03216,0.0,29.85,0.11
2024-08-02 04:00:00+00:00,28.9,78.57434,0.0,30.05,0.11
2024-08-02 05:00:00+00:00,29.7,73.9138,0.0,31.0,0.109
2024-08-02 06:00:00+00:00,30.4,69.73671,0.0,32.5,0.109
2024-08-02 07:00:00+00:00,31.1,65.41206,0.0,34.3,0.109
2024-08-02 08:00:00+00:00,31.75,60.799526,0.0,36.05,0.109
2024-08-02 09:00:00+00:00,32.0,57.107777,0.0,37.5,0.109
2024-08-02 10:00:00+00:00,32.15,57.665695,0.0,38.55,0.109
2024-08-02 11:00:00+00:00,32.2,58.55723,0.0,39.15,0.109
2024-08-02 12:00:00+00:00,32.25,57.689156,0.0,39.3,0.109
2024-08-02 13:00:00+00:00,31.55,60.388176,0.0,39.05,0.109
2024-08-02 14:00:00+00:00,31.0,65.19502,0.0,38.2,0.109
2024-08-02 15:00:00+00:00,30.6,66.50129,0.0,37.1,0.109
2024-08-02 16:00:00+00:00,30.15,67.828476,0.0,35.75,0.109
2024-08-02 17:00:00+00:00,29.55,73.889,0.0,34.3,0.109
2024-08-02 18:00:00+00:00,29.4,77.71356,0.0,33.15,0.109
2024-08-02 19:00:00+00:00,29.55,77.04409,0.0,32.4,0.109
2024-08-02 20:00:00+00:00,29.55,75.22706,0.0,31.85,0.109
2024-08-02 21:00:00+00:00,29.5,71.69633,0.0,31.35,0.109
2024-08-02 22:00:00+00:00,29.3,70.802284,0.0,30.95,0.109
2024-08-02 23:00:00+00:00,29.1,71.40969,0.0,30.6,0.109
2024-08-03 00:00:00+00:00,29.0,70.53418,0.0,30.3,0.109
2024-08-03 01:00:00+00:00,29.0,72.69546,0.0,31.0,0.109
2024-08-03 02:00:00+00:00,28.9,74.44971,0.0,30.6,0.109
2024-08-03 03:00:00+00:00,28.85,74.8904,0.0,30.3,0.109
2024-08-03 04:00:00+00:00,29.7,70.66189,0.0,30.45,0.109
2024-08-03 05:00:00+00:00,30.2,68.24803,0.0,31.15,0.109
2024-08-03 06:00:00+00:00,31.2,61.230522,0.0,32.45,0.109
2024-08-03 07:00:00+00:00,31.75,61.53799,0.0,33.95,0.109
2024-08-03 08:00:00+00:00,31.25,69.89421,0.2,34.8,0.111
2024-08-03 09:00:00+00:00,32.0,66.78092,0.1,35.9,0.111
2024-08-03 10:00:00+00:00,32.25,66.434,0.0,37.0,0.111
2024-08-03 11:00:00+00:00,32.25,66.434,0.0,37.9,0.111
2024-08-03 12:00:00+00:00,32.05,67.99402,0.0,38.25,0.111
2024-08-03 13:00:00+00:00,31.15,68.84097,0.0,37.95,0.111
2024-08-03 14:00:00+00:00,30.6,66.30131,0.0,37.15,0.11
2024-08-03 15:00:00+00:00,29.95,69.02678,0.0,36.05,0.11
2024-08-03 16:00:00+00:00,29.55,68.53537,0.0,34.8,0.11
2024-08-03 17:00:00+00:00,29.25,69.31184,0.0,33.55,0.11
2024-08-03 18:00:00+00:00,29.2,69.51238,0.0,32.55,0.11
2024-08-03 19:00:00+00:00,29.0,71.176575,0.0,31.8,0.11
2024-08-03 20:00:00+00:00,29.0,70.32117,0.0,31.25,0.11
2024-08-03 21:00:00+00:00,28.85,70.93471,0.0,30.75,0.11
2024-08-03 22:00:00+00:00,28.75,70.48837,0.0,30.35,0.11
2024-08-03 23:00:00+00:00,27.9,74.9635,0.0,30.0,0.11
2024-08-04 00:00:00+00:00,28.3,73.236565,0.0,29.8,0.11
2024-08-04 01:00:00+00:00,28.4,75.95321,0.0,30.6,0.11
2024-08-04 02:00:00+00:00,28.0,79.395584,0.0,30.2,0.11
2024-08-04 03:00:00+00:00,28.05,79.8801,0.0,29.9,0.11
2024-08-04 04:00:00+00:00,28.8,75.787445,0.0,30.0,0.11
2024-08-04 05:00:00+00:00,29.55,72.13738,0.0,30.7,0.11
2024-08-04 06:00:00+00:00,30.35,67.86748,0.0,32.05,0.111
2024-08-04 07:00:00+00:00,31.25,63.69462,0.0,33.75,0.11
2024-08-04 08:00:00+00:00,31.6,63.006252,0.0,35.3,0.11
2024-08-04 09:00:00+00:00,31.0,68.19765,0.1,36.3,0.111
2024-08-04 10:00:00+00:00,31.55,63.566856,0.0,37.05,0.111
2024-08-04 11:00:00+00:00,31.6,62.25158,0.0,37.6,0.111
2024-08-04 12:00:00+00:00,31.45,63.163994,0.0,37.95,0.111
2024-08-04 13:00:00+00:00,30.9,62.855297,0.0,37.85,0.111
2024-08-04 14:00:00+00:00,30.6,62.22127,0.0,37.25,0.111
2024-08-04 15:00:00+00:00,29.85,67.15821,0.0,36.05,0.111
2024-08-04 16:00:00+00:00,29.35,72.10239,0.0,34.85,0.111
2024-08-04 17:00:00+00:00,29.15,75.16352,0.0,33.6,0.111
2024-08-04 18:00:00+00:00,29.1,75.60736,0.0,32.6,0.111
2024-08-04 19:00:00+00:00,29.1,75.155556,0.0,31.9,0.111
2024-08-04 20:00:00+00:00,29.05,75.14762,0.0,31.35,0.111
2024-08-04 21:00:00+00:00,28.95,75.81081,0.0,30.95,0.111
2024-08-04 22:00:00+00:00,28.65,77.83719,0.0,30.6,0.111
2024-08-04 23:00:00+00:00,28.5,78.51806,0.0,30.25,0.111
2024-08-05 00:00:00+00:00,28.2,79.66112,0.0,29.95,0.111
2024-08-05 01:00:00+00:00,28.0,78.447426,0.0,30.45,0.111
2024-08-05 02:00:00+00:00,28.2,76.61123,0.0,30.15,0.111
2024-08-05 03:00:00+00:00,28.4,74.81794,0.0,29.9,0.111
2024-08-05 04:00:00+00:00,28.9,71.80642,0.0,30.05,0.111
2024-08-05 05:00:00+00:00,29.45,69.14039,0.0,30.7,0.111
2024-08-05 06:00:00+00:00,29.9,67.77963,0.0,31.75,0.111
2024-08-05 07:00:00+00:00,30.55,65.69426,0.0,33.35,0.111
2024-08-05 08:00:00+00:00,31.3,63.513603,0.0,35.1,0.111
2024-08-05 09:00:00+00:00,31.65,64.3567,0.0,36.6,0.111
2024-08-05 10:00:00+00:00,32.0,63.662457,0.0,37.65,0.111
2024-08-05 11:00:00+00:00,31.95,64.612595,0.0,38.1,0.111
2024-08-05 12:00:00+00:00,31.75,65.93847,0.0,38.25,0.111
2024-08-05 13:00:00+00:00,31.15,65.61925,0.0,38.4,0.11
2024-08-05 14:00:00+00:00,30.8,68.77445,0.0,37.7,0.11
2024-08-05 15:00:00+00:00,30.1,73.32057,0.0,36.6,0.11
2024-08-05 16:00:00+00:00,29.5,77.03661,0.0,35.2,0.11
2024-08-05 17:00:00+00:00,29.1,79.07227,0.0,33.85,0.11
2024-08-05 18:00:00+00:00,29.1,76.06152,0.0,32.8,0.11
2024-08-05 19:00:00+00:00,29.35,68.49689,0.0,32.05,0.11
2024-08-05 20:00:00+00:00,29.55,64.10836,0.0,31.5,0.11
2024-08-05 21:00:00+00:00,29.4,68.71409,0.0,31.05,0.11
2024-08-05 22:00:00+00:00,29.15,72.50275,0.0,30.7,0.11
2024-08-05 23:00:00+00:00,29.2,69.092964,0.0,30.4,0.11
2024-08-06 00:00:00+00:00,29.0,66.98895,0.0,30.15,0.11
2024-08-06 01:00:00+00:00,28.95,70.31197,0.0,30.9,0.109
2024-08-06 02:00:00+00:00,28.75,72.652374,0.0,30.55,0.109
2024-08-06 03:00:00+00:00,28.75,73.312805,0.0,30.25,0.109
2024-08-06 04:00:00+00:00,29.45,68.30916,0.0,30.35,0.109
2024-08-06 05:00:00+00:00,30.1,65.20594,0.0,31.0,0.109
2024-08-06 06:00:00+00:00,31.0,61.37188,0.0,32.25,0.109
2024-08-06 07:00:00+00:00,31.3,63.513603,0.0,33.6,0.109
2024-08-06 08:00:00+00:00,31.45,67.0715,0.1,35.0,0.111
2024-08-06 09:00:00+00:00,31.85,65.95872,0.1,36.1,0.112
2024-08-06 10:00:00+00:00,31.85,66.75112,0.0,37.45,0.112
2024-08-06 11:00:00+00:00,31.7,65.7314,0.0,38.4,0.111
2024-08-06 12:00:00+00:00,31.75,66.930725,0.0,38.8,0.111
2024-08-06 13:00:00+00:00,31.15,67.21323,0.0,38.7,0.114
2024-08-06 14:00:00+00:00,30.35,69.1025,0.0,37.75,0.114
2024-08-06 15:00:00+00:00,29.75,68.16095,0.0,36.55,0.114
2024-08-06 16:00:00+00:00,29.25,71.43647,0.0,35.15,0.113
2024-08-06 17:00:00+00:00,28.95,72.90619,0.0,33.75,0.113
2024-08-06 18:00:00+00:00,28.95,70.95281,0.0,32.7,0.113
2024-08-06 19:00:00+00:00,28.75,71.5632,0.0,31.85,0.113
2024-08-06 20:00:00+00:00,28.45,75.50517,0.0,31.2,0.113
2024-08-06 21:00:00+00:00,28.2,78.94802,0.0,30.6,0.113
2024-08-06 22:00:00+00:00,28.0,79.873405,0.0,30.15,0.113
2024-08-06 23:00:00+00:00,28.05,79.4024,0.0,29.85,0.113
2024-08-07 00:00:00+00:00,27.95,80.10667,0.0,29.55,0.113
2024-08-07 01:00:00+00:00,27.6,83.24391,0.0,30.3,0.113
2024-08-07 02:00:00+00:00,27.55,83.9887,0.0,29.9,0.114
2024-08-07 03:00:00+00:00,27.35,85.232315,0.2,29.5,0.115
2024-08-07 04:00:00+00:00,27.85,81.79165,0.2,29.3,0.118
2024-08-07 05:00:00+00:00,28.35,78.2619,0.1,29.5,0.118
2024-08-07 06:00:00+00:00,29.1,73.814316,0.0,30.6,0.118
2024-08-07 07:00:00+00:00,29.75,69.19715,0.0,32.05,0.118
2024-08-07 08:00:00+00:00,30.25,65.632835,0.0,33.65,0.118
2024-08-07 09:00:00+00:00,30.6,63.74887,0.0,35.2,0.117
2024-08-07 10:00:00+00:00,30.8,61.888515,0.0,36.6,0.117
2024-08-07 11:00:00+00:00,30.85,60.229954,0.0,37.45,0.117
2024-08-07 12:00:00+00:00,30.85,61.338535,0.0,37.85,0.116
2024-08-07 13:00:00+00:00,30.5,62.388622,0.0,37.7,0.114
2024-08-07 14:00:00+00:00,30.0,65.18524,0.0,37.05,0.114
2024-08-07 15:00:00+00:00,29.7,67.74049,0.0,36.05,0.114
2024-08-07 16:00:00+00:00,29.2,71.21252,0.0,34.75,0.114
2024-08-07 17:00:00+00:00,28.75,74.64946,0.0,33.45,0.114
2024-08-07 18:00:00+00:00,28.6,76.442,0.0,32.4,0.114
2024-08-07 19:00:00+00:00,28.6,74.85018,0.0,31.65,0.113
2024-08-07 20:00:00+00:00,28.5,75.286125,0.0,31.05,0.113
2024-08-07 21:00:00+00:00,28.45,76.64913,0.0,30.6,0.113
2024-08-07 22:00:00+00:00,28.35,78.73253,0.0,30.25,0.113
2024-08-07 23:00:00+00:00,28.15,80.85575,0.0,29.9,0.113
2024-08-08 00:00:00+00:00,28.05,81.57185,0.0,29.65,0.113
2024-08-08 01:00:00+00:00,28.3,78.96188,0.0,29.85,0.113
2024-08-08 02:00:00+00:00,28.25,79.90672,0.0,29.65,0.113
2024-08-08 03:00:00+00:00,28.2,81.10422,0.0,29.45,0.113
2024-08-08 04:00:00+00:00,28.75,76.69449,0.0,29.65,0.113
2024-08-08 05:00:00+00:00,29.5,71.69633,0.0,30.45,0.113
2024-08-08 06:00:00+00:00,30.1,68.84778,0.0,31.7,0.113
2024-08-08 07:00:00+00:00,30.65,66.111984,0.0,33.25,0.113
2024-08-08 08:00:00+00:00,30.85,63.80202,0.0,34.65,0.113
2024-08-08 09:00:00+00:00,31.15,62.719543,0.0,36.05,0.113
2024-08-08 10:00:00+00:00,31.15,62.53027,0.0,37.15,0.112
2024-08-08 11:00:00+00:00,31.2,61.789238,0.0,37.85,0.112
2024-08-08 12:00:00+00:00,30.95,62.86608,0.0,38.1,0.112
2024-08-08 13:00:00+00:00,30.65,64.926414,0.0,37.85,0.116
2024-08-08 14:00:00+00:00,30.1,69.471725,0.0,37.15,0.116
2024-08-08 15:00:00+00:00,29.7,72.59768,0.0,36.15,0.116
2024-08-08 16:00:00+00:00,29.1,74.259026,0.0,34.8,0.116
2024-08-08 17:00:00+00:00,28.95,73.5677,0.0,33.5,0.116
2024-08-08 18:00:00+00:00,28.85,76.48008,0.0,32.5,0.116
2024-08-08 19:00:00+00:00,28.65,80.43839,0.0,31.7,0.116
2024-08-08 20:00:00+00:00,28.5,82.35984,0.0,31.15,0.116
2024-08-08 21:00:00+00:00,28.4,83.58255,0.0,30.65,0.116
2024-08-08 22:00:00+00:00,28.3,84.070076,0.0,30.3,0.116
2024-08-08 23:00:00+00:00,28.3,84.070076,0.0,30.0,0.116
2024-08-09 00:00:00+00:00,28.15,85.05985,0.0,29.75,0.116
2024-08-09 01:00:00+00:00,28.4,87.90195,0.0,30.2,0.117
2024-08-09 02:00:00+00:00,28.45,86.87293,0.0,29.95,0.117
2024-08-09 03:00:00+00:00,28.4,87.12579,0.0,29.8,0.117
2024-08-09 04:00:00+00:00,28.85,83.632385,0.0,29.9,0.118
2024-08-09 05:00:00+00:00,29.55,79.84159,0.2,30.55,0.119
2024-08-09 06:00:00+00:00,30.3,74.23351,0.1,31.6,0.12
2024-08-09 07:00:00+00:00,30.8,71.49779,0.1,32.9,0.121
2024-08-09 08:00:00+00:00,31.05,68.207306,0.0,34.4,0.12
2024-08-09 09:00:00+00:00,31.25,67.232925,0.0,35.7,0.12
2024-08-09 10:00:00+00:00,31.3,68.25545,0.0,36.6,0.12
2024-08-09 11:00:00+00:00,31.4,66.26346,0.0,37.2,0.119
2024-08-09 12:00:00+00:00,31.1,66.80161,0.0,37.5,0.119
2024-08-09 13:00:00+00:00,30.5,67.28686,0.0,37.25,0.122
2024-08-09 14:00:00+00:00,30.15,68.23838,0.0,36.6,0.121
2024-08-09 15:00:00+00:00,29.9,68.809654,0.0,35.7,0.121
2024-08-09 16:00:00+00:00,29.05,74.698074,0.0,34.4,0.121
2024-08-09 17:00:00+00:00,28.65,77.60444,0.0,33.1,0.121
2024-08-09 18:00:00+00:00,28.6,77.36488,0.0,32.15,0.121
2024-08-09 19:00:00+00:00,28.5,78.28327,0.0,31.4,0.121
2024-08-09 20:00:00+00:00,28.45,79.21938,0.0,30.85,0.121
2024-08-09 21:00:00+00:00,28.35,80.88124,0.0,30.4,0.121
2024-08-09 22:00:00+00:00,28.3,81.35943,0.0,30.05,0.121
2024-08-09 23:00:00+00:00,28.25,81.59647,0.0,29.8,0.121
2024-08-10 00:00:00+00:00,28.2,82.324234,0.0,29.6,0.121
2024-08-10 01:00:00+00:00,28.1,85.30796,0.0,30.2,0.116
2024-08-10 02:00:00+00:00,28.25,84.06464,0.0,29.9,0.116
2024-08-10 03:00:00+00:00,28.45,80.893974,0.0,29.7,0.116
2024-08-10 04:00:00+00:00,28.95,75.357445,0.0,29.8,0.116
2024-08-10 05:00:00+00:00,29.4,72.54596,0.0,30.3,0.116
2024-08-10 06:00:00+00:00,29.75,70.671,0.0,30.95,0.116
2024-08-10 07:00:00+00:00,30.1,68.02342,0.0,31.7,0.116
2024-08-10 08:00:00+00:00,30.35,68.89533,0.1,32.8,0.117
2024-08-10 09:00:00+00:00,30.25,70.1283,0.1,33.3,0.118
2024-08-10 10:00:00+00:00,31.1,66.40199,0.0,34.6,0.118
2024-08-10 11:00:00+00:00,31.35,65.26712,0.0,35.6,0.118
2024-08-10 12:00:00+00:00,31.2,65.629456,0.0,36.2,0.117
2024-08-10 13:00:00+00:00,30.75,63.396072,0.0,36.2,0.12
2024-08-10 14:00:00+00:00,30.1,64.03007,0.0,35.75,0.12
2024-08-10 15:00:00+00:00,29.75,68.78101,0.0,34.9,0.119
2024-08-10 16:00:00+00:00,28.9,73.338165,0.0,33.75,0.119
2024-08-10 17:00:00+00:00,28.6,74.40073,0.0,32.55,0.119
2024-08-10 18:00:00+00:00,28.6,74.17687,0.0,31.7,0.119
2024-08-10 19:00:00+00:00,28.6,76.21282,0.0,31.05,0.119
2024-08-10 20:00:00+00:00,28.65,77.1407,0.0,30.55,0.119
2024-08-10 21:00:00+00:00,28.6,77.133255,0.0,30.2,0.119
2024-08-10 22:00:00+00:00,28.4,77.567894,0.0,29.9,0.119
2024-08-10 23:00:00+00:00,28.2,77.30582,0.0,29.6,0.119
2024-08-11 00:00:00+00:00,28.0,77.27619,0.0,29.3,0.119
2024-08-11 01:00:00+00:00,28.45,78.041885,0.0,30.15,0.119
2024-08-11 02:00:00+00:00,28.35,77.327995,0.0,29.85,0.119
2024-08-11 03:00:00+00:00,28.15,78.46866,0.0,29.6,0.119
2024-08-11 04:00:00+00:00,28.85,74.218,0.0,29.65,0.119
2024-08-11 05:00:00+00:00,29.65,70.22873,0.0,30.45,0.119
2024-08-11 06:00:00+00:00,30.45,67.27699,0.0,31.9,0.118
2024-08-11 07:00:00+00:00,31.15,63.67339,0.0,33.45,0.118
2024-08-11 08:00:00+00:00,31.45,63.354515,0.0,35.05,0.118
2024-08-11 09:00:00+00:00,31.45,64.31474,0.0,36.35,0.117
2024-08-11 10:00:00+00:00,31.6,63.960842,0.0,37.4,0.117
2024-08-11 11:00:00+00:00,31.9,62.316944,0.0,38.05,0.117
2024-08-11 12:00:00+00:00,31.95,63.65186,0.0,38.3,0.116
2024-08-11 13:00:00+00:00,31.9,67.561615,0.0,38.25,0.116
2024-08-11 14:00:00+00:00,31.4,71.39162,0.0,37.6,0.116
2024-08-11 15:00:00+00:00,30.9,74.11128,0.0,36.6,0.116
2024-08-11 16:00:00+00:00,30.4,76.71425,0.0,35.35,0.116
2024-08-11 17:00:00+00:00,29.9,79.416626,0.0,34.05,0.116
2024-08-11 18:00:00+00:00,29.4,82.22246,0.0,33.0,0.116
2024-08-11 19:00:00+00:00,29.3,80.76175,0.0,32.2,0.116
2024-08-11 20:00:00+00:00,29.2,82.44246,0.0,31.6,0.115
2024-08-11 21:00:00+00:00,29.0,84.14546,0.0,31.15,0.115
2024-08-11 22:00:00+00:00,28.85,84.87962,0.0,30.7,0.115
2024-08-11 23:00:00+00:00,28.55,87.655365,0.0,30.3,0.115
2024-08-12 00:00:00+00:00,28.25,89.72564,0.0,29.95,0.115
2024-08-12 01:00:00+00:00,28.3,87.37513,0.0,30.45,0.116
2024-08-12 02:00:00+00:00,27.7,91.56265,0.0,30.0,0.116
2024-08-12 03:00:00+00:00,27.45,91.819016,0.1,29.5,0.116
2024-08-12 04:00:00+00:00,28.1,88.66041,0.1,29.55,0.117
2024-08-12 05:00:00+00:00,28.95,82.41301,0.1,30.45,0.117
2024-08-12 06:00:00+00:00,30.1,67.61453,0.0,31.85,0.117
2024-08-12 07:00:00+00:00,31.05,62.508522,0.0,33.6,0.117
2024-08-12 08:00:00+00:00,32.15,56.79732,0.0,35.45,0.117
2024-08-12 09:00:00+00:00,32.3,58.58041,0.0,37.0,0.116
2024-08-12 10:00:00+00:00,31.75,61.53799,0.0,37.7,0.116
2024-08-12 11:00:00+00:00,32.45,54.500053,0.0,38.2,0.116
2024-08-12 12:00:00+00:00,32.45,57.387684,0.0,38.3,0.115
2024-08-12 13:00:00+00:00,31.25,61.05643,0.0,37.9,0.113
2024-08-12 14:00:00+00:00,30.95,62.86608,0.0,37.1,0.113
2024-08-12 15:00:00+00:00,30.3,64.462006,0.0,36.1,0.113
2024-08-12 16:00:00+00:00,29.95,62.840298,0.0,34.85,0.113
2024-08-12 17:00:00+00:00,29.6,63.53526,0.0,33.55,0.113
2024-08-12 18:00:00+00:00,29.65,60.511456,0.0,32.6,0.113
2024-08-12 19:00:00+00:00,29.5,64.097755,0.0,31.85,0.113
2024-08-12 20:00:00+00:00,29.25,71.43647,0.0,31.25,0.113
2024-08-12 21:00:00+00:00,29.05,75.14762,0.0,30.8,0.113
2024-08-12 22:00:00+00:00,28.9,77.17781,0.0,30.4,0.113
2024-08-12 23:00:00+00:00,28.75,78.31878,0.0,30.05,0.113
2024-08-13 00:00:00+00:00,28.55,79.9466,0.0,29.8,0.113
2024-08-13 01:00:00+00:00,28.2,83.06392,0.0,30.15,0.113
2024-08-13 02:00:00+00:00,27.9,84.78146,0.0,29.75,0.113
2024-08-13 03:00:00+00:00,27.0,89.90239,0.0,29.3,0.113
2024-08-13 04:00:00+00:00,28.35,83.57696,0.0,29.45,0.113
2024-08-13 05:00:00+00:00,29.4,78.410774,0.0,30.45,0.113
2024-08-13 06:00:00+00:00,30.35,72.926506,0.0,32.05,0.113
2024-08-13 07:00:00+00:00,31.0,68.60698,0.0,33.9,0.113
2024-08-13 08:00:00+00:00,31.4,67.8682,0.0,35.6,0.112
2024-08-13 09:00:00+00:00,31.65,65.32881,0.0,37.05,0.112
2024-08-13 10:00:00+00:00,31.95,61.396923,0.0,38.2,0.112
2024-08-13 11:00:00+00:00,32.15,61.072483,0.0,38.95,0.112
2024-08-13 12:00:00+00:00,32.05,63.10288,0.0,39.2,0.112
2024-08-13 13:00:00+00:00,31.9,61.38585,0.0,38.85,0.111
2024-08-13 14:00:00+00:00,31.35,64.68157,0.0,38.1,0.111
2024-08-13 15:00:00+00:00,30.65,69.78315,0.0,36.95,0.111
2024-08-13 16:00:00+00:00,29.9,74.612045,0.0,35.5,0.111
2024-08-13 17:00:00+00:00,29.45,77.25911,0.0,34.05,0.111
2024-08-13 18:00:00+00:00,29.3,77.93096,0.0,32.9,0.111
2024-08-13 19:00:00+00:00,29.1,80.49663,0.0,32.05,0.111
2024-08-13 20:00:00+00:00,28.95,82.90328,0.0,31.4,0.111
2024-08-13 21:00:00+00:00,28.95,83.396095,0.0,30.9,0.111
2024-08-13 22:00:00+00:00,28.75,85.12088,0.0,30.5,0.111
2024-08-13 23:00:00+00:00,28.6,85.86493,0.0,30.15,0.111
2024-08-14 00:00:00+00:00,28.5,85.85524,0.0,29.85,0.111
2024-08-14 01:00:00+00:00,28.2,88.40659,0.0,30.1,0.111
2024-08-14 02:00:00+00:00,28.1,87.0991,0.0,29.75,0.111
2024-08-14 03:00:00+00:00,27.85,87.59536,0.0,29.45,0.111
2024-08-14 04:00:00+00:00,28.85,81.670135,0.0,29.6,0.111
2024-08-14 05:00:00+00:00,29.8,75.71673,0.0,30.5,0.111
2024-08-14 06:00:00+00:00,30.5,71.65825,0.0,31.9,0.111
2024-08-14 07:00:00+00:00,31.1,68.2169,0.0,33.65,0.111
2024-08-14 08:00:00+00:00,31.6,65.90807,0.0,35.4,0.111
2024-08-14 09:00:00+00:00,31.75,64.764755,0.0,36.9,0.111
2024-08-14 10:00:00+00:00,31.85,65.95872,0.0,38.0,0.111
2024-08-14 11:00:00+00:00,31.75,67.7339,0.0,38.6,0.11
2024-08-14 12:00:00+00:00,31.55,67.69501,0.0,38.8,0.11
2024-08-14 13:00:00+00:00,30.8,68.77445,0.0,38.5,0.11
2024-08-14 14:00:00+00:00,30.3,70.137535,0.0,37.7,0.11
2024-08-14 15:00:00+00:00,29.75,73.04257,0.0,36.6,0.11
2024-08-14 16:00:00+00:00,29.15,75.389084,0.0,35.15,0.11
2024-08-14 17:00:00+00:00,28.9,78.1064,0.0,33.7,0.11
2024-08-14 18:00:00+00:00,28.9,79.28089,0.0,32.7,0.11
2024-08-14 19:00:00+00:00,28.95,79.05164,0.0,31.9,0.11
2024-08-14 20:00:00+00:00,28.9,80.231544,0.0,31.35,0.11
2024-08-14 21:00:00+00:00,28.8,82.15094,0.0,30.85,0.11
2024-08-14 22:00:00+00:00,28.75,81.9011,0.0,30.5,0.11
2024-08-14 23:00:00+00:00,28.6,82.12699,0.0,30.2,0.11
2024-08-15 00:00:00+00:00,28.45,82.59947,0.0,29.95,0.11
2024-08-15 01:00:00+00:00,28.0,84.03755,0.0,30.5,0.11
2024-08-15 02:00:00+00:00,28.25,81.840416,0.0,30.15,0.11
2024-08-15 03:00:00+00:00,28.05,83.79297,0.0,29.85,0.11
2024-08-15 04:00:00+00:00,28.6,77.82996,0.0,29.9,0.11
2024-08-15 05:00:00+00:00,29.35,72.75562,0.0,30.7,0.11
2024-08-15 06:00:00+00:00,30.2,68.04285,0.0,32.05,0.11
2024-08-15 07:00:00+00:00,30.9,63.62017,0.0,33.65,0.11
2024-08-15 08:00:00+00:00,31.3,62.562862,0.0,35.2,0.11
2024-08-15 09:00:00+00:00,31.6,62.439487,0.0,36.6,0.11
2024-08-15 10:00:00+00:00,31.4,63.343845,0.0,37.55,0.11
2024-08-15 11:00:00+00:00,31.35,62.573715,0.0,38.3,0.109
2024-08-15 12:00:00+00:00,31.2,63.492268,0.0,38.6,0.109
2024-08-15 13:00:00+00:00,30.75,64.94717,0.0,38.35,0.109
2024-08-15 14:00:00+00:00,30.25,65.43462,0.0,37.55,0.109
2024-08-15 15:00:00+00:00,29.9,66.76314,0.0,36.45,0.109
2024-08-15 16:00:00+00:00,29.45,69.76962,0.0,35.05,0.109
2024-08-15 17:00:00+00:00,29.25,73.83925,0.0,33.7,0.109
2024-08-15 18:00:00+00:00,29.3,75.187386,0.0,32.75,0.109
2024-08-15 19:00:00+00:00,29.15,77.90938,0.0,32.0,0.109
2024-08-15 20:00:00+00:00,29.1,79.78167,0.0,31.45,0.109
2024-08-15 21:00:00+00:00,29.1,80.49663,0.0,31.05,0.109
2024-08-15 22:00:00+00:00,28.9,81.676285,0.0,30.7,0.109
2024-08-15 23:00:00+00:00,28.65,82.86875,0.0,30.4,0.109
2024-08-16 00:00:00+00:00,28.55,82.12101,0.0,30.1,0.109
2024-08-16 01:00:00+00:00,28.5,83.593636,0.0,31.0,0.111
2024-08-16 02:00:00+00:00,28.1,84.80217,0.0,30.5,0.111
2024-08-16 03:00:00+00:00,27.45,87.82188,0.0,30.0,0.111
2024-08-16 04:00:00+00:00,28.3,81.35943,0.0,30.0,0.111
2024-08-16 05:00:00+00:00,29.45,72.772766,0.0,30.85,0.111
2024-08-16 06:00:00+00:00,30.5,66.68182,0.0,32.35,0.11
2024-08-16 07:00:00+00:00,31.2,63.492268,0.0,33.85,0.11
2024-08-16 08:00:00+00:00,31.65,60.77715,0.0,35.35,0.11
2024-08-16 09:00:00+00:00,31.8,62.671215,0.0,36.7,0.11
2024-08-16 10:00:00+00:00,31.9,62.881527,0.0,37.8,0.11
2024-08-16 11:00:00+00:00,31.9,61.016853,0.0,38.5,0.11
2024-08-16 12:00:00+00:00,31.85,62.306076,0.0,38.75,0.11
2024-08-16 13:00:00+00:00,31.2,65.04042,0.0,38.4,0.109
2024-08-16 14:00:00+00:00,30.8,69.81096,0.0,37.6,0.109
2024-08-16 15:00:00+00:00,30.0,76.199814,0.0,36.45,0.109
2024-08-16 16:00:00+00:00,29.5,77.728035,0.0,35.05,0.109
2024-08-16 17:00:00+00:00,29.3,78.63042,0.0,33.75,0.109
2024-08-16 18:00:00+00:00,29.25,78.857834,0.0,32.8,0.109
2024-08-16 19:00:00+00:00,29.2,79.558044,0.0,32.05,0.109
2024-08-16 20:00:00+00:00,29.0,82.174805,0.0,31.45,0.109
2024-08-16 21:00:00+00:00,28.75,83.62134,0.0,31.0,0.109
2024-08-16 22:00:00+00:00,28.6,84.853874,0.0,30.55,0.109
2024-08-16 23:00:00+00:00,28.6,84.60276,0.0,30.25,0.109
2024-08-17 00:00:00+00:00,28.75,83.62134,0.0,30.15,0.109
2024-08-17 01:00:00+00:00,28.35,85.08023,0.0,30.7,0.109
2024-08-17 02:00:00+00:00,28.05,86.57942,0.0,30.25,0.109
2024-08-17 03:00:00+00:00,27.65,88.88815,0.0,29.85,0.109
2024-08-17 04:00:00+00:00,28.6,83.10958,0.0,29.85,0.109
2024-08-17 05:00:00+00:00,29.6,76.1385,0.0,30.75,0.109
2024-08-17 06:00:00+00:00,30.65,68.74591,0.0,32.35,0.109
2024-08-17 07:00:00+00:00,31.6,63.19617,0.0,34.3,0.109
2024-08-17 08:00:00+00:00,32.3,60.922318,0.0,36.2,0.109
2024-08-17 09:00:00+00:00,32.1,60.69457,0.0,37.6,0.109
2024-08-17 10:00:00+00:00,32.2,56.636932,0.0,38.55,0.108
2024-08-17 11:00:00+00:00,32.5,58.80382,0.0,39.2,0.108
2024-08-17 12:00:00+00:00,32.15,59.079273,0.0,39.25,0.108
2024-08-17 13:00:00+00:00,32.0,55.73421,0.0,38.9,0.108
2024-08-17 14:00:00+00:00,31.65,54.973057,0.0,38.2,0.108
2024-08-17 15:00:00+00:00,31.0,59.898502,0.0,37.1,0.108
2024-08-17 16:00:00+00:00,30.1,70.10064,0.0,35.6,0.108
2024-08-17 17:00:00+00:00,29.85,71.32889,0.0,34.2,0.108
2024-08-17 18:00:00+00:00,29.55,75.22706,0.0,33.15,0.108
2024-08-17 19:00:00+00:00,29.4,76.79235,0.0,32.3,0.108
2024-08-17 20:00:00+00:00,29.1,78.368385,0.0,31.65,0.108
2024-08-17 21:00:00+00:00,28.65,82.86875,0.0,31.05,0.108
2024-08-17 22:00:00+00:00,28.7,83.61579,0.0,30.6,0.108
2024-08-17 23:00:00+00:00,28.6,83.604706,0.0,30.2,0.108
2024-08-18 00:00:00+00:00,28.6,83.853264,0.0,29.95,0.108
2024-08-18 01:00:00+00:00,28.4,81.61497,0.0,30.0,0.108
2024-08-18 02:00:00+00:00,27.4,89.66422,0.0,29.55,0.108
2024-08-18 03:00:00+00:00,28.15,86.58866,0.0,29.35,0.108
2024-08-18 04:00:00+00:00,29.1,77.90217,0.0,29.55,0.108
2024-08-18 05:00:00+00:00,29.9,72.6321,0.0,30.5,0.108
2024-08-18 06:00:00+00:00,30.55,69.34785,0.0,31.95,0.108
2024-08-18 07:00:00+00:00,31.1,67.405,0.0,33.7,0.108
2024-08-18 08:00:00+00:00,31.4,65.86749,0.0,35.4,0.108
2024-08-18 09:00:00+00:00,31.65,63.588127,0.0,36.9,0.108
2024-08-18 10:00:00+00:00,31.85,61.74583,0.0,38.05,0.108
2024-08-18 11:00:00+00:00,31.65,64.93843,0.0,38.75,0.108
2024-08-18 12:00:00+00:00,31.5,67.483444,0.0,39.0,0.108
2024-08-18 13:00:00+00:00,31.1,67.60716,0.0,38.65,0.108
2024-08-18 14:00:00+00:00,30.75,69.80169,0.0,37.85,0.108
2024-08-18 15:00:00+00:00,30.4,69.11199,0.0,36.7,0.108
2024-08-18 16:00:00+00:00,30.0,68.209366,0.0,35.35,0.108
2024-08-18 17:00:00+00:00,29.4,71.67865,0.0,33.9,0.108
2024-08-18 18:00:00+00:00,29.05,75.82639,0.0,32.75,0.108
2024-08-18 19:00:00+00:00,28.85,77.86611,0.0,31.9,0.108
2024-08-18 20:00:00+00:00,28.7,79.49057,0.0,31.2,0.108
2024-08-18 21:00:00+00:00,28.45,82.59947,0.0,30.7,0.108
2024-08-18 22:00:00+00:00,28.25,83.81493,0.0,30.2,0.108
2024-08-18 23:00:00+00:00,26.75,91.77818,0.0,29.7,0.108
2024-08-19 00:00:00+00:00,27.7,86.804825,0.0,29.15,0.108
2024-08-19 01:00:00+00:00,27.8,94.03023,0.1,29.6,0.109
2024-08-19 02:00:00+00:00,28.05,91.8538,0.0,29.4,0.109
2024-08-19 03:00:00+00:00,28.05,89.97668,0.0,29.2,0.109
2024-08-19 04:00:00+00:00,28.8,85.63087,0.0,29.35,0.109
2024-08-19 05:00:00+00:00,29.6,79.848206,0.0,30.15,0.109
2024-08-19 06:00:00+00:00,30.4,74.249825,0.1,31.25,0.11
2024-08-19 07:00:00+00:00,30.9,71.51549,0.1,32.65,0.111
2024-08-19 08:00:00+00:00,31.35,69.29075,0.0,34.3,0.111
2024-08-19 09:00:00+00:00,31.65,66.31374,0.0,35.95,0.111
2024-08-19 10:00:00+00:00,31.7,66.1258,0.0,37.3,0.11
2024-08-19 11:00:00+00:00,31.65,66.51227,0.0,38.15,0.11
2024-08-19 12:00:00+00:00,31.45,69.30949,0.0,38.45,0.11
2024-08-19 13:00:00+00:00,30.95,71.09964,0.0,38.05,0.109
2024-08-19 14:00:00+00:00,30.75,69.17801,0.0,37.45,0.109
2024-08-19 15:00:00+00:00,30.25,70.1283,0.0,36.4,0.109
2024-08-19 16:00:00+00:00,29.55,74.55539,0.0,35.0,0.109
2024-08-19 17:00:00+00:00,29.05,79.53785,0.0,33.6,0.109
2024-08-19 18:00:00+00:00,28.85,80.704216,0.0,32.55,0.109
2024-08-19 19:00:00+00:00,28.65,81.160866,0.0,31.7,0.109
2024-08-19 20:00:00+00:00,28.45,81.62109,0.0,31.05,0.109
2024-08-19 21:00:00+00:00,28.35,81.85258,0.0,30.55,0.109
2024-08-19 22:00:00+00:00,28.2,83.311806,0.0,30.15,0.109
2024-08-19 23:00:00+00:00,28.05,84.79702,0.0,29.85,0.109
2024-08-20 00:00:00+00:00,28.0,84.79182,0.0,29.6,0.109
2024-08-20 01:00:00+00:00,28.6,82.12699,0.0,30.2,0.111
2024-08-20 02:00:00+00:00,28.35,83.82589,0.0,29.95,0.111
2024-08-20 03:00:00+00:00,28.2,84.81253,0.0,29.75,0.111
2024-08-20 04:00:00+00:00,28.8,78.79534,0.1,29.75,0.112
2024-08-20 05:00:00+00:00,29.55,73.44764,0.1,30.3,0.112
2024-08-20 06:00:00+00:00,29.95,71.13303,0.0,31.35,0.112
2024-08-20 07:00:00+00:00,30.55,67.702644,0.0,32.6,0.112
2024-08-20 08:00:00+00:00,31.35,63.524258,0.0,34.2,0.112
2024-08-20 09:00:00+00:00,31.7,61.71282,0.0,35.65,0.112
2024-08-20 10:00:00+00:00,31.7,61.341564,0.0,36.8,0.112
2024-08-20 11:00:00+00:00,31.75,60.43321,0.0,37.6,0.112
2024-08-20 12:00:00+00:00,31.5,61.668743,0.0,37.95,0.112
2024-08-20 13:00:00+00:00,30.7,65.7249,0.0,37.85,0.11
2024-08-20 14:00:00+00:00,30.35,68.482544,0.0,37.1,0.11
2024-08-20 15:00:00+00:00,29.9,68.396034,0.0,36.0,0.11
2024-08-20 16:00:00+00:00,29.15,74.49044,0.0,34.6,0.11
2024-08-20 17:00:00+00:00,28.75,79.02407,0.0,33.3,0.11
2024-08-20 18:00:00+00:00,28.65,79.24675,0.0,32.3,0.11
2024-08-20 19:00:00+00:00,28.65,76.909744,0.0,31.55,0.11
2024-08-20 20:00:00+00:00,28.55,77.58982,0.0,30.95,0.11
2024-08-20 21:00:00+00:00,28.45,79.21938,0.0,30.5,0.11
2024-08-20 22:00:00+00:00,28.45,79.45671,0.0,30.15,0.11
2024-08-20 23:00:00+00:00,28.4,79.44997,0.0,29.9,0.11
2024-08-21 00:00:00+00:00,28.1,80.84938,0.0,29.6,0.11
2024-08-21 01:00:00+00:00,27.85,83.27224,0.0,30.3,0.11
2024-08-21 02:00:00+00:00,27.6,82.74702,0.0,29.85,0.11
2024-08-21 03:00:00+00:00,27.6,79.81993,0.0,29.45,0.11
2024-08-21 04:00:00+00:00,28.5,73.04948,0.0,29.5,0.11
2024-08-21 05:00:00+00:00,29.2,69.51238,0.0,30.25,0.11
2024-08-21 06:00:00+00:00,29.85,66.5514,0.0,31.5,0.11
2024-08-21 07:00:00+00:00,30.45,63.524097,0.0,33.1,0.11
2024-08-21 08:00:00+00:00,30.9,60.793274,0.0,34.8,0.11
2024-08-21 09:00:00+00:00,31.25,59.59227,0.0,36.3,0.11
2024-08-21 10:00:00+00:00,31.25,59.773586,0.0,37.3,0.11
2024-08-21 11:00:00+00:00,31.1,59.921272,0.0,37.9,0.11
2024-08-21 12:00:00+00:00,31.05,58.467896,0.0,38.15,0.11
2024-08-21 13:00:00+00:00,30.3,60.473415,0.0,37.85,0.109
2024-08-21 14:00:00+00:00,29.9,63.98766,0.0,37.1,0.109
2024-08-21 15:00:00+00:00,29.5,67.906586,0.0,36.0,0.109
2024-08-21 16:00:00+00:00,29.05,70.118,0.0,34.6,0.109
2024-08-21 17:00:00+00:00,28.95,72.46809,0.0,33.3,0.109
2024-08-21 18:00:00+00:00,28.8,75.33373,0.0,32.35,0.109
2024-08-21 19:00:00+00:00,28.8,76.24355,0.0,31.65,0.109
2024-08-21 20:00:00+00:00,29.05,74.47416,0.0,31.2,0.109
2024-08-21 21:00:00+00:00,29.05,75.14762,0.0,30.85,0.109
2024-08-21 22:00:00+00:00,29.1,74.93055,0.0,30.6,0.109
2024-08-21 23:00:00+00:00,28.9,76.030655,0.0,30.35,0.109
2024-08-22 00:00:00+00:00,27.75,83.01238,0.0,30.0,0.109
2024-08-22 01:00:00+00:00,27.85,85.5371,0.0,30.5,0.109
2024-08-22 02:00:00+00:00,27.4,88.0794,0.0,29.9,0.109
2024-08-22 03:00:00+00:00,26.85,91.239845,0.0,29.35,0.11
2024-08-22 04:00:00+00:00,27.7,87.84302,0.1,29.3,0.11
2024-08-22 05:00:00+00:00,28.7,81.409134,0.1,30.0,0.111
2024-08-22 06:00:00+00:00,29.65,74.34903,0.0,31.25,0.111
2024-08-22 07:00:00+00:00,30.55,66.49128,0.0,33.0,0.111
2024-08-22 08:00:00+00:00,31.15,63.481594,0.0,34.85,0.111
2024-08-22 09:00:00+00:00,31.5,61.855244,0.0,36.4,0.111
2024-08-22 10:00:00+00:00,31.75,58.098957,0.0,37.5,0.111
2024-08-22 11:00:00+00:00,31.65,56.678253,0.0,38.2,0.11
2024-08-22 12:00:00+00:00,31.45,59.097282,0.0,38.5,0.11
2024-08-22 13:00:00+00:00,31.45,60.000824,0.0,38.35,0.11
2024-08-22 14:00:00+00:00,30.9,63.428177,0.0,37.55,0.11
2024-08-22 15:00:00+00:00,30.2,67.43057,0.0,36.45,0.11
2024-08-22 16:00:00+00:00,29.65,67.935875,0.0,35.0,0.11
2024-08-22 17:00:00+00:00,29.15,71.41866,0.0,33.7,0.11
2024-08-22 18:00:00+00:00,29.2,72.94891,0.0,32.7,0.11
2024-08-22 19:00:00+00:00,29.15,73.822655,0.0,32.0,0.11
2024-08-22 20:00:00+00:00,28.85,75.79521,0.0,31.4,0.11
2024-08-22 21:00:00+00:00,28.75,77.15554,0.0,30.9,0.11
2024-08-22 22:00:00+00:00,28.8,77.162964,0.0,30.55,0.11
2024-08-22 23:00:00+00:00,28.65,77.1407,0.0,30.2,0.11
2024-08-23 00:00:00+00:00,28.2,79.66112,0.0,29.9,0.11
2024-08-23 01:00:00+00:00,29.05,78.59541,0.0,30.3,0.108
2024-08-23 02:00:00+00:00,28.85,79.27403,0.0,30.0,0.108
2024-08-23 03:00:00+00:00,28.6,80.91304,0.0,29.8,0.108
2024-08-23 04:00:00+00:00,29.35,74.52296,0.1,29.9,0.108
2024-08-23 05:00:00+00:00,30.1,69.2632,0.0,30.65,0.108
2024-08-23 06:00:00+00:00,30.75,65.933395,0.0,32.05,0.108
2024-08-23 07:00:00+00:00,31.25,62.930874,0.0,33.6,0.108
2024-08-23 08:00:00+00:00,31.55,61.493793,0.0,35.15,0.108
2024-08-23 09:00:00+00:00,31.55,61.308308,0.0,36.5,0.108
2024-08-23 10:00:00+00:00,31.65,59.503025,0.0,37.6,0.108
2024-08-23 11:00:00+00:00,31.75,57.22243,0.0,38.3,0.108
2024-08-23 12:00:00+00:00,31.5,58.04051,0.0,38.6,0.108
2024-08-23 13:00:00+00:00,30.8,64.5668,0.0,38.4,0.11
2024-08-23 14:00:00+00:00,30.4,65.26795,0.0,37.55,0.11
2024-08-23 15:00:00+00:00,29.95,67.178055,0.0,36.35,0.11
2024-08-23 16:00:00+00:00,29.35,70.17344,0.0,34.9,0.11
2024-08-23 17:00:00+00:00,29.0,73.35506,0.0,33.55,0.11
2024-08-23 18:00:00+00:00,28.75,75.325775,0.0,32.5,0.11
2024-08-23 19:00:00+00:00,28.6,75.756195,0.0,31.75,0.11
2024-08-23 20:00:00+00:00,28.5,74.38437,0.0,31.15,0.11
2024-08-23 21:00:00+00:00,28.5,72.60919,0.0,30.65,0.11
2024-08-23 22:00:00+00:00,28.5,72.60919,0.0,30.35,0.11
2024-08-23 23:00:00+00:00,28.55,73.27896,0.0,30.1,0.11
2024-08-24 00:00:00+00:00,28.5,74.6089,0.0,29.9,0.11
2024-08-24 01:00:00+00:00,28.7,75.99968,0.0,30.6,0.108
2024-08-24 02:00:00+00:00,28.6,76.90223,0.0,30.25,0.108
2024-08-24 03:00:00+00:00,28.6,76.442,0.0,30.0,0.108
2024-08-24 04:00:00+00:00,29.2,72.94891,0.0,30.05,0.108
2024-08-24 05:00:00+00:00,29.65,69.80687,0.0,30.7,0.109
2024-08-24 06:00:00+00:00,30.35,66.05111,0.0,31.65,0.109
2024-08-24 07:00:00+00:00,31.1,62.708683,0.0,33.15,0.109
2024-08-24 08:00:00+00:00,31.3,62.562862,0.1,34.55,0.11
2024-08-24 09:00:00+00:00,31.2,63.492268,0.2,35.7,0.111
2024-08-24 10:00:00+00:00,31.75,61.167786,0.1,36.45,0.112
2024-08-24 11:00:00+00:00,32.15,59.258102,0.0,37.25,0.112
2024-08-24 12:00:00+00:00,31.45,62.78443,0.1,37.4,0.113
2024-08-24 13:00:00+00:00,29.35,72.319565,0.0,36.55,0.115
2024-08-24 14:00:00+00:00,29.85,71.11507,0.0,35.85,0.115
2024-08-24 15:00:00+00:00,29.5,73.659676,0.0,34.95,0.115
2024-08-24 16:00:00+00:00,29.75,71.097115,0.0,33.85,0.115
2024-08-24 17:00:00+00:00,29.55,71.70517,0.0,32.85,0.115
2024-08-24 18:00:00+00:00,29.45,72.772766,0.0,32.1,0.115
2024-08-24 19:00:00+00:00,29.3,74.738434,0.0,31.5,0.115
2024-08-24 20:00:00+00:00,29.3,74.738434,0.0,31.0,0.115
2024-08-24 21:00:00+00:00,28.65,72.41603,0.0,30.6,0.115
2024-08-24 22:00:00+00:00,28.45,73.92876,0.0,30.25,0.115
2024-08-24 23:00:00+00:00,27.75,80.56253,0.0,29.85,0.115
2024-08-25 00:00:00+00:00,27.35,84.47106,0.0,29.45,0.115
2024-08-25 01:00:00+00:00,26.3,84.86936,0.1,29.05,0.131
2024-08-25 02:00:00+00:00,26.9,84.93153,0.0,28.75,0.131
2024-08-25 03:00:00+00:00,27.25,84.96763,0.0,28.65,0.131
2024-08-25 04:00:00+00:00,27.7,82.511375,0.0,28.7,0.131
2024-08-25 05:00:00+00:00,27.6,78.8646,0.2,29.2,0.132
2024-08-25 06:00:00+00:00,28.3,74.57642,0.0,29.75,0.132
2024-08-25 07:00:00+00:00,29.45,71.68747,0.2,31.15,0.133
2024-08-25 08:00:00+00:00,30.15,69.899734,0.3,32.5,0.135
2024-08-25 09:00:00+00:00,30.45,69.955284,0.3,33.65,0.137
2024-08-25 10:00:00+00:00,30.65,70.201866,0.1,34.7,0.137
2024-08-25 11:00:00+00:00,31.8,63.239006,0.0,35.9,0.136
2024-08-25 12:00:00+00:00,31.95,63.46121,0.0,36.8,0.135
2024-08-25 13:00:00+00:00,32.05,64.44034,0.0,37.1,0.133
2024-08-25 14:00:00+00:00,31.6,65.12304,0.0,36.75,0.132
2024-08-25 15:00:00+00:00,30.65,72.11338,0.0,35.8,0.132
2024-08-25 16:00:00+00:00,29.9,76.18452,0.0,34.5,0.132
2024-08-25 17:00:00+00:00,29.7,77.98839,0.0,33.3,0.132
2024-08-25 18:00:00+00:00,29.65,75.69335,0.0,32.35,0.132
2024-08-25 19:00:00+00:00,29.3,82.45424,0.0,31.65,0.131
2024-08-25 20:00:00+00:00,29.2,83.17769,0.0,31.15,0.131
2024-08-25 21:00:00+00:00,29.15,83.913246,0.0,30.7,0.131
2024-08-25 22:00:00+00:00,28.5,85.095505,0.0,30.4,0.131
2024-08-25 23:00:00+00:00,26.9,84.677086,1.1,29.65,0.144
2024-08-26 00:00:00+00:00,26.9,90.432274,0.0,29.05,0.144
2024-08-26 01:00:00+00:00,25.2,87.89468,0.0,28.95,0.135
2024-08-26 02:00:00+00:00,24.75,87.059586,0.0,28.2,0.135
2024-08-26 03:00:00+00:00,25.25,86.84138,0.0,27.8,0.135
2024-08-26 04:00:00+00:00,25.8,84.305504,0.0,27.7,0.135
2024-08-26 05:00:00+00:00,27.25,79.53272,0.0,28.2,0.135
2024-08-26 06:00:00+00:00,29.15,74.49044,0.0,29.45,0.135
2024-08-26 07:00:00+00:00,29.95,71.13303,0.1,30.95,0.135
2024-08-26 08:00:00+00:00,31.15,65.22596,0.1,32.4,0.136
2024-08-26 09:00:00+00:00,31.8,63.049236,0.0,34.1,0.135
2024-08-26 10:00:00+00:00,31.9,63.070717,0.0,35.55,0.135
2024-08-26 11:00:00+00:00,31.45,65.483826,0.0,36.5,0.134
2024-08-26 12:00:00+00:00,31.45,66.07531,0.0,36.8,0.133
2024-08-26 13:00:00+00:00,32.1,66.80079,0.0,36.6,0.137
2024-08-26 14:00:00+00:00,31.5,69.112785,0.0,36.25,0.136
2024-08-26 15:00:00+00:00,30.8,73.43802,0.0,35.35,0.136
2024-08-26 16:00:00+00:00,30.1,77.8147,0.0,34.2,0.136
2024-08-26 17:00:00+00:00,29.6,82.97776,0.0,33.0,0.135
2024-08-26 18:00:00+00:00,29.1,86.166794,0.0,32.05,0.135
2024-08-26 19:00:00+00:00,29.1,85.913216,0.0,31.35,0.135
2024-08-26 20:00:00+00:00,28.95,86.407104,0.0,30.8,0.135
2024-08-26 21:00:00+00:00,28.95,85.89876,0.0,30.4,0.135
2024-08-26 22:00:00+00:00,28.85,85.88911,0.0,30.1,0.135
2024-08-26 23:00:00+00:00,28.8,85.63087,0.0,29.85,0.135
2024-08-27 00:00:00+00:00,27.6,89.148384,0.2,29.45,0.137
2024-08-27 01:00:00+00:00,27.8,86.556274,0.0,28.8,0.134
2024-08-27 02:00:00+00:00,28.35,81.608765,0.0,28.7,0.134
2024-08-27 03:00:00+00:00,28.3,81.60266,0.0,28.65,0.134
2024-08-27 04:00:00+00:00,27.6,83.9941,0.1,28.65,0.135
2024-08-27 05:00:00+00:00,28.0,81.322014,0.0,29.3,0.135
2024-08-27 06:00:00+00:00,29.15,73.822655,0.0,30.6,0.135
2024-08-27 07:00:00+00:00,30.15,67.21767,0.0,32.2,0.134
2024-08-27 08:00:00+00:00,30.8,64.17808,0.0,33.95,0.134
2024-08-27 09:00:00+00:00,30.95,65.97403,0.0,35.4,0.133
2024-08-27 10:00:00+00:00,31.35,64.10064,0.0,36.65,0.132
2024-08-27 11:00:00+00:00,31.55,61.679764,0.0,37.35,0.131
2024-08-27 12:00:00+00:00,31.35,64.10064,0.0,37.55,0.131
2024-08-27 13:00:00+00:00,30.75,68.14938,0.0,37.1,0.137
2024-08-27 14:00:00+00:00,30.3,68.67912,0.0,36.4,0.137
2024-08-27 15:00:00+00:00,29.7,71.73166,0.0,35.3,0.136
2024-08-27 16:00:00+00:00,29.1,74.706116,0.0,33.9,0.136
2024-08-27 17:00:00+00:00,28.85,76.251205,0.0,32.7,0.136
2024-08-27 18:00:00+00:00,28.75,77.851654,0.0,31.75,0.136
2024-08-27 19:00:00+00:00,28.5,80.17911,0.0,31.05,0.136
2024-08-27 20:00:00+00:00,28.3,81.35943,0.0,30.5,0.136
2024-08-27 21:00:00+00:00,28.3,78.48988,0.0,30.05,0.136
2024-08-27 22:00:00+00:00,28.25,76.849655,0.0,29.65,0.136
2024-08-27 23:00:00+00:00,28.25,75.01972,0.0,29.35,0.136
2024-08-28 00:00:00+00:00,28.15,74.326996,0.0,29.1,0.135
2024-08-28 01:00:00+00:00,28.45,77.57518,0.0,29.8,0.134
2024-08-28 02:00:00+00:00,28.2,77.77194,0.0,29.45,0.134
2024-08-28 03:00:00+00:00,28.3,76.39623,0.0,29.15,0.133
2024-08-28 04:00:00+00:00,28.95,72.24991,0.0,29.2,0.133
2024-08-28 05:00:00+00:00,29.5,67.906586,0.0,29.85,0.133
2024-08-28 06:00:00+00:00,30.15,65.019066,0.0,30.95,0.133
2024-08-28 07:00:00+00:00,30.55,64.12533,0.0,32.25,0.133
2024-08-28 08:00:00+00:00,31.0,63.06727,0.0,33.6,0.133
2024-08-28 09:00:00+00:00,31.45,61.101,0.0,34.85,0.132
2024-08-28 10:00:00+00:00,30.95,65.97403,0.0,35.7,0.132
2024-08-28 11:00:00+00:00,31.2,66.02472,0.0,36.15,0.132
2024-08-28 12:00:00+00:00,31.25,64.660736,0.0,36.15,0.131
2024-08-28 13:00:00+00:00,30.9,68.38286,0.0,36.15,0.131
2024-08-28 14:00:00+00:00,30.45,69.53726,0.0,35.55,0.131
2024-08-28 15:00:00+00:00,29.9,69.64353,0.0,34.6,0.13
2024-08-28 16:00:00+00:00,29.5,71.05214,0.0,33.45,0.13
2024-08-28 17:00:00+00:00,29.3,72.093666,0.0,32.4,0.13
2024-08-28 18:00:00+00:00,29.15,73.16009,0.0,31.6,0.13
2024-08-28 19:00:00+00:00,29.0,73.797676,0.0,31.0,0.13
2024-08-28 20:00:00+00:00,28.75,75.09974,0.0,30.5,0.13
2024-08-28 21:00:00+00:00,28.55,77.125824,0.0,30.05,0.13
2024-08-28 22:00:00+00:00,28.4,78.03471,0.0,29.7,0.13
2024-08-28 23:00:00+00:00,28.25,78.71857,0.0,29.45,0.13
2024-08-29 00:00:00+00:00,28.3,78.25479,0.0,29.3,0.13
2024-08-29 01:00:00+00:00,28.7,76.686935,0.0,29.8,0.129
2024-08-29 02:00:00+00:00,28.75,76.00744,0.0,29.55,0.129
2024-08-29 03:00:00+00:00,28.55,77.822716,0.0,29.4,0.129
2024-08-29 04:00:00+00:00,28.9,76.48772,0.0,29.4,0.129
2024-08-29 05:00:00+00:00,29.35,73.414024,0.0,29.9,0.129
2024-08-29 06:00:00+00:00,29.95,70.072975,0.0,30.9,0.129
2024-08-29 07:00:00+00:00,30.5,66.68182,0.0,32.15,0.128
2024-08-29 08:00:00+00:00,31.0,63.641438,0.0,33.6,0.128
2024-08-29 09:00:00+00:00,31.2,62.920063,0.0,34.8,0.127
2024-08-29 10:00:00+00:00,31.35,60.526222,0.0,35.7,0.127
2024-08-29 11:00:00+00:00,31.45,58.028797,0.0,36.4,0.126
2024-08-29 12:00:00+00:00,31.25,60.68747,0.0,36.6,0.126
2024-08-29 13:00:00+00:00,30.8,58.588352,0.0,36.3,0.126
2024-08-29 14:00:00+00:00,30.3,62.155518,0.0,35.6,0.125
2024-08-29 15:00:00+00:00,29.55,66.08856,0.0,34.6,0.125
2024-08-29 16:00:00+00:00,28.85,70.29354,0.0,33.3,0.125
2024-08-29 17:00:00+00:00,28.65,70.89848,0.0,32.2,0.125
2024-08-29 18:00:00+00:00,28.6,70.88937,0.0,31.35,0.125
2024-08-29 19:00:00+00:00,28.6,70.88937,0.0,30.7,0.125
2024-08-29 20:00:00+00:00,28.8,70.49756,0.0,30.35,0.124
2024-08-29 21:00:00+00:00,28.7,70.907524,0.0,30.0,0.124
2024-08-29 22:00:00+00:00,28.65,70.25667,0.0,29.7,0.124
2024-08-29 23:00:00+00:00,28.55,70.02528,0.0,29.45,0.125
2024-08-30 00:00:00+00:00,28.4,70.853065,0.0,29.25,0.124
2024-08-30 01:00:00+00:00,26.85,84.41794,0.0,28.95,0.124
2024-08-30 02:00:00+00:00,27.55,83.487755,0.1,28.3,0.124
2024-08-30 03:00:00+00:00,27.15,85.72353,0.4,27.85,0.128
2024-08-30 04:00:00+00:00,27.6,84.24549,0.0,27.8,0.128
2024-08-30 05:00:00+00:00,28.2,83.06392,0.0,28.25,0.128
2024-08-30 06:00:00+00:00,29.6,73.89728,0.0,29.45,0.128
2024-08-30 07:00:00+00:00,30.55,68.11073,0.0,31.1,0.128
2024-08-30 08:00:00+00:00,29.6,70.64371,1.1,31.9,0.138
2024-08-30 09:00:00+00:00,30.0,70.71642,0.4,32.25,0.141
2024-08-30 10:00:00+00:00,30.75,66.93271,0.0,33.45,0.141
2024-08-30 11:00:00+00:00,30.9,67.365685,0.0,34.4,0.14
2024-08-30 12:00:00+00:00,31.25,63.886837,0.1,35.05,0.14
2024-08-30 13:00:00+00:00,30.85,66.35169,0.0,36.5,0.124
2024-08-30 14:00:00+00:00,30.55,65.892746,0.0,35.85,0.124
2024-08-30 15:00:00+00:00,29.8,67.76009,0.0,34.8,0.124
2024-08-30 16:00:00+00:00,29.35,68.91268,0.0,33.55,0.123
2024-08-30 17:00:00+00:00,29.2,71.859375,0.0,32.5,0.123
2024-08-30 18:00:00+00:00,29.2,74.27543,0.0,31.75,0.123
2024-08-30 19:00:00+00:00,29.15,76.525696,0.0,31.15,0.123
2024-08-30 20:00:00+00:00,29.1,77.66997,0.0,30.75,0.123
2024-08-30 21:00:00+00:00,28.7,77.84443,0.0,30.3,0.123
2024-08-30 22:00:00+00:00,28.55,77.58982,0.0,29.95,0.123
2024-08-30 23:00:00+00:00,28.35,78.02749,0.0,29.6,0.123
2024-08-31 00:00:00+00:00,28.55,76.20514,0.0,29.15,0.123
2024-08-31 01:00:00+00:00,27.4,80.759735,0.0,29.65,0.122
2024-08-31 02:00:00+00:00,28.0,77.04381,0.0,29.25,0.122
2024-08-31 03:00:00+00:00,28.1,76.82708,0.1,29.1,0.122
2024-08-31 04:00:00+00:00,27.45,77.897545,0.2,28.9,0.124
2024-08-31 05:00:00+00:00,28.45,75.05179,0.2,29.15,0.126
2024-08-31 06:00:00+00:00,29.35,72.319565,0.0,29.95,0.126
2024-08-31 07:00:00+00:00,30.1,70.10064,0.3,31.15,0.128
2024-08-31 08:00:00+00:00,30.6,68.94278,0.4,32.45,0.132
2024-08-31 09:00:00+00:00,30.9,67.16386,0.5,33.55,0.136
2024-08-31 10:00:00+00:00,30.85,67.7612,0.4,34.4,0.138
2024-08-31 11:00:00+00:00,31.05,65.796295,0.4,34.9,0.141
2024-08-31 12:00:00+00:00,30.75,66.5314,0.2,35.1,0.142
2024-08-31 13:00:00+00:00,31.55,60.754753,0.0,35.85,0.133
2024-08-31 14:00:00+00:00,31.15,58.135586,0.0,35.35,0.132
2024-08-31 15:00:00+00:00,30.55,60.714626,0.0,34.5,0.132
2024-08-31 16:00:00+00:00,29.75,65.1334,0.0,33.35,0.132
2024-08-31 17:00:00+00:00,29.25,69.73228,0.0,32.3,0.132
2024-08-31 18:00:00+00:00,29.1,71.841736,0.0,31.5,0.132
2024-08-31 19:00:00+00:00,29.0,72.47674,0.0,30.9,0.132
2024-08-31 20:00:00+00:00,28.9,73.559326,0.0,30.45,0.131
2024-08-31 21:00:00+00:00,29.0,72.914734,0.0,30.1,0.131
2024-08-31 22:00:00+00:00,28.9,73.559326,0.0,29.85,0.131
2024-08-31 23:00:00+00:00,28.7,75.09177,0.0,29.65,0.131
2024-09-01 00:00:00+00:00,28.45,76.41911,0.0,29.4,0.131
2024-09-01 01:00:00+00:00,28.2,76.842155,0.0,29.3,0.13
2024-09-01 02:00:00+00:00,28.2,76.3809,0.0,29.1,0.129
2024-09-01 03:00:00+00:00,28.15,75.91433,0.0,28.95,0.129
2024-09-01 04:00:00+00:00,28.55,73.72263,0.0,29.0,0.129
2024-09-01 05:00:00+00:00,29.15,70.13649,0.0,29.5,0.13
2024-09-01 06:00:00+00:00,29.5,68.3188,0.0,30.3,0.13
2024-09-01 07:00:00+00:00,30.05,64.80148,0.0,31.25,0.13
2024-09-01 08:00:00+00:00,30.5,62.57837,0.0,32.5,0.129
2024-09-01 09:00:00+00:00,30.8,60.955864,0.0,33.65,0.129
2024-09-01 10:00:00+00:00,31.1,57.418236,0.0,34.65,0.129
2024-09-01 11:00:00+00:00,30.85,58.065285,0.0,35.25,0.128
2024-09-01 12:00:00+00:00,30.7,58.744328,0.0,35.6,0.128
2024-09-01 13:00:00+00:00,30.4,61.61249,0.0,35.75,0.126
2024-09-01 14:00:00+00:00,29.85,63.78267,0.0,35.1,0.126
2024-09-01 15:00:00+00:00,29.3,64.64446,0.0,34.1,0.126
2024-09-01 16:00:00+00:00,28.75,67.7597,0.0,32.9,0.125
2024-09-01 17:00:00+00:00,28.75,65.72413,0.0,31.9,0.125
2024-09-01 18:00:00+00:00,28.4,67.69085,0.0,31.1,0.125
2024-09-01 19:00:00+00:00,28.3,70.83487,0.0,30.5,0.125
2024-09-01 20:00:00+00:00,28.25,70.18267,0.0,30.0,0.125
2024-09-01 21:00:00+00:00,26.85,74.33886,0.2,29.4,0.127
2024-09-01 22:00:00+00:00,25.65,84.03423,0.1,28.7,0.127
2024-09-01 23:00:00+00:00,25.5,86.86428,0.0,28.2,0.127
2024-09-02 00:00:00+00:00,25.85,84.056076,0.2,27.75,0.129
2024-09-02 01:00:00+00:00,25.85,85.85388,0.0,28.5,0.114
2024-09-02 02:00:00+00:00,27.25,76.69853,0.0,27.7,0.114
2024-09-02 03:00:00+00:00,27.5,74.44572,0.0,27.3,0.114
2024-09-02 04:00:00+00:00,27.45,74.21172,0.0,27.3,0.114
2024-09-02 05:00:00+00:00,28.1,71.66453,0.0,27.95,0.114
2024-09-02 06:00:00+00:00,28.5,67.917336,0.0,29.15,0.114
2024-09-02 07:00:00+00:00,28.7,64.91459,0.0,30.45,0.115
2024-09-02 08:00:00+00:00,29.15,60.77093,0.1,31.9,0.115
2024-09-02 09:00:00+00:00,29.8,58.53468,0.0,33.0,0.115
2024-09-02 10:00:00+00:00,30.15,57.192795,0.0,34.25,0.115
2024-09-02 11:00:00+00:00,30.1,58.067177,0.0,35.1,0.115
2024-09-02 12:00:00+00:00,29.7,61.456924,0.0,35.35,0.114
2024-09-02 13:00:00+00:00,30.3,56.702785,0.0,36.0,0.116
2024-09-02 14:00:00+00:00,29.7,58.51129,0.0,35.3,0.115
2024-09-02 15:00:00+00:00,29.2,60.782215,0.0,34.3,0.115
2024-09-02 16:00:00+00:00,28.6,63.125626,0.0,33.0,0.115
2024-09-02 17:00:00+00:00,28.45,63.28753,0.0,31.9,0.115
2024-09-02 18:00:00+00:00,28.4,63.082226,0.0,31.05,0.115
2024-09-02 19:00:00+00:00,28.25,63.635048,0.0,30.4,0.115
2024-09-02 20:00:00+00:00,27.9,66.35948,0.0,29.85,0.115
2024-09-02 21:00:00+00:00,27.25,69.568695,0.0,29.3,0.115
2024-09-02 22:00:00+00:00,26.0,76.50767,0.0,28.75,0.115
2024-09-02 23:00:00+00:00,25.8,76.476944,0.0,28.2,0.115
2024-09-03 00:00:00+00:00,25.75,75.30512,0.0,27.7,0.115
2024-09-03 01:00:00+00:00,26.55,72.04766,0.0,28.45,0.111
2024-09-03 02:00:00+00:00,26.6,72.4999,0.0,28.0,0.111
2024-09-03 03:00:00+00:00,26.2,74.23138,0.0,27.7,0.111
2024-09-03 04:00:00+00:00,27.45,68.96943,0.0,27.65,0.111
2024-09-03 05:00:00+00:00,28.75,61.433556,0.0,28.6,0.111
2024-09-03 06:00:00+00:00,29.5,58.82605,0.0,30.0,0.111
2024-09-03 07:00:00+00:00,30.1,56.480408,0.0,31.7,0.11
2024-09-03 08:00:00+00:00,30.45,54.678967,0.0,33.35,0.11
2024-09-03 09:00:00+00:00,30.45,55.872356,0.0,34.75,0.11
2024-09-03 10:00:00+00:00,30.45,57.26414,0.0,35.75,0.11
2024-09-03 11:00:00+00:00,30.45,56.7387,0.0,36.3,0.11
2024-09-03 12:00:00+00:00,30.25,57.746655,0.0,36.4,0.11
2024-09-03 13:00:00+00:00,30.4,57.07663,0.0,36.05,0.111
2024-09-03 14:00:00+00:00,30.05,58.9539,0.0,35.4,0.111
2024-09-03 15:00:00+00:00,29.35,63.28785,0.0,34.35,0.111
2024-09-03 16:00:00+00:00,28.85,65.54421,0.0,33.1,0.111
2024-09-03 17:00:00+00:00,28.6,67.11339,0.0,32.0,0.111
2024-09-03 18:00:00+00:00,28.5,67.917336,0.0,31.2,0.111
2024-09-03 19:00:00+00:00,28.4,68.94056,0.0,30.55,0.111
2024-09-03 20:00:00+00:00,28.45,67.90755,0.0,30.05,0.111
2024-09-03 21:00:00+00:00,28.35,69.98808,0.0,29.7,0.111
2024-09-03 22:00:00+00:00,28.15,71.89136,0.0,29.4,0.111
2024-09-03 23:00:00+00:00,27.85,73.60528,0.0,29.1,0.111
2024-09-04 00:00:00+00:00,27.7,74.02806,0.0,28.85,0.111
2024-09-04 01:00:00+00:00,27.4,76.489365,0.0,29.05,0.11
2024-09-04 02:00:00+00:00,27.55,75.59141,0.0,28.7,0.11
2024-09-04 03:00:00+00:00,27.65,75.607155,0.0,28.55,0.11
2024-09-04 04:00:00+00:00,28.0,75.20653,0.0,28.55,0.11
2024-09-04 05:00:00+00:00,28.4,71.93552,0.1,29.05,0.111
2024-09-04 06:00:00+00:00,29.05,70.118,0.0,29.85,0.111
2024-09-04 07:00:00+00:00,29.5,68.73322,0.1,31.1,0.111
2024-09-04 08:00:00+00:00,29.95,68.61214,0.2,32.55,0.113
2024-09-04 09:00:00+00:00,29.9,70.48621,0.2,33.8,0.115
2024-09-04 10:00:00+00:00,30.55,66.89295,0.2,34.8,0.117
2024-09-04 11:00:00+00:00,30.55,67.49943,0.2,35.4,0.118
2024-09-04 12:00:00+00:00,31.0,65.39154,0.0,35.9,0.118
2024-09-04 13:00:00+00:00,30.95,65.97403,0.0,35.85,0.117
2024-09-04 14:00:00+00:00,30.45,68.91433,0.0,35.3,0.116
2024-09-04 15:00:00+00:00,29.9,69.0173,0.0,34.4,0.116
2024-09-04 16:00:00+00:00,29.05,73.584465,0.0,33.2,0.116
2024-09-04 17:00:00+00:00,28.65,75.536674,0.0,32.1,0.116
2024-09-04 18:00:00+00:00,28.45,75.732765,0.0,31.3,0.116
2024-09-04 19:00:00+00:00,28.4,75.497284,0.0,30.65,0.116
2024-09-04 20:00:00+00:00,28.4,75.95321,0.0,30.15,0.116
2024-09-04 21:00:00+00:00,28.4,76.18204,0.0,29.8,0.116
2024-09-04 22:00:00+00:00,28.3,75.93765,0.0,29.5,0.116
2024-09-04 23:00:00+00:00,28.3,75.70929,0.0,29.3,0.116
2024-09-05 00:00:00+00:00,27.85,77.72099,0.0,29.0,0.116
2024-09-05 01:00:00+00:00,27.85,82.77611,0.0,29.65,0.111
2024-09-05 02:00:00+00:00,28.1,79.17135,0.0,29.35,0.111
2024-09-05 03:00:00+00:00,28.15,77.06624,0.0,29.2,0.111
2024-09-05 04:00:00+00:00,28.05,77.051285,0.0,29.15,0.112
2024-09-05 05:00:00+00:00,28.75,70.916595,0.0,29.65,0.112
2024-09-05 06:00:00+00:00,28.8,70.284355,0.1,30.45,0.113
2024-09-05 07:00:00+00:00,28.9,71.58991,0.1,31.6,0.113
2024-09-05 08:00:00+00:00,29.2,70.78411,0.1,32.75,0.114
2024-09-05 09:00:00+00:00,29.2,70.78411,0.2,33.8,0.115
2024-09-05 10:00:00+00:00,29.7,69.60611,0.3,34.55,0.118
2024-09-05 11:00:00+00:00,30.05,68.42492,0.2,35.0,0.12
2024-09-05 12:00:00+00:00,30.4,66.0613,0.0,35.4,0.12
2024-09-05 13:00:00+00:00,29.4,71.24839,0.3,36.8,0.117
2024-09-05 14:00:00+00:00,28.55,74.61705,0.0,35.8,0.117
2024-09-05 15:00:00+00:00,28.2,75.92208,0.0,34.5,0.117
2024-09-05 16:00:00+00:00,27.7,79.59369,0.0,33.1,0.117
2024-09-05 17:00:00+00:00,27.8,81.05373,0.0,31.95,0.117
2024-09-05 18:00:00+00:00,28.4,81.85867,0.0,31.15,0.117
2024-09-05 19:00:00+00:00,28.2,87.108,0.0,30.6,0.117
2024-09-05 20:00:00+00:00,27.45,90.46932,0.0,30.05,0.117
2024-09-05 21:00:00+00:00,27.8,86.81396,0.1,29.55,0.118
2024-09-05 22:00:00+00:00,27.75,87.32696,0.0,29.2,0.118
2024-09-05 23:00:00+00:00,27.5,87.04543,0.0,28.85,0.119
2024-09-06 00:00:00+00:00,26.95,87.779434,0.0,28.5,0.119
2024-09-06 01:00:00+00:00,26.65,89.342415,0.0,29.5,0.112
2024-09-06 02:00:00+00:00,26.25,93.683914,0.0,29.0,0.112
2024-09-06 03:00:00+00:00,26.0,97.07901,0.0,28.55,0.112
2024-09-06 04:00:00+00:00,26.35,95.37423,0.0,28.45,0.112
2024-09-06 05:00:00+00:00,27.7,84.5081,0.0,29.2,0.111
2024-09-06 06:00:00+00:00,29.0,74.68994,0.0,30.8,0.111
2024-09-06 07:00:00+00:00,30.05,67.60472,0.0,32.7,0.111
2024-09-06 08:00:00+00:00,30.8,64.5668,0.0,34.5,0.111
2024-09-06 09:00:00+00:00,31.05,64.230736,0.0,35.95,0.111
2024-09-06 10:00:00+00:00,31.0,64.608574,0.0,37.05,0.111
2024-09-06 11:00:00+00:00,31.3,61.067596,0.0,37.6,0.111
2024-09-06 12:00:00+00:00,31.2,59.580826,0.0,37.75,0.111
2024-09-06 13:00:00+00:00,30.75,66.93271,0.0,37.35,0.115
2024-09-06 14:00:00+00:00,30.1,68.84778,0.0,36.6,0.114
2024-09-06 15:00:00+00:00,29.7,71.73166,0.0,35.45,0.114
2024-09-06 16:00:00+00:00,29.05,75.37328,0.0,34.05,0.114
2024-09-06 17:00:00+00:00,28.75,78.084885,0.0,32.85,0.114
2024-09-06 18:00:00+00:00,28.65,79.48383,0.0,31.95,0.114
2024-09-06 19:00:00+00:00,28.5,80.17911,0.0,31.25,0.114
2024-09-06 20:00:00+00:00,28.3,81.846504,0.0,30.65,0.114
2024-09-06 21:00:00+00:00,28.2,83.06392,0.0,30.2,0.114
2024-09-06 22:00:00+00:00,28.3,80.63357,0.0,29.85,0.114
2024-09-06 23:00:00+00:00,28.25,81.110535,0.0,29.55,0.114
2024-09-07 00:00:00+00:00,28.05,82.79936,0.0,29.3,0.114
2024-09-07 01:00:00+00:00,26.85,90.6985,0.0,29.55,0.113
2024-09-07 02:00:00+00:00,27.1,88.84534,0.0,29.1,0.113
2024-09-07 03:00:00+00:00,27.45,86.782005,0.0,28.75,0.113
2024-09-07 04:00:00+00:00,27.4,87.55657,0.0,28.65,0.113
2024-09-07 05:00:00+00:00,28.45,80.17253,0.0,29.5,0.113
2024-09-07 06:00:00+00:00,29.6,70.64371,0.0,30.95,0.112
2024-09-07 07:00:00+00:00,30.4,65.07094,0.0,32.7,0.112
2024-09-07 08:00:00+00:00,30.9,63.62017,0.0,34.45,0.112
2024-09-07 09:00:00+00:00,31.1,63.27959,0.0,35.95,0.112
2024-09-07 10:00:00+00:00,31.35,61.82225,0.0,37.1,0.112
2024-09-07 11:00:00+00:00,31.4,60.72113,0.0,37.65,0.112
2024-09-07 12:00:00+00:00,31.15,58.669678,0.0,37.9,0.111
2024-09-07 13:00:00+00:00,29.55,69.159325,0.0,36.95,0.118
2024-09-07 14:00:00+00:00,29.75,70.45877,0.0,36.15,0.118
2024-09-07 15:00:00+00:00,29.6,73.45604,0.0,35.15,0.117
2024-09-07 16:00:00+00:00,29.2,77.2222,0.0,33.85,0.117
2024-09-07 17:00:00+00:00,29.15,77.90938,0.0,32.75,0.117
2024-09-07 18:00:00+00:00,29.05,78.127846,0.0,31.95,0.117
2024-09-07 19:00:00+00:00,28.85,79.27403,0.0,31.35,0.117
2024-09-07 20:00:00+00:00,28.85,79.03785,0.0,30.8,0.118
2024-09-07 21:00:00+00:00,21.65,95.50555,5.9,29.1,0.195
2024-09-07 22:00:00+00:00,24.45,88.90523,0.1,27.65,0.196
2024-09-07 23:00:00+00:00,23.75,89.39417,0.0,26.95,0.196
2024-09-08 00:00:00+00:00,23.95,89.68201,0.0,26.65,0.196
2024-09-08 01:00:00+00:00,24.85,82.67464,0.0,27.6,0.12
2024-09-08 02:00:00+00:00,24.8,85.49,0.0,27.15,0.12
2024-09-08 03:00:00+00:00,24.75,86.53191,0.0,26.85,0.12
2024-09-08 04:00:00+00:00,23.9,88.861984,0.0,26.55,0.121
2024-09-08 05:00:00+00:00,24.45,85.194214,0.0,26.7,0.121
2024-09-08 06:00:00+00:00,26.1,80.103355,0.0,27.55,0.121
2024-09-08 07:00:00+00:00,28.0,72.96395,0.0,29.45,0.12
2024-09-08 08:00:00+00:00,29.25,67.652176,0.0,31.55,0.12
2024-09-08 09:00:00+00:00,29.85,65.749794,0.5,33.25,0.125
2024-09-08 10:00:00+00:00,30.2,65.42435,0.3,34.55,0.127
2024-09-08 11:00:00+00:00,30.7,63.770134,0.3,35.65,0.129
2024-09-08 12:00:00+00:00,30.75,64.751495,0.0,36.35,0.128
2024-09-08 13:00:00+00:00,28.4,69.57297,0.0,36.15,0.133
2024-09-08 14:00:00+00:00,28.4,70.21047,0.0,35.6,0.133
2024-09-08 15:00:00+00:00,28.2,71.24833,0.0,34.5,0.133
2024-09-08 16:00:00+00:00,28.1,72.320175,0.0,33.1,0.132
2024-09-08 17:00:00+00:00,27.9,74.73706,0.0,31.85,0.132
2024-09-08 18:00:00+00:00,27.75,77.47246,0.0,30.9,0.132
2024-09-08 19:00:00+00:00,27.35,81.73042,0.0,30.15,0.132
2024-09-08 20:00:00+00:00,26.5,86.95532,0.0,29.4,0.132
2024-09-08 21:00:00+00:00,26.8,86.46311,0.0,28.8,0.132
2024-09-08 22:00:00+00:00,25.75,95.07002,0.0,28.4,0.132
2024-09-08 23:00:00+00:00,26.1,95.36582,0.0,28.1,0.132
2024-09-09 00:00:00+00:00,25.75,97.073654,0.0,27.9,0.132
2024-09-09 01:00:00+00:00,25.1,81.70048,0.0,27.5,0.134
2024-09-09 02:00:00+00:00,24.9,84.20817,0.0,27.2,0.134
2024-09-09 03:00:00+00:00,24.75,83.16976,0.0,26.95,0.134
2024-09-09 04:00:00+00:00,25.3,79.508606,0.0,26.9,0.134
2024-09-09 05:00:00+00:00,26.85,71.00388,0.0,27.6,0.134
2024-09-09 06:00:00+00:00,28.7,65.1136,0.0,29.1,0.134
2024-09-09 07:00:00+00:00,29.75,66.935455,0.0,31.05,0.133
2024-09-09 08:00:00+00:00,30.35,67.257225,0.0,33.0,0.133
2024-09-09 09:00:00+00:00,30.95,65.97403,0.0,34.7,0.132
2024-09-09 10:00:00+00:00,31.3,65.4531,0.0,36.1,0.131
2024-09-09 11:00:00+00:00,31.45,65.87762,0.0,37.05,0.13
2024-09-09 12:00:00+00:00,31.3,66.64155,0.0,37.45,0.13
2024-09-09 13:00:00+00:00,30.95,64.98866,0.0,37.25,0.13
2024-09-09 14:00:00+00:00,30.6,63.942116,0.0,36.4,0.13
2024-09-09 15:00:00+00:00,29.75,66.12923,0.0,35.15,0.13
2024-09-09 16:00:00+00:00,28.65,73.51734,0.0,33.5,0.13
2024-09-09 17:00:00+00:00,28.25,77.77921,0.0,32.15,0.129
2024-09-09 18:00:00+00:00,27.95,79.86673,0.0,31.1,0.129
2024-09-09 19:00:00+00:00,27.7,80.31452,0.0,30.25,0.129
2024-09-09 20:00:00+00:00,27.55,79.813286,0.0,29.65,0.129
2024-09-09 21:00:00+00:00,27.45,78.606186,0.0,29.15,0.129
2024-09-09 22:00:00+00:00,27.25,78.57799,0.0,28.7,0.129
2024-09-09 23:00:00+00:00,26.8,81.17129,0.0,28.3,0.129
2024-09-10 00:00:00+00:00,25.95,86.38314,0.0,27.85,0.129
2024-09-10 01:00:00+00:00,26.65,85.67431,0.0,28.0,0.128
2024-09-10 02:00:00+00:00,27.0,83.42596,0.0,27.55,0.128
2024-09-10 03:00:00+00:00,26.7,85.42241,0.0,27.25,0.128
2024-09-10 04:00:00+00:00,26.75,89.08355,0.0,27.2,0.128
2024-09-10 05:00:00+00:00,28.45,75.27817,0.0,28.2,0.128
2024-09-10 06:00:00+00:00,29.15,71.41866,0.1,29.7,0.128
2024-09-10 07:00:00+00:00,29.85,67.56544,0.1,31.35,0.129
2024-09-10 08:00:00+00:00,30.3,64.462006,0.0,33.0,0.128
2024-09-10 09:00:00+00:00,30.55,63.353214,0.0,34.5,0.128
2024-09-10 10:00:00+00:00,30.6,62.600132,0.0,35.6,0.127
2024-09-10 11:00:00+00:00,30.55,62.210346,0.0,36.25,0.127
2024-09-10 12:00:00+00:00,30.4,62.937798,0.0,36.35,0.126
2024-09-10 13:00:00+00:00,29.95,64.38838,0.0,36.15,0.126
2024-09-10 14:00:00+00:00,29.4,68.50652,0.0,35.35,0.126
2024-09-10 15:00:00+00:00,28.65,72.635124,0.0,34.1,0.125
2024-09-10 16:00:00+00:00,28.0,75.66219,0.0,32.7,0.125
2024-09-10 17:00:00+00:00,27.8,77.013885,0.0,31.5,0.125
2024-09-10 18:00:00+00:00,27.65,77.45775,0.0,30.6,0.125
2024-09-10 19:00:00+00:00,27.4,77.18704,0.0,29.9,0.125
2024-09-10 20:00:00+00:00,27.0,77.832146,0.0,29.25,0.125
2024-09-10 21:00:00+00:00,26.2,80.60466,0.0,28.65,0.125
2024-09-10 22:00:00+00:00,26.0,80.09004,0.0,28.15,0.125
2024-09-10 23:00:00+00:00,25.7,81.27861,0.0,27.7,0.125
2024-09-11 00:00:00+00:00,25.2,83.984856,0.1,27.35,0.126
2024-09-11 01:00:00+00:00,26.1,84.083336,0.0,28.15,0.123
2024-09-11 02:00:00+00:00,25.9,84.57165,0.0,27.6,0.123
2024-09-11 03:00:00+00:00,26.0,81.06983,0.0,27.25,0.123
2024-09-11 04:00:00+00:00,26.35,78.92891,0.0,27.1,0.123
2024-09-11 05:00:00+00:00,27.4,72.19758,0.0,27.7,0.124
2024-09-11 06:00:00+00:00,28.1,67.631645,0.3,28.95,0.126
2024-09-11 07:00:00+00:00,29.1,61.322937,0.2,30.2,0.128
2024-09-11 08:00:00+00:00,29.75,58.703354,0.0,31.7,0.128
2024-09-11 09:00:00+00:00,29.8,58.895847,0.1,32.9,0.128
2024-09-11 10:00:00+00:00,30.15,56.666824,0.0,34.05,0.128
2024-09-11 11:00:00+00:00,30.0,58.94229,0.0,34.8,0.127
2024-09-11 12:00:00+00:00,29.9,59.46429,0.0,35.15,0.127
2024-09-11 13:00:00+00:00,29.25,61.545177,0.0,35.0,0.129
2024-09-11 14:00:00+00:00,29.0,62.059074,0.0,34.35,0.129
2024-09-11 15:00:00+00:00,28.45,66.26813,0.0,33.3,0.128
2024-09-11 16:00:00+00:00,27.75,71.16715,0.0,32.0,0.128
2024-09-11 17:00:00+00:00,27.7,70.294914,0.0,30.95,0.128
2024-09-11 18:00:00+00:00,27.55,71.56644,0.0,30.1,0.128
2024-09-11 19:00:00+00:00,27.5,73.99484,0.0,29.5,0.128
2024-09-11 20:00:00+00:00,27.6,73.11733,0.0,29.05,0.128
2024-09-11 21:00:00+00:00,27.6,70.2764,0.0,28.7,0.128
2024-09-11 22:00:00+00:00,26.55,75.203,0.0,28.3,0.128
2024-09-11 23:00:00+00:00,25.55,84.27856,0.0,27.85,0.128
2024-09-12 00:00:00+00:00,25.25,86.84138,0.0,27.45,0.128
2024-09-12 01:00:00+00:00,25.75,81.78078,0.0,27.85,0.125
2024-09-12 02:00:00+00:00,27.0,76.89362,0.0,27.45,0.125
2024-09-12 03:00:00+00:00,26.75,79.94728,0.0,27.25,0.125
2024-09-12 04:00:00+00:00,26.35,83.857185,0.0,27.2,0.125
2024-09-12 05:00:00+00:00,27.3,77.8758,0.1,27.9,0.126
2024-09-12 06:00:00+00:00,28.8,67.976036,0.0,29.2,0.126
2024-09-12 07:00:00+00:00,29.95,60.951126,0.0,31.0,0.126
2024-09-12 08:00:00+00:00,30.9,56.325855,0.0,32.9,0.125
2024-09-12 09:00:00+00:00,31.3,55.056194,0.0,34.3,0.125
2024-09-12 10:00:00+00:00,31.05,58.8255,0.0,35.3,0.124
2024-09-12 11:00:00+00:00,30.85,59.68226,0.0,35.9,0.124
2024-09-12 12:00:00+00:00,30.6,61.096733,0.0,36.1,0.123
2024-09-12 13:00:00+00:00,30.15,66.611694,0.0,36.15,0.123
2024-09-12 14:00:00+00:00,29.7,68.771484,0.0,35.35,0.123
2024-09-12 15:00:00+00:00,29.15,71.63433,0.0,34.2,0.122
2024-09-12 16:00:00+00:00,28.65,74.408905,0.0,32.8,0.122
2024-09-12 17:00:00+00:00,28.6,72.846214,0.0,31.7,0.122
2024-09-12 18:00:00+00:00,28.45,73.7059,0.0,30.9,0.122
2024-09-12 19:00:00+00:00,28.35,72.58323,0.0,30.25,0.122
2024-09-12 20:00:00+00:00,28.1,71.66453,0.0,29.7,0.122
2024-09-12 21:00:00+00:00,27.5,73.10024,0.0,29.15,0.122
2024-09-12 22:00:00+00:00,26.65,77.0749,0.0,28.6,0.122
2024-09-12 23:00:00+00:00,25.7,82.52363,0.0,28.0,0.122
2024-09-13 00:00:00+00:00,27.15,75.757996,0.0,27.5,0.122
2024-09-13 01:00:00+00:00,26.65,83.63802,0.0,28.05,0.121
2024-09-13 02:00:00+00:00,26.55,85.66445,0.0,27.55,0.121
2024-09-13 03:00:00+00:00,26.65,84.90567,0.0,27.2,0.121
2024-09-13 04:00:00+00:00,26.55,85.66445,0.0,27.1,0.121
2024-09-13 05:00:00+00:00,28.15,73.655685,0.0,28.0,0.121
2024-09-13 06:00:00+00:00,29.1,67.41755,0.0,29.5,0.121
2024-09-13 07:00:00+00:00,29.65,64.71784,0.0,31.15,0.121
2024-09-13 08:00:00+00:00,30.1,62.111538,0.0,32.75,0.12
2024-09-13 09:00:00+00:00,30.45,60.32299,0.0,34.1,0.12
2024-09-13 10:00:00+00:00,30.65,60.001423,0.0,35.15,0.119
2024-09-13 11:00:00+00:00,30.7,61.305176,0.0,35.8,0.119
2024-09-13 12:00:00+00:00,30.35,63.31028,0.0,36.0,0.119
2024-09-13 13:00:00+00:00,29.4,66.05803,0.0,35.8,0.12
2024-09-13 14:00:00+00:00,29.05,67.81857,0.0,34.95,0.119
2024-09-13 15:00:00+00:00,28.95,66.97896,0.0,33.8,0.119
2024-09-13 16:00:00+00:00,28.35,71.2753,0.0,32.5,0.119
2024-09-13 17:00:00+00:00,28.0,74.97957,0.0,31.45,0.119
2024-09-13 18:00:00+00:00,27.8,76.55041,0.0,30.6,0.119
2024-09-13 19:00:00+00:00,27.6,76.9839,0.0,30.0,0.119
2024-09-13 20:00:00+00:00,27.55,76.51228,0.0,29.5,0.119
2024-09-13 21:00:00+00:00,27.5,76.04284,0.0,29.1,0.119
2024-09-13 22:00:00+00:00,27.65,74.244736,0.0,28.8,0.119
2024-09-13 23:00:00+00:00,27.6,74.23649,0.0,28.6,0.119
2024-09-14 00:00:00+00:00,27.4,75.11055,0.0,28.35,0.119
2024-09-14 01:00:00+00:00,27.15,77.14975,0.0,29.15,0.118
2024-09-14 02:00:00+00:00,27.1,76.44343,0.0,28.7,0.118
2024-09-14 03:00:00+00:00,27.4,73.52949,0.0,28.4,0.118
2024-09-14 04:00:00+00:00,27.95,70.77105,0.0,28.35,0.118
2024-09-14 05:00:00+00:00,28.9,65.15526,0.0,28.9,0.118
2024-09-14 06:00:00+00:00,29.4,63.49235,0.0,30.0,0.118
2024-09-14 07:00:00+00:00,29.75,61.468056,0.0,31.35,0.118
2024-09-14 08:00:00+00:00,30.2,58.628025,0.0,32.8,0.117
2024-09-14 09:00:00+00:00,30.45,57.08853,0.0,34.0,0.117
2024-09-14 10:00:00+00:00,30.45,58.506786,0.0,34.75,0.117
2024-09-14 11:00:00+00:00,30.35,59.75013,0.0,35.3,0.116
2024-09-14 12:00:00+00:00,30.25,57.569496,0.0,35.45,0.116
2024-09-14 13:00:00+00:00,29.25,58.04594,0.0,35.3,0.117
2024-09-14 14:00:00+00:00,28.9,58.14323,0.0,34.5,0.117
2024-09-14 15:00:00+00:00,28.4,58.56883,0.0,33.35,0.117
2024-09-14 16:00:00+00:00,27.95,62.01785,0.0,32.1,0.117
2024-09-14 17:00:00+00:00,27.75,65.71962,0.0,31.05,0.117
2024-09-14 18:00:00+00:00,27.45,68.75825,0.0,30.25,0.117
2024-09-14 19:00:00+00:00,27.25,70.42688,0.0,29.6,0.117
2024-09-14 20:00:00+00:00,27.15,70.1929,0.0,29.05,0.117
2024-09-14 21:00:00+00:00,27.1,68.902245,0.0,28.65,0.117
2024-09-14 22:00:00+00:00,27.0,69.73536,0.0,28.3,0.117
2024-09-14 23:00:00+00:00,26.95,71.67806,0.0,28.0,0.117
2024-09-15 00:00:00+00:00,26.15,76.5307,0.0,27.7,0.117
2024-09-15 01:00:00+00:00,26.2,77.71524,0.0,28.4,0.115
2024-09-15 02:00:00+00:00,26.9,73.44489,0.0,27.9,0.115
2024-09-15 03:00:00+00:00,25.7,80.05007,0.0,27.6,0.115
2024-09-15 04:00:00+00:00,26.5,76.118706,0.0,27.55,0.115
2024-09-15 05:00:00+00:00,27.25,73.72836,0.0,28.2,0.115
2024-09-15 06:00:00+00:00,27.7,73.356926,0.2,29.05,0.116
2024-09-15 07:00:00+00:00,28.65,68.361694,0.1,30.25,0.117
2024-09-15 08:00:00+00:00,29.6,62.57275,0.0,31.6,0.116
2024-09-15 09:00:00+00:00,29.75,59.065563,0.0,32.95,0.116
2024-09-15 10:00:00+00:00,29.9,58.55804,0.0,34.25,0.116
2024-09-15 11:00:00+00:00,30.4,58.31614,0.0,35.2,0.116
2024-09-15 12:00:00+00:00,29.15,68.45835,0.1,35.3,0.116
2024-09-15 13:00:00+00:00,29.45,63.89193,0.0,35.15,0.114
2024-09-15 14:00:00+00:00,29.35,58.609955,0.0,34.45,0.114
2024-09-15 15:00:00+00:00,28.35,66.0452,0.0,33.3,0.114
2024-09-15 16:00:00+00:00,27.7,70.94147,0.0,32.05,0.114
2024-09-15 17:00:00+00:00,27.5,70.473015,0.0,31.0,0.114
2024-09-15 18:00:00+00:00,27.6,66.70758,0.0,30.25,0.114
2024-09-15 19:00:00+00:00,27.45,66.88283,0.0,29.7,0.114
2024-09-15 20:00:00+00:00,27.4,66.46207,0.0,29.25,0.114
2024-09-15 21:00:00+00:00,27.35,66.24731,0.0,28.9,0.114
2024-09-15 22:00:00+00:00,27.3,64.221146,0.0,28.6,0.114
2024-09-15 23:00:00+00:00,27.25,63.61615,0.0,28.35,0.114
2024-09-16 00:00:00+00:00,27.25,62.441963,0.0,28.2,0.114
2024-09-16 01:00:00+00:00,27.0,63.759872,0.0,28.65,0.113
2024-09-16 02:00:00+00:00,27.0,62.19266,0.0,28.35,0.113
2024-09-16 03:00:00+00:00,26.65,62.699413,0.0,28.05,0.113
2024-09-16 04:00:00+00:00,26.75,60.602287,0.0,27.85,0.113
2024-09-16 05:00:00+00:00,27.5,54.803913,0.0,28.2,0.113
2024-09-16 06:00:00+00:00,28.45,50.556732,0.0,29.1,0.113
2024-09-16 07:00:00+00:00,29.1,47.46875,0.0,30.2,0.112
2024-09-16 08:00:00+00:00,29.5,46.828,0.0,31.35,0.112
2024-09-16 09:00:00+00:00,28.75,53.248093,0.0,31.75,0.112
2024-09-16 10:00:00+00:00,29.05,54.163536,0.0,32.5,0.112
2024-09-16 11:00:00+00:00,28.65,56.833744,0.2,32.85,0.114
2024-09-16 12:00:00+00:00,28.35,59.658203,0.1,32.85,0.115
2024-09-16 13:00:00+00:00,28.35,55.18691,0.0,32.8,0.119
2024-09-16 14:00:00+00:00,27.65,60.618465,0.0,32.25,0.119
2024-09-16 15:00:00+00:00,27.4,60.372963,0.1,31.35,0.119
2024-09-16 16:00:00+00:00,26.85,63.925972,0.1,30.25,0.12
2024-09-16 17:00:00+00:00,26.45,67.09529,0.1,29.35,0.12
2024-09-16 18:00:00+00:00,25.9,70.61154,0.4,28.55,0.124
2024-09-16 19:00:00+00:00,26.25,69.59369,0.0,27.75,0.124
2024-09-16 20:00:00+00:00,26.55,65.06507,0.0,27.4,0.124
2024-09-16 21:00:00+00:00,26.6,65.278046,0.0,27.15,0.124
2024-09-16 22:00:00+00:00,26.55,65.47068,0.0,27.05,0.124
2024-09-16 23:00:00+00:00,26.55,63.06991,0.0,27.0,0.124
2024-09-17 00:00:00+00:00,26.55,61.128624,0.0,26.9,0.124
2024-09-17 01:00:00+00:00,26.95,56.779095,0.0,28.85,0.117
2024-09-17 02:00:00+00:00,26.25,60.29794,0.0,28.3,0.117
2024-09-17 03:00:00+00:00,25.85,61.354588,0.0,27.85,0.117
2024-09-17 04:00:00+00:00,25.7,61.902573,0.0,27.45,0.117
2024-09-17 05:00:00+00:00,27.0,54.162556,0.0,27.8,0.117
2024-09-17 06:00:00+00:00,27.95,49.474236,0.0,28.7,0.116
2024-09-17 07:00:00+00:00,28.4,46.384907,0.0,29.85,0.116
2024-09-17 08:00:00+00:00,28.8,45.61078,0.0,31.25,0.116
2024-09-17 09:00:00+00:00,29.0,44.228577,0.0,32.5,0.116
2024-09-17 10:00:00+00:00,29.05,43.399742,0.0,33.55,0.116
2024-09-17 11:00:00+00:00,29.15,43.149445,0.0,34.35,0.115
2024-09-17 12:00:00+00:00,29.2,43.86006,0.0,34.75,0.115
2024-09-17 13:00:00+00:00,28.75,48.13428,0.0,34.4,0.117
2024-09-17 14:00:00+00:00,28.45,49.29177,0.0,33.65,0.117
2024-09-17 15:00:00+00:00,28.0,49.487373,0.0,32.55,0.117
2024-09-17 16:00:00+00:00,27.3,54.754227,0.0,31.25,0.117
2024-09-17 17:00:00+00:00,27.1,56.815422,0.0,30.2,0.117
2024-09-17 18:00:00+00:00,27.25,57.570717,0.0,29.4,0.117
2024-09-17 19:00:00+00:00,27.4,57.24631,0.0,28.85,0.117
2024-09-17 20:00:00+00:00,27.25,60.15052,0.0,28.6,0.117
2024-09-17 21:00:00+00:00,26.45,65.65354,0.0,28.2,0.117
2024-09-17 22:00:00+00:00,25.55,70.3284,0.0,27.75,0.117
2024-09-17 23:00:00+00:00,27.0,62.972,0.0,27.2,0.117
2024-09-18 00:00:00+00:00,26.65,64.48206,0.0,26.7,0.117
2024-09-18 01:00:00+00:00,26.45,67.93154,0.0,26.75,0.117
2024-09-18 02:00:00+00:00,23.85,82.302055,0.0,26.25,0.117
2024-09-18 03:00:00+00:00,24.15,80.83219,0.0,25.9,0.117
2024-09-18 04:00:00+00:00,24.3,76.95631,0.0,25.8,0.117
2024-09-18 05:00:00+00:00,26.15,66.61956,0.0,26.5,0.117
2024-09-18 06:00:00+00:00,27.95,56.487762,0.0,28.0,0.117
2024-09-18 07:00:00+00:00,28.9,55.322132,0.0,30.1,0.117
2024-09-18 08:00:00+00:00,29.55,54.45687,0.0,32.2,0.116
2024-09-18 09:00:00+00:00,30.15,51.63587,0.0,33.95,0.116
2024-09-18 10:00:00+00:00,30.0,52.899807,0.0,35.15,0.116
2024-09-18 11:00:00+00:00,29.85,55.382767,0.0,35.7,0.115
2024-09-18 12:00:00+00:00,29.35,56.649685,0.0,35.6,0.115
2024-09-18 13:00:00+00:00,28.3,62.866425,0.0,34.0,0.12
2024-09-18 14:00:00+00:00,27.9,66.973335,0.0,33.0,0.119
2024-09-18 15:00:00+00:00,27.3,70.00599,0.0,31.9,0.119
2024-09-18 16:00:00+00:00,27.15,66.2064,0.0,30.8,0.119
2024-09-18 17:00:00+00:00,26.85,66.76166,0.0,29.9,0.119
2024-09-18 18:00:00+00:00,26.6,71.39581,0.0,29.2,0.119
2024-09-18 19:00:00+00:00,26.65,71.844574,0.0,28.65,0.119
2024-09-18 20:00:00+00:00,26.9,69.50249,0.0,28.35,0.119
2024-09-18 21:00:00+00:00,26.85,69.7071,0.0,28.1,0.119
2024-09-18 22:00:00+00:00,26.45,70.930916,0.0,27.8,0.119
2024-09-18 23:00:00+00:00,26.45,71.808945,0.0,27.55,0.119
2024-09-19 00:00:00+00:00,25.6,76.681046,0.0,27.25,0.119
2024-09-19 01:00:00+00:00,23.2,84.02194,0.0,27.0,0.111
2024-09-19 02:00:00+00:00,23.6,84.06605,0.0,26.1,0.111
2024-09-19 03:00:00+00:00,23.95,86.19233,0.2,25.85,0.113
2024-09-19 04:00:00+00:00,20.15,96.64914,7.6,24.8,0.218
2024-09-19 05:00:00+00:00,21.1,91.72161,1.7,24.15,0.24
2024-09-19 06:00:00+00:00,23.0,82.45409,0.0,24.65,0.24
2024-09-19 07:00:00+00:00,24.35,77.68125,0.0,25.75,0.239
2024-09-19 08:00:00+00:00,25.65,72.33326,0.1,27.25,0.239
2024-09-19 09:00:00+00:00,25.6,75.049934,0.2,28.1,0.239
2024-09-19 10:00:00+00:00,26.05,73.300186,0.1,29.15,0.237
2024-09-19 11:00:00+00:00,26.3,73.34286,0.2,30.0,0.237
2024-09-19 12:00:00+00:00,26.5,73.152374,0.4,30.25,0.239
2024-09-19 13:00:00+00:00,25.5,69.235596,0.1,31.3,0.134
2024-09-19 14:00:00+00:00,25.9,67.8228,0.0,30.95,0.134
2024-09-19 15:00:00+00:00,25.8,69.07845,0.0,30.2,0.134
2024-09-19 16:00:00+00:00,25.4,72.28917,0.0,29.2,0.134
2024-09-19 17:00:00+00:00,24.25,79.11964,1.3,28.3,0.148
2024-09-19 18:00:00+00:00,23.35,82.49612,0.0,27.0,0.148
2024-09-19 19:00:00+00:00,22.65,87.13604,0.0,25.9,0.148
2024-09-19 20:00:00+00:00,22.3,88.73467,0.0,25.25,0.148
2024-09-19 21:00:00+00:00,22.95,83.99429,0.0,24.9,0.148
2024-09-19 22:00:00+00:00,23.0,85.04438,0.0,24.5,0.148
2024-09-19 23:00:00+00:00,23.05,86.37088,0.0,24.35,0.148
2024-09-20 00:00:00+00:00,22.15,92.635414,0.0,24.2,0.148
2024-09-20 01:00:00+00:00,23.95,90.229744,0.0,24.6,0.177
2024-09-20 02:00:00+00:00,22.35,94.94598,0.0,24.3,0.176
2024-09-20 03:00:00+00:00,22.7,93.23372,0.0,24.05,0.176
2024-09-20 04:00:00+00:00,23.0,90.71738,0.0,23.9,0.176
2024-09-20 05:00:00+00:00,24.0,87.25765,0.0,24.45,0.176
2024-09-20 06:00:00+00:00,25.45,78.08203,0.0,25.65,0.176
2024-09-20 07:00:00+00:00,26.5,72.26031,0.1,27.25,0.176
2024-09-20 08:00:00+00:00,27.15,68.70036,0.1,28.95,0.176
2024-09-20 09:00:00+00:00,27.55,66.28818,0.1,30.45,0.175
2024-09-20 10:00:00+00:00,27.85,65.33697,0.0,31.6,0.174
2024-09-20 11:00:00+00:00,27.95,64.55803,0.0,32.4,0.172
2024-09-20 12:00:00+00:00,26.75,69.26038,0.3,32.05,0.174
2024-09-20 13:00:00+00:00,24.85,79.203224,0.0,30.75,0.168
2024-09-20 14:00:00+00:00,24.85,78.96024,0.0,29.9,0.167
2024-09-20 15:00:00+00:00,24.65,80.40169,0.0,28.9,0.167
2024-09-20 16:00:00+00:00,24.4,82.62137,0.0,27.95,0.167
2024-09-20 17:00:00+00:00,24.0,85.14795,0.1,27.15,0.168
2024-09-20 18:00:00+00:00,23.8,83.315895,0.0,26.55,0.168
2024-09-20 19:00:00+00:00,22.9,88.78266,0.0,25.9,0.168
2024-09-20 20:00:00+00:00,23.3,88.001396,0.0,25.4,0.168
2024-09-20 21:00:00+00:00,23.15,91.28401,0.0,25.05,0.168
2024-09-20 22:00:00+00:00,23.9,87.2487,0.0,24.7,0.168
2024-09-20 23:00:00+00:00,22.75,90.42276,0.5,24.35,0.173
2024-09-21 00:00:00+00:00,22.35,94.36635,0.0,24.05,0.173
2024-09-21 01:00:00+00:00,21.1,88.91431,0.0,24.45,0.162
2024-09-21 02:00:00+00:00,20.8,90.28737,0.0,23.65,0.162
2024-09-21 03:00:00+00:00,20.95,89.7374,0.0,23.25,0.162
2024-09-21 04:00:00+00:00,21.0,91.4312,0.0,23.0,0.162
2024-09-21 05:00:00+00:00,22.5,85.52045,0.0,23.55,0.162
2024-09-21 06:00:00+00:00,23.75,80.78025,0.0,24.75,0.162
2024-09-21 07:00:00+00:00,24.95,75.64218,0.0,26.25,0.161
2024-09-21 08:00:00+00:00,26.25,67.26343,0.0,28.2,0.16
2024-09-21 09:00:00+00:00,27.05,64.96844,0.0,30.1,0.159
2024-09-21 10:00:00+00:00,27.3,64.61996,0.0,31.55,0.158
2024-09-21 11:00:00+00:00,27.4,64.44153,0.0,32.3,0.157
2024-09-21 12:00:00+00:00,27.2,64.59879,0.0,32.45,0.156
2024-09-21 13:00:00+00:00,26.6,71.39581,0.1,32.4,0.158
2024-09-21 14:00:00+00:00,26.4,72.46495,0.0,31.65,0.158
2024-09-21 15:00:00+00:00,26.0,74.65511,0.0,30.55,0.158
2024-09-21 16:00:00+00:00,25.1,78.03119,0.0,29.3,0.157
2024-09-21 17:00:00+00:00,24.45,78.177246,0.0,28.3,0.157
2024-09-21 18:00:00+00:00,24.0,80.06813,0.0,27.45,0.157
2024-09-21 19:00:00+00:00,22.2,83.650215,0.7,26.3,0.164
2024-09-21 20:00:00+00:00,22.4,84.19429,0.0,25.35,0.164
2024-09-21 21:00:00+00:00,21.8,87.6009,0.0,24.7,0.164
2024-09-21 22:00:00+00:00,22.9,82.18672,0.0,24.2,0.164
2024-09-21 23:00:00+00:00,22.7,84.75042,0.0,23.8,0.164
2024-09-22 00:00:00+00:00,20.7,96.06669,0.0,23.5,0.164
2024-09-22 01:00:00+00:00,20.95,91.14438,0.4,23.7,0.187
2024-09-22 02:00:00+00:00,20.85,90.85482,0.0,23.1,0.187
2024-09-22 03:00:00+00:00,21.15,88.366135,0.0,22.8,0.186
2024-09-22 04:00:00+00:00,21.55,84.36379,0.0,22.6,0.187
2024-09-22 05:00:00+00:00,22.5,76.9213,0.0,23.1,0.187
2024-09-22 06:00:00+00:00,22.65,77.42782,0.1,24.1,0.187
2024-09-22 07:00:00+00:00,22.45,78.12888,1.1,24.55,0.199
2024-09-22 08:00:00+00:00,22.3,79.83808,0.4,25.1,0.202
2024-09-22 09:00:00+00:00,21.15,82.48829,2.2,24.5,0.229
2024-09-22 10:00:00+00:00,23.8,72.45701,0.0,25.55,0.228
2024-09-22 11:00:00+00:00,24.35,72.55396,0.1,26.7,0.227
2024-09-22 12:00:00+00:00,24.15,75.04672,0.1,27.45,0.227
2024-09-22 13:00:00+00:00,23.2,70.1069,0.0,28.8,0.213
2024-09-22 14:00:00+00:00,23.15,71.88796,0.0,28.35,0.212
2024-09-22 15:00:00+00:00,22.95,72.53434,0.0,27.5,0.212
2024-09-22 16:00:00+00:00,22.05,79.05683,0.0,26.35,0.212
2024-09-22 17:00:00+00:00,21.65,81.01112,0.0,25.35,0.211
2024-09-22 18:00:00+00:00,21.9,83.87739,0.0,24.75,0.211
2024-09-22 19:00:00+00:00,21.45,85.413536,0.0,24.2,0.211
2024-09-22 20:00:00+00:00,20.95,88.62556,0.0,23.75,0.211
2024-09-22 21:00:00+00:00,20.6,89.711494,0.0,23.35,0.21
2024-09-22 22:00:00+00:00,20.55,89.707794,0.0,23.0,0.21
2024-09-22 23:00:00+00:00,20.45,91.3969,0.0,22.75,0.21
2024-09-23 00:00:00+00:00,20.6,90.83823,0.0,22.55,0.21
2024-09-23 01:00:00+00:00,21.3,85.66546,0.0,22.75,0.221
2024-09-23 02:00:00+00:00,20.7,83.479095,0.0,22.55,0.22
2024-09-23 03:00:00+00:00,20.45,80.598854,0.0,22.3,0.22
2024-09-23 04:00:00+00:00,20.3,81.09138,0.0,22.1,0.22
2024-09-23 05:00:00+00:00,21.75,73.94577,0.0,22.6,0.219
2024-09-23 06:00:00+00:00,24.25,58.32277,0.0,23.8,0.218
2024-09-23 07:00:00+00:00,25.65,47.613964,0.0,25.4,0.216
2024-09-23 08:00:00+00:00,26.4,46.29251,0.0,27.2,0.214
2024-09-23 09:00:00+00:00,26.4,55.40279,0.0,28.65,0.212
2024-09-23 10:00:00+00:00,26.4,59.766342,0.0,29.8,0.209
2024-09-23 11:00:00+00:00,26.55,56.86149,0.0,30.45,0.207
2024-09-23 12:00:00+00:00,26.55,55.089375,0.0,30.6,0.205
2024-09-23 13:00:00+00:00,26.95,54.667095,0.0,30.6,0.202
2024-09-23 14:00:00+00:00,26.65,53.22168,0.0,30.0,0.201
2024-09-23 15:00:00+00:00,26.1,56.393314,0.0,28.95,0.2
2024-09-23 16:00:00+00:00,25.1,67.87551,0.0,27.7,0.2
2024-09-23 17:00:00+00:00,24.9,68.9047,0.0,26.75,0.199
2024-09-23 18:00:00+00:00,23.55,76.60298,0.0,25.9,0.199
2024-09-23 19:00:00+00:00,22.5,80.868416,0.0,25.1,0.199
2024-09-23 20:00:00+00:00,22.3,82.36959,0.0,24.5,0.199
2024-09-23 21:00:00+00:00,21.9,88.70251,0.0,24.0,0.199
2024-09-23 22:00:00+00:00,21.55,91.46534,0.0,23.6,0.199
2024-09-23 23:00:00+00:00,21.25,91.730644,0.0,23.3,0.199
2024-09-24 00:00:00+00:00,21.05,92.00368,0.0,22.95,0.198
2024-09-24 01:00:00+00:00,22.1,92.06445,0.0,23.6,0.194
2024-09-24 02:00:00+00:00,21.95,91.77251,0.0,23.3,0.194
2024-09-24 03:00:00+00:00,20.95,93.725784,0.0,22.9,0.194
2024-09-24 04:00:00+00:00,22.0,92.62736,0.0,22.75,0.194
2024-09-24 05:00:00+00:00,23.3,84.033005,0.0,23.3,0.194
2024-09-24 06:00:00+00:00,25.15,71.1327,0.0,24.5,0.193
2024-09-24 07:00:00+00:00,26.85,48.400677,0.0,26.05,0.192
2024-09-24 08:00:00+00:00,28.05,35.912495,0.0,27.75,0.19
2024-09-24 09:00:00+00:00,28.7,33.900803,0.0,29.15,0.188
2024-09-24 10:00:00+00:00,28.85,33.830536,0.0,30.0,0.186
2024-09-24 11:00:00+00:00,29.5,33.56631,0.0,31.2,0.184
2024-09-24 12:00:00+00:00,29.1,39.02753,0.0,31.7,0.182
2024-09-24 13:00:00+00:00,27.75,47.108162,0.0,30.85,0.184
2024-09-24 14:00:00+00:00,27.35,47.915276,0.0,30.3,0.183
2024-09-24 15:00:00+00:00,26.5,54.3817,0.0,29.25,0.182
2024-09-24 16:00:00+00:00,25.7,63.87762,0.0,28.05,0.182
2024-09-24 17:00:00+00:00,25.35,68.77724,0.0,27.1,0.182
2024-09-24 18:00:00+00:00,24.95,72.659195,0.0,26.4,0.182
2024-09-24 19:00:00+00:00,23.95,77.142,0.0,25.75,0.181
2024-09-24 20:00:00+00:00,22.2,88.45286,0.0,24.95,0.181
2024-09-24 21:00:00+00:00,21.9,91.76957,0.0,24.35,0.181
2024-09-24 22:00:00+00:00,21.4,94.61833,0.0,23.85,0.181
2024-09-24 23:00:00+00:00,20.75,94.88598,0.0,23.4,0.181
2024-09-25 00:00:00+00:00,20.65,93.13161,0.0,23.05,0.181
2024-09-25 01:00:00+00:00,21.1,82.48224,0.0,23.2,0.181
2024-09-25 02:00:00+00:00,20.2,85.01642,0.0,22.75,0.181
2024-09-25 03:00:00+00:00,20.7,82.95498,0.0,22.4,0.181
2024-09-25 04:00:00+00:00,20.95,86.168015,0.0,22.25,0.181
2024-09-25 05:00:00+00:00,22.8,75.06104,0.0,22.95,0.181
2024-09-25 06:00:00+00:00,24.9,64.51239,0.0,24.45,0.18
2024-09-25 07:00:00+00:00,26.95,56.06728,0.0,26.35,0.179
2024-09-25 08:00:00+00:00,28.5,49.618473,0.0,28.5,0.177
2024-09-25 09:00:00+00:00,29.35,47.235065,0.0,30.4,0.175
2024-09-25 10:00:00+00:00,29.6,47.601604,0.0,31.7,0.173
2024-09-25 11:00:00+00:00,29.55,47.13891,0.0,32.35,0.172
2024-09-25 12:00:00+00:00,29.4,46.064407,0.0,32.6,0.17
2024-09-25 13:00:00+00:00,28.1,53.084034,0.0,32.1,0.173
2024-09-25 14:00:00+00:00,28.15,55.6585,0.0,31.4,0.172
2024-09-25 15:00:00+00:00,27.55,59.65886,0.0,30.25,0.171
2024-09-25 16:00:00+00:00,26.75,65.10706,0.0,29.0,0.171
2024-09-25 17:00:00+00:00,26.25,69.37896,0.0,28.0,0.171
2024-09-25 18:00:00+00:00,24.35,79.13361,0.0,27.05,0.171
2024-09-25 19:00:00+00:00,25.15,74.51544,0.0,26.15,0.171
2024-09-25 20:00:00+00:00,26.5,67.73154,0.0,25.4,0.171
2024-09-25 21:00:00+00:00,26.1,69.996765,0.0,24.75,0.171
2024-09-25 22:00:00+00:00,24.8,79.1963,0.0,24.2,0.171
2024-09-25 23:00:00+00:00,21.7,94.04945,0.0,23.75,0.171
2024-09-26 00:00:00+00:00,21.6,93.46705,0.0,23.5,0.171
2024-09-26 01:00:00+00:00,22.65,86.066216,0.0,24.35,0.168
2024-09-26 02:00:00+00:00,22.3,86.835106,0.0,24.0,0.168
2024-09-26 03:00:00+00:00,21.85,88.15039,0.0,23.65,0.168
2024-09-26 04:00:00+00:00,21.85,87.06319,0.0,23.4,0.168
2024-09-26 05:00:00+00:00,23.8,78.325226,0.0,23.95,0.167
2024-09-26 06:00:00+00:00,26.45,63.641075,0.0,25.4,0.167
2024-09-26 07:00:00+00:00,28.6,39.398552,0.0,27.2,0.166
2024-09-26 08:00:00+00:00,30.25,32.575836,0.0,29.15,0.164
2024-09-26 09:00:00+00:00,31.5,29.54227,0.0,31.15,0.163
2024-09-26 10:00:00+00:00,31.85,31.338863,0.0,32.9,0.161
2024-09-26 11:00:00+00:00,30.0,47.407856,0.0,33.5,0.159
2024-09-26 12:00:00+00:00,29.65,44.12304,0.0,33.5,0.158
2024-09-26 13:00:00+00:00,29.0,47.895878,0.0,32.95,0.162
2024-09-26 14:00:00+00:00,29.1,51.853287,0.0,32.25,0.161
2024-09-26 15:00:00+00:00,27.9,59.554173,0.0,31.0,0.161
2024-09-26 16:00:00+00:00,27.1,65.78821,0.0,29.65,0.161
2024-09-26 17:00:00+00:00,26.75,66.53518,0.0,28.55,0.161
2024-09-26 18:00:00+00:00,26.35,70.47695,0.0,27.7,0.16
2024-09-26 19:00:00+00:00,25.65,75.75311,0.0,26.95,0.16
2024-09-26 20:00:00+00:00,24.35,80.858086,0.0,26.1,0.16
2024-09-26 21:00:00+00:00,26.7,69.46452,0.0,25.3,0.16
2024-09-26 22:00:00+00:00,26.4,70.92181,0.0,24.65,0.16
2024-09-26 23:00:00+00:00,25.35,78.307205,0.0,24.1,0.16
2024-09-27 00:00:00+00:00,21.8,93.189156,0.0,23.7,0.16
2024-09-27 01:00:00+00:00,22.65,90.69403,0.0,24.15,0.163
2024-09-27 02:00:00+00:00,22.6,91.529884,0.0,23.95,0.163
2024-09-27 03:00:00+00:00,22.95,90.15965,0.0,23.8,0.163
2024-09-27 04:00:00+00:00,22.9,88.23841,0.0,23.7,0.163
2024-09-27 05:00:00+00:00,24.45,78.41885,0.0,24.3,0.163
2024-09-27 06:00:00+00:00,26.6,67.33351,0.0,25.75,0.163
2024-09-27 07:00:00+00:00,28.85,54.453133,0.0,27.6,0.162
2024-09-27 08:00:00+00:00,30.7,38.345497,0.0,29.6,0.16
2024-09-27 09:00:00+00:00,31.55,35.258667,0.0,31.55,0.159
2024-09-27 10:00:00+00:00,31.15,46.678238,0.0,33.05,0.157
2024-09-27 11:00:00+00:00,30.0,61.900425,0.0,33.8,0.156
2024-09-27 12:00:00+00:00,29.75,55.016136,0.0,34.0,0.154
2024-09-27 13:00:00+00:00,29.15,50.897842,0.0,33.4,0.164
2024-09-27 14:00:00+00:00,28.95,52.469746,0.0,32.55,0.163
2024-09-27 15:00:00+00:00,27.95,63.963886,0.0,31.25,0.162
2024-09-27 16:00:00+00:00,26.9,71.23114,0.0,29.8,0.162
2024-09-27 17:00:00+00:00,26.2,74.004074,0.0,28.6,0.162
2024-09-27 18:00:00+00:00,25.35,78.06751,0.0,27.55,0.162
2024-09-27 19:00:00+00:00,24.35,83.123604,0.0,26.65,0.162
2024-09-27 20:00:00+00:00,23.95,83.33307,0.0,25.85,0.162
2024-09-27 21:00:00+00:00,23.9,82.81636,0.0,25.15,0.162
2024-09-27 22:00:00+00:00,26.0,73.51735,0.0,24.6,0.162
2024-09-27 23:00:00+00:00,25.7,78.11825,0.0,24.1,0.162
2024-09-28 00:00:00+00:00,23.4,90.4673,0.0,23.7,0.162
2024-09-28 01:00:00+00:00,22.95,93.53114,0.0,24.0,0.162
2024-09-28 02:00:00+00:00,22.85,94.386955,0.0,23.95,0.162
2024-09-28 03:00:00+00:00,22.3,95.81973,0.0,23.85,0.162
2024-09-28 04:00:00+00:00,22.45,94.9497,0.0,23.75,0.162
2024-09-28 05:00:00+00:00,23.8,88.58322,0.0,24.3,0.161
2024-09-28 06:00:00+00:00,25.85,78.858894,0.0,25.7,0.161
2024-09-28 07:00:00+00:00,27.5,72.87808,0.0,27.65,0.16
2024-09-28 08:00:00+00:00,28.75,67.553665,0.0,29.75,0.159
2024-09-28 09:00:00+00:00,29.55,65.88817,0.0,31.65,0.158
2024-09-28 10:00:00+00:00,29.65,66.71305,0.0,32.9,0.157
2024-09-28 11:00:00+00:00,29.6,59.76149,0.0,33.6,0.155
2024-09-28 12:00:00+00:00,29.6,54.808792,0.0,33.8,0.154
2024-09-28 13:00:00+00:00,29.15,59.842316,0.0,33.25,0.16
2024-09-28 14:00:00+00:00,28.5,66.481255,0.0,32.45,0.16
2024-09-28 15:00:00+00:00,27.35,74.647644,0.0,31.15,0.159
2024-09-28 16:00:00+00:00,26.1,82.821396,0.0,29.6,0.159
2024-09-28 17:00:00+00:00,25.95,83.307106,0.0,28.45,0.159
2024-09-28 18:00:00+00:00,25.1,87.3555,0.0,27.45,0.159
2024-09-28 19:00:00+00:00,24.7,88.11924,0.0,26.65,0.159
2024-09-28 20:00:00+00:00,24.95,87.077644,0.0,26.05,0.159
2024-09-28 21:00:00+00:00,24.9,87.07317,0.0,25.65,0.159
2024-09-28 22:00:00+00:00,25.15,87.35993,0.0,25.35,0.159
2024-09-28 23:00:00+00:00,25.1,86.564705,0.0,25.15,0.159
2024-09-29 00:00:00+00:00,24.15,88.07313,0.0,24.9,0.159
2024-09-29 01:00:00+00:00,24.25,87.27998,0.0,24.25,0.16
2024-09-29 02:00:00+00:00,25.9,81.55121,0.0,24.0,0.16
2024-09-29 03:00:00+00:00,25.1,86.302505,0.0,23.75,0.16
2024-09-29 04:00:00+00:00,23.0,95.550064,0.0,23.65,0.16
2024-09-29 05:00:00+00:00,25.05,91.12692,0.0,24.5,0.16
2024-09-29 06:00:00+00:00,26.55,83.62687,0.0,26.05,0.16
2024-09-29 07:00:00+00:00,28.05,70.3596,0.0,28.0,0.159
2024-09-29 08:00:00+00:00,28.85,64.3525,0.0,29.85,0.158
2024-09-29 09:00:00+00:00,29.2,61.91297,0.0,31.35,0.157
2024-09-29 10:00:00+00:00,29.3,60.80481,0.0,32.55,0.155
2024-09-29 11:00:00+00:00,29.2,62.103233,0.0,33.3,0.154
2024-09-29 12:00:00+00:00,29.05,62.644295,0.0,33.6,0.153
2024-09-29 13:00:00+00:00,28.45,64.46536,0.0,33.15,0.156
2024-09-29 14:00:00+00:00,27.75,68.18667,0.0,32.25,0.156
2024-09-29 15:00:00+00:00,26.95,71.67806,0.0,30.95,0.155
2024-09-29 16:00:00+00:00,26.1,76.289406,0.0,29.55,0.155
2024-09-29 17:00:00+00:00,25.65,78.11101,0.0,28.4,0.155
2024-09-29 18:00:00+00:00,25.75,77.88697,0.0,27.55,0.155
2024-09-29 19:00:00+00:00,25.9,76.96196,0.0,27.0,0.155
2024-09-29 20:00:00+00:00,25.7,79.07899,0.0,26.6,0.155
2024-09-29 21:00:00+00:00,25.25,81.47003,0.0,26.25,0.155
2024-09-29 22:00:00+00:00,24.25,86.22119,0.0,25.85,0.155
2024-09-29 23:00:00+00:00,23.6,87.75774,0.0,25.4,0.155
2024-09-30 00:00:00+00:00,25.25,79.258644,0.0,25.0,0.155
2024-09-30 01:00:00+00:00,24.4,82.62137,0.0,25.2,0.15
2024-09-30 02:00:00+00:00,24.1,85.94359,0.0,24.75,0.15
2024-09-30 03:00:00+00:00,23.35,90.74068,0.0,24.5,0.15
2024-09-30 04:00:00+00:00,23.25,93.54524,0.0,24.45,0.15
2024-09-30 05:00:00+00:00,24.25,88.8895,0.0,25.0,0.15
2024-09-30 06:00:00+00:00,25.8,78.37181,0.0,26.2,0.15
2024-09-30 07:00:00+00:00,26.85,70.786316,0.0,27.7,0.15
2024-09-30 08:00:00+00:00,27.6,65.89132,0.0,29.1,0.149
2024-09-30 09:00:00+00:00,27.8,64.52633,0.1,30.2,0.149
2024-09-30 10:00:00+00:00,28.25,60.943195,0.0,31.2,0.148
2024-09-30 11:00:00+00:00,28.45,57.140648,0.0,31.95,0.147
2024-09-30 12:00:00+00:00,28.4,57.48577,0.0,32.3,0.146
2024-09-30 13:00:00+00:00,28.8,52.10321,0.0,32.35,0.144
2024-09-30 14:00:00+00:00,27.95,60.498608,0.0,31.7,0.144
2024-09-30 15:00:00+00:00,26.9,70.14638,0.0,30.55,0.143
2024-09-30 16:00:00+00:00,26.65,71.18586,0.0,29.4,0.143
2024-09-30 17:00:00+00:00,26.5,70.50471,0.0,28.55,0.143
2024-09-30 18:00:00+00:00,26.8,66.751564,0.0,28.0,0.143
2024-09-30 19:00:00+00:00,26.3,69.17441,0.0,27.55,0.143
2024-09-30 20:00:00+00:00,25.15,76.84825,0.2,27.05,0.145
2024-09-30 21:00:00+00:00,23.5,85.096306,0.2,26.35,0.147
2024-09-30 22:00:00+00:00,23.55,86.95034,0.0,25.8,0.148
2024-09-30 23:00:00+00:00,22.35,89.56356,0.1,25.15,0.148
2024-10-01 00:00:00+00:00,20.8,94.3018,0.0,24.5,0.148
2024-10-01 01:00:00+00:00,23.8,83.57259,0.4,25.65,0.151
2024-10-01 02:00:00+00:00,22.6,92.943726,0.1,24.95,0.151
2024-10-01 03:00:00+00:00,21.4,94.61833,0.3,24.25,0.155
2024-10-01 04:00:00+00:00,21.05,94.89733,0.0,23.5,0.155
2024-10-01 05:00:00+00:00,22.2,89.82911,0.0,23.45,0.155
2024-10-01 06:00:00+00:00,23.85,81.796394,0.0,24.3,0.155
2024-10-01 07:00:00+00:00,25.05,75.425,0.0,25.75,0.155
2024-10-01 08:00:00+00:00,26.0,70.63001,0.1,27.75,0.154
2024-10-01 09:00:00+00:00,27.0,63.759872,0.2,29.55,0.155
2024-10-01 10:00:00+00:00,27.1,63.386566,0.2,30.45,0.156
2024-10-01 11:00:00+00:00,27.1,58.62886,0.0,30.95,0.155
2024-10-01 12:00:00+00:00,27.2,54.72935,0.0,31.1,0.154
2024-10-01 13:00:00+00:00,27.65,44.71865,0.0,30.5,0.164
2024-10-01 14:00:00+00:00,27.3,43.62214,0.0,29.9,0.163
2024-10-01 15:00:00+00:00,26.7,46.97733,0.0,29.0,0.162
2024-10-01 16:00:00+00:00,25.95,54.59092,0.0,28.0,0.162
2024-10-01 17:00:00+00:00,25.95,52.874016,0.0,27.2,0.162
2024-10-01 18:00:00+00:00,24.2,62.949535,0.0,26.4,0.162
2024-10-01 19:00:00+00:00,24.8,60.92237,0.0,25.7,0.162
2024-10-01 20:00:00+00:00,22.85,67.42451,0.0,25.15,0.161
2024-10-01 21:00:00+00:00,22.25,65.812584,0.0,24.7,0.161
2024-10-01 22:00:00+00:00,22.05,70.55885,0.0,24.3,0.161
2024-10-01 23:00:00+00:00,22.05,68.783325,0.0,23.95,0.161
2024-10-02 00:00:00+00:00,21.95,49.98476,0.0,23.65,0.161
2024-10-02 01:00:00+00:00,21.45,49.026863,0.0,24.35,0.157
2024-10-02 02:00:00+00:00,20.95,47.277596,0.0,23.65,0.157
2024-10-02 03:00:00+00:00,20.65,47.35454,0.0,23.1,0.157
2024-10-02 04:00:00+00:00,20.8,45.20795,0.0,22.7,0.157
2024-10-02 05:00:00+00:00,22.25,41.229263,0.0,22.95,0.156
2024-10-02 06:00:00+00:00,24.25,34.604195,0.0,23.95,0.156
2024-10-02 07:00:00+00:00,25.75,29.550703,0.0,25.4,0.155
2024-10-02 08:00:00+00:00,27.0,27.543673,0.0,27.05,0.154
2024-10-02 09:00:00+00:00,28.0,25.977928,0.0,28.8,0.152
2024-10-02 10:00:00+00:00,28.5,25.757492,0.0,30.45,0.151
2024-10-02 11:00:00+00:00,28.85,25.851412,0.0,31.65,0.15
2024-10-02 12:00:00+00:00,28.8,26.734478,0.0,32.2,0.149
2024-10-02 13:00:00+00:00,25.75,47.332386,0.0,31.45,0.147
2024-10-02 14:00:00+00:00,25.95,46.92705,0.0,30.45,0.147
2024-10-02 15:00:00+00:00,25.6,48.222977,0.0,29.2,0.146
2024-10-02 16:00:00+00:00,25.15,48.574314,0.0,27.9,0.146
2024-10-02 17:00:00+00:00,24.75,53.421593,0.0,26.9,0.146
2024-10-02 18:00:00+00:00,24.45,56.52992,0.0,26.15,0.146
2024-10-02 19:00:00+00:00,23.65,60.852417,0.0,25.45,0.146
2024-10-02 20:00:00+00:00,22.25,71.046,0.0,24.7,0.146
2024-10-02 21:00:00+00:00,21.4,78.22098,0.0,24.0,0.145
2024-10-02 22:00:00+00:00,21.1,80.17773,0.0,23.45,0.145
2024-10-02 23:00:00+00:00,20.15,85.279655,0.0,22.95,0.145
2024-10-03 00:00:00+00:00,20.35,80.84135,0.0,22.55,0.145
2024-10-03 01:00:00+00:00,21.45,71.57946,0.0,22.85,0.142
2024-10-03 02:00:00+00:00,21.25,68.186226,0.0,22.6,0.142
2024-10-03 03:00:00+00:00,20.75,62.78679,0.0,22.4,0.142
2024-10-03 04:00:00+00:00,20.25,58.691822,0.0,22.15,0.142
2024-10-03 05:00:00+00:00,21.35,57.810574,0.0,22.55,0.142
2024-10-03 06:00:00+00:00,23.9,47.76539,0.0,23.8,0.141
2024-10-03 07:00:00+00:00,26.25,44.191032,0.0,25.65,0.141
2024-10-03 08:00:00+00:00,27.5,42.83508,0.0,27.75,0.14
2024-10-03 09:00:00+00:00,28.15,41.23994,0.0,29.7,0.139
2024-10-03 10:00:00+00:00,28.35,42.79174,0.0,31.2,0.138
2024-10-03 11:00:00+00:00,28.1,44.697163,0.0,32.0,0.137
2024-10-03 12:00:00+00:00,27.8,46.820454,0.0,32.25,0.137
2024-10-03 13:00:00+00:00,27.6,50.01599,0.0,31.85,0.136
2024-10-03 14:00:00+00:00,26.8,52.08586,0.0,31.0,0.135
2024-10-03 15:00:00+00:00,26.1,56.036373,0.0,29.7,0.135
2024-10-03 16:00:00+00:00,25.3,61.812737,0.0,28.3,0.135
2024-10-03 17:00:00+00:00,24.5,63.617092,0.0,27.2,0.135
2024-10-03 18:00:00+00:00,22.8,72.96627,0.0,26.1,0.135
2024-10-03 19:00:00+00:00,22.2,76.87525,0.0,25.2,0.135
2024-10-03 20:00:00+00:00,21.5,81.75791,0.0,24.4,0.135
2024-10-03 21:00:00+00:00,21.05,87.26185,0.0,23.75,0.135
2024-10-03 22:00:00+00:00,20.6,88.32031,0.0,23.25,0.135
2024-10-03 23:00:00+00:00,20.15,88.56021,0.0,22.7,0.135
2024-10-04 00:00:00+00:00,19.9,88.81845,0.0,22.25,0.135
2024-10-04 01:00:00+00:00,20.35,80.58554,0.0,22.5,0.13
2024-10-04 02:00:00+00:00,19.15,88.19828,0.0,22.05,0.13
2024-10-04 03:00:00+00:00,18.9,89.301315,0.0,21.6,0.13
2024-10-04 04:00:00+00:00,19.5,86.84563,0.0,21.3,0.13
2024-10-04 05:00:00+00:00,21.55,71.82624,0.0,21.95,0.13
2024-10-04 06:00:00+00:00,24.1,58.28686,0.0,23.5,0.129
2024-10-04 07:00:00+00:00,26.3,48.09844,0.0,25.65,0.129
2024-10-04 08:00:00+00:00,27.9,40.637783,0.0,28.05,0.129
2024-10-04 09:00:00+00:00,28.8,38.439854,0.0,30.3,0.128
2024-10-04 10:00:00+00:00,29.05,40.43021,0.0,31.9,0.127
2024-10-04 11:00:00+00:00,28.55,44.67602,0.0,32.65,0.127
2024-10-04 12:00:00+00:00,28.2,44.01041,0.0,32.8,0.126
2024-10-04 13:00:00+00:00,27.8,53.851147,0.0,32.4,0.128
2024-10-04 14:00:00+00:00,27.15,56.648956,0.0,31.45,0.128
2024-10-04 15:00:00+00:00,26.3,62.23143,0.0,30.1,0.128
2024-10-04 16:00:00+00:00,25.35,69.63873,0.0,28.65,0.127
2024-10-04 17:00:00+00:00,24.35,74.38298,0.0,27.5,0.127
2024-10-04 18:00:00+00:00,24.1,74.3414,0.0,26.35,0.127
2024-10-04 19:00:00+00:00,25.8,65.31385,0.0,25.4,0.127
2024-10-04 20:00:00+00:00,25.5,67.11254,0.0,24.6,0.127
2024-10-04 21:00:00+00:00,23.0,82.45409,0.0,23.95,0.127
2024-10-04 22:00:00+00:00,20.95,93.725784,0.0,23.4,0.127
2024-10-04 23:00:00+00:00,20.7,92.557106,0.0,23.0,0.127
2024-10-05 00:00:00+00:00,20.55,89.98844,0.0,22.55,0.127
2024-10-05 01:00:00+00:00,20.15,86.90632,0.0,22.4,0.128
2024-10-05 02:00:00+00:00,19.85,89.93763,0.0,22.05,0.128
2024-10-05 03:00:00+00:00,18.95,89.58808,0.0,21.65,0.128
2024-10-05 04:00:00+00:00,19.65,87.13434,0.0,21.35,0.128
2024-10-05 05:00:00+00:00,22.1,73.07461,0.0,22.05,0.128
2024-10-05 06:00:00+00:00,24.65,62.849712,0.0,23.65,0.128
2024-10-05 07:00:00+00:00,26.75,57.089725,0.0,25.95,0.127
2024-10-05 08:00:00+00:00,28.25,50.026894,0.0,28.4,0.127
2024-10-05 09:00:00+00:00,29.15,47.784046,0.0,30.5,0.126
2024-10-05 10:00:00+00:00,29.2,47.94889,0.0,32.0,0.126
2024-10-05 11:00:00+00:00,28.75,46.925343,0.0,32.75,0.125
2024-10-05 12:00:00+00:00,28.7,45.293137,0.0,33.05,0.125
2024-10-05 13:00:00+00:00,28.3,52.635082,0.0,32.75,0.128
2024-10-05 14:00:00+00:00,27.8,54.534042,0.0,31.9,0.128
2024-10-05 15:00:00+00:00,26.55,62.67737,0.0,30.45,0.128
2024-10-05 16:00:00+00:00,25.45,73.87834,0.0,28.9,0.128
2024-10-05 17:00:00+00:00,23.85,86.447014,0.0,27.55,0.128
2024-10-05 18:00:00+00:00,25.7,77.40443,0.0,26.3,0.128
2024-10-05 19:00:00+00:00,25.1,78.27122,0.0,25.35,0.128
2024-10-05 20:00:00+00:00,23.85,82.048904,0.0,24.5,0.128
2024-10-05 21:00:00+00:00,21.1,92.006584,0.0,23.8,0.128
2024-10-05 22:00:00+00:00,20.95,92.570694,0.0,23.3,0.128
2024-10-05 23:00:00+00:00,20.15,93.98118,0.0,22.9,0.128
2024-10-06 00:00:00+00:00,19.7,94.2553,0.0,22.5,0.128
2024-10-06 01:00:00+00:00,20.2,90.24513,0.0,21.8,0.132
2024-10-06 02:00:00+00:00,20.15,89.117584,0.0,21.6,0.132
2024-10-06 03:00:00+00:00,19.75,87.971466,0.0,21.45,0.132
2024-10-06 04:00:00+00:00,19.75,87.14347,0.0,21.35,0.132
2024-10-06 05:00:00+00:00,22.25,73.100784,0.0,21.95,0.132
2024-10-06 06:00:00+00:00,25.2,60.821033,0.0,23.55,0.131
2024-10-06 07:00:00+00:00,28.05,46.88757,0.0,25.8,0.131
2024-10-06 08:00:00+00:00,30.35,37.392868,0.0,28.25,0.131
2024-10-06 09:00:00+00:00,31.75,33.09788,0.0,30.75,0.13
2024-10-06 10:00:00+00:00,32.0,35.04253,0.0,32.7,0.129
2024-10-06 11:00:00+00:00,31.55,41.643345,0.0,33.75,0.128
2024-10-06 12:00:00+00:00,31.25,41.03629,0.0,34.15,0.128
2024-10-06 13:00:00+00:00,29.85,50.9185,0.0,33.75,0.13
2024-10-06 14:00:00+00:00,28.85,56.881817,0.0,32.75,0.13
2024-10-06 15:00:00+00:00,27.4,68.95987,0.0,31.25,0.13
2024-10-06 16:00:00+00:00,26.6,71.83567,0.0,29.7,0.13
2024-10-06 17:00:00+00:00,25.95,78.393234,0.0,28.45,0.13
2024-10-06 18:00:00+00:00,24.85,84.97601,0.0,27.45,0.13
2024-10-06 19:00:00+00:00,24.25,88.35015,0.0,26.5,0.13
2024-10-06 20:00:00+00:00,26.15,80.59815,0.0,25.7,0.13
2024-10-06 21:00:00+00:00,25.5,83.509125,0.0,24.95,0.13
2024-10-06 22:00:00+00:00,25.35,83.74643,0.0,24.35,0.13
2024-10-06 23:00:00+00:00,23.95,84.88217,0.0,23.85,0.13
2024-10-07 00:00:00+00:00,25.55,79.0581,0.0,23.45,0.13
2024-10-07 01:00:00+00:00,21.7,92.89734,0.0,23.1,0.128
2024-10-07 02:00:00+00:00,22.3,91.51155,0.0,23.05,0.128
2024-10-07 03:00:00+00:00,22.35,93.50276,0.0,23.05,0.128
2024-10-07 04:00:00+00:00,22.65,94.37875,0.0,23.15,0.128
2024-10-07 05:00:00+00:00,24.75,84.449104,0.0,23.85,0.128
2024-10-07 06:00:00+00:00,26.4,77.508194,0.0,25.25,0.128
2024-10-07 07:00:00+00:00,27.8,73.151474,0.0,27.05,0.128
2024-10-07 08:00:00+00:00,29.0,67.80876,0.0,29.1,0.127
2024-10-07 09:00:00+00:00,29.45,64.479126,0.0,30.8,0.127
2024-10-07 10:00:00+00:00,29.8,61.104183,0.0,32.25,0.126
2024-10-07 11:00:00+00:00,29.9,58.919086,0.0,33.15,0.126
2024-10-07 12:00:00+00:00,29.55,58.65671,0.0,33.5,0.125
2024-10-07 13:00:00+00:00,28.7,60.669086,0.0,32.9,0.13
2024-10-07 14:00:00+00:00,28.0,64.9673,0.0,32.0,0.13
2024-10-07 15:00:00+00:00,27.2,67.45321,0.0,30.7,0.129
2024-10-07 16:00:00+00:00,26.65,69.02818,0.0,29.45,0.129
2024-10-07 17:00:00+00:00,26.35,71.13137,0.0,28.4,0.129
2024-10-07 18:00:00+00:00,26.05,73.07514,0.0,27.65,0.129
2024-10-07 19:00:00+00:00,25.8,72.80733,0.0,27.0,0.129
2024-10-07 20:00:00+00:00,25.9,70.17606,0.0,26.5,0.129
2024-10-07 21:00:00+00:00,25.2,74.06479,0.0,26.05,0.129
2024-10-07 22:00:00+00:00,23.4,85.3482,0.0,25.45,0.129
2024-10-07 23:00:00+00:00,25.8,73.70995,0.0,24.85,0.129
2024-10-08 00:00:00+00:00,25.4,76.4153,0.0,24.3,0.129
2024-10-08 01:00:00+00:00,25.2,78.5262,0.0,24.8,0.125
2024-10-08 02:00:00+00:00,25.1,80.46092,0.0,24.3,0.125
2024-10-08 03:00:00+00:00,24.6,83.40723,0.0,23.9,0.125
2024-10-08 04:00:00+00:00,22.45,92.93603,0.0,23.65,0.125
2024-10-08 05:00:00+00:00,24.65,81.39467,0.0,24.3,0.125
2024-10-08 06:00:00+00:00,26.6,71.17678,0.0,25.85,0.124
2024-10-08 07:00:00+00:00,27.7,64.50512,0.0,27.9,0.124
2024-10-08 08:00:00+00:00,28.3,62.287395,0.0,29.8,0.124
2024-10-08 09:00:00+00:00,28.9,59.416615,0.0,31.5,0.123
2024-10-08 10:00:00+00:00,28.7,60.10945,0.0,32.6,0.123
2024-10-08 11:00:00+00:00,28.4,57.665054,0.0,33.15,0.122
2024-10-08 12:00:00+00:00,28.65,57.188583,0.0,33.25,0.122
2024-10-08 13:00:00+00:00,28.2,60.36812,0.0,32.9,0.127
2024-10-08 14:00:00+00:00,27.75,64.31695,0.0,32.0,0.127
2024-10-08 15:00:00+00:00,26.75,71.42283,0.0,30.7,0.126
2024-10-08 16:00:00+00:00,26.2,75.60813,0.0,29.45,0.126
2024-10-08 17:00:00+00:00,25.75,79.085945,0.0,28.4,0.126
2024-10-08 18:00:00+00:00,25.55,81.01242,0.0,27.55,0.126
2024-10-08 19:00:00+00:00,25.25,81.968735,0.0,26.9,0.126
2024-10-08 20:00:00+00:00,24.8,83.175545,0.0,26.35,0.126
2024-10-08 21:00:00+00:00,23.75,88.57916,0.0,25.8,0.126
2024-10-08 22:00:00+00:00,25.75,78.60443,0.0,25.3,0.126
2024-10-08 23:00:00+00:00,24.15,87.005135,0.0,24.85,0.126
2024-10-09 00:00:00+00:00,22.65,94.37875,0.0,24.5,0.126
2024-10-09 01:00:00+00:00,22.55,95.53531,0.0,25.1,0.119
2024-10-09 02:00:00+00:00,22.3,95.81973,0.0,24.7,0.119
2024-10-09 03:00:00+00:00,22.45,94.3705,0.0,24.3,0.119
2024-10-09 04:00:00+00:00,22.5,93.796684,0.0,24.05,0.119
2024-10-09 05:00:00+00:00,23.7,86.432755,0.0,24.5,0.119
2024-10-09 06:00:00+00:00,25.5,74.57308,0.0,25.85,0.119
2024-10-09 07:00:00+00:00,26.85,67.591866,0.0,27.85,0.118
2024-10-09 08:00:00+00:00,27.8,63.538105,0.0,29.9,0.118
2024-10-09 09:00:00+00:00,28.25,62.661934,0.0,31.55,0.118
2024-10-09 10:00:00+00:00,28.35,63.26588,0.0,32.75,0.118
2024-10-09 11:00:00+00:00,28.05,65.579765,0.0,33.4,0.117
2024-10-09 12:00:00+00:00,27.75,68.81597,0.0,33.55,0.117
2024-10-09 13:00:00+00:00,27.65,70.93237,0.0,33.3,0.118
2024-10-09 14:00:00+00:00,27.15,72.15359,0.0,32.35,0.118
2024-10-09 15:00:00+00:00,26.25,77.48601,0.0,30.9,0.118
2024-10-09 16:00:00+00:00,25.9,77.43413,0.0,29.55,0.118
2024-10-09 17:00:00+00:00,25.65,76.92413,0.0,28.5,0.118
2024-10-09 18:00:00+00:00,25.15,78.519066,0.0,27.6,0.118
2024-10-09 19:00:00+00:00,24.8,80.1751,0.0,26.85,0.118
2024-10-09 20:00:00+00:00,24.3,82.10386,0.0,26.1,0.118
2024-10-09 21:00:00+00:00,24.75,80.16845,0.0,25.65,0.118
2024-10-09 22:00:00+00:00,24.45,82.37436,0.0,25.35,0.118
2024-10-09 23:00:00+00:00,23.65,87.49383,0.0,25.05,0.117
2024-10-10 00:00:00+00:00,23.65,86.42804,0.0,24.7,0.117
2024-10-10 01:00:00+00:00,22.25,96.111694,0.0,24.55,0.111
2024-10-10 02:00:00+00:00,22.45,94.08207,0.0,24.25,0.111
2024-10-10 03:00:00+00:00,21.9,95.513824,0.0,24.0,0.111
2024-10-10 04:00:00+00:00,21.4,96.383286,0.0,23.65,0.111
2024-10-10 05:00:00+00:00,23.45,87.476166,0.0,24.15,0.111
2024-10-10 06:00:00+00:00,25.7,71.01284,0.0,25.6,0.111
2024-10-10 07:00:00+00:00,26.95,66.78191,0.0,27.6,0.111
2024-10-10 08:00:00+00:00,27.7,63.124756,0.0,29.6,0.111
2024-10-10 09:00:00+00:00,28.05,62.232193,0.0,31.15,0.111
2024-10-10 10:00:00+00:00,28.1,63.016937,0.0,32.3,0.111
2024-10-10 11:00:00+00:00,27.9,63.168285,0.0,33.0,0.111
2024-10-10 12:00:00+00:00,27.75,61.9734,0.0,33.1,0.11
2024-10-10 13:00:00+00:00,27.2,63.80296,0.0,32.6,0.115
2024-10-10 14:00:00+00:00,26.5,68.7866,0.0,31.6,0.115
2024-10-10 15:00:00+00:00,25.75,72.79865,0.0,30.25,0.115
2024-10-10 16:00:00+00:00,25.45,74.335396,0.0,28.95,0.115
2024-10-10 17:00:00+00:00,25.3,74.310524,0.0,28.0,0.115
2024-10-10 18:00:00+00:00,25.0,75.88392,0.0,27.2,0.115
2024-10-10 19:00:00+00:00,24.75,78.22071,0.0,26.55,0.115
2024-10-10 20:00:00+00:00,24.85,77.75504,0.0,26.1,0.115
2024-10-10 21:00:00+00:00,24.85,77.75504,0.0,25.8,0.115
2024-10-10 22:00:00+00:00,24.8,77.26999,0.0,25.55,0.115
2024-10-10 23:00:00+00:00,24.45,78.177246,0.0,25.35,0.114
2024-10-11 00:00:00+00:00,24.0,80.56386,0.0,25.15,0.114
2024-10-11 01:00:00+00:00,24.0,83.59514,0.0,25.6,0.103
2024-10-11 02:00:00+00:00,24.1,82.07945,0.0,25.15,0.104
2024-10-11 03:00:00+00:00,23.95,82.82223,0.1,25.05,0.104
2024-10-11 04:00:00+00:00,23.35,88.0056,0.1,24.8,0.105
2024-10-11 05:00:00+00:00,24.55,83.40155,0.1,25.0,0.106
2024-10-11 06:00:00+00:00,25.55,74.81127,0.2,25.95,0.107
2024-10-11 07:00:00+00:00,26.4,68.98014,0.3,27.3,0.11
2024-10-11 08:00:00+00:00,27.4,62.475082,0.0,28.85,0.11
2024-10-11 09:00:00+00:00,28.1,57.773525,0.0,30.4,0.11
2024-10-11 10:00:00+00:00,28.2,55.84527,0.0,31.6,0.11
2024-10-11 11:00:00+00:00,28.35,53.819637,0.0,32.25,0.11
2024-10-11 12:00:00+00:00,28.05,55.28616,0.0,32.2,0.11
2024-10-11 13:00:00+00:00,27.4,57.787514,0.0,32.25,0.11
2024-10-11 14:00:00+00:00,26.8,62.342438,0.0,31.35,0.11
2024-10-11 15:00:00+00:00,26.3,65.01246,0.0,30.15,0.11
2024-10-11 16:00:00+00:00,25.95,67.83269,0.0,29.05,0.11
2024-10-11 17:00:00+00:00,25.8,68.65098,0.0,28.2,0.11
2024-10-11 18:00:00+00:00,25.75,68.21598,0.0,27.6,0.11
2024-10-11 19:00:00+00:00,25.7,68.41854,0.0,27.1,0.11
2024-10-11 20:00:00+00:00,24.7,73.98092,0.0,26.65,0.11
2024-10-11 21:00:00+00:00,24.0,80.31564,0.0,26.2,0.11
2024-10-11 22:00:00+00:00,23.9,82.5619,0.0,25.75,0.11
2024-10-11 23:00:00+00:00,23.8,83.82996,0.0,25.5,0.11
2024-10-12 00:00:00+00:00,23.45,85.87973,0.0,25.2,0.11
2024-10-12 01:00:00+00:00,25.3,72.495636,0.0,25.35,0.094
2024-10-12 02:00:00+00:00,23.2,85.06516,0.0,24.9,0.094
2024-10-12 03:00:00+00:00,22.5,92.37041,0.0,24.5,0.094
2024-10-12 04:00:00+00:00,22.45,93.50751,0.0,24.15,0.094
2024-10-12 05:00:00+00:00,24.7,79.42623,0.0,24.65,0.094
2024-10-12 06:00:00+00:00,26.55,66.28859,0.0,26.1,0.094
2024-10-12 07:00:00+00:00,27.55,60.4073,0.0,28.15,0.094
2024-10-12 08:00:00+00:00,28.5,54.70783,0.0,30.2,0.094
2024-10-12 09:00:00+00:00,28.95,53.801167,0.0,31.8,0.094
2024-10-12 10:00:00+00:00,28.4,57.30697,0.0,32.75,0.094
2024-10-12 11:00:00+00:00,27.75,58.41585,0.0,33.2,0.094
2024-10-12 12:00:00+00:00,28.0,58.11126,0.0,33.3,0.094
2024-10-12 13:00:00+00:00,27.5,66.07407,0.0,32.95,0.099
2024-10-12 14:00:00+00:00,27.0,66.99857,0.0,32.05,0.099
2024-10-12 15:00:00+00:00,26.35,70.043625,0.0,30.75,0.099
2024-10-12 16:00:00+00:00,26.0,71.95002,0.0,29.55,0.099
2024-10-12 17:00:00+00:00,25.7,73.46637,0.0,28.6,0.099
2024-10-12 18:00:00+00:00,25.55,74.12328,0.0,27.8,0.099
2024-10-12 19:00:00+00:00,25.55,73.895164,0.0,27.2,0.099
2024-10-12 20:00:00+00:00,25.35,75.70566,0.0,26.7,0.099
2024-10-12 21:00:00+00:00,24.5,81.37575,0.0,26.25,0.099
2024-10-12 22:00:00+00:00,24.4,83.129425,0.0,25.7,0.099
2024-10-12 23:00:00+00:00,25.7,76.22741,0.0,25.2,0.099
2024-10-13 00:00:00+00:00,25.3,78.06028,0.0,24.85,0.099
2024-10-13 01:00:00+00:00,25.6,76.916565,0.0,25.2,0.094
2024-10-13 02:00:00+00:00,24.8,81.41354,0.0,24.8,0.094
2024-10-13 03:00:00+00:00,24.85,83.690636,0.0,24.45,0.094
2024-10-13 04:00:00+00:00,24.5,86.24516,0.0,24.2,0.094
2024-10-13 05:00:00+00:00,25.1,83.973885,0.1,24.85,0.095
2024-10-13 06:00:00+00:00,26.2,76.30487,0.3,26.2,0.098
2024-10-13 07:00:00+00:00,26.65,72.7312,0.3,27.35,0.1
2024-10-13 08:00:00+00:00,27.1,70.83206,0.5,28.4,0.104
2024-10-13 09:00:00+00:00,27.95,65.55906,0.1,29.7,0.105
2024-10-13 10:00:00+00:00,28.15,62.446888,0.0,30.95,0.105
2024-10-13 11:00:00+00:00,28.05,61.27658,0.0,31.85,0.105
2024-10-13 12:00:00+00:00,28.05,61.657284,0.0,32.1,0.105
2024-10-13 13:00:00+00:00,27.75,66.94318,0.0,32.25,0.101
2024-10-13 14:00:00+00:00,27.15,69.12395,0.0,31.45,0.101
2024-10-13 15:00:00+00:00,26.4,73.585144,0.0,30.3,0.101
2024-10-13 16:00:00+00:00,26.25,74.01241,0.0,29.2,0.101
2024-10-13 17:00:00+00:00,24.7,80.408295,0.4,28.1,0.104
2024-10-13 18:00:00+00:00,24.5,83.907684,0.0,27.15,0.104
2024-10-13 19:00:00+00:00,21.45,88.1166,0.1,26.05,0.105
2024-10-13 20:00:00+00:00,21.2,90.03522,0.1,25.1,0.106
2024-10-13 21:00:00+00:00,22.15,84.95554,0.0,24.55,0.106
2024-10-13 22:00:00+00:00,21.95,87.342834,0.0,24.1,0.106
2024-10-13 23:00:00+00:00,21.9,88.97757,0.0,23.8,0.106
2024-10-14 00:00:00+00:00,21.85,91.48383,0.0,23.5,0.106
2024-10-14 01:00:00+00:00,23.2,87.99288,0.0,25.6,0.102
2024-10-14 02:00:00+00:00,23.15,90.17376,0.0,25.05,0.102
2024-10-14 03:00:00+00:00,22.2,96.11024,0.0,24.6,0.102
2024-10-14 04:00:00+00:00,22.15,96.69871,0.0,24.25,0.102
2024-10-14 05:00:00+00:00,24.1,88.06893,0.0,24.55,0.102
2024-10-14 06:00:00+00:00,25.6,73.90357,0.0,25.7,0.103
2024-10-14 07:00:00+00:00,26.55,65.87851,0.1,27.45,0.104
2024-10-14 08:00:00+00:00,27.35,61.309383,0.0,29.25,0.104
2024-10-14 09:00:00+00:00,28.25,55.857502,0.0,31.25,0.104
2024-10-14 10:00:00+00:00,28.45,54.353737,0.0,32.65,0.104
2024-10-14 11:00:00+00:00,27.9,55.77193,0.0,33.25,0.104
2024-10-14 12:00:00+00:00,27.45,57.799408,0.0,33.3,0.104
2024-10-14 13:00:00+00:00,27.15,64.18912,0.0,32.85,0.103
2024-10-14 14:00:00+00:00,26.65,66.92806,0.0,31.85,0.103
2024-10-14 15:00:00+00:00,26.0,70.84851,0.0,30.5,0.103
2024-10-14 16:00:00+00:00,25.7,72.5657,0.0,29.25,0.103
2024-10-14 17:00:00+00:00,25.0,75.65012,0.0,28.25,0.103
2024-10-14 18:00:00+00:00,25.65,72.33326,0.0,27.35,0.103
2024-10-14 19:00:00+00:00,25.35,73.86152,0.0,26.55,0.103
2024-10-14 20:00:00+00:00,24.05,83.85778,0.0,25.85,0.103
2024-10-14 21:00:00+00:00,22.6,94.66557,0.0,25.25,0.103
2024-10-14 22:00:00+00:00,22.45,97.001495,0.0,24.85,0.103
2024-10-14 23:00:00+00:00,22.3,96.99816,0.0,24.5,0.103
2024-10-15 00:00:00+00:00,22.4,95.82279,0.0,24.25,0.103
2024-10-15 01:00:00+00:00,22.3,94.36433,0.0,24.45,0.098
2024-10-15 02:00:00+00:00,22.05,93.776245,0.0,24.1,0.098
2024-10-15 03:00:00+00:00,21.85,92.61931,0.0,23.75,0.098
2024-10-15 04:00:00+00:00,21.65,92.60855,0.0,23.4,0.098
2024-10-15 05:00:00+00:00,23.7,82.03051,0.0,23.85,0.098
2024-10-15 06:00:00+00:00,25.65,66.9338,0.0,25.25,0.098
2024-10-15 07:00:00+00:00,26.8,59.11256,0.0,27.25,0.098
2024-10-15 08:00:00+00:00,27.7,55.199837,0.0,29.4,0.098
2024-10-15 09:00:00+00:00,27.95,57.557766,0.0,31.15,0.098
2024-10-15 10:00:00+00:00,27.8,60.841328,0.0,32.35,0.098
2024-10-15 11:00:00+00:00,27.55,62.121464,0.0,33.05,0.098
2024-10-15 12:00:00+00:00,27.25,65.616196,0.0,33.15,0.098
2024-10-15 13:00:00+00:00,27.05,64.167755,0.0,32.65,0.102
2024-10-15 14:00:00+00:00,26.6,65.278046,0.0,31.65,0.102
2024-10-15 15:00:00+00:00,26.0,68.265045,0.0,30.35,0.102
2024-10-15 16:00:00+00:00,25.7,69.921585,0.0,29.15,0.102
2024-10-15 17:00:00+00:00,25.5,69.88391,0.0,28.15,0.102
2024-10-15 18:00:00+00:00,24.8,72.63295,0.0,27.35,0.102
2024-10-15 19:00:00+00:00,24.1,76.450165,0.0,26.55,0.102
2024-10-15 20:00:00+00:00,25.7,69.70512,0.0,25.85,0.102
2024-10-15 21:00:00+00:00,25.25,72.71162,0.0,25.2,0.102
2024-10-15 22:00:00+00:00,22.5,91.80524,0.0,24.65,0.102
2024-10-15 23:00:00+00:00,22.15,96.10883,0.0,24.25,0.102
2024-10-16 00:00:00+00:00,22.35,96.40868,0.0,23.9,0.102
2024-10-16 01:00:00+00:00,23.3,88.54271,0.0,23.6,0.097
2024-10-16 02:00:00+00:00,21.75,93.18668,0.0,23.3,0.097
2024-10-16 03:00:00+00:00,21.85,94.927345,0.0,23.1,0.097
2024-10-16 04:00:00+00:00,21.55,94.042885,0.0,23.0,0.097
2024-10-16 05:00:00+00:00,22.75,85.01833,0.0,23.45,0.097
2024-10-16 06:00:00+00:00,25.0,70.22563,0.0,24.85,0.097
2024-10-16 07:00:00+00:00,26.5,61.887543,0.0,26.9,0.097
2024-10-16 08:00:00+00:00,27.55,58.734768,0.0,29.2,0.097
2024-10-16 09:00:00+00:00,28.2,57.617393,0.0,31.1,0.097
2024-10-16 10:00:00+00:00,27.9,61.24285,0.0,32.3,0.097
2024-10-16 11:00:00+00:00,27.55,62.314552,0.0,32.9,0.097
2024-10-16 12:00:00+00:00,27.25,62.24812,0.0,33.0,0.097
2024-10-16 13:00:00+00:00,27.15,66.2064,0.0,32.75,0.101
2024-10-16 14:00:00+00:00,26.65,64.68286,0.0,31.75,0.101
2024-10-16 15:00:00+00:00,25.95,69.32171,0.0,30.35,0.101
2024-10-16 16:00:00+00:00,25.65,75.98608,0.0,29.05,0.101
2024-10-16 17:00:00+00:00,25.65,74.82758,0.0,28.15,0.101
2024-10-16 18:00:00+00:00,25.5,74.80311,0.0,27.45,0.101
2024-10-16 19:00:00+00:00,25.35,73.63379,0.0,26.9,0.101
2024-10-16 20:00:00+00:00,25.3,72.94567,0.0,26.45,0.101
2024-10-16 21:00:00+00:00,24.9,71.97676,0.0,26.0,0.101
2024-10-16 22:00:00+00:00,23.2,76.07204,0.0,25.4,0.101
2024-10-16 23:00:00+00:00,24.25,68.99461,0.0,24.8,0.101
2024-10-17 00:00:00+00:00,22.15,89.272545,0.0,24.25,0.101
2024-10-17 01:00:00+00:00,20.75,90.56564,0.0,23.95,0.097
2024-10-17 02:00:00+00:00,21.05,90.86807,0.0,23.25,0.097
2024-10-17 03:00:00+00:00,20.85,91.99201,0.0,22.8,0.097
2024-10-17 04:00:00+00:00,20.05,95.74937,0.0,22.45,0.097
2024-10-17 05:00:00+00:00,21.85,89.52614,0.0,22.8,0.097
2024-10-17 06:00:00+00:00,23.0,81.94442,0.0,23.75,0.097
2024-10-17 07:00:00+00:00,24.45,72.345825,0.0,25.25,0.097
2024-10-17 08:00:00+00:00,26.3,56.26357,0.0,27.3,0.097
2024-10-17 09:00:00+00:00,27.45,47.027653,0.0,29.5,0.097
2024-10-17 10:00:00+00:00,28.15,43.57317,0.0,31.45,0.097
2024-10-17 11:00:00+00:00,27.85,46.23675,0.0,32.5,0.097
2024-10-17 12:00:00+00:00,26.45,61.105927,0.8,31.9,0.106
2024-10-17 13:00:00+00:00,27.05,54.519238,0.0,31.6,0.109
2024-10-17 14:00:00+00:00,26.7,49.93974,0.0,30.75,0.109
2024-10-17 15:00:00+00:00,25.9,53.0308,0.0,29.55,0.109
2024-10-17 16:00:00+00:00,24.95,29.226622,0.0,28.4,0.109
2024-10-17 17:00:00+00:00,24.2,25.04059,0.0,27.35,0.109
2024-10-17 18:00:00+00:00,22.9,25.404034,0.0,26.4,0.109
2024-10-17 19:00:00+00:00,22.65,25.335794,0.0,25.65,0.109
2024-10-17 20:00:00+00:00,21.95,27.010292,0.0,25.0,0.109
2024-10-17 21:00:00+00:00,21.35,28.219915,0.0,24.4,0.109
2024-10-17 22:00:00+00:00,20.85,29.72733,0.0,23.85,0.109
2024-10-17 23:00:00+00:00,20.25,31.177887,0.0,23.3,0.109
2024-10-18 00:00:00+00:00,19.65,32.588623,0.0,22.85,0.109
2024-10-18 01:00:00+00:00,19.95,33.14004,0.0,23.95,0.106
2024-10-18 02:00:00+00:00,19.55,34.33413,0.0,23.25,0.106
2024-10-18 03:00:00+00:00,19.15,35.448368,0.0,22.65,0.106
2024-10-18 04:00:00+00:00,18.75,36.21653,0.0,22.15,0.106
2024-10-18 05:00:00+00:00,18.95,34.893944,0.0,21.95,0.106
2024-10-18 06:00:00+00:00,19.9,31.973682,0.0,22.3,0.106
2024-10-18 07:00:00+00:00,21.05,27.835812,0.0,23.2,0.106
2024-10-18 08:00:00+00:00,22.1,24.826338,0.0,24.4,0.106
2024-10-18 09:00:00+00:00,22.95,22.497847,0.0,25.65,0.106
2024-10-18 10:00:00+00:00,23.7,20.888083,0.0,26.9,0.106
2024-10-18 11:00:00+00:00,24.25,19.77368,0.0,27.9,0.106
2024-10-18 12:00:00+00:00,24.5,18.85167,0.0,28.5,0.106
2024-10-18 13:00:00+00:00,23.8,22.885893,0.0,28.45,0.106
2024-10-18 14:00:00+00:00,23.75,22.2245,0.0,27.7,0.106
2024-10-18 15:00:00+00:00,22.4,25.087187,0.0,26.5,0.106
2024-10-18 16:00:00+00:00,21.35,25.252598,0.0,25.3,0.106
2024-10-18 17:00:00+00:00,20.8,23.511389,0.0,24.3,0.106
2024-10-18 18:00:00+00:00,20.0,24.25431,0.0,23.45,0.106
2024-10-18 19:00:00+00:00,19.45,25.0962,0.0,22.75,0.106
2024-10-18 20:00:00+00:00,19.3,25.892805,0.0,22.15,0.106
2024-10-18 21:00:00+00:00,18.95,26.271338,0.0,21.7,0.106
2024-10-18 22:00:00+00:00,18.7,26.880344,0.0,21.25,0.106
2024-10-18 23:00:00+00:00,18.35,28.288301,0.0,20.9,0.106
2024-10-19 00:00:00+00:00,17.85,30.48958,0.0,20.5,0.106
2024-10-19 01:00:00+00:00,17.45,31.838352,0.0,20.45,0.105
2024-10-19 02:00:00+00:00,17.05,34.096283,0.0,20.05,0.105
2024-10-19 03:00:00+00:00,16.75,36.278355,0.0,19.65,0.105
2024-10-19 04:00:00+00:00,16.7,37.181953,0.0,19.35,0.105
2024-10-19 05:00:00+00:00,17.55,34.487682,0.0,19.45,0.105
2024-10-19 06:00:00+00:00,19.05,29.63998,0.0,20.25,0.105
2024-10-19 07:00:00+00:00,20.5,24.479574,0.0,21.5,0.105
2024-10-19 08:00:00+00:00,21.6,22.385317,0.0,23.0,0.105
2024-10-19 09:00:00+00:00,22.6,21.371521,0.0,24.65,0.105
2024-10-19 10:00:00+00:00,23.3,21.013157,0.0,26.25,0.105
2024-10-19 11:00:00+00:00,23.75,20.450773,0.0,27.7,0.105
2024-10-19 12:00:00+00:00,23.95,20.132978,0.0,28.55,0.105
2024-10-19 13:00:00+00:00,22.8,27.53682,0.0,28.1,0.106
2024-10-19 14:00:00+00:00,21.8,34.26102,0.0,27.05,0.106
2024-10-19 15:00:00+00:00,20.75,38.486343,0.0,25.6,0.106
2024-10-19 16:00:00+00:00,20.3,42.239853,0.0,24.2,0.106
2024-10-19 17:00:00+00:00,20.0,46.068577,0.0,23.15,0.106
2024-10-19 18:00:00+00:00,18.8,38.191433,0.0,22.25,0.106
2024-10-19 19:00:00+00:00,18.15,30.137203,0.0,21.4,0.106
2024-10-19 20:00:00+00:00,17.8,29.38954,0.0,20.75,0.106
2024-10-19 21:00:00+00:00,17.9,27.955624,0.0,20.25,0.106
2024-10-19 22:00:00+00:00,17.65,28.503113,0.0,19.9,0.106
2024-10-19 23:00:00+00:00,17.4,29.596848,0.0,19.55,0.106
2024-10-20 00:00:00+00:00,17.1,30.384031,0.0,19.25,0.106
2024-10-20 01:00:00+00:00,16.75,32.566605,0.0,18.5,0.106
2024-10-20 02:00:00+00:00,16.45,32.7158,0.0,18.35,0.106
2024-10-20 03:00:00+00:00,16.3,33.26997,0.0,18.2,0.106
2024-10-20 04:00:00+00:00,16.3,33.3907,0.0,18.1,0.106
2024-10-20 05:00:00+00:00,17.1,31.736973,0.0,18.3,0.106
2024-10-20 06:00:00+00:00,18.9,26.161634,0.0,19.25,0.106
2024-10-20 07:00:00+00:00,20.75,22.820328,0.0,20.8,0.106
2024-10-20 08:00:00+00:00,22.2,19.689157,0.0,22.5,0.106
2024-10-20 09:00:00+00:00,23.3,17.167555,0.0,24.25,0.106
2024-10-20 10:00:00+00:00,24.1,16.118637,0.0,25.9,0.106
2024-10-20 11:00:00+00:00,24.6,15.239923,0.0,27.25,0.106
2024-10-20 12:00:00+00:00,24.85,14.626054,0.0,28.2,0.106
2024-10-20 13:00:00+00:00,24.45,15.31999,0.0,28.3,0.106
2024-10-20 14:00:00+00:00,23.35,22.441133,0.0,27.45,0.106
2024-10-20 15:00:00+00:00,21.05,37.522957,0.0,25.8,0.106
2024-10-20 16:00:00+00:00,20.3,43.857677,0.0,24.3,0.106
2024-10-20 17:00:00+00:00,20.15,43.965225,0.0,23.1,0.106
2024-10-20 18:00:00+00:00,19.3,46.822475,0.0,22.2,0.106
2024-10-20 19:00:00+00:00,17.9,43.478893,0.0,21.3,0.106
2024-10-20 20:00:00+00:00,17.75,36.182407,0.0,20.6,0.106
2024-10-20 21:00:00+00:00,18.3,30.180233,0.0,20.1,0.106
2024-10-20 22:00:00+00:00,18.7,28.284847,0.0,19.85,0.106
2024-10-20 23:00:00+00:00,18.45,29.362272,0.0,19.65,0.106
2024-10-21 00:00:00+00:00,18.0,30.976946,0.0,19.45,0.106
2024-10-21 01:00:00+00:00,19.05,32.997818,0.0,19.65,0.105
2024-10-21 02:00:00+00:00,18.45,33.77463,0.0,19.55,0.105
2024-10-21 03:00:00+00:00,17.85,35.447803,0.0,19.35,0.105
2024-10-21 04:00:00+00:00,17.65,35.38965,0.0,19.15,0.105
2024-10-21 05:00:00+00:00,18.45,33.4155,0.0,19.25,0.105
2024-10-21 06:00:00+00:00,19.55,29.358217,0.0,20.0,0.105
2024-10-21 07:00:00+00:00,20.6,26.539267,0.0,21.15,0.105
2024-10-21 08:00:00+00:00,21.8,23.609222,0.0,22.55,0.105
2024-10-21 09:00:00+00:00,23.0,21.475595,0.0,24.15,0.105
2024-10-21 10:00:00+00:00,23.65,20.49964,0.0,25.6,0.105
2024-10-21 11:00:00+00:00,23.5,20.386944,0.0,26.4,0.105
2024-10-21 12:00:00+00:00,23.9,19.118793,0.0,26.8,0.105
2024-10-21 13:00:00+00:00,24.35,15.938005,0.0,26.95,0.105
2024-10-21 14:00:00+00:00,23.85,17.687284,0.0,26.35,0.105
2024-10-21 15:00:00+00:00,22.25,23.389751,0.0,25.15,0.105
2024-10-21 16:00:00+00:00,21.05,26.664322,0.0,24.0,0.105
2024-10-21 17:00:00+00:00,20.15,28.490242,0.0,23.05,0.105
2024-10-21 18:00:00+00:00,19.4,30.169449,0.0,22.2,0.105
2024-10-21 19:00:00+00:00,19.0,31.041576,0.0,21.5,0.105
2024-10-21 20:00:00+00:00,18.8,31.65747,0.0,20.95,0.105
2024-10-21 21:00:00+00:00,18.45,33.296543,0.0,20.5,0.105
2024-10-21 22:00:00+00:00,18.25,34.445152,0.0,20.1,0.105
2024-10-21 23:00:00+00:00,18.1,34.77105,0.0,19.75,0.105
2024-10-22 00:00:00+00:00,17.6,36.786285,0.0,19.45,0.105
2024-10-22 01:00:00+00:00,17.05,43.69211,0.0,19.6,0.099
2024-10-22 02:00:00+00:00,16.85,45.028088,0.0,19.05,0.099
2024-10-22 03:00:00+00:00,16.75,44.531017,0.0,18.65,0.099
2024-10-22 04:00:00+00:00,16.55,44.163975,0.0,18.3,0.099
2024-10-22 05:00:00+00:00,17.55,39.188732,0.0,18.45,0.099
2024-10-22 06:00:00+00:00,18.95,33.204304,0.0,19.25,0.099
2024-10-22 07:00:00+00:00,20.3,28.840752,0.0,20.5,0.099
2024-10-22 08:00:00+00:00,21.5,23.959288,0.0,21.9,0.099
2024-10-22 09:00:00+00:00,22.35,21.85729,0.0,23.3,0.099
2024-10-22 10:00:00+00:00,23.1,20.137114,0.0,24.5,0.099
2024-10-22 11:00:00+00:00,23.55,18.009647,0.0,25.4,0.099
2024-10-22 12:00:00+00:00,23.8,17.096388,0.0,25.95,0.099
2024-10-22 13:00:00+00:00,23.5,16.773405,0.0,25.9,0.099
2024-10-22 14:00:00+00:00,22.7,18.889593,0.0,25.25,0.099
2024-10-22 15:00:00+00:00,21.4,20.828007,0.0,24.2,0.099
2024-10-22 16:00:00+00:00,20.5,23.089817,0.0,23.2,0.099
2024-10-22 17:00:00+00:00,19.75,24.632992,0.0,22.3,0.099
2024-10-22 18:00:00+00:00,19.45,25.0962,0.0,21.6,0.099
2024-10-22 19:00:00+00:00,19.1,25.462,0.0,21.0,0.099
2024-10-22 20:00:00+00:00,18.55,26.642801,0.0,20.5,0.099
2024-10-22 21:00:00+00:00,18.0,27.983984,0.0,20.0,0.099
2024-10-22 22:00:00+00:00,17.55,28.893562,0.0,19.6,0.099
2024-10-22 23:00:00+00:00,17.2,29.647387,0.0,19.2,0.099
2024-10-23 00:00:00+00:00,16.75,30.840218,0.0,18.85,0.099
2024-10-23 01:00:00+00:00,16.8,33.055767,0.0,19.25,0.098
2024-10-23 02:00:00+00:00,16.7,33.266228,0.0,18.85,0.098
2024-10-23 03:00:00+00:00,16.4,34.0294,0.0,18.5,0.098
2024-10-23 04:00:00+00:00,16.05,35.04904,0.0,18.15,0.098
2024-10-23 05:00:00+00:00,16.55,33.706284,0.0,18.15,0.098
2024-10-23 06:00:00+00:00,18.15,29.382969,0.0,18.9,0.098
2024-10-23 07:00:00+00:00,20.15,25.01447,0.0,20.25,0.098
2024-10-23 08:00:00+00:00,21.9,20.880795,0.0,21.9,0.098
2024-10-23 09:00:00+00:00,23.3,18.55504,0.0,23.75,0.098
2024-10-23 10:00:00+00:00,24.25,16.456404,0.0,25.5,0.098
2024-10-23 11:00:00+00:00,24.85,14.571366,0.0,26.95,0.098
2024-10-23 12:00:00+00:00,25.1,13.620031,0.0,27.8,0.098
2024-10-23 13:00:00+00:00,25.15,14.099965,0.0,27.9,0.099
2024-10-23 14:00:00+00:00,24.7,14.868576,0.0,27.1,0.099
2024-10-23 15:00:00+00:00,24.25,15.562685,0.0,25.25,0.099
2024-10-23 16:00:00+00:00,20.8,36.17491,0.0,23.55,0.099
2024-10-23 17:00:00+00:00,19.65,31.116945,0.0,22.4,0.099
2024-10-23 18:00:00+00:00,19.35,27.95948,0.0,21.45,0.099
2024-10-23 19:00:00+00:00,18.35,29.869158,0.0,20.65,0.099
2024-10-23 20:00:00+00:00,17.6,31.766966,0.0,19.85,0.099
2024-10-23 21:00:00+00:00,17.35,32.38882,0.0,19.25,0.099
2024-10-23 22:00:00+00:00,16.95,33.58019,0.0,18.75,0.099
2024-10-23 23:00:00+00:00,16.2,36.5087,0.0,18.2,0.099
2024-10-24 00:00:00+00:00,15.85,37.872578,0.0,17.7,0.099
2024-10-24 01:00:00+00:00,15.6,38.75969,0.0,16.35,0.101
2024-10-24 02:00:00+00:00,15.2,40.195866,0.0,16.25,0.101
2024-10-24 03:00:00+00:00,14.8,41.688004,0.0,16.15,0.101
2024-10-24 04:00:00+00:00,14.3,44.935432,0.0,15.95,0.101
2024-10-24 05:00:00+00:00,15.8,43.487564,0.0,16.25,0.101
2024-10-24 06:00:00+00:00,18.5,33.789116,0.0,17.6,0.101
2024-10-24 07:00:00+00:00,21.3,26.829742,0.0,19.7,0.101
2024-10-24 08:00:00+00:00,23.45,21.986511,0.0,22.1,0.101
2024-10-24 09:00:00+00:00,24.85,18.93828,0.0,24.4,0.101
2024-10-24 10:00:00+00:00,25.65,17.411348,0.0,26.55,0.101
2024-10-24 11:00:00+00:00,25.95,17.804176,0.0,28.1,0.101
2024-10-24 12:00:00+00:00,24.75,29.06998,0.0,28.4,0.101
2024-10-24 13:00:00+00:00,24.15,29.92494,0.0,28.05,0.103
2024-10-24 14:00:00+00:00,23.3,31.169645,0.0,26.95,0.103
2024-10-24 15:00:00+00:00,22.1,39.406403,0.0,25.5,0.103
2024-10-24 16:00:00+00:00,21.5,48.38985,0.0,24.15,0.103
2024-10-24 17:00:00+00:00,19.1,60.9867,0.0,22.9,0.103
2024-10-24 18:00:00+00:00,18.85,61.94548,0.0,21.6,0.103
2024-10-24 19:00:00+00:00,17.55,61.439377,0.0,20.6,0.103
2024-10-24 20:00:00+00:00,17.35,57.013687,0.0,19.85,0.103
2024-10-24 21:00:00+00:00,17.1,54.67874,0.0,19.25,0.103
2024-10-24 22:00:00+00:00,17.0,53.182373,0.0,18.7,0.103
2024-10-24 23:00:00+00:00,17.3,40.66188,0.0,18.35,0.103
2024-10-25 00:00:00+00:00,17.0,37.937748,0.0,18.1,0.103
2024-10-25 01:00:00+00:00,17.0,40.718376,0.0,17.45,0.101
2024-10-25 02:00:00+00:00,17.55,37.165176,0.0,17.5,0.101
2024-10-25 03:00:00+00:00,17.25,37.47505,0.0,17.6,0.101
2024-10-25 04:00:00+00:00,16.75,38.271046,0.0,17.5,0.101
2024-10-25 05:00:00+00:00,17.45,36.61232,0.0,17.75,0.101
2024-10-25 06:00:00+00:00,19.65,30.45779,0.0,18.8,0.101
2024-10-25 07:00:00+00:00,22.2,25.576876,0.0,20.55,0.101
2024-10-25 08:00:00+00:00,24.2,21.399223,0.0,22.55,0.101
2024-10-25 09:00:00+00:00,25.45,21.110672,0.0,24.6,0.101
2024-10-25 10:00:00+00:00,26.2,20.852732,0.0,26.55,0.101
2024-10-25 11:00:00+00:00,26.4,20.53456,0.0,28.05,0.101
2024-10-25 12:00:00+00:00,26.15,20.61804,0.0,28.7,0.101
2024-10-25 13:00:00+00:00,24.65,27.565367,0.0,28.55,0.104
2024-10-25 14:00:00+00:00,23.75,26.745922,0.0,27.55,0.104
2024-10-25 15:00:00+00:00,23.3,29.47964,0.0,25.55,0.104
2024-10-25 16:00:00+00:00,21.4,38.539974,0.0,23.7,0.104
2024-10-25 17:00:00+00:00,19.15,49.901936,0.0,22.4,0.104
2024-10-25 18:00:00+00:00,19.65,52.979603,0.0,21.5,0.104
2024-10-25 19:00:00+00:00,18.95,47.367973,0.0,20.85,0.104
2024-10-25 20:00:00+00:00,18.45,41.279476,0.0,20.3,0.104
2024-10-25 21:00:00+00:00,17.8,40.379505,0.0,19.7,0.104
2024-10-25 22:00:00+00:00,17.45,40.848312,0.0,19.2,0.104
2024-10-25 23:00:00+00:00,17.2,40.206142,0.0,18.9,0.104
2024-10-26 00:00:00+00:00,16.75,40.360046,0.0,18.55,0.104
2024-10-26 01:00:00+00:00,17.75,37.091766,0.0,17.9,0.103
2024-10-26 02:00:00+00:00,17.75,36.182407,0.0,18.0,0.103
2024-10-26 03:00:00+00:00,17.3,37.622837,0.0,17.9,0.103
2024-10-26 04:00:00+00:00,17.0,38.61666,0.0,17.8,0.103
2024-10-26 05:00:00+00:00,18.2,35.92953,0.0,18.05,0.103
2024-10-26 06:00:00+00:00,20.35,31.428442,0.0,19.15,0.103
2024-10-26 07:00:00+00:00,22.85,26.404106,0.0,20.9,0.103
2024-10-26 08:00:00+00:00,25.05,21.388231,0.0,22.85,0.103
2024-10-26 09:00:00+00:00,26.5,18.396345,0.0,24.8,0.103
2024-10-26 10:00:00+00:00,27.35,17.248808,0.0,26.55,0.103
2024-10-26 11:00:00+00:00,27.85,16.27337,0.0,27.95,0.103
2024-10-26 12:00:00+00:00,27.95,15.601168,0.0,28.8,0.103
2024-10-26 13:00:00+00:00,27.65,15.87689,0.0,28.9,0.102
2024-10-26 14:00:00+00:00,26.2,21.303085,0.0,28.1,0.102
2024-10-26 15:00:00+00:00,21.5,42.005146,0.0,26.25,0.102
2024-10-26 16:00:00+00:00,22.0,44.48341,0.0,24.75,0.102
2024-10-26 17:00:00+00:00,21.3,35.571404,0.0,23.55,0.102
2024-10-26 18:00:00+00:00,21.6,23.89958,0.0,22.7,0.102
2024-10-26 19:00:00+00:00,21.4,24.994345,0.0,22.15,0.102
2024-10-26 20:00:00+00:00,21.0,26.650429,0.0,21.7,0.102
2024-10-26 21:00:00+00:00,20.6,27.610407,0.0,21.35,0.102
2024-10-26 22:00:00+00:00,20.2,28.300568,0.0,21.0,0.102
2024-10-26 23:00:00+00:00,19.75,29.204857,0.0,20.65,0.102
2024-10-27 00:00:00+00:00,19.45,29.968199,0.0,20.35,0.102
2024-10-27 01:00:00+00:00,19.25,33.173042,0.0,20.0,0.103
2024-10-27 02:00:00+00:00,19.15,31.307734,0.0,19.75,0.103
2024-10-27 03:00:00+00:00,19.2,29.896849,0.0,19.6,0.103
2024-10-27 04:00:00+00:00,18.4,31.655676,0.0,19.35,0.103
2024-10-27 05:00:00+00:00,18.8,30.87317,0.0,19.35,0.103
2024-10-27 06:00:00+00:00,20.6,26.635098,0.0,20.2,0.103
2024-10-27 07:00:00+00:00,22.95,22.25509,0.0,21.75,0.103
2024-10-27 08:00:00+00:00,24.4,21.605833,0.0,23.6,0.103
2024-10-27 09:00:00+00:00,25.2,21.046549,0.0,25.45,0.103
2024-10-27 10:00:00+00:00,25.7,20.949009,0.0,27.05,0.103
2024-10-27 11:00:00+00:00,26.1,19.880692,0.0,28.15,0.103
2024-10-27 12:00:00+00:00,26.2,18.257143,0.0,28.65,0.103
2024-10-27 13:00:00+00:00,25.8,19.03558,0.0,28.6,0.105
2024-10-27 14:00:00+00:00,25.05,20.932774,0.0,27.7,0.105
2024-10-27 15:00:00+00:00,22.85,27.260002,0.0,26.15,0.105
2024-10-27 16:00:00+00:00,20.65,35.13859,0.0,24.6,0.105
2024-10-27 17:00:00+00:00,20.7,35.275784,0.0,23.0,0.105
2024-10-27 18:00:00+00:00,18.1,42.4904,0.0,21.7,0.105
2024-10-27 19:00:00+00:00,18.3,45.593815,0.0,20.85,0.105
2024-10-27 20:00:00+00:00,17.8,46.72603,0.0,20.15,0.105
2024-10-27 21:00:00+00:00,17.4,46.77575,0.0,19.6,0.105
2024-10-27 22:00:00+00:00,17.2,46.2369,0.0,19.15,0.105
2024-10-27 23:00:00+00:00,16.45,46.997917,0.0,18.7,0.105
2024-10-28 00:00:00+00:00,15.85,47.98803,0.0,18.15,0.105
2024-10-28 01:00:00+00:00,17.0,46.02069,0.0,18.0,0.1
2024-10-28 02:00:00+00:00,17.0,38.07268,0.0,17.9,0.1
2024-10-28 03:00:00+00:00,16.9,35.80653,0.0,17.8,0.1
2024-10-28 04:00:00+00:00,16.35,36.16151,0.0,17.6,0.1
2024-10-28 05:00:00+00:00,16.95,34.68462,0.0,17.75,0.1
2024-10-28 06:00:00+00:00,19.15,28.929903,0.0,18.8,0.1
2024-10-28 07:00:00+00:00,22.1,23.434254,0.0,20.6,0.1
2024-10-28 08:00:00+00:00,24.35,19.371572,0.0,22.75,0.1
2024-10-28 09:00:00+00:00,25.65,18.322247,0.0,24.85,0.1
2024-10-28 10:00:00+00:00,26.4,16.716526,0.0,26.8,0.1
2024-10-28 11:00:00+00:00,26.7,16.067202,0.0,28.35,0.1
2024-10-28 12:00:00+00:00,26.1,22.440783,0.0,28.95,0.1
2024-10-28 13:00:00+00:00,24.55,31.414274,0.0,28.45,0.103
2024-10-28 14:00:00+00:00,23.35,32.171608,0.0,27.3,0.103
2024-10-28 15:00:00+00:00,20.7,39.41161,0.0,25.55,0.103
2024-10-28 16:00:00+00:00,19.35,47.1564,0.0,23.8,0.103
2024-10-28 17:00:00+00:00,19.05,58.40077,0.0,22.4,0.103
2024-10-28 18:00:00+00:00,18.2,63.248936,0.0,21.25,0.103
2024-10-28 19:00:00+00:00,17.65,64.397575,0.0,20.2,0.103
2024-10-28 20:00:00+00:00,16.5,61.400223,0.0,19.3,0.103
2024-10-28 21:00:00+00:00,15.25,62.153893,0.0,18.55,0.103
2024-10-28 22:00:00+00:00,14.6,64.15208,0.0,17.85,0.103
2024-10-28 23:00:00+00:00,14.65,65.26224,0.0,17.25,0.103
2024-10-29 00:00:00+00:00,14.8,59.352303,0.0,16.85,0.103
2024-10-29 01:00:00+00:00,15.3,57.474247,0.0,16.25,0.103
2024-10-29 02:00:00+00:00,15.35,56.703773,0.0,16.15,0.103
2024-10-29 03:00:00+00:00,15.6,46.923546,0.0,16.15,0.103
2024-10-29 04:00:00+00:00,15.4,38.97957,0.0,16.15,0.103
2024-10-29 05:00:00+00:00,16.2,35.859013,0.0,16.45,0.103
2024-10-29 06:00:00+00:00,18.5,30.566181,0.0,17.55,0.103
2024-10-29 07:00:00+00:00,21.25,24.684092,0.0,19.3,0.103
2024-10-29 08:00:00+00:00,23.55,21.001379,0.0,21.3,0.103
2024-10-29 09:00:00+00:00,25.1,20.795645,0.0,23.3,0.103
2024-10-29 10:00:00+00:00,25.95,20.493805,0.0,25.25,0.103
2024-10-29 11:00:00+00:00,26.3,19.366974,0.0,26.85,0.103
2024-10-29 12:00:00+00:00,26.05,19.939577,0.0,27.45,0.103
2024-10-29 13:00:00+00:00,25.75,19.29999,0.0,27.15,0.109
2024-10-29 14:00:00+00:00,24.0,29.882866,0.0,26.3,0.109
2024-10-29 15:00:00+00:00,21.5,44.64413,0.0,24.8,0.109
2024-10-29 16:00:00+00:00,20.5,49.929375,0.0,23.4,0.109
2024-10-29 17:00:00+00:00,19.05,53.35837,0.0,22.2,0.109
2024-10-29 18:00:00+00:00,18.1,57.5862,0.0,21.05,0.109
2024-10-29 19:00:00+00:00,18.0,53.99031,0.0,20.2,0.109
2024-10-29 20:00:00+00:00,17.1,51.06902,0.0,19.45,0.109
2024-10-29 21:00:00+00:00,15.8,51.781532,0.0,18.65,0.109
2024-10-29 22:00:00+00:00,15.75,49.144005,0.0,18.05,0.109
2024-10-29 23:00:00+00:00,15.85,47.158142,0.0,17.6,0.109
2024-10-30 00:00:00+00:00,15.9,42.604774,0.0,17.3,0.109
2024-10-30 01:00:00+00:00,16.6,37.82121,0.0,17.0,0.109
2024-10-30 02:00:00+00:00,16.2,33.48262,0.0,16.85,0.109
2024-10-30 03:00:00+00:00,15.7,33.702103,0.0,16.7,0.109
2024-10-30 04:00:00+00:00,16.15,30.109793,0.0,16.6,0.109
2024-10-30 05:00:00+00:00,17.85,25.583986,0.0,16.95,0.109
2024-10-30 06:00:00+00:00,20.1,23.667421,0.0,18.15,0.109
2024-10-30 07:00:00+00:00,22.55,20.21853,0.0,19.95,0.109
2024-10-30 08:00:00+00:00,25.1,16.656101,0.0,22.1,0.109
2024-10-30 09:00:00+00:00,26.5,15.787697,0.0,24.25,0.109
2024-10-30 10:00:00+00:00,27.2,15.318736,0.0,26.15,0.109
2024-10-30 11:00:00+00:00,27.4,14.974419,0.0,27.6,0.109
2024-10-30 12:00:00+00:00,27.35,14.853675,0.0,28.3,0.109
2024-10-30 13:00:00+00:00,27.15,13.399857,0.0,28.15,0.109
2024-10-30 14:00:00+00:00,25.7,15.954438,0.0,27.3,0.109
2024-10-30 15:00:00+00:00,24.45,19.255903,0.0,25.3,0.109
2024-10-30 16:00:00+00:00,24.25,21.879404,0.0,23.5,0.109
2024-10-30 17:00:00+00:00,21.7,25.257488,0.0,21.95,0.109
2024-10-30 18:00:00+00:00,18.15,30.246338,0.0,20.75,0.109
2024-10-30 19:00:00+00:00,18.5,33.669025,0.0,20.0,0.109
2024-10-30 20:00:00+00:00,18.0,34.49534,0.0,19.5,0.109
2024-10-30 21:00:00+00:00,18.0,32.4605,0.0,19.1,0.109
2024-10-30 22:00:00+00:00,17.95,32.213776,0.0,18.75,0.109
2024-10-30 23:00:00+00:00,17.4,33.590355,0.0,18.45,0.109
2024-10-31 00:00:00+00:00,16.8,32.463448,0.0,18.1,0.109
2024-10-31 01:00:00+00:00,17.2,36.02229,0.0,18.3,0.109
2024-10-31 02:00:00+00:00,17.05,35.978573,0.0,18.0,0.108
2024-10-31 03:00:00+00:00,17.0,34.451023,0.0,17.75,0.108
2024-10-31 04:00:00+00:00,16.7,35.112762,0.0,17.55,0.108
2024-10-31 05:00:00+00:00,17.35,33.6966,0.0,17.65,0.108
2024-10-31 06:00:00+00:00,19.35,29.091248,0.0,18.65,0.108
2024-10-31 07:00:00+00:00,22.25,23.902052,0.0,20.35,0.108
2024-10-31 08:00:00+00:00,24.8,24.41513,0.0,22.4,0.108
2024-10-31 09:00:00+00:00,25.95,22.963272,0.0,24.35,0.108
2024-10-31 10:00:00+00:00,26.55,22.007578,0.0,25.9,0.108
2024-10-31 11:00:00+00:00,26.7,22.998232,0.0,27.0,0.108
2024-10-31 12:00:00+00:00,26.6,25.334974,0.0,27.6,0.108
2024-10-31 13:00:00+00:00,25.9,26.13035,0.0,27.5,0.108
2024-10-31 14:00:00+00:00,25.0,29.955868,0.0,26.75,0.108
2024-10-31 15:00:00+00:00,23.1,39.289776,0.0,25.4,0.108
2024-10-31 16:00:00+00:00,22.3,44.120487,0.0,24.2,0.108
2024-10-31 17:00:00+00:00,21.55,51.051666,0.0,23.25,0.108
2024-10-31 18:00:00+00:00,21.0,54.761547,0.0,22.45,0.108
2024-10-31 19:00:00+00:00,20.45,52.309116,0.0,21.8,0.108
2024-10-31 20:00:00+00:00,18.9,50.514763,0.0,21.1,0.108
2024-10-31 21:00:00+00:00,18.65,49.42922,0.0,20.6,0.108
2024-10-31 22:00:00+00:00,18.05,49.097588,0.0,20.1,0.108
2024-10-31 23:00:00+00:00,18.15,47.63429,0.0,19.7,0.108
2024-11-01 00:00:00+00:00,17.9,45.168156,0.0,19.35,0.108
2024-11-01 01:00:00+00:00,18.55,42.17794,0.0,20.55,0.108
2024-11-01 02:00:00+00:00,18.25,42.092155,0.0,20.05,0.108
2024-11-01 03:00:00+00:00,18.6,38.133595,0.0,19.7,0.108
2024-11-01 04:00:00+00:00,18.65,35.933014,0.0,19.4,0.108
2024-11-01 05:00:00+00:00,19.35,34.641296,0.0,19.45,0.108
2024-11-01 06:00:00+00:00,21.45,31.18971,0.0,20.4,0.108
2024-11-01 07:00:00+00:00,24.05,28.276539,0.0,22.0,0.108
2024-11-01 08:00:00+00:00,25.7,27.187464,0.0,23.85,0.108
2024-11-01 09:00:00+00:00,26.5,25.751795,0.0,25.5,0.108
2024-11-01 10:00:00+00:00,26.95,24.991678,0.0,26.8,0.108
2024-11-01 11:00:00+00:00,27.25,24.21628,0.0,27.7,0.108
2024-11-01 12:00:00+00:00,27.6,23.07261,0.0,28.2,0.108
2024-11-01 13:00:00+00:00,27.15,22.162935,0.0,28.25,0.108
2024-11-01 14:00:00+00:00,26.25,24.459557,0.0,27.55,0.108
2024-11-01 15:00:00+00:00,24.7,28.259905,0.0,26.3,0.108
2024-11-01 16:00:00+00:00,24.25,30.16124,0.0,25.2,0.108
2024-11-01 17:00:00+00:00,24.3,34.736504,0.0,24.4,0.108
2024-11-01 18:00:00+00:00,23.7,39.860447,0.0,23.85,0.108
2024-11-01 19:00:00+00:00,23.3,37.395912,0.0,23.4,0.108
2024-11-01 20:00:00+00:00,23.0,36.42969,0.0,23.0,0.108
2024-11-01 21:00:00+00:00,21.6,38.46503,0.0,22.5,0.108
2024-11-01 22:00:00+00:00,19.45,43.76782,0.0,21.8,0.108
2024-11-01 23:00:00+00:00,18.45,42.88658,0.0,21.15,0.108
2024-11-02 00:00:00+00:00,17.65,43.710735,0.0,20.5,0.108
2024-11-02 01:00:00+00:00,20.35,44.929443,0.0,20.75,0.108
2024-11-02 02:00:00+00:00,18.7,44.008633,0.0,20.35,0.108
2024-11-02 03:00:00+00:00,17.9,45.168156,0.0,19.9,0.108
2024-11-02 04:00:00+00:00,18.25,50.5113,0.0,19.5,0.108
2024-11-02 05:00:00+00:00,18.85,47.82751,0.0,19.55,0.108
2024-11-02 06:00:00+00:00,21.1,39.798084,0.0,20.4,0.108
2024-11-02 07:00:00+00:00,23.9,38.33605,0.0,22.0,0.108
2024-11-02 08:00:00+00:00,25.05,38.790936,0.0,23.7,0.108
2024-11-02 09:00:00+00:00,25.3,39.911198,0.0,25.2,0.108
2024-11-02 10:00:00+00:00,25.2,41.504772,0.0,26.2,0.108
2024-11-02 11:00:00+00:00,25.65,38.572754,0.0,26.95,0.108
2024-11-02 12:00:00+00:00,25.85,39.537872,0.0,27.35,0.108
2024-11-02 13:00:00+00:00,26.7,36.860134,0.0,27.6,0.108
2024-11-02 14:00:00+00:00,25.65,39.876972,0.0,27.0,0.108
2024-11-02 15:00:00+00:00,24.15,43.035027,0.0,25.9,0.108
2024-11-02 16:00:00+00:00,23.65,44.94129,0.0,24.85,0.108
2024-11-02 17:00:00+00:00,24.2,48.31948,0.0,24.2,0.108
2024-11-02 18:00:00+00:00,23.2,51.486336,0.0,23.8,0.108
2024-11-02 19:00:00+00:00,21.9,57.755676,0.0,23.2,0.108
2024-11-02 20:00:00+00:00,21.45,60.73575,0.0,22.65,0.108
2024-11-02 21:00:00+00:00,20.7,61.558857,0.0,22.1,0.108
2024-11-02 22:00:00+00:00,19.35,56.75006,0.0,21.55,0.108
2024-11-02 23:00:00+00:00,18.8,55.11547,0.0,21.05,0.108
2024-11-03 00:00:00+00:00,19.0,65.549065,0.0,20.7,0.108
2024-11-03 01:00:00+00:00,20.3,50.21158,0.0,20.75,0.102
2024-11-03 02:00:00+00:00,19.6,74.290726,0.0,20.35,0.102
2024-11-03 03:00:00+00:00,19.65,66.55088,0.0,20.35,0.102
2024-11-03 04:00:00+00:00,18.75,60.10135,0.0,20.15,0.102
2024-11-03 05:00:00+00:00,17.2,79.900185,1.5,19.55,0.118
2024-11-03 06:00:00+00:00,17.55,77.89959,0.2,19.2,0.121
2024-11-03 07:00:00+00:00,20.0,71.3126,0.0,20.45,0.121
2024-11-03 08:00:00+00:00,21.8,63.63515,0.0,22.3,0.121
2024-11-03 09:00:00+00:00,23.05,57.84706,0.0,24.45,0.121
2024-11-03 10:00:00+00:00,23.5,57.95579,0.0,26.05,0.12
2024-11-03 11:00:00+00:00,22.95,61.674263,0.0,26.7,0.12
2024-11-03 12:00:00+00:00,22.7,62.61577,0.0,26.8,0.12
2024-11-03 13:00:00+00:00,21.45,64.80235,0.0,26.5,0.114
2024-11-03 14:00:00+00:00,21.25,69.51189,0.0,25.5,0.114
2024-11-03 15:00:00+00:00,20.55,74.68945,0.0,24.2,0.114
2024-11-03 16:00:00+00:00,20.3,78.30789,0.0,23.15,0.114
2024-11-03 17:00:00+00:00,20.25,80.062485,0.0,22.35,0.114
2024-11-03 18:00:00+00:00,19.45,84.132454,0.0,21.7,0.114
2024-11-03 19:00:00+00:00,19.1,85.44126,0.0,20.95,0.114
2024-11-03 20:00:00+00:00,19.5,81.24558,0.0,20.7,0.114
2024-11-03 21:00:00+00:00,19.0,83.016754,0.0,20.4,0.114
2024-11-03 22:00:00+00:00,18.9,85.96579,0.0,20.1,0.114
2024-11-03 23:00:00+00:00,19.0,85.97574,0.0,19.95,0.114
2024-11-04 00:00:00+00:00,18.5,87.02817,0.2,19.8,0.116
2024-11-04 01:00:00+00:00,17.1,90.31161,0.0,19.1,0.195
2024-11-04 02:00:00+00:00,16.5,89.40081,0.0,18.6,0.194
2024-11-04 03:00:00+00:00,15.9,91.39979,0.0,18.15,0.194
2024-11-04 04:00:00+00:00,15.8,93.481544,0.0,17.85,0.194
2024-11-04 05:00:00+00:00,17.4,87.766525,0.0,17.85,0.194
2024-11-04 06:00:00+00:00,18.5,58.656986,0.0,18.35,0.194
2024-11-04 07:00:00+00:00,19.95,41.422337,0.0,19.4,0.193
2024-11-04 08:00:00+00:00,21.45,36.236107,0.0,20.95,0.192
2024-11-04 09:00:00+00:00,22.85,31.697548,0.0,22.65,0.191
2024-11-04 10:00:00+00:00,23.55,28.434988,0.0,24.15,0.189
2024-11-04 11:00:00+00:00,23.35,31.839302,0.0,25.05,0.187
2024-11-04 12:00:00+00:00,21.8,55.50835,0.0,25.05,0.186
2024-11-04 13:00:00+00:00,22.7,42.916874,0.0,24.9,0.185
2024-11-04 14:00:00+00:00,21.45,59.949947,0.0,24.05,0.185
2024-11-04 15:00:00+00:00,20.9,58.65574,0.0,22.95,0.184
2024-11-04 16:00:00+00:00,20.7,60.95833,0.0,22.05,0.184
2024-11-04 17:00:00+00:00,20.15,65.794044,0.0,21.3,0.184
2024-11-04 18:00:00+00:00,18.05,76.47267,0.0,20.55,0.184
2024-11-04 19:00:00+00:00,18.4,72.89096,0.0,19.75,0.184
2024-11-04 20:00:00+00:00,16.7,75.758606,0.0,19.1,0.184
2024-11-04 21:00:00+00:00,16.3,73.236626,0.0,18.6,0.183
2024-11-04 22:00:00+00:00,15.7,74.35316,0.0,18.15,0.183
2024-11-04 23:00:00+00:00,15.85,68.67146,0.0,17.7,0.183
2024-11-05 00:00:00+00:00,15.4,66.09093,0.0,17.4,0.183
2024-11-05 01:00:00+00:00,16.2,64.942696,0.0,17.7,0.181
2024-11-05 02:00:00+00:00,15.95,61.896145,0.0,17.4,0.181
2024-11-05 03:00:00+00:00,15.95,45.724586,0.0,17.15,0.18
2024-11-05 04:00:00+00:00,15.85,40.528862,0.0,16.95,0.18
2024-11-05 05:00:00+00:00,16.55,37.00576,0.0,17.0,0.18
2024-11-05 06:00:00+00:00,18.15,31.470163,0.0,17.7,0.179
2024-11-05 07:00:00+00:00,20.35,26.56554,0.0,19.05,0.178
2024-11-05 08:00:00+00:00,22.2,21.112453,0.0,20.6,0.177
2024-11-05 09:00:00+00:00,23.4,19.993422,0.0,22.05,0.176
2024-11-05 10:00:00+00:00,24.25,18.516825,0.0,23.4,0.174
2024-11-05 11:00:00+00:00,24.65,16.30708,0.0,24.45,0.173
2024-11-05 12:00:00+00:00,24.7,15.491913,0.0,25.0,0.172
2024-11-05 13:00:00+00:00,23.7,25.082788,0.0,24.8,0.172
2024-11-05 14:00:00+00:00,21.75,44.11532,0.0,23.9,0.172
2024-11-05 15:00:00+00:00,18.25,59.38479,0.0,22.3,0.172
2024-11-05 16:00:00+00:00,17.5,61.839874,0.0,20.7,0.171
2024-11-05 17:00:00+00:00,17.85,61.7147,0.0,19.65,0.171
2024-11-05 18:00:00+00:00,17.3,50.082344,0.0,18.95,0.171
2024-11-05 19:00:00+00:00,15.65,45.16119,0.0,18.05,0.171
2024-11-05 20:00:00+00:00,17.0,31.938576,0.0,17.55,0.171
2024-11-05 21:00:00+00:00,16.9,30.437084,0.0,17.3,0.17
2024-11-05 22:00:00+00:00,16.55,31.120916,0.0,17.1,0.17
2024-11-05 23:00:00+00:00,16.15,32.509975,0.0,16.9,0.17
2024-11-06 00:00:00+00:00,15.9,32.91295,0.0,16.65,0.17
2024-11-06 01:00:00+00:00,15.55,35.029236,0.0,16.0,0.17
2024-11-06 02:00:00+00:00,15.4,34.23142,0.0,15.9,0.17
2024-11-06 03:00:00+00:00,15.35,33.722248,0.0,15.9,0.17
2024-11-06 04:00:00+00:00,15.25,33.815964,0.0,15.85,0.169
2024-11-06 05:00:00+00:00,15.65,33.443356,0.0,15.95,0.169
2024-11-06 06:00:00+00:00,17.35,31.126225,0.0,16.75,0.169
2024-11-06 07:00:00+00:00,19.9,27.216856,0.0,18.15,0.168
2024-11-06 08:00:00+00:00,21.9,27.092823,0.0,19.9,0.167
2024-11-06 09:00:00+00:00,22.75,28.915894,0.0,21.5,0.166
2024-11-06 10:00:00+00:00,23.2,31.358498,0.0,22.85,0.165
2024-11-06 11:00:00+00:00,23.65,31.485792,0.0,23.8,0.164
2024-11-06 12:00:00+00:00,23.75,30.866251,0.0,24.25,0.163
2024-11-06 13:00:00+00:00,23.85,31.980862,0.0,24.25,0.163
2024-11-06 14:00:00+00:00,22.7,36.095818,0.0,23.55,0.162
2024-11-06 15:00:00+00:00,20.75,41.65002,0.0,22.25,0.162
2024-11-06 16:00:00+00:00,20.05,43.044945,0.0,21.15,0.162
2024-11-06 17:00:00+00:00,19.75,47.106686,0.0,20.25,0.162
2024-11-06 18:00:00+00:00,19.6,50.361954,0.0,19.65,0.162
2024-11-06 19:00:00+00:00,19.75,50.402218,0.0,19.3,0.161
2024-11-06 20:00:00+00:00,19.25,51.470028,0.0,19.0,0.161
2024-11-06 21:00:00+00:00,17.8,57.70561,0.0,18.55,0.161
2024-11-06 22:00:00+00:00,16.75,54.03214,0.0,18.1,0.161
2024-11-06 23:00:00+00:00,16.05,43.40617,0.0,17.65,0.161
2024-11-07 00:00:00+00:00,15.8,37.45295,0.0,17.3,0.16
2024-11-07 01:00:00+00:00,15.45,42.92891,0.0,16.75,0.16
2024-11-07 02:00:00+00:00,15.5,37.49969,0.0,16.55,0.16
2024-11-07 03:00:00+00:00,15.8,31.9382,0.0,16.4,0.16
2024-11-07 04:00:00+00:00,16.0,30.735483,0.0,16.35,0.16
2024-11-07 05:00:00+00:00,16.5,29.446156,0.0,16.45,0.159
2024-11-07 06:00:00+00:00,18.0,27.477398,0.0,17.2,0.159
2024-11-07 07:00:00+00:00,20.45,23.849138,0.0,18.55,0.158
2024-11-07 08:00:00+00:00,22.6,23.653309,0.0,20.25,0.158
2024-11-07 09:00:00+00:00,23.7,28.978937,0.0,21.85,0.157
2024-11-07 10:00:00+00:00,24.25,32.53802,0.0,23.25,0.156
2024-11-07 11:00:00+00:00,24.45,33.959667,0.0,24.2,0.155
2024-11-07 12:00:00+00:00,24.5,33.973843,0.0,24.6,0.154
2024-11-07 13:00:00+00:00,24.05,37.103683,0.0,24.75,0.153
2024-11-07 14:00:00+00:00,23.1,40.23055,0.0,24.05,0.152
2024-11-07 15:00:00+00:00,21.6,46.355488,0.0,22.8,0.152
2024-11-07 16:00:00+00:00,20.8,51.53564,0.0,21.75,0.152
2024-11-07 17:00:00+00:00,20.65,54.131306,0.0,21.0,0.152
2024-11-07 18:00:00+00:00,20.55,54.646896,0.0,20.45,0.152
2024-11-07 19:00:00+00:00,20.1,55.078693,0.0,20.05,0.152
2024-11-07 20:00:00+00:00,18.5,56.537502,0.0,19.5,0.151
2024-11-07 21:00:00+00:00,17.85,55.057854,0.0,19.0,0.151
2024-11-07 22:00:00+00:00,17.0,44.91388,0.0,18.55,0.151
2024-11-07 23:00:00+00:00,16.6,37.686672,0.0,18.1,0.151
2024-11-08 00:00:00+00:00,16.1,32.732594,0.0,17.75,0.151
2024-11-08 01:00:00+00:00,15.95,39.000782,0.0,17.8,0.148
2024-11-08 02:00:00+00:00,16.0,34.656837,0.0,17.45,0.148
2024-11-08 03:00:00+00:00,16.15,30.77897,0.0,17.2,0.148
2024-11-08 04:00:00+00:00,16.25,28.416616,0.0,17.0,0.148
2024-11-08 05:00:00+00:00,16.8,27.541512,0.0,17.05,0.147
2024-11-08 06:00:00+00:00,18.5,26.338017,0.0,17.8,0.147
2024-11-08 07:00:00+00:00,21.15,22.34781,0.0,19.25,0.147
2024-11-08 08:00:00+00:00,23.55,21.933392,0.0,21.05,0.146
2024-11-08 09:00:00+00:00,24.45,29.39168,0.0,22.8,0.145
2024-11-08 10:00:00+00:00,24.95,32.071445,0.0,24.25,0.144
2024-11-08 11:00:00+00:00,25.2,33.256176,0.0,25.3,0.144
2024-11-08 12:00:00+00:00,25.15,34.0422,0.0,25.85,0.143
2024-11-08 13:00:00+00:00,24.95,35.636997,0.0,25.85,0.142
2024-11-08 14:00:00+00:00,23.3,43.08486,0.0,24.95,0.142
2024-11-08 15:00:00+00:00,19.45,63.112644,0.0,23.25,0.142
2024-11-08 16:00:00+00:00,19.35,68.46939,0.0,21.75,0.142
2024-11-08 17:00:00+00:00,19.1,72.54368,0.0,20.5,0.142
2024-11-08 18:00:00+00:00,18.0,80.78913,0.0,19.65,0.142
2024-11-08 19:00:00+00:00,17.7,68.814415,0.0,19.1,0.142
2024-11-08 20:00:00+00:00,17.35,56.82136,0.0,18.65,0.142
2024-11-08 21:00:00+00:00,16.8,41.969887,0.0,18.2,0.141
2024-11-08 22:00:00+00:00,16.6,45.114506,0.0,17.85,0.141
2024-11-08 23:00:00+00:00,16.65,35.73355,0.0,17.6,0.141
2024-11-09 00:00:00+00:00,16.55,30.894844,0.0,17.3,0.141
2024-11-09 01:00:00+00:00,16.05,32.362812,0.0,17.05,0.14
2024-11-09 02:00:00+00:00,16.2,30.793459,0.0,16.85,0.14
2024-11-09 03:00:00+00:00,15.7,32.378735,0.0,16.65,0.14
2024-11-09 04:00:00+00:00,15.35,32.992367,0.0,16.45,0.139
2024-11-09 05:00:00+00:00,16.0,30.848267,0.0,16.5,0.139
2024-11-09 06:00:00+00:00,17.95,27.969799,0.0,17.25,0.139
2024-11-09 07:00:00+00:00,20.6,23.716013,0.0,18.75,0.139
2024-11-09 08:00:00+00:00,23.15,20.149849,0.0,20.6,0.138
2024-11-09 09:00:00+00:00,24.55,24.95845,0.0,22.45,0.138
2024-11-09 10:00:00+00:00,25.1,30.08727,0.0,24.0,0.137
2024-11-09 11:00:00+00:00,25.35,31.965248,0.0,25.1,0.136
2024-11-09 12:00:00+00:00,25.4,32.088604,0.0,25.7,0.136
2024-11-09 13:00:00+00:00,24.8,35.354343,0.0,25.4,0.136
2024-11-09 14:00:00+00:00,23.6,40.644215,0.0,24.65,0.135
2024-11-09 15:00:00+00:00,20.35,47.592415,0.0,23.05,0.135
2024-11-09 16:00:00+00:00,20.25,46.29467,0.0,21.75,0.135
2024-11-09 17:00:00+00:00,20.8,46.290432,0.0,21.05,0.135
2024-11-09 18:00:00+00:00,21.45,48.376266,0.0,20.7,0.135
2024-11-09 19:00:00+00:00,21.4,49.506424,0.0,20.5,0.135
2024-11-09 20:00:00+00:00,20.9,56.201206,0.0,20.35,0.135
2024-11-09 21:00:00+00:00,20.55,57.425472,0.0,20.2,0.135
2024-11-09 22:00:00+00:00,19.9,60.174675,0.0,20.0,0.135
2024-11-09 23:00:00+00:00,19.4,56.951782,0.0,19.8,0.134
2024-11-10 00:00:00+00:00,18.6,51.123196,0.0,19.55,0.134
2024-11-10 01:00:00+00:00,19.95,41.422337,0.0,20.95,0.128
2024-11-10 02:00:00+00:00,19.3,34.749252,0.0,20.45,0.128
2024-11-10 03:00:00+00:00,18.95,40.569237,0.0,20.05,0.128
2024-11-10 04:00:00+00:00,18.65,47.12352,0.0,19.65,0.128
2024-11-10 05:00:00+00:00,18.6,50.605534,0.0,19.45,0.128
2024-11-10 06:00:00+00:00,20.0,47.818768,0.0,19.85,0.128
2024-11-10 07:00:00+00:00,22.35,42.102715,0.0,20.95,0.127
2024-11-10 08:00:00+00:00,23.5,40.208122,0.0,22.25,0.127
2024-11-10 09:00:00+00:00,24.1,38.39274,0.0,23.4,0.127
2024-11-10 10:00:00+00:00,24.6,34.468315,0.0,24.35,0.127
2024-11-10 11:00:00+00:00,25.4,28.949774,0.0,25.15,0.126
2024-11-10 12:00:00+00:00,25.7,26.626595,0.0,25.5,0.126
2024-11-10 13:00:00+00:00,26.0,28.916876,0.0,25.85,0.123
2024-11-10 14:00:00+00:00,24.8,33.943165,0.0,25.25,0.123
2024-11-10 15:00:00+00:00,23.95,35.959957,0.0,24.45,0.123
2024-11-10 16:00:00+00:00,23.4,37.935978,0.0,23.8,0.123
2024-11-10 17:00:00+00:00,22.15,43.051895,0.0,23.1,0.123
2024-11-10 18:00:00+00:00,20.45,67.36879,1.1,21.85,0.133
2024-11-10 19:00:00+00:00,18.85,76.35219,0.4,20.45,0.137
2024-11-10 20:00:00+00:00,18.25,78.51033,0.2,19.5,0.14
2024-11-10 21:00:00+00:00,18.0,80.52893,0.0,18.95,0.14
2024-11-10 22:00:00+00:00,17.1,82.78923,0.0,18.25,0.14
2024-11-10 23:00:00+00:00,17.65,62.288933,0.0,17.7,0.14
2024-11-11 00:00:00+00:00,16.95,65.76093,0.0,17.3,0.14
2024-11-11 01:00:00+00:00,17.65,63.335514,0.0,18.6,0.132
2024-11-11 02:00:00+00:00,16.7,66.81208,0.0,18.15,0.132
2024-11-11 03:00:00+00:00,16.85,62.732983,0.0,17.95,0.132
2024-11-11 04:00:00+00:00,16.75,55.337418,0.0,17.8,0.132
2024-11-11 05:00:00+00:00,17.1,52.307724,0.3,17.9,0.135
2024-11-11 06:00:00+00:00,17.3,65.39977,1.5,18.05,0.153
2024-11-11 07:00:00+00:00,18.4,67.387665,0.0,18.45,0.153
2024-11-11 08:00:00+00:00,19.85,63.20228,0.0,19.75,0.153
2024-11-11 09:00:00+00:00,20.8,55.439156,0.0,21.25,0.152
2024-11-11 10:00:00+00:00,21.75,50.09743,0.0,22.75,0.152
2024-11-11 11:00:00+00:00,22.05,48.21695,0.0,23.7,0.151
2024-11-11 12:00:00+00:00,22.1,47.751102,0.0,24.25,0.151
2024-11-11 13:00:00+00:00,21.85,48.808815,0.0,24.9,0.13
2024-11-11 14:00:00+00:00,21.1,53.88905,0.0,24.0,0.13
2024-11-11 15:00:00+00:00,20.15,61.633945,0.0,22.8,0.13
2024-11-11 16:00:00+00:00,19.9,65.95558,0.0,21.85,0.13
2024-11-11 17:00:00+00:00,17.75,79.203316,0.0,20.9,0.13
2024-11-11 18:00:00+00:00,18.0,78.728035,0.0,19.95,0.13
2024-11-11 19:00:00+00:00,16.8,84.10543,0.0,19.2,0.13
2024-11-11 20:00:00+00:00,16.3,82.15483,0.0,18.55,0.13
2024-11-11 21:00:00+00:00,16.35,76.70383,0.0,18.15,0.13
2024-11-11 22:00:00+00:00,15.9,76.12855,0.0,17.75,0.13
2024-11-11 23:00:00+00:00,15.4,79.12484,0.0,17.35,0.13
2024-11-12 00:00:00+00:00,14.9,82.79249,0.0,17.0,0.13
2024-11-12 01:00:00+00:00,15.3,77.30115,0.0,17.2,0.128
2024-11-12 02:00:00+00:00,15.1,78.300606,0.0,16.9,0.128
2024-11-12 03:00:00+00:00,14.65,81.406586,0.0,16.6,0.128
2024-11-12 04:00:00+00:00,14.7,80.07777,0.0,16.4,0.128
2024-11-12 05:00:00+00:00,15.4,74.05502,0.0,16.45,0.128
2024-11-12 06:00:00+00:00,17.4,62.64873,0.0,17.25,0.128
2024-11-12 07:00:00+00:00,19.85,52.151352,0.0,18.8,0.128
2024-11-12 08:00:00+00:00,21.85,46.11434,0.0,20.9,0.128
2024-11-12 09:00:00+00:00,23.0,42.427826,0.0,23.0,0.127
2024-11-12 10:00:00+00:00,23.55,39.020306,0.0,24.65,0.127
2024-11-12 11:00:00+00:00,23.15,45.706566,0.0,25.5,0.127
2024-11-12 12:00:00+00:00,22.2,51.05456,0.0,25.55,0.126
2024-11-12 13:00:00+00:00,21.55,57.859287,0.0,23.3,0.254
2024-11-12 14:00:00+00:00,20.55,66.09266,0.0,22.35,0.254
2024-11-12 15:00:00+00:00,19.35,76.18599,0.0,21.15,0.254
2024-11-12 16:00:00+00:00,19.05,77.37382,0.0,20.25,0.254
2024-11-12 17:00:00+00:00,18.0,81.837395,0.0,19.45,0.255
2024-11-12 18:00:00+00:00,18.3,77.76027,0.0,18.6,0.255
2024-11-12 19:00:00+00:00,18.1,77.73006,0.0,17.85,0.255
2024-11-12 20:00:00+00:00,17.35,83.08745,0.0,17.3,0.256
2024-11-12 21:00:00+00:00,16.4,89.6818,0.0,16.95,0.256
2024-11-12 22:00:00+00:00,15.9,91.10506,0.0,16.65,0.256
2024-11-12 23:00:00+00:00,15.5,90.19705,0.0,16.3,0.256
2024-11-13 00:00:00+00:00,14.7,90.72926,0.0,16.0,0.257
2024-11-13 01:00:00+00:00,14.15,86.32999,0.0,15.75,0.257
2024-11-13 02:00:00+00:00,14.0,88.03871,0.0,15.55,0.257
2024-11-13 03:00:00+00:00,13.65,88.590645,0.0,15.4,0.258
2024-11-13 04:00:00+00:00,13.45,88.281685,0.0,15.15,0.258
2024-11-13 05:00:00+00:00,14.3,84.65439,0.0,15.2,0.258
2024-11-13 06:00:00+00:00,16.45,77.98842,0.0,16.15,0.258
2024-11-13 07:00:00+00:00,18.95,69.741486,0.0,17.75,0.258
2024-11-13 08:00:00+00:00,20.9,62.616417,0.0,19.6,0.258
2024-11-13 09:00:00+00:00,22.0,55.92349,0.0,21.35,0.257
2024-11-13 10:00:00+00:00,22.4,55.65878,0.0,22.6,0.257
2024-11-13 11:00:00+00:00,22.2,60.321182,0.0,23.25,0.256
2024-11-13 12:00:00+00:00,21.75,67.63309,0.0,23.35,0.256
2024-11-13 13:00:00+00:00,21.65,75.82598,0.0,23.1,0.254
2024-11-13 14:00:00+00:00,20.85,79.387314,0.0,22.25,0.254
2024-11-13 15:00:00+00:00,19.15,84.90519,0.0,21.05,0.255
2024-11-13 16:00:00+00:00,19.05,82.75828,0.0,20.05,0.255
2024-11-13 17:00:00+00:00,18.55,84.8411,0.0,19.35,0.255
2024-11-13 18:00:00+00:00,18.4,82.41514,0.0,18.6,0.255
2024-11-13 19:00:00+00:00,17.55,85.830215,0.0,17.95,0.256
2024-11-13 20:00:00+00:00,16.4,91.726036,0.0,17.45,0.256
2024-11-13 21:00:00+00:00,15.95,92.88866,0.0,17.05,0.256
2024-11-13 22:00:00+00:00,15.6,92.870056,0.0,16.8,0.256
2024-11-13 23:00:00+00:00,15.5,92.564926,0.0,16.7,0.257
2024-11-14 00:00:00+00:00,15.3,93.7599,0.0,16.65,0.257
2024-11-14 01:00:00+00:00,15.3,94.063576,0.0,16.5,0.257
2024-11-14 02:00:00+00:00,15.1,95.27976,0.0,16.4,0.257
2024-11-14 03:00:00+00:00,14.9,93.74113,0.0,16.25,0.257
2024-11-14 04:00:00+00:00,14.75,90.7327,0.0,16.0,0.257
2024-11-14 05:00:00+00:00,15.35,85.0472,0.0,15.95,0.258
2024-11-14 06:00:00+00:00,16.95,75.79939,0.0,16.65,0.258
2024-11-14 07:00:00+00:00,19.35,64.34605,0.0,18.1,0.258
2024-11-14 08:00:00+00:00,21.15,61.062695,0.0,19.7,0.257
2024-11-14 09:00:00+00:00,21.9,60.251076,0.0,21.15,0.257
2024-11-14 10:00:00+00:00,22.35,57.489902,0.0,22.4,0.257
2024-11-14 11:00:00+00:00,22.3,58.80031,0.0,23.1,0.256
2024-11-14 12:00:00+00:00,21.9,61.633648,0.0,23.25,0.256
2024-11-14 13:00:00+00:00,21.5,67.14977,0.0,22.85,0.261
2024-11-14 14:00:00+00:00,20.6,72.11425,0.0,22.05,0.261
2024-11-14 15:00:00+00:00,19.15,77.88795,0.0,20.9,0.261
2024-11-14 16:00:00+00:00,18.35,81.618935,0.0,19.9,0.261
2024-11-14 17:00:00+00:00,18.55,79.82911,0.0,19.05,0.262
2024-11-14 18:00:00+00:00,18.3,79.79443,0.0,18.35,0.262
2024-11-14 19:00:00+00:00,17.35,84.71168,0.0,17.8,0.262
2024-11-14 20:00:00+00:00,16.45,89.39693,0.0,17.4,0.262
2024-11-14 21:00:00+00:00,15.95,90.521576,0.0,17.1,0.262
2024-11-14 22:00:00+00:00,15.6,92.27174,0.0,16.95,0.263
2024-11-14 23:00:00+00:00,15.35,91.95894,0.0,16.75,0.263
2024-11-15 00:00:00+00:00,15.35,92.257355,0.0,16.65,0.263
2024-11-15 01:00:00+00:00,15.3,91.0655,0.0,16.15,0.262
2024-11-15 02:00:00+00:00,15.55,90.493614,0.0,16.25,0.262
2024-11-15 03:00:00+00:00,15.3,89.59823,0.0,16.2,0.262
2024-11-15 04:00:00+00:00,14.95,86.692314,0.0,16.1,0.263
2024-11-15 05:00:00+00:00,15.35,81.23026,0.0,16.15,0.263
2024-11-15 06:00:00+00:00,17.05,72.41046,0.0,16.85,0.263
2024-11-15 07:00:00+00:00,19.35,64.76953,0.0,18.05,0.263
2024-11-15 08:00:00+00:00,20.85,63.631573,0.0,19.5,0.262
2024-11-15 09:00:00+00:00,21.6,60.96836,0.0,20.95,0.262
2024-11-15 10:00:00+00:00,21.85,59.849304,0.0,22.1,0.261
2024-11-15 11:00:00+00:00,21.65,61.576458,0.0,22.75,0.261
2024-11-15 12:00:00+00:00,21.3,63.52481,0.0,22.9,0.26
2024-11-15 13:00:00+00:00,21.4,66.05767,0.0,22.7,0.265
2024-11-15 14:00:00+00:00,20.45,71.85603,0.0,21.9,0.265
2024-11-15 15:00:00+00:00,18.85,79.61459,0.0,20.6,0.265
2024-11-15 16:00:00+00:00,18.8,78.5907,0.0,19.55,0.265
2024-11-15 17:00:00+00:00,18.85,77.34324,0.0,18.95,0.265
2024-11-15 18:00:00+00:00,18.25,77.75271,0.0,18.4,0.265
2024-11-15 19:00:00+00:00,18.15,79.51656,0.0,18.0,0.265
2024-11-15 20:00:00+00:00,17.8,84.2175,0.0,17.7,0.266
2024-11-15 21:00:00+00:00,16.85,88.56921,0.4,17.45,0.271
2024-11-15 22:00:00+00:00,16.35,92.31471,0.3,17.3,0.275
2024-11-15 23:00:00+00:00,15.7,91.683014,4.0,17.15,0.33
2024-11-16 00:00:00+00:00,15.5,93.16537,0.0,16.8,0.329
2024-11-16 01:00:00+00:00,15.5,94.68151,1.8,17.1,0.358
2024-11-16 02:00:00+00:00,15.85,90.22228,0.5,16.8,0.361
2024-11-16 03:00:00+00:00,16.0,92.59258,0.2,16.6,0.361
2024-11-16 04:00:00+00:00,16.0,93.491295,0.4,16.55,0.364
2024-11-16 05:00:00+00:00,15.75,93.4791,0.9,16.45,0.373
2024-11-16 06:00:00+00:00,15.8,94.69353,1.8,16.75,0.391
2024-11-16 07:00:00+00:00,17.35,83.08745,0.1,17.35,0.385
2024-11-16 08:00:00+00:00,18.5,77.539665,0.1,18.55,0.38
2024-11-16 09:00:00+00:00,19.3,74.00058,0.0,19.8,0.376
2024-11-16 10:00:00+00:00,19.55,72.8591,0.0,20.7,0.371
2024-11-16 11:00:00+00:00,19.15,76.39971,0.1,21.15,0.368
2024-11-16 12:00:00+00:00,19.5,74.753685,0.0,21.45,0.365
2024-11-16 13:00:00+00:00,19.15,79.147575,0.0,21.7,0.357
2024-11-16 14:00:00+00:00,18.85,81.6826,0.0,21.0,0.355
2024-11-16 15:00:00+00:00,17.5,89.47785,0.0,19.9,0.353
2024-11-16 16:00:00+00:00,17.45,88.335434,0.0,19.05,0.352
2024-11-16 17:00:00+00:00,17.95,84.505,0.0,18.4,0.35
2024-11-16 18:00:00+00:00,17.5,85.82515,0.0,17.9,0.349
2024-11-16 19:00:00+00:00,17.15,91.771774,0.1,17.65,0.348
2024-11-16 20:00:00+00:00,17.25,92.957115,0.0,17.6,0.347
2024-11-16 21:00:00+00:00,16.75,92.04204,0.0,17.4,0.345
2024-11-16 22:00:00+00:00,17.1,90.892006,0.0,17.25,0.344
2024-11-16 23:00:00+00:00,17.2,89.45483,0.0,17.15,0.343
2024-11-17 00:00:00+00:00,17.35,88.32697,0.0,17.2,0.342
2024-11-17 01:00:00+00:00,16.65,92.62833,0.0,17.25,0.345
2024-11-17 02:00:00+00:00,16.0,94.09469,0.0,17.0,0.344
2024-11-17 03:00:00+00:00,15.75,94.69152,0.0,16.6,0.343
2024-11-17 04:00:00+00:00,16.05,97.16445,0.9,16.55,0.354
2024-11-17 05:00:00+00:00,16.4,93.510735,1.1,16.75,0.367
2024-11-17 06:00:00+00:00,15.7,97.78245,1.0,16.9,0.377
2024-11-17 07:00:00+00:00,15.95,91.9947,1.3,16.85,0.39
2024-11-17 08:00:00+00:00,15.85,93.183235,2.9,16.8,0.42
2024-11-17 09:00:00+00:00,16.05,93.193436,1.3,16.75,0.411
2024-11-17 10:00:00+00:00,15.75,94.69152,0.7,16.75,0.408
2024-11-17 11:00:00+00:00,15.75,91.09517,0.7,16.7,0.404
2024-11-17 12:00:00+00:00,15.95,92.88866,0.3,16.75,0.399
2024-11-17 13:00:00+00:00,17.1,91.76873,2.0,17.35,0.42
2024-11-17 14:00:00+00:00,16.35,93.50829,3.6,17.1,0.43
2024-11-17 15:00:00+00:00,15.95,94.39557,1.8,16.9,0.421
2024-11-17 16:00:00+00:00,16.05,92.89397,0.8,16.7,0.422
2024-11-17 17:00:00+00:00,15.95,94.39557,3.0,16.6,0.43
2024-11-17 18:00:00+00:00,15.95,92.58983,6.5,16.5,0.43
2024-11-17 19:00:00+00:00,15.5,93.76926,3.7,16.3,0.43
2024-11-17 20:00:00+00:00,15.6,91.38063,3.6,16.2,0.429
2024-11-17 21:00:00+00:00,15.85,89.930786,0.3,16.1,0.426
2024-11-17 22:00:00+00:00,16.35,84.60262,0.2,16.0,0.424
2024-11-17 23:00:00+00:00,16.35,84.60262,0.2,16.1,0.422
2024-11-18 00:00:00+00:00,16.25,84.86702,0.3,16.05,0.422
2024-11-18 01:00:00+00:00,14.2,92.49233,3.0,15.6,0.43
2024-11-18 02:00:00+00:00,13.85,93.69138,4.1,15.3,0.428
2024-11-18 03:00:00+00:00,13.8,92.46978,0.2,15.0,0.426
2024-11-18 04:00:00+00:00,13.9,91.570854,0.2,14.85,0.424
2024-11-18 05:00:00+00:00,13.9,93.69379,0.3,14.8,0.424
2024-11-18 06:00:00+00:00,14.3,94.01868,0.2,15.05,0.423
2024-11-18 07:00:00+00:00,15.15,90.171745,0.5,15.6,0.424
2024-11-18 08:00:00+00:00,14.8,92.525986,0.6,15.85,0.426
2024-11-18 09:00:00+00:00,15.15,89.87883,0.9,15.9,0.427
2024-11-18 10:00:00+00:00,17.05,75.56787,0.1,17.1,0.422
2024-11-18 11:00:00+00:00,16.75,78.03352,0.1,17.7,0.42
2024-11-18 12:00:00+00:00,17.15,75.09104,0.0,18.15,0.417
2024-11-18 13:00:00+00:00,17.9,71.85544,0.0,18.3,0.406
2024-11-18 14:00:00+00:00,17.6,70.863266,0.0,18.05,0.406
2024-11-18 15:00:00+00:00,16.1,80.270966,0.0,17.35,0.407
2024-11-18 16:00:00+00:00,15.9,80.77145,0.0,16.6,0.407
2024-11-18 17:00:00+00:00,15.0,84.73121,0.0,16.0,0.406
2024-11-18 18:00:00+00:00,15.35,88.44365,0.0,15.75,0.406
2024-11-18 19:00:00+00:00,16.25,83.49804,0.3,15.8,0.409
2024-11-18 20:00:00+00:00,15.45,88.74024,0.5,15.5,0.414
2024-11-18 21:00:00+00:00,15.3,91.65828,0.2,15.3,0.414
2024-11-18 22:00:00+00:00,15.35,91.06878,0.0,15.3,0.412
2024-11-18 23:00:00+00:00,15.05,90.753265,0.2,15.2,0.413
2024-11-19 00:00:00+00:00,14.45,93.41519,0.2,15.05,0.414
2024-11-19 01:00:00+00:00,14.9,93.74113,0.0,15.6,0.418
2024-11-19 02:00:00+00:00,14.75,92.222626,0.8,15.35,0.425
2024-11-19 03:00:00+00:00,14.5,92.81114,1.6,15.15,0.429
2024-11-19 04:00:00+00:00,14.65,94.34044,0.2,15.15,0.423
2024-11-19 05:00:00+00:00,14.45,94.63918,0.0,15.05,0.42
2024-11-19 06:00:00+00:00,15.5,91.07869,0.0,15.45,0.417
2024-11-19 07:00:00+00:00,17.0,78.32614,0.4,16.2,0.418
2024-11-19 08:00:00+00:00,17.35,77.6163,0.1,17.2,0.416
2024-11-19 09:00:00+00:00,18.3,72.636055,0.1,18.35,0.415
2024-11-19 10:00:00+00:00,17.1,76.07228,1.4,18.75,0.424
2024-11-19 11:00:00+00:00,18.15,70.9671,0.0,19.3,0.419
2024-11-19 12:00:00+00:00,18.5,70.34049,0.0,19.6,0.417
2024-11-19 13:00:00+00:00,18.8,70.16868,0.0,19.85,0.403
2024-11-19 14:00:00+00:00,18.2,73.57106,0.0,19.2,0.402
2024-11-19 15:00:00+00:00,17.3,79.39662,0.0,18.4,0.402
2024-11-19 16:00:00+00:00,16.5,84.07156,0.0,17.7,0.401
2024-11-19 17:00:00+00:00,15.95,87.6375,1.0,17.05,0.412
2024-11-19 18:00:00+00:00,16.1,88.506676,0.0,16.65,0.41
2024-11-19 19:00:00+00:00,15.5,93.16537,0.2,16.3,0.412
2024-11-19 20:00:00+00:00,15.7,92.8754,0.2,16.2,0.411
2024-11-19 21:00:00+00:00,15.35,92.55661,0.0,15.9,0.409
2024-11-19 22:00:00+00:00,15.3,91.36146,0.2,15.7,0.411
2024-11-19 23:00:00+00:00,15.6,89.33078,0.2,15.55,0.411
2024-11-20 00:00:00+00:00,14.95,91.934944,0.4,15.35,0.415
2024-11-20 01:00:00+00:00,14.4,94.94547,0.0,15.7,0.411
2024-11-20 02:00:00+00:00,14.6,93.72697,0.0,15.4,0.409
2024-11-20 03:00:00+00:00,14.7,95.88509,0.1,15.25,0.41
2024-11-20 04:00:00+00:00,15.15,93.14747,0.2,15.3,0.41
2024-11-20 05:00:00+00:00,14.65,93.729324,1.2,15.3,0.423
2024-11-20 06:00:00+00:00,15.55,89.61732,0.3,15.5,0.42
2024-11-20 07:00:00+00:00,16.45,86.275444,0.2,16.35,0.418
2024-11-20 08:00:00+00:00,16.4,83.24437,0.1,17.25,0.416
2024-11-20 09:00:00+00:00,16.35,83.50971,0.4,17.4,0.416
2024-11-20 10:00:00+00:00,17.25,75.600655,0.2,18.35,0.414
2024-11-20 11:00:00+00:00,17.05,75.074356,0.2,18.4,0.413
2024-11-20 12:00:00+00:00,18.1,71.190285,0.0,18.95,0.411
2024-11-20 13:00:00+00:00,18.35,73.35815,0.1,18.5,0.407
2024-11-20 14:00:00+00:00,18.05,77.471115,0.0,18.25,0.407
2024-11-20 15:00:00+00:00,16.95,84.39485,0.1,17.65,0.407
2024-11-20 16:00:00+00:00,15.65,90.50063,0.2,16.85,0.41
2024-11-20 17:00:00+00:00,16.0,91.70147,0.2,16.55,0.411
2024-11-20 18:00:00+00:00,15.8,90.21869,0.4,16.3,0.414
2024-11-20 19:00:00+00:00,15.4,93.462006,0.7,16.05,0.421
2024-11-20 20:00:00+00:00,14.7,96.19625,1.0,15.8,0.426
2024-11-20 21:00:00+00:00,14.35,97.12735,0.4,15.6,0.424
2024-11-20 22:00:00+00:00,14.2,94.321144,1.1,15.35,0.427
2024-11-20 23:00:00+00:00,15.35,89.02119,0.0,15.3,0.421
2024-11-21 00:00:00+00:00,15.95,87.6375,0.0,15.4,0.419
2024-11-21 01:00:00+00:00,15.9,91.10506,1.0,16.0,0.426
2024-11-21 02:00:00+00:00,15.5,95.91003,0.3,15.95,0.424
2024-11-21 03:00:00+00:00,15.6,92.57046,0.8,15.8,0.426
2024-11-21 04:00:00+00:00,15.45,90.19347,0.3,15.6,0.424
2024-11-21 05:00:00+00:00,16.2,85.69272,0.3,15.55,0.422
2024-11-21 06:00:00+00:00,16.2,87.37646,0.3,15.75,0.421
2024-11-21 07:00:00+00:00,15.85,92.58429,0.6,16.15,0.423
2024-11-21 08:00:00+00:00,15.75,91.39021,0.9,16.35,0.427
2024-11-21 09:00:00+00:00,16.85,83.83909,0.5,16.6,0.424
2024-11-21 10:00:00+00:00,17.2,81.73582,0.1,17.25,0.421
2024-11-21 11:00:00+00:00,17.5,82.30424,0.5,17.55,0.423
2024-11-21 12:00:00+00:00,18.55,74.11176,0.1,18.15,0.42
2024-11-21 13:00:00+00:00,18.0,79.495445,0.0,18.7,0.403
2024-11-21 14:00:00+00:00,18.5,79.309906,0.0,18.4,0.403
2024-11-21 15:00:00+00:00,18.15,73.32302,0.5,17.8,0.408
2024-11-21 16:00:00+00:00,17.55,80.468285,0.4,17.1,0.412
2024-11-21 17:00:00+00:00,17.25,80.167015,0.0,16.5,0.411
2024-11-21 18:00:00+00:00,15.85,86.49697,0.0,16.0,0.41
2024-11-21 19:00:00+00:00,15.85,89.640114,0.0,15.8,0.41
2024-11-21 20:00:00+00:00,15.1,90.461975,0.0,15.55,0.409
2024-11-21 21:00:00+00:00,14.95,91.33898,0.0,15.4,0.408
2024-11-21 22:00:00+00:00,15.1,90.16811,0.0,15.3,0.407
2024-11-21 23:00:00+00:00,15.6,90.79078,0.0,15.35,0.406
2024-11-22 00:00:00+00:00,15.75,90.21508,0.8,15.25,0.415
2024-11-22 01:00:00+00:00,16.5,94.116776,1.6,16.7,0.422
2024-11-22 02:00:00+00:00,16.45,94.416565,0.6,16.55,0.423
2024-11-22 03:00:00+00:00,16.8,92.045006,4.4,16.5,0.43
2024-11-22 04:00:00+00:00,16.4,94.11239,1.1,16.4,0.425
2024-11-22 05:00:00+00:00,15.8,93.481544,1.4,16.25,0.43
2024-11-22 06:00:00+00:00,16.25,93.50343,2.7,16.25,0.428
2024-11-22 07:00:00+00:00,17.4,91.4945,1.3,16.55,0.429
2024-11-22 08:00:00+00:00,18.4,82.67989,1.3,16.75,0.429
2024-11-22 09:00:00+00:00,18.7,79.59364,1.6,17.1,0.43
2024-11-22 10:00:00+00:00,18.65,82.7101,0.7,17.2,0.427
2024-11-22 11:00:00+00:00,18.8,82.20074,0.7,17.6,0.428
2024-11-22 12:00:00+00:00,18.35,85.09126,1.4,17.8,0.43
2024-11-22 13:00:00+00:00,16.95,94.43744,2.3,17.35,0.43
2024-11-22 14:00:00+00:00,16.85,95.03803,1.0,17.15,0.429
2024-11-22 15:00:00+00:00,16.6,95.028725,0.2,16.9,0.427
2024-11-22 16:00:00+00:00,16.2,93.80185,0.0,16.55,0.424
2024-11-22 17:00:00+00:00,16.1,92.59808,0.0,16.35,0.422
2024-11-22 18:00:00+00:00,16.25,90.83483,0.0,16.3,0.42
2024-11-22 19:00:00+00:00,15.55,92.56772,0.0,16.0,0.419
2024-11-22 20:00:00+00:00,15.5,92.564926,0.0,15.95,0.418
2024-11-22 21:00:00+00:00,14.9,93.437454,0.0,15.7,0.416
2024-11-22 22:00:00+00:00,14.4,93.10881,0.0,15.45,0.415
2024-11-22 23:00:00+00:00,14.2,92.19059,0.0,15.2,0.414
2024-11-23 00:00:00+00:00,14.05,91.580284,0.0,15.0,0.413
2024-11-23 01:00:00+00:00,15.35,87.29848,0.0,16.1,0.414
2024-11-23 02:00:00+00:00,15.35,84.21625,0.0,15.9,0.413
2024-11-23 03:00:00+00:00,15.35,83.392456,0.0,15.8,0.412
2024-11-23 04:00:00+00:00,14.95,84.725746,0.0,15.6,0.411
2024-11-23 05:00:00+00:00,15.0,83.62554,0.0,15.55,0.41
2024-11-23 06:00:00+00:00,16.4,78.49372,0.0,16.05,0.409
2024-11-23 07:00:00+00:00,18.7,68.11566,0.0,17.1,0.408
2024-11-23 08:00:00+00:00,20.9,58.08108,0.0,18.55,0.407
2024-11-23 09:00:00+00:00,22.1,51.02813,0.0,19.95,0.405
2024-11-23 10:00:00+00:00,22.65,48.540016,0.0,21.2,0.404
2024-11-23 11:00:00+00:00,22.7,48.714497,0.0,22.05,0.403
2024-11-23 12:00:00+00:00,22.4,51.27617,0.0,22.2,0.402
2024-11-23 13:00:00+00:00,22.4,52.817547,0.0,21.8,0.407
2024-11-23 14:00:00+00:00,20.2,66.882256,0.0,20.85,0.406
2024-11-23 15:00:00+00:00,19.05,69.307785,0.0,19.4,0.406
2024-11-23 16:00:00+00:00,18.4,72.41771,0.0,18.3,0.405
2024-11-23 17:00:00+00:00,17.45,77.37924,0.0,17.6,0.405
2024-11-23 18:00:00+00:00,17.45,77.37924,0.0,17.05,0.404
2024-11-23 19:00:00+00:00,16.4,82.16735,0.0,16.55,0.404
2024-11-23 20:00:00+00:00,15.85,81.56256,0.0,16.3,0.403
2024-11-23 21:00:00+00:00,15.55,79.66941,0.0,16.25,0.403
2024-11-23 22:00:00+00:00,15.05,79.33608,0.0,15.95,0.402
2024-11-23 23:00:00+00:00,14.7,88.38862,0.2,15.9,0.403
2024-11-24 00:00:00+00:00,15.0,90.45492,0.1,15.7,0.403
2024-11-24 01:00:00+00:00,17.65,83.39136,1.2,16.45,0.413
2024-11-24 02:00:00+00:00,16.7,91.45046,1.7,16.5,0.424
2024-11-24 03:00:00+00:00,16.15,93.1985,0.8,16.4,0.427
2024-11-24 04:00:00+00:00,17.65,87.78859,1.0,16.6,0.428
2024-11-24 05:00:00+00:00,9.0,73.93573,1.6,15.15,0.43
2024-11-24 06:00:00+00:00,9.05,85.51654,1.7,13.7,0.426
2024-11-24 07:00:00+00:00,11.3,56.857914,0.1,13.85,0.422
2024-11-24 08:00:00+00:00,11.95,50.015278,0.0,14.5,0.419
2024-11-24 09:00:00+00:00,12.4,44.2291,0.1,14.45,0.418
2024-11-24 10:00:00+00:00,12.4,48.383656,0.1,14.6,0.417
2024-11-24 11:00:00+00:00,12.9,40.688385,0.0,14.8,0.415
2024-11-24 12:00:00+00:00,13.05,36.242218,0.0,14.8,0.414
2024-11-24 13:00:00+00:00,14.15,40.906982,0.0,15.0,0.409
2024-11-24 14:00:00+00:00,13.75,32.764442,0.0,14.9,0.408
2024-11-24 15:00:00+00:00,13.15,32.226265,0.0,14.65,0.407
2024-11-24 16:00:00+00:00,12.55,33.267776,0.0,14.4,0.406
2024-11-24 17:00:00+00:00,12.35,33.084927,0.0,14.15,0.405
2024-11-24 18:00:00+00:00,11.7,34.40299,0.0,13.85,0.404
2024-11-24 19:00:00+00:00,10.9,35.074024,0.0,13.5,0.403
2024-11-24 20:00:00+00:00,10.45,34.808453,0.0,13.15,0.403
2024-11-24 21:00:00+00:00,9.9,36.383896,0.0,12.8,0.402
2024-11-24 22:00:00+00:00,9.6,36.02132,0.0,12.5,0.401
2024-11-24 23:00:00+00:00,9.2,36.173923,0.0,12.25,0.401
2024-11-25 00:00:00+00:00,8.8,36.60456,0.0,12.0,0.4
2024-11-25 01:00:00+00:00,9.15,42.64254,0.0,11.35,0.398
2024-11-25 02:00:00+00:00,9.05,41.05489,0.0,11.35,0.398
2024-11-25 03:00:00+00:00,8.7,39.00026,0.0,11.25,0.398
2024-11-25 04:00:00+00:00,8.3,41.139057,0.0,11.05,0.397
2024-11-25 05:00:00+00:00,8.2,40.6483,0.0,10.9,0.397
2024-11-25 06:00:00+00:00,8.9,38.767616,0.0,11.15,0.397
2024-11-25 07:00:00+00:00,9.9,35.03874,0.0,11.8,0.397
2024-11-25 08:00:00+00:00,11.0,30.530247,0.0,12.8,0.396
2024-11-25 09:00:00+00:00,11.75,29.051886,0.0,13.75,0.395
2024-11-25 10:00:00+00:00,12.1,28.933826,0.0,14.5,0.395
2024-11-25 11:00:00+00:00,12.2,29.628487,0.0,14.75,0.394
2024-11-25 12:00:00+00:00,11.95,30.810343,0.0,14.35,0.394
2024-11-25 13:00:00+00:00,12.85,27.544512,0.0,14.75,0.397
2024-11-25 14:00:00+00:00,11.4,33.67703,0.0,14.05,0.397
2024-11-25 15:00:00+00:00,10.35,35.975124,0.0,13.35,0.397
2024-11-25 16:00:00+00:00,9.7,36.460976,0.0,12.7,0.397
2024-11-25 17:00:00+00:00,9.3,36.340973,0.0,12.25,0.397
2024-11-25 18:00:00+00:00,8.95,37.489986,0.0,11.9,0.396
2024-11-25 19:00:00+00:00,8.4,39.35296,0.0,11.45,0.396
2024-11-25 20:00:00+00:00,8.1,40.925194,0.0,11.1,0.396
2024-11-25 21:00:00+00:00,7.9,42.271988,0.0,10.8,0.396
2024-11-25 22:00:00+00:00,7.7,43.662342,0.0,10.55,0.396
2024-11-25 23:00:00+00:00,7.55,45.281116,0.0,10.35,0.395
2024-11-26 00:00:00+00:00,7.45,46.79685,0.0,10.15,0.395
2024-11-26 01:00:00+00:00,8.25,45.149155,0.0,10.85,0.387
2024-11-26 02:00:00+00:00,7.9,47.451984,0.0,10.55,0.387
2024-11-26 03:00:00+00:00,7.4,51.323326,0.0,10.2,0.387
2024-11-26 04:00:00+00:00,7.25,52.815716,0.0,9.95,0.387
2024-11-26 05:00:00+00:00,7.35,52.455944,0.0,9.75,0.387
2024-11-26 06:00:00+00:00,8.6,46.610348,0.0,10.15,0.387
2024-11-26 07:00:00+00:00,10.45,40.11315,0.0,11.1,0.387
2024-11-26 08:00:00+00:00,12.1,34.65049,0.0,12.35,0.386
2024-11-26 09:00:00+00:00,13.3,30.515745,0.0,13.6,0.386
2024-11-26 10:00:00+00:00,13.95,29.362411,0.0,14.7,0.385
2024-11-26 11:00:00+00:00,14.3,29.245117,0.0,15.5,0.384
2024-11-26 12:00:00+00:00,14.4,29.274092,0.0,15.8,0.384
2024-11-26 13:00:00+00:00,14.6,27.016756,0.0,15.8,0.385
2024-11-26 14:00:00+00:00,12.75,40.644333,0.0,14.85,0.385
2024-11-26 15:00:00+00:00,11.8,41.715096,0.0,13.6,0.385
2024-11-26 16:00:00+00:00,11.5,43.49068,0.0,12.6,0.385
2024-11-26 17:00:00+00:00,11.35,46.382156,0.0,12.25,0.385
2024-11-26 18:00:00+00:00,10.0,47.1853,0.0,12.0,0.385
2024-11-26 19:00:00+00:00,10.55,45.81726,0.0,11.9,0.385
2024-11-26 20:00:00+00:00,10.2,46.89949,0.0,11.8,0.385
2024-11-26 21:00:00+00:00,10.25,49.901073,0.0,11.75,0.385
2024-11-26 22:00:00+00:00,10.25,49.183422,0.0,11.7,0.385
2024-11-26 23:00:00+00:00,9.75,51.412098,0.0,11.45,0.384
2024-11-27 00:00:00+00:00,9.5,51.5296,0.0,11.25,0.384
2024-11-27 01:00:00+00:00,9.2,51.073956,0.0,11.25,0.384
2024-11-27 02:00:00+00:00,9.3,48.381855,0.0,11.05,0.383
2024-11-27 03:00:00+00:00,9.15,48.69437,0.0,10.95,0.383
2024-11-27 04:00:00+00:00,8.6,50.536106,0.0,10.75,0.383
2024-11-27 05:00:00+00:00,8.75,48.759357,0.0,10.65,0.382
2024-11-27 06:00:00+00:00,9.65,46.061287,0.0,10.95,0.382
2024-11-27 07:00:00+00:00,11.3,40.812492,0.0,11.7,0.381
2024-11-27 08:00:00+00:00,12.75,36.420574,0.0,12.75,0.381
2024-11-27 09:00:00+00:00,14.05,30.849396,0.0,13.85,0.38
2024-11-27 10:00:00+00:00,14.75,28.727005,0.0,14.85,0.379
2024-11-27 11:00:00+00:00,15.15,27.479784,0.0,15.55,0.378
2024-11-27 12:00:00+00:00,15.2,27.391653,0.0,15.85,0.377
2024-11-27 13:00:00+00:00,15.0,27.64269,0.0,15.8,0.377
2024-11-27 14:00:00+00:00,13.4,37.42493,0.0,14.95,0.377
2024-11-27 15:00:00+00:00,11.15,49.08134,0.0,13.65,0.377
2024-11-27 16:00:00+00:00,10.9,50.990894,0.0,12.7,0.377
2024-11-27 17:00:00+00:00,10.6,49.10397,0.0,12.15,0.377
2024-11-27 18:00:00+00:00,9.45,50.58893,0.0,11.7,0.377
2024-11-27 19:00:00+00:00,8.75,53.808193,0.0,11.25,0.377
2024-11-27 20:00:00+00:00,8.35,55.48559,0.0,10.85,0.376
2024-11-27 21:00:00+00:00,7.9,57.2072,0.0,10.5,0.376
2024-11-27 22:00:00+00:00,7.6,57.129475,0.0,10.2,0.376
2024-11-27 23:00:00+00:00,7.5,55.058517,0.0,9.95,0.376
2024-11-28 00:00:00+00:00,7.25,52.621742,0.0,9.7,0.376
2024-11-28 01:00:00+00:00,7.0,52.74705,0.0,9.45,0.375
2024-11-28 02:00:00+00:00,7.2,50.328743,0.0,9.3,0.375
2024-11-28 03:00:00+00:00,7.15,48.302544,0.0,9.2,0.375
2024-11-28 04:00:00+00:00,7.05,47.9157,0.0,9.05,0.375
2024-11-28 05:00:00+00:00,7.05,47.382904,0.0,9.0,0.375
2024-11-28 06:00:00+00:00,8.45,44.873318,0.0,9.45,0.375
2024-11-28 07:00:00+00:00,10.75,37.466835,0.0,10.55,0.374
2024-11-28 08:00:00+00:00,13.05,32.923256,0.0,11.95,0.374
2024-11-28 09:00:00+00:00,14.65,27.336891,0.0,13.35,0.373
2024-11-28 10:00:00+00:00,15.65,23.686777,0.0,14.5,0.372
2024-11-28 11:00:00+00:00,16.1,23.102549,0.0,15.4,0.372
2024-11-28 12:00:00+00:00,16.2,22.95571,0.0,15.8,0.371
2024-11-28 13:00:00+00:00,16.05,21.48203,0.0,15.75,0.377
2024-11-28 14:00:00+00:00,13.25,37.792603,0.0,14.75,0.377
2024-11-28 15:00:00+00:00,11.4,46.56457,0.0,13.2,0.377
2024-11-28 16:00:00+00:00,10.65,51.474342,0.0,12.0,0.377
2024-11-28 17:00:00+00:00,9.65,55.031452,0.0,11.2,0.377
2024-11-28 18:00:00+00:00,9.85,49.97016,0.0,10.8,0.377
2024-11-28 19:00:00+00:00,9.45,50.773113,0.0,10.45,0.377
2024-11-28 20:00:00+00:00,8.85,54.226814,0.0,10.15,0.376
2024-11-28 21:00:00+00:00,8.55,50.15345,0.0,9.95,0.376
2024-11-28 22:00:00+00:00,8.1,49.477757,0.0,9.7,0.376
2024-11-28 23:00:00+00:00,7.6,49.702045,0.0,9.5,0.376
2024-11-29 00:00:00+00:00,7.2,50.328743,0.0,9.3,0.376
2024-11-29 01:00:00+00:00,7.1,52.580467,0.0,9.2,0.367
2024-11-29 02:00:00+00:00,6.85,54.282616,0.0,9.0,0.367
2024-11-29 03:00:00+00:00,6.9,53.50268,0.0,8.85,0.367
2024-11-29 04:00:00+00:00,7.0,53.333256,0.0,8.75,0.367
2024-11-29 05:00:00+00:00,7.3,52.44217,0.0,8.75,0.367
2024-11-29 06:00:00+00:00,9.05,52.158463,0.0,9.35,0.367
2024-11-29 07:00:00+00:00,11.55,45.44246,0.0,10.55,0.366
2024-11-29 08:00:00+00:00,14.05,41.469814,0.0,12.1,0.366
2024-11-29 09:00:00+00:00,15.5,43.248253,0.0,13.65,0.365
2024-11-29 10:00:00+00:00,16.1,42.813023,0.0,14.95,0.365
2024-11-29 11:00:00+00:00,16.3,41.384987,0.0,15.9,0.364
2024-11-29 12:00:00+00:00,16.3,40.65946,0.0,16.35,0.364
2024-11-29 13:00:00+00:00,16.4,40.40142,0.0,16.5,0.36
2024-11-29 14:00:00+00:00,14.45,51.417355,0.0,15.45,0.36
2024-11-29 15:00:00+00:00,12.9,56.077667,0.0,13.9,0.36
2024-11-29 16:00:00+00:00,11.15,69.60656,0.0,12.8,0.361
2024-11-29 17:00:00+00:00,10.6,69.73779,0.0,12.05,0.361
2024-11-29 18:00:00+00:00,9.85,66.489105,0.0,11.35,0.361
2024-11-29 19:00:00+00:00,9.05,66.314735,0.0,10.75,0.361
2024-11-29 20:00:00+00:00,9.1,61.56234,0.0,10.4,0.361
2024-11-29 21:00:00+00:00,8.85,61.502216,0.0,10.2,0.361
2024-11-29 22:00:00+00:00,8.45,63.414455,0.0,10.0,0.361
2024-11-29 23:00:00+00:00,8.15,62.667694,0.0,9.75,0.362
2024-11-30 00:00:00+00:00,8.0,58.489773,0.0,9.6,0.362
2024-11-30 01:00:00+00:00,7.95,55.987217,0.0,10.15,0.372
2024-11-30 02:00:00+00:00,7.65,55.704777,0.0,9.85,0.372
2024-11-30 03:00:00+00:00,7.55,55.273354,0.0,9.6,0.371
2024-11-30 04:00:00+00:00,7.6,54.684216,0.0,9.4,0.371
2024-11-30 05:00:00+00:00,7.75,54.524975,0.0,9.3,0.371
2024-11-30 06:00:00+00:00,9.3,51.28774,0.0,9.75,0.371
2024-11-30 07:00:00+00:00,11.45,46.578873,0.0,10.85,0.371
2024-11-30 08:00:00+00:00,13.9,40.540695,0.0,12.35,0.37
2024-11-30 09:00:00+00:00,15.3,36.50785,0.0,13.8,0.369
2024-11-30 10:00:00+00:00,16.0,35.288128,0.0,15.0,0.368
2024-11-30 11:00:00+00:00,16.4,33.784416,0.0,15.9,0.368
2024-11-30 12:00:00+00:00,16.55,33.10255,0.0,16.3,0.367
2024-11-30 13:00:00+00:00,16.25,32.303417,0.0,16.45,0.363
2024-11-30 14:00:00+00:00,14.05,45.831192,0.0,15.4,0.363
2024-11-30 15:00:00+00:00,12.4,48.90472,0.0,13.75,0.363
2024-11-30 16:00:00+00:00,10.9,55.558163,0.0,12.6,0.363
2024-11-30 17:00:00+00:00,10.5,57.87346,0.0,11.85,0.363
2024-11-30 18:00:00+00:00,10.15,56.76371,0.0,11.35,0.363
2024-11-30 19:00:00+00:00,9.95,56.712044,0.0,11.0,0.363
2024-11-30 20:00:00+00:00,9.9,55.097576,0.0,10.75,0.363
2024-11-30 21:00:00+00:00,9.85,53.330357,0.0,10.55,0.363
2024-11-30 22:00:00+00:00,8.95,55.243534,0.0,10.35,0.363
2024-11-30 23:00:00+00:00,7.95,57.012993,0.0,10.05,0.363
2024-12-01 00:00:00+00:00,7.35,57.481785,0.0,9.75,0.363
2024-12-01 01:00:00+00:00,7.1,63.098415,0.0,9.55,0.362
2024-12-01 02:00:00+00:00,6.85,62.811848,0.0,9.25,0.362
2024-12-01 03:00:00+00:00,6.5,61.824078,0.0,8.95,0.362
2024-12-01 04:00:00+00:00,6.35,59.14103,0.0,8.75,0.362
2024-12-01 05:00:00+00:00,6.6,57.708584,0.0,8.6,0.362
2024-12-01 06:00:00+00:00,8.55,55.739914,0.0,9.15,0.362
2024-12-01 07:00:00+00:00,11.35,48.96107,0.0,10.45,0.361
2024-12-01 08:00:00+00:00,13.85,40.67245,0.0,12.05,0.361
2024-12-01 09:00:00+00:00,15.5,38.45391,0.0,13.6,0.36
2024-12-01 10:00:00+00:00,16.35,34.88465,0.0,14.95,0.36
2024-12-01 11:00:00+00:00,16.8,32.58115,0.0,15.85,0.359
2024-12-01 12:00:00+00:00,16.9,31.564274,0.0,16.3,0.358
2024-12-01 13:00:00+00:00,16.7,33.146244,0.0,16.6,0.354
2024-12-01 14:00:00+00:00,14.65,44.244026,0.0,15.45,0.354
2024-12-01 15:00:00+00:00,12.75,52.78765,0.0,13.8,0.354
2024-12-01 16:00:00+00:00,11.25,59.723286,0.0,12.55,0.355
2024-12-01 17:00:00+00:00,10.25,62.05605,0.0,11.65,0.355
2024-12-01 18:00:00+00:00,9.55,62.330357,0.0,11.0,0.355
2024-12-01 19:00:00+00:00,8.8,61.490173,0.0,10.45,0.355
2024-12-01 20:00:00+00:00,8.6,61.883118,0.0,10.1,0.355
2024-12-01 21:00:00+00:00,8.1,64.937775,0.0,9.75,0.355
2024-12-01 22:00:00+00:00,7.75,66.26507,0.0,9.45,0.355
2024-12-01 23:00:00+00:00,7.8,66.51303,0.0,9.25,0.356
2024-12-02 00:00:00+00:00,7.4,64.77903,0.0,9.05,0.356
2024-12-02 01:00:00+00:00,7.45,61.163208,0.0,9.3,0.357
2024-12-02 02:00:00+00:00,7.05,60.404835,0.0,9.0,0.357
2024-12-02 03:00:00+00:00,6.8,58.824196,0.0,8.8,0.357
2024-12-02 04:00:00+00:00,6.5,59.83064,0.0,8.6,0.357
2024-12-02 05:00:00+00:00,6.65,59.001114,0.0,8.5,0.357
2024-12-02 06:00:00+00:00,8.8,52.470314,0.0,9.05,0.357
2024-12-02 07:00:00+00:00,11.6,49.38426,0.0,10.35,0.357
2024-12-02 08:00:00+00:00,14.2,40.774765,0.0,12.0,0.357
2024-12-02 09:00:00+00:00,16.1,35.572758,0.0,13.65,0.356
2024-12-02 10:00:00+00:00,17.05,34.713783,0.0,15.0,0.355
2024-12-02 11:00:00+00:00,17.4,35.569828,0.0,16.0,0.355
2024-12-02 12:00:00+00:00,17.45,35.584385,0.0,16.4,0.354
2024-12-02 13:00:00+00:00,17.4,34.198185,0.0,16.5,0.354
2024-12-02 14:00:00+00:00,14.85,49.238964,0.0,15.45,0.354
2024-12-02 15:00:00+00:00,13.15,54.021526,0.0,13.85,0.354
2024-12-02 16:00:00+00:00,11.85,65.77211,0.0,12.7,0.354
2024-12-02 17:00:00+00:00,10.75,69.526184,0.0,11.85,0.354
2024-12-02 18:00:00+00:00,10.0,65.36386,0.0,11.25,0.354
2024-12-02 19:00:00+00:00,9.3,63.161972,0.0,10.65,0.354
2024-12-02 20:00:00+00:00,9.2,61.80603,0.0,10.25,0.354
2024-12-02 21:00:00+00:00,9.1,58.978703,0.0,10.0,0.354
2024-12-02 22:00:00+00:00,9.0,57.078667,0.0,9.8,0.354
2024-12-02 23:00:00+00:00,9.1,55.08407,0.0,9.7,0.355
2024-12-03 00:00:00+00:00,8.7,55.57806,0.0,9.6,0.355
2024-12-03 01:00:00+00:00,9.0,53.68076,0.0,9.95,0.355
2024-12-03 02:00:00+00:00,8.85,51.725494,0.0,9.8,0.355
2024-12-03 03:00:00+00:00,8.85,49.871582,0.0,9.7,0.355
2024-12-03 04:00:00+00:00,8.7,49.829395,0.0,9.55,0.355
2024-12-03 05:00:00+00:00,8.6,50.16748,0.0,9.45,0.355
2024-12-03 06:00:00+00:00,10.3,48.489082,0.0,9.95,0.355
2024-12-03 07:00:00+00:00,12.75,47.62506,0.0,11.0,0.354
2024-12-03 08:00:00+00:00,15.35,43.976067,0.0,12.5,0.354
2024-12-03 09:00:00+00:00,16.6,40.032307,0.0,13.9,0.353
2024-12-03 10:00:00+00:00,17.05,37.683727,0.0,15.0,0.352
2024-12-03 11:00:00+00:00,17.3,35.66778,0.0,15.75,0.352
2024-12-03 12:00:00+00:00,17.35,34.306355,0.0,16.05,0.351
2024-12-03 13:00:00+00:00,17.4,36.59777,0.0,16.25,0.341
2024-12-03 14:00:00+00:00,15.9,44.13345,0.0,15.5,0.341
2024-12-03 15:00:00+00:00,14.45,49.997814,0.0,14.6,0.341
2024-12-03 16:00:00+00:00,14.1,50.0772,0.0,13.95,0.341
2024-12-03 17:00:00+00:00,14.15,48.872723,0.0,13.65,0.341
2024-12-03 18:00:00+00:00,14.05,45.184277,0.0,13.45,0.341
2024-12-03 19:00:00+00:00,13.05,46.0372,0.1,13.25,0.342
2024-12-03 20:00:00+00:00,11.55,52.27723,0.0,12.7,0.342
2024-12-03 21:00:00+00:00,11.35,52.784847,0.0,12.45,0.342
2024-12-03 22:00:00+00:00,10.7,62.38149,0.2,12.05,0.344
2024-12-03 23:00:00+00:00,10.2,69.4152,0.2,11.55,0.346
2024-12-04 00:00:00+00:00,10.05,72.34477,0.6,11.15,0.353
2024-12-04 01:00:00+00:00,10.7,70.977455,1.7,13.05,0.36
2024-12-04 02:00:00+00:00,9.9,77.50303,0.5,11.7,0.364
2024-12-04 03:00:00+00:00,9.5,83.824326,1.3,10.95,0.379
2024-12-04 04:00:00+00:00,9.25,84.66239,1.2,10.5,0.392
2024-12-04 05:00:00+00:00,8.95,86.39114,2.5,10.15,0.417
2024-12-04 06:00:00+00:00,9.4,83.23912,3.5,10.0,0.419
2024-12-04 07:00:00+00:00,10.2,80.2595,0.3,10.35,0.413
2024-12-04 08:00:00+00:00,9.3,87.91616,0.8,10.35,0.415
2024-12-04 09:00:00+00:00,10.15,80.528046,0.3,10.45,0.41
2024-12-04 10:00:00+00:00,10.75,75.53408,0.0,10.95,0.406
2024-12-04 11:00:00+00:00,12.1,65.37315,0.0,11.8,0.402
2024-12-04 12:00:00+00:00,12.45,63.886745,0.0,12.3,0.399
2024-12-04 13:00:00+00:00,14.6,56.12433,0.0,13.1,0.39
2024-12-04 14:00:00+00:00,13.85,57.90589,0.0,13.15,0.388
2024-12-04 15:00:00+00:00,12.7,59.661205,0.0,12.75,0.387
2024-12-04 16:00:00+00:00,12.45,58.36454,0.0,12.45,0.385
2024-12-04 17:00:00+00:00,12.85,55.28449,0.0,12.4,0.384
2024-12-04 18:00:00+00:00,12.75,54.10564,0.0,12.3,0.383
2024-12-04 19:00:00+00:00,12.85,53.00098,0.0,12.3,0.382
2024-12-04 20:00:00+00:00,12.45,55.180096,0.0,12.15,0.381
2024-12-04 21:00:00+00:00,12.65,54.07916,0.0,12.15,0.38
2024-12-04 22:00:00+00:00,12.65,53.889053,0.0,12.2,0.379
2024-12-04 23:00:00+00:00,12.55,55.01246,0.0,12.2,0.379
2024-12-05 00:00:00+00:00,12.15,58.90503,0.0,12.05,0.378
2024-12-05 01:00:00+00:00,12.2,66.76378,0.0,12.5,0.369
2024-12-05 02:00:00+00:00,12.0,65.57766,0.0,12.25,0.369
2024-12-05 03:00:00+00:00,11.65,61.091877,0.0,12.0,0.369
2024-12-05 04:00:00+00:00,11.45,59.14552,0.0,11.8,0.368
2024-12-05 05:00:00+00:00,11.35,58.499413,0.0,11.65,0.368
2024-12-05 06:00:00+00:00,12.55,54.626747,0.0,11.9,0.368
2024-12-05 07:00:00+00:00,14.3,52.282284,0.0,12.75,0.367
2024-12-05 08:00:00+00:00,16.25,49.281593,0.0,13.75,0.367
2024-12-05 09:00:00+00:00,17.5,44.899258,0.0,14.9,0.366
2024-12-05 10:00:00+00:00,17.85,42.864326,0.0,15.9,0.365
2024-12-05 11:00:00+00:00,17.55,44.294056,0.0,16.55,0.364
2024-12-05 12:00:00+00:00,17.5,43.364925,0.0,16.8,0.363
2024-12-05 13:00:00+00:00,18.25,44.49225,0.0,17.25,0.36
2024-12-05 14:00:00+00:00,16.85,50.305054,0.0,16.5,0.36
2024-12-05 15:00:00+00:00,15.35,58.08026,0.0,15.55,0.36
2024-12-05 16:00:00+00:00,14.4,60.90432,0.0,14.75,0.36
2024-12-05 17:00:00+00:00,14.25,59.832176,0.0,14.2,0.36
2024-12-05 18:00:00+00:00,14.7,59.124718,0.0,13.95,0.36
2024-12-05 19:00:00+00:00,14.05,64.24766,0.0,13.7,0.36
2024-12-05 20:00:00+00:00,13.45,66.11999,0.0,13.4,0.36
2024-12-05 21:00:00+00:00,12.55,65.47222,0.0,13.1,0.36
2024-12-05 22:00:00+00:00,11.35,63.63582,0.0,12.7,0.36
2024-12-05 23:00:00+00:00,10.75,63.944687,0.0,12.35,0.36
2024-12-06 00:00:00+00:00,10.75,63.275646,0.0,12.05,0.36
2024-12-06 01:00:00+00:00,11.0,63.555492,0.0,11.7,0.359
2024-12-06 02:00:00+00:00,10.95,62.879696,0.0,11.55,0.359
2024-12-06 03:00:00+00:00,10.8,62.624527,0.0,11.5,0.359
2024-12-06 04:00:00+00:00,10.5,62.995888,0.0,11.35,0.359
2024-12-06 05:00:00+00:00,10.3,63.84174,0.0,11.2,0.359
2024-12-06 06:00:00+00:00,11.8,59.232166,0.0,11.6,0.359
2024-12-06 07:00:00+00:00,14.1,55.223907,0.0,12.65,0.359
2024-12-06 08:00:00+00:00,16.3,50.677883,0.0,13.9,0.358
2024-12-06 09:00:00+00:00,17.7,45.89888,0.0,15.2,0.357
2024-12-06 10:00:00+00:00,18.5,42.752487,0.0,16.25,0.357
2024-12-06 11:00:00+00:00,18.9,41.2651,0.0,17.0,0.356
2024-12-06 12:00:00+00:00,18.9,42.277855,0.0,17.25,0.355
2024-12-06 13:00:00+00:00,18.9,45.60531,0.0,17.5,0.355
2024-12-06 14:00:00+00:00,17.75,48.34736,0.0,16.85,0.355
2024-12-06 15:00:00+00:00,16.55,51.272457,0.0,16.05,0.355
2024-12-06 16:00:00+00:00,15.3,55.15306,0.0,15.3,0.355
2024-12-06 17:00:00+00:00,14.45,56.28019,0.0,14.65,0.355
2024-12-06 18:00:00+00:00,13.85,57.90589,0.0,14.15,0.355
2024-12-06 19:00:00+00:00,13.3,59.807686,0.0,13.75,0.355
2024-12-06 20:00:00+00:00,12.75,60.29903,0.0,13.4,0.355
2024-12-06 21:00:00+00:00,12.65,59.648968,0.0,13.2,0.355
2024-12-06 22:00:00+00:00,12.75,57.830963,0.0,13.05,0.355
2024-12-06 23:00:00+00:00,12.85,56.26136,0.0,12.95,0.355
2024-12-07 00:00:00+00:00,12.8,55.855865,0.0,12.9,0.355
2024-12-07 01:00:00+00:00,13.15,55.362606,0.0,13.4,0.358
2024-12-07 02:00:00+00:00,12.95,55.89465,0.0,13.2,0.358
2024-12-07 03:00:00+00:00,12.95,55.69934,0.0,13.1,0.358
2024-12-07 04:00:00+00:00,13.0,54.937237,0.0,13.0,0.358
2024-12-07 05:00:00+00:00,13.25,53.8588,0.0,13.0,0.358
2024-12-07 06:00:00+00:00,13.95,52.371143,0.0,13.2,0.358
2024-12-07 07:00:00+00:00,14.9,50.296627,0.0,13.65,0.357
2024-12-07 08:00:00+00:00,15.85,50.731117,0.0,14.3,0.357
2024-12-07 09:00:00+00:00,17.45,45.512222,0.0,15.15,0.357
2024-12-07 10:00:00+00:00,18.3,42.106464,0.0,15.95,0.356
2024-12-07 11:00:00+00:00,18.7,43.10651,0.0,16.65,0.355
2024-12-07 12:00:00+00:00,19.0,42.747025,0.0,17.1,0.355
2024-12-07 13:00:00+00:00,18.9,46.23454,0.0,17.3,0.357
2024-12-07 14:00:00+00:00,17.65,50.521732,0.0,16.8,0.357
2024-12-07 15:00:00+00:00,15.95,55.131554,0.0,15.95,0.357
2024-12-07 16:00:00+00:00,15.1,57.819523,0.0,15.3,0.357
2024-12-07 17:00:00+00:00,14.7,59.531696,0.0,14.8,0.357
2024-12-07 18:00:00+00:00,14.9,59.173668,0.0,14.6,0.357
2024-12-07 19:00:00+00:00,14.55,58.885273,0.0,14.4,0.357
2024-12-07 20:00:00+00:00,14.25,58.407417,0.0,14.2,0.357
2024-12-07 21:00:00+00:00,13.65,58.663136,0.0,13.95,0.357
2024-12-07 22:00:00+00:00,12.65,59.028877,0.0,13.65,0.357
2024-12-07 23:00:00+00:00,12.05,60.550564,0.0,13.25,0.357
2024-12-08 00:00:00+00:00,11.85,61.1398,0.0,12.95,0.357
2024-12-08 01:00:00+00:00,13.3,60.223186,0.0,13.6,0.36
2024-12-08 02:00:00+00:00,13.65,62.2065,0.0,13.45,0.36
2024-12-08 03:00:00+00:00,14.05,62.51352,0.0,13.45,0.36
2024-12-08 04:00:00+00:00,13.05,61.21367,0.0,13.35,0.36
2024-12-08 05:00:00+00:00,11.95,66.941055,3.6,13.0,0.408
2024-12-08 06:00:00+00:00,12.4,72.531395,7.3,12.7,0.43
2024-12-08 07:00:00+00:00,12.8,75.61976,0.2,12.95,0.416
2024-12-08 08:00:00+00:00,15.55,62.434643,0.0,14.05,0.411
2024-12-08 09:00:00+00:00,17.05,58.89576,0.0,15.6,0.407
2024-12-08 10:00:00+00:00,17.25,59.342613,0.0,16.55,0.404
2024-12-08 11:00:00+00:00,17.5,57.631317,0.0,17.45,0.402
2024-12-08 12:00:00+00:00,17.35,58.968746,0.0,17.8,0.4
2024-12-08 13:00:00+00:00,16.65,65.477356,0.0,17.6,0.411
2024-12-08 14:00:00+00:00,15.45,73.32865,0.0,16.8,0.41
2024-12-08 15:00:00+00:00,14.05,78.403984,0.2,15.5,0.41
2024-12-08 16:00:00+00:00,13.7,81.55286,0.2,14.5,0.411
2024-12-08 17:00:00+00:00,13.15,81.20893,0.1,13.85,0.41
2024-12-08 18:00:00+00:00,12.65,79.52183,0.0,13.3,0.409
2024-12-08 19:00:00+00:00,12.3,77.089226,0.0,12.9,0.408
2024-12-08 20:00:00+00:00,12.0,75.229416,0.0,12.55,0.407
2024-12-08 21:00:00+00:00,12.05,73.715034,0.0,12.35,0.407
2024-12-08 22:00:00+00:00,11.6,75.41871,0.0,12.15,0.406
2024-12-08 23:00:00+00:00,10.95,77.6674,0.0,11.85,0.405
2024-12-09 00:00:00+00:00,10.65,78.422615,0.0,11.6,0.404
2024-12-09 01:00:00+00:00,10.85,75.55091,0.0,11.35,0.403
2024-12-09 02:00:00+00:00,10.75,75.79407,0.0,11.3,0.403
2024-12-09 03:00:00+00:00,10.45,76.79365,0.0,11.2,0.402
2024-12-09 04:00:00+00:00,10.3,77.03409,0.0,11.1,0.402
2024-12-09 05:00:00+00:00,10.25,77.29165,0.0,11.05,0.402
2024-12-09 06:00:00+00:00,11.9,71.45325,0.0,11.6,0.401
2024-12-09 07:00:00+00:00,14.1,65.58688,0.0,12.75,0.401
2024-12-09 08:00:00+00:00,16.6,58.98522,0.0,14.25,0.4
2024-12-09 09:00:00+00:00,18.2,55.89539,0.0,15.7,0.399
2024-12-09 10:00:00+00:00,18.9,55.88493,0.0,17.0,0.398
2024-12-09 11:00:00+00:00,19.1,57.832783,0.0,17.9,0.397
2024-12-09 12:00:00+00:00,19.05,59.973335,0.0,18.3,0.396
2024-12-09 13:00:00+00:00,19.1,54.457287,0.0,18.2,0.396
2024-12-09 14:00:00+00:00,17.35,66.28536,0.0,17.3,0.395
2024-12-09 15:00:00+00:00,16.0,72.941124,0.0,16.05,0.395
2024-12-09 16:00:00+00:00,15.1,82.273865,0.0,15.1,0.395
2024-12-09 17:00:00+00:00,14.35,85.78321,0.0,14.45,0.395
2024-12-09 18:00:00+00:00,13.45,84.56034,0.0,14.0,0.395
2024-12-09 19:00:00+00:00,12.8,80.89053,0.0,13.6,0.394
2024-12-09 20:00:00+00:00,12.55,78.70747,0.0,13.3,0.394
2024-12-09 21:00:00+00:00,12.45,77.374275,0.0,13.05,0.394
2024-12-09 22:00:00+00:00,12.0,77.830055,0.0,12.8,0.393
2024-12-09 23:00:00+00:00,11.5,79.35586,0.0,12.55,0.393
2024-12-10 00:00:00+00:00,11.3,79.326775,0.0,12.35,0.393
2024-12-10 01:00:00+00:00,11.3,77.7218,0.0,12.25,0.388
2024-12-10 02:00:00+00:00,10.7,80.329475,0.0,12.1,0.388
2024-12-10 03:00:00+00:00,10.35,81.66496,0.0,11.9,0.388
2024-12-10 04:00:00+00:00,10.2,81.92493,0.0,11.7,0.388
2024-12-10 05:00:00+00:00,10.3,81.10193,0.0,11.55,0.388
2024-12-10 06:00:00+00:00,12.2,72.74247,0.0,12.0,0.388
2024-12-10 07:00:00+00:00,14.75,66.624146,0.0,13.15,0.387
2024-12-10 08:00:00+00:00,17.05,57.71443,0.0,14.6,0.387
2024-12-10 09:00:00+00:00,18.65,51.658836,0.0,16.05,0.386
2024-12-10 10:00:00+00:00,19.7,48.224133,0.0,17.25,0.385
2024-12-10 11:00:00+00:00,20.25,46.767475,0.0,18.15,0.384
2024-12-10 12:00:00+00:00,20.35,46.795097,0.0,18.6,0.383
2024-12-10 13:00:00+00:00,20.3,49.708347,0.0,18.5,0.382
2024-12-10 14:00:00+00:00,17.9,62.346245,0.0,17.6,0.382
2024-12-10 15:00:00+00:00,16.3,66.95131,0.0,16.2,0.382
2024-12-10 16:00:00+00:00,14.95,71.06717,0.0,15.25,0.382
2024-12-10 17:00:00+00:00,13.95,73.306625,0.0,14.6,0.382
2024-12-10 18:00:00+00:00,12.95,77.975784,0.0,14.05,0.382
2024-12-10 19:00:00+00:00,12.35,80.55786,0.0,13.6,0.382
2024-12-10 20:00:00+00:00,11.7,83.234375,0.0,13.2,0.382
2024-12-10 21:00:00+00:00,11.5,82.6497,0.0,12.85,0.382
2024-12-10 22:00:00+00:00,11.2,82.612305,0.0,12.6,0.382
2024-12-10 23:00:00+00:00,11.1,80.65911,0.0,12.35,0.382
2024-12-11 00:00:00+00:00,10.95,79.546684,0.0,12.15,0.382
2024-12-11 01:00:00+00:00,11.5,74.123085,0.0,12.05,0.382
2024-12-11 02:00:00+00:00,11.05,75.325775,0.0,11.95,0.382
2024-12-11 03:00:00+00:00,10.75,76.841934,0.0,11.85,0.382
2024-12-11 04:00:00+00:00,10.8,76.3246,0.0,11.8,0.382
2024-12-11 05:00:00+00:00,11.25,73.31994,0.0,11.9,0.382
2024-12-11 06:00:00+00:00,12.4,67.965126,0.0,12.25,0.382
2024-12-11 07:00:00+00:00,14.0,64.89776,0.0,13.0,0.381
2024-12-11 08:00:00+00:00,16.35,58.72476,0.0,14.25,0.381
2024-12-11 09:00:00+00:00,18.0,55.096306,0.0,15.65,0.38
2024-12-11 10:00:00+00:00,18.8,55.11547,0.0,16.9,0.379
2024-12-11 11:00:00+00:00,19.15,55.204735,0.0,17.8,0.379
2024-12-11 12:00:00+00:00,18.9,57.017426,0.0,18.0,0.378
2024-12-11 13:00:00+00:00,18.55,62.90993,0.0,17.5,0.381
2024-12-11 14:00:00+00:00,16.75,76.76695,0.0,16.85,0.381
2024-12-11 15:00:00+00:00,15.4,80.17471,0.0,15.7,0.381
2024-12-11 16:00:00+00:00,14.75,81.15111,0.0,14.75,0.381
2024-12-11 17:00:00+00:00,14.5,81.6567,0.0,14.05,0.381
2024-12-11 18:00:00+00:00,14.7,81.413124,0.0,13.55,0.381
2024-12-11 19:00:00+00:00,14.9,81.978195,0.0,13.2,0.38
2024-12-11 20:00:00+00:00,13.95,85.17726,0.0,12.85,0.38
2024-12-11 21:00:00+00:00,14.0,86.60029,0.0,13.05,0.38
2024-12-11 22:00:00+00:00,13.7,85.43297,0.0,13.3,0.38
2024-12-11 23:00:00+00:00,13.8,83.2083,0.0,13.45,0.38
2024-12-12 00:00:00+00:00,14.2,82.4334,0.1,13.55,0.381
2024-12-12 01:00:00+00:00,13.6,82.08476,0.0,13.65,0.374
2024-12-12 02:00:00+00:00,13.35,82.87772,0.1,13.45,0.375
2024-12-12 03:00:00+00:00,13.2,85.380196,0.1,13.2,0.376
2024-12-12 04:00:00+00:00,13.6,86.56126,0.5,13.1,0.383
2024-12-12 05:00:00+00:00,13.55,89.16868,1.0,13.15,0.395
2024-12-12 06:00:00+00:00,13.85,89.78123,0.1,13.3,0.395
2024-12-12 07:00:00+00:00,14.55,86.36954,0.0,13.85,0.393
2024-12-12 08:00:00+00:00,16.0,78.43455,0.0,14.85,0.392
2024-12-12 09:00:00+00:00,17.15,74.60064,0.0,16.05,0.39
2024-12-12 10:00:00+00:00,17.65,72.75699,0.0,17.05,0.389
2024-12-12 11:00:00+00:00,17.9,70.91998,0.0,17.85,0.387
2024-12-12 12:00:00+00:00,17.8,72.309074,0.0,18.25,0.386
2024-12-12 13:00:00+00:00,18.25,66.4754,0.0,18.35,0.376
2024-12-12 14:00:00+00:00,16.3,81.62058,0.0,17.5,0.376
2024-12-12 15:00:00+00:00,15.4,83.67207,0.0,16.25,0.376
2024-12-12 16:00:00+00:00,15.4,81.5043,0.0,15.3,0.376
2024-12-12 17:00:00+00:00,14.65,87.80739,0.0,14.6,0.376
2024-12-12 18:00:00+00:00,13.1,91.52027,0.0,14.15,0.375
2024-12-12 19:00:00+00:00,12.3,88.182045,0.0,13.9,0.375
2024-12-12 20:00:00+00:00,12.15,76.54425,0.0,13.55,0.375
2024-12-12 21:00:00+00:00,13.0,51.022552,0.0,13.35,0.375
2024-12-12 22:00:00+00:00,13.0,48.551933,0.0,13.25,0.375
2024-12-12 23:00:00+00:00,12.7,49.514202,0.0,13.05,0.374
2024-12-13 00:00:00+00:00,11.9,54.0712,0.0,12.8,0.374
2024-12-13 01:00:00+00:00,11.8,48.73657,0.0,13.4,0.355
2024-12-13 02:00:00+00:00,13.0,43.611317,0.0,13.2,0.355
2024-12-13 03:00:00+00:00,13.05,44.41686,0.0,13.1,0.356
2024-12-13 04:00:00+00:00,12.4,48.039013,0.0,12.9,0.356
2024-12-13 05:00:00+00:00,13.0,45.85856,0.0,12.9,0.356
2024-12-13 06:00:00+00:00,13.75,41.83147,0.0,13.1,0.357
2024-12-13 07:00:00+00:00,14.45,39.405407,0.0,13.6,0.356
2024-12-13 08:00:00+00:00,14.8,37.159714,0.0,14.25,0.356
2024-12-13 09:00:00+00:00,15.7,33.824753,0.0,15.1,0.356
2024-12-13 10:00:00+00:00,16.25,32.303417,0.0,15.95,0.355
2024-12-13 11:00:00+00:00,16.5,31.793436,0.0,16.5,0.355
2024-12-13 12:00:00+00:00,16.6,31.248997,0.0,16.75,0.354
2024-12-13 13:00:00+00:00,16.7,29.50368,0.0,16.8,0.353
2024-12-13 14:00:00+00:00,14.9,39.67926,0.0,16.0,0.353
2024-12-13 15:00:00+00:00,13.5,44.070663,0.0,14.9,0.353
2024-12-13 16:00:00+00:00,13.0,39.264256,0.0,14.15,0.353
2024-12-13 17:00:00+00:00,12.85,38.93489,0.0,13.65,0.353
2024-12-13 18:00:00+00:00,11.75,42.934444,0.0,13.2,0.353
2024-12-13 19:00:00+00:00,11.15,43.866142,0.0,12.75,0.354
2024-12-13 20:00:00+00:00,11.2,42.152077,0.0,12.4,0.354
2024-12-13 21:00:00+00:00,11.1,42.588097,0.0,12.2,0.354
2024-12-13 22:00:00+00:00,11.1,42.744244,0.0,12.05,0.354
2024-12-13 23:00:00+00:00,11.0,44.79189,0.0,11.9,0.354
2024-12-14 00:00:00+00:00,10.95,45.765923,0.0,11.75,0.354
2024-12-14 01:00:00+00:00,11.05,43.518024,0.0,11.95,0.364
2024-12-14 02:00:00+00:00,10.25,46.065945,0.0,11.7,0.364
2024-12-14 03:00:00+00:00,9.9,46.133503,0.0,11.45,0.364
2024-12-14 04:00:00+00:00,9.95,44.323345,0.0,11.25,0.364
2024-12-14 05:00:00+00:00,9.9,43.66125,0.0,11.1,0.364
2024-12-14 06:00:00+00:00,10.65,40.32127,0.0,11.3,0.363
2024-12-14 07:00:00+00:00,11.5,36.183563,0.0,11.85,0.363
2024-12-14 08:00:00+00:00,12.5,32.395905,0.0,12.65,0.362
2024-12-14 09:00:00+00:00,13.35,30.302925,0.0,13.55,0.361
2024-12-14 10:00:00+00:00,14.05,28.847197,0.0,14.4,0.36
2024-12-14 11:00:00+00:00,14.5,28.654877,0.0,15.0,0.359
2024-12-14 12:00:00+00:00,14.7,28.499298,0.0,15.3,0.359
2024-12-14 13:00:00+00:00,14.85,28.436356,0.0,15.65,0.359
2024-12-14 14:00:00+00:00,13.2,38.613934,0.0,14.8,0.359
2024-12-14 15:00:00+00:00,10.65,51.65968,0.0,13.5,0.359
2024-12-14 16:00:00+00:00,9.85,58.537415,0.0,12.4,0.359
2024-12-14 17:00:00+00:00,10.15,47.74703,0.0,11.8,0.359
2024-12-14 18:00:00+00:00,9.75,42.034786,0.0,11.35,0.359
2024-12-14 19:00:00+00:00,9.4,42.716362,0.0,11.05,0.359
2024-12-14 20:00:00+00:00,8.6,46.438522,0.0,10.65,0.358
2024-12-14 21:00:00+00:00,7.45,49.29344,0.0,10.2,0.358
2024-12-14 22:00:00+00:00,7.45,47.32217,0.0,9.8,0.358
2024-12-14 23:00:00+00:00,7.35,46.942406,0.0,9.5,0.358
2024-12-15 00:00:00+00:00,7.2,47.249893,0.0,9.25,0.358
2024-12-15 01:00:00+00:00,7.25,43.857533,0.0,9.1,0.353
2024-12-15 02:00:00+00:00,7.35,47.29327,0.0,8.95,0.353
2024-12-15 03:00:00+00:00,7.45,50.028137,0.0,8.9,0.353
2024-12-15 04:00:00+00:00,7.35,51.498928,0.0,8.8,0.353
2024-12-15 05:00:00+00:00,7.25,50.71645,0.0,8.7,0.353
2024-12-15 06:00:00+00:00,8.65,50.73527,0.0,9.05,0.352
2024-12-15 07:00:00+00:00,11.05,48.002735,0.0,10.1,0.352
2024-12-15 08:00:00+00:00,13.05,46.0372,0.0,11.45,0.351
2024-12-15 09:00:00+00:00,14.4,42.020557,0.0,12.8,0.351
2024-12-15 10:00:00+00:00,15.2,36.87591,0.0,13.95,0.35
2024-12-15 11:00:00+00:00,15.45,34.621174,0.0,14.65,0.349
2024-12-15 12:00:00+00:00,15.4,34.98525,0.0,14.95,0.348
2024-12-15 13:00:00+00:00,15.2,35.56594,0.0,15.1,0.349
2024-12-15 14:00:00+00:00,12.95,49.936592,0.0,14.25,0.349
2024-12-15 15:00:00+00:00,11.75,52.517994,0.0,13.05,0.349
2024-12-15 16:00:00+00:00,11.3,55.465645,0.0,12.4,0.349
2024-12-15 17:00:00+00:00,11.25,52.75781,0.0,11.95,0.349
2024-12-15 18:00:00+00:00,11.35,50.387783,0.0,11.7,0.349
2024-12-15 19:00:00+00:00,11.4,54.322918,0.0,11.55,0.349
2024-12-15 20:00:00+00:00,11.1,53.66647,0.0,11.3,0.349
2024-12-15 21:00:00+00:00,10.75,49.68109,0.0,11.15,0.349
2024-12-15 22:00:00+00:00,10.3,49.734787,0.0,10.95,0.349
2024-12-15 23:00:00+00:00,9.3,47.3304,0.0,10.7,0.348
2024-12-16 00:00:00+00:00,9.15,45.077793,0.0,10.45,0.348
2024-12-16 01:00:00+00:00,11.2,51.995872,0.0,11.4,0.354
2024-12-16 02:00:00+00:00,11.05,51.954945,0.0,11.25,0.354
2024-12-16 03:00:00+00:00,10.6,53.72434,0.0,11.15,0.353
2024-12-16 04:00:00+00:00,10.0,50.74185,0.0,11.0,0.353
2024-12-16 05:00:00+00:00,10.8,44.73386,0.0,11.05,0.353
2024-12-16 06:00:00+00:00,10.9,47.442295,0.0,11.2,0.353
2024-12-16 07:00:00+00:00,11.0,51.38585,0.0,11.3,0.352
2024-12-16 08:00:00+00:00,10.75,58.142467,0.0,11.45,0.352
2024-12-16 09:00:00+00:00,10.4,65.45268,0.0,11.55,0.352
2024-12-16 10:00:00+00:00,10.15,72.8672,0.3,11.4,0.354
2024-12-16 11:00:00+00:00,9.5,85.56442,0.5,10.95,0.359
2024-12-16 12:00:00+00:00,9.4,88.52699,4.9,10.65,0.424
2024-12-16 13:00:00+00:00,10.3,83.06432,0.3,10.2,0.372
2024-12-16 14:00:00+00:00,10.15,83.90059,0.0,10.3,0.371
2024-12-16 15:00:00+00:00,10.0,83.88305,0.0,10.3,0.371
2024-12-16 16:00:00+00:00,10.05,81.346405,0.0,10.3,0.37
2024-12-16 17:00:00+00:00,9.95,79.401665,0.0,10.35,0.369
2024-12-16 18:00:00+00:00,9.7,79.09217,0.0,10.35,0.368
2024-12-16 19:00:00+00:00,9.1,81.21894,0.0,10.15,0.368
2024-12-16 20:00:00+00:00,8.95,79.53026,0.0,9.95,0.367
2024-12-16 21:00:00+00:00,8.45,78.63195,0.0,9.8,0.367
2024-12-16 22:00:00+00:00,8.25,78.05498,0.0,9.6,0.366
2024-12-16 23:00:00+00:00,8.4,77.53539,0.0,9.45,0.366
2024-12-17 00:00:00+00:00,8.3,78.88374,0.0,9.35,0.365
2024-12-17 01:00:00+00:00,8.65,75.43998,0.0,9.25,0.365
2024-12-17 02:00:00+00:00,7.95,75.585396,0.0,9.1,0.365
2024-12-17 03:00:00+00:00,7.55,73.67476,0.0,8.9,0.364
2024-12-17 04:00:00+00:00,7.6,71.37404,0.0,8.75,0.364
2024-12-17 05:00:00+00:00,7.35,72.86021,0.0,8.6,0.363
2024-12-17 06:00:00+00:00,8.85,66.97826,0.0,8.95,0.363
2024-12-17 07:00:00+00:00,10.95,62.22154,0.0,9.95,0.362
2024-12-17 08:00:00+00:00,13.0,58.298473,0.0,11.35,0.362
2024-12-17 09:00:00+00:00,14.4,51.945335,0.0,12.65,0.361
2024-12-17 10:00:00+00:00,15.15,46.30602,0.0,13.75,0.36
2024-12-17 11:00:00+00:00,15.7,42.69791,0.0,14.55,0.359
2024-12-17 12:00:00+00:00,15.95,40.99202,0.0,14.95,0.358
2024-12-17 13:00:00+00:00,16.15,43.587868,0.0,15.15,0.357
2024-12-17 14:00:00+00:00,14.05,56.177795,0.0,14.35,0.357
2024-12-17 15:00:00+00:00,11.6,70.66331,0.0,13.05,0.356
2024-12-17 16:00:00+00:00,10.7,76.83391,0.0,12.05,0.356
2024-12-17 17:00:00+00:00,10.1,74.64613,0.0,11.3,0.356
2024-12-17 18:00:00+00:00,9.95,73.3378,0.0,10.8,0.356
2024-12-17 19:00:00+00:00,9.6,75.07841,0.0,10.45,0.356
2024-12-17 20:00:00+00:00,9.1,77.37664,0.0,10.15,0.356
2024-12-17 21:00:00+00:00,8.25,81.9534,0.0,9.8,0.356
2024-12-17 22:00:00+00:00,8.0,82.77953,0.0,9.4,0.355
2024-12-17 23:00:00+00:00,7.75,82.74816,0.0,9.2,0.355
2024-12-18 00:00:00+00:00,7.3,83.271095,0.0,9.0,0.355
2024-12-18 01:00:00+00:00,7.15,87.11254,0.0,8.9,0.356
2024-12-18 02:00:00+00:00,7.0,84.99832,0.0,8.65,0.356
2024-12-18 03:00:00+00:00,6.75,80.04837,0.0,8.5,0.356
2024-12-18 04:00:00+00:00,6.35,77.75758,0.0,8.3,0.356
2024-12-18 05:00:00+00:00,6.2,76.09383,0.0,8.1,0.356
2024-12-18 06:00:00+00:00,7.95,67.26075,0.0,8.5,0.356
2024-12-18 07:00:00+00:00,10.7,61.5098,0.0,9.6,0.355
2024-12-18 08:00:00+00:00,13.15,53.08129,0.0,11.15,0.355
2024-12-18 09:00:00+00:00,14.95,49.266598,0.0,12.8,0.354
2024-12-18 10:00:00+00:00,15.9,49.528152,0.0,14.25,0.353
2024-12-18 11:00:00+00:00,16.3,48.95496,0.0,15.3,0.353
2024-12-18 12:00:00+00:00,16.25,48.602825,0.0,15.75,0.352
2024-12-18 13:00:00+00:00,16.4,49.66518,0.0,15.9,0.349
2024-12-18 14:00:00+00:00,14.5,61.55688,0.0,14.9,0.349
2024-12-18 15:00:00+00:00,12.95,64.00005,0.0,13.3,0.349
2024-12-18 16:00:00+00:00,11.3,70.11924,0.0,12.15,0.349
2024-12-18 17:00:00+00:00,10.7,69.75782,0.0,11.45,0.349
2024-12-18 18:00:00+00:00,9.6,71.758354,0.0,10.85,0.349
2024-12-18 19:00:00+00:00,9.0,72.909225,0.0,10.3,0.349
2024-12-18 20:00:00+00:00,8.9,72.128746,0.0,9.9,0.349
2024-12-18 21:00:00+00:00,9.15,69.20178,0.0,9.65,0.349
2024-12-18 22:00:00+00:00,9.0,67.72403,0.0,9.55,0.349
2024-12-18 23:00:00+00:00,8.6,68.360756,0.0,9.4,0.349
2024-12-19 00:00:00+00:00,8.55,65.27103,0.0,9.25,0.349
2024-12-19 01:00:00+00:00,8.7,59.3027,0.0,9.25,0.347
2024-12-19 02:00:00+00:00,8.1,59.795723,0.0,9.1,0.347
2024-12-19 03:00:00+00:00,7.95,60.191032,0.0,9.0,0.346
2024-12-19 04:00:00+00:00,8.0,59.98678,0.0,8.9,0.346
2024-12-19 05:00:00+00:00,8.0,59.34109,0.0,8.8,0.346
2024-12-19 06:00:00+00:00,9.45,54.19165,0.0,9.15,0.346
2024-12-19 07:00:00+00:00,11.7,53.636074,0.0,10.15,0.346
2024-12-19 08:00:00+00:00,14.25,46.707935,0.0,11.6,0.345
2024-12-19 09:00:00+00:00,16.0,44.31748,0.0,13.05,0.345
2024-12-19 10:00:00+00:00,16.9,43.193542,0.0,14.25,0.344
2024-12-19 11:00:00+00:00,17.35,42.72137,0.0,15.05,0.343
2024-12-19 12:00:00+00:00,17.15,43.873425,0.0,15.3,0.343
2024-12-19 13:00:00+00:00,16.95,44.432594,0.0,15.6,0.34
2024-12-19 14:00:00+00:00,15.85,47.3231,0.0,14.9,0.34
2024-12-19 15:00:00+00:00,15.1,50.176067,0.0,14.15,0.34
2024-12-19 16:00:00+00:00,14.0,56.94935,0.0,13.45,0.34
2024-12-19 17:00:00+00:00,13.35,58.996593,0.0,12.9,0.34
2024-12-19 18:00:00+00:00,12.85,58.66838,0.0,12.45,0.34
2024-12-19 19:00:00+00:00,12.65,56.407204,0.0,12.1,0.34
2024-12-19 20:00:00+00:00,12.35,56.33004,0.0,11.9,0.34
2024-12-19 21:00:00+00:00,11.6,57.33782,0.0,11.65,0.34
2024-12-19 22:00:00+00:00,10.9,55.95463,0.0,11.4,0.34
2024-12-19 23:00:00+00:00,10.2,54.391914,0.0,11.1,0.34
2024-12-20 00:00:00+00:00,10.2,51.909008,0.0,10.9,0.34
2024-12-20 01:00:00+00:00,10.65,51.474342,0.0,11.55,0.336
2024-12-20 02:00:00+00:00,10.75,50.40242,0.0,11.3,0.335
2024-12-20 03:00:00+00:00,10.2,51.53607,0.0,11.05,0.335
2024-12-20 04:00:00+00:00,9.95,52.404747,0.0,10.8,0.335
2024-12-20 05:00:00+00:00,9.75,53.11148,0.0,10.6,0.335
2024-12-20 06:00:00+00:00,10.55,52.568096,0.0,10.7,0.335
2024-12-20 07:00:00+00:00,12.3,50.65017,0.0,11.4,0.335
2024-12-20 08:00:00+00:00,14.6,47.471462,0.0,12.55,0.335
2024-12-20 09:00:00+00:00,15.85,42.590363,0.0,13.7,0.334
2024-12-20 10:00:00+00:00,16.35,39.959724,0.0,14.65,0.333
2024-12-20 11:00:00+00:00,16.65,39.204628,0.0,15.3,0.332
2024-12-20 12:00:00+00:00,16.65,38.789444,0.0,15.6,0.332
2024-12-20 13:00:00+00:00,16.65,41.926693,0.0,15.85,0.329
2024-12-20 14:00:00+00:00,15.4,48.3673,0.0,15.2,0.329
2024-12-20 15:00:00+00:00,13.45,58.208347,0.0,14.15,0.329
2024-12-20 16:00:00+00:00,11.85,64.641914,0.0,13.15,0.329
2024-12-20 17:00:00+00:00,11.05,67.448135,0.0,12.3,0.329
2024-12-20 18:00:00+00:00,11.4,67.99134,0.0,11.5,0.33
2024-12-20 19:00:00+00:00,11.3,77.193214,0.0,10.95,0.33
2024-12-20 20:00:00+00:00,11.2,83.45602,0.0,10.7,0.33
2024-12-20 21:00:00+00:00,10.7,87.744446,0.0,10.6,0.33
2024-12-20 22:00:00+00:00,10.6,88.929,0.0,10.45,0.33
2024-12-20 23:00:00+00:00,10.6,90.74632,0.0,10.2,0.331
2024-12-21 00:00:00+00:00,9.6,90.67625,0.0,9.95,0.331
2024-12-21 01:00:00+00:00,8.75,73.11884,0.0,9.05,0.329
2024-12-21 02:00:00+00:00,9.35,72.46615,0.0,9.2,0.329
2024-12-21 03:00:00+00:00,9.3,73.21951,0.0,9.35,0.33
2024-12-21 04:00:00+00:00,9.3,71.20126,0.0,9.55,0.33
2024-12-21 05:00:00+00:00,9.65,66.21223,0.0,9.8,0.33
2024-12-21 06:00:00+00:00,10.7,60.64891,0.0,10.15,0.33
2024-12-21 07:00:00+00:00,11.55,62.362633,0.2,10.6,0.331
2024-12-21 08:00:00+00:00,11.65,81.282845,0.3,11.05,0.334
2024-12-21 09:00:00+00:00,12.55,80.04478,0.5,11.55,0.34
2024-12-21 10:00:00+00:00,13.55,79.917015,0.3,12.35,0.343
2024-12-21 11:00:00+00:00,15.15,72.78807,0.0,13.6,0.343
2024-12-21 12:00:00+00:00,15.5,74.072365,0.0,14.5,0.342
2024-12-21 13:00:00+00:00,14.0,83.785416,0.0,14.2,0.333
2024-12-21 14:00:00+00:00,13.75,84.31372,0.0,13.8,0.333
2024-12-21 15:00:00+00:00,13.4,85.11833,0.0,13.3,0.333
2024-12-21 16:00:00+00:00,13.55,86.55637,0.0,13.05,0.333
2024-12-21 17:00:00+00:00,13.25,90.03258,0.3,12.9,0.335
2024-12-21 18:00:00+00:00,13.35,92.74876,1.3,12.8,0.353
2024-12-21 19:00:00+00:00,13.15,93.96641,1.7,12.7,0.376
2024-12-21 20:00:00+00:00,14.55,93.42014,1.9,13.0,0.398
2024-12-21 21:00:00+00:00,14.7,94.64932,0.8,13.35,0.403
2024-12-21 22:00:00+00:00,13.8,98.38817,0.2,13.5,0.4
2024-12-21 23:00:00+00:00,13.9,95.85994,1.1,13.15,0.406
2024-12-22 00:00:00+00:00,14.45,93.41519,0.4,13.25,0.406
2024-12-22 01:00:00+00:00,13.7,89.18066,0.0,13.0,0.41
2024-12-22 02:00:00+00:00,14.35,86.91963,0.0,12.6,0.404
2024-12-22 03:00:00+00:00,14.9,86.40404,0.1,12.95,0.401
2024-12-22 04:00:00+00:00,14.1,88.628296,0.1,12.95,0.398
2024-12-22 05:00:00+00:00,14.7,84.97732,0.0,12.85,0.395
2024-12-22 06:00:00+00:00,14.85,89.856415,0.0,13.15,0.393
2024-12-22 07:00:00+00:00,15.9,87.349014,0.2,14.05,0.392
2024-12-22 08:00:00+00:00,17.0,80.13271,0.0,15.1,0.39
2024-12-22 09:00:00+00:00,17.25,77.09665,0.0,16.05,0.388
2024-12-22 10:00:00+00:00,17.5,71.781746,0.0,16.95,0.386
2024-12-22 11:00:00+00:00,17.8,68.15736,0.0,17.5,0.384
2024-12-22 12:00:00+00:00,17.75,65.714165,0.0,17.65,0.382
2024-12-22 13:00:00+00:00,18.4,59.42088,0.0,17.5,0.393
2024-12-22 14:00:00+00:00,17.75,57.113644,0.0,16.8,0.391
2024-12-22 15:00:00+00:00,17.15,58.920105,0.0,16.15,0.39
2024-12-22 16:00:00+00:00,16.95,60.07445,0.0,15.65,0.389
2024-12-22 17:00:00+00:00,17.0,59.884438,0.0,15.35,0.388
2024-12-22 18:00:00+00:00,16.5,63.714092,0.0,15.1,0.387
2024-12-22 19:00:00+00:00,15.0,80.91679,0.1,14.65,0.387
2024-12-22 20:00:00+00:00,14.65,83.035416,0.5,14.3,0.393
2024-12-22 21:00:00+00:00,14.4,81.10472,0.3,13.95,0.395
2024-12-22 22:00:00+00:00,13.95,87.74488,0.3,13.7,0.396
2024-12-22 23:00:00+00:00,13.5,90.34823,0.2,13.55,0.396
2024-12-23 00:00:00+00:00,13.7,90.95867,0.1,13.45,0.395
2024-12-23 01:00:00+00:00,15.35,66.97634,0.0,14.0,0.402
2024-12-23 02:00:00+00:00,14.5,83.84324,0.1,13.9,0.401
2024-12-23 03:00:00+00:00,12.6,92.707664,2.4,13.5,0.423
2024-12-23 04:00:00+00:00,11.95,93.28964,1.5,13.05,0.429
2024-12-23 05:00:00+00:00,12.5,89.38091,0.0,12.8,0.417
2024-12-23 06:00:00+00:00,13.8,85.44349,0.0,12.9,0.413
2024-12-23 07:00:00+00:00,14.0,85.1826,0.0,13.25,0.41
2024-12-23 08:00:00+00:00,13.3,88.26876,0.2,13.55,0.409
2024-12-23 09:00:00+00:00,13.05,93.345314,1.0,13.65,0.418
2024-12-23 10:00:00+00:00,12.6,89.38879,0.7,13.4,0.42
2024-12-23 11:00:00+00:00,12.25,89.65924,1.1,13.1,0.425
2024-12-23 12:00:00+00:00,12.4,89.67078,1.8,12.8,0.429
2024-12-23 13:00:00+00:00,13.35,90.63583,3.6,13.05,0.43
2024-12-23 14:00:00+00:00,13.05,90.91475,2.5,12.95,0.43
2024-12-23 15:00:00+00:00,12.4,93.00412,1.3,12.75,0.43
2024-12-23 16:00:00+00:00,12.2,91.15941,1.6,12.5,0.429
2024-12-23 17:00:00+00:00,12.1,92.37281,1.5,12.35,0.43
2024-12-23 18:00:00+00:00,11.9,92.66898,1.5,12.25,0.43
2024-12-23 19:00:00+00:00,12.0,92.06048,1.5,12.15,0.43
2024-12-23 20:00:00+00:00,11.5,91.41779,2.0,12.05,0.43
2024-12-23 21:00:00+00:00,11.1,89.26974,2.2,11.75,0.43
2024-12-23 22:00:00+00:00,10.9,89.55463,1.8,11.55,0.43
2024-12-23 23:00:00+00:00,11.3,88.98657,1.4,11.4,0.43
2024-12-24 00:00:00+00:00,11.65,89.91314,1.1,11.45,0.43
2024-12-24 01:00:00+00:00,13.3,91.23189,1.1,12.55,0.429
2024-12-24 02:00:00+00:00,13.75,89.47873,0.2,12.7,0.426
2024-12-24 03:00:00+00:00,13.75,89.18464,0.6,12.75,0.428
2024-12-24 04:00:00+00:00,13.15,95.83614,0.7,12.85,0.429
2024-12-24 05:00:00+00:00,12.35,97.72452,0.6,12.75,0.429
2024-12-24 06:00:00+00:00,12.0,92.67453,1.7,12.55,0.43
2024-12-24 07:00:00+00:00,12.25,91.46606,1.8,12.5,0.43
2024-12-24 08:00:00+00:00,12.7,89.99177,2.3,12.55,0.43
2024-12-24 09:00:00+00:00,13.4,89.451485,6.2,12.9,0.43
2024-12-24 10:00:00+00:00,14.35,88.649155,3.0,13.45,0.427
2024-12-24 11:00:00+00:00,15.95,77.65698,0.0,14.3,0.424
2024-12-24 12:00:00+00:00,16.25,73.22774,0.0,14.75,0.422
2024-12-24 13:00:00+00:00,15.7,85.36259,0.1,14.5,0.425
2024-12-24 14:00:00+00:00,15.3,80.16091,0.1,14.3,0.424
2024-12-24 15:00:00+00:00,15.55,80.1954,0.4,13.95,0.424
2024-12-24 16:00:00+00:00,15.0,85.568886,0.3,13.75,0.425
2024-12-24 17:00:00+00:00,14.4,87.785126,0.2,13.5,0.424
2024-12-24 18:00:00+00:00,14.2,87.479126,1.9,13.35,0.43
2024-12-24 19:00:00+00:00,13.85,89.486496,0.2,13.15,0.426
2024-12-24 20:00:00+00:00,13.2,93.04627,0.4,13.05,0.427
2024-12-24 21:00:00+00:00,12.6,92.09628,0.5,12.9,0.427
2024-12-24 22:00:00+00:00,12.2,92.07244,0.8,12.6,0.43
2024-12-24 23:00:00+00:00,12.6,90.583336,5.4,12.45,0.428
2024-12-25 00:00:00+00:00,13.4,89.451485,0.1,12.45,0.426
2024-12-25 01:00:00+00:00,15.1,90.16811,3.4,13.55,0.428
2024-12-25 02:00:00+00:00,13.9,92.17304,0.5,13.3,0.43
2024-12-25 03:00:00+00:00,12.65,90.287,0.2,12.95,0.426
2024-12-25 04:00:00+00:00,12.95,84.78682,0.0,12.5,0.423
2024-12-25 05:00:00+00:00,11.95,88.15147,0.0,12.25,0.421
2024-12-25 06:00:00+00:00,12.3,84.43177,0.0,12.25,0.419
2024-12-25 07:00:00+00:00,14.2,77.90532,0.0,12.9,0.418
2024-12-25 08:00:00+00:00,16.95,65.10651,0.0,14.15,0.416
2024-12-25 09:00:00+00:00,17.9,57.730343,0.0,15.3,0.415
2024-12-25 10:00:00+00:00,18.15,56.83033,0.0,16.2,0.413
2024-12-25 11:00:00+00:00,18.5,52.32286,0.0,16.75,0.412
2024-12-25 12:00:00+00:00,18.7,51.14994,0.0,17.0,0.41
2024-12-25 13:00:00+00:00,18.75,53.821194,0.0,17.15,0.404
2024-12-25 14:00:00+00:00,18.2,55.520332,0.0,16.65,0.403
2024-12-25 15:00:00+00:00,17.85,53.95133,0.0,16.1,0.403
2024-12-25 16:00:00+00:00,17.8,50.908592,0.0,15.8,0.402
2024-12-25 17:00:00+00:00,17.7,53.912308,0.0,15.6,0.402
2024-12-25 18:00:00+00:00,17.2,57.751602,0.0,15.4,0.401
2024-12-25 19:00:00+00:00,16.45,62.012215,0.0,15.2,0.401
2024-12-25 20:00:00+00:00,15.8,67.5219,0.1,14.9,0.401
2024-12-25 21:00:00+00:00,12.85,79.81827,2.9,14.05,0.424
2024-12-25 22:00:00+00:00,12.1,81.34261,2.3,13.35,0.425
2024-12-25 23:00:00+00:00,12.0,79.96738,0.0,12.95,0.42
2024-12-26 00:00:00+00:00,11.35,81.79563,5.1,12.45,0.43
2024-12-26 01:00:00+00:00,11.95,90.83969,0.8,13.65,0.425
2024-12-26 02:00:00+00:00,12.7,92.40724,0.7,13.3,0.423
2024-12-26 03:00:00+00:00,11.95,90.53747,1.3,12.85,0.426
2024-12-26 04:00:00+00:00,13.15,80.39759,0.0,12.7,0.423
2024-12-26 05:00:00+00:00,12.0,81.329346,0.1,12.55,0.421
2024-12-26 06:00:00+00:00,11.85,83.815056,0.8,12.3,0.427
2024-12-26 07:00:00+00:00,12.25,84.14348,0.2,12.25,0.424
2024-12-26 08:00:00+00:00,13.35,81.50715,0.0,12.75,0.421
2024-12-26 09:00:00+00:00,14.95,72.75187,0.0,14.1,0.419
2024-12-26 10:00:00+00:00,15.05,68.05008,0.1,15.0,0.418
2024-12-26 11:00:00+00:00,16.0,56.480927,0.0,15.45,0.416
2024-12-26 12:00:00+00:00,15.8,55.66252,0.0,15.65,0.415
2024-12-26 13:00:00+00:00,14.85,67.78,0.1,15.2,0.417
2024-12-26 14:00:00+00:00,13.75,79.9451,0.2,14.55,0.417
2024-12-26 15:00:00+00:00,11.9,87.266426,0.0,13.5,0.416
2024-12-26 16:00:00+00:00,11.45,83.20419,0.0,12.85,0.415
2024-12-26 17:00:00+00:00,11.5,82.6497,0.0,12.5,0.414
2024-12-26 18:00:00+00:00,11.65,81.5583,0.0,12.35,0.413
2024-12-26 19:00:00+00:00,11.9,77.550896,0.0,12.35,0.412
2024-12-26 20:00:00+00:00,11.75,73.15923,0.0,12.3,0.411
2024-12-26 21:00:00+00:00,11.2,70.829315,0.0,12.15,0.411
2024-12-26 22:00:00+00:00,11.25,69.38632,0.0,12.05,0.41
2024-12-26 23:00:00+00:00,11.15,69.60656,0.0,11.95,0.409
2024-12-27 00:00:00+00:00,11.1,69.116356,0.0,11.85,0.409
2024-12-27 01:00:00+00:00,11.35,68.92838,0.0,12.95,0.395
2024-12-27 02:00:00+00:00,11.1,70.07964,0.0,12.6,0.395
2024-12-27 03:00:00+00:00,10.95,71.765625,0.0,12.3,0.395
2024-12-27 04:00:00+00:00,10.55,74.21075,0.0,12.05,0.395
2024-12-27 05:00:00+00:00,10.45,73.93741,0.0,11.85,0.395
2024-12-27 06:00:00+00:00,11.0,72.52149,0.0,11.8,0.395
2024-12-27 07:00:00+00:00,11.5,73.36505,0.1,12.0,0.396
2024-12-27 08:00:00+00:00,11.75,81.021706,0.5,12.2,0.4
2024-12-27 09:00:00+00:00,12.2,83.85585,0.5,12.5,0.404
2024-12-27 10:00:00+00:00,12.15,90.55162,0.9,12.65,0.413
2024-12-27 11:00:00+00:00,12.25,91.16271,1.0,12.75,0.421
2024-12-27 12:00:00+00:00,11.85,90.53038,2.4,12.55,0.429
2024-12-27 13:00:00+00:00,12.6,84.18345,0.9,12.45,0.429
2024-12-27 14:00:00+00:00,12.25,86.42832,0.4,12.35,0.427
2024-12-27 15:00:00+00:00,11.55,92.649536,0.0,12.1,0.424
2024-12-27 16:00:00+00:00,10.8,94.80465,0.0,11.75,0.422
2024-12-27 17:00:00+00:00,10.9,93.548546,0.0,11.55,0.42
2024-12-27 18:00:00+00:00,10.4,94.471054,0.0,11.35,0.419
2024-12-27 19:00:00+00:00,10.2,90.10726,0.1,10.9,0.419
2024-12-27 20:00:00+00:00,10.3,90.72538,0.0,10.4,0.418
2024-12-27 21:00:00+00:00,9.95,90.3943,0.0,10.1,0.417
2024-12-27 22:00:00+00:00,9.65,89.15281,0.0,9.95,0.416
2024-12-27 23:00:00+00:00,9.35,87.32223,0.0,9.7,0.415
2024-12-28 00:00:00+00:00,9.4,87.92516,0.0,9.6,0.414
2024-12-28 01:00:00+00:00,10.0,88.278175,0.0,9.65,0.413
2024-12-28 02:00:00+00:00,9.45,87.034,0.0,9.5,0.413
2024-12-28 03:00:00+00:00,9.25,87.91165,0.0,9.4,0.412
2024-12-28 04:00:00+00:00,8.55,89.67565,0.0,9.2,0.411
2024-12-28 05:00:00+00:00,8.05,90.877815,0.0,8.95,0.411
2024-12-28 06:00:00+00:00,8.8,89.38878,0.0,9.15,0.41
2024-12-28 07:00:00+00:00,10.3,88.30433,0.0,10.05,0.41
2024-12-28 08:00:00+00:00,11.95,82.14996,0.0,11.25,0.409
2024-12-28 09:00:00+00:00,14.25,69.04374,0.0,12.75,0.408
2024-12-28 10:00:00+00:00,15.35,60.508724,0.0,14.05,0.407
2024-12-28 11:00:00+00:00,15.7,58.76516,0.0,15.0,0.406
2024-12-28 12:00:00+00:00,15.85,59.40512,0.0,15.4,0.405
2024-12-28 13:00:00+00:00,15.45,66.32457,0.0,15.15,0.411
2024-12-28 14:00:00+00:00,14.6,72.93235,0.0,14.55,0.41
2024-12-28 15:00:00+00:00,13.35,80.694435,0.0,13.75,0.409
2024-12-28 16:00:00+00:00,13.4,82.88384,0.0,13.3,0.409
2024-12-28 17:00:00+00:00,12.05,89.94319,2.3,12.8,0.43
2024-12-28 18:00:00+00:00,11.25,85.17169,2.4,12.25,0.428
2024-12-28 19:00:00+00:00,11.65,83.7917,0.5,11.95,0.424
2024-12-28 20:00:00+00:00,11.3,92.0184,0.3,11.6,0.425
2024-12-28 21:00:00+00:00,10.85,92.921364,3.1,11.45,0.43
2024-12-28 22:00:00+00:00,10.05,89.48795,0.7,11.05,0.427
2024-12-28 23:00:00+00:00,10.25,90.11098,0.1,10.85,0.425
2024-12-29 00:00:00+00:00,10.4,90.122116,0.1,10.75,0.423
2024-12-29 01:00:00+00:00,11.25,92.942856,0.8,11.55,0.426
2024-12-29 02:00:00+00:00,11.25,93.56574,0.4,11.45,0.426
2024-12-29 03:00:00+00:00,10.95,95.12788,0.7,11.35,0.429
2024-12-29 04:00:00+00:00,10.8,91.988144,0.4,11.2,0.426
2024-12-29 05:00:00+00:00,10.5,91.660904,0.2,11.0,0.425
2024-12-29 06:00:00+00:00,9.9,91.6229,0.2,10.85,0.424
2024-12-29 07:00:00+00:00,10.1,90.405136,0.4,10.75,0.425
2024-12-29 08:00:00+00:00,10.6,90.13695,0.5,10.85,0.425
2024-12-29 09:00:00+00:00,12.45,81.66294,0.2,11.35,0.424
2024-12-29 10:00:00+00:00,13.15,81.75382,0.7,12.05,0.427
2024-12-29 11:00:00+00:00,12.65,91.18916,0.7,12.3,0.428
2024-12-29 12:00:00+00:00,12.85,90.00292,0.5,12.6,0.428
2024-12-29 13:00:00+00:00,12.35,90.26526,1.1,12.4,0.43
2024-12-29 14:00:00+00:00,12.15,89.95069,1.3,12.1,0.43
2024-12-29 15:00:00+00:00,12.05,90.24342,1.9,11.85,0.43
2024-12-29 16:00:00+00:00,11.95,90.53747,2.0,11.75,0.43
2024-12-29 17:00:00+00:00,11.35,90.79836,2.9,11.5,0.43
2024-12-29 18:00:00+00:00,11.2,89.57802,1.8,11.3,0.43
2024-12-29 19:00:00+00:00,11.05,88.66725,0.9,11.1,0.43
2024-12-29 20:00:00+00:00,10.65,89.83742,1.2,10.9,0.43
2024-12-29 21:00:00+00:00,10.4,90.73237,1.5,10.75,0.43
2024-12-29 22:00:00+00:00,10.45,90.4304,1.7,10.6,0.43
2024-12-29 23:00:00+00:00,11.1,90.17385,1.8,10.65,0.43
2024-12-30 00:00:00+00:00,11.45,92.95357,1.6,10.85,0.43
2024-12-30 01:00:00+00:00,11.55,91.11616,3.5,11.45,0.43
2024-12-30 02:00:00+00:00,11.5,92.030464,3.7,11.35,0.43
2024-12-30 03:00:00+00:00,10.95,92.616,2.3,11.2,0.43
2024-12-30 04:00:00+00:00,10.85,91.06922,2.9,11.05,0.43
2024-12-30 05:00:00+00:00,10.85,91.37563,0.8,10.95,0.429
2024-12-30 06:00:00+00:00,10.8,92.91867,0.2,10.95,0.427
2024-12-30 07:00:00+00:00,10.5,92.279854,1.0,11.0,0.429
2024-12-30 08:00:00+00:00,10.85,83.98215,0.5,11.0,0.428
2024-12-30 09:00:00+00:00,11.35,79.87535,0.0,11.35,0.425
2024-12-30 10:00:00+00:00,12.7,68.495094,0.0,12.25,0.423
2024-12-30 11:00:00+00:00,13.0,68.32266,0.0,12.65,0.422
2024-12-30 12:00:00+00:00,13.3,73.43797,0.3,12.95,0.423
2024-12-30 13:00:00+00:00,13.55,71.280655,0.2,13.65,0.423
2024-12-30 14:00:00+00:00,12.7,79.79701,0.0,13.1,0.422
2024-12-30 15:00:00+00:00,11.75,86.08906,1.0,12.55,0.43
2024-12-30 16:00:00+00:00,11.75,90.221535,0.8,12.1,0.426
2024-12-30 17:00:00+00:00,11.0,92.30908,0.0,11.6,0.423
2024-12-30 18:00:00+00:00,10.75,89.54291,0.9,11.3,0.43
2024-12-30 19:00:00+00:00,10.3,88.30433,1.6,10.95,0.428
2024-12-30 20:00:00+00:00,10.25,85.6437,0.2,10.75,0.427
2024-12-30 21:00:00+00:00,10.2,89.80306,0.2,10.55,0.426
2024-12-30 22:00:00+00:00,9.95,86.19736,0.1,10.35,0.425
2024-12-30 23:00:00+00:00,9.95,83.59108,0.0,10.2,0.423
2024-12-31 00:00:00+00:00,9.65,81.29289,0.0,10.05,0.422
2024-12-31 01:00:00+00:00,9.8,84.14685,0.6,10.25,0.424
2024-12-31 02:00:00+00:00,10.0,79.68227,0.4,9.95,0.425
2024-12-31 03:00:00+00:00,9.35,78.49566,0.0,9.65,0.423
2024-12-31 04:00:00+00:00,8.8,75.993835,0.0,9.4,0.421
2024-12-31 05:00:00+00:00,8.6,72.325645,0.0,9.25,0.419
2024-12-31 06:00:00+00:00,9.8,63.72692,0.0,9.5,0.418
2024-12-31 07:00:00+00:00,11.35,58.499413,0.0,10.35,0.417
2024-12-31 08:00:00+00:00,13.3,52.74953,0.0,11.6,0.416
2024-12-31 09:00:00+00:00,15.1,48.62313,0.0,12.9,0.414
2024-12-31 10:00:00+00:00,16.2,46.27769,0.0,14.05,0.413
2024-12-31 11:00:00+00:00,16.7,44.82885,0.0,14.9,0.412
2024-12-31 12:00:00+00:00,16.9,43.344997,0.0,15.3,0.411
2024-12-31 13:00:00+00:00,17.15,42.96362,0.0,15.85,0.406
2024-12-31 14:00:00+00:00,15.55,51.714344,0.0,15.2,0.405
2024-12-31 15:00:00+00:00,13.1,66.271065,0.0,13.9,0.405
2024-12-31 16:00:00+00:00,11.5,73.36505,0.0,12.75,0.405
2024-12-31 17:00:00+00:00,11.05,63.34496,0.0,12.15,0.405
2024-12-31 18:00:00+00:00,10.4,63.417236,0.0,11.55,0.405
2024-12-31 19:00:00+00:00,10.1,62.460167,0.0,11.15,0.405
2024-12-31 20:00:00+00:00,9.8,62.38944,0.0,10.8,0.405
