DATETIME,AIR_TEMP,AIR_HUMIDITY,PRECIP,SOIL_TEMP_0_7,SOIL_MOISTURE_0_7
2022-12-31 21:00:00+00:00,-2.15,89.79095,0.0,-0.45,0.252
2022-12-31 22:00:00+00:00,-2.25,89.78288,0.0,-0.45,0.252
2022-12-31 23:00:00+00:00,-3.0,90.73998,0.0,-0.5,0.252
2023-01-01 00:00:00+00:00,-2.15,91.82374,0.0,0.25,0.252
2023-01-01 01:00:00+00:00,-2.25,91.47535,0.0,0.2,0.252
2023-01-01 02:00:00+00:00,-2.1,91.48551,0.0,0.15,0.252
2023-01-01 03:00:00+00:00,-2.05,91.148674,0.0,0.1,0.252
2023-01-01 04:00:00+00:00,-2.5,91.116974,0.0,0.05,0.252
2023-01-01 05:00:00+00:00,-2.65,90.08783,0.0,0.0,0.252
2023-01-01 06:00:00+00:00,-1.2,88.54345,0.0,-0.05,0.252
2023-01-01 07:00:00+00:00,1.45,78.10747,0.0,0.0,0.252
2023-01-01 08:00:00+00:00,3.15,70.4926,0.0,0.15,0.251
2023-01-01 09:00:00+00:00,4.45,65.288086,0.0,0.35,0.251
2023-01-01 10:00:00+00:00,5.55,60.474506,0.0,0.7,0.251
2023-01-01 11:00:00+00:00,6.4,56.608433,0.0,2.35,0.251
2023-01-01 12:00:00+00:00,7.2,46.55024,0.0,0.1,0.251
2023-01-01 13:00:00+00:00,6.65,49.987316,0.0,0.25,0.251
2023-01-01 14:00:00+00:00,5.15,53.820496,0.0,0.3,0.251
2023-01-01 15:00:00+00:00,-0.1,71.424034,0.0,0.2,0.251
2023-01-01 16:00:00+00:00,-0.25,72.206345,0.0,0.15,0.251
2023-01-01 17:00:00+00:00,-0.9,74.856705,0.0,0.1,0.251
2023-01-01 18:00:00+00:00,-1.35,77.07193,0.0,0.05,0.251
2023-01-01 19:00:00+00:00,-1.85,77.86809,0.0,0.0,0.251
2023-01-01 20:00:00+00:00,-1.85,76.696686,0.0,-0.05,0.251
2023-01-01 21:00:00+00:00,-1.95,77.8518,0.0,-0.1,0.251
2023-01-01 22:00:00+00:00,-2.9,81.02273,0.0,-0.15,0.25
2023-01-01 23:00:00+00:00,-4.0,83.06313,0.0,-0.25,0.25
2023-01-02 00:00:00+00:00,-4.25,84.96061,0.0,-0.05,0.25
2023-01-02 01:00:00+00:00,-4.4,84.29473,0.0,-0.15,0.25
2023-01-02 02:00:00+00:00,-4.85,85.545364,0.0,-0.2,0.25
2023-01-02 03:00:00+00:00,-4.25,82.396095,0.0,-0.3,0.25
2023-01-02 04:00:00+00:00,-4.45,82.686386,0.0,-0.35,0.25
2023-01-02 05:00:00+00:00,-3.45,78.50371,0.0,-0.4,0.25
2023-01-02 06:00:00+00:00,-2.95,78.28392,0.0,-0.45,0.25
2023-01-02 07:00:00+00:00,-0.45,66.897736,0.0,-0.4,0.25
2023-01-02 08:00:00+00:00,1.65,56.62105,0.0,-0.3,0.25
2023-01-02 09:00:00+00:00,3.55,47.439198,0.0,-0.15,0.25
2023-01-02 10:00:00+00:00,4.9,43.323494,0.0,0.05,0.25
2023-01-02 11:00:00+00:00,5.65,41.918182,0.0,0.25,0.249
2023-01-02 12:00:00+00:00,5.75,43.08283,0.0,-0.6,0.25
2023-01-02 13:00:00+00:00,5.25,43.594284,0.0,-0.5,0.25
2023-01-02 14:00:00+00:00,0.6,63.426407,0.0,-0.45,0.25
2023-01-02 15:00:00+00:00,-1.25,71.464386,0.0,-0.5,0.25
2023-01-02 16:00:00+00:00,1.3,61.465637,0.0,-0.55,0.25
2023-01-02 17:00:00+00:00,1.0,60.69493,0.0,-0.6,0.25
2023-01-02 18:00:00+00:00,-0.7,66.08049,0.0,-0.65,0.25
2023-01-02 19:00:00+00:00,0.5,61.500496,0.0,-0.7,0.25
2023-01-02 20:00:00+00:00,0.5,61.971146,0.0,-0.75,0.25
2023-01-02 21:00:00+00:00,0.3,63.113483,0.0,-0.8,0.25
2023-01-02 22:00:00+00:00,-0.05,64.73422,0.0,-0.85,0.249
2023-01-02 23:00:00+00:00,-0.4,66.14897,0.0,-0.9,0.249
2023-01-03 00:00:00+00:00,-2.55,75.41657,0.0,-1.75,0.249
2023-01-03 01:00:00+00:00,-2.5,73.7143,0.0,-1.75,0.249
2023-01-03 02:00:00+00:00,-2.65,73.40394,0.0,-1.8,0.249
2023-01-03 03:00:00+00:00,-2.85,74.2159,0.0,-1.85,0.249
2023-01-03 04:00:00+00:00,-3.0,75.04763,0.0,-1.9,0.249
2023-01-03 05:00:00+00:00,-3.0,74.18802,0.0,-1.95,0.249
2023-01-03 06:00:00+00:00,-2.75,71.16145,0.0,-2.0,0.249
2023-01-03 07:00:00+00:00,-1.4,59.619427,0.0,-1.9,0.249
2023-01-03 08:00:00+00:00,0.3,49.489548,0.0,-1.75,0.249
2023-01-03 09:00:00+00:00,2.05,41.474316,0.0,-1.6,0.249
2023-01-03 10:00:00+00:00,3.45,36.677876,0.0,-1.4,0.249
2023-01-03 11:00:00+00:00,4.45,33.258396,0.0,-1.25,0.249
2023-01-03 12:00:00+00:00,4.65,42.262882,0.0,-1.35,0.249
2023-01-03 13:00:00+00:00,4.35,42.662975,0.0,-1.2,0.249
2023-01-03 14:00:00+00:00,1.2,53.54371,0.0,-1.15,0.249
2023-01-03 15:00:00+00:00,1.15,54.360306,0.0,-1.2,0.249
2023-01-03 16:00:00+00:00,-0.2,59.46924,0.0,-1.25,0.249
2023-01-03 17:00:00+00:00,0.55,56.32554,0.0,-1.3,0.249
2023-01-03 18:00:00+00:00,1.3,53.985218,0.0,-1.3,0.249
2023-01-03 19:00:00+00:00,1.1,55.827835,0.0,-1.35,0.249
2023-01-03 20:00:00+00:00,0.8,57.485237,0.0,-1.4,0.249
2023-01-03 21:00:00+00:00,0.25,59.58526,0.0,-1.45,0.249
2023-01-03 22:00:00+00:00,-0.3,62.487553,0.0,-1.5,0.249
2023-01-03 23:00:00+00:00,-0.8,65.30383,0.0,-1.55,0.248
2023-01-04 00:00:00+00:00,-2.15,69.39332,0.0,-3.95,0.248
2023-01-04 01:00:00+00:00,-2.5,70.938965,0.0,-3.95,0.248
2023-01-04 02:00:00+00:00,-2.95,71.67152,0.0,-4.0,0.248
2023-01-04 03:00:00+00:00,-3.45,73.25095,0.0,-4.0,0.248
2023-01-04 04:00:00+00:00,-4.05,75.438324,0.0,-4.05,0.248
2023-01-04 05:00:00+00:00,-5.0,76.7477,0.0,-4.1,0.248
2023-01-04 06:00:00+00:00,-5.0,76.15238,0.0,-3.8,0.248
2023-01-04 07:00:00+00:00,-1.9,59.48969,0.0,-2.7,0.248
2023-01-04 08:00:00+00:00,0.3,52.26694,0.0,-2.35,0.248
2023-01-04 09:00:00+00:00,2.1,46.648876,0.0,-2.1,0.248
2023-01-04 10:00:00+00:00,3.65,41.79833,0.0,-1.85,0.248
2023-01-04 11:00:00+00:00,4.7,38.233814,0.0,-1.65,0.248
2023-01-04 12:00:00+00:00,4.75,48.519478,0.0,-1.65,0.248
2023-01-04 13:00:00+00:00,4.45,48.986973,0.0,-1.55,0.248
2023-01-04 14:00:00+00:00,1.45,60.80807,0.0,-1.45,0.248
2023-01-04 15:00:00+00:00,1.5,60.590626,0.0,-1.5,0.248
2023-01-04 16:00:00+00:00,1.15,61.661846,0.0,-1.55,0.248
2023-01-04 17:00:00+00:00,1.45,59.439404,0.0,-1.55,0.248
2023-01-04 18:00:00+00:00,1.5,58.555252,0.0,-1.6,0.248
2023-01-04 19:00:00+00:00,0.0,64.25464,0.0,-1.6,0.248
2023-01-04 20:00:00+00:00,-2.1,74.35474,0.0,-1.65,0.248
2023-01-04 21:00:00+00:00,-2.2,74.90565,0.0,-1.65,0.248
2023-01-04 22:00:00+00:00,-2.35,75.74055,0.0,-1.7,0.248
2023-01-04 23:00:00+00:00,-2.45,76.594376,0.0,-1.7,0.248
2023-01-05 00:00:00+00:00,-1.35,71.1728,0.0,-1.75,0.248
2023-01-05 01:00:00+00:00,-0.15,64.95784,0.0,-1.8,0.248
2023-01-05 02:00:00+00:00,-0.55,66.36741,0.0,-1.8,0.247
2023-01-05 03:00:00+00:00,-1.65,71.11206,0.0,-1.85,0.247
2023-01-05 04:00:00+00:00,-2.1,72.94896,0.0,-1.85,0.247
2023-01-05 05:00:00+00:00,-1.4,69.81839,0.0,-1.9,0.247
2023-01-05 06:00:00+00:00,-2.65,76.56013,0.0,-1.9,0.247
2023-01-05 07:00:00+00:00,-0.1,66.976105,0.0,-1.85,0.247
2023-01-05 08:00:00+00:00,1.8,60.209007,0.0,-1.7,0.247
2023-01-05 09:00:00+00:00,3.75,51.647285,0.0,-1.5,0.247
2023-01-05 10:00:00+00:00,5.1,45.761417,0.0,-1.35,0.247
2023-01-05 11:00:00+00:00,5.85,42.785824,0.0,-1.15,0.247
2023-01-05 12:00:00+00:00,5.7,51.612286,0.0,-1.7,0.247
2023-01-05 13:00:00+00:00,5.35,52.88002,0.0,-1.55,0.247
2023-01-05 14:00:00+00:00,4.05,58.553963,0.0,-1.5,0.247
2023-01-05 15:00:00+00:00,3.25,61.945812,0.0,-1.5,0.247
2023-01-05 16:00:00+00:00,-0.6,73.23585,0.0,-1.55,0.247
2023-01-05 17:00:00+00:00,-2.1,79.01654,0.0,-1.55,0.247
2023-01-05 18:00:00+00:00,-2.9,82.88997,0.0,-1.6,0.247
2023-01-05 19:00:00+00:00,-3.0,84.1438,0.0,-1.6,0.247
2023-01-05 20:00:00+00:00,-3.25,86.049355,0.0,-1.65,0.247
2023-01-05 21:00:00+00:00,-3.05,86.72411,0.0,-1.7,0.247
2023-01-05 22:00:00+00:00,-2.7,85.7846,0.0,-1.7,0.247
2023-01-05 23:00:00+00:00,-2.7,85.46156,0.0,-1.75,0.247
2023-01-06 00:00:00+00:00,-2.45,84.52867,0.0,-2.05,0.247
2023-01-06 01:00:00+00:00,-2.95,84.14988,0.0,-2.05,0.247
2023-01-06 02:00:00+00:00,-3.2,84.7602,0.0,-2.05,0.247
2023-01-06 03:00:00+00:00,-4.3,86.59401,0.0,-2.1,0.247
2023-01-06 04:00:00+00:00,-4.75,87.21241,0.0,-2.15,0.247
2023-01-06 05:00:00+00:00,-4.8,86.87385,0.0,-2.15,0.247
2023-01-06 06:00:00+00:00,-2.95,82.88345,0.0,-2.15,0.246
2023-01-06 07:00:00+00:00,-0.65,73.78109,0.0,-2.1,0.246
2023-01-06 08:00:00+00:00,1.85,64.20545,0.0,-1.95,0.246
2023-01-06 09:00:00+00:00,3.05,60.52382,0.0,-1.75,0.246
2023-01-06 10:00:00+00:00,4.1,57.91534,0.0,-1.6,0.246
2023-01-06 11:00:00+00:00,4.15,59.237576,0.0,-1.5,0.246
2023-01-06 12:00:00+00:00,2.65,74.93495,0.0,-2.0,0.246
2023-01-06 13:00:00+00:00,2.65,75.763245,0.1,-1.9,0.247
2023-01-06 14:00:00+00:00,0.95,88.41025,0.7,-1.85,0.256
2023-01-06 15:00:00+00:00,0.35,90.65005,0.3,-1.8,0.26
2023-01-06 16:00:00+00:00,0.0,92.63758,0.0,-1.75,0.26
2023-01-06 17:00:00+00:00,0.2,91.30476,0.0,-1.75,0.26
2023-01-06 18:00:00+00:00,-1.1,93.948616,0.0,-1.8,0.26
2023-01-06 19:00:00+00:00,0.2,95.73873,0.0,-1.85,0.259
2023-01-06 20:00:00+00:00,0.3,95.39471,0.0,-1.9,0.259
2023-01-06 21:00:00+00:00,0.45,93.6817,0.0,-1.9,0.259
2023-01-06 22:00:00+00:00,0.5,94.36805,0.0,-1.95,0.259
2023-01-06 23:00:00+00:00,-0.05,96.43035,0.0,-2.0,0.259
2023-01-07 00:00:00+00:00,-1.05,94.29766,0.0,0.05,0.26
2023-01-07 01:00:00+00:00,-0.8,92.59062,0.0,-0.05,0.259
2023-01-07 02:00:00+00:00,-0.4,90.59482,0.0,-0.15,0.259
2023-01-07 03:00:00+00:00,-1.4,92.89814,0.0,-0.25,0.259
2023-01-07 04:00:00+00:00,-2.05,95.30649,0.0,-0.3,0.259
2023-01-07 05:00:00+00:00,-2.55,96.71596,0.0,-0.4,0.259
2023-01-07 06:00:00+00:00,-1.4,97.10345,0.0,-0.45,0.259
2023-01-07 07:00:00+00:00,0.25,92.31454,0.0,-0.4,0.259
2023-01-07 08:00:00+00:00,1.65,86.25133,0.0,-0.3,0.259
2023-01-07 09:00:00+00:00,3.2,76.69152,0.0,-0.15,0.259
2023-01-07 10:00:00+00:00,4.1,70.68388,0.0,0.05,0.259
2023-01-07 11:00:00+00:00,4.7,67.28518,0.0,0.25,0.258
2023-01-07 12:00:00+00:00,3.6,72.945015,0.0,-0.65,0.258
2023-01-07 13:00:00+00:00,3.65,70.59349,0.0,-0.55,0.258
2023-01-07 14:00:00+00:00,1.95,78.76246,0.0,-0.5,0.258
2023-01-07 15:00:00+00:00,1.25,82.50597,0.0,-0.55,0.258
2023-01-07 16:00:00+00:00,0.65,85.516106,0.0,-0.6,0.258
2023-01-07 17:00:00+00:00,-0.55,87.949165,0.0,-0.65,0.258
2023-01-07 18:00:00+00:00,-2.7,91.78777,0.0,-0.7,0.258
2023-01-07 19:00:00+00:00,-3.3,92.78907,0.0,-0.75,0.258
2023-01-07 20:00:00+00:00,-2.9,92.81224,0.0,-0.8,0.258
2023-01-07 21:00:00+00:00,-0.8,89.23681,0.0,-0.85,0.258
2023-01-07 22:00:00+00:00,-0.7,88.588036,0.0,-0.9,0.257
2023-01-07 23:00:00+00:00,-0.45,85.71091,0.0,-0.95,0.257
2023-01-08 00:00:00+00:00,-3.2,91.41051,0.0,0.5,0.257
2023-01-08 01:00:00+00:00,-3.2,91.75487,0.0,0.35,0.257
2023-01-08 02:00:00+00:00,-3.85,93.459724,0.0,0.2,0.257
2023-01-08 03:00:00+00:00,-4.35,94.500275,0.0,0.1,0.257
2023-01-08 04:00:00+00:00,-3.8,94.16952,0.0,0.0,0.257
2023-01-08 05:00:00+00:00,-3.4,95.25466,0.0,-0.05,0.257
2023-01-08 06:00:00+00:00,-2.55,94.93319,0.0,-0.1,0.257
2023-01-08 07:00:00+00:00,-1.35,88.53002,0.0,-0.1,0.257
2023-01-08 08:00:00+00:00,0.05,80.23706,0.0,0.0,0.256
2023-01-08 09:00:00+00:00,1.45,73.62112,0.0,0.1,0.256
2023-01-08 10:00:00+00:00,2.5,68.3068,0.0,0.3,0.256
2023-01-08 11:00:00+00:00,3.0,65.92757,0.0,0.55,0.256
2023-01-08 12:00:00+00:00,0.9,72.15998,0.0,-1.2,0.256
2023-01-08 13:00:00+00:00,0.9,71.62284,0.0,-1.1,0.256
2023-01-08 14:00:00+00:00,-0.55,81.35419,0.0,-1.05,0.256
2023-01-08 15:00:00+00:00,-4.35,92.72773,0.0,-1.1,0.256
2023-01-08 16:00:00+00:00,-3.35,93.48613,0.0,-1.15,0.255
2023-01-08 17:00:00+00:00,-3.15,93.14664,0.0,-1.2,0.255
2023-01-08 18:00:00+00:00,-4.7,94.484535,0.0,-1.25,0.255
2023-01-08 19:00:00+00:00,-4.45,93.782616,0.0,-1.25,0.255
2023-01-08 20:00:00+00:00,-4.65,94.12904,0.0,-1.3,0.255
2023-01-08 21:00:00+00:00,-4.95,93.401085,0.0,-1.35,0.255
2023-01-08 22:00:00+00:00,-5.3,93.02631,0.0,-1.4,0.255
2023-01-08 23:00:00+00:00,-5.5,92.305565,0.0,-1.45,0.255
2023-01-09 00:00:00+00:00,-4.9,91.99159,0.0,1.0,0.255
2023-01-09 01:00:00+00:00,-4.85,91.99483,0.0,0.6,0.254
2023-01-09 02:00:00+00:00,-5.05,91.63143,0.0,0.4,0.254
2023-01-09 03:00:00+00:00,-4.3,89.61564,0.0,0.25,0.254
2023-01-09 04:00:00+00:00,-4.95,90.94133,0.0,0.15,0.254
2023-01-09 05:00:00+00:00,-5.25,91.61792,0.0,0.05,0.254
2023-01-09 06:00:00+00:00,-3.55,87.99662,0.0,-0.05,0.254
2023-01-09 07:00:00+00:00,-0.9,72.627,0.0,0.0,0.254
2023-01-09 08:00:00+00:00,1.05,63.294292,0.0,0.1,0.254
2023-01-09 09:00:00+00:00,2.5,57.279625,0.0,0.25,0.253
2023-01-09 10:00:00+00:00,3.7,53.2204,0.0,0.5,0.253
2023-01-09 11:00:00+00:00,4.7,49.43144,0.0,0.9,0.253
2023-01-09 12:00:00+00:00,3.25,50.15026,0.0,-0.25,0.253
2023-01-09 13:00:00+00:00,3.25,48.63964,0.0,-0.15,0.252
2023-01-09 14:00:00+00:00,0.95,57.524982,0.0,-0.1,0.252
2023-01-09 15:00:00+00:00,-2.7,74.81482,0.0,-0.15,0.252
2023-01-09 16:00:00+00:00,-2.25,74.04373,0.0,-0.25,0.252
2023-01-09 17:00:00+00:00,-3.15,79.457085,0.0,-0.3,0.252
2023-01-09 18:00:00+00:00,-3.65,80.91515,0.0,-0.35,0.252
2023-01-09 19:00:00+00:00,-4.35,81.75195,0.0,-0.4,0.252
2023-01-09 20:00:00+00:00,-4.5,80.792175,0.0,-0.5,0.252
2023-01-09 21:00:00+00:00,-4.55,80.473976,0.0,-0.55,0.252
2023-01-09 22:00:00+00:00,-4.55,80.16411,0.0,-0.6,0.252
2023-01-09 23:00:00+00:00,-4.65,80.77037,0.0,-0.65,0.252
2023-01-10 00:00:00+00:00,-5.3,85.82476,0.0,0.5,0.251
2023-01-10 01:00:00+00:00,-5.05,84.86699,0.0,0.35,0.251
2023-01-10 02:00:00+00:00,-4.9,83.587685,0.0,0.25,0.251
2023-01-10 03:00:00+00:00,-5.05,84.54074,0.0,0.1,0.251
2023-01-10 04:00:00+00:00,-4.95,84.87872,0.0,0.0,0.251
2023-01-10 05:00:00+00:00,-5.2,86.16694,0.0,-0.05,0.251
2023-01-10 06:00:00+00:00,-3.85,79.045105,0.0,-0.15,0.251
2023-01-10 07:00:00+00:00,-0.45,61.02797,0.0,-0.1,0.251
2023-01-10 08:00:00+00:00,2.3,50.069317,0.0,0.0,0.251
2023-01-10 09:00:00+00:00,5.1,44.38871,0.0,0.2,0.25
2023-01-10 10:00:00+00:00,7.25,43.69307,0.0,0.45,0.25
2023-01-10 11:00:00+00:00,8.4,45.193,0.0,0.85,0.249
2023-01-10 12:00:00+00:00,6.45,55.590237,0.0,-1.45,0.25
2023-01-10 13:00:00+00:00,6.5,56.01398,0.0,-1.3,0.25
2023-01-10 14:00:00+00:00,3.3,70.0066,0.0,-1.25,0.25
2023-01-10 15:00:00+00:00,1.0,80.6721,0.0,-1.25,0.25
2023-01-10 16:00:00+00:00,0.7,84.27444,0.0,-1.2,0.25
2023-01-10 17:00:00+00:00,1.15,83.100555,0.0,-1.2,0.25
2023-01-10 18:00:00+00:00,1.7,81.96309,0.0,-1.2,0.25
2023-01-10 19:00:00+00:00,1.9,80.800064,0.0,-1.15,0.25
2023-01-10 20:00:00+00:00,2.2,80.54798,0.0,-1.15,0.25
2023-01-10 21:00:00+00:00,2.35,79.98389,0.0,-1.1,0.25
2023-01-10 22:00:00+00:00,2.3,76.26063,0.0,-1.1,0.25
2023-01-10 23:00:00+00:00,1.55,74.46257,0.0,-1.1,0.25
2023-01-11 00:00:00+00:00,2.75,73.05226,0.0,0.75,0.249
2023-01-11 01:00:00+00:00,2.8,76.34531,0.0,0.7,0.249
2023-01-11 02:00:00+00:00,2.6,78.86258,0.0,0.65,0.249
2023-01-11 03:00:00+00:00,1.8,82.87961,0.0,0.6,0.249
2023-01-11 04:00:00+00:00,2.6,80.31229,0.0,0.6,0.249
2023-01-11 05:00:00+00:00,2.65,79.737,0.0,0.6,0.249
2023-01-11 06:00:00+00:00,3.25,79.82547,0.0,0.6,0.249
2023-01-11 07:00:00+00:00,5.5,71.99299,0.0,0.75,0.249
2023-01-11 08:00:00+00:00,7.55,64.58108,0.0,1.6,0.249
2023-01-11 09:00:00+00:00,8.6,62.77386,0.0,3.05,0.248
2023-01-11 10:00:00+00:00,10.15,58.40481,0.0,4.4,0.248
2023-01-11 11:00:00+00:00,10.35,57.42542,0.0,5.35,0.248
2023-01-11 12:00:00+00:00,10.4,55.82425,0.0,6.25,0.247
2023-01-11 13:00:00+00:00,9.7,58.49962,0.0,6.2,0.247
2023-01-11 14:00:00+00:00,8.85,62.164288,0.0,5.8,0.247
2023-01-11 15:00:00+00:00,8.1,65.402885,0.0,5.25,0.247
2023-01-11 16:00:00+00:00,8.0,66.55677,0.0,4.85,0.247
2023-01-11 17:00:00+00:00,7.8,68.92437,0.0,4.65,0.246
2023-01-11 18:00:00+00:00,7.4,72.09873,0.8,4.3,0.255
2023-01-11 19:00:00+00:00,7.5,69.60175,0.1,4.1,0.255
2023-01-11 20:00:00+00:00,7.15,71.54062,0.0,3.95,0.256
2023-01-11 21:00:00+00:00,6.65,73.77301,0.0,3.8,0.256
2023-01-11 22:00:00+00:00,6.15,74.74183,0.0,3.6,0.256
2023-01-11 23:00:00+00:00,6.0,74.98265,0.1,3.55,0.256
2023-01-12 00:00:00+00:00,5.95,70.28921,0.0,5.0,0.258
2023-01-12 01:00:00+00:00,6.45,68.39727,0.0,4.7,0.258
2023-01-12 02:00:00+00:00,5.85,68.765434,0.0,4.3,0.257
2023-01-12 03:00:00+00:00,5.9,65.61618,0.0,4.1,0.257
2023-01-12 04:00:00+00:00,6.5,62.956795,0.0,4.15,0.257
2023-01-12 05:00:00+00:00,6.2,63.11477,0.0,4.15,0.257
2023-01-12 06:00:00+00:00,5.7,64.6243,0.0,4.05,0.257
2023-01-12 07:00:00+00:00,6.05,61.940674,0.0,4.2,0.257
2023-01-12 08:00:00+00:00,7.0,56.973476,0.0,4.8,0.257
2023-01-12 09:00:00+00:00,8.8,49.312897,0.0,5.8,0.256
2023-01-12 10:00:00+00:00,10.5,36.83785,0.0,6.9,0.256
2023-01-12 11:00:00+00:00,10.85,32.76336,0.0,7.8,0.255
2023-01-12 12:00:00+00:00,11.5,34.730648,0.0,8.55,0.255
2023-01-12 13:00:00+00:00,10.95,35.61811,0.0,8.7,0.255
2023-01-12 14:00:00+00:00,9.25,45.106934,0.0,8.25,0.255
2023-01-12 15:00:00+00:00,5.7,61.180595,0.0,6.95,0.254
2023-01-12 16:00:00+00:00,5.5,67.2144,0.0,6.1,0.254
2023-01-12 17:00:00+00:00,4.5,71.02166,0.0,5.4,0.254
2023-01-12 18:00:00+00:00,1.85,82.88599,0.0,4.4,0.254
2023-01-12 19:00:00+00:00,1.05,84.00745,0.0,3.5,0.254
2023-01-12 20:00:00+00:00,0.75,83.66308,0.0,2.85,0.254
2023-01-12 21:00:00+00:00,0.15,83.89842,0.0,2.2,0.254
2023-01-12 22:00:00+00:00,-0.25,85.10092,0.0,1.75,0.254
2023-01-12 23:00:00+00:00,-0.65,84.74013,0.0,1.35,0.254
2023-01-13 00:00:00+00:00,-1.1,87.5718,0.0,1.15,0.253
2023-01-13 01:00:00+00:00,-2.0,86.832,0.0,0.85,0.253
2023-01-13 02:00:00+00:00,-1.7,82.73393,0.0,0.7,0.253
2023-01-13 03:00:00+00:00,-1.9,83.33223,0.0,0.6,0.253
2023-01-13 04:00:00+00:00,-2.05,84.25873,0.0,0.55,0.253
2023-01-13 05:00:00+00:00,-2.2,84.87696,0.0,0.5,0.253
2023-01-13 06:00:00+00:00,-0.75,79.82037,0.0,0.45,0.253
2023-01-13 07:00:00+00:00,2.3,71.36853,0.0,0.6,0.253
2023-01-13 08:00:00+00:00,4.7,56.57916,0.0,1.15,0.252
2023-01-13 09:00:00+00:00,6.3,47.34281,0.0,3.4,0.252
2023-01-13 10:00:00+00:00,7.65,41.567017,0.0,5.35,0.252
2023-01-13 11:00:00+00:00,8.45,38.05312,0.0,6.75,0.251
2023-01-13 12:00:00+00:00,9.05,36.818592,0.0,4.6,0.254
2023-01-13 13:00:00+00:00,8.9,35.94719,0.0,5.45,0.254
2023-01-13 14:00:00+00:00,7.45,46.6229,0.0,5.3,0.254
2023-01-13 15:00:00+00:00,6.25,44.225372,0.0,4.1,0.254
2023-01-13 16:00:00+00:00,2.05,59.14405,0.0,3.05,0.254
2023-01-13 17:00:00+00:00,0.45,65.84173,0.0,2.2,0.253
2023-01-13 18:00:00+00:00,-0.6,71.323906,0.0,1.4,0.253
2023-01-13 19:00:00+00:00,-1.0,73.99497,0.0,0.85,0.253
2023-01-13 20:00:00+00:00,-0.95,74.5656,0.0,0.75,0.253
2023-01-13 21:00:00+00:00,-1.45,77.34682,0.0,0.65,0.253
2023-01-13 22:00:00+00:00,-1.95,78.443825,0.0,0.55,0.253
2023-01-13 23:00:00+00:00,-1.6,75.58519,0.0,0.45,0.253
2023-01-14 00:00:00+00:00,-1.9,75.81967,0.0,0.2,0.252
2023-01-14 01:00:00+00:00,-2.4,78.37208,0.0,0.2,0.252
2023-01-14 02:00:00+00:00,-3.45,83.13421,0.0,0.15,0.252
2023-01-14 03:00:00+00:00,-3.5,80.320244,0.0,0.05,0.252
2023-01-14 04:00:00+00:00,-2.95,78.28392,0.0,0.0,0.252
2023-01-14 05:00:00+00:00,-3.05,80.69342,0.0,-0.05,0.252
2023-01-14 06:00:00+00:00,-1.85,74.11813,0.0,-0.05,0.252
2023-01-14 07:00:00+00:00,0.45,62.195377,0.0,0.0,0.252
2023-01-14 08:00:00+00:00,2.35,56.59281,0.0,0.15,0.251
2023-01-14 09:00:00+00:00,4.2,49.851856,0.0,0.35,0.251
2023-01-14 10:00:00+00:00,5.5,45.879223,0.0,0.75,0.251
2023-01-14 11:00:00+00:00,6.35,43.921707,0.0,2.65,0.25
2023-01-14 12:00:00+00:00,6.95,38.916622,0.0,-0.15,0.251
2023-01-14 13:00:00+00:00,6.75,40.520454,0.0,0.05,0.251
2023-01-14 14:00:00+00:00,3.95,56.591866,0.0,0.1,0.251
2023-01-14 15:00:00+00:00,0.5,67.87405,0.0,0.05,0.251
2023-01-14 16:00:00+00:00,0.0,69.320335,0.0,0.0,0.251
2023-01-14 17:00:00+00:00,1.35,62.652245,0.0,-0.05,0.251
2023-01-14 18:00:00+00:00,-1.4,73.64054,0.0,-0.15,0.25
2023-01-14 19:00:00+00:00,-1.25,71.736694,0.0,-0.2,0.25
2023-01-14 20:00:00+00:00,-2.3,76.328804,0.0,-0.25,0.25
2023-01-14 21:00:00+00:00,-1.8,73.28544,0.0,-0.3,0.25
2023-01-14 22:00:00+00:00,-2.45,76.3029,0.0,-0.3,0.25
2023-01-14 23:00:00+00:00,-1.75,71.09177,0.0,-0.35,0.25
2023-01-15 00:00:00+00:00,-2.2,69.91819,0.0,-1.1,0.25
2023-01-15 01:00:00+00:00,-2.25,69.10559,0.0,-1.15,0.25
2023-01-15 02:00:00+00:00,-0.55,61.00277,0.0,-1.2,0.25
2023-01-15 03:00:00+00:00,-0.5,60.547474,0.0,-1.2,0.25
2023-01-15 04:00:00+00:00,-1.5,65.140564,0.0,-1.25,0.25
2023-01-15 05:00:00+00:00,-0.6,60.755703,0.0,-1.3,0.25
2023-01-15 06:00:00+00:00,-1.85,66.32572,0.0,-1.3,0.25
2023-01-15 07:00:00+00:00,0.9,54.500813,0.0,-1.25,0.25
2023-01-15 08:00:00+00:00,3.1,46.048733,0.0,-1.1,0.25
2023-01-15 09:00:00+00:00,5.0,39.226444,0.0,-0.95,0.249
2023-01-15 10:00:00+00:00,6.4,34.65015,0.0,-0.75,0.249
2023-01-15 11:00:00+00:00,7.3,31.578255,0.0,-0.55,0.249
2023-01-15 12:00:00+00:00,7.55,33.80659,0.0,-0.7,0.249
2023-01-15 13:00:00+00:00,7.35,33.48631,0.0,-0.6,0.249
2023-01-15 14:00:00+00:00,3.4,43.542305,0.0,-0.5,0.249
2023-01-15 15:00:00+00:00,-0.5,56.69742,0.0,-0.55,0.249
2023-01-15 16:00:00+00:00,-0.4,56.06829,0.0,-0.55,0.249
2023-01-15 17:00:00+00:00,-1.35,60.565147,0.0,-0.6,0.249
2023-01-15 18:00:00+00:00,-2.15,68.33355,0.0,-0.65,0.249
2023-01-15 19:00:00+00:00,-2.7,76.25963,0.0,-0.65,0.249
2023-01-15 20:00:00+00:00,-0.7,67.09705,0.0,-0.7,0.249
2023-01-15 21:00:00+00:00,0.4,62.183086,0.0,-0.75,0.249
2023-01-15 22:00:00+00:00,-1.25,69.31889,0.0,-0.8,0.248
2023-01-15 23:00:00+00:00,-2.7,75.9687,0.0,-0.85,0.248
2023-01-16 00:00:00+00:00,-3.3,79.43406,0.0,-0.25,0.248
2023-01-16 01:00:00+00:00,-3.65,79.99104,0.0,-0.3,0.248
2023-01-16 02:00:00+00:00,-3.65,79.07635,0.0,-0.35,0.248
2023-01-16 03:00:00+00:00,-3.05,74.464355,0.0,-0.4,0.248
2023-01-16 04:00:00+00:00,-3.35,74.984184,0.0,-0.45,0.248
2023-01-16 05:00:00+00:00,-3.8,77.249664,0.0,-0.5,0.248
2023-01-16 06:00:00+00:00,-2.1,68.87239,0.0,-0.5,0.248
2023-01-16 07:00:00+00:00,1.3,55.03178,0.0,-0.45,0.248
2023-01-16 08:00:00+00:00,3.3,47.730824,0.0,-0.35,0.248
2023-01-16 09:00:00+00:00,5.1,43.052753,0.0,-0.2,0.248
2023-01-16 10:00:00+00:00,6.6,43.009686,0.0,0.05,0.247
2023-01-16 11:00:00+00:00,7.45,44.08162,0.0,0.3,0.247
2023-01-16 12:00:00+00:00,8.35,41.619457,0.0,-0.15,0.248
2023-01-16 13:00:00+00:00,8.15,43.30742,0.0,0.0,0.247
2023-01-16 14:00:00+00:00,4.6,61.361378,0.0,0.1,0.247
2023-01-16 15:00:00+00:00,4.6,54.479836,0.0,0.05,0.247
2023-01-16 16:00:00+00:00,0.5,69.68734,0.0,0.0,0.247
2023-01-16 17:00:00+00:00,-0.8,77.1637,0.0,-0.05,0.247
2023-01-16 18:00:00+00:00,-1.0,80.68498,0.0,-0.1,0.247
2023-01-16 19:00:00+00:00,-1.0,81.90177,0.0,-0.15,0.247
2023-01-16 20:00:00+00:00,-0.3,80.78538,0.0,-0.2,0.247
2023-01-16 21:00:00+00:00,0.25,79.67276,0.0,-0.25,0.247
2023-01-16 22:00:00+00:00,0.9,78.30906,0.0,-0.25,0.247
2023-01-16 23:00:00+00:00,0.75,80.042786,0.0,-0.3,0.247
2023-01-17 00:00:00+00:00,0.7,80.03543,0.0,0.2,0.247
2023-01-17 01:00:00+00:00,0.45,79.99857,0.0,0.15,0.247
2023-01-17 02:00:00+00:00,0.3,79.090805,0.0,0.1,0.247
2023-01-17 03:00:00+00:00,-0.05,80.222435,0.0,0.05,0.247
2023-01-17 04:00:00+00:00,-0.2,81.705925,0.0,0.05,0.247
2023-01-17 05:00:00+00:00,-0.1,80.2151,0.0,0.0,0.246
2023-01-17 06:00:00+00:00,1.25,72.49743,0.0,0.0,0.246
2023-01-17 07:00:00+00:00,3.7,66.574265,0.0,0.05,0.246
2023-01-17 08:00:00+00:00,5.8,63.481274,0.0,0.2,0.246
2023-01-17 09:00:00+00:00,7.9,57.62357,0.0,0.45,0.246
2023-01-17 10:00:00+00:00,9.25,50.902348,0.0,0.95,0.245
2023-01-17 11:00:00+00:00,10.05,47.19961,0.0,3.25,0.245
2023-01-17 12:00:00+00:00,11.1,42.588097,0.0,5.55,0.243
2023-01-17 13:00:00+00:00,11.0,40.87403,0.0,6.2,0.243
2023-01-17 14:00:00+00:00,9.5,44.35511,0.0,6.0,0.243
2023-01-17 15:00:00+00:00,7.55,48.05946,0.0,5.2,0.243
2023-01-17 16:00:00+00:00,6.0,53.0592,0.0,4.3,0.242
2023-01-17 17:00:00+00:00,5.3,54.873405,0.0,3.55,0.242
2023-01-17 18:00:00+00:00,4.05,60.548088,0.0,2.9,0.242
2023-01-17 19:00:00+00:00,3.45,72.38553,0.0,2.4,0.242
2023-01-17 20:00:00+00:00,2.9,78.621956,0.0,1.95,0.242
2023-01-17 21:00:00+00:00,2.75,79.75178,0.0,1.6,0.242
2023-01-17 22:00:00+00:00,3.0,80.95483,0.0,1.35,0.242
2023-01-17 23:00:00+00:00,3.3,83.670654,0.0,1.35,0.242
2023-01-18 00:00:00+00:00,3.0,83.03199,0.0,3.0,0.244
2023-01-18 01:00:00+00:00,3.4,81.892845,0.0,2.55,0.244
2023-01-18 02:00:00+00:00,3.45,80.72553,0.0,2.25,0.244
2023-01-18 03:00:00+00:00,3.45,81.017624,0.0,2.05,0.244
2023-01-18 04:00:00+00:00,3.25,82.76439,0.0,1.9,0.244
2023-01-18 05:00:00+00:00,3.0,85.46362,0.0,1.75,0.244
2023-01-18 06:00:00+00:00,3.85,83.43761,0.0,1.85,0.244
2023-01-18 07:00:00+00:00,6.6,72.20328,0.0,2.75,0.244
2023-01-18 08:00:00+00:00,8.55,66.20514,0.0,4.2,0.243
2023-01-18 09:00:00+00:00,10.45,55.242626,0.0,5.85,0.243
2023-01-18 10:00:00+00:00,11.55,49.017185,0.0,7.3,0.242
2023-01-18 11:00:00+00:00,12.35,45.67246,0.0,8.5,0.242
2023-01-18 12:00:00+00:00,13.4,36.212814,0.0,10.1,0.238
2023-01-18 13:00:00+00:00,13.15,35.87429,0.0,10.15,0.238
2023-01-18 14:00:00+00:00,11.85,40.52744,0.0,9.6,0.237
2023-01-18 15:00:00+00:00,8.0,51.301662,0.0,8.2,0.237
2023-01-18 16:00:00+00:00,7.7,52.16795,0.0,7.0,0.237
2023-01-18 17:00:00+00:00,6.5,57.682747,0.0,6.05,0.237
2023-01-18 18:00:00+00:00,4.3,66.70718,0.0,5.1,0.237
2023-01-18 19:00:00+00:00,3.25,72.612656,0.0,4.2,0.237
2023-01-18 20:00:00+00:00,2.5,79.71478,0.0,3.45,0.237
2023-01-18 21:00:00+00:00,2.75,83.000404,0.0,2.95,0.237
2023-01-18 22:00:00+00:00,2.7,86.36063,0.0,2.7,0.237
2023-01-18 23:00:00+00:00,2.4,87.27043,0.0,2.45,0.237
2023-01-19 00:00:00+00:00,2.1,86.61162,0.0,3.05,0.229
2023-01-19 01:00:00+00:00,2.05,85.669334,0.0,2.6,0.229
2023-01-19 02:00:00+00:00,1.85,85.33677,0.0,2.2,0.229
2023-01-19 03:00:00+00:00,1.7,84.70082,0.0,1.85,0.229
2023-01-19 04:00:00+00:00,1.55,83.761086,0.0,1.6,0.229
2023-01-19 05:00:00+00:00,1.05,83.08789,0.0,1.25,0.229
2023-01-19 06:00:00+00:00,2.95,77.775696,0.0,1.35,0.229
2023-01-19 07:00:00+00:00,5.7,68.73403,0.0,2.45,0.229
2023-01-19 08:00:00+00:00,8.15,59.378647,0.0,4.15,0.229
2023-01-19 09:00:00+00:00,10.2,50.067974,0.0,5.95,0.229
2023-01-19 10:00:00+00:00,11.6,45.29257,0.0,7.6,0.228
2023-01-19 11:00:00+00:00,12.7,41.97881,0.0,9.05,0.228
2023-01-19 12:00:00+00:00,13.45,36.493896,0.0,10.8,0.223
2023-01-19 13:00:00+00:00,13.65,34.852562,0.0,10.95,0.223
2023-01-19 14:00:00+00:00,12.05,41.033535,0.0,10.35,0.223
2023-01-19 15:00:00+00:00,8.35,50.09727,0.0,8.6,0.223
2023-01-19 16:00:00+00:00,6.6,58.988453,0.0,7.05,0.223
2023-01-19 17:00:00+00:00,5.5,65.52609,0.0,6.05,0.223
2023-01-19 18:00:00+00:00,4.3,68.4389,0.0,5.15,0.223
2023-01-19 19:00:00+00:00,2.7,72.50763,0.0,4.25,0.222
2023-01-19 20:00:00+00:00,2.75,69.37921,0.0,3.4,0.222
2023-01-19 21:00:00+00:00,4.2,61.03644,0.0,2.65,0.222
2023-01-19 22:00:00+00:00,2.5,67.29994,0.0,2.05,0.222
2023-01-19 23:00:00+00:00,0.8,74.04987,0.0,1.55,0.222
2023-01-20 00:00:00+00:00,0.3,72.585304,0.0,1.3,0.223
2023-01-20 01:00:00+00:00,-0.25,74.973656,0.0,0.9,0.223
2023-01-20 02:00:00+00:00,-0.8,76.874214,0.0,0.8,0.223
2023-01-20 03:00:00+00:00,-0.55,76.05488,0.0,0.7,0.223
2023-01-20 04:00:00+00:00,-1.0,78.29947,0.0,0.65,0.223
2023-01-20 05:00:00+00:00,-1.85,79.354675,0.0,0.55,0.223
2023-01-20 06:00:00+00:00,1.15,69.30204,0.0,0.55,0.223
2023-01-20 07:00:00+00:00,4.55,60.672558,0.0,0.75,0.222
2023-01-20 08:00:00+00:00,7.45,47.498436,0.0,2.55,0.222
2023-01-20 09:00:00+00:00,9.6,41.065426,0.0,5.05,0.222
2023-01-20 10:00:00+00:00,12.15,34.02635,0.0,7.3,0.221
2023-01-20 11:00:00+00:00,13.9,26.017517,0.0,9.0,0.221
2023-01-20 12:00:00+00:00,14.15,27.918837,0.0,1.65,0.218
2023-01-20 13:00:00+00:00,13.65,30.84717,0.0,4.1,0.218
2023-01-20 14:00:00+00:00,10.4,40.0983,0.0,4.85,0.218
2023-01-20 15:00:00+00:00,7.7,46.52215,0.0,4.45,0.218
2023-01-20 16:00:00+00:00,6.35,48.614998,0.0,3.95,0.217
2023-01-20 17:00:00+00:00,6.0,48.151764,0.0,3.5,0.217
2023-01-20 18:00:00+00:00,5.3,51.115757,0.0,3.25,0.217
2023-01-20 19:00:00+00:00,3.35,60.37297,0.0,2.75,0.217
2023-01-20 20:00:00+00:00,2.0,69.99834,0.0,2.1,0.217
2023-01-20 21:00:00+00:00,0.95,77.16588,0.0,1.5,0.217
2023-01-20 22:00:00+00:00,1.1,78.340645,0.0,1.05,0.217
2023-01-20 23:00:00+00:00,1.05,82.47981,0.0,0.85,0.217
2023-01-21 00:00:00+00:00,0.45,83.6261,0.0,0.65,0.217
2023-01-21 01:00:00+00:00,0.9,82.15731,0.0,0.6,0.217
2023-01-21 02:00:00+00:00,1.1,82.183914,0.0,0.55,0.217
2023-01-21 03:00:00+00:00,-0.15,83.55178,0.0,0.5,0.217
2023-01-21 04:00:00+00:00,0.8,79.167366,0.0,0.45,0.217
2023-01-21 05:00:00+00:00,1.3,76.65492,0.0,0.35,0.217
2023-01-21 06:00:00+00:00,1.6,82.25015,0.0,0.35,0.217
2023-01-21 07:00:00+00:00,5.2,65.69752,0.0,0.5,0.217
2023-01-21 08:00:00+00:00,7.55,58.37534,0.0,1.1,0.217
2023-01-21 09:00:00+00:00,9.55,52.485016,0.0,3.9,0.217
2023-01-21 10:00:00+00:00,11.0,48.33655,0.0,6.3,0.217
2023-01-21 11:00:00+00:00,11.9,45.873184,0.0,8.1,0.216
2023-01-21 12:00:00+00:00,12.25,40.6453,0.0,4.75,0.214
2023-01-21 13:00:00+00:00,12.3,39.92457,0.0,6.25,0.213
2023-01-21 14:00:00+00:00,11.4,42.52045,0.0,6.4,0.213
2023-01-21 15:00:00+00:00,9.8,45.600372,0.0,5.1,0.213
2023-01-21 16:00:00+00:00,4.15,63.793552,0.0,3.85,0.213
2023-01-21 17:00:00+00:00,4.15,64.98004,0.0,3.15,0.213
2023-01-21 18:00:00+00:00,3.35,66.742546,0.0,2.55,0.213
2023-01-21 19:00:00+00:00,2.75,66.60922,0.0,2.1,0.213
2023-01-21 20:00:00+00:00,1.35,71.17942,0.0,1.6,0.213
2023-01-21 21:00:00+00:00,1.1,69.55147,0.0,0.95,0.213
2023-01-21 22:00:00+00:00,0.5,71.54355,0.0,0.75,0.213
2023-01-21 23:00:00+00:00,0.25,72.03294,0.0,0.6,0.213
2023-01-22 00:00:00+00:00,-0.7,74.89278,0.0,0.55,0.203
2023-01-22 01:00:00+00:00,-0.4,74.66557,0.0,0.45,0.203
2023-01-22 02:00:00+00:00,-1.1,78.28353,0.0,0.4,0.203
2023-01-22 03:00:00+00:00,-1.7,82.11448,0.0,0.35,0.203
2023-01-22 04:00:00+00:00,-2.1,83.936386,0.0,0.3,0.203
2023-01-22 05:00:00+00:00,-2.45,82.32372,0.0,0.25,0.203
2023-01-22 06:00:00+00:00,-0.3,80.185776,0.0,0.2,0.203
2023-01-22 07:00:00+00:00,2.85,64.20017,0.0,0.3,0.203
2023-01-22 08:00:00+00:00,4.85,53.73836,0.0,0.55,0.203
2023-01-22 09:00:00+00:00,6.8,47.665356,0.0,1.8,0.203
2023-01-22 10:00:00+00:00,8.35,44.017765,0.0,4.4,0.203
2023-01-22 11:00:00+00:00,9.35,41.60596,0.0,6.4,0.202
2023-01-22 12:00:00+00:00,10.15,39.433556,0.0,0.95,0.199
2023-01-22 13:00:00+00:00,9.85,41.599697,0.0,3.0,0.198
2023-01-22 14:00:00+00:00,7.55,55.881786,0.0,3.65,0.198
2023-01-22 15:00:00+00:00,6.15,56.960453,0.0,2.75,0.198
2023-01-22 16:00:00+00:00,3.85,64.91111,0.0,1.7,0.198
2023-01-22 17:00:00+00:00,3.0,65.68342,0.0,0.9,0.198
2023-01-22 18:00:00+00:00,2.5,65.32567,0.0,0.7,0.198
2023-01-22 19:00:00+00:00,2.05,65.958115,0.0,0.6,0.198
2023-01-22 20:00:00+00:00,1.0,69.7915,0.0,0.5,0.198
2023-01-22 21:00:00+00:00,-0.2,76.97481,0.0,0.4,0.198
2023-01-22 22:00:00+00:00,0.0,75.58223,0.0,0.35,0.198
2023-01-22 23:00:00+00:00,2.6,64.14152,0.0,0.3,0.199
2023-01-23 00:00:00+00:00,2.4,64.0945,0.0,-1.1,0.199
2023-01-23 01:00:00+00:00,2.0,66.19376,0.0,-1.1,0.199
2023-01-23 02:00:00+00:00,-0.3,74.40364,0.0,-1.15,0.199
2023-01-23 03:00:00+00:00,0.8,70.80355,0.0,-1.15,0.199
2023-01-23 04:00:00+00:00,-0.85,77.15537,0.0,-1.2,0.199
2023-01-23 05:00:00+00:00,0.15,74.4857,0.0,-1.25,0.199
2023-01-23 06:00:00+00:00,-0.7,79.82784,0.0,-1.25,0.199
2023-01-23 07:00:00+00:00,2.7,63.45063,0.0,-1.15,0.199
2023-01-23 08:00:00+00:00,4.6,55.7153,0.0,-1.0,0.199
2023-01-23 09:00:00+00:00,6.4,49.36118,0.0,-0.85,0.199
2023-01-23 10:00:00+00:00,7.8,44.682716,0.0,-0.65,0.199
2023-01-23 11:00:00+00:00,8.75,41.89455,0.0,-0.4,0.199
2023-01-23 12:00:00+00:00,9.85,39.78636,0.0,0.1,0.199
2023-01-23 13:00:00+00:00,9.3,43.004574,0.0,0.3,0.199
2023-01-23 14:00:00+00:00,5.85,62.573902,0.0,0.45,0.199
2023-01-23 15:00:00+00:00,6.2,55.934517,0.0,0.4,0.199
2023-01-23 16:00:00+00:00,5.25,58.21302,0.0,0.3,0.199
2023-01-23 17:00:00+00:00,5.1,57.10687,0.0,0.2,0.199
2023-01-23 18:00:00+00:00,2.85,62.7795,0.0,0.15,0.199
2023-01-23 19:00:00+00:00,0.75,70.001656,0.0,0.1,0.199
2023-01-23 20:00:00+00:00,2.35,63.36721,0.0,0.05,0.199
2023-01-23 21:00:00+00:00,3.15,60.77571,0.0,-0.05,0.199
2023-01-23 22:00:00+00:00,2.55,62.942276,0.0,-0.1,0.199
2023-01-23 23:00:00+00:00,2.0,64.72412,0.0,-0.15,0.199
2023-01-24 00:00:00+00:00,1.8,62.055904,0.0,-1.05,0.199
2023-01-24 01:00:00+00:00,1.35,63.605896,0.0,-1.1,0.199
2023-01-24 02:00:00+00:00,1.05,64.74616,0.0,-1.15,0.199
2023-01-24 03:00:00+00:00,0.6,66.62712,0.0,-1.2,0.199
2023-01-24 04:00:00+00:00,0.0,69.05887,0.0,-1.2,0.199
2023-01-24 05:00:00+00:00,-0.4,70.55918,0.0,-1.25,0.199
2023-01-24 06:00:00+00:00,-0.35,70.56941,0.0,-1.25,0.199
2023-01-24 07:00:00+00:00,1.95,60.933292,0.0,-1.2,0.199
2023-01-24 08:00:00+00:00,4.0,53.70655,0.0,-1.05,0.199
2023-01-24 09:00:00+00:00,5.5,48.73582,0.0,-0.9,0.199
2023-01-24 10:00:00+00:00,6.9,44.921318,0.0,-0.7,0.199
2023-01-24 11:00:00+00:00,8.0,42.940475,0.0,-0.5,0.199
2023-01-24 12:00:00+00:00,9.1,43.749363,0.0,0.0,0.199
2023-01-24 13:00:00+00:00,8.5,47.976788,0.0,0.2,0.199
2023-01-24 14:00:00+00:00,5.1,67.86408,0.0,0.3,0.199
2023-01-24 15:00:00+00:00,1.05,77.18239,0.0,0.25,0.199
2023-01-24 16:00:00+00:00,-0.5,81.36114,0.0,0.2,0.199
2023-01-24 17:00:00+00:00,-0.6,80.14166,0.0,0.1,0.199
2023-01-24 18:00:00+00:00,-0.6,81.04433,0.0,0.05,0.199
2023-01-24 19:00:00+00:00,-1.2,83.73285,0.0,0.0,0.199
2023-01-24 20:00:00+00:00,-1.4,84.02187,0.0,-0.05,0.199
2023-01-24 21:00:00+00:00,-1.8,84.28878,0.0,-0.1,0.199
2023-01-24 22:00:00+00:00,-1.8,84.605515,0.0,-0.2,0.199
2023-01-24 23:00:00+00:00,-2.0,86.50733,0.0,-0.25,0.199
2023-01-25 00:00:00+00:00,-2.4,88.7676,0.0,0.4,0.199
2023-01-25 01:00:00+00:00,-2.6,89.754616,0.0,0.3,0.199
2023-01-25 02:00:00+00:00,-3.45,90.70674,0.0,0.2,0.199
2023-01-25 03:00:00+00:00,-2.85,89.397705,0.0,0.1,0.199
2023-01-25 04:00:00+00:00,-2.6,89.08371,0.0,0.0,0.199
2023-01-25 05:00:00+00:00,-2.7,89.746506,0.0,-0.05,0.199
2023-01-25 06:00:00+00:00,-1.9,89.81105,0.0,-0.1,0.199
2023-01-25 07:00:00+00:00,0.45,81.19192,0.0,-0.05,0.199
2023-01-25 08:00:00+00:00,1.9,75.35511,0.0,0.1,0.199
2023-01-25 09:00:00+00:00,3.1,68.68809,0.0,0.3,0.199
2023-01-25 10:00:00+00:00,4.15,63.793552,0.0,0.55,0.199
2023-01-25 11:00:00+00:00,4.75,59.831192,0.0,1.4,0.199
2023-01-25 12:00:00+00:00,4.2,62.176895,0.0,4.2,0.199
2023-01-25 13:00:00+00:00,4.2,61.03644,0.0,4.3,0.198
2023-01-25 14:00:00+00:00,3.95,60.974567,0.0,4.1,0.198
2023-01-25 15:00:00+00:00,2.45,69.57379,0.0,3.45,0.198
2023-01-25 16:00:00+00:00,1.0,79.78466,0.0,2.55,0.198
2023-01-25 17:00:00+00:00,0.0,85.76003,0.0,1.6,0.198
2023-01-25 18:00:00+00:00,-1.05,85.645035,0.0,0.8,0.198
2023-01-25 19:00:00+00:00,-1.95,86.51256,0.0,0.6,0.198
2023-01-25 20:00:00+00:00,-2.7,88.40818,0.0,0.45,0.198
2023-01-25 21:00:00+00:00,-3.0,88.71451,0.0,0.35,0.198
2023-01-25 22:00:00+00:00,-3.45,89.68548,0.0,0.25,0.198
2023-01-25 23:00:00+00:00,-3.75,90.00095,0.0,0.15,0.198
2023-01-26 00:00:00+00:00,-3.9,89.309296,0.0,0.25,0.198
2023-01-26 01:00:00+00:00,-3.95,88.62967,0.0,0.15,0.198
2023-01-26 02:00:00+00:00,-4.0,88.96243,0.0,0.05,0.198
2023-01-26 03:00:00+00:00,-4.25,89.279594,0.0,0.0,0.198
2023-01-26 04:00:00+00:00,-3.65,87.3223,0.0,-0.1,0.198
2023-01-26 05:00:00+00:00,-3.75,88.3121,0.0,-0.15,0.198
2023-01-26 06:00:00+00:00,-1.8,83.03236,0.0,-0.2,0.198
2023-01-26 07:00:00+00:00,0.9,70.295494,0.0,-0.1,0.198
2023-01-26 08:00:00+00:00,2.4,63.379143,0.0,0.0,0.198
2023-01-26 09:00:00+00:00,4.25,56.883392,0.0,0.25,0.198
2023-01-26 10:00:00+00:00,5.6,52.55588,0.0,0.55,0.198
2023-01-26 11:00:00+00:00,6.95,48.786926,0.0,1.7,0.198
2023-01-26 12:00:00+00:00,7.45,47.675285,0.0,-0.45,0.198
2023-01-26 13:00:00+00:00,7.4,48.37422,0.0,-0.3,0.198
2023-01-26 14:00:00+00:00,6.3,53.141617,0.0,-0.2,0.198
2023-01-26 15:00:00+00:00,5.3,57.159237,0.0,-0.2,0.198
2023-01-26 16:00:00+00:00,-0.05,77.287994,0.0,-0.25,0.198
2023-01-26 17:00:00+00:00,0.15,80.55011,0.0,-0.25,0.198
2023-01-26 18:00:00+00:00,-0.05,82.64078,0.0,-0.25,0.198
2023-01-26 19:00:00+00:00,-0.8,84.408134,0.0,-0.3,0.198
2023-01-26 20:00:00+00:00,0.7,77.69907,0.0,-0.3,0.198
2023-01-26 21:00:00+00:00,-0.1,82.634254,0.0,-0.3,0.198
2023-01-26 22:00:00+00:00,1.15,75.78289,0.0,-0.3,0.198
2023-01-26 23:00:00+00:00,1.6,73.105095,0.0,-0.3,0.198
2023-01-27 00:00:00+00:00,1.6,74.47162,0.0,1.35,0.203
2023-01-27 01:00:00+00:00,1.1,73.829994,0.0,0.8,0.203
2023-01-27 02:00:00+00:00,1.6,69.396484,0.0,0.65,0.203
2023-01-27 03:00:00+00:00,1.95,65.93545,0.0,0.6,0.203
2023-01-27 04:00:00+00:00,3.6,57.568928,0.0,0.6,0.203
2023-01-27 05:00:00+00:00,4.4,50.861515,0.0,0.6,0.203
2023-01-27 06:00:00+00:00,5.3,45.646793,0.0,0.7,0.203
2023-01-27 07:00:00+00:00,6.5,45.483395,0.3,1.05,0.205
2023-01-27 08:00:00+00:00,6.7,51.12777,0.3,2.0,0.207
2023-01-27 09:00:00+00:00,7.95,46.941643,0.1,3.3,0.208
2023-01-27 10:00:00+00:00,7.85,47.262054,0.4,4.15,0.211
2023-01-27 11:00:00+00:00,9.3,41.12924,0.0,4.95,0.211
2023-01-27 12:00:00+00:00,10.5,34.562332,0.0,6.4,0.206
2023-01-27 13:00:00+00:00,10.25,38.16309,0.0,6.6,0.206
2023-01-27 14:00:00+00:00,9.55,37.24778,0.0,6.45,0.206
2023-01-27 15:00:00+00:00,8.8,38.592064,0.0,6.1,0.206
2023-01-27 16:00:00+00:00,8.85,36.897835,0.0,5.75,0.206
2023-01-27 17:00:00+00:00,8.6,37.38479,0.0,5.6,0.206
2023-01-27 18:00:00+00:00,7.55,44.27661,1.3,5.15,0.218
2023-01-27 19:00:00+00:00,6.75,50.763912,0.6,4.4,0.226
2023-01-27 20:00:00+00:00,5.85,59.886944,0.1,4.05,0.227
2023-01-27 21:00:00+00:00,3.6,82.80905,0.3,3.7,0.23
2023-01-27 22:00:00+00:00,2.8,93.798325,3.0,3.3,0.26
2023-01-27 23:00:00+00:00,2.9,93.80321,0.2,3.05,0.263
2023-01-28 00:00:00+00:00,2.6,87.28985,0.1,3.6,0.238
2023-01-28 01:00:00+00:00,1.85,89.78059,0.0,2.75,0.238
2023-01-28 02:00:00+00:00,1.4,90.726585,0.0,2.1,0.238
2023-01-28 03:00:00+00:00,1.1,90.37578,0.0,1.55,0.238
2023-01-28 04:00:00+00:00,0.65,89.68479,0.0,1.1,0.237
2023-01-28 05:00:00+00:00,0.5,88.36983,0.0,0.85,0.237
2023-01-28 06:00:00+00:00,2.1,83.82798,0.0,0.85,0.237
2023-01-28 07:00:00+00:00,4.45,79.14388,0.0,1.85,0.237
2023-01-28 08:00:00+00:00,6.8,65.58112,0.0,3.55,0.237
2023-01-28 09:00:00+00:00,8.65,54.17313,0.0,5.45,0.236
2023-01-28 10:00:00+00:00,9.7,47.61864,0.0,7.15,0.236
2023-01-28 11:00:00+00:00,9.8,48.52382,0.3,8.15,0.238
2023-01-28 12:00:00+00:00,9.65,47.604355,0.6,9.05,0.239
2023-01-28 13:00:00+00:00,7.65,69.63225,0.7,8.25,0.246
2023-01-28 14:00:00+00:00,4.75,88.11773,2.7,7.4,0.266
2023-01-28 15:00:00+00:00,3.65,93.50756,1.4,6.1,0.283
2023-01-28 16:00:00+00:00,4.1,88.687485,0.3,5.25,0.287
2023-01-28 17:00:00+00:00,3.4,91.84643,0.0,4.55,0.286
2023-01-28 18:00:00+00:00,3.15,91.83051,0.0,3.8,0.286
2023-01-28 19:00:00+00:00,3.1,90.84855,0.0,3.35,0.285
2023-01-28 20:00:00+00:00,2.9,90.50963,0.0,3.15,0.285
2023-01-28 21:00:00+00:00,1.85,92.74449,0.0,2.7,0.284
2023-01-28 22:00:00+00:00,1.7,93.40699,0.0,2.4,0.283
2023-01-28 23:00:00+00:00,1.4,94.06824,0.0,2.2,0.283
2023-01-29 00:00:00+00:00,1.0,91.027885,0.0,3.0,0.263
2023-01-29 01:00:00+00:00,-0.3,92.62002,0.0,2.15,0.263
2023-01-29 02:00:00+00:00,-0.9,94.304535,0.0,1.45,0.262
2023-01-29 03:00:00+00:00,-1.7,96.38222,0.0,0.9,0.262
2023-01-29 04:00:00+00:00,-2.05,97.447845,0.0,0.7,0.262
2023-01-29 05:00:00+00:00,-1.55,97.458275,0.0,0.6,0.261
2023-01-29 06:00:00+00:00,0.8,96.80422,0.0,0.65,0.261
2023-01-29 07:00:00+00:00,2.0,90.7699,0.0,0.95,0.261
2023-01-29 08:00:00+00:00,3.05,83.94257,0.0,2.65,0.261
2023-01-29 09:00:00+00:00,4.25,70.71393,0.1,4.3,0.261
2023-01-29 10:00:00+00:00,5.1,62.62356,0.1,5.6,0.261
2023-01-29 11:00:00+00:00,5.8,57.501347,0.1,6.65,0.261
2023-01-29 12:00:00+00:00,5.4,56.974228,0.1,7.35,0.262
2023-01-29 13:00:00+00:00,5.9,50.335926,0.0,7.35,0.262
2023-01-29 14:00:00+00:00,5.15,52.23514,0.0,6.85,0.261
2023-01-29 15:00:00+00:00,3.05,66.9233,0.0,5.8,0.261
2023-01-29 16:00:00+00:00,1.4,76.95541,0.0,4.65,0.261
2023-01-29 17:00:00+00:00,0.35,77.06647,0.0,3.65,0.26
2023-01-29 18:00:00+00:00,-0.25,80.79251,0.0,2.85,0.26
2023-01-29 19:00:00+00:00,-1.1,84.68766,0.0,2.15,0.26
2023-01-29 20:00:00+00:00,-0.85,81.00894,0.0,1.85,0.26
2023-01-29 21:00:00+00:00,-0.85,79.80542,0.0,1.65,0.259
2023-01-29 22:00:00+00:00,-1.2,81.56844,0.0,1.5,0.259
2023-01-29 23:00:00+00:00,-1.65,83.67712,0.0,1.25,0.259
2023-01-30 00:00:00+00:00,-1.5,80.612816,0.0,3.2,0.26
2023-01-30 01:00:00+00:00,-1.55,80.001045,0.0,2.45,0.259
2023-01-30 02:00:00+00:00,-1.65,79.98617,0.0,1.95,0.259
2023-01-30 03:00:00+00:00,-2.0,81.15064,0.0,1.55,0.259
2023-01-30 04:00:00+00:00,-2.1,81.136505,0.0,1.25,0.259
2023-01-30 05:00:00+00:00,-2.4,83.583595,0.0,0.95,0.258
2023-01-30 06:00:00+00:00,-2.05,82.06721,0.0,0.85,0.258
2023-01-30 07:00:00+00:00,-0.2,70.86719,0.0,1.3,0.258
2023-01-30 08:00:00+00:00,1.25,61.453224,0.0,2.6,0.257
2023-01-30 09:00:00+00:00,2.6,52.112774,0.0,4.2,0.257
2023-01-30 10:00:00+00:00,3.35,49.042404,0.0,5.6,0.256
2023-01-30 11:00:00+00:00,3.75,47.497784,0.0,6.4,0.255
2023-01-30 12:00:00+00:00,3.5,47.97265,0.0,6.45,0.259
2023-01-30 13:00:00+00:00,3.4,47.57734,0.0,6.25,0.259
2023-01-30 14:00:00+00:00,3.05,48.395447,0.0,5.75,0.258
2023-01-30 15:00:00+00:00,2.25,52.014053,0.0,5.0,0.258
2023-01-30 16:00:00+00:00,1.35,58.516193,0.0,4.15,0.258
2023-01-30 17:00:00+00:00,0.8,62.75613,0.0,3.45,0.257
2023-01-30 18:00:00+00:00,0.55,65.615845,0.0,3.0,0.257
2023-01-30 19:00:00+00:00,0.6,68.40936,0.1,2.7,0.257
2023-01-30 20:00:00+00:00,0.35,72.32329,0.1,2.5,0.257
2023-01-30 21:00:00+00:00,0.15,75.608536,0.3,2.35,0.256
2023-01-30 22:00:00+00:00,-0.3,80.185776,0.7,2.2,0.256
2023-01-30 23:00:00+00:00,-0.65,83.8006,0.6,2.05,0.256
2023-01-31 00:00:00+00:00,-0.5,84.13083,0.5,2.7,0.252
2023-01-31 01:00:00+00:00,-0.55,84.1248,0.4,2.4,0.251
2023-01-31 02:00:00+00:00,-0.5,82.27523,0.3,2.15,0.251
2023-01-31 03:00:00+00:00,-0.8,82.85095,0.0,1.95,0.251
2023-01-31 04:00:00+00:00,-0.8,81.928925,0.1,1.8,0.251
2023-01-31 05:00:00+00:00,-0.9,83.76985,0.7,1.7,0.251
2023-01-31 06:00:00+00:00,-0.9,86.62154,0.5,1.65,0.25
2023-01-31 07:00:00+00:00,-0.4,82.28854,0.2,1.75,0.25
2023-01-31 08:00:00+00:00,0.6,72.64309,0.1,2.2,0.25
2023-01-31 09:00:00+00:00,2.05,61.188496,0.0,3.05,0.25
2023-01-31 10:00:00+00:00,3.0,54.66021,0.0,3.95,0.249
2023-01-31 11:00:00+00:00,3.4,50.77014,0.0,4.6,0.249
2023-01-31 12:00:00+00:00,2.9,52.197197,0.0,4.25,0.246
2023-01-31 13:00:00+00:00,2.95,53.012077,0.0,4.3,0.246
2023-01-31 14:00:00+00:00,2.0,60.259598,0.1,4.1,0.246
2023-01-31 15:00:00+00:00,0.9,69.7707,0.0,3.7,0.245
2023-01-31 16:00:00+00:00,0.0,72.25516,0.0,3.25,0.245
2023-01-31 17:00:00+00:00,-1.45,76.18617,0.0,2.7,0.245
2023-01-31 18:00:00+00:00,-1.7,77.01326,0.0,2.25,0.245
2023-01-31 19:00:00+00:00,-1.8,77.28873,0.0,1.95,0.245
2023-01-31 20:00:00+00:00,-1.95,77.55728,0.0,1.65,0.245
2023-01-31 21:00:00+00:00,-2.15,78.11509,0.0,1.45,0.245
2023-01-31 22:00:00+00:00,-2.55,79.54877,0.0,1.2,0.244
2023-01-31 23:00:00+00:00,-2.55,79.54877,0.0,1.05,0.244
2023-02-01 00:00:00+00:00,-3.3,82.20942,0.0,1.7,0.244
2023-02-01 01:00:00+00:00,-2.45,78.36409,0.1,1.35,0.244
2023-02-01 02:00:00+00:00,-2.75,80.73689,0.1,1.05,0.244
2023-02-01 03:00:00+00:00,-2.8,81.6548,0.0,0.9,0.244
2023-02-01 04:00:00+00:00,-3.05,84.13771,0.0,0.8,0.244
2023-02-01 05:00:00+00:00,-3.6,88.997284,0.0,0.75,0.244
2023-02-01 06:00:00+00:00,-2.45,82.948425,0.1,0.7,0.244
2023-02-01 07:00:00+00:00,-1.8,80.26605,0.1,0.75,0.244
2023-02-01 08:00:00+00:00,-0.5,71.88535,0.1,0.9,0.243
2023-02-01 09:00:00+00:00,0.9,61.834404,0.0,1.65,0.243
2023-02-01 10:00:00+00:00,1.5,57.014454,0.1,2.45,0.243
2023-02-01 11:00:00+00:00,1.9,53.12437,0.0,3.0,0.243
2023-02-01 12:00:00+00:00,2.25,52.614952,0.1,4.1,0.254
2023-02-01 13:00:00+00:00,2.25,51.81512,0.1,4.15,0.254
2023-02-01 14:00:00+00:00,2.0,49.21726,0.0,3.95,0.253
2023-02-01 15:00:00+00:00,0.45,55.01056,0.0,3.4,0.253
2023-02-01 16:00:00+00:00,-0.6,60.755703,0.0,2.7,0.253
2023-02-01 17:00:00+00:00,-1.7,67.3887,0.0,2.05,0.253
2023-02-01 18:00:00+00:00,-2.6,72.57327,0.0,1.5,0.253
2023-02-01 19:00:00+00:00,-3.35,76.439705,0.0,1.0,0.253
2023-02-01 20:00:00+00:00,-4.05,79.31842,0.0,0.8,0.252
2023-02-01 21:00:00+00:00,-4.7,82.33547,0.0,0.65,0.252
2023-02-01 22:00:00+00:00,-5.1,86.84289,0.0,0.55,0.252
2023-02-01 23:00:00+00:00,-5.45,91.25402,0.0,0.45,0.252
2023-02-02 00:00:00+00:00,-7.3,91.477585,0.0,1.25,0.241
2023-02-02 01:00:00+00:00,-5.5,90.206154,0.0,0.7,0.241
2023-02-02 02:00:00+00:00,-5.65,89.503296,0.0,0.55,0.241
2023-02-02 03:00:00+00:00,-5.8,89.4907,0.0,0.45,0.241
2023-02-02 04:00:00+00:00,-6.2,89.80339,0.0,0.35,0.241
2023-02-02 05:00:00+00:00,-6.15,91.556725,0.0,0.25,0.241
2023-02-02 06:00:00+00:00,-4.85,83.59402,0.0,0.2,0.24
2023-02-02 07:00:00+00:00,-2.8,71.425964,0.0,0.25,0.24
2023-02-02 08:00:00+00:00,-0.9,61.623524,0.0,0.35,0.24
2023-02-02 09:00:00+00:00,0.7,55.07915,0.0,0.5,0.24
2023-02-02 10:00:00+00:00,1.9,51.12258,0.0,0.8,0.239
2023-02-02 11:00:00+00:00,3.25,44.69199,0.0,2.1,0.239
2023-02-02 12:00:00+00:00,2.1,48.49136,0.0,0.05,0.239
2023-02-02 13:00:00+00:00,2.5,45.69291,0.0,0.15,0.239
2023-02-02 14:00:00+00:00,2.35,47.635742,0.0,0.2,0.239
2023-02-02 15:00:00+00:00,0.75,54.45941,0.0,0.25,0.239
2023-02-02 16:00:00+00:00,-0.85,57.937943,0.0,0.2,0.239
2023-02-02 17:00:00+00:00,-0.4,56.06829,0.0,0.2,0.239
2023-02-02 18:00:00+00:00,-0.35,63.439674,0.0,0.15,0.239
2023-02-02 19:00:00+00:00,-1.6,77.90869,1.0,0.15,0.238
2023-02-02 20:00:00+00:00,-2.5,84.84208,0.4,0.15,0.238
2023-02-02 21:00:00+00:00,-2.55,84.19839,0.0,0.1,0.238
2023-02-02 22:00:00+00:00,-2.8,74.7966,0.0,0.05,0.238
2023-02-02 23:00:00+00:00,-3.5,67.24599,0.0,0.0,0.238
2023-02-03 00:00:00+00:00,-5.1,76.43214,0.0,0.85,0.238
2023-02-03 01:00:00+00:00,-4.1,71.99762,0.0,0.65,0.238
2023-02-03 02:00:00+00:00,-3.9,70.65076,0.0,0.55,0.238
2023-02-03 03:00:00+00:00,-3.75,68.24738,0.0,0.45,0.238
2023-02-03 04:00:00+00:00,-3.9,67.418976,0.0,0.4,0.238
2023-02-03 05:00:00+00:00,-3.65,66.68904,0.0,0.35,0.238
2023-02-03 06:00:00+00:00,-2.35,62.70889,0.0,0.3,0.237
2023-02-03 07:00:00+00:00,-0.8,58.402298,0.0,0.35,0.237
2023-02-03 08:00:00+00:00,-0.1,58.360752,0.0,0.35,0.237
2023-02-03 09:00:00+00:00,2.9,49.858555,0.0,0.5,0.237
2023-02-03 10:00:00+00:00,4.25,46.922977,0.0,0.75,0.237
2023-02-03 11:00:00+00:00,4.7,45.12381,0.0,1.65,0.238
2023-02-03 12:00:00+00:00,3.4,63.14591,0.0,0.1,0.24
2023-02-03 13:00:00+00:00,2.05,72.91998,0.1,0.15,0.242
2023-02-03 14:00:00+00:00,0.5,84.250626,1.8,0.2,0.242
2023-02-03 15:00:00+00:00,-0.45,92.27179,0.2,0.2,0.241
2023-02-03 16:00:00+00:00,-0.5,92.608284,0.3,0.25,0.241
2023-02-03 17:00:00+00:00,-0.55,95.36308,0.3,0.25,0.241
2023-02-03 18:00:00+00:00,-1.1,96.04622,0.2,0.25,0.241
2023-02-03 19:00:00+00:00,-1.55,92.88962,0.4,0.25,0.241
2023-02-03 20:00:00+00:00,-1.85,93.91203,0.4,0.25,0.241
2023-02-03 21:00:00+00:00,-2.0,95.66221,0.4,0.25,0.241
2023-02-03 22:00:00+00:00,-2.15,95.65692,0.5,0.25,0.241
2023-02-03 23:00:00+00:00,-2.6,96.35556,0.1,0.25,0.241
2023-02-04 00:00:00+00:00,-3.9,95.23525,0.0,1.6,0.241
2023-02-04 01:00:00+00:00,-3.75,93.11337,0.0,1.4,0.241
2023-02-04 02:00:00+00:00,-4.9,91.99159,0.0,1.25,0.241
2023-02-04 03:00:00+00:00,-7.7,92.52677,0.0,1.0,0.24
2023-02-04 04:00:00+00:00,-6.4,95.502914,0.0,0.85,0.24
2023-02-04 05:00:00+00:00,-6.85,96.970184,0.0,0.75,0.24
2023-02-04 06:00:00+00:00,-6.7,95.124344,0.0,0.7,0.24
2023-02-04 07:00:00+00:00,-5.85,90.52648,0.0,0.65,0.24
2023-02-04 08:00:00+00:00,-4.65,85.24032,0.0,0.65,0.24
2023-02-04 09:00:00+00:00,-3.6,80.61337,0.0,0.7,0.24
2023-02-04 10:00:00+00:00,-2.7,78.02612,0.0,0.75,0.24
2023-02-04 11:00:00+00:00,-2.2,76.92909,0.0,0.8,0.24
2023-02-04 12:00:00+00:00,-3.8,89.99698,0.0,0.0,0.24
2023-02-04 13:00:00+00:00,-3.25,85.72395,0.0,0.0,0.239
2023-02-04 14:00:00+00:00,-3.55,88.6655,0.0,0.0,0.239
2023-02-04 15:00:00+00:00,-4.65,84.264366,0.0,0.05,0.239
2023-02-04 16:00:00+00:00,-4.9,79.18626,0.0,0.05,0.239
2023-02-04 17:00:00+00:00,-3.4,75.264305,0.0,0.05,0.239
2023-02-04 18:00:00+00:00,-4.0,74.00098,0.0,0.05,0.239
2023-02-04 19:00:00+00:00,-4.2,72.822754,0.0,0.05,0.239
2023-02-04 20:00:00+00:00,-6.45,74.7069,0.0,0.05,0.239
2023-02-04 21:00:00+00:00,-7.75,74.76196,0.0,0.05,0.239
2023-02-04 22:00:00+00:00,-5.45,74.30694,0.0,0.05,0.239
2023-02-04 23:00:00+00:00,-3.8,77.54764,0.0,0.05,0.239
2023-02-05 00:00:00+00:00,-8.5,80.51839,0.0,0.15,0.239
2023-02-05 01:00:00+00:00,-7.85,80.296326,0.0,0.15,0.238
2023-02-05 02:00:00+00:00,-5.9,76.2924,0.0,0.1,0.238
2023-02-05 03:00:00+00:00,-4.2,73.39107,0.0,0.05,0.238
2023-02-05 04:00:00+00:00,-4.95,76.756294,0.0,0.0,0.238
2023-02-05 05:00:00+00:00,-8.15,84.83076,0.0,-0.1,0.238
2023-02-05 06:00:00+00:00,-5.45,74.89159,0.0,-0.1,0.238
2023-02-05 07:00:00+00:00,-4.45,71.36821,0.0,-0.1,0.238
2023-02-05 08:00:00+00:00,-1.7,68.69455,0.0,-0.05,0.238
2023-02-05 09:00:00+00:00,-0.1,63.257805,0.0,0.05,0.238
2023-02-05 10:00:00+00:00,0.7,65.40254,0.0,0.15,0.237
2023-02-05 11:00:00+00:00,1.4,67.05723,0.0,0.3,0.239
2023-02-05 12:00:00+00:00,1.05,66.979485,0.0,0.2,0.238
2023-02-05 13:00:00+00:00,0.75,68.44167,0.0,0.25,0.238
2023-02-05 14:00:00+00:00,0.05,73.91133,0.0,0.25,0.238
2023-02-05 15:00:00+00:00,-1.4,80.32481,0.0,0.25,0.237
2023-02-05 16:00:00+00:00,-2.3,80.80183,0.0,0.25,0.237
2023-02-05 17:00:00+00:00,-2.35,79.881516,0.0,0.25,0.237
2023-02-05 18:00:00+00:00,-2.65,81.05838,0.0,0.25,0.237
2023-02-05 19:00:00+00:00,-2.95,80.40131,0.0,0.25,0.237
2023-02-05 20:00:00+00:00,-3.45,78.50371,0.0,0.25,0.237
2023-02-05 21:00:00+00:00,-3.6,77.58081,0.0,0.2,0.237
2023-02-05 22:00:00+00:00,-3.5,76.120415,0.0,0.2,0.237
2023-02-05 23:00:00+00:00,-3.4,74.975105,0.1,0.2,0.237
2023-02-06 00:00:00+00:00,-3.15,69.71791,0.1,1.75,0.237
2023-02-06 01:00:00+00:00,-2.2,66.24565,0.0,1.2,0.237
2023-02-06 02:00:00+00:00,-1.9,69.18048,0.0,0.9,0.237
2023-02-06 03:00:00+00:00,-1.8,71.90105,0.1,0.8,0.237
2023-02-06 04:00:00+00:00,-1.65,71.65695,0.1,0.75,0.236
2023-02-06 05:00:00+00:00,-1.55,71.95059,0.2,0.7,0.236
2023-02-06 06:00:00+00:00,-1.3,73.380455,0.3,0.65,0.236
2023-02-06 07:00:00+00:00,-0.6,72.410934,0.4,0.7,0.236
2023-02-06 08:00:00+00:00,-0.6,77.19694,0.3,0.75,0.236
2023-02-06 09:00:00+00:00,-0.3,78.11818,0.4,0.8,0.236
2023-02-06 10:00:00+00:00,0.35,76.78,0.3,0.95,0.236
2023-02-06 11:00:00+00:00,0.7,75.70464,0.3,1.25,0.236
2023-02-06 12:00:00+00:00,0.7,83.34967,0.3,1.35,0.236
2023-02-06 13:00:00+00:00,0.85,81.54771,0.3,1.35,0.236
2023-02-06 14:00:00+00:00,0.4,81.18493,0.3,1.35,0.236
2023-02-06 15:00:00+00:00,0.0,80.229744,0.2,1.3,0.236
2023-02-06 16:00:00+00:00,-0.45,79.865135,0.2,1.3,0.236
2023-02-06 17:00:00+00:00,-0.95,81.60295,0.1,1.3,0.236
2023-02-06 18:00:00+00:00,-1.4,83.39539,0.1,1.3,0.236
2023-02-06 19:00:00+00:00,-1.85,84.28277,0.1,1.3,0.236
2023-02-06 20:00:00+00:00,-1.85,82.714325,0.1,1.3,0.236
2023-02-06 21:00:00+00:00,-2.25,81.11524,0.0,1.3,0.236
2023-02-06 22:00:00+00:00,-2.7,79.82892,0.0,1.25,0.236
2023-02-06 23:00:00+00:00,-3.5,80.93674,0.0,1.2,0.236
2023-02-07 00:00:00+00:00,-3.15,77.35843,0.0,1.25,0.236
2023-02-07 01:00:00+00:00,-3.25,78.53561,0.1,1.15,0.235
2023-02-07 02:00:00+00:00,-3.65,80.298035,0.0,1.0,0.235
2023-02-07 03:00:00+00:00,-4.35,82.382645,0.0,0.9,0.235
2023-02-07 04:00:00+00:00,-5.55,84.808044,0.0,0.85,0.235
2023-02-07 05:00:00+00:00,-6.45,85.36352,0.0,0.8,0.235
2023-02-07 06:00:00+00:00,-4.9,83.26623,0.0,0.75,0.235
2023-02-07 07:00:00+00:00,-2.75,77.72099,0.0,0.75,0.235
2023-02-07 08:00:00+00:00,-1.9,71.333664,0.0,0.8,0.235
2023-02-07 09:00:00+00:00,-1.75,67.89735,0.1,0.85,0.235
2023-02-07 10:00:00+00:00,-1.6,64.61695,0.0,0.9,0.235
2023-02-07 11:00:00+00:00,-1.45,61.724396,0.0,1.05,0.235
2023-02-07 12:00:00+00:00,-1.8,71.08161,0.0,0.95,0.241
2023-02-07 13:00:00+00:00,-1.95,71.051125,0.1,1.0,0.241
2023-02-07 14:00:00+00:00,-2.55,72.86205,0.1,1.05,0.241
2023-02-07 15:00:00+00:00,-3.4,76.13788,0.1,1.05,0.241
2023-02-07 16:00:00+00:00,-4.35,76.562096,0.0,1.05,0.241
2023-02-07 17:00:00+00:00,-5.55,74.580185,0.0,1.0,0.241
2023-02-07 18:00:00+00:00,-6.45,72.95467,0.0,0.95,0.241
2023-02-07 19:00:00+00:00,-7.0,73.428345,0.0,0.9,0.24
2023-02-07 20:00:00+00:00,-7.6,75.0887,0.0,0.85,0.24
2023-02-07 21:00:00+00:00,-8.35,76.77389,0.0,0.85,0.24
2023-02-07 22:00:00+00:00,-8.7,79.21188,0.0,0.8,0.24
2023-02-07 23:00:00+00:00,-9.4,81.35709,0.0,0.75,0.24
2023-02-08 00:00:00+00:00,-11.35,82.07025,0.0,0.7,0.239
2023-02-08 01:00:00+00:00,-11.95,84.36715,0.0,0.7,0.239
2023-02-08 02:00:00+00:00,-12.05,88.22512,0.0,0.65,0.239
2023-02-08 03:00:00+00:00,-11.3,90.461555,0.0,0.6,0.239
2023-02-08 04:00:00+00:00,-11.25,91.934235,0.0,0.55,0.239
2023-02-08 05:00:00+00:00,-12.55,93.732086,0.0,0.5,0.239
2023-02-08 06:00:00+00:00,-11.65,87.90622,0.0,0.5,0.239
2023-02-08 07:00:00+00:00,-7.2,82.31648,0.0,0.45,0.239
2023-02-08 08:00:00+00:00,-5.05,80.712006,0.0,0.45,0.239
2023-02-08 09:00:00+00:00,-3.65,70.97757,0.0,0.45,0.239
2023-02-08 10:00:00+00:00,-3.25,72.16674,0.0,0.45,0.239
2023-02-08 11:00:00+00:00,-3.05,71.100334,0.0,0.45,0.239
2023-02-08 12:00:00+00:00,-1.75,66.348564,0.0,0.5,0.239
2023-02-08 13:00:00+00:00,-1.95,72.69978,0.0,0.5,0.238
2023-02-08 14:00:00+00:00,-2.2,75.76696,0.0,0.5,0.238
2023-02-08 15:00:00+00:00,-2.55,78.05043,0.1,0.5,0.238
2023-02-08 16:00:00+00:00,-3.2,76.759415,0.0,0.5,0.238
2023-02-08 17:00:00+00:00,-4.15,76.301025,0.0,0.5,0.238
2023-02-08 18:00:00+00:00,-5.2,78.832375,0.0,0.5,0.238
2023-02-08 19:00:00+00:00,-6.75,81.095566,0.0,0.5,0.238
2023-02-08 20:00:00+00:00,-7.85,82.880226,0.0,0.5,0.238
2023-02-08 21:00:00+00:00,-8.65,85.78572,0.0,0.5,0.238
2023-02-08 22:00:00+00:00,-10.1,89.83501,0.0,0.45,0.238
2023-02-08 23:00:00+00:00,-6.85,90.09934,0.0,0.45,0.238
2023-02-09 00:00:00+00:00,-6.8,88.71385,0.0,0.4,0.238
2023-02-09 01:00:00+00:00,-6.7,89.068184,0.0,0.4,0.238
2023-02-09 02:00:00+00:00,-8.55,91.75045,0.2,0.35,0.238
2023-02-09 03:00:00+00:00,-7.9,91.07878,0.1,0.35,0.237
2023-02-09 04:00:00+00:00,-7.0,87.664696,0.0,0.3,0.237
2023-02-09 05:00:00+00:00,-7.85,89.31636,0.0,0.3,0.237
2023-02-09 06:00:00+00:00,-6.75,88.031075,0.0,0.25,0.237
2023-02-09 07:00:00+00:00,-4.85,83.916466,0.0,0.25,0.237
2023-02-09 08:00:00+00:00,-3.3,82.523056,0.0,0.25,0.237
2023-02-09 09:00:00+00:00,-2.35,80.489235,0.0,0.3,0.237
2023-02-09 10:00:00+00:00,-1.55,76.45775,0.1,0.35,0.237
2023-02-09 11:00:00+00:00,-1.0,70.435936,0.1,0.35,0.237
2023-02-09 12:00:00+00:00,-1.75,79.97126,0.0,0.65,0.238
2023-02-09 13:00:00+00:00,-1.8,78.46767,0.0,0.7,0.238
2023-02-09 14:00:00+00:00,-2.25,80.19967,0.0,0.7,0.237
2023-02-09 15:00:00+00:00,-4.35,83.01767,0.0,0.7,0.237
2023-02-09 16:00:00+00:00,-4.2,84.96642,0.0,0.7,0.237
2023-02-09 17:00:00+00:00,-5.45,86.806625,0.0,0.7,0.237
2023-02-09 18:00:00+00:00,-4.95,84.87872,0.0,0.7,0.237
2023-02-09 19:00:00+00:00,-5.25,85.83029,0.0,0.65,0.237
2023-02-09 20:00:00+00:00,-4.9,84.233925,0.0,0.65,0.237
2023-02-09 21:00:00+00:00,-5.05,85.52282,0.0,0.6,0.237
2023-02-09 22:00:00+00:00,-5.6,88.82139,0.0,0.55,0.237
2023-02-09 23:00:00+00:00,-6.05,91.56357,0.0,0.55,0.237
2023-02-10 00:00:00+00:00,-10.05,87.71036,0.0,0.4,0.237
2023-02-10 01:00:00+00:00,-8.15,83.169075,0.0,0.35,0.237
2023-02-10 02:00:00+00:00,-8.55,85.797005,0.0,0.3,0.237
2023-02-10 03:00:00+00:00,-8.65,85.44626,0.0,0.3,0.237
2023-02-10 04:00:00+00:00,-8.75,85.77446,0.0,0.25,0.237
2023-02-10 05:00:00+00:00,-9.6,87.75483,0.0,0.2,0.236
2023-02-10 06:00:00+00:00,-8.55,82.130714,0.0,0.2,0.236
2023-02-10 07:00:00+00:00,-7.25,85.27135,0.0,0.15,0.236
2023-02-10 08:00:00+00:00,-5.9,82.17239,0.0,0.15,0.236
2023-02-10 09:00:00+00:00,-4.8,81.06104,0.0,0.2,0.236
2023-02-10 10:00:00+00:00,-3.95,80.25353,0.0,0.2,0.236
2023-02-10 11:00:00+00:00,-3.35,80.34239,0.0,0.25,0.236
2023-02-10 12:00:00+00:00,-3.2,78.243675,0.0,0.5,0.236
2023-02-10 13:00:00+00:00,-3.35,77.62217,0.0,0.5,0.236
2023-02-10 14:00:00+00:00,-3.65,79.68511,0.0,0.5,0.236
2023-02-10 15:00:00+00:00,-5.95,84.105125,0.0,0.5,0.236
2023-02-10 16:00:00+00:00,-5.6,84.47461,0.0,0.5,0.236
2023-02-10 17:00:00+00:00,-8.75,90.658615,0.0,0.45,0.236
2023-02-10 18:00:00+00:00,-9.85,93.87213,0.0,0.4,0.235
2023-02-10 19:00:00+00:00,-10.15,94.230644,0.0,0.35,0.235
2023-02-10 20:00:00+00:00,-10.0,93.492386,0.0,0.3,0.235
2023-02-10 21:00:00+00:00,-9.1,90.274055,0.0,0.25,0.235
2023-02-10 22:00:00+00:00,-8.6,88.200645,0.0,0.25,0.235
2023-02-10 23:00:00+00:00,-9.15,88.850586,0.0,0.2,0.235
2023-02-11 00:00:00+00:00,-8.75,83.75408,0.0,3.6,0.235
2023-02-11 01:00:00+00:00,-8.25,80.87677,0.0,2.55,0.235
2023-02-11 02:00:00+00:00,-8.6,81.79742,0.0,1.7,0.235
2023-02-11 03:00:00+00:00,-9.0,82.72625,0.0,1.0,0.235
2023-02-11 04:00:00+00:00,-9.35,82.679,0.0,0.75,0.235
2023-02-11 05:00:00+00:00,-9.55,83.651726,0.0,0.65,0.235
2023-02-11 06:00:00+00:00,-8.9,84.06905,0.0,0.55,0.235
2023-02-11 07:00:00+00:00,-8.25,85.492226,0.0,0.55,0.235
2023-02-11 08:00:00+00:00,-6.2,78.981766,0.0,0.55,0.235
2023-02-11 09:00:00+00:00,-5.05,79.16281,0.0,0.6,0.234
2023-02-11 10:00:00+00:00,-4.1,78.09793,0.0,0.65,0.234
2023-02-11 11:00:00+00:00,-3.4,76.43108,0.0,0.7,0.234
2023-02-11 12:00:00+00:00,-2.7,69.54406,0.0,2.7,0.234
2023-02-11 13:00:00+00:00,-2.5,67.470215,0.0,2.75,0.233
2023-02-11 14:00:00+00:00,-2.35,62.70889,0.0,2.6,0.233
2023-02-11 15:00:00+00:00,-3.25,66.52051,0.0,2.25,0.233
2023-02-11 16:00:00+00:00,-4.05,70.61964,0.0,1.65,0.233
2023-02-11 17:00:00+00:00,-4.45,71.92756,0.0,1.1,0.233
2023-02-11 18:00:00+00:00,-9.9,84.61977,0.0,0.8,0.233
2023-02-11 19:00:00+00:00,-11.45,89.72213,0.0,0.7,0.233
2023-02-11 20:00:00+00:00,-12.4,91.484245,0.0,0.6,0.233
2023-02-11 21:00:00+00:00,-12.35,92.60908,0.0,0.5,0.233
2023-02-11 22:00:00+00:00,-11.5,92.66132,0.0,0.45,0.233
2023-02-11 23:00:00+00:00,-11.8,93.39394,0.0,0.4,0.233
2023-02-12 00:00:00+00:00,-12.2,88.2107,0.0,2.35,0.233
2023-02-12 01:00:00+00:00,-13.7,90.27045,0.0,1.55,0.233
2023-02-12 02:00:00+00:00,-14.25,92.49032,0.0,0.9,0.233
2023-02-12 03:00:00+00:00,-14.2,93.259186,0.0,0.75,0.233
2023-02-12 04:00:00+00:00,-13.05,92.56566,0.0,0.65,0.233
2023-02-12 05:00:00+00:00,-13.15,91.43092,0.0,0.55,0.233
2023-02-12 06:00:00+00:00,-9.45,88.47095,0.0,0.5,0.233
2023-02-12 07:00:00+00:00,-8.1,88.2479,0.0,0.5,0.233
2023-02-12 08:00:00+00:00,-6.9,86.65486,0.0,0.5,0.233
2023-02-12 09:00:00+00:00,-5.5,82.54646,0.0,0.55,0.233
2023-02-12 10:00:00+00:00,-4.5,78.63856,0.0,0.6,0.233
2023-02-12 11:00:00+00:00,-3.7,76.085434,0.0,0.7,0.232
2023-02-12 12:00:00+00:00,-3.2,73.58187,0.0,2.35,0.232
2023-02-12 13:00:00+00:00,-3.2,71.898476,0.0,2.45,0.232
2023-02-12 14:00:00+00:00,-3.75,75.201225,0.0,2.3,0.232
2023-02-12 15:00:00+00:00,-5.45,74.59875,0.0,1.9,0.232
2023-02-12 16:00:00+00:00,-6.2,77.7524,0.0,1.35,0.231
2023-02-12 17:00:00+00:00,-9.2,84.70467,0.0,0.9,0.231
2023-02-12 18:00:00+00:00,-10.1,88.05718,0.0,0.75,0.231
2023-02-12 19:00:00+00:00,-9.6,89.51961,0.0,0.65,0.231
2023-02-12 20:00:00+00:00,-8.4,87.52616,0.0,0.55,0.231
2023-02-12 21:00:00+00:00,-8.5,85.463524,0.0,0.45,0.231
2023-02-12 22:00:00+00:00,-8.6,83.440956,0.0,0.4,0.231
2023-02-12 23:00:00+00:00,-8.7,81.783295,0.0,0.35,0.231
2023-02-13 00:00:00+00:00,-9.25,79.12441,0.0,1.25,0.231
2023-02-13 01:00:00+00:00,-9.15,77.565414,0.0,0.8,0.231
2023-02-13 02:00:00+00:00,-9.25,77.23665,0.0,0.65,0.231
2023-02-13 03:00:00+00:00,-9.25,76.61637,0.0,0.55,0.231
2023-02-13 04:00:00+00:00,-9.35,75.98258,0.0,0.45,0.231
2023-02-13 05:00:00+00:00,-8.6,72.236176,0.0,0.35,0.231
2023-02-13 06:00:00+00:00,-7.2,69.39745,0.0,0.35,0.231
2023-02-13 07:00:00+00:00,-5.95,78.09919,0.0,0.35,0.231
2023-02-13 08:00:00+00:00,-3.2,67.83901,0.0,0.4,0.231
2023-02-13 09:00:00+00:00,-1.35,68.24599,0.0,0.45,0.231
2023-02-13 10:00:00+00:00,-0.05,67.24187,0.0,0.6,0.231
2023-02-13 11:00:00+00:00,1.15,63.318314,0.0,0.75,0.233
2023-02-13 12:00:00+00:00,2.15,50.412697,0.0,3.35,0.238
2023-02-13 13:00:00+00:00,1.9,51.31969,0.0,3.6,0.239
2023-02-13 14:00:00+00:00,1.15,51.702213,0.0,3.5,0.239
2023-02-13 15:00:00+00:00,-2.2,59.644417,0.0,3.05,0.239
2023-02-13 16:00:00+00:00,-4.55,61.670155,0.0,2.3,0.239
2023-02-13 17:00:00+00:00,-6.05,65.34765,0.0,1.65,0.239
2023-02-13 18:00:00+00:00,-6.05,66.39939,0.0,1.1,0.239
2023-02-13 19:00:00+00:00,-7.75,70.40149,0.0,0.85,0.238
2023-02-13 20:00:00+00:00,-9.25,72.69187,0.0,0.7,0.238
2023-02-13 21:00:00+00:00,-7.7,69.28861,0.0,0.6,0.238
2023-02-13 22:00:00+00:00,-6.7,68.67824,0.0,0.5,0.238
2023-02-13 23:00:00+00:00,-7.6,73.01922,0.0,0.45,0.238
2023-02-14 00:00:00+00:00,-6.1,63.530483,0.0,0.65,0.238
2023-02-14 01:00:00+00:00,-6.55,65.754005,0.0,0.55,0.237
2023-02-14 02:00:00+00:00,-7.1,67.76932,0.0,0.45,0.237
2023-02-14 03:00:00+00:00,-7.6,69.58964,0.0,0.35,0.237
2023-02-14 04:00:00+00:00,-7.95,71.50036,0.0,0.3,0.237
2023-02-14 05:00:00+00:00,-8.25,73.18455,0.0,0.2,0.237
2023-02-14 06:00:00+00:00,-6.7,64.93143,0.0,0.2,0.237
2023-02-14 07:00:00+00:00,-5.65,69.4563,0.0,0.2,0.237
2023-02-14 08:00:00+00:00,-3.85,66.64335,0.0,0.25,0.237
2023-02-14 09:00:00+00:00,-2.25,63.964375,0.0,0.35,0.237
2023-02-14 10:00:00+00:00,-0.9,60.21253,0.0,0.45,0.236
2023-02-14 11:00:00+00:00,-0.05,59.051994,0.0,0.65,0.236
2023-02-14 12:00:00+00:00,0.9,52.234367,0.0,-0.25,0.236
2023-02-14 13:00:00+00:00,0.65,56.136154,0.0,-0.15,0.236
2023-02-14 14:00:00+00:00,-0.25,61.07832,0.0,-0.1,0.236
2023-02-14 15:00:00+00:00,-2.75,69.53344,0.0,-0.1,0.236
2023-02-14 16:00:00+00:00,-4.55,76.824875,0.0,-0.15,0.236
2023-02-14 17:00:00+00:00,-5.85,78.42169,0.0,-0.15,0.236
2023-02-14 18:00:00+00:00,-4.0,71.45968,0.0,-0.2,0.236
2023-02-14 19:00:00+00:00,-4.05,70.89531,0.0,-0.2,0.236
2023-02-14 20:00:00+00:00,-3.8,68.23637,0.0,-0.25,0.236
2023-02-14 21:00:00+00:00,-4.95,74.11042,0.0,-0.3,0.236
2023-02-14 22:00:00+00:00,-4.0,76.032814,0.0,-0.35,0.236
2023-02-14 23:00:00+00:00,-4.25,77.47275,0.0,-0.4,0.236
2023-02-15 00:00:00+00:00,-4.4,76.85052,0.0,1.95,0.236
2023-02-15 01:00:00+00:00,-6.5,80.1833,0.0,1.05,0.235
2023-02-15 02:00:00+00:00,-7.05,82.014046,0.0,0.7,0.235
2023-02-15 03:00:00+00:00,-7.05,81.37163,0.0,0.6,0.235
2023-02-15 04:00:00+00:00,-6.2,81.81136,0.0,0.5,0.235
2023-02-15 05:00:00+00:00,-6.1,83.760185,0.0,0.4,0.235
2023-02-15 06:00:00+00:00,-7.25,87.98328,0.0,0.35,0.235
2023-02-15 07:00:00+00:00,-2.1,82.9937,0.0,0.4,0.235
2023-02-15 08:00:00+00:00,0.1,75.31758,0.0,0.5,0.235
2023-02-15 09:00:00+00:00,1.6,65.60927,0.0,0.6,0.235
2023-02-15 10:00:00+00:00,1.95,59.79322,0.0,0.8,0.236
2023-02-15 11:00:00+00:00,1.85,60.67864,0.0,1.15,0.236
2023-02-15 12:00:00+00:00,2.25,50.054916,0.0,2.75,0.236
2023-02-15 13:00:00+00:00,2.3,51.04039,0.0,2.8,0.236
2023-02-15 14:00:00+00:00,2.15,51.193874,0.0,2.7,0.235
2023-02-15 15:00:00+00:00,1.35,56.109856,0.0,2.45,0.235
2023-02-15 16:00:00+00:00,0.15,60.71217,0.0,2.0,0.235
2023-02-15 17:00:00+00:00,-1.35,66.185135,0.0,1.45,0.235
2023-02-15 18:00:00+00:00,-2.2,69.64998,0.0,0.95,0.235
2023-02-15 19:00:00+00:00,-2.8,73.37534,0.0,0.75,0.235
2023-02-15 20:00:00+00:00,-3.35,78.219475,0.0,0.65,0.235
2023-02-15 21:00:00+00:00,-3.85,82.449715,0.0,0.55,0.235
2023-02-15 22:00:00+00:00,-4.2,86.274635,0.0,0.5,0.235
2023-02-15 23:00:00+00:00,-4.55,89.93707,0.0,0.4,0.235
2023-02-16 00:00:00+00:00,-6.25,88.76332,0.0,1.5,0.235
2023-02-16 01:00:00+00:00,-4.95,88.879,0.0,0.8,0.235
2023-02-16 02:00:00+00:00,-4.9,87.8683,0.0,0.65,0.235
2023-02-16 03:00:00+00:00,-5.25,88.852455,0.0,0.5,0.235
2023-02-16 04:00:00+00:00,-5.5,89.17248,0.0,0.4,0.235
2023-02-16 05:00:00+00:00,-5.4,87.14682,0.0,0.35,0.234
2023-02-16 06:00:00+00:00,-3.6,75.81038,0.0,0.3,0.234
2023-02-16 07:00:00+00:00,-1.75,67.89735,0.0,0.35,0.234
2023-02-16 08:00:00+00:00,0.0,61.61122,0.0,0.45,0.234
2023-02-16 09:00:00+00:00,0.5,60.337746,0.0,0.6,0.234
2023-02-16 10:00:00+00:00,1.1,58.228294,0.0,0.75,0.234
2023-02-16 11:00:00+00:00,1.65,54.4981,0.0,1.3,0.235
2023-02-16 12:00:00+00:00,1.85,48.418232,0.0,4.05,0.236
2023-02-16 13:00:00+00:00,2.4,46.919033,0.0,4.2,0.236
2023-02-16 14:00:00+00:00,2.45,46.933815,0.0,4.05,0.236
2023-02-16 15:00:00+00:00,2.15,47.57689,0.0,3.65,0.236
2023-02-16 16:00:00+00:00,-0.2,59.46924,0.0,2.85,0.236
2023-02-16 17:00:00+00:00,0.05,57.72922,0.0,1.9,0.236
2023-02-16 18:00:00+00:00,-0.4,59.87729,0.0,1.0,0.236
2023-02-16 19:00:00+00:00,-1.45,64.40378,0.0,0.7,0.236
2023-02-16 20:00:00+00:00,-4.05,73.99156,0.0,0.6,0.236
2023-02-16 21:00:00+00:00,-4.45,73.91618,0.0,0.5,0.236
2023-02-16 22:00:00+00:00,-4.45,72.77392,0.0,0.4,0.236
2023-02-16 23:00:00+00:00,-4.5,71.07973,0.0,0.3,0.235
2023-02-17 00:00:00+00:00,-6.0,76.27484,0.0,0.4,0.237
2023-02-17 01:00:00+00:00,-5.4,72.01888,0.0,0.35,0.237
2023-02-17 02:00:00+00:00,-5.35,70.90443,0.0,0.25,0.237
2023-02-17 03:00:00+00:00,-5.4,70.06077,0.0,0.2,0.237
2023-02-17 04:00:00+00:00,-5.35,68.97418,0.0,0.15,0.236
2023-02-17 05:00:00+00:00,-5.0,66.905716,0.0,0.05,0.236
2023-02-17 06:00:00+00:00,-3.15,59.396744,0.0,0.05,0.236
2023-02-17 07:00:00+00:00,-1.1,52.89715,0.0,0.1,0.236
2023-02-17 08:00:00+00:00,0.75,47.162907,0.0,0.2,0.236
2023-02-17 09:00:00+00:00,2.35,43.22552,0.0,0.4,0.236
2023-02-17 10:00:00+00:00,3.7,41.0092,0.0,0.65,0.236
2023-02-17 11:00:00+00:00,4.85,38.42847,0.0,1.6,0.238
2023-02-17 12:00:00+00:00,4.4,38.2912,0.0,-0.1,0.24
2023-02-17 13:00:00+00:00,4.6,39.40938,0.0,0.05,0.241
2023-02-17 14:00:00+00:00,3.9,43.023273,0.0,0.15,0.241
2023-02-17 15:00:00+00:00,1.05,56.244144,0.0,0.2,0.241
2023-02-17 16:00:00+00:00,-1.85,70.26012,0.0,0.15,0.241
2023-02-17 17:00:00+00:00,-2.3,70.43666,0.0,0.1,0.24
2023-02-17 18:00:00+00:00,-1.95,65.539566,0.0,0.05,0.24
2023-02-17 19:00:00+00:00,-1.7,62.142044,0.0,0.0,0.24
2023-02-17 20:00:00+00:00,-1.75,60.935093,0.0,-0.05,0.24
2023-02-17 21:00:00+00:00,-1.95,61.121777,0.0,-0.1,0.24
2023-02-17 22:00:00+00:00,-2.55,64.64202,0.0,-0.1,0.24
2023-02-17 23:00:00+00:00,-3.7,71.24339,0.0,-0.15,0.24
2023-02-18 00:00:00+00:00,-4.55,75.34843,0.0,-0.4,0.24
2023-02-18 01:00:00+00:00,-3.5,69.37354,0.0,-0.45,0.24
2023-02-18 02:00:00+00:00,-3.5,68.0369,0.0,-0.45,0.24
2023-02-18 03:00:00+00:00,-3.55,66.19262,0.0,-0.5,0.24
2023-02-18 04:00:00+00:00,-3.9,66.37137,0.0,-0.55,0.24
2023-02-18 05:00:00+00:00,-3.4,62.204117,0.0,-0.6,0.239
2023-02-18 06:00:00+00:00,-0.35,48.33826,0.0,-0.55,0.239
2023-02-18 07:00:00+00:00,2.55,38.782455,0.0,-0.5,0.239
2023-02-18 08:00:00+00:00,4.9,32.61438,0.0,-0.35,0.239
2023-02-18 09:00:00+00:00,7.0,27.876747,0.0,-0.2,0.242
2023-02-18 10:00:00+00:00,8.25,27.159296,0.0,0.05,0.245
2023-02-18 11:00:00+00:00,8.9,28.770836,0.0,0.3,0.248
2023-02-18 12:00:00+00:00,8.7,35.07725,0.0,-0.45,0.248
2023-02-18 13:00:00+00:00,9.9,31.989021,0.0,-0.3,0.25
2023-02-18 14:00:00+00:00,9.4,32.330986,0.0,-0.15,0.251
2023-02-18 15:00:00+00:00,5.55,43.18739,0.0,-0.05,0.25
2023-02-18 16:00:00+00:00,2.75,55.847862,0.0,-0.05,0.25
2023-02-18 17:00:00+00:00,2.1,57.609314,0.0,-0.05,0.25
2023-02-18 18:00:00+00:00,0.95,61.846764,0.0,-0.05,0.25
2023-02-18 19:00:00+00:00,-0.6,69.19326,0.0,-0.1,0.25
2023-02-18 20:00:00+00:00,0.7,63.210064,0.0,-0.1,0.25
2023-02-18 21:00:00+00:00,0.8,63.234158,0.0,-0.1,0.249
2023-02-18 22:00:00+00:00,-0.2,67.97807,0.0,-0.15,0.249
2023-02-18 23:00:00+00:00,-0.55,69.995926,0.0,-0.15,0.249
2023-02-19 00:00:00+00:00,-0.15,67.21964,0.0,2.0,0.249
2023-02-19 01:00:00+00:00,-0.3,66.93136,0.0,1.1,0.249
2023-02-19 02:00:00+00:00,-0.4,66.65476,0.0,0.75,0.249
2023-02-19 03:00:00+00:00,-0.25,65.431404,0.0,0.65,0.248
2023-02-19 04:00:00+00:00,-0.15,63.73076,0.0,0.6,0.248
2023-02-19 05:00:00+00:00,0.05,61.859863,0.0,0.5,0.248
2023-02-19 06:00:00+00:00,2.8,52.368362,0.0,0.55,0.248
2023-02-19 07:00:00+00:00,5.45,46.038605,0.0,0.8,0.248
2023-02-19 08:00:00+00:00,7.9,39.50056,0.0,2.45,0.248
2023-02-19 09:00:00+00:00,9.65,35.765488,0.0,4.65,0.249
2023-02-19 10:00:00+00:00,11.0,35.103863,0.0,6.65,0.25
2023-02-19 11:00:00+00:00,12.55,33.267776,0.0,8.25,0.25
2023-02-19 12:00:00+00:00,14.2,30.437841,0.0,9.9,0.249
2023-02-19 13:00:00+00:00,14.6,30.554398,0.0,10.4,0.249
2023-02-19 14:00:00+00:00,14.15,32.400574,0.0,10.3,0.249
2023-02-19 15:00:00+00:00,11.55,40.29075,0.0,9.45,0.249
2023-02-19 16:00:00+00:00,8.3,48.810757,0.0,7.9,0.248
2023-02-19 17:00:00+00:00,6.15,56.542736,0.0,6.55,0.248
2023-02-19 18:00:00+00:00,4.55,62.03233,0.0,5.35,0.248
2023-02-19 19:00:00+00:00,3.3,66.23985,0.0,4.35,0.248
2023-02-19 20:00:00+00:00,2.35,68.02147,0.0,3.45,0.248
2023-02-19 21:00:00+00:00,1.25,69.84339,0.0,2.75,0.248
2023-02-19 22:00:00+00:00,0.45,71.2657,0.0,2.1,0.247
2023-02-19 23:00:00+00:00,0.15,70.67153,0.0,1.55,0.247
2023-02-20 00:00:00+00:00,1.6,60.38669,0.0,2.05,0.245
2023-02-20 01:00:00+00:00,1.75,54.5256,0.0,1.75,0.245
2023-02-20 02:00:00+00:00,1.3,50.754177,0.0,1.55,0.245
2023-02-20 03:00:00+00:00,1.0,50.471672,0.0,1.35,0.245
2023-02-20 04:00:00+00:00,0.45,53.54111,0.0,1.15,0.245
2023-02-20 05:00:00+00:00,0.85,54.068474,0.0,1.1,0.245
2023-02-20 06:00:00+00:00,2.85,49.274197,0.0,1.65,0.244
2023-02-20 07:00:00+00:00,5.55,43.683777,0.0,3.05,0.244
2023-02-20 08:00:00+00:00,7.5,37.479935,0.0,4.75,0.244
2023-02-20 09:00:00+00:00,9.55,36.415997,0.0,6.55,0.243
2023-02-20 10:00:00+00:00,10.3,39.18593,0.0,7.7,0.242
2023-02-20 11:00:00+00:00,9.4,46.841095,0.0,7.8,0.242
2023-02-20 12:00:00+00:00,6.65,80.88437,0.2,7.0,0.25
2023-02-20 13:00:00+00:00,6.15,84.01232,0.4,6.25,0.255
2023-02-20 14:00:00+00:00,6.1,81.669495,0.1,5.8,0.256
2023-02-20 15:00:00+00:00,5.15,84.49084,0.8,5.45,0.266
2023-02-20 16:00:00+00:00,3.65,92.189285,0.1,4.45,0.266
2023-02-20 17:00:00+00:00,3.35,92.170975,0.0,3.75,0.266
2023-02-20 18:00:00+00:00,2.45,91.78573,0.0,2.95,0.266
2023-02-20 19:00:00+00:00,1.45,93.05722,0.0,2.2,0.266
2023-02-20 20:00:00+00:00,0.5,94.02558,0.0,1.45,0.265
2023-02-20 21:00:00+00:00,-0.4,95.71806,0.0,0.85,0.265
2023-02-20 22:00:00+00:00,-0.1,97.13394,0.0,0.65,0.265
2023-02-20 23:00:00+00:00,-0.4,97.126945,0.0,0.55,0.265
2023-02-21 00:00:00+00:00,-1.25,95.33679,0.0,0.9,0.253
2023-02-21 01:00:00+00:00,-1.35,95.685036,0.0,0.65,0.253
2023-02-21 02:00:00+00:00,-1.95,97.0904,0.0,0.5,0.253
2023-02-21 03:00:00+00:00,-2.1,97.44681,0.0,0.4,0.253
2023-02-21 04:00:00+00:00,-1.85,96.37781,0.0,0.35,0.253
2023-02-21 05:00:00+00:00,-1.4,96.39104,0.0,0.25,0.252
2023-02-21 06:00:00+00:00,0.1,93.66406,0.0,0.3,0.252
2023-02-21 07:00:00+00:00,2.05,85.669334,0.0,0.45,0.252
2023-02-21 08:00:00+00:00,4.3,69.19319,0.0,0.9,0.252
2023-02-21 09:00:00+00:00,6.6,54.81753,0.0,3.5,0.251
2023-02-21 10:00:00+00:00,8.45,48.49529,0.0,5.85,0.25
2023-02-21 11:00:00+00:00,9.75,45.08648,0.0,7.7,0.249
2023-02-21 12:00:00+00:00,9.4,49.122543,0.0,3.1,0.251
2023-02-21 13:00:00+00:00,10.25,42.966614,0.0,5.15,0.251
2023-02-21 14:00:00+00:00,10.2,42.636677,0.0,6.05,0.25
2023-02-21 15:00:00+00:00,8.3,48.45251,0.0,5.85,0.25
2023-02-21 16:00:00+00:00,5.5,57.211525,0.0,4.9,0.25
2023-02-21 17:00:00+00:00,4.3,62.201115,0.0,3.95,0.249
2023-02-21 18:00:00+00:00,3.25,67.71356,0.0,3.15,0.249
2023-02-21 19:00:00+00:00,1.8,73.14284,0.0,2.5,0.249
2023-02-21 20:00:00+00:00,0.05,80.53568,0.0,1.7,0.249
2023-02-21 21:00:00+00:00,0.25,78.20596,0.0,1.0,0.249
2023-02-21 22:00:00+00:00,-0.1,80.51402,0.0,0.75,0.249
2023-02-21 23:00:00+00:00,1.6,76.14135,0.0,0.65,0.248
2023-02-22 00:00:00+00:00,-1.35,85.93189,0.0,0.4,0.248
2023-02-22 01:00:00+00:00,-1.15,84.99817,0.0,0.35,0.248
2023-02-22 02:00:00+00:00,-0.85,84.40219,0.0,0.3,0.248
2023-02-22 03:00:00+00:00,-0.85,84.08859,0.0,0.25,0.248
2023-02-22 04:00:00+00:00,-1.1,83.7452,0.0,0.2,0.247
2023-02-22 05:00:00+00:00,-0.75,81.63049,0.0,0.2,0.247
2023-02-22 06:00:00+00:00,2.45,66.04862,0.0,0.25,0.247
2023-02-22 07:00:00+00:00,5.35,55.09125,0.0,0.45,0.247
2023-02-22 08:00:00+00:00,7.65,48.986675,0.0,0.95,0.246
2023-02-22 09:00:00+00:00,9.65,44.398956,0.0,3.9,0.246
2023-02-22 10:00:00+00:00,11.1,40.603733,0.0,6.6,0.245
2023-02-22 11:00:00+00:00,12.15,38.022854,0.0,8.6,0.244
2023-02-22 12:00:00+00:00,12.8,34.345978,0.0,1.85,0.248
2023-02-22 13:00:00+00:00,12.95,33.510162,0.0,4.6,0.247
2023-02-22 14:00:00+00:00,12.4,35.520393,0.0,5.9,0.246
2023-02-22 15:00:00+00:00,9.55,46.371452,0.0,5.6,0.246
2023-02-22 16:00:00+00:00,10.4,37.78301,0.0,4.2,0.246
2023-02-22 17:00:00+00:00,10.25,36.488667,0.0,3.1,0.246
2023-02-22 18:00:00+00:00,9.9,36.658367,0.0,2.2,0.246
2023-02-22 19:00:00+00:00,8.6,39.71048,0.0,1.5,0.245
2023-02-22 20:00:00+00:00,7.7,42.53092,0.0,1.0,0.245
2023-02-22 21:00:00+00:00,6.4,47.19455,0.0,0.85,0.245
2023-02-22 22:00:00+00:00,5.05,52.797047,0.0,0.7,0.245
2023-02-22 23:00:00+00:00,3.9,57.86329,0.0,0.6,0.245
2023-02-23 00:00:00+00:00,2.2,66.23883,0.0,0.35,0.245
2023-02-23 01:00:00+00:00,2.6,64.14152,0.0,0.25,0.245
2023-02-23 02:00:00+00:00,2.55,64.129776,0.0,0.2,0.245
2023-02-23 03:00:00+00:00,2.15,65.73479,0.0,0.15,0.244
2023-02-23 04:00:00+00:00,1.75,67.13471,0.0,0.1,0.244
2023-02-23 05:00:00+00:00,1.7,66.873,0.0,0.05,0.244
2023-02-23 06:00:00+00:00,3.05,64.008484,0.0,0.15,0.244
2023-02-23 07:00:00+00:00,5.95,55.456924,0.0,0.35,0.244
2023-02-23 08:00:00+00:00,8.05,54.605408,0.0,0.75,0.243
2023-02-23 09:00:00+00:00,9.95,52.216045,0.0,3.45,0.243
2023-02-23 10:00:00+00:00,11.45,46.91663,0.0,6.45,0.242
2023-02-23 11:00:00+00:00,12.45,42.6725,0.0,8.75,0.241
2023-02-23 12:00:00+00:00,13.0,35.56702,0.0,5.55,0.241
2023-02-23 13:00:00+00:00,12.75,35.23182,0.0,7.2,0.24
2023-02-23 14:00:00+00:00,12.25,36.6764,0.0,7.75,0.239
2023-02-23 15:00:00+00:00,9.2,53.92937,0.0,7.3,0.239
2023-02-23 16:00:00+00:00,6.1,59.73048,0.0,5.9,0.239
2023-02-23 17:00:00+00:00,6.1,62.4059,0.0,5.0,0.239
2023-02-23 18:00:00+00:00,5.85,61.89233,0.0,4.45,0.239
2023-02-23 19:00:00+00:00,5.05,64.004265,0.0,3.95,0.239
2023-02-23 20:00:00+00:00,4.15,68.15706,0.0,3.5,0.239
2023-02-23 21:00:00+00:00,3.35,72.10189,0.0,3.1,0.238
2023-02-23 22:00:00+00:00,2.8,74.96155,0.0,2.7,0.238
2023-02-23 23:00:00+00:00,2.35,76.26911,0.0,2.35,0.238
2023-02-24 00:00:00+00:00,2.1,72.92947,0.0,3.5,0.249
2023-02-24 01:00:00+00:00,1.4,76.95541,0.0,2.8,0.249
2023-02-24 02:00:00+00:00,0.7,81.226814,0.0,2.15,0.249
2023-02-24 03:00:00+00:00,0.1,84.82701,0.0,1.65,0.249
2023-02-24 04:00:00+00:00,-0.35,85.72185,0.0,1.15,0.249
2023-02-24 05:00:00+00:00,0.1,85.45525,0.0,0.9,0.248
2023-02-24 06:00:00+00:00,3.35,74.24186,0.0,1.45,0.248
2023-02-24 07:00:00+00:00,6.1,62.17896,0.0,3.25,0.248
2023-02-24 08:00:00+00:00,8.2,54.645565,0.0,5.45,0.247
2023-02-24 09:00:00+00:00,10.15,48.095695,0.0,7.7,0.247
2023-02-24 10:00:00+00:00,11.65,42.905224,0.0,9.55,0.246
2023-02-24 11:00:00+00:00,12.55,39.274784,0.0,10.9,0.245
2023-02-24 12:00:00+00:00,13.15,35.74264,0.0,11.45,0.245
2023-02-24 13:00:00+00:00,13.25,34.479115,0.0,11.8,0.244
2023-02-24 14:00:00+00:00,12.95,34.51779,0.0,11.55,0.243
2023-02-24 15:00:00+00:00,10.2,52.662056,0.0,10.5,0.243
2023-02-24 16:00:00+00:00,7.55,50.056347,0.0,8.65,0.243
2023-02-24 17:00:00+00:00,6.75,51.331623,0.0,7.25,0.243
2023-02-24 18:00:00+00:00,6.65,55.439312,0.0,6.45,0.243
2023-02-24 19:00:00+00:00,5.8,58.56946,0.0,5.8,0.242
2023-02-24 20:00:00+00:00,4.45,62.008064,0.0,5.05,0.242
2023-02-24 21:00:00+00:00,4.1,60.785763,0.0,4.5,0.242
2023-02-24 22:00:00+00:00,4.1,59.88939,0.0,4.1,0.242
2023-02-24 23:00:00+00:00,4.25,60.597942,0.0,3.9,0.242
2023-02-25 00:00:00+00:00,3.85,62.09197,0.0,4.0,0.237
2023-02-25 01:00:00+00:00,3.15,65.96143,0.0,3.7,0.236
2023-02-25 02:00:00+00:00,2.55,68.31753,0.0,3.35,0.236
2023-02-25 03:00:00+00:00,2.05,69.749146,0.0,3.0,0.236
2023-02-25 04:00:00+00:00,1.4,71.72153,0.0,2.65,0.236
2023-02-25 05:00:00+00:00,1.6,69.91583,0.0,2.4,0.236
2023-02-25 06:00:00+00:00,4.45,58.875134,0.0,3.1,0.236
2023-02-25 07:00:00+00:00,7.25,49.054306,0.0,4.6,0.235
2023-02-25 08:00:00+00:00,9.55,43.88144,0.0,6.55,0.235
2023-02-25 09:00:00+00:00,11.35,41.735382,0.0,8.6,0.234
2023-02-25 10:00:00+00:00,12.85,38.09046,0.0,10.5,0.233
2023-02-25 11:00:00+00:00,13.75,33.498436,0.0,11.9,0.232
2023-02-25 12:00:00+00:00,14.85,30.289297,0.0,12.65,0.235
2023-02-25 13:00:00+00:00,14.9,28.985037,0.0,12.85,0.234
2023-02-25 14:00:00+00:00,14.4,27.88607,0.0,12.6,0.233
2023-02-25 15:00:00+00:00,12.9,31.323202,0.0,11.8,0.233
2023-02-25 16:00:00+00:00,10.6,37.983826,0.0,10.5,0.233
2023-02-25 17:00:00+00:00,9.5,41.035732,0.0,9.4,0.233
2023-02-25 18:00:00+00:00,8.15,44.61903,0.0,8.4,0.232
2023-02-25 19:00:00+00:00,6.6,47.607555,0.0,7.5,0.232
2023-02-25 20:00:00+00:00,5.0,53.578873,0.0,6.6,0.232
2023-02-25 21:00:00+00:00,4.35,58.63114,0.0,5.85,0.232
2023-02-25 22:00:00+00:00,4.2,65.95452,0.0,5.25,0.232
2023-02-25 23:00:00+00:00,3.95,73.27695,0.0,4.85,0.232
2023-02-26 00:00:00+00:00,4.1,74.91847,0.0,6.15,0.229
2023-02-26 01:00:00+00:00,4.1,76.28712,0.0,5.55,0.229
2023-02-26 02:00:00+00:00,3.8,77.62982,0.0,5.05,0.229
2023-02-26 03:00:00+00:00,3.7,76.49665,0.0,4.65,0.229
2023-02-26 04:00:00+00:00,3.4,76.44636,0.0,4.3,0.229
2023-02-26 05:00:00+00:00,3.6,74.82999,0.0,4.05,0.229
2023-02-26 06:00:00+00:00,6.15,65.19839,0.0,4.7,0.229
2023-02-26 07:00:00+00:00,8.25,57.9224,0.0,6.05,0.229
2023-02-26 08:00:00+00:00,10.15,52.459274,0.0,7.8,0.228
2023-02-26 09:00:00+00:00,12.0,44.594807,0.0,9.7,0.228
2023-02-26 10:00:00+00:00,13.45,37.57657,0.0,11.4,0.227
2023-02-26 11:00:00+00:00,14.55,32.517925,0.0,12.8,0.226
2023-02-26 12:00:00+00:00,15.25,29.629507,0.0,13.55,0.225
2023-02-26 13:00:00+00:00,15.55,30.604937,0.0,13.9,0.224
2023-02-26 14:00:00+00:00,15.15,30.26453,0.0,13.55,0.223
2023-02-26 15:00:00+00:00,13.65,31.309832,0.0,12.7,0.223
2023-02-26 16:00:00+00:00,10.4,39.654823,0.0,11.3,0.223
2023-02-26 17:00:00+00:00,9.5,40.429096,0.0,10.0,0.223
2023-02-26 18:00:00+00:00,8.6,44.25538,0.0,9.05,0.223
2023-02-26 19:00:00+00:00,7.4,53.05138,0.0,8.2,0.223
2023-02-26 20:00:00+00:00,6.8,58.396526,0.0,7.55,0.223
2023-02-26 21:00:00+00:00,6.2,60.414413,0.0,7.0,0.222
2023-02-26 22:00:00+00:00,5.85,60.548904,0.0,6.55,0.222
2023-02-26 23:00:00+00:00,5.75,59.642574,0.0,6.2,0.222
2023-02-27 00:00:00+00:00,5.35,58.67028,0.0,6.9,0.218
2023-02-27 01:00:00+00:00,5.05,59.028313,0.0,6.35,0.218
2023-02-27 02:00:00+00:00,4.85,58.759377,0.0,5.9,0.218
2023-02-27 03:00:00+00:00,5.0,56.65839,0.0,5.6,0.218
2023-02-27 04:00:00+00:00,4.3,57.75173,0.0,5.25,0.217
2023-02-27 05:00:00+00:00,4.8,54.330788,0.0,5.05,0.217
2023-02-27 06:00:00+00:00,6.7,47.636467,0.0,5.5,0.217
2023-02-27 07:00:00+00:00,8.55,42.30674,0.0,6.35,0.217
2023-02-27 08:00:00+00:00,11.0,34.8419,0.0,8.05,0.217
2023-02-27 09:00:00+00:00,13.25,28.831818,0.0,10.1,0.216
2023-02-27 10:00:00+00:00,15.4,23.978382,0.0,12.15,0.215
2023-02-27 11:00:00+00:00,16.8,23.20613,0.0,13.9,0.214
2023-02-27 12:00:00+00:00,17.6,21.32582,0.0,14.9,0.215
2023-02-27 13:00:00+00:00,18.05,22.181541,0.0,15.45,0.214
2023-02-27 14:00:00+00:00,17.8,24.278149,0.0,15.35,0.213
2023-02-27 15:00:00+00:00,15.1,35.536564,0.0,14.4,0.213
2023-02-27 16:00:00+00:00,11.75,41.095276,0.0,12.6,0.213
2023-02-27 17:00:00+00:00,10.8,41.726555,0.0,11.25,0.213
2023-02-27 18:00:00+00:00,10.7,39.743977,0.0,10.25,0.213
2023-02-27 19:00:00+00:00,10.6,40.15767,0.0,9.7,0.213
2023-02-27 20:00:00+00:00,9.75,42.347145,0.0,9.15,0.212
2023-02-27 21:00:00+00:00,8.85,44.001213,0.0,8.6,0.212
2023-02-27 22:00:00+00:00,8.35,44.67769,0.0,8.2,0.212
2023-02-27 23:00:00+00:00,8.9,42.568623,0.0,8.1,0.212
2023-02-28 00:00:00+00:00,8.45,43.720535,0.0,8.75,0.207
2023-02-28 01:00:00+00:00,8.9,52.117268,0.0,8.6,0.207
2023-02-28 02:00:00+00:00,8.35,58.367638,0.0,8.3,0.207
2023-02-28 03:00:00+00:00,8.15,69.48719,0.2,8.0,0.209
2023-02-28 04:00:00+00:00,8.25,74.582794,0.0,7.8,0.209
2023-02-28 05:00:00+00:00,8.9,73.65989,0.2,7.75,0.21
2023-02-28 06:00:00+00:00,10.7,67.84492,0.0,8.4,0.21
2023-02-28 07:00:00+00:00,12.3,61.674965,0.0,9.8,0.21
2023-02-28 08:00:00+00:00,13.05,56.31277,0.0,10.95,0.21
2023-02-28 09:00:00+00:00,13.45,52.05328,0.0,11.95,0.21
2023-02-28 10:00:00+00:00,13.2,52.908386,0.0,12.2,0.21
2023-02-28 11:00:00+00:00,14.85,47.20839,0.0,13.1,0.209
2023-02-28 12:00:00+00:00,17.95,41.2798,0.0,16.25,0.215
2023-02-28 13:00:00+00:00,17.65,42.807194,0.0,16.65,0.214
2023-02-28 14:00:00+00:00,17.4,44.56028,0.0,16.55,0.214
2023-02-28 15:00:00+00:00,15.75,51.233593,0.0,15.65,0.213
2023-02-28 16:00:00+00:00,12.85,60.95435,0.0,14.3,0.213
2023-02-28 17:00:00+00:00,11.95,62.456318,0.0,13.2,0.213
2023-02-28 18:00:00+00:00,10.65,69.7478,0.0,12.2,0.213
2023-02-28 19:00:00+00:00,9.7,74.06044,0.0,11.35,0.213
2023-02-28 20:00:00+00:00,8.7,78.9436,0.0,10.6,0.213
2023-02-28 21:00:00+00:00,9.25,76.068825,0.0,10.2,0.213
2023-02-28 22:00:00+00:00,8.95,78.43487,0.1,9.8,0.214
2023-02-28 23:00:00+00:00,9.15,78.4653,0.0,9.6,0.214
2023-03-01 00:00:00+00:00,9.0,78.17081,0.0,10.65,0.213
2023-03-01 01:00:00+00:00,8.9,78.69993,0.0,10.2,0.212
2023-03-01 02:00:00+00:00,8.4,78.62439,0.0,9.7,0.212
2023-03-01 03:00:00+00:00,7.85,75.56838,0.0,9.2,0.212
2023-03-01 04:00:00+00:00,8.85,68.41294,0.0,9.1,0.212
2023-03-01 05:00:00+00:00,8.4,72.28801,0.0,8.9,0.212
2023-03-01 06:00:00+00:00,9.75,67.171585,0.0,9.2,0.212
2023-03-01 07:00:00+00:00,10.85,66.01136,0.3,9.9,0.214
2023-03-01 08:00:00+00:00,12.65,64.5975,0.6,11.65,0.222
2023-03-01 09:00:00+00:00,15.15,53.42731,0.0,13.8,0.221
2023-03-01 10:00:00+00:00,16.9,45.673847,0.0,15.8,0.22
2023-03-01 11:00:00+00:00,18.35,35.71932,0.0,17.4,0.219
2023-03-01 12:00:00+00:00,18.9,31.23591,0.0,18.65,0.204
2023-03-01 13:00:00+00:00,19.15,27.501417,0.0,18.9,0.203
2023-03-01 14:00:00+00:00,18.75,26.992619,0.0,18.45,0.203
2023-03-01 15:00:00+00:00,16.65,45.44461,0.0,17.25,0.203
2023-03-01 16:00:00+00:00,15.35,36.787025,0.0,15.35,0.203
2023-03-01 17:00:00+00:00,11.65,46.804577,0.0,13.75,0.203
2023-03-01 18:00:00+00:00,11.55,47.455746,0.0,12.7,0.202
2023-03-01 19:00:00+00:00,10.5,53.50551,0.0,11.9,0.202
2023-03-01 20:00:00+00:00,10.5,55.651546,0.0,11.05,0.202
2023-03-01 21:00:00+00:00,12.4,49.079514,0.0,10.2,0.202
2023-03-01 22:00:00+00:00,9.6,60.596058,0.0,9.4,0.202
2023-03-01 23:00:00+00:00,10.6,56.27586,0.0,8.7,0.202
2023-03-02 00:00:00+00:00,7.8,65.569626,0.0,8.65,0.2
2023-03-02 01:00:00+00:00,8.55,62.092827,0.0,8.0,0.2
2023-03-02 02:00:00+00:00,7.0,69.25186,0.0,7.5,0.2
2023-03-02 03:00:00+00:00,5.8,75.21607,0.0,7.0,0.2
2023-03-02 04:00:00+00:00,5.45,75.69572,0.0,6.55,0.2
2023-03-02 05:00:00+00:00,5.15,77.844925,0.0,6.3,0.2
2023-03-02 06:00:00+00:00,7.9,66.53491,0.0,7.3,0.2
2023-03-02 07:00:00+00:00,10.2,64.950645,0.0,9.05,0.2
2023-03-02 08:00:00+00:00,12.2,60.16559,0.0,11.1,0.2
2023-03-02 09:00:00+00:00,13.7,53.977825,0.0,13.0,0.199
2023-03-02 10:00:00+00:00,15.25,45.5262,0.0,14.95,0.198
2023-03-02 11:00:00+00:00,16.3,39.38183,0.0,16.45,0.198
2023-03-02 12:00:00+00:00,17.4,34.444035,0.0,17.3,0.197
2023-03-02 13:00:00+00:00,17.5,32.43232,0.0,17.75,0.197
2023-03-02 14:00:00+00:00,16.75,33.7646,0.0,17.25,0.196
2023-03-02 15:00:00+00:00,15.25,44.41587,0.0,16.25,0.196
2023-03-02 16:00:00+00:00,11.3,50.013794,0.0,14.45,0.196
2023-03-02 17:00:00+00:00,11.65,48.519875,0.0,13.15,0.196
2023-03-02 18:00:00+00:00,11.55,52.27723,0.0,12.35,0.196
2023-03-02 19:00:00+00:00,10.65,58.530594,0.0,11.7,0.196
2023-03-02 20:00:00+00:00,9.7,62.14524,0.0,11.1,0.196
2023-03-02 21:00:00+00:00,8.35,70.02098,0.0,10.4,0.196
2023-03-02 22:00:00+00:00,7.35,81.83532,0.0,9.7,0.196
2023-03-02 23:00:00+00:00,7.3,85.92408,0.0,9.25,0.196
2023-03-03 00:00:00+00:00,7.6,83.59836,0.0,10.6,0.195
2023-03-03 01:00:00+00:00,6.75,88.913246,0.0,9.85,0.195
2023-03-03 02:00:00+00:00,6.1,91.37619,0.0,9.0,0.195
2023-03-03 03:00:00+00:00,5.55,93.60336,0.0,8.45,0.195
2023-03-03 04:00:00+00:00,5.4,94.58228,0.0,7.75,0.195
2023-03-03 05:00:00+00:00,4.25,99.30169,0.0,7.2,0.195
2023-03-03 06:00:00+00:00,6.85,87.08355,0.0,7.95,0.195
2023-03-03 07:00:00+00:00,9.2,74.22978,0.0,9.45,0.195
2023-03-03 08:00:00+00:00,11.1,64.24851,0.0,11.25,0.195
2023-03-03 09:00:00+00:00,12.2,57.89487,0.0,13.05,0.194
2023-03-03 10:00:00+00:00,13.65,49.77741,0.0,14.6,0.193
2023-03-03 11:00:00+00:00,15.1,44.84597,0.0,16.0,0.193
2023-03-03 12:00:00+00:00,16.4,37.360508,0.0,16.85,0.192
2023-03-03 13:00:00+00:00,16.25,32.895515,0.1,16.95,0.191
2023-03-03 14:00:00+00:00,15.55,32.099377,0.0,16.5,0.191
2023-03-03 15:00:00+00:00,14.25,37.13256,0.0,15.5,0.191
2023-03-03 16:00:00+00:00,11.4,48.101795,0.0,14.05,0.191
2023-03-03 17:00:00+00:00,9.75,56.25587,0.0,12.7,0.191
2023-03-03 18:00:00+00:00,7.4,73.12804,0.0,11.4,0.191
2023-03-03 19:00:00+00:00,6.3,81.40851,0.0,10.2,0.191
2023-03-03 20:00:00+00:00,6.05,83.11703,0.0,9.2,0.191
2023-03-03 21:00:00+00:00,5.25,86.92734,0.0,8.4,0.191
2023-03-03 22:00:00+00:00,4.5,89.987564,0.0,7.75,0.19
2023-03-03 23:00:00+00:00,4.4,90.61909,0.0,7.25,0.19
2023-03-04 00:00:00+00:00,4.75,89.05781,0.0,7.4,0.194
2023-03-04 01:00:00+00:00,4.0,91.23523,0.0,6.9,0.194
2023-03-04 02:00:00+00:00,2.85,93.46658,0.0,6.3,0.194
2023-03-04 03:00:00+00:00,5.05,87.215454,0.0,5.7,0.194
2023-03-04 04:00:00+00:00,4.55,89.673645,0.0,5.1,0.194
2023-03-04 05:00:00+00:00,2.9,94.47452,0.0,4.85,0.194
2023-03-04 06:00:00+00:00,6.25,78.018036,0.0,5.9,0.194
2023-03-04 07:00:00+00:00,8.8,65.095566,0.0,7.8,0.194
2023-03-04 08:00:00+00:00,10.65,51.289597,0.0,9.9,0.193
2023-03-04 09:00:00+00:00,12.1,39.86554,0.0,12.05,0.193
2023-03-04 10:00:00+00:00,12.85,38.370117,0.0,13.75,0.192
2023-03-04 11:00:00+00:00,14.15,33.864174,0.0,14.85,0.192
2023-03-04 12:00:00+00:00,15.35,31.806997,0.0,14.95,0.193
2023-03-04 13:00:00+00:00,12.85,46.476505,0.0,14.25,0.193
2023-03-04 14:00:00+00:00,13.85,39.22936,0.0,14.1,0.192
2023-03-04 15:00:00+00:00,12.05,48.981655,0.1,13.3,0.193
2023-03-04 16:00:00+00:00,10.35,59.080856,0.1,12.2,0.193
2023-03-04 17:00:00+00:00,9.4,64.08697,0.0,11.35,0.193
2023-03-04 18:00:00+00:00,9.35,65.21888,0.0,10.8,0.193
2023-03-04 19:00:00+00:00,8.8,66.73091,0.0,10.25,0.193
2023-03-04 20:00:00+00:00,8.05,69.46681,0.0,9.75,0.193
2023-03-04 21:00:00+00:00,7.4,72.35485,0.0,9.2,0.193
2023-03-04 22:00:00+00:00,6.7,76.44808,0.0,8.7,0.193
2023-03-04 23:00:00+00:00,7.1,81.80234,0.4,8.4,0.195
2023-03-05 00:00:00+00:00,6.85,91.109344,0.4,9.45,0.184
2023-03-05 01:00:00+00:00,6.95,91.43231,0.0,8.65,0.185
2023-03-05 02:00:00+00:00,6.8,92.05835,0.0,8.15,0.185
2023-03-05 03:00:00+00:00,6.75,91.73673,0.7,7.75,0.194
2023-03-05 04:00:00+00:00,6.55,93.006035,0.2,7.45,0.197
2023-03-05 05:00:00+00:00,6.95,90.48674,0.2,7.3,0.2
2023-03-05 06:00:00+00:00,8.05,87.50039,0.0,7.75,0.2
2023-03-05 07:00:00+00:00,9.6,78.26285,0.0,8.75,0.2
2023-03-05 08:00:00+00:00,10.45,70.43822,0.1,9.7,0.201
2023-03-05 09:00:00+00:00,9.35,82.0962,0.8,9.9,0.208
2023-03-05 10:00:00+00:00,10.1,82.75659,0.7,10.4,0.216
2023-03-05 11:00:00+00:00,10.15,74.913345,0.7,10.55,0.224
2023-03-05 12:00:00+00:00,8.05,76.67029,0.6,10.7,0.21
2023-03-05 13:00:00+00:00,8.0,78.01617,0.6,9.95,0.216
2023-03-05 14:00:00+00:00,7.55,80.72555,2.4,9.45,0.249
2023-03-05 15:00:00+00:00,6.3,87.33532,3.3,8.6,0.294
2023-03-05 16:00:00+00:00,5.75,92.96251,0.9,7.9,0.305
2023-03-05 17:00:00+00:00,5.4,96.91972,1.0,7.4,0.317
2023-03-05 18:00:00+00:00,5.35,96.245255,1.9,7.05,0.342
2023-03-05 19:00:00+00:00,6.0,90.102,0.6,6.85,0.346
2023-03-05 20:00:00+00:00,6.2,87.32579,0.2,6.75,0.344
2023-03-05 21:00:00+00:00,5.9,90.72671,0.2,6.65,0.342
2023-03-05 22:00:00+00:00,5.4,88.487144,0.0,6.4,0.339
2023-03-05 23:00:00+00:00,4.5,89.03689,0.0,6.0,0.336
2023-03-06 00:00:00+00:00,3.5,93.1684,0.0,6.1,0.341
2023-03-06 01:00:00+00:00,4.1,89.003296,0.1,5.75,0.339
2023-03-06 02:00:00+00:00,3.5,90.231415,0.0,5.3,0.336
2023-03-06 03:00:00+00:00,3.2,91.180626,0.1,4.95,0.334
2023-03-06 04:00:00+00:00,3.1,93.81299,0.4,4.85,0.335
2023-03-06 05:00:00+00:00,2.4,96.15613,0.5,4.65,0.339
2023-03-06 06:00:00+00:00,2.5,96.159195,0.4,4.7,0.341
2023-03-06 07:00:00+00:00,3.4,88.31032,0.2,5.05,0.339
2023-03-06 08:00:00+00:00,5.35,75.40776,0.0,6.3,0.337
2023-03-06 09:00:00+00:00,6.7,65.5587,0.0,7.55,0.334
2023-03-06 10:00:00+00:00,7.45,60.285023,0.0,8.45,0.331
2023-03-06 11:00:00+00:00,8.5,53.351116,0.0,9.4,0.328
2023-03-06 12:00:00+00:00,8.25,54.65894,0.1,10.4,0.328
2023-03-06 13:00:00+00:00,8.35,56.295868,0.1,10.6,0.326
2023-03-06 14:00:00+00:00,8.55,54.54084,0.0,10.6,0.323
2023-03-06 15:00:00+00:00,7.9,56.793503,0.0,10.0,0.321
2023-03-06 16:00:00+00:00,7.0,61.720753,0.0,8.7,0.319
2023-03-06 17:00:00+00:00,3.5,78.71458,0.0,7.35,0.317
2023-03-06 18:00:00+00:00,3.5,77.30065,0.0,6.4,0.316
2023-03-06 19:00:00+00:00,2.8,79.75916,0.0,5.75,0.314
2023-03-06 20:00:00+00:00,2.1,82.61648,0.0,5.1,0.313
2023-03-06 21:00:00+00:00,1.0,86.49874,0.0,4.5,0.311
2023-03-06 22:00:00+00:00,1.3,81.6093,0.0,3.9,0.31
2023-03-06 23:00:00+00:00,1.2,81.595634,0.0,3.45,0.309
2023-03-07 00:00:00+00:00,2.05,77.34654,0.0,4.6,0.306
2023-03-07 01:00:00+00:00,1.85,77.8843,0.0,4.2,0.305
2023-03-07 02:00:00+00:00,1.2,81.595634,0.0,3.8,0.304
2023-03-07 03:00:00+00:00,0.75,84.28038,0.0,3.4,0.303
2023-03-07 04:00:00+00:00,1.0,83.08155,0.0,3.2,0.302
2023-03-07 05:00:00+00:00,2.15,77.07956,0.0,3.25,0.301
2023-03-07 06:00:00+00:00,4.45,67.2307,0.0,4.1,0.3
2023-03-07 07:00:00+00:00,6.7,58.1581,0.0,5.55,0.298
2023-03-07 08:00:00+00:00,8.4,54.50069,0.0,7.3,0.297
2023-03-07 09:00:00+00:00,9.7,51.771767,0.0,9.05,0.295
2023-03-07 10:00:00+00:00,10.95,44.128933,0.0,10.55,0.294
2023-03-07 11:00:00+00:00,11.7,37.749645,0.0,11.35,0.292
2023-03-07 12:00:00+00:00,11.15,39.004055,0.0,11.35,0.295
2023-03-07 13:00:00+00:00,12.0,34.363937,0.0,11.55,0.294
2023-03-07 14:00:00+00:00,11.2,36.635777,0.0,11.05,0.293
2023-03-07 15:00:00+00:00,10.75,38.028545,0.0,10.55,0.292
2023-03-07 16:00:00+00:00,7.05,51.605682,0.0,9.35,0.291
2023-03-07 17:00:00+00:00,8.05,47.319725,0.0,8.5,0.29
2023-03-07 18:00:00+00:00,6.3,53.934006,0.0,7.55,0.289
2023-03-07 19:00:00+00:00,4.9,61.434917,0.0,6.7,0.289
2023-03-07 20:00:00+00:00,3.95,67.616196,0.0,5.95,0.288
2023-03-07 21:00:00+00:00,2.8,74.96155,0.0,5.3,0.288
2023-03-07 22:00:00+00:00,2.95,75.814926,0.0,4.9,0.287
2023-03-07 23:00:00+00:00,4.25,72.80218,0.0,4.95,0.286
2023-03-08 00:00:00+00:00,3.7,84.02031,0.0,6.5,0.278
2023-03-08 01:00:00+00:00,3.3,91.187485,0.0,5.9,0.278
2023-03-08 02:00:00+00:00,3.35,91.843254,0.0,5.45,0.277
2023-03-08 03:00:00+00:00,2.9,92.47325,0.0,4.9,0.277
2023-03-08 04:00:00+00:00,2.5,92.449615,0.0,4.4,0.276
2023-03-08 05:00:00+00:00,3.95,88.6745,0.0,4.3,0.276
2023-03-08 06:00:00+00:00,6.5,74.27291,0.0,5.3,0.275
2023-03-08 07:00:00+00:00,8.75,62.809166,0.0,6.85,0.275
2023-03-08 08:00:00+00:00,10.45,55.638454,0.0,8.75,0.274
2023-03-08 09:00:00+00:00,11.8,49.4401,0.0,10.6,0.272
2023-03-08 10:00:00+00:00,12.9,45.177547,0.0,12.25,0.271
2023-03-08 11:00:00+00:00,13.6,41.78775,0.0,13.5,0.27
2023-03-08 12:00:00+00:00,14.3,38.937595,0.0,13.75,0.266
2023-03-08 13:00:00+00:00,14.3,38.24016,0.0,14.15,0.265
2023-03-08 14:00:00+00:00,13.75,37.940113,0.0,13.85,0.264
2023-03-08 15:00:00+00:00,12.6,42.408092,0.1,12.95,0.264
2023-03-08 16:00:00+00:00,9.55,63.89494,0.0,11.5,0.264
2023-03-08 17:00:00+00:00,6.95,75.147964,0.0,10.05,0.263
2023-03-08 18:00:00+00:00,9.5,58.6584,0.0,8.7,0.263
2023-03-08 19:00:00+00:00,9.2,59.640266,0.0,7.75,0.263
2023-03-08 20:00:00+00:00,8.7,61.68622,0.0,6.95,0.263
2023-03-08 21:00:00+00:00,7.05,68.52328,0.0,6.2,0.262
2023-03-08 22:00:00+00:00,4.05,83.163734,0.0,5.65,0.262
2023-03-08 23:00:00+00:00,2.8,90.502266,0.0,5.2,0.262
2023-03-09 00:00:00+00:00,4.05,85.884186,0.0,5.95,0.254
2023-03-09 01:00:00+00:00,3.0,89.5498,0.0,5.35,0.254
2023-03-09 02:00:00+00:00,2.7,91.801765,0.0,5.0,0.254
2023-03-09 03:00:00+00:00,2.55,91.46351,0.0,4.6,0.253
2023-03-09 04:00:00+00:00,3.15,89.882904,0.0,4.4,0.253
2023-03-09 05:00:00+00:00,4.3,86.83327,0.0,4.5,0.253
2023-03-09 06:00:00+00:00,7.05,75.43174,0.0,5.55,0.253
2023-03-09 07:00:00+00:00,9.35,65.21888,0.0,7.3,0.252
2023-03-09 08:00:00+00:00,11.5,53.01377,0.0,9.35,0.252
2023-03-09 09:00:00+00:00,12.75,46.949276,0.0,11.25,0.251
2023-03-09 10:00:00+00:00,14.1,38.73846,0.0,12.4,0.25
2023-03-09 11:00:00+00:00,14.25,37.81233,0.0,13.25,0.25
2023-03-09 12:00:00+00:00,14.2,32.7758,0.0,13.45,0.246
2023-03-09 13:00:00+00:00,14.25,33.276764,0.0,13.15,0.246
2023-03-09 14:00:00+00:00,14.25,34.394363,0.0,12.9,0.245
2023-03-09 15:00:00+00:00,13.65,37.22632,0.0,12.45,0.245
2023-03-09 16:00:00+00:00,11.55,43.505253,0.0,11.55,0.244
2023-03-09 17:00:00+00:00,10.95,45.59984,0.0,10.8,0.244
2023-03-09 18:00:00+00:00,9.85,51.068752,0.0,10.1,0.244
2023-03-09 19:00:00+00:00,8.45,57.97351,0.0,9.3,0.244
2023-03-09 20:00:00+00:00,7.1,64.94398,0.0,8.45,0.244
2023-03-09 21:00:00+00:00,6.25,69.34593,0.0,7.75,0.243
2023-03-09 22:00:00+00:00,5.8,72.830666,0.0,7.2,0.243
2023-03-09 23:00:00+00:00,5.4,77.053925,0.0,6.75,0.243
2023-03-10 00:00:00+00:00,5.65,77.64656,0.0,8.25,0.239
2023-03-10 01:00:00+00:00,5.85,78.51184,0.0,7.65,0.239
2023-03-10 02:00:00+00:00,5.15,83.300156,0.0,7.1,0.239
2023-03-10 03:00:00+00:00,4.25,88.38595,0.0,6.55,0.239
2023-03-10 04:00:00+00:00,4.1,89.63791,0.0,6.15,0.239
2023-03-10 05:00:00+00:00,5.3,83.614624,0.0,6.1,0.239
2023-03-10 06:00:00+00:00,7.75,72.42081,0.0,7.0,0.239
2023-03-10 07:00:00+00:00,9.85,62.1808,0.0,8.5,0.238
2023-03-10 08:00:00+00:00,11.65,54.97039,0.0,10.3,0.238
2023-03-10 09:00:00+00:00,13.6,46.523815,0.0,12.15,0.237
2023-03-10 10:00:00+00:00,14.85,42.301548,0.0,13.65,0.236
2023-03-10 11:00:00+00:00,15.0,41.746044,0.0,14.25,0.235
2023-03-10 12:00:00+00:00,15.1,40.745094,0.0,14.2,0.233
2023-03-10 13:00:00+00:00,15.1,40.31061,0.0,13.85,0.232
2023-03-10 14:00:00+00:00,15.25,40.066998,0.0,13.65,0.232
2023-03-10 15:00:00+00:00,14.15,50.799084,0.0,13.15,0.232
2023-03-10 16:00:00+00:00,13.55,46.50963,0.0,12.45,0.232
2023-03-10 17:00:00+00:00,13.7,46.717896,0.0,12.05,0.232
2023-03-10 18:00:00+00:00,11.65,56.547222,0.0,11.35,0.231
2023-03-10 19:00:00+00:00,10.85,61.54562,0.0,10.8,0.231
2023-03-10 20:00:00+00:00,10.55,63.22935,0.0,10.45,0.231
2023-03-10 21:00:00+00:00,9.5,68.54807,0.0,10.05,0.231
2023-03-10 22:00:00+00:00,9.0,72.400696,0.0,9.7,0.231
2023-03-10 23:00:00+00:00,8.55,75.952034,0.0,9.4,0.231
2023-03-11 00:00:00+00:00,9.15,76.582695,0.0,10.8,0.23
2023-03-11 01:00:00+00:00,9.2,74.22978,0.0,10.2,0.23
2023-03-11 02:00:00+00:00,9.05,72.918434,0.0,9.8,0.23
2023-03-11 03:00:00+00:00,9.05,70.65534,0.0,9.5,0.23
2023-03-11 04:00:00+00:00,8.95,69.40478,0.0,9.3,0.23
2023-03-11 05:00:00+00:00,9.5,65.25241,0.0,9.25,0.23
2023-03-11 06:00:00+00:00,10.8,60.459686,0.0,9.6,0.23
2023-03-11 07:00:00+00:00,12.3,54.946945,0.0,10.35,0.229
2023-03-11 08:00:00+00:00,13.15,52.70928,0.1,11.2,0.229
2023-03-11 09:00:00+00:00,14.5,46.121994,0.0,12.25,0.229
2023-03-11 10:00:00+00:00,15.3,44.58729,0.8,12.75,0.237
2023-03-11 11:00:00+00:00,15.65,40.32691,0.0,13.3,0.236
2023-03-11 12:00:00+00:00,16.35,36.55255,0.0,13.5,0.254
2023-03-11 13:00:00+00:00,15.0,49.626106,0.2,13.7,0.254
2023-03-11 14:00:00+00:00,15.8,36.918907,0.0,13.85,0.254
2023-03-11 15:00:00+00:00,14.9,38.003304,0.0,13.55,0.253
2023-03-11 16:00:00+00:00,13.35,44.34415,0.6,12.9,0.259
2023-03-11 17:00:00+00:00,11.55,53.4058,1.1,11.3,0.272
2023-03-11 18:00:00+00:00,9.8,66.7122,0.6,10.55,0.279
2023-03-11 19:00:00+00:00,8.85,74.42739,0.1,10.0,0.279
2023-03-11 20:00:00+00:00,8.4,80.28324,0.0,9.65,0.279
2023-03-11 21:00:00+00:00,8.15,81.94033,0.0,9.35,0.278
2023-03-11 22:00:00+00:00,7.1,74.643654,0.0,8.8,0.278
2023-03-11 23:00:00+00:00,5.95,84.285225,4.2,8.2,0.321
2023-03-12 00:00:00+00:00,7.85,84.79768,2.3,8.7,0.343
2023-03-12 01:00:00+00:00,7.85,82.76071,0.5,8.3,0.346
2023-03-12 02:00:00+00:00,7.55,86.24904,0.8,8.1,0.353
2023-03-12 03:00:00+00:00,7.4,88.047905,2.1,7.9,0.377
2023-03-12 04:00:00+00:00,7.4,90.51932,2.6,7.9,0.401
2023-03-12 05:00:00+00:00,7.4,91.14667,2.4,7.9,0.411
2023-03-12 06:00:00+00:00,7.7,91.16693,1.6,8.05,0.408
2023-03-12 07:00:00+00:00,7.6,90.846504,1.6,8.25,0.408
2023-03-12 08:00:00+00:00,7.95,87.18938,1.3,8.5,0.405
2023-03-12 09:00:00+00:00,8.3,86.922745,1.6,8.95,0.409
2023-03-12 10:00:00+00:00,8.45,87.53769,2.1,9.15,0.413
2023-03-12 11:00:00+00:00,8.35,85.73701,1.1,9.3,0.406
2023-03-12 12:00:00+00:00,8.35,78.89124,1.0,8.85,0.399
2023-03-12 13:00:00+00:00,9.4,72.22296,0.1,9.85,0.389
2023-03-12 14:00:00+00:00,9.4,70.72408,0.1,10.1,0.382
2023-03-12 15:00:00+00:00,9.2,71.93331,0.0,10.15,0.376
2023-03-12 16:00:00+00:00,8.3,76.97976,0.0,9.4,0.371
2023-03-12 17:00:00+00:00,8.1,82.79205,0.0,9.05,0.367
2023-03-12 18:00:00+00:00,7.55,88.06137,0.0,8.7,0.363
2023-03-12 19:00:00+00:00,7.2,90.50486,0.0,8.5,0.36
2023-03-12 20:00:00+00:00,6.95,90.48674,0.2,8.25,0.358
2023-03-12 21:00:00+00:00,6.55,93.97793,0.1,7.95,0.356
2023-03-12 22:00:00+00:00,6.25,88.252045,0.0,7.6,0.354
2023-03-12 23:00:00+00:00,5.4,87.55723,0.3,7.2,0.354
2023-03-13 00:00:00+00:00,4.9,83.26929,0.2,6.45,0.37
2023-03-13 01:00:00+00:00,5.05,80.373985,0.0,6.2,0.367
2023-03-13 02:00:00+00:00,4.65,80.31689,0.0,6.0,0.364
2023-03-13 03:00:00+00:00,4.1,80.23798,0.0,5.75,0.361
2023-03-13 04:00:00+00:00,3.65,80.17308,0.0,5.5,0.359
2023-03-13 05:00:00+00:00,3.4,81.01066,0.1,5.25,0.358
2023-03-13 06:00:00+00:00,4.0,77.94289,0.1,5.45,0.356
2023-03-13 07:00:00+00:00,5.2,71.16,0.0,6.0,0.354
2023-03-13 08:00:00+00:00,6.25,67.134254,0.0,6.65,0.352
2023-03-13 09:00:00+00:00,7.5,60.515835,0.0,7.5,0.35
2023-03-13 10:00:00+00:00,7.35,61.138847,0.0,7.8,0.348
2023-03-13 11:00:00+00:00,7.15,64.02686,0.2,8.0,0.347
2023-03-13 12:00:00+00:00,6.9,66.55408,0.2,7.9,0.349
2023-03-13 13:00:00+00:00,6.55,69.65689,0.3,7.7,0.35
2023-03-13 14:00:00+00:00,5.7,73.864296,0.3,7.25,0.35
2023-03-13 15:00:00+00:00,5.0,78.10046,0.2,6.75,0.349
2023-03-13 16:00:00+00:00,4.35,83.79776,0.2,6.1,0.35
2023-03-13 17:00:00+00:00,3.85,89.61798,0.8,5.55,0.358
2023-03-13 18:00:00+00:00,2.95,94.81383,1.2,5.15,0.371
2023-03-13 19:00:00+00:00,2.0,99.28886,0.9,4.75,0.379
2023-03-13 20:00:00+00:00,1.65,99.28682,0.8,4.4,0.382
2023-03-13 21:00:00+00:00,1.65,97.523544,0.4,4.1,0.382
2023-03-13 22:00:00+00:00,1.6,97.1731,0.2,3.9,0.38
2023-03-13 23:00:00+00:00,1.65,95.444275,0.1,3.75,0.376
2023-03-14 00:00:00+00:00,1.85,94.428314,0.1,3.75,0.367
2023-03-14 01:00:00+00:00,1.75,94.423874,0.0,3.6,0.365
2023-03-14 02:00:00+00:00,1.7,94.762054,0.1,3.5,0.363
2023-03-14 03:00:00+00:00,1.7,94.42167,0.1,3.4,0.361
2023-03-14 04:00:00+00:00,1.6,93.40177,0.1,3.25,0.36
2023-03-14 05:00:00+00:00,1.5,89.427864,0.1,3.15,0.358
2023-03-14 06:00:00+00:00,1.6,87.509766,0.0,3.2,0.357
2023-03-14 07:00:00+00:00,2.5,80.29785,0.0,3.75,0.355
2023-03-14 08:00:00+00:00,4.05,71.71239,0.0,4.9,0.353
2023-03-14 09:00:00+00:00,5.5,65.050674,0.0,6.25,0.351
2023-03-14 10:00:00+00:00,6.25,62.66932,0.0,7.15,0.349
2023-03-14 11:00:00+00:00,7.3,59.596233,0.0,8.35,0.347
2023-03-14 12:00:00+00:00,5.95,64.68167,0.0,9.15,0.352
2023-03-14 13:00:00+00:00,6.85,61.01673,0.0,9.35,0.35
2023-03-14 14:00:00+00:00,7.1,59.980278,0.0,9.0,0.348
2023-03-14 15:00:00+00:00,7.2,59.571213,0.0,8.6,0.347
2023-03-14 16:00:00+00:00,6.15,70.32939,0.0,7.9,0.346
2023-03-14 17:00:00+00:00,6.1,66.6184,0.0,7.35,0.345
2023-03-14 18:00:00+00:00,5.2,71.93525,0.0,6.7,0.344
2023-03-14 19:00:00+00:00,3.65,80.46294,0.0,5.95,0.343
2023-03-14 20:00:00+00:00,2.4,86.64216,0.0,5.15,0.342
2023-03-14 21:00:00+00:00,2.25,87.571815,0.0,4.65,0.341
2023-03-14 22:00:00+00:00,2.05,88.82869,0.0,4.3,0.34
2023-03-14 23:00:00+00:00,1.3,91.37961,0.0,3.9,0.339
2023-03-15 00:00:00+00:00,0.95,91.688515,0.0,6.15,0.346
2023-03-15 01:00:00+00:00,0.45,94.3658,0.0,5.1,0.345
2023-03-15 02:00:00+00:00,0.7,93.35452,0.0,4.35,0.344
2023-03-15 03:00:00+00:00,0.55,93.3466,0.0,3.85,0.344
2023-03-15 04:00:00+00:00,-0.05,92.63466,0.0,3.3,0.343
2023-03-15 05:00:00+00:00,1.3,89.411446,0.0,3.3,0.342
2023-03-15 06:00:00+00:00,3.65,80.75372,0.0,4.35,0.341
2023-03-15 07:00:00+00:00,5.9,72.84938,0.0,6.05,0.34
2023-03-15 08:00:00+00:00,7.9,66.061935,0.0,8.0,0.338
2023-03-15 09:00:00+00:00,9.85,60.2277,0.0,9.95,0.336
2023-03-15 10:00:00+00:00,12.1,52.05541,0.0,11.6,0.334
2023-03-15 11:00:00+00:00,13.25,46.756626,0.0,12.65,0.333
2023-03-15 12:00:00+00:00,12.85,52.074425,0.0,12.85,0.334
2023-03-15 13:00:00+00:00,12.9,51.357166,0.0,12.85,0.333
2023-03-15 14:00:00+00:00,12.2,53.39045,0.0,12.15,0.332
2023-03-15 15:00:00+00:00,11.95,52.572075,0.0,11.55,0.331
2023-03-15 16:00:00+00:00,10.55,58.92161,0.0,10.7,0.33
2023-03-15 17:00:00+00:00,8.4,68.31893,0.0,9.55,0.33
2023-03-15 18:00:00+00:00,7.35,73.63847,0.0,8.55,0.329
2023-03-15 19:00:00+00:00,6.75,78.37238,0.0,7.9,0.329
2023-03-15 20:00:00+00:00,6.15,81.67617,0.0,7.3,0.328
2023-03-15 21:00:00+00:00,6.9,76.7521,0.0,7.1,0.328
2023-03-15 22:00:00+00:00,6.2,80.536835,0.0,6.8,0.327
2023-03-15 23:00:00+00:00,5.85,81.925476,0.0,6.5,0.327
2023-03-16 00:00:00+00:00,6.3,76.110634,0.0,7.85,0.331
2023-03-16 01:00:00+00:00,5.9,76.58752,0.0,7.3,0.331
2023-03-16 02:00:00+00:00,5.5,77.34601,0.0,6.85,0.33
2023-03-16 03:00:00+00:00,5.25,77.30569,0.0,6.45,0.33
2023-03-16 04:00:00+00:00,5.65,74.38659,0.0,6.35,0.329
2023-03-16 05:00:00+00:00,6.05,73.92772,0.0,6.4,0.329
2023-03-16 06:00:00+00:00,7.25,72.58365,0.2,7.1,0.33
2023-03-16 07:00:00+00:00,7.45,76.30272,0.3,7.55,0.331
2023-03-16 08:00:00+00:00,7.9,77.18517,0.1,7.95,0.331
2023-03-16 09:00:00+00:00,8.8,73.128006,0.0,8.8,0.331
2023-03-16 10:00:00+00:00,10.3,64.74538,0.1,10.3,0.33
2023-03-16 11:00:00+00:00,10.75,59.810986,0.0,11.0,0.329
2023-03-16 12:00:00+00:00,10.6,69.98035,0.0,12.6,0.338
2023-03-16 13:00:00+00:00,9.55,73.01042,1.2,12.2,0.35
2023-03-16 14:00:00+00:00,10.6,64.360214,0.0,12.1,0.348
2023-03-16 15:00:00+00:00,10.1,65.3861,0.0,11.55,0.347
2023-03-16 16:00:00+00:00,8.45,74.356834,0.0,10.25,0.346
2023-03-16 17:00:00+00:00,5.75,86.67107,0.0,8.95,0.345
2023-03-16 18:00:00+00:00,5.0,87.210625,0.0,7.95,0.344
2023-03-16 19:00:00+00:00,6.3,77.47434,0.0,7.1,0.343
2023-03-16 20:00:00+00:00,4.95,81.51501,0.0,6.45,0.342
2023-03-16 21:00:00+00:00,4.3,85.30051,0.0,6.0,0.341
2023-03-16 22:00:00+00:00,4.3,84.39238,0.0,5.65,0.341
2023-03-16 23:00:00+00:00,5.35,75.13778,0.0,5.65,0.34
2023-03-17 00:00:00+00:00,5.05,78.388374,0.0,6.85,0.341
2023-03-17 01:00:00+00:00,4.7,77.77356,0.0,6.5,0.34
2023-03-17 02:00:00+00:00,5.5,75.43366,0.2,6.5,0.341
2023-03-17 03:00:00+00:00,4.7,86.56537,0.6,6.1,0.347
2023-03-17 04:00:00+00:00,4.75,86.26386,0.9,5.8,0.359
2023-03-17 05:00:00+00:00,4.85,87.815575,1.1,5.7,0.371
2023-03-17 06:00:00+00:00,5.7,87.893745,0.2,5.95,0.37
2023-03-17 07:00:00+00:00,6.45,85.23538,0.1,6.5,0.368
2023-03-17 08:00:00+00:00,6.7,89.21904,0.3,6.85,0.369
2023-03-17 09:00:00+00:00,7.9,88.70274,0.4,7.75,0.37
2023-03-17 10:00:00+00:00,7.7,82.16732,1.1,8.3,0.379
2023-03-17 11:00:00+00:00,5.95,90.09821,1.3,7.85,0.391
2023-03-17 12:00:00+00:00,6.45,82.87466,1.7,7.6,0.408
2023-03-17 13:00:00+00:00,6.95,79.23618,0.2,7.7,0.4
2023-03-17 14:00:00+00:00,7.5,74.45064,0.0,8.15,0.394
2023-03-17 15:00:00+00:00,7.5,73.66569,0.0,8.25,0.389
2023-03-17 16:00:00+00:00,6.75,82.043724,0.0,7.8,0.385
2023-03-17 17:00:00+00:00,6.25,88.871155,0.0,7.4,0.381
2023-03-17 18:00:00+00:00,5.65,91.666435,0.0,7.0,0.378
2023-03-17 19:00:00+00:00,5.0,91.30278,0.0,6.65,0.375
2023-03-17 20:00:00+00:00,4.75,88.74347,0.0,6.45,0.373
2023-03-17 21:00:00+00:00,4.3,88.39038,0.0,6.2,0.371
2023-03-17 22:00:00+00:00,4.0,86.18606,0.0,6.05,0.369
2023-03-17 23:00:00+00:00,3.8,85.55094,0.0,5.85,0.367
2023-03-18 00:00:00+00:00,4.1,84.974365,0.0,6.0,0.365
2023-03-18 01:00:00+00:00,3.7,87.395874,0.0,5.6,0.363
2023-03-18 02:00:00+00:00,1.85,93.75156,0.0,4.95,0.362
2023-03-18 03:00:00+00:00,3.0,90.51698,0.0,4.8,0.361
2023-03-18 04:00:00+00:00,2.75,92.13416,0.0,4.6,0.36
2023-03-18 05:00:00+00:00,3.25,89.56992,0.0,4.6,0.359
2023-03-18 06:00:00+00:00,4.7,81.77275,0.0,5.4,0.357
2023-03-18 07:00:00+00:00,6.45,71.66063,0.0,6.6,0.356
2023-03-18 08:00:00+00:00,8.0,64.222664,0.0,8.15,0.354
2023-03-18 09:00:00+00:00,8.7,58.246517,0.1,9.1,0.354
2023-03-18 10:00:00+00:00,9.25,56.73412,0.0,9.9,0.352
2023-03-18 11:00:00+00:00,9.85,56.281902,0.1,10.75,0.352
2023-03-18 12:00:00+00:00,10.5,58.909134,0.0,11.25,0.355
2023-03-18 13:00:00+00:00,10.6,57.082233,0.0,11.5,0.354
2023-03-18 14:00:00+00:00,9.75,59.776432,0.0,10.95,0.353
2023-03-18 15:00:00+00:00,7.1,78.15049,1.8,9.9,0.374
2023-03-18 16:00:00+00:00,5.0,93.904625,2.2,8.4,0.399
2023-03-18 17:00:00+00:00,5.55,92.62717,2.1,7.55,0.417
2023-03-18 18:00:00+00:00,4.9,91.29604,0.7,6.8,0.411
2023-03-18 19:00:00+00:00,4.6,91.59851,0.0,6.35,0.402
2023-03-18 20:00:00+00:00,4.4,90.61909,0.0,6.0,0.396
2023-03-18 21:00:00+00:00,4.4,89.344635,0.0,5.85,0.392
2023-03-18 22:00:00+00:00,4.35,89.34056,0.1,5.7,0.389
2023-03-18 23:00:00+00:00,4.3,89.02011,0.0,5.6,0.386
2023-03-19 00:00:00+00:00,4.7,90.64077,0.0,6.15,0.358
2023-03-19 01:00:00+00:00,4.7,90.96118,0.0,5.9,0.357
2023-03-19 02:00:00+00:00,4.75,90.00677,0.0,5.8,0.356
2023-03-19 03:00:00+00:00,4.75,89.05781,0.0,5.7,0.355
2023-03-19 04:00:00+00:00,4.6,88.7306,0.0,5.6,0.354
2023-03-19 05:00:00+00:00,5.2,86.61585,0.7,5.6,0.361
2023-03-19 06:00:00+00:00,5.9,82.80545,0.0,5.95,0.36
2023-03-19 07:00:00+00:00,7.45,73.91753,0.0,6.8,0.359
2023-03-19 08:00:00+00:00,8.25,70.4974,0.1,7.75,0.358
2023-03-19 09:00:00+00:00,7.05,78.41851,0.4,7.6,0.359
2023-03-19 10:00:00+00:00,7.2,79.27328,0.7,7.45,0.366
2023-03-19 11:00:00+00:00,7.75,76.89071,0.1,7.65,0.365
2023-03-19 12:00:00+00:00,7.35,80.13424,0.1,7.4,0.369
2023-03-19 13:00:00+00:00,8.8,68.64432,0.0,7.85,0.367
2023-03-19 14:00:00+00:00,8.3,71.50936,0.0,7.95,0.365
2023-03-19 15:00:00+00:00,7.75,76.35247,0.1,7.8,0.365
2023-03-19 16:00:00+00:00,6.8,83.20971,0.1,7.4,0.364
2023-03-19 17:00:00+00:00,6.2,84.90911,0.1,7.0,0.363
2023-03-19 18:00:00+00:00,5.65,87.580696,0.2,6.55,0.362
2023-03-19 19:00:00+00:00,5.5,87.87541,0.0,6.25,0.361
2023-03-19 20:00:00+00:00,4.85,90.01445,0.0,5.9,0.36
2023-03-19 21:00:00+00:00,4.35,90.61548,0.0,5.55,0.359
2023-03-19 22:00:00+00:00,3.85,91.87495,0.0,5.2,0.358
2023-03-19 23:00:00+00:00,3.6,91.85913,0.0,4.95,0.356
2023-03-20 00:00:00+00:00,4.1,91.24202,0.0,6.05,0.354
2023-03-20 01:00:00+00:00,3.5,93.4999,0.0,5.45,0.353
2023-03-20 02:00:00+00:00,3.0,94.4789,0.0,4.95,0.352
2023-03-20 03:00:00+00:00,2.6,95.13851,0.0,4.55,0.351
2023-03-20 04:00:00+00:00,2.15,94.78078,0.0,4.15,0.351
2023-03-20 05:00:00+00:00,3.25,90.859184,0.0,4.15,0.35
2023-03-20 06:00:00+00:00,5.2,81.83937,0.0,5.15,0.349
2023-03-20 07:00:00+00:00,7.0,73.57481,0.0,6.75,0.348
2023-03-20 08:00:00+00:00,9.6,56.418793,0.0,8.4,0.346
2023-03-20 09:00:00+00:00,10.9,51.728188,0.0,9.9,0.345
2023-03-20 10:00:00+00:00,11.95,48.604237,0.0,11.25,0.343
2023-03-20 11:00:00+00:00,12.55,46.391018,0.0,12.2,0.341
2023-03-20 12:00:00+00:00,12.9,46.657238,0.0,12.6,0.336
2023-03-20 13:00:00+00:00,13.4,42.64113,0.0,12.7,0.335
2023-03-20 14:00:00+00:00,13.05,43.940712,0.0,12.4,0.334
2023-03-20 15:00:00+00:00,12.0,50.02914,0.0,11.9,0.333
2023-03-20 16:00:00+00:00,9.4,61.634342,0.0,10.75,0.332
2023-03-20 17:00:00+00:00,8.05,66.56768,0.0,9.6,0.332
2023-03-20 18:00:00+00:00,7.1,71.0235,0.0,8.75,0.332
2023-03-20 19:00:00+00:00,5.95,77.14329,0.0,8.0,0.331
2023-03-20 20:00:00+00:00,4.75,82.659424,0.0,7.25,0.331
2023-03-20 21:00:00+00:00,3.65,86.149536,0.0,6.5,0.331
2023-03-20 22:00:00+00:00,2.9,86.38131,0.0,5.85,0.33
2023-03-20 23:00:00+00:00,2.55,87.284996,0.0,5.3,0.33
2023-03-21 00:00:00+00:00,2.05,89.15024,0.0,5.75,0.331
2023-03-21 01:00:00+00:00,1.1,92.03161,0.0,5.1,0.331
2023-03-21 02:00:00+00:00,0.2,92.31149,0.0,4.45,0.331
2023-03-21 03:00:00+00:00,0.35,90.31917,0.0,3.9,0.33
2023-03-21 04:00:00+00:00,-0.2,91.27733,0.0,3.4,0.33
2023-03-21 05:00:00+00:00,2.15,84.752655,0.0,3.65,0.33
2023-03-21 06:00:00+00:00,5.45,72.765,0.0,5.05,0.329
2023-03-21 07:00:00+00:00,7.2,68.31012,0.0,6.95,0.329
2023-03-21 08:00:00+00:00,8.9,62.620975,0.0,8.95,0.327
2023-03-21 09:00:00+00:00,10.55,54.485004,0.0,10.9,0.326
2023-03-21 10:00:00+00:00,11.9,48.416294,0.0,12.65,0.324
2023-03-21 11:00:00+00:00,13.0,43.926254,0.0,13.95,0.323
2023-03-21 12:00:00+00:00,13.7,39.18528,0.0,14.6,0.318
2023-03-21 13:00:00+00:00,14.15,35.128338,0.0,14.85,0.316
2023-03-21 14:00:00+00:00,14.05,31.310738,0.0,14.55,0.315
2023-03-21 15:00:00+00:00,13.1,35.465828,0.0,13.65,0.315
2023-03-21 16:00:00+00:00,11.4,39.51274,0.0,11.9,0.314
2023-03-21 17:00:00+00:00,10.8,39.920948,0.0,10.2,0.314
2023-03-21 18:00:00+00:00,8.15,49.674347,0.0,8.95,0.314
2023-03-21 19:00:00+00:00,8.35,45.684055,0.0,7.95,0.314
2023-03-21 20:00:00+00:00,6.6,49.973156,0.0,7.2,0.314
2023-03-21 21:00:00+00:00,4.65,57.628193,0.0,6.55,0.314
2023-03-21 22:00:00+00:00,5.65,54.35929,0.0,6.05,0.314
2023-03-21 23:00:00+00:00,4.0,61.21374,0.0,5.6,0.314
2023-03-22 00:00:00+00:00,5.55,54.9408,0.0,5.3,0.315
2023-03-22 01:00:00+00:00,3.35,69.504,0.0,4.9,0.314
2023-03-22 02:00:00+00:00,3.05,74.73214,0.0,4.65,0.314
2023-03-22 03:00:00+00:00,3.55,72.66971,0.0,4.55,0.314
2023-03-22 04:00:00+00:00,4.0,71.18155,0.0,4.55,0.314
2023-03-22 05:00:00+00:00,5.5,68.196365,0.0,5.0,0.314
2023-03-22 06:00:00+00:00,8.35,60.073414,0.0,6.2,0.314
2023-03-22 07:00:00+00:00,10.65,51.845604,0.0,7.8,0.313
2023-03-22 08:00:00+00:00,12.75,45.296833,0.0,9.85,0.312
2023-03-22 09:00:00+00:00,13.9,40.104324,0.0,11.2,0.311
2023-03-22 10:00:00+00:00,14.45,38.008404,0.0,12.25,0.31
2023-03-22 11:00:00+00:00,14.45,37.871143,0.0,12.8,0.309
2023-03-22 12:00:00+00:00,13.25,44.794353,0.0,12.4,0.314
2023-03-22 13:00:00+00:00,14.1,42.69122,0.0,13.05,0.313
2023-03-22 14:00:00+00:00,13.9,43.2484,0.0,12.9,0.312
2023-03-22 15:00:00+00:00,13.3,45.780464,0.0,12.45,0.312
2023-03-22 16:00:00+00:00,11.1,60.108166,0.0,11.65,0.311
2023-03-22 17:00:00+00:00,10.25,66.57583,0.0,10.85,0.311
2023-03-22 18:00:00+00:00,9.85,63.066692,0.0,9.7,0.311
2023-03-22 19:00:00+00:00,7.75,79.911446,0.7,9.05,0.319
2023-03-22 20:00:00+00:00,7.7,87.77076,2.8,8.5,0.357
2023-03-22 21:00:00+00:00,7.1,85.60432,1.1,8.05,0.371
2023-03-22 22:00:00+00:00,6.4,91.07863,0.0,7.6,0.368
2023-03-22 23:00:00+00:00,5.5,94.91713,0.0,7.05,0.366
2023-03-23 00:00:00+00:00,6.0,96.93435,0.0,7.1,0.363
2023-03-23 01:00:00+00:00,5.75,96.92827,0.1,6.8,0.362
2023-03-23 02:00:00+00:00,5.6,98.280975,0.1,6.65,0.362
2023-03-23 03:00:00+00:00,5.4,98.96376,0.1,6.45,0.362
2023-03-23 04:00:00+00:00,5.6,98.280975,0.0,6.45,0.36
2023-03-23 05:00:00+00:00,5.85,95.92628,0.0,6.6,0.359
2023-03-23 06:00:00+00:00,6.7,87.67859,0.0,7.25,0.358
2023-03-23 07:00:00+00:00,8.05,77.20923,0.1,8.3,0.356
2023-03-23 08:00:00+00:00,8.6,73.09129,0.2,9.25,0.356
2023-03-23 09:00:00+00:00,8.95,71.634224,0.2,9.9,0.356
2023-03-23 10:00:00+00:00,9.75,68.35995,0.1,10.35,0.354
2023-03-23 11:00:00+00:00,10.3,64.973045,0.1,11.3,0.353
2023-03-23 12:00:00+00:00,9.75,60.20318,0.0,12.05,0.352
2023-03-23 13:00:00+00:00,9.75,60.41756,0.0,11.95,0.351
2023-03-23 14:00:00+00:00,10.45,56.036804,0.0,11.95,0.349
2023-03-23 15:00:00+00:00,9.8,58.10879,0.0,11.5,0.348
2023-03-23 16:00:00+00:00,8.2,64.96038,0.0,10.55,0.347
2023-03-23 17:00:00+00:00,6.7,73.520065,0.0,9.5,0.346
2023-03-23 18:00:00+00:00,5.2,83.306335,0.0,8.5,0.345
2023-03-23 19:00:00+00:00,4.6,87.1719,0.0,7.7,0.344
2023-03-23 20:00:00+00:00,4.1,88.37266,0.0,7.0,0.343
2023-03-23 21:00:00+00:00,3.45,89.26668,0.0,6.45,0.342
2023-03-23 22:00:00+00:00,2.7,90.494896,0.0,5.85,0.341
2023-03-23 23:00:00+00:00,2.55,90.80935,0.0,5.35,0.341
2023-03-24 00:00:00+00:00,2.1,93.092766,0.0,6.0,0.337
2023-03-24 01:00:00+00:00,1.8,94.4261,0.0,5.45,0.337
2023-03-24 02:00:00+00:00,1.2,95.08393,0.0,4.9,0.336
2023-03-24 03:00:00+00:00,1.15,95.42601,0.0,4.45,0.335
2023-03-24 04:00:00+00:00,2.15,93.76639,0.0,4.0,0.335
2023-03-24 05:00:00+00:00,3.5,90.231415,0.0,4.45,0.334
2023-03-24 06:00:00+00:00,6.3,79.98361,0.0,5.95,0.334
2023-03-24 07:00:00+00:00,8.4,71.026306,0.0,7.9,0.333
2023-03-24 08:00:00+00:00,10.7,56.301792,0.0,10.05,0.331
2023-03-24 09:00:00+00:00,12.35,46.667854,0.0,12.1,0.329
2023-03-24 10:00:00+00:00,13.0,43.926254,0.0,13.45,0.328
2023-03-24 11:00:00+00:00,13.25,43.683697,0.0,14.2,0.326
2023-03-24 12:00:00+00:00,12.0,52.399216,0.0,14.0,0.329
2023-03-24 13:00:00+00:00,12.6,48.09534,0.0,14.2,0.327
2023-03-24 14:00:00+00:00,12.7,45.44538,0.0,14.0,0.326
2023-03-24 15:00:00+00:00,12.15,45.615055,0.0,13.25,0.325
2023-03-24 16:00:00+00:00,8.85,65.1068,0.0,11.85,0.325
2023-03-24 17:00:00+00:00,9.6,57.438446,0.0,10.25,0.324
2023-03-24 18:00:00+00:00,9.1,58.55756,0.0,9.0,0.324
2023-03-24 19:00:00+00:00,5.85,72.57924,0.0,8.05,0.324
2023-03-24 20:00:00+00:00,5.4,74.07542,0.0,7.3,0.323
2023-03-24 21:00:00+00:00,4.65,78.04549,0.0,6.8,0.323
2023-03-24 22:00:00+00:00,3.6,83.10746,0.0,6.35,0.323
2023-03-24 23:00:00+00:00,2.9,85.761215,0.0,5.95,0.322
2023-03-25 00:00:00+00:00,2.45,89.50534,0.0,6.1,0.323
2023-03-25 01:00:00+00:00,2.15,89.158615,0.0,5.7,0.322
2023-03-25 02:00:00+00:00,1.85,89.78059,0.0,5.3,0.322
2023-03-25 03:00:00+00:00,1.7,90.748276,0.0,5.0,0.322
2023-03-25 04:00:00+00:00,1.6,91.399864,0.0,4.7,0.321
2023-03-25 05:00:00+00:00,4.1,82.576096,0.0,5.05,0.321
2023-03-25 06:00:00+00:00,7.6,71.62747,0.0,6.55,0.321
2023-03-25 07:00:00+00:00,9.9,65.80279,0.0,8.6,0.32
2023-03-25 08:00:00+00:00,11.75,59.012386,0.0,10.85,0.319
2023-03-25 09:00:00+00:00,13.35,50.75892,0.0,12.9,0.317
2023-03-25 10:00:00+00:00,14.15,44.8925,0.0,14.25,0.315
2023-03-25 11:00:00+00:00,15.05,41.022507,0.0,15.25,0.314
2023-03-25 12:00:00+00:00,15.55,39.023396,0.0,15.6,0.311
2023-03-25 13:00:00+00:00,15.5,37.77016,0.0,15.65,0.31
2023-03-25 14:00:00+00:00,15.05,36.566505,0.0,15.35,0.308
2023-03-25 15:00:00+00:00,14.25,37.6755,0.0,14.55,0.308
2023-03-25 16:00:00+00:00,10.75,54.343777,0.0,12.95,0.308
2023-03-25 17:00:00+00:00,11.55,46.77604,0.0,11.25,0.307
2023-03-25 18:00:00+00:00,11.4,43.145794,0.0,9.95,0.307
2023-03-25 19:00:00+00:00,11.45,40.40936,0.0,8.9,0.307
2023-03-25 20:00:00+00:00,11.2,40.187233,0.0,8.1,0.307
2023-03-25 21:00:00+00:00,8.9,47.91487,0.0,7.45,0.307
2023-03-25 22:00:00+00:00,8.05,50.01286,0.0,6.9,0.307
2023-03-25 23:00:00+00:00,5.2,62.418163,0.0,6.4,0.307
2023-03-26 00:00:00+00:00,5.3,66.927124,0.0,6.2,0.302
2023-03-26 01:00:00+00:00,4.0,73.553185,0.0,5.9,0.302
2023-03-26 02:00:00+00:00,4.2,72.26548,0.0,5.55,0.302
2023-03-26 03:00:00+00:00,4.55,70.005844,0.0,5.2,0.302
2023-03-26 04:00:00+00:00,4.05,72.50014,0.0,4.9,0.302
2023-03-26 05:00:00+00:00,6.6,63.899418,0.0,5.5,0.302
2023-03-26 06:00:00+00:00,9.15,56.099297,0.0,7.05,0.301
2023-03-26 07:00:00+00:00,11.15,49.25835,0.0,8.9,0.301
2023-03-26 08:00:00+00:00,13.15,43.969624,0.0,10.95,0.3
2023-03-26 09:00:00+00:00,14.5,42.654587,0.0,12.9,0.298
2023-03-26 10:00:00+00:00,15.3,43.497684,0.0,14.5,0.297
2023-03-26 11:00:00+00:00,15.25,46.00953,0.1,15.3,0.296
2023-03-26 12:00:00+00:00,15.15,46.63284,0.0,15.5,0.297
2023-03-26 13:00:00+00:00,15.25,45.047375,0.1,15.3,0.297
2023-03-26 14:00:00+00:00,15.65,41.05065,0.0,15.25,0.297
2023-03-26 15:00:00+00:00,14.95,42.330498,0.0,14.65,0.296
2023-03-26 16:00:00+00:00,12.35,49.24091,0.0,13.45,0.296
2023-03-26 17:00:00+00:00,10.2,63.148144,0.0,12.3,0.296
2023-03-26 18:00:00+00:00,9.25,69.465706,0.0,11.2,0.296
2023-03-26 19:00:00+00:00,8.2,77.50374,0.0,10.3,0.296
2023-03-26 20:00:00+00:00,6.95,86.48846,0.0,9.5,0.296
2023-03-26 21:00:00+00:00,5.8,91.996864,0.0,8.75,0.296
2023-03-26 22:00:00+00:00,5.1,94.90113,0.0,8.1,0.296
2023-03-26 23:00:00+00:00,3.85,97.56697,0.0,7.45,0.296
2023-03-27 00:00:00+00:00,4.05,96.5459,0.0,7.55,0.279
2023-03-27 01:00:00+00:00,5.25,95.23938,0.0,6.9,0.279
2023-03-27 02:00:00+00:00,4.75,96.565056,0.0,6.3,0.279
2023-03-27 03:00:00+00:00,3.7,98.60152,0.0,5.75,0.279
2023-03-27 04:00:00+00:00,2.55,100.0,0.0,5.3,0.279
2023-03-27 05:00:00+00:00,5.0,96.23483,0.0,5.75,0.279
2023-03-27 06:00:00+00:00,7.6,84.769646,0.0,7.2,0.279
2023-03-27 07:00:00+00:00,9.95,71.57542,0.0,9.2,0.278
2023-03-27 08:00:00+00:00,11.75,61.329803,0.0,11.2,0.277
2023-03-27 09:00:00+00:00,13.65,55.29936,0.0,13.1,0.276
2023-03-27 10:00:00+00:00,15.0,48.595364,0.0,14.65,0.275
2023-03-27 11:00:00+00:00,16.45,42.762943,0.0,16.0,0.274
2023-03-27 12:00:00+00:00,17.2,39.364338,0.0,16.8,0.273
2023-03-27 13:00:00+00:00,17.65,37.591385,0.0,17.1,0.272
2023-03-27 14:00:00+00:00,17.9,35.46235,0.0,16.85,0.271
2023-03-27 15:00:00+00:00,17.4,35.44315,0.0,16.2,0.27
2023-03-27 16:00:00+00:00,15.1,42.07353,0.0,15.0,0.27
2023-03-27 17:00:00+00:00,13.4,45.645805,0.0,13.65,0.27
2023-03-27 18:00:00+00:00,12.75,49.00252,0.0,12.7,0.27
2023-03-27 19:00:00+00:00,12.15,51.700497,0.0,12.05,0.27
2023-03-27 20:00:00+00:00,10.5,59.53838,0.0,11.4,0.27
2023-03-27 21:00:00+00:00,9.65,65.285904,0.0,10.8,0.27
2023-03-27 22:00:00+00:00,9.05,65.84733,0.0,10.3,0.27
2023-03-27 23:00:00+00:00,8.95,66.52777,0.0,9.9,0.27
2023-03-28 00:00:00+00:00,8.9,67.226234,0.0,11.95,0.273
2023-03-28 01:00:00+00:00,8.25,70.24877,0.0,10.95,0.273
2023-03-28 02:00:00+00:00,8.3,71.76183,0.0,10.25,0.273
2023-03-28 03:00:00+00:00,8.95,70.88415,0.0,10.05,0.274
2023-03-28 04:00:00+00:00,8.7,72.34444,0.0,9.7,0.274
2023-03-28 05:00:00+00:00,9.25,74.23863,1.2,9.65,0.288
2023-03-28 06:00:00+00:00,8.6,86.05913,1.4,9.5,0.305
2023-03-28 07:00:00+00:00,8.3,85.43624,3.6,9.25,0.354
2023-03-28 08:00:00+00:00,9.05,75.50797,1.3,10.2,0.367
2023-03-28 09:00:00+00:00,9.55,75.33081,2.4,10.7,0.394
2023-03-28 10:00:00+00:00,12.9,61.603134,0.1,12.35,0.386
2023-03-28 11:00:00+00:00,14.5,43.113388,0.1,13.75,0.379
2023-03-28 12:00:00+00:00,12.9,40.3939,1.4,14.35,0.344
2023-03-28 13:00:00+00:00,14.35,34.803677,0.0,14.6,0.342
2023-03-28 14:00:00+00:00,12.35,37.38848,0.1,14.05,0.34
2023-03-28 15:00:00+00:00,10.2,51.165516,0.4,12.85,0.343
2023-03-28 16:00:00+00:00,8.7,63.926277,0.2,11.65,0.343
2023-03-28 17:00:00+00:00,8.15,66.35294,0.0,10.6,0.342
2023-03-28 18:00:00+00:00,7.4,70.07854,0.0,9.85,0.341
2023-03-28 19:00:00+00:00,6.15,84.605515,0.6,9.1,0.346
2023-03-28 20:00:00+00:00,4.9,87.82018,0.5,8.2,0.35
2023-03-28 21:00:00+00:00,3.7,92.19232,0.0,7.45,0.349
2023-03-28 22:00:00+00:00,3.4,94.49633,0.0,6.85,0.348
2023-03-28 23:00:00+00:00,2.8,94.133705,0.4,6.35,0.351
2023-03-29 00:00:00+00:00,3.1,84.55606,0.3,5.95,0.352
2023-03-29 01:00:00+00:00,2.45,91.45684,0.4,5.6,0.356
2023-03-29 02:00:00+00:00,2.2,96.49446,0.9,5.3,0.363
2023-03-29 03:00:00+00:00,1.95,98.58162,0.8,5.1,0.371
2023-03-29 04:00:00+00:00,1.5,98.930626,0.6,4.9,0.374
2023-03-29 05:00:00+00:00,1.15,95.42601,0.9,4.65,0.373
2023-03-29 06:00:00+00:00,1.6,89.436066,0.9,4.65,0.371
2023-03-29 07:00:00+00:00,1.65,81.358574,0.4,4.75,0.368
2023-03-29 08:00:00+00:00,2.05,75.38141,0.4,5.1,0.365
2023-03-29 09:00:00+00:00,2.65,67.83424,0.6,5.7,0.363
2023-03-29 10:00:00+00:00,2.8,63.474415,0.5,6.15,0.361
2023-03-29 11:00:00+00:00,2.65,62.731274,0.5,6.45,0.359
2023-03-29 12:00:00+00:00,3.85,53.261936,0.3,7.35,0.353
2023-03-29 13:00:00+00:00,2.95,52.21125,0.1,7.25,0.351
2023-03-29 14:00:00+00:00,3.1,48.22463,0.0,7.2,0.349
2023-03-29 15:00:00+00:00,2.55,47.327675,0.0,6.95,0.347
2023-03-29 16:00:00+00:00,1.2,52.31926,0.0,6.15,0.346
2023-03-29 17:00:00+00:00,0.3,57.79541,0.0,5.35,0.345
2023-03-29 18:00:00+00:00,0.1,59.3184,0.0,4.85,0.344
2023-03-29 19:00:00+00:00,-0.8,63.819187,0.0,4.25,0.342
2023-03-29 20:00:00+00:00,-1.75,68.68374,0.0,3.7,0.341
2023-03-29 21:00:00+00:00,-2.15,72.10701,0.0,3.25,0.34
2023-03-29 22:00:00+00:00,-2.8,78.90728,0.0,2.8,0.339
2023-03-29 23:00:00+00:00,-3.8,84.36725,0.0,2.25,0.339
2023-03-30 00:00:00+00:00,-4.0,86.296036,0.0,3.15,0.34
2023-03-30 01:00:00+00:00,-4.45,86.57826,0.0,2.25,0.339
2023-03-30 02:00:00+00:00,-4.7,88.90103,0.0,1.55,0.339
2023-03-30 03:00:00+00:00,-4.85,87.202354,0.0,1.0,0.338
2023-03-30 04:00:00+00:00,-5.0,85.200096,0.0,0.8,0.337
2023-03-30 05:00:00+00:00,-3.55,76.405136,0.0,0.85,0.336
2023-03-30 06:00:00+00:00,-1.6,57.738464,0.0,1.55,0.335
2023-03-30 07:00:00+00:00,-0.45,48.308697,0.0,2.85,0.334
2023-03-30 08:00:00+00:00,0.05,50.00076,0.2,4.05,0.333
2023-03-30 09:00:00+00:00,1.25,43.06111,0.2,5.2,0.331
2023-03-30 10:00:00+00:00,2.25,37.482452,0.2,6.35,0.33
2023-03-30 11:00:00+00:00,2.95,41.101154,0.0,7.15,0.329
2023-03-30 12:00:00+00:00,2.1,44.174126,0.0,7.95,0.332
2023-03-30 13:00:00+00:00,3.05,41.45412,0.0,7.8,0.33
2023-03-30 14:00:00+00:00,1.1,50.6967,0.5,7.05,0.329
2023-03-30 15:00:00+00:00,0.65,52.978394,0.0,6.25,0.329
2023-03-30 16:00:00+00:00,0.1,51.603195,0.0,5.25,0.328
2023-03-30 17:00:00+00:00,-1.0,54.610165,0.0,4.25,0.327
2023-03-30 18:00:00+00:00,-1.65,58.405235,0.0,3.4,0.327
2023-03-30 19:00:00+00:00,-2.3,62.72121,0.0,2.7,0.326
2023-03-30 20:00:00+00:00,-3.05,66.56622,0.0,2.05,0.326
2023-03-30 21:00:00+00:00,-3.65,69.611755,0.0,1.5,0.326
2023-03-30 22:00:00+00:00,-4.35,74.51181,0.0,0.95,0.325
2023-03-30 23:00:00+00:00,-5.2,81.317894,0.0,0.75,0.325
2023-03-31 00:00:00+00:00,-3.95,76.33579,0.0,1.25,0.324
2023-03-31 01:00:00+00:00,-4.35,79.57822,0.0,0.8,0.323
2023-03-31 02:00:00+00:00,-4.4,80.1865,0.0,0.65,0.323
2023-03-31 03:00:00+00:00,-4.45,80.48871,0.0,0.55,0.323
2023-03-31 04:00:00+00:00,-5.15,85.84137,0.0,0.45,0.322
2023-03-31 05:00:00+00:00,-3.1,76.19017,0.0,0.45,0.322
2023-03-31 06:00:00+00:00,-1.4,68.23508,0.0,0.65,0.321
2023-03-31 07:00:00+00:00,0.45,58.50491,0.0,1.6,0.32
2023-03-31 08:00:00+00:00,2.25,49.67107,0.0,3.9,0.319
2023-03-31 09:00:00+00:00,3.95,42.70716,0.0,6.1,0.318
2023-03-31 10:00:00+00:00,5.55,38.790802,0.0,7.95,0.317
2023-03-31 11:00:00+00:00,6.85,35.05649,0.0,9.35,0.315
2023-03-31 12:00:00+00:00,7.3,36.5702,0.0,9.8,0.317
2023-03-31 13:00:00+00:00,8.0,35.94965,0.0,10.4,0.315
2023-03-31 14:00:00+00:00,7.8,37.427757,0.0,10.15,0.314
2023-03-31 15:00:00+00:00,7.2,38.256092,0.0,9.3,0.314
2023-03-31 16:00:00+00:00,6.4,41.82413,0.0,8.15,0.313
2023-03-31 17:00:00+00:00,4.55,46.65434,0.0,6.8,0.313
2023-03-31 18:00:00+00:00,4.5,44.040802,0.0,6.1,0.313
2023-03-31 19:00:00+00:00,5.2,41.782803,0.0,5.8,0.313
2023-03-31 20:00:00+00:00,5.45,42.34121,0.0,5.6,0.312
2023-03-31 21:00:00+00:00,5.3,42.45835,0.0,5.5,0.312
2023-03-31 22:00:00+00:00,3.4,47.03283,0.0,5.0,0.312
2023-03-31 23:00:00+00:00,2.3,52.22776,0.0,4.4,0.311
2023-04-01 00:00:00+00:00,3.9,50.336166,0.0,5.45,0.318
2023-04-01 01:00:00+00:00,2.15,61.213356,0.0,4.7,0.317
2023-04-01 02:00:00+00:00,1.7,67.88065,0.0,4.1,0.317
2023-04-01 03:00:00+00:00,1.5,72.815414,0.0,3.65,0.317
2023-04-01 04:00:00+00:00,1.85,73.42337,0.0,3.35,0.317
2023-04-01 05:00:00+00:00,4.5,65.29947,0.0,3.85,0.316
2023-04-01 06:00:00+00:00,7.3,56.843918,0.0,5.25,0.316
2023-04-01 07:00:00+00:00,9.5,52.09284,0.0,7.05,0.315
2023-04-01 08:00:00+00:00,11.6,47.299217,0.0,9.05,0.314
2023-04-01 09:00:00+00:00,13.35,43.24421,0.0,11.0,0.312
2023-04-01 10:00:00+00:00,14.75,39.493256,0.0,12.7,0.31
2023-04-01 11:00:00+00:00,15.6,37.79944,0.0,13.85,0.309
2023-04-01 12:00:00+00:00,15.75,38.25223,0.0,14.35,0.308
2023-04-01 13:00:00+00:00,15.85,38.832703,0.0,14.3,0.307
2023-04-01 14:00:00+00:00,16.2,37.1688,0.0,14.0,0.306
2023-04-01 15:00:00+00:00,15.4,41.861973,0.0,13.2,0.306
2023-04-01 16:00:00+00:00,13.8,44.315144,0.0,12.35,0.305
2023-04-01 17:00:00+00:00,12.35,47.17272,0.0,11.4,0.305
2023-04-01 18:00:00+00:00,11.6,51.55031,0.0,10.65,0.305
2023-04-01 19:00:00+00:00,10.65,57.298206,0.0,10.1,0.305
2023-04-01 20:00:00+00:00,9.05,64.00674,0.0,9.4,0.305
2023-04-01 21:00:00+00:00,8.95,63.305073,0.0,9.0,0.304
2023-04-01 22:00:00+00:00,7.7,67.92953,0.0,8.5,0.304
2023-04-01 23:00:00+00:00,6.65,74.299675,0.0,8.0,0.304
2023-04-02 00:00:00+00:00,6.6,75.3544,0.0,9.35,0.293
2023-04-02 01:00:00+00:00,6.45,76.13581,0.0,8.55,0.292
2023-04-02 02:00:00+00:00,6.5,76.68647,0.0,8.1,0.292
2023-04-02 03:00:00+00:00,6.9,75.406,0.0,7.85,0.292
2023-04-02 04:00:00+00:00,6.65,78.63429,0.0,7.65,0.292
2023-04-02 05:00:00+00:00,8.0,76.12634,0.0,7.9,0.292
2023-04-02 06:00:00+00:00,10.65,66.198425,0.0,9.05,0.292
2023-04-02 07:00:00+00:00,12.75,58.43945,0.0,10.6,0.291
2023-04-02 08:00:00+00:00,14.3,51.91837,0.0,12.25,0.29
2023-04-02 09:00:00+00:00,15.4,46.051968,0.0,13.65,0.289
2023-04-02 10:00:00+00:00,15.55,42.957703,0.0,14.35,0.288
2023-04-02 11:00:00+00:00,14.65,50.404152,0.1,14.45,0.288
2023-04-02 12:00:00+00:00,14.65,53.666374,0.3,14.55,0.293
2023-04-02 13:00:00+00:00,16.0,44.944244,0.0,14.95,0.292
2023-04-02 14:00:00+00:00,15.2,49.854683,0.1,14.95,0.292
2023-04-02 15:00:00+00:00,11.8,76.48759,0.2,13.65,0.293
2023-04-02 16:00:00+00:00,10.65,87.148605,0.4,12.4,0.297
2023-04-02 17:00:00+00:00,10.45,86.834885,0.5,11.5,0.304
2023-04-02 18:00:00+00:00,9.45,93.793594,3.2,10.6,0.348
2023-04-02 19:00:00+00:00,9.05,96.02709,1.4,10.1,0.365
2023-04-02 20:00:00+00:00,8.8,95.04632,0.0,9.65,0.363
2023-04-02 21:00:00+00:00,9.75,86.177,0.0,9.45,0.36
2023-04-02 22:00:00+00:00,9.55,84.117935,0.0,9.25,0.358
2023-04-02 23:00:00+00:00,9.4,83.812546,0.0,9.1,0.356
2023-04-03 00:00:00+00:00,9.75,78.01617,0.0,10.45,0.296
2023-04-03 01:00:00+00:00,9.75,76.945915,0.0,10.1,0.295
2023-04-03 02:00:00+00:00,9.4,77.15645,0.0,9.8,0.295
2023-04-03 03:00:00+00:00,9.1,78.18619,0.0,9.6,0.295
2023-04-03 04:00:00+00:00,7.6,85.36072,0.0,8.95,0.295
2023-04-03 05:00:00+00:00,9.55,77.18038,0.0,9.2,0.295
2023-04-03 06:00:00+00:00,11.5,65.467575,0.0,10.25,0.294
2023-04-03 07:00:00+00:00,13.6,54.7107,0.0,11.75,0.294
2023-04-03 08:00:00+00:00,15.7,44.858913,0.0,13.6,0.292
2023-04-03 09:00:00+00:00,17.35,37.238953,0.0,15.3,0.291
2023-04-03 10:00:00+00:00,18.45,34.258785,0.0,16.75,0.289
2023-04-03 11:00:00+00:00,19.15,32.56031,0.0,17.95,0.287
2023-04-03 12:00:00+00:00,19.5,29.555466,0.0,18.4,0.283
2023-04-03 13:00:00+00:00,19.95,25.978811,0.0,18.6,0.281
2023-04-03 14:00:00+00:00,19.65,25.521053,0.0,18.2,0.28
2023-04-03 15:00:00+00:00,18.35,32.795536,0.0,17.3,0.279
2023-04-03 16:00:00+00:00,14.75,48.867542,0.0,15.95,0.279
2023-04-03 17:00:00+00:00,14.45,40.410206,0.0,14.55,0.279
2023-04-03 18:00:00+00:00,13.8,39.356915,0.0,13.7,0.279
2023-04-03 19:00:00+00:00,12.95,44.07003,0.0,13.05,0.279
2023-04-03 20:00:00+00:00,12.35,46.500633,0.0,12.45,0.279
2023-04-03 21:00:00+00:00,11.05,51.584106,0.0,11.75,0.279
2023-04-03 22:00:00+00:00,10.8,51.146786,0.0,11.25,0.279
2023-04-03 23:00:00+00:00,10.55,48.735928,0.0,10.85,0.279
2023-04-04 00:00:00+00:00,10.5,45.304134,0.0,11.8,0.27
2023-04-04 01:00:00+00:00,10.9,47.099777,0.0,11.3,0.27
2023-04-04 02:00:00+00:00,10.45,55.440228,0.0,10.95,0.27
2023-04-04 03:00:00+00:00,10.15,57.784542,0.0,10.65,0.27
2023-04-04 04:00:00+00:00,10.4,53.287144,0.0,10.5,0.27
2023-04-04 05:00:00+00:00,11.8,46.343513,0.0,10.75,0.269
2023-04-04 06:00:00+00:00,14.2,39.190372,0.0,11.8,0.269
2023-04-04 07:00:00+00:00,16.45,34.788418,0.0,13.25,0.268
2023-04-04 08:00:00+00:00,18.3,30.508753,0.0,14.75,0.267
2023-04-04 09:00:00+00:00,19.8,24.827496,0.0,16.2,0.265
2023-04-04 10:00:00+00:00,20.7,21.742998,0.0,17.3,0.264
2023-04-04 11:00:00+00:00,20.75,22.241718,0.0,18.1,0.262
2023-04-04 12:00:00+00:00,17.0,39.167507,1.8,18.35,0.259
2023-04-04 13:00:00+00:00,16.75,39.09487,0.0,17.75,0.259
2023-04-04 14:00:00+00:00,16.7,33.386597,0.0,17.05,0.258
2023-04-04 15:00:00+00:00,14.1,49.03125,0.1,16.15,0.259
2023-04-04 16:00:00+00:00,12.4,60.424282,0.1,14.8,0.26
2023-04-04 17:00:00+00:00,9.4,84.10056,0.0,13.4,0.26
2023-04-04 18:00:00+00:00,8.35,82.82331,0.0,12.05,0.26
2023-04-04 19:00:00+00:00,8.3,79.99033,0.0,11.1,0.26
2023-04-04 20:00:00+00:00,7.65,84.18801,0.0,10.4,0.26
2023-04-04 21:00:00+00:00,7.6,83.889824,0.0,9.85,0.26
2023-04-04 22:00:00+00:00,7.4,83.28333,0.0,9.4,0.26
2023-04-04 23:00:00+00:00,7.35,81.264786,0.0,9.15,0.26
2023-04-05 00:00:00+00:00,6.8,89.22721,0.0,9.6,0.258
2023-04-05 01:00:00+00:00,6.0,91.36955,0.0,8.9,0.259
2023-04-05 02:00:00+00:00,5.95,90.73027,0.0,8.35,0.259
2023-04-05 03:00:00+00:00,5.85,89.775856,0.0,7.9,0.259
2023-04-05 04:00:00+00:00,6.25,88.871155,0.7,7.65,0.269
2023-04-05 05:00:00+00:00,7.5,87.14624,1.4,8.15,0.288
2023-04-05 06:00:00+00:00,8.7,81.72878,0.0,9.1,0.288
2023-04-05 07:00:00+00:00,10.8,68.33946,0.1,10.4,0.288
2023-04-05 08:00:00+00:00,12.9,53.014378,0.1,12.15,0.288
2023-04-05 09:00:00+00:00,13.25,49.316284,0.1,13.15,0.288
2023-04-05 10:00:00+00:00,14.15,44.100384,0.0,14.15,0.287
2023-04-05 11:00:00+00:00,14.55,40.43941,0.0,14.6,0.286
2023-04-05 12:00:00+00:00,10.6,66.419136,0.0,15.0,0.315
2023-04-05 13:00:00+00:00,12.2,57.08815,0.2,14.85,0.315
2023-04-05 14:00:00+00:00,12.1,54.894444,0.0,14.45,0.315
2023-04-05 15:00:00+00:00,11.1,60.108166,0.1,13.9,0.314
2023-04-05 16:00:00+00:00,8.9,76.54182,0.0,12.75,0.313
2023-04-05 17:00:00+00:00,7.8,84.4983,0.9,11.6,0.323
2023-04-05 18:00:00+00:00,7.25,89.88427,1.1,10.45,0.337
2023-04-05 19:00:00+00:00,6.65,93.65789,0.7,9.6,0.345
2023-04-05 20:00:00+00:00,6.4,96.27624,0.3,9.0,0.347
2023-04-05 21:00:00+00:00,6.15,96.2689,0.0,8.55,0.346
2023-04-05 22:00:00+00:00,6.0,91.6889,0.1,8.15,0.345
2023-04-05 23:00:00+00:00,5.55,95.5831,0.0,7.8,0.344
2023-04-06 00:00:00+00:00,5.4,92.29483,0.0,8.0,0.321
2023-04-06 01:00:00+00:00,4.25,93.8687,0.0,7.25,0.321
2023-04-06 02:00:00+00:00,3.45,94.834335,0.0,6.6,0.32
2023-04-06 03:00:00+00:00,3.25,95.163536,0.0,6.1,0.319
2023-04-06 04:00:00+00:00,3.55,94.16834,0.0,5.75,0.319
2023-04-06 05:00:00+00:00,5.15,83.89362,0.0,6.25,0.318
2023-04-06 06:00:00+00:00,6.45,70.89555,0.0,7.4,0.317
2023-04-06 07:00:00+00:00,8.1,61.321083,0.0,9.1,0.316
2023-04-06 08:00:00+00:00,9.6,47.24321,0.0,10.9,0.315
2023-04-06 09:00:00+00:00,11.05,38.686985,0.0,12.65,0.313
2023-04-06 10:00:00+00:00,12.1,33.13452,0.0,14.05,0.31
2023-04-06 11:00:00+00:00,13.45,28.4585,0.0,15.0,0.308
2023-04-06 12:00:00+00:00,12.6,33.78134,0.1,15.4,0.307
2023-04-06 13:00:00+00:00,11.95,37.96354,0.0,15.2,0.306
2023-04-06 14:00:00+00:00,11.25,39.907085,0.0,14.45,0.305
2023-04-06 15:00:00+00:00,11.25,39.614063,0.0,13.9,0.304
2023-04-06 16:00:00+00:00,9.15,60.27055,0.0,12.65,0.303
2023-04-06 17:00:00+00:00,7.7,58.625584,0.1,11.3,0.304
2023-04-06 18:00:00+00:00,7.55,69.36471,0.8,10.25,0.312
2023-04-06 19:00:00+00:00,6.7,85.56148,1.6,9.25,0.331
2023-04-06 20:00:00+00:00,6.1,84.59982,0.7,8.65,0.338
2023-04-06 21:00:00+00:00,5.95,85.48066,0.7,8.2,0.346
2023-04-06 22:00:00+00:00,5.55,90.384315,0.4,7.7,0.35
2023-04-06 23:00:00+00:00,4.1,96.54727,1.3,7.2,0.362
2023-04-07 00:00:00+00:00,3.1,96.17756,0.4,7.55,0.355
2023-04-07 01:00:00+00:00,3.45,93.165726,0.0,6.8,0.353
2023-04-07 02:00:00+00:00,2.6,93.4537,0.0,6.05,0.351
2023-04-07 03:00:00+00:00,3.55,95.85145,0.0,5.7,0.349
2023-04-07 04:00:00+00:00,3.5,96.530716,0.0,5.45,0.347
2023-04-07 05:00:00+00:00,5.15,87.84324,0.0,5.95,0.345
2023-04-07 06:00:00+00:00,6.35,76.389984,0.0,7.2,0.343
2023-04-07 07:00:00+00:00,7.35,65.46891,0.1,8.45,0.342
2023-04-07 08:00:00+00:00,8.7,64.1542,0.0,10.0,0.341
2023-04-07 09:00:00+00:00,9.95,57.11874,0.1,11.55,0.339
2023-04-07 10:00:00+00:00,10.8,51.515537,0.2,12.65,0.338
2023-04-07 11:00:00+00:00,7.6,73.9445,1.4,12.75,0.351
2023-04-07 12:00:00+00:00,8.9,58.717426,0.1,13.8,0.329
2023-04-07 13:00:00+00:00,9.4,54.965206,0.3,13.2,0.33
2023-04-07 14:00:00+00:00,8.4,67.1188,0.7,12.05,0.335
2023-04-07 15:00:00+00:00,8.65,59.503498,0.0,11.4,0.334
2023-04-07 16:00:00+00:00,7.7,61.224026,0.0,10.5,0.333
2023-04-07 17:00:00+00:00,6.15,68.08816,0.0,9.45,0.331
2023-04-07 18:00:00+00:00,5.15,73.764206,0.0,8.55,0.33
2023-04-07 19:00:00+00:00,4.15,77.68587,0.0,7.8,0.329
2023-04-07 20:00:00+00:00,3.35,80.12965,0.0,7.1,0.328
2023-04-07 21:00:00+00:00,2.6,83.28279,0.0,6.5,0.328
2023-04-07 22:00:00+00:00,1.1,90.70481,0.0,5.9,0.327
2023-04-07 23:00:00+00:00,2.1,85.05521,0.0,5.2,0.326
2023-04-08 00:00:00+00:00,1.9,87.22169,0.0,5.35,0.319
2023-04-08 01:00:00+00:00,1.45,88.45491,0.0,4.8,0.319
2023-04-08 02:00:00+00:00,0.15,92.64634,0.0,4.3,0.318
2023-04-08 03:00:00+00:00,-0.8,95.00439,0.0,3.85,0.318
2023-04-08 04:00:00+00:00,0.2,94.6989,0.0,3.65,0.317
2023-04-08 05:00:00+00:00,3.15,83.95457,0.0,4.45,0.316
2023-04-08 06:00:00+00:00,5.5,72.51309,0.0,6.1,0.316
2023-04-08 07:00:00+00:00,7.35,63.843002,0.0,8.1,0.314
2023-04-08 08:00:00+00:00,9.1,53.90247,0.0,10.25,0.313
2023-04-08 09:00:00+00:00,10.55,48.209198,0.0,12.2,0.311
2023-04-08 10:00:00+00:00,11.6,44.478992,0.0,13.85,0.309
2023-04-08 11:00:00+00:00,12.3,41.257008,0.0,15.05,0.307
2023-04-08 12:00:00+00:00,13.7,31.20824,0.0,15.25,0.306
2023-04-08 13:00:00+00:00,13.5,32.812157,0.0,15.35,0.305
2023-04-08 14:00:00+00:00,13.35,33.38048,0.0,15.0,0.303
2023-04-08 15:00:00+00:00,12.75,34.458572,0.0,14.15,0.302
2023-04-08 16:00:00+00:00,9.9,56.69911,0.0,12.8,0.302
2023-04-08 17:00:00+00:00,7.75,57.376328,0.0,11.2,0.302
2023-04-08 18:00:00+00:00,7.65,55.29995,0.0,10.05,0.301
2023-04-08 19:00:00+00:00,7.15,57.639854,0.0,9.25,0.301
2023-04-08 20:00:00+00:00,6.85,60.35538,0.0,8.8,0.301
2023-04-08 21:00:00+00:00,6.55,60.94322,0.0,8.4,0.3
2023-04-08 22:00:00+00:00,6.2,60.414413,0.0,8.0,0.3
2023-04-08 23:00:00+00:00,5.4,62.23779,0.0,7.5,0.3
2023-04-09 00:00:00+00:00,4.75,65.35631,0.0,7.5,0.301
2023-04-09 01:00:00+00:00,4.9,65.629906,0.0,7.2,0.3
2023-04-09 02:00:00+00:00,4.7,66.55169,0.0,7.0,0.3
2023-04-09 03:00:00+00:00,4.95,66.12251,0.0,6.9,0.3
2023-04-09 04:00:00+00:00,5.1,66.64007,0.0,6.75,0.299
2023-04-09 05:00:00+00:00,7.55,59.875023,0.0,7.3,0.299
2023-04-09 06:00:00+00:00,9.6,52.879494,0.0,8.4,0.298
2023-04-09 07:00:00+00:00,11.85,47.540874,0.0,10.2,0.298
2023-04-09 08:00:00+00:00,13.3,44.64856,0.0,11.9,0.296
2023-04-09 09:00:00+00:00,15.1,40.454983,0.0,13.8,0.295
2023-04-09 10:00:00+00:00,13.9,46.608883,0.0,13.95,0.294
2023-04-09 11:00:00+00:00,14.4,45.12389,0.0,14.15,0.293
2023-04-09 12:00:00+00:00,15.35,42.295776,0.0,14.2,0.287
2023-04-09 13:00:00+00:00,15.0,43.56567,0.0,14.1,0.287
2023-04-09 14:00:00+00:00,14.8,44.28704,0.0,14.05,0.286
2023-04-09 15:00:00+00:00,14.2,47.359047,0.0,13.7,0.286
2023-04-09 16:00:00+00:00,12.6,57.591488,0.0,12.9,0.285
2023-04-09 17:00:00+00:00,11.15,61.617153,0.0,11.95,0.285
2023-04-09 18:00:00+00:00,9.7,67.63413,0.0,11.0,0.285
2023-04-09 19:00:00+00:00,9.2,69.944984,0.0,10.4,0.285
2023-04-09 20:00:00+00:00,10.0,69.37471,0.0,10.25,0.285
2023-04-09 21:00:00+00:00,9.45,76.89761,0.2,9.85,0.286
2023-04-09 22:00:00+00:00,8.75,80.611404,0.6,9.4,0.292
2023-04-09 23:00:00+00:00,7.6,86.553795,1.4,8.9,0.311
2023-04-10 00:00:00+00:00,8.15,81.65609,0.4,9.6,0.403
2023-04-10 01:00:00+00:00,7.55,88.67292,0.2,8.9,0.394
2023-04-10 02:00:00+00:00,7.1,90.8115,0.0,8.4,0.386
2023-04-10 03:00:00+00:00,6.85,92.701,0.0,8.05,0.38
2023-04-10 04:00:00+00:00,7.15,92.39829,0.0,7.95,0.376
2023-04-10 05:00:00+00:00,8.45,89.0546,0.2,8.55,0.374
2023-04-10 06:00:00+00:00,9.45,84.68482,0.0,9.6,0.37
2023-04-10 07:00:00+00:00,11.2,76.91413,0.1,11.1,0.367
2023-04-10 08:00:00+00:00,11.6,76.97801,0.4,11.9,0.367
2023-04-10 09:00:00+00:00,12.4,69.61699,0.1,12.9,0.364
2023-04-10 10:00:00+00:00,13.85,62.467136,0.0,14.55,0.36
2023-04-10 11:00:00+00:00,14.75,59.748226,0.0,15.8,0.356
2023-04-10 12:00:00+00:00,12.2,66.76378,2.8,15.65,0.375
2023-04-10 13:00:00+00:00,11.6,70.17849,0.3,14.7,0.373
2023-04-10 14:00:00+00:00,10.4,78.38473,0.5,12.95,0.374
2023-04-10 15:00:00+00:00,10.25,77.02611,0.0,12.3,0.37
2023-04-10 16:00:00+00:00,9.45,82.95988,0.0,11.6,0.367
2023-04-10 17:00:00+00:00,7.95,91.49763,0.0,10.6,0.364
2023-04-10 18:00:00+00:00,7.1,94.32821,0.0,9.8,0.362
2023-04-10 19:00:00+00:00,6.65,94.634995,0.0,9.15,0.36
2023-04-10 20:00:00+00:00,5.9,97.268654,0.0,8.65,0.358
2023-04-10 21:00:00+00:00,4.85,98.270645,0.0,8.2,0.356
2023-04-10 22:00:00+00:00,3.7,98.254616,0.0,7.55,0.354
2023-04-10 23:00:00+00:00,3.05,99.29489,0.0,6.95,0.353
2023-04-11 00:00:00+00:00,4.7,92.25288,0.0,7.85,0.38
2023-04-11 01:00:00+00:00,3.35,94.83024,0.0,7.2,0.378
2023-04-11 02:00:00+00:00,2.5,96.84766,0.0,6.55,0.376
2023-04-11 03:00:00+00:00,3.2,99.29573,0.0,6.25,0.374
2023-04-11 04:00:00+00:00,3.8,99.29916,0.0,6.35,0.372
2023-04-11 05:00:00+00:00,5.1,93.90941,0.0,7.0,0.37
2023-04-11 06:00:00+00:00,6.1,87.930275,0.1,7.8,0.37
2023-04-11 07:00:00+00:00,7.25,80.683846,0.2,8.95,0.37
2023-04-11 08:00:00+00:00,8.45,74.096596,0.3,10.5,0.37
2023-04-11 09:00:00+00:00,9.65,67.386505,0.2,11.85,0.37
2023-04-11 10:00:00+00:00,10.9,58.800766,0.1,13.15,0.367
2023-04-11 11:00:00+00:00,11.85,53.107918,0.0,14.15,0.365
2023-04-11 12:00:00+00:00,11.55,54.17011,0.0,14.95,0.362
2023-04-11 13:00:00+00:00,11.6,52.104797,0.0,15.0,0.36
2023-04-11 14:00:00+00:00,10.95,52.488483,0.0,14.45,0.358
2023-04-11 15:00:00+00:00,10.45,53.492065,0.0,13.55,0.357
2023-04-11 16:00:00+00:00,9.5,58.449158,0.0,12.5,0.356
2023-04-11 17:00:00+00:00,7.95,64.90385,0.0,11.25,0.355
2023-04-11 18:00:00+00:00,6.3,83.4411,0.8,9.9,0.362
2023-04-11 19:00:00+00:00,6.05,86.701035,0.7,8.9,0.371
2023-04-11 20:00:00+00:00,5.0,91.94718,0.1,8.15,0.371
2023-04-11 21:00:00+00:00,5.45,87.25399,0.6,7.75,0.377
2023-04-11 22:00:00+00:00,3.95,89.62596,2.3,7.2,0.396
2023-04-11 23:00:00+00:00,3.65,93.50756,0.9,6.85,0.396
2023-04-12 00:00:00+00:00,4.35,90.29525,0.0,7.9,0.353
2023-04-12 01:00:00+00:00,2.95,95.83157,0.0,6.9,0.353
2023-04-12 02:00:00+00:00,2.0,97.1822,0.0,6.05,0.352
2023-04-12 03:00:00+00:00,0.8,98.21321,0.0,5.35,0.351
2023-04-12 04:00:00+00:00,2.05,96.83623,0.0,5.0,0.351
2023-04-12 05:00:00+00:00,3.85,88.03606,0.0,5.55,0.35
2023-04-12 06:00:00+00:00,5.25,78.419334,0.0,6.75,0.349
2023-04-12 07:00:00+00:00,6.7,68.44986,0.0,8.25,0.348
2023-04-12 08:00:00+00:00,7.85,61.4814,0.0,9.5,0.347
2023-04-12 09:00:00+00:00,8.7,57.207047,0.0,10.45,0.346
2023-04-12 10:00:00+00:00,9.8,51.054913,0.2,11.6,0.346
2023-04-12 11:00:00+00:00,10.65,49.118023,0.2,12.5,0.346
2023-04-12 12:00:00+00:00,6.15,79.39768,0.0,13.05,0.351
2023-04-12 13:00:00+00:00,7.55,74.72269,0.3,11.6,0.352
2023-04-12 14:00:00+00:00,9.1,60.04331,0.0,11.9,0.351
2023-04-12 15:00:00+00:00,8.3,66.62221,0.1,11.25,0.351
2023-04-12 16:00:00+00:00,7.25,73.35992,0.0,10.35,0.35
2023-04-12 17:00:00+00:00,4.9,88.75634,0.0,9.2,0.349
2023-04-12 18:00:00+00:00,5.2,86.92242,0.0,8.4,0.349
2023-04-12 19:00:00+00:00,4.9,87.510086,0.0,7.75,0.348
2023-04-12 20:00:00+00:00,4.35,91.58221,0.0,7.25,0.348
2023-04-12 21:00:00+00:00,3.85,93.84941,0.0,6.85,0.347
2023-04-12 22:00:00+00:00,3.85,94.182106,0.0,6.6,0.347
2023-04-12 23:00:00+00:00,4.3,89.02011,0.0,6.55,0.346
2023-04-13 00:00:00+00:00,3.4,90.223854,0.0,7.6,0.344
2023-04-13 01:00:00+00:00,3.4,90.546326,0.0,7.0,0.344
2023-04-13 02:00:00+00:00,2.75,94.131386,0.0,6.45,0.344
2023-04-13 03:00:00+00:00,2.6,95.13851,0.0,6.0,0.343
2023-04-13 04:00:00+00:00,3.0,94.81589,0.0,5.75,0.343
2023-04-13 05:00:00+00:00,4.85,83.559975,0.0,6.2,0.342
2023-04-13 06:00:00+00:00,6.25,74.75943,0.1,7.15,0.343
2023-04-13 07:00:00+00:00,7.7,64.15372,0.1,8.4,0.344
2023-04-13 08:00:00+00:00,8.8,57.64648,0.1,9.55,0.344
2023-04-13 09:00:00+00:00,10.15,50.2355,0.3,10.7,0.346
2023-04-13 10:00:00+00:00,11.1,45.643093,0.4,11.55,0.348
2023-04-13 11:00:00+00:00,11.35,45.715115,0.2,12.05,0.349
2023-04-13 12:00:00+00:00,11.6,45.952904,0.2,12.8,0.348
2023-04-13 13:00:00+00:00,12.1,44.462704,0.1,13.15,0.347
2023-04-13 14:00:00+00:00,12.3,40.66002,0.0,13.05,0.346
2023-04-13 15:00:00+00:00,11.95,40.11408,0.0,12.55,0.345
2023-04-13 16:00:00+00:00,10.8,46.730812,0.0,11.75,0.344
2023-04-13 17:00:00+00:00,8.5,59.252666,0.0,10.75,0.344
2023-04-13 18:00:00+00:00,6.75,68.215256,0.0,9.6,0.343
2023-04-13 19:00:00+00:00,5.85,71.80183,0.0,8.75,0.342
2023-04-13 20:00:00+00:00,5.25,72.72738,0.0,8.1,0.342
2023-04-13 21:00:00+00:00,3.5,81.61138,0.0,7.4,0.341
2023-04-13 22:00:00+00:00,4.0,75.994606,0.0,6.7,0.341
2023-04-13 23:00:00+00:00,3.9,73.802666,0.0,6.2,0.34
2023-04-14 00:00:00+00:00,4.2,70.190094,0.0,6.55,0.341
2023-04-14 01:00:00+00:00,3.95,70.6538,0.0,6.25,0.341
2023-04-14 02:00:00+00:00,3.1,74.46836,0.0,5.9,0.34
2023-04-14 03:00:00+00:00,2.8,74.96155,0.0,5.5,0.34
2023-04-14 04:00:00+00:00,3.9,69.61777,0.0,5.45,0.339
2023-04-14 05:00:00+00:00,6.6,62.07322,0.0,6.25,0.338
2023-04-14 06:00:00+00:00,9.0,54.661026,0.0,7.7,0.338
2023-04-14 07:00:00+00:00,11.35,49.66989,0.0,9.5,0.337
2023-04-14 08:00:00+00:00,13.4,44.358562,0.0,11.4,0.335
2023-04-14 09:00:00+00:00,15.0,40.137524,0.0,13.25,0.333
2023-04-14 10:00:00+00:00,16.4,36.829945,0.0,14.8,0.331
2023-04-14 11:00:00+00:00,17.4,34.81574,0.0,16.05,0.329
2023-04-14 12:00:00+00:00,18.0,33.285122,0.0,16.75,0.326
2023-04-14 13:00:00+00:00,18.45,32.82446,0.0,17.1,0.324
2023-04-14 14:00:00+00:00,18.25,35.062828,0.0,16.95,0.323
2023-04-14 15:00:00+00:00,17.6,39.619415,0.0,16.25,0.322
2023-04-14 16:00:00+00:00,15.1,48.62313,0.0,15.05,0.322
2023-04-14 17:00:00+00:00,13.6,51.547646,0.0,13.75,0.321
2023-04-14 18:00:00+00:00,13.15,53.455643,0.0,12.85,0.321
2023-04-14 19:00:00+00:00,12.25,55.5175,0.0,12.2,0.321
2023-04-14 20:00:00+00:00,11.2,58.050594,0.0,11.6,0.321
2023-04-14 21:00:00+00:00,9.45,64.32554,0.0,10.85,0.32
2023-04-14 22:00:00+00:00,8.05,69.46681,0.0,10.15,0.32
2023-04-14 23:00:00+00:00,7.6,71.88171,0.0,9.55,0.32
2023-04-15 00:00:00+00:00,8.05,70.457726,0.0,9.5,0.313
2023-04-15 01:00:00+00:00,7.65,71.13116,0.0,9.05,0.313
2023-04-15 02:00:00+00:00,7.6,69.12858,0.0,8.7,0.313
2023-04-15 03:00:00+00:00,7.2,68.554665,0.0,8.35,0.313
2023-04-15 04:00:00+00:00,7.85,65.58079,0.0,8.25,0.313
2023-04-15 05:00:00+00:00,10.1,59.018486,0.0,9.1,0.313
2023-04-15 06:00:00+00:00,12.5,49.107433,0.0,10.55,0.312
2023-04-15 07:00:00+00:00,14.65,42.54606,0.0,12.3,0.311
2023-04-15 08:00:00+00:00,16.55,40.0178,0.0,14.2,0.309
2023-04-15 09:00:00+00:00,17.85,37.91628,0.0,16.0,0.307
2023-04-15 10:00:00+00:00,18.85,35.612114,0.0,17.6,0.305
2023-04-15 11:00:00+00:00,19.65,32.243645,0.0,18.85,0.303
2023-04-15 12:00:00+00:00,20.0,29.910698,0.0,19.5,0.299
2023-04-15 13:00:00+00:00,20.25,28.826607,0.0,19.75,0.298
2023-04-15 14:00:00+00:00,19.9,29.56333,0.0,19.4,0.296
2023-04-15 15:00:00+00:00,19.05,33.70842,0.0,18.55,0.295
2023-04-15 16:00:00+00:00,15.65,53.744118,0.0,17.15,0.295
2023-04-15 17:00:00+00:00,13.95,48.473717,0.0,15.5,0.295
2023-04-15 18:00:00+00:00,13.95,45.96575,0.0,14.55,0.295
2023-04-15 19:00:00+00:00,13.35,48.305927,0.0,13.85,0.295
2023-04-15 20:00:00+00:00,12.6,54.44798,0.0,13.25,0.295
2023-04-15 21:00:00+00:00,12.75,54.67934,0.0,12.95,0.295
2023-04-15 22:00:00+00:00,12.15,56.87524,0.0,12.65,0.295
2023-04-15 23:00:00+00:00,10.4,65.91277,0.0,12.1,0.295
2023-04-16 00:00:00+00:00,10.3,79.18059,0.0,12.1,0.288
2023-04-16 01:00:00+00:00,10.75,75.27489,0.1,11.45,0.289
2023-04-16 02:00:00+00:00,10.5,73.94629,0.1,10.95,0.291
2023-04-16 03:00:00+00:00,8.6,90.295845,2.1,10.45,0.319
2023-04-16 04:00:00+00:00,10.1,83.03983,0.1,10.35,0.319
2023-04-16 05:00:00+00:00,11.25,82.060425,0.0,10.85,0.319
2023-04-16 06:00:00+00:00,13.35,71.72735,0.0,12.1,0.318
2023-04-16 07:00:00+00:00,15.7,57.968872,0.0,13.85,0.317
2023-04-16 08:00:00+00:00,17.5,51.35173,0.0,15.85,0.315
2023-04-16 09:00:00+00:00,18.95,44.6897,0.0,17.75,0.313
2023-04-16 10:00:00+00:00,20.1,38.566166,0.0,19.2,0.311
2023-04-16 11:00:00+00:00,20.65,33.45851,0.0,20.1,0.309
2023-04-16 12:00:00+00:00,19.7,33.420715,0.0,19.05,0.306
2023-04-16 13:00:00+00:00,18.65,36.70144,0.2,18.7,0.306
2023-04-16 14:00:00+00:00,18.45,35.74833,0.0,18.45,0.305
2023-04-16 15:00:00+00:00,18.55,33.325493,0.0,17.95,0.304
2023-04-16 16:00:00+00:00,15.35,52.381687,0.0,16.85,0.304
2023-04-16 17:00:00+00:00,13.9,55.75059,0.0,15.6,0.304
2023-04-16 18:00:00+00:00,12.45,60.016888,0.0,14.4,0.304
2023-04-16 19:00:00+00:00,11.35,64.75476,0.0,13.5,0.304
2023-04-16 20:00:00+00:00,10.65,68.30836,0.0,12.8,0.304
2023-04-16 21:00:00+00:00,10.7,65.97854,0.0,12.3,0.303
2023-04-16 22:00:00+00:00,10.6,65.04016,0.0,11.95,0.303
2023-04-16 23:00:00+00:00,10.0,68.891815,0.0,11.6,0.303
2023-04-17 00:00:00+00:00,8.45,84.28056,0.0,11.6,0.318
2023-04-17 01:00:00+00:00,8.25,84.5495,0.0,11.0,0.318
2023-04-17 02:00:00+00:00,8.8,78.412,0.0,10.45,0.317
2023-04-17 03:00:00+00:00,8.05,79.95452,0.0,9.95,0.317
2023-04-17 04:00:00+00:00,10.4,71.16581,0.0,10.0,0.317
2023-04-17 05:00:00+00:00,13.5,59.856346,0.0,10.9,0.316
2023-04-17 06:00:00+00:00,15.85,51.794956,0.0,12.35,0.316
2023-04-17 07:00:00+00:00,17.95,43.192066,0.0,13.95,0.314
2023-04-17 08:00:00+00:00,19.25,38.321377,0.0,15.3,0.313
2023-04-17 09:00:00+00:00,19.3,32.372528,0.0,16.45,0.311
2023-04-17 10:00:00+00:00,20.2,28.504354,0.0,17.35,0.31
2023-04-17 11:00:00+00:00,21.1,25.093204,0.0,18.25,0.308
2023-04-17 12:00:00+00:00,21.0,26.081299,0.0,17.65,0.312
2023-04-17 13:00:00+00:00,21.3,26.070374,0.0,18.1,0.31
2023-04-17 14:00:00+00:00,20.8,26.690731,0.0,18.2,0.308
2023-04-17 15:00:00+00:00,18.1,46.329002,0.4,17.4,0.311
2023-04-17 16:00:00+00:00,16.2,52.60822,0.0,16.45,0.311
2023-04-17 17:00:00+00:00,14.25,62.346165,0.0,15.4,0.31
2023-04-17 18:00:00+00:00,13.25,67.909,0.0,14.5,0.31
2023-04-17 19:00:00+00:00,11.95,72.69663,0.0,13.7,0.31
2023-04-17 20:00:00+00:00,11.3,70.84872,0.0,13.1,0.31
2023-04-17 21:00:00+00:00,12.5,56.566685,0.0,12.25,0.309
2023-04-17 22:00:00+00:00,11.45,60.830307,0.0,11.45,0.309
2023-04-17 23:00:00+00:00,7.9,73.99832,0.0,10.8,0.309
2023-04-18 00:00:00+00:00,10.65,52.973667,0.0,11.9,0.291
2023-04-18 01:00:00+00:00,10.85,53.791294,0.0,11.65,0.291
2023-04-18 02:00:00+00:00,9.85,61.96106,0.0,11.2,0.291
2023-04-18 03:00:00+00:00,10.45,55.837315,0.0,10.85,0.291
2023-04-18 04:00:00+00:00,11.0,55.58432,0.0,10.85,0.291
2023-04-18 05:00:00+00:00,13.05,49.435745,0.0,11.55,0.29
2023-04-18 06:00:00+00:00,14.85,41.11101,0.0,12.85,0.29
2023-04-18 07:00:00+00:00,16.7,37.181953,0.0,14.4,0.289
2023-04-18 08:00:00+00:00,16.55,39.454536,0.0,15.15,0.288
2023-04-18 09:00:00+00:00,16.95,41.865776,0.0,16.2,0.286
2023-04-18 10:00:00+00:00,17.35,46.119007,0.4,17.3,0.289
2023-04-18 11:00:00+00:00,17.45,40.99189,0.5,16.75,0.292
2023-04-18 12:00:00+00:00,15.8,49.500683,0.0,17.75,0.304
2023-04-18 13:00:00+00:00,18.4,37.942135,0.0,18.3,0.303
2023-04-18 14:00:00+00:00,18.15,40.198296,0.0,18.2,0.301
2023-04-18 15:00:00+00:00,15.9,47.668495,0.3,17.45,0.303
2023-04-18 16:00:00+00:00,13.0,72.64156,0.4,15.75,0.307
2023-04-18 17:00:00+00:00,11.25,86.3286,1.1,14.25,0.32
2023-04-18 18:00:00+00:00,10.8,86.86879,0.1,13.1,0.321
2023-04-18 19:00:00+00:00,10.5,86.54598,0.0,12.3,0.321
2023-04-18 20:00:00+00:00,9.9,88.56976,0.0,11.65,0.32
2023-04-18 21:00:00+00:00,9.3,91.27386,0.0,11.15,0.32
2023-04-18 22:00:00+00:00,8.85,91.24398,0.0,10.7,0.319
2023-04-18 23:00:00+00:00,7.95,93.721436,0.0,10.3,0.319
2023-04-19 00:00:00+00:00,7.95,90.24791,0.0,10.4,0.336
2023-04-19 01:00:00+00:00,7.4,93.37276,0.0,9.85,0.335
2023-04-19 02:00:00+00:00,6.4,95.94387,0.0,9.4,0.334
2023-04-19 03:00:00+00:00,5.8,96.258575,0.0,8.95,0.333
2023-04-19 04:00:00+00:00,7.35,93.3702,0.0,8.8,0.332
2023-04-19 05:00:00+00:00,10.0,91.939384,0.0,9.85,0.331
2023-04-19 06:00:00+00:00,11.9,74.70136,0.0,11.55,0.33
2023-04-19 07:00:00+00:00,13.6,67.75043,0.0,13.3,0.329
2023-04-19 08:00:00+00:00,15.1,60.862713,0.0,15.0,0.327
2023-04-19 09:00:00+00:00,16.3,53.91458,0.0,16.55,0.324
2023-04-19 10:00:00+00:00,17.2,50.746906,0.0,17.95,0.322
2023-04-19 11:00:00+00:00,17.4,47.919556,0.1,18.45,0.32
2023-04-19 12:00:00+00:00,16.0,49.727737,0.4,18.1,0.329
2023-04-19 13:00:00+00:00,16.1,50.798912,0.0,18.15,0.326
2023-04-19 14:00:00+00:00,17.1,43.70636,0.0,18.05,0.324
2023-04-19 15:00:00+00:00,16.2,43.755688,0.0,17.45,0.323
2023-04-19 16:00:00+00:00,13.4,60.039383,0.0,16.3,0.322
2023-04-19 17:00:00+00:00,10.8,70.9968,0.0,14.85,0.321
2023-04-19 18:00:00+00:00,9.55,76.38286,0.0,13.65,0.32
2023-04-19 19:00:00+00:00,8.85,80.90481,0.0,12.65,0.32
2023-04-19 20:00:00+00:00,7.4,88.35353,0.0,11.75,0.319
2023-04-19 21:00:00+00:00,6.9,88.92582,0.0,10.95,0.318
2023-04-19 22:00:00+00:00,7.5,85.053696,0.0,10.45,0.318
2023-04-19 23:00:00+00:00,7.85,82.47328,0.0,10.0,0.317
2023-04-20 00:00:00+00:00,7.8,88.08376,0.0,10.45,0.331
2023-04-20 01:00:00+00:00,7.7,92.74866,0.7,10.0,0.34
2023-04-20 02:00:00+00:00,7.35,91.45852,1.6,9.65,0.36
2023-04-20 03:00:00+00:00,7.05,89.2476,0.6,9.35,0.366
2023-04-20 04:00:00+00:00,7.35,89.271996,0.4,9.2,0.367
2023-04-20 05:00:00+00:00,7.6,86.553795,0.1,9.45,0.365
2023-04-20 06:00:00+00:00,8.1,84.53246,0.0,10.05,0.362
2023-04-20 07:00:00+00:00,9.5,73.00125,0.1,11.1,0.36
2023-04-20 08:00:00+00:00,10.95,65.11824,0.2,12.4,0.358
2023-04-20 09:00:00+00:00,11.8,61.12783,0.1,13.6,0.355
2023-04-20 10:00:00+00:00,13.25,57.155426,0.2,14.95,0.353
2023-04-20 11:00:00+00:00,13.2,54.60584,0.2,15.35,0.351
2023-04-20 12:00:00+00:00,10.0,69.860596,1.2,15.5,0.35
2023-04-20 13:00:00+00:00,12.2,56.291386,0.0,15.5,0.347
2023-04-20 14:00:00+00:00,13.3,47.78009,0.0,15.5,0.345
2023-04-20 15:00:00+00:00,12.95,46.173573,0.0,15.05,0.343
2023-04-20 16:00:00+00:00,11.65,52.1184,0.0,14.15,0.341
2023-04-20 17:00:00+00:00,9.85,58.121464,0.0,12.95,0.339
2023-04-20 18:00:00+00:00,8.8,62.597374,0.0,11.95,0.338
2023-04-20 19:00:00+00:00,7.8,67.95071,0.0,11.1,0.337
2023-04-20 20:00:00+00:00,6.9,74.08084,0.0,10.35,0.336
2023-04-20 21:00:00+00:00,5.8,81.62937,0.0,9.65,0.334
2023-04-20 22:00:00+00:00,5.0,86.90267,0.0,9.05,0.333
2023-04-20 23:00:00+00:00,4.55,89.673645,0.0,8.5,0.332
2023-04-21 00:00:00+00:00,3.95,90.90864,0.0,9.45,0.329
2023-04-21 01:00:00+00:00,4.1,90.59736,0.0,8.65,0.328
2023-04-21 02:00:00+00:00,3.85,89.93736,0.0,7.95,0.327
2023-04-21 03:00:00+00:00,3.9,88.986435,0.0,7.4,0.326
2023-04-21 04:00:00+00:00,5.1,85.69121,0.0,7.35,0.325
2023-04-21 05:00:00+00:00,6.8,79.21389,0.0,8.25,0.325
2023-04-21 06:00:00+00:00,8.65,72.58939,0.0,9.7,0.323
2023-04-21 07:00:00+00:00,10.5,65.93472,0.0,11.45,0.322
2023-04-21 08:00:00+00:00,11.95,60.104733,0.0,13.2,0.32
2023-04-21 09:00:00+00:00,12.75,55.647484,0.1,14.5,0.319
2023-04-21 10:00:00+00:00,13.9,50.375378,0.0,16.0,0.317
2023-04-21 11:00:00+00:00,14.9,45.748646,0.0,17.0,0.315
2023-04-21 12:00:00+00:00,13.75,45.908806,0.0,16.9,0.314
2023-04-21 13:00:00+00:00,14.25,42.127556,0.0,16.95,0.312
2023-04-21 14:00:00+00:00,14.25,41.083443,0.0,16.7,0.311
2023-04-21 15:00:00+00:00,13.4,44.199936,0.0,15.9,0.309
2023-04-21 16:00:00+00:00,11.95,52.94662,0.0,14.75,0.309
2023-04-21 17:00:00+00:00,8.8,67.68163,0.0,13.1,0.308
2023-04-21 18:00:00+00:00,8.1,72.23141,0.0,11.85,0.308
2023-04-21 19:00:00+00:00,7.85,72.43961,0.0,10.9,0.308
2023-04-21 20:00:00+00:00,9.15,64.485306,0.0,10.1,0.307
2023-04-21 21:00:00+00:00,6.65,79.19155,0.0,9.55,0.307
2023-04-21 22:00:00+00:00,5.95,84.58269,0.0,9.0,0.307
2023-04-21 23:00:00+00:00,5.45,89.1161,0.0,8.6,0.306
2023-04-22 00:00:00+00:00,5.35,90.36957,0.0,9.0,0.3
2023-04-22 01:00:00+00:00,4.5,93.55068,0.0,8.4,0.3
2023-04-22 02:00:00+00:00,3.85,95.52338,0.0,7.85,0.299
2023-04-22 03:00:00+00:00,3.4,96.87029,0.0,7.3,0.299
2023-04-22 04:00:00+00:00,5.35,93.92129,0.0,7.3,0.299
2023-04-22 05:00:00+00:00,7.1,85.90315,0.0,8.3,0.299
2023-04-22 06:00:00+00:00,9.1,72.67314,0.0,9.85,0.298
2023-04-22 07:00:00+00:00,10.85,63.077236,0.0,11.7,0.297
2023-04-22 08:00:00+00:00,12.05,56.252693,0.0,13.25,0.296
2023-04-22 09:00:00+00:00,13.25,50.731518,0.3,14.75,0.297
2023-04-22 10:00:00+00:00,14.2,46.6938,0.0,16.4,0.295
2023-04-22 11:00:00+00:00,15.0,42.194527,0.1,17.65,0.294
2023-04-22 12:00:00+00:00,14.95,40.26687,0.1,18.25,0.293
2023-04-22 13:00:00+00:00,15.4,38.287033,0.1,18.4,0.293
2023-04-22 14:00:00+00:00,15.45,36.68389,0.0,18.2,0.292
2023-04-22 15:00:00+00:00,14.85,37.579556,0.0,17.4,0.291
2023-04-22 16:00:00+00:00,12.9,61.390217,0.0,16.05,0.29
2023-04-22 17:00:00+00:00,11.0,55.58432,0.0,14.4,0.29
2023-04-22 18:00:00+00:00,9.85,57.50245,0.0,13.05,0.29
2023-04-22 19:00:00+00:00,9.75,55.854015,0.0,12.15,0.289
2023-04-22 20:00:00+00:00,9.75,54.271885,0.0,11.6,0.289
2023-04-22 21:00:00+00:00,8.9,58.928497,0.0,11.1,0.289
2023-04-22 22:00:00+00:00,7.75,72.42081,1.1,10.65,0.301
2023-04-22 23:00:00+00:00,8.3,78.335556,0.8,10.15,0.311
2023-04-23 00:00:00+00:00,8.4,65.7033,0.7,11.85,0.283
2023-04-23 01:00:00+00:00,8.85,63.281784,0.0,11.3,0.283
2023-04-23 02:00:00+00:00,8.75,63.710636,0.0,10.85,0.283
2023-04-23 03:00:00+00:00,7.25,73.88151,0.0,10.35,0.282
2023-04-23 04:00:00+00:00,7.65,74.740204,0.0,10.1,0.282
2023-04-23 05:00:00+00:00,8.75,72.60803,0.0,10.45,0.282
2023-04-23 06:00:00+00:00,10.15,68.92256,0.2,11.5,0.283
2023-04-23 07:00:00+00:00,11.6,64.138054,0.0,12.75,0.283
2023-04-23 08:00:00+00:00,13.0,58.298473,0.0,14.45,0.282
2023-04-23 09:00:00+00:00,14.3,53.94798,0.0,16.3,0.281
2023-04-23 10:00:00+00:00,14.9,48.738102,0.1,17.2,0.28
2023-04-23 11:00:00+00:00,13.65,55.10691,0.1,17.6,0.28
2023-04-23 12:00:00+00:00,12.4,60.214176,0.0,17.35,0.337
2023-04-23 13:00:00+00:00,13.5,56.62492,0.0,17.3,0.335
2023-04-23 14:00:00+00:00,13.65,54.343033,0.0,17.0,0.332
2023-04-23 15:00:00+00:00,12.1,60.351627,0.3,15.85,0.333
2023-04-23 16:00:00+00:00,11.25,66.32883,0.2,14.3,0.333
2023-04-23 17:00:00+00:00,10.1,71.60405,0.0,13.15,0.332
2023-04-23 18:00:00+00:00,9.05,76.56635,0.0,12.15,0.33
2023-04-23 19:00:00+00:00,8.15,81.65609,0.0,11.4,0.329
2023-04-23 20:00:00+00:00,7.6,83.59836,0.0,10.75,0.328
2023-04-23 21:00:00+00:00,7.55,81.00826,0.0,10.35,0.327
2023-04-23 22:00:00+00:00,6.75,83.78891,0.0,9.9,0.326
2023-04-23 23:00:00+00:00,5.25,90.6803,0.0,9.25,0.325
2023-04-24 00:00:00+00:00,5.6,86.96174,0.0,10.35,0.323
2023-04-24 01:00:00+00:00,5.1,91.63096,0.0,9.6,0.322
2023-04-24 02:00:00+00:00,4.1,95.86952,0.0,8.95,0.321
2023-04-24 03:00:00+00:00,3.25,97.90123,0.0,8.3,0.32
2023-04-24 04:00:00+00:00,4.35,94.537415,0.0,8.15,0.32
2023-04-24 05:00:00+00:00,6.35,83.1542,0.0,8.95,0.319
2023-04-24 06:00:00+00:00,8.25,71.75227,0.0,10.4,0.318
2023-04-24 07:00:00+00:00,10.1,58.80907,0.0,12.15,0.316
2023-04-24 08:00:00+00:00,11.7,47.84134,0.0,13.9,0.314
2023-04-24 09:00:00+00:00,13.1,40.599625,0.0,15.45,0.312
2023-04-24 10:00:00+00:00,13.95,35.979008,0.0,16.75,0.309
2023-04-24 11:00:00+00:00,14.5,34.091743,0.0,17.65,0.307
2023-04-24 12:00:00+00:00,15.75,31.807156,0.0,18.15,0.304
2023-04-24 13:00:00+00:00,16.2,27.068157,0.0,18.35,0.302
2023-04-24 14:00:00+00:00,16.35,23.61143,0.0,18.05,0.3
2023-04-24 15:00:00+00:00,15.7,23.790272,0.0,17.25,0.299
2023-04-24 16:00:00+00:00,13.8,30.095839,0.0,16.0,0.298
2023-04-24 17:00:00+00:00,10.85,38.058346,0.0,14.45,0.297
2023-04-24 18:00:00+00:00,9.15,46.597477,0.0,12.95,0.297
2023-04-24 19:00:00+00:00,8.15,52.675682,0.0,11.85,0.297
2023-04-24 20:00:00+00:00,7.4,55.63859,0.0,11.0,0.296
2023-04-24 21:00:00+00:00,6.2,59.319855,0.0,10.2,0.296
2023-04-24 22:00:00+00:00,6.35,57.64396,0.0,9.5,0.296
2023-04-24 23:00:00+00:00,6.8,54.269104,0.0,8.9,0.295
2023-04-25 00:00:00+00:00,7.65,49.532913,0.0,7.6,0.292
2023-04-25 01:00:00+00:00,5.65,57.250683,0.0,7.35,0.292
2023-04-25 02:00:00+00:00,4.35,63.138535,0.0,7.1,0.291
2023-04-25 03:00:00+00:00,3.8,66.84206,0.0,6.85,0.291
2023-04-25 04:00:00+00:00,6.75,57.32642,0.0,7.1,0.291
2023-04-25 05:00:00+00:00,9.55,50.80091,0.0,8.4,0.29
2023-04-25 06:00:00+00:00,11.4,46.90236,0.0,10.05,0.289
2023-04-25 07:00:00+00:00,13.3,41.40013,0.0,11.9,0.288
2023-04-25 08:00:00+00:00,14.8,38.664528,0.0,13.65,0.287
2023-04-25 09:00:00+00:00,15.95,36.83037,0.0,15.15,0.285
2023-04-25 10:00:00+00:00,17.4,34.94043,0.0,16.9,0.283
2023-04-25 11:00:00+00:00,18.15,33.09111,0.0,18.1,0.281
2023-04-25 12:00:00+00:00,18.9,29.490692,0.0,18.3,0.279
2023-04-25 13:00:00+00:00,16.65,38.789444,0.0,18.35,0.278
2023-04-25 14:00:00+00:00,17.05,37.952312,0.0,18.05,0.276
2023-04-25 15:00:00+00:00,15.55,41.90538,0.4,16.7,0.279
2023-04-25 16:00:00+00:00,13.85,65.086494,0.0,15.7,0.279
2023-04-25 17:00:00+00:00,13.85,50.008404,0.0,14.1,0.279
2023-04-25 18:00:00+00:00,11.75,58.805607,0.0,12.85,0.278
2023-04-25 19:00:00+00:00,11.85,57.40142,0.0,11.85,0.278
2023-04-25 20:00:00+00:00,8.95,68.6754,0.1,11.1,0.279
2023-04-25 21:00:00+00:00,8.7,69.84458,0.0,10.55,0.279
2023-04-25 22:00:00+00:00,7.85,73.46955,0.0,9.95,0.279
2023-04-25 23:00:00+00:00,8.5,74.36568,0.0,9.75,0.278
2023-04-26 00:00:00+00:00,8.05,75.07337,0.0,11.75,0.269
2023-04-26 01:00:00+00:00,7.7,79.34717,0.0,11.05,0.269
2023-04-26 02:00:00+00:00,7.9,75.31174,0.0,10.5,0.268
2023-04-26 03:00:00+00:00,7.65,75.800674,0.0,10.0,0.268
2023-04-26 04:00:00+00:00,9.45,69.995,0.0,10.05,0.268
2023-04-26 05:00:00+00:00,11.6,61.72411,0.0,10.9,0.268
2023-04-26 06:00:00+00:00,13.35,52.20956,0.0,12.2,0.267
2023-04-26 07:00:00+00:00,15.2,43.315197,0.0,13.85,0.266
2023-04-26 08:00:00+00:00,16.25,39.507454,0.0,15.45,0.265
2023-04-26 09:00:00+00:00,17.55,34.984093,0.0,17.05,0.263
2023-04-26 10:00:00+00:00,18.35,34.10819,0.0,18.4,0.261
2023-04-26 11:00:00+00:00,18.85,33.890434,0.0,19.2,0.26
2023-04-26 12:00:00+00:00,18.8,34.117317,0.0,19.8,0.26
2023-04-26 13:00:00+00:00,19.05,31.391079,0.0,19.85,0.258
2023-04-26 14:00:00+00:00,18.55,33.44446,0.0,19.4,0.257
2023-04-26 15:00:00+00:00,17.2,36.539516,0.0,18.3,0.257
2023-04-26 16:00:00+00:00,15.0,50.676132,0.2,16.95,0.258
2023-04-26 17:00:00+00:00,12.8,65.75282,0.7,15.65,0.265
2023-04-26 18:00:00+00:00,11.1,81.485855,3.1,14.0,0.308
2023-04-26 19:00:00+00:00,10.05,88.58254,1.0,12.9,0.32
2023-04-26 20:00:00+00:00,9.8,91.927124,0.0,12.2,0.32
2023-04-26 21:00:00+00:00,9.75,93.49156,0.1,11.75,0.319
2023-04-26 22:00:00+00:00,10.2,91.02532,0.5,11.65,0.325
2023-04-26 23:00:00+00:00,9.45,87.630196,1.6,11.1,0.345
2023-04-27 00:00:00+00:00,9.25,90.65155,0.1,12.45,0.292
2023-04-27 01:00:00+00:00,7.95,94.043,0.0,11.4,0.292
2023-04-27 02:00:00+00:00,7.85,92.75703,0.0,10.65,0.292
2023-04-27 03:00:00+00:00,8.5,91.22064,0.8,10.25,0.302
2023-04-27 04:00:00+00:00,8.75,93.4414,2.5,10.2,0.336
2023-04-27 05:00:00+00:00,9.05,89.7145,1.7,10.2,0.358
2023-04-27 06:00:00+00:00,10.65,73.972916,0.0,10.95,0.354
2023-04-27 07:00:00+00:00,12.65,67.089874,0.0,12.4,0.351
2023-04-27 08:00:00+00:00,14.2,57.993404,0.1,14.05,0.348
2023-04-27 09:00:00+00:00,14.5,53.813404,0.0,14.7,0.345
2023-04-27 10:00:00+00:00,13.1,61.437664,0.6,14.9,0.348
2023-04-27 11:00:00+00:00,11.75,70.6925,1.5,14.4,0.363
2023-04-27 12:00:00+00:00,9.75,75.10416,1.8,13.75,0.341
2023-04-27 13:00:00+00:00,9.9,79.1217,0.8,13.15,0.347
2023-04-27 14:00:00+00:00,10.5,71.4323,0.5,12.95,0.348
2023-04-27 15:00:00+00:00,10.6,67.35277,0.0,12.75,0.346
2023-04-27 16:00:00+00:00,10.0,70.841385,0.0,12.35,0.344
2023-04-27 17:00:00+00:00,8.55,81.992516,0.0,11.6,0.342
2023-04-27 18:00:00+00:00,7.5,91.46833,0.9,10.65,0.349
2023-04-27 19:00:00+00:00,7.4,92.73189,0.0,9.95,0.347
2023-04-27 20:00:00+00:00,6.6,93.00874,0.0,9.25,0.345
2023-04-27 21:00:00+00:00,6.25,90.12089,0.0,8.75,0.343
2023-04-27 22:00:00+00:00,5.45,91.01327,0.0,8.3,0.341
2023-04-27 23:00:00+00:00,5.85,87.90747,0.0,8.15,0.339
2023-04-28 00:00:00+00:00,5.6,87.57602,0.0,9.1,0.347
2023-04-28 01:00:00+00:00,5.7,86.36151,0.0,8.45,0.344
2023-04-28 02:00:00+00:00,5.25,86.31539,0.0,7.95,0.343
2023-04-28 03:00:00+00:00,4.65,86.868034,0.0,7.5,0.341
2023-04-28 04:00:00+00:00,5.1,81.535255,0.0,7.4,0.339
2023-04-28 05:00:00+00:00,6.1,75.536865,0.0,7.9,0.337
2023-04-28 06:00:00+00:00,7.5,68.61732,0.0,8.9,0.336
2023-04-28 07:00:00+00:00,8.85,61.06431,0.0,10.15,0.333
2023-04-28 08:00:00+00:00,9.35,59.677456,0.0,11.25,0.332
2023-04-28 09:00:00+00:00,9.4,59.05387,0.0,11.75,0.33
2023-04-28 10:00:00+00:00,10.2,53.23318,0.0,12.4,0.328
2023-04-28 11:00:00+00:00,10.5,49.790737,0.0,12.65,0.326
2023-04-28 12:00:00+00:00,9.65,53.46884,0.0,12.7,0.33
2023-04-28 13:00:00+00:00,9.9,52.014248,0.0,12.75,0.328
2023-04-28 14:00:00+00:00,9.75,48.157253,0.0,12.5,0.326
2023-04-28 15:00:00+00:00,9.2,48.1767,0.0,12.1,0.325
2023-04-28 16:00:00+00:00,7.85,51.63783,0.0,11.4,0.323
2023-04-28 17:00:00+00:00,6.5,54.992886,0.0,10.55,0.322
2023-04-28 18:00:00+00:00,5.2,60.610188,0.0,9.8,0.321
2023-04-28 19:00:00+00:00,4.6,63.899117,0.0,9.2,0.32
2023-04-28 20:00:00+00:00,3.9,67.85405,0.0,8.6,0.319
2023-04-28 21:00:00+00:00,2.45,76.28608,0.0,7.8,0.319
2023-04-28 22:00:00+00:00,1.8,81.0821,0.0,7.1,0.318
2023-04-28 23:00:00+00:00,1.45,84.363235,0.0,6.55,0.317
2023-04-29 00:00:00+00:00,2.3,79.10507,0.0,6.6,0.317
2023-04-29 01:00:00+00:00,2.15,82.924255,0.0,6.3,0.316
2023-04-29 02:00:00+00:00,1.45,89.748795,0.0,5.9,0.315
2023-04-29 03:00:00+00:00,1.65,90.74467,0.0,5.7,0.314
2023-04-29 04:00:00+00:00,3.0,83.63409,0.0,6.0,0.314
2023-04-29 05:00:00+00:00,4.1,78.24045,0.0,6.6,0.313
2023-04-29 06:00:00+00:00,5.65,69.22209,0.1,7.5,0.313
2023-04-29 07:00:00+00:00,7.1,60.856922,0.1,8.7,0.312
2023-04-29 08:00:00+00:00,7.4,60.27266,0.1,9.35,0.311
2023-04-29 09:00:00+00:00,8.15,57.06485,0.1,10.0,0.311
2023-04-29 10:00:00+00:00,8.9,54.240227,0.1,10.7,0.311
2023-04-29 11:00:00+00:00,9.2,52.770657,0.0,11.1,0.309
2023-04-29 12:00:00+00:00,9.2,54.714314,0.1,11.45,0.313
2023-04-29 13:00:00+00:00,8.85,55.81885,0.1,11.15,0.312
2023-04-29 14:00:00+00:00,8.8,54.805733,0.0,10.95,0.311
2023-04-29 15:00:00+00:00,8.3,55.27138,0.0,10.55,0.31
2023-04-29 16:00:00+00:00,7.6,56.509243,0.0,10.1,0.31
2023-04-29 17:00:00+00:00,6.2,61.976883,0.0,9.35,0.309
2023-04-29 18:00:00+00:00,5.3,66.44194,0.0,8.6,0.308
2023-04-29 19:00:00+00:00,4.8,69.045494,0.0,8.05,0.308
2023-04-29 20:00:00+00:00,4.2,71.74159,0.0,7.55,0.307
2023-04-29 21:00:00+00:00,2.85,77.75968,0.0,6.9,0.307
2023-04-29 22:00:00+00:00,1.55,84.37502,0.0,6.2,0.306
2023-04-29 23:00:00+00:00,1.1,87.14314,0.0,5.6,0.306
2023-04-30 00:00:00+00:00,1.55,85.614876,0.0,6.8,0.305
2023-04-30 01:00:00+00:00,1.5,87.1825,0.0,6.1,0.305
2023-04-30 02:00:00+00:00,2.0,84.73541,0.0,5.8,0.304
2023-04-30 03:00:00+00:00,2.45,81.46851,0.0,5.75,0.304
2023-04-30 04:00:00+00:00,3.15,76.68318,0.0,5.95,0.303
2023-04-30 05:00:00+00:00,4.1,73.83927,0.0,6.4,0.303
2023-04-30 06:00:00+00:00,5.85,67.77891,0.0,7.5,0.302
2023-04-30 07:00:00+00:00,7.15,63.338253,0.0,8.6,0.301
2023-04-30 08:00:00+00:00,8.35,58.157463,0.0,9.6,0.3
2023-04-30 09:00:00+00:00,9.05,55.87138,0.0,10.3,0.299
2023-04-30 10:00:00+00:00,9.75,54.271885,0.1,11.0,0.299
2023-04-30 11:00:00+00:00,10.45,51.977455,0.0,11.55,0.298
2023-04-30 12:00:00+00:00,11.25,49.82065,0.0,11.85,0.297
2023-04-30 13:00:00+00:00,11.8,48.388134,0.0,12.35,0.297
2023-04-30 14:00:00+00:00,12.0,47.073296,0.0,12.65,0.296
2023-04-30 15:00:00+00:00,11.9,46.038963,0.0,12.55,0.295
2023-04-30 16:00:00+00:00,10.3,57.617332,0.0,11.85,0.294
2023-04-30 17:00:00+00:00,9.95,49.817135,0.0,10.35,0.294
2023-04-30 18:00:00+00:00,6.2,59.319855,0.0,9.05,0.294
2023-04-30 19:00:00+00:00,7.1,51.810513,0.0,8.4,0.293
2023-04-30 20:00:00+00:00,6.0,55.67552,0.0,7.85,0.293
2023-04-30 21:00:00+00:00,4.15,64.50312,0.0,7.15,0.293
2023-04-30 22:00:00+00:00,6.55,51.657524,0.0,6.35,0.293
2023-04-30 23:00:00+00:00,5.85,54.6155,0.0,5.7,0.292
2023-05-01 00:00:00+00:00,4.9,61.209003,0.0,4.65,0.296
2023-05-01 01:00:00+00:00,4.6,62.50359,0.0,4.25,0.296
2023-05-01 02:00:00+00:00,3.5,67.2701,0.0,3.9,0.295
2023-05-01 03:00:00+00:00,2.15,72.938934,0.0,3.6,0.295
2023-05-01 04:00:00+00:00,3.65,70.07815,0.0,4.0,0.295
2023-05-01 05:00:00+00:00,6.25,62.66932,0.0,5.5,0.295
2023-05-01 06:00:00+00:00,8.15,55.231567,0.0,7.5,0.294
2023-05-01 07:00:00+00:00,9.85,48.89258,0.0,9.75,0.293
2023-05-01 08:00:00+00:00,11.45,44.759453,0.0,11.95,0.291
2023-05-01 09:00:00+00:00,12.95,39.825317,0.0,14.0,0.289
2023-05-01 10:00:00+00:00,14.2,35.40087,0.0,15.65,0.287
2023-05-01 11:00:00+00:00,15.1,31.5016,0.0,16.8,0.285
2023-05-01 12:00:00+00:00,15.3,32.380264,0.0,17.3,0.283
2023-05-01 13:00:00+00:00,15.5,31.967575,0.0,17.4,0.281
2023-05-01 14:00:00+00:00,15.3,32.380264,0.0,17.05,0.28
2023-05-01 15:00:00+00:00,14.9,32.860588,0.0,16.25,0.279
2023-05-01 16:00:00+00:00,13.4,40.10269,0.0,15.05,0.278
2023-05-01 17:00:00+00:00,10.35,47.977943,0.0,13.4,0.278
2023-05-01 18:00:00+00:00,8.55,56.756935,0.0,11.85,0.278
2023-05-01 19:00:00+00:00,7.35,62.252983,0.0,10.65,0.278
2023-05-01 20:00:00+00:00,7.75,57.376328,0.0,9.75,0.278
2023-05-01 21:00:00+00:00,7.75,56.54847,0.0,9.3,0.277
2023-05-01 22:00:00+00:00,7.2,58.074276,0.0,8.95,0.277
2023-05-01 23:00:00+00:00,6.35,62.465702,0.0,8.6,0.277
2023-05-02 00:00:00+00:00,5.85,66.56339,0.0,8.9,0.269
2023-05-02 01:00:00+00:00,5.4,69.170296,0.0,8.4,0.269
2023-05-02 02:00:00+00:00,4.65,72.87748,0.0,7.95,0.269
2023-05-02 03:00:00+00:00,3.9,76.8077,0.0,7.45,0.269
2023-05-02 04:00:00+00:00,5.2,72.19532,0.0,7.45,0.269
2023-05-02 05:00:00+00:00,8.0,63.993282,0.0,8.4,0.268
2023-05-02 06:00:00+00:00,10.6,52.77062,0.0,10.05,0.268
2023-05-02 07:00:00+00:00,12.55,43.011818,0.0,12.15,0.267
2023-05-02 08:00:00+00:00,14.05,36.008503,0.0,14.35,0.265
2023-05-02 09:00:00+00:00,15.2,32.948463,0.0,16.4,0.263
2023-05-02 10:00:00+00:00,16.15,30.44275,0.0,18.05,0.261
2023-05-02 11:00:00+00:00,16.9,28.70772,0.0,19.2,0.259
2023-05-02 12:00:00+00:00,17.6,28.384962,0.0,19.8,0.258
2023-05-02 13:00:00+00:00,17.9,25.978165,0.0,19.95,0.256
2023-05-02 14:00:00+00:00,17.8,25.009102,0.0,19.6,0.255
2023-05-02 15:00:00+00:00,17.3,24.686296,0.0,18.75,0.254
2023-05-02 16:00:00+00:00,14.6,57.10123,0.0,17.3,0.254
2023-05-02 17:00:00+00:00,12.75,43.22579,0.0,15.3,0.254
2023-05-02 18:00:00+00:00,9.75,53.688904,0.0,13.65,0.254
2023-05-02 19:00:00+00:00,8.85,53.25236,0.0,12.35,0.254
2023-05-02 20:00:00+00:00,8.25,52.128532,0.0,11.35,0.253
2023-05-02 21:00:00+00:00,8.45,48.1395,0.0,10.6,0.253
2023-05-02 22:00:00+00:00,8.2,47.714302,0.0,10.2,0.253
2023-05-02 23:00:00+00:00,8.45,46.395077,0.0,10.0,0.253
2023-05-03 00:00:00+00:00,6.85,51.16975,0.0,9.0,0.253
2023-05-03 01:00:00+00:00,6.3,53.934006,0.0,8.65,0.253
2023-05-03 02:00:00+00:00,5.15,61.27039,0.0,8.3,0.253
2023-05-03 03:00:00+00:00,4.35,68.70006,0.0,7.8,0.253
2023-05-03 04:00:00+00:00,6.95,61.26297,0.0,8.1,0.253
2023-05-03 05:00:00+00:00,10.3,54.613747,0.0,9.3,0.253
2023-05-03 06:00:00+00:00,13.1,43.79747,0.0,11.35,0.252
2023-05-03 07:00:00+00:00,15.25,37.157642,0.0,13.7,0.251
2023-05-03 08:00:00+00:00,17.0,33.59475,0.0,15.95,0.25
2023-05-03 09:00:00+00:00,18.35,31.527828,0.0,17.95,0.248
2023-05-03 10:00:00+00:00,19.4,28.278343,0.0,19.5,0.246
2023-05-03 11:00:00+00:00,20.15,23.9425,0.0,20.3,0.244
2023-05-03 12:00:00+00:00,21.75,17.76968,0.0,21.6,0.238
2023-05-03 13:00:00+00:00,21.95,16.40642,0.0,21.9,0.236
2023-05-03 14:00:00+00:00,21.75,15.992174,0.0,21.65,0.234
2023-05-03 15:00:00+00:00,21.05,17.532673,0.0,20.8,0.234
2023-05-03 16:00:00+00:00,17.6,42.05256,0.0,19.35,0.233
2023-05-03 17:00:00+00:00,14.35,31.631535,0.0,17.35,0.233
2023-05-03 18:00:00+00:00,14.0,28.724962,0.0,15.75,0.233
2023-05-03 19:00:00+00:00,12.85,31.780066,0.0,14.6,0.233
2023-05-03 20:00:00+00:00,12.25,30.898657,0.0,13.65,0.233
2023-05-03 21:00:00+00:00,11.25,33.75889,0.0,12.9,0.233
2023-05-03 22:00:00+00:00,10.05,38.532524,0.0,12.1,0.233
2023-05-03 23:00:00+00:00,9.7,39.152946,0.0,11.35,0.233
2023-05-04 00:00:00+00:00,10.2,40.787937,0.0,11.05,0.232
2023-05-04 01:00:00+00:00,10.9,42.37372,0.0,10.8,0.232
2023-05-04 02:00:00+00:00,11.9,42.04992,0.0,10.4,0.232
2023-05-04 03:00:00+00:00,12.9,39.810596,0.0,10.25,0.232
2023-05-04 04:00:00+00:00,11.55,54.749687,0.0,10.6,0.232
2023-05-04 05:00:00+00:00,13.15,50.169086,0.0,11.6,0.232
2023-05-04 06:00:00+00:00,14.05,49.88775,0.0,12.7,0.232
2023-05-04 07:00:00+00:00,15.5,43.863907,0.0,14.5,0.231
2023-05-04 08:00:00+00:00,16.65,47.21751,0.0,16.2,0.23
2023-05-04 09:00:00+00:00,17.75,48.68042,0.0,17.85,0.229
2023-05-04 10:00:00+00:00,18.15,47.471157,0.0,18.75,0.228
2023-05-04 11:00:00+00:00,19.2,43.397575,0.0,19.75,0.227
2023-05-04 12:00:00+00:00,20.7,38.07541,0.0,21.05,0.228
2023-05-04 13:00:00+00:00,21.9,31.648602,0.0,21.8,0.226
2023-05-04 14:00:00+00:00,21.8,30.852957,0.0,21.5,0.225
2023-05-04 15:00:00+00:00,20.2,36.00218,0.0,20.6,0.224
2023-05-04 16:00:00+00:00,18.35,47.201866,0.0,19.4,0.224
2023-05-04 17:00:00+00:00,15.25,69.011955,0.0,18.15,0.224
2023-05-04 18:00:00+00:00,13.8,74.27318,0.0,17.0,0.224
2023-05-04 19:00:00+00:00,12.2,81.63034,0.0,15.8,0.224
2023-05-04 20:00:00+00:00,11.75,84.65416,0.0,14.9,0.224
2023-05-04 21:00:00+00:00,10.3,92.268105,0.0,14.0,0.224
2023-05-04 22:00:00+00:00,9.8,92.86448,0.0,13.25,0.224
2023-05-04 23:00:00+00:00,9.0,93.77208,0.0,12.55,0.224
2023-05-05 00:00:00+00:00,11.95,78.88494,0.0,12.05,0.225
2023-05-05 01:00:00+00:00,11.4,82.35804,0.0,12.25,0.225
2023-05-05 02:00:00+00:00,9.65,89.456375,0.0,11.75,0.225
2023-05-05 03:00:00+00:00,8.65,92.48535,0.0,11.3,0.225
2023-05-05 04:00:00+00:00,10.9,86.002235,0.0,11.55,0.225
2023-05-05 05:00:00+00:00,13.75,69.41245,0.0,12.7,0.225
2023-05-05 06:00:00+00:00,16.15,48.23883,0.0,14.45,0.225
2023-05-05 07:00:00+00:00,18.05,39.058243,0.0,16.55,0.224
2023-05-05 08:00:00+00:00,19.9,33.12566,0.0,18.4,0.223
2023-05-05 09:00:00+00:00,21.5,28.564999,0.0,20.05,0.221
2023-05-05 10:00:00+00:00,21.9,31.098867,0.0,21.15,0.22
2023-05-05 11:00:00+00:00,21.5,35.382774,0.0,21.45,0.219
2023-05-05 12:00:00+00:00,19.8,45.082,0.0,21.5,0.225
2023-05-05 13:00:00+00:00,21.55,35.643135,0.0,21.95,0.224
2023-05-05 14:00:00+00:00,21.4,28.334612,0.0,21.25,0.223
2023-05-05 15:00:00+00:00,20.9,29.741508,0.1,20.5,0.223
2023-05-05 16:00:00+00:00,18.6,40.327892,0.0,19.3,0.223
2023-05-05 17:00:00+00:00,16.6,45.58919,0.0,18.1,0.223
2023-05-05 18:00:00+00:00,15.55,50.474056,0.0,17.1,0.223
2023-05-05 19:00:00+00:00,15.15,51.071186,0.0,16.4,0.223
2023-05-05 20:00:00+00:00,14.3,56.047443,0.0,15.75,0.223
2023-05-05 21:00:00+00:00,13.95,58.534824,0.0,15.25,0.223
2023-05-05 22:00:00+00:00,13.5,60.48006,0.0,14.8,0.223
2023-05-05 23:00:00+00:00,13.05,66.26029,0.0,14.4,0.223
2023-05-06 00:00:00+00:00,12.3,73.258606,0.0,15.85,0.226
2023-05-06 01:00:00+00:00,12.55,77.12876,0.1,14.75,0.227
2023-05-06 02:00:00+00:00,12.45,75.30545,0.0,13.95,0.227
2023-05-06 03:00:00+00:00,12.3,71.041794,0.0,13.45,0.227
2023-05-06 04:00:00+00:00,13.65,61.56779,0.0,13.45,0.227
2023-05-06 05:00:00+00:00,15.9,55.11866,0.0,14.35,0.226
2023-05-06 06:00:00+00:00,18.3,37.251442,0.0,15.85,0.226
2023-05-06 07:00:00+00:00,19.5,30.41492,0.0,17.5,0.225
2023-05-06 08:00:00+00:00,20.85,26.03982,0.0,19.3,0.223
2023-05-06 09:00:00+00:00,22.05,24.107895,0.0,21.0,0.221
2023-05-06 10:00:00+00:00,22.85,23.465767,0.0,22.4,0.219
2023-05-06 11:00:00+00:00,23.3,22.266703,0.0,23.4,0.218
2023-05-06 12:00:00+00:00,23.25,20.84807,0.0,23.9,0.215
2023-05-06 13:00:00+00:00,22.95,22.579287,0.0,24.05,0.214
2023-05-06 14:00:00+00:00,21.85,25.84922,0.1,23.3,0.213
2023-05-06 15:00:00+00:00,16.3,61.35336,0.9,21.7,0.222
2023-05-06 16:00:00+00:00,17.0,50.345764,0.0,20.0,0.222
2023-05-06 17:00:00+00:00,13.75,73.766174,0.2,18.25,0.223
2023-05-06 18:00:00+00:00,12.65,74.0725,0.0,16.75,0.223
2023-05-06 19:00:00+00:00,11.35,78.261185,0.0,15.6,0.223
2023-05-06 20:00:00+00:00,10.9,82.01542,0.0,14.7,0.223
2023-05-06 21:00:00+00:00,10.4,84.50289,0.0,14.0,0.223
2023-05-06 22:00:00+00:00,9.8,87.36452,0.0,13.35,0.223
2023-05-06 23:00:00+00:00,8.6,93.11575,0.0,12.75,0.223
2023-05-07 00:00:00+00:00,8.8,92.17923,0.0,12.65,0.219
2023-05-07 01:00:00+00:00,8.7,96.3428,0.0,12.1,0.219
2023-05-07 02:00:00+00:00,8.4,97.653275,0.0,11.7,0.219
2023-05-07 03:00:00+00:00,8.35,97.652336,0.0,11.35,0.219
2023-05-07 04:00:00+00:00,10.0,87.08671,0.0,11.7,0.219
2023-05-07 05:00:00+00:00,10.95,80.91352,0.0,12.3,0.219
2023-05-07 06:00:00+00:00,12.65,70.866776,0.1,13.5,0.219
2023-05-07 07:00:00+00:00,13.35,67.00852,0.1,14.45,0.22
2023-05-07 08:00:00+00:00,14.6,59.507347,0.0,15.7,0.22
2023-05-07 09:00:00+00:00,15.8,52.68321,0.0,17.1,0.219
2023-05-07 10:00:00+00:00,16.45,49.678852,0.2,18.4,0.22
2023-05-07 11:00:00+00:00,16.75,48.90952,0.2,19.2,0.22
2023-05-07 12:00:00+00:00,17.35,45.800552,0.0,19.7,0.218
2023-05-07 13:00:00+00:00,16.45,50.19631,0.4,18.7,0.221
2023-05-07 14:00:00+00:00,16.3,47.946243,0.0,18.3,0.22
2023-05-07 15:00:00+00:00,16.15,47.40694,0.0,18.05,0.219
2023-05-07 16:00:00+00:00,14.95,50.839436,0.0,17.3,0.219
2023-05-07 17:00:00+00:00,12.9,57.868687,0.0,16.15,0.219
2023-05-07 18:00:00+00:00,11.65,63.483047,0.0,15.1,0.219
2023-05-07 19:00:00+00:00,10.75,67.61964,0.0,14.2,0.219
2023-05-07 20:00:00+00:00,10.05,71.09817,0.0,13.45,0.219
2023-05-07 21:00:00+00:00,9.05,76.30053,0.0,12.75,0.219
2023-05-07 22:00:00+00:00,8.2,81.37943,0.0,12.05,0.219
2023-05-07 23:00:00+00:00,7.55,85.95021,0.0,11.45,0.219
2023-05-08 00:00:00+00:00,7.95,86.588776,0.0,12.75,0.21
2023-05-08 01:00:00+00:00,8.2,87.21326,0.0,12.1,0.21
2023-05-08 02:00:00+00:00,7.65,91.478096,0.0,11.45,0.21
2023-05-08 03:00:00+00:00,7.25,93.68734,0.0,10.95,0.21
2023-05-08 04:00:00+00:00,8.95,86.39114,0.0,11.1,0.21
2023-05-08 05:00:00+00:00,10.9,77.39428,0.0,12.1,0.21
2023-05-08 06:00:00+00:00,13.0,64.45356,0.0,13.65,0.21
2023-05-08 07:00:00+00:00,14.45,58.456993,0.2,15.3,0.211
2023-05-08 08:00:00+00:00,15.15,56.458683,0.1,16.4,0.211
2023-05-08 09:00:00+00:00,15.75,54.51527,0.1,17.4,0.211
2023-05-08 10:00:00+00:00,16.6,48.868233,0.1,18.65,0.211
2023-05-08 11:00:00+00:00,17.65,44.631084,0.1,19.7,0.211
2023-05-08 12:00:00+00:00,18.15,43.24904,0.0,20.05,0.209
2023-05-08 13:00:00+00:00,18.75,40.65298,0.0,20.55,0.208
2023-05-08 14:00:00+00:00,19.1,38.681175,0.0,20.75,0.207
2023-05-08 15:00:00+00:00,18.8,38.191433,0.0,20.2,0.207
2023-05-08 16:00:00+00:00,17.8,41.67127,0.0,19.2,0.206
2023-05-08 17:00:00+00:00,15.95,47.51649,0.0,18.0,0.206
2023-05-08 18:00:00+00:00,13.45,55.828667,0.0,16.65,0.206
2023-05-08 19:00:00+00:00,12.1,60.351627,0.0,15.4,0.206
2023-05-08 20:00:00+00:00,12.3,59.148582,0.0,14.55,0.206
2023-05-08 21:00:00+00:00,12.6,59.636723,0.0,14.15,0.206
2023-05-08 22:00:00+00:00,11.85,63.308372,0.0,13.65,0.206
2023-05-08 23:00:00+00:00,10.4,72.41007,0.0,13.05,0.206
2023-05-09 00:00:00+00:00,8.35,81.39956,0.0,12.55,0.205
2023-05-09 01:00:00+00:00,8.35,78.89124,0.0,11.9,0.205
2023-05-09 02:00:00+00:00,7.35,84.74152,0.0,11.2,0.205
2023-05-09 03:00:00+00:00,7.2,87.117355,0.0,10.7,0.205
2023-05-09 04:00:00+00:00,9.5,77.708336,0.0,10.95,0.205
2023-05-09 05:00:00+00:00,11.7,67.819176,0.0,12.1,0.205
2023-05-09 06:00:00+00:00,13.4,62.362522,0.0,13.8,0.204
2023-05-09 07:00:00+00:00,15.05,57.807053,0.0,15.65,0.204
2023-05-09 08:00:00+00:00,16.9,51.89775,0.0,17.7,0.203
2023-05-09 09:00:00+00:00,18.25,45.89478,0.0,19.5,0.202
2023-05-09 10:00:00+00:00,18.8,44.647465,0.0,20.75,0.201
2023-05-09 11:00:00+00:00,19.75,40.657875,0.0,21.95,0.199
2023-05-09 12:00:00+00:00,19.65,40.071007,0.0,22.6,0.197
2023-05-09 13:00:00+00:00,20.25,37.68366,0.0,22.95,0.196
2023-05-09 14:00:00+00:00,20.15,37.52426,0.0,22.75,0.196
2023-05-09 15:00:00+00:00,19.75,37.53964,0.0,21.95,0.195
2023-05-09 16:00:00+00:00,18.55,40.31352,0.0,20.7,0.195
2023-05-09 17:00:00+00:00,17.5,42.466743,0.0,19.2,0.195
2023-05-09 18:00:00+00:00,15.1,52.496616,0.0,17.9,0.195
2023-05-09 19:00:00+00:00,13.8,63.97227,0.0,17.05,0.195
2023-05-09 20:00:00+00:00,12.15,77.32725,0.5,15.9,0.198
2023-05-09 21:00:00+00:00,11.5,80.713936,0.2,14.7,0.2
2023-05-09 22:00:00+00:00,10.8,84.2617,0.1,13.8,0.2
2023-05-09 23:00:00+00:00,9.05,91.88092,0.0,12.8,0.2
2023-05-10 00:00:00+00:00,8.95,87.88457,0.0,13.8,0.203
2023-05-10 01:00:00+00:00,8.35,91.837425,0.0,12.9,0.203
2023-05-10 02:00:00+00:00,7.95,93.721436,0.0,12.25,0.203
2023-05-10 03:00:00+00:00,8.6,89.37278,0.0,11.95,0.203
2023-05-10 04:00:00+00:00,9.7,82.70671,0.0,12.1,0.203
2023-05-10 05:00:00+00:00,11.3,74.59762,0.0,13.0,0.202
2023-05-10 06:00:00+00:00,13.1,66.95553,0.0,14.55,0.202
2023-05-10 07:00:00+00:00,13.5,65.45582,0.0,15.35,0.202
2023-05-10 08:00:00+00:00,14.5,61.55688,0.0,16.55,0.201
2023-05-10 09:00:00+00:00,16.05,56.493614,0.0,18.15,0.201
2023-05-10 10:00:00+00:00,16.85,52.600254,0.0,19.1,0.2
2023-05-10 11:00:00+00:00,18.7,47.623238,0.0,20.9,0.199
2023-05-10 12:00:00+00:00,18.6,46.30943,0.0,21.45,0.2
2023-05-10 13:00:00+00:00,18.8,44.647465,0.0,21.85,0.199
2023-05-10 14:00:00+00:00,18.7,45.23739,0.0,21.6,0.198
2023-05-10 15:00:00+00:00,18.05,46.95691,0.0,20.65,0.197
2023-05-10 16:00:00+00:00,15.65,65.260155,0.8,18.75,0.205
2023-05-10 17:00:00+00:00,13.8,76.808815,0.0,17.2,0.205
2023-05-10 18:00:00+00:00,13.0,77.98341,0.0,16.1,0.205
2023-05-10 19:00:00+00:00,12.25,82.46499,0.0,15.3,0.205
2023-05-10 20:00:00+00:00,11.75,86.3786,0.1,14.5,0.206
2023-05-10 21:00:00+00:00,10.75,91.062485,0.0,13.7,0.206
2023-05-10 22:00:00+00:00,9.9,93.18402,0.0,13.05,0.206
2023-05-10 23:00:00+00:00,9.5,93.79597,0.0,12.45,0.206
2023-05-11 00:00:00+00:00,8.8,96.67292,0.0,12.7,0.223
2023-05-11 01:00:00+00:00,8.7,94.719826,0.0,12.0,0.223
2023-05-11 02:00:00+00:00,8.25,94.37862,0.0,11.45,0.223
2023-05-11 03:00:00+00:00,8.4,94.06369,0.0,11.0,0.223
2023-05-11 04:00:00+00:00,10.2,89.19739,0.0,11.35,0.223
2023-05-11 05:00:00+00:00,11.95,83.82673,0.0,12.35,0.223
2023-05-11 06:00:00+00:00,13.95,73.553665,0.0,13.95,0.223
2023-05-11 07:00:00+00:00,15.65,64.16943,0.0,15.95,0.222
2023-05-11 08:00:00+00:00,17.25,56.796257,0.0,17.85,0.221
2023-05-11 09:00:00+00:00,18.45,50.737278,0.0,19.4,0.22
2023-05-11 10:00:00+00:00,19.35,48.128235,0.0,20.55,0.219
2023-05-11 11:00:00+00:00,19.95,46.21143,0.0,21.2,0.217
2023-05-11 12:00:00+00:00,18.75,54.733833,0.0,21.7,0.219
2023-05-11 13:00:00+00:00,19.45,52.92731,0.1,22.1,0.219
2023-05-11 14:00:00+00:00,19.55,51.203987,0.0,21.8,0.218
2023-05-11 15:00:00+00:00,19.2,50.766598,0.0,21.05,0.217
2023-05-11 16:00:00+00:00,18.55,52.513374,0.0,20.1,0.217
2023-05-11 17:00:00+00:00,16.85,60.660408,0.1,18.9,0.218
2023-05-11 18:00:00+00:00,15.4,79.12484,0.4,17.6,0.221
2023-05-11 19:00:00+00:00,14.45,85.51161,0.0,16.6,0.221
2023-05-11 20:00:00+00:00,14.45,77.94336,0.1,15.7,0.221
2023-05-11 21:00:00+00:00,13.4,78.30652,0.2,14.85,0.223
2023-05-11 22:00:00+00:00,12.3,87.303795,0.4,14.0,0.227
2023-05-11 23:00:00+00:00,11.75,88.13394,0.2,13.4,0.229
2023-05-12 00:00:00+00:00,11.75,82.40219,0.8,15.15,0.22
2023-05-12 01:00:00+00:00,11.3,85.46493,0.9,14.25,0.229
2023-05-12 02:00:00+00:00,11.25,88.386566,2.0,13.6,0.257
2023-05-12 03:00:00+00:00,10.8,87.457726,0.0,13.0,0.257
2023-05-12 04:00:00+00:00,10.75,87.74898,0.0,12.7,0.256
2023-05-12 05:00:00+00:00,11.45,83.48581,0.0,13.1,0.256
2023-05-12 06:00:00+00:00,13.55,71.76486,0.0,14.35,0.255
2023-05-12 07:00:00+00:00,15.7,65.05167,0.0,16.3,0.254
2023-05-12 08:00:00+00:00,18.3,53.16236,0.0,18.55,0.253
2023-05-12 09:00:00+00:00,19.55,50.86028,0.0,20.35,0.251
2023-05-12 10:00:00+00:00,20.15,50.171318,0.0,21.75,0.249
2023-05-12 11:00:00+00:00,20.65,48.974453,0.1,22.35,0.248
2023-05-12 12:00:00+00:00,19.7,52.28694,0.1,22.0,0.282
2023-05-12 13:00:00+00:00,20.05,50.652508,0.1,22.55,0.28
2023-05-12 14:00:00+00:00,19.4,55.268364,3.9,21.6,0.33
2023-05-12 15:00:00+00:00,14.5,79.25705,10.3,19.45,0.41
2023-05-12 16:00:00+00:00,14.25,86.056,1.4,17.6,0.408
2023-05-12 17:00:00+00:00,13.9,89.49039,1.0,16.35,0.401
2023-05-12 18:00:00+00:00,13.2,92.131836,0.4,15.5,0.393
2023-05-12 19:00:00+00:00,11.95,94.85026,0.0,14.7,0.383
2023-05-12 20:00:00+00:00,11.8,95.15957,0.0,14.1,0.376
2023-05-12 21:00:00+00:00,11.6,94.83645,0.0,13.55,0.371
2023-05-12 22:00:00+00:00,11.2,92.630005,0.0,13.3,0.366
2023-05-12 23:00:00+00:00,10.55,91.97296,0.0,12.95,0.362
2023-05-13 00:00:00+00:00,10.6,92.285706,0.0,13.65,0.363
2023-05-13 01:00:00+00:00,10.2,92.57378,0.0,13.15,0.359
2023-05-13 02:00:00+00:00,9.75,92.23569,0.0,12.75,0.355
2023-05-13 03:00:00+00:00,9.65,91.607,0.0,12.5,0.352
2023-05-13 04:00:00+00:00,9.85,89.77622,0.0,12.45,0.349
2023-05-13 05:00:00+00:00,10.3,86.52614,0.0,12.75,0.346
2023-05-13 06:00:00+00:00,10.6,83.6682,0.0,13.05,0.343
2023-05-13 07:00:00+00:00,11.5,78.01799,0.0,13.65,0.341
2023-05-13 08:00:00+00:00,12.55,72.55899,0.0,14.4,0.338
2023-05-13 09:00:00+00:00,14.05,67.38481,0.0,15.35,0.335
2023-05-13 10:00:00+00:00,16.25,57.907993,0.0,17.05,0.332
2023-05-13 11:00:00+00:00,17.6,50.16375,0.0,18.05,0.329
2023-05-13 12:00:00+00:00,16.5,54.89716,0.0,18.15,0.331
2023-05-13 13:00:00+00:00,17.5,49.96513,0.0,18.5,0.328
2023-05-13 14:00:00+00:00,18.1,46.64893,0.0,18.8,0.325
2023-05-13 15:00:00+00:00,18.0,47.104694,0.0,18.65,0.323
2023-05-13 16:00:00+00:00,16.85,52.42047,0.0,17.9,0.321
2023-05-13 17:00:00+00:00,14.65,55.17519,0.0,16.85,0.32
2023-05-13 18:00:00+00:00,12.6,61.745922,0.0,15.65,0.319
2023-05-13 19:00:00+00:00,11.4,69.17721,0.0,14.6,0.318
2023-05-13 20:00:00+00:00,10.3,76.50557,0.0,13.7,0.317
2023-05-13 21:00:00+00:00,9.5,80.71516,0.0,12.95,0.316
2023-05-13 22:00:00+00:00,8.45,86.34064,0.0,12.3,0.315
2023-05-13 23:00:00+00:00,7.75,90.544556,0.0,11.75,0.314
2023-05-14 00:00:00+00:00,7.65,91.478096,0.0,12.0,0.31
2023-05-14 01:00:00+00:00,7.35,92.09187,0.0,11.4,0.309
2023-05-14 02:00:00+00:00,6.7,93.98495,0.0,10.9,0.308
2023-05-14 03:00:00+00:00,6.35,95.28034,0.0,10.45,0.308
2023-05-14 04:00:00+00:00,8.25,88.12392,0.0,10.7,0.307
2023-05-14 05:00:00+00:00,10.5,78.399895,0.0,11.85,0.306
2023-05-14 06:00:00+00:00,12.25,70.7895,0.0,13.45,0.305
2023-05-14 07:00:00+00:00,13.8,65.07548,0.0,15.2,0.303
2023-05-14 08:00:00+00:00,15.4,59.49833,0.0,17.05,0.301
2023-05-14 09:00:00+00:00,17.0,55.590084,0.0,19.0,0.298
2023-05-14 10:00:00+00:00,18.35,50.538242,0.0,20.55,0.295
2023-05-14 11:00:00+00:00,19.25,45.547165,0.0,21.55,0.292
2023-05-14 12:00:00+00:00,19.8,33.92492,0.0,22.1,0.288
2023-05-14 13:00:00+00:00,20.4,34.82216,0.0,22.2,0.286
2023-05-14 14:00:00+00:00,20.55,31.374466,0.0,21.85,0.284
2023-05-14 15:00:00+00:00,20.2,28.098076,0.0,21.1,0.282
2023-05-14 16:00:00+00:00,18.45,40.42552,0.0,19.9,0.281
2023-05-14 17:00:00+00:00,16.25,44.701035,0.0,18.2,0.281
2023-05-14 18:00:00+00:00,16.4,41.85463,0.0,16.7,0.28
2023-05-14 19:00:00+00:00,14.4,50.512356,0.0,15.55,0.28
2023-05-14 20:00:00+00:00,13.0,56.694714,0.0,14.55,0.28
2023-05-14 21:00:00+00:00,12.15,60.57473,0.0,13.95,0.28
2023-05-14 22:00:00+00:00,12.15,60.78635,0.0,13.6,0.279
2023-05-14 23:00:00+00:00,11.5,65.467575,0.0,13.35,0.279
2023-05-15 00:00:00+00:00,11.35,65.89107,0.0,13.75,0.269
2023-05-15 01:00:00+00:00,10.25,72.38211,0.0,13.25,0.269
2023-05-15 02:00:00+00:00,9.3,77.40833,0.0,12.65,0.269
2023-05-15 03:00:00+00:00,8.95,80.08301,0.0,12.1,0.269
2023-05-15 04:00:00+00:00,10.9,75.04217,0.0,12.35,0.268
2023-05-15 05:00:00+00:00,13.25,59.17687,0.0,13.55,0.268
2023-05-15 06:00:00+00:00,14.25,57.01271,0.0,14.6,0.267
2023-05-15 07:00:00+00:00,15.65,54.865215,0.0,16.0,0.266
2023-05-15 08:00:00+00:00,17.6,48.140198,0.0,18.0,0.265
2023-05-15 09:00:00+00:00,19.15,43.383415,0.0,19.9,0.262
2023-05-15 10:00:00+00:00,20.45,39.34001,0.0,21.55,0.26
2023-05-15 11:00:00+00:00,21.55,37.666298,0.0,22.85,0.257
2023-05-15 12:00:00+00:00,22.45,34.685562,0.0,23.7,0.254
2023-05-15 13:00:00+00:00,22.8,35.02564,0.0,23.95,0.252
2023-05-15 14:00:00+00:00,22.7,35.849056,0.0,23.85,0.25
2023-05-15 15:00:00+00:00,22.75,35.49598,0.0,23.2,0.249
2023-05-15 16:00:00+00:00,21.1,56.99601,0.0,22.05,0.248
2023-05-15 17:00:00+00:00,19.7,48.06107,0.0,20.5,0.248
2023-05-15 18:00:00+00:00,16.85,57.46979,0.0,19.05,0.248
2023-05-15 19:00:00+00:00,16.0,58.24124,0.0,18.0,0.248
2023-05-15 20:00:00+00:00,15.0,60.425014,0.0,17.15,0.248
2023-05-15 21:00:00+00:00,14.25,63.637794,0.0,16.4,0.248
2023-05-15 22:00:00+00:00,14.5,60.71978,0.0,15.8,0.248
2023-05-15 23:00:00+00:00,13.9,64.65444,0.0,15.4,0.247
2023-05-16 00:00:00+00:00,12.95,69.25226,0.0,14.55,0.244
2023-05-16 01:00:00+00:00,11.85,74.18456,0.0,14.15,0.244
2023-05-16 02:00:00+00:00,11.1,78.22315,0.0,13.75,0.244
2023-05-16 03:00:00+00:00,11.75,74.93088,0.0,13.35,0.244
2023-05-16 04:00:00+00:00,13.95,66.90736,0.0,13.8,0.244
2023-05-16 05:00:00+00:00,16.6,58.78594,0.0,15.15,0.243
2023-05-16 06:00:00+00:00,18.95,52.26506,0.0,17.05,0.243
2023-05-16 07:00:00+00:00,20.8,46.60388,0.0,19.1,0.241
2023-05-16 08:00:00+00:00,22.15,43.635975,0.0,21.15,0.239
2023-05-16 09:00:00+00:00,23.4,41.41455,0.0,23.05,0.237
2023-05-16 10:00:00+00:00,24.5,39.289116,0.0,24.7,0.235
2023-05-16 11:00:00+00:00,25.45,37.625866,0.0,26.0,0.232
2023-05-16 12:00:00+00:00,25.95,34.61629,0.0,26.65,0.23
2023-05-16 13:00:00+00:00,26.65,33.32667,0.0,27.15,0.228
2023-05-16 14:00:00+00:00,26.55,32.19329,0.0,27.0,0.226
2023-05-16 15:00:00+00:00,26.05,32.271362,0.0,26.25,0.225
2023-05-16 16:00:00+00:00,24.1,64.95481,0.0,25.0,0.224
2023-05-16 17:00:00+00:00,23.4,42.54002,0.0,23.15,0.224
2023-05-16 18:00:00+00:00,22.75,43.95063,0.0,21.6,0.224
2023-05-16 19:00:00+00:00,19.05,56.486267,0.0,20.35,0.224
2023-05-16 20:00:00+00:00,17.65,60.646095,0.0,19.35,0.224
2023-05-16 21:00:00+00:00,17.1,59.10684,0.0,18.45,0.224
2023-05-16 22:00:00+00:00,16.2,57.3075,0.0,17.75,0.224
2023-05-16 23:00:00+00:00,15.1,61.27898,0.0,17.05,0.224
2023-05-17 00:00:00+00:00,16.1,57.87077,0.0,16.4,0.218
2023-05-17 01:00:00+00:00,14.2,66.96024,0.0,15.95,0.218
2023-05-17 02:00:00+00:00,13.95,67.13527,0.0,15.5,0.218
2023-05-17 03:00:00+00:00,14.1,67.39527,0.0,15.25,0.218
2023-05-17 04:00:00+00:00,15.4,66.98686,0.0,15.65,0.218
2023-05-17 05:00:00+00:00,18.3,53.88593,0.0,16.95,0.218
2023-05-17 06:00:00+00:00,20.05,50.99373,0.0,18.7,0.217
2023-05-17 07:00:00+00:00,21.85,46.58008,0.0,20.75,0.216
2023-05-17 08:00:00+00:00,23.7,41.777725,0.0,23.0,0.214
2023-05-17 09:00:00+00:00,24.75,39.623775,0.0,25.0,0.212
2023-05-17 10:00:00+00:00,23.85,36.54744,0.0,25.85,0.21
2023-05-17 11:00:00+00:00,21.5,47.111603,0.8,24.35,0.219
2023-05-17 12:00:00+00:00,20.1,61.420612,0.0,24.75,0.234
2023-05-17 13:00:00+00:00,18.0,69.78518,5.5,23.75,0.308
2023-05-17 14:00:00+00:00,16.0,87.641975,3.3,20.95,0.349
2023-05-17 15:00:00+00:00,16.05,86.79775,0.1,19.4,0.347
2023-05-17 16:00:00+00:00,16.2,85.69272,0.0,18.9,0.343
2023-05-17 17:00:00+00:00,15.75,87.61955,0.0,18.1,0.341
2023-05-17 18:00:00+00:00,14.0,94.312546,0.0,17.15,0.338
2023-05-17 19:00:00+00:00,13.3,96.47068,0.0,16.45,0.336
2023-05-17 20:00:00+00:00,13.0,94.579865,0.0,15.85,0.333
2023-05-17 21:00:00+00:00,12.65,93.943474,0.0,15.35,0.331
2023-05-17 22:00:00+00:00,12.2,94.234276,0.0,14.8,0.329
2023-05-17 23:00:00+00:00,13.2,91.52663,0.0,14.3,0.327
2023-05-18 00:00:00+00:00,12.8,98.69864,0.0,13.7,0.279
2023-05-18 01:00:00+00:00,11.05,100.0,0.0,13.55,0.278
2023-05-18 02:00:00+00:00,10.6,99.336105,0.0,13.35,0.278
2023-05-18 03:00:00+00:00,12.15,95.487854,0.0,13.15,0.277
2023-05-18 04:00:00+00:00,12.85,93.02788,0.0,13.7,0.277
2023-05-18 05:00:00+00:00,14.15,85.19862,0.0,14.8,0.277
2023-05-18 06:00:00+00:00,15.65,72.878265,0.0,16.3,0.276
2023-05-18 07:00:00+00:00,16.9,68.20023,0.0,17.95,0.274
2023-05-18 08:00:00+00:00,17.65,63.335514,0.0,19.45,0.273
2023-05-18 09:00:00+00:00,18.95,57.60355,0.1,20.75,0.272
2023-05-18 10:00:00+00:00,20.25,51.046974,0.1,22.25,0.27
2023-05-18 11:00:00+00:00,19.9,49.43347,0.2,22.45,0.27
2023-05-18 12:00:00+00:00,18.7,50.119534,2.3,22.3,0.284
2023-05-18 13:00:00+00:00,15.2,73.040306,0.4,21.25,0.285
2023-05-18 14:00:00+00:00,16.75,61.25229,0.0,20.75,0.284
2023-05-18 15:00:00+00:00,17.2,56.591858,0.0,20.55,0.283
2023-05-18 16:00:00+00:00,16.35,56.185238,0.0,19.65,0.282
2023-05-18 17:00:00+00:00,14.5,63.69439,0.0,18.45,0.281
2023-05-18 18:00:00+00:00,13.35,67.69839,0.0,17.3,0.281
2023-05-18 19:00:00+00:00,12.5,72.79732,0.0,16.4,0.28
2023-05-18 20:00:00+00:00,11.45,78.01031,0.0,15.6,0.28
2023-05-18 21:00:00+00:00,10.5,85.090355,0.0,14.85,0.279
2023-05-18 22:00:00+00:00,9.8,92.5511,0.0,14.2,0.279
2023-05-18 23:00:00+00:00,9.7,94.44121,0.0,13.8,0.278
2023-05-19 00:00:00+00:00,9.25,94.74224,0.0,14.25,0.315
2023-05-19 01:00:00+00:00,9.5,95.07308,0.0,13.7,0.314
2023-05-19 02:00:00+00:00,9.15,97.00937,0.0,13.25,0.313
2023-05-19 03:00:00+00:00,9.35,95.3894,0.0,13.0,0.311
2023-05-19 04:00:00+00:00,10.0,90.09238,0.0,13.15,0.31
2023-05-19 05:00:00+00:00,11.4,80.154236,0.0,13.9,0.309
2023-05-19 06:00:00+00:00,12.85,69.706604,0.0,15.05,0.307
2023-05-19 07:00:00+00:00,14.35,60.68395,0.0,16.5,0.305
2023-05-19 08:00:00+00:00,15.25,54.950455,0.1,17.85,0.304
2023-05-19 09:00:00+00:00,15.2,55.127193,0.0,18.15,0.302
2023-05-19 10:00:00+00:00,16.45,50.023293,0.0,19.25,0.299
2023-05-19 11:00:00+00:00,17.4,46.61433,0.0,20.2,0.297
2023-05-19 12:00:00+00:00,16.1,52.0411,0.1,20.9,0.298
2023-05-19 13:00:00+00:00,15.8,57.20723,0.1,20.3,0.297
2023-05-19 14:00:00+00:00,15.2,58.843204,0.1,19.65,0.296
2023-05-19 15:00:00+00:00,15.05,58.806355,0.2,18.75,0.296
2023-05-19 16:00:00+00:00,14.3,61.089626,0.0,17.7,0.296
2023-05-19 17:00:00+00:00,13.1,69.75623,0.0,16.7,0.295
2023-05-19 18:00:00+00:00,11.75,82.680756,0.0,15.75,0.294
2023-05-19 19:00:00+00:00,11.55,85.49141,0.0,15.1,0.293
2023-05-19 20:00:00+00:00,10.95,91.38214,0.0,14.4,0.293
2023-05-19 21:00:00+00:00,10.35,93.521385,0.0,13.8,0.292
2023-05-19 22:00:00+00:00,10.05,93.19183,0.0,13.35,0.292
2023-05-19 23:00:00+00:00,9.55,93.798355,0.0,12.9,0.291
2023-05-20 00:00:00+00:00,9.6,90.36891,0.0,13.95,0.286
2023-05-20 01:00:00+00:00,9.3,91.89637,0.0,13.35,0.285
2023-05-20 02:00:00+00:00,9.1,92.51118,0.0,12.9,0.285
2023-05-20 03:00:00+00:00,9.0,94.4111,0.3,12.5,0.287
2023-05-20 04:00:00+00:00,9.9,91.00495,0.2,12.45,0.288
2023-05-20 05:00:00+00:00,11.15,82.88655,0.0,13.0,0.287
2023-05-20 06:00:00+00:00,11.55,79.63301,0.0,13.4,0.287
2023-05-20 07:00:00+00:00,13.7,68.69918,0.1,15.2,0.286
2023-05-20 08:00:00+00:00,15.05,62.95783,0.1,16.9,0.285
2023-05-20 09:00:00+00:00,16.1,59.264282,0.0,18.25,0.284
2023-05-20 10:00:00+00:00,17.6,55.18019,0.1,19.95,0.282
2023-05-20 11:00:00+00:00,18.5,52.85638,0.2,21.2,0.281
2023-05-20 12:00:00+00:00,17.85,53.768837,0.1,20.6,0.285
2023-05-20 13:00:00+00:00,18.95,48.18221,0.1,21.05,0.283
2023-05-20 14:00:00+00:00,18.0,50.788994,0.1,20.7,0.282
2023-05-20 15:00:00+00:00,14.95,72.99539,2.8,19.3,0.316
2023-05-20 16:00:00+00:00,14.85,72.00707,0.1,18.05,0.316
2023-05-20 17:00:00+00:00,13.05,83.67472,0.0,16.8,0.314
2023-05-20 18:00:00+00:00,11.8,89.32554,0.0,15.65,0.313
2023-05-20 19:00:00+00:00,12.05,84.40361,0.0,14.7,0.312
2023-05-20 20:00:00+00:00,10.85,88.35206,0.0,14.0,0.311
2023-05-20 21:00:00+00:00,10.45,89.51942,0.0,13.45,0.31
2023-05-20 22:00:00+00:00,11.5,83.210236,0.0,13.05,0.309
2023-05-20 23:00:00+00:00,10.5,91.3528,0.0,12.8,0.308
2023-05-21 00:00:00+00:00,10.9,92.92406,0.0,12.95,0.311
2023-05-21 01:00:00+00:00,11.0,92.30908,0.0,12.5,0.31
2023-05-21 02:00:00+00:00,10.4,96.714134,0.0,12.0,0.309
2023-05-21 03:00:00+00:00,10.1,98.6709,0.0,11.7,0.308
2023-05-21 04:00:00+00:00,11.1,96.41036,0.0,12.15,0.307
2023-05-21 05:00:00+00:00,12.75,87.63664,0.0,13.4,0.306
2023-05-21 06:00:00+00:00,14.2,79.742546,0.0,14.9,0.305
2023-05-21 07:00:00+00:00,15.75,71.69449,0.0,16.7,0.303
2023-05-21 08:00:00+00:00,17.45,62.66013,0.1,18.7,0.302
2023-05-21 09:00:00+00:00,18.5,55.038776,0.1,20.35,0.299
2023-05-21 10:00:00+00:00,19.25,51.296745,0.0,21.4,0.297
2023-05-21 11:00:00+00:00,19.8,46.484776,0.0,22.35,0.294
2023-05-21 12:00:00+00:00,19.7,44.29081,0.0,22.4,0.295
2023-05-21 13:00:00+00:00,20.2,44.734978,0.0,22.5,0.293
2023-05-21 14:00:00+00:00,19.0,51.5774,0.1,22.0,0.292
2023-05-21 15:00:00+00:00,18.15,56.4496,0.0,21.15,0.291
2023-05-21 16:00:00+00:00,17.6,55.931816,0.0,20.1,0.29
2023-05-21 17:00:00+00:00,15.9,63.151707,0.0,18.85,0.289
2023-05-21 18:00:00+00:00,14.3,77.14511,0.0,17.75,0.289
2023-05-21 19:00:00+00:00,13.65,79.931076,0.0,16.55,0.289
2023-05-21 20:00:00+00:00,12.1,89.64769,0.0,15.65,0.288
2023-05-21 21:00:00+00:00,11.5,93.26666,0.0,15.0,0.288
2023-05-21 22:00:00+00:00,12.35,86.43823,0.0,14.35,0.287
2023-05-21 23:00:00+00:00,11.55,88.70927,0.0,13.8,0.287
2023-05-22 00:00:00+00:00,11.4,86.34362,0.0,14.3,0.281
2023-05-22 01:00:00+00:00,10.55,91.35607,0.0,13.65,0.281
2023-05-22 02:00:00+00:00,9.5,95.07308,0.0,13.1,0.281
2023-05-22 03:00:00+00:00,9.65,95.40011,0.0,12.7,0.28
2023-05-22 04:00:00+00:00,12.15,86.99848,0.0,13.15,0.28
2023-05-22 05:00:00+00:00,14.45,75.13571,0.0,14.5,0.279
2023-05-22 06:00:00+00:00,16.1,67.35845,0.0,16.35,0.278
2023-05-22 07:00:00+00:00,17.75,60.872864,0.0,18.35,0.276
2023-05-22 08:00:00+00:00,19.25,56.34808,0.0,20.35,0.274
2023-05-22 09:00:00+00:00,20.4,52.82187,0.1,22.1,0.272
2023-05-22 10:00:00+00:00,21.1,48.281113,0.1,23.4,0.271
2023-05-22 11:00:00+00:00,22.0,42.576134,0.0,24.25,0.269
2023-05-22 12:00:00+00:00,21.7,43.070854,0.1,24.05,0.271
2023-05-22 13:00:00+00:00,19.5,50.33508,0.1,24.0,0.269
2023-05-22 14:00:00+00:00,15.55,83.14334,3.4,21.35,0.312
2023-05-22 15:00:00+00:00,15.1,84.18808,0.9,19.35,0.32
2023-05-22 16:00:00+00:00,15.45,80.71097,0.4,18.15,0.323
2023-05-22 17:00:00+00:00,14.7,89.260056,1.0,17.05,0.335
2023-05-22 18:00:00+00:00,14.2,89.807655,0.1,16.2,0.334
2023-05-22 19:00:00+00:00,13.45,90.94182,0.0,15.5,0.332
2023-05-22 20:00:00+00:00,13.45,90.34466,0.0,15.05,0.33
2023-05-22 21:00:00+00:00,12.9,93.64592,0.0,14.65,0.329
2023-05-22 22:00:00+00:00,11.9,96.75209,0.0,14.3,0.327
2023-05-22 23:00:00+00:00,11.9,96.113785,0.0,13.95,0.325
2023-05-23 00:00:00+00:00,11.3,92.94553,0.0,15.25,0.346
2023-05-23 01:00:00+00:00,12.05,88.751045,0.0,14.6,0.344
2023-05-23 02:00:00+00:00,10.1,96.05936,0.0,13.9,0.342
2023-05-23 03:00:00+00:00,10.9,95.44429,0.0,13.5,0.34
2023-05-23 04:00:00+00:00,12.7,87.63209,0.0,13.85,0.337
2023-05-23 05:00:00+00:00,14.1,81.06481,0.0,14.8,0.335
2023-05-23 06:00:00+00:00,15.75,74.1157,0.0,16.4,0.333
2023-05-23 07:00:00+00:00,16.6,72.567856,0.2,17.75,0.332
2023-05-23 08:00:00+00:00,17.35,69.42893,0.4,18.95,0.332
2023-05-23 09:00:00+00:00,18.35,63.282654,0.4,19.8,0.333
2023-05-23 10:00:00+00:00,17.9,64.02638,0.2,20.3,0.331
2023-05-23 11:00:00+00:00,18.75,58.52237,0.2,20.55,0.33
2023-05-23 12:00:00+00:00,18.7,54.905186,0.8,20.15,0.41
2023-05-23 13:00:00+00:00,16.65,70.216034,1.5,19.6,0.404
2023-05-23 14:00:00+00:00,16.9,66.85406,0.0,19.4,0.392
2023-05-23 15:00:00+00:00,16.95,65.76093,0.0,18.95,0.385
2023-05-23 16:00:00+00:00,16.5,68.11882,0.1,18.25,0.379
2023-05-23 17:00:00+00:00,13.7,84.86889,0.0,17.2,0.375
2023-05-23 18:00:00+00:00,12.95,88.82567,0.0,16.2,0.371
2023-05-23 19:00:00+00:00,12.6,90.28339,1.1,15.45,0.38
2023-05-23 20:00:00+00:00,12.95,88.53167,1.6,14.8,0.394
2023-05-23 21:00:00+00:00,12.45,89.080185,0.0,14.25,0.387
2023-05-23 22:00:00+00:00,11.2,92.320724,0.0,13.7,0.382
2023-05-23 23:00:00+00:00,11.85,87.55453,0.0,13.4,0.377
2023-05-24 00:00:00+00:00,10.6,96.39645,0.0,13.7,0.379
2023-05-24 01:00:00+00:00,10.0,97.35535,0.0,13.15,0.375
2023-05-24 02:00:00+00:00,9.6,98.00441,0.0,12.6,0.372
2023-05-24 03:00:00+00:00,9.6,98.99777,0.0,12.2,0.369
2023-05-24 04:00:00+00:00,11.5,95.465294,0.0,12.6,0.366
2023-05-24 05:00:00+00:00,13.2,88.55278,0.0,13.75,0.364
2023-05-24 06:00:00+00:00,14.75,75.94156,0.2,15.35,0.362
2023-05-24 07:00:00+00:00,15.95,69.6147,0.1,16.75,0.36
2023-05-24 08:00:00+00:00,17.2,65.16088,0.1,18.4,0.358
2023-05-24 09:00:00+00:00,18.45,56.335632,0.1,19.7,0.354
2023-05-24 10:00:00+00:00,18.8,52.225456,0.0,20.2,0.351
2023-05-24 11:00:00+00:00,18.5,50.065475,0.0,20.6,0.348
2023-05-24 12:00:00+00:00,19.4,45.589108,0.1,20.8,0.35
2023-05-24 13:00:00+00:00,19.0,47.059555,0.1,21.0,0.347
2023-05-24 14:00:00+00:00,17.0,56.73343,0.2,20.35,0.347
2023-05-24 15:00:00+00:00,16.75,57.835564,0.0,19.55,0.345
2023-05-24 16:00:00+00:00,16.55,58.1793,0.0,18.85,0.344
2023-05-24 17:00:00+00:00,14.6,72.68836,0.0,17.75,0.343
2023-05-24 18:00:00+00:00,14.55,70.2781,0.0,16.5,0.342
2023-05-24 19:00:00+00:00,14.65,69.124016,0.0,15.6,0.341
2023-05-24 20:00:00+00:00,14.6,67.95748,0.0,14.8,0.34
2023-05-24 21:00:00+00:00,13.65,72.514984,0.0,14.2,0.339
2023-05-24 22:00:00+00:00,13.35,74.19491,0.0,13.7,0.339
2023-05-24 23:00:00+00:00,12.75,77.16033,0.0,13.3,0.338
2023-05-25 00:00:00+00:00,12.15,80.53037,0.0,13.55,0.345
2023-05-25 01:00:00+00:00,11.3,85.177086,0.0,12.95,0.344
2023-05-25 02:00:00+00:00,11.15,86.31857,0.0,12.45,0.343
2023-05-25 03:00:00+00:00,10.65,89.23366,0.0,12.05,0.342
2023-05-25 04:00:00+00:00,11.7,88.12955,0.0,12.6,0.342
2023-05-25 05:00:00+00:00,13.85,79.959114,0.0,13.9,0.341
2023-05-25 06:00:00+00:00,15.75,72.41343,0.0,15.7,0.339
2023-05-25 07:00:00+00:00,17.3,64.320335,0.1,17.65,0.338
2023-05-25 08:00:00+00:00,18.55,59.854286,0.1,19.35,0.337
2023-05-25 09:00:00+00:00,19.25,59.427242,0.3,20.65,0.336
2023-05-25 10:00:00+00:00,20.0,54.506245,0.4,21.85,0.337
2023-05-25 11:00:00+00:00,20.45,49.250156,0.1,22.35,0.335
2023-05-25 12:00:00+00:00,17.75,60.46714,0.0,22.35,0.344
2023-05-25 13:00:00+00:00,17.7,62.92636,0.3,21.6,0.344
2023-05-25 14:00:00+00:00,18.7,55.2752,0.0,21.3,0.342
2023-05-25 15:00:00+00:00,18.3,56.29789,0.0,20.6,0.34
2023-05-25 16:00:00+00:00,17.45,60.396,0.0,19.7,0.339
2023-05-25 17:00:00+00:00,14.9,72.986404,0.0,18.45,0.338
2023-05-25 18:00:00+00:00,13.95,76.57593,0.0,17.3,0.337
2023-05-25 19:00:00+00:00,13.4,78.30652,0.0,16.4,0.337
2023-05-25 20:00:00+00:00,12.5,81.395485,0.0,15.65,0.336
2023-05-25 21:00:00+00:00,12.6,80.32156,0.0,15.15,0.335
2023-05-25 22:00:00+00:00,12.15,82.175415,0.0,14.7,0.335
2023-05-25 23:00:00+00:00,11.2,86.907425,0.0,14.2,0.334
2023-05-26 00:00:00+00:00,11.15,89.57412,0.0,15.0,0.326
2023-05-26 01:00:00+00:00,11.05,90.777596,0.0,14.35,0.325
2023-05-26 02:00:00+00:00,10.8,92.91867,0.0,13.95,0.325
2023-05-26 03:00:00+00:00,11.45,88.99885,0.0,13.65,0.325
2023-05-26 04:00:00+00:00,13.0,83.11208,0.0,14.0,0.324
2023-05-26 05:00:00+00:00,14.7,75.93339,0.0,15.1,0.323
2023-05-26 06:00:00+00:00,16.3,69.6835,0.0,16.65,0.322
2023-05-26 07:00:00+00:00,17.9,64.23918,0.1,18.5,0.321
2023-05-26 08:00:00+00:00,19.05,62.19649,0.2,20.25,0.32
2023-05-26 09:00:00+00:00,19.95,58.040955,0.1,21.6,0.319
2023-05-26 10:00:00+00:00,20.75,52.562355,0.2,22.5,0.318
2023-05-26 11:00:00+00:00,21.9,46.906597,0.0,23.3,0.315
2023-05-26 12:00:00+00:00,19.3,50.62219,0.0,22.7,0.36
2023-05-26 13:00:00+00:00,19.55,50.00989,0.2,22.5,0.358
2023-05-26 14:00:00+00:00,19.55,50.51861,0.0,22.1,0.355
2023-05-26 15:00:00+00:00,19.45,47.9925,0.1,21.55,0.353
2023-05-26 16:00:00+00:00,18.7,53.98969,0.0,20.45,0.351
2023-05-26 17:00:00+00:00,16.2,67.379234,0.0,19.2,0.35
2023-05-26 18:00:00+00:00,14.75,74.93578,0.0,17.9,0.348
2023-05-26 19:00:00+00:00,13.95,81.31473,0.0,17.0,0.347
2023-05-26 20:00:00+00:00,14.65,74.420105,0.0,16.1,0.346
2023-05-26 21:00:00+00:00,15.55,68.38137,0.0,15.4,0.345
2023-05-26 22:00:00+00:00,14.85,71.04814,0.0,14.8,0.344
2023-05-26 23:00:00+00:00,14.0,75.56486,0.0,14.3,0.343
2023-05-27 00:00:00+00:00,11.4,90.80182,0.0,14.0,0.354
2023-05-27 01:00:00+00:00,11.6,88.120766,0.0,13.6,0.352
2023-05-27 02:00:00+00:00,12.15,85.554665,0.0,13.2,0.351
2023-05-27 03:00:00+00:00,11.05,91.38863,0.0,12.95,0.35
2023-05-27 04:00:00+00:00,13.15,85.37491,0.0,13.55,0.349
2023-05-27 05:00:00+00:00,15.45,76.56092,0.0,14.9,0.347
2023-05-27 06:00:00+00:00,17.35,69.42893,0.0,16.65,0.345
2023-05-27 07:00:00+00:00,19.05,62.19649,0.0,18.6,0.343
2023-05-27 08:00:00+00:00,20.3,55.31274,0.0,20.4,0.34
2023-05-27 09:00:00+00:00,21.4,50.673927,0.0,21.85,0.337
2023-05-27 10:00:00+00:00,22.55,47.71479,0.0,23.2,0.334
2023-05-27 11:00:00+00:00,23.4,44.426506,0.0,24.1,0.331
2023-05-27 12:00:00+00:00,23.85,38.973763,0.0,24.45,0.328
2023-05-27 13:00:00+00:00,20.45,52.659126,0.6,23.7,0.332
2023-05-27 14:00:00+00:00,21.45,50.855938,0.0,22.85,0.331
2023-05-27 15:00:00+00:00,20.9,57.700733,0.0,22.1,0.329
2023-05-27 16:00:00+00:00,20.2,62.254158,0.0,21.3,0.328
2023-05-27 17:00:00+00:00,17.5,72.49196,0.0,20.1,0.328
2023-05-27 18:00:00+00:00,17.15,66.02307,0.0,19.05,0.327
2023-05-27 19:00:00+00:00,16.7,60.62485,0.0,18.3,0.327
2023-05-27 20:00:00+00:00,15.95,65.3255,0.0,17.7,0.326
2023-05-27 21:00:00+00:00,14.95,73.48459,0.2,17.25,0.327
2023-05-27 22:00:00+00:00,13.8,86.29523,0.4,16.4,0.331
2023-05-27 23:00:00+00:00,13.35,84.549225,0.0,15.65,0.33
2023-05-28 00:00:00+00:00,12.15,79.181786,0.0,16.4,0.363
2023-05-28 01:00:00+00:00,11.65,84.64302,0.0,15.6,0.361
2023-05-28 02:00:00+00:00,11.35,87.50857,0.0,14.9,0.359
2023-05-28 03:00:00+00:00,11.55,89.00703,0.0,14.55,0.357
2023-05-28 04:00:00+00:00,13.7,81.01143,0.0,14.85,0.356
2023-05-28 05:00:00+00:00,16.2,69.43236,0.0,15.95,0.354
2023-05-28 06:00:00+00:00,18.4,62.04748,0.0,17.4,0.351
2023-05-28 07:00:00+00:00,20.25,56.597977,0.0,19.1,0.348
2023-05-28 08:00:00+00:00,21.4,45.835552,0.1,20.6,0.345
2023-05-28 09:00:00+00:00,20.8,50.68304,0.9,20.95,0.351
2023-05-28 10:00:00+00:00,20.85,44.613457,0.4,21.35,0.351
2023-05-28 11:00:00+00:00,22.2,42.060417,0.1,21.95,0.348
2023-05-28 12:00:00+00:00,21.1,41.465523,0.0,22.45,0.337
2023-05-28 13:00:00+00:00,21.15,42.91598,0.7,21.55,0.342
2023-05-28 14:00:00+00:00,20.55,45.138226,0.1,21.6,0.34
2023-05-28 15:00:00+00:00,20.0,46.856983,0.1,21.05,0.339
2023-05-28 16:00:00+00:00,18.0,54.725437,0.1,19.85,0.339
2023-05-28 17:00:00+00:00,16.2,63.007313,0.0,18.8,0.338
2023-05-28 18:00:00+00:00,15.5,67.45962,0.0,17.85,0.337
2023-05-28 19:00:00+00:00,15.9,66.19793,0.0,17.45,0.336
2023-05-28 20:00:00+00:00,15.65,64.60378,0.0,17.15,0.336
2023-05-28 21:00:00+00:00,14.6,71.960724,0.0,16.75,0.335
2023-05-28 22:00:00+00:00,13.7,78.35158,0.0,16.3,0.334
2023-05-28 23:00:00+00:00,12.85,83.65129,0.0,15.8,0.333
2023-05-29 00:00:00+00:00,12.95,81.182335,0.0,15.8,0.318
2023-05-29 01:00:00+00:00,12.1,85.54941,0.0,15.1,0.318
2023-05-29 02:00:00+00:00,11.75,87.25237,0.0,14.6,0.318
2023-05-29 03:00:00+00:00,12.4,84.72622,0.2,14.3,0.319
2023-05-29 04:00:00+00:00,13.55,81.26193,0.0,14.5,0.319
2023-05-29 05:00:00+00:00,14.9,77.49573,0.0,15.45,0.318
2023-05-29 06:00:00+00:00,16.6,71.61499,0.0,16.85,0.318
2023-05-29 07:00:00+00:00,18.2,64.305336,0.1,18.35,0.317
2023-05-29 08:00:00+00:00,18.65,58.1089,0.0,18.85,0.316
2023-05-29 09:00:00+00:00,20.05,55.065987,0.0,20.45,0.314
2023-05-29 10:00:00+00:00,21.5,49.204197,0.1,22.4,0.312
2023-05-29 11:00:00+00:00,21.9,44.306168,0.0,22.65,0.31
2023-05-29 12:00:00+00:00,19.2,57.282475,0.0,21.6,0.317
2023-05-29 13:00:00+00:00,19.95,55.59247,0.4,21.95,0.321
2023-05-29 14:00:00+00:00,18.25,64.95747,2.7,21.7,0.354
2023-05-29 15:00:00+00:00,17.95,64.892204,0.5,20.85,0.357
2023-05-29 16:00:00+00:00,16.4,73.25439,0.1,19.4,0.356
2023-05-29 17:00:00+00:00,15.75,80.48673,0.0,18.4,0.354
2023-05-29 18:00:00+00:00,14.6,88.0911,0.0,17.5,0.352
2023-05-29 19:00:00+00:00,14.05,91.280815,0.0,16.8,0.351
2023-05-29 20:00:00+00:00,14.1,90.6879,0.0,16.15,0.349
2023-05-29 21:00:00+00:00,13.4,94.90692,0.0,15.9,0.348
2023-05-29 22:00:00+00:00,12.2,97.721886,0.0,15.35,0.347
2023-05-29 23:00:00+00:00,11.75,97.713905,0.0,14.9,0.345
2023-05-30 00:00:00+00:00,12.75,93.63869,0.0,15.25,0.325
2023-05-30 01:00:00+00:00,12.7,94.879684,0.1,14.65,0.325
2023-05-30 02:00:00+00:00,12.8,93.025246,1.0,14.45,0.339
2023-05-30 03:00:00+00:00,13.0,93.3428,0.0,14.35,0.338
2023-05-30 04:00:00+00:00,13.4,93.056755,0.0,14.55,0.337
2023-05-30 05:00:00+00:00,13.9,88.90368,0.0,14.9,0.337
2023-05-30 06:00:00+00:00,15.0,81.18414,0.0,15.6,0.336
2023-05-30 07:00:00+00:00,16.1,74.176186,0.0,16.5,0.335
2023-05-30 08:00:00+00:00,17.55,67.881996,0.1,17.9,0.334
2023-05-30 09:00:00+00:00,16.9,71.43462,4.1,18.65,0.387
2023-05-30 10:00:00+00:00,16.0,75.39461,9.9,18.7,0.418
2023-05-30 11:00:00+00:00,16.85,76.281456,0.1,18.75,0.405
2023-05-30 12:00:00+00:00,17.15,73.38698,0.2,18.05,0.402
2023-05-30 13:00:00+00:00,18.35,65.842415,0.1,19.15,0.393
2023-05-30 14:00:00+00:00,17.7,65.70344,0.7,19.1,0.393
2023-05-30 15:00:00+00:00,17.75,66.37001,0.0,18.8,0.387
2023-05-30 16:00:00+00:00,16.35,76.45211,2.6,18.15,0.414
2023-05-30 17:00:00+00:00,14.15,91.2873,3.6,16.95,0.416
2023-05-30 18:00:00+00:00,14.9,89.86018,0.1,16.2,0.405
2023-05-30 19:00:00+00:00,13.35,93.66751,0.0,15.35,0.398
2023-05-30 20:00:00+00:00,12.0,95.79926,0.0,14.65,0.393
2023-05-30 21:00:00+00:00,10.8,97.37179,0.0,13.95,0.389
2023-05-30 22:00:00+00:00,10.4,97.038376,0.0,13.45,0.385
2023-05-30 23:00:00+00:00,10.6,96.39645,0.0,13.0,0.382
2023-05-31 00:00:00+00:00,12.65,93.017334,0.0,13.85,0.377
2023-05-31 01:00:00+00:00,12.45,91.78265,0.0,13.15,0.375
2023-05-31 02:00:00+00:00,11.15,94.502785,0.0,12.5,0.373
2023-05-31 03:00:00+00:00,11.6,92.96158,0.0,12.1,0.371
2023-05-31 04:00:00+00:00,12.65,91.49164,0.0,12.75,0.37
2023-05-31 05:00:00+00:00,14.05,87.177826,0.0,14.1,0.368
2023-05-31 06:00:00+00:00,15.8,74.37033,0.0,15.8,0.367
2023-05-31 07:00:00+00:00,17.5,63.30173,0.0,17.45,0.365
2023-05-31 08:00:00+00:00,18.95,59.94954,0.0,19.1,0.362
2023-05-31 09:00:00+00:00,19.85,59.178734,0.0,20.65,0.359
2023-05-31 10:00:00+00:00,20.25,57.54142,0.2,21.5,0.357
2023-05-31 11:00:00+00:00,20.95,54.387905,0.1,22.25,0.355
2023-05-31 12:00:00+00:00,21.3,49.15025,0.0,23.15,0.351
2023-05-31 13:00:00+00:00,21.9,47.85601,0.0,23.2,0.348
2023-05-31 14:00:00+00:00,21.05,44.669365,0.0,22.65,0.346
2023-05-31 15:00:00+00:00,20.15,46.898426,0.1,21.6,0.345
2023-05-31 16:00:00+00:00,19.05,54.627323,0.0,20.55,0.344
2023-05-31 17:00:00+00:00,16.95,67.75914,0.0,19.4,0.343
2023-05-31 18:00:00+00:00,15.65,75.586296,0.0,18.25,0.343
2023-05-31 19:00:00+00:00,15.0,79.855125,0.3,17.5,0.345
2023-05-31 20:00:00+00:00,13.0,96.14649,3.9,16.45,0.395
2023-05-31 21:00:00+00:00,13.45,94.59838,0.4,15.75,0.395
2023-05-31 22:00:00+00:00,13.0,95.83135,0.1,15.1,0.392
2023-05-31 23:00:00+00:00,12.65,95.5051,0.0,14.5,0.388
2023-06-01 00:00:00+00:00,12.55,85.02655,0.0,16.15,0.351
2023-06-01 01:00:00+00:00,12.45,85.0157,0.0,15.2,0.351
2023-06-01 02:00:00+00:00,12.05,85.54415,0.0,14.55,0.35
2023-06-01 03:00:00+00:00,11.7,86.95546,0.0,14.05,0.349
2023-06-01 04:00:00+00:00,13.05,81.19563,0.0,14.35,0.349
2023-06-01 05:00:00+00:00,14.6,77.70737,1.3,15.15,0.363
2023-06-01 06:00:00+00:00,15.95,74.88974,0.1,16.3,0.362
2023-06-01 07:00:00+00:00,17.45,68.537766,0.1,18.05,0.36
2023-06-01 08:00:00+00:00,18.6,62.5061,0.1,19.65,0.358
2023-06-01 09:00:00+00:00,19.35,61.045033,0.1,21.05,0.355
2023-06-01 10:00:00+00:00,20.25,59.86243,0.1,22.25,0.353
2023-06-01 11:00:00+00:00,20.55,59.737186,0.3,23.05,0.353
2023-06-01 12:00:00+00:00,18.1,68.66809,0.2,22.95,0.363
2023-06-01 13:00:00+00:00,18.25,66.03856,0.1,21.8,0.361
2023-06-01 14:00:00+00:00,19.15,59.600647,0.0,21.35,0.36
2023-06-01 15:00:00+00:00,18.75,60.50191,0.0,20.65,0.358
2023-06-01 16:00:00+00:00,18.4,62.667953,0.0,20.05,0.356
2023-06-01 17:00:00+00:00,16.5,74.982285,0.0,19.0,0.355
2023-06-01 18:00:00+00:00,14.5,82.74361,0.0,17.8,0.354
2023-06-01 19:00:00+00:00,14.4,82.73137,0.0,17.0,0.353
2023-06-01 20:00:00+00:00,13.15,88.25582,0.0,16.25,0.353
2023-06-01 21:00:00+00:00,12.7,90.29061,0.0,15.65,0.352
2023-06-01 22:00:00+00:00,12.9,90.30508,0.0,15.25,0.351
2023-06-01 23:00:00+00:00,12.35,93.00148,0.0,14.9,0.351
2023-06-02 00:00:00+00:00,11.95,92.67176,0.0,15.3,0.373
2023-06-02 01:00:00+00:00,11.75,93.90188,0.0,14.85,0.372
2023-06-02 02:00:00+00:00,10.75,95.43902,0.0,14.35,0.37
2023-06-02 03:00:00+00:00,11.4,94.19897,0.0,14.0,0.369
2023-06-02 04:00:00+00:00,13.75,87.43791,0.0,14.55,0.368
2023-06-02 05:00:00+00:00,15.7,81.27622,0.0,15.7,0.366
2023-06-02 06:00:00+00:00,17.4,74.39918,0.0,17.35,0.364
2023-06-02 07:00:00+00:00,19.15,63.88077,0.0,19.1,0.362
2023-06-02 08:00:00+00:00,20.45,57.78073,0.0,20.7,0.359
2023-06-02 09:00:00+00:00,21.8,52.488247,0.0,22.35,0.356
2023-06-02 10:00:00+00:00,23.1,48.181614,0.0,23.7,0.352
2023-06-02 11:00:00+00:00,23.6,46.44109,0.1,24.5,0.349
2023-06-02 12:00:00+00:00,23.25,43.35987,0.0,24.5,0.348
2023-06-02 13:00:00+00:00,23.55,45.363155,0.0,24.45,0.346
2023-06-02 14:00:00+00:00,20.25,60.257183,0.5,23.85,0.349
2023-06-02 15:00:00+00:00,18.8,68.80764,0.1,22.05,0.349
2023-06-02 16:00:00+00:00,18.95,71.348785,0.0,21.1,0.348
2023-06-02 17:00:00+00:00,17.9,77.69982,0.0,20.15,0.347
2023-06-02 18:00:00+00:00,16.5,82.98595,0.0,19.1,0.347
2023-06-02 19:00:00+00:00,15.9,84.00358,0.0,18.3,0.346
2023-06-02 20:00:00+00:00,15.55,84.23874,0.0,17.7,0.346
2023-06-02 21:00:00+00:00,15.25,85.31525,0.0,17.2,0.345
2023-06-02 22:00:00+00:00,15.15,85.58446,0.0,16.85,0.345
2023-06-02 23:00:00+00:00,14.75,87.52922,0.0,16.5,0.345
2023-06-03 00:00:00+00:00,14.7,87.23836,0.0,16.75,0.367
2023-06-03 01:00:00+00:00,14.85,83.88353,0.0,16.35,0.365
2023-06-03 02:00:00+00:00,14.75,82.77418,0.0,16.15,0.364
2023-06-03 03:00:00+00:00,14.15,84.63786,0.0,15.8,0.363
2023-06-03 04:00:00+00:00,15.7,80.21605,0.0,16.1,0.362
2023-06-03 05:00:00+00:00,17.2,74.365036,0.0,17.05,0.36
2023-06-03 06:00:00+00:00,18.1,69.12073,0.0,18.3,0.358
2023-06-03 07:00:00+00:00,15.0,84.45359,0.4,18.35,0.36
2023-06-03 08:00:00+00:00,16.9,75.79125,0.0,18.55,0.358
2023-06-03 09:00:00+00:00,20.15,62.242794,0.0,20.3,0.356
2023-06-03 10:00:00+00:00,21.5,58.417206,0.0,21.95,0.353
2023-06-03 11:00:00+00:00,21.9,57.006397,0.0,22.95,0.35
2023-06-03 12:00:00+00:00,18.35,67.821655,0.0,21.65,0.415
2023-06-03 13:00:00+00:00,18.0,70.70676,0.0,20.4,0.406
2023-06-03 14:00:00+00:00,18.25,72.62707,0.3,20.05,0.401
2023-06-03 15:00:00+00:00,18.3,73.588524,0.1,20.15,0.397
2023-06-03 16:00:00+00:00,16.8,79.06719,1.7,19.4,0.412
2023-06-03 17:00:00+00:00,15.5,89.90487,0.9,18.1,0.412
2023-06-03 18:00:00+00:00,14.15,96.18026,0.0,17.15,0.405
2023-06-03 19:00:00+00:00,13.7,93.991486,0.0,16.35,0.4
2023-06-03 20:00:00+00:00,14.45,88.94846,0.0,15.7,0.397
2023-06-03 21:00:00+00:00,14.7,86.384346,0.1,15.3,0.395
2023-06-03 22:00:00+00:00,13.8,91.26455,0.9,15.05,0.403
2023-06-03 23:00:00+00:00,13.25,95.21294,0.0,14.85,0.399
2023-06-04 00:00:00+00:00,12.1,95.48612,0.1,15.5,0.382
2023-06-04 01:00:00+00:00,12.7,94.879684,0.0,14.95,0.38
2023-06-04 02:00:00+00:00,12.3,97.4022,0.0,14.75,0.379
2023-06-04 03:00:00+00:00,11.9,98.68948,0.0,14.35,0.377
2023-06-04 04:00:00+00:00,13.3,93.35787,0.2,14.7,0.378
2023-06-04 05:00:00+00:00,14.35,88.649155,0.0,15.4,0.376
2023-06-04 06:00:00+00:00,15.65,82.61264,0.1,16.65,0.375
2023-06-04 07:00:00+00:00,17.05,75.81569,0.1,18.0,0.374
2023-06-04 08:00:00+00:00,18.1,68.21806,0.1,18.9,0.372
2023-06-04 09:00:00+00:00,19.25,63.06772,0.1,20.25,0.37
2023-06-04 10:00:00+00:00,19.8,59.55875,0.2,20.75,0.37
2023-06-04 11:00:00+00:00,17.35,69.88857,4.7,20.7,0.424
2023-06-04 12:00:00+00:00,16.4,76.2092,0.1,19.6,0.403
2023-06-04 13:00:00+00:00,18.1,68.89408,0.2,19.6,0.399
2023-06-04 14:00:00+00:00,18.6,63.33875,0.2,19.75,0.395
2023-06-04 15:00:00+00:00,16.65,75.999565,1.7,18.95,0.409
2023-06-04 16:00:00+00:00,16.6,76.24135,0.0,18.15,0.403
2023-06-04 17:00:00+00:00,15.55,81.79175,0.1,17.4,0.398
2023-06-04 18:00:00+00:00,15.15,78.56753,0.0,16.7,0.395
2023-06-04 19:00:00+00:00,15.0,73.73906,0.0,16.25,0.391
2023-06-04 20:00:00+00:00,14.8,71.27737,0.0,16.0,0.389
2023-06-04 21:00:00+00:00,14.15,76.864395,0.2,15.65,0.388
2023-06-04 22:00:00+00:00,13.75,80.74867,0.2,15.25,0.387
2023-06-04 23:00:00+00:00,13.75,79.41331,0.0,15.0,0.385
2023-06-05 00:00:00+00:00,12.85,91.80731,0.0,15.4,0.39
2023-06-05 01:00:00+00:00,13.2,91.8288,0.0,14.95,0.387
2023-06-05 02:00:00+00:00,13.3,90.33388,0.0,14.7,0.385
2023-06-05 03:00:00+00:00,13.1,91.82266,0.0,14.45,0.383
2023-06-05 04:00:00+00:00,14.0,82.135475,0.0,14.55,0.381
2023-06-05 05:00:00+00:00,15.15,74.50599,0.0,15.2,0.379
2023-06-05 06:00:00+00:00,16.5,66.77005,0.0,16.3,0.377
2023-06-05 07:00:00+00:00,18.3,58.41264,0.0,17.75,0.374
2023-06-05 08:00:00+00:00,19.1,53.551044,0.1,19.0,0.372
2023-06-05 09:00:00+00:00,19.85,51.802795,0.2,19.85,0.371
2023-06-05 10:00:00+00:00,20.65,53.594933,0.0,20.75,0.368
2023-06-05 11:00:00+00:00,21.55,52.077194,0.1,21.7,0.365
2023-06-05 12:00:00+00:00,18.15,65.79974,2.5,21.5,0.377
2023-06-05 13:00:00+00:00,18.7,63.99178,0.2,20.7,0.376
2023-06-05 14:00:00+00:00,19.3,58.850956,0.0,20.7,0.374
2023-06-05 15:00:00+00:00,18.65,66.34108,0.1,20.3,0.372
2023-06-05 16:00:00+00:00,17.6,72.036125,0.4,19.2,0.374
2023-06-05 17:00:00+00:00,16.45,76.719635,0.0,18.2,0.372
2023-06-05 18:00:00+00:00,14.85,83.88353,0.0,17.2,0.371
2023-06-05 19:00:00+00:00,14.0,88.3289,0.0,16.45,0.37
2023-06-05 20:00:00+00:00,13.45,90.34466,0.0,15.8,0.369
2023-06-05 21:00:00+00:00,13.15,90.025185,0.0,15.35,0.368
2023-06-05 22:00:00+00:00,12.8,87.932915,0.0,14.9,0.367
2023-06-05 23:00:00+00:00,12.25,88.17767,0.0,14.55,0.366
2023-06-06 00:00:00+00:00,12.5,85.02113,0.0,15.65,0.361
2023-06-06 01:00:00+00:00,12.25,86.42832,0.0,15.1,0.36
2023-06-06 02:00:00+00:00,11.8,89.02742,0.0,14.65,0.359
2023-06-06 03:00:00+00:00,11.65,89.61294,0.0,14.3,0.359
2023-06-06 04:00:00+00:00,13.2,83.41383,0.0,14.65,0.358
2023-06-06 05:00:00+00:00,14.95,76.48098,0.0,15.55,0.357
2023-06-06 06:00:00+00:00,16.75,70.46822,0.0,16.9,0.355
2023-06-06 07:00:00+00:00,18.85,62.77002,0.0,18.55,0.353
2023-06-06 08:00:00+00:00,19.55,60.09193,0.0,19.35,0.352
2023-06-06 09:00:00+00:00,20.75,55.06115,0.0,20.2,0.35
2023-06-06 10:00:00+00:00,22.15,49.21552,0.0,21.6,0.347
2023-06-06 11:00:00+00:00,22.45,47.68758,0.2,22.55,0.346
2023-06-06 12:00:00+00:00,22.6,47.412384,0.1,23.35,0.345
2023-06-06 13:00:00+00:00,23.1,46.30412,0.0,23.7,0.343
2023-06-06 14:00:00+00:00,23.1,44.938618,0.0,23.3,0.341
2023-06-06 15:00:00+00:00,22.7,46.19427,0.0,22.7,0.339
2023-06-06 16:00:00+00:00,21.6,52.78391,0.0,21.9,0.339
2023-06-06 17:00:00+00:00,19.1,64.71516,0.0,20.8,0.338
2023-06-06 18:00:00+00:00,17.85,67.27413,0.0,19.6,0.338
2023-06-06 19:00:00+00:00,17.2,67.58604,0.0,18.7,0.338
2023-06-06 20:00:00+00:00,16.15,71.29406,0.0,18.0,0.337
2023-06-06 21:00:00+00:00,16.05,69.634384,0.0,17.5,0.337
2023-06-06 22:00:00+00:00,15.75,69.808,0.0,17.1,0.337
2023-06-06 23:00:00+00:00,14.95,73.976685,0.0,16.7,0.337
2023-06-07 00:00:00+00:00,13.8,78.62889,0.0,17.2,0.329
2023-06-07 01:00:00+00:00,13.3,82.3208,0.0,16.5,0.329
2023-06-07 02:00:00+00:00,12.75,86.190186,0.0,15.95,0.329
2023-06-07 03:00:00+00:00,12.65,87.62755,0.0,15.5,0.329
2023-06-07 04:00:00+00:00,14.55,80.5892,0.0,15.8,0.329
2023-06-07 05:00:00+00:00,16.5,73.75719,0.0,16.85,0.328
2023-06-07 06:00:00+00:00,18.6,64.18117,0.0,18.45,0.327
2023-06-07 07:00:00+00:00,20.3,58.510815,0.0,20.25,0.325
2023-06-07 08:00:00+00:00,21.85,53.726658,0.0,22.1,0.323
2023-06-07 09:00:00+00:00,23.2,47.891216,0.0,23.5,0.321
2023-06-07 10:00:00+00:00,24.0,45.18716,0.0,24.7,0.318
2023-06-07 11:00:00+00:00,24.7,42.19772,0.0,25.6,0.315
2023-06-07 12:00:00+00:00,25.05,39.312824,0.0,26.0,0.31
2023-06-07 13:00:00+00:00,25.6,38.174797,0.0,26.35,0.308
2023-06-07 14:00:00+00:00,25.35,38.87552,0.0,26.15,0.306
2023-06-07 15:00:00+00:00,24.7,40.9538,0.0,25.4,0.305
2023-06-07 16:00:00+00:00,23.55,50.74145,0.0,24.35,0.304
2023-06-07 17:00:00+00:00,20.0,64.48812,0.0,22.85,0.304
2023-06-07 18:00:00+00:00,18.6,62.921215,0.0,21.35,0.304
2023-06-07 19:00:00+00:00,17.75,60.0638,0.0,20.2,0.304
2023-06-07 20:00:00+00:00,17.0,61.7239,0.0,19.35,0.304
2023-06-07 21:00:00+00:00,16.15,66.02971,0.0,18.6,0.304
2023-06-07 22:00:00+00:00,15.5,66.55878,0.0,18.0,0.304
2023-06-07 23:00:00+00:00,15.3,63.658817,0.0,17.4,0.304
2023-06-08 00:00:00+00:00,14.7,64.83172,0.0,17.05,0.3
2023-06-08 01:00:00+00:00,13.85,66.65882,0.0,16.65,0.3
2023-06-08 02:00:00+00:00,13.4,67.478226,0.0,16.25,0.3
2023-06-08 03:00:00+00:00,13.65,65.93764,0.0,15.95,0.3
2023-06-08 04:00:00+00:00,16.05,60.47031,0.0,16.35,0.299
2023-06-08 05:00:00+00:00,18.7,55.834347,0.0,17.55,0.299
2023-06-08 06:00:00+00:00,20.7,53.78608,0.0,19.25,0.298
2023-06-08 07:00:00+00:00,22.4,50.603924,0.0,21.1,0.296
2023-06-08 08:00:00+00:00,23.65,47.384262,0.0,22.85,0.295
2023-06-08 09:00:00+00:00,24.85,42.94482,0.0,24.45,0.292
2023-06-08 10:00:00+00:00,25.45,38.005272,0.0,25.3,0.29
2023-06-08 11:00:00+00:00,25.85,36.012146,0.0,25.8,0.288
2023-06-08 12:00:00+00:00,26.6,33.088913,0.0,26.55,0.286
2023-06-08 13:00:00+00:00,27.35,28.405859,0.0,27.4,0.279
2023-06-08 14:00:00+00:00,27.2,27.598412,0.0,27.25,0.277
2023-06-08 15:00:00+00:00,26.9,28.476456,0.0,26.65,0.276
2023-06-08 16:00:00+00:00,24.95,45.448204,0.0,25.55,0.275
2023-06-08 17:00:00+00:00,21.6,54.553715,0.0,24.0,0.275
2023-06-08 18:00:00+00:00,19.7,55.529236,0.0,22.5,0.275
2023-06-08 19:00:00+00:00,18.45,54.10702,0.0,21.25,0.275
2023-06-08 20:00:00+00:00,18.35,51.578934,0.0,20.3,0.275
2023-06-08 21:00:00+00:00,16.6,63.52312,0.0,19.45,0.275
2023-06-08 22:00:00+00:00,16.9,59.86046,0.0,18.7,0.276
2023-06-08 23:00:00+00:00,16.95,57.106613,0.0,18.1,0.276
2023-06-09 00:00:00+00:00,14.65,68.19767,0.0,17.55,0.276
2023-06-09 01:00:00+00:00,14.95,64.01284,0.0,17.45,0.264
2023-06-09 02:00:00+00:00,14.4,68.146385,0.0,17.05,0.265
2023-06-09 03:00:00+00:00,14.75,74.43731,0.2,16.65,0.266
2023-06-09 04:00:00+00:00,15.85,76.37215,0.0,16.95,0.267
2023-06-09 05:00:00+00:00,18.0,66.642395,0.0,18.0,0.266
2023-06-09 06:00:00+00:00,18.45,66.298904,0.0,19.05,0.266
2023-06-09 07:00:00+00:00,20.35,60.08314,0.0,20.6,0.265
2023-06-09 08:00:00+00:00,21.9,54.809654,0.0,22.15,0.264
2023-06-09 09:00:00+00:00,23.25,50.33075,0.0,23.95,0.262
2023-06-09 10:00:00+00:00,23.8,47.73833,0.1,25.55,0.26
2023-06-09 11:00:00+00:00,24.2,46.604942,0.0,26.35,0.259
2023-06-09 12:00:00+00:00,20.3,64.13417,1.4,25.2,0.275
2023-06-09 13:00:00+00:00,25.15,35.21474,0.0,26.8,0.243
2023-06-09 14:00:00+00:00,22.45,51.12056,0.2,25.9,0.243
2023-06-09 15:00:00+00:00,22.75,46.67156,0.0,25.05,0.243
2023-06-09 16:00:00+00:00,22.05,48.700653,0.0,24.2,0.242
2023-06-09 17:00:00+00:00,20.25,57.54142,0.0,23.0,0.242
2023-06-09 18:00:00+00:00,17.95,67.29481,0.0,21.65,0.242
2023-06-09 19:00:00+00:00,17.9,66.18259,0.0,20.65,0.243
2023-06-09 20:00:00+00:00,17.3,72.933205,0.0,19.95,0.243
2023-06-09 21:00:00+00:00,16.4,81.1026,0.0,19.3,0.243
2023-06-09 22:00:00+00:00,15.7,85.920876,0.0,18.75,0.243
2023-06-09 23:00:00+00:00,15.0,89.86764,0.0,18.25,0.243
2023-06-10 00:00:00+00:00,14.05,91.880615,0.0,18.35,0.244
2023-06-10 01:00:00+00:00,13.85,92.17009,0.0,17.7,0.244
2023-06-10 02:00:00+00:00,13.25,94.28012,0.0,17.15,0.244
2023-06-10 03:00:00+00:00,13.4,92.7515,0.0,16.75,0.244
2023-06-10 04:00:00+00:00,15.45,84.5035,0.0,17.15,0.244
2023-06-10 05:00:00+00:00,17.4,78.640594,0.0,18.35,0.244
2023-06-10 06:00:00+00:00,19.1,72.07486,0.0,20.0,0.244
2023-06-10 07:00:00+00:00,20.65,65.686584,0.1,21.8,0.243
2023-06-10 08:00:00+00:00,22.1,60.297832,0.0,23.6,0.242
2023-06-10 09:00:00+00:00,23.35,55.175266,0.1,25.1,0.241
2023-06-10 10:00:00+00:00,24.1,52.058975,0.1,26.4,0.24
2023-06-10 11:00:00+00:00,24.85,48.021656,0.0,27.5,0.238
2023-06-10 12:00:00+00:00,25.5,41.72628,0.0,27.35,0.237
2023-06-10 13:00:00+00:00,25.55,41.055874,0.0,27.55,0.236
2023-06-10 14:00:00+00:00,24.5,43.419285,0.0,26.95,0.235
2023-06-10 15:00:00+00:00,24.1,44.17904,0.1,26.25,0.235
2023-06-10 16:00:00+00:00,24.05,43.294125,0.0,25.35,0.235
2023-06-10 17:00:00+00:00,21.3,59.914597,0.2,23.95,0.236
2023-06-10 18:00:00+00:00,20.05,63.661945,0.0,22.45,0.236
2023-06-10 19:00:00+00:00,18.3,70.072495,0.0,21.2,0.237
2023-06-10 20:00:00+00:00,18.3,71.694466,0.0,20.5,0.237
2023-06-10 21:00:00+00:00,17.3,75.3621,0.0,19.75,0.237
2023-06-10 22:00:00+00:00,16.1,78.192116,0.0,19.05,0.237
2023-06-10 23:00:00+00:00,15.5,78.61919,0.0,18.45,0.237
2023-06-11 00:00:00+00:00,14.9,78.79112,0.0,18.4,0.248
2023-06-11 01:00:00+00:00,14.65,80.86994,0.0,17.95,0.248
2023-06-11 02:00:00+00:00,14.4,82.73137,0.0,17.6,0.248
2023-06-11 03:00:00+00:00,14.5,83.01731,0.0,17.35,0.248
2023-06-11 04:00:00+00:00,16.0,77.409454,0.0,17.65,0.248
2023-06-11 05:00:00+00:00,17.95,69.54665,0.0,18.6,0.248
2023-06-11 06:00:00+00:00,19.95,62.401543,0.0,20.3,0.247
2023-06-11 07:00:00+00:00,21.55,58.048737,0.0,22.3,0.246
2023-06-11 08:00:00+00:00,22.3,56.549126,0.1,23.8,0.245
2023-06-11 09:00:00+00:00,23.05,54.564495,0.1,25.0,0.244
2023-06-11 10:00:00+00:00,24.05,53.070244,0.1,26.45,0.243
2023-06-11 11:00:00+00:00,25.0,48.851215,0.1,27.35,0.242
2023-06-11 12:00:00+00:00,22.75,52.390358,2.7,24.6,0.349
2023-06-11 13:00:00+00:00,21.15,61.662125,2.9,24.1,0.383
2023-06-11 14:00:00+00:00,19.95,64.05729,0.0,23.05,0.376
2023-06-11 15:00:00+00:00,18.45,70.33092,0.0,22.25,0.37
2023-06-11 16:00:00+00:00,18.45,66.298904,0.0,21.7,0.366
2023-06-11 17:00:00+00:00,18.75,67.68103,0.0,21.0,0.362
2023-06-11 18:00:00+00:00,18.1,71.89216,0.0,20.4,0.358
2023-06-11 19:00:00+00:00,16.6,77.501724,0.0,19.65,0.355
2023-06-11 20:00:00+00:00,15.45,83.95228,0.0,18.9,0.352
2023-06-11 21:00:00+00:00,14.65,88.67411,0.0,18.2,0.35
2023-06-11 22:00:00+00:00,14.25,90.4018,0.0,17.6,0.348
2023-06-11 23:00:00+00:00,15.45,85.05791,0.0,17.05,0.345
2023-06-12 00:00:00+00:00,13.1,94.27359,0.0,16.1,0.329
2023-06-12 01:00:00+00:00,12.25,94.86206,0.0,15.6,0.327
2023-06-12 02:00:00+00:00,12.2,94.86011,0.0,15.15,0.326
2023-06-12 03:00:00+00:00,12.25,97.08056,0.0,14.85,0.325
2023-06-12 04:00:00+00:00,14.5,91.60847,0.0,15.5,0.324
2023-06-12 05:00:00+00:00,16.1,78.449356,0.0,16.7,0.323
2023-06-12 06:00:00+00:00,17.65,72.28184,0.0,18.3,0.321
2023-06-12 07:00:00+00:00,19.05,64.28023,0.0,20.05,0.319
2023-06-12 08:00:00+00:00,20.3,59.286556,0.0,21.65,0.316
2023-06-12 09:00:00+00:00,21.6,56.93249,0.0,23.4,0.313
2023-06-12 10:00:00+00:00,22.6,53.56696,0.0,24.85,0.31
2023-06-12 11:00:00+00:00,23.3,49.361053,0.0,26.0,0.307
2023-06-12 12:00:00+00:00,23.55,39.684086,0.0,26.6,0.303
2023-06-12 13:00:00+00:00,24.35,36.073586,0.0,26.8,0.3
2023-06-12 14:00:00+00:00,24.5,34.793243,0.0,26.6,0.297
2023-06-12 15:00:00+00:00,23.35,38.700764,0.1,25.8,0.296
2023-06-12 16:00:00+00:00,20.85,50.023354,0.2,24.25,0.296
2023-06-12 17:00:00+00:00,19.95,54.857628,0.0,22.8,0.296
2023-06-12 18:00:00+00:00,18.2,65.16161,0.0,21.5,0.295
2023-06-12 19:00:00+00:00,17.05,68.91219,0.0,20.4,0.295
2023-06-12 20:00:00+00:00,16.45,70.87911,0.0,19.65,0.294
2023-06-12 21:00:00+00:00,15.7,76.09617,0.0,18.95,0.294
2023-06-12 22:00:00+00:00,14.85,82.242546,0.0,18.35,0.293
2023-06-12 23:00:00+00:00,14.55,85.52205,0.0,17.8,0.293
2023-06-13 00:00:00+00:00,14.45,85.79348,0.0,18.25,0.292
2023-06-13 01:00:00+00:00,14.35,86.34978,0.0,17.65,0.292
2023-06-13 02:00:00+00:00,13.7,89.7699,0.0,17.15,0.292
2023-06-13 03:00:00+00:00,13.65,90.65672,0.0,16.75,0.291
2023-06-13 04:00:00+00:00,15.25,83.38067,0.0,17.15,0.291
2023-06-13 05:00:00+00:00,16.95,75.79939,0.0,18.15,0.29
2023-06-13 06:00:00+00:00,18.5,68.97348,0.0,19.6,0.289
2023-06-13 07:00:00+00:00,19.85,63.617577,0.0,21.35,0.288
2023-06-13 08:00:00+00:00,21.0,60.43329,0.1,23.0,0.287
2023-06-13 09:00:00+00:00,21.85,55.703197,0.2,23.95,0.287
2023-06-13 10:00:00+00:00,22.3,51.24982,0.0,24.15,0.286
2023-06-13 11:00:00+00:00,21.1,55.698074,0.8,23.9,0.294
2023-06-13 12:00:00+00:00,22.0,47.248558,0.7,25.05,0.281
2023-06-13 13:00:00+00:00,22.85,45.47207,0.0,25.25,0.28
2023-06-13 14:00:00+00:00,22.55,46.153023,0.0,24.9,0.279
2023-06-13 15:00:00+00:00,22.45,45.361496,0.0,24.65,0.277
2023-06-13 16:00:00+00:00,22.0,47.248558,0.0,23.8,0.276
2023-06-13 17:00:00+00:00,16.75,79.57766,3.5,21.9,0.322
2023-06-13 18:00:00+00:00,16.3,84.59716,0.0,20.35,0.321
2023-06-13 19:00:00+00:00,16.3,85.98142,0.0,19.3,0.32
2023-06-13 20:00:00+00:00,14.8,92.225525,0.0,18.45,0.319
2023-06-13 21:00:00+00:00,15.2,84.475815,0.0,17.85,0.318
2023-06-13 22:00:00+00:00,14.45,83.83747,0.0,17.3,0.317
2023-06-13 23:00:00+00:00,14.0,84.621284,0.0,16.8,0.316
2023-06-14 00:00:00+00:00,13.9,88.611595,0.0,17.85,0.289
2023-06-14 01:00:00+00:00,13.3,90.63235,0.0,17.2,0.289
2023-06-14 02:00:00+00:00,12.55,94.56126,0.0,16.6,0.289
2023-06-14 03:00:00+00:00,13.15,91.52346,0.0,16.3,0.288
2023-06-14 04:00:00+00:00,15.0,81.72118,0.0,16.65,0.288
2023-06-14 05:00:00+00:00,16.85,71.661446,0.0,17.75,0.287
2023-06-14 06:00:00+00:00,18.55,66.320015,0.0,19.3,0.286
2023-06-14 07:00:00+00:00,19.65,61.518703,0.3,20.8,0.287
2023-06-14 08:00:00+00:00,20.55,59.151695,0.1,22.3,0.286
2023-06-14 09:00:00+00:00,21.35,56.128677,0.1,23.25,0.286
2023-06-14 10:00:00+00:00,21.8,52.835865,0.1,24.1,0.284
2023-06-14 11:00:00+00:00,22.45,48.8086,0.0,24.65,0.283
2023-06-14 12:00:00+00:00,23.6,41.470825,0.0,25.8,0.284
2023-06-14 13:00:00+00:00,23.5,38.874535,0.0,25.55,0.282
2023-06-14 14:00:00+00:00,23.1,41.889618,0.0,24.95,0.28
2023-06-14 15:00:00+00:00,22.8,42.80096,0.0,24.35,0.279
2023-06-14 16:00:00+00:00,22.4,45.045177,0.0,23.55,0.278
2023-06-14 17:00:00+00:00,20.85,53.46893,0.0,22.55,0.278
2023-06-14 18:00:00+00:00,18.6,63.12968,0.0,21.35,0.278
2023-06-14 19:00:00+00:00,18.1,64.2833,0.0,20.4,0.277
2023-06-14 20:00:00+00:00,17.35,68.97196,0.0,19.7,0.277
2023-06-14 21:00:00+00:00,16.15,75.66857,0.0,19.05,0.277
2023-06-14 22:00:00+00:00,15.4,79.38617,0.0,18.45,0.277
2023-06-14 23:00:00+00:00,15.0,81.45228,0.0,18.0,0.276
2023-06-15 00:00:00+00:00,13.85,86.30019,0.0,18.05,0.272
2023-06-15 01:00:00+00:00,13.0,91.212204,0.0,17.3,0.272
2023-06-15 02:00:00+00:00,12.45,93.93425,0.0,16.7,0.272
2023-06-15 03:00:00+00:00,12.5,93.62661,0.0,16.3,0.271
2023-06-15 04:00:00+00:00,14.8,83.87779,0.0,16.7,0.271
2023-06-15 05:00:00+00:00,16.7,72.58594,0.0,17.9,0.271
2023-06-15 06:00:00+00:00,18.4,65.6364,0.0,19.55,0.27
2023-06-15 07:00:00+00:00,20.05,59.61834,0.0,21.4,0.268
2023-06-15 08:00:00+00:00,21.6,53.13377,0.0,23.3,0.266
2023-06-15 09:00:00+00:00,22.95,47.98201,0.0,25.05,0.264
2023-06-15 10:00:00+00:00,24.2,43.479954,0.0,26.55,0.261
2023-06-15 11:00:00+00:00,25.2,39.486492,0.0,27.7,0.259
2023-06-15 12:00:00+00:00,25.65,36.810066,0.0,28.5,0.256
2023-06-15 13:00:00+00:00,26.1,34.658604,0.0,28.5,0.254
2023-06-15 14:00:00+00:00,25.85,33.552864,0.0,28.05,0.252
2023-06-15 15:00:00+00:00,25.4,31.979322,0.0,27.25,0.25
2023-06-15 16:00:00+00:00,24.45,33.959667,0.0,26.05,0.25
2023-06-15 17:00:00+00:00,21.2,51.985374,0.0,24.55,0.249
2023-06-15 18:00:00+00:00,19.0,59.367294,0.0,22.85,0.249
2023-06-15 19:00:00+00:00,18.85,57.195713,0.0,21.6,0.249
2023-06-15 20:00:00+00:00,18.4,55.57123,0.0,20.6,0.249
2023-06-15 21:00:00+00:00,18.55,53.58824,0.0,19.8,0.249
2023-06-15 22:00:00+00:00,20.3,45.37566,0.0,19.1,0.249
2023-06-15 23:00:00+00:00,17.7,55.01936,0.0,18.55,0.249
2023-06-16 00:00:00+00:00,15.35,64.53736,0.0,18.2,0.249
2023-06-16 01:00:00+00:00,14.95,63.149216,0.0,17.7,0.249
2023-06-16 02:00:00+00:00,14.3,65.63043,0.0,17.25,0.249
2023-06-16 03:00:00+00:00,14.95,68.02953,0.0,16.95,0.249
2023-06-16 04:00:00+00:00,17.75,57.30627,0.0,17.55,0.249
2023-06-16 05:00:00+00:00,19.95,51.48283,0.0,18.95,0.248
2023-06-16 06:00:00+00:00,22.2,44.539124,0.0,20.75,0.247
2023-06-16 07:00:00+00:00,24.1,39.97345,0.0,22.7,0.246
2023-06-16 08:00:00+00:00,25.55,37.153454,0.0,24.55,0.244
2023-06-16 09:00:00+00:00,26.7,34.479393,0.0,26.3,0.241
2023-06-16 10:00:00+00:00,27.65,31.85311,0.0,27.85,0.239
2023-06-16 11:00:00+00:00,28.1,30.715965,0.0,28.7,0.237
2023-06-16 12:00:00+00:00,28.4,26.71737,0.0,29.5,0.233
2023-06-16 13:00:00+00:00,28.3,26.058743,0.0,29.15,0.231
2023-06-16 14:00:00+00:00,28.05,26.350452,0.0,28.75,0.23
2023-06-16 15:00:00+00:00,27.2,28.075115,0.0,27.8,0.229
2023-06-16 16:00:00+00:00,26.2,31.77,0.0,26.9,0.228
2023-06-16 17:00:00+00:00,24.2,38.034637,0.0,25.65,0.227
2023-06-16 18:00:00+00:00,21.95,44.61927,0.0,24.3,0.227
2023-06-16 19:00:00+00:00,20.95,50.723,0.0,23.15,0.227
2023-06-16 20:00:00+00:00,19.6,57.38135,0.0,22.1,0.227
2023-06-16 21:00:00+00:00,19.1,59.588684,0.0,21.35,0.227
2023-06-16 22:00:00+00:00,18.1,63.436573,0.0,20.7,0.227
2023-06-16 23:00:00+00:00,17.9,64.66665,0.0,20.2,0.227
2023-06-17 00:00:00+00:00,17.4,76.36936,0.0,20.65,0.217
2023-06-17 01:00:00+00:00,18.05,72.59115,0.0,20.05,0.217
2023-06-17 02:00:00+00:00,17.2,77.340805,0.0,19.55,0.217
2023-06-17 03:00:00+00:00,18.35,71.70366,0.0,19.4,0.217
2023-06-17 04:00:00+00:00,19.85,65.730354,0.0,19.8,0.217
2023-06-17 05:00:00+00:00,21.15,61.46174,0.0,21.0,0.217
2023-06-17 06:00:00+00:00,21.0,61.427227,0.0,22.1,0.216
2023-06-17 07:00:00+00:00,22.4,56.573837,0.0,23.45,0.215
2023-06-17 08:00:00+00:00,24.5,45.026867,0.0,25.35,0.214
2023-06-17 09:00:00+00:00,25.7,39.627106,0.0,27.0,0.212
2023-06-17 10:00:00+00:00,26.45,37.159122,0.0,28.35,0.21
2023-06-17 11:00:00+00:00,27.15,32.036,0.0,29.35,0.208
2023-06-17 12:00:00+00:00,29.0,23.197197,0.0,29.4,0.203
2023-06-17 13:00:00+00:00,29.35,22.497953,0.0,29.85,0.202
2023-06-17 14:00:00+00:00,29.0,22.641956,0.0,29.8,0.2
2023-06-17 15:00:00+00:00,24.3,43.076824,3.2,28.3,0.241
2023-06-17 16:00:00+00:00,17.5,77.89206,5.1,24.8,0.31
2023-06-17 17:00:00+00:00,18.1,75.248764,0.0,23.15,0.309
2023-06-17 18:00:00+00:00,17.1,79.6269,0.0,21.8,0.308
2023-06-17 19:00:00+00:00,17.35,75.86444,0.0,20.85,0.307
2023-06-17 20:00:00+00:00,17.3,76.10453,0.0,20.25,0.306
2023-06-17 21:00:00+00:00,16.4,80.838326,0.0,19.7,0.305
2023-06-17 22:00:00+00:00,15.7,84.255585,0.0,19.2,0.304
2023-06-17 23:00:00+00:00,15.25,85.31525,0.0,18.7,0.303
2023-06-18 00:00:00+00:00,14.85,81.97181,0.0,18.95,0.272
2023-06-18 01:00:00+00:00,14.4,84.66541,0.0,18.35,0.272
2023-06-18 02:00:00+00:00,13.7,87.72244,0.0,17.85,0.271
2023-06-18 03:00:00+00:00,14.15,85.19862,0.0,17.45,0.271
2023-06-18 04:00:00+00:00,15.55,78.88614,0.0,17.85,0.271
2023-06-18 05:00:00+00:00,17.0,71.92595,0.0,18.8,0.27
2023-06-18 06:00:00+00:00,18.45,63.725357,0.0,20.1,0.269
2023-06-18 07:00:00+00:00,19.6,57.38135,0.0,21.3,0.267
2023-06-18 08:00:00+00:00,21.1,52.82867,0.1,22.9,0.266
2023-06-18 09:00:00+00:00,22.6,46.320873,0.1,24.45,0.265
2023-06-18 10:00:00+00:00,23.65,41.34611,0.1,25.55,0.263
2023-06-18 11:00:00+00:00,24.4,38.091312,0.1,26.3,0.261
2023-06-18 12:00:00+00:00,24.0,38.23518,0.0,26.95,0.262
2023-06-18 13:00:00+00:00,24.55,36.375587,0.1,27.0,0.26
2023-06-18 14:00:00+00:00,24.3,37.17464,0.0,26.85,0.259
2023-06-18 15:00:00+00:00,23.3,40.833504,0.0,26.2,0.258
2023-06-18 16:00:00+00:00,21.05,51.43025,0.0,24.95,0.257
2023-06-18 17:00:00+00:00,20.75,54.156963,0.0,23.85,0.256
2023-06-18 18:00:00+00:00,19.0,62.18505,0.0,22.55,0.256
2023-06-18 19:00:00+00:00,18.35,65.409546,0.0,21.65,0.256
2023-06-18 20:00:00+00:00,17.55,69.46826,0.0,20.85,0.255
2023-06-18 21:00:00+00:00,17.05,78.33357,0.7,20.05,0.263
2023-06-18 22:00:00+00:00,15.25,93.45464,2.6,19.0,0.298
2023-06-18 23:00:00+00:00,15.45,92.56217,1.4,18.25,0.316
2023-06-19 00:00:00+00:00,15.45,94.07026,1.6,18.8,0.36
2023-06-19 01:00:00+00:00,15.5,94.68151,0.7,18.25,0.364
2023-06-19 02:00:00+00:00,15.35,93.157715,0.4,17.7,0.364
2023-06-19 03:00:00+00:00,15.3,93.45711,0.8,17.35,0.368
2023-06-19 04:00:00+00:00,15.7,88.76081,0.2,17.25,0.365
2023-06-19 05:00:00+00:00,15.7,86.20122,2.3,17.45,0.389
2023-06-19 06:00:00+00:00,15.9,86.50185,5.7,17.75,0.417
2023-06-19 07:00:00+00:00,17.05,78.33357,0.3,18.55,0.398
2023-06-19 08:00:00+00:00,19.35,69.818954,0.3,20.55,0.389
2023-06-19 09:00:00+00:00,19.0,68.623,5.6,21.25,0.43
2023-06-19 10:00:00+00:00,18.8,71.78647,2.5,21.35,0.399
2023-06-19 11:00:00+00:00,20.1,63.67301,0.1,21.75,0.39
2023-06-19 12:00:00+00:00,19.85,70.142,0.0,22.4,0.372
2023-06-19 13:00:00+00:00,20.4,63.32507,0.1,22.55,0.367
2023-06-19 14:00:00+00:00,21.55,54.540997,0.0,23.0,0.362
2023-06-19 15:00:00+00:00,20.8,54.529827,0.0,22.8,0.357
2023-06-19 16:00:00+00:00,19.2,64.10218,0.1,22.0,0.354
2023-06-19 17:00:00+00:00,18.15,74.76938,0.0,21.1,0.352
2023-06-19 18:00:00+00:00,16.9,73.10192,0.0,19.95,0.349
2023-06-19 19:00:00+00:00,16.8,71.41595,0.0,19.2,0.347
2023-06-19 20:00:00+00:00,15.7,76.85413,0.0,18.6,0.345
2023-06-19 21:00:00+00:00,14.9,81.43925,0.0,18.0,0.343
2023-06-19 22:00:00+00:00,14.3,85.49593,0.0,17.55,0.341
2023-06-19 23:00:00+00:00,13.55,91.24824,0.0,17.05,0.34
2023-06-20 00:00:00+00:00,13.25,95.21294,0.0,17.45,0.341
2023-06-20 01:00:00+00:00,13.05,97.4172,0.0,16.9,0.34
2023-06-20 02:00:00+00:00,12.8,99.022575,0.0,16.45,0.338
2023-06-20 03:00:00+00:00,12.9,99.67351,0.0,16.05,0.337
2023-06-20 04:00:00+00:00,14.55,91.6116,0.0,16.35,0.336
2023-06-20 05:00:00+00:00,16.55,76.735435,0.0,17.3,0.334
2023-06-20 06:00:00+00:00,18.4,63.084644,0.0,18.6,0.332
2023-06-20 07:00:00+00:00,19.7,55.900208,0.0,20.1,0.329
2023-06-20 08:00:00+00:00,20.85,50.190865,0.0,21.55,0.326
2023-06-20 09:00:00+00:00,21.65,45.750813,0.0,22.7,0.323
2023-06-20 10:00:00+00:00,22.45,42.415947,0.0,23.7,0.32
2023-06-20 11:00:00+00:00,22.75,41.37057,0.1,24.3,0.318
2023-06-20 12:00:00+00:00,22.7,41.91799,0.0,24.6,0.316
2023-06-20 13:00:00+00:00,23.0,41.024456,0.2,24.4,0.315
2023-06-20 14:00:00+00:00,22.2,43.94459,0.0,24.0,0.313
2023-06-20 15:00:00+00:00,20.95,49.550713,0.0,23.1,0.312
2023-06-20 16:00:00+00:00,20.6,51.827503,0.0,22.45,0.311
2023-06-20 17:00:00+00:00,19.15,58.619617,0.0,21.5,0.31
2023-06-20 18:00:00+00:00,17.45,65.649796,0.0,20.45,0.309
2023-06-20 19:00:00+00:00,16.9,66.41057,0.0,19.65,0.309
2023-06-20 20:00:00+00:00,15.65,70.491005,0.0,18.85,0.308
2023-06-20 21:00:00+00:00,15.0,72.76092,0.0,18.15,0.308
2023-06-20 22:00:00+00:00,14.6,75.16093,0.0,17.6,0.307
2023-06-20 23:00:00+00:00,14.3,77.40283,0.0,17.15,0.307
2023-06-21 00:00:00+00:00,13.65,77.042885,0.2,18.2,0.302
2023-06-21 01:00:00+00:00,14.05,76.33612,0.0,17.55,0.302
2023-06-21 02:00:00+00:00,13.65,83.19032,0.5,17.0,0.306
2023-06-21 03:00:00+00:00,13.7,87.72244,2.6,16.4,0.341
2023-06-21 04:00:00+00:00,14.2,89.51363,0.3,16.1,0.342
2023-06-21 05:00:00+00:00,15.05,87.8429,0.8,16.5,0.35
2023-06-21 06:00:00+00:00,16.55,80.59504,0.1,17.65,0.348
2023-06-21 07:00:00+00:00,18.55,67.64017,0.0,19.4,0.346
2023-06-21 08:00:00+00:00,20.5,51.974327,0.0,21.2,0.342
2023-06-21 09:00:00+00:00,21.4,47.879707,0.0,22.7,0.338
2023-06-21 10:00:00+00:00,22.05,46.32424,0.0,23.75,0.334
2023-06-21 11:00:00+00:00,22.3,46.7037,0.0,24.45,0.331
2023-06-21 12:00:00+00:00,20.15,60.233635,0.0,23.3,0.332
2023-06-21 13:00:00+00:00,19.65,61.31651,0.3,22.8,0.332
2023-06-21 14:00:00+00:00,20.65,56.510654,0.0,22.95,0.33
2023-06-21 15:00:00+00:00,21.05,52.6407,0.0,23.0,0.328
2023-06-21 16:00:00+00:00,20.55,53.569088,0.0,22.35,0.326
2023-06-21 17:00:00+00:00,18.8,62.96639,0.0,21.35,0.325
2023-06-21 18:00:00+00:00,17.15,69.61927,0.0,20.15,0.324
2023-06-21 19:00:00+00:00,16.7,67.93333,0.0,19.25,0.323
2023-06-21 20:00:00+00:00,16.35,68.08821,0.0,18.55,0.322
2023-06-21 21:00:00+00:00,15.7,71.44688,0.0,18.05,0.321
2023-06-21 22:00:00+00:00,14.85,75.45381,0.0,17.55,0.321
2023-06-21 23:00:00+00:00,14.05,79.19207,0.0,17.1,0.32
2023-06-22 00:00:00+00:00,13.8,81.56588,0.0,18.0,0.314
2023-06-22 01:00:00+00:00,13.75,81.28834,0.0,17.35,0.313
2023-06-22 02:00:00+00:00,13.15,84.24596,0.0,16.8,0.313
2023-06-22 03:00:00+00:00,12.95,85.63838,0.0,16.35,0.312
2023-06-22 04:00:00+00:00,14.65,79.01614,0.0,16.6,0.311
2023-06-22 05:00:00+00:00,16.6,70.43942,0.0,17.6,0.31
2023-06-22 06:00:00+00:00,18.15,64.507515,0.0,19.05,0.309
2023-06-22 07:00:00+00:00,19.6,57.38135,0.0,20.65,0.307
2023-06-22 08:00:00+00:00,20.9,47.423153,0.0,22.25,0.304
2023-06-22 09:00:00+00:00,22.1,40.2195,0.0,23.75,0.302
2023-06-22 10:00:00+00:00,23.05,35.581604,0.0,24.95,0.299
2023-06-22 11:00:00+00:00,23.65,32.592094,0.0,25.75,0.296
2023-06-22 12:00:00+00:00,23.4,32.63365,0.0,26.1,0.292
2023-06-22 13:00:00+00:00,23.45,30.996176,0.0,25.95,0.29
2023-06-22 14:00:00+00:00,23.9,29.442305,0.0,25.7,0.288
2023-06-22 15:00:00+00:00,23.4,30.554312,0.0,25.1,0.286
2023-06-22 16:00:00+00:00,22.35,36.119743,0.0,24.1,0.285
2023-06-22 17:00:00+00:00,20.25,43.84359,0.0,22.8,0.284
2023-06-22 18:00:00+00:00,18.95,46.090454,0.0,21.55,0.284
2023-06-22 19:00:00+00:00,18.4,48.52604,0.0,20.6,0.283
2023-06-22 20:00:00+00:00,17.35,53.274387,0.0,19.8,0.283
2023-06-22 21:00:00+00:00,17.2,56.01973,0.0,19.2,0.283
2023-06-22 22:00:00+00:00,16.25,60.722935,0.0,18.7,0.283
2023-06-22 23:00:00+00:00,15.1,64.70058,0.0,18.15,0.282
2023-06-23 00:00:00+00:00,14.8,66.185524,0.0,19.05,0.276
2023-06-23 01:00:00+00:00,14.35,69.2975,0.0,18.25,0.276
2023-06-23 02:00:00+00:00,13.6,73.73971,0.0,17.6,0.275
2023-06-23 03:00:00+00:00,13.3,77.24679,0.0,17.05,0.275
2023-06-23 04:00:00+00:00,15.1,73.02235,0.0,17.25,0.275
2023-06-23 05:00:00+00:00,17.2,64.298225,0.0,18.25,0.274
2023-06-23 06:00:00+00:00,19.15,52.49429,0.0,19.8,0.273
2023-06-23 07:00:00+00:00,21.0,41.295837,0.0,21.5,0.272
2023-06-23 08:00:00+00:00,22.4,35.64051,0.0,23.25,0.27
2023-06-23 09:00:00+00:00,23.5,33.115414,0.0,24.85,0.267
2023-06-23 10:00:00+00:00,24.45,30.532217,0.0,26.2,0.265
2023-06-23 11:00:00+00:00,25.2,28.300262,0.0,27.2,0.262
2023-06-23 12:00:00+00:00,25.0,30.267128,0.0,27.65,0.26
2023-06-23 13:00:00+00:00,25.4,28.257666,0.0,27.8,0.258
2023-06-23 14:00:00+00:00,25.4,26.544655,0.0,27.5,0.256
2023-06-23 15:00:00+00:00,25.05,25.448814,0.0,26.8,0.255
2023-06-23 16:00:00+00:00,23.9,30.377644,0.0,25.7,0.254
2023-06-23 17:00:00+00:00,20.55,42.455574,0.0,24.1,0.253
2023-06-23 18:00:00+00:00,18.65,44.14647,0.0,22.4,0.253
2023-06-23 19:00:00+00:00,17.2,47.864166,0.0,21.05,0.253
2023-06-23 20:00:00+00:00,16.7,49.065006,0.0,20.0,0.253
2023-06-23 21:00:00+00:00,16.05,52.387592,0.0,19.25,0.253
2023-06-23 22:00:00+00:00,15.75,52.12718,0.0,18.7,0.253
2023-06-23 23:00:00+00:00,15.15,53.058697,0.0,18.2,0.253
2023-06-24 00:00:00+00:00,14.75,52.585552,0.0,18.15,0.255
2023-06-24 01:00:00+00:00,14.35,54.71628,0.0,17.65,0.255
2023-06-24 02:00:00+00:00,13.8,58.700256,0.0,17.15,0.255
2023-06-24 03:00:00+00:00,13.65,62.420696,0.0,16.8,0.255
2023-06-24 04:00:00+00:00,15.75,61.01679,0.0,17.15,0.255
2023-06-24 05:00:00+00:00,18.1,54.19918,0.0,18.35,0.254
2023-06-24 06:00:00+00:00,19.8,50.41564,0.0,20.15,0.253
2023-06-24 07:00:00+00:00,21.45,46.78298,0.0,22.15,0.252
2023-06-24 08:00:00+00:00,23.0,43.87337,0.0,24.2,0.25
2023-06-24 09:00:00+00:00,24.4,39.790783,0.0,26.05,0.248
2023-06-24 10:00:00+00:00,25.65,35.000668,0.0,27.65,0.246
2023-06-24 11:00:00+00:00,26.65,31.466955,0.0,28.8,0.243
2023-06-24 12:00:00+00:00,27.2,29.050392,0.0,29.35,0.239
2023-06-24 13:00:00+00:00,27.6,27.42503,0.0,29.65,0.237
2023-06-24 14:00:00+00:00,27.5,26.656189,0.0,29.4,0.235
2023-06-24 15:00:00+00:00,27.1,26.54759,0.0,28.65,0.234
2023-06-24 16:00:00+00:00,25.9,31.363747,0.0,27.45,0.233
2023-06-24 17:00:00+00:00,22.85,37.650906,0.0,25.8,0.233
2023-06-24 18:00:00+00:00,20.95,38.27892,0.0,24.1,0.232
2023-06-24 19:00:00+00:00,20.05,41.45086,0.0,22.75,0.232
2023-06-24 20:00:00+00:00,18.6,48.746815,0.0,21.7,0.232
2023-06-24 21:00:00+00:00,17.35,52.3741,0.0,20.8,0.232
2023-06-24 22:00:00+00:00,16.45,51.955723,0.0,19.95,0.232
2023-06-24 23:00:00+00:00,15.1,53.045414,0.0,19.15,0.232
2023-06-25 00:00:00+00:00,14.8,51.691826,0.0,17.95,0.23
2023-06-25 01:00:00+00:00,14.2,52.990246,0.0,17.55,0.23
2023-06-25 02:00:00+00:00,12.95,56.88028,0.0,17.15,0.23
2023-06-25 03:00:00+00:00,12.8,57.642,0.0,16.8,0.23
2023-06-25 04:00:00+00:00,15.4,55.55981,0.0,17.2,0.23
2023-06-25 05:00:00+00:00,19.0,47.059555,0.0,18.6,0.23
2023-06-25 06:00:00+00:00,21.15,39.67613,0.0,20.55,0.229
2023-06-25 07:00:00+00:00,23.2,34.780075,0.0,22.65,0.228
2023-06-25 08:00:00+00:00,25.0,30.476223,0.0,24.8,0.226
2023-06-25 09:00:00+00:00,26.3,30.839975,0.0,26.85,0.224
2023-06-25 10:00:00+00:00,27.3,31.118973,0.0,28.6,0.222
2023-06-25 11:00:00+00:00,28.1,30.509861,0.0,29.95,0.219
2023-06-25 12:00:00+00:00,28.75,24.699055,0.0,30.7,0.214
2023-06-25 13:00:00+00:00,29.6,22.17586,0.0,31.15,0.212
2023-06-25 14:00:00+00:00,29.55,21.481968,0.0,31.0,0.211
2023-06-25 15:00:00+00:00,29.15,22.29122,0.0,30.25,0.209
2023-06-25 16:00:00+00:00,27.85,31.908884,0.0,29.0,0.209
2023-06-25 17:00:00+00:00,23.85,45.445766,0.0,27.2,0.209
2023-06-25 18:00:00+00:00,21.4,49.013367,0.0,25.3,0.209
2023-06-25 19:00:00+00:00,20.1,49.821724,0.0,23.8,0.209
2023-06-25 20:00:00+00:00,19.35,50.63559,0.0,22.6,0.209
2023-06-25 21:00:00+00:00,17.3,59.554653,0.0,21.55,0.208
2023-06-25 22:00:00+00:00,18.75,46.351246,0.0,20.9,0.208
2023-06-25 23:00:00+00:00,18.6,49.584076,0.0,20.5,0.208
2023-06-26 00:00:00+00:00,17.4,64.12853,0.0,20.25,0.204
2023-06-26 01:00:00+00:00,16.15,77.94319,0.0,19.7,0.204
2023-06-26 02:00:00+00:00,15.5,83.41012,0.0,19.0,0.204
2023-06-26 03:00:00+00:00,15.8,84.26677,0.0,18.55,0.204
2023-06-26 04:00:00+00:00,18.2,77.49398,0.0,19.05,0.204
2023-06-26 05:00:00+00:00,20.75,65.92091,0.0,20.5,0.204
2023-06-26 06:00:00+00:00,22.55,59.050972,0.0,22.4,0.203
2023-06-26 07:00:00+00:00,24.5,53.185593,0.0,24.5,0.202
2023-06-26 08:00:00+00:00,26.25,47.620853,0.0,26.6,0.201
2023-06-26 09:00:00+00:00,27.9,37.81407,0.0,28.5,0.199
2023-06-26 10:00:00+00:00,28.9,31.775091,0.0,29.85,0.197
2023-06-26 11:00:00+00:00,29.3,29.629002,0.0,30.9,0.196
2023-06-26 12:00:00+00:00,28.0,29.172134,0.2,29.65,0.189
2023-06-26 13:00:00+00:00,28.75,27.738583,0.0,30.4,0.188
2023-06-26 14:00:00+00:00,29.3,25.883842,0.0,30.25,0.187
2023-06-26 15:00:00+00:00,26.0,36.662937,0.0,29.25,0.186
2023-06-26 16:00:00+00:00,25.15,38.689636,0.0,28.05,0.186
2023-06-26 17:00:00+00:00,23.85,42.808434,0.0,26.75,0.186
2023-06-26 18:00:00+00:00,21.9,49.14824,0.0,25.35,0.185
2023-06-26 19:00:00+00:00,20.25,59.665916,0.0,24.15,0.185
2023-06-26 20:00:00+00:00,19.1,67.97409,0.0,23.1,0.185
2023-06-26 21:00:00+00:00,18.2,73.3318,0.0,22.2,0.185
2023-06-26 22:00:00+00:00,17.35,77.6163,0.0,21.45,0.185
2023-06-26 23:00:00+00:00,16.55,81.6527,0.0,20.7,0.185
2023-06-27 00:00:00+00:00,16.1,84.30033,0.0,20.85,0.185
2023-06-27 01:00:00+00:00,15.5,86.74517,0.0,20.1,0.185
2023-06-27 02:00:00+00:00,14.65,90.72582,0.0,19.4,0.185
2023-06-27 03:00:00+00:00,14.65,91.022316,0.0,18.85,0.185
2023-06-27 04:00:00+00:00,16.5,82.44778,0.0,19.15,0.185
2023-06-27 05:00:00+00:00,18.7,66.7888,0.0,20.3,0.185
2023-06-27 06:00:00+00:00,20.55,53.03724,0.0,21.9,0.185
2023-06-27 07:00:00+00:00,22.3,45.624306,0.0,23.8,0.184
2023-06-27 08:00:00+00:00,23.95,41.016697,0.0,25.85,0.183
2023-06-27 09:00:00+00:00,25.35,36.848804,0.0,27.75,0.181
2023-06-27 10:00:00+00:00,26.55,32.63146,0.0,29.4,0.18
2023-06-27 11:00:00+00:00,27.55,28.557991,0.0,30.65,0.179
2023-06-27 12:00:00+00:00,26.75,34.958458,0.0,28.9,0.225
2023-06-27 13:00:00+00:00,27.05,34.118244,0.0,29.1,0.223
2023-06-27 14:00:00+00:00,26.85,33.947998,0.0,28.8,0.222
2023-06-27 15:00:00+00:00,26.25,35.052193,0.0,28.0,0.221
2023-06-27 16:00:00+00:00,25.15,39.0793,0.0,26.9,0.22
2023-06-27 17:00:00+00:00,23.45,44.588467,0.0,25.6,0.22
2023-06-27 18:00:00+00:00,22.0,49.502895,0.0,24.35,0.22
2023-06-27 19:00:00+00:00,20.25,60.059525,0.0,23.25,0.22
2023-06-27 20:00:00+00:00,19.35,64.55748,0.0,22.35,0.22
2023-06-27 21:00:00+00:00,18.55,68.75791,0.0,21.6,0.22
2023-06-27 22:00:00+00:00,17.85,72.08185,0.0,20.95,0.22
2023-06-27 23:00:00+00:00,17.15,75.09104,0.0,20.4,0.221
2023-06-28 00:00:00+00:00,16.6,79.297066,0.0,20.55,0.216
2023-06-28 01:00:00+00:00,16.05,82.392166,0.0,19.9,0.216
2023-06-28 02:00:00+00:00,15.3,86.726,0.0,19.3,0.217
2023-06-28 03:00:00+00:00,15.15,87.851746,0.0,18.9,0.217
2023-06-28 04:00:00+00:00,17.45,78.13826,0.0,19.15,0.217
2023-06-28 05:00:00+00:00,19.85,67.46479,0.0,20.2,0.217
2023-06-28 06:00:00+00:00,21.65,60.97994,0.0,21.7,0.216
2023-06-28 07:00:00+00:00,23.2,55.137608,0.0,23.6,0.215
2023-06-28 08:00:00+00:00,24.75,49.58551,0.0,25.55,0.214
2023-06-28 09:00:00+00:00,26.0,44.9957,0.0,27.25,0.212
2023-06-28 10:00:00+00:00,27.35,40.08892,0.0,28.75,0.211
2023-06-28 11:00:00+00:00,28.55,36.77065,0.0,29.9,0.209
2023-06-28 12:00:00+00:00,28.9,31.145199,0.0,30.1,0.209
2023-06-28 13:00:00+00:00,29.2,30.609236,0.0,30.1,0.208
2023-06-28 14:00:00+00:00,29.55,29.896978,0.0,29.9,0.207
2023-06-28 15:00:00+00:00,27.35,33.748234,0.1,28.85,0.206
2023-06-28 16:00:00+00:00,23.95,49.05018,0.0,27.4,0.206
2023-06-28 17:00:00+00:00,22.4,61.74769,0.1,25.95,0.207
2023-06-28 18:00:00+00:00,21.5,64.18841,0.0,24.4,0.207
2023-06-28 19:00:00+00:00,20.5,70.71967,0.0,23.2,0.207
2023-06-28 20:00:00+00:00,20.0,73.173706,0.0,22.25,0.207
2023-06-28 21:00:00+00:00,18.35,78.52497,0.0,21.5,0.207
2023-06-28 22:00:00+00:00,18.8,69.25872,0.0,20.85,0.207
2023-06-28 23:00:00+00:00,18.7,70.37871,0.0,20.45,0.207
2023-06-29 00:00:00+00:00,16.95,84.39485,0.0,20.1,0.202
2023-06-29 01:00:00+00:00,16.45,87.117096,0.0,19.65,0.202
2023-06-29 02:00:00+00:00,15.55,91.67375,0.0,19.15,0.202
2023-06-29 03:00:00+00:00,16.0,87.641975,0.0,18.8,0.203
2023-06-29 04:00:00+00:00,18.0,75.23223,0.0,19.25,0.203
2023-06-29 05:00:00+00:00,19.85,62.583797,0.0,20.35,0.202
2023-06-29 06:00:00+00:00,21.55,51.905025,0.0,21.85,0.202
2023-06-29 07:00:00+00:00,23.15,43.04291,0.0,23.55,0.201
2023-06-29 08:00:00+00:00,24.7,32.88939,0.0,25.25,0.2
2023-06-29 09:00:00+00:00,26.05,24.491816,0.0,26.75,0.199
2023-06-29 10:00:00+00:00,27.15,21.776108,0.0,28.05,0.197
2023-06-29 11:00:00+00:00,27.9,21.211329,0.0,29.1,0.195
2023-06-29 12:00:00+00:00,27.5,25.05218,0.0,29.55,0.197
2023-06-29 13:00:00+00:00,27.85,25.495003,0.0,29.55,0.196
2023-06-29 14:00:00+00:00,27.6,26.138737,0.0,28.9,0.195
2023-06-29 15:00:00+00:00,25.4,36.739433,0.0,27.95,0.195
2023-06-29 16:00:00+00:00,22.95,48.9432,0.0,26.7,0.194
2023-06-29 17:00:00+00:00,21.8,53.36111,0.0,25.45,0.194
2023-06-29 18:00:00+00:00,20.9,55.46439,0.0,24.25,0.194
2023-06-29 19:00:00+00:00,19.7,60.52532,0.0,23.2,0.194
2023-06-29 20:00:00+00:00,18.55,65.02262,0.0,22.3,0.194
2023-06-29 21:00:00+00:00,17.4,70.12907,0.0,21.4,0.194
2023-06-29 22:00:00+00:00,16.45,74.97389,0.0,20.6,0.194
2023-06-29 23:00:00+00:00,15.85,78.67066,0.0,19.95,0.195
2023-06-30 00:00:00+00:00,15.9,81.56904,0.0,20.35,0.188
2023-06-30 01:00:00+00:00,15.65,83.70105,0.0,19.7,0.189
2023-06-30 02:00:00+00:00,15.05,87.55643,0.0,19.1,0.189
2023-06-30 03:00:00+00:00,15.0,88.41406,0.0,18.65,0.189
2023-06-30 04:00:00+00:00,16.65,80.60852,0.0,18.95,0.189
2023-06-30 05:00:00+00:00,18.05,73.78505,0.0,19.9,0.189
2023-06-30 06:00:00+00:00,19.05,67.96397,0.1,21.05,0.189
2023-06-30 07:00:00+00:00,19.75,62.97305,0.2,22.05,0.19
2023-06-30 08:00:00+00:00,20.95,58.8604,0.4,23.5,0.193
2023-06-30 09:00:00+00:00,22.25,51.40598,0.2,24.8,0.194
2023-06-30 10:00:00+00:00,24.0,40.893665,0.0,26.35,0.193
2023-06-30 11:00:00+00:00,25.25,28.708887,0.0,27.55,0.192
2023-06-30 12:00:00+00:00,25.65,23.457922,0.0,28.5,0.187
2023-06-30 13:00:00+00:00,26.05,21.416536,0.0,28.85,0.186
2023-06-30 14:00:00+00:00,26.05,19.868156,0.0,28.7,0.185
2023-06-30 15:00:00+00:00,25.5,19.447563,0.0,28.0,0.185
2023-06-30 16:00:00+00:00,24.55,22.514702,0.0,26.85,0.184
2023-06-30 17:00:00+00:00,21.55,30.78195,0.0,25.25,0.184
2023-06-30 18:00:00+00:00,19.85,33.819923,0.0,23.6,0.184
2023-06-30 19:00:00+00:00,18.9,42.131844,0.0,22.4,0.184
2023-06-30 20:00:00+00:00,17.85,52.506523,0.0,21.45,0.184
2023-06-30 21:00:00+00:00,16.65,58.79816,0.0,20.65,0.184
2023-06-30 22:00:00+00:00,15.7,62.893253,0.0,19.9,0.184
2023-06-30 23:00:00+00:00,15.05,66.239105,0.0,19.2,0.184
2023-07-01 00:00:00+00:00,13.9,72.80567,0.0,18.7,0.178
2023-07-01 01:00:00+00:00,13.45,74.966644,0.0,18.05,0.179
2023-07-01 02:00:00+00:00,12.8,78.74456,0.0,17.5,0.179
2023-07-01 03:00:00+00:00,12.65,80.598976,0.0,17.0,0.179
2023-07-01 04:00:00+00:00,14.7,72.950386,0.0,17.3,0.179
2023-07-01 05:00:00+00:00,17.3,61.381042,0.0,18.5,0.179
2023-07-01 06:00:00+00:00,19.4,55.453217,0.0,20.25,0.178
2023-07-01 07:00:00+00:00,21.4,48.84998,0.0,22.3,0.178
2023-07-01 08:00:00+00:00,23.1,42.313694,0.0,24.5,0.177
2023-07-01 09:00:00+00:00,24.5,37.863937,0.0,26.55,0.176
2023-07-01 10:00:00+00:00,25.55,35.209038,0.0,28.35,0.175
2023-07-01 11:00:00+00:00,26.45,33.382793,0.0,29.7,0.174
2023-07-01 12:00:00+00:00,26.55,33.410915,0.0,30.6,0.174
2023-07-01 13:00:00+00:00,27.5,30.652824,0.0,31.0,0.173
2023-07-01 14:00:00+00:00,27.75,28.808195,0.0,30.8,0.173
2023-07-01 15:00:00+00:00,27.6,28.281155,0.0,30.1,0.172
2023-07-01 16:00:00+00:00,26.9,30.797913,0.0,28.85,0.172
2023-07-01 17:00:00+00:00,23.3,45.596195,0.0,27.1,0.172
2023-07-01 18:00:00+00:00,21.6,46.981388,0.0,25.3,0.172
2023-07-01 19:00:00+00:00,21.35,42.249016,0.0,24.05,0.172
2023-07-01 20:00:00+00:00,21.3,41.948555,0.0,23.1,0.172
2023-07-01 21:00:00+00:00,19.8,45.082,0.0,22.15,0.172
2023-07-01 22:00:00+00:00,17.55,53.145855,0.0,21.2,0.172
2023-07-01 23:00:00+00:00,18.05,48.59608,0.0,20.3,0.172
2023-07-02 00:00:00+00:00,19.35,41.53713,0.0,18.95,0.174
2023-07-02 01:00:00+00:00,17.25,47.38466,0.0,18.35,0.174
2023-07-02 02:00:00+00:00,15.1,54.911533,0.0,17.85,0.174
2023-07-02 03:00:00+00:00,14.85,57.757088,0.0,17.55,0.174
2023-07-02 04:00:00+00:00,16.9,55.375904,0.0,18.0,0.174
2023-07-02 05:00:00+00:00,20.95,45.865353,0.0,19.45,0.174
2023-07-02 06:00:00+00:00,23.5,33.92223,0.0,21.5,0.173
2023-07-02 07:00:00+00:00,25.8,28.56464,0.0,23.65,0.173
2023-07-02 08:00:00+00:00,27.7,24.760866,0.0,25.7,0.172
2023-07-02 09:00:00+00:00,29.1,22.589466,0.0,27.6,0.171
2023-07-02 10:00:00+00:00,30.1,20.596926,0.0,29.25,0.169
2023-07-02 11:00:00+00:00,30.85,19.12191,0.0,30.45,0.168
2023-07-02 12:00:00+00:00,30.95,18.749197,0.0,31.1,0.17
2023-07-02 13:00:00+00:00,30.9,19.674887,0.0,31.35,0.169
2023-07-02 14:00:00+00:00,30.7,20.675425,0.0,31.15,0.168
2023-07-02 15:00:00+00:00,30.25,21.215082,0.0,30.55,0.167
2023-07-02 16:00:00+00:00,29.05,27.446136,0.0,29.45,0.167
2023-07-02 17:00:00+00:00,26.35,33.35467,0.0,27.9,0.167
2023-07-02 18:00:00+00:00,23.0,41.720936,0.0,26.3,0.167
2023-07-02 19:00:00+00:00,22.85,35.52453,0.0,24.85,0.167
2023-07-02 20:00:00+00:00,21.45,41.282787,0.0,23.75,0.167
2023-07-02 21:00:00+00:00,20.8,44.297955,0.0,22.8,0.167
2023-07-02 22:00:00+00:00,19.9,49.267048,0.0,22.15,0.167
2023-07-02 23:00:00+00:00,19.25,56.725117,0.0,21.55,0.167
2023-07-03 00:00:00+00:00,17.3,63.68025,0.0,19.75,0.176
2023-07-03 01:00:00+00:00,16.65,68.60396,0.0,19.35,0.176
2023-07-03 02:00:00+00:00,16.7,70.458626,0.0,18.95,0.176
2023-07-03 03:00:00+00:00,17.15,69.38956,0.0,18.75,0.176
2023-07-03 04:00:00+00:00,19.3,64.3351,0.0,19.3,0.176
2023-07-03 05:00:00+00:00,22.85,55.229214,0.0,20.8,0.176
2023-07-03 06:00:00+00:00,25.1,47.932392,0.0,22.9,0.176
2023-07-03 07:00:00+00:00,27.15,38.356598,0.0,25.15,0.175
2023-07-03 08:00:00+00:00,28.95,30.438072,0.0,27.3,0.174
2023-07-03 09:00:00+00:00,30.5,24.908535,0.0,29.15,0.173
2023-07-03 10:00:00+00:00,31.55,22.217192,0.0,30.6,0.172
2023-07-03 11:00:00+00:00,32.3,20.57665,0.0,31.7,0.17
2023-07-03 12:00:00+00:00,33.0,17.468224,0.0,32.35,0.169
2023-07-03 13:00:00+00:00,33.15,17.38197,0.0,32.7,0.167
2023-07-03 14:00:00+00:00,32.65,18.002546,0.0,32.35,0.167
2023-07-03 15:00:00+00:00,30.8,19.37837,0.0,31.5,0.166
2023-07-03 16:00:00+00:00,29.1,26.72463,0.0,30.15,0.166
2023-07-03 17:00:00+00:00,27.4,31.67647,0.0,28.6,0.166
2023-07-03 18:00:00+00:00,25.65,28.131672,0.0,27.05,0.166
2023-07-03 19:00:00+00:00,24.8,31.701479,0.0,26.05,0.166
2023-07-03 20:00:00+00:00,23.35,37.283184,0.0,25.05,0.166
2023-07-03 21:00:00+00:00,22.3,41.10402,0.0,24.2,0.165
2023-07-03 22:00:00+00:00,21.35,45.20836,0.0,23.45,0.165
2023-07-03 23:00:00+00:00,20.75,52.913097,0.0,22.8,0.166
2023-07-04 00:00:00+00:00,19.15,63.253216,0.0,22.7,0.171
2023-07-04 01:00:00+00:00,18.35,68.26855,0.0,21.9,0.171
2023-07-04 02:00:00+00:00,17.7,75.182526,0.0,21.3,0.171
2023-07-04 03:00:00+00:00,17.5,79.94174,0.0,20.75,0.171
2023-07-04 04:00:00+00:00,19.95,72.22886,0.0,21.05,0.171
2023-07-04 05:00:00+00:00,22.7,59.086655,0.0,22.25,0.171
2023-07-04 06:00:00+00:00,24.7,49.73386,0.0,23.9,0.17
2023-07-04 07:00:00+00:00,26.5,42.558727,0.0,25.9,0.17
2023-07-04 08:00:00+00:00,28.15,37.02261,0.0,27.95,0.169
2023-07-04 09:00:00+00:00,29.75,31.276474,0.0,29.9,0.168
2023-07-04 10:00:00+00:00,30.45,27.547436,0.0,31.2,0.167
2023-07-04 11:00:00+00:00,30.9,25.269234,0.0,32.25,0.165
2023-07-04 12:00:00+00:00,30.8,26.462833,0.0,32.95,0.167
2023-07-04 13:00:00+00:00,31.35,25.474016,0.0,33.3,0.166
2023-07-04 14:00:00+00:00,31.45,25.24444,0.0,33.1,0.165
2023-07-04 15:00:00+00:00,31.05,25.480284,0.0,32.3,0.165
2023-07-04 16:00:00+00:00,29.55,28.718847,0.0,31.05,0.164
2023-07-04 17:00:00+00:00,28.55,31.996906,0.0,29.55,0.164
2023-07-04 18:00:00+00:00,25.55,40.247696,0.0,27.9,0.164
2023-07-04 19:00:00+00:00,25.0,41.448826,0.0,26.9,0.164
2023-07-04 20:00:00+00:00,23.9,47.140636,0.0,25.95,0.164
2023-07-04 21:00:00+00:00,23.05,53.33293,0.0,25.15,0.164
2023-07-04 22:00:00+00:00,22.25,57.0924,0.0,24.5,0.164
2023-07-04 23:00:00+00:00,21.4,60.133823,0.0,23.85,0.164
2023-07-05 00:00:00+00:00,20.05,67.50568,0.0,23.45,0.165
2023-07-05 01:00:00+00:00,19.4,70.51196,0.0,22.8,0.165
2023-07-05 02:00:00+00:00,18.7,73.65811,0.0,22.2,0.165
2023-07-05 03:00:00+00:00,18.3,76.26473,0.0,21.65,0.165
2023-07-05 04:00:00+00:00,20.6,67.83646,0.0,21.9,0.165
2023-07-05 05:00:00+00:00,23.3,52.361774,0.0,23.05,0.165
2023-07-05 06:00:00+00:00,25.15,41.766678,0.0,24.7,0.165
2023-07-05 07:00:00+00:00,27.0,35.73665,0.0,26.55,0.164
2023-07-05 08:00:00+00:00,28.95,29.43363,0.0,28.5,0.163
2023-07-05 09:00:00+00:00,30.65,24.612007,0.0,30.35,0.162
2023-07-05 10:00:00+00:00,31.75,23.117308,0.0,31.9,0.161
2023-07-05 11:00:00+00:00,32.3,21.585505,0.0,33.05,0.16
2023-07-05 12:00:00+00:00,32.4,19.634094,0.0,33.6,0.158
2023-07-05 13:00:00+00:00,32.4,19.099516,0.0,33.85,0.157
2023-07-05 14:00:00+00:00,32.1,19.026987,0.0,33.6,0.156
2023-07-05 15:00:00+00:00,31.7,19.128613,0.0,32.9,0.155
2023-07-05 16:00:00+00:00,30.95,21.17195,0.0,31.75,0.155
2023-07-05 17:00:00+00:00,27.85,26.477474,0.0,30.1,0.155
2023-07-05 18:00:00+00:00,25.25,30.862387,0.0,28.35,0.155
2023-07-05 19:00:00+00:00,24.65,32.539585,0.0,27.05,0.155
2023-07-05 20:00:00+00:00,24.9,31.083094,0.0,26.2,0.155
2023-07-05 21:00:00+00:00,24.35,33.81567,0.0,25.55,0.155
2023-07-05 22:00:00+00:00,23.4,38.584167,0.0,25.0,0.155
2023-07-05 23:00:00+00:00,22.4,46.575592,0.0,24.4,0.155
2023-07-06 00:00:00+00:00,20.6,53.76029,0.0,24.0,0.152
2023-07-06 01:00:00+00:00,19.15,58.619617,0.0,23.15,0.152
2023-07-06 02:00:00+00:00,18.15,63.237694,0.0,22.35,0.152
2023-07-06 03:00:00+00:00,17.9,67.95337,0.0,21.75,0.152
2023-07-06 04:00:00+00:00,20.25,62.87941,0.0,21.9,0.152
2023-07-06 05:00:00+00:00,23.3,51.681416,0.0,23.1,0.152
2023-07-06 06:00:00+00:00,25.2,43.901592,0.0,24.85,0.152
2023-07-06 07:00:00+00:00,27.0,38.695866,0.0,26.9,0.151
2023-07-06 08:00:00+00:00,28.7,33.454266,0.0,29.0,0.151
2023-07-06 09:00:00+00:00,30.25,27.585846,0.0,30.9,0.15
2023-07-06 10:00:00+00:00,31.5,23.687658,0.0,32.5,0.149
2023-07-06 11:00:00+00:00,32.45,20.969528,0.0,33.7,0.149
2023-07-06 12:00:00+00:00,32.7,19.238272,0.0,34.4,0.15
2023-07-06 13:00:00+00:00,32.85,19.27461,0.0,34.65,0.149
2023-07-06 14:00:00+00:00,32.95,19.700752,0.0,34.5,0.148
2023-07-06 15:00:00+00:00,31.45,22.343811,0.0,33.6,0.148
2023-07-06 16:00:00+00:00,30.35,25.038353,0.0,32.2,0.148
2023-07-06 17:00:00+00:00,28.4,30.593,0.0,30.8,0.147
2023-07-06 18:00:00+00:00,26.55,37.063797,0.0,29.4,0.147
2023-07-06 19:00:00+00:00,25.05,43.142677,0.0,28.1,0.147
2023-07-06 20:00:00+00:00,23.8,49.010044,0.0,26.95,0.147
2023-07-06 21:00:00+00:00,22.75,54.31085,0.0,25.9,0.147
2023-07-06 22:00:00+00:00,21.95,59.48518,0.0,25.05,0.147
2023-07-06 23:00:00+00:00,21.25,63.513744,0.0,24.3,0.147
2023-07-07 00:00:00+00:00,21.1,68.37576,0.0,24.2,0.138
2023-07-07 01:00:00+00:00,20.8,71.23152,0.0,23.65,0.138
2023-07-07 02:00:00+00:00,19.85,77.24806,0.0,23.1,0.138
2023-07-07 03:00:00+00:00,19.35,81.22615,0.0,22.55,0.138
2023-07-07 04:00:00+00:00,21.2,74.323456,0.0,22.8,0.138
2023-07-07 05:00:00+00:00,23.4,59.82691,0.0,23.7,0.138
2023-07-07 06:00:00+00:00,25.3,47.67473,0.0,25.2,0.138
2023-07-07 07:00:00+00:00,27.05,40.00521,0.0,27.1,0.138
2023-07-07 08:00:00+00:00,28.55,35.463387,0.0,29.05,0.138
2023-07-07 09:00:00+00:00,29.9,29.30055,0.0,30.9,0.137
2023-07-07 10:00:00+00:00,30.8,26.021242,0.0,32.35,0.137
2023-07-07 11:00:00+00:00,31.8,23.208813,0.0,33.5,0.137
2023-07-07 12:00:00+00:00,31.95,22.624979,0.0,33.8,0.139
2023-07-07 13:00:00+00:00,29.55,28.335342,0.0,33.55,0.139
2023-07-07 14:00:00+00:00,29.95,26.05794,0.0,33.25,0.139
2023-07-07 15:00:00+00:00,29.95,26.323963,0.0,32.65,0.139
2023-07-07 16:00:00+00:00,28.8,27.940884,0.0,31.55,0.138
2023-07-07 17:00:00+00:00,26.95,32.1966,0.0,30.1,0.138
2023-07-07 18:00:00+00:00,24.95,38.8926,0.0,28.65,0.138
2023-07-07 19:00:00+00:00,23.25,49.510334,0.0,27.35,0.138
2023-07-07 20:00:00+00:00,22.15,55.778294,0.0,26.25,0.138
2023-07-07 21:00:00+00:00,21.2,59.69575,0.0,25.25,0.138
2023-07-07 22:00:00+00:00,20.3,63.09643,0.0,24.4,0.138
2023-07-07 23:00:00+00:00,19.45,66.29215,0.0,23.55,0.138
2023-07-08 00:00:00+00:00,18.85,71.56259,0.0,23.65,0.134
2023-07-08 01:00:00+00:00,18.6,74.3611,0.0,22.9,0.134
2023-07-08 02:00:00+00:00,17.95,80.00384,0.0,22.15,0.134
2023-07-08 03:00:00+00:00,17.65,83.93019,0.0,21.55,0.134
2023-07-08 04:00:00+00:00,19.55,77.20214,0.0,21.8,0.134
2023-07-08 05:00:00+00:00,21.7,65.065414,0.0,22.9,0.134
2023-07-08 06:00:00+00:00,23.35,53.236137,0.0,24.45,0.134
2023-07-08 07:00:00+00:00,24.95,43.400654,0.0,26.3,0.134
2023-07-08 08:00:00+00:00,26.35,35.316322,0.0,28.15,0.134
2023-07-08 09:00:00+00:00,27.35,32.855713,0.0,29.9,0.134
2023-07-08 10:00:00+00:00,28.35,30.17047,0.0,31.45,0.133
2023-07-08 11:00:00+00:00,29.2,27.486858,0.0,32.7,0.133
2023-07-08 12:00:00+00:00,23.65,48.48934,0.2,32.25,0.138
2023-07-08 13:00:00+00:00,24.6,43.880325,0.2,31.25,0.139
2023-07-08 14:00:00+00:00,25.2,38.189526,0.0,30.55,0.139
2023-07-08 15:00:00+00:00,24.4,39.392773,0.0,29.7,0.138
2023-07-08 16:00:00+00:00,23.0,43.14526,0.0,28.5,0.138
2023-07-08 17:00:00+00:00,21.35,49.49296,0.0,27.1,0.138
2023-07-08 18:00:00+00:00,20.0,53.426582,0.0,25.65,0.138
2023-07-08 19:00:00+00:00,19.05,57.628216,0.0,24.45,0.138
2023-07-08 20:00:00+00:00,18.2,62.62246,0.0,23.45,0.138
2023-07-08 21:00:00+00:00,17.4,67.6272,0.0,22.55,0.138
2023-07-08 22:00:00+00:00,16.75,72.117546,0.0,21.8,0.138
2023-07-08 23:00:00+00:00,16.2,76.17698,0.0,21.15,0.138
2023-07-09 00:00:00+00:00,15.95,84.83458,0.0,20.95,0.138
2023-07-09 01:00:00+00:00,15.65,87.89587,0.0,20.4,0.138
2023-07-09 02:00:00+00:00,15.35,90.18623,0.0,19.95,0.138
2023-07-09 03:00:00+00:00,15.5,89.03323,0.0,19.6,0.139
2023-07-09 04:00:00+00:00,16.45,83.79326,0.3,19.55,0.141
2023-07-09 05:00:00+00:00,17.35,77.112175,0.2,19.75,0.142
2023-07-09 06:00:00+00:00,18.9,64.884674,0.0,20.8,0.143
2023-07-09 07:00:00+00:00,20.3,56.236958,0.0,22.35,0.142
2023-07-09 08:00:00+00:00,21.55,51.22134,0.0,23.7,0.142
2023-07-09 09:00:00+00:00,20.05,58.643505,0.5,23.95,0.146
2023-07-09 10:00:00+00:00,21.4,54.682728,0.4,24.1,0.149
2023-07-09 11:00:00+00:00,23.6,45.07685,0.0,25.6,0.148
2023-07-09 12:00:00+00:00,21.35,54.670006,0.6,25.5,0.162
2023-07-09 13:00:00+00:00,22.15,53.45131,0.2,25.55,0.164
2023-07-09 14:00:00+00:00,22.9,46.249233,0.2,25.85,0.165
2023-07-09 15:00:00+00:00,19.35,71.88718,2.4,24.3,0.195
2023-07-09 16:00:00+00:00,20.15,59.446117,0.1,23.2,0.196
2023-07-09 17:00:00+00:00,19.25,60.820354,0.0,22.5,0.195
2023-07-09 18:00:00+00:00,17.85,69.52708,0.0,21.7,0.195
2023-07-09 19:00:00+00:00,17.0,75.80753,0.0,21.0,0.195
2023-07-09 20:00:00+00:00,16.45,79.535324,0.0,20.35,0.195
2023-07-09 21:00:00+00:00,15.95,82.9198,0.0,19.85,0.195
2023-07-09 22:00:00+00:00,15.4,85.89046,0.0,19.35,0.195
2023-07-09 23:00:00+00:00,15.1,87.56095,0.0,18.95,0.195
2023-07-10 00:00:00+00:00,14.9,87.54285,0.0,19.45,0.162
2023-07-10 01:00:00+00:00,15.5,88.4563,0.2,18.6,0.164
2023-07-10 02:00:00+00:00,15.55,89.61732,0.1,18.1,0.165
2023-07-10 03:00:00+00:00,15.25,92.25158,0.0,17.7,0.165
2023-07-10 04:00:00+00:00,16.45,81.90635,0.0,17.85,0.165
2023-07-10 05:00:00+00:00,17.9,72.564156,0.0,18.7,0.165
2023-07-10 06:00:00+00:00,19.5,61.281715,0.0,20.1,0.165
2023-07-10 07:00:00+00:00,21.15,50.103752,0.0,21.85,0.164
2023-07-10 08:00:00+00:00,22.55,43.164085,0.0,23.55,0.164
2023-07-10 09:00:00+00:00,23.4,39.909935,0.0,24.9,0.163
2023-07-10 10:00:00+00:00,24.25,37.92076,0.1,26.15,0.163
2023-07-10 11:00:00+00:00,25.4,32.529034,0.1,27.2,0.163
2023-07-10 12:00:00+00:00,26.05,27.472836,0.0,28.5,0.162
2023-07-10 13:00:00+00:00,25.6,27.065857,0.0,28.45,0.162
2023-07-10 14:00:00+00:00,24.25,29.642965,0.0,27.55,0.161
2023-07-10 15:00:00+00:00,24.75,27.68933,0.0,27.15,0.161
2023-07-10 16:00:00+00:00,22.3,36.354485,0.0,26.15,0.16
2023-07-10 17:00:00+00:00,20.65,41.196297,0.0,24.8,0.16
2023-07-10 18:00:00+00:00,18.9,47.67843,0.0,23.4,0.16
2023-07-10 19:00:00+00:00,17.65,53.353104,0.0,22.15,0.16
2023-07-10 20:00:00+00:00,16.6,58.98522,0.0,21.1,0.16
2023-07-10 21:00:00+00:00,15.6,63.511433,0.0,20.2,0.16
2023-07-10 22:00:00+00:00,14.85,65.52755,0.0,19.35,0.16
2023-07-10 23:00:00+00:00,14.1,67.39527,0.0,18.55,0.16
2023-07-11 00:00:00+00:00,13.55,67.971146,0.0,17.95,0.159
2023-07-11 01:00:00+00:00,12.85,71.63324,0.0,17.35,0.159
2023-07-11 02:00:00+00:00,12.2,75.51953,0.0,16.75,0.159
2023-07-11 03:00:00+00:00,12.15,76.80447,0.0,16.25,0.159
2023-07-11 04:00:00+00:00,14.8,67.541336,0.0,16.65,0.159
2023-07-11 05:00:00+00:00,17.25,55.090366,0.0,18.05,0.159
2023-07-11 06:00:00+00:00,18.9,49.665485,0.0,20.0,0.158
2023-07-11 07:00:00+00:00,20.4,45.09635,0.0,22.25,0.158
2023-07-11 08:00:00+00:00,22.15,39.825344,0.0,24.55,0.157
2023-07-11 09:00:00+00:00,24.35,33.015823,0.0,26.5,0.157
2023-07-11 10:00:00+00:00,23.85,34.37283,0.0,26.65,0.156
2023-07-11 11:00:00+00:00,24.4,33.029987,0.0,27.05,0.156
2023-07-11 12:00:00+00:00,24.7,31.348612,0.0,26.75,0.156
2023-07-11 13:00:00+00:00,24.7,31.456514,0.0,27.0,0.155
2023-07-11 14:00:00+00:00,24.4,32.46893,0.0,26.75,0.155
2023-07-11 15:00:00+00:00,24.95,32.181347,0.0,26.6,0.155
2023-07-11 16:00:00+00:00,25.05,31.55503,0.0,26.1,0.154
2023-07-11 17:00:00+00:00,23.55,32.451588,0.0,25.1,0.154
2023-07-11 18:00:00+00:00,21.85,36.35077,0.0,24.05,0.154
2023-07-11 19:00:00+00:00,19.8,42.242733,0.0,22.85,0.154
2023-07-11 20:00:00+00:00,18.45,45.950764,0.0,21.75,0.154
2023-07-11 21:00:00+00:00,17.15,50.21374,0.0,20.75,0.154
2023-07-11 22:00:00+00:00,16.3,53.54615,0.0,19.9,0.154
2023-07-11 23:00:00+00:00,15.75,56.804924,0.0,19.15,0.154
2023-07-12 00:00:00+00:00,15.0,63.16062,0.0,18.5,0.148
2023-07-12 01:00:00+00:00,13.95,68.05377,0.0,17.9,0.148
2023-07-12 02:00:00+00:00,14.0,66.91794,0.0,17.3,0.148
2023-07-12 03:00:00+00:00,14.2,68.336334,0.0,16.85,0.148
2023-07-12 04:00:00+00:00,16.5,61.607464,0.0,17.3,0.148
2023-07-12 05:00:00+00:00,19.5,50.846905,0.0,18.8,0.148
2023-07-12 06:00:00+00:00,21.35,45.821697,0.0,20.85,0.148
2023-07-12 07:00:00+00:00,23.15,41.06681,0.0,23.15,0.147
2023-07-12 08:00:00+00:00,25.05,36.640427,0.0,25.55,0.147
2023-07-12 09:00:00+00:00,26.65,33.32667,0.0,27.85,0.146
2023-07-12 10:00:00+00:00,28.5,29.014452,0.0,29.8,0.146
2023-07-12 11:00:00+00:00,29.25,27.03881,0.0,30.85,0.145
2023-07-12 12:00:00+00:00,30.5,22.561361,0.0,31.45,0.146
2023-07-12 13:00:00+00:00,30.85,21.514397,0.0,31.7,0.146
2023-07-12 14:00:00+00:00,30.1,24.802773,0.0,31.5,0.145
2023-07-12 15:00:00+00:00,29.3,25.015558,0.0,30.8,0.145
2023-07-12 16:00:00+00:00,29.05,25.905071,0.0,29.85,0.145
2023-07-12 17:00:00+00:00,26.8,30.046528,0.0,28.25,0.145
2023-07-12 18:00:00+00:00,25.25,36.328636,0.0,27.0,0.145
2023-07-12 19:00:00+00:00,23.45,42.839546,0.0,25.85,0.144
2023-07-12 20:00:00+00:00,21.75,49.765625,0.0,24.7,0.144
2023-07-12 21:00:00+00:00,20.9,54.736107,0.0,23.75,0.144
2023-07-12 22:00:00+00:00,20.1,59.630234,0.0,22.9,0.144
2023-07-12 23:00:00+00:00,19.3,64.3351,0.0,22.2,0.144
2023-07-13 00:00:00+00:00,18.75,69.930534,0.0,22.3,0.138
2023-07-13 01:00:00+00:00,18.4,71.94716,0.0,21.6,0.138
2023-07-13 02:00:00+00:00,17.6,75.65792,0.0,20.9,0.138
2023-07-13 03:00:00+00:00,17.05,78.589355,0.0,20.35,0.138
2023-07-13 04:00:00+00:00,18.95,70.88627,0.0,20.45,0.138
2023-07-13 05:00:00+00:00,21.35,59.34269,0.0,21.55,0.138
2023-07-13 06:00:00+00:00,23.5,48.448944,0.0,23.35,0.138
2023-07-13 07:00:00+00:00,25.4,40.2056,0.0,25.55,0.138
2023-07-13 08:00:00+00:00,27.2,33.034843,0.0,27.9,0.138
2023-07-13 09:00:00+00:00,28.95,26.32326,0.0,30.15,0.137
2023-07-13 10:00:00+00:00,30.45,21.339249,0.0,32.1,0.137
2023-07-13 11:00:00+00:00,31.65,17.214176,0.0,33.6,0.136
2023-07-13 12:00:00+00:00,31.8,18.306242,0.0,34.3,0.136
2023-07-13 13:00:00+00:00,32.35,16.029022,0.0,34.65,0.135
2023-07-13 14:00:00+00:00,32.4,15.050229,0.0,34.45,0.135
2023-07-13 15:00:00+00:00,31.75,16.937096,0.0,33.65,0.135
2023-07-13 16:00:00+00:00,30.7,19.831835,0.0,32.4,0.135
2023-07-13 17:00:00+00:00,26.45,30.154284,0.0,30.45,0.135
2023-07-13 18:00:00+00:00,25.05,27.103456,0.0,28.5,0.134
2023-07-13 19:00:00+00:00,23.7,27.884373,0.0,27.0,0.134
2023-07-13 20:00:00+00:00,22.7,31.765352,0.0,25.8,0.134
2023-07-13 21:00:00+00:00,22.2,35.5833,0.0,24.85,0.134
2023-07-13 22:00:00+00:00,21.55,38.056736,0.0,24.05,0.134
2023-07-13 23:00:00+00:00,20.75,40.38571,0.0,23.35,0.134
2023-07-14 00:00:00+00:00,20.2,44.734978,0.0,22.95,0.129
2023-07-14 01:00:00+00:00,19.45,47.829838,0.0,22.3,0.129
2023-07-14 02:00:00+00:00,18.8,50.83124,0.0,21.75,0.129
2023-07-14 03:00:00+00:00,18.25,53.87292,0.0,21.25,0.129
2023-07-14 04:00:00+00:00,20.4,49.56858,0.0,21.45,0.129
2023-07-14 05:00:00+00:00,23.3,43.81051,0.0,22.65,0.129
2023-07-14 06:00:00+00:00,25.7,38.202988,0.0,24.7,0.129
2023-07-14 07:00:00+00:00,27.7,33.174862,0.0,27.1,0.129
2023-07-14 08:00:00+00:00,29.45,28.788082,0.0,29.55,0.129
2023-07-14 09:00:00+00:00,31.1,24.814299,0.0,31.8,0.129
2023-07-14 10:00:00+00:00,32.75,21.044455,0.0,33.65,0.128
2023-07-14 11:00:00+00:00,33.85,18.731533,0.0,35.0,0.128
2023-07-14 12:00:00+00:00,34.05,20.311516,0.0,35.8,0.128
2023-07-14 13:00:00+00:00,34.5,19.74159,0.0,36.2,0.128
2023-07-14 14:00:00+00:00,34.3,20.372957,0.0,36.05,0.128
2023-07-14 15:00:00+00:00,33.85,20.469976,0.0,35.35,0.128
2023-07-14 16:00:00+00:00,33.55,22.880724,0.0,34.2,0.128
2023-07-14 17:00:00+00:00,30.45,24.47594,0.0,32.45,0.128
2023-07-14 18:00:00+00:00,28.45,34.62501,0.0,30.85,0.128
2023-07-14 19:00:00+00:00,26.4,46.744823,0.0,29.5,0.128
2023-07-14 20:00:00+00:00,25.0,51.122078,0.0,28.25,0.128
2023-07-14 21:00:00+00:00,24.05,52.55594,0.0,27.2,0.128
2023-07-14 22:00:00+00:00,23.0,54.551826,0.0,26.2,0.128
2023-07-14 23:00:00+00:00,21.85,58.69245,0.0,25.3,0.128
2023-07-15 00:00:00+00:00,22.0,60.863377,0.0,25.4,0.123
2023-07-15 01:00:00+00:00,21.55,61.95423,0.0,24.65,0.123
2023-07-15 02:00:00+00:00,20.5,66.29674,0.0,23.95,0.123
2023-07-15 03:00:00+00:00,19.8,69.45435,0.0,23.3,0.123
2023-07-15 04:00:00+00:00,21.85,61.82202,0.0,23.35,0.123
2023-07-15 05:00:00+00:00,24.35,49.640945,0.0,24.45,0.123
2023-07-15 06:00:00+00:00,26.35,40.33849,0.0,26.15,0.123
2023-07-15 07:00:00+00:00,28.05,37.238956,0.0,28.05,0.123
2023-07-15 08:00:00+00:00,29.65,31.24884,0.0,30.1,0.123
2023-07-15 09:00:00+00:00,31.05,27.159447,0.0,32.1,0.123
2023-07-15 10:00:00+00:00,32.2,24.936304,0.0,33.9,0.123
2023-07-15 11:00:00+00:00,32.65,23.825872,0.0,35.05,0.123
2023-07-15 12:00:00+00:00,32.65,21.673782,0.0,35.75,0.123
2023-07-15 13:00:00+00:00,32.65,17.815773,0.0,35.95,0.123
2023-07-15 14:00:00+00:00,32.6,15.309647,0.0,35.65,0.123
2023-07-15 15:00:00+00:00,31.85,21.545588,0.0,34.9,0.123
2023-07-15 16:00:00+00:00,29.95,25.188255,0.0,33.55,0.123
2023-07-15 17:00:00+00:00,28.25,28.459467,0.0,31.95,0.123
2023-07-15 18:00:00+00:00,25.8,37.34862,0.0,30.3,0.123
2023-07-15 19:00:00+00:00,24.2,43.335865,0.0,28.8,0.123
2023-07-15 20:00:00+00:00,22.75,49.051315,0.0,27.55,0.123
2023-07-15 21:00:00+00:00,21.4,55.407715,0.0,26.35,0.123
2023-07-15 22:00:00+00:00,20.25,61.656925,0.0,25.3,0.123
2023-07-15 23:00:00+00:00,19.45,65.430786,0.0,24.35,0.123
2023-07-16 00:00:00+00:00,18.65,65.04428,0.0,24.15,0.116
2023-07-16 01:00:00+00:00,18.2,67.79106,0.0,23.3,0.117
2023-07-16 02:00:00+00:00,17.45,72.24544,0.0,22.5,0.117
2023-07-16 03:00:00+00:00,17.05,74.583694,0.0,21.85,0.117
2023-07-16 04:00:00+00:00,18.5,67.40825,0.0,21.8,0.117
2023-07-16 05:00:00+00:00,20.65,54.853832,0.0,22.7,0.117
2023-07-16 06:00:00+00:00,22.7,39.176147,0.0,24.3,0.117
2023-07-16 07:00:00+00:00,24.45,31.063448,0.0,26.25,0.117
2023-07-16 08:00:00+00:00,26.1,25.554445,0.0,28.4,0.117
2023-07-16 09:00:00+00:00,27.6,21.969006,0.0,30.5,0.117
2023-07-16 10:00:00+00:00,29.05,19.562803,0.0,32.35,0.117
2023-07-16 11:00:00+00:00,30.2,17.988518,0.0,33.85,0.117
2023-07-16 12:00:00+00:00,29.75,21.458242,0.0,34.55,0.119
2023-07-16 13:00:00+00:00,30.55,20.282862,0.0,35.0,0.119
2023-07-16 14:00:00+00:00,30.9,18.737137,0.0,34.85,0.119
2023-07-16 15:00:00+00:00,30.45,18.36856,0.0,34.1,0.119
2023-07-16 16:00:00+00:00,29.4,19.443024,0.0,32.85,0.119
2023-07-16 17:00:00+00:00,27.35,23.007202,0.0,31.2,0.119
2023-07-16 18:00:00+00:00,25.2,29.094622,0.0,29.5,0.119
2023-07-16 19:00:00+00:00,23.9,35.82367,0.0,28.1,0.119
2023-07-16 20:00:00+00:00,22.9,41.552628,0.0,26.95,0.119
2023-07-16 21:00:00+00:00,21.9,46.906597,0.0,25.95,0.119
2023-07-16 22:00:00+00:00,20.9,50.540718,0.0,25.05,0.119
2023-07-16 23:00:00+00:00,20.05,51.336975,0.0,24.2,0.119
2023-07-17 00:00:00+00:00,18.75,56.789833,0.0,24.1,0.113
2023-07-17 01:00:00+00:00,18.1,60.549923,0.0,23.2,0.113
2023-07-17 02:00:00+00:00,17.4,63.702618,0.0,22.4,0.113
2023-07-17 03:00:00+00:00,16.8,65.948296,0.0,21.7,0.113
2023-07-17 04:00:00+00:00,18.2,60.371933,0.0,21.7,0.113
2023-07-17 05:00:00+00:00,19.8,52.841602,0.0,22.55,0.113
2023-07-17 06:00:00+00:00,21.65,46.36928,0.0,24.15,0.113
2023-07-17 07:00:00+00:00,23.5,42.568027,0.0,26.25,0.113
2023-07-17 08:00:00+00:00,25.25,39.89714,0.0,28.55,0.113
2023-07-17 09:00:00+00:00,27.05,34.809643,0.0,30.8,0.113
2023-07-17 10:00:00+00:00,28.65,29.05567,0.0,32.7,0.113
2023-07-17 11:00:00+00:00,29.9,24.082895,0.0,34.2,0.113
2023-07-17 12:00:00+00:00,28.7,27.9136,0.0,35.15,0.113
2023-07-17 13:00:00+00:00,29.55,25.339905,0.0,35.55,0.113
2023-07-17 14:00:00+00:00,29.9,23.351559,0.0,35.35,0.113
2023-07-17 15:00:00+00:00,29.65,21.35853,0.0,34.55,0.113
2023-07-17 16:00:00+00:00,28.85,21.378544,0.0,33.15,0.113
2023-07-17 17:00:00+00:00,26.6,25.423197,0.0,31.35,0.113
2023-07-17 18:00:00+00:00,24.55,29.317816,0.0,29.4,0.113
2023-07-17 19:00:00+00:00,23.7,31.609037,0.0,27.9,0.113
2023-07-17 20:00:00+00:00,22.95,34.58965,0.0,26.7,0.113
2023-07-17 21:00:00+00:00,22.1,37.953342,0.0,25.7,0.113
2023-07-17 22:00:00+00:00,21.3,40.542473,0.0,24.9,0.113
2023-07-17 23:00:00+00:00,20.35,42.83609,0.0,24.15,0.113
2023-07-18 00:00:00+00:00,18.8,50.48787,0.0,23.4,0.112
2023-07-18 01:00:00+00:00,18.15,52.943413,0.0,22.7,0.112
2023-07-18 02:00:00+00:00,17.55,55.73035,0.0,22.05,0.112
2023-07-18 03:00:00+00:00,17.05,58.499638,0.0,21.45,0.112
2023-07-18 04:00:00+00:00,18.25,54.421368,0.0,21.5,0.112
2023-07-18 05:00:00+00:00,19.9,46.512505,0.0,22.35,0.112
2023-07-18 06:00:00+00:00,22.0,37.40822,0.0,23.9,0.112
2023-07-18 07:00:00+00:00,24.05,31.38149,0.0,26.05,0.112
2023-07-18 08:00:00+00:00,25.85,29.074703,0.0,28.45,0.112
2023-07-18 09:00:00+00:00,27.5,27.585947,0.0,30.8,0.112
2023-07-18 10:00:00+00:00,29.05,24.524977,0.0,33.0,0.112
2023-07-18 11:00:00+00:00,30.45,20.900778,0.0,34.7,0.112
2023-07-18 12:00:00+00:00,30.45,18.759766,0.0,35.35,0.119
2023-07-18 13:00:00+00:00,30.95,16.991032,0.0,35.65,0.119
2023-07-18 14:00:00+00:00,31.05,17.256275,0.0,35.35,0.119
2023-07-18 15:00:00+00:00,30.5,20.553974,0.0,34.55,0.119
2023-07-18 16:00:00+00:00,29.6,24.839651,0.0,33.25,0.119
2023-07-18 17:00:00+00:00,27.95,30.365704,0.0,31.5,0.119
2023-07-18 18:00:00+00:00,26.05,31.835976,0.0,29.65,0.119
2023-07-18 19:00:00+00:00,24.75,25.636711,0.0,28.4,0.119
2023-07-18 20:00:00+00:00,23.5,31.226173,0.0,27.25,0.119
2023-07-18 21:00:00+00:00,22.25,42.79055,0.0,26.2,0.119
2023-07-18 22:00:00+00:00,21.25,51.141953,0.0,25.3,0.119
2023-07-18 23:00:00+00:00,20.3,54.401943,0.0,24.5,0.119
2023-07-19 00:00:00+00:00,18.95,53.33228,0.0,24.1,0.119
2023-07-19 01:00:00+00:00,18.1,53.29011,0.0,23.2,0.119
2023-07-19 02:00:00+00:00,17.1,57.144135,0.0,22.35,0.119
2023-07-19 03:00:00+00:00,16.6,61.011158,0.0,21.6,0.119
2023-07-19 04:00:00+00:00,18.35,55.933365,0.0,21.6,0.119
2023-07-19 05:00:00+00:00,20.65,46.719933,0.0,22.55,0.119
2023-07-19 06:00:00+00:00,22.8,40.829872,0.0,24.15,0.119
2023-07-19 07:00:00+00:00,24.45,34.54319,0.0,26.15,0.119
2023-07-19 08:00:00+00:00,26.15,27.978958,0.0,28.3,0.119
2023-07-19 09:00:00+00:00,27.75,22.162504,0.0,30.4,0.119
2023-07-19 10:00:00+00:00,29.2,18.721012,0.0,32.35,0.119
2023-07-19 11:00:00+00:00,30.35,16.672916,0.0,33.85,0.119
2023-07-19 12:00:00+00:00,30.2,16.520096,0.0,34.75,0.119
2023-07-19 13:00:00+00:00,30.85,14.036784,0.0,35.15,0.119
2023-07-19 14:00:00+00:00,30.7,14.998255,0.0,34.85,0.119
2023-07-19 15:00:00+00:00,30.15,17.228764,0.0,34.05,0.119
2023-07-19 16:00:00+00:00,29.35,19.091448,0.0,32.8,0.119
2023-07-19 17:00:00+00:00,27.15,21.244587,0.0,31.15,0.119
2023-07-19 18:00:00+00:00,25.4,23.474638,0.0,29.4,0.119
2023-07-19 19:00:00+00:00,24.7,31.891407,0.0,28.05,0.119
2023-07-19 20:00:00+00:00,23.85,40.037167,0.0,27.05,0.119
2023-07-19 21:00:00+00:00,22.15,54.335983,0.0,26.1,0.12
2023-07-19 22:00:00+00:00,21.1,57.93935,0.0,25.15,0.12
2023-07-19 23:00:00+00:00,20.1,56.936535,0.0,24.3,0.12
2023-07-20 00:00:00+00:00,18.7,53.62728,0.0,24.1,0.12
2023-07-20 01:00:00+00:00,18.1,54.01628,0.0,23.2,0.12
2023-07-20 02:00:00+00:00,17.45,55.893723,0.0,22.35,0.12
2023-07-20 03:00:00+00:00,17.0,58.487366,0.0,21.65,0.12
2023-07-20 04:00:00+00:00,19.2,51.63055,0.0,21.75,0.12
2023-07-20 05:00:00+00:00,21.2,44.71125,0.0,22.8,0.12
2023-07-20 06:00:00+00:00,23.0,40.74875,0.0,24.6,0.12
2023-07-20 07:00:00+00:00,24.85,37.456253,0.0,26.9,0.12
2023-07-20 08:00:00+00:00,26.6,34.106113,0.0,29.4,0.12
2023-07-20 09:00:00+00:00,28.2,30.128984,0.0,31.8,0.12
2023-07-20 10:00:00+00:00,29.6,26.859598,0.0,33.95,0.12
2023-07-20 11:00:00+00:00,30.85,24.58122,0.0,35.75,0.12
2023-07-20 12:00:00+00:00,30.95,25.453741,0.0,36.95,0.12
2023-07-20 13:00:00+00:00,32.0,22.560999,0.0,37.5,0.12
2023-07-20 14:00:00+00:00,32.25,20.77679,0.0,37.25,0.12
2023-07-20 15:00:00+00:00,32.25,19.32872,0.0,36.4,0.12
2023-07-20 16:00:00+00:00,31.35,20.270657,0.0,34.95,0.12
2023-07-20 17:00:00+00:00,28.2,26.12119,0.0,33.0,0.12
2023-07-20 18:00:00+00:00,26.15,31.433794,0.0,30.95,0.12
2023-07-20 19:00:00+00:00,25.25,31.828169,0.0,29.25,0.12
2023-07-20 20:00:00+00:00,25.2,32.806435,0.0,28.1,0.12
2023-07-20 21:00:00+00:00,24.15,38.277714,0.0,27.15,0.12
2023-07-20 22:00:00+00:00,23.25,41.372288,0.0,26.3,0.12
2023-07-20 23:00:00+00:00,22.7,44.67816,0.0,25.6,0.12
2023-07-21 00:00:00+00:00,21.0,48.741623,0.0,24.45,0.12
2023-07-21 01:00:00+00:00,19.9,52.691166,0.0,23.75,0.12
2023-07-21 02:00:00+00:00,19.35,53.9766,0.0,23.1,0.12
2023-07-21 03:00:00+00:00,19.05,55.736103,0.0,22.5,0.12
2023-07-21 04:00:00+00:00,21.3,50.479015,0.0,22.7,0.12
2023-07-21 05:00:00+00:00,24.35,42.52205,0.0,24.0,0.12
2023-07-21 06:00:00+00:00,26.1,39.60804,0.0,25.95,0.12
2023-07-21 07:00:00+00:00,28.1,33.958324,0.0,28.25,0.12
2023-07-21 08:00:00+00:00,29.9,28.526257,0.0,30.7,0.12
2023-07-21 09:00:00+00:00,31.3,26.067001,0.0,33.0,0.12
2023-07-21 10:00:00+00:00,32.35,24.396034,0.0,34.75,0.12
2023-07-21 11:00:00+00:00,32.8,22.997423,0.0,35.95,0.12
2023-07-21 12:00:00+00:00,33.15,21.799915,0.0,36.8,0.12
2023-07-21 13:00:00+00:00,33.35,20.979572,0.0,37.1,0.12
2023-07-21 14:00:00+00:00,33.25,20.252829,0.0,36.9,0.12
2023-07-21 15:00:00+00:00,32.95,19.97279,0.0,36.15,0.12
2023-07-21 16:00:00+00:00,30.95,23.94855,0.0,34.8,0.12
2023-07-21 17:00:00+00:00,29.45,27.929153,0.0,33.2,0.12
2023-07-21 18:00:00+00:00,27.0,40.38723,0.0,31.5,0.12
2023-07-21 19:00:00+00:00,25.55,47.43252,0.0,30.05,0.12
2023-07-21 20:00:00+00:00,24.3,51.773598,0.0,28.8,0.12
2023-07-21 21:00:00+00:00,23.15,56.02743,0.0,27.65,0.12
2023-07-21 22:00:00+00:00,22.15,59.72596,0.0,26.65,0.12
2023-07-21 23:00:00+00:00,21.3,62.91013,0.0,25.7,0.12
2023-07-22 00:00:00+00:00,20.75,68.74768,0.0,25.0,0.12
2023-07-22 01:00:00+00:00,20.25,71.129486,0.0,24.35,0.12
2023-07-22 02:00:00+00:00,19.85,72.912254,0.0,23.75,0.12
2023-07-22 03:00:00+00:00,19.65,74.06048,0.0,23.25,0.12
2023-07-22 04:00:00+00:00,21.45,66.92404,0.0,23.4,0.12
2023-07-22 05:00:00+00:00,23.6,57.422127,0.0,24.5,0.12
2023-07-22 06:00:00+00:00,25.65,45.194473,0.0,26.35,0.12
2023-07-22 07:00:00+00:00,27.4,38.300285,0.0,28.65,0.12
2023-07-22 08:00:00+00:00,29.05,34.110924,0.0,31.15,0.12
2023-07-22 09:00:00+00:00,30.6,30.995296,0.0,33.6,0.12
2023-07-22 10:00:00+00:00,32.05,27.886992,0.0,35.6,0.12
2023-07-22 11:00:00+00:00,33.05,24.0905,0.0,37.0,0.12
2023-07-22 12:00:00+00:00,32.95,22.881168,0.0,37.7,0.12
2023-07-22 13:00:00+00:00,33.55,18.531908,0.0,37.85,0.12
2023-07-22 14:00:00+00:00,33.5,18.647936,0.0,37.5,0.12
2023-07-22 15:00:00+00:00,32.95,18.262238,0.0,36.55,0.12
2023-07-22 16:00:00+00:00,32.2,16.744774,0.0,35.25,0.12
2023-07-22 17:00:00+00:00,29.95,17.99251,0.0,33.6,0.12
2023-07-22 18:00:00+00:00,27.9,20.33241,0.0,31.85,0.12
2023-07-22 19:00:00+00:00,26.2,28.186256,0.0,30.35,0.12
2023-07-22 20:00:00+00:00,24.75,35.58033,0.0,29.0,0.12
2023-07-22 21:00:00+00:00,23.15,42.044624,0.0,27.7,0.12
2023-07-22 22:00:00+00:00,21.8,47.82877,0.0,26.55,0.12
2023-07-22 23:00:00+00:00,21.3,50.816113,0.0,25.55,0.12
2023-07-23 00:00:00+00:00,20.85,53.646572,0.0,24.5,0.12
2023-07-23 01:00:00+00:00,20.3,55.865646,0.0,23.85,0.12
2023-07-23 02:00:00+00:00,19.35,59.84618,0.0,23.2,0.12
2023-07-23 03:00:00+00:00,18.6,64.18117,0.0,22.6,0.12
2023-07-23 04:00:00+00:00,20.95,57.334858,0.0,22.7,0.12
2023-07-23 05:00:00+00:00,23.95,47.936207,0.0,24.05,0.12
2023-07-23 06:00:00+00:00,26.1,39.477093,0.0,26.1,0.12
2023-07-23 07:00:00+00:00,28.1,32.085823,0.0,28.6,0.12
2023-07-23 08:00:00+00:00,30.1,25.228094,0.0,31.2,0.12
2023-07-23 09:00:00+00:00,31.85,21.69342,0.0,33.65,0.12
2023-07-23 10:00:00+00:00,33.2,21.013554,0.0,35.75,0.12
2023-07-23 11:00:00+00:00,34.35,20.042654,0.0,37.25,0.12
2023-07-23 12:00:00+00:00,34.35,20.316317,0.0,37.85,0.12
2023-07-23 13:00:00+00:00,35.05,17.582115,0.0,38.05,0.12
2023-07-23 14:00:00+00:00,35.6,14.956459,0.0,37.85,0.12
2023-07-23 15:00:00+00:00,33.95,19.07938,0.0,36.85,0.12
2023-07-23 16:00:00+00:00,33.35,18.870174,0.0,35.5,0.12
2023-07-23 17:00:00+00:00,31.65,23.091513,0.0,34.15,0.12
2023-07-23 18:00:00+00:00,28.7,36.332367,0.0,32.65,0.12
2023-07-23 19:00:00+00:00,27.1,42.44709,0.0,31.2,0.12
2023-07-23 20:00:00+00:00,25.6,48.06668,0.0,29.9,0.12
2023-07-23 21:00:00+00:00,24.25,54.513916,0.0,28.75,0.12
2023-07-23 22:00:00+00:00,23.05,61.105534,0.0,27.7,0.12
2023-07-23 23:00:00+00:00,22.1,64.526054,0.0,26.75,0.12
2023-07-24 00:00:00+00:00,21.0,65.33671,0.0,26.35,0.12
2023-07-24 01:00:00+00:00,20.35,67.130486,0.0,25.45,0.12
2023-07-24 02:00:00+00:00,19.65,71.24769,0.0,24.65,0.12
2023-07-24 03:00:00+00:00,19.2,75.42967,0.0,23.95,0.12
2023-07-24 04:00:00+00:00,20.35,71.607254,0.0,23.85,0.12
2023-07-24 05:00:00+00:00,21.85,63.441162,0.0,24.55,0.12
2023-07-24 06:00:00+00:00,23.3,56.064655,0.0,25.85,0.12
2023-07-24 07:00:00+00:00,24.8,48.79779,0.0,27.45,0.121
2023-07-24 08:00:00+00:00,26.2,42.75511,0.1,29.15,0.121
2023-07-24 09:00:00+00:00,27.65,38.370266,0.0,30.9,0.121
2023-07-24 10:00:00+00:00,28.8,34.9527,0.0,32.55,0.121
2023-07-24 11:00:00+00:00,29.85,31.617027,0.0,33.9,0.121
2023-07-24 12:00:00+00:00,30.6,28.526047,0.0,34.9,0.122
2023-07-24 13:00:00+00:00,30.75,27.3524,0.0,35.25,0.122
2023-07-24 14:00:00+00:00,30.45,26.280283,0.0,35.05,0.122
2023-07-24 15:00:00+00:00,29.7,26.256863,0.0,34.3,0.122
2023-07-24 16:00:00+00:00,28.55,27.217554,0.0,33.1,0.122
2023-07-24 17:00:00+00:00,25.85,36.743385,0.0,31.45,0.122
2023-07-24 18:00:00+00:00,23.75,44.228714,0.0,29.7,0.122
2023-07-24 19:00:00+00:00,22.35,48.458923,0.0,28.25,0.122
2023-07-24 20:00:00+00:00,21.05,53.69815,0.0,26.95,0.122
2023-07-24 21:00:00+00:00,19.95,58.81321,0.0,25.8,0.122
2023-07-24 22:00:00+00:00,19.05,62.815273,0.0,24.8,0.122
2023-07-24 23:00:00+00:00,18.3,64.96836,0.0,23.9,0.122
2023-07-25 00:00:00+00:00,17.8,68.15736,0.0,23.8,0.122
2023-07-25 01:00:00+00:00,17.25,69.63885,0.0,22.95,0.122
2023-07-25 02:00:00+00:00,16.55,72.558815,0.0,22.2,0.122
2023-07-25 03:00:00+00:00,16.05,75.402916,0.0,21.5,0.122
2023-07-25 04:00:00+00:00,17.5,69.00179,0.0,21.45,0.122
2023-07-25 05:00:00+00:00,19.55,56.98905,0.0,22.35,0.122
2023-07-25 06:00:00+00:00,21.5,44.79494,0.0,24.0,0.122
2023-07-25 07:00:00+00:00,23.35,34.942337,0.0,26.15,0.122
2023-07-25 08:00:00+00:00,25.2,28.497036,0.0,28.45,0.122
2023-07-25 09:00:00+00:00,27.05,22.450756,0.0,30.65,0.122
2023-07-25 10:00:00+00:00,28.45,18.017733,0.0,32.55,0.122
2023-07-25 11:00:00+00:00,29.85,14.918608,0.0,34.15,0.122
2023-07-25 12:00:00+00:00,29.9,16.807228,0.0,35.2,0.122
2023-07-25 13:00:00+00:00,30.75,14.901801,0.0,35.9,0.122
2023-07-25 14:00:00+00:00,31.05,14.491565,0.0,35.85,0.122
2023-07-25 15:00:00+00:00,30.55,15.127489,0.0,35.0,0.122
2023-07-25 16:00:00+00:00,29.45,16.583658,0.0,33.6,0.122
2023-07-25 17:00:00+00:00,25.95,22.086212,0.0,31.65,0.122
2023-07-25 18:00:00+00:00,23.6,25.234314,0.0,29.5,0.122
2023-07-25 19:00:00+00:00,23.8,22.237621,0.0,27.85,0.122
2023-07-25 20:00:00+00:00,22.9,26.606018,0.0,26.65,0.122
2023-07-25 21:00:00+00:00,21.95,29.410137,0.0,25.65,0.122
2023-07-25 22:00:00+00:00,21.25,31.023233,0.0,24.8,0.122
2023-07-25 23:00:00+00:00,20.7,32.659767,0.0,24.05,0.122
2023-07-26 00:00:00+00:00,19.05,36.817257,0.0,22.25,0.122
2023-07-26 01:00:00+00:00,17.8,38.98586,0.0,21.75,0.122
2023-07-26 02:00:00+00:00,16.9,40.546257,0.0,21.2,0.122
2023-07-26 03:00:00+00:00,16.25,42.555286,0.0,20.7,0.122
2023-07-26 04:00:00+00:00,18.15,39.500614,0.0,20.8,0.122
2023-07-26 05:00:00+00:00,21.9,31.098867,0.0,22.15,0.122
2023-07-26 06:00:00+00:00,24.1,25.102264,0.0,24.1,0.122
2023-07-26 07:00:00+00:00,26.15,21.595203,0.0,26.4,0.122
2023-07-26 08:00:00+00:00,28.35,18.914364,0.0,28.9,0.122
2023-07-26 09:00:00+00:00,30.2,16.997314,0.0,31.4,0.122
2023-07-26 10:00:00+00:00,31.9,15.427046,0.0,33.8,0.122
2023-07-26 11:00:00+00:00,33.2,14.5931635,0.0,35.8,0.121
2023-07-26 12:00:00+00:00,32.95,14.957804,0.0,37.35,0.121
2023-07-26 13:00:00+00:00,33.95,14.243224,0.0,38.05,0.121
2023-07-26 14:00:00+00:00,34.15,13.985781,0.0,38.05,0.121
2023-07-26 15:00:00+00:00,34.2,13.848358,0.0,37.3,0.121
2023-07-26 16:00:00+00:00,33.4,15.872245,0.0,35.9,0.121
2023-07-26 17:00:00+00:00,29.85,19.829576,0.0,33.65,0.121
2023-07-26 18:00:00+00:00,26.75,22.37274,0.0,31.45,0.121
2023-07-26 19:00:00+00:00,26.5,21.994625,0.0,29.65,0.121
2023-07-26 20:00:00+00:00,25.65,23.047005,0.0,28.15,0.121
2023-07-26 21:00:00+00:00,24.55,24.521076,0.0,26.9,0.121
2023-07-26 22:00:00+00:00,23.3,26.062382,0.0,25.9,0.121
2023-07-26 23:00:00+00:00,23.4,25.540462,0.0,25.0,0.121
2023-07-27 00:00:00+00:00,21.9,27.579456,0.0,22.8,0.121
2023-07-27 01:00:00+00:00,21.0,30.195026,0.0,22.3,0.121
2023-07-27 02:00:00+00:00,20.1,32.602627,0.0,21.9,0.121
2023-07-27 03:00:00+00:00,20.45,34.231922,0.0,21.5,0.121
2023-07-27 04:00:00+00:00,23.75,33.300625,0.0,21.9,0.121
2023-07-27 05:00:00+00:00,26.55,24.625494,0.0,23.55,0.121
2023-07-27 06:00:00+00:00,29.55,19.617235,0.0,25.9,0.121
2023-07-27 07:00:00+00:00,31.5,16.998697,0.0,28.3,0.121
2023-07-27 08:00:00+00:00,32.85,15.972559,0.0,30.85,0.121
2023-07-27 09:00:00+00:00,34.1,15.641934,0.0,33.1,0.121
2023-07-27 10:00:00+00:00,35.5,14.676529,0.0,35.3,0.121
2023-07-27 11:00:00+00:00,35.35,14.491402,0.0,36.75,0.121
2023-07-27 12:00:00+00:00,36.8,12.210807,0.0,37.35,0.122
2023-07-27 13:00:00+00:00,36.1,12.869345,0.0,37.15,0.122
2023-07-27 14:00:00+00:00,36.15,11.536093,0.0,37.05,0.122
2023-07-27 15:00:00+00:00,35.75,11.79286,0.0,36.3,0.122
2023-07-27 16:00:00+00:00,35.3,10.504052,0.0,35.45,0.122
2023-07-27 17:00:00+00:00,30.75,26.007895,0.0,33.85,0.122
2023-07-27 18:00:00+00:00,26.85,47.01773,0.0,32.15,0.122
2023-07-27 19:00:00+00:00,23.7,63.442043,0.0,30.35,0.122
2023-07-27 20:00:00+00:00,22.15,67.49785,0.0,28.8,0.122
2023-07-27 21:00:00+00:00,21.1,69.48284,0.0,27.45,0.122
2023-07-27 22:00:00+00:00,20.15,69.74742,0.0,26.3,0.122
2023-07-27 23:00:00+00:00,18.8,69.48523,0.0,25.25,0.122
2023-07-28 00:00:00+00:00,16.9,74.8034,0.0,24.4,0.122
2023-07-28 01:00:00+00:00,16.15,72.007286,0.0,23.3,0.122
2023-07-28 02:00:00+00:00,15.5,70.46208,0.0,22.35,0.122
2023-07-28 03:00:00+00:00,14.95,70.59219,0.0,21.55,0.122
2023-07-28 04:00:00+00:00,15.85,64.43064,0.0,21.25,0.122
2023-07-28 05:00:00+00:00,17.15,57.15664,0.0,21.8,0.122
2023-07-28 06:00:00+00:00,18.8,49.469994,0.0,23.2,0.122
2023-07-28 07:00:00+00:00,20.65,42.050804,0.0,25.2,0.122
2023-07-28 08:00:00+00:00,22.5,35.42457,0.0,27.55,0.122
2023-07-28 09:00:00+00:00,24.25,29.23403,0.0,29.75,0.122
2023-07-28 10:00:00+00:00,25.65,24.816765,0.0,31.65,0.122
2023-07-28 11:00:00+00:00,26.8,22.150303,0.0,33.1,0.122
2023-07-28 12:00:00+00:00,26.4,24.414125,0.0,33.85,0.122
2023-07-28 13:00:00+00:00,27.2,22.25398,0.0,34.35,0.122
2023-07-28 14:00:00+00:00,27.5,21.409338,0.0,34.3,0.122
2023-07-28 15:00:00+00:00,27.25,21.648748,0.0,33.55,0.122
2023-07-28 16:00:00+00:00,26.5,21.839539,0.0,32.15,0.122
2023-07-28 17:00:00+00:00,24.0,25.164167,0.0,30.25,0.122
2023-07-28 18:00:00+00:00,21.95,28.793133,0.0,28.3,0.122
2023-07-28 19:00:00+00:00,20.9,31.585657,0.0,26.65,0.122
2023-07-28 20:00:00+00:00,20.7,32.77484,0.0,25.4,0.122
2023-07-28 21:00:00+00:00,20.4,40.98414,0.0,24.55,0.122
2023-07-28 22:00:00+00:00,19.35,44.344025,0.0,23.75,0.122
2023-07-28 23:00:00+00:00,18.25,47.33623,0.0,22.95,0.122
2023-07-29 00:00:00+00:00,17.2,55.641148,0.0,21.85,0.122
2023-07-29 01:00:00+00:00,16.65,58.79816,0.0,21.3,0.122
2023-07-29 02:00:00+00:00,16.05,61.710533,0.0,20.75,0.122
2023-07-29 03:00:00+00:00,15.25,65.393265,0.0,20.2,0.122
2023-07-29 04:00:00+00:00,16.75,59.824417,0.0,20.2,0.122
2023-07-29 05:00:00+00:00,19.7,45.82877,0.0,21.3,0.122
2023-07-29 06:00:00+00:00,21.9,39.754204,0.0,23.15,0.122
2023-07-29 07:00:00+00:00,24.0,35.00775,0.0,25.45,0.122
2023-07-29 08:00:00+00:00,25.85,30.296844,0.0,28.0,0.122
2023-07-29 09:00:00+00:00,27.4,26.720743,0.0,30.45,0.122
2023-07-29 10:00:00+00:00,28.65,23.919127,0.0,32.65,0.122
2023-07-29 11:00:00+00:00,29.75,21.162218,0.0,34.4,0.122
2023-07-29 12:00:00+00:00,29.6,21.345839,0.0,35.7,0.122
2023-07-29 13:00:00+00:00,30.45,19.908506,0.0,36.25,0.122
2023-07-29 14:00:00+00:00,30.7,19.353924,0.0,36.05,0.122
2023-07-29 15:00:00+00:00,30.25,19.31147,0.0,35.2,0.122
2023-07-29 16:00:00+00:00,29.25,19.889866,0.0,33.7,0.122
2023-07-29 17:00:00+00:00,25.65,26.062397,0.0,31.65,0.122
2023-07-29 18:00:00+00:00,23.5,28.923033,0.0,29.5,0.122
2023-07-29 19:00:00+00:00,23.55,28.23634,0.0,27.9,0.121
2023-07-29 20:00:00+00:00,22.55,41.59408,0.0,26.7,0.121
2023-07-29 21:00:00+00:00,21.45,47.09788,0.0,25.7,0.121
2023-07-29 22:00:00+00:00,20.55,49.775684,0.0,24.8,0.121
2023-07-29 23:00:00+00:00,19.75,51.60279,0.0,24.0,0.121
2023-07-30 00:00:00+00:00,19.2,50.59535,0.0,23.75,0.121
2023-07-30 01:00:00+00:00,18.7,51.323486,0.0,23.05,0.121
2023-07-30 02:00:00+00:00,17.95,55.08349,0.0,22.4,0.121
2023-07-30 03:00:00+00:00,17.15,58.72183,0.0,21.75,0.121
2023-07-30 04:00:00+00:00,18.4,54.828266,0.0,21.7,0.121
2023-07-30 05:00:00+00:00,20.55,49.27721,0.0,22.65,0.121
2023-07-30 06:00:00+00:00,22.55,43.74783,0.0,24.35,0.121
2023-07-30 07:00:00+00:00,24.4,40.192333,0.0,26.55,0.121
2023-07-30 08:00:00+00:00,26.2,36.8421,0.0,28.95,0.121
2023-07-30 09:00:00+00:00,27.85,32.016113,0.0,31.35,0.121
2023-07-30 10:00:00+00:00,29.4,26.35478,0.0,33.5,0.121
2023-07-30 11:00:00+00:00,30.6,21.011023,0.0,35.2,0.121
2023-07-30 12:00:00+00:00,30.6,20.793997,0.0,36.15,0.121
2023-07-30 13:00:00+00:00,31.35,15.973077,0.0,36.6,0.121
2023-07-30 14:00:00+00:00,31.35,14.504476,0.0,36.25,0.121
2023-07-30 15:00:00+00:00,30.7,15.657473,0.0,35.3,0.121
2023-07-30 16:00:00+00:00,29.7,17.617632,0.0,33.85,0.121
2023-07-30 17:00:00+00:00,26.9,21.788542,0.0,31.9,0.121
2023-07-30 18:00:00+00:00,24.45,25.108255,0.0,29.9,0.121
2023-07-30 19:00:00+00:00,24.3,30.595667,0.0,28.45,0.121
2023-07-30 20:00:00+00:00,22.95,43.56688,0.0,27.25,0.121
2023-07-30 21:00:00+00:00,22.0,49.175156,0.0,26.25,0.121
2023-07-30 22:00:00+00:00,21.25,52.8677,0.0,25.35,0.121
2023-07-30 23:00:00+00:00,20.4,54.608593,0.0,24.5,0.121
2023-07-31 00:00:00+00:00,19.15,57.65285,0.0,23.75,0.121
2023-07-31 01:00:00+00:00,18.5,50.407066,0.0,23.05,0.121
2023-07-31 02:00:00+00:00,17.9,50.245026,0.0,22.35,0.121
2023-07-31 03:00:00+00:00,17.4,52.208958,0.0,21.75,0.121
2023-07-31 04:00:00+00:00,18.8,48.470276,0.0,21.7,0.121
2023-07-31 05:00:00+00:00,21.1,40.485508,0.0,22.65,0.121
2023-07-31 06:00:00+00:00,23.3,33.058594,0.0,24.35,0.121
2023-07-31 07:00:00+00:00,25.3,28.132349,0.0,26.65,0.121
2023-07-31 08:00:00+00:00,27.2,25.058651,0.0,29.3,0.121
2023-07-31 09:00:00+00:00,28.9,22.773443,0.0,31.85,0.121
2023-07-31 10:00:00+00:00,30.25,20.27877,0.0,34.1,0.121
2023-07-31 11:00:00+00:00,31.4,18.08385,0.0,35.9,0.121
2023-07-31 12:00:00+00:00,31.35,19.854143,0.0,36.95,0.121
2023-07-31 13:00:00+00:00,31.8,18.757915,0.0,37.3,0.121
2023-07-31 14:00:00+00:00,31.8,17.309782,0.0,37.0,0.121
2023-07-31 15:00:00+00:00,31.65,15.046131,0.0,36.05,0.121
2023-07-31 16:00:00+00:00,30.6,14.709048,0.0,34.55,0.121
2023-07-31 17:00:00+00:00,27.15,18.554642,0.0,32.55,0.121
2023-07-31 18:00:00+00:00,26.15,20.765774,0.0,30.6,0.121
2023-07-31 19:00:00+00:00,25.15,23.91083,0.0,29.1,0.121
2023-07-31 20:00:00+00:00,24.05,42.29703,0.0,27.95,0.121
2023-07-31 21:00:00+00:00,22.9,54.70455,0.0,26.95,0.121
2023-07-31 22:00:00+00:00,22.1,58.94366,0.0,26.0,0.121
2023-07-31 23:00:00+00:00,21.3,62.300694,0.0,25.2,0.121
2023-08-01 00:00:00+00:00,20.45,67.80613,0.0,24.1,0.121
2023-08-01 01:00:00+00:00,19.45,72.60635,0.0,23.45,0.121
2023-08-01 02:00:00+00:00,18.9,75.6244,0.0,22.9,0.121
2023-08-01 03:00:00+00:00,18.15,79.51656,0.0,22.35,0.121
2023-08-01 04:00:00+00:00,19.35,74.72859,0.0,22.35,0.121
2023-08-01 05:00:00+00:00,21.7,64.647514,0.0,23.4,0.121
2023-08-01 06:00:00+00:00,24.05,52.385475,0.0,25.35,0.121
2023-08-01 07:00:00+00:00,26.25,41.935196,0.0,27.75,0.121
2023-08-01 08:00:00+00:00,28.4,32.062134,0.0,30.35,0.121
2023-08-01 09:00:00+00:00,30.35,24.53296,0.0,32.8,0.121
2023-08-01 10:00:00+00:00,32.1,18.69991,0.0,34.8,0.121
2023-08-01 11:00:00+00:00,32.95,18.073452,0.0,36.25,0.121
2023-08-01 12:00:00+00:00,32.7,19.70737,0.0,36.45,0.121
2023-08-01 13:00:00+00:00,33.2,18.576323,0.0,36.95,0.121
2023-08-01 14:00:00+00:00,33.1,18.940247,0.0,36.9,0.121
2023-08-01 15:00:00+00:00,32.55,19.67073,0.0,36.1,0.121
2023-08-01 16:00:00+00:00,29.7,24.69697,0.0,34.5,0.121
2023-08-01 17:00:00+00:00,29.15,24.216644,0.0,32.9,0.121
2023-08-01 18:00:00+00:00,26.05,34.761257,0.0,31.25,0.121
2023-08-01 19:00:00+00:00,24.95,37.73716,0.0,29.8,0.121
2023-08-01 20:00:00+00:00,23.7,41.36017,0.0,28.55,0.121
2023-08-01 21:00:00+00:00,22.5,44.47337,0.0,27.3,0.121
2023-08-01 22:00:00+00:00,22.6,43.61521,0.0,26.45,0.121
2023-08-01 23:00:00+00:00,21.45,48.700603,0.0,25.65,0.121
2023-08-02 00:00:00+00:00,18.4,68.27865,0.0,24.45,0.128
2023-08-02 01:00:00+00:00,17.95,69.54665,0.0,23.6,0.128
2023-08-02 02:00:00+00:00,17.4,72.71213,0.0,22.9,0.128
2023-08-02 03:00:00+00:00,16.8,78.04104,0.0,22.3,0.128
2023-08-02 04:00:00+00:00,18.75,69.930534,0.0,22.3,0.128
2023-08-02 05:00:00+00:00,21.75,56.783382,0.0,23.4,0.127
2023-08-02 06:00:00+00:00,23.95,49.859768,0.0,25.3,0.127
2023-08-02 07:00:00+00:00,26.25,42.909332,0.0,27.7,0.127
2023-08-02 08:00:00+00:00,28.4,35.30465,0.0,30.2,0.127
2023-08-02 09:00:00+00:00,30.3,29.312208,0.0,32.55,0.127
2023-08-02 10:00:00+00:00,31.75,24.321167,0.0,34.5,0.127
2023-08-02 11:00:00+00:00,32.6,20.9354,0.0,35.95,0.127
2023-08-02 12:00:00+00:00,32.3,22.408564,0.0,36.75,0.126
2023-08-02 13:00:00+00:00,33.15,19.682013,0.0,37.3,0.126
2023-08-02 14:00:00+00:00,33.75,18.01266,0.0,37.3,0.126
2023-08-02 15:00:00+00:00,33.2,18.512346,0.0,36.5,0.125
2023-08-02 16:00:00+00:00,32.4,17.633554,0.0,35.15,0.125
2023-08-02 17:00:00+00:00,27.85,25.848473,0.0,33.05,0.125
2023-08-02 18:00:00+00:00,27.55,26.945772,0.0,31.05,0.125
2023-08-02 19:00:00+00:00,26.5,31.212374,0.0,29.5,0.125
2023-08-02 20:00:00+00:00,25.75,39.641148,0.0,28.55,0.125
2023-08-02 21:00:00+00:00,24.6,44.3174,0.0,27.65,0.125
2023-08-02 22:00:00+00:00,23.1,50.6226,0.0,26.75,0.125
2023-08-02 23:00:00+00:00,21.95,55.72824,0.0,25.85,0.125
2023-08-03 00:00:00+00:00,20.8,62.593872,0.0,24.7,0.128
2023-08-03 01:00:00+00:00,20.45,63.95843,0.0,24.0,0.128
2023-08-03 02:00:00+00:00,19.5,67.61312,0.0,23.4,0.128
2023-08-03 03:00:00+00:00,19.25,68.89688,0.0,22.8,0.128
2023-08-03 04:00:00+00:00,20.95,61.817387,0.0,22.85,0.128
2023-08-03 05:00:00+00:00,23.55,52.08568,0.0,24.0,0.128
2023-08-03 06:00:00+00:00,25.65,43.025196,0.0,25.9,0.128
2023-08-03 07:00:00+00:00,27.7,34.186546,0.0,28.15,0.128
2023-08-03 08:00:00+00:00,29.65,26.601635,0.0,30.55,0.127
2023-08-03 09:00:00+00:00,31.3,21.114359,0.0,32.9,0.127
2023-08-03 10:00:00+00:00,32.65,16.848291,0.0,34.85,0.127
2023-08-03 11:00:00+00:00,33.6,14.371144,0.0,36.35,0.127
2023-08-03 12:00:00+00:00,33.75,14.60848,0.0,36.85,0.131
2023-08-03 13:00:00+00:00,34.2,12.942873,0.0,37.35,0.13
2023-08-03 14:00:00+00:00,34.05,12.683223,0.0,37.15,0.13
2023-08-03 15:00:00+00:00,33.3,14.408892,0.0,36.35,0.13
2023-08-03 16:00:00+00:00,32.25,16.58053,0.0,35.0,0.13
2023-08-03 17:00:00+00:00,28.65,21.031067,0.0,33.05,0.13
2023-08-03 18:00:00+00:00,27.4,23.344269,0.0,31.15,0.13
2023-08-03 19:00:00+00:00,27.05,28.32336,0.0,29.85,0.13
2023-08-03 20:00:00+00:00,25.85,34.704823,0.0,28.85,0.13
2023-08-03 21:00:00+00:00,24.75,38.966446,0.0,27.95,0.13
2023-08-03 22:00:00+00:00,23.8,42.50992,0.0,27.1,0.13
2023-08-03 23:00:00+00:00,23.0,45.211315,0.0,26.35,0.13
2023-08-04 00:00:00+00:00,21.95,48.189793,0.0,25.05,0.13
2023-08-04 01:00:00+00:00,20.6,52.69831,0.0,24.4,0.129
2023-08-04 02:00:00+00:00,19.55,57.36902,0.0,23.75,0.129
2023-08-04 03:00:00+00:00,19.1,59.391293,0.0,23.15,0.129
2023-08-04 04:00:00+00:00,20.7,54.68515,0.0,23.15,0.129
2023-08-04 05:00:00+00:00,23.8,44.242596,0.0,24.2,0.129
2023-08-04 06:00:00+00:00,25.8,38.87277,0.0,26.15,0.129
2023-08-04 07:00:00+00:00,27.7,33.509117,0.0,28.55,0.129
2023-08-04 08:00:00+00:00,29.45,28.884941,0.0,31.15,0.129
2023-08-04 09:00:00+00:00,31.0,25.72586,0.0,33.65,0.129
2023-08-04 10:00:00+00:00,32.35,23.272099,0.0,35.8,0.129
2023-08-04 11:00:00+00:00,33.5,21.521372,0.0,37.5,0.128
2023-08-04 12:00:00+00:00,32.95,21.971764,0.0,38.55,0.128
2023-08-04 13:00:00+00:00,33.8,19.976236,0.0,38.9,0.128
2023-08-04 14:00:00+00:00,34.05,19.038214,0.0,38.65,0.128
2023-08-04 15:00:00+00:00,33.75,19.42621,0.0,37.75,0.128
2023-08-04 16:00:00+00:00,32.6,21.514273,0.0,36.2,0.127
2023-08-04 17:00:00+00:00,29.85,25.59317,0.0,34.25,0.127
2023-08-04 18:00:00+00:00,28.3,28.089342,0.0,32.5,0.127
2023-08-04 19:00:00+00:00,26.0,33.368824,0.0,30.85,0.127
2023-08-04 20:00:00+00:00,25.6,33.938988,0.0,29.55,0.127
2023-08-04 21:00:00+00:00,25.05,35.305626,0.0,28.5,0.127
2023-08-04 22:00:00+00:00,24.7,34.030514,0.0,27.65,0.127
2023-08-04 23:00:00+00:00,24.35,29.981009,0.0,27.0,0.127
2023-08-05 00:00:00+00:00,22.7,32.0985,0.0,26.55,0.127
2023-08-05 01:00:00+00:00,22.05,34.213814,0.0,25.7,0.127
2023-08-05 02:00:00+00:00,21.4,37.753086,0.0,24.95,0.127
2023-08-05 03:00:00+00:00,20.55,42.166374,0.0,24.25,0.127
2023-08-05 04:00:00+00:00,22.2,39.704254,0.0,24.15,0.127
2023-08-05 05:00:00+00:00,24.25,34.722305,0.0,25.05,0.127
2023-08-05 06:00:00+00:00,25.95,31.058514,0.0,26.75,0.127
2023-08-05 07:00:00+00:00,27.95,27.240084,0.0,29.05,0.127
2023-08-05 08:00:00+00:00,29.85,23.987526,0.0,31.6,0.127
2023-08-05 09:00:00+00:00,31.55,21.691685,0.0,34.05,0.126
2023-08-05 10:00:00+00:00,32.9,20.166685,0.0,36.1,0.126
2023-08-05 11:00:00+00:00,34.05,18.58719,0.0,37.7,0.126
2023-08-05 12:00:00+00:00,34.25,18.69871,0.0,38.75,0.126
2023-08-05 13:00:00+00:00,35.1,17.2944,0.0,39.35,0.126
2023-08-05 14:00:00+00:00,35.2,16.27621,0.0,39.2,0.126
2023-08-05 15:00:00+00:00,34.8,15.309707,0.0,38.3,0.125
2023-08-05 16:00:00+00:00,33.65,15.379159,0.0,36.8,0.125
2023-08-05 17:00:00+00:00,29.2,20.94988,0.0,34.65,0.125
2023-08-05 18:00:00+00:00,30.8,17.815445,0.0,32.5,0.125
2023-08-05 19:00:00+00:00,27.75,22.791483,0.0,30.7,0.125
2023-08-05 20:00:00+00:00,25.5,27.038443,0.0,29.25,0.125
2023-08-05 21:00:00+00:00,25.1,28.077034,0.0,28.1,0.125
2023-08-05 22:00:00+00:00,23.5,32.54954,0.0,27.1,0.125
2023-08-05 23:00:00+00:00,25.7,28.536957,0.0,26.2,0.125
2023-08-06 00:00:00+00:00,22.95,34.58965,0.0,24.2,0.125
2023-08-06 01:00:00+00:00,23.45,33.791695,0.0,23.65,0.125
2023-08-06 02:00:00+00:00,22.9,35.295753,0.0,23.2,0.125
2023-08-06 03:00:00+00:00,22.1,37.56536,0.0,22.85,0.125
2023-08-06 04:00:00+00:00,23.15,40.653927,0.0,23.05,0.125
2023-08-06 05:00:00+00:00,26.65,29.80093,0.0,24.55,0.125
2023-08-06 06:00:00+00:00,28.95,25.439882,0.0,26.65,0.125
2023-08-06 07:00:00+00:00,31.0,23.002188,0.0,29.1,0.125
2023-08-06 08:00:00+00:00,32.9,22.108402,0.0,31.75,0.125
2023-08-06 09:00:00+00:00,34.65,21.089447,0.0,34.3,0.125
2023-08-06 10:00:00+00:00,35.8,20.125113,0.0,36.3,0.125
2023-08-06 11:00:00+00:00,37.0,16.399788,0.0,37.95,0.125
2023-08-06 12:00:00+00:00,37.1,16.875935,0.0,38.8,0.124
2023-08-06 13:00:00+00:00,37.4,15.190014,0.0,39.2,0.124
2023-08-06 14:00:00+00:00,38.05,13.543491,0.0,39.25,0.124
2023-08-06 15:00:00+00:00,37.15,13.929639,0.0,38.5,0.124
2023-08-06 16:00:00+00:00,35.85,15.010626,0.0,37.2,0.124
2023-08-06 17:00:00+00:00,34.05,15.092216,0.0,35.7,0.124
2023-08-06 18:00:00+00:00,31.8,17.864216,0.0,34.2,0.124
2023-08-06 19:00:00+00:00,29.95,19.784988,0.0,32.75,0.124
2023-08-06 20:00:00+00:00,28.4,22.565039,0.0,31.45,0.124
2023-08-06 21:00:00+00:00,27.2,25.584776,0.0,30.3,0.124
2023-08-06 22:00:00+00:00,25.75,29.550703,0.0,29.2,0.124
2023-08-06 23:00:00+00:00,24.7,37.28802,0.0,28.25,0.124
2023-08-07 00:00:00+00:00,23.75,45.719986,0.0,27.65,0.124
2023-08-07 01:00:00+00:00,22.9,52.946857,0.0,26.9,0.124
2023-08-07 02:00:00+00:00,22.0,59.690544,0.0,26.1,0.124
2023-08-07 03:00:00+00:00,21.35,66.47412,0.0,25.45,0.124
2023-08-07 04:00:00+00:00,22.2,66.43728,0.0,25.25,0.124
2023-08-07 05:00:00+00:00,23.65,61.833076,0.0,25.95,0.124
2023-08-07 06:00:00+00:00,25.45,53.7719,0.0,27.5,0.124
2023-08-07 07:00:00+00:00,27.45,43.10036,0.0,29.6,0.124
2023-08-07 08:00:00+00:00,29.25,33.607574,0.0,31.85,0.124
2023-08-07 09:00:00+00:00,30.7,28.363386,0.0,33.95,0.124
2023-08-07 10:00:00+00:00,31.95,25.206926,0.0,35.75,0.123
2023-08-07 11:00:00+00:00,32.85,23.479923,0.0,37.2,0.123
2023-08-07 12:00:00+00:00,32.65,25.476389,0.0,37.95,0.123
2023-08-07 13:00:00+00:00,33.15,23.478426,0.0,38.3,0.123
2023-08-07 14:00:00+00:00,33.05,22.676304,0.0,38.05,0.123
2023-08-07 15:00:00+00:00,32.55,21.428574,0.0,37.25,0.123
2023-08-07 16:00:00+00:00,32.05,19.616268,0.0,35.9,0.123
2023-08-07 17:00:00+00:00,28.55,23.564634,0.0,33.8,0.123
2023-08-07 18:00:00+00:00,27.3,24.483568,0.0,31.9,0.123
2023-08-07 19:00:00+00:00,27.0,24.831926,0.0,30.45,0.123
2023-08-07 20:00:00+00:00,25.75,39.50978,0.0,29.4,0.123
2023-08-07 21:00:00+00:00,24.35,45.28349,0.0,28.45,0.123
2023-08-07 22:00:00+00:00,22.8,60.072372,0.0,27.5,0.123
2023-08-07 23:00:00+00:00,21.8,67.643196,0.0,26.65,0.123
2023-08-08 00:00:00+00:00,21.0,71.497,0.0,26.0,0.123
2023-08-08 01:00:00+00:00,20.45,74.19666,0.0,25.3,0.123
2023-08-08 02:00:00+00:00,19.95,76.0375,0.0,24.65,0.123
2023-08-08 03:00:00+00:00,19.5,77.44235,0.0,24.1,0.123
2023-08-08 04:00:00+00:00,20.75,71.451065,0.0,24.05,0.123
2023-08-08 05:00:00+00:00,22.8,61.640137,0.0,24.95,0.123
2023-08-08 06:00:00+00:00,25.0,53.830643,0.0,26.7,0.123
2023-08-08 07:00:00+00:00,27.2,47.415913,0.0,29.05,0.123
2023-08-08 08:00:00+00:00,29.45,41.06687,0.0,31.7,0.123
2023-08-08 09:00:00+00:00,31.55,35.487293,0.0,34.25,0.123
2023-08-08 10:00:00+00:00,33.2,31.300322,0.0,36.4,0.123
2023-08-08 11:00:00+00:00,34.1,27.886927,0.0,37.95,0.123
2023-08-08 12:00:00+00:00,34.6,24.492971,0.0,38.95,0.122
2023-08-08 13:00:00+00:00,35.2,21.297289,0.0,39.25,0.122
2023-08-08 14:00:00+00:00,34.95,19.650326,0.0,38.85,0.122
2023-08-08 15:00:00+00:00,34.6,18.400965,0.0,37.85,0.122
2023-08-08 16:00:00+00:00,30.6,35.91774,0.0,36.35,0.122
2023-08-08 17:00:00+00:00,27.45,47.027653,0.0,34.25,0.122
2023-08-08 18:00:00+00:00,25.9,53.0308,0.0,32.45,0.122
2023-08-08 19:00:00+00:00,24.25,57.21136,0.0,30.8,0.122
2023-08-08 20:00:00+00:00,22.6,61.001984,0.0,29.35,0.122
2023-08-08 21:00:00+00:00,21.55,62.762497,0.0,28.1,0.122
2023-08-08 22:00:00+00:00,20.8,65.294,0.0,27.05,0.122
2023-08-08 23:00:00+00:00,20.45,66.0716,0.0,26.15,0.122
2023-08-09 00:00:00+00:00,20.25,67.54643,0.0,26.15,0.122
2023-08-09 01:00:00+00:00,19.95,68.367035,0.0,25.4,0.122
2023-08-09 02:00:00+00:00,19.55,70.08454,0.0,24.75,0.122
2023-08-09 03:00:00+00:00,19.25,71.636345,0.0,24.2,0.122
2023-08-09 04:00:00+00:00,20.0,68.59901,0.0,24.05,0.122
2023-08-09 05:00:00+00:00,21.4,62.32332,0.0,24.65,0.122
2023-08-09 06:00:00+00:00,23.1,55.471947,0.0,25.9,0.122
2023-08-09 07:00:00+00:00,25.0,49.01042,0.0,27.75,0.122
2023-08-09 08:00:00+00:00,26.85,43.640224,0.0,29.85,0.122
2023-08-09 09:00:00+00:00,28.6,39.785015,0.0,32.05,0.122
2023-08-09 10:00:00+00:00,30.25,36.64509,0.0,34.15,0.122
2023-08-09 11:00:00+00:00,31.65,33.83156,0.0,35.95,0.122
2023-08-09 12:00:00+00:00,31.4,34.427162,0.0,37.15,0.122
2023-08-09 13:00:00+00:00,32.4,32.530514,0.0,37.9,0.122
2023-08-09 14:00:00+00:00,32.8,31.599241,0.0,37.95,0.122
2023-08-09 15:00:00+00:00,32.55,32.15177,0.0,37.3,0.122
2023-08-09 16:00:00+00:00,31.7,33.40848,0.0,35.95,0.122
2023-08-09 17:00:00+00:00,29.9,36.90629,0.0,34.25,0.122
2023-08-09 18:00:00+00:00,29.05,38.25953,0.0,32.65,0.122
2023-08-09 19:00:00+00:00,27.05,46.769104,0.0,31.35,0.122
2023-08-09 20:00:00+00:00,25.65,53.82255,0.0,30.15,0.122
2023-08-09 21:00:00+00:00,24.5,57.824974,0.0,29.05,0.122
2023-08-09 22:00:00+00:00,23.55,61.22016,0.0,28.1,0.122
2023-08-09 23:00:00+00:00,22.75,64.04836,0.0,27.25,0.122
2023-08-10 00:00:00+00:00,21.85,69.85012,0.0,26.6,0.122
2023-08-10 01:00:00+00:00,21.35,72.01928,0.0,25.9,0.122
2023-08-10 02:00:00+00:00,20.7,75.19257,0.0,25.25,0.122
2023-08-10 03:00:00+00:00,20.1,78.27856,0.0,24.65,0.122
2023-08-10 04:00:00+00:00,20.95,74.51835,0.0,24.55,0.122
2023-08-10 05:00:00+00:00,22.75,65.289185,0.0,25.3,0.122
2023-08-10 06:00:00+00:00,24.75,55.703312,0.0,26.9,0.122
2023-08-10 07:00:00+00:00,26.8,47.92243,0.0,29.15,0.122
2023-08-10 08:00:00+00:00,28.9,41.71573,0.0,31.7,0.122
2023-08-10 09:00:00+00:00,30.75,37.262463,0.0,34.2,0.122
2023-08-10 10:00:00+00:00,32.35,33.155678,0.0,36.25,0.122
2023-08-10 11:00:00+00:00,33.5,29.408398,0.0,37.65,0.122
2023-08-10 12:00:00+00:00,34.2,25.21049,0.0,38.1,0.122
2023-08-10 13:00:00+00:00,34.45,22.053843,0.0,38.4,0.122
2023-08-10 14:00:00+00:00,34.3,20.72064,0.0,38.05,0.122
2023-08-10 15:00:00+00:00,33.9,20.482298,0.0,37.3,0.122
2023-08-10 16:00:00+00:00,33.1,21.276018,0.0,36.05,0.122
2023-08-10 17:00:00+00:00,30.4,24.882105,0.0,34.25,0.122
2023-08-10 18:00:00+00:00,28.45,36.38201,0.0,32.75,0.122
2023-08-10 19:00:00+00:00,25.8,55.43046,0.0,31.25,0.122
2023-08-10 20:00:00+00:00,24.6,59.7253,0.0,29.95,0.122
2023-08-10 21:00:00+00:00,23.9,61.8896,0.0,28.9,0.122
2023-08-10 22:00:00+00:00,22.8,66.561455,0.0,27.95,0.122
2023-08-10 23:00:00+00:00,21.95,70.09222,0.0,27.05,0.122
2023-08-11 00:00:00+00:00,20.5,79.33827,0.0,26.45,0.121
2023-08-11 01:00:00+00:00,19.85,82.069145,0.0,25.65,0.121
2023-08-11 02:00:00+00:00,19.35,83.85441,0.0,24.95,0.121
2023-08-11 03:00:00+00:00,18.8,85.41029,0.0,24.3,0.121
2023-08-11 04:00:00+00:00,19.35,82.00693,0.0,24.05,0.121
2023-08-11 05:00:00+00:00,20.7,75.19257,0.0,24.55,0.121
2023-08-11 06:00:00+00:00,22.85,63.865425,0.0,25.8,0.121
2023-08-11 07:00:00+00:00,25.05,54.19056,0.0,27.65,0.121
2023-08-11 08:00:00+00:00,26.5,48.776657,0.0,29.75,0.121
2023-08-11 09:00:00+00:00,28.15,42.87516,0.0,31.85,0.121
2023-08-11 10:00:00+00:00,29.55,36.80888,0.0,33.75,0.121
2023-08-11 11:00:00+00:00,30.55,32.232227,0.0,35.2,0.121
2023-08-11 12:00:00+00:00,30.15,33.857876,0.0,35.8,0.121
2023-08-11 13:00:00+00:00,30.65,31.111643,0.0,36.05,0.121
2023-08-11 14:00:00+00:00,30.7,29.226614,0.0,35.85,0.121
2023-08-11 15:00:00+00:00,29.35,31.79417,0.0,34.95,0.121
2023-08-11 16:00:00+00:00,26.5,39.06941,0.0,33.3,0.121
2023-08-11 17:00:00+00:00,24.8,45.40708,0.0,31.5,0.121
2023-08-11 18:00:00+00:00,24.25,50.59499,0.0,29.95,0.121
2023-08-11 19:00:00+00:00,22.65,56.819984,0.0,28.65,0.121
2023-08-11 20:00:00+00:00,21.55,61.155148,0.0,27.45,0.121
2023-08-11 21:00:00+00:00,20.75,64.4416,0.0,26.45,0.121
2023-08-11 22:00:00+00:00,20.1,66.86156,0.0,25.6,0.121
2023-08-11 23:00:00+00:00,19.6,68.519325,0.0,24.85,0.121
2023-08-12 00:00:00+00:00,18.85,70.86745,0.0,24.25,0.121
2023-08-12 01:00:00+00:00,18.5,72.20026,0.0,23.65,0.121
2023-08-12 02:00:00+00:00,18.25,73.34058,0.0,23.1,0.121
2023-08-12 03:00:00+00:00,18.05,74.75258,0.0,22.7,0.121
2023-08-12 04:00:00+00:00,18.8,71.78647,0.0,22.6,0.121
2023-08-12 05:00:00+00:00,20.5,65.65475,0.0,23.35,0.121
2023-08-12 06:00:00+00:00,22.5,59.039066,0.0,24.75,0.121
2023-08-12 07:00:00+00:00,24.55,52.684845,0.0,26.7,0.121
2023-08-12 08:00:00+00:00,26.65,46.66119,0.0,28.9,0.121
2023-08-12 09:00:00+00:00,29.15,39.67977,0.0,31.15,0.121
2023-08-12 10:00:00+00:00,30.1,36.130188,0.0,32.7,0.121
2023-08-12 11:00:00+00:00,31.95,30.857193,0.0,34.55,0.121
2023-08-12 12:00:00+00:00,32.15,30.410019,0.0,36.05,0.121
2023-08-12 13:00:00+00:00,33.0,26.607538,0.0,36.85,0.121
2023-08-12 14:00:00+00:00,33.45,24.033327,0.0,37.05,0.121
2023-08-12 15:00:00+00:00,33.6,21.9875,0.0,36.55,0.121
2023-08-12 16:00:00+00:00,32.65,21.895847,0.0,35.3,0.121
2023-08-12 17:00:00+00:00,28.5,28.144018,0.0,33.3,0.121
2023-08-12 18:00:00+00:00,27.7,29.486963,0.0,31.5,0.121
2023-08-12 19:00:00+00:00,27.2,37.246494,0.0,30.2,0.121
2023-08-12 20:00:00+00:00,25.95,44.68916,0.0,29.2,0.121
2023-08-12 21:00:00+00:00,25.65,43.59451,0.0,28.45,0.121
2023-08-12 22:00:00+00:00,24.5,49.197075,0.0,27.65,0.121
2023-08-12 23:00:00+00:00,23.5,52.756565,0.0,26.95,0.121
2023-08-13 00:00:00+00:00,22.7,57.017216,0.0,26.6,0.121
2023-08-13 01:00:00+00:00,21.8,60.62002,0.0,25.8,0.121
2023-08-13 02:00:00+00:00,21.05,63.469475,0.0,25.05,0.121
2023-08-13 03:00:00+00:00,20.55,65.24051,0.0,24.45,0.121
2023-08-13 04:00:00+00:00,21.3,62.503273,0.0,24.2,0.121
2023-08-13 05:00:00+00:00,23.35,54.818142,0.0,24.95,0.121
2023-08-13 06:00:00+00:00,25.65,46.693615,0.0,26.4,0.121
2023-08-13 07:00:00+00:00,28.3,38.931824,0.0,28.45,0.121
2023-08-13 08:00:00+00:00,31.1,31.235474,0.0,30.8,0.121
2023-08-13 09:00:00+00:00,33.55,25.628696,0.0,33.25,0.121
2023-08-13 10:00:00+00:00,35.2,23.535183,0.0,35.45,0.121
2023-08-13 11:00:00+00:00,36.65,19.142689,0.0,37.4,0.121
2023-08-13 12:00:00+00:00,36.6,17.581074,0.0,38.8,0.121
2023-08-13 13:00:00+00:00,37.5,15.634693,0.0,39.5,0.121
2023-08-13 14:00:00+00:00,37.0,14.691823,0.0,39.2,0.121
2023-08-13 15:00:00+00:00,36.8,13.9536,0.0,38.4,0.121
2023-08-13 16:00:00+00:00,35.25,15.84259,0.0,37.05,0.121
2023-08-13 17:00:00+00:00,32.75,17.531664,0.0,35.15,0.121
2023-08-13 18:00:00+00:00,31.95,18.27824,0.0,33.75,0.121
2023-08-13 19:00:00+00:00,31.1,19.930468,0.0,32.55,0.121
2023-08-13 20:00:00+00:00,30.7,22.381384,0.0,31.55,0.121
2023-08-13 21:00:00+00:00,29.9,25.606508,0.0,30.85,0.121
2023-08-13 22:00:00+00:00,28.6,30.138144,0.0,30.1,0.121
2023-08-13 23:00:00+00:00,27.35,33.974678,0.0,29.35,0.121
2023-08-14 00:00:00+00:00,25.05,36.394474,0.0,29.4,0.121
2023-08-14 01:00:00+00:00,26.5,36.437733,0.0,28.6,0.121
2023-08-14 02:00:00+00:00,26.3,42.642864,0.0,28.05,0.121
2023-08-14 03:00:00+00:00,25.95,44.98201,0.0,27.65,0.121
2023-08-14 04:00:00+00:00,26.2,44.466663,0.0,27.4,0.121
2023-08-14 05:00:00+00:00,28.45,38.21708,0.0,28.05,0.121
2023-08-14 06:00:00+00:00,30.45,34.387962,0.0,29.2,0.121
2023-08-14 07:00:00+00:00,33.45,25.602354,0.0,31.15,0.121
2023-08-14 08:00:00+00:00,36.45,18.712736,0.0,33.8,0.121
2023-08-14 09:00:00+00:00,37.95,15.8952055,0.0,36.25,0.121
2023-08-14 10:00:00+00:00,39.2,14.115142,0.0,38.7,0.121
2023-08-14 11:00:00+00:00,39.8,12.803114,0.0,40.45,0.121
2023-08-14 12:00:00+00:00,39.15,11.615466,0.0,40.5,0.121
2023-08-14 13:00:00+00:00,39.85,9.712037,0.0,40.9,0.121
2023-08-14 14:00:00+00:00,40.0,8.936762,0.0,40.8,0.121
2023-08-14 15:00:00+00:00,39.75,8.642529,0.0,39.95,0.121
2023-08-14 16:00:00+00:00,37.3,10.988323,0.0,38.5,0.121
2023-08-14 17:00:00+00:00,34.65,13.893825,0.0,36.8,0.121
2023-08-14 18:00:00+00:00,34.05,14.518761,0.0,35.5,0.121
2023-08-14 19:00:00+00:00,33.15,15.107969,0.0,34.3,0.12
2023-08-14 20:00:00+00:00,32.8,15.627394,0.0,33.4,0.12
2023-08-14 21:00:00+00:00,32.05,17.860847,0.0,32.55,0.12
2023-08-14 22:00:00+00:00,31.3,20.82551,0.0,31.95,0.12
2023-08-14 23:00:00+00:00,29.75,24.208664,0.0,31.2,0.12
2023-08-15 00:00:00+00:00,29.2,24.063917,0.0,30.0,0.121
2023-08-15 01:00:00+00:00,28.2,26.754519,0.0,29.55,0.121
2023-08-15 02:00:00+00:00,27.35,28.992922,0.0,29.05,0.121
2023-08-15 03:00:00+00:00,26.65,30.416328,0.0,28.6,0.121
2023-08-15 04:00:00+00:00,27.3,28.979136,0.0,28.35,0.121
2023-08-15 05:00:00+00:00,29.5,25.67406,0.0,29.0,0.121
2023-08-15 06:00:00+00:00,31.95,22.017178,0.0,30.45,0.121
2023-08-15 07:00:00+00:00,34.6,18.088524,0.0,32.4,0.121
2023-08-15 08:00:00+00:00,37.05,14.601163,0.0,34.65,0.121
2023-08-15 09:00:00+00:00,38.9,12.406718,0.0,36.9,0.121
2023-08-15 10:00:00+00:00,40.2,10.751004,0.0,38.85,0.121
2023-08-15 11:00:00+00:00,40.4,10.160524,0.0,40.05,0.121
2023-08-15 12:00:00+00:00,41.0,9.134508,0.0,40.75,0.121
2023-08-15 13:00:00+00:00,41.15,8.496967,0.0,41.45,0.121
2023-08-15 14:00:00+00:00,41.25,7.835645,0.0,41.4,0.121
2023-08-15 15:00:00+00:00,40.0,8.105748,0.0,40.55,0.121
2023-08-15 16:00:00+00:00,37.75,10.088994,0.0,39.15,0.121
2023-08-15 17:00:00+00:00,34.65,12.532916,0.0,37.3,0.121
2023-08-15 18:00:00+00:00,33.6,14.269606,0.0,35.8,0.121
2023-08-15 19:00:00+00:00,32.9,14.841272,0.0,34.65,0.121
2023-08-15 20:00:00+00:00,32.1,17.198116,0.0,33.65,0.121
2023-08-15 21:00:00+00:00,31.2,20.373932,0.0,32.85,0.121
2023-08-15 22:00:00+00:00,28.4,25.206133,0.0,31.85,0.121
2023-08-15 23:00:00+00:00,26.9,25.415712,0.0,30.7,0.121
2023-08-16 00:00:00+00:00,25.6,27.923944,0.0,29.7,0.121
2023-08-16 01:00:00+00:00,25.1,28.469307,0.0,28.65,0.121
2023-08-16 02:00:00+00:00,24.5,29.919355,0.0,27.85,0.121
2023-08-16 03:00:00+00:00,23.75,32.173832,0.0,27.25,0.121
2023-08-16 04:00:00+00:00,24.75,31.79628,0.0,27.0,0.121
2023-08-16 05:00:00+00:00,28.6,26.771496,0.0,27.9,0.121
2023-08-16 06:00:00+00:00,31.4,22.484062,0.0,29.7,0.121
2023-08-16 07:00:00+00:00,33.3,19.450228,0.0,31.9,0.121
2023-08-16 08:00:00+00:00,35.05,17.521902,0.0,34.35,0.121
2023-08-16 09:00:00+00:00,36.7,15.406184,0.0,36.8,0.121
2023-08-16 10:00:00+00:00,38.05,13.496586,0.0,39.05,0.121
2023-08-16 11:00:00+00:00,38.95,11.782432,0.0,40.75,0.121
2023-08-16 12:00:00+00:00,39.4,10.127896,0.0,41.65,0.121
2023-08-16 13:00:00+00:00,39.6,9.738245,0.0,42.0,0.121
2023-08-16 14:00:00+00:00,39.15,9.764877,0.0,41.7,0.121
2023-08-16 15:00:00+00:00,38.35,9.978762,0.0,40.65,0.121
2023-08-16 16:00:00+00:00,36.45,11.552157,0.0,39.15,0.121
2023-08-16 17:00:00+00:00,32.5,15.018768,0.0,36.85,0.121
2023-08-16 18:00:00+00:00,31.25,15.95047,0.0,34.85,0.121
2023-08-16 19:00:00+00:00,31.6,16.258371,0.0,33.65,0.121
2023-08-16 20:00:00+00:00,30.6,18.404554,0.0,32.7,0.121
2023-08-16 21:00:00+00:00,29.6,21.64443,0.0,31.85,0.121
2023-08-16 22:00:00+00:00,28.4,23.68879,0.0,31.05,0.121
2023-08-16 23:00:00+00:00,26.2,26.394484,0.0,30.0,0.121
2023-08-17 00:00:00+00:00,24.9,29.11177,0.0,29.0,0.121
2023-08-17 01:00:00+00:00,23.75,32.732944,0.0,28.1,0.121
2023-08-17 02:00:00+00:00,23.35,33.186993,0.0,27.35,0.121
2023-08-17 03:00:00+00:00,22.9,32.379173,0.0,26.75,0.121
2023-08-17 04:00:00+00:00,23.65,30.731258,0.0,26.5,0.121
2023-08-17 05:00:00+00:00,26.85,26.20661,0.0,27.35,0.121
2023-08-17 06:00:00+00:00,29.5,23.569563,0.0,29.15,0.121
2023-08-17 07:00:00+00:00,31.5,21.530933,0.0,31.6,0.121
2023-08-17 08:00:00+00:00,33.45,19.353567,0.0,34.2,0.121
2023-08-17 09:00:00+00:00,35.25,17.689018,0.0,36.85,0.121
2023-08-17 10:00:00+00:00,36.8,15.858289,0.0,39.25,0.121
2023-08-17 11:00:00+00:00,37.95,13.903159,0.0,41.15,0.121
2023-08-17 12:00:00+00:00,38.7,12.153257,0.0,42.05,0.12
2023-08-17 13:00:00+00:00,38.95,11.618253,0.0,42.35,0.12
2023-08-17 14:00:00+00:00,38.75,12.59492,0.0,41.9,0.12
2023-08-17 15:00:00+00:00,37.85,13.549431,0.0,40.9,0.12
2023-08-17 16:00:00+00:00,36.2,14.724408,0.0,39.35,0.12
2023-08-17 17:00:00+00:00,32.1,19.29228,0.0,37.2,0.12
2023-08-17 18:00:00+00:00,30.75,19.030966,0.0,35.3,0.12
2023-08-17 19:00:00+00:00,30.45,18.239773,0.0,33.8,0.12
2023-08-17 20:00:00+00:00,29.95,20.274742,0.0,32.7,0.12
2023-08-17 21:00:00+00:00,29.0,28.18528,0.0,31.8,0.12
2023-08-17 22:00:00+00:00,28.05,35.675846,0.0,31.0,0.12
2023-08-17 23:00:00+00:00,27.5,39.60829,0.0,30.3,0.12
2023-08-18 00:00:00+00:00,26.25,35.644672,0.0,28.7,0.12
2023-08-18 01:00:00+00:00,24.75,40.96783,0.0,28.0,0.12
2023-08-18 02:00:00+00:00,23.45,45.335567,0.0,27.4,0.12
2023-08-18 03:00:00+00:00,23.0,44.46364,0.0,26.9,0.12
2023-08-18 04:00:00+00:00,23.65,42.184986,0.0,26.65,0.12
2023-08-18 05:00:00+00:00,26.8,36.88827,0.0,27.45,0.12
2023-08-18 06:00:00+00:00,29.7,30.645092,0.0,29.3,0.12
2023-08-18 07:00:00+00:00,31.95,26.415941,0.0,31.75,0.12
2023-08-18 08:00:00+00:00,33.9,23.592924,0.0,34.45,0.12
2023-08-18 09:00:00+00:00,35.75,19.512602,0.0,37.1,0.12
2023-08-18 10:00:00+00:00,37.55,13.254851,0.0,39.3,0.12
2023-08-18 11:00:00+00:00,38.3,10.8233185,0.0,40.7,0.12
2023-08-18 12:00:00+00:00,38.2,11.395239,0.0,41.5,0.12
2023-08-18 13:00:00+00:00,38.75,10.525846,0.0,42.05,0.12
2023-08-18 14:00:00+00:00,38.35,11.183781,0.0,41.7,0.12
2023-08-18 15:00:00+00:00,37.55,11.888205,0.0,40.65,0.12
2023-08-18 16:00:00+00:00,35.6,13.36949,0.0,39.05,0.12
2023-08-18 17:00:00+00:00,31.25,18.238869,0.0,36.75,0.12
2023-08-18 18:00:00+00:00,29.85,19.213657,0.0,34.8,0.12
2023-08-18 19:00:00+00:00,28.95,20.238003,0.0,33.15,0.12
2023-08-18 20:00:00+00:00,29.85,18.483889,0.0,32.2,0.12
2023-08-18 21:00:00+00:00,28.35,20.662489,0.0,31.3,0.12
2023-08-18 22:00:00+00:00,27.55,22.819046,0.0,30.45,0.12
2023-08-18 23:00:00+00:00,26.4,25.90414,0.0,29.65,0.12
2023-08-19 00:00:00+00:00,24.9,32.498962,0.0,28.95,0.12
2023-08-19 01:00:00+00:00,24.05,36.604286,0.0,28.2,0.12
2023-08-19 02:00:00+00:00,23.45,40.73864,0.0,27.55,0.12
2023-08-19 03:00:00+00:00,22.9,44.584545,0.0,27.0,0.12
2023-08-19 04:00:00+00:00,23.4,44.87218,0.0,26.65,0.12
2023-08-19 05:00:00+00:00,25.4,41.423386,0.0,27.25,0.12
2023-08-19 06:00:00+00:00,27.65,37.249638,0.0,28.55,0.12
2023-08-19 07:00:00+00:00,30.2,31.609148,0.0,30.5,0.12
2023-08-19 08:00:00+00:00,32.45,26.54924,0.0,32.85,0.12
2023-08-19 09:00:00+00:00,34.2,22.969988,0.0,35.25,0.12
2023-08-19 10:00:00+00:00,35.65,19.16202,0.0,37.4,0.12
2023-08-19 11:00:00+00:00,36.8,15.164418,0.0,39.15,0.12
2023-08-19 12:00:00+00:00,36.75,16.011227,0.0,40.25,0.12
2023-08-19 13:00:00+00:00,37.35,14.265078,0.0,40.9,0.12
2023-08-19 14:00:00+00:00,37.2,13.60454,0.0,40.65,0.12
2023-08-19 15:00:00+00:00,36.55,12.823987,0.0,39.75,0.12
2023-08-19 16:00:00+00:00,34.55,12.921729,0.0,38.2,0.12
2023-08-19 17:00:00+00:00,31.9,14.210727,0.0,36.25,0.12
2023-08-19 18:00:00+00:00,30.7,16.053757,0.0,34.55,0.12
2023-08-19 19:00:00+00:00,29.2,18.853899,0.0,33.1,0.12
2023-08-19 20:00:00+00:00,28.9,21.541096,0.0,32.05,0.12
2023-08-19 21:00:00+00:00,27.8,23.943481,0.0,31.1,0.12
2023-08-19 22:00:00+00:00,26.7,28.22704,0.0,30.25,0.12
2023-08-19 23:00:00+00:00,25.75,33.07345,0.0,29.45,0.12
2023-08-20 00:00:00+00:00,24.25,33.672016,0.0,28.55,0.12
2023-08-20 01:00:00+00:00,23.4,37.67941,0.0,27.8,0.12
2023-08-20 02:00:00+00:00,22.45,42.7027,0.0,27.05,0.12
2023-08-20 03:00:00+00:00,21.35,47.866062,0.0,26.35,0.12
2023-08-20 04:00:00+00:00,21.85,48.32347,0.0,25.9,0.12
2023-08-20 05:00:00+00:00,24.85,40.723938,0.0,26.6,0.12
2023-08-20 06:00:00+00:00,27.15,34.032276,0.0,28.2,0.12
2023-08-20 07:00:00+00:00,29.0,31.277122,0.0,30.3,0.12
2023-08-20 08:00:00+00:00,30.75,27.813995,0.0,32.7,0.12
2023-08-20 09:00:00+00:00,32.3,25.04639,0.0,35.1,0.12
2023-08-20 10:00:00+00:00,33.65,22.829536,0.0,37.35,0.12
2023-08-20 11:00:00+00:00,34.8,20.28931,0.0,39.15,0.12
2023-08-20 12:00:00+00:00,35.4,16.893274,0.0,40.15,0.12
2023-08-20 13:00:00+00:00,35.35,15.91988,0.0,40.15,0.12
2023-08-20 14:00:00+00:00,34.8,14.731669,0.0,39.5,0.12
2023-08-20 15:00:00+00:00,34.8,13.252128,0.0,38.55,0.12
2023-08-20 16:00:00+00:00,33.25,14.347107,0.0,37.05,0.12
2023-08-20 17:00:00+00:00,29.55,29.106924,0.0,35.2,0.12
2023-08-20 18:00:00+00:00,27.75,31.6675,0.0,33.45,0.12
2023-08-20 19:00:00+00:00,26.25,36.367294,0.0,31.95,0.12
2023-08-20 20:00:00+00:00,25.1,39.987938,0.0,30.65,0.12
2023-08-20 21:00:00+00:00,24.1,44.620308,0.0,29.5,0.12
2023-08-20 22:00:00+00:00,23.15,51.13683,0.0,28.55,0.12
2023-08-20 23:00:00+00:00,22.25,55.078194,0.0,27.6,0.12
2023-08-21 00:00:00+00:00,21.45,60.933613,0.0,26.95,0.12
2023-08-21 01:00:00+00:00,21.1,61.650654,0.0,26.25,0.12
2023-08-21 02:00:00+00:00,20.6,62.548725,0.0,25.55,0.12
2023-08-21 03:00:00+00:00,20.15,63.062836,0.0,24.95,0.12
2023-08-21 04:00:00+00:00,20.8,59.60089,0.0,24.7,0.12
2023-08-21 05:00:00+00:00,23.05,49.6201,0.0,25.4,0.12
2023-08-21 06:00:00+00:00,25.25,40.0301,0.0,26.95,0.12
2023-08-21 07:00:00+00:00,27.1,34.361393,0.0,29.05,0.12
2023-08-21 08:00:00+00:00,28.9,29.718082,0.0,31.4,0.12
2023-08-21 09:00:00+00:00,30.55,26.042261,0.0,33.75,0.12
2023-08-21 10:00:00+00:00,31.85,23.618336,0.0,35.9,0.12
2023-08-21 11:00:00+00:00,33.0,21.61495,0.0,37.55,0.12
2023-08-21 12:00:00+00:00,32.7,21.539434,0.0,38.7,0.12
2023-08-21 13:00:00+00:00,33.25,20.114979,0.0,39.05,0.12
2023-08-21 14:00:00+00:00,33.25,19.10725,0.0,38.7,0.12
2023-08-21 15:00:00+00:00,32.75,18.597206,0.0,37.65,0.12
2023-08-21 16:00:00+00:00,31.7,18.930317,0.0,36.1,0.12
2023-08-21 17:00:00+00:00,29.15,21.15774,0.0,34.15,0.12
2023-08-21 18:00:00+00:00,28.25,21.450386,0.0,32.55,0.12
2023-08-21 19:00:00+00:00,26.9,23.13167,0.0,31.1,0.12
2023-08-21 20:00:00+00:00,26.15,31.327038,0.0,30.05,0.12
2023-08-21 21:00:00+00:00,25.2,33.030632,0.0,29.2,0.12
2023-08-21 22:00:00+00:00,24.45,32.150463,0.0,28.35,0.12
2023-08-21 23:00:00+00:00,23.8,30.880358,0.0,27.65,0.12
2023-08-22 00:00:00+00:00,22.45,30.07447,0.0,26.65,0.12
2023-08-22 01:00:00+00:00,21.6,30.04567,0.0,26.0,0.12
2023-08-22 02:00:00+00:00,20.75,30.990265,0.0,25.3,0.12
2023-08-22 03:00:00+00:00,19.95,32.444508,0.0,24.6,0.12
2023-08-22 04:00:00+00:00,20.5,31.582863,0.0,24.25,0.12
2023-08-22 05:00:00+00:00,23.35,26.730091,0.0,25.0,0.12
2023-08-22 06:00:00+00:00,25.55,24.272526,0.0,26.5,0.12
2023-08-22 07:00:00+00:00,27.45,23.276014,0.0,28.5,0.12
2023-08-22 08:00:00+00:00,29.3,21.269737,0.0,30.8,0.12
2023-08-22 09:00:00+00:00,30.85,18.335518,0.0,33.15,0.12
2023-08-22 10:00:00+00:00,32.0,16.757664,0.0,35.3,0.12
2023-08-22 11:00:00+00:00,32.85,15.364928,0.0,37.0,0.12
2023-08-22 12:00:00+00:00,32.85,17.862854,0.0,38.2,0.12
2023-08-22 13:00:00+00:00,33.15,17.995718,0.0,38.5,0.12
2023-08-22 14:00:00+00:00,32.8,17.060751,0.0,38.0,0.12
2023-08-22 15:00:00+00:00,31.75,16.818249,0.0,36.85,0.12
2023-08-22 16:00:00+00:00,30.65,18.0322,0.0,35.3,0.12
2023-08-22 17:00:00+00:00,27.9,21.892406,0.0,33.3,0.12
2023-08-22 18:00:00+00:00,26.3,24.730946,0.0,31.5,0.12
2023-08-22 19:00:00+00:00,25.5,26.021608,0.0,30.05,0.12
2023-08-22 20:00:00+00:00,24.55,27.441736,0.0,28.9,0.12
2023-08-22 21:00:00+00:00,24.25,29.849321,0.0,28.0,0.12
2023-08-22 22:00:00+00:00,23.95,31.679703,0.0,27.3,0.12
2023-08-22 23:00:00+00:00,23.45,30.888739,0.0,26.7,0.12
2023-08-23 00:00:00+00:00,21.75,34.605145,0.0,25.8,0.12
2023-08-23 01:00:00+00:00,21.4,38.276085,0.0,25.25,0.12
2023-08-23 02:00:00+00:00,21.05,41.169197,0.0,24.75,0.12
2023-08-23 03:00:00+00:00,20.25,43.249023,0.0,24.25,0.12
2023-08-23 04:00:00+00:00,20.7,42.208897,0.0,23.95,0.12
2023-08-23 05:00:00+00:00,23.35,37.030426,0.0,24.7,0.12
2023-08-23 06:00:00+00:00,25.2,33.030632,0.0,26.35,0.12
2023-08-23 07:00:00+00:00,27.1,28.531542,0.0,28.6,0.12
2023-08-23 08:00:00+00:00,29.1,24.203451,0.0,31.15,0.12
2023-08-23 09:00:00+00:00,30.75,20.976145,0.0,33.6,0.12
2023-08-23 10:00:00+00:00,31.9,19.177128,0.0,35.85,0.12
2023-08-23 11:00:00+00:00,32.75,17.654156,0.0,37.6,0.12
2023-08-23 12:00:00+00:00,32.3,17.004723,0.0,38.7,0.12
2023-08-23 13:00:00+00:00,33.2,15.606399,0.0,39.2,0.12
2023-08-23 14:00:00+00:00,33.25,14.707834,0.0,38.8,0.12
2023-08-23 15:00:00+00:00,32.25,15.2323065,0.0,37.6,0.12
2023-08-23 16:00:00+00:00,30.6,17.273008,0.0,35.85,0.12
2023-08-23 17:00:00+00:00,28.2,19.76905,0.0,33.75,0.12
2023-08-23 18:00:00+00:00,25.9,23.031363,0.0,31.9,0.12
2023-08-23 19:00:00+00:00,25.1,24.323399,0.0,30.35,0.12
2023-08-23 20:00:00+00:00,25.05,25.899223,0.0,29.2,0.12
2023-08-23 21:00:00+00:00,24.8,27.129353,0.0,28.35,0.12
2023-08-23 22:00:00+00:00,24.35,29.981009,0.0,27.6,0.12
2023-08-23 23:00:00+00:00,23.5,32.66203,0.0,26.95,0.12
2023-08-24 00:00:00+00:00,21.25,38.233128,0.0,25.35,0.12
2023-08-24 01:00:00+00:00,20.45,41.994034,0.0,24.75,0.12
2023-08-24 02:00:00+00:00,19.6,46.27146,0.0,24.2,0.12
2023-08-24 03:00:00+00:00,18.7,47.460796,0.0,23.65,0.12
2023-08-24 04:00:00+00:00,19.15,43.98441,0.0,23.35,0.12
2023-08-24 05:00:00+00:00,22.75,33.245663,0.0,24.1,0.12
2023-08-24 06:00:00+00:00,26.05,22.269474,0.0,26.05,0.12
2023-08-24 07:00:00+00:00,28.05,19.043402,0.0,28.55,0.12
2023-08-24 08:00:00+00:00,29.9,17.231382,0.0,31.3,0.12
2023-08-24 09:00:00+00:00,31.6,16.783651,0.0,33.95,0.12
2023-08-24 10:00:00+00:00,33.0,16.81104,0.0,36.15,0.12
2023-08-24 11:00:00+00:00,33.8,16.2431,0.0,37.55,0.12
2023-08-24 12:00:00+00:00,33.55,17.414597,0.0,37.9,0.12
2023-08-24 13:00:00+00:00,33.4,17.199554,0.0,37.9,0.12
2023-08-24 14:00:00+00:00,33.15,16.963428,0.0,37.45,0.12
2023-08-24 15:00:00+00:00,32.55,17.062561,0.0,36.45,0.12
2023-08-24 16:00:00+00:00,31.25,18.302822,0.0,35.0,0.12
2023-08-24 17:00:00+00:00,27.7,23.018324,0.0,33.1,0.12
2023-08-24 18:00:00+00:00,25.85,25.398018,0.0,31.3,0.12
2023-08-24 19:00:00+00:00,25.85,25.04525,0.0,29.9,0.12
2023-08-24 20:00:00+00:00,25.05,28.063213,0.0,28.8,0.12
2023-08-24 21:00:00+00:00,24.15,32.0657,0.0,27.9,0.12
2023-08-24 22:00:00+00:00,23.4,38.194096,0.0,27.1,0.12
2023-08-24 23:00:00+00:00,22.8,42.51433,0.0,26.45,0.12
2023-08-25 00:00:00+00:00,22.15,46.50692,0.0,26.0,0.12
2023-08-25 01:00:00+00:00,21.6,50.558907,0.0,25.45,0.12
2023-08-25 02:00:00+00:00,20.85,54.723366,0.0,24.9,0.12
2023-08-25 03:00:00+00:00,20.15,58.281834,0.0,24.35,0.12
2023-08-25 04:00:00+00:00,20.4,58.15065,0.0,24.05,0.12
2023-08-25 05:00:00+00:00,22.3,53.84208,0.0,24.65,0.12
2023-08-25 06:00:00+00:00,24.25,49.45257,0.0,26.0,0.12
2023-08-25 07:00:00+00:00,26.5,41.730034,0.0,28.05,0.12
2023-08-25 08:00:00+00:00,28.55,35.346596,0.0,30.5,0.12
2023-08-25 09:00:00+00:00,30.3,30.003202,0.0,32.95,0.12
2023-08-25 10:00:00+00:00,31.8,24.581593,0.0,35.2,0.12
2023-08-25 11:00:00+00:00,32.9,20.867523,0.0,37.0,0.12
2023-08-25 12:00:00+00:00,32.85,17.739164,0.0,37.85,0.12
2023-08-25 13:00:00+00:00,33.55,15.357094,0.0,38.4,0.12
2023-08-25 14:00:00+00:00,33.4,14.1764555,0.0,38.05,0.12
2023-08-25 15:00:00+00:00,32.3,14.658357,0.0,36.85,0.12
2023-08-25 16:00:00+00:00,30.6,17.457212,0.0,35.2,0.12
2023-08-25 17:00:00+00:00,28.35,22.55207,0.0,33.25,0.12
2023-08-25 18:00:00+00:00,26.9,29.972176,0.0,31.65,0.12
2023-08-25 19:00:00+00:00,25.95,31.592186,0.0,30.3,0.12
2023-08-25 20:00:00+00:00,24.85,32.48484,0.0,29.1,0.12
2023-08-25 21:00:00+00:00,24.1,33.171787,0.0,28.15,0.12
2023-08-25 22:00:00+00:00,23.45,34.376793,0.0,27.3,0.12
2023-08-25 23:00:00+00:00,22.7,37.994854,0.0,26.6,0.12
2023-08-26 00:00:00+00:00,20.95,43.005592,0.0,25.75,0.12
2023-08-26 01:00:00+00:00,20.3,45.221806,0.0,25.05,0.12
2023-08-26 02:00:00+00:00,19.45,47.505966,0.0,24.4,0.12
2023-08-26 03:00:00+00:00,18.65,49.597664,0.0,23.7,0.12
2023-08-26 04:00:00+00:00,19.25,47.45082,0.0,23.3,0.12
2023-08-26 05:00:00+00:00,21.2,40.375683,0.0,23.9,0.12
2023-08-26 06:00:00+00:00,23.2,32.46439,0.0,25.3,0.12
2023-08-26 07:00:00+00:00,25.55,25.67388,0.0,27.2,0.12
2023-08-26 08:00:00+00:00,27.95,20.853767,0.0,29.5,0.12
2023-08-26 09:00:00+00:00,29.75,18.788242,0.0,31.95,0.12
2023-08-26 10:00:00+00:00,31.05,17.563063,0.0,34.15,0.12
2023-08-26 11:00:00+00:00,31.95,16.57017,0.0,35.95,0.12
2023-08-26 12:00:00+00:00,31.7,16.86603,0.0,37.0,0.12
2023-08-26 13:00:00+00:00,32.05,16.476606,0.0,37.4,0.12
2023-08-26 14:00:00+00:00,31.8,16.24638,0.0,36.95,0.12
2023-08-26 15:00:00+00:00,30.9,16.388,0.0,35.85,0.12
2023-08-26 16:00:00+00:00,29.55,17.395485,0.0,34.25,0.12
2023-08-26 17:00:00+00:00,27.5,20.160326,0.0,32.35,0.12
2023-08-26 18:00:00+00:00,26.1,22.361511,0.0,30.75,0.12
2023-08-26 19:00:00+00:00,25.2,22.84719,0.0,29.4,0.12
2023-08-26 20:00:00+00:00,24.8,21.631937,0.0,28.3,0.12
2023-08-26 21:00:00+00:00,24.1,22.719967,0.0,27.4,0.12
2023-08-26 22:00:00+00:00,23.55,27.165583,0.0,26.7,0.12
2023-08-26 23:00:00+00:00,22.45,33.973988,0.0,26.05,0.12
2023-08-27 00:00:00+00:00,20.7,37.552242,0.0,25.3,0.12
2023-08-27 01:00:00+00:00,19.9,41.550842,0.0,24.6,0.12
2023-08-27 02:00:00+00:00,19.15,44.74599,0.0,23.9,0.12
2023-08-27 03:00:00+00:00,18.6,48.580868,0.0,23.3,0.12
2023-08-27 04:00:00+00:00,19.0,49.52428,0.0,22.9,0.12
2023-08-27 05:00:00+00:00,21.3,45.347122,0.0,23.55,0.12
2023-08-27 06:00:00+00:00,23.4,39.109734,0.0,25.05,0.12
2023-08-27 07:00:00+00:00,25.75,31.968756,0.0,27.15,0.12
2023-08-27 08:00:00+00:00,27.9,26.58198,0.0,29.6,0.12
2023-08-27 09:00:00+00:00,29.6,23.35363,0.0,32.15,0.12
2023-08-27 10:00:00+00:00,30.95,20.453007,0.0,34.3,0.12
2023-08-27 11:00:00+00:00,31.85,17.81364,0.0,35.9,0.12
2023-08-27 12:00:00+00:00,31.85,17.200296,0.0,36.8,0.12
2023-08-27 13:00:00+00:00,32.35,15.308611,0.0,37.2,0.12
2023-08-27 14:00:00+00:00,32.2,14.846894,0.0,36.85,0.12
2023-08-27 15:00:00+00:00,31.55,14.495756,0.0,35.85,0.12
2023-08-27 16:00:00+00:00,29.75,14.735614,0.0,34.2,0.12
2023-08-27 17:00:00+00:00,26.2,17.735155,0.0,32.0,0.12
2023-08-27 18:00:00+00:00,25.8,17.703472,0.0,30.25,0.12
2023-08-27 19:00:00+00:00,24.6,18.807709,0.0,28.9,0.12
2023-08-27 20:00:00+00:00,23.85,20.328114,0.0,27.8,0.12
2023-08-27 21:00:00+00:00,23.3,22.266703,0.0,26.9,0.12
2023-08-27 22:00:00+00:00,22.75,26.18967,0.0,26.15,0.12
2023-08-27 23:00:00+00:00,22.1,33.873993,0.0,25.5,0.12
2023-08-28 00:00:00+00:00,21.1,34.538937,0.0,25.4,0.12
2023-08-28 01:00:00+00:00,20.7,40.789078,0.0,24.75,0.12
2023-08-28 02:00:00+00:00,19.55,47.695175,0.0,24.05,0.12
2023-08-28 03:00:00+00:00,18.8,53.653297,0.0,23.4,0.12
2023-08-28 04:00:00+00:00,19.15,58.814674,0.0,23.05,0.12
2023-08-28 05:00:00+00:00,21.2,58.727947,0.0,23.7,0.12
2023-08-28 06:00:00+00:00,23.2,53.19758,0.0,25.25,0.12
2023-08-28 07:00:00+00:00,25.2,45.0711,0.0,27.3,0.12
2023-08-28 08:00:00+00:00,27.05,36.109356,0.0,29.6,0.12
2023-08-28 09:00:00+00:00,28.75,28.500013,0.0,31.85,0.12
2023-08-28 10:00:00+00:00,29.95,25.274055,0.0,33.75,0.12
2023-08-28 11:00:00+00:00,30.7,24.210506,0.0,35.1,0.12
2023-08-28 12:00:00+00:00,31.35,20.270657,0.0,35.95,0.12
2023-08-28 13:00:00+00:00,31.2,19.955132,0.0,35.8,0.12
2023-08-28 14:00:00+00:00,31.25,19.488388,0.0,35.2,0.12
2023-08-28 15:00:00+00:00,30.3,19.188875,0.0,34.3,0.12
2023-08-28 16:00:00+00:00,28.5,23.633165,0.0,32.85,0.12
2023-08-28 17:00:00+00:00,25.65,29.32048,0.0,31.05,0.12
2023-08-28 18:00:00+00:00,24.75,38.966446,0.0,29.55,0.12
2023-08-28 19:00:00+00:00,23.6,44.33431,0.0,28.35,0.12
2023-08-28 20:00:00+00:00,22.5,47.385124,0.0,27.3,0.12
2023-08-28 21:00:00+00:00,21.5,49.5333,0.0,26.3,0.12
2023-08-28 22:00:00+00:00,20.75,49.662903,0.0,25.45,0.12
2023-08-28 23:00:00+00:00,20.1,48.333485,0.0,24.7,0.12
2023-08-29 00:00:00+00:00,19.2,52.684387,0.0,24.15,0.12
2023-08-29 01:00:00+00:00,18.55,53.227818,0.0,23.45,0.12
2023-08-29 02:00:00+00:00,17.85,53.768837,0.0,22.8,0.12
2023-08-29 03:00:00+00:00,17.0,55.968914,0.0,22.15,0.12
2023-08-29 04:00:00+00:00,17.6,54.06946,0.0,21.75,0.12
2023-08-29 05:00:00+00:00,20.4,44.03555,0.0,22.5,0.12
2023-08-29 06:00:00+00:00,22.5,35.30286,0.0,24.25,0.12
2023-08-29 07:00:00+00:00,24.35,30.609715,0.0,26.55,0.12
2023-08-29 08:00:00+00:00,26.05,27.283443,0.0,29.1,0.12
2023-08-29 09:00:00+00:00,27.65,24.406958,0.0,31.6,0.12
2023-08-29 10:00:00+00:00,29.05,22.111351,0.0,33.8,0.12
2023-08-29 11:00:00+00:00,30.15,20.183434,0.0,35.45,0.12
2023-08-29 12:00:00+00:00,30.1,20.454079,0.0,36.4,0.12
2023-08-29 13:00:00+00:00,30.9,19.134075,0.0,37.05,0.12
2023-08-29 14:00:00+00:00,30.85,19.055254,0.0,36.8,0.12
2023-08-29 15:00:00+00:00,30.25,19.31147,0.0,35.65,0.12
2023-08-29 16:00:00+00:00,28.55,20.280462,0.0,33.85,0.12
2023-08-29 17:00:00+00:00,25.25,24.535881,0.0,31.65,0.12
2023-08-29 18:00:00+00:00,26.15,22.533365,0.0,29.7,0.12
2023-08-29 19:00:00+00:00,26.35,21.493687,0.0,28.1,0.12
2023-08-29 20:00:00+00:00,22.7,27.02618,0.0,26.75,0.12
2023-08-29 21:00:00+00:00,21.75,28.941246,0.0,25.7,0.12
2023-08-29 22:00:00+00:00,20.65,31.962479,0.0,24.8,0.12
2023-08-29 23:00:00+00:00,20.2,33.446747,0.0,23.95,0.12
2023-08-30 00:00:00+00:00,20.2,38.19577,0.0,22.4,0.12
2023-08-30 01:00:00+00:00,19.85,40.267235,0.0,21.9,0.12
2023-08-30 02:00:00+00:00,18.35,44.67442,0.0,21.4,0.12
2023-08-30 03:00:00+00:00,18.5,43.49875,0.0,21.15,0.12
2023-08-30 04:00:00+00:00,18.45,43.937847,0.0,21.1,0.12
2023-08-30 05:00:00+00:00,22.4,35.518063,0.0,22.05,0.12
2023-08-30 06:00:00+00:00,25.7,29.334383,0.0,24.2,0.12
2023-08-30 07:00:00+00:00,28.0,25.535255,0.0,26.65,0.12
2023-08-30 08:00:00+00:00,29.7,22.278414,0.0,29.1,0.12
2023-08-30 09:00:00+00:00,31.0,20.394747,0.0,31.45,0.12
2023-08-30 10:00:00+00:00,32.15,18.711916,0.0,33.65,0.12
2023-08-30 11:00:00+00:00,33.0,16.752394,0.0,35.4,0.12
2023-08-30 12:00:00+00:00,33.6,14.679607,0.0,36.3,0.12
2023-08-30 13:00:00+00:00,33.9,13.88364,0.0,36.9,0.12
2023-08-30 14:00:00+00:00,33.75,13.852059,0.0,36.7,0.12
2023-08-30 15:00:00+00:00,33.1,14.937644,0.0,35.75,0.12
2023-08-30 16:00:00+00:00,30.7,17.79176,0.0,34.15,0.12
2023-08-30 17:00:00+00:00,27.25,21.878767,0.0,32.0,0.12
2023-08-30 18:00:00+00:00,27.15,21.395266,0.0,30.35,0.12
2023-08-30 19:00:00+00:00,26.1,22.440783,0.0,29.05,0.12
2023-08-30 20:00:00+00:00,24.9,24.013647,0.0,27.95,0.12
2023-08-30 21:00:00+00:00,27.45,21.700138,0.0,26.75,0.12
2023-08-30 22:00:00+00:00,27.4,22.620909,0.0,25.75,0.12
2023-08-30 23:00:00+00:00,26.15,24.604523,0.0,24.8,0.12
2023-08-31 00:00:00+00:00,21.8,34.26102,0.0,23.4,0.12
2023-08-31 01:00:00+00:00,21.7,34.351498,0.0,22.75,0.12
2023-08-31 02:00:00+00:00,20.5,37.10653,0.0,22.2,0.12
2023-08-31 03:00:00+00:00,21.1,35.39077,0.0,21.65,0.12
2023-08-31 04:00:00+00:00,21.05,35.376415,0.0,21.45,0.12
2023-08-31 05:00:00+00:00,23.15,32.114883,0.0,22.55,0.12
2023-08-31 06:00:00+00:00,25.4,35.64412,0.0,24.55,0.12
2023-08-31 07:00:00+00:00,27.2,36.27175,0.0,26.95,0.12
2023-08-31 08:00:00+00:00,29.2,32.824467,0.0,29.6,0.12
2023-08-31 09:00:00+00:00,30.95,28.148455,0.0,32.15,0.12
2023-08-31 10:00:00+00:00,32.3,23.18071,0.0,34.35,0.12
2023-08-31 11:00:00+00:00,33.2,19.89753,0.0,36.0,0.12
2023-08-31 12:00:00+00:00,33.6,17.977348,0.0,36.8,0.12
2023-08-31 13:00:00+00:00,33.8,16.413937,0.0,37.3,0.12
2023-08-31 14:00:00+00:00,33.8,16.017761,0.0,37.15,0.12
2023-08-31 15:00:00+00:00,33.0,16.346918,0.0,36.1,0.12
2023-08-31 16:00:00+00:00,30.7,18.623486,0.0,34.45,0.12
2023-08-31 17:00:00+00:00,28.7,21.117544,0.0,32.3,0.12
2023-08-31 18:00:00+00:00,26.85,23.609705,0.0,30.65,0.12
2023-08-31 19:00:00+00:00,26.05,29.33087,0.0,29.15,0.12
2023-08-31 20:00:00+00:00,23.45,58.31842,0.0,28.1,0.12
2023-08-31 21:00:00+00:00,23.05,59.74477,0.0,27.15,0.12
2023-08-31 22:00:00+00:00,22.45,60.967396,0.0,26.4,0.12
2023-08-31 23:00:00+00:00,21.6,63.59104,0.0,25.65,0.12
2023-09-01 00:00:00+00:00,20.6,70.05924,0.0,25.4,0.12
2023-09-01 01:00:00+00:00,20.35,69.78599,0.0,24.7,0.12
2023-09-01 02:00:00+00:00,20.0,69.94423,0.0,24.1,0.12
2023-09-01 03:00:00+00:00,19.0,73.71015,0.0,23.5,0.12
2023-09-01 04:00:00+00:00,19.8,69.45435,0.0,23.1,0.12
2023-09-01 05:00:00+00:00,22.0,58.53766,0.0,23.8,0.12
2023-09-01 06:00:00+00:00,24.25,48.174816,0.0,25.4,0.12
2023-09-01 07:00:00+00:00,26.25,38.48535,0.0,27.5,0.12
2023-09-01 08:00:00+00:00,28.15,32.96931,0.0,29.9,0.12
2023-09-01 09:00:00+00:00,29.75,28.967018,0.0,32.2,0.12
2023-09-01 10:00:00+00:00,30.85,25.772728,0.0,34.05,0.12
2023-09-01 11:00:00+00:00,31.5,23.210094,0.0,35.4,0.12
2023-09-01 12:00:00+00:00,31.85,21.252592,0.0,36.2,0.12
2023-09-01 13:00:00+00:00,31.85,19.635166,0.0,36.35,0.12
2023-09-01 14:00:00+00:00,31.35,18.584642,0.0,35.8,0.12
2023-09-01 15:00:00+00:00,30.45,17.85819,0.0,34.75,0.12
2023-09-01 16:00:00+00:00,29.6,18.48888,0.0,33.3,0.12
2023-09-01 17:00:00+00:00,26.3,37.61448,0.0,31.55,0.12
2023-09-01 18:00:00+00:00,24.65,48.757675,0.0,30.1,0.12
2023-09-01 19:00:00+00:00,23.35,52.37474,0.0,28.75,0.12
2023-09-01 20:00:00+00:00,22.5,54.603287,0.0,27.65,0.12
2023-09-01 21:00:00+00:00,21.9,56.82042,0.0,26.7,0.12
2023-09-01 22:00:00+00:00,21.35,58.956345,0.0,25.9,0.12
2023-09-01 23:00:00+00:00,20.8,60.38643,0.0,25.2,0.12
2023-09-02 00:00:00+00:00,20.4,58.15065,0.0,24.9,0.12
2023-09-02 01:00:00+00:00,20.1,58.655582,0.0,24.3,0.12
2023-09-02 02:00:00+00:00,19.65,60.91388,0.0,23.75,0.12
2023-09-02 03:00:00+00:00,19.2,64.10218,0.0,23.25,0.12
2023-09-02 04:00:00+00:00,19.45,64.36796,0.0,22.95,0.12
2023-09-02 05:00:00+00:00,21.1,57.749596,0.0,23.45,0.12
2023-09-02 06:00:00+00:00,23.1,50.290966,0.0,24.75,0.12
2023-09-02 07:00:00+00:00,25.0,44.427834,0.0,26.6,0.12
2023-09-02 08:00:00+00:00,26.9,39.052547,0.0,28.75,0.12
2023-09-02 09:00:00+00:00,28.6,34.66694,0.0,30.95,0.12
2023-09-02 10:00:00+00:00,29.6,31.757948,0.0,32.9,0.12
2023-09-02 11:00:00+00:00,30.65,28.444592,0.0,34.2,0.12
2023-09-02 12:00:00+00:00,30.6,21.377186,0.0,34.9,0.12
2023-09-02 13:00:00+00:00,30.25,23.203049,0.0,34.55,0.12
2023-09-02 14:00:00+00:00,30.5,22.330084,0.0,34.0,0.12
2023-09-02 15:00:00+00:00,29.45,22.679995,0.0,32.95,0.12
2023-09-02 16:00:00+00:00,28.5,24.379374,0.0,31.7,0.12
2023-09-02 17:00:00+00:00,26.9,27.233892,0.0,30.35,0.12
2023-09-02 18:00:00+00:00,25.35,35.629967,0.0,29.15,0.12
2023-09-02 19:00:00+00:00,23.55,48.144318,0.0,28.15,0.12
2023-09-02 20:00:00+00:00,21.3,61.496204,0.1,26.8,0.121
2023-09-02 21:00:00+00:00,20.3,68.215935,0.0,25.8,0.121
2023-09-02 22:00:00+00:00,20.1,68.61888,0.5,25.0,0.127
2023-09-02 23:00:00+00:00,18.95,80.65608,7.8,23.6,0.235
2023-09-03 00:00:00+00:00,18.95,82.21929,0.0,23.1,0.198
2023-09-03 01:00:00+00:00,18.45,83.21751,0.3,22.05,0.202
2023-09-03 02:00:00+00:00,18.2,82.390564,0.1,21.3,0.202
2023-09-03 03:00:00+00:00,18.2,82.390564,0.2,20.8,0.204
2023-09-03 04:00:00+00:00,17.75,89.78303,3.2,20.45,0.248
2023-09-03 05:00:00+00:00,17.8,87.80177,1.3,20.25,0.265
2023-09-03 06:00:00+00:00,17.7,87.79296,1.6,20.15,0.285
2023-09-03 07:00:00+00:00,17.85,87.525856,0.8,20.15,0.294
2023-09-03 08:00:00+00:00,18.5,87.02817,0.9,20.6,0.301
2023-09-03 09:00:00+00:00,19.35,85.19634,0.9,21.15,0.308
2023-09-03 10:00:00+00:00,20.5,79.08696,0.7,21.85,0.312
2023-09-03 11:00:00+00:00,21.0,74.0534,0.4,22.5,0.312
2023-09-03 12:00:00+00:00,22.35,63.756004,1.9,23.8,0.309
2023-09-03 13:00:00+00:00,22.9,60.874893,0.0,24.8,0.306
2023-09-03 14:00:00+00:00,21.75,64.86692,0.1,24.95,0.304
2023-09-03 15:00:00+00:00,19.2,79.66337,7.0,23.95,0.394
2023-09-03 16:00:00+00:00,18.15,87.8325,3.9,22.3,0.399
2023-09-03 17:00:00+00:00,18.0,88.66413,0.9,21.2,0.39
2023-09-03 18:00:00+00:00,18.0,89.51606,0.2,20.45,0.378
2023-09-03 19:00:00+00:00,17.45,92.67192,0.1,19.95,0.369
2023-09-03 20:00:00+00:00,16.95,94.13657,0.0,19.65,0.362
2023-09-03 21:00:00+00:00,16.3,95.0175,0.0,19.3,0.356
2023-09-03 22:00:00+00:00,16.45,92.9151,0.0,19.05,0.35
2023-09-03 23:00:00+00:00,16.15,91.415665,0.0,18.75,0.346
2023-09-04 00:00:00+00:00,16.3,86.82153,0.0,19.65,0.312
2023-09-04 01:00:00+00:00,16.3,86.82153,0.0,19.2,0.31
2023-09-04 02:00:00+00:00,16.1,88.220604,0.0,18.95,0.308
2023-09-04 03:00:00+00:00,16.1,88.79356,0.0,18.75,0.306
2023-09-04 04:00:00+00:00,16.3,88.5234,0.1,18.7,0.305
2023-09-04 05:00:00+00:00,17.1,84.41145,0.1,19.05,0.303
2023-09-04 06:00:00+00:00,17.7,80.74921,0.0,19.45,0.302
2023-09-04 07:00:00+00:00,19.8,69.229614,0.1,21.0,0.3
2023-09-04 08:00:00+00:00,20.6,64.19987,0.1,22.15,0.298
2023-09-04 09:00:00+00:00,19.75,69.219795,0.3,22.4,0.298
2023-09-04 10:00:00+00:00,21.1,63.68677,0.3,23.0,0.298
2023-09-04 11:00:00+00:00,21.75,61.201244,0.1,24.15,0.295
2023-09-04 12:00:00+00:00,21.55,65.03327,0.1,24.55,0.299
2023-09-04 13:00:00+00:00,22.3,61.12997,0.1,25.2,0.297
2023-09-04 14:00:00+00:00,22.2,58.967525,0.0,25.05,0.295
2023-09-04 15:00:00+00:00,22.05,57.41666,0.0,24.7,0.293
2023-09-04 16:00:00+00:00,20.85,64.046265,0.0,23.8,0.292
2023-09-04 17:00:00+00:00,19.65,68.97594,0.0,22.7,0.291
2023-09-04 18:00:00+00:00,18.95,72.752335,0.0,21.9,0.289
2023-09-04 19:00:00+00:00,18.05,75.9777,0.0,21.15,0.288
2023-09-04 20:00:00+00:00,17.55,77.3946,0.0,20.55,0.287
2023-09-04 21:00:00+00:00,17.2,78.61133,0.0,20.05,0.286
2023-09-04 22:00:00+00:00,16.9,80.11898,0.0,19.65,0.285
2023-09-04 23:00:00+00:00,16.25,83.49804,0.0,19.25,0.284
2023-09-05 00:00:00+00:00,15.2,88.14317,0.0,19.6,0.278
2023-09-05 01:00:00+00:00,15.25,87.5745,0.0,19.1,0.278
2023-09-05 02:00:00+00:00,14.95,89.8639,0.0,18.65,0.277
2023-09-05 03:00:00+00:00,14.75,92.52318,0.2,18.2,0.277
2023-09-05 04:00:00+00:00,15.35,91.06878,0.2,17.9,0.278
2023-09-05 05:00:00+00:00,17.65,82.057556,0.0,18.35,0.277
2023-09-05 06:00:00+00:00,20.25,67.54643,0.0,19.75,0.276
2023-09-05 07:00:00+00:00,22.5,59.80839,0.0,21.65,0.274
2023-09-05 08:00:00+00:00,24.45,53.517704,0.0,23.8,0.272
2023-09-05 09:00:00+00:00,25.8,47.49987,0.2,25.5,0.271
2023-09-05 10:00:00+00:00,26.75,42.627945,0.0,26.95,0.269
2023-09-05 11:00:00+00:00,27.65,37.99347,0.0,28.2,0.266
2023-09-05 12:00:00+00:00,27.0,41.05489,0.0,28.5,0.268
2023-09-05 13:00:00+00:00,27.85,37.30566,0.0,29.0,0.265
2023-09-05 14:00:00+00:00,27.7,36.41209,0.0,28.95,0.263
2023-09-05 15:00:00+00:00,27.1,37.964577,0.0,28.15,0.262
2023-09-05 16:00:00+00:00,24.95,46.04863,0.0,26.85,0.261
2023-09-05 17:00:00+00:00,22.75,55.56499,0.0,25.5,0.26
2023-09-05 18:00:00+00:00,21.8,59.643295,0.0,24.25,0.259
2023-09-05 19:00:00+00:00,21.5,60.55012,0.0,23.35,0.259
2023-09-05 20:00:00+00:00,21.0,62.030476,0.0,22.7,0.258
2023-09-05 21:00:00+00:00,20.5,63.34732,0.0,22.15,0.258
2023-09-05 22:00:00+00:00,19.6,66.757774,0.0,21.6,0.257
2023-09-05 23:00:00+00:00,18.95,69.96914,0.0,21.1,0.257
2023-09-06 00:00:00+00:00,18.3,77.50923,0.0,21.55,0.25
2023-09-06 01:00:00+00:00,18.2,79.01185,0.0,21.05,0.25
2023-09-06 02:00:00+00:00,17.8,82.07632,0.0,20.6,0.249
2023-09-06 03:00:00+00:00,17.3,85.5291,0.0,20.2,0.249
2023-09-06 04:00:00+00:00,17.6,84.738785,0.0,20.0,0.248
2023-09-06 05:00:00+00:00,19.4,77.179115,0.0,20.5,0.248
2023-09-06 06:00:00+00:00,21.55,67.59262,0.0,21.85,0.247
2023-09-06 07:00:00+00:00,23.6,57.97992,0.0,23.65,0.246
2023-09-06 08:00:00+00:00,25.5,50.269444,0.0,25.75,0.244
2023-09-06 09:00:00+00:00,27.2,44.307713,0.0,27.85,0.242
2023-09-06 10:00:00+00:00,28.7,37.789715,0.0,29.7,0.239
2023-09-06 11:00:00+00:00,29.5,34.349133,0.0,30.95,0.236
2023-09-06 12:00:00+00:00,30.2,31.090487,0.0,31.85,0.231
2023-09-06 13:00:00+00:00,30.7,29.226614,0.0,32.15,0.229
2023-09-06 14:00:00+00:00,30.45,28.772022,0.0,31.85,0.227
2023-09-06 15:00:00+00:00,29.6,29.810936,0.0,30.9,0.226
2023-09-06 16:00:00+00:00,27.45,35.863075,0.0,29.3,0.226
2023-09-06 17:00:00+00:00,23.9,45.761192,0.0,27.5,0.226
2023-09-06 18:00:00+00:00,23.8,52.150642,0.0,26.3,0.225
2023-09-06 19:00:00+00:00,22.95,58.95541,0.0,25.4,0.225
2023-09-06 20:00:00+00:00,22.25,60.72453,0.0,24.65,0.225
2023-09-06 21:00:00+00:00,21.65,62.37979,0.0,24.05,0.224
2023-09-06 22:00:00+00:00,21.2,64.12289,0.0,23.55,0.224
2023-09-06 23:00:00+00:00,20.65,66.758896,0.0,23.1,0.224
2023-09-07 00:00:00+00:00,20.15,70.6538,0.0,23.7,0.215
2023-09-07 01:00:00+00:00,19.8,73.13862,0.0,23.05,0.214
2023-09-07 02:00:00+00:00,19.2,76.16208,0.0,22.5,0.214
2023-09-07 03:00:00+00:00,18.55,79.82911,0.0,21.95,0.214
2023-09-07 04:00:00+00:00,18.4,81.363556,0.0,21.55,0.214
2023-09-07 05:00:00+00:00,20.2,73.44413,0.0,22.0,0.213
2023-09-07 06:00:00+00:00,22.3,63.133003,0.0,23.3,0.213
2023-09-07 07:00:00+00:00,23.9,56.213135,0.0,25.1,0.212
2023-09-07 08:00:00+00:00,25.6,50.621502,0.0,27.1,0.211
2023-09-07 09:00:00+00:00,27.15,44.150585,0.0,29.0,0.209
2023-09-07 10:00:00+00:00,27.85,41.156784,0.1,30.2,0.208
2023-09-07 11:00:00+00:00,28.7,39.68361,0.1,31.2,0.207
2023-09-07 12:00:00+00:00,29.65,34.390903,0.0,32.4,0.201
2023-09-07 13:00:00+00:00,29.6,33.594128,0.0,32.55,0.199
2023-09-07 14:00:00+00:00,29.15,34.47818,0.0,32.05,0.198
2023-09-07 15:00:00+00:00,28.2,36.67275,0.0,31.0,0.197
2023-09-07 16:00:00+00:00,26.45,41.579395,0.0,29.6,0.197
2023-09-07 17:00:00+00:00,24.8,45.70651,0.0,28.1,0.197
2023-09-07 18:00:00+00:00,23.85,48.225243,0.0,26.9,0.196
2023-09-07 19:00:00+00:00,22.8,52.231804,0.0,25.85,0.196
2023-09-07 20:00:00+00:00,22.3,53.66574,0.0,25.05,0.196
2023-09-07 21:00:00+00:00,21.55,57.482014,0.0,24.45,0.196
2023-09-07 22:00:00+00:00,20.7,59.382072,0.0,23.9,0.196
2023-09-07 23:00:00+00:00,19.75,62.356094,0.0,23.35,0.195
2023-09-08 00:00:00+00:00,18.75,67.23886,0.0,23.8,0.191
2023-09-08 01:00:00+00:00,18.3,71.460754,0.0,23.05,0.191
2023-09-08 02:00:00+00:00,17.65,76.40917,0.1,22.3,0.191
2023-09-08 03:00:00+00:00,17.25,80.4277,0.1,21.55,0.192
2023-09-08 04:00:00+00:00,17.35,80.964455,0.9,21.05,0.203
2023-09-08 05:00:00+00:00,18.0,80.26946,0.6,20.8,0.211
2023-09-08 06:00:00+00:00,19.45,71.21049,0.0,21.7,0.211
2023-09-08 07:00:00+00:00,21.4,59.354588,0.0,23.45,0.21
2023-09-08 08:00:00+00:00,23.45,49.726776,0.0,25.5,0.209
2023-09-08 09:00:00+00:00,25.15,44.17764,0.0,27.6,0.208
2023-09-08 10:00:00+00:00,26.1,42.587402,0.0,29.15,0.206
2023-09-08 11:00:00+00:00,26.95,41.04097,0.0,30.55,0.204
2023-09-08 12:00:00+00:00,23.85,52.333683,0.0,31.55,0.185
2023-09-08 13:00:00+00:00,25.75,43.76548,0.0,31.4,0.184
2023-09-08 14:00:00+00:00,25.35,43.225906,0.0,30.75,0.183
2023-09-08 15:00:00+00:00,24.2,47.533382,0.0,29.55,0.183
2023-09-08 16:00:00+00:00,22.85,52.588383,0.0,28.05,0.183
2023-09-08 17:00:00+00:00,21.45,59.173096,0.0,26.6,0.182
2023-09-08 18:00:00+00:00,20.4,65.20836,0.0,25.4,0.182
2023-09-08 19:00:00+00:00,19.8,68.33702,0.0,24.4,0.182
2023-09-08 20:00:00+00:00,19.35,68.24672,0.0,23.55,0.182
2023-09-08 21:00:00+00:00,18.9,67.49041,0.0,22.9,0.182
2023-09-08 22:00:00+00:00,18.55,66.75752,0.0,22.3,0.182
2023-09-08 23:00:00+00:00,18.05,67.31549,0.0,21.8,0.182
2023-09-09 00:00:00+00:00,17.15,76.32946,0.0,21.45,0.188
2023-09-09 01:00:00+00:00,16.7,74.279434,0.0,20.95,0.188
2023-09-09 02:00:00+00:00,16.05,74.65955,0.0,20.45,0.188
2023-09-09 03:00:00+00:00,15.5,75.561516,0.0,19.95,0.188
2023-09-09 04:00:00+00:00,15.6,74.582924,0.0,19.65,0.187
2023-09-09 05:00:00+00:00,17.75,64.63377,0.0,20.1,0.187
2023-09-09 06:00:00+00:00,19.95,53.592255,0.0,21.4,0.187
2023-09-09 07:00:00+00:00,22.05,45.861427,0.0,23.3,0.186
2023-09-09 08:00:00+00:00,23.85,38.973763,0.0,25.45,0.185
2023-09-09 09:00:00+00:00,25.3,35.495926,0.0,27.65,0.184
2023-09-09 10:00:00+00:00,26.5,33.622547,0.0,29.6,0.183
2023-09-09 11:00:00+00:00,27.4,32.322502,0.0,31.05,0.182
2023-09-09 12:00:00+00:00,27.05,32.992794,0.0,31.65,0.181
2023-09-09 13:00:00+00:00,27.5,33.11888,0.1,31.8,0.181
2023-09-09 14:00:00+00:00,26.95,34.549706,0.1,31.15,0.18
2023-09-09 15:00:00+00:00,26.1,35.12769,0.0,30.0,0.18
2023-09-09 16:00:00+00:00,24.2,38.941704,0.0,28.45,0.179
2023-09-09 17:00:00+00:00,22.4,43.559288,0.0,26.8,0.179
2023-09-09 18:00:00+00:00,22.0,44.783432,0.0,25.6,0.179
2023-09-09 19:00:00+00:00,21.25,41.508095,0.0,24.7,0.179
2023-09-09 20:00:00+00:00,20.05,45.77044,0.0,23.85,0.179
2023-09-09 21:00:00+00:00,19.1,47.40942,0.0,23.15,0.179
2023-09-09 22:00:00+00:00,18.55,47.095795,0.0,22.55,0.178
2023-09-09 23:00:00+00:00,17.8,46.56524,0.0,21.9,0.178
2023-09-10 00:00:00+00:00,17.3,45.945496,0.0,22.2,0.169
2023-09-10 01:00:00+00:00,16.85,43.17923,0.0,21.45,0.169
2023-09-10 02:00:00+00:00,16.15,42.676727,0.0,20.75,0.169
2023-09-10 03:00:00+00:00,15.1,46.45506,0.0,20.05,0.169
2023-09-10 04:00:00+00:00,14.75,49.731026,0.0,19.5,0.169
2023-09-10 05:00:00+00:00,16.65,44.19247,0.0,19.8,0.169
2023-09-10 06:00:00+00:00,18.3,37.251442,0.0,20.85,0.168
2023-09-10 07:00:00+00:00,20.05,33.168823,0.0,22.4,0.168
2023-09-10 08:00:00+00:00,21.8,29.680645,0.0,24.25,0.167
2023-09-10 09:00:00+00:00,23.2,26.878183,0.0,26.2,0.166
2023-09-10 10:00:00+00:00,24.35,24.467278,0.0,27.95,0.165
2023-09-10 11:00:00+00:00,25.15,23.078644,0.0,29.3,0.164
2023-09-10 12:00:00+00:00,24.5,23.90678,0.0,29.9,0.162
2023-09-10 13:00:00+00:00,24.7,24.64837,0.0,30.05,0.161
2023-09-10 14:00:00+00:00,24.3,26.059822,0.0,29.5,0.161
2023-09-10 15:00:00+00:00,23.45,27.620012,0.0,28.35,0.16
2023-09-10 16:00:00+00:00,21.75,31.71685,0.0,26.8,0.16
2023-09-10 17:00:00+00:00,20.05,35.833443,0.0,25.2,0.16
2023-09-10 18:00:00+00:00,19.05,38.531975,0.0,23.85,0.16
2023-09-10 19:00:00+00:00,17.9,41.699986,0.0,22.65,0.16
2023-09-10 20:00:00+00:00,17.3,42.856567,0.0,21.7,0.16
2023-09-10 21:00:00+00:00,16.9,43.64931,0.0,20.95,0.16
2023-09-10 22:00:00+00:00,16.25,48.43443,0.0,20.35,0.16
2023-09-10 23:00:00+00:00,15.35,55.356174,0.0,19.8,0.159
2023-09-11 00:00:00+00:00,14.35,58.836037,0.0,19.65,0.153
2023-09-11 01:00:00+00:00,13.8,62.670254,0.0,19.0,0.152
2023-09-11 02:00:00+00:00,13.05,66.944916,0.0,18.35,0.152
2023-09-11 03:00:00+00:00,12.15,72.23807,0.0,17.7,0.152
2023-09-11 04:00:00+00:00,12.15,73.23155,0.0,17.2,0.152
2023-09-11 05:00:00+00:00,14.4,63.023464,0.0,17.7,0.152
2023-09-11 06:00:00+00:00,16.25,52.98444,0.0,19.15,0.152
2023-09-11 07:00:00+00:00,18.15,44.310486,0.0,21.2,0.152
2023-09-11 08:00:00+00:00,20.15,34.38627,0.0,23.45,0.151
2023-09-11 09:00:00+00:00,21.9,26.613813,0.0,25.6,0.151
2023-09-11 10:00:00+00:00,23.25,22.013634,0.0,27.4,0.15
2023-09-11 11:00:00+00:00,24.25,18.449125,0.0,28.75,0.15
2023-09-11 12:00:00+00:00,24.2,18.10172,0.0,29.15,0.15
2023-09-11 13:00:00+00:00,24.4,16.491621,0.0,29.3,0.149
2023-09-11 14:00:00+00:00,24.2,15.320377,0.0,28.8,0.149
2023-09-11 15:00:00+00:00,23.55,16.231544,0.0,27.7,0.149
2023-09-11 16:00:00+00:00,20.15,22.164265,0.0,25.95,0.149
2023-09-11 17:00:00+00:00,19.2,25.211357,0.0,24.15,0.148
2023-09-11 18:00:00+00:00,17.45,28.759754,0.0,22.7,0.148
2023-09-11 19:00:00+00:00,16.65,28.9535,0.0,21.4,0.148
2023-09-11 20:00:00+00:00,15.75,30.888844,0.0,20.4,0.148
2023-09-11 21:00:00+00:00,15.25,39.215843,0.0,19.65,0.148
2023-09-11 22:00:00+00:00,14.7,47.83491,0.0,19.0,0.148
2023-09-11 23:00:00+00:00,14.2,52.255413,0.0,18.4,0.148
2023-09-12 00:00:00+00:00,13.15,54.40173,0.0,18.5,0.142
2023-09-12 01:00:00+00:00,12.55,57.377743,0.0,17.8,0.142
2023-09-12 02:00:00+00:00,11.85,59.244534,0.0,17.15,0.142
2023-09-12 03:00:00+00:00,11.05,60.947594,0.0,16.5,0.142
2023-09-12 04:00:00+00:00,10.95,60.923492,0.0,16.05,0.142
2023-09-12 05:00:00+00:00,14.0,49.17649,0.0,16.55,0.142
2023-09-12 06:00:00+00:00,16.6,40.45939,0.0,18.2,0.142
2023-09-12 07:00:00+00:00,18.3,36.72944,0.0,20.35,0.142
2023-09-12 08:00:00+00:00,19.9,33.12566,0.0,22.8,0.142
2023-09-12 09:00:00+00:00,21.35,29.553463,0.0,25.25,0.141
2023-09-12 10:00:00+00:00,22.55,26.50946,0.0,27.35,0.141
2023-09-12 11:00:00+00:00,23.5,24.152199,0.0,28.9,0.14
2023-09-12 12:00:00+00:00,23.5,23.053648,0.0,29.8,0.143
2023-09-12 13:00:00+00:00,23.9,21.709816,0.0,29.9,0.142
2023-09-12 14:00:00+00:00,23.35,22.11958,0.0,29.15,0.142
2023-09-12 15:00:00+00:00,22.45,23.528048,0.0,27.8,0.142
2023-09-12 16:00:00+00:00,20.25,28.011377,0.0,26.0,0.142
2023-09-12 17:00:00+00:00,17.95,33.50961,0.0,24.1,0.142
2023-09-12 18:00:00+00:00,17.05,36.888042,0.0,22.55,0.142
2023-09-12 19:00:00+00:00,16.8,38.55849,0.0,21.35,0.141
2023-09-12 20:00:00+00:00,15.95,40.84686,0.0,20.35,0.141
2023-09-12 21:00:00+00:00,14.6,44.22967,0.0,19.45,0.141
2023-09-12 22:00:00+00:00,13.9,46.115093,0.0,18.6,0.141
2023-09-12 23:00:00+00:00,13.3,48.80861,0.0,17.95,0.141
2023-09-13 00:00:00+00:00,12.25,53.973095,0.0,17.65,0.139
2023-09-13 01:00:00+00:00,11.95,55.049168,0.0,17.05,0.139
2023-09-13 02:00:00+00:00,12.05,55.07539,0.0,16.55,0.139
2023-09-13 03:00:00+00:00,12.1,57.464897,0.0,16.15,0.139
2023-09-13 04:00:00+00:00,12.35,60.62299,0.0,15.85,0.139
2023-09-13 05:00:00+00:00,14.7,54.618103,0.0,16.45,0.139
2023-09-13 06:00:00+00:00,16.65,49.391365,0.0,18.0,0.139
2023-09-13 07:00:00+00:00,18.6,42.4857,0.0,20.15,0.139
2023-09-13 08:00:00+00:00,20.35,36.297543,0.0,22.6,0.139
2023-09-13 09:00:00+00:00,21.85,31.634363,0.0,25.1,0.138
2023-09-13 10:00:00+00:00,23.15,27.536785,0.0,27.3,0.138
2023-09-13 11:00:00+00:00,24.05,24.47339,0.0,29.05,0.138
2023-09-13 12:00:00+00:00,24.05,23.365992,0.0,29.75,0.141
2023-09-13 13:00:00+00:00,24.45,21.774664,0.0,30.0,0.141
2023-09-13 14:00:00+00:00,24.2,19.977707,0.0,29.45,0.14
2023-09-13 15:00:00+00:00,23.35,19.907864,0.0,28.15,0.14
2023-09-13 16:00:00+00:00,21.1,23.764587,0.0,26.3,0.14
2023-09-13 17:00:00+00:00,19.4,27.175097,0.0,24.45,0.14
2023-09-13 18:00:00+00:00,17.5,31.169556,0.0,22.85,0.14
2023-09-13 19:00:00+00:00,17.1,32.199677,0.0,21.5,0.14
2023-09-13 20:00:00+00:00,16.2,34.590286,0.0,20.45,0.14
2023-09-13 21:00:00+00:00,16.2,35.34666,0.0,19.4,0.14
2023-09-13 22:00:00+00:00,17.5,32.31568,0.0,18.5,0.14
2023-09-13 23:00:00+00:00,13.75,41.681267,0.0,17.7,0.14
2023-09-14 00:00:00+00:00,12.05,45.258553,0.0,16.3,0.143
2023-09-14 01:00:00+00:00,11.5,45.42805,0.0,15.85,0.143
2023-09-14 02:00:00+00:00,11.05,45.79473,0.0,15.45,0.143
2023-09-14 03:00:00+00:00,10.6,46.504047,0.0,15.1,0.143
2023-09-14 04:00:00+00:00,10.65,47.02834,0.0,14.8,0.143
2023-09-14 05:00:00+00:00,13.75,40.06035,0.0,15.45,0.143
2023-09-14 06:00:00+00:00,17.15,31.751467,0.0,17.35,0.143
2023-09-14 07:00:00+00:00,18.65,31.276064,0.0,19.65,0.143
2023-09-14 08:00:00+00:00,20.2,29.227875,0.0,22.05,0.143
2023-09-14 09:00:00+00:00,21.7,26.27477,0.0,24.45,0.142
2023-09-14 10:00:00+00:00,22.9,23.394802,0.0,26.6,0.142
2023-09-14 11:00:00+00:00,23.95,20.876698,0.0,28.3,0.141
2023-09-14 12:00:00+00:00,24.6,20.151684,0.0,29.35,0.144
2023-09-14 13:00:00+00:00,25.5,17.122946,0.0,29.8,0.143
2023-09-14 14:00:00+00:00,25.1,17.279982,0.0,29.4,0.143
2023-09-14 15:00:00+00:00,24.15,18.902872,0.0,28.2,0.143
2023-09-14 16:00:00+00:00,20.2,26.428051,0.0,26.15,0.143
2023-09-14 17:00:00+00:00,18.35,31.189714,0.0,24.15,0.143
2023-09-14 18:00:00+00:00,17.8,33.346413,0.0,22.45,0.143
2023-09-14 19:00:00+00:00,16.3,37.331303,0.0,21.1,0.143
2023-09-14 20:00:00+00:00,15.7,38.51239,0.0,19.95,0.142
2023-09-14 21:00:00+00:00,15.35,40.527782,0.0,19.05,0.142
2023-09-14 22:00:00+00:00,13.8,46.415398,0.0,18.2,0.142
2023-09-14 23:00:00+00:00,13.75,47.23225,0.0,17.5,0.142
2023-09-15 00:00:00+00:00,12.25,53.215244,0.0,15.85,0.152
2023-09-15 01:00:00+00:00,11.25,55.84731,0.0,15.5,0.152
2023-09-15 02:00:00+00:00,10.85,55.545074,0.0,15.15,0.152
2023-09-15 03:00:00+00:00,10.75,53.572655,0.0,14.85,0.151
2023-09-15 04:00:00+00:00,10.95,51.5567,0.0,14.55,0.151
2023-09-15 05:00:00+00:00,13.95,43.262867,0.0,15.25,0.151
2023-09-15 06:00:00+00:00,18.0,29.985388,0.0,17.15,0.151
2023-09-15 07:00:00+00:00,20.0,25.432154,0.0,19.6,0.151
2023-09-15 08:00:00+00:00,21.65,23.22911,0.0,22.25,0.15
2023-09-15 09:00:00+00:00,23.1,21.89491,0.0,24.75,0.15
2023-09-15 10:00:00+00:00,24.45,20.33336,0.0,26.9,0.149
2023-09-15 11:00:00+00:00,25.55,18.498375,0.0,28.55,0.149
2023-09-15 12:00:00+00:00,25.75,17.498985,0.0,29.5,0.151
2023-09-15 13:00:00+00:00,26.0,15.847632,0.0,29.7,0.15
2023-09-15 14:00:00+00:00,25.8,15.171869,0.0,29.25,0.15
2023-09-15 15:00:00+00:00,25.05,15.342071,0.0,28.05,0.15
2023-09-15 16:00:00+00:00,20.25,23.192368,0.0,26.0,0.15
2023-09-15 17:00:00+00:00,21.2,22.116701,0.0,23.95,0.149
2023-09-15 18:00:00+00:00,19.4,24.808434,0.0,22.3,0.149
2023-09-15 19:00:00+00:00,19.1,24.725983,0.0,21.0,0.149
2023-09-15 20:00:00+00:00,16.85,28.48351,0.0,19.9,0.149
2023-09-15 21:00:00+00:00,16.55,29.3527,0.0,19.15,0.149
2023-09-15 22:00:00+00:00,15.9,31.159782,0.0,18.6,0.149
2023-09-15 23:00:00+00:00,15.2,37.41176,0.0,18.1,0.149
2023-09-16 00:00:00+00:00,14.45,46.764446,0.0,17.1,0.153
2023-09-16 01:00:00+00:00,13.95,52.18815,0.0,16.8,0.153
2023-09-16 02:00:00+00:00,13.35,56.19351,0.0,16.45,0.153
2023-09-16 03:00:00+00:00,12.55,61.09439,0.0,16.1,0.153
2023-09-16 04:00:00+00:00,12.25,63.8413,0.0,15.75,0.153
2023-09-16 05:00:00+00:00,14.7,55.956387,0.0,16.3,0.152
2023-09-16 06:00:00+00:00,18.0,41.438557,0.0,18.0,0.152
2023-09-16 07:00:00+00:00,20.5,29.31289,0.0,20.35,0.152
2023-09-16 08:00:00+00:00,22.55,24.330198,0.0,22.95,0.152
2023-09-16 09:00:00+00:00,24.3,21.971199,0.0,25.5,0.151
2023-09-16 10:00:00+00:00,25.45,20.513895,0.0,27.65,0.15
2023-09-16 11:00:00+00:00,26.4,18.97802,0.0,29.3,0.15
2023-09-16 12:00:00+00:00,26.2,20.04893,0.0,29.95,0.154
2023-09-16 13:00:00+00:00,26.45,18.584293,0.0,30.05,0.153
2023-09-16 14:00:00+00:00,25.8,19.312416,0.0,29.35,0.152
2023-09-16 15:00:00+00:00,24.8,20.129484,0.0,28.1,0.152
2023-09-16 16:00:00+00:00,21.8,22.933666,0.0,26.25,0.152
2023-09-16 17:00:00+00:00,20.4,23.835596,0.0,24.4,0.152
2023-09-16 18:00:00+00:00,19.65,24.877129,0.0,23.1,0.152
2023-09-16 19:00:00+00:00,19.0,27.45918,0.0,21.95,0.152
2023-09-16 20:00:00+00:00,18.05,30.991354,0.0,21.05,0.152
2023-09-16 21:00:00+00:00,17.05,34.096283,0.0,20.25,0.152
2023-09-16 22:00:00+00:00,16.55,38.485695,0.0,19.65,0.151
2023-09-16 23:00:00+00:00,15.95,45.246372,0.0,19.1,0.151
2023-09-17 00:00:00+00:00,14.65,52.19414,0.0,19.25,0.15
2023-09-17 01:00:00+00:00,13.9,55.17196,0.0,18.5,0.15
2023-09-17 02:00:00+00:00,13.0,58.501736,0.0,17.8,0.15
2023-09-17 03:00:00+00:00,12.4,61.913315,0.0,17.15,0.149
2023-09-17 04:00:00+00:00,12.35,63.203842,0.0,16.65,0.149
2023-09-17 05:00:00+00:00,15.4,53.863926,0.0,17.15,0.149
2023-09-17 06:00:00+00:00,18.05,44.744164,0.0,18.8,0.149
2023-09-17 07:00:00+00:00,19.7,40.224255,0.0,20.95,0.149
2023-09-17 08:00:00+00:00,21.45,35.738018,0.0,23.3,0.149
2023-09-17 09:00:00+00:00,23.05,31.754278,0.0,25.5,0.148
2023-09-17 10:00:00+00:00,24.45,27.79995,0.0,27.45,0.148
2023-09-17 11:00:00+00:00,25.5,23.501131,0.0,28.85,0.147
2023-09-17 12:00:00+00:00,25.45,22.99433,0.0,29.35,0.149
2023-09-17 13:00:00+00:00,25.45,23.404976,0.0,29.45,0.148
2023-09-17 14:00:00+00:00,25.1,25.641697,0.0,28.95,0.148
2023-09-17 15:00:00+00:00,24.4,27.592632,0.0,27.85,0.148
2023-09-17 16:00:00+00:00,21.35,34.73127,0.0,26.05,0.147
2023-09-17 17:00:00+00:00,19.7,38.989166,0.0,24.4,0.147
2023-09-17 18:00:00+00:00,18.15,43.399284,0.0,22.9,0.147
2023-09-17 19:00:00+00:00,18.4,41.265144,0.0,21.8,0.147
2023-09-17 20:00:00+00:00,17.5,44.126198,0.0,20.95,0.147
2023-09-17 21:00:00+00:00,16.9,51.366585,0.0,20.3,0.147
2023-09-17 22:00:00+00:00,16.3,54.285248,0.0,19.7,0.147
2023-09-17 23:00:00+00:00,15.65,53.929546,0.0,19.1,0.147
2023-09-18 00:00:00+00:00,13.9,55.17196,0.0,18.95,0.142
2023-09-18 01:00:00+00:00,13.05,58.108353,0.0,18.15,0.142
2023-09-18 02:00:00+00:00,12.2,61.651268,0.0,17.4,0.142
2023-09-18 03:00:00+00:00,11.65,63.926594,0.0,16.7,0.142
2023-09-18 04:00:00+00:00,11.7,64.16073,0.0,16.15,0.142
2023-09-18 05:00:00+00:00,14.25,54.311333,0.0,16.6,0.142
2023-09-18 06:00:00+00:00,16.35,47.297966,0.0,18.0,0.142
2023-09-18 07:00:00+00:00,18.15,41.771683,0.0,20.05,0.142
2023-09-18 08:00:00+00:00,19.85,36.027122,0.0,22.35,0.142
2023-09-18 09:00:00+00:00,21.55,30.351126,0.0,24.65,0.141
2023-09-18 10:00:00+00:00,23.15,24.844748,0.0,26.65,0.141
2023-09-18 11:00:00+00:00,24.4,20.916748,0.0,28.15,0.14
2023-09-18 12:00:00+00:00,24.3,21.735668,0.0,28.85,0.145
2023-09-18 13:00:00+00:00,24.65,19.6595,0.0,28.9,0.144
2023-09-18 14:00:00+00:00,24.5,16.576357,0.0,28.35,0.144
2023-09-18 15:00:00+00:00,23.75,14.21946,0.0,27.15,0.144
2023-09-18 16:00:00+00:00,20.35,16.58885,0.0,25.25,0.144
2023-09-18 17:00:00+00:00,18.95,18.79568,0.0,23.5,0.144
2023-09-18 18:00:00+00:00,16.6,26.290037,0.0,22.0,0.143
2023-09-18 19:00:00+00:00,16.55,27.369135,0.0,20.65,0.143
2023-09-18 20:00:00+00:00,16.25,26.882078,0.0,19.7,0.143
2023-09-18 21:00:00+00:00,15.5,29.050472,0.0,18.95,0.143
2023-09-18 22:00:00+00:00,14.95,34.223995,0.0,18.3,0.143
2023-09-18 23:00:00+00:00,14.1,40.0184,0.0,17.75,0.143
2023-09-19 00:00:00+00:00,13.25,40.643623,0.0,17.45,0.138
2023-09-19 01:00:00+00:00,12.5,45.88,0.0,16.85,0.138
2023-09-19 02:00:00+00:00,11.75,50.679176,0.0,16.3,0.138
2023-09-19 03:00:00+00:00,11.15,55.03398,0.0,15.8,0.138
2023-09-19 04:00:00+00:00,10.65,58.32358,0.0,15.3,0.138
2023-09-19 05:00:00+00:00,13.0,51.022552,0.0,15.65,0.138
2023-09-19 06:00:00+00:00,16.0,40.716663,0.0,17.2,0.138
2023-09-19 07:00:00+00:00,18.2,31.597988,0.0,19.4,0.138
2023-09-19 08:00:00+00:00,20.15,25.659248,0.0,21.8,0.137
2023-09-19 09:00:00+00:00,22.0,21.060553,0.0,24.15,0.137
2023-09-19 10:00:00+00:00,23.5,17.931099,0.0,26.3,0.137
2023-09-19 11:00:00+00:00,24.7,15.434301,0.0,28.0,0.137
2023-09-19 12:00:00+00:00,24.95,14.813574,0.0,28.75,0.143
2023-09-19 13:00:00+00:00,25.4,14.048975,0.0,29.0,0.142
2023-09-19 14:00:00+00:00,25.15,13.325771,0.0,28.5,0.142
2023-09-19 15:00:00+00:00,24.1,13.818425,0.0,27.3,0.142
2023-09-19 16:00:00+00:00,19.35,20.070063,0.0,25.1,0.142
2023-09-19 17:00:00+00:00,21.7,16.721703,0.0,23.05,0.142
2023-09-19 18:00:00+00:00,17.95,21.177942,0.0,21.35,0.142
2023-09-19 19:00:00+00:00,16.45,22.253853,0.0,20.05,0.141
2023-09-19 20:00:00+00:00,16.0,23.162706,0.0,19.05,0.141
2023-09-19 21:00:00+00:00,13.85,31.020792,0.0,18.15,0.141
2023-09-19 22:00:00+00:00,12.6,36.780216,0.0,17.3,0.141
2023-09-19 23:00:00+00:00,12.55,36.361286,0.0,16.5,0.141
2023-09-20 00:00:00+00:00,11.35,44.893272,0.0,15.15,0.143
2023-09-20 01:00:00+00:00,10.25,47.602062,0.0,14.7,0.143
2023-09-20 02:00:00+00:00,10.15,48.270874,0.0,14.25,0.143
2023-09-20 03:00:00+00:00,10.55,47.342518,0.0,13.85,0.143
2023-09-20 04:00:00+00:00,12.35,41.724487,0.0,13.5,0.143
2023-09-20 05:00:00+00:00,13.55,40.001675,0.0,14.3,0.143
2023-09-20 06:00:00+00:00,16.8,32.112587,0.0,16.2,0.143
2023-09-20 07:00:00+00:00,19.05,27.673388,0.0,18.65,0.143
2023-09-20 08:00:00+00:00,21.3,24.697725,0.0,21.35,0.142
2023-09-20 09:00:00+00:00,23.35,21.960339,0.0,24.0,0.142
2023-09-20 10:00:00+00:00,24.95,19.380625,0.0,26.3,0.142
2023-09-20 11:00:00+00:00,26.05,17.699125,0.0,28.0,0.141
2023-09-20 12:00:00+00:00,26.0,17.178953,0.0,28.75,0.147
2023-09-20 13:00:00+00:00,26.05,14.6741705,0.0,28.85,0.146
2023-09-20 14:00:00+00:00,25.55,15.0594845,0.0,28.3,0.146
2023-09-20 15:00:00+00:00,24.4,18.964872,0.0,27.1,0.146
2023-09-20 16:00:00+00:00,19.75,28.685143,0.0,25.05,0.146
2023-09-20 17:00:00+00:00,22.15,24.92935,0.0,23.05,0.146
2023-09-20 18:00:00+00:00,19.75,28.58219,0.0,21.45,0.146
2023-09-20 19:00:00+00:00,20.25,26.346506,0.0,20.15,0.146
2023-09-20 20:00:00+00:00,16.6,34.9577,0.0,19.05,0.146
2023-09-20 21:00:00+00:00,16.5,36.07583,0.0,18.2,0.146
2023-09-20 22:00:00+00:00,16.15,39.05909,0.0,17.45,0.146
2023-09-20 23:00:00+00:00,14.05,47.149677,0.0,16.8,0.146
2023-09-21 00:00:00+00:00,13.45,40.849648,0.0,15.55,0.148
2023-09-21 01:00:00+00:00,11.7,44.02615,0.0,15.15,0.148
2023-09-21 02:00:00+00:00,13.0,39.121468,0.0,14.7,0.148
2023-09-21 03:00:00+00:00,14.2,35.790714,0.0,14.3,0.148
2023-09-21 04:00:00+00:00,14.0,36.125393,0.0,13.95,0.148
2023-09-21 05:00:00+00:00,14.7,36.06873,0.0,14.7,0.148
2023-09-21 06:00:00+00:00,17.7,29.575226,0.0,16.6,0.148
2023-09-21 07:00:00+00:00,19.6,28.334873,0.0,19.0,0.148
2023-09-21 08:00:00+00:00,21.7,26.844807,0.0,21.6,0.147
2023-09-21 09:00:00+00:00,23.75,24.219406,0.0,24.1,0.147
2023-09-21 10:00:00+00:00,25.35,21.16066,0.0,26.25,0.146
2023-09-21 11:00:00+00:00,26.4,18.57208,0.0,27.8,0.146
2023-09-21 12:00:00+00:00,26.45,15.094134,0.0,28.6,0.147
2023-09-21 13:00:00+00:00,26.7,14.121926,0.0,28.95,0.147
2023-09-21 14:00:00+00:00,26.4,14.109114,0.0,28.5,0.147
2023-09-21 15:00:00+00:00,25.0,17.129774,0.0,27.3,0.146
2023-09-21 16:00:00+00:00,22.1,22.273413,0.0,25.1,0.146
2023-09-21 17:00:00+00:00,22.15,21.64631,0.0,23.15,0.146
2023-09-21 18:00:00+00:00,18.75,26.50458,0.0,21.6,0.146
2023-09-21 19:00:00+00:00,17.8,27.825312,0.0,20.4,0.146
2023-09-21 20:00:00+00:00,16.35,30.612354,0.0,19.4,0.146
2023-09-21 21:00:00+00:00,15.7,31.445442,0.0,18.5,0.146
2023-09-21 22:00:00+00:00,15.85,30.579586,0.0,17.75,0.146
2023-09-21 23:00:00+00:00,17.95,26.087982,0.0,17.15,0.146
2023-09-22 00:00:00+00:00,16.95,26.68304,0.0,14.7,0.146
2023-09-22 01:00:00+00:00,16.35,27.61726,0.0,14.45,0.146
2023-09-22 02:00:00+00:00,16.05,28.150434,0.0,14.2,0.146
2023-09-22 03:00:00+00:00,15.7,28.89375,0.0,13.95,0.146
2023-09-22 04:00:00+00:00,15.2,29.945412,0.0,13.75,0.146
2023-09-22 05:00:00+00:00,15.75,30.43857,0.0,14.65,0.146
2023-09-22 06:00:00+00:00,18.55,25.968655,0.0,16.55,0.146
2023-09-22 07:00:00+00:00,20.7,23.484434,0.0,19.0,0.146
2023-09-22 08:00:00+00:00,22.8,21.190878,0.0,21.65,0.145
2023-09-22 09:00:00+00:00,24.7,19.108698,0.0,24.2,0.145
2023-09-22 10:00:00+00:00,26.2,17.670847,0.0,26.35,0.144
2023-09-22 11:00:00+00:00,27.1,16.637196,0.0,27.95,0.144
2023-09-22 12:00:00+00:00,27.8,16.202927,0.0,28.85,0.137
2023-09-22 13:00:00+00:00,28.0,15.956875,0.0,29.35,0.137
2023-09-22 14:00:00+00:00,27.6,16.693388,0.0,29.0,0.137
2023-09-22 15:00:00+00:00,26.15,19.122097,0.0,27.9,0.137
2023-09-22 16:00:00+00:00,24.95,21.133703,0.0,25.85,0.137
2023-09-22 17:00:00+00:00,21.5,26.408232,0.0,24.0,0.137
2023-09-22 18:00:00+00:00,23.0,23.846031,0.0,22.5,0.137
2023-09-22 19:00:00+00:00,20.55,27.895073,0.0,21.25,0.137
2023-09-22 20:00:00+00:00,18.15,32.503906,0.0,20.2,0.136
2023-09-22 21:00:00+00:00,17.8,36.325634,0.0,19.4,0.136
2023-09-22 22:00:00+00:00,17.45,40.562492,0.0,18.8,0.136
2023-09-22 23:00:00+00:00,16.45,43.67369,0.0,18.2,0.136
2023-09-23 00:00:00+00:00,15.9,45.391117,0.0,16.45,0.144
2023-09-23 01:00:00+00:00,15.75,45.828434,0.0,16.05,0.144
2023-09-23 02:00:00+00:00,15.3,47.334682,0.0,15.75,0.144
2023-09-23 03:00:00+00:00,16.45,43.827137,0.0,15.4,0.144
2023-09-23 04:00:00+00:00,16.4,44.27611,0.0,15.1,0.144
2023-09-23 05:00:00+00:00,16.85,44.095093,0.0,15.85,0.144
2023-09-23 06:00:00+00:00,19.7,37.39458,0.0,17.8,0.144
2023-09-23 07:00:00+00:00,21.85,32.98889,0.0,20.2,0.144
2023-09-23 08:00:00+00:00,23.9,29.136232,0.0,22.85,0.143
2023-09-23 09:00:00+00:00,25.65,24.903957,0.0,25.35,0.143
2023-09-23 10:00:00+00:00,27.0,22.675573,0.0,27.5,0.142
2023-09-23 11:00:00+00:00,27.85,20.975807,0.0,29.05,0.142
2023-09-23 12:00:00+00:00,28.45,17.57225,0.0,29.75,0.138
2023-09-23 13:00:00+00:00,28.4,16.88022,0.0,30.05,0.138
2023-09-23 14:00:00+00:00,28.0,17.215874,0.0,29.6,0.138
2023-09-23 15:00:00+00:00,26.85,19.295242,0.0,28.45,0.138
2023-09-23 16:00:00+00:00,22.4,26.943083,0.0,26.4,0.137
2023-09-23 17:00:00+00:00,22.3,27.20394,0.0,24.5,0.137
2023-09-23 18:00:00+00:00,19.45,32.071865,0.0,22.95,0.137
2023-09-23 19:00:00+00:00,18.65,32.76518,0.0,21.7,0.137
2023-09-23 20:00:00+00:00,18.9,32.837387,0.0,20.9,0.137
2023-09-23 21:00:00+00:00,18.4,39.29679,0.0,20.3,0.137
2023-09-23 22:00:00+00:00,18.0,42.609795,0.0,19.75,0.137
2023-09-23 23:00:00+00:00,17.55,44.448177,0.0,19.25,0.137
2023-09-24 00:00:00+00:00,16.6,47.532413,0.0,18.4,0.145
2023-09-24 01:00:00+00:00,15.55,51.535526,0.0,18.0,0.145
2023-09-24 02:00:00+00:00,14.6,55.35347,0.0,17.55,0.145
2023-09-24 03:00:00+00:00,13.95,58.332905,0.0,17.05,0.145
2023-09-24 04:00:00+00:00,14.1,58.16899,0.0,16.6,0.145
2023-09-24 05:00:00+00:00,16.7,50.264305,0.0,17.1,0.145
2023-09-24 06:00:00+00:00,19.75,40.517685,0.0,18.75,0.145
2023-09-24 07:00:00+00:00,22.2,34.138298,0.0,21.05,0.145
2023-09-24 08:00:00+00:00,24.3,29.451859,0.0,23.65,0.144
2023-09-24 09:00:00+00:00,26.15,25.74667,0.0,26.2,0.144
2023-09-24 10:00:00+00:00,27.65,23.00526,0.0,28.45,0.143
2023-09-24 11:00:00+00:00,28.65,20.811024,0.0,30.15,0.143
2023-09-24 12:00:00+00:00,29.3,18.547415,0.0,31.0,0.145
2023-09-24 13:00:00+00:00,29.4,18.24575,0.0,31.2,0.145
2023-09-24 14:00:00+00:00,28.7,18.79886,0.0,30.55,0.145
2023-09-24 15:00:00+00:00,27.05,21.06936,0.0,29.25,0.144
2023-09-24 16:00:00+00:00,23.7,25.351263,0.0,27.4,0.144
2023-09-24 17:00:00+00:00,21.2,29.932346,0.0,25.45,0.144
2023-09-24 18:00:00+00:00,21.85,27.960333,0.0,23.8,0.144
2023-09-24 19:00:00+00:00,23.35,24.987822,0.0,22.5,0.144
2023-09-24 20:00:00+00:00,19.0,32.401394,0.0,21.4,0.144
2023-09-24 21:00:00+00:00,19.5,31.632792,0.0,20.8,0.144
2023-09-24 22:00:00+00:00,18.6,34.79257,0.0,20.25,0.144
2023-09-24 23:00:00+00:00,18.3,36.85933,0.0,19.85,0.144
2023-09-25 00:00:00+00:00,16.9,40.977238,0.0,18.65,0.143
2023-09-25 01:00:00+00:00,17.05,46.83995,0.0,18.5,0.143
2023-09-25 02:00:00+00:00,16.75,51.326263,0.0,18.35,0.143
2023-09-25 03:00:00+00:00,15.15,57.63402,0.0,17.95,0.143
2023-09-25 04:00:00+00:00,14.15,62.966106,0.0,17.4,0.143
2023-09-25 05:00:00+00:00,17.05,51.760284,0.0,17.8,0.143
2023-09-25 06:00:00+00:00,20.55,38.695404,0.0,19.45,0.143
2023-09-25 07:00:00+00:00,23.35,28.881077,0.0,21.8,0.143
2023-09-25 08:00:00+00:00,25.6,23.279572,0.0,24.35,0.142
2023-09-25 09:00:00+00:00,27.35,20.555698,0.0,26.85,0.142
2023-09-25 10:00:00+00:00,28.65,19.190596,0.0,28.95,0.142
2023-09-25 11:00:00+00:00,29.5,18.464758,0.0,30.6,0.141
2023-09-25 12:00:00+00:00,29.55,18.542246,0.0,31.3,0.146
2023-09-25 13:00:00+00:00,29.95,18.184307,0.0,31.6,0.145
2023-09-25 14:00:00+00:00,29.65,18.566402,0.0,31.1,0.145
2023-09-25 15:00:00+00:00,27.75,22.396547,0.0,29.8,0.145
2023-09-25 16:00:00+00:00,23.8,28.704626,0.0,27.6,0.145
2023-09-25 17:00:00+00:00,22.05,32.137306,0.0,25.7,0.145
2023-09-25 18:00:00+00:00,20.85,33.869873,0.0,24.2,0.145
2023-09-25 19:00:00+00:00,20.8,33.267445,0.0,23.1,0.145
2023-09-25 20:00:00+00:00,21.0,33.092106,0.0,22.4,0.145
2023-09-25 21:00:00+00:00,20.85,35.19611,0.0,21.95,0.145
2023-09-25 22:00:00+00:00,20.2,37.020176,0.0,21.55,0.144
2023-09-25 23:00:00+00:00,18.9,39.16682,0.0,21.0,0.144
2023-09-26 00:00:00+00:00,17.35,41.54191,0.0,20.05,0.144
2023-09-26 01:00:00+00:00,16.3,44.558895,0.0,19.5,0.144
2023-09-26 02:00:00+00:00,15.7,46.78764,0.0,19.0,0.144
2023-09-26 03:00:00+00:00,14.35,51.750755,0.0,18.4,0.144
2023-09-26 04:00:00+00:00,14.35,53.030212,0.0,17.8,0.144
2023-09-26 05:00:00+00:00,17.55,43.5305,0.0,18.2,0.144
2023-09-26 06:00:00+00:00,20.85,38.781414,0.0,19.8,0.144
2023-09-26 07:00:00+00:00,22.95,36.291115,0.0,21.85,0.144
2023-09-26 08:00:00+00:00,25.0,30.686594,0.0,24.2,0.143
2023-09-26 09:00:00+00:00,26.5,27.218346,0.0,26.6,0.143
2023-09-26 10:00:00+00:00,27.7,24.675318,0.0,28.7,0.143
2023-09-26 11:00:00+00:00,28.5,23.066814,0.0,30.3,0.142
2023-09-26 12:00:00+00:00,28.35,23.593775,0.0,31.4,0.142
2023-09-26 13:00:00+00:00,28.6,22.382135,0.0,31.55,0.142
2023-09-26 14:00:00+00:00,28.15,22.265862,0.0,30.95,0.141
2023-09-26 15:00:00+00:00,26.45,29.341341,0.0,29.6,0.141
2023-09-26 16:00:00+00:00,22.05,33.625435,0.0,27.4,0.141
2023-09-26 17:00:00+00:00,21.8,33.437366,0.0,25.65,0.141
2023-09-26 18:00:00+00:00,21.15,34.074715,0.0,24.35,0.141
2023-09-26 19:00:00+00:00,21.25,33.748306,0.0,23.4,0.141
2023-09-26 20:00:00+00:00,20.5,34.850933,0.0,22.65,0.141
2023-09-26 21:00:00+00:00,19.2,37.380875,0.0,21.85,0.141
2023-09-26 22:00:00+00:00,17.95,40.70668,0.0,21.05,0.141
2023-09-26 23:00:00+00:00,17.1,43.55401,0.0,20.3,0.141
2023-09-27 00:00:00+00:00,18.05,38.648594,0.0,19.1,0.142
2023-09-27 01:00:00+00:00,17.45,40.27843,0.0,18.45,0.142
2023-09-27 02:00:00+00:00,14.9,48.22817,0.0,17.9,0.142
2023-09-27 03:00:00+00:00,14.65,49.35642,0.0,17.45,0.142
2023-09-27 04:00:00+00:00,13.8,52.698658,0.0,17.15,0.142
2023-09-27 05:00:00+00:00,16.7,46.742023,0.0,17.6,0.142
2023-09-27 06:00:00+00:00,20.1,42.911972,0.0,19.1,0.142
2023-09-27 07:00:00+00:00,22.4,38.430454,0.0,21.15,0.141
2023-09-27 08:00:00+00:00,24.4,32.580463,0.0,23.55,0.141
2023-09-27 09:00:00+00:00,25.85,29.074703,0.0,26.0,0.141
2023-09-27 10:00:00+00:00,27.1,26.54759,0.0,28.2,0.14
2023-09-27 11:00:00+00:00,28.05,24.344282,0.0,29.8,0.14
2023-09-27 12:00:00+00:00,29.05,20.693657,0.0,30.75,0.137
2023-09-27 13:00:00+00:00,29.05,20.33421,0.0,30.95,0.137
2023-09-27 14:00:00+00:00,28.35,21.102728,0.0,30.3,0.137
2023-09-27 15:00:00+00:00,27.05,22.68862,0.0,29.1,0.137
2023-09-27 16:00:00+00:00,26.3,23.136591,0.0,27.25,0.137
2023-09-27 17:00:00+00:00,23.1,32.661247,0.0,26.0,0.137
2023-09-27 18:00:00+00:00,20.45,49.084934,0.0,24.75,0.137
2023-09-27 19:00:00+00:00,20.0,50.639126,0.0,23.7,0.137
2023-09-27 20:00:00+00:00,20.1,49.98955,0.0,22.55,0.137
2023-09-27 21:00:00+00:00,17.55,59.017338,0.0,21.5,0.137
2023-09-27 22:00:00+00:00,18.35,55.371906,0.0,20.6,0.137
2023-09-27 23:00:00+00:00,17.6,57.85055,0.0,19.8,0.137
2023-09-28 00:00:00+00:00,17.45,62.451252,0.0,18.75,0.141
2023-09-28 01:00:00+00:00,15.3,71.133606,0.0,18.25,0.141
2023-09-28 02:00:00+00:00,15.1,71.33402,0.0,18.0,0.141
2023-09-28 03:00:00+00:00,14.4,73.88051,0.0,17.65,0.141
2023-09-28 04:00:00+00:00,16.2,65.160934,0.0,17.3,0.141
2023-09-28 05:00:00+00:00,16.95,62.755802,0.0,17.8,0.141
2023-09-28 06:00:00+00:00,19.6,52.61252,0.0,19.3,0.141
2023-09-28 07:00:00+00:00,21.9,43.272934,0.0,21.45,0.141
2023-09-28 08:00:00+00:00,24.5,34.675133,0.0,23.65,0.141
2023-09-28 09:00:00+00:00,26.35,28.422377,0.0,25.75,0.14
2023-09-28 10:00:00+00:00,23.25,40.137413,0.5,26.2,0.145
2023-09-28 11:00:00+00:00,26.25,29.791515,0.0,27.1,0.144
2023-09-28 12:00:00+00:00,26.05,30.66528,0.1,27.95,0.166
2023-09-28 13:00:00+00:00,26.2,29.982006,0.0,28.05,0.166
2023-09-28 14:00:00+00:00,23.85,35.566395,0.1,27.05,0.166
2023-09-28 15:00:00+00:00,23.35,36.40514,0.0,26.1,0.166
2023-09-28 16:00:00+00:00,21.05,43.180275,0.0,24.45,0.166
2023-09-28 17:00:00+00:00,19.2,48.744972,0.0,23.05,0.166
2023-09-28 18:00:00+00:00,18.8,50.48787,0.0,22.0,0.166
2023-09-28 19:00:00+00:00,17.7,54.46335,0.0,21.1,0.166
2023-09-28 20:00:00+00:00,16.45,59.752247,0.0,20.25,0.165
2023-09-28 21:00:00+00:00,16.4,58.93646,0.0,19.55,0.165
2023-09-28 22:00:00+00:00,15.8,61.65214,0.0,18.9,0.165
2023-09-28 23:00:00+00:00,15.6,63.29711,0.0,18.3,0.165
2023-09-29 00:00:00+00:00,16.1,64.92077,0.0,17.85,0.171
2023-09-29 01:00:00+00:00,15.8,66.17655,0.0,17.4,0.171
2023-09-29 02:00:00+00:00,15.3,68.33049,0.0,17.1,0.171
2023-09-29 03:00:00+00:00,14.9,69.87518,0.0,16.7,0.171
2023-09-29 04:00:00+00:00,14.9,69.64077,0.0,16.3,0.171
2023-09-29 05:00:00+00:00,15.9,66.42039,0.0,16.85,0.171
2023-09-29 06:00:00+00:00,18.05,59.138447,0.0,18.3,0.171
2023-09-29 07:00:00+00:00,19.75,53.540405,0.0,20.25,0.171
2023-09-29 08:00:00+00:00,21.45,47.25603,0.0,22.35,0.17
2023-09-29 09:00:00+00:00,22.9,41.412907,0.0,24.4,0.169
2023-09-29 10:00:00+00:00,24.0,37.21526,0.0,25.95,0.168
2023-09-29 11:00:00+00:00,24.5,35.63005,0.0,27.0,0.168
2023-09-29 12:00:00+00:00,23.85,37.935356,0.0,27.0,0.168
2023-09-29 13:00:00+00:00,23.75,38.164253,0.0,27.0,0.168
2023-09-29 14:00:00+00:00,22.65,41.34235,0.0,26.4,0.167
2023-09-29 15:00:00+00:00,21.6,45.58346,0.0,25.25,0.167
2023-09-29 16:00:00+00:00,19.45,54.00244,0.0,23.8,0.167
2023-09-29 17:00:00+00:00,17.95,60.514465,0.0,22.45,0.167
2023-09-29 18:00:00+00:00,17.4,62.231503,0.0,21.35,0.167
2023-09-29 19:00:00+00:00,17.15,63.859528,0.0,20.5,0.167
2023-09-29 20:00:00+00:00,16.3,66.95131,0.0,19.8,0.167
2023-09-29 21:00:00+00:00,15.55,70.23672,0.0,19.15,0.167
2023-09-29 22:00:00+00:00,15.2,71.59182,0.0,18.6,0.166
2023-09-29 23:00:00+00:00,14.65,74.17183,0.0,18.1,0.166
2023-09-30 00:00:00+00:00,14.4,83.279945,0.0,19.6,0.164
2023-09-30 01:00:00+00:00,15.15,80.936844,0.0,18.8,0.164
2023-09-30 02:00:00+00:00,14.2,84.643364,0.0,18.15,0.165
2023-09-30 03:00:00+00:00,13.55,88.87502,0.0,17.55,0.165
2023-09-30 04:00:00+00:00,13.3,89.14866,0.0,17.0,0.165
2023-09-30 05:00:00+00:00,15.25,78.323006,0.0,17.3,0.164
2023-09-30 06:00:00+00:00,17.4,66.95866,0.0,18.6,0.164
2023-09-30 07:00:00+00:00,19.15,59.600647,0.0,20.45,0.164
2023-09-30 08:00:00+00:00,20.65,53.06325,0.0,22.4,0.164
2023-09-30 09:00:00+00:00,22.05,46.635067,0.0,24.3,0.163
2023-09-30 10:00:00+00:00,23.15,42.469933,0.0,25.9,0.162
2023-09-30 11:00:00+00:00,23.75,40.414265,0.0,27.0,0.162
2023-09-30 12:00:00+00:00,21.6,48.90405,0.0,27.25,0.163
2023-09-30 13:00:00+00:00,22.85,44.719788,0.0,27.15,0.163
2023-09-30 14:00:00+00:00,20.95,52.789604,0.6,25.7,0.168
2023-09-30 15:00:00+00:00,17.75,74.45873,1.7,23.75,0.19
2023-09-30 16:00:00+00:00,16.25,82.148544,0.0,21.6,0.19
2023-09-30 17:00:00+00:00,15.9,86.50185,0.0,20.4,0.19
2023-09-30 18:00:00+00:00,15.35,89.3112,0.0,19.5,0.19
2023-09-30 19:00:00+00:00,14.9,91.633446,0.0,18.8,0.19
2023-09-30 20:00:00+00:00,15.3,87.86501,0.0,18.45,0.19
2023-09-30 21:00:00+00:00,14.8,89.26795,0.0,18.0,0.19
2023-09-30 22:00:00+00:00,15.15,86.71158,0.0,17.5,0.19
2023-09-30 23:00:00+00:00,13.75,93.38039,1.2,17.05,0.206
2023-10-01 00:00:00+00:00,14.25,88.35029,0.1,18.0,0.275
2023-10-01 01:00:00+00:00,14.65,85.53248,0.0,17.3,0.275
2023-10-01 02:00:00+00:00,14.5,86.081184,0.0,16.7,0.274
2023-10-01 03:00:00+00:00,14.15,88.34174,0.0,16.2,0.273
2023-10-01 04:00:00+00:00,13.5,92.14953,1.6,15.9,0.295
2023-10-01 05:00:00+00:00,14.0,93.392845,0.4,16.0,0.299
2023-10-01 06:00:00+00:00,14.75,88.10415,0.0,16.75,0.298
2023-10-01 07:00:00+00:00,16.3,78.736626,0.1,17.95,0.297
2023-10-01 08:00:00+00:00,18.0,66.42276,0.0,19.5,0.295
2023-10-01 09:00:00+00:00,19.25,61.83298,0.1,21.35,0.293
2023-10-01 10:00:00+00:00,20.5,54.634117,0.1,22.75,0.291
2023-10-01 11:00:00+00:00,19.95,55.777523,0.1,23.45,0.289
2023-10-01 12:00:00+00:00,19.35,52.370533,6.6,22.2,0.313
2023-10-01 13:00:00+00:00,19.6,52.966522,0.1,22.45,0.31
2023-10-01 14:00:00+00:00,18.95,57.02985,0.2,21.75,0.309
2023-10-01 15:00:00+00:00,18.55,56.360798,0.0,21.0,0.307
2023-10-01 16:00:00+00:00,16.25,66.494644,0.0,19.95,0.305
2023-10-01 17:00:00+00:00,15.2,72.55463,0.0,19.0,0.303
2023-10-01 18:00:00+00:00,14.65,75.672516,0.0,18.2,0.302
2023-10-01 19:00:00+00:00,14.2,81.61787,0.8,17.45,0.31
2023-10-01 20:00:00+00:00,14.7,78.24069,0.2,16.8,0.311
2023-10-01 21:00:00+00:00,14.2,80.54155,0.0,16.2,0.309
2023-10-01 22:00:00+00:00,13.3,85.107574,0.0,15.75,0.307
2023-10-01 23:00:00+00:00,12.55,89.682274,0.0,15.35,0.305
2023-10-02 00:00:00+00:00,13.2,88.26013,0.0,17.2,0.315
2023-10-02 01:00:00+00:00,13.05,90.91475,0.5,16.2,0.32
2023-10-02 02:00:00+00:00,12.65,92.7104,0.0,15.55,0.318
2023-10-02 03:00:00+00:00,12.05,94.22767,0.0,14.95,0.316
2023-10-02 04:00:00+00:00,11.95,94.85026,0.0,14.6,0.314
2023-10-02 05:00:00+00:00,13.4,90.34107,0.0,14.8,0.312
2023-10-02 06:00:00+00:00,15.15,80.936844,0.0,15.8,0.31
2023-10-02 07:00:00+00:00,16.9,70.2643,0.0,17.2,0.308
2023-10-02 08:00:00+00:00,18.5,60.846226,0.0,18.8,0.305
2023-10-02 09:00:00+00:00,19.75,53.899506,0.0,20.25,0.303
2023-10-02 10:00:00+00:00,20.85,48.213024,0.0,21.55,0.3
2023-10-02 11:00:00+00:00,17.25,69.86912,0.6,21.05,0.304
2023-10-02 12:00:00+00:00,19.7,50.900352,1.1,20.7,0.309
2023-10-02 13:00:00+00:00,19.7,47.8985,0.0,20.65,0.306
2023-10-02 14:00:00+00:00,19.6,45.80088,0.0,20.5,0.304
2023-10-02 15:00:00+00:00,17.2,56.20986,0.0,19.9,0.302
2023-10-02 16:00:00+00:00,15.3,69.02197,0.4,18.75,0.305
2023-10-02 17:00:00+00:00,14.9,70.110275,0.0,17.8,0.304
2023-10-02 18:00:00+00:00,14.25,71.41323,0.0,17.15,0.302
2023-10-02 19:00:00+00:00,13.75,72.778404,0.1,16.5,0.302
2023-10-02 20:00:00+00:00,13.45,72.723785,0.0,16.0,0.3
2023-10-02 21:00:00+00:00,13.15,73.66004,0.0,15.65,0.299
2023-10-02 22:00:00+00:00,13.65,72.270454,0.0,15.7,0.298
2023-10-02 23:00:00+00:00,13.3,76.72909,0.2,15.55,0.297
2023-10-03 00:00:00+00:00,12.55,76.34994,0.3,16.85,0.287
2023-10-03 01:00:00+00:00,12.6,77.136665,0.0,16.25,0.286
2023-10-03 02:00:00+00:00,12.2,79.45711,0.0,15.7,0.285
2023-10-03 03:00:00+00:00,12.0,79.69741,0.0,15.3,0.284
2023-10-03 04:00:00+00:00,11.8,78.063896,0.0,14.95,0.283
2023-10-03 05:00:00+00:00,12.85,69.46903,0.0,15.1,0.282
2023-10-03 06:00:00+00:00,14.15,61.26388,0.0,15.8,0.281
2023-10-03 07:00:00+00:00,15.45,55.76394,0.0,17.0,0.279
2023-10-03 08:00:00+00:00,16.8,50.464867,0.0,18.4,0.277
2023-10-03 09:00:00+00:00,18.35,45.765068,0.0,19.95,0.275
2023-10-03 10:00:00+00:00,19.4,41.408142,0.0,21.25,0.273
2023-10-03 11:00:00+00:00,20.1,37.379635,0.0,22.25,0.271
2023-10-03 12:00:00+00:00,20.0,33.037594,0.0,22.95,0.27
2023-10-03 13:00:00+00:00,19.8,32.980045,0.0,22.7,0.269
2023-10-03 14:00:00+00:00,18.95,34.4036,0.0,22.0,0.267
2023-10-03 15:00:00+00:00,17.8,36.068665,0.0,20.95,0.266
2023-10-03 16:00:00+00:00,14.85,43.677303,0.0,19.4,0.266
2023-10-03 17:00:00+00:00,14.25,44.921124,0.0,18.15,0.265
2023-10-03 18:00:00+00:00,13.7,46.058197,0.0,17.2,0.264
2023-10-03 19:00:00+00:00,13.45,52.05328,0.0,16.6,0.264
2023-10-03 20:00:00+00:00,12.7,59.04124,0.0,16.05,0.263
2023-10-03 21:00:00+00:00,12.05,63.79577,0.0,15.55,0.263
2023-10-03 22:00:00+00:00,11.3,68.44289,0.0,15.05,0.262
2023-10-03 23:00:00+00:00,10.65,72.707375,0.0,14.6,0.262
2023-10-04 00:00:00+00:00,9.75,77.21226,0.0,14.35,0.259
2023-10-04 01:00:00+00:00,9.2,80.39569,0.0,13.85,0.258
2023-10-04 02:00:00+00:00,8.6,84.29783,0.0,13.35,0.258
2023-10-04 03:00:00+00:00,8.1,87.80735,0.0,12.9,0.257
2023-10-04 04:00:00+00:00,7.7,90.229385,0.0,12.5,0.257
2023-10-04 05:00:00+00:00,9.5,80.99354,0.0,12.7,0.257
2023-10-04 06:00:00+00:00,12.75,64.619865,0.0,14.0,0.256
2023-10-04 07:00:00+00:00,14.8,54.45539,0.0,15.85,0.255
2023-10-04 08:00:00+00:00,16.4,47.97402,0.0,17.85,0.254
2023-10-04 09:00:00+00:00,17.55,43.83451,0.0,19.65,0.252
2023-10-04 10:00:00+00:00,18.45,41.136055,0.0,21.1,0.25
2023-10-04 11:00:00+00:00,19.15,38.695606,0.0,22.15,0.249
2023-10-04 12:00:00+00:00,18.9,37.820934,0.0,22.65,0.25
2023-10-04 13:00:00+00:00,19.05,36.559532,0.0,22.65,0.248
2023-10-04 14:00:00+00:00,18.65,37.352863,0.0,22.05,0.247
2023-10-04 15:00:00+00:00,16.6,55.298912,0.0,20.75,0.247
2023-10-04 16:00:00+00:00,16.55,42.641537,0.0,18.95,0.246
2023-10-04 17:00:00+00:00,15.7,44.07627,0.0,17.5,0.246
2023-10-04 18:00:00+00:00,14.1,49.20422,0.0,16.35,0.246
2023-10-04 19:00:00+00:00,13.0,53.41567,0.0,15.4,0.246
2023-10-04 20:00:00+00:00,11.15,62.268654,0.0,14.65,0.245
2023-10-04 21:00:00+00:00,10.65,65.73746,0.0,14.05,0.245
2023-10-04 22:00:00+00:00,10.55,67.577415,0.0,13.5,0.245
2023-10-04 23:00:00+00:00,11.6,62.592445,0.0,13.0,0.245
2023-10-05 00:00:00+00:00,11.8,61.98743,0.0,11.9,0.247
2023-10-05 01:00:00+00:00,11.05,64.91363,0.0,11.6,0.247
2023-10-05 02:00:00+00:00,8.2,78.86876,0.0,11.35,0.247
2023-10-05 03:00:00+00:00,7.5,83.29556,0.0,11.1,0.246
2023-10-05 04:00:00+00:00,7.35,84.74152,0.0,10.85,0.246
2023-10-05 05:00:00+00:00,10.25,72.63346,0.0,11.35,0.246
2023-10-05 06:00:00+00:00,13.35,60.23527,0.0,12.95,0.245
2023-10-05 07:00:00+00:00,15.45,52.590023,0.0,15.05,0.245
2023-10-05 08:00:00+00:00,17.0,47.97426,0.0,17.25,0.243
2023-10-05 09:00:00+00:00,18.2,44.9414,0.0,19.25,0.242
2023-10-05 10:00:00+00:00,19.3,42.1004,0.0,21.0,0.241
2023-10-05 11:00:00+00:00,20.2,39.268326,0.0,22.3,0.239
2023-10-05 12:00:00+00:00,20.65,35.881176,0.0,22.9,0.24
2023-10-05 13:00:00+00:00,20.8,35.30455,0.0,22.9,0.239
2023-10-05 14:00:00+00:00,20.25,35.269417,0.0,22.3,0.238
2023-10-05 15:00:00+00:00,17.6,46.670208,0.0,20.95,0.237
2023-10-05 16:00:00+00:00,14.85,48.55368,0.0,19.15,0.237
2023-10-05 17:00:00+00:00,13.55,49.57439,0.0,17.7,0.237
2023-10-05 18:00:00+00:00,13.1,48.407608,0.0,16.45,0.237
2023-10-05 19:00:00+00:00,12.75,47.455315,0.0,15.45,0.236
2023-10-05 20:00:00+00:00,12.4,47.52613,0.0,14.7,0.236
2023-10-05 21:00:00+00:00,11.7,51.761852,0.0,14.0,0.236
2023-10-05 22:00:00+00:00,11.45,53.760056,0.0,13.45,0.236
2023-10-05 23:00:00+00:00,12.0,51.65959,0.0,12.95,0.236
2023-10-06 00:00:00+00:00,12.65,49.5003,0.0,11.4,0.238
2023-10-06 01:00:00+00:00,12.15,51.51712,0.0,11.15,0.237
2023-10-06 02:00:00+00:00,10.85,55.941616,0.0,10.95,0.237
2023-10-06 03:00:00+00:00,11.1,54.43672,0.0,10.7,0.237
2023-10-06 04:00:00+00:00,10.65,56.892548,0.0,10.45,0.237
2023-10-06 05:00:00+00:00,10.8,59.192814,0.0,11.0,0.237
2023-10-06 06:00:00+00:00,13.7,50.854694,0.0,12.6,0.236
2023-10-06 07:00:00+00:00,15.8,44.10486,0.0,14.7,0.236
2023-10-06 08:00:00+00:00,17.55,39.88459,0.0,16.85,0.235
2023-10-06 09:00:00+00:00,19.05,35.922195,0.0,18.85,0.233
2023-10-06 10:00:00+00:00,20.05,31.790606,0.0,20.5,0.232
2023-10-06 11:00:00+00:00,20.65,29.988846,0.0,21.65,0.231
2023-10-06 12:00:00+00:00,21.05,28.23631,0.0,22.25,0.23
2023-10-06 13:00:00+00:00,21.0,27.13308,0.0,22.3,0.228
2023-10-06 14:00:00+00:00,20.5,27.384867,0.0,21.75,0.228
2023-10-06 15:00:00+00:00,17.35,46.439407,0.0,20.45,0.227
2023-10-06 16:00:00+00:00,16.05,39.029945,0.0,18.65,0.227
2023-10-06 17:00:00+00:00,17.25,32.59417,0.0,17.25,0.227
2023-10-06 18:00:00+00:00,15.9,36.02985,0.0,16.15,0.227
2023-10-06 19:00:00+00:00,12.75,47.62506,0.0,15.3,0.227
2023-10-06 20:00:00+00:00,13.25,50.196644,0.0,14.8,0.227
2023-10-06 21:00:00+00:00,12.7,55.829975,0.0,14.45,0.227
2023-10-06 22:00:00+00:00,12.35,58.95463,0.0,14.2,0.226
2023-10-06 23:00:00+00:00,12.1,61.199615,0.0,13.95,0.226
2023-10-07 00:00:00+00:00,12.2,64.27374,0.0,14.35,0.224
2023-10-07 01:00:00+00:00,11.95,66.25071,0.0,14.05,0.224
2023-10-07 02:00:00+00:00,11.15,69.60656,0.0,13.7,0.224
2023-10-07 03:00:00+00:00,10.15,74.3971,0.0,13.3,0.224
2023-10-07 04:00:00+00:00,9.5,77.708336,0.0,12.9,0.224
2023-10-07 05:00:00+00:00,11.05,71.290855,0.0,13.05,0.224
2023-10-07 06:00:00+00:00,14.3,59.0266,0.0,14.15,0.223
2023-10-07 07:00:00+00:00,16.65,47.381676,0.0,15.95,0.223
2023-10-07 08:00:00+00:00,18.3,42.106464,0.0,17.9,0.222
2023-10-07 09:00:00+00:00,19.7,38.7193,0.0,19.8,0.221
2023-10-07 10:00:00+00:00,20.9,35.704025,0.0,21.55,0.22
2023-10-07 11:00:00+00:00,21.65,33.745266,0.0,22.85,0.218
2023-10-07 12:00:00+00:00,21.85,29.799694,0.0,23.5,0.215
2023-10-07 13:00:00+00:00,22.1,29.452425,0.0,23.6,0.215
2023-10-07 14:00:00+00:00,21.45,30.64533,0.0,22.95,0.214
2023-10-07 15:00:00+00:00,18.5,41.726734,0.0,21.55,0.214
2023-10-07 16:00:00+00:00,15.45,48.381176,0.0,19.75,0.213
2023-10-07 17:00:00+00:00,14.5,51.251553,0.0,18.25,0.213
2023-10-07 18:00:00+00:00,13.95,52.18815,0.0,17.05,0.213
2023-10-07 19:00:00+00:00,13.2,54.60584,0.0,16.05,0.213
2023-10-07 20:00:00+00:00,12.05,58.2644,0.0,15.25,0.213
2023-10-07 21:00:00+00:00,12.15,58.085552,0.0,14.7,0.213
2023-10-07 22:00:00+00:00,11.3,61.65285,0.0,14.25,0.213
2023-10-07 23:00:00+00:00,10.2,67.50335,0.0,13.7,0.213
2023-10-08 00:00:00+00:00,13.2,54.22452,0.0,11.7,0.218
2023-10-08 01:00:00+00:00,13.0,53.41567,0.0,11.55,0.217
2023-10-08 02:00:00+00:00,12.6,53.30891,0.0,11.35,0.217
2023-10-08 03:00:00+00:00,12.35,53.430546,0.0,11.15,0.217
2023-10-08 04:00:00+00:00,11.9,54.455326,0.0,10.95,0.217
2023-10-08 05:00:00+00:00,11.75,57.174297,0.0,11.45,0.217
2023-10-08 06:00:00+00:00,14.7,48.682564,0.0,13.05,0.217
2023-10-08 07:00:00+00:00,16.9,41.558186,0.0,15.1,0.216
2023-10-08 08:00:00+00:00,18.6,37.207283,0.0,17.2,0.216
2023-10-08 09:00:00+00:00,20.05,33.877552,0.0,19.1,0.215
2023-10-08 10:00:00+00:00,21.2,30.57429,0.0,20.75,0.213
2023-10-08 11:00:00+00:00,22.15,26.493404,0.0,22.05,0.212
2023-10-08 12:00:00+00:00,22.65,24.620731,0.0,22.55,0.215
2023-10-08 13:00:00+00:00,22.7,23.173615,0.0,22.75,0.214
2023-10-08 14:00:00+00:00,22.1,24.38364,0.0,22.25,0.214
2023-10-08 15:00:00+00:00,21.1,27.849815,0.0,20.9,0.213
2023-10-08 16:00:00+00:00,18.95,31.927975,0.0,19.1,0.213
2023-10-08 17:00:00+00:00,17.95,33.1517,0.0,17.65,0.213
2023-10-08 18:00:00+00:00,15.55,38.606594,0.0,16.55,0.213
2023-10-08 19:00:00+00:00,17.75,31.241737,0.0,15.6,0.213
2023-10-08 20:00:00+00:00,13.2,43.356388,0.0,14.9,0.213
2023-10-08 21:00:00+00:00,14.05,44.387012,0.0,14.5,0.213
2023-10-08 22:00:00+00:00,13.15,57.32949,0.0,14.25,0.213
2023-10-08 23:00:00+00:00,12.1,62.05813,0.0,13.8,0.213
2023-10-09 00:00:00+00:00,11.4,60.18141,0.0,12.35,0.206
2023-10-09 01:00:00+00:00,10.95,62.003513,0.0,12.05,0.206
2023-10-09 02:00:00+00:00,12.6,56.00023,0.0,11.75,0.206
2023-10-09 03:00:00+00:00,10.8,63.509483,0.0,11.5,0.206
2023-10-09 04:00:00+00:00,9.9,66.03446,0.0,11.3,0.206
2023-10-09 05:00:00+00:00,11.55,61.496803,0.0,11.75,0.206
2023-10-09 06:00:00+00:00,14.35,55.48074,0.0,13.25,0.205
2023-10-09 07:00:00+00:00,15.75,52.85193,0.0,14.95,0.205
2023-10-09 08:00:00+00:00,17.2,54.33386,0.0,16.7,0.204
2023-10-09 09:00:00+00:00,17.85,54.872055,0.0,18.15,0.204
2023-10-09 10:00:00+00:00,18.35,53.17545,0.0,19.35,0.203
2023-10-09 11:00:00+00:00,18.05,49.60366,0.0,19.7,0.203
2023-10-09 12:00:00+00:00,19.15,46.146236,0.0,20.4,0.206
2023-10-09 13:00:00+00:00,18.65,46.80201,0.0,20.5,0.206
2023-10-09 14:00:00+00:00,17.95,46.446842,0.0,20.0,0.205
2023-10-09 15:00:00+00:00,16.6,48.868233,0.0,19.05,0.205
2023-10-09 16:00:00+00:00,14.85,53.347916,0.0,17.95,0.205
2023-10-09 17:00:00+00:00,13.35,58.18337,0.0,16.85,0.205
2023-10-09 18:00:00+00:00,13.0,59.115288,0.0,16.05,0.205
2023-10-09 19:00:00+00:00,12.5,60.44847,0.0,15.4,0.204
2023-10-09 20:00:00+00:00,11.25,65.412346,0.0,14.75,0.204
2023-10-09 21:00:00+00:00,10.45,68.26681,0.0,14.15,0.204
2023-10-09 22:00:00+00:00,10.35,67.53511,0.0,13.7,0.204
2023-10-09 23:00:00+00:00,10.05,68.6618,0.0,13.35,0.204
2023-10-10 00:00:00+00:00,9.9,72.06567,0.0,13.2,0.198
2023-10-10 01:00:00+00:00,10.0,72.58713,0.0,13.1,0.198
2023-10-10 02:00:00+00:00,10.6,70.467705,0.0,13.15,0.198
2023-10-10 03:00:00+00:00,10.7,69.034966,0.0,13.2,0.198
2023-10-10 04:00:00+00:00,10.75,69.04514,0.0,13.2,0.198
2023-10-10 05:00:00+00:00,11.05,69.10619,0.0,13.35,0.198
2023-10-10 06:00:00+00:00,12.6,63.480476,0.0,14.2,0.198
2023-10-10 07:00:00+00:00,14.15,60.844727,0.0,15.65,0.197
2023-10-10 08:00:00+00:00,15.55,56.754387,0.0,17.25,0.197
2023-10-10 09:00:00+00:00,16.8,51.87103,0.0,18.75,0.196
2023-10-10 10:00:00+00:00,17.35,47.905712,0.0,20.0,0.196
2023-10-10 11:00:00+00:00,18.1,41.612083,0.0,20.95,0.195
2023-10-10 12:00:00+00:00,19.25,35.352573,0.0,21.35,0.193
2023-10-10 13:00:00+00:00,19.95,34.208096,0.0,21.45,0.192
2023-10-10 14:00:00+00:00,19.15,33.73732,0.0,20.95,0.192
2023-10-10 15:00:00+00:00,17.0,39.3063,0.0,19.8,0.192
2023-10-10 16:00:00+00:00,15.0,45.93871,0.0,18.25,0.192
2023-10-10 17:00:00+00:00,14.0,54.24566,0.0,17.25,0.192
2023-10-10 18:00:00+00:00,12.95,59.515232,0.0,16.4,0.192
2023-10-10 19:00:00+00:00,11.9,64.65312,0.0,15.55,0.191
2023-10-10 20:00:00+00:00,10.6,70.71251,0.0,14.75,0.191
2023-10-10 21:00:00+00:00,9.75,74.84425,0.0,14.0,0.191
2023-10-10 22:00:00+00:00,9.0,78.98833,0.0,13.35,0.191
2023-10-10 23:00:00+00:00,8.65,81.15813,0.0,12.85,0.191
2023-10-11 00:00:00+00:00,8.5,80.01891,0.0,13.85,0.182
2023-10-11 01:00:00+00:00,8.35,81.11742,0.0,13.1,0.182
2023-10-11 02:00:00+00:00,7.8,85.086754,0.0,12.4,0.182
2023-10-11 03:00:00+00:00,7.6,87.155846,0.0,11.85,0.182
2023-10-11 04:00:00+00:00,7.6,88.065865,0.0,11.45,0.181
2023-10-11 05:00:00+00:00,9.45,78.78258,0.0,11.6,0.181
2023-10-11 06:00:00+00:00,11.75,65.0697,0.0,12.65,0.181
2023-10-11 07:00:00+00:00,13.25,57.35479,0.0,14.15,0.181
2023-10-11 08:00:00+00:00,15.0,48.42543,0.0,15.9,0.181
2023-10-11 09:00:00+00:00,16.6,42.506245,0.0,17.75,0.18
2023-10-11 10:00:00+00:00,17.8,38.98586,0.0,19.4,0.179
2023-10-11 11:00:00+00:00,19.05,34.310905,0.0,20.5,0.179
2023-10-11 12:00:00+00:00,19.65,30.785807,0.0,21.35,0.178
2023-10-11 13:00:00+00:00,19.65,29.917976,0.0,21.35,0.177
2023-10-11 14:00:00+00:00,19.05,30.069437,0.0,20.8,0.177
2023-10-11 15:00:00+00:00,17.3,33.9248,0.0,19.7,0.177
2023-10-11 16:00:00+00:00,15.35,38.272396,0.0,18.3,0.177
2023-10-11 17:00:00+00:00,14.75,42.42355,0.0,17.3,0.177
2023-10-11 18:00:00+00:00,13.95,44.042824,0.0,16.4,0.176
2023-10-11 19:00:00+00:00,13.2,45.1019,0.0,15.7,0.176
2023-10-11 20:00:00+00:00,12.35,48.716476,0.0,15.05,0.176
2023-10-11 21:00:00+00:00,11.25,57.046513,0.0,14.45,0.176
2023-10-11 22:00:00+00:00,10.2,65.63822,0.0,13.85,0.176
2023-10-11 23:00:00+00:00,9.45,70.24053,0.0,13.3,0.176
2023-10-12 00:00:00+00:00,8.75,74.93178,0.0,13.5,0.173
2023-10-12 01:00:00+00:00,8.2,78.59406,0.0,12.8,0.173
2023-10-12 02:00:00+00:00,7.5,83.586334,0.0,12.15,0.173
2023-10-12 03:00:00+00:00,6.9,87.392265,0.0,11.6,0.173
2023-10-12 04:00:00+00:00,6.35,91.07521,0.0,11.05,0.173
2023-10-12 05:00:00+00:00,7.8,83.33216,0.0,11.05,0.173
2023-10-12 06:00:00+00:00,10.3,68.95326,0.0,12.15,0.173
2023-10-12 07:00:00+00:00,12.25,58.51899,0.0,13.85,0.173
2023-10-12 08:00:00+00:00,14.25,49.593216,0.0,15.8,0.173
2023-10-12 09:00:00+00:00,16.0,42.03541,0.0,17.8,0.172
2023-10-12 10:00:00+00:00,17.35,36.844265,0.0,19.65,0.171
2023-10-12 11:00:00+00:00,18.3,33.972477,0.0,21.1,0.171
2023-10-12 12:00:00+00:00,18.35,34.967537,0.0,21.9,0.171
2023-10-12 13:00:00+00:00,18.6,34.66941,0.0,21.95,0.171
2023-10-12 14:00:00+00:00,18.05,36.013454,0.0,21.25,0.17
2023-10-12 15:00:00+00:00,15.5,44.48731,0.0,19.8,0.17
2023-10-12 16:00:00+00:00,13.2,50.897243,0.0,18.0,0.17
2023-10-12 17:00:00+00:00,11.7,55.178444,0.0,16.5,0.17
2023-10-12 18:00:00+00:00,11.9,52.745564,0.0,15.25,0.17
2023-10-12 19:00:00+00:00,11.2,54.85189,0.0,14.2,0.17
2023-10-12 20:00:00+00:00,10.1,59.439304,0.0,13.35,0.17
2023-10-12 21:00:00+00:00,9.5,62.762154,0.0,12.65,0.17
2023-10-12 22:00:00+00:00,9.95,60.896854,0.0,12.0,0.17
2023-10-12 23:00:00+00:00,11.45,54.14353,0.0,11.45,0.17
2023-10-13 00:00:00+00:00,10.15,58.612877,0.0,9.15,0.182
2023-10-13 01:00:00+00:00,9.9,59.17875,0.0,9.0,0.182
2023-10-13 02:00:00+00:00,9.8,59.576458,0.0,8.8,0.182
2023-10-13 03:00:00+00:00,7.25,70.80058,0.0,8.65,0.182
2023-10-13 04:00:00+00:00,7.05,71.52127,0.0,8.45,0.182
2023-10-13 05:00:00+00:00,8.5,68.33985,0.0,8.9,0.182
2023-10-13 06:00:00+00:00,11.7,55.570118,0.0,10.55,0.182
2023-10-13 07:00:00+00:00,14.2,46.364285,0.0,12.8,0.182
2023-10-13 08:00:00+00:00,16.05,40.58694,0.0,15.15,0.181
2023-10-13 09:00:00+00:00,17.5,36.49696,0.0,17.3,0.18
2023-10-13 10:00:00+00:00,18.7,32.199593,0.0,19.15,0.18
2023-10-13 11:00:00+00:00,19.65,28.967625,0.0,20.55,0.179
2023-10-13 12:00:00+00:00,20.3,26.1704,0.0,21.3,0.182
2023-10-13 13:00:00+00:00,20.35,25.995455,0.0,21.45,0.181
2023-10-13 14:00:00+00:00,19.75,26.88136,0.0,20.85,0.181
2023-10-13 15:00:00+00:00,16.0,40.572422,0.0,19.3,0.181
2023-10-13 16:00:00+00:00,13.3,44.64856,0.0,17.45,0.181
2023-10-13 17:00:00+00:00,12.3,45.004955,0.0,15.95,0.181
2023-10-13 18:00:00+00:00,11.75,45.172096,0.0,14.8,0.181
2023-10-13 19:00:00+00:00,11.05,47.657024,0.0,13.85,0.181
2023-10-13 20:00:00+00:00,10.4,50.6696,0.0,13.1,0.181
2023-10-13 21:00:00+00:00,9.5,53.815445,0.0,12.45,0.18
2023-10-13 22:00:00+00:00,8.95,55.04428,0.0,11.8,0.18
2023-10-13 23:00:00+00:00,8.5,55.92888,0.0,11.25,0.18
2023-10-14 00:00:00+00:00,10.65,47.543232,0.0,9.15,0.188
2023-10-14 01:00:00+00:00,7.6,57.755733,0.0,9.0,0.188
2023-10-14 02:00:00+00:00,7.0,58.87491,0.0,8.8,0.188
2023-10-14 03:00:00+00:00,6.35,60.451576,0.0,8.65,0.188
2023-10-14 04:00:00+00:00,6.25,59.986942,0.0,8.45,0.188
2023-10-14 05:00:00+00:00,8.8,52.470314,0.0,8.8,0.188
2023-10-14 06:00:00+00:00,12.1,46.429276,0.0,10.4,0.188
2023-10-14 07:00:00+00:00,15.1,36.44914,0.0,12.7,0.187
2023-10-14 08:00:00+00:00,17.4,31.140675,0.0,15.2,0.187
2023-10-14 09:00:00+00:00,19.05,28.384033,0.0,17.55,0.186
2023-10-14 10:00:00+00:00,20.25,25.873829,0.0,19.55,0.185
2023-10-14 11:00:00+00:00,21.0,23.22402,0.0,20.95,0.185
2023-10-14 12:00:00+00:00,21.35,23.573778,0.0,21.75,0.185
2023-10-14 13:00:00+00:00,21.4,23.759197,0.0,21.9,0.184
2023-10-14 14:00:00+00:00,20.75,25.088116,0.0,21.3,0.184
2023-10-14 15:00:00+00:00,19.25,28.543537,0.0,19.7,0.184
2023-10-14 16:00:00+00:00,14.35,41.112602,0.0,17.8,0.184
2023-10-14 17:00:00+00:00,14.9,38.14053,0.0,16.55,0.184
2023-10-14 18:00:00+00:00,14.0,36.924255,0.0,15.6,0.184
2023-10-14 19:00:00+00:00,13.05,33.291912,0.0,14.85,0.184
2023-10-14 20:00:00+00:00,11.05,38.54401,0.0,14.0,0.184
2023-10-14 21:00:00+00:00,13.25,31.661139,0.0,13.2,0.184
2023-10-14 22:00:00+00:00,14.2,29.107265,0.0,12.55,0.184
2023-10-14 23:00:00+00:00,15.55,26.091772,0.0,12.0,0.184
2023-10-15 00:00:00+00:00,13.8,30.095839,0.0,11.35,0.186
2023-10-15 01:00:00+00:00,9.6,41.68006,0.0,11.05,0.186
2023-10-15 02:00:00+00:00,9.55,42.602573,0.0,10.9,0.186
2023-10-15 03:00:00+00:00,8.6,46.096558,0.0,10.75,0.186
2023-10-15 04:00:00+00:00,8.2,47.538334,0.0,10.6,0.186
2023-10-15 05:00:00+00:00,9.9,44.635674,0.0,10.75,0.186
2023-10-15 06:00:00+00:00,13.45,39.254017,0.0,12.05,0.186
2023-10-15 07:00:00+00:00,15.75,31.345016,0.0,14.05,0.185
2023-10-15 08:00:00+00:00,17.4,27.107628,0.0,16.05,0.185
2023-10-15 09:00:00+00:00,19.0,24.248257,0.0,18.0,0.184
2023-10-15 10:00:00+00:00,20.2,23.7814,0.0,19.8,0.183
2023-10-15 11:00:00+00:00,20.9,24.67804,0.0,21.15,0.183
2023-10-15 12:00:00+00:00,21.2,32.11977,0.0,21.45,0.186
2023-10-15 13:00:00+00:00,21.1,31.310091,0.0,21.6,0.185
2023-10-15 14:00:00+00:00,20.55,32.046783,0.0,21.05,0.185
2023-10-15 15:00:00+00:00,16.75,47.2454,0.0,19.6,0.185
2023-10-15 16:00:00+00:00,15.7,48.113865,0.0,17.95,0.185
2023-10-15 17:00:00+00:00,18.0,39.18117,0.0,16.65,0.185
2023-10-15 18:00:00+00:00,17.55,39.88459,0.0,15.6,0.185
2023-10-15 19:00:00+00:00,14.55,49.502094,0.0,14.7,0.185
2023-10-15 20:00:00+00:00,16.2,45.00106,0.0,13.95,0.185
2023-10-15 21:00:00+00:00,15.75,47.295128,0.0,13.3,0.185
2023-10-15 22:00:00+00:00,15.3,48.848946,0.0,12.8,0.185
2023-10-15 23:00:00+00:00,14.45,51.597275,0.0,12.3,0.185
2023-10-16 00:00:00+00:00,13.0,56.10344,0.0,10.85,0.186
2023-10-16 01:00:00+00:00,11.5,62.35091,0.0,10.65,0.186
2023-10-16 02:00:00+00:00,11.25,63.8354,0.0,10.4,0.186
2023-10-16 03:00:00+00:00,11.05,65.36808,0.0,10.2,0.186
2023-10-16 04:00:00+00:00,10.2,69.657524,0.0,9.95,0.186
2023-10-16 05:00:00+00:00,10.15,73.62865,0.0,10.25,0.186
2023-10-16 06:00:00+00:00,13.1,61.86381,0.0,11.7,0.186
2023-10-16 07:00:00+00:00,15.0,57.005814,0.0,13.6,0.186
2023-10-16 08:00:00+00:00,16.65,52.187973,0.0,15.65,0.185
2023-10-16 09:00:00+00:00,18.2,46.676796,0.0,17.6,0.185
2023-10-16 10:00:00+00:00,19.45,41.42242,0.0,19.2,0.184
2023-10-16 11:00:00+00:00,20.45,36.70748,0.0,20.45,0.183
2023-10-16 12:00:00+00:00,20.75,34.679874,0.0,20.95,0.182
2023-10-16 13:00:00+00:00,20.7,34.424004,0.0,20.9,0.182
2023-10-16 14:00:00+00:00,20.2,34.64287,0.0,20.3,0.182
2023-10-16 15:00:00+00:00,18.45,41.423344,0.0,19.4,0.181
2023-10-16 16:00:00+00:00,16.45,50.71852,0.0,18.25,0.181
2023-10-16 17:00:00+00:00,15.0,62.732765,0.0,17.3,0.181
2023-10-16 18:00:00+00:00,13.6,67.75043,0.0,16.35,0.181
2023-10-16 19:00:00+00:00,12.8,71.86797,0.0,15.6,0.181
2023-10-16 20:00:00+00:00,11.55,77.496254,0.0,14.8,0.181
2023-10-16 21:00:00+00:00,10.8,80.89313,0.0,14.1,0.181
2023-10-16 22:00:00+00:00,10.25,82.21184,0.0,13.55,0.181
2023-10-16 23:00:00+00:00,9.75,81.585915,0.0,13.05,0.181
2023-10-17 00:00:00+00:00,8.85,82.60002,0.0,13.1,0.178
2023-10-17 01:00:00+00:00,8.9,81.4731,0.0,12.65,0.178
2023-10-17 02:00:00+00:00,8.8,81.74194,0.0,12.2,0.178
2023-10-17 03:00:00+00:00,8.65,82.005516,0.0,11.9,0.178
2023-10-17 04:00:00+00:00,9.15,79.83494,0.0,11.85,0.178
2023-10-17 05:00:00+00:00,9.9,76.70472,0.0,12.0,0.178
2023-10-17 06:00:00+00:00,11.55,68.96913,0.0,12.8,0.178
2023-10-17 07:00:00+00:00,13.55,62.827976,0.0,14.3,0.177
2023-10-17 08:00:00+00:00,15.65,56.77967,0.0,16.15,0.177
2023-10-17 09:00:00+00:00,17.7,49.848553,0.0,18.1,0.176
2023-10-17 10:00:00+00:00,18.2,48.140427,0.0,19.55,0.176
2023-10-17 11:00:00+00:00,18.8,44.801266,0.0,20.6,0.175
2023-10-17 12:00:00+00:00,19.55,38.676117,0.0,21.6,0.174
2023-10-17 13:00:00+00:00,19.55,38.407883,0.0,21.6,0.174
2023-10-17 14:00:00+00:00,18.85,40.11959,0.0,20.95,0.173
2023-10-17 15:00:00+00:00,15.5,54.450134,0.0,19.5,0.173
2023-10-17 16:00:00+00:00,14.45,56.670567,0.0,17.95,0.173
2023-10-17 17:00:00+00:00,13.8,58.903526,0.0,16.8,0.173
2023-10-17 18:00:00+00:00,13.6,58.85416,0.0,15.95,0.173
2023-10-17 19:00:00+00:00,13.4,59.62531,0.0,15.35,0.173
2023-10-17 20:00:00+00:00,12.85,62.019203,0.0,14.8,0.173
2023-10-17 21:00:00+00:00,12.4,63.875393,0.0,14.35,0.173
2023-10-17 22:00:00+00:00,11.55,68.96913,0.0,13.95,0.173
2023-10-17 23:00:00+00:00,10.7,74.23715,0.0,13.55,0.173
2023-10-18 00:00:00+00:00,9.7,76.143486,0.0,13.55,0.162
2023-10-18 01:00:00+00:00,9.55,78.79756,0.0,13.1,0.162
2023-10-18 02:00:00+00:00,10.3,73.14759,0.0,12.55,0.162
2023-10-18 03:00:00+00:00,10.95,68.84669,0.0,12.25,0.162
2023-10-18 04:00:00+00:00,9.35,76.61531,0.0,12.0,0.162
2023-10-18 05:00:00+00:00,10.7,69.75782,0.0,12.2,0.162
2023-10-18 06:00:00+00:00,11.95,63.99479,0.0,12.85,0.161
2023-10-18 07:00:00+00:00,11.75,67.82963,0.2,13.35,0.163
2023-10-18 08:00:00+00:00,10.95,83.70952,0.6,13.15,0.168
2023-10-18 09:00:00+00:00,11.35,86.92186,0.6,13.25,0.175
2023-10-18 10:00:00+00:00,11.95,83.54519,0.3,13.6,0.178
2023-10-18 11:00:00+00:00,13.4,73.20803,0.0,14.7,0.178
2023-10-18 12:00:00+00:00,14.05,73.81904,0.0,15.85,0.178
2023-10-18 13:00:00+00:00,14.05,68.77018,0.0,15.85,0.178
2023-10-18 14:00:00+00:00,13.45,74.46303,1.3,15.3,0.194
2023-10-18 15:00:00+00:00,12.75,80.34235,1.8,14.4,0.218
2023-10-18 16:00:00+00:00,10.45,91.657745,0.0,13.45,0.218
2023-10-18 17:00:00+00:00,9.5,91.59743,0.0,12.6,0.218
2023-10-18 18:00:00+00:00,9.25,90.34343,0.0,11.95,0.218
2023-10-18 19:00:00+00:00,8.35,91.523544,0.0,11.35,0.218
2023-10-18 20:00:00+00:00,7.7,92.74866,0.0,10.8,0.218
2023-10-18 21:00:00+00:00,7.05,94.326004,0.0,10.3,0.218
2023-10-18 22:00:00+00:00,6.6,95.95024,0.0,9.85,0.218
2023-10-18 23:00:00+00:00,6.3,97.2773,0.0,9.5,0.217
2023-10-19 00:00:00+00:00,5.95,100.0,0.0,11.4,0.201
2023-10-19 01:00:00+00:00,5.8,100.0,0.0,10.6,0.201
2023-10-19 02:00:00+00:00,6.15,100.0,0.0,9.95,0.201
2023-10-19 03:00:00+00:00,5.5,100.0,0.0,9.45,0.201
2023-10-19 04:00:00+00:00,5.9,99.99999,0.0,9.2,0.201
2023-10-19 05:00:00+00:00,6.85,98.63634,0.0,9.45,0.201
2023-10-19 06:00:00+00:00,7.85,93.07592,0.0,10.3,0.201
2023-10-19 07:00:00+00:00,9.35,83.5194,0.0,11.5,0.2
2023-10-19 08:00:00+00:00,10.7,76.30823,0.0,12.85,0.2
2023-10-19 09:00:00+00:00,12.0,69.53703,0.0,14.1,0.2
2023-10-19 10:00:00+00:00,13.35,62.136395,0.0,15.35,0.2
2023-10-19 11:00:00+00:00,14.15,57.18488,0.0,16.1,0.199
2023-10-19 12:00:00+00:00,14.2,58.79907,0.0,16.05,0.2
2023-10-19 13:00:00+00:00,14.75,55.583984,0.0,16.4,0.199
2023-10-19 14:00:00+00:00,14.65,54.41616,0.0,16.25,0.199
2023-10-19 15:00:00+00:00,12.55,63.24984,0.0,15.35,0.199
2023-10-19 16:00:00+00:00,10.0,75.93036,0.0,14.0,0.199
2023-10-19 17:00:00+00:00,9.8,76.95396,0.0,12.95,0.199
2023-10-19 18:00:00+00:00,9.45,78.78258,0.0,12.3,0.198
2023-10-19 19:00:00+00:00,8.8,81.74194,0.0,11.6,0.198
2023-10-19 20:00:00+00:00,8.1,85.119736,0.0,11.0,0.198
2023-10-19 21:00:00+00:00,7.95,84.2228,0.0,10.4,0.198
2023-10-19 22:00:00+00:00,10.15,72.61494,0.0,9.95,0.198
2023-10-19 23:00:00+00:00,10.6,70.223656,0.0,9.5,0.198
2023-10-20 00:00:00+00:00,8.95,74.966385,0.0,8.0,0.2
2023-10-20 01:00:00+00:00,9.1,74.21208,0.0,7.75,0.199
2023-10-20 02:00:00+00:00,8.9,74.69656,0.0,7.5,0.199
2023-10-20 03:00:00+00:00,7.2,80.67687,0.0,7.25,0.199
2023-10-20 04:00:00+00:00,5.9,84.576965,0.0,7.05,0.199
2023-10-20 05:00:00+00:00,6.9,83.80678,0.0,7.25,0.199
2023-10-20 06:00:00+00:00,10.2,69.4152,0.0,8.75,0.199
2023-10-20 07:00:00+00:00,12.75,59.259575,0.0,10.9,0.199
2023-10-20 08:00:00+00:00,14.8,52.2344,0.0,13.05,0.198
2023-10-20 09:00:00+00:00,16.75,45.31467,0.0,15.15,0.198
2023-10-20 10:00:00+00:00,18.3,39.130535,0.0,16.95,0.197
2023-10-20 11:00:00+00:00,19.3,34.995213,0.0,18.35,0.196
2023-10-20 12:00:00+00:00,19.95,35.67949,0.0,19.25,0.196
2023-10-20 13:00:00+00:00,20.2,34.400665,0.0,19.55,0.196
2023-10-20 14:00:00+00:00,19.6,35.70356,0.0,19.1,0.195
2023-10-20 15:00:00+00:00,17.25,42.246944,0.0,17.6,0.195
2023-10-20 16:00:00+00:00,17.05,41.45552,0.0,16.05,0.195
2023-10-20 17:00:00+00:00,14.85,47.876858,0.0,14.8,0.195
2023-10-20 18:00:00+00:00,13.8,51.061146,0.0,13.85,0.195
2023-10-20 19:00:00+00:00,16.55,42.045685,0.0,13.05,0.195
2023-10-20 20:00:00+00:00,16.35,42.734215,0.0,12.35,0.195
2023-10-20 21:00:00+00:00,13.2,53.65696,0.0,11.8,0.195
2023-10-20 22:00:00+00:00,12.75,58.236,0.0,11.35,0.195
2023-10-20 23:00:00+00:00,13.1,59.758926,0.0,10.95,0.195
2023-10-21 00:00:00+00:00,10.75,69.526184,0.0,9.15,0.194
2023-10-21 01:00:00+00:00,12.85,61.591312,0.0,9.1,0.194
2023-10-21 02:00:00+00:00,12.4,63.875393,0.0,9.0,0.194
2023-10-21 03:00:00+00:00,11.95,66.25071,0.0,8.85,0.194
2023-10-21 04:00:00+00:00,11.65,67.57471,0.0,8.7,0.194
2023-10-21 05:00:00+00:00,11.8,67.37314,0.0,9.0,0.194
2023-10-21 06:00:00+00:00,13.75,62.658676,0.0,10.55,0.194
2023-10-21 07:00:00+00:00,16.2,55.38509,0.0,12.75,0.194
2023-10-21 08:00:00+00:00,18.3,48.333035,0.0,15.1,0.193
2023-10-21 09:00:00+00:00,20.1,42.4733,0.0,17.35,0.192
2023-10-21 10:00:00+00:00,21.45,38.159042,0.0,19.3,0.192
2023-10-21 11:00:00+00:00,22.35,35.381687,0.0,20.75,0.191
2023-10-21 12:00:00+00:00,22.9,33.28839,0.0,21.45,0.191
2023-10-21 13:00:00+00:00,22.75,33.592365,0.0,21.65,0.19
2023-10-21 14:00:00+00:00,21.7,36.307796,0.0,21.1,0.19
2023-10-21 15:00:00+00:00,18.3,46.544518,0.0,19.5,0.19
2023-10-21 16:00:00+00:00,17.3,47.562504,0.0,17.85,0.189
2023-10-21 17:00:00+00:00,14.8,54.83356,0.0,16.55,0.189
2023-10-21 18:00:00+00:00,14.3,57.222767,0.0,15.55,0.189
2023-10-21 19:00:00+00:00,13.55,60.911007,0.0,14.7,0.189
2023-10-21 20:00:00+00:00,13.05,63.14646,0.0,14.05,0.189
2023-10-21 21:00:00+00:00,12.55,64.79837,0.0,13.45,0.189
2023-10-21 22:00:00+00:00,12.3,65.41724,0.0,12.95,0.189
2023-10-21 23:00:00+00:00,12.4,64.98901,0.0,12.55,0.189
2023-10-22 00:00:00+00:00,13.35,59.201466,0.0,9.7,0.196
2023-10-22 01:00:00+00:00,12.6,61.532078,0.0,9.7,0.196
2023-10-22 02:00:00+00:00,12.2,62.732235,0.0,9.7,0.196
2023-10-22 03:00:00+00:00,12.1,62.70898,0.0,9.65,0.196
2023-10-22 04:00:00+00:00,10.1,71.355576,0.0,9.55,0.196
2023-10-22 05:00:00+00:00,10.65,73.46438,0.0,9.85,0.196
2023-10-22 06:00:00+00:00,14.15,60.844727,0.0,11.4,0.196
2023-10-22 07:00:00+00:00,16.65,49.90541,0.0,13.5,0.196
2023-10-22 08:00:00+00:00,18.75,44.787178,0.0,15.8,0.195
2023-10-22 09:00:00+00:00,20.7,40.09512,0.0,18.05,0.194
2023-10-22 10:00:00+00:00,21.85,37.75215,0.0,19.9,0.193
2023-10-22 11:00:00+00:00,22.65,36.081543,0.0,21.25,0.193
2023-10-22 12:00:00+00:00,23.45,32.535355,0.0,22.15,0.189
2023-10-22 13:00:00+00:00,23.7,32.048874,0.0,22.45,0.189
2023-10-22 14:00:00+00:00,22.4,45.196194,0.0,21.85,0.188
2023-10-22 15:00:00+00:00,17.8,51.43207,0.0,20.15,0.188
2023-10-22 16:00:00+00:00,17.0,52.820248,0.0,18.5,0.188
2023-10-22 17:00:00+00:00,16.85,51.17713,0.0,17.25,0.188
2023-10-22 18:00:00+00:00,15.8,53.783512,0.0,16.25,0.188
2023-10-22 19:00:00+00:00,14.6,58.29332,0.0,15.35,0.188
2023-10-22 20:00:00+00:00,14.15,60.01402,0.0,14.6,0.188
2023-10-22 21:00:00+00:00,14.35,58.432213,0.0,14.0,0.188
2023-10-22 22:00:00+00:00,16.25,50.66431,0.0,13.4,0.188
2023-10-22 23:00:00+00:00,16.3,49.809837,0.0,12.9,0.188
2023-10-23 00:00:00+00:00,13.8,59.107418,0.0,10.6,0.188
2023-10-23 01:00:00+00:00,12.5,64.11936,0.0,10.5,0.188
2023-10-23 02:00:00+00:00,13.3,60.641235,0.0,10.4,0.188
2023-10-23 03:00:00+00:00,13.1,61.014122,0.0,10.25,0.188
2023-10-23 04:00:00+00:00,12.4,63.875393,0.0,10.05,0.188
2023-10-23 05:00:00+00:00,12.05,65.36212,0.0,10.25,0.188
2023-10-23 06:00:00+00:00,14.3,60.671997,0.0,11.75,0.188
2023-10-23 07:00:00+00:00,17.05,50.35934,0.0,13.9,0.188
2023-10-23 08:00:00+00:00,19.0,44.397686,0.0,16.2,0.187
2023-10-23 09:00:00+00:00,20.55,40.052258,0.0,18.3,0.186
2023-10-23 10:00:00+00:00,21.7,36.939003,0.0,20.05,0.186
2023-10-23 11:00:00+00:00,22.55,34.120243,0.0,21.35,0.185
2023-10-23 12:00:00+00:00,23.7,27.01619,0.0,22.45,0.179
2023-10-23 13:00:00+00:00,23.8,26.292072,0.0,22.6,0.179
2023-10-23 14:00:00+00:00,22.45,33.73968,0.0,21.95,0.179
2023-10-23 15:00:00+00:00,21.5,33.93796,0.0,20.25,0.178
2023-10-23 16:00:00+00:00,20.45,35.8236,0.0,18.6,0.178
2023-10-23 17:00:00+00:00,19.75,36.37826,0.0,17.35,0.178
2023-10-23 18:00:00+00:00,19.4,35.89716,0.0,16.25,0.178
2023-10-23 19:00:00+00:00,19.15,35.199326,0.0,15.35,0.178
2023-10-23 20:00:00+00:00,16.95,40.417957,0.0,14.6,0.178
2023-10-23 21:00:00+00:00,17.35,39.13074,0.0,14.0,0.178
2023-10-23 22:00:00+00:00,16.7,40.631596,0.0,13.5,0.178
2023-10-23 23:00:00+00:00,16.1,41.181084,0.0,13.0,0.178
2023-10-24 00:00:00+00:00,14.4,45.606483,0.0,10.95,0.181
2023-10-24 01:00:00+00:00,14.4,45.12389,0.0,10.8,0.181
2023-10-24 02:00:00+00:00,14.1,46.171913,0.0,10.7,0.181
2023-10-24 03:00:00+00:00,13.75,47.400036,0.0,10.5,0.181
2023-10-24 04:00:00+00:00,12.85,50.264214,0.0,10.35,0.181
2023-10-24 05:00:00+00:00,12.3,52.294727,0.0,10.55,0.181
2023-10-24 06:00:00+00:00,14.4,50.159626,0.0,11.95,0.181
2023-10-24 07:00:00+00:00,17.25,42.09927,0.0,14.05,0.181
2023-10-24 08:00:00+00:00,19.15,38.292526,0.0,16.3,0.18
2023-10-24 09:00:00+00:00,20.65,35.384598,0.0,18.4,0.18
2023-10-24 10:00:00+00:00,22.0,32.91692,0.0,20.2,0.179
2023-10-24 11:00:00+00:00,22.95,31.615858,0.0,21.55,0.178
2023-10-24 12:00:00+00:00,23.5,31.010298,0.0,22.35,0.178
2023-10-24 13:00:00+00:00,24.05,25.356602,0.0,22.65,0.175
2023-10-24 14:00:00+00:00,22.35,46.252125,0.0,22.0,0.174
2023-10-24 15:00:00+00:00,21.4,31.285376,0.0,20.3,0.174
2023-10-24 16:00:00+00:00,20.25,32.18769,0.0,18.6,0.174
2023-10-24 17:00:00+00:00,18.55,34.53216,0.0,17.25,0.174
2023-10-24 18:00:00+00:00,15.45,42.174786,0.0,16.2,0.174
2023-10-24 19:00:00+00:00,14.8,44.602043,0.0,15.35,0.174
2023-10-24 20:00:00+00:00,16.25,40.072628,0.0,14.65,0.174
2023-10-24 21:00:00+00:00,14.85,43.83258,0.0,14.05,0.174
2023-10-24 22:00:00+00:00,13.6,47.864437,0.0,13.5,0.174
2023-10-24 23:00:00+00:00,15.8,40.948513,0.0,13.0,0.174
2023-10-25 00:00:00+00:00,15.45,41.432426,0.0,12.5,0.174
2023-10-25 01:00:00+00:00,13.95,43.41787,0.0,10.9,0.173
2023-10-25 02:00:00+00:00,13.45,44.851818,0.0,10.65,0.173
2023-10-25 03:00:00+00:00,12.95,46.173573,0.0,10.35,0.173
2023-10-25 04:00:00+00:00,12.7,46.76745,0.0,10.1,0.173
2023-10-25 05:00:00+00:00,11.05,57.807945,0.0,10.2,0.173
2023-10-25 06:00:00+00:00,14.55,45.97333,0.0,11.65,0.173
2023-10-25 07:00:00+00:00,17.4,39.56151,0.0,13.8,0.172
2023-10-25 08:00:00+00:00,19.8,33.805515,0.0,16.05,0.172
2023-10-25 09:00:00+00:00,21.35,31.161242,0.0,18.05,0.171
2023-10-25 10:00:00+00:00,22.9,28.856396,0.0,19.9,0.171
2023-10-25 11:00:00+00:00,23.85,26.77345,0.0,21.25,0.17
2023-10-25 12:00:00+00:00,24.3,26.151718,0.0,22.0,0.17
2023-10-25 13:00:00+00:00,24.4,23.965073,0.0,21.85,0.169
2023-10-25 14:00:00+00:00,23.05,28.595568,0.0,21.35,0.169
2023-10-25 15:00:00+00:00,19.15,35.951138,0.0,20.0,0.169
2023-10-25 16:00:00+00:00,18.3,35.704815,0.0,18.65,0.169
2023-10-25 17:00:00+00:00,16.95,38.602127,0.0,17.5,0.169
2023-10-25 18:00:00+00:00,15.65,40.615036,0.0,16.4,0.168
2023-10-25 19:00:00+00:00,15.4,40.54234,0.0,15.55,0.168
2023-10-25 20:00:00+00:00,16.25,38.94935,0.0,14.95,0.168
2023-10-25 21:00:00+00:00,16.7,37.44805,0.0,14.55,0.168
2023-10-25 22:00:00+00:00,14.75,41.524887,0.0,14.25,0.168
2023-10-25 23:00:00+00:00,13.3,44.329742,0.0,13.8,0.168
2023-10-26 00:00:00+00:00,13.35,44.503292,0.0,13.4,0.168
2023-10-26 01:00:00+00:00,11.9,52.37214,0.0,12.75,0.165
2023-10-26 02:00:00+00:00,11.9,57.41412,0.0,12.55,0.165
2023-10-26 03:00:00+00:00,12.05,58.469036,0.0,12.45,0.165
2023-10-26 04:00:00+00:00,11.75,59.012386,0.0,12.3,0.165
2023-10-26 05:00:00+00:00,13.1,54.771187,0.0,12.4,0.165
2023-10-26 06:00:00+00:00,15.9,45.550537,0.0,13.35,0.165
2023-10-26 07:00:00+00:00,17.65,41.19352,0.0,14.75,0.164
2023-10-26 08:00:00+00:00,19.0,38.51754,0.0,16.35,0.164
2023-10-26 09:00:00+00:00,20.6,33.798042,0.0,18.1,0.164
2023-10-26 10:00:00+00:00,21.75,30.194372,0.0,19.7,0.163
2023-10-26 11:00:00+00:00,22.6,26.99848,0.0,20.85,0.163
2023-10-26 12:00:00+00:00,22.6,26.807493,0.0,21.15,0.163
2023-10-26 13:00:00+00:00,23.1,22.782679,0.0,21.25,0.161
2023-10-26 14:00:00+00:00,21.9,26.90031,0.0,20.8,0.16
2023-10-26 15:00:00+00:00,18.9,32.95451,0.0,19.65,0.16
2023-10-26 16:00:00+00:00,19.0,33.8137,0.0,18.8,0.16
2023-10-26 17:00:00+00:00,17.85,36.340168,0.0,17.85,0.16
2023-10-26 18:00:00+00:00,17.8,37.768154,0.0,17.3,0.16
2023-10-26 19:00:00+00:00,14.8,47.194336,0.0,16.5,0.16
2023-10-26 20:00:00+00:00,17.55,38.3679,0.0,15.7,0.16
2023-10-26 21:00:00+00:00,17.55,38.913414,0.0,15.15,0.16
2023-10-26 22:00:00+00:00,17.45,39.57599,0.0,14.85,0.16
2023-10-26 23:00:00+00:00,14.3,49.433052,0.0,14.65,0.16
2023-10-27 00:00:00+00:00,14.25,48.900497,0.0,14.5,0.16
2023-10-27 01:00:00+00:00,14.2,65.608665,0.0,14.5,0.159
2023-10-27 02:00:00+00:00,11.6,77.504074,0.0,13.7,0.159
2023-10-27 03:00:00+00:00,11.7,69.47688,0.0,13.05,0.159
2023-10-27 04:00:00+00:00,11.1,69.59653,0.0,12.4,0.159
2023-10-27 05:00:00+00:00,13.15,59.564205,0.0,12.2,0.159
2023-10-27 06:00:00+00:00,16.4,48.475937,0.0,13.15,0.159
2023-10-27 07:00:00+00:00,18.5,40.15876,0.0,14.9,0.159
2023-10-27 08:00:00+00:00,20.6,34.636726,0.0,16.95,0.159
2023-10-27 09:00:00+00:00,22.3,30.994844,0.0,19.0,0.158
2023-10-27 10:00:00+00:00,23.55,27.647753,0.0,20.8,0.158
2023-10-27 11:00:00+00:00,24.6,24.361448,0.0,22.1,0.157
2023-10-27 12:00:00+00:00,24.95,24.112135,0.0,22.8,0.157
2023-10-27 13:00:00+00:00,25.05,22.325563,0.0,23.15,0.155
2023-10-27 14:00:00+00:00,23.85,25.754122,0.0,22.7,0.155
2023-10-27 15:00:00+00:00,20.9,32.487976,0.0,21.5,0.155
2023-10-27 16:00:00+00:00,20.4,32.573727,0.0,20.2,0.154
2023-10-27 17:00:00+00:00,19.95,33.96815,0.0,19.45,0.154
2023-10-27 18:00:00+00:00,18.6,37.601803,0.0,18.6,0.154
2023-10-27 19:00:00+00:00,18.55,37.852413,0.0,18.05,0.154
2023-10-27 20:00:00+00:00,16.05,45.116364,0.0,17.3,0.154
2023-10-27 21:00:00+00:00,14.35,49.97032,0.0,16.35,0.154
2023-10-27 22:00:00+00:00,14.45,48.78427,0.0,15.5,0.154
2023-10-27 23:00:00+00:00,13.85,50.539097,0.0,14.85,0.154
2023-10-28 00:00:00+00:00,12.85,54.132084,0.0,14.2,0.154
2023-10-28 01:00:00+00:00,12.8,54.11886,0.0,14.85,0.148
2023-10-28 02:00:00+00:00,12.35,54.96006,0.0,14.2,0.148
2023-10-28 03:00:00+00:00,11.9,55.622242,0.0,13.7,0.148
2023-10-28 04:00:00+00:00,11.45,56.896397,0.0,13.3,0.148
2023-10-28 05:00:00+00:00,12.9,52.642075,0.0,13.15,0.148
2023-10-28 06:00:00+00:00,15.95,43.68414,0.0,14.1,0.148
2023-10-28 07:00:00+00:00,18.15,39.917923,0.0,15.85,0.148
2023-10-28 08:00:00+00:00,19.85,39.44017,0.0,17.75,0.148
2023-10-28 09:00:00+00:00,20.95,38.14714,0.0,19.65,0.148
2023-10-28 10:00:00+00:00,22.3,35.48947,0.0,21.3,0.147
2023-10-28 11:00:00+00:00,23.05,33.910797,0.0,22.5,0.147
2023-10-28 12:00:00+00:00,23.3,33.51748,0.0,23.15,0.147
2023-10-28 13:00:00+00:00,22.9,34.4566,0.0,22.85,0.148
2023-10-28 14:00:00+00:00,22.15,36.311573,0.0,22.3,0.148
2023-10-28 15:00:00+00:00,19.1,44.273552,0.0,20.75,0.148
2023-10-28 16:00:00+00:00,16.9,50.14583,0.0,19.3,0.148
2023-10-28 17:00:00+00:00,16.6,50.93419,0.0,18.2,0.148
2023-10-28 18:00:00+00:00,15.45,54.624924,0.0,17.25,0.148
2023-10-28 19:00:00+00:00,19.0,42.452805,0.0,16.4,0.148
2023-10-28 20:00:00+00:00,17.6,45.870808,0.0,15.65,0.148
2023-10-28 21:00:00+00:00,17.0,46.988503,0.0,15.0,0.148
2023-10-28 22:00:00+00:00,17.2,46.397396,0.0,14.45,0.148
2023-10-28 23:00:00+00:00,16.6,48.868233,0.0,13.95,0.148
2023-10-29 00:00:00+00:00,16.2,51.001797,0.0,13.5,0.148
2023-10-29 01:00:00+00:00,14.45,54.932552,0.0,11.75,0.152
2023-10-29 02:00:00+00:00,14.2,56.216232,0.0,11.6,0.152
2023-10-29 03:00:00+00:00,13.95,57.730858,0.0,11.45,0.152
2023-10-29 04:00:00+00:00,13.55,59.455944,0.0,11.3,0.152
2023-10-29 05:00:00+00:00,13.2,61.249363,0.0,11.45,0.152
2023-10-29 06:00:00+00:00,15.1,56.83543,0.0,12.8,0.152
2023-10-29 07:00:00+00:00,17.35,50.613728,0.0,14.8,0.151
2023-10-29 08:00:00+00:00,19.1,46.926884,0.0,16.95,0.151
2023-10-29 09:00:00+00:00,20.65,44.10578,0.0,19.05,0.151
2023-10-29 10:00:00+00:00,21.7,43.216755,0.0,20.9,0.151
2023-10-29 11:00:00+00:00,22.35,41.25755,0.0,22.2,0.15
2023-10-29 12:00:00+00:00,22.6,39.01486,0.0,22.95,0.15
2023-10-29 13:00:00+00:00,22.5,36.914234,0.0,23.1,0.154
2023-10-29 14:00:00+00:00,21.45,40.585144,0.0,22.3,0.154
2023-10-29 15:00:00+00:00,20.4,43.885826,0.0,20.85,0.154
2023-10-29 16:00:00+00:00,17.1,55.804695,0.0,19.45,0.154
2023-10-29 17:00:00+00:00,17.0,56.925983,0.0,18.5,0.154
2023-10-29 18:00:00+00:00,16.35,58.72476,0.0,17.7,0.154
2023-10-29 19:00:00+00:00,16.05,59.65577,0.0,17.1,0.154
2023-10-29 20:00:00+00:00,15.45,61.989628,0.0,16.55,0.154
2023-10-29 21:00:00+00:00,14.7,65.27318,0.0,16.05,0.154
2023-10-29 22:00:00+00:00,14.6,66.14259,0.0,15.7,0.154
2023-10-29 23:00:00+00:00,14.35,67.90589,0.0,15.45,0.154
2023-10-30 00:00:00+00:00,13.55,72.742004,0.0,15.1,0.154
2023-10-30 01:00:00+00:00,12.4,77.89159,0.0,14.55,0.153
2023-10-30 02:00:00+00:00,11.75,81.29616,0.0,14.15,0.153
2023-10-30 03:00:00+00:00,11.65,81.00823,0.0,13.9,0.153
2023-10-30 04:00:00+00:00,11.75,79.93205,0.0,13.7,0.153
2023-10-30 05:00:00+00:00,12.15,77.32725,0.0,13.65,0.153
2023-10-30 06:00:00+00:00,15.4,62.400024,0.0,14.45,0.153
2023-10-30 07:00:00+00:00,18.3,46.86528,0.0,16.15,0.153
2023-10-30 08:00:00+00:00,19.65,42.49137,0.0,18.0,0.153
2023-10-30 09:00:00+00:00,21.0,38.293255,0.0,19.9,0.152
2023-10-30 10:00:00+00:00,22.2,34.733955,0.0,21.6,0.152
2023-10-30 11:00:00+00:00,23.2,31.576973,0.0,22.9,0.152
2023-10-30 12:00:00+00:00,23.7,29.386284,0.0,23.6,0.151
2023-10-30 13:00:00+00:00,23.0,33.31686,0.0,23.45,0.154
2023-10-30 14:00:00+00:00,21.65,38.74399,0.0,22.65,0.154
2023-10-30 15:00:00+00:00,18.25,50.5113,0.0,21.25,0.153
2023-10-30 16:00:00+00:00,17.1,54.307907,0.0,19.85,0.153
2023-10-30 17:00:00+00:00,16.9,52.79381,0.0,18.75,0.153
2023-10-30 18:00:00+00:00,16.25,53.901485,0.0,17.9,0.153
2023-10-30 19:00:00+00:00,15.95,51.1106,0.0,17.2,0.153
2023-10-30 20:00:00+00:00,14.6,52.728638,0.0,16.4,0.153
2023-10-30 21:00:00+00:00,13.75,56.296158,0.0,15.65,0.153
2023-10-30 22:00:00+00:00,13.4,58.60115,0.0,15.0,0.153
2023-10-30 23:00:00+00:00,12.85,62.019203,0.0,14.4,0.153
2023-10-31 00:00:00+00:00,12.5,64.11936,0.0,14.0,0.153
2023-10-31 01:00:00+00:00,11.4,70.38131,0.0,13.1,0.154
2023-10-31 02:00:00+00:00,11.25,71.32918,0.0,13.0,0.154
2023-10-31 03:00:00+00:00,10.75,73.99064,0.0,12.8,0.154
2023-10-31 04:00:00+00:00,10.75,74.245926,0.0,12.65,0.154
2023-10-31 05:00:00+00:00,11.3,72.32781,0.0,12.7,0.154
2023-10-31 06:00:00+00:00,14.2,62.121506,0.0,13.6,0.154
2023-10-31 07:00:00+00:00,17.35,49.0743,0.0,15.45,0.154
2023-10-31 08:00:00+00:00,19.65,39.51954,0.0,17.65,0.154
2023-10-31 09:00:00+00:00,21.25,34.341965,0.0,19.75,0.154
2023-10-31 10:00:00+00:00,22.35,30.90071,0.0,21.5,0.153
2023-10-31 11:00:00+00:00,23.05,29.306614,0.0,22.85,0.153
2023-10-31 12:00:00+00:00,23.35,28.579025,0.0,23.55,0.152
2023-10-31 13:00:00+00:00,23.7,28.676714,0.0,23.45,0.154
2023-10-31 14:00:00+00:00,21.9,44.306168,0.0,22.7,0.154
2023-10-31 15:00:00+00:00,21.3,34.837875,0.0,21.15,0.154
2023-10-31 16:00:00+00:00,20.5,36.340733,0.0,19.75,0.154
2023-10-31 17:00:00+00:00,16.9,45.04225,0.0,18.5,0.154
2023-10-31 18:00:00+00:00,16.0,51.478573,0.0,17.5,0.154
2023-10-31 19:00:00+00:00,15.1,56.83543,0.0,16.65,0.154
2023-10-31 20:00:00+00:00,13.95,62.92014,0.0,15.85,0.154
2023-10-31 21:00:00+00:00,13.4,66.56279,0.0,15.25,0.154
2023-10-31 22:00:00+00:00,13.85,65.53235,0.0,14.6,0.154
2023-10-31 23:00:00+00:00,15.8,59.191273,0.0,14.25,0.154
2023-11-01 00:00:00+00:00,15.55,60.350887,0.0,13.9,0.154
2023-11-01 01:00:00+00:00,14.0,64.45622,0.0,12.7,0.16
2023-11-01 02:00:00+00:00,11.7,82.39589,0.1,12.65,0.161
2023-11-01 03:00:00+00:00,11.05,88.072296,0.0,12.55,0.161
2023-11-01 04:00:00+00:00,11.3,84.034256,0.0,12.15,0.161
2023-11-01 05:00:00+00:00,11.5,86.35363,0.0,12.1,0.161
2023-11-01 06:00:00+00:00,14.55,72.19334,0.0,13.15,0.161
2023-11-01 07:00:00+00:00,15.9,69.8374,0.1,14.55,0.162
2023-11-01 08:00:00+00:00,17.95,60.514465,0.0,16.25,0.162
2023-11-01 09:00:00+00:00,19.6,50.361954,0.0,17.8,0.161
2023-11-01 10:00:00+00:00,20.9,43.28494,0.0,19.6,0.161
2023-11-01 11:00:00+00:00,21.35,39.19246,0.0,20.7,0.161
2023-11-01 12:00:00+00:00,21.6,36.154034,0.0,21.45,0.16
2023-11-01 13:00:00+00:00,21.35,36.83867,0.0,21.4,0.163
2023-11-01 14:00:00+00:00,20.45,38.666702,0.0,20.85,0.163
2023-11-01 15:00:00+00:00,17.7,46.37696,0.0,19.45,0.162
2023-11-01 16:00:00+00:00,18.1,44.44984,0.0,18.15,0.162
2023-11-01 17:00:00+00:00,15.95,52.000957,0.0,17.2,0.162
2023-11-01 18:00:00+00:00,15.35,53.850784,0.0,16.1,0.162
2023-11-01 19:00:00+00:00,16.2,51.532387,0.0,15.3,0.162
2023-11-01 20:00:00+00:00,16.4,51.23206,0.0,14.55,0.162
2023-11-01 21:00:00+00:00,15.7,53.75725,0.0,13.9,0.162
2023-11-01 22:00:00+00:00,14.75,57.33616,0.0,13.35,0.162
2023-11-01 23:00:00+00:00,14.45,58.456993,0.0,12.85,0.162
2023-11-02 00:00:00+00:00,12.55,66.60907,0.0,12.45,0.162
2023-11-02 01:00:00+00:00,11.35,69.88751,0.0,10.95,0.163
2023-11-02 02:00:00+00:00,10.6,73.45537,0.0,10.9,0.163
2023-11-02 03:00:00+00:00,11.8,67.60625,0.0,10.85,0.163
2023-11-02 04:00:00+00:00,11.65,67.57471,0.0,10.7,0.163
2023-11-02 05:00:00+00:00,11.6,68.2685,0.0,10.7,0.163
2023-11-02 06:00:00+00:00,14.0,58.7497,0.0,11.9,0.163
2023-11-02 07:00:00+00:00,16.45,49.166122,0.0,13.6,0.163
2023-11-02 08:00:00+00:00,18.1,43.686954,0.0,15.25,0.163
2023-11-02 09:00:00+00:00,20.0,39.346863,0.0,16.95,0.163
2023-11-02 10:00:00+00:00,21.1,35.513966,0.0,18.5,0.162
2023-11-02 11:00:00+00:00,20.7,34.544563,0.0,18.8,0.162
2023-11-02 12:00:00+00:00,20.35,36.297543,0.0,19.0,0.162
2023-11-02 13:00:00+00:00,18.95,39.59315,0.0,18.3,0.163
2023-11-02 14:00:00+00:00,17.75,47.035168,0.0,18.05,0.163
2023-11-02 15:00:00+00:00,16.5,52.32738,0.0,17.35,0.163
2023-11-02 16:00:00+00:00,14.25,57.40817,0.0,16.25,0.163
2023-11-02 17:00:00+00:00,14.9,52.62563,0.0,15.4,0.163
2023-11-02 18:00:00+00:00,15.1,56.05884,0.0,15.15,0.164
2023-11-02 19:00:00+00:00,14.1,62.954613,0.1,14.65,0.164
2023-11-02 20:00:00+00:00,12.0,78.892334,0.0,14.0,0.165
2023-11-02 21:00:00+00:00,11.35,87.214775,0.0,13.5,0.165
2023-11-02 22:00:00+00:00,10.7,89.53901,0.0,12.95,0.165
2023-11-02 23:00:00+00:00,11.4,85.47553,0.0,12.8,0.165
2023-11-03 00:00:00+00:00,10.3,92.268105,0.4,12.4,0.168
2023-11-03 01:00:00+00:00,11.4,83.762405,0.2,13.15,0.236
2023-11-03 02:00:00+00:00,11.25,88.08995,0.4,12.8,0.241
2023-11-03 03:00:00+00:00,10.2,91.02532,0.0,12.3,0.24
2023-11-03 04:00:00+00:00,9.5,90.36164,0.0,11.65,0.24
2023-11-03 05:00:00+00:00,10.75,86.57071,0.0,11.4,0.24
2023-11-03 06:00:00+00:00,12.8,80.34926,0.0,12.05,0.24
2023-11-03 07:00:00+00:00,14.4,74.62637,0.0,13.25,0.24
2023-11-03 08:00:00+00:00,16.3,64.09844,0.0,14.85,0.239
2023-11-03 09:00:00+00:00,18.0,54.725437,0.0,16.4,0.238
2023-11-03 10:00:00+00:00,19.15,50.240917,0.0,17.75,0.237
2023-11-03 11:00:00+00:00,19.55,47.211655,0.0,18.4,0.237
2023-11-03 12:00:00+00:00,21.0,39.226982,0.0,19.05,0.236
2023-11-03 13:00:00+00:00,19.9,44.34708,0.0,18.85,0.255
2023-11-03 14:00:00+00:00,19.5,47.197838,0.0,18.55,0.254
2023-11-03 15:00:00+00:00,16.4,59.538372,0.0,17.55,0.254
2023-11-03 16:00:00+00:00,14.95,64.88687,0.0,16.5,0.253
2023-11-03 17:00:00+00:00,14.2,67.6452,0.0,15.55,0.253
2023-11-03 18:00:00+00:00,14.65,63.511784,0.0,14.9,0.252
2023-11-03 19:00:00+00:00,13.4,68.638145,0.0,14.35,0.252
2023-11-03 20:00:00+00:00,12.75,71.61437,0.0,13.85,0.251
2023-11-03 21:00:00+00:00,12.55,72.55899,0.0,13.45,0.251
2023-11-03 22:00:00+00:00,12.55,72.31228,0.0,13.1,0.251
2023-11-03 23:00:00+00:00,11.85,75.718346,0.0,12.8,0.25
2023-11-04 00:00:00+00:00,11.35,78.79601,0.0,12.4,0.25
2023-11-04 01:00:00+00:00,12.2,76.55234,0.0,13.05,0.25
2023-11-04 02:00:00+00:00,11.9,81.316086,0.0,12.75,0.249
2023-11-04 03:00:00+00:00,11.6,84.63745,0.0,12.5,0.249
2023-11-04 04:00:00+00:00,11.2,86.615074,0.0,12.25,0.249
2023-11-04 05:00:00+00:00,12.15,81.8992,0.0,12.25,0.248
2023-11-04 06:00:00+00:00,14.2,72.37176,0.0,12.95,0.248
2023-11-04 07:00:00+00:00,16.2,63.007313,0.0,14.3,0.247
2023-11-04 08:00:00+00:00,18.15,54.764034,0.0,15.9,0.246
2023-11-04 09:00:00+00:00,19.9,47.468754,0.0,17.45,0.245
2023-11-04 10:00:00+00:00,21.45,41.423584,0.0,18.8,0.244
2023-11-04 11:00:00+00:00,22.9,34.4566,0.0,19.9,0.243
2023-11-04 12:00:00+00:00,23.6,29.66705,0.0,20.55,0.242
2023-11-04 13:00:00+00:00,23.55,29.038357,0.0,20.65,0.242
2023-11-04 14:00:00+00:00,21.25,35.92891,0.0,20.0,0.242
2023-11-04 15:00:00+00:00,18.8,38.594593,0.0,18.7,0.241
2023-11-04 16:00:00+00:00,18.95,35.141434,0.0,17.7,0.241
2023-11-04 17:00:00+00:00,18.45,36.12956,0.0,17.05,0.241
2023-11-04 18:00:00+00:00,17.75,39.246662,0.0,16.5,0.24
2023-11-04 19:00:00+00:00,16.55,42.19395,0.0,15.9,0.24
2023-11-04 20:00:00+00:00,15.65,43.752285,0.0,15.35,0.24
2023-11-04 21:00:00+00:00,15.4,51.673973,0.0,14.9,0.239
2023-11-04 22:00:00+00:00,14.9,60.607796,0.0,14.5,0.239
2023-11-04 23:00:00+00:00,15.1,60.65552,0.0,14.3,0.239
2023-11-05 00:00:00+00:00,15.15,56.848087,0.0,14.2,0.239
2023-11-05 01:00:00+00:00,15.25,52.173763,0.0,14.15,0.238
2023-11-05 02:00:00+00:00,16.0,49.727737,0.0,14.4,0.238
2023-11-05 03:00:00+00:00,15.1,54.158234,0.0,14.45,0.238
2023-11-05 04:00:00+00:00,15.6,52.267445,0.0,14.55,0.237
2023-11-05 05:00:00+00:00,15.55,53.164726,0.0,14.55,0.237
2023-11-05 06:00:00+00:00,17.15,50.041573,0.0,15.1,0.237
2023-11-05 07:00:00+00:00,19.0,45.633286,0.0,16.25,0.236
2023-11-05 08:00:00+00:00,20.75,39.834766,0.0,17.7,0.235
2023-11-05 09:00:00+00:00,21.6,37.42229,0.0,19.05,0.234
2023-11-05 10:00:00+00:00,22.05,36.78559,0.0,20.2,0.233
2023-11-05 11:00:00+00:00,22.25,36.716557,0.0,20.85,0.231
2023-11-05 12:00:00+00:00,22.0,37.66571,0.0,20.8,0.231
2023-11-05 13:00:00+00:00,21.3,40.95986,0.0,20.55,0.231
2023-11-05 14:00:00+00:00,20.8,43.1098,0.0,20.0,0.23
2023-11-05 15:00:00+00:00,19.35,46.35981,0.0,19.25,0.23
2023-11-05 16:00:00+00:00,18.75,48.45656,0.0,18.5,0.23
2023-11-05 17:00:00+00:00,18.15,51.5256,0.0,17.95,0.229
2023-11-05 18:00:00+00:00,17.65,53.172123,0.0,17.55,0.229
2023-11-05 19:00:00+00:00,16.9,55.375904,0.0,17.1,0.229
2023-11-05 20:00:00+00:00,16.2,59.894577,0.0,16.75,0.229
2023-11-05 21:00:00+00:00,15.45,67.22295,0.0,16.35,0.228
2023-11-05 22:00:00+00:00,14.95,73.73028,0.0,15.95,0.228
2023-11-05 23:00:00+00:00,14.4,78.19561,0.0,15.6,0.228
2023-11-06 00:00:00+00:00,13.9,81.308136,0.0,15.2,0.228
2023-11-06 01:00:00+00:00,13.75,82.37723,0.0,15.9,0.226
2023-11-06 02:00:00+00:00,13.35,84.26859,0.0,15.35,0.226
2023-11-06 03:00:00+00:00,13.0,85.6436,0.0,14.85,0.226
2023-11-06 04:00:00+00:00,12.3,88.77185,0.0,14.4,0.225
2023-11-06 05:00:00+00:00,13.05,84.234604,0.0,14.1,0.225
2023-11-06 06:00:00+00:00,15.15,73.7654,0.0,14.75,0.225
2023-11-06 07:00:00+00:00,16.3,68.76205,0.0,15.9,0.225
2023-11-06 08:00:00+00:00,18.05,58.547375,0.0,17.2,0.224
2023-11-06 09:00:00+00:00,19.5,49.996407,0.0,18.45,0.223
2023-11-06 10:00:00+00:00,20.55,44.52949,0.0,19.65,0.222
2023-11-06 11:00:00+00:00,21.5,38.834057,0.0,20.6,0.221
2023-11-06 12:00:00+00:00,21.45,38.290386,0.0,20.95,0.221
2023-11-06 13:00:00+00:00,20.0,41.722504,0.0,20.4,0.22
2023-11-06 14:00:00+00:00,19.25,42.52398,0.0,19.8,0.22
2023-11-06 15:00:00+00:00,16.4,49.66518,0.0,18.6,0.22
2023-11-06 16:00:00+00:00,15.5,52.240704,0.0,17.35,0.22
2023-11-06 17:00:00+00:00,13.85,60.98257,0.0,16.3,0.219
2023-11-06 18:00:00+00:00,13.3,64.96499,0.0,15.45,0.219
2023-11-06 19:00:00+00:00,16.35,52.467464,0.0,14.7,0.219
2023-11-06 20:00:00+00:00,15.8,53.968857,0.0,14.0,0.219
2023-11-06 21:00:00+00:00,15.4,55.751118,0.0,13.45,0.219
2023-11-06 22:00:00+00:00,14.9,57.769604,0.0,13.0,0.219
2023-11-06 23:00:00+00:00,14.3,59.638947,0.0,12.55,0.219
2023-11-07 00:00:00+00:00,13.75,60.54017,0.0,12.15,0.219
2023-11-07 01:00:00+00:00,12.85,61.591312,0.0,11.05,0.219
2023-11-07 02:00:00+00:00,12.35,62.767067,0.0,10.9,0.219
2023-11-07 03:00:00+00:00,12.2,63.169292,0.0,10.7,0.219
2023-11-07 04:00:00+00:00,11.9,64.65312,0.0,10.5,0.219
2023-11-07 05:00:00+00:00,10.15,74.65482,0.0,10.4,0.219
2023-11-07 06:00:00+00:00,12.85,65.53806,0.0,11.5,0.218
2023-11-07 07:00:00+00:00,15.25,55.33037,0.0,13.3,0.218
2023-11-07 08:00:00+00:00,16.85,51.17713,0.0,15.35,0.217
2023-11-07 09:00:00+00:00,18.2,48.47113,0.0,17.3,0.217
2023-11-07 10:00:00+00:00,19.25,45.85968,0.0,18.9,0.216
2023-11-07 11:00:00+00:00,19.8,43.567326,0.0,20.05,0.215
2023-11-07 12:00:00+00:00,20.0,42.590725,0.0,20.6,0.214
2023-11-07 13:00:00+00:00,20.0,40.729374,0.0,20.85,0.214
2023-11-07 14:00:00+00:00,19.0,49.861378,0.0,19.95,0.213
2023-11-07 15:00:00+00:00,16.5,52.86892,0.0,18.25,0.213
2023-11-07 16:00:00+00:00,13.65,63.938427,0.0,16.75,0.213
2023-11-07 17:00:00+00:00,13.6,63.4901,0.0,15.7,0.213
2023-11-07 18:00:00+00:00,12.7,65.95751,0.0,14.9,0.213
2023-11-07 19:00:00+00:00,11.95,68.34084,0.0,14.2,0.213
2023-11-07 20:00:00+00:00,11.15,71.310036,0.0,13.55,0.213
2023-11-07 21:00:00+00:00,11.2,70.09946,0.0,12.9,0.213
2023-11-07 22:00:00+00:00,12.6,63.042854,0.0,12.35,0.213
2023-11-07 23:00:00+00:00,12.6,62.175587,0.0,11.85,0.213
2023-11-08 00:00:00+00:00,11.2,67.01296,0.0,11.45,0.212
2023-11-08 01:00:00+00:00,9.2,70.93298,0.0,9.95,0.214
2023-11-08 02:00:00+00:00,8.15,75.61935,0.0,9.8,0.214
2023-11-08 03:00:00+00:00,7.6,77.680725,0.0,9.7,0.214
2023-11-08 04:00:00+00:00,8.95,69.89484,0.0,9.5,0.214
2023-11-08 05:00:00+00:00,10.4,62.972595,0.0,9.4,0.214
2023-11-08 06:00:00+00:00,11.5,61.70039,0.0,10.5,0.214
2023-11-08 07:00:00+00:00,14.15,51.877895,0.0,12.3,0.214
2023-11-08 08:00:00+00:00,16.05,45.593002,0.0,14.25,0.213
2023-11-08 09:00:00+00:00,17.6,41.17912,0.0,16.05,0.212
2023-11-08 10:00:00+00:00,18.7,38.70092,0.0,17.55,0.211
2023-11-08 11:00:00+00:00,19.4,38.231133,0.0,18.75,0.211
2023-11-08 12:00:00+00:00,19.7,38.05184,0.0,19.4,0.21
2023-11-08 13:00:00+00:00,19.55,38.541794,0.0,19.55,0.211
2023-11-08 14:00:00+00:00,17.35,55.49106,0.0,18.7,0.211
2023-11-08 15:00:00+00:00,17.5,44.126198,0.0,17.1,0.211
2023-11-08 16:00:00+00:00,17.1,44.32047,0.0,15.8,0.211
2023-11-08 17:00:00+00:00,14.5,53.07014,0.0,14.7,0.211
2023-11-08 18:00:00+00:00,12.6,60.47264,0.0,13.85,0.21
2023-11-08 19:00:00+00:00,12.45,61.070488,0.0,13.25,0.21
2023-11-08 20:00:00+00:00,14.05,53.88204,0.0,12.8,0.21
2023-11-08 21:00:00+00:00,14.65,50.93536,0.0,12.2,0.21
2023-11-08 22:00:00+00:00,14.55,50.55336,0.0,11.65,0.21
2023-11-08 23:00:00+00:00,11.7,60.465836,0.0,11.25,0.21
2023-11-09 00:00:00+00:00,10.0,67.69756,0.0,10.9,0.21
2023-11-09 01:00:00+00:00,10.05,68.90206,0.0,9.5,0.213
2023-11-09 02:00:00+00:00,9.5,71.990135,0.0,9.65,0.213
2023-11-09 03:00:00+00:00,9.75,71.04002,0.0,9.7,0.213
2023-11-09 04:00:00+00:00,10.5,67.56686,0.0,9.6,0.213
2023-11-09 05:00:00+00:00,9.75,72.03737,0.0,9.6,0.213
2023-11-09 06:00:00+00:00,11.4,66.59206,0.0,10.45,0.213
2023-11-09 07:00:00+00:00,14.15,56.98739,0.0,12.15,0.212
2023-11-09 08:00:00+00:00,15.6,52.267445,0.0,13.95,0.212
2023-11-09 09:00:00+00:00,17.0,49.147373,0.0,15.7,0.211
2023-11-09 10:00:00+00:00,18.1,47.29464,0.0,17.2,0.21
2023-11-09 11:00:00+00:00,18.35,48.512318,0.0,18.2,0.21
2023-11-09 12:00:00+00:00,18.4,49.36119,0.0,18.5,0.209
2023-11-09 13:00:00+00:00,16.45,55.82881,0.0,18.0,0.212
2023-11-09 14:00:00+00:00,15.4,57.69649,0.0,17.25,0.212
2023-11-09 15:00:00+00:00,13.7,62.86257,0.0,16.2,0.212
2023-11-09 16:00:00+00:00,12.85,66.44486,0.0,15.3,0.211
2023-11-09 17:00:00+00:00,12.2,69.33868,0.0,14.55,0.211
2023-11-09 18:00:00+00:00,11.2,73.31091,0.0,13.8,0.211
2023-11-09 19:00:00+00:00,10.1,78.339134,0.0,13.05,0.211
2023-11-09 20:00:00+00:00,9.3,82.65662,0.0,12.4,0.211
2023-11-09 21:00:00+00:00,8.75,85.7791,0.0,11.8,0.211
2023-11-09 22:00:00+00:00,8.65,85.17991,0.0,11.4,0.211
2023-11-09 23:00:00+00:00,8.65,83.14753,0.0,11.15,0.211
2023-11-10 00:00:00+00:00,8.25,84.2575,0.0,10.8,0.211
2023-11-10 01:00:00+00:00,8.35,84.56084,0.0,10.95,0.21
2023-11-10 02:00:00+00:00,7.9,86.88373,0.0,10.6,0.21
2023-11-10 03:00:00+00:00,7.55,88.67292,0.0,10.3,0.21
2023-11-10 04:00:00+00:00,7.75,87.170235,0.0,10.2,0.21
2023-11-10 05:00:00+00:00,8.05,85.11424,0.0,10.2,0.21
2023-11-10 06:00:00+00:00,9.8,76.95396,0.0,10.7,0.21
2023-11-10 07:00:00+00:00,12.1,68.37177,0.0,11.95,0.21
2023-11-10 08:00:00+00:00,13.7,62.647114,0.0,13.55,0.209
2023-11-10 09:00:00+00:00,15.15,57.436646,0.0,15.25,0.209
2023-11-10 10:00:00+00:00,16.55,52.52064,0.0,16.75,0.208
2023-11-10 11:00:00+00:00,16.95,51.028614,0.0,17.35,0.208
2023-11-10 12:00:00+00:00,17.55,48.458607,0.0,17.9,0.207
2023-11-10 13:00:00+00:00,16.8,51.51628,0.0,17.75,0.207
2023-11-10 14:00:00+00:00,15.6,56.37941,0.0,17.0,0.206
2023-11-10 15:00:00+00:00,13.55,64.79806,0.0,15.7,0.206
2023-11-10 16:00:00+00:00,12.65,68.48484,0.0,14.55,0.206
2023-11-10 17:00:00+00:00,11.15,75.0849,0.0,13.5,0.206
2023-11-10 18:00:00+00:00,10.65,77.88713,0.0,12.8,0.206
2023-11-10 19:00:00+00:00,10.1,80.24545,0.0,12.25,0.206
2023-11-10 20:00:00+00:00,10.95,74.53683,0.0,11.9,0.206
2023-11-10 21:00:00+00:00,11.3,71.83178,0.0,11.65,0.206
2023-11-10 22:00:00+00:00,11.45,70.877785,0.0,11.5,0.206
2023-11-10 23:00:00+00:00,10.3,76.50557,0.0,11.2,0.206
2023-11-11 00:00:00+00:00,9.5,79.88509,0.0,10.75,0.206
2023-11-11 01:00:00+00:00,11.15,71.55637,0.0,11.45,0.201
2023-11-11 02:00:00+00:00,10.6,74.7329,0.0,11.3,0.201
2023-11-11 03:00:00+00:00,9.65,79.63178,0.0,10.9,0.201
2023-11-11 04:00:00+00:00,9.7,80.7427,0.0,10.6,0.201
2023-11-11 05:00:00+00:00,10.25,79.99195,0.0,10.5,0.201
2023-11-11 06:00:00+00:00,12.6,71.09937,0.0,11.2,0.201
2023-11-11 07:00:00+00:00,15.0,61.255367,0.0,12.55,0.201
2023-11-11 08:00:00+00:00,17.2,52.155777,0.0,14.2,0.2
2023-11-11 09:00:00+00:00,19.35,42.699238,0.0,15.95,0.2
2023-11-11 10:00:00+00:00,21.05,32.303207,0.0,17.3,0.199
2023-11-11 11:00:00+00:00,20.6,35.991882,0.0,17.9,0.199
2023-11-11 12:00:00+00:00,21.0,31.281572,0.0,18.3,0.198
2023-11-11 13:00:00+00:00,20.6,35.001762,0.0,18.2,0.197
2023-11-11 14:00:00+00:00,19.5,37.467518,0.0,17.85,0.197
2023-11-11 15:00:00+00:00,18.15,39.77839,0.0,17.15,0.197
2023-11-11 16:00:00+00:00,17.9,40.977974,0.0,16.65,0.197
2023-11-11 17:00:00+00:00,17.2,44.65873,0.0,16.2,0.196
2023-11-11 18:00:00+00:00,16.4,52.300755,0.0,15.85,0.196
2023-11-11 19:00:00+00:00,16.0,57.062405,0.0,15.5,0.196
2023-11-11 20:00:00+00:00,15.5,59.929523,0.0,15.25,0.196
2023-11-11 21:00:00+00:00,15.0,62.732765,0.2,15.0,0.197
2023-11-11 22:00:00+00:00,14.55,68.177155,0.3,14.35,0.201
2023-11-11 23:00:00+00:00,14.5,66.57097,0.0,14.05,0.201
2023-11-12 00:00:00+00:00,14.1,67.85418,0.0,13.9,0.201
2023-11-12 01:00:00+00:00,14.8,63.330055,0.0,15.45,0.196
2023-11-12 02:00:00+00:00,15.15,60.255016,0.0,15.2,0.196
2023-11-12 03:00:00+00:00,15.15,60.04973,0.0,15.0,0.196
2023-11-12 04:00:00+00:00,15.15,60.255016,0.0,14.9,0.195
2023-11-12 05:00:00+00:00,15.0,61.464527,0.0,14.8,0.195
2023-11-12 06:00:00+00:00,15.35,60.302986,0.0,14.8,0.195
2023-11-12 07:00:00+00:00,15.8,58.789677,0.0,15.05,0.195
2023-11-12 08:00:00+00:00,16.25,59.300728,0.0,15.5,0.195
2023-11-12 09:00:00+00:00,16.75,58.426,0.0,16.1,0.195
2023-11-12 10:00:00+00:00,19.15,45.831764,0.0,17.15,0.194
2023-11-12 11:00:00+00:00,19.85,45.404423,0.0,18.05,0.194
2023-11-12 12:00:00+00:00,18.5,45.336952,0.0,18.25,0.193
2023-11-12 13:00:00+00:00,13.25,87.97275,5.9,16.1,0.295
2023-11-12 14:00:00+00:00,13.35,88.5654,0.7,15.2,0.302
2023-11-12 15:00:00+00:00,13.3,86.24535,0.0,14.55,0.301
2023-11-12 16:00:00+00:00,13.55,78.32906,0.0,14.0,0.3
2023-11-12 17:00:00+00:00,12.85,80.086815,0.0,13.45,0.299
2023-11-12 18:00:00+00:00,12.1,82.72413,0.0,13.0,0.298
2023-11-12 19:00:00+00:00,10.85,88.94961,0.1,12.65,0.298
2023-11-12 20:00:00+00:00,11.8,86.383575,0.8,12.3,0.308
2023-11-12 21:00:00+00:00,12.6,78.9807,0.2,11.9,0.309
2023-11-12 22:00:00+00:00,11.25,88.98246,0.2,11.65,0.31
2023-11-12 23:00:00+00:00,10.5,91.3528,0.1,11.3,0.309
2023-11-13 00:00:00+00:00,11.85,83.25245,0.0,10.9,0.308
2023-11-13 01:00:00+00:00,8.8,90.61963,0.0,10.9,0.257
2023-11-13 02:00:00+00:00,8.85,90.006134,0.0,10.35,0.256
2023-11-13 03:00:00+00:00,8.95,88.4883,0.0,9.85,0.256
2023-11-13 04:00:00+00:00,10.9,75.30035,0.0,9.45,0.256
2023-11-13 05:00:00+00:00,10.0,79.40894,0.0,9.3,0.255
2023-11-13 06:00:00+00:00,11.4,80.154236,0.0,10.05,0.255
2023-11-13 07:00:00+00:00,13.25,78.54711,0.0,11.45,0.255
2023-11-13 08:00:00+00:00,15.2,68.770645,0.0,13.15,0.254
2023-11-13 09:00:00+00:00,17.3,55.66667,0.0,14.7,0.253
2023-11-13 10:00:00+00:00,18.65,48.92693,0.0,16.05,0.252
2023-11-13 11:00:00+00:00,19.05,46.276337,0.0,16.95,0.251
2023-11-13 12:00:00+00:00,17.4,58.585304,0.3,17.15,0.252
2023-11-13 13:00:00+00:00,16.2,72.01649,0.0,16.4,0.264
2023-11-13 14:00:00+00:00,14.65,83.5847,4.6,15.75,0.325
2023-11-13 15:00:00+00:00,13.5,93.06198,0.6,14.8,0.33
2023-11-13 16:00:00+00:00,12.55,97.0873,0.6,14.05,0.335
2023-11-13 17:00:00+00:00,12.55,94.56126,0.8,13.5,0.344
2023-11-13 18:00:00+00:00,12.5,90.877335,1.2,13.15,0.355
2023-11-13 19:00:00+00:00,12.35,91.472466,0.5,12.85,0.357
2023-11-13 20:00:00+00:00,11.95,93.59994,1.2,12.65,0.368
2023-11-13 21:00:00+00:00,11.8,94.53004,1.3,12.5,0.378
2023-11-13 22:00:00+00:00,11.45,92.64396,2.1,12.35,0.393
2023-11-13 23:00:00+00:00,10.9,94.17674,0.7,12.05,0.388
2023-11-14 00:00:00+00:00,10.75,92.29448,0.5,11.8,0.384
2023-11-14 01:00:00+00:00,9.55,93.48157,0.6,11.35,0.377
2023-11-14 02:00:00+00:00,8.3,96.0038,0.0,10.7,0.37
2023-11-14 03:00:00+00:00,8.15,96.32704,0.0,10.35,0.364
2023-11-14 04:00:00+00:00,7.65,96.64281,0.0,9.95,0.358
2023-11-14 05:00:00+00:00,7.4,97.30085,0.0,9.7,0.354
2023-11-14 06:00:00+00:00,8.65,87.55627,0.0,10.0,0.35
2023-11-14 07:00:00+00:00,9.45,80.986725,0.0,10.55,0.347
2023-11-14 08:00:00+00:00,10.45,73.17491,0.0,11.3,0.343
2023-11-14 09:00:00+00:00,11.4,68.938576,0.0,12.35,0.34
2023-11-14 10:00:00+00:00,11.45,69.187325,0.2,12.9,0.339
2023-11-14 11:00:00+00:00,12.1,64.922295,0.1,13.75,0.336
2023-11-14 12:00:00+00:00,12.6,62.39141,0.0,14.35,0.333
2023-11-14 13:00:00+00:00,13.0,62.484653,0.0,14.85,0.331
2023-11-14 14:00:00+00:00,12.5,61.508347,0.0,14.3,0.328
2023-11-14 15:00:00+00:00,11.4,64.76597,0.0,13.05,0.326
2023-11-14 16:00:00+00:00,10.75,67.61964,0.0,11.85,0.325
2023-11-14 17:00:00+00:00,10.1,71.60405,0.0,10.95,0.323
2023-11-14 18:00:00+00:00,9.9,72.821175,0.0,10.2,0.321
2023-11-14 19:00:00+00:00,9.55,74.2916,0.0,9.55,0.32
2023-11-14 20:00:00+00:00,9.3,75.55035,0.0,9.05,0.318
2023-11-14 21:00:00+00:00,8.9,77.07637,0.0,8.6,0.317
2023-11-14 22:00:00+00:00,8.3,79.71241,0.0,8.2,0.316
2023-11-14 23:00:00+00:00,6.9,84.69073,0.0,7.85,0.314
2023-11-15 00:00:00+00:00,5.1,90.669556,0.0,7.5,0.313
2023-11-15 01:00:00+00:00,4.7,90.32136,0.0,6.65,0.313
2023-11-15 02:00:00+00:00,3.95,89.945114,0.0,6.4,0.312
2023-11-15 03:00:00+00:00,3.75,89.92962,0.0,6.25,0.31
2023-11-15 04:00:00+00:00,4.05,88.36822,0.0,6.0,0.309
2023-11-15 05:00:00+00:00,6.45,79.72319,0.0,5.9,0.308
2023-11-15 06:00:00+00:00,7.3,77.633316,0.0,6.75,0.307
2023-11-15 07:00:00+00:00,9.25,68.496185,0.0,8.3,0.306
2023-11-15 08:00:00+00:00,10.9,60.48401,0.0,9.9,0.305
2023-11-15 09:00:00+00:00,12.9,52.45679,0.0,11.5,0.303
2023-11-15 10:00:00+00:00,14.45,46.92989,0.0,12.85,0.302
2023-11-15 11:00:00+00:00,15.75,39.7852,0.0,13.95,0.3
2023-11-15 12:00:00+00:00,16.25,37.31669,0.0,14.55,0.298
2023-11-15 13:00:00+00:00,15.65,46.61009,0.0,14.55,0.303
2023-11-15 14:00:00+00:00,14.15,53.534096,0.0,14.0,0.302
2023-11-15 15:00:00+00:00,11.5,61.484882,0.0,12.8,0.301
2023-11-15 16:00:00+00:00,11.2,60.983738,0.0,11.8,0.3
2023-11-15 17:00:00+00:00,11.9,57.011566,0.0,11.2,0.299
2023-11-15 18:00:00+00:00,10.2,63.594563,0.0,10.7,0.298
2023-11-15 19:00:00+00:00,9.05,69.4251,0.0,10.15,0.298
2023-11-15 20:00:00+00:00,8.0,75.8597,0.0,9.6,0.297
2023-11-15 21:00:00+00:00,7.9,77.45615,0.0,9.1,0.296
2023-11-15 22:00:00+00:00,9.6,70.02497,0.0,8.7,0.296
2023-11-15 23:00:00+00:00,10.65,65.73746,0.0,8.35,0.295
2023-11-16 00:00:00+00:00,8.85,73.65088,0.0,8.0,0.295
2023-11-16 01:00:00+00:00,5.55,86.04225,0.0,7.4,0.293
2023-11-16 02:00:00+00:00,5.55,86.04225,0.0,7.2,0.293
2023-11-16 03:00:00+00:00,5.85,85.16937,0.0,7.05,0.292
2023-11-16 04:00:00+00:00,5.7,85.755264,0.0,6.95,0.292
2023-11-16 05:00:00+00:00,6.65,83.48364,0.0,7.0,0.291
2023-11-16 06:00:00+00:00,9.6,71.01087,0.0,7.85,0.29
2023-11-16 07:00:00+00:00,9.95,79.94931,1.3,8.95,0.306
2023-11-16 08:00:00+00:00,8.9,90.009895,1.7,9.1,0.328
2023-11-16 09:00:00+00:00,8.9,91.24731,0.5,9.35,0.332
2023-11-16 10:00:00+00:00,9.0,91.877815,1.2,9.4,0.346
2023-11-16 11:00:00+00:00,8.65,93.75527,1.6,9.45,0.364
2023-11-16 12:00:00+00:00,9.15,85.527214,0.1,9.75,0.361
2023-11-16 13:00:00+00:00,9.3,83.226944,0.0,9.65,0.38
2023-11-16 14:00:00+00:00,8.8,80.061676,0.0,9.65,0.373
2023-11-16 15:00:00+00:00,7.0,87.70634,0.0,9.1,0.368
2023-11-16 16:00:00+00:00,5.6,92.630035,0.0,8.45,0.363
2023-11-16 17:00:00+00:00,4.35,93.87351,0.0,7.8,0.36
2023-11-16 18:00:00+00:00,3.45,94.16374,0.0,7.1,0.356
2023-11-16 19:00:00+00:00,3.65,92.84635,0.0,6.5,0.353
2023-11-16 20:00:00+00:00,3.6,93.50501,0.0,6.0,0.35
2023-11-16 21:00:00+00:00,4.35,92.55807,0.0,5.5,0.348
2023-11-16 22:00:00+00:00,4.35,92.231766,0.0,5.1,0.345
2023-11-16 23:00:00+00:00,4.3,92.228745,0.0,4.7,0.343
2023-11-17 00:00:00+00:00,4.15,92.87426,0.0,4.35,0.341
2023-11-17 01:00:00+00:00,4.1,94.52665,0.0,4.75,0.339
2023-11-17 02:00:00+00:00,3.5,97.56014,0.0,4.35,0.337
2023-11-17 03:00:00+00:00,2.8,100.0,0.0,4.1,0.335
2023-11-17 04:00:00+00:00,1.95,99.288574,0.0,4.2,0.334
2023-11-17 05:00:00+00:00,2.65,100.0,0.0,4.6,0.332
2023-11-17 06:00:00+00:00,2.95,98.94312,0.0,5.2,0.331
2023-11-17 07:00:00+00:00,3.6,97.21816,0.0,6.0,0.33
2023-11-17 08:00:00+00:00,4.75,90.96466,0.0,7.0,0.328
2023-11-17 09:00:00+00:00,7.35,73.89952,0.0,8.4,0.327
2023-11-17 10:00:00+00:00,8.55,66.67663,0.0,9.6,0.325
2023-11-17 11:00:00+00:00,9.8,60.42978,0.0,10.65,0.323
2023-11-17 12:00:00+00:00,10.85,54.95494,0.0,11.25,0.322
2023-11-17 13:00:00+00:00,10.4,59.936604,0.0,10.6,0.324
2023-11-17 14:00:00+00:00,9.65,72.01849,0.0,10.2,0.322
2023-11-17 15:00:00+00:00,9.4,64.770676,0.0,9.35,0.321
2023-11-17 16:00:00+00:00,6.95,76.489456,0.0,8.55,0.321
2023-11-17 17:00:00+00:00,6.2,76.09383,0.0,7.5,0.32
2023-11-17 18:00:00+00:00,7.7,68.65899,0.0,6.7,0.319
2023-11-17 19:00:00+00:00,7.5,69.10799,0.0,6.1,0.318
2023-11-17 20:00:00+00:00,4.95,78.65402,0.0,5.55,0.317
2023-11-17 21:00:00+00:00,3.7,83.11998,0.0,5.15,0.316
2023-11-17 22:00:00+00:00,3.05,85.16184,0.0,4.85,0.316
2023-11-17 23:00:00+00:00,3.2,84.2636,0.0,4.65,0.315
2023-11-18 00:00:00+00:00,3.3,83.36974,0.0,4.5,0.314
2023-11-18 01:00:00+00:00,3.8,82.53744,0.0,4.85,0.314
2023-11-18 02:00:00+00:00,3.55,84.91231,0.0,4.7,0.314
2023-11-18 03:00:00+00:00,3.8,88.346,0.0,4.6,0.313
2023-11-18 04:00:00+00:00,4.45,91.912766,0.0,4.65,0.312
2023-11-18 05:00:00+00:00,6.9,88.61723,0.0,5.4,0.312
2023-11-18 06:00:00+00:00,8.05,85.70532,0.0,6.15,0.311
2023-11-18 07:00:00+00:00,10.65,75.777374,0.0,7.25,0.31
2023-11-18 08:00:00+00:00,13.3,64.07908,0.0,8.75,0.309
2023-11-18 09:00:00+00:00,14.1,59.59024,0.0,9.95,0.308
2023-11-18 10:00:00+00:00,15.05,58.005703,0.1,10.9,0.308
2023-11-18 11:00:00+00:00,15.05,61.89642,1.5,11.2,0.325
2023-11-18 12:00:00+00:00,15.5,60.54453,0.9,11.35,0.335
2023-11-18 13:00:00+00:00,14.0,65.78887,0.0,11.15,0.315
2023-11-18 14:00:00+00:00,13.9,65.99173,0.1,11.15,0.315
2023-11-18 15:00:00+00:00,11.25,88.08995,2.1,10.65,0.34
2023-11-18 16:00:00+00:00,10.0,86.202446,3.0,10.1,0.378
2023-11-18 17:00:00+00:00,8.9,85.79484,0.6,9.45,0.38
2023-11-18 18:00:00+00:00,8.45,82.54949,0.1,8.9,0.375
2023-11-18 19:00:00+00:00,7.8,81.60961,0.3,8.4,0.373
2023-11-18 20:00:00+00:00,4.6,87.1719,0.0,7.65,0.369
2023-11-18 21:00:00+00:00,3.1,89.55787,0.0,6.9,0.365
2023-11-18 22:00:00+00:00,2.7,86.6726,0.0,6.4,0.362
2023-11-18 23:00:00+00:00,2.1,85.36449,0.0,5.9,0.359
2023-11-19 00:00:00+00:00,2.0,85.66391,0.0,5.6,0.356
2023-11-19 01:00:00+00:00,2.3,88.850204,0.0,5.45,0.363
2023-11-19 02:00:00+00:00,2.05,87.236336,0.0,5.1,0.36
2023-11-19 03:00:00+00:00,1.45,86.54508,0.0,4.7,0.358
2023-11-19 04:00:00+00:00,1.15,84.637115,0.0,4.4,0.356
2023-11-19 05:00:00+00:00,1.4,81.324036,0.0,4.3,0.354
2023-11-19 06:00:00+00:00,2.1,71.858894,0.0,4.45,0.352
2023-11-19 07:00:00+00:00,2.95,65.91627,0.0,5.15,0.35
2023-11-19 08:00:00+00:00,4.3,56.896576,0.0,6.1,0.348
2023-11-19 09:00:00+00:00,4.3,59.05588,0.0,6.75,0.346
2023-11-19 10:00:00+00:00,3.45,64.57928,0.1,6.8,0.344
2023-11-19 11:00:00+00:00,3.85,63.253124,0.1,7.05,0.343
2023-11-19 12:00:00+00:00,3.45,64.818924,0.1,7.0,0.342
2023-11-19 13:00:00+00:00,2.95,64.70323,0.0,6.9,0.343
2023-11-19 14:00:00+00:00,1.95,69.728424,0.0,6.4,0.341
2023-11-19 15:00:00+00:00,1.45,73.89466,0.0,5.95,0.34
2023-11-19 16:00:00+00:00,1.0,77.460396,0.0,5.5,0.339
2023-11-19 17:00:00+00:00,0.9,76.872116,0.0,5.2,0.338
2023-11-19 18:00:00+00:00,0.45,80.59329,0.0,4.85,0.337
2023-11-19 19:00:00+00:00,-0.05,84.184906,0.0,4.5,0.336
2023-11-19 20:00:00+00:00,-0.7,88.26104,0.0,4.05,0.335
2023-11-19 21:00:00+00:00,-0.05,85.12363,0.0,3.85,0.334
2023-11-19 22:00:00+00:00,0.65,81.821625,0.0,3.85,0.333
2023-11-19 23:00:00+00:00,1.25,80.116135,0.0,3.95,0.332
2023-11-20 00:00:00+00:00,1.35,81.31711,0.0,4.0,0.331
2023-11-20 01:00:00+00:00,0.55,85.505066,0.0,3.9,0.331
2023-11-20 02:00:00+00:00,0.1,89.31217,0.0,3.65,0.33
2023-11-20 03:00:00+00:00,-0.45,92.61122,0.0,3.35,0.329
2023-11-20 04:00:00+00:00,-1.05,92.57586,0.0,2.95,0.329
2023-11-20 05:00:00+00:00,-0.95,90.55401,0.0,2.65,0.328
2023-11-20 06:00:00+00:00,1.2,76.922134,0.0,3.05,0.327
2023-11-20 07:00:00+00:00,2.6,69.34791,0.0,3.95,0.327
2023-11-20 08:00:00+00:00,3.95,62.346863,0.0,5.15,0.326
2023-11-20 09:00:00+00:00,4.4,59.964943,0.0,6.15,0.325
2023-11-20 10:00:00+00:00,4.45,59.534386,0.0,6.7,0.324
2023-11-20 11:00:00+00:00,4.95,57.27975,0.0,7.25,0.323
2023-11-20 12:00:00+00:00,5.2,56.501186,0.0,7.5,0.322
2023-11-20 13:00:00+00:00,4.9,59.208714,0.0,7.15,0.323
2023-11-20 14:00:00+00:00,5.3,58.441338,0.0,6.9,0.322
2023-11-20 15:00:00+00:00,4.75,63.233505,0.0,6.55,0.322
2023-11-20 16:00:00+00:00,3.7,71.64407,0.0,6.05,0.321
2023-11-20 17:00:00+00:00,4.35,74.69183,0.0,5.95,0.32
2023-11-20 18:00:00+00:00,4.1,80.23798,0.0,5.85,0.32
2023-11-20 19:00:00+00:00,3.65,83.71319,0.0,5.55,0.32
2023-11-20 20:00:00+00:00,2.8,88.256485,0.0,5.05,0.319
2023-11-20 21:00:00+00:00,2.6,88.87593,0.0,4.65,0.319
2023-11-20 22:00:00+00:00,1.65,91.07342,0.0,4.25,0.319
2023-11-20 23:00:00+00:00,0.95,91.688515,0.0,3.85,0.318
2023-11-21 00:00:00+00:00,0.8,91.01381,0.0,3.4,0.318
2023-11-21 01:00:00+00:00,0.35,90.65005,0.0,3.75,0.312
2023-11-21 02:00:00+00:00,0.75,88.715866,0.0,3.2,0.311
2023-11-21 03:00:00+00:00,2.15,84.752655,0.0,2.75,0.311
2023-11-21 04:00:00+00:00,2.25,84.76414,0.0,2.4,0.311
2023-11-21 05:00:00+00:00,1.9,86.591194,0.0,2.05,0.311
2023-11-21 06:00:00+00:00,2.45,85.09463,0.0,2.75,0.31
2023-11-21 07:00:00+00:00,4.6,75.549736,0.0,4.2,0.31
2023-11-21 08:00:00+00:00,6.4,68.14119,0.0,5.8,0.309
2023-11-21 09:00:00+00:00,7.9,62.3841,0.0,7.35,0.309
2023-11-21 10:00:00+00:00,9.1,57.51635,0.0,8.65,0.308
2023-11-21 11:00:00+00:00,9.95,53.93626,0.0,9.6,0.307
2023-11-21 12:00:00+00:00,10.3,51.936398,0.0,10.15,0.306
2023-11-21 13:00:00+00:00,9.9,51.82672,0.0,10.4,0.306
2023-11-21 14:00:00+00:00,8.25,60.048687,0.0,9.65,0.306
2023-11-21 15:00:00+00:00,5.15,71.150154,0.0,8.2,0.306
2023-11-21 16:00:00+00:00,5.05,69.85378,0.0,7.05,0.306
2023-11-21 17:00:00+00:00,4.35,71.25068,0.0,6.2,0.305
2023-11-21 18:00:00+00:00,4.65,66.78438,0.0,5.65,0.305
2023-11-21 19:00:00+00:00,5.4,62.23779,0.0,5.45,0.305
2023-11-21 20:00:00+00:00,4.8,63.711624,0.0,5.25,0.305
2023-11-21 21:00:00+00:00,5.35,59.761482,0.0,5.15,0.304
2023-11-21 22:00:00+00:00,4.95,60.325184,0.0,5.05,0.304
2023-11-21 23:00:00+00:00,4.75,60.722202,0.0,4.85,0.304
2023-11-22 00:00:00+00:00,5.0,59.894066,0.0,4.8,0.304
2023-11-22 01:00:00+00:00,3.25,71.29386,0.0,4.75,0.305
2023-11-22 02:00:00+00:00,4.25,66.94118,0.0,4.6,0.305
2023-11-22 03:00:00+00:00,4.7,65.58473,0.0,4.6,0.305
2023-11-22 04:00:00+00:00,4.65,67.02894,0.0,4.6,0.304
2023-11-22 05:00:00+00:00,4.55,70.26104,0.0,4.65,0.304
2023-11-22 06:00:00+00:00,6.8,64.17721,0.0,5.1,0.304
2023-11-22 07:00:00+00:00,8.55,58.840435,0.0,6.3,0.304
2023-11-22 08:00:00+00:00,10.55,55.26893,0.0,7.9,0.303
2023-11-22 09:00:00+00:00,12.1,53.93324,0.0,9.35,0.302
2023-11-22 10:00:00+00:00,13.25,52.736115,0.0,10.7,0.301
2023-11-22 11:00:00+00:00,14.0,52.384575,0.0,11.7,0.3
2023-11-22 12:00:00+00:00,14.1,53.33451,0.0,12.2,0.3
2023-11-22 13:00:00+00:00,14.0,54.624813,0.0,12.25,0.304
2023-11-22 14:00:00+00:00,12.1,65.59962,0.0,11.6,0.303
2023-11-22 15:00:00+00:00,9.7,73.803635,0.0,10.4,0.303
2023-11-22 16:00:00+00:00,11.15,68.17517,0.0,9.7,0.303
2023-11-22 17:00:00+00:00,10.0,77.51875,0.0,9.3,0.303
2023-11-22 18:00:00+00:00,10.05,78.33152,0.0,9.05,0.303
2023-11-22 19:00:00+00:00,9.1,83.77712,0.0,8.75,0.302
2023-11-22 20:00:00+00:00,9.2,84.07735,0.0,8.6,0.302
2023-11-22 21:00:00+00:00,9.65,82.41724,0.0,8.6,0.302
2023-11-22 22:00:00+00:00,8.3,87.82558,0.0,8.3,0.302
2023-11-22 23:00:00+00:00,6.95,91.11615,0.0,7.9,0.302
2023-11-23 00:00:00+00:00,7.2,89.25981,0.0,7.4,0.302
2023-11-23 01:00:00+00:00,7.45,86.23881,0.0,8.1,0.304
2023-11-23 02:00:00+00:00,6.75,88.913246,0.0,7.55,0.304
2023-11-23 03:00:00+00:00,6.7,88.600006,0.0,7.05,0.304
2023-11-23 04:00:00+00:00,7.4,85.63633,0.0,6.6,0.304
2023-11-23 05:00:00+00:00,6.1,89.79534,0.0,6.25,0.303
2023-11-23 06:00:00+00:00,8.05,84.52677,0.0,6.8,0.303
2023-11-23 07:00:00+00:00,10.4,76.785576,0.0,8.2,0.303
2023-11-23 08:00:00+00:00,11.95,71.708046,0.0,9.8,0.302
2023-11-23 09:00:00+00:00,13.15,66.509254,0.0,11.35,0.302
2023-11-23 10:00:00+00:00,13.9,63.994812,0.0,12.55,0.301
2023-11-23 11:00:00+00:00,14.3,62.785637,0.0,13.4,0.3
2023-11-23 12:00:00+00:00,14.5,61.767746,0.0,13.75,0.299
2023-11-23 13:00:00+00:00,14.2,68.56809,0.0,13.6,0.3
2023-11-23 14:00:00+00:00,12.4,80.56472,0.0,12.95,0.3
2023-11-23 15:00:00+00:00,10.05,89.48795,0.0,11.65,0.3
2023-11-23 16:00:00+00:00,10.9,86.58552,0.0,10.6,0.3
2023-11-23 17:00:00+00:00,11.0,85.72234,0.0,9.8,0.3
2023-11-23 18:00:00+00:00,11.05,84.862595,0.0,9.2,0.3
2023-11-23 19:00:00+00:00,10.45,87.1296,0.0,8.7,0.299
2023-11-23 20:00:00+00:00,9.6,90.67625,0.0,8.2,0.299
2023-11-23 21:00:00+00:00,8.05,94.36988,0.0,7.8,0.299
2023-11-23 22:00:00+00:00,8.8,93.762474,0.0,7.4,0.299
2023-11-23 23:00:00+00:00,8.6,93.75286,0.0,7.0,0.299
2023-11-24 00:00:00+00:00,7.7,96.31407,0.0,6.7,0.299
2023-11-24 01:00:00+00:00,5.35,99.30784,0.0,6.95,0.297
2023-11-24 02:00:00+00:00,6.0,99.6552,0.0,6.6,0.296
2023-11-24 03:00:00+00:00,5.25,99.3073,0.0,6.3,0.296
2023-11-24 04:00:00+00:00,5.05,98.6166,0.0,6.1,0.296
2023-11-24 05:00:00+00:00,4.9,97.5873,0.0,5.95,0.296
2023-11-24 06:00:00+00:00,7.25,92.08579,0.0,6.5,0.296
2023-11-24 07:00:00+00:00,9.5,82.96604,0.0,7.85,0.296
2023-11-24 08:00:00+00:00,11.1,76.11263,0.0,9.35,0.295
2023-11-24 09:00:00+00:00,12.8,68.98588,0.0,10.8,0.295
2023-11-24 10:00:00+00:00,14.15,63.39814,0.0,12.1,0.294
2023-11-24 11:00:00+00:00,15.1,59.02028,0.0,13.0,0.293
2023-11-24 12:00:00+00:00,15.65,54.676945,0.0,13.5,0.293
2023-11-24 13:00:00+00:00,14.9,58.3677,0.0,13.45,0.293
2023-11-24 14:00:00+00:00,13.35,65.87255,0.0,12.85,0.293
2023-11-24 15:00:00+00:00,12.4,69.37886,0.0,12.05,0.293
2023-11-24 16:00:00+00:00,11.75,74.16702,0.4,11.3,0.297
2023-11-24 17:00:00+00:00,11.55,69.92727,0.0,10.6,0.297
2023-11-24 18:00:00+00:00,11.0,73.52735,0.1,10.25,0.297
2023-11-24 19:00:00+00:00,10.2,85.930145,4.7,9.95,0.361
2023-11-24 20:00:00+00:00,9.5,91.90869,2.9,9.7,0.396
2023-11-24 21:00:00+00:00,8.95,90.63029,0.4,9.35,0.393
2023-11-24 22:00:00+00:00,8.15,92.456505,0.0,9.0,0.386
2023-11-24 23:00:00+00:00,8.55,86.64845,0.0,8.6,0.381
2023-11-25 00:00:00+00:00,8.7,84.89246,0.0,8.4,0.376
2023-11-25 01:00:00+00:00,9.15,82.07036,0.0,8.85,0.299
2023-11-25 02:00:00+00:00,9.15,82.92279,0.0,8.7,0.299
2023-11-25 03:00:00+00:00,9.3,81.52631,0.0,8.65,0.299
2023-11-25 04:00:00+00:00,9.3,82.37275,0.2,8.65,0.3
2023-11-25 05:00:00+00:00,8.85,87.87552,0.4,8.6,0.304
2023-11-25 06:00:00+00:00,8.75,89.99857,2.6,8.6,0.34
2023-11-25 07:00:00+00:00,8.85,90.93311,0.9,8.8,0.351
2023-11-25 08:00:00+00:00,9.9,81.32636,0.1,9.2,0.35
2023-11-25 09:00:00+00:00,12.05,67.4259,0.0,10.35,0.347
2023-11-25 10:00:00+00:00,13.2,63.180912,0.0,11.45,0.345
2023-11-25 11:00:00+00:00,14.2,60.02611,0.0,12.4,0.343
2023-11-25 12:00:00+00:00,14.45,60.50011,0.0,12.8,0.341
2023-11-25 13:00:00+00:00,10.8,75.80241,1.9,10.7,0.382
2023-11-25 14:00:00+00:00,8.75,85.19081,0.9,9.9,0.387
2023-11-25 15:00:00+00:00,8.15,86.3102,0.5,9.15,0.386
2023-11-25 16:00:00+00:00,8.45,83.41105,0.0,8.7,0.381
2023-11-25 17:00:00+00:00,8.3,82.53047,0.0,8.4,0.377
2023-11-25 18:00:00+00:00,9.1,79.00321,0.0,8.4,0.373
2023-11-25 19:00:00+00:00,8.85,78.14771,0.0,8.35,0.37
2023-11-25 20:00:00+00:00,8.8,76.52544,0.0,8.35,0.367
2023-11-25 21:00:00+00:00,9.3,70.95248,0.0,8.55,0.364
2023-11-25 22:00:00+00:00,9.15,73.44813,0.0,8.6,0.362
2023-11-25 23:00:00+00:00,9.25,73.722916,0.0,8.65,0.36
2023-11-26 00:00:00+00:00,9.4,71.720245,0.0,8.7,0.358
2023-11-26 01:00:00+00:00,10.55,65.71545,0.0,9.4,0.346
2023-11-26 02:00:00+00:00,10.35,64.75663,0.0,9.4,0.345
2023-11-26 03:00:00+00:00,10.4,64.541016,0.0,9.45,0.344
2023-11-26 04:00:00+00:00,10.7,65.29044,0.0,9.55,0.342
2023-11-26 05:00:00+00:00,11.15,65.39023,0.0,9.7,0.341
2023-11-26 06:00:00+00:00,12.85,61.378338,0.0,10.15,0.34
2023-11-26 07:00:00+00:00,11.45,83.20419,2.5,10.45,0.37
2023-11-26 08:00:00+00:00,11.15,88.974266,3.0,10.6,0.401
2023-11-26 09:00:00+00:00,12.05,77.0496,0.3,10.7,0.395
2023-11-26 10:00:00+00:00,10.15,65.39721,2.3,10.8,0.407
2023-11-26 11:00:00+00:00,9.25,57.5548,0.0,10.45,0.397
2023-11-26 12:00:00+00:00,8.25,61.137547,0.0,10.4,0.39
2023-11-26 13:00:00+00:00,7.45,52.87057,0.0,10.1,0.379
2023-11-26 14:00:00+00:00,6.2,55.31921,0.0,9.55,0.375
2023-11-26 15:00:00+00:00,4.35,64.31235,0.0,8.8,0.372
2023-11-26 16:00:00+00:00,3.9,65.64473,0.0,8.1,0.369
2023-11-26 17:00:00+00:00,2.75,71.98562,0.0,7.45,0.367
2023-11-26 18:00:00+00:00,1.5,80.15267,0.0,6.75,0.365
2023-11-26 19:00:00+00:00,0.7,84.895996,0.0,6.15,0.363
2023-11-26 20:00:00+00:00,0.5,86.446976,0.0,5.65,0.361
2023-11-26 21:00:00+00:00,-0.05,85.12363,0.0,5.25,0.359
2023-11-26 22:00:00+00:00,-0.8,81.928925,0.0,4.75,0.358
2023-11-26 23:00:00+00:00,-1.3,82.1683,0.0,4.35,0.356
2023-11-27 00:00:00+00:00,-1.7,84.30077,0.0,3.9,0.355
2023-11-27 01:00:00+00:00,-1.8,84.9233,0.0,4.55,0.354
2023-11-27 02:00:00+00:00,-2.25,88.44901,0.0,3.95,0.353
2023-11-27 03:00:00+00:00,-2.65,89.41443,0.0,3.45,0.351
2023-11-27 04:00:00+00:00,-2.9,89.0579,0.0,3.05,0.35
2023-11-27 05:00:00+00:00,-2.55,85.15679,0.0,2.85,0.349
2023-11-27 06:00:00+00:00,-1.2,72.019775,0.0,3.1,0.348
2023-11-27 07:00:00+00:00,-0.35,65.15925,0.0,3.65,0.347
2023-11-27 08:00:00+00:00,0.65,57.225353,0.0,4.55,0.346
2023-11-27 09:00:00+00:00,1.4,52.577953,0.0,5.4,0.345
2023-11-27 10:00:00+00:00,2.05,46.99751,0.0,6.1,0.343
2023-11-27 11:00:00+00:00,2.65,41.332333,0.0,6.5,0.342
2023-11-27 12:00:00+00:00,2.8,36.62291,0.0,6.55,0.341
2023-11-27 13:00:00+00:00,2.35,40.757515,0.0,6.35,0.341
2023-11-27 14:00:00+00:00,1.65,41.35204,0.0,5.75,0.34
2023-11-27 15:00:00+00:00,0.65,46.948673,0.0,5.1,0.34
2023-11-27 16:00:00+00:00,-0.65,51.792885,0.0,4.25,0.339
2023-11-27 17:00:00+00:00,-1.15,54.568497,0.0,3.6,0.338
2023-11-27 18:00:00+00:00,-1.6,57.513382,0.0,3.05,0.338
2023-11-27 19:00:00+00:00,-1.9,59.257973,0.0,2.6,0.337
2023-11-27 20:00:00+00:00,-2.4,61.48603,0.0,2.15,0.336
2023-11-27 21:00:00+00:00,-2.85,63.571167,0.0,1.7,0.336
2023-11-27 22:00:00+00:00,-2.8,63.831833,0.0,1.2,0.335
2023-11-27 23:00:00+00:00,-1.85,58.352364,0.0,0.85,0.335
2023-11-28 00:00:00+00:00,-3.45,66.47472,0.0,0.7,0.334
2023-11-28 01:00:00+00:00,-4.3,77.76436,0.0,0.95,0.336
2023-11-28 02:00:00+00:00,-4.1,79.923325,0.0,0.8,0.335
2023-11-28 03:00:00+00:00,-3.8,81.51549,0.0,0.7,0.335
2023-11-28 04:00:00+00:00,-3.8,82.14169,0.0,0.65,0.334
2023-11-28 05:00:00+00:00,-4.05,82.10769,0.0,0.55,0.334
2023-11-28 06:00:00+00:00,-1.7,70.29125,0.0,0.6,0.333
2023-11-28 07:00:00+00:00,0.3,60.98279,0.0,0.85,0.333
2023-11-28 08:00:00+00:00,1.9,53.32833,0.0,2.05,0.332
2023-11-28 09:00:00+00:00,3.5,47.243088,0.0,3.6,0.331
2023-11-28 10:00:00+00:00,4.8,43.96184,0.0,4.9,0.33
2023-11-28 11:00:00+00:00,5.7,40.35835,0.0,5.9,0.329
2023-11-28 12:00:00+00:00,6.3,37.837948,0.0,6.45,0.328
2023-11-28 13:00:00+00:00,5.15,43.898373,0.0,5.1,0.332
2023-11-28 14:00:00+00:00,4.05,48.685913,0.0,4.8,0.332
2023-11-28 15:00:00+00:00,3.6,51.21472,0.0,4.3,0.331
2023-11-28 16:00:00+00:00,3.6,53.394184,0.0,4.05,0.331
2023-11-28 17:00:00+00:00,3.7,53.2204,0.0,3.9,0.33
2023-11-28 18:00:00+00:00,3.95,53.289608,0.1,3.85,0.33
2023-11-28 19:00:00+00:00,4.35,57.122448,0.2,3.75,0.332
2023-11-28 20:00:00+00:00,4.85,58.109787,0.0,3.7,0.331
2023-11-28 21:00:00+00:00,5.75,49.918285,0.0,3.9,0.331
2023-11-28 22:00:00+00:00,6.3,43.083298,0.0,4.25,0.33
2023-11-28 23:00:00+00:00,6.15,42.068237,0.0,4.5,0.33
2023-11-29 00:00:00+00:00,6.15,43.3664,0.0,4.7,0.329
2023-11-29 01:00:00+00:00,6.2,46.959682,0.0,5.4,0.334
2023-11-29 02:00:00+00:00,6.25,58.4697,0.0,5.35,0.333
2023-11-29 03:00:00+00:00,5.8,68.0137,0.0,5.2,0.333
2023-11-29 04:00:00+00:00,5.9,69.27378,0.0,5.1,0.332
2023-11-29 05:00:00+00:00,6.05,68.31289,0.0,5.2,0.332
2023-11-29 06:00:00+00:00,7.15,67.32887,0.0,5.5,0.331
2023-11-29 07:00:00+00:00,8.25,65.90418,0.0,5.95,0.331
2023-11-29 08:00:00+00:00,10.05,60.49081,0.0,6.8,0.33
2023-11-29 09:00:00+00:00,11.05,56.59274,0.0,7.7,0.329
2023-11-29 10:00:00+00:00,10.95,57.7826,0.0,8.15,0.329
2023-11-29 11:00:00+00:00,11.05,60.52045,0.0,8.65,0.328
2023-11-29 12:00:00+00:00,10.95,63.321877,0.0,8.95,0.327
2023-11-29 13:00:00+00:00,11.65,59.19507,0.0,9.35,0.33
2023-11-29 14:00:00+00:00,11.0,60.7216,0.0,9.2,0.329
2023-11-29 15:00:00+00:00,10.3,62.949295,0.0,8.95,0.329
2023-11-29 16:00:00+00:00,9.6,68.80961,0.0,8.75,0.328
2023-11-29 17:00:00+00:00,9.4,69.74018,0.0,8.5,0.328
2023-11-29 18:00:00+00:00,9.2,79.84212,0.0,8.4,0.327
2023-11-29 19:00:00+00:00,9.35,77.68487,0.0,8.35,0.327
2023-11-29 20:00:00+00:00,9.25,77.13246,0.0,8.25,0.327
2023-11-29 21:00:00+00:00,9.25,81.51968,0.0,8.3,0.326
2023-11-29 22:00:00+00:00,9.2,80.95266,0.0,8.3,0.326
2023-11-29 23:00:00+00:00,8.9,82.32172,0.3,8.1,0.329
2023-11-30 00:00:00+00:00,8.8,83.1659,2.1,7.9,0.356
2023-11-30 01:00:00+00:00,9.75,80.47248,0.0,8.55,0.374
2023-11-30 02:00:00+00:00,9.8,80.20327,0.0,8.35,0.371
2023-11-30 03:00:00+00:00,10.2,76.75329,0.0,8.4,0.369
2023-11-30 04:00:00+00:00,10.15,77.2758,0.0,8.5,0.367
2023-11-30 05:00:00+00:00,9.65,80.18212,0.1,8.5,0.365
2023-11-30 06:00:00+00:00,9.35,86.43134,0.4,8.5,0.367
2023-11-30 07:00:00+00:00,10.15,85.63316,0.2,8.95,0.366
2023-11-30 08:00:00+00:00,11.65,75.94362,0.0,10.05,0.365
2023-11-30 09:00:00+00:00,12.8,68.51559,0.0,11.05,0.362
2023-11-30 10:00:00+00:00,13.2,66.74801,0.2,11.7,0.362
2023-11-30 11:00:00+00:00,13.6,64.58765,0.1,12.2,0.36
2023-11-30 12:00:00+00:00,13.7,64.38919,0.1,12.4,0.359
2023-11-30 13:00:00+00:00,12.8,68.750374,0.0,12.0,0.358
2023-11-30 14:00:00+00:00,10.9,82.01542,0.0,11.4,0.356
2023-11-30 15:00:00+00:00,9.3,84.08895,0.0,10.35,0.355
2023-11-30 16:00:00+00:00,9.75,80.19622,0.0,9.65,0.354
2023-11-30 17:00:00+00:00,9.1,82.91659,0.0,9.05,0.353
2023-11-30 18:00:00+00:00,8.55,84.292076,0.0,8.6,0.352
2023-11-30 19:00:00+00:00,7.75,86.56882,0.0,8.25,0.351
2023-11-30 20:00:00+00:00,7.2,87.117355,0.0,7.85,0.35
2023-11-30 21:00:00+00:00,6.35,87.340096,0.0,7.4,0.349
2023-11-30 22:00:00+00:00,5.95,88.22537,0.0,7.05,0.348
2023-11-30 23:00:00+00:00,5.6,89.128525,0.0,6.8,0.347
2023-12-01 00:00:00+00:00,5.65,88.820335,0.0,6.5,0.347
2023-12-01 01:00:00+00:00,6.0,88.22983,0.0,7.6,0.345
2023-12-01 02:00:00+00:00,6.25,88.252045,0.0,7.25,0.344
2023-12-01 03:00:00+00:00,5.8,89.45802,0.0,6.95,0.343
2023-12-01 04:00:00+00:00,5.15,91.312836,0.0,6.6,0.343
2023-12-01 05:00:00+00:00,4.6,92.24686,0.0,6.25,0.342
2023-12-01 06:00:00+00:00,7.5,84.464035,0.0,6.55,0.341
2023-12-01 07:00:00+00:00,9.65,77.463646,0.0,7.75,0.341
2023-12-01 08:00:00+00:00,11.15,71.310036,0.0,9.1,0.34
2023-12-01 09:00:00+00:00,12.6,65.483215,0.0,10.45,0.339
2023-12-01 10:00:00+00:00,13.9,60.160416,0.0,11.65,0.338
2023-12-01 11:00:00+00:00,14.65,55.943565,0.0,12.55,0.336
2023-12-01 12:00:00+00:00,14.9,54.67026,0.0,13.0,0.335
2023-12-01 13:00:00+00:00,15.0,53.758682,0.0,13.15,0.333
2023-12-01 14:00:00+00:00,13.05,63.14646,0.0,12.45,0.333
2023-12-01 15:00:00+00:00,11.5,68.48412,0.0,11.45,0.332
2023-12-01 16:00:00+00:00,10.45,72.41938,0.0,10.55,0.332
2023-12-01 17:00:00+00:00,9.75,75.626366,0.0,9.85,0.332
2023-12-01 18:00:00+00:00,8.1,82.79205,0.0,9.15,0.331
2023-12-01 19:00:00+00:00,7.9,83.055214,0.0,8.55,0.331
2023-12-01 20:00:00+00:00,7.65,83.31387,0.0,8.05,0.331
2023-12-01 21:00:00+00:00,6.45,87.04475,0.0,7.55,0.33
2023-12-01 22:00:00+00:00,6.6,87.363846,0.0,7.2,0.33
2023-12-01 23:00:00+00:00,7.3,85.92408,0.0,7.2,0.33
2023-12-02 00:00:00+00:00,5.75,89.14092,0.0,6.9,0.329
2023-12-02 01:00:00+00:00,5.7,91.66964,0.0,7.3,0.328
2023-12-02 02:00:00+00:00,4.85,93.24019,0.0,6.9,0.328
2023-12-02 03:00:00+00:00,5.15,92.279884,0.0,6.55,0.328
2023-12-02 04:00:00+00:00,5.4,91.65033,0.0,6.35,0.327
2023-12-02 05:00:00+00:00,5.0,91.94718,0.0,6.15,0.327
2023-12-02 06:00:00+00:00,7.3,85.32816,0.0,6.45,0.327
2023-12-02 07:00:00+00:00,9.5,77.439964,0.0,7.65,0.327
2023-12-02 08:00:00+00:00,11.1,71.054794,0.0,9.0,0.326
2023-12-02 09:00:00+00:00,12.7,63.94346,0.0,10.35,0.325
2023-12-02 10:00:00+00:00,14.0,59.977695,0.0,11.55,0.324
2023-12-02 11:00:00+00:00,15.15,56.264862,0.0,12.55,0.323
2023-12-02 12:00:00+00:00,15.75,53.034504,0.0,13.1,0.323
2023-12-02 13:00:00+00:00,15.0,51.56611,0.0,13.2,0.32
2023-12-02 14:00:00+00:00,13.1,59.139935,0.0,12.5,0.319
2023-12-02 15:00:00+00:00,11.65,63.483047,0.0,11.45,0.319
2023-12-02 16:00:00+00:00,11.25,63.612885,0.0,10.65,0.319
2023-12-02 17:00:00+00:00,10.45,66.8523,0.0,10.05,0.319
2023-12-02 18:00:00+00:00,9.7,70.78282,0.0,9.5,0.319
2023-12-02 19:00:00+00:00,8.85,74.42739,0.0,8.95,0.319
2023-12-02 20:00:00+00:00,8.6,75.1682,0.0,8.6,0.318
2023-12-02 21:00:00+00:00,7.4,80.98769,0.0,8.15,0.318
2023-12-02 22:00:00+00:00,7.0,82.07636,0.0,7.75,0.318
2023-12-02 23:00:00+00:00,6.95,82.06983,0.0,7.45,0.318
2023-12-03 00:00:00+00:00,6.5,83.17273,0.0,7.15,0.318
2023-12-03 01:00:00+00:00,6.75,86.16686,0.0,7.95,0.319
2023-12-03 02:00:00+00:00,5.25,89.09949,0.0,7.35,0.319
2023-12-03 03:00:00+00:00,5.1,88.77346,0.0,6.8,0.319
2023-12-03 04:00:00+00:00,5.5,87.2588,0.0,6.5,0.319
2023-12-03 05:00:00+00:00,4.55,88.72629,0.0,6.15,0.319
2023-12-03 06:00:00+00:00,7.7,79.34717,0.0,6.45,0.318
2023-12-03 07:00:00+00:00,10.25,70.39882,0.0,7.7,0.318
2023-12-03 08:00:00+00:00,11.75,64.84425,0.0,9.0,0.318
2023-12-03 09:00:00+00:00,13.2,60.198994,0.0,10.35,0.317
2023-12-03 10:00:00+00:00,14.25,56.424053,0.0,11.5,0.316
2023-12-03 11:00:00+00:00,15.25,53.638824,0.0,12.5,0.316
2023-12-03 12:00:00+00:00,15.75,51.411217,0.0,13.1,0.315
2023-12-03 13:00:00+00:00,14.75,54.44232,0.0,13.2,0.311
2023-12-03 14:00:00+00:00,11.9,70.72164,0.0,12.35,0.311
2023-12-03 15:00:00+00:00,10.8,68.10232,0.0,11.1,0.311
2023-12-03 16:00:00+00:00,9.85,69.10227,0.0,10.0,0.311
2023-12-03 17:00:00+00:00,9.8,67.89291,0.0,9.2,0.311
2023-12-03 18:00:00+00:00,10.2,67.26768,0.0,8.55,0.311
2023-12-03 19:00:00+00:00,8.6,77.028145,0.0,8.15,0.311
2023-12-03 20:00:00+00:00,7.5,82.42861,0.0,7.75,0.311
2023-12-03 21:00:00+00:00,7.35,81.83532,0.0,7.45,0.311
2023-12-03 22:00:00+00:00,8.85,73.908905,0.0,7.25,0.311
2023-12-03 23:00:00+00:00,11.0,64.225845,0.0,6.95,0.31
2023-12-04 00:00:00+00:00,10.65,65.50804,0.0,6.55,0.31
2023-12-04 01:00:00+00:00,8.55,73.33898,0.0,5.6,0.31
2023-12-04 02:00:00+00:00,7.95,76.118004,0.0,5.35,0.31
2023-12-04 03:00:00+00:00,7.55,77.67284,0.0,5.1,0.31
2023-12-04 04:00:00+00:00,6.95,80.359085,0.0,4.85,0.309
2023-12-04 05:00:00+00:00,6.0,83.6991,0.0,4.65,0.309
2023-12-04 06:00:00+00:00,5.7,86.36151,0.0,5.1,0.309
2023-12-04 07:00:00+00:00,8.35,77.52748,0.0,6.45,0.309
2023-12-04 08:00:00+00:00,10.15,71.36517,0.0,8.1,0.309
2023-12-04 09:00:00+00:00,11.75,64.84425,0.0,9.65,0.308
2023-12-04 10:00:00+00:00,12.7,59.869133,0.0,10.9,0.307
2023-12-04 11:00:00+00:00,13.15,58.13338,0.0,11.8,0.307
2023-12-04 12:00:00+00:00,13.15,58.947227,0.0,12.15,0.306
2023-12-04 13:00:00+00:00,12.9,59.91787,0.0,12.3,0.304
2023-12-04 14:00:00+00:00,10.85,72.24393,0.0,11.55,0.304
2023-12-04 15:00:00+00:00,12.05,61.615692,0.0,10.4,0.304
2023-12-04 16:00:00+00:00,11.9,61.36559,0.0,9.45,0.304
2023-12-04 17:00:00+00:00,9.85,70.5656,0.0,8.7,0.304
2023-12-04 18:00:00+00:00,7.2,82.96839,0.0,8.05,0.304
2023-12-04 19:00:00+00:00,7.15,84.71899,0.0,7.65,0.304
2023-12-04 20:00:00+00:00,6.9,87.088394,0.0,7.45,0.304
2023-12-04 21:00:00+00:00,6.1,90.10955,0.0,7.2,0.304
2023-12-04 22:00:00+00:00,5.8,90.40273,0.0,7.0,0.304
2023-12-04 23:00:00+00:00,5.55,90.70176,0.0,6.75,0.304
2023-12-05 00:00:00+00:00,5.25,91.31954,0.0,6.55,0.303
2023-12-05 01:00:00+00:00,4.9,93.57083,0.0,6.4,0.302
2023-12-05 02:00:00+00:00,4.4,94.20722,0.0,6.15,0.302
2023-12-05 03:00:00+00:00,4.3,95.53929,0.0,6.05,0.302
2023-12-05 04:00:00+00:00,4.05,96.20636,0.1,5.85,0.303
2023-12-05 05:00:00+00:00,3.85,97.22371,0.0,5.7,0.303
2023-12-05 06:00:00+00:00,4.75,95.55513,0.0,5.8,0.303
2023-12-05 07:00:00+00:00,6.9,90.48311,0.0,6.8,0.303
2023-12-05 08:00:00+00:00,8.9,83.17815,0.0,8.3,0.303
2023-12-05 09:00:00+00:00,10.7,75.007904,0.0,9.8,0.302
2023-12-05 10:00:00+00:00,11.9,67.86096,0.0,11.0,0.302
2023-12-05 11:00:00+00:00,12.35,67.95473,0.0,11.9,0.301
2023-12-05 12:00:00+00:00,11.8,70.94547,0.0,12.15,0.301
2023-12-05 13:00:00+00:00,13.2,61.249363,0.0,13.1,0.298
2023-12-05 14:00:00+00:00,10.3,79.725395,0.0,12.1,0.298
2023-12-05 15:00:00+00:00,7.55,89.288216,0.0,10.6,0.298
2023-12-05 16:00:00+00:00,6.65,90.77983,0.0,9.45,0.298
2023-12-05 17:00:00+00:00,6.85,87.692474,0.0,8.5,0.298
2023-12-05 18:00:00+00:00,8.05,82.78579,0.0,7.8,0.298
2023-12-05 19:00:00+00:00,5.85,89.775856,0.0,7.2,0.298
2023-12-05 20:00:00+00:00,4.7,92.90478,0.0,6.7,0.298
2023-12-05 21:00:00+00:00,4.05,93.5279,0.0,6.35,0.298
2023-12-05 22:00:00+00:00,3.45,93.49735,0.0,5.95,0.298
2023-12-05 23:00:00+00:00,3.25,93.15499,0.0,5.6,0.298
2023-12-06 00:00:00+00:00,3.45,92.50559,0.0,5.35,0.297
2023-12-06 01:00:00+00:00,2.85,95.14817,0.0,5.85,0.296
2023-12-06 02:00:00+00:00,2.3,96.15305,0.0,5.45,0.296
2023-12-06 03:00:00+00:00,2.4,97.53849,0.0,5.25,0.296
2023-12-06 04:00:00+00:00,2.2,98.23338,0.0,5.05,0.296
2023-12-06 05:00:00+00:00,2.0,98.23053,0.0,4.85,0.296
2023-12-06 06:00:00+00:00,3.3,94.82819,0.0,5.05,0.296
2023-12-06 07:00:00+00:00,5.85,85.469826,0.0,6.05,0.296
2023-12-06 08:00:00+00:00,7.9,78.00061,0.0,7.55,0.295
2023-12-06 09:00:00+00:00,9.35,73.22863,0.0,9.0,0.295
2023-12-06 10:00:00+00:00,10.3,69.67761,0.0,10.2,0.294
2023-12-06 11:00:00+00:00,10.95,67.66178,0.0,10.9,0.294
2023-12-06 12:00:00+00:00,11.4,67.055626,0.0,11.2,0.294
2023-12-06 13:00:00+00:00,11.25,73.825226,0.0,11.3,0.298
2023-12-06 14:00:00+00:00,9.4,85.2614,0.0,10.6,0.298
2023-12-06 15:00:00+00:00,7.25,92.08579,0.0,9.5,0.298
2023-12-06 16:00:00+00:00,7.5,90.52654,0.0,8.75,0.298
2023-12-06 17:00:00+00:00,7.4,91.77786,0.0,8.35,0.298
2023-12-06 18:00:00+00:00,7.05,92.0736,0.4,8.0,0.301
2023-12-06 19:00:00+00:00,7.1,90.49763,0.3,7.7,0.304
2023-12-06 20:00:00+00:00,7.2,92.08274,0.1,7.45,0.306
2023-12-06 21:00:00+00:00,7.25,91.45197,0.0,7.35,0.306
2023-12-06 22:00:00+00:00,6.6,91.0923,0.0,6.85,0.306
2023-12-06 23:00:00+00:00,7.55,85.059204,0.0,6.15,0.306
2023-12-07 00:00:00+00:00,6.4,87.95758,0.0,5.5,0.306
2023-12-07 01:00:00+00:00,4.95,94.23217,0.0,6.55,0.3
2023-12-07 02:00:00+00:00,3.5,97.21592,0.0,5.95,0.299
2023-12-07 03:00:00+00:00,3.35,95.50558,0.0,5.45,0.299
2023-12-07 04:00:00+00:00,2.95,94.140656,0.0,5.0,0.299
2023-12-07 05:00:00+00:00,2.75,93.461426,0.0,4.65,0.299
2023-12-07 06:00:00+00:00,5.75,86.06313,0.0,5.0,0.299
2023-12-07 07:00:00+00:00,7.35,80.415565,0.0,5.95,0.299
2023-12-07 08:00:00+00:00,8.75,74.149994,0.0,7.15,0.299
2023-12-07 09:00:00+00:00,10.2,67.73975,0.0,8.45,0.298
2023-12-07 10:00:00+00:00,11.45,61.25807,0.0,9.6,0.298
2023-12-07 11:00:00+00:00,12.3,54.560917,0.0,10.5,0.297
2023-12-07 12:00:00+00:00,12.55,51.626205,0.0,11.0,0.297
2023-12-07 13:00:00+00:00,11.75,57.174297,0.0,11.15,0.297
2023-12-07 14:00:00+00:00,10.45,64.100815,0.0,10.55,0.297
2023-12-07 15:00:00+00:00,8.15,74.56524,0.0,9.6,0.297
2023-12-07 16:00:00+00:00,8.05,73.50594,0.0,8.8,0.297
2023-12-07 17:00:00+00:00,6.6,79.184105,0.0,8.0,0.297
2023-12-07 18:00:00+00:00,6.05,81.37469,0.0,7.35,0.297
2023-12-07 19:00:00+00:00,6.6,80.87746,0.0,7.15,0.296
2023-12-07 20:00:00+00:00,7.75,77.16108,0.0,7.25,0.296
2023-12-07 21:00:00+00:00,7.8,77.98505,0.0,7.4,0.296
2023-12-07 22:00:00+00:00,6.05,84.00051,0.0,6.85,0.296
2023-12-07 23:00:00+00:00,5.65,83.65692,0.0,6.45,0.296
2023-12-08 00:00:00+00:00,5.45,84.525375,0.0,6.15,0.296
2023-12-08 01:00:00+00:00,7.95,68.95537,0.0,8.2,0.295
2023-12-08 02:00:00+00:00,8.1,70.96765,0.0,8.05,0.296
2023-12-08 03:00:00+00:00,7.45,80.99456,0.2,7.85,0.297
2023-12-08 04:00:00+00:00,7.25,82.974625,0.1,7.6,0.298
2023-12-08 05:00:00+00:00,7.2,85.61499,0.2,7.3,0.299
2023-12-08 06:00:00+00:00,7.5,85.64698,0.3,7.25,0.303
2023-12-08 07:00:00+00:00,7.8,87.779915,0.5,7.45,0.309
2023-12-08 08:00:00+00:00,7.85,88.698494,1.0,7.65,0.323
2023-12-08 09:00:00+00:00,8.15,88.11501,1.2,7.95,0.338
2023-12-08 10:00:00+00:00,8.35,86.6286,1.9,8.25,0.362
2023-12-08 11:00:00+00:00,8.45,87.53769,0.9,8.45,0.37
2023-12-08 12:00:00+00:00,8.6,88.45807,0.7,8.6,0.376
2023-12-08 13:00:00+00:00,8.25,90.89169,0.4,8.75,0.358
2023-12-08 14:00:00+00:00,8.05,90.25531,0.4,8.55,0.36
2023-12-08 15:00:00+00:00,7.5,94.99601,0.3,8.2,0.362
2023-12-08 16:00:00+00:00,7.75,93.71173,0.3,8.05,0.363
2023-12-08 17:00:00+00:00,7.3,93.04647,0.3,7.65,0.365
2023-12-08 18:00:00+00:00,7.75,90.544556,0.4,7.5,0.367
2023-12-08 19:00:00+00:00,7.95,90.24791,0.6,7.5,0.372
2023-12-08 20:00:00+00:00,8.05,88.106094,0.3,7.45,0.373
2023-12-08 21:00:00+00:00,7.8,89.30844,0.1,7.4,0.371
2023-12-08 22:00:00+00:00,7.35,89.581505,0.1,7.2,0.369
2023-12-08 23:00:00+00:00,7.05,91.12294,0.1,7.05,0.368
2023-12-09 00:00:00+00:00,7.25,89.88427,0.3,7.1,0.369
2023-12-09 01:00:00+00:00,7.05,92.39244,0.1,7.4,0.385
2023-12-09 02:00:00+00:00,7.1,91.12634,0.2,7.3,0.383
2023-12-09 03:00:00+00:00,6.95,93.02765,0.2,7.25,0.381
2023-12-09 04:00:00+00:00,7.0,92.709435,0.6,7.2,0.384
2023-12-09 05:00:00+00:00,6.9,93.34708,0.7,7.15,0.389
2023-12-09 06:00:00+00:00,7.05,93.67754,0.9,7.25,0.396
2023-12-09 07:00:00+00:00,7.2,91.13312,1.1,7.45,0.403
2023-12-09 08:00:00+00:00,7.05,90.808,1.2,7.75,0.409
2023-12-09 09:00:00+00:00,6.95,93.349655,1.6,7.9,0.416
2023-12-09 10:00:00+00:00,6.75,93.987274,1.4,7.9,0.417
2023-12-09 11:00:00+00:00,6.3,92.02769,1.5,7.65,0.419
2023-12-09 12:00:00+00:00,5.75,89.76804,1.9,7.25,0.421
2023-12-09 13:00:00+00:00,6.5,90.13972,0.7,8.1,0.404
2023-12-09 14:00:00+00:00,5.65,93.60835,0.4,7.6,0.401
2023-12-09 15:00:00+00:00,4.25,97.23257,0.0,6.85,0.395
2023-12-09 16:00:00+00:00,4.05,92.54064,0.0,6.4,0.391
2023-12-09 17:00:00+00:00,3.85,91.22502,0.0,6.1,0.387
2023-12-09 18:00:00+00:00,3.45,91.52317,0.1,5.8,0.385
2023-12-09 19:00:00+00:00,2.95,94.140656,0.2,5.5,0.383
2023-12-09 20:00:00+00:00,2.9,95.150085,0.2,5.2,0.383
2023-12-09 21:00:00+00:00,3.1,92.81547,0.1,5.0,0.381
2023-12-09 22:00:00+00:00,3.05,93.14423,0.0,4.9,0.379
2023-12-09 23:00:00+00:00,2.9,92.80418,0.0,4.8,0.377
2023-12-10 00:00:00+00:00,2.4,93.77871,0.0,4.6,0.375
2023-12-10 01:00:00+00:00,2.35,96.49869,0.0,4.75,0.373
2023-12-10 02:00:00+00:00,2.3,97.188995,0.0,4.5,0.371
2023-12-10 03:00:00+00:00,1.4,98.92975,0.0,4.2,0.37
2023-12-10 04:00:00+00:00,0.9,99.64065,0.0,3.55,0.368
2023-12-10 05:00:00+00:00,0.1,99.63829,0.0,3.05,0.367
2023-12-10 06:00:00+00:00,1.75,98.57931,0.0,3.2,0.366
2023-12-10 07:00:00+00:00,3.2,90.53167,0.0,4.1,0.365
2023-12-10 08:00:00+00:00,4.9,79.49542,0.0,5.35,0.364
2023-12-10 09:00:00+00:00,6.65,70.935005,0.0,6.7,0.362
2023-12-10 10:00:00+00:00,8.15,61.553852,0.0,7.85,0.361
2023-12-10 11:00:00+00:00,8.8,59.54086,0.0,8.7,0.359
2023-12-10 12:00:00+00:00,9.2,57.13027,0.0,9.15,0.358
2023-12-10 13:00:00+00:00,7.25,66.86987,0.0,8.0,0.357
2023-12-10 14:00:00+00:00,6.75,79.76685,0.0,7.7,0.357
2023-12-10 15:00:00+00:00,4.8,80.338326,0.0,6.95,0.356
2023-12-10 16:00:00+00:00,3.9,84.64831,0.0,6.15,0.355
2023-12-10 17:00:00+00:00,3.65,86.76835,0.0,5.65,0.355
2023-12-10 18:00:00+00:00,3.45,88.31478,0.0,5.3,0.354
2023-12-10 19:00:00+00:00,4.05,85.884186,0.0,5.25,0.354
2023-12-10 20:00:00+00:00,4.4,85.31151,0.0,5.3,0.353
2023-12-10 21:00:00+00:00,4.1,87.74599,0.0,5.2,0.353
2023-12-10 22:00:00+00:00,2.95,91.817764,0.0,4.85,0.352
2023-12-10 23:00:00+00:00,2.6,93.11992,0.0,4.6,0.352
2023-12-11 00:00:00+00:00,1.9,94.09175,0.0,4.25,0.351
2023-12-11 01:00:00+00:00,2.75,92.46441,0.0,5.55,0.352
2023-12-11 02:00:00+00:00,2.3,94.4482,0.0,5.1,0.351
2023-12-11 03:00:00+00:00,2.25,94.784935,0.0,4.8,0.351
2023-12-11 04:00:00+00:00,1.85,94.0894,0.0,4.4,0.35
2023-12-11 05:00:00+00:00,1.6,94.41722,0.0,4.1,0.35
2023-12-11 06:00:00+00:00,2.65,91.47017,0.0,4.15,0.349
2023-12-11 07:00:00+00:00,5.35,81.27951,0.0,4.95,0.349
2023-12-11 08:00:00+00:00,7.15,72.56488,0.0,6.4,0.348
2023-12-11 09:00:00+00:00,8.25,68.77322,0.0,7.7,0.347
2023-12-11 10:00:00+00:00,8.75,67.194046,0.0,8.5,0.347
2023-12-11 11:00:00+00:00,9.15,66.102646,0.0,9.15,0.346
2023-12-11 12:00:00+00:00,9.0,67.72403,0.0,9.35,0.345
2023-12-11 13:00:00+00:00,7.4,88.35353,0.5,7.9,0.349
2023-12-11 14:00:00+00:00,7.15,91.44541,0.2,7.6,0.351
2023-12-11 15:00:00+00:00,6.75,93.66282,0.2,7.25,0.352
2023-12-11 16:00:00+00:00,6.55,94.63081,0.1,6.95,0.353
2023-12-11 17:00:00+00:00,5.6,96.58812,0.1,6.45,0.354
2023-12-11 18:00:00+00:00,5.7,97.94196,0.1,6.3,0.354
2023-12-11 19:00:00+00:00,5.85,97.605484,0.0,6.35,0.354
2023-12-11 20:00:00+00:00,5.6,97.94032,0.0,6.15,0.353
2023-12-11 21:00:00+00:00,5.5,97.259964,0.0,5.55,0.352
2023-12-11 22:00:00+00:00,5.8,94.92907,0.0,5.3,0.352
2023-12-11 23:00:00+00:00,5.75,94.927086,0.0,5.35,0.351
2023-12-12 00:00:00+00:00,4.4,97.57765,0.0,4.85,0.351
2023-12-12 01:00:00+00:00,4.8,98.26996,0.0,5.6,0.36
2023-12-12 02:00:00+00:00,3.7,100.0,0.0,5.1,0.359
2023-12-12 03:00:00+00:00,2.95,100.0,0.0,4.35,0.358
2023-12-12 04:00:00+00:00,2.45,100.0,0.0,3.8,0.357
2023-12-12 05:00:00+00:00,2.8,100.0,0.0,3.65,0.356
2023-12-12 06:00:00+00:00,3.7,99.648735,0.0,3.95,0.355
2023-12-12 07:00:00+00:00,4.2,97.57378,0.0,4.95,0.355
2023-12-12 08:00:00+00:00,4.8,95.89237,0.0,6.0,0.354
2023-12-12 09:00:00+00:00,5.95,88.84579,0.0,7.05,0.353
2023-12-12 10:00:00+00:00,6.6,84.953804,0.0,7.85,0.352
2023-12-12 11:00:00+00:00,7.3,79.56689,0.0,8.4,0.351
2023-12-12 12:00:00+00:00,7.55,77.12889,0.0,8.6,0.35
2023-12-12 13:00:00+00:00,7.6,78.50272,0.0,9.25,0.347
2023-12-12 14:00:00+00:00,7.25,81.82214,0.0,8.75,0.347
2023-12-12 15:00:00+00:00,5.65,92.95703,0.0,7.9,0.346
2023-12-12 16:00:00+00:00,5.95,88.84579,0.0,7.4,0.346
2023-12-12 17:00:00+00:00,5.7,86.36151,0.0,7.05,0.345
2023-12-12 18:00:00+00:00,5.55,86.95683,0.0,6.85,0.345
2023-12-12 19:00:00+00:00,5.05,90.029755,0.0,6.65,0.345
2023-12-12 20:00:00+00:00,2.75,96.509865,0.0,5.9,0.344
2023-12-12 21:00:00+00:00,1.95,97.52954,0.0,5.25,0.344
2023-12-12 22:00:00+00:00,1.55,97.521545,0.0,4.7,0.343
2023-12-12 23:00:00+00:00,1.05,98.21683,0.0,4.2,0.343
2023-12-13 00:00:00+00:00,0.75,98.21249,0.0,3.7,0.343
2023-12-13 01:00:00+00:00,1.2,95.77284,0.0,4.65,0.335
2023-12-13 02:00:00+00:00,0.95,95.764366,0.0,4.1,0.335
2023-12-13 03:00:00+00:00,0.4,96.093895,0.0,3.6,0.335
2023-12-13 04:00:00+00:00,0.55,95.75072,0.0,3.05,0.334
2023-12-13 05:00:00+00:00,1.1,96.46333,0.0,2.5,0.334
2023-12-13 06:00:00+00:00,1.2,98.57294,0.0,2.55,0.334
2023-12-13 07:00:00+00:00,3.15,89.882904,0.0,3.7,0.333
2023-12-13 08:00:00+00:00,4.8,80.05151,0.0,5.15,0.333
2023-12-13 09:00:00+00:00,5.95,71.56376,0.0,6.45,0.332
2023-12-13 10:00:00+00:00,6.5,65.51378,0.0,7.4,0.332
2023-12-13 11:00:00+00:00,7.15,61.533947,0.0,8.3,0.331
2023-12-13 12:00:00+00:00,7.3,60.029995,0.0,8.7,0.33
2023-12-13 13:00:00+00:00,7.35,62.703655,0.0,8.95,0.332
2023-12-13 14:00:00+00:00,5.5,72.7744,0.0,8.1,0.332
2023-12-13 15:00:00+00:00,3.75,77.90324,0.0,6.75,0.331
2023-12-13 16:00:00+00:00,2.75,82.40117,0.0,5.75,0.331
2023-12-13 17:00:00+00:00,2.45,81.76537,0.0,4.85,0.331
2023-12-13 18:00:00+00:00,1.8,83.1826,0.0,4.15,0.331
2023-12-13 19:00:00+00:00,1.7,81.96309,0.0,3.65,0.331
2023-12-13 20:00:00+00:00,1.95,80.21819,0.0,3.3,0.33
2023-12-13 21:00:00+00:00,2.6,78.28922,0.0,3.2,0.33
2023-12-13 22:00:00+00:00,1.95,79.925156,0.0,3.0,0.33
2023-12-13 23:00:00+00:00,1.45,79.85139,0.0,2.75,0.33
2023-12-14 00:00:00+00:00,1.2,79.52086,0.0,2.45,0.33
2023-12-14 01:00:00+00:00,1.15,78.348526,0.0,2.85,0.33
2023-12-14 02:00:00+00:00,0.5,79.71016,0.0,2.45,0.33
2023-12-14 03:00:00+00:00,0.45,78.52882,0.0,2.15,0.33
2023-12-14 04:00:00+00:00,0.55,76.81355,0.0,1.85,0.33
2023-12-14 05:00:00+00:00,2.3,67.506714,0.0,1.6,0.33
2023-12-14 06:00:00+00:00,2.9,69.15469,0.0,1.85,0.329
2023-12-14 07:00:00+00:00,5.3,60.634983,0.0,3.2,0.329
2023-12-14 08:00:00+00:00,7.6,54.087593,0.0,4.9,0.329
2023-12-14 09:00:00+00:00,9.5,48.615852,0.0,6.5,0.328
2023-12-14 10:00:00+00:00,11.05,45.961327,0.0,7.9,0.327
2023-12-14 11:00:00+00:00,12.05,46.918575,0.0,8.95,0.326
2023-12-14 12:00:00+00:00,12.7,47.610943,0.0,9.6,0.325
2023-12-14 13:00:00+00:00,12.75,46.44803,0.0,9.9,0.321
2023-12-14 14:00:00+00:00,10.25,56.58735,0.0,9.2,0.321
2023-12-14 15:00:00+00:00,7.55,64.58108,0.0,7.85,0.321
2023-12-14 16:00:00+00:00,7.5,64.569664,0.0,6.9,0.32
2023-12-14 17:00:00+00:00,7.2,67.09894,0.0,6.25,0.32
2023-12-14 18:00:00+00:00,7.0,68.75838,0.0,5.8,0.32
2023-12-14 19:00:00+00:00,6.9,69.231285,0.0,5.55,0.32
2023-12-14 20:00:00+00:00,6.0,72.60751,0.0,5.25,0.32
2023-12-14 21:00:00+00:00,5.7,72.81193,0.0,4.95,0.32
2023-12-14 22:00:00+00:00,5.15,74.83342,0.0,4.7,0.32
2023-12-14 23:00:00+00:00,4.4,77.72579,0.0,4.35,0.32
2023-12-15 00:00:00+00:00,3.75,79.32406,0.0,4.0,0.319
2023-12-15 01:00:00+00:00,3.75,78.46884,0.0,4.15,0.32
2023-12-15 02:00:00+00:00,3.4,78.69918,0.0,3.8,0.319
2023-12-15 03:00:00+00:00,4.2,74.12588,0.0,3.55,0.319
2023-12-15 04:00:00+00:00,6.2,64.97394,0.0,3.45,0.319
2023-12-15 05:00:00+00:00,5.3,67.41544,0.0,3.2,0.319
2023-12-15 06:00:00+00:00,6.15,69.076324,0.0,3.45,0.319
2023-12-15 07:00:00+00:00,9.25,57.5548,0.0,4.7,0.319
2023-12-15 08:00:00+00:00,11.4,54.13024,0.0,6.4,0.318
2023-12-15 09:00:00+00:00,12.55,50.36001,0.0,7.9,0.318
2023-12-15 10:00:00+00:00,13.7,47.218143,0.0,9.2,0.317
2023-12-15 11:00:00+00:00,14.6,45.34128,0.0,10.35,0.317
2023-12-15 12:00:00+00:00,14.85,46.38442,0.0,11.0,0.316
2023-12-15 13:00:00+00:00,14.0,64.89776,0.0,11.05,0.318
2023-12-15 14:00:00+00:00,13.85,55.15895,0.0,10.25,0.318
2023-12-15 15:00:00+00:00,12.25,59.550896,0.0,8.95,0.318
2023-12-15 16:00:00+00:00,13.05,54.950317,0.0,8.05,0.317
2023-12-15 17:00:00+00:00,12.8,54.884872,0.0,7.5,0.317
2023-12-15 18:00:00+00:00,12.4,55.9485,0.0,7.0,0.317
2023-12-15 19:00:00+00:00,11.85,57.603664,0.0,6.6,0.317
2023-12-15 20:00:00+00:00,9.15,69.44541,0.0,6.3,0.317
2023-12-15 21:00:00+00:00,9.15,71.42197,0.0,6.05,0.317
2023-12-15 22:00:00+00:00,10.7,67.374,0.0,5.85,0.317
2023-12-15 23:00:00+00:00,10.05,70.60486,0.0,5.6,0.317
2023-12-16 00:00:00+00:00,6.9,82.35164,0.0,5.45,0.317
2023-12-16 01:00:00+00:00,5.55,87.263596,0.0,5.95,0.317
2023-12-16 02:00:00+00:00,5.35,87.86164,0.0,5.7,0.317
2023-12-16 03:00:00+00:00,4.9,89.38533,0.0,5.45,0.317
2023-12-16 04:00:00+00:00,4.4,90.61909,0.0,5.2,0.317
2023-12-16 05:00:00+00:00,3.75,91.86863,0.0,4.85,0.316
2023-12-16 06:00:00+00:00,5.8,86.98134,0.0,4.95,0.316
2023-12-16 07:00:00+00:00,8.6,79.755775,0.0,6.05,0.316
2023-12-16 08:00:00+00:00,11.1,71.054794,0.0,7.7,0.316
2023-12-16 09:00:00+00:00,12.7,66.641205,0.0,9.35,0.315
2023-12-16 10:00:00+00:00,13.7,67.77122,0.7,10.6,0.322
2023-12-16 11:00:00+00:00,10.5,88.92073,1.5,10.35,0.341
2023-12-16 12:00:00+00:00,9.35,92.52547,1.9,9.8,0.367
2023-12-16 13:00:00+00:00,11.65,82.66834,0.7,10.7,0.373
2023-12-16 14:00:00+00:00,10.3,88.00573,0.0,10.2,0.37
2023-12-16 15:00:00+00:00,9.3,92.52261,0.5,9.45,0.374
2023-12-16 16:00:00+00:00,9.25,94.10249,0.2,9.05,0.374
2023-12-16 17:00:00+00:00,8.6,96.33994,0.3,8.6,0.376
2023-12-16 18:00:00+00:00,7.8,96.97755,0.0,7.9,0.373
2023-12-16 19:00:00+00:00,7.0,96.95847,0.3,7.2,0.374
2023-12-16 20:00:00+00:00,7.55,91.787315,0.4,7.05,0.377
2023-12-16 21:00:00+00:00,6.6,90.461296,0.0,6.9,0.374
2023-12-16 22:00:00+00:00,5.6,90.388016,0.0,6.45,0.371
2023-12-16 23:00:00+00:00,5.45,90.06027,0.2,6.3,0.372
2023-12-17 00:00:00+00:00,5.4,89.11194,0.1,6.2,0.37
2023-12-17 01:00:00+00:00,5.25,82.42984,0.0,6.8,0.391
2023-12-17 02:00:00+00:00,4.65,82.64664,0.0,6.45,0.388
2023-12-17 03:00:00+00:00,4.85,82.37813,0.0,6.35,0.386
2023-12-17 04:00:00+00:00,4.65,88.734886,0.2,6.2,0.385
2023-12-17 05:00:00+00:00,4.0,91.23523,0.4,5.9,0.386
2023-12-17 06:00:00+00:00,2.9,89.54174,0.5,5.4,0.39
2023-12-17 07:00:00+00:00,2.2,89.1628,0.7,5.05,0.392
2023-12-17 08:00:00+00:00,3.55,77.30878,0.2,5.05,0.39
2023-12-17 09:00:00+00:00,4.45,67.72429,0.0,5.5,0.388
2023-12-17 10:00:00+00:00,5.8,58.785187,0.0,6.55,0.385
2023-12-17 11:00:00+00:00,6.0,54.858566,0.0,7.4,0.383
2023-12-17 12:00:00+00:00,6.1,54.07944,0.0,7.85,0.381
2023-12-17 13:00:00+00:00,6.25,53.127895,0.0,8.3,0.373
2023-12-17 14:00:00+00:00,4.85,58.977337,0.0,7.65,0.372
2023-12-17 15:00:00+00:00,1.8,72.87253,0.0,6.35,0.371
2023-12-17 16:00:00+00:00,1.5,73.08619,0.0,5.4,0.37
2023-12-17 17:00:00+00:00,1.05,72.45887,0.0,4.7,0.369
2023-12-17 18:00:00+00:00,1.0,69.7915,0.0,4.15,0.368
2023-12-17 19:00:00+00:00,0.75,69.21776,0.0,3.75,0.367
2023-12-17 20:00:00+00:00,0.05,73.634636,0.0,3.4,0.366
2023-12-17 21:00:00+00:00,-0.7,78.93651,0.0,3.0,0.366
2023-12-17 22:00:00+00:00,-1.6,84.62905,0.0,2.6,0.365
2023-12-17 23:00:00+00:00,-2.2,87.13777,0.0,2.2,0.364
2023-12-18 00:00:00+00:00,-2.5,88.09505,0.0,1.85,0.364
2023-12-18 01:00:00+00:00,-3.15,90.38814,0.0,1.95,0.362
2023-12-18 02:00:00+00:00,-3.6,90.35367,0.0,1.55,0.362
2023-12-18 03:00:00+00:00,-2.1,82.060425,0.0,1.1,0.361
2023-12-18 04:00:00+00:00,-2.6,82.92897,0.0,0.85,0.361
2023-12-18 05:00:00+00:00,-2.85,83.84404,0.0,0.75,0.36
2023-12-18 06:00:00+00:00,-1.75,81.4922,0.0,0.8,0.36
2023-12-18 07:00:00+00:00,0.6,74.5674,0.0,1.4,0.359
2023-12-18 08:00:00+00:00,2.45,68.29608,0.0,3.0,0.358
2023-12-18 09:00:00+00:00,3.6,62.493843,0.0,4.55,0.357
2023-12-18 10:00:00+00:00,4.35,60.398605,0.0,5.75,0.356
2023-12-18 11:00:00+00:00,4.9,58.99008,0.0,6.65,0.355
2023-12-18 12:00:00+00:00,5.2,57.985313,0.0,7.1,0.355
2023-12-18 13:00:00+00:00,4.55,65.07167,0.0,6.35,0.354
2023-12-18 14:00:00+00:00,2.95,76.09232,0.0,5.65,0.353
2023-12-18 15:00:00+00:00,0.9,83.06885,0.0,4.35,0.353
2023-12-18 16:00:00+00:00,1.6,78.1313,0.0,3.35,0.352
2023-12-18 17:00:00+00:00,2.0,75.37265,0.0,2.6,0.352
2023-12-18 18:00:00+00:00,1.95,73.986664,0.0,2.0,0.352
2023-12-18 19:00:00+00:00,1.7,74.21476,0.0,1.5,0.351
2023-12-18 20:00:00+00:00,1.4,75.54621,0.0,1.1,0.351
2023-12-18 21:00:00+00:00,1.1,77.190636,0.0,0.9,0.351
2023-12-18 22:00:00+00:00,1.0,78.32486,0.0,0.8,0.35
2023-12-18 23:00:00+00:00,0.9,78.89048,0.0,0.75,0.35
2023-12-19 00:00:00+00:00,0.7,80.03543,0.0,0.65,0.35
2023-12-19 01:00:00+00:00,-0.3,79.88747,0.0,0.25,0.348
2023-12-19 02:00:00+00:00,-0.35,80.178444,0.0,0.2,0.348
2023-12-19 03:00:00+00:00,-0.45,80.46334,0.0,0.2,0.348
2023-12-19 04:00:00+00:00,-0.45,81.065506,0.0,0.15,0.347
2023-12-19 05:00:00+00:00,-0.4,80.77108,0.0,0.1,0.347
2023-12-19 06:00:00+00:00,-0.25,79.59767,0.0,0.1,0.347
2023-12-19 07:00:00+00:00,1.55,75.29358,0.0,0.2,0.347
2023-12-19 08:00:00+00:00,3.25,68.21506,0.0,0.4,0.346
2023-12-19 09:00:00+00:00,4.6,63.664627,0.0,0.8,0.345
2023-12-19 10:00:00+00:00,5.7,60.73396,0.0,2.8,0.345
2023-12-19 11:00:00+00:00,6.55,58.760704,0.0,4.6,0.344
2023-12-19 12:00:00+00:00,7.0,58.87491,0.0,5.7,0.343
2023-12-19 13:00:00+00:00,6.55,60.72178,0.0,2.7,0.347
2023-12-19 14:00:00+00:00,3.4,77.004135,0.0,2.7,0.346
2023-12-19 15:00:00+00:00,3.85,71.15186,0.0,1.8,0.346
2023-12-19 16:00:00+00:00,3.5,71.08241,0.0,1.05,0.346
2023-12-19 17:00:00+00:00,3.3,71.042625,0.0,0.8,0.346
2023-12-19 18:00:00+00:00,2.1,74.287575,0.0,0.65,0.345
2023-12-19 19:00:00+00:00,2.9,71.48706,0.0,0.6,0.345
2023-12-19 20:00:00+00:00,2.8,71.20466,0.0,0.5,0.345
2023-12-19 21:00:00+00:00,2.8,70.68183,0.0,0.45,0.345
2023-12-19 22:00:00+00:00,2.9,69.41047,0.0,0.4,0.344
2023-12-19 23:00:00+00:00,1.35,73.876205,0.0,0.3,0.344
2023-12-20 00:00:00+00:00,-0.5,79.85769,0.0,0.3,0.344
2023-12-20 01:00:00+00:00,-2.15,85.2024,0.0,-0.7,0.343
2023-12-20 02:00:00+00:00,-1.75,83.66468,0.0,-0.7,0.343
2023-12-20 03:00:00+00:00,-0.65,80.43429,0.0,-0.7,0.343
2023-12-20 04:00:00+00:00,0.1,77.60156,0.0,-0.75,0.343
2023-12-20 05:00:00+00:00,0.35,75.92625,0.0,-0.75,0.342
2023-12-20 06:00:00+00:00,-0.75,82.24192,0.0,-0.75,0.342
2023-12-20 07:00:00+00:00,2.1,70.01892,0.0,-0.7,0.342
2023-12-20 08:00:00+00:00,4.1,61.011707,0.0,-0.55,0.342
2023-12-20 09:00:00+00:00,5.65,54.76424,0.0,-0.4,0.341
2023-12-20 10:00:00+00:00,7.1,49.929234,0.0,-0.15,0.341
2023-12-20 11:00:00+00:00,8.15,50.041023,0.0,0.05,0.341
2023-12-20 12:00:00+00:00,8.5,51.440495,0.0,0.3,0.34
2023-12-20 13:00:00+00:00,7.8,64.17671,0.0,0.75,0.34
2023-12-20 14:00:00+00:00,6.6,61.623962,0.0,0.9,0.34
2023-12-20 15:00:00+00:00,3.45,71.07248,0.0,0.7,0.34
2023-12-20 16:00:00+00:00,0.8,79.167366,0.0,0.6,0.339
2023-12-20 17:00:00+00:00,0.05,80.83529,0.0,0.5,0.339
2023-12-20 18:00:00+00:00,-0.75,82.85741,0.0,0.45,0.339
2023-12-20 19:00:00+00:00,-0.9,83.14759,0.0,0.35,0.339
2023-12-20 20:00:00+00:00,-0.85,83.46447,0.0,0.3,0.338
2023-12-20 21:00:00+00:00,-1.3,85.617455,0.0,0.25,0.338
2023-12-20 22:00:00+00:00,-1.5,85.91564,0.0,0.2,0.338
2023-12-20 23:00:00+00:00,-1.05,85.96432,0.0,0.2,0.338
2023-12-21 00:00:00+00:00,-2.0,88.471596,0.0,0.15,0.338
2023-12-21 01:00:00+00:00,0.25,85.47188,0.0,0.95,0.337
2023-12-21 02:00:00+00:00,1.0,82.77691,0.0,0.95,0.337
2023-12-21 03:00:00+00:00,1.45,81.62976,0.0,0.9,0.337
2023-12-21 04:00:00+00:00,2.2,81.7316,0.0,0.95,0.337
2023-12-21 05:00:00+00:00,2.8,81.22109,0.2,1.05,0.338
2023-12-21 06:00:00+00:00,5.25,69.39015,0.5,1.25,0.344
2023-12-21 07:00:00+00:00,4.2,85.59431,1.1,1.95,0.359
2023-12-21 08:00:00+00:00,5.55,81.8858,1.5,2.8,0.378
2023-12-21 09:00:00+00:00,6.7,80.32368,0.9,3.9,0.387
2023-12-21 10:00:00+00:00,7.75,79.354546,0.1,4.85,0.384
2023-12-21 11:00:00+00:00,8.95,63.305073,0.0,5.75,0.381
2023-12-21 12:00:00+00:00,9.35,56.96414,0.0,6.25,0.378
2023-12-21 13:00:00+00:00,7.8,69.16971,0.0,5.65,0.362
2023-12-21 14:00:00+00:00,6.05,77.71009,0.0,5.2,0.36
2023-12-21 15:00:00+00:00,4.4,83.20731,0.0,4.4,0.359
2023-12-21 16:00:00+00:00,4.9,78.08477,0.0,4.0,0.358
2023-12-21 17:00:00+00:00,3.5,82.79631,0.0,3.55,0.357
2023-12-21 18:00:00+00:00,4.85,73.443756,0.0,3.15,0.356
2023-12-21 19:00:00+00:00,4.7,71.83865,0.0,2.8,0.355
2023-12-21 20:00:00+00:00,3.8,79.90609,0.2,2.8,0.357
2023-12-21 21:00:00+00:00,4.7,80.61195,0.3,2.8,0.359
2023-12-21 22:00:00+00:00,5.25,83.312485,0.4,3.1,0.364
2023-12-21 23:00:00+00:00,5.1,86.605774,0.4,3.4,0.368
2023-12-22 00:00:00+00:00,4.55,89.35687,0.3,3.5,0.37
2023-12-22 01:00:00+00:00,4.9,86.27935,0.0,4.15,0.354
2023-12-22 02:00:00+00:00,4.85,86.58055,0.0,4.1,0.354
2023-12-22 03:00:00+00:00,4.55,87.47693,0.0,4.05,0.353
2023-12-22 04:00:00+00:00,4.5,87.47219,0.0,4.0,0.352
2023-12-22 05:00:00+00:00,4.35,88.394806,0.0,3.9,0.352
2023-12-22 06:00:00+00:00,4.65,87.79707,0.1,4.0,0.351
2023-12-22 07:00:00+00:00,4.45,92.2378,0.5,4.15,0.356
2023-12-22 08:00:00+00:00,4.7,89.68552,0.1,4.4,0.357
2023-12-22 09:00:00+00:00,7.0,82.07636,0.0,5.5,0.356
2023-12-22 10:00:00+00:00,8.15,73.26587,0.3,6.45,0.357
2023-12-22 11:00:00+00:00,9.25,64.05261,0.1,7.1,0.357
2023-12-22 12:00:00+00:00,9.75,57.889046,0.0,7.65,0.356
2023-12-22 13:00:00+00:00,9.3,56.951233,0.0,7.75,0.354
2023-12-22 14:00:00+00:00,8.25,64.74038,0.0,7.4,0.353
2023-12-22 15:00:00+00:00,6.05,75.259415,0.0,6.6,0.353
2023-12-22 16:00:00+00:00,6.15,74.47564,0.0,6.0,0.352
2023-12-22 17:00:00+00:00,5.45,80.43085,0.4,5.6,0.355
2023-12-22 18:00:00+00:00,5.75,82.49417,0.2,5.2,0.357
2023-12-22 19:00:00+00:00,5.6,84.841705,0.6,5.05,0.364
2023-12-22 20:00:00+00:00,4.95,89.3894,0.9,4.9,0.375
2023-12-22 21:00:00+00:00,5.1,88.460884,0.2,4.8,0.375
2023-12-22 22:00:00+00:00,5.05,89.713135,0.2,4.75,0.376
2023-12-22 23:00:00+00:00,4.8,89.37722,0.2,4.7,0.376
2023-12-23 00:00:00+00:00,4.2,91.57242,0.0,4.55,0.374
2023-12-23 01:00:00+00:00,4.1,88.37266,0.0,4.9,0.38
2023-12-23 02:00:00+00:00,3.75,89.61,0.0,4.7,0.378
2023-12-23 03:00:00+00:00,3.4,88.31032,0.0,4.45,0.375
2023-12-23 04:00:00+00:00,2.85,89.217,0.0,4.05,0.373
2023-12-23 05:00:00+00:00,1.65,90.416954,0.0,3.45,0.372
2023-12-23 06:00:00+00:00,2.25,89.48909,0.0,3.1,0.37
2023-12-23 07:00:00+00:00,4.4,78.28731,0.0,3.8,0.368
2023-12-23 08:00:00+00:00,5.8,62.790665,0.0,4.95,0.367
2023-12-23 09:00:00+00:00,7.0,57.39124,0.0,6.15,0.365
2023-12-23 10:00:00+00:00,7.85,47.96765,0.0,7.15,0.363
2023-12-23 11:00:00+00:00,8.5,41.35332,0.0,7.85,0.361
2023-12-23 12:00:00+00:00,9.35,42.860195,0.0,8.25,0.36
2023-12-23 13:00:00+00:00,9.55,47.228878,0.0,8.5,0.358
2023-12-23 14:00:00+00:00,8.45,52.56575,0.0,8.05,0.357
2023-12-23 15:00:00+00:00,7.25,55.80251,0.0,7.3,0.356
2023-12-23 16:00:00+00:00,6.9,53.70007,0.0,6.8,0.355
2023-12-23 17:00:00+00:00,6.85,52.70579,0.0,6.5,0.355
2023-12-23 18:00:00+00:00,6.3,55.96102,0.0,6.2,0.354
2023-12-23 19:00:00+00:00,5.8,61.42941,0.0,5.9,0.353
2023-12-23 20:00:00+00:00,4.35,70.476814,0.0,5.45,0.352
2023-12-23 21:00:00+00:00,3.3,73.96219,0.0,4.95,0.352
2023-12-23 22:00:00+00:00,3.0,75.54711,0.0,4.55,0.351
2023-12-23 23:00:00+00:00,3.05,75.55579,0.0,4.25,0.351
2023-12-24 00:00:00+00:00,3.5,72.92617,0.0,4.1,0.35
2023-12-24 01:00:00+00:00,4.65,62.977642,0.0,4.35,0.35
2023-12-24 02:00:00+00:00,4.85,62.10502,0.0,4.5,0.35
2023-12-24 03:00:00+00:00,4.35,64.549416,0.0,4.4,0.349
2023-12-24 04:00:00+00:00,4.7,63.688133,0.0,4.4,0.349
2023-12-24 05:00:00+00:00,5.45,65.039276,0.0,4.55,0.349
2023-12-24 06:00:00+00:00,4.85,82.96719,3.5,4.4,0.37
2023-12-24 07:00:00+00:00,5.65,82.77386,0.2,4.6,0.373
2023-12-24 08:00:00+00:00,7.1,74.116684,0.0,5.35,0.374
2023-12-24 09:00:00+00:00,8.45,65.01679,0.0,6.3,0.374
2023-12-24 10:00:00+00:00,9.3,55.93693,0.0,7.2,0.375
2023-12-24 11:00:00+00:00,9.55,51.918224,0.0,7.85,0.374
2023-12-24 12:00:00+00:00,9.5,50.78701,0.0,8.2,0.373
2023-12-24 13:00:00+00:00,9.7,51.959408,0.0,8.85,0.344
2023-12-24 14:00:00+00:00,8.55,56.14477,0.0,8.35,0.343
2023-12-24 15:00:00+00:00,6.6,65.30016,0.0,7.5,0.343
2023-12-24 16:00:00+00:00,5.45,71.46643,0.0,6.65,0.342
2023-12-24 17:00:00+00:00,5.35,71.964134,0.0,6.1,0.342
2023-12-24 18:00:00+00:00,4.9,74.78929,0.0,5.6,0.342
2023-12-24 19:00:00+00:00,4.7,76.66323,0.0,5.2,0.341
2023-12-24 20:00:00+00:00,4.2,79.10618,0.0,4.85,0.341
2023-12-24 21:00:00+00:00,2.9,84.53286,0.0,4.45,0.341
2023-12-24 22:00:00+00:00,1.85,85.02695,0.0,3.9,0.34
2023-12-24 23:00:00+00:00,3.75,76.228065,0.0,3.4,0.34
2023-12-25 00:00:00+00:00,4.8,72.90565,0.0,2.95,0.34
2023-12-25 01:00:00+00:00,3.25,80.11514,0.0,3.8,0.338
2023-12-25 02:00:00+00:00,1.6,86.87589,0.0,3.25,0.338
2023-12-25 03:00:00+00:00,0.85,89.374374,0.0,2.85,0.338
2023-12-25 04:00:00+00:00,1.15,88.10657,0.0,2.55,0.337
2023-12-25 05:00:00+00:00,1.3,85.900566,0.0,2.35,0.337
2023-12-25 06:00:00+00:00,3.1,78.367584,0.0,2.5,0.337
2023-12-25 07:00:00+00:00,5.45,70.18844,0.0,3.55,0.337
2023-12-25 08:00:00+00:00,7.4,62.48985,0.0,5.0,0.336
2023-12-25 09:00:00+00:00,9.1,56.08621,0.0,6.5,0.336
2023-12-25 10:00:00+00:00,10.4,52.906025,0.0,7.8,0.335
2023-12-25 11:00:00+00:00,11.35,50.932224,0.0,8.8,0.334
2023-12-25 12:00:00+00:00,11.95,49.48194,0.0,9.35,0.333
2023-12-25 13:00:00+00:00,12.4,50.13992,0.0,10.0,0.33
2023-12-25 14:00:00+00:00,10.35,60.7784,0.0,9.35,0.33
2023-12-25 15:00:00+00:00,7.95,68.46737,0.0,8.2,0.33
2023-12-25 16:00:00+00:00,7.45,67.876495,0.0,7.2,0.329
2023-12-25 17:00:00+00:00,6.45,70.13771,0.0,6.4,0.329
2023-12-25 18:00:00+00:00,5.25,75.661476,0.0,5.6,0.329
2023-12-25 19:00:00+00:00,7.7,63.46683,0.0,4.95,0.329
2023-12-25 20:00:00+00:00,8.15,61.3332,0.0,4.4,0.329
2023-12-25 21:00:00+00:00,7.45,63.63696,0.0,3.9,0.329
2023-12-25 22:00:00+00:00,6.6,66.48816,0.0,3.5,0.329
2023-12-25 23:00:00+00:00,6.35,66.433105,0.0,3.1,0.329
2023-12-26 00:00:00+00:00,6.25,65.932755,0.0,2.75,0.328
2023-12-26 01:00:00+00:00,4.85,69.81292,0.0,2.25,0.327
2023-12-26 02:00:00+00:00,3.8,72.71712,0.0,2.1,0.327
2023-12-26 03:00:00+00:00,3.85,71.9354,0.0,1.95,0.326
2023-12-26 04:00:00+00:00,4.3,69.70015,0.0,1.8,0.326
2023-12-26 05:00:00+00:00,4.75,67.54208,0.0,1.6,0.326
2023-12-26 06:00:00+00:00,4.5,69.2348,0.0,1.8,0.326
2023-12-26 07:00:00+00:00,6.45,66.45514,0.0,3.15,0.326
2023-12-26 08:00:00+00:00,9.1,58.13909,0.0,5.0,0.326
2023-12-26 09:00:00+00:00,10.75,52.62239,0.0,6.8,0.325
2023-12-26 10:00:00+00:00,11.85,50.345997,0.0,8.3,0.324
2023-12-26 11:00:00+00:00,12.5,48.75849,0.0,9.45,0.324
2023-12-26 12:00:00+00:00,12.8,48.49591,0.0,10.05,0.323
2023-12-26 13:00:00+00:00,13.1,44.113365,0.0,10.75,0.315
2023-12-26 14:00:00+00:00,12.15,48.660397,0.0,9.8,0.315
2023-12-26 15:00:00+00:00,10.55,55.072018,0.0,8.1,0.315
2023-12-26 16:00:00+00:00,10.3,53.836594,0.0,6.8,0.315
2023-12-26 17:00:00+00:00,9.0,56.669266,0.0,5.8,0.315
2023-12-26 18:00:00+00:00,8.45,58.39303,0.0,5.1,0.315
2023-12-26 19:00:00+00:00,8.45,57.97351,0.0,4.5,0.315
2023-12-26 20:00:00+00:00,8.35,57.73913,0.0,3.95,0.315
2023-12-26 21:00:00+00:00,7.75,59.278416,0.0,3.55,0.315
2023-12-26 22:00:00+00:00,5.95,65.38984,0.0,3.15,0.315
2023-12-26 23:00:00+00:00,5.7,65.8098,0.0,2.8,0.315
2023-12-27 00:00:00+00:00,5.9,64.670204,0.0,2.5,0.315
2023-12-27 01:00:00+00:00,4.75,68.28495,0.0,1.55,0.313
2023-12-27 02:00:00+00:00,4.6,68.502464,0.0,1.35,0.313
2023-12-27 03:00:00+00:00,4.35,68.95142,0.0,1.15,0.313
2023-12-27 04:00:00+00:00,4.0,69.63839,0.0,0.95,0.313
2023-12-27 05:00:00+00:00,3.5,71.604935,0.0,0.85,0.313
2023-12-27 06:00:00+00:00,3.15,73.12745,0.0,0.9,0.313
2023-12-27 07:00:00+00:00,4.4,71.78047,0.0,2.05,0.313
2023-12-27 08:00:00+00:00,6.6,65.064835,0.0,3.8,0.313
2023-12-27 09:00:00+00:00,8.1,60.01155,0.0,5.55,0.313
2023-12-27 10:00:00+00:00,9.2,57.13027,0.0,7.0,0.312
2023-12-27 11:00:00+00:00,9.8,54.285244,0.0,8.1,0.311
2023-12-27 12:00:00+00:00,10.1,53.590076,0.0,8.65,0.311
2023-12-27 13:00:00+00:00,9.9,54.311935,0.0,7.4,0.307
2023-12-27 14:00:00+00:00,6.55,76.42321,0.0,6.8,0.307
2023-12-27 15:00:00+00:00,5.35,75.678604,0.0,5.45,0.307
2023-12-27 16:00:00+00:00,6.6,69.169426,0.0,4.35,0.307
2023-12-27 17:00:00+00:00,5.45,72.24309,0.0,3.55,0.307
2023-12-27 18:00:00+00:00,6.7,68.44986,0.0,2.95,0.307
2023-12-27 19:00:00+00:00,6.5,69.6467,0.0,2.45,0.307
2023-12-27 20:00:00+00:00,6.2,71.356064,0.0,2.05,0.307
2023-12-27 21:00:00+00:00,5.9,73.63652,0.0,1.7,0.307
2023-12-27 22:00:00+00:00,5.35,75.13778,0.0,1.4,0.307
2023-12-27 23:00:00+00:00,5.0,75.89085,0.0,1.1,0.307
2023-12-28 00:00:00+00:00,4.65,78.32626,0.0,0.9,0.307
2023-12-28 01:00:00+00:00,3.9,77.08619,0.0,1.85,0.303
2023-12-28 02:00:00+00:00,3.1,80.38424,0.0,1.3,0.303
2023-12-28 03:00:00+00:00,3.05,80.96182,0.0,0.9,0.303
2023-12-28 04:00:00+00:00,2.45,82.36195,0.0,0.8,0.303
2023-12-28 05:00:00+00:00,2.3,82.642334,0.0,0.7,0.303
2023-12-28 06:00:00+00:00,0.95,90.036156,0.0,0.7,0.303
2023-12-28 07:00:00+00:00,3.95,81.37913,0.0,1.05,0.302
2023-12-28 08:00:00+00:00,5.95,74.973915,0.0,3.05,0.302
2023-12-28 09:00:00+00:00,7.3,71.062706,0.0,4.95,0.302
2023-12-28 10:00:00+00:00,8.4,68.561226,0.0,6.55,0.302
2023-12-28 11:00:00+00:00,9.15,66.80672,0.0,7.75,0.301
2023-12-28 12:00:00+00:00,9.5,65.94657,0.0,8.4,0.301
2023-12-28 13:00:00+00:00,10.3,60.337807,0.0,9.6,0.281
2023-12-28 14:00:00+00:00,8.5,70.79596,0.0,8.55,0.281
2023-12-28 15:00:00+00:00,6.95,75.682045,0.0,6.8,0.282
2023-12-28 16:00:00+00:00,4.2,84.6827,0.0,5.45,0.282
2023-12-28 17:00:00+00:00,3.2,86.41224,0.0,4.4,0.282
2023-12-28 18:00:00+00:00,2.85,86.0655,0.0,3.55,0.282
2023-12-28 19:00:00+00:00,2.1,87.24122,0.0,2.95,0.282
2023-12-28 20:00:00+00:00,1.1,89.395004,0.0,2.4,0.282
2023-12-28 21:00:00+00:00,0.6,90.008896,0.0,2.05,0.282
2023-12-28 22:00:00+00:00,-0.1,90.950035,0.0,1.7,0.282
2023-12-28 23:00:00+00:00,-0.2,89.616135,0.0,1.3,0.282
2023-12-29 00:00:00+00:00,0.45,86.44179,0.0,0.95,0.282
2023-12-29 01:00:00+00:00,-0.9,90.223755,0.0,0.55,0.28
2023-12-29 02:00:00+00:00,-1.6,92.54321,0.0,0.5,0.28
2023-12-29 03:00:00+00:00,-1.5,92.549164,0.0,0.5,0.28
2023-12-29 04:00:00+00:00,-2.05,93.55403,0.0,0.45,0.28
2023-12-29 05:00:00+00:00,-2.5,94.23062,0.0,0.45,0.28
2023-12-29 06:00:00+00:00,-0.95,90.889206,0.0,0.45,0.28
2023-12-29 07:00:00+00:00,1.7,88.798485,0.0,0.55,0.28
2023-12-29 08:00:00+00:00,3.85,83.43761,0.0,1.05,0.28
2023-12-29 09:00:00+00:00,5.25,79.26387,0.0,3.3,0.28
2023-12-29 10:00:00+00:00,6.75,73.268074,0.0,5.2,0.28
2023-12-29 11:00:00+00:00,7.45,70.58875,0.0,6.5,0.28
2023-12-29 12:00:00+00:00,7.6,70.3682,0.0,7.2,0.279
2023-12-29 13:00:00+00:00,8.1,68.256035,0.0,5.2,0.274
2023-12-29 14:00:00+00:00,5.3,83.614624,0.0,4.95,0.274
2023-12-29 15:00:00+00:00,1.8,90.75549,0.0,3.75,0.274
2023-12-29 16:00:00+00:00,1.15,90.379524,0.0,2.8,0.274
2023-12-29 17:00:00+00:00,1.1,88.10199,0.0,2.05,0.274
2023-12-29 18:00:00+00:00,1.2,87.15299,0.0,1.45,0.274
2023-12-29 19:00:00+00:00,3.4,81.59784,0.0,0.95,0.274
2023-12-29 20:00:00+00:00,3.7,80.76076,0.0,0.8,0.274
2023-12-29 21:00:00+00:00,3.95,79.354004,0.0,0.7,0.274
2023-12-29 22:00:00+00:00,3.95,79.92799,0.0,0.6,0.274
2023-12-29 23:00:00+00:00,3.6,82.2151,0.0,0.5,0.274
2023-12-30 00:00:00+00:00,3.05,84.85557,0.0,0.45,0.274
2023-12-30 01:00:00+00:00,1.2,91.04192,0.0,-0.15,0.281
2023-12-30 02:00:00+00:00,0.95,93.02969,0.0,-0.15,0.281
2023-12-30 03:00:00+00:00,0.4,96.79386,0.0,-0.2,0.281
2023-12-30 04:00:00+00:00,-0.05,97.13511,0.0,-0.2,0.281
2023-12-30 05:00:00+00:00,0.1,95.735306,0.0,-0.2,0.281
2023-12-30 06:00:00+00:00,-0.5,97.836494,0.0,-0.2,0.281
2023-12-30 07:00:00+00:00,1.1,92.70145,0.0,-0.1,0.281
2023-12-30 08:00:00+00:00,3.15,81.26939,0.0,0.0,0.281
2023-12-30 09:00:00+00:00,4.6,75.549736,0.0,0.25,0.281
2023-12-30 10:00:00+00:00,5.85,70.52252,0.0,0.55,0.281
2023-12-30 11:00:00+00:00,6.55,68.41832,0.0,1.4,0.281
2023-12-30 12:00:00+00:00,7.1,66.35938,0.0,3.4,0.281
2023-12-30 13:00:00+00:00,7.1,70.51923,0.0,2.75,0.289
2023-12-30 14:00:00+00:00,4.4,84.70556,0.0,2.9,0.289
2023-12-30 15:00:00+00:00,3.9,85.5618,0.0,2.0,0.289
2023-12-30 16:00:00+00:00,3.7,84.322334,0.0,1.3,0.289
2023-12-30 17:00:00+00:00,4.0,80.80292,0.0,0.85,0.289
2023-12-30 18:00:00+00:00,4.1,78.806625,0.0,0.7,0.289
2023-12-30 19:00:00+00:00,4.05,78.23262,0.0,0.6,0.289
2023-12-30 20:00:00+00:00,3.65,80.17308,0.0,0.55,0.289
2023-12-30 21:00:00+00:00,3.2,82.16246,0.0,0.5,0.289
2023-12-30 22:00:00+00:00,3.1,82.74521,0.0,0.45,0.289
2023-12-30 23:00:00+00:00,3.05,82.44026,0.0,0.4,0.289
2023-12-31 00:00:00+00:00,2.75,83.6035,0.0,0.4,0.289
2023-12-31 01:00:00+00:00,2.25,87.88881,0.0,0.15,0.289
2023-12-31 02:00:00+00:00,1.85,90.43188,0.0,0.1,0.289
2023-12-31 03:00:00+00:00,1.2,93.38083,0.0,0.1,0.289
2023-12-31 04:00:00+00:00,0.7,95.064224,0.0,0.1,0.289
2023-12-31 05:00:00+00:00,0.3,96.79127,0.0,0.1,0.289
2023-12-31 06:00:00+00:00,0.2,97.8488,0.0,0.1,0.289
2023-12-31 07:00:00+00:00,1.1,98.21757,0.0,0.15,0.289
2023-12-31 08:00:00+00:00,2.5,95.47509,0.0,0.3,0.289
2023-12-31 09:00:00+00:00,4.3,87.45318,0.0,0.6,0.289
2023-12-31 10:00:00+00:00,5.5,82.17016,0.0,1.45,0.288
2023-12-31 11:00:00+00:00,6.45,77.4983,0.0,3.5,0.288
2023-12-31 12:00:00+00:00,7.15,74.65245,0.0,4.8,0.288
2023-12-31 13:00:00+00:00,7.45,74.705154,0.1,6.4,0.289
2023-12-31 14:00:00+00:00,6.75,78.37238,0.3,5.8,0.293
2023-12-31 15:00:00+00:00,5.9,82.80545,0.0,4.7,0.293
2023-12-31 16:00:00+00:00,5.2,85.70191,0.0,3.6,0.293
2023-12-31 17:00:00+00:00,4.85,86.58055,0.0,2.6,0.293
2023-12-31 18:00:00+00:00,2.25,90.78786,0.0,1.8,0.292
2023-12-31 19:00:00+00:00,1.15,93.04072,0.0,1.2,0.292
2023-12-31 20:00:00+00:00,0.85,93.362434,0.0,0.85,0.292
2023-12-31 21:00:00+00:00,2.3,88.850204,0.0,0.75,0.292
2023-12-31 22:00:00+00:00,3.8,83.1325,0.0,0.65,0.292
2023-12-31 23:00:00+00:00,3.1,85.78272,0.0,0.55,0.292
2024-01-01 00:00:00+00:00,2.45,90.476425,0.0,0.5,0.292
2024-01-01 01:00:00+00:00,2.0,92.753075,0.0,0.9,0.287
2024-01-01 02:00:00+00:00,-0.25,97.4851,0.0,0.8,0.287
2024-01-01 03:00:00+00:00,-0.65,98.551216,0.0,0.75,0.287
2024-01-01 04:00:00+00:00,-0.65,96.41296,0.0,0.75,0.287
2024-01-01 05:00:00+00:00,-0.75,95.3556,0.0,0.7,0.287
2024-01-01 06:00:00+00:00,-0.2,95.724976,0.0,0.7,0.287
2024-01-01 07:00:00+00:00,1.3,94.06352,0.0,0.95,0.287
2024-01-01 08:00:00+00:00,3.45,85.20643,0.0,2.3,0.287
2024-01-01 09:00:00+00:00,5.4,76.23127,0.0,3.95,0.287
2024-01-01 10:00:00+00:00,7.15,68.544205,0.0,5.6,0.286
2024-01-01 11:00:00+00:00,8.3,64.75172,0.0,6.8,0.286
2024-01-01 12:00:00+00:00,8.65,63.68751,0.0,7.4,0.286
2024-01-01 13:00:00+00:00,8.9,64.42842,0.0,7.25,0.285
2024-01-01 14:00:00+00:00,7.6,75.79224,0.0,6.7,0.285
2024-01-01 15:00:00+00:00,7.1,75.70753,0.0,5.65,0.285
2024-01-01 16:00:00+00:00,5.4,81.57567,0.0,4.7,0.285
2024-01-01 17:00:00+00:00,5.4,80.710365,0.0,4.0,0.285
2024-01-01 18:00:00+00:00,6.35,77.207954,0.0,3.5,0.285
2024-01-01 19:00:00+00:00,6.0,77.70217,0.0,2.85,0.285
2024-01-01 20:00:00+00:00,5.7,77.37819,0.0,2.4,0.285
2024-01-01 21:00:00+00:00,5.35,77.32182,0.0,2.05,0.285
2024-01-01 22:00:00+00:00,5.2,77.02132,0.0,1.85,0.285
2024-01-01 23:00:00+00:00,5.15,77.28953,0.0,1.7,0.285
2024-01-02 00:00:00+00:00,5.4,77.884445,0.0,1.7,0.285
2024-01-02 01:00:00+00:00,4.9,91.29604,0.1,4.5,0.288
2024-01-02 02:00:00+00:00,5.1,90.98901,0.0,4.35,0.288
2024-01-02 03:00:00+00:00,3.95,92.86312,0.0,3.75,0.288
2024-01-02 04:00:00+00:00,3.8,94.17982,0.0,3.45,0.288
2024-01-02 05:00:00+00:00,5.05,91.627716,0.0,3.7,0.289
2024-01-02 06:00:00+00:00,5.5,91.01673,0.0,3.95,0.289
2024-01-02 07:00:00+00:00,6.45,89.822525,0.0,4.6,0.289
2024-01-02 08:00:00+00:00,7.9,84.803276,0.0,5.85,0.289
2024-01-02 09:00:00+00:00,9.3,76.07713,0.0,7.1,0.288
2024-01-02 10:00:00+00:00,10.2,69.657524,0.0,8.15,0.288
2024-01-02 11:00:00+00:00,10.7,66.905975,0.0,8.95,0.288
2024-01-02 12:00:00+00:00,11.25,64.28249,0.0,9.45,0.287
2024-01-02 13:00:00+00:00,10.45,68.50512,0.0,9.0,0.284
2024-01-02 14:00:00+00:00,9.25,74.49767,0.1,8.5,0.285
2024-01-02 15:00:00+00:00,7.35,87.13181,0.3,7.65,0.287
2024-01-02 16:00:00+00:00,7.7,82.454155,0.0,6.85,0.288
2024-01-02 17:00:00+00:00,6.65,87.06417,0.4,6.25,0.293
2024-01-02 18:00:00+00:00,7.05,86.80025,0.0,5.85,0.293
2024-01-02 19:00:00+00:00,6.95,87.70172,0.1,5.75,0.295
2024-01-02 20:00:00+00:00,6.75,85.866394,0.0,5.7,0.295
2024-01-02 21:00:00+00:00,6.35,87.340096,0.0,5.6,0.295
2024-01-02 22:00:00+00:00,5.6,91.023636,0.0,5.45,0.295
2024-01-02 23:00:00+00:00,4.45,92.2378,0.0,4.95,0.294
2024-01-03 00:00:00+00:00,4.2,90.92619,0.0,4.25,0.294
2024-01-03 01:00:00+00:00,4.1,90.59736,0.0,5.75,0.327
2024-01-03 02:00:00+00:00,4.15,89.64189,0.0,4.85,0.326
2024-01-03 03:00:00+00:00,5.2,86.00561,0.0,4.15,0.325
2024-01-03 04:00:00+00:00,5.4,86.33078,0.0,3.65,0.324
2024-01-03 05:00:00+00:00,5.35,86.630936,0.0,3.15,0.323
2024-01-03 06:00:00+00:00,3.7,93.17911,0.0,3.05,0.323
2024-01-03 07:00:00+00:00,5.85,89.1492,0.0,4.15,0.322
2024-01-03 08:00:00+00:00,7.1,86.80518,0.0,5.6,0.321
2024-01-03 09:00:00+00:00,7.9,81.90761,0.0,6.75,0.32
2024-01-03 10:00:00+00:00,9.25,73.466255,0.0,7.85,0.319
2024-01-03 11:00:00+00:00,10.25,67.51395,0.0,8.8,0.318
2024-01-03 12:00:00+00:00,10.8,62.844738,0.0,9.35,0.317
2024-01-03 13:00:00+00:00,11.4,55.886337,0.0,9.9,0.317
2024-01-03 14:00:00+00:00,10.6,62.13891,0.0,9.4,0.316
2024-01-03 15:00:00+00:00,8.7,69.84458,0.0,8.55,0.316
2024-01-03 16:00:00+00:00,7.95,71.94852,0.0,7.8,0.315
2024-01-03 17:00:00+00:00,7.4,73.12804,0.0,7.2,0.315
2024-01-03 18:00:00+00:00,7.55,72.38315,0.0,6.85,0.314
2024-01-03 19:00:00+00:00,7.4,73.38738,0.0,6.65,0.313
2024-01-03 20:00:00+00:00,7.35,73.11881,0.0,6.55,0.313
2024-01-03 21:00:00+00:00,6.85,78.11165,0.1,6.35,0.313
2024-01-03 22:00:00+00:00,6.95,76.219475,0.2,6.15,0.314
2024-01-03 23:00:00+00:00,7.05,76.23616,0.0,6.05,0.314
2024-01-04 00:00:00+00:00,7.15,76.25282,0.0,6.05,0.313
2024-01-04 01:00:00+00:00,7.4,76.56367,0.1,7.35,0.308
2024-01-04 02:00:00+00:00,6.65,92.04917,0.7,6.95,0.315
2024-01-04 03:00:00+00:00,6.5,95.28587,0.3,6.7,0.319
2024-01-04 04:00:00+00:00,6.55,92.043045,0.0,6.55,0.319
2024-01-04 05:00:00+00:00,5.7,89.76414,0.0,6.0,0.319
2024-01-04 06:00:00+00:00,6.65,84.0712,0.0,5.9,0.318
2024-01-04 07:00:00+00:00,8.3,76.97976,0.0,6.5,0.317
2024-01-04 08:00:00+00:00,9.3,70.70446,0.0,7.35,0.317
2024-01-04 09:00:00+00:00,10.55,63.22935,0.0,8.45,0.316
2024-01-04 10:00:00+00:00,11.35,57.274105,0.0,9.5,0.315
2024-01-04 11:00:00+00:00,11.85,52.9197,0.0,10.0,0.314
2024-01-04 12:00:00+00:00,11.85,52.9197,0.0,10.15,0.313
2024-01-04 13:00:00+00:00,12.1,51.686867,0.0,10.55,0.312
2024-01-04 14:00:00+00:00,11.15,59.909214,0.0,10.15,0.311
2024-01-04 15:00:00+00:00,9.65,66.21223,0.0,9.45,0.31
2024-01-04 16:00:00+00:00,9.25,67.53867,0.0,8.8,0.31
2024-01-04 17:00:00+00:00,9.75,65.07852,0.0,8.55,0.31
2024-01-04 18:00:00+00:00,8.75,76.517235,0.6,8.3,0.315
2024-01-04 19:00:00+00:00,8.2,84.251724,0.2,8.0,0.317
2024-01-04 20:00:00+00:00,8.15,84.53814,0.1,7.7,0.317
2024-01-04 21:00:00+00:00,7.45,88.35793,0.0,7.4,0.316
2024-01-04 22:00:00+00:00,6.6,93.00874,1.3,7.05,0.334
2024-01-04 23:00:00+00:00,7.35,89.89195,1.1,6.9,0.347
2024-01-05 00:00:00+00:00,6.95,94.32159,0.7,6.75,0.356
2024-01-05 01:00:00+00:00,6.9,89.54587,0.8,7.45,0.331
2024-01-05 02:00:00+00:00,6.6,90.147224,0.1,6.95,0.332
2024-01-05 03:00:00+00:00,6.6,88.28307,0.0,6.55,0.331
2024-01-05 04:00:00+00:00,6.3,91.70808,1.6,6.4,0.352
2024-01-05 05:00:00+00:00,5.6,91.66322,0.2,6.25,0.353
2024-01-05 06:00:00+00:00,5.3,90.048836,0.0,6.0,0.351
2024-01-05 07:00:00+00:00,6.3,82.85582,0.0,6.3,0.35
2024-01-05 08:00:00+00:00,7.5,74.45064,0.0,7.15,0.348
2024-01-05 09:00:00+00:00,8.45,66.89184,0.0,8.2,0.346
2024-01-05 10:00:00+00:00,9.15,59.627853,0.0,9.15,0.344
2024-01-05 11:00:00+00:00,9.7,53.09794,0.0,9.8,0.342
2024-01-05 12:00:00+00:00,9.9,49.084835,0.0,10.1,0.34
2024-01-05 13:00:00+00:00,9.5,50.41929,0.0,10.4,0.325
2024-01-05 14:00:00+00:00,8.25,56.06608,0.0,9.7,0.324
2024-01-05 15:00:00+00:00,4.35,73.61766,0.0,8.25,0.324
2024-01-05 16:00:00+00:00,3.9,71.68313,0.0,7.0,0.323
2024-01-05 17:00:00+00:00,4.85,61.876827,0.0,5.95,0.323
2024-01-05 18:00:00+00:00,6.5,53.00012,0.0,5.1,0.322
2024-01-05 19:00:00+00:00,6.35,53.155342,0.0,4.4,0.322
2024-01-05 20:00:00+00:00,5.25,58.21302,0.0,3.8,0.321
2024-01-05 21:00:00+00:00,2.0,72.910515,0.0,3.3,0.321
2024-01-05 22:00:00+00:00,0.9,78.019775,0.0,2.85,0.32
2024-01-05 23:00:00+00:00,1.5,74.72968,0.0,2.45,0.32
2024-01-06 00:00:00+00:00,4.25,62.882168,0.0,2.15,0.319
2024-01-06 01:00:00+00:00,1.25,71.95957,0.0,2.0,0.319
2024-01-06 02:00:00+00:00,1.8,67.90237,0.0,1.65,0.318
2024-01-06 03:00:00+00:00,0.65,70.50821,0.0,1.35,0.318
2024-01-06 04:00:00+00:00,-1.15,77.6885,0.0,1.05,0.317
2024-01-06 05:00:00+00:00,-1.35,79.43106,0.0,0.9,0.317
2024-01-06 06:00:00+00:00,0.05,76.15837,0.0,0.95,0.317
2024-01-06 07:00:00+00:00,3.2,70.24399,0.0,2.05,0.316
2024-01-06 08:00:00+00:00,5.95,55.868156,0.0,3.85,0.316
2024-01-06 09:00:00+00:00,8.05,51.315563,0.0,5.7,0.315
2024-01-06 10:00:00+00:00,10.0,44.664814,0.0,7.3,0.314
2024-01-06 11:00:00+00:00,11.15,39.877464,0.0,8.5,0.313
2024-01-06 12:00:00+00:00,11.6,38.850315,0.0,9.2,0.312
2024-01-06 13:00:00+00:00,11.55,42.87599,0.0,9.65,0.31
2024-01-06 14:00:00+00:00,8.95,63.983772,0.0,8.9,0.31
2024-01-06 15:00:00+00:00,6.4,64.317276,0.0,7.5,0.31
2024-01-06 16:00:00+00:00,5.35,66.21165,0.0,6.4,0.309
2024-01-06 17:00:00+00:00,3.9,70.902336,0.0,5.4,0.309
2024-01-06 18:00:00+00:00,3.65,70.85243,0.0,4.55,0.309
2024-01-06 19:00:00+00:00,3.65,72.15978,0.0,3.9,0.309
2024-01-06 20:00:00+00:00,3.5,72.66021,0.0,3.4,0.308
2024-01-06 21:00:00+00:00,5.35,62.454178,0.0,3.0,0.308
2024-01-06 22:00:00+00:00,5.25,59.736332,0.0,2.6,0.308
2024-01-06 23:00:00+00:00,3.95,62.810352,0.0,2.25,0.308
2024-01-07 00:00:00+00:00,4.35,61.073505,0.0,2.1,0.308
2024-01-07 01:00:00+00:00,5.35,56.33166,0.0,4.15,0.303
2024-01-07 02:00:00+00:00,5.2,58.41566,0.0,4.05,0.303
2024-01-07 03:00:00+00:00,5.3,60.1905,0.0,4.0,0.303
2024-01-07 04:00:00+00:00,5.45,62.02224,0.0,4.05,0.303
2024-01-07 05:00:00+00:00,5.45,66.47513,0.0,4.05,0.302
2024-01-07 06:00:00+00:00,6.35,69.11775,0.0,4.2,0.302
2024-01-07 07:00:00+00:00,8.55,65.970505,0.0,5.0,0.302
2024-01-07 08:00:00+00:00,11.55,50.987305,0.0,6.4,0.301
2024-01-07 09:00:00+00:00,12.4,46.18207,0.0,7.75,0.301
2024-01-07 10:00:00+00:00,13.05,43.157173,0.0,8.9,0.3
2024-01-07 11:00:00+00:00,13.4,44.199936,0.0,9.75,0.299
2024-01-07 12:00:00+00:00,13.2,46.079994,0.0,10.1,0.298
2024-01-07 13:00:00+00:00,10.7,72.71659,1.9,9.45,0.324
2024-01-07 14:00:00+00:00,11.25,69.626595,0.0,9.2,0.324
2024-01-07 15:00:00+00:00,10.45,71.670746,0.0,8.75,0.323
2024-01-07 16:00:00+00:00,10.35,71.15616,0.0,8.4,0.322
2024-01-07 17:00:00+00:00,10.3,69.67761,0.0,8.25,0.322
2024-01-07 18:00:00+00:00,9.95,69.122696,0.0,8.15,0.321
2024-01-07 19:00:00+00:00,9.2,71.1819,0.0,7.9,0.321
2024-01-07 20:00:00+00:00,9.6,69.78039,0.0,7.85,0.32
2024-01-07 21:00:00+00:00,8.3,85.43624,2.8,7.5,0.357
2024-01-07 22:00:00+00:00,7.0,91.752594,3.2,7.0,0.397
2024-01-07 23:00:00+00:00,6.8,93.66526,1.4,6.8,0.405
2024-01-08 00:00:00+00:00,6.65,92.04917,1.5,6.35,0.41
2024-01-08 01:00:00+00:00,7.55,89.59728,1.4,7.4,0.346
2024-01-08 02:00:00+00:00,7.3,89.577545,0.3,7.0,0.349
2024-01-08 03:00:00+00:00,6.7,91.73356,0.2,6.65,0.351
2024-01-08 04:00:00+00:00,6.05,92.33351,0.1,6.05,0.35
2024-01-08 05:00:00+00:00,6.45,90.76571,0.4,5.9,0.354
2024-01-08 06:00:00+00:00,5.9,92.9707,0.3,5.7,0.357
2024-01-08 07:00:00+00:00,7.8,87.17501,1.4,6.5,0.373
2024-01-08 08:00:00+00:00,8.7,80.88425,0.0,7.45,0.37
2024-01-08 09:00:00+00:00,9.95,75.398834,0.5,8.6,0.373
2024-01-08 10:00:00+00:00,11.35,66.812775,0.0,9.55,0.369
2024-01-08 11:00:00+00:00,12.25,62.74385,0.0,10.4,0.366
2024-01-08 12:00:00+00:00,12.25,63.62046,0.1,10.7,0.363
2024-01-08 13:00:00+00:00,10.05,76.201324,0.4,10.45,0.382
2024-01-08 14:00:00+00:00,9.55,74.0338,0.0,9.85,0.379
2024-01-08 15:00:00+00:00,8.5,76.743706,0.0,9.1,0.376
2024-01-08 16:00:00+00:00,8.2,77.77506,0.0,8.45,0.374
2024-01-08 17:00:00+00:00,8.1,76.410324,0.0,7.95,0.371
2024-01-08 18:00:00+00:00,6.9,81.489334,0.0,7.45,0.369
2024-01-08 19:00:00+00:00,6.3,84.32585,0.0,7.0,0.368
2024-01-08 20:00:00+00:00,5.9,85.776535,0.0,6.6,0.366
2024-01-08 21:00:00+00:00,7.85,76.90694,0.0,6.15,0.364
2024-01-08 22:00:00+00:00,7.75,77.16108,0.0,5.8,0.363
2024-01-08 23:00:00+00:00,7.85,75.56838,0.0,5.6,0.362
2024-01-09 00:00:00+00:00,7.65,76.06788,0.0,5.3,0.361
2024-01-09 01:00:00+00:00,6.1,77.99454,0.0,6.05,0.365
2024-01-09 02:00:00+00:00,4.0,88.36378,0.0,5.5,0.364
2024-01-09 03:00:00+00:00,4.1,87.43413,0.0,4.95,0.362
2024-01-09 04:00:00+00:00,3.9,89.94124,0.0,4.75,0.361
2024-01-09 05:00:00+00:00,3.5,92.18013,0.0,4.55,0.36
2024-01-09 06:00:00+00:00,4.15,91.24541,0.0,4.55,0.359
2024-01-09 07:00:00+00:00,7.2,79.83211,0.0,5.45,0.358
2024-01-09 08:00:00+00:00,8.75,76.517235,0.2,6.75,0.358
2024-01-09 09:00:00+00:00,9.45,75.83848,0.4,7.75,0.361
2024-01-09 10:00:00+00:00,9.6,67.139465,0.0,8.2,0.36
2024-01-09 11:00:00+00:00,9.0,69.65952,0.0,8.6,0.359
2024-01-09 12:00:00+00:00,7.9,88.397255,2.4,8.25,0.387
2024-01-09 13:00:00+00:00,8.1,79.40601,1.1,8.5,0.386
2024-01-09 14:00:00+00:00,7.55,89.59728,0.9,8.0,0.392
2024-01-09 15:00:00+00:00,7.3,90.512085,1.3,7.5,0.404
2024-01-09 16:00:00+00:00,7.15,89.56569,1.0,7.15,0.409
2024-01-09 17:00:00+00:00,6.7,88.90905,0.7,6.9,0.408
2024-01-09 18:00:00+00:00,6.25,89.807,0.4,6.65,0.404
2024-01-09 19:00:00+00:00,5.85,91.3596,0.6,6.4,0.405
2024-01-09 20:00:00+00:00,5.3,92.288864,0.7,6.15,0.407
2024-01-09 21:00:00+00:00,4.75,94.22312,0.5,5.9,0.405
2024-01-09 22:00:00+00:00,4.6,94.54815,0.1,5.7,0.4
2024-01-09 23:00:00+00:00,4.6,95.54988,0.2,5.6,0.398
2024-01-10 00:00:00+00:00,4.2,96.21087,0.1,5.45,0.395
2024-01-10 01:00:00+00:00,3.9,93.52029,0.0,4.75,0.419
2024-01-10 02:00:00+00:00,4.0,93.85664,0.1,4.85,0.416
2024-01-10 03:00:00+00:00,3.8,96.198814,0.2,4.8,0.416
2024-01-10 04:00:00+00:00,3.6,96.192764,0.2,4.75,0.416
2024-01-10 05:00:00+00:00,3.45,95.17122,0.3,4.65,0.416
2024-01-10 06:00:00+00:00,3.4,92.83232,0.1,4.6,0.413
2024-01-10 07:00:00+00:00,3.8,88.66149,0.1,4.65,0.411
2024-01-10 08:00:00+00:00,4.05,90.59371,0.2,4.8,0.41
2024-01-10 09:00:00+00:00,4.05,91.23863,0.4,4.95,0.412
2024-01-10 10:00:00+00:00,3.9,90.58281,0.3,4.9,0.413
2024-01-10 11:00:00+00:00,3.75,91.21822,0.2,4.9,0.412
2024-01-10 12:00:00+00:00,3.65,91.8623,0.2,4.9,0.41
2024-01-10 13:00:00+00:00,3.95,92.86312,0.3,4.95,0.411
2024-01-10 14:00:00+00:00,3.25,93.82029,0.2,4.65,0.41
2024-01-10 15:00:00+00:00,2.7,94.803535,0.1,4.3,0.409
2024-01-10 16:00:00+00:00,2.4,96.15613,0.1,4.0,0.407
2024-01-10 17:00:00+00:00,2.25,95.46605,0.0,3.75,0.405
2024-01-10 18:00:00+00:00,2.05,95.45881,0.0,3.6,0.403
2024-01-10 19:00:00+00:00,1.75,90.42443,0.0,3.35,0.402
2024-01-10 20:00:00+00:00,1.65,87.19721,0.0,3.2,0.4
2024-01-10 21:00:00+00:00,1.6,84.38091,0.0,3.1,0.399
2024-01-10 22:00:00+00:00,1.4,82.82837,0.0,3.05,0.397
2024-01-10 23:00:00+00:00,1.25,82.8091,0.0,3.0,0.396
2024-01-11 00:00:00+00:00,1.0,83.38717,0.0,2.9,0.395
2024-01-11 01:00:00+00:00,-0.4,86.99395,0.0,2.9,0.393
2024-01-11 02:00:00+00:00,-0.45,86.66785,0.0,2.45,0.392
2024-01-11 03:00:00+00:00,-0.7,88.26104,0.0,2.2,0.391
2024-01-11 04:00:00+00:00,-2.25,92.504364,0.0,1.65,0.39
2024-01-11 05:00:00+00:00,-3.1,93.14939,0.0,1.05,0.389
2024-01-11 06:00:00+00:00,-1.5,91.52603,0.0,0.95,0.388
2024-01-11 07:00:00+00:00,0.6,82.42078,0.0,1.75,0.387
2024-01-11 08:00:00+00:00,2.15,75.67676,0.0,3.05,0.386
2024-01-11 09:00:00+00:00,3.3,70.52293,0.0,4.45,0.385
2024-01-11 10:00:00+00:00,4.1,66.17489,0.0,5.65,0.384
2024-01-11 11:00:00+00:00,4.65,62.746243,0.0,6.5,0.383
2024-01-11 12:00:00+00:00,4.85,60.747,0.0,6.9,0.382
2024-01-11 13:00:00+00:00,4.7,66.55169,0.0,7.0,0.387
2024-01-11 14:00:00+00:00,3.75,70.61361,0.0,6.35,0.386
2024-01-11 15:00:00+00:00,2.8,74.96155,0.0,5.6,0.385
2024-01-11 16:00:00+00:00,2.25,78.52097,0.0,5.0,0.384
2024-01-11 17:00:00+00:00,1.3,84.345535,0.0,4.35,0.383
2024-01-11 18:00:00+00:00,1.35,84.35143,0.0,4.0,0.383
2024-01-11 19:00:00+00:00,1.05,86.82054,0.0,3.7,0.382
2024-01-11 20:00:00+00:00,0.85,88.7246,0.0,3.45,0.381
2024-01-11 21:00:00+00:00,0.2,91.63925,0.0,3.05,0.381
2024-01-11 22:00:00+00:00,-0.3,93.30143,0.0,2.65,0.38
2024-01-11 23:00:00+00:00,0.1,92.98254,0.0,2.6,0.379
2024-01-12 00:00:00+00:00,0.75,86.4729,0.0,2.75,0.379
2024-01-12 01:00:00+00:00,1.25,78.94442,0.0,3.7,0.373
2024-01-12 02:00:00+00:00,1.05,79.79209,0.0,3.45,0.372
2024-01-12 03:00:00+00:00,0.8,80.941635,0.0,3.25,0.372
2024-01-12 04:00:00+00:00,0.75,80.63633,0.0,3.15,0.371
2024-01-12 05:00:00+00:00,0.45,82.09727,0.0,3.0,0.371
2024-01-12 06:00:00+00:00,0.2,82.979614,0.0,2.9,0.371
2024-01-12 07:00:00+00:00,0.4,82.090576,0.0,3.05,0.37
2024-01-12 08:00:00+00:00,1.15,78.348526,0.0,3.5,0.37
2024-01-12 09:00:00+00:00,2.5,66.306274,0.0,4.55,0.369
2024-01-12 10:00:00+00:00,3.0,58.72222,0.0,5.4,0.368
2024-01-12 11:00:00+00:00,3.55,50.81284,0.0,6.05,0.367
2024-01-12 12:00:00+00:00,3.65,51.423656,0.0,6.3,0.367
2024-01-12 13:00:00+00:00,2.6,57.522995,0.0,5.65,0.37
2024-01-12 14:00:00+00:00,1.3,58.950497,0.0,5.0,0.37
2024-01-12 15:00:00+00:00,0.05,64.26647,0.0,4.15,0.369
2024-01-12 16:00:00+00:00,-0.95,67.81365,0.0,3.25,0.369
2024-01-12 17:00:00+00:00,-1.5,68.47504,0.0,2.55,0.369
2024-01-12 18:00:00+00:00,-2.35,71.79159,0.0,1.9,0.368
2024-01-12 19:00:00+00:00,-2.95,75.05666,0.0,1.35,0.368
2024-01-12 20:00:00+00:00,-3.45,77.90397,0.0,0.9,0.367
2024-01-12 21:00:00+00:00,-3.9,80.26096,0.0,0.75,0.367
2024-01-12 22:00:00+00:00,-4.3,82.389366,0.0,0.65,0.367
2024-01-12 23:00:00+00:00,-4.75,84.90218,0.0,0.55,0.366
2024-01-13 00:00:00+00:00,-4.75,84.90218,0.0,0.45,0.366
2024-01-13 01:00:00+00:00,-4.3,78.67043,0.0,0.9,0.364
2024-01-13 02:00:00+00:00,-4.7,81.07541,0.0,0.7,0.363
2024-01-13 03:00:00+00:00,-5.3,85.16549,0.0,0.55,0.363
2024-01-13 04:00:00+00:00,-5.55,86.46203,0.0,0.45,0.363
2024-01-13 05:00:00+00:00,-5.6,87.80099,0.0,0.35,0.363
2024-01-13 06:00:00+00:00,-4.35,81.43822,0.0,0.3,0.362
2024-01-13 07:00:00+00:00,-2.7,71.99805,0.0,0.35,0.362
2024-01-13 08:00:00+00:00,-1.65,62.154465,0.0,0.5,0.361
2024-01-13 09:00:00+00:00,-1.0,58.804184,0.0,0.75,0.361
2024-01-13 10:00:00+00:00,-0.45,55.621,0.0,1.7,0.36
2024-01-13 11:00:00+00:00,-0.05,52.167473,0.0,2.85,0.359
2024-01-13 12:00:00+00:00,-0.05,48.809002,0.0,3.3,0.359
2024-01-13 13:00:00+00:00,-0.7,56.42377,0.0,3.65,0.358
2024-01-13 14:00:00+00:00,-1.35,60.09715,0.0,3.05,0.358
2024-01-13 15:00:00+00:00,-1.9,55.87738,0.0,2.35,0.358
2024-01-13 16:00:00+00:00,-3.1,58.943268,0.0,1.45,0.357
2024-01-13 17:00:00+00:00,-4.55,65.18487,0.0,0.75,0.357
2024-01-13 18:00:00+00:00,-5.15,67.402336,0.0,0.6,0.357
2024-01-13 19:00:00+00:00,-5.7,69.99711,0.0,0.45,0.357
2024-01-13 20:00:00+00:00,-5.8,70.53166,0.0,0.35,0.356
2024-01-13 21:00:00+00:00,-5.8,70.253265,0.0,0.25,0.356
2024-01-13 22:00:00+00:00,-5.75,69.98648,0.0,0.15,0.356
2024-01-13 23:00:00+00:00,-5.85,70.242714,0.0,0.1,0.356
2024-01-14 00:00:00+00:00,-5.95,70.22157,0.0,0.0,0.355
2024-01-14 01:00:00+00:00,-5.55,71.14293,0.0,0.5,0.355
2024-01-14 02:00:00+00:00,-5.9,73.06226,0.0,0.35,0.355
2024-01-14 03:00:00+00:00,-6.15,73.883354,0.0,0.25,0.355
2024-01-14 04:00:00+00:00,-6.45,76.19563,0.0,0.2,0.354
2024-01-14 05:00:00+00:00,-6.7,78.592384,0.0,0.1,0.354
2024-01-14 06:00:00+00:00,-5.4,73.7359,0.0,0.05,0.354
2024-01-14 07:00:00+00:00,-3.3,60.30127,0.0,0.05,0.354
2024-01-14 08:00:00+00:00,-1.8,58.36559,0.0,0.15,0.353
2024-01-14 09:00:00+00:00,-0.7,55.76924,0.0,0.3,0.353
2024-01-14 10:00:00+00:00,0.2,52.442204,0.0,0.5,0.352
2024-01-14 11:00:00+00:00,0.95,50.261635,0.0,0.75,0.351
2024-01-14 12:00:00+00:00,1.45,48.67777,0.0,1.75,0.351
2024-01-14 13:00:00+00:00,1.6,49.100887,0.0,-0.6,0.352
2024-01-14 14:00:00+00:00,0.4,54.5733,0.0,-0.55,0.352
2024-01-14 15:00:00+00:00,-2.1,65.75843,0.0,-0.6,0.351
2024-01-14 16:00:00+00:00,-0.8,59.774403,0.0,-0.6,0.351
2024-01-14 17:00:00+00:00,-1.1,60.86377,0.0,-0.65,0.351
2024-01-14 18:00:00+00:00,-1.05,59.941616,0.0,-0.7,0.351
2024-01-14 19:00:00+00:00,-2.2,64.976265,0.0,-0.75,0.351
2024-01-14 20:00:00+00:00,-2.95,69.22253,0.0,-0.8,0.35
2024-01-14 21:00:00+00:00,-2.25,67.78696,0.0,-0.85,0.35
2024-01-14 22:00:00+00:00,-1.75,67.11898,0.0,-0.9,0.35
2024-01-14 23:00:00+00:00,-2.85,72.52439,0.0,-0.95,0.35
2024-01-15 00:00:00+00:00,-1.8,68.672935,0.0,-1.0,0.35
2024-01-15 01:00:00+00:00,-2.95,72.22609,0.0,-0.4,0.349
2024-01-15 02:00:00+00:00,-3.7,75.21026,0.0,-0.45,0.349
2024-01-15 03:00:00+00:00,-2.2,68.58628,0.0,-0.5,0.349
2024-01-15 04:00:00+00:00,-2.4,69.60767,0.0,-0.55,0.349
2024-01-15 05:00:00+00:00,-2.55,70.11424,0.0,-0.6,0.349
2024-01-15 06:00:00+00:00,-2.7,70.89803,0.0,-0.65,0.348
2024-01-15 07:00:00+00:00,0.35,58.03125,0.0,-0.6,0.348
2024-01-15 08:00:00+00:00,2.6,49.01296,0.0,-0.45,0.348
2024-01-15 09:00:00+00:00,4.4,42.842648,0.0,-0.3,0.348
2024-01-15 10:00:00+00:00,5.85,40.870434,0.0,-0.15,0.347
2024-01-15 11:00:00+00:00,6.4,48.267067,0.0,0.05,0.347
2024-01-15 12:00:00+00:00,7.0,49.34836,0.0,0.25,0.346
2024-01-15 13:00:00+00:00,5.25,61.520493,0.0,-1.2,0.347
2024-01-15 14:00:00+00:00,3.5,69.53509,0.0,-1.15,0.347
2024-01-15 15:00:00+00:00,1.25,75.51997,0.0,-1.1,0.347
2024-01-15 16:00:00+00:00,1.35,74.42632,0.0,-1.1,0.347
2024-01-15 17:00:00+00:00,2.65,70.65159,0.0,-1.1,0.346
2024-01-15 18:00:00+00:00,1.8,74.232994,0.0,-1.1,0.346
2024-01-15 19:00:00+00:00,1.25,78.07564,0.0,-1.05,0.346
2024-01-15 20:00:00+00:00,2.2,78.80104,0.0,-1.05,0.346
2024-01-15 21:00:00+00:00,2.85,84.22232,0.0,-1.0,0.346
2024-01-15 22:00:00+00:00,3.05,86.3968,0.0,-0.95,0.345
2024-01-15 23:00:00+00:00,3.7,85.54006,0.0,-0.9,0.345
2024-01-16 00:00:00+00:00,3.65,86.149536,0.0,-0.85,0.345
2024-01-16 01:00:00+00:00,4.95,73.197556,0.0,2.65,0.336
2024-01-16 02:00:00+00:00,5.4,73.80976,0.0,2.65,0.336
2024-01-16 03:00:00+00:00,5.95,74.973915,0.0,2.8,0.336
2024-01-16 04:00:00+00:00,6.1,75.00012,0.1,3.0,0.336
2024-01-16 05:00:00+00:00,6.45,72.69211,0.0,3.2,0.336
2024-01-16 06:00:00+00:00,6.6,72.20328,0.0,3.45,0.336
2024-01-16 07:00:00+00:00,6.65,77.53017,0.1,3.75,0.337
2024-01-16 08:00:00+00:00,7.7,73.4422,0.0,4.2,0.337
2024-01-16 09:00:00+00:00,10.2,64.950645,0.0,5.25,0.336
2024-01-16 10:00:00+00:00,9.0,75.49949,0.0,5.6,0.336
2024-01-16 11:00:00+00:00,9.35,74.774895,0.5,5.9,0.342
2024-01-16 12:00:00+00:00,9.5,72.24175,0.0,6.25,0.342
2024-01-16 13:00:00+00:00,7.95,89.013306,0.5,6.0,0.383
2024-01-16 14:00:00+00:00,7.45,90.52293,0.8,5.9,0.391
2024-01-16 15:00:00+00:00,6.95,88.62152,1.3,5.6,0.402
2024-01-16 16:00:00+00:00,6.4,90.44669,0.9,5.35,0.407
2024-01-16 17:00:00+00:00,5.85,91.67928,0.8,5.1,0.408
2024-01-16 18:00:00+00:00,5.35,91.96898,0.1,4.65,0.402
2024-01-16 19:00:00+00:00,5.0,93.904625,0.1,4.4,0.398
2024-01-16 20:00:00+00:00,5.5,92.62433,0.1,4.4,0.394
2024-01-16 21:00:00+00:00,5.7,91.34961,0.0,4.25,0.391
2024-01-16 22:00:00+00:00,6.1,88.85849,0.0,3.9,0.388
2024-01-16 23:00:00+00:00,5.7,91.03054,0.0,3.3,0.385
2024-01-17 00:00:00+00:00,5.25,93.26124,0.0,2.7,0.383
2024-01-17 01:00:00+00:00,4.35,91.58221,0.0,1.55,0.379
2024-01-17 02:00:00+00:00,3.95,94.854706,0.0,1.2,0.377
2024-01-17 03:00:00+00:00,3.7,96.53625,0.0,0.95,0.375
2024-01-17 04:00:00+00:00,3.35,96.86904,0.0,0.85,0.374
2024-01-17 05:00:00+00:00,2.35,97.190125,0.0,0.8,0.372
2024-01-17 06:00:00+00:00,2.45,97.19239,0.0,0.8,0.371
2024-01-17 07:00:00+00:00,4.6,91.92217,0.0,1.95,0.37
2024-01-17 08:00:00+00:00,6.65,87.67395,0.0,4.15,0.369
2024-01-17 09:00:00+00:00,8.05,79.67617,0.0,5.95,0.368
2024-01-17 10:00:00+00:00,9.2,72.94608,0.0,7.25,0.367
2024-01-17 11:00:00+00:00,9.45,71.980675,0.0,8.0,0.367
2024-01-17 12:00:00+00:00,9.75,70.054886,0.0,8.4,0.366
2024-01-17 13:00:00+00:00,9.45,71.980675,0.0,8.45,0.37
2024-01-17 14:00:00+00:00,8.4,78.350876,0.0,7.9,0.369
2024-01-17 15:00:00+00:00,6.3,87.03015,0.0,6.7,0.369
2024-01-17 16:00:00+00:00,3.75,94.17753,0.0,5.5,0.368
2024-01-17 17:00:00+00:00,3.7,93.51011,0.0,4.5,0.367
2024-01-17 18:00:00+00:00,3.45,93.49735,0.0,3.7,0.367
2024-01-17 19:00:00+00:00,2.25,95.124954,0.0,3.1,0.366
2024-01-17 20:00:00+00:00,3.7,90.89101,0.0,2.55,0.365
2024-01-17 21:00:00+00:00,4.55,85.937164,0.0,2.1,0.365
2024-01-17 22:00:00+00:00,4.95,83.57214,0.0,1.75,0.364
2024-01-17 23:00:00+00:00,5.4,80.9979,0.0,1.4,0.363
2024-01-18 00:00:00+00:00,4.8,80.91469,0.0,1.1,0.363
2024-01-18 01:00:00+00:00,0.35,91.64913,0.0,0.95,0.364
2024-01-18 02:00:00+00:00,0.4,91.9875,0.0,0.9,0.363
2024-01-18 03:00:00+00:00,-0.2,93.30677,0.0,0.8,0.363
2024-01-18 04:00:00+00:00,0.5,92.32972,0.0,0.75,0.362
2024-01-18 05:00:00+00:00,0.5,91.659004,0.0,0.75,0.361
2024-01-18 06:00:00+00:00,2.3,89.81617,0.0,0.8,0.361
2024-01-18 07:00:00+00:00,4.7,82.06525,0.0,1.7,0.36
2024-01-18 08:00:00+00:00,6.6,75.62241,0.0,3.45,0.36
2024-01-18 09:00:00+00:00,8.1,70.96765,0.0,4.95,0.359
2024-01-18 10:00:00+00:00,9.3,67.54929,0.0,6.25,0.359
2024-01-18 11:00:00+00:00,10.1,65.3861,0.0,7.25,0.358
2024-01-18 12:00:00+00:00,11.15,60.54472,0.0,7.9,0.357
2024-01-18 13:00:00+00:00,11.2,60.556847,0.0,8.15,0.358
2024-01-18 14:00:00+00:00,10.05,68.18348,0.1,7.8,0.359
2024-01-18 15:00:00+00:00,8.45,80.56967,0.2,7.1,0.361
2024-01-18 16:00:00+00:00,8.15,82.22545,0.0,6.7,0.361
2024-01-18 17:00:00+00:00,8.4,76.727425,0.0,6.4,0.36
2024-01-18 18:00:00+00:00,8.6,72.83528,0.0,6.3,0.36
2024-01-18 19:00:00+00:00,8.3,73.55135,0.0,6.15,0.359
2024-01-18 20:00:00+00:00,7.05,80.939575,0.0,5.75,0.359
2024-01-18 21:00:00+00:00,6.65,84.6624,0.0,5.4,0.358
2024-01-18 22:00:00+00:00,6.6,85.25181,0.0,5.25,0.358
2024-01-18 23:00:00+00:00,6.85,84.38942,0.0,5.25,0.358
2024-01-19 00:00:00+00:00,6.45,86.13586,0.0,5.05,0.358
2024-01-19 01:00:00+00:00,7.25,79.83933,0.0,6.3,0.361
2024-01-19 02:00:00+00:00,7.2,80.67687,0.0,6.0,0.36
2024-01-19 03:00:00+00:00,6.7,84.372116,0.0,5.65,0.36
2024-01-19 04:00:00+00:00,6.5,87.04961,0.0,5.35,0.359
2024-01-19 05:00:00+00:00,6.75,87.68322,0.0,5.25,0.359
2024-01-19 06:00:00+00:00,7.4,85.63633,0.0,5.35,0.358
2024-01-19 07:00:00+00:00,8.95,80.36065,0.0,6.0,0.358
2024-01-19 08:00:00+00:00,10.75,71.23324,0.0,6.95,0.357
2024-01-19 09:00:00+00:00,12.35,61.686794,0.0,8.1,0.356
2024-01-19 10:00:00+00:00,12.75,57.228077,0.0,8.9,0.355
2024-01-19 11:00:00+00:00,12.75,56.630764,0.0,9.6,0.354
2024-01-19 12:00:00+00:00,13.25,55.77699,0.1,10.1,0.354
2024-01-19 13:00:00+00:00,10.65,75.25789,1.4,10.1,0.366
2024-01-19 14:00:00+00:00,9.05,85.22344,2.5,9.5,0.398
2024-01-19 15:00:00+00:00,8.15,86.60872,0.1,8.55,0.394
2024-01-19 16:00:00+00:00,7.1,92.07666,0.0,7.7,0.39
2024-01-19 17:00:00+00:00,5.95,92.00615,0.0,6.85,0.387
2024-01-19 18:00:00+00:00,4.45,93.21904,0.0,6.05,0.385
2024-01-19 19:00:00+00:00,4.45,89.665726,0.0,5.3,0.382
2024-01-19 20:00:00+00:00,4.3,88.076996,0.0,4.8,0.38
2024-01-19 21:00:00+00:00,4.2,88.38152,0.0,4.4,0.379
2024-01-19 22:00:00+00:00,4.0,88.678825,0.0,4.1,0.377
2024-01-19 23:00:00+00:00,4.9,87.20096,0.0,3.95,0.375
2024-01-20 00:00:00+00:00,4.7,89.36908,0.0,3.8,0.374
2024-01-20 01:00:00+00:00,5.25,86.31539,0.0,4.95,0.384
2024-01-20 02:00:00+00:00,5.1,86.605774,0.0,4.5,0.383
2024-01-20 03:00:00+00:00,4.8,86.57549,0.0,4.1,0.382
2024-01-20 04:00:00+00:00,4.4,87.462685,0.0,3.75,0.381
2024-01-20 05:00:00+00:00,3.9,89.62196,0.0,3.45,0.38
2024-01-20 06:00:00+00:00,5.05,88.45649,0.0,3.55,0.379
2024-01-20 07:00:00+00:00,7.65,82.44777,0.0,4.75,0.378
2024-01-20 08:00:00+00:00,9.05,79.82058,0.0,6.2,0.377
2024-01-20 09:00:00+00:00,10.4,75.47504,0.0,7.55,0.376
2024-01-20 10:00:00+00:00,11.9,67.161964,0.0,8.85,0.375
2024-01-20 11:00:00+00:00,12.55,62.379726,0.0,9.6,0.374
2024-01-20 12:00:00+00:00,12.45,62.790268,0.0,9.8,0.373
2024-01-20 13:00:00+00:00,11.65,68.27885,0.0,9.45,0.374
2024-01-20 14:00:00+00:00,10.6,71.94783,0.0,9.0,0.374
2024-01-20 15:00:00+00:00,9.85,72.81195,0.1,8.5,0.374
2024-01-20 16:00:00+00:00,8.4,86.33557,0.6,7.95,0.379
2024-01-20 17:00:00+00:00,7.5,93.37789,0.7,7.5,0.387
2024-01-20 18:00:00+00:00,7.45,92.41583,0.0,7.15,0.386
2024-01-20 19:00:00+00:00,7.45,91.46506,0.1,6.9,0.386
2024-01-20 20:00:00+00:00,7.65,90.53735,0.1,6.8,0.385
2024-01-20 21:00:00+00:00,7.9,89.93403,0.2,6.85,0.386
2024-01-20 22:00:00+00:00,7.95,90.24791,0.4,6.85,0.39
2024-01-20 23:00:00+00:00,7.95,89.32056,0.0,6.85,0.388
2024-01-21 00:00:00+00:00,7.5,89.284164,0.0,6.65,0.387
2024-01-21 01:00:00+00:00,7.3,91.45524,0.0,7.2,0.377
2024-01-21 02:00:00+00:00,6.5,94.956795,0.2,6.95,0.378
2024-01-21 03:00:00+00:00,4.95,90.0221,0.2,6.35,0.38
2024-01-21 04:00:00+00:00,4.15,82.87889,0.0,5.85,0.379
2024-01-21 05:00:00+00:00,3.5,84.90665,0.0,5.45,0.377
2024-01-21 06:00:00+00:00,3.45,87.9995,0.0,5.3,0.377
2024-01-21 07:00:00+00:00,3.55,85.83091,0.0,5.3,0.376
2024-01-21 08:00:00+00:00,3.75,75.40252,0.0,5.5,0.375
2024-01-21 09:00:00+00:00,3.55,72.1405,0.0,5.65,0.374
2024-01-21 10:00:00+00:00,3.3,74.5043,0.1,5.7,0.374
2024-01-21 11:00:00+00:00,3.4,76.44636,0.2,5.75,0.374
2024-01-21 12:00:00+00:00,3.15,78.660614,0.2,5.45,0.375
2024-01-21 13:00:00+00:00,2.8,86.06022,0.2,4.55,0.389
2024-01-21 14:00:00+00:00,2.95,84.23413,0.0,4.4,0.387
2024-01-21 15:00:00+00:00,2.6,83.58513,0.0,4.15,0.385
2024-01-21 16:00:00+00:00,2.5,77.988045,0.0,4.0,0.384
2024-01-21 17:00:00+00:00,2.3,71.89797,0.0,3.85,0.382
2024-01-21 18:00:00+00:00,2.1,70.54031,0.0,3.8,0.381
2024-01-21 19:00:00+00:00,1.9,71.28911,0.2,3.7,0.379
2024-01-21 20:00:00+00:00,1.75,71.52435,0.2,3.65,0.378
2024-01-21 21:00:00+00:00,1.45,71.46495,0.2,3.55,0.377
2024-01-21 22:00:00+00:00,1.3,69.33356,0.0,3.45,0.377
2024-01-21 23:00:00+00:00,1.1,68.51688,0.0,3.3,0.376
2024-01-22 00:00:00+00:00,0.75,67.92859,0.0,3.15,0.375
2024-01-22 01:00:00+00:00,1.0,62.0943,0.0,3.1,0.375
2024-01-22 02:00:00+00:00,0.0,62.800537,0.0,2.85,0.374
2024-01-22 03:00:00+00:00,-1.25,64.69963,0.0,2.35,0.373
2024-01-22 04:00:00+00:00,-1.65,63.614723,0.0,2.0,0.372
2024-01-22 05:00:00+00:00,-2.2,64.474594,0.0,1.65,0.371
2024-01-22 06:00:00+00:00,-2.1,63.505856,0.0,1.45,0.37
2024-01-22 07:00:00+00:00,-0.85,60.927036,0.0,1.85,0.37
2024-01-22 08:00:00+00:00,0.5,58.293983,0.0,2.65,0.369
2024-01-22 09:00:00+00:00,1.75,54.10975,0.0,3.7,0.368
2024-01-22 10:00:00+00:00,2.6,51.715996,0.0,4.75,0.367
2024-01-22 11:00:00+00:00,3.25,48.63964,0.0,5.5,0.366
2024-01-22 12:00:00+00:00,3.55,45.652374,0.0,5.95,0.365
2024-01-22 13:00:00+00:00,2.2,48.520576,0.0,5.75,0.369
2024-01-22 14:00:00+00:00,1.85,46.213562,0.0,5.15,0.368
2024-01-22 15:00:00+00:00,0.2,52.23855,0.0,4.15,0.368
2024-01-22 16:00:00+00:00,-1.65,60.488594,0.0,3.0,0.367
2024-01-22 17:00:00+00:00,-2.5,66.950165,0.0,2.05,0.367
2024-01-22 18:00:00+00:00,-2.95,69.76022,0.0,1.35,0.366
2024-01-22 19:00:00+00:00,-3.35,68.33532,0.0,0.85,0.366
2024-01-22 20:00:00+00:00,-3.6,68.01479,0.0,0.7,0.365
2024-01-22 21:00:00+00:00,-3.8,68.77095,0.0,0.6,0.365
2024-01-22 22:00:00+00:00,-4.15,70.87471,0.0,0.5,0.365
2024-01-22 23:00:00+00:00,-4.5,73.0483,0.0,0.45,0.364
2024-01-23 00:00:00+00:00,-5.1,77.0299,0.0,0.35,0.364
2024-01-23 01:00:00+00:00,-4.55,73.61006,0.0,0.85,0.36
2024-01-23 02:00:00+00:00,-5.05,76.739105,0.0,0.65,0.359
2024-01-23 03:00:00+00:00,-5.55,80.6387,0.0,0.5,0.359
2024-01-23 04:00:00+00:00,-5.95,83.77905,0.0,0.4,0.359
2024-01-23 05:00:00+00:00,-6.05,84.748764,0.0,0.3,0.358
2024-01-23 06:00:00+00:00,-4.65,78.31087,0.0,0.25,0.358
2024-01-23 07:00:00+00:00,-2.5,63.90421,0.0,0.3,0.358
2024-01-23 08:00:00+00:00,-1.05,57.213383,0.0,0.4,0.357
2024-01-23 09:00:00+00:00,0.3,52.470535,0.0,0.65,0.357
2024-01-23 10:00:00+00:00,1.4,49.809387,0.0,1.65,0.356
2024-01-23 11:00:00+00:00,2.3,47.4372,0.0,3.3,0.355
2024-01-23 12:00:00+00:00,2.85,46.33117,0.0,4.3,0.354
2024-01-23 13:00:00+00:00,2.55,53.713276,0.0,5.3,0.355
2024-01-23 14:00:00+00:00,2.1,55.460896,0.0,4.8,0.354
2024-01-23 15:00:00+00:00,-0.75,71.29377,0.0,3.55,0.354
2024-01-23 16:00:00+00:00,-2.25,78.69411,0.0,2.2,0.354
2024-01-23 17:00:00+00:00,-3.15,81.60621,0.0,1.2,0.354
2024-01-23 18:00:00+00:00,-3.9,82.75902,0.0,0.75,0.353
2024-01-23 19:00:00+00:00,-4.25,83.3496,0.0,0.6,0.353
2024-01-23 20:00:00+00:00,-4.55,84.27653,0.0,0.5,0.353
2024-01-23 21:00:00+00:00,-4.8,84.57067,0.0,0.4,0.353
2024-01-23 22:00:00+00:00,-5.1,85.188576,0.0,0.3,0.353
2024-01-23 23:00:00+00:00,-5.25,84.84344,0.0,0.25,0.352
2024-01-24 00:00:00+00:00,-5.25,83.866684,0.0,0.15,0.352
2024-01-24 01:00:00+00:00,-4.9,81.675385,0.0,0.3,0.351
2024-01-24 02:00:00+00:00,-4.2,77.48109,0.0,0.2,0.351
2024-01-24 03:00:00+00:00,-4.2,77.18235,0.0,0.15,0.351
2024-01-24 04:00:00+00:00,-4.4,78.049034,0.0,0.05,0.351
2024-01-24 05:00:00+00:00,-4.6,78.92731,0.0,-0.05,0.35
2024-01-24 06:00:00+00:00,-4.2,77.18235,0.0,-0.05,0.35
2024-01-24 07:00:00+00:00,-2.0,61.10912,0.0,0.0,0.35
2024-01-24 08:00:00+00:00,-0.6,61.46148,0.0,0.1,0.35
2024-01-24 09:00:00+00:00,0.6,59.22046,0.0,0.3,0.349
2024-01-24 10:00:00+00:00,1.65,55.976578,0.0,0.55,0.348
2024-01-24 11:00:00+00:00,2.4,54.496017,0.0,1.35,0.348
2024-01-24 12:00:00+00:00,2.85,53.7962,0.0,3.0,0.347
2024-01-24 13:00:00+00:00,1.9,52.516636,0.0,-0.35,0.348
2024-01-24 14:00:00+00:00,1.3,54.611008,0.0,-0.3,0.348
2024-01-24 15:00:00+00:00,0.15,60.71217,0.0,-0.3,0.348
2024-01-24 16:00:00+00:00,-2.7,74.81482,0.0,-0.35,0.348
2024-01-24 17:00:00+00:00,-2.7,74.81482,0.0,-0.4,0.348
2024-01-24 18:00:00+00:00,-3.65,78.77353,0.0,-0.45,0.347
2024-01-24 19:00:00+00:00,-4.45,82.053085,0.0,-0.5,0.347
2024-01-24 20:00:00+00:00,-4.65,82.97856,0.0,-0.55,0.347
2024-01-24 21:00:00+00:00,-5.0,83.57504,0.0,-0.6,0.347
2024-01-24 22:00:00+00:00,-4.9,81.99137,0.0,-0.65,0.347
2024-01-24 23:00:00+00:00,-3.05,73.045845,0.0,-0.7,0.347
2024-01-25 00:00:00+00:00,-3.0,72.77477,0.0,-0.75,0.347
2024-01-25 01:00:00+00:00,-3.8,74.61337,0.0,-0.25,0.346
2024-01-25 02:00:00+00:00,-4.05,72.00761,0.0,-0.3,0.346
2024-01-25 03:00:00+00:00,-4.2,70.039536,0.0,-0.35,0.346
2024-01-25 04:00:00+00:00,-5.1,75.24899,0.0,-0.4,0.346
2024-01-25 05:00:00+00:00,-5.55,77.86017,0.0,-0.45,0.346
2024-01-25 06:00:00+00:00,-3.45,67.78347,0.0,-0.5,0.346
2024-01-25 07:00:00+00:00,-2.25,62.247112,0.0,-0.45,0.345
2024-01-25 08:00:00+00:00,-1.65,60.019997,0.0,-0.4,0.345
2024-01-25 09:00:00+00:00,-0.1,49.761616,0.0,-0.3,0.345
2024-01-25 10:00:00+00:00,1.8,39.168583,0.0,-0.15,0.345
2024-01-25 11:00:00+00:00,2.8,37.651836,0.0,0.0,0.344
2024-01-25 12:00:00+00:00,3.1,46.22666,0.0,0.15,0.344
2024-01-25 13:00:00+00:00,2.0,59.131187,0.0,-1.25,0.344
2024-01-25 14:00:00+00:00,1.1,64.75783,0.0,-1.2,0.344
2024-01-25 15:00:00+00:00,0.05,70.38532,0.0,-1.15,0.344
2024-01-25 16:00:00+00:00,0.6,67.64043,0.0,-1.15,0.344
2024-01-25 17:00:00+00:00,-0.55,73.52209,0.0,-1.15,0.344
2024-01-25 18:00:00+00:00,-0.55,73.79976,0.0,-1.15,0.344
2024-01-25 19:00:00+00:00,-0.65,75.7522,0.0,-1.1,0.343
2024-01-25 20:00:00+00:00,-0.5,76.34958,0.0,-1.1,0.343
2024-01-25 21:00:00+00:00,-1.85,85.8776,0.0,-1.1,0.343
2024-01-25 22:00:00+00:00,-1.8,85.88304,0.0,-1.1,0.343
2024-01-25 23:00:00+00:00,-0.7,82.2486,0.0,-1.1,0.343
2024-01-26 00:00:00+00:00,-0.85,84.71684,0.1,-1.1,0.343
2024-01-26 01:00:00+00:00,-0.95,78.30744,0.0,0.25,0.342
2024-01-26 02:00:00+00:00,-0.95,80.99477,0.1,0.2,0.342
2024-01-26 03:00:00+00:00,-2.85,90.411,0.4,0.15,0.342
2024-01-26 04:00:00+00:00,-1.7,91.853,0.2,0.1,0.342
2024-01-26 05:00:00+00:00,-1.85,93.217896,0.5,0.1,0.342
2024-01-26 06:00:00+00:00,-1.45,90.853134,0.3,0.1,0.342
2024-01-26 07:00:00+00:00,-0.25,85.73278,0.2,0.15,0.342
2024-01-26 08:00:00+00:00,0.95,81.862206,0.0,0.2,0.341
2024-01-26 09:00:00+00:00,1.9,76.47356,0.0,0.35,0.341
2024-01-26 10:00:00+00:00,2.95,66.40711,0.0,0.5,0.341
2024-01-26 11:00:00+00:00,3.55,60.42311,0.1,0.8,0.34
2024-01-26 12:00:00+00:00,3.7,58.24545,0.1,1.95,0.34
2024-01-26 13:00:00+00:00,3.45,59.725063,0.2,1.9,0.34
2024-01-26 14:00:00+00:00,2.9,60.94116,0.0,2.15,0.34
2024-01-26 15:00:00+00:00,1.3,70.3774,0.0,1.75,0.34
2024-01-26 16:00:00+00:00,0.3,77.63412,0.0,1.2,0.34
2024-01-26 17:00:00+00:00,-0.35,81.382,0.0,0.85,0.339
2024-01-26 18:00:00+00:00,-0.6,83.49573,0.0,0.75,0.339
2024-01-26 19:00:00+00:00,-1.7,88.82909,0.0,0.65,0.339
2024-01-26 20:00:00+00:00,-1.85,91.50243,0.0,0.55,0.339
2024-01-26 21:00:00+00:00,-1.6,93.5773,0.0,0.5,0.339
2024-01-26 22:00:00+00:00,-1.65,95.32168,0.0,0.45,0.339
2024-01-26 23:00:00+00:00,-2.05,96.37189,0.0,0.4,0.339
2024-01-27 00:00:00+00:00,-2.75,96.71059,0.0,0.35,0.339
2024-01-27 01:00:00+00:00,-2.55,93.17966,0.0,0.3,0.339
2024-01-27 02:00:00+00:00,-3.0,93.50452,0.0,0.2,0.338
2024-01-27 03:00:00+00:00,-3.4,92.783264,0.0,0.15,0.338
2024-01-27 04:00:00+00:00,-4.05,93.44912,0.0,0.1,0.338
2024-01-27 05:00:00+00:00,-4.25,94.86257,0.0,0.0,0.338
2024-01-27 06:00:00+00:00,-3.15,93.84783,0.0,-0.05,0.338
2024-01-27 07:00:00+00:00,-1.4,83.39539,0.0,0.0,0.338
2024-01-27 08:00:00+00:00,0.3,73.131485,0.0,0.1,0.338
2024-01-27 09:00:00+00:00,1.5,64.364845,0.0,0.25,0.337
2024-01-27 10:00:00+00:00,2.05,59.59305,0.0,0.4,0.337
2024-01-27 11:00:00+00:00,2.0,58.685112,0.0,0.55,0.336
2024-01-27 12:00:00+00:00,2.0,57.1473,0.0,0.8,0.336
2024-01-27 13:00:00+00:00,2.45,56.619484,0.0,0.9,0.336
2024-01-27 14:00:00+00:00,1.95,58.228973,0.0,1.2,0.335
2024-01-27 15:00:00+00:00,0.95,63.99287,0.0,1.15,0.335
2024-01-27 16:00:00+00:00,0.05,68.80897,0.0,0.9,0.335
2024-01-27 17:00:00+00:00,-1.1,74.256836,0.0,0.75,0.335
2024-01-27 18:00:00+00:00,0.1,65.761566,0.0,0.6,0.335
2024-01-27 19:00:00+00:00,0.0,65.98888,0.0,0.45,0.335
2024-01-27 20:00:00+00:00,0.0,66.744774,0.0,0.35,0.335
2024-01-27 21:00:00+00:00,-0.3,68.99499,0.0,0.3,0.335
2024-01-27 22:00:00+00:00,-0.45,70.28238,0.0,0.25,0.335
2024-01-27 23:00:00+00:00,-0.55,71.87548,0.0,0.25,0.335
2024-01-28 00:00:00+00:00,-1.4,79.124985,0.1,0.2,0.334
2024-01-28 01:00:00+00:00,-1.9,81.47133,0.0,0.25,0.334
2024-01-28 02:00:00+00:00,-2.45,84.8479,0.1,0.2,0.334
2024-01-28 03:00:00+00:00,-2.25,85.83395,0.1,0.2,0.334
2024-01-28 04:00:00+00:00,-1.8,83.344894,0.1,0.15,0.334
2024-01-28 05:00:00+00:00,-1.9,89.47679,0.1,0.15,0.334
2024-01-28 06:00:00+00:00,-1.35,89.52216,0.0,0.15,0.334
2024-01-28 07:00:00+00:00,-0.35,81.989784,0.0,0.2,0.334
2024-01-28 08:00:00+00:00,0.75,73.76511,0.0,0.3,0.333
2024-01-28 09:00:00+00:00,1.65,66.86188,0.0,0.45,0.333
2024-01-28 10:00:00+00:00,2.2,60.310104,0.1,0.65,0.333
2024-01-28 11:00:00+00:00,2.8,53.17227,0.2,1.05,0.332
2024-01-28 12:00:00+00:00,2.75,53.361076,0.1,2.15,0.332
2024-01-28 13:00:00+00:00,2.35,54.690155,0.0,2.85,0.332
2024-01-28 14:00:00+00:00,1.95,55.631893,0.0,2.7,0.331
2024-01-28 15:00:00+00:00,-0.1,73.330536,0.0,2.05,0.331
2024-01-28 16:00:00+00:00,-0.55,74.07836,0.0,1.45,0.331
2024-01-28 17:00:00+00:00,-1.35,72.81584,0.0,0.9,0.331
2024-01-28 18:00:00+00:00,-2.2,73.2091,0.0,0.75,0.331
2024-01-28 19:00:00+00:00,-3.1,76.19017,0.0,0.6,0.331
2024-01-28 20:00:00+00:00,-3.75,79.976036,0.0,0.5,0.331
2024-01-28 21:00:00+00:00,-3.9,81.18976,0.0,0.4,0.331
2024-01-28 22:00:00+00:00,-4.25,83.030685,0.0,0.3,0.331
2024-01-28 23:00:00+00:00,-4.2,83.03717,0.0,0.2,0.33
2024-01-29 00:00:00+00:00,-4.4,84.29473,0.0,0.15,0.33
2024-01-29 01:00:00+00:00,-3.75,79.06073,0.0,0.1,0.33
2024-01-29 02:00:00+00:00,-4.05,81.48042,0.0,0.0,0.33
2024-01-29 03:00:00+00:00,-3.95,80.87188,0.0,0.0,0.33
2024-01-29 04:00:00+00:00,-4.3,83.34321,0.0,-0.05,0.33
2024-01-29 05:00:00+00:00,-4.3,83.984535,0.0,-0.1,0.33
2024-01-29 06:00:00+00:00,-3.35,78.82087,0.0,-0.15,0.33
2024-01-29 07:00:00+00:00,-1.65,68.705345,0.0,-0.1,0.33
2024-01-29 08:00:00+00:00,-0.4,60.340218,0.0,-0.05,0.33
2024-01-29 09:00:00+00:00,0.6,56.774036,0.3,0.1,0.329
2024-01-29 10:00:00+00:00,1.15,53.94362,0.2,0.25,0.329
2024-01-29 11:00:00+00:00,1.85,51.70175,0.0,0.4,0.329
2024-01-29 12:00:00+00:00,1.75,54.10975,0.0,0.6,0.328
2024-01-29 13:00:00+00:00,0.75,59.486046,0.0,0.75,0.328
2024-01-29 14:00:00+00:00,0.25,62.383755,0.0,0.85,0.328
2024-01-29 15:00:00+00:00,-1.55,71.95059,0.0,0.75,0.327
2024-01-29 16:00:00+00:00,-2.7,77.43329,0.0,0.55,0.327
2024-01-29 17:00:00+00:00,-1.95,76.67967,0.4,0.5,0.327
2024-01-29 18:00:00+00:00,-2.45,78.662544,0.7,0.45,0.327
2024-01-29 19:00:00+00:00,-2.9,80.71517,0.0,0.35,0.327
2024-01-29 20:00:00+00:00,-3.25,79.441734,0.0,0.25,0.327
2024-01-29 21:00:00+00:00,-3.45,79.107544,0.0,0.2,0.327
2024-01-29 22:00:00+00:00,-3.6,78.47974,0.0,0.15,0.327
2024-01-29 23:00:00+00:00,-3.7,77.26644,0.0,0.05,0.327
2024-01-30 00:00:00+00:00,-3.85,76.64818,0.0,0.0,0.327
2024-01-30 01:00:00+00:00,-3.9,71.75826,0.0,-0.05,0.327
2024-01-30 02:00:00+00:00,-3.8,71.22299,0.0,-0.1,0.327
2024-01-30 03:00:00+00:00,-3.65,69.611755,0.0,-0.15,0.327
2024-01-30 04:00:00+00:00,-3.9,70.37627,0.0,-0.15,0.326
2024-01-30 05:00:00+00:00,-3.85,69.84072,0.0,-0.2,0.326
2024-01-30 06:00:00+00:00,-2.95,65.30606,0.0,-0.25,0.326
2024-01-30 07:00:00+00:00,-1.5,58.901928,0.0,-0.2,0.326
2024-01-30 08:00:00+00:00,0.2,51.63179,0.0,-0.15,0.326
2024-01-30 09:00:00+00:00,1.9,42.92049,0.0,0.0,0.326
2024-01-30 10:00:00+00:00,2.4,44.09233,0.0,0.1,0.325
2024-01-30 11:00:00+00:00,2.9,43.391685,0.0,0.3,0.325
2024-01-30 12:00:00+00:00,3.0,43.590847,0.0,0.45,0.324
2024-01-30 13:00:00+00:00,3.0,44.44464,0.0,0.55,0.324
2024-01-30 14:00:00+00:00,1.8,50.118256,0.0,0.65,0.324
2024-01-30 15:00:00+00:00,-0.1,58.136223,0.0,0.6,0.324
2024-01-30 16:00:00+00:00,-1.3,64.439384,0.0,0.5,0.324
2024-01-30 17:00:00+00:00,-2.15,71.010414,0.0,0.45,0.324
2024-01-30 18:00:00+00:00,-2.45,73.442,0.0,0.35,0.324
2024-01-30 19:00:00+00:00,-2.8,75.371925,0.0,0.3,0.324
2024-01-30 20:00:00+00:00,-3.15,78.852356,0.0,0.2,0.323
2024-01-30 21:00:00+00:00,-3.3,80.6571,0.0,0.15,0.323
2024-01-30 22:00:00+00:00,-3.4,80.95111,0.0,0.1,0.323
2024-01-30 23:00:00+00:00,-3.65,82.16205,0.0,0.05,0.323
2024-01-31 00:00:00+00:00,-3.75,81.52249,0.0,-0.05,0.323
2024-01-31 01:00:00+00:00,-3.25,80.66437,0.0,-0.05,0.323
2024-01-31 02:00:00+00:00,-3.4,79.4187,0.0,-0.1,0.323
2024-01-31 03:00:00+00:00,-3.5,78.49573,0.0,-0.15,0.323
2024-01-31 04:00:00+00:00,-3.6,77.2832,0.0,-0.2,0.323
2024-01-31 05:00:00+00:00,-3.8,77.249664,0.0,-0.25,0.323
2024-01-31 06:00:00+00:00,-2.5,68.786064,0.0,-0.25,0.323
2024-01-31 07:00:00+00:00,-0.45,57.596455,0.0,-0.2,0.323
2024-01-31 08:00:00+00:00,1.35,49.794895,0.0,-0.1,0.323
2024-01-31 09:00:00+00:00,2.75,47.93748,0.0,0.05,0.322
2024-01-31 10:00:00+00:00,3.95,45.247158,0.0,0.25,0.322
2024-01-31 11:00:00+00:00,4.9,42.664352,0.0,0.5,0.321
2024-01-31 12:00:00+00:00,5.4,41.36474,0.0,0.85,0.321
2024-01-31 13:00:00+00:00,5.05,43.701263,0.0,2.65,0.321
2024-01-31 14:00:00+00:00,4.3,45.699463,0.0,2.95,0.321
2024-01-31 15:00:00+00:00,1.8,54.3311,0.0,2.4,0.32
2024-01-31 16:00:00+00:00,0.35,58.03125,0.0,1.55,0.32
2024-01-31 17:00:00+00:00,-0.15,59.253685,0.0,0.95,0.32
2024-01-31 18:00:00+00:00,-1.0,62.797302,0.0,0.75,0.32
2024-01-31 19:00:00+00:00,-1.45,65.655525,0.0,0.6,0.32
2024-01-31 20:00:00+00:00,-1.85,69.45704,0.0,0.5,0.32
2024-01-31 21:00:00+00:00,-2.05,73.23776,0.0,0.45,0.32
2024-01-31 22:00:00+00:00,-2.45,76.88683,0.0,0.35,0.32
2024-01-31 23:00:00+00:00,-3.05,81.001274,0.0,0.3,0.32
2024-02-01 00:00:00+00:00,-3.35,83.46403,0.0,0.2,0.32
2024-02-01 01:00:00+00:00,-2.9,78.89161,0.0,0.7,0.319
2024-02-01 02:00:00+00:00,-3.0,79.48006,0.0,0.55,0.319
2024-02-01 03:00:00+00:00,-3.25,80.972626,0.0,0.45,0.319
2024-02-01 04:00:00+00:00,-3.6,83.43236,0.0,0.35,0.319
2024-02-01 05:00:00+00:00,-4.05,85.63506,0.0,0.25,0.319
2024-02-01 06:00:00+00:00,-2.65,80.14038,0.0,0.25,0.319
2024-02-01 07:00:00+00:00,-0.25,70.85704,0.0,0.3,0.319
2024-02-01 08:00:00+00:00,1.45,62.44021,0.0,0.45,0.319
2024-02-01 09:00:00+00:00,2.7,55.623264,0.0,0.8,0.318
2024-02-01 10:00:00+00:00,3.7,50.855484,0.0,2.7,0.318
2024-02-01 11:00:00+00:00,4.55,46.47695,0.0,4.35,0.317
2024-02-01 12:00:00+00:00,5.05,44.204838,0.0,5.4,0.317
2024-02-01 13:00:00+00:00,4.55,43.384888,0.0,0.4,0.318
2024-02-01 14:00:00+00:00,3.35,60.825554,0.0,0.5,0.318
2024-02-01 15:00:00+00:00,2.25,55.501556,0.0,0.45,0.318
2024-02-01 16:00:00+00:00,0.65,62.95843,0.0,0.35,0.318
2024-02-01 17:00:00+00:00,0.6,63.426407,0.0,0.25,0.318
2024-02-01 18:00:00+00:00,0.6,63.909744,0.0,0.15,0.318
2024-02-01 19:00:00+00:00,0.6,64.15264,0.0,0.05,0.318
2024-02-01 20:00:00+00:00,0.4,64.59397,0.0,0.0,0.318
2024-02-01 21:00:00+00:00,0.05,65.750084,0.0,-0.05,0.317
2024-02-01 22:00:00+00:00,-0.3,66.6773,0.0,-0.15,0.317
2024-02-01 23:00:00+00:00,-0.5,67.39774,0.0,-0.2,0.317
2024-02-02 00:00:00+00:00,-0.75,68.376465,0.0,-0.25,0.317
2024-02-02 01:00:00+00:00,-1.85,70.800095,0.0,-1.35,0.317
2024-02-02 02:00:00+00:00,-2.2,72.3737,0.0,-1.35,0.317
2024-02-02 03:00:00+00:00,-2.3,72.910385,0.0,-1.4,0.317
2024-02-02 04:00:00+00:00,-2.15,71.55684,0.0,-1.45,0.317
2024-02-02 05:00:00+00:00,-2.15,71.283165,0.0,-1.45,0.317
2024-02-02 06:00:00+00:00,-2.0,70.498695,0.0,-1.45,0.317
2024-02-02 07:00:00+00:00,0.3,61.921738,0.0,-1.4,0.317
2024-02-02 08:00:00+00:00,2.1,54.41365,0.0,-1.25,0.317
2024-02-02 09:00:00+00:00,3.6,48.555435,0.0,-1.1,0.317
2024-02-02 10:00:00+00:00,4.75,44.96665,0.0,-0.9,0.317
2024-02-02 11:00:00+00:00,5.5,41.236557,0.0,-0.7,0.317
2024-02-02 12:00:00+00:00,5.9,37.42643,0.0,-0.55,0.317
2024-02-02 13:00:00+00:00,5.85,38.88184,0.0,-0.6,0.317
2024-02-02 14:00:00+00:00,4.65,41.6169,0.0,-0.5,0.317
2024-02-02 15:00:00+00:00,3.65,44.63914,0.0,-0.5,0.317
2024-02-02 16:00:00+00:00,2.6,47.70919,0.0,-0.55,0.317
2024-02-02 17:00:00+00:00,2.45,48.220264,0.0,-0.6,0.317
2024-02-02 18:00:00+00:00,0.7,54.867245,0.0,-0.65,0.317
2024-02-02 19:00:00+00:00,-1.9,68.6513,0.0,-0.7,0.317
2024-02-02 20:00:00+00:00,-1.0,67.28663,0.0,-0.7,0.317
2024-02-02 21:00:00+00:00,-0.75,64.32256,0.0,-0.7,0.317
2024-02-02 22:00:00+00:00,-1.05,67.01872,0.0,-0.7,0.317
2024-02-02 23:00:00+00:00,-1.5,74.74806,0.0,-0.75,0.316
2024-02-03 00:00:00+00:00,-2.0,82.383804,0.0,-0.75,0.316
2024-02-03 01:00:00+00:00,-2.15,81.12942,0.0,0.7,0.316
2024-02-03 02:00:00+00:00,-2.9,85.1167,0.0,0.55,0.316
2024-02-03 03:00:00+00:00,-2.3,80.80183,0.0,0.4,0.316
2024-02-03 04:00:00+00:00,-1.7,79.377625,0.0,0.3,0.316
2024-02-03 05:00:00+00:00,-2.65,83.868744,0.0,0.2,0.316
2024-02-03 06:00:00+00:00,-1.35,80.93789,0.0,0.15,0.316
2024-02-03 07:00:00+00:00,0.7,73.75581,0.0,0.2,0.316
2024-02-03 08:00:00+00:00,2.1,67.21197,0.0,0.4,0.316
2024-02-03 09:00:00+00:00,3.65,56.3004,0.0,0.7,0.315
2024-02-03 10:00:00+00:00,4.6,52.081676,0.0,2.2,0.315
2024-02-03 11:00:00+00:00,5.1,49.9206,0.0,3.95,0.314
2024-02-03 12:00:00+00:00,5.3,49.790096,0.0,4.95,0.314
2024-02-03 13:00:00+00:00,3.95,56.591866,0.0,3.1,0.314
2024-02-03 14:00:00+00:00,3.3,57.274597,0.0,3.15,0.314
2024-02-03 15:00:00+00:00,2.4,61.737476,0.0,2.35,0.314
2024-02-03 16:00:00+00:00,1.6,64.63088,0.0,1.25,0.314
2024-02-03 17:00:00+00:00,-0.65,75.1843,0.0,0.75,0.314
2024-02-03 18:00:00+00:00,0.85,67.18753,0.0,0.55,0.314
2024-02-03 19:00:00+00:00,0.5,68.3878,0.0,0.4,0.314
2024-02-03 20:00:00+00:00,0.0,70.375046,0.0,0.3,0.314
2024-02-03 21:00:00+00:00,-0.2,71.673836,0.0,0.25,0.314
2024-02-03 22:00:00+00:00,-1.15,76.23794,0.0,0.15,0.314
2024-02-03 23:00:00+00:00,-1.15,76.81526,0.0,0.1,0.314
2024-02-04 00:00:00+00:00,-1.35,77.9492,0.0,0.0,0.314
2024-02-04 01:00:00+00:00,-2.55,84.83624,0.0,0.15,0.313
2024-02-04 02:00:00+00:00,-2.25,83.91798,0.0,0.1,0.313
2024-02-04 03:00:00+00:00,-4.15,90.31132,0.0,0.0,0.313
2024-02-04 04:00:00+00:00,-4.0,89.640366,0.0,-0.05,0.313
2024-02-04 05:00:00+00:00,-3.65,88.656555,0.0,-0.15,0.313
2024-02-04 06:00:00+00:00,-2.15,82.675,0.0,-0.15,0.313
2024-02-04 07:00:00+00:00,0.35,69.133156,0.0,-0.1,0.313
2024-02-04 08:00:00+00:00,1.8,63.952965,0.0,0.05,0.313
2024-02-04 09:00:00+00:00,2.75,60.675797,0.0,0.2,0.313
2024-02-04 10:00:00+00:00,3.6,58.00194,0.0,0.4,0.312
2024-02-04 11:00:00+00:00,4.35,56.2759,0.0,0.7,0.312
2024-02-04 12:00:00+00:00,4.85,55.367958,0.0,1.9,0.312
2024-02-04 13:00:00+00:00,4.65,55.728676,0.0,-0.15,0.313
2024-02-04 14:00:00+00:00,4.05,58.77261,0.0,-0.1,0.312
2024-02-04 15:00:00+00:00,3.3,62.654114,0.0,-0.05,0.312
2024-02-04 16:00:00+00:00,1.0,74.36272,0.0,-0.1,0.312
2024-02-04 17:00:00+00:00,1.7,70.721565,0.0,-0.1,0.312
2024-02-04 18:00:00+00:00,1.3,71.96935,0.0,-0.15,0.312
2024-02-04 19:00:00+00:00,2.25,67.24499,0.0,-0.15,0.312
2024-02-04 20:00:00+00:00,2.35,67.26699,0.0,-0.15,0.312
2024-02-04 21:00:00+00:00,1.15,74.944405,0.0,-0.15,0.313
2024-02-04 22:00:00+00:00,0.9,77.73144,0.0,-0.15,0.313
2024-02-04 23:00:00+00:00,0.45,83.6261,0.2,-0.1,0.314
2024-02-05 00:00:00+00:00,-0.25,88.62792,0.1,-0.15,0.315
2024-02-05 01:00:00+00:00,-0.5,90.25443,0.0,0.6,0.314
2024-02-05 02:00:00+00:00,-0.6,88.59691,0.0,0.5,0.314
2024-02-05 03:00:00+00:00,-0.35,89.27458,0.0,0.35,0.314
2024-02-05 04:00:00+00:00,-0.95,91.90141,0.0,0.25,0.314
2024-02-05 05:00:00+00:00,-1.2,93.25311,0.0,0.2,0.314
2024-02-05 06:00:00+00:00,0.5,88.69396,0.0,0.15,0.314
2024-02-05 07:00:00+00:00,1.7,89.444244,0.0,0.25,0.314
2024-02-05 08:00:00+00:00,3.0,86.70295,0.0,0.4,0.314
2024-02-05 09:00:00+00:00,5.1,76.45468,0.0,0.75,0.314
2024-02-05 10:00:00+00:00,6.85,67.992165,0.0,2.55,0.314
2024-02-05 11:00:00+00:00,8.75,51.50973,0.0,4.2,0.313
2024-02-05 12:00:00+00:00,8.3,48.63134,0.0,4.5,0.313
2024-02-05 13:00:00+00:00,8.75,51.88665,0.0,5.15,0.311
2024-02-05 14:00:00+00:00,8.4,53.909485,0.0,5.25,0.311
2024-02-05 15:00:00+00:00,7.15,59.127457,0.0,4.95,0.31
2024-02-05 16:00:00+00:00,6.4,64.08473,0.0,4.5,0.31
2024-02-05 17:00:00+00:00,5.95,66.826836,0.0,4.05,0.31
2024-02-05 18:00:00+00:00,4.85,73.70939,0.0,3.6,0.31
2024-02-05 19:00:00+00:00,5.35,73.00856,0.0,3.65,0.31
2024-02-05 20:00:00+00:00,3.5,84.29888,0.0,3.25,0.31
2024-02-05 21:00:00+00:00,3.7,84.02031,0.0,3.05,0.31
2024-02-05 22:00:00+00:00,2.85,89.217,0.0,2.75,0.31
2024-02-05 23:00:00+00:00,1.75,92.072235,0.0,2.25,0.31
2024-02-06 00:00:00+00:00,2.85,91.1566,0.0,2.3,0.31
2024-02-06 01:00:00+00:00,4.4,81.149216,0.0,3.65,0.305
2024-02-06 02:00:00+00:00,4.4,80.281075,0.0,2.75,0.305
2024-02-06 03:00:00+00:00,4.05,81.6856,0.0,2.3,0.305
2024-02-06 04:00:00+00:00,3.7,82.52452,0.0,1.75,0.305
2024-02-06 05:00:00+00:00,4.05,79.65532,0.0,1.75,0.305
2024-02-06 06:00:00+00:00,3.7,85.846924,0.0,1.85,0.305
2024-02-06 07:00:00+00:00,6.55,72.19377,0.0,3.2,0.305
2024-02-06 08:00:00+00:00,9.15,63.126987,0.0,4.9,0.305
2024-02-06 09:00:00+00:00,11.2,56.231598,0.0,6.6,0.304
2024-02-06 10:00:00+00:00,12.4,51.220566,0.0,8.05,0.303
2024-02-06 11:00:00+00:00,13.35,40.526005,0.0,9.1,0.303
2024-02-06 12:00:00+00:00,13.05,42.69302,0.0,9.7,0.302
2024-02-06 13:00:00+00:00,13.9,36.89477,0.0,10.2,0.292
2024-02-06 14:00:00+00:00,13.05,39.136208,0.0,9.9,0.292
2024-02-06 15:00:00+00:00,10.35,48.327576,0.0,8.95,0.292
2024-02-06 16:00:00+00:00,8.8,54.607655,0.0,7.8,0.292
2024-02-06 17:00:00+00:00,6.8,63.02769,0.0,6.75,0.292
2024-02-06 18:00:00+00:00,7.1,61.077847,0.0,5.6,0.292
2024-02-06 19:00:00+00:00,9.3,52.416706,0.0,4.6,0.292
2024-02-06 20:00:00+00:00,8.75,54.396828,0.0,3.8,0.292
2024-02-06 21:00:00+00:00,8.2,55.84995,0.0,3.15,0.292
2024-02-06 22:00:00+00:00,7.25,58.29883,0.0,2.65,0.292
2024-02-06 23:00:00+00:00,5.7,63.45777,0.0,2.2,0.292
2024-02-07 00:00:00+00:00,4.75,67.7889,0.0,1.75,0.292
2024-02-07 01:00:00+00:00,1.6,79.58081,0.0,1.05,0.286
2024-02-07 02:00:00+00:00,0.1,84.82701,0.0,0.9,0.286
2024-02-07 03:00:00+00:00,0.0,84.50267,0.0,0.8,0.286
2024-02-07 04:00:00+00:00,-0.3,84.467316,0.0,0.75,0.287
2024-02-07 05:00:00+00:00,-0.25,82.61467,0.0,0.7,0.287
2024-02-07 06:00:00+00:00,3.1,75.56447,0.0,0.75,0.287
2024-02-07 07:00:00+00:00,6.75,62.788143,0.0,2.0,0.287
2024-02-07 08:00:00+00:00,9.05,55.070812,0.0,4.15,0.286
2024-02-07 09:00:00+00:00,10.95,48.848637,0.0,6.2,0.286
2024-02-07 10:00:00+00:00,12.65,43.353024,0.0,8.0,0.285
2024-02-07 11:00:00+00:00,13.9,39.959797,0.0,9.4,0.285
2024-02-07 12:00:00+00:00,14.6,38.190155,0.0,10.35,0.284
2024-02-07 13:00:00+00:00,15.65,31.201342,0.0,8.5,0.277
2024-02-07 14:00:00+00:00,14.35,38.254856,0.0,8.8,0.277
2024-02-07 15:00:00+00:00,11.3,46.200245,0.0,8.05,0.277
2024-02-07 16:00:00+00:00,10.3,47.963734,0.0,7.1,0.277
2024-02-07 17:00:00+00:00,9.25,52.784275,0.0,6.45,0.277
2024-02-07 18:00:00+00:00,6.6,64.59643,0.0,5.65,0.277
2024-02-07 19:00:00+00:00,5.1,71.65658,0.0,4.7,0.277
2024-02-07 20:00:00+00:00,6.7,63.461887,0.0,3.9,0.277
2024-02-07 21:00:00+00:00,5.2,69.12878,0.0,3.3,0.277
2024-02-07 22:00:00+00:00,4.35,73.88491,0.0,2.75,0.277
2024-02-07 23:00:00+00:00,2.95,84.23413,0.0,2.35,0.277
2024-02-08 00:00:00+00:00,2.4,89.824066,0.0,2.0,0.278
2024-02-08 01:00:00+00:00,2.75,88.25198,0.0,3.2,0.263
2024-02-08 02:00:00+00:00,2.2,89.1628,0.0,2.6,0.263
2024-02-08 03:00:00+00:00,1.75,89.44833,0.0,2.1,0.263
2024-02-08 04:00:00+00:00,2.05,88.18869,0.0,1.65,0.263
2024-02-08 05:00:00+00:00,1.3,91.048935,0.0,1.35,0.264
2024-02-08 06:00:00+00:00,4.8,85.96354,0.0,1.85,0.264
2024-02-08 07:00:00+00:00,6.9,79.22876,0.0,3.25,0.264
2024-02-08 08:00:00+00:00,8.75,72.35382,0.0,4.95,0.264
2024-02-08 09:00:00+00:00,10.2,66.10018,0.0,6.55,0.263
2024-02-08 10:00:00+00:00,11.5,59.99491,0.0,7.95,0.263
2024-02-08 11:00:00+00:00,12.5,53.09433,0.0,9.1,0.263
2024-02-08 12:00:00+00:00,12.8,52.060886,0.0,9.8,0.262
2024-02-08 13:00:00+00:00,13.25,47.258938,0.0,10.15,0.26
2024-02-08 14:00:00+00:00,12.95,46.671448,0.0,10.0,0.26
2024-02-08 15:00:00+00:00,11.25,52.946373,0.0,9.35,0.26
2024-02-08 16:00:00+00:00,9.95,56.915066,0.0,8.45,0.26
2024-02-08 17:00:00+00:00,8.0,65.14746,0.0,7.5,0.26
2024-02-08 18:00:00+00:00,7.8,65.10238,0.0,6.8,0.26
2024-02-08 19:00:00+00:00,6.35,70.11756,0.0,6.15,0.26
2024-02-08 20:00:00+00:00,5.1,75.09413,0.0,5.3,0.261
2024-02-08 21:00:00+00:00,5.35,73.27175,0.0,4.7,0.261
2024-02-08 22:00:00+00:00,3.6,81.624916,0.0,4.25,0.261
2024-02-08 23:00:00+00:00,3.45,83.08864,0.0,3.95,0.261
2024-02-09 00:00:00+00:00,2.6,86.03909,0.0,3.45,0.261
2024-02-09 01:00:00+00:00,2.7,84.204575,0.0,4.1,0.262
2024-02-09 02:00:00+00:00,2.25,86.940865,0.0,3.5,0.262
2024-02-09 03:00:00+00:00,2.15,88.51702,0.0,3.1,0.262
2024-02-09 04:00:00+00:00,1.75,89.77265,0.0,2.8,0.262
2024-02-09 05:00:00+00:00,2.7,85.43069,0.0,2.35,0.262
2024-02-09 06:00:00+00:00,4.8,81.49471,0.0,2.7,0.262
2024-02-09 07:00:00+00:00,7.7,70.38812,0.0,4.25,0.262
2024-02-09 08:00:00+00:00,9.25,64.966286,0.0,6.05,0.262
2024-02-09 09:00:00+00:00,10.3,61.19744,0.0,7.8,0.262
2024-02-09 10:00:00+00:00,11.3,56.657143,0.0,9.25,0.261
2024-02-09 11:00:00+00:00,12.0,52.21344,0.0,10.5,0.261
2024-02-09 12:00:00+00:00,12.35,49.24091,0.0,11.3,0.26
2024-02-09 13:00:00+00:00,12.75,44.490097,0.0,11.75,0.259
2024-02-09 14:00:00+00:00,12.0,45.736652,0.0,11.3,0.258
2024-02-09 15:00:00+00:00,9.45,59.06638,0.0,10.0,0.258
2024-02-09 16:00:00+00:00,6.85,66.304276,0.0,8.35,0.259
2024-02-09 17:00:00+00:00,5.55,71.74385,0.0,7.05,0.259
2024-02-09 18:00:00+00:00,5.3,71.43713,0.0,6.0,0.259
2024-02-09 19:00:00+00:00,5.15,70.89332,0.0,5.15,0.259
2024-02-09 20:00:00+00:00,5.55,67.96037,0.0,4.5,0.259
2024-02-09 21:00:00+00:00,4.35,73.61766,0.0,3.9,0.259
2024-02-09 22:00:00+00:00,2.45,81.172615,0.0,3.4,0.259
2024-02-09 23:00:00+00:00,1.9,81.98986,0.0,2.95,0.259
2024-02-10 00:00:00+00:00,3.0,76.938194,0.0,2.55,0.259
2024-02-10 01:00:00+00:00,2.7,74.396255,0.0,2.1,0.257
2024-02-10 02:00:00+00:00,2.1,75.66808,0.0,1.8,0.257
2024-02-10 03:00:00+00:00,1.6,76.98861,0.0,1.5,0.257
2024-02-10 04:00:00+00:00,0.35,81.7809,0.0,1.25,0.257
2024-02-10 05:00:00+00:00,0.6,82.11732,0.0,1.1,0.257
2024-02-10 06:00:00+00:00,4.25,72.53819,0.0,1.7,0.257
2024-02-10 07:00:00+00:00,6.7,65.795425,0.0,3.25,0.257
2024-02-10 08:00:00+00:00,8.5,60.97927,0.0,5.0,0.257
2024-02-10 09:00:00+00:00,10.55,54.87573,0.0,6.85,0.257
2024-02-10 10:00:00+00:00,12.0,48.792694,0.0,8.55,0.256
2024-02-10 11:00:00+00:00,13.0,44.402443,0.0,9.9,0.255
2024-02-10 12:00:00+00:00,13.65,40.613922,0.0,10.8,0.255
2024-02-10 13:00:00+00:00,14.15,34.239113,0.0,11.25,0.25
2024-02-10 14:00:00+00:00,13.2,39.89886,0.0,10.85,0.25
2024-02-10 15:00:00+00:00,9.35,57.374332,0.0,9.75,0.25
2024-02-10 16:00:00+00:00,7.15,60.21077,0.0,8.1,0.25
2024-02-10 17:00:00+00:00,7.2,56.40441,0.0,6.95,0.25
2024-02-10 18:00:00+00:00,5.8,62.790665,0.0,5.95,0.251
2024-02-10 19:00:00+00:00,5.35,65.97107,0.0,5.15,0.251
2024-02-10 20:00:00+00:00,4.85,68.555305,0.0,4.45,0.251
2024-02-10 21:00:00+00:00,4.55,70.51706,0.0,4.05,0.251
2024-02-10 22:00:00+00:00,4.45,71.270386,0.0,3.7,0.251
2024-02-10 23:00:00+00:00,3.15,78.37539,0.0,3.35,0.251
2024-02-11 00:00:00+00:00,2.6,80.60505,0.0,2.95,0.251
2024-02-11 01:00:00+00:00,4.5,81.163,0.0,4.35,0.241
2024-02-11 02:00:00+00:00,4.45,81.739296,0.0,4.1,0.241
2024-02-11 03:00:00+00:00,4.3,81.42684,0.0,3.95,0.242
2024-02-11 04:00:00+00:00,3.9,81.959435,0.0,3.75,0.242
2024-02-11 05:00:00+00:00,3.4,82.4857,0.0,3.45,0.242
2024-02-11 06:00:00+00:00,5.7,70.74694,0.0,3.8,0.242
2024-02-11 07:00:00+00:00,7.75,62.798283,0.0,5.0,0.242
2024-02-11 08:00:00+00:00,9.55,57.63155,0.0,6.6,0.242
2024-02-11 09:00:00+00:00,11.3,52.77133,0.0,8.25,0.241
2024-02-11 10:00:00+00:00,12.5,49.811962,0.0,9.8,0.241
2024-02-11 11:00:00+00:00,13.25,47.596455,0.0,10.85,0.24
2024-02-11 12:00:00+00:00,13.55,46.841663,0.0,11.4,0.24
2024-02-11 13:00:00+00:00,12.6,44.446793,0.0,11.0,0.24
2024-02-11 14:00:00+00:00,12.3,47.32791,0.0,10.65,0.24
2024-02-11 15:00:00+00:00,8.9,65.118034,0.0,9.7,0.24
2024-02-11 16:00:00+00:00,8.35,61.16182,0.0,8.25,0.24
2024-02-11 17:00:00+00:00,7.55,62.076668,0.0,7.25,0.24
2024-02-11 18:00:00+00:00,6.15,65.67233,0.0,6.4,0.24
2024-02-11 19:00:00+00:00,7.3,64.061516,0.0,5.95,0.24
2024-02-11 20:00:00+00:00,6.85,68.97366,0.0,5.8,0.24
2024-02-11 21:00:00+00:00,5.65,75.45952,0.0,5.25,0.24
2024-02-11 22:00:00+00:00,5.85,75.763985,0.0,4.95,0.24
2024-02-11 23:00:00+00:00,7.1,69.02541,0.0,5.1,0.241
2024-02-12 00:00:00+00:00,7.35,66.17687,0.0,5.4,0.241
2024-02-12 01:00:00+00:00,6.75,64.63076,0.0,6.65,0.232
2024-02-12 02:00:00+00:00,7.15,58.698994,0.0,6.45,0.232
2024-02-12 03:00:00+00:00,7.45,54.84425,0.0,6.3,0.232
2024-02-12 04:00:00+00:00,7.5,54.457813,0.0,6.3,0.232
2024-02-12 05:00:00+00:00,7.8,55.744427,0.0,6.3,0.232
2024-02-12 06:00:00+00:00,8.6,53.57267,0.0,6.5,0.232
2024-02-12 07:00:00+00:00,9.95,49.636715,0.0,7.3,0.232
2024-02-12 08:00:00+00:00,11.5,46.42512,0.0,8.35,0.232
2024-02-12 09:00:00+00:00,13.35,44.503292,0.0,9.8,0.231
2024-02-12 10:00:00+00:00,14.65,40.61396,0.0,11.1,0.231
2024-02-12 11:00:00+00:00,14.6,36.966717,0.0,11.9,0.23
2024-02-12 12:00:00+00:00,14.55,36.551987,0.0,12.3,0.23
2024-02-12 13:00:00+00:00,13.45,37.57657,0.0,12.4,0.228
2024-02-12 14:00:00+00:00,11.55,52.091206,0.4,11.3,0.23
2024-02-12 15:00:00+00:00,10.65,53.354496,0.2,10.15,0.232
2024-02-12 16:00:00+00:00,10.05,53.192654,0.0,9.3,0.232
2024-02-12 17:00:00+00:00,9.8,55.07114,0.0,8.85,0.232
2024-02-12 18:00:00+00:00,9.7,55.242794,0.0,8.55,0.232
2024-02-12 19:00:00+00:00,9.65,54.833942,0.0,8.4,0.232
2024-02-12 20:00:00+00:00,9.45,55.375652,0.0,8.3,0.232
2024-02-12 21:00:00+00:00,9.15,58.570187,0.1,8.1,0.233
2024-02-12 22:00:00+00:00,9.25,56.125435,0.0,7.95,0.233
2024-02-12 23:00:00+00:00,9.25,54.530476,0.0,7.95,0.233
2024-02-13 00:00:00+00:00,9.3,53.76163,0.0,7.95,0.233
2024-02-13 01:00:00+00:00,9.0,58.742622,0.1,8.6,0.227
2024-02-13 02:00:00+00:00,8.8,60.400356,0.1,8.3,0.227
2024-02-13 03:00:00+00:00,8.2,62.00923,0.0,7.95,0.228
2024-02-13 04:00:00+00:00,7.45,65.72645,0.0,7.6,0.228
2024-02-13 05:00:00+00:00,7.2,66.85899,0.0,7.3,0.228
2024-02-13 06:00:00+00:00,8.05,66.095055,0.0,7.35,0.228
2024-02-13 07:00:00+00:00,10.05,62.228146,0.0,8.15,0.228
2024-02-13 08:00:00+00:00,10.85,61.1141,0.1,8.95,0.228
2024-02-13 09:00:00+00:00,11.2,61.41328,0.0,9.55,0.228
2024-02-13 10:00:00+00:00,12.65,54.07916,0.0,10.5,0.228
2024-02-13 11:00:00+00:00,13.1,51.41168,0.1,11.15,0.229
2024-02-13 12:00:00+00:00,11.2,69.37625,0.9,11.05,0.24
2024-02-13 13:00:00+00:00,7.7,77.15304,0.5,8.7,0.258
2024-02-13 14:00:00+00:00,7.3,81.54292,1.0,8.15,0.272
2024-02-13 15:00:00+00:00,6.55,89.83028,0.0,7.75,0.271
2024-02-13 16:00:00+00:00,6.05,93.95443,3.2,7.2,0.312
2024-02-13 17:00:00+00:00,5.85,93.61832,0.5,6.7,0.319
2024-02-13 18:00:00+00:00,5.95,92.973434,1.4,6.4,0.338
2024-02-13 19:00:00+00:00,5.65,93.60835,0.6,6.15,0.345
2024-02-13 20:00:00+00:00,5.5,93.60088,0.0,6.0,0.344
2024-02-13 21:00:00+00:00,5.45,91.653564,0.0,5.85,0.342
2024-02-13 22:00:00+00:00,5.25,90.999435,0.0,5.7,0.34
2024-02-13 23:00:00+00:00,4.95,91.621254,0.0,5.5,0.339
2024-02-14 00:00:00+00:00,4.8,91.28933,0.0,5.35,0.337
2024-02-14 01:00:00+00:00,5.55,92.303795,0.2,5.9,0.276
2024-02-14 02:00:00+00:00,5.45,91.01327,0.1,5.75,0.278
2024-02-14 03:00:00+00:00,5.35,91.006355,0.0,5.7,0.278
2024-02-14 04:00:00+00:00,5.45,91.332924,0.0,5.75,0.278
2024-02-14 05:00:00+00:00,5.15,92.60424,0.1,5.55,0.279
2024-02-14 06:00:00+00:00,5.8,89.77194,0.0,5.8,0.279
2024-02-14 07:00:00+00:00,6.2,89.17803,0.0,6.1,0.279
2024-02-14 08:00:00+00:00,6.95,84.10637,0.0,6.6,0.279
2024-02-14 09:00:00+00:00,9.45,67.343864,0.0,8.25,0.278
2024-02-14 10:00:00+00:00,10.2,62.704494,0.0,9.15,0.278
2024-02-14 11:00:00+00:00,9.95,63.536915,0.0,9.35,0.278
2024-02-14 12:00:00+00:00,10.4,62.972595,0.1,9.9,0.278
2024-02-14 13:00:00+00:00,9.85,63.963737,0.0,9.55,0.286
2024-02-14 14:00:00+00:00,8.95,72.13819,0.3,9.1,0.288
2024-02-14 15:00:00+00:00,8.0,84.814476,1.8,8.35,0.311
2024-02-14 16:00:00+00:00,7.55,87.45356,0.4,7.75,0.316
2024-02-14 17:00:00+00:00,7.15,89.56569,0.9,7.3,0.326
2024-02-14 18:00:00+00:00,7.0,86.79531,0.0,6.95,0.326
2024-02-14 19:00:00+00:00,6.2,88.86693,1.3,6.55,0.342
2024-02-14 20:00:00+00:00,5.85,89.775856,0.4,6.3,0.346
2024-02-14 21:00:00+00:00,5.75,90.08305,0.4,6.1,0.349
2024-02-14 22:00:00+00:00,5.55,89.752396,0.1,5.9,0.348
2024-02-14 23:00:00+00:00,5.0,91.30278,0.2,5.6,0.349
2024-02-15 00:00:00+00:00,4.8,91.28933,0.3,5.35,0.35
2024-02-15 01:00:00+00:00,4.7,88.73918,0.1,4.8,0.382
2024-02-15 02:00:00+00:00,4.75,88.43011,0.6,4.8,0.384
2024-02-15 03:00:00+00:00,5.05,88.14478,0.0,4.95,0.378
2024-02-15 04:00:00+00:00,5.05,88.45649,0.0,5.05,0.374
2024-02-15 05:00:00+00:00,5.0,89.07868,0.2,5.05,0.371
2024-02-15 06:00:00+00:00,5.45,88.18069,0.2,5.3,0.37
2024-02-15 07:00:00+00:00,6.15,85.50227,0.1,6.0,0.367
2024-02-15 08:00:00+00:00,7.0,80.648994,0.0,7.0,0.364
2024-02-15 09:00:00+00:00,7.7,75.54284,0.2,7.9,0.363
2024-02-15 10:00:00+00:00,8.8,68.88687,0.4,9.25,0.363
2024-02-15 11:00:00+00:00,9.0,66.53865,0.2,9.95,0.361
2024-02-15 12:00:00+00:00,9.05,67.25836,0.2,10.35,0.36
2024-02-15 13:00:00+00:00,9.55,60.368633,0.0,10.4,0.351
2024-02-15 14:00:00+00:00,9.15,60.702404,0.0,10.15,0.349
2024-02-15 15:00:00+00:00,7.65,70.87937,0.0,9.3,0.347
2024-02-15 16:00:00+00:00,4.95,88.76063,0.0,8.0,0.346
2024-02-15 17:00:00+00:00,3.6,91.20799,0.0,6.8,0.344
2024-02-15 18:00:00+00:00,2.55,93.78608,0.0,5.8,0.343
2024-02-15 19:00:00+00:00,1.9,95.11134,0.0,5.05,0.342
2024-02-15 20:00:00+00:00,1.4,94.74951,0.0,4.4,0.341
2024-02-15 21:00:00+00:00,0.95,94.73063,0.0,3.9,0.34
2024-02-15 22:00:00+00:00,0.4,95.39841,0.0,3.4,0.339
2024-02-15 23:00:00+00:00,0.25,96.439,0.0,3.05,0.338
2024-02-16 00:00:00+00:00,0.0,98.91745,0.0,2.85,0.337
2024-02-16 01:00:00+00:00,0.3,98.92009,0.0,3.25,0.336
2024-02-16 02:00:00+00:00,0.05,98.917885,0.0,2.9,0.335
2024-02-16 03:00:00+00:00,-0.1,98.91656,0.0,2.65,0.334
2024-02-16 04:00:00+00:00,0.2,99.63857,0.0,2.6,0.333
2024-02-16 05:00:00+00:00,0.75,99.640205,0.0,2.65,0.332
2024-02-16 06:00:00+00:00,1.6,97.87311,0.0,3.1,0.332
2024-02-16 07:00:00+00:00,3.0,89.22945,0.0,3.85,0.331
2024-02-16 08:00:00+00:00,4.85,78.63868,0.0,4.95,0.33
2024-02-16 09:00:00+00:00,5.95,73.382515,0.0,6.0,0.329
2024-02-16 10:00:00+00:00,7.65,65.771,0.0,7.6,0.328
2024-02-16 11:00:00+00:00,8.55,61.21032,0.0,8.85,0.327
2024-02-16 12:00:00+00:00,9.4,56.77298,0.0,9.9,0.325
2024-02-16 13:00:00+00:00,8.9,56.84774,0.0,9.95,0.326
2024-02-16 14:00:00+00:00,8.5,56.949345,0.0,9.6,0.325
2024-02-16 15:00:00+00:00,7.15,63.56706,0.0,8.75,0.324
2024-02-16 16:00:00+00:00,5.2,71.93525,0.0,7.55,0.324
2024-02-16 17:00:00+00:00,3.2,78.9544,0.0,6.4,0.323
2024-02-16 18:00:00+00:00,2.45,78.552124,0.0,5.35,0.323
2024-02-16 19:00:00+00:00,1.6,79.87356,0.0,4.55,0.322
2024-02-16 20:00:00+00:00,0.9,81.55456,0.0,3.8,0.322
2024-02-16 21:00:00+00:00,0.6,83.03069,0.0,3.25,0.321
2024-02-16 22:00:00+00:00,1.55,82.8476,0.0,3.05,0.321
2024-02-16 23:00:00+00:00,1.65,85.93805,0.0,3.05,0.321
2024-02-17 00:00:00+00:00,1.0,91.35929,0.0,2.95,0.32
2024-02-17 01:00:00+00:00,0.0,91.62605,0.0,3.5,0.32
2024-02-17 02:00:00+00:00,-0.55,92.26565,0.0,2.85,0.32
2024-02-17 03:00:00+00:00,-0.35,91.602875,0.0,2.25,0.32
2024-02-17 04:00:00+00:00,0.85,89.70084,0.0,1.7,0.319
2024-02-17 05:00:00+00:00,0.65,91.00323,0.0,1.3,0.319
2024-02-17 06:00:00+00:00,1.75,88.48159,0.0,1.95,0.318
2024-02-17 07:00:00+00:00,3.95,80.7959,0.0,3.45,0.318
2024-02-17 08:00:00+00:00,5.65,73.855225,0.0,5.2,0.317
2024-02-17 09:00:00+00:00,7.65,61.43299,0.0,6.95,0.316
2024-02-17 10:00:00+00:00,8.5,56.743942,0.0,8.3,0.316
2024-02-17 11:00:00+00:00,8.8,54.805733,0.0,9.05,0.315
2024-02-17 12:00:00+00:00,8.7,54.580948,0.1,9.2,0.315
2024-02-17 13:00:00+00:00,8.1,58.093716,0.1,9.0,0.316
2024-02-17 14:00:00+00:00,7.4,64.77903,0.2,8.4,0.317
2024-02-17 15:00:00+00:00,6.5,74.53772,0.2,7.55,0.319
2024-02-17 16:00:00+00:00,4.95,81.80611,0.1,6.45,0.319
2024-02-17 17:00:00+00:00,5.1,79.80948,0.0,5.9,0.319
2024-02-17 18:00:00+00:00,4.7,81.48116,0.1,5.45,0.319
2024-02-17 19:00:00+00:00,4.2,83.18243,0.1,5.05,0.319
2024-02-17 20:00:00+00:00,3.55,85.83091,0.1,4.6,0.319
2024-02-17 21:00:00+00:00,3.5,85.82558,0.0,4.35,0.319
2024-02-17 22:00:00+00:00,3.35,85.809525,0.0,4.2,0.319
2024-02-17 23:00:00+00:00,3.0,86.70295,0.0,4.05,0.318
2024-02-18 00:00:00+00:00,2.85,86.6878,0.0,3.9,0.318
2024-02-18 01:00:00+00:00,3.55,84.00242,0.0,5.15,0.311
2024-02-18 02:00:00+00:00,3.35,83.97852,0.0,4.85,0.311
2024-02-18 03:00:00+00:00,3.15,83.95457,0.0,4.6,0.311
2024-02-18 04:00:00+00:00,2.95,84.538666,0.0,4.4,0.311
2024-02-18 05:00:00+00:00,2.65,86.04438,0.0,4.25,0.31
2024-02-18 06:00:00+00:00,2.45,87.27528,0.3,4.15,0.312
2024-02-18 07:00:00+00:00,3.4,84.590744,0.3,4.4,0.314
2024-02-18 08:00:00+00:00,4.9,73.188255,0.0,5.25,0.314
2024-02-18 09:00:00+00:00,5.9,65.14167,0.1,6.35,0.314
2024-02-18 10:00:00+00:00,6.05,63.309258,0.1,6.9,0.315
2024-02-18 11:00:00+00:00,6.0,62.609722,0.1,7.05,0.315
2024-02-18 12:00:00+00:00,6.45,58.52079,0.1,7.35,0.315
2024-02-18 13:00:00+00:00,7.8,53.74728,0.1,7.9,0.313
2024-02-18 14:00:00+00:00,7.6,53.496758,0.1,7.85,0.313
2024-02-18 15:00:00+00:00,6.3,60.660145,0.0,7.3,0.313
2024-02-18 16:00:00+00:00,4.1,71.983795,0.0,6.3,0.313
2024-02-18 17:00:00+00:00,2.85,79.766556,0.0,5.35,0.312
2024-02-18 18:00:00+00:00,2.45,82.36195,0.0,4.6,0.312
2024-02-18 19:00:00+00:00,1.9,83.195175,0.0,4.1,0.312
2024-02-18 20:00:00+00:00,1.15,84.94743,0.0,3.6,0.312
2024-02-18 21:00:00+00:00,0.65,86.46254,0.0,3.2,0.311
2024-02-18 22:00:00+00:00,-0.1,88.641174,0.0,2.75,0.311
2024-02-18 23:00:00+00:00,-0.2,88.63235,0.0,2.45,0.311
2024-02-19 00:00:00+00:00,-0.45,88.610214,0.0,2.1,0.311
2024-02-19 01:00:00+00:00,0.9,83.68152,0.0,2.7,0.305
2024-02-19 02:00:00+00:00,0.7,83.96518,0.0,2.5,0.305
2024-02-19 03:00:00+00:00,-0.25,88.62792,0.0,2.15,0.305
2024-02-19 04:00:00+00:00,-1.4,89.18612,0.0,1.65,0.304
2024-02-19 05:00:00+00:00,-1.25,88.868355,0.0,1.25,0.304
2024-02-19 06:00:00+00:00,1.3,82.21045,0.0,1.75,0.304
2024-02-19 07:00:00+00:00,2.95,72.024445,0.0,3.05,0.304
2024-02-19 08:00:00+00:00,4.7,62.527622,0.0,4.65,0.303
2024-02-19 09:00:00+00:00,5.7,58.759686,0.0,6.2,0.303
2024-02-19 10:00:00+00:00,6.2,55.52364,0.0,7.25,0.303
2024-02-19 11:00:00+00:00,6.2,55.31921,0.0,7.6,0.302
2024-02-19 12:00:00+00:00,6.5,53.196476,0.0,7.9,0.302
2024-02-19 13:00:00+00:00,7.25,49.97165,0.0,8.2,0.301
2024-02-19 14:00:00+00:00,7.0,48.801224,0.0,7.95,0.301
2024-02-19 15:00:00+00:00,6.45,50.67952,0.0,7.4,0.301
2024-02-19 16:00:00+00:00,4.2,65.47145,0.0,6.35,0.301
2024-02-19 17:00:00+00:00,2.2,72.94841,0.0,5.2,0.3
2024-02-19 18:00:00+00:00,1.6,73.92231,0.0,4.3,0.3
2024-02-19 19:00:00+00:00,2.45,70.350555,0.0,3.85,0.3
2024-02-19 20:00:00+00:00,1.75,76.44822,0.0,3.45,0.3
2024-02-19 21:00:00+00:00,1.4,79.2587,0.0,3.2,0.3
2024-02-19 22:00:00+00:00,0.6,85.197044,0.0,2.8,0.3
2024-02-19 23:00:00+00:00,0.35,86.749596,0.0,2.4,0.3
2024-02-20 00:00:00+00:00,0.1,88.65882,0.0,2.15,0.3
2024-02-20 01:00:00+00:00,-1.3,87.22731,0.0,1.9,0.299
2024-02-20 02:00:00+00:00,-1.25,88.21068,0.0,1.5,0.299
2024-02-20 03:00:00+00:00,-1.45,85.92105,0.0,1.0,0.299
2024-02-20 04:00:00+00:00,-0.35,81.07962,0.0,0.8,0.299
2024-02-20 05:00:00+00:00,-0.55,81.962776,0.0,0.7,0.299
2024-02-20 06:00:00+00:00,0.7,80.629166,0.0,0.8,0.299
2024-02-20 07:00:00+00:00,2.85,72.53633,0.0,2.15,0.298
2024-02-20 08:00:00+00:00,4.45,67.4771,0.0,4.15,0.298
2024-02-20 09:00:00+00:00,6.05,60.156734,0.0,6.1,0.297
2024-02-20 10:00:00+00:00,7.25,52.428394,0.0,7.7,0.296
2024-02-20 11:00:00+00:00,8.05,46.107586,0.0,8.8,0.296
2024-02-20 12:00:00+00:00,8.5,42.92809,0.0,9.45,0.295
2024-02-20 13:00:00+00:00,8.85,40.689808,0.0,9.65,0.293
2024-02-20 14:00:00+00:00,8.7,41.104214,0.0,9.4,0.293
2024-02-20 15:00:00+00:00,6.4,65.96619,0.0,8.45,0.292
2024-02-20 16:00:00+00:00,3.65,66.563156,0.0,6.75,0.292
2024-02-20 17:00:00+00:00,3.0,71.50676,0.0,5.6,0.292
2024-02-20 18:00:00+00:00,2.85,70.95282,0.0,4.7,0.292
2024-02-20 19:00:00+00:00,2.15,72.40205,0.0,4.1,0.292
2024-02-20 20:00:00+00:00,0.8,77.14108,0.0,3.5,0.292
2024-02-20 21:00:00+00:00,1.05,72.189186,0.0,2.8,0.292
2024-02-20 22:00:00+00:00,3.8,57.405994,0.0,2.2,0.292
2024-02-20 23:00:00+00:00,3.95,55.95919,0.0,1.65,0.292
2024-02-21 00:00:00+00:00,3.65,56.724754,0.0,1.2,0.292
2024-02-21 01:00:00+00:00,0.1,71.195526,0.0,1.35,0.291
2024-02-21 02:00:00+00:00,-1.7,79.377625,0.0,0.95,0.291
2024-02-21 03:00:00+00:00,-1.6,80.29546,0.0,0.8,0.291
2024-02-21 04:00:00+00:00,-2.1,83.30687,0.0,0.75,0.291
2024-02-21 05:00:00+00:00,-2.0,82.69467,0.0,0.65,0.291
2024-02-21 06:00:00+00:00,1.2,73.02937,0.0,0.8,0.291
2024-02-21 07:00:00+00:00,4.2,59.914593,0.0,2.25,0.291
2024-02-21 08:00:00+00:00,6.15,53.100433,0.0,4.45,0.29
2024-02-21 09:00:00+00:00,7.75,50.11273,0.0,6.5,0.29
2024-02-21 10:00:00+00:00,9.05,47.78211,0.0,8.25,0.289
2024-02-21 11:00:00+00:00,9.8,45.935997,0.0,9.55,0.288
2024-02-21 12:00:00+00:00,10.05,43.705196,0.0,10.2,0.287
2024-02-21 13:00:00+00:00,9.85,42.06434,0.0,10.2,0.288
2024-02-21 14:00:00+00:00,9.4,43.193676,0.0,9.75,0.287
2024-02-21 15:00:00+00:00,7.75,61.901386,0.0,8.85,0.287
2024-02-21 16:00:00+00:00,4.95,66.606964,0.0,7.45,0.287
2024-02-21 17:00:00+00:00,4.15,70.43651,0.0,6.25,0.287
2024-02-21 18:00:00+00:00,3.4,73.980446,0.0,5.45,0.287
2024-02-21 19:00:00+00:00,2.55,81.77885,0.0,4.8,0.287
2024-02-21 20:00:00+00:00,2.0,84.73541,0.0,4.25,0.287
2024-02-21 21:00:00+00:00,0.9,89.05321,0.0,3.7,0.287
2024-02-21 22:00:00+00:00,0.65,90.0128,0.0,3.25,0.287
2024-02-21 23:00:00+00:00,0.65,90.67201,0.0,2.95,0.287
2024-02-22 00:00:00+00:00,0.45,91.32186,0.0,2.65,0.287
2024-02-22 01:00:00+00:00,0.65,87.73891,0.0,4.55,0.291
2024-02-22 02:00:00+00:00,-0.25,91.27388,0.0,3.7,0.291
2024-02-22 03:00:00+00:00,-0.55,90.58371,0.0,3.1,0.291
2024-02-22 04:00:00+00:00,-0.1,86.066284,0.0,2.8,0.291
2024-02-22 05:00:00+00:00,-0.15,84.79813,0.0,2.55,0.291
2024-02-22 06:00:00+00:00,1.05,77.46856,0.0,2.9,0.291
2024-02-22 07:00:00+00:00,2.9,67.88834,0.0,4.05,0.291
2024-02-22 08:00:00+00:00,4.45,59.31391,0.0,5.55,0.29
2024-02-22 09:00:00+00:00,5.85,49.574158,0.0,7.1,0.29
2024-02-22 10:00:00+00:00,6.85,41.958855,0.0,8.45,0.289
2024-02-22 11:00:00+00:00,7.5,37.766884,0.0,9.4,0.288
2024-02-22 12:00:00+00:00,7.9,36.333363,0.0,10.0,0.287
2024-02-22 13:00:00+00:00,8.35,33.917557,0.0,10.15,0.286
2024-02-22 14:00:00+00:00,8.25,33.75768,0.0,9.75,0.286
2024-02-22 15:00:00+00:00,6.3,59.128376,0.0,8.75,0.286
2024-02-22 16:00:00+00:00,3.75,54.247986,0.0,7.05,0.286
2024-02-22 17:00:00+00:00,2.4,60.81644,0.0,5.7,0.286
2024-02-22 18:00:00+00:00,1.9,63.97661,0.0,4.75,0.286
2024-02-22 19:00:00+00:00,0.75,67.92859,0.0,4.0,0.286
2024-02-22 20:00:00+00:00,-0.55,72.69463,0.0,3.3,0.286
2024-02-22 21:00:00+00:00,0.0,66.49196,0.0,2.6,0.286
2024-02-22 22:00:00+00:00,2.2,53.821465,0.0,2.05,0.286
2024-02-22 23:00:00+00:00,3.05,48.768173,0.0,1.6,0.286
2024-02-23 00:00:00+00:00,3.5,46.167236,0.0,1.2,0.286
2024-02-23 01:00:00+00:00,2.35,45.648186,0.0,0.9,0.285
2024-02-23 02:00:00+00:00,1.95,47.887867,0.0,0.8,0.285
2024-02-23 03:00:00+00:00,1.8,50.312077,0.0,0.7,0.285
2024-02-23 04:00:00+00:00,1.65,53.46342,0.0,0.65,0.285
2024-02-23 05:00:00+00:00,1.0,57.538223,0.0,0.55,0.285
2024-02-23 06:00:00+00:00,1.8,63.47393,0.0,0.7,0.285
2024-02-23 07:00:00+00:00,4.5,59.990086,0.0,1.95,0.285
2024-02-23 08:00:00+00:00,6.65,56.674007,0.0,4.15,0.284
2024-02-23 09:00:00+00:00,8.4,49.927814,0.0,6.25,0.284
2024-02-23 10:00:00+00:00,9.6,42.77534,0.0,8.0,0.283
2024-02-23 11:00:00+00:00,10.2,39.742687,0.0,9.3,0.282
2024-02-23 12:00:00+00:00,10.6,38.98493,0.0,10.15,0.281
2024-02-23 13:00:00+00:00,10.75,38.741196,0.0,8.25,0.282
2024-02-23 14:00:00+00:00,10.45,39.522846,0.0,8.5,0.282
2024-02-23 15:00:00+00:00,9.55,42.445065,0.0,7.75,0.282
2024-02-23 16:00:00+00:00,4.15,61.706245,0.0,6.15,0.282
2024-02-23 17:00:00+00:00,4.0,60.76091,0.0,5.05,0.282
2024-02-23 18:00:00+00:00,3.95,59.629158,0.0,4.35,0.282
2024-02-23 19:00:00+00:00,3.05,63.297634,0.0,3.8,0.282
2024-02-23 20:00:00+00:00,2.45,65.80299,0.0,3.3,0.282
2024-02-23 21:00:00+00:00,1.95,67.93491,0.0,2.9,0.282
2024-02-23 22:00:00+00:00,0.75,74.04067,0.0,2.5,0.282
2024-02-23 23:00:00+00:00,0.45,74.262314,0.0,1.95,0.282
2024-02-24 00:00:00+00:00,0.0,75.01844,0.0,1.45,0.282
2024-02-24 01:00:00+00:00,0.0,74.737946,0.0,1.25,0.28
2024-02-24 02:00:00+00:00,1.25,67.78267,0.0,0.95,0.28
2024-02-24 03:00:00+00:00,0.4,71.523674,0.0,0.8,0.28
2024-02-24 04:00:00+00:00,-0.8,77.74556,0.0,0.75,0.28
2024-02-24 05:00:00+00:00,-0.55,78.6649,0.0,0.7,0.28
2024-02-24 06:00:00+00:00,2.75,70.411545,0.0,0.95,0.28
2024-02-24 07:00:00+00:00,6.2,58.456913,0.0,2.85,0.28
2024-02-24 08:00:00+00:00,8.45,52.183582,0.0,5.15,0.28
2024-02-24 09:00:00+00:00,10.1,50.95345,0.0,7.3,0.279
2024-02-24 10:00:00+00:00,11.4,49.683834,0.0,9.15,0.278
2024-02-24 11:00:00+00:00,12.3,47.66829,0.0,10.6,0.278
2024-02-24 12:00:00+00:00,12.8,46.795868,0.0,11.5,0.277
2024-02-24 13:00:00+00:00,13.25,41.685608,0.0,11.35,0.274
2024-02-24 14:00:00+00:00,12.85,41.568653,0.0,11.15,0.273
2024-02-24 15:00:00+00:00,12.15,44.477165,0.0,10.15,0.273
2024-02-24 16:00:00+00:00,10.2,51.165516,0.0,8.35,0.273
2024-02-24 17:00:00+00:00,5.25,72.46571,0.0,6.95,0.273
2024-02-24 18:00:00+00:00,4.2,76.85725,0.0,5.85,0.273
2024-02-24 19:00:00+00:00,3.6,78.72996,0.0,4.95,0.273
2024-02-24 20:00:00+00:00,3.45,77.85554,0.0,4.25,0.273
2024-02-24 21:00:00+00:00,3.85,74.33215,0.0,3.7,0.273
2024-02-24 22:00:00+00:00,3.35,75.33281,0.0,3.25,0.273
2024-02-24 23:00:00+00:00,2.7,77.45235,0.0,2.85,0.273
2024-02-25 00:00:00+00:00,3.5,72.92617,0.0,2.5,0.273
2024-02-25 01:00:00+00:00,3.8,69.59712,0.0,1.8,0.278
2024-02-25 02:00:00+00:00,4.15,67.41192,0.0,1.55,0.278
2024-02-25 03:00:00+00:00,1.4,77.24003,0.0,1.3,0.278
2024-02-25 04:00:00+00:00,0.75,79.15973,0.0,1.1,0.278
2024-02-25 05:00:00+00:00,1.05,79.79209,0.0,1.0,0.278
2024-02-25 06:00:00+00:00,4.35,70.73394,0.0,2.05,0.278
2024-02-25 07:00:00+00:00,7.35,62.028725,0.0,4.0,0.278
2024-02-25 08:00:00+00:00,9.45,57.19465,0.0,6.2,0.277
2024-02-25 09:00:00+00:00,11.25,52.569847,0.0,8.4,0.277
2024-02-25 10:00:00+00:00,12.5,48.93269,0.0,10.3,0.276
2024-02-25 11:00:00+00:00,13.2,46.24482,0.0,11.75,0.275
2024-02-25 12:00:00+00:00,13.55,43.77042,0.0,12.65,0.274
2024-02-25 13:00:00+00:00,14.2,40.04768,0.0,13.1,0.271
2024-02-25 14:00:00+00:00,13.75,41.085243,0.0,12.7,0.27
2024-02-25 15:00:00+00:00,12.75,45.62314,0.0,11.6,0.27
2024-02-25 16:00:00+00:00,11.0,51.018475,0.0,9.8,0.27
2024-02-25 17:00:00+00:00,7.2,66.14373,0.0,8.4,0.27
2024-02-25 18:00:00+00:00,6.95,66.56505,0.0,7.55,0.27
2024-02-25 19:00:00+00:00,7.05,64.23485,0.0,7.05,0.27
2024-02-25 20:00:00+00:00,6.45,66.936035,0.0,6.7,0.27
2024-02-25 21:00:00+00:00,5.5,71.21902,0.0,6.25,0.27
2024-02-25 22:00:00+00:00,5.0,72.15702,0.0,5.85,0.27
2024-02-25 23:00:00+00:00,4.8,71.85801,0.0,5.55,0.27
2024-02-26 00:00:00+00:00,4.1,74.37713,0.0,5.2,0.27
2024-02-26 01:00:00+00:00,3.45,72.91675,0.0,5.35,0.266
2024-02-26 02:00:00+00:00,2.85,75.52106,0.0,4.95,0.266
2024-02-26 03:00:00+00:00,2.55,76.02405,0.0,4.7,0.266
2024-02-26 04:00:00+00:00,2.45,75.45138,0.0,4.45,0.266
2024-02-26 05:00:00+00:00,2.8,73.33045,0.0,4.3,0.266
2024-02-26 06:00:00+00:00,5.15,68.12191,0.0,4.8,0.266
2024-02-26 07:00:00+00:00,8.75,55.99452,0.0,6.25,0.266
2024-02-26 08:00:00+00:00,10.75,46.886436,0.0,8.15,0.266
2024-02-26 09:00:00+00:00,12.4,41.891037,0.0,9.7,0.265
2024-02-26 10:00:00+00:00,13.35,38.799084,0.0,10.95,0.264
2024-02-26 11:00:00+00:00,13.85,39.087574,0.0,12.0,0.264
2024-02-26 12:00:00+00:00,14.25,36.997917,0.0,12.9,0.263
2024-02-26 13:00:00+00:00,13.45,41.44397,0.0,12.35,0.263
2024-02-26 14:00:00+00:00,13.05,42.2333,0.0,11.95,0.262
2024-02-26 15:00:00+00:00,11.7,57.56564,0.0,11.2,0.262
2024-02-26 16:00:00+00:00,10.2,57.591843,0.0,10.05,0.262
2024-02-26 17:00:00+00:00,10.1,55.945522,0.0,8.85,0.262
2024-02-26 18:00:00+00:00,10.4,52.52732,0.0,8.25,0.263
2024-02-26 19:00:00+00:00,8.0,64.45276,0.0,7.85,0.263
2024-02-26 20:00:00+00:00,8.05,70.457726,0.0,7.7,0.263
2024-02-26 21:00:00+00:00,7.5,74.45064,0.0,7.6,0.263
2024-02-26 22:00:00+00:00,6.45,81.428764,0.0,7.25,0.263
2024-02-26 23:00:00+00:00,5.4,83.33095,0.0,6.55,0.263
2024-02-27 00:00:00+00:00,4.45,84.711266,0.0,5.95,0.263
2024-02-27 01:00:00+00:00,5.8,80.19541,0.0,6.2,0.252
2024-02-27 02:00:00+00:00,5.05,80.373985,0.0,5.7,0.252
2024-02-27 03:00:00+00:00,4.95,77.813255,0.0,5.2,0.252
2024-02-27 04:00:00+00:00,6.25,70.34946,0.0,4.75,0.253
2024-02-27 05:00:00+00:00,5.5,73.56332,0.0,4.35,0.253
2024-02-27 06:00:00+00:00,6.8,72.757645,0.0,5.2,0.253
2024-02-27 07:00:00+00:00,9.35,62.94992,0.0,6.9,0.253
2024-02-27 08:00:00+00:00,10.95,57.5784,0.0,8.85,0.252
2024-02-27 09:00:00+00:00,12.2,53.01384,0.0,10.7,0.252
2024-02-27 10:00:00+00:00,13.05,51.21686,0.0,12.35,0.251
2024-02-27 11:00:00+00:00,13.6,51.006577,0.0,13.55,0.25
2024-02-27 12:00:00+00:00,13.75,50.334194,0.0,14.05,0.25
2024-02-27 13:00:00+00:00,14.7,39.336933,0.0,14.35,0.25
2024-02-27 14:00:00+00:00,14.3,40.95076,0.0,13.95,0.249
2024-02-27 15:00:00+00:00,12.5,50.167572,0.0,13.0,0.249
2024-02-27 16:00:00+00:00,8.35,65.9263,0.0,11.35,0.249
2024-02-27 17:00:00+00:00,7.95,64.44134,0.0,9.85,0.249
2024-02-27 18:00:00+00:00,7.5,63.877758,0.0,8.7,0.249
2024-02-27 19:00:00+00:00,6.15,68.8281,0.0,7.75,0.249
2024-02-27 20:00:00+00:00,5.35,73.27175,0.0,7.05,0.249
2024-02-27 21:00:00+00:00,4.9,75.873825,0.0,6.45,0.249
2024-02-27 22:00:00+00:00,5.85,70.52252,0.0,5.9,0.249
2024-02-27 23:00:00+00:00,4.6,75.549736,0.0,5.45,0.249
2024-02-28 00:00:00+00:00,4.15,77.40602,0.0,5.0,0.25
2024-02-28 01:00:00+00:00,6.15,67.598785,0.0,4.25,0.249
2024-02-28 02:00:00+00:00,5.7,68.98284,0.0,3.95,0.249
2024-02-28 03:00:00+00:00,5.8,68.259995,0.0,3.7,0.249
2024-02-28 04:00:00+00:00,5.6,68.96202,0.0,3.4,0.249
2024-02-28 05:00:00+00:00,3.85,77.91911,0.0,3.3,0.249
2024-02-28 06:00:00+00:00,6.5,71.926865,0.0,4.4,0.249
2024-02-28 07:00:00+00:00,9.55,60.583866,0.0,6.4,0.249
2024-02-28 08:00:00+00:00,11.45,56.695736,0.0,8.65,0.249
2024-02-28 09:00:00+00:00,13.05,52.31258,0.0,10.75,0.248
2024-02-28 10:00:00+00:00,14.25,47.54071,0.0,12.5,0.247
2024-02-28 11:00:00+00:00,14.95,43.70606,0.0,13.85,0.247
2024-02-28 12:00:00+00:00,15.4,40.832367,0.0,14.6,0.246
2024-02-28 13:00:00+00:00,15.85,36.145138,0.0,14.85,0.244
2024-02-28 14:00:00+00:00,15.3,35.21043,0.0,14.45,0.244
2024-02-28 15:00:00+00:00,13.0,53.98184,0.0,13.45,0.244
2024-02-28 16:00:00+00:00,13.25,39.913555,0.0,11.6,0.244
2024-02-28 17:00:00+00:00,8.45,56.52616,0.0,10.1,0.244
2024-02-28 18:00:00+00:00,7.6,58.600216,0.0,9.0,0.244
2024-02-28 19:00:00+00:00,6.65,62.992268,0.0,8.05,0.244
2024-02-28 20:00:00+00:00,6.35,64.77321,0.0,7.35,0.244
2024-02-28 21:00:00+00:00,5.2,71.16,0.0,6.75,0.244
2024-02-28 22:00:00+00:00,4.35,75.23412,0.0,6.15,0.244
2024-02-28 23:00:00+00:00,4.7,72.88687,0.0,5.65,0.244
2024-02-29 00:00:00+00:00,4.9,71.61767,0.0,5.2,0.244
2024-02-29 01:00:00+00:00,3.95,70.91231,0.0,4.1,0.241
2024-02-29 02:00:00+00:00,2.9,76.36218,0.0,3.9,0.241
2024-02-29 03:00:00+00:00,2.75,76.616394,0.0,3.65,0.241
2024-02-29 04:00:00+00:00,3.1,73.65556,0.0,3.4,0.241
2024-02-29 05:00:00+00:00,2.8,78.89325,0.0,3.35,0.241
2024-02-29 06:00:00+00:00,6.45,67.90708,0.0,4.45,0.241
2024-02-29 07:00:00+00:00,9.5,55.388844,0.0,6.45,0.241
2024-02-29 08:00:00+00:00,12.05,46.248207,0.0,8.75,0.241
2024-02-29 09:00:00+00:00,13.85,38.52498,0.0,10.9,0.24
2024-02-29 10:00:00+00:00,15.15,34.407734,0.0,12.75,0.239
2024-02-29 11:00:00+00:00,15.95,31.288553,0.0,14.15,0.238
2024-02-29 12:00:00+00:00,16.2,30.793459,0.0,14.95,0.237
2024-02-29 13:00:00+00:00,16.7,29.611898,0.0,15.4,0.235
2024-02-29 14:00:00+00:00,16.35,30.389242,0.0,15.15,0.235
2024-02-29 15:00:00+00:00,14.8,43.818222,0.0,14.05,0.235
2024-02-29 16:00:00+00:00,14.1,38.59851,0.0,12.1,0.235
2024-02-29 17:00:00+00:00,8.7,55.37735,0.0,10.55,0.235
2024-02-29 18:00:00+00:00,7.75,58.004253,0.0,9.4,0.235
2024-02-29 19:00:00+00:00,6.0,67.079926,0.0,8.4,0.235
2024-02-29 20:00:00+00:00,7.75,57.168358,0.0,7.5,0.235
2024-02-29 21:00:00+00:00,8.2,52.882156,0.0,6.8,0.235
2024-02-29 22:00:00+00:00,5.5,62.261868,0.0,6.2,0.235
2024-02-29 23:00:00+00:00,4.95,63.980938,0.0,5.75,0.235
2024-03-01 00:00:00+00:00,6.65,55.643417,0.0,5.3,0.235
2024-03-01 01:00:00+00:00,3.85,66.11889,0.0,5.75,0.23
2024-03-01 02:00:00+00:00,3.55,69.29054,0.0,5.3,0.23
2024-03-01 03:00:00+00:00,2.75,72.784294,0.0,4.95,0.23
2024-03-01 04:00:00+00:00,2.55,73.01457,0.0,4.6,0.23
2024-03-01 05:00:00+00:00,2.6,73.56303,0.0,4.45,0.23
2024-03-01 06:00:00+00:00,6.5,61.376072,0.0,5.25,0.23
2024-03-01 07:00:00+00:00,10.75,47.571705,0.0,7.15,0.23
2024-03-01 08:00:00+00:00,12.95,40.851006,0.0,9.45,0.23
2024-03-01 09:00:00+00:00,15.0,35.6363,0.0,11.65,0.229
2024-03-01 10:00:00+00:00,16.75,26.528173,0.0,13.45,0.228
2024-03-01 11:00:00+00:00,17.4,24.078276,0.0,14.6,0.227
2024-03-01 12:00:00+00:00,17.4,23.545008,0.0,15.15,0.227
2024-03-01 13:00:00+00:00,16.55,27.470486,0.0,14.65,0.228
2024-03-01 14:00:00+00:00,16.1,28.269028,0.0,14.35,0.227
2024-03-01 15:00:00+00:00,13.8,38.931553,0.0,13.4,0.227
2024-03-01 16:00:00+00:00,11.15,42.915546,0.0,12.0,0.227
2024-03-01 17:00:00+00:00,10.5,46.137993,0.0,11.0,0.227
2024-03-01 18:00:00+00:00,10.5,44.974358,0.0,10.35,0.227
2024-03-01 19:00:00+00:00,10.45,43.6618,0.0,9.95,0.227
2024-03-01 20:00:00+00:00,9.95,44.323345,0.0,9.5,0.227
2024-03-01 21:00:00+00:00,9.45,46.512997,0.0,9.15,0.227
2024-03-01 22:00:00+00:00,8.85,50.421467,0.0,8.75,0.227
2024-03-01 23:00:00+00:00,7.8,57.18131,0.0,8.3,0.227
2024-03-02 00:00:00+00:00,7.0,62.6206,0.0,7.9,0.227
2024-03-02 01:00:00+00:00,4.75,71.58845,0.0,6.95,0.223
2024-03-02 02:00:00+00:00,4.55,73.38831,0.0,6.7,0.223
2024-03-02 03:00:00+00:00,4.4,73.89402,0.0,6.5,0.223
2024-03-02 04:00:00+00:00,4.7,73.15105,0.0,6.45,0.223
2024-03-02 05:00:00+00:00,5.6,68.71308,0.0,6.3,0.223
2024-03-02 06:00:00+00:00,7.6,65.75987,0.0,6.9,0.223
2024-03-02 07:00:00+00:00,10.25,47.256832,0.0,8.4,0.223
2024-03-02 08:00:00+00:00,11.85,39.937874,0.0,10.15,0.223
2024-03-02 09:00:00+00:00,13.3,34.366894,0.0,11.9,0.222
2024-03-02 10:00:00+00:00,14.25,28.90506,0.0,13.4,0.221
2024-03-02 11:00:00+00:00,14.85,30.401556,0.0,14.55,0.22
2024-03-02 12:00:00+00:00,15.25,31.777819,0.0,15.4,0.22
2024-03-02 13:00:00+00:00,15.2,32.11476,0.0,15.65,0.217
2024-03-02 14:00:00+00:00,15.05,31.95338,0.0,15.3,0.217
2024-03-02 15:00:00+00:00,13.6,39.155865,0.0,14.3,0.217
2024-03-02 16:00:00+00:00,9.85,46.119064,0.0,12.6,0.217
2024-03-02 17:00:00+00:00,10.25,49.005444,0.0,11.55,0.217
2024-03-02 18:00:00+00:00,8.75,58.259224,0.0,10.65,0.217
2024-03-02 19:00:00+00:00,7.45,64.7904,0.0,9.8,0.217
2024-03-02 20:00:00+00:00,5.45,76.239655,0.0,8.8,0.217
2024-03-02 21:00:00+00:00,5.35,79.84594,0.0,8.15,0.217
2024-03-02 22:00:00+00:00,4.6,87.79245,0.0,7.5,0.217
2024-03-02 23:00:00+00:00,3.7,91.53962,0.0,6.9,0.217
2024-03-03 00:00:00+00:00,3.3,92.4968,0.0,6.35,0.217
2024-03-03 01:00:00+00:00,5.75,77.93959,0.0,8.55,0.194
2024-03-03 02:00:00+00:00,4.5,85.32251,0.0,7.7,0.194
2024-03-03 03:00:00+00:00,3.7,89.606,0.0,7.0,0.194
2024-03-03 04:00:00+00:00,3.6,90.23896,0.0,6.45,0.194
2024-03-03 05:00:00+00:00,4.7,85.952995,0.0,6.2,0.195
2024-03-03 06:00:00+00:00,6.9,75.94191,0.0,6.95,0.195
2024-03-03 07:00:00+00:00,8.55,68.3503,0.0,8.35,0.195
2024-03-03 08:00:00+00:00,10.05,58.587738,0.0,10.05,0.195
2024-03-03 09:00:00+00:00,11.2,49.272354,0.0,11.75,0.195
2024-03-03 10:00:00+00:00,11.95,45.55759,0.0,13.1,0.194
2024-03-03 11:00:00+00:00,12.35,43.73794,0.1,14.1,0.195
2024-03-03 12:00:00+00:00,12.55,43.011818,0.0,14.65,0.195
2024-03-03 13:00:00+00:00,12.5,38.548145,0.0,14.9,0.191
2024-03-03 14:00:00+00:00,12.25,40.349674,0.0,14.45,0.191
2024-03-03 15:00:00+00:00,11.3,45.700718,0.0,13.45,0.191
2024-03-03 16:00:00+00:00,8.15,68.50913,0.6,11.75,0.197
2024-03-03 17:00:00+00:00,7.3,73.89051,0.1,10.2,0.199
2024-03-03 18:00:00+00:00,6.75,77.54609,0.0,8.85,0.199
2024-03-03 19:00:00+00:00,5.45,87.87083,0.0,7.9,0.199
2024-03-03 20:00:00+00:00,4.3,92.228745,0.0,7.15,0.199
2024-03-03 21:00:00+00:00,3.4,92.502655,0.0,6.5,0.199
2024-03-03 22:00:00+00:00,4.45,85.62132,0.0,5.85,0.199
2024-03-03 23:00:00+00:00,5.45,77.892334,0.0,5.35,0.199
2024-03-04 00:00:00+00:00,5.4,75.68716,0.0,4.8,0.199
2024-03-04 01:00:00+00:00,5.55,72.52255,0.0,6.05,0.191
2024-03-04 02:00:00+00:00,4.85,76.68807,0.0,5.45,0.191
2024-03-04 03:00:00+00:00,4.7,78.61563,0.0,4.95,0.191
2024-03-04 04:00:00+00:00,4.35,80.273895,0.0,4.6,0.192
2024-03-04 05:00:00+00:00,3.4,86.12335,0.0,4.35,0.192
2024-03-04 06:00:00+00:00,5.9,78.519516,0.0,5.4,0.192
2024-03-04 07:00:00+00:00,7.65,71.891266,0.0,7.0,0.192
2024-03-04 08:00:00+00:00,9.15,63.57692,0.0,8.8,0.192
2024-03-04 09:00:00+00:00,10.3,56.197926,0.0,10.55,0.192
2024-03-04 10:00:00+00:00,11.3,51.1011,0.2,11.95,0.193
2024-03-04 11:00:00+00:00,12.1,46.932808,0.1,13.1,0.193
2024-03-04 12:00:00+00:00,12.7,42.745384,0.0,14.0,0.193
2024-03-04 13:00:00+00:00,13.05,37.733513,0.0,14.25,0.194
2024-03-04 14:00:00+00:00,12.75,37.232723,0.0,13.9,0.194
2024-03-04 15:00:00+00:00,11.6,42.579033,0.0,13.0,0.194
2024-03-04 16:00:00+00:00,8.85,53.640263,0.0,11.6,0.194
2024-03-04 17:00:00+00:00,6.8,62.57302,0.0,10.15,0.194
2024-03-04 18:00:00+00:00,6.05,66.12711,0.0,9.0,0.194
2024-03-04 19:00:00+00:00,5.55,68.206985,0.0,8.15,0.194
2024-03-04 20:00:00+00:00,5.25,68.14321,0.0,7.45,0.194
2024-03-04 21:00:00+00:00,3.95,74.08056,0.0,6.8,0.194
2024-03-04 22:00:00+00:00,2.95,79.20364,0.0,6.1,0.194
2024-03-04 23:00:00+00:00,2.5,80.884705,0.0,5.45,0.194
2024-03-05 00:00:00+00:00,2.55,79.72219,0.0,4.9,0.194
2024-03-05 01:00:00+00:00,2.0,81.40679,0.0,4.45,0.193
2024-03-05 02:00:00+00:00,1.9,81.393036,0.0,4.15,0.193
2024-03-05 03:00:00+00:00,1.5,80.447525,0.0,3.8,0.193
2024-03-05 04:00:00+00:00,2.75,70.15219,0.0,3.45,0.193
2024-03-05 05:00:00+00:00,3.3,71.042625,0.0,3.4,0.193
2024-03-05 06:00:00+00:00,7.95,52.045815,0.0,4.7,0.193
2024-03-05 07:00:00+00:00,10.65,44.04151,0.0,6.7,0.193
2024-03-05 08:00:00+00:00,12.85,36.050056,0.0,8.8,0.193
2024-03-05 09:00:00+00:00,14.3,34.9164,0.0,10.75,0.193
2024-03-05 10:00:00+00:00,15.45,31.028961,0.0,12.3,0.192
2024-03-05 11:00:00+00:00,15.6,33.67283,0.0,13.4,0.192
2024-03-05 12:00:00+00:00,14.5,36.40478,0.0,13.35,0.191
2024-03-05 13:00:00+00:00,13.25,44.15667,0.1,12.0,0.197
2024-03-05 14:00:00+00:00,11.15,61.401333,0.2,11.25,0.199
2024-03-05 15:00:00+00:00,10.8,65.312645,0.0,10.75,0.199
2024-03-05 16:00:00+00:00,10.65,58.32358,0.3,10.15,0.201
2024-03-05 17:00:00+00:00,7.05,82.65987,1.5,8.95,0.219
2024-03-05 18:00:00+00:00,5.7,86.36151,0.2,8.0,0.221
2024-03-05 19:00:00+00:00,5.1,93.25336,0.1,7.3,0.222
2024-03-05 20:00:00+00:00,5.4,86.94209,0.0,6.75,0.223
2024-03-05 21:00:00+00:00,5.0,90.98206,0.1,6.35,0.223
2024-03-05 22:00:00+00:00,4.85,91.61475,0.0,6.1,0.223
2024-03-05 23:00:00+00:00,4.0,93.85664,0.0,5.75,0.223
2024-03-06 00:00:00+00:00,4.9,87.82018,0.0,5.15,0.223
2024-03-06 01:00:00+00:00,3.2,93.1523,0.0,5.3,0.223
2024-03-06 02:00:00+00:00,3.9,90.26152,0.0,4.75,0.223
2024-03-06 03:00:00+00:00,3.55,93.50246,0.1,4.4,0.225
2024-03-06 04:00:00+00:00,3.5,91.852776,0.0,3.95,0.225
2024-03-06 05:00:00+00:00,3.7,92.84914,0.0,3.85,0.225
2024-03-06 06:00:00+00:00,5.0,89.07868,0.0,4.7,0.225
2024-03-06 07:00:00+00:00,6.15,82.5454,0.0,6.05,0.225
2024-03-06 08:00:00+00:00,7.6,68.63817,0.2,7.45,0.227
2024-03-06 09:00:00+00:00,8.85,57.659286,0.3,8.85,0.229
2024-03-06 10:00:00+00:00,9.4,50.944016,0.1,9.9,0.23
2024-03-06 11:00:00+00:00,9.65,54.050148,0.5,10.5,0.233
2024-03-06 12:00:00+00:00,9.65,52.893085,0.3,10.8,0.235
2024-03-06 13:00:00+00:00,8.7,61.027893,0.3,11.1,0.238
2024-03-06 14:00:00+00:00,8.35,55.687187,0.0,10.85,0.238
2024-03-06 15:00:00+00:00,7.05,60.185986,0.0,10.05,0.238
2024-03-06 16:00:00+00:00,5.4,66.949005,0.0,8.9,0.238
2024-03-06 17:00:00+00:00,4.35,70.73394,0.0,7.85,0.238
2024-03-06 18:00:00+00:00,3.4,74.79446,0.0,6.95,0.238
2024-03-06 19:00:00+00:00,2.35,80.56941,0.0,6.1,0.238
2024-03-06 20:00:00+00:00,1.55,85.92735,0.0,5.35,0.238
2024-03-06 21:00:00+00:00,0.9,89.05321,0.0,4.7,0.238
2024-03-06 22:00:00+00:00,0.5,90.00109,0.0,4.15,0.238
2024-03-06 23:00:00+00:00,-0.25,91.27388,0.0,3.65,0.238
2024-03-07 00:00:00+00:00,-1.05,92.91797,0.0,3.15,0.238
2024-03-07 01:00:00+00:00,-0.5,95.01643,0.0,4.05,0.249
2024-03-07 02:00:00+00:00,-1.1,96.399826,0.0,3.4,0.249
2024-03-07 03:00:00+00:00,-1.2,96.39691,0.0,2.9,0.249
2024-03-07 04:00:00+00:00,-0.9,96.40568,0.0,2.6,0.249
2024-03-07 05:00:00+00:00,0.4,96.79386,0.0,2.55,0.249
2024-03-07 06:00:00+00:00,2.25,86.940865,0.0,3.5,0.249
2024-03-07 07:00:00+00:00,3.8,72.45246,0.1,4.85,0.249
2024-03-07 08:00:00+00:00,4.8,65.84778,0.1,5.95,0.25
2024-03-07 09:00:00+00:00,5.5,61.356125,0.0,6.85,0.25
2024-03-07 10:00:00+00:00,6.3,57.209427,0.0,7.8,0.249
2024-03-07 11:00:00+00:00,7.3,51.48501,0.0,8.85,0.249
2024-03-07 12:00:00+00:00,8.2,46.840202,0.0,9.7,0.248
2024-03-07 13:00:00+00:00,8.55,47.9911,0.0,9.65,0.251
2024-03-07 14:00:00+00:00,8.55,45.911884,0.0,9.5,0.251
2024-03-07 15:00:00+00:00,8.2,48.24568,0.0,9.1,0.251
2024-03-07 16:00:00+00:00,3.95,66.141304,0.0,7.7,0.251
2024-03-07 17:00:00+00:00,2.95,70.97281,0.0,6.45,0.251
2024-03-07 18:00:00+00:00,1.75,76.73038,0.0,5.45,0.251
2024-03-07 19:00:00+00:00,1.3,77.50931,0.0,4.65,0.25
2024-03-07 20:00:00+00:00,0.6,79.7251,0.0,3.9,0.25
2024-03-07 21:00:00+00:00,2.15,69.76985,0.0,3.3,0.25
2024-03-07 22:00:00+00:00,3.1,64.02023,0.0,2.8,0.25
2024-03-07 23:00:00+00:00,3.05,63.297634,0.0,2.35,0.25
2024-03-08 00:00:00+00:00,2.95,63.03829,0.0,1.95,0.25
2024-03-08 01:00:00+00:00,-0.05,75.29101,0.0,2.0,0.252
2024-03-08 02:00:00+00:00,-0.05,74.72892,0.0,1.65,0.252
2024-03-08 03:00:00+00:00,0.3,73.131485,0.0,1.45,0.252
2024-03-08 04:00:00+00:00,0.95,69.781105,0.0,1.35,0.252
2024-03-08 05:00:00+00:00,1.35,73.876205,0.0,1.5,0.252
2024-03-08 06:00:00+00:00,4.0,62.128395,0.0,2.7,0.252
2024-03-08 07:00:00+00:00,6.0,54.25285,0.0,4.55,0.252
2024-03-08 08:00:00+00:00,8.2,49.142998,0.0,6.65,0.251
2024-03-08 09:00:00+00:00,10.1,42.764626,0.0,8.6,0.25
2024-03-08 10:00:00+00:00,11.2,38.875004,0.0,10.2,0.249
2024-03-08 11:00:00+00:00,11.55,36.876522,0.0,11.1,0.249
2024-03-08 12:00:00+00:00,11.65,35.56124,0.0,11.5,0.248
2024-03-08 13:00:00+00:00,11.15,36.484806,0.0,11.65,0.253
2024-03-08 14:00:00+00:00,11.4,35.61932,0.0,11.5,0.253
2024-03-08 15:00:00+00:00,10.55,41.042877,0.0,10.7,0.252
2024-03-08 16:00:00+00:00,5.3,81.56222,0.1,9.35,0.253
2024-03-08 17:00:00+00:00,5.1,83.887665,0.0,8.15,0.253
2024-03-08 18:00:00+00:00,4.3,94.53526,1.1,7.05,0.262
2024-03-08 19:00:00+00:00,4.0,96.20485,0.4,6.1,0.268
2024-03-08 20:00:00+00:00,3.55,98.59983,0.0,5.45,0.269
2024-03-08 21:00:00+00:00,2.95,98.94312,0.0,4.8,0.269
2024-03-08 22:00:00+00:00,3.25,98.24828,0.2,4.6,0.272
2024-03-08 23:00:00+00:00,3.1,98.24617,0.1,4.5,0.273
2024-03-09 00:00:00+00:00,2.4,98.236244,0.0,4.25,0.274
2024-03-09 01:00:00+00:00,2.0,96.1438,0.0,4.3,0.278
2024-03-09 02:00:00+00:00,1.5,97.170815,0.0,3.65,0.278
2024-03-09 03:00:00+00:00,1.15,97.86534,0.0,3.25,0.278
2024-03-09 04:00:00+00:00,1.2,97.51452,0.0,3.05,0.278
2024-03-09 05:00:00+00:00,1.35,96.12363,0.0,3.0,0.278
2024-03-09 06:00:00+00:00,2.25,89.16698,0.0,3.45,0.278
2024-03-09 07:00:00+00:00,3.95,74.62063,0.0,4.55,0.278
2024-03-09 08:00:00+00:00,5.25,65.23124,0.1,5.65,0.278
2024-03-09 09:00:00+00:00,5.8,62.10673,0.6,6.7,0.28
2024-03-09 10:00:00+00:00,6.05,63.079315,1.2,7.4,0.285
2024-03-09 11:00:00+00:00,6.7,57.7344,0.6,7.9,0.29
2024-03-09 12:00:00+00:00,6.7,60.318233,0.6,7.95,0.295
2024-03-09 13:00:00+00:00,7.35,50.37098,0.0,9.0,0.295
2024-03-09 14:00:00+00:00,6.85,50.416737,0.0,8.6,0.295
2024-03-09 15:00:00+00:00,6.25,52.15181,0.0,7.95,0.296
2024-03-09 16:00:00+00:00,5.5,57.4233,0.1,7.15,0.296
2024-03-09 17:00:00+00:00,4.4,68.710594,0.2,6.3,0.298
2024-03-09 18:00:00+00:00,3.9,73.53472,0.0,5.65,0.298
2024-03-09 19:00:00+00:00,3.5,71.08241,0.0,5.15,0.297
2024-03-09 20:00:00+00:00,2.85,70.17263,0.0,4.65,0.297
2024-03-09 21:00:00+00:00,1.85,73.15225,0.0,4.15,0.297
2024-03-09 22:00:00+00:00,1.1,76.05564,0.0,3.65,0.296
2024-03-09 23:00:00+00:00,0.25,79.96903,0.0,3.1,0.296
2024-03-10 00:00:00+00:00,-0.65,83.8006,0.0,2.55,0.295
2024-03-10 01:00:00+00:00,-1.9,82.70779,0.0,1.65,0.288
2024-03-10 02:00:00+00:00,-2.4,83.583595,0.0,1.15,0.288
2024-03-10 03:00:00+00:00,-2.5,84.20444,0.0,0.85,0.288
2024-03-10 04:00:00+00:00,-2.9,86.08718,0.0,0.75,0.287
2024-03-10 05:00:00+00:00,-1.0,81.59606,0.0,0.75,0.287
2024-03-10 06:00:00+00:00,2.1,69.75951,0.0,1.45,0.286
2024-03-10 07:00:00+00:00,3.8,62.310574,0.0,3.5,0.286
2024-03-10 08:00:00+00:00,5.45,55.11815,0.0,5.65,0.285
2024-03-10 09:00:00+00:00,6.8,49.475094,0.0,7.65,0.284
2024-03-10 10:00:00+00:00,7.85,44.034725,0.0,9.15,0.283
2024-03-10 11:00:00+00:00,8.55,41.52334,0.0,10.3,0.282
2024-03-10 12:00:00+00:00,8.85,40.689808,0.0,11.0,0.281
2024-03-10 13:00:00+00:00,8.95,40.11466,0.0,11.35,0.283
2024-03-10 14:00:00+00:00,8.65,40.17553,0.0,11.0,0.282
2024-03-10 15:00:00+00:00,8.1,41.38926,0.0,10.0,0.282
2024-03-10 16:00:00+00:00,6.75,45.728115,0.0,8.25,0.282
2024-03-10 17:00:00+00:00,2.75,63.6998,0.0,6.7,0.281
2024-03-10 18:00:00+00:00,5.6,47.675617,0.0,5.6,0.281
2024-03-10 19:00:00+00:00,3.6,55.44665,0.0,4.7,0.281
2024-03-10 20:00:00+00:00,2.8,58.23038,0.0,3.85,0.281
2024-03-10 21:00:00+00:00,1.85,62.53756,0.0,3.2,0.281
2024-03-10 22:00:00+00:00,0.6,68.1522,0.0,2.65,0.28
2024-03-10 23:00:00+00:00,0.6,66.87917,0.0,2.2,0.28
2024-03-11 00:00:00+00:00,0.9,65.44862,0.0,1.8,0.28
2024-03-11 01:00:00+00:00,-1.1,75.67329,0.0,1.4,0.281
2024-03-11 02:00:00+00:00,-1.15,76.23794,0.0,1.05,0.281
2024-03-11 03:00:00+00:00,-1.3,77.37164,0.0,0.9,0.281
2024-03-11 04:00:00+00:00,-1.3,78.54687,0.0,0.8,0.28
2024-03-11 05:00:00+00:00,1.25,70.10485,0.0,0.85,0.28
2024-03-11 06:00:00+00:00,4.15,60.12493,0.0,2.0,0.28
2024-03-11 07:00:00+00:00,6.55,52.428745,0.0,4.0,0.279
2024-03-11 08:00:00+00:00,8.6,46.096558,0.0,6.1,0.278
2024-03-11 09:00:00+00:00,10.4,40.396393,0.0,8.15,0.277
2024-03-11 10:00:00+00:00,11.75,37.348217,0.0,10.0,0.276
2024-03-11 11:00:00+00:00,12.65,35.858273,0.0,11.4,0.274
2024-03-11 12:00:00+00:00,13.3,35.135178,0.0,12.4,0.273
2024-03-11 13:00:00+00:00,13.9,34.798496,0.0,12.8,0.273
2024-03-11 14:00:00+00:00,13.75,35.26813,0.0,12.7,0.272
2024-03-11 15:00:00+00:00,12.05,59.919327,0.0,11.9,0.272
2024-03-11 16:00:00+00:00,11.85,41.124714,0.0,10.15,0.272
2024-03-11 17:00:00+00:00,7.6,55.488777,0.0,8.6,0.271
2024-03-11 18:00:00+00:00,6.15,60.84492,0.0,7.4,0.271
2024-03-11 19:00:00+00:00,5.5,63.410713,0.0,6.6,0.271
2024-03-11 20:00:00+00:00,5.0,63.52524,0.0,5.85,0.271
2024-03-11 21:00:00+00:00,7.4,50.571472,0.0,5.15,0.271
2024-03-11 22:00:00+00:00,5.9,55.23892,0.0,4.6,0.27
2024-03-11 23:00:00+00:00,6.4,52.972645,0.0,4.1,0.27
2024-03-12 00:00:00+00:00,7.0,50.086346,0.0,3.75,0.27
2024-03-12 01:00:00+00:00,4.2,62.176895,0.0,4.3,0.265
2024-03-12 02:00:00+00:00,2.5,69.84218,0.0,3.8,0.265
2024-03-12 03:00:00+00:00,2.15,73.479355,0.0,3.5,0.265
2024-03-12 04:00:00+00:00,2.15,74.29665,0.0,3.3,0.265
2024-03-12 05:00:00+00:00,3.05,71.77979,0.0,3.45,0.265
2024-03-12 06:00:00+00:00,6.8,60.78328,0.0,4.55,0.264
2024-03-12 07:00:00+00:00,10.0,45.49137,0.0,6.65,0.264
2024-03-12 08:00:00+00:00,12.7,38.32578,0.0,8.85,0.263
2024-03-12 09:00:00+00:00,14.75,33.66925,0.0,10.85,0.262
2024-03-12 10:00:00+00:00,16.0,32.822586,0.0,12.6,0.261
2024-03-12 11:00:00+00:00,16.85,29.872593,0.0,14.0,0.259
2024-03-12 12:00:00+00:00,17.55,26.26528,0.0,14.95,0.258
2024-03-12 13:00:00+00:00,18.45,21.712925,0.0,15.2,0.257
2024-03-12 14:00:00+00:00,18.05,25.545353,0.0,15.05,0.256
2024-03-12 15:00:00+00:00,15.65,46.773586,0.0,14.25,0.256
2024-03-12 16:00:00+00:00,13.65,35.36813,0.0,12.7,0.256
2024-03-12 17:00:00+00:00,13.0,36.898678,0.0,11.65,0.255
2024-03-12 18:00:00+00:00,12.0,39.690304,0.0,10.7,0.255
2024-03-12 19:00:00+00:00,10.75,38.741196,0.0,9.95,0.255
2024-03-12 20:00:00+00:00,9.85,40.987263,0.0,9.3,0.255
2024-03-12 21:00:00+00:00,8.35,46.366096,0.0,8.65,0.255
2024-03-12 22:00:00+00:00,7.55,47.00033,0.0,8.05,0.255
2024-03-12 23:00:00+00:00,7.3,46.927902,0.0,7.6,0.255
2024-03-13 00:00:00+00:00,6.9,47.872482,0.0,7.25,0.254
2024-03-13 01:00:00+00:00,7.45,46.276714,0.0,8.6,0.256
2024-03-13 02:00:00+00:00,7.1,46.002357,0.0,8.0,0.256
2024-03-13 03:00:00+00:00,6.9,44.921318,0.0,7.6,0.256
2024-03-13 04:00:00+00:00,6.9,42.7748,0.0,7.35,0.256
2024-03-13 05:00:00+00:00,7.05,48.453804,0.0,7.2,0.256
2024-03-13 06:00:00+00:00,8.9,41.939075,0.0,7.85,0.255
2024-03-13 07:00:00+00:00,9.65,37.277752,0.0,8.7,0.255
2024-03-13 08:00:00+00:00,11.35,30.749844,0.0,10.1,0.255
2024-03-13 09:00:00+00:00,11.6,31.53003,0.0,11.0,0.254
2024-03-13 10:00:00+00:00,12.55,31.810518,0.1,11.8,0.255
2024-03-13 11:00:00+00:00,13.4,32.9044,0.0,12.75,0.254
2024-03-13 12:00:00+00:00,13.1,36.65845,0.0,13.15,0.253
2024-03-13 13:00:00+00:00,7.85,62.14844,1.5,10.6,0.275
2024-03-13 14:00:00+00:00,8.3,72.0151,0.5,9.9,0.281
2024-03-13 15:00:00+00:00,7.6,82.44139,0.7,9.0,0.29
2024-03-13 16:00:00+00:00,7.05,88.63011,0.1,8.4,0.291
2024-03-13 17:00:00+00:00,6.35,91.39275,0.6,7.75,0.298
2024-03-13 18:00:00+00:00,5.5,92.62433,3.4,7.2,0.34
2024-03-13 19:00:00+00:00,5.15,91.63419,2.4,6.8,0.368
2024-03-13 20:00:00+00:00,5.2,90.04122,1.3,6.35,0.38
2024-03-13 21:00:00+00:00,5.15,87.53369,0.1,6.05,0.375
2024-03-13 22:00:00+00:00,5.05,90.029755,0.0,5.85,0.37
2024-03-13 23:00:00+00:00,4.4,92.56096,0.0,5.55,0.365
2024-03-14 00:00:00+00:00,4.25,90.287766,0.0,5.0,0.361
2024-03-14 01:00:00+00:00,2.2,92.1002,0.0,5.65,0.301
2024-03-14 02:00:00+00:00,2.75,86.99052,0.0,4.85,0.3
2024-03-14 03:00:00+00:00,1.75,88.8028,0.0,4.15,0.299
2024-03-14 04:00:00+00:00,2.0,86.60142,0.0,3.6,0.299
2024-03-14 05:00:00+00:00,2.95,85.45814,0.0,3.6,0.298
2024-03-14 06:00:00+00:00,5.1,80.09484,0.0,4.85,0.297
2024-03-14 07:00:00+00:00,7.05,74.107735,0.0,6.65,0.296
2024-03-14 08:00:00+00:00,8.8,65.79204,0.0,8.6,0.296
2024-03-14 09:00:00+00:00,10.0,60.050957,0.1,10.45,0.295
2024-03-14 10:00:00+00:00,11.0,54.023727,0.1,11.9,0.294
2024-03-14 11:00:00+00:00,11.3,52.02313,0.0,12.85,0.292
2024-03-14 12:00:00+00:00,11.35,50.387783,0.0,13.2,0.291
2024-03-14 13:00:00+00:00,10.65,49.653133,0.6,12.3,0.297
2024-03-14 14:00:00+00:00,10.95,45.269264,0.0,12.1,0.296
2024-03-14 15:00:00+00:00,10.4,46.616108,0.0,11.5,0.295
2024-03-14 16:00:00+00:00,9.2,52.19962,0.0,10.05,0.294
2024-03-14 17:00:00+00:00,6.55,64.35184,0.0,8.6,0.294
2024-03-14 18:00:00+00:00,4.8,73.43452,0.0,7.5,0.293
2024-03-14 19:00:00+00:00,4.35,76.054085,0.0,6.8,0.293
2024-03-14 20:00:00+00:00,3.55,79.29405,0.0,6.25,0.292
2024-03-14 21:00:00+00:00,2.55,83.88241,0.0,5.6,0.292
2024-03-14 22:00:00+00:00,2.25,84.15116,0.0,5.05,0.291
2024-03-14 23:00:00+00:00,2.3,81.745125,0.0,4.55,0.291
2024-03-15 00:00:00+00:00,2.25,80.8495,0.0,4.1,0.29
2024-03-15 01:00:00+00:00,2.55,78.281364,0.0,4.4,0.282
2024-03-15 02:00:00+00:00,3.85,71.15186,0.0,3.9,0.282
2024-03-15 03:00:00+00:00,3.7,71.382675,0.0,3.5,0.281
2024-03-15 04:00:00+00:00,3.15,73.395676,0.0,3.1,0.281
2024-03-15 05:00:00+00:00,3.0,77.21912,0.0,3.35,0.281
2024-03-15 06:00:00+00:00,5.65,67.98171,0.0,4.7,0.28
2024-03-15 07:00:00+00:00,7.65,60.771744,0.0,6.6,0.28
2024-03-15 08:00:00+00:00,9.25,55.923836,0.0,8.6,0.279
2024-03-15 09:00:00+00:00,10.6,51.4606,0.0,10.55,0.277
2024-03-15 10:00:00+00:00,11.5,48.47764,0.0,12.15,0.276
2024-03-15 11:00:00+00:00,12.15,45.615055,0.0,13.2,0.275
2024-03-15 12:00:00+00:00,12.3,42.32046,0.0,13.75,0.274
2024-03-15 13:00:00+00:00,10.15,51.895306,0.5,12.7,0.282
2024-03-15 14:00:00+00:00,8.7,64.6122,0.1,11.75,0.282
2024-03-15 15:00:00+00:00,8.25,65.2037,0.0,10.85,0.282
2024-03-15 16:00:00+00:00,6.45,75.328545,0.0,9.7,0.281
2024-03-15 17:00:00+00:00,4.4,88.399216,0.0,8.4,0.281
2024-03-15 18:00:00+00:00,3.55,91.52975,0.0,7.35,0.281
2024-03-15 19:00:00+00:00,3.15,91.50334,0.0,6.5,0.281
2024-03-15 20:00:00+00:00,3.1,90.52434,0.0,5.85,0.28
2024-03-15 21:00:00+00:00,2.05,92.75593,0.0,5.25,0.28
2024-03-15 22:00:00+00:00,1.25,94.40165,0.0,4.7,0.28
2024-03-15 23:00:00+00:00,1.05,95.07804,0.0,4.3,0.279
2024-03-16 00:00:00+00:00,1.05,96.11428,0.0,3.95,0.279
2024-03-16 01:00:00+00:00,2.1,95.119125,1.4,5.45,0.3
2024-03-16 02:00:00+00:00,2.4,94.11512,0.0,4.7,0.3
2024-03-16 03:00:00+00:00,2.05,94.43716,0.0,3.8,0.3
2024-03-16 04:00:00+00:00,2.15,91.76641,0.0,3.1,0.3
2024-03-16 05:00:00+00:00,2.25,91.77286,0.0,3.05,0.299
2024-03-16 06:00:00+00:00,4.2,87.44365,0.0,4.35,0.299
2024-03-16 07:00:00+00:00,5.95,75.781006,0.0,6.1,0.298
2024-03-16 08:00:00+00:00,6.95,67.770065,0.1,7.75,0.299
2024-03-16 09:00:00+00:00,8.0,58.489773,0.1,9.15,0.3
2024-03-16 10:00:00+00:00,9.0,51.57885,0.2,10.4,0.301
2024-03-16 11:00:00+00:00,9.7,49.207195,0.1,11.35,0.301
2024-03-16 12:00:00+00:00,10.35,45.592697,0.0,12.15,0.301
2024-03-16 13:00:00+00:00,10.45,43.34253,0.0,12.5,0.293
2024-03-16 14:00:00+00:00,10.1,43.880867,0.0,12.3,0.292
2024-03-16 15:00:00+00:00,9.45,47.027557,0.0,11.45,0.291
2024-03-16 16:00:00+00:00,6.05,65.64989,0.0,10.0,0.291
2024-03-16 17:00:00+00:00,5.45,66.23388,0.0,8.6,0.29
2024-03-16 18:00:00+00:00,4.8,64.18093,0.0,7.6,0.29
2024-03-16 19:00:00+00:00,3.85,67.09943,0.0,6.75,0.29
2024-03-16 20:00:00+00:00,3.15,70.752235,0.0,6.05,0.289
2024-03-16 21:00:00+00:00,2.5,74.633766,0.0,5.4,0.289
2024-03-16 22:00:00+00:00,2.05,77.63096,0.0,4.9,0.288
2024-03-16 23:00:00+00:00,1.55,80.75044,0.0,4.45,0.288
2024-03-17 00:00:00+00:00,1.0,84.61968,0.0,4.05,0.288
2024-03-17 01:00:00+00:00,0.85,81.84869,0.0,4.55,0.289
2024-03-17 02:00:00+00:00,2.3,73.23687,0.0,3.9,0.288
2024-03-17 03:00:00+00:00,2.4,72.45011,0.0,3.4,0.288
2024-03-17 04:00:00+00:00,-0.05,84.80969,0.0,3.0,0.288
2024-03-17 05:00:00+00:00,1.8,80.49067,0.0,3.15,0.287
2024-03-17 06:00:00+00:00,4.7,70.54718,0.0,4.45,0.287
2024-03-17 07:00:00+00:00,6.8,63.02769,0.0,6.4,0.286
2024-03-17 08:00:00+00:00,8.65,55.96828,0.0,8.6,0.285
2024-03-17 09:00:00+00:00,10.0,50.55854,0.0,10.65,0.284
2024-03-17 10:00:00+00:00,11.4,43.46151,0.0,12.4,0.282
2024-03-17 11:00:00+00:00,11.9,42.04992,0.1,13.4,0.281
2024-03-17 12:00:00+00:00,12.1,40.158344,0.1,13.7,0.281
2024-03-17 13:00:00+00:00,12.55,35.433678,0.0,13.7,0.28
2024-03-17 14:00:00+00:00,12.0,36.737762,0.0,13.2,0.279
2024-03-17 15:00:00+00:00,11.0,39.686214,0.0,12.25,0.279
2024-03-17 16:00:00+00:00,9.4,47.532852,0.0,11.2,0.278
2024-03-17 17:00:00+00:00,7.85,52.980038,0.0,9.95,0.278
2024-03-17 18:00:00+00:00,7.05,53.543556,0.0,9.0,0.278
2024-03-17 19:00:00+00:00,6.5,54.79066,0.0,8.2,0.277
2024-03-17 20:00:00+00:00,5.65,57.887737,0.0,7.5,0.277
2024-03-17 21:00:00+00:00,4.25,64.526276,0.0,6.75,0.277
2024-03-17 22:00:00+00:00,3.55,67.529366,0.0,6.2,0.277
2024-03-17 23:00:00+00:00,3.0,69.68777,0.0,5.75,0.276
2024-03-18 00:00:00+00:00,2.4,73.25562,0.0,5.3,0.276
2024-03-18 01:00:00+00:00,1.8,78.73926,0.0,5.85,0.27
2024-03-18 02:00:00+00:00,1.35,81.91611,0.0,5.25,0.269
2024-03-18 03:00:00+00:00,0.9,86.80538,0.0,4.75,0.269
2024-03-18 04:00:00+00:00,0.65,89.68479,0.0,4.35,0.269
2024-03-18 05:00:00+00:00,2.25,83.542114,0.0,4.4,0.269
2024-03-18 06:00:00+00:00,5.4,72.233536,0.0,5.55,0.269
2024-03-18 07:00:00+00:00,7.7,61.666878,0.0,7.4,0.268
2024-03-18 08:00:00+00:00,9.6,53.26278,0.0,9.45,0.267
2024-03-18 09:00:00+00:00,11.05,45.463158,0.0,11.35,0.266
2024-03-18 10:00:00+00:00,12.2,37.206615,0.0,12.95,0.265
2024-03-18 11:00:00+00:00,13.25,29.600435,0.0,14.1,0.264
2024-03-18 12:00:00+00:00,13.6,28.501894,0.0,14.75,0.262
2024-03-18 13:00:00+00:00,13.8,24.453966,0.0,14.95,0.26
2024-03-18 14:00:00+00:00,13.3,24.784338,0.0,14.6,0.259
2024-03-18 15:00:00+00:00,12.05,29.361301,0.0,13.6,0.259
2024-03-18 16:00:00+00:00,8.95,39.81518,0.0,12.05,0.258
2024-03-18 17:00:00+00:00,6.8,47.487656,0.0,10.35,0.258
2024-03-18 18:00:00+00:00,7.0,49.34836,0.0,9.2,0.258
2024-03-18 19:00:00+00:00,6.45,57.458805,0.0,8.4,0.258
2024-03-18 20:00:00+00:00,5.1,65.9151,0.0,7.7,0.258
2024-03-18 21:00:00+00:00,4.6,71.819275,0.0,7.05,0.258
2024-03-18 22:00:00+00:00,3.7,78.74532,0.0,6.45,0.257
2024-03-18 23:00:00+00:00,3.1,82.74521,0.0,5.9,0.257
2024-03-19 00:00:00+00:00,2.8,84.521255,0.0,5.45,0.257
2024-03-19 01:00:00+00:00,2.2,88.841606,0.0,6.3,0.252
2024-03-19 02:00:00+00:00,1.15,92.034744,0.0,5.55,0.252
2024-03-19 03:00:00+00:00,0.45,93.00201,0.0,4.85,0.252
2024-03-19 04:00:00+00:00,-0.15,94.33869,0.0,4.25,0.252
2024-03-19 05:00:00+00:00,2.45,88.54349,0.0,4.35,0.252
2024-03-19 06:00:00+00:00,5.35,75.13778,0.0,5.7,0.252
2024-03-19 07:00:00+00:00,7.25,66.39239,0.0,7.55,0.251
2024-03-19 08:00:00+00:00,9.05,54.67435,0.0,9.55,0.251
2024-03-19 09:00:00+00:00,10.45,47.142273,0.0,11.45,0.25
2024-03-19 10:00:00+00:00,11.5,41.32329,0.0,13.0,0.249
2024-03-19 11:00:00+00:00,12.1,35.562965,0.0,14.15,0.247
2024-03-19 12:00:00+00:00,12.5,29.716244,0.0,14.8,0.246
2024-03-19 13:00:00+00:00,13.05,27.811964,0.0,14.95,0.243
2024-03-19 14:00:00+00:00,12.9,25.34296,0.0,14.6,0.242
2024-03-19 15:00:00+00:00,11.95,23.93654,0.0,13.65,0.242
2024-03-19 16:00:00+00:00,7.5,38.055782,0.0,11.85,0.241
2024-03-19 17:00:00+00:00,6.25,40.215923,0.0,10.05,0.241
2024-03-19 18:00:00+00:00,5.5,44.170372,0.0,8.7,0.241
2024-03-19 19:00:00+00:00,6.45,46.68084,0.0,8.0,0.241
2024-03-19 20:00:00+00:00,5.55,54.73725,0.0,7.55,0.241
2024-03-19 21:00:00+00:00,5.0,59.015575,0.0,7.1,0.241
2024-03-19 22:00:00+00:00,4.6,61.588326,0.0,6.7,0.241
2024-03-19 23:00:00+00:00,4.1,64.49153,0.0,6.35,0.241
2024-03-20 00:00:00+00:00,3.3,68.98399,0.0,5.9,0.241
2024-03-20 01:00:00+00:00,3.25,71.5559,0.0,6.45,0.239
2024-03-20 02:00:00+00:00,2.85,73.8798,0.0,6.0,0.238
2024-03-20 03:00:00+00:00,2.3,76.540924,0.0,5.6,0.238
2024-03-20 04:00:00+00:00,2.15,77.07956,0.0,5.3,0.238
2024-03-20 05:00:00+00:00,3.45,70.81241,0.0,5.4,0.238
2024-03-20 06:00:00+00:00,5.85,61.89233,0.0,6.2,0.238
2024-03-20 07:00:00+00:00,8.0,50.368004,0.0,7.55,0.238
2024-03-20 08:00:00+00:00,9.95,43.195847,0.0,9.5,0.237
2024-03-20 09:00:00+00:00,11.65,39.441513,0.0,11.65,0.236
2024-03-20 10:00:00+00:00,12.95,34.13682,0.0,13.6,0.236
2024-03-20 11:00:00+00:00,13.55,31.397123,0.1,15.0,0.235
2024-03-20 12:00:00+00:00,13.55,29.799168,0.0,15.55,0.235
2024-03-20 13:00:00+00:00,12.7,31.854736,0.0,14.25,0.233
2024-03-20 14:00:00+00:00,12.1,34.90905,0.0,13.7,0.232
2024-03-20 15:00:00+00:00,10.0,46.33147,0.0,12.55,0.232
2024-03-20 16:00:00+00:00,6.95,84.10637,0.9,10.85,0.242
2024-03-20 17:00:00+00:00,6.3,86.72594,1.0,9.25,0.255
2024-03-20 18:00:00+00:00,5.6,89.75631,0.5,8.2,0.26
2024-03-20 19:00:00+00:00,5.25,90.6803,1.3,7.45,0.278
2024-03-20 20:00:00+00:00,4.65,91.60175,0.6,6.9,0.286
2024-03-20 21:00:00+00:00,3.1,95.49664,0.5,6.3,0.292
2024-03-20 22:00:00+00:00,1.75,99.643135,0.7,5.65,0.3
2024-03-20 23:00:00+00:00,1.25,100.0,0.8,5.1,0.305
2024-03-21 00:00:00+00:00,1.15,97.513504,0.6,4.6,0.307
2024-03-21 01:00:00+00:00,1.1,94.05408,1.0,4.35,0.329
2024-03-21 02:00:00+00:00,0.75,94.03748,0.6,3.9,0.329
2024-03-21 03:00:00+00:00,0.55,93.68674,0.4,3.6,0.328
2024-03-21 04:00:00+00:00,0.45,93.6817,0.5,3.35,0.327
2024-03-21 05:00:00+00:00,0.4,91.9875,0.4,3.25,0.327
2024-03-21 06:00:00+00:00,0.85,86.80032,0.2,3.5,0.326
2024-03-21 07:00:00+00:00,1.15,84.01949,0.1,3.8,0.325
2024-03-21 08:00:00+00:00,2.15,75.12201,0.1,4.6,0.325
2024-03-21 09:00:00+00:00,3.05,66.67597,0.1,5.45,0.326
2024-03-21 10:00:00+00:00,5.0,52.981125,0.0,6.9,0.326
2024-03-21 11:00:00+00:00,6.25,45.753468,0.0,8.05,0.327
2024-03-21 12:00:00+00:00,6.85,41.64219,0.0,8.75,0.328
2024-03-21 13:00:00+00:00,6.35,43.098206,0.0,9.0,0.328
2024-03-21 14:00:00+00:00,6.5,39.228443,0.0,8.8,0.327
2024-03-21 15:00:00+00:00,6.0,39.227497,0.0,8.25,0.327
2024-03-21 16:00:00+00:00,4.6,43.734127,0.0,7.35,0.326
2024-03-21 17:00:00+00:00,3.0,50.656094,0.0,6.25,0.325
2024-03-21 18:00:00+00:00,2.25,56.351765,0.0,5.45,0.324
2024-03-21 19:00:00+00:00,1.45,61.73602,0.0,4.8,0.323
2024-03-21 20:00:00+00:00,-0.15,70.87732,0.0,4.0,0.322
2024-03-21 21:00:00+00:00,-0.85,73.74371,0.0,3.25,0.321
2024-03-21 22:00:00+00:00,-0.1,67.9999,0.0,2.6,0.32
2024-03-21 23:00:00+00:00,0.25,65.54684,0.0,2.1,0.319
2024-03-22 00:00:00+00:00,0.0,66.744774,0.0,1.75,0.317
2024-03-22 01:00:00+00:00,-1.45,74.75714,0.0,1.75,0.316
2024-03-22 02:00:00+00:00,-2.35,81.10105,0.0,1.45,0.315
2024-03-22 03:00:00+00:00,-2.2,81.73766,2.1,1.3,0.314
2024-03-22 04:00:00+00:00,-1.4,81.540764,1.2,1.1,0.313
2024-03-22 05:00:00+00:00,-0.5,79.85769,0.0,1.45,0.313
2024-03-22 06:00:00+00:00,1.15,74.39,0.0,2.55,0.312
2024-03-22 07:00:00+00:00,2.45,70.09079,0.0,4.0,0.31
2024-03-22 08:00:00+00:00,3.6,62.262123,0.1,5.4,0.309
2024-03-22 09:00:00+00:00,4.75,54.11442,0.1,6.7,0.31
2024-03-22 10:00:00+00:00,5.25,49.775833,0.2,7.6,0.312
2024-03-22 11:00:00+00:00,5.9,45.996742,0.1,8.05,0.315
2024-03-22 12:00:00+00:00,5.4,48.70703,0.1,8.35,0.318
2024-03-22 13:00:00+00:00,5.7,47.884563,0.1,8.3,0.315
2024-03-22 14:00:00+00:00,3.65,58.88949,1.1,7.5,0.316
2024-03-22 15:00:00+00:00,4.35,53.80273,0.0,6.8,0.316
2024-03-22 16:00:00+00:00,2.8,57.793118,0.0,5.75,0.316
2024-03-22 17:00:00+00:00,1.7,63.211617,0.0,4.75,0.317
2024-03-22 18:00:00+00:00,1.1,68.004715,0.0,4.0,0.316
2024-03-22 19:00:00+00:00,0.7,71.04905,0.0,3.45,0.316
2024-03-22 20:00:00+00:00,0.45,73.159935,0.0,3.05,0.316
2024-03-22 21:00:00+00:00,-0.05,77.867134,0.0,2.7,0.315
2024-03-22 22:00:00+00:00,-0.15,85.42747,0.2,2.55,0.314
2024-03-22 23:00:00+00:00,-0.05,88.97209,0.2,2.5,0.314
2024-03-23 00:00:00+00:00,-0.2,91.612816,0.1,2.4,0.313
2024-03-23 01:00:00+00:00,-1.15,93.255806,0.0,2.05,0.31
2024-03-23 02:00:00+00:00,-1.5,94.97608,0.0,1.75,0.309
2024-03-23 03:00:00+00:00,-1.65,96.02853,0.0,1.5,0.309
2024-03-23 04:00:00+00:00,-1.3,97.105804,0.0,1.0,0.308
2024-03-23 05:00:00+00:00,-0.35,92.957375,0.0,1.5,0.307
2024-03-23 06:00:00+00:00,1.4,83.742775,0.0,2.6,0.306
2024-03-23 07:00:00+00:00,3.65,62.505913,0.1,4.2,0.306
2024-03-23 08:00:00+00:00,4.65,58.058037,0.1,5.4,0.305
2024-03-23 09:00:00+00:00,5.15,55.654972,0.1,6.25,0.304
2024-03-23 10:00:00+00:00,5.8,52.220917,0.0,7.0,0.304
2024-03-23 11:00:00+00:00,6.55,48.672382,0.0,7.85,0.303
2024-03-23 12:00:00+00:00,7.15,45.503357,0.0,8.4,0.302
2024-03-23 13:00:00+00:00,6.95,46.826332,0.0,8.5,0.304
2024-03-23 14:00:00+00:00,6.95,45.61542,0.0,8.35,0.303
2024-03-23 15:00:00+00:00,6.6,45.856102,0.0,8.0,0.302
2024-03-23 16:00:00+00:00,3.7,60.235813,0.0,6.9,0.302
2024-03-23 17:00:00+00:00,1.7,68.64521,0.0,5.5,0.301
2024-03-23 18:00:00+00:00,1.0,70.844,0.0,4.4,0.301
2024-03-23 19:00:00+00:00,0.5,72.89617,0.0,3.5,0.3
2024-03-23 20:00:00+00:00,0.9,69.7707,0.0,2.8,0.3
2024-03-23 21:00:00+00:00,0.45,71.2657,0.0,2.15,0.299
2024-03-23 22:00:00+00:00,-0.45,74.65651,0.0,1.65,0.299
2024-03-23 23:00:00+00:00,-0.8,75.15753,0.0,1.2,0.298
2024-03-24 00:00:00+00:00,-0.05,70.63074,0.0,0.85,0.298
2024-03-24 01:00:00+00:00,-1.8,76.70518,0.0,0.7,0.3
2024-03-24 02:00:00+00:00,-0.75,71.83592,0.0,0.6,0.299
2024-03-24 03:00:00+00:00,-0.15,69.026955,0.0,0.55,0.299
2024-03-24 04:00:00+00:00,-1.3,73.65934,0.0,0.45,0.298
2024-03-24 05:00:00+00:00,0.4,70.192665,0.0,0.5,0.298
2024-03-24 06:00:00+00:00,2.95,60.27245,0.0,0.8,0.297
2024-03-24 07:00:00+00:00,5.1,52.613678,0.0,2.65,0.296
2024-03-24 08:00:00+00:00,7.05,46.680695,0.0,5.15,0.295
2024-03-24 09:00:00+00:00,8.7,41.723576,0.0,7.45,0.294
2024-03-24 10:00:00+00:00,9.95,36.811264,0.0,9.45,0.292
2024-03-24 11:00:00+00:00,10.95,32.17954,0.0,10.95,0.291
2024-03-24 12:00:00+00:00,11.6,31.292969,0.0,11.95,0.289
2024-03-24 13:00:00+00:00,12.0,33.6035,0.0,11.5,0.291
2024-03-24 14:00:00+00:00,11.65,36.90627,0.0,11.4,0.29
2024-03-24 15:00:00+00:00,11.0,40.276237,0.0,10.75,0.289
2024-03-24 16:00:00+00:00,6.8,52.88691,0.0,9.15,0.289
2024-03-24 17:00:00+00:00,5.85,51.847115,0.0,7.7,0.289
2024-03-24 18:00:00+00:00,3.4,61.752018,0.0,6.35,0.288
2024-03-24 19:00:00+00:00,3.2,60.110004,0.0,5.25,0.288
2024-03-24 20:00:00+00:00,5.5,48.55276,0.0,4.35,0.288
2024-03-24 21:00:00+00:00,5.6,47.317455,0.0,3.65,0.288
2024-03-24 22:00:00+00:00,2.6,60.410854,0.0,3.35,0.287
2024-03-24 23:00:00+00:00,1.05,64.01657,0.0,2.8,0.287
2024-03-25 00:00:00+00:00,0.45,65.09762,0.0,2.4,0.287
2024-03-25 01:00:00+00:00,0.3,63.113483,0.0,2.2,0.284
2024-03-25 02:00:00+00:00,1.65,55.550556,0.0,1.7,0.283
2024-03-25 03:00:00+00:00,0.8,59.04608,0.0,1.35,0.283
2024-03-25 04:00:00+00:00,-0.55,67.38666,0.0,1.05,0.283
2024-03-25 05:00:00+00:00,3.65,55.044186,0.0,1.65,0.283
2024-03-25 06:00:00+00:00,6.55,47.771484,0.0,3.35,0.282
2024-03-25 07:00:00+00:00,8.5,44.22601,0.0,5.4,0.282
2024-03-25 08:00:00+00:00,10.45,39.37648,0.0,7.4,0.281
2024-03-25 09:00:00+00:00,12.15,37.744015,0.0,9.3,0.279
2024-03-25 10:00:00+00:00,13.55,36.12463,0.0,11.0,0.278
2024-03-25 11:00:00+00:00,14.7,35.677628,0.2,11.95,0.278
2024-03-25 12:00:00+00:00,15.3,31.909218,0.0,12.2,0.277
2024-03-25 13:00:00+00:00,13.95,42.647728,0.6,12.15,0.282
2024-03-25 14:00:00+00:00,12.8,52.060886,1.2,11.35,0.296
2024-03-25 15:00:00+00:00,10.95,60.923492,0.4,10.4,0.298
2024-03-25 16:00:00+00:00,9.25,78.480484,0.7,9.25,0.304
2024-03-25 17:00:00+00:00,8.5,87.24181,1.5,8.45,0.324
2024-03-25 18:00:00+00:00,7.4,93.05183,3.1,7.95,0.365
2024-03-25 19:00:00+00:00,4.85,90.65158,0.5,7.05,0.367
2024-03-25 20:00:00+00:00,4.8,89.37722,0.4,6.4,0.367
2024-03-25 21:00:00+00:00,4.05,92.21361,0.0,5.85,0.363
2024-03-25 22:00:00+00:00,3.05,94.81794,0.0,5.3,0.36
2024-03-25 23:00:00+00:00,2.05,95.80153,0.0,4.65,0.357
2024-03-26 00:00:00+00:00,1.25,97.16511,0.0,4.05,0.354
2024-03-26 01:00:00+00:00,0.25,97.142075,0.0,3.75,0.369
2024-03-26 02:00:00+00:00,-0.3,97.12928,0.0,3.05,0.365
2024-03-26 03:00:00+00:00,-0.9,97.115234,0.0,2.45,0.362
2024-03-26 04:00:00+00:00,-1.2,97.82408,0.0,1.95,0.36
2024-03-26 05:00:00+00:00,0.65,91.3355,0.0,2.15,0.357
2024-03-26 06:00:00+00:00,2.25,84.45716,0.0,3.35,0.355
2024-03-26 07:00:00+00:00,4.1,70.94219,0.0,5.05,0.353
2024-03-26 08:00:00+00:00,5.95,57.118153,0.0,6.9,0.35
2024-03-26 09:00:00+00:00,7.4,47.30772,0.0,8.7,0.347
2024-03-26 10:00:00+00:00,8.45,40.570415,0.0,10.2,0.345
2024-03-26 11:00:00+00:00,9.35,38.756847,0.0,11.25,0.342
2024-03-26 12:00:00+00:00,10.2,35.12855,0.0,11.95,0.339
2024-03-26 13:00:00+00:00,10.5,35.350773,0.0,12.3,0.338
2024-03-26 14:00:00+00:00,10.6,32.44235,0.0,11.95,0.336
2024-03-26 15:00:00+00:00,10.1,33.670074,0.0,11.15,0.334
2024-03-26 16:00:00+00:00,9.15,37.550037,0.0,9.75,0.333
2024-03-26 17:00:00+00:00,5.4,50.952682,0.0,8.15,0.332
2024-03-26 18:00:00+00:00,5.0,49.51742,0.0,7.0,0.332
2024-03-26 19:00:00+00:00,5.05,52.403217,0.0,6.45,0.331
2024-03-26 20:00:00+00:00,4.9,53.152126,0.0,5.85,0.33
2024-03-26 21:00:00+00:00,5.3,52.866203,0.0,5.75,0.329
2024-03-26 22:00:00+00:00,6.05,55.483624,0.1,5.85,0.329
2024-03-26 23:00:00+00:00,4.9,74.2522,0.4,5.7,0.333
2024-03-27 00:00:00+00:00,4.65,77.2085,0.0,5.6,0.332
2024-03-27 01:00:00+00:00,4.75,78.623314,0.2,6.1,0.332
2024-03-27 02:00:00+00:00,4.55,82.04548,0.0,5.7,0.332
2024-03-27 03:00:00+00:00,4.75,82.954605,0.0,5.5,0.331
2024-03-27 04:00:00+00:00,5.35,80.99098,0.1,5.45,0.331
2024-03-27 05:00:00+00:00,6.05,81.37469,0.0,5.6,0.33
2024-03-27 06:00:00+00:00,7.05,81.509445,0.0,6.1,0.33
2024-03-27 07:00:00+00:00,8.75,75.98549,0.0,7.1,0.329
2024-03-27 08:00:00+00:00,12.25,61.87794,0.0,9.55,0.328
2024-03-27 09:00:00+00:00,14.45,52.68857,0.0,11.8,0.326
2024-03-27 10:00:00+00:00,15.85,46.82976,0.1,13.45,0.324
2024-03-27 11:00:00+00:00,14.55,51.086357,0.0,13.35,0.324
2024-03-27 12:00:00+00:00,12.5,66.141426,0.7,12.65,0.33
2024-03-27 13:00:00+00:00,16.15,44.04987,0.0,14.15,0.324
2024-03-27 14:00:00+00:00,15.95,46.207264,0.0,14.2,0.323
2024-03-27 15:00:00+00:00,15.15,51.606598,0.0,13.75,0.322
2024-03-27 16:00:00+00:00,11.25,70.35183,0.0,12.55,0.321
2024-03-27 17:00:00+00:00,9.35,76.08544,0.0,11.1,0.32
2024-03-27 18:00:00+00:00,8.85,77.33694,0.0,10.0,0.32
2024-03-27 19:00:00+00:00,8.0,80.78787,0.0,9.1,0.32
2024-03-27 20:00:00+00:00,7.5,81.85508,0.0,8.4,0.319
2024-03-27 21:00:00+00:00,8.05,79.39866,0.0,7.85,0.319
2024-03-27 22:00:00+00:00,7.15,82.383766,0.0,7.5,0.318
2024-03-27 23:00:00+00:00,6.85,81.19687,0.0,7.1,0.318
2024-03-28 00:00:00+00:00,7.5,77.93826,0.0,6.85,0.318
2024-03-28 01:00:00+00:00,8.05,68.976,0.0,7.5,0.311
2024-03-28 02:00:00+00:00,7.55,68.62775,0.0,7.25,0.311
2024-03-28 03:00:00+00:00,6.3,72.14615,0.0,6.85,0.311
2024-03-28 04:00:00+00:00,5.45,75.69572,0.0,6.35,0.311
2024-03-28 05:00:00+00:00,9.5,61.004265,0.0,6.85,0.31
2024-03-28 06:00:00+00:00,12.15,51.884453,0.0,8.4,0.31
2024-03-28 07:00:00+00:00,14.4,44.96404,0.0,10.3,0.309
2024-03-28 08:00:00+00:00,16.4,40.688435,0.0,12.15,0.307
2024-03-28 09:00:00+00:00,18.3,36.72944,0.0,14.05,0.306
2024-03-28 10:00:00+00:00,19.85,33.819923,0.0,15.8,0.304
2024-03-28 11:00:00+00:00,20.95,31.935682,0.0,17.15,0.302
2024-03-28 12:00:00+00:00,21.5,30.551668,0.0,17.9,0.3
2024-03-28 13:00:00+00:00,21.35,29.13732,0.0,17.9,0.299
2024-03-28 14:00:00+00:00,21.1,29.066767,0.0,17.7,0.297
2024-03-28 15:00:00+00:00,18.15,51.876877,0.0,16.5,0.297
2024-03-28 16:00:00+00:00,16.4,48.308117,0.0,15.25,0.297
2024-03-28 17:00:00+00:00,13.25,56.956688,0.0,13.7,0.297
2024-03-28 18:00:00+00:00,14.3,52.83239,0.0,13.0,0.297
2024-03-28 19:00:00+00:00,14.15,56.98739,0.0,12.65,0.296
2024-03-28 20:00:00+00:00,14.45,56.28019,0.0,12.1,0.296
2024-03-28 21:00:00+00:00,13.2,61.887333,0.0,11.35,0.296
2024-03-28 22:00:00+00:00,12.4,65.43924,0.0,10.8,0.296
2024-03-28 23:00:00+00:00,10.85,75.55091,0.0,10.6,0.296
2024-03-29 00:00:00+00:00,10.8,77.9103,0.1,10.5,0.296
2024-03-29 01:00:00+00:00,11.1,89.26974,0.1,11.75,0.3
2024-03-29 02:00:00+00:00,10.9,88.65461,0.1,11.25,0.301
2024-03-29 03:00:00+00:00,10.6,90.441185,0.1,10.9,0.302
2024-03-29 04:00:00+00:00,10.3,89.8107,0.0,10.5,0.302
2024-03-29 05:00:00+00:00,10.9,88.356384,0.0,10.55,0.302
2024-03-29 06:00:00+00:00,12.7,82.24516,0.0,11.55,0.301
2024-03-29 07:00:00+00:00,14.8,67.99869,0.0,13.15,0.301
2024-03-29 08:00:00+00:00,16.55,56.620037,0.0,14.85,0.3
2024-03-29 09:00:00+00:00,17.7,50.362778,0.1,16.4,0.299
2024-03-29 10:00:00+00:00,18.15,47.96204,0.0,17.45,0.297
2024-03-29 11:00:00+00:00,19.0,45.01174,0.0,18.55,0.295
2024-03-29 12:00:00+00:00,19.5,42.595062,0.0,19.2,0.294
2024-03-29 13:00:00+00:00,20.55,34.02145,0.0,19.55,0.301
2024-03-29 14:00:00+00:00,20.35,31.87657,0.0,19.25,0.299
2024-03-29 15:00:00+00:00,19.15,39.92742,0.0,18.4,0.298
2024-03-29 16:00:00+00:00,16.25,49.796154,0.0,16.8,0.298
2024-03-29 17:00:00+00:00,15.4,48.536545,0.0,15.1,0.298
2024-03-29 18:00:00+00:00,12.55,58.389526,0.0,13.8,0.298
2024-03-29 19:00:00+00:00,11.8,62.421215,0.0,12.9,0.297
2024-03-29 20:00:00+00:00,10.9,66.02228,0.0,12.15,0.297
2024-03-29 21:00:00+00:00,10.0,69.37471,0.0,11.5,0.297
2024-03-29 22:00:00+00:00,9.4,70.230606,0.0,10.85,0.297
2024-03-29 23:00:00+00:00,9.1,71.41234,0.0,10.4,0.296
2024-03-30 00:00:00+00:00,7.75,77.977264,0.0,9.9,0.296
2024-03-30 01:00:00+00:00,10.5,62.115265,0.0,9.2,0.289
2024-03-30 02:00:00+00:00,7.7,75.27738,0.0,8.8,0.289
2024-03-30 03:00:00+00:00,8.0,73.49686,0.0,8.4,0.289
2024-03-30 04:00:00+00:00,7.05,78.69515,0.0,8.1,0.289
2024-03-30 05:00:00+00:00,10.1,70.36922,0.0,8.8,0.289
2024-03-30 06:00:00+00:00,13.35,61.073772,0.0,10.45,0.288
2024-03-30 07:00:00+00:00,15.55,55.217663,0.0,12.55,0.287
2024-03-30 08:00:00+00:00,17.25,50.5867,0.0,14.6,0.286
2024-03-30 09:00:00+00:00,18.9,44.82941,0.0,16.55,0.285
2024-03-30 10:00:00+00:00,20.55,39.504555,0.0,18.2,0.283
2024-03-30 11:00:00+00:00,21.6,35.53427,0.0,19.45,0.281
2024-03-30 12:00:00+00:00,22.2,32.2924,0.0,20.2,0.279
2024-03-30 13:00:00+00:00,22.8,28.828382,0.0,20.45,0.276
2024-03-30 14:00:00+00:00,22.35,28.905483,0.0,20.1,0.275
2024-03-30 15:00:00+00:00,20.6,42.324913,0.0,19.2,0.275
2024-03-30 16:00:00+00:00,17.95,45.968998,0.0,17.65,0.274
2024-03-30 17:00:00+00:00,16.85,44.55943,0.0,15.9,0.274
2024-03-30 18:00:00+00:00,13.6,56.062233,0.0,14.6,0.274
2024-03-30 19:00:00+00:00,13.25,58.360832,0.0,13.65,0.274
2024-03-30 20:00:00+00:00,12.8,58.655964,0.0,13.05,0.274
2024-03-30 21:00:00+00:00,12.1,59.514038,0.0,12.55,0.274
2024-03-30 22:00:00+00:00,10.95,63.100445,0.0,11.95,0.274
2024-03-30 23:00:00+00:00,10.65,63.252518,0.0,11.35,0.274
2024-03-31 00:00:00+00:00,12.0,56.836857,0.0,10.8,0.274
2024-03-31 01:00:00+00:00,14.6,46.80678,0.0,9.95,0.273
2024-03-31 02:00:00+00:00,14.0,49.17649,0.0,9.55,0.273
2024-03-31 03:00:00+00:00,10.55,62.56594,0.0,9.2,0.273
2024-03-31 04:00:00+00:00,8.25,75.10791,0.0,8.9,0.273
2024-03-31 05:00:00+00:00,11.2,68.18556,0.0,9.6,0.273
2024-03-31 06:00:00+00:00,14.95,61.24356,0.0,11.35,0.273
2024-03-31 07:00:00+00:00,17.2,48.195625,0.0,13.55,0.272
2024-03-31 08:00:00+00:00,18.95,43.4763,0.0,15.7,0.271
2024-03-31 09:00:00+00:00,20.5,39.083786,0.0,17.65,0.269
2024-03-31 10:00:00+00:00,21.7,35.44012,0.0,19.3,0.267
2024-03-31 11:00:00+00:00,22.6,32.181805,0.0,20.6,0.265
2024-03-31 12:00:00+00:00,23.1,29.423489,0.0,21.35,0.264
2024-03-31 13:00:00+00:00,23.45,26.288935,0.0,21.6,0.261
2024-03-31 14:00:00+00:00,23.0,26.072584,0.0,21.25,0.26
2024-03-31 15:00:00+00:00,21.45,48.86349,0.0,20.35,0.26
2024-03-31 16:00:00+00:00,19.45,36.93288,0.0,18.7,0.259
2024-03-31 17:00:00+00:00,15.35,43.358337,0.0,16.9,0.259
2024-03-31 18:00:00+00:00,14.65,43.930912,0.0,15.65,0.259
2024-03-31 19:00:00+00:00,13.85,46.10087,0.0,14.7,0.259
2024-03-31 20:00:00+00:00,12.0,54.097748,0.0,13.85,0.259
2024-03-31 21:00:00+00:00,12.75,50.236618,0.0,13.0,0.259
2024-03-31 22:00:00+00:00,15.55,39.585327,0.0,12.3,0.259
2024-03-31 23:00:00+00:00,15.4,39.683178,0.0,11.7,0.259
2024-04-01 00:00:00+00:00,14.85,40.672268,0.0,11.15,0.259
2024-04-01 01:00:00+00:00,13.1,43.79747,0.0,10.05,0.251
2024-04-01 02:00:00+00:00,12.7,44.79685,0.0,9.75,0.251
2024-04-01 03:00:00+00:00,12.25,45.97352,0.0,9.45,0.251
2024-04-01 04:00:00+00:00,11.65,48.17243,0.0,9.25,0.251
2024-04-01 05:00:00+00:00,12.3,51.558067,0.0,10.1,0.251
2024-04-01 06:00:00+00:00,15.55,49.260143,0.0,11.85,0.251
2024-04-01 07:00:00+00:00,17.55,47.14183,0.0,14.0,0.25
2024-04-01 08:00:00+00:00,19.3,45.250553,0.0,16.2,0.249
2024-04-01 09:00:00+00:00,20.85,42.540474,0.0,18.25,0.248
2024-04-01 10:00:00+00:00,22.1,37.694298,0.0,19.95,0.246
2024-04-01 11:00:00+00:00,22.95,31.615858,0.0,21.25,0.244
2024-04-01 12:00:00+00:00,23.25,28.65146,0.0,22.0,0.243
2024-04-01 13:00:00+00:00,23.55,24.51291,0.0,22.15,0.239
2024-04-01 14:00:00+00:00,23.15,24.40495,0.0,21.8,0.238
2024-04-01 15:00:00+00:00,21.9,47.06367,0.0,20.9,0.238
2024-04-01 16:00:00+00:00,21.45,31.742628,0.0,19.25,0.238
2024-04-01 17:00:00+00:00,16.05,45.116364,0.0,17.35,0.238
2024-04-01 18:00:00+00:00,14.35,46.079433,0.0,15.9,0.238
2024-04-01 19:00:00+00:00,13.95,45.96575,0.0,14.85,0.238
2024-04-01 20:00:00+00:00,13.05,48.05056,0.0,13.9,0.238
2024-04-01 21:00:00+00:00,13.1,46.381718,0.0,13.1,0.238
2024-04-01 22:00:00+00:00,13.55,44.085087,0.0,12.4,0.238
2024-04-01 23:00:00+00:00,11.9,49.468,0.0,11.8,0.238
2024-04-02 00:00:00+00:00,10.7,53.751137,0.0,11.25,0.238
2024-04-02 01:00:00+00:00,13.85,40.380127,0.0,9.8,0.237
2024-04-02 02:00:00+00:00,13.95,39.258743,0.0,9.6,0.237
2024-04-02 03:00:00+00:00,10.4,51.405582,0.0,9.35,0.237
2024-04-02 04:00:00+00:00,10.15,55.163578,0.0,9.15,0.237
2024-04-02 05:00:00+00:00,13.05,48.912212,0.0,10.1,0.237
2024-04-02 06:00:00+00:00,16.35,48.630455,0.0,12.0,0.237
2024-04-02 07:00:00+00:00,18.85,38.20588,0.0,14.3,0.236
2024-04-02 08:00:00+00:00,20.65,34.65112,0.0,16.55,0.235
2024-04-02 09:00:00+00:00,22.1,32.151543,0.0,18.55,0.234
2024-04-02 10:00:00+00:00,23.2,29.348696,0.0,20.2,0.232
2024-04-02 11:00:00+00:00,24.05,26.64047,0.0,21.45,0.231
2024-04-02 12:00:00+00:00,24.5,25.659016,0.0,22.3,0.229
2024-04-02 13:00:00+00:00,24.8,24.588297,0.0,22.5,0.231
2024-04-02 14:00:00+00:00,24.6,24.189463,0.0,22.3,0.23
2024-04-02 15:00:00+00:00,22.8,44.408073,0.0,21.45,0.23
2024-04-02 16:00:00+00:00,18.45,46.267567,0.0,19.8,0.23
2024-04-02 17:00:00+00:00,16.25,43.310925,0.0,18.0,0.23
2024-04-02 18:00:00+00:00,15.3,43.651882,0.0,16.6,0.23
2024-04-02 19:00:00+00:00,13.75,51.407513,0.0,15.45,0.23
2024-04-02 20:00:00+00:00,13.05,52.31258,0.0,14.45,0.23
2024-04-02 21:00:00+00:00,12.85,50.981503,0.0,13.7,0.23
2024-04-02 22:00:00+00:00,14.4,44.96404,0.0,12.95,0.23
2024-04-02 23:00:00+00:00,14.25,44.44444,0.0,12.25,0.23
2024-04-03 00:00:00+00:00,15.15,39.6102,0.0,11.6,0.23
2024-04-03 01:00:00+00:00,10.85,53.027702,0.0,11.1,0.225
2024-04-03 02:00:00+00:00,8.5,62.526466,0.0,10.6,0.225
2024-04-03 03:00:00+00:00,8.3,61.369495,0.0,10.2,0.225
2024-04-03 04:00:00+00:00,9.2,62.4692,0.0,9.9,0.225
2024-04-03 05:00:00+00:00,13.55,48.361927,0.0,10.7,0.225
2024-04-03 06:00:00+00:00,16.25,43.76999,0.0,12.4,0.225
2024-04-03 07:00:00+00:00,18.15,38.677547,0.0,14.45,0.224
2024-04-03 08:00:00+00:00,20.05,30.354965,0.0,16.55,0.223
2024-04-03 09:00:00+00:00,20.55,30.823769,0.0,18.4,0.222
2024-04-03 10:00:00+00:00,21.65,30.702137,0.0,20.0,0.221
2024-04-03 11:00:00+00:00,22.35,30.364178,0.0,21.1,0.219
2024-04-03 12:00:00+00:00,20.85,38.51502,0.0,21.55,0.218
2024-04-03 13:00:00+00:00,21.55,32.559864,0.0,21.7,0.213
2024-04-03 14:00:00+00:00,20.45,35.574547,0.0,21.25,0.212
2024-04-03 15:00:00+00:00,19.25,35.727894,0.0,20.35,0.212
2024-04-03 16:00:00+00:00,16.9,41.998672,0.0,18.95,0.211
2024-04-03 17:00:00+00:00,15.25,46.98982,0.0,17.5,0.211
2024-04-03 18:00:00+00:00,13.75,51.951717,0.0,16.3,0.211
2024-04-03 19:00:00+00:00,12.9,50.1001,0.0,15.25,0.211
2024-04-03 20:00:00+00:00,11.9,51.816383,0.0,14.35,0.211
2024-04-03 21:00:00+00:00,10.85,58.78827,0.0,13.6,0.211
2024-04-03 22:00:00+00:00,10.3,60.337807,0.0,13.0,0.211
2024-04-03 23:00:00+00:00,9.5,63.20856,0.0,12.35,0.212
2024-04-04 00:00:00+00:00,9.1,65.394005,0.0,11.9,0.212
2024-04-04 01:00:00+00:00,8.35,67.82602,0.0,11.75,0.203
2024-04-04 02:00:00+00:00,7.6,72.39258,0.0,11.2,0.203
2024-04-04 03:00:00+00:00,6.35,80.27394,0.0,10.6,0.203
2024-04-04 04:00:00+00:00,6.15,82.5454,0.0,10.1,0.204
2024-04-04 05:00:00+00:00,8.65,72.33504,0.0,10.5,0.204
2024-04-04 06:00:00+00:00,12.15,55.687294,0.0,11.95,0.203
2024-04-04 07:00:00+00:00,14.5,44.833282,0.0,13.9,0.203
2024-04-04 08:00:00+00:00,16.8,39.38748,0.0,16.1,0.202
2024-04-04 09:00:00+00:00,18.7,37.105553,0.0,18.25,0.201
2024-04-04 10:00:00+00:00,20.2,35.37858,0.0,20.2,0.2
2024-04-04 11:00:00+00:00,21.15,33.01927,0.0,21.55,0.199
2024-04-04 12:00:00+00:00,21.65,29.325537,0.0,22.3,0.198
2024-04-04 13:00:00+00:00,22.35,27.901873,0.0,22.55,0.194
2024-04-04 14:00:00+00:00,22.5,27.845049,0.0,22.35,0.194
2024-04-04 15:00:00+00:00,21.85,32.0803,0.0,21.5,0.193
2024-04-04 16:00:00+00:00,18.55,40.595524,0.0,20.05,0.193
2024-04-04 17:00:00+00:00,16.2,44.686817,0.0,18.45,0.193
2024-04-04 18:00:00+00:00,15.35,45.394512,0.0,17.1,0.193
2024-04-04 19:00:00+00:00,14.65,51.292244,0.0,16.25,0.193
2024-04-04 20:00:00+00:00,13.65,58.86652,0.0,15.55,0.193
2024-04-04 21:00:00+00:00,12.7,61.13023,0.0,14.9,0.193
2024-04-04 22:00:00+00:00,11.7,62.834465,0.0,14.3,0.193
2024-04-04 23:00:00+00:00,10.45,68.029236,0.0,13.55,0.193
2024-04-05 00:00:00+00:00,9.1,72.419426,0.0,12.8,0.193
2024-04-05 01:00:00+00:00,8.45,69.79421,0.0,13.1,0.178
2024-04-05 02:00:00+00:00,7.35,72.34541,0.0,12.15,0.178
2024-04-05 03:00:00+00:00,6.35,75.04374,0.0,11.25,0.178
2024-04-05 04:00:00+00:00,6.15,74.210304,0.0,10.55,0.178
2024-04-05 05:00:00+00:00,8.8,60.184456,0.0,10.95,0.178
2024-04-05 06:00:00+00:00,11.1,42.744244,0.0,12.2,0.178
2024-04-05 07:00:00+00:00,12.8,33.094772,0.0,13.85,0.177
2024-04-05 08:00:00+00:00,14.25,30.114784,0.0,15.65,0.177
2024-04-05 09:00:00+00:00,15.75,26.050625,0.0,17.45,0.176
2024-04-05 10:00:00+00:00,16.8,23.913439,0.0,19.0,0.175
2024-04-05 11:00:00+00:00,17.35,23.885628,0.0,20.1,0.175
2024-04-05 12:00:00+00:00,17.45,23.646812,0.0,20.6,0.174
2024-04-05 13:00:00+00:00,17.95,21.743,0.0,20.4,0.172
2024-04-05 14:00:00+00:00,17.75,21.771536,0.0,20.0,0.172
2024-04-05 15:00:00+00:00,16.5,24.926916,0.0,19.05,0.171
2024-04-05 16:00:00+00:00,15.3,28.672049,0.0,17.85,0.171
2024-04-05 17:00:00+00:00,13.45,35.96301,0.0,16.65,0.171
2024-04-05 18:00:00+00:00,12.05,44.127724,0.0,15.5,0.171
2024-04-05 19:00:00+00:00,10.65,47.02834,0.0,14.4,0.171
2024-04-05 20:00:00+00:00,9.55,50.250286,0.0,13.4,0.171
2024-04-05 21:00:00+00:00,8.85,53.640263,0.0,12.55,0.171
2024-04-05 22:00:00+00:00,8.2,56.665886,0.0,11.85,0.171
2024-04-05 23:00:00+00:00,7.75,58.214912,0.0,11.25,0.171
2024-04-06 00:00:00+00:00,7.4,58.976074,0.0,10.75,0.171
2024-04-06 01:00:00+00:00,7.25,61.114456,0.0,11.05,0.163
2024-04-06 02:00:00+00:00,6.6,63.438457,0.0,10.4,0.163
2024-04-06 03:00:00+00:00,6.2,64.03837,0.0,9.9,0.163
2024-04-06 04:00:00+00:00,6.75,61.660297,0.0,9.7,0.163
2024-04-06 05:00:00+00:00,8.35,56.91045,0.0,10.1,0.163
2024-04-06 06:00:00+00:00,10.35,51.95009,0.0,11.35,0.163
2024-04-06 07:00:00+00:00,12.0,47.073296,0.0,13.05,0.163
2024-04-06 08:00:00+00:00,13.3,42.30616,0.0,14.95,0.162
2024-04-06 09:00:00+00:00,14.6,36.170517,0.0,16.8,0.162
2024-04-06 10:00:00+00:00,15.65,29.965204,0.0,18.4,0.162
2024-04-06 11:00:00+00:00,16.65,25.82005,0.0,19.65,0.161
2024-04-06 12:00:00+00:00,17.0,23.878881,0.0,20.2,0.161
2024-04-06 13:00:00+00:00,17.45,21.1258,0.0,20.35,0.159
2024-04-06 14:00:00+00:00,17.0,21.983435,0.0,19.95,0.159
2024-04-06 15:00:00+00:00,16.5,22.099344,0.0,19.0,0.159
2024-04-06 16:00:00+00:00,14.85,26.684778,0.0,17.7,0.159
2024-04-06 17:00:00+00:00,13.45,29.770025,0.0,16.3,0.159
2024-04-06 18:00:00+00:00,12.1,33.010887,0.0,15.1,0.159
2024-04-06 19:00:00+00:00,10.2,38.43378,0.0,13.9,0.159
2024-04-06 20:00:00+00:00,8.85,43.51397,0.0,12.8,0.159
2024-04-06 21:00:00+00:00,8.3,48.63134,0.0,11.95,0.159
2024-04-06 22:00:00+00:00,8.1,55.419403,0.0,11.3,0.159
2024-04-06 23:00:00+00:00,7.7,60.565025,0.0,10.8,0.159
2024-04-07 00:00:00+00:00,6.9,65.3678,0.0,10.3,0.159
2024-04-07 01:00:00+00:00,6.75,65.09883,0.0,10.3,0.151
2024-04-07 02:00:00+00:00,6.25,68.10938,0.0,9.75,0.151
2024-04-07 03:00:00+00:00,5.35,73.00856,0.0,9.2,0.151
2024-04-07 04:00:00+00:00,5.15,74.83342,0.0,8.8,0.152
2024-04-07 05:00:00+00:00,8.0,63.536713,0.0,9.35,0.152
2024-04-07 06:00:00+00:00,10.85,50.068462,0.0,11.0,0.151
2024-04-07 07:00:00+00:00,12.6,43.338497,0.0,13.15,0.151
2024-04-07 08:00:00+00:00,14.15,38.753162,0.0,15.4,0.151
2024-04-07 09:00:00+00:00,15.3,35.72441,0.2,17.15,0.152
2024-04-07 10:00:00+00:00,15.9,32.201454,0.1,18.35,0.152
2024-04-07 11:00:00+00:00,16.4,30.403706,0.0,19.35,0.152
2024-04-07 12:00:00+00:00,17.0,28.317772,0.1,19.85,0.152
2024-04-07 13:00:00+00:00,17.1,23.995861,0.0,20.15,0.15
2024-04-07 14:00:00+00:00,17.4,21.032862,0.0,19.75,0.15
2024-04-07 15:00:00+00:00,16.45,22.422937,0.0,18.75,0.15
2024-04-07 16:00:00+00:00,15.75,24.166073,0.0,17.65,0.15
2024-04-07 17:00:00+00:00,13.95,32.46161,0.0,16.3,0.15
2024-04-07 18:00:00+00:00,12.95,34.39038,0.0,15.25,0.15
2024-04-07 19:00:00+00:00,11.45,41.157475,0.0,14.3,0.15
2024-04-07 20:00:00+00:00,10.2,44.5594,0.0,13.45,0.15
2024-04-07 21:00:00+00:00,9.1,49.759815,0.0,12.6,0.15
2024-04-07 22:00:00+00:00,8.35,52.73042,0.0,11.9,0.15
2024-04-07 23:00:00+00:00,7.6,56.099075,0.0,11.25,0.15
2024-04-08 00:00:00+00:00,6.6,65.30016,0.6,10.6,0.157
2024-04-08 01:00:00+00:00,7.9,57.00002,0.0,11.45,0.142
2024-04-08 02:00:00+00:00,7.15,56.18554,0.0,10.8,0.142
2024-04-08 03:00:00+00:00,6.55,58.33261,0.0,10.25,0.142
2024-04-08 04:00:00+00:00,6.5,59.612705,0.0,9.85,0.142
2024-04-08 05:00:00+00:00,7.95,55.58151,0.0,10.05,0.142
2024-04-08 06:00:00+00:00,9.65,49.914177,0.0,10.95,0.142
2024-04-08 07:00:00+00:00,9.45,52.26811,0.1,11.0,0.143
2024-04-08 08:00:00+00:00,12.1,42.880665,0.0,12.45,0.143
2024-04-08 09:00:00+00:00,13.55,39.8571,0.0,13.7,0.142
2024-04-08 10:00:00+00:00,14.75,37.55019,0.0,14.8,0.142
2024-04-08 11:00:00+00:00,14.35,38.393448,0.0,15.0,0.142
2024-04-08 12:00:00+00:00,14.6,38.885235,0.0,15.15,0.142
2024-04-08 13:00:00+00:00,14.3,41.9915,0.0,15.25,0.14
2024-04-08 14:00:00+00:00,14.85,42.301548,0.0,15.8,0.14
2024-04-08 15:00:00+00:00,14.7,44.25836,0.0,15.8,0.14
2024-04-08 16:00:00+00:00,12.7,52.774208,0.0,15.0,0.14
2024-04-08 17:00:00+00:00,10.2,64.26943,0.0,13.65,0.14
2024-04-08 18:00:00+00:00,8.75,71.847755,0.1,12.45,0.141
2024-04-08 19:00:00+00:00,8.75,76.78435,0.0,11.5,0.141
2024-04-08 20:00:00+00:00,8.7,77.04424,0.0,10.8,0.141
2024-04-08 21:00:00+00:00,8.15,77.49581,0.0,10.25,0.141
2024-04-08 22:00:00+00:00,8.05,79.12202,0.0,9.8,0.141
2024-04-08 23:00:00+00:00,8.1,80.80168,0.0,9.55,0.141
2024-04-09 00:00:00+00:00,7.5,84.7584,0.0,9.25,0.141
2024-04-09 01:00:00+00:00,8.1,79.68342,0.0,9.9,0.135
2024-04-09 02:00:00+00:00,7.75,81.88794,0.0,9.55,0.135
2024-04-09 03:00:00+00:00,7.2,85.0205,0.0,9.2,0.135
2024-04-09 04:00:00+00:00,7.35,84.44686,0.0,8.95,0.135
2024-04-09 05:00:00+00:00,10.05,71.59452,0.0,9.65,0.135
2024-04-09 06:00:00+00:00,12.4,61.69863,0.0,11.2,0.135
2024-04-09 07:00:00+00:00,14.5,52.70192,0.0,13.2,0.135
2024-04-09 08:00:00+00:00,16.25,46.61584,0.0,15.3,0.135
2024-04-09 09:00:00+00:00,17.5,42.91376,0.0,17.15,0.135
2024-04-09 10:00:00+00:00,19.35,35.75681,0.1,18.75,0.135
2024-04-09 11:00:00+00:00,20.15,33.08074,0.0,20.05,0.135
2024-04-09 12:00:00+00:00,20.45,32.359028,0.0,21.0,0.135
2024-04-09 13:00:00+00:00,20.15,31.819267,0.0,21.4,0.135
2024-04-09 14:00:00+00:00,20.2,30.723892,0.0,21.35,0.135
2024-04-09 15:00:00+00:00,19.5,31.52032,0.0,20.55,0.135
2024-04-09 16:00:00+00:00,17.7,36.29655,0.0,19.25,0.135
2024-04-09 17:00:00+00:00,15.55,41.16776,0.0,17.7,0.135
2024-04-09 18:00:00+00:00,14.85,43.06104,0.0,16.45,0.135
2024-04-09 19:00:00+00:00,14.35,50.498676,0.0,15.6,0.135
2024-04-09 20:00:00+00:00,12.95,60.138405,0.0,14.75,0.135
2024-04-09 21:00:00+00:00,12.05,66.50166,0.0,14.05,0.135
2024-04-09 22:00:00+00:00,11.35,71.59439,0.0,13.35,0.135
2024-04-09 23:00:00+00:00,10.45,77.856186,0.0,12.7,0.135
2024-04-10 00:00:00+00:00,9.4,84.38946,0.0,12.05,0.135
2024-04-10 01:00:00+00:00,9.45,85.55911,0.0,12.6,0.123
2024-04-10 02:00:00+00:00,8.5,90.598274,0.0,11.8,0.123
2024-04-10 03:00:00+00:00,7.7,93.0679,0.0,11.1,0.123
2024-04-10 04:00:00+00:00,8.05,92.45071,0.0,10.7,0.123
2024-04-10 05:00:00+00:00,10.75,79.24657,0.0,11.3,0.123
2024-04-10 06:00:00+00:00,13.15,67.195625,0.0,12.8,0.123
2024-04-10 07:00:00+00:00,15.45,52.046814,0.0,14.95,0.123
2024-04-10 08:00:00+00:00,16.5,45.24393,0.0,16.55,0.123
2024-04-10 09:00:00+00:00,18.05,40.169456,0.0,18.5,0.123
2024-04-10 10:00:00+00:00,19.75,37.14892,0.0,20.4,0.123
2024-04-10 11:00:00+00:00,20.1,36.606663,0.0,21.55,0.124
2024-04-10 12:00:00+00:00,20.5,35.09542,0.0,22.4,0.124
2024-04-10 13:00:00+00:00,21.1,34.298916,0.0,23.25,0.123
2024-04-10 14:00:00+00:00,21.05,33.690945,0.0,23.1,0.123
2024-04-10 15:00:00+00:00,19.0,44.245335,0.8,21.5,0.131
2024-04-10 16:00:00+00:00,17.5,47.127903,0.2,19.75,0.132
2024-04-10 17:00:00+00:00,15.85,57.024673,0.0,17.9,0.133
2024-04-10 18:00:00+00:00,14.25,61.9208,0.0,16.45,0.133
2024-04-10 19:00:00+00:00,13.25,64.50951,0.0,15.4,0.133
2024-04-10 20:00:00+00:00,11.8,73.419014,0.0,14.5,0.133
2024-04-10 21:00:00+00:00,11.45,78.81087,0.0,13.7,0.133
2024-04-10 22:00:00+00:00,11.25,76.92211,0.0,13.1,0.133
2024-04-10 23:00:00+00:00,10.6,79.49609,0.0,12.6,0.133
2024-04-11 00:00:00+00:00,9.85,85.019325,0.0,12.1,0.133
2024-04-11 01:00:00+00:00,10.45,82.80007,0.0,12.9,0.113
2024-04-11 02:00:00+00:00,9.9,85.89909,0.0,12.35,0.113
2024-04-11 03:00:00+00:00,9.35,89.12838,0.0,11.85,0.113
2024-04-11 04:00:00+00:00,9.6,87.94314,0.0,11.55,0.113
2024-04-11 05:00:00+00:00,12.05,76.26849,0.0,12.2,0.113
2024-04-11 06:00:00+00:00,14.2,63.62647,0.0,13.85,0.113
2024-04-11 07:00:00+00:00,16.05,50.610054,0.0,15.9,0.113
2024-04-11 08:00:00+00:00,17.75,42.39028,0.0,18.25,0.113
2024-04-11 09:00:00+00:00,19.3,36.631832,0.0,20.55,0.113
2024-04-11 10:00:00+00:00,20.45,32.24504,0.0,22.4,0.113
2024-04-11 11:00:00+00:00,21.4,29.567608,0.0,23.55,0.114
2024-04-11 12:00:00+00:00,22.0,28.301752,0.0,24.3,0.114
2024-04-11 13:00:00+00:00,21.9,27.383884,0.0,24.45,0.113
2024-04-11 14:00:00+00:00,21.35,29.13732,0.0,23.85,0.113
2024-04-11 15:00:00+00:00,20.4,31.331589,0.0,22.9,0.113
2024-04-11 16:00:00+00:00,18.8,35.849804,0.0,21.55,0.113
2024-04-11 17:00:00+00:00,16.9,43.49692,0.0,20.0,0.113
2024-04-11 18:00:00+00:00,15.6,49.445713,0.0,18.6,0.113
2024-04-11 19:00:00+00:00,14.3,57.222767,0.0,17.45,0.113
2024-04-11 20:00:00+00:00,13.0,64.675674,0.0,16.45,0.113
2024-04-11 21:00:00+00:00,12.0,70.74106,0.0,15.55,0.113
2024-04-11 22:00:00+00:00,11.3,75.36808,0.0,14.75,0.113
2024-04-11 23:00:00+00:00,10.65,79.231926,0.0,14.05,0.113
2024-04-12 00:00:00+00:00,10.1,82.192635,0.0,13.45,0.113
2024-04-12 01:00:00+00:00,10.0,81.06139,0.0,13.85,0.108
2024-04-12 02:00:00+00:00,9.25,84.66239,0.0,13.1,0.108
2024-04-12 03:00:00+00:00,8.85,86.67814,0.0,12.45,0.108
2024-04-12 04:00:00+00:00,9.3,84.08895,0.0,12.1,0.108
2024-04-12 05:00:00+00:00,11.75,72.411354,0.0,12.7,0.108
2024-04-12 06:00:00+00:00,13.5,63.90453,0.0,14.15,0.108
2024-04-12 07:00:00+00:00,15.3,55.725456,0.0,16.1,0.108
2024-04-12 08:00:00+00:00,17.15,49.188507,0.0,18.4,0.108
2024-04-12 09:00:00+00:00,18.2,44.478115,0.0,20.2,0.108
2024-04-12 10:00:00+00:00,19.15,41.05135,0.0,21.7,0.108
2024-04-12 11:00:00+00:00,19.15,40.909348,0.0,22.2,0.108
2024-04-12 12:00:00+00:00,19.4,40.417404,0.0,22.45,0.108
2024-04-12 13:00:00+00:00,17.2,46.88184,0.0,21.9,0.111
2024-04-12 14:00:00+00:00,17.6,44.616924,0.0,21.35,0.111
2024-04-12 15:00:00+00:00,17.75,42.686813,0.0,20.75,0.111
2024-04-12 16:00:00+00:00,17.4,43.336403,0.0,19.8,0.111
2024-04-12 17:00:00+00:00,16.75,46.593895,0.0,18.9,0.111
2024-04-12 18:00:00+00:00,15.0,54.507633,0.0,17.8,0.111
2024-04-12 19:00:00+00:00,13.6,60.922943,0.0,16.7,0.111
2024-04-12 20:00:00+00:00,12.4,66.5769,0.0,15.75,0.111
2024-04-12 21:00:00+00:00,11.75,69.96695,0.0,14.95,0.111
2024-04-12 22:00:00+00:00,11.15,73.80746,0.0,14.25,0.111
2024-04-12 23:00:00+00:00,10.3,78.90942,0.0,13.55,0.111
2024-04-13 00:00:00+00:00,9.65,82.98454,0.0,12.9,0.111
2024-04-13 01:00:00+00:00,9.4,85.84711,0.0,12.95,0.107
2024-04-13 02:00:00+00:00,9.2,87.60717,0.0,12.4,0.107
2024-04-13 03:00:00+00:00,9.15,88.20363,0.0,11.95,0.107
2024-04-13 04:00:00+00:00,9.65,85.87314,0.0,11.7,0.107
2024-04-13 05:00:00+00:00,12.05,73.966934,0.0,12.45,0.107
2024-04-13 06:00:00+00:00,13.95,59.348667,0.0,13.95,0.107
2024-04-13 07:00:00+00:00,15.55,50.825714,0.0,15.85,0.107
2024-04-13 08:00:00+00:00,17.25,44.984634,0.0,18.05,0.107
2024-04-13 09:00:00+00:00,19.3,37.8042,0.0,20.25,0.107
2024-04-13 10:00:00+00:00,19.8,35.76132,0.1,21.65,0.108
2024-04-13 11:00:00+00:00,20.65,31.84989,0.1,22.5,0.109
2024-04-13 12:00:00+00:00,21.7,26.65359,0.0,23.5,0.109
2024-04-13 13:00:00+00:00,21.7,24.628447,0.0,23.75,0.108
2024-04-13 14:00:00+00:00,21.7,22.24887,0.0,23.55,0.108
2024-04-13 15:00:00+00:00,21.2,22.035772,0.0,22.85,0.109
2024-04-13 16:00:00+00:00,19.25,31.448534,0.0,21.65,0.109
2024-04-13 17:00:00+00:00,17.15,40.333523,0.0,20.25,0.109
2024-04-13 18:00:00+00:00,15.7,46.78764,0.0,18.95,0.109
2024-04-13 19:00:00+00:00,13.95,54.99329,0.0,17.7,0.109
2024-04-13 20:00:00+00:00,12.8,62.43807,0.0,16.65,0.109
2024-04-13 21:00:00+00:00,12.05,66.96237,0.0,15.75,0.109
2024-04-13 22:00:00+00:00,11.0,71.5278,0.0,14.85,0.109
2024-04-13 23:00:00+00:00,10.1,75.16409,0.0,14.05,0.109
2024-04-14 00:00:00+00:00,9.4,77.96206,0.0,13.25,0.109
2024-04-14 01:00:00+00:00,9.75,78.01617,0.0,13.8,0.096
2024-04-14 02:00:00+00:00,8.95,82.898,0.0,13.0,0.096
2024-04-14 03:00:00+00:00,7.75,90.544556,0.0,12.15,0.096
2024-04-14 04:00:00+00:00,8.25,88.12392,0.0,11.65,0.096
2024-04-14 05:00:00+00:00,10.85,71.25246,0.0,12.25,0.096
2024-04-14 06:00:00+00:00,12.85,52.81451,0.0,13.65,0.096
2024-04-14 07:00:00+00:00,14.45,44.501804,0.0,15.45,0.096
2024-04-14 08:00:00+00:00,16.1,37.81023,0.0,17.6,0.096
2024-04-14 09:00:00+00:00,17.5,32.31568,0.0,19.75,0.096
2024-04-14 10:00:00+00:00,19.3,24.963266,0.0,21.75,0.097
2024-04-14 11:00:00+00:00,21.4,16.524807,0.0,23.15,0.097
2024-04-14 12:00:00+00:00,21.15,18.434685,0.0,23.85,0.097
2024-04-14 13:00:00+00:00,20.9,18.580345,0.0,24.0,0.1
2024-04-14 14:00:00+00:00,21.8,11.947584,0.0,23.9,0.1
2024-04-14 15:00:00+00:00,19.05,22.449162,0.0,22.85,0.1
2024-04-14 16:00:00+00:00,17.8,25.194862,0.0,21.4,0.1
2024-04-14 17:00:00+00:00,15.65,32.959827,0.0,19.75,0.1
2024-04-14 18:00:00+00:00,14.05,40.148266,0.0,18.25,0.1
2024-04-14 19:00:00+00:00,12.6,46.57188,0.0,16.95,0.1
2024-04-14 20:00:00+00:00,11.4,52.050373,0.0,15.8,0.1
2024-04-14 21:00:00+00:00,10.65,56.48943,0.0,14.8,0.1
2024-04-14 22:00:00+00:00,10.0,60.908962,0.0,13.95,0.1
2024-04-14 23:00:00+00:00,9.35,64.30276,0.0,13.15,0.1
2024-04-15 00:00:00+00:00,8.85,66.97826,0.0,12.45,0.1
2024-04-15 01:00:00+00:00,8.05,71.71394,0.0,12.1,0.098
2024-04-15 02:00:00+00:00,7.2,76.26115,0.0,11.4,0.098
2024-04-15 03:00:00+00:00,6.1,82.24826,0.0,10.65,0.098
2024-04-15 04:00:00+00:00,7.4,75.491646,0.0,10.3,0.098
2024-04-15 05:00:00+00:00,10.45,61.667126,0.0,11.2,0.098
2024-04-15 06:00:00+00:00,12.6,51.63983,0.0,13.15,0.098
2024-04-15 07:00:00+00:00,14.4,45.606483,0.0,15.5,0.098
2024-04-15 08:00:00+00:00,16.1,40.02904,0.0,18.0,0.098
2024-04-15 09:00:00+00:00,17.7,35.278305,0.0,20.45,0.098
2024-04-15 10:00:00+00:00,19.2,31.322086,0.0,22.8,0.098
2024-04-15 11:00:00+00:00,20.5,27.681614,0.0,24.7,0.098
2024-04-15 12:00:00+00:00,21.45,25.462788,0.0,26.0,0.098
2024-04-15 13:00:00+00:00,21.8,24.744677,0.0,26.65,0.101
2024-04-15 14:00:00+00:00,21.85,23.794312,0.0,26.4,0.101
2024-04-15 15:00:00+00:00,21.35,23.659605,0.0,25.4,0.101
2024-04-15 16:00:00+00:00,18.85,32.01337,0.0,23.55,0.101
2024-04-15 17:00:00+00:00,16.85,31.321434,0.0,21.2,0.101
2024-04-15 18:00:00+00:00,17.7,27.292307,0.0,19.2,0.101
2024-04-15 19:00:00+00:00,14.4,34.691372,0.0,17.55,0.101
2024-04-15 20:00:00+00:00,12.75,40.79231,0.0,16.2,0.101
2024-04-15 21:00:00+00:00,12.65,43.824932,0.0,15.05,0.101
2024-04-15 22:00:00+00:00,11.6,48.505795,0.0,14.1,0.101
2024-04-15 23:00:00+00:00,11.05,46.29612,0.0,13.25,0.101
2024-04-16 00:00:00+00:00,10.8,42.189125,0.0,12.55,0.101
2024-04-16 01:00:00+00:00,12.35,36.436226,0.0,10.65,0.111
2024-04-16 02:00:00+00:00,12.3,36.28712,0.0,10.2,0.111
2024-04-16 03:00:00+00:00,8.05,48.560066,0.0,9.8,0.111
2024-04-16 04:00:00+00:00,9.15,47.986294,0.0,9.85,0.111
2024-04-16 05:00:00+00:00,13.2,38.33343,0.0,11.15,0.111
2024-04-16 06:00:00+00:00,16.25,30.360325,0.0,13.45,0.111
2024-04-16 07:00:00+00:00,18.65,25.524176,0.0,15.95,0.111
2024-04-16 08:00:00+00:00,20.75,23.156921,0.0,18.6,0.111
2024-04-16 09:00:00+00:00,22.8,21.26819,0.0,21.25,0.111
2024-04-16 10:00:00+00:00,24.4,19.384077,0.0,23.65,0.111
2024-04-16 11:00:00+00:00,25.6,17.084036,0.0,25.5,0.111
2024-04-16 12:00:00+00:00,26.45,15.1499605,0.0,26.75,0.111
2024-04-16 13:00:00+00:00,26.85,14.365985,0.0,27.25,0.114
2024-04-16 14:00:00+00:00,26.8,15.682944,0.0,27.15,0.114
2024-04-16 15:00:00+00:00,26.4,15.307253,0.0,26.4,0.114
2024-04-16 16:00:00+00:00,23.85,18.350908,0.0,24.9,0.114
2024-04-16 17:00:00+00:00,22.25,19.99425,0.0,23.2,0.114
2024-04-16 18:00:00+00:00,21.65,20.21141,0.0,21.95,0.114
2024-04-16 19:00:00+00:00,20.5,20.518536,0.0,20.9,0.114
2024-04-16 20:00:00+00:00,19.1,22.882954,0.0,19.9,0.114
2024-04-16 21:00:00+00:00,18.1,27.405308,0.0,19.05,0.115
2024-04-16 22:00:00+00:00,16.7,31.967337,0.0,18.25,0.115
2024-04-16 23:00:00+00:00,14.9,37.05491,0.0,17.35,0.115
2024-04-17 00:00:00+00:00,13.75,38.0783,0.0,16.35,0.115
2024-04-17 01:00:00+00:00,12.65,34.301556,0.0,15.8,0.115
2024-04-17 02:00:00+00:00,13.55,28.167624,0.0,15.15,0.115
2024-04-17 03:00:00+00:00,13.3,27.15553,0.0,14.8,0.115
2024-04-17 04:00:00+00:00,13.85,28.7893,0.0,14.5,0.115
2024-04-17 05:00:00+00:00,16.5,25.113857,0.0,15.35,0.115
2024-04-17 06:00:00+00:00,18.05,22.769876,0.0,16.85,0.115
2024-04-17 07:00:00+00:00,20.25,20.99296,0.0,19.05,0.115
2024-04-17 08:00:00+00:00,22.15,18.271246,0.0,21.55,0.115
2024-04-17 09:00:00+00:00,23.6,15.764576,0.0,24.0,0.115
2024-04-17 10:00:00+00:00,24.75,13.647514,0.0,26.0,0.115
2024-04-17 11:00:00+00:00,25.7,12.046483,0.0,27.5,0.115
2024-04-17 12:00:00+00:00,26.3,12.214212,0.0,28.4,0.115
2024-04-17 13:00:00+00:00,27.25,9.320698,0.0,29.05,0.117
2024-04-17 14:00:00+00:00,26.95,8.948904,0.0,28.65,0.117
2024-04-17 15:00:00+00:00,26.1,10.0902815,0.0,27.65,0.117
2024-04-17 16:00:00+00:00,24.2,11.299173,0.0,26.1,0.117
2024-04-17 17:00:00+00:00,22.55,15.699205,0.0,24.55,0.117
2024-04-17 18:00:00+00:00,21.0,20.119398,0.0,23.3,0.117
2024-04-17 19:00:00+00:00,19.5,20.79735,0.0,22.15,0.117
2024-04-17 20:00:00+00:00,18.0,25.625751,0.0,21.0,0.117
2024-04-17 21:00:00+00:00,16.9,33.444866,0.0,20.05,0.117
2024-04-17 22:00:00+00:00,16.65,33.492786,0.0,19.3,0.117
2024-04-17 23:00:00+00:00,15.1,38.19916,0.0,18.35,0.117
2024-04-18 00:00:00+00:00,14.45,43.252865,0.0,17.5,0.117
2024-04-18 01:00:00+00:00,15.4,35.239773,0.0,18.3,0.106
2024-04-18 02:00:00+00:00,15.0,37.084267,0.0,17.55,0.106
2024-04-18 03:00:00+00:00,14.35,39.09309,0.0,16.85,0.106
2024-04-18 04:00:00+00:00,15.15,36.994556,0.0,16.55,0.106
2024-04-18 05:00:00+00:00,16.6,35.463577,0.0,17.0,0.106
2024-04-18 06:00:00+00:00,18.55,33.924076,0.0,18.2,0.106
2024-04-18 07:00:00+00:00,20.3,30.318188,0.0,19.9,0.107
2024-04-18 08:00:00+00:00,21.6,26.913094,0.0,21.75,0.107
2024-04-18 09:00:00+00:00,23.1,24.217491,0.0,23.75,0.107
2024-04-18 10:00:00+00:00,24.35,23.279222,0.0,25.5,0.107
2024-04-18 11:00:00+00:00,25.1,21.09646,0.0,26.75,0.107
2024-04-18 12:00:00+00:00,25.4,19.49294,0.0,27.45,0.107
2024-04-18 13:00:00+00:00,24.95,21.133703,0.0,27.5,0.109
2024-04-18 14:00:00+00:00,24.2,22.182808,0.0,27.1,0.109
2024-04-18 15:00:00+00:00,22.65,26.162176,0.0,26.05,0.109
2024-04-18 16:00:00+00:00,22.1,25.458069,0.0,24.8,0.109
2024-04-18 17:00:00+00:00,20.0,32.002373,0.1,23.2,0.11
2024-04-18 18:00:00+00:00,19.2,35.46283,0.0,21.85,0.11
2024-04-18 19:00:00+00:00,18.7,34.945095,0.0,20.85,0.11
2024-04-18 20:00:00+00:00,15.4,54.61192,0.0,19.75,0.11
2024-04-18 21:00:00+00:00,14.35,60.892403,0.0,18.65,0.11
2024-04-18 22:00:00+00:00,13.75,63.742287,0.0,17.7,0.11
2024-04-18 23:00:00+00:00,12.8,68.04813,0.0,16.85,0.11
2024-04-19 00:00:00+00:00,12.2,71.02257,0.0,16.05,0.11
2024-04-19 01:00:00+00:00,12.4,70.57675,0.0,16.3,0.105
2024-04-19 02:00:00+00:00,11.25,79.049904,0.0,15.55,0.106
2024-04-19 03:00:00+00:00,9.85,88.5655,0.0,14.75,0.106
2024-04-19 04:00:00+00:00,11.2,82.612305,0.0,14.35,0.106
2024-04-19 05:00:00+00:00,13.4,71.73673,0.0,15.2,0.106
2024-04-19 06:00:00+00:00,15.15,55.495457,0.0,16.75,0.106
2024-04-19 07:00:00+00:00,16.7,47.23145,0.0,18.6,0.106
2024-04-19 08:00:00+00:00,18.05,40.310307,0.0,20.35,0.106
2024-04-19 09:00:00+00:00,19.4,34.900944,0.0,22.45,0.106
2024-04-19 10:00:00+00:00,21.0,29.142023,0.0,24.3,0.106
2024-04-19 11:00:00+00:00,21.55,27.876427,0.0,25.75,0.106
2024-04-19 12:00:00+00:00,22.15,26.024612,0.0,26.85,0.106
2024-04-19 13:00:00+00:00,22.0,26.263609,0.1,26.5,0.114
2024-04-19 14:00:00+00:00,21.85,26.128523,0.0,26.15,0.114
2024-04-19 15:00:00+00:00,21.1,26.487246,0.0,25.15,0.114
2024-04-19 16:00:00+00:00,20.45,27.469463,0.0,23.85,0.114
2024-04-19 17:00:00+00:00,17.3,35.66778,0.0,21.95,0.114
2024-04-19 18:00:00+00:00,16.7,36.39369,0.0,20.25,0.114
2024-04-19 19:00:00+00:00,16.65,33.73545,0.0,18.95,0.114
2024-04-19 20:00:00+00:00,15.45,35.89795,0.0,18.15,0.114
2024-04-19 21:00:00+00:00,12.8,48.842403,0.0,17.15,0.114
2024-04-19 22:00:00+00:00,13.6,47.52611,0.0,16.3,0.114
2024-04-19 23:00:00+00:00,13.3,47.950165,0.0,15.4,0.114
2024-04-20 00:00:00+00:00,12.0,52.21344,0.0,14.65,0.114
2024-04-20 01:00:00+00:00,11.1,51.4133,0.0,14.25,0.111
2024-04-20 02:00:00+00:00,11.8,61.98743,0.0,13.9,0.111
2024-04-20 03:00:00+00:00,11.9,62.01101,0.0,13.8,0.111
2024-04-20 04:00:00+00:00,13.5,49.560543,0.0,14.0,0.111
2024-04-20 05:00:00+00:00,15.85,40.96302,0.0,14.9,0.111
2024-04-20 06:00:00+00:00,17.7,37.20878,0.0,16.25,0.111
2024-04-20 07:00:00+00:00,20.5,31.582863,0.0,18.15,0.111
2024-04-20 08:00:00+00:00,21.4,30.201727,0.0,19.65,0.111
2024-04-20 09:00:00+00:00,21.5,30.76774,0.2,20.65,0.113
2024-04-20 10:00:00+00:00,15.9,64.225136,3.0,19.85,0.151
2024-04-20 11:00:00+00:00,14.8,51.154247,1.4,18.75,0.169
2024-04-20 12:00:00+00:00,15.15,47.12691,0.0,19.2,0.168
2024-04-20 13:00:00+00:00,13.3,51.46612,0.3,18.3,0.145
2024-04-20 14:00:00+00:00,14.55,47.29046,0.5,18.35,0.15
2024-04-20 15:00:00+00:00,12.9,59.91787,0.1,17.3,0.15
2024-04-20 16:00:00+00:00,11.45,65.91294,0.2,15.95,0.152
2024-04-20 17:00:00+00:00,10.8,68.33946,0.0,14.8,0.152
2024-04-20 18:00:00+00:00,10.5,65.93472,0.0,14.0,0.152
2024-04-20 19:00:00+00:00,10.1,65.15679,0.0,13.45,0.152
2024-04-20 20:00:00+00:00,9.55,65.49419,0.0,13.0,0.152
2024-04-20 21:00:00+00:00,9.0,68.20339,0.0,12.55,0.152
2024-04-20 22:00:00+00:00,8.7,70.09109,0.0,12.15,0.152
2024-04-20 23:00:00+00:00,8.1,73.25671,0.0,11.75,0.152
2024-04-21 00:00:00+00:00,7.45,77.38448,0.0,11.4,0.152
2024-04-21 01:00:00+00:00,8.25,83.67618,0.0,11.45,0.152
2024-04-21 02:00:00+00:00,6.55,92.68405,0.0,10.75,0.152
2024-04-21 03:00:00+00:00,6.75,89.223114,0.0,10.3,0.152
2024-04-21 04:00:00+00:00,7.6,82.729294,0.0,10.35,0.152
2024-04-21 05:00:00+00:00,8.65,75.70396,0.0,10.9,0.152
2024-04-21 06:00:00+00:00,10.45,66.154816,0.0,12.4,0.152
2024-04-21 07:00:00+00:00,12.1,57.263462,0.0,14.2,0.152
2024-04-21 08:00:00+00:00,13.4,49.183582,0.0,15.85,0.151
2024-04-21 09:00:00+00:00,15.05,39.298126,0.0,17.3,0.151
2024-04-21 10:00:00+00:00,17.05,29.930172,0.0,18.95,0.151
2024-04-21 11:00:00+00:00,18.25,25.226553,0.0,20.15,0.15
2024-04-21 12:00:00+00:00,19.3,21.215452,0.0,21.0,0.15
2024-04-21 13:00:00+00:00,17.1,31.736973,0.0,20.1,0.154
2024-04-21 14:00:00+00:00,17.6,29.439249,0.0,20.7,0.153
2024-04-21 15:00:00+00:00,17.7,27.79695,0.0,20.2,0.153
2024-04-21 16:00:00+00:00,16.9,29.131681,0.0,19.15,0.153
2024-04-21 17:00:00+00:00,14.8,35.707043,0.0,17.8,0.153
2024-04-21 18:00:00+00:00,13.85,38.246384,0.0,16.55,0.153
2024-04-21 19:00:00+00:00,13.25,39.195137,0.0,15.5,0.153
2024-04-21 20:00:00+00:00,13.0,39.98514,0.0,14.6,0.153
2024-04-21 21:00:00+00:00,12.0,43.953728,0.0,13.65,0.153
2024-04-21 22:00:00+00:00,13.85,37.969574,0.0,12.7,0.153
2024-04-21 23:00:00+00:00,12.9,40.5409,0.0,11.9,0.153
2024-04-22 00:00:00+00:00,12.5,41.46613,0.0,11.15,0.153
2024-04-22 01:00:00+00:00,11.6,43.2042,0.0,9.95,0.155
2024-04-22 02:00:00+00:00,10.85,45.40539,0.0,9.5,0.155
2024-04-22 03:00:00+00:00,10.2,47.070732,0.0,9.1,0.155
2024-04-22 04:00:00+00:00,9.1,59.40252,0.0,9.2,0.155
2024-04-22 05:00:00+00:00,12.35,44.214634,0.0,10.6,0.155
2024-04-22 06:00:00+00:00,14.55,40.29451,0.0,12.7,0.155
2024-04-22 07:00:00+00:00,15.95,36.56674,0.0,14.85,0.155
2024-04-22 08:00:00+00:00,17.65,32.359158,0.0,17.0,0.154
2024-04-22 09:00:00+00:00,19.0,28.783133,0.0,19.05,0.154
2024-04-22 10:00:00+00:00,19.3,30.24914,0.0,20.35,0.153
2024-04-22 11:00:00+00:00,20.25,28.723566,0.0,21.5,0.153
2024-04-22 12:00:00+00:00,21.3,25.2389,0.0,22.75,0.152
2024-04-22 13:00:00+00:00,21.1,25.9216,0.0,23.3,0.154
2024-04-22 14:00:00+00:00,21.15,25.28896,0.0,23.25,0.153
2024-04-22 15:00:00+00:00,20.75,24.54776,0.0,22.5,0.153
2024-04-22 16:00:00+00:00,19.1,28.295685,0.0,21.2,0.153
2024-04-22 17:00:00+00:00,17.6,30.75012,0.0,19.35,0.153
2024-04-22 18:00:00+00:00,16.95,31.578762,0.0,17.8,0.153
2024-04-22 19:00:00+00:00,14.55,38.45218,0.0,16.5,0.153
2024-04-22 20:00:00+00:00,12.55,44.113132,0.0,15.4,0.153
2024-04-22 21:00:00+00:00,13.0,44.402443,0.0,14.75,0.153
2024-04-22 22:00:00+00:00,13.85,44.171516,0.0,14.0,0.153
2024-04-22 23:00:00+00:00,15.35,40.527782,0.0,13.5,0.153
2024-04-23 00:00:00+00:00,14.15,45.697193,0.0,13.25,0.153
2024-04-23 01:00:00+00:00,15.35,42.748306,0.0,12.55,0.156
2024-04-23 02:00:00+00:00,11.7,54.789223,0.0,12.25,0.156
2024-04-23 03:00:00+00:00,12.0,54.097748,0.0,12.25,0.156
2024-04-23 04:00:00+00:00,12.65,59.856937,0.0,12.4,0.156
2024-04-23 05:00:00+00:00,15.25,45.84791,0.0,13.35,0.156
2024-04-23 06:00:00+00:00,17.85,35.700764,0.0,15.3,0.155
2024-04-23 07:00:00+00:00,19.8,33.805515,0.0,17.25,0.155
2024-04-23 08:00:00+00:00,22.0,31.346163,0.0,19.5,0.155
2024-04-23 09:00:00+00:00,24.15,27.04525,0.0,21.95,0.154
2024-04-23 10:00:00+00:00,25.9,23.276573,0.0,24.05,0.153
2024-04-23 11:00:00+00:00,27.75,19.448769,0.0,25.65,0.152
2024-04-23 12:00:00+00:00,28.5,16.903595,0.0,26.65,0.152
2024-04-23 13:00:00+00:00,28.05,17.85772,0.0,25.85,0.157
2024-04-23 14:00:00+00:00,28.45,15.600848,0.0,26.0,0.157
2024-04-23 15:00:00+00:00,27.15,17.139294,0.0,25.45,0.156
2024-04-23 16:00:00+00:00,24.5,22.023367,0.0,24.15,0.156
2024-04-23 17:00:00+00:00,22.8,22.785398,0.0,22.65,0.156
2024-04-23 18:00:00+00:00,22.4,22.19085,0.0,21.55,0.156
2024-04-23 19:00:00+00:00,21.0,24.795017,0.0,20.55,0.156
2024-04-23 20:00:00+00:00,19.75,27.174822,0.0,19.65,0.156
2024-04-23 21:00:00+00:00,18.95,26.175566,0.0,18.85,0.155
2024-04-23 22:00:00+00:00,18.9,24.761913,0.0,18.3,0.155
2024-04-23 23:00:00+00:00,18.8,24.46264,0.0,17.95,0.155
2024-04-24 00:00:00+00:00,19.3,23.192535,0.0,17.85,0.155
2024-04-24 01:00:00+00:00,18.3,25.240414,0.0,18.65,0.156
2024-04-24 02:00:00+00:00,17.75,27.709536,0.0,18.1,0.156
2024-04-24 03:00:00+00:00,18.4,25.737097,0.0,17.65,0.156
2024-04-24 04:00:00+00:00,19.1,24.544952,0.0,17.45,0.156
2024-04-24 05:00:00+00:00,21.6,21.111391,0.0,18.15,0.156
2024-04-24 06:00:00+00:00,22.3,22.245235,0.0,19.15,0.155
2024-04-24 07:00:00+00:00,24.8,19.625917,0.0,20.8,0.155
2024-04-24 08:00:00+00:00,26.25,17.113144,0.0,22.1,0.154
2024-04-24 09:00:00+00:00,27.65,16.10971,0.0,23.55,0.154
2024-04-24 10:00:00+00:00,30.0,14.058432,0.0,25.3,0.153
2024-04-24 11:00:00+00:00,30.75,11.374467,0.0,26.85,0.152
2024-04-24 12:00:00+00:00,31.25,10.416091,0.0,27.4,0.152
2024-04-24 13:00:00+00:00,29.4,13.878949,0.0,27.05,0.157
2024-04-24 14:00:00+00:00,29.0,14.838943,0.0,26.85,0.156
2024-04-24 15:00:00+00:00,28.4,14.814504,0.0,26.45,0.156
2024-04-24 16:00:00+00:00,26.3,17.566778,0.0,25.5,0.155
2024-04-24 17:00:00+00:00,25.15,18.80656,0.0,24.45,0.155
2024-04-24 18:00:00+00:00,24.2,19.761084,0.0,23.55,0.155
2024-04-24 19:00:00+00:00,23.5,17.997444,0.0,22.8,0.155
2024-04-24 20:00:00+00:00,22.95,17.275736,0.0,22.2,0.155
2024-04-24 21:00:00+00:00,22.55,17.568502,0.0,21.7,0.155
2024-04-24 22:00:00+00:00,22.0,18.784874,0.0,21.3,0.154
2024-04-24 23:00:00+00:00,21.15,21.941929,0.0,20.9,0.154
2024-04-25 00:00:00+00:00,21.1,20.904085,0.0,20.6,0.154
2024-04-25 01:00:00+00:00,21.2,22.607822,0.0,21.35,0.153
2024-04-25 02:00:00+00:00,20.6,27.118868,0.0,20.85,0.152
2024-04-25 03:00:00+00:00,18.6,41.466343,0.1,20.2,0.153
2024-04-25 04:00:00+00:00,20.85,31.794838,0.0,19.9,0.153
2024-04-25 05:00:00+00:00,21.75,29.146845,0.0,20.1,0.153
2024-04-25 06:00:00+00:00,21.9,28.77909,0.0,20.35,0.153
2024-04-25 07:00:00+00:00,22.9,26.417881,0.0,21.05,0.153
2024-04-25 08:00:00+00:00,21.25,35.804573,0.3,21.25,0.155
2024-04-25 09:00:00+00:00,23.65,26.437046,0.0,21.3,0.155
2024-04-25 10:00:00+00:00,25.65,19.344866,0.0,22.2,0.154
2024-04-25 11:00:00+00:00,27.6,16.998226,0.0,23.15,0.154
2024-04-25 12:00:00+00:00,27.15,18.822819,0.0,23.95,0.154
2024-04-25 13:00:00+00:00,29.35,14.488913,0.0,26.8,0.158
2024-04-25 14:00:00+00:00,27.8,17.292938,0.0,26.6,0.157
2024-04-25 15:00:00+00:00,27.2,19.175188,0.0,26.1,0.157
2024-04-25 16:00:00+00:00,25.15,22.351707,0.0,25.15,0.157
2024-04-25 17:00:00+00:00,24.7,22.796782,0.0,24.35,0.156
2024-04-25 18:00:00+00:00,23.7,24.205967,0.0,23.55,0.156
2024-04-25 19:00:00+00:00,22.35,27.606865,0.1,22.85,0.157
2024-04-25 20:00:00+00:00,20.05,38.02039,0.0,21.85,0.156
2024-04-25 21:00:00+00:00,20.5,33.064816,0.0,21.2,0.156
2024-04-25 22:00:00+00:00,17.5,54.41161,0.8,19.65,0.165
2024-04-25 23:00:00+00:00,17.25,49.726055,0.0,18.65,0.165
2024-04-26 00:00:00+00:00,13.85,76.81676,1.3,17.9,0.181
2024-04-26 01:00:00+00:00,16.8,49.774498,0.0,19.7,0.155
2024-04-26 02:00:00+00:00,16.35,50.169075,0.0,18.65,0.155
2024-04-26 03:00:00+00:00,15.65,51.92055,0.0,17.75,0.155
2024-04-26 04:00:00+00:00,16.85,50.826714,0.0,17.65,0.155
2024-04-26 05:00:00+00:00,17.85,42.715393,0.0,18.25,0.155
2024-04-26 06:00:00+00:00,19.25,39.541794,0.0,19.6,0.155
2024-04-26 07:00:00+00:00,21.1,35.39077,0.0,21.55,0.155
2024-04-26 08:00:00+00:00,22.55,32.055866,0.0,23.7,0.154
2024-04-26 09:00:00+00:00,23.75,29.297972,0.0,25.6,0.153
2024-04-26 10:00:00+00:00,24.05,26.360613,0.0,26.9,0.153
2024-04-26 11:00:00+00:00,25.15,24.682392,0.0,28.0,0.152
2024-04-26 12:00:00+00:00,26.3,20.43613,0.0,28.85,0.151
2024-04-26 13:00:00+00:00,28.15,11.125416,0.0,29.0,0.151
2024-04-26 14:00:00+00:00,25.95,15.262069,0.0,28.5,0.151
2024-04-26 15:00:00+00:00,25.2,15.548391,0.0,27.5,0.15
2024-04-26 16:00:00+00:00,23.4,17.513414,0.0,26.05,0.15
2024-04-26 17:00:00+00:00,19.25,38.18786,0.0,24.15,0.15
2024-04-26 18:00:00+00:00,18.05,47.118595,0.0,22.6,0.15
2024-04-26 19:00:00+00:00,16.65,58.79816,0.0,21.3,0.15
2024-04-26 20:00:00+00:00,15.2,66.71959,0.0,20.1,0.15
2024-04-26 21:00:00+00:00,13.9,71.83036,0.0,19.05,0.15
2024-04-26 22:00:00+00:00,12.8,76.64898,0.0,18.05,0.15
2024-04-26 23:00:00+00:00,11.85,81.30943,0.0,17.15,0.15
2024-04-27 00:00:00+00:00,11.0,86.59538,0.0,16.35,0.15
2024-04-27 01:00:00+00:00,10.35,92.894356,0.0,15.95,0.146
2024-04-27 02:00:00+00:00,10.1,94.7766,0.0,15.3,0.146
2024-04-27 03:00:00+00:00,9.5,97.01754,0.0,14.75,0.146
2024-04-27 04:00:00+00:00,11.1,89.87159,0.0,14.7,0.146
2024-04-27 05:00:00+00:00,13.7,75.51496,0.0,15.7,0.146
2024-04-27 06:00:00+00:00,16.05,63.827507,0.0,17.45,0.146
2024-04-27 07:00:00+00:00,18.4,55.75835,0.0,19.7,0.146
2024-04-27 08:00:00+00:00,20.5,50.433846,0.0,22.15,0.145
2024-04-27 09:00:00+00:00,22.8,45.005535,0.0,24.6,0.145
2024-04-27 10:00:00+00:00,24.7,37.16264,0.0,26.75,0.144
2024-04-27 11:00:00+00:00,26.2,28.872982,0.0,28.3,0.144
2024-04-27 12:00:00+00:00,27.0,24.403694,0.0,29.15,0.143
2024-04-27 13:00:00+00:00,23.65,37.75048,0.6,27.3,0.15
2024-04-27 14:00:00+00:00,24.0,33.832012,0.0,26.1,0.15
2024-04-27 15:00:00+00:00,22.0,43.009754,0.4,24.7,0.153
2024-04-27 16:00:00+00:00,20.25,50.366913,0.0,23.15,0.153
2024-04-27 17:00:00+00:00,18.75,56.789833,0.0,21.95,0.153
2024-04-27 18:00:00+00:00,17.75,60.669704,0.0,20.8,0.153
2024-04-27 19:00:00+00:00,17.65,62.288933,0.2,20.0,0.155
2024-04-27 20:00:00+00:00,17.4,66.29597,0.0,19.15,0.155
2024-04-27 21:00:00+00:00,16.15,73.45262,0.0,18.45,0.155
2024-04-27 22:00:00+00:00,14.9,80.903435,0.0,17.8,0.155
2024-04-27 23:00:00+00:00,14.15,83.8028,0.0,17.2,0.155
2024-04-28 00:00:00+00:00,14.1,81.33445,0.0,16.75,0.155
2024-04-28 01:00:00+00:00,13.9,89.78503,0.6,16.45,0.259
2024-04-28 02:00:00+00:00,13.85,90.670586,0.1,16.0,0.259
2024-04-28 03:00:00+00:00,13.8,90.66713,0.0,15.65,0.259
2024-04-28 04:00:00+00:00,14.05,91.580284,1.7,15.55,0.282
2024-04-28 05:00:00+00:00,15.1,88.13451,0.0,16.05,0.281
2024-04-28 06:00:00+00:00,16.9,77.29458,0.0,17.6,0.28
2024-04-28 07:00:00+00:00,17.35,71.99029,1.7,18.55,0.298
2024-04-28 08:00:00+00:00,17.95,70.46581,1.7,19.3,0.317
2024-04-28 09:00:00+00:00,18.4,69.17998,0.3,19.6,0.317
2024-04-28 10:00:00+00:00,20.05,59.61834,0.0,21.05,0.313
2024-04-28 11:00:00+00:00,21.75,50.43119,0.0,22.9,0.309
2024-04-28 12:00:00+00:00,22.55,45.389175,0.0,24.3,0.305
2024-04-28 13:00:00+00:00,21.85,48.32347,0.0,24.95,0.256
2024-04-28 14:00:00+00:00,21.55,47.760605,0.0,24.75,0.254
2024-04-28 15:00:00+00:00,20.8,47.71576,0.0,23.9,0.253
2024-04-28 16:00:00+00:00,19.75,49.895283,0.0,22.7,0.252
2024-04-28 17:00:00+00:00,17.8,55.793922,0.0,21.35,0.251
2024-04-28 18:00:00+00:00,16.95,62.33654,0.0,20.2,0.251
2024-04-28 19:00:00+00:00,15.9,68.91137,0.0,19.25,0.251
2024-04-28 20:00:00+00:00,14.8,73.9505,0.0,18.35,0.25
2024-04-28 21:00:00+00:00,14.5,74.14577,0.0,17.8,0.25
2024-04-28 22:00:00+00:00,14.05,76.84853,0.0,17.3,0.249
2024-04-28 23:00:00+00:00,13.2,88.846275,2.0,16.65,0.274
2024-04-29 00:00:00+00:00,13.2,93.04627,0.2,15.95,0.275
2024-04-29 01:00:00+00:00,13.05,94.58192,0.8,15.95,0.332
2024-04-29 02:00:00+00:00,12.6,93.94118,0.1,15.35,0.33
2024-04-29 03:00:00+00:00,12.45,93.62419,0.0,14.95,0.327
2024-04-29 04:00:00+00:00,12.6,93.63146,0.0,14.85,0.324
2024-04-29 05:00:00+00:00,13.45,88.281685,0.0,15.3,0.322
2024-04-29 06:00:00+00:00,14.9,79.84112,0.0,16.3,0.32
2024-04-29 07:00:00+00:00,17.45,65.43215,0.0,18.1,0.316
2024-04-29 08:00:00+00:00,19.0,58.974094,0.0,19.85,0.313
2024-04-29 09:00:00+00:00,20.3,55.129513,0.0,21.45,0.309
2024-04-29 10:00:00+00:00,21.25,52.692837,0.0,23.0,0.305
2024-04-29 11:00:00+00:00,22.2,49.721043,0.0,24.3,0.302
2024-04-29 12:00:00+00:00,23.1,45.844948,0.0,25.15,0.298
2024-04-29 13:00:00+00:00,22.0,52.02296,0.0,24.85,0.313
2024-04-29 14:00:00+00:00,21.6,51.918133,0.0,24.45,0.31
2024-04-29 15:00:00+00:00,20.55,54.828373,0.0,23.5,0.308
2024-04-29 16:00:00+00:00,16.8,72.604034,1.8,22.1,0.328
2024-04-29 17:00:00+00:00,14.75,83.59638,0.6,19.9,0.333
2024-04-29 18:00:00+00:00,14.85,89.856415,0.1,18.5,0.331
2024-04-29 19:00:00+00:00,14.7,91.919914,0.0,17.7,0.329
2024-04-29 20:00:00+00:00,14.25,96.49627,0.0,17.15,0.327
2024-04-29 21:00:00+00:00,14.15,95.86782,0.0,16.5,0.324
2024-04-29 22:00:00+00:00,12.45,98.3712,0.0,15.85,0.322
2024-04-29 23:00:00+00:00,12.0,98.04145,0.0,15.35,0.321
2024-04-30 00:00:00+00:00,11.95,98.04069,0.0,14.9,0.319
2024-04-30 01:00:00+00:00,12.05,97.719215,0.0,14.95,0.343
2024-04-30 02:00:00+00:00,12.35,98.04677,0.0,14.6,0.34
2024-04-30 03:00:00+00:00,11.45,99.34052,0.0,14.3,0.338
2024-04-30 04:00:00+00:00,12.95,96.46119,0.1,14.35,0.335
2024-04-30 05:00:00+00:00,14.65,88.38437,0.0,15.2,0.333
2024-04-30 06:00:00+00:00,16.45,76.21723,0.0,16.8,0.33
2024-04-30 07:00:00+00:00,18.2,67.79106,0.0,18.45,0.327
2024-04-30 08:00:00+00:00,19.4,60.65483,0.0,19.8,0.324
2024-04-30 09:00:00+00:00,20.3,55.680805,0.0,20.85,0.321
2024-04-30 10:00:00+00:00,21.45,52.2237,0.0,22.0,0.317
2024-04-30 11:00:00+00:00,22.15,50.872936,0.0,22.95,0.313
2024-04-30 12:00:00+00:00,22.6,49.992798,0.0,23.7,0.31
2024-04-30 13:00:00+00:00,22.75,49.376568,0.0,24.3,0.309
2024-04-30 14:00:00+00:00,22.55,48.99756,0.0,24.05,0.306
2024-04-30 15:00:00+00:00,21.1,51.95911,0.0,23.3,0.304
2024-04-30 16:00:00+00:00,16.1,80.798225,3.3,20.85,0.344
2024-04-30 17:00:00+00:00,16.4,87.39471,0.3,19.25,0.344
2024-04-30 18:00:00+00:00,16.05,90.821335,0.6,18.15,0.349
2024-04-30 19:00:00+00:00,15.4,94.67752,0.8,17.4,0.356
2024-04-30 20:00:00+00:00,15.15,94.667465,3.0,16.9,0.392
2024-04-30 21:00:00+00:00,14.8,96.510956,1.3,16.55,0.394
2024-04-30 22:00:00+00:00,13.95,98.39004,0.9,16.2,0.396
2024-04-30 23:00:00+00:00,13.65,98.06634,1.7,15.8,0.405
2024-05-01 00:00:00+00:00,13.15,96.78323,5.9,15.35,0.424
2024-05-01 01:00:00+00:00,14.35,94.327576,0.3,16.15,0.342
2024-05-01 02:00:00+00:00,13.8,94.61271,0.1,15.6,0.34
2024-05-01 03:00:00+00:00,12.65,95.82016,0.4,15.05,0.343
2024-05-01 04:00:00+00:00,13.65,92.15836,3.1,15.05,0.382
2024-05-01 05:00:00+00:00,13.8,91.56456,1.6,15.35,0.391
2024-05-01 06:00:00+00:00,14.85,86.68266,0.0,16.0,0.381
2024-05-01 07:00:00+00:00,16.65,76.75122,0.0,17.3,0.374
2024-05-01 08:00:00+00:00,18.5,68.52303,0.0,19.0,0.367
2024-05-01 09:00:00+00:00,18.9,66.176254,0.1,19.85,0.361
2024-05-01 10:00:00+00:00,20.0,61.196175,0.1,21.1,0.356
2024-05-01 11:00:00+00:00,20.95,55.84426,0.0,22.2,0.351
2024-05-01 12:00:00+00:00,21.8,51.627987,0.0,22.9,0.346
2024-05-01 13:00:00+00:00,18.0,67.973694,0.3,21.95,0.38
2024-05-01 14:00:00+00:00,18.75,56.789833,0.0,21.75,0.372
2024-05-01 15:00:00+00:00,18.15,56.4496,0.0,21.1,0.366
2024-05-01 16:00:00+00:00,17.45,61.416042,0.0,20.15,0.362
2024-05-01 17:00:00+00:00,15.75,73.62578,0.1,19.0,0.359
2024-05-01 18:00:00+00:00,14.2,83.80858,0.0,17.8,0.355
2024-05-01 19:00:00+00:00,13.75,84.59362,0.0,16.95,0.352
2024-05-01 20:00:00+00:00,13.2,83.971535,0.0,16.3,0.35
2024-05-01 21:00:00+00:00,12.25,86.717735,0.0,15.7,0.347
2024-05-01 22:00:00+00:00,11.9,87.266426,0.0,15.25,0.345
2024-05-01 23:00:00+00:00,11.2,90.787994,0.0,14.85,0.343
2024-05-02 00:00:00+00:00,10.4,95.10719,0.0,14.4,0.341
2024-05-02 01:00:00+00:00,10.05,98.67038,0.0,14.0,0.344
2024-05-02 02:00:00+00:00,9.3,99.66414,0.0,13.45,0.342
2024-05-02 03:00:00+00:00,9.3,99.66414,0.0,13.0,0.341
2024-05-02 04:00:00+00:00,9.85,97.35225,0.0,13.0,0.339
2024-05-02 05:00:00+00:00,11.05,88.96605,0.0,13.6,0.337
2024-05-02 06:00:00+00:00,12.6,78.9807,0.0,14.6,0.335
2024-05-02 07:00:00+00:00,13.9,70.151306,0.1,15.75,0.334
2024-05-02 08:00:00+00:00,14.65,65.48401,0.0,16.5,0.332
2024-05-02 09:00:00+00:00,15.8,59.392986,0.0,17.35,0.33
2024-05-02 10:00:00+00:00,16.75,54.588173,0.1,18.1,0.328
2024-05-02 11:00:00+00:00,17.95,49.238457,0.1,18.8,0.326
2024-05-02 12:00:00+00:00,18.6,46.150833,0.0,19.4,0.323
2024-05-02 13:00:00+00:00,18.05,49.60366,0.0,20.1,0.326
2024-05-02 14:00:00+00:00,17.85,50.06014,0.0,19.9,0.324
2024-05-02 15:00:00+00:00,17.1,51.95113,0.0,19.45,0.322
2024-05-02 16:00:00+00:00,15.35,55.54694,0.0,18.55,0.321
2024-05-02 17:00:00+00:00,13.5,59.443707,0.0,17.4,0.32
2024-05-02 18:00:00+00:00,12.5,64.78723,0.0,16.35,0.319
2024-05-02 19:00:00+00:00,11.9,69.04024,0.0,15.6,0.318
2024-05-02 20:00:00+00:00,11.75,70.6925,0.0,15.1,0.317
2024-05-02 21:00:00+00:00,10.25,78.63156,0.0,14.4,0.316
2024-05-02 22:00:00+00:00,9.75,82.14773,0.0,13.85,0.315
2024-05-02 23:00:00+00:00,9.05,86.697876,0.0,13.35,0.315
2024-05-03 00:00:00+00:00,8.5,90.28849,0.0,12.9,0.314
2024-05-03 01:00:00+00:00,8.45,93.42624,0.0,13.25,0.314
2024-05-03 02:00:00+00:00,8.0,96.32272,0.0,12.7,0.313
2024-05-03 03:00:00+00:00,7.75,96.645454,0.0,12.2,0.312
2024-05-03 04:00:00+00:00,9.35,88.52269,0.0,12.3,0.312
2024-05-03 05:00:00+00:00,10.8,80.61785,0.0,12.9,0.311
2024-05-03 06:00:00+00:00,11.75,75.44397,0.2,13.35,0.312
2024-05-03 07:00:00+00:00,13.1,68.110176,0.1,14.15,0.312
2024-05-03 08:00:00+00:00,14.7,59.94114,0.1,15.3,0.311
2024-05-03 09:00:00+00:00,15.75,55.0799,0.1,16.45,0.31
2024-05-03 10:00:00+00:00,17.05,49.161102,0.1,17.4,0.309
2024-05-03 11:00:00+00:00,18.45,42.88658,0.1,18.55,0.307
2024-05-03 12:00:00+00:00,18.6,44.591072,0.0,19.35,0.305
2024-05-03 13:00:00+00:00,17.4,49.937954,0.2,18.9,0.311
2024-05-03 14:00:00+00:00,17.35,49.753304,0.1,18.75,0.31
2024-05-03 15:00:00+00:00,16.7,55.1364,0.0,18.35,0.309
2024-05-03 16:00:00+00:00,15.65,60.58031,0.0,17.65,0.308
2024-05-03 17:00:00+00:00,13.2,70.97259,0.0,16.45,0.308
2024-05-03 18:00:00+00:00,12.25,80.27297,0.8,15.35,0.315
2024-05-03 19:00:00+00:00,11.1,90.17385,1.4,14.3,0.332
2024-05-03 20:00:00+00:00,11.2,91.70492,0.1,13.55,0.332
2024-05-03 21:00:00+00:00,11.2,88.08555,0.0,12.75,0.331
2024-05-03 22:00:00+00:00,9.65,96.045586,0.4,12.2,0.336
2024-05-03 23:00:00+00:00,9.65,96.045586,0.0,11.85,0.335
2024-05-04 00:00:00+00:00,9.15,97.66705,0.0,11.4,0.334
2024-05-04 01:00:00+00:00,8.85,95.04824,0.6,11.6,0.318
2024-05-04 02:00:00+00:00,9.0,91.56542,0.1,11.3,0.319
2024-05-04 03:00:00+00:00,7.3,97.63282,0.0,10.8,0.318
2024-05-04 04:00:00+00:00,8.95,94.088844,0.0,10.85,0.318
2024-05-04 05:00:00+00:00,10.65,84.53107,0.0,11.85,0.317
2024-05-04 06:00:00+00:00,12.2,73.24058,0.0,13.35,0.316
2024-05-04 07:00:00+00:00,13.75,54.55934,0.1,14.95,0.315
2024-05-04 08:00:00+00:00,15.0,45.93871,0.0,16.5,0.313
2024-05-04 09:00:00+00:00,16.1,43.115814,0.0,17.95,0.31
2024-05-04 10:00:00+00:00,16.75,35.25363,0.0,19.1,0.307
2024-05-04 11:00:00+00:00,17.0,36.221783,0.1,19.8,0.305
2024-05-04 12:00:00+00:00,17.5,37.150623,0.1,20.0,0.304
2024-05-04 13:00:00+00:00,16.25,41.517002,0.1,19.45,0.298
2024-05-04 14:00:00+00:00,15.45,42.47502,0.0,19.1,0.296
2024-05-04 15:00:00+00:00,15.05,42.965904,0.0,18.45,0.295
2024-05-04 16:00:00+00:00,13.75,49.805016,0.0,17.35,0.295
2024-05-04 17:00:00+00:00,12.25,57.704884,0.0,16.15,0.294
2024-05-04 18:00:00+00:00,11.15,62.050816,0.0,15.15,0.294
2024-05-04 19:00:00+00:00,10.4,66.375725,0.0,14.35,0.293
2024-05-04 20:00:00+00:00,10.0,69.37471,0.0,13.75,0.293
2024-05-04 21:00:00+00:00,9.0,82.334496,0.5,13.0,0.298
2024-05-04 22:00:00+00:00,8.8,88.77891,0.1,12.25,0.298
2024-05-04 23:00:00+00:00,8.55,87.84833,0.0,11.65,0.298
2024-05-05 00:00:00+00:00,8.1,89.94928,0.0,11.2,0.298
2024-05-05 01:00:00+00:00,8.7,87.86194,0.0,11.15,0.327
2024-05-05 02:00:00+00:00,8.15,88.11501,0.0,10.75,0.326
2024-05-05 03:00:00+00:00,7.65,86.259254,0.0,10.25,0.325
2024-05-05 04:00:00+00:00,8.25,80.262054,0.0,10.2,0.324
2024-05-05 05:00:00+00:00,9.6,69.29349,0.0,10.8,0.323
2024-05-05 06:00:00+00:00,11.35,59.95821,0.0,12.05,0.321
2024-05-05 07:00:00+00:00,12.6,53.30891,0.1,13.4,0.321
2024-05-05 08:00:00+00:00,13.85,45.61166,0.2,14.55,0.32
2024-05-05 09:00:00+00:00,14.85,43.06104,0.1,15.7,0.318
2024-05-05 10:00:00+00:00,15.45,41.138733,0.0,16.8,0.316
2024-05-05 11:00:00+00:00,16.4,37.360508,0.0,17.9,0.313
2024-05-05 12:00:00+00:00,16.45,34.91388,0.0,18.45,0.311
2024-05-05 13:00:00+00:00,15.8,34.723736,0.0,18.0,0.315
2024-05-05 14:00:00+00:00,15.4,34.858597,0.0,17.8,0.313
2024-05-05 15:00:00+00:00,14.55,35.503956,0.0,17.2,0.312
2024-05-05 16:00:00+00:00,13.15,42.110214,0.0,16.2,0.311
2024-05-05 17:00:00+00:00,11.1,45.975708,0.0,15.0,0.31
2024-05-05 18:00:00+00:00,9.3,50.363464,0.0,13.85,0.309
2024-05-05 19:00:00+00:00,8.05,53.42353,0.0,12.9,0.308
2024-05-05 20:00:00+00:00,7.15,55.166763,0.0,12.05,0.308
2024-05-05 21:00:00+00:00,6.4,58.081078,0.0,11.3,0.307
2024-05-05 22:00:00+00:00,5.55,62.502125,0.0,10.65,0.307
2024-05-05 23:00:00+00:00,4.95,66.12251,0.0,10.05,0.306
2024-05-06 00:00:00+00:00,4.2,70.70392,0.0,9.45,0.306
2024-05-06 01:00:00+00:00,4.35,76.32916,0.0,9.7,0.305
2024-05-06 02:00:00+00:00,3.55,81.03153,0.0,9.05,0.304
2024-05-06 03:00:00+00:00,3.15,83.35116,0.0,8.5,0.304
2024-05-06 04:00:00+00:00,4.9,76.97227,0.0,8.6,0.303
2024-05-06 05:00:00+00:00,6.85,65.35653,0.0,9.65,0.303
2024-05-06 06:00:00+00:00,8.6,55.551662,0.0,11.2,0.302
2024-05-06 07:00:00+00:00,10.15,46.71444,0.0,13.05,0.3
2024-05-06 08:00:00+00:00,11.8,40.06978,0.0,14.9,0.298
2024-05-06 09:00:00+00:00,13.25,35.120388,0.0,16.6,0.296
2024-05-06 10:00:00+00:00,14.5,30.638592,0.0,18.1,0.293
2024-05-06 11:00:00+00:00,15.45,27.462994,0.0,19.15,0.291
2024-05-06 12:00:00+00:00,16.2,24.108662,0.0,19.75,0.289
2024-05-06 13:00:00+00:00,16.5,24.373484,0.0,19.95,0.287
2024-05-06 14:00:00+00:00,16.4,26.136337,0.0,19.6,0.285
2024-05-06 15:00:00+00:00,16.2,26.768293,0.0,18.75,0.284
2024-05-06 16:00:00+00:00,14.65,44.244026,0.0,17.55,0.283
2024-05-06 17:00:00+00:00,14.15,34.239113,0.0,15.75,0.283
2024-05-06 18:00:00+00:00,12.6,40.30567,0.0,14.25,0.283
2024-05-06 19:00:00+00:00,9.4,53.016575,0.0,13.1,0.283
2024-05-06 20:00:00+00:00,9.0,51.204624,0.0,12.25,0.282
2024-05-06 21:00:00+00:00,8.75,47.1724,0.0,11.7,0.282
2024-05-06 22:00:00+00:00,8.15,48.768078,0.0,11.2,0.282
2024-05-06 23:00:00+00:00,7.35,53.232895,0.0,10.7,0.282
2024-05-07 00:00:00+00:00,6.15,59.96197,0.0,10.2,0.282
2024-05-07 01:00:00+00:00,4.55,73.38831,0.0,9.8,0.276
2024-05-07 02:00:00+00:00,3.75,77.90324,0.0,9.25,0.276
2024-05-07 03:00:00+00:00,3.9,77.08619,0.0,8.7,0.276
2024-05-07 04:00:00+00:00,6.5,64.34032,0.0,9.0,0.276
2024-05-07 05:00:00+00:00,9.25,51.273903,0.0,10.25,0.275
2024-05-07 06:00:00+00:00,10.95,46.26741,0.0,11.9,0.275
2024-05-07 07:00:00+00:00,12.65,43.509823,0.0,13.85,0.273
2024-05-07 08:00:00+00:00,14.35,39.66092,0.0,15.85,0.272
2024-05-07 09:00:00+00:00,15.85,35.49956,0.0,17.7,0.27
2024-05-07 10:00:00+00:00,17.15,31.751467,0.0,19.25,0.268
2024-05-07 11:00:00+00:00,18.2,28.659746,0.0,20.5,0.265
2024-05-07 12:00:00+00:00,18.95,25.142319,0.0,21.25,0.263
2024-05-07 13:00:00+00:00,19.6,20.66855,0.0,21.4,0.261
2024-05-07 14:00:00+00:00,19.5,20.488754,0.0,21.1,0.259
2024-05-07 15:00:00+00:00,19.0,21.455008,0.0,20.3,0.258
2024-05-07 16:00:00+00:00,16.7,57.043976,0.0,19.05,0.257
2024-05-07 17:00:00+00:00,17.25,29.661745,0.0,17.2,0.257
2024-05-07 18:00:00+00:00,16.15,32.040134,0.0,15.6,0.257
2024-05-07 19:00:00+00:00,14.7,35.034138,0.0,14.35,0.257
2024-05-07 20:00:00+00:00,14.3,34.788956,0.0,13.35,0.257
2024-05-07 21:00:00+00:00,13.8,34.64156,0.0,12.5,0.257
2024-05-07 22:00:00+00:00,13.7,33.98109,0.0,11.85,0.257
2024-05-07 23:00:00+00:00,13.4,34.65087,0.0,11.25,0.257
2024-05-08 00:00:00+00:00,12.65,36.93061,0.0,10.75,0.257
2024-05-08 01:00:00+00:00,11.3,51.83756,0.0,9.85,0.257
2024-05-08 02:00:00+00:00,9.85,56.686176,0.0,9.5,0.257
2024-05-08 03:00:00+00:00,8.85,60.19677,0.0,9.2,0.257
2024-05-08 04:00:00+00:00,9.3,60.738956,0.0,9.7,0.257
2024-05-08 05:00:00+00:00,12.3,57.113632,0.0,11.25,0.257
2024-05-08 06:00:00+00:00,14.4,47.750904,0.0,13.2,0.256
2024-05-08 07:00:00+00:00,16.25,41.9592,0.0,15.3,0.255
2024-05-08 08:00:00+00:00,17.85,35.447803,0.0,17.4,0.253
2024-05-08 09:00:00+00:00,19.15,31.419811,0.0,19.3,0.251
2024-05-08 10:00:00+00:00,20.2,28.606731,0.0,20.95,0.249
2024-05-08 11:00:00+00:00,21.0,26.746346,0.0,22.2,0.247
2024-05-08 12:00:00+00:00,21.55,25.30741,0.0,23.0,0.245
2024-05-08 13:00:00+00:00,22.45,23.698376,0.0,23.1,0.241
2024-05-08 14:00:00+00:00,22.15,23.362984,0.0,22.65,0.24
2024-05-08 15:00:00+00:00,21.85,23.88055,0.0,22.0,0.239
2024-05-08 16:00:00+00:00,19.3,55.242928,0.0,20.8,0.239
2024-05-08 17:00:00+00:00,16.7,38.666462,0.0,19.05,0.239
2024-05-08 18:00:00+00:00,16.35,33.405285,0.0,17.8,0.239
2024-05-08 19:00:00+00:00,14.4,39.53294,0.0,16.7,0.238
2024-05-08 20:00:00+00:00,13.8,41.248146,0.0,15.7,0.238
2024-05-08 21:00:00+00:00,13.55,42.075085,0.0,15.0,0.238
2024-05-08 22:00:00+00:00,12.15,47.968513,0.0,14.4,0.238
2024-05-08 23:00:00+00:00,11.55,50.987305,0.0,13.9,0.238
2024-05-09 00:00:00+00:00,10.85,55.545074,0.0,13.45,0.238
2024-05-09 01:00:00+00:00,9.4,63.86049,0.0,12.7,0.236
2024-05-09 02:00:00+00:00,9.15,64.943794,0.0,12.35,0.236
2024-05-09 03:00:00+00:00,9.05,65.15169,0.0,12.0,0.236
2024-05-09 04:00:00+00:00,10.8,65.0848,0.0,12.25,0.236
2024-05-09 05:00:00+00:00,14.45,55.12331,0.0,13.35,0.236
2024-05-09 06:00:00+00:00,17.4,42.88517,0.0,15.15,0.235
2024-05-09 07:00:00+00:00,19.45,38.78206,0.0,17.2,0.234
2024-05-09 08:00:00+00:00,21.2,35.79021,0.0,19.15,0.233
2024-05-09 09:00:00+00:00,22.3,31.321762,0.0,20.65,0.231
2024-05-09 10:00:00+00:00,23.1,26.850573,0.0,21.7,0.23
2024-05-09 11:00:00+00:00,23.4,25.905535,0.0,22.3,0.228
2024-05-09 12:00:00+00:00,21.65,31.137058,0.6,22.1,0.232
2024-05-09 13:00:00+00:00,23.0,24.451813,0.0,22.1,0.223
2024-05-09 14:00:00+00:00,22.7,23.173615,0.0,22.05,0.222
2024-05-09 15:00:00+00:00,21.7,23.327047,0.0,21.55,0.222
2024-05-09 16:00:00+00:00,17.9,42.433216,0.0,20.35,0.221
2024-05-09 17:00:00+00:00,16.8,44.54524,0.0,19.15,0.221
2024-05-09 18:00:00+00:00,15.75,48.464424,0.0,18.1,0.221
2024-05-09 19:00:00+00:00,15.7,48.450565,0.0,17.4,0.221
2024-05-09 20:00:00+00:00,16.05,48.37906,0.0,16.95,0.221
2024-05-09 21:00:00+00:00,15.5,49.246365,0.0,16.55,0.221
2024-05-09 22:00:00+00:00,12.55,63.469036,0.0,15.65,0.221
2024-05-09 23:00:00+00:00,12.55,69.40895,0.0,15.15,0.221
2024-05-10 00:00:00+00:00,12.0,68.82335,0.0,14.6,0.221
2024-05-10 01:00:00+00:00,11.75,65.97844,0.0,14.15,0.21
2024-05-10 02:00:00+00:00,12.3,64.9668,0.0,13.6,0.21
2024-05-10 03:00:00+00:00,10.9,74.52813,0.0,13.15,0.21
2024-05-10 04:00:00+00:00,12.5,69.39893,0.0,13.35,0.21
2024-05-10 05:00:00+00:00,15.65,59.558983,0.0,14.6,0.21
2024-05-10 06:00:00+00:00,17.95,48.90252,0.0,16.35,0.209
2024-05-10 07:00:00+00:00,19.9,41.550842,0.0,18.3,0.208
2024-05-10 08:00:00+00:00,21.4,37.236412,0.0,20.15,0.207
2024-05-10 09:00:00+00:00,22.5,31.930271,0.0,21.7,0.206
2024-05-10 10:00:00+00:00,23.3,29.89436,0.0,22.85,0.205
2024-05-10 11:00:00+00:00,24.05,27.30371,0.0,23.8,0.203
2024-05-10 12:00:00+00:00,24.1,25.55019,0.0,24.0,0.202
2024-05-10 13:00:00+00:00,25.15,22.431463,0.0,24.3,0.202
2024-05-10 14:00:00+00:00,24.7,22.715626,0.1,24.25,0.201
2024-05-10 15:00:00+00:00,20.7,40.09512,0.4,22.4,0.204
2024-05-10 16:00:00+00:00,18.85,44.661545,0.0,21.0,0.204
2024-05-10 17:00:00+00:00,15.3,74.53168,1.6,19.25,0.223
2024-05-10 18:00:00+00:00,14.25,78.43385,0.0,17.55,0.223
2024-05-10 19:00:00+00:00,13.85,78.8993,0.0,16.55,0.223
2024-05-10 20:00:00+00:00,13.45,79.10497,0.0,15.9,0.224
2024-05-10 21:00:00+00:00,13.5,76.24697,0.0,15.45,0.224
2024-05-10 22:00:00+00:00,13.85,71.096924,0.0,15.15,0.224
2024-05-10 23:00:00+00:00,12.95,74.62859,0.0,14.8,0.224
2024-05-11 00:00:00+00:00,11.15,86.61016,0.0,14.3,0.224
2024-05-11 01:00:00+00:00,13.3,74.688736,0.0,14.65,0.218
2024-05-11 02:00:00+00:00,12.25,79.46432,0.0,14.3,0.218
2024-05-11 03:00:00+00:00,10.95,87.47163,0.0,13.85,0.218
2024-05-11 04:00:00+00:00,12.15,84.41489,0.0,13.95,0.218
2024-05-11 05:00:00+00:00,14.6,72.202545,0.0,15.0,0.218
2024-05-11 06:00:00+00:00,15.65,66.5906,0.0,16.4,0.217
2024-05-11 07:00:00+00:00,15.1,70.85802,1.2,17.15,0.228
2024-05-11 08:00:00+00:00,14.6,74.91038,0.2,17.7,0.229
2024-05-11 09:00:00+00:00,16.1,60.482216,0.0,18.45,0.229
2024-05-11 10:00:00+00:00,17.55,50.49471,0.1,19.55,0.228
2024-05-11 11:00:00+00:00,18.4,48.19549,0.1,20.65,0.228
2024-05-11 12:00:00+00:00,18.4,49.86835,0.1,20.5,0.228
2024-05-11 13:00:00+00:00,16.2,61.95424,3.4,19.9,0.326
2024-05-11 14:00:00+00:00,14.7,72.706535,0.5,18.5,0.328
2024-05-11 15:00:00+00:00,14.0,77.098,1.5,17.15,0.344
2024-05-11 16:00:00+00:00,14.15,73.836624,0.0,16.3,0.341
2024-05-11 17:00:00+00:00,12.75,72.842926,0.0,15.4,0.338
2024-05-11 18:00:00+00:00,11.4,74.87085,0.0,14.6,0.336
2024-05-11 19:00:00+00:00,10.35,77.30749,0.0,13.95,0.334
2024-05-11 20:00:00+00:00,10.45,74.70692,0.0,13.65,0.332
2024-05-11 21:00:00+00:00,10.35,73.664536,0.0,13.5,0.33
2024-05-11 22:00:00+00:00,10.15,74.3971,0.0,13.3,0.328
2024-05-11 23:00:00+00:00,9.8,75.37337,0.0,13.1,0.327
2024-05-12 00:00:00+00:00,9.4,76.88955,0.0,12.8,0.325
2024-05-12 01:00:00+00:00,9.1,80.38168,0.0,13.15,0.284
2024-05-12 02:00:00+00:00,9.05,80.097206,0.0,12.75,0.283
2024-05-12 03:00:00+00:00,8.75,82.30252,0.0,12.35,0.283
2024-05-12 04:00:00+00:00,9.35,79.313934,0.0,12.4,0.282
2024-05-12 05:00:00+00:00,9.9,77.77076,0.0,12.65,0.282
2024-05-12 06:00:00+00:00,10.65,71.95726,0.0,13.05,0.281
2024-05-12 07:00:00+00:00,11.9,64.20598,0.0,14.05,0.28
2024-05-12 08:00:00+00:00,12.25,61.0226,0.0,14.55,0.279
2024-05-12 09:00:00+00:00,12.3,59.980347,0.0,15.0,0.278
2024-05-12 10:00:00+00:00,12.85,56.656357,0.0,15.4,0.277
2024-05-12 11:00:00+00:00,13.6,54.7107,0.0,16.0,0.276
2024-05-12 12:00:00+00:00,13.5,56.036507,0.0,16.3,0.275
2024-05-12 13:00:00+00:00,12.8,59.89351,0.0,15.85,0.278
2024-05-12 14:00:00+00:00,13.05,59.746727,0.0,15.75,0.277
2024-05-12 15:00:00+00:00,12.8,61.154095,0.0,15.5,0.276
2024-05-12 16:00:00+00:00,12.5,61.93688,0.0,15.05,0.275
2024-05-12 17:00:00+00:00,11.85,66.919716,0.0,14.5,0.275
2024-05-12 18:00:00+00:00,11.35,70.61458,0.0,14.0,0.275
2024-05-12 19:00:00+00:00,10.9,75.30035,0.0,13.6,0.274
2024-05-12 20:00:00+00:00,10.5,81.40636,0.1,13.2,0.275
2024-05-12 21:00:00+00:00,10.3,83.06432,0.1,12.8,0.275
2024-05-12 22:00:00+00:00,10.2,80.2595,0.0,12.5,0.275
2024-05-12 23:00:00+00:00,9.8,80.20327,0.1,12.25,0.275
2024-05-13 00:00:00+00:00,9.4,84.38946,0.1,11.9,0.276
2024-05-13 01:00:00+00:00,9.8,83.85959,0.0,11.95,0.279
2024-05-13 02:00:00+00:00,9.35,87.32223,0.1,11.6,0.279
2024-05-13 03:00:00+00:00,9.25,86.71758,0.1,11.3,0.28
2024-05-13 04:00:00+00:00,9.65,86.75684,1.6,11.15,0.3
2024-05-13 05:00:00+00:00,10.3,81.379745,0.8,11.6,0.309
2024-05-13 06:00:00+00:00,11.3,76.93012,0.1,12.6,0.309
2024-05-13 07:00:00+00:00,12.5,68.68921,0.1,13.85,0.308
2024-05-13 08:00:00+00:00,14.3,60.256893,0.1,15.95,0.306
2024-05-13 09:00:00+00:00,15.55,54.275986,0.1,17.75,0.305
2024-05-13 10:00:00+00:00,15.8,49.500683,0.1,18.05,0.303
2024-05-13 11:00:00+00:00,13.25,66.07676,4.2,17.55,0.356
2024-05-13 12:00:00+00:00,14.8,56.369553,0.3,17.8,0.355
2024-05-13 13:00:00+00:00,15.65,43.598167,0.2,19.25,0.273
2024-05-13 14:00:00+00:00,14.15,54.474266,0.0,18.15,0.272
2024-05-13 15:00:00+00:00,13.35,56.389748,0.1,17.3,0.272
2024-05-13 16:00:00+00:00,11.6,59.390877,0.0,16.25,0.271
2024-05-13 17:00:00+00:00,10.0,61.996716,0.0,15.0,0.271
2024-05-13 18:00:00+00:00,8.5,67.14033,0.0,13.85,0.27
2024-05-13 19:00:00+00:00,7.35,71.0725,0.0,12.85,0.27
2024-05-13 20:00:00+00:00,6.45,75.328545,0.0,12.0,0.27
2024-05-13 21:00:00+00:00,6.0,77.15138,0.0,11.35,0.27
2024-05-13 22:00:00+00:00,6.35,73.71854,0.0,11.05,0.269
2024-05-13 23:00:00+00:00,6.1,73.4101,0.0,10.8,0.269
2024-05-14 00:00:00+00:00,5.7,74.129486,0.0,10.5,0.269
2024-05-14 01:00:00+00:00,5.05,77.27336,0.0,10.1,0.27
2024-05-14 02:00:00+00:00,4.35,78.84481,0.0,9.55,0.27
2024-05-14 03:00:00+00:00,4.0,79.36148,0.0,9.05,0.269
2024-05-14 04:00:00+00:00,5.1,73.75507,0.0,9.2,0.269
2024-05-14 05:00:00+00:00,6.6,67.45232,0.0,10.1,0.268
2024-05-14 06:00:00+00:00,8.15,59.164917,0.0,11.55,0.268
2024-05-14 07:00:00+00:00,9.6,51.931957,0.0,13.15,0.267
2024-05-14 08:00:00+00:00,10.85,44.26116,0.0,14.6,0.265
2024-05-14 09:00:00+00:00,12.25,40.793835,0.0,16.2,0.264
2024-05-14 10:00:00+00:00,12.8,40.071884,0.0,17.3,0.262
2024-05-14 11:00:00+00:00,14.0,39.131653,0.0,18.8,0.26
2024-05-14 12:00:00+00:00,14.55,38.45218,0.0,19.7,0.258
2024-05-14 13:00:00+00:00,14.75,35.95265,0.0,19.6,0.258
2024-05-14 14:00:00+00:00,14.75,35.176716,0.0,19.4,0.257
2024-05-14 15:00:00+00:00,14.45,34.96057,0.0,18.6,0.256
2024-05-14 16:00:00+00:00,13.85,37.28531,0.0,17.45,0.255
2024-05-14 17:00:00+00:00,12.9,41.734123,0.0,15.95,0.255
2024-05-14 18:00:00+00:00,10.5,52.743504,0.0,14.55,0.255
2024-05-14 19:00:00+00:00,9.5,50.602856,0.0,13.45,0.255
2024-05-14 20:00:00+00:00,8.2,53.07557,0.0,12.55,0.255
2024-05-14 21:00:00+00:00,7.2,58.92553,0.0,11.7,0.254
2024-05-14 22:00:00+00:00,7.5,58.574825,0.0,11.0,0.254
2024-05-14 23:00:00+00:00,6.4,61.575447,0.0,10.35,0.254
2024-05-15 00:00:00+00:00,6.5,56.842934,0.0,9.85,0.254
2024-05-15 01:00:00+00:00,5.95,64.447136,0.0,9.15,0.253
2024-05-15 02:00:00+00:00,4.9,70.077034,0.0,8.9,0.253
2024-05-15 03:00:00+00:00,4.4,73.89402,0.0,8.6,0.253
2024-05-15 04:00:00+00:00,6.6,68.67491,0.0,8.95,0.253
2024-05-15 05:00:00+00:00,9.75,57.271748,0.0,10.25,0.252
2024-05-15 06:00:00+00:00,11.75,49.60346,0.0,12.15,0.251
2024-05-15 07:00:00+00:00,13.35,44.34415,0.0,14.25,0.25
2024-05-15 08:00:00+00:00,14.65,42.24361,0.0,16.35,0.249
2024-05-15 09:00:00+00:00,15.55,41.02162,0.0,17.95,0.247
2024-05-15 10:00:00+00:00,16.3,39.38183,0.0,18.85,0.246
2024-05-15 11:00:00+00:00,16.8,38.01445,0.0,19.5,0.244
2024-05-15 12:00:00+00:00,17.45,35.711464,0.0,20.1,0.242
2024-05-15 13:00:00+00:00,18.05,32.12713,0.0,19.85,0.24
2024-05-15 14:00:00+00:00,17.95,29.862635,0.0,20.0,0.239
2024-05-15 15:00:00+00:00,17.35,30.678036,0.0,19.5,0.238
2024-05-15 16:00:00+00:00,16.25,40.93382,0.0,18.45,0.238
2024-05-15 17:00:00+00:00,15.6,38.483154,0.0,16.8,0.238
2024-05-15 18:00:00+00:00,11.9,51.44879,0.0,15.35,0.238
2024-05-15 19:00:00+00:00,12.25,47.48367,0.0,14.4,0.237
2024-05-15 20:00:00+00:00,11.9,52.001053,0.0,13.8,0.237
2024-05-15 21:00:00+00:00,11.5,58.536964,0.0,13.35,0.237
2024-05-15 22:00:00+00:00,11.0,61.150166,0.0,12.95,0.237
2024-05-15 23:00:00+00:00,11.05,61.37742,0.0,12.8,0.237
2024-05-16 00:00:00+00:00,10.2,66.7985,0.0,12.5,0.237
2024-05-16 01:00:00+00:00,9.05,75.245415,0.0,12.5,0.224
2024-05-16 02:00:00+00:00,8.45,79.73412,0.0,11.95,0.224
2024-05-16 03:00:00+00:00,9.0,77.62995,0.0,11.65,0.224
2024-05-16 04:00:00+00:00,10.0,73.09284,0.0,11.8,0.223
2024-05-16 05:00:00+00:00,11.65,61.952007,0.0,12.75,0.223
2024-05-16 06:00:00+00:00,13.15,54.21133,0.0,14.15,0.223
2024-05-16 07:00:00+00:00,14.55,48.130524,0.0,15.75,0.222
2024-05-16 08:00:00+00:00,16.2,42.6911,0.0,17.6,0.221
2024-05-16 09:00:00+00:00,17.35,40.108147,0.0,19.25,0.219
2024-05-16 10:00:00+00:00,18.45,37.956604,0.0,20.6,0.217
2024-05-16 11:00:00+00:00,19.8,33.92492,0.0,21.45,0.216
2024-05-16 12:00:00+00:00,20.45,31.680428,0.0,21.95,0.214
2024-05-16 13:00:00+00:00,20.95,29.440304,0.0,22.15,0.211
2024-05-16 14:00:00+00:00,21.05,28.846634,0.0,21.8,0.21
2024-05-16 15:00:00+00:00,20.35,30.87613,0.0,21.25,0.21
2024-05-16 16:00:00+00:00,18.85,35.99096,0.0,20.25,0.209
2024-05-16 17:00:00+00:00,16.95,40.560715,0.0,19.0,0.209
2024-05-16 18:00:00+00:00,15.35,43.820904,0.0,17.85,0.209
2024-05-16 19:00:00+00:00,13.95,50.03595,0.0,16.75,0.209
2024-05-16 20:00:00+00:00,12.7,57.01563,0.0,15.85,0.209
2024-05-16 21:00:00+00:00,11.45,64.104034,0.0,14.95,0.208
2024-05-16 22:00:00+00:00,11.55,62.145176,0.0,14.35,0.208
2024-05-16 23:00:00+00:00,9.8,71.79638,0.0,13.65,0.208
2024-05-17 00:00:00+00:00,11.4,61.246105,0.0,13.0,0.208
2024-05-17 01:00:00+00:00,11.35,64.529594,0.0,13.0,0.206
2024-05-17 02:00:00+00:00,10.3,76.50557,0.6,12.65,0.212
2024-05-17 03:00:00+00:00,10.55,87.139114,5.4,12.4,0.286
2024-05-17 04:00:00+00:00,11.55,84.91755,0.0,12.65,0.286
2024-05-17 05:00:00+00:00,13.3,74.437096,0.0,13.65,0.285
2024-05-17 06:00:00+00:00,14.75,64.18566,0.0,14.9,0.284
2024-05-17 07:00:00+00:00,16.5,55.841576,0.0,16.8,0.282
2024-05-17 08:00:00+00:00,18.1,51.687645,0.0,18.7,0.28
2024-05-17 09:00:00+00:00,19.55,48.675354,0.0,20.5,0.277
2024-05-17 10:00:00+00:00,20.4,47.28583,0.0,21.8,0.275
2024-05-17 11:00:00+00:00,21.3,45.65382,0.0,22.75,0.272
2024-05-17 12:00:00+00:00,21.95,44.1712,0.0,23.1,0.27
2024-05-17 13:00:00+00:00,24.35,37.56726,0.0,24.4,0.202
2024-05-17 14:00:00+00:00,24.45,36.59392,0.0,24.4,0.201
2024-05-17 15:00:00+00:00,23.45,38.20829,0.0,23.75,0.201
2024-05-17 16:00:00+00:00,22.25,49.242393,0.0,22.7,0.201
2024-05-17 17:00:00+00:00,19.95,49.949173,0.0,21.25,0.2
2024-05-17 18:00:00+00:00,18.5,54.48585,0.0,20.0,0.2
2024-05-17 19:00:00+00:00,17.5,60.2057,0.0,19.15,0.2
2024-05-17 20:00:00+00:00,16.45,60.770336,0.0,18.4,0.2
2024-05-17 21:00:00+00:00,15.05,65.34966,0.0,17.65,0.2
2024-05-17 22:00:00+00:00,13.95,78.38903,0.0,16.9,0.2
2024-05-17 23:00:00+00:00,13.55,81.53329,0.0,16.3,0.2
2024-05-18 00:00:00+00:00,12.9,85.34839,0.0,15.75,0.2
2024-05-18 01:00:00+00:00,12.65,85.03739,0.0,16.15,0.182
2024-05-18 02:00:00+00:00,12.25,87.59112,0.0,15.45,0.182
2024-05-18 03:00:00+00:00,13.0,82.55858,0.0,14.9,0.182
2024-05-18 04:00:00+00:00,14.8,76.456924,0.0,15.25,0.182
2024-05-18 05:00:00+00:00,17.65,63.335514,0.0,16.55,0.182
2024-05-18 06:00:00+00:00,19.25,58.062332,0.0,18.3,0.182
2024-05-18 07:00:00+00:00,20.8,53.99056,0.0,20.3,0.181
2024-05-18 08:00:00+00:00,22.55,47.084576,0.0,22.15,0.18
2024-05-18 09:00:00+00:00,23.25,44.681625,0.0,23.45,0.179
2024-05-18 10:00:00+00:00,24.25,40.691082,0.0,24.45,0.178
2024-05-18 11:00:00+00:00,25.45,38.005272,0.0,25.55,0.177
2024-05-18 12:00:00+00:00,26.0,33.822807,0.0,26.25,0.176
2024-05-18 13:00:00+00:00,27.85,21.049835,0.0,26.85,0.171
2024-05-18 14:00:00+00:00,26.5,24.270542,0.0,26.6,0.17
2024-05-18 15:00:00+00:00,25.6,27.63528,0.0,25.95,0.169
2024-05-18 16:00:00+00:00,23.8,33.086716,0.0,24.8,0.169
2024-05-18 17:00:00+00:00,21.15,39.540302,0.0,23.3,0.169
2024-05-18 18:00:00+00:00,19.55,47.695175,0.0,21.9,0.169
2024-05-18 19:00:00+00:00,18.2,56.272675,0.0,20.75,0.169
2024-05-18 20:00:00+00:00,16.8,62.09321,0.0,19.7,0.169
2024-05-18 21:00:00+00:00,15.85,65.74417,0.0,18.75,0.169
2024-05-18 22:00:00+00:00,15.05,68.97184,0.0,17.95,0.169
2024-05-18 23:00:00+00:00,14.35,72.39929,0.0,17.2,0.169
2024-05-19 00:00:00+00:00,13.25,78.28393,0.0,16.5,0.169
2024-05-19 01:00:00+00:00,12.05,87.8661,0.0,16.8,0.16
2024-05-19 02:00:00+00:00,11.3,91.40485,0.0,15.9,0.16
2024-05-19 03:00:00+00:00,11.55,90.81218,0.0,15.2,0.16
2024-05-19 04:00:00+00:00,14.05,79.19207,0.0,15.55,0.16
2024-05-19 05:00:00+00:00,16.05,68.941414,0.0,16.8,0.16
2024-05-19 06:00:00+00:00,17.65,60.84934,0.0,18.55,0.159
2024-05-19 07:00:00+00:00,18.9,54.5888,0.0,20.15,0.159
2024-05-19 08:00:00+00:00,20.1,48.333485,0.0,21.65,0.159
2024-05-19 09:00:00+00:00,21.55,40.75227,0.0,23.15,0.158
2024-05-19 10:00:00+00:00,22.35,36.493847,0.0,24.15,0.157
2024-05-19 11:00:00+00:00,22.25,36.969395,0.1,24.2,0.157
2024-05-19 12:00:00+00:00,23.4,33.777485,0.0,24.6,0.157
2024-05-19 13:00:00+00:00,25.15,32.237736,0.0,26.45,0.156
2024-05-19 14:00:00+00:00,24.45,33.15737,0.0,25.6,0.156
2024-05-19 15:00:00+00:00,24.0,32.2446,0.0,24.85,0.155
2024-05-19 16:00:00+00:00,22.95,35.797596,0.0,24.0,0.155
2024-05-19 17:00:00+00:00,21.0,43.019695,0.0,22.9,0.155
2024-05-19 18:00:00+00:00,21.65,39.14399,0.0,21.7,0.155
2024-05-19 19:00:00+00:00,19.0,45.94689,0.0,20.65,0.155
2024-05-19 20:00:00+00:00,18.15,47.63429,0.0,19.75,0.155
2024-05-19 21:00:00+00:00,17.6,51.90705,0.0,19.2,0.155
2024-05-19 22:00:00+00:00,16.45,60.770336,0.0,18.65,0.155
2024-05-19 23:00:00+00:00,15.15,69.69009,0.0,17.95,0.155
2024-05-20 00:00:00+00:00,14.75,73.449135,0.0,17.4,0.155
2024-05-20 01:00:00+00:00,14.45,76.6559,0.0,17.6,0.147
2024-05-20 02:00:00+00:00,14.2,79.742546,0.0,17.05,0.147
2024-05-20 03:00:00+00:00,13.5,84.84707,0.0,16.45,0.147
2024-05-20 04:00:00+00:00,15.75,76.35612,0.0,16.7,0.147
2024-05-20 05:00:00+00:00,18.25,62.842007,0.0,17.95,0.147
2024-05-20 06:00:00+00:00,20.1,54.713596,0.0,19.8,0.146
2024-05-20 07:00:00+00:00,21.65,48.430573,0.0,21.9,0.146
2024-05-20 08:00:00+00:00,23.3,43.373837,0.0,24.05,0.146
2024-05-20 09:00:00+00:00,24.3,39.76256,0.0,25.7,0.145
2024-05-20 10:00:00+00:00,25.3,36.09903,0.0,27.2,0.145
2024-05-20 11:00:00+00:00,26.1,34.775352,0.0,28.35,0.144
2024-05-20 12:00:00+00:00,26.8,33.033714,0.0,29.3,0.144
2024-05-20 13:00:00+00:00,27.35,30.818901,0.0,29.55,0.142
2024-05-20 14:00:00+00:00,26.9,29.667604,0.0,29.05,0.142
2024-05-20 15:00:00+00:00,25.8,31.335712,0.1,27.9,0.142
2024-05-20 16:00:00+00:00,24.6,38.53428,0.5,25.9,0.146
2024-05-20 17:00:00+00:00,21.5,53.283627,0.2,23.9,0.148
2024-05-20 18:00:00+00:00,18.95,63.41711,0.0,22.15,0.148
2024-05-20 19:00:00+00:00,19.7,54.976852,0.0,20.8,0.148
2024-05-20 20:00:00+00:00,18.45,60.632477,0.0,19.9,0.148
2024-05-20 21:00:00+00:00,17.45,64.78304,0.0,19.2,0.148
2024-05-20 22:00:00+00:00,16.4,69.241264,0.0,18.55,0.148
2024-05-20 23:00:00+00:00,15.3,74.284294,0.0,17.95,0.148
2024-05-21 00:00:00+00:00,13.95,81.5854,0.0,17.3,0.148
2024-05-21 01:00:00+00:00,14.55,82.476906,0.0,18.15,0.134
2024-05-21 02:00:00+00:00,13.75,86.575905,0.0,17.45,0.134
2024-05-21 03:00:00+00:00,13.6,87.135666,0.0,16.9,0.134
2024-05-21 04:00:00+00:00,15.5,77.07698,0.0,17.2,0.134
2024-05-21 05:00:00+00:00,17.5,66.97952,0.0,18.45,0.134
2024-05-21 06:00:00+00:00,19.25,59.034412,0.0,20.35,0.134
2024-05-21 07:00:00+00:00,21.05,51.773563,0.0,22.65,0.134
2024-05-21 08:00:00+00:00,22.7,45.73475,0.0,24.95,0.134
2024-05-21 09:00:00+00:00,24.25,40.82734,0.0,27.15,0.134
2024-05-21 10:00:00+00:00,25.6,36.305542,0.0,28.95,0.134
2024-05-21 11:00:00+00:00,26.65,31.896088,0.0,30.25,0.133
2024-05-21 12:00:00+00:00,26.95,29.080458,0.0,30.85,0.133
2024-05-21 13:00:00+00:00,28.1,24.35753,0.0,30.65,0.133
2024-05-21 14:00:00+00:00,28.05,23.271135,0.0,30.4,0.133
2024-05-21 15:00:00+00:00,27.65,22.449102,0.0,29.65,0.133
2024-05-21 16:00:00+00:00,25.7,25.004879,0.0,28.3,0.133
2024-05-21 17:00:00+00:00,23.65,29.168,0.0,26.65,0.133
2024-05-21 18:00:00+00:00,21.15,36.15001,0.0,24.95,0.133
2024-05-21 19:00:00+00:00,18.95,46.090454,0.0,23.4,0.133
2024-05-21 20:00:00+00:00,18.3,47.512684,0.0,22.0,0.133
2024-05-21 21:00:00+00:00,17.8,48.03013,0.0,21.0,0.133
2024-05-21 22:00:00+00:00,16.5,52.507347,0.0,20.05,0.133
2024-05-21 23:00:00+00:00,15.4,56.911266,0.0,19.2,0.133
2024-05-22 00:00:00+00:00,14.3,61.9325,0.0,18.35,0.133
2024-05-22 01:00:00+00:00,15.8,60.2059,0.0,17.75,0.128
2024-05-22 02:00:00+00:00,15.3,62.58897,0.0,17.05,0.128
2024-05-22 03:00:00+00:00,13.95,70.39875,0.0,16.5,0.128
2024-05-22 04:00:00+00:00,16.2,61.537384,0.0,16.95,0.128
2024-05-22 05:00:00+00:00,18.75,53.10078,0.0,18.45,0.128
2024-05-22 06:00:00+00:00,20.7,46.73372,0.0,20.45,0.128
2024-05-22 07:00:00+00:00,22.85,39.75406,0.0,22.85,0.128
2024-05-22 08:00:00+00:00,25.0,33.31295,0.0,25.3,0.128
2024-05-22 09:00:00+00:00,26.8,29.238083,0.0,27.65,0.128
2024-05-22 10:00:00+00:00,28.1,27.56143,0.0,29.55,0.128
2024-05-22 11:00:00+00:00,29.15,23.885881,0.0,31.0,0.128
2024-05-22 12:00:00+00:00,28.45,22.814789,0.0,31.3,0.128
2024-05-22 13:00:00+00:00,29.5,17.695684,0.0,30.7,0.128
2024-05-22 14:00:00+00:00,27.9,20.621733,0.0,29.6,0.128
2024-05-22 15:00:00+00:00,26.25,25.506004,0.0,28.65,0.128
2024-05-22 16:00:00+00:00,25.15,27.993544,0.0,27.3,0.128
2024-05-22 17:00:00+00:00,22.35,37.508247,0.0,25.95,0.128
2024-05-22 18:00:00+00:00,20.75,44.133842,0.0,24.6,0.128
2024-05-22 19:00:00+00:00,19.1,50.397717,0.0,23.25,0.128
2024-05-22 20:00:00+00:00,18.35,52.816944,0.0,22.1,0.128
2024-05-22 21:00:00+00:00,17.7,56.14643,0.0,21.15,0.128
2024-05-22 22:00:00+00:00,16.8,62.302048,0.0,20.35,0.128
2024-05-22 23:00:00+00:00,16.1,66.01899,0.0,19.6,0.128
2024-05-23 00:00:00+00:00,15.0,72.27615,0.0,18.9,0.129
2024-05-23 01:00:00+00:00,15.8,63.986805,0.0,19.15,0.125
2024-05-23 02:00:00+00:00,15.1,68.06034,0.0,18.35,0.125
2024-05-23 03:00:00+00:00,14.95,70.120026,0.0,17.85,0.125
2024-05-23 04:00:00+00:00,16.8,64.20962,0.0,18.1,0.125
2024-05-23 05:00:00+00:00,18.15,65.150795,0.6,18.8,0.131
2024-05-23 06:00:00+00:00,21.05,49.247204,0.0,19.85,0.131
2024-05-23 07:00:00+00:00,23.85,36.299965,0.0,22.4,0.131
2024-05-23 08:00:00+00:00,25.6,30.020304,0.0,24.85,0.13
2024-05-23 09:00:00+00:00,27.15,26.287912,0.0,27.15,0.13
2024-05-23 10:00:00+00:00,27.9,24.220476,0.0,28.75,0.13
2024-05-23 11:00:00+00:00,28.25,24.14569,0.0,29.95,0.13
2024-05-23 12:00:00+00:00,23.2,38.92097,1.4,28.55,0.146
2024-05-23 13:00:00+00:00,26.15,30.903221,0.0,29.35,0.191
2024-05-23 14:00:00+00:00,25.1,34.14373,0.2,27.8,0.192
2024-05-23 15:00:00+00:00,16.3,82.423096,5.6,25.2,0.264
2024-05-23 16:00:00+00:00,16.15,80.541,9.2,22.1,0.384
2024-05-23 17:00:00+00:00,15.55,86.46773,0.3,20.0,0.376
2024-05-23 18:00:00+00:00,15.0,91.34219,0.1,18.8,0.368
2024-05-23 19:00:00+00:00,14.4,94.329735,0.0,18.0,0.361
2024-05-23 20:00:00+00:00,14.0,87.74935,0.9,17.35,0.366
2024-05-23 21:00:00+00:00,13.35,91.83797,0.1,16.7,0.36
2024-05-23 22:00:00+00:00,12.9,94.575745,0.6,16.25,0.363
2024-05-23 23:00:00+00:00,12.45,96.130196,0.6,15.85,0.365
2024-05-24 00:00:00+00:00,12.4,96.12871,1.1,15.5,0.372
2024-05-24 01:00:00+00:00,12.15,93.29982,0.6,15.0,0.405
2024-05-24 02:00:00+00:00,11.65,92.34683,1.3,14.75,0.405
2024-05-24 03:00:00+00:00,11.6,93.89488,0.3,14.5,0.395
2024-05-24 04:00:00+00:00,12.0,88.74687,0.0,14.45,0.386
2024-05-24 05:00:00+00:00,12.7,84.19484,0.1,14.75,0.381
2024-05-24 06:00:00+00:00,13.85,78.636284,3.0,15.5,0.408
2024-05-24 07:00:00+00:00,14.6,75.412224,0.2,16.05,0.396
2024-05-24 08:00:00+00:00,16.55,65.674904,0.0,17.5,0.387
2024-05-24 09:00:00+00:00,17.6,57.462227,0.1,19.05,0.379
2024-05-24 10:00:00+00:00,17.7,51.230236,0.1,19.3,0.374
2024-05-24 11:00:00+00:00,17.6,49.82136,0.0,19.35,0.369
2024-05-24 12:00:00+00:00,18.45,43.786285,0.0,19.8,0.364
2024-05-24 13:00:00+00:00,18.45,55.39739,0.1,20.35,0.38
2024-05-24 14:00:00+00:00,18.5,51.270065,0.0,19.75,0.377
2024-05-24 15:00:00+00:00,18.35,48.678356,0.1,19.3,0.374
2024-05-24 16:00:00+00:00,18.55,47.257313,0.0,18.95,0.372
2024-05-24 17:00:00+00:00,16.65,53.45484,0.0,18.25,0.37
2024-05-24 18:00:00+00:00,15.05,59.61675,0.0,17.45,0.368
2024-05-24 19:00:00+00:00,13.85,65.30908,0.0,16.75,0.367
2024-05-24 20:00:00+00:00,12.8,71.38037,0.0,16.05,0.365
2024-05-24 21:00:00+00:00,12.0,76.51999,0.0,15.5,0.364
2024-05-24 22:00:00+00:00,11.3,81.51224,0.0,14.95,0.363
2024-05-24 23:00:00+00:00,10.65,85.68573,0.0,14.45,0.362
2024-05-25 00:00:00+00:00,10.1,89.189285,0.0,13.95,0.361
2024-05-25 01:00:00+00:00,9.75,96.37259,0.0,14.2,0.36
2024-05-25 02:00:00+00:00,9.55,96.36694,0.0,13.7,0.359
2024-05-25 03:00:00+00:00,9.65,95.40011,0.0,13.35,0.358
2024-05-25 04:00:00+00:00,11.25,87.499344,0.0,13.65,0.357
2024-05-25 05:00:00+00:00,12.7,77.67508,0.0,14.45,0.356
2024-05-25 06:00:00+00:00,14.25,70.69497,0.0,15.65,0.354
2024-05-25 07:00:00+00:00,16.1,64.26961,0.0,17.3,0.352
2024-05-25 08:00:00+00:00,17.95,56.020527,0.0,18.75,0.35
2024-05-25 09:00:00+00:00,18.9,54.5888,0.0,20.05,0.347
2024-05-25 10:00:00+00:00,19.45,54.729855,0.0,20.9,0.345
2024-05-25 11:00:00+00:00,19.75,54.26073,0.0,21.55,0.343
2024-05-25 12:00:00+00:00,18.65,60.077614,1.9,21.8,0.364
2024-05-25 13:00:00+00:00,18.1,60.549923,0.6,21.05,0.341
2024-05-25 14:00:00+00:00,19.05,54.444424,0.0,20.65,0.34
2024-05-25 15:00:00+00:00,19.55,49.338642,0.0,20.5,0.338
2024-05-25 16:00:00+00:00,18.15,55.69489,0.0,19.75,0.338
2024-05-25 17:00:00+00:00,16.4,63.26513,0.0,18.75,0.337
2024-05-25 18:00:00+00:00,15.05,69.67037,0.0,17.7,0.337
2024-05-25 19:00:00+00:00,14.05,73.81904,0.0,16.85,0.336
2024-05-25 20:00:00+00:00,13.4,74.705894,0.0,16.15,0.336
2024-05-25 21:00:00+00:00,12.6,76.35806,0.0,15.5,0.336
2024-05-25 22:00:00+00:00,11.8,79.668816,0.0,14.95,0.335
2024-05-25 23:00:00+00:00,10.9,84.55916,0.0,14.35,0.335
2024-05-26 00:00:00+00:00,10.55,85.67523,0.0,13.85,0.335
2024-05-26 01:00:00+00:00,10.5,86.83972,0.0,13.7,0.334
2024-05-26 02:00:00+00:00,9.7,90.68329,0.0,13.25,0.334
2024-05-26 03:00:00+00:00,9.65,91.297005,0.0,12.9,0.333
2024-05-26 04:00:00+00:00,12.05,84.12058,0.0,13.35,0.333
2024-05-26 05:00:00+00:00,14.15,74.084854,0.0,14.6,0.332
2024-05-26 06:00:00+00:00,15.4,69.50618,0.0,16.25,0.331
2024-05-26 07:00:00+00:00,16.8,63.143593,0.0,18.05,0.33
2024-05-26 08:00:00+00:00,17.95,57.16351,0.3,19.55,0.33
2024-05-26 09:00:00+00:00,18.6,55.06435,0.4,20.4,0.332
2024-05-26 10:00:00+00:00,19.4,52.560024,0.1,21.3,0.33
2024-05-26 11:00:00+00:00,20.55,50.447227,0.0,22.5,0.328
2024-05-26 12:00:00+00:00,20.95,48.40238,0.0,23.2,0.325
2024-05-26 13:00:00+00:00,20.85,46.460735,0.1,23.3,0.321
2024-05-26 14:00:00+00:00,20.6,44.241863,0.1,22.7,0.32
2024-05-26 15:00:00+00:00,19.7,45.053993,0.0,21.75,0.319
2024-05-26 16:00:00+00:00,17.9,60.502663,0.0,20.6,0.318
2024-05-26 17:00:00+00:00,16.5,74.245094,0.0,19.5,0.318
2024-05-26 18:00:00+00:00,15.15,74.754295,0.0,18.4,0.318
2024-05-26 19:00:00+00:00,14.4,82.186,0.0,17.65,0.318
2024-05-26 20:00:00+00:00,14.9,73.96797,0.0,16.95,0.318
2024-05-26 21:00:00+00:00,14.6,75.664246,0.0,16.55,0.318
2024-05-26 22:00:00+00:00,13.95,77.3484,0.0,16.05,0.318
2024-05-26 23:00:00+00:00,12.6,90.28339,0.5,15.6,0.322
2024-05-27 00:00:00+00:00,12.85,91.80731,1.1,15.1,0.336
2024-05-27 01:00:00+00:00,12.85,93.33525,0.0,15.75,0.339
2024-05-27 02:00:00+00:00,12.15,96.121254,0.0,15.2,0.339
2024-05-27 03:00:00+00:00,12.5,92.702156,0.2,14.9,0.34
2024-05-27 04:00:00+00:00,12.8,90.29786,0.3,14.85,0.342
2024-05-27 05:00:00+00:00,12.8,89.10847,0.7,15.05,0.35
2024-05-27 06:00:00+00:00,13.5,87.41495,0.6,15.55,0.355
2024-05-27 07:00:00+00:00,13.9,84.33062,0.9,15.8,0.363
2024-05-27 08:00:00+00:00,14.5,79.25705,0.5,15.9,0.365
2024-05-27 09:00:00+00:00,15.25,75.77127,0.2,16.3,0.365
2024-05-27 10:00:00+00:00,16.4,69.70311,0.1,17.35,0.363
2024-05-27 11:00:00+00:00,17.95,60.111454,0.1,19.25,0.36
2024-05-27 12:00:00+00:00,19.05,53.179234,0.0,20.7,0.356
2024-05-27 13:00:00+00:00,17.95,63.61381,0.4,20.85,0.391
2024-05-27 14:00:00+00:00,18.3,59.994347,0.1,20.7,0.387
2024-05-27 15:00:00+00:00,17.9,57.343586,0.0,20.4,0.383
2024-05-27 16:00:00+00:00,15.85,69.595,0.0,19.5,0.38
2024-05-27 17:00:00+00:00,15.05,76.2434,0.0,18.45,0.377
2024-05-27 18:00:00+00:00,14.5,77.95094,0.0,17.55,0.375
2024-05-27 19:00:00+00:00,13.7,81.28175,0.0,16.8,0.373
2024-05-27 20:00:00+00:00,13.05,83.11812,0.0,16.15,0.371
2024-05-27 21:00:00+00:00,12.5,85.591385,0.0,15.6,0.37
2024-05-27 22:00:00+00:00,12.05,88.16021,0.0,15.15,0.368
2024-05-27 23:00:00+00:00,11.45,91.10947,0.0,14.7,0.367
2024-05-28 00:00:00+00:00,10.8,92.91867,0.0,14.25,0.366
2024-05-28 01:00:00+00:00,10.6,93.53376,0.0,14.6,0.368
2024-05-28 02:00:00+00:00,10.3,94.14989,0.0,14.05,0.367
2024-05-28 03:00:00+00:00,10.45,94.47318,0.0,13.7,0.366
2024-05-28 04:00:00+00:00,12.45,88.1951,0.0,14.1,0.365
2024-05-28 05:00:00+00:00,14.05,81.05816,0.0,15.1,0.363
2024-05-28 06:00:00+00:00,15.55,71.65721,0.1,16.35,0.362
2024-05-28 07:00:00+00:00,16.8,68.40669,0.1,17.85,0.361
2024-05-28 08:00:00+00:00,17.45,63.713787,0.4,18.65,0.362
2024-05-28 09:00:00+00:00,15.65,74.344574,5.5,18.4,0.43
2024-05-28 10:00:00+00:00,15.5,73.58177,0.5,18.25,0.409
2024-05-28 11:00:00+00:00,16.85,63.366814,0.0,18.5,0.401
2024-05-28 12:00:00+00:00,17.9,61.11178,0.1,19.4,0.395
2024-05-28 13:00:00+00:00,15.95,70.31416,0.1,19.65,0.381
2024-05-28 14:00:00+00:00,16.5,64.79104,0.0,19.55,0.378
2024-05-28 15:00:00+00:00,17.05,60.09837,0.0,19.55,0.375
2024-05-28 16:00:00+00:00,16.6,62.675858,0.0,19.0,0.373
2024-05-28 17:00:00+00:00,13.9,79.700096,0.0,17.9,0.371
2024-05-28 18:00:00+00:00,14.25,74.10228,0.0,16.65,0.37
2024-05-28 19:00:00+00:00,12.8,79.543335,0.0,15.7,0.368
2024-05-28 20:00:00+00:00,12.6,78.185684,0.0,14.95,0.367
2024-05-28 21:00:00+00:00,13.25,73.181046,0.0,14.3,0.366
2024-05-28 22:00:00+00:00,12.95,74.62859,0.0,13.8,0.365
2024-05-28 23:00:00+00:00,12.65,76.62487,0.0,13.35,0.364
2024-05-29 00:00:00+00:00,12.3,78.93658,0.0,12.95,0.363
2024-05-29 01:00:00+00:00,11.5,85.48612,0.0,12.75,0.363
2024-05-29 02:00:00+00:00,10.95,86.88331,0.0,12.4,0.362
2024-05-29 03:00:00+00:00,10.9,86.58552,0.0,12.15,0.361
2024-05-29 04:00:00+00:00,11.9,85.52836,0.0,12.85,0.36
2024-05-29 05:00:00+00:00,13.9,77.3406,0.0,14.2,0.359
2024-05-29 06:00:00+00:00,15.6,70.717,0.0,15.9,0.357
2024-05-29 07:00:00+00:00,17.25,62.40542,0.0,17.6,0.355
2024-05-29 08:00:00+00:00,18.65,55.821693,0.0,19.25,0.352
2024-05-29 09:00:00+00:00,19.9,49.767807,0.0,20.7,0.349
2024-05-29 10:00:00+00:00,20.75,44.73693,0.0,21.75,0.346
2024-05-29 11:00:00+00:00,21.4,40.84874,0.0,22.65,0.343
2024-05-29 12:00:00+00:00,21.8,38.654316,0.0,23.25,0.34
2024-05-29 13:00:00+00:00,22.2,34.2567,0.0,23.4,0.341
2024-05-29 14:00:00+00:00,22.05,34.451706,0.0,23.25,0.338
2024-05-29 15:00:00+00:00,21.55,34.54784,0.0,22.6,0.337
2024-05-29 16:00:00+00:00,20.8,53.278854,0.0,21.55,0.336
2024-05-29 17:00:00+00:00,20.7,36.14615,0.0,20.4,0.336
2024-05-29 18:00:00+00:00,18.35,45.607834,0.0,19.05,0.336
2024-05-29 19:00:00+00:00,17.05,51.230946,0.0,18.05,0.335
2024-05-29 20:00:00+00:00,14.8,60.17088,0.0,17.15,0.335
2024-05-29 21:00:00+00:00,13.6,65.47771,0.0,16.4,0.335
2024-05-29 22:00:00+00:00,13.5,66.811874,0.1,15.8,0.335
2024-05-29 23:00:00+00:00,13.65,77.042885,0.5,15.3,0.339
2024-05-30 00:00:00+00:00,12.95,82.00192,0.0,14.95,0.339
2024-05-30 01:00:00+00:00,12.0,93.29218,0.0,15.45,0.333
2024-05-30 02:00:00+00:00,11.55,93.26922,0.0,14.65,0.333
2024-05-30 03:00:00+00:00,11.25,95.139084,0.0,14.1,0.332
2024-05-30 04:00:00+00:00,13.1,92.7351,0.0,14.5,0.332
2024-05-30 05:00:00+00:00,15.35,79.1176,0.0,15.65,0.332
2024-05-30 06:00:00+00:00,16.85,70.95497,0.0,17.2,0.331
2024-05-30 07:00:00+00:00,18.25,64.10388,0.0,18.9,0.329
2024-05-30 08:00:00+00:00,19.35,59.4512,0.1,20.5,0.328
2024-05-30 09:00:00+00:00,20.15,56.01339,0.1,21.85,0.327
2024-05-30 10:00:00+00:00,20.55,53.03724,0.0,22.75,0.325
2024-05-30 11:00:00+00:00,21.1,48.281113,0.0,23.35,0.323
2024-05-30 12:00:00+00:00,21.8,42.95353,0.0,23.3,0.321
2024-05-30 13:00:00+00:00,21.55,42.73811,0.0,23.7,0.318
2024-05-30 14:00:00+00:00,21.65,40.503777,0.0,23.25,0.316
2024-05-30 15:00:00+00:00,21.1,39.120987,0.0,22.65,0.315
2024-05-30 16:00:00+00:00,19.8,47.1205,0.0,21.75,0.314
2024-05-30 17:00:00+00:00,17.5,54.043465,0.0,20.45,0.314
2024-05-30 18:00:00+00:00,15.65,59.558983,0.0,19.2,0.314
2024-05-30 19:00:00+00:00,15.7,57.7713,0.0,18.1,0.314
2024-05-30 20:00:00+00:00,14.35,63.22749,0.0,17.2,0.314
2024-05-30 21:00:00+00:00,14.25,61.9208,0.0,16.45,0.314
2024-05-30 22:00:00+00:00,14.35,60.68395,0.0,15.85,0.314
2024-05-30 23:00:00+00:00,15.25,56.097183,0.0,15.3,0.314
2024-05-31 00:00:00+00:00,14.85,57.757088,0.0,14.85,0.314
2024-05-31 01:00:00+00:00,14.25,73.11429,0.0,14.7,0.307
2024-05-31 02:00:00+00:00,13.45,77.01129,0.0,14.3,0.307
2024-05-31 03:00:00+00:00,12.95,80.1008,0.0,14.0,0.307
2024-05-31 04:00:00+00:00,14.1,80.26062,0.0,14.7,0.307
2024-05-31 05:00:00+00:00,16.1,71.284645,0.0,16.0,0.307
2024-05-31 06:00:00+00:00,17.1,65.3565,0.0,17.4,0.306
2024-05-31 07:00:00+00:00,18.1,59.150524,0.0,18.75,0.305
2024-05-31 08:00:00+00:00,19.9,52.164536,0.0,20.45,0.303
2024-05-31 09:00:00+00:00,20.9,49.37173,0.1,22.05,0.302
2024-05-31 10:00:00+00:00,21.45,47.7333,0.0,23.3,0.299
2024-05-31 11:00:00+00:00,22.3,43.239334,0.0,24.1,0.297
2024-05-31 12:00:00+00:00,22.05,42.878853,0.0,24.35,0.295
2024-05-31 13:00:00+00:00,22.2,36.45095,0.0,23.4,0.307
2024-05-31 14:00:00+00:00,22.1,36.422348,0.0,23.1,0.305
2024-05-31 15:00:00+00:00,21.5,38.834057,0.0,22.55,0.304
2024-05-31 16:00:00+00:00,20.25,46.29467,0.0,21.7,0.303
2024-05-31 17:00:00+00:00,17.15,60.935654,0.0,20.4,0.303
2024-05-31 18:00:00+00:00,18.15,50.141403,0.0,19.0,0.302
2024-05-31 19:00:00+00:00,15.1,64.48189,0.0,17.95,0.302
2024-05-31 20:00:00+00:00,14.7,65.7173,0.0,17.15,0.302
2024-05-31 21:00:00+00:00,13.75,69.64825,0.0,16.55,0.302
2024-05-31 22:00:00+00:00,12.85,73.85678,0.0,15.95,0.302
2024-05-31 23:00:00+00:00,12.65,73.32157,0.0,15.4,0.302
2024-06-01 00:00:00+00:00,12.45,73.535446,0.0,14.95,0.302
2024-06-01 01:00:00+00:00,12.1,76.017914,0.0,14.65,0.301
2024-06-01 02:00:00+00:00,11.45,80.16124,0.0,14.35,0.301
2024-06-01 03:00:00+00:00,11.3,82.62477,0.0,14.15,0.3
2024-06-01 04:00:00+00:00,13.5,79.11224,0.0,14.65,0.3
2024-06-01 05:00:00+00:00,17.15,64.71732,0.0,16.05,0.3
2024-06-01 06:00:00+00:00,19.25,55.41514,0.0,17.9,0.299
2024-06-01 07:00:00+00:00,20.9,50.37224,0.0,19.9,0.297
2024-06-01 08:00:00+00:00,22.4,45.045177,0.0,21.75,0.295
2024-06-01 09:00:00+00:00,23.65,41.62409,0.0,23.4,0.292
2024-06-01 10:00:00+00:00,24.65,37.779156,0.0,24.75,0.29
2024-06-01 11:00:00+00:00,25.15,35.21474,0.0,25.7,0.287
2024-06-01 12:00:00+00:00,25.25,33.157345,0.0,26.2,0.284
2024-06-01 13:00:00+00:00,25.85,31.456772,0.0,26.15,0.283
2024-06-01 14:00:00+00:00,25.8,31.016527,0.0,25.8,0.281
2024-06-01 15:00:00+00:00,25.3,31.951187,0.0,25.2,0.28
2024-06-01 16:00:00+00:00,23.6,40.507862,0.0,24.15,0.279
2024-06-01 17:00:00+00:00,19.85,51.976818,0.0,22.65,0.279
2024-06-01 18:00:00+00:00,19.05,49.370083,0.0,21.25,0.279
2024-06-01 19:00:00+00:00,18.7,44.008633,0.0,20.25,0.279
2024-06-01 20:00:00+00:00,18.15,45.238556,0.0,19.45,0.279
2024-06-01 21:00:00+00:00,16.65,51.653202,0.0,18.7,0.279
2024-06-01 22:00:00+00:00,15.75,57.390438,0.0,17.95,0.279
2024-06-01 23:00:00+00:00,16.3,54.47142,0.0,17.25,0.279
2024-06-02 00:00:00+00:00,15.0,60.63166,0.0,16.7,0.279
2024-06-02 01:00:00+00:00,14.6,61.580414,0.0,16.05,0.279
2024-06-02 02:00:00+00:00,14.5,62.61758,0.0,15.9,0.279
2024-06-02 03:00:00+00:00,14.0,67.1458,0.0,15.8,0.279
2024-06-02 04:00:00+00:00,15.8,69.35319,0.0,16.3,0.279
2024-06-02 05:00:00+00:00,19.55,59.893723,0.0,17.75,0.278
2024-06-02 06:00:00+00:00,21.75,49.107807,0.0,19.6,0.277
2024-06-02 07:00:00+00:00,23.6,43.16865,0.0,21.55,0.276
2024-06-02 08:00:00+00:00,25.1,38.675518,0.0,23.4,0.274
2024-06-02 09:00:00+00:00,26.3,36.139103,0.0,25.1,0.271
2024-06-02 10:00:00+00:00,27.25,34.518585,0.0,26.55,0.268
2024-06-02 11:00:00+00:00,27.85,33.327923,0.0,27.65,0.266
2024-06-02 12:00:00+00:00,28.1,32.51802,0.0,28.2,0.263
2024-06-02 13:00:00+00:00,27.9,28.171125,0.0,27.9,0.258
2024-06-02 14:00:00+00:00,28.0,29.073458,0.0,27.45,0.257
2024-06-02 15:00:00+00:00,27.85,29.829723,0.0,26.95,0.256
2024-06-02 16:00:00+00:00,25.25,60.64029,0.0,25.8,0.255
2024-06-02 17:00:00+00:00,23.25,50.49626,0.0,24.4,0.255
2024-06-02 18:00:00+00:00,20.5,56.473286,0.0,22.85,0.255
2024-06-02 19:00:00+00:00,19.45,55.09679,0.0,21.65,0.255
2024-06-02 20:00:00+00:00,18.7,54.35426,0.0,20.7,0.255
2024-06-02 21:00:00+00:00,18.7,53.26702,0.0,19.95,0.255
2024-06-02 22:00:00+00:00,18.1,57.200867,0.0,19.45,0.256
2024-06-02 23:00:00+00:00,16.9,62.95501,0.0,18.95,0.256
2024-06-03 00:00:00+00:00,16.15,66.91984,0.0,18.4,0.256
2024-06-03 01:00:00+00:00,15.8,73.14762,0.0,18.3,0.254
2024-06-03 02:00:00+00:00,16.05,72.22812,0.0,17.9,0.254
2024-06-03 03:00:00+00:00,15.75,75.35311,0.0,17.7,0.254
2024-06-03 04:00:00+00:00,17.6,73.46609,0.0,18.1,0.254
2024-06-03 05:00:00+00:00,21.1,62.25539,0.0,19.5,0.254
2024-06-03 06:00:00+00:00,23.1,53.520153,0.0,21.3,0.253
2024-06-03 07:00:00+00:00,24.8,48.480595,0.0,23.25,0.251
2024-06-03 08:00:00+00:00,26.45,42.26703,0.0,25.15,0.249
2024-06-03 09:00:00+00:00,27.8,37.16896,0.0,26.85,0.247
2024-06-03 10:00:00+00:00,28.8,33.040802,0.0,28.25,0.244
2024-06-03 11:00:00+00:00,29.3,30.02858,0.0,29.35,0.242
2024-06-03 12:00:00+00:00,29.6,28.1589,0.0,30.05,0.239
2024-06-03 13:00:00+00:00,30.45,24.47594,0.0,30.1,0.237
2024-06-03 14:00:00+00:00,29.95,22.574926,0.0,29.45,0.235
2024-06-03 15:00:00+00:00,29.85,23.099194,0.0,28.8,0.234
2024-06-03 16:00:00+00:00,27.4,43.08661,0.0,27.7,0.233
2024-06-03 17:00:00+00:00,24.8,41.25544,0.0,26.15,0.233
2024-06-03 18:00:00+00:00,23.25,47.43213,0.0,24.8,0.233
2024-06-03 19:00:00+00:00,22.7,47.282364,0.0,23.8,0.233
2024-06-03 20:00:00+00:00,22.15,48.244072,0.0,23.0,0.233
2024-06-03 21:00:00+00:00,21.0,50.398956,0.0,22.3,0.233
2024-06-03 22:00:00+00:00,19.9,55.95056,0.0,21.6,0.233
2024-06-03 23:00:00+00:00,19.25,59.230545,0.0,20.95,0.233
2024-06-04 00:00:00+00:00,18.5,62.89861,0.0,20.45,0.233
2024-06-04 01:00:00+00:00,17.3,70.3413,0.0,20.15,0.226
2024-06-04 02:00:00+00:00,17.2,69.39941,0.0,19.7,0.226
2024-06-04 03:00:00+00:00,17.45,68.537766,0.0,19.45,0.226
2024-06-04 04:00:00+00:00,19.25,66.467155,0.0,19.75,0.226
2024-06-04 05:00:00+00:00,22.35,59.00331,0.0,21.0,0.226
2024-06-04 06:00:00+00:00,24.75,48.467182,0.0,22.8,0.225
2024-06-04 07:00:00+00:00,26.45,43.1054,0.0,24.75,0.224
2024-06-04 08:00:00+00:00,28.0,38.468117,0.0,26.7,0.222
2024-06-04 09:00:00+00:00,29.3,35.092243,0.0,28.4,0.22
2024-06-04 10:00:00+00:00,29.9,33.127937,0.0,29.55,0.218
2024-06-04 11:00:00+00:00,31.1,29.53082,0.0,30.65,0.216
2024-06-04 12:00:00+00:00,31.35,29.599058,0.0,31.3,0.214
2024-06-04 13:00:00+00:00,32.0,24.551304,0.0,31.85,0.21
2024-06-04 14:00:00+00:00,30.7,25.907036,0.0,31.4,0.208
2024-06-04 15:00:00+00:00,23.55,49.104183,0.4,29.3,0.21
2024-06-04 16:00:00+00:00,25.45,41.98891,0.0,27.9,0.21
2024-06-04 17:00:00+00:00,23.35,54.640343,0.0,26.5,0.21
2024-06-04 18:00:00+00:00,21.85,55.157894,0.0,25.15,0.21
2024-06-04 19:00:00+00:00,20.7,58.607487,0.0,23.95,0.21
2024-06-04 20:00:00+00:00,20.05,59.815014,0.0,23.0,0.21
2024-06-04 21:00:00+00:00,19.55,60.490067,0.0,22.2,0.21
2024-06-04 22:00:00+00:00,19.35,62.060192,0.0,21.5,0.21
2024-06-04 23:00:00+00:00,18.7,64.41526,0.0,20.95,0.21
2024-06-05 00:00:00+00:00,17.65,68.80445,0.0,20.35,0.21
2024-06-05 01:00:00+00:00,18.35,57.84136,0.0,18.5,0.213
2024-06-05 02:00:00+00:00,19.85,51.111855,0.0,18.25,0.213
2024-06-05 03:00:00+00:00,19.65,51.576283,0.0,18.1,0.213
2024-06-05 04:00:00+00:00,19.9,55.764935,0.0,18.9,0.213
2024-06-05 05:00:00+00:00,22.15,53.45131,0.0,20.4,0.213
2024-06-05 06:00:00+00:00,24.25,49.130367,0.0,22.3,0.212
2024-06-05 07:00:00+00:00,26.0,42.003643,0.0,24.25,0.211
2024-06-05 08:00:00+00:00,27.8,35.25339,0.0,26.2,0.21
2024-06-05 09:00:00+00:00,29.35,31.688684,0.0,28.0,0.208
2024-06-05 10:00:00+00:00,30.6,27.959896,0.0,29.55,0.206
2024-06-05 11:00:00+00:00,31.3,25.546608,0.0,30.6,0.204
2024-06-05 12:00:00+00:00,31.6,23.63344,0.0,31.15,0.202
2024-06-05 13:00:00+00:00,31.75,19.340918,0.0,30.75,0.203
2024-06-05 14:00:00+00:00,31.25,19.353392,0.0,30.45,0.201
2024-06-05 15:00:00+00:00,30.35,22.445484,0.0,29.7,0.2
2024-06-05 16:00:00+00:00,28.9,27.220049,0.0,28.7,0.2
2024-06-05 17:00:00+00:00,26.3,28.900673,0.0,27.35,0.199
2024-06-05 18:00:00+00:00,24.55,29.726925,0.0,26.0,0.199
2024-06-05 19:00:00+00:00,23.5,32.66203,0.0,24.9,0.199
2024-06-05 20:00:00+00:00,22.25,36.590714,0.0,23.9,0.199
2024-06-05 21:00:00+00:00,21.3,42.091507,0.0,23.1,0.199
2024-06-05 22:00:00+00:00,20.0,50.639126,0.0,22.35,0.199
2024-06-05 23:00:00+00:00,18.95,57.60355,0.0,21.65,0.199
2024-06-06 00:00:00+00:00,18.35,61.013657,0.0,20.95,0.199
2024-06-06 01:00:00+00:00,18.05,53.277023,0.0,20.15,0.196
2024-06-06 02:00:00+00:00,18.1,53.47084,0.0,19.65,0.196
2024-06-06 03:00:00+00:00,20.5,44.97138,0.0,19.25,0.196
2024-06-06 04:00:00+00:00,20.7,50.318745,0.0,19.85,0.196
2024-06-06 05:00:00+00:00,23.15,47.404945,0.0,21.3,0.195
2024-06-06 06:00:00+00:00,25.0,43.128784,0.0,23.2,0.195
2024-06-06 07:00:00+00:00,26.6,40.541553,0.0,25.3,0.194
2024-06-06 08:00:00+00:00,28.05,36.03134,0.0,27.3,0.192
2024-06-06 09:00:00+00:00,29.4,30.9727,0.0,29.1,0.191
2024-06-06 10:00:00+00:00,30.35,27.428143,0.0,30.5,0.189
2024-06-06 11:00:00+00:00,31.0,25.381237,0.0,31.5,0.187
2024-06-06 12:00:00+00:00,32.4,22.972328,0.0,32.05,0.185
2024-06-06 13:00:00+00:00,31.35,20.340822,0.0,32.05,0.178
2024-06-06 14:00:00+00:00,29.35,24.604366,0.0,31.55,0.177
2024-06-06 15:00:00+00:00,26.55,33.977688,0.0,30.25,0.176
2024-06-06 16:00:00+00:00,26.6,34.451256,0.0,29.05,0.176
2024-06-06 17:00:00+00:00,23.7,53.673634,0.0,27.5,0.176
2024-06-06 18:00:00+00:00,23.2,42.913013,0.0,25.95,0.176
2024-06-06 19:00:00+00:00,21.9,47.85601,0.0,24.75,0.176
2024-06-06 20:00:00+00:00,21.4,48.3627,0.0,23.8,0.176
2024-06-06 21:00:00+00:00,21.25,45.639942,0.0,23.05,0.176
2024-06-06 22:00:00+00:00,20.75,47.063812,0.0,22.4,0.176
2024-06-06 23:00:00+00:00,20.05,50.144455,0.0,21.85,0.176
2024-06-07 00:00:00+00:00,19.8,51.616055,0.0,21.45,0.176
2024-06-07 01:00:00+00:00,17.55,65.02056,0.0,20.4,0.193
2024-06-07 02:00:00+00:00,17.8,64.00419,0.0,19.85,0.193
2024-06-07 03:00:00+00:00,17.5,70.84433,0.0,19.5,0.194
2024-06-07 04:00:00+00:00,19.4,63.10142,0.0,20.0,0.194
2024-06-07 05:00:00+00:00,21.8,54.24673,0.0,21.25,0.193
2024-06-07 06:00:00+00:00,23.65,50.107395,0.0,23.1,0.193
2024-06-07 07:00:00+00:00,25.15,47.170353,0.0,25.1,0.192
2024-06-07 08:00:00+00:00,26.7,42.060184,0.0,27.15,0.191
2024-06-07 09:00:00+00:00,27.15,39.380825,0.0,29.0,0.189
2024-06-07 10:00:00+00:00,27.15,37.355915,0.0,30.05,0.188
2024-06-07 11:00:00+00:00,27.65,35.445904,0.0,30.35,0.186
2024-06-07 12:00:00+00:00,24.85,48.970413,2.1,29.85,0.214
2024-06-07 13:00:00+00:00,26.75,38.37114,1.2,27.75,0.196
2024-06-07 14:00:00+00:00,24.65,51.030533,1.0,27.4,0.206
2024-06-07 15:00:00+00:00,24.4,50.305866,0.0,26.4,0.205
2024-06-07 16:00:00+00:00,22.45,55.48987,1.3,25.4,0.222
2024-06-07 17:00:00+00:00,20.55,62.741817,0.0,24.05,0.222
2024-06-07 18:00:00+00:00,18.7,69.01307,0.0,22.8,0.222
2024-06-07 19:00:00+00:00,18.6,68.99328,0.0,21.85,0.222
2024-06-07 20:00:00+00:00,18.3,70.763626,0.0,21.2,0.222
2024-06-07 21:00:00+00:00,17.45,75.141,0.0,20.6,0.222
2024-06-07 22:00:00+00:00,16.65,79.56358,0.0,20.1,0.222
2024-06-07 23:00:00+00:00,16.0,83.196915,0.0,19.6,0.222
2024-06-08 00:00:00+00:00,15.7,84.255585,0.0,19.2,0.222
2024-06-08 01:00:00+00:00,15.35,85.32578,0.0,19.1,0.214
2024-06-08 02:00:00+00:00,14.85,89.56371,0.0,18.65,0.214
2024-06-08 03:00:00+00:00,15.3,89.01717,0.0,18.4,0.214
2024-06-08 04:00:00+00:00,17.05,82.248436,0.2,18.8,0.216
2024-06-08 05:00:00+00:00,17.55,81.51646,2.4,19.15,0.247
2024-06-08 06:00:00+00:00,18.05,75.240524,0.0,19.8,0.247
2024-06-08 07:00:00+00:00,19.8,66.36565,0.0,21.35,0.246
2024-06-08 08:00:00+00:00,21.45,59.56041,0.1,23.4,0.245
2024-06-08 09:00:00+00:00,22.55,55.1538,0.1,25.1,0.244
2024-06-08 10:00:00+00:00,23.3,54.45041,0.1,26.5,0.243
2024-06-08 11:00:00+00:00,24.25,51.592617,0.1,27.55,0.242
2024-06-08 12:00:00+00:00,24.75,47.062,0.2,27.75,0.242
2024-06-08 13:00:00+00:00,20.6,62.548725,0.2,24.45,0.296
2024-06-08 14:00:00+00:00,20.0,65.335075,0.1,23.65,0.295
2024-06-08 15:00:00+00:00,20.5,61.311928,0.0,23.5,0.294
2024-06-08 16:00:00+00:00,20.0,62.412884,0.0,23.0,0.293
2024-06-08 17:00:00+00:00,18.6,71.749695,0.0,22.15,0.292
2024-06-08 18:00:00+00:00,17.0,81.97586,0.0,21.1,0.291
2024-06-08 19:00:00+00:00,16.55,84.35049,0.0,20.35,0.291
2024-06-08 20:00:00+00:00,15.9,86.22108,0.0,19.65,0.29
2024-06-08 21:00:00+00:00,15.7,87.0471,0.0,19.1,0.289
2024-06-08 22:00:00+00:00,15.65,87.89587,0.0,18.65,0.289
2024-06-08 23:00:00+00:00,15.45,89.90114,0.0,18.3,0.288
2024-06-09 00:00:00+00:00,15.25,90.47254,0.0,18.0,0.288
2024-06-09 01:00:00+00:00,14.6,92.51478,0.0,17.75,0.302
2024-06-09 02:00:00+00:00,14.45,92.80845,0.0,17.45,0.301
2024-06-09 03:00:00+00:00,14.55,91.91087,0.0,17.25,0.301
2024-06-09 04:00:00+00:00,16.95,81.17488,0.0,17.75,0.3
2024-06-09 05:00:00+00:00,18.85,70.63706,0.0,18.95,0.299
2024-06-09 06:00:00+00:00,20.45,61.1,0.0,20.5,0.297
2024-06-09 07:00:00+00:00,21.9,53.036343,0.0,22.2,0.294
2024-06-09 08:00:00+00:00,23.3,46.20552,0.0,23.85,0.292
2024-06-09 09:00:00+00:00,24.2,42.057896,0.0,25.35,0.289
2024-06-09 10:00:00+00:00,25.05,38.66142,0.0,26.65,0.286
2024-06-09 11:00:00+00:00,25.95,35.440845,0.0,27.7,0.282
2024-06-09 12:00:00+00:00,26.6,32.866535,0.0,28.45,0.279
2024-06-09 13:00:00+00:00,26.55,29.369078,0.0,28.6,0.278
2024-06-09 14:00:00+00:00,26.65,27.44785,0.0,28.3,0.275
2024-06-09 15:00:00+00:00,25.95,27.923866,0.0,27.5,0.273
2024-06-09 16:00:00+00:00,24.6,35.658413,0.0,26.35,0.272
2024-06-09 17:00:00+00:00,21.5,50.030598,0.0,24.75,0.271
2024-06-09 18:00:00+00:00,19.4,50.648994,0.0,23.15,0.271
2024-06-09 19:00:00+00:00,20.4,42.268227,0.0,21.9,0.271
2024-06-09 20:00:00+00:00,18.15,49.461708,0.0,20.9,0.27
2024-06-09 21:00:00+00:00,18.1,50.643112,0.0,20.25,0.27
2024-06-09 22:00:00+00:00,17.05,55.79197,0.0,19.7,0.27
2024-06-09 23:00:00+00:00,16.0,60.869404,0.0,19.15,0.269
2024-06-10 00:00:00+00:00,15.35,64.53736,0.0,18.6,0.269
2024-06-10 01:00:00+00:00,14.95,63.57974,0.0,18.4,0.27
2024-06-10 02:00:00+00:00,14.85,64.42629,0.0,17.9,0.27
2024-06-10 03:00:00+00:00,15.0,66.00498,0.0,17.6,0.269
2024-06-10 04:00:00+00:00,17.2,64.298225,0.0,18.05,0.269
2024-06-10 05:00:00+00:00,19.95,53.413605,0.0,19.3,0.268
2024-06-10 06:00:00+00:00,21.55,50.2107,0.0,21.05,0.267
2024-06-10 07:00:00+00:00,23.15,46.01131,0.0,23.0,0.265
2024-06-10 08:00:00+00:00,24.4,43.24788,0.0,24.95,0.263
2024-06-10 09:00:00+00:00,25.55,40.247696,0.0,26.75,0.26
2024-06-10 10:00:00+00:00,26.5,37.173195,0.0,28.25,0.257
2024-06-10 11:00:00+00:00,27.15,34.032276,0.0,29.45,0.254
2024-06-10 12:00:00+00:00,27.6,30.474016,0.0,30.15,0.251
2024-06-10 13:00:00+00:00,27.95,29.857386,0.0,30.3,0.248
2024-06-10 14:00:00+00:00,27.9,29.944614,0.0,30.05,0.246
2024-06-10 15:00:00+00:00,27.7,29.287611,0.0,29.25,0.245
2024-06-10 16:00:00+00:00,26.6,36.223606,0.0,28.05,0.244
2024-06-10 17:00:00+00:00,24.7,42.057884,0.0,26.35,0.243
2024-06-10 18:00:00+00:00,21.95,48.189793,0.0,24.6,0.243
2024-06-10 19:00:00+00:00,20.25,52.431442,0.0,23.25,0.243
2024-06-10 20:00:00+00:00,19.5,50.33508,0.0,22.15,0.243
2024-06-10 21:00:00+00:00,18.35,51.229958,0.0,21.2,0.243
2024-06-10 22:00:00+00:00,17.65,52.63243,0.0,20.45,0.243
2024-06-10 23:00:00+00:00,17.4,54.201313,0.0,19.75,0.243
2024-06-11 00:00:00+00:00,17.35,52.73259,0.0,19.2,0.243
2024-06-11 01:00:00+00:00,17.45,57.03871,0.0,18.0,0.245
2024-06-11 02:00:00+00:00,16.9,59.257908,0.0,17.7,0.245
2024-06-11 03:00:00+00:00,16.25,67.16488,0.0,17.55,0.245
2024-06-11 04:00:00+00:00,18.7,58.5102,0.0,18.3,0.245
2024-06-11 05:00:00+00:00,21.6,52.26293,0.0,19.85,0.244
2024-06-11 06:00:00+00:00,23.65,45.844074,0.0,21.75,0.243
2024-06-11 07:00:00+00:00,25.45,40.086292,0.0,23.8,0.241
2024-06-11 08:00:00+00:00,27.2,34.851784,0.0,25.8,0.239
2024-06-11 09:00:00+00:00,28.6,30.854593,0.0,27.6,0.236
2024-06-11 10:00:00+00:00,29.7,27.903084,0.0,29.1,0.234
2024-06-11 11:00:00+00:00,30.65,25.202991,0.0,30.3,0.231
2024-06-11 12:00:00+00:00,31.3,22.922968,0.0,31.1,0.228
2024-06-11 13:00:00+00:00,32.4,21.537216,0.0,31.3,0.225
2024-06-11 14:00:00+00:00,32.75,18.79107,0.0,31.2,0.223
2024-06-11 15:00:00+00:00,32.4,19.837942,0.0,30.6,0.222
2024-06-11 16:00:00+00:00,29.85,28.89745,0.0,29.45,0.221
2024-06-11 17:00:00+00:00,29.05,27.446136,0.0,27.85,0.22
2024-06-11 18:00:00+00:00,23.55,42.867523,0.0,26.15,0.22
2024-06-11 19:00:00+00:00,22.7,43.497036,0.0,24.9,0.22
2024-06-11 20:00:00+00:00,21.2,46.871464,0.0,23.75,0.22
2024-06-11 21:00:00+00:00,21.65,44.087357,0.0,22.95,0.22
2024-06-11 22:00:00+00:00,21.3,43.69256,0.0,22.35,0.22
2024-06-11 23:00:00+00:00,19.8,48.908485,0.0,21.75,0.22
2024-06-12 00:00:00+00:00,23.05,36.56865,0.0,21.05,0.219
2024-06-12 01:00:00+00:00,23.2,40.53124,0.0,20.1,0.216
2024-06-12 02:00:00+00:00,19.0,54.06733,0.0,19.75,0.216
2024-06-12 03:00:00+00:00,18.65,60.88141,0.0,19.5,0.216
2024-06-12 04:00:00+00:00,21.35,49.32811,0.0,20.2,0.216
2024-06-12 05:00:00+00:00,23.75,45.56889,0.0,21.6,0.216
2024-06-12 06:00:00+00:00,26.4,38.146057,0.0,23.5,0.215
2024-06-12 07:00:00+00:00,28.15,35.11823,0.0,25.55,0.213
2024-06-12 08:00:00+00:00,29.8,32.237293,0.0,27.5,0.211
2024-06-12 09:00:00+00:00,31.25,28.13597,0.0,29.3,0.209
2024-06-12 10:00:00+00:00,32.6,24.13521,0.0,30.8,0.207
2024-06-12 11:00:00+00:00,33.05,22.523787,0.0,31.75,0.204
2024-06-12 12:00:00+00:00,33.5,22.110954,0.0,32.45,0.202
2024-06-12 13:00:00+00:00,34.3,22.09006,0.0,32.6,0.2
2024-06-12 14:00:00+00:00,33.85,20.749699,0.0,32.4,0.198
2024-06-12 15:00:00+00:00,32.9,21.884804,0.0,31.75,0.197
2024-06-12 16:00:00+00:00,30.7,30.818554,0.0,30.65,0.196
2024-06-12 17:00:00+00:00,26.65,41.635036,0.0,29.0,0.196
2024-06-12 18:00:00+00:00,24.85,40.453575,0.0,27.4,0.196
2024-06-12 19:00:00+00:00,24.7,37.666424,0.0,26.1,0.196
2024-06-12 20:00:00+00:00,24.7,37.920563,0.0,25.3,0.196
2024-06-12 21:00:00+00:00,23.1,43.463142,0.0,24.55,0.195
2024-06-12 22:00:00+00:00,21.85,48.97155,0.0,23.6,0.195
2024-06-12 23:00:00+00:00,24.15,39.85369,0.0,22.8,0.195
2024-06-13 00:00:00+00:00,22.0,47.091053,0.0,22.1,0.195
2024-06-13 01:00:00+00:00,22.95,43.71294,0.0,21.25,0.194
2024-06-13 02:00:00+00:00,22.45,44.908474,0.0,20.85,0.194
2024-06-13 03:00:00+00:00,20.65,55.035778,0.0,20.55,0.194
2024-06-13 04:00:00+00:00,22.45,50.118164,0.0,21.2,0.194
2024-06-13 05:00:00+00:00,25.25,45.084812,0.0,22.7,0.194
2024-06-13 06:00:00+00:00,27.4,37.30262,0.0,24.65,0.193
2024-06-13 07:00:00+00:00,29.15,33.35836,0.0,26.75,0.191
2024-06-13 08:00:00+00:00,30.9,30.367937,0.0,28.85,0.19
2024-06-13 09:00:00+00:00,32.25,26.761724,0.0,30.6,0.188
2024-06-13 10:00:00+00:00,33.05,24.578884,0.0,31.9,0.186
2024-06-13 11:00:00+00:00,33.6,22.061775,0.0,32.5,0.184
2024-06-13 12:00:00+00:00,34.1,19.77868,0.0,32.8,0.183
2024-06-13 13:00:00+00:00,33.65,19.401995,0.0,32.75,0.182
2024-06-13 14:00:00+00:00,33.25,19.841766,0.0,32.5,0.181
2024-06-13 15:00:00+00:00,33.0,19.84859,0.0,32.0,0.18
2024-06-13 16:00:00+00:00,31.4,25.40167,0.0,31.05,0.179
2024-06-13 17:00:00+00:00,28.6,27.981049,0.0,29.6,0.179
2024-06-13 18:00:00+00:00,27.05,28.517775,0.0,28.15,0.179
2024-06-13 19:00:00+00:00,25.8,31.016527,0.0,27.05,0.179
2024-06-13 20:00:00+00:00,24.2,35.665867,0.0,25.95,0.179
2024-06-13 21:00:00+00:00,22.4,44.00045,0.0,24.9,0.179
2024-06-13 22:00:00+00:00,25.15,34.39029,0.0,24.0,0.179
2024-06-13 23:00:00+00:00,24.65,35.55198,0.0,23.2,0.179
2024-06-14 00:00:00+00:00,23.95,37.58069,0.0,22.55,0.179
2024-06-14 01:00:00+00:00,21.2,52.331573,0.0,21.7,0.183
2024-06-14 02:00:00+00:00,19.75,56.28589,0.0,21.25,0.183
2024-06-14 03:00:00+00:00,20.0,59.60642,0.0,21.0,0.183
2024-06-14 04:00:00+00:00,22.05,51.183872,0.0,21.6,0.183
2024-06-14 05:00:00+00:00,25.15,43.599594,0.0,23.05,0.182
2024-06-14 06:00:00+00:00,27.55,36.976524,0.0,25.0,0.182
2024-06-14 07:00:00+00:00,29.6,32.61071,0.0,27.1,0.181
2024-06-14 08:00:00+00:00,31.4,28.270372,0.0,29.25,0.179
2024-06-14 09:00:00+00:00,33.2,23.255886,0.0,31.15,0.178
2024-06-14 10:00:00+00:00,33.75,20.795353,0.0,32.1,0.176
2024-06-14 11:00:00+00:00,33.4,19.94647,0.0,32.3,0.175
2024-06-14 12:00:00+00:00,31.2,27.1998,0.1,32.4,0.174
2024-06-14 13:00:00+00:00,33.5,19.49876,0.0,31.6,0.177
2024-06-14 14:00:00+00:00,31.9,21.411243,0.0,31.4,0.176
2024-06-14 15:00:00+00:00,30.65,25.46008,0.0,30.65,0.175
2024-06-14 16:00:00+00:00,27.2,38.370605,0.0,29.75,0.175
2024-06-14 17:00:00+00:00,25.65,39.089855,0.0,28.4,0.175
2024-06-14 18:00:00+00:00,24.8,40.845684,0.0,27.15,0.175
2024-06-14 19:00:00+00:00,24.3,43.076824,0.0,26.1,0.175
2024-06-14 20:00:00+00:00,25.1,34.84513,0.0,25.45,0.175
2024-06-14 21:00:00+00:00,23.65,35.267906,0.0,24.8,0.174
2024-06-14 22:00:00+00:00,21.5,53.813934,0.0,24.2,0.174
2024-06-14 23:00:00+00:00,20.0,66.84082,0.0,23.5,0.174
2024-06-15 00:00:00+00:00,18.75,76.58317,0.0,22.75,0.174
2024-06-15 01:00:00+00:00,17.6,94.46444,0.0,22.35,0.176
2024-06-15 02:00:00+00:00,17.05,95.6528,0.0,21.7,0.176
2024-06-15 03:00:00+00:00,17.0,91.46938,0.0,21.25,0.176
2024-06-15 04:00:00+00:00,17.95,77.204994,0.0,21.3,0.176
2024-06-15 05:00:00+00:00,19.0,66.63268,0.0,21.95,0.175
2024-06-15 06:00:00+00:00,20.4,54.06707,0.0,23.2,0.175
2024-06-15 07:00:00+00:00,21.9,44.906307,0.0,24.7,0.174
2024-06-15 08:00:00+00:00,22.9,43.117283,0.0,26.25,0.173
2024-06-15 09:00:00+00:00,24.4,37.45492,0.0,27.8,0.172
2024-06-15 10:00:00+00:00,25.5,33.79609,0.0,29.2,0.171
2024-06-15 11:00:00+00:00,26.4,31.610899,0.0,30.3,0.17
2024-06-15 12:00:00+00:00,26.75,30.03262,0.0,30.95,0.169
2024-06-15 13:00:00+00:00,26.1,30.994709,0.0,31.0,0.171
2024-06-15 14:00:00+00:00,25.75,30.47694,0.0,30.65,0.17
2024-06-15 15:00:00+00:00,24.95,31.418957,0.0,29.8,0.169
2024-06-15 16:00:00+00:00,23.95,33.586906,0.0,28.6,0.169
2024-06-15 17:00:00+00:00,22.5,38.197605,0.0,27.05,0.169
2024-06-15 18:00:00+00:00,20.7,45.6413,0.0,25.55,0.169
2024-06-15 19:00:00+00:00,19.2,53.937805,0.0,24.3,0.169
2024-06-15 20:00:00+00:00,18.1,57.5862,0.0,23.2,0.169
2024-06-15 21:00:00+00:00,17.05,62.150913,0.0,22.25,0.169
2024-06-15 22:00:00+00:00,15.9,69.14185,0.0,21.3,0.169
2024-06-15 23:00:00+00:00,14.85,75.45381,0.0,20.5,0.169
2024-06-16 00:00:00+00:00,14.15,79.73547,0.0,19.75,0.169
2024-06-16 01:00:00+00:00,13.3,83.148254,0.0,19.3,0.163
2024-06-16 02:00:00+00:00,12.55,88.49776,0.0,18.6,0.163
2024-06-16 03:00:00+00:00,13.2,84.81424,0.0,18.1,0.163
2024-06-16 04:00:00+00:00,15.7,73.61699,0.0,18.55,0.163
2024-06-16 05:00:00+00:00,17.4,65.204315,0.0,19.9,0.163
2024-06-16 06:00:00+00:00,19.05,57.054726,0.0,21.8,0.162
2024-06-16 07:00:00+00:00,20.85,47.72944,0.0,23.95,0.162
2024-06-16 08:00:00+00:00,22.55,41.453884,0.0,26.15,0.161
2024-06-16 09:00:00+00:00,24.25,35.318207,0.0,28.25,0.16
2024-06-16 10:00:00+00:00,25.7,30.15143,0.0,30.0,0.159
2024-06-16 11:00:00+00:00,26.95,26.053003,0.0,31.3,0.158
2024-06-16 12:00:00+00:00,27.7,22.778458,0.0,32.15,0.157
2024-06-16 13:00:00+00:00,28.1,20.526966,0.0,32.45,0.155
2024-06-16 14:00:00+00:00,28.05,18.908306,0.0,32.25,0.154
2024-06-16 15:00:00+00:00,27.65,18.945333,0.0,31.4,0.154
2024-06-16 16:00:00+00:00,27.0,19.332363,0.0,30.1,0.154
2024-06-16 17:00:00+00:00,23.2,36.73645,0.0,28.25,0.153
2024-06-16 18:00:00+00:00,22.0,31.456118,0.0,26.3,0.153
2024-06-16 19:00:00+00:00,21.55,26.803175,0.0,24.95,0.153
2024-06-16 20:00:00+00:00,20.4,25.915346,0.0,23.75,0.153
2024-06-16 21:00:00+00:00,19.8,30.068024,0.0,22.85,0.153
2024-06-16 22:00:00+00:00,18.95,39.18123,0.0,22.1,0.153
2024-06-16 23:00:00+00:00,18.15,48.291782,0.0,21.45,0.153
2024-06-17 00:00:00+00:00,17.25,56.03241,0.0,20.85,0.153
2024-06-17 01:00:00+00:00,16.65,59.598747,0.0,20.5,0.145
2024-06-17 02:00:00+00:00,15.9,66.19793,0.0,19.95,0.145
2024-06-17 03:00:00+00:00,15.8,69.12191,0.0,19.5,0.145
2024-06-17 04:00:00+00:00,17.95,65.107445,0.0,19.9,0.145
2024-06-17 05:00:00+00:00,20.15,61.030342,0.0,21.25,0.145
2024-06-17 06:00:00+00:00,22.15,53.98058,0.0,23.15,0.145
2024-06-17 07:00:00+00:00,24.2,47.222107,0.0,25.4,0.145
2024-06-17 08:00:00+00:00,26.15,40.81788,0.0,27.75,0.144
2024-06-17 09:00:00+00:00,27.9,34.471085,0.0,29.9,0.144
2024-06-17 10:00:00+00:00,29.25,29.220396,0.0,31.7,0.143
2024-06-17 11:00:00+00:00,30.15,24.563822,0.0,33.1,0.142
2024-06-17 12:00:00+00:00,30.8,20.700438,0.0,34.0,0.142
2024-06-17 13:00:00+00:00,30.9,19.067408,0.0,34.3,0.142
2024-06-17 14:00:00+00:00,30.95,16.991032,0.0,34.1,0.141
2024-06-17 15:00:00+00:00,30.85,16.260515,0.0,33.4,0.141
2024-06-17 16:00:00+00:00,29.85,18.032364,0.0,32.1,0.141
2024-06-17 17:00:00+00:00,26.35,25.800783,0.0,30.15,0.141
2024-06-17 18:00:00+00:00,24.9,19.937496,0.0,28.3,0.141
2024-06-17 19:00:00+00:00,23.55,20.10465,0.0,26.75,0.141
2024-06-17 20:00:00+00:00,22.2,42.920994,0.0,25.6,0.141
2024-06-17 21:00:00+00:00,21.3,55.7483,0.0,24.65,0.141
2024-06-17 22:00:00+00:00,20.2,61.242535,0.0,23.8,0.141
2024-06-17 23:00:00+00:00,19.6,63.980194,0.0,23.05,0.141
2024-06-18 00:00:00+00:00,19.25,64.53565,0.0,22.45,0.141
2024-06-18 01:00:00+00:00,18.4,69.17998,0.0,22.2,0.134
2024-06-18 02:00:00+00:00,17.75,72.063576,0.0,21.55,0.134
2024-06-18 03:00:00+00:00,17.8,71.837036,0.0,21.1,0.134
2024-06-18 04:00:00+00:00,19.75,65.06857,0.0,21.45,0.134
2024-06-18 05:00:00+00:00,21.95,56.83274,0.0,22.7,0.134
2024-06-18 06:00:00+00:00,24.1,50.06285,0.0,24.6,0.134
2024-06-18 07:00:00+00:00,26.15,43.447273,0.0,26.9,0.134
2024-06-18 08:00:00+00:00,28.2,36.91496,0.0,29.35,0.133
2024-06-18 09:00:00+00:00,30.05,30.843798,0.0,31.7,0.133
2024-06-18 10:00:00+00:00,31.45,25.24444,0.0,33.8,0.133
2024-06-18 11:00:00+00:00,32.4,21.684456,0.0,35.35,0.132
2024-06-18 12:00:00+00:00,33.0,19.916718,0.0,36.35,0.132
2024-06-18 13:00:00+00:00,32.95,19.700752,0.0,36.65,0.133
2024-06-18 14:00:00+00:00,33.15,18.75744,0.0,36.35,0.132
2024-06-18 15:00:00+00:00,32.75,18.468948,0.0,35.45,0.132
2024-06-18 16:00:00+00:00,31.65,18.27047,0.0,34.05,0.132
2024-06-18 17:00:00+00:00,28.65,21.627934,0.0,32.25,0.132
2024-06-18 18:00:00+00:00,26.2,21.455109,0.0,30.2,0.132
2024-06-18 19:00:00+00:00,25.7,31.307669,0.0,28.75,0.132
2024-06-18 20:00:00+00:00,24.4,41.006176,0.0,27.6,0.132
2024-06-18 21:00:00+00:00,23.3,47.6028,0.0,26.6,0.132
2024-06-18 22:00:00+00:00,22.8,48.902866,0.0,25.8,0.132
2024-06-18 23:00:00+00:00,21.95,50.65194,0.0,25.05,0.132
2024-06-19 00:00:00+00:00,21.2,53.559326,0.0,24.4,0.132
2024-06-19 01:00:00+00:00,20.25,58.11411,0.0,24.3,0.132
2024-06-19 02:00:00+00:00,19.35,62.264996,0.0,23.5,0.132
2024-06-19 03:00:00+00:00,19.15,65.15237,0.0,22.95,0.132
2024-06-19 04:00:00+00:00,21.15,59.879196,0.0,23.2,0.132
2024-06-19 05:00:00+00:00,23.1,52.653152,0.0,24.25,0.132
2024-06-19 06:00:00+00:00,24.95,43.977207,0.0,26.0,0.132
2024-06-19 07:00:00+00:00,26.95,37.42356,0.0,28.05,0.132
2024-06-19 08:00:00+00:00,29.0,32.015316,0.0,30.35,0.131
2024-06-19 09:00:00+00:00,30.65,28.255302,0.0,32.65,0.131
2024-06-19 10:00:00+00:00,32.0,25.051422,0.0,34.65,0.131
2024-06-19 11:00:00+00:00,32.75,22.829933,0.0,36.0,0.131
2024-06-19 12:00:00+00:00,33.0,21.541718,0.0,36.7,0.13
2024-06-19 13:00:00+00:00,32.1,21.830994,0.0,36.55,0.129
2024-06-19 14:00:00+00:00,31.6,20.900564,0.0,35.2,0.129
2024-06-19 15:00:00+00:00,32.1,20.6684,0.0,34.7,0.129
2024-06-19 16:00:00+00:00,31.7,21.142233,0.0,33.7,0.129
2024-06-19 17:00:00+00:00,28.55,27.217554,0.0,32.05,0.129
2024-06-19 18:00:00+00:00,26.45,30.568165,0.0,30.25,0.129
2024-06-19 19:00:00+00:00,25.9,33.228012,0.0,28.95,0.129
2024-06-19 20:00:00+00:00,25.2,36.930275,0.0,27.95,0.129
2024-06-19 21:00:00+00:00,24.2,41.224487,0.0,27.05,0.129
2024-06-19 22:00:00+00:00,23.5,44.159332,0.0,26.3,0.129
2024-06-19 23:00:00+00:00,22.25,47.47477,0.0,25.55,0.129
2024-06-20 00:00:00+00:00,21.25,51.141953,0.0,24.8,0.129
2024-06-20 01:00:00+00:00,20.7,51.85386,0.0,24.95,0.13
2024-06-20 02:00:00+00:00,19.5,56.78743,0.0,24.1,0.13
2024-06-20 03:00:00+00:00,19.15,59.40329,0.0,23.45,0.13
2024-06-20 04:00:00+00:00,21.3,53.58513,0.0,23.7,0.13
2024-06-20 05:00:00+00:00,23.45,46.708187,0.0,24.85,0.129
2024-06-20 06:00:00+00:00,25.3,41.947083,0.0,26.7,0.129
2024-06-20 07:00:00+00:00,27.05,37.575836,0.0,28.9,0.129
2024-06-20 08:00:00+00:00,28.9,33.178528,0.0,31.25,0.129
2024-06-20 09:00:00+00:00,30.55,29.576618,0.0,33.55,0.129
2024-06-20 10:00:00+00:00,32.0,26.429272,0.0,35.55,0.129
2024-06-20 11:00:00+00:00,33.0,23.36108,0.0,37.05,0.128
2024-06-20 12:00:00+00:00,33.7,20.924421,0.0,38.0,0.128
2024-06-20 13:00:00+00:00,33.35,21.050951,0.0,38.2,0.128
2024-06-20 14:00:00+00:00,33.5,19.699905,0.0,37.7,0.128
2024-06-20 15:00:00+00:00,33.2,18.769423,0.0,36.8,0.128
2024-06-20 16:00:00+00:00,32.0,19.671871,0.0,35.35,0.128
2024-06-20 17:00:00+00:00,29.75,24.125954,0.0,33.55,0.128
2024-06-20 18:00:00+00:00,28.0,29.972277,0.0,31.8,0.128
2024-06-20 19:00:00+00:00,26.8,30.874643,0.0,30.4,0.128
2024-06-20 20:00:00+00:00,24.9,44.108593,0.0,29.2,0.128
2024-06-20 21:00:00+00:00,23.6,49.930187,0.0,28.05,0.127
2024-06-20 22:00:00+00:00,22.7,51.355106,0.0,27.1,0.127
2024-06-20 23:00:00+00:00,22.0,48.68712,0.0,26.25,0.127
2024-06-21 00:00:00+00:00,21.2,46.871464,0.0,25.5,0.127
2024-06-21 01:00:00+00:00,20.5,49.098484,0.0,25.4,0.127
2024-06-21 02:00:00+00:00,19.75,52.82852,0.0,24.6,0.127
2024-06-21 03:00:00+00:00,19.3,57.689777,0.0,23.95,0.127
2024-06-21 04:00:00+00:00,20.35,58.13847,0.0,23.95,0.127
2024-06-21 05:00:00+00:00,21.9,54.809654,0.0,24.75,0.127
2024-06-21 06:00:00+00:00,23.65,46.30143,0.0,26.15,0.127
2024-06-21 07:00:00+00:00,25.45,38.51639,0.0,27.95,0.127
2024-06-21 08:00:00+00:00,27.3,32.07793,0.0,29.95,0.127
2024-06-21 09:00:00+00:00,29.1,26.633978,0.0,31.95,0.127
2024-06-21 10:00:00+00:00,30.65,21.836752,0.0,33.7,0.127
2024-06-21 11:00:00+00:00,31.75,18.486649,0.0,35.05,0.127
2024-06-21 12:00:00+00:00,32.15,16.73328,0.0,35.8,0.127
2024-06-21 13:00:00+00:00,31.9,18.330093,0.0,36.05,0.126
2024-06-21 14:00:00+00:00,31.85,17.68945,0.0,35.8,0.126
2024-06-21 15:00:00+00:00,31.4,17.707497,0.0,35.0,0.126
2024-06-21 16:00:00+00:00,30.65,19.34171,0.0,33.85,0.126
2024-06-21 17:00:00+00:00,28.7,23.199188,0.0,32.3,0.126
2024-06-21 18:00:00+00:00,26.85,26.755278,0.0,30.65,0.126
2024-06-21 19:00:00+00:00,25.35,31.1028,0.0,29.2,0.126
2024-06-21 20:00:00+00:00,24.0,49.547844,0.0,28.05,0.126
2024-06-21 21:00:00+00:00,23.3,51.17627,0.0,27.1,0.126
2024-06-21 22:00:00+00:00,22.45,51.289326,0.0,26.25,0.126
2024-06-21 23:00:00+00:00,21.35,54.490036,0.0,25.45,0.126
2024-06-22 00:00:00+00:00,20.4,58.72804,0.0,24.65,0.126
2024-06-22 01:00:00+00:00,19.45,62.699028,0.0,24.15,0.126
2024-06-22 02:00:00+00:00,18.95,65.538345,0.0,23.45,0.126
2024-06-22 03:00:00+00:00,18.8,66.372665,0.0,22.95,0.126
2024-06-22 04:00:00+00:00,20.15,61.43216,0.0,23.1,0.126
2024-06-22 05:00:00+00:00,22.0,55.740757,0.0,24.1,0.126
2024-06-22 06:00:00+00:00,23.95,49.696915,0.0,25.75,0.126
2024-06-22 07:00:00+00:00,25.95,40.627518,0.0,27.8,0.126
2024-06-22 08:00:00+00:00,28.0,30.895523,0.0,30.05,0.126
2024-06-22 09:00:00+00:00,29.75,25.049627,0.0,32.2,0.126
2024-06-22 10:00:00+00:00,31.2,21.089218,0.0,34.2,0.126
2024-06-22 11:00:00+00:00,32.5,17.050985,0.0,35.7,0.125
2024-06-22 12:00:00+00:00,33.4,12.688684,0.0,36.65,0.125
2024-06-22 13:00:00+00:00,33.3,12.944919,0.0,37.05,0.125
2024-06-22 14:00:00+00:00,33.3,11.913417,0.0,36.85,0.125
2024-06-22 15:00:00+00:00,32.65,14.320516,0.0,36.1,0.125
2024-06-22 16:00:00+00:00,32.0,17.478462,0.0,34.85,0.125
2024-06-22 17:00:00+00:00,29.6,20.11706,0.0,33.15,0.125
2024-06-22 18:00:00+00:00,27.0,22.996132,0.0,31.2,0.125
2024-06-22 19:00:00+00:00,26.25,26.59185,0.0,29.75,0.125
2024-06-22 20:00:00+00:00,25.1,34.02805,0.0,28.6,0.125
2024-06-22 21:00:00+00:00,23.8,29.20997,0.0,27.5,0.125
2024-06-22 22:00:00+00:00,22.1,30.18718,0.0,26.4,0.125
2024-06-22 23:00:00+00:00,20.8,33.034763,0.0,25.35,0.125
2024-06-23 00:00:00+00:00,19.95,36.05597,0.0,24.45,0.125
2024-06-23 01:00:00+00:00,19.1,39.774475,0.0,23.85,0.125
2024-06-23 02:00:00+00:00,17.85,43.919765,0.0,23.05,0.125
2024-06-23 03:00:00+00:00,17.7,45.42516,0.0,22.35,0.125
2024-06-23 04:00:00+00:00,19.85,40.827095,0.0,22.55,0.125
2024-06-23 05:00:00+00:00,22.45,33.506805,0.0,23.8,0.125
2024-06-23 06:00:00+00:00,24.3,27.661566,0.0,25.75,0.125
2024-06-23 07:00:00+00:00,26.1,23.827013,0.0,28.15,0.125
2024-06-23 08:00:00+00:00,28.0,20.21415,0.0,30.8,0.125
2024-06-23 09:00:00+00:00,29.75,17.692142,0.0,33.3,0.124
2024-06-23 10:00:00+00:00,31.4,16.212864,0.0,35.45,0.124
2024-06-23 11:00:00+00:00,32.95,14.080683,0.0,37.15,0.124
2024-06-23 12:00:00+00:00,34.2,11.044312,0.0,38.25,0.124
2024-06-23 13:00:00+00:00,33.95,10.641723,0.0,38.65,0.124
2024-06-23 14:00:00+00:00,34.1,10.061511,0.0,38.4,0.124
2024-06-23 15:00:00+00:00,33.8,10.193878,0.0,37.5,0.124
2024-06-23 16:00:00+00:00,32.9,11.2044115,0.0,36.05,0.124
2024-06-23 17:00:00+00:00,29.0,16.658249,0.0,33.9,0.124
2024-06-23 18:00:00+00:00,27.15,16.648869,0.0,31.7,0.124
2024-06-23 19:00:00+00:00,26.65,15.764086,0.0,30.05,0.124
2024-06-23 20:00:00+00:00,26.6,15.69492,0.0,28.85,0.124
2024-06-23 21:00:00+00:00,26.0,16.561989,0.0,27.9,0.124
2024-06-23 22:00:00+00:00,24.45,18.770649,0.0,27.0,0.124
2024-06-23 23:00:00+00:00,23.1,21.423717,0.0,26.15,0.124
2024-06-24 00:00:00+00:00,22.65,26.162176,0.0,25.45,0.124
2024-06-24 01:00:00+00:00,20.35,32.10275,0.0,23.65,0.124
2024-06-24 02:00:00+00:00,20.1,34.49277,0.0,23.0,0.124
2024-06-24 03:00:00+00:00,19.95,36.182243,0.0,22.55,0.124
2024-06-24 04:00:00+00:00,21.85,34.03819,0.0,23.0,0.124
2024-06-24 05:00:00+00:00,25.1,27.979715,0.0,24.5,0.124
2024-06-24 06:00:00+00:00,27.35,22.449884,0.0,26.75,0.124
2024-06-24 07:00:00+00:00,29.25,19.959833,0.0,29.4,0.123
2024-06-24 08:00:00+00:00,30.95,18.42392,0.0,32.15,0.123
2024-06-24 09:00:00+00:00,32.55,17.002966,0.0,34.7,0.123
2024-06-24 10:00:00+00:00,33.8,16.299871,0.0,36.85,0.123
2024-06-24 11:00:00+00:00,34.85,15.535858,0.0,38.55,0.123
2024-06-24 12:00:00+00:00,35.6,14.698017,0.0,39.6,0.123
2024-06-24 13:00:00+00:00,35.35,14.440746,0.0,39.8,0.123
2024-06-24 14:00:00+00:00,35.5,12.658265,0.0,39.55,0.123
2024-06-24 15:00:00+00:00,35.25,12.122946,0.0,38.65,0.123
2024-06-24 16:00:00+00:00,34.35,12.652911,0.0,37.2,0.123
2024-06-24 17:00:00+00:00,31.0,17.062849,0.0,35.25,0.123
2024-06-24 18:00:00+00:00,27.95,20.927364,0.0,32.9,0.123
2024-06-24 19:00:00+00:00,27.55,24.380394,0.0,31.2,0.123
2024-06-24 20:00:00+00:00,27.75,28.61297,0.0,30.05,0.123
2024-06-24 21:00:00+00:00,26.65,34.005817,0.0,29.2,0.123
2024-06-24 22:00:00+00:00,25.05,39.708298,0.0,28.2,0.123
2024-06-24 23:00:00+00:00,24.05,44.606506,0.0,27.3,0.123
2024-06-25 00:00:00+00:00,23.45,49.8903,0.0,26.55,0.123
2024-06-25 01:00:00+00:00,22.0,61.0608,0.0,25.15,0.123
2024-06-25 02:00:00+00:00,21.1,65.78184,0.0,24.6,0.123
2024-06-25 03:00:00+00:00,20.95,67.68862,0.0,24.2,0.123
2024-06-25 04:00:00+00:00,23.2,61.33644,0.0,24.6,0.123
2024-06-25 05:00:00+00:00,25.55,54.665226,0.0,26.05,0.123
2024-06-25 06:00:00+00:00,27.6,48.13577,0.0,28.05,0.123
2024-06-25 07:00:00+00:00,29.6,39.933193,0.0,30.3,0.123
2024-06-25 08:00:00+00:00,31.4,31.6277,0.0,32.65,0.123
2024-06-25 09:00:00+00:00,33.05,24.661123,0.0,34.9,0.122
2024-06-25 10:00:00+00:00,34.15,20.894543,0.0,36.7,0.122
2024-06-25 11:00:00+00:00,35.1,18.773333,0.0,38.15,0.122
2024-06-25 12:00:00+00:00,35.05,18.132317,0.0,38.9,0.122
2024-06-25 13:00:00+00:00,35.25,14.268482,0.0,39.15,0.122
2024-06-25 14:00:00+00:00,35.0,13.918278,0.0,38.7,0.122
2024-06-25 15:00:00+00:00,33.6,15.917044,0.0,37.75,0.122
2024-06-25 16:00:00+00:00,31.65,21.42157,0.0,36.3,0.122
2024-06-25 17:00:00+00:00,29.0,31.381649,0.0,34.45,0.122
2024-06-25 18:00:00+00:00,25.35,41.13599,0.0,32.45,0.122
2024-06-25 19:00:00+00:00,23.6,46.44109,0.0,30.65,0.122
2024-06-25 20:00:00+00:00,22.4,48.957176,0.0,29.15,0.122
2024-06-25 21:00:00+00:00,21.45,50.351223,0.0,27.85,0.122
2024-06-25 22:00:00+00:00,20.6,52.34845,0.0,26.7,0.122
2024-06-25 23:00:00+00:00,19.85,54.832108,0.0,25.7,0.122
2024-06-26 00:00:00+00:00,19.25,56.536327,0.0,24.85,0.122
2024-06-26 01:00:00+00:00,18.95,58.376385,0.0,24.6,0.122
2024-06-26 02:00:00+00:00,18.3,62.437706,0.0,23.8,0.122
2024-06-26 03:00:00+00:00,18.05,64.913994,0.0,23.2,0.122
2024-06-26 04:00:00+00:00,19.6,59.118675,0.0,23.35,0.122
2024-06-26 05:00:00+00:00,21.3,46.117294,0.0,24.3,0.122
2024-06-26 06:00:00+00:00,22.8,38.67565,0.0,25.7,0.122
2024-06-26 07:00:00+00:00,24.55,31.631031,0.0,27.55,0.122
2024-06-26 08:00:00+00:00,26.15,26.472603,0.0,29.6,0.122
2024-06-26 09:00:00+00:00,27.5,24.879335,0.0,31.65,0.122
2024-06-26 10:00:00+00:00,28.75,22.577223,0.0,33.5,0.122
2024-06-26 11:00:00+00:00,29.8,20.237381,0.0,35.0,0.122
2024-06-26 12:00:00+00:00,30.55,19.182701,0.0,36.05,0.122
2024-06-26 13:00:00+00:00,30.8,19.650322,0.0,36.7,0.122
2024-06-26 14:00:00+00:00,30.8,20.064575,0.0,36.6,0.122
2024-06-26 15:00:00+00:00,30.2,21.129107,0.0,35.8,0.122
2024-06-26 16:00:00+00:00,29.2,22.85127,0.0,34.4,0.122
2024-06-26 17:00:00+00:00,27.55,26.035442,0.0,32.7,0.122
2024-06-26 18:00:00+00:00,25.75,29.147087,0.0,30.95,0.122
2024-06-26 19:00:00+00:00,24.8,32.249275,0.0,29.5,0.122
2024-06-26 20:00:00+00:00,23.55,36.09143,0.0,28.25,0.122
2024-06-26 21:00:00+00:00,22.55,38.604473,0.0,27.2,0.122
2024-06-26 22:00:00+00:00,21.55,40.47533,0.0,26.25,0.122
2024-06-26 23:00:00+00:00,20.5,43.615875,0.0,25.35,0.122
2024-06-27 00:00:00+00:00,19.65,48.374023,0.0,24.55,0.122
2024-06-27 01:00:00+00:00,18.65,56.955173,0.0,23.9,0.122
2024-06-27 02:00:00+00:00,17.9,61.11178,0.0,23.2,0.122
2024-06-27 03:00:00+00:00,17.6,62.69433,0.0,22.6,0.122
2024-06-27 04:00:00+00:00,18.7,58.5102,0.0,22.7,0.122
2024-06-27 05:00:00+00:00,20.7,50.996,0.0,23.65,0.122
2024-06-27 06:00:00+00:00,23.05,42.157875,0.0,25.4,0.122
2024-06-27 07:00:00+00:00,25.15,35.21474,0.0,27.75,0.122
2024-06-27 08:00:00+00:00,26.85,31.204294,0.0,30.35,0.122
2024-06-27 09:00:00+00:00,28.35,28.390478,0.0,32.95,0.122
2024-06-27 10:00:00+00:00,29.65,26.065956,0.0,35.2,0.122
2024-06-27 11:00:00+00:00,30.7,24.210506,0.0,37.0,0.122
2024-06-27 12:00:00+00:00,31.4,23.263216,0.0,38.2,0.121
2024-06-27 13:00:00+00:00,31.25,24.190334,0.0,38.65,0.121
2024-06-27 14:00:00+00:00,31.5,23.131332,0.0,38.45,0.121
2024-06-27 15:00:00+00:00,31.25,22.140635,0.0,37.55,0.121
2024-06-27 16:00:00+00:00,30.8,20.064575,0.0,36.0,0.121
2024-06-27 17:00:00+00:00,28.8,20.848894,0.0,34.1,0.121
2024-06-27 18:00:00+00:00,26.65,23.722557,0.0,31.9,0.121
2024-06-27 19:00:00+00:00,24.75,27.785988,0.0,30.05,0.121
2024-06-27 20:00:00+00:00,24.95,29.941881,0.0,28.75,0.121
2024-06-27 21:00:00+00:00,24.25,27.454895,0.0,27.7,0.121
2024-06-27 22:00:00+00:00,22.35,27.606865,0.0,26.65,0.121
2024-06-27 23:00:00+00:00,21.5,26.598158,0.0,25.65,0.121
2024-06-28 00:00:00+00:00,21.65,25.33481,0.0,24.85,0.121
2024-06-28 01:00:00+00:00,19.75,30.814407,0.0,23.4,0.121
2024-06-28 02:00:00+00:00,19.05,30.944927,0.0,22.7,0.121
2024-06-28 03:00:00+00:00,19.3,29.498518,0.0,22.3,0.121
2024-06-28 04:00:00+00:00,21.3,27.022621,0.0,22.75,0.121
2024-06-28 05:00:00+00:00,24.7,21.06944,0.0,24.25,0.121
2024-06-28 06:00:00+00:00,26.75,19.409088,0.0,26.4,0.121
2024-06-28 07:00:00+00:00,28.75,18.02535,0.0,29.0,0.121
2024-06-28 08:00:00+00:00,30.35,17.275618,0.0,31.65,0.121
2024-06-28 09:00:00+00:00,31.8,17.008387,0.0,34.2,0.121
2024-06-28 10:00:00+00:00,33.05,16.415678,0.0,36.4,0.121
2024-06-28 11:00:00+00:00,34.0,15.028354,0.0,38.2,0.121
2024-06-28 12:00:00+00:00,34.5,13.715863,0.0,39.35,0.121
2024-06-28 13:00:00+00:00,34.2,12.850679,0.0,39.6,0.121
2024-06-28 14:00:00+00:00,34.0,12.627767,0.0,39.2,0.121
2024-06-28 15:00:00+00:00,33.2,13.017762,0.0,38.2,0.121
2024-06-28 16:00:00+00:00,32.5,13.93507,0.0,36.8,0.121
2024-06-28 17:00:00+00:00,29.5,19.19558,0.0,34.85,0.121
2024-06-28 18:00:00+00:00,27.45,23.276014,0.0,32.85,0.121
2024-06-28 19:00:00+00:00,27.0,26.066532,0.0,31.2,0.121
2024-06-28 20:00:00+00:00,24.85,29.401533,0.0,29.65,0.121
2024-06-28 21:00:00+00:00,24.95,32.73587,0.0,28.65,0.121
2024-06-28 22:00:00+00:00,24.0,37.34142,0.0,27.85,0.121
2024-06-28 23:00:00+00:00,22.85,39.085953,0.0,27.05,0.121
2024-06-29 00:00:00+00:00,21.45,44.1804,0.0,26.25,0.121
2024-06-29 01:00:00+00:00,21.45,47.7333,0.0,25.95,0.124
2024-06-29 02:00:00+00:00,20.6,49.78912,0.0,25.25,0.124
2024-06-29 03:00:00+00:00,20.35,50.056763,0.0,24.65,0.124
2024-06-29 04:00:00+00:00,21.1,47.477962,0.0,24.65,0.124
2024-06-29 05:00:00+00:00,22.2,43.64996,0.0,25.35,0.124
2024-06-29 06:00:00+00:00,23.3,39.88162,0.0,26.6,0.124
2024-06-29 07:00:00+00:00,24.5,35.75103,0.0,27.9,0.124
2024-06-29 08:00:00+00:00,25.7,31.414698,0.0,29.3,0.124
2024-06-29 09:00:00+00:00,26.75,27.192902,0.0,30.65,0.124
2024-06-29 10:00:00+00:00,27.75,22.31829,0.0,31.95,0.124
2024-06-29 11:00:00+00:00,27.9,19.694536,0.0,32.3,0.124
2024-06-29 12:00:00+00:00,28.3,20.004898,0.0,32.4,0.124
2024-06-29 13:00:00+00:00,28.75,20.618174,0.0,35.0,0.123
2024-06-29 14:00:00+00:00,28.4,22.72263,0.0,34.6,0.123
2024-06-29 15:00:00+00:00,28.2,22.434816,0.0,33.8,0.123
2024-06-29 16:00:00+00:00,28.15,21.200426,0.0,32.7,0.123
2024-06-29 17:00:00+00:00,26.65,25.172771,0.0,31.3,0.123
2024-06-29 18:00:00+00:00,23.3,44.251045,0.0,29.7,0.123
2024-06-29 19:00:00+00:00,22.2,46.832302,0.0,28.2,0.123
2024-06-29 20:00:00+00:00,20.95,48.240273,0.0,26.9,0.123
2024-06-29 21:00:00+00:00,21.05,36.12128,0.0,25.9,0.123
2024-06-29 22:00:00+00:00,19.9,39.86615,0.0,25.0,0.123
2024-06-29 23:00:00+00:00,18.95,44.6897,0.0,24.15,0.123
2024-06-30 00:00:00+00:00,18.0,48.916218,0.0,23.35,0.123
2024-06-30 01:00:00+00:00,17.05,55.038956,0.0,22.9,0.125
2024-06-30 02:00:00+00:00,16.35,57.932796,0.0,22.1,0.125
2024-06-30 03:00:00+00:00,16.1,58.26593,0.0,21.45,0.125
2024-06-30 04:00:00+00:00,17.7,51.0557,0.0,21.55,0.125
2024-06-30 05:00:00+00:00,19.6,41.896286,0.0,22.5,0.125
2024-06-30 06:00:00+00:00,21.45,36.111015,0.0,24.05,0.125
2024-06-30 07:00:00+00:00,23.2,33.37378,0.0,25.95,0.125
2024-06-30 08:00:00+00:00,24.85,31.283237,0.0,28.05,0.125
2024-06-30 09:00:00+00:00,26.85,26.755278,0.0,29.9,0.125
2024-06-30 10:00:00+00:00,27.7,23.834091,0.0,30.8,0.125
2024-06-30 11:00:00+00:00,28.45,22.033907,0.0,31.55,0.125
2024-06-30 12:00:00+00:00,29.8,19.336792,0.0,32.9,0.125
2024-06-30 13:00:00+00:00,29.5,19.19558,0.0,34.0,0.125
2024-06-30 14:00:00+00:00,30.85,14.977478,0.0,34.15,0.124
2024-06-30 15:00:00+00:00,30.65,14.719986,0.0,33.8,0.124
2024-06-30 16:00:00+00:00,28.5,19.221796,0.0,32.6,0.124
2024-06-30 17:00:00+00:00,26.85,22.716167,0.0,31.1,0.124
2024-06-30 18:00:00+00:00,24.55,28.91369,0.0,29.4,0.124
2024-06-30 19:00:00+00:00,23.0,38.209972,0.0,28.0,0.124
2024-06-30 20:00:00+00:00,21.5,45.40267,0.0,26.75,0.124
2024-06-30 21:00:00+00:00,20.55,50.785988,0.0,25.65,0.124
2024-06-30 22:00:00+00:00,19.7,54.24787,0.0,24.7,0.124
2024-06-30 23:00:00+00:00,18.8,57.18331,0.0,23.85,0.124
2024-07-01 00:00:00+00:00,17.9,60.502663,0.0,23.05,0.124
2024-07-01 01:00:00+00:00,17.15,63.859528,0.0,22.3,0.121
2024-07-01 02:00:00+00:00,16.65,66.80159,0.0,21.6,0.121
2024-07-01 03:00:00+00:00,16.5,68.11882,0.0,21.05,0.121
2024-07-01 04:00:00+00:00,18.5,60.442898,0.0,21.35,0.121
2024-07-01 05:00:00+00:00,20.4,49.236633,0.0,22.55,0.121
2024-07-01 06:00:00+00:00,22.5,38.197605,0.0,24.5,0.121
2024-07-01 07:00:00+00:00,24.45,31.820887,0.0,26.75,0.121
2024-07-01 08:00:00+00:00,26.1,27.868872,0.0,29.15,0.121
2024-07-01 09:00:00+00:00,27.55,23.383673,0.0,31.35,0.121
2024-07-01 10:00:00+00:00,28.9,20.083818,0.0,33.4,0.121
2024-07-01 11:00:00+00:00,29.95,18.313175,0.0,35.1,0.121
2024-07-01 12:00:00+00:00,31.15,15.480138,0.0,36.1,0.121
2024-07-01 13:00:00+00:00,29.85,19.417053,0.0,35.45,0.125
2024-07-01 14:00:00+00:00,29.85,19.485275,0.0,34.85,0.125
2024-07-01 15:00:00+00:00,30.15,18.104008,0.0,34.4,0.125
2024-07-01 16:00:00+00:00,29.65,17.731285,0.0,33.35,0.125
2024-07-01 17:00:00+00:00,27.8,19.95086,0.0,31.75,0.125
2024-07-01 18:00:00+00:00,25.9,22.309395,0.0,30.05,0.125
2024-07-01 19:00:00+00:00,24.65,29.042122,0.0,28.65,0.125
2024-07-01 20:00:00+00:00,23.3,36.890385,0.0,27.45,0.125
2024-07-01 21:00:00+00:00,22.0,43.009754,0.0,26.4,0.125
2024-07-01 22:00:00+00:00,21.15,47.49167,0.0,25.45,0.125
2024-07-01 23:00:00+00:00,20.05,52.55444,0.0,24.55,0.125
2024-07-02 00:00:00+00:00,19.2,56.523815,0.0,23.75,0.125
2024-07-02 01:00:00+00:00,18.25,62.01297,0.0,23.15,0.122
2024-07-02 02:00:00+00:00,17.25,66.26415,0.0,22.4,0.122
2024-07-02 03:00:00+00:00,17.25,66.70561,0.0,21.75,0.122
2024-07-02 04:00:00+00:00,19.55,57.55984,0.0,22.05,0.122
2024-07-02 05:00:00+00:00,21.75,39.57613,0.0,23.35,0.122
2024-07-02 06:00:00+00:00,23.55,33.243835,0.0,25.2,0.122
2024-07-02 07:00:00+00:00,25.15,28.880318,0.0,27.45,0.122
2024-07-02 08:00:00+00:00,26.55,26.125292,0.0,29.95,0.122
2024-07-02 09:00:00+00:00,27.8,23.777754,0.0,32.45,0.122
2024-07-02 10:00:00+00:00,29.05,21.579357,0.0,34.8,0.122
2024-07-02 11:00:00+00:00,30.0,20.358042,0.0,36.6,0.122
2024-07-02 12:00:00+00:00,30.75,19.706533,0.0,37.6,0.122
2024-07-02 13:00:00+00:00,30.85,19.79987,0.0,37.9,0.121
2024-07-02 14:00:00+00:00,30.95,15.6018715,0.0,37.4,0.121
2024-07-02 15:00:00+00:00,30.7,15.324724,0.0,36.4,0.121
2024-07-02 16:00:00+00:00,30.0,15.278786,0.0,34.9,0.121
2024-07-02 17:00:00+00:00,27.35,20.194313,0.0,33.0,0.121
2024-07-02 18:00:00+00:00,27.65,18.345224,0.0,30.8,0.121
2024-07-02 19:00:00+00:00,23.7,24.816837,0.0,28.95,0.121
2024-07-02 20:00:00+00:00,22.6,27.676464,0.0,27.5,0.121
2024-07-02 21:00:00+00:00,21.85,29.590164,0.0,26.2,0.121
2024-07-02 22:00:00+00:00,22.15,29.259504,0.0,25.15,0.121
2024-07-02 23:00:00+00:00,23.75,26.09336,0.0,24.2,0.121
2024-07-03 00:00:00+00:00,23.15,27.055002,0.0,23.35,0.121
2024-07-03 01:00:00+00:00,19.85,34.541973,0.0,22.0,0.13
2024-07-03 02:00:00+00:00,18.95,37.04764,0.0,21.5,0.13
2024-07-03 03:00:00+00:00,18.55,41.596317,0.0,21.15,0.13
2024-07-03 04:00:00+00:00,21.8,33.670887,0.0,21.8,0.13
2024-07-03 05:00:00+00:00,24.45,29.39168,0.0,23.5,0.13
2024-07-03 06:00:00+00:00,26.85,26.025946,0.0,25.7,0.13
2024-07-03 07:00:00+00:00,28.75,23.454403,0.0,28.2,0.13
2024-07-03 08:00:00+00:00,30.5,21.278238,0.0,30.7,0.129
2024-07-03 09:00:00+00:00,32.1,19.426147,0.0,33.15,0.129
2024-07-03 10:00:00+00:00,33.7,17.570707,0.0,35.4,0.129
2024-07-03 11:00:00+00:00,34.5,16.231337,0.0,37.0,0.129
2024-07-03 12:00:00+00:00,31.65,24.875338,0.3,37.25,0.131
2024-07-03 13:00:00+00:00,35.25,11.323679,0.0,37.05,0.133
2024-07-03 14:00:00+00:00,34.55,11.478203,0.0,36.5,0.133
2024-07-03 15:00:00+00:00,34.7,9.69536,0.0,35.85,0.132
2024-07-03 16:00:00+00:00,33.95,10.486979,0.0,34.9,0.132
2024-07-03 17:00:00+00:00,31.4,12.696742,0.0,33.5,0.132
2024-07-03 18:00:00+00:00,29.2,14.194932,0.0,31.9,0.132
2024-07-03 19:00:00+00:00,27.05,20.920616,0.0,30.5,0.132
2024-07-03 20:00:00+00:00,25.35,25.086264,0.0,29.15,0.132
2024-07-03 21:00:00+00:00,24.1,26.37431,0.0,27.85,0.132
2024-07-03 22:00:00+00:00,24.6,24.621454,0.0,26.9,0.132
2024-07-03 23:00:00+00:00,23.25,27.759394,0.0,26.1,0.132
2024-07-04 00:00:00+00:00,21.4,32.403282,0.0,25.15,0.132
2024-07-04 01:00:00+00:00,20.8,40.538757,0.0,24.1,0.139
2024-07-04 02:00:00+00:00,19.65,49.868317,0.0,23.45,0.139
2024-07-04 03:00:00+00:00,19.0,60.360435,0.0,22.85,0.139
2024-07-04 04:00:00+00:00,21.1,56.62248,0.0,23.15,0.138
2024-07-04 05:00:00+00:00,22.95,52.614304,0.0,24.35,0.138
2024-07-04 06:00:00+00:00,24.6,50.68708,0.0,26.1,0.138
2024-07-04 07:00:00+00:00,26.65,44.30089,0.0,28.2,0.138
2024-07-04 08:00:00+00:00,28.6,35.594486,0.0,30.35,0.138
2024-07-04 09:00:00+00:00,29.75,30.253147,0.0,32.2,0.137
2024-07-04 10:00:00+00:00,31.1,25.665892,0.0,33.9,0.137
2024-07-04 11:00:00+00:00,30.65,22.677563,0.0,34.4,0.136
2024-07-04 12:00:00+00:00,31.95,21.792997,0.0,35.35,0.136
2024-07-04 13:00:00+00:00,31.5,20.875544,0.0,35.3,0.135
2024-07-04 14:00:00+00:00,31.95,19.932978,0.0,35.25,0.135
2024-07-04 15:00:00+00:00,31.55,19.629673,0.0,34.65,0.135
2024-07-04 16:00:00+00:00,30.3,20.646996,0.0,33.5,0.134
2024-07-04 17:00:00+00:00,25.95,36.04037,0.0,31.7,0.134
2024-07-04 18:00:00+00:00,24.85,40.588562,0.0,30.1,0.134
2024-07-04 19:00:00+00:00,23.2,48.84907,0.0,28.65,0.134
2024-07-04 20:00:00+00:00,22.3,53.489906,0.0,27.4,0.134
2024-07-04 21:00:00+00:00,21.95,55.00245,0.0,26.5,0.134
2024-07-04 22:00:00+00:00,20.55,62.741817,0.0,25.6,0.134
2024-07-04 23:00:00+00:00,19.65,69.425125,0.0,24.8,0.134
2024-07-05 00:00:00+00:00,19.0,73.71015,0.0,24.05,0.134
2024-07-05 01:00:00+00:00,17.75,86.40278,0.0,22.8,0.144
2024-07-05 02:00:00+00:00,17.3,89.176384,0.0,22.25,0.144
2024-07-05 03:00:00+00:00,17.0,91.46938,0.0,21.85,0.144
2024-07-05 04:00:00+00:00,18.65,82.7101,0.0,22.15,0.144
2024-07-05 05:00:00+00:00,20.3,73.934,0.0,23.05,0.144
2024-07-05 06:00:00+00:00,22.35,62.135674,0.0,24.45,0.144
2024-07-05 07:00:00+00:00,23.85,54.76643,0.0,26.2,0.144
2024-07-05 08:00:00+00:00,24.65,52.032795,0.2,27.85,0.145
2024-07-05 09:00:00+00:00,25.5,48.196182,0.2,29.35,0.146
2024-07-05 10:00:00+00:00,25.9,43.378197,0.1,30.15,0.146
2024-07-05 11:00:00+00:00,26.95,37.17628,0.0,31.1,0.145
2024-07-05 12:00:00+00:00,28.3,33.011192,0.0,32.3,0.145
2024-07-05 13:00:00+00:00,27.8,27.762514,0.0,31.4,0.143
2024-07-05 14:00:00+00:00,26.4,32.589348,0.0,31.55,0.142
2024-07-05 15:00:00+00:00,26.15,32.62945,0.0,30.9,0.142
2024-07-05 16:00:00+00:00,25.55,34.854626,0.1,29.65,0.143
2024-07-05 17:00:00+00:00,23.55,44.17323,0.0,28.4,0.143
2024-07-05 18:00:00+00:00,22.35,52.11446,0.0,27.1,0.143
2024-07-05 19:00:00+00:00,21.25,57.220505,0.0,26.0,0.143
2024-07-05 20:00:00+00:00,20.3,60.66594,0.0,25.05,0.143
2024-07-05 21:00:00+00:00,19.5,63.33153,0.0,24.2,0.143
2024-07-05 22:00:00+00:00,18.65,66.34108,0.0,23.4,0.143
2024-07-05 23:00:00+00:00,18.0,69.55644,0.0,22.7,0.143
2024-07-06 00:00:00+00:00,17.45,72.00864,0.0,22.1,0.143
2024-07-06 01:00:00+00:00,17.0,71.92595,0.0,21.8,0.143
2024-07-06 02:00:00+00:00,16.55,74.00945,0.0,21.2,0.143
2024-07-06 03:00:00+00:00,16.35,76.20114,0.0,20.7,0.143
2024-07-06 04:00:00+00:00,17.8,70.206184,0.0,20.9,0.143
2024-07-06 05:00:00+00:00,19.55,60.290707,0.0,21.85,0.143
2024-07-06 06:00:00+00:00,21.2,50.95886,0.0,23.4,0.143
2024-07-06 07:00:00+00:00,22.85,46.389523,0.0,25.25,0.143
2024-07-06 08:00:00+00:00,25.25,37.318275,0.0,27.35,0.142
2024-07-06 09:00:00+00:00,26.55,32.852505,0.0,29.1,0.142
2024-07-06 10:00:00+00:00,26.3,34.251415,0.0,29.7,0.141
2024-07-06 11:00:00+00:00,27.0,34.10419,0.0,30.7,0.141
2024-07-06 12:00:00+00:00,27.05,35.04284,0.0,31.2,0.141
2024-07-06 13:00:00+00:00,28.2,29.425533,0.0,31.35,0.139
2024-07-06 14:00:00+00:00,27.7,32.081814,0.0,31.25,0.139
2024-07-06 15:00:00+00:00,27.3,32.621876,0.0,30.6,0.139
2024-07-06 16:00:00+00:00,26.85,33.270805,0.0,29.85,0.139
2024-07-06 17:00:00+00:00,25.85,36.866524,0.0,28.8,0.139
2024-07-06 18:00:00+00:00,23.65,50.271786,0.0,27.55,0.139
2024-07-06 19:00:00+00:00,23.0,52.45529,0.0,26.5,0.138
2024-07-06 20:00:00+00:00,21.95,57.392178,0.0,25.6,0.138
2024-07-06 21:00:00+00:00,20.8,63.414017,0.0,24.75,0.138
2024-07-06 22:00:00+00:00,20.05,66.851204,0.0,24.0,0.138
2024-07-06 23:00:00+00:00,19.3,70.03654,0.0,23.3,0.138
2024-07-07 00:00:00+00:00,18.6,73.40199,0.0,22.6,0.138
2024-07-07 01:00:00+00:00,18.75,70.84861,0.0,23.05,0.132
2024-07-07 02:00:00+00:00,18.2,74.051674,0.0,22.35,0.132
2024-07-07 03:00:00+00:00,17.95,75.71497,0.0,21.75,0.132
2024-07-07 04:00:00+00:00,19.8,67.017136,0.0,22.0,0.132
2024-07-07 05:00:00+00:00,21.95,55.364296,0.0,23.05,0.132
2024-07-07 06:00:00+00:00,23.95,45.926395,0.0,24.75,0.132
2024-07-07 07:00:00+00:00,25.8,40.451477,0.0,26.8,0.132
2024-07-07 08:00:00+00:00,27.75,35.35648,0.0,29.1,0.131
2024-07-07 09:00:00+00:00,29.7,30.44164,0.0,31.25,0.131
2024-07-07 10:00:00+00:00,31.6,26.588005,0.0,33.1,0.131
2024-07-07 11:00:00+00:00,32.65,23.825872,0.0,34.3,0.131
2024-07-07 12:00:00+00:00,33.8,20.044388,0.0,35.0,0.131
2024-07-07 13:00:00+00:00,34.05,19.10343,0.0,35.75,0.13
2024-07-07 14:00:00+00:00,33.65,19.072557,0.0,35.55,0.13
2024-07-07 15:00:00+00:00,30.7,27.707605,0.0,34.5,0.13
2024-07-07 16:00:00+00:00,30.05,29.146296,0.0,33.35,0.13
2024-07-07 17:00:00+00:00,28.45,33.607086,0.0,31.85,0.13
2024-07-07 18:00:00+00:00,26.75,38.117992,0.0,30.35,0.13
2024-07-07 19:00:00+00:00,25.15,46.25434,0.0,29.0,0.13
2024-07-07 20:00:00+00:00,23.75,52.478367,0.0,27.8,0.13
2024-07-07 21:00:00+00:00,22.7,55.915527,0.0,26.8,0.13
2024-07-07 22:00:00+00:00,21.85,58.12145,0.0,25.9,0.13
2024-07-07 23:00:00+00:00,21.05,60.24796,0.0,25.05,0.13
2024-07-08 00:00:00+00:00,20.4,62.503536,0.0,24.35,0.13
2024-07-08 01:00:00+00:00,20.15,61.836308,0.0,24.65,0.116
2024-07-08 02:00:00+00:00,19.5,64.3789,0.0,23.85,0.116
2024-07-08 03:00:00+00:00,19.3,65.613205,0.0,23.15,0.116
2024-07-08 04:00:00+00:00,21.25,58.548122,0.0,23.35,0.116
2024-07-08 05:00:00+00:00,23.45,49.8903,0.0,24.5,0.116
2024-07-08 06:00:00+00:00,25.6,41.20592,0.0,26.25,0.116
2024-07-08 07:00:00+00:00,27.35,35.36169,0.0,28.35,0.116
2024-07-08 08:00:00+00:00,29.05,32.565872,0.0,30.6,0.116
2024-07-08 09:00:00+00:00,31.5,26.828993,0.0,32.8,0.116
2024-07-08 10:00:00+00:00,32.3,24.382965,0.0,33.95,0.116
2024-07-08 11:00:00+00:00,33.0,23.204453,0.0,34.75,0.116
2024-07-08 12:00:00+00:00,33.75,21.877415,0.0,35.8,0.116
2024-07-08 13:00:00+00:00,33.75,22.855068,0.0,37.0,0.116
2024-07-08 14:00:00+00:00,33.35,22.906502,0.0,36.75,0.116
2024-07-08 15:00:00+00:00,32.8,22.083046,0.0,35.9,0.116
2024-07-08 16:00:00+00:00,31.7,23.42013,0.0,34.75,0.116
2024-07-08 17:00:00+00:00,30.0,27.333519,0.0,33.3,0.116
2024-07-08 18:00:00+00:00,27.95,35.295425,0.0,31.75,0.116
2024-07-08 19:00:00+00:00,26.35,45.091454,0.0,30.4,0.116
2024-07-08 20:00:00+00:00,25.3,47.67473,0.0,29.2,0.116
2024-07-08 21:00:00+00:00,24.25,51.42516,0.0,28.15,0.116
2024-07-08 22:00:00+00:00,23.25,55.68986,0.0,27.2,0.116
2024-07-08 23:00:00+00:00,22.25,58.979473,0.0,26.3,0.116
2024-07-09 00:00:00+00:00,21.55,60.36513,0.0,25.55,0.116
2024-07-09 01:00:00+00:00,21.3,61.097397,0.0,25.75,0.104
2024-07-09 02:00:00+00:00,20.7,62.775555,0.0,24.95,0.104
2024-07-09 03:00:00+00:00,20.45,63.336197,0.0,24.3,0.104
2024-07-09 04:00:00+00:00,22.2,56.89434,0.0,24.4,0.104
2024-07-09 05:00:00+00:00,24.3,48.663944,0.0,25.5,0.104
2024-07-09 06:00:00+00:00,26.4,40.619305,0.0,27.3,0.104
2024-07-09 07:00:00+00:00,28.45,34.282722,0.0,29.45,0.104
2024-07-09 08:00:00+00:00,29.55,32.921772,0.0,31.45,0.104
2024-07-09 09:00:00+00:00,31.0,29.897001,0.0,33.4,0.104
2024-07-09 10:00:00+00:00,29.45,33.331646,0.3,34.55,0.106
2024-07-09 11:00:00+00:00,30.8,30.140339,0.1,34.7,0.107
2024-07-09 12:00:00+00:00,32.55,27.020472,0.0,35.8,0.107
2024-07-09 13:00:00+00:00,31.55,25.44139,1.2,34.95,0.123
2024-07-09 14:00:00+00:00,29.1,30.786724,0.2,33.85,0.125
2024-07-09 15:00:00+00:00,29.1,33.34443,0.0,33.35,0.125
2024-07-09 16:00:00+00:00,28.6,33.64897,0.0,32.45,0.125
2024-07-09 17:00:00+00:00,27.45,36.34195,0.0,31.25,0.125
2024-07-09 18:00:00+00:00,26.3,39.142704,0.0,30.05,0.125
2024-07-09 19:00:00+00:00,25.25,44.937157,0.0,28.95,0.125
2024-07-09 20:00:00+00:00,24.35,49.640945,0.0,28.0,0.125
2024-07-09 21:00:00+00:00,23.35,55.175266,0.0,27.1,0.125
2024-07-09 22:00:00+00:00,22.45,59.79663,0.0,26.3,0.125
2024-07-09 23:00:00+00:00,21.65,63.39692,0.0,25.55,0.125
2024-07-10 00:00:00+00:00,21.1,66.20805,0.0,24.85,0.125
2024-07-10 01:00:00+00:00,20.45,72.551315,0.0,24.35,0.106
2024-07-10 02:00:00+00:00,20.15,74.14572,0.0,23.8,0.106
2024-07-10 03:00:00+00:00,20.0,75.0774,0.0,23.35,0.106
2024-07-10 04:00:00+00:00,21.85,67.43699,0.0,23.7,0.106
2024-07-10 05:00:00+00:00,23.95,58.625996,0.0,24.95,0.106
2024-07-10 06:00:00+00:00,25.75,50.497738,0.0,26.75,0.106
2024-07-10 07:00:00+00:00,27.2,43.59465,0.0,29.0,0.107
2024-07-10 08:00:00+00:00,28.55,38.874493,0.0,31.15,0.107
2024-07-10 09:00:00+00:00,29.7,35.31915,0.0,33.3,0.107
2024-07-10 10:00:00+00:00,30.65,31.838083,0.0,35.5,0.107
2024-07-10 11:00:00+00:00,26.85,49.184338,4.5,36.15,0.168
2024-07-10 12:00:00+00:00,29.4,33.983852,0.0,35.4,0.167
2024-07-10 13:00:00+00:00,29.8,30.4692,0.0,33.65,0.204
2024-07-10 14:00:00+00:00,30.15,27.099083,0.0,33.55,0.202
2024-07-10 15:00:00+00:00,29.5,28.321701,0.0,33.0,0.201
2024-07-10 16:00:00+00:00,28.65,30.151964,0.0,32.0,0.2
2024-07-10 17:00:00+00:00,27.0,34.333294,0.0,30.65,0.2
2024-07-10 18:00:00+00:00,25.05,39.181774,0.0,29.1,0.199
2024-07-10 19:00:00+00:00,23.95,47.62205,0.0,27.95,0.199
2024-07-10 20:00:00+00:00,23.05,53.85771,0.0,26.95,0.199
2024-07-10 21:00:00+00:00,22.2,57.828606,0.0,26.1,0.199
2024-07-10 22:00:00+00:00,21.45,61.730743,0.0,25.35,0.198
2024-07-10 23:00:00+00:00,20.7,65.48459,0.0,24.65,0.198
2024-07-11 00:00:00+00:00,20.0,69.04485,0.0,24.05,0.198
2024-07-11 01:00:00+00:00,19.05,74.4374,0.0,23.2,0.198
2024-07-11 02:00:00+00:00,18.5,77.7904,0.0,22.75,0.198
2024-07-11 03:00:00+00:00,18.5,78.29402,0.0,22.35,0.198
2024-07-11 04:00:00+00:00,20.5,70.26599,0.0,22.7,0.198
2024-07-11 05:00:00+00:00,22.45,62.15829,0.0,23.95,0.197
2024-07-11 06:00:00+00:00,24.05,55.888752,0.0,25.55,0.197
2024-07-11 07:00:00+00:00,25.75,48.419804,0.0,27.55,0.195
2024-07-11 08:00:00+00:00,27.15,43.298504,0.0,29.7,0.194
2024-07-11 09:00:00+00:00,28.7,39.298286,0.0,31.7,0.192
2024-07-11 10:00:00+00:00,26.15,48.840992,3.5,31.0,0.238
2024-07-11 11:00:00+00:00,27.6,40.55437,0.0,31.7,0.236
2024-07-11 12:00:00+00:00,29.5,33.899857,0.0,33.25,0.233
2024-07-11 13:00:00+00:00,29.95,30.006935,0.0,34.4,0.188
2024-07-11 14:00:00+00:00,30.0,30.830006,0.2,34.2,0.188
2024-07-11 15:00:00+00:00,29.5,32.582947,0.0,33.35,0.187
2024-07-11 16:00:00+00:00,28.25,35.030113,0.0,32.15,0.187
2024-07-11 17:00:00+00:00,24.8,49.92241,0.0,30.5,0.186
2024-07-11 18:00:00+00:00,22.2,62.90782,0.0,28.8,0.186
2024-07-11 19:00:00+00:00,21.8,65.29655,0.0,27.45,0.186
2024-07-11 20:00:00+00:00,21.3,65.82407,0.0,26.35,0.186
2024-07-11 21:00:00+00:00,20.45,69.80526,0.0,25.45,0.185
2024-07-11 22:00:00+00:00,19.7,74.069016,0.0,24.6,0.185
2024-07-11 23:00:00+00:00,19.1,76.885216,0.0,23.9,0.185
2024-07-12 00:00:00+00:00,18.8,77.5852,0.0,23.3,0.185
2024-07-12 01:00:00+00:00,19.1,73.48936,0.0,23.05,0.182
2024-07-12 02:00:00+00:00,18.65,75.58367,0.0,22.6,0.182
2024-07-12 03:00:00+00:00,18.45,77.03255,0.0,22.25,0.182
2024-07-12 04:00:00+00:00,20.7,68.07601,0.0,22.55,0.182
2024-07-12 05:00:00+00:00,23.0,59.54076,0.0,23.9,0.181
2024-07-12 06:00:00+00:00,24.9,53.45985,0.0,25.85,0.181
2024-07-12 07:00:00+00:00,26.7,47.58781,0.0,28.1,0.18
2024-07-12 08:00:00+00:00,28.35,42.24214,0.0,30.4,0.178
2024-07-12 09:00:00+00:00,30.0,35.867798,0.0,32.5,0.177
2024-07-12 10:00:00+00:00,31.5,29.639992,0.0,34.25,0.175
2024-07-12 11:00:00+00:00,32.3,26.686224,0.0,35.3,0.174
2024-07-12 12:00:00+00:00,32.75,24.500525,0.0,36.1,0.172
2024-07-12 13:00:00+00:00,32.8,22.008316,0.0,36.15,0.172
2024-07-12 14:00:00+00:00,31.1,25.067122,0.0,35.7,0.171
2024-07-12 15:00:00+00:00,29.45,30.576128,0.5,33.55,0.176
2024-07-12 16:00:00+00:00,29.35,30.042347,0.0,32.5,0.175
2024-07-12 17:00:00+00:00,27.85,33.43935,0.0,31.15,0.175
2024-07-12 18:00:00+00:00,25.9,40.345806,0.0,29.65,0.174
2024-07-12 19:00:00+00:00,24.8,44.372654,0.0,28.4,0.174
2024-07-12 20:00:00+00:00,24.35,48.201733,0.0,27.45,0.174
2024-07-12 21:00:00+00:00,23.5,51.06146,0.0,26.65,0.174
2024-07-12 22:00:00+00:00,22.6,55.70877,0.0,25.95,0.174
2024-07-12 23:00:00+00:00,21.9,60.840225,0.0,25.3,0.173
2024-07-13 00:00:00+00:00,21.3,65.400665,0.0,24.7,0.173
2024-07-13 01:00:00+00:00,20.45,71.62559,0.0,24.3,0.167
2024-07-13 02:00:00+00:00,19.9,74.82045,0.0,23.7,0.167
2024-07-13 03:00:00+00:00,19.65,76.478615,0.0,23.25,0.167
2024-07-13 04:00:00+00:00,21.55,68.905205,0.0,23.5,0.166
2024-07-13 05:00:00+00:00,23.4,61.38215,0.0,24.6,0.166
2024-07-13 06:00:00+00:00,25.35,53.231293,0.0,26.4,0.166
2024-07-13 07:00:00+00:00,27.2,45.617126,0.0,28.55,0.165
2024-07-13 08:00:00+00:00,28.5,41.203075,0.0,30.8,0.164
2024-07-13 09:00:00+00:00,29.55,38.274216,0.0,32.75,0.163
2024-07-13 10:00:00+00:00,30.85,34.724285,0.0,34.5,0.162
2024-07-13 11:00:00+00:00,32.1,31.407452,0.0,35.95,0.16
2024-07-13 12:00:00+00:00,29.85,37.01256,0.8,36.65,0.169
2024-07-13 13:00:00+00:00,29.65,32.195713,0.0,36.2,0.162
2024-07-13 14:00:00+00:00,31.05,26.978216,0.0,35.55,0.162
2024-07-13 15:00:00+00:00,29.9,28.718119,0.0,34.55,0.161
2024-07-13 16:00:00+00:00,28.35,32.8058,0.0,33.2,0.16
2024-07-13 17:00:00+00:00,27.3,35.94016,0.0,31.7,0.16
2024-07-13 18:00:00+00:00,25.9,40.74799,0.0,30.15,0.16
2024-07-13 19:00:00+00:00,24.9,47.72251,0.0,28.9,0.16
2024-07-13 20:00:00+00:00,24.1,50.886227,0.0,27.9,0.16
2024-07-13 21:00:00+00:00,22.95,56.709465,0.0,27.05,0.16
2024-07-13 22:00:00+00:00,22.05,60.091003,0.0,26.25,0.16
2024-07-13 23:00:00+00:00,21.25,62.28938,0.0,25.5,0.159
2024-07-14 00:00:00+00:00,20.6,64.40893,0.0,24.85,0.159
2024-07-14 01:00:00+00:00,20.55,69.82453,0.0,24.45,0.162
2024-07-14 02:00:00+00:00,20.1,72.48877,0.0,23.9,0.162
2024-07-14 03:00:00+00:00,20.0,74.12018,0.0,23.45,0.162
2024-07-14 04:00:00+00:00,21.55,68.68489,0.0,23.7,0.162
2024-07-14 05:00:00+00:00,23.55,55.584343,0.0,24.75,0.161
2024-07-14 06:00:00+00:00,24.95,47.58036,0.0,26.25,0.161
2024-07-14 07:00:00+00:00,26.55,41.60723,0.0,28.1,0.16
2024-07-14 08:00:00+00:00,28.1,36.64476,0.0,30.2,0.159
2024-07-14 09:00:00+00:00,29.7,33.291256,0.0,32.2,0.158
2024-07-14 10:00:00+00:00,30.35,32.283104,0.0,33.6,0.157
2024-07-14 11:00:00+00:00,31.15,30.236242,0.0,34.9,0.156
2024-07-14 12:00:00+00:00,31.75,28.177696,0.0,35.75,0.155
2024-07-14 13:00:00+00:00,31.1,27.35522,0.0,35.8,0.156
2024-07-14 14:00:00+00:00,28.0,35.309437,2.2,33.25,0.182
2024-07-14 15:00:00+00:00,27.6,38.35627,0.0,32.2,0.182
2024-07-14 16:00:00+00:00,26.7,44.45896,0.3,31.1,0.183
2024-07-14 17:00:00+00:00,25.8,45.97952,0.0,29.45,0.183
2024-07-14 18:00:00+00:00,24.15,42.466175,0.0,28.1,0.183
2024-07-14 19:00:00+00:00,23.05,43.887314,0.0,27.05,0.183
2024-07-14 20:00:00+00:00,22.0,46.155716,0.0,26.2,0.183
2024-07-14 21:00:00+00:00,20.95,48.891617,0.0,25.4,0.182
2024-07-14 22:00:00+00:00,20.05,50.99373,0.0,24.65,0.182
2024-07-14 23:00:00+00:00,19.65,50.715958,0.0,24.0,0.182
2024-07-15 00:00:00+00:00,19.15,50.75321,0.0,23.35,0.182
2024-07-15 01:00:00+00:00,19.8,50.077225,0.0,23.75,0.174
2024-07-15 02:00:00+00:00,18.75,54.00264,0.0,23.05,0.174
2024-07-15 03:00:00+00:00,18.3,56.29789,0.0,22.5,0.174
2024-07-15 04:00:00+00:00,20.0,51.66901,0.0,22.6,0.174
2024-07-15 05:00:00+00:00,22.1,42.74838,0.0,23.6,0.174
2024-07-15 06:00:00+00:00,23.9,36.06819,0.0,25.2,0.173
2024-07-15 07:00:00+00:00,25.8,31.1226,0.0,27.2,0.172
2024-07-15 08:00:00+00:00,27.5,28.544231,0.0,29.4,0.171
2024-07-15 09:00:00+00:00,28.95,26.684122,0.0,31.55,0.17
2024-07-15 10:00:00+00:00,30.15,24.731688,0.0,33.45,0.168
2024-07-15 11:00:00+00:00,31.35,23.40891,0.0,34.95,0.166
2024-07-15 12:00:00+00:00,31.95,22.934397,0.0,35.9,0.165
2024-07-15 13:00:00+00:00,28.1,36.045334,0.1,34.6,0.169
2024-07-15 14:00:00+00:00,29.2,29.108696,0.0,33.95,0.168
2024-07-15 15:00:00+00:00,28.65,29.849415,0.0,33.1,0.167
2024-07-15 16:00:00+00:00,28.65,28.376482,0.0,32.1,0.167
2024-07-15 17:00:00+00:00,26.55,35.610023,0.0,30.65,0.166
2024-07-15 18:00:00+00:00,24.3,45.120556,0.0,29.15,0.166
2024-07-15 19:00:00+00:00,23.4,48.74207,0.0,27.9,0.166
2024-07-15 20:00:00+00:00,22.4,52.12752,0.0,26.8,0.166
2024-07-15 21:00:00+00:00,21.4,55.407715,0.0,25.85,0.166
2024-07-15 22:00:00+00:00,20.6,57.62729,0.0,25.05,0.166
2024-07-15 23:00:00+00:00,19.95,57.84929,0.0,24.3,0.165
2024-07-16 00:00:00+00:00,19.7,54.976852,0.0,23.65,0.165
2024-07-16 01:00:00+00:00,19.55,51.549747,0.0,24.15,0.162
2024-07-16 02:00:00+00:00,19.05,53.35837,0.0,23.4,0.162
2024-07-16 03:00:00+00:00,18.65,55.26246,0.0,22.8,0.162
2024-07-16 04:00:00+00:00,20.45,49.91593,0.0,22.95,0.162
2024-07-16 05:00:00+00:00,22.55,40.62142,0.0,24.0,0.162
2024-07-16 06:00:00+00:00,24.5,36.6081,0.0,25.75,0.161
2024-07-16 07:00:00+00:00,26.3,35.066296,0.0,27.9,0.16
2024-07-16 08:00:00+00:00,28.0,32.490112,0.0,30.3,0.16
2024-07-16 09:00:00+00:00,29.55,29.106924,0.0,32.7,0.158
2024-07-16 10:00:00+00:00,31.0,26.074604,0.0,34.7,0.157
2024-07-16 11:00:00+00:00,32.3,23.815237,0.0,36.25,0.156
2024-07-16 12:00:00+00:00,32.75,22.295855,0.0,37.15,0.155
2024-07-16 13:00:00+00:00,33.3,20.543404,0.0,37.4,0.155
2024-07-16 14:00:00+00:00,33.3,19.584002,0.0,37.2,0.154
2024-07-16 15:00:00+00:00,30.0,28.553516,0.0,35.75,0.153
2024-07-16 16:00:00+00:00,29.25,30.520926,0.0,34.1,0.153
2024-07-16 17:00:00+00:00,27.35,37.28858,0.0,32.35,0.153
2024-07-16 18:00:00+00:00,26.25,40.0452,0.0,30.7,0.153
2024-07-16 19:00:00+00:00,25.2,43.613426,0.0,29.35,0.152
2024-07-16 20:00:00+00:00,24.3,47.560455,0.0,28.25,0.152
2024-07-16 21:00:00+00:00,23.45,51.720596,0.0,27.3,0.152
2024-07-16 22:00:00+00:00,22.6,56.072975,0.0,26.45,0.152
2024-07-16 23:00:00+00:00,21.85,59.849304,0.0,25.7,0.152
2024-07-17 00:00:00+00:00,21.3,62.300694,0.0,25.05,0.152
2024-07-17 01:00:00+00:00,21.6,61.16666,0.0,25.5,0.148
2024-07-17 02:00:00+00:00,21.15,61.863083,0.0,24.85,0.148
2024-07-17 03:00:00+00:00,20.6,64.40893,0.0,24.3,0.148
2024-07-17 04:00:00+00:00,21.4,63.546913,0.0,24.35,0.147
2024-07-17 05:00:00+00:00,23.2,56.77093,0.0,25.3,0.147
2024-07-17 06:00:00+00:00,25.0,50.463974,0.0,26.85,0.147
2024-07-17 07:00:00+00:00,26.8,45.214302,0.0,28.75,0.147
2024-07-17 08:00:00+00:00,28.35,41.295288,0.0,31.05,0.146
2024-07-17 09:00:00+00:00,29.75,38.205738,0.0,33.25,0.145
2024-07-17 10:00:00+00:00,30.65,35.467815,0.0,35.2,0.145
2024-07-17 11:00:00+00:00,31.9,31.25018,0.0,36.45,0.144
2024-07-17 12:00:00+00:00,30.45,32.417274,0.0,37.2,0.143
2024-07-17 13:00:00+00:00,26.35,50.654785,1.1,31.85,0.191
2024-07-17 14:00:00+00:00,28.1,41.22608,0.3,31.9,0.192
2024-07-17 15:00:00+00:00,26.95,41.582108,0.0,31.15,0.192
2024-07-17 16:00:00+00:00,27.4,39.97168,0.0,30.55,0.191
2024-07-17 17:00:00+00:00,26.3,44.349247,0.0,29.5,0.191
2024-07-17 18:00:00+00:00,24.8,48.79779,0.0,28.3,0.191
2024-07-17 19:00:00+00:00,24.05,54.463455,0.0,27.35,0.19
2024-07-17 20:00:00+00:00,23.1,60.920994,0.0,26.55,0.19
2024-07-17 21:00:00+00:00,22.25,64.55845,0.0,25.85,0.19
2024-07-17 22:00:00+00:00,21.55,67.376015,0.0,25.2,0.19
2024-07-17 23:00:00+00:00,21.25,67.74931,0.0,24.6,0.19
2024-07-18 00:00:00+00:00,20.95,67.47078,0.0,24.15,0.19
2024-07-18 01:00:00+00:00,20.0,75.56007,0.0,23.5,0.186
2024-07-18 02:00:00+00:00,19.5,77.44235,0.0,23.05,0.186
2024-07-18 03:00:00+00:00,19.35,78.67059,0.0,22.7,0.186
2024-07-18 04:00:00+00:00,21.35,70.202156,0.0,23.0,0.186
2024-07-18 05:00:00+00:00,23.5,60.235706,0.0,24.25,0.185
2024-07-18 06:00:00+00:00,25.35,53.060513,0.0,26.0,0.184
2024-07-18 07:00:00+00:00,27.1,47.389103,0.0,28.05,0.183
2024-07-18 08:00:00+00:00,28.85,40.637207,0.0,30.2,0.182
2024-07-18 09:00:00+00:00,30.15,35.67628,0.0,32.05,0.181
2024-07-18 10:00:00+00:00,31.45,32.374718,0.0,33.6,0.179
2024-07-18 11:00:00+00:00,32.25,30.437325,0.0,34.65,0.178
2024-07-18 12:00:00+00:00,32.65,29.75786,0.0,35.4,0.176
2024-07-18 13:00:00+00:00,33.0,28.328484,0.0,35.75,0.177
2024-07-18 14:00:00+00:00,32.7,28.810822,0.1,35.45,0.176
2024-07-18 15:00:00+00:00,32.35,28.060421,0.0,34.8,0.175
2024-07-18 16:00:00+00:00,31.45,28.003319,0.0,33.75,0.174
2024-07-18 17:00:00+00:00,29.5,32.154102,0.0,32.3,0.174
2024-07-18 18:00:00+00:00,27.55,39.752296,0.0,30.85,0.174
2024-07-18 19:00:00+00:00,26.35,45.091454,0.0,29.6,0.173
2024-07-18 20:00:00+00:00,25.3,49.09035,0.0,28.55,0.173
2024-07-18 21:00:00+00:00,24.35,51.117863,0.0,27.65,0.173
2024-07-18 22:00:00+00:00,23.4,52.903004,0.0,26.8,0.173
2024-07-18 23:00:00+00:00,22.4,55.65878,0.0,26.05,0.173
2024-07-19 00:00:00+00:00,21.55,57.859287,0.0,25.3,0.173
2024-07-19 01:00:00+00:00,21.6,61.9656,0.0,25.6,0.17
2024-07-19 02:00:00+00:00,21.1,62.458115,0.0,24.9,0.17
2024-07-19 03:00:00+00:00,20.7,62.57131,0.0,24.3,0.17
2024-07-19 04:00:00+00:00,22.05,56.67207,0.0,24.3,0.17
2024-07-19 05:00:00+00:00,24.15,46.133076,0.0,25.1,0.169
2024-07-19 06:00:00+00:00,26.25,37.475445,0.0,26.6,0.169
2024-07-19 07:00:00+00:00,28.05,31.964643,0.0,28.35,0.168
2024-07-19 08:00:00+00:00,29.75,26.004383,0.0,30.3,0.167
2024-07-19 09:00:00+00:00,30.9,23.531643,0.0,32.15,0.166
2024-07-19 10:00:00+00:00,32.2,19.117205,0.0,33.85,0.164
2024-07-19 11:00:00+00:00,33.15,17.56412,0.0,35.2,0.163
2024-07-19 12:00:00+00:00,33.5,17.89185,0.0,35.85,0.162
2024-07-19 13:00:00+00:00,33.95,18.184515,0.0,35.85,0.161
2024-07-19 14:00:00+00:00,32.6,21.587614,0.0,35.1,0.16
2024-07-19 15:00:00+00:00,32.4,21.390858,0.0,34.6,0.159
2024-07-19 16:00:00+00:00,30.95,23.94855,0.0,33.5,0.159
2024-07-19 17:00:00+00:00,28.95,30.438072,0.0,32.15,0.159
2024-07-19 18:00:00+00:00,26.8,38.132042,0.0,30.65,0.158
2024-07-19 19:00:00+00:00,25.55,44.287937,0.0,29.4,0.158
2024-07-19 20:00:00+00:00,24.5,48.558586,0.0,28.35,0.158
2024-07-19 21:00:00+00:00,23.65,52.281845,0.0,27.4,0.158
2024-07-19 22:00:00+00:00,22.8,56.122677,0.0,26.6,0.158
2024-07-19 23:00:00+00:00,21.95,60.262753,0.0,25.8,0.158
2024-07-20 00:00:00+00:00,21.2,64.12289,0.0,25.1,0.158
2024-07-20 01:00:00+00:00,20.9,65.739555,0.0,25.3,0.153
2024-07-20 02:00:00+00:00,20.2,68.86114,0.0,24.5,0.153
2024-07-20 03:00:00+00:00,19.7,71.48765,0.0,23.85,0.153
2024-07-20 04:00:00+00:00,21.55,64.82389,0.0,23.9,0.153
2024-07-20 05:00:00+00:00,23.75,54.74124,0.0,25.0,0.153
2024-07-20 06:00:00+00:00,25.65,45.194473,0.0,26.8,0.152
2024-07-20 07:00:00+00:00,27.65,33.383377,0.0,28.9,0.152
2024-07-20 08:00:00+00:00,29.2,27.955381,0.0,31.1,0.151
2024-07-20 09:00:00+00:00,30.55,23.844034,0.0,33.1,0.15
2024-07-20 10:00:00+00:00,31.55,21.323076,0.0,34.75,0.149
2024-07-20 11:00:00+00:00,32.45,20.333237,0.0,35.95,0.148
2024-07-20 12:00:00+00:00,32.65,20.105164,0.0,36.35,0.148
2024-07-20 13:00:00+00:00,31.75,23.592388,0.0,35.55,0.152
2024-07-20 14:00:00+00:00,32.35,22.573938,0.0,35.5,0.151
2024-07-20 15:00:00+00:00,31.55,23.540493,0.0,34.75,0.151
2024-07-20 16:00:00+00:00,30.05,28.471626,0.0,33.5,0.151
2024-07-20 17:00:00+00:00,28.3,33.342617,0.0,32.05,0.15
2024-07-20 18:00:00+00:00,26.85,38.14607,0.0,30.6,0.15
2024-07-20 19:00:00+00:00,25.85,43.080616,0.0,29.45,0.15
2024-07-20 20:00:00+00:00,24.65,48.282402,0.0,28.4,0.15
2024-07-20 21:00:00+00:00,23.7,52.294804,0.0,27.5,0.15
2024-07-20 22:00:00+00:00,22.95,55.7961,0.0,26.75,0.15
2024-07-20 23:00:00+00:00,22.25,58.407665,0.0,26.05,0.15
2024-07-21 00:00:00+00:00,21.45,61.530613,0.0,25.35,0.15
2024-07-21 01:00:00+00:00,21.0,67.26378,0.0,25.2,0.145
2024-07-21 02:00:00+00:00,20.35,70.91943,0.0,24.55,0.145
2024-07-21 03:00:00+00:00,19.85,73.8568,0.0,24.05,0.145
2024-07-21 04:00:00+00:00,21.85,64.47197,0.0,24.15,0.145
2024-07-21 05:00:00+00:00,24.85,45.87055,0.0,25.25,0.145
2024-07-21 06:00:00+00:00,26.6,38.839817,0.0,27.1,0.144
2024-07-21 07:00:00+00:00,28.4,33.149258,0.0,29.35,0.144
2024-07-21 08:00:00+00:00,30.3,28.53972,0.0,31.75,0.143
2024-07-21 09:00:00+00:00,31.8,25.593264,0.0,34.0,0.143
2024-07-21 10:00:00+00:00,33.05,23.295527,0.0,36.0,0.142
2024-07-21 11:00:00+00:00,33.8,22.26165,0.0,37.45,0.141
2024-07-21 12:00:00+00:00,34.2,21.334711,0.0,38.2,0.141
2024-07-21 13:00:00+00:00,33.9,21.768053,0.0,38.05,0.141
2024-07-21 14:00:00+00:00,33.55,22.57518,0.0,37.7,0.141
2024-07-21 15:00:00+00:00,33.5,22.185646,0.0,37.0,0.14
2024-07-21 16:00:00+00:00,32.5,23.707006,0.0,35.75,0.14
2024-07-21 17:00:00+00:00,30.55,27.115784,0.0,34.15,0.14
2024-07-21 18:00:00+00:00,28.7,30.36898,0.0,32.35,0.14
2024-07-21 19:00:00+00:00,28.05,33.944336,0.0,31.0,0.14
2024-07-21 20:00:00+00:00,27.2,36.75627,0.0,29.95,0.14
2024-07-21 21:00:00+00:00,25.9,40.345806,0.0,29.0,0.139
2024-07-21 22:00:00+00:00,25.1,43.72963,0.0,28.15,0.139
2024-07-21 23:00:00+00:00,24.45,46.980583,0.0,27.45,0.139
2024-07-22 00:00:00+00:00,23.75,50.46307,0.0,26.75,0.139
2024-07-22 01:00:00+00:00,23.2,54.9587,0.0,26.05,0.141
2024-07-22 02:00:00+00:00,22.0,60.666508,0.0,25.5,0.141
2024-07-22 03:00:00+00:00,22.1,60.689728,0.0,25.05,0.141
2024-07-22 04:00:00+00:00,24.0,55.33797,0.0,25.25,0.141
2024-07-22 05:00:00+00:00,26.4,50.667854,0.0,26.45,0.141
2024-07-22 06:00:00+00:00,28.1,47.051235,0.0,28.25,0.141
2024-07-22 07:00:00+00:00,29.85,39.617363,0.0,30.45,0.14
2024-07-22 08:00:00+00:00,31.7,31.297691,0.0,32.8,0.14
2024-07-22 09:00:00+00:00,32.9,25.37277,0.0,34.65,0.139
2024-07-22 10:00:00+00:00,34.1,20.741308,0.0,36.4,0.139
2024-07-22 11:00:00+00:00,35.1,17.11697,0.0,37.9,0.138
2024-07-22 12:00:00+00:00,35.6,15.271891,0.0,38.75,0.137
2024-07-22 13:00:00+00:00,35.3,14.582468,0.0,39.0,0.138
2024-07-22 14:00:00+00:00,35.1,15.057226,0.0,38.9,0.138
2024-07-22 15:00:00+00:00,34.65,15.8191,0.0,38.2,0.137
2024-07-22 16:00:00+00:00,34.45,15.179701,0.0,36.95,0.137
2024-07-22 17:00:00+00:00,31.4,18.596657,0.0,35.15,0.137
2024-07-22 18:00:00+00:00,28.95,33.413155,0.0,33.4,0.137
2024-07-22 19:00:00+00:00,27.7,38.00746,0.0,31.95,0.137
2024-07-22 20:00:00+00:00,26.4,41.702232,0.0,30.7,0.136
2024-07-22 21:00:00+00:00,25.45,43.253628,0.0,29.6,0.136
2024-07-22 22:00:00+00:00,24.45,45.310986,0.0,28.65,0.136
2024-07-22 23:00:00+00:00,23.4,48.103798,0.0,27.75,0.136
2024-07-23 00:00:00+00:00,22.9,49.416744,0.0,26.95,0.136
2024-07-23 01:00:00+00:00,22.75,51.537365,0.0,26.7,0.132
2024-07-23 02:00:00+00:00,22.25,53.126835,0.0,26.05,0.132
2024-07-23 03:00:00+00:00,21.7,55.301357,0.0,25.45,0.132
2024-07-23 04:00:00+00:00,23.4,50.535954,0.0,25.5,0.132
2024-07-23 05:00:00+00:00,25.6,43.724056,0.0,26.55,0.132
2024-07-23 06:00:00+00:00,27.45,39.077858,0.0,28.3,0.131
2024-07-23 07:00:00+00:00,29.15,35.28163,0.0,30.55,0.131
2024-07-23 08:00:00+00:00,30.95,30.08178,0.0,33.1,0.131
2024-07-23 09:00:00+00:00,32.8,25.01035,0.0,35.5,0.131
2024-07-23 10:00:00+00:00,33.75,22.09969,0.0,37.0,0.131
2024-07-23 11:00:00+00:00,34.4,20.536036,0.0,38.1,0.13
2024-07-23 12:00:00+00:00,34.25,20.499084,0.0,38.65,0.13
2024-07-23 13:00:00+00:00,34.9,19.30792,0.0,38.85,0.133
2024-07-23 14:00:00+00:00,35.0,18.307264,0.0,38.75,0.133
2024-07-23 15:00:00+00:00,34.6,16.885107,0.0,37.9,0.133
2024-07-23 16:00:00+00:00,30.8,26.373991,0.3,35.95,0.135
2024-07-23 17:00:00+00:00,29.75,30.052063,0.0,34.2,0.135
2024-07-23 18:00:00+00:00,28.0,33.25877,0.0,32.6,0.135
2024-07-23 19:00:00+00:00,26.7,40.703033,0.0,31.15,0.135
2024-07-23 20:00:00+00:00,25.5,50.595287,0.0,30.0,0.135
2024-07-23 21:00:00+00:00,24.3,56.493103,0.0,29.0,0.135
2024-07-23 22:00:00+00:00,23.3,59.419968,0.0,28.1,0.134
2024-07-23 23:00:00+00:00,22.6,61.39646,0.0,27.3,0.134
2024-07-24 00:00:00+00:00,22.05,62.874363,0.0,26.6,0.134
2024-07-24 01:00:00+00:00,21.45,69.328255,0.0,25.95,0.135
2024-07-24 02:00:00+00:00,20.95,70.577415,0.0,25.35,0.135
2024-07-24 03:00:00+00:00,20.5,72.560234,0.0,24.8,0.135
2024-07-24 04:00:00+00:00,21.8,66.99596,0.0,24.9,0.135
2024-07-24 05:00:00+00:00,23.4,57.931667,0.0,25.8,0.135
2024-07-24 06:00:00+00:00,25.05,51.30083,0.0,27.4,0.135
2024-07-24 07:00:00+00:00,26.7,45.777,0.0,29.45,0.135
2024-07-24 08:00:00+00:00,28.45,40.133163,0.0,31.8,0.134
2024-07-24 09:00:00+00:00,30.1,35.315014,0.0,34.1,0.134
2024-07-24 10:00:00+00:00,31.4,31.010893,0.0,36.1,0.134
2024-07-24 11:00:00+00:00,32.05,27.886992,0.0,37.3,0.134
2024-07-24 12:00:00+00:00,32.5,25.607214,0.0,38.1,0.133
2024-07-24 13:00:00+00:00,32.85,23.638346,0.0,38.25,0.133
2024-07-24 14:00:00+00:00,32.65,22.574131,0.0,38.0,0.133
2024-07-24 15:00:00+00:00,31.65,24.213087,0.0,37.1,0.133
2024-07-24 16:00:00+00:00,30.4,27.349678,0.0,35.65,0.133
2024-07-24 17:00:00+00:00,29.0,30.147406,0.0,33.95,0.132
2024-07-24 18:00:00+00:00,27.45,35.272312,0.0,32.35,0.132
2024-07-24 19:00:00+00:00,25.45,45.73438,0.0,30.9,0.132
2024-07-24 20:00:00+00:00,24.6,48.42695,0.0,29.7,0.132
2024-07-24 21:00:00+00:00,23.65,51.604103,0.0,28.65,0.132
2024-07-24 22:00:00+00:00,22.85,54.51382,0.0,27.75,0.132
2024-07-24 23:00:00+00:00,22.15,56.882042,0.0,26.95,0.132
2024-07-25 00:00:00+00:00,21.45,59.366474,0.0,26.25,0.132
2024-07-25 01:00:00+00:00,21.7,62.999485,0.0,26.4,0.132
2024-07-25 02:00:00+00:00,21.05,64.925896,0.0,25.75,0.132
2024-07-25 03:00:00+00:00,20.8,65.50589,0.0,25.2,0.132
2024-07-25 04:00:00+00:00,21.95,60.85179,0.0,25.15,0.132
2024-07-25 05:00:00+00:00,23.55,55.225418,0.0,25.95,0.132
2024-07-25 06:00:00+00:00,25.2,49.223297,0.0,27.3,0.132
2024-07-25 07:00:00+00:00,26.35,45.238407,0.0,28.95,0.132
2024-07-25 08:00:00+00:00,28.25,39.558456,0.0,31.3,0.132
2024-07-25 09:00:00+00:00,29.8,36.046726,0.0,33.6,0.131
2024-07-25 10:00:00+00:00,30.9,33.51449,0.0,35.5,0.131
2024-07-25 11:00:00+00:00,27.95,44.36939,0.9,34.95,0.141
2024-07-25 12:00:00+00:00,30.6,34.88159,0.0,35.9,0.141
2024-07-25 13:00:00+00:00,28.95,38.481617,0.0,37.15,0.131
2024-07-25 14:00:00+00:00,27.95,37.08861,0.1,36.15,0.131
2024-07-25 15:00:00+00:00,27.0,42.281197,0.1,34.55,0.132
2024-07-25 16:00:00+00:00,23.75,65.50054,0.8,31.65,0.139
2024-07-25 17:00:00+00:00,23.2,65.80196,0.4,28.75,0.143
2024-07-25 18:00:00+00:00,22.25,69.48307,0.0,27.35,0.143
2024-07-25 19:00:00+00:00,21.25,77.460724,0.4,26.15,0.146
2024-07-25 20:00:00+00:00,20.55,82.15574,0.1,25.0,0.146
2024-07-25 21:00:00+00:00,20.25,85.29001,0.0,24.25,0.147
2024-07-25 22:00:00+00:00,19.7,90.20975,0.0,23.7,0.147
2024-07-25 23:00:00+00:00,19.15,93.348305,0.0,23.25,0.147
2024-07-26 00:00:00+00:00,18.9,92.458206,0.0,22.8,0.147
2024-07-26 01:00:00+00:00,17.9,97.20398,0.0,21.75,0.286
2024-07-26 02:00:00+00:00,17.6,97.50553,0.0,21.5,0.284
2024-07-26 03:00:00+00:00,17.5,97.81265,0.0,21.25,0.283
2024-07-26 04:00:00+00:00,18.5,88.98724,0.0,21.4,0.282
2024-07-26 05:00:00+00:00,19.9,78.75011,0.0,22.25,0.281
2024-07-26 06:00:00+00:00,21.45,69.10658,0.0,23.65,0.279
2024-07-26 07:00:00+00:00,23.1,61.117,0.0,25.45,0.277
2024-07-26 08:00:00+00:00,24.55,52.85554,0.0,27.0,0.274
2024-07-26 09:00:00+00:00,25.6,46.225742,0.0,28.2,0.272
2024-07-26 10:00:00+00:00,25.15,47.170353,0.1,28.85,0.27
2024-07-26 11:00:00+00:00,26.55,44.562668,0.2,30.05,0.268
2024-07-26 12:00:00+00:00,27.2,41.380234,0.0,30.8,0.265
2024-07-26 13:00:00+00:00,24.7,43.908035,0.0,30.95,0.264
2024-07-26 14:00:00+00:00,24.8,44.81341,0.0,30.45,0.262
2024-07-26 15:00:00+00:00,24.6,43.303474,0.0,29.7,0.26
2024-07-26 16:00:00+00:00,23.5,44.454227,0.0,28.6,0.259
2024-07-26 17:00:00+00:00,22.2,49.886044,0.0,27.25,0.258
2024-07-26 18:00:00+00:00,21.1,55.698074,0.0,26.0,0.257
2024-07-26 19:00:00+00:00,20.15,60.035904,0.0,25.0,0.256
2024-07-26 20:00:00+00:00,19.2,64.31315,0.0,24.1,0.255
2024-07-26 21:00:00+00:00,18.3,68.93383,0.0,23.35,0.255
2024-07-26 22:00:00+00:00,17.6,73.226036,0.0,22.65,0.254
2024-07-26 23:00:00+00:00,16.95,77.5553,0.0,22.05,0.254
2024-07-27 00:00:00+00:00,16.4,81.367645,0.0,21.55,0.253
2024-07-27 01:00:00+00:00,16.2,85.69272,0.0,21.5,0.262
2024-07-27 02:00:00+00:00,15.75,89.34249,0.0,20.95,0.261
2024-07-27 03:00:00+00:00,15.4,92.5594,0.0,20.5,0.26
2024-07-27 04:00:00+00:00,16.3,87.95288,0.0,20.5,0.26
2024-07-27 05:00:00+00:00,18.0,77.71494,0.0,21.25,0.259
2024-07-27 06:00:00+00:00,19.8,64.867134,0.0,22.5,0.257
2024-07-27 07:00:00+00:00,21.7,55.301357,0.0,24.05,0.256
2024-07-27 08:00:00+00:00,23.2,47.10569,0.0,25.65,0.254
2024-07-27 09:00:00+00:00,24.5,43.852615,0.0,27.25,0.251
2024-07-27 10:00:00+00:00,25.35,38.746033,0.0,28.4,0.249
2024-07-27 11:00:00+00:00,26.4,34.04984,0.0,29.5,0.246
2024-07-27 12:00:00+00:00,26.75,33.24273,0.0,29.95,0.244
2024-07-27 13:00:00+00:00,26.8,33.481163,0.0,30.15,0.243
2024-07-27 14:00:00+00:00,26.5,33.96361,0.0,29.9,0.241
2024-07-27 15:00:00+00:00,25.9,34.485794,0.0,29.2,0.239
2024-07-27 16:00:00+00:00,23.75,42.923405,0.0,28.05,0.238
2024-07-27 17:00:00+00:00,22.8,47.466873,0.0,26.8,0.238
2024-07-27 18:00:00+00:00,21.4,53.966103,0.0,25.6,0.237
2024-07-27 19:00:00+00:00,20.05,60.012257,0.0,24.55,0.237
2024-07-27 20:00:00+00:00,19.3,63.913956,0.0,23.65,0.236
2024-07-27 21:00:00+00:00,18.75,67.68103,0.0,22.95,0.236
2024-07-27 22:00:00+00:00,18.2,71.20899,0.0,22.3,0.235
2024-07-27 23:00:00+00:00,17.8,73.98281,0.0,21.75,0.235
2024-07-28 00:00:00+00:00,17.4,76.36936,0.0,21.3,0.235
2024-07-28 01:00:00+00:00,17.5,76.63463,0.0,21.5,0.232
2024-07-28 02:00:00+00:00,16.95,79.865456,0.0,21.0,0.232
2024-07-28 03:00:00+00:00,16.5,82.71647,0.0,20.55,0.232
2024-07-28 04:00:00+00:00,17.9,76.697655,0.0,20.6,0.231
2024-07-28 05:00:00+00:00,19.8,67.45458,0.0,21.5,0.231
2024-07-28 06:00:00+00:00,21.7,58.656437,0.0,23.0,0.23
2024-07-28 07:00:00+00:00,23.7,49.79332,0.0,24.75,0.228
2024-07-28 08:00:00+00:00,25.45,43.68259,0.0,26.65,0.227
2024-07-28 09:00:00+00:00,26.95,39.19552,0.0,28.5,0.224
2024-07-28 10:00:00+00:00,28.3,34.58306,0.0,30.2,0.222
2024-07-28 11:00:00+00:00,29.3,30.432905,0.0,31.5,0.219
2024-07-28 12:00:00+00:00,30.2,27.112568,0.0,32.45,0.217
2024-07-28 13:00:00+00:00,30.4,26.266895,0.0,32.9,0.215
2024-07-28 14:00:00+00:00,30.4,25.393656,0.0,32.85,0.213
2024-07-28 15:00:00+00:00,29.9,24.414377,0.0,32.15,0.212
2024-07-28 16:00:00+00:00,29.0,25.803442,0.0,30.95,0.211
2024-07-28 17:00:00+00:00,27.0,28.89633,0.0,29.45,0.21
2024-07-28 18:00:00+00:00,25.35,32.294067,0.0,28.0,0.21
2024-07-28 19:00:00+00:00,24.2,35.665867,0.0,26.75,0.209
2024-07-28 20:00:00+00:00,23.05,39.54239,0.0,25.8,0.209
2024-07-28 21:00:00+00:00,22.25,40.674118,0.0,24.95,0.209
2024-07-28 22:00:00+00:00,21.1,44.83469,0.0,24.25,0.208
2024-07-28 23:00:00+00:00,19.95,48.78434,0.0,23.6,0.208
2024-07-29 00:00:00+00:00,19.05,51.590702,0.0,22.9,0.208
2024-07-29 01:00:00+00:00,18.35,51.229958,0.0,22.65,0.207
2024-07-29 02:00:00+00:00,17.65,50.349262,0.0,21.95,0.207
2024-07-29 03:00:00+00:00,17.05,50.186596,0.0,21.3,0.206
2024-07-29 04:00:00+00:00,18.2,47.322372,0.0,21.2,0.206
2024-07-29 05:00:00+00:00,20.1,40.199936,0.0,21.9,0.206
2024-07-29 06:00:00+00:00,21.95,35.389297,0.0,23.3,0.205
2024-07-29 07:00:00+00:00,23.85,30.894451,0.0,25.2,0.203
2024-07-29 08:00:00+00:00,25.65,27.649048,0.0,27.35,0.202
2024-07-29 09:00:00+00:00,27.25,24.640877,0.0,29.45,0.2
2024-07-29 10:00:00+00:00,28.7,21.944782,0.0,31.25,0.198
2024-07-29 11:00:00+00:00,29.9,19.77264,0.0,32.7,0.196
2024-07-29 12:00:00+00:00,30.75,18.183395,0.0,33.65,0.193
2024-07-29 13:00:00+00:00,30.9,17.46608,0.0,34.05,0.191
2024-07-29 14:00:00+00:00,30.95,16.341301,0.0,33.85,0.19
2024-07-29 15:00:00+00:00,30.65,15.871547,0.0,33.1,0.189
2024-07-29 16:00:00+00:00,29.55,16.966774,0.0,31.8,0.188
2024-07-29 17:00:00+00:00,26.45,21.065756,0.0,30.05,0.187
2024-07-29 18:00:00+00:00,25.05,22.645992,0.0,28.35,0.187
2024-07-29 19:00:00+00:00,23.9,24.78281,0.0,27.0,0.187
2024-07-29 20:00:00+00:00,21.7,29.862532,0.0,25.75,0.187
2024-07-29 21:00:00+00:00,20.9,32.373955,0.0,24.65,0.187
2024-07-29 22:00:00+00:00,20.15,35.240597,0.0,23.8,0.186
2024-07-29 23:00:00+00:00,20.2,39.67734,0.0,23.25,0.186
2024-07-30 00:00:00+00:00,19.5,44.083187,0.0,22.75,0.186
2024-07-30 01:00:00+00:00,18.6,47.43314,0.0,22.65,0.179
2024-07-30 02:00:00+00:00,17.9,51.9869,0.0,22.05,0.179
2024-07-30 03:00:00+00:00,17.55,55.35448,0.0,21.5,0.179
2024-07-30 04:00:00+00:00,19.1,53.192284,0.0,21.55,0.178
2024-07-30 05:00:00+00:00,21.85,47.20751,0.0,22.55,0.178
2024-07-30 06:00:00+00:00,23.8,43.080704,0.0,24.2,0.178
2024-07-30 07:00:00+00:00,25.15,39.472427,0.0,26.1,0.177
2024-07-30 08:00:00+00:00,26.8,33.82026,0.0,28.15,0.176
2024-07-30 09:00:00+00:00,28.3,28.089342,0.0,30.25,0.174
2024-07-30 10:00:00+00:00,29.55,24.15604,0.0,32.05,0.173
2024-07-30 11:00:00+00:00,30.5,21.873798,0.0,33.45,0.171
2024-07-30 12:00:00+00:00,31.3,19.704727,0.0,34.45,0.17
2024-07-30 13:00:00+00:00,31.6,18.131401,0.0,34.85,0.167
2024-07-30 14:00:00+00:00,31.2,19.47616,0.0,34.6,0.166
2024-07-30 15:00:00+00:00,30.2,21.20245,0.0,33.7,0.165
2024-07-30 16:00:00+00:00,29.5,22.073593,0.0,32.45,0.164
2024-07-30 17:00:00+00:00,24.8,42.789036,0.0,30.65,0.164
2024-07-30 18:00:00+00:00,22.65,51.850945,0.0,28.9,0.164
2024-07-30 19:00:00+00:00,21.45,56.523483,0.0,27.4,0.164
2024-07-30 20:00:00+00:00,20.45,59.71344,0.0,26.15,0.164
2024-07-30 21:00:00+00:00,19.6,62.32196,0.0,25.1,0.164
2024-07-30 22:00:00+00:00,18.85,63.814278,0.0,24.2,0.163
2024-07-30 23:00:00+00:00,18.15,65.79974,0.0,23.4,0.163
2024-07-31 00:00:00+00:00,17.6,67.66826,0.0,22.75,0.163
2024-07-31 01:00:00+00:00,17.75,67.03161,0.0,22.8,0.157
2024-07-31 02:00:00+00:00,17.0,69.82042,0.0,22.15,0.157
2024-07-31 03:00:00+00:00,16.4,71.815186,0.0,21.5,0.157
2024-07-31 04:00:00+00:00,17.35,66.94821,0.0,21.4,0.157
2024-07-31 05:00:00+00:00,19.1,54.457287,0.0,22.05,0.157
2024-07-31 06:00:00+00:00,20.8,44.297955,0.0,23.35,0.156
2024-07-31 07:00:00+00:00,22.6,37.837044,0.0,25.15,0.156
2024-07-31 08:00:00+00:00,24.2,33.20013,0.0,27.25,0.155
2024-07-31 09:00:00+00:00,25.75,29.147087,0.0,29.45,0.154
2024-07-31 10:00:00+00:00,27.05,26.260817,0.0,31.5,0.153
2024-07-31 11:00:00+00:00,28.05,23.76112,0.0,33.05,0.153
2024-07-31 12:00:00+00:00,28.6,22.0725,0.0,34.05,0.152
2024-07-31 13:00:00+00:00,28.65,21.93195,0.0,34.4,0.151
2024-07-31 14:00:00+00:00,28.65,21.1789,0.0,34.15,0.151
2024-07-31 15:00:00+00:00,28.2,20.697433,0.0,33.3,0.15
2024-07-31 16:00:00+00:00,27.2,21.033058,0.0,31.9,0.15
2024-07-31 17:00:00+00:00,24.7,25.087297,0.0,30.05,0.15
2024-07-31 18:00:00+00:00,23.45,27.23375,0.0,28.15,0.149
2024-07-31 19:00:00+00:00,22.6,39.147705,0.0,26.9,0.149
2024-07-31 20:00:00+00:00,20.9,52.427036,0.0,25.8,0.149
2024-07-31 21:00:00+00:00,19.75,59.350483,0.0,24.8,0.149
2024-07-31 22:00:00+00:00,18.75,65.065926,0.0,23.9,0.149
2024-07-31 23:00:00+00:00,18.1,68.66809,0.0,23.1,0.149
2024-08-01 00:00:00+00:00,17.55,71.32104,0.0,22.45,0.149
2024-08-01 01:00:00+00:00,17.5,72.73007,0.0,22.35,0.14
2024-08-01 02:00:00+00:00,16.95,75.79939,0.0,21.75,0.14
2024-08-01 03:00:00+00:00,16.45,78.75852,0.0,21.2,0.14
2024-08-01 04:00:00+00:00,17.7,73.724236,0.0,21.15,0.14
2024-08-01 05:00:00+00:00,19.85,63.82613,0.0,22.05,0.14
2024-08-01 06:00:00+00:00,21.75,54.771606,0.0,23.65,0.14
2024-08-01 07:00:00+00:00,23.8,46.803715,0.0,25.8,0.14
2024-08-01 08:00:00+00:00,25.75,38.60091,0.0,28.3,0.139
2024-08-01 09:00:00+00:00,27.5,32.241974,0.0,30.8,0.139
2024-08-01 10:00:00+00:00,28.85,27.578259,0.0,32.95,0.138
2024-08-01 11:00:00+00:00,29.75,25.828442,0.0,34.6,0.138
2024-08-01 12:00:00+00:00,30.45,24.810942,0.0,35.85,0.137
2024-08-01 13:00:00+00:00,30.1,26.27524,0.0,36.45,0.137
2024-08-01 14:00:00+00:00,30.1,26.009922,0.0,36.2,0.137
2024-08-01 15:00:00+00:00,29.95,25.61984,0.0,35.3,0.137
2024-08-01 16:00:00+00:00,28.95,26.144447,0.0,33.8,0.137
2024-08-01 17:00:00+00:00,26.25,31.568882,0.0,31.7,0.137
2024-08-01 18:00:00+00:00,23.75,34.46214,0.0,29.6,0.137
2024-08-01 19:00:00+00:00,24.0,30.829876,0.0,27.9,0.136
2024-08-01 20:00:00+00:00,22.4,35.03198,0.0,26.5,0.136
2024-08-01 21:00:00+00:00,21.9,37.12367,0.0,25.55,0.136
2024-08-01 22:00:00+00:00,21.5,39.912193,0.0,24.8,0.136
2024-08-01 23:00:00+00:00,21.35,44.152424,0.0,24.2,0.136
2024-08-02 00:00:00+00:00,20.7,48.49702,0.0,23.65,0.136
2024-08-02 01:00:00+00:00,19.15,59.20651,0.0,23.2,0.134
2024-08-02 02:00:00+00:00,18.2,61.18191,0.0,22.55,0.134
2024-08-02 03:00:00+00:00,17.05,62.568768,0.0,21.85,0.134
2024-08-02 04:00:00+00:00,18.9,55.326157,0.0,21.8,0.134
2024-08-02 05:00:00+00:00,22.0,41.720463,0.0,22.95,0.134
2024-08-02 06:00:00+00:00,24.1,33.399937,0.0,24.85,0.134
2024-08-02 07:00:00+00:00,26.1,29.74979,0.0,27.15,0.133
2024-08-02 08:00:00+00:00,28.05,26.713873,0.0,29.6,0.133
2024-08-02 09:00:00+00:00,29.7,24.195505,0.0,31.95,0.133
2024-08-02 10:00:00+00:00,30.95,21.0264,0.0,33.95,0.133
2024-08-02 11:00:00+00:00,31.85,18.446253,0.0,35.5,0.132
2024-08-02 12:00:00+00:00,32.45,16.568054,0.0,36.55,0.132
2024-08-02 13:00:00+00:00,32.35,18.501581,0.0,36.9,0.136
2024-08-02 14:00:00+00:00,32.35,17.438198,0.0,36.7,0.135
2024-08-02 15:00:00+00:00,32.15,17.330711,0.0,35.85,0.135
2024-08-02 16:00:00+00:00,31.3,17.314707,0.0,34.5,0.135
2024-08-02 17:00:00+00:00,28.4,20.820965,0.0,32.55,0.135
2024-08-02 18:00:00+00:00,25.35,25.709534,0.0,30.6,0.135
2024-08-02 19:00:00+00:00,25.15,25.475904,0.0,29.05,0.135
2024-08-02 20:00:00+00:00,24.7,36.050808,0.0,27.9,0.135
2024-08-02 21:00:00+00:00,23.85,37.04686,0.0,27.0,0.135
2024-08-02 22:00:00+00:00,22.8,44.259804,0.0,26.15,0.135
2024-08-02 23:00:00+00:00,22.0,51.85151,0.0,25.4,0.135
2024-08-03 00:00:00+00:00,21.15,57.195908,0.0,24.7,0.134
2024-08-03 01:00:00+00:00,19.7,61.9363,0.0,23.5,0.134
2024-08-03 02:00:00+00:00,19.15,65.79648,0.0,23.0,0.134
2024-08-03 03:00:00+00:00,18.5,69.882195,0.0,22.45,0.134
2024-08-03 04:00:00+00:00,20.1,64.72065,0.0,22.5,0.134
2024-08-03 05:00:00+00:00,22.95,55.615,0.0,23.65,0.134
2024-08-03 06:00:00+00:00,24.9,48.665737,0.0,25.6,0.134
2024-08-03 07:00:00+00:00,26.9,42.39176,0.0,28.05,0.134
2024-08-03 08:00:00+00:00,29.0,35.47232,0.0,30.6,0.133
2024-08-03 09:00:00+00:00,30.85,28.121347,0.0,32.9,0.133
2024-08-03 10:00:00+00:00,32.25,22.701836,0.0,34.8,0.133
2024-08-03 11:00:00+00:00,33.25,19.238983,0.0,36.25,0.133
2024-08-03 12:00:00+00:00,33.65,17.377531,0.0,37.2,0.132
2024-08-03 13:00:00+00:00,34.0,13.855448,0.0,37.7,0.131
2024-08-03 14:00:00+00:00,34.05,10.543839,0.0,37.55,0.131
2024-08-03 15:00:00+00:00,33.8,8.560115,0.0,36.7,0.131
2024-08-03 16:00:00+00:00,32.75,9.639522,0.0,35.3,0.131
2024-08-03 17:00:00+00:00,29.35,12.464644,0.0,33.35,0.13
2024-08-03 18:00:00+00:00,28.0,12.421293,0.0,31.5,0.13
2024-08-03 19:00:00+00:00,26.65,21.724092,0.0,30.1,0.13
2024-08-03 20:00:00+00:00,25.5,28.481588,0.0,28.85,0.13
2024-08-03 21:00:00+00:00,24.25,31.437902,0.0,27.75,0.13
2024-08-03 22:00:00+00:00,22.55,35.074844,0.0,26.6,0.13
2024-08-03 23:00:00+00:00,21.6,37.551254,0.0,25.55,0.13
2024-08-04 00:00:00+00:00,20.5,40.45314,0.0,24.7,0.13
2024-08-04 01:00:00+00:00,19.1,54.457287,0.0,23.35,0.132
2024-08-04 02:00:00+00:00,18.25,57.23817,0.0,22.7,0.132
2024-08-04 03:00:00+00:00,17.6,59.029457,0.0,22.05,0.132
2024-08-04 04:00:00+00:00,20.05,49.14182,0.0,22.1,0.132
2024-08-04 05:00:00+00:00,22.9,38.44202,0.0,23.25,0.132
2024-08-04 06:00:00+00:00,25.15,31.800034,0.0,25.2,0.132
2024-08-04 07:00:00+00:00,27.2,26.120642,0.0,27.5,0.132
2024-08-04 08:00:00+00:00,29.15,21.305864,0.0,30.0,0.132
2024-08-04 09:00:00+00:00,30.95,16.752169,0.0,32.5,0.132
2024-08-04 10:00:00+00:00,32.25,15.0173,0.0,34.6,0.131
2024-08-04 11:00:00+00:00,33.2,14.234816,0.0,36.2,0.131
2024-08-04 12:00:00+00:00,33.8,13.91193,0.0,37.25,0.131
2024-08-04 13:00:00+00:00,33.6,14.219073,0.0,37.25,0.132
2024-08-04 14:00:00+00:00,33.25,13.4552355,0.0,36.95,0.131
2024-08-04 15:00:00+00:00,33.45,12.517204,0.0,36.25,0.131
2024-08-04 16:00:00+00:00,32.0,16.757664,0.0,34.95,0.131
2024-08-04 17:00:00+00:00,29.35,23.36884,0.0,33.3,0.131
2024-08-04 18:00:00+00:00,27.35,30.5077,0.0,31.7,0.131
2024-08-04 19:00:00+00:00,26.05,34.296333,0.0,30.25,0.131
2024-08-04 20:00:00+00:00,24.7,38.048206,0.0,29.0,0.131
2024-08-04 21:00:00+00:00,23.3,42.511997,0.0,27.8,0.131
2024-08-04 22:00:00+00:00,22.2,46.676247,0.0,26.75,0.131
2024-08-04 23:00:00+00:00,21.25,49.963665,0.0,25.85,0.131
2024-08-05 00:00:00+00:00,20.6,51.827503,0.0,25.0,0.131
2024-08-05 01:00:00+00:00,21.05,55.869358,0.0,24.8,0.128
2024-08-05 02:00:00+00:00,20.2,58.873478,0.0,24.15,0.128
2024-08-05 03:00:00+00:00,19.65,61.31651,0.0,23.55,0.127
2024-08-05 04:00:00+00:00,21.15,56.44897,0.0,23.5,0.127
2024-08-05 05:00:00+00:00,23.5,46.721848,0.0,24.5,0.127
2024-08-05 06:00:00+00:00,25.3,40.311264,0.0,26.25,0.127
2024-08-05 07:00:00+00:00,26.95,36.443047,0.0,28.4,0.127
2024-08-05 08:00:00+00:00,28.6,32.440624,0.0,30.85,0.127
2024-08-05 09:00:00+00:00,30.25,28.430813,0.0,33.35,0.127
2024-08-05 10:00:00+00:00,31.7,24.888496,0.0,35.45,0.127
2024-08-05 11:00:00+00:00,32.35,22.573938,0.0,36.75,0.127
2024-08-05 12:00:00+00:00,32.25,21.868982,0.0,37.25,0.126
2024-08-05 13:00:00+00:00,32.65,21.308096,0.0,37.35,0.119
2024-08-05 14:00:00+00:00,32.45,21.257921,0.0,36.95,0.119
2024-08-05 15:00:00+00:00,29.75,25.653547,0.2,35.15,0.12
2024-08-05 16:00:00+00:00,28.0,30.277283,0.0,33.6,0.12
2024-08-05 17:00:00+00:00,25.45,38.90369,0.0,31.8,0.12
2024-08-05 18:00:00+00:00,24.85,41.82139,0.0,30.25,0.12
2024-08-05 19:00:00+00:00,23.95,44.57884,0.0,28.95,0.12
2024-08-05 20:00:00+00:00,22.9,47.651745,0.0,27.75,0.12
2024-08-05 21:00:00+00:00,21.95,51.49693,0.0,26.75,0.12
2024-08-05 22:00:00+00:00,21.15,55.71064,0.0,25.85,0.12
2024-08-05 23:00:00+00:00,20.45,59.322403,0.0,25.05,0.12
2024-08-06 00:00:00+00:00,19.85,63.20228,0.0,24.35,0.12
2024-08-06 01:00:00+00:00,19.6,66.540405,0.0,24.2,0.123
2024-08-06 02:00:00+00:00,18.95,70.197426,0.0,23.55,0.123
2024-08-06 03:00:00+00:00,18.25,73.81968,0.0,22.95,0.123
2024-08-06 04:00:00+00:00,19.7,68.316986,0.0,22.9,0.123
2024-08-06 05:00:00+00:00,21.55,61.7536,0.0,23.85,0.123
2024-08-06 06:00:00+00:00,23.5,53.274662,0.0,25.7,0.123
2024-08-06 07:00:00+00:00,25.45,45.436165,0.0,28.0,0.123
2024-08-06 08:00:00+00:00,27.25,39.798996,0.0,30.45,0.123
2024-08-06 09:00:00+00:00,28.95,33.19245,0.0,32.75,0.123
2024-08-06 10:00:00+00:00,29.95,29.907103,0.0,34.25,0.123
2024-08-06 11:00:00+00:00,30.75,27.53622,0.0,35.45,0.123
2024-08-06 12:00:00+00:00,31.1,26.101278,0.0,36.15,0.123
2024-08-06 13:00:00+00:00,30.9,23.692455,0.0,36.25,0.122
2024-08-06 14:00:00+00:00,31.2,21.308088,0.0,36.0,0.122
2024-08-06 15:00:00+00:00,31.1,18.983147,0.0,35.25,0.122
2024-08-06 16:00:00+00:00,30.2,20.69374,0.0,33.95,0.122
2024-08-06 17:00:00+00:00,28.6,22.616873,0.0,32.4,0.122
2024-08-06 18:00:00+00:00,26.2,36.231873,0.0,30.95,0.122
2024-08-06 19:00:00+00:00,25.2,38.96312,0.0,29.55,0.122
2024-08-06 20:00:00+00:00,23.9,45.15962,0.0,28.4,0.122
2024-08-06 21:00:00+00:00,22.6,51.497997,0.0,27.3,0.122
2024-08-06 22:00:00+00:00,21.2,57.39625,0.0,26.25,0.122
2024-08-06 23:00:00+00:00,20.4,60.49062,0.0,25.3,0.122
2024-08-07 00:00:00+00:00,20.05,61.207787,0.0,24.55,0.122
2024-08-07 01:00:00+00:00,20.0,62.412884,0.0,24.35,0.108
2024-08-07 02:00:00+00:00,19.4,64.568405,0.0,23.7,0.108
2024-08-07 03:00:00+00:00,19.0,66.85129,0.0,23.15,0.108
2024-08-07 04:00:00+00:00,20.0,63.65085,0.0,23.05,0.108
2024-08-07 05:00:00+00:00,21.9,56.63498,0.0,23.95,0.108
2024-08-07 06:00:00+00:00,23.95,44.57884,0.0,25.5,0.108
2024-08-07 07:00:00+00:00,25.85,34.471684,0.0,27.6,0.108
2024-08-07 08:00:00+00:00,27.5,29.431696,0.0,29.95,0.108
2024-08-07 09:00:00+00:00,28.95,25.702105,0.0,32.2,0.108
2024-08-07 10:00:00+00:00,30.2,23.031532,0.0,34.2,0.108
2024-08-07 11:00:00+00:00,31.05,20.90681,0.0,35.65,0.108
2024-08-07 12:00:00+00:00,31.55,19.834631,0.0,36.5,0.108
2024-08-07 13:00:00+00:00,30.75,21.415129,0.0,36.6,0.109
2024-08-07 14:00:00+00:00,30.7,21.550573,0.0,36.45,0.109
2024-08-07 15:00:00+00:00,30.75,21.341406,0.0,35.75,0.109
2024-08-07 16:00:00+00:00,29.4,22.20131,0.0,34.3,0.109
2024-08-07 17:00:00+00:00,27.2,25.232954,0.0,32.45,0.109
2024-08-07 18:00:00+00:00,24.9,40.873753,0.0,30.7,0.109
2024-08-07 19:00:00+00:00,23.9,44.713017,0.0,29.2,0.109
2024-08-07 20:00:00+00:00,22.55,50.144806,0.0,27.9,0.109
2024-08-07 21:00:00+00:00,21.4,56.511086,0.0,26.75,0.109
2024-08-07 22:00:00+00:00,20.4,62.708042,0.0,25.75,0.109
2024-08-07 23:00:00+00:00,19.7,66.344666,0.0,24.9,0.109
2024-08-08 00:00:00+00:00,19.0,69.524254,0.0,24.1,0.109
2024-08-08 01:00:00+00:00,18.25,73.81968,0.0,23.5,0.107
2024-08-08 02:00:00+00:00,17.6,76.9003,0.0,22.85,0.107
2024-08-08 03:00:00+00:00,17.2,78.86762,0.0,22.25,0.107
2024-08-08 04:00:00+00:00,18.4,73.366936,0.0,22.1,0.107
2024-08-08 05:00:00+00:00,20.5,63.96942,0.0,23.05,0.107
2024-08-08 06:00:00+00:00,22.5,55.5024,0.0,24.8,0.107
2024-08-08 07:00:00+00:00,24.65,47.344074,0.0,27.1,0.107
2024-08-08 08:00:00+00:00,26.85,39.55672,0.0,29.75,0.107
2024-08-08 09:00:00+00:00,28.9,33.621204,0.0,32.5,0.107
2024-08-08 10:00:00+00:00,30.45,29.54924,0.0,34.95,0.107
2024-08-08 11:00:00+00:00,31.7,25.998915,0.0,36.75,0.107
2024-08-08 12:00:00+00:00,32.6,22.637854,0.0,37.95,0.107
2024-08-08 13:00:00+00:00,32.2,22.843401,0.0,38.1,0.107
2024-08-08 14:00:00+00:00,31.9,21.338093,0.0,37.55,0.107
2024-08-08 15:00:00+00:00,31.35,19.043745,0.0,36.55,0.107
2024-08-08 16:00:00+00:00,30.85,18.594408,0.0,35.1,0.107
2024-08-08 17:00:00+00:00,27.05,23.91169,0.0,32.95,0.107
2024-08-08 18:00:00+00:00,26.95,21.118559,0.0,31.2,0.107
2024-08-08 19:00:00+00:00,25.95,22.00797,0.0,29.8,0.107
2024-08-08 20:00:00+00:00,24.9,29.722,0.0,28.65,0.107
2024-08-08 21:00:00+00:00,23.95,39.931103,0.0,27.7,0.107
2024-08-08 22:00:00+00:00,22.95,41.148815,0.0,26.8,0.107
2024-08-08 23:00:00+00:00,21.85,45.806133,0.0,25.9,0.107
2024-08-09 00:00:00+00:00,21.15,50.439007,0.0,25.15,0.107
2024-08-09 01:00:00+00:00,20.4,59.701576,0.0,24.35,0.104
2024-08-09 02:00:00+00:00,19.75,64.01326,0.0,23.8,0.104
2024-08-09 03:00:00+00:00,18.95,68.166145,0.0,23.25,0.104
2024-08-09 04:00:00+00:00,20.0,64.91038,0.0,23.15,0.104
2024-08-09 05:00:00+00:00,22.35,58.43172,0.0,24.05,0.104
2024-08-09 06:00:00+00:00,24.6,49.70733,0.0,25.85,0.104
2024-08-09 07:00:00+00:00,26.65,42.60028,0.0,28.2,0.104
2024-08-09 08:00:00+00:00,28.75,36.227154,0.0,30.9,0.104
2024-08-09 09:00:00+00:00,30.75,30.528107,0.0,33.65,0.104
2024-08-09 10:00:00+00:00,32.45,25.765392,0.0,36.0,0.104
2024-08-09 11:00:00+00:00,33.55,23.03486,0.0,37.6,0.104
2024-08-09 12:00:00+00:00,34.05,21.58655,0.0,38.5,0.104
2024-08-09 13:00:00+00:00,33.95,19.809546,0.0,38.3,0.105
2024-08-09 14:00:00+00:00,33.8,18.27453,0.0,38.05,0.105
2024-08-09 15:00:00+00:00,33.5,17.830084,0.0,37.25,0.105
2024-08-09 16:00:00+00:00,32.95,17.21507,0.0,35.95,0.105
2024-08-09 17:00:00+00:00,28.65,22.70858,0.0,33.9,0.105
2024-08-09 18:00:00+00:00,27.8,27.199253,0.0,32.0,0.105
2024-08-09 19:00:00+00:00,26.15,45.627327,0.0,30.6,0.105
2024-08-09 20:00:00+00:00,25.25,49.879444,0.0,29.4,0.105
2024-08-09 21:00:00+00:00,24.2,54.677616,0.0,28.4,0.105
2024-08-09 22:00:00+00:00,23.2,59.39635,0.0,27.45,0.105
2024-08-09 23:00:00+00:00,22.2,63.723103,0.0,26.65,0.105
2024-08-10 00:00:00+00:00,21.45,66.49488,0.0,25.85,0.105
2024-08-10 01:00:00+00:00,20.6,73.044495,0.0,25.55,0.101
2024-08-10 02:00:00+00:00,19.9,76.76316,0.0,24.8,0.101
2024-08-10 03:00:00+00:00,19.1,81.45367,0.0,24.15,0.101
2024-08-10 04:00:00+00:00,19.9,78.24918,0.0,23.9,0.101
2024-08-10 05:00:00+00:00,21.65,68.48505,0.0,24.55,0.101
2024-08-10 06:00:00+00:00,23.55,58.154892,0.0,26.0,0.101
2024-08-10 07:00:00+00:00,25.6,49.810585,0.0,27.95,0.101
2024-08-10 08:00:00+00:00,27.6,42.03508,0.0,30.2,0.101
2024-08-10 09:00:00+00:00,29.4,34.89023,0.0,32.5,0.101
2024-08-10 10:00:00+00:00,30.7,29.323944,0.0,34.55,0.101
2024-08-10 11:00:00+00:00,31.8,25.336964,0.0,36.2,0.101
2024-08-10 12:00:00+00:00,32.6,22.333282,0.0,37.3,0.101
2024-08-10 13:00:00+00:00,32.4,22.131529,0.0,37.7,0.101
2024-08-10 14:00:00+00:00,31.9,19.647402,0.0,37.25,0.101
2024-08-10 15:00:00+00:00,31.65,18.721811,0.0,36.3,0.101
2024-08-10 16:00:00+00:00,28.35,31.516546,0.0,34.55,0.101
2024-08-10 17:00:00+00:00,26.4,37.021576,0.0,32.7,0.101
2024-08-10 18:00:00+00:00,25.25,44.78992,0.0,31.0,0.101
2024-08-10 19:00:00+00:00,24.1,52.739758,0.0,29.65,0.101
2024-08-10 20:00:00+00:00,23.4,56.27132,0.0,28.5,0.101
2024-08-10 21:00:00+00:00,22.6,59.63883,0.0,27.55,0.101
2024-08-10 22:00:00+00:00,21.8,62.615765,0.0,26.65,0.101
2024-08-10 23:00:00+00:00,20.35,67.130486,0.0,25.85,0.101
2024-08-11 00:00:00+00:00,18.9,69.05261,0.0,24.95,0.101
2024-08-11 01:00:00+00:00,18.85,75.12909,0.1,24.7,0.102
2024-08-11 02:00:00+00:00,18.85,76.10618,0.6,23.4,0.109
2024-08-11 03:00:00+00:00,18.35,77.51683,0.0,22.6,0.109
2024-08-11 04:00:00+00:00,18.9,72.038475,0.0,22.3,0.109
2024-08-11 05:00:00+00:00,20.65,59.7609,0.0,22.95,0.109
2024-08-11 06:00:00+00:00,22.45,47.84632,0.0,24.4,0.109
2024-08-11 07:00:00+00:00,24.4,38.477707,0.0,26.35,0.109
2024-08-11 08:00:00+00:00,26.25,32.437202,0.0,28.6,0.109
2024-08-11 09:00:00+00:00,27.8,28.336054,0.0,30.85,0.109
2024-08-11 10:00:00+00:00,29.1,25.567135,0.0,32.85,0.109
2024-08-11 11:00:00+00:00,30.05,23.31055,0.0,34.35,0.109
2024-08-11 12:00:00+00:00,30.55,21.736267,0.0,35.25,0.109
2024-08-11 13:00:00+00:00,30.1,22.381226,0.0,35.45,0.101
2024-08-11 14:00:00+00:00,30.5,20.270424,0.0,35.0,0.101
2024-08-11 15:00:00+00:00,29.95,21.286518,0.0,34.3,0.101
2024-08-11 16:00:00+00:00,29.85,19.417053,0.0,33.2,0.101
2024-08-11 17:00:00+00:00,27.85,21.273312,0.0,31.65,0.101
2024-08-11 18:00:00+00:00,25.85,24.610388,0.0,30.1,0.101
2024-08-11 19:00:00+00:00,24.65,26.525019,0.0,28.75,0.101
2024-08-11 20:00:00+00:00,23.5,41.303886,0.0,27.65,0.101
2024-08-11 21:00:00+00:00,22.4,49.44617,0.0,26.75,0.101
2024-08-11 22:00:00+00:00,21.5,53.107876,0.0,25.9,0.101
2024-08-11 23:00:00+00:00,20.65,55.953545,0.0,25.1,0.101
2024-08-12 00:00:00+00:00,19.8,58.004322,0.0,24.35,0.101
2024-08-12 01:00:00+00:00,19.1,56.498787,0.0,24.25,0.107
2024-08-12 02:00:00+00:00,18.4,59.61939,0.0,23.45,0.107
2024-08-12 03:00:00+00:00,17.8,62.739853,0.0,22.7,0.107
2024-08-12 04:00:00+00:00,18.85,59.92576,0.0,22.45,0.107
2024-08-12 05:00:00+00:00,21.35,50.324547,0.0,23.3,0.107
2024-08-12 06:00:00+00:00,23.15,43.33195,0.0,24.9,0.107
2024-08-12 07:00:00+00:00,24.95,35.51674,0.0,26.95,0.107
2024-08-12 08:00:00+00:00,26.65,29.296528,0.0,29.2,0.107
2024-08-12 09:00:00+00:00,28.3,23.826963,0.0,31.45,0.107
2024-08-12 10:00:00+00:00,29.65,19.504513,0.0,33.4,0.107
2024-08-12 11:00:00+00:00,30.6,17.395617,0.0,34.9,0.107
2024-08-12 12:00:00+00:00,31.2,17.109388,0.0,35.85,0.107
2024-08-12 13:00:00+00:00,30.95,19.550684,0.0,36.2,0.104
2024-08-12 14:00:00+00:00,30.85,20.007357,0.0,35.9,0.104
2024-08-12 15:00:00+00:00,30.6,21.083807,0.0,35.1,0.104
2024-08-12 16:00:00+00:00,29.8,22.381264,0.0,33.8,0.104
2024-08-12 17:00:00+00:00,27.5,25.843191,0.0,32.0,0.104
2024-08-12 18:00:00+00:00,25.4,29.554888,0.0,30.25,0.104
2024-08-12 19:00:00+00:00,25.45,31.237535,0.0,29.0,0.104
2024-08-12 20:00:00+00:00,24.8,34.058834,0.0,28.0,0.104
2024-08-12 21:00:00+00:00,23.2,45.41738,0.0,27.1,0.104
2024-08-12 22:00:00+00:00,22.4,44.744473,0.0,26.25,0.104
2024-08-12 23:00:00+00:00,21.7,46.072937,0.0,25.55,0.104
2024-08-13 00:00:00+00:00,20.8,52.2268,0.0,24.8,0.104
2024-08-13 01:00:00+00:00,19.45,63.32035,0.0,24.6,0.104
2024-08-13 02:00:00+00:00,18.8,65.93819,0.0,23.8,0.104
2024-08-13 03:00:00+00:00,18.25,68.24836,0.0,23.1,0.104
2024-08-13 04:00:00+00:00,19.15,64.302185,0.0,22.8,0.104
2024-08-13 05:00:00+00:00,21.2,55.906933,0.0,23.6,0.104
2024-08-13 06:00:00+00:00,23.1,48.661343,0.0,25.2,0.104
2024-08-13 07:00:00+00:00,25.2,40.551872,0.0,27.4,0.104
2024-08-13 08:00:00+00:00,27.25,33.27131,0.0,29.8,0.104
2024-08-13 09:00:00+00:00,29.0,28.18528,0.0,32.25,0.104
2024-08-13 10:00:00+00:00,30.45,24.89532,0.0,34.5,0.104
2024-08-13 11:00:00+00:00,31.65,22.47142,0.0,36.35,0.104
2024-08-13 12:00:00+00:00,32.45,21.185495,0.0,37.65,0.104
2024-08-13 13:00:00+00:00,32.05,21.30287,0.0,38.35,0.104
2024-08-13 14:00:00+00:00,32.2,20.201881,0.0,38.2,0.104
2024-08-13 15:00:00+00:00,31.95,19.056702,0.0,37.3,0.104
2024-08-13 16:00:00+00:00,31.0,19.562937,0.0,35.65,0.104
2024-08-13 17:00:00+00:00,27.35,24.92552,0.0,33.4,0.104
2024-08-13 18:00:00+00:00,28.2,22.908733,0.0,31.35,0.104
2024-08-13 19:00:00+00:00,27.45,24.101257,0.0,29.6,0.104
2024-08-13 20:00:00+00:00,24.1,29.600967,0.0,28.2,0.104
2024-08-13 21:00:00+00:00,23.8,30.034897,0.0,27.15,0.104
2024-08-13 22:00:00+00:00,23.35,32.171608,0.0,26.35,0.104
2024-08-13 23:00:00+00:00,23.05,36.19571,0.0,25.8,0.104
2024-08-14 00:00:00+00:00,22.25,38.51895,0.0,25.2,0.104
2024-08-14 01:00:00+00:00,20.8,42.96327,0.0,24.55,0.103
2024-08-14 02:00:00+00:00,20.45,48.755974,0.0,23.95,0.103
2024-08-14 03:00:00+00:00,20.05,54.883137,0.0,23.45,0.103
2024-08-14 04:00:00+00:00,21.1,53.71103,0.0,23.35,0.103
2024-08-14 05:00:00+00:00,23.95,46.383484,0.0,24.25,0.103
2024-08-14 06:00:00+00:00,26.0,41.317635,0.0,25.95,0.103
2024-08-14 07:00:00+00:00,28.15,35.002125,0.0,28.2,0.103
2024-08-14 08:00:00+00:00,30.15,28.882746,0.0,30.7,0.103
2024-08-14 09:00:00+00:00,31.7,24.63827,0.0,33.15,0.103
2024-08-14 10:00:00+00:00,32.95,21.166325,0.0,35.3,0.103
2024-08-14 11:00:00+00:00,33.9,18.679283,0.0,37.0,0.103
2024-08-14 12:00:00+00:00,34.45,17.08545,0.0,38.1,0.103
2024-08-14 13:00:00+00:00,34.2,14.757457,0.0,38.3,0.104
2024-08-14 14:00:00+00:00,34.05,13.573542,0.0,38.0,0.104
2024-08-14 15:00:00+00:00,33.4,13.390343,0.0,37.05,0.104
2024-08-14 16:00:00+00:00,32.2,15.275425,0.0,35.65,0.104
2024-08-14 17:00:00+00:00,29.7,18.842407,0.0,33.8,0.104
2024-08-14 18:00:00+00:00,28.35,19.736404,0.0,32.15,0.104
2024-08-14 19:00:00+00:00,26.55,20.49938,0.0,30.65,0.104
2024-08-14 20:00:00+00:00,25.85,25.398018,0.0,29.4,0.104
2024-08-14 21:00:00+00:00,25.2,34.755653,0.0,28.45,0.104
2024-08-14 22:00:00+00:00,24.15,38.796818,0.0,27.65,0.104
2024-08-14 23:00:00+00:00,22.95,46.72632,0.0,26.85,0.104
2024-08-15 00:00:00+00:00,21.85,53.726658,0.0,26.05,0.104
2024-08-15 01:00:00+00:00,20.05,64.288864,0.0,25.45,0.109
2024-08-15 02:00:00+00:00,19.05,69.98843,0.0,24.55,0.109
2024-08-15 03:00:00+00:00,18.3,74.55197,0.0,23.75,0.109
2024-08-15 04:00:00+00:00,19.5,69.84794,0.0,23.45,0.109
2024-08-15 05:00:00+00:00,21.85,59.26839,0.0,24.2,0.109
2024-08-15 06:00:00+00:00,23.65,50.93411,0.0,25.9,0.109
2024-08-15 07:00:00+00:00,25.75,42.350582,0.0,28.15,0.109
2024-08-15 08:00:00+00:00,27.8,34.100838,0.0,30.65,0.109
2024-08-15 09:00:00+00:00,29.75,26.809294,0.0,33.15,0.109
2024-08-15 10:00:00+00:00,31.4,21.285292,0.0,35.4,0.109
2024-08-15 11:00:00+00:00,32.7,17.03763,0.0,37.1,0.109
2024-08-15 12:00:00+00:00,33.55,14.616998,0.0,38.15,0.109
2024-08-15 13:00:00+00:00,32.9,15.983802,0.0,38.35,0.109
2024-08-15 14:00:00+00:00,32.8,15.299673,0.0,37.9,0.109
2024-08-15 15:00:00+00:00,32.5,14.442158,0.0,36.95,0.109
2024-08-15 16:00:00+00:00,31.0,13.084337,0.0,35.35,0.109
2024-08-15 17:00:00+00:00,27.65,16.051224,0.0,33.15,0.109
2024-08-15 18:00:00+00:00,26.2,28.186256,0.0,31.45,0.109
2024-08-15 19:00:00+00:00,24.6,33.427345,0.0,29.95,0.109
2024-08-15 20:00:00+00:00,23.3,36.26697,0.0,28.6,0.109
2024-08-15 21:00:00+00:00,22.65,37.210648,0.0,27.5,0.109
2024-08-15 22:00:00+00:00,22.05,39.93263,0.0,26.6,0.109
2024-08-15 23:00:00+00:00,21.35,44.30192,0.0,25.8,0.109
2024-08-16 00:00:00+00:00,20.7,48.98799,0.0,25.1,0.109
2024-08-16 01:00:00+00:00,19.75,48.40134,0.0,24.75,0.1
2024-08-16 02:00:00+00:00,19.2,51.97974,0.0,24.05,0.1
2024-08-16 03:00:00+00:00,18.65,57.529488,0.0,23.45,0.1
2024-08-16 04:00:00+00:00,19.15,59.798573,0.0,23.15,0.1
2024-08-16 05:00:00+00:00,20.5,59.52954,0.0,23.65,0.1
2024-08-16 06:00:00+00:00,21.95,53.39978,0.0,24.9,0.1
2024-08-16 07:00:00+00:00,23.7,45.404465,0.0,26.7,0.1
2024-08-16 08:00:00+00:00,25.5,37.13932,0.0,28.9,0.1
2024-08-16 09:00:00+00:00,27.3,28.979136,0.0,31.2,0.1
2024-08-16 10:00:00+00:00,28.8,22.511877,0.0,33.25,0.1
2024-08-16 11:00:00+00:00,29.9,18.172338,0.0,34.9,0.1
2024-08-16 12:00:00+00:00,30.7,13.604139,0.0,35.85,0.1
2024-08-16 13:00:00+00:00,29.8,14.169412,0.0,36.2,0.098
2024-08-16 14:00:00+00:00,29.5,12.681132,0.0,35.7,0.098
2024-08-16 15:00:00+00:00,29.15,12.105251,0.0,34.65,0.098
2024-08-16 16:00:00+00:00,28.1,15.465332,0.0,33.15,0.098
2024-08-16 17:00:00+00:00,25.05,20.120037,0.0,31.2,0.098
2024-08-16 18:00:00+00:00,24.05,22.463867,0.0,29.45,0.098
2024-08-16 19:00:00+00:00,23.1,26.850573,0.0,28.05,0.098
2024-08-16 20:00:00+00:00,22.35,32.447865,0.0,26.9,0.098
2024-08-16 21:00:00+00:00,21.5,37.26507,0.0,25.95,0.098
2024-08-16 22:00:00+00:00,20.35,42.9827,0.0,25.1,0.098
2024-08-16 23:00:00+00:00,19.2,49.91544,0.0,24.3,0.098
2024-08-17 00:00:00+00:00,18.3,54.987568,0.0,23.5,0.098
2024-08-17 01:00:00+00:00,16.9,62.534416,0.0,22.9,0.098
2024-08-17 02:00:00+00:00,16.1,66.909325,0.0,22.1,0.098
2024-08-17 03:00:00+00:00,15.3,71.61052,0.0,21.3,0.098
2024-08-17 04:00:00+00:00,15.85,70.294815,0.0,20.9,0.098
2024-08-17 05:00:00+00:00,17.6,62.69433,0.0,21.55,0.098
2024-08-17 06:00:00+00:00,19.45,48.978786,0.0,22.95,0.098
2024-08-17 07:00:00+00:00,21.45,39.08686,0.0,24.9,0.098
2024-08-17 08:00:00+00:00,23.3,34.570618,0.0,27.15,0.098
2024-08-17 09:00:00+00:00,25.0,31.21814,0.0,29.4,0.098
2024-08-17 10:00:00+00:00,26.6,27.814505,0.0,31.5,0.098
2024-08-17 11:00:00+00:00,28.0,25.18593,0.0,33.2,0.098
2024-08-17 12:00:00+00:00,28.95,23.588032,0.0,34.4,0.098
2024-08-17 13:00:00+00:00,28.35,21.251307,0.0,34.8,0.098
2024-08-17 14:00:00+00:00,28.45,20.042301,0.0,34.5,0.098
2024-08-17 15:00:00+00:00,28.05,20.226683,0.0,33.6,0.098
2024-08-17 16:00:00+00:00,27.1,21.007599,0.0,32.15,0.098
2024-08-17 17:00:00+00:00,24.85,24.000288,0.0,30.3,0.098
2024-08-17 18:00:00+00:00,23.65,26.624321,0.0,28.65,0.098
2024-08-17 19:00:00+00:00,22.75,31.449438,0.0,27.25,0.098
2024-08-17 20:00:00+00:00,22.35,34.418346,0.0,26.2,0.098
2024-08-17 21:00:00+00:00,21.75,36.322124,0.0,25.35,0.098
2024-08-17 22:00:00+00:00,20.75,37.696796,0.0,24.65,0.098
2024-08-17 23:00:00+00:00,19.6,41.465256,0.0,23.9,0.098
2024-08-18 00:00:00+00:00,18.65,45.535267,0.0,23.2,0.098
2024-08-18 01:00:00+00:00,18.2,50.154926,0.0,22.9,0.098
2024-08-18 02:00:00+00:00,17.35,54.372757,0.0,22.2,0.098
2024-08-18 03:00:00+00:00,16.4,59.337135,0.0,21.5,0.098
2024-08-18 04:00:00+00:00,17.15,57.54444,0.0,21.15,0.098
2024-08-18 05:00:00+00:00,19.25,52.168316,0.0,21.8,0.098
2024-08-18 06:00:00+00:00,21.35,44.45187,0.0,23.25,0.098
2024-08-18 07:00:00+00:00,23.45,36.43362,0.0,25.3,0.098
2024-08-18 08:00:00+00:00,25.45,30.185118,0.0,27.75,0.098
2024-08-18 09:00:00+00:00,27.1,26.093588,0.0,30.3,0.098
2024-08-18 10:00:00+00:00,28.5,23.30805,0.0,32.75,0.098
2024-08-18 11:00:00+00:00,29.75,21.088783,0.0,34.8,0.098
2024-08-18 12:00:00+00:00,30.65,19.75062,0.0,36.35,0.098
2024-08-18 13:00:00+00:00,30.5,20.340986,0.0,36.75,0.098
2024-08-18 14:00:00+00:00,30.45,20.047657,0.0,36.4,0.098
2024-08-18 15:00:00+00:00,29.75,19.666552,0.0,35.25,0.098
2024-08-18 16:00:00+00:00,28.45,20.6877,0.0,33.55,0.098
2024-08-18 17:00:00+00:00,24.9,25.408167,0.0,31.35,0.098
2024-08-18 18:00:00+00:00,25.4,23.226744,0.0,29.35,0.098
2024-08-18 19:00:00+00:00,22.65,27.012335,0.0,27.65,0.098
2024-08-18 20:00:00+00:00,22.1,28.12976,0.0,26.25,0.098
2024-08-18 21:00:00+00:00,21.6,29.51957,0.0,25.1,0.098
2024-08-18 22:00:00+00:00,21.4,29.567608,0.0,24.1,0.098
2024-08-18 23:00:00+00:00,20.25,30.738163,0.0,23.25,0.098
2024-08-19 00:00:00+00:00,20.2,30.723892,0.0,22.7,0.098
2024-08-19 01:00:00+00:00,18.0,37.033257,0.0,21.1,0.098
2024-08-19 02:00:00+00:00,17.55,38.639805,0.0,20.65,0.098
2024-08-19 03:00:00+00:00,17.45,39.298058,0.0,20.2,0.098
2024-08-19 04:00:00+00:00,18.5,40.722797,0.0,20.1,0.098
2024-08-19 05:00:00+00:00,22.3,30.778578,0.0,21.35,0.098
2024-08-19 06:00:00+00:00,24.8,25.381063,0.0,23.6,0.098
2024-08-19 07:00:00+00:00,27.1,22.149982,0.0,26.3,0.098
2024-08-19 08:00:00+00:00,29.1,19.713465,0.0,29.05,0.098
2024-08-19 09:00:00+00:00,30.75,17.866407,0.0,31.6,0.098
2024-08-19 10:00:00+00:00,32.25,14.963969,0.0,33.9,0.098
2024-08-19 11:00:00+00:00,33.35,13.142453,0.0,35.7,0.098
2024-08-19 12:00:00+00:00,33.8,12.815498,0.0,36.85,0.098
2024-08-19 13:00:00+00:00,34.05,14.064002,0.0,37.45,0.098
2024-08-19 14:00:00+00:00,34.35,13.879891,0.0,37.5,0.098
2024-08-19 15:00:00+00:00,34.0,14.456872,0.0,36.85,0.098
2024-08-19 16:00:00+00:00,31.9,17.887844,0.0,35.35,0.098
2024-08-19 17:00:00+00:00,29.35,19.430721,0.0,33.25,0.098
2024-08-19 18:00:00+00:00,27.45,20.87429,0.0,31.5,0.098
2024-08-19 19:00:00+00:00,25.6,23.527628,0.0,29.75,0.098
2024-08-19 20:00:00+00:00,25.75,31.214977,0.0,28.55,0.098
2024-08-19 21:00:00+00:00,25.55,40.78491,0.0,27.7,0.098
2024-08-19 22:00:00+00:00,24.7,45.980343,0.0,27.0,0.098
2024-08-19 23:00:00+00:00,22.75,52.218777,0.0,26.1,0.098
2024-08-20 00:00:00+00:00,21.4,57.633755,0.0,25.25,0.098
2024-08-20 01:00:00+00:00,20.55,67.60749,0.0,24.4,0.098
2024-08-20 02:00:00+00:00,19.7,71.48765,0.0,23.75,0.098
2024-08-20 03:00:00+00:00,19.05,74.4374,0.0,23.15,0.098
2024-08-20 04:00:00+00:00,20.4,69.34686,0.0,22.9,0.098
2024-08-20 05:00:00+00:00,22.85,62.44863,0.0,23.85,0.098
2024-08-20 06:00:00+00:00,24.85,55.728096,0.0,25.6,0.098
2024-08-20 07:00:00+00:00,27.1,46.33217,0.0,27.85,0.098
2024-08-20 08:00:00+00:00,29.25,37.57401,0.0,30.35,0.098
2024-08-20 09:00:00+00:00,31.1,29.53082,0.0,32.8,0.098
2024-08-20 10:00:00+00:00,32.6,24.054277,0.0,34.95,0.098
2024-08-20 11:00:00+00:00,33.75,20.654709,0.0,36.65,0.098
2024-08-20 12:00:00+00:00,34.45,18.87492,0.0,37.8,0.098
2024-08-20 13:00:00+00:00,34.6,16.085367,0.0,38.1,0.098
2024-08-20 14:00:00+00:00,34.5,14.770425,0.0,37.95,0.098
2024-08-20 15:00:00+00:00,34.25,14.056554,0.0,37.2,0.098
2024-08-20 16:00:00+00:00,32.55,16.359468,0.0,35.75,0.098
2024-08-20 17:00:00+00:00,29.65,19.097448,0.0,33.8,0.098
2024-08-20 18:00:00+00:00,27.95,21.14954,0.0,32.0,0.098
2024-08-20 19:00:00+00:00,26.35,23.643175,0.0,30.35,0.098
2024-08-20 20:00:00+00:00,26.2,23.686579,0.0,29.1,0.098
2024-08-20 21:00:00+00:00,25.7,34.779564,0.0,28.25,0.098
2024-08-20 22:00:00+00:00,24.45,32.93124,0.0,27.4,0.098
2024-08-20 23:00:00+00:00,23.65,37.75048,0.0,26.65,0.098
2024-08-21 00:00:00+00:00,22.7,48.232925,0.0,25.95,0.098
2024-08-21 01:00:00+00:00,21.35,56.128677,0.0,24.6,0.098
2024-08-21 02:00:00+00:00,20.0,63.859264,0.0,24.0,0.098
2024-08-21 03:00:00+00:00,19.65,62.538506,0.0,23.4,0.098
2024-08-21 04:00:00+00:00,21.15,55.16249,0.0,23.25,0.098
2024-08-21 05:00:00+00:00,24.15,48.783234,0.0,24.25,0.098
2024-08-21 06:00:00+00:00,26.5,43.828953,0.0,26.2,0.098
2024-08-21 07:00:00+00:00,29.15,34.47818,0.0,28.7,0.098
2024-08-21 08:00:00+00:00,31.2,28.78458,0.0,31.35,0.098
2024-08-21 09:00:00+00:00,33.1,24.591942,0.0,34.1,0.098
2024-08-21 10:00:00+00:00,34.5,21.845552,0.0,36.5,0.098
2024-08-21 11:00:00+00:00,35.15,19.237213,0.0,37.85,0.098
2024-08-21 12:00:00+00:00,35.65,17.361824,0.0,38.65,0.098
2024-08-21 13:00:00+00:00,35.6,15.810692,0.0,38.65,0.098
2024-08-21 14:00:00+00:00,35.2,15.397516,0.0,38.4,0.098
2024-08-21 15:00:00+00:00,35.2,14.86988,0.0,37.65,0.098
2024-08-21 16:00:00+00:00,33.35,16.6575,0.0,36.25,0.098
2024-08-21 17:00:00+00:00,31.3,19.23139,0.0,34.45,0.098
2024-08-21 18:00:00+00:00,29.1,30.377697,0.0,32.95,0.098
2024-08-21 19:00:00+00:00,27.75,34.42904,0.0,31.6,0.098
2024-08-21 20:00:00+00:00,26.45,41.71613,0.0,30.35,0.098
2024-08-21 21:00:00+00:00,25.2,47.338062,0.0,29.25,0.098
2024-08-21 22:00:00+00:00,24.5,50.66079,0.0,28.35,0.098
2024-08-21 23:00:00+00:00,23.9,54.074112,0.0,27.65,0.098
2024-08-22 00:00:00+00:00,22.85,58.55177,0.0,26.9,0.098
2024-08-22 01:00:00+00:00,22.0,58.347427,0.0,26.45,0.098
2024-08-22 02:00:00+00:00,21.05,60.445,0.0,25.7,0.098
2024-08-22 03:00:00+00:00,20.35,63.72833,0.0,25.05,0.098
2024-08-22 04:00:00+00:00,20.65,63.587334,0.0,24.65,0.098
2024-08-22 05:00:00+00:00,22.8,57.041748,0.0,25.25,0.098
2024-08-22 06:00:00+00:00,24.95,49.96207,0.0,26.75,0.098
2024-08-22 07:00:00+00:00,27.15,42.87791,0.0,28.9,0.098
2024-08-22 08:00:00+00:00,29.15,36.577534,0.0,31.35,0.098
2024-08-22 09:00:00+00:00,30.8,31.879477,0.0,33.85,0.098
2024-08-22 10:00:00+00:00,32.1,28.743185,0.0,36.15,0.098
2024-08-22 11:00:00+00:00,33.2,26.485006,0.0,37.8,0.098
2024-08-22 12:00:00+00:00,33.65,25.317247,0.0,38.8,0.098
2024-08-22 13:00:00+00:00,33.95,21.634308,0.0,39.15,0.098
2024-08-22 14:00:00+00:00,33.65,21.486267,0.0,38.7,0.098
2024-08-22 15:00:00+00:00,32.5,22.612278,0.0,37.5,0.098
2024-08-22 16:00:00+00:00,29.4,32.55518,0.0,35.6,0.098
2024-08-22 17:00:00+00:00,28.2,38.147274,0.0,33.8,0.098
2024-08-22 18:00:00+00:00,27.1,43.567146,0.0,32.25,0.098
2024-08-22 19:00:00+00:00,25.65,49.183388,0.0,30.85,0.098
2024-08-22 20:00:00+00:00,24.6,52.868374,0.0,29.65,0.098
2024-08-22 21:00:00+00:00,23.7,55.80187,0.0,28.6,0.098
2024-08-22 22:00:00+00:00,22.85,58.55177,0.0,27.65,0.098
2024-08-22 23:00:00+00:00,22.15,61.09541,0.0,26.8,0.098
2024-08-23 00:00:00+00:00,21.6,63.59104,0.0,26.1,0.098
2024-08-23 01:00:00+00:00,20.85,69.211426,0.0,25.5,0.098
2024-08-23 02:00:00+00:00,20.2,72.74003,0.0,24.85,0.098
2024-08-23 03:00:00+00:00,19.65,75.745995,0.0,24.25,0.098
2024-08-23 04:00:00+00:00,20.2,73.44413,0.0,23.95,0.098
2024-08-23 05:00:00+00:00,22.15,62.69426,0.0,24.65,0.098
2024-08-23 06:00:00+00:00,24.15,52.241413,0.0,26.1,0.098
2024-08-23 07:00:00+00:00,26.15,46.224693,0.0,28.1,0.098
2024-08-23 08:00:00+00:00,27.95,41.453236,0.0,30.35,0.098
2024-08-23 09:00:00+00:00,29.55,37.1705,0.0,32.65,0.098
2024-08-23 10:00:00+00:00,30.9,33.84439,0.0,34.8,0.098
2024-08-23 11:00:00+00:00,31.75,31.72394,0.0,36.5,0.098
2024-08-23 12:00:00+00:00,32.5,29.81464,0.0,37.75,0.098
2024-08-23 13:00:00+00:00,32.1,29.901657,0.0,37.9,0.098
2024-08-23 14:00:00+00:00,30.2,31.923994,0.0,37.2,0.098
2024-08-23 15:00:00+00:00,27.3,41.138325,0.0,35.25,0.099
2024-08-23 16:00:00+00:00,27.5,39.09184,0.0,33.55,0.099
2024-08-23 17:00:00+00:00,26.7,40.97134,0.0,31.95,0.099
2024-08-23 18:00:00+00:00,25.8,43.923027,0.0,30.55,0.099
2024-08-23 19:00:00+00:00,24.9,48.19209,0.0,29.4,0.099
2024-08-23 20:00:00+00:00,23.85,52.84682,0.0,28.4,0.099
2024-08-23 21:00:00+00:00,22.8,57.974022,0.0,27.5,0.099
2024-08-23 22:00:00+00:00,22.15,60.8981,0.0,26.75,0.099
2024-08-23 23:00:00+00:00,21.55,63.170105,0.0,26.1,0.099
2024-08-24 00:00:00+00:00,21.1,64.936646,0.0,25.5,0.099
2024-08-24 01:00:00+00:00,19.6,76.96274,0.0,24.1,0.123
2024-08-24 02:00:00+00:00,19.5,75.72173,0.0,23.55,0.123
2024-08-24 03:00:00+00:00,18.85,79.104836,0.1,23.05,0.124
2024-08-24 04:00:00+00:00,19.3,80.445244,0.2,22.5,0.126
2024-08-24 05:00:00+00:00,20.95,67.90708,0.0,22.9,0.126
2024-08-24 06:00:00+00:00,22.95,54.539165,0.0,24.35,0.126
2024-08-24 07:00:00+00:00,24.75,46.754654,0.0,26.4,0.126
2024-08-24 08:00:00+00:00,26.55,40.3944,0.1,28.7,0.127
2024-08-24 09:00:00+00:00,28.0,36.136517,0.1,30.75,0.128
2024-08-24 10:00:00+00:00,29.65,30.733479,0.0,32.85,0.127
2024-08-24 11:00:00+00:00,30.7,26.974552,0.0,34.55,0.127
2024-08-24 12:00:00+00:00,30.9,25.612747,0.0,35.5,0.127
2024-08-24 13:00:00+00:00,30.6,27.403679,0.0,35.5,0.131
2024-08-24 14:00:00+00:00,29.85,27.756495,0.0,34.9,0.13
2024-08-24 15:00:00+00:00,24.2,55.92592,2.4,32.25,0.161
2024-08-24 16:00:00+00:00,24.85,44.38645,0.0,30.1,0.16
2024-08-24 17:00:00+00:00,23.4,49.550392,0.0,28.65,0.16
2024-08-24 18:00:00+00:00,23.9,43.686058,0.0,27.55,0.16
2024-08-24 19:00:00+00:00,22.95,50.749516,0.0,26.7,0.16
2024-08-24 20:00:00+00:00,21.9,57.379963,0.0,26.0,0.16
2024-08-24 21:00:00+00:00,21.05,61.03953,0.0,25.3,0.16
2024-08-24 22:00:00+00:00,20.35,63.72833,0.0,24.65,0.16
2024-08-24 23:00:00+00:00,19.7,66.344666,0.0,24.05,0.16
2024-08-25 00:00:00+00:00,19.15,68.429375,0.0,23.5,0.16
2024-08-25 01:00:00+00:00,18.75,72.01111,0.0,23.4,0.137
2024-08-25 02:00:00+00:00,18.3,74.31007,0.0,22.85,0.137
2024-08-25 03:00:00+00:00,17.85,76.689766,0.1,22.4,0.137
2024-08-25 04:00:00+00:00,18.2,80.29664,0.1,21.85,0.139
2024-08-25 05:00:00+00:00,20.25,67.327866,0.0,22.2,0.139
2024-08-25 06:00:00+00:00,22.4,52.817547,0.0,23.55,0.139
2024-08-25 07:00:00+00:00,24.45,42.408848,0.0,25.6,0.138
2024-08-25 08:00:00+00:00,25.95,37.89297,0.0,27.8,0.138
2024-08-25 09:00:00+00:00,27.05,34.693558,0.0,29.75,0.138
2024-08-25 10:00:00+00:00,28.25,31.383364,0.0,31.65,0.137
2024-08-25 11:00:00+00:00,29.05,28.872517,0.0,33.15,0.137
2024-08-25 12:00:00+00:00,29.5,27.106434,0.0,34.15,0.137
2024-08-25 13:00:00+00:00,26.1,43.43346,3.0,33.9,0.18
2024-08-25 14:00:00+00:00,22.75,53.60543,2.9,30.45,0.218
2024-08-25 15:00:00+00:00,22.25,53.47703,0.0,29.3,0.217
2024-08-25 16:00:00+00:00,22.15,53.98058,0.0,28.0,0.217
2024-08-25 17:00:00+00:00,21.3,57.42079,0.0,26.75,0.217
2024-08-25 18:00:00+00:00,20.6,59.749023,0.0,25.65,0.216
2024-08-25 19:00:00+00:00,19.7,62.96182,0.0,24.7,0.216
2024-08-25 20:00:00+00:00,18.8,67.029106,0.0,23.85,0.216
2024-08-25 21:00:00+00:00,18.05,71.882996,0.0,23.15,0.215
2024-08-25 22:00:00+00:00,18.9,66.3937,0.0,22.5,0.215
2024-08-25 23:00:00+00:00,18.65,66.55942,0.0,21.95,0.215
2024-08-26 00:00:00+00:00,18.4,66.72617,0.0,21.45,0.215
2024-08-26 01:00:00+00:00,16.95,72.6311,0.0,20.6,0.162
2024-08-26 02:00:00+00:00,17.15,71.481255,0.0,20.25,0.162
2024-08-26 03:00:00+00:00,15.9,77.9054,0.0,19.9,0.162
2024-08-26 04:00:00+00:00,16.75,74.53269,0.0,19.85,0.162
2024-08-26 05:00:00+00:00,19.4,62.481766,0.0,20.85,0.162
2024-08-26 06:00:00+00:00,21.35,54.85049,0.0,22.7,0.162
2024-08-26 07:00:00+00:00,23.25,48.381546,0.0,24.95,0.161
2024-08-26 08:00:00+00:00,25.1,42.169563,0.0,27.35,0.161
2024-08-26 09:00:00+00:00,26.65,36.96883,0.0,29.65,0.16
2024-08-26 10:00:00+00:00,28.1,32.193394,0.0,31.55,0.159
2024-08-26 11:00:00+00:00,29.0,28.664942,0.0,32.85,0.158
2024-08-26 12:00:00+00:00,29.3,26.869598,0.0,33.55,0.157
2024-08-26 13:00:00+00:00,29.25,25.870443,0.0,33.5,0.159
2024-08-26 14:00:00+00:00,28.9,26.761507,0.0,33.05,0.159
2024-08-26 15:00:00+00:00,28.45,27.940096,0.0,32.15,0.158
2024-08-26 16:00:00+00:00,27.45,35.982273,0.0,30.85,0.158
2024-08-26 17:00:00+00:00,24.35,37.56726,0.0,29.05,0.158
2024-08-26 18:00:00+00:00,24.3,37.30042,0.0,27.75,0.158
2024-08-26 19:00:00+00:00,22.5,42.57317,0.0,26.55,0.158
2024-08-26 20:00:00+00:00,21.7,45.001858,0.0,25.45,0.158
2024-08-26 21:00:00+00:00,20.95,47.118805,0.0,24.5,0.158
2024-08-26 22:00:00+00:00,19.85,51.976818,0.0,23.7,0.158
2024-08-26 23:00:00+00:00,19.35,53.9766,0.0,22.95,0.158
2024-08-27 00:00:00+00:00,18.9,56.448677,0.0,22.4,0.158
2024-08-27 01:00:00+00:00,17.45,67.86155,0.0,21.95,0.162
2024-08-27 02:00:00+00:00,18.35,62.864655,0.0,21.4,0.162
2024-08-27 03:00:00+00:00,16.85,69.10095,0.0,20.9,0.162
2024-08-27 04:00:00+00:00,17.6,66.55835,0.0,20.65,0.162
2024-08-27 05:00:00+00:00,20.15,57.326996,0.0,21.5,0.162
2024-08-27 06:00:00+00:00,21.9,52.68781,0.0,23.1,0.162
2024-08-27 07:00:00+00:00,23.75,46.0235,0.0,25.15,0.161
2024-08-27 08:00:00+00:00,25.7,39.495735,0.0,27.35,0.161
2024-08-27 09:00:00+00:00,27.3,33.734215,0.0,29.45,0.16
2024-08-27 10:00:00+00:00,28.7,29.167599,0.0,31.2,0.159
2024-08-27 11:00:00+00:00,29.3,27.05234,0.0,32.45,0.158
2024-08-27 12:00:00+00:00,29.75,25.740864,0.0,33.35,0.157
2024-08-27 13:00:00+00:00,29.3,25.533386,0.0,33.25,0.162
2024-08-27 14:00:00+00:00,25.35,40.99988,0.0,32.35,0.162
2024-08-27 15:00:00+00:00,25.1,40.25508,0.0,30.65,0.162
2024-08-27 16:00:00+00:00,24.9,36.22956,0.0,29.35,0.161
2024-08-27 17:00:00+00:00,23.6,39.832165,0.0,27.85,0.161
2024-08-27 18:00:00+00:00,21.95,44.61927,0.0,26.5,0.161
2024-08-27 19:00:00+00:00,20.95,46.96049,0.0,25.3,0.161
2024-08-27 20:00:00+00:00,20.9,44.778854,0.0,24.35,0.161
2024-08-27 21:00:00+00:00,20.75,49.829468,0.0,23.65,0.161
2024-08-27 22:00:00+00:00,20.05,55.617733,0.0,23.1,0.161
2024-08-27 23:00:00+00:00,19.2,56.902027,0.0,22.55,0.161
2024-08-28 00:00:00+00:00,18.35,58.22977,0.0,22.0,0.161
2024-08-28 01:00:00+00:00,17.85,69.75599,0.0,22.2,0.162
2024-08-28 02:00:00+00:00,17.5,74.17324,0.0,21.65,0.162
2024-08-28 03:00:00+00:00,16.95,80.38698,0.1,21.1,0.163
2024-08-28 04:00:00+00:00,17.25,82.539925,0.0,20.75,0.163
2024-08-28 05:00:00+00:00,18.45,75.79617,0.3,21.1,0.166
2024-08-28 06:00:00+00:00,19.85,70.369255,0.0,22.0,0.166
2024-08-28 07:00:00+00:00,22.2,59.351532,0.0,23.95,0.166
2024-08-28 08:00:00+00:00,24.35,47.262794,0.0,26.25,0.165
2024-08-28 09:00:00+00:00,26.1,39.477093,0.0,28.55,0.164
2024-08-28 10:00:00+00:00,27.25,35.09903,0.0,30.4,0.163
2024-08-28 11:00:00+00:00,27.55,33.355377,0.0,31.45,0.162
2024-08-28 12:00:00+00:00,28.05,31.964643,0.0,32.25,0.161
2024-08-28 13:00:00+00:00,28.5,30.211948,0.0,32.85,0.161
2024-08-28 14:00:00+00:00,28.15,29.213463,0.0,32.45,0.16
2024-08-28 15:00:00+00:00,27.45,29.318085,0.0,31.5,0.16
2024-08-28 16:00:00+00:00,26.1,31.1005,0.0,30.1,0.159
2024-08-28 17:00:00+00:00,23.5,36.69684,0.0,28.35,0.159
2024-08-28 18:00:00+00:00,23.6,35.013527,0.0,26.95,0.159
2024-08-28 19:00:00+00:00,22.85,37.650906,0.0,25.9,0.159
2024-08-28 20:00:00+00:00,21.8,45.485897,0.0,25.1,0.159
2024-08-28 21:00:00+00:00,21.1,47.637646,0.0,24.35,0.159
2024-08-28 22:00:00+00:00,20.4,51.429813,0.0,23.65,0.158
2024-08-28 23:00:00+00:00,19.6,57.001446,0.0,23.05,0.158
2024-08-29 00:00:00+00:00,19.0,60.761784,0.0,22.45,0.158
2024-08-29 01:00:00+00:00,17.65,67.902405,0.0,22.1,0.152
2024-08-29 02:00:00+00:00,17.25,69.63885,0.0,21.5,0.152
2024-08-29 03:00:00+00:00,16.65,72.57691,0.0,21.0,0.152
2024-08-29 04:00:00+00:00,17.35,69.20011,0.0,20.7,0.152
2024-08-29 05:00:00+00:00,19.95,59.791256,0.0,21.5,0.152
2024-08-29 06:00:00+00:00,21.95,54.106926,0.0,23.2,0.152
2024-08-29 07:00:00+00:00,23.95,47.936207,0.0,25.45,0.152
2024-08-29 08:00:00+00:00,25.75,42.21133,0.0,27.85,0.151
2024-08-29 09:00:00+00:00,27.4,35.611702,0.0,30.0,0.15
2024-08-29 10:00:00+00:00,28.45,31.33385,0.0,31.7,0.15
2024-08-29 11:00:00+00:00,29.3,28.172028,0.0,32.9,0.149
2024-08-29 12:00:00+00:00,29.4,27.171192,0.0,33.6,0.148
2024-08-29 13:00:00+00:00,29.9,25.78094,0.0,33.2,0.147
2024-08-29 14:00:00+00:00,29.35,23.692831,0.0,32.7,0.146
2024-08-29 15:00:00+00:00,28.25,24.566313,0.0,31.8,0.146
2024-08-29 16:00:00+00:00,26.9,27.047043,0.0,30.45,0.146
2024-08-29 17:00:00+00:00,24.65,32.428368,0.0,28.75,0.146
2024-08-29 18:00:00+00:00,22.85,41.678673,0.0,27.4,0.146
2024-08-29 19:00:00+00:00,22.1,45.56898,0.0,26.2,0.146
2024-08-29 20:00:00+00:00,21.5,50.70051,0.0,25.25,0.145
2024-08-29 21:00:00+00:00,20.5,55.91589,0.0,24.4,0.145
2024-08-29 22:00:00+00:00,19.4,61.05669,0.0,23.6,0.145
2024-08-29 23:00:00+00:00,18.65,65.689865,0.0,22.9,0.145
2024-08-30 00:00:00+00:00,18.05,69.794914,0.0,22.3,0.145
2024-08-30 01:00:00+00:00,17.4,77.11995,0.0,22.35,0.134
2024-08-30 02:00:00+00:00,16.75,80.35977,0.0,21.7,0.134
2024-08-30 03:00:00+00:00,16.35,82.698204,0.0,21.1,0.134
2024-08-30 04:00:00+00:00,17.25,78.36315,0.0,20.85,0.134
2024-08-30 05:00:00+00:00,19.15,69.10192,0.0,21.5,0.134
2024-08-30 06:00:00+00:00,20.95,60.619263,0.0,22.95,0.134
2024-08-30 07:00:00+00:00,22.8,52.231804,0.0,25.0,0.134
2024-08-30 08:00:00+00:00,24.5,44.143616,0.0,27.15,0.134
2024-08-30 09:00:00+00:00,25.9,38.514824,0.0,29.1,0.134
2024-08-30 10:00:00+00:00,27.2,34.38948,0.0,30.85,0.134
2024-08-30 11:00:00+00:00,28.1,30.923294,0.0,32.25,0.133
2024-08-30 12:00:00+00:00,29.05,28.582125,0.0,33.3,0.133
2024-08-30 13:00:00+00:00,29.35,25.28662,0.0,33.5,0.136
2024-08-30 14:00:00+00:00,28.8,26.282866,0.0,33.0,0.136
2024-08-30 15:00:00+00:00,27.65,29.373333,0.0,32.0,0.136
2024-08-30 16:00:00+00:00,25.9,32.33887,0.0,30.5,0.135
2024-08-30 17:00:00+00:00,24.35,36.196022,0.0,28.9,0.135
2024-08-30 18:00:00+00:00,24.05,37.35563,0.0,27.65,0.135
2024-08-30 19:00:00+00:00,22.8,44.408073,0.0,26.65,0.135
2024-08-30 20:00:00+00:00,21.95,49.48947,0.0,25.75,0.135
2024-08-30 21:00:00+00:00,21.05,55.319424,0.0,24.9,0.135
2024-08-30 22:00:00+00:00,20.35,59.886127,0.0,24.15,0.135
2024-08-30 23:00:00+00:00,19.7,64.00225,0.0,23.45,0.135
2024-08-31 00:00:00+00:00,18.95,68.166145,0.0,22.85,0.135
2024-08-31 01:00:00+00:00,18.6,71.283676,0.0,22.9,0.133
2024-08-31 02:00:00+00:00,17.6,76.9003,0.0,22.25,0.133
2024-08-31 03:00:00+00:00,17.9,75.46093,0.0,21.6,0.133
2024-08-31 04:00:00+00:00,17.65,76.65829,0.0,21.25,0.133
2024-08-31 05:00:00+00:00,19.95,65.7516,0.0,21.95,0.133
2024-08-31 06:00:00+00:00,22.05,56.67207,0.0,23.45,0.133
2024-08-31 07:00:00+00:00,24.05,47.64913,0.0,25.5,0.133
2024-08-31 08:00:00+00:00,25.85,40.733997,0.0,27.8,0.133
2024-08-31 09:00:00+00:00,27.15,35.898018,0.0,30.0,0.133
2024-08-31 10:00:00+00:00,28.15,32.099762,0.0,31.75,0.133
2024-08-31 11:00:00+00:00,28.9,29.618385,0.0,32.95,0.132
2024-08-31 12:00:00+00:00,29.55,27.675068,0.0,33.8,0.132
2024-08-31 13:00:00+00:00,29.25,26.674448,0.0,33.95,0.131
2024-08-31 14:00:00+00:00,29.05,25.99356,0.0,33.65,0.131
2024-08-31 15:00:00+00:00,28.65,26.152979,0.0,32.75,0.131
2024-08-31 16:00:00+00:00,27.1,30.958275,0.0,31.35,0.131
2024-08-31 17:00:00+00:00,25.95,31.27102,0.0,29.45,0.131
2024-08-31 18:00:00+00:00,25.05,33.668957,0.0,28.0,0.131
2024-08-31 19:00:00+00:00,23.45,38.99193,0.0,26.85,0.131
2024-08-31 20:00:00+00:00,22.55,43.601246,0.0,26.0,0.131
2024-08-31 21:00:00+00:00,21.5,46.017662,0.0,25.15,0.131
2024-08-31 22:00:00+00:00,20.55,50.616356,0.0,24.35,0.131
2024-08-31 23:00:00+00:00,19.7,56.460766,0.0,23.6,0.131
2024-09-01 00:00:00+00:00,19.45,59.869957,0.0,22.95,0.131
2024-09-01 01:00:00+00:00,18.8,69.71238,0.0,23.15,0.137
2024-09-01 02:00:00+00:00,18.2,73.09321,0.0,22.5,0.137
2024-09-01 03:00:00+00:00,17.9,74.971176,0.0,22.0,0.137
2024-09-01 04:00:00+00:00,17.7,79.7109,0.0,21.65,0.138
2024-09-01 05:00:00+00:00,18.55,82.69804,0.4,21.55,0.141
2024-09-01 06:00:00+00:00,20.5,71.40501,0.0,22.35,0.141
2024-09-01 07:00:00+00:00,23.3,53.050007,0.0,24.25,0.141
2024-09-01 08:00:00+00:00,24.65,46.57444,0.0,26.5,0.141
2024-09-01 09:00:00+00:00,26.15,40.28254,0.0,28.85,0.14
2024-09-01 10:00:00+00:00,27.55,35.066494,0.0,31.1,0.14
2024-09-01 11:00:00+00:00,28.45,32.61563,0.0,32.8,0.14
2024-09-01 12:00:00+00:00,29.05,30.262407,0.0,33.8,0.139
2024-09-01 13:00:00+00:00,28.85,28.14433,0.0,33.2,0.158
2024-09-01 14:00:00+00:00,28.05,29.885042,0.0,32.55,0.158
2024-09-01 15:00:00+00:00,25.85,34.124557,0.0,31.6,0.157
2024-09-01 16:00:00+00:00,23.1,44.64004,0.0,29.9,0.157
2024-09-01 17:00:00+00:00,21.2,59.113396,0.0,28.2,0.157
2024-09-01 18:00:00+00:00,20.3,65.39928,0.0,26.7,0.157
2024-09-01 19:00:00+00:00,20.25,64.964355,0.0,25.65,0.157
2024-09-01 20:00:00+00:00,19.35,70.731606,0.0,24.65,0.157
2024-09-01 21:00:00+00:00,19.05,74.4374,0.0,23.9,0.157
2024-09-01 22:00:00+00:00,18.8,74.39506,0.0,23.2,0.157
2024-09-01 23:00:00+00:00,18.05,78.99032,0.0,22.6,0.157
2024-09-02 00:00:00+00:00,18.85,74.88654,0.0,22.4,0.157
2024-09-02 01:00:00+00:00,16.3,94.41029,0.0,19.6,0.299
2024-09-02 02:00:00+00:00,16.25,95.62645,0.0,19.55,0.298
2024-09-02 03:00:00+00:00,15.7,98.41158,0.0,19.4,0.296
2024-09-02 04:00:00+00:00,16.05,97.47596,0.0,19.25,0.295
2024-09-02 05:00:00+00:00,17.2,89.16848,0.0,19.9,0.293
2024-09-02 06:00:00+00:00,18.9,77.350914,0.0,21.2,0.291
2024-09-02 07:00:00+00:00,20.7,68.295975,0.0,23.0,0.289
2024-09-02 08:00:00+00:00,22.1,61.6793,0.0,24.7,0.286
2024-09-02 09:00:00+00:00,23.5,53.101463,0.0,26.4,0.283
2024-09-02 10:00:00+00:00,24.35,46.492683,0.0,27.75,0.28
2024-09-02 11:00:00+00:00,24.45,45.310986,0.1,28.55,0.277
2024-09-02 12:00:00+00:00,24.5,45.474297,0.1,28.55,0.276
2024-09-02 13:00:00+00:00,25.15,43.313072,0.1,28.5,0.277
2024-09-02 14:00:00+00:00,25.05,42.43559,0.0,28.4,0.275
2024-09-02 15:00:00+00:00,24.4,42.81951,0.0,27.7,0.273
2024-09-02 16:00:00+00:00,23.05,47.6925,0.0,26.55,0.272
2024-09-02 17:00:00+00:00,21.45,53.62377,0.0,25.15,0.271
2024-09-02 18:00:00+00:00,20.5,60.91183,0.0,24.15,0.27
2024-09-02 19:00:00+00:00,19.65,65.47361,0.0,23.3,0.269
2024-09-02 20:00:00+00:00,18.55,71.0423,0.0,22.5,0.268
2024-09-02 21:00:00+00:00,18.15,72.609116,0.0,21.85,0.267
2024-09-02 22:00:00+00:00,18.3,71.460754,0.0,21.25,0.267
2024-09-02 23:00:00+00:00,17.75,73.97418,0.0,20.8,0.266
2024-09-03 00:00:00+00:00,17.15,77.83929,0.0,20.35,0.265
2024-09-03 01:00:00+00:00,17.4,80.70917,0.0,20.65,0.265
2024-09-03 02:00:00+00:00,17.45,80.97766,0.0,20.2,0.264
2024-09-03 03:00:00+00:00,17.1,83.326904,0.0,19.8,0.264
2024-09-03 04:00:00+00:00,17.1,85.233,0.0,19.65,0.263
2024-09-03 05:00:00+00:00,19.25,76.17006,0.0,20.4,0.262
2024-09-03 06:00:00+00:00,21.15,67.07805,0.0,21.85,0.261
2024-09-03 07:00:00+00:00,22.9,58.563766,0.0,23.7,0.259
2024-09-03 08:00:00+00:00,24.4,51.799614,0.0,25.6,0.257
2024-09-03 09:00:00+00:00,25.55,46.061565,0.0,27.25,0.255
2024-09-03 10:00:00+00:00,26.4,42.114838,0.0,28.65,0.252
2024-09-03 11:00:00+00:00,27.05,39.352856,0.0,29.7,0.249
2024-09-03 12:00:00+00:00,27.25,37.507782,0.0,30.25,0.247
2024-09-03 13:00:00+00:00,27.25,37.014706,0.0,30.15,0.245
2024-09-03 14:00:00+00:00,26.8,37.134125,0.0,29.75,0.244
2024-09-03 15:00:00+00:00,26.0,38.799946,0.0,28.8,0.243
2024-09-03 16:00:00+00:00,24.45,44.864807,0.0,27.55,0.242
2024-09-03 17:00:00+00:00,22.6,53.91881,0.0,26.15,0.241
2024-09-03 18:00:00+00:00,21.65,59.414024,0.0,25.05,0.241
2024-09-03 19:00:00+00:00,20.9,62.210026,0.0,24.05,0.24
2024-09-03 20:00:00+00:00,20.8,60.189194,0.0,23.35,0.24
2024-09-03 21:00:00+00:00,20.15,61.633945,0.0,22.75,0.24
2024-09-03 22:00:00+00:00,19.5,65.01462,0.0,22.25,0.239
2024-09-03 23:00:00+00:00,18.85,68.593056,0.0,21.75,0.239
2024-09-04 00:00:00+00:00,18.3,71.694466,0.0,21.3,0.238
2024-09-04 01:00:00+00:00,18.0,78.22004,0.0,21.7,0.231
2024-09-04 02:00:00+00:00,17.15,83.33278,0.0,21.15,0.231
2024-09-04 03:00:00+00:00,16.7,86.02157,0.0,20.6,0.23
2024-09-04 04:00:00+00:00,17.3,83.350395,0.0,20.3,0.23
2024-09-04 05:00:00+00:00,19.4,72.129364,0.0,20.95,0.23
2024-09-04 06:00:00+00:00,21.1,63.68677,0.0,22.3,0.229
2024-09-04 07:00:00+00:00,22.75,56.844574,0.0,24.05,0.228
2024-09-04 08:00:00+00:00,24.3,51.773598,0.1,26.1,0.227
2024-09-04 09:00:00+00:00,25.65,47.613964,0.0,27.9,0.225
2024-09-04 10:00:00+00:00,26.7,43.457027,0.0,29.4,0.223
2024-09-04 11:00:00+00:00,27.6,38.991608,0.0,30.55,0.221
2024-09-04 12:00:00+00:00,27.75,36.546696,0.0,31.0,0.219
2024-09-04 13:00:00+00:00,27.7,32.95366,0.0,31.05,0.216
2024-09-04 14:00:00+00:00,27.6,31.519424,0.0,30.6,0.214
2024-09-04 15:00:00+00:00,27.0,31.56477,0.0,29.7,0.213
2024-09-04 16:00:00+00:00,25.25,36.328636,0.0,28.35,0.213
2024-09-04 17:00:00+00:00,23.35,41.400455,0.0,26.8,0.212
2024-09-04 18:00:00+00:00,22.5,45.985573,0.0,25.65,0.212
2024-09-04 19:00:00+00:00,21.7,53.335297,0.0,24.75,0.212
2024-09-04 20:00:00+00:00,20.7,58.03241,0.0,24.0,0.212
2024-09-04 21:00:00+00:00,19.8,62.57249,0.0,23.3,0.211
2024-09-04 22:00:00+00:00,19.2,65.59183,0.0,22.7,0.211
2024-09-04 23:00:00+00:00,18.7,67.89292,0.0,22.1,0.211
2024-09-05 00:00:00+00:00,18.15,70.04356,0.0,21.6,0.211
2024-09-05 01:00:00+00:00,18.0,72.81962,0.0,22.25,0.203
2024-09-05 02:00:00+00:00,17.65,74.44176,0.0,21.6,0.203
2024-09-05 03:00:00+00:00,16.65,79.823685,0.0,21.0,0.203
2024-09-05 04:00:00+00:00,17.25,77.85438,0.0,20.55,0.203
2024-09-05 05:00:00+00:00,19.45,67.16348,0.0,21.1,0.202
2024-09-05 06:00:00+00:00,21.4,55.22568,0.0,22.45,0.202
2024-09-05 07:00:00+00:00,23.15,48.996937,0.0,24.35,0.201
2024-09-05 08:00:00+00:00,24.7,44.78587,0.0,26.45,0.2
2024-09-05 09:00:00+00:00,26.0,39.97516,0.1,28.3,0.199
2024-09-05 10:00:00+00:00,26.85,35.57561,0.0,29.7,0.197
2024-09-05 11:00:00+00:00,27.55,31.293932,0.0,30.8,0.196
2024-09-05 12:00:00+00:00,28.1,26.454412,0.0,31.4,0.194
2024-09-05 13:00:00+00:00,27.9,23.0706,0.0,31.45,0.192
2024-09-05 14:00:00+00:00,27.6,22.436125,0.0,31.0,0.191
2024-09-05 15:00:00+00:00,26.75,23.418615,0.0,30.0,0.19
2024-09-05 16:00:00+00:00,24.8,28.883009,0.0,28.5,0.19
2024-09-05 17:00:00+00:00,22.75,33.360878,0.0,26.9,0.19
2024-09-05 18:00:00+00:00,21.65,40.365944,0.0,25.6,0.189
2024-09-05 19:00:00+00:00,20.55,46.850307,0.0,24.55,0.189
2024-09-05 20:00:00+00:00,19.75,51.085205,0.0,23.65,0.189
2024-09-05 21:00:00+00:00,18.75,55.473736,0.0,22.8,0.189
2024-09-05 22:00:00+00:00,17.55,60.825787,0.0,21.95,0.189
2024-09-05 23:00:00+00:00,16.95,63.81486,0.0,21.2,0.189
2024-09-06 00:00:00+00:00,16.0,68.47268,0.0,20.55,0.188
2024-09-06 01:00:00+00:00,15.85,70.06087,0.0,20.7,0.182
2024-09-06 02:00:00+00:00,15.6,71.19037,0.0,20.1,0.182
2024-09-06 03:00:00+00:00,14.8,75.1945,0.0,19.55,0.182
2024-09-06 04:00:00+00:00,15.5,72.1271,0.0,19.15,0.182
2024-09-06 05:00:00+00:00,18.25,60.58533,0.0,19.85,0.182
2024-09-06 06:00:00+00:00,20.25,52.95909,0.0,21.45,0.182
2024-09-06 07:00:00+00:00,22.05,47.896843,0.0,23.5,0.181
2024-09-06 08:00:00+00:00,23.65,44.200985,0.0,25.8,0.18
2024-09-06 09:00:00+00:00,25.15,39.0793,0.0,27.95,0.179
2024-09-06 10:00:00+00:00,26.35,33.467346,0.0,29.7,0.178
2024-09-06 11:00:00+00:00,27.25,28.670523,0.0,30.9,0.176
2024-09-06 12:00:00+00:00,27.6,25.252886,0.0,31.6,0.175
2024-09-06 13:00:00+00:00,27.25,22.188824,0.0,31.6,0.174
2024-09-06 14:00:00+00:00,27.0,19.471113,0.0,31.1,0.173
2024-09-06 15:00:00+00:00,26.75,18.995943,0.0,30.05,0.173
2024-09-06 16:00:00+00:00,24.1,24.925049,0.0,28.4,0.172
2024-09-06 17:00:00+00:00,21.3,31.923405,0.0,26.5,0.172
2024-09-06 18:00:00+00:00,21.5,30.33694,0.0,24.85,0.172
2024-09-06 19:00:00+00:00,20.1,33.654224,0.0,23.6,0.172
2024-09-06 20:00:00+00:00,19.55,40.600624,0.0,22.8,0.172
2024-09-06 21:00:00+00:00,18.9,48.663002,0.0,22.1,0.172
2024-09-06 22:00:00+00:00,17.9,57.343586,0.0,21.5,0.172
2024-09-06 23:00:00+00:00,16.6,63.52312,0.0,20.8,0.172
2024-09-07 00:00:00+00:00,16.35,66.51582,0.0,20.25,0.171
2024-09-07 01:00:00+00:00,15.8,83.445366,0.0,20.85,0.169
2024-09-07 02:00:00+00:00,15.2,87.284645,0.0,20.2,0.169
2024-09-07 03:00:00+00:00,14.65,90.72582,0.0,19.6,0.169
2024-09-07 04:00:00+00:00,15.05,88.4183,0.0,19.25,0.169
2024-09-07 05:00:00+00:00,17.35,76.361374,0.0,19.85,0.169
2024-09-07 06:00:00+00:00,19.6,65.89205,0.0,21.3,0.169
2024-09-07 07:00:00+00:00,21.7,56.03196,0.0,23.25,0.168
2024-09-07 08:00:00+00:00,23.55,46.735508,0.0,25.35,0.167
2024-09-07 09:00:00+00:00,25.1,39.065193,0.0,27.4,0.167
2024-09-07 10:00:00+00:00,26.4,32.921387,0.0,29.15,0.166
2024-09-07 11:00:00+00:00,27.2,28.461699,0.0,30.5,0.165
2024-09-07 12:00:00+00:00,27.5,24.965624,0.0,31.25,0.164
2024-09-07 13:00:00+00:00,27.25,21.420872,0.0,31.4,0.162
2024-09-07 14:00:00+00:00,27.15,21.776108,0.0,31.0,0.161
2024-09-07 15:00:00+00:00,26.6,24.89789,0.0,30.0,0.161
2024-09-07 16:00:00+00:00,24.5,32.054386,0.0,28.4,0.161
2024-09-07 17:00:00+00:00,23.3,37.907543,0.0,26.95,0.161
2024-09-07 18:00:00+00:00,21.55,51.391514,0.0,25.75,0.16
2024-09-07 19:00:00+00:00,20.55,58.764187,0.0,24.7,0.16
2024-09-07 20:00:00+00:00,19.85,62.583797,0.0,23.85,0.16
2024-09-07 21:00:00+00:00,19.15,66.01243,0.0,23.05,0.16
2024-09-07 22:00:00+00:00,18.4,70.09177,0.0,22.4,0.16
2024-09-07 23:00:00+00:00,17.6,74.433235,0.0,21.75,0.16
2024-09-08 00:00:00+00:00,16.95,78.318726,0.0,21.15,0.16
2024-09-08 01:00:00+00:00,16.65,82.1986,0.0,21.2,0.152
2024-09-08 02:00:00+00:00,16.0,85.672195,0.0,20.55,0.152
2024-09-08 03:00:00+00:00,15.8,87.05644,0.0,19.95,0.152
2024-09-08 04:00:00+00:00,15.55,88.4605,0.0,19.5,0.152
2024-09-08 05:00:00+00:00,17.2,80.16019,0.0,19.95,0.152
2024-09-08 06:00:00+00:00,18.9,71.107864,0.0,21.2,0.152
2024-09-08 07:00:00+00:00,20.8,59.60089,0.0,23.05,0.151
2024-09-08 08:00:00+00:00,22.45,52.484528,0.0,25.0,0.151
2024-09-08 09:00:00+00:00,23.6,46.74915,0.0,26.85,0.15
2024-09-08 10:00:00+00:00,24.8,40.304935,0.0,28.6,0.15
2024-09-08 11:00:00+00:00,25.55,36.90533,0.0,29.8,0.149
2024-09-08 12:00:00+00:00,26.25,34.23732,0.0,30.55,0.149
2024-09-08 13:00:00+00:00,25.65,34.76544,0.0,30.75,0.148
2024-09-08 14:00:00+00:00,24.8,36.693153,0.0,29.85,0.147
2024-09-08 15:00:00+00:00,24.3,36.799557,0.0,28.9,0.147
2024-09-08 16:00:00+00:00,22.8,42.08757,0.0,27.45,0.147
2024-09-08 17:00:00+00:00,21.5,46.79673,0.0,26.0,0.147
2024-09-08 18:00:00+00:00,20.7,49.483337,0.0,24.85,0.147
2024-09-08 19:00:00+00:00,19.7,54.24787,0.0,23.8,0.147
2024-09-08 20:00:00+00:00,18.65,59.48091,0.0,22.9,0.147
2024-09-08 21:00:00+00:00,17.8,64.00419,0.0,22.05,0.147
2024-09-08 22:00:00+00:00,17.1,68.01503,0.0,21.35,0.147
2024-09-08 23:00:00+00:00,16.5,71.359764,0.0,20.7,0.147
2024-09-09 00:00:00+00:00,15.95,74.64255,0.0,20.1,0.147
2024-09-09 01:00:00+00:00,15.05,80.923485,0.0,19.8,0.142
2024-09-09 02:00:00+00:00,14.5,84.120155,0.0,19.25,0.142
2024-09-09 03:00:00+00:00,14.15,86.32999,0.0,18.75,0.142
2024-09-09 04:00:00+00:00,14.7,83.86629,0.0,18.4,0.142
2024-09-09 05:00:00+00:00,16.95,72.6311,0.0,19.1,0.142
2024-09-09 06:00:00+00:00,18.9,63.61536,0.0,20.7,0.142
2024-09-09 07:00:00+00:00,20.85,55.086502,0.0,22.9,0.142
2024-09-09 08:00:00+00:00,22.8,47.782726,0.0,25.3,0.141
2024-09-09 09:00:00+00:00,24.5,41.44655,0.0,27.55,0.141
2024-09-09 10:00:00+00:00,25.7,36.947685,0.0,29.45,0.141
2024-09-09 11:00:00+00:00,26.35,34.03575,0.0,30.6,0.14
2024-09-09 12:00:00+00:00,26.8,32.04618,0.0,31.2,0.14
2024-09-09 13:00:00+00:00,26.85,32.9367,0.0,31.35,0.143
2024-09-09 14:00:00+00:00,26.55,32.41172,0.0,30.95,0.143
2024-09-09 15:00:00+00:00,25.9,33.340656,0.0,29.95,0.142
2024-09-09 16:00:00+00:00,24.85,36.093323,0.0,28.35,0.142
2024-09-09 17:00:00+00:00,22.05,43.023808,0.0,26.6,0.142
2024-09-09 18:00:00+00:00,21.45,44.47981,0.0,25.25,0.142
2024-09-09 19:00:00+00:00,21.35,44.30192,0.0,24.2,0.142
2024-09-09 20:00:00+00:00,20.85,45.221874,0.0,23.35,0.142
2024-09-09 21:00:00+00:00,19.85,48.265167,0.0,22.6,0.142
2024-09-09 22:00:00+00:00,18.55,52.869526,0.0,21.85,0.142
2024-09-09 23:00:00+00:00,18.65,53.074596,0.0,21.1,0.142
2024-09-10 00:00:00+00:00,21.25,44.876537,0.0,20.45,0.142
2024-09-10 01:00:00+00:00,19.55,49.006004,0.0,20.1,0.146
2024-09-10 02:00:00+00:00,17.8,54.121407,0.0,19.65,0.146
2024-09-10 03:00:00+00:00,19.95,47.321945,0.0,19.2,0.146
2024-09-10 04:00:00+00:00,20.25,46.926018,0.0,18.9,0.146
2024-09-10 05:00:00+00:00,21.0,46.18977,0.0,19.8,0.146
2024-09-10 06:00:00+00:00,23.4,41.137318,0.0,21.7,0.145
2024-09-10 07:00:00+00:00,25.5,37.639988,0.0,23.95,0.145
2024-09-10 08:00:00+00:00,27.5,31.597797,0.0,26.25,0.145
2024-09-10 09:00:00+00:00,29.05,26.17134,0.0,28.4,0.144
2024-09-10 10:00:00+00:00,30.25,21.36247,0.0,30.3,0.144
2024-09-10 11:00:00+00:00,30.75,19.09759,0.0,31.7,0.143
2024-09-10 12:00:00+00:00,31.05,15.792349,0.0,32.55,0.143
2024-09-10 13:00:00+00:00,30.85,14.977478,0.0,32.5,0.148
2024-09-10 14:00:00+00:00,30.55,13.922071,0.0,32.25,0.148
2024-09-10 15:00:00+00:00,29.55,15.288685,0.0,31.3,0.147
2024-09-10 16:00:00+00:00,25.95,21.238941,0.0,29.45,0.147
2024-09-10 17:00:00+00:00,23.4,25.631302,0.0,27.45,0.147
2024-09-10 18:00:00+00:00,23.2,26.22029,0.0,25.95,0.147
2024-09-10 19:00:00+00:00,23.7,26.638071,0.0,24.9,0.147
2024-09-10 20:00:00+00:00,22.8,30.385012,0.0,24.2,0.147
2024-09-10 21:00:00+00:00,20.8,36.30078,0.0,23.45,0.147
2024-09-10 22:00:00+00:00,19.6,41.180084,0.0,22.6,0.147
2024-09-10 23:00:00+00:00,19.2,45.845722,0.0,22.0,0.147
2024-09-11 00:00:00+00:00,20.4,45.86781,0.0,21.6,0.147
2024-09-11 01:00:00+00:00,20.1,49.65439,0.0,20.95,0.144
2024-09-11 02:00:00+00:00,18.9,55.88493,0.0,20.45,0.144
2024-09-11 03:00:00+00:00,17.7,62.092957,0.0,19.95,0.144
2024-09-11 04:00:00+00:00,17.05,67.108055,0.0,19.6,0.144
2024-09-11 05:00:00+00:00,20.5,54.81563,0.0,20.35,0.144
2024-09-11 06:00:00+00:00,22.4,48.79513,0.0,21.9,0.144
2024-09-11 07:00:00+00:00,24.15,43.90089,0.0,23.85,0.143
2024-09-11 08:00:00+00:00,25.85,38.75776,0.0,26.05,0.143
2024-09-11 09:00:00+00:00,27.35,33.411064,0.0,28.2,0.143
2024-09-11 10:00:00+00:00,28.55,29.522001,0.0,30.05,0.142
2024-09-11 11:00:00+00:00,29.2,27.301401,0.0,31.4,0.142
2024-09-11 12:00:00+00:00,29.7,25.9029,0.0,32.15,0.141
2024-09-11 13:00:00+00:00,29.25,27.314957,0.0,32.3,0.143
2024-09-11 14:00:00+00:00,28.8,26.91703,0.0,31.75,0.143
2024-09-11 15:00:00+00:00,26.8,31.296207,0.1,30.35,0.143
2024-09-11 16:00:00+00:00,26.05,33.270256,0.0,29.0,0.143
2024-09-11 17:00:00+00:00,25.3,34.66652,0.0,27.8,0.143
2024-09-11 18:00:00+00:00,23.8,39.75481,0.0,26.65,0.143
2024-09-11 19:00:00+00:00,22.5,44.32459,0.0,25.6,0.143
2024-09-11 20:00:00+00:00,21.7,46.695023,0.0,24.6,0.143
2024-09-11 21:00:00+00:00,21.15,48.294727,0.0,23.8,0.143
2024-09-11 22:00:00+00:00,20.5,51.456284,0.0,23.15,0.142
2024-09-11 23:00:00+00:00,19.8,56.29842,0.0,22.55,0.142
2024-09-12 00:00:00+00:00,19.5,59.094627,0.0,22.05,0.142
2024-09-12 01:00:00+00:00,19.4,63.10142,0.0,22.3,0.129
2024-09-12 02:00:00+00:00,18.45,67.39794,0.0,21.7,0.129
2024-09-12 03:00:00+00:00,17.7,70.64975,0.0,21.1,0.129
2024-09-12 04:00:00+00:00,18.0,69.32836,0.0,20.6,0.129
2024-09-12 05:00:00+00:00,20.3,60.26897,0.0,21.2,0.129
2024-09-12 06:00:00+00:00,21.65,55.470654,0.0,22.5,0.129
2024-09-12 07:00:00+00:00,22.95,49.430126,0.0,24.3,0.129
2024-09-12 08:00:00+00:00,24.25,43.349777,0.0,26.2,0.129
2024-09-12 09:00:00+00:00,25.6,37.167564,0.0,28.1,0.129
2024-09-12 10:00:00+00:00,26.7,32.894608,0.0,29.8,0.129
2024-09-12 11:00:00+00:00,27.55,29.646023,0.0,31.15,0.129
2024-09-12 12:00:00+00:00,28.05,27.174374,0.0,32.05,0.129
2024-09-12 13:00:00+00:00,28.0,27.346899,0.0,32.2,0.13
2024-09-12 14:00:00+00:00,28.1,25.29963,0.0,31.85,0.13
2024-09-12 15:00:00+00:00,27.4,25.638617,0.0,30.85,0.129
2024-09-12 16:00:00+00:00,24.75,35.700947,0.0,29.3,0.129
2024-09-12 17:00:00+00:00,22.35,41.39736,0.0,27.6,0.129
2024-09-12 18:00:00+00:00,21.85,42.39018,0.0,26.1,0.129
2024-09-12 19:00:00+00:00,21.25,43.236588,0.0,25.0,0.129
2024-09-12 20:00:00+00:00,20.75,44.58548,0.0,24.1,0.129
2024-09-12 21:00:00+00:00,19.9,47.468754,0.0,23.25,0.129
2024-09-12 22:00:00+00:00,19.35,50.294746,0.0,22.6,0.129
2024-09-12 23:00:00+00:00,18.5,55.22418,0.0,22.0,0.129
2024-09-13 00:00:00+00:00,17.7,60.657894,0.0,21.4,0.129
2024-09-13 01:00:00+00:00,16.85,62.522945,0.0,20.85,0.129
2024-09-13 02:00:00+00:00,16.25,67.16488,0.0,20.3,0.129
2024-09-13 03:00:00+00:00,15.85,69.82758,0.0,19.85,0.129
2024-09-13 04:00:00+00:00,15.75,70.275475,0.0,19.5,0.129
2024-09-13 05:00:00+00:00,18.75,57.36225,0.0,20.05,0.129
2024-09-13 06:00:00+00:00,22.1,43.769093,0.0,21.85,0.129
2024-09-13 07:00:00+00:00,24.4,36.952583,0.0,24.25,0.129
2024-09-13 08:00:00+00:00,26.3,32.451256,0.0,26.7,0.129
2024-09-13 09:00:00+00:00,27.9,28.363487,0.0,28.9,0.129
2024-09-13 10:00:00+00:00,29.1,24.962393,0.0,30.75,0.129
2024-09-13 11:00:00+00:00,29.65,22.889013,0.0,32.15,0.128
2024-09-13 12:00:00+00:00,30.05,21.683998,0.0,33.15,0.128
2024-09-13 13:00:00+00:00,29.95,22.574926,0.0,33.3,0.133
2024-09-13 14:00:00+00:00,29.8,21.9979,0.0,33.0,0.133
2024-09-13 15:00:00+00:00,28.8,23.467503,0.0,31.9,0.133
2024-09-13 16:00:00+00:00,25.5,29.582745,0.0,30.15,0.133
2024-09-13 17:00:00+00:00,26.95,26.782501,0.0,28.25,0.133
2024-09-13 18:00:00+00:00,23.85,32.20215,0.0,26.65,0.133
2024-09-13 19:00:00+00:00,21.95,37.65141,0.0,25.45,0.133
2024-09-13 20:00:00+00:00,21.7,39.561874,0.0,24.35,0.133
2024-09-13 21:00:00+00:00,20.75,40.94338,0.0,23.4,0.133
2024-09-13 22:00:00+00:00,20.65,38.857914,0.0,22.55,0.133
2024-09-13 23:00:00+00:00,19.2,43.54713,0.0,21.8,0.133
2024-09-14 00:00:00+00:00,18.7,50.119534,0.0,21.25,0.132
2024-09-14 01:00:00+00:00,17.4,59.378857,0.0,20.35,0.137
2024-09-14 02:00:00+00:00,17.45,60.396,0.0,19.9,0.137
2024-09-14 03:00:00+00:00,17.35,62.428345,0.0,19.45,0.137
2024-09-14 04:00:00+00:00,18.85,59.92576,0.0,19.15,0.137
2024-09-14 05:00:00+00:00,20.05,58.257526,0.0,19.95,0.137
2024-09-14 06:00:00+00:00,21.7,52.289066,0.0,21.6,0.136
2024-09-14 07:00:00+00:00,23.3,44.251045,0.0,23.55,0.136
2024-09-14 08:00:00+00:00,25.05,36.272045,0.0,25.8,0.136
2024-09-14 09:00:00+00:00,26.5,31.74632,0.0,28.05,0.136
2024-09-14 10:00:00+00:00,27.85,27.776173,0.0,30.0,0.136
2024-09-14 11:00:00+00:00,28.7,24.181162,0.0,31.35,0.135
2024-09-14 12:00:00+00:00,29.05,22.498413,0.0,32.2,0.135
2024-09-14 13:00:00+00:00,29.0,22.799387,0.0,32.15,0.138
2024-09-14 14:00:00+00:00,28.45,24.198559,0.0,31.7,0.138
2024-09-14 15:00:00+00:00,27.75,25.556107,0.0,30.6,0.138
2024-09-14 16:00:00+00:00,26.2,28.186256,0.0,29.2,0.138
2024-09-14 17:00:00+00:00,23.95,33.01571,0.0,27.7,0.138
2024-09-14 18:00:00+00:00,22.7,36.344078,0.0,26.35,0.138
2024-09-14 19:00:00+00:00,22.1,37.56536,0.0,25.25,0.138
2024-09-14 20:00:00+00:00,21.1,40.071804,0.0,24.4,0.137
2024-09-14 21:00:00+00:00,20.3,43.411118,0.0,23.55,0.137
2024-09-14 22:00:00+00:00,22.0,39.647343,0.0,22.8,0.137
2024-09-14 23:00:00+00:00,21.7,40.38016,0.0,22.15,0.137
2024-09-15 00:00:00+00:00,22.1,38.73995,0.0,21.5,0.137
2024-09-15 01:00:00+00:00,21.55,42.883167,0.0,20.6,0.136
2024-09-15 02:00:00+00:00,21.2,44.40993,0.0,20.25,0.136
2024-09-15 03:00:00+00:00,20.6,46.078964,0.0,20.0,0.136
2024-09-15 04:00:00+00:00,20.25,47.244537,0.0,19.8,0.136
2024-09-15 05:00:00+00:00,21.0,46.18977,0.0,20.5,0.136
2024-09-15 06:00:00+00:00,23.3,40.696304,0.0,22.25,0.136
2024-09-15 07:00:00+00:00,24.7,37.793304,0.0,24.25,0.136
2024-09-15 08:00:00+00:00,26.65,33.32667,0.0,26.8,0.135
2024-09-15 09:00:00+00:00,28.4,29.480669,0.0,29.15,0.135
2024-09-15 10:00:00+00:00,29.7,26.435438,0.0,31.0,0.135
2024-09-15 11:00:00+00:00,29.85,26.475761,0.0,32.2,0.135
2024-09-15 12:00:00+00:00,30.45,24.309944,0.0,32.75,0.134
2024-09-15 13:00:00+00:00,29.45,26.189747,0.0,32.35,0.137
2024-09-15 14:00:00+00:00,28.55,27.03289,0.0,31.75,0.137
2024-09-15 15:00:00+00:00,28.25,26.314274,0.0,30.75,0.137
2024-09-15 16:00:00+00:00,26.95,28.006472,0.0,29.5,0.137
2024-09-15 17:00:00+00:00,25.0,29.038975,0.0,28.1,0.137
2024-09-15 18:00:00+00:00,23.0,37.056908,0.0,26.9,0.137
2024-09-15 19:00:00+00:00,20.25,58.88551,0.0,25.6,0.137
2024-09-15 20:00:00+00:00,18.95,67.50064,0.0,24.4,0.137
2024-09-15 21:00:00+00:00,18.05,72.82856,0.0,23.45,0.137
2024-09-15 22:00:00+00:00,17.6,71.56495,0.0,22.65,0.137
2024-09-15 23:00:00+00:00,16.8,70.47783,0.0,21.85,0.137
2024-09-16 00:00:00+00:00,16.0,70.323814,0.0,21.1,0.137
2024-09-16 01:00:00+00:00,15.95,71.25642,0.0,21.15,0.127
2024-09-16 02:00:00+00:00,15.25,73.53766,0.0,20.45,0.127
2024-09-16 03:00:00+00:00,14.5,77.95094,0.0,19.8,0.127
2024-09-16 04:00:00+00:00,14.1,80.79596,0.0,19.2,0.127
2024-09-16 05:00:00+00:00,15.85,70.76481,0.0,19.45,0.127
2024-09-16 06:00:00+00:00,17.6,60.837555,0.0,20.55,0.127
2024-09-16 07:00:00+00:00,19.4,50.648994,0.0,22.2,0.127
2024-09-16 08:00:00+00:00,20.95,42.135822,0.0,24.3,0.127
2024-09-16 09:00:00+00:00,22.35,35.62621,0.0,26.35,0.127
2024-09-16 10:00:00+00:00,23.25,30.618433,0.0,28.05,0.127
2024-09-16 11:00:00+00:00,23.75,28.49072,0.0,29.25,0.127
2024-09-16 12:00:00+00:00,24.15,27.814066,0.0,30.15,0.127
2024-09-16 13:00:00+00:00,24.0,26.439884,0.0,30.45,0.129
2024-09-16 14:00:00+00:00,24.4,26.363754,0.0,30.15,0.129
2024-09-16 15:00:00+00:00,24.15,26.667938,0.0,29.1,0.129
2024-09-16 16:00:00+00:00,21.25,32.3604,0.0,27.35,0.129
2024-09-16 17:00:00+00:00,19.95,35.18292,0.0,25.5,0.129
2024-09-16 18:00:00+00:00,19.2,35.089844,0.0,24.1,0.129
2024-09-16 19:00:00+00:00,18.65,35.30357,0.0,23.0,0.129
2024-09-16 20:00:00+00:00,17.95,36.757713,0.0,22.0,0.129
2024-09-16 21:00:00+00:00,17.75,44.19715,0.0,21.35,0.129
2024-09-16 22:00:00+00:00,16.4,64.12072,0.0,20.7,0.129
2024-09-16 23:00:00+00:00,15.7,71.20927,0.0,20.1,0.129
2024-09-17 00:00:00+00:00,15.25,75.26981,0.0,19.55,0.129
2024-09-17 01:00:00+00:00,15.25,77.29337,0.0,19.65,0.122
2024-09-17 02:00:00+00:00,14.55,82.204865,0.0,19.1,0.122
2024-09-17 03:00:00+00:00,14.05,85.46975,0.0,18.55,0.122
2024-09-17 04:00:00+00:00,13.9,86.59055,0.0,18.15,0.122
2024-09-17 05:00:00+00:00,16.15,75.171104,0.0,18.55,0.122
2024-09-17 06:00:00+00:00,18.35,64.33835,0.0,19.95,0.122
2024-09-17 07:00:00+00:00,20.3,56.051037,0.0,22.05,0.122
2024-09-17 08:00:00+00:00,21.9,49.47606,0.0,24.4,0.122
2024-09-17 09:00:00+00:00,23.3,42.369835,0.0,26.55,0.122
2024-09-17 10:00:00+00:00,24.4,37.45492,0.0,28.4,0.122
2024-09-17 11:00:00+00:00,24.85,35.129776,0.0,29.65,0.123
2024-09-17 12:00:00+00:00,25.25,32.708942,0.0,30.2,0.123
2024-09-17 13:00:00+00:00,25.65,30.034262,0.0,30.5,0.124
2024-09-17 14:00:00+00:00,25.15,30.51826,0.0,29.8,0.124
2024-09-17 15:00:00+00:00,24.5,31.184742,0.0,28.7,0.124
2024-09-17 16:00:00+00:00,22.3,35.98151,0.0,27.15,0.124
2024-09-17 17:00:00+00:00,21.1,38.85301,0.0,25.6,0.124
2024-09-17 18:00:00+00:00,20.4,41.12509,0.0,24.3,0.124
2024-09-17 19:00:00+00:00,19.65,45.34853,0.0,23.3,0.124
2024-09-17 20:00:00+00:00,18.5,54.85392,0.0,22.45,0.124
2024-09-17 21:00:00+00:00,17.7,60.05188,0.0,21.7,0.124
2024-09-17 22:00:00+00:00,16.9,64.01743,0.0,21.0,0.124
2024-09-17 23:00:00+00:00,16.3,66.72795,0.0,20.35,0.124
2024-09-18 00:00:00+00:00,15.65,69.78841,0.0,19.75,0.124
2024-09-18 01:00:00+00:00,15.45,72.600075,0.0,19.7,0.113
2024-09-18 02:00:00+00:00,15.0,75.22801,0.0,19.1,0.113
2024-09-18 03:00:00+00:00,14.5,77.69202,0.0,18.6,0.113
2024-09-18 04:00:00+00:00,14.6,77.70737,0.0,18.25,0.113
2024-09-18 05:00:00+00:00,16.45,69.4817,0.0,18.6,0.113
2024-09-18 06:00:00+00:00,18.25,61.39753,0.0,19.65,0.113
2024-09-18 07:00:00+00:00,20.7,50.318745,0.0,21.75,0.113
2024-09-18 08:00:00+00:00,21.9,45.361115,0.0,23.65,0.113
2024-09-18 09:00:00+00:00,23.65,39.445705,0.0,26.05,0.114
2024-09-18 10:00:00+00:00,24.85,35.248966,0.1,28.15,0.114
2024-09-18 11:00:00+00:00,25.35,32.62587,0.0,29.3,0.114
2024-09-18 12:00:00+00:00,25.6,30.749348,0.0,29.75,0.114
2024-09-18 13:00:00+00:00,24.5,31.834993,0.0,29.55,0.12
2024-09-18 14:00:00+00:00,22.25,43.2253,0.5,27.9,0.123
2024-09-18 15:00:00+00:00,21.4,45.070084,0.1,26.3,0.124
2024-09-18 16:00:00+00:00,20.8,47.07757,0.0,25.05,0.124
2024-09-18 17:00:00+00:00,21.35,44.45187,0.0,24.15,0.124
2024-09-18 18:00:00+00:00,21.0,43.019695,0.1,23.5,0.125
2024-09-18 19:00:00+00:00,18.6,58.09663,0.0,22.35,0.125
2024-09-18 20:00:00+00:00,18.3,62.230793,0.0,21.65,0.125
2024-09-18 21:00:00+00:00,16.6,73.04846,0.0,20.9,0.125
2024-09-18 22:00:00+00:00,16.25,74.94028,0.0,20.35,0.125
2024-09-18 23:00:00+00:00,15.7,77.8751,0.0,19.8,0.125
2024-09-19 00:00:00+00:00,15.4,79.911095,0.0,19.35,0.125
2024-09-19 01:00:00+00:00,14.55,88.6658,0.0,18.75,0.121
2024-09-19 02:00:00+00:00,14.2,89.807655,0.0,18.3,0.121
2024-09-19 03:00:00+00:00,13.65,92.15836,0.0,17.85,0.121
2024-09-19 04:00:00+00:00,13.3,93.97327,0.0,17.4,0.121
2024-09-19 05:00:00+00:00,15.6,78.37516,0.0,17.9,0.121
2024-09-19 06:00:00+00:00,17.65,63.12497,0.0,19.3,0.121
2024-09-19 07:00:00+00:00,19.45,55.09679,0.0,21.25,0.121
2024-09-19 08:00:00+00:00,21.0,49.896614,0.0,23.4,0.121
2024-09-19 09:00:00+00:00,22.05,45.09913,0.0,25.35,0.121
2024-09-19 10:00:00+00:00,22.4,43.267357,0.1,26.55,0.122
2024-09-19 11:00:00+00:00,23.1,39.959747,0.1,27.8,0.122
2024-09-19 12:00:00+00:00,23.55,36.961555,0.0,28.55,0.123
2024-09-19 13:00:00+00:00,22.5,39.52022,0.1,28.5,0.125
2024-09-19 14:00:00+00:00,22.45,38.183346,0.0,27.75,0.125
2024-09-19 15:00:00+00:00,22.4,33.725418,0.0,26.8,0.125
2024-09-19 16:00:00+00:00,20.8,38.104115,0.0,25.35,0.125
2024-09-19 17:00:00+00:00,19.15,48.897057,0.0,24.0,0.125
2024-09-19 18:00:00+00:00,18.15,53.123043,0.0,22.8,0.125
2024-09-19 19:00:00+00:00,17.55,54.794865,0.0,21.8,0.125
2024-09-19 20:00:00+00:00,16.7,58.01943,0.0,20.95,0.125
2024-09-19 21:00:00+00:00,15.85,63.353783,0.0,20.2,0.125
2024-09-19 22:00:00+00:00,15.05,68.50959,0.0,19.5,0.125
2024-09-19 23:00:00+00:00,14.5,72.18411,0.0,18.85,0.125
2024-09-20 00:00:00+00:00,14.1,74.825455,0.0,18.35,0.125
2024-09-20 01:00:00+00:00,14.0,77.8748,0.0,18.3,0.123
2024-09-20 02:00:00+00:00,13.55,80.72159,0.0,17.8,0.123
2024-09-20 03:00:00+00:00,13.05,83.39602,0.0,17.35,0.123
2024-09-20 04:00:00+00:00,12.9,84.49904,0.0,17.0,0.123
2024-09-20 05:00:00+00:00,14.75,74.93578,0.0,17.35,0.123
2024-09-20 06:00:00+00:00,17.1,62.789993,0.0,18.7,0.123
2024-09-20 07:00:00+00:00,19.15,52.848763,0.0,20.75,0.123
2024-09-20 08:00:00+00:00,20.8,45.978836,0.0,23.2,0.123
2024-09-20 09:00:00+00:00,22.05,42.1605,0.1,25.4,0.124
2024-09-20 10:00:00+00:00,22.95,38.71831,0.1,27.05,0.125
2024-09-20 11:00:00+00:00,23.55,35.968613,0.0,28.3,0.125
2024-09-20 12:00:00+00:00,24.1,34.092728,0.0,29.15,0.125
2024-09-20 13:00:00+00:00,23.95,33.702187,0.0,29.05,0.127
2024-09-20 14:00:00+00:00,23.8,33.086716,0.0,28.55,0.127
2024-09-20 15:00:00+00:00,22.95,32.95905,0.0,27.4,0.127
2024-09-20 16:00:00+00:00,21.45,35.00222,0.0,25.9,0.127
2024-09-20 17:00:00+00:00,19.35,40.403057,0.0,24.35,0.127
2024-09-20 18:00:00+00:00,18.65,43.092297,0.0,23.0,0.127
2024-09-20 19:00:00+00:00,17.9,47.89302,0.0,21.95,0.127
2024-09-20 20:00:00+00:00,17.2,53.599075,0.0,21.1,0.127
2024-09-20 21:00:00+00:00,16.25,60.722935,0.0,20.3,0.127
2024-09-20 22:00:00+00:00,15.45,66.54817,0.0,19.65,0.127
2024-09-20 23:00:00+00:00,15.05,70.13951,0.0,19.05,0.127
2024-09-21 00:00:00+00:00,14.55,73.65983,0.0,18.5,0.127
2024-09-21 01:00:00+00:00,14.6,73.17706,0.0,18.6,0.119
2024-09-21 02:00:00+00:00,14.2,76.10551,0.0,18.05,0.119
2024-09-21 03:00:00+00:00,13.6,79.924034,0.0,17.6,0.119
2024-09-21 04:00:00+00:00,13.3,82.3208,0.0,17.2,0.119
2024-09-21 05:00:00+00:00,15.0,73.985405,0.0,17.5,0.119
2024-09-21 06:00:00+00:00,16.95,63.38936,0.0,18.8,0.119
2024-09-21 07:00:00+00:00,18.95,53.33228,0.0,20.75,0.119
2024-09-21 08:00:00+00:00,20.7,45.027237,0.0,23.1,0.119
2024-09-21 09:00:00+00:00,22.2,40.247906,0.0,25.5,0.119
2024-09-21 10:00:00+00:00,23.05,37.452053,0.0,27.4,0.119
2024-09-21 11:00:00+00:00,23.65,35.027763,0.0,28.7,0.119
2024-09-21 12:00:00+00:00,23.85,33.214783,0.0,29.6,0.119
2024-09-21 13:00:00+00:00,21.8,35.346336,0.0,28.5,0.122
2024-09-21 14:00:00+00:00,21.4,33.90931,0.0,27.5,0.122
2024-09-21 15:00:00+00:00,20.4,38.25327,0.0,26.35,0.122
2024-09-21 16:00:00+00:00,18.7,46.17875,0.0,24.75,0.122
2024-09-21 17:00:00+00:00,18.15,48.291782,0.0,23.4,0.122
2024-09-21 18:00:00+00:00,17.5,50.308643,0.0,22.25,0.122
2024-09-21 19:00:00+00:00,16.65,54.190895,0.0,21.3,0.122
2024-09-21 20:00:00+00:00,15.65,60.58031,0.0,20.45,0.122
2024-09-21 21:00:00+00:00,15.0,64.897896,0.0,19.65,0.122
2024-09-21 22:00:00+00:00,14.7,67.292755,0.0,19.1,0.122
2024-09-21 23:00:00+00:00,14.3,71.66346,0.3,18.6,0.124
2024-09-22 00:00:00+00:00,13.75,79.41331,0.8,17.6,0.134
2024-09-22 01:00:00+00:00,13.9,85.7369,0.5,18.15,0.121
2024-09-22 02:00:00+00:00,13.65,89.176674,0.2,17.3,0.122
2024-09-22 03:00:00+00:00,13.3,89.44368,0.8,16.6,0.133
2024-09-22 04:00:00+00:00,13.45,88.281685,0.4,16.15,0.138
2024-09-22 05:00:00+00:00,13.6,86.27531,0.2,15.95,0.14
2024-09-22 06:00:00+00:00,13.9,79.43484,0.8,16.1,0.15
2024-09-22 07:00:00+00:00,14.65,77.97373,0.4,16.55,0.154
2024-09-22 08:00:00+00:00,16.2,64.50814,0.1,17.8,0.155
2024-09-22 09:00:00+00:00,17.5,53.860218,0.0,19.4,0.155
2024-09-22 10:00:00+00:00,19.1,43.518814,0.0,21.25,0.155
2024-09-22 11:00:00+00:00,20.3,37.69805,0.0,23.05,0.154
2024-09-22 12:00:00+00:00,21.1,34.17945,0.0,24.15,0.154
2024-09-22 13:00:00+00:00,19.5,39.06719,0.0,23.8,0.149
2024-09-22 14:00:00+00:00,19.4,39.72262,0.0,23.4,0.149
2024-09-22 15:00:00+00:00,18.95,41.279408,0.0,22.7,0.149
2024-09-22 16:00:00+00:00,18.05,43.370834,0.0,21.75,0.149
2024-09-22 17:00:00+00:00,16.65,49.73354,0.0,20.65,0.149
2024-09-22 18:00:00+00:00,15.45,55.955795,0.0,19.7,0.149
2024-09-22 19:00:00+00:00,14.55,61.35847,0.0,18.9,0.149
2024-09-22 20:00:00+00:00,13.7,65.27617,0.0,18.1,0.149
2024-09-22 21:00:00+00:00,12.45,71.31376,0.0,17.3,0.149
2024-09-22 22:00:00+00:00,11.85,74.94798,0.0,16.65,0.149
2024-09-22 23:00:00+00:00,11.35,78.261185,0.0,16.05,0.149
2024-09-23 00:00:00+00:00,10.85,81.73046,0.0,15.5,0.149
2024-09-23 01:00:00+00:00,11.05,79.56111,0.0,16.3,0.146
2024-09-23 02:00:00+00:00,10.8,81.169235,0.0,15.7,0.146
2024-09-23 03:00:00+00:00,10.3,84.4916,0.0,15.2,0.146
2024-09-23 04:00:00+00:00,10.65,82.82483,0.0,14.85,0.146
2024-09-23 05:00:00+00:00,12.05,77.0496,0.0,15.2,0.146
2024-09-23 06:00:00+00:00,13.85,69.904434,0.0,16.4,0.146
2024-09-23 07:00:00+00:00,15.0,65.78224,0.0,17.6,0.146
2024-09-23 08:00:00+00:00,15.85,62.50376,0.0,18.55,0.146
2024-09-23 09:00:00+00:00,16.2,64.7251,0.1,19.3,0.147
2024-09-23 10:00:00+00:00,15.7,67.50117,0.0,19.5,0.147
2024-09-23 11:00:00+00:00,17.95,56.020527,0.0,20.85,0.147
2024-09-23 12:00:00+00:00,18.75,53.28008,0.0,21.75,0.147
2024-09-23 13:00:00+00:00,18.9,49.834328,0.0,20.9,0.151
2024-09-23 14:00:00+00:00,18.9,48.497677,0.0,20.95,0.15
2024-09-23 15:00:00+00:00,18.25,50.5113,0.0,20.7,0.15
2024-09-23 16:00:00+00:00,16.3,57.92041,0.0,19.75,0.15
2024-09-23 17:00:00+00:00,14.75,64.404045,0.0,18.65,0.15
2024-09-23 18:00:00+00:00,15.25,61.943058,0.0,17.7,0.15
2024-09-23 19:00:00+00:00,14.25,66.292145,0.0,16.9,0.15
2024-09-23 20:00:00+00:00,12.9,73.366425,0.0,16.2,0.15
2024-09-23 21:00:00+00:00,14.0,68.76005,0.0,15.6,0.15
2024-09-23 22:00:00+00:00,14.0,68.76005,0.0,15.1,0.15
2024-09-23 23:00:00+00:00,13.95,68.74992,0.0,14.6,0.15
2024-09-24 00:00:00+00:00,13.65,70.10235,0.0,14.2,0.15
2024-09-24 01:00:00+00:00,11.75,83.80339,0.0,13.7,0.151
2024-09-24 02:00:00+00:00,12.15,82.45245,0.0,13.35,0.151
2024-09-24 03:00:00+00:00,11.9,83.82089,0.0,13.05,0.151
2024-09-24 04:00:00+00:00,11.6,84.923004,0.0,12.8,0.151
2024-09-24 05:00:00+00:00,12.75,79.26904,0.0,13.5,0.151
2024-09-24 06:00:00+00:00,15.15,67.386765,0.0,15.15,0.151
2024-09-24 07:00:00+00:00,17.3,57.77637,0.0,17.35,0.15
2024-09-24 08:00:00+00:00,19.2,49.243603,0.0,19.65,0.15
2024-09-24 09:00:00+00:00,20.6,43.49569,0.0,21.85,0.15
2024-09-24 10:00:00+00:00,21.65,39.54763,0.0,23.8,0.149
2024-09-24 11:00:00+00:00,22.4,36.258366,0.0,25.2,0.149
2024-09-24 12:00:00+00:00,22.4,35.518063,0.0,25.6,0.148
2024-09-24 13:00:00+00:00,22.3,33.580254,0.0,25.8,0.15
2024-09-24 14:00:00+00:00,21.9,34.0525,0.0,25.2,0.149
2024-09-24 15:00:00+00:00,21.0,34.751724,0.0,24.1,0.149
2024-09-24 16:00:00+00:00,18.95,40.428505,0.0,22.65,0.149
2024-09-24 17:00:00+00:00,18.7,40.92233,0.0,21.1,0.149
2024-09-24 18:00:00+00:00,19.45,38.512974,0.0,19.9,0.149
2024-09-24 19:00:00+00:00,17.2,44.65873,0.0,18.9,0.149
2024-09-24 20:00:00+00:00,15.05,51.939407,0.0,17.9,0.149
2024-09-24 21:00:00+00:00,14.0,56.360165,0.0,17.05,0.149
2024-09-24 22:00:00+00:00,14.85,53.533245,0.0,16.3,0.149
2024-09-24 23:00:00+00:00,15.05,53.58608,0.0,15.65,0.149
2024-09-25 00:00:00+00:00,15.2,54.184437,0.0,15.05,0.149
2024-09-25 01:00:00+00:00,14.15,62.966106,0.0,14.1,0.15
2024-09-25 02:00:00+00:00,12.85,69.706604,0.0,13.75,0.15
2024-09-25 03:00:00+00:00,11.15,78.76624,0.0,13.45,0.15
2024-09-25 04:00:00+00:00,11.15,79.304955,0.0,13.2,0.15
2024-09-25 05:00:00+00:00,14.1,66.03491,0.0,13.9,0.15
2024-09-25 06:00:00+00:00,17.4,54.201313,0.0,15.8,0.15
2024-09-25 07:00:00+00:00,19.6,46.905537,0.0,18.25,0.15
2024-09-25 08:00:00+00:00,21.45,39.49056,0.0,20.85,0.15
2024-09-25 09:00:00+00:00,22.8,33.839542,0.0,23.3,0.149
2024-09-25 10:00:00+00:00,23.85,30.681124,0.0,25.4,0.149
2024-09-25 11:00:00+00:00,24.7,27.67552,0.0,26.95,0.148
2024-09-25 12:00:00+00:00,25.3,24.722712,0.0,27.9,0.148
2024-09-25 13:00:00+00:00,24.45,26.100788,0.0,27.9,0.149
2024-09-25 14:00:00+00:00,23.6,25.685894,0.0,27.1,0.148
2024-09-25 15:00:00+00:00,22.4,26.186626,0.0,25.75,0.148
2024-09-25 16:00:00+00:00,19.25,31.900457,0.0,23.95,0.148
2024-09-25 17:00:00+00:00,19.55,30.86721,0.0,22.15,0.148
2024-09-25 18:00:00+00:00,20.4,28.765963,0.0,20.7,0.148
2024-09-25 19:00:00+00:00,17.95,33.50961,0.0,19.5,0.148
2024-09-25 20:00:00+00:00,16.6,36.88835,0.0,18.5,0.148
2024-09-25 21:00:00+00:00,18.95,31.927975,0.0,17.65,0.148
2024-09-25 22:00:00+00:00,16.8,37.610893,0.0,16.9,0.148
2024-09-25 23:00:00+00:00,16.9,38.178936,0.0,16.25,0.148
2024-09-26 00:00:00+00:00,16.5,40.00328,0.0,15.7,0.148
2024-09-26 01:00:00+00:00,14.25,45.8881,0.0,15.05,0.146
2024-09-26 02:00:00+00:00,12.25,51.72775,0.0,14.65,0.146
2024-09-26 03:00:00+00:00,12.2,52.82641,0.0,14.35,0.146
2024-09-26 04:00:00+00:00,11.45,58.524452,0.0,14.1,0.146
2024-09-26 05:00:00+00:00,14.4,50.689545,0.0,14.7,0.145
2024-09-26 06:00:00+00:00,17.95,39.581493,0.0,16.5,0.145
2024-09-26 07:00:00+00:00,20.45,33.518642,0.0,18.95,0.145
2024-09-26 08:00:00+00:00,22.55,29.89233,0.0,21.6,0.145
2024-09-26 09:00:00+00:00,23.95,28.051783,0.0,24.0,0.144
2024-09-26 10:00:00+00:00,25.0,25.976524,0.0,26.0,0.144
2024-09-26 11:00:00+00:00,25.65,24.729841,0.0,27.55,0.143
2024-09-26 12:00:00+00:00,26.0,24.05274,0.0,28.45,0.143
2024-09-26 13:00:00+00:00,26.05,22.747274,0.0,28.75,0.142
2024-09-26 14:00:00+00:00,25.45,23.48788,0.0,28.15,0.142
2024-09-26 15:00:00+00:00,23.95,25.509369,0.0,26.85,0.142
2024-09-26 16:00:00+00:00,21.15,30.13081,0.0,25.0,0.141
2024-09-26 17:00:00+00:00,18.95,34.893944,0.0,23.3,0.141
2024-09-26 18:00:00+00:00,19.55,33.377476,0.0,21.75,0.141
2024-09-26 19:00:00+00:00,17.6,37.977737,0.0,20.5,0.141
2024-09-26 20:00:00+00:00,21.0,30.409626,0.0,19.45,0.141
2024-09-26 21:00:00+00:00,19.8,32.86359,0.0,18.55,0.141
2024-09-26 22:00:00+00:00,18.7,35.193344,0.0,17.75,0.141
2024-09-26 23:00:00+00:00,15.3,43.80657,0.0,17.1,0.141
2024-09-27 00:00:00+00:00,16.75,39.93435,0.0,16.5,0.141
2024-09-27 01:00:00+00:00,15.45,45.743507,0.0,16.05,0.138
2024-09-27 02:00:00+00:00,12.8,54.500675,0.0,15.6,0.138
2024-09-27 03:00:00+00:00,12.35,56.13249,0.0,15.2,0.138
2024-09-27 04:00:00+00:00,13.25,53.670235,0.0,14.8,0.138
2024-09-27 05:00:00+00:00,15.4,47.86267,0.0,15.35,0.138
2024-09-27 06:00:00+00:00,18.75,38.310944,0.0,17.15,0.138
2024-09-27 07:00:00+00:00,21.3,32.60246,0.0,19.65,0.137
2024-09-27 08:00:00+00:00,23.3,30.420008,0.0,22.35,0.137
2024-09-27 09:00:00+00:00,24.8,28.386106,0.0,24.8,0.137
2024-09-27 10:00:00+00:00,25.9,26.13035,0.0,26.9,0.137
2024-09-27 11:00:00+00:00,26.7,24.408855,0.0,28.6,0.136
2024-09-27 12:00:00+00:00,27.2,23.129337,0.0,29.65,0.136
2024-09-27 13:00:00+00:00,27.05,21.597363,0.0,29.8,0.135
2024-09-27 14:00:00+00:00,26.8,21.381235,0.0,29.35,0.135
2024-09-27 15:00:00+00:00,25.15,24.25107,0.0,28.0,0.135
2024-09-27 16:00:00+00:00,21.9,30.23685,0.0,25.95,0.134
2024-09-27 17:00:00+00:00,19.9,34.07353,0.0,24.25,0.134
2024-09-27 18:00:00+00:00,18.65,36.96079,0.0,22.65,0.134
2024-09-27 19:00:00+00:00,18.15,38.003292,0.0,21.35,0.134
2024-09-27 20:00:00+00:00,17.9,39.152237,0.0,20.25,0.134
2024-09-27 21:00:00+00:00,18.25,38.706486,0.0,19.3,0.134
2024-09-27 22:00:00+00:00,19.55,35.81462,0.0,18.45,0.134
2024-09-27 23:00:00+00:00,18.2,39.376812,0.0,17.7,0.134
2024-09-28 00:00:00+00:00,15.25,47.820793,0.0,17.05,0.134
2024-09-28 01:00:00+00:00,13.6,54.140347,0.0,15.9,0.137
2024-09-28 02:00:00+00:00,13.55,54.69761,0.0,15.6,0.137
2024-09-28 03:00:00+00:00,12.6,58.811058,0.0,15.35,0.137
2024-09-28 04:00:00+00:00,12.25,60.387978,0.0,15.1,0.137
2024-09-28 05:00:00+00:00,14.35,53.215252,0.0,15.55,0.137
2024-09-28 06:00:00+00:00,18.85,39.841118,0.0,17.35,0.137
2024-09-28 07:00:00+00:00,21.75,32.38986,0.0,19.85,0.137
2024-09-28 08:00:00+00:00,23.8,28.805069,0.0,22.55,0.137
2024-09-28 09:00:00+00:00,25.35,26.254627,0.0,25.1,0.136
2024-09-28 10:00:00+00:00,26.65,23.972977,0.0,27.3,0.136
2024-09-28 11:00:00+00:00,27.6,22.357668,0.0,29.05,0.136
2024-09-28 12:00:00+00:00,28.2,21.138783,0.0,30.15,0.136
2024-09-28 13:00:00+00:00,28.2,19.012484,0.0,30.25,0.135
2024-09-28 14:00:00+00:00,27.85,19.266861,0.0,29.8,0.135
2024-09-28 15:00:00+00:00,25.8,22.762217,0.0,28.45,0.135
2024-09-28 16:00:00+00:00,22.35,29.315786,0.0,26.5,0.135
2024-09-28 17:00:00+00:00,19.9,34.43512,0.0,24.7,0.135
2024-09-28 18:00:00+00:00,19.1,36.31787,0.0,23.05,0.135
2024-09-28 19:00:00+00:00,20.1,33.89195,0.0,21.7,0.135
2024-09-28 20:00:00+00:00,20.95,31.935682,0.0,20.55,0.135
2024-09-28 21:00:00+00:00,20.55,32.502052,0.0,19.55,0.135
2024-09-28 22:00:00+00:00,20.2,32.978626,0.0,18.65,0.135
2024-09-28 23:00:00+00:00,19.55,34.09272,0.0,17.9,0.135
2024-09-29 00:00:00+00:00,18.7,35.694542,0.0,17.2,0.135
2024-09-29 01:00:00+00:00,17.2,40.064747,0.0,14.75,0.141
2024-09-29 02:00:00+00:00,16.75,41.078465,0.0,14.55,0.141
2024-09-29 03:00:00+00:00,16.4,42.002464,0.0,14.3,0.141
2024-09-29 04:00:00+00:00,15.85,43.501904,0.0,14.05,0.141
2024-09-29 05:00:00+00:00,15.8,44.260384,0.0,14.75,0.141
2024-09-29 06:00:00+00:00,19.05,37.468605,0.0,16.7,0.141
2024-09-29 07:00:00+00:00,21.45,32.41756,0.0,19.2,0.141
2024-09-29 08:00:00+00:00,23.4,28.492922,0.0,21.75,0.141
2024-09-29 09:00:00+00:00,25.15,24.336798,0.0,24.25,0.141
2024-09-29 10:00:00+00:00,26.55,20.426435,0.0,26.4,0.14
2024-09-29 11:00:00+00:00,27.6,17.62274,0.0,28.1,0.14
2024-09-29 12:00:00+00:00,28.15,16.224707,0.0,29.2,0.139
2024-09-29 13:00:00+00:00,28.8,14.421673,0.0,29.6,0.139
2024-09-29 14:00:00+00:00,28.2,14.555526,0.0,29.15,0.139
2024-09-29 15:00:00+00:00,26.0,17.43139,0.0,27.9,0.139
2024-09-29 16:00:00+00:00,25.55,17.772593,0.0,25.8,0.139
2024-09-29 17:00:00+00:00,23.0,20.783705,0.0,24.05,0.139
2024-09-29 18:00:00+00:00,19.85,25.298433,0.0,22.65,0.138
2024-09-29 19:00:00+00:00,18.7,27.474516,0.0,21.4,0.138
2024-09-29 20:00:00+00:00,18.05,28.826023,0.0,20.4,0.138
2024-09-29 21:00:00+00:00,18.85,29.370283,0.0,19.75,0.138
2024-09-29 22:00:00+00:00,18.35,32.329422,0.0,19.25,0.138
2024-09-29 23:00:00+00:00,16.6,37.95616,0.0,18.65,0.138
2024-09-30 00:00:00+00:00,19.25,31.900457,0.0,18.05,0.138
2024-09-30 01:00:00+00:00,18.05,37.707516,0.0,17.35,0.13
2024-09-30 02:00:00+00:00,17.35,45.800552,0.0,16.9,0.13
2024-09-30 03:00:00+00:00,17.0,50.000763,0.0,16.5,0.13
2024-09-30 04:00:00+00:00,16.7,52.201286,0.0,16.15,0.13
2024-09-30 05:00:00+00:00,17.25,54.90365,0.0,16.7,0.13
2024-09-30 06:00:00+00:00,19.3,53.24448,0.0,18.35,0.13
2024-09-30 07:00:00+00:00,20.7,50.150673,0.0,20.3,0.13
2024-09-30 08:00:00+00:00,22.1,46.80488,0.0,22.5,0.13
2024-09-30 09:00:00+00:00,18.15,71.43288,5.0,23.1,0.198
2024-09-30 10:00:00+00:00,16.7,74.524185,0.3,22.0,0.2
2024-09-30 11:00:00+00:00,15.8,75.11256,1.9,20.6,0.223
2024-09-30 12:00:00+00:00,14.4,74.1284,2.0,19.15,0.248
2024-09-30 13:00:00+00:00,15.0,60.218975,0.0,19.35,0.215
2024-09-30 14:00:00+00:00,15.0,53.758682,0.0,19.25,0.215
2024-09-30 15:00:00+00:00,14.3,61.089626,0.0,18.8,0.214
2024-09-30 16:00:00+00:00,12.9,69.00611,0.0,17.95,0.214
2024-09-30 17:00:00+00:00,12.6,68.24027,0.0,17.2,0.214
2024-09-30 18:00:00+00:00,11.95,70.97442,0.0,16.55,0.213
2024-09-30 19:00:00+00:00,11.1,75.592926,0.0,15.95,0.213
2024-09-30 20:00:00+00:00,10.35,80.006134,0.0,15.35,0.213
2024-09-30 21:00:00+00:00,9.6,85.28301,0.0,14.75,0.213
2024-09-30 22:00:00+00:00,8.95,90.32151,0.0,14.25,0.213
2024-09-30 23:00:00+00:00,8.5,93.74804,0.0,13.8,0.212
2024-10-01 00:00:00+00:00,8.2,96.32848,0.0,13.35,0.212
2024-10-01 01:00:00+00:00,9.0,95.05398,0.0,14.05,0.212
2024-10-01 02:00:00+00:00,8.75,96.0178,0.0,13.6,0.212
2024-10-01 03:00:00+00:00,8.4,95.03093,0.0,13.2,0.212
2024-10-01 04:00:00+00:00,8.15,94.697266,0.0,12.8,0.211
2024-10-01 05:00:00+00:00,9.7,82.141304,0.0,13.05,0.211
2024-10-01 06:00:00+00:00,11.25,70.83901,0.0,14.0,0.211
2024-10-01 07:00:00+00:00,12.75,61.78134,0.0,15.3,0.211
2024-10-01 08:00:00+00:00,13.55,57.83071,0.0,16.25,0.21
2024-10-01 09:00:00+00:00,14.15,55.045357,0.0,16.85,0.21
2024-10-01 10:00:00+00:00,15.05,50.689762,0.0,17.35,0.21
2024-10-01 11:00:00+00:00,15.25,50.56795,0.0,17.8,0.21
2024-10-01 12:00:00+00:00,15.65,47.26713,0.0,18.15,0.209
2024-10-01 13:00:00+00:00,15.2,45.995373,0.0,18.4,0.21
2024-10-01 14:00:00+00:00,14.3,48.742573,0.0,17.85,0.21
2024-10-01 15:00:00+00:00,12.7,56.026062,0.0,17.2,0.21
2024-10-01 16:00:00+00:00,11.9,60.726124,0.0,16.45,0.209
2024-10-01 17:00:00+00:00,11.45,63.658726,0.0,15.75,0.209
2024-10-01 18:00:00+00:00,11.05,66.28544,0.0,15.25,0.209
2024-10-01 19:00:00+00:00,10.1,72.103325,0.0,14.6,0.209
2024-10-01 20:00:00+00:00,9.7,74.8356,0.0,14.1,0.209
2024-10-01 21:00:00+00:00,9.35,76.349976,0.0,13.65,0.208
2024-10-01 22:00:00+00:00,10.2,72.12213,0.0,13.5,0.208
2024-10-01 23:00:00+00:00,10.55,71.68976,0.0,13.5,0.208
2024-10-02 00:00:00+00:00,10.75,71.727715,0.0,13.5,0.208
2024-10-02 01:00:00+00:00,10.3,72.64271,0.0,14.25,0.208
2024-10-02 02:00:00+00:00,10.4,72.913124,0.0,14.0,0.207
2024-10-02 03:00:00+00:00,10.35,73.664536,0.0,13.8,0.207
2024-10-02 04:00:00+00:00,10.4,74.1843,0.0,13.6,0.207
2024-10-02 05:00:00+00:00,10.95,72.2626,0.0,13.7,0.207
2024-10-02 06:00:00+00:00,12.25,67.93393,0.0,14.5,0.206
2024-10-02 07:00:00+00:00,14.3,62.144817,0.0,15.85,0.206
2024-10-02 08:00:00+00:00,15.45,58.703762,0.0,17.25,0.205
2024-10-02 09:00:00+00:00,16.3,55.41078,0.0,18.35,0.205
2024-10-02 10:00:00+00:00,16.8,53.860985,0.0,18.95,0.204
2024-10-02 11:00:00+00:00,17.35,52.01777,0.0,19.45,0.204
2024-10-02 12:00:00+00:00,17.65,51.042282,0.0,19.8,0.203
2024-10-02 13:00:00+00:00,15.5,58.11748,0.0,19.7,0.205
2024-10-02 14:00:00+00:00,15.75,56.999508,0.0,19.35,0.205
2024-10-02 15:00:00+00:00,15.6,57.549316,0.0,18.75,0.205
2024-10-02 16:00:00+00:00,14.25,64.073555,0.0,17.8,0.205
2024-10-02 17:00:00+00:00,13.35,67.929726,0.0,16.6,0.204
2024-10-02 18:00:00+00:00,13.3,67.457275,0.0,15.6,0.204
2024-10-02 19:00:00+00:00,11.85,73.93161,0.0,14.75,0.204
2024-10-02 20:00:00+00:00,10.45,81.12216,0.0,14.05,0.204
2024-10-02 21:00:00+00:00,10.3,82.21823,0.0,13.5,0.204
2024-10-02 22:00:00+00:00,10.0,84.169914,0.0,13.05,0.204
2024-10-02 23:00:00+00:00,9.5,87.038795,0.0,12.7,0.204
2024-10-03 00:00:00+00:00,8.85,90.314186,0.0,12.3,0.204
2024-10-03 01:00:00+00:00,8.65,90.60896,0.0,11.65,0.207
2024-10-03 02:00:00+00:00,8.35,91.837425,0.0,11.45,0.207
2024-10-03 03:00:00+00:00,8.1,92.13723,0.0,11.25,0.207
2024-10-03 04:00:00+00:00,7.85,93.07592,0.0,11.1,0.207
2024-10-03 05:00:00+00:00,9.75,84.14107,0.0,11.45,0.207
2024-10-03 06:00:00+00:00,13.35,66.09837,0.0,13.0,0.206
2024-10-03 07:00:00+00:00,15.85,55.29503,0.0,15.2,0.206
2024-10-03 08:00:00+00:00,17.95,48.23671,0.0,17.45,0.205
2024-10-03 09:00:00+00:00,19.75,43.107613,0.0,19.6,0.204
2024-10-03 10:00:00+00:00,21.1,39.526012,0.0,21.45,0.203
2024-10-03 11:00:00+00:00,22.05,36.533512,0.0,22.85,0.202
2024-10-03 12:00:00+00:00,22.55,34.356716,0.0,23.75,0.201
2024-10-03 13:00:00+00:00,22.55,32.392063,0.0,23.95,0.2
2024-10-03 14:00:00+00:00,22.05,32.931202,0.0,23.5,0.199
2024-10-03 15:00:00+00:00,20.2,42.35634,0.0,22.25,0.199
2024-10-03 16:00:00+00:00,17.05,46.19481,0.0,20.4,0.199
2024-10-03 17:00:00+00:00,16.75,46.593895,0.0,19.05,0.199
2024-10-03 18:00:00+00:00,16.05,48.547523,0.0,18.05,0.198
2024-10-03 19:00:00+00:00,14.9,52.99227,0.0,17.2,0.198
2024-10-03 20:00:00+00:00,14.6,54.026962,0.0,16.25,0.198
2024-10-03 21:00:00+00:00,16.1,48.05753,0.0,15.45,0.198
2024-10-03 22:00:00+00:00,16.0,48.533684,0.0,14.75,0.198
2024-10-03 23:00:00+00:00,15.35,50.948116,0.0,14.2,0.198
2024-10-04 00:00:00+00:00,12.95,60.138405,0.0,13.7,0.198
2024-10-04 01:00:00+00:00,10.75,78.43774,0.0,12.8,0.197
2024-10-04 02:00:00+00:00,10.35,80.55574,0.0,12.55,0.197
2024-10-04 03:00:00+00:00,10.5,79.20995,0.0,12.3,0.197
2024-10-04 04:00:00+00:00,10.4,79.467094,0.0,12.0,0.197
2024-10-04 05:00:00+00:00,12.75,69.212036,0.0,12.55,0.197
2024-10-04 06:00:00+00:00,15.9,57.624237,0.0,14.25,0.196
2024-10-04 07:00:00+00:00,18.35,48.844906,0.0,16.5,0.196
2024-10-04 08:00:00+00:00,20.35,43.871742,0.0,18.85,0.195
2024-10-04 09:00:00+00:00,21.95,39.768433,0.0,21.05,0.194
2024-10-04 10:00:00+00:00,23.25,34.437927,0.0,23.0,0.193
2024-10-04 11:00:00+00:00,24.2,29.321817,0.0,24.4,0.192
2024-10-04 12:00:00+00:00,24.6,26.141758,0.0,25.25,0.191
2024-10-04 13:00:00+00:00,24.85,24.428549,0.0,25.4,0.189
2024-10-04 14:00:00+00:00,24.3,25.604614,0.0,24.95,0.188
2024-10-04 15:00:00+00:00,22.85,31.042332,0.0,23.6,0.188
2024-10-04 16:00:00+00:00,22.25,30.442522,0.0,21.6,0.188
2024-10-04 17:00:00+00:00,17.95,40.00017,0.0,20.0,0.188
2024-10-04 18:00:00+00:00,16.65,42.970932,0.0,18.75,0.188
2024-10-04 19:00:00+00:00,15.95,45.08796,0.0,17.8,0.187
2024-10-04 20:00:00+00:00,14.8,48.20029,0.0,16.95,0.187
2024-10-04 21:00:00+00:00,15.0,46.42681,0.0,16.2,0.187
2024-10-04 22:00:00+00:00,18.0,37.29592,0.0,15.55,0.187
2024-10-04 23:00:00+00:00,17.8,37.369797,0.0,15.0,0.187
2024-10-05 00:00:00+00:00,17.35,38.03957,0.0,14.5,0.187
2024-10-05 01:00:00+00:00,16.6,40.74635,0.0,13.05,0.186
2024-10-05 02:00:00+00:00,14.15,48.018673,0.0,12.9,0.186
2024-10-05 03:00:00+00:00,12.55,53.672924,0.0,12.75,0.186
2024-10-05 04:00:00+00:00,13.15,52.155567,0.0,12.55,0.186
2024-10-05 05:00:00+00:00,14.65,49.35642,0.0,13.15,0.186
2024-10-05 06:00:00+00:00,17.85,40.8205,0.0,14.9,0.185
2024-10-05 07:00:00+00:00,20.55,34.14089,0.0,17.35,0.185
2024-10-05 08:00:00+00:00,22.6,30.755875,0.0,19.95,0.184
2024-10-05 09:00:00+00:00,24.1,29.192123,0.0,22.35,0.183
2024-10-05 10:00:00+00:00,25.1,28.077034,0.0,24.35,0.182
2024-10-05 11:00:00+00:00,25.85,26.853428,0.0,25.85,0.181
2024-10-05 12:00:00+00:00,26.3,25.877064,0.0,26.8,0.18
2024-10-05 13:00:00+00:00,26.45,22.216097,0.0,26.95,0.178
2024-10-05 14:00:00+00:00,25.9,22.78844,0.0,26.35,0.178
2024-10-05 15:00:00+00:00,22.4,32.349365,0.0,24.95,0.178
2024-10-05 16:00:00+00:00,19.25,37.789753,0.0,22.85,0.177
2024-10-05 17:00:00+00:00,18.65,39.644905,0.0,21.25,0.177
2024-10-05 18:00:00+00:00,16.5,45.87991,0.0,19.9,0.177
2024-10-05 19:00:00+00:00,17.3,41.966427,0.0,18.75,0.177
2024-10-05 20:00:00+00:00,18.8,36.615818,0.0,17.75,0.177
2024-10-05 21:00:00+00:00,18.9,35.878773,0.0,16.95,0.177
2024-10-05 22:00:00+00:00,19.1,35.433895,0.0,16.25,0.177
2024-10-05 23:00:00+00:00,16.7,41.793762,0.0,15.65,0.177
2024-10-06 00:00:00+00:00,15.05,47.098812,0.0,15.15,0.177
2024-10-06 01:00:00+00:00,12.3,60.40009,0.0,14.35,0.179
2024-10-06 02:00:00+00:00,12.05,61.83069,0.0,13.95,0.179
2024-10-06 03:00:00+00:00,11.2,65.40128,0.0,13.6,0.178
2024-10-06 04:00:00+00:00,11.0,67.43755,0.0,13.35,0.178
2024-10-06 05:00:00+00:00,13.05,60.791336,0.0,13.75,0.178
2024-10-06 06:00:00+00:00,17.65,46.845512,0.0,15.4,0.178
2024-10-06 07:00:00+00:00,20.75,37.307423,0.0,17.8,0.178
2024-10-06 08:00:00+00:00,22.6,32.97356,0.0,20.35,0.177
2024-10-06 09:00:00+00:00,24.3,29.045403,0.0,22.6,0.176
2024-10-06 10:00:00+00:00,25.65,24.816765,0.0,24.5,0.175
2024-10-06 11:00:00+00:00,26.3,22.893349,0.0,25.85,0.174
2024-10-06 12:00:00+00:00,26.55,22.0855,0.0,26.65,0.173
2024-10-06 13:00:00+00:00,27.45,15.040665,0.0,27.05,0.17
2024-10-06 14:00:00+00:00,26.7,16.36367,0.0,26.5,0.169
2024-10-06 15:00:00+00:00,23.1,25.45861,0.0,25.1,0.169
2024-10-06 16:00:00+00:00,23.95,20.651066,0.0,23.1,0.169
2024-10-06 17:00:00+00:00,19.6,27.034678,0.0,21.5,0.169
2024-10-06 18:00:00+00:00,19.0,28.679317,0.0,20.4,0.169
2024-10-06 19:00:00+00:00,20.25,28.929972,0.0,19.65,0.169
2024-10-06 20:00:00+00:00,18.3,52.093098,0.0,19.3,0.169
2024-10-06 21:00:00+00:00,15.95,64.02034,0.0,18.4,0.169
2024-10-06 22:00:00+00:00,16.35,63.46679,0.0,17.75,0.169
2024-10-06 23:00:00+00:00,15.9,66.19793,0.0,17.3,0.169
2024-10-07 00:00:00+00:00,17.4,60.18189,0.0,16.8,0.168
2024-10-07 01:00:00+00:00,18.05,57.961517,0.0,16.45,0.166
2024-10-07 02:00:00+00:00,17.8,58.880146,0.0,16.1,0.166
2024-10-07 03:00:00+00:00,17.15,60.935654,0.0,15.65,0.166
2024-10-07 04:00:00+00:00,15.95,65.3255,0.0,15.3,0.166
2024-10-07 05:00:00+00:00,16.35,63.68042,0.0,15.7,0.166
2024-10-07 06:00:00+00:00,19.4,50.99183,0.0,17.2,0.165
2024-10-07 07:00:00+00:00,21.25,45.486355,0.0,19.15,0.165
2024-10-07 08:00:00+00:00,22.9,40.58323,0.0,21.2,0.165
2024-10-07 09:00:00+00:00,24.25,34.25199,0.0,23.1,0.164
2024-10-07 10:00:00+00:00,24.9,32.05736,0.0,24.6,0.163
2024-10-07 11:00:00+00:00,25.3,30.143202,0.0,25.65,0.163
2024-10-07 12:00:00+00:00,24.9,30.658546,0.0,26.15,0.162
2024-10-07 13:00:00+00:00,24.55,30.87811,0.0,26.05,0.163
2024-10-07 14:00:00+00:00,24.3,30.175274,0.0,25.45,0.162
2024-10-07 15:00:00+00:00,23.3,31.93557,0.0,24.5,0.162
2024-10-07 16:00:00+00:00,21.0,38.161484,0.0,23.15,0.162
2024-10-07 17:00:00+00:00,19.65,43.524944,0.0,21.95,0.162
2024-10-07 18:00:00+00:00,18.75,47.312675,0.0,21.0,0.162
2024-10-07 19:00:00+00:00,17.85,51.973587,0.0,20.2,0.162
2024-10-07 20:00:00+00:00,16.9,57.09411,0.0,19.4,0.162
2024-10-07 21:00:00+00:00,16.2,60.506035,0.0,18.7,0.162
2024-10-07 22:00:00+00:00,14.75,67.53093,0.0,17.95,0.161
2024-10-07 23:00:00+00:00,14.45,69.78666,0.0,17.3,0.161
2024-10-08 00:00:00+00:00,13.55,74.22974,0.0,16.7,0.161
2024-10-08 01:00:00+00:00,13.95,76.83265,0.0,17.45,0.151
2024-10-08 02:00:00+00:00,13.35,79.621925,0.0,16.75,0.151
2024-10-08 03:00:00+00:00,12.75,81.42843,0.0,16.2,0.151
2024-10-08 04:00:00+00:00,12.3,81.91853,0.0,15.65,0.151
2024-10-08 05:00:00+00:00,14.1,73.33341,0.0,15.8,0.151
2024-10-08 06:00:00+00:00,16.85,65.30233,0.0,17.05,0.151
2024-10-08 07:00:00+00:00,18.75,58.717716,0.0,19.05,0.151
2024-10-08 08:00:00+00:00,20.7,50.996,0.0,21.35,0.15
2024-10-08 09:00:00+00:00,22.55,43.309376,0.0,23.55,0.15
2024-10-08 10:00:00+00:00,23.85,38.32186,0.0,25.55,0.149
2024-10-08 11:00:00+00:00,24.75,34.510826,0.0,27.05,0.149
2024-10-08 12:00:00+00:00,25.25,31.181395,0.0,27.9,0.148
2024-10-08 13:00:00+00:00,25.25,29.108526,0.0,27.9,0.144
2024-10-08 14:00:00+00:00,24.6,28.727385,0.0,27.15,0.144
2024-10-08 15:00:00+00:00,22.2,33.66829,0.0,25.7,0.144
2024-10-08 16:00:00+00:00,18.75,44.787178,0.0,23.65,0.144
2024-10-08 17:00:00+00:00,18.25,46.211708,0.0,22.0,0.144
2024-10-08 18:00:00+00:00,17.8,46.56524,0.0,20.8,0.144
2024-10-08 19:00:00+00:00,17.1,49.00572,0.0,19.85,0.144
2024-10-08 20:00:00+00:00,16.65,50.947697,0.0,19.05,0.144
2024-10-08 21:00:00+00:00,16.2,52.78944,0.0,18.4,0.144
2024-10-08 22:00:00+00:00,15.3,55.725456,0.0,17.8,0.144
2024-10-08 23:00:00+00:00,14.25,59.217846,0.0,17.2,0.143
2024-10-09 00:00:00+00:00,13.45,61.946056,0.0,16.6,0.143
2024-10-09 01:00:00+00:00,12.95,64.44236,0.0,15.9,0.14
2024-10-09 02:00:00+00:00,12.35,66.33719,0.0,15.45,0.14
2024-10-09 03:00:00+00:00,11.7,68.7621,0.0,15.0,0.14
2024-10-09 04:00:00+00:00,11.5,69.43668,0.0,14.55,0.14
2024-10-09 05:00:00+00:00,13.7,60.528164,0.0,14.8,0.14
2024-10-09 06:00:00+00:00,18.05,46.635,0.0,16.3,0.14
2024-10-09 07:00:00+00:00,21.2,37.436607,0.0,18.75,0.14
2024-10-09 08:00:00+00:00,23.55,30.916973,0.0,21.3,0.14
2024-10-09 09:00:00+00:00,25.45,25.378763,0.0,23.6,0.14
2024-10-09 10:00:00+00:00,26.6,22.97201,0.0,25.55,0.139
2024-10-09 11:00:00+00:00,27.45,20.076384,0.0,27.05,0.139
2024-10-09 12:00:00+00:00,27.85,18.327969,0.0,28.0,0.139
2024-10-09 13:00:00+00:00,27.95,17.769909,0.0,28.0,0.139
2024-10-09 14:00:00+00:00,27.15,19.85932,0.0,27.5,0.139
2024-10-09 15:00:00+00:00,23.5,27.440128,0.0,26.1,0.139
2024-10-09 16:00:00+00:00,25.0,23.702385,0.0,24.2,0.139
2024-10-09 17:00:00+00:00,24.8,24.243046,0.0,22.65,0.139
2024-10-09 18:00:00+00:00,20.85,30.800148,0.0,21.5,0.139
2024-10-09 19:00:00+00:00,18.85,28.327362,0.0,20.55,0.139
2024-10-09 20:00:00+00:00,16.75,31.178854,0.0,19.55,0.139
2024-10-09 21:00:00+00:00,16.05,34.0502,0.0,18.55,0.139
2024-10-09 22:00:00+00:00,15.6,38.071625,0.0,17.8,0.139
2024-10-09 23:00:00+00:00,14.75,43.80385,0.0,17.05,0.139
2024-10-10 00:00:00+00:00,14.65,51.11353,0.0,16.55,0.139
2024-10-10 01:00:00+00:00,15.7,46.951633,0.0,16.05,0.13
2024-10-10 02:00:00+00:00,17.05,46.03476,0.0,15.55,0.13
2024-10-10 03:00:00+00:00,16.25,51.19161,0.0,15.15,0.13
2024-10-10 04:00:00+00:00,15.95,53.27047,0.0,14.75,0.13
2024-10-10 05:00:00+00:00,15.3,53.652008,0.0,15.05,0.13
2024-10-10 06:00:00+00:00,17.6,42.05256,0.0,16.5,0.13
2024-10-10 07:00:00+00:00,19.65,39.24633,0.0,18.5,0.13
2024-10-10 08:00:00+00:00,21.35,35.83328,0.0,20.7,0.13
2024-10-10 09:00:00+00:00,22.65,32.420517,0.0,22.8,0.13
2024-10-10 10:00:00+00:00,23.7,30.321375,0.0,24.65,0.13
2024-10-10 11:00:00+00:00,24.75,27.401134,0.0,26.0,0.13
2024-10-10 12:00:00+00:00,25.55,24.616365,0.0,26.75,0.129
2024-10-10 13:00:00+00:00,25.2,26.213734,0.0,26.4,0.133
2024-10-10 14:00:00+00:00,24.6,25.958687,0.0,25.9,0.133
2024-10-10 15:00:00+00:00,23.55,27.261415,0.0,24.85,0.133
2024-10-10 16:00:00+00:00,21.6,31.122828,0.0,23.55,0.133
2024-10-10 17:00:00+00:00,19.5,37.86191,0.0,22.35,0.133
2024-10-10 18:00:00+00:00,19.15,39.92742,0.0,21.4,0.133
2024-10-10 19:00:00+00:00,18.15,43.549995,0.0,20.5,0.133
2024-10-10 20:00:00+00:00,17.45,46.147057,0.0,19.75,0.133
2024-10-10 21:00:00+00:00,16.4,49.66518,0.0,19.0,0.133
2024-10-10 22:00:00+00:00,15.45,53.138245,0.0,18.25,0.133
2024-10-10 23:00:00+00:00,14.9,55.430992,0.0,17.55,0.133
2024-10-11 00:00:00+00:00,15.3,54.397964,0.0,16.9,0.133
2024-10-11 01:00:00+00:00,17.0,50.519054,0.0,16.9,0.121
2024-10-11 02:00:00+00:00,17.05,50.706394,0.0,16.35,0.121
2024-10-11 03:00:00+00:00,16.4,53.20633,0.0,15.85,0.121
2024-10-11 04:00:00+00:00,15.7,56.019688,0.0,15.4,0.121
2024-10-11 05:00:00+00:00,15.65,66.5906,0.0,15.6,0.121
2024-10-11 06:00:00+00:00,18.25,48.650944,0.0,17.1,0.121
2024-10-11 07:00:00+00:00,20.0,44.98448,0.0,19.15,0.121
2024-10-11 08:00:00+00:00,21.6,42.17631,0.0,21.35,0.121
2024-10-11 09:00:00+00:00,22.7,41.35646,0.0,23.45,0.121
2024-10-11 10:00:00+00:00,23.35,39.36069,0.0,25.15,0.121
2024-10-11 11:00:00+00:00,23.85,36.92144,0.0,26.4,0.121
2024-10-11 12:00:00+00:00,24.35,35.10716,0.0,27.2,0.121
2024-10-11 13:00:00+00:00,24.25,35.19831,0.0,27.3,0.123
2024-10-11 14:00:00+00:00,23.95,35.837883,0.0,26.75,0.123
2024-10-11 15:00:00+00:00,22.2,40.65994,0.0,25.4,0.123
2024-10-11 16:00:00+00:00,21.75,41.227524,0.0,23.5,0.123
2024-10-11 17:00:00+00:00,21.1,42.90187,0.0,22.0,0.123
2024-10-11 18:00:00+00:00,20.5,44.364407,0.0,20.75,0.123
2024-10-11 19:00:00+00:00,20.0,45.446297,0.0,19.7,0.123
2024-10-11 20:00:00+00:00,19.95,44.81745,0.0,18.85,0.123
2024-10-11 21:00:00+00:00,19.65,44.733315,0.0,18.1,0.123
2024-10-11 22:00:00+00:00,18.85,46.857548,0.0,17.45,0.123
2024-10-11 23:00:00+00:00,18.4,48.19549,0.0,16.9,0.123
2024-10-12 00:00:00+00:00,17.8,50.389824,0.0,16.4,0.123
2024-10-12 01:00:00+00:00,17.15,53.768887,0.0,15.0,0.125
2024-10-12 02:00:00+00:00,16.75,54.96167,0.0,14.95,0.125
2024-10-12 03:00:00+00:00,15.65,58.953506,0.0,14.75,0.125
2024-10-12 04:00:00+00:00,16.25,56.544224,0.0,14.6,0.125
2024-10-12 05:00:00+00:00,16.25,60.313545,0.0,15.0,0.125
2024-10-12 06:00:00+00:00,19.45,45.75904,0.0,16.7,0.125
2024-10-12 07:00:00+00:00,21.35,40.834522,0.0,18.65,0.125
2024-10-12 08:00:00+00:00,23.45,37.438587,0.0,20.95,0.125
2024-10-12 09:00:00+00:00,25.25,34.7698,0.0,23.35,0.125
2024-10-12 10:00:00+00:00,26.2,32.09511,0.0,25.4,0.125
2024-10-12 11:00:00+00:00,26.75,30.237776,0.0,26.9,0.125
2024-10-12 12:00:00+00:00,27.35,28.502968,0.0,27.75,0.125
2024-10-12 13:00:00+00:00,27.0,27.73342,0.0,27.4,0.128
2024-10-12 14:00:00+00:00,26.45,28.352419,0.0,26.85,0.128
2024-10-12 15:00:00+00:00,24.8,32.805416,0.0,25.85,0.128
2024-10-12 16:00:00+00:00,21.95,39.904167,0.0,24.35,0.128
2024-10-12 17:00:00+00:00,21.75,39.711475,0.0,23.25,0.128
2024-10-12 18:00:00+00:00,22.75,36.859394,0.0,22.4,0.128
2024-10-12 19:00:00+00:00,20.25,43.993355,0.0,21.45,0.128
2024-10-12 20:00:00+00:00,20.05,44.69294,0.0,20.7,0.128
2024-10-12 21:00:00+00:00,18.7,51.497547,0.0,19.85,0.128
2024-10-12 22:00:00+00:00,17.5,63.091053,0.0,19.35,0.128
2024-10-12 23:00:00+00:00,16.0,72.45897,0.0,18.7,0.128
2024-10-13 00:00:00+00:00,15.2,80.67727,0.0,18.15,0.128
2024-10-13 01:00:00+00:00,14.85,86.96705,0.0,18.7,0.124
2024-10-13 02:00:00+00:00,14.3,90.70172,0.0,17.95,0.124
2024-10-13 03:00:00+00:00,13.85,93.08023,0.0,17.3,0.124
2024-10-13 04:00:00+00:00,13.35,94.59427,0.0,16.8,0.124
2024-10-13 05:00:00+00:00,14.65,86.66337,0.0,16.7,0.124
2024-10-13 06:00:00+00:00,16.2,75.676765,0.0,17.6,0.124
2024-10-13 07:00:00+00:00,17.8,65.0749,0.0,19.1,0.124
2024-10-13 08:00:00+00:00,19.25,56.34808,0.0,20.8,0.124
2024-10-13 09:00:00+00:00,20.8,48.1994,0.0,22.55,0.124
2024-10-13 10:00:00+00:00,21.45,45.08399,0.0,23.8,0.124
2024-10-13 11:00:00+00:00,21.9,42.69211,0.0,24.65,0.124
2024-10-13 12:00:00+00:00,22.4,40.03209,0.0,25.35,0.124
2024-10-13 13:00:00+00:00,22.4,39.35772,0.0,25.5,0.123
2024-10-13 14:00:00+00:00,21.8,39.725723,0.0,25.0,0.123
2024-10-13 15:00:00+00:00,20.25,42.807785,0.0,23.8,0.123
2024-10-13 16:00:00+00:00,18.4,49.36119,0.0,22.4,0.123
2024-10-13 17:00:00+00:00,17.7,50.362778,0.0,21.35,0.123
2024-10-13 18:00:00+00:00,17.05,51.5833,0.0,20.45,0.123
2024-10-13 19:00:00+00:00,16.55,53.245872,0.0,19.7,0.123
2024-10-13 20:00:00+00:00,15.3,58.46659,0.0,18.85,0.123
2024-10-13 21:00:00+00:00,14.35,62.15646,0.0,18.1,0.123
2024-10-13 22:00:00+00:00,13.6,65.47771,0.0,17.35,0.123
2024-10-13 23:00:00+00:00,12.6,70.374855,0.0,16.65,0.123
2024-10-14 00:00:00+00:00,12.2,72.74247,0.0,16.0,0.123
2024-10-14 01:00:00+00:00,11.7,76.211235,0.0,15.8,0.123
2024-10-14 02:00:00+00:00,11.45,78.27637,0.0,15.25,0.123
2024-10-14 03:00:00+00:00,10.75,82.8372,0.0,14.75,0.123
2024-10-14 04:00:00+00:00,10.45,85.37439,0.0,14.3,0.123
2024-10-14 05:00:00+00:00,12.05,77.83777,0.0,14.4,0.123
2024-10-14 06:00:00+00:00,14.4,68.37723,0.0,15.6,0.123
2024-10-14 07:00:00+00:00,16.1,60.482216,0.0,17.45,0.123
2024-10-14 08:00:00+00:00,17.75,54.10843,0.0,19.55,0.123
2024-10-14 09:00:00+00:00,19.15,49.23001,0.0,21.55,0.123
2024-10-14 10:00:00+00:00,20.3,45.37566,0.0,23.3,0.123
2024-10-14 11:00:00+00:00,20.85,43.41824,0.0,24.3,0.123
2024-10-14 12:00:00+00:00,21.15,42.480564,0.0,24.9,0.123
2024-10-14 13:00:00+00:00,21.6,41.4661,0.0,25.3,0.123
2024-10-14 14:00:00+00:00,20.95,42.135822,0.0,24.65,0.123
2024-10-14 15:00:00+00:00,19.35,45.264557,0.0,23.35,0.123
2024-10-14 16:00:00+00:00,17.6,48.30603,0.0,21.85,0.123
2024-10-14 17:00:00+00:00,16.35,50.169075,0.0,20.55,0.123
2024-10-14 18:00:00+00:00,15.45,53.138245,0.0,19.4,0.123
2024-10-14 19:00:00+00:00,14.7,55.571095,0.0,18.4,0.123
2024-10-14 20:00:00+00:00,14.15,56.790497,0.0,17.6,0.123
2024-10-14 21:00:00+00:00,13.25,60.211086,0.0,16.85,0.123
2024-10-14 22:00:00+00:00,12.7,63.503345,0.0,16.2,0.123
2024-10-14 23:00:00+00:00,11.9,67.62725,0.0,15.6,0.123
2024-10-15 00:00:00+00:00,11.2,70.829315,0.0,15.0,0.123
2024-10-15 01:00:00+00:00,10.8,73.49139,0.0,14.9,0.111
2024-10-15 02:00:00+00:00,10.25,76.49743,0.0,14.35,0.111
2024-10-15 03:00:00+00:00,9.8,79.92793,0.0,13.85,0.111
2024-10-15 04:00:00+00:00,9.5,84.112144,0.0,13.45,0.111
2024-10-15 05:00:00+00:00,10.75,80.06274,0.0,13.45,0.111
2024-10-15 06:00:00+00:00,13.25,68.60756,0.0,14.55,0.112
2024-10-15 07:00:00+00:00,15.55,57.340324,0.0,16.35,0.112
2024-10-15 08:00:00+00:00,17.75,49.183807,0.0,18.65,0.112
2024-10-15 09:00:00+00:00,19.6,43.213223,0.0,21.05,0.112
2024-10-15 10:00:00+00:00,20.95,38.54368,0.0,23.15,0.112
2024-10-15 11:00:00+00:00,21.7,36.05799,0.0,24.75,0.112
2024-10-15 12:00:00+00:00,22.2,34.37547,0.0,25.7,0.112
2024-10-15 13:00:00+00:00,21.75,34.4853,0.0,25.65,0.113
2024-10-15 14:00:00+00:00,21.05,34.887405,0.0,24.9,0.113
2024-10-15 15:00:00+00:00,19.0,38.38317,0.0,23.4,0.113
2024-10-15 16:00:00+00:00,16.8,42.863377,0.0,21.65,0.113
2024-10-15 17:00:00+00:00,15.2,47.30665,0.0,20.1,0.113
2024-10-15 18:00:00+00:00,14.7,49.543472,0.0,18.75,0.113
2024-10-15 19:00:00+00:00,14.3,51.376694,0.0,17.75,0.113
2024-10-15 20:00:00+00:00,13.4,54.65831,0.0,16.85,0.113
2024-10-15 21:00:00+00:00,12.4,58.148323,0.0,16.05,0.113
2024-10-15 22:00:00+00:00,11.75,60.47796,0.0,15.3,0.113
2024-10-15 23:00:00+00:00,11.5,61.270042,0.0,14.7,0.113
2024-10-16 00:00:00+00:00,11.1,62.69468,0.0,14.15,0.113
2024-10-16 01:00:00+00:00,10.5,67.56686,0.0,13.75,0.111
2024-10-16 02:00:00+00:00,10.25,68.703026,0.0,13.35,0.111
2024-10-16 03:00:00+00:00,9.25,73.98037,0.0,12.95,0.111
2024-10-16 04:00:00+00:00,9.2,74.748825,0.0,12.45,0.111
2024-10-16 05:00:00+00:00,11.3,65.880135,0.0,12.55,0.111
2024-10-16 06:00:00+00:00,14.4,52.85909,0.0,14.0,0.111
2024-10-16 07:00:00+00:00,16.5,45.56094,0.0,16.1,0.111
2024-10-16 08:00:00+00:00,18.4,40.978718,0.0,18.45,0.111
2024-10-16 09:00:00+00:00,19.95,37.728313,0.0,20.75,0.111
2024-10-16 10:00:00+00:00,20.95,35.842724,0.0,22.6,0.111
2024-10-16 11:00:00+00:00,21.25,34.582,0.0,23.85,0.111
2024-10-16 12:00:00+00:00,21.45,32.3042,0.0,24.5,0.111
2024-10-16 13:00:00+00:00,21.05,28.846634,0.0,24.45,0.114
2024-10-16 14:00:00+00:00,19.85,27.499199,0.0,23.6,0.114
2024-10-16 15:00:00+00:00,18.0,34.865925,0.0,22.2,0.114
2024-10-16 16:00:00+00:00,16.3,43.173203,0.0,20.75,0.114
2024-10-16 17:00:00+00:00,15.25,52.354942,0.0,19.6,0.114
2024-10-16 18:00:00+00:00,14.15,59.39757,0.0,18.55,0.114
2024-10-16 19:00:00+00:00,12.65,65.72007,0.0,17.5,0.114
2024-10-16 20:00:00+00:00,11.5,71.37699,0.0,16.5,0.114
2024-10-16 21:00:00+00:00,10.6,75.76902,0.0,15.6,0.114
2024-10-16 22:00:00+00:00,10.2,78.35435,0.0,14.85,0.114
2024-10-16 23:00:00+00:00,9.8,80.75645,0.0,14.2,0.114
2024-10-17 00:00:00+00:00,9.2,84.65677,0.0,13.65,0.114
2024-10-17 01:00:00+00:00,9.3,82.94135,0.0,14.35,0.109
2024-10-17 02:00:00+00:00,8.7,85.47916,0.0,13.65,0.109
2024-10-17 03:00:00+00:00,8.1,88.11055,0.0,13.0,0.109
2024-10-17 04:00:00+00:00,7.85,87.4817,0.0,12.5,0.109
2024-10-17 05:00:00+00:00,8.45,81.695786,0.0,12.4,0.109
2024-10-17 06:00:00+00:00,9.85,66.95762,0.0,13.0,0.109
2024-10-17 07:00:00+00:00,11.2,55.636574,0.0,14.25,0.109
2024-10-17 08:00:00+00:00,12.85,45.163185,0.0,15.7,0.109
2024-10-17 09:00:00+00:00,13.5,41.309288,0.0,16.9,0.109
2024-10-17 10:00:00+00:00,13.75,39.199974,0.0,17.45,0.11
2024-10-17 11:00:00+00:00,13.8,38.51027,0.0,17.8,0.11
2024-10-17 12:00:00+00:00,13.6,39.155865,0.0,18.15,0.11
2024-10-17 13:00:00+00:00,12.9,40.3939,0.0,18.25,0.105
2024-10-17 14:00:00+00:00,11.45,43.1604,0.0,17.5,0.105
2024-10-17 15:00:00+00:00,10.0,47.878384,0.0,16.35,0.105
2024-10-17 16:00:00+00:00,8.55,54.146255,0.0,15.05,0.105
2024-10-17 17:00:00+00:00,7.7,57.1554,0.0,13.95,0.105
2024-10-17 18:00:00+00:00,6.85,62.811848,0.0,13.0,0.105
2024-10-17 19:00:00+00:00,6.05,67.33365,0.0,12.1,0.105
2024-10-17 20:00:00+00:00,5.4,71.456665,0.0,11.35,0.105
2024-10-17 21:00:00+00:00,4.9,75.329834,0.0,10.6,0.105
2024-10-17 22:00:00+00:00,4.35,79.41371,0.0,10.0,0.105
2024-10-17 23:00:00+00:00,4.05,81.6856,0.0,9.45,0.105
2024-10-18 00:00:00+00:00,3.6,84.613815,0.0,8.95,0.105
2024-10-18 01:00:00+00:00,3.3,87.044846,0.0,8.95,0.104
2024-10-18 02:00:00+00:00,2.85,89.859436,0.0,8.4,0.104
2024-10-18 03:00:00+00:00,2.45,92.778694,0.0,7.95,0.104
2024-10-18 04:00:00+00:00,2.4,93.44336,0.0,7.55,0.104
2024-10-18 05:00:00+00:00,3.9,84.64831,0.0,7.6,0.104
2024-10-18 06:00:00+00:00,5.85,74.42228,0.0,8.65,0.104
2024-10-18 07:00:00+00:00,7.6,65.290695,0.0,10.3,0.104
2024-10-18 08:00:00+00:00,9.4,52.634277,0.0,12.15,0.104
2024-10-18 09:00:00+00:00,10.2,47.24253,0.1,13.3,0.105
2024-10-18 10:00:00+00:00,10.75,43.27156,0.1,13.9,0.106
2024-10-18 11:00:00+00:00,11.35,40.3798,0.0,14.65,0.106
2024-10-18 12:00:00+00:00,11.7,38.029457,0.0,15.15,0.106
2024-10-18 13:00:00+00:00,11.35,39.789963,0.0,15.35,0.106
2024-10-18 14:00:00+00:00,11.0,40.276237,0.0,14.95,0.106
2024-10-18 15:00:00+00:00,10.2,42.79404,0.0,14.25,0.106
2024-10-18 16:00:00+00:00,9.1,47.621372,0.0,13.3,0.106
2024-10-18 17:00:00+00:00,8.1,54.6188,0.0,12.45,0.106
2024-10-18 18:00:00+00:00,7.3,60.247917,0.0,11.7,0.106
2024-10-18 19:00:00+00:00,6.75,64.63076,0.0,11.05,0.106
2024-10-18 20:00:00+00:00,6.05,69.30473,0.0,10.45,0.106
2024-10-18 21:00:00+00:00,5.6,72.79317,0.0,9.9,0.106
2024-10-18 22:00:00+00:00,4.95,77.534775,0.0,9.3,0.106
2024-10-18 23:00:00+00:00,4.4,82.61462,0.0,8.8,0.106
2024-10-19 00:00:00+00:00,3.75,87.71331,0.0,8.3,0.106
2024-10-19 01:00:00+00:00,3.2,94.487625,0.0,8.05,0.107
2024-10-19 02:00:00+00:00,2.5,96.159195,0.0,7.5,0.107
2024-10-19 03:00:00+00:00,2.0,97.53054,0.0,7.0,0.107
2024-10-19 04:00:00+00:00,1.5,99.28594,0.0,6.55,0.107
2024-10-19 05:00:00+00:00,2.95,94.81383,0.0,6.5,0.107
2024-10-19 06:00:00+00:00,5.15,77.56679,0.0,7.6,0.107
2024-10-19 07:00:00+00:00,7.0,65.3903,0.0,9.3,0.107
2024-10-19 08:00:00+00:00,8.8,53.238785,0.0,11.2,0.107
2024-10-19 09:00:00+00:00,9.85,46.119064,0.0,12.9,0.107
2024-10-19 10:00:00+00:00,10.5,41.02808,0.0,14.15,0.108
2024-10-19 11:00:00+00:00,10.9,39.803337,0.0,14.85,0.108
2024-10-19 12:00:00+00:00,11.5,36.049286,0.0,15.5,0.108
2024-10-19 13:00:00+00:00,11.25,36.243816,0.0,15.7,0.108
2024-10-19 14:00:00+00:00,11.25,34.786095,0.0,15.3,0.108
2024-10-19 15:00:00+00:00,10.3,35.423912,0.0,14.35,0.108
2024-10-19 16:00:00+00:00,7.95,41.18927,0.0,12.9,0.108
2024-10-19 17:00:00+00:00,7.45,45.08297,0.0,11.8,0.108
2024-10-19 18:00:00+00:00,6.85,51.549988,0.0,10.95,0.108
2024-10-19 19:00:00+00:00,6.0,56.088036,0.0,10.15,0.108
2024-10-19 20:00:00+00:00,4.8,62.3219,0.0,9.35,0.108
2024-10-19 21:00:00+00:00,4.05,65.67869,0.0,8.6,0.108
2024-10-19 22:00:00+00:00,3.3,68.73042,0.0,7.9,0.108
2024-10-19 23:00:00+00:00,3.0,69.94508,0.0,7.35,0.108
2024-10-20 00:00:00+00:00,2.55,71.68192,0.0,6.85,0.108
2024-10-20 01:00:00+00:00,2.05,75.65941,0.0,6.45,0.107
2024-10-20 02:00:00+00:00,1.5,79.56584,0.0,6.0,0.107
2024-10-20 03:00:00+00:00,2.9,72.27988,0.0,5.5,0.107
2024-10-20 04:00:00+00:00,3.0,73.36775,0.0,5.1,0.107
2024-10-20 05:00:00+00:00,3.25,74.22375,0.0,5.2,0.107
2024-10-20 06:00:00+00:00,6.0,63.759705,0.0,6.6,0.107
2024-10-20 07:00:00+00:00,7.8,56.56153,0.0,8.65,0.107
2024-10-20 08:00:00+00:00,9.4,49.84408,0.0,10.9,0.107
2024-10-20 09:00:00+00:00,10.9,44.599968,0.0,13.2,0.107
2024-10-20 10:00:00+00:00,12.15,40.320206,0.0,15.2,0.107
2024-10-20 11:00:00+00:00,12.9,37.004654,0.0,16.55,0.107
2024-10-20 12:00:00+00:00,12.95,36.07967,0.0,17.1,0.107
2024-10-20 13:00:00+00:00,12.4,36.585762,0.0,16.9,0.109
2024-10-20 14:00:00+00:00,11.8,38.624268,0.0,16.2,0.109
2024-10-20 15:00:00+00:00,10.0,43.53002,0.0,14.9,0.109
2024-10-20 16:00:00+00:00,9.0,46.38305,0.0,13.3,0.109
2024-10-20 17:00:00+00:00,8.75,51.13524,0.0,12.25,0.109
2024-10-20 18:00:00+00:00,7.7,60.346764,0.0,11.35,0.109
2024-10-20 19:00:00+00:00,6.6,64.83025,0.0,10.5,0.109
2024-10-20 20:00:00+00:00,5.9,67.545006,0.0,9.75,0.109
2024-10-20 21:00:00+00:00,5.2,73.24396,0.0,9.1,0.109
2024-10-20 22:00:00+00:00,4.7,77.21663,0.0,8.5,0.109
2024-10-20 23:00:00+00:00,4.55,78.592545,0.0,8.0,0.109
2024-10-21 00:00:00+00:00,4.15,80.823944,0.0,7.55,0.109
2024-10-21 01:00:00+00:00,4.05,84.66551,0.0,7.6,0.107
2024-10-21 02:00:00+00:00,3.0,90.51698,0.0,7.05,0.107
2024-10-21 03:00:00+00:00,3.65,86.76835,0.0,6.55,0.107
2024-10-21 04:00:00+00:00,4.4,85.00805,0.0,6.05,0.107
2024-10-21 05:00:00+00:00,4.15,87.43889,0.0,6.05,0.107
2024-10-21 06:00:00+00:00,6.65,74.564255,0.0,7.25,0.107
2024-10-21 07:00:00+00:00,8.6,62.10475,0.0,9.1,0.107
2024-10-21 08:00:00+00:00,9.9,53.922855,0.0,10.85,0.107
2024-10-21 09:00:00+00:00,10.4,50.30513,0.0,12.05,0.107
2024-10-21 10:00:00+00:00,11.2,45.671917,0.0,13.2,0.107
2024-10-21 11:00:00+00:00,12.35,39.793655,0.0,14.45,0.107
2024-10-21 12:00:00+00:00,13.15,36.943054,0.0,15.3,0.107
2024-10-21 13:00:00+00:00,12.65,40.76293,0.0,15.15,0.107
2024-10-21 14:00:00+00:00,12.35,42.028793,0.0,14.7,0.107
2024-10-21 15:00:00+00:00,11.4,45.07104,0.0,14.0,0.107
2024-10-21 16:00:00+00:00,9.2,52.579697,0.0,12.8,0.107
2024-10-21 17:00:00+00:00,8.8,56.41342,0.0,11.9,0.107
2024-10-21 18:00:00+00:00,7.85,65.58079,0.0,11.15,0.107
2024-10-21 19:00:00+00:00,6.8,73.01705,0.0,10.4,0.107
2024-10-21 20:00:00+00:00,6.1,77.71802,0.0,9.7,0.107
2024-10-21 21:00:00+00:00,5.4,81.86592,0.0,9.0,0.107
2024-10-21 22:00:00+00:00,5.55,81.018616,0.0,8.55,0.107
2024-10-21 23:00:00+00:00,5.65,80.74535,0.0,8.25,0.107
2024-10-22 00:00:00+00:00,5.75,81.0462,0.0,7.95,0.107
2024-10-22 01:00:00+00:00,6.45,83.75307,0.0,8.8,0.118
2024-10-22 02:00:00+00:00,7.0,79.80314,0.0,8.75,0.118
2024-10-22 03:00:00+00:00,7.5,76.04276,0.0,8.9,0.118
2024-10-22 04:00:00+00:00,7.6,74.99541,0.0,9.0,0.118
2024-10-22 05:00:00+00:00,7.65,74.740204,0.0,9.1,0.118
2024-10-22 06:00:00+00:00,9.0,68.20339,0.0,9.8,0.118
2024-10-22 07:00:00+00:00,10.1,63.124893,0.0,10.95,0.118
2024-10-22 08:00:00+00:00,11.6,53.609337,0.2,12.2,0.119
2024-10-22 09:00:00+00:00,12.5,48.067184,0.0,13.35,0.119
2024-10-22 10:00:00+00:00,13.7,41.36771,0.0,14.8,0.119
2024-10-22 11:00:00+00:00,14.35,36.493107,0.0,16.1,0.119
2024-10-22 12:00:00+00:00,14.8,34.682407,0.0,17.0,0.119
2024-10-22 13:00:00+00:00,14.75,33.423656,0.0,17.3,0.118
2024-10-22 14:00:00+00:00,14.15,34.744762,0.0,16.8,0.118
2024-10-22 15:00:00+00:00,10.65,44.04151,0.0,15.4,0.118
2024-10-22 16:00:00+00:00,9.2,48.000565,0.0,13.8,0.118
2024-10-22 17:00:00+00:00,8.5,50.323475,0.0,12.5,0.118
2024-10-22 18:00:00+00:00,8.55,52.020977,0.0,11.55,0.118
2024-10-22 19:00:00+00:00,8.15,56.447853,0.0,10.9,0.118
2024-10-22 20:00:00+00:00,7.7,57.991447,0.0,10.35,0.118
2024-10-22 21:00:00+00:00,7.25,59.8003,0.0,9.85,0.118
2024-10-22 22:00:00+00:00,6.0,65.40114,0.0,9.35,0.118
2024-10-22 23:00:00+00:00,4.65,71.828964,0.0,8.7,0.118
2024-10-23 00:00:00+00:00,3.9,75.70264,0.0,8.1,0.118
2024-10-23 01:00:00+00:00,3.8,71.14195,0.0,7.85,0.108
2024-10-23 02:00:00+00:00,3.8,70.623665,0.0,7.3,0.108
2024-10-23 03:00:00+00:00,3.3,73.42358,0.0,6.8,0.108
2024-10-23 04:00:00+00:00,2.6,77.43613,0.0,6.35,0.108
2024-10-23 05:00:00+00:00,3.65,71.896614,0.0,6.3,0.108
2024-10-23 06:00:00+00:00,7.55,54.471252,0.0,7.5,0.108
2024-10-23 07:00:00+00:00,9.8,46.273808,0.0,9.6,0.108
2024-10-23 08:00:00+00:00,11.4,41.90316,0.0,11.95,0.108
2024-10-23 09:00:00+00:00,12.95,37.84219,0.0,14.35,0.108
2024-10-23 10:00:00+00:00,14.2,34.37964,0.0,16.5,0.108
2024-10-23 11:00:00+00:00,15.3,31.214046,0.0,18.05,0.108
2024-10-23 12:00:00+00:00,15.9,29.381517,0.0,18.9,0.108
2024-10-23 13:00:00+00:00,15.2,31.997202,0.0,18.8,0.116
2024-10-23 14:00:00+00:00,14.6,32.65241,0.0,18.05,0.116
2024-10-23 15:00:00+00:00,11.3,40.962627,0.0,16.4,0.116
2024-10-23 16:00:00+00:00,10.15,44.381706,0.0,14.6,0.116
2024-10-23 17:00:00+00:00,9.5,46.527412,0.0,13.15,0.116
2024-10-23 18:00:00+00:00,9.5,46.698357,0.0,11.9,0.116
2024-10-23 19:00:00+00:00,8.0,51.869198,0.0,10.85,0.116
2024-10-23 20:00:00+00:00,7.0,55.73631,0.0,10.0,0.116
2024-10-23 21:00:00+00:00,6.5,57.682747,0.0,9.25,0.116
2024-10-23 22:00:00+00:00,6.7,56.89521,0.0,8.6,0.116
2024-10-23 23:00:00+00:00,6.9,56.119656,0.0,8.05,0.116
2024-10-24 00:00:00+00:00,6.5,57.682747,0.0,7.5,0.116
2024-10-24 01:00:00+00:00,7.0,59.737896,0.0,6.6,0.117
2024-10-24 02:00:00+00:00,6.95,60.161175,0.0,6.3,0.117
2024-10-24 03:00:00+00:00,6.55,61.836155,0.0,6.0,0.117
2024-10-24 04:00:00+00:00,6.25,63.126575,0.0,5.7,0.117
2024-10-24 05:00:00+00:00,6.2,63.344555,0.0,5.8,0.117
2024-10-24 06:00:00+00:00,8.65,54.17313,0.0,7.25,0.117
2024-10-24 07:00:00+00:00,11.0,46.114086,0.0,9.55,0.117
2024-10-24 08:00:00+00:00,12.9,41.583286,0.0,12.05,0.117
2024-10-24 09:00:00+00:00,14.6,38.052467,0.0,14.5,0.117
2024-10-24 10:00:00+00:00,15.9,33.883274,0.0,16.6,0.117
2024-10-24 11:00:00+00:00,16.85,30.201557,0.0,18.15,0.117
2024-10-24 12:00:00+00:00,17.35,26.894726,0.0,19.0,0.117
2024-10-24 13:00:00+00:00,17.05,24.893835,0.0,19.0,0.118
2024-10-24 14:00:00+00:00,16.35,25.73594,0.0,18.35,0.118
2024-10-24 15:00:00+00:00,14.8,29.064066,0.0,16.6,0.118
2024-10-24 16:00:00+00:00,13.5,31.734592,0.0,14.8,0.118
2024-10-24 17:00:00+00:00,10.15,39.875664,0.0,13.3,0.118
2024-10-24 18:00:00+00:00,10.45,40.86203,0.0,12.3,0.118
2024-10-24 19:00:00+00:00,9.65,56.83764,0.0,11.7,0.118
2024-10-24 20:00:00+00:00,8.6,63.449352,0.0,11.1,0.118
2024-10-24 21:00:00+00:00,7.9,64.1997,0.0,10.55,0.118
2024-10-24 22:00:00+00:00,7.0,67.0556,0.0,10.0,0.118
2024-10-24 23:00:00+00:00,6.25,70.09738,0.0,9.5,0.118
2024-10-25 00:00:00+00:00,5.6,72.53201,0.0,9.0,0.118
2024-10-25 01:00:00+00:00,4.9,74.78929,0.0,9.0,0.107
2024-10-25 02:00:00+00:00,4.35,77.15969,0.0,8.4,0.107
2024-10-25 03:00:00+00:00,3.8,80.48432,0.0,7.9,0.107
2024-10-25 04:00:00+00:00,3.15,85.173004,0.0,7.4,0.107
2024-10-25 05:00:00+00:00,3.8,82.241325,0.0,7.25,0.107
2024-10-25 06:00:00+00:00,7.4,64.084595,0.0,8.15,0.107
2024-10-25 07:00:00+00:00,9.55,55.601498,0.0,9.75,0.107
2024-10-25 08:00:00+00:00,10.9,51.91398,0.0,11.5,0.107
2024-10-25 09:00:00+00:00,12.2,47.13014,0.0,13.35,0.107
2024-10-25 10:00:00+00:00,13.3,42.76573,0.0,15.1,0.107
2024-10-25 11:00:00+00:00,13.95,39.974453,0.0,16.4,0.107
2024-10-25 12:00:00+00:00,14.4,38.131413,0.0,17.3,0.107
2024-10-25 13:00:00+00:00,14.3,37.553825,0.0,17.75,0.111
2024-10-25 14:00:00+00:00,13.8,38.370747,0.0,17.15,0.111
2024-10-25 15:00:00+00:00,10.75,47.227966,0.0,15.55,0.111
2024-10-25 16:00:00+00:00,9.2,51.634068,0.0,13.95,0.111
2024-10-25 17:00:00+00:00,8.1,55.419403,0.0,12.6,0.111
2024-10-25 18:00:00+00:00,7.35,58.324352,0.0,11.45,0.111
2024-10-25 19:00:00+00:00,6.9,60.14876,0.0,10.45,0.111
2024-10-25 20:00:00+00:00,6.95,59.942936,0.0,9.65,0.111
2024-10-25 21:00:00+00:00,6.35,62.693127,0.0,8.9,0.111
2024-10-25 22:00:00+00:00,5.85,65.13032,0.0,8.25,0.111
2024-10-25 23:00:00+00:00,4.8,69.80269,0.0,7.7,0.111
2024-10-26 00:00:00+00:00,4.85,69.55978,0.0,7.35,0.111
2024-10-26 01:00:00+00:00,4.3,77.99032,0.0,7.0,0.11
2024-10-26 02:00:00+00:00,3.75,83.7253,0.0,6.7,0.11
2024-10-26 03:00:00+00:00,3.4,88.31032,0.0,6.45,0.11
2024-10-26 04:00:00+00:00,2.9,92.14339,0.0,6.25,0.11
2024-10-26 05:00:00+00:00,3.6,88.96108,0.0,6.2,0.11
2024-10-26 06:00:00+00:00,7.8,67.46846,0.0,7.4,0.11
2024-10-26 07:00:00+00:00,10.4,55.82425,0.0,9.55,0.11
2024-10-26 08:00:00+00:00,12.25,48.34149,0.0,12.0,0.11
2024-10-26 09:00:00+00:00,13.75,42.58968,0.0,14.35,0.11
2024-10-26 10:00:00+00:00,14.9,38.14053,0.0,16.4,0.11
2024-10-26 11:00:00+00:00,15.75,34.458603,0.0,17.95,0.11
2024-10-26 12:00:00+00:00,16.25,31.952711,0.0,18.8,0.11
2024-10-26 13:00:00+00:00,16.15,29.780071,0.0,18.8,0.116
2024-10-26 14:00:00+00:00,15.55,28.637693,0.0,18.05,0.116
2024-10-26 15:00:00+00:00,12.2,35.199024,0.0,16.3,0.116
2024-10-26 16:00:00+00:00,9.9,39.359055,0.0,14.5,0.116
2024-10-26 17:00:00+00:00,9.1,40.46087,0.0,13.05,0.116
2024-10-26 18:00:00+00:00,8.25,42.37599,0.0,11.85,0.116
2024-10-26 19:00:00+00:00,7.45,44.5798,0.0,10.85,0.116
2024-10-26 20:00:00+00:00,7.1,46.52115,0.0,10.05,0.116
2024-10-26 21:00:00+00:00,6.7,49.63098,0.0,9.45,0.116
2024-10-26 22:00:00+00:00,6.2,55.31921,0.0,8.9,0.116
2024-10-26 23:00:00+00:00,5.75,60.081913,0.0,8.4,0.116
2024-10-27 00:00:00+00:00,4.8,65.60733,0.0,7.9,0.116
2024-10-27 01:00:00+00:00,4.35,67.45538,0.0,7.3,0.112
2024-10-27 02:00:00+00:00,4.0,69.13064,0.0,6.9,0.112
2024-10-27 03:00:00+00:00,3.35,72.36636,0.0,6.5,0.112
2024-10-27 04:00:00+00:00,2.7,75.771866,0.0,6.2,0.112
2024-10-27 05:00:00+00:00,3.35,72.63169,0.0,6.1,0.112
2024-10-27 06:00:00+00:00,7.9,53.971115,0.0,7.25,0.112
2024-10-27 07:00:00+00:00,11.35,43.60556,0.0,9.5,0.112
2024-10-27 08:00:00+00:00,13.35,39.22458,0.0,12.05,0.112
2024-10-27 09:00:00+00:00,14.75,35.048843,0.0,14.5,0.112
2024-10-27 10:00:00+00:00,15.7,32.497105,0.0,16.6,0.112
2024-10-27 11:00:00+00:00,16.5,30.432611,0.0,18.15,0.112
2024-10-27 12:00:00+00:00,16.9,29.345736,0.0,19.05,0.112
2024-10-27 13:00:00+00:00,16.2,30.345865,0.0,18.95,0.118
2024-10-27 14:00:00+00:00,15.6,31.301374,0.0,18.2,0.118
2024-10-27 15:00:00+00:00,12.35,38.64523,0.0,16.35,0.118
2024-10-27 16:00:00+00:00,10.45,43.183674,0.0,14.55,0.118
2024-10-27 17:00:00+00:00,9.3,45.62296,0.0,13.1,0.118
2024-10-27 18:00:00+00:00,8.5,47.44924,0.0,11.9,0.118
2024-10-27 19:00:00+00:00,8.0,48.905487,0.0,10.9,0.118
2024-10-27 20:00:00+00:00,7.1,51.810513,0.0,10.05,0.118
2024-10-27 21:00:00+00:00,8.9,45.844006,0.0,9.25,0.118
2024-10-27 22:00:00+00:00,10.05,42.435627,0.0,8.55,0.118
2024-10-27 23:00:00+00:00,9.8,43.151768,0.0,7.9,0.118
2024-10-28 00:00:00+00:00,9.4,44.48974,0.0,7.35,0.118
2024-10-28 01:00:00+00:00,8.45,52.183582,0.0,5.05,0.125
2024-10-28 02:00:00+00:00,8.25,53.089195,0.0,4.95,0.125
2024-10-28 03:00:00+00:00,7.7,55.111847,0.0,4.8,0.125
2024-10-28 04:00:00+00:00,7.05,57.614048,0.0,4.65,0.125
2024-10-28 05:00:00+00:00,6.75,58.81151,0.0,4.75,0.125
2024-10-28 06:00:00+00:00,8.5,53.15727,0.0,6.3,0.125
2024-10-28 07:00:00+00:00,11.2,44.362934,0.0,8.65,0.125
2024-10-28 08:00:00+00:00,13.05,38.429184,0.0,11.2,0.125
2024-10-28 09:00:00+00:00,14.65,34.512077,0.0,13.65,0.125
2024-10-28 10:00:00+00:00,15.85,31.259487,0.0,15.7,0.124
2024-10-28 11:00:00+00:00,16.7,28.336222,0.0,17.25,0.124
2024-10-28 12:00:00+00:00,17.2,25.782494,0.0,18.2,0.124
2024-10-28 13:00:00+00:00,17.0,24.5117,0.0,18.35,0.129
2024-10-28 14:00:00+00:00,16.0,25.256887,0.0,17.65,0.129
2024-10-28 15:00:00+00:00,11.15,35.67777,0.0,15.8,0.129
2024-10-28 16:00:00+00:00,12.4,32.005116,0.0,14.0,0.129
2024-10-28 17:00:00+00:00,13.1,29.667965,0.0,12.55,0.129
2024-10-28 18:00:00+00:00,12.0,31.648226,0.0,11.35,0.129
2024-10-28 19:00:00+00:00,12.0,31.411072,0.0,10.35,0.129
2024-10-28 20:00:00+00:00,9.45,37.078007,0.0,9.5,0.129
2024-10-28 21:00:00+00:00,7.65,41.72387,0.0,8.8,0.129
2024-10-28 22:00:00+00:00,6.05,46.916004,0.0,8.15,0.129
2024-10-28 23:00:00+00:00,5.2,49.761566,0.0,7.65,0.129
2024-10-29 00:00:00+00:00,5.05,50.09458,0.0,7.15,0.129
2024-10-29 01:00:00+00:00,4.55,54.466236,0.0,6.25,0.126
2024-10-29 02:00:00+00:00,4.05,57.257156,0.0,6.05,0.126
2024-10-29 03:00:00+00:00,4.6,56.552704,0.0,5.75,0.126
2024-10-29 04:00:00+00:00,5.2,55.875523,0.0,5.5,0.126
2024-10-29 05:00:00+00:00,5.3,58.225903,0.0,5.5,0.126
2024-10-29 06:00:00+00:00,8.85,46.510838,0.0,6.85,0.126
2024-10-29 07:00:00+00:00,11.65,39.878754,0.0,9.15,0.126
2024-10-29 08:00:00+00:00,13.8,34.135956,0.0,11.75,0.126
2024-10-29 09:00:00+00:00,15.65,28.560493,0.0,14.15,0.126
2024-10-29 10:00:00+00:00,17.05,23.982128,0.0,16.25,0.126
2024-10-29 11:00:00+00:00,17.9,21.811495,0.0,17.85,0.126
2024-10-29 12:00:00+00:00,18.3,22.248447,0.0,18.7,0.126
2024-10-29 13:00:00+00:00,18.25,20.548891,0.0,18.8,0.129
2024-10-29 14:00:00+00:00,17.3,22.314426,0.0,18.1,0.129
2024-10-29 15:00:00+00:00,15.85,25.214958,0.0,16.3,0.129
2024-10-29 16:00:00+00:00,11.45,35.237984,0.0,14.6,0.129
2024-10-29 17:00:00+00:00,12.25,34.95359,0.0,13.5,0.129
2024-10-29 18:00:00+00:00,11.95,38.385273,0.0,12.8,0.129
2024-10-29 19:00:00+00:00,11.2,48.04522,0.0,12.25,0.129
2024-10-29 20:00:00+00:00,10.35,55.41396,0.0,11.75,0.129
2024-10-29 21:00:00+00:00,9.6,60.81193,0.0,11.25,0.129
2024-10-29 22:00:00+00:00,8.9,65.81417,0.0,10.8,0.129
2024-10-29 23:00:00+00:00,8.2,71.23826,0.0,10.3,0.129
2024-10-30 00:00:00+00:00,7.55,76.58834,0.0,9.85,0.129
2024-10-30 01:00:00+00:00,7.25,80.683846,0.0,10.3,0.113
2024-10-30 02:00:00+00:00,6.45,85.83477,0.0,9.7,0.113
2024-10-30 03:00:00+00:00,5.75,90.08305,0.0,9.1,0.113
2024-10-30 04:00:00+00:00,5.15,92.279884,0.0,8.6,0.113
2024-10-30 05:00:00+00:00,5.7,88.51334,0.0,8.3,0.113
2024-10-30 06:00:00+00:00,8.65,72.33504,0.0,9.1,0.113
2024-10-30 07:00:00+00:00,10.8,62.624527,0.0,10.75,0.113
2024-10-30 08:00:00+00:00,12.6,53.875782,0.0,12.75,0.113
2024-10-30 09:00:00+00:00,13.95,47.121464,0.0,14.8,0.113
2024-10-30 10:00:00+00:00,15.05,42.209003,0.0,16.65,0.113
2024-10-30 11:00:00+00:00,16.1,37.675247,0.0,18.05,0.113
2024-10-30 12:00:00+00:00,16.2,37.1688,0.0,18.7,0.113
2024-10-30 13:00:00+00:00,15.05,37.367744,0.0,18.55,0.115
2024-10-30 14:00:00+00:00,14.8,37.42939,0.0,17.75,0.115
2024-10-30 15:00:00+00:00,12.1,45.10986,0.0,16.3,0.115
2024-10-30 16:00:00+00:00,11.05,48.52548,0.0,14.75,0.115
2024-10-30 17:00:00+00:00,10.7,50.570343,0.0,13.7,0.115
2024-10-30 18:00:00+00:00,9.8,55.26918,0.0,12.75,0.115
2024-10-30 19:00:00+00:00,8.75,58.259224,0.0,11.85,0.115
2024-10-30 20:00:00+00:00,7.6,61.64276,0.0,11.0,0.115
2024-10-30 21:00:00+00:00,6.8,65.58112,0.0,10.25,0.115
2024-10-30 22:00:00+00:00,6.4,67.40923,0.0,9.6,0.115
2024-10-30 23:00:00+00:00,6.1,68.323456,0.0,9.05,0.115
2024-10-31 00:00:00+00:00,5.5,70.96267,0.0,8.65,0.115
2024-10-31 01:00:00+00:00,6.2,72.64516,0.0,10.0,0.11
2024-10-31 02:00:00+00:00,5.9,74.96516,0.0,9.4,0.11
2024-10-31 03:00:00+00:00,5.8,77.67042,0.0,8.9,0.11
2024-10-31 04:00:00+00:00,5.55,81.8858,0.0,8.55,0.11
2024-10-31 05:00:00+00:00,6.05,81.95184,0.0,8.35,0.11
2024-10-31 06:00:00+00:00,8.75,71.5959,0.0,9.15,0.11
2024-10-31 07:00:00+00:00,10.85,65.78144,0.0,10.75,0.11
2024-10-31 08:00:00+00:00,12.5,57.767982,0.0,12.7,0.11
2024-10-31 09:00:00+00:00,14.15,49.04513,0.0,14.65,0.111
2024-10-31 10:00:00+00:00,14.8,44.444294,0.0,16.0,0.111
2024-10-31 11:00:00+00:00,15.2,41.066124,0.0,17.0,0.111
2024-10-31 12:00:00+00:00,15.25,40.498672,0.0,17.4,0.111
2024-10-31 13:00:00+00:00,15.2,36.610546,0.0,17.4,0.113
2024-10-31 14:00:00+00:00,14.4,37.58325,0.0,16.8,0.113
2024-10-31 15:00:00+00:00,11.6,44.478992,0.0,15.45,0.113
2024-10-31 16:00:00+00:00,11.0,45.283722,0.0,14.1,0.113
2024-10-31 17:00:00+00:00,10.25,47.775513,0.0,13.1,0.113
2024-10-31 18:00:00+00:00,9.35,53.387806,0.0,12.25,0.113
2024-10-31 19:00:00+00:00,8.05,60.432987,0.0,11.35,0.113
2024-10-31 20:00:00+00:00,7.4,62.715492,0.0,10.55,0.113
2024-10-31 21:00:00+00:00,6.65,65.076164,0.0,9.95,0.113
2024-10-31 22:00:00+00:00,5.75,69.49312,0.0,9.35,0.113
2024-10-31 23:00:00+00:00,5.2,72.717964,0.0,8.75,0.113
2024-11-01 00:00:00+00:00,4.9,75.059135,0.0,8.35,0.113
2024-11-01 01:00:00+00:00,4.85,80.345474,0.0,8.15,0.106
2024-11-01 02:00:00+00:00,4.65,82.64664,0.0,7.8,0.106
2024-11-01 03:00:00+00:00,4.15,86.201675,0.0,7.45,0.106
2024-11-01 04:00:00+00:00,3.45,90.54999,0.0,7.05,0.106
2024-11-01 05:00:00+00:00,3.75,89.29139,0.0,6.85,0.106
2024-11-01 06:00:00+00:00,7.4,71.58891,0.0,7.75,0.106
2024-11-01 07:00:00+00:00,10.5,59.749443,0.0,9.6,0.106
2024-11-01 08:00:00+00:00,12.4,52.880203,0.0,11.85,0.106
2024-11-01 09:00:00+00:00,14.1,46.171913,0.0,14.15,0.106
2024-11-01 10:00:00+00:00,15.45,40.412563,0.0,16.25,0.106
2024-11-01 11:00:00+00:00,16.3,36.800724,0.0,17.9,0.106
2024-11-01 12:00:00+00:00,16.8,34.516594,0.0,18.9,0.106
2024-11-01 13:00:00+00:00,16.05,36.334057,0.0,18.95,0.107
2024-11-01 14:00:00+00:00,15.25,38.38075,0.0,18.1,0.107
2024-11-01 15:00:00+00:00,11.05,51.954945,0.0,16.25,0.107
2024-11-01 16:00:00+00:00,9.75,56.457764,0.0,14.55,0.107
2024-11-01 17:00:00+00:00,9.0,58.11367,0.0,13.1,0.107
2024-11-01 18:00:00+00:00,8.3,59.630432,0.0,11.9,0.107
2024-11-01 19:00:00+00:00,7.6,61.420883,0.0,10.9,0.107
2024-11-01 20:00:00+00:00,7.15,63.338253,0.0,10.1,0.107
2024-11-01 21:00:00+00:00,6.2,67.85376,0.0,9.45,0.107
2024-11-01 22:00:00+00:00,5.5,71.73416,0.0,8.8,0.107
2024-11-01 23:00:00+00:00,4.75,76.39621,0.0,8.2,0.107
2024-11-02 00:00:00+00:00,4.05,80.80993,0.0,7.6,0.107
2024-11-02 01:00:00+00:00,3.85,84.946205,0.0,6.5,0.107
2024-11-02 02:00:00+00:00,3.7,86.154755,0.0,6.3,0.107
2024-11-02 03:00:00+00:00,3.45,87.3719,0.0,6.15,0.107
2024-11-02 04:00:00+00:00,3.3,87.98574,0.0,5.95,0.107
2024-11-02 05:00:00+00:00,4.05,83.163734,0.0,6.0,0.107
2024-11-02 06:00:00+00:00,7.8,64.86986,0.0,7.05,0.107
2024-11-02 07:00:00+00:00,11.4,51.679913,0.0,9.25,0.107
2024-11-02 08:00:00+00:00,13.7,44.444904,0.0,11.8,0.107
2024-11-02 09:00:00+00:00,15.3,39.512367,0.0,14.2,0.108
2024-11-02 10:00:00+00:00,16.5,35.81802,0.0,16.2,0.108
2024-11-02 11:00:00+00:00,17.6,32.695732,0.0,17.7,0.108
2024-11-02 12:00:00+00:00,18.0,31.882616,0.0,18.45,0.108
2024-11-02 13:00:00+00:00,17.6,32.695732,0.0,18.4,0.103
2024-11-02 14:00:00+00:00,16.65,34.846836,0.0,17.8,0.103
2024-11-02 15:00:00+00:00,13.25,43.37088,0.0,16.15,0.103
2024-11-02 16:00:00+00:00,11.25,49.109386,0.0,14.55,0.103
2024-11-02 17:00:00+00:00,10.9,49.902412,0.0,13.3,0.103
2024-11-02 18:00:00+00:00,9.3,55.53572,0.0,12.2,0.103
2024-11-02 19:00:00+00:00,8.95,56.8607,0.0,11.2,0.103
2024-11-02 20:00:00+00:00,8.65,57.81595,0.0,10.35,0.103
2024-11-02 21:00:00+00:00,11.65,46.804577,0.0,9.65,0.103
2024-11-02 22:00:00+00:00,10.85,49.174206,0.0,8.95,0.103
2024-11-02 23:00:00+00:00,10.55,49.984848,0.0,8.4,0.103
2024-11-03 00:00:00+00:00,10.15,51.336716,0.0,7.85,0.103
2024-11-03 01:00:00+00:00,9.65,52.70239,0.0,6.15,0.108
2024-11-03 02:00:00+00:00,5.1,71.91597,0.0,5.95,0.108
2024-11-03 03:00:00+00:00,4.8,73.169655,0.0,5.75,0.108
2024-11-03 04:00:00+00:00,4.85,72.91502,0.0,5.6,0.108
2024-11-03 05:00:00+00:00,6.0,67.32284,0.0,5.75,0.108
2024-11-03 06:00:00+00:00,9.3,54.34733,0.0,7.0,0.108
2024-11-03 07:00:00+00:00,11.45,49.697777,0.0,9.0,0.108
2024-11-03 08:00:00+00:00,12.85,47.653282,0.0,11.2,0.108
2024-11-03 09:00:00+00:00,13.85,46.76036,0.0,13.1,0.108
2024-11-03 10:00:00+00:00,14.75,45.384014,0.0,14.6,0.108
2024-11-03 11:00:00+00:00,14.5,46.121994,0.0,15.4,0.108
2024-11-03 12:00:00+00:00,14.2,45.71143,0.0,15.5,0.108
2024-11-03 13:00:00+00:00,13.05,45.54569,0.0,15.25,0.109
2024-11-03 14:00:00+00:00,12.45,44.084187,0.0,14.6,0.109
2024-11-03 15:00:00+00:00,10.95,49.20227,0.0,13.75,0.109
2024-11-03 16:00:00+00:00,8.75,57.426468,0.0,12.6,0.109
2024-11-03 17:00:00+00:00,7.35,62.252983,0.0,11.55,0.109
2024-11-03 18:00:00+00:00,6.15,67.11253,0.0,10.5,0.109
2024-11-03 19:00:00+00:00,5.25,68.88897,0.0,9.6,0.109
2024-11-03 20:00:00+00:00,4.4,70.486885,0.0,8.8,0.109
2024-11-03 21:00:00+00:00,3.7,71.382675,0.0,8.1,0.109
2024-11-03 22:00:00+00:00,3.05,71.77979,0.0,7.45,0.109
2024-11-03 23:00:00+00:00,2.65,71.96617,0.0,6.9,0.109
2024-11-04 00:00:00+00:00,2.15,73.2087,0.0,6.35,0.109
2024-11-04 01:00:00+00:00,2.0,74.2694,0.0,5.8,0.097
2024-11-04 02:00:00+00:00,1.65,75.58983,0.0,5.4,0.097
2024-11-04 03:00:00+00:00,1.15,78.348526,0.0,4.95,0.097
2024-11-04 04:00:00+00:00,0.6,81.21287,0.0,4.55,0.097
2024-11-04 05:00:00+00:00,1.3,77.50931,0.0,4.35,0.097
2024-11-04 06:00:00+00:00,3.85,64.91111,0.0,5.25,0.097
2024-11-04 07:00:00+00:00,5.6,61.83178,0.0,6.85,0.097
2024-11-04 08:00:00+00:00,7.15,57.639854,0.0,9.0,0.097
2024-11-04 09:00:00+00:00,8.5,52.579445,0.0,11.15,0.097
2024-11-04 10:00:00+00:00,9.6,47.24321,0.0,12.95,0.097
2024-11-04 11:00:00+00:00,10.45,44.14462,0.0,14.2,0.097
2024-11-04 12:00:00+00:00,10.65,43.08399,0.0,14.8,0.097
2024-11-04 13:00:00+00:00,9.95,42.878418,0.0,14.65,0.101
2024-11-04 14:00:00+00:00,9.1,43.105286,0.0,13.7,0.101
2024-11-04 15:00:00+00:00,6.4,51.80764,0.0,12.15,0.101
2024-11-04 16:00:00+00:00,7.45,47.32217,0.0,10.55,0.101
2024-11-04 17:00:00+00:00,7.1,47.930096,0.0,9.2,0.101
2024-11-04 18:00:00+00:00,6.85,48.216385,0.0,8.1,0.101
2024-11-04 19:00:00+00:00,4.15,58.79827,0.0,7.2,0.101
2024-11-04 20:00:00+00:00,3.85,60.049507,0.0,6.4,0.101
2024-11-04 21:00:00+00:00,3.15,62.61793,0.0,5.75,0.101
2024-11-04 22:00:00+00:00,2.6,65.10557,0.0,5.2,0.101
2024-11-04 23:00:00+00:00,2.05,67.95658,0.0,4.7,0.101
2024-11-05 00:00:00+00:00,1.5,71.7412,0.0,4.35,0.101
2024-11-05 01:00:00+00:00,1.7,75.87804,0.0,4.45,0.103
2024-11-05 02:00:00+00:00,1.35,80.13076,0.0,4.15,0.103
2024-11-05 03:00:00+00:00,0.85,84.60221,0.0,3.85,0.103
2024-11-05 04:00:00+00:00,0.3,86.744514,0.0,3.55,0.103
2024-11-05 05:00:00+00:00,1.15,80.99096,0.0,3.4,0.103
2024-11-05 06:00:00+00:00,4.1,65.932045,0.0,4.35,0.103
2024-11-05 07:00:00+00:00,6.05,55.894714,0.0,6.2,0.103
2024-11-05 08:00:00+00:00,7.7,50.469368,0.0,8.35,0.103
2024-11-05 09:00:00+00:00,9.0,45.873028,0.0,10.3,0.103
2024-11-05 10:00:00+00:00,9.7,42.48934,0.0,11.8,0.104
2024-11-05 11:00:00+00:00,10.25,38.88067,0.0,12.85,0.104
2024-11-05 12:00:00+00:00,10.4,37.924156,0.0,13.4,0.104
2024-11-05 13:00:00+00:00,9.95,39.081608,0.0,13.55,0.101
2024-11-05 14:00:00+00:00,9.15,42.484425,0.0,12.8,0.101
2024-11-05 15:00:00+00:00,6.6,51.86328,0.0,11.4,0.101
2024-11-05 16:00:00+00:00,5.25,57.998245,0.0,9.95,0.101
2024-11-05 17:00:00+00:00,4.85,60.523247,0.0,8.8,0.101
2024-11-05 18:00:00+00:00,4.65,61.828186,0.0,7.95,0.101
2024-11-05 19:00:00+00:00,4.6,62.73428,0.0,7.3,0.101
2024-11-05 20:00:00+00:00,4.3,65.97699,0.0,6.85,0.101
2024-11-05 21:00:00+00:00,3.8,69.08884,0.0,6.45,0.101
2024-11-05 22:00:00+00:00,3.05,73.37707,0.0,6.0,0.101
2024-11-05 23:00:00+00:00,2.0,79.34946,0.0,5.5,0.101
2024-11-06 00:00:00+00:00,1.15,84.327805,0.0,4.95,0.101
2024-11-06 01:00:00+00:00,0.45,89.01489,0.0,4.5,0.096
2024-11-06 02:00:00+00:00,0.3,88.67641,0.0,4.1,0.096
2024-11-06 03:00:00+00:00,0.15,87.6915,0.0,3.7,0.096
2024-11-06 04:00:00+00:00,-0.1,87.66769,0.0,3.35,0.096
2024-11-06 05:00:00+00:00,0.2,85.151924,0.0,3.2,0.096
2024-11-06 06:00:00+00:00,3.3,68.477684,0.0,3.95,0.096
2024-11-06 07:00:00+00:00,5.5,58.70863,0.0,5.55,0.096
2024-11-06 08:00:00+00:00,7.35,51.309395,0.0,7.5,0.096
2024-11-06 09:00:00+00:00,9.0,44.537212,0.0,9.6,0.096
2024-11-06 10:00:00+00:00,10.15,40.471992,0.0,11.6,0.096
2024-11-06 11:00:00+00:00,10.95,37.94702,0.0,13.1,0.096
2024-11-06 12:00:00+00:00,11.2,37.04669,0.0,13.9,0.096
2024-11-06 13:00:00+00:00,10.95,35.35265,0.0,14.1,0.095
2024-11-06 14:00:00+00:00,10.1,37.13338,0.0,13.3,0.095
2024-11-06 15:00:00+00:00,7.4,44.565075,0.0,11.75,0.095
2024-11-06 16:00:00+00:00,6.55,47.06146,0.0,10.4,0.095
2024-11-06 17:00:00+00:00,6.05,48.71099,0.0,9.3,0.095
2024-11-06 18:00:00+00:00,5.45,50.77622,0.0,8.4,0.095
2024-11-06 19:00:00+00:00,4.2,54.780556,0.0,7.5,0.095
2024-11-06 20:00:00+00:00,3.15,58.1026,0.0,6.65,0.095
2024-11-06 21:00:00+00:00,2.35,61.26302,0.0,5.85,0.095
2024-11-06 22:00:00+00:00,1.75,64.42349,0.0,5.2,0.095
2024-11-06 23:00:00+00:00,0.95,68.48467,0.0,4.65,0.095
2024-11-07 00:00:00+00:00,0.35,70.712234,0.0,4.15,0.095
2024-11-07 01:00:00+00:00,0.05,73.35885,0.0,3.75,0.087
2024-11-07 02:00:00+00:00,-0.2,73.86492,0.0,3.35,0.087
2024-11-07 03:00:00+00:00,-0.5,75.21104,0.0,3.0,0.087
2024-11-07 04:00:00+00:00,-0.95,78.013794,0.0,2.65,0.087
2024-11-07 05:00:00+00:00,-0.7,76.89103,0.0,2.45,0.087
2024-11-07 06:00:00+00:00,2.9,60.25986,0.0,3.25,0.087
2024-11-07 07:00:00+00:00,6.4,46.666275,0.0,5.15,0.087
2024-11-07 08:00:00+00:00,8.45,37.766293,0.0,7.45,0.087
2024-11-07 09:00:00+00:00,10.3,31.986324,0.0,9.65,0.087
2024-11-07 10:00:00+00:00,11.9,27.479748,0.0,11.7,0.087
2024-11-07 11:00:00+00:00,13.15,23.902021,0.0,13.25,0.087
2024-11-07 12:00:00+00:00,13.65,22.261396,0.0,14.2,0.087
2024-11-07 13:00:00+00:00,12.65,22.949438,0.0,14.05,0.093
2024-11-07 14:00:00+00:00,11.7,24.714592,0.0,13.4,0.093
2024-11-07 15:00:00+00:00,8.0,31.788465,0.0,11.8,0.093
2024-11-07 16:00:00+00:00,7.4,33.5014,0.0,10.4,0.093
2024-11-07 17:00:00+00:00,6.0,38.03898,0.0,9.2,0.093
2024-11-07 18:00:00+00:00,5.15,41.28932,0.0,8.15,0.093
2024-11-07 19:00:00+00:00,4.6,43.90211,0.0,7.3,0.093
2024-11-07 20:00:00+00:00,4.05,46.507294,0.0,6.6,0.093
2024-11-07 21:00:00+00:00,3.4,49.81187,0.0,6.05,0.093
2024-11-07 22:00:00+00:00,2.65,53.74094,0.0,5.5,0.093
2024-11-07 23:00:00+00:00,1.9,57.775646,0.0,5.0,0.093
2024-11-08 00:00:00+00:00,1.35,61.24557,0.0,4.5,0.093
2024-11-08 01:00:00+00:00,1.3,69.33356,0.0,4.4,0.084
2024-11-08 02:00:00+00:00,0.75,73.76511,0.0,4.0,0.084
2024-11-08 03:00:00+00:00,0.4,77.36211,0.0,3.6,0.084
2024-11-08 04:00:00+00:00,0.15,79.95424,0.0,3.25,0.084
2024-11-08 05:00:00+00:00,0.4,78.81308,0.0,3.0,0.084
2024-11-08 06:00:00+00:00,3.85,62.554142,0.0,3.8,0.084
2024-11-08 07:00:00+00:00,7.55,50.800545,0.0,5.75,0.084
2024-11-08 08:00:00+00:00,9.4,43.999725,0.0,8.15,0.084
2024-11-08 09:00:00+00:00,10.95,38.08813,0.0,10.5,0.084
2024-11-08 10:00:00+00:00,12.2,33.662823,0.0,12.5,0.084
2024-11-08 11:00:00+00:00,13.15,30.81578,0.0,14.1,0.084
2024-11-08 12:00:00+00:00,13.6,29.702404,0.0,15.0,0.084
2024-11-08 13:00:00+00:00,13.05,29.32076,0.0,14.9,0.082
2024-11-08 14:00:00+00:00,12.05,31.782171,0.0,14.15,0.082
2024-11-08 15:00:00+00:00,8.6,40.01005,0.0,12.35,0.082
2024-11-08 16:00:00+00:00,6.7,45.542118,0.0,10.7,0.082
2024-11-08 17:00:00+00:00,6.25,46.622524,0.0,9.4,0.082
2024-11-08 18:00:00+00:00,5.0,50.839737,0.0,8.3,0.082
2024-11-08 19:00:00+00:00,4.05,54.329975,0.0,7.3,0.082
2024-11-08 20:00:00+00:00,3.45,56.671715,0.0,6.5,0.082
2024-11-08 21:00:00+00:00,2.55,60.171604,0.0,5.75,0.082
2024-11-08 22:00:00+00:00,2.05,62.117123,0.0,5.15,0.082
2024-11-08 23:00:00+00:00,1.5,64.364845,0.0,4.6,0.082
2024-11-09 00:00:00+00:00,1.1,65.74188,0.0,4.15,0.082
2024-11-09 01:00:00+00:00,0.5,67.36372,0.0,3.5,0.067
2024-11-09 02:00:00+00:00,0.0,70.64095,0.0,3.1,0.067
2024-11-09 03:00:00+00:00,-0.55,74.35789,0.0,2.65,0.067
2024-11-09 04:00:00+00:00,-1.05,78.58631,0.0,2.2,0.067
2024-11-09 05:00:00+00:00,-0.2,75.54709,0.0,1.9,0.067
2024-11-09 06:00:00+00:00,3.3,59.910744,0.0,2.8,0.067
2024-11-09 07:00:00+00:00,6.95,48.065704,0.0,4.9,0.067
2024-11-09 08:00:00+00:00,9.3,42.52876,0.0,7.45,0.067
2024-11-09 09:00:00+00:00,10.8,38.61261,0.0,10.05,0.067
2024-11-09 10:00:00+00:00,11.9,34.591076,0.0,12.25,0.067
2024-11-09 11:00:00+00:00,12.75,31.39639,0.0,13.9,0.067
2024-11-09 12:00:00+00:00,13.15,29.460403,0.0,14.85,0.067
2024-11-09 13:00:00+00:00,12.45,30.610384,0.0,14.75,0.068
2024-11-09 14:00:00+00:00,10.95,33.543095,0.0,13.9,0.068
2024-11-09 15:00:00+00:00,8.35,40.693127,0.0,12.4,0.068
2024-11-09 16:00:00+00:00,7.2,44.506157,0.0,10.95,0.068
2024-11-09 17:00:00+00:00,6.25,47.3283,0.0,9.75,0.068
2024-11-09 18:00:00+00:00,5.5,49.10378,0.0,8.65,0.068
2024-11-09 19:00:00+00:00,4.95,50.825603,0.0,7.75,0.068
2024-11-09 20:00:00+00:00,4.4,53.213543,0.0,6.9,0.068
2024-11-09 21:00:00+00:00,3.95,55.332806,0.0,6.2,0.068
2024-11-09 22:00:00+00:00,3.1,59.636223,0.0,5.65,0.068
2024-11-09 23:00:00+00:00,2.2,64.04741,0.0,5.05,0.068
2024-11-10 00:00:00+00:00,1.35,68.31426,0.0,4.55,0.068
2024-11-10 01:00:00+00:00,1.3,66.53354,0.0,4.05,0.057
2024-11-10 02:00:00+00:00,1.3,67.28704,0.0,3.75,0.057
2024-11-10 03:00:00+00:00,0.85,70.285225,0.0,3.45,0.057
2024-11-10 04:00:00+00:00,0.25,73.672005,0.0,3.15,0.057
2024-11-10 05:00:00+00:00,0.2,74.2165,0.0,2.9,0.057
2024-11-10 06:00:00+00:00,3.25,60.573883,0.0,3.55,0.057
2024-11-10 07:00:00+00:00,6.95,47.353973,0.0,5.3,0.057
2024-11-10 08:00:00+00:00,9.45,39.667095,0.0,7.7,0.057
2024-11-10 09:00:00+00:00,11.35,34.815887,0.0,10.2,0.057
2024-11-10 10:00:00+00:00,13.2,30.486479,0.0,12.45,0.058
2024-11-10 11:00:00+00:00,14.6,28.048206,0.0,14.15,0.058
2024-11-10 12:00:00+00:00,15.0,28.058338,0.0,14.95,0.058
2024-11-10 13:00:00+00:00,14.1,33.110493,0.0,14.85,0.063
2024-11-10 14:00:00+00:00,12.4,37.403305,0.0,14.25,0.063
2024-11-10 15:00:00+00:00,10.25,43.283905,0.0,13.0,0.063
2024-11-10 16:00:00+00:00,9.8,45.26693,0.0,11.95,0.063
2024-11-10 17:00:00+00:00,9.6,46.556232,0.0,11.15,0.063
2024-11-10 18:00:00+00:00,9.65,48.65837,0.0,10.6,0.063
2024-11-10 19:00:00+00:00,10.3,52.68922,0.0,10.4,0.064
2024-11-10 20:00:00+00:00,9.35,56.353737,0.0,10.1,0.064
2024-11-10 21:00:00+00:00,8.65,58.233814,0.0,9.75,0.064
2024-11-10 22:00:00+00:00,7.8,65.335625,0.4,9.35,0.067
2024-11-10 23:00:00+00:00,7.1,86.50358,1.8,8.75,0.091
2024-11-11 00:00:00+00:00,7.05,86.19776,2.1,8.3,0.121
2024-11-11 01:00:00+00:00,7.55,90.53014,0.2,9.1,0.093
2024-11-11 02:00:00+00:00,7.1,87.41119,0.1,8.6,0.094
2024-11-11 03:00:00+00:00,6.8,87.99381,0.0,8.2,0.094
2024-11-11 04:00:00+00:00,6.75,88.913246,0.1,8.0,0.095
2024-11-11 05:00:00+00:00,6.8,92.05835,0.1,7.85,0.096
2024-11-11 06:00:00+00:00,7.05,93.3548,0.2,7.9,0.099
2024-11-11 07:00:00+00:00,7.65,91.478096,0.1,8.25,0.1
2024-11-11 08:00:00+00:00,8.45,89.66785,0.0,8.95,0.1
2024-11-11 09:00:00+00:00,10.65,76.0383,0.0,10.7,0.1
2024-11-11 10:00:00+00:00,12.1,67.204384,0.0,12.55,0.1
2024-11-11 11:00:00+00:00,12.3,66.32641,0.0,13.6,0.1
2024-11-11 12:00:00+00:00,12.75,63.51477,0.0,14.3,0.1
2024-11-11 13:00:00+00:00,13.0,60.569096,0.0,15.1,0.112
2024-11-11 14:00:00+00:00,11.65,67.80871,0.0,14.35,0.112
2024-11-11 15:00:00+00:00,9.45,78.78258,0.0,13.15,0.112
2024-11-11 16:00:00+00:00,8.2,85.72119,0.0,11.9,0.112
2024-11-11 17:00:00+00:00,7.6,88.371056,0.0,10.8,0.112
2024-11-11 18:00:00+00:00,7.9,84.803276,0.0,9.9,0.112
2024-11-11 19:00:00+00:00,9.15,79.01064,0.0,9.3,0.112
2024-11-11 20:00:00+00:00,9.0,79.262505,0.0,8.55,0.112
2024-11-11 21:00:00+00:00,8.5,81.419655,0.0,7.9,0.112
2024-11-11 22:00:00+00:00,6.6,87.363846,0.0,7.4,0.112
2024-11-11 23:00:00+00:00,5.8,89.45802,0.0,6.85,0.112
2024-11-12 00:00:00+00:00,4.9,91.61798,0.0,6.4,0.112
2024-11-12 01:00:00+00:00,7.35,84.44686,0.0,6.05,0.109
2024-11-12 02:00:00+00:00,6.8,86.77555,0.0,5.65,0.109
2024-11-12 03:00:00+00:00,6.45,88.57843,0.0,5.3,0.109
2024-11-12 04:00:00+00:00,6.15,90.42841,0.0,4.95,0.109
2024-11-12 05:00:00+00:00,5.8,92.31867,0.0,4.7,0.109
2024-11-12 06:00:00+00:00,6.75,87.98931,0.0,5.65,0.109
2024-11-12 07:00:00+00:00,9.55,75.85522,0.0,7.6,0.109
2024-11-12 08:00:00+00:00,11.6,66.63509,0.0,9.95,0.109
2024-11-12 09:00:00+00:00,13.1,59.966526,0.0,12.25,0.109
2024-11-12 10:00:00+00:00,14.3,53.94798,0.0,14.25,0.109
2024-11-12 11:00:00+00:00,15.05,49.46677,0.0,15.7,0.109
2024-11-12 12:00:00+00:00,15.15,46.96171,0.0,16.45,0.109
2024-11-12 13:00:00+00:00,14.2,54.677113,0.0,14.65,0.14
2024-11-12 14:00:00+00:00,12.6,62.39141,0.0,13.9,0.14
2024-11-12 15:00:00+00:00,9.85,76.69662,0.0,12.3,0.14
2024-11-12 16:00:00+00:00,8.75,81.73537,0.0,10.95,0.14
2024-11-12 17:00:00+00:00,8.15,83.08607,0.0,9.95,0.14
2024-11-12 18:00:00+00:00,7.5,84.7584,0.0,9.2,0.14
2024-11-12 19:00:00+00:00,6.9,86.78543,0.0,8.55,0.14
2024-11-12 20:00:00+00:00,6.6,85.8506,0.0,7.9,0.139
2024-11-12 21:00:00+00:00,5.8,86.98134,0.0,7.25,0.139
2024-11-12 22:00:00+00:00,4.8,89.69342,0.0,6.65,0.139
2024-11-12 23:00:00+00:00,4.4,89.344635,0.0,6.1,0.139
2024-11-13 00:00:00+00:00,4.55,87.47693,0.0,5.5,0.139
2024-11-13 01:00:00+00:00,4.7,85.04164,0.0,4.45,0.139
2024-11-13 02:00:00+00:00,4.15,86.81834,0.0,4.1,0.139
2024-11-13 03:00:00+00:00,3.1,89.23774,0.0,3.8,0.139
2024-11-13 04:00:00+00:00,2.5,90.80577,0.0,3.7,0.139
2024-11-13 05:00:00+00:00,2.5,90.48012,0.0,3.55,0.139
2024-11-13 06:00:00+00:00,4.85,84.75682,0.0,4.3,0.139
2024-11-13 07:00:00+00:00,7.75,73.451324,0.0,5.75,0.139
2024-11-13 08:00:00+00:00,9.85,62.62236,0.0,7.55,0.139
2024-11-13 09:00:00+00:00,11.9,54.0712,0.0,9.7,0.138
2024-11-13 10:00:00+00:00,13.4,47.301315,0.0,11.7,0.138
2024-11-13 11:00:00+00:00,14.2,43.335114,0.0,13.15,0.137
2024-11-13 12:00:00+00:00,14.45,41.885002,0.0,13.95,0.136
2024-11-13 13:00:00+00:00,14.5,43.57656,0.0,14.25,0.146
2024-11-13 14:00:00+00:00,12.55,51.809376,0.0,13.55,0.146
2024-11-13 15:00:00+00:00,10.3,61.19744,0.0,12.0,0.146
2024-11-13 16:00:00+00:00,9.8,62.610607,0.0,10.6,0.146
2024-11-13 17:00:00+00:00,9.35,63.84898,0.0,9.5,0.145
2024-11-13 18:00:00+00:00,9.3,63.611607,0.0,8.7,0.145
2024-11-13 19:00:00+00:00,9.0,64.68023,0.0,8.05,0.145
2024-11-13 20:00:00+00:00,8.1,68.01413,0.0,7.25,0.145
2024-11-13 21:00:00+00:00,7.55,69.611916,0.0,6.6,0.145
2024-11-13 22:00:00+00:00,7.0,71.25733,0.0,6.05,0.145
2024-11-13 23:00:00+00:00,6.75,73.268074,0.0,5.7,0.145
2024-11-14 00:00:00+00:00,7.4,70.83016,0.0,5.8,0.145
2024-11-14 01:00:00+00:00,7.6,66.94591,0.0,7.45,0.136
2024-11-14 02:00:00+00:00,7.0,69.99798,0.0,7.2,0.136
2024-11-14 03:00:00+00:00,6.45,72.69211,0.0,6.8,0.136
2024-11-14 04:00:00+00:00,5.7,76.00955,0.0,6.3,0.136
2024-11-14 05:00:00+00:00,5.15,77.844925,0.0,5.8,0.136
2024-11-14 06:00:00+00:00,7.35,67.85525,0.0,6.4,0.136
2024-11-14 07:00:00+00:00,9.7,60.40534,0.0,7.8,0.135
2024-11-14 08:00:00+00:00,10.9,57.769917,0.0,9.35,0.135
2024-11-14 09:00:00+00:00,11.95,55.43929,0.0,10.9,0.135
2024-11-14 10:00:00+00:00,12.5,55.778164,0.0,12.1,0.134
2024-11-14 11:00:00+00:00,12.9,56.471375,0.0,12.95,0.134
2024-11-14 12:00:00+00:00,13.45,56.41537,0.0,13.65,0.133
2024-11-14 13:00:00+00:00,13.5,58.625954,0.0,14.1,0.138
2024-11-14 14:00:00+00:00,12.55,63.469036,0.0,13.5,0.137
2024-11-14 15:00:00+00:00,10.9,71.508736,0.0,12.4,0.137
2024-11-14 16:00:00+00:00,10.15,75.17265,0.0,11.4,0.137
2024-11-14 17:00:00+00:00,9.65,78.000725,0.0,10.65,0.137
2024-11-14 18:00:00+00:00,8.6,83.141396,0.0,9.9,0.137
2024-11-14 19:00:00+00:00,8.9,80.63222,0.0,9.5,0.137
2024-11-14 20:00:00+00:00,8.65,89.68343,1.9,8.9,0.163
2024-11-14 21:00:00+00:00,8.75,87.26554,0.0,8.7,0.164
2024-11-14 22:00:00+00:00,7.3,90.19962,0.0,8.15,0.163
2024-11-14 23:00:00+00:00,6.85,92.701,0.0,7.75,0.163
2024-11-15 00:00:00+00:00,6.15,91.6985,0.0,7.25,0.163
2024-11-15 01:00:00+00:00,7.55,78.49509,0.0,7.45,0.135
2024-11-15 02:00:00+00:00,6.95,76.219475,0.0,6.75,0.135
2024-11-15 03:00:00+00:00,6.45,76.40661,0.0,6.15,0.135
2024-11-15 04:00:00+00:00,6.15,76.628815,0.0,5.65,0.135
2024-11-15 05:00:00+00:00,5.75,79.05685,0.0,5.25,0.135
2024-11-15 06:00:00+00:00,8.65,69.58873,0.0,6.0,0.135
2024-11-15 07:00:00+00:00,10.8,61.31754,0.0,7.45,0.135
2024-11-15 08:00:00+00:00,11.25,57.046513,0.0,8.8,0.135
2024-11-15 09:00:00+00:00,11.0,63.112034,0.2,9.8,0.136
2024-11-15 10:00:00+00:00,9.6,84.701614,0.8,9.8,0.146
2024-11-15 11:00:00+00:00,9.65,87.947624,1.0,9.85,0.16
2024-11-15 12:00:00+00:00,11.1,73.798546,0.0,10.45,0.16
2024-11-15 13:00:00+00:00,12.35,68.8946,0.0,11.25,0.165
2024-11-15 14:00:00+00:00,10.9,78.99832,0.1,11.1,0.166
2024-11-15 15:00:00+00:00,8.8,87.870995,0.0,10.2,0.166
2024-11-15 16:00:00+00:00,8.8,86.376015,0.0,9.4,0.166
2024-11-15 17:00:00+00:00,8.55,86.05396,0.0,8.7,0.166
2024-11-15 18:00:00+00:00,8.35,86.6286,0.0,8.15,0.166
2024-11-15 19:00:00+00:00,7.7,88.685715,0.0,7.55,0.166
2024-11-15 20:00:00+00:00,7.15,91.44541,0.0,7.1,0.166
2024-11-15 21:00:00+00:00,7.1,92.07666,0.0,6.65,0.166
2024-11-15 22:00:00+00:00,7.1,92.71506,0.0,6.4,0.166
2024-11-15 23:00:00+00:00,6.95,93.02765,0.0,6.15,0.166
2024-11-16 00:00:00+00:00,7.0,93.03035,0.0,6.0,0.166
2024-11-16 01:00:00+00:00,7.7,93.38811,0.6,7.35,0.177
2024-11-16 02:00:00+00:00,7.35,94.99016,0.1,7.1,0.177
2024-11-16 03:00:00+00:00,6.85,96.62163,0.0,6.75,0.178
2024-11-16 04:00:00+00:00,6.3,98.9712,0.0,6.5,0.178
2024-11-16 05:00:00+00:00,6.7,98.29597,0.0,6.5,0.178
2024-11-16 06:00:00+00:00,7.65,95.65526,0.0,7.05,0.178
2024-11-16 07:00:00+00:00,9.4,86.14129,0.0,8.3,0.178
2024-11-16 08:00:00+00:00,11.05,73.78965,0.0,9.75,0.178
2024-11-16 09:00:00+00:00,11.8,68.07461,0.0,10.95,0.178
2024-11-16 10:00:00+00:00,12.35,64.08545,0.2,12.15,0.179
2024-11-16 11:00:00+00:00,12.65,61.330784,0.1,12.85,0.179
2024-11-16 12:00:00+00:00,13.0,58.09583,0.0,13.25,0.178
2024-11-16 13:00:00+00:00,12.3,61.889732,0.0,13.2,0.167
2024-11-16 14:00:00+00:00,11.35,64.08133,0.0,12.55,0.167
2024-11-16 15:00:00+00:00,9.3,73.98929,0.0,11.4,0.167
2024-11-16 16:00:00+00:00,8.6,76.49262,0.0,10.45,0.167
2024-11-16 17:00:00+00:00,7.9,77.72795,0.0,9.6,0.167
2024-11-16 18:00:00+00:00,7.45,79.032585,0.0,8.9,0.166
2024-11-16 19:00:00+00:00,7.2,80.67687,0.0,8.35,0.166
2024-11-16 20:00:00+00:00,7.35,79.853775,0.0,8.0,0.166
2024-11-16 21:00:00+00:00,7.15,79.824875,0.0,7.75,0.166
2024-11-16 22:00:00+00:00,6.8,80.05554,0.0,7.5,0.166
2024-11-16 23:00:00+00:00,6.4,81.42202,0.0,7.25,0.166
2024-11-17 00:00:00+00:00,6.05,83.7051,0.0,7.0,0.166
2024-11-17 01:00:00+00:00,5.85,83.681046,0.0,7.45,0.168
2024-11-17 02:00:00+00:00,5.55,85.43727,0.0,7.1,0.168
2024-11-17 03:00:00+00:00,5.25,86.31539,0.0,6.8,0.168
2024-11-17 04:00:00+00:00,5.6,84.5426,0.0,6.75,0.168
2024-11-17 05:00:00+00:00,6.15,81.67617,0.0,6.85,0.168
2024-11-17 06:00:00+00:00,6.7,81.46245,0.2,7.05,0.17
2024-11-17 07:00:00+00:00,6.6,90.147224,0.9,7.15,0.181
2024-11-17 08:00:00+00:00,7.0,92.070564,0.6,7.45,0.188
2024-11-17 09:00:00+00:00,7.9,85.09776,0.0,7.95,0.188
2024-11-17 10:00:00+00:00,10.5,69.71774,0.0,9.3,0.188
2024-11-17 11:00:00+00:00,11.85,64.194664,0.0,10.5,0.187
2024-11-17 12:00:00+00:00,12.65,60.69525,0.0,11.45,0.186
2024-11-17 13:00:00+00:00,11.7,70.440125,0.0,10.55,0.216
2024-11-17 14:00:00+00:00,11.3,71.33875,0.0,10.55,0.216
2024-11-17 15:00:00+00:00,9.2,82.92898,0.3,10.05,0.218
2024-11-17 16:00:00+00:00,9.05,86.99545,1.3,9.55,0.236
2024-11-17 17:00:00+00:00,8.8,87.870995,0.3,9.2,0.24
2024-11-17 18:00:00+00:00,8.15,91.82495,1.2,8.8,0.256
2024-11-17 19:00:00+00:00,7.8,89.9264,0.4,8.45,0.261
2024-11-17 20:00:00+00:00,7.95,88.09717,0.1,8.2,0.262
2024-11-17 21:00:00+00:00,6.5,93.326416,0.0,7.7,0.261
2024-11-17 22:00:00+00:00,6.5,94.62872,0.0,7.4,0.26
2024-11-17 23:00:00+00:00,5.9,94.93305,0.0,7.05,0.259
2024-11-18 00:00:00+00:00,5.6,95.252464,0.0,6.75,0.259
2024-11-18 01:00:00+00:00,6.35,93.6431,0.0,6.95,0.243
2024-11-18 02:00:00+00:00,6.35,93.31865,0.0,6.5,0.243
2024-11-18 03:00:00+00:00,5.95,94.27713,0.0,6.05,0.242
2024-11-18 04:00:00+00:00,5.65,94.59289,0.0,5.6,0.242
2024-11-18 05:00:00+00:00,5.45,95.91341,0.0,5.3,0.241
2024-11-18 06:00:00+00:00,6.55,94.95876,0.0,6.0,0.241
2024-11-18 07:00:00+00:00,7.75,91.17031,0.0,7.2,0.24
2024-11-18 08:00:00+00:00,9.05,81.77481,0.0,8.6,0.24
2024-11-18 09:00:00+00:00,10.0,75.668434,0.0,9.9,0.239
2024-11-18 10:00:00+00:00,10.75,68.09188,0.0,11.0,0.238
2024-11-18 11:00:00+00:00,11.35,63.414093,0.0,11.8,0.236
2024-11-18 12:00:00+00:00,11.45,61.904728,0.0,12.15,0.235
2024-11-18 13:00:00+00:00,10.05,74.637436,0.1,11.6,0.236
2024-11-18 14:00:00+00:00,9.75,76.151764,0.0,11.1,0.235
2024-11-18 15:00:00+00:00,8.15,85.715904,0.0,10.25,0.235
2024-11-18 16:00:00+00:00,7.45,88.35793,0.0,9.3,0.234
2024-11-18 17:00:00+00:00,6.9,89.54587,0.0,8.5,0.234
2024-11-18 18:00:00+00:00,6.55,90.14348,0.0,7.8,0.233
2024-11-18 19:00:00+00:00,6.05,90.73737,0.0,7.05,0.233
2024-11-18 20:00:00+00:00,5.7,91.66964,0.0,6.35,0.233
2024-11-18 21:00:00+00:00,5.7,91.34961,0.0,5.95,0.232
2024-11-18 22:00:00+00:00,5.85,91.3596,0.0,5.75,0.232
2024-11-18 23:00:00+00:00,5.8,91.67607,0.0,5.6,0.232
2024-11-19 00:00:00+00:00,5.65,91.666435,0.0,5.45,0.231
2024-11-19 01:00:00+00:00,5.75,92.96251,0.0,6.2,0.242
2024-11-19 02:00:00+00:00,5.25,94.24573,0.0,5.65,0.242
2024-11-19 03:00:00+00:00,4.8,95.89237,0.0,5.25,0.241
2024-11-19 04:00:00+00:00,4.4,96.21689,0.0,4.75,0.241
2024-11-19 05:00:00+00:00,4.3,96.55276,0.0,4.35,0.24
2024-11-19 06:00:00+00:00,6.15,92.01846,0.0,5.05,0.24
2024-11-19 07:00:00+00:00,8.3,84.84796,0.0,6.6,0.239
2024-11-19 08:00:00+00:00,9.85,74.86156,0.0,8.4,0.238
2024-11-19 09:00:00+00:00,10.95,66.494934,0.1,10.1,0.238
2024-11-19 10:00:00+00:00,11.75,57.984875,0.0,11.35,0.237
2024-11-19 11:00:00+00:00,12.4,52.693478,0.0,12.4,0.235
2024-11-19 12:00:00+00:00,12.35,51.389008,0.0,12.8,0.234
2024-11-19 13:00:00+00:00,11.9,53.121346,0.0,12.5,0.236
2024-11-19 14:00:00+00:00,10.7,60.43536,0.0,11.8,0.235
2024-11-19 15:00:00+00:00,8.9,68.42336,0.0,10.5,0.234
2024-11-19 16:00:00+00:00,8.05,71.96755,0.0,9.35,0.234
2024-11-19 17:00:00+00:00,7.05,77.867805,0.0,8.45,0.234
2024-11-19 18:00:00+00:00,6.3,82.274185,0.0,7.75,0.233
2024-11-19 19:00:00+00:00,5.5,85.43184,0.0,7.15,0.233
2024-11-19 20:00:00+00:00,4.8,87.50064,0.0,6.6,0.232
2024-11-19 21:00:00+00:00,4.05,88.68315,0.0,6.15,0.232
2024-11-19 22:00:00+00:00,3.65,87.70395,0.0,5.6,0.232
2024-11-19 23:00:00+00:00,3.8,84.94056,0.0,5.1,0.231
2024-11-20 00:00:00+00:00,4.25,81.420044,0.0,4.6,0.231
2024-11-20 01:00:00+00:00,4.4,80.85892,0.0,4.55,0.23
2024-11-20 02:00:00+00:00,4.5,80.58369,0.0,4.1,0.23
2024-11-20 03:00:00+00:00,4.15,81.99261,0.0,3.75,0.229
2024-11-20 04:00:00+00:00,3.7,83.419136,0.0,3.45,0.229
2024-11-20 05:00:00+00:00,3.4,84.28714,0.0,3.25,0.229
2024-11-20 06:00:00+00:00,6.35,75.57969,0.0,4.0,0.228
2024-11-20 07:00:00+00:00,8.4,67.1188,0.0,5.55,0.228
2024-11-20 08:00:00+00:00,9.95,61.329998,0.0,7.3,0.227
2024-11-20 09:00:00+00:00,11.45,55.899338,0.0,9.0,0.226
2024-11-20 10:00:00+00:00,12.5,49.989483,0.0,10.5,0.224
2024-11-20 11:00:00+00:00,13.3,45.944218,0.0,11.6,0.223
2024-11-20 12:00:00+00:00,13.55,41.773167,0.0,12.2,0.221
2024-11-20 13:00:00+00:00,13.45,44.056244,0.0,12.15,0.218
2024-11-20 14:00:00+00:00,11.75,51.7755,0.0,11.6,0.217
2024-11-20 15:00:00+00:00,8.8,62.15239,0.0,10.2,0.217
2024-11-20 16:00:00+00:00,9.2,60.498367,0.0,9.25,0.216
2024-11-20 17:00:00+00:00,9.05,60.03097,0.0,8.55,0.216
2024-11-20 18:00:00+00:00,8.35,61.381588,0.0,8.0,0.215
2024-11-20 19:00:00+00:00,7.15,64.95533,0.0,7.35,0.215
2024-11-20 20:00:00+00:00,7.1,64.015305,0.0,6.85,0.215
2024-11-20 21:00:00+00:00,6.7,68.94254,0.0,6.55,0.214
2024-11-20 22:00:00+00:00,6.35,77.75758,0.0,6.3,0.214
2024-11-20 23:00:00+00:00,6.15,77.17565,0.0,6.1,0.214
2024-11-21 00:00:00+00:00,6.05,77.15947,0.0,5.95,0.214
2024-11-21 01:00:00+00:00,6.45,73.21276,0.0,6.45,0.216
2024-11-21 02:00:00+00:00,6.5,76.68647,0.0,6.25,0.216
2024-11-21 03:00:00+00:00,6.7,78.92003,0.0,6.2,0.216
2024-11-21 04:00:00+00:00,6.95,80.642006,0.0,6.2,0.215
2024-11-21 05:00:00+00:00,7.35,80.415565,0.0,6.3,0.215
2024-11-21 06:00:00+00:00,8.9,73.14635,0.0,6.8,0.215
2024-11-21 07:00:00+00:00,10.9,64.880066,0.0,7.9,0.214
2024-11-21 08:00:00+00:00,12.8,58.04571,0.0,9.25,0.213
2024-11-21 09:00:00+00:00,14.15,52.792324,0.0,10.65,0.212
2024-11-21 10:00:00+00:00,15.1,50.001385,0.0,11.85,0.21
2024-11-21 11:00:00+00:00,16.1,45.60714,0.0,12.7,0.209
2024-11-21 12:00:00+00:00,15.9,46.35508,0.0,13.15,0.208
2024-11-21 13:00:00+00:00,14.95,51.373497,0.0,12.7,0.208
2024-11-21 14:00:00+00:00,14.0,55.776375,0.0,12.4,0.208
2024-11-21 15:00:00+00:00,13.55,58.63835,0.0,12.05,0.207
2024-11-21 16:00:00+00:00,13.0,64.01135,0.0,11.75,0.206
2024-11-21 17:00:00+00:00,12.45,70.34551,0.0,11.45,0.206
2024-11-21 18:00:00+00:00,12.45,70.10527,0.0,11.25,0.205
2024-11-21 19:00:00+00:00,12.0,74.210846,0.1,11.05,0.206
2024-11-21 20:00:00+00:00,11.5,78.28395,0.3,10.7,0.209
2024-11-21 21:00:00+00:00,10.55,87.139114,0.9,10.3,0.22
2024-11-21 22:00:00+00:00,10.6,84.812904,0.1,9.95,0.221
2024-11-21 23:00:00+00:00,10.55,84.23311,0.1,9.8,0.221
2024-11-22 00:00:00+00:00,10.25,88.59956,0.7,9.65,0.229
2024-11-22 01:00:00+00:00,10.1,91.01853,0.4,10.15,0.21
2024-11-22 02:00:00+00:00,10.05,90.40152,0.6,9.9,0.218
2024-11-22 03:00:00+00:00,10.0,91.939384,0.8,9.7,0.228
2024-11-22 04:00:00+00:00,10.05,91.94245,0.3,9.65,0.232
2024-11-22 05:00:00+00:00,10.25,91.6451,0.2,9.6,0.234
2024-11-22 06:00:00+00:00,10.75,89.84501,0.1,9.75,0.235
2024-11-22 07:00:00+00:00,12.35,83.03334,0.0,10.5,0.234
2024-11-22 08:00:00+00:00,13.8,73.03328,0.0,11.55,0.234
2024-11-22 09:00:00+00:00,15.5,64.78887,0.0,12.9,0.232
2024-11-22 10:00:00+00:00,16.7,53.285366,0.0,14.0,0.231
2024-11-22 11:00:00+00:00,17.35,48.237057,0.0,14.85,0.229
2024-11-22 12:00:00+00:00,17.6,45.554455,0.0,15.3,0.227
2024-11-22 13:00:00+00:00,16.8,48.41875,0.0,15.05,0.215
2024-11-22 14:00:00+00:00,15.4,54.61192,0.0,14.55,0.215
2024-11-22 15:00:00+00:00,13.65,60.934887,0.0,13.6,0.214
2024-11-22 16:00:00+00:00,13.0,62.484653,0.0,12.75,0.214
2024-11-22 17:00:00+00:00,12.0,66.032875,0.0,12.0,0.213
2024-11-22 18:00:00+00:00,11.45,70.63409,0.0,11.45,0.213
2024-11-22 19:00:00+00:00,11.05,74.043724,0.0,11.0,0.212
2024-11-22 20:00:00+00:00,10.65,78.154465,0.0,10.65,0.212
2024-11-22 21:00:00+00:00,10.5,81.12891,0.0,10.4,0.212
2024-11-22 22:00:00+00:00,10.45,82.5183,0.0,10.2,0.212
2024-11-22 23:00:00+00:00,10.2,83.90644,0.0,10.0,0.211
2024-11-23 00:00:00+00:00,10.15,84.18719,0.0,9.8,0.211
2024-11-23 01:00:00+00:00,11.35,78.52818,0.0,11.35,0.206
2024-11-23 02:00:00+00:00,10.7,82.83103,0.0,10.95,0.205
2024-11-23 03:00:00+00:00,10.65,83.67412,0.0,10.6,0.205
2024-11-23 04:00:00+00:00,11.1,80.38518,0.0,10.5,0.205
2024-11-23 05:00:00+00:00,11.25,78.513145,0.0,10.5,0.205
2024-11-23 06:00:00+00:00,12.05,74.47302,0.0,10.8,0.204
2024-11-23 07:00:00+00:00,13.0,70.934166,0.0,11.2,0.204
2024-11-23 08:00:00+00:00,14.6,65.03013,0.0,12.05,0.203
2024-11-23 09:00:00+00:00,15.25,63.863472,0.0,13.0,0.202
2024-11-23 10:00:00+00:00,16.15,58.675755,1.3,13.7,0.218
2024-11-23 11:00:00+00:00,14.55,75.403885,1.3,13.9,0.234
2024-11-23 12:00:00+00:00,15.7,61.00497,0.9,13.95,0.244
2024-11-23 13:00:00+00:00,16.75,47.7393,0.0,14.8,0.21
2024-11-23 14:00:00+00:00,16.0,50.24738,0.0,14.55,0.209
2024-11-23 15:00:00+00:00,14.55,59.291252,0.0,14.05,0.208
2024-11-23 16:00:00+00:00,5.5,92.62433,4.7,12.25,0.272
2024-11-23 17:00:00+00:00,1.4,90.39827,2.0,9.25,0.289
2024-11-23 18:00:00+00:00,0.95,91.02437,2.3,7.45,0.289
2024-11-23 19:00:00+00:00,0.2,95.73873,2.3,6.2,0.292
2024-11-23 20:00:00+00:00,-0.4,96.77301,1.6,5.15,0.294
2024-11-23 21:00:00+00:00,-0.9,96.75988,1.5,4.4,0.295
2024-11-23 22:00:00+00:00,-1.05,93.95104,0.6,3.9,0.296
2024-11-23 23:00:00+00:00,-1.3,90.863976,0.0,3.45,0.296
2024-11-24 00:00:00+00:00,-1.5,88.51658,0.0,3.05,0.296
2024-11-24 01:00:00+00:00,-1.15,88.219864,0.0,2.95,0.33
2024-11-24 02:00:00+00:00,-1.2,85.628494,0.0,2.8,0.327
2024-11-24 03:00:00+00:00,-1.65,83.67712,0.0,2.5,0.324
2024-11-24 04:00:00+00:00,-1.95,84.27076,0.0,2.15,0.321
2024-11-24 05:00:00+00:00,-2.3,83.28145,0.0,1.75,0.318
2024-11-24 06:00:00+00:00,-2.05,82.377144,0.0,1.85,0.315
2024-11-24 07:00:00+00:00,-1.0,80.082634,0.0,2.5,0.312
2024-11-24 08:00:00+00:00,-0.25,77.25494,0.0,3.4,0.309
2024-11-24 09:00:00+00:00,0.55,71.82213,0.0,4.25,0.307
2024-11-24 10:00:00+00:00,1.0,67.98299,0.0,4.75,0.308
2024-11-24 11:00:00+00:00,0.95,70.305756,0.1,5.15,0.308
2024-11-24 12:00:00+00:00,0.65,73.47171,0.5,5.15,0.309
2024-11-24 13:00:00+00:00,0.8,65.92165,0.0,4.7,0.308
2024-11-24 14:00:00+00:00,-0.45,70.28238,0.0,3.95,0.308
2024-11-24 15:00:00+00:00,-1.5,76.46632,0.0,2.95,0.306
2024-11-24 16:00:00+00:00,-2.15,80.21445,0.0,2.15,0.304
2024-11-24 17:00:00+00:00,-2.85,82.58274,0.0,1.5,0.302
2024-11-24 18:00:00+00:00,-3.1,83.81309,0.0,1.0,0.3
2024-11-24 19:00:00+00:00,-3.5,85.047615,0.0,0.85,0.299
2024-11-24 20:00:00+00:00,-3.7,85.67406,0.0,0.8,0.297
2024-11-24 21:00:00+00:00,-3.7,86.32804,0.0,0.75,0.295
2024-11-24 22:00:00+00:00,-3.5,86.34932,0.0,0.7,0.294
2024-11-24 23:00:00+00:00,-4.0,88.289055,0.0,0.65,0.292
2024-11-25 00:00:00+00:00,-3.75,87.97773,0.0,0.6,0.291
2024-11-25 01:00:00+00:00,-3.85,89.31353,0.0,0.55,0.291
2024-11-25 02:00:00+00:00,-4.05,88.62068,0.0,0.5,0.289
2024-11-25 03:00:00+00:00,-4.2,87.60074,0.0,0.5,0.288
2024-11-25 04:00:00+00:00,-4.05,88.62068,0.2,0.45,0.286
2024-11-25 05:00:00+00:00,-3.25,88.358,1.2,0.45,0.285
2024-11-25 06:00:00+00:00,-2.6,84.192345,2.1,0.45,0.284
2024-11-25 07:00:00+00:00,-1.7,83.98531,0.0,0.45,0.283
2024-11-25 08:00:00+00:00,-1.25,82.17501,0.0,0.5,0.282
2024-11-25 09:00:00+00:00,-0.35,75.804596,0.0,0.6,0.281
2024-11-25 10:00:00+00:00,-0.95,81.60295,0.5,0.7,0.279
2024-11-25 11:00:00+00:00,-0.7,82.55572,0.1,0.85,0.278
2024-11-25 12:00:00+00:00,-0.6,77.77807,0.0,1.3,0.277
2024-11-25 13:00:00+00:00,0.7,71.3157,0.0,1.45,0.267
2024-11-25 14:00:00+00:00,0.35,77.06647,0.0,1.45,0.266
2024-11-25 15:00:00+00:00,0.15,77.6097,0.0,1.35,0.266
2024-11-25 16:00:00+00:00,-0.65,79.24029,0.0,1.05,0.265
2024-11-25 17:00:00+00:00,-1.45,81.533844,0.0,0.85,0.264
2024-11-25 18:00:00+00:00,-0.95,79.194275,0.0,0.85,0.263
2024-11-25 19:00:00+00:00,-1.15,80.966354,0.0,0.8,0.263
2024-11-25 20:00:00+00:00,-1.15,84.36651,0.1,0.8,0.262
2024-11-25 21:00:00+00:00,-1.7,91.51255,0.3,0.75,0.261
2024-11-25 22:00:00+00:00,-2.5,93.530655,0.2,0.75,0.261
2024-11-25 23:00:00+00:00,-2.55,94.58015,0.1,0.7,0.26
2024-11-26 00:00:00+00:00,-2.1,95.30458,0.1,0.65,0.259
2024-11-26 01:00:00+00:00,-0.8,95.35373,0.2,0.7,0.265
2024-11-26 02:00:00+00:00,-1.0,96.40276,0.1,0.65,0.264
2024-11-26 03:00:00+00:00,-0.7,95.70768,0.1,0.7,0.263
2024-11-26 04:00:00+00:00,-0.65,96.06061,0.1,0.7,0.263
2024-11-26 05:00:00+00:00,-0.55,96.0638,0.0,0.7,0.262
2024-11-26 06:00:00+00:00,-0.15,95.378006,0.1,0.7,0.262
2024-11-26 07:00:00+00:00,0.25,94.35679,0.2,0.75,0.261
2024-11-26 08:00:00+00:00,0.5,94.02558,0.3,0.8,0.26
2024-11-26 09:00:00+00:00,0.55,95.0583,0.2,0.9,0.261
2024-11-26 10:00:00+00:00,0.6,96.10018,0.3,1.45,0.264
2024-11-26 11:00:00+00:00,0.65,95.75414,0.1,1.9,0.268
2024-11-26 12:00:00+00:00,1.2,91.37284,0.0,2.5,0.273
2024-11-26 13:00:00+00:00,2.9,74.432335,0.0,2.8,0.271
2024-11-26 14:00:00+00:00,2.2,78.513176,0.0,2.6,0.272
2024-11-26 15:00:00+00:00,-0.1,87.345314,0.0,1.85,0.272
2024-11-26 16:00:00+00:00,-1.1,85.32119,0.0,0.95,0.271
2024-11-26 17:00:00+00:00,-0.5,84.44368,0.0,0.85,0.27
2024-11-26 18:00:00+00:00,-0.9,83.14759,0.0,0.8,0.269
2024-11-26 19:00:00+00:00,-1.15,81.88138,0.0,0.7,0.269
2024-11-26 20:00:00+00:00,-1.05,81.28436,0.0,0.65,0.268
2024-11-26 21:00:00+00:00,-1.0,81.59606,0.0,0.6,0.267
2024-11-26 22:00:00+00:00,-1.35,84.02795,0.0,0.55,0.266
2024-11-26 23:00:00+00:00,-1.9,86.194435,0.0,0.5,0.266
2024-11-27 00:00:00+00:00,-2.35,88.10901,0.0,0.45,0.265
2024-11-27 01:00:00+00:00,-2.1,89.12656,0.0,0.4,0.264
2024-11-27 02:00:00+00:00,-2.55,90.43379,0.0,0.4,0.264
2024-11-27 03:00:00+00:00,-2.9,91.43107,0.0,0.4,0.263
2024-11-27 04:00:00+00:00,-3.05,91.4208,0.0,0.35,0.263
2024-11-27 05:00:00+00:00,-4.25,93.4385,0.0,0.3,0.262
2024-11-27 06:00:00+00:00,-3.1,92.45311,0.0,0.3,0.261
2024-11-27 07:00:00+00:00,-1.2,89.20306,0.0,0.3,0.261
2024-11-27 08:00:00+00:00,-0.05,85.12363,0.0,0.4,0.26
2024-11-27 09:00:00+00:00,0.8,80.64349,0.0,0.5,0.259
2024-11-27 10:00:00+00:00,1.35,76.9471,0.0,0.6,0.258
2024-11-27 11:00:00+00:00,1.7,75.31997,0.0,0.75,0.26
2024-11-27 12:00:00+00:00,1.75,74.774506,0.0,1.05,0.261
2024-11-27 13:00:00+00:00,2.95,65.67206,0.0,-0.15,0.256
2024-11-27 14:00:00+00:00,2.05,71.58358,0.0,-0.15,0.256
2024-11-27 15:00:00+00:00,1.65,75.033424,0.0,-0.1,0.255
2024-11-27 16:00:00+00:00,1.55,76.414375,0.0,-0.1,0.255
2024-11-27 17:00:00+00:00,1.55,77.26467,0.0,-0.1,0.254
2024-11-27 18:00:00+00:00,1.55,77.83619,0.0,-0.1,0.254
2024-11-27 19:00:00+00:00,1.25,79.82177,0.0,-0.05,0.253
2024-11-27 20:00:00+00:00,1.3,79.535866,0.0,-0.05,0.253
2024-11-27 21:00:00+00:00,1.4,78.67721,0.0,-0.05,0.252
2024-11-27 22:00:00+00:00,1.2,78.93672,0.0,-0.05,0.252
2024-11-27 23:00:00+00:00,1.0,78.61491,0.0,-0.05,0.251
2024-11-28 00:00:00+00:00,0.95,78.31696,0.0,0.0,0.251
2024-11-28 01:00:00+00:00,1.2,81.296326,0.0,1.35,0.248
2024-11-28 02:00:00+00:00,1.0,81.26857,0.0,1.2,0.248
2024-11-28 03:00:00+00:00,0.9,80.95574,0.0,1.15,0.248
2024-11-28 04:00:00+00:00,0.6,81.81484,0.0,1.0,0.247
2024-11-28 05:00:00+00:00,0.55,81.80806,0.0,0.95,0.247
2024-11-28 06:00:00+00:00,1.45,76.11568,0.0,1.1,0.247
2024-11-28 07:00:00+00:00,2.55,69.59456,0.0,1.85,0.247
2024-11-28 08:00:00+00:00,3.35,66.742546,0.0,2.7,0.248
2024-11-28 09:00:00+00:00,4.1,64.72966,0.0,3.65,0.251
2024-11-28 10:00:00+00:00,4.75,63.69988,0.0,4.45,0.253
2024-11-28 11:00:00+00:00,5.55,62.273895,0.0,5.35,0.255
2024-11-28 12:00:00+00:00,5.85,62.118782,0.0,5.85,0.257
2024-11-28 13:00:00+00:00,5.5,65.52609,0.0,6.05,0.252
2024-11-28 14:00:00+00:00,4.75,69.79246,0.0,5.6,0.251
2024-11-28 15:00:00+00:00,3.05,80.668976,0.0,4.75,0.251
2024-11-28 16:00:00+00:00,2.5,82.96874,0.0,4.05,0.251
2024-11-28 17:00:00+00:00,1.85,84.10346,0.0,3.3,0.25
2024-11-28 18:00:00+00:00,0.5,86.764854,0.0,2.5,0.25
2024-11-28 19:00:00+00:00,0.25,90.31159,0.0,2.05,0.249
2024-11-28 20:00:00+00:00,-0.85,91.90784,0.0,1.55,0.249
2024-11-28 21:00:00+00:00,-1.95,92.52232,0.0,1.0,0.249
2024-11-28 22:00:00+00:00,-2.15,91.48214,0.0,0.85,0.248
2024-11-28 23:00:00+00:00,-2.05,90.4716,0.0,0.75,0.248
2024-11-29 00:00:00+00:00,-2.05,89.798996,0.0,0.7,0.248
2024-11-29 01:00:00+00:00,-1.2,92.90948,0.0,2.25,0.238
2024-11-29 02:00:00+00:00,-1.25,91.542816,0.0,1.6,0.237
2024-11-29 03:00:00+00:00,-1.5,90.849525,0.0,1.05,0.237
2024-11-29 04:00:00+00:00,-2.15,91.82374,0.0,0.85,0.237
2024-11-29 05:00:00+00:00,-2.65,93.17417,0.0,0.75,0.236
2024-11-29 06:00:00+00:00,-2.05,92.86111,0.0,0.75,0.236
2024-11-29 07:00:00+00:00,0.1,87.686745,0.0,0.85,0.236
2024-11-29 08:00:00+00:00,3.4,75.34154,0.0,1.95,0.235
2024-11-29 09:00:00+00:00,4.45,71.01174,0.0,3.6,0.236
2024-11-29 10:00:00+00:00,5.35,63.840458,0.0,4.9,0.239
2024-11-29 11:00:00+00:00,5.8,60.536514,0.0,5.65,0.243
2024-11-29 12:00:00+00:00,6.05,58.418526,0.0,6.1,0.245
2024-11-29 13:00:00+00:00,6.5,59.39547,0.0,7.3,0.222
2024-11-29 14:00:00+00:00,5.2,66.662125,0.0,6.65,0.221
2024-11-29 15:00:00+00:00,3.05,78.359764,0.0,5.45,0.221
2024-11-29 16:00:00+00:00,2.1,84.74691,0.0,4.5,0.221
2024-11-29 17:00:00+00:00,1.0,89.38676,0.0,3.65,0.221
2024-11-29 18:00:00+00:00,-0.2,91.27733,0.0,2.85,0.221
2024-11-29 19:00:00+00:00,-1.1,92.91514,0.0,2.15,0.22
2024-11-29 20:00:00+00:00,-1.75,93.56956,0.0,1.5,0.22
2024-11-29 21:00:00+00:00,-2.5,94.58235,0.0,0.95,0.22
2024-11-29 22:00:00+00:00,-2.75,94.92496,0.0,0.85,0.22
2024-11-29 23:00:00+00:00,-2.95,95.62855,0.0,0.8,0.22
2024-11-30 00:00:00+00:00,-3.1,95.98131,0.0,0.75,0.22
2024-11-30 01:00:00+00:00,-2.75,95.279724,0.0,0.9,0.21
2024-11-30 02:00:00+00:00,-2.75,94.92496,0.0,0.8,0.21
2024-11-30 03:00:00+00:00,-2.7,95.28165,0.0,0.75,0.21
2024-11-30 04:00:00+00:00,-2.6,95.99768,0.0,0.7,0.21
2024-11-30 05:00:00+00:00,-2.55,96.35705,0.0,0.65,0.21
2024-11-30 06:00:00+00:00,-1.3,94.28618,0.0,0.65,0.21
2024-11-30 07:00:00+00:00,0.3,85.47742,0.0,0.7,0.21
2024-11-30 08:00:00+00:00,2.1,76.22663,0.0,0.9,0.209
2024-11-30 09:00:00+00:00,3.7,69.06791,0.0,2.5,0.209
2024-11-30 10:00:00+00:00,5.15,63.560535,0.0,4.45,0.208
2024-11-30 11:00:00+00:00,6.2,60.19408,0.0,5.9,0.207
2024-11-30 12:00:00+00:00,6.7,59.44579,0.0,6.75,0.207
2024-11-30 13:00:00+00:00,7.05,62.406487,0.0,7.2,0.212
2024-11-30 14:00:00+00:00,5.45,71.46643,0.0,6.55,0.212
2024-11-30 15:00:00+00:00,3.35,82.18222,0.0,5.45,0.212
2024-11-30 16:00:00+00:00,2.35,85.39213,0.0,4.55,0.212
2024-11-30 17:00:00+00:00,1.3,88.441536,0.0,3.75,0.211
2024-11-30 18:00:00+00:00,0.3,90.64638,0.0,3.0,0.211
2024-11-30 19:00:00+00:00,-0.55,90.91791,0.0,2.35,0.211
2024-11-30 20:00:00+00:00,-1.25,90.867584,0.0,1.7,0.211
2024-11-30 21:00:00+00:00,-1.55,90.173584,0.0,1.2,0.211
2024-11-30 22:00:00+00:00,-1.65,89.497444,0.0,0.9,0.211
2024-11-30 23:00:00+00:00,-1.55,89.50569,0.0,0.85,0.211
2024-12-01 00:00:00+00:00,-1.75,90.15807,0.0,0.8,0.211
2024-12-01 01:00:00+00:00,-1.5,93.23689,0.0,1.35,0.197
2024-12-01 02:00:00+00:00,-1.75,93.56956,0.0,0.95,0.197
2024-12-01 03:00:00+00:00,-1.65,94.270065,0.0,0.85,0.196
2024-12-01 04:00:00+00:00,-1.5,95.67979,0.0,0.8,0.196
2024-12-01 05:00:00+00:00,-1.5,96.38811,0.0,0.8,0.196
2024-12-01 06:00:00+00:00,-0.1,95.03244,0.0,0.8,0.196
2024-12-01 07:00:00+00:00,1.5,85.60941,0.0,0.9,0.196
2024-12-01 08:00:00+00:00,3.05,77.7917,0.0,2.2,0.196
2024-12-01 09:00:00+00:00,4.6,70.52711,0.0,3.8,0.195
2024-12-01 10:00:00+00:00,5.85,65.8434,0.0,5.4,0.195
2024-12-01 11:00:00+00:00,6.8,62.799995,0.0,6.6,0.194
2024-12-01 12:00:00+00:00,7.25,61.781086,0.0,7.35,0.193
2024-12-01 13:00:00+00:00,4.65,68.51304,0.0,5.55,0.22
2024-12-01 14:00:00+00:00,3.45,75.62505,0.0,5.05,0.22
2024-12-01 15:00:00+00:00,1.65,85.6258,0.0,4.1,0.22
2024-12-01 16:00:00+00:00,0.5,90.66103,0.0,3.25,0.22
2024-12-01 17:00:00+00:00,-0.35,92.277916,0.0,2.55,0.22
2024-12-01 18:00:00+00:00,-1.2,92.56698,0.0,1.9,0.22
2024-12-01 19:00:00+00:00,-1.4,91.87241,0.0,1.4,0.219
2024-12-01 20:00:00+00:00,-1.6,91.859474,0.0,0.95,0.219
2024-12-01 21:00:00+00:00,-1.6,90.84228,0.0,0.9,0.219
2024-12-01 22:00:00+00:00,-1.7,90.49793,0.0,0.85,0.219
2024-12-01 23:00:00+00:00,-1.95,90.816864,0.0,0.8,0.219
2024-12-02 00:00:00+00:00,-2.1,91.48551,0.0,0.75,0.219
2024-12-02 01:00:00+00:00,-1.5,98.541084,0.0,1.45,0.21
2024-12-02 02:00:00+00:00,-1.85,97.81246,0.0,1.0,0.21
2024-12-02 03:00:00+00:00,-1.85,97.81246,0.0,0.9,0.21
2024-12-02 04:00:00+00:00,-1.85,97.45203,0.0,0.85,0.21
2024-12-02 05:00:00+00:00,-1.9,97.45099,0.0,0.8,0.21
2024-12-02 06:00:00+00:00,-1.05,93.60556,0.0,0.8,0.209
2024-12-02 07:00:00+00:00,0.6,83.64461,0.0,0.9,0.209
2024-12-02 08:00:00+00:00,2.4,73.52589,0.0,2.05,0.209
2024-12-02 09:00:00+00:00,4.3,64.77576,0.0,3.8,0.208
2024-12-02 10:00:00+00:00,5.8,58.56946,0.0,5.45,0.207
2024-12-02 11:00:00+00:00,6.9,54.696743,0.0,6.75,0.207
2024-12-02 12:00:00+00:00,7.5,53.273827,0.0,7.5,0.206
2024-12-02 13:00:00+00:00,3.9,69.36334,0.0,2.05,0.213
2024-12-02 14:00:00+00:00,1.85,81.08908,0.0,2.25,0.213
2024-12-02 15:00:00+00:00,0.05,88.32921,0.0,1.7,0.212
2024-12-02 16:00:00+00:00,0.3,88.028244,0.0,1.5,0.212
2024-12-02 17:00:00+00:00,-0.05,89.6283,0.0,1.25,0.212
2024-12-02 18:00:00+00:00,-0.6,90.58001,0.0,1.0,0.212
2024-12-02 19:00:00+00:00,-1.15,88.87706,0.0,0.9,0.212
2024-12-02 20:00:00+00:00,-1.55,87.528305,0.0,0.85,0.212
2024-12-02 21:00:00+00:00,-1.05,83.12847,0.0,0.85,0.212
2024-12-02 22:00:00+00:00,-0.9,82.22189,0.0,0.8,0.212
2024-12-02 23:00:00+00:00,-1.35,84.97519,0.0,0.8,0.212
2024-12-03 00:00:00+00:00,-0.65,81.64424,0.0,0.8,0.211
2024-12-03 01:00:00+00:00,-0.05,87.67246,0.0,1.1,0.198
2024-12-03 02:00:00+00:00,-1.4,92.2132,0.0,0.9,0.198
2024-12-03 03:00:00+00:00,-1.55,93.23418,0.0,0.85,0.198
2024-12-03 04:00:00+00:00,-1.65,93.92182,0.0,0.8,0.198
2024-12-03 05:00:00+00:00,-1.8,93.220604,0.0,0.75,0.198
2024-12-03 06:00:00+00:00,-0.2,85.738235,0.0,0.75,0.198
2024-12-03 07:00:00+00:00,1.95,72.63183,0.0,0.85,0.198
2024-12-03 08:00:00+00:00,3.25,64.29375,0.0,1.6,0.198
2024-12-03 09:00:00+00:00,5.35,55.708393,0.0,3.55,0.197
2024-12-03 10:00:00+00:00,6.85,51.16975,0.0,5.15,0.196
2024-12-03 11:00:00+00:00,8.1,47.509563,0.0,6.45,0.196
2024-12-03 12:00:00+00:00,8.75,45.631454,0.0,7.2,0.195
2024-12-03 13:00:00+00:00,5.75,63.238525,0.2,2.45,0.208
2024-12-03 14:00:00+00:00,3.55,73.20235,0.0,2.7,0.208
2024-12-03 15:00:00+00:00,2.25,77.37918,0.0,2.2,0.208
2024-12-03 16:00:00+00:00,1.6,79.28901,0.1,1.85,0.208
2024-12-03 17:00:00+00:00,2.15,79.372055,0.0,1.9,0.208
2024-12-03 18:00:00+00:00,1.95,82.59705,0.0,1.9,0.208
2024-12-03 19:00:00+00:00,2.25,84.15116,0.0,2.0,0.208
2024-12-03 20:00:00+00:00,1.95,89.46467,0.2,2.0,0.21
2024-12-03 21:00:00+00:00,2.0,92.0878,0.1,2.05,0.21
2024-12-03 22:00:00+00:00,2.0,92.0878,0.0,2.15,0.21
2024-12-03 23:00:00+00:00,1.5,93.39654,0.0,2.05,0.21
2024-12-04 00:00:00+00:00,1.35,93.05173,0.0,1.95,0.21
2024-12-04 01:00:00+00:00,3.05,94.145294,0.1,3.05,0.206
2024-12-04 02:00:00+00:00,3.1,94.147606,0.1,2.95,0.207
2024-12-04 03:00:00+00:00,3.1,93.81299,0.6,2.95,0.216
2024-12-04 04:00:00+00:00,3.05,94.145294,0.8,2.95,0.227
2024-12-04 05:00:00+00:00,3.1,93.47944,0.8,2.95,0.238
2024-12-04 06:00:00+00:00,3.4,92.83232,1.0,3.05,0.251
2024-12-04 07:00:00+00:00,4.0,91.88443,0.1,3.5,0.252
2024-12-04 08:00:00+00:00,5.3,83.91152,0.0,4.35,0.252
2024-12-04 09:00:00+00:00,6.65,75.363014,0.0,5.4,0.251
2024-12-04 10:00:00+00:00,7.4,72.35485,0.0,6.15,0.25
2024-12-04 11:00:00+00:00,7.45,73.39653,0.0,6.5,0.249
2024-12-04 12:00:00+00:00,8.05,71.2091,0.0,7.1,0.249
2024-12-04 13:00:00+00:00,7.15,80.95334,0.0,7.05,0.219
2024-12-04 14:00:00+00:00,5.9,88.84155,0.0,6.65,0.219
2024-12-04 15:00:00+00:00,4.65,96.22437,0.0,5.95,0.219
2024-12-04 16:00:00+00:00,3.85,96.881516,0.0,5.25,0.219
2024-12-04 17:00:00+00:00,3.4,96.87029,0.0,4.65,0.219
2024-12-04 18:00:00+00:00,3.35,96.526566,0.0,4.2,0.219
2024-12-04 19:00:00+00:00,3.0,98.24476,0.4,3.85,0.224
2024-12-04 20:00:00+00:00,2.7,98.2405,1.3,3.6,0.243
2024-12-04 21:00:00+00:00,2.4,98.58677,0.3,3.3,0.247
2024-12-04 22:00:00+00:00,1.75,98.932785,0.0,3.0,0.247
2024-12-04 23:00:00+00:00,0.8,98.21321,0.0,2.45,0.247
2024-12-05 00:00:00+00:00,1.25,99.64168,0.0,2.3,0.248
2024-12-05 01:00:00+00:00,2.55,99.29202,0.0,3.95,0.216
2024-12-05 02:00:00+00:00,2.7,99.645874,0.0,3.65,0.216
2024-12-05 03:00:00+00:00,2.85,100.0,0.0,3.6,0.216
2024-12-05 04:00:00+00:00,2.55,99.645454,0.0,3.4,0.215
2024-12-05 05:00:00+00:00,2.9,99.646454,0.0,3.5,0.215
2024-12-05 06:00:00+00:00,3.3,98.59701,0.0,3.65,0.215
2024-12-05 07:00:00+00:00,3.75,97.90964,0.0,4.1,0.215
2024-12-05 08:00:00+00:00,4.4,96.555504,0.0,4.8,0.215
2024-12-05 09:00:00+00:00,5.65,86.66104,0.0,5.75,0.215
2024-12-05 10:00:00+00:00,6.45,80.00523,0.0,6.75,0.215
2024-12-05 11:00:00+00:00,7.5,71.86258,0.0,7.75,0.214
2024-12-05 12:00:00+00:00,7.9,68.45692,0.0,8.25,0.213
2024-12-05 13:00:00+00:00,7.35,74.16139,0.0,7.7,0.212
2024-12-05 14:00:00+00:00,6.15,81.965004,0.0,7.25,0.212
2024-12-05 15:00:00+00:00,4.4,88.399216,0.0,6.0,0.212
2024-12-05 16:00:00+00:00,3.7,90.56824,0.0,4.85,0.212
2024-12-05 17:00:00+00:00,3.15,91.83051,0.0,3.9,0.212
2024-12-05 18:00:00+00:00,2.5,92.78153,0.0,3.15,0.212
2024-12-05 19:00:00+00:00,1.85,93.75156,0.0,2.45,0.211
2024-12-05 20:00:00+00:00,1.05,94.392715,0.0,1.9,0.211
2024-12-05 21:00:00+00:00,0.35,94.70527,0.0,1.4,0.211
2024-12-05 22:00:00+00:00,-0.25,93.989685,0.0,0.95,0.211
2024-12-05 23:00:00+00:00,-0.55,92.60534,0.0,0.9,0.211
2024-12-06 00:00:00+00:00,-0.8,92.250275,0.0,0.85,0.211
2024-12-06 01:00:00+00:00,1.1,99.64124,0.0,2.6,0.213
2024-12-06 02:00:00+00:00,1.9,98.229095,0.0,2.7,0.213
2024-12-06 03:00:00+00:00,2.4,95.47148,0.0,2.85,0.213
2024-12-06 04:00:00+00:00,2.5,95.816605,0.0,2.95,0.213
2024-12-06 05:00:00+00:00,2.8,95.8266,0.0,3.1,0.213
2024-12-06 06:00:00+00:00,3.3,95.16547,0.0,3.35,0.212
2024-12-06 07:00:00+00:00,4.1,91.89075,0.0,3.85,0.212
2024-12-06 08:00:00+00:00,5.35,85.71795,0.0,4.7,0.212
2024-12-06 09:00:00+00:00,6.95,77.852104,0.0,5.85,0.212
2024-12-06 10:00:00+00:00,8.2,71.9961,0.0,6.8,0.211
2024-12-06 11:00:00+00:00,9.05,67.73462,0.0,7.5,0.211
2024-12-06 12:00:00+00:00,9.55,64.80451,0.0,7.95,0.21
2024-12-06 13:00:00+00:00,8.1,70.717255,0.0,7.25,0.225
2024-12-06 14:00:00+00:00,6.8,79.21389,0.0,6.9,0.225
2024-12-06 15:00:00+00:00,4.5,89.03689,0.0,5.8,0.225
2024-12-06 16:00:00+00:00,3.6,92.51438,0.0,5.1,0.225
2024-12-06 17:00:00+00:00,3.05,93.810555,0.0,4.5,0.225
2024-12-06 18:00:00+00:00,2.65,94.801476,0.0,4.0,0.225
2024-12-06 19:00:00+00:00,2.35,94.78908,0.0,3.55,0.224
2024-12-06 20:00:00+00:00,1.75,95.447914,0.0,3.1,0.224
2024-12-06 21:00:00+00:00,1.1,96.46333,0.0,2.65,0.224
2024-12-06 22:00:00+00:00,0.7,97.15247,0.0,2.25,0.224
2024-12-06 23:00:00+00:00,0.4,100.0,0.0,2.0,0.224
2024-12-07 00:00:00+00:00,0.3,100.0,0.0,1.8,0.224
2024-12-07 01:00:00+00:00,3.0,100.0,0.0,4.2,0.216
2024-12-07 02:00:00+00:00,3.05,99.6469,0.0,4.05,0.216
2024-12-07 03:00:00+00:00,2.95,99.294304,0.0,3.85,0.216
2024-12-07 04:00:00+00:00,2.1,100.0,0.0,3.5,0.216
2024-12-07 05:00:00+00:00,1.95,100.0,0.0,3.25,0.216
2024-12-07 06:00:00+00:00,2.35,99.29088,0.0,3.25,0.216
2024-12-07 07:00:00+00:00,3.5,93.83245,0.0,3.7,0.216
2024-12-07 08:00:00+00:00,5.35,83.620674,0.0,4.7,0.216
2024-12-07 09:00:00+00:00,7.35,73.11881,0.0,6.1,0.215
2024-12-07 10:00:00+00:00,8.95,66.52777,0.0,7.4,0.214
2024-12-07 11:00:00+00:00,10.4,59.513634,0.0,8.45,0.214
2024-12-07 12:00:00+00:00,11.1,53.66647,0.0,9.05,0.213
2024-12-07 13:00:00+00:00,8.85,64.87616,0.0,8.35,0.24
2024-12-07 14:00:00+00:00,7.8,71.66595,0.0,7.85,0.239
2024-12-07 15:00:00+00:00,5.9,77.96316,0.0,6.7,0.239
2024-12-07 16:00:00+00:00,6.3,74.76823,0.0,6.25,0.239
2024-12-07 17:00:00+00:00,6.4,76.127426,0.2,5.95,0.24
2024-12-07 18:00:00+00:00,6.15,85.50227,0.9,5.65,0.253
2024-12-07 19:00:00+00:00,6.2,86.41249,0.8,5.45,0.263
2024-12-07 20:00:00+00:00,6.2,84.018234,0.5,5.35,0.269
2024-12-07 21:00:00+00:00,5.7,88.51334,0.6,5.25,0.277
2024-12-07 22:00:00+00:00,5.45,89.1161,1.0,5.15,0.291
2024-12-07 23:00:00+00:00,5.4,86.94209,2.1,5.15,0.319
2024-12-08 00:00:00+00:00,4.2,89.0117,0.1,4.65,0.318
2024-12-08 01:00:00+00:00,5.4,84.51962,0.0,4.5,0.27
2024-12-08 02:00:00+00:00,5.35,85.11402,0.0,4.45,0.27
2024-12-08 03:00:00+00:00,5.95,82.81176,0.0,4.6,0.269
2024-12-08 04:00:00+00:00,5.05,86.60074,0.0,4.45,0.268
2024-12-08 05:00:00+00:00,4.95,86.284515,0.0,4.3,0.268
2024-12-08 06:00:00+00:00,6.2,79.969185,0.0,4.45,0.267
2024-12-08 07:00:00+00:00,8.0,72.98071,0.0,5.35,0.266
2024-12-08 08:00:00+00:00,9.55,66.19035,0.0,6.6,0.265
2024-12-08 09:00:00+00:00,10.7,59.7987,0.0,7.85,0.264
2024-12-08 10:00:00+00:00,10.95,60.071484,0.0,8.6,0.263
2024-12-08 11:00:00+00:00,9.85,64.872055,0.1,8.8,0.263
2024-12-08 12:00:00+00:00,11.05,59.464134,0.0,9.2,0.262
2024-12-08 13:00:00+00:00,10.75,71.480095,1.0,9.4,0.279
2024-12-08 14:00:00+00:00,9.95,72.32608,0.0,8.9,0.278
2024-12-08 15:00:00+00:00,8.35,76.451515,0.0,8.1,0.277
2024-12-08 16:00:00+00:00,8.15,73.26587,0.0,7.4,0.277
2024-12-08 17:00:00+00:00,7.8,72.94371,0.0,6.9,0.276
2024-12-08 18:00:00+00:00,7.75,73.19249,0.0,6.65,0.275
2024-12-08 19:00:00+00:00,7.75,73.971436,0.0,6.55,0.274
2024-12-08 20:00:00+00:00,7.45,76.30272,0.0,6.4,0.273
2024-12-08 21:00:00+00:00,7.65,77.6886,0.1,6.35,0.273
2024-12-08 22:00:00+00:00,8.15,77.49581,0.0,6.5,0.273
2024-12-08 23:00:00+00:00,7.45,80.71166,0.0,6.35,0.272
2024-12-09 00:00:00+00:00,7.0,83.52605,0.0,6.15,0.272
2024-12-09 01:00:00+00:00,8.8,79.784615,0.0,7.85,0.247
2024-12-09 02:00:00+00:00,7.75,83.32606,0.0,7.45,0.246
2024-12-09 03:00:00+00:00,7.65,81.58964,0.0,7.1,0.246
2024-12-09 04:00:00+00:00,7.65,79.89706,0.0,6.9,0.246
2024-12-09 05:00:00+00:00,7.6,79.33242,0.0,6.7,0.245
2024-12-09 06:00:00+00:00,8.5,74.88841,0.0,6.85,0.245
2024-12-09 07:00:00+00:00,10.0,68.891815,0.0,7.55,0.244
2024-12-09 08:00:00+00:00,11.3,65.19609,0.0,8.45,0.243
2024-12-09 09:00:00+00:00,13.15,60.395725,0.0,9.65,0.242
2024-12-09 10:00:00+00:00,14.35,55.48074,0.0,10.85,0.241
2024-12-09 11:00:00+00:00,15.0,53.018845,0.0,11.8,0.239
2024-12-09 12:00:00+00:00,15.0,53.38763,0.0,12.25,0.238
2024-12-09 13:00:00+00:00,14.4,56.462334,0.0,12.15,0.237
2024-12-09 14:00:00+00:00,12.9,63.768547,0.0,11.65,0.236
2024-12-09 15:00:00+00:00,11.35,70.37148,0.0,10.75,0.236
2024-12-09 16:00:00+00:00,11.6,67.09821,0.0,10.25,0.235
2024-12-09 17:00:00+00:00,11.1,69.116356,0.0,9.85,0.235
2024-12-09 18:00:00+00:00,10.45,72.41938,0.0,9.45,0.235
2024-12-09 19:00:00+00:00,9.95,75.13844,0.0,9.1,0.234
2024-12-09 20:00:00+00:00,9.35,79.04034,0.0,8.75,0.234
2024-12-09 21:00:00+00:00,8.85,82.031494,0.0,8.45,0.234
2024-12-09 22:00:00+00:00,8.65,83.72379,0.0,8.2,0.233
2024-12-09 23:00:00+00:00,7.75,87.47233,0.0,7.8,0.233
2024-12-10 00:00:00+00:00,7.3,87.73401,0.0,7.45,0.233
2024-12-10 01:00:00+00:00,7.95,89.32056,0.0,8.65,0.224
2024-12-10 02:00:00+00:00,7.65,89.29631,0.0,8.15,0.224
2024-12-10 03:00:00+00:00,7.4,89.276054,0.0,7.75,0.224
2024-12-10 04:00:00+00:00,7.5,88.0569,0.0,7.45,0.224
2024-12-10 05:00:00+00:00,7.2,87.42061,0.0,7.1,0.224
2024-12-10 06:00:00+00:00,8.65,81.72218,0.0,7.2,0.223
2024-12-10 07:00:00+00:00,10.5,74.201935,0.0,8.05,0.223
2024-12-10 08:00:00+00:00,11.95,68.10577,0.0,9.3,0.222
2024-12-10 09:00:00+00:00,13.3,63.20386,0.0,10.6,0.221
2024-12-10 10:00:00+00:00,14.25,59.832176,0.0,11.8,0.22
2024-12-10 11:00:00+00:00,15.05,54.898552,0.0,12.75,0.219
2024-12-10 12:00:00+00:00,15.25,52.173763,0.0,13.25,0.218
2024-12-10 13:00:00+00:00,14.65,53.11004,0.0,13.15,0.214
2024-12-10 14:00:00+00:00,12.65,64.153244,0.0,12.5,0.214
2024-12-10 15:00:00+00:00,10.8,71.98551,0.0,11.1,0.214
2024-12-10 16:00:00+00:00,9.85,76.16829,0.0,10.05,0.214
2024-12-10 17:00:00+00:00,8.9,78.42725,0.0,9.15,0.214
2024-12-10 18:00:00+00:00,8.35,78.34321,0.0,8.35,0.213
2024-12-10 19:00:00+00:00,7.8,79.91863,0.0,7.8,0.213
2024-12-10 20:00:00+00:00,8.05,80.23374,0.0,7.45,0.213
2024-12-10 21:00:00+00:00,7.45,83.580315,0.0,7.2,0.213
2024-12-10 22:00:00+00:00,7.1,85.00942,0.0,6.95,0.213
2024-12-10 23:00:00+00:00,6.6,86.45309,0.0,6.7,0.213
2024-12-11 00:00:00+00:00,6.3,87.94848,0.0,6.5,0.213
2024-12-11 01:00:00+00:00,7.2,87.7248,0.0,7.7,0.196
2024-12-11 02:00:00+00:00,7.05,87.40645,0.0,7.3,0.196
2024-12-11 03:00:00+00:00,7.1,86.202896,0.0,7.05,0.196
2024-12-11 04:00:00+00:00,6.5,86.74581,0.0,6.75,0.196
2024-12-11 05:00:00+00:00,6.2,86.10995,0.0,6.45,0.196
2024-12-11 06:00:00+00:00,7.5,80.155624,0.0,6.5,0.196
2024-12-11 07:00:00+00:00,9.3,74.24746,0.0,7.4,0.196
2024-12-11 08:00:00+00:00,8.6,77.83763,0.5,8.1,0.201
2024-12-11 09:00:00+00:00,8.3,78.06271,2.5,8.3,0.235
2024-12-11 10:00:00+00:00,9.1,82.34726,1.4,8.75,0.253
2024-12-11 11:00:00+00:00,11.0,67.20354,0.1,9.75,0.253
2024-12-11 12:00:00+00:00,11.25,67.25666,0.1,10.25,0.253
2024-12-11 13:00:00+00:00,9.35,76.08544,0.0,9.0,0.37
2024-12-11 14:00:00+00:00,7.85,83.919334,0.0,8.75,0.362
2024-12-11 15:00:00+00:00,6.3,93.31605,0.0,8.1,0.355
2024-12-11 16:00:00+00:00,5.5,94.91713,0.0,7.2,0.35
2024-12-11 17:00:00+00:00,5.15,94.90313,0.0,6.4,0.345
2024-12-11 18:00:00+00:00,4.95,93.24547,0.0,5.7,0.341
2024-12-11 19:00:00+00:00,4.5,93.55068,0.0,5.15,0.337
2024-12-11 20:00:00+00:00,4.3,94.20267,0.0,4.75,0.334
2024-12-11 21:00:00+00:00,3.75,95.51982,0.0,4.25,0.33
2024-12-11 22:00:00+00:00,3.4,96.527954,0.0,3.9,0.327
2024-12-11 23:00:00+00:00,2.9,97.548355,0.0,3.45,0.325
2024-12-12 00:00:00+00:00,2.6,98.58906,0.0,3.2,0.322
2024-12-12 01:00:00+00:00,3.8,97.566,0.0,4.05,0.327
2024-12-12 02:00:00+00:00,3.15,98.24688,0.0,3.6,0.324
2024-12-12 03:00:00+00:00,3.3,98.24899,0.0,3.65,0.322
2024-12-12 04:00:00+00:00,3.45,98.59871,0.0,3.85,0.32
2024-12-12 05:00:00+00:00,3.0,99.29461,0.0,3.8,0.318
2024-12-12 06:00:00+00:00,3.5,99.29745,0.0,4.05,0.315
2024-12-12 07:00:00+00:00,4.35,94.537415,0.0,4.75,0.313
2024-12-12 08:00:00+00:00,5.7,83.95907,0.0,5.7,0.312
2024-12-12 09:00:00+00:00,6.5,74.27291,0.0,6.45,0.31
2024-12-12 10:00:00+00:00,6.65,72.98921,0.2,6.9,0.31
2024-12-12 11:00:00+00:00,7.65,66.006645,0.1,7.55,0.308
2024-12-12 12:00:00+00:00,7.6,62.312664,0.1,7.8,0.306
2024-12-12 13:00:00+00:00,6.75,69.20038,0.1,8.1,0.307
2024-12-12 14:00:00+00:00,4.5,82.62744,0.2,7.15,0.307
2024-12-12 15:00:00+00:00,3.8,84.03223,0.0,6.1,0.306
2024-12-12 16:00:00+00:00,3.3,82.175644,0.0,5.35,0.304
2024-12-12 17:00:00+00:00,2.3,86.631996,0.0,4.7,0.303
2024-12-12 18:00:00+00:00,1.35,90.39452,0.0,4.05,0.302
2024-12-12 19:00:00+00:00,0.5,92.6667,0.0,3.45,0.3
2024-12-12 20:00:00+00:00,-0.25,93.989685,0.0,2.9,0.299
2024-12-12 21:00:00+00:00,-0.75,95.3556,0.0,2.4,0.298
2024-12-12 22:00:00+00:00,-1.0,96.40276,0.0,2.0,0.296
2024-12-12 23:00:00+00:00,-1.2,96.39691,0.0,1.65,0.295
2024-12-13 00:00:00+00:00,-1.55,97.09989,0.0,1.3,0.294
2024-12-13 01:00:00+00:00,-0.7,95.70768,0.0,1.6,0.305
2024-12-13 02:00:00+00:00,-1.3,96.039795,0.0,1.25,0.304
2024-12-13 03:00:00+00:00,-1.65,95.67453,0.0,0.95,0.303
2024-12-13 04:00:00+00:00,-1.65,95.32168,0.0,0.85,0.301
2024-12-13 05:00:00+00:00,-1.65,95.32168,0.0,0.8,0.3
2024-12-13 06:00:00+00:00,-0.55,95.71287,0.0,0.8,0.299
2024-12-13 07:00:00+00:00,1.0,88.092804,0.0,0.9,0.297
2024-12-13 08:00:00+00:00,2.3,77.38733,0.0,2.05,0.296
2024-12-13 09:00:00+00:00,3.7,65.11673,0.0,3.45,0.294
2024-12-13 10:00:00+00:00,4.55,57.38819,0.1,4.4,0.293
2024-12-13 11:00:00+00:00,4.7,53.49645,0.0,4.8,0.291
2024-12-13 12:00:00+00:00,4.65,54.902443,0.0,5.1,0.29
2024-12-13 13:00:00+00:00,4.1,59.445625,0.0,4.8,0.281
2024-12-13 14:00:00+00:00,3.15,65.71746,0.0,4.45,0.28
2024-12-13 15:00:00+00:00,1.65,74.205635,0.0,3.7,0.279
2024-12-13 16:00:00+00:00,1.15,76.34649,0.0,3.1,0.278
2024-12-13 17:00:00+00:00,0.55,77.09967,0.0,2.5,0.278
2024-12-13 18:00:00+00:00,0.35,77.35388,0.0,2.05,0.277
2024-12-13 19:00:00+00:00,0.35,79.392624,0.0,1.85,0.276
2024-12-13 20:00:00+00:00,-0.1,84.49089,0.0,1.55,0.275
2024-12-13 21:00:00+00:00,-0.6,89.25362,0.0,1.3,0.275
2024-12-13 22:00:00+00:00,-0.6,89.25362,0.0,1.2,0.274
2024-12-13 23:00:00+00:00,-0.65,86.96883,0.0,1.1,0.273
2024-12-14 00:00:00+00:00,-0.9,83.45821,0.0,1.0,0.273
2024-12-14 01:00:00+00:00,-0.85,75.148605,0.0,1.35,0.27
2024-12-14 02:00:00+00:00,-1.3,77.37164,0.0,1.0,0.269
2024-12-14 03:00:00+00:00,-1.55,78.21156,0.0,0.9,0.269
2024-12-14 04:00:00+00:00,-1.1,75.10385,0.0,0.9,0.268
2024-12-14 05:00:00+00:00,-1.1,74.256836,0.0,0.85,0.267
2024-12-14 06:00:00+00:00,-0.35,69.50915,0.0,0.9,0.267
2024-12-14 07:00:00+00:00,0.55,67.88497,0.0,1.05,0.266
2024-12-14 08:00:00+00:00,1.25,63.103386,0.0,1.9,0.265
2024-12-14 09:00:00+00:00,2.0,58.907772,0.0,2.95,0.264
2024-12-14 10:00:00+00:00,2.5,57.49668,0.0,3.8,0.263
2024-12-14 11:00:00+00:00,3.1,53.6613,0.0,4.6,0.262
2024-12-14 12:00:00+00:00,3.25,52.097137,0.0,5.1,0.261
2024-12-14 13:00:00+00:00,3.05,50.477226,0.0,5.3,0.249
2024-12-14 14:00:00+00:00,1.7,59.956196,0.0,4.55,0.249
2024-12-14 15:00:00+00:00,0.15,64.0459,0.0,3.1,0.248
2024-12-14 16:00:00+00:00,-0.85,68.354774,0.0,2.0,0.248
2024-12-14 17:00:00+00:00,-0.8,66.81914,0.0,1.35,0.248
2024-12-14 18:00:00+00:00,-1.7,69.75539,0.0,0.9,0.247
2024-12-14 19:00:00+00:00,-2.15,72.66095,0.0,0.8,0.247
2024-12-14 20:00:00+00:00,-2.35,74.30857,0.0,0.75,0.247
2024-12-14 21:00:00+00:00,-2.7,75.67876,0.0,0.7,0.246
2024-12-14 22:00:00+00:00,-2.6,73.41347,0.0,0.65,0.246
2024-12-14 23:00:00+00:00,-2.55,72.58303,0.0,0.6,0.246
2024-12-15 00:00:00+00:00,-2.2,70.45735,0.0,0.55,0.245
2024-12-15 01:00:00+00:00,-2.8,73.09401,0.0,-0.1,0.244
2024-12-15 02:00:00+00:00,-2.45,70.949196,0.0,-0.1,0.244
2024-12-15 03:00:00+00:00,-2.7,72.27542,0.0,-0.15,0.243
2024-12-15 04:00:00+00:00,-2.25,69.639404,0.0,-0.15,0.243
2024-12-15 05:00:00+00:00,-1.9,68.12573,0.0,-0.15,0.243
2024-12-15 06:00:00+00:00,-0.15,60.63626,0.0,-0.15,0.243
2024-12-15 07:00:00+00:00,1.7,54.720882,0.0,-0.1,0.242
2024-12-15 08:00:00+00:00,3.9,50.145428,0.0,-0.05,0.242
2024-12-15 09:00:00+00:00,5.2,49.574654,0.0,0.05,0.242
2024-12-15 10:00:00+00:00,6.0,49.989338,0.0,0.1,0.241
2024-12-15 11:00:00+00:00,6.6,51.28969,0.0,0.2,0.241
2024-12-15 12:00:00+00:00,7.15,52.20805,0.0,0.3,0.24
2024-12-15 13:00:00+00:00,4.95,60.771774,0.0,-0.55,0.241
2024-12-15 14:00:00+00:00,3.85,69.86276,0.0,-0.5,0.241
2024-12-15 15:00:00+00:00,3.55,75.09396,0.0,-0.45,0.241
2024-12-15 16:00:00+00:00,3.5,80.15138,0.1,-0.4,0.242
2024-12-15 17:00:00+00:00,3.1,86.71304,0.0,-0.35,0.241
2024-12-15 18:00:00+00:00,2.05,90.446754,0.1,-0.35,0.242
2024-12-15 19:00:00+00:00,1.85,93.75156,1.1,-0.35,0.257
2024-12-15 20:00:00+00:00,2.3,92.77017,0.6,-0.3,0.264
2024-12-15 21:00:00+00:00,1.85,95.7948,0.4,-0.25,0.269
2024-12-15 22:00:00+00:00,1.7,95.78975,0.7,-0.25,0.279
2024-12-15 23:00:00+00:00,1.4,96.1252,1.3,-0.2,0.297
2024-12-16 00:00:00+00:00,1.75,93.40959,1.8,-0.2,0.321
2024-12-16 01:00:00+00:00,2.95,91.817764,0.6,2.2,0.31
2024-12-16 02:00:00+00:00,2.7,93.458855,0.1,2.15,0.31
2024-12-16 03:00:00+00:00,1.95,95.45519,0.1,1.85,0.309
2024-12-16 04:00:00+00:00,1.8,96.13761,0.1,1.65,0.308
2024-12-16 05:00:00+00:00,1.6,96.82477,0.1,1.6,0.309
2024-12-16 06:00:00+00:00,1.95,96.14225,0.1,1.75,0.308
2024-12-16 07:00:00+00:00,2.45,94.11745,0.1,2.1,0.307
2024-12-16 08:00:00+00:00,3.1,87.65229,0.0,2.5,0.306
2024-12-16 09:00:00+00:00,4.05,78.23262,0.0,3.15,0.304
2024-12-16 10:00:00+00:00,5.3,67.66078,0.0,4.15,0.302
2024-12-16 11:00:00+00:00,5.75,63.469524,0.0,4.9,0.3
2024-12-16 12:00:00+00:00,5.45,63.630997,0.0,5.2,0.299
2024-12-16 13:00:00+00:00,4.9,60.759384,0.0,5.25,0.313
2024-12-16 14:00:00+00:00,3.75,67.324745,0.0,4.75,0.311
2024-12-16 15:00:00+00:00,1.85,79.32681,0.0,3.85,0.309
2024-12-16 16:00:00+00:00,0.85,83.983315,0.0,3.0,0.307
2024-12-16 17:00:00+00:00,0.1,85.14062,0.0,2.3,0.306
2024-12-16 18:00:00+00:00,-1.05,83.75137,0.0,1.45,0.305
2024-12-16 19:00:00+00:00,-1.3,82.78608,0.0,0.9,0.303
2024-12-16 20:00:00+00:00,-1.5,82.76004,0.0,0.8,0.302
2024-12-16 21:00:00+00:00,-1.6,83.68332,0.0,0.7,0.301
2024-12-16 22:00:00+00:00,-1.9,85.23081,0.0,0.65,0.3
2024-12-16 23:00:00+00:00,-2.4,87.44552,0.0,0.6,0.298
2024-12-17 00:00:00+00:00,-2.25,86.48119,0.0,0.55,0.297
2024-12-17 01:00:00+00:00,-2.2,89.78692,0.0,0.9,0.297
2024-12-17 02:00:00+00:00,-2.3,90.45273,0.0,0.8,0.296
2024-12-17 03:00:00+00:00,-2.45,91.80415,0.0,0.7,0.295
2024-12-17 04:00:00+00:00,-2.3,91.471954,0.0,0.65,0.294
2024-12-17 05:00:00+00:00,-2.25,90.795,0.0,0.6,0.293
2024-12-17 06:00:00+00:00,-1.15,89.871,0.0,0.55,0.292
2024-12-17 07:00:00+00:00,0.65,82.42735,0.0,0.6,0.291
2024-12-17 08:00:00+00:00,2.2,74.85491,0.0,0.75,0.29
2024-12-17 09:00:00+00:00,3.4,66.26226,0.0,1.0,0.289
2024-12-17 10:00:00+00:00,4.4,58.209446,0.0,2.95,0.287
2024-12-17 11:00:00+00:00,5.2,51.47217,0.0,4.35,0.286
2024-12-17 12:00:00+00:00,5.45,48.90513,0.0,5.15,0.284
2024-12-17 13:00:00+00:00,4.1,58.348957,0.0,2.9,0.283
2024-12-17 14:00:00+00:00,2.3,69.80088,0.0,2.75,0.283
2024-12-17 15:00:00+00:00,1.05,72.72944,0.0,1.75,0.282
2024-12-17 16:00:00+00:00,1.1,73.2827,0.0,0.95,0.281
2024-12-17 17:00:00+00:00,1.35,72.78679,0.0,0.85,0.281
2024-12-17 18:00:00+00:00,1.2,73.02937,0.0,0.75,0.28
2024-12-17 19:00:00+00:00,0.75,75.1521,0.0,0.7,0.279
2024-12-17 20:00:00+00:00,0.35,77.06647,0.0,0.65,0.279
2024-12-17 21:00:00+00:00,-0.15,79.90976,0.0,0.6,0.278
2024-12-17 22:00:00+00:00,-0.6,82.876785,0.0,0.55,0.278
2024-12-17 23:00:00+00:00,-0.9,85.02681,0.0,0.55,0.277
2024-12-18 00:00:00+00:00,-1.1,86.279366,0.0,0.5,0.277
2024-12-18 01:00:00+00:00,-2.0,91.49229,0.0,0.3,0.276
2024-12-18 02:00:00+00:00,-2.15,91.82374,0.0,0.25,0.275
2024-12-18 03:00:00+00:00,-2.25,92.16023,0.0,0.2,0.275
2024-12-18 04:00:00+00:00,-2.2,91.13813,0.0,0.2,0.274
2024-12-18 05:00:00+00:00,-2.05,89.798996,0.0,0.15,0.274
2024-12-18 06:00:00+00:00,-0.85,87.921074,0.0,0.15,0.273
2024-12-18 07:00:00+00:00,1.6,78.70827,0.0,0.2,0.273
2024-12-18 08:00:00+00:00,3.8,68.08213,0.0,0.25,0.272
2024-12-18 09:00:00+00:00,5.45,61.79539,0.0,0.35,0.271
2024-12-18 10:00:00+00:00,6.45,59.38288,0.0,0.5,0.27
2024-12-18 11:00:00+00:00,7.0,59.08961,0.0,0.65,0.269
2024-12-18 12:00:00+00:00,7.2,59.571213,0.0,0.9,0.268
2024-12-18 13:00:00+00:00,6.55,63.887806,0.0,0.1,0.27
2024-12-18 14:00:00+00:00,3.65,74.83885,0.0,0.15,0.269
2024-12-18 15:00:00+00:00,2.0,78.48196,0.0,0.1,0.269
2024-12-18 16:00:00+00:00,1.65,79.880936,0.0,0.1,0.269
2024-12-18 17:00:00+00:00,1.35,80.722,0.0,0.05,0.268
2024-12-18 18:00:00+00:00,0.95,81.862206,0.0,0.05,0.268
2024-12-18 19:00:00+00:00,0.7,82.43392,0.0,0.0,0.267
2024-12-18 20:00:00+00:00,0.5,83.01794,0.0,0.0,0.267
2024-12-18 21:00:00+00:00,0.45,83.31833,0.0,-0.05,0.267
2024-12-18 22:00:00+00:00,0.3,83.60757,0.0,-0.05,0.266
2024-12-18 23:00:00+00:00,0.05,84.508545,0.0,-0.1,0.266
2024-12-19 00:00:00+00:00,-0.15,85.11229,0.0,-0.1,0.265
2024-12-19 01:00:00+00:00,-0.8,88.251915,0.0,0.05,0.265
2024-12-19 02:00:00+00:00,-0.85,88.9031,0.0,0.05,0.265
2024-12-19 03:00:00+00:00,-1.05,89.5468,0.0,0.0,0.264
2024-12-19 04:00:00+00:00,-1.5,91.18722,0.0,0.0,0.264
2024-12-19 05:00:00+00:00,-2.15,92.85538,0.0,-0.05,0.264
2024-12-19 06:00:00+00:00,-1.05,93.95104,0.0,-0.05,0.263
2024-12-19 07:00:00+00:00,1.55,87.18741,0.0,0.0,0.263
2024-12-19 08:00:00+00:00,3.45,80.14415,0.0,0.05,0.263
2024-12-19 09:00:00+00:00,5.15,72.708534,0.0,0.15,0.262
2024-12-19 10:00:00+00:00,6.45,66.695206,0.0,0.25,0.261
2024-12-19 11:00:00+00:00,7.1,64.478165,0.0,0.4,0.261
2024-12-19 12:00:00+00:00,7.15,64.95533,0.0,0.5,0.26
2024-12-19 13:00:00+00:00,6.15,68.334015,0.0,-0.65,0.261
2024-12-19 14:00:00+00:00,2.7,81.79904,0.0,-0.6,0.261
2024-12-19 15:00:00+00:00,0.25,87.701004,0.0,-0.6,0.26
2024-12-19 16:00:00+00:00,0.15,88.01434,0.0,-0.6,0.26
2024-12-19 17:00:00+00:00,-0.5,90.25443,0.0,-0.6,0.26
2024-12-19 18:00:00+00:00,-1.25,92.2225,0.0,-0.65,0.259
2024-12-19 19:00:00+00:00,-1.85,92.18522,0.0,-0.65,0.259
2024-12-19 20:00:00+00:00,-1.85,90.824135,0.0,-0.7,0.259
2024-12-19 21:00:00+00:00,-1.35,88.85964,0.0,-0.75,0.259
2024-12-19 22:00:00+00:00,-1.15,88.87706,0.0,-0.85,0.258
2024-12-19 23:00:00+00:00,-1.45,90.18133,0.0,-0.95,0.258
2024-12-20 00:00:00+00:00,-2.35,92.15395,0.0,-1.45,0.258
2024-12-20 01:00:00+00:00,-2.15,91.48214,0.0,0.6,0.257
2024-12-20 02:00:00+00:00,-2.15,90.80229,0.0,0.55,0.257
2024-12-20 03:00:00+00:00,-2.15,90.126945,0.0,0.5,0.257
2024-12-20 04:00:00+00:00,-1.95,89.47264,0.0,0.45,0.257
2024-12-20 05:00:00+00:00,-2.0,89.80301,0.0,0.4,0.256
2024-12-20 06:00:00+00:00,-1.0,88.89008,0.0,0.4,0.256
2024-12-20 07:00:00+00:00,0.75,90.02059,0.0,0.4,0.256
2024-12-20 08:00:00+00:00,2.55,83.27655,0.0,0.5,0.256
2024-12-20 09:00:00+00:00,3.95,76.53846,0.0,0.6,0.255
2024-12-20 10:00:00+00:00,5.2,70.903244,0.0,0.8,0.254
2024-12-20 11:00:00+00:00,6.2,67.1234,0.0,1.95,0.254
2024-12-20 12:00:00+00:00,6.85,65.12148,0.0,3.65,0.253
2024-12-20 13:00:00+00:00,5.0,69.33849,0.0,-0.65,0.254
2024-12-20 14:00:00+00:00,2.35,79.98389,0.0,-0.6,0.254
2024-12-20 15:00:00+00:00,0.1,84.20287,0.0,-0.6,0.254
2024-12-20 16:00:00+00:00,-0.45,85.07818,0.0,-0.65,0.253
2024-12-20 17:00:00+00:00,-0.85,85.03253,0.0,-0.65,0.253
2024-12-20 18:00:00+00:00,-1.25,86.263504,0.0,-0.7,0.253
2024-12-20 19:00:00+00:00,-1.65,86.86768,0.0,-0.75,0.253
2024-12-20 20:00:00+00:00,-1.55,85.27044,0.0,-0.8,0.252
2024-12-20 21:00:00+00:00,-1.5,83.695724,0.0,-0.9,0.252
2024-12-20 22:00:00+00:00,-1.65,83.36386,0.0,-1.25,0.252
2024-12-20 23:00:00+00:00,-1.6,83.68332,0.0,-1.4,0.252
2024-12-21 00:00:00+00:00,-0.5,84.13083,0.0,-1.1,0.252
2024-12-21 01:00:00+00:00,2.5,82.96874,0.0,1.45,0.251
2024-12-21 02:00:00+00:00,1.8,83.79154,0.0,0.9,0.251
2024-12-21 03:00:00+00:00,2.65,83.591255,0.0,0.9,0.251
2024-12-21 04:00:00+00:00,1.4,83.742775,0.0,0.85,0.251
2024-12-21 05:00:00+00:00,1.25,82.8091,0.0,0.75,0.25
2024-12-21 06:00:00+00:00,4.5,74.98894,0.1,0.8,0.251
2024-12-21 07:00:00+00:00,5.1,75.90787,0.1,1.0,0.252
2024-12-21 08:00:00+00:00,5.0,85.07511,1.0,1.9,0.265
2024-12-21 09:00:00+00:00,5.4,85.42096,1.5,2.6,0.285
2024-12-21 10:00:00+00:00,5.75,86.06313,2.2,3.1,0.314
2024-12-21 11:00:00+00:00,6.5,83.17273,0.1,3.55,0.314
2024-12-21 12:00:00+00:00,8.75,77.05227,0.0,4.7,0.313
2024-12-21 13:00:00+00:00,8.45,77.81419,0.0,4.6,0.327
2024-12-21 14:00:00+00:00,6.4,87.95758,1.0,4.55,0.337
2024-12-21 15:00:00+00:00,5.55,90.384315,1.6,4.4,0.356
2024-12-21 16:00:00+00:00,5.55,87.57131,0.0,4.15,0.352
2024-12-21 17:00:00+00:00,5.0,86.90267,1.0,3.85,0.362
2024-12-21 18:00:00+00:00,4.75,89.05781,2.9,3.55,0.391
2024-12-21 19:00:00+00:00,3.25,95.50201,0.0,3.2,0.381
2024-12-21 20:00:00+00:00,3.25,95.84152,0.0,3.05,0.373
2024-12-21 21:00:00+00:00,2.65,92.4585,0.0,2.5,0.367
2024-12-21 22:00:00+00:00,3.1,89.879,0.0,2.05,0.361
2024-12-21 23:00:00+00:00,2.45,93.445946,0.0,1.65,0.357
2024-12-22 00:00:00+00:00,3.1,94.147606,0.0,1.75,0.353
2024-12-22 01:00:00+00:00,2.75,90.17457,0.0,1.0,0.363
2024-12-22 02:00:00+00:00,2.55,89.83587,0.0,1.25,0.36
2024-12-22 03:00:00+00:00,1.85,90.759094,0.0,1.15,0.356
2024-12-22 04:00:00+00:00,1.4,91.71785,0.0,1.0,0.353
2024-12-22 05:00:00+00:00,2.25,89.812225,0.0,1.25,0.351
2024-12-22 06:00:00+00:00,2.45,88.54349,0.0,1.45,0.348
2024-12-22 07:00:00+00:00,3.45,86.1286,0.3,2.0,0.349
2024-12-22 08:00:00+00:00,4.1,85.27845,0.0,2.7,0.347
2024-12-22 09:00:00+00:00,5.95,73.645645,0.0,3.8,0.345
2024-12-22 10:00:00+00:00,6.5,71.670296,0.4,4.6,0.347
2024-12-22 11:00:00+00:00,7.2,60.22316,0.1,5.2,0.345
2024-12-22 12:00:00+00:00,7.2,60.661297,0.0,5.6,0.343
2024-12-22 13:00:00+00:00,7.15,58.91288,0.0,5.2,0.342
2024-12-22 14:00:00+00:00,6.0,66.116,0.0,4.95,0.34
2024-12-22 15:00:00+00:00,3.55,85.52374,0.0,4.3,0.338
2024-12-22 16:00:00+00:00,2.55,93.11722,0.0,3.6,0.336
2024-12-22 17:00:00+00:00,2.0,89.14605,0.0,2.6,0.334
2024-12-22 18:00:00+00:00,2.5,79.135475,0.0,1.8,0.333
2024-12-22 19:00:00+00:00,2.55,75.46883,0.0,1.15,0.331
2024-12-22 20:00:00+00:00,2.1,76.22663,0.0,0.9,0.33
2024-12-22 21:00:00+00:00,1.85,77.8843,0.0,0.85,0.328
2024-12-22 22:00:00+00:00,1.7,78.14716,0.0,0.8,0.327
2024-12-22 23:00:00+00:00,1.55,79.28143,0.0,0.8,0.326
2024-12-23 00:00:00+00:00,1.15,79.806946,0.0,0.75,0.324
2024-12-23 01:00:00+00:00,2.25,82.03657,0.0,1.55,0.318
2024-12-23 02:00:00+00:00,2.25,81.14483,0.0,1.35,0.318
2024-12-23 03:00:00+00:00,2.55,81.48219,0.0,1.5,0.317
2024-12-23 04:00:00+00:00,2.5,82.069824,0.0,1.6,0.316
2024-12-23 05:00:00+00:00,2.0,85.043915,0.0,1.4,0.315
2024-12-23 06:00:00+00:00,2.75,84.210495,0.0,1.4,0.314
2024-12-23 07:00:00+00:00,4.85,75.86531,0.0,2.25,0.313
2024-12-23 08:00:00+00:00,6.7,69.43837,0.0,3.65,0.312
2024-12-23 09:00:00+00:00,8.2,66.128136,0.0,5.05,0.311
2024-12-23 10:00:00+00:00,9.25,62.926514,0.0,6.3,0.31
2024-12-23 11:00:00+00:00,9.95,57.939888,0.0,7.25,0.308
2024-12-23 12:00:00+00:00,10.15,56.158905,0.0,7.8,0.306
2024-12-23 13:00:00+00:00,9.6,56.621426,0.0,7.8,0.314
2024-12-23 14:00:00+00:00,8.3,64.75172,0.0,7.25,0.313
2024-12-23 15:00:00+00:00,5.2,77.297615,0.0,5.9,0.312
2024-12-23 16:00:00+00:00,4.6,76.09644,0.0,4.7,0.311
2024-12-23 17:00:00+00:00,3.55,80.15862,0.0,3.85,0.311
2024-12-23 18:00:00+00:00,3.95,82.26096,0.0,3.5,0.31
2024-12-23 19:00:00+00:00,3.9,85.25634,0.0,3.2,0.31
2024-12-23 20:00:00+00:00,3.6,86.1443,0.0,2.95,0.309
2024-12-23 21:00:00+00:00,3.3,86.42253,0.0,2.7,0.308
2024-12-23 22:00:00+00:00,3.85,85.86291,0.0,2.6,0.308
2024-12-23 23:00:00+00:00,3.65,86.76835,0.0,2.55,0.307
2024-12-24 00:00:00+00:00,3.45,87.3719,0.0,2.45,0.307
2024-12-24 01:00:00+00:00,4.45,87.46744,0.0,3.55,0.295
2024-12-24 02:00:00+00:00,4.6,86.86309,0.0,3.4,0.295
2024-12-24 03:00:00+00:00,4.45,86.54002,0.0,3.35,0.294
2024-12-24 04:00:00+00:00,4.4,85.921295,0.0,3.25,0.294
2024-12-24 05:00:00+00:00,4.85,83.559975,0.1,3.35,0.295
2024-12-24 06:00:00+00:00,5.45,82.74853,0.4,3.55,0.3
2024-12-24 07:00:00+00:00,6.65,78.0805,0.0,4.15,0.299
2024-12-24 08:00:00+00:00,7.2,75.72451,0.1,4.7,0.299
2024-12-24 09:00:00+00:00,6.75,80.330765,0.2,4.9,0.3
2024-12-24 10:00:00+00:00,7.35,78.74065,0.0,5.25,0.3
2024-12-24 11:00:00+00:00,7.95,76.92315,1.9,5.7,0.324
2024-12-24 12:00:00+00:00,8.3,78.335556,0.9,6.05,0.335
2024-12-24 13:00:00+00:00,9.2,79.018074,1.0,6.5,0.358
2024-12-24 14:00:00+00:00,8.85,81.18519,1.5,6.5,0.374
2024-12-24 15:00:00+00:00,8.6,80.87052,1.4,6.35,0.387
2024-12-24 16:00:00+00:00,8.9,73.14635,0.1,6.2,0.38
2024-12-24 17:00:00+00:00,9.1,69.43526,0.0,6.2,0.375
2024-12-24 18:00:00+00:00,9.05,67.73462,0.0,6.25,0.37
2024-12-24 19:00:00+00:00,9.05,67.021355,0.0,6.35,0.365
2024-12-24 20:00:00+00:00,8.65,70.08108,0.0,6.4,0.362
2024-12-24 21:00:00+00:00,8.25,72.25973,0.0,6.3,0.359
2024-12-24 22:00:00+00:00,7.95,73.747116,0.0,6.25,0.356
2024-12-24 23:00:00+00:00,7.9,73.73808,0.0,6.2,0.353
2024-12-25 00:00:00+00:00,7.45,76.30272,0.0,6.1,0.351
2024-12-25 01:00:00+00:00,8.15,73.008415,0.0,7.15,0.342
2024-12-25 02:00:00+00:00,7.5,75.24297,0.0,6.75,0.34
2024-12-25 03:00:00+00:00,7.05,74.63484,0.0,6.4,0.339
2024-12-25 04:00:00+00:00,7.15,72.56488,0.0,6.2,0.337
2024-12-25 05:00:00+00:00,7.1,72.5555,0.0,6.1,0.335
2024-12-25 06:00:00+00:00,7.45,69.34424,0.0,6.1,0.334
2024-12-25 07:00:00+00:00,8.45,66.41864,0.0,6.4,0.332
2024-12-25 08:00:00+00:00,9.65,64.14412,0.0,7.1,0.331
2024-12-25 09:00:00+00:00,10.15,62.251793,0.0,7.6,0.329
2024-12-25 10:00:00+00:00,11.2,55.834293,0.0,8.3,0.327
2024-12-25 11:00:00+00:00,11.4,56.084538,0.0,8.8,0.326
2024-12-25 12:00:00+00:00,11.6,53.991432,0.0,9.0,0.324
2024-12-25 13:00:00+00:00,10.55,60.1858,0.0,8.85,0.314
2024-12-25 14:00:00+00:00,9.25,68.73744,0.0,8.45,0.313
2024-12-25 15:00:00+00:00,7.75,74.232704,0.0,7.95,0.312
2024-12-25 16:00:00+00:00,5.2,82.716774,0.5,7.25,0.318
2024-12-25 17:00:00+00:00,5.5,90.38064,0.3,6.5,0.32
2024-12-25 18:00:00+00:00,5.95,89.47006,0.1,6.15,0.321
2024-12-25 19:00:00+00:00,5.95,88.5351,0.0,5.9,0.321
2024-12-25 20:00:00+00:00,5.9,87.912025,1.3,5.75,0.337
2024-12-25 21:00:00+00:00,5.55,88.81183,0.4,5.6,0.341
2024-12-25 22:00:00+00:00,5.0,90.025925,0.1,5.4,0.341
2024-12-25 23:00:00+00:00,4.9,86.8928,0.1,5.15,0.341
2024-12-26 00:00:00+00:00,4.65,78.32626,1.4,4.85,0.358
2024-12-26 01:00:00+00:00,4.55,85.328,0.1,4.4,0.337
2024-12-26 02:00:00+00:00,4.25,85.9054,0.1,4.3,0.338
2024-12-26 03:00:00+00:00,3.5,88.00407,0.0,4.05,0.337
2024-12-26 04:00:00+00:00,3.85,86.170425,0.0,3.95,0.336
2024-12-26 05:00:00+00:00,3.65,87.3911,0.0,3.8,0.336
2024-12-26 06:00:00+00:00,4.0,85.878876,0.0,3.85,0.335
2024-12-26 07:00:00+00:00,5.35,81.27951,0.0,4.35,0.334
2024-12-26 08:00:00+00:00,6.95,72.785675,0.0,5.4,0.333
2024-12-26 09:00:00+00:00,7.9,68.70059,0.0,6.5,0.332
2024-12-26 10:00:00+00:00,8.7,65.30462,0.1,7.4,0.333
2024-12-26 11:00:00+00:00,9.3,62.715164,0.3,8.15,0.334
2024-12-26 12:00:00+00:00,9.4,60.117203,0.2,8.4,0.335
2024-12-26 13:00:00+00:00,8.3,70.01095,0.1,7.85,0.36
2024-12-26 14:00:00+00:00,7.3,79.01015,0.0,7.45,0.358
2024-12-26 15:00:00+00:00,5.85,81.63607,0.0,6.75,0.355
2024-12-26 16:00:00+00:00,5.7,80.18109,0.0,6.2,0.353
2024-12-26 17:00:00+00:00,5.55,80.73137,0.0,5.8,0.351
2024-12-26 18:00:00+00:00,4.55,85.328,0.0,5.35,0.349
2024-12-26 19:00:00+00:00,3.4,90.223854,0.0,4.85,0.348
2024-12-26 20:00:00+00:00,2.35,92.77302,0.0,4.35,0.346
2024-12-26 21:00:00+00:00,1.7,94.42167,0.0,3.9,0.345
2024-12-26 22:00:00+00:00,1.15,96.11739,0.0,3.5,0.343
2024-12-26 23:00:00+00:00,0.9,97.50847,0.0,3.15,0.342
2024-12-27 00:00:00+00:00,0.8,97.15478,0.0,2.85,0.341
2024-12-27 01:00:00+00:00,2.25,97.5355,0.0,3.85,0.325
2024-12-27 02:00:00+00:00,1.8,97.17766,0.0,3.45,0.324
2024-12-27 03:00:00+00:00,0.85,98.924934,0.0,2.95,0.323
2024-12-27 04:00:00+00:00,1.05,99.28332,0.0,2.7,0.322
2024-12-27 05:00:00+00:00,1.3,100.0,0.0,2.65,0.321
2024-12-27 06:00:00+00:00,1.75,100.0,0.0,2.7,0.32
2024-12-27 07:00:00+00:00,2.85,97.201385,0.0,3.3,0.32
2024-12-27 08:00:00+00:00,4.5,89.987564,0.0,4.35,0.319
2024-12-27 09:00:00+00:00,6.05,79.66476,0.1,5.2,0.319
2024-12-27 10:00:00+00:00,6.75,73.79114,0.2,5.95,0.32
2024-12-27 11:00:00+00:00,6.3,76.926285,0.2,6.15,0.321
2024-12-27 12:00:00+00:00,5.65,81.03241,0.3,6.0,0.322
2024-12-27 13:00:00+00:00,5.35,79.84594,0.1,5.9,0.339
2024-12-27 14:00:00+00:00,4.35,87.76924,0.3,5.4,0.34
2024-12-27 15:00:00+00:00,3.85,89.93736,0.1,4.85,0.339
2024-12-27 16:00:00+00:00,3.1,91.500046,0.1,4.35,0.339
2024-12-27 17:00:00+00:00,2.5,91.460175,0.0,3.9,0.338
2024-12-27 18:00:00+00:00,2.15,91.76641,0.0,3.6,0.337
2024-12-27 19:00:00+00:00,1.65,92.73305,0.0,3.3,0.335
2024-12-27 20:00:00+00:00,1.6,91.73084,0.0,3.15,0.334
2024-12-27 21:00:00+00:00,1.35,92.715836,0.0,3.05,0.333
2024-12-27 22:00:00+00:00,1.3,93.04898,0.0,2.95,0.332
2024-12-27 23:00:00+00:00,1.3,92.37801,0.0,2.9,0.331
2024-12-28 00:00:00+00:00,1.4,90.726585,0.0,2.9,0.33
2024-12-28 01:00:00+00:00,1.45,95.09374,0.0,2.45,0.333
2024-12-28 02:00:00+00:00,1.55,93.73669,0.0,2.5,0.332
2024-12-28 03:00:00+00:00,1.55,94.415,0.0,2.5,0.331
2024-12-28 04:00:00+00:00,1.6,93.40177,0.0,2.55,0.33
2024-12-28 05:00:00+00:00,1.8,91.08388,0.0,2.55,0.329
2024-12-28 06:00:00+00:00,2.0,88.18415,0.0,2.6,0.328
2024-12-28 07:00:00+00:00,3.0,81.24871,0.0,2.95,0.327
2024-12-28 08:00:00+00:00,3.95,78.21696,0.0,3.5,0.326
2024-12-28 09:00:00+00:00,5.75,68.49656,0.0,4.5,0.325
2024-12-28 10:00:00+00:00,5.65,69.975914,0.0,4.95,0.324
2024-12-28 11:00:00+00:00,5.7,70.49251,0.0,5.15,0.323
2024-12-28 12:00:00+00:00,6.45,65.26628,0.0,5.6,0.322
2024-12-28 13:00:00+00:00,6.95,61.70867,0.0,5.9,0.329
2024-12-28 14:00:00+00:00,6.2,66.40001,0.0,5.7,0.328
2024-12-28 15:00:00+00:00,5.25,71.68571,0.0,5.25,0.328
2024-12-28 16:00:00+00:00,5.05,71.13043,0.0,4.95,0.327
2024-12-28 17:00:00+00:00,4.65,73.672745,0.0,4.7,0.326
2024-12-28 18:00:00+00:00,4.3,76.5968,0.0,4.45,0.325
2024-12-28 19:00:00+00:00,3.7,81.63842,0.3,4.1,0.328
2024-12-28 20:00:00+00:00,3.5,83.09491,0.0,3.8,0.327
2024-12-28 21:00:00+00:00,3.4,82.1888,0.0,3.6,0.326
2024-12-28 22:00:00+00:00,2.85,83.91855,0.0,3.4,0.326
2024-12-28 23:00:00+00:00,2.45,85.40316,0.0,3.2,0.325
2024-12-29 00:00:00+00:00,3.2,82.16246,0.1,3.3,0.325
2024-12-29 01:00:00+00:00,4.35,79.41371,0.0,4.9,0.325
2024-12-29 02:00:00+00:00,3.7,81.63842,0.0,4.5,0.324
2024-12-29 03:00:00+00:00,3.8,80.48432,0.0,4.3,0.323
2024-12-29 04:00:00+00:00,3.3,83.069786,0.0,4.05,0.322
2024-12-29 05:00:00+00:00,3.4,82.4857,0.0,3.95,0.322
2024-12-29 06:00:00+00:00,3.55,81.32437,0.1,3.9,0.322
2024-12-29 07:00:00+00:00,4.1,79.949875,0.1,4.1,0.321
2024-12-29 08:00:00+00:00,4.4,81.149216,0.4,4.45,0.324
2024-12-29 09:00:00+00:00,4.15,85.5889,1.4,4.7,0.334
2024-12-29 10:00:00+00:00,5.35,79.2788,0.0,5.15,0.335
2024-12-29 11:00:00+00:00,6.65,69.67728,0.2,5.95,0.338
2024-12-29 12:00:00+00:00,7.25,64.978004,0.1,6.4,0.338
2024-12-29 13:00:00+00:00,6.35,73.71854,0.0,6.1,0.35
2024-12-29 14:00:00+00:00,5.4,79.00412,0.0,5.8,0.348
2024-12-29 15:00:00+00:00,4.2,84.9856,0.0,5.2,0.346
2024-12-29 16:00:00+00:00,4.05,84.66551,0.0,4.75,0.345
2024-12-29 17:00:00+00:00,3.75,83.7253,0.0,4.4,0.343
2024-12-29 18:00:00+00:00,3.35,84.28126,0.0,4.15,0.342
2024-12-29 19:00:00+00:00,3.65,81.9262,0.0,4.1,0.34
2024-12-29 20:00:00+00:00,3.65,82.22166,0.0,4.05,0.339
2024-12-29 21:00:00+00:00,3.5,83.09491,0.0,4.0,0.338
2024-12-29 22:00:00+00:00,3.2,83.65848,0.0,3.9,0.337
2024-12-29 23:00:00+00:00,2.2,87.88417,0.0,3.55,0.336
2024-12-30 00:00:00+00:00,2.1,87.55753,0.0,3.3,0.335
2024-12-30 01:00:00+00:00,2.75,89.20868,0.3,4.05,0.333
2024-12-30 02:00:00+00:00,2.9,90.50963,0.3,3.75,0.335
2024-12-30 03:00:00+00:00,2.85,89.859436,0.2,3.5,0.336
2024-12-30 04:00:00+00:00,2.55,88.5523,0.0,3.3,0.336
2024-12-30 05:00:00+00:00,2.2,87.88417,0.0,3.05,0.335
2024-12-30 06:00:00+00:00,2.25,87.25584,0.2,2.95,0.335
2024-12-30 07:00:00+00:00,2.55,86.3451,0.2,3.0,0.336
2024-12-30 08:00:00+00:00,3.0,84.84988,0.2,3.25,0.337
2024-12-30 09:00:00+00:00,2.5,91.460175,0.6,3.3,0.342
2024-12-30 10:00:00+00:00,2.65,90.81649,0.6,3.4,0.347
2024-12-30 11:00:00+00:00,3.65,85.53463,0.2,3.6,0.348
2024-12-30 12:00:00+00:00,4.7,78.61563,0.1,3.9,0.348
2024-12-30 13:00:00+00:00,4.3,82.89787,0.3,3.85,0.34
2024-12-30 14:00:00+00:00,3.85,87.098816,0.4,3.8,0.343
2024-12-30 15:00:00+00:00,3.35,91.19091,0.3,3.65,0.346
2024-12-30 16:00:00+00:00,3.5,90.231415,0.3,3.6,0.349
2024-12-30 17:00:00+00:00,3.35,88.93988,0.3,3.55,0.351
2024-12-30 18:00:00+00:00,2.8,85.13389,0.2,3.3,0.351
2024-12-30 19:00:00+00:00,2.4,82.65524,0.1,3.05,0.351
2024-12-30 20:00:00+00:00,2.25,82.03657,0.0,2.9,0.349
2024-12-30 21:00:00+00:00,2.0,80.81422,0.0,2.75,0.347
2024-12-30 22:00:00+00:00,1.4,82.52554,0.0,2.55,0.346
2024-12-30 23:00:00+00:00,1.4,81.62295,0.0,2.45,0.344
2024-12-31 00:00:00+00:00,1.15,82.492905,0.0,2.35,0.343
2024-12-31 01:00:00+00:00,1.6,82.5516,0.0,3.1,0.334
2024-12-31 02:00:00+00:00,1.1,84.63131,0.0,2.75,0.333
2024-12-31 03:00:00+00:00,-0.05,89.6283,0.0,2.25,0.332
2024-12-31 04:00:00+00:00,-1.05,89.87896,0.0,1.6,0.331
2024-12-31 05:00:00+00:00,-1.4,90.520424,0.0,1.05,0.33
2024-12-31 06:00:00+00:00,-0.7,91.24283,0.0,0.9,0.329
2024-12-31 07:00:00+00:00,1.75,80.77882,0.0,1.45,0.328
2024-12-31 08:00:00+00:00,3.15,73.93475,0.0,2.8,0.327
2024-12-31 09:00:00+00:00,4.4,67.46624,0.0,4.25,0.326
2024-12-31 10:00:00+00:00,5.3,62.213696,0.0,5.5,0.324
2024-12-31 11:00:00+00:00,6.05,57.990993,0.0,6.45,0.322
2024-12-31 12:00:00+00:00,6.2,56.97353,0.0,6.9,0.321
2024-12-31 13:00:00+00:00,6.0,56.295307,0.0,6.75,0.325
2024-12-31 14:00:00+00:00,4.35,70.99189,0.0,6.05,0.324
2024-12-31 15:00:00+00:00,1.8,78.73926,0.0,4.6,0.324
2024-12-31 16:00:00+00:00,1.1,80.68638,0.0,3.45,0.323
2024-12-31 17:00:00+00:00,0.7,80.33181,0.0,2.5,0.323
2024-12-31 18:00:00+00:00,0.15,81.149925,0.0,1.75,0.322
2024-12-31 19:00:00+00:00,-0.3,81.69224,0.0,1.1,0.322
2024-12-31 20:00:00+00:00,-0.6,81.956,0.0,0.9,0.321
