DATETIME,AIR_TEMP,AIR_HUMIDITY,PRECIP,SOIL_TEMP_0_7,SOIL_MOISTURE_0_7
2022-12-31 21:00:00+00:00,4.0,99.6496,0.0,5.75,0.3
2022-12-31 22:00:00+00:00,3.2,100.0,0.0,5.6,0.3
2022-12-31 23:00:00+00:00,2.85,99.646324,0.0,5.45,0.3
2023-01-01 00:00:00+00:00,3.35,97.557205,0.0,3.85,0.301
2023-01-01 01:00:00+00:00,2.9,98.59247,0.0,4.25,0.301
2023-01-01 02:00:00+00:00,2.75,96.509865,0.0,4.45,0.301
2023-01-01 03:00:00+00:00,2.8,92.46736,0.0,4.55,0.301
2023-01-01 04:00:00+00:00,3.1,89.55787,0.0,4.5,0.301
2023-01-01 05:00:00+00:00,3.35,90.86627,0.0,4.5,0.301
2023-01-01 06:00:00+00:00,3.3,88.618004,0.0,4.55,0.302
2023-01-01 07:00:00+00:00,3.05,88.914375,0.0,4.7,0.302
2023-01-01 08:00:00+00:00,3.7,88.96954,0.0,5.15,0.302
2023-01-01 09:00:00+00:00,4.7,91.28259,0.0,5.95,0.302
2023-01-01 10:00:00+00:00,5.5,96.92218,0.0,6.85,0.302
2023-01-01 11:00:00+00:00,6.6,95.61941,0.0,7.8,0.302
2023-01-01 12:00:00+00:00,8.1,91.507355,0.0,8.25,0.303
2023-01-01 13:00:00+00:00,8.95,88.79153,0.0,8.8,0.303
2023-01-01 14:00:00+00:00,8.45,90.905525,0.0,8.75,0.303
2023-01-01 15:00:00+00:00,5.1,98.2741,0.0,7.7,0.303
2023-01-01 16:00:00+00:00,3.8,99.99999,0.0,6.65,0.303
2023-01-01 17:00:00+00:00,4.45,97.92133,0.0,5.8,0.303
2023-01-01 18:00:00+00:00,5.4,95.91179,0.0,5.1,0.303
2023-01-01 19:00:00+00:00,4.65,98.267876,0.0,4.5,0.303
2023-01-01 20:00:00+00:00,3.95,98.604324,0.0,4.1,0.303
2023-01-01 21:00:00+00:00,1.95,99.288574,0.0,3.95,0.303
2023-01-01 22:00:00+00:00,1.7,99.643,0.0,3.95,0.302
2023-01-01 23:00:00+00:00,2.0,98.582184,0.0,4.0,0.302
2023-01-02 00:00:00+00:00,1.85,99.28798,0.0,3.15,0.301
2023-01-02 01:00:00+00:00,1.75,98.57931,0.0,3.4,0.301
2023-01-02 02:00:00+00:00,1.45,96.82092,0.0,3.5,0.301
2023-01-02 03:00:00+00:00,1.8,90.75549,0.0,3.55,0.301
2023-01-02 04:00:00+00:00,2.1,90.777084,0.0,3.65,0.301
2023-01-02 05:00:00+00:00,2.05,89.15024,0.0,3.65,0.301
2023-01-02 06:00:00+00:00,2.1,87.87488,0.0,3.65,0.301
2023-01-02 07:00:00+00:00,2.65,85.42519,0.0,3.9,0.301
2023-01-02 08:00:00+00:00,3.35,85.50192,0.0,4.4,0.301
2023-01-02 09:00:00+00:00,3.95,89.62596,0.0,5.15,0.301
2023-01-02 10:00:00+00:00,4.3,96.55276,0.0,5.95,0.301
2023-01-02 11:00:00+00:00,5.6,90.388016,0.0,6.9,0.301
2023-01-02 12:00:00+00:00,7.0,92.070564,0.0,8.75,0.298
2023-01-02 13:00:00+00:00,8.15,88.41903,0.0,9.0,0.298
2023-01-02 14:00:00+00:00,8.1,88.11055,0.0,8.7,0.298
2023-01-02 15:00:00+00:00,4.9,97.246864,0.0,7.65,0.298
2023-01-02 16:00:00+00:00,3.45,99.297165,0.0,6.55,0.298
2023-01-02 17:00:00+00:00,2.8,99.29346,0.0,5.65,0.298
2023-01-02 18:00:00+00:00,1.95,100.0,0.0,4.95,0.298
2023-01-02 19:00:00+00:00,1.95,99.64372,0.0,4.5,0.298
2023-01-02 20:00:00+00:00,1.6,100.0,0.0,4.2,0.298
2023-01-02 21:00:00+00:00,1.55,100.0,0.0,4.05,0.298
2023-01-02 22:00:00+00:00,1.65,100.0,0.0,4.05,0.298
2023-01-02 23:00:00+00:00,1.75,98.932785,0.0,4.0,0.298
2023-01-03 00:00:00+00:00,1.05,98.92669,0.0,2.05,0.295
2023-01-03 01:00:00+00:00,1.05,99.64109,0.0,2.55,0.295
2023-01-03 02:00:00+00:00,1.35,98.92931,0.0,2.9,0.295
2023-01-03 03:00:00+00:00,1.8,95.44974,0.0,3.15,0.295
2023-01-03 04:00:00+00:00,2.7,96.16534,0.0,3.35,0.295
2023-01-03 05:00:00+00:00,3.05,97.20587,0.0,3.6,0.295
2023-01-03 06:00:00+00:00,3.55,96.532104,0.0,3.9,0.296
2023-01-03 07:00:00+00:00,4.35,98.60882,0.0,4.35,0.296
2023-01-03 08:00:00+00:00,5.35,100.0,0.0,5.2,0.297
2023-01-03 09:00:00+00:00,6.25,98.6298,0.0,6.0,0.297
2023-01-03 10:00:00+00:00,7.45,97.301926,0.0,7.0,0.297
2023-01-03 11:00:00+00:00,8.7,94.719826,0.0,8.0,0.297
2023-01-03 12:00:00+00:00,10.25,89.80689,0.0,9.25,0.292
2023-01-03 13:00:00+00:00,12.05,80.78893,0.0,9.6,0.292
2023-01-03 14:00:00+00:00,12.05,84.40361,0.0,9.6,0.292
2023-01-03 15:00:00+00:00,11.45,84.335724,0.0,8.5,0.291
2023-01-03 16:00:00+00:00,8.9,92.49972,0.0,7.35,0.291
2023-01-03 17:00:00+00:00,7.2,96.96325,0.0,6.5,0.291
2023-01-03 18:00:00+00:00,6.1,99.31198,0.0,5.85,0.291
2023-01-03 19:00:00+00:00,5.55,100.0,0.0,5.5,0.291
2023-01-03 20:00:00+00:00,5.2,100.0,0.0,5.35,0.291
2023-01-03 21:00:00+00:00,5.9,99.65491,0.0,5.65,0.291
2023-01-03 22:00:00+00:00,6.2,99.31254,0.0,5.9,0.291
2023-01-03 23:00:00+00:00,6.2,100.0,0.0,6.1,0.291
2023-01-04 00:00:00+00:00,5.85,99.654785,0.0,4.85,0.292
2023-01-04 01:00:00+00:00,5.7,99.65437,0.0,5.3,0.292
2023-01-04 02:00:00+00:00,5.85,99.654785,0.0,5.6,0.292
2023-01-04 03:00:00+00:00,5.7,99.65437,0.0,5.75,0.292
2023-01-04 04:00:00+00:00,5.3,99.65325,0.0,5.85,0.292
2023-01-04 05:00:00+00:00,4.7,99.65158,0.0,5.75,0.292
2023-01-04 06:00:00+00:00,4.55,96.22139,0.0,5.65,0.292
2023-01-04 07:00:00+00:00,4.75,95.55513,0.0,5.8,0.292
2023-01-04 08:00:00+00:00,5.45,95.24687,0.0,6.35,0.292
2023-01-04 09:00:00+00:00,7.35,90.20335,0.0,7.45,0.292
2023-01-04 10:00:00+00:00,9.7,83.84785,0.0,8.75,0.292
2023-01-04 11:00:00+00:00,11.3,78.25358,0.0,9.9,0.291
2023-01-04 12:00:00+00:00,11.8,78.86275,0.0,11.2,0.29
2023-01-04 13:00:00+00:00,12.4,76.32555,0.0,11.35,0.289
2023-01-04 14:00:00+00:00,11.75,79.3921,0.0,11.05,0.289
2023-01-04 15:00:00+00:00,9.3,89.1243,0.0,10.15,0.289
2023-01-04 16:00:00+00:00,9.3,88.21683,0.0,9.55,0.289
2023-01-04 17:00:00+00:00,9.95,85.61207,0.1,9.25,0.29
2023-01-04 18:00:00+00:00,9.4,86.14129,0.0,9.0,0.29
2023-01-04 19:00:00+00:00,8.2,90.88823,0.0,8.6,0.29
2023-01-04 20:00:00+00:00,7.85,92.12216,0.0,8.3,0.29
2023-01-04 21:00:00+00:00,7.35,93.69223,0.0,7.95,0.29
2023-01-04 22:00:00+00:00,7.05,94.978424,0.0,7.75,0.29
2023-01-04 23:00:00+00:00,6.65,96.283554,0.0,7.55,0.29
2023-01-05 00:00:00+00:00,7.3,95.31528,0.0,9.1,0.29
2023-01-05 01:00:00+00:00,6.5,96.94644,0.0,8.45,0.29
2023-01-05 02:00:00+00:00,6.0,97.60834,0.0,7.55,0.29
2023-01-05 03:00:00+00:00,5.5,99.30867,0.0,6.75,0.29
2023-01-05 04:00:00+00:00,4.65,100.0,0.0,6.2,0.29
2023-01-05 05:00:00+00:00,4.1,99.99999,0.0,5.8,0.29
2023-01-05 06:00:00+00:00,4.1,99.99999,0.0,5.65,0.29
2023-01-05 07:00:00+00:00,6.15,97.94931,0.0,6.25,0.29
2023-01-05 08:00:00+00:00,7.95,93.721436,0.0,7.35,0.29
2023-01-05 09:00:00+00:00,9.65,86.16682,0.0,8.75,0.29
2023-01-05 10:00:00+00:00,11.0,78.20792,0.0,10.0,0.289
2023-01-05 11:00:00+00:00,12.1,72.22877,0.0,11.0,0.289
2023-01-05 12:00:00+00:00,13.05,67.17451,0.0,12.6,0.293
2023-01-05 13:00:00+00:00,13.05,67.40479,0.0,12.5,0.293
2023-01-05 14:00:00+00:00,12.15,72.982056,0.0,12.05,0.293
2023-01-05 15:00:00+00:00,10.3,81.93788,0.0,11.15,0.292
2023-01-05 16:00:00+00:00,9.15,87.00511,0.0,10.3,0.292
2023-01-05 17:00:00+00:00,8.35,91.523544,0.0,9.6,0.292
2023-01-05 18:00:00+00:00,7.9,93.398315,0.0,9.05,0.292
2023-01-05 19:00:00+00:00,7.55,94.99796,0.0,8.65,0.292
2023-01-05 20:00:00+00:00,7.75,95.65865,0.0,8.35,0.292
2023-01-05 21:00:00+00:00,7.85,95.98974,0.0,8.2,0.292
2023-01-05 22:00:00+00:00,7.95,96.3213,0.0,8.05,0.292
2023-01-05 23:00:00+00:00,8.0,96.652016,0.0,7.95,0.292
2023-01-06 00:00:00+00:00,7.95,95.665436,0.0,7.95,0.292
2023-01-06 01:00:00+00:00,8.15,95.67218,0.0,7.85,0.292
2023-01-06 02:00:00+00:00,7.4,96.968025,0.0,7.65,0.292
2023-01-06 03:00:00+00:00,6.8,97.62344,0.0,7.35,0.292
2023-01-06 04:00:00+00:00,7.3,97.29873,0.0,7.3,0.292
2023-01-06 05:00:00+00:00,7.05,97.62814,0.0,7.35,0.292
2023-01-06 06:00:00+00:00,7.25,97.29766,0.0,7.35,0.292
2023-01-06 07:00:00+00:00,8.4,96.6625,0.0,7.65,0.292
2023-01-06 08:00:00+00:00,9.65,93.80312,0.0,8.35,0.292
2023-01-06 09:00:00+00:00,11.65,76.20304,0.0,9.6,0.291
2023-01-06 10:00:00+00:00,13.1,62.723938,0.0,10.95,0.291
2023-01-06 11:00:00+00:00,13.85,57.506218,0.0,12.05,0.291
2023-01-06 12:00:00+00:00,14.5,56.29297,0.0,13.85,0.289
2023-01-06 13:00:00+00:00,14.7,57.323578,0.0,13.75,0.288
2023-01-06 14:00:00+00:00,13.65,74.74869,0.0,13.2,0.288
2023-01-06 15:00:00+00:00,11.35,74.09667,0.0,11.85,0.288
2023-01-06 16:00:00+00:00,12.05,69.30849,0.0,10.55,0.288
2023-01-06 17:00:00+00:00,11.3,71.584885,0.0,9.4,0.288
2023-01-06 18:00:00+00:00,10.4,75.73556,0.0,8.6,0.288
2023-01-06 19:00:00+00:00,8.65,81.72218,0.0,8.2,0.288
2023-01-06 20:00:00+00:00,6.8,89.537926,0.0,7.95,0.288
2023-01-06 21:00:00+00:00,6.85,80.34494,0.0,7.75,0.288
2023-01-06 22:00:00+00:00,4.55,87.47693,0.0,7.15,0.288
2023-01-06 23:00:00+00:00,3.6,89.91797,0.0,6.6,0.288
2023-01-07 00:00:00+00:00,4.1,84.67125,0.0,6.2,0.293
2023-01-07 01:00:00+00:00,4.65,82.05866,0.0,5.7,0.293
2023-01-07 02:00:00+00:00,3.9,85.25634,0.0,5.25,0.293
2023-01-07 03:00:00+00:00,2.05,91.759964,0.0,4.85,0.293
2023-01-07 04:00:00+00:00,1.1,95.08001,0.0,4.5,0.293
2023-01-07 05:00:00+00:00,1.6,93.73918,0.0,4.2,0.293
2023-01-07 06:00:00+00:00,1.35,95.08982,0.0,4.0,0.293
2023-01-07 07:00:00+00:00,3.85,89.61798,0.0,4.6,0.293
2023-01-07 08:00:00+00:00,6.75,78.92756,0.0,5.9,0.293
2023-01-07 09:00:00+00:00,9.2,70.190834,0.0,7.5,0.292
2023-01-07 10:00:00+00:00,11.05,61.16217,0.0,9.0,0.292
2023-01-07 11:00:00+00:00,12.1,55.478416,0.0,10.25,0.291
2023-01-07 12:00:00+00:00,12.6,54.256653,0.0,11.75,0.29
2023-01-07 13:00:00+00:00,12.75,52.41634,0.0,11.9,0.289
2023-01-07 14:00:00+00:00,11.55,70.410736,0.0,11.4,0.289
2023-01-07 15:00:00+00:00,7.65,75.53432,0.0,10.1,0.289
2023-01-07 16:00:00+00:00,6.2,82.55179,0.0,8.8,0.289
2023-01-07 17:00:00+00:00,5.6,85.44271,0.0,7.85,0.289
2023-01-07 18:00:00+00:00,5.05,86.907616,0.0,7.15,0.289
2023-01-07 19:00:00+00:00,4.1,87.12325,0.0,6.5,0.289
2023-01-07 20:00:00+00:00,4.2,84.07974,0.0,5.9,0.289
2023-01-07 21:00:00+00:00,3.4,87.36709,0.0,5.4,0.289
2023-01-07 22:00:00+00:00,4.75,83.5478,0.0,4.9,0.289
2023-01-07 23:00:00+00:00,2.9,90.50963,0.0,4.5,0.289
2023-01-08 00:00:00+00:00,0.9,95.76266,0.0,2.5,0.292
2023-01-08 01:00:00+00:00,0.1,96.78607,0.0,2.5,0.292
2023-01-08 02:00:00+00:00,0.2,97.1409,0.0,2.45,0.292
2023-01-08 03:00:00+00:00,-0.15,99.276245,0.0,2.45,0.292
2023-01-08 04:00:00+00:00,-0.55,99.273865,0.0,2.45,0.292
2023-01-08 05:00:00+00:00,-0.4,99.636795,0.0,2.4,0.292
2023-01-08 06:00:00+00:00,0.8,98.56829,0.0,2.6,0.292
2023-01-08 07:00:00+00:00,2.7,95.14237,0.0,3.35,0.291
2023-01-08 08:00:00+00:00,4.4,91.26233,0.0,4.4,0.291
2023-01-08 09:00:00+00:00,6.2,87.93939,0.0,5.7,0.291
2023-01-08 10:00:00+00:00,8.75,79.50112,0.0,7.25,0.291
2023-01-08 11:00:00+00:00,10.35,73.1567,0.0,8.6,0.29
2023-01-08 12:00:00+00:00,11.35,70.37148,0.0,10.35,0.292
2023-01-08 13:00:00+00:00,11.7,66.42621,0.0,10.55,0.291
2023-01-08 14:00:00+00:00,10.95,69.56641,0.0,10.2,0.291
2023-01-08 15:00:00+00:00,6.95,85.88742,0.0,9.05,0.291
2023-01-08 16:00:00+00:00,5.4,90.056465,0.0,7.85,0.291
2023-01-08 17:00:00+00:00,4.2,93.205765,0.0,6.85,0.291
2023-01-08 18:00:00+00:00,3.25,95.163536,0.0,6.05,0.291
2023-01-08 19:00:00+00:00,2.95,95.83157,0.0,5.4,0.291
2023-01-08 20:00:00+00:00,3.0,94.81589,0.0,5.0,0.291
2023-01-08 21:00:00+00:00,2.45,95.47328,0.0,4.6,0.291
2023-01-08 22:00:00+00:00,1.95,96.48743,0.0,4.15,0.291
2023-01-08 23:00:00+00:00,1.45,98.22262,0.0,3.8,0.291
2023-01-09 00:00:00+00:00,1.25,98.57352,0.0,3.1,0.29
2023-01-09 01:00:00+00:00,0.5,100.0,0.0,2.95,0.29
2023-01-09 02:00:00+00:00,1.15,100.0,0.0,3.05,0.29
2023-01-09 03:00:00+00:00,1.85,99.28798,0.0,3.3,0.289
2023-01-09 04:00:00+00:00,2.0,99.64387,0.0,3.5,0.289
2023-01-09 05:00:00+00:00,1.7,98.93236,0.0,3.55,0.289
2023-01-09 06:00:00+00:00,1.55,96.47611,0.0,3.5,0.289
2023-01-09 07:00:00+00:00,2.3,96.15305,0.0,3.85,0.289
2023-01-09 08:00:00+00:00,3.45,96.18822,0.0,4.8,0.289
2023-01-09 09:00:00+00:00,5.65,86.35639,0.0,5.9,0.289
2023-01-09 10:00:00+00:00,7.45,80.42964,0.0,7.25,0.289
2023-01-09 11:00:00+00:00,8.95,75.75453,0.0,8.45,0.288
2023-01-09 12:00:00+00:00,9.5,75.32229,0.0,9.25,0.289
2023-01-09 13:00:00+00:00,9.8,75.11274,0.0,9.5,0.289
2023-01-09 14:00:00+00:00,9.25,78.209236,0.0,9.25,0.289
2023-01-09 15:00:00+00:00,6.85,88.921646,0.0,8.3,0.289
2023-01-09 16:00:00+00:00,6.45,88.88802,0.0,7.4,0.289
2023-01-09 17:00:00+00:00,6.2,90.11711,0.0,6.8,0.289
2023-01-09 18:00:00+00:00,6.05,92.65569,0.0,6.45,0.289
2023-01-09 19:00:00+00:00,6.5,93.326416,0.0,6.3,0.289
2023-01-09 20:00:00+00:00,7.3,89.88811,0.0,6.35,0.289
2023-01-09 21:00:00+00:00,7.45,80.42964,0.0,6.3,0.289
2023-01-09 22:00:00+00:00,8.45,81.41296,0.0,6.35,0.289
2023-01-09 23:00:00+00:00,10.1,78.87967,0.0,6.75,0.289
2023-01-10 00:00:00+00:00,10.0,74.3708,0.0,6.6,0.291
2023-01-10 01:00:00+00:00,10.65,74.99933,0.0,7.15,0.291
2023-01-10 02:00:00+00:00,11.2,74.58028,0.0,7.6,0.291
2023-01-10 03:00:00+00:00,11.5,72.11687,0.0,8.0,0.291
2023-01-10 04:00:00+00:00,10.7,74.750206,0.3,8.15,0.293
2023-01-10 05:00:00+00:00,10.35,73.919624,0.3,8.1,0.295
2023-01-10 06:00:00+00:00,10.7,72.21589,0.0,8.05,0.295
2023-01-10 07:00:00+00:00,11.55,71.14148,0.0,8.4,0.295
2023-01-10 08:00:00+00:00,13.0,67.16395,0.0,9.0,0.295
2023-01-10 09:00:00+00:00,14.15,63.181797,0.0,9.8,0.295
2023-01-10 10:00:00+00:00,13.5,63.685585,0.0,10.3,0.294
2023-01-10 11:00:00+00:00,14.05,61.66206,0.1,10.9,0.294
2023-01-10 12:00:00+00:00,13.1,66.04429,1.3,11.95,0.287
2023-01-10 13:00:00+00:00,12.15,78.38223,1.9,11.1,0.309
2023-01-10 14:00:00+00:00,11.9,81.041885,2.6,10.55,0.343
2023-01-10 15:00:00+00:00,11.5,82.92954,4.6,10.15,0.402
2023-01-10 16:00:00+00:00,11.4,82.91727,2.5,9.9,0.414
2023-01-10 17:00:00+00:00,11.1,85.443695,0.8,9.75,0.405
2023-01-10 18:00:00+00:00,10.95,88.06346,0.3,9.7,0.398
2023-01-10 19:00:00+00:00,10.7,88.04132,0.2,9.6,0.393
2023-01-10 20:00:00+00:00,10.0,91.62925,0.2,9.4,0.39
2023-01-10 21:00:00+00:00,9.6,92.85357,1.4,9.2,0.401
2023-01-10 22:00:00+00:00,9.55,91.91177,0.2,9.05,0.396
2023-01-10 23:00:00+00:00,9.6,90.984505,0.2,8.9,0.392
2023-01-11 00:00:00+00:00,9.1,89.412704,0.1,9.7,0.365
2023-01-11 01:00:00+00:00,8.6,89.679535,0.0,8.95,0.363
2023-01-11 02:00:00+00:00,7.85,90.863914,0.0,8.35,0.361
2023-01-11 03:00:00+00:00,9.15,83.78304,0.0,7.7,0.358
2023-01-11 04:00:00+00:00,8.6,85.76333,0.0,7.15,0.357
2023-01-11 05:00:00+00:00,8.45,86.34064,0.0,6.75,0.355
2023-01-11 06:00:00+00:00,7.15,91.44541,0.0,6.5,0.353
2023-01-11 07:00:00+00:00,7.85,91.80616,0.1,7.0,0.353
2023-01-11 08:00:00+00:00,8.55,91.22398,0.0,7.8,0.352
2023-01-11 09:00:00+00:00,10.4,87.420555,0.0,9.0,0.351
2023-01-11 10:00:00+00:00,11.8,80.21023,0.0,10.05,0.349
2023-01-11 11:00:00+00:00,12.8,74.35041,0.0,10.95,0.347
2023-01-11 12:00:00+00:00,12.2,75.51953,0.0,10.8,0.355
2023-01-11 13:00:00+00:00,11.75,74.42087,0.0,10.75,0.354
2023-01-11 14:00:00+00:00,11.15,77.169464,0.1,10.55,0.353
2023-01-11 15:00:00+00:00,9.85,83.865456,0.0,10.1,0.351
2023-01-11 16:00:00+00:00,8.55,90.91244,0.0,9.45,0.35
2023-01-11 17:00:00+00:00,7.9,93.398315,0.0,8.95,0.348
2023-01-11 18:00:00+00:00,6.8,95.956604,0.0,8.4,0.347
2023-01-11 19:00:00+00:00,6.9,96.622955,0.0,8.1,0.346
2023-01-11 20:00:00+00:00,7.05,97.293396,0.0,7.95,0.345
2023-01-11 21:00:00+00:00,7.0,97.62721,0.0,7.85,0.344
2023-01-11 22:00:00+00:00,7.15,96.96205,0.3,7.8,0.345
2023-01-11 23:00:00+00:00,7.15,97.295525,0.1,7.75,0.346
2023-01-12 00:00:00+00:00,7.7,95.32988,0.5,8.6,0.366
2023-01-12 01:00:00+00:00,7.75,95.005745,0.4,8.4,0.369
2023-01-12 02:00:00+00:00,7.55,95.32442,0.3,8.15,0.37
2023-01-12 03:00:00+00:00,7.4,95.64675,0.2,8.0,0.369
2023-01-12 04:00:00+00:00,7.5,93.699554,0.0,7.95,0.367
2023-01-12 05:00:00+00:00,7.45,93.05453,0.0,7.85,0.365
2023-01-12 06:00:00+00:00,7.3,91.77155,0.0,7.75,0.363
2023-01-12 07:00:00+00:00,7.45,90.21081,0.0,7.75,0.361
2023-01-12 08:00:00+00:00,8.2,85.42549,0.0,8.1,0.359
2023-01-12 09:00:00+00:00,9.05,80.93217,0.0,8.75,0.358
2023-01-12 10:00:00+00:00,9.35,77.68487,0.0,9.35,0.356
2023-01-12 11:00:00+00:00,9.6,74.818275,0.0,9.85,0.354
2023-01-12 12:00:00+00:00,9.7,76.143486,0.0,9.2,0.351
2023-01-12 13:00:00+00:00,9.8,73.31056,0.0,9.55,0.349
2023-01-12 14:00:00+00:00,9.3,73.21951,0.0,9.55,0.348
2023-01-12 15:00:00+00:00,8.5,75.67862,0.0,9.25,0.347
2023-01-12 16:00:00+00:00,7.6,79.33242,0.0,8.8,0.346
2023-01-12 17:00:00+00:00,7.45,78.204704,0.0,8.55,0.345
2023-01-12 18:00:00+00:00,6.65,80.316574,0.0,8.25,0.344
2023-01-12 19:00:00+00:00,5.65,83.06728,0.0,7.85,0.343
2023-01-12 20:00:00+00:00,4.8,85.65901,0.0,7.35,0.342
2023-01-12 21:00:00+00:00,4.85,83.559975,0.0,7.05,0.342
2023-01-12 22:00:00+00:00,5.0,81.23167,0.0,6.85,0.341
2023-01-12 23:00:00+00:00,5.3,78.42707,0.0,6.8,0.34
2023-01-13 00:00:00+00:00,6.45,76.13581,0.0,8.45,0.339
2023-01-13 01:00:00+00:00,6.4,76.39829,0.0,8.15,0.339
2023-01-13 02:00:00+00:00,6.05,76.61231,0.0,7.85,0.338
2023-01-13 03:00:00+00:00,5.95,76.05175,0.0,7.65,0.337
2023-01-13 04:00:00+00:00,5.75,77.11085,0.0,7.55,0.337
2023-01-13 05:00:00+00:00,5.5,79.01921,0.1,7.35,0.337
2023-01-13 06:00:00+00:00,5.55,82.17669,0.2,7.15,0.338
2023-01-13 07:00:00+00:00,5.7,83.95907,0.2,7.0,0.339
2023-01-13 08:00:00+00:00,5.75,89.454,0.8,6.9,0.347
2023-01-13 09:00:00+00:00,6.05,89.79144,1.0,7.0,0.358
2023-01-13 10:00:00+00:00,6.3,87.33532,0.5,7.1,0.362
2023-01-13 11:00:00+00:00,6.45,87.349594,0.1,7.0,0.361
2023-01-13 12:00:00+00:00,6.85,88.61292,0.2,7.1,0.372
2023-01-13 13:00:00+00:00,7.15,91.44541,0.4,7.25,0.373
2023-01-13 14:00:00+00:00,6.95,91.43231,0.5,7.25,0.376
2023-01-13 15:00:00+00:00,6.65,92.36894,0.4,7.15,0.378
2023-01-13 16:00:00+00:00,6.55,91.40596,0.0,7.0,0.375
2023-01-13 17:00:00+00:00,6.6,91.409256,0.0,6.95,0.373
2023-01-13 18:00:00+00:00,6.6,91.0923,0.0,6.9,0.37
2023-01-13 19:00:00+00:00,6.5,90.453995,0.0,6.85,0.368
2023-01-13 20:00:00+00:00,6.3,91.07177,0.0,6.8,0.366
2023-01-13 21:00:00+00:00,6.2,90.74802,0.0,6.75,0.365
2023-01-13 22:00:00+00:00,6.15,90.74448,0.0,6.7,0.363
2023-01-13 23:00:00+00:00,6.1,90.74092,0.0,6.7,0.362
2023-01-14 00:00:00+00:00,6.0,91.0512,0.0,6.9,0.357
2023-01-14 01:00:00+00:00,6.0,91.0512,0.0,6.75,0.356
2023-01-14 02:00:00+00:00,5.75,92.31569,0.0,6.6,0.355
2023-01-14 03:00:00+00:00,5.3,94.24796,0.0,6.35,0.354
2023-01-14 04:00:00+00:00,5.15,94.2412,0.0,6.2,0.353
2023-01-14 05:00:00+00:00,5.15,93.583374,0.0,6.15,0.352
2023-01-14 06:00:00+00:00,5.2,93.25862,0.0,6.1,0.351
2023-01-14 07:00:00+00:00,5.85,91.3596,0.0,6.35,0.35
2023-01-14 08:00:00+00:00,6.55,88.278656,0.0,6.8,0.349
2023-01-14 09:00:00+00:00,7.4,83.57429,0.0,7.3,0.349
2023-01-14 10:00:00+00:00,8.55,77.28917,0.0,8.15,0.348
2023-01-14 11:00:00+00:00,8.8,75.20257,0.0,8.5,0.347
2023-01-14 12:00:00+00:00,9.0,78.98833,0.0,8.55,0.348
2023-01-14 13:00:00+00:00,8.95,78.98088,0.0,8.55,0.347
2023-01-14 14:00:00+00:00,8.75,80.611404,0.0,8.5,0.347
2023-01-14 15:00:00+00:00,8.25,84.5495,0.0,8.35,0.346
2023-01-14 16:00:00+00:00,7.6,88.677185,0.0,8.05,0.345
2023-01-14 17:00:00+00:00,7.5,89.903465,0.0,7.9,0.345
2023-01-14 18:00:00+00:00,7.5,89.903465,0.0,7.8,0.344
2023-01-14 19:00:00+00:00,7.6,85.95543,0.0,7.7,0.344
2023-01-14 20:00:00+00:00,7.4,83.28333,0.0,7.65,0.343
2023-01-14 21:00:00+00:00,7.05,83.82462,0.0,7.55,0.343
2023-01-14 22:00:00+00:00,6.95,83.81274,0.0,7.5,0.342
2023-01-14 23:00:00+00:00,6.65,84.95938,0.0,7.35,0.342
2023-01-15 00:00:00+00:00,6.55,85.545364,0.0,7.6,0.341
2023-01-15 01:00:00+00:00,6.45,86.74086,0.2,7.35,0.342
2023-01-15 02:00:00+00:00,6.15,89.48609,0.4,7.05,0.345
2023-01-15 03:00:00+00:00,6.05,92.01231,0.9,6.8,0.357
2023-01-15 04:00:00+00:00,6.05,92.01231,0.4,6.65,0.361
2023-01-15 05:00:00+00:00,6.0,92.33054,0.2,6.55,0.361
2023-01-15 06:00:00+00:00,6.0,91.0512,0.0,6.5,0.36
2023-01-15 07:00:00+00:00,6.2,89.17803,0.0,6.55,0.359
2023-01-15 08:00:00+00:00,6.65,85.257286,0.0,6.85,0.358
2023-01-15 09:00:00+00:00,6.9,84.395164,0.0,7.1,0.357
2023-01-15 10:00:00+00:00,7.3,82.403,0.0,7.35,0.356
2023-01-15 11:00:00+00:00,7.9,79.65437,0.0,7.8,0.355
2023-01-15 12:00:00+00:00,7.7,78.2433,0.0,8.15,0.342
2023-01-15 13:00:00+00:00,8.2,74.83625,0.0,8.4,0.341
2023-01-15 14:00:00+00:00,8.25,73.02687,0.0,8.45,0.341
2023-01-15 15:00:00+00:00,7.65,76.33589,0.0,8.2,0.34
2023-01-15 16:00:00+00:00,7.0,81.78911,0.0,7.9,0.34
2023-01-15 17:00:00+00:00,7.3,79.84656,0.0,7.75,0.339
2023-01-15 18:00:00+00:00,7.0,81.78911,0.0,7.55,0.339
2023-01-15 19:00:00+00:00,5.3,91.32288,0.0,7.05,0.339
2023-01-15 20:00:00+00:00,5.9,88.530754,0.0,6.9,0.339
2023-01-15 21:00:00+00:00,6.15,87.62745,0.0,6.9,0.338
2023-01-15 22:00:00+00:00,5.95,89.15744,0.0,6.8,0.338
2023-01-15 23:00:00+00:00,5.45,91.97519,0.0,6.6,0.338
2023-01-16 00:00:00+00:00,4.75,91.60825,0.0,6.9,0.337
2023-01-16 01:00:00+00:00,4.55,93.224335,0.0,6.45,0.336
2023-01-16 02:00:00+00:00,4.25,94.53311,0.0,6.05,0.336
2023-01-16 03:00:00+00:00,3.1,96.51963,0.0,5.65,0.336
2023-01-16 04:00:00+00:00,2.9,96.857735,0.0,5.2,0.335
2023-01-16 05:00:00+00:00,1.85,98.58046,0.0,4.7,0.335
2023-01-16 06:00:00+00:00,1.85,98.58046,0.0,4.3,0.335
2023-01-16 07:00:00+00:00,4.4,93.216385,0.0,4.85,0.335
2023-01-16 08:00:00+00:00,7.1,85.60432,0.0,6.1,0.334
2023-01-16 09:00:00+00:00,9.3,73.21951,0.0,7.6,0.334
2023-01-16 10:00:00+00:00,10.7,63.042416,0.0,8.8,0.333
2023-01-16 11:00:00+00:00,11.0,60.08372,0.0,9.5,0.332
2023-01-16 12:00:00+00:00,11.4,62.984287,0.0,10.5,0.335
2023-01-16 13:00:00+00:00,11.7,60.677856,0.0,10.6,0.334
2023-01-16 14:00:00+00:00,11.35,62.97269,0.0,10.45,0.333
2023-01-16 15:00:00+00:00,9.45,72.992065,0.0,9.8,0.333
2023-01-16 16:00:00+00:00,7.95,81.34581,0.0,9.0,0.333
2023-01-16 17:00:00+00:00,8.05,81.35927,0.0,8.55,0.333
2023-01-16 18:00:00+00:00,8.5,81.70239,0.0,8.3,0.332
2023-01-16 19:00:00+00:00,9.1,79.00321,0.0,8.2,0.332
2023-01-16 20:00:00+00:00,9.45,79.05516,0.0,8.2,0.332
2023-01-16 21:00:00+00:00,10.2,76.22606,0.0,8.35,0.332
2023-01-16 22:00:00+00:00,11.25,71.083725,0.0,8.7,0.332
2023-01-16 23:00:00+00:00,11.35,70.12913,0.0,8.85,0.331
2023-01-17 00:00:00+00:00,10.4,74.95639,0.0,9.35,0.334
2023-01-17 01:00:00+00:00,11.1,72.53999,0.0,9.25,0.334
2023-01-17 02:00:00+00:00,11.25,73.572205,0.0,9.25,0.334
2023-01-17 03:00:00+00:00,11.05,76.104385,0.1,9.25,0.334
2023-01-17 04:00:00+00:00,11.05,80.105034,0.1,9.15,0.335
2023-01-17 05:00:00+00:00,11.45,82.64346,0.0,9.25,0.335
2023-01-17 06:00:00+00:00,11.6,81.82808,0.1,9.4,0.335
2023-01-17 07:00:00+00:00,12.65,80.87027,0.0,9.75,0.335
2023-01-17 08:00:00+00:00,13.75,81.28834,0.0,10.4,0.335
2023-01-17 09:00:00+00:00,13.8,84.040375,1.2,11.05,0.347
2023-01-17 10:00:00+00:00,15.05,78.034294,0.8,11.7,0.355
2023-01-17 11:00:00+00:00,15.85,71.7131,0.5,12.45,0.359
2023-01-17 12:00:00+00:00,14.0,80.78247,0.2,12.7,0.341
2023-01-17 13:00:00+00:00,13.2,85.09681,0.3,12.45,0.342
2023-01-17 14:00:00+00:00,13.15,90.025185,3.1,12.15,0.381
2023-01-17 15:00:00+00:00,14.4,83.00526,0.0,12.0,0.378
2023-01-17 16:00:00+00:00,12.8,81.43501,0.0,11.7,0.375
2023-01-17 17:00:00+00:00,12.15,87.87503,0.0,11.3,0.373
2023-01-17 18:00:00+00:00,14.0,83.785416,0.0,11.3,0.371
2023-01-17 19:00:00+00:00,12.4,91.17264,0.2,11.35,0.37
2023-01-17 20:00:00+00:00,14.15,82.42717,0.2,11.4,0.37
2023-01-17 21:00:00+00:00,14.3,79.22822,0.0,11.5,0.368
2023-01-17 22:00:00+00:00,14.5,74.893425,0.0,11.6,0.367
2023-01-17 23:00:00+00:00,14.85,70.33636,0.0,11.75,0.365
2023-01-18 00:00:00+00:00,15.4,63.466217,0.0,13.7,0.355
2023-01-18 01:00:00+00:00,15.45,65.4368,0.0,13.35,0.354
2023-01-18 02:00:00+00:00,15.55,64.36407,0.0,13.1,0.353
2023-01-18 03:00:00+00:00,15.6,65.911644,0.0,13.05,0.352
2023-01-18 04:00:00+00:00,15.5,66.55878,0.0,12.95,0.351
2023-01-18 05:00:00+00:00,15.45,67.22295,0.0,12.95,0.35
2023-01-18 06:00:00+00:00,15.45,68.82099,0.0,12.95,0.349
2023-01-18 07:00:00+00:00,16.0,68.47268,0.0,13.15,0.348
2023-01-18 08:00:00+00:00,16.8,66.833084,0.0,13.6,0.347
2023-01-18 09:00:00+00:00,17.35,64.76115,0.0,14.2,0.346
2023-01-18 10:00:00+00:00,17.65,63.758465,0.0,14.8,0.344
2023-01-18 11:00:00+00:00,17.75,62.31186,0.0,15.2,0.343
2023-01-18 12:00:00+00:00,17.45,62.03534,0.1,16.0,0.342
2023-01-18 13:00:00+00:00,17.3,62.4169,0.0,15.75,0.341
2023-01-18 14:00:00+00:00,16.95,60.480274,0.0,15.45,0.34
2023-01-18 15:00:00+00:00,16.35,59.32499,0.0,15.05,0.339
2023-01-18 16:00:00+00:00,15.95,57.049835,0.0,14.6,0.338
2023-01-18 17:00:00+00:00,15.8,55.092823,0.0,14.25,0.338
2023-01-18 18:00:00+00:00,15.5,55.015236,0.0,14.0,0.337
2023-01-18 19:00:00+00:00,15.25,56.290344,0.0,13.75,0.337
2023-01-18 20:00:00+00:00,15.15,59.641006,0.0,13.55,0.336
2023-01-18 21:00:00+00:00,15.2,61.511547,0.0,13.45,0.336
2023-01-18 22:00:00+00:00,15.2,63.420906,0.0,13.4,0.335
2023-01-18 23:00:00+00:00,15.2,64.06888,0.0,13.4,0.335
2023-01-19 00:00:00+00:00,15.4,61.14149,0.0,14.95,0.335
2023-01-19 01:00:00+00:00,15.55,60.96947,0.0,14.5,0.335
2023-01-19 02:00:00+00:00,15.45,62.623486,0.0,14.15,0.334
2023-01-19 03:00:00+00:00,15.3,63.874714,0.0,13.95,0.334
2023-01-19 04:00:00+00:00,15.15,63.624958,0.0,13.75,0.334
2023-01-19 05:00:00+00:00,14.85,65.52755,0.0,13.6,0.333
2023-01-19 06:00:00+00:00,14.75,66.624146,0.0,13.45,0.333
2023-01-19 07:00:00+00:00,15.45,66.32457,0.0,13.6,0.332
2023-01-19 08:00:00+00:00,16.45,65.434044,0.0,14.15,0.332
2023-01-19 09:00:00+00:00,17.25,64.09524,0.0,14.85,0.331
2023-01-19 10:00:00+00:00,18.0,60.324528,0.0,15.55,0.33
2023-01-19 11:00:00+00:00,18.2,58.388187,0.0,16.1,0.328
2023-01-19 12:00:00+00:00,18.05,56.234863,0.0,17.6,0.329
2023-01-19 13:00:00+00:00,17.75,55.78121,0.0,17.25,0.328
2023-01-19 14:00:00+00:00,17.0,60.288975,0.0,16.7,0.327
2023-01-19 15:00:00+00:00,15.85,61.663822,0.0,15.95,0.326
2023-01-19 16:00:00+00:00,15.25,60.691277,0.0,15.25,0.326
2023-01-19 17:00:00+00:00,15.05,59.413227,0.0,14.7,0.326
2023-01-19 18:00:00+00:00,14.7,61.393867,0.0,14.25,0.326
2023-01-19 19:00:00+00:00,14.3,66.75452,0.0,13.9,0.325
2023-01-19 20:00:00+00:00,14.2,69.97327,0.0,13.65,0.325
2023-01-19 21:00:00+00:00,14.25,69.7472,0.0,13.5,0.325
2023-01-19 22:00:00+00:00,14.3,70.22942,0.0,13.45,0.325
2023-01-19 23:00:00+00:00,14.2,71.1636,0.0,13.35,0.325
2023-01-20 00:00:00+00:00,13.35,70.76078,0.0,14.7,0.326
2023-01-20 01:00:00+00:00,13.65,68.92282,0.0,14.15,0.326
2023-01-20 02:00:00+00:00,13.55,67.74004,0.0,13.75,0.326
2023-01-20 03:00:00+00:00,13.4,64.101616,0.0,13.45,0.325
2023-01-20 04:00:00+00:00,13.2,62.963676,0.0,13.2,0.325
2023-01-20 05:00:00+00:00,13.05,64.24336,0.0,12.95,0.325
2023-01-20 06:00:00+00:00,13.15,64.93175,0.0,12.8,0.325
2023-01-20 07:00:00+00:00,13.6,63.70828,0.0,12.95,0.324
2023-01-20 08:00:00+00:00,15.1,60.037685,0.0,13.5,0.324
2023-01-20 09:00:00+00:00,15.8,58.789677,0.0,14.15,0.323
2023-01-20 10:00:00+00:00,15.55,62.85894,0.1,14.6,0.324
2023-01-20 11:00:00+00:00,14.5,74.39425,3.4,14.5,0.366
2023-01-20 12:00:00+00:00,13.1,80.66042,0.9,14.35,0.347
2023-01-20 13:00:00+00:00,12.5,85.30584,1.1,13.45,0.358
2023-01-20 14:00:00+00:00,12.35,79.47871,0.1,12.85,0.358
2023-01-20 15:00:00+00:00,11.6,79.10133,0.0,12.4,0.357
2023-01-20 16:00:00+00:00,10.85,80.07685,0.3,11.85,0.358
2023-01-20 17:00:00+00:00,11.25,74.3336,0.0,11.4,0.357
2023-01-20 18:00:00+00:00,10.8,72.73501,0.0,11.15,0.355
2023-01-20 19:00:00+00:00,10.35,68.00831,0.0,10.9,0.354
2023-01-20 20:00:00+00:00,9.7,66.92536,0.0,10.65,0.353
2023-01-20 21:00:00+00:00,10.0,62.657593,0.0,10.4,0.352
2023-01-20 22:00:00+00:00,10.0,59.20367,0.0,10.3,0.351
2023-01-20 23:00:00+00:00,9.35,63.84898,0.0,10.05,0.35
2023-01-21 00:00:00+00:00,8.8,63.722187,0.0,10.5,0.344
2023-01-21 01:00:00+00:00,8.8,69.13019,0.0,10.15,0.343
2023-01-21 02:00:00+00:00,8.95,73.9268,0.0,9.95,0.343
2023-01-21 03:00:00+00:00,8.7,75.97713,0.0,9.7,0.342
2023-01-21 04:00:00+00:00,8.75,74.67037,0.0,9.55,0.342
2023-01-21 05:00:00+00:00,8.9,73.91786,0.0,9.5,0.341
2023-01-21 06:00:00+00:00,9.6,73.52956,0.0,9.6,0.34
2023-01-21 07:00:00+00:00,10.95,71.765625,0.2,10.0,0.341
2023-01-21 08:00:00+00:00,12.55,69.88557,0.4,10.6,0.344
2023-01-21 09:00:00+00:00,13.55,68.202965,0.0,11.6,0.343
2023-01-21 10:00:00+00:00,13.45,72.23349,0.3,12.25,0.345
2023-01-21 11:00:00+00:00,12.8,79.01003,1.6,12.2,0.363
2023-01-21 12:00:00+00:00,13.8,74.02372,0.2,13.9,0.337
2023-01-21 13:00:00+00:00,14.45,70.0223,0.0,13.55,0.337
2023-01-21 14:00:00+00:00,13.8,75.53162,0.5,13.1,0.34
2023-01-21 15:00:00+00:00,12.15,84.98309,2.2,12.5,0.368
2023-01-21 16:00:00+00:00,11.9,84.10337,4.7,11.85,0.415
2023-01-21 17:00:00+00:00,11.05,88.96605,0.1,11.4,0.405
2023-01-21 18:00:00+00:00,9.8,95.0845,2.5,10.95,0.415
2023-01-21 19:00:00+00:00,9.75,93.176186,0.1,10.55,0.405
2023-01-21 20:00:00+00:00,9.0,88.4926,0.0,10.05,0.399
2023-01-21 21:00:00+00:00,10.6,79.22461,0.0,9.75,0.394
2023-01-21 22:00:00+00:00,10.4,80.56265,0.0,9.55,0.39
2023-01-21 23:00:00+00:00,10.35,81.386406,0.0,9.5,0.387
2023-01-22 00:00:00+00:00,9.9,76.97002,0.0,11.35,0.354
2023-01-22 01:00:00+00:00,9.75,75.626366,0.0,10.6,0.353
2023-01-22 02:00:00+00:00,9.65,74.567696,0.0,10.1,0.352
2023-01-22 03:00:00+00:00,9.7,75.61793,0.0,9.85,0.351
2023-01-22 04:00:00+00:00,9.75,76.68038,0.0,9.7,0.35
2023-01-22 05:00:00+00:00,9.8,77.48729,0.0,9.6,0.349
2023-01-22 06:00:00+00:00,9.8,78.834946,0.0,9.55,0.348
2023-01-22 07:00:00+00:00,11.1,76.373665,0.0,9.9,0.348
2023-01-22 08:00:00+00:00,13.0,71.175896,0.0,10.9,0.347
2023-01-22 09:00:00+00:00,14.35,65.641304,0.0,11.9,0.346
2023-01-22 10:00:00+00:00,14.8,64.41518,0.0,12.7,0.344
2023-01-22 11:00:00+00:00,14.9,64.43744,0.1,13.3,0.344
2023-01-22 12:00:00+00:00,16.8,56.108444,0.0,14.45,0.344
2023-01-22 13:00:00+00:00,16.35,57.73628,0.0,14.35,0.343
2023-01-22 14:00:00+00:00,14.95,67.345024,0.4,14.15,0.345
2023-01-22 15:00:00+00:00,12.6,83.62192,0.0,13.35,0.344
2023-01-22 16:00:00+00:00,11.65,83.7917,0.0,12.1,0.344
2023-01-22 17:00:00+00:00,11.95,82.984604,0.0,11.2,0.343
2023-01-22 18:00:00+00:00,9.85,89.47218,0.0,10.55,0.343
2023-01-22 19:00:00+00:00,11.55,82.37698,0.0,9.95,0.342
2023-01-22 20:00:00+00:00,9.7,87.95212,0.0,9.45,0.342
2023-01-22 21:00:00+00:00,7.95,93.400856,0.0,9.05,0.341
2023-01-22 22:00:00+00:00,7.65,94.02913,0.0,8.85,0.341
2023-01-22 23:00:00+00:00,7.6,92.74309,0.0,8.6,0.34
2023-01-23 00:00:00+00:00,7.4,93.05183,0.0,9.5,0.337
2023-01-23 01:00:00+00:00,7.15,91.44541,0.0,8.9,0.337
2023-01-23 02:00:00+00:00,6.85,92.06142,0.0,8.45,0.337
2023-01-23 03:00:00+00:00,6.55,94.63081,0.0,8.1,0.336
2023-01-23 04:00:00+00:00,7.0,97.62721,0.0,8.05,0.336
2023-01-23 05:00:00+00:00,7.65,96.97398,0.0,8.3,0.336
2023-01-23 06:00:00+00:00,8.15,92.456505,0.0,8.5,0.335
2023-01-23 07:00:00+00:00,8.9,86.68308,0.0,8.8,0.335
2023-01-23 08:00:00+00:00,9.9,80.21735,0.0,9.25,0.335
2023-01-23 09:00:00+00:00,10.65,75.25789,0.0,9.75,0.334
2023-01-23 10:00:00+00:00,11.4,71.11262,0.0,10.35,0.334
2023-01-23 11:00:00+00:00,11.95,68.57664,0.0,11.0,0.333
2023-01-23 12:00:00+00:00,11.2,68.42224,0.0,11.6,0.331
2023-01-23 13:00:00+00:00,10.6,68.53611,0.0,11.55,0.331
2023-01-23 14:00:00+00:00,10.0,68.65148,0.0,11.3,0.33
2023-01-23 15:00:00+00:00,9.3,69.965,0.0,10.9,0.33
2023-01-23 16:00:00+00:00,8.55,73.08211,0.0,10.4,0.329
2023-01-23 17:00:00+00:00,7.95,75.585396,0.0,10.0,0.329
2023-01-23 18:00:00+00:00,7.65,75.800674,0.0,9.7,0.329
2023-01-23 19:00:00+00:00,7.45,75.76687,0.0,9.45,0.329
2023-01-23 20:00:00+00:00,7.3,76.0092,0.0,9.25,0.328
2023-01-23 21:00:00+00:00,7.15,76.25282,0.0,9.05,0.328
2023-01-23 22:00:00+00:00,7.05,76.77664,0.0,8.95,0.328
2023-01-23 23:00:00+00:00,6.9,76.481186,0.0,8.8,0.328
2023-01-24 00:00:00+00:00,7.1,73.59302,0.0,9.8,0.327
2023-01-24 01:00:00+00:00,6.85,72.508484,0.0,9.4,0.327
2023-01-24 02:00:00+00:00,6.45,71.66063,0.0,9.05,0.327
2023-01-24 03:00:00+00:00,5.5,74.3598,0.0,8.65,0.327
2023-01-24 04:00:00+00:00,4.9,76.147125,0.0,8.2,0.327
2023-01-24 05:00:00+00:00,4.45,78.29512,0.0,7.8,0.326
2023-01-24 06:00:00+00:00,4.1,80.23798,0.0,7.35,0.326
2023-01-24 07:00:00+00:00,5.45,73.027214,0.0,7.5,0.326
2023-01-24 08:00:00+00:00,6.75,66.044014,0.0,8.05,0.325
2023-01-24 09:00:00+00:00,7.55,63.204163,0.0,8.75,0.325
2023-01-24 10:00:00+00:00,7.95,61.72711,0.0,9.3,0.324
2023-01-24 11:00:00+00:00,7.95,62.17232,0.0,9.55,0.324
2023-01-24 12:00:00+00:00,6.95,68.013374,0.0,9.2,0.323
2023-01-24 13:00:00+00:00,6.8,67.738045,0.0,9.1,0.323
2023-01-24 14:00:00+00:00,6.45,67.177635,0.0,8.85,0.323
2023-01-24 15:00:00+00:00,5.85,66.56339,0.0,8.55,0.322
2023-01-24 16:00:00+00:00,5.6,63.898815,0.0,8.2,0.322
2023-01-24 17:00:00+00:00,5.45,62.02224,0.0,7.95,0.322
2023-01-24 18:00:00+00:00,4.6,66.04426,0.0,7.65,0.322
2023-01-24 19:00:00+00:00,3.95,68.6156,0.0,7.25,0.322
2023-01-24 20:00:00+00:00,3.35,70.01682,0.0,6.8,0.321
2023-01-24 21:00:00+00:00,2.85,69.656746,0.0,6.4,0.321
2023-01-24 22:00:00+00:00,2.25,68.253136,0.0,5.95,0.321
2023-01-24 23:00:00+00:00,1.75,67.13471,0.0,5.65,0.321
2023-01-25 00:00:00+00:00,3.0,66.66486,0.0,6.55,0.324
2023-01-25 01:00:00+00:00,2.8,67.365715,0.0,6.3,0.323
2023-01-25 02:00:00+00:00,3.05,67.420395,0.0,6.15,0.323
2023-01-25 03:00:00+00:00,3.05,68.67749,0.0,6.0,0.323
2023-01-25 04:00:00+00:00,2.85,70.17263,0.0,5.85,0.323
2023-01-25 05:00:00+00:00,2.95,68.403076,0.0,5.75,0.323
2023-01-25 06:00:00+00:00,2.65,67.83424,0.0,5.65,0.323
2023-01-25 07:00:00+00:00,2.75,65.38293,0.0,5.7,0.322
2023-01-25 08:00:00+00:00,3.3,62.887688,0.0,5.95,0.322
2023-01-25 09:00:00+00:00,4.6,58.045094,0.0,6.6,0.321
2023-01-25 10:00:00+00:00,5.85,52.429615,0.0,7.4,0.321
2023-01-25 11:00:00+00:00,6.4,49.73075,0.0,8.2,0.32
2023-01-25 12:00:00+00:00,5.3,52.47268,0.0,8.0,0.322
2023-01-25 13:00:00+00:00,5.35,53.2761,0.0,8.2,0.322
2023-01-25 14:00:00+00:00,4.8,55.148415,0.0,7.9,0.321
2023-01-25 15:00:00+00:00,3.9,58.29724,0.0,7.3,0.321
2023-01-25 16:00:00+00:00,2.85,62.7795,0.0,6.5,0.321
2023-01-25 17:00:00+00:00,2.15,66.972885,0.0,5.8,0.321
2023-01-25 18:00:00+00:00,2.35,68.52862,0.0,5.4,0.32
2023-01-25 19:00:00+00:00,1.55,76.98031,0.0,4.95,0.32
2023-01-25 20:00:00+00:00,2.05,76.78049,0.0,4.8,0.32
2023-01-25 21:00:00+00:00,2.2,78.22625,0.0,4.75,0.32
2023-01-25 22:00:00+00:00,2.6,77.153595,0.0,4.8,0.32
2023-01-25 23:00:00+00:00,2.6,78.00393,0.0,4.8,0.32
2023-01-26 00:00:00+00:00,2.2,75.96407,0.0,5.7,0.32
2023-01-26 01:00:00+00:00,2.7,73.58157,0.0,5.55,0.32
2023-01-26 02:00:00+00:00,2.8,73.6001,0.0,5.35,0.32
2023-01-26 03:00:00+00:00,2.75,74.40528,0.1,5.25,0.32
2023-01-26 04:00:00+00:00,2.55,77.428,0.0,5.1,0.32
2023-01-26 05:00:00+00:00,2.05,81.11698,0.0,4.8,0.32
2023-01-26 06:00:00+00:00,2.35,80.863594,0.0,4.7,0.32
2023-01-26 07:00:00+00:00,3.95,76.81597,0.0,4.95,0.32
2023-01-26 08:00:00+00:00,5.65,75.19,0.0,5.8,0.32
2023-01-26 09:00:00+00:00,7.6,72.39258,0.0,6.9,0.319
2023-01-26 10:00:00+00:00,9.8,62.610607,0.0,7.9,0.319
2023-01-26 11:00:00+00:00,10.55,58.091938,0.0,8.55,0.318
2023-01-26 12:00:00+00:00,9.25,67.53867,0.0,8.3,0.319
2023-01-26 13:00:00+00:00,10.05,64.00951,0.0,8.6,0.319
2023-01-26 14:00:00+00:00,9.45,69.75024,0.1,8.65,0.319
2023-01-26 15:00:00+00:00,8.5,74.88841,0.2,8.35,0.321
2023-01-26 16:00:00+00:00,7.9,75.842865,0.3,7.8,0.323
2023-01-26 17:00:00+00:00,7.85,73.72906,0.0,7.5,0.323
2023-01-26 18:00:00+00:00,8.1,71.97707,0.0,7.4,0.323
2023-01-26 19:00:00+00:00,8.5,68.82494,0.0,7.5,0.322
2023-01-26 20:00:00+00:00,8.9,66.28191,0.0,7.6,0.322
2023-01-26 21:00:00+00:00,8.9,66.98904,0.0,7.75,0.322
2023-01-26 22:00:00+00:00,8.55,74.63539,0.9,7.6,0.33
2023-01-26 23:00:00+00:00,8.4,83.116844,2.7,7.5,0.365
2023-01-27 00:00:00+00:00,8.35,82.25119,2.5,7.15,0.362
2023-01-27 01:00:00+00:00,8.6,82.2833,0.3,7.35,0.363
2023-01-27 02:00:00+00:00,8.45,82.54949,0.0,7.4,0.362
2023-01-27 03:00:00+00:00,7.95,84.2228,0.0,7.35,0.36
2023-01-27 04:00:00+00:00,7.95,84.808876,0.0,7.3,0.359
2023-01-27 05:00:00+00:00,8.25,85.43088,0.0,7.35,0.357
2023-01-27 06:00:00+00:00,8.45,83.122986,0.9,7.4,0.366
2023-01-27 07:00:00+00:00,9.05,83.4834,1.0,7.75,0.378
2023-01-27 08:00:00+00:00,9.7,82.9907,0.0,8.5,0.375
2023-01-27 09:00:00+00:00,10.3,79.725395,0.0,9.35,0.373
2023-01-27 10:00:00+00:00,10.95,76.08789,0.0,10.15,0.37
2023-01-27 11:00:00+00:00,11.65,70.188354,0.0,10.85,0.368
2023-01-27 12:00:00+00:00,9.85,82.44257,0.0,11.15,0.373
2023-01-27 13:00:00+00:00,9.8,81.87292,0.0,10.65,0.371
2023-01-27 14:00:00+00:00,9.8,82.43625,0.0,10.4,0.369
2023-01-27 15:00:00+00:00,9.4,86.73234,0.2,10.0,0.369
2023-01-27 16:00:00+00:00,8.6,92.79864,0.7,9.45,0.375
2023-01-27 17:00:00+00:00,8.05,95.01739,0.3,9.05,0.376
2023-01-27 18:00:00+00:00,7.3,96.63357,0.1,8.6,0.375
2023-01-27 19:00:00+00:00,7.05,96.626945,0.7,8.3,0.382
2023-01-27 20:00:00+00:00,7.0,95.30429,0.2,8.1,0.381
2023-01-27 21:00:00+00:00,6.95,93.99662,0.3,7.9,0.382
2023-01-27 22:00:00+00:00,6.15,92.984314,0.2,7.65,0.381
2023-01-27 23:00:00+00:00,5.35,89.73672,0.1,7.2,0.379
2023-01-28 00:00:00+00:00,5.55,91.33959,0.1,7.65,0.407
2023-01-28 01:00:00+00:00,5.45,90.69462,0.0,7.25,0.402
2023-01-28 02:00:00+00:00,5.2,89.409645,0.0,6.95,0.398
2023-01-28 03:00:00+00:00,5.0,87.210625,0.0,6.75,0.395
2023-01-28 04:00:00+00:00,4.95,84.76818,0.0,6.6,0.392
2023-01-28 05:00:00+00:00,4.2,86.20687,0.0,6.25,0.39
2023-01-28 06:00:00+00:00,4.3,84.09159,0.0,6.1,0.388
2023-01-28 07:00:00+00:00,4.9,79.49542,0.0,6.3,0.387
2023-01-28 08:00:00+00:00,5.65,76.27318,0.0,6.85,0.385
2023-01-28 09:00:00+00:00,6.7,70.944855,0.0,7.7,0.383
2023-01-28 10:00:00+00:00,7.4,66.663536,0.0,8.45,0.381
2023-01-28 11:00:00+00:00,8.15,62.220036,0.0,9.15,0.38
2023-01-28 12:00:00+00:00,6.7,66.032906,0.0,8.3,0.387
2023-01-28 13:00:00+00:00,7.1,63.098415,0.0,8.35,0.386
2023-01-28 14:00:00+00:00,6.75,64.39784,0.0,8.25,0.384
2023-01-28 15:00:00+00:00,6.0,66.116,0.0,7.95,0.383
2023-01-28 16:00:00+00:00,3.65,76.766304,0.0,7.0,0.381
2023-01-28 17:00:00+00:00,3.3,77.83163,0.0,6.35,0.38
2023-01-28 18:00:00+00:00,4.15,69.41521,0.0,6.2,0.38
2023-01-28 19:00:00+00:00,3.6,63.900333,0.0,6.1,0.379
2023-01-28 20:00:00+00:00,2.6,66.82366,0.0,5.8,0.378
2023-01-28 21:00:00+00:00,2.35,67.517654,0.0,5.55,0.377
2023-01-28 22:00:00+00:00,2.1,69.24325,0.0,5.35,0.376
2023-01-28 23:00:00+00:00,1.9,70.76197,0.0,5.15,0.375
2023-01-29 00:00:00+00:00,2.65,63.67612,0.0,5.7,0.377
2023-01-29 01:00:00+00:00,2.9,61.62929,0.0,5.6,0.376
2023-01-29 02:00:00+00:00,2.85,63.24992,0.0,5.45,0.375
2023-01-29 03:00:00+00:00,2.7,65.859695,0.0,5.35,0.375
2023-01-29 04:00:00+00:00,2.65,67.83424,0.0,5.2,0.374
2023-01-29 05:00:00+00:00,2.0,75.09549,0.0,4.9,0.373
2023-01-29 06:00:00+00:00,2.4,73.52589,0.0,4.85,0.373
2023-01-29 07:00:00+00:00,2.8,72.26062,0.0,5.0,0.372
2023-01-29 08:00:00+00:00,3.6,70.58343,0.0,5.6,0.372
2023-01-29 09:00:00+00:00,4.25,70.97202,0.0,6.25,0.371
2023-01-29 10:00:00+00:00,5.4,68.671104,0.0,7.15,0.37
2023-01-29 11:00:00+00:00,6.15,64.25959,0.0,7.8,0.369
2023-01-29 12:00:00+00:00,5.7,61.85601,0.1,7.4,0.372
2023-01-29 13:00:00+00:00,5.95,57.965214,0.0,7.55,0.371
2023-01-29 14:00:00+00:00,5.85,56.04829,0.0,7.35,0.37
2023-01-29 15:00:00+00:00,5.6,55.363308,0.0,7.05,0.369
2023-01-29 16:00:00+00:00,3.95,63.27689,0.0,6.4,0.369
2023-01-29 17:00:00+00:00,2.3,70.84254,0.0,5.6,0.368
2023-01-29 18:00:00+00:00,1.25,75.51997,0.0,4.9,0.368
2023-01-29 19:00:00+00:00,0.35,80.5789,0.0,4.25,0.368
2023-01-29 20:00:00+00:00,-0.3,84.78076,0.0,3.7,0.367
2023-01-29 21:00:00+00:00,-0.5,85.70544,0.0,3.35,0.367
2023-01-29 22:00:00+00:00,-0.8,86.31103,0.0,2.95,0.366
2023-01-29 23:00:00+00:00,-1.45,86.56462,0.0,2.55,0.366
2023-01-30 00:00:00+00:00,1.2,72.75813,0.0,5.0,0.367
2023-01-30 01:00:00+00:00,0.9,74.62165,0.0,4.45,0.366
2023-01-30 02:00:00+00:00,1.65,73.38596,0.0,4.35,0.366
2023-01-30 03:00:00+00:00,1.65,75.58983,0.0,4.25,0.366
2023-01-30 04:00:00+00:00,1.1,78.92133,0.0,4.0,0.365
2023-01-30 05:00:00+00:00,1.4,74.71172,0.0,3.9,0.365
2023-01-30 06:00:00+00:00,0.4,83.00518,0.0,3.4,0.365
2023-01-30 07:00:00+00:00,2.35,71.64265,0.0,3.9,0.364
2023-01-30 08:00:00+00:00,3.05,69.698105,0.0,4.55,0.364
2023-01-30 09:00:00+00:00,3.45,70.29482,0.0,5.15,0.363
2023-01-30 10:00:00+00:00,3.4,72.6412,0.0,5.5,0.363
2023-01-30 11:00:00+00:00,3.15,75.02346,0.0,5.55,0.363
2023-01-30 12:00:00+00:00,3.4,76.44636,0.0,6.15,0.367
2023-01-30 13:00:00+00:00,3.45,77.01236,0.1,6.05,0.367
2023-01-30 14:00:00+00:00,3.7,75.6682,0.0,6.0,0.366
2023-01-30 15:00:00+00:00,3.35,76.716484,0.0,5.7,0.366
2023-01-30 16:00:00+00:00,1.25,89.73285,0.0,4.9,0.365
2023-01-30 17:00:00+00:00,0.35,89.66063,0.0,3.9,0.365
2023-01-30 18:00:00+00:00,-0.35,92.61709,0.0,3.15,0.365
2023-01-30 19:00:00+00:00,-1.25,95.68852,0.0,2.5,0.364
2023-01-30 20:00:00+00:00,-0.65,96.76645,0.0,2.05,0.364
2023-01-30 21:00:00+00:00,0.0,96.78346,0.0,1.55,0.364
2023-01-30 22:00:00+00:00,-0.4,97.126945,0.0,1.2,0.363
2023-01-30 23:00:00+00:00,-2.65,96.71327,0.0,0.9,0.363
2023-01-31 00:00:00+00:00,-2.95,95.98623,0.0,1.6,0.362
2023-01-31 01:00:00+00:00,-3.25,95.26046,0.0,1.15,0.362
2023-01-31 02:00:00+00:00,-3.1,95.26626,0.0,0.9,0.362
2023-01-31 03:00:00+00:00,-2.25,96.00909,0.0,0.8,0.361
2023-01-31 04:00:00+00:00,-1.8,96.37927,0.0,0.8,0.361
2023-01-31 05:00:00+00:00,-1.8,97.09396,0.0,0.8,0.361
2023-01-31 06:00:00+00:00,-1.45,96.03497,0.0,0.9,0.36
2023-01-31 07:00:00+00:00,-0.45,94.67118,0.1,1.4,0.36
2023-01-31 08:00:00+00:00,1.75,86.57585,0.0,2.4,0.36
2023-01-31 09:00:00+00:00,3.85,77.35747,0.0,3.85,0.359
2023-01-31 10:00:00+00:00,5.35,66.695145,0.0,5.2,0.358
2023-01-31 11:00:00+00:00,5.9,61.678745,0.0,5.9,0.358
2023-01-31 12:00:00+00:00,4.95,66.85037,0.0,5.55,0.366
2023-01-31 13:00:00+00:00,5.6,64.132225,0.0,6.05,0.365
2023-01-31 14:00:00+00:00,6.05,57.566246,0.0,6.05,0.364
2023-01-31 15:00:00+00:00,5.35,60.202976,0.0,5.7,0.364
2023-01-31 16:00:00+00:00,2.05,74.27849,0.0,4.55,0.363
2023-01-31 17:00:00+00:00,1.9,75.633354,0.0,3.85,0.363
2023-01-31 18:00:00+00:00,1.15,77.77182,0.0,3.2,0.362
2023-01-31 19:00:00+00:00,0.55,80.01333,0.0,2.75,0.362
2023-01-31 20:00:00+00:00,-0.35,86.03956,0.0,2.35,0.362
2023-01-31 21:00:00+00:00,-0.75,88.91176,0.1,2.1,0.361
2023-01-31 22:00:00+00:00,-1.6,89.83509,0.0,1.65,0.361
2023-01-31 23:00:00+00:00,-1.4,89.51805,0.0,1.3,0.361
2023-02-01 00:00:00+00:00,-0.85,87.59588,0.0,3.15,0.361
2023-02-01 01:00:00+00:00,-0.65,88.26561,0.0,2.5,0.361
2023-02-01 02:00:00+00:00,-0.65,88.9204,0.0,2.05,0.361
2023-02-01 03:00:00+00:00,0.25,86.42098,0.0,2.0,0.36
2023-02-01 04:00:00+00:00,-1.5,89.50981,0.0,1.5,0.36
2023-02-01 05:00:00+00:00,-1.6,88.50761,0.0,1.1,0.36
2023-02-01 06:00:00+00:00,-0.9,87.26682,0.0,0.95,0.359
2023-02-01 07:00:00+00:00,1.75,78.442825,0.0,1.65,0.359
2023-02-01 08:00:00+00:00,3.95,67.86483,0.0,3.0,0.359
2023-02-01 09:00:00+00:00,5.85,61.217346,0.0,4.5,0.358
2023-02-01 10:00:00+00:00,7.35,49.815273,0.0,5.9,0.357
2023-02-01 11:00:00+00:00,8.1,43.780453,0.0,6.9,0.356
2023-02-01 12:00:00+00:00,8.7,38.562065,0.0,8.05,0.356
2023-02-01 13:00:00+00:00,8.6,40.76777,0.0,7.95,0.355
2023-02-01 14:00:00+00:00,8.45,43.073677,0.0,7.7,0.354
2023-02-01 15:00:00+00:00,7.95,52.236874,0.0,7.25,0.354
2023-02-01 16:00:00+00:00,4.05,65.92079,0.0,6.05,0.354
2023-02-01 17:00:00+00:00,5.2,58.631893,0.0,5.45,0.353
2023-02-01 18:00:00+00:00,4.05,64.24253,0.0,5.0,0.353
2023-02-01 19:00:00+00:00,3.15,66.20621,0.0,4.5,0.353
2023-02-01 20:00:00+00:00,2.8,66.868,0.0,4.1,0.353
2023-02-01 21:00:00+00:00,2.8,68.62443,0.0,3.8,0.353
2023-02-01 22:00:00+00:00,2.75,72.517204,0.0,3.6,0.352
2023-02-01 23:00:00+00:00,2.7,76.608025,0.0,3.5,0.352
2023-02-02 00:00:00+00:00,2.5,75.73735,0.0,3.65,0.348
2023-02-02 01:00:00+00:00,2.15,76.797165,0.0,3.3,0.348
2023-02-02 02:00:00+00:00,2.45,74.89943,0.0,3.15,0.348
2023-02-02 03:00:00+00:00,2.6,75.754616,0.0,3.1,0.348
2023-02-02 04:00:00+00:00,3.05,75.28035,0.0,3.2,0.348
2023-02-02 05:00:00+00:00,2.15,81.13091,0.0,3.1,0.348
2023-02-02 06:00:00+00:00,2.35,82.34886,0.0,2.8,0.348
2023-02-02 07:00:00+00:00,5.0,73.73682,0.0,3.5,0.347
2023-02-02 08:00:00+00:00,7.0,63.992165,0.0,4.8,0.347
2023-02-02 09:00:00+00:00,9.0,55.057545,0.0,6.2,0.346
2023-02-02 10:00:00+00:00,10.5,48.02055,0.0,7.65,0.345
2023-02-02 11:00:00+00:00,11.55,42.254814,0.0,8.9,0.345
2023-02-02 12:00:00+00:00,12.3,36.962868,0.0,10.4,0.338
2023-02-02 13:00:00+00:00,12.35,34.340015,0.2,10.25,0.339
2023-02-02 14:00:00+00:00,11.8,40.81037,0.0,9.95,0.338
2023-02-02 15:00:00+00:00,9.55,54.41411,0.0,9.15,0.338
2023-02-02 16:00:00+00:00,7.6,59.671196,0.0,8.15,0.338
2023-02-02 17:00:00+00:00,6.75,64.63076,0.2,7.4,0.339
2023-02-02 18:00:00+00:00,4.95,78.09262,1.2,6.45,0.353
2023-02-02 19:00:00+00:00,4.7,84.13885,0.7,5.85,0.362
2023-02-02 20:00:00+00:00,6.15,69.82577,0.0,5.5,0.361
2023-02-02 21:00:00+00:00,5.55,69.20139,0.0,5.15,0.36
2023-02-02 22:00:00+00:00,4.2,74.66516,0.0,4.8,0.359
2023-02-02 23:00:00+00:00,2.0,79.93251,0.0,3.95,0.359
2023-02-03 00:00:00+00:00,1.35,75.81754,0.0,5.65,0.345
2023-02-03 01:00:00+00:00,2.8,68.62443,0.0,4.5,0.345
2023-02-03 02:00:00+00:00,3.9,62.79836,0.0,3.6,0.345
2023-02-03 03:00:00+00:00,1.75,72.59352,0.0,3.0,0.344
2023-02-03 04:00:00+00:00,2.85,68.63506,0.0,2.55,0.344
2023-02-03 05:00:00+00:00,1.75,74.49874,0.0,2.4,0.344
2023-02-03 06:00:00+00:00,1.1,80.98393,0.0,2.3,0.344
2023-02-03 07:00:00+00:00,3.35,72.63169,0.0,3.0,0.344
2023-02-03 08:00:00+00:00,5.3,67.66078,0.0,4.15,0.343
2023-02-03 09:00:00+00:00,6.95,61.041187,0.0,5.45,0.343
2023-02-03 10:00:00+00:00,8.1,51.517975,0.0,6.7,0.342
2023-02-03 11:00:00+00:00,8.75,50.209553,0.0,7.65,0.341
2023-02-03 12:00:00+00:00,8.1,49.295887,0.0,8.6,0.343
2023-02-03 13:00:00+00:00,8.35,48.1109,0.0,8.65,0.343
2023-02-03 14:00:00+00:00,8.1,49.114616,0.0,8.45,0.342
2023-02-03 15:00:00+00:00,6.3,63.36806,0.0,7.8,0.341
2023-02-03 16:00:00+00:00,6.65,54.42869,0.0,6.55,0.341
2023-02-03 17:00:00+00:00,6.1,56.32171,0.0,5.45,0.341
2023-02-03 18:00:00+00:00,3.25,68.71985,0.0,4.55,0.341
2023-02-03 19:00:00+00:00,1.8,74.507774,0.0,3.85,0.341
2023-02-03 20:00:00+00:00,0.35,82.083885,0.0,3.3,0.341
2023-02-03 21:00:00+00:00,0.2,84.21483,0.0,2.85,0.341
2023-02-03 22:00:00+00:00,0.1,84.82701,0.0,2.65,0.34
2023-02-03 23:00:00+00:00,-0.25,83.2301,0.0,2.35,0.34
2023-02-04 00:00:00+00:00,1.05,75.48495,0.0,2.6,0.343
2023-02-04 01:00:00+00:00,2.1,77.07131,0.0,2.6,0.343
2023-02-04 02:00:00+00:00,4.05,71.45149,0.0,3.1,0.343
2023-02-04 03:00:00+00:00,5.1,66.39763,0.0,3.65,0.342
2023-02-04 04:00:00+00:00,5.3,67.90693,0.0,4.05,0.342
2023-02-04 05:00:00+00:00,5.45,75.425026,0.0,4.35,0.342
2023-02-04 06:00:00+00:00,5.75,81.0462,0.0,4.6,0.342
2023-02-04 07:00:00+00:00,6.7,74.04493,0.0,5.1,0.342
2023-02-04 08:00:00+00:00,7.55,69.611916,0.0,5.7,0.341
2023-02-04 09:00:00+00:00,7.9,65.82658,0.1,6.25,0.341
2023-02-04 10:00:00+00:00,8.15,64.02785,0.2,6.85,0.342
2023-02-04 11:00:00+00:00,9.45,63.196926,0.0,7.65,0.342
2023-02-04 12:00:00+00:00,9.4,54.57048,0.0,8.55,0.341
2023-02-04 13:00:00+00:00,8.85,60.629166,0.0,8.85,0.34
2023-02-04 14:00:00+00:00,9.0,60.8829,0.0,8.9,0.34
2023-02-04 15:00:00+00:00,7.35,72.089226,0.0,8.25,0.34
2023-02-04 16:00:00+00:00,4.65,81.76606,0.0,7.05,0.339
2023-02-04 17:00:00+00:00,3.4,89.902405,0.2,6.15,0.341
2023-02-04 18:00:00+00:00,2.7,92.79287,0.0,5.35,0.34
2023-02-04 19:00:00+00:00,1.6,93.73918,0.0,4.55,0.34
2023-02-04 20:00:00+00:00,1.0,95.07607,0.0,3.95,0.34
2023-02-04 21:00:00+00:00,1.6,96.13141,0.0,3.6,0.34
2023-02-04 22:00:00+00:00,3.25,91.8369,0.2,3.85,0.341
2023-02-04 23:00:00+00:00,2.8,93.13074,0.0,3.8,0.341
2023-02-05 00:00:00+00:00,2.25,92.43478,0.0,4.6,0.365
2023-02-05 01:00:00+00:00,2.0,90.44305,0.0,3.85,0.364
2023-02-05 02:00:00+00:00,1.45,88.45491,0.0,3.25,0.363
2023-02-05 03:00:00+00:00,1.7,87.20211,0.0,3.0,0.362
2023-02-05 04:00:00+00:00,1.7,85.32011,0.0,2.85,0.361
2023-02-05 05:00:00+00:00,1.5,81.33786,0.0,2.8,0.36
2023-02-05 06:00:00+00:00,0.5,78.82858,0.0,2.55,0.359
2023-02-05 07:00:00+00:00,0.65,69.98096,0.0,2.65,0.358
2023-02-05 08:00:00+00:00,0.25,67.30842,0.0,2.7,0.357
2023-02-05 09:00:00+00:00,0.95,60.68234,0.0,3.0,0.356
2023-02-05 10:00:00+00:00,2.35,53.24987,0.0,3.95,0.355
2023-02-05 11:00:00+00:00,2.35,49.129246,0.0,4.3,0.354
2023-02-05 12:00:00+00:00,1.6,54.903255,0.0,4.7,0.35
2023-02-05 13:00:00+00:00,1.25,52.535686,0.0,4.5,0.349
2023-02-05 14:00:00+00:00,0.7,51.57394,0.0,4.2,0.348
2023-02-05 15:00:00+00:00,-0.1,48.98641,0.0,3.65,0.347
2023-02-05 16:00:00+00:00,-0.6,48.45533,0.0,3.1,0.347
2023-02-05 17:00:00+00:00,-1.0,48.721375,0.0,2.65,0.346
2023-02-05 18:00:00+00:00,-1.35,48.04176,0.0,2.25,0.346
2023-02-05 19:00:00+00:00,-1.65,47.952427,0.0,1.95,0.345
2023-02-05 20:00:00+00:00,-1.9,49.23361,0.0,1.7,0.345
2023-02-05 21:00:00+00:00,-2.3,52.76439,0.3,1.45,0.345
2023-02-05 22:00:00+00:00,-2.4,50.477577,0.0,1.2,0.344
2023-02-05 23:00:00+00:00,-2.55,50.43371,0.0,1.05,0.344
2023-02-06 00:00:00+00:00,-2.1,47.436737,0.0,2.2,0.343
2023-02-06 01:00:00+00:00,-2.1,48.009823,0.0,1.8,0.342
2023-02-06 02:00:00+00:00,-2.15,49.35633,0.0,1.45,0.342
2023-02-06 03:00:00+00:00,-2.2,53.002464,0.1,1.25,0.342
2023-02-06 04:00:00+00:00,-2.15,58.73118,0.2,1.1,0.341
2023-02-06 05:00:00+00:00,-1.95,62.563976,0.3,1.0,0.341
2023-02-06 06:00:00+00:00,-1.55,61.222836,0.2,1.0,0.341
2023-02-06 07:00:00+00:00,-1.35,61.988693,0.1,1.1,0.34
2023-02-06 08:00:00+00:00,-0.75,60.25089,0.2,1.3,0.34
2023-02-06 09:00:00+00:00,0.25,55.168575,0.0,1.7,0.339
2023-02-06 10:00:00+00:00,1.5,51.20558,0.0,2.5,0.339
2023-02-06 11:00:00+00:00,2.1,50.59266,0.0,3.2,0.338
2023-02-06 12:00:00+00:00,1.4,54.638508,0.0,3.65,0.337
2023-02-06 13:00:00+00:00,1.35,52.563866,0.0,3.55,0.337
2023-02-06 14:00:00+00:00,1.3,49.204163,0.0,3.5,0.336
2023-02-06 15:00:00+00:00,0.5,51.71747,0.0,3.05,0.336
2023-02-06 16:00:00+00:00,-0.35,54.15434,0.0,2.5,0.335
2023-02-06 17:00:00+00:00,-0.65,55.35038,0.0,2.05,0.335
2023-02-06 18:00:00+00:00,-1.05,59.248917,0.0,1.6,0.335
2023-02-06 19:00:00+00:00,-1.4,60.78767,0.0,1.3,0.335
2023-02-06 20:00:00+00:00,-1.8,61.8766,0.0,1.0,0.335
2023-02-06 21:00:00+00:00,-2.05,61.334854,0.0,0.85,0.335
2023-02-06 22:00:00+00:00,-2.2,62.990234,0.0,0.75,0.334
2023-02-06 23:00:00+00:00,-2.35,64.18918,0.0,0.7,0.334
2023-02-07 00:00:00+00:00,-2.3,63.704414,0.0,1.85,0.335
2023-02-07 01:00:00+00:00,-2.0,64.0244,0.0,1.3,0.334
2023-02-07 02:00:00+00:00,-1.95,62.32153,0.0,0.95,0.334
2023-02-07 03:00:00+00:00,-2.45,63.174488,0.0,0.8,0.334
2023-02-07 04:00:00+00:00,-2.85,64.5707,0.0,0.7,0.334
2023-02-07 05:00:00+00:00,-2.9,65.06391,0.0,0.6,0.334
2023-02-07 06:00:00+00:00,-2.6,64.37927,0.0,0.55,0.334
2023-02-07 07:00:00+00:00,-1.7,60.24106,0.0,0.6,0.333
2023-02-07 08:00:00+00:00,-0.85,57.04487,0.0,0.7,0.333
2023-02-07 09:00:00+00:00,0.2,51.23078,0.0,1.05,0.332
2023-02-07 10:00:00+00:00,1.25,44.438366,0.0,2.2,0.332
2023-02-07 11:00:00+00:00,1.85,42.4027,0.0,3.1,0.331
2023-02-07 12:00:00+00:00,1.75,44.068554,0.0,4.15,0.331
2023-02-07 13:00:00+00:00,1.85,43.58369,0.0,4.25,0.33
2023-02-07 14:00:00+00:00,1.7,42.02481,0.0,4.05,0.329
2023-02-07 15:00:00+00:00,0.9,43.63872,0.0,3.5,0.329
2023-02-07 16:00:00+00:00,-0.55,49.63021,0.0,2.65,0.329
2023-02-07 17:00:00+00:00,-1.25,54.75478,0.0,1.95,0.329
2023-02-07 18:00:00+00:00,-1.75,56.35882,0.0,1.4,0.329
2023-02-07 19:00:00+00:00,-2.2,57.578033,0.0,0.9,0.329
2023-02-07 20:00:00+00:00,-2.75,59.970425,0.0,0.75,0.329
2023-02-07 21:00:00+00:00,-3.7,65.89954,0.0,0.65,0.328
2023-02-07 22:00:00+00:00,-4.6,72.46121,0.0,0.5,0.328
2023-02-07 23:00:00+00:00,-3.95,70.36582,0.0,0.45,0.328
2023-02-08 00:00:00+00:00,-3.25,67.82792,0.0,1.2,0.328
2023-02-08 01:00:00+00:00,-3.15,69.179634,0.0,0.8,0.328
2023-02-08 02:00:00+00:00,-3.25,72.16674,0.0,0.65,0.328
2023-02-08 03:00:00+00:00,-3.5,75.24631,0.0,0.55,0.328
2023-02-08 04:00:00+00:00,-3.4,74.975105,0.0,0.5,0.328
2023-02-08 05:00:00+00:00,-3.1,72.75531,0.0,0.4,0.328
2023-02-08 06:00:00+00:00,-2.6,71.741646,0.0,0.4,0.328
2023-02-08 07:00:00+00:00,-1.0,64.510445,0.0,0.4,0.327
2023-02-08 08:00:00+00:00,0.45,54.16654,0.0,0.5,0.327
2023-02-08 09:00:00+00:00,1.25,49.57314,0.0,0.75,0.327
2023-02-08 10:00:00+00:00,1.75,47.829044,0.0,1.65,0.326
2023-02-08 11:00:00+00:00,1.95,48.260307,0.0,2.85,0.325
2023-02-08 12:00:00+00:00,2.3,49.114723,0.0,4.4,0.325
2023-02-08 13:00:00+00:00,2.95,44.775345,0.0,4.65,0.324
2023-02-08 14:00:00+00:00,2.75,44.889263,0.0,4.5,0.323
2023-02-08 15:00:00+00:00,1.45,53.407677,0.0,3.9,0.323
2023-02-08 16:00:00+00:00,0.2,61.425728,0.0,3.15,0.323
2023-02-08 17:00:00+00:00,0.45,58.955307,0.0,2.75,0.323
2023-02-08 18:00:00+00:00,-0.35,63.92681,0.1,2.35,0.323
2023-02-08 19:00:00+00:00,-0.6,64.85252,0.1,2.05,0.323
2023-02-08 20:00:00+00:00,-1.15,65.47317,0.0,1.7,0.323
2023-02-08 21:00:00+00:00,-1.55,65.63238,0.0,1.35,0.323
2023-02-08 22:00:00+00:00,-1.75,66.093506,0.0,1.1,0.323
2023-02-08 23:00:00+00:00,-1.85,66.07055,0.0,0.95,0.323
2023-02-09 00:00:00+00:00,-1.25,61.29841,0.0,1.4,0.322
2023-02-09 01:00:00+00:00,-1.0,60.65423,0.0,1.25,0.322
2023-02-09 02:00:00+00:00,-1.4,61.976254,0.0,1.0,0.322
2023-02-09 03:00:00+00:00,-1.8,63.088028,0.0,0.85,0.322
2023-02-09 04:00:00+00:00,-1.8,62.117207,0.0,0.8,0.322
2023-02-09 05:00:00+00:00,-2.0,62.067463,0.0,0.75,0.322
2023-02-09 06:00:00+00:00,-1.85,61.38526,0.0,0.75,0.322
2023-02-09 07:00:00+00:00,-1.55,60.985783,0.0,0.75,0.322
2023-02-09 08:00:00+00:00,0.1,60.00543,0.0,0.95,0.322
2023-02-09 09:00:00+00:00,1.6,57.916714,0.0,2.1,0.321
2023-02-09 10:00:00+00:00,3.1,55.311565,0.0,3.25,0.321
2023-02-09 11:00:00+00:00,4.3,53.789005,0.0,4.25,0.32
2023-02-09 12:00:00+00:00,4.25,54.180775,0.0,4.8,0.32
2023-02-09 13:00:00+00:00,4.0,53.30343,0.0,5.0,0.319
2023-02-09 14:00:00+00:00,3.6,53.394184,0.0,4.9,0.319
2023-02-09 15:00:00+00:00,2.4,58.34623,0.0,4.4,0.319
2023-02-09 16:00:00+00:00,1.55,61.063877,0.0,3.8,0.319
2023-02-09 17:00:00+00:00,0.7,62.25679,0.0,3.2,0.319
2023-02-09 18:00:00+00:00,-0.45,64.39363,0.0,2.6,0.319
2023-02-09 19:00:00+00:00,-1.65,67.14141,0.0,1.9,0.319
2023-02-09 20:00:00+00:00,-2.35,68.5537,0.0,1.3,0.319
2023-02-09 21:00:00+00:00,-2.9,71.13092,0.0,0.85,0.319
2023-02-09 22:00:00+00:00,-3.4,74.11342,0.0,0.7,0.319
2023-02-09 23:00:00+00:00,-3.3,74.41817,0.0,0.65,0.319
2023-02-10 00:00:00+00:00,-3.0,71.93838,0.0,1.5,0.318
2023-02-10 01:00:00+00:00,-2.8,71.7016,0.0,0.95,0.318
2023-02-10 02:00:00+00:00,-3.1,73.31805,0.0,0.75,0.318
2023-02-10 03:00:00+00:00,-3.1,73.036194,0.0,0.65,0.318
2023-02-10 04:00:00+00:00,-3.3,73.847,0.0,0.6,0.318
2023-02-10 05:00:00+00:00,-3.65,74.640976,0.0,0.5,0.318
2023-02-10 06:00:00+00:00,-3.25,72.445946,0.0,0.45,0.318
2023-02-10 07:00:00+00:00,-1.55,66.13936,0.0,0.5,0.318
2023-02-10 08:00:00+00:00,0.35,60.76266,0.0,0.65,0.318
2023-02-10 09:00:00+00:00,1.9,58.881927,0.0,1.1,0.317
2023-02-10 10:00:00+00:00,3.45,56.24705,0.0,2.85,0.317
2023-02-10 11:00:00+00:00,4.35,51.620983,0.0,4.05,0.316
2023-02-10 12:00:00+00:00,4.9,45.876694,0.0,4.9,0.317
2023-02-10 13:00:00+00:00,5.1,43.052753,0.0,5.3,0.316
2023-02-10 14:00:00+00:00,4.95,42.19092,0.0,5.3,0.316
2023-02-10 15:00:00+00:00,3.85,46.80546,0.0,4.75,0.316
2023-02-10 16:00:00+00:00,1.1,54.97703,0.0,3.65,0.315
2023-02-10 17:00:00+00:00,-0.4,65.147606,0.0,2.65,0.315
2023-02-10 18:00:00+00:00,-1.0,79.186584,0.0,1.8,0.315
2023-02-10 19:00:00+00:00,-1.45,83.70192,0.0,1.2,0.315
2023-02-10 20:00:00+00:00,-2.25,86.48119,0.0,0.85,0.316
2023-02-10 21:00:00+00:00,-2.95,88.05301,0.0,0.7,0.316
2023-02-10 22:00:00+00:00,-3.35,89.01899,0.0,0.6,0.316
2023-02-10 23:00:00+00:00,-3.7,89.326225,0.0,0.5,0.316
2023-02-11 00:00:00+00:00,-3.8,87.307396,0.0,0.7,0.314
2023-02-11 01:00:00+00:00,-3.95,86.96099,0.0,0.6,0.314
2023-02-11 02:00:00+00:00,-4.0,84.989685,0.0,0.5,0.314
2023-02-11 03:00:00+00:00,-4.1,84.331055,0.0,0.4,0.314
2023-02-11 04:00:00+00:00,-4.55,85.90753,0.0,0.3,0.314
2023-02-11 05:00:00+00:00,-4.85,86.86869,0.0,0.25,0.315
2023-02-11 06:00:00+00:00,-3.95,84.349174,0.0,0.15,0.315
2023-02-11 07:00:00+00:00,-1.8,75.549835,0.0,0.2,0.314
2023-02-11 08:00:00+00:00,0.65,64.89792,0.0,0.35,0.314
2023-02-11 09:00:00+00:00,3.1,46.22666,0.0,0.6,0.314
2023-02-11 10:00:00+00:00,4.3,36.938457,0.0,1.4,0.313
2023-02-11 11:00:00+00:00,5.05,34.917267,0.0,3.35,0.312
2023-02-11 12:00:00+00:00,5.5,31.905468,0.0,0.7,0.313
2023-02-11 13:00:00+00:00,5.55,33.331226,0.0,1.9,0.312
2023-02-11 14:00:00+00:00,5.25,34.841747,0.0,2.9,0.312
2023-02-11 15:00:00+00:00,4.05,43.401806,0.0,2.8,0.312
2023-02-11 16:00:00+00:00,3.6,39.720478,0.0,1.5,0.312
2023-02-11 17:00:00+00:00,2.6,42.46435,0.0,0.75,0.312
2023-02-11 18:00:00+00:00,1.8,43.56856,0.0,0.55,0.312
2023-02-11 19:00:00+00:00,1.25,43.74491,0.0,0.45,0.312
2023-02-11 20:00:00+00:00,0.95,45.764896,0.0,0.35,0.312
2023-02-11 21:00:00+00:00,-0.05,51.15895,0.0,0.25,0.312
2023-02-11 22:00:00+00:00,-0.25,51.1014,0.0,0.15,0.312
2023-02-11 23:00:00+00:00,0.15,47.729828,0.0,0.1,0.312
2023-02-12 00:00:00+00:00,-1.45,50.955486,0.0,-0.9,0.312
2023-02-12 01:00:00+00:00,-3.6,58.1161,0.0,-0.9,0.312
2023-02-12 02:00:00+00:00,-2.8,57.190666,0.0,-0.95,0.312
2023-02-12 03:00:00+00:00,-1.7,54.415295,0.0,-1.0,0.312
2023-02-12 04:00:00+00:00,-3.7,64.115364,0.0,-1.0,0.312
2023-02-12 05:00:00+00:00,-2.2,58.718006,0.0,-1.05,0.312
2023-02-12 06:00:00+00:00,-1.9,58.11141,0.0,-1.05,0.312
2023-02-12 07:00:00+00:00,-0.4,51.05817,0.0,-0.95,0.312
2023-02-12 08:00:00+00:00,2.05,40.98744,0.0,-0.85,0.312
2023-02-12 09:00:00+00:00,4.4,32.720604,0.0,-0.7,0.312
2023-02-12 10:00:00+00:00,6.2,28.195593,0.0,-0.5,0.312
2023-02-12 11:00:00+00:00,7.25,30.000517,0.0,-0.3,0.311
2023-02-12 12:00:00+00:00,7.7,32.193836,0.0,-0.3,0.312
2023-02-12 13:00:00+00:00,7.9,33.26564,0.0,-0.1,0.311
2023-02-12 14:00:00+00:00,7.6,39.112583,0.0,0.05,0.311
2023-02-12 15:00:00+00:00,5.15,50.88213,0.0,0.15,0.311
2023-02-12 16:00:00+00:00,2.55,63.652405,0.0,0.15,0.311
2023-02-12 17:00:00+00:00,0.9,73.24501,0.0,0.15,0.311
2023-02-12 18:00:00+00:00,2.25,70.3098,0.0,0.2,0.311
2023-02-12 19:00:00+00:00,1.65,81.657,0.0,0.2,0.311
2023-02-12 20:00:00+00:00,1.55,86.24085,0.0,0.2,0.311
2023-02-12 21:00:00+00:00,2.6,79.43965,0.0,0.25,0.311
2023-02-12 22:00:00+00:00,0.85,84.60221,0.0,0.25,0.311
2023-02-12 23:00:00+00:00,0.05,85.76547,0.0,0.25,0.311
2023-02-13 00:00:00+00:00,-0.45,82.28189,0.0,2.1,0.311
2023-02-13 01:00:00+00:00,-0.65,80.1343,0.0,1.25,0.311
2023-02-13 02:00:00+00:00,-1.0,79.186584,0.0,0.8,0.311
2023-02-13 03:00:00+00:00,-1.05,76.83212,0.0,0.7,0.311
2023-02-13 04:00:00+00:00,-1.45,77.05518,0.0,0.6,0.311
2023-02-13 05:00:00+00:00,-2.6,82.92897,0.0,0.5,0.311
2023-02-13 06:00:00+00:00,-1.9,80.554794,0.0,0.45,0.311
2023-02-13 07:00:00+00:00,0.35,73.966866,0.0,0.5,0.311
2023-02-13 08:00:00+00:00,2.65,64.39302,0.0,0.7,0.311
2023-02-13 09:00:00+00:00,4.5,56.105988,0.0,1.9,0.31
2023-02-13 10:00:00+00:00,5.85,47.568832,0.0,3.75,0.31
2023-02-13 11:00:00+00:00,6.8,41.9439,0.0,5.2,0.309
2023-02-13 12:00:00+00:00,7.55,36.50594,0.0,7.2,0.303
2023-02-13 13:00:00+00:00,7.7,39.740253,0.0,7.4,0.303
2023-02-13 14:00:00+00:00,7.45,43.42508,0.0,7.2,0.302
2023-02-13 15:00:00+00:00,5.9,62.81446,0.0,6.45,0.302
2023-02-13 16:00:00+00:00,2.0,64.00023,0.0,4.85,0.302
2023-02-13 17:00:00+00:00,0.7,67.66236,0.0,3.55,0.302
2023-02-13 18:00:00+00:00,-1.0,76.26378,0.0,2.5,0.302
2023-02-13 19:00:00+00:00,-2.2,83.294174,0.0,1.65,0.302
2023-02-13 20:00:00+00:00,-2.95,85.75709,0.0,0.95,0.302
2023-02-13 21:00:00+00:00,-2.45,81.7032,0.0,0.75,0.302
2023-02-13 22:00:00+00:00,-2.4,80.481926,0.0,0.65,0.302
2023-02-13 23:00:00+00:00,-2.45,78.96201,0.0,0.55,0.302
2023-02-14 00:00:00+00:00,-2.65,76.56013,0.0,0.2,0.305
2023-02-14 01:00:00+00:00,0.05,59.07797,0.0,0.2,0.305
2023-02-14 02:00:00+00:00,-0.05,59.737118,0.0,0.15,0.305
2023-02-14 03:00:00+00:00,-3.05,78.86807,0.0,0.1,0.305
2023-02-14 04:00:00+00:00,-1.8,73.8458,0.0,0.05,0.305
2023-02-14 05:00:00+00:00,-1.9,74.39158,0.0,0.0,0.305
2023-02-14 06:00:00+00:00,-1.8,75.26342,0.0,0.0,0.305
2023-02-14 07:00:00+00:00,0.45,72.61422,0.0,0.05,0.305
2023-02-14 08:00:00+00:00,3.2,68.45639,0.0,0.25,0.305
2023-02-14 09:00:00+00:00,5.65,63.677864,0.0,0.55,0.304
2023-02-14 10:00:00+00:00,7.25,57.24691,0.0,1.75,0.304
2023-02-14 11:00:00+00:00,8.55,51.831493,0.0,4.2,0.303
2023-02-14 12:00:00+00:00,10.2,33.19342,0.0,-0.05,0.303
2023-02-14 13:00:00+00:00,9.95,39.081608,0.0,0.2,0.303
2023-02-14 14:00:00+00:00,9.3,48.559097,0.0,0.45,0.303
2023-02-14 15:00:00+00:00,5.2,64.03922,0.0,0.6,0.302
2023-02-14 16:00:00+00:00,6.05,55.279087,0.0,0.55,0.303
2023-02-14 17:00:00+00:00,0.25,76.7632,0.0,0.45,0.303
2023-02-14 18:00:00+00:00,3.0,70.982796,0.0,0.5,0.303
2023-02-14 19:00:00+00:00,2.2,75.407684,0.0,0.5,0.303
2023-02-14 20:00:00+00:00,0.45,83.93488,0.0,0.5,0.303
2023-02-14 21:00:00+00:00,-1.1,87.5718,0.0,0.4,0.303
2023-02-14 22:00:00+00:00,-1.65,89.83109,0.0,0.35,0.303
2023-02-14 23:00:00+00:00,-1.95,90.14253,0.0,0.3,0.303
2023-02-15 00:00:00+00:00,1.95,77.6148,0.0,2.15,0.303
2023-02-15 01:00:00+00:00,2.1,77.07131,0.0,1.85,0.303
2023-02-15 02:00:00+00:00,1.7,79.59576,0.0,1.65,0.303
2023-02-15 03:00:00+00:00,0.3,86.744514,0.0,1.2,0.303
2023-02-15 04:00:00+00:00,-0.15,88.636765,0.0,0.9,0.303
2023-02-15 05:00:00+00:00,-1.2,89.5345,0.0,0.75,0.303
2023-02-15 06:00:00+00:00,-0.05,87.028984,0.0,0.65,0.303
2023-02-15 07:00:00+00:00,2.35,80.27618,0.0,0.85,0.303
2023-02-15 08:00:00+00:00,4.95,70.08719,0.0,2.2,0.303
2023-02-15 09:00:00+00:00,6.9,59.930477,0.0,3.85,0.302
2023-02-15 10:00:00+00:00,7.75,53.34195,0.0,4.9,0.302
2023-02-15 11:00:00+00:00,8.35,51.211124,0.0,5.9,0.301
2023-02-15 12:00:00+00:00,8.2,50.239304,0.0,6.5,0.296
2023-02-15 13:00:00+00:00,8.5,48.509533,0.0,6.6,0.295
2023-02-15 14:00:00+00:00,8.3,47.39172,0.0,6.5,0.295
2023-02-15 15:00:00+00:00,7.55,53.092392,0.0,6.2,0.295
2023-02-15 16:00:00+00:00,3.4,69.25927,0.0,5.05,0.295
2023-02-15 17:00:00+00:00,2.8,70.162415,0.0,4.05,0.295
2023-02-15 18:00:00+00:00,1.2,77.77988,0.0,3.25,0.295
2023-02-15 19:00:00+00:00,0.6,79.13679,0.0,2.4,0.295
2023-02-15 20:00:00+00:00,-0.8,84.72267,0.0,1.7,0.295
2023-02-15 21:00:00+00:00,-0.95,84.70518,0.0,1.15,0.295
2023-02-15 22:00:00+00:00,-1.4,84.96944,0.0,0.85,0.295
2023-02-15 23:00:00+00:00,-1.2,82.48989,0.0,0.7,0.295
2023-02-16 00:00:00+00:00,-1.65,84.62317,0.0,0.4,0.301
2023-02-16 01:00:00+00:00,-1.3,81.55462,0.0,0.35,0.301
2023-02-16 02:00:00+00:00,-1.35,82.47006,0.0,0.3,0.301
2023-02-16 03:00:00+00:00,0.4,77.074776,0.0,0.25,0.301
2023-02-16 04:00:00+00:00,-1.1,82.19512,0.0,0.2,0.301
2023-02-16 05:00:00+00:00,-2.05,85.213776,0.0,0.2,0.301
2023-02-16 06:00:00+00:00,-0.1,83.86794,0.0,0.2,0.301
2023-02-16 07:00:00+00:00,2.65,76.041145,0.0,0.3,0.301
2023-02-16 08:00:00+00:00,4.95,68.82618,0.0,0.55,0.301
2023-02-16 09:00:00+00:00,6.95,65.14411,0.0,1.6,0.301
2023-02-16 10:00:00+00:00,8.8,60.400356,0.0,4.25,0.3
2023-02-16 11:00:00+00:00,10.05,53.96305,0.0,6.35,0.299
2023-02-16 12:00:00+00:00,10.85,44.423042,0.0,0.5,0.303
2023-02-16 13:00:00+00:00,11.0,45.283722,0.0,1.75,0.302
2023-02-16 14:00:00+00:00,10.55,50.16556,0.0,3.6,0.302
2023-02-16 15:00:00+00:00,7.0,72.536705,0.0,3.95,0.302
2023-02-16 16:00:00+00:00,3.75,76.50503,0.0,3.05,0.302
2023-02-16 17:00:00+00:00,3.95,80.7959,0.0,2.65,0.302
2023-02-16 18:00:00+00:00,3.3,75.59911,0.0,2.3,0.302
2023-02-16 19:00:00+00:00,2.85,73.8798,0.0,2.0,0.302
2023-02-16 20:00:00+00:00,2.6,74.10558,0.0,1.75,0.302
2023-02-16 21:00:00+00:00,2.25,74.314804,0.0,1.5,0.302
2023-02-16 22:00:00+00:00,2.25,74.314804,0.0,1.35,0.302
2023-02-16 23:00:00+00:00,2.8,73.6001,0.0,1.3,0.302
2023-02-17 00:00:00+00:00,3.35,82.18222,0.0,1.6,0.304
2023-02-17 01:00:00+00:00,3.75,88.341545,0.0,1.7,0.304
2023-02-17 02:00:00+00:00,4.1,90.27653,0.0,1.85,0.304
2023-02-17 03:00:00+00:00,4.5,90.94721,0.0,2.05,0.304
2023-02-17 04:00:00+00:00,4.65,91.9253,0.0,2.25,0.304
2023-02-17 05:00:00+00:00,4.65,92.249855,0.0,2.4,0.304
2023-02-17 06:00:00+00:00,5.45,90.69462,0.0,2.75,0.304
2023-02-17 07:00:00+00:00,8.0,83.937,0.0,3.75,0.304
2023-02-17 08:00:00+00:00,10.5,77.3312,0.0,5.2,0.304
2023-02-17 09:00:00+00:00,12.3,69.121254,0.0,6.7,0.303
2023-02-17 10:00:00+00:00,13.5,61.109516,0.0,8.0,0.302
2023-02-17 11:00:00+00:00,13.95,59.553684,0.0,9.1,0.302
2023-02-17 12:00:00+00:00,14.2,57.993404,0.0,9.9,0.301
2023-02-17 13:00:00+00:00,13.9,58.522423,0.0,10.25,0.301
2023-02-17 14:00:00+00:00,13.35,60.23527,0.0,10.15,0.3
2023-02-17 15:00:00+00:00,12.2,65.39521,0.0,9.7,0.3
2023-02-17 16:00:00+00:00,10.2,76.22606,0.0,8.85,0.3
2023-02-17 17:00:00+00:00,9.0,84.9257,0.0,8.05,0.3
2023-02-17 18:00:00+00:00,8.35,89.660034,0.0,7.4,0.3
2023-02-17 19:00:00+00:00,7.95,91.18377,0.0,6.95,0.3
2023-02-17 20:00:00+00:00,7.7,92.11308,0.0,6.65,0.3
2023-02-17 21:00:00+00:00,7.15,94.005936,0.0,6.3,0.3
2023-02-17 22:00:00+00:00,7.0,94.97646,0.0,6.05,0.3
2023-02-17 23:00:00+00:00,6.85,95.62799,0.0,5.9,0.3
2023-02-18 00:00:00+00:00,7.05,95.63482,0.0,7.0,0.297
2023-02-18 01:00:00+00:00,7.25,95.64165,0.0,6.65,0.297
2023-02-18 02:00:00+00:00,7.45,95.32076,0.0,6.4,0.297
2023-02-18 03:00:00+00:00,7.55,94.34801,0.0,6.3,0.297
2023-02-18 04:00:00+00:00,7.35,94.99016,0.0,6.2,0.297
2023-02-18 05:00:00+00:00,7.1,95.96611,0.0,6.1,0.297
2023-02-18 06:00:00+00:00,7.8,96.97755,0.0,6.25,0.297
2023-02-18 07:00:00+00:00,9.45,95.71572,0.0,7.2,0.298
2023-02-18 08:00:00+00:00,11.15,89.57412,0.0,8.45,0.298
2023-02-18 09:00:00+00:00,12.95,79.29801,0.0,9.7,0.297
2023-02-18 10:00:00+00:00,14.35,66.08881,0.0,10.75,0.297
2023-02-18 11:00:00+00:00,15.2,59.044773,0.0,11.65,0.296
2023-02-18 12:00:00+00:00,15.4,52.94167,0.0,12.15,0.294
2023-02-18 13:00:00+00:00,14.9,54.67026,0.0,12.3,0.293
2023-02-18 14:00:00+00:00,13.95,59.348667,0.0,12.0,0.293
2023-02-18 15:00:00+00:00,13.05,62.929077,0.0,11.55,0.292
2023-02-18 16:00:00+00:00,11.55,70.897156,0.0,10.8,0.292
2023-02-18 17:00:00+00:00,10.85,77.38641,0.0,10.15,0.292
2023-02-18 18:00:00+00:00,10.6,79.49609,0.0,9.7,0.292
2023-02-18 19:00:00+00:00,10.4,81.115425,0.0,9.4,0.292
2023-02-18 20:00:00+00:00,10.0,88.278175,0.0,9.1,0.292
2023-02-18 21:00:00+00:00,9.75,92.861755,0.0,8.9,0.292
2023-02-18 22:00:00+00:00,9.65,91.917915,0.0,8.7,0.292
2023-02-18 23:00:00+00:00,9.6,90.984505,0.0,8.55,0.293
2023-02-19 00:00:00+00:00,9.8,92.5511,0.0,10.35,0.293
2023-02-19 01:00:00+00:00,10.15,92.88352,0.0,9.8,0.293
2023-02-19 02:00:00+00:00,10.2,93.829216,0.0,9.45,0.293
2023-02-19 03:00:00+00:00,10.4,94.471054,0.0,9.25,0.293
2023-02-19 04:00:00+00:00,10.5,94.79267,0.0,9.15,0.293
2023-02-19 05:00:00+00:00,10.65,94.48166,0.0,9.15,0.293
2023-02-19 06:00:00+00:00,11.15,94.502785,0.0,9.3,0.293
2023-02-19 07:00:00+00:00,12.55,89.682274,0.0,9.85,0.293
2023-02-19 08:00:00+00:00,14.25,80.281334,0.0,10.85,0.293
2023-02-19 09:00:00+00:00,15.7,71.20927,0.0,11.95,0.293
2023-02-19 10:00:00+00:00,16.7,65.05201,0.0,13.05,0.292
2023-02-19 11:00:00+00:00,17.25,62.196976,0.0,13.95,0.291
2023-02-19 12:00:00+00:00,17.7,59.85106,0.0,14.9,0.288
2023-02-19 13:00:00+00:00,17.15,60.935654,0.0,15.0,0.287
2023-02-19 14:00:00+00:00,16.2,63.64671,0.0,14.75,0.287
2023-02-19 15:00:00+00:00,14.95,70.120026,0.0,14.1,0.286
2023-02-19 16:00:00+00:00,13.25,79.341354,0.0,13.15,0.286
2023-02-19 17:00:00+00:00,12.55,80.04478,0.0,12.35,0.286
2023-02-19 18:00:00+00:00,12.05,79.97443,0.0,11.75,0.286
2023-02-19 19:00:00+00:00,11.85,78.870155,0.0,11.3,0.286
2023-02-19 20:00:00+00:00,11.55,79.36311,0.0,10.95,0.286
2023-02-19 21:00:00+00:00,11.6,83.22231,0.0,10.75,0.287
2023-02-19 22:00:00+00:00,11.4,87.80775,0.0,10.55,0.287
2023-02-19 23:00:00+00:00,11.4,89.59355,0.0,10.45,0.287
2023-02-20 00:00:00+00:00,11.65,91.12282,0.0,12.8,0.29
2023-02-20 01:00:00+00:00,11.75,89.92067,0.0,12.1,0.29
2023-02-20 02:00:00+00:00,11.5,90.80873,0.0,11.6,0.29
2023-02-20 03:00:00+00:00,11.15,92.93751,0.0,11.15,0.29
2023-02-20 04:00:00+00:00,10.95,94.17897,0.0,10.85,0.29
2023-02-20 05:00:00+00:00,10.5,95.11097,0.0,10.55,0.29
2023-02-20 06:00:00+00:00,10.25,95.742195,0.0,10.3,0.29
2023-02-20 07:00:00+00:00,12.3,84.71517,0.0,10.95,0.29
2023-02-20 08:00:00+00:00,14.2,61.486206,0.0,12.1,0.29
2023-02-20 09:00:00+00:00,15.15,51.24912,0.0,13.15,0.289
2023-02-20 10:00:00+00:00,15.95,41.724686,0.0,14.05,0.288
2023-02-20 11:00:00+00:00,15.75,42.56155,0.0,14.6,0.287
2023-02-20 12:00:00+00:00,17.5,25.204866,0.0,15.2,0.287
2023-02-20 13:00:00+00:00,17.3,26.584927,0.0,15.3,0.286
2023-02-20 14:00:00+00:00,16.35,32.09833,0.0,15.05,0.285
2023-02-20 15:00:00+00:00,14.8,40.223095,0.0,14.3,0.285
2023-02-20 16:00:00+00:00,11.8,43.57807,0.0,13.1,0.284
2023-02-20 17:00:00+00:00,9.7,53.869186,0.0,11.9,0.284
2023-02-20 18:00:00+00:00,7.9,75.31174,0.0,10.85,0.284
2023-02-20 19:00:00+00:00,7.0,82.943474,0.0,10.05,0.285
2023-02-20 20:00:00+00:00,6.3,87.33532,0.0,9.3,0.285
2023-02-20 21:00:00+00:00,5.4,91.32957,0.0,8.65,0.285
2023-02-20 22:00:00+00:00,4.95,94.56313,0.0,8.1,0.285
2023-02-20 23:00:00+00:00,4.6,94.88102,0.0,7.65,0.285
2023-02-21 00:00:00+00:00,3.95,95.52692,0.0,7.2,0.279
2023-02-21 01:00:00+00:00,4.0,93.85664,0.0,6.85,0.279
2023-02-21 02:00:00+00:00,4.0,92.865906,0.0,6.55,0.279
2023-02-21 03:00:00+00:00,4.25,92.22571,0.0,6.35,0.279
2023-02-21 04:00:00+00:00,4.6,91.59851,0.0,6.25,0.279
2023-02-21 05:00:00+00:00,4.9,91.61798,0.0,6.2,0.279
2023-02-21 06:00:00+00:00,6.35,85.523834,0.0,6.4,0.279
2023-02-21 07:00:00+00:00,9.0,79.262505,0.0,7.4,0.279
2023-02-21 08:00:00+00:00,12.1,68.37177,0.0,8.9,0.279
2023-02-21 09:00:00+00:00,14.3,58.21879,0.0,10.5,0.278
2023-02-21 10:00:00+00:00,15.75,54.3282,0.0,11.9,0.277
2023-02-21 11:00:00+00:00,16.6,51.462585,0.0,13.1,0.276
2023-02-21 12:00:00+00:00,17.3,45.7865,0.0,14.1,0.271
2023-02-21 13:00:00+00:00,16.45,44.601555,0.0,14.3,0.27
2023-02-21 14:00:00+00:00,15.4,44.931515,0.0,14.1,0.27
2023-02-21 15:00:00+00:00,13.95,48.302826,0.0,13.45,0.269
2023-02-21 16:00:00+00:00,12.2,56.48965,0.0,12.5,0.269
2023-02-21 17:00:00+00:00,11.25,64.73234,0.0,11.65,0.269
2023-02-21 18:00:00+00:00,10.55,69.00436,0.0,10.95,0.269
2023-02-21 19:00:00+00:00,10.1,74.90472,0.0,10.4,0.269
2023-02-21 20:00:00+00:00,9.85,79.93506,0.0,10.0,0.269
2023-02-21 21:00:00+00:00,9.75,82.71295,0.0,9.65,0.269
2023-02-21 22:00:00+00:00,9.55,85.56973,0.0,9.4,0.269
2023-02-21 23:00:00+00:00,9.25,88.514114,0.0,9.15,0.269
2023-02-22 00:00:00+00:00,9.1,90.02496,0.0,8.95,0.267
2023-02-22 01:00:00+00:00,9.1,90.02496,0.0,8.8,0.267
2023-02-22 02:00:00+00:00,9.05,90.021194,0.0,8.7,0.267
2023-02-22 03:00:00+00:00,8.85,90.314186,0.0,8.55,0.267
2023-02-22 04:00:00+00:00,8.3,92.14926,0.0,8.35,0.267
2023-02-22 05:00:00+00:00,6.75,95.62455,0.0,8.0,0.267
2023-02-22 06:00:00+00:00,7.05,93.03303,0.0,7.9,0.268
2023-02-22 07:00:00+00:00,9.6,84.41223,0.0,8.75,0.268
2023-02-22 08:00:00+00:00,12.15,77.32725,0.0,10.25,0.267
2023-02-22 09:00:00+00:00,14.45,70.97191,0.0,11.9,0.267
2023-02-22 10:00:00+00:00,16.25,63.44423,0.0,13.45,0.266
2023-02-22 11:00:00+00:00,17.5,54.967983,0.0,14.7,0.265
2023-02-22 12:00:00+00:00,18.5,51.44423,0.0,15.45,0.262
2023-02-22 13:00:00+00:00,18.6,50.605534,0.0,15.9,0.261
2023-02-22 14:00:00+00:00,17.75,55.78121,0.0,15.75,0.261
2023-02-22 15:00:00+00:00,16.0,64.247375,0.0,15.1,0.261
2023-02-22 16:00:00+00:00,13.05,77.20754,0.0,13.85,0.261
2023-02-22 17:00:00+00:00,11.5,86.06361,0.0,12.65,0.261
2023-02-22 18:00:00+00:00,10.6,90.441185,0.0,11.75,0.261
2023-02-22 19:00:00+00:00,9.95,92.559616,0.0,11.05,0.261
2023-02-22 20:00:00+00:00,9.6,92.85357,0.0,10.5,0.261
2023-02-22 21:00:00+00:00,9.8,91.61655,0.0,10.1,0.261
2023-02-22 22:00:00+00:00,9.5,91.59743,0.0,9.35,0.261
2023-02-22 23:00:00+00:00,6.55,97.618744,0.0,8.65,0.261
2023-02-23 00:00:00+00:00,7.2,96.96325,0.0,8.5,0.261
2023-02-23 01:00:00+00:00,7.05,98.97733,0.0,8.35,0.261
2023-02-23 02:00:00+00:00,7.4,100.0,0.0,8.4,0.261
2023-02-23 03:00:00+00:00,8.45,99.324745,0.0,8.65,0.261
2023-02-23 04:00:00+00:00,8.6,99.32555,0.0,8.85,0.261
2023-02-23 05:00:00+00:00,8.65,99.325806,0.0,8.95,0.262
2023-02-23 06:00:00+00:00,8.7,99.32608,0.0,9.1,0.262
2023-02-23 07:00:00+00:00,9.0,96.67811,0.0,9.4,0.262
2023-02-23 08:00:00+00:00,9.15,95.705734,0.1,9.8,0.263
2023-02-23 09:00:00+00:00,9.9,91.31346,0.1,10.4,0.263
2023-02-23 10:00:00+00:00,10.7,88.63771,0.0,11.0,0.263
2023-02-23 11:00:00+00:00,11.5,87.228905,0.0,11.7,0.264
2023-02-23 12:00:00+00:00,13.6,74.23843,0.1,12.7,0.265
2023-02-23 13:00:00+00:00,14.35,69.06383,0.0,13.5,0.265
2023-02-23 14:00:00+00:00,14.8,62.2611,0.0,13.7,0.264
2023-02-23 15:00:00+00:00,14.0,62.501926,0.0,13.3,0.264
2023-02-23 16:00:00+00:00,10.7,70.732025,0.0,12.35,0.264
2023-02-23 17:00:00+00:00,9.2,76.06051,0.0,11.4,0.264
2023-02-23 18:00:00+00:00,8.05,78.846214,0.0,10.55,0.264
2023-02-23 19:00:00+00:00,7.2,81.81554,0.0,9.8,0.264
2023-02-23 20:00:00+00:00,6.7,84.07708,0.0,9.2,0.264
2023-02-23 21:00:00+00:00,6.35,85.82421,0.0,8.7,0.264
2023-02-23 22:00:00+00:00,6.1,87.930275,0.0,8.3,0.264
2023-02-23 23:00:00+00:00,5.85,90.090645,0.0,7.95,0.265
2023-02-24 00:00:00+00:00,5.3,88.47841,0.0,9.25,0.27
2023-02-24 01:00:00+00:00,5.25,88.16276,0.0,8.5,0.27
2023-02-24 02:00:00+00:00,4.85,90.01445,0.0,7.85,0.27
2023-02-24 03:00:00+00:00,4.5,91.2691,0.0,7.35,0.27
2023-02-24 04:00:00+00:00,4.25,91.575676,0.0,6.95,0.27
2023-02-24 05:00:00+00:00,3.65,92.84635,0.0,6.55,0.27
2023-02-24 06:00:00+00:00,4.95,87.51482,0.0,6.55,0.27
2023-02-24 07:00:00+00:00,7.0,78.68756,0.0,7.35,0.27
2023-02-24 08:00:00+00:00,8.7,73.36633,0.0,8.55,0.27
2023-02-24 09:00:00+00:00,10.25,69.425316,0.0,10.0,0.269
2023-02-24 10:00:00+00:00,11.85,66.22904,0.0,11.65,0.268
2023-02-24 11:00:00+00:00,13.0,64.23212,0.0,13.05,0.267
2023-02-24 12:00:00+00:00,14.15,57.581684,0.0,14.05,0.266
2023-02-24 13:00:00+00:00,15.25,55.14013,0.0,14.65,0.266
2023-02-24 14:00:00+00:00,15.25,54.572845,0.0,14.55,0.265
2023-02-24 15:00:00+00:00,14.2,61.06587,0.0,13.9,0.265
2023-02-24 16:00:00+00:00,11.5,72.36499,0.0,12.7,0.265
2023-02-24 17:00:00+00:00,10.45,78.6616,0.0,11.65,0.265
2023-02-24 18:00:00+00:00,9.25,83.507416,0.0,10.8,0.265
2023-02-24 19:00:00+00:00,8.4,84.85911,0.0,10.1,0.265
2023-02-24 20:00:00+00:00,8.05,87.19893,0.0,9.55,0.265
2023-02-24 21:00:00+00:00,7.85,90.2405,0.0,9.1,0.265
2023-02-24 22:00:00+00:00,7.85,91.491135,0.0,8.8,0.265
2023-02-24 23:00:00+00:00,7.85,92.43911,0.0,8.6,0.265
2023-02-25 00:00:00+00:00,7.75,93.71173,0.0,8.4,0.265
2023-02-25 01:00:00+00:00,7.75,94.35678,0.0,8.3,0.265
2023-02-25 02:00:00+00:00,8.0,93.72387,0.0,8.2,0.265
2023-02-25 03:00:00+00:00,8.2,94.05452,0.0,8.15,0.265
2023-02-25 04:00:00+00:00,8.7,95.04247,0.0,8.25,0.265
2023-02-25 05:00:00+00:00,9.4,94.74833,0.0,8.35,0.265
2023-02-25 06:00:00+00:00,10.8,91.372375,0.0,8.8,0.265
2023-02-25 07:00:00+00:00,12.8,84.487854,0.0,9.8,0.265
2023-02-25 08:00:00+00:00,14.55,76.16242,0.1,10.95,0.266
2023-02-25 09:00:00+00:00,15.4,71.62922,0.0,11.95,0.266
2023-02-25 10:00:00+00:00,16.55,63.51188,0.0,13.05,0.265
2023-02-25 11:00:00+00:00,17.0,61.517082,0.0,13.85,0.264
2023-02-25 12:00:00+00:00,17.4,59.779182,0.0,14.3,0.265
2023-02-25 13:00:00+00:00,16.95,61.299175,0.0,14.7,0.264
2023-02-25 14:00:00+00:00,16.3,63.883507,0.0,14.65,0.263
2023-02-25 15:00:00+00:00,15.35,69.49628,0.0,14.3,0.263
2023-02-25 16:00:00+00:00,14.05,73.81904,0.0,13.6,0.263
2023-02-25 17:00:00+00:00,13.25,80.411354,0.0,12.95,0.263
2023-02-25 18:00:00+00:00,13.2,82.03385,0.0,12.5,0.263
2023-02-25 19:00:00+00:00,13.2,80.9444,0.0,12.2,0.263
2023-02-25 20:00:00+00:00,13.2,80.40447,0.0,12.05,0.263
2023-02-25 21:00:00+00:00,12.95,81.182335,0.0,11.85,0.263
2023-02-25 22:00:00+00:00,12.85,80.89727,0.0,11.7,0.263
2023-02-25 23:00:00+00:00,12.7,81.14904,0.0,11.6,0.263
2023-02-26 00:00:00+00:00,12.4,81.65643,0.0,13.1,0.267
2023-02-26 01:00:00+00:00,12.75,76.382416,0.0,12.55,0.267
2023-02-26 02:00:00+00:00,12.85,73.35746,0.0,12.15,0.267
2023-02-26 03:00:00+00:00,12.9,71.15679,0.0,11.95,0.266
2023-02-26 04:00:00+00:00,13.0,70.452896,0.0,11.8,0.266
2023-02-26 05:00:00+00:00,13.35,69.09695,0.0,11.8,0.266
2023-02-26 06:00:00+00:00,13.5,68.6585,0.0,11.9,0.266
2023-02-26 07:00:00+00:00,14.35,66.99191,0.0,12.2,0.266
2023-02-26 08:00:00+00:00,15.7,63.534042,0.0,12.9,0.266
2023-02-26 09:00:00+00:00,16.6,59.18511,0.0,13.6,0.265
2023-02-26 10:00:00+00:00,17.55,54.42456,0.0,14.5,0.264
2023-02-26 11:00:00+00:00,17.8,54.673923,0.0,15.15,0.264
2023-02-26 12:00:00+00:00,17.95,54.343845,0.0,15.65,0.262
2023-02-26 13:00:00+00:00,18.1,52.39452,0.0,16.0,0.261
2023-02-26 14:00:00+00:00,17.65,54.820614,0.0,15.9,0.26
2023-02-26 15:00:00+00:00,16.95,55.20068,0.0,15.55,0.26
2023-02-26 16:00:00+00:00,16.05,53.11391,0.0,14.95,0.26
2023-02-26 17:00:00+00:00,15.3,51.11185,0.0,14.3,0.26
2023-02-26 18:00:00+00:00,15.05,53.58608,0.0,13.85,0.26
2023-02-26 19:00:00+00:00,14.8,56.369553,0.0,13.5,0.26
2023-02-26 20:00:00+00:00,14.6,58.09312,0.0,13.25,0.26
2023-02-26 21:00:00+00:00,14.4,58.44461,0.0,13.05,0.259
2023-02-26 22:00:00+00:00,14.3,60.671997,0.0,12.95,0.259
2023-02-26 23:00:00+00:00,14.2,63.62647,0.0,12.85,0.259
2023-02-27 00:00:00+00:00,13.9,66.44289,0.0,15.05,0.261
2023-02-27 01:00:00+00:00,13.95,67.59315,0.0,14.3,0.261
2023-02-27 02:00:00+00:00,14.2,64.28124,0.0,13.8,0.261
2023-02-27 03:00:00+00:00,14.25,58.811398,0.0,13.4,0.261
2023-02-27 04:00:00+00:00,14.5,57.471054,0.0,13.2,0.26
2023-02-27 05:00:00+00:00,14.35,57.83106,0.0,13.05,0.26
2023-02-27 06:00:00+00:00,14.8,58.14288,0.0,13.05,0.26
2023-02-27 07:00:00+00:00,16.35,58.525875,0.0,13.6,0.26
2023-02-27 08:00:00+00:00,17.15,57.350254,0.0,14.45,0.259
2023-02-27 09:00:00+00:00,17.95,56.020527,0.0,15.25,0.259
2023-02-27 10:00:00+00:00,18.65,54.158783,0.0,16.05,0.258
2023-02-27 11:00:00+00:00,19.1,52.658123,0.0,16.65,0.257
2023-02-27 12:00:00+00:00,19.55,50.34853,0.0,17.4,0.255
2023-02-27 13:00:00+00:00,19.05,52.64499,0.0,17.2,0.254
2023-02-27 14:00:00+00:00,18.8,52.756916,0.0,17.0,0.254
2023-02-27 15:00:00+00:00,17.85,57.138588,0.0,16.6,0.254
2023-02-27 16:00:00+00:00,16.75,60.02659,0.0,16.0,0.254
2023-02-27 17:00:00+00:00,15.7,62.680923,0.0,15.3,0.254
2023-02-27 18:00:00+00:00,15.15,63.194813,0.0,14.75,0.254
2023-02-27 19:00:00+00:00,14.0,67.37434,0.0,14.15,0.254
2023-02-27 20:00:00+00:00,12.9,73.366425,0.0,13.6,0.254
2023-02-27 21:00:00+00:00,12.3,77.350784,0.0,13.1,0.254
2023-02-27 22:00:00+00:00,12.3,76.82847,0.0,12.75,0.254
2023-02-27 23:00:00+00:00,11.9,73.94045,0.0,12.45,0.254
2023-02-28 00:00:00+00:00,13.05,68.09985,0.0,13.2,0.249
2023-02-28 01:00:00+00:00,13.9,58.92818,0.0,13.1,0.249
2023-02-28 02:00:00+00:00,13.65,58.460377,0.0,13.0,0.249
2023-02-28 03:00:00+00:00,12.1,69.31856,0.0,12.75,0.249
2023-02-28 04:00:00+00:00,11.05,77.94884,0.0,12.45,0.249
2023-02-28 05:00:00+00:00,10.5,77.86393,0.0,12.2,0.249
2023-02-28 06:00:00+00:00,10.25,79.44532,0.0,12.05,0.249
2023-02-28 07:00:00+00:00,11.15,76.64358,0.0,12.25,0.249
2023-02-28 08:00:00+00:00,13.15,69.76614,0.0,13.0,0.249
2023-02-28 09:00:00+00:00,15.25,63.00356,0.0,14.2,0.249
2023-02-28 10:00:00+00:00,16.6,57.79837,0.0,15.25,0.248
2023-02-28 11:00:00+00:00,17.35,54.188316,0.0,16.05,0.247
2023-02-28 12:00:00+00:00,16.35,59.728153,0.0,15.9,0.253
2023-02-28 13:00:00+00:00,15.1,64.04648,0.0,15.6,0.253
2023-02-28 14:00:00+00:00,13.55,73.73087,0.6,15.0,0.258
2023-02-28 15:00:00+00:00,11.1,86.89778,0.7,13.6,0.265
2023-02-28 16:00:00+00:00,9.9,89.78007,0.1,12.45,0.266
2023-02-28 17:00:00+00:00,9.1,92.82618,0.5,11.5,0.272
2023-02-28 18:00:00+00:00,8.8,92.80968,0.5,10.8,0.278
2023-02-28 19:00:00+00:00,8.55,92.47961,0.9,10.4,0.29
2023-02-28 20:00:00+00:00,8.1,93.408485,0.8,9.95,0.3
2023-02-28 21:00:00+00:00,7.9,93.71901,0.5,9.65,0.306
2023-02-28 22:00:00+00:00,7.7,92.11308,0.2,9.35,0.308
2023-02-28 23:00:00+00:00,7.75,91.48462,0.1,9.15,0.308
2023-03-01 00:00:00+00:00,7.6,94.026825,0.1,9.7,0.296
2023-03-01 01:00:00+00:00,7.35,94.99016,0.0,9.15,0.296
2023-03-01 02:00:00+00:00,7.6,93.70443,0.0,8.95,0.295
2023-03-01 03:00:00+00:00,7.8,92.119125,0.0,8.95,0.295
2023-03-01 04:00:00+00:00,7.9,90.86739,0.0,8.9,0.295
2023-03-01 05:00:00+00:00,7.85,89.93023,0.0,8.85,0.295
2023-03-01 06:00:00+00:00,7.9,88.092705,0.0,8.9,0.294
2023-03-01 07:00:00+00:00,8.35,85.147125,0.0,9.1,0.294
2023-03-01 08:00:00+00:00,9.2,80.39569,0.0,9.55,0.294
2023-03-01 09:00:00+00:00,9.95,76.71283,0.0,10.1,0.293
2023-03-01 10:00:00+00:00,10.9,73.00464,0.0,10.65,0.293
2023-03-01 11:00:00+00:00,11.55,70.897156,0.0,11.2,0.292
2023-03-01 12:00:00+00:00,12.45,69.38889,0.0,12.0,0.294
2023-03-01 13:00:00+00:00,12.05,69.78633,0.0,12.05,0.293
2023-03-01 14:00:00+00:00,11.65,68.27885,0.0,11.95,0.293
2023-03-01 15:00:00+00:00,10.65,70.233536,0.0,11.6,0.292
2023-03-01 16:00:00+00:00,9.6,72.765785,0.0,11.2,0.292
2023-03-01 17:00:00+00:00,8.9,74.17663,0.0,10.75,0.292
2023-03-01 18:00:00+00:00,8.4,75.39734,0.0,10.4,0.291
2023-03-01 19:00:00+00:00,8.0,76.66212,0.0,10.1,0.291
2023-03-01 20:00:00+00:00,7.65,78.51035,0.0,9.8,0.291
2023-03-01 21:00:00+00:00,7.4,79.861,0.0,9.55,0.291
2023-03-01 22:00:00+00:00,7.3,80.408516,0.0,9.35,0.291
2023-03-01 23:00:00+00:00,7.15,81.52286,0.0,9.2,0.29
2023-03-02 00:00:00+00:00,6.95,81.78249,0.0,9.55,0.291
2023-03-02 01:00:00+00:00,6.85,82.63452,0.1,9.2,0.291
2023-03-02 02:00:00+00:00,6.75,83.49578,0.0,8.95,0.292
2023-03-02 03:00:00+00:00,6.65,84.0712,0.0,8.7,0.292
2023-03-02 04:00:00+00:00,6.6,83.770996,0.0,8.55,0.291
2023-03-02 05:00:00+00:00,6.5,84.34901,0.0,8.4,0.291
2023-03-02 06:00:00+00:00,6.6,82.60277,0.0,8.35,0.291
2023-03-02 07:00:00+00:00,6.75,80.61404,0.0,8.45,0.291
2023-03-02 08:00:00+00:00,7.3,76.5472,0.1,8.8,0.291
2023-03-02 09:00:00+00:00,7.65,73.69287,0.0,9.05,0.291
2023-03-02 10:00:00+00:00,8.5,69.313095,0.0,9.55,0.29
2023-03-02 11:00:00+00:00,10.0,62.657593,0.0,10.4,0.289
2023-03-02 12:00:00+00:00,9.1,67.98439,0.0,10.7,0.287
2023-03-02 13:00:00+00:00,9.75,65.07852,0.0,10.8,0.287
2023-03-02 14:00:00+00:00,9.85,64.41648,0.0,10.75,0.286
2023-03-02 15:00:00+00:00,9.4,65.23007,0.0,10.5,0.286
2023-03-02 16:00:00+00:00,8.85,65.8031,0.0,10.15,0.286
2023-03-02 17:00:00+00:00,8.45,66.65488,0.0,9.8,0.285
2023-03-02 18:00:00+00:00,8.1,67.77299,0.0,9.55,0.285
2023-03-02 19:00:00+00:00,7.65,68.64858,0.0,9.25,0.285
2023-03-02 20:00:00+00:00,7.35,68.34165,0.0,9.05,0.285
2023-03-02 21:00:00+00:00,7.15,68.544205,0.0,8.85,0.285
2023-03-02 22:00:00+00:00,7.0,69.74849,0.0,8.65,0.284
2023-03-02 23:00:00+00:00,6.9,71.74743,0.0,8.5,0.284
2023-03-03 00:00:00+00:00,6.05,78.54255,0.0,9.25,0.283
2023-03-03 01:00:00+00:00,6.5,76.68647,0.0,8.9,0.283
2023-03-03 02:00:00+00:00,6.7,76.44808,0.0,8.65,0.283
2023-03-03 03:00:00+00:00,6.8,76.73571,0.0,8.5,0.283
2023-03-03 04:00:00+00:00,6.75,78.09609,0.0,8.4,0.283
2023-03-03 05:00:00+00:00,6.6,79.74504,0.0,8.25,0.283
2023-03-03 06:00:00+00:00,6.9,78.39546,0.0,8.35,0.282
2023-03-03 07:00:00+00:00,7.35,76.2861,0.0,8.6,0.282
2023-03-03 08:00:00+00:00,7.9,73.73808,0.0,9.0,0.282
2023-03-03 09:00:00+00:00,8.55,70.30853,0.0,9.55,0.281
2023-03-03 10:00:00+00:00,9.45,65.24124,0.0,10.25,0.281
2023-03-03 11:00:00+00:00,9.9,62.634106,0.0,10.85,0.28
2023-03-03 12:00:00+00:00,8.75,75.72083,0.0,11.3,0.281
2023-03-03 13:00:00+00:00,8.75,74.93178,0.2,10.7,0.283
2023-03-03 14:00:00+00:00,8.8,73.89996,0.0,10.35,0.283
2023-03-03 15:00:00+00:00,8.85,73.908905,0.0,10.15,0.283
2023-03-03 16:00:00+00:00,7.15,87.41589,0.0,9.5,0.283
2023-03-03 17:00:00+00:00,7.3,84.44112,0.0,8.55,0.282
2023-03-03 18:00:00+00:00,7.25,85.02604,0.0,7.7,0.282
2023-03-03 19:00:00+00:00,6.85,86.47838,0.0,6.85,0.282
2023-03-03 20:00:00+00:00,6.7,86.46321,0.0,6.6,0.282
2023-03-03 21:00:00+00:00,6.55,86.44802,0.0,6.4,0.282
2023-03-03 22:00:00+00:00,6.2,87.63211,0.0,6.0,0.282
2023-03-03 23:00:00+00:00,5.05,90.029755,0.0,5.5,0.282
2023-03-04 00:00:00+00:00,4.85,91.61475,0.0,8.4,0.276
2023-03-04 01:00:00+00:00,5.4,90.056465,0.0,7.65,0.276
2023-03-04 02:00:00+00:00,5.5,90.38064,0.0,7.05,0.276
2023-03-04 03:00:00+00:00,3.85,95.186485,0.0,6.55,0.276
2023-03-04 04:00:00+00:00,4.2,94.86485,0.0,6.35,0.276
2023-03-04 05:00:00+00:00,4.35,95.20546,0.0,6.2,0.276
2023-03-04 06:00:00+00:00,5.95,89.47006,0.0,6.5,0.276
2023-03-04 07:00:00+00:00,7.7,81.596306,0.0,7.4,0.276
2023-03-04 08:00:00+00:00,8.75,76.250946,0.0,8.25,0.275
2023-03-04 09:00:00+00:00,10.7,69.034966,0.0,9.95,0.275
2023-03-04 10:00:00+00:00,12.6,58.60622,0.0,11.75,0.274
2023-03-04 11:00:00+00:00,13.45,55.054783,0.0,12.9,0.273
2023-03-04 12:00:00+00:00,10.9,67.88684,0.0,12.65,0.278
2023-03-04 13:00:00+00:00,11.95,63.331387,0.0,12.6,0.277
2023-03-04 14:00:00+00:00,12.55,60.67119,0.0,12.9,0.277
2023-03-04 15:00:00+00:00,12.05,63.574734,0.0,12.45,0.276
2023-03-04 16:00:00+00:00,10.7,71.47056,0.0,11.65,0.276
2023-03-04 17:00:00+00:00,10.2,75.441216,0.0,10.95,0.276
2023-03-04 18:00:00+00:00,9.7,80.465515,0.0,10.4,0.276
2023-03-04 19:00:00+00:00,7.65,89.91494,0.0,9.5,0.276
2023-03-04 20:00:00+00:00,7.55,90.843,0.0,8.95,0.276
2023-03-04 21:00:00+00:00,7.45,92.73469,0.0,8.6,0.276
2023-03-04 22:00:00+00:00,8.55,90.91244,0.0,8.7,0.275
2023-03-04 23:00:00+00:00,8.7,92.17325,0.0,8.85,0.275
2023-03-05 00:00:00+00:00,9.3,91.27386,0.0,9.3,0.271
2023-03-05 01:00:00+00:00,8.9,95.69738,0.0,9.3,0.271
2023-03-05 02:00:00+00:00,9.1,93.77686,0.0,9.35,0.271
2023-03-05 03:00:00+00:00,8.45,96.33565,0.0,9.15,0.271
2023-03-05 04:00:00+00:00,8.85,95.37148,0.0,8.9,0.271
2023-03-05 05:00:00+00:00,8.6,96.99647,0.0,9.0,0.271
2023-03-05 06:00:00+00:00,8.55,95.03671,0.0,9.15,0.271
2023-03-05 07:00:00+00:00,9.05,91.88092,0.2,9.5,0.273
2023-03-05 08:00:00+00:00,9.65,91.917915,0.1,9.95,0.273
2023-03-05 09:00:00+00:00,10.4,88.6123,0.2,10.6,0.275
2023-03-05 10:00:00+00:00,9.55,95.075,1.7,10.45,0.296
2023-03-05 11:00:00+00:00,9.4,95.06928,2.8,10.2,0.334
2023-03-05 12:00:00+00:00,12.1,70.51831,1.4,12.0,0.274
2023-03-05 13:00:00+00:00,12.5,68.45406,0.0,12.35,0.274
2023-03-05 14:00:00+00:00,11.85,70.71193,0.1,12.3,0.275
2023-03-05 15:00:00+00:00,11.25,76.13733,0.0,12.0,0.274
2023-03-05 16:00:00+00:00,9.4,89.13246,0.3,11.25,0.276
2023-03-05 17:00:00+00:00,9.5,90.669205,0.0,10.65,0.276
2023-03-05 18:00:00+00:00,7.95,94.365524,0.0,9.9,0.276
2023-03-05 19:00:00+00:00,7.1,95.96611,0.0,9.2,0.276
2023-03-05 20:00:00+00:00,6.45,96.94523,0.0,8.65,0.276
2023-03-05 21:00:00+00:00,5.95,97.269745,0.0,8.15,0.276
2023-03-05 22:00:00+00:00,5.95,96.933136,0.0,7.55,0.276
2023-03-05 23:00:00+00:00,6.5,97.6178,0.0,7.1,0.276
2023-03-06 00:00:00+00:00,6.25,98.6298,0.0,8.4,0.272
2023-03-06 01:00:00+00:00,4.6,97.58152,0.0,7.6,0.272
2023-03-06 02:00:00+00:00,4.35,95.54107,0.0,6.95,0.271
2023-03-06 03:00:00+00:00,5.7,91.66964,0.0,6.4,0.271
2023-03-06 04:00:00+00:00,5.05,94.89912,0.0,6.0,0.271
2023-03-06 05:00:00+00:00,5.0,94.89711,0.0,5.95,0.271
2023-03-06 06:00:00+00:00,6.05,92.33351,0.0,6.6,0.271
2023-03-06 07:00:00+00:00,7.85,85.09227,0.0,7.7,0.271
2023-03-06 08:00:00+00:00,9.5,79.610085,0.0,8.9,0.271
2023-03-06 09:00:00+00:00,11.3,72.82687,0.0,10.35,0.27
2023-03-06 10:00:00+00:00,12.75,67.11107,0.0,11.85,0.269
2023-03-06 11:00:00+00:00,13.5,64.344406,0.0,12.95,0.269
2023-03-06 12:00:00+00:00,13.55,56.244877,0.0,13.0,0.271
2023-03-06 13:00:00+00:00,13.9,59.131992,0.1,13.35,0.271
2023-03-06 14:00:00+00:00,13.75,55.906025,0.0,13.3,0.27
2023-03-06 15:00:00+00:00,13.05,60.162647,0.0,12.95,0.27
2023-03-06 16:00:00+00:00,11.1,70.07964,0.0,12.1,0.269
2023-03-06 17:00:00+00:00,9.45,80.43064,0.0,11.05,0.269
2023-03-06 18:00:00+00:00,8.75,86.966446,0.0,10.25,0.269
2023-03-06 19:00:00+00:00,8.5,88.7536,0.0,9.7,0.269
2023-03-06 20:00:00+00:00,8.4,88.74516,0.0,9.25,0.269
2023-03-06 21:00:00+00:00,8.35,89.046364,0.0,8.95,0.269
2023-03-06 22:00:00+00:00,8.3,89.65613,0.0,8.75,0.269
2023-03-06 23:00:00+00:00,8.2,90.576836,0.0,8.55,0.269
2023-03-07 00:00:00+00:00,8.45,89.97587,0.0,9.05,0.27
2023-03-07 01:00:00+00:00,8.6,89.37278,0.0,8.85,0.27
2023-03-07 02:00:00+00:00,8.55,89.06284,0.0,8.7,0.27
2023-03-07 03:00:00+00:00,8.65,89.99101,0.0,8.6,0.27
2023-03-07 04:00:00+00:00,9.2,90.03249,0.0,8.75,0.27
2023-03-07 05:00:00+00:00,8.95,90.93999,0.0,8.75,0.27
2023-03-07 06:00:00+00:00,10.25,83.62673,0.0,9.1,0.27
2023-03-07 07:00:00+00:00,12.3,76.309265,0.0,10.0,0.269
2023-03-07 08:00:00+00:00,13.45,71.98945,0.0,11.05,0.269
2023-03-07 09:00:00+00:00,14.8,66.8604,0.0,12.3,0.268
2023-03-07 10:00:00+00:00,15.45,58.304043,0.0,13.3,0.267
2023-03-07 11:00:00+00:00,16.1,50.27462,0.0,14.15,0.266
2023-03-07 12:00:00+00:00,15.6,57.156986,0.0,14.5,0.267
2023-03-07 13:00:00+00:00,15.8,52.50177,0.0,14.8,0.267
2023-03-07 14:00:00+00:00,15.2,53.811344,0.0,14.6,0.266
2023-03-07 15:00:00+00:00,14.45,59.266804,0.0,14.15,0.265
2023-03-07 16:00:00+00:00,13.05,66.71601,0.0,13.4,0.265
2023-03-07 17:00:00+00:00,11.7,75.69334,0.0,12.5,0.265
2023-03-07 18:00:00+00:00,10.65,83.67412,0.0,11.75,0.265
2023-03-07 19:00:00+00:00,10.25,90.72189,0.0,11.15,0.265
2023-03-07 20:00:00+00:00,10.2,89.49976,0.0,10.75,0.265
2023-03-07 21:00:00+00:00,9.85,87.072365,0.0,10.45,0.265
2023-03-07 22:00:00+00:00,9.9,88.26945,0.0,10.2,0.265
2023-03-07 23:00:00+00:00,9.95,90.3943,0.0,10.05,0.265
2023-03-08 00:00:00+00:00,10.25,90.72189,0.0,10.5,0.264
2023-03-08 01:00:00+00:00,9.6,92.22681,0.0,10.2,0.264
2023-03-08 02:00:00+00:00,9.1,93.77686,0.0,9.95,0.264
2023-03-08 03:00:00+00:00,9.1,93.77686,0.0,9.7,0.264
2023-03-08 04:00:00+00:00,9.1,94.095665,0.0,9.5,0.264
2023-03-08 05:00:00+00:00,9.35,94.107025,0.0,9.4,0.264
2023-03-08 06:00:00+00:00,11.0,88.36501,0.0,9.8,0.264
2023-03-08 07:00:00+00:00,13.1,81.20228,0.0,10.85,0.264
2023-03-08 08:00:00+00:00,14.75,75.689,0.0,12.15,0.263
2023-03-08 09:00:00+00:00,15.7,72.88725,0.0,13.4,0.263
2023-03-08 10:00:00+00:00,16.95,65.32401,0.0,14.65,0.262
2023-03-08 11:00:00+00:00,17.35,57.98395,0.1,15.55,0.261
2023-03-08 12:00:00+00:00,17.65,49.83497,0.0,16.0,0.261
2023-03-08 13:00:00+00:00,17.75,48.84771,0.0,16.4,0.26
2023-03-08 14:00:00+00:00,17.05,49.161102,0.0,16.25,0.259
2023-03-08 15:00:00+00:00,15.95,53.82288,0.0,15.7,0.258
2023-03-08 16:00:00+00:00,14.15,65.15254,0.0,14.8,0.258
2023-03-08 17:00:00+00:00,12.65,81.41527,0.0,13.85,0.258
2023-03-08 18:00:00+00:00,11.7,90.8225,0.0,13.0,0.258
2023-03-08 19:00:00+00:00,11.3,93.25641,0.0,12.4,0.258
2023-03-08 20:00:00+00:00,11.0,95.12975,0.0,11.9,0.258
2023-03-08 21:00:00+00:00,10.75,96.07914,0.0,11.5,0.258
2023-03-08 22:00:00+00:00,10.5,96.39365,0.0,11.2,0.258
2023-03-08 23:00:00+00:00,10.35,96.38944,0.0,10.95,0.258
2023-03-09 00:00:00+00:00,10.6,93.53376,0.0,10.75,0.258
2023-03-09 01:00:00+00:00,10.4,93.52386,0.0,10.6,0.258
2023-03-09 02:00:00+00:00,10.4,93.21,0.0,10.45,0.258
2023-03-09 03:00:00+00:00,10.2,93.513954,0.0,10.3,0.258
2023-03-09 04:00:00+00:00,9.9,94.13191,0.0,10.15,0.258
2023-03-09 05:00:00+00:00,10.0,94.13641,0.0,10.0,0.258
2023-03-09 06:00:00+00:00,11.55,90.2069,0.0,10.45,0.258
2023-03-09 07:00:00+00:00,13.6,85.422424,0.0,11.55,0.258
2023-03-09 08:00:00+00:00,15.45,76.055626,0.0,12.85,0.258
2023-03-09 09:00:00+00:00,16.55,65.237175,0.0,14.05,0.257
2023-03-09 10:00:00+00:00,17.65,53.899303,0.0,15.25,0.256
2023-03-09 11:00:00+00:00,18.05,46.155792,0.0,16.1,0.255
2023-03-09 12:00:00+00:00,17.4,49.937954,0.0,16.25,0.254
2023-03-09 13:00:00+00:00,16.95,51.380005,0.0,16.15,0.254
2023-03-09 14:00:00+00:00,16.7,53.103317,0.0,16.0,0.253
2023-03-09 15:00:00+00:00,15.9,56.45559,0.0,15.6,0.252
2023-03-09 16:00:00+00:00,14.5,63.261715,0.0,14.9,0.252
2023-03-09 17:00:00+00:00,13.35,70.04343,0.0,14.15,0.252
2023-03-09 18:00:00+00:00,12.55,76.34994,0.0,13.45,0.252
2023-03-09 19:00:00+00:00,12.1,79.981476,0.0,12.9,0.252
2023-03-09 20:00:00+00:00,11.8,84.9449,0.0,12.45,0.252
2023-03-09 21:00:00+00:00,11.6,89.90936,0.0,12.15,0.252
2023-03-09 22:00:00+00:00,11.65,92.65509,0.0,11.9,0.252
2023-03-09 23:00:00+00:00,11.85,93.90651,0.0,11.8,0.252
2023-03-10 00:00:00+00:00,12.2,93.61209,0.0,12.8,0.252
2023-03-10 01:00:00+00:00,12.2,94.234276,0.0,12.5,0.252
2023-03-10 02:00:00+00:00,12.05,94.22767,0.0,12.25,0.252
2023-03-10 03:00:00+00:00,11.9,94.22106,0.0,12.0,0.252
2023-03-10 04:00:00+00:00,11.8,92.66343,0.0,11.8,0.252
2023-03-10 05:00:00+00:00,11.9,90.533936,0.0,11.7,0.252
2023-03-10 06:00:00+00:00,13.4,83.43756,0.0,12.0,0.252
2023-03-10 07:00:00+00:00,15.1,76.25147,0.0,12.8,0.252
2023-03-10 08:00:00+00:00,16.3,70.615814,0.0,13.8,0.251
2023-03-10 09:00:00+00:00,17.35,64.976974,0.0,14.75,0.251
2023-03-10 10:00:00+00:00,17.95,62.15046,0.0,15.7,0.25
2023-03-10 11:00:00+00:00,18.7,58.121143,0.0,16.6,0.249
2023-03-10 12:00:00+00:00,17.85,63.380474,0.0,16.7,0.249
2023-03-10 13:00:00+00:00,18.1,60.75221,0.0,16.8,0.249
2023-03-10 14:00:00+00:00,18.1,59.547413,0.0,16.85,0.248
2023-03-10 15:00:00+00:00,16.85,68.87224,0.0,16.5,0.247
2023-03-10 16:00:00+00:00,15.85,70.529465,0.0,15.85,0.247
2023-03-10 17:00:00+00:00,15.25,73.53766,0.0,15.2,0.247
2023-03-10 18:00:00+00:00,14.9,76.98286,0.0,14.75,0.247
2023-03-10 19:00:00+00:00,15.0,74.97803,0.0,14.45,0.247
2023-03-10 20:00:00+00:00,14.7,77.46482,0.0,14.2,0.247
2023-03-10 21:00:00+00:00,14.6,78.74703,0.0,14.05,0.247
2023-03-10 22:00:00+00:00,14.35,81.09807,0.0,13.9,0.247
2023-03-10 23:00:00+00:00,14.5,80.58239,0.0,13.8,0.247
2023-03-11 00:00:00+00:00,14.15,87.18717,0.2,14.9,0.248
2023-03-11 01:00:00+00:00,13.85,86.30019,6.2,14.2,0.334
2023-03-11 02:00:00+00:00,13.85,87.1591,3.9,13.65,0.382
2023-03-11 03:00:00+00:00,12.75,89.995476,6.2,13.15,0.41
2023-03-11 04:00:00+00:00,13.5,91.244965,1.2,13.05,0.408
2023-03-11 05:00:00+00:00,13.35,91.83797,3.7,12.95,0.405
2023-03-11 06:00:00+00:00,13.3,91.23189,0.8,12.95,0.401
2023-03-11 07:00:00+00:00,13.95,86.02569,0.0,13.15,0.392
2023-03-11 08:00:00+00:00,14.5,83.29182,0.3,13.55,0.388
2023-03-11 09:00:00+00:00,14.35,81.6373,0.1,13.65,0.383
2023-03-11 10:00:00+00:00,13.7,81.55286,0.0,13.55,0.379
2023-03-11 11:00:00+00:00,14.55,80.05689,0.0,14.2,0.375
2023-03-11 12:00:00+00:00,16.95,65.98036,0.0,15.8,0.362
2023-03-11 13:00:00+00:00,16.95,59.671043,0.0,16.15,0.357
2023-03-11 14:00:00+00:00,16.65,58.007084,0.0,16.05,0.354
2023-03-11 15:00:00+00:00,16.4,59.538372,0.0,15.85,0.35
2023-03-11 16:00:00+00:00,15.1,67.14969,0.0,15.3,0.348
2023-03-11 17:00:00+00:00,13.35,78.56201,0.1,14.55,0.346
2023-03-11 18:00:00+00:00,13.1,80.93095,0.0,14.05,0.345
2023-03-11 19:00:00+00:00,12.5,84.73727,0.5,13.55,0.347
2023-03-11 20:00:00+00:00,12.05,87.572845,0.9,12.85,0.355
2023-03-11 21:00:00+00:00,11.7,88.42525,0.0,12.4,0.353
2023-03-11 22:00:00+00:00,10.05,94.77459,0.0,11.85,0.351
2023-03-11 23:00:00+00:00,11.3,89.58578,0.0,11.15,0.349
2023-03-12 00:00:00+00:00,10.95,84.27883,0.0,12.45,0.346
2023-03-12 01:00:00+00:00,10.75,74.758835,0.0,11.75,0.344
2023-03-12 02:00:00+00:00,10.05,71.09817,0.0,11.25,0.342
2023-03-12 03:00:00+00:00,8.0,49.449455,0.0,10.45,0.341
2023-03-12 04:00:00+00:00,7.2,45.347958,0.0,9.9,0.339
2023-03-12 05:00:00+00:00,7.25,44.520893,0.0,9.6,0.338
2023-03-12 06:00:00+00:00,7.65,43.81137,0.0,9.6,0.336
2023-03-12 07:00:00+00:00,7.55,44.27661,0.0,9.65,0.335
2023-03-12 08:00:00+00:00,7.9,43.233456,0.0,9.8,0.333
2023-03-12 09:00:00+00:00,9.0,42.5982,0.0,10.4,0.331
2023-03-12 10:00:00+00:00,10.35,41.9018,0.0,11.4,0.329
2023-03-12 11:00:00+00:00,11.2,42.773552,0.0,12.3,0.327
2023-03-12 12:00:00+00:00,13.25,37.65483,0.0,13.45,0.326
2023-03-12 13:00:00+00:00,12.55,41.030994,0.0,13.9,0.324
2023-03-12 14:00:00+00:00,12.05,40.43832,0.0,13.65,0.322
2023-03-12 15:00:00+00:00,10.85,42.359024,0.0,13.05,0.321
2023-03-12 16:00:00+00:00,10.2,45.716164,0.0,12.35,0.32
2023-03-12 17:00:00+00:00,9.4,50.208363,0.0,11.7,0.319
2023-03-12 18:00:00+00:00,8.5,52.579445,0.0,11.05,0.318
2023-03-12 19:00:00+00:00,7.1,59.330162,0.0,10.3,0.318
2023-03-12 20:00:00+00:00,5.85,68.02435,0.0,9.55,0.317
2023-03-12 21:00:00+00:00,4.85,75.592804,0.0,8.8,0.316
2023-03-12 22:00:00+00:00,4.9,77.24906,0.0,8.4,0.316
2023-03-12 23:00:00+00:00,4.45,81.44725,0.0,7.9,0.315
2023-03-13 00:00:00+00:00,7.2,68.554665,0.0,9.25,0.314
2023-03-13 01:00:00+00:00,6.25,72.65455,0.0,8.85,0.314
2023-03-13 02:00:00+00:00,5.65,75.19,0.0,8.45,0.313
2023-03-13 03:00:00+00:00,4.75,79.47318,0.0,7.95,0.313
2023-03-13 04:00:00+00:00,4.2,81.705765,0.0,7.5,0.312
2023-03-13 05:00:00+00:00,4.2,81.41323,0.0,7.15,0.312
2023-03-13 06:00:00+00:00,5.95,75.51112,0.0,7.5,0.311
2023-03-13 07:00:00+00:00,7.75,62.572987,0.0,8.45,0.311
2023-03-13 08:00:00+00:00,9.1,49.941807,0.0,9.45,0.309
2023-03-13 09:00:00+00:00,10.25,41.717987,0.0,10.45,0.308
2023-03-13 10:00:00+00:00,11.3,36.393887,0.0,11.45,0.306
2023-03-13 11:00:00+00:00,12.2,34.295517,0.0,12.4,0.305
2023-03-13 12:00:00+00:00,11.95,37.54592,0.0,12.6,0.304
2023-03-13 13:00:00+00:00,11.75,39.908325,0.0,13.0,0.303
2023-03-13 14:00:00+00:00,11.1,40.603733,0.0,12.85,0.302
2023-03-13 15:00:00+00:00,10.25,41.872284,0.0,12.3,0.301
2023-03-13 16:00:00+00:00,8.7,46.63925,0.0,11.35,0.3
2023-03-13 17:00:00+00:00,7.2,50.702423,0.0,10.3,0.3
2023-03-13 18:00:00+00:00,6.0,56.921207,0.0,9.4,0.3
2023-03-13 19:00:00+00:00,4.95,63.51347,0.0,8.55,0.299
2023-03-13 20:00:00+00:00,3.85,70.11891,0.0,7.8,0.299
2023-03-13 21:00:00+00:00,2.9,76.0838,0.0,7.1,0.299
2023-03-13 22:00:00+00:00,2.3,80.85655,0.0,6.5,0.299
2023-03-13 23:00:00+00:00,1.95,84.42204,0.0,6.0,0.298
2023-03-14 00:00:00+00:00,1.65,86.880905,0.0,5.45,0.297
2023-03-14 01:00:00+00:00,1.05,90.37202,0.0,5.15,0.297
2023-03-14 02:00:00+00:00,0.65,91.66886,0.0,4.85,0.297
2023-03-14 03:00:00+00:00,0.4,92.323654,0.0,4.55,0.297
2023-03-14 04:00:00+00:00,0.25,92.65217,0.0,4.3,0.297
2023-03-14 05:00:00+00:00,0.6,91.66558,0.0,4.1,0.296
2023-03-14 06:00:00+00:00,3.05,82.44026,0.0,4.75,0.296
2023-03-14 07:00:00+00:00,5.9,72.58867,0.0,6.15,0.296
2023-03-14 08:00:00+00:00,7.95,63.525078,0.0,7.85,0.295
2023-03-14 09:00:00+00:00,9.25,60.080276,0.0,9.45,0.294
2023-03-14 10:00:00+00:00,10.45,55.638454,0.0,10.95,0.293
2023-03-14 11:00:00+00:00,11.55,52.65105,0.0,12.2,0.291
2023-03-14 12:00:00+00:00,12.45,49.621105,0.0,13.5,0.288
2023-03-14 13:00:00+00:00,12.85,48.337513,0.0,13.95,0.287
2023-03-14 14:00:00+00:00,12.75,46.116497,0.0,13.85,0.286
2023-03-14 15:00:00+00:00,12.25,45.479675,0.0,13.2,0.285
2023-03-14 16:00:00+00:00,9.2,59.42743,0.0,11.95,0.285
2023-03-14 17:00:00+00:00,7.4,61.817223,0.0,10.45,0.285
2023-03-14 18:00:00+00:00,6.9,68.49184,0.0,9.5,0.284
2023-03-14 19:00:00+00:00,5.85,71.28766,0.0,8.75,0.284
2023-03-14 20:00:00+00:00,4.4,79.136345,0.0,7.95,0.284
2023-03-14 21:00:00+00:00,3.25,86.41739,0.0,7.15,0.284
2023-03-14 22:00:00+00:00,2.3,90.140236,0.0,6.45,0.284
2023-03-14 23:00:00+00:00,1.6,92.730194,0.0,5.85,0.284
2023-03-15 00:00:00+00:00,2.25,93.10092,0.0,4.85,0.28
2023-03-15 01:00:00+00:00,1.15,94.73903,0.0,4.65,0.279
2023-03-15 02:00:00+00:00,1.05,94.73483,0.0,4.45,0.279
2023-03-15 03:00:00+00:00,1.6,94.41722,0.0,4.3,0.279
2023-03-15 04:00:00+00:00,1.3,95.431496,0.0,4.2,0.279
2023-03-15 05:00:00+00:00,2.5,95.47509,0.0,4.2,0.279
2023-03-15 06:00:00+00:00,5.3,88.47841,0.0,5.05,0.279
2023-03-15 07:00:00+00:00,7.5,82.14141,0.0,6.5,0.279
2023-03-15 08:00:00+00:00,9.45,75.57572,0.0,8.2,0.279
2023-03-15 09:00:00+00:00,11.35,65.89107,0.0,9.9,0.278
2023-03-15 10:00:00+00:00,13.35,51.47972,0.0,11.75,0.277
2023-03-15 11:00:00+00:00,14.3,51.376694,0.0,13.05,0.276
2023-03-15 12:00:00+00:00,15.2,54.184437,0.0,13.65,0.273
2023-03-15 13:00:00+00:00,15.3,51.2897,0.0,14.15,0.272
2023-03-15 14:00:00+00:00,14.55,54.578922,0.0,14.05,0.271
2023-03-15 15:00:00+00:00,13.85,56.911266,0.0,13.5,0.271
2023-03-15 16:00:00+00:00,12.6,66.84918,0.1,12.75,0.271
2023-03-15 17:00:00+00:00,10.8,80.34341,0.2,11.8,0.272
2023-03-15 18:00:00+00:00,10.05,84.46332,0.0,11.0,0.272
2023-03-15 19:00:00+00:00,9.9,87.6715,1.0,10.45,0.283
2023-03-15 20:00:00+00:00,10.3,88.904175,2.2,10.2,0.313
2023-03-15 21:00:00+00:00,10.15,88.591064,5.9,10.0,0.392
2023-03-15 22:00:00+00:00,10.1,86.21259,0.2,9.85,0.386
2023-03-15 23:00:00+00:00,9.7,90.06998,0.1,9.65,0.381
2023-03-16 00:00:00+00:00,9.6,87.64399,0.4,10.35,0.348
2023-03-16 01:00:00+00:00,9.4,90.04751,1.5,9.95,0.365
2023-03-16 02:00:00+00:00,9.3,90.964005,2.1,9.65,0.389
2023-03-16 03:00:00+00:00,9.2,93.781654,3.0,9.5,0.417
2023-03-16 04:00:00+00:00,9.15,94.09794,3.5,9.45,0.423
2023-03-16 05:00:00+00:00,8.9,95.69738,2.5,9.35,0.419
2023-03-16 06:00:00+00:00,9.0,95.37687,1.8,9.35,0.419
2023-03-16 07:00:00+00:00,9.1,94.41542,1.1,9.35,0.413
2023-03-16 08:00:00+00:00,9.8,89.46823,0.2,9.65,0.404
2023-03-16 09:00:00+00:00,10.45,85.664734,0.1,9.95,0.397
2023-03-16 10:00:00+00:00,9.9,89.47613,0.6,10.1,0.397
2023-03-16 11:00:00+00:00,9.35,89.12838,1.0,9.85,0.402
2023-03-16 12:00:00+00:00,9.1,85.81577,1.4,9.75,0.401
2023-03-16 13:00:00+00:00,8.75,88.47104,0.8,9.4,0.404
2023-03-16 14:00:00+00:00,8.5,89.05873,2.0,9.1,0.418
2023-03-16 15:00:00+00:00,8.1,89.02572,2.4,8.8,0.424
2023-03-16 16:00:00+00:00,7.65,89.605156,2.0,8.5,0.423
2023-03-16 17:00:00+00:00,7.4,89.58544,1.5,8.2,0.421
2023-03-16 18:00:00+00:00,7.05,89.86889,1.1,7.95,0.419
2023-03-16 19:00:00+00:00,6.65,89.838005,1.0,7.7,0.419
2023-03-16 20:00:00+00:00,6.45,90.45035,1.1,7.45,0.42
2023-03-16 21:00:00+00:00,6.25,91.06836,1.5,7.3,0.424
2023-03-16 22:00:00+00:00,5.75,91.35292,0.9,7.1,0.42
2023-03-16 23:00:00+00:00,5.45,90.69462,0.7,6.8,0.419
2023-03-17 00:00:00+00:00,5.55,89.12439,0.7,6.75,0.419
2023-03-17 01:00:00+00:00,5.8,90.40273,0.2,6.65,0.414
2023-03-17 02:00:00+00:00,5.85,89.775856,0.2,6.55,0.412
2023-03-17 03:00:00+00:00,5.7,89.76414,0.3,6.5,0.411
2023-03-17 04:00:00+00:00,5.35,90.05265,0.2,6.35,0.409
2023-03-17 05:00:00+00:00,5.15,86.91747,0.1,6.2,0.407
2023-03-17 06:00:00+00:00,5.25,84.502365,0.0,6.15,0.405
2023-03-17 07:00:00+00:00,5.85,77.955315,0.0,6.45,0.403
2023-03-17 08:00:00+00:00,6.9,69.728165,0.0,7.05,0.401
2023-03-17 09:00:00+00:00,7.8,63.490143,0.0,7.7,0.399
2023-03-17 10:00:00+00:00,8.8,58.692207,0.0,8.5,0.396
2023-03-17 11:00:00+00:00,9.7,55.044685,0.0,9.3,0.394
2023-03-17 12:00:00+00:00,8.95,58.941055,0.0,9.4,0.394
2023-03-17 13:00:00+00:00,9.25,57.143154,0.0,9.55,0.393
2023-03-17 14:00:00+00:00,9.55,54.41411,0.0,9.6,0.391
2023-03-17 15:00:00+00:00,9.3,53.956238,0.0,9.45,0.39
2023-03-17 16:00:00+00:00,8.8,54.607655,0.0,9.1,0.389
2023-03-17 17:00:00+00:00,8.25,55.057747,0.0,8.7,0.388
2023-03-17 18:00:00+00:00,6.9,59.496017,0.0,8.1,0.387
2023-03-17 19:00:00+00:00,6.2,61.976883,0.0,7.65,0.386
2023-03-17 20:00:00+00:00,5.85,63.262127,0.0,7.3,0.386
2023-03-17 21:00:00+00:00,6.15,54.494648,0.0,7.15,0.385
2023-03-17 22:00:00+00:00,6.45,48.825726,0.0,7.15,0.384
2023-03-17 23:00:00+00:00,6.3,48.78273,0.0,7.15,0.384
2023-03-18 00:00:00+00:00,6.05,51.517944,0.0,7.15,0.384
2023-03-18 01:00:00+00:00,5.8,51.256332,0.0,6.95,0.383
2023-03-18 02:00:00+00:00,5.25,54.453075,0.0,6.8,0.382
2023-03-18 03:00:00+00:00,4.9,56.631996,0.0,6.6,0.382
2023-03-18 04:00:00+00:00,4.25,59.043114,0.0,6.3,0.381
2023-03-18 05:00:00+00:00,3.85,63.01936,0.0,6.05,0.381
2023-03-18 06:00:00+00:00,4.85,65.85901,0.0,6.3,0.38
2023-03-18 07:00:00+00:00,6.85,60.35538,0.0,7.2,0.379
2023-03-18 08:00:00+00:00,8.5,52.964035,0.0,8.4,0.378
2023-03-18 09:00:00+00:00,9.75,47.98191,0.0,9.6,0.376
2023-03-18 10:00:00+00:00,10.55,44.824787,0.0,10.45,0.374
2023-03-18 11:00:00+00:00,11.0,38.386635,0.0,11.1,0.373
2023-03-18 12:00:00+00:00,11.1,44.65802,0.0,11.65,0.372
2023-03-18 13:00:00+00:00,11.5,41.77949,0.0,11.65,0.37
2023-03-18 14:00:00+00:00,11.45,39.819572,0.0,11.45,0.369
2023-03-18 15:00:00+00:00,10.45,44.632164,0.0,10.9,0.368
2023-03-18 16:00:00+00:00,8.65,52.6205,0.0,10.25,0.368
2023-03-18 17:00:00+00:00,7.8,59.07693,0.3,9.35,0.37
2023-03-18 18:00:00+00:00,8.25,55.459137,0.0,8.8,0.37
2023-03-18 19:00:00+00:00,8.3,58.144722,0.0,8.55,0.37
2023-03-18 20:00:00+00:00,7.8,68.92437,0.0,8.35,0.369
2023-03-18 21:00:00+00:00,7.55,72.38315,0.0,8.25,0.369
2023-03-18 22:00:00+00:00,6.65,77.53017,0.0,8.0,0.369
2023-03-18 23:00:00+00:00,6.8,78.38007,0.1,7.9,0.369
2023-03-19 00:00:00+00:00,7.15,75.984,0.0,8.6,0.366
2023-03-19 01:00:00+00:00,7.35,76.55544,0.0,8.5,0.365
2023-03-19 02:00:00+00:00,7.55,76.05113,0.0,8.4,0.365
2023-03-19 03:00:00+00:00,7.45,79.310265,0.0,8.35,0.365
2023-03-19 04:00:00+00:00,7.3,82.11542,0.2,8.2,0.366
2023-03-19 05:00:00+00:00,7.45,81.8485,0.1,8.05,0.367
2023-03-19 06:00:00+00:00,7.85,79.92582,0.0,8.1,0.366
2023-03-19 07:00:00+00:00,8.8,74.41859,0.0,8.55,0.366
2023-03-19 08:00:00+00:00,9.7,70.53609,0.0,9.2,0.365
2023-03-19 09:00:00+00:00,11.1,66.52734,0.0,10.4,0.364
2023-03-19 10:00:00+00:00,11.8,64.6307,0.0,11.25,0.363
2023-03-19 11:00:00+00:00,12.4,63.654705,0.0,11.85,0.362
2023-03-19 12:00:00+00:00,12.75,62.21073,0.0,11.9,0.361
2023-03-19 13:00:00+00:00,13.1,61.014122,0.0,12.3,0.359
2023-03-19 14:00:00+00:00,13.0,61.41395,0.0,12.3,0.359
2023-03-19 15:00:00+00:00,12.55,62.379726,0.0,12.1,0.358
2023-03-19 16:00:00+00:00,11.55,68.022606,0.0,11.65,0.358
2023-03-19 17:00:00+00:00,9.75,75.88866,0.0,10.8,0.357
2023-03-19 18:00:00+00:00,8.4,80.84303,0.0,10.05,0.357
2023-03-19 19:00:00+00:00,7.15,84.71899,0.0,9.35,0.357
2023-03-19 20:00:00+00:00,5.2,91.63743,0.0,8.6,0.357
2023-03-19 21:00:00+00:00,4.6,92.899254,0.0,7.9,0.357
2023-03-19 22:00:00+00:00,3.95,94.854706,0.0,7.3,0.357
2023-03-19 23:00:00+00:00,4.2,93.86629,0.0,6.75,0.357
2023-03-20 00:00:00+00:00,4.4,93.216385,0.0,6.55,0.356
2023-03-20 01:00:00+00:00,3.6,94.84046,0.0,6.3,0.356
2023-03-20 02:00:00+00:00,3.25,95.84152,0.0,6.0,0.356
2023-03-20 03:00:00+00:00,2.9,96.17144,0.0,5.75,0.356
2023-03-20 04:00:00+00:00,4.3,93.54058,0.0,5.4,0.356
2023-03-20 05:00:00+00:00,3.9,96.54176,0.0,5.35,0.355
2023-03-20 06:00:00+00:00,6.5,89.20266,0.0,6.35,0.355
2023-03-20 07:00:00+00:00,9.2,81.23242,0.0,8.0,0.355
2023-03-20 08:00:00+00:00,11.25,72.8177,0.0,9.85,0.354
2023-03-20 09:00:00+00:00,13.0,68.089516,0.0,11.6,0.353
2023-03-20 10:00:00+00:00,14.5,65.22937,0.0,13.2,0.351
2023-03-20 11:00:00+00:00,15.7,62.46923,0.0,14.5,0.35
2023-03-20 12:00:00+00:00,16.4,59.538372,0.0,15.3,0.348
2023-03-20 13:00:00+00:00,16.95,57.689606,0.0,15.75,0.346
2023-03-20 14:00:00+00:00,16.95,58.672947,0.0,15.7,0.345
2023-03-20 15:00:00+00:00,16.4,63.05282,0.0,15.15,0.345
2023-03-20 16:00:00+00:00,13.9,75.80203,0.0,14.1,0.345
2023-03-20 17:00:00+00:00,11.7,82.67455,0.0,12.85,0.345
2023-03-20 18:00:00+00:00,10.05,84.46332,0.0,11.85,0.345
2023-03-20 19:00:00+00:00,8.6,88.45807,0.0,10.95,0.345
2023-03-20 20:00:00+00:00,7.75,90.85695,0.0,10.2,0.345
2023-03-20 21:00:00+00:00,6.95,92.06751,0.0,9.55,0.344
2023-03-20 22:00:00+00:00,5.45,94.58442,0.0,8.9,0.344
2023-03-20 23:00:00+00:00,5.4,93.92367,0.0,8.25,0.344
2023-03-21 00:00:00+00:00,5.9,89.46605,0.0,7.5,0.343
2023-03-21 01:00:00+00:00,5.15,91.63419,0.0,7.25,0.343
2023-03-21 02:00:00+00:00,4.3,94.53526,0.0,7.05,0.343
2023-03-21 03:00:00+00:00,4.45,95.20925,0.0,6.9,0.343
2023-03-21 04:00:00+00:00,4.7,95.88911,0.0,6.9,0.343
2023-03-21 05:00:00+00:00,6.2,92.664215,0.0,7.15,0.342
2023-03-21 06:00:00+00:00,8.4,86.03848,0.0,7.9,0.342
2023-03-21 07:00:00+00:00,11.0,79.28308,0.0,9.3,0.342
2023-03-21 08:00:00+00:00,13.3,72.20572,0.0,11.05,0.341
2023-03-21 09:00:00+00:00,14.65,69.35733,0.0,12.4,0.34
2023-03-21 10:00:00+00:00,16.5,65.00834,0.0,14.15,0.339
2023-03-21 11:00:00+00:00,17.65,61.874588,0.0,15.55,0.338
2023-03-21 12:00:00+00:00,18.5,56.537502,0.0,15.5,0.337
2023-03-21 13:00:00+00:00,18.9,56.448677,0.0,16.0,0.336
2023-03-21 14:00:00+00:00,18.55,58.08439,0.0,15.9,0.335
2023-03-21 15:00:00+00:00,17.85,63.803055,0.0,15.5,0.334
2023-03-21 16:00:00+00:00,15.55,72.618225,0.0,14.7,0.334
2023-03-21 17:00:00+00:00,13.3,79.88182,0.0,13.55,0.334
2023-03-21 18:00:00+00:00,12.2,81.35586,0.0,12.65,0.334
2023-03-21 19:00:00+00:00,11.4,82.35804,0.0,12.05,0.334
2023-03-21 20:00:00+00:00,10.3,82.78144,0.0,11.55,0.334
2023-03-21 21:00:00+00:00,9.3,81.52631,0.0,11.1,0.334
2023-03-21 22:00:00+00:00,9.1,77.37664,0.0,10.75,0.334
2023-03-21 23:00:00+00:00,8.6,79.479225,0.0,10.45,0.334
2023-03-22 00:00:00+00:00,9.5,77.708336,0.0,11.3,0.333
2023-03-22 01:00:00+00:00,9.45,78.23988,0.0,10.9,0.333
2023-03-22 02:00:00+00:00,9.1,81.21894,0.0,10.55,0.333
2023-03-22 03:00:00+00:00,8.75,81.73537,0.0,10.2,0.333
2023-03-22 04:00:00+00:00,8.65,81.15813,0.0,10.0,0.333
2023-03-22 05:00:00+00:00,8.95,79.25515,0.0,9.95,0.333
2023-03-22 06:00:00+00:00,9.45,77.16444,0.0,10.1,0.333
2023-03-22 07:00:00+00:00,10.1,74.131325,0.0,10.4,0.333
2023-03-22 08:00:00+00:00,11.0,70.30262,0.0,11.0,0.332
2023-03-22 09:00:00+00:00,11.7,68.99963,0.0,11.7,0.332
2023-03-22 10:00:00+00:00,12.3,69.35878,0.0,12.4,0.331
2023-03-22 11:00:00+00:00,13.35,64.09034,0.0,13.35,0.33
2023-03-22 12:00:00+00:00,14.45,62.392574,0.0,15.0,0.332
2023-03-22 13:00:00+00:00,14.35,60.892403,0.0,14.95,0.331
2023-03-22 14:00:00+00:00,14.0,60.184555,0.0,14.6,0.33
2023-03-22 15:00:00+00:00,13.4,61.50872,0.0,14.1,0.33
2023-03-22 16:00:00+00:00,12.8,63.96611,0.0,13.5,0.329
2023-03-22 17:00:00+00:00,11.15,70.089554,0.0,12.7,0.329
2023-03-22 18:00:00+00:00,10.05,74.896095,0.0,12.1,0.329
2023-03-22 19:00:00+00:00,9.65,77.73178,0.0,11.65,0.329
2023-03-22 20:00:00+00:00,9.55,79.06998,0.0,11.35,0.329
2023-03-22 21:00:00+00:00,9.35,81.53294,0.0,11.05,0.329
2023-03-22 22:00:00+00:00,9.1,84.35518,0.0,10.75,0.329
2023-03-22 23:00:00+00:00,6.45,93.00062,0.0,9.8,0.329
2023-03-23 00:00:00+00:00,9.2,84.07735,0.0,10.9,0.328
2023-03-23 01:00:00+00:00,8.75,86.66826,0.0,10.3,0.328
2023-03-23 02:00:00+00:00,8.25,89.65224,0.0,9.65,0.328
2023-03-23 03:00:00+00:00,7.5,93.699554,0.0,9.0,0.328
2023-03-23 04:00:00+00:00,7.45,94.34362,0.0,8.95,0.328
2023-03-23 05:00:00+00:00,7.7,94.03145,0.0,9.05,0.328
2023-03-23 06:00:00+00:00,9.1,87.29865,0.0,9.55,0.328
2023-03-23 07:00:00+00:00,10.45,78.6616,0.0,10.45,0.328
2023-03-23 08:00:00+00:00,12.2,70.29653,0.0,11.8,0.327
2023-03-23 09:00:00+00:00,13.45,63.238243,0.0,13.0,0.326
2023-03-23 10:00:00+00:00,13.95,60.796974,0.0,13.75,0.325
2023-03-23 11:00:00+00:00,14.35,59.6511,0.0,14.35,0.324
2023-03-23 12:00:00+00:00,13.5,66.13078,0.1,14.05,0.325
2023-03-23 13:00:00+00:00,13.5,65.90511,0.1,14.1,0.325
2023-03-23 14:00:00+00:00,12.8,69.93503,0.0,13.65,0.324
2023-03-23 15:00:00+00:00,12.45,72.540596,0.0,13.25,0.324
2023-03-23 16:00:00+00:00,11.5,78.28395,0.0,12.75,0.324
2023-03-23 17:00:00+00:00,10.05,85.04123,0.0,11.95,0.324
2023-03-23 18:00:00+00:00,10.1,83.60891,0.0,11.45,0.324
2023-03-23 19:00:00+00:00,7.6,92.424576,0.0,10.55,0.324
2023-03-23 20:00:00+00:00,7.45,93.05453,0.0,9.95,0.324
2023-03-23 21:00:00+00:00,7.05,93.3548,0.0,9.5,0.324
2023-03-23 22:00:00+00:00,6.05,94.938995,0.0,9.0,0.324
2023-03-23 23:00:00+00:00,5.8,94.59924,0.0,8.45,0.324
2023-03-24 00:00:00+00:00,5.8,95.92467,0.0,8.45,0.32
2023-03-24 01:00:00+00:00,5.45,96.24823,0.0,8.0,0.32
2023-03-24 02:00:00+00:00,4.85,96.567795,0.0,7.55,0.32
2023-03-24 03:00:00+00:00,4.4,97.57765,0.0,7.2,0.321
2023-03-24 04:00:00+00:00,4.55,99.651146,0.0,7.1,0.321
2023-03-24 05:00:00+00:00,5.55,97.9395,0.0,7.4,0.321
2023-03-24 06:00:00+00:00,6.85,97.289116,0.0,8.1,0.32
2023-03-24 07:00:00+00:00,9.15,88.808334,0.0,9.35,0.32
2023-03-24 08:00:00+00:00,11.4,80.42683,0.0,10.95,0.32
2023-03-24 09:00:00+00:00,13.3,72.942856,0.0,12.65,0.319
2023-03-24 10:00:00+00:00,15.2,59.44973,0.0,14.15,0.317
2023-03-24 11:00:00+00:00,16.1,55.170242,0.0,15.25,0.316
2023-03-24 12:00:00+00:00,15.95,58.22888,0.0,14.85,0.314
2023-03-24 13:00:00+00:00,16.55,55.474922,0.0,15.45,0.313
2023-03-24 14:00:00+00:00,16.55,55.09779,0.0,15.65,0.312
2023-03-24 15:00:00+00:00,16.0,57.257397,0.0,15.35,0.312
2023-03-24 16:00:00+00:00,14.2,67.87489,0.0,14.4,0.312
2023-03-24 17:00:00+00:00,14.15,63.615128,0.0,12.8,0.312
2023-03-24 18:00:00+00:00,10.35,80.006134,0.0,11.6,0.312
2023-03-24 19:00:00+00:00,8.85,86.97613,0.0,10.75,0.312
2023-03-24 20:00:00+00:00,8.4,90.59114,0.0,10.2,0.312
2023-03-24 21:00:00+00:00,7.2,94.00826,0.0,9.7,0.312
2023-03-24 22:00:00+00:00,6.6,94.30609,0.0,9.2,0.312
2023-03-24 23:00:00+00:00,6.1,93.63073,0.0,8.7,0.312
2023-03-25 00:00:00+00:00,6.65,91.0957,0.0,7.65,0.299
2023-03-25 01:00:00+00:00,5.7,91.66964,0.0,7.4,0.3
2023-03-25 02:00:00+00:00,5.55,91.659996,0.0,7.15,0.3
2023-03-25 03:00:00+00:00,4.9,92.91583,0.0,6.9,0.3
2023-03-25 04:00:00+00:00,4.85,92.91308,0.0,6.7,0.3
2023-03-25 05:00:00+00:00,6.6,91.409256,0.0,6.8,0.3
2023-03-25 06:00:00+00:00,10.25,81.65183,0.0,8.1,0.3
2023-03-25 07:00:00+00:00,13.15,74.16003,0.0,10.0,0.3
2023-03-25 08:00:00+00:00,15.35,67.8832,0.0,12.0,0.299
2023-03-25 09:00:00+00:00,17.05,61.322598,0.0,13.75,0.298
2023-03-25 10:00:00+00:00,18.2,56.65221,0.0,15.25,0.296
2023-03-25 11:00:00+00:00,18.9,55.511868,0.0,16.4,0.295
2023-03-25 12:00:00+00:00,19.75,51.25722,0.0,16.9,0.292
2023-03-25 13:00:00+00:00,19.6,50.702564,0.0,17.3,0.29
2023-03-25 14:00:00+00:00,19.05,52.115498,0.0,17.25,0.289
2023-03-25 15:00:00+00:00,17.55,57.838203,0.0,16.7,0.289
2023-03-25 16:00:00+00:00,15.35,64.10243,0.0,15.75,0.289
2023-03-25 17:00:00+00:00,13.5,66.811874,0.0,14.6,0.289
2023-03-25 18:00:00+00:00,12.6,68.94536,0.0,13.65,0.289
2023-03-25 19:00:00+00:00,11.9,72.43912,0.0,12.9,0.289
2023-03-25 20:00:00+00:00,11.4,74.87085,0.0,12.3,0.289
2023-03-25 21:00:00+00:00,10.5,80.30152,0.0,11.8,0.289
2023-03-25 22:00:00+00:00,10.05,82.75037,0.0,11.4,0.289
2023-03-25 23:00:00+00:00,10.05,83.602974,0.0,11.2,0.289
2023-03-26 00:00:00+00:00,10.2,87.1058,0.0,11.2,0.287
2023-03-26 01:00:00+00:00,9.9,88.26945,0.0,10.95,0.287
2023-03-26 02:00:00+00:00,9.65,90.066246,0.0,10.8,0.288
2023-03-26 03:00:00+00:00,10.0,85.61735,0.0,10.45,0.288
2023-03-26 04:00:00+00:00,9.4,90.35437,0.0,9.95,0.288
2023-03-26 05:00:00+00:00,9.55,88.2388,2.3,10.0,0.317
2023-03-26 06:00:00+00:00,11.45,88.99885,0.0,10.7,0.317
2023-03-26 07:00:00+00:00,13.65,83.46714,0.0,12.05,0.317
2023-03-26 08:00:00+00:00,15.45,74.55731,0.1,13.55,0.317
2023-03-26 09:00:00+00:00,16.3,64.96461,0.0,14.4,0.316
2023-03-26 10:00:00+00:00,17.75,61.076622,0.0,15.75,0.314
2023-03-26 11:00:00+00:00,18.3,56.677288,0.0,16.8,0.313
2023-03-26 12:00:00+00:00,18.45,55.02597,0.0,17.25,0.364
2023-03-26 13:00:00+00:00,19.05,47.073406,0.1,17.7,0.361
2023-03-26 14:00:00+00:00,19.6,40.755573,0.0,17.75,0.358
2023-03-26 15:00:00+00:00,18.8,45.5773,0.0,17.3,0.355
2023-03-26 16:00:00+00:00,15.55,64.7999,0.0,16.25,0.354
2023-03-26 17:00:00+00:00,12.35,72.52219,0.0,14.65,0.352
2023-03-26 18:00:00+00:00,12.05,78.63303,0.0,13.65,0.351
2023-03-26 19:00:00+00:00,11.45,85.193275,0.0,12.95,0.35
2023-03-26 20:00:00+00:00,10.9,90.15911,0.0,12.4,0.348
2023-03-26 21:00:00+00:00,9.75,92.548256,0.0,11.8,0.347
2023-03-26 22:00:00+00:00,9.45,92.217926,0.0,11.4,0.346
2023-03-26 23:00:00+00:00,9.0,92.82068,0.0,11.05,0.345
2023-03-27 00:00:00+00:00,9.05,90.021194,0.0,9.95,0.344
2023-03-27 01:00:00+00:00,8.05,89.328606,0.0,9.65,0.344
2023-03-27 02:00:00+00:00,8.05,87.80278,0.0,9.3,0.343
2023-03-27 03:00:00+00:00,8.1,86.00741,0.0,9.05,0.342
2023-03-27 04:00:00+00:00,8.1,84.825645,0.0,8.8,0.341
2023-03-27 05:00:00+00:00,9.45,83.81843,0.0,8.95,0.34
2023-03-27 06:00:00+00:00,12.7,73.33056,0.0,10.15,0.34
2023-03-27 07:00:00+00:00,15.7,64.61483,0.0,11.85,0.338
2023-03-27 08:00:00+00:00,17.55,61.23424,0.0,13.6,0.337
2023-03-27 09:00:00+00:00,18.6,58.485836,0.0,15.05,0.334
2023-03-27 10:00:00+00:00,19.4,51.857872,0.0,16.25,0.332
2023-03-27 11:00:00+00:00,19.85,49.41992,0.0,17.1,0.33
2023-03-27 12:00:00+00:00,20.2,44.887474,0.0,17.4,0.327
2023-03-27 13:00:00+00:00,20.1,44.40326,0.0,17.7,0.324
2023-03-27 14:00:00+00:00,19.6,48.85404,0.0,17.65,0.323
2023-03-27 15:00:00+00:00,18.4,59.42088,0.0,17.25,0.321
2023-03-27 16:00:00+00:00,17.0,65.991035,0.0,16.5,0.321
2023-03-27 17:00:00+00:00,15.8,69.12191,0.0,15.75,0.32
2023-03-27 18:00:00+00:00,14.05,82.9629,1.0,14.8,0.331
2023-03-27 19:00:00+00:00,13.55,87.70895,0.1,14.15,0.331
2023-03-27 20:00:00+00:00,12.7,91.79808,0.0,13.55,0.33
2023-03-27 21:00:00+00:00,12.1,92.98821,0.5,13.1,0.335
2023-03-27 22:00:00+00:00,11.75,95.79118,0.3,12.65,0.337
2023-03-27 23:00:00+00:00,11.6,96.74455,0.1,12.25,0.337
2023-03-28 00:00:00+00:00,11.2,95.4548,0.0,11.25,0.397
2023-03-28 01:00:00+00:00,10.3,93.83393,0.7,11.1,0.399
2023-03-28 02:00:00+00:00,10.15,90.71488,0.0,10.95,0.393
2023-03-28 03:00:00+00:00,9.55,90.67273,0.4,10.6,0.395
2023-03-28 04:00:00+00:00,9.3,88.82089,0.4,10.3,0.395
2023-03-28 05:00:00+00:00,9.15,82.353645,0.1,10.05,0.391
2023-03-28 06:00:00+00:00,8.25,76.702965,0.1,9.8,0.388
2023-03-28 07:00:00+00:00,7.4,74.17031,0.6,9.25,0.39
2023-03-28 08:00:00+00:00,7.8,64.63808,0.1,9.05,0.387
2023-03-28 09:00:00+00:00,8.9,52.88057,0.0,9.4,0.384
2023-03-28 10:00:00+00:00,10.9,44.926327,0.0,10.85,0.38
2023-03-28 11:00:00+00:00,12.0,41.01882,0.0,12.25,0.376
2023-03-28 12:00:00+00:00,12.8,42.466446,0.0,12.4,0.373
2023-03-28 13:00:00+00:00,12.8,40.955433,0.0,12.7,0.37
2023-03-28 14:00:00+00:00,12.4,40.246784,0.0,12.8,0.368
2023-03-28 15:00:00+00:00,11.45,42.84674,0.0,12.4,0.366
2023-03-28 16:00:00+00:00,9.95,40.71376,0.0,11.75,0.365
2023-03-28 17:00:00+00:00,9.3,36.754795,0.0,11.2,0.364
2023-03-28 18:00:00+00:00,8.8,30.111277,0.0,10.7,0.362
2023-03-28 19:00:00+00:00,8.25,29.142374,0.0,10.3,0.361
2023-03-28 20:00:00+00:00,7.85,31.012955,0.0,9.95,0.36
2023-03-28 21:00:00+00:00,7.6,31.423275,0.0,9.6,0.359
2023-03-28 22:00:00+00:00,7.05,33.525368,0.0,9.3,0.358
2023-03-28 23:00:00+00:00,6.55,35.786285,0.0,9.0,0.357
2023-03-29 00:00:00+00:00,6.05,40.9307,0.0,9.15,0.357
2023-03-29 01:00:00+00:00,5.8,42.123672,0.0,8.7,0.357
2023-03-29 02:00:00+00:00,5.1,45.93563,0.0,8.35,0.356
2023-03-29 03:00:00+00:00,4.4,49.345276,0.0,7.9,0.355
2023-03-29 04:00:00+00:00,3.6,52.195374,0.0,7.4,0.355
2023-03-29 05:00:00+00:00,3.45,56.24705,0.0,7.05,0.354
2023-03-29 06:00:00+00:00,4.65,52.686134,0.0,7.4,0.353
2023-03-29 07:00:00+00:00,6.15,42.068237,0.0,8.2,0.352
2023-03-29 08:00:00+00:00,7.1,39.259808,0.0,9.15,0.35
2023-03-29 09:00:00+00:00,8.1,35.570114,0.0,10.15,0.349
2023-03-29 10:00:00+00:00,8.8,32.02818,0.0,10.95,0.347
2023-03-29 11:00:00+00:00,9.25,33.16166,0.1,11.6,0.346
2023-03-29 12:00:00+00:00,9.65,32.52951,0.0,12.15,0.347
2023-03-29 13:00:00+00:00,9.85,29.959234,0.0,12.35,0.346
2023-03-29 14:00:00+00:00,10.7,25.501812,0.0,12.3,0.344
2023-03-29 15:00:00+00:00,10.2,27.836153,0.0,11.8,0.343
2023-03-29 16:00:00+00:00,8.8,35.375443,0.0,10.95,0.342
2023-03-29 17:00:00+00:00,6.35,41.492283,0.0,9.75,0.342
2023-03-29 18:00:00+00:00,4.6,51.69124,0.0,8.7,0.342
2023-03-29 19:00:00+00:00,2.75,62.287865,0.0,7.6,0.341
2023-03-29 20:00:00+00:00,2.55,59.945686,0.0,6.8,0.341
2023-03-29 21:00:00+00:00,1.15,70.61008,0.0,6.1,0.341
2023-03-29 22:00:00+00:00,0.55,75.96085,0.0,5.5,0.341
2023-03-29 23:00:00+00:00,0.25,78.20596,0.0,4.95,0.341
2023-03-30 00:00:00+00:00,2.7,57.116238,0.0,4.75,0.336
2023-03-30 01:00:00+00:00,1.25,62.865265,0.0,4.5,0.336
2023-03-30 02:00:00+00:00,3.15,52.06902,0.0,4.15,0.336
2023-03-30 03:00:00+00:00,-0.35,78.40271,0.0,3.8,0.336
2023-03-30 04:00:00+00:00,-0.55,78.6649,0.0,3.6,0.336
2023-03-30 05:00:00+00:00,1.75,67.13471,0.0,3.75,0.336
2023-03-30 06:00:00+00:00,4.25,61.275345,0.0,4.85,0.336
2023-03-30 07:00:00+00:00,6.85,51.932735,0.0,6.45,0.335
2023-03-30 08:00:00+00:00,8.45,45.2076,0.0,8.2,0.334
2023-03-30 09:00:00+00:00,9.7,41.095116,0.0,9.9,0.332
2023-03-30 10:00:00+00:00,10.65,38.42494,0.0,11.35,0.331
2023-03-30 11:00:00+00:00,11.35,36.544395,0.0,12.4,0.329
2023-03-30 12:00:00+00:00,12.55,31.455183,0.0,12.9,0.326
2023-03-30 13:00:00+00:00,13.05,29.100859,0.0,13.4,0.325
2023-03-30 14:00:00+00:00,12.9,27.558924,0.0,13.4,0.324
2023-03-30 15:00:00+00:00,12.35,29.006723,0.0,12.9,0.323
2023-03-30 16:00:00+00:00,9.6,57.02864,0.0,11.8,0.323
2023-03-30 17:00:00+00:00,7.3,54.804073,0.0,10.3,0.323
2023-03-30 18:00:00+00:00,6.85,54.884632,0.0,9.25,0.323
2023-03-30 19:00:00+00:00,5.8,60.981514,0.0,8.4,0.323
2023-03-30 20:00:00+00:00,5.05,65.18575,0.0,7.75,0.323
2023-03-30 21:00:00+00:00,4.85,64.42832,0.0,7.2,0.323
2023-03-30 22:00:00+00:00,5.0,64.22742,0.0,6.85,0.322
2023-03-30 23:00:00+00:00,5.95,59.69284,0.0,6.8,0.322
2023-03-31 00:00:00+00:00,7.65,52.731598,0.0,6.65,0.32
2023-03-31 01:00:00+00:00,8.25,53.477837,0.0,7.15,0.32
2023-03-31 02:00:00+00:00,8.5,57.77756,0.0,7.5,0.32
2023-03-31 03:00:00+00:00,7.7,64.84718,0.0,7.5,0.32
2023-03-31 04:00:00+00:00,8.0,67.27149,0.0,7.6,0.319
2023-03-31 05:00:00+00:00,8.8,69.8647,0.0,7.9,0.319
2023-03-31 06:00:00+00:00,9.95,72.57785,0.0,8.45,0.319
2023-03-31 07:00:00+00:00,12.1,69.79627,0.0,9.45,0.319
2023-03-31 08:00:00+00:00,14.5,65.00811,0.0,11.0,0.318
2023-03-31 09:00:00+00:00,14.55,64.35945,0.0,11.7,0.317
2023-03-31 10:00:00+00:00,14.1,66.03491,0.0,12.05,0.317
2023-03-31 11:00:00+00:00,15.05,63.386868,0.0,12.7,0.316
2023-03-31 12:00:00+00:00,17.1,57.337784,0.0,13.45,0.316
2023-03-31 13:00:00+00:00,17.55,53.326885,0.0,14.3,0.314
2023-03-31 14:00:00+00:00,16.85,58.648476,0.0,14.55,0.313
2023-03-31 15:00:00+00:00,15.9,63.151707,0.0,14.3,0.313
2023-03-31 16:00:00+00:00,14.6,71.960724,0.0,13.75,0.312
2023-03-31 17:00:00+00:00,13.0,83.948494,0.0,13.0,0.312
2023-03-31 18:00:00+00:00,12.05,90.54455,0.0,12.3,0.312
2023-03-31 19:00:00+00:00,11.5,92.64674,0.0,11.75,0.313
2023-03-31 20:00:00+00:00,11.25,94.19231,0.0,11.35,0.313
2023-03-31 21:00:00+00:00,11.4,94.82852,0.0,11.1,0.313
2023-03-31 22:00:00+00:00,11.45,94.20119,0.0,10.95,0.313
2023-03-31 23:00:00+00:00,11.25,92.01538,0.0,10.8,0.313
2023-04-01 00:00:00+00:00,11.35,88.69249,0.0,11.45,0.312
2023-04-01 01:00:00+00:00,11.05,86.01762,0.0,11.1,0.312
2023-04-01 02:00:00+00:00,10.85,85.70666,0.0,10.8,0.312
2023-04-01 03:00:00+00:00,11.0,84.284546,0.0,10.6,0.312
2023-04-01 04:00:00+00:00,11.35,81.79563,0.0,10.6,0.312
2023-04-01 05:00:00+00:00,12.3,77.87622,0.0,10.8,0.312
2023-04-01 06:00:00+00:00,13.95,73.06032,0.0,11.45,0.312
2023-04-01 07:00:00+00:00,15.4,69.27375,0.0,12.5,0.311
2023-04-01 08:00:00+00:00,15.85,69.82758,0.0,13.3,0.31
2023-04-01 09:00:00+00:00,16.05,69.634384,0.0,13.65,0.31
2023-04-01 10:00:00+00:00,17.65,63.546684,0.0,14.6,0.309
2023-04-01 11:00:00+00:00,18.55,60.857967,0.0,15.45,0.308
2023-04-01 12:00:00+00:00,19.35,57.31958,0.0,16.45,0.306
2023-04-01 13:00:00+00:00,19.75,52.651855,0.0,16.85,0.304
2023-04-01 14:00:00+00:00,19.35,55.440525,0.1,16.95,0.304
2023-04-01 15:00:00+00:00,17.8,62.531284,0.0,16.6,0.304
2023-04-01 16:00:00+00:00,16.4,65.64256,0.0,15.95,0.303
2023-04-01 17:00:00+00:00,15.25,70.64989,0.0,15.2,0.303
2023-04-01 18:00:00+00:00,14.7,76.18676,0.0,14.6,0.303
2023-04-01 19:00:00+00:00,14.5,81.11798,0.0,14.15,0.303
2023-04-01 20:00:00+00:00,14.15,84.63786,0.0,13.8,0.303
2023-04-01 21:00:00+00:00,13.45,89.750946,0.0,13.5,0.303
2023-04-01 22:00:00+00:00,12.95,92.421524,0.0,13.15,0.303
2023-04-01 23:00:00+00:00,11.15,94.8186,0.2,12.6,0.305
2023-04-02 00:00:00+00:00,10.85,91.06922,0.0,12.9,0.306
2023-04-02 01:00:00+00:00,11.0,74.80201,0.0,11.9,0.306
2023-04-02 02:00:00+00:00,12.0,62.904106,0.0,11.0,0.306
2023-04-02 03:00:00+00:00,11.65,61.091877,0.0,10.5,0.306
2023-04-02 04:00:00+00:00,8.5,75.151,0.0,9.9,0.306
2023-04-02 05:00:00+00:00,10.75,70.253296,0.0,10.05,0.306
2023-04-02 06:00:00+00:00,13.0,62.700768,0.0,11.15,0.306
2023-04-02 07:00:00+00:00,14.35,55.8665,0.0,12.6,0.306
2023-04-02 08:00:00+00:00,15.6,52.99474,0.0,14.15,0.305
2023-04-02 09:00:00+00:00,17.2,49.2022,0.0,15.75,0.303
2023-04-02 10:00:00+00:00,18.0,50.27206,0.0,17.05,0.302
2023-04-02 11:00:00+00:00,18.95,54.96916,0.0,18.05,0.3
2023-04-02 12:00:00+00:00,20.45,42.427235,0.0,18.85,0.298
2023-04-02 13:00:00+00:00,20.0,39.21092,0.0,18.55,0.297
2023-04-02 14:00:00+00:00,19.25,42.52398,0.0,18.25,0.296
2023-04-02 15:00:00+00:00,17.85,51.797016,0.0,17.65,0.295
2023-04-02 16:00:00+00:00,16.2,61.745502,0.0,16.75,0.294
2023-04-02 17:00:00+00:00,14.6,73.91553,0.0,15.8,0.294
2023-04-02 18:00:00+00:00,13.45,86.83367,0.0,14.95,0.294
2023-04-02 19:00:00+00:00,13.0,90.911354,0.0,14.3,0.294
2023-04-02 20:00:00+00:00,12.5,90.576294,0.0,13.7,0.295
2023-04-02 21:00:00+00:00,11.5,92.030464,0.0,13.15,0.295
2023-04-02 22:00:00+00:00,11.25,92.32363,0.0,12.7,0.295
2023-04-02 23:00:00+00:00,11.4,94.19897,0.0,12.4,0.295
2023-04-03 00:00:00+00:00,11.3,95.776566,0.0,12.3,0.294
2023-04-03 01:00:00+00:00,11.25,96.414505,0.0,12.15,0.294
2023-04-03 02:00:00+00:00,11.05,96.08822,0.0,11.95,0.294
2023-04-03 03:00:00+00:00,11.5,94.2034,0.0,11.85,0.294
2023-04-03 04:00:00+00:00,11.3,94.194534,0.0,11.85,0.294
2023-04-03 05:00:00+00:00,12.25,90.558685,0.0,12.0,0.294
2023-04-03 06:00:00+00:00,13.1,85.65401,0.0,12.5,0.294
2023-04-03 07:00:00+00:00,13.35,85.112946,0.3,12.8,0.296
2023-04-03 08:00:00+00:00,13.75,83.75639,0.2,13.2,0.298
2023-04-03 09:00:00+00:00,14.3,81.63082,0.2,13.65,0.299
2023-04-03 10:00:00+00:00,14.7,84.4202,0.9,14.25,0.307
2023-04-03 11:00:00+00:00,15.55,78.10965,0.2,14.6,0.308
2023-04-03 12:00:00+00:00,16.2,72.49534,0.0,16.35,0.315
2023-04-03 13:00:00+00:00,17.6,62.27745,0.0,16.7,0.313
2023-04-03 14:00:00+00:00,17.1,63.63544,0.0,16.35,0.313
2023-04-03 15:00:00+00:00,16.2,70.362434,0.0,15.8,0.312
2023-04-03 16:00:00+00:00,15.4,73.319786,0.0,15.4,0.312
2023-04-03 17:00:00+00:00,13.85,71.821014,0.0,14.75,0.312
2023-04-03 18:00:00+00:00,12.6,76.35806,0.0,14.1,0.311
2023-04-03 19:00:00+00:00,11.85,82.69317,0.0,13.55,0.311
2023-04-03 20:00:00+00:00,12.05,80.516624,0.1,13.2,0.312
2023-04-03 21:00:00+00:00,11.7,81.564865,0.0,12.65,0.312
2023-04-03 22:00:00+00:00,10.35,92.58224,0.0,12.2,0.312
2023-04-03 23:00:00+00:00,10.45,89.51942,0.0,11.85,0.312
2023-04-04 00:00:00+00:00,11.4,86.34362,0.1,13.0,0.315
2023-04-04 01:00:00+00:00,10.8,88.646164,0.3,12.45,0.317
2023-04-04 02:00:00+00:00,11.1,89.87159,1.3,12.0,0.335
2023-04-04 03:00:00+00:00,10.95,88.06346,1.0,11.65,0.347
2023-04-04 04:00:00+00:00,10.55,91.048996,0.2,11.35,0.348
2023-04-04 05:00:00+00:00,10.65,91.05575,2.5,11.25,0.379
2023-04-04 06:00:00+00:00,11.65,87.53617,0.1,11.6,0.376
2023-04-04 07:00:00+00:00,13.0,83.66888,0.0,12.5,0.372
2023-04-04 08:00:00+00:00,14.15,76.864395,0.5,13.5,0.374
2023-04-04 09:00:00+00:00,16.1,71.52175,0.0,15.05,0.37
2023-04-04 10:00:00+00:00,17.5,65.44294,0.3,16.7,0.369
2023-04-04 11:00:00+00:00,18.05,59.336636,0.3,17.25,0.367
2023-04-04 12:00:00+00:00,16.5,65.44488,4.8,16.2,0.412
2023-04-04 13:00:00+00:00,15.2,66.04799,0.8,16.1,0.406
2023-04-04 14:00:00+00:00,13.95,77.86718,0.8,15.15,0.406
2023-04-04 15:00:00+00:00,12.6,89.984314,0.7,14.2,0.405
2023-04-04 16:00:00+00:00,12.35,91.472466,1.7,13.5,0.418
2023-04-04 17:00:00+00:00,12.05,91.45322,2.0,12.95,0.421
2023-04-04 18:00:00+00:00,11.75,92.66065,1.7,12.55,0.423
2023-04-04 19:00:00+00:00,11.4,94.82852,1.8,12.25,0.424
2023-04-04 20:00:00+00:00,11.2,94.1901,1.1,12.0,0.421
2023-04-04 21:00:00+00:00,10.25,92.5766,1.7,11.65,0.425
2023-04-04 22:00:00+00:00,8.75,89.691216,1.9,10.95,0.424
2023-04-04 23:00:00+00:00,7.85,88.698494,0.4,10.25,0.418
2023-04-05 00:00:00+00:00,8.55,85.46309,0.4,10.0,0.428
2023-04-05 01:00:00+00:00,8.4,88.13726,0.6,9.75,0.425
2023-04-05 02:00:00+00:00,8.2,88.72822,0.2,9.6,0.421
2023-04-05 03:00:00+00:00,7.7,90.54095,0.2,9.35,0.418
2023-04-05 04:00:00+00:00,7.45,91.78102,0.2,9.15,0.417
2023-04-05 05:00:00+00:00,7.6,90.53376,0.2,9.05,0.416
2023-04-05 06:00:00+00:00,7.35,85.03711,0.0,9.0,0.413
2023-04-05 07:00:00+00:00,7.25,77.89915,0.0,9.15,0.411
2023-04-05 08:00:00+00:00,7.75,75.02143,0.0,9.5,0.409
2023-04-05 09:00:00+00:00,9.55,67.84027,0.2,10.35,0.408
2023-04-05 10:00:00+00:00,9.65,70.28021,0.2,10.8,0.408
2023-04-05 11:00:00+00:00,9.35,73.998184,0.6,10.65,0.411
2023-04-05 12:00:00+00:00,9.65,79.357864,1.0,11.75,0.423
2023-04-05 13:00:00+00:00,9.2,85.23973,0.9,11.0,0.422
2023-04-05 14:00:00+00:00,9.55,80.444595,0.0,10.8,0.417
2023-04-05 15:00:00+00:00,9.45,80.986725,0.0,10.55,0.414
2023-04-05 16:00:00+00:00,9.15,84.94228,0.1,10.3,0.411
2023-04-05 17:00:00+00:00,8.75,89.691216,0.1,10.0,0.41
2023-04-05 18:00:00+00:00,8.6,89.679535,0.1,9.75,0.409
2023-04-05 19:00:00+00:00,8.4,90.59114,0.1,9.55,0.408
2023-04-05 20:00:00+00:00,8.25,91.20391,0.0,9.35,0.406
2023-04-05 21:00:00+00:00,8.2,90.26639,0.0,9.2,0.405
2023-04-05 22:00:00+00:00,8.05,87.80278,0.0,9.05,0.403
2023-04-05 23:00:00+00:00,7.7,86.264366,0.0,8.85,0.402
2023-04-06 00:00:00+00:00,7.45,87.44416,0.0,8.55,0.405
2023-04-06 01:00:00+00:00,6.4,93.64556,0.0,8.15,0.404
2023-04-06 02:00:00+00:00,6.75,92.37484,0.0,7.8,0.403
2023-04-06 03:00:00+00:00,7.3,91.77155,0.0,7.65,0.401
2023-04-06 04:00:00+00:00,4.6,94.88102,0.0,7.0,0.4
2023-04-06 05:00:00+00:00,6.0,76.60406,0.0,6.95,0.399
2023-04-06 06:00:00+00:00,6.4,70.37952,0.1,7.45,0.399
2023-04-06 07:00:00+00:00,7.85,66.050896,0.1,8.4,0.398
2023-04-06 08:00:00+00:00,9.8,57.284584,0.0,9.8,0.397
2023-04-06 09:00:00+00:00,10.9,51.358368,0.0,10.95,0.395
2023-04-06 10:00:00+00:00,11.4,52.23648,0.0,11.8,0.393
2023-04-06 11:00:00+00:00,12.6,53.497276,0.0,13.25,0.39
2023-04-06 12:00:00+00:00,13.05,55.53061,0.0,14.8,0.388
2023-04-06 13:00:00+00:00,13.15,53.643684,0.0,14.6,0.387
2023-04-06 14:00:00+00:00,13.4,53.14809,0.0,14.45,0.386
2023-04-06 15:00:00+00:00,13.1,53.630394,0.0,14.0,0.385
2023-04-06 16:00:00+00:00,12.35,60.834446,0.0,13.25,0.384
2023-04-06 17:00:00+00:00,11.15,64.25985,0.0,12.4,0.384
2023-04-06 18:00:00+00:00,10.3,67.28897,0.0,11.75,0.383
2023-04-06 19:00:00+00:00,10.15,67.96641,0.0,11.35,0.383
2023-04-06 20:00:00+00:00,9.95,66.979095,0.0,11.0,0.382
2023-04-06 21:00:00+00:00,9.1,80.65992,0.0,10.65,0.382
2023-04-06 22:00:00+00:00,7.5,93.699554,0.0,10.05,0.382
2023-04-06 23:00:00+00:00,7.05,93.67754,0.0,9.55,0.382
2023-04-07 00:00:00+00:00,7.1,93.03573,0.0,9.55,0.381
2023-04-07 01:00:00+00:00,7.2,93.04111,0.8,9.05,0.39
2023-04-07 02:00:00+00:00,7.3,93.68977,0.2,8.75,0.391
2023-04-07 03:00:00+00:00,7.55,92.42166,0.1,8.55,0.391
2023-04-07 04:00:00+00:00,7.7,92.11308,0.0,8.55,0.39
2023-04-07 05:00:00+00:00,8.2,86.315285,0.2,8.75,0.391
2023-04-07 06:00:00+00:00,8.0,84.52109,0.2,8.9,0.392
2023-04-07 07:00:00+00:00,8.05,85.40933,0.1,9.15,0.391
2023-04-07 08:00:00+00:00,9.25,78.480484,0.1,10.0,0.39
2023-04-07 09:00:00+00:00,10.9,73.00464,0.0,11.7,0.389
2023-04-07 10:00:00+00:00,11.25,69.86761,0.1,12.5,0.388
2023-04-07 11:00:00+00:00,12.05,66.50166,0.0,13.35,0.386
2023-04-07 12:00:00+00:00,12.7,56.026062,0.2,14.0,0.382
2023-04-07 13:00:00+00:00,13.15,55.946304,0.1,14.3,0.381
2023-04-07 14:00:00+00:00,12.95,56.68194,0.0,14.25,0.38
2023-04-07 15:00:00+00:00,12.5,57.767982,0.0,13.8,0.378
2023-04-07 16:00:00+00:00,11.45,65.68439,0.0,13.05,0.378
2023-04-07 17:00:00+00:00,10.2,72.876396,0.1,12.2,0.378
2023-04-07 18:00:00+00:00,8.85,85.4952,0.4,11.3,0.38
2023-04-07 19:00:00+00:00,9.1,76.04385,0.0,10.65,0.379
2023-04-07 20:00:00+00:00,8.15,80.2479,0.0,10.0,0.379
2023-04-07 21:00:00+00:00,6.65,88.595695,0.0,9.35,0.378
2023-04-07 22:00:00+00:00,5.2,92.28288,0.0,8.65,0.378
2023-04-07 23:00:00+00:00,4.45,93.87832,0.0,8.05,0.377
2023-04-08 00:00:00+00:00,5.25,93.26124,0.0,7.45,0.371
2023-04-08 01:00:00+00:00,3.7,95.518036,0.0,7.05,0.371
2023-04-08 02:00:00+00:00,3.6,95.853096,0.0,6.7,0.371
2023-04-08 03:00:00+00:00,3.95,95.52692,0.0,6.45,0.371
2023-04-08 04:00:00+00:00,3.8,95.5216,0.0,6.2,0.37
2023-04-08 05:00:00+00:00,5.55,92.95157,0.0,6.6,0.37
2023-04-08 06:00:00+00:00,7.75,88.07929,0.0,7.75,0.37
2023-04-08 07:00:00+00:00,10.25,81.095184,0.0,9.4,0.369
2023-04-08 08:00:00+00:00,12.4,67.03683,0.0,11.05,0.368
2023-04-08 09:00:00+00:00,14.25,53.747406,0.1,12.5,0.367
2023-04-08 10:00:00+00:00,15.4,47.19708,0.0,13.7,0.366
2023-04-08 11:00:00+00:00,15.9,45.550537,0.1,14.8,0.364
2023-04-08 12:00:00+00:00,15.8,48.141655,0.0,14.7,0.363
2023-04-08 13:00:00+00:00,15.8,47.474598,0.0,14.85,0.362
2023-04-08 14:00:00+00:00,15.45,48.381176,0.0,14.65,0.361
2023-04-08 15:00:00+00:00,15.1,50.880226,0.0,14.25,0.36
2023-04-08 16:00:00+00:00,13.25,64.28832,0.0,13.55,0.36
2023-04-08 17:00:00+00:00,11.55,67.08759,0.0,12.55,0.36
2023-04-08 18:00:00+00:00,9.95,79.12908,0.0,11.8,0.36
2023-04-08 19:00:00+00:00,8.95,84.92017,0.0,11.15,0.359
2023-04-08 20:00:00+00:00,8.0,90.25162,0.0,10.55,0.359
2023-04-08 21:00:00+00:00,7.45,93.37533,0.0,10.0,0.359
2023-04-08 22:00:00+00:00,7.05,93.03303,0.0,9.55,0.359
2023-04-08 23:00:00+00:00,6.65,93.65789,0.0,9.15,0.359
2023-04-09 00:00:00+00:00,6.55,93.97793,0.0,9.1,0.357
2023-04-09 01:00:00+00:00,5.85,94.93106,0.0,8.65,0.357
2023-04-09 02:00:00+00:00,5.2,95.90533,0.0,8.2,0.356
2023-04-09 03:00:00+00:00,4.8,96.228874,0.0,7.8,0.356
2023-04-09 04:00:00+00:00,4.3,96.892685,0.0,7.4,0.356
2023-04-09 05:00:00+00:00,6.25,92.02462,0.0,7.65,0.356
2023-04-09 06:00:00+00:00,8.35,83.97811,0.0,8.65,0.356
2023-04-09 07:00:00+00:00,10.2,74.92197,0.0,9.95,0.355
2023-04-09 08:00:00+00:00,11.75,67.82963,0.0,11.15,0.355
2023-04-09 09:00:00+00:00,13.75,58.891186,0.0,12.45,0.353
2023-04-09 10:00:00+00:00,14.65,54.227848,0.0,13.3,0.352
2023-04-09 11:00:00+00:00,15.0,52.65231,0.0,13.75,0.351
2023-04-09 12:00:00+00:00,15.05,56.23935,0.0,13.7,0.351
2023-04-09 13:00:00+00:00,15.45,52.954945,0.0,14.4,0.349
2023-04-09 14:00:00+00:00,15.3,51.647038,0.0,14.5,0.348
2023-04-09 15:00:00+00:00,14.2,55.24986,0.0,14.15,0.347
2023-04-09 16:00:00+00:00,12.55,61.7341,0.0,13.45,0.347
2023-04-09 17:00:00+00:00,10.85,65.095955,0.0,12.55,0.347
2023-04-09 18:00:00+00:00,9.65,68.57915,0.0,11.75,0.347
2023-04-09 19:00:00+00:00,8.7,72.34444,0.0,11.05,0.347
2023-04-09 20:00:00+00:00,7.65,77.416374,0.0,10.35,0.347
2023-04-09 21:00:00+00:00,6.4,85.22989,0.0,9.7,0.347
2023-04-09 22:00:00+00:00,5.75,90.39905,0.0,9.1,0.347
2023-04-09 23:00:00+00:00,5.65,86.66104,0.0,8.65,0.347
2023-04-10 00:00:00+00:00,5.5,87.2588,0.0,9.25,0.347
2023-04-10 01:00:00+00:00,5.45,83.04235,0.0,8.7,0.347
2023-04-10 02:00:00+00:00,5.35,82.15055,0.0,8.25,0.347
2023-04-10 03:00:00+00:00,5.45,82.16362,0.0,8.0,0.347
2023-04-10 04:00:00+00:00,5.5,82.46206,0.0,7.8,0.347
2023-04-10 05:00:00+00:00,6.85,79.22133,0.0,8.1,0.347
2023-04-10 06:00:00+00:00,7.8,78.80859,0.4,8.5,0.349
2023-04-10 07:00:00+00:00,8.25,86.91789,1.2,8.75,0.362
2023-04-10 08:00:00+00:00,8.6,87.85286,1.3,8.9,0.378
2023-04-10 09:00:00+00:00,9.4,87.6256,1.2,9.3,0.39
2023-04-10 10:00:00+00:00,9.5,89.44448,1.5,9.65,0.406
2023-04-10 11:00:00+00:00,9.45,88.53128,2.0,9.55,0.421
2023-04-10 12:00:00+00:00,9.7,82.9907,1.7,9.75,0.41
2023-04-10 13:00:00+00:00,10.05,83.033714,1.5,9.9,0.418
2023-04-10 14:00:00+00:00,9.8,84.43498,1.0,9.8,0.417
2023-04-10 15:00:00+00:00,9.55,85.27761,0.8,9.65,0.416
2023-04-10 16:00:00+00:00,9.0,86.39617,0.6,9.3,0.415
2023-04-10 17:00:00+00:00,8.65,87.256065,0.6,8.9,0.414
2023-04-10 18:00:00+00:00,8.5,87.24181,0.5,8.6,0.413
2023-04-10 19:00:00+00:00,8.35,89.660034,0.4,8.45,0.412
2023-04-10 20:00:00+00:00,8.25,91.20391,0.2,8.35,0.409
2023-04-10 21:00:00+00:00,8.2,90.576836,0.2,8.25,0.407
2023-04-10 22:00:00+00:00,7.8,90.86043,0.1,8.0,0.404
2023-04-10 23:00:00+00:00,7.65,91.16357,0.1,7.9,0.402
2023-04-11 00:00:00+00:00,7.75,89.92259,0.1,8.55,0.401
2023-04-11 01:00:00+00:00,7.65,88.98842,0.1,8.15,0.399
2023-04-11 02:00:00+00:00,7.85,89.00503,0.2,8.0,0.399
2023-04-11 03:00:00+00:00,7.9,90.55532,0.2,7.95,0.399
2023-04-11 04:00:00+00:00,7.85,89.93023,0.0,7.9,0.397
2023-04-11 05:00:00+00:00,8.3,88.12836,0.0,8.05,0.396
2023-04-11 06:00:00+00:00,9.6,82.69421,0.0,8.75,0.394
2023-04-11 07:00:00+00:00,10.65,73.71826,0.0,9.6,0.393
2023-04-11 08:00:00+00:00,11.25,69.626595,0.1,10.2,0.392
2023-04-11 09:00:00+00:00,11.45,66.372154,0.2,10.8,0.392
2023-04-11 10:00:00+00:00,11.25,73.572205,0.5,11.0,0.394
2023-04-11 11:00:00+00:00,11.85,71.443726,0.3,11.35,0.394
2023-04-11 12:00:00+00:00,10.75,77.105896,0.3,10.95,0.404
2023-04-11 13:00:00+00:00,11.45,75.13604,0.3,10.65,0.404
2023-04-11 14:00:00+00:00,11.85,74.18456,0.3,10.8,0.404
2023-04-11 15:00:00+00:00,10.85,86.873634,0.7,10.5,0.409
2023-04-11 16:00:00+00:00,10.1,93.82447,1.0,10.2,0.417
2023-04-11 17:00:00+00:00,9.7,93.48907,0.7,9.85,0.419
2023-04-11 18:00:00+00:00,9.5,92.220894,0.5,9.55,0.417
2023-04-11 19:00:00+00:00,9.25,91.89328,0.4,9.3,0.416
2023-04-11 20:00:00+00:00,9.2,90.03249,0.1,9.1,0.412
2023-04-11 21:00:00+00:00,9.2,90.95716,0.0,9.05,0.409
2023-04-11 22:00:00+00:00,9.1,92.82618,0.3,9.0,0.41
2023-04-11 23:00:00+00:00,8.95,91.87473,0.4,8.9,0.412
2023-04-12 00:00:00+00:00,9.0,91.877815,0.1,9.75,0.409
2023-04-12 01:00:00+00:00,9.0,92.19117,0.3,9.35,0.41
2023-04-12 02:00:00+00:00,9.15,91.575035,0.1,9.2,0.408
2023-04-12 03:00:00+00:00,8.8,93.44393,0.0,9.0,0.405
2023-04-12 04:00:00+00:00,8.7,94.07744,0.0,8.8,0.403
2023-04-12 05:00:00+00:00,9.35,93.78881,0.0,9.0,0.402
2023-04-12 06:00:00+00:00,11.1,88.97016,0.0,10.05,0.4
2023-04-12 07:00:00+00:00,12.1,78.90709,0.0,10.85,0.399
2023-04-12 08:00:00+00:00,12.95,69.489006,0.0,11.85,0.398
2023-04-12 09:00:00+00:00,13.75,65.73455,0.0,12.8,0.396
2023-04-12 10:00:00+00:00,15.0,64.02405,0.4,14.0,0.397
2023-04-12 11:00:00+00:00,13.85,65.53235,0.4,14.55,0.399
2023-04-12 12:00:00+00:00,13.8,68.71949,0.1,13.85,0.414
2023-04-12 13:00:00+00:00,14.0,64.89776,0.9,14.2,0.418
2023-04-12 14:00:00+00:00,13.1,71.19498,1.6,14.3,0.43
2023-04-12 15:00:00+00:00,11.15,84.01692,1.1,13.15,0.42
2023-04-12 16:00:00+00:00,11.4,82.35804,0.0,12.3,0.415
2023-04-12 17:00:00+00:00,11.05,80.927086,0.0,11.3,0.412
2023-04-12 18:00:00+00:00,8.25,89.3447,0.0,10.25,0.41
2023-04-12 19:00:00+00:00,8.2,86.315285,0.0,9.4,0.408
2023-04-12 20:00:00+00:00,7.0,88.9342,0.0,8.7,0.406
2023-04-12 21:00:00+00:00,6.75,92.0553,0.0,8.3,0.405
2023-04-12 22:00:00+00:00,6.45,94.62663,0.0,8.0,0.403
2023-04-12 23:00:00+00:00,6.2,95.93749,0.0,7.75,0.402
2023-04-13 00:00:00+00:00,7.45,93.37533,0.0,8.4,0.391
2023-04-13 01:00:00+00:00,7.35,93.049164,0.0,8.1,0.39
2023-04-13 02:00:00+00:00,7.0,93.03035,0.0,7.8,0.39
2023-04-13 03:00:00+00:00,6.8,93.019554,0.0,7.45,0.39
2023-04-13 04:00:00+00:00,6.1,94.28384,0.0,7.0,0.39
2023-04-13 05:00:00+00:00,8.35,88.4364,0.0,7.55,0.389
2023-04-13 06:00:00+00:00,10.65,85.10667,0.0,9.1,0.389
2023-04-13 07:00:00+00:00,13.05,76.431,0.0,10.9,0.388
2023-04-13 08:00:00+00:00,15.35,64.53736,0.0,12.55,0.387
2023-04-13 09:00:00+00:00,16.95,51.911095,0.0,13.95,0.385
2023-04-13 10:00:00+00:00,17.75,47.36023,0.0,14.95,0.383
2023-04-13 11:00:00+00:00,18.2,44.01906,0.0,15.7,0.38
2023-04-13 12:00:00+00:00,18.8,41.667877,0.0,15.95,0.378
2023-04-13 13:00:00+00:00,18.25,46.370895,0.0,16.1,0.376
2023-04-13 14:00:00+00:00,17.85,51.445442,0.0,16.05,0.374
2023-04-13 15:00:00+00:00,17.1,56.758575,0.0,15.7,0.373
2023-04-13 16:00:00+00:00,15.7,67.72783,0.0,15.0,0.372
2023-04-13 17:00:00+00:00,13.9,76.05657,0.0,14.1,0.372
2023-04-13 18:00:00+00:00,12.85,80.35617,0.0,13.3,0.372
2023-04-13 19:00:00+00:00,12.25,81.088875,0.0,12.65,0.372
2023-04-13 20:00:00+00:00,11.85,82.69317,0.0,12.2,0.372
2023-04-13 21:00:00+00:00,11.6,82.941795,0.0,11.8,0.372
2023-04-13 22:00:00+00:00,11.65,80.18926,0.0,11.55,0.372
2023-04-13 23:00:00+00:00,11.6,76.71616,0.0,11.35,0.372
2023-04-14 00:00:00+00:00,12.0,79.96738,0.0,11.65,0.371
2023-04-14 01:00:00+00:00,12.15,79.4499,0.0,11.55,0.371
2023-04-14 02:00:00+00:00,12.25,78.92921,0.0,11.5,0.371
2023-04-14 03:00:00+00:00,12.25,78.132515,0.0,11.45,0.371
2023-04-14 04:00:00+00:00,12.25,78.66286,0.0,11.4,0.37
2023-04-14 05:00:00+00:00,13.4,75.464905,0.0,11.7,0.37
2023-04-14 06:00:00+00:00,15.15,71.58246,0.0,12.5,0.369
2023-04-14 07:00:00+00:00,16.8,65.07384,0.0,13.6,0.368
2023-04-14 08:00:00+00:00,17.9,61.520855,0.0,14.75,0.367
2023-04-14 09:00:00+00:00,18.85,58.93784,0.0,15.9,0.365
2023-04-14 10:00:00+00:00,19.65,57.58446,0.0,16.9,0.363
2023-04-14 11:00:00+00:00,20.1,56.373463,0.0,17.65,0.361
2023-04-14 12:00:00+00:00,19.7,55.714447,0.0,17.85,0.358
2023-04-14 13:00:00+00:00,20.0,54.324974,0.0,18.1,0.356
2023-04-14 14:00:00+00:00,19.75,53.899506,0.0,18.05,0.355
2023-04-14 15:00:00+00:00,19.25,56.160397,0.0,17.65,0.354
2023-04-14 16:00:00+00:00,18.0,62.369118,0.0,17.0,0.353
2023-04-14 17:00:00+00:00,16.6,66.34696,0.0,16.2,0.353
2023-04-14 18:00:00+00:00,15.1,72.53641,0.0,15.4,0.353
2023-04-14 19:00:00+00:00,13.65,78.869965,0.0,14.6,0.353
2023-04-14 20:00:00+00:00,12.7,81.69547,0.0,13.9,0.354
2023-04-14 21:00:00+00:00,12.3,81.91853,0.0,13.35,0.354
2023-04-14 22:00:00+00:00,11.7,83.79755,0.0,12.85,0.354
2023-04-14 23:00:00+00:00,11.3,86.04319,0.0,12.45,0.354
2023-04-15 00:00:00+00:00,10.75,88.045746,0.0,13.7,0.349
2023-04-15 01:00:00+00:00,11.15,87.785194,0.0,12.95,0.349
2023-04-15 02:00:00+00:00,12.25,81.63687,0.0,12.5,0.349
2023-04-15 03:00:00+00:00,13.75,73.27083,0.0,12.45,0.35
2023-04-15 04:00:00+00:00,14.8,71.516815,0.0,12.7,0.35
2023-04-15 05:00:00+00:00,15.25,74.27565,0.0,13.15,0.35
2023-04-15 06:00:00+00:00,15.0,83.62554,0.6,13.7,0.354
2023-04-15 07:00:00+00:00,15.55,85.62584,0.4,14.0,0.357
2023-04-15 08:00:00+00:00,15.45,85.89552,0.3,14.25,0.359
2023-04-15 09:00:00+00:00,16.0,81.04977,0.2,15.0,0.36
2023-04-15 10:00:00+00:00,17.85,73.99142,0.0,16.05,0.36
2023-04-15 11:00:00+00:00,18.75,69.47545,0.2,17.0,0.36
2023-04-15 12:00:00+00:00,19.4,63.10142,0.0,17.75,0.377
2023-04-15 13:00:00+00:00,19.15,61.20039,0.0,18.1,0.374
2023-04-15 14:00:00+00:00,18.65,60.88141,0.0,18.0,0.372
2023-04-15 15:00:00+00:00,17.75,64.206024,0.0,17.5,0.37
2023-04-15 16:00:00+00:00,16.35,72.28298,0.0,16.8,0.369
2023-04-15 17:00:00+00:00,14.7,82.768074,0.0,16.0,0.368
2023-04-15 18:00:00+00:00,14.25,81.8953,0.1,15.3,0.368
2023-04-15 19:00:00+00:00,13.6,85.422424,0.0,14.7,0.367
2023-04-15 20:00:00+00:00,13.35,88.858604,0.0,14.3,0.366
2023-04-15 21:00:00+00:00,12.4,93.93196,0.0,13.8,0.366
2023-04-15 22:00:00+00:00,12.4,94.24304,0.0,13.5,0.365
2023-04-15 23:00:00+00:00,13.3,90.03628,0.0,13.5,0.365
2023-04-16 00:00:00+00:00,13.2,91.8288,0.1,14.15,0.362
2023-04-16 01:00:00+00:00,13.7,89.47485,0.0,14.0,0.362
2023-04-16 02:00:00+00:00,13.45,90.34466,0.4,13.85,0.365
2023-04-16 03:00:00+00:00,13.4,87.98599,0.6,13.5,0.37
2023-04-16 04:00:00+00:00,13.2,89.43585,0.2,13.25,0.371
2023-04-16 05:00:00+00:00,13.4,90.63933,1.8,13.2,0.394
2023-04-16 06:00:00+00:00,13.8,89.777466,0.8,13.35,0.4
2023-04-16 07:00:00+00:00,15.1,86.706764,0.1,14.45,0.396
2023-04-16 08:00:00+00:00,16.35,82.16107,0.1,15.65,0.393
2023-04-16 09:00:00+00:00,16.65,78.27418,0.3,16.4,0.392
2023-04-16 10:00:00+00:00,17.3,75.11604,0.1,16.9,0.39
2023-04-16 11:00:00+00:00,18.45,66.95641,0.3,17.85,0.389
2023-04-16 12:00:00+00:00,16.9,74.8034,0.4,17.4,0.385
2023-04-16 13:00:00+00:00,16.25,76.94059,0.0,17.15,0.383
2023-04-16 14:00:00+00:00,16.9,73.58454,0.0,17.25,0.381
2023-04-16 15:00:00+00:00,17.4,72.236336,0.0,17.25,0.379
2023-04-16 16:00:00+00:00,16.35,74.71044,0.0,16.7,0.377
2023-04-16 17:00:00+00:00,13.05,88.54011,0.0,15.6,0.376
2023-04-16 18:00:00+00:00,12.6,89.984314,0.0,14.65,0.375
2023-04-16 19:00:00+00:00,12.2,90.555145,0.0,13.95,0.374
2023-04-16 20:00:00+00:00,11.85,90.832825,0.0,13.45,0.373
2023-04-16 21:00:00+00:00,11.3,92.32654,0.0,13.05,0.372
2023-04-16 22:00:00+00:00,12.05,88.16021,0.0,12.5,0.371
2023-04-16 23:00:00+00:00,11.55,89.605194,0.3,12.0,0.373
2023-04-17 00:00:00+00:00,12.35,93.92965,0.0,13.0,0.375
2023-04-17 01:00:00+00:00,11.7,94.52586,1.3,12.6,0.392
2023-04-17 02:00:00+00:00,11.75,96.74834,0.8,12.5,0.399
2023-04-17 03:00:00+00:00,11.3,97.38197,0.0,12.15,0.395
2023-04-17 04:00:00+00:00,11.6,95.15214,1.3,12.1,0.41
2023-04-17 05:00:00+00:00,12.2,94.234276,0.4,12.35,0.408
2023-04-17 06:00:00+00:00,13.65,90.65672,0.0,13.3,0.402
2023-04-17 07:00:00+00:00,15.5,81.24996,0.0,14.6,0.398
2023-04-17 08:00:00+00:00,17.4,70.3605,0.0,15.85,0.395
2023-04-17 09:00:00+00:00,18.0,65.55058,0.0,16.8,0.391
2023-04-17 10:00:00+00:00,17.0,67.32089,0.1,16.7,0.389
2023-04-17 11:00:00+00:00,18.15,64.72131,0.0,17.6,0.385
2023-04-17 12:00:00+00:00,18.8,64.437195,0.0,18.2,0.398
2023-04-17 13:00:00+00:00,16.85,72.135864,2.6,17.9,0.416
2023-04-17 14:00:00+00:00,17.45,68.76447,0.0,17.7,0.409
2023-04-17 15:00:00+00:00,17.8,62.531284,0.0,17.5,0.404
2023-04-17 16:00:00+00:00,16.65,77.76359,0.0,16.95,0.401
2023-04-17 17:00:00+00:00,14.05,84.62681,0.0,15.9,0.399
2023-04-17 18:00:00+00:00,13.7,85.71624,0.1,15.0,0.397
2023-04-17 19:00:00+00:00,13.4,85.40134,0.0,14.45,0.395
2023-04-17 20:00:00+00:00,12.3,90.86368,0.0,13.8,0.394
2023-04-17 21:00:00+00:00,11.7,93.276886,0.0,13.35,0.392
2023-04-17 22:00:00+00:00,10.35,95.74548,0.0,12.8,0.391
2023-04-17 23:00:00+00:00,10.65,95.75534,0.0,12.5,0.39
2023-04-18 00:00:00+00:00,11.45,94.20119,0.4,12.55,0.392
2023-04-18 01:00:00+00:00,10.3,96.06546,0.2,12.15,0.393
2023-04-18 02:00:00+00:00,10.15,96.38384,0.9,11.7,0.402
2023-04-18 03:00:00+00:00,10.35,92.27104,0.0,11.3,0.399
2023-04-18 04:00:00+00:00,9.7,97.02219,1.0,11.1,0.408
2023-04-18 05:00:00+00:00,11.0,92.30908,0.0,11.4,0.404
2023-04-18 06:00:00+00:00,12.55,86.170044,0.0,12.5,0.401
2023-04-18 07:00:00+00:00,13.55,82.626755,0.2,13.65,0.4
2023-04-18 08:00:00+00:00,14.05,78.928604,3.6,14.3,0.428
2023-04-18 09:00:00+00:00,14.45,78.20312,0.8,14.75,0.417
2023-04-18 10:00:00+00:00,15.55,74.574394,1.0,15.4,0.421
2023-04-18 11:00:00+00:00,15.7,74.84754,0.2,15.75,0.415
2023-04-18 12:00:00+00:00,17.75,64.419586,0.2,15.55,0.382
2023-04-18 13:00:00+00:00,16.1,75.91023,0.4,15.95,0.384
2023-04-18 14:00:00+00:00,15.0,81.99087,0.4,16.1,0.385
2023-04-18 15:00:00+00:00,14.1,88.919975,2.2,15.6,0.41
2023-04-18 16:00:00+00:00,13.15,89.13663,2.6,14.75,0.417
2023-04-18 17:00:00+00:00,12.8,89.99919,0.0,14.0,0.411
2023-04-18 18:00:00+00:00,11.65,91.42748,0.0,13.15,0.407
2023-04-18 19:00:00+00:00,11.7,89.9169,0.0,12.1,0.403
2023-04-18 20:00:00+00:00,9.25,97.339806,0.0,11.5,0.401
2023-04-18 21:00:00+00:00,10.45,97.69066,0.0,11.5,0.399
2023-04-18 22:00:00+00:00,10.0,98.33977,0.0,11.35,0.397
2023-04-18 23:00:00+00:00,9.65,98.66621,0.0,11.15,0.396
2023-04-19 00:00:00+00:00,10.8,97.37179,0.0,12.2,0.405
2023-04-19 01:00:00+00:00,9.7,98.998566,0.0,11.45,0.404
2023-04-19 02:00:00+00:00,9.7,99.66519,0.0,10.9,0.402
2023-04-19 03:00:00+00:00,10.55,99.00524,0.0,11.1,0.402
2023-04-19 04:00:00+00:00,10.95,96.72813,0.0,11.3,0.401
2023-04-19 05:00:00+00:00,11.15,94.8186,0.0,11.55,0.4
2023-04-19 06:00:00+00:00,12.1,88.75521,0.0,12.25,0.399
2023-04-19 07:00:00+00:00,12.65,85.89317,0.0,12.8,0.398
2023-04-19 08:00:00+00:00,13.55,80.18442,0.0,13.55,0.397
2023-04-19 09:00:00+00:00,14.6,73.91553,0.0,14.3,0.396
2023-04-19 10:00:00+00:00,14.8,71.99782,0.1,14.8,0.395
2023-04-19 11:00:00+00:00,15.9,71.246994,0.2,15.65,0.395
2023-04-19 12:00:00+00:00,14.1,76.59995,0.1,15.25,0.426
2023-04-19 13:00:00+00:00,13.95,76.83265,0.6,15.15,0.423
2023-04-19 14:00:00+00:00,14.6,74.41149,0.1,15.05,0.419
2023-04-19 15:00:00+00:00,14.45,76.40066,0.0,14.95,0.415
2023-04-19 16:00:00+00:00,14.25,79.74961,0.0,14.65,0.413
2023-04-19 17:00:00+00:00,11.95,90.83969,0.1,13.85,0.412
2023-04-19 18:00:00+00:00,10.85,93.54609,0.0,13.05,0.41
2023-04-19 19:00:00+00:00,11.25,90.18488,0.0,12.2,0.409
2023-04-19 20:00:00+00:00,10.0,93.50402,0.0,11.55,0.408
2023-04-19 21:00:00+00:00,9.7,95.0807,0.0,11.2,0.406
2023-04-19 22:00:00+00:00,9.7,95.0807,0.0,10.65,0.405
2023-04-19 23:00:00+00:00,7.85,98.64712,0.0,10.2,0.404
2023-04-20 00:00:00+00:00,8.4,100.0,0.0,10.45,0.408
2023-04-20 01:00:00+00:00,9.1,99.32822,0.0,9.95,0.406
2023-04-20 02:00:00+00:00,7.8,99.66011,0.0,9.6,0.405
2023-04-20 03:00:00+00:00,7.45,99.31936,0.0,9.3,0.404
2023-04-20 04:00:00+00:00,7.95,98.98463,0.0,9.2,0.403
2023-04-20 05:00:00+00:00,10.0,95.41254,0.0,9.95,0.402
2023-04-20 06:00:00+00:00,12.05,87.28046,0.0,11.25,0.402
2023-04-20 07:00:00+00:00,14.2,77.64592,0.0,12.85,0.4
2023-04-20 08:00:00+00:00,15.8,68.432144,0.0,14.3,0.399
2023-04-20 09:00:00+00:00,17.0,64.90057,0.0,15.8,0.397
2023-04-20 10:00:00+00:00,17.75,60.46714,0.1,17.0,0.395
2023-04-20 11:00:00+00:00,18.25,56.285275,0.1,17.6,0.394
2023-04-20 12:00:00+00:00,15.1,74.00282,0.0,17.95,0.4
2023-04-20 13:00:00+00:00,16.9,62.534416,0.0,17.55,0.398
2023-04-20 14:00:00+00:00,16.8,62.302048,0.0,17.4,0.396
2023-04-20 15:00:00+00:00,14.75,75.94156,3.0,16.35,0.423
2023-04-20 16:00:00+00:00,13.9,82.669945,0.0,15.35,0.416
2023-04-20 17:00:00+00:00,12.0,89.93945,0.0,14.25,0.412
2023-04-20 18:00:00+00:00,10.95,90.77066,0.0,13.25,0.409
2023-04-20 19:00:00+00:00,12.2,84.70411,0.0,12.3,0.407
2023-04-20 20:00:00+00:00,11.6,88.416664,0.0,11.55,0.405
2023-04-20 21:00:00+00:00,10.6,91.66721,0.0,10.95,0.403
2023-04-20 22:00:00+00:00,10.5,93.52882,0.0,10.4,0.402
2023-04-20 23:00:00+00:00,10.05,96.705185,0.0,9.95,0.401
2023-04-21 00:00:00+00:00,8.3,98.98742,0.0,10.85,0.395
2023-04-21 01:00:00+00:00,8.4,100.0,0.0,10.4,0.394
2023-04-21 02:00:00+00:00,9.1,99.663605,0.0,9.85,0.394
2023-04-21 03:00:00+00:00,9.0,100.0,0.0,9.45,0.393
2023-04-21 04:00:00+00:00,8.0,100.0,0.0,9.35,0.392
2023-04-21 05:00:00+00:00,9.65,98.0052,0.0,10.1,0.392
2023-04-21 06:00:00+00:00,11.55,94.83448,0.0,11.4,0.391
2023-04-21 07:00:00+00:00,14.2,84.08604,0.0,13.05,0.39
2023-04-21 08:00:00+00:00,16.35,71.56842,0.0,14.7,0.388
2023-04-21 09:00:00+00:00,17.5,63.513035,0.0,16.2,0.386
2023-04-21 10:00:00+00:00,18.65,60.88141,0.0,17.4,0.384
2023-04-21 11:00:00+00:00,19.25,58.838856,0.1,18.3,0.382
2023-04-21 12:00:00+00:00,17.65,63.12497,1.0,17.85,0.415
2023-04-21 13:00:00+00:00,17.2,57.36271,0.3,17.65,0.411
2023-04-21 14:00:00+00:00,17.95,58.522953,0.0,17.7,0.406
2023-04-21 15:00:00+00:00,17.55,61.439377,0.1,17.4,0.404
2023-04-21 16:00:00+00:00,14.1,82.42093,8.8,16.35,0.427
2023-04-21 17:00:00+00:00,12.7,91.19246,0.0,14.95,0.419
2023-04-21 18:00:00+00:00,12.45,89.97312,0.0,13.6,0.415
2023-04-21 19:00:00+00:00,9.8,95.727325,0.0,12.6,0.412
2023-04-21 20:00:00+00:00,10.25,93.51643,0.0,11.95,0.41
2023-04-21 21:00:00+00:00,10.25,92.88894,0.0,11.55,0.408
2023-04-21 22:00:00+00:00,8.9,95.050156,0.0,11.1,0.407
2023-04-21 23:00:00+00:00,8.9,94.4068,0.0,10.65,0.406
2023-04-22 00:00:00+00:00,11.2,92.01237,0.0,12.25,0.392
2023-04-22 01:00:00+00:00,9.35,94.426186,0.0,11.65,0.392
2023-04-22 02:00:00+00:00,10.55,90.13324,0.0,11.0,0.391
2023-04-22 03:00:00+00:00,10.55,90.742836,0.0,10.35,0.39
2023-04-22 04:00:00+00:00,9.35,96.36128,0.1,10.15,0.391
2023-04-22 05:00:00+00:00,10.75,95.43902,0.1,10.8,0.391
2023-04-22 06:00:00+00:00,12.4,87.022285,0.0,11.95,0.39
2023-04-22 07:00:00+00:00,14.6,72.93235,0.0,13.45,0.389
2023-04-22 08:00:00+00:00,16.5,62.232903,0.0,15.05,0.388
2023-04-22 09:00:00+00:00,17.65,58.449627,0.0,16.5,0.385
2023-04-22 10:00:00+00:00,18.5,57.68505,0.0,17.65,0.383
2023-04-22 11:00:00+00:00,19.25,52.520588,0.0,18.4,0.381
2023-04-22 12:00:00+00:00,18.0,51.48553,0.0,19.0,0.379
2023-04-22 13:00:00+00:00,18.9,48.332836,0.0,18.8,0.378
2023-04-22 14:00:00+00:00,16.85,58.253235,0.4,18.15,0.38
2023-04-22 15:00:00+00:00,15.45,70.21731,0.0,17.0,0.379
2023-04-22 16:00:00+00:00,15.3,67.41802,0.0,16.15,0.378
2023-04-22 17:00:00+00:00,14.15,69.49214,0.0,15.3,0.378
2023-04-22 18:00:00+00:00,13.3,71.47517,0.0,14.55,0.378
2023-04-22 19:00:00+00:00,12.5,66.141426,0.0,13.95,0.377
2023-04-22 20:00:00+00:00,11.35,68.2167,0.0,13.4,0.377
2023-04-22 21:00:00+00:00,10.4,72.66121,0.0,12.8,0.377
2023-04-22 22:00:00+00:00,9.75,76.41567,0.0,12.3,0.376
2023-04-22 23:00:00+00:00,9.0,81.20545,0.0,11.8,0.376
2023-04-23 00:00:00+00:00,9.25,81.23915,0.0,12.8,0.37
2023-04-23 01:00:00+00:00,8.85,84.61737,0.0,12.1,0.37
2023-04-23 02:00:00+00:00,7.5,92.100975,0.0,11.4,0.37
2023-04-23 03:00:00+00:00,6.5,94.62872,0.0,10.7,0.37
2023-04-23 04:00:00+00:00,6.85,96.289406,0.0,10.2,0.37
2023-04-23 05:00:00+00:00,9.15,89.41669,0.0,10.7,0.37
2023-04-23 06:00:00+00:00,11.4,78.535706,0.0,11.8,0.37
2023-04-23 07:00:00+00:00,13.35,66.55208,0.0,13.15,0.369
2023-04-23 08:00:00+00:00,14.75,60.365074,0.0,14.55,0.367
2023-04-23 09:00:00+00:00,15.85,56.830166,0.0,15.85,0.365
2023-04-23 10:00:00+00:00,17.15,48.18181,0.0,16.85,0.363
2023-04-23 11:00:00+00:00,18.25,42.978424,0.0,17.65,0.361
2023-04-23 12:00:00+00:00,17.6,47.810043,0.0,17.65,0.36
2023-04-23 13:00:00+00:00,17.65,47.332466,0.0,17.95,0.359
2023-04-23 14:00:00+00:00,17.4,47.42636,0.0,17.85,0.357
2023-04-23 15:00:00+00:00,16.55,50.397022,0.0,17.35,0.356
2023-04-23 16:00:00+00:00,15.3,59.47404,0.0,16.5,0.356
2023-04-23 17:00:00+00:00,12.85,66.21713,0.0,15.3,0.356
2023-04-23 18:00:00+00:00,12.05,67.19379,0.0,14.25,0.356
2023-04-23 19:00:00+00:00,10.95,72.01373,0.0,13.4,0.356
2023-04-23 20:00:00+00:00,10.05,75.938675,0.0,12.7,0.356
2023-04-23 21:00:00+00:00,9.25,78.209236,0.0,12.05,0.356
2023-04-23 22:00:00+00:00,8.45,80.84991,0.0,11.5,0.356
2023-04-23 23:00:00+00:00,7.45,86.23881,0.0,10.95,0.357
2023-04-24 00:00:00+00:00,6.7,91.09913,0.0,10.8,0.355
2023-04-24 01:00:00+00:00,6.2,92.664215,0.0,10.25,0.355
2023-04-24 02:00:00+00:00,5.7,94.265945,0.0,9.8,0.355
2023-04-24 03:00:00+00:00,5.3,95.574394,0.0,9.35,0.355
2023-04-24 04:00:00+00:00,6.45,93.97323,0.0,9.2,0.355
2023-04-24 05:00:00+00:00,9.3,85.54317,0.0,9.9,0.355
2023-04-24 06:00:00+00:00,12.25,76.5604,0.0,11.3,0.355
2023-04-24 07:00:00+00:00,14.3,63.866627,0.0,12.9,0.354
2023-04-24 08:00:00+00:00,15.9,58.01851,0.0,14.55,0.353
2023-04-24 09:00:00+00:00,17.35,54.188316,0.0,16.05,0.351
2023-04-24 10:00:00+00:00,18.7,50.119534,0.0,17.35,0.349
2023-04-24 11:00:00+00:00,19.45,48.483433,0.0,18.25,0.347
2023-04-24 12:00:00+00:00,19.95,45.277927,0.0,18.6,0.344
2023-04-24 13:00:00+00:00,19.6,44.262657,0.0,18.6,0.342
2023-04-24 14:00:00+00:00,19.4,44.51036,0.0,18.4,0.341
2023-04-24 15:00:00+00:00,18.7,47.13737,0.0,17.95,0.34
2023-04-24 16:00:00+00:00,17.1,55.99433,0.0,17.2,0.339
2023-04-24 17:00:00+00:00,14.85,61.011272,0.0,16.1,0.339
2023-04-24 18:00:00+00:00,13.3,66.54138,0.0,15.05,0.34
2023-04-24 19:00:00+00:00,12.5,67.9859,0.0,14.2,0.34
2023-04-24 20:00:00+00:00,12.0,65.35109,0.0,13.55,0.34
2023-04-24 21:00:00+00:00,11.6,67.79823,0.0,13.0,0.34
2023-04-24 22:00:00+00:00,11.4,70.38131,0.0,12.6,0.34
2023-04-24 23:00:00+00:00,11.3,68.680176,0.0,12.25,0.34
2023-04-25 00:00:00+00:00,11.0,71.775085,0.0,11.95,0.337
2023-04-25 01:00:00+00:00,11.05,79.56111,0.0,11.85,0.337
2023-04-25 02:00:00+00:00,11.5,84.62632,0.0,11.85,0.337
2023-04-25 03:00:00+00:00,11.7,86.08397,0.0,11.85,0.337
2023-04-25 04:00:00+00:00,12.55,85.311165,0.0,12.0,0.337
2023-04-25 05:00:00+00:00,14.4,82.186,0.0,12.65,0.337
2023-04-25 06:00:00+00:00,16.0,77.66461,0.0,13.6,0.337
2023-04-25 07:00:00+00:00,17.4,71.999466,0.1,14.7,0.337
2023-04-25 08:00:00+00:00,18.25,70.52305,0.1,15.85,0.337
2023-04-25 09:00:00+00:00,19.15,67.98422,0.1,16.9,0.336
2023-04-25 10:00:00+00:00,20.1,61.018707,0.1,17.95,0.335
2023-04-25 11:00:00+00:00,19.7,56.273365,0.3,18.6,0.336
2023-04-25 12:00:00+00:00,20.1,58.26967,0.1,19.0,0.334
2023-04-25 13:00:00+00:00,19.85,58.20882,0.1,18.95,0.333
2023-04-25 14:00:00+00:00,19.35,57.70207,0.0,18.8,0.332
2023-04-25 15:00:00+00:00,18.6,62.921215,0.0,18.45,0.331
2023-04-25 16:00:00+00:00,17.5,67.201614,0.0,17.75,0.331
2023-04-25 17:00:00+00:00,15.95,71.7317,0.0,16.85,0.331
2023-04-25 18:00:00+00:00,14.6,80.06385,0.0,15.95,0.331
2023-04-25 19:00:00+00:00,13.8,84.040375,0.0,15.25,0.331
2023-04-25 20:00:00+00:00,13.55,84.85253,0.0,14.8,0.331
2023-04-25 21:00:00+00:00,12.3,92.998825,0.0,14.15,0.332
2023-04-25 22:00:00+00:00,12.15,93.29982,0.1,13.85,0.332
2023-04-25 23:00:00+00:00,12.8,88.813286,0.0,13.7,0.333
2023-04-26 00:00:00+00:00,12.25,93.304886,0.1,13.8,0.333
2023-04-26 01:00:00+00:00,11.9,96.43247,5.1,13.35,0.4
2023-04-26 02:00:00+00:00,11.85,96.75084,0.4,13.1,0.399
2023-04-26 03:00:00+00:00,11.7,97.06812,0.4,12.8,0.399
2023-04-26 04:00:00+00:00,11.7,97.39009,0.0,12.5,0.395
2023-04-26 05:00:00+00:00,12.9,93.954956,0.0,13.0,0.391
2023-04-26 06:00:00+00:00,14.35,84.38109,0.0,14.05,0.388
2023-04-26 07:00:00+00:00,15.55,75.569786,0.1,15.35,0.386
2023-04-26 08:00:00+00:00,16.8,67.279396,0.1,16.7,0.383
2023-04-26 09:00:00+00:00,17.5,66.97952,0.1,17.9,0.38
2023-04-26 10:00:00+00:00,18.1,65.789055,0.1,18.9,0.377
2023-04-26 11:00:00+00:00,18.6,60.667805,0.1,19.4,0.375
2023-04-26 12:00:00+00:00,17.35,65.41056,0.0,18.0,0.411
2023-04-26 13:00:00+00:00,18.3,64.96836,0.1,18.7,0.404
2023-04-26 14:00:00+00:00,15.2,76.77512,3.0,18.0,0.414
2023-04-26 15:00:00+00:00,14.1,81.33445,0.8,17.05,0.415
2023-04-26 16:00:00+00:00,13.95,81.04483,0.4,16.05,0.411
2023-04-26 17:00:00+00:00,12.8,89.701416,1.6,15.05,0.424
2023-04-26 18:00:00+00:00,12.3,91.16603,0.1,14.25,0.414
2023-04-26 19:00:00+00:00,11.75,92.35262,0.5,13.55,0.413
2023-04-26 20:00:00+00:00,11.55,92.649536,1.6,13.05,0.423
2023-04-26 21:00:00+00:00,11.4,92.64117,0.9,12.75,0.423
2023-04-26 22:00:00+00:00,11.6,89.30963,1.4,12.55,0.426
2023-04-26 23:00:00+00:00,11.3,91.711174,0.7,12.35,0.422
2023-04-27 00:00:00+00:00,11.5,90.20324,0.2,12.35,0.422
2023-04-27 01:00:00+00:00,11.15,91.395134,0.2,12.1,0.419
2023-04-27 02:00:00+00:00,10.7,89.53901,2.5,11.85,0.43
2023-04-27 03:00:00+00:00,10.45,90.4304,1.2,11.55,0.425
2023-04-27 04:00:00+00:00,10.7,92.291565,0.8,11.5,0.428
2023-04-27 05:00:00+00:00,10.0,91.01174,1.2,11.35,0.427
2023-04-27 06:00:00+00:00,9.4,89.43656,0.9,11.05,0.428
2023-04-27 07:00:00+00:00,9.5,88.53557,0.9,11.0,0.428
2023-04-27 08:00:00+00:00,9.7,84.7128,0.5,10.95,0.426
2023-04-27 09:00:00+00:00,10.6,76.55442,0.1,11.35,0.422
2023-04-27 10:00:00+00:00,10.9,71.75615,0.0,11.6,0.419
2023-04-27 11:00:00+00:00,12.1,64.47419,0.0,11.9,0.417
2023-04-27 12:00:00+00:00,12.4,70.09542,0.0,13.65,0.419
2023-04-27 13:00:00+00:00,12.6,71.09937,0.2,13.25,0.419
2023-04-27 14:00:00+00:00,13.2,66.74801,0.0,13.35,0.416
2023-04-27 15:00:00+00:00,13.75,61.379852,0.0,13.45,0.414
2023-04-27 16:00:00+00:00,13.5,67.96081,0.0,13.3,0.413
2023-04-27 17:00:00+00:00,11.25,76.13733,0.0,12.75,0.412
2023-04-27 18:00:00+00:00,11.1,69.35607,0.0,12.05,0.41
2023-04-27 19:00:00+00:00,10.35,68.9635,0.0,11.5,0.409
2023-04-27 20:00:00+00:00,8.65,77.305115,0.0,10.9,0.408
2023-04-27 21:00:00+00:00,7.8,81.8945,0.0,10.35,0.407
2023-04-27 22:00:00+00:00,7.05,86.19776,0.0,9.85,0.406
2023-04-27 23:00:00+00:00,6.55,88.89643,0.0,9.45,0.406
2023-04-28 00:00:00+00:00,7.2,90.81851,0.0,10.4,0.404
2023-04-28 01:00:00+00:00,7.7,88.07481,0.0,9.9,0.404
2023-04-28 02:00:00+00:00,7.9,86.88373,0.0,9.65,0.403
2023-04-28 03:00:00+00:00,7.5,89.903465,0.0,9.45,0.403
2023-04-28 04:00:00+00:00,8.25,87.82103,0.0,9.5,0.402
2023-04-28 05:00:00+00:00,9.5,82.68169,0.0,9.95,0.401
2023-04-28 06:00:00+00:00,10.35,68.723595,0.0,10.55,0.4
2023-04-28 07:00:00+00:00,10.95,62.879696,0.0,11.15,0.399
2023-04-28 08:00:00+00:00,12.15,57.477577,0.0,12.15,0.397
2023-04-28 09:00:00+00:00,13.45,50.607555,0.1,13.4,0.396
2023-04-28 10:00:00+00:00,14.4,44.487476,0.0,14.5,0.394
2023-04-28 11:00:00+00:00,14.8,44.130276,0.0,15.2,0.392
2023-04-28 12:00:00+00:00,15.0,42.799133,0.0,15.0,0.39
2023-04-28 13:00:00+00:00,14.6,43.450512,0.0,14.95,0.388
2023-04-28 14:00:00+00:00,14.6,41.038223,0.0,14.95,0.387
2023-04-28 15:00:00+00:00,14.15,43.012222,0.0,14.6,0.386
2023-04-28 16:00:00+00:00,13.2,50.360622,0.0,14.05,0.385
2023-04-28 17:00:00+00:00,10.7,58.750774,0.0,13.0,0.385
2023-04-28 18:00:00+00:00,9.65,59.539272,0.0,12.0,0.384
2023-04-28 19:00:00+00:00,8.55,61.871155,0.0,11.25,0.384
2023-04-28 20:00:00+00:00,6.55,74.81214,0.0,10.4,0.384
2023-04-28 21:00:00+00:00,6.95,73.82734,0.0,9.85,0.384
2023-04-28 22:00:00+00:00,8.5,63.200115,0.0,9.35,0.384
2023-04-28 23:00:00+00:00,5.1,83.59036,0.0,8.8,0.384
2023-04-29 00:00:00+00:00,5.6,82.47491,0.0,8.25,0.385
2023-04-29 01:00:00+00:00,4.5,87.16218,0.0,7.85,0.384
2023-04-29 02:00:00+00:00,6.2,79.969185,0.0,7.5,0.384
2023-04-29 03:00:00+00:00,6.45,78.32611,0.0,7.15,0.384
2023-04-29 04:00:00+00:00,6.65,75.89971,0.0,7.05,0.384
2023-04-29 05:00:00+00:00,7.5,77.93826,0.0,8.0,0.384
2023-04-29 06:00:00+00:00,9.85,72.55928,0.0,9.45,0.383
2023-04-29 07:00:00+00:00,12.4,64.98901,0.0,11.2,0.382
2023-04-29 08:00:00+00:00,14.4,53.41414,0.0,12.95,0.38
2023-04-29 09:00:00+00:00,15.6,46.433,0.0,14.5,0.378
2023-04-29 10:00:00+00:00,16.45,44.290344,0.0,15.75,0.376
2023-04-29 11:00:00+00:00,16.95,41.281235,0.0,16.5,0.374
2023-04-29 12:00:00+00:00,17.35,38.992847,0.0,16.7,0.374
2023-04-29 13:00:00+00:00,17.75,37.48764,0.0,16.9,0.372
2023-04-29 14:00:00+00:00,17.65,36.670517,0.0,16.9,0.37
2023-04-29 15:00:00+00:00,17.55,36.771748,0.0,16.7,0.369
2023-04-29 16:00:00+00:00,16.65,54.190895,0.0,16.1,0.369
2023-04-29 17:00:00+00:00,13.2,60.198994,0.0,14.75,0.369
2023-04-29 18:00:00+00:00,11.35,69.64663,0.0,13.65,0.369
2023-04-29 19:00:00+00:00,11.0,72.77181,0.0,12.85,0.369
2023-04-29 20:00:00+00:00,9.75,82.42992,0.0,12.1,0.369
2023-04-29 21:00:00+00:00,8.25,89.65224,0.0,11.4,0.369
2023-04-29 22:00:00+00:00,8.3,88.73669,0.0,10.85,0.37
2023-04-29 23:00:00+00:00,7.9,88.70274,0.0,10.3,0.37
2023-04-30 00:00:00+00:00,8.0,93.4034,0.0,9.95,0.37
2023-04-30 01:00:00+00:00,6.9,96.290855,0.0,9.55,0.37
2023-04-30 02:00:00+00:00,6.0,98.96873,0.0,9.15,0.37
2023-04-30 03:00:00+00:00,7.4,98.3054,0.0,8.8,0.37
2023-04-30 04:00:00+00:00,7.1,99.65822,0.0,8.85,0.37
2023-04-30 05:00:00+00:00,9.25,93.46655,0.0,9.7,0.37
2023-04-30 06:00:00+00:00,11.6,85.49669,0.0,11.05,0.369
2023-04-30 07:00:00+00:00,13.75,75.52328,0.0,12.7,0.369
2023-04-30 08:00:00+00:00,15.6,67.70716,0.0,14.25,0.367
2023-04-30 09:00:00+00:00,17.2,62.185467,0.0,15.85,0.366
2023-04-30 10:00:00+00:00,18.25,58.20527,0.0,17.25,0.364
2023-04-30 11:00:00+00:00,18.85,56.059677,0.0,18.2,0.362
2023-04-30 12:00:00+00:00,16.8,66.833084,0.4,18.55,0.361
2023-04-30 13:00:00+00:00,18.15,60.763977,0.0,18.2,0.36
2023-04-30 14:00:00+00:00,17.85,60.08764,0.0,18.05,0.359
2023-04-30 15:00:00+00:00,17.55,65.88946,0.0,17.6,0.358
2023-04-30 16:00:00+00:00,15.95,74.1503,0.0,16.85,0.357
2023-04-30 17:00:00+00:00,13.2,87.38728,0.0,15.75,0.358
2023-04-30 18:00:00+00:00,12.65,88.80088,0.0,14.65,0.358
2023-04-30 19:00:00+00:00,12.3,87.59569,0.0,13.85,0.358
2023-04-30 20:00:00+00:00,11.75,87.25237,0.0,13.25,0.358
2023-04-30 21:00:00+00:00,11.1,89.87159,0.0,12.75,0.358
2023-04-30 22:00:00+00:00,10.65,90.7498,0.0,12.35,0.358
2023-04-30 23:00:00+00:00,10.3,91.339714,0.0,11.95,0.358
2023-05-01 00:00:00+00:00,10.45,90.4304,0.0,12.0,0.356
2023-05-01 01:00:00+00:00,9.25,93.15001,0.0,11.6,0.356
2023-05-01 02:00:00+00:00,11.05,87.186485,0.0,11.1,0.356
2023-05-01 03:00:00+00:00,8.55,92.795876,0.0,10.7,0.356
2023-05-01 04:00:00+00:00,10.1,89.189285,0.0,10.65,0.356
2023-05-01 05:00:00+00:00,11.9,87.266426,0.0,11.5,0.357
2023-05-01 06:00:00+00:00,14.0,82.68225,0.0,12.85,0.356
2023-05-01 07:00:00+00:00,15.95,77.91296,0.0,14.5,0.355
2023-05-01 08:00:00+00:00,17.6,72.036125,0.0,16.15,0.354
2023-05-01 09:00:00+00:00,18.8,63.803185,0.0,17.55,0.353
2023-05-01 10:00:00+00:00,19.8,56.29842,0.0,18.75,0.351
2023-05-01 11:00:00+00:00,20.4,50.916187,0.0,19.55,0.349
2023-05-01 12:00:00+00:00,21.5,49.040367,0.0,19.95,0.351
2023-05-01 13:00:00+00:00,17.2,70.78744,9.8,19.85,0.43
2023-05-01 14:00:00+00:00,16.5,72.07168,2.9,18.8,0.416
2023-05-01 15:00:00+00:00,17.15,70.31245,0.0,18.15,0.409
2023-05-01 16:00:00+00:00,17.0,70.28356,0.0,17.45,0.405
2023-05-01 17:00:00+00:00,14.9,78.27068,0.0,16.4,0.402
2023-05-01 18:00:00+00:00,13.65,81.27515,0.0,15.3,0.4
2023-05-01 19:00:00+00:00,12.95,74.37646,0.0,14.5,0.398
2023-05-01 20:00:00+00:00,12.35,75.54464,0.0,13.85,0.396
2023-05-01 21:00:00+00:00,11.55,79.09401,0.0,13.3,0.394
2023-05-01 22:00:00+00:00,10.65,82.262886,0.0,12.8,0.393
2023-05-01 23:00:00+00:00,9.8,83.5732,0.0,12.3,0.392
2023-05-02 00:00:00+00:00,10.15,79.15853,0.0,11.9,0.339
2023-05-02 01:00:00+00:00,9.6,77.188354,0.0,11.65,0.339
2023-05-02 02:00:00+00:00,9.35,73.48436,0.0,11.4,0.34
2023-05-02 03:00:00+00:00,8.9,71.37378,0.0,11.1,0.34
2023-05-02 04:00:00+00:00,9.15,71.42197,0.0,10.95,0.34
2023-05-02 05:00:00+00:00,11.15,72.54925,0.0,11.55,0.34
2023-05-02 06:00:00+00:00,13.55,66.36787,0.0,12.7,0.339
2023-05-02 07:00:00+00:00,15.85,58.006092,0.0,14.15,0.338
2023-05-02 08:00:00+00:00,17.9,50.41686,0.0,15.65,0.337
2023-05-02 09:00:00+00:00,19.5,46.0863,0.0,17.1,0.335
2023-05-02 10:00:00+00:00,20.7,40.92913,0.0,18.3,0.333
2023-05-02 11:00:00+00:00,21.45,37.250736,0.0,19.2,0.331
2023-05-02 12:00:00+00:00,21.9,37.25145,0.0,19.75,0.326
2023-05-02 13:00:00+00:00,21.15,39.001106,0.0,19.85,0.324
2023-05-02 14:00:00+00:00,20.1,41.32281,0.0,19.65,0.323
2023-05-02 15:00:00+00:00,18.75,44.787178,0.0,19.05,0.322
2023-05-02 16:00:00+00:00,16.85,49.959915,0.0,18.1,0.321
2023-05-02 17:00:00+00:00,14.95,49.266598,0.0,16.95,0.321
2023-05-02 18:00:00+00:00,13.75,49.454967,0.0,15.9,0.321
2023-05-02 19:00:00+00:00,12.65,52.574764,0.0,15.0,0.321
2023-05-02 20:00:00+00:00,12.3,52.66654,0.0,14.35,0.321
2023-05-02 21:00:00+00:00,12.05,53.729473,0.0,13.85,0.322
2023-05-02 22:00:00+00:00,11.8,56.585815,0.0,13.5,0.322
2023-05-02 23:00:00+00:00,11.2,60.556847,0.0,13.1,0.322
2023-05-03 00:00:00+00:00,11.55,61.71225,0.0,13.1,0.322
2023-05-03 01:00:00+00:00,11.15,64.03586,0.0,12.75,0.322
2023-05-03 02:00:00+00:00,10.8,66.46248,0.0,12.45,0.322
2023-05-03 03:00:00+00:00,10.95,66.26372,0.0,12.0,0.322
2023-05-03 04:00:00+00:00,10.4,75.99686,0.0,12.0,0.322
2023-05-03 05:00:00+00:00,11.1,77.69073,0.0,12.25,0.322
2023-05-03 06:00:00+00:00,12.5,76.34181,1.2,12.7,0.334
2023-05-03 07:00:00+00:00,13.95,71.11601,0.5,13.4,0.34
2023-05-03 08:00:00+00:00,15.55,67.01837,0.0,14.65,0.339
2023-05-03 09:00:00+00:00,17.95,60.312664,0.0,16.25,0.337
2023-05-03 10:00:00+00:00,19.55,55.122272,0.0,17.55,0.335
2023-05-03 11:00:00+00:00,20.7,56.151207,0.0,18.9,0.333
2023-05-03 12:00:00+00:00,18.15,69.58577,0.0,18.85,0.342
2023-05-03 13:00:00+00:00,18.55,68.085335,1.0,18.35,0.354
2023-05-03 14:00:00+00:00,18.05,63.425373,0.0,18.05,0.352
2023-05-03 15:00:00+00:00,17.75,65.49682,0.0,17.8,0.351
2023-05-03 16:00:00+00:00,16.7,68.614006,0.0,17.25,0.35
2023-05-03 17:00:00+00:00,15.55,69.53583,0.0,16.55,0.349
2023-05-03 18:00:00+00:00,14.3,68.82076,0.0,15.75,0.349
2023-05-03 19:00:00+00:00,13.5,74.97512,3.7,15.0,0.394
2023-05-03 20:00:00+00:00,13.05,79.57911,0.0,14.25,0.389
2023-05-03 21:00:00+00:00,12.75,81.15571,0.0,13.7,0.386
2023-05-03 22:00:00+00:00,12.5,81.669464,0.0,13.3,0.383
2023-05-03 23:00:00+00:00,12.25,83.86166,0.0,13.1,0.38
2023-05-04 00:00:00+00:00,12.15,79.71881,0.2,13.35,0.387
2023-05-04 01:00:00+00:00,12.15,81.349236,0.2,13.05,0.386
2023-05-04 02:00:00+00:00,11.7,84.36406,0.9,12.75,0.395
2023-05-04 03:00:00+00:00,11.25,89.882935,6.6,12.35,0.43
2023-05-04 04:00:00+00:00,11.9,89.33347,0.4,12.35,0.412
2023-05-04 05:00:00+00:00,13.2,85.949455,0.0,12.75,0.405
2023-05-04 06:00:00+00:00,14.65,83.035416,0.0,13.65,0.401
2023-05-04 07:00:00+00:00,16.35,79.26134,0.0,15.0,0.397
2023-05-04 08:00:00+00:00,17.65,76.16077,0.0,16.2,0.393
2023-05-04 09:00:00+00:00,19.15,69.780266,0.1,17.6,0.391
2023-05-04 10:00:00+00:00,20.4,66.49112,0.0,19.05,0.387
2023-05-04 11:00:00+00:00,21.25,62.28938,0.0,20.1,0.384
2023-05-04 12:00:00+00:00,18.9,76.11419,0.0,19.8,0.366
2023-05-04 13:00:00+00:00,19.9,72.21985,0.1,20.0,0.365
2023-05-04 14:00:00+00:00,20.7,68.95964,0.0,20.25,0.363
2023-05-04 15:00:00+00:00,20.75,65.70778,0.0,20.1,0.362
2023-05-04 16:00:00+00:00,19.65,66.1181,0.1,19.5,0.361
2023-05-04 17:00:00+00:00,16.65,82.734726,0.1,18.45,0.361
2023-05-04 18:00:00+00:00,15.55,91.970894,0.4,17.45,0.363
2023-05-04 19:00:00+00:00,15.1,93.1449,0.4,16.55,0.366
2023-05-04 20:00:00+00:00,14.5,93.11396,0.1,15.7,0.366
2023-05-04 21:00:00+00:00,13.1,90.91814,0.0,14.85,0.365
2023-05-04 22:00:00+00:00,12.8,86.77106,0.0,14.3,0.364
2023-05-04 23:00:00+00:00,12.05,88.455185,0.0,13.8,0.363
2023-05-05 00:00:00+00:00,12.65,89.68994,0.0,14.65,0.395
2023-05-05 01:00:00+00:00,12.45,88.489265,0.3,13.95,0.395
2023-05-05 02:00:00+00:00,12.1,92.68006,0.0,13.5,0.393
2023-05-05 03:00:00+00:00,12.5,95.18544,0.0,13.3,0.391
2023-05-05 04:00:00+00:00,12.35,92.69388,0.0,13.15,0.389
2023-05-05 05:00:00+00:00,13.3,87.68642,0.1,13.45,0.387
2023-05-05 06:00:00+00:00,14.55,82.476906,0.0,14.05,0.386
2023-05-05 07:00:00+00:00,15.0,80.91679,0.0,14.4,0.385
2023-05-05 08:00:00+00:00,16.5,74.490105,0.0,15.15,0.383
2023-05-05 09:00:00+00:00,18.1,66.883545,0.0,16.25,0.381
2023-05-05 10:00:00+00:00,19.5,60.2789,0.0,17.65,0.378
2023-05-05 11:00:00+00:00,20.2,56.398453,0.0,18.6,0.375
2023-05-05 12:00:00+00:00,19.05,56.675198,0.0,18.35,0.374
2023-05-05 13:00:00+00:00,19.4,56.762527,0.0,18.4,0.372
2023-05-05 14:00:00+00:00,19.4,57.33196,0.0,18.55,0.37
2023-05-05 15:00:00+00:00,18.7,58.121143,0.0,18.2,0.368
2023-05-05 16:00:00+00:00,17.3,62.62591,0.0,17.65,0.367
2023-05-05 17:00:00+00:00,16.0,61.698856,0.0,16.9,0.367
2023-05-05 18:00:00+00:00,15.0,62.519802,0.0,16.1,0.366
2023-05-05 19:00:00+00:00,14.6,61.370274,0.0,15.55,0.366
2023-05-05 20:00:00+00:00,14.2,59.820045,0.0,15.15,0.365
2023-05-05 21:00:00+00:00,14.05,59.373127,0.0,14.9,0.365
2023-05-05 22:00:00+00:00,13.95,60.796974,0.0,14.65,0.365
2023-05-05 23:00:00+00:00,13.5,64.565346,0.0,14.45,0.364
2023-05-06 00:00:00+00:00,12.9,69.47901,0.0,14.9,0.362
2023-05-06 01:00:00+00:00,12.3,74.011,0.0,14.35,0.362
2023-05-06 02:00:00+00:00,11.9,76.76439,0.0,13.9,0.362
2023-05-06 03:00:00+00:00,12.7,72.83381,0.0,13.75,0.362
2023-05-06 04:00:00+00:00,13.05,73.892044,0.0,13.7,0.361
2023-05-06 05:00:00+00:00,13.9,74.29052,0.0,14.0,0.361
2023-05-06 06:00:00+00:00,15.6,66.356544,0.0,14.7,0.36
2023-05-06 07:00:00+00:00,16.3,60.734802,0.0,15.4,0.359
2023-05-06 08:00:00+00:00,15.9,66.42039,0.0,15.5,0.358
2023-05-06 09:00:00+00:00,16.9,67.97423,0.0,15.9,0.358
2023-05-06 10:00:00+00:00,18.0,63.62499,0.0,16.4,0.357
2023-05-06 11:00:00+00:00,20.1,55.445923,0.0,17.5,0.355
2023-05-06 12:00:00+00:00,17.3,70.10975,0.0,17.45,0.352
2023-05-06 13:00:00+00:00,18.5,66.091606,0.0,17.65,0.351
2023-05-06 14:00:00+00:00,19.8,62.367474,0.0,18.25,0.35
2023-05-06 15:00:00+00:00,19.1,63.242,0.0,18.25,0.349
2023-05-06 16:00:00+00:00,17.75,68.372284,0.0,17.85,0.348
2023-05-06 17:00:00+00:00,16.3,71.32226,0.0,17.1,0.348
2023-05-06 18:00:00+00:00,15.25,74.52311,0.0,16.4,0.348
2023-05-06 19:00:00+00:00,14.9,74.96115,0.0,15.9,0.348
2023-05-06 20:00:00+00:00,13.8,79.68591,0.0,15.45,0.348
2023-05-06 21:00:00+00:00,13.6,79.65751,0.0,15.1,0.349
2023-05-06 22:00:00+00:00,13.5,77.798294,0.0,14.8,0.349
2023-05-06 23:00:00+00:00,13.5,76.761024,0.0,14.6,0.349
2023-05-07 00:00:00+00:00,13.6,79.924034,0.0,15.55,0.345
2023-05-07 01:00:00+00:00,13.7,76.7929,0.0,15.1,0.345
2023-05-07 02:00:00+00:00,12.7,77.67508,0.0,14.6,0.345
2023-05-07 03:00:00+00:00,11.35,81.79563,0.0,13.95,0.345
2023-05-07 04:00:00+00:00,11.6,79.640175,0.0,13.55,0.345
2023-05-07 05:00:00+00:00,13.25,75.185844,0.0,13.85,0.345
2023-05-07 06:00:00+00:00,15.0,67.81101,0.0,14.7,0.344
2023-05-07 07:00:00+00:00,16.8,64.20962,0.0,15.85,0.343
2023-05-07 08:00:00+00:00,18.55,62.08194,0.0,17.15,0.342
2023-05-07 09:00:00+00:00,19.85,55.382607,0.1,18.4,0.341
2023-05-07 10:00:00+00:00,20.35,51.244812,0.0,19.2,0.339
2023-05-07 11:00:00+00:00,21.0,48.578564,0.0,19.9,0.337
2023-05-07 12:00:00+00:00,22.0,43.888683,0.0,20.3,0.333
2023-05-07 13:00:00+00:00,21.55,44.208385,0.0,20.4,0.331
2023-05-07 14:00:00+00:00,20.75,47.38199,0.0,19.95,0.33
2023-05-07 15:00:00+00:00,20.05,50.3133,0.0,19.7,0.329
2023-05-07 16:00:00+00:00,18.7,55.089916,0.0,18.95,0.329
2023-05-07 17:00:00+00:00,16.8,57.45735,0.0,18.0,0.329
2023-05-07 18:00:00+00:00,14.8,58.14288,0.0,16.95,0.329
2023-05-07 19:00:00+00:00,13.6,58.044193,0.0,16.05,0.329
2023-05-07 20:00:00+00:00,12.4,63.434696,0.0,15.25,0.329
2023-05-07 21:00:00+00:00,10.85,73.75398,0.0,14.45,0.329
2023-05-07 22:00:00+00:00,10.2,78.894554,0.0,13.6,0.329
2023-05-07 23:00:00+00:00,8.6,89.066956,0.0,12.95,0.33
2023-05-08 00:00:00+00:00,9.25,86.12594,0.0,12.95,0.326
2023-05-08 01:00:00+00:00,8.7,89.9948,0.0,12.45,0.326
2023-05-08 02:00:00+00:00,8.8,89.6951,0.0,12.1,0.326
2023-05-08 03:00:00+00:00,8.75,90.30686,0.0,11.8,0.327
2023-05-08 04:00:00+00:00,10.05,86.20751,0.0,11.8,0.327
2023-05-08 05:00:00+00:00,12.3,81.643394,0.0,12.6,0.327
2023-05-08 06:00:00+00:00,14.85,73.95922,0.0,13.95,0.327
2023-05-08 07:00:00+00:00,17.05,61.735527,0.0,15.6,0.326
2023-05-08 08:00:00+00:00,18.7,52.90889,0.0,17.2,0.324
2023-05-08 09:00:00+00:00,19.9,49.767807,0.0,18.7,0.323
2023-05-08 10:00:00+00:00,20.8,48.85097,0.0,19.9,0.321
2023-05-08 11:00:00+00:00,21.45,48.214817,0.0,20.85,0.319
2023-05-08 12:00:00+00:00,22.15,46.8186,0.0,21.3,0.315
2023-05-08 13:00:00+00:00,22.25,46.224598,0.0,21.55,0.313
2023-05-08 14:00:00+00:00,21.95,46.296684,0.0,21.45,0.311
2023-05-08 15:00:00+00:00,20.65,46.24891,0.0,20.7,0.311
2023-05-08 16:00:00+00:00,18.5,49.05292,0.0,19.6,0.31
2023-05-08 17:00:00+00:00,17.1,49.3444,0.0,18.55,0.31
2023-05-08 18:00:00+00:00,16.1,51.683483,0.0,17.65,0.31
2023-05-08 19:00:00+00:00,15.15,58.03058,0.0,16.85,0.31
2023-05-08 20:00:00+00:00,13.75,76.287544,0.0,16.25,0.311
2023-05-08 21:00:00+00:00,12.9,78.75937,0.0,15.7,0.311
2023-05-08 22:00:00+00:00,12.4,82.20717,0.0,15.2,0.311
2023-05-08 23:00:00+00:00,11.9,85.815895,0.0,14.75,0.312
2023-05-09 00:00:00+00:00,11.9,87.85265,0.0,15.15,0.31
2023-05-09 01:00:00+00:00,12.1,85.83656,0.0,14.75,0.311
2023-05-09 02:00:00+00:00,12.15,85.268456,0.0,14.45,0.311
2023-05-09 03:00:00+00:00,12.15,84.41489,0.0,14.25,0.311
2023-05-09 04:00:00+00:00,12.2,84.42051,0.0,14.1,0.311
2023-05-09 05:00:00+00:00,12.65,81.142365,0.0,14.2,0.311
2023-05-09 06:00:00+00:00,13.1,77.7368,0.0,14.45,0.311
2023-05-09 07:00:00+00:00,13.4,73.95362,0.0,14.65,0.311
2023-05-09 08:00:00+00:00,13.65,72.270454,0.0,14.8,0.311
2023-05-09 09:00:00+00:00,14.45,67.697136,0.0,15.25,0.311
2023-05-09 10:00:00+00:00,15.5,61.791275,0.0,15.9,0.31
2023-05-09 11:00:00+00:00,15.75,60.193913,0.0,16.25,0.309
2023-05-09 12:00:00+00:00,15.65,63.308468,0.0,16.5,0.309
2023-05-09 13:00:00+00:00,16.1,60.2777,0.0,16.65,0.308
2023-05-09 14:00:00+00:00,16.0,57.649162,0.0,16.45,0.308
2023-05-09 15:00:00+00:00,15.95,59.227806,0.0,16.4,0.307
2023-05-09 16:00:00+00:00,15.55,60.762657,0.0,16.2,0.307
2023-05-09 17:00:00+00:00,14.3,63.866627,0.0,15.65,0.307
2023-05-09 18:00:00+00:00,13.4,67.24833,0.0,15.15,0.307
2023-05-09 19:00:00+00:00,12.55,70.84749,0.0,14.65,0.307
2023-05-09 20:00:00+00:00,11.85,74.94798,0.0,14.2,0.307
2023-05-09 21:00:00+00:00,11.3,77.98729,0.0,13.8,0.307
2023-05-09 22:00:00+00:00,11.05,79.29037,0.0,13.5,0.307
2023-05-09 23:00:00+00:00,10.85,80.89993,0.1,13.25,0.308
2023-05-10 00:00:00+00:00,11.05,79.02044,0.2,13.6,0.307
2023-05-10 01:00:00+00:00,10.75,84.54231,0.7,13.0,0.312
2023-05-10 02:00:00+00:00,10.7,86.85912,0.1,12.5,0.313
2023-05-10 03:00:00+00:00,10.65,85.39577,0.0,12.15,0.313
2023-05-10 04:00:00+00:00,10.5,82.5246,0.0,11.9,0.314
2023-05-10 05:00:00+00:00,10.55,80.8591,0.0,11.75,0.314
2023-05-10 06:00:00+00:00,11.4,76.162,0.0,12.1,0.314
2023-05-10 07:00:00+00:00,12.55,69.40895,0.0,12.7,0.314
2023-05-10 08:00:00+00:00,13.75,65.064445,0.1,13.55,0.314
2023-05-10 09:00:00+00:00,13.95,64.00608,0.0,13.95,0.314
2023-05-10 10:00:00+00:00,14.85,59.56816,0.0,14.65,0.313
2023-05-10 11:00:00+00:00,15.4,57.69649,0.0,15.25,0.312
2023-05-10 12:00:00+00:00,15.15,59.234745,0.0,16.0,0.305
2023-05-10 13:00:00+00:00,16.4,52.480774,0.0,16.65,0.304
2023-05-10 14:00:00+00:00,15.9,53.625046,0.0,16.7,0.303
2023-05-10 15:00:00+00:00,15.25,56.097183,0.0,16.5,0.302
2023-05-10 16:00:00+00:00,14.15,58.98973,0.0,15.95,0.302
2023-05-10 17:00:00+00:00,12.3,68.17829,0.0,15.05,0.301
2023-05-10 18:00:00+00:00,11.3,71.09336,0.0,14.15,0.302
2023-05-10 19:00:00+00:00,10.4,77.58151,0.0,13.4,0.302
2023-05-10 20:00:00+00:00,9.6,82.128426,0.0,12.75,0.302
2023-05-10 21:00:00+00:00,8.95,86.39114,0.0,12.2,0.302
2023-05-10 22:00:00+00:00,8.35,89.96828,0.0,11.65,0.302
2023-05-10 23:00:00+00:00,7.75,92.433304,0.0,11.2,0.302
2023-05-11 00:00:00+00:00,7.8,92.754234,0.0,11.55,0.298
2023-05-11 01:00:00+00:00,7.7,92.4304,0.0,11.05,0.298
2023-05-11 02:00:00+00:00,7.65,91.793594,0.0,10.65,0.299
2023-05-11 03:00:00+00:00,7.5,90.83951,0.0,10.35,0.299
2023-05-11 04:00:00+00:00,8.4,86.633575,0.0,10.35,0.299
2023-05-11 05:00:00+00:00,10.45,79.746925,0.0,11.05,0.299
2023-05-11 06:00:00+00:00,12.45,69.86575,0.0,12.1,0.298
2023-05-11 07:00:00+00:00,13.95,60.172485,0.0,13.25,0.298
2023-05-11 08:00:00+00:00,15.2,53.255962,0.0,14.35,0.297
2023-05-11 09:00:00+00:00,15.85,50.907066,0.0,15.35,0.295
2023-05-11 10:00:00+00:00,16.6,48.196236,0.0,16.15,0.294
2023-05-11 11:00:00+00:00,16.9,48.112648,0.0,16.95,0.292
2023-05-11 12:00:00+00:00,16.5,49.17986,0.0,17.35,0.291
2023-05-11 13:00:00+00:00,16.65,47.21751,0.0,17.65,0.29
2023-05-11 14:00:00+00:00,15.3,50.934547,0.0,17.4,0.289
2023-05-11 15:00:00+00:00,14.4,53.787033,0.0,16.8,0.288
2023-05-11 16:00:00+00:00,13.4,56.796803,0.0,15.95,0.287
2023-05-11 17:00:00+00:00,12.3,60.40009,0.0,15.05,0.287
2023-05-11 18:00:00+00:00,11.45,62.776302,0.0,14.2,0.287
2023-05-11 19:00:00+00:00,11.15,64.484535,0.0,13.6,0.287
2023-05-11 20:00:00+00:00,10.65,67.59854,0.0,13.1,0.288
2023-05-11 21:00:00+00:00,10.3,69.92055,0.0,12.7,0.288
2023-05-11 22:00:00+00:00,9.65,74.309235,0.0,12.25,0.288
2023-05-11 23:00:00+00:00,9.3,77.14046,0.0,11.9,0.288
2023-05-12 00:00:00+00:00,9.2,78.4729,0.0,12.3,0.287
2023-05-12 01:00:00+00:00,8.5,82.55581,0.0,11.65,0.287
2023-05-12 02:00:00+00:00,8.75,81.73537,0.0,11.3,0.287
2023-05-12 03:00:00+00:00,8.75,81.73537,0.0,11.05,0.287
2023-05-12 04:00:00+00:00,9.0,82.334496,0.0,11.0,0.287
2023-05-12 05:00:00+00:00,10.55,79.48885,0.0,11.45,0.287
2023-05-12 06:00:00+00:00,12.45,69.38889,0.0,12.4,0.287
2023-05-12 07:00:00+00:00,14.1,57.172237,0.0,13.5,0.286
2023-05-12 08:00:00+00:00,15.35,51.6605,0.0,14.55,0.285
2023-05-12 09:00:00+00:00,16.05,50.785374,0.0,15.55,0.284
2023-05-12 10:00:00+00:00,17.0,47.808704,0.0,16.5,0.283
2023-05-12 11:00:00+00:00,18.5,42.457165,0.0,17.5,0.281
2023-05-12 12:00:00+00:00,17.9,47.23914,0.0,17.95,0.281
2023-05-12 13:00:00+00:00,18.25,45.579777,0.0,18.25,0.28
2023-05-12 14:00:00+00:00,17.95,45.81068,0.0,18.2,0.279
2023-05-12 15:00:00+00:00,16.7,49.065006,0.0,17.75,0.278
2023-05-12 16:00:00+00:00,15.45,52.590023,0.0,17.0,0.278
2023-05-12 17:00:00+00:00,13.5,56.036507,0.0,15.95,0.278
2023-05-12 18:00:00+00:00,11.6,60.866447,0.0,14.75,0.278
2023-05-12 19:00:00+00:00,10.5,65.24597,0.0,13.75,0.278
2023-05-12 20:00:00+00:00,9.1,72.92766,0.0,12.85,0.278
2023-05-12 21:00:00+00:00,7.85,80.76714,0.0,12.0,0.278
2023-05-12 22:00:00+00:00,7.55,84.76403,0.0,11.3,0.278
2023-05-12 23:00:00+00:00,6.55,91.724014,0.0,10.75,0.279
2023-05-13 00:00:00+00:00,6.55,94.95876,0.0,10.6,0.278
2023-05-13 01:00:00+00:00,6.05,96.60024,0.0,10.15,0.278
2023-05-13 02:00:00+00:00,5.75,97.60357,0.0,9.7,0.278
2023-05-13 03:00:00+00:00,5.15,98.961685,0.0,9.3,0.278
2023-05-13 04:00:00+00:00,7.25,95.97085,0.0,9.4,0.279
2023-05-13 05:00:00+00:00,9.55,87.938644,0.0,10.4,0.279
2023-05-13 06:00:00+00:00,12.25,78.92921,0.0,11.9,0.278
2023-05-13 07:00:00+00:00,14.45,65.66304,0.0,13.65,0.278
2023-05-13 08:00:00+00:00,16.05,55.34653,0.0,15.4,0.277
2023-05-13 09:00:00+00:00,17.2,50.05516,0.0,16.95,0.275
2023-05-13 10:00:00+00:00,18.2,47.322372,0.0,18.25,0.274
2023-05-13 11:00:00+00:00,18.9,46.07652,0.0,19.35,0.272
2023-05-13 12:00:00+00:00,19.2,40.080772,0.0,20.05,0.269
2023-05-13 13:00:00+00:00,19.7,38.317593,0.0,20.55,0.268
2023-05-13 14:00:00+00:00,19.85,37.568462,0.0,20.55,0.267
2023-05-13 15:00:00+00:00,19.8,40.25292,0.0,20.1,0.266
2023-05-13 16:00:00+00:00,18.85,53.84714,0.0,19.2,0.265
2023-05-13 17:00:00+00:00,16.05,64.69207,0.0,17.9,0.265
2023-05-13 18:00:00+00:00,13.55,68.90259,0.0,16.4,0.266
2023-05-13 19:00:00+00:00,13.25,70.023766,0.0,15.35,0.266
2023-05-13 20:00:00+00:00,12.0,76.51999,0.0,14.55,0.266
2023-05-13 21:00:00+00:00,10.6,83.953094,0.0,13.75,0.266
2023-05-13 22:00:00+00:00,10.0,87.97897,0.0,13.15,0.266
2023-05-13 23:00:00+00:00,9.6,89.148735,0.0,12.55,0.267
2023-05-14 00:00:00+00:00,11.55,82.93568,0.0,12.5,0.264
2023-05-14 01:00:00+00:00,9.9,92.24455,0.0,12.3,0.264
2023-05-14 02:00:00+00:00,9.8,88.561226,0.0,12.0,0.265
2023-05-14 03:00:00+00:00,9.4,85.55381,0.0,11.8,0.265
2023-05-14 04:00:00+00:00,10.8,79.797,0.0,11.95,0.265
2023-05-14 05:00:00+00:00,12.9,75.636406,0.0,12.6,0.265
2023-05-14 06:00:00+00:00,15.25,61.52329,0.0,13.85,0.265
2023-05-14 07:00:00+00:00,16.25,55.02042,0.0,14.9,0.264
2023-05-14 08:00:00+00:00,17.95,49.40719,0.0,16.45,0.263
2023-05-14 09:00:00+00:00,18.95,46.725365,0.0,17.75,0.262
2023-05-14 10:00:00+00:00,19.0,48.195946,0.0,18.1,0.261
2023-05-14 11:00:00+00:00,19.15,50.75321,0.0,18.4,0.261
2023-05-14 12:00:00+00:00,19.4,48.79955,0.2,19.4,0.258
2023-05-14 13:00:00+00:00,19.95,49.28059,0.3,20.0,0.26
2023-05-14 14:00:00+00:00,19.1,52.658123,0.0,19.6,0.26
2023-05-14 15:00:00+00:00,18.85,55.31342,0.0,19.15,0.259
2023-05-14 16:00:00+00:00,18.1,64.2833,0.0,18.45,0.259
2023-05-14 17:00:00+00:00,16.35,71.805916,0.0,17.55,0.259
2023-05-14 18:00:00+00:00,15.85,67.75875,0.3,16.8,0.262
2023-05-14 19:00:00+00:00,15.5,62.423107,0.0,16.05,0.262
2023-05-14 20:00:00+00:00,14.3,65.853905,0.1,15.35,0.263
2023-05-14 21:00:00+00:00,14.15,68.09498,0.0,14.9,0.263
2023-05-14 22:00:00+00:00,14.05,72.58817,0.0,14.65,0.263
2023-05-14 23:00:00+00:00,13.2,78.27639,0.0,14.25,0.263
2023-05-15 00:00:00+00:00,13.7,83.473045,0.0,15.2,0.25
2023-05-15 01:00:00+00:00,13.3,80.41824,0.0,14.7,0.25
2023-05-15 02:00:00+00:00,12.95,81.45473,0.0,14.35,0.251
2023-05-15 03:00:00+00:00,11.25,86.3286,0.0,13.65,0.251
2023-05-15 04:00:00+00:00,13.0,79.839485,0.0,13.55,0.251
2023-05-15 05:00:00+00:00,14.65,75.672516,0.0,14.25,0.251
2023-05-15 06:00:00+00:00,16.55,72.08086,0.0,15.45,0.251
2023-05-15 07:00:00+00:00,18.5,67.18721,0.0,16.95,0.25
2023-05-15 08:00:00+00:00,20.35,62.084885,0.0,18.55,0.25
2023-05-15 09:00:00+00:00,21.3,59.13731,0.0,19.6,0.249
2023-05-15 10:00:00+00:00,23.0,55.266872,0.0,21.2,0.247
2023-05-15 11:00:00+00:00,24.05,53.070244,0.0,22.45,0.246
2023-05-15 12:00:00+00:00,25.1,47.620823,0.0,23.25,0.242
2023-05-15 13:00:00+00:00,25.75,47.48641,0.0,23.9,0.24
2023-05-15 14:00:00+00:00,25.75,48.263126,0.0,23.95,0.239
2023-05-15 15:00:00+00:00,25.3,50.542812,0.0,23.6,0.238
2023-05-15 16:00:00+00:00,23.8,57.285984,0.0,22.8,0.238
2023-05-15 17:00:00+00:00,21.0,64.91512,0.0,21.55,0.238
2023-05-15 18:00:00+00:00,19.65,66.76819,0.0,20.25,0.238
2023-05-15 19:00:00+00:00,18.9,65.312706,0.0,19.4,0.238
2023-05-15 20:00:00+00:00,18.0,65.55058,0.0,18.7,0.238
2023-05-15 21:00:00+00:00,16.85,69.56042,0.0,18.05,0.238
2023-05-15 22:00:00+00:00,15.9,67.76907,0.0,17.4,0.238
2023-05-15 23:00:00+00:00,15.05,65.12896,0.0,16.8,0.239
2023-05-16 00:00:00+00:00,14.4,69.07389,0.0,16.85,0.236
2023-05-16 01:00:00+00:00,13.95,70.16109,0.0,16.3,0.236
2023-05-16 02:00:00+00:00,13.65,71.05876,0.0,15.85,0.237
2023-05-16 03:00:00+00:00,13.3,72.942856,0.0,15.45,0.237
2023-05-16 04:00:00+00:00,14.05,72.832886,0.0,15.35,0.237
2023-05-16 05:00:00+00:00,15.85,69.82758,0.0,15.85,0.237
2023-05-16 06:00:00+00:00,17.5,67.64773,0.0,16.65,0.237
2023-05-16 07:00:00+00:00,19.85,62.99552,0.0,17.85,0.236
2023-05-16 08:00:00+00:00,22.2,58.585716,0.0,19.1,0.235
2023-05-16 09:00:00+00:00,25.05,52.136337,0.0,20.85,0.234
2023-05-16 10:00:00+00:00,26.65,49.76668,0.0,22.35,0.233
2023-05-16 11:00:00+00:00,27.3,49.937424,0.0,23.45,0.231
2023-05-16 12:00:00+00:00,27.5,48.109158,0.0,23.15,0.232
2023-05-16 13:00:00+00:00,28.15,46.61516,0.0,23.8,0.231
2023-05-16 14:00:00+00:00,27.6,46.16927,0.0,23.95,0.23
2023-05-16 15:00:00+00:00,26.35,50.330574,0.0,23.65,0.229
2023-05-16 16:00:00+00:00,24.7,54.102097,0.0,23.05,0.229
2023-05-16 17:00:00+00:00,22.35,58.24229,0.0,22.05,0.229
2023-05-16 18:00:00+00:00,21.15,62.06462,0.0,21.1,0.229
2023-05-16 19:00:00+00:00,18.7,75.10425,0.0,20.2,0.23
2023-05-16 20:00:00+00:00,18.35,70.311775,0.0,19.45,0.23
2023-05-16 21:00:00+00:00,17.25,79.13182,0.3,18.7,0.232
2023-05-16 22:00:00+00:00,17.1,83.326904,0.0,18.15,0.232
2023-05-16 23:00:00+00:00,16.9,88.288864,2.3,17.65,0.26
2023-05-17 00:00:00+00:00,17.05,86.61308,1.9,17.7,0.256
2023-05-17 01:00:00+00:00,16.25,89.96032,0.0,17.2,0.257
2023-05-17 02:00:00+00:00,15.4,89.605865,0.0,16.7,0.257
2023-05-17 03:00:00+00:00,15.5,88.16906,0.1,16.35,0.257
2023-05-17 04:00:00+00:00,16.7,86.02157,0.2,16.25,0.258
2023-05-17 05:00:00+00:00,16.75,90.286705,0.5,16.35,0.265
2023-05-17 06:00:00+00:00,18.2,85.621506,0.2,17.15,0.266
2023-05-17 07:00:00+00:00,18.8,84.32844,0.0,18.1,0.266
2023-05-17 08:00:00+00:00,19.5,80.47205,0.0,19.15,0.266
2023-05-17 09:00:00+00:00,20.95,71.03134,0.0,20.35,0.265
2023-05-17 10:00:00+00:00,22.6,66.732666,0.0,21.85,0.264
2023-05-17 11:00:00+00:00,22.95,64.502785,0.1,22.75,0.263
2023-05-17 12:00:00+00:00,20.25,75.35928,0.2,21.5,0.259
2023-05-17 13:00:00+00:00,20.85,74.264404,0.4,21.2,0.262
2023-05-17 14:00:00+00:00,20.8,71.460266,0.1,20.8,0.262
2023-05-17 15:00:00+00:00,20.15,73.20001,0.2,20.75,0.263
2023-05-17 16:00:00+00:00,18.4,84.01492,0.0,20.15,0.263
2023-05-17 17:00:00+00:00,17.8,82.8736,0.0,19.4,0.263
2023-05-17 18:00:00+00:00,16.35,85.430534,0.0,18.45,0.263
2023-05-17 19:00:00+00:00,15.05,88.70725,0.0,17.6,0.263
2023-05-17 20:00:00+00:00,14.15,92.489525,0.0,16.9,0.263
2023-05-17 21:00:00+00:00,13.6,93.98693,0.0,16.35,0.263
2023-05-17 22:00:00+00:00,13.45,92.75423,0.0,16.0,0.263
2023-05-17 23:00:00+00:00,12.75,94.25837,0.0,15.55,0.263
2023-05-18 00:00:00+00:00,13.9,91.570854,0.0,16.4,0.357
2023-05-18 01:00:00+00:00,13.55,92.455635,0.0,16.0,0.354
2023-05-18 02:00:00+00:00,12.9,95.51369,0.0,15.5,0.352
2023-05-18 03:00:00+00:00,12.9,95.828156,0.0,15.15,0.35
2023-05-18 04:00:00+00:00,13.75,91.56139,0.0,15.2,0.348
2023-05-18 05:00:00+00:00,14.5,86.3646,0.0,15.55,0.346
2023-05-18 06:00:00+00:00,15.25,81.2171,0.1,16.0,0.344
2023-05-18 07:00:00+00:00,15.3,80.16091,0.2,16.1,0.344
2023-05-18 08:00:00+00:00,16.15,75.41948,1.1,16.5,0.351
2023-05-18 09:00:00+00:00,17.1,73.13745,0.7,17.25,0.356
2023-05-18 10:00:00+00:00,18.25,66.69478,0.1,18.05,0.353
2023-05-18 11:00:00+00:00,17.95,67.96352,0.1,18.25,0.351
2023-05-18 12:00:00+00:00,17.7,73.48363,0.3,18.05,0.337
2023-05-18 13:00:00+00:00,17.5,71.781746,0.1,18.0,0.337
2023-05-18 14:00:00+00:00,17.25,65.60679,0.1,17.6,0.336
2023-05-18 15:00:00+00:00,17.75,60.26517,0.0,17.7,0.334
2023-05-18 16:00:00+00:00,17.25,62.196976,0.0,17.6,0.332
2023-05-18 17:00:00+00:00,15.85,71.00083,0.0,17.1,0.331
2023-05-18 18:00:00+00:00,14.95,78.537926,0.0,16.5,0.33
2023-05-18 19:00:00+00:00,14.8,78.515686,0.1,16.05,0.33
2023-05-18 20:00:00+00:00,14.3,79.75667,0.1,15.65,0.33
2023-05-18 21:00:00+00:00,13.9,81.308136,0.0,15.3,0.329
2023-05-18 22:00:00+00:00,14.0,80.51423,0.0,15.1,0.328
2023-05-18 23:00:00+00:00,14.2,78.68808,0.0,14.95,0.327
2023-05-19 00:00:00+00:00,14.35,78.188065,0.0,15.0,0.33
2023-05-19 01:00:00+00:00,14.0,78.39651,0.0,14.65,0.33
2023-05-19 02:00:00+00:00,13.85,75.539925,0.0,14.35,0.329
2023-05-19 03:00:00+00:00,13.5,77.019196,0.0,14.1,0.328
2023-05-19 04:00:00+00:00,13.85,78.636284,0.0,14.1,0.327
2023-05-19 05:00:00+00:00,15.55,74.574394,0.0,14.65,0.326
2023-05-19 06:00:00+00:00,17.15,72.4286,0.0,15.65,0.324
2023-05-19 07:00:00+00:00,18.65,66.55942,0.0,16.85,0.323
2023-05-19 08:00:00+00:00,19.45,64.57929,0.0,18.0,0.321
2023-05-19 09:00:00+00:00,20.4,62.096302,0.1,18.85,0.319
2023-05-19 10:00:00+00:00,18.45,72.89984,3.4,18.75,0.358
2023-05-19 11:00:00+00:00,20.55,65.66537,0.3,19.3,0.357
2023-05-19 12:00:00+00:00,21.2,68.17622,0.2,19.6,0.325
2023-05-19 13:00:00+00:00,22.45,58.266407,0.1,20.55,0.323
2023-05-19 14:00:00+00:00,22.75,44.394157,0.0,20.65,0.321
2023-05-19 15:00:00+00:00,22.1,49.85931,0.0,20.5,0.319
2023-05-19 16:00:00+00:00,21.2,54.631817,0.0,20.05,0.317
2023-05-19 17:00:00+00:00,19.2,65.59183,0.0,19.25,0.316
2023-05-19 18:00:00+00:00,17.45,70.834854,0.0,18.25,0.316
2023-05-19 19:00:00+00:00,16.8,70.47783,0.0,17.45,0.315
2023-05-19 20:00:00+00:00,15.95,71.25642,0.0,16.85,0.315
2023-05-19 21:00:00+00:00,14.75,75.94156,0.0,16.2,0.314
2023-05-19 22:00:00+00:00,14.0,78.92129,0.0,15.65,0.314
2023-05-19 23:00:00+00:00,13.2,82.30823,0.0,15.2,0.313
2023-05-20 00:00:00+00:00,13.85,73.783806,0.0,15.65,0.31
2023-05-20 01:00:00+00:00,13.75,74.514755,0.0,15.2,0.309
2023-05-20 02:00:00+00:00,13.7,76.27945,0.0,14.8,0.309
2023-05-20 03:00:00+00:00,13.9,77.59969,0.0,14.6,0.309
2023-05-20 04:00:00+00:00,14.8,77.99647,0.0,14.75,0.308
2023-05-20 05:00:00+00:00,17.05,72.41046,0.0,15.45,0.307
2023-05-20 06:00:00+00:00,18.6,68.767845,0.0,16.6,0.306
2023-05-20 07:00:00+00:00,19.9,63.837196,0.0,17.95,0.305
2023-05-20 08:00:00+00:00,20.45,55.90334,0.1,18.95,0.304
2023-05-20 09:00:00+00:00,19.65,62.538506,0.5,19.3,0.306
2023-05-20 10:00:00+00:00,21.1,56.62248,0.1,20.15,0.305
2023-05-20 11:00:00+00:00,21.75,56.044426,0.0,20.75,0.303
2023-05-20 12:00:00+00:00,21.55,62.762497,0.0,21.15,0.302
2023-05-20 13:00:00+00:00,20.45,66.50154,1.2,21.45,0.313
2023-05-20 14:00:00+00:00,21.25,62.491978,0.1,20.95,0.313
2023-05-20 15:00:00+00:00,21.4,57.069992,0.0,20.75,0.311
2023-05-20 16:00:00+00:00,20.55,63.358463,0.0,20.25,0.31
2023-05-20 17:00:00+00:00,19.25,68.00445,0.0,19.55,0.309
2023-05-20 18:00:00+00:00,18.1,73.55361,0.0,18.85,0.309
2023-05-20 19:00:00+00:00,17.2,76.33745,0.1,18.2,0.309
2023-05-20 20:00:00+00:00,16.1,78.96607,0.1,17.55,0.309
2023-05-20 21:00:00+00:00,15.2,81.478325,0.0,16.85,0.309
2023-05-20 22:00:00+00:00,14.55,81.3935,0.0,16.3,0.309
2023-05-20 23:00:00+00:00,14.2,82.16075,0.0,15.8,0.308
2023-05-21 00:00:00+00:00,14.85,84.99348,0.0,17.2,0.295
2023-05-21 01:00:00+00:00,14.6,86.37447,0.0,16.5,0.295
2023-05-21 02:00:00+00:00,14.35,87.492805,0.0,16.0,0.295
2023-05-21 03:00:00+00:00,14.95,84.725746,0.0,15.9,0.294
2023-05-21 04:00:00+00:00,15.35,84.21625,0.0,15.9,0.294
2023-05-21 05:00:00+00:00,16.75,78.03352,0.0,16.4,0.294
2023-05-21 06:00:00+00:00,17.75,73.49239,0.0,17.05,0.293
2023-05-21 07:00:00+00:00,18.7,71.76809,0.0,17.65,0.293
2023-05-21 08:00:00+00:00,19.9,67.037796,0.1,18.5,0.292
2023-05-21 09:00:00+00:00,21.5,60.945198,0.1,19.7,0.291
2023-05-21 10:00:00+00:00,22.6,60.219727,0.1,20.95,0.29
2023-05-21 11:00:00+00:00,23.2,56.221825,0.1,21.75,0.289
2023-05-21 12:00:00+00:00,23.3,52.19095,0.8,21.95,0.286
2023-05-21 13:00:00+00:00,23.25,51.163113,0.0,22.05,0.285
2023-05-21 14:00:00+00:00,22.9,51.576706,0.1,22.05,0.284
2023-05-21 15:00:00+00:00,21.85,54.081364,0.1,21.65,0.284
2023-05-21 16:00:00+00:00,20.4,64.36535,0.0,20.9,0.283
2023-05-21 17:00:00+00:00,19.7,67.653885,0.0,20.15,0.283
2023-05-21 18:00:00+00:00,18.3,71.694466,0.0,19.25,0.283
2023-05-21 19:00:00+00:00,16.8,78.55265,0.0,18.45,0.282
2023-05-21 20:00:00+00:00,16.25,79.50703,0.0,17.8,0.282
2023-05-21 21:00:00+00:00,15.75,78.39746,0.0,17.3,0.282
2023-05-21 22:00:00+00:00,15.2,80.14709,0.1,16.85,0.283
2023-05-21 23:00:00+00:00,14.7,82.223724,0.0,16.45,0.283
2023-05-22 00:00:00+00:00,14.8,90.146324,0.0,17.2,0.388
2023-05-22 01:00:00+00:00,15.0,87.55189,0.0,16.4,0.382
2023-05-22 02:00:00+00:00,15.0,86.41384,0.0,15.95,0.377
2023-05-22 03:00:00+00:00,14.55,88.95657,0.0,15.6,0.372
2023-05-22 04:00:00+00:00,15.2,88.43099,0.0,15.65,0.369
2023-05-22 05:00:00+00:00,15.8,86.4921,0.1,15.8,0.366
2023-05-22 06:00:00+00:00,16.8,80.89159,0.1,16.3,0.364
2023-05-22 07:00:00+00:00,17.55,75.403336,0.1,16.7,0.362
2023-05-22 08:00:00+00:00,18.2,71.20899,0.1,17.2,0.359
2023-05-22 09:00:00+00:00,18.75,69.02296,0.0,17.8,0.356
2023-05-22 10:00:00+00:00,19.75,65.06857,0.0,18.65,0.353
2023-05-22 11:00:00+00:00,20.35,61.882103,0.0,19.4,0.349
2023-05-22 12:00:00+00:00,23.45,44.292683,0.0,20.5,0.345
2023-05-22 13:00:00+00:00,23.4,43.692383,0.0,21.2,0.341
2023-05-22 14:00:00+00:00,22.85,45.62386,0.0,21.3,0.338
2023-05-22 15:00:00+00:00,22.3,47.48842,0.0,21.1,0.336
2023-05-22 16:00:00+00:00,21.2,52.331573,0.0,20.6,0.334
2023-05-22 17:00:00+00:00,19.35,57.70207,0.0,19.75,0.332
2023-05-22 18:00:00+00:00,17.45,63.29047,0.0,18.75,0.331
2023-05-22 19:00:00+00:00,16.9,65.53137,0.0,18.0,0.33
2023-05-22 20:00:00+00:00,16.1,72.71775,0.0,17.4,0.329
2023-05-22 21:00:00+00:00,14.95,79.32175,0.0,16.8,0.329
2023-05-22 22:00:00+00:00,14.2,81.88891,0.0,16.25,0.328
2023-05-22 23:00:00+00:00,13.85,83.49074,0.0,15.8,0.327
2023-05-23 00:00:00+00:00,14.3,76.37649,0.0,16.75,0.322
2023-05-23 01:00:00+00:00,14.15,81.341034,0.2,16.35,0.323
2023-05-23 02:00:00+00:00,14.45,86.076164,1.4,15.9,0.337
2023-05-23 03:00:00+00:00,14.75,90.7327,0.3,15.5,0.339
2023-05-23 04:00:00+00:00,15.05,91.345406,0.3,15.45,0.341
2023-05-23 05:00:00+00:00,16.1,86.521286,0.2,15.7,0.341
2023-05-23 06:00:00+00:00,16.95,82.771095,0.2,16.15,0.342
2023-05-23 07:00:00+00:00,17.65,81.2663,0.2,16.6,0.342
2023-05-23 08:00:00+00:00,20.05,67.50568,0.1,17.85,0.341
2023-05-23 09:00:00+00:00,17.9,78.71351,0.9,18.15,0.347
2023-05-23 10:00:00+00:00,20.3,68.880875,0.2,18.75,0.346
2023-05-23 11:00:00+00:00,19.45,74.986374,1.2,19.4,0.356
2023-05-23 12:00:00+00:00,20.75,64.65114,0.1,19.9,0.332
2023-05-23 13:00:00+00:00,22.15,58.19401,0.0,20.7,0.329
2023-05-23 14:00:00+00:00,19.9,66.386604,0.1,20.3,0.329
2023-05-23 15:00:00+00:00,20.35,65.197624,0.0,20.35,0.327
2023-05-23 16:00:00+00:00,20.05,65.987274,0.0,20.05,0.326
2023-05-23 17:00:00+00:00,18.5,80.85542,0.0,19.4,0.325
2023-05-23 18:00:00+00:00,18.9,71.57183,0.0,18.45,0.324
2023-05-23 19:00:00+00:00,17.85,76.440926,0.0,17.5,0.324
2023-05-23 20:00:00+00:00,15.4,88.160446,0.0,16.85,0.323
2023-05-23 21:00:00+00:00,14.6,92.21391,0.0,16.35,0.323
2023-05-23 22:00:00+00:00,13.85,93.69138,0.0,15.9,0.322
2023-05-23 23:00:00+00:00,13.35,93.97554,0.0,15.5,0.322
2023-05-24 00:00:00+00:00,12.7,92.10222,0.0,15.7,0.325
2023-05-24 01:00:00+00:00,12.45,93.00677,0.0,15.25,0.325
2023-05-24 02:00:00+00:00,12.0,94.22548,0.0,14.85,0.324
2023-05-24 03:00:00+00:00,11.9,93.5975,0.0,14.45,0.324
2023-05-24 04:00:00+00:00,13.85,86.58566,0.0,14.65,0.323
2023-05-24 05:00:00+00:00,15.4,84.49798,0.1,15.35,0.324
2023-05-24 06:00:00+00:00,16.7,79.311325,0.0,16.35,0.323
2023-05-24 07:00:00+00:00,18.45,74.0946,0.0,17.9,0.321
2023-05-24 08:00:00+00:00,19.8,69.90576,0.0,19.4,0.319
2023-05-24 09:00:00+00:00,20.75,66.564,0.0,20.55,0.317
2023-05-24 10:00:00+00:00,20.95,64.90436,0.0,20.85,0.316
2023-05-24 11:00:00+00:00,20.2,70.89137,0.2,21.3,0.315
2023-05-24 12:00:00+00:00,21.85,61.6222,0.0,21.7,0.31
2023-05-24 13:00:00+00:00,22.55,56.426914,0.1,22.15,0.309
2023-05-24 14:00:00+00:00,22.8,55.758713,0.0,22.35,0.307
2023-05-24 15:00:00+00:00,21.9,58.13356,0.0,22.0,0.306
2023-05-24 16:00:00+00:00,21.55,60.56179,0.0,21.35,0.305
2023-05-24 17:00:00+00:00,21.25,58.356815,0.0,20.55,0.305
2023-05-24 18:00:00+00:00,17.8,78.69895,0.0,19.5,0.304
2023-05-24 19:00:00+00:00,17.4,76.36936,0.0,18.65,0.304
2023-05-24 20:00:00+00:00,16.25,81.61414,0.0,18.0,0.304
2023-05-24 21:00:00+00:00,15.05,88.13019,0.0,17.3,0.304
2023-05-24 22:00:00+00:00,14.4,89.82271,0.0,16.7,0.304
2023-05-24 23:00:00+00:00,13.4,92.7515,0.0,16.15,0.303
2023-05-25 00:00:00+00:00,12.75,94.56955,0.0,15.75,0.294
2023-05-25 01:00:00+00:00,12.15,94.85814,0.0,15.25,0.293
2023-05-25 02:00:00+00:00,12.25,93.92503,0.0,14.75,0.293
2023-05-25 03:00:00+00:00,11.9,95.16327,0.0,14.35,0.293
2023-05-25 04:00:00+00:00,13.45,93.05937,0.0,14.6,0.293
2023-05-25 05:00:00+00:00,15.65,87.32609,0.0,15.6,0.293
2023-05-25 06:00:00+00:00,17.75,81.01722,0.0,17.05,0.292
2023-05-25 07:00:00+00:00,19.7,73.357,0.0,18.7,0.291
2023-05-25 08:00:00+00:00,21.2,65.37935,0.0,20.3,0.289
2023-05-25 09:00:00+00:00,22.35,58.81224,0.0,21.7,0.287
2023-05-25 10:00:00+00:00,22.9,56.88143,0.1,22.5,0.286
2023-05-25 11:00:00+00:00,23.5,57.39782,0.1,23.25,0.285
2023-05-25 12:00:00+00:00,20.9,73.33097,0.0,23.45,0.28
2023-05-25 13:00:00+00:00,21.55,69.347664,0.0,22.8,0.279
2023-05-25 14:00:00+00:00,22.15,60.30953,0.0,22.95,0.278
2023-05-25 15:00:00+00:00,20.7,67.41984,1.0,22.45,0.288
2023-05-25 16:00:00+00:00,19.55,75.48686,0.0,21.25,0.287
2023-05-25 17:00:00+00:00,18.6,85.935814,0.0,20.35,0.287
2023-05-25 18:00:00+00:00,17.25,86.07651,0.0,19.1,0.287
2023-05-25 19:00:00+00:00,16.4,90.26174,0.0,18.15,0.287
2023-05-25 20:00:00+00:00,15.35,93.157715,0.0,17.4,0.287
2023-05-25 21:00:00+00:00,14.85,93.73876,0.0,16.8,0.287
2023-05-25 22:00:00+00:00,14.9,93.437454,0.0,16.25,0.287
2023-05-25 23:00:00+00:00,15.4,92.85942,0.0,15.8,0.287
2023-05-26 00:00:00+00:00,14.95,96.514915,0.0,16.7,0.286
2023-05-26 01:00:00+00:00,14.85,97.1383,0.0,16.4,0.286
2023-05-26 02:00:00+00:00,14.3,95.56135,0.0,15.95,0.286
2023-05-26 03:00:00+00:00,14.15,94.935875,0.0,15.6,0.286
2023-05-26 04:00:00+00:00,15.0,91.63964,0.0,15.65,0.286
2023-05-26 05:00:00+00:00,16.35,88.24198,0.0,16.3,0.286
2023-05-26 06:00:00+00:00,18.2,81.86263,0.0,17.45,0.285
2023-05-26 07:00:00+00:00,20.3,72.7578,0.0,18.9,0.284
2023-05-26 08:00:00+00:00,22.0,65.9713,0.1,20.45,0.284
2023-05-26 09:00:00+00:00,22.95,64.502785,0.1,21.75,0.283
2023-05-26 10:00:00+00:00,20.7,72.828636,2.9,22.55,0.317
2023-05-26 11:00:00+00:00,21.85,69.18458,0.0,22.7,0.316
2023-05-26 12:00:00+00:00,21.4,63.752888,0.6,22.3,0.358
2023-05-26 13:00:00+00:00,21.4,66.91377,0.0,22.2,0.354
2023-05-26 14:00:00+00:00,22.15,62.090435,0.0,22.35,0.351
2023-05-26 15:00:00+00:00,22.1,60.886528,0.1,22.1,0.348
2023-05-26 16:00:00+00:00,20.8,68.315956,0.3,21.45,0.348
2023-05-26 17:00:00+00:00,19.55,81.25207,0.0,20.65,0.346
2023-05-26 18:00:00+00:00,17.85,85.3116,0.0,19.6,0.345
2023-05-26 19:00:00+00:00,16.6,91.444145,0.0,18.7,0.343
2023-05-26 20:00:00+00:00,16.15,92.60086,0.0,18.05,0.342
2023-05-26 21:00:00+00:00,15.85,91.69225,0.0,17.5,0.34
2023-05-26 22:00:00+00:00,15.15,93.14747,0.0,17.05,0.339
2023-05-26 23:00:00+00:00,14.5,95.25825,0.0,16.6,0.338
2023-05-27 00:00:00+00:00,14.95,95.58321,0.0,17.4,0.329
2023-05-27 01:00:00+00:00,15.0,94.96836,0.1,16.95,0.329
2023-05-27 02:00:00+00:00,14.9,94.351105,0.0,16.6,0.328
2023-05-27 03:00:00+00:00,14.65,94.64728,0.0,16.3,0.327
2023-05-27 04:00:00+00:00,15.55,91.67375,0.1,16.35,0.327
2023-05-27 05:00:00+00:00,16.85,87.435616,0.1,16.85,0.327
2023-05-27 06:00:00+00:00,18.1,84.25088,0.1,17.7,0.327
2023-05-27 07:00:00+00:00,19.5,79.45079,0.1,18.7,0.326
2023-05-27 08:00:00+00:00,21.0,70.13558,0.2,19.85,0.326
2023-05-27 09:00:00+00:00,21.8,65.506874,0.1,20.55,0.324
2023-05-27 10:00:00+00:00,22.55,61.583145,0.1,21.2,0.323
2023-05-27 11:00:00+00:00,21.0,71.955956,0.7,21.05,0.327
2023-05-27 12:00:00+00:00,21.65,64.84542,0.2,21.05,0.35
2023-05-27 13:00:00+00:00,21.4,67.779594,0.0,21.3,0.347
2023-05-27 14:00:00+00:00,22.05,63.895557,0.0,21.65,0.344
2023-05-27 15:00:00+00:00,22.45,58.455772,0.1,21.65,0.342
2023-05-27 16:00:00+00:00,20.55,65.24051,0.0,21.1,0.34
2023-05-27 17:00:00+00:00,19.5,74.753685,0.0,20.4,0.339
2023-05-27 18:00:00+00:00,18.65,77.56245,0.0,19.6,0.338
2023-05-27 19:00:00+00:00,17.95,81.305275,0.0,19.0,0.336
2023-05-27 20:00:00+00:00,16.95,86.324615,0.0,18.4,0.335
2023-05-27 21:00:00+00:00,16.35,89.101166,0.0,17.9,0.334
2023-05-27 22:00:00+00:00,15.6,93.170494,0.0,17.45,0.333
2023-05-27 23:00:00+00:00,14.95,94.65941,0.0,17.0,0.332
2023-05-28 00:00:00+00:00,14.9,96.826065,0.0,18.3,0.329
2023-05-28 01:00:00+00:00,15.1,95.897575,0.0,17.5,0.328
2023-05-28 02:00:00+00:00,14.8,96.510956,0.0,16.9,0.328
2023-05-28 03:00:00+00:00,15.05,96.5176,0.1,16.55,0.327
2023-05-28 04:00:00+00:00,16.0,93.79257,0.0,16.55,0.327
2023-05-28 05:00:00+00:00,17.45,82.298035,0.0,17.1,0.326
2023-05-28 06:00:00+00:00,18.7,73.897415,0.0,17.85,0.324
2023-05-28 07:00:00+00:00,19.7,68.316986,0.1,18.75,0.324
2023-05-28 08:00:00+00:00,20.45,65.4313,0.1,19.6,0.323
2023-05-28 09:00:00+00:00,21.05,63.058666,0.2,20.35,0.322
2023-05-28 10:00:00+00:00,21.9,63.452213,0.2,21.05,0.322
2023-05-28 11:00:00+00:00,20.05,78.27122,3.3,20.8,0.358
2023-05-28 12:00:00+00:00,20.85,70.55858,0.3,20.35,0.36
2023-05-28 13:00:00+00:00,20.75,66.134674,0.1,20.55,0.357
2023-05-28 14:00:00+00:00,21.5,61.342556,0.0,20.9,0.354
2023-05-28 15:00:00+00:00,21.1,61.650654,0.0,20.85,0.351
2023-05-28 16:00:00+00:00,20.05,65.987274,0.0,20.45,0.348
2023-05-28 17:00:00+00:00,19.25,69.57295,0.0,19.9,0.346
2023-05-28 18:00:00+00:00,17.75,76.17679,0.0,19.1,0.345
2023-05-28 19:00:00+00:00,18.2,74.777756,0.0,18.8,0.343
2023-05-28 20:00:00+00:00,17.9,75.46093,0.0,18.5,0.342
2023-05-28 21:00:00+00:00,17.5,78.1457,0.0,18.25,0.341
2023-05-28 22:00:00+00:00,17.2,81.73582,0.0,18.05,0.34
2023-05-28 23:00:00+00:00,16.95,86.04659,0.1,17.85,0.339
2023-05-29 00:00:00+00:00,16.75,87.42653,0.1,18.6,0.349
2023-05-29 01:00:00+00:00,16.5,92.62008,2.2,17.95,0.373
2023-05-29 02:00:00+00:00,16.8,92.93353,0.1,17.55,0.371
2023-05-29 03:00:00+00:00,16.3,90.838234,0.2,17.1,0.371
2023-05-29 04:00:00+00:00,16.75,92.93091,0.0,17.05,0.368
2023-05-29 05:00:00+00:00,17.7,88.63948,0.1,17.45,0.366
2023-05-29 06:00:00+00:00,18.8,81.93813,0.2,18.15,0.365
2023-05-29 07:00:00+00:00,19.65,79.218506,0.1,18.75,0.363
2023-05-29 08:00:00+00:00,21.25,71.08708,0.1,19.85,0.361
2023-05-29 09:00:00+00:00,22.0,65.33908,0.2,20.55,0.359
2023-05-29 10:00:00+00:00,19.35,82.00693,2.1,19.85,0.38
2023-05-29 11:00:00+00:00,21.7,73.93728,0.4,20.95,0.379
2023-05-29 12:00:00+00:00,21.4,72.25828,0.1,20.7,0.402
2023-05-29 13:00:00+00:00,22.55,62.783707,0.1,21.35,0.393
2023-05-29 14:00:00+00:00,21.3,65.82407,0.6,21.45,0.39
2023-05-29 15:00:00+00:00,19.05,78.123634,0.5,20.75,0.388
2023-05-29 16:00:00+00:00,19.4,80.973915,0.2,20.1,0.385
2023-05-29 17:00:00+00:00,18.45,86.470604,0.6,19.45,0.386
2023-05-29 18:00:00+00:00,17.9,90.94532,0.1,18.75,0.383
2023-05-29 19:00:00+00:00,17.1,93.843414,0.2,18.05,0.381
2023-05-29 20:00:00+00:00,16.9,94.73721,1.7,17.75,0.4
2023-05-29 21:00:00+00:00,16.55,95.331184,0.5,17.45,0.399
2023-05-29 22:00:00+00:00,16.1,94.70549,0.0,17.05,0.393
2023-05-29 23:00:00+00:00,16.2,94.40608,0.0,16.85,0.388
2023-05-30 00:00:00+00:00,16.5,95.02496,0.0,18.0,0.388
2023-05-30 01:00:00+00:00,16.3,95.32238,0.0,17.45,0.384
2023-05-30 02:00:00+00:00,16.15,94.70749,0.1,17.05,0.382
2023-05-30 03:00:00+00:00,16.1,95.009964,0.4,16.8,0.383
2023-05-30 04:00:00+00:00,15.95,94.699524,0.4,16.75,0.384
2023-05-30 05:00:00+00:00,16.7,89.128944,0.6,16.95,0.388
2023-05-30 06:00:00+00:00,17.3,87.757706,0.3,17.2,0.387
2023-05-30 07:00:00+00:00,19.0,81.963196,0.0,18.25,0.384
2023-05-30 08:00:00+00:00,20.75,72.83747,0.3,19.4,0.382
2023-05-30 09:00:00+00:00,21.75,73.711716,0.4,20.4,0.381
2023-05-30 10:00:00+00:00,22.45,68.86176,0.5,21.15,0.381
2023-05-30 11:00:00+00:00,20.85,76.18066,2.0,21.25,0.4
2023-05-30 12:00:00+00:00,22.0,69.656494,0.1,21.45,0.395
2023-05-30 13:00:00+00:00,22.65,70.22487,0.2,22.1,0.392
2023-05-30 14:00:00+00:00,22.9,69.38802,0.2,22.45,0.389
2023-05-30 15:00:00+00:00,20.85,74.50159,4.6,22.15,0.43
2023-05-30 16:00:00+00:00,19.75,79.739655,0.1,20.9,0.411
2023-05-30 17:00:00+00:00,18.85,87.06059,0.1,20.1,0.405
2023-05-30 18:00:00+00:00,17.2,94.447845,0.0,19.2,0.401
2023-05-30 19:00:00+00:00,16.7,95.032425,0.1,18.45,0.399
2023-05-30 20:00:00+00:00,17.8,90.361115,0.0,17.85,0.396
2023-05-30 21:00:00+00:00,16.5,94.72138,0.0,17.3,0.394
2023-05-30 22:00:00+00:00,15.65,97.15576,0.0,16.8,0.392
2023-05-30 23:00:00+00:00,14.35,99.355255,0.0,16.35,0.39
2023-05-31 00:00:00+00:00,15.95,98.4146,0.0,17.85,0.387
2023-05-31 01:00:00+00:00,16.8,96.871635,0.0,17.2,0.386
2023-05-31 02:00:00+00:00,15.9,99.68104,0.0,16.7,0.385
2023-05-31 03:00:00+00:00,14.25,100.0,0.0,16.25,0.384
2023-05-31 04:00:00+00:00,15.95,99.046104,0.0,16.5,0.383
2023-05-31 05:00:00+00:00,17.15,95.3522,0.0,17.3,0.382
2023-05-31 06:00:00+00:00,19.0,87.35108,0.0,18.5,0.381
2023-05-31 07:00:00+00:00,21.05,79.41528,0.0,19.85,0.38
2023-05-31 08:00:00+00:00,22.75,69.5793,0.0,21.25,0.378
2023-05-31 09:00:00+00:00,23.8,59.728878,0.0,22.35,0.375
2023-05-31 10:00:00+00:00,24.2,58.68555,0.0,23.2,0.372
2023-05-31 11:00:00+00:00,25.05,56.85821,0.0,23.9,0.369
2023-05-31 12:00:00+00:00,25.15,50.831406,0.0,23.75,0.367
2023-05-31 13:00:00+00:00,25.25,46.13045,0.0,23.9,0.364
2023-05-31 14:00:00+00:00,25.35,44.96462,0.0,23.75,0.362
2023-05-31 15:00:00+00:00,25.1,46.84968,0.0,23.5,0.36
2023-05-31 16:00:00+00:00,23.65,53.660873,0.0,22.85,0.359
2023-05-31 17:00:00+00:00,21.4,55.773373,0.0,21.9,0.358
2023-05-31 18:00:00+00:00,19.95,51.82923,0.0,20.85,0.358
2023-05-31 19:00:00+00:00,18.3,54.068172,0.0,19.85,0.358
2023-05-31 20:00:00+00:00,16.7,59.40979,0.0,18.85,0.358
2023-05-31 21:00:00+00:00,15.75,68.6513,0.0,18.1,0.358
2023-05-31 22:00:00+00:00,14.75,79.29302,0.0,17.45,0.357
2023-05-31 23:00:00+00:00,14.05,84.906975,0.0,16.9,0.357
2023-06-01 00:00:00+00:00,13.1,92.43008,0.0,16.95,0.349
2023-06-01 01:00:00+00:00,12.35,93.61936,0.0,16.3,0.349
2023-06-01 02:00:00+00:00,12.05,93.91579,0.0,15.8,0.349
2023-06-01 03:00:00+00:00,11.7,93.58775,0.0,15.35,0.349
2023-06-01 04:00:00+00:00,14.25,84.64888,0.0,15.55,0.349
2023-06-01 05:00:00+00:00,16.65,78.27418,0.0,16.55,0.349
2023-06-01 06:00:00+00:00,18.95,70.656,0.0,17.9,0.348
2023-06-01 07:00:00+00:00,21.1,64.726845,0.0,19.4,0.347
2023-06-01 08:00:00+00:00,23.15,56.758667,0.0,20.9,0.345
2023-06-01 09:00:00+00:00,24.6,45.651722,0.0,22.25,0.342
2023-06-01 10:00:00+00:00,25.45,38.90369,0.0,23.3,0.339
2023-06-01 11:00:00+00:00,25.75,36.715157,0.0,24.05,0.336
2023-06-01 12:00:00+00:00,26.4,34.977028,0.0,24.45,0.332
2023-06-01 13:00:00+00:00,26.4,34.16454,0.0,24.65,0.329
2023-06-01 14:00:00+00:00,24.85,39.9176,0.0,24.3,0.327
2023-06-01 15:00:00+00:00,24.0,41.58323,0.0,23.75,0.326
2023-06-01 16:00:00+00:00,22.9,46.71264,0.0,22.95,0.325
2023-06-01 17:00:00+00:00,21.15,51.456673,0.0,21.9,0.324
2023-06-01 18:00:00+00:00,19.5,54.560024,0.0,20.8,0.324
2023-06-01 19:00:00+00:00,18.35,57.263023,0.0,19.85,0.324
2023-06-01 20:00:00+00:00,17.45,60.193787,0.0,19.05,0.325
2023-06-01 21:00:00+00:00,16.4,64.76908,0.0,18.35,0.325
2023-06-01 22:00:00+00:00,15.2,70.168724,0.0,17.7,0.325
2023-06-01 23:00:00+00:00,14.05,76.081055,0.0,17.05,0.325
2023-06-02 00:00:00+00:00,13.85,79.693,0.0,16.8,0.321
2023-06-02 01:00:00+00:00,12.75,85.33246,0.0,16.25,0.321
2023-06-02 02:00:00+00:00,12.7,84.19484,0.0,15.8,0.321
2023-06-02 03:00:00+00:00,12.7,82.79811,0.0,15.45,0.321
2023-06-02 04:00:00+00:00,14.75,75.94156,0.0,15.65,0.322
2023-06-02 05:00:00+00:00,17.25,71.971924,0.0,16.65,0.321
2023-06-02 06:00:00+00:00,19.7,65.48429,0.0,18.0,0.321
2023-06-02 07:00:00+00:00,21.95,58.907803,0.0,19.5,0.32
2023-06-02 08:00:00+00:00,23.95,50.846786,0.0,21.05,0.318
2023-06-02 09:00:00+00:00,25.25,41.38143,0.0,22.35,0.315
2023-06-02 10:00:00+00:00,25.9,38.900894,0.0,23.35,0.313
2023-06-02 11:00:00+00:00,26.2,36.71933,0.0,24.15,0.31
2023-06-02 12:00:00+00:00,26.35,34.496597,0.0,24.6,0.305
2023-06-02 13:00:00+00:00,26.2,33.65147,0.0,24.8,0.303
2023-06-02 14:00:00+00:00,25.6,34.51749,0.0,24.65,0.301
2023-06-02 15:00:00+00:00,24.75,38.062344,0.0,24.15,0.299
2023-06-02 16:00:00+00:00,23.4,44.87218,0.0,23.35,0.298
2023-06-02 17:00:00+00:00,21.4,49.013367,0.0,22.25,0.298
2023-06-02 18:00:00+00:00,19.95,49.28059,0.0,21.2,0.298
2023-06-02 19:00:00+00:00,18.75,53.10078,0.0,20.3,0.298
2023-06-02 20:00:00+00:00,17.8,59.674847,0.0,19.55,0.298
2023-06-02 21:00:00+00:00,16.95,62.96637,0.0,18.9,0.299
2023-06-02 22:00:00+00:00,16.05,65.12821,0.0,18.3,0.299
2023-06-02 23:00:00+00:00,15.05,69.9046,0.0,17.75,0.299
2023-06-03 00:00:00+00:00,14.05,84.62681,0.0,17.65,0.297
2023-06-03 01:00:00+00:00,14.0,84.34185,0.0,17.2,0.298
2023-06-03 02:00:00+00:00,14.2,81.61787,0.0,16.85,0.298
2023-06-03 03:00:00+00:00,14.5,78.99429,0.0,16.7,0.298
2023-06-03 04:00:00+00:00,15.5,75.06223,0.0,16.75,0.298
2023-06-03 05:00:00+00:00,17.0,73.60204,0.0,17.25,0.298
2023-06-03 06:00:00+00:00,19.0,66.19736,0.0,18.25,0.298
2023-06-03 07:00:00+00:00,21.2,57.773994,0.0,19.55,0.297
2023-06-03 08:00:00+00:00,23.15,48.996937,0.0,21.1,0.296
2023-06-03 09:00:00+00:00,24.4,43.3915,0.0,22.45,0.294
2023-06-03 10:00:00+00:00,25.35,43.654934,0.0,23.55,0.291
2023-06-03 11:00:00+00:00,26.2,40.831844,0.0,24.35,0.289
2023-06-03 12:00:00+00:00,24.1,46.577667,0.0,24.2,0.292
2023-06-03 13:00:00+00:00,23.65,48.649044,0.0,24.15,0.291
2023-06-03 14:00:00+00:00,23.35,50.192253,0.0,23.8,0.289
2023-06-03 15:00:00+00:00,22.9,53.64388,0.0,23.3,0.289
2023-06-03 16:00:00+00:00,22.05,60.091003,0.0,22.6,0.288
2023-06-03 17:00:00+00:00,21.4,61.71934,0.0,21.85,0.289
2023-06-03 18:00:00+00:00,20.5,65.01823,0.0,20.65,0.289
2023-06-03 19:00:00+00:00,18.55,72.44478,0.0,19.5,0.289
2023-06-03 20:00:00+00:00,15.55,86.46773,0.0,18.6,0.289
2023-06-03 21:00:00+00:00,14.85,85.27298,0.0,17.8,0.29
2023-06-03 22:00:00+00:00,14.45,77.4261,0.0,17.2,0.29
2023-06-03 23:00:00+00:00,14.0,73.56252,0.0,16.65,0.29
2023-06-04 00:00:00+00:00,14.6,67.04462,0.0,17.8,0.282
2023-06-04 01:00:00+00:00,14.35,71.91426,0.0,17.2,0.282
2023-06-04 02:00:00+00:00,14.45,79.51345,0.0,16.75,0.283
2023-06-04 03:00:00+00:00,14.15,88.05184,0.0,16.4,0.283
2023-06-04 04:00:00+00:00,15.9,85.383545,0.0,16.6,0.283
2023-06-04 05:00:00+00:00,18.2,79.780525,0.0,17.45,0.283
2023-06-04 06:00:00+00:00,20.1,74.37537,0.0,18.75,0.282
2023-06-04 07:00:00+00:00,21.85,67.43699,0.0,20.25,0.282
2023-06-04 08:00:00+00:00,23.3,55.702335,0.1,21.5,0.281
2023-06-04 09:00:00+00:00,23.85,50.654747,0.0,22.4,0.28
2023-06-04 10:00:00+00:00,24.35,48.518345,0.1,23.2,0.279
2023-06-04 11:00:00+00:00,24.6,47.641537,0.0,23.7,0.277
2023-06-04 12:00:00+00:00,25.0,47.43871,0.0,23.3,0.282
2023-06-04 13:00:00+00:00,23.85,53.364384,0.1,23.65,0.281
2023-06-04 14:00:00+00:00,23.85,54.23691,0.0,23.5,0.28
2023-06-04 15:00:00+00:00,23.25,55.329548,0.1,23.25,0.279
2023-06-04 16:00:00+00:00,22.35,60.356194,0.0,22.7,0.279
2023-06-04 17:00:00+00:00,20.8,64.45249,0.0,21.9,0.278
2023-06-04 18:00:00+00:00,18.65,71.29301,0.0,20.85,0.279
2023-06-04 19:00:00+00:00,17.1,77.5782,0.0,19.85,0.279
2023-06-04 20:00:00+00:00,15.7,83.98081,0.0,18.95,0.279
2023-06-04 21:00:00+00:00,14.55,88.95657,0.0,18.1,0.279
2023-06-04 22:00:00+00:00,13.4,92.7515,0.0,17.4,0.279
2023-06-04 23:00:00+00:00,12.8,93.025246,0.0,16.7,0.279
2023-06-05 00:00:00+00:00,13.6,93.3729,0.0,16.5,0.277
2023-06-05 01:00:00+00:00,12.7,94.56748,0.0,16.1,0.277
2023-06-05 02:00:00+00:00,13.95,90.38043,0.0,15.55,0.277
2023-06-05 03:00:00+00:00,11.4,98.35784,0.0,15.1,0.277
2023-06-05 04:00:00+00:00,13.15,95.52227,0.0,15.3,0.277
2023-06-05 05:00:00+00:00,15.5,85.063255,0.0,16.25,0.277
2023-06-05 06:00:00+00:00,17.7,74.69363,0.0,17.55,0.277
2023-06-05 07:00:00+00:00,19.15,67.32127,0.0,19.05,0.276
2023-06-05 08:00:00+00:00,20.45,62.310963,0.0,20.5,0.275
2023-06-05 09:00:00+00:00,21.7,58.275,0.0,21.85,0.273
2023-06-05 10:00:00+00:00,22.85,56.135067,0.0,23.1,0.271
2023-06-05 11:00:00+00:00,23.85,52.333683,0.0,24.1,0.269
2023-06-05 12:00:00+00:00,24.5,42.989727,0.0,24.75,0.262
2023-06-05 13:00:00+00:00,24.9,40.467636,0.0,25.05,0.26
2023-06-05 14:00:00+00:00,24.7,40.142586,0.0,24.95,0.259
2023-06-05 15:00:00+00:00,23.75,43.93566,0.0,24.4,0.257
2023-06-05 16:00:00+00:00,22.2,51.903915,0.0,23.55,0.257
2023-06-05 17:00:00+00:00,20.1,58.655582,0.0,22.45,0.256
2023-06-05 18:00:00+00:00,18.5,63.947495,0.0,21.25,0.256
2023-06-05 19:00:00+00:00,17.2,70.78744,0.0,20.2,0.256
2023-06-05 20:00:00+00:00,16.25,76.94059,0.0,19.3,0.257
2023-06-05 21:00:00+00:00,15.3,81.49132,0.0,18.5,0.257
2023-06-05 22:00:00+00:00,14.25,85.49071,0.0,17.75,0.257
2023-06-05 23:00:00+00:00,13.5,87.99479,0.0,17.1,0.257
2023-06-06 00:00:00+00:00,13.1,89.42803,0.0,17.0,0.255
2023-06-06 01:00:00+00:00,12.7,89.99177,0.0,16.45,0.255
2023-06-06 02:00:00+00:00,12.45,88.1951,0.0,15.95,0.255
2023-06-06 03:00:00+00:00,12.45,87.609344,0.0,15.6,0.255
2023-06-06 04:00:00+00:00,14.15,84.08034,0.0,15.8,0.255
2023-06-06 05:00:00+00:00,16.45,80.05692,0.0,16.65,0.255
2023-06-06 06:00:00+00:00,18.45,73.13743,0.0,17.9,0.255
2023-06-06 07:00:00+00:00,20.15,67.526054,0.0,19.35,0.254
2023-06-06 08:00:00+00:00,22.15,58.955616,0.0,20.8,0.253
2023-06-06 09:00:00+00:00,23.65,51.604103,0.0,22.0,0.252
2023-06-06 10:00:00+00:00,24.6,46.71387,0.0,22.9,0.25
2023-06-06 11:00:00+00:00,25.3,45.69341,0.0,24.0,0.248
2023-06-06 12:00:00+00:00,25.25,44.060104,0.0,24.65,0.243
2023-06-06 13:00:00+00:00,25.25,43.483814,0.0,25.05,0.242
2023-06-06 14:00:00+00:00,24.95,41.988316,0.0,25.05,0.24
2023-06-06 15:00:00+00:00,24.15,43.610577,0.0,24.6,0.239
2023-06-06 16:00:00+00:00,23.0,49.118446,0.0,23.8,0.238
2023-06-06 17:00:00+00:00,21.15,55.16249,0.0,22.75,0.238
2023-06-06 18:00:00+00:00,19.35,58.863033,0.0,21.55,0.238
2023-06-06 19:00:00+00:00,18.2,62.414852,0.0,20.55,0.238
2023-06-06 20:00:00+00:00,17.2,67.810394,0.0,19.7,0.238
2023-06-06 21:00:00+00:00,16.3,75.69318,0.0,19.0,0.238
2023-06-06 22:00:00+00:00,15.55,81.52376,0.0,18.35,0.238
2023-06-06 23:00:00+00:00,14.85,84.71478,0.0,17.75,0.239
2023-06-07 00:00:00+00:00,14.4,92.80577,0.0,17.8,0.236
2023-06-07 01:00:00+00:00,13.9,93.082855,0.0,17.2,0.237
2023-06-07 02:00:00+00:00,13.35,93.05412,0.0,16.7,0.237
2023-06-07 03:00:00+00:00,12.95,92.72689,0.0,16.25,0.237
2023-06-07 04:00:00+00:00,14.2,86.61974,0.0,16.25,0.237
2023-06-07 05:00:00+00:00,16.35,75.701355,0.0,17.0,0.237
2023-06-07 06:00:00+00:00,18.15,68.22817,0.0,18.15,0.237
2023-06-07 07:00:00+00:00,19.75,62.561153,0.0,19.55,0.236
2023-06-07 08:00:00+00:00,21.4,57.257366,0.0,21.05,0.235
2023-06-07 09:00:00+00:00,23.0,52.283833,0.0,22.5,0.233
2023-06-07 10:00:00+00:00,24.35,47.262794,0.0,23.85,0.231
2023-06-07 11:00:00+00:00,25.25,44.496723,0.0,24.95,0.229
2023-06-07 12:00:00+00:00,25.55,42.155666,0.0,25.7,0.225
2023-06-07 13:00:00+00:00,25.65,41.906185,0.0,26.05,0.223
2023-06-07 14:00:00+00:00,25.3,42.225327,0.0,25.95,0.222
2023-06-07 15:00:00+00:00,24.5,44.143616,0.0,25.4,0.221
2023-06-07 16:00:00+00:00,23.05,46.909016,0.0,24.55,0.22
2023-06-07 17:00:00+00:00,20.7,52.02695,0.0,23.35,0.22
2023-06-07 18:00:00+00:00,18.6,58.290947,0.0,22.0,0.22
2023-06-07 19:00:00+00:00,17.4,64.12853,0.0,20.85,0.22
2023-06-07 20:00:00+00:00,16.4,70.86963,0.0,19.85,0.22
2023-06-07 21:00:00+00:00,15.3,77.814316,0.0,19.0,0.22
2023-06-07 22:00:00+00:00,14.35,82.9992,0.0,18.2,0.22
2023-06-07 23:00:00+00:00,13.75,86.575905,0.0,17.55,0.221
2023-06-08 00:00:00+00:00,13.7,89.18066,0.0,17.85,0.218
2023-06-08 01:00:00+00:00,13.35,91.83797,0.0,17.25,0.219
2023-06-08 02:00:00+00:00,13.05,93.96182,0.0,16.75,0.219
2023-06-08 03:00:00+00:00,12.95,94.889435,0.0,16.35,0.219
2023-06-08 04:00:00+00:00,14.1,91.28405,0.0,16.45,0.219
2023-06-08 05:00:00+00:00,16.1,84.57518,0.0,17.2,0.219
2023-06-08 06:00:00+00:00,18.1,76.729034,0.0,18.4,0.219
2023-06-08 07:00:00+00:00,19.85,69.01535,0.0,19.9,0.218
2023-06-08 08:00:00+00:00,21.8,62.01106,0.0,21.5,0.217
2023-06-08 09:00:00+00:00,23.5,55.392117,0.0,23.0,0.216
2023-06-08 10:00:00+00:00,24.85,50.588387,0.0,24.35,0.214
2023-06-08 11:00:00+00:00,25.9,47.991337,0.0,25.45,0.213
2023-06-08 12:00:00+00:00,26.6,46.346676,0.0,26.1,0.211
2023-06-08 13:00:00+00:00,26.95,44.962833,0.0,26.7,0.208
2023-06-08 14:00:00+00:00,26.65,43.30175,0.0,26.55,0.207
2023-06-08 15:00:00+00:00,25.45,43.970646,0.0,26.05,0.206
2023-06-08 16:00:00+00:00,23.85,49.02342,0.0,25.1,0.206
2023-06-08 17:00:00+00:00,22.25,54.361427,0.0,24.0,0.205
2023-06-08 18:00:00+00:00,20.3,62.073494,0.0,22.8,0.205
2023-06-08 19:00:00+00:00,18.95,69.96914,0.0,21.7,0.206
2023-06-08 20:00:00+00:00,17.7,77.41758,0.0,20.75,0.206
2023-06-08 21:00:00+00:00,17.0,81.710304,0.0,19.95,0.206
2023-06-08 22:00:00+00:00,16.45,85.164375,0.0,19.3,0.206
2023-06-08 23:00:00+00:00,16.05,87.93101,0.0,18.75,0.206
2023-06-09 00:00:00+00:00,15.55,90.787384,0.0,18.3,0.206
2023-06-09 01:00:00+00:00,14.9,94.6574,0.0,18.15,0.199
2023-06-09 02:00:00+00:00,14.25,96.49627,0.0,17.65,0.199
2023-06-09 03:00:00+00:00,13.7,98.06706,0.0,17.15,0.199
2023-06-09 04:00:00+00:00,15.5,93.76926,0.0,17.3,0.199
2023-06-09 05:00:00+00:00,17.35,85.25928,0.0,18.15,0.199
2023-06-09 06:00:00+00:00,19.2,74.222755,0.0,19.35,0.199
2023-06-09 07:00:00+00:00,20.55,66.954575,0.0,20.75,0.199
2023-06-09 08:00:00+00:00,22.0,61.0608,0.0,22.3,0.198
2023-06-09 09:00:00+00:00,23.45,56.832294,0.0,23.85,0.197
2023-06-09 10:00:00+00:00,24.6,53.72907,0.0,25.3,0.195
2023-06-09 11:00:00+00:00,25.6,50.458393,0.0,26.45,0.194
2023-06-09 12:00:00+00:00,26.3,48.880863,0.0,27.3,0.192
2023-06-09 13:00:00+00:00,27.0,42.697075,0.0,27.85,0.189
2023-06-09 14:00:00+00:00,27.25,41.529556,0.0,27.85,0.188
2023-06-09 15:00:00+00:00,27.05,41.609882,0.0,27.45,0.187
2023-06-09 16:00:00+00:00,26.4,44.666817,0.0,26.65,0.187
2023-06-09 17:00:00+00:00,24.1,54.124836,0.0,25.5,0.187
2023-06-09 18:00:00+00:00,21.95,52.700794,0.0,24.15,0.187
2023-06-09 19:00:00+00:00,20.9,54.555355,0.0,23.1,0.187
2023-06-09 20:00:00+00:00,19.55,62.51582,0.0,22.1,0.187
2023-06-09 21:00:00+00:00,18.75,72.48078,0.0,21.05,0.187
2023-06-09 22:00:00+00:00,17.0,82.77714,0.0,20.1,0.187
2023-06-09 23:00:00+00:00,16.65,84.910126,0.0,19.3,0.187
2023-06-10 00:00:00+00:00,16.9,86.0416,0.0,18.25,0.183
2023-06-10 01:00:00+00:00,16.6,87.979065,0.0,17.75,0.183
2023-06-10 02:00:00+00:00,14.5,95.25825,0.0,17.35,0.183
2023-06-10 03:00:00+00:00,14.65,94.64728,0.0,17.05,0.183
2023-06-10 04:00:00+00:00,16.3,90.546,0.0,17.35,0.183
2023-06-10 05:00:00+00:00,18.55,80.602715,0.0,18.5,0.183
2023-06-10 06:00:00+00:00,20.8,66.57441,0.0,20.05,0.183
2023-06-10 07:00:00+00:00,22.75,56.476353,0.0,21.8,0.182
2023-06-10 08:00:00+00:00,24.5,47.770733,0.0,23.65,0.181
2023-06-10 09:00:00+00:00,25.75,43.76548,0.0,25.35,0.18
2023-06-10 10:00:00+00:00,26.85,42.93491,0.0,26.85,0.179
2023-06-10 11:00:00+00:00,27.7,41.518944,0.0,28.0,0.178
2023-06-10 12:00:00+00:00,28.25,39.94725,0.0,28.85,0.174
2023-06-10 13:00:00+00:00,28.45,39.74332,0.0,28.95,0.173
2023-06-10 14:00:00+00:00,28.5,40.016735,0.0,28.75,0.172
2023-06-10 15:00:00+00:00,28.25,40.208305,0.0,28.3,0.172
2023-06-10 16:00:00+00:00,27.2,43.031487,0.0,27.4,0.171
2023-06-10 17:00:00+00:00,24.95,56.47146,0.0,26.25,0.171
2023-06-10 18:00:00+00:00,22.75,66.55112,0.0,25.0,0.171
2023-06-10 19:00:00+00:00,21.7,66.97543,0.0,23.8,0.171
2023-06-10 20:00:00+00:00,20.7,70.30401,0.0,22.8,0.171
2023-06-10 21:00:00+00:00,20.2,70.663216,0.0,21.9,0.171
2023-06-10 22:00:00+00:00,18.75,78.83663,0.0,21.2,0.172
2023-06-10 23:00:00+00:00,17.95,82.89157,0.0,20.6,0.172
2023-06-11 00:00:00+00:00,18.55,74.83644,0.0,20.9,0.162
2023-06-11 01:00:00+00:00,17.95,77.707375,0.0,20.3,0.162
2023-06-11 02:00:00+00:00,17.25,83.34449,0.0,19.85,0.162
2023-06-11 03:00:00+00:00,17.0,88.29734,0.0,19.4,0.162
2023-06-11 04:00:00+00:00,18.4,83.47865,0.0,19.5,0.162
2023-06-11 05:00:00+00:00,20.05,73.182495,0.0,20.25,0.162
2023-06-11 06:00:00+00:00,21.85,64.47197,0.0,21.45,0.162
2023-06-11 07:00:00+00:00,23.55,58.90826,0.0,22.9,0.162
2023-06-11 08:00:00+00:00,25.3,52.200897,0.0,24.55,0.161
2023-06-11 09:00:00+00:00,26.6,44.867207,0.0,25.95,0.16
2023-06-11 10:00:00+00:00,27.6,40.820126,0.0,27.15,0.16
2023-06-11 11:00:00+00:00,28.3,39.701607,0.0,28.25,0.159
2023-06-11 12:00:00+00:00,27.95,38.834167,0.0,28.05,0.161
2023-06-11 13:00:00+00:00,27.75,41.940025,0.0,28.35,0.161
2023-06-11 14:00:00+00:00,27.85,40.88957,0.0,28.25,0.16
2023-06-11 15:00:00+00:00,27.45,34.002728,0.0,27.7,0.16
2023-06-11 16:00:00+00:00,26.35,37.628548,0.0,26.85,0.16
2023-06-11 17:00:00+00:00,24.8,44.372654,0.0,25.95,0.159
2023-06-11 18:00:00+00:00,23.45,46.708187,0.0,24.9,0.159
2023-06-11 19:00:00+00:00,22.65,49.51315,0.0,24.05,0.159
2023-06-11 20:00:00+00:00,21.0,57.72517,0.0,23.15,0.159
2023-06-11 21:00:00+00:00,19.7,67.653885,0.0,22.2,0.159
2023-06-11 22:00:00+00:00,18.55,76.55168,0.0,21.4,0.159
2023-06-11 23:00:00+00:00,17.65,82.588806,0.0,20.6,0.16
2023-06-12 00:00:00+00:00,17.25,89.458664,0.0,20.15,0.159
2023-06-12 01:00:00+00:00,16.0,93.79257,0.0,19.5,0.159
2023-06-12 02:00:00+00:00,16.8,90.00071,0.0,18.95,0.159
2023-06-12 03:00:00+00:00,15.25,96.83453,0.0,18.45,0.159
2023-06-12 04:00:00+00:00,17.35,88.32697,0.0,18.7,0.159
2023-06-12 05:00:00+00:00,19.4,75.70556,0.0,19.55,0.159
2023-06-12 06:00:00+00:00,21.55,65.665,0.0,20.8,0.159
2023-06-12 07:00:00+00:00,23.45,58.130806,0.0,22.45,0.159
2023-06-12 08:00:00+00:00,24.8,53.262318,0.0,24.2,0.158
2023-06-12 09:00:00+00:00,25.8,50.67388,0.0,25.75,0.158
2023-06-12 10:00:00+00:00,25.55,49.79738,0.0,26.15,0.157
2023-06-12 11:00:00+00:00,24.45,55.272003,0.1,25.95,0.158
2023-06-12 12:00:00+00:00,26.35,45.830456,0.0,27.35,0.155
2023-06-12 13:00:00+00:00,26.6,44.287163,0.1,27.85,0.155
2023-06-12 14:00:00+00:00,25.45,47.715103,0.1,27.65,0.156
2023-06-12 15:00:00+00:00,24.5,52.50171,0.4,26.65,0.159
2023-06-12 16:00:00+00:00,23.3,55.521954,0.0,25.6,0.159
2023-06-12 17:00:00+00:00,21.7,60.0088,0.0,24.6,0.159
2023-06-12 18:00:00+00:00,20.0,67.27662,0.0,23.45,0.159
2023-06-12 19:00:00+00:00,19.05,71.367386,0.0,22.45,0.159
2023-06-12 20:00:00+00:00,18.15,74.52659,0.0,21.6,0.159
2023-06-12 21:00:00+00:00,17.3,79.39662,0.0,20.75,0.159
2023-06-12 22:00:00+00:00,16.5,84.61905,0.0,20.05,0.159
2023-06-12 23:00:00+00:00,15.8,88.76899,0.0,19.4,0.159
2023-06-13 00:00:00+00:00,16.05,90.821335,0.0,18.85,0.16
2023-06-13 01:00:00+00:00,15.75,91.9828,0.0,18.5,0.16
2023-06-13 02:00:00+00:00,15.55,91.970894,0.0,18.15,0.16
2023-06-13 03:00:00+00:00,15.5,92.564926,0.0,17.9,0.16
2023-06-13 04:00:00+00:00,16.85,87.15422,0.0,18.15,0.16
2023-06-13 05:00:00+00:00,18.8,78.33825,0.0,19.0,0.16
2023-06-13 06:00:00+00:00,20.55,69.82453,0.0,20.25,0.16
2023-06-13 07:00:00+00:00,21.9,62.638218,0.1,21.6,0.161
2023-06-13 08:00:00+00:00,22.45,60.184666,0.3,22.5,0.163
2023-06-13 09:00:00+00:00,24.25,52.267303,0.3,24.0,0.164
2023-06-13 10:00:00+00:00,24.75,49.747112,0.4,24.85,0.167
2023-06-13 11:00:00+00:00,25.25,49.07702,0.5,25.55,0.17
2023-06-13 12:00:00+00:00,25.4,49.116947,0.3,27.0,0.16
2023-06-13 13:00:00+00:00,25.85,47.66775,0.1,27.3,0.16
2023-06-13 14:00:00+00:00,25.9,47.0662,0.0,27.4,0.159
2023-06-13 15:00:00+00:00,25.1,48.877903,0.0,26.95,0.159
2023-06-13 16:00:00+00:00,23.8,53.351597,0.0,26.15,0.159
2023-06-13 17:00:00+00:00,22.7,56.832283,0.0,25.1,0.159
2023-06-13 18:00:00+00:00,21.25,61.68502,0.0,23.9,0.159
2023-06-13 19:00:00+00:00,20.05,65.772835,0.0,22.9,0.159
2023-06-13 20:00:00+00:00,18.95,66.84087,0.0,22.0,0.159
2023-06-13 21:00:00+00:00,17.8,71.837036,0.0,21.15,0.159
2023-06-13 22:00:00+00:00,16.8,78.809555,0.0,20.35,0.159
2023-06-13 23:00:00+00:00,15.65,87.04241,0.0,19.6,0.159
2023-06-14 00:00:00+00:00,16.9,79.08159,0.0,19.65,0.157
2023-06-14 01:00:00+00:00,16.6,81.39363,0.0,19.0,0.157
2023-06-14 02:00:00+00:00,15.1,90.16811,0.0,18.4,0.157
2023-06-14 03:00:00+00:00,14.75,92.52318,0.0,17.9,0.157
2023-06-14 04:00:00+00:00,16.6,83.810486,0.0,18.1,0.157
2023-06-14 05:00:00+00:00,18.75,75.112526,0.0,19.05,0.157
2023-06-14 06:00:00+00:00,20.75,67.21261,0.0,20.4,0.157
2023-06-14 07:00:00+00:00,22.5,60.0021,0.0,22.0,0.156
2023-06-14 08:00:00+00:00,23.4,57.004,0.0,23.25,0.156
2023-06-14 09:00:00+00:00,23.8,55.287994,0.0,23.75,0.156
2023-06-14 10:00:00+00:00,24.65,53.052357,0.0,24.75,0.155
2023-06-14 11:00:00+00:00,25.75,50.01138,0.0,26.05,0.155
2023-06-14 12:00:00+00:00,26.25,48.710175,0.1,27.65,0.154
2023-06-14 13:00:00+00:00,26.9,46.578053,0.0,28.35,0.154
2023-06-14 14:00:00+00:00,27.15,44.150585,0.0,28.5,0.153
2023-06-14 15:00:00+00:00,27.15,43.298504,0.0,28.2,0.153
2023-06-14 16:00:00+00:00,26.55,44.99961,0.0,27.45,0.153
2023-06-14 17:00:00+00:00,24.7,53.065166,0.0,26.4,0.153
2023-06-14 18:00:00+00:00,23.0,58.587704,0.0,25.2,0.152
2023-06-14 19:00:00+00:00,21.95,60.65489,0.0,24.1,0.152
2023-06-14 20:00:00+00:00,20.85,63.631573,0.0,23.15,0.152
2023-06-14 21:00:00+00:00,19.2,73.26947,0.0,22.25,0.152
2023-06-14 22:00:00+00:00,17.95,81.0435,0.0,21.35,0.152
2023-06-14 23:00:00+00:00,17.25,83.88473,0.0,20.55,0.153
2023-06-15 00:00:00+00:00,16.95,86.883064,0.0,20.55,0.149
2023-06-15 01:00:00+00:00,16.6,88.83432,0.0,19.9,0.149
2023-06-15 02:00:00+00:00,16.35,90.841606,0.0,19.35,0.149
2023-06-15 03:00:00+00:00,16.25,93.20356,0.0,18.95,0.149
2023-06-15 04:00:00+00:00,17.8,88.364944,0.0,19.1,0.149
2023-06-15 05:00:00+00:00,19.9,81.55588,0.0,20.0,0.149
2023-06-15 06:00:00+00:00,21.9,71.661575,0.0,21.4,0.149
2023-06-15 07:00:00+00:00,23.5,65.24032,0.0,23.05,0.149
2023-06-15 08:00:00+00:00,25.05,58.700157,0.0,24.8,0.148
2023-06-15 09:00:00+00:00,26.6,50.39605,0.0,26.45,0.148
2023-06-15 10:00:00+00:00,27.95,45.380756,0.0,27.85,0.147
2023-06-15 11:00:00+00:00,29.1,42.04073,0.0,29.25,0.147
2023-06-15 12:00:00+00:00,29.6,38.41249,0.2,29.25,0.146
2023-06-15 13:00:00+00:00,29.55,39.53429,0.0,29.7,0.146
2023-06-15 14:00:00+00:00,29.05,40.5612,0.0,29.6,0.145
2023-06-15 15:00:00+00:00,28.7,40.727455,0.0,29.25,0.145
2023-06-15 16:00:00+00:00,27.35,45.510727,0.0,28.35,0.145
2023-06-15 17:00:00+00:00,25.5,53.612408,0.0,27.3,0.145
2023-06-15 18:00:00+00:00,23.65,60.077763,0.0,26.05,0.145
2023-06-15 19:00:00+00:00,22.45,65.64429,0.0,24.9,0.145
2023-06-15 20:00:00+00:00,21.15,68.605835,0.0,23.9,0.145
2023-06-15 21:00:00+00:00,20.05,74.366936,0.0,23.05,0.145
2023-06-15 22:00:00+00:00,19.15,80.68273,0.0,22.3,0.145
2023-06-15 23:00:00+00:00,18.7,82.98113,0.0,21.65,0.145
2023-06-16 00:00:00+00:00,18.65,84.85179,0.0,22.1,0.139
2023-06-16 01:00:00+00:00,18.15,87.8325,0.0,21.4,0.139
2023-06-16 02:00:00+00:00,17.7,89.49316,0.0,20.75,0.139
2023-06-16 03:00:00+00:00,17.3,91.1964,0.0,20.25,0.139
2023-06-16 04:00:00+00:00,18.6,84.84644,0.1,20.25,0.14
2023-06-16 05:00:00+00:00,20.0,79.01586,0.0,20.75,0.14
2023-06-16 06:00:00+00:00,22.05,69.88836,0.0,21.95,0.14
2023-06-16 07:00:00+00:00,24.0,62.30774,0.0,23.7,0.14
2023-06-16 08:00:00+00:00,25.1,57.600845,0.0,24.6,0.14
2023-06-16 09:00:00+00:00,27.6,50.496006,0.0,26.65,0.139
2023-06-16 10:00:00+00:00,28.95,47.42882,0.1,28.45,0.139
2023-06-16 11:00:00+00:00,29.55,43.955376,0.0,29.8,0.139
2023-06-16 12:00:00+00:00,26.95,58.04392,0.0,29.45,0.15
2023-06-16 13:00:00+00:00,27.5,53.606083,0.1,29.2,0.15
2023-06-16 14:00:00+00:00,26.25,58.24376,0.1,28.7,0.151
2023-06-16 15:00:00+00:00,24.85,62.497528,0.0,27.65,0.151
2023-06-16 16:00:00+00:00,25.2,52.51247,0.0,27.15,0.15
2023-06-16 17:00:00+00:00,23.7,54.906246,0.1,26.15,0.151
2023-06-16 18:00:00+00:00,22.25,60.72453,0.1,24.85,0.152
2023-06-16 19:00:00+00:00,21.0,67.69875,0.0,23.85,0.152
2023-06-16 20:00:00+00:00,20.3,73.46152,0.0,23.1,0.152
2023-06-16 21:00:00+00:00,20.0,74.597435,0.0,22.5,0.152
2023-06-16 22:00:00+00:00,19.7,75.75405,0.0,22.0,0.152
2023-06-16 23:00:00+00:00,19.3,77.41193,0.3,21.6,0.154
2023-06-17 00:00:00+00:00,18.75,91.57841,0.4,22.15,0.155
2023-06-17 01:00:00+00:00,18.35,94.19744,0.1,21.1,0.155
2023-06-17 02:00:00+00:00,18.6,92.14991,0.0,20.4,0.155
2023-06-17 03:00:00+00:00,18.35,91.84416,0.0,19.9,0.155
2023-06-17 04:00:00+00:00,18.7,90.71077,0.0,19.75,0.155
2023-06-17 05:00:00+00:00,20.15,83.15239,0.0,20.25,0.155
2023-06-17 06:00:00+00:00,21.9,73.504196,0.0,21.35,0.155
2023-06-17 07:00:00+00:00,23.6,64.02874,0.1,22.7,0.156
2023-06-17 08:00:00+00:00,24.7,58.992126,0.1,23.95,0.156
2023-06-17 09:00:00+00:00,25.1,57.784748,0.0,24.55,0.156
2023-06-17 10:00:00+00:00,26.25,52.445305,0.1,25.45,0.156
2023-06-17 11:00:00+00:00,23.45,67.33211,1.3,24.55,0.169
2023-06-17 12:00:00+00:00,25.35,56.931248,0.0,25.65,0.168
2023-06-17 13:00:00+00:00,24.8,57.528458,0.1,25.2,0.168
2023-06-17 14:00:00+00:00,25.95,50.064034,0.0,25.4,0.168
2023-06-17 15:00:00+00:00,26.0,47.246243,0.0,25.5,0.167
2023-06-17 16:00:00+00:00,25.4,47.857117,0.0,25.0,0.167
2023-06-17 17:00:00+00:00,23.9,51.66938,0.0,24.5,0.167
2023-06-17 18:00:00+00:00,21.5,63.568985,0.0,23.6,0.167
2023-06-17 19:00:00+00:00,21.8,63.840763,0.0,22.95,0.167
2023-06-17 20:00:00+00:00,20.6,71.19445,0.0,22.25,0.167
2023-06-17 21:00:00+00:00,19.6,79.46479,0.0,21.7,0.167
2023-06-17 22:00:00+00:00,19.1,82.76429,0.0,21.2,0.167
2023-06-17 23:00:00+00:00,18.55,85.65726,0.0,20.75,0.167
2023-06-18 00:00:00+00:00,18.55,87.588486,0.0,21.05,0.169
2023-06-18 01:00:00+00:00,18.45,88.13868,0.0,20.65,0.169
2023-06-18 02:00:00+00:00,18.25,89.2508,0.0,20.25,0.169
2023-06-18 03:00:00+00:00,18.35,88.69279,0.0,20.0,0.169
2023-06-18 04:00:00+00:00,19.4,82.013176,0.0,20.1,0.169
2023-06-18 05:00:00+00:00,20.65,76.14895,0.1,20.7,0.17
2023-06-18 06:00:00+00:00,21.6,72.29409,0.0,21.55,0.17
2023-06-18 07:00:00+00:00,23.0,65.55081,0.2,22.5,0.171
2023-06-18 08:00:00+00:00,23.75,63.05031,0.2,23.35,0.172
2023-06-18 09:00:00+00:00,25.15,55.62406,0.1,24.45,0.172
2023-06-18 10:00:00+00:00,26.4,49.382122,0.1,25.7,0.172
2023-06-18 11:00:00+00:00,27.2,47.11185,0.0,26.6,0.171
2023-06-18 12:00:00+00:00,26.35,48.267376,0.0,26.4,0.17
2023-06-18 13:00:00+00:00,24.35,61.598217,0.3,25.7,0.172
2023-06-18 14:00:00+00:00,25.0,58.315693,0.0,25.85,0.172
2023-06-18 15:00:00+00:00,25.8,54.553356,0.0,26.0,0.171
2023-06-18 16:00:00+00:00,24.4,58.35865,0.0,25.7,0.171
2023-06-18 17:00:00+00:00,22.75,71.363495,0.0,24.9,0.171
2023-06-18 18:00:00+00:00,21.6,78.49717,0.0,23.85,0.171
2023-06-18 19:00:00+00:00,21.0,79.65957,0.0,22.95,0.171
2023-06-18 20:00:00+00:00,20.25,80.572235,0.0,22.25,0.171
2023-06-18 21:00:00+00:00,19.55,81.51126,0.0,21.65,0.171
2023-06-18 22:00:00+00:00,19.15,83.565285,0.0,21.1,0.171
2023-06-18 23:00:00+00:00,18.65,86.48993,0.0,20.7,0.171
2023-06-19 00:00:00+00:00,19.1,84.899864,0.0,21.3,0.17
2023-06-19 01:00:00+00:00,18.35,89.54268,0.5,20.75,0.174
2023-06-19 02:00:00+00:00,18.45,89.83496,0.1,20.3,0.175
2023-06-19 03:00:00+00:00,18.4,88.134415,0.3,19.7,0.177
2023-06-19 04:00:00+00:00,19.2,85.45156,0.1,19.55,0.178
2023-06-19 05:00:00+00:00,19.9,82.59775,0.2,20.05,0.179
2023-06-19 06:00:00+00:00,20.85,78.38825,0.1,20.8,0.18
2023-06-19 07:00:00+00:00,23.95,63.90147,0.0,22.4,0.18
2023-06-19 08:00:00+00:00,25.4,59.533424,0.0,24.05,0.179
2023-06-19 09:00:00+00:00,26.5,54.902416,0.1,25.6,0.178
2023-06-19 10:00:00+00:00,27.4,52.405758,0.0,27.05,0.177
2023-06-19 11:00:00+00:00,28.2,49.382744,0.0,28.25,0.176
2023-06-19 12:00:00+00:00,25.5,57.697144,0.0,29.1,0.163
2023-06-19 13:00:00+00:00,27.1,50.20492,0.5,29.05,0.167
2023-06-19 14:00:00+00:00,26.9,53.116028,0.7,28.35,0.174
2023-06-19 15:00:00+00:00,26.45,53.340607,0.0,28.05,0.174
2023-06-19 16:00:00+00:00,26.25,51.28274,0.0,27.55,0.173
2023-06-19 17:00:00+00:00,25.4,55.3312,0.0,26.65,0.173
2023-06-19 18:00:00+00:00,23.5,63.803486,0.0,25.5,0.173
2023-06-19 19:00:00+00:00,21.8,75.37208,0.0,24.45,0.173
2023-06-19 20:00:00+00:00,21.45,73.89466,0.0,23.55,0.173
2023-06-19 21:00:00+00:00,20.95,74.28129,0.0,22.9,0.173
2023-06-19 22:00:00+00:00,19.9,80.26982,0.0,22.2,0.173
2023-06-19 23:00:00+00:00,18.35,90.11325,0.0,21.5,0.173
2023-06-20 00:00:00+00:00,18.5,89.55408,0.0,21.35,0.162
2023-06-20 01:00:00+00:00,17.9,92.991005,0.0,20.75,0.162
2023-06-20 02:00:00+00:00,18.25,91.25755,0.0,20.2,0.162
2023-06-20 03:00:00+00:00,18.15,92.70978,0.0,19.75,0.162
2023-06-20 04:00:00+00:00,18.75,91.00145,0.0,20.0,0.162
2023-06-20 05:00:00+00:00,20.9,80.91344,0.0,20.95,0.162
2023-06-20 06:00:00+00:00,23.35,69.69423,0.0,22.5,0.161
2023-06-20 07:00:00+00:00,25.5,59.556767,0.0,24.3,0.161
2023-06-20 08:00:00+00:00,27.05,50.999756,0.0,26.1,0.16
2023-06-20 09:00:00+00:00,28.0,44.95845,0.0,27.75,0.159
2023-06-20 10:00:00+00:00,28.55,42.708748,0.0,29.0,0.158
2023-06-20 11:00:00+00:00,24.35,63.988266,0.4,29.05,0.16
2023-06-20 12:00:00+00:00,27.9,45.954227,0.0,28.75,0.178
2023-06-20 13:00:00+00:00,25.05,58.700157,1.4,27.6,0.194
2023-06-20 14:00:00+00:00,25.35,52.551044,0.8,27.55,0.201
2023-06-20 15:00:00+00:00,24.2,56.65041,0.2,26.45,0.202
2023-06-20 16:00:00+00:00,24.05,55.35047,0.0,26.0,0.202
2023-06-20 17:00:00+00:00,22.95,66.38079,0.0,25.2,0.201
2023-06-20 18:00:00+00:00,21.25,68.84625,0.0,24.0,0.201
2023-06-20 19:00:00+00:00,20.0,74.837074,0.0,22.85,0.201
2023-06-20 20:00:00+00:00,19.6,76.71638,0.0,21.95,0.201
2023-06-20 21:00:00+00:00,20.35,72.53346,0.0,21.2,0.201
2023-06-20 22:00:00+00:00,19.5,76.947266,0.0,20.5,0.201
2023-06-20 23:00:00+00:00,17.75,85.85041,0.0,19.9,0.201
2023-06-21 00:00:00+00:00,16.35,94.41238,0.0,19.5,0.171
2023-06-21 01:00:00+00:00,15.8,94.99868,0.0,19.1,0.171
2023-06-21 02:00:00+00:00,15.5,94.98733,0.0,18.75,0.171
2023-06-21 03:00:00+00:00,15.35,95.59658,0.0,18.45,0.171
2023-06-21 04:00:00+00:00,17.1,89.44713,0.0,18.75,0.171
2023-06-21 05:00:00+00:00,19.4,80.45866,0.0,19.8,0.171
2023-06-21 06:00:00+00:00,21.9,70.75561,0.0,21.4,0.171
2023-06-21 07:00:00+00:00,24.25,60.990204,0.0,23.3,0.17
2023-06-21 08:00:00+00:00,26.2,52.432472,0.0,25.35,0.169
2023-06-21 09:00:00+00:00,27.9,44.931274,0.0,27.25,0.168
2023-06-21 10:00:00+00:00,29.1,39.923798,0.0,28.9,0.166
2023-06-21 11:00:00+00:00,29.9,35.839973,0.0,30.15,0.165
2023-06-21 12:00:00+00:00,29.85,35.709274,0.0,30.9,0.163
2023-06-21 13:00:00+00:00,30.05,35.185997,0.0,31.25,0.162
2023-06-21 14:00:00+00:00,30.2,35.342815,0.0,31.25,0.162
2023-06-21 15:00:00+00:00,29.95,36.44288,0.0,30.8,0.161
2023-06-21 16:00:00+00:00,29.4,37.615784,0.0,30.0,0.16
2023-06-21 17:00:00+00:00,27.3,61.4893,0.0,28.9,0.16
2023-06-21 18:00:00+00:00,25.4,51.557995,0.0,27.35,0.16
2023-06-21 19:00:00+00:00,24.6,52.868374,0.0,26.05,0.16
2023-06-21 20:00:00+00:00,22.2,66.01321,0.0,24.9,0.16
2023-06-21 21:00:00+00:00,20.65,76.3918,0.0,23.9,0.16
2023-06-21 22:00:00+00:00,19.9,80.52561,0.0,23.05,0.16
2023-06-21 23:00:00+00:00,20.35,77.078354,0.0,22.3,0.16
2023-06-22 00:00:00+00:00,19.25,86.82217,0.0,22.55,0.156
2023-06-22 01:00:00+00:00,19.05,88.18978,0.0,21.85,0.156
2023-06-22 02:00:00+00:00,18.25,92.422005,0.0,21.25,0.156
2023-06-22 03:00:00+00:00,17.9,93.880005,0.0,20.75,0.156
2023-06-22 04:00:00+00:00,19.9,84.716606,0.0,20.95,0.156
2023-06-22 05:00:00+00:00,22.3,72.87872,0.0,21.95,0.156
2023-06-22 06:00:00+00:00,24.5,62.617725,0.0,23.5,0.156
2023-06-22 07:00:00+00:00,26.45,54.19655,0.0,25.35,0.155
2023-06-22 08:00:00+00:00,28.2,45.012802,0.0,27.3,0.155
2023-06-22 09:00:00+00:00,29.3,38.95653,0.0,28.85,0.154
2023-06-22 10:00:00+00:00,30.05,37.430782,0.0,30.0,0.153
2023-06-22 11:00:00+00:00,30.75,34.13557,0.0,30.85,0.152
2023-06-22 12:00:00+00:00,30.4,40.672382,0.0,31.15,0.15
2023-06-22 13:00:00+00:00,30.95,38.53825,0.0,31.55,0.149
2023-06-22 14:00:00+00:00,31.55,32.614536,0.0,31.6,0.149
2023-06-22 15:00:00+00:00,31.25,31.794384,0.0,31.15,0.148
2023-06-22 16:00:00+00:00,29.85,37.133087,0.0,30.45,0.148
2023-06-22 17:00:00+00:00,28.3,44.03774,0.0,29.45,0.147
2023-06-22 18:00:00+00:00,26.55,50.382973,0.0,28.2,0.147
2023-06-22 19:00:00+00:00,25.35,53.40256,0.0,27.15,0.147
2023-06-22 20:00:00+00:00,23.85,58.226933,0.0,26.15,0.147
2023-06-22 21:00:00+00:00,22.65,65.05962,0.0,25.2,0.147
2023-06-22 22:00:00+00:00,21.6,71.37907,0.0,24.35,0.147
2023-06-22 23:00:00+00:00,20.7,76.15688,0.0,23.6,0.147
2023-06-23 00:00:00+00:00,20.05,77.27863,0.0,23.3,0.14
2023-06-23 01:00:00+00:00,19.35,82.7943,0.0,22.55,0.14
2023-06-23 02:00:00+00:00,18.85,88.17279,0.0,21.95,0.14
2023-06-23 03:00:00+00:00,18.6,93.61605,0.0,21.45,0.14
2023-06-23 04:00:00+00:00,19.9,89.378334,0.0,21.55,0.14
2023-06-23 05:00:00+00:00,21.95,79.29118,0.0,22.4,0.14
2023-06-23 06:00:00+00:00,24.4,64.4052,0.0,23.9,0.14
2023-06-23 07:00:00+00:00,26.8,47.76831,0.0,25.75,0.139
2023-06-23 08:00:00+00:00,28.65,38.272877,0.0,27.7,0.139
2023-06-23 09:00:00+00:00,30.1,34.17857,0.0,29.65,0.139
2023-06-23 10:00:00+00:00,31.35,30.793938,0.0,31.4,0.138
2023-06-23 11:00:00+00:00,32.4,27.613598,0.0,32.8,0.137
2023-06-23 12:00:00+00:00,32.75,27.70761,0.0,33.85,0.134
2023-06-23 13:00:00+00:00,33.0,26.519573,0.0,34.3,0.134
2023-06-23 14:00:00+00:00,32.6,26.23817,0.0,34.15,0.134
2023-06-23 15:00:00+00:00,32.15,25.944761,0.0,33.65,0.133
2023-06-23 16:00:00+00:00,30.95,26.681541,0.0,32.65,0.133
2023-06-23 17:00:00+00:00,29.0,29.546497,0.0,31.3,0.133
2023-06-23 18:00:00+00:00,26.45,35.94049,0.0,29.75,0.133
2023-06-23 19:00:00+00:00,24.6,45.953,0.0,28.25,0.133
2023-06-23 20:00:00+00:00,23.0,55.990166,0.0,26.95,0.133
2023-06-23 21:00:00+00:00,21.5,63.981335,0.0,25.7,0.133
2023-06-23 22:00:00+00:00,19.9,72.68671,0.0,24.5,0.133
2023-06-23 23:00:00+00:00,18.8,79.60761,0.0,23.4,0.133
2023-06-24 00:00:00+00:00,18.6,82.70407,0.0,22.7,0.127
2023-06-24 01:00:00+00:00,17.8,87.80177,0.0,21.95,0.127
2023-06-24 02:00:00+00:00,17.55,89.76816,0.0,21.35,0.127
2023-06-24 03:00:00+00:00,17.5,89.47785,0.0,20.85,0.127
2023-06-24 04:00:00+00:00,19.4,79.18307,0.0,21.0,0.127
2023-06-24 05:00:00+00:00,21.95,68.10773,0.0,22.0,0.126
2023-06-24 06:00:00+00:00,24.45,59.69022,0.0,23.65,0.126
2023-06-24 07:00:00+00:00,26.95,49.210773,0.0,25.65,0.126
2023-06-24 08:00:00+00:00,29.5,35.845703,0.0,27.8,0.126
2023-06-24 09:00:00+00:00,31.55,26.309244,0.0,29.95,0.126
2023-06-24 10:00:00+00:00,33.0,21.835968,0.0,31.85,0.126
2023-06-24 11:00:00+00:00,33.85,20.679451,0.0,33.4,0.126
2023-06-24 12:00:00+00:00,34.0,21.719923,0.0,34.15,0.124
2023-06-24 13:00:00+00:00,34.2,21.479002,0.0,34.75,0.124
2023-06-24 14:00:00+00:00,34.05,21.879297,0.0,34.85,0.124
2023-06-24 15:00:00+00:00,33.5,22.638477,0.0,34.45,0.124
2023-06-24 16:00:00+00:00,32.35,24.314192,0.0,33.55,0.123
2023-06-24 17:00:00+00:00,29.55,29.997053,0.0,32.2,0.123
2023-06-24 18:00:00+00:00,26.8,33.256775,0.0,30.5,0.123
2023-06-24 19:00:00+00:00,24.95,36.366146,0.0,28.95,0.123
2023-06-24 20:00:00+00:00,23.4,39.242107,0.0,27.55,0.123
2023-06-24 21:00:00+00:00,20.8,52.57543,0.0,26.1,0.123
2023-06-24 22:00:00+00:00,19.5,59.881832,0.0,24.75,0.123
2023-06-24 23:00:00+00:00,18.65,68.10556,0.0,23.6,0.123
2023-06-25 00:00:00+00:00,18.95,82.21929,0.0,23.5,0.114
2023-06-25 01:00:00+00:00,17.95,90.94862,0.0,22.65,0.114
2023-06-25 02:00:00+00:00,17.4,95.0585,0.0,21.9,0.114
2023-06-25 03:00:00+00:00,16.95,96.87519,0.0,21.2,0.114
2023-06-25 04:00:00+00:00,18.65,90.99487,0.0,21.2,0.114
2023-06-25 05:00:00+00:00,21.1,74.30661,0.0,22.1,0.114
2023-06-25 06:00:00+00:00,23.35,53.758945,0.0,23.65,0.114
2023-06-25 07:00:00+00:00,25.15,45.652405,0.0,25.6,0.114
2023-06-25 08:00:00+00:00,27.3,38.14629,0.0,27.65,0.114
2023-06-25 09:00:00+00:00,29.35,29.247833,0.0,29.8,0.114
2023-06-25 10:00:00+00:00,30.8,23.666397,0.0,31.7,0.114
2023-06-25 11:00:00+00:00,32.0,20.78572,0.0,33.35,0.114
2023-06-25 12:00:00+00:00,32.85,19.676352,0.0,34.55,0.115
2023-06-25 13:00:00+00:00,33.05,19.323063,0.0,35.4,0.115
2023-06-25 14:00:00+00:00,32.8,19.867735,0.0,35.7,0.115
2023-06-25 15:00:00+00:00,32.55,20.709457,0.0,35.3,0.115
2023-06-25 16:00:00+00:00,32.15,22.753277,0.0,34.35,0.115
2023-06-25 17:00:00+00:00,30.25,35.587955,0.0,32.85,0.115
2023-06-25 18:00:00+00:00,26.75,48.063614,0.0,31.2,0.115
2023-06-25 19:00:00+00:00,25.35,53.060513,0.0,29.7,0.115
2023-06-25 20:00:00+00:00,24.4,57.247833,0.0,28.4,0.115
2023-06-25 21:00:00+00:00,23.6,58.73102,0.0,27.3,0.115
2023-06-25 22:00:00+00:00,22.55,65.03828,0.0,26.3,0.115
2023-06-25 23:00:00+00:00,22.7,62.61577,0.0,25.35,0.115
2023-06-26 00:00:00+00:00,21.25,74.09587,0.0,24.9,0.107
2023-06-26 01:00:00+00:00,21.1,72.66698,0.0,24.15,0.107
2023-06-26 02:00:00+00:00,21.4,69.76385,0.0,23.75,0.107
2023-06-26 03:00:00+00:00,20.6,80.11003,0.0,23.4,0.107
2023-06-26 04:00:00+00:00,21.15,77.93741,0.0,23.35,0.107
2023-06-26 05:00:00+00:00,22.75,70.91373,0.0,24.0,0.107
2023-06-26 06:00:00+00:00,24.65,63.0489,0.0,25.15,0.107
2023-06-26 07:00:00+00:00,25.8,58.877552,0.0,26.35,0.107
2023-06-26 08:00:00+00:00,26.4,57.548244,0.1,27.4,0.108
2023-06-26 09:00:00+00:00,27.35,53.061764,0.1,28.65,0.109
2023-06-26 10:00:00+00:00,28.35,48.181324,0.1,29.8,0.11
2023-06-26 11:00:00+00:00,29.9,42.12538,0.1,31.15,0.111
2023-06-26 12:00:00+00:00,24.55,64.234215,0.5,31.25,0.12
2023-06-26 13:00:00+00:00,25.2,61.790222,0.2,29.75,0.121
2023-06-26 14:00:00+00:00,25.9,57.42795,0.1,29.6,0.122
2023-06-26 15:00:00+00:00,25.4,59.533424,0.1,29.1,0.123
2023-06-26 16:00:00+00:00,25.65,56.823147,0.0,28.75,0.123
2023-06-26 17:00:00+00:00,25.25,57.453705,0.0,28.0,0.123
2023-06-26 18:00:00+00:00,23.95,61.311523,0.0,27.0,0.122
2023-06-26 19:00:00+00:00,23.4,62.571804,0.0,26.0,0.122
2023-06-26 20:00:00+00:00,23.0,64.92671,0.0,25.3,0.122
2023-06-26 21:00:00+00:00,22.15,69.24291,0.0,24.65,0.122
2023-06-26 22:00:00+00:00,21.0,75.241714,0.0,23.95,0.122
2023-06-26 23:00:00+00:00,20.35,78.814804,0.0,23.35,0.122
2023-06-27 00:00:00+00:00,20.05,89.10978,0.0,23.25,0.136
2023-06-27 01:00:00+00:00,19.9,86.88303,0.0,22.7,0.136
2023-06-27 02:00:00+00:00,19.55,85.487526,0.0,22.25,0.136
2023-06-27 03:00:00+00:00,19.25,86.0006,0.0,21.8,0.136
2023-06-27 04:00:00+00:00,20.35,81.09786,0.0,21.9,0.136
2023-06-27 05:00:00+00:00,22.25,71.95288,0.0,22.75,0.135
2023-06-27 06:00:00+00:00,24.35,61.991024,0.0,24.15,0.135
2023-06-27 07:00:00+00:00,26.7,50.100113,0.0,26.0,0.135
2023-06-27 08:00:00+00:00,28.35,41.16156,0.0,27.8,0.135
2023-06-27 09:00:00+00:00,29.75,36.7447,0.0,29.65,0.135
2023-06-27 10:00:00+00:00,30.8,33.15974,0.0,31.3,0.134
2023-06-27 11:00:00+00:00,31.45,30.418394,0.0,32.55,0.134
2023-06-27 12:00:00+00:00,30.55,34.415726,0.0,31.9,0.161
2023-06-27 13:00:00+00:00,30.4,34.15004,0.0,32.2,0.16
2023-06-27 14:00:00+00:00,30.3,33.238926,0.0,32.15,0.159
2023-06-27 15:00:00+00:00,30.0,32.506573,0.0,31.75,0.158
2023-06-27 16:00:00+00:00,29.55,32.381783,0.0,30.95,0.157
2023-06-27 17:00:00+00:00,28.1,35.572037,0.0,29.75,0.157
2023-06-27 18:00:00+00:00,26.0,34.39794,0.0,28.25,0.157
2023-06-27 19:00:00+00:00,24.75,35.58033,0.0,27.0,0.157
2023-06-27 20:00:00+00:00,23.45,40.058826,0.0,25.9,0.157
2023-06-27 21:00:00+00:00,21.6,50.391228,0.0,24.85,0.157
2023-06-27 22:00:00+00:00,20.3,60.865276,0.0,23.85,0.156
2023-06-27 23:00:00+00:00,19.4,67.37263,0.0,23.0,0.156
2023-06-28 00:00:00+00:00,20.35,66.696655,0.0,22.85,0.152
2023-06-28 01:00:00+00:00,19.0,71.59029,0.0,22.2,0.152
2023-06-28 02:00:00+00:00,18.35,73.59722,0.0,21.65,0.152
2023-06-28 03:00:00+00:00,17.9,77.19732,0.0,21.2,0.152
2023-06-28 04:00:00+00:00,19.95,70.38825,0.0,21.35,0.152
2023-06-28 05:00:00+00:00,22.3,64.15598,0.0,22.35,0.152
2023-06-28 06:00:00+00:00,24.8,55.359257,0.0,24.05,0.152
2023-06-28 07:00:00+00:00,27.15,42.322723,0.0,26.05,0.151
2023-06-28 08:00:00+00:00,28.75,38.30074,0.0,28.2,0.15
2023-06-28 09:00:00+00:00,30.2,35.112904,0.0,30.3,0.149
2023-06-28 10:00:00+00:00,31.1,33.351448,0.0,32.05,0.148
2023-06-28 11:00:00+00:00,31.95,31.778898,0.0,33.4,0.147
2023-06-28 12:00:00+00:00,32.65,29.953321,0.0,33.55,0.149
2023-06-28 13:00:00+00:00,32.3,31.359838,0.1,33.7,0.149
2023-06-28 14:00:00+00:00,31.75,32.563366,0.0,33.4,0.148
2023-06-28 15:00:00+00:00,30.95,36.131622,0.0,32.8,0.148
2023-06-28 16:00:00+00:00,30.3,37.86589,0.1,31.9,0.148
2023-06-28 17:00:00+00:00,28.45,43.796024,0.0,30.65,0.148
2023-06-28 18:00:00+00:00,25.4,60.101696,0.0,29.2,0.148
2023-06-28 19:00:00+00:00,24.25,66.229645,0.0,27.9,0.148
2023-06-28 20:00:00+00:00,23.65,67.37258,0.0,26.85,0.148
2023-06-28 21:00:00+00:00,22.8,69.36872,0.0,26.05,0.148
2023-06-28 22:00:00+00:00,21.9,72.11838,0.0,25.3,0.148
2023-06-28 23:00:00+00:00,20.8,74.731125,0.0,24.55,0.148
2023-06-29 00:00:00+00:00,20.1,76.5493,0.0,23.55,0.148
2023-06-29 01:00:00+00:00,19.2,78.648834,0.0,23.1,0.148
2023-06-29 02:00:00+00:00,18.85,77.842995,0.0,22.6,0.148
2023-06-29 03:00:00+00:00,18.4,78.026955,0.1,22.15,0.148
2023-06-29 04:00:00+00:00,18.5,75.80427,0.0,21.9,0.149
2023-06-29 05:00:00+00:00,19.0,71.59029,0.0,22.05,0.149
2023-06-29 06:00:00+00:00,19.95,65.7516,0.0,22.65,0.149
2023-06-29 07:00:00+00:00,21.65,57.883617,0.0,24.0,0.148
2023-06-29 08:00:00+00:00,22.85,52.588383,0.0,25.2,0.148
2023-06-29 09:00:00+00:00,24.25,46.16041,0.0,26.3,0.147
2023-06-29 10:00:00+00:00,25.4,42.25319,0.0,27.55,0.147
2023-06-29 11:00:00+00:00,27.0,36.21554,0.0,29.2,0.146
2023-06-29 12:00:00+00:00,23.45,55.02158,0.0,28.1,0.158
2023-06-29 13:00:00+00:00,25.15,48.574314,0.0,29.05,0.157
2023-06-29 14:00:00+00:00,25.5,46.958065,0.0,29.4,0.156
2023-06-29 15:00:00+00:00,25.6,45.180775,0.0,29.45,0.156
2023-06-29 16:00:00+00:00,25.3,45.098545,0.0,28.9,0.155
2023-06-29 17:00:00+00:00,24.6,47.954346,0.0,27.85,0.155
2023-06-29 18:00:00+00:00,21.85,60.82862,0.0,26.35,0.155
2023-06-29 19:00:00+00:00,20.75,64.65114,0.0,25.0,0.155
2023-06-29 20:00:00+00:00,20.7,63.598392,0.0,24.0,0.155
2023-06-29 21:00:00+00:00,19.65,69.200226,0.0,23.2,0.155
2023-06-29 22:00:00+00:00,18.15,79.00468,0.0,22.4,0.155
2023-06-29 23:00:00+00:00,17.25,86.354,0.0,21.65,0.155
2023-06-30 00:00:00+00:00,18.15,84.256454,0.0,20.9,0.156
2023-06-30 01:00:00+00:00,18.15,83.182205,0.1,20.5,0.157
2023-06-30 02:00:00+00:00,16.9,91.4631,0.0,20.05,0.157
2023-06-30 03:00:00+00:00,16.45,94.71942,0.0,19.7,0.157
2023-06-30 04:00:00+00:00,17.65,90.35053,0.0,19.85,0.157
2023-06-30 05:00:00+00:00,19.35,82.00693,0.0,20.8,0.157
2023-06-30 06:00:00+00:00,21.7,70.26853,0.0,22.4,0.156
2023-06-30 07:00:00+00:00,24.1,55.00668,0.0,24.35,0.156
2023-06-30 08:00:00+00:00,25.85,43.080616,0.0,26.4,0.155
2023-06-30 09:00:00+00:00,27.05,37.825283,0.0,28.45,0.154
2023-06-30 10:00:00+00:00,27.9,35.75197,0.0,30.25,0.153
2023-06-30 11:00:00+00:00,28.7,33.788673,0.0,31.6,0.152
2023-06-30 12:00:00+00:00,28.15,33.41182,0.0,31.85,0.152
2023-06-30 13:00:00+00:00,28.75,31.522251,0.0,31.8,0.152
2023-06-30 14:00:00+00:00,28.8,30.39663,0.0,31.5,0.151
2023-06-30 15:00:00+00:00,29.05,29.461134,0.0,31.2,0.15
2023-06-30 16:00:00+00:00,28.6,30.545727,0.0,30.45,0.15
2023-06-30 17:00:00+00:00,26.75,39.010506,0.0,29.2,0.15
2023-06-30 18:00:00+00:00,24.0,45.18716,0.0,27.55,0.15
2023-06-30 19:00:00+00:00,22.8,56.30543,0.0,26.3,0.15
2023-06-30 20:00:00+00:00,21.95,59.099712,0.0,25.25,0.149
2023-06-30 21:00:00+00:00,21.0,61.82881,0.0,24.3,0.149
2023-06-30 22:00:00+00:00,20.55,61.92785,0.0,23.5,0.149
2023-06-30 23:00:00+00:00,19.8,63.3985,0.0,22.8,0.149
2023-07-01 00:00:00+00:00,19.2,67.11188,0.0,21.5,0.148
2023-07-01 01:00:00+00:00,17.6,74.67677,0.0,20.95,0.148
2023-07-01 02:00:00+00:00,17.2,77.340805,0.0,20.45,0.148
2023-07-01 03:00:00+00:00,17.95,74.9795,0.0,20.0,0.148
2023-07-01 04:00:00+00:00,18.4,74.81133,0.0,20.2,0.148
2023-07-01 05:00:00+00:00,21.05,62.041866,0.0,21.3,0.148
2023-07-01 06:00:00+00:00,23.75,53.686382,0.0,23.1,0.147
2023-07-01 07:00:00+00:00,26.1,50.103485,0.0,25.2,0.147
2023-07-01 08:00:00+00:00,28.2,43.0277,0.0,27.45,0.146
2023-07-01 09:00:00+00:00,29.9,34.01114,0.0,29.65,0.145
2023-07-01 10:00:00+00:00,30.95,29.982405,0.0,31.6,0.145
2023-07-01 11:00:00+00:00,31.8,28.004864,0.0,33.15,0.144
2023-07-01 12:00:00+00:00,31.7,30.788712,0.0,33.95,0.145
2023-07-01 13:00:00+00:00,31.9,30.242222,0.0,34.2,0.144
2023-07-01 14:00:00+00:00,31.75,29.806213,0.0,34.05,0.143
2023-07-01 15:00:00+00:00,31.5,29.057896,0.0,33.55,0.143
2023-07-01 16:00:00+00:00,30.1,33.733093,0.0,32.5,0.143
2023-07-01 17:00:00+00:00,27.35,42.24025,0.0,31.05,0.142
2023-07-01 18:00:00+00:00,25.65,46.541763,0.0,29.45,0.142
2023-07-01 19:00:00+00:00,24.5,53.53046,0.0,28.05,0.142
2023-07-01 20:00:00+00:00,23.65,58.178917,0.0,26.9,0.142
2023-07-01 21:00:00+00:00,23.15,59.384544,0.0,25.95,0.142
2023-07-01 22:00:00+00:00,22.75,57.587334,0.0,25.2,0.142
2023-07-01 23:00:00+00:00,22.25,54.006138,0.0,24.55,0.142
2023-07-02 00:00:00+00:00,21.65,57.69478,0.0,23.15,0.137
2023-07-02 01:00:00+00:00,21.05,58.117527,0.0,22.85,0.137
2023-07-02 02:00:00+00:00,20.75,58.427345,0.0,22.55,0.137
2023-07-02 03:00:00+00:00,20.4,58.15065,0.0,22.25,0.137
2023-07-02 04:00:00+00:00,21.85,53.373997,0.0,22.45,0.137
2023-07-02 05:00:00+00:00,24.1,49.251217,0.0,23.4,0.137
2023-07-02 06:00:00+00:00,26.3,44.639416,0.0,24.9,0.137
2023-07-02 07:00:00+00:00,28.05,39.63201,0.0,26.65,0.137
2023-07-02 08:00:00+00:00,29.65,35.8875,0.0,28.55,0.136
2023-07-02 09:00:00+00:00,30.95,34.865177,0.0,30.4,0.136
2023-07-02 10:00:00+00:00,31.95,33.91439,0.0,32.05,0.136
2023-07-02 11:00:00+00:00,32.8,32.324917,0.0,33.4,0.135
2023-07-02 12:00:00+00:00,33.0,31.245691,0.0,33.9,0.138
2023-07-02 13:00:00+00:00,33.55,29.614279,0.0,34.4,0.137
2023-07-02 14:00:00+00:00,32.9,30.31674,0.0,34.25,0.137
2023-07-02 15:00:00+00:00,32.05,32.645985,0.0,33.65,0.137
2023-07-02 16:00:00+00:00,30.85,37.17002,0.0,32.85,0.136
2023-07-02 17:00:00+00:00,29.3,42.64001,0.0,31.65,0.136
2023-07-02 18:00:00+00:00,27.2,49.119305,0.0,30.2,0.136
2023-07-02 19:00:00+00:00,25.8,53.345917,0.0,28.85,0.136
2023-07-02 20:00:00+00:00,24.9,55.20673,0.0,27.75,0.136
2023-07-02 21:00:00+00:00,23.8,59.728878,0.0,26.8,0.136
2023-07-02 22:00:00+00:00,22.9,65.1129,0.0,26.0,0.136
2023-07-02 23:00:00+00:00,22.3,71.05525,0.0,25.3,0.136
2023-07-03 00:00:00+00:00,21.4,79.96612,0.0,24.4,0.134
2023-07-03 01:00:00+00:00,21.65,81.77668,0.0,24.05,0.134
2023-07-03 02:00:00+00:00,20.1,85.81386,0.0,23.65,0.134
2023-07-03 03:00:00+00:00,19.7,88.52318,0.0,23.2,0.134
2023-07-03 04:00:00+00:00,20.9,85.08992,0.0,23.25,0.134
2023-07-03 05:00:00+00:00,23.2,77.99491,0.0,24.0,0.134
2023-07-03 06:00:00+00:00,25.2,66.01053,0.0,25.35,0.134
2023-07-03 07:00:00+00:00,27.1,57.53481,0.0,27.05,0.134
2023-07-03 08:00:00+00:00,28.65,50.76864,0.2,28.75,0.135
2023-07-03 09:00:00+00:00,28.8,51.77656,0.1,30.05,0.136
2023-07-03 10:00:00+00:00,27.65,55.3614,0.1,30.45,0.137
2023-07-03 11:00:00+00:00,28.35,53.482502,0.2,30.55,0.138
2023-07-03 12:00:00+00:00,28.7,53.06874,0.0,28.25,0.374
2023-07-03 13:00:00+00:00,28.75,53.582977,0.3,28.9,0.365
2023-07-03 14:00:00+00:00,29.3,51.41844,0.0,29.45,0.356
2023-07-03 15:00:00+00:00,29.2,51.554348,0.0,29.5,0.349
2023-07-03 16:00:00+00:00,28.65,52.72389,0.0,29.05,0.344
2023-07-03 17:00:00+00:00,27.15,67.235725,0.0,28.3,0.34
2023-07-03 18:00:00+00:00,25.5,66.90339,0.0,27.2,0.336
2023-07-03 19:00:00+00:00,24.1,72.28382,0.0,26.25,0.334
2023-07-03 20:00:00+00:00,23.25,76.0799,0.0,25.45,0.331
2023-07-03 21:00:00+00:00,22.6,66.732666,0.0,24.8,0.328
2023-07-03 22:00:00+00:00,21.95,60.458538,0.0,24.2,0.326
2023-07-03 23:00:00+00:00,21.1,62.458115,0.0,23.65,0.324
2023-07-04 00:00:00+00:00,21.1,65.78184,0.0,23.55,0.316
2023-07-04 01:00:00+00:00,19.9,75.0609,0.0,23.05,0.314
2023-07-04 02:00:00+00:00,19.35,77.668335,0.0,22.6,0.313
2023-07-04 03:00:00+00:00,19.0,80.40486,0.0,22.15,0.311
2023-07-04 04:00:00+00:00,20.4,75.14333,0.0,22.25,0.309
2023-07-04 05:00:00+00:00,22.7,67.60896,0.0,23.05,0.308
2023-07-04 06:00:00+00:00,25.0,62.53089,0.0,24.35,0.305
2023-07-04 07:00:00+00:00,26.85,57.83786,0.0,25.95,0.302
2023-07-04 08:00:00+00:00,28.5,47.008144,0.0,27.5,0.298
2023-07-04 09:00:00+00:00,29.8,43.743626,0.0,28.95,0.293
2023-07-04 10:00:00+00:00,30.85,42.116707,0.0,30.2,0.289
2023-07-04 11:00:00+00:00,31.6,41.001854,0.0,31.15,0.284
2023-07-04 12:00:00+00:00,31.7,41.02923,0.0,31.7,0.282
2023-07-04 13:00:00+00:00,31.95,40.06855,0.0,32.0,0.278
2023-07-04 14:00:00+00:00,31.95,40.06855,0.0,32.0,0.274
2023-07-04 15:00:00+00:00,31.6,40.871918,0.0,31.55,0.271
2023-07-04 16:00:00+00:00,30.45,43.642326,0.0,30.75,0.269
2023-07-04 17:00:00+00:00,28.65,47.34888,0.0,29.7,0.268
2023-07-04 18:00:00+00:00,26.9,50.960785,0.0,28.55,0.267
2023-07-04 19:00:00+00:00,25.55,54.665226,0.0,27.5,0.266
2023-07-04 20:00:00+00:00,24.3,60.03714,0.0,26.65,0.266
2023-07-04 21:00:00+00:00,23.05,68.11019,0.0,25.85,0.265
2023-07-04 22:00:00+00:00,22.2,75.91368,0.0,25.15,0.265
2023-07-04 23:00:00+00:00,21.4,82.00239,0.0,24.55,0.264
2023-07-05 00:00:00+00:00,21.0,88.07846,0.0,24.55,0.258
2023-07-05 01:00:00+00:00,20.45,91.3969,0.0,23.95,0.258
2023-07-05 02:00:00+00:00,20.1,93.10382,0.0,23.4,0.257
2023-07-05 03:00:00+00:00,19.65,95.14085,0.0,22.95,0.257
2023-07-05 04:00:00+00:00,21.4,88.38687,0.0,23.05,0.257
2023-07-05 05:00:00+00:00,22.95,79.6781,0.0,23.8,0.256
2023-07-05 06:00:00+00:00,24.4,70.995285,0.0,24.95,0.255
2023-07-05 07:00:00+00:00,25.9,62.9273,0.0,26.3,0.253
2023-07-05 08:00:00+00:00,27.6,55.873768,0.0,27.8,0.25
2023-07-05 09:00:00+00:00,29.4,50.010548,0.0,29.25,0.247
2023-07-05 10:00:00+00:00,30.9,46.029636,0.0,30.6,0.244
2023-07-05 11:00:00+00:00,32.0,43.923664,0.0,31.75,0.241
2023-07-05 12:00:00+00:00,32.6,41.275055,0.0,32.65,0.238
2023-07-05 13:00:00+00:00,32.8,37.350193,0.0,32.9,0.235
2023-07-05 14:00:00+00:00,32.25,37.797447,0.0,32.8,0.232
2023-07-05 15:00:00+00:00,31.1,39.07755,0.0,32.2,0.23
2023-07-05 16:00:00+00:00,29.35,42.51707,0.0,31.25,0.228
2023-07-05 17:00:00+00:00,27.1,47.84853,0.0,30.0,0.227
2023-07-05 18:00:00+00:00,25.45,48.182777,0.0,28.65,0.227
2023-07-05 19:00:00+00:00,24.45,49.344536,0.0,27.45,0.227
2023-07-05 20:00:00+00:00,23.25,53.558586,0.0,26.4,0.226
2023-07-05 21:00:00+00:00,22.65,56.63556,0.0,25.55,0.226
2023-07-05 22:00:00+00:00,21.9,60.44689,0.0,24.8,0.226
2023-07-05 23:00:00+00:00,21.2,63.91556,0.0,24.2,0.226
2023-07-06 00:00:00+00:00,20.9,71.02206,0.0,24.35,0.222
2023-07-06 01:00:00+00:00,20.75,74.96146,0.0,23.8,0.222
2023-07-06 02:00:00+00:00,20.5,80.60546,0.0,23.35,0.222
2023-07-06 03:00:00+00:00,20.45,83.97819,0.0,23.0,0.222
2023-07-06 04:00:00+00:00,21.6,82.027084,0.0,23.1,0.221
2023-07-06 05:00:00+00:00,23.55,74.24958,0.0,23.8,0.221
2023-07-06 06:00:00+00:00,25.65,61.891357,0.0,24.9,0.22
2023-07-06 07:00:00+00:00,27.55,53.449493,0.0,26.3,0.219
2023-07-06 08:00:00+00:00,29.45,47.411533,0.0,27.8,0.217
2023-07-06 09:00:00+00:00,31.05,41.90433,0.0,29.3,0.214
2023-07-06 10:00:00+00:00,31.9,39.674797,0.0,30.7,0.212
2023-07-06 11:00:00+00:00,32.65,37.308895,0.0,31.65,0.21
2023-07-06 12:00:00+00:00,31.95,44.04823,0.0,32.4,0.211
2023-07-06 13:00:00+00:00,32.6,40.11967,0.0,32.8,0.209
2023-07-06 14:00:00+00:00,32.95,37.036274,0.0,32.85,0.207
2023-07-06 15:00:00+00:00,32.8,35.832367,0.0,32.5,0.206
2023-07-06 16:00:00+00:00,32.0,37.24881,0.0,31.8,0.204
2023-07-06 17:00:00+00:00,30.0,43.79802,0.0,30.75,0.204
2023-07-06 18:00:00+00:00,27.2,50.23108,0.0,29.35,0.203
2023-07-06 19:00:00+00:00,26.2,52.432472,0.0,28.1,0.203
2023-07-06 20:00:00+00:00,24.75,59.192253,0.0,27.05,0.203
2023-07-06 21:00:00+00:00,23.5,62.19551,0.0,26.1,0.203
2023-07-06 22:00:00+00:00,23.55,64.42661,0.0,25.45,0.203
2023-07-06 23:00:00+00:00,23.75,67.60592,0.0,25.05,0.203
2023-07-07 00:00:00+00:00,22.25,77.36758,0.0,24.55,0.183
2023-07-07 01:00:00+00:00,23.1,71.87895,0.0,24.2,0.183
2023-07-07 02:00:00+00:00,22.95,72.07874,0.0,24.0,0.183
2023-07-07 03:00:00+00:00,22.55,75.493416,0.0,23.8,0.183
2023-07-07 04:00:00+00:00,23.6,72.876945,0.0,23.95,0.183
2023-07-07 05:00:00+00:00,25.6,65.887054,0.0,24.8,0.182
2023-07-07 06:00:00+00:00,27.65,58.210033,0.0,26.1,0.182
2023-07-07 07:00:00+00:00,29.75,48.70429,0.0,27.65,0.181
2023-07-07 08:00:00+00:00,31.2,44.402306,0.0,29.3,0.179
2023-07-07 09:00:00+00:00,31.85,41.98978,0.0,30.8,0.178
2023-07-07 10:00:00+00:00,32.25,40.662315,0.0,31.9,0.176
2023-07-07 11:00:00+00:00,28.25,57.629322,2.2,32.15,0.202
2023-07-07 12:00:00+00:00,29.65,50.5491,0.4,32.8,0.188
2023-07-07 13:00:00+00:00,27.45,62.680298,2.8,32.5,0.221
2023-07-07 14:00:00+00:00,25.7,67.783104,0.0,30.6,0.22
2023-07-07 15:00:00+00:00,24.7,72.39001,0.3,29.35,0.222
2023-07-07 16:00:00+00:00,25.05,74.96072,0.4,28.35,0.225
2023-07-07 17:00:00+00:00,24.75,78.94619,0.0,27.45,0.225
2023-07-07 18:00:00+00:00,24.3,80.10835,0.0,26.45,0.224
2023-07-07 19:00:00+00:00,23.45,83.01911,0.0,25.55,0.224
2023-07-07 20:00:00+00:00,24.15,77.651665,0.0,24.85,0.224
2023-07-07 21:00:00+00:00,22.65,83.701096,0.0,24.3,0.224
2023-07-07 22:00:00+00:00,22.6,75.02833,0.0,23.9,0.224
2023-07-07 23:00:00+00:00,22.0,72.59547,0.0,23.45,0.224
2023-07-08 00:00:00+00:00,22.05,70.55885,0.0,23.05,0.24
2023-07-08 01:00:00+00:00,22.25,66.23536,0.0,23.0,0.24
2023-07-08 02:00:00+00:00,21.9,67.66341,0.0,22.95,0.24
2023-07-08 03:00:00+00:00,21.75,68.9444,0.0,22.9,0.239
2023-07-08 04:00:00+00:00,22.35,68.1875,0.0,23.1,0.239
2023-07-08 05:00:00+00:00,23.45,64.610344,0.0,23.7,0.238
2023-07-08 06:00:00+00:00,24.6,59.7253,0.0,24.65,0.237
2023-07-08 07:00:00+00:00,25.9,55.278885,0.0,25.9,0.235
2023-07-08 08:00:00+00:00,27.0,50.824253,0.0,27.25,0.233
2023-07-08 09:00:00+00:00,28.15,48.281902,0.0,28.5,0.231
2023-07-08 10:00:00+00:00,29.2,45.283714,0.0,29.75,0.228
2023-07-08 11:00:00+00:00,30.05,42.0319,0.0,30.85,0.225
2023-07-08 12:00:00+00:00,26.15,56.76439,0.0,31.3,0.233
2023-07-08 13:00:00+00:00,26.0,57.81712,0.0,30.3,0.232
2023-07-08 14:00:00+00:00,27.9,49.935444,0.0,30.55,0.23
2023-07-08 15:00:00+00:00,26.3,51.131546,0.1,29.85,0.229
2023-07-08 16:00:00+00:00,23.75,70.21066,1.1,28.55,0.24
2023-07-08 17:00:00+00:00,23.9,68.92668,0.0,27.25,0.24
2023-07-08 18:00:00+00:00,23.5,62.994976,0.0,26.15,0.239
2023-07-08 19:00:00+00:00,22.85,61.05955,0.0,25.25,0.239
2023-07-08 20:00:00+00:00,22.05,64.10154,0.0,24.6,0.239
2023-07-08 21:00:00+00:00,21.55,66.3021,0.0,24.05,0.238
2023-07-08 22:00:00+00:00,21.15,68.385735,0.0,23.6,0.238
2023-07-08 23:00:00+00:00,20.3,72.06001,0.0,23.1,0.238
2023-07-09 00:00:00+00:00,19.05,74.678314,0.0,23.0,0.229
2023-07-09 01:00:00+00:00,18.25,79.01902,0.0,22.35,0.229
2023-07-09 02:00:00+00:00,18.05,78.22747,0.0,21.75,0.229
2023-07-09 03:00:00+00:00,18.1,73.31422,0.0,21.3,0.229
2023-07-09 04:00:00+00:00,19.35,69.818954,0.0,21.35,0.228
2023-07-09 05:00:00+00:00,21.2,68.8364,0.0,22.1,0.228
2023-07-09 06:00:00+00:00,23.4,59.634968,0.0,23.4,0.227
2023-07-09 07:00:00+00:00,25.5,46.805283,0.0,24.85,0.225
2023-07-09 08:00:00+00:00,27.0,39.99124,0.0,26.35,0.223
2023-07-09 09:00:00+00:00,28.3,32.24915,0.0,27.8,0.221
2023-07-09 10:00:00+00:00,29.25,30.72547,0.0,29.05,0.218
2023-07-09 11:00:00+00:00,29.65,32.302467,0.0,30.1,0.215
2023-07-09 12:00:00+00:00,29.8,29.766382,0.0,30.65,0.215
2023-07-09 13:00:00+00:00,30.35,27.985746,0.0,30.75,0.212
2023-07-09 14:00:00+00:00,29.85,29.483284,0.0,30.25,0.211
2023-07-09 15:00:00+00:00,30.25,28.335815,0.0,30.05,0.209
2023-07-09 16:00:00+00:00,29.45,30.883467,0.0,29.4,0.208
2023-07-09 17:00:00+00:00,28.15,34.198826,0.0,28.6,0.207
2023-07-09 18:00:00+00:00,26.8,36.039043,0.0,27.65,0.206
2023-07-09 19:00:00+00:00,25.3,39.911198,0.0,26.7,0.206
2023-07-09 20:00:00+00:00,23.05,46.909016,0.0,25.7,0.206
2023-07-09 21:00:00+00:00,21.9,53.036343,0.0,24.55,0.206
2023-07-09 22:00:00+00:00,22.6,49.49975,0.0,23.6,0.206
2023-07-09 23:00:00+00:00,21.8,52.488247,0.0,22.8,0.206
2023-07-10 00:00:00+00:00,20.4,61.489822,0.0,21.9,0.205
2023-07-10 01:00:00+00:00,19.95,63.431904,0.0,21.4,0.205
2023-07-10 02:00:00+00:00,18.45,71.95629,0.0,20.95,0.205
2023-07-10 03:00:00+00:00,17.2,80.16019,0.0,20.55,0.205
2023-07-10 04:00:00+00:00,18.9,73.21678,0.0,20.75,0.204
2023-07-10 05:00:00+00:00,21.5,64.81313,0.0,21.7,0.204
2023-07-10 06:00:00+00:00,24.25,53.988056,0.0,23.3,0.203
2023-07-10 07:00:00+00:00,26.6,46.79881,0.0,25.15,0.202
2023-07-10 08:00:00+00:00,28.55,37.62447,0.0,27.1,0.2
2023-07-10 09:00:00+00:00,29.8,34.43265,0.0,28.95,0.198
2023-07-10 10:00:00+00:00,30.65,33.226913,0.0,30.4,0.196
2023-07-10 11:00:00+00:00,31.1,32.278194,0.0,31.55,0.193
2023-07-10 12:00:00+00:00,31.2,34.26023,0.0,32.05,0.194
2023-07-10 13:00:00+00:00,31.1,33.899765,0.0,32.4,0.192
2023-07-10 14:00:00+00:00,31.05,34.666878,0.0,32.55,0.19
2023-07-10 15:00:00+00:00,30.85,33.94113,0.0,32.25,0.189
2023-07-10 16:00:00+00:00,30.55,34.528236,0.0,31.45,0.188
2023-07-10 17:00:00+00:00,28.7,42.20216,0.0,30.25,0.188
2023-07-10 18:00:00+00:00,26.9,44.513744,0.0,28.95,0.187
2023-07-10 19:00:00+00:00,26.45,45.56083,0.0,27.95,0.187
2023-07-10 20:00:00+00:00,25.85,51.508923,0.0,27.1,0.187
2023-07-10 21:00:00+00:00,23.35,60.007698,0.0,26.05,0.187
2023-07-10 22:00:00+00:00,22.45,63.166264,0.0,25.2,0.187
2023-07-10 23:00:00+00:00,21.65,68.266075,0.0,24.5,0.187
2023-07-11 00:00:00+00:00,21.25,73.158394,0.0,24.4,0.186
2023-07-11 01:00:00+00:00,20.35,77.57101,0.0,23.75,0.186
2023-07-11 02:00:00+00:00,20.65,75.9068,0.0,23.05,0.186
2023-07-11 03:00:00+00:00,19.9,79.506775,0.0,22.5,0.186
2023-07-11 04:00:00+00:00,21.25,73.158394,0.0,22.55,0.186
2023-07-11 05:00:00+00:00,23.3,63.556686,0.0,23.45,0.186
2023-07-11 06:00:00+00:00,26.05,52.0593,0.0,24.9,0.185
2023-07-11 07:00:00+00:00,28.25,44.451214,0.0,26.6,0.184
2023-07-11 08:00:00+00:00,30.25,39.855896,0.0,28.45,0.182
2023-07-11 09:00:00+00:00,32.05,33.505047,0.0,30.25,0.18
2023-07-11 10:00:00+00:00,32.35,31.88873,0.2,31.3,0.18
2023-07-11 11:00:00+00:00,32.75,32.31119,0.1,32.25,0.179
2023-07-11 12:00:00+00:00,33.55,29.04053,0.0,33.45,0.179
2023-07-11 13:00:00+00:00,34.05,27.691795,0.0,34.0,0.177
2023-07-11 14:00:00+00:00,33.85,28.371386,0.0,34.1,0.175
2023-07-11 15:00:00+00:00,32.9,31.01599,0.0,33.6,0.174
2023-07-11 16:00:00+00:00,31.35,36.009216,0.0,32.6,0.173
2023-07-11 17:00:00+00:00,29.05,40.16933,0.0,31.35,0.173
2023-07-11 18:00:00+00:00,28.0,45.103333,0.0,30.05,0.172
2023-07-11 19:00:00+00:00,26.75,51.084854,0.0,28.95,0.172
2023-07-11 20:00:00+00:00,25.5,56.246384,0.0,27.95,0.172
2023-07-11 21:00:00+00:00,24.3,62.177055,0.0,27.05,0.172
2023-07-11 22:00:00+00:00,23.35,67.52547,0.0,26.25,0.172
2023-07-11 23:00:00+00:00,22.45,72.4457,0.0,25.5,0.172
2023-07-12 00:00:00+00:00,22.3,75.690994,0.0,25.35,0.168
2023-07-12 01:00:00+00:00,21.75,79.26318,0.0,24.75,0.167
2023-07-12 02:00:00+00:00,21.25,83.019844,0.0,24.25,0.167
2023-07-12 03:00:00+00:00,20.8,86.96661,0.0,23.75,0.167
2023-07-12 04:00:00+00:00,22.25,81.59655,0.0,23.8,0.167
2023-07-12 05:00:00+00:00,24.9,71.30854,0.0,24.7,0.167
2023-07-12 06:00:00+00:00,27.95,54.571354,0.0,26.3,0.167
2023-07-12 07:00:00+00:00,30.2,45.265736,0.0,28.2,0.166
2023-07-12 08:00:00+00:00,31.85,41.331165,0.0,30.2,0.165
2023-07-12 09:00:00+00:00,33.2,38.058716,0.0,32.2,0.163
2023-07-12 10:00:00+00:00,34.1,35.507595,0.0,33.9,0.161
2023-07-12 11:00:00+00:00,34.75,33.17419,0.0,35.25,0.16
2023-07-12 12:00:00+00:00,34.5,35.057472,0.0,35.65,0.163
2023-07-12 13:00:00+00:00,34.95,34.409897,0.0,36.15,0.162
2023-07-12 14:00:00+00:00,35.05,33.895832,0.0,36.15,0.16
2023-07-12 15:00:00+00:00,34.6,34.863136,0.0,35.6,0.159
2023-07-12 16:00:00+00:00,33.75,37.020935,0.0,34.65,0.159
2023-07-12 17:00:00+00:00,32.25,40.920216,0.0,33.45,0.158
2023-07-12 18:00:00+00:00,29.7,44.136616,0.0,32.05,0.158
2023-07-12 19:00:00+00:00,28.15,49.68431,0.0,30.7,0.158
2023-07-12 20:00:00+00:00,27.05,53.32309,0.0,29.55,0.158
2023-07-12 21:00:00+00:00,26.4,54.011837,0.0,28.6,0.158
2023-07-12 22:00:00+00:00,25.95,53.554993,0.0,27.8,0.158
2023-07-12 23:00:00+00:00,24.8,58.828026,0.0,27.1,0.158
2023-07-13 00:00:00+00:00,24.2,67.27126,0.0,25.75,0.157
2023-07-13 01:00:00+00:00,23.9,68.27869,0.0,25.3,0.157
2023-07-13 02:00:00+00:00,22.2,77.1173,0.0,24.85,0.157
2023-07-13 03:00:00+00:00,21.75,79.51264,0.0,24.45,0.157
2023-07-13 04:00:00+00:00,23.8,70.22008,0.0,24.6,0.157
2023-07-13 05:00:00+00:00,26.15,62.198036,0.0,25.6,0.156
2023-07-13 06:00:00+00:00,28.25,54.133682,0.0,27.2,0.156
2023-07-13 07:00:00+00:00,30.4,47.364758,0.0,29.1,0.155
2023-07-13 08:00:00+00:00,32.35,42.525196,0.0,31.15,0.154
2023-07-13 09:00:00+00:00,34.15,38.925587,0.0,33.2,0.153
2023-07-13 10:00:00+00:00,35.55,35.567425,0.0,35.05,0.152
2023-07-13 11:00:00+00:00,36.75,31.659517,0.0,36.6,0.15
2023-07-13 12:00:00+00:00,37.05,31.740515,0.0,37.3,0.153
2023-07-13 13:00:00+00:00,37.6,29.750343,0.0,37.9,0.152
2023-07-13 14:00:00+00:00,37.5,29.723608,0.0,37.8,0.151
2023-07-13 15:00:00+00:00,36.4,32.477158,0.0,37.0,0.15
2023-07-13 16:00:00+00:00,35.65,34.27516,0.0,36.1,0.15
2023-07-13 17:00:00+00:00,33.7,40.929405,0.0,34.85,0.149
2023-07-13 18:00:00+00:00,31.45,47.49384,0.0,33.45,0.149
2023-07-13 19:00:00+00:00,29.65,53.474144,0.0,32.15,0.149
2023-07-13 20:00:00+00:00,28.5,57.86853,0.0,31.0,0.149
2023-07-13 21:00:00+00:00,28.0,59.392303,0.0,30.1,0.149
2023-07-13 22:00:00+00:00,27.3,60.162006,0.0,29.3,0.149
2023-07-13 23:00:00+00:00,26.7,60.212315,0.0,28.6,0.149
2023-07-14 00:00:00+00:00,26.45,59.77792,0.0,26.8,0.153
2023-07-14 01:00:00+00:00,25.6,62.270958,0.0,26.55,0.153
2023-07-14 02:00:00+00:00,24.55,68.19257,0.0,26.15,0.153
2023-07-14 03:00:00+00:00,24.2,66.42853,0.0,25.75,0.153
2023-07-14 04:00:00+00:00,26.1,59.696617,0.0,25.85,0.153
2023-07-14 05:00:00+00:00,28.65,54.57399,0.0,26.85,0.153
2023-07-14 06:00:00+00:00,30.4,51.53898,0.0,28.45,0.153
2023-07-14 07:00:00+00:00,31.75,50.149963,0.0,30.25,0.152
2023-07-14 08:00:00+00:00,33.85,44.834347,0.0,32.25,0.151
2023-07-14 09:00:00+00:00,35.6,41.8287,0.0,34.25,0.15
2023-07-14 10:00:00+00:00,36.45,39.672802,0.0,35.85,0.149
2023-07-14 11:00:00+00:00,37.85,33.178757,0.0,37.35,0.148
2023-07-14 12:00:00+00:00,36.65,37.57861,0.0,38.05,0.151
2023-07-14 13:00:00+00:00,36.5,37.421574,0.0,38.4,0.15
2023-07-14 14:00:00+00:00,34.75,41.72866,0.0,37.55,0.149
2023-07-14 15:00:00+00:00,35.5,38.327396,0.0,36.95,0.149
2023-07-14 16:00:00+00:00,34.7,42.235283,0.0,36.15,0.148
2023-07-14 17:00:00+00:00,33.35,44.839798,0.0,34.95,0.148
2023-07-14 18:00:00+00:00,30.1,48.338478,0.0,33.55,0.148
2023-07-14 19:00:00+00:00,28.85,46.35782,0.0,32.25,0.148
2023-07-14 20:00:00+00:00,27.75,49.579395,0.0,31.1,0.147
2023-07-14 21:00:00+00:00,26.65,56.349094,0.0,30.15,0.147
2023-07-14 22:00:00+00:00,25.7,62.68605,0.0,29.3,0.147
2023-07-14 23:00:00+00:00,25.1,67.03164,0.0,28.55,0.147
2023-07-15 00:00:00+00:00,24.6,77.001816,0.0,28.65,0.146
2023-07-15 01:00:00+00:00,24.25,79.60933,0.0,28.0,0.146
2023-07-15 02:00:00+00:00,23.95,80.806244,0.0,27.4,0.146
2023-07-15 03:00:00+00:00,23.65,80.26912,0.0,26.85,0.146
2023-07-15 04:00:00+00:00,24.6,73.96407,0.0,26.75,0.146
2023-07-15 05:00:00+00:00,26.25,64.59795,0.0,27.3,0.145
2023-07-15 06:00:00+00:00,28.1,54.780357,0.0,28.45,0.145
2023-07-15 07:00:00+00:00,30.1,46.25204,0.0,29.95,0.145
2023-07-15 08:00:00+00:00,31.75,42.095352,0.0,31.6,0.144
2023-07-15 09:00:00+00:00,33.05,38.502438,0.0,33.2,0.143
2023-07-15 10:00:00+00:00,34.0,35.933586,0.0,34.65,0.143
2023-07-15 11:00:00+00:00,34.45,34.822063,0.0,35.8,0.142
2023-07-15 12:00:00+00:00,34.1,36.766766,0.0,36.3,0.143
2023-07-15 13:00:00+00:00,34.25,35.774788,0.0,36.7,0.143
2023-07-15 14:00:00+00:00,34.0,35.706245,0.0,36.65,0.142
2023-07-15 15:00:00+00:00,32.9,36.55356,0.0,36.05,0.141
2023-07-15 16:00:00+00:00,31.3,39.13273,0.0,35.0,0.141
2023-07-15 17:00:00+00:00,29.45,42.81812,0.0,33.65,0.141
2023-07-15 18:00:00+00:00,27.9,46.547935,0.0,32.2,0.141
2023-07-15 19:00:00+00:00,26.5,50.53168,0.0,30.9,0.141
2023-07-15 20:00:00+00:00,25.25,56.00576,0.0,29.8,0.141
2023-07-15 21:00:00+00:00,24.2,63.149662,0.0,28.8,0.141
2023-07-15 22:00:00+00:00,23.5,68.199524,0.0,27.9,0.141
2023-07-15 23:00:00+00:00,22.95,72.07874,0.0,27.15,0.14
2023-07-16 00:00:00+00:00,22.5,78.626854,0.0,27.0,0.138
2023-07-16 01:00:00+00:00,22.0,82.59063,0.0,26.3,0.138
2023-07-16 02:00:00+00:00,21.5,85.95321,0.0,25.7,0.138
2023-07-16 03:00:00+00:00,21.05,88.91033,0.0,25.15,0.138
2023-07-16 04:00:00+00:00,22.15,82.86656,0.0,25.0,0.138
2023-07-16 05:00:00+00:00,23.85,74.997826,0.0,25.65,0.138
2023-07-16 06:00:00+00:00,25.8,62.51157,0.0,26.9,0.137
2023-07-16 07:00:00+00:00,27.9,50.73488,0.0,28.6,0.137
2023-07-16 08:00:00+00:00,30.05,41.232155,0.0,30.5,0.137
2023-07-16 09:00:00+00:00,31.85,33.88679,0.0,32.35,0.136
2023-07-16 10:00:00+00:00,33.2,27.104645,0.0,34.0,0.136
2023-07-16 11:00:00+00:00,33.7,26.617802,0.0,35.25,0.135
2023-07-16 12:00:00+00:00,33.75,27.702276,0.0,36.0,0.136
2023-07-16 13:00:00+00:00,33.95,27.57459,0.0,36.45,0.135
2023-07-16 14:00:00+00:00,33.9,27.381098,0.0,36.45,0.135
2023-07-16 15:00:00+00:00,33.0,28.60899,0.0,35.95,0.135
2023-07-16 16:00:00+00:00,30.9,30.873547,0.0,34.8,0.135
2023-07-16 17:00:00+00:00,28.8,33.15066,0.0,33.3,0.134
2023-07-16 18:00:00+00:00,26.85,36.173355,0.0,31.7,0.134
2023-07-16 19:00:00+00:00,25.2,42.47736,0.0,30.2,0.134
2023-07-16 20:00:00+00:00,23.85,51.488194,0.0,28.9,0.134
2023-07-16 21:00:00+00:00,23.05,59.93753,0.0,27.85,0.134
2023-07-16 22:00:00+00:00,22.4,66.05507,0.0,26.9,0.134
2023-07-16 23:00:00+00:00,21.6,72.064384,0.0,26.1,0.134
2023-07-17 00:00:00+00:00,20.85,75.69755,0.0,25.55,0.134
2023-07-17 01:00:00+00:00,20.5,77.59362,0.0,24.9,0.134
2023-07-17 02:00:00+00:00,20.15,78.53564,0.0,24.35,0.134
2023-07-17 03:00:00+00:00,19.85,77.24806,0.0,23.8,0.134
2023-07-17 04:00:00+00:00,21.05,67.92723,0.0,23.75,0.134
2023-07-17 05:00:00+00:00,23.45,55.02158,0.0,24.55,0.134
2023-07-17 06:00:00+00:00,25.9,48.14707,0.0,26.05,0.134
2023-07-17 07:00:00+00:00,27.95,41.184517,0.0,27.9,0.133
2023-07-17 08:00:00+00:00,29.95,33.913513,0.0,29.95,0.133
2023-07-17 09:00:00+00:00,31.6,30.6604,0.0,31.95,0.133
2023-07-17 10:00:00+00:00,32.9,29.631407,0.0,33.8,0.133
2023-07-17 11:00:00+00:00,34.0,28.597643,0.0,35.3,0.132
2023-07-17 12:00:00+00:00,33.95,30.404865,0.0,36.4,0.133
2023-07-17 13:00:00+00:00,34.8,28.165533,0.0,37.05,0.132
2023-07-17 14:00:00+00:00,34.75,27.16124,0.0,37.1,0.132
2023-07-17 15:00:00+00:00,33.5,29.21716,0.0,36.45,0.132
2023-07-17 16:00:00+00:00,31.2,32.411724,0.0,35.25,0.132
2023-07-17 17:00:00+00:00,29.1,34.692116,0.0,33.65,0.132
2023-07-17 18:00:00+00:00,27.05,37.204376,0.0,32.0,0.132
2023-07-17 19:00:00+00:00,25.65,40.009506,0.0,30.5,0.131
2023-07-17 20:00:00+00:00,24.3,47.560455,0.0,29.25,0.131
2023-07-17 21:00:00+00:00,23.25,58.458675,0.0,28.15,0.131
2023-07-17 22:00:00+00:00,22.5,65.0276,0.0,27.15,0.131
2023-07-17 23:00:00+00:00,21.6,71.15189,0.0,26.3,0.131
2023-07-18 00:00:00+00:00,21.45,73.89466,0.0,25.6,0.131
2023-07-18 01:00:00+00:00,20.95,77.170235,0.0,25.05,0.131
2023-07-18 02:00:00+00:00,20.4,80.08292,0.0,24.5,0.131
2023-07-18 03:00:00+00:00,19.55,84.947716,0.0,23.9,0.131
2023-07-18 04:00:00+00:00,21.25,76.002556,0.0,23.85,0.131
2023-07-18 05:00:00+00:00,23.45,63.79257,0.0,24.7,0.131
2023-07-18 06:00:00+00:00,25.8,50.024563,0.0,26.15,0.131
2023-07-18 07:00:00+00:00,27.8,40.083153,0.0,28.0,0.131
2023-07-18 08:00:00+00:00,29.7,33.843998,0.0,30.1,0.131
2023-07-18 09:00:00+00:00,31.6,29.472076,0.0,32.15,0.131
2023-07-18 10:00:00+00:00,33.1,27.077951,0.0,34.05,0.13
2023-07-18 11:00:00+00:00,34.2,25.885021,0.0,35.65,0.13
2023-07-18 12:00:00+00:00,34.05,28.61109,0.0,36.75,0.13
2023-07-18 13:00:00+00:00,34.75,27.697863,0.0,37.4,0.129
2023-07-18 14:00:00+00:00,35.25,27.651072,0.0,37.6,0.129
2023-07-18 15:00:00+00:00,35.15,29.37696,0.0,37.25,0.129
2023-07-18 16:00:00+00:00,34.3,28.492245,0.0,36.35,0.129
2023-07-18 17:00:00+00:00,31.6,25.626167,0.0,34.9,0.129
2023-07-18 18:00:00+00:00,29.2,28.049927,0.0,33.3,0.128
2023-07-18 19:00:00+00:00,27.8,31.78804,0.0,31.8,0.128
2023-07-18 20:00:00+00:00,26.6,37.20134,0.0,30.55,0.128
2023-07-18 21:00:00+00:00,25.1,45.4893,0.0,29.4,0.128
2023-07-18 22:00:00+00:00,23.95,52.189556,0.0,28.35,0.128
2023-07-18 23:00:00+00:00,22.95,57.078476,0.0,27.4,0.128
2023-07-19 00:00:00+00:00,22.8,58.350674,0.0,26.65,0.127
2023-07-19 01:00:00+00:00,22.25,62.51487,0.0,26.05,0.127
2023-07-19 02:00:00+00:00,21.6,67.17023,0.0,25.45,0.127
2023-07-19 03:00:00+00:00,21.05,71.27775,0.0,24.95,0.127
2023-07-19 04:00:00+00:00,21.95,69.42515,0.0,24.8,0.127
2023-07-19 05:00:00+00:00,24.1,60.95582,0.0,25.55,0.127
2023-07-19 06:00:00+00:00,26.6,48.80321,0.0,27.05,0.127
2023-07-19 07:00:00+00:00,28.95,38.10724,0.0,29.0,0.127
2023-07-19 08:00:00+00:00,30.85,34.386726,0.0,31.25,0.127
2023-07-19 09:00:00+00:00,32.6,31.957314,0.0,33.4,0.127
2023-07-19 10:00:00+00:00,34.05,30.432018,0.0,35.3,0.127
2023-07-19 11:00:00+00:00,35.0,28.680033,0.0,36.75,0.126
2023-07-19 12:00:00+00:00,34.9,30.173157,0.0,37.25,0.136
2023-07-19 13:00:00+00:00,35.65,29.416712,0.0,37.95,0.135
2023-07-19 14:00:00+00:00,36.0,28.212193,0.0,38.15,0.135
2023-07-19 15:00:00+00:00,35.65,28.118908,0.0,37.7,0.134
2023-07-19 16:00:00+00:00,35.5,27.18328,0.0,36.8,0.134
2023-07-19 17:00:00+00:00,34.6,27.210165,0.0,35.6,0.134
2023-07-19 18:00:00+00:00,30.4,39.89732,0.0,34.05,0.134
2023-07-19 19:00:00+00:00,28.35,45.05353,0.0,32.55,0.134
2023-07-19 20:00:00+00:00,26.9,48.882816,0.0,31.15,0.134
2023-07-19 21:00:00+00:00,25.6,53.98249,0.0,29.85,0.134
2023-07-19 22:00:00+00:00,24.9,56.098846,0.0,28.75,0.134
2023-07-19 23:00:00+00:00,24.5,54.40125,0.0,27.9,0.133
2023-07-20 00:00:00+00:00,24.25,57.579742,0.0,26.85,0.133
2023-07-20 01:00:00+00:00,23.45,58.695244,0.0,26.4,0.133
2023-07-20 02:00:00+00:00,22.4,61.947056,0.0,25.85,0.133
2023-07-20 03:00:00+00:00,22.1,62.68305,0.0,25.4,0.133
2023-07-20 04:00:00+00:00,23.25,59.599667,0.0,25.35,0.133
2023-07-20 05:00:00+00:00,25.6,53.637783,0.0,26.15,0.133
2023-07-20 06:00:00+00:00,28.05,47.188545,0.0,27.8,0.133
2023-07-20 07:00:00+00:00,30.55,39.683285,0.0,29.9,0.133
2023-07-20 08:00:00+00:00,32.8,33.279453,0.0,32.25,0.133
2023-07-20 09:00:00+00:00,34.65,29.527662,0.0,34.55,0.132
2023-07-20 10:00:00+00:00,36.05,26.890171,0.0,36.65,0.132
2023-07-20 11:00:00+00:00,37.35,24.720375,0.0,38.25,0.131
2023-07-20 12:00:00+00:00,36.45,25.30034,0.0,38.85,0.131
2023-07-20 13:00:00+00:00,36.3,26.95614,0.0,38.25,0.131
2023-07-20 14:00:00+00:00,35.2,28.54839,0.0,37.65,0.131
2023-07-20 15:00:00+00:00,35.6,28.747993,0.0,37.4,0.13
2023-07-20 16:00:00+00:00,35.4,29.825487,0.0,36.7,0.13
2023-07-20 17:00:00+00:00,33.55,35.131813,0.0,35.4,0.13
2023-07-20 18:00:00+00:00,31.9,37.22121,0.0,34.0,0.13
2023-07-20 19:00:00+00:00,30.6,42.317005,0.0,32.8,0.13
2023-07-20 20:00:00+00:00,29.5,48.18024,0.0,31.75,0.13
2023-07-20 21:00:00+00:00,28.15,54.108715,0.0,30.75,0.13
2023-07-20 22:00:00+00:00,27.9,55.94712,0.0,29.95,0.13
2023-07-20 23:00:00+00:00,27.55,54.64382,0.0,29.4,0.13
2023-07-21 00:00:00+00:00,26.75,61.17389,0.0,27.8,0.13
2023-07-21 01:00:00+00:00,25.7,65.08901,0.0,27.5,0.13
2023-07-21 02:00:00+00:00,24.7,69.950645,0.0,27.1,0.13
2023-07-21 03:00:00+00:00,24.2,73.20931,0.0,26.7,0.13
2023-07-21 04:00:00+00:00,25.1,69.80833,0.0,26.65,0.13
2023-07-21 05:00:00+00:00,27.25,61.478054,0.0,27.4,0.13
2023-07-21 06:00:00+00:00,29.55,50.36491,0.0,28.75,0.129
2023-07-21 07:00:00+00:00,31.35,43.472862,0.0,30.45,0.129
2023-07-21 08:00:00+00:00,32.95,37.869663,0.0,32.4,0.129
2023-07-21 09:00:00+00:00,34.25,33.569813,0.0,34.45,0.129
2023-07-21 10:00:00+00:00,35.35,30.39207,0.0,36.35,0.129
2023-07-21 11:00:00+00:00,36.2,28.174633,0.0,37.85,0.128
2023-07-21 12:00:00+00:00,36.0,29.510689,0.0,39.1,0.128
2023-07-21 13:00:00+00:00,36.85,27.89676,0.0,39.85,0.128
2023-07-21 14:00:00+00:00,37.0,26.966614,0.0,39.95,0.127
2023-07-21 15:00:00+00:00,36.6,27.210234,0.0,39.45,0.127
2023-07-21 16:00:00+00:00,35.0,29.909864,0.0,38.25,0.127
2023-07-21 17:00:00+00:00,31.7,42.751526,0.0,36.55,0.127
2023-07-21 18:00:00+00:00,30.2,46.571865,0.0,34.9,0.127
2023-07-21 19:00:00+00:00,28.35,55.707436,0.0,33.4,0.127
2023-07-21 20:00:00+00:00,27.05,62.203785,0.0,32.05,0.127
2023-07-21 21:00:00+00:00,25.9,68.670395,0.0,30.9,0.127
2023-07-21 22:00:00+00:00,25.05,74.03968,0.0,29.85,0.127
2023-07-21 23:00:00+00:00,24.45,77.456406,0.0,29.0,0.127
2023-07-22 00:00:00+00:00,23.95,79.0777,0.0,28.6,0.125
2023-07-22 01:00:00+00:00,23.5,81.24896,0.0,27.85,0.125
2023-07-22 02:00:00+00:00,23.1,82.978226,0.0,27.25,0.125
2023-07-22 03:00:00+00:00,22.85,83.46466,0.0,26.75,0.125
2023-07-22 04:00:00+00:00,23.7,78.798004,0.0,26.6,0.125
2023-07-22 05:00:00+00:00,25.5,70.756584,0.0,27.3,0.125
2023-07-22 06:00:00+00:00,27.55,60.784588,0.0,28.8,0.125
2023-07-22 07:00:00+00:00,29.75,50.10146,0.0,30.8,0.125
2023-07-22 08:00:00+00:00,31.95,43.089844,0.0,33.05,0.124
2023-07-22 09:00:00+00:00,33.8,39.198032,0.0,35.2,0.124
2023-07-22 10:00:00+00:00,35.35,36.761417,0.0,37.1,0.124
2023-07-22 11:00:00+00:00,36.7,33.179466,0.0,38.65,0.124
2023-07-22 12:00:00+00:00,36.95,32.935387,0.0,39.4,0.124
2023-07-22 13:00:00+00:00,37.1,33.079674,0.0,39.6,0.124
2023-07-22 14:00:00+00:00,37.15,33.82696,0.0,39.6,0.124
2023-07-22 15:00:00+00:00,36.8,34.804977,0.0,39.05,0.124
2023-07-22 16:00:00+00:00,36.15,35.507965,0.0,38.25,0.124
2023-07-22 17:00:00+00:00,34.9,38.765278,0.0,37.0,0.124
2023-07-22 18:00:00+00:00,32.05,47.20963,0.0,35.5,0.123
2023-07-22 19:00:00+00:00,30.75,51.149414,0.0,34.15,0.123
2023-07-22 20:00:00+00:00,30.15,53.10227,0.0,33.05,0.123
2023-07-22 21:00:00+00:00,29.4,54.759502,0.0,32.1,0.123
2023-07-22 22:00:00+00:00,28.65,56.833744,0.0,31.3,0.123
2023-07-22 23:00:00+00:00,28.1,57.773525,0.0,30.55,0.123
2023-07-23 00:00:00+00:00,28.3,61.52265,0.0,28.85,0.128
2023-07-23 01:00:00+00:00,27.45,65.052414,0.0,28.7,0.128
2023-07-23 02:00:00+00:00,26.9,67.18567,0.0,28.5,0.128
2023-07-23 03:00:00+00:00,26.3,70.46773,0.0,28.3,0.128
2023-07-23 04:00:00+00:00,26.4,72.91122,0.0,28.25,0.128
2023-07-23 05:00:00+00:00,27.95,65.35778,0.0,28.85,0.128
2023-07-23 06:00:00+00:00,30.4,52.18407,0.0,30.15,0.127
2023-07-23 07:00:00+00:00,32.15,43.826473,0.0,31.75,0.127
2023-07-23 08:00:00+00:00,33.65,38.911274,0.0,33.5,0.127
2023-07-23 09:00:00+00:00,35.5,32.541946,0.0,35.35,0.127
2023-07-23 10:00:00+00:00,36.9,25.74904,0.0,36.95,0.127
2023-07-23 11:00:00+00:00,37.75,22.221315,0.0,38.25,0.126
2023-07-23 12:00:00+00:00,38.3,19.407364,0.0,39.3,0.123
2023-07-23 13:00:00+00:00,38.1,19.946781,0.0,39.7,0.122
2023-07-23 14:00:00+00:00,38.05,20.469597,0.0,39.65,0.122
2023-07-23 15:00:00+00:00,37.1,21.769867,0.0,39.1,0.122
2023-07-23 16:00:00+00:00,35.2,25.472136,0.0,38.05,0.122
2023-07-23 17:00:00+00:00,34.0,26.78533,0.0,36.75,0.122
2023-07-23 18:00:00+00:00,32.15,28.473343,0.0,35.3,0.122
2023-07-23 19:00:00+00:00,30.5,34.627182,0.0,34.0,0.122
2023-07-23 20:00:00+00:00,26.95,64.947395,0.0,32.6,0.122
2023-07-23 21:00:00+00:00,25.6,71.87874,0.0,31.35,0.122
2023-07-23 22:00:00+00:00,24.7,76.07138,0.0,30.25,0.122
2023-07-23 23:00:00+00:00,23.95,79.0777,0.0,29.25,0.122
2023-07-24 00:00:00+00:00,24.25,79.36415,0.0,28.95,0.122
2023-07-24 01:00:00+00:00,23.6,82.526054,0.0,28.2,0.122
2023-07-24 02:00:00+00:00,23.05,83.487495,0.0,27.5,0.122
2023-07-24 03:00:00+00:00,22.65,82.15619,0.0,26.9,0.122
2023-07-24 04:00:00+00:00,23.15,78.96522,0.0,26.65,0.122
2023-07-24 05:00:00+00:00,24.7,69.51496,0.0,27.15,0.122
2023-07-24 06:00:00+00:00,26.4,60.522194,0.0,28.35,0.122
2023-07-24 07:00:00+00:00,28.05,52.4058,0.0,30.1,0.122
2023-07-24 08:00:00+00:00,29.65,45.405167,0.0,32.05,0.122
2023-07-24 09:00:00+00:00,31.1,39.328583,0.0,34.05,0.122
2023-07-24 10:00:00+00:00,32.3,34.78771,0.0,35.85,0.122
2023-07-24 11:00:00+00:00,33.2,31.914602,0.0,37.45,0.122
2023-07-24 12:00:00+00:00,32.5,35.749676,0.0,38.15,0.122
2023-07-24 13:00:00+00:00,33.3,32.989426,0.0,38.65,0.122
2023-07-24 14:00:00+00:00,33.45,31.777002,0.0,38.6,0.121
2023-07-24 15:00:00+00:00,33.45,30.764566,0.0,38.15,0.121
2023-07-24 16:00:00+00:00,33.1,30.769144,0.0,37.2,0.121
2023-07-24 17:00:00+00:00,31.75,34.190132,0.0,35.75,0.121
2023-07-24 18:00:00+00:00,30.15,34.30465,0.0,34.1,0.121
2023-07-24 19:00:00+00:00,28.6,38.3841,0.0,32.7,0.121
2023-07-24 20:00:00+00:00,27.15,47.55521,0.0,31.5,0.121
2023-07-24 21:00:00+00:00,26.05,52.562046,0.0,30.4,0.121
2023-07-24 22:00:00+00:00,25.0,58.875362,0.0,29.4,0.121
2023-07-24 23:00:00+00:00,24.05,65.35658,0.0,28.5,0.121
2023-07-25 00:00:00+00:00,24.1,65.989876,0.0,27.25,0.121
2023-07-25 01:00:00+00:00,23.1,72.56083,0.0,26.75,0.121
2023-07-25 02:00:00+00:00,22.2,78.583725,0.0,26.25,0.121
2023-07-25 03:00:00+00:00,21.75,81.02406,0.0,25.8,0.121
2023-07-25 04:00:00+00:00,23.1,74.640755,0.0,25.75,0.121
2023-07-25 05:00:00+00:00,25.0,66.384285,0.0,26.6,0.121
2023-07-25 06:00:00+00:00,27.7,52.81547,0.0,28.3,0.121
2023-07-25 07:00:00+00:00,30.45,42.41092,0.0,30.4,0.121
2023-07-25 08:00:00+00:00,33.0,34.757042,0.0,32.7,0.121
2023-07-25 09:00:00+00:00,35.0,27.22764,0.0,34.85,0.121
2023-07-25 10:00:00+00:00,36.2,26.155264,0.0,36.7,0.121
2023-07-25 11:00:00+00:00,36.9,25.252857,0.0,38.1,0.121
2023-07-25 12:00:00+00:00,36.55,26.077475,0.0,38.9,0.121
2023-07-25 13:00:00+00:00,36.75,23.466566,0.0,39.35,0.121
2023-07-25 14:00:00+00:00,36.7,23.224052,0.0,39.3,0.121
2023-07-25 15:00:00+00:00,36.35,23.75171,0.0,38.8,0.121
2023-07-25 16:00:00+00:00,35.35,26.017185,0.0,37.8,0.121
2023-07-25 17:00:00+00:00,33.6,29.918446,0.0,36.45,0.121
2023-07-25 18:00:00+00:00,31.15,35.72193,0.0,34.85,0.121
2023-07-25 19:00:00+00:00,29.45,38.62068,0.0,33.35,0.121
2023-07-25 20:00:00+00:00,27.7,41.115173,0.0,31.95,0.121
2023-07-25 21:00:00+00:00,25.95,42.685795,0.0,30.65,0.121
2023-07-25 22:00:00+00:00,25.1,42.30933,0.0,29.5,0.121
2023-07-25 23:00:00+00:00,24.7,40.9538,0.0,28.55,0.121
2023-07-26 00:00:00+00:00,25.25,43.05597,0.0,27.05,0.121
2023-07-26 01:00:00+00:00,25.35,41.546703,0.0,26.85,0.121
2023-07-26 02:00:00+00:00,25.7,43.89544,0.0,26.8,0.121
2023-07-26 03:00:00+00:00,25.65,46.693615,0.0,26.75,0.121
2023-07-26 04:00:00+00:00,26.15,48.683567,0.0,26.85,0.121
2023-07-26 05:00:00+00:00,28.1,46.601727,0.0,27.65,0.121
2023-07-26 06:00:00+00:00,30.55,43.255627,0.0,29.05,0.121
2023-07-26 07:00:00+00:00,32.8,38.433804,0.0,30.9,0.12
2023-07-26 08:00:00+00:00,34.65,33.786556,0.0,32.85,0.12
2023-07-26 09:00:00+00:00,36.15,31.198397,0.0,34.75,0.12
2023-07-26 10:00:00+00:00,37.4,26.64053,0.0,36.45,0.12
2023-07-26 11:00:00+00:00,37.75,26.222271,0.0,37.75,0.12
2023-07-26 12:00:00+00:00,37.55,26.93801,0.0,38.25,0.12
2023-07-26 13:00:00+00:00,37.4,27.246117,0.0,38.75,0.12
2023-07-26 14:00:00+00:00,36.85,28.529663,0.0,38.7,0.12
2023-07-26 15:00:00+00:00,35.75,31.589739,0.0,38.2,0.12
2023-07-26 16:00:00+00:00,34.3,36.129986,0.0,37.25,0.12
2023-07-26 17:00:00+00:00,32.65,40.26029,0.0,35.9,0.12
2023-07-26 18:00:00+00:00,31.2,43.158455,0.0,34.45,0.12
2023-07-26 19:00:00+00:00,30.5,44.35345,0.0,33.3,0.12
2023-07-26 20:00:00+00:00,29.5,47.42482,0.0,32.3,0.12
2023-07-26 21:00:00+00:00,28.25,52.126896,0.0,31.35,0.12
2023-07-26 22:00:00+00:00,26.85,57.113857,0.0,30.45,0.12
2023-07-26 23:00:00+00:00,26.5,60.355423,0.0,29.75,0.12
2023-07-27 00:00:00+00:00,27.8,53.512527,0.0,28.85,0.12
2023-07-27 01:00:00+00:00,27.8,48.652905,0.0,28.3,0.12
2023-07-27 02:00:00+00:00,27.1,52.329025,0.0,28.05,0.12
2023-07-27 03:00:00+00:00,25.75,58.865746,0.2,27.55,0.121
2023-07-27 04:00:00+00:00,25.65,55.393257,0.0,27.25,0.121
2023-07-27 05:00:00+00:00,25.05,55.24412,0.0,27.5,0.121
2023-07-27 06:00:00+00:00,24.9,57.186104,0.0,28.0,0.121
2023-07-27 07:00:00+00:00,24.3,52.62044,0.0,28.2,0.121
2023-07-27 08:00:00+00:00,22.5,55.32155,0.0,28.0,0.121
2023-07-27 09:00:00+00:00,20.9,66.16615,0.8,27.25,0.129
2023-07-27 10:00:00+00:00,21.75,69.165115,0.5,26.75,0.135
2023-07-27 11:00:00+00:00,23.75,61.070374,0.0,27.4,0.135
2023-07-27 12:00:00+00:00,21.4,65.63325,0.0,27.35,0.211
2023-07-27 13:00:00+00:00,25.5,53.784573,0.0,28.8,0.209
2023-07-27 14:00:00+00:00,26.25,49.025402,0.0,29.65,0.208
2023-07-27 15:00:00+00:00,26.65,44.30089,0.0,29.95,0.206
2023-07-27 16:00:00+00:00,26.85,37.644203,0.0,29.75,0.205
2023-07-27 17:00:00+00:00,25.95,39.69729,0.0,29.0,0.204
2023-07-27 18:00:00+00:00,24.7,39.214104,0.0,27.9,0.204
2023-07-27 19:00:00+00:00,23.7,33.172207,0.0,27.0,0.204
2023-07-27 20:00:00+00:00,22.85,34.56112,0.0,26.15,0.203
2023-07-27 21:00:00+00:00,22.05,36.533512,0.0,25.45,0.203
2023-07-27 22:00:00+00:00,21.3,38.910233,0.0,24.85,0.203
2023-07-27 23:00:00+00:00,19.75,45.999043,0.0,24.1,0.202
2023-07-28 00:00:00+00:00,18.6,50.605534,0.0,21.65,0.201
2023-07-28 01:00:00+00:00,17.0,58.093513,0.0,21.3,0.201
2023-07-28 02:00:00+00:00,16.9,60.67226,0.0,20.9,0.201
2023-07-28 03:00:00+00:00,16.8,61.4704,0.0,20.5,0.201
2023-07-28 04:00:00+00:00,17.3,62.000717,0.0,20.5,0.201
2023-07-28 05:00:00+00:00,19.35,54.704247,0.0,21.35,0.2
2023-07-28 06:00:00+00:00,21.65,45.904743,0.0,22.8,0.199
2023-07-28 07:00:00+00:00,23.5,41.16549,0.0,24.6,0.198
2023-07-28 08:00:00+00:00,24.95,39.022892,0.0,26.55,0.196
2023-07-28 09:00:00+00:00,26.3,35.066296,0.0,28.5,0.194
2023-07-28 10:00:00+00:00,27.45,31.371677,0.0,30.3,0.192
2023-07-28 11:00:00+00:00,28.4,28.597286,0.0,31.8,0.19
2023-07-28 12:00:00+00:00,28.3,26.873209,0.0,33.0,0.187
2023-07-28 13:00:00+00:00,29.05,24.44092,0.0,33.6,0.185
2023-07-28 14:00:00+00:00,29.1,24.962393,0.0,33.7,0.183
2023-07-28 15:00:00+00:00,29.1,25.742275,0.0,33.3,0.182
2023-07-28 16:00:00+00:00,28.8,26.553017,0.0,32.3,0.181
2023-07-28 17:00:00+00:00,26.9,43.938942,0.0,30.8,0.18
2023-07-28 18:00:00+00:00,25.3,37.33242,0.0,28.95,0.18
2023-07-28 19:00:00+00:00,23.65,42.467926,0.0,27.5,0.18
2023-07-28 20:00:00+00:00,22.0,53.062214,0.0,26.4,0.18
2023-07-28 21:00:00+00:00,20.1,62.23141,0.0,25.3,0.18
2023-07-28 22:00:00+00:00,19.6,63.146286,0.0,24.35,0.18
2023-07-28 23:00:00+00:00,19.25,65.602516,0.0,23.6,0.179
2023-07-29 00:00:00+00:00,19.25,68.89688,0.0,22.05,0.183
2023-07-29 01:00:00+00:00,18.0,76.96267,0.0,21.75,0.183
2023-07-29 02:00:00+00:00,17.55,79.94867,0.0,21.45,0.183
2023-07-29 03:00:00+00:00,17.2,81.47134,0.0,21.15,0.183
2023-07-29 04:00:00+00:00,18.15,76.73689,0.0,21.15,0.182
2023-07-29 05:00:00+00:00,20.45,66.71742,0.0,22.0,0.182
2023-07-29 06:00:00+00:00,23.2,54.60243,0.0,23.5,0.182
2023-07-29 07:00:00+00:00,25.3,47.986168,0.0,25.45,0.181
2023-07-29 08:00:00+00:00,27.2,41.651512,0.0,27.5,0.179
2023-07-29 09:00:00+00:00,28.7,35.50531,0.0,29.45,0.178
2023-07-29 10:00:00+00:00,29.85,32.03854,0.0,31.25,0.176
2023-07-29 11:00:00+00:00,30.75,30.126627,0.0,32.75,0.174
2023-07-29 12:00:00+00:00,31.6,29.278019,0.0,33.9,0.175
2023-07-29 13:00:00+00:00,32.05,29.015467,0.0,34.6,0.173
2023-07-29 14:00:00+00:00,31.95,29.762693,0.0,34.85,0.171
2023-07-29 15:00:00+00:00,32.0,29.678528,0.0,34.5,0.17
2023-07-29 16:00:00+00:00,31.9,29.070557,0.0,33.65,0.169
2023-07-29 17:00:00+00:00,29.5,31.311323,0.0,32.25,0.169
2023-07-29 18:00:00+00:00,27.2,33.034843,0.0,30.7,0.168
2023-07-29 19:00:00+00:00,25.8,35.161175,0.0,29.3,0.168
2023-07-29 20:00:00+00:00,24.45,37.849773,0.0,28.1,0.168
2023-07-29 21:00:00+00:00,23.1,42.313694,0.0,27.0,0.168
2023-07-29 22:00:00+00:00,21.85,49.462627,0.0,26.0,0.167
2023-07-29 23:00:00+00:00,20.6,58.77622,0.0,25.05,0.167
2023-07-30 00:00:00+00:00,20.35,68.22594,0.0,23.95,0.169
2023-07-30 01:00:00+00:00,19.55,75.97347,0.0,23.4,0.169
2023-07-30 02:00:00+00:00,19.2,80.431786,0.0,23.0,0.169
2023-07-30 03:00:00+00:00,18.8,84.32844,0.0,22.55,0.168
2023-07-30 04:00:00+00:00,20.1,79.788,0.0,22.5,0.168
2023-07-30 05:00:00+00:00,22.2,72.40123,0.0,23.3,0.168
2023-07-30 06:00:00+00:00,24.2,65.38818,0.0,24.75,0.168
2023-07-30 07:00:00+00:00,26.15,54.640957,0.0,26.6,0.167
2023-07-30 08:00:00+00:00,28.15,44.999233,0.0,28.6,0.166
2023-07-30 09:00:00+00:00,30.0,38.523525,0.0,30.6,0.165
2023-07-30 10:00:00+00:00,31.3,35.189476,0.0,32.4,0.163
2023-07-30 11:00:00+00:00,32.4,32.42508,0.0,33.85,0.161
2023-07-30 12:00:00+00:00,32.55,32.571728,0.0,35.0,0.16
2023-07-30 13:00:00+00:00,33.15,30.78276,0.0,35.7,0.159
2023-07-30 14:00:00+00:00,33.2,29.71282,0.0,35.85,0.158
2023-07-30 15:00:00+00:00,32.85,28.946234,0.0,35.35,0.157
2023-07-30 16:00:00+00:00,31.3,28.907495,0.0,34.25,0.156
2023-07-30 17:00:00+00:00,29.65,30.326603,0.0,32.8,0.156
2023-07-30 18:00:00+00:00,27.15,34.375443,0.0,31.2,0.155
2023-07-30 19:00:00+00:00,25.4,40.339333,0.0,29.75,0.155
2023-07-30 20:00:00+00:00,23.7,49.63037,0.0,28.45,0.155
2023-07-30 21:00:00+00:00,22.35,59.19494,0.0,27.25,0.155
2023-07-30 22:00:00+00:00,21.45,68.44534,0.0,26.2,0.155
2023-07-30 23:00:00+00:00,20.65,76.63529,0.0,25.35,0.155
2023-07-31 00:00:00+00:00,20.4,80.592224,0.0,24.55,0.155
2023-07-31 01:00:00+00:00,19.75,85.7787,0.0,24.0,0.155
2023-07-31 02:00:00+00:00,19.25,89.89381,0.0,23.5,0.155
2023-07-31 03:00:00+00:00,19.0,92.46375,0.0,23.05,0.155
2023-07-31 04:00:00+00:00,19.75,88.527275,0.0,22.9,0.155
2023-07-31 05:00:00+00:00,21.7,78.75913,0.0,23.6,0.155
2023-07-31 06:00:00+00:00,23.5,70.606705,0.0,24.9,0.155
2023-07-31 07:00:00+00:00,25.5,55.71068,0.0,26.6,0.154
2023-07-31 08:00:00+00:00,27.5,45.258556,0.0,28.55,0.153
2023-07-31 09:00:00+00:00,29.5,38.760044,0.0,30.45,0.153
2023-07-31 10:00:00+00:00,31.5,30.733896,0.0,32.2,0.151
2023-07-31 11:00:00+00:00,32.5,26.828499,0.0,33.7,0.15
2023-07-31 12:00:00+00:00,30.95,37.438362,0.0,34.8,0.154
2023-07-31 13:00:00+00:00,31.1,35.823853,0.2,34.7,0.155
2023-07-31 14:00:00+00:00,31.5,35.0175,0.0,34.5,0.154
2023-07-31 15:00:00+00:00,29.15,43.56647,0.0,33.5,0.154
2023-07-31 16:00:00+00:00,29.3,42.095734,0.0,32.6,0.153
2023-07-31 17:00:00+00:00,28.55,44.532906,0.0,31.45,0.153
2023-07-31 18:00:00+00:00,27.1,49.566776,0.0,30.2,0.153
2023-07-31 19:00:00+00:00,25.6,51.113598,0.0,29.1,0.153
2023-07-31 20:00:00+00:00,24.15,56.638165,0.0,28.1,0.153
2023-07-31 21:00:00+00:00,23.35,61.765125,0.0,27.2,0.152
2023-07-31 22:00:00+00:00,22.65,65.68644,0.0,26.45,0.152
2023-07-31 23:00:00+00:00,21.9,70.30639,0.0,25.7,0.152
2023-08-01 00:00:00+00:00,22.0,73.05715,0.0,25.4,0.15
2023-08-01 01:00:00+00:00,21.5,77.49839,0.0,24.95,0.15
2023-08-01 02:00:00+00:00,20.85,81.93407,0.0,24.45,0.15
2023-08-01 03:00:00+00:00,20.45,84.508995,0.0,24.05,0.15
2023-08-01 04:00:00+00:00,21.2,81.207756,0.0,23.9,0.15
2023-08-01 05:00:00+00:00,22.6,74.32349,0.0,24.45,0.15
2023-08-01 06:00:00+00:00,24.4,65.4303,0.0,25.5,0.15
2023-08-01 07:00:00+00:00,26.1,59.32138,0.0,27.1,0.15
2023-08-01 08:00:00+00:00,27.7,53.15045,0.0,28.75,0.149
2023-08-01 09:00:00+00:00,28.95,48.64739,0.0,30.45,0.148
2023-08-01 10:00:00+00:00,29.95,44.912437,0.0,32.2,0.148
2023-08-01 11:00:00+00:00,30.35,43.06395,0.0,33.4,0.147
2023-08-01 12:00:00+00:00,30.8,41.306225,0.0,34.45,0.147
2023-08-01 13:00:00+00:00,31.5,38.93828,0.0,35.15,0.146
2023-08-01 14:00:00+00:00,31.4,38.53897,0.0,35.25,0.146
2023-08-01 15:00:00+00:00,31.3,38.265263,0.0,34.85,0.145
2023-08-01 16:00:00+00:00,30.95,38.6622,0.0,33.95,0.145
2023-08-01 17:00:00+00:00,29.7,42.886513,0.0,32.65,0.144
2023-08-01 18:00:00+00:00,28.0,48.550793,0.0,31.2,0.144
2023-08-01 19:00:00+00:00,26.9,52.111553,0.0,30.0,0.144
2023-08-01 20:00:00+00:00,25.5,56.067318,0.0,28.9,0.144
2023-08-01 21:00:00+00:00,24.4,60.444466,0.0,27.85,0.144
2023-08-01 22:00:00+00:00,23.15,67.27138,0.0,26.9,0.144
2023-08-01 23:00:00+00:00,22.85,68.070335,0.0,26.05,0.144
2023-08-02 00:00:00+00:00,22.0,73.988266,0.0,25.2,0.144
2023-08-02 01:00:00+00:00,20.9,80.40424,0.0,24.65,0.144
2023-08-02 02:00:00+00:00,20.5,83.19332,0.0,24.15,0.144
2023-08-02 03:00:00+00:00,20.2,86.36594,0.0,23.75,0.144
2023-08-02 04:00:00+00:00,21.0,84.30369,0.0,23.65,0.144
2023-08-02 05:00:00+00:00,23.2,75.12627,0.0,24.45,0.144
2023-08-02 06:00:00+00:00,25.55,63.845207,0.0,26.05,0.144
2023-08-02 07:00:00+00:00,27.8,55.224545,0.0,28.05,0.143
2023-08-02 08:00:00+00:00,30.0,47.70762,0.0,30.3,0.143
2023-08-02 09:00:00+00:00,31.95,40.709026,0.0,32.5,0.142
2023-08-02 10:00:00+00:00,33.35,36.560925,0.0,34.4,0.141
2023-08-02 11:00:00+00:00,34.3,34.014694,0.0,35.9,0.14
2023-08-02 12:00:00+00:00,35.05,30.801783,0.0,36.4,0.142
2023-08-02 13:00:00+00:00,34.75,32.963337,0.0,36.7,0.141
2023-08-02 14:00:00+00:00,34.9,32.794556,0.0,36.85,0.141
2023-08-02 15:00:00+00:00,33.95,36.49381,0.1,36.2,0.141
2023-08-02 16:00:00+00:00,32.4,42.007076,0.0,34.9,0.141
2023-08-02 17:00:00+00:00,30.8,46.29323,0.0,33.65,0.141
2023-08-02 18:00:00+00:00,29.2,50.750927,0.0,32.3,0.14
2023-08-02 19:00:00+00:00,28.15,53.769493,0.0,31.1,0.14
2023-08-02 20:00:00+00:00,27.45,54.964546,0.0,30.15,0.14
2023-08-02 21:00:00+00:00,26.7,56.183414,0.0,29.35,0.14
2023-08-02 22:00:00+00:00,26.1,56.752235,0.0,28.6,0.14
2023-08-02 23:00:00+00:00,25.55,58.446674,0.0,28.0,0.14
2023-08-03 00:00:00+00:00,25.45,64.42741,0.0,26.75,0.14
2023-08-03 01:00:00+00:00,24.25,71.636284,0.0,26.35,0.14
2023-08-03 02:00:00+00:00,24.2,71.8514,0.0,26.05,0.14
2023-08-03 03:00:00+00:00,23.85,72.46585,0.0,25.8,0.14
2023-08-03 04:00:00+00:00,24.45,70.12238,0.0,25.7,0.14
2023-08-03 05:00:00+00:00,26.4,61.478817,0.0,26.5,0.14
2023-08-03 06:00:00+00:00,28.6,53.043488,0.0,27.95,0.14
2023-08-03 07:00:00+00:00,30.8,46.29323,0.0,29.85,0.139
2023-08-03 08:00:00+00:00,32.85,41.603764,0.0,31.95,0.139
2023-08-03 09:00:00+00:00,34.45,38.16067,0.0,34.1,0.138
2023-08-03 10:00:00+00:00,35.75,34.846916,0.0,36.1,0.138
2023-08-03 11:00:00+00:00,36.7,31.446327,0.0,37.65,0.137
2023-08-03 12:00:00+00:00,37.2,29.268627,0.0,38.3,0.141
2023-08-03 13:00:00+00:00,37.5,26.838587,0.0,38.9,0.14
2023-08-03 14:00:00+00:00,37.3,25.853287,0.0,38.95,0.14
2023-08-03 15:00:00+00:00,36.5,26.319048,0.0,38.4,0.139
2023-08-03 16:00:00+00:00,35.0,28.402632,0.0,37.3,0.139
2023-08-03 17:00:00+00:00,32.95,32.78731,0.0,35.8,0.138
2023-08-03 18:00:00+00:00,30.75,38.980896,0.0,34.1,0.138
2023-08-03 19:00:00+00:00,29.15,45.126026,0.0,32.6,0.138
2023-08-03 20:00:00+00:00,27.75,50.374672,0.0,31.3,0.138
2023-08-03 21:00:00+00:00,26.7,53.40398,0.0,30.2,0.138
2023-08-03 22:00:00+00:00,25.45,57.86879,0.0,29.2,0.138
2023-08-03 23:00:00+00:00,24.5,61.047432,0.0,28.3,0.138
2023-08-04 00:00:00+00:00,24.45,65.23468,0.0,26.4,0.138
2023-08-04 01:00:00+00:00,23.3,69.027565,0.0,26.05,0.138
2023-08-04 02:00:00+00:00,22.95,69.61768,0.0,25.65,0.138
2023-08-04 03:00:00+00:00,22.75,68.484184,0.0,25.35,0.138
2023-08-04 04:00:00+00:00,24.35,60.048775,0.0,25.3,0.138
2023-08-04 05:00:00+00:00,27.0,49.066418,0.0,26.25,0.138
2023-08-04 06:00:00+00:00,29.7,40.349174,0.0,27.9,0.137
2023-08-04 07:00:00+00:00,32.3,36.73948,0.0,30.05,0.137
2023-08-04 08:00:00+00:00,34.8,33.613125,0.0,32.35,0.137
2023-08-04 09:00:00+00:00,37.1,27.430159,0.0,34.6,0.136
2023-08-04 10:00:00+00:00,38.75,22.471117,0.0,36.65,0.136
2023-08-04 11:00:00+00:00,39.7,20.667456,0.0,38.3,0.135
2023-08-04 12:00:00+00:00,39.45,22.066454,0.0,39.2,0.134
2023-08-04 13:00:00+00:00,39.1,22.77905,0.0,39.7,0.134
2023-08-04 14:00:00+00:00,38.05,23.414125,0.0,39.55,0.133
2023-08-04 15:00:00+00:00,36.75,23.932209,0.0,38.85,0.133
2023-08-04 16:00:00+00:00,34.95,26.42626,0.0,37.7,0.133
2023-08-04 17:00:00+00:00,32.4,32.006374,0.0,36.15,0.133
2023-08-04 18:00:00+00:00,29.9,38.247395,0.0,34.45,0.133
2023-08-04 19:00:00+00:00,28.1,44.267498,0.0,32.95,0.132
2023-08-04 20:00:00+00:00,26.8,50.772194,0.0,31.6,0.132
2023-08-04 21:00:00+00:00,25.85,57.41589,0.0,30.45,0.132
2023-08-04 22:00:00+00:00,25.0,64.94104,0.0,29.45,0.132
2023-08-04 23:00:00+00:00,24.15,72.29272,0.0,28.55,0.132
2023-08-05 00:00:00+00:00,23.55,77.32165,0.0,28.35,0.128
2023-08-05 01:00:00+00:00,23.1,80.44518,0.0,27.6,0.128
2023-08-05 02:00:00+00:00,22.75,79.40263,0.0,26.95,0.128
2023-08-05 03:00:00+00:00,22.3,75.690994,0.0,26.35,0.128
2023-08-05 04:00:00+00:00,22.7,67.82441,0.0,26.0,0.128
2023-08-05 05:00:00+00:00,25.0,56.664623,0.0,26.55,0.128
2023-08-05 06:00:00+00:00,26.85,57.656105,0.0,27.85,0.128
2023-08-05 07:00:00+00:00,28.6,55.076015,0.0,29.65,0.128
2023-08-05 08:00:00+00:00,30.5,49.982685,0.0,31.75,0.128
2023-08-05 09:00:00+00:00,32.45,44.59894,0.0,33.85,0.128
2023-08-05 10:00:00+00:00,34.25,39.69189,0.0,35.85,0.127
2023-08-05 11:00:00+00:00,35.8,35.08047,0.0,37.6,0.127
2023-08-05 12:00:00+00:00,36.1,31.284264,0.0,38.8,0.125
2023-08-05 13:00:00+00:00,36.75,29.617266,0.0,39.5,0.125
2023-08-05 14:00:00+00:00,36.7,30.079294,0.0,39.6,0.125
2023-08-05 15:00:00+00:00,36.0,31.65745,0.0,39.0,0.125
2023-08-05 16:00:00+00:00,34.6,34.863136,0.0,37.9,0.125
2023-08-05 17:00:00+00:00,31.7,41.948887,0.0,36.3,0.125
2023-08-05 18:00:00+00:00,29.25,48.72643,0.0,34.55,0.125
2023-08-05 19:00:00+00:00,27.85,55.584908,0.0,33.05,0.125
2023-08-05 20:00:00+00:00,26.85,61.965736,0.0,31.75,0.125
2023-08-05 21:00:00+00:00,26.3,66.44342,0.0,30.7,0.125
2023-08-05 22:00:00+00:00,25.75,69.49874,0.0,29.85,0.125
2023-08-05 23:00:00+00:00,25.15,71.57579,0.0,29.05,0.124
2023-08-06 00:00:00+00:00,24.75,75.61036,0.0,28.5,0.124
2023-08-06 01:00:00+00:00,24.3,77.67387,0.0,27.95,0.124
2023-08-06 02:00:00+00:00,23.7,80.524414,0.0,27.35,0.124
2023-08-06 03:00:00+00:00,23.25,82.48413,0.0,26.85,0.124
2023-08-06 04:00:00+00:00,23.7,80.77374,0.0,26.5,0.124
2023-08-06 05:00:00+00:00,26.3,68.53558,0.0,27.25,0.124
2023-08-06 06:00:00+00:00,29.1,54.00708,0.0,28.75,0.124
2023-08-06 07:00:00+00:00,26.35,70.912636,0.2,29.6,0.126
2023-08-06 08:00:00+00:00,26.4,73.585144,0.3,29.5,0.128
2023-08-06 09:00:00+00:00,29.8,57.640232,0.0,31.0,0.128
2023-08-06 10:00:00+00:00,31.65,49.660625,0.3,32.4,0.13
2023-08-06 11:00:00+00:00,32.15,42.739014,0.0,33.75,0.13
2023-08-06 12:00:00+00:00,32.2,37.303978,0.0,35.55,0.127
2023-08-06 13:00:00+00:00,32.5,33.629017,0.0,35.8,0.127
2023-08-06 14:00:00+00:00,32.0,34.259163,0.0,35.7,0.127
2023-08-06 15:00:00+00:00,31.3,36.81748,0.0,35.2,0.127
2023-08-06 16:00:00+00:00,30.35,39.883503,0.0,34.3,0.127
2023-08-06 17:00:00+00:00,29.25,42.08198,0.0,33.1,0.127
2023-08-06 18:00:00+00:00,27.85,47.589794,0.0,31.8,0.126
2023-08-06 19:00:00+00:00,26.7,56.36126,0.0,30.65,0.126
2023-08-06 20:00:00+00:00,25.8,63.899235,0.0,29.65,0.126
2023-08-06 21:00:00+00:00,25.6,66.50731,0.0,28.9,0.126
2023-08-06 22:00:00+00:00,25.4,66.25887,0.0,28.3,0.126
2023-08-06 23:00:00+00:00,25.0,67.85564,0.0,27.8,0.126
2023-08-07 00:00:00+00:00,25.0,70.22563,0.0,26.8,0.126
2023-08-07 01:00:00+00:00,24.3,75.77326,0.0,26.55,0.126
2023-08-07 02:00:00+00:00,23.75,81.53202,0.0,26.25,0.126
2023-08-07 03:00:00+00:00,23.3,78.74119,0.0,25.95,0.126
2023-08-07 04:00:00+00:00,23.6,58.73102,0.0,25.8,0.126
2023-08-07 05:00:00+00:00,25.1,48.877903,0.0,26.25,0.126
2023-08-07 06:00:00+00:00,26.55,48.01017,0.0,27.3,0.126
2023-08-07 07:00:00+00:00,28.35,46.075676,0.0,28.85,0.126
2023-08-07 08:00:00+00:00,29.85,40.39061,0.0,30.65,0.126
2023-08-07 09:00:00+00:00,31.15,35.262074,0.0,32.55,0.126
2023-08-07 10:00:00+00:00,32.2,30.224909,0.0,34.35,0.126
2023-08-07 11:00:00+00:00,32.85,28.010067,0.0,35.85,0.125
2023-08-07 12:00:00+00:00,32.95,29.355444,0.0,37.05,0.126
2023-08-07 13:00:00+00:00,33.35,27.504578,0.0,37.4,0.126
2023-08-07 14:00:00+00:00,33.6,25.726925,0.0,37.55,0.126
2023-08-07 15:00:00+00:00,33.55,24.545452,0.0,37.25,0.126
2023-08-07 16:00:00+00:00,33.2,24.618052,0.0,36.3,0.126
2023-08-07 17:00:00+00:00,31.55,28.21717,0.0,34.85,0.126
2023-08-07 18:00:00+00:00,29.7,34.745216,0.0,33.2,0.126
2023-08-07 19:00:00+00:00,27.5,46.142246,0.0,31.8,0.126
2023-08-07 20:00:00+00:00,27.1,53.675056,0.0,30.65,0.125
2023-08-07 21:00:00+00:00,26.0,62.164608,0.0,29.7,0.125
2023-08-07 22:00:00+00:00,25.05,65.15607,0.0,28.85,0.125
2023-08-07 23:00:00+00:00,24.3,66.86914,0.0,28.1,0.125
2023-08-08 00:00:00+00:00,23.95,66.79767,0.0,26.8,0.125
2023-08-08 01:00:00+00:00,23.2,69.88591,0.0,26.35,0.125
2023-08-08 02:00:00+00:00,22.65,72.71031,0.0,25.95,0.125
2023-08-08 03:00:00+00:00,21.9,78.04815,0.0,25.5,0.125
2023-08-08 04:00:00+00:00,22.3,73.34095,0.0,25.25,0.125
2023-08-08 05:00:00+00:00,24.2,54.677616,0.0,25.7,0.125
2023-08-08 06:00:00+00:00,25.0,39.29872,0.0,26.6,0.125
2023-08-08 07:00:00+00:00,25.95,39.174202,0.0,27.75,0.125
2023-08-08 08:00:00+00:00,27.05,36.958546,0.0,29.1,0.125
2023-08-08 09:00:00+00:00,28.05,34.74293,0.0,30.55,0.125
2023-08-08 10:00:00+00:00,28.9,32.740993,0.0,31.85,0.124
2023-08-08 11:00:00+00:00,29.45,30.678276,0.0,33.05,0.124
2023-08-08 12:00:00+00:00,29.75,32.652344,0.0,34.0,0.124
2023-08-08 13:00:00+00:00,30.1,31.373167,0.0,34.25,0.124
2023-08-08 14:00:00+00:00,29.85,31.932701,0.0,34.25,0.124
2023-08-08 15:00:00+00:00,28.45,33.49563,0.0,33.65,0.124
2023-08-08 16:00:00+00:00,27.6,33.705585,0.0,32.65,0.124
2023-08-08 17:00:00+00:00,26.05,35.35023,0.0,31.3,0.124
2023-08-08 18:00:00+00:00,24.7,39.083027,0.0,29.9,0.124
2023-08-08 19:00:00+00:00,23.9,42.39626,0.0,28.7,0.124
2023-08-08 20:00:00+00:00,23.05,45.98382,0.0,27.7,0.123
2023-08-08 21:00:00+00:00,22.15,50.03819,0.0,26.75,0.123
2023-08-08 22:00:00+00:00,21.15,55.89442,0.0,25.9,0.123
2023-08-08 23:00:00+00:00,20.4,63.94745,0.0,25.1,0.123
2023-08-09 00:00:00+00:00,20.15,68.40701,0.0,24.45,0.123
2023-08-09 01:00:00+00:00,19.95,71.303345,0.0,23.95,0.123
2023-08-09 02:00:00+00:00,19.6,72.16559,0.0,23.5,0.123
2023-08-09 03:00:00+00:00,19.2,71.859764,0.0,23.1,0.123
2023-08-09 04:00:00+00:00,19.3,69.13145,0.0,22.85,0.123
2023-08-09 05:00:00+00:00,20.65,61.74874,0.0,23.25,0.123
2023-08-09 06:00:00+00:00,22.0,57.78,0.0,24.25,0.123
2023-08-09 07:00:00+00:00,24.25,48.96996,0.0,25.75,0.123
2023-08-09 08:00:00+00:00,26.15,41.08789,0.0,27.35,0.123
2023-08-09 09:00:00+00:00,27.1,37.839306,0.0,28.6,0.123
2023-08-09 10:00:00+00:00,27.4,37.179535,0.0,29.2,0.123
2023-08-09 11:00:00+00:00,27.3,37.645992,0.0,29.4,0.123
2023-08-09 12:00:00+00:00,28.7,36.451893,0.0,30.5,0.123
2023-08-09 13:00:00+00:00,28.3,35.9825,0.0,30.75,0.123
2023-08-09 14:00:00+00:00,28.35,34.25476,0.0,30.7,0.123
2023-08-09 15:00:00+00:00,27.5,35.63977,0.0,30.2,0.123
2023-08-09 16:00:00+00:00,27.1,35.645912,0.0,29.8,0.123
2023-08-09 17:00:00+00:00,25.25,40.431362,0.0,28.85,0.123
2023-08-09 18:00:00+00:00,23.9,43.25233,0.0,27.75,0.123
2023-08-09 19:00:00+00:00,23.0,48.47399,0.0,26.8,0.123
2023-08-09 20:00:00+00:00,21.9,54.809654,0.0,25.9,0.123
2023-08-09 21:00:00+00:00,20.95,59.247326,0.0,25.05,0.123
2023-08-09 22:00:00+00:00,20.15,63.684097,0.0,24.25,0.123
2023-08-09 23:00:00+00:00,19.65,66.76819,0.0,23.6,0.123
2023-08-10 00:00:00+00:00,19.6,69.86721,0.0,22.6,0.125
2023-08-10 01:00:00+00:00,19.2,72.32699,0.0,22.25,0.125
2023-08-10 02:00:00+00:00,18.7,75.10425,0.0,21.95,0.125
2023-08-10 03:00:00+00:00,18.2,77.997055,0.0,21.6,0.125
2023-08-10 04:00:00+00:00,18.45,77.53204,0.0,21.4,0.125
2023-08-10 05:00:00+00:00,20.2,70.435715,0.0,21.95,0.125
2023-08-10 06:00:00+00:00,22.45,62.55976,0.0,23.2,0.125
2023-08-10 07:00:00+00:00,24.55,51.838596,0.0,24.85,0.125
2023-08-10 08:00:00+00:00,26.1,44.87648,0.0,26.7,0.125
2023-08-10 09:00:00+00:00,27.4,38.048695,0.0,28.4,0.125
2023-08-10 10:00:00+00:00,28.95,31.895042,0.0,30.2,0.125
2023-08-10 11:00:00+00:00,29.5,29.983288,0.0,31.6,0.125
2023-08-10 12:00:00+00:00,28.45,35.435413,0.0,31.2,0.125
2023-08-10 13:00:00+00:00,29.7,30.543219,0.0,32.1,0.125
2023-08-10 14:00:00+00:00,29.8,29.965714,0.0,32.45,0.125
2023-08-10 15:00:00+00:00,30.15,27.651546,0.0,32.4,0.125
2023-08-10 16:00:00+00:00,27.05,47.528423,0.0,31.45,0.125
2023-08-10 17:00:00+00:00,26.2,49.17044,0.0,30.15,0.125
2023-08-10 18:00:00+00:00,24.65,57.492184,0.0,28.8,0.125
2023-08-10 19:00:00+00:00,22.95,65.33162,0.0,27.65,0.125
2023-08-10 20:00:00+00:00,21.6,72.52447,0.0,26.55,0.125
2023-08-10 21:00:00+00:00,20.9,75.70563,0.0,25.6,0.125
2023-08-10 22:00:00+00:00,20.6,77.11671,0.0,24.85,0.125
2023-08-10 23:00:00+00:00,20.4,76.84082,0.1,24.35,0.125
2023-08-11 00:00:00+00:00,19.7,78.721214,0.1,24.45,0.125
2023-08-11 01:00:00+00:00,19.4,77.67587,0.0,23.75,0.125
2023-08-11 02:00:00+00:00,19.2,75.917274,0.0,23.2,0.125
2023-08-11 03:00:00+00:00,18.95,75.388725,0.0,22.7,0.125
2023-08-11 04:00:00+00:00,19.1,73.48936,0.0,22.4,0.125
2023-08-11 05:00:00+00:00,20.5,66.29674,0.0,22.75,0.125
2023-08-11 06:00:00+00:00,22.4,57.1292,0.0,23.75,0.125
2023-08-11 07:00:00+00:00,24.4,49.979122,0.0,25.25,0.125
2023-08-11 08:00:00+00:00,26.65,41.498726,0.0,27.05,0.125
2023-08-11 09:00:00+00:00,28.7,34.352577,0.0,28.95,0.125
2023-08-11 10:00:00+00:00,30.05,29.83502,0.0,30.6,0.125
2023-08-11 11:00:00+00:00,30.9,26.757793,0.0,32.05,0.125
2023-08-11 12:00:00+00:00,29.6,31.863459,0.0,32.7,0.127
2023-08-11 13:00:00+00:00,29.95,30.308195,0.0,33.0,0.127
2023-08-11 14:00:00+00:00,29.85,29.091576,0.0,32.75,0.127
2023-08-11 15:00:00+00:00,29.3,29.332403,0.0,32.1,0.126
2023-08-11 16:00:00+00:00,28.85,29.604616,0.0,31.3,0.126
2023-08-11 17:00:00+00:00,27.65,32.175713,0.0,30.25,0.126
2023-08-11 18:00:00+00:00,25.7,36.333786,0.0,28.95,0.126
2023-08-11 19:00:00+00:00,23.95,42.410244,0.0,27.7,0.126
2023-08-11 20:00:00+00:00,22.55,49.32296,0.0,26.55,0.126
2023-08-11 21:00:00+00:00,21.6,53.662388,0.0,25.55,0.126
2023-08-11 22:00:00+00:00,21.0,57.15896,0.0,24.7,0.126
2023-08-11 23:00:00+00:00,20.3,60.66594,0.0,24.0,0.126
2023-08-12 00:00:00+00:00,20.15,65.154686,0.0,23.25,0.128
2023-08-12 01:00:00+00:00,19.2,67.33154,0.0,22.75,0.128
2023-08-12 02:00:00+00:00,18.95,66.18679,0.0,22.25,0.128
2023-08-12 03:00:00+00:00,18.85,65.30193,0.0,21.9,0.128
2023-08-12 04:00:00+00:00,19.45,62.699028,0.0,21.7,0.128
2023-08-12 05:00:00+00:00,22.05,53.778004,0.0,22.35,0.128
2023-08-12 06:00:00+00:00,25.3,43.354652,0.0,23.85,0.127
2023-08-12 07:00:00+00:00,27.6,37.35869,0.0,25.7,0.127
2023-08-12 08:00:00+00:00,29.15,30.59543,0.0,27.65,0.127
2023-08-12 09:00:00+00:00,30.75,26.538532,0.0,29.4,0.127
2023-08-12 10:00:00+00:00,30.85,27.014902,0.0,30.6,0.127
2023-08-12 11:00:00+00:00,31.15,26.645737,0.0,31.45,0.127
2023-08-12 12:00:00+00:00,30.65,31.111643,0.0,31.0,0.128
2023-08-12 13:00:00+00:00,31.25,29.768003,0.0,31.85,0.128
2023-08-12 14:00:00+00:00,30.7,31.228283,0.0,32.15,0.128
2023-08-12 15:00:00+00:00,29.6,31.863459,0.0,31.9,0.127
2023-08-12 16:00:00+00:00,28.25,34.000282,0.0,31.1,0.127
2023-08-12 17:00:00+00:00,26.85,36.779938,0.0,29.95,0.127
2023-08-12 18:00:00+00:00,25.25,41.794594,0.0,28.7,0.127
2023-08-12 19:00:00+00:00,23.95,51.1796,0.0,27.55,0.127
2023-08-12 20:00:00+00:00,22.95,58.19821,0.0,26.6,0.127
2023-08-12 21:00:00+00:00,22.1,63.088554,0.0,25.75,0.127
2023-08-12 22:00:00+00:00,21.5,66.07863,0.0,25.0,0.127
2023-08-12 23:00:00+00:00,21.15,67.51147,0.0,24.4,0.127
2023-08-13 00:00:00+00:00,20.8,75.20898,0.0,24.65,0.124
2023-08-13 01:00:00+00:00,20.75,75.44078,0.0,24.05,0.124
2023-08-13 02:00:00+00:00,20.75,75.20078,0.0,23.65,0.124
2023-08-13 03:00:00+00:00,20.6,77.85567,0.0,23.3,0.124
2023-08-13 04:00:00+00:00,20.85,78.886375,0.0,23.1,0.124
2023-08-13 05:00:00+00:00,23.0,67.45483,0.0,23.55,0.124
2023-08-13 06:00:00+00:00,24.25,64.169464,0.0,24.55,0.124
2023-08-13 07:00:00+00:00,25.05,62.93808,1.7,24.75,0.142
2023-08-13 08:00:00+00:00,26.9,49.19757,0.0,25.85,0.141
2023-08-13 09:00:00+00:00,29.05,40.039455,0.0,27.9,0.141
2023-08-13 10:00:00+00:00,29.95,36.3244,0.0,29.6,0.14
2023-08-13 11:00:00+00:00,30.85,32.957096,0.0,31.05,0.14
2023-08-13 12:00:00+00:00,30.7,35.48169,0.0,30.15,0.242
2023-08-13 13:00:00+00:00,30.4,36.33136,0.0,30.3,0.24
2023-08-13 14:00:00+00:00,30.25,37.123734,0.0,30.45,0.237
2023-08-13 15:00:00+00:00,29.0,40.416355,0.0,30.15,0.235
2023-08-13 16:00:00+00:00,27.85,43.4909,0.0,29.5,0.234
2023-08-13 17:00:00+00:00,26.45,49.39533,0.0,28.55,0.233
2023-08-13 18:00:00+00:00,25.2,57.624954,0.0,27.6,0.232
2023-08-13 19:00:00+00:00,24.4,62.199482,0.0,26.8,0.232
2023-08-13 20:00:00+00:00,23.7,65.906525,0.0,26.15,0.231
2023-08-13 21:00:00+00:00,23.0,69.84785,0.0,25.55,0.231
2023-08-13 22:00:00+00:00,22.4,72.43682,0.0,25.0,0.231
2023-08-13 23:00:00+00:00,22.0,73.75452,0.0,24.5,0.23
2023-08-14 00:00:00+00:00,22.0,74.69343,0.0,25.3,0.229
2023-08-14 01:00:00+00:00,22.15,74.95449,0.0,24.8,0.228
2023-08-14 02:00:00+00:00,22.35,75.2239,0.0,24.5,0.228
2023-08-14 03:00:00+00:00,22.95,71.175125,0.0,24.45,0.228
2023-08-14 04:00:00+00:00,23.25,67.29163,0.0,24.4,0.227
2023-08-14 05:00:00+00:00,23.8,65.0971,0.0,24.6,0.227
2023-08-14 06:00:00+00:00,25.35,60.855366,0.0,25.2,0.226
2023-08-14 07:00:00+00:00,28.3,51.97546,0.0,26.5,0.224
2023-08-14 08:00:00+00:00,28.95,49.579296,0.0,27.2,0.223
2023-08-14 09:00:00+00:00,30.95,43.50184,0.0,28.75,0.221
2023-08-14 10:00:00+00:00,32.2,39.505615,0.0,30.1,0.218
2023-08-14 11:00:00+00:00,33.1,37.432686,0.0,31.3,0.215
2023-08-14 12:00:00+00:00,31.25,45.978622,0.0,31.65,0.215
2023-08-14 13:00:00+00:00,31.7,45.240967,0.0,31.55,0.213
2023-08-14 14:00:00+00:00,31.1,46.51886,0.0,31.4,0.212
2023-08-14 15:00:00+00:00,30.3,48.23945,0.0,31.15,0.21
2023-08-14 16:00:00+00:00,28.95,51.977966,0.0,30.45,0.21
2023-08-14 17:00:00+00:00,27.5,54.976933,0.0,29.5,0.209
2023-08-14 18:00:00+00:00,26.3,58.624443,0.0,28.55,0.209
2023-08-14 19:00:00+00:00,25.7,61.708042,0.0,27.8,0.208
2023-08-14 20:00:00+00:00,24.9,64.91984,0.0,27.15,0.208
2023-08-14 21:00:00+00:00,24.3,66.86914,0.0,26.5,0.208
2023-08-14 22:00:00+00:00,23.8,67.829704,0.0,26.0,0.208
2023-08-14 23:00:00+00:00,23.6,67.5758,0.0,25.6,0.207
2023-08-15 00:00:00+00:00,24.2,67.27126,0.0,26.5,0.206
2023-08-15 01:00:00+00:00,24.5,66.281296,0.0,26.25,0.206
2023-08-15 02:00:00+00:00,24.55,66.50052,0.0,25.95,0.206
2023-08-15 03:00:00+00:00,24.15,69.19215,0.0,25.65,0.206
2023-08-15 04:00:00+00:00,24.3,69.00432,0.0,25.5,0.205
2023-08-15 05:00:00+00:00,25.3,70.06365,0.0,25.65,0.205
2023-08-15 06:00:00+00:00,26.05,69.340836,0.0,26.05,0.205
2023-08-15 07:00:00+00:00,27.1,67.01869,0.0,26.55,0.204
2023-08-15 08:00:00+00:00,28.55,61.38879,0.1,27.45,0.204
2023-08-15 09:00:00+00:00,30.25,54.460968,0.0,28.5,0.203
2023-08-15 10:00:00+00:00,31.9,49.265713,0.0,29.85,0.201
2023-08-15 11:00:00+00:00,32.25,48.449207,0.0,30.55,0.2
2023-08-15 12:00:00+00:00,30.95,56.510822,0.0,31.25,0.199
2023-08-15 13:00:00+00:00,31.6,53.464558,0.0,31.25,0.198
2023-08-15 14:00:00+00:00,31.8,53.02379,0.0,31.5,0.196
2023-08-15 15:00:00+00:00,30.65,55.920788,0.0,31.1,0.196
2023-08-15 16:00:00+00:00,29.75,57.62839,0.0,30.6,0.195
2023-08-15 17:00:00+00:00,28.65,61.222065,0.0,29.85,0.195
2023-08-15 18:00:00+00:00,27.45,65.65761,0.0,28.95,0.194
2023-08-15 19:00:00+00:00,26.5,67.31352,0.0,28.2,0.194
2023-08-15 20:00:00+00:00,25.4,69.64825,0.0,27.5,0.194
2023-08-15 21:00:00+00:00,24.7,70.82919,0.0,26.85,0.194
2023-08-15 22:00:00+00:00,24.0,73.17476,0.0,26.3,0.194
2023-08-15 23:00:00+00:00,23.4,75.15885,0.0,25.8,0.193
2023-08-16 00:00:00+00:00,23.75,74.51521,0.0,26.6,0.191
2023-08-16 01:00:00+00:00,23.65,74.03462,0.0,26.1,0.191
2023-08-16 02:00:00+00:00,23.45,76.5875,0.0,25.65,0.19
2023-08-16 03:00:00+00:00,23.2,79.46495,0.0,25.3,0.19
2023-08-16 04:00:00+00:00,23.25,79.22526,0.0,25.05,0.19
2023-08-16 05:00:00+00:00,25.1,69.37469,0.0,25.4,0.19
2023-08-16 06:00:00+00:00,26.5,64.45013,0.0,26.3,0.189
2023-08-16 07:00:00+00:00,28.7,56.669094,0.0,27.65,0.188
2023-08-16 08:00:00+00:00,30.15,51.958633,0.0,28.9,0.187
2023-08-16 09:00:00+00:00,31.35,49.42911,0.0,30.0,0.186
2023-08-16 10:00:00+00:00,33.1,44.495514,0.0,31.35,0.185
2023-08-16 11:00:00+00:00,35.75,36.298294,0.0,32.85,0.183
2023-08-16 12:00:00+00:00,33.15,48.236294,0.0,32.8,0.183
2023-08-16 13:00:00+00:00,32.8,48.892933,0.0,32.85,0.182
2023-08-16 14:00:00+00:00,32.7,47.970448,0.0,33.05,0.181
2023-08-16 15:00:00+00:00,31.45,50.69698,0.0,32.7,0.18
2023-08-16 16:00:00+00:00,30.0,53.56166,0.0,31.9,0.179
2023-08-16 17:00:00+00:00,28.6,56.821697,0.0,30.8,0.179
2023-08-16 18:00:00+00:00,27.4,59.25275,0.0,29.7,0.179
2023-08-16 19:00:00+00:00,26.15,63.576065,0.0,28.75,0.178
2023-08-16 20:00:00+00:00,25.25,65.198235,0.0,27.9,0.178
2023-08-16 21:00:00+00:00,24.55,66.50052,0.0,27.2,0.178
2023-08-16 22:00:00+00:00,24.05,66.81812,0.0,26.55,0.178
2023-08-16 23:00:00+00:00,23.6,69.30389,0.0,26.05,0.178
2023-08-17 00:00:00+00:00,23.8,71.55486,0.0,26.6,0.177
2023-08-17 01:00:00+00:00,23.75,75.45036,0.0,26.1,0.177
2023-08-17 02:00:00+00:00,23.5,79.26011,0.0,25.7,0.177
2023-08-17 03:00:00+00:00,23.2,80.209045,0.0,25.35,0.177
2023-08-17 04:00:00+00:00,23.3,78.74119,0.0,25.1,0.176
2023-08-17 05:00:00+00:00,24.85,72.19183,0.0,25.45,0.176
2023-08-17 06:00:00+00:00,26.9,61.399315,0.0,26.35,0.176
2023-08-17 07:00:00+00:00,28.9,51.315716,0.0,27.7,0.175
2023-08-17 08:00:00+00:00,30.2,49.129555,0.0,29.15,0.174
2023-08-17 09:00:00+00:00,32.15,43.279755,0.0,30.8,0.173
2023-08-17 10:00:00+00:00,33.8,37.034664,0.0,32.3,0.171
2023-08-17 11:00:00+00:00,34.6,32.922405,0.0,33.55,0.169
2023-08-17 12:00:00+00:00,35.05,33.681385,0.0,34.4,0.168
2023-08-17 13:00:00+00:00,34.9,33.004253,0.0,34.9,0.167
2023-08-17 14:00:00+00:00,33.95,33.918816,0.0,34.8,0.165
2023-08-17 15:00:00+00:00,32.7,35.348835,0.0,34.25,0.165
2023-08-17 16:00:00+00:00,30.75,40.899067,0.0,33.2,0.164
2023-08-17 17:00:00+00:00,28.9,48.02147,0.0,31.85,0.164
2023-08-17 18:00:00+00:00,27.35,54.766655,0.0,30.55,0.163
2023-08-17 19:00:00+00:00,26.15,61.229847,0.0,29.45,0.163
2023-08-17 20:00:00+00:00,25.25,64.99398,0.0,28.5,0.163
2023-08-17 21:00:00+00:00,24.7,66.114395,0.0,27.7,0.163
2023-08-17 22:00:00+00:00,24.35,67.30153,0.0,27.1,0.163
2023-08-17 23:00:00+00:00,24.0,68.51371,0.0,26.55,0.163
2023-08-18 00:00:00+00:00,23.6,72.421646,0.0,27.2,0.162
2023-08-18 01:00:00+00:00,23.7,72.89436,0.0,26.55,0.162
2023-08-18 02:00:00+00:00,23.65,76.3803,0.0,26.1,0.162
2023-08-18 03:00:00+00:00,23.55,77.08142,0.0,25.75,0.162
2023-08-18 04:00:00+00:00,23.8,75.22373,0.0,25.55,0.161
2023-08-18 05:00:00+00:00,25.25,68.75781,0.0,25.85,0.161
2023-08-18 06:00:00+00:00,27.15,60.127533,0.0,26.75,0.161
2023-08-18 07:00:00+00:00,29.25,49.971535,0.0,27.95,0.16
2023-08-18 08:00:00+00:00,30.95,45.32436,0.0,29.5,0.16
2023-08-18 09:00:00+00:00,32.55,39.727203,0.0,31.15,0.159
2023-08-18 10:00:00+00:00,33.8,34.423447,0.0,32.6,0.157
2023-08-18 11:00:00+00:00,34.4,33.290604,0.0,33.8,0.156
2023-08-18 12:00:00+00:00,35.15,31.933317,0.0,34.5,0.158
2023-08-18 13:00:00+00:00,34.7,32.635612,0.0,34.95,0.157
2023-08-18 14:00:00+00:00,33.8,34.86559,0.0,34.85,0.156
2023-08-18 15:00:00+00:00,32.65,36.484703,0.0,34.35,0.155
2023-08-18 16:00:00+00:00,30.85,41.18843,0.0,33.3,0.154
2023-08-18 17:00:00+00:00,28.95,46.978832,0.0,32.0,0.154
2023-08-18 18:00:00+00:00,27.35,52.06136,0.0,30.7,0.154
2023-08-18 19:00:00+00:00,26.1,55.858665,0.0,29.6,0.154
2023-08-18 20:00:00+00:00,25.3,58.387203,0.0,28.65,0.154
2023-08-18 21:00:00+00:00,24.65,60.118515,0.0,27.85,0.154
2023-08-18 22:00:00+00:00,24.25,60.40976,0.0,27.15,0.154
2023-08-18 23:00:00+00:00,23.8,61.2773,0.0,26.6,0.153
2023-08-19 00:00:00+00:00,24.05,59.978897,0.0,27.25,0.152
2023-08-19 01:00:00+00:00,24.0,60.544964,0.0,26.65,0.152
2023-08-19 02:00:00+00:00,23.9,64.29757,0.0,26.3,0.152
2023-08-19 03:00:00+00:00,23.55,66.71578,0.0,25.95,0.152
2023-08-19 04:00:00+00:00,23.25,69.89544,0.0,25.6,0.152
2023-08-19 05:00:00+00:00,24.7,65.69976,0.0,25.8,0.152
2023-08-19 06:00:00+00:00,26.55,55.089375,0.0,26.65,0.151
2023-08-19 07:00:00+00:00,28.65,43.569687,0.0,28.0,0.151
2023-08-19 08:00:00+00:00,30.3,40.64485,0.0,29.5,0.15
2023-08-19 09:00:00+00:00,31.9,34.902054,0.0,31.05,0.149
2023-08-19 10:00:00+00:00,33.05,29.964207,0.0,32.5,0.149
2023-08-19 11:00:00+00:00,33.85,26.482645,0.0,33.7,0.148
2023-08-19 12:00:00+00:00,34.5,27.451366,0.0,34.45,0.148
2023-08-19 13:00:00+00:00,33.85,28.464214,0.0,34.85,0.147
2023-08-19 14:00:00+00:00,32.8,28.3678,0.0,34.6,0.146
2023-08-19 15:00:00+00:00,31.5,30.132896,0.0,34.0,0.146
2023-08-19 16:00:00+00:00,29.75,35.217625,0.0,32.95,0.146
2023-08-19 17:00:00+00:00,28.15,40.4431,0.0,31.6,0.145
2023-08-19 18:00:00+00:00,26.6,46.647675,0.0,30.25,0.145
2023-08-19 19:00:00+00:00,25.55,52.433662,0.0,29.15,0.145
2023-08-19 20:00:00+00:00,24.7,55.869965,0.0,28.2,0.145
2023-08-19 21:00:00+00:00,23.4,61.185825,0.0,27.25,0.145
2023-08-19 22:00:00+00:00,23.25,61.74244,0.0,26.5,0.145
2023-08-19 23:00:00+00:00,22.95,64.29705,0.0,25.95,0.145
2023-08-20 00:00:00+00:00,23.05,67.03779,0.0,26.4,0.144
2023-08-20 01:00:00+00:00,23.4,68.395645,0.0,25.95,0.144
2023-08-20 02:00:00+00:00,23.45,71.71626,0.0,25.7,0.144
2023-08-20 03:00:00+00:00,23.1,75.11001,0.0,25.45,0.144
2023-08-20 04:00:00+00:00,23.35,74.21605,0.0,25.3,0.144
2023-08-20 05:00:00+00:00,24.45,69.033325,0.0,25.5,0.144
2023-08-20 06:00:00+00:00,26.25,59.731483,0.0,26.3,0.144
2023-08-20 07:00:00+00:00,29.05,48.061226,0.0,27.75,0.143
2023-08-20 08:00:00+00:00,31.55,39.201614,0.0,29.55,0.143
2023-08-20 09:00:00+00:00,33.1,33.147614,0.0,31.3,0.142
2023-08-20 10:00:00+00:00,34.05,30.6295,0.0,32.9,0.142
2023-08-20 11:00:00+00:00,34.95,26.25388,0.0,34.2,0.141
2023-08-20 12:00:00+00:00,35.7,27.14807,0.0,35.0,0.138
2023-08-20 13:00:00+00:00,35.85,25.80991,0.0,35.6,0.138
2023-08-20 14:00:00+00:00,35.55,26.240353,0.0,35.7,0.137
2023-08-20 15:00:00+00:00,34.1,29.763147,0.0,35.2,0.137
2023-08-20 16:00:00+00:00,32.55,25.535097,0.0,34.25,0.137
2023-08-20 17:00:00+00:00,29.8,37.604782,0.0,32.85,0.137
2023-08-20 18:00:00+00:00,28.1,43.983074,0.0,31.4,0.137
2023-08-20 19:00:00+00:00,27.05,42.85031,0.0,30.2,0.136
2023-08-20 20:00:00+00:00,25.85,43.936813,0.0,29.1,0.136
2023-08-20 21:00:00+00:00,25.25,47.351566,0.0,28.2,0.136
2023-08-20 22:00:00+00:00,24.85,48.493996,0.0,27.4,0.136
2023-08-20 23:00:00+00:00,24.5,49.519093,0.0,26.75,0.136
2023-08-21 00:00:00+00:00,24.2,53.108723,0.0,26.2,0.136
2023-08-21 01:00:00+00:00,23.55,56.856842,0.0,25.7,0.136
2023-08-21 02:00:00+00:00,22.9,58.3747,0.0,25.2,0.136
2023-08-21 03:00:00+00:00,22.2,59.544357,0.0,24.7,0.136
2023-08-21 04:00:00+00:00,22.4,58.25435,0.0,24.35,0.136
2023-08-21 05:00:00+00:00,24.95,51.274727,0.0,24.8,0.136
2023-08-21 06:00:00+00:00,28.4,41.712593,0.0,26.3,0.136
2023-08-21 07:00:00+00:00,31.7,31.606623,0.0,28.3,0.135
2023-08-21 08:00:00+00:00,34.8,22.365158,0.0,30.5,0.135
2023-08-21 09:00:00+00:00,36.3,16.924585,0.0,32.5,0.135
2023-08-21 10:00:00+00:00,37.15,14.521678,0.0,34.2,0.134
2023-08-21 11:00:00+00:00,37.45,14.385328,0.0,35.5,0.134
2023-08-21 12:00:00+00:00,37.55,16.134077,0.0,36.5,0.134
2023-08-21 13:00:00+00:00,37.35,16.53451,0.0,37.0,0.134
2023-08-21 14:00:00+00:00,36.9,16.659336,0.0,37.0,0.133
2023-08-21 15:00:00+00:00,36.0,17.030312,0.0,36.45,0.133
2023-08-21 16:00:00+00:00,34.8,17.644892,0.0,35.45,0.133
2023-08-21 17:00:00+00:00,32.65,18.509098,0.0,34.1,0.133
2023-08-21 18:00:00+00:00,30.6,21.525223,0.0,32.7,0.133
2023-08-21 19:00:00+00:00,28.9,27.591864,0.0,31.4,0.133
2023-08-21 20:00:00+00:00,27.45,34.23052,0.0,30.3,0.132
2023-08-21 21:00:00+00:00,26.35,38.64136,0.0,29.3,0.132
2023-08-21 22:00:00+00:00,25.55,41.602566,0.0,28.4,0.132
2023-08-21 23:00:00+00:00,25.0,42.986526,0.0,27.65,0.132
2023-08-22 00:00:00+00:00,25.1,38.675518,0.0,27.0,0.131
2023-08-22 01:00:00+00:00,24.05,41.320248,0.0,26.4,0.131
2023-08-22 02:00:00+00:00,23.8,42.651985,0.0,25.85,0.131
2023-08-22 03:00:00+00:00,23.75,43.644318,0.0,25.45,0.131
2023-08-22 04:00:00+00:00,23.95,45.17339,0.0,25.15,0.131
2023-08-22 05:00:00+00:00,26.2,43.319065,0.0,25.65,0.131
2023-08-22 06:00:00+00:00,29.25,40.094856,0.0,27.05,0.131
2023-08-22 07:00:00+00:00,32.4,34.03849,0.0,28.95,0.131
2023-08-22 08:00:00+00:00,34.7,25.092102,0.0,31.05,0.131
2023-08-22 09:00:00+00:00,36.1,21.736837,0.0,33.05,0.13
2023-08-22 10:00:00+00:00,36.85,21.351337,0.0,34.8,0.13
2023-08-22 11:00:00+00:00,37.3,21.462704,0.0,36.2,0.13
2023-08-22 12:00:00+00:00,37.45,22.43919,0.0,37.05,0.129
2023-08-22 13:00:00+00:00,37.15,23.262072,0.0,37.5,0.129
2023-08-22 14:00:00+00:00,36.45,23.621763,0.0,37.4,0.129
2023-08-22 15:00:00+00:00,35.45,23.755655,0.0,36.8,0.129
2023-08-22 16:00:00+00:00,34.15,25.87185,0.0,35.75,0.129
2023-08-22 17:00:00+00:00,32.3,30.252203,0.0,34.4,0.129
2023-08-22 18:00:00+00:00,30.65,35.237896,0.0,33.05,0.128
2023-08-22 19:00:00+00:00,29.35,40.64416,0.0,31.85,0.128
2023-08-22 20:00:00+00:00,28.05,46.737724,0.0,30.8,0.128
2023-08-22 21:00:00+00:00,26.8,52.753838,0.0,29.85,0.128
2023-08-22 22:00:00+00:00,25.95,56.89605,0.0,29.0,0.128
2023-08-22 23:00:00+00:00,25.35,59.33331,0.0,28.25,0.128
2023-08-23 00:00:00+00:00,24.85,62.30015,0.0,27.85,0.126
2023-08-23 01:00:00+00:00,24.25,65.19241,0.0,27.25,0.126
2023-08-23 02:00:00+00:00,23.9,66.57678,0.0,26.7,0.126
2023-08-23 03:00:00+00:00,23.55,67.35236,0.0,26.25,0.126
2023-08-23 04:00:00+00:00,23.65,66.315025,0.0,25.95,0.126
2023-08-23 05:00:00+00:00,25.6,59.58013,0.0,26.35,0.126
2023-08-23 06:00:00+00:00,28.15,53.096695,0.0,27.55,0.126
2023-08-23 07:00:00+00:00,30.35,45.449604,0.0,29.25,0.125
2023-08-23 08:00:00+00:00,32.4,37.959538,0.0,31.2,0.125
2023-08-23 09:00:00+00:00,34.15,31.86551,0.0,33.15,0.125
2023-08-23 10:00:00+00:00,35.55,26.845343,0.0,34.9,0.125
2023-08-23 11:00:00+00:00,36.1,24.3981,0.0,36.25,0.125
2023-08-23 12:00:00+00:00,35.75,24.228043,0.0,36.9,0.128
2023-08-23 13:00:00+00:00,36.05,23.211613,0.0,37.5,0.127
2023-08-23 14:00:00+00:00,35.95,23.571585,0.0,37.55,0.127
2023-08-23 15:00:00+00:00,34.7,26.187975,0.0,36.95,0.127
2023-08-23 16:00:00+00:00,32.6,30.43331,0.0,35.8,0.127
2023-08-23 17:00:00+00:00,30.3,36.778137,0.0,34.2,0.127
2023-08-23 18:00:00+00:00,28.8,41.68816,0.0,32.7,0.127
2023-08-23 19:00:00+00:00,27.5,46.290997,0.0,31.4,0.127
2023-08-23 20:00:00+00:00,26.55,49.74035,0.0,30.3,0.127
2023-08-23 21:00:00+00:00,25.45,53.086052,0.0,29.3,0.127
2023-08-23 22:00:00+00:00,24.4,56.51765,0.0,28.35,0.127
2023-08-23 23:00:00+00:00,23.55,59.670216,0.0,27.5,0.127
2023-08-24 00:00:00+00:00,23.7,59.514217,0.0,26.9,0.127
2023-08-24 01:00:00+00:00,23.05,61.302135,0.0,26.35,0.127
2023-08-24 02:00:00+00:00,22.35,64.166855,0.0,25.8,0.127
2023-08-24 03:00:00+00:00,21.9,65.95033,0.0,25.3,0.127
2023-08-24 04:00:00+00:00,22.05,68.345634,0.0,24.95,0.127
2023-08-24 05:00:00+00:00,24.9,55.20673,0.0,25.5,0.127
2023-08-24 06:00:00+00:00,27.65,46.930527,0.0,26.95,0.127
2023-08-24 07:00:00+00:00,29.65,43.28608,0.0,28.85,0.127
2023-08-24 08:00:00+00:00,31.65,36.91428,0.0,30.9,0.127
2023-08-24 09:00:00+00:00,33.45,32.713158,0.0,33.0,0.126
2023-08-24 10:00:00+00:00,34.5,30.751648,0.0,34.85,0.126
2023-08-24 11:00:00+00:00,35.5,29.948439,0.0,36.1,0.126
2023-08-24 12:00:00+00:00,36.35,28.21457,0.0,36.95,0.126
2023-08-24 13:00:00+00:00,35.9,28.004238,0.1,37.15,0.127
2023-08-24 14:00:00+00:00,35.45,27.436014,0.0,36.85,0.126
2023-08-24 15:00:00+00:00,34.25,28.571697,0.0,36.1,0.127
2023-08-24 16:00:00+00:00,33.1,32.198315,0.0,35.05,0.126
2023-08-24 17:00:00+00:00,30.8,41.438107,0.0,33.8,0.126
2023-08-24 18:00:00+00:00,28.6,48.555027,0.0,32.45,0.126
2023-08-24 19:00:00+00:00,27.35,53.061764,0.0,31.25,0.126
2023-08-24 20:00:00+00:00,26.2,59.719875,0.0,30.2,0.126
2023-08-24 21:00:00+00:00,25.1,68.94341,0.0,29.25,0.126
2023-08-24 22:00:00+00:00,24.25,76.4734,0.0,28.35,0.126
2023-08-24 23:00:00+00:00,23.5,83.02496,0.0,27.6,0.126
2023-08-25 00:00:00+00:00,22.95,85.30218,0.0,26.6,0.125
2023-08-25 01:00:00+00:00,22.5,85.52045,0.0,26.1,0.125
2023-08-25 02:00:00+00:00,22.1,85.47985,0.0,25.65,0.125
2023-08-25 03:00:00+00:00,22.0,86.00249,0.0,25.25,0.125
2023-08-25 04:00:00+00:00,22.25,85.49509,0.0,25.0,0.125
2023-08-25 05:00:00+00:00,24.3,76.244545,0.0,25.45,0.125
2023-08-25 06:00:00+00:00,26.15,67.66209,0.0,26.65,0.125
2023-08-25 07:00:00+00:00,28.4,53.663403,0.0,28.4,0.125
2023-08-25 08:00:00+00:00,30.6,41.119797,0.0,30.4,0.125
2023-08-25 09:00:00+00:00,32.35,35.47969,0.0,32.4,0.125
2023-08-25 10:00:00+00:00,33.85,32.403545,0.0,34.25,0.124
2023-08-25 11:00:00+00:00,34.9,30.076118,0.0,35.8,0.124
2023-08-25 12:00:00+00:00,35.0,29.622013,0.0,36.8,0.124
2023-08-25 13:00:00+00:00,35.3,27.57473,0.0,37.4,0.124
2023-08-25 14:00:00+00:00,35.0,26.699923,0.0,37.3,0.124
2023-08-25 15:00:00+00:00,33.65,28.784298,0.0,36.6,0.124
2023-08-25 16:00:00+00:00,32.05,31.087362,0.0,35.4,0.124
2023-08-25 17:00:00+00:00,29.8,35.92927,0.0,33.85,0.124
2023-08-25 18:00:00+00:00,28.1,41.900665,0.0,32.35,0.124
2023-08-25 19:00:00+00:00,26.55,50.060757,0.0,31.05,0.124
2023-08-25 20:00:00+00:00,25.3,59.32158,0.0,29.9,0.124
2023-08-25 21:00:00+00:00,24.6,63.840355,0.0,28.9,0.124
2023-08-25 22:00:00+00:00,24.15,65.37767,0.0,28.05,0.124
2023-08-25 23:00:00+00:00,23.75,64.674675,0.0,27.35,0.124
2023-08-26 00:00:00+00:00,23.5,67.34225,0.0,27.0,0.124
2023-08-26 01:00:00+00:00,22.95,68.959435,0.0,26.4,0.124
2023-08-26 02:00:00+00:00,22.65,68.03048,0.0,25.9,0.124
2023-08-26 03:00:00+00:00,22.5,66.28739,0.0,25.5,0.124
2023-08-26 04:00:00+00:00,22.5,65.0276,0.0,25.15,0.124
2023-08-26 05:00:00+00:00,24.5,54.2261,0.0,25.55,0.124
2023-08-26 06:00:00+00:00,26.9,49.67305,0.0,26.7,0.123
2023-08-26 07:00:00+00:00,29.35,40.907192,0.0,28.35,0.123
2023-08-26 08:00:00+00:00,31.85,32.37923,0.0,30.35,0.123
2023-08-26 09:00:00+00:00,33.7,28.054268,0.0,32.35,0.123
2023-08-26 10:00:00+00:00,34.85,25.716429,0.0,34.1,0.123
2023-08-26 11:00:00+00:00,35.35,24.52564,0.0,35.5,0.123
2023-08-26 12:00:00+00:00,35.2,25.555805,0.0,36.25,0.123
2023-08-26 13:00:00+00:00,34.8,25.451096,0.0,36.7,0.123
2023-08-26 14:00:00+00:00,33.65,26.780445,0.0,36.5,0.123
2023-08-26 15:00:00+00:00,32.15,29.817188,0.0,35.7,0.123
2023-08-26 16:00:00+00:00,30.1,34.17857,0.0,34.4,0.123
2023-08-26 17:00:00+00:00,28.2,39.803368,0.0,32.85,0.123
2023-08-26 18:00:00+00:00,26.75,46.537518,0.0,31.35,0.123
2023-08-26 19:00:00+00:00,25.65,52.79728,0.0,30.1,0.123
2023-08-26 20:00:00+00:00,24.95,55.219177,0.0,29.0,0.122
2023-08-26 21:00:00+00:00,24.35,56.505363,0.0,28.15,0.122
2023-08-26 22:00:00+00:00,23.2,60.944027,0.0,27.25,0.122
2023-08-26 23:00:00+00:00,22.7,64.037476,0.0,26.5,0.122
2023-08-27 00:00:00+00:00,21.75,69.83098,0.0,26.3,0.122
2023-08-27 01:00:00+00:00,21.65,71.8444,0.0,25.7,0.122
2023-08-27 02:00:00+00:00,21.35,73.8776,0.0,25.15,0.122
2023-08-27 03:00:00+00:00,20.85,75.938774,0.0,24.65,0.122
2023-08-27 04:00:00+00:00,20.7,78.864944,0.0,24.2,0.122
2023-08-27 05:00:00+00:00,22.7,75.75499,0.0,24.5,0.122
2023-08-27 06:00:00+00:00,24.7,67.58372,0.0,25.6,0.122
2023-08-27 07:00:00+00:00,26.65,56.885715,0.0,27.2,0.122
2023-08-27 08:00:00+00:00,28.45,48.82463,0.0,29.05,0.122
2023-08-27 09:00:00+00:00,30.15,42.464222,0.0,31.0,0.122
2023-08-27 10:00:00+00:00,31.8,35.786358,0.0,32.8,0.122
2023-08-27 11:00:00+00:00,32.85,33.185925,0.0,34.35,0.122
2023-08-27 12:00:00+00:00,32.3,34.010933,0.0,35.15,0.122
2023-08-27 13:00:00+00:00,32.6,32.480026,0.0,35.65,0.122
2023-08-27 14:00:00+00:00,32.0,32.63221,0.0,35.55,0.122
2023-08-27 15:00:00+00:00,31.1,33.789467,0.0,34.85,0.122
2023-08-27 16:00:00+00:00,29.5,37.521328,0.0,33.65,0.122
2023-08-27 17:00:00+00:00,27.4,44.506237,0.0,32.1,0.122
2023-08-27 18:00:00+00:00,26.05,50.57635,0.0,30.65,0.122
2023-08-27 19:00:00+00:00,25.1,54.90344,0.0,29.45,0.122
2023-08-27 20:00:00+00:00,24.25,58.50985,0.0,28.4,0.122
2023-08-27 21:00:00+00:00,23.35,62.16174,0.0,27.45,0.122
2023-08-27 22:00:00+00:00,22.65,66.318565,0.0,26.6,0.122
2023-08-27 23:00:00+00:00,22.05,70.7836,0.0,25.9,0.122
2023-08-28 00:00:00+00:00,20.95,77.170235,0.0,24.95,0.122
2023-08-28 01:00:00+00:00,20.5,81.63202,0.0,24.4,0.122
2023-08-28 02:00:00+00:00,20.1,85.543785,0.0,23.95,0.122
2023-08-28 03:00:00+00:00,19.55,90.483246,0.0,23.45,0.122
2023-08-28 04:00:00+00:00,19.4,93.068214,0.0,23.1,0.122
2023-08-28 05:00:00+00:00,21.2,85.121254,0.0,23.45,0.122
2023-08-28 06:00:00+00:00,23.7,73.812035,0.0,24.7,0.122
2023-08-28 07:00:00+00:00,25.85,62.131126,0.0,26.55,0.122
2023-08-28 08:00:00+00:00,27.75,50.85719,0.0,28.7,0.122
2023-08-28 09:00:00+00:00,29.55,43.12062,0.0,30.85,0.122
2023-08-28 10:00:00+00:00,31.1,38.703636,0.0,32.85,0.122
2023-08-28 11:00:00+00:00,32.3,36.155674,0.0,34.55,0.121
2023-08-28 12:00:00+00:00,32.65,36.020954,0.0,35.65,0.121
2023-08-28 13:00:00+00:00,33.5,31.078905,0.0,36.4,0.121
2023-08-28 14:00:00+00:00,33.55,27.19806,0.0,36.4,0.121
2023-08-28 15:00:00+00:00,32.35,29.87167,0.0,35.65,0.121
2023-08-28 16:00:00+00:00,30.05,39.291042,0.0,34.3,0.121
2023-08-28 17:00:00+00:00,27.9,46.250248,0.0,32.65,0.121
2023-08-28 18:00:00+00:00,26.5,51.67722,0.0,31.1,0.121
2023-08-28 19:00:00+00:00,25.35,55.67358,0.0,29.8,0.121
2023-08-28 20:00:00+00:00,24.15,62.34133,0.0,28.6,0.121
2023-08-28 21:00:00+00:00,23.0,70.96002,0.0,27.55,0.121
2023-08-28 22:00:00+00:00,21.95,78.547714,0.0,26.6,0.121
2023-08-28 23:00:00+00:00,22.35,77.86968,0.0,25.65,0.121
2023-08-29 00:00:00+00:00,20.5,85.31589,0.0,24.55,0.121
2023-08-29 01:00:00+00:00,19.9,88.26163,0.0,24.0,0.121
2023-08-29 02:00:00+00:00,20.1,87.45011,0.0,23.65,0.121
2023-08-29 03:00:00+00:00,19.45,90.4763,0.0,23.25,0.121
2023-08-29 04:00:00+00:00,20.0,86.07483,0.0,23.0,0.121
2023-08-29 05:00:00+00:00,22.45,72.905014,0.0,23.55,0.121
2023-08-29 06:00:00+00:00,25.4,57.30725,0.0,25.15,0.121
2023-08-29 07:00:00+00:00,27.65,49.55313,0.0,27.25,0.121
2023-08-29 08:00:00+00:00,29.85,43.06483,0.0,29.5,0.121
2023-08-29 09:00:00+00:00,31.6,38.96583,0.0,31.75,0.121
2023-08-29 10:00:00+00:00,33.1,36.725346,0.0,33.8,0.121
2023-08-29 11:00:00+00:00,34.25,33.67716,0.0,35.55,0.121
2023-08-29 12:00:00+00:00,34.95,30.873669,0.0,36.75,0.121
2023-08-29 13:00:00+00:00,35.7,29.241562,0.0,37.5,0.121
2023-08-29 14:00:00+00:00,35.9,28.367876,0.0,37.65,0.121
2023-08-29 15:00:00+00:00,35.05,29.350065,0.0,37.1,0.121
2023-08-29 16:00:00+00:00,33.55,32.635334,0.0,35.9,0.121
2023-08-29 17:00:00+00:00,31.45,37.57669,0.0,34.4,0.121
2023-08-29 18:00:00+00:00,29.0,45.66475,0.0,32.8,0.121
2023-08-29 19:00:00+00:00,27.8,50.870186,0.0,31.4,0.121
2023-08-29 20:00:00+00:00,26.7,55.476887,0.0,30.25,0.121
2023-08-29 21:00:00+00:00,25.85,60.016113,0.0,29.3,0.121
2023-08-29 22:00:00+00:00,24.95,65.13495,0.0,28.45,0.121
2023-08-29 23:00:00+00:00,23.95,70.248276,0.0,27.65,0.121
2023-08-30 00:00:00+00:00,23.5,72.40393,0.0,26.8,0.121
2023-08-30 01:00:00+00:00,22.75,76.47892,0.0,26.2,0.121
2023-08-30 02:00:00+00:00,22.35,79.595604,0.0,25.7,0.121
2023-08-30 03:00:00+00:00,21.7,83.85499,0.0,25.25,0.121
2023-08-30 04:00:00+00:00,21.45,86.21671,0.0,24.85,0.121
2023-08-30 05:00:00+00:00,23.45,77.789246,0.0,25.2,0.121
2023-08-30 06:00:00+00:00,25.95,66.3718,0.0,26.6,0.121
2023-08-30 07:00:00+00:00,28.05,55.983753,0.0,28.55,0.12
2023-08-30 08:00:00+00:00,30.05,45.225353,0.0,30.65,0.12
2023-08-30 09:00:00+00:00,31.75,37.419,0.0,32.75,0.12
2023-08-30 10:00:00+00:00,33.2,30.89661,0.0,34.6,0.12
2023-08-30 11:00:00+00:00,34.2,28.651415,0.0,36.0,0.12
2023-08-30 12:00:00+00:00,34.2,30.276318,0.0,36.7,0.12
2023-08-30 13:00:00+00:00,33.7,32.466858,0.0,36.9,0.12
2023-08-30 14:00:00+00:00,32.8,37.82843,0.0,36.55,0.12
2023-08-30 15:00:00+00:00,31.4,42.133194,0.0,35.65,0.12
2023-08-30 16:00:00+00:00,29.8,48.71744,0.0,34.35,0.12
2023-08-30 17:00:00+00:00,28.0,58.65727,0.0,32.75,0.12
2023-08-30 18:00:00+00:00,26.85,66.76166,0.0,31.35,0.12
2023-08-30 19:00:00+00:00,25.65,74.82758,0.0,30.2,0.12
2023-08-30 20:00:00+00:00,24.55,81.13268,0.0,29.1,0.12
2023-08-30 21:00:00+00:00,23.7,85.11698,0.0,28.2,0.12
2023-08-30 22:00:00+00:00,23.15,85.58605,0.0,27.4,0.12
2023-08-30 23:00:00+00:00,23.05,81.9506,0.0,26.75,0.12
2023-08-31 00:00:00+00:00,23.2,81.21066,0.0,25.95,0.12
2023-08-31 01:00:00+00:00,22.9,83.21224,0.0,25.65,0.12
2023-08-31 02:00:00+00:00,22.8,83.717964,0.0,25.4,0.12
2023-08-31 03:00:00+00:00,22.4,85.51032,0.0,25.15,0.12
2023-08-31 04:00:00+00:00,21.9,88.154625,0.0,24.8,0.12
2023-08-31 05:00:00+00:00,23.65,78.79094,0.0,25.15,0.12
2023-08-31 06:00:00+00:00,25.9,66.77622,0.0,26.25,0.12
2023-08-31 07:00:00+00:00,28.35,54.499496,0.0,27.9,0.12
2023-08-31 08:00:00+00:00,30.4,44.6082,0.0,29.85,0.12
2023-08-31 09:00:00+00:00,32.1,37.038567,0.0,31.95,0.12
2023-08-31 10:00:00+00:00,32.35,33.915005,0.1,33.35,0.121
2023-08-31 11:00:00+00:00,32.7,31.984722,0.2,34.15,0.122
2023-08-31 12:00:00+00:00,34.05,27.331425,0.0,35.55,0.12
2023-08-31 13:00:00+00:00,33.75,25.427597,0.0,35.8,0.12
2023-08-31 14:00:00+00:00,32.85,26.832983,0.0,35.4,0.12
2023-08-31 15:00:00+00:00,31.8,29.332455,0.0,34.85,0.12
2023-08-31 16:00:00+00:00,30.1,33.622524,0.0,33.75,0.12
2023-08-31 17:00:00+00:00,28.1,41.22608,0.0,32.25,0.12
2023-08-31 18:00:00+00:00,26.4,53.49819,0.0,30.8,0.12
2023-08-31 19:00:00+00:00,25.1,64.15028,0.0,29.6,0.12
2023-08-31 20:00:00+00:00,24.1,70.71825,0.0,28.45,0.12
2023-08-31 21:00:00+00:00,23.55,73.09687,0.0,27.55,0.12
2023-08-31 22:00:00+00:00,23.45,62.783142,0.0,26.9,0.12
2023-08-31 23:00:00+00:00,23.05,62.895115,0.0,26.35,0.12
2023-09-01 00:00:00+00:00,23.3,67.301765,0.0,26.1,0.12
2023-09-01 01:00:00+00:00,22.5,70.419495,0.0,25.65,0.12
2023-09-01 02:00:00+00:00,22.1,71.925804,0.0,25.25,0.12
2023-09-01 03:00:00+00:00,21.35,75.06033,0.0,24.85,0.12
2023-09-01 04:00:00+00:00,21.1,76.705315,0.0,24.45,0.12
2023-09-01 05:00:00+00:00,22.55,71.10143,0.0,24.7,0.12
2023-09-01 06:00:00+00:00,24.75,60.52524,0.0,25.75,0.12
2023-09-01 07:00:00+00:00,27.05,47.9892,0.0,27.35,0.12
2023-09-01 08:00:00+00:00,29.1,38.02495,0.0,29.25,0.12
2023-09-01 09:00:00+00:00,30.7,33.02367,0.0,31.25,0.12
2023-09-01 10:00:00+00:00,31.95,28.607828,0.0,33.15,0.12
2023-09-01 11:00:00+00:00,32.75,26.278008,0.0,34.6,0.12
2023-09-01 12:00:00+00:00,32.05,31.59946,0.0,35.3,0.12
2023-09-01 13:00:00+00:00,32.1,31.101059,0.0,35.5,0.12
2023-09-01 14:00:00+00:00,31.7,31.503347,0.0,35.3,0.12
2023-09-01 15:00:00+00:00,30.7,32.700386,0.0,34.6,0.12
2023-09-01 16:00:00+00:00,29.75,34.41873,0.0,33.45,0.12
2023-09-01 17:00:00+00:00,28.35,37.078545,0.0,32.0,0.12
2023-09-01 18:00:00+00:00,27.2,40.04708,0.0,30.7,0.12
2023-09-01 19:00:00+00:00,27.4,39.19245,0.0,29.9,0.12
2023-09-01 20:00:00+00:00,26.35,40.73933,0.0,29.1,0.12
2023-09-01 21:00:00+00:00,25.35,44.232807,0.0,28.3,0.12
2023-09-01 22:00:00+00:00,24.25,52.60753,0.0,27.55,0.12
2023-09-01 23:00:00+00:00,23.45,60.417606,0.0,26.85,0.12
2023-09-02 00:00:00+00:00,23.45,66.06366,0.0,26.15,0.12
2023-09-02 01:00:00+00:00,22.7,67.1799,0.0,25.65,0.12
2023-09-02 02:00:00+00:00,22.25,62.11305,0.0,25.2,0.12
2023-09-02 03:00:00+00:00,21.85,65.097496,0.0,24.75,0.12
2023-09-02 04:00:00+00:00,21.65,72.99591,0.0,24.4,0.12
2023-09-02 05:00:00+00:00,23.2,70.1069,0.0,24.65,0.12
2023-09-02 06:00:00+00:00,25.5,63.634243,0.0,25.75,0.12
2023-09-02 07:00:00+00:00,27.55,53.112484,0.1,27.25,0.12
2023-09-02 08:00:00+00:00,29.15,44.269386,0.0,28.7,0.121
2023-09-02 09:00:00+00:00,30.45,39.655666,0.0,30.45,0.121
2023-09-02 10:00:00+00:00,31.4,35.906948,0.0,32.05,0.121
2023-09-02 11:00:00+00:00,32.0,32.73852,0.0,33.4,0.121
2023-09-02 12:00:00+00:00,31.0,34.540497,0.0,34.0,0.12
2023-09-02 13:00:00+00:00,31.65,31.696455,0.0,34.3,0.12
2023-09-02 14:00:00+00:00,31.35,32.45311,0.0,34.2,0.12
2023-09-02 15:00:00+00:00,30.55,33.968895,0.0,33.6,0.12
2023-09-02 16:00:00+00:00,28.8,38.691257,0.0,32.55,0.12
2023-09-02 17:00:00+00:00,27.2,45.764698,0.0,31.2,0.12
2023-09-02 18:00:00+00:00,25.9,54.231102,0.0,30.0,0.12
2023-09-02 19:00:00+00:00,25.0,59.628944,0.0,28.9,0.12
2023-09-02 20:00:00+00:00,24.2,63.551582,0.0,28.0,0.12
2023-09-02 21:00:00+00:00,23.4,67.10909,0.0,27.15,0.12
2023-09-02 22:00:00+00:00,22.75,70.021645,0.0,26.4,0.12
2023-09-02 23:00:00+00:00,22.1,73.306305,0.0,25.75,0.12
2023-09-03 00:00:00+00:00,22.05,75.175,0.0,25.85,0.12
2023-09-03 01:00:00+00:00,21.55,77.750916,0.0,25.2,0.12
2023-09-03 02:00:00+00:00,21.05,80.933014,0.0,24.65,0.12
2023-09-03 03:00:00+00:00,20.6,85.05849,0.0,24.15,0.12
2023-09-03 04:00:00+00:00,20.45,86.39006,0.0,23.75,0.12
2023-09-03 05:00:00+00:00,21.95,77.07918,0.0,23.95,0.12
2023-09-03 06:00:00+00:00,24.4,61.805653,0.0,24.95,0.12
2023-09-03 07:00:00+00:00,26.85,47.16965,0.0,26.5,0.12
2023-09-03 08:00:00+00:00,28.55,38.120167,0.0,28.25,0.12
2023-09-03 09:00:00+00:00,29.3,35.556038,0.0,29.75,0.12
2023-09-03 10:00:00+00:00,29.75,34.08126,0.0,30.9,0.12
2023-09-03 11:00:00+00:00,29.55,35.16193,0.1,31.65,0.121
2023-09-03 12:00:00+00:00,29.6,38.537243,0.3,32.5,0.123
2023-09-03 13:00:00+00:00,30.55,34.415726,0.0,33.0,0.123
2023-09-03 14:00:00+00:00,29.65,35.653587,0.0,32.8,0.123
2023-09-03 15:00:00+00:00,28.6,39.270466,0.0,32.2,0.123
2023-09-03 16:00:00+00:00,27.75,41.940025,0.0,31.2,0.123
2023-09-03 17:00:00+00:00,26.75,44.472656,0.0,30.05,0.123
2023-09-03 18:00:00+00:00,25.45,50.256294,0.0,28.95,0.123
2023-09-03 19:00:00+00:00,24.3,56.130978,0.0,27.95,0.123
2023-09-03 20:00:00+00:00,23.35,60.394394,0.0,27.05,0.123
2023-09-03 21:00:00+00:00,22.55,64.41645,0.0,26.25,0.123
2023-09-03 22:00:00+00:00,21.35,70.202156,0.0,25.4,0.123
2023-09-03 23:00:00+00:00,20.75,73.304855,0.0,24.7,0.123
2023-09-04 00:00:00+00:00,20.3,75.36747,0.0,23.35,0.127
2023-09-04 01:00:00+00:00,19.4,80.202095,0.0,22.9,0.127
2023-09-04 02:00:00+00:00,19.1,83.02862,0.0,22.55,0.127
2023-09-04 03:00:00+00:00,19.0,84.88919,0.0,22.25,0.127
2023-09-04 04:00:00+00:00,19.0,84.35046,0.0,22.0,0.127
2023-09-04 05:00:00+00:00,20.9,73.56546,0.0,22.4,0.127
2023-09-04 06:00:00+00:00,20.75,74.4848,0.1,23.2,0.128
2023-09-04 07:00:00+00:00,19.95,79.26089,0.2,23.6,0.129
2023-09-04 08:00:00+00:00,22.55,69.98365,0.2,24.35,0.13
2023-09-04 09:00:00+00:00,25.4,57.30725,0.0,26.1,0.13
2023-09-04 10:00:00+00:00,27.75,45.035362,0.0,27.95,0.13
2023-09-04 11:00:00+00:00,25.0,53.14193,0.3,28.0,0.132
2023-09-04 12:00:00+00:00,24.25,62.562084,0.1,27.9,0.158
2023-09-04 13:00:00+00:00,25.7,49.356052,0.2,28.3,0.159
2023-09-04 14:00:00+00:00,25.95,49.26298,0.0,28.15,0.159
2023-09-04 15:00:00+00:00,24.3,61.39127,0.9,27.25,0.168
2023-09-04 16:00:00+00:00,23.85,61.68121,0.0,26.45,0.168
2023-09-04 17:00:00+00:00,22.95,66.38079,0.0,25.75,0.168
2023-09-04 18:00:00+00:00,22.55,68.66272,0.0,25.2,0.168
2023-09-04 19:00:00+00:00,21.7,71.39743,0.0,24.65,0.167
2023-09-04 20:00:00+00:00,21.15,73.37443,0.0,24.1,0.167
2023-09-04 21:00:00+00:00,20.85,74.977974,0.0,23.75,0.167
2023-09-04 22:00:00+00:00,20.4,75.62493,0.0,23.35,0.167
2023-09-04 23:00:00+00:00,20.35,76.833046,0.0,23.1,0.167
2023-09-05 00:00:00+00:00,21.55,75.09317,0.0,24.2,0.158
2023-09-05 01:00:00+00:00,20.6,80.87415,1.5,23.6,0.175
2023-09-05 02:00:00+00:00,19.85,86.60481,1.2,22.6,0.19
2023-09-05 03:00:00+00:00,19.05,89.31293,1.4,21.75,0.208
2023-09-05 04:00:00+00:00,19.2,87.36915,0.1,21.15,0.209
2023-09-05 05:00:00+00:00,20.3,84.226685,0.0,21.15,0.209
2023-09-05 06:00:00+00:00,22.3,74.039154,0.0,21.75,0.209
2023-09-05 07:00:00+00:00,24.15,67.26116,0.2,22.85,0.21
2023-09-05 08:00:00+00:00,22.65,74.0983,1.8,23.05,0.23
2023-09-05 09:00:00+00:00,23.4,70.36608,0.3,23.35,0.232
2023-09-05 10:00:00+00:00,23.3,72.82447,0.6,23.75,0.236
2023-09-05 11:00:00+00:00,25.45,61.651722,0.1,24.75,0.236
2023-09-05 12:00:00+00:00,25.15,59.853596,0.1,25.75,0.177
2023-09-05 13:00:00+00:00,21.75,79.51264,0.4,25.25,0.18
2023-09-05 14:00:00+00:00,23.25,75.13443,1.5,24.65,0.196
2023-09-05 15:00:00+00:00,23.55,69.076096,0.1,24.45,0.197
2023-09-05 16:00:00+00:00,23.05,70.96928,0.1,24.25,0.197
2023-09-05 17:00:00+00:00,22.45,71.98892,0.0,23.9,0.197
2023-09-05 18:00:00+00:00,22.0,73.988266,0.0,23.55,0.197
2023-09-05 19:00:00+00:00,21.75,75.841934,0.5,23.05,0.201
2023-09-05 20:00:00+00:00,21.85,72.56887,0.0,22.5,0.201
2023-09-05 21:00:00+00:00,21.75,71.17962,0.0,22.25,0.201
2023-09-05 22:00:00+00:00,21.7,70.26853,0.0,22.15,0.201
2023-09-05 23:00:00+00:00,21.7,70.26853,0.0,22.15,0.201
2023-09-06 00:00:00+00:00,22.0,73.988266,0.0,23.9,0.178
2023-09-06 01:00:00+00:00,21.6,75.33955,0.0,23.4,0.178
2023-09-06 02:00:00+00:00,20.95,79.4013,0.0,23.0,0.178
2023-09-06 03:00:00+00:00,20.55,82.15574,0.0,22.65,0.178
2023-09-06 04:00:00+00:00,20.6,80.11003,0.0,22.35,0.178
2023-09-06 05:00:00+00:00,22.05,72.60433,0.0,22.6,0.178
2023-09-06 06:00:00+00:00,24.05,64.94418,0.0,23.35,0.177
2023-09-06 07:00:00+00:00,25.55,58.632347,0.0,24.5,0.177
2023-09-06 08:00:00+00:00,27.2,51.038692,0.0,25.75,0.176
2023-09-06 09:00:00+00:00,28.7,44.716778,0.0,27.25,0.175
2023-09-06 10:00:00+00:00,29.4,41.853405,0.0,28.35,0.174
2023-09-06 11:00:00+00:00,30.1,38.055935,0.0,29.4,0.173
2023-09-06 12:00:00+00:00,29.75,40.363,0.0,29.45,0.174
2023-09-06 13:00:00+00:00,29.8,39.475925,0.0,29.8,0.173
2023-09-06 14:00:00+00:00,29.15,40.06717,0.0,29.8,0.173
2023-09-06 15:00:00+00:00,28.05,42.847664,0.0,29.35,0.172
2023-09-06 16:00:00+00:00,26.6,48.49002,0.0,28.55,0.172
2023-09-06 17:00:00+00:00,25.25,53.3771,0.0,27.55,0.171
2023-09-06 18:00:00+00:00,24.15,60.19414,0.0,26.6,0.171
2023-09-06 19:00:00+00:00,23.35,65.833374,0.0,25.8,0.171
2023-09-06 20:00:00+00:00,22.65,70.8952,0.0,25.15,0.171
2023-09-06 21:00:00+00:00,22.1,73.771614,0.0,24.55,0.171
2023-09-06 22:00:00+00:00,21.65,76.066124,0.0,24.05,0.171
2023-09-06 23:00:00+00:00,21.25,78.19898,0.0,23.6,0.171
2023-09-07 00:00:00+00:00,21.05,80.678314,0.0,24.3,0.169
2023-09-07 01:00:00+00:00,20.9,81.425446,0.0,23.7,0.169
2023-09-07 02:00:00+00:00,20.9,81.68251,0.0,23.35,0.169
2023-09-07 03:00:00+00:00,20.95,80.665085,0.0,23.05,0.169
2023-09-07 04:00:00+00:00,20.95,79.65264,0.0,22.9,0.169
2023-09-07 05:00:00+00:00,22.25,73.3323,0.0,23.1,0.169
2023-09-07 06:00:00+00:00,23.95,65.75034,0.0,23.9,0.168
2023-09-07 07:00:00+00:00,26.45,53.001575,0.0,25.3,0.168
2023-09-07 08:00:00+00:00,28.0,45.83389,0.0,26.7,0.167
2023-09-07 09:00:00+00:00,29.15,40.720226,0.0,28.15,0.166
2023-09-07 10:00:00+00:00,30.1,37.082066,0.0,29.5,0.165
2023-09-07 11:00:00+00:00,30.25,35.93731,0.0,30.45,0.164
2023-09-07 12:00:00+00:00,30.35,34.13615,0.0,30.5,0.165
2023-09-07 13:00:00+00:00,30.25,31.93782,0.0,31.0,0.164
2023-09-07 14:00:00+00:00,29.5,34.123844,0.0,30.9,0.164
2023-09-07 15:00:00+00:00,28.45,37.106506,0.0,30.35,0.163
2023-09-07 16:00:00+00:00,26.85,41.55432,0.0,29.35,0.163
2023-09-07 17:00:00+00:00,25.3,49.89267,0.0,28.2,0.162
2023-09-07 18:00:00+00:00,24.45,57.07668,0.0,27.25,0.162
2023-09-07 19:00:00+00:00,23.4,66.05326,0.0,26.4,0.162
2023-09-07 20:00:00+00:00,22.8,70.031136,0.0,25.7,0.162
2023-09-07 21:00:00+00:00,22.25,71.725204,0.0,25.1,0.162
2023-09-07 22:00:00+00:00,21.85,71.424965,0.0,24.55,0.162
2023-09-07 23:00:00+00:00,21.35,72.01928,0.0,24.05,0.162
2023-09-08 00:00:00+00:00,21.45,71.57946,0.0,24.85,0.161
2023-09-08 01:00:00+00:00,21.05,69.02834,0.0,24.2,0.161
2023-09-08 02:00:00+00:00,20.6,68.939964,0.0,23.65,0.161
2023-09-08 03:00:00+00:00,20.1,71.10155,0.0,23.15,0.161
2023-09-08 04:00:00+00:00,19.8,72.43499,0.0,22.7,0.161
2023-09-08 05:00:00+00:00,20.85,68.54638,0.0,22.75,0.161
2023-09-08 06:00:00+00:00,22.75,61.03655,0.0,23.5,0.161
2023-09-08 07:00:00+00:00,25.3,51.532013,0.0,24.8,0.16
2023-09-08 08:00:00+00:00,27.95,38.707127,0.0,26.4,0.16
2023-09-08 09:00:00+00:00,29.0,34.77866,0.0,28.0,0.159
2023-09-08 10:00:00+00:00,28.6,36.066402,0.0,28.65,0.158
2023-09-08 11:00:00+00:00,29.1,34.578007,0.0,29.25,0.157
2023-09-08 12:00:00+00:00,29.55,36.21305,0.0,30.1,0.158
2023-09-08 13:00:00+00:00,29.3,36.025223,0.0,30.5,0.158
2023-09-08 14:00:00+00:00,28.7,37.298317,0.0,30.45,0.157
2023-09-08 15:00:00+00:00,27.4,40.898,0.0,29.85,0.157
2023-09-08 16:00:00+00:00,25.8,45.235535,0.0,28.9,0.156
2023-09-08 17:00:00+00:00,24.15,50.733772,0.0,27.65,0.156
2023-09-08 18:00:00+00:00,23.05,56.184696,0.0,26.6,0.156
2023-09-08 19:00:00+00:00,22.2,61.50315,0.0,25.65,0.156
2023-09-08 20:00:00+00:00,21.55,64.61512,0.0,24.9,0.156
2023-09-08 21:00:00+00:00,21.1,66.85192,0.0,24.25,0.156
2023-09-08 22:00:00+00:00,20.75,68.96948,0.0,23.75,0.156
2023-09-08 23:00:00+00:00,20.4,71.15738,0.0,23.3,0.156
2023-09-09 00:00:00+00:00,19.95,74.82876,0.0,23.55,0.155
2023-09-09 01:00:00+00:00,20.0,75.3184,0.0,23.05,0.155
2023-09-09 02:00:00+00:00,19.75,77.23276,0.0,22.65,0.155
2023-09-09 03:00:00+00:00,19.35,78.67059,0.0,22.35,0.155
2023-09-09 04:00:00+00:00,19.1,80.67606,0.0,22.0,0.155
2023-09-09 05:00:00+00:00,20.55,74.68945,0.0,22.15,0.154
2023-09-09 06:00:00+00:00,22.0,65.759964,0.0,22.85,0.154
2023-09-09 07:00:00+00:00,23.45,56.283665,0.0,24.1,0.154
2023-09-09 08:00:00+00:00,24.85,47.865116,0.0,25.55,0.154
2023-09-09 09:00:00+00:00,26.25,42.211514,0.0,27.15,0.153
2023-09-09 10:00:00+00:00,27.6,37.112896,0.0,28.65,0.152
2023-09-09 11:00:00+00:00,28.5,32.089962,0.0,29.85,0.151
2023-09-09 12:00:00+00:00,28.25,31.70045,0.0,30.55,0.151
2023-09-09 13:00:00+00:00,28.0,32.490112,0.0,30.8,0.151
2023-09-09 14:00:00+00:00,27.35,33.63551,0.0,30.5,0.15
2023-09-09 15:00:00+00:00,26.0,34.747147,0.0,29.75,0.15
2023-09-09 16:00:00+00:00,24.4,36.33303,0.0,28.5,0.149
2023-09-09 17:00:00+00:00,22.75,41.37057,0.0,27.05,0.149
2023-09-09 18:00:00+00:00,21.5,48.55176,0.0,25.8,0.149
2023-09-09 19:00:00+00:00,20.4,55.89079,0.0,24.7,0.149
2023-09-09 20:00:00+00:00,19.55,61.293324,0.0,23.75,0.149
2023-09-09 21:00:00+00:00,18.75,65.49549,0.0,22.95,0.149
2023-09-09 22:00:00+00:00,18.2,68.238266,0.0,22.25,0.149
2023-09-09 23:00:00+00:00,17.8,70.206184,0.0,21.65,0.149
2023-09-10 00:00:00+00:00,17.8,69.28899,0.0,21.3,0.149
2023-09-10 01:00:00+00:00,17.55,69.01174,0.0,20.85,0.149
2023-09-10 02:00:00+00:00,17.5,68.32181,0.0,20.55,0.149
2023-09-10 03:00:00+00:00,17.45,68.99185,0.0,20.3,0.149
2023-09-10 04:00:00+00:00,17.5,70.611664,0.0,20.1,0.149
2023-09-10 05:00:00+00:00,19.5,65.01462,0.0,20.45,0.149
2023-09-10 06:00:00+00:00,22.25,55.439693,0.0,21.6,0.149
2023-09-10 07:00:00+00:00,24.5,48.40011,0.0,23.2,0.148
2023-09-10 08:00:00+00:00,26.25,41.523712,0.0,24.9,0.148
2023-09-10 09:00:00+00:00,27.05,37.32784,0.0,26.15,0.148
2023-09-10 10:00:00+00:00,28.55,31.67786,0.0,27.85,0.147
2023-09-10 11:00:00+00:00,28.55,29.422653,0.0,29.0,0.146
2023-09-10 12:00:00+00:00,28.15,34.541084,0.0,29.15,0.149
2023-09-10 13:00:00+00:00,27.55,33.467117,0.0,29.45,0.149
2023-09-10 14:00:00+00:00,26.6,32.425735,0.0,29.25,0.148
2023-09-10 15:00:00+00:00,24.85,36.707314,0.0,28.55,0.148
2023-09-10 16:00:00+00:00,23.0,41.720936,0.0,27.35,0.148
2023-09-10 17:00:00+00:00,21.25,51.312263,0.0,25.95,0.148
2023-09-10 18:00:00+00:00,20.1,58.26967,0.0,24.75,0.148
2023-09-10 19:00:00+00:00,19.5,63.958138,0.0,23.8,0.147
2023-09-10 20:00:00+00:00,19.2,67.33154,0.0,23.05,0.147
2023-09-10 21:00:00+00:00,19.0,67.95382,0.0,22.5,0.147
2023-09-10 22:00:00+00:00,18.75,68.57307,0.0,22.0,0.147
2023-09-10 23:00:00+00:00,18.2,70.0532,0.0,21.6,0.147
2023-09-11 00:00:00+00:00,18.3,71.22771,0.0,21.95,0.147
2023-09-11 01:00:00+00:00,17.7,74.45024,0.0,21.4,0.147
2023-09-11 02:00:00+00:00,17.05,77.317726,0.0,20.85,0.147
2023-09-11 03:00:00+00:00,16.5,78.25183,0.0,20.35,0.147
2023-09-11 04:00:00+00:00,16.2,77.44027,0.0,19.9,0.147
2023-09-11 05:00:00+00:00,17.55,71.790985,0.0,20.0,0.147
2023-09-11 06:00:00+00:00,19.85,63.617577,0.0,20.85,0.147
2023-09-11 07:00:00+00:00,21.75,57.34322,0.0,22.15,0.147
2023-09-11 08:00:00+00:00,24.0,46.39715,0.0,23.7,0.146
2023-09-11 09:00:00+00:00,25.35,39.92525,0.0,25.05,0.146
2023-09-11 10:00:00+00:00,26.45,35.58184,0.0,26.5,0.146
2023-09-11 11:00:00+00:00,27.4,33.090878,0.0,28.0,0.145
2023-09-11 12:00:00+00:00,26.8,36.400864,0.0,28.75,0.146
2023-09-11 13:00:00+00:00,27.3,31.970108,0.0,29.3,0.145
2023-09-11 14:00:00+00:00,26.75,32.687565,0.0,29.3,0.145
2023-09-11 15:00:00+00:00,25.25,36.94441,0.0,28.55,0.145
2023-09-11 16:00:00+00:00,23.95,40.879593,0.0,27.4,0.144
2023-09-11 17:00:00+00:00,22.15,46.975136,0.0,26.05,0.144
2023-09-11 18:00:00+00:00,21.0,51.932827,0.0,24.85,0.144
2023-09-11 19:00:00+00:00,19.95,58.040955,0.0,23.8,0.144
2023-09-11 20:00:00+00:00,18.8,64.437195,0.0,22.85,0.144
2023-09-11 21:00:00+00:00,17.85,67.94317,0.0,22.0,0.144
2023-09-11 22:00:00+00:00,17.3,69.419106,0.0,21.25,0.144
2023-09-11 23:00:00+00:00,16.95,71.68001,0.0,20.65,0.144
2023-09-12 00:00:00+00:00,16.65,77.25594,0.0,19.9,0.145
2023-09-12 01:00:00+00:00,15.85,82.63714,0.0,19.45,0.145
2023-09-12 02:00:00+00:00,15.35,86.16637,0.0,19.05,0.145
2023-09-12 03:00:00+00:00,14.85,88.69068,0.0,18.7,0.145
2023-09-12 04:00:00+00:00,14.7,88.67826,0.0,18.35,0.145
2023-09-12 05:00:00+00:00,16.5,78.50845,0.0,18.6,0.145
2023-09-12 06:00:00+00:00,19.45,65.430786,0.0,19.8,0.145
2023-09-12 07:00:00+00:00,22.55,53.55414,0.0,21.65,0.144
2023-09-12 08:00:00+00:00,24.45,44.56952,0.0,23.7,0.144
2023-09-12 09:00:00+00:00,25.9,37.50179,0.0,25.7,0.144
2023-09-12 10:00:00+00:00,27.0,33.312904,0.0,27.55,0.143
2023-09-12 11:00:00+00:00,27.9,31.922832,0.0,29.05,0.143
2023-09-12 12:00:00+00:00,28.15,33.635033,0.0,29.9,0.146
2023-09-12 13:00:00+00:00,28.45,31.756086,0.0,30.4,0.145
2023-09-12 14:00:00+00:00,28.25,31.59444,0.0,30.3,0.145
2023-09-12 15:00:00+00:00,27.5,32.67783,0.0,29.65,0.145
2023-09-12 16:00:00+00:00,25.6,37.167564,0.0,28.45,0.144
2023-09-12 17:00:00+00:00,23.4,44.13156,0.0,26.95,0.144
2023-09-12 18:00:00+00:00,22.1,51.197063,0.0,25.7,0.144
2023-09-12 19:00:00+00:00,21.05,58.499866,0.0,24.65,0.144
2023-09-12 20:00:00+00:00,20.0,65.54834,0.0,23.65,0.144
2023-09-12 21:00:00+00:00,18.7,72.23655,0.0,22.7,0.144
2023-09-12 22:00:00+00:00,17.6,78.160614,0.0,21.85,0.144
2023-09-12 23:00:00+00:00,16.95,81.7039,0.0,21.1,0.144
2023-09-13 00:00:00+00:00,16.7,84.91547,0.0,20.35,0.146
2023-09-13 01:00:00+00:00,15.75,90.80098,0.0,19.8,0.146
2023-09-13 02:00:00+00:00,15.35,92.55661,0.0,19.35,0.146
2023-09-13 03:00:00+00:00,14.95,93.43989,0.0,18.95,0.146
2023-09-13 04:00:00+00:00,14.55,94.336136,0.0,18.55,0.146
2023-09-13 05:00:00+00:00,16.85,83.83909,0.0,18.85,0.146
2023-09-13 06:00:00+00:00,19.65,70.78815,0.0,20.15,0.146
2023-09-13 07:00:00+00:00,22.45,59.79663,0.0,22.05,0.146
2023-09-13 08:00:00+00:00,24.6,49.869453,0.0,24.2,0.146
2023-09-13 09:00:00+00:00,26.2,41.783726,0.0,26.3,0.145
2023-09-13 10:00:00+00:00,27.5,36.840485,0.0,28.25,0.145
2023-09-13 11:00:00+00:00,28.45,33.273693,0.0,29.8,0.144
2023-09-13 12:00:00+00:00,28.7,34.01325,0.0,30.6,0.148
2023-09-13 13:00:00+00:00,29.2,31.33253,0.0,31.25,0.147
2023-09-13 14:00:00+00:00,29.05,30.060307,0.0,31.25,0.146
2023-09-13 15:00:00+00:00,28.75,29.676754,0.0,30.55,0.146
2023-09-13 16:00:00+00:00,26.4,41.702232,0.0,29.15,0.146
2023-09-13 17:00:00+00:00,24.75,40.022846,0.0,27.35,0.146
2023-09-13 18:00:00+00:00,23.05,48.327568,0.0,26.15,0.146
2023-09-13 19:00:00+00:00,21.6,53.839622,0.0,25.1,0.146
2023-09-13 20:00:00+00:00,20.25,60.85361,0.0,24.05,0.146
2023-09-13 21:00:00+00:00,19.3,67.132545,0.0,23.15,0.146
2023-09-13 22:00:00+00:00,18.3,74.31007,0.0,22.3,0.146
2023-09-13 23:00:00+00:00,17.35,81.49067,0.0,21.55,0.146
2023-09-14 00:00:00+00:00,17.2,83.60844,0.0,20.15,0.144
2023-09-14 01:00:00+00:00,15.55,92.26887,0.0,19.65,0.144
2023-09-14 02:00:00+00:00,15.3,93.7599,0.0,19.25,0.144
2023-09-14 03:00:00+00:00,15.1,94.97216,0.0,18.9,0.144
2023-09-14 04:00:00+00:00,14.7,95.57482,0.0,18.6,0.144
2023-09-14 05:00:00+00:00,16.95,87.726685,0.0,18.85,0.144
2023-09-14 06:00:00+00:00,19.75,75.519424,0.0,20.15,0.144
2023-09-14 07:00:00+00:00,22.7,62.414955,0.0,22.15,0.143
2023-09-14 08:00:00+00:00,25.35,49.103638,0.0,24.5,0.143
2023-09-14 09:00:00+00:00,27.55,38.21632,0.0,26.95,0.143
2023-09-14 10:00:00+00:00,29.2,31.43708,0.0,29.1,0.142
2023-09-14 11:00:00+00:00,30.5,27.011381,0.0,30.85,0.141
2023-09-14 12:00:00+00:00,30.85,22.88508,0.0,32.05,0.143
2023-09-14 13:00:00+00:00,31.4,21.728045,0.0,32.55,0.142
2023-09-14 14:00:00+00:00,31.0,21.775791,0.0,32.15,0.142
2023-09-14 15:00:00+00:00,30.45,22.47119,0.0,31.45,0.141
2023-09-14 16:00:00+00:00,27.3,35.46546,0.0,29.95,0.141
2023-09-14 17:00:00+00:00,28.25,26.768064,0.0,28.15,0.141
2023-09-14 18:00:00+00:00,24.5,37.609776,0.0,26.7,0.141
2023-09-14 19:00:00+00:00,22.1,48.552467,0.0,25.6,0.141
2023-09-14 20:00:00+00:00,20.65,51.49599,0.0,24.45,0.141
2023-09-14 21:00:00+00:00,20.05,52.37897,0.0,23.6,0.141
2023-09-14 22:00:00+00:00,19.95,52.352688,0.0,22.85,0.141
2023-09-14 23:00:00+00:00,18.95,61.15381,0.0,22.2,0.141
2023-09-15 00:00:00+00:00,18.6,68.99328,0.0,21.0,0.141
2023-09-15 01:00:00+00:00,17.75,72.5371,0.0,20.65,0.141
2023-09-15 02:00:00+00:00,17.7,70.18691,0.0,20.4,0.141
2023-09-15 03:00:00+00:00,17.0,70.98335,0.0,20.0,0.141
2023-09-15 04:00:00+00:00,16.6,72.567856,0.0,19.65,0.141
2023-09-15 05:00:00+00:00,18.65,64.61701,0.0,19.95,0.141
2023-09-15 06:00:00+00:00,21.45,55.785896,0.0,21.2,0.141
2023-09-15 07:00:00+00:00,24.25,45.85719,0.0,23.15,0.141
2023-09-15 08:00:00+00:00,26.6,36.954746,0.0,25.35,0.14
2023-09-15 09:00:00+00:00,28.7,27.444118,0.0,27.45,0.14
2023-09-15 10:00:00+00:00,30.15,23.41666,0.0,29.35,0.139
2023-09-15 11:00:00+00:00,31.0,22.305042,0.0,30.9,0.139
2023-09-15 12:00:00+00:00,31.7,23.104408,0.0,31.6,0.143
2023-09-15 13:00:00+00:00,31.9,23.71136,0.0,32.3,0.143
2023-09-15 14:00:00+00:00,31.55,24.51601,0.0,32.3,0.142
2023-09-15 15:00:00+00:00,31.0,25.381237,0.0,31.65,0.142
2023-09-15 16:00:00+00:00,28.1,34.412663,0.0,30.25,0.142
2023-09-15 17:00:00+00:00,27.3,31.64856,0.0,28.8,0.142
2023-09-15 18:00:00+00:00,25.4,40.607975,0.0,27.7,0.142
2023-09-15 19:00:00+00:00,24.55,36.498756,0.0,26.75,0.141
2023-09-15 20:00:00+00:00,22.85,37.267693,0.0,25.75,0.141
2023-09-15 21:00:00+00:00,21.65,43.0568,0.0,24.85,0.141
2023-09-15 22:00:00+00:00,20.85,53.46893,0.0,24.05,0.141
2023-09-15 23:00:00+00:00,20.25,64.54257,0.0,23.4,0.141
2023-09-16 00:00:00+00:00,20.8,71.23152,0.0,23.2,0.141
2023-09-16 01:00:00+00:00,20.1,75.5763,0.0,22.75,0.141
2023-09-16 02:00:00+00:00,19.5,77.44235,0.0,22.25,0.141
2023-09-16 03:00:00+00:00,18.3,82.93346,0.0,21.75,0.141
2023-09-16 04:00:00+00:00,17.8,85.580536,0.0,21.2,0.141
2023-09-16 05:00:00+00:00,19.7,76.732,0.0,21.35,0.141
2023-09-16 06:00:00+00:00,22.3,63.540462,0.0,22.45,0.141
2023-09-16 07:00:00+00:00,24.65,48.44038,0.0,24.2,0.14
2023-09-16 08:00:00+00:00,26.45,39.706142,0.0,26.2,0.14
2023-09-16 09:00:00+00:00,28.05,31.222712,0.0,28.15,0.14
2023-09-16 10:00:00+00:00,29.3,30.129215,0.0,29.85,0.139
2023-09-16 11:00:00+00:00,30.0,30.120802,0.0,31.1,0.139
2023-09-16 12:00:00+00:00,30.15,31.17983,0.0,31.55,0.143
2023-09-16 13:00:00+00:00,29.8,30.266916,0.0,31.65,0.143
2023-09-16 14:00:00+00:00,29.5,29.48589,0.0,31.4,0.143
2023-09-16 15:00:00+00:00,28.1,32.95534,0.0,30.55,0.142
2023-09-16 16:00:00+00:00,25.9,44.09473,0.0,29.3,0.142
2023-09-16 17:00:00+00:00,24.15,53.09591,0.0,27.95,0.142
2023-09-16 18:00:00+00:00,23.1,58.23432,0.0,26.75,0.142
2023-09-16 19:00:00+00:00,22.05,64.10154,0.0,25.7,0.142
2023-09-16 20:00:00+00:00,21.2,70.39874,0.0,24.8,0.142
2023-09-16 21:00:00+00:00,20.45,75.15152,0.0,24.05,0.142
2023-09-16 22:00:00+00:00,19.6,79.97368,0.0,23.3,0.142
2023-09-16 23:00:00+00:00,18.95,83.80905,0.0,22.65,0.142
2023-09-17 00:00:00+00:00,18.8,81.93813,0.0,22.6,0.142
2023-09-17 01:00:00+00:00,18.8,82.99304,0.0,22.15,0.142
2023-09-17 02:00:00+00:00,18.65,85.122925,0.0,21.75,0.142
2023-09-17 03:00:00+00:00,18.55,88.14723,0.0,21.45,0.142
2023-09-17 04:00:00+00:00,18.6,89.84602,0.0,21.2,0.142
2023-09-17 05:00:00+00:00,20.05,83.14066,0.0,21.35,0.142
2023-09-17 06:00:00+00:00,22.0,72.82597,0.0,22.3,0.142
2023-09-17 07:00:00+00:00,24.05,61.92345,0.0,23.7,0.142
2023-09-17 08:00:00+00:00,25.8,53.005276,0.0,25.15,0.142
2023-09-17 09:00:00+00:00,27.2,48.64949,0.0,26.75,0.142
2023-09-17 10:00:00+00:00,28.2,44.86839,0.0,28.4,0.141
2023-09-17 11:00:00+00:00,28.75,41.27219,0.0,29.4,0.141
2023-09-17 12:00:00+00:00,29.4,39.110863,0.0,30.3,0.141
2023-09-17 13:00:00+00:00,29.7,36.3733,0.0,30.8,0.141
2023-09-17 14:00:00+00:00,28.85,38.958008,0.0,30.75,0.14
2023-09-17 15:00:00+00:00,25.6,54.15556,0.0,29.65,0.14
2023-09-17 16:00:00+00:00,24.05,58.83811,0.0,28.35,0.14
2023-09-17 17:00:00+00:00,23.0,61.290676,0.0,27.05,0.14
2023-09-17 18:00:00+00:00,21.95,63.66815,0.0,25.95,0.14
2023-09-17 19:00:00+00:00,21.05,68.36582,0.0,25.0,0.14
2023-09-17 20:00:00+00:00,20.4,72.07811,0.0,24.2,0.14
2023-09-17 21:00:00+00:00,19.85,74.8121,0.0,23.5,0.14
2023-09-17 22:00:00+00:00,19.4,75.70556,0.0,22.9,0.14
2023-09-17 23:00:00+00:00,18.8,76.34427,0.0,22.3,0.14
2023-09-18 00:00:00+00:00,18.7,75.83663,0.0,22.15,0.141
2023-09-18 01:00:00+00:00,18.3,77.25892,0.0,21.65,0.141
2023-09-18 02:00:00+00:00,17.9,79.48139,0.0,21.2,0.141
2023-09-18 03:00:00+00:00,17.65,80.22177,0.0,20.85,0.141
2023-09-18 04:00:00+00:00,17.5,79.94174,0.0,20.5,0.141
2023-09-18 05:00:00+00:00,18.65,73.88881,0.0,20.6,0.141
2023-09-18 06:00:00+00:00,20.8,63.620514,0.0,21.45,0.141
2023-09-18 07:00:00+00:00,23.2,52.679028,0.0,22.85,0.141
2023-09-18 08:00:00+00:00,24.7,45.230553,0.0,24.15,0.141
2023-09-18 09:00:00+00:00,26.3,38.755604,0.0,25.7,0.141
2023-09-18 10:00:00+00:00,26.2,40.031193,0.0,26.4,0.14
2023-09-18 11:00:00+00:00,27.7,34.186546,0.0,27.65,0.14
2023-09-18 12:00:00+00:00,27.35,37.28858,0.0,28.4,0.144
2023-09-18 13:00:00+00:00,26.1,40.803898,0.0,28.2,0.144
2023-09-18 14:00:00+00:00,26.5,38.811756,0.0,28.15,0.143
2023-09-18 15:00:00+00:00,25.05,37.765446,0.0,27.55,0.143
2023-09-18 16:00:00+00:00,24.2,39.8678,0.0,26.65,0.143
2023-09-18 17:00:00+00:00,22.4,49.610123,0.0,25.55,0.143
2023-09-18 18:00:00+00:00,21.55,54.182858,0.0,24.6,0.143
2023-09-18 19:00:00+00:00,20.6,59.553337,0.0,23.8,0.143
2023-09-18 20:00:00+00:00,19.85,63.40963,0.0,23.05,0.143
2023-09-18 21:00:00+00:00,19.3,65.613205,0.0,22.45,0.143
2023-09-18 22:00:00+00:00,18.75,67.23886,0.0,21.85,0.143
2023-09-18 23:00:00+00:00,18.2,68.913956,0.0,21.35,0.142
2023-09-19 00:00:00+00:00,17.9,70.91998,0.0,21.0,0.141
2023-09-19 01:00:00+00:00,17.5,72.49196,0.0,20.55,0.141
2023-09-19 02:00:00+00:00,17.2,74.12168,0.0,20.2,0.141
2023-09-19 03:00:00+00:00,16.85,75.7831,0.0,19.85,0.141
2023-09-19 04:00:00+00:00,16.6,76.99539,0.0,19.55,0.141
2023-09-19 05:00:00+00:00,17.6,72.74802,0.0,19.6,0.141
2023-09-19 06:00:00+00:00,20.1,62.845676,0.0,20.5,0.141
2023-09-19 07:00:00+00:00,22.6,53.56696,0.0,22.05,0.141
2023-09-19 08:00:00+00:00,24.35,47.730232,0.0,23.9,0.141
2023-09-19 09:00:00+00:00,25.85,42.7985,0.0,25.7,0.14
2023-09-19 10:00:00+00:00,27.3,38.907722,0.0,27.5,0.14
2023-09-19 11:00:00+00:00,28.35,35.290646,0.0,29.0,0.14
2023-09-19 12:00:00+00:00,28.6,36.784615,0.0,29.55,0.145
2023-09-19 13:00:00+00:00,28.65,35.491344,0.0,30.15,0.145
2023-09-19 14:00:00+00:00,28.4,34.725796,0.0,30.1,0.144
2023-09-19 15:00:00+00:00,27.75,36.06644,0.0,29.5,0.144
2023-09-19 16:00:00+00:00,25.6,41.47925,0.0,28.2,0.144
2023-09-19 17:00:00+00:00,23.25,48.541405,0.0,26.75,0.144
2023-09-19 18:00:00+00:00,21.7,57.330975,0.0,25.55,0.144
2023-09-19 19:00:00+00:00,20.75,62.78679,0.0,24.45,0.144
2023-09-19 20:00:00+00:00,19.9,66.60304,0.0,23.55,0.144
2023-09-19 21:00:00+00:00,18.8,71.55336,0.0,22.65,0.144
2023-09-19 22:00:00+00:00,17.55,78.153175,0.0,21.8,0.144
2023-09-19 23:00:00+00:00,16.8,82.484726,0.0,21.05,0.144
2023-09-20 00:00:00+00:00,16.1,87.36732,0.0,20.4,0.144
2023-09-20 01:00:00+00:00,15.45,91.371056,0.0,19.8,0.144
2023-09-20 02:00:00+00:00,15.25,92.25158,0.0,19.3,0.144
2023-09-20 03:00:00+00:00,14.7,94.34255,0.0,18.9,0.144
2023-09-20 04:00:00+00:00,14.6,94.64526,0.0,18.5,0.144
2023-09-20 05:00:00+00:00,16.6,85.45656,0.0,18.7,0.144
2023-09-20 06:00:00+00:00,19.25,73.278244,0.0,19.9,0.144
2023-09-20 07:00:00+00:00,21.65,63.39692,0.0,21.7,0.144
2023-09-20 08:00:00+00:00,23.5,55.571873,0.0,23.8,0.144
2023-09-20 09:00:00+00:00,25.1,49.35679,0.0,25.85,0.143
2023-09-20 10:00:00+00:00,26.4,44.08824,0.0,27.7,0.143
2023-09-20 11:00:00+00:00,27.3,41.004063,0.0,29.15,0.142
2023-09-20 12:00:00+00:00,28.2,37.28092,0.0,30.15,0.142
2023-09-20 13:00:00+00:00,28.65,36.080387,0.0,30.75,0.142
2023-09-20 14:00:00+00:00,28.5,36.515865,0.0,30.7,0.141
2023-09-20 15:00:00+00:00,28.0,38.342175,0.0,30.05,0.141
2023-09-20 16:00:00+00:00,25.9,46.913544,0.0,28.65,0.141
2023-09-20 17:00:00+00:00,24.75,47.21634,0.0,27.1,0.141
2023-09-20 18:00:00+00:00,22.55,54.082756,0.0,26.0,0.141
2023-09-20 19:00:00+00:00,21.5,57.658165,0.0,24.95,0.141
2023-09-20 20:00:00+00:00,20.5,61.714336,0.0,24.05,0.141
2023-09-20 21:00:00+00:00,20.4,62.503536,0.0,23.1,0.141
2023-09-20 22:00:00+00:00,18.65,71.29301,0.0,22.25,0.141
2023-09-20 23:00:00+00:00,17.5,79.42492,0.0,21.55,0.141
2023-09-21 00:00:00+00:00,17.25,78.36315,0.0,20.7,0.138
2023-09-21 01:00:00+00:00,16.5,83.25618,0.0,20.2,0.138
2023-09-21 02:00:00+00:00,16.05,87.362755,0.0,19.8,0.138
2023-09-21 03:00:00+00:00,15.75,90.507614,0.0,19.4,0.138
2023-09-21 04:00:00+00:00,15.65,92.27462,0.0,19.05,0.138
2023-09-21 05:00:00+00:00,17.5,83.3738,0.0,19.3,0.138
2023-09-21 06:00:00+00:00,19.9,72.68671,0.0,20.35,0.137
2023-09-21 07:00:00+00:00,22.35,62.739,0.0,22.2,0.137
2023-09-21 08:00:00+00:00,24.3,52.280247,0.0,24.3,0.137
2023-09-21 09:00:00+00:00,26.05,44.716606,0.0,26.45,0.137
2023-09-21 10:00:00+00:00,27.5,39.478615,0.0,28.45,0.137
2023-09-21 11:00:00+00:00,28.65,35.96189,0.0,30.05,0.136
2023-09-21 12:00:00+00:00,28.95,37.12452,0.0,31.0,0.136
2023-09-21 13:00:00+00:00,29.6,35.873566,0.0,31.6,0.136
2023-09-21 14:00:00+00:00,29.5,36.08097,0.0,31.5,0.136
2023-09-21 15:00:00+00:00,28.8,37.32624,0.0,30.7,0.135
2023-09-21 16:00:00+00:00,26.4,43.94463,0.0,29.3,0.135
2023-09-21 17:00:00+00:00,25.25,46.433098,0.0,27.85,0.135
2023-09-21 18:00:00+00:00,23.9,51.66938,0.0,26.65,0.135
2023-09-21 19:00:00+00:00,22.3,57.8529,0.0,25.6,0.135
2023-09-21 20:00:00+00:00,21.25,59.90279,0.0,24.65,0.135
2023-09-21 21:00:00+00:00,20.0,66.407524,0.0,23.75,0.135
2023-09-21 22:00:00+00:00,19.75,68.77213,0.0,23.0,0.135
2023-09-21 23:00:00+00:00,19.1,74.928215,0.0,22.35,0.135
2023-09-22 00:00:00+00:00,18.85,77.09442,0.0,21.15,0.136
2023-09-22 01:00:00+00:00,18.25,81.344154,0.0,20.85,0.136
2023-09-22 02:00:00+00:00,17.5,86.37841,0.0,20.5,0.136
2023-09-22 03:00:00+00:00,17.5,87.21421,0.0,20.15,0.136
2023-09-22 04:00:00+00:00,16.9,91.4631,0.0,19.85,0.136
2023-09-22 05:00:00+00:00,18.5,84.295265,0.0,20.05,0.136
2023-09-22 06:00:00+00:00,21.05,72.195404,0.0,21.25,0.136
2023-09-22 07:00:00+00:00,24.0,58.63791,0.0,23.2,0.136
2023-09-22 08:00:00+00:00,26.8,47.614635,0.0,25.55,0.135
2023-09-22 09:00:00+00:00,29.05,41.48867,0.0,27.85,0.135
2023-09-22 10:00:00+00:00,30.7,37.611126,0.0,29.8,0.135
2023-09-22 11:00:00+00:00,31.7,34.959633,0.0,31.3,0.134
2023-09-22 12:00:00+00:00,32.8,32.220356,0.0,31.9,0.142
2023-09-22 13:00:00+00:00,32.35,32.728527,0.0,32.25,0.142
2023-09-22 14:00:00+00:00,31.45,34.218147,0.0,31.95,0.141
2023-09-22 15:00:00+00:00,30.3,36.54018,0.0,31.2,0.141
2023-09-22 16:00:00+00:00,28.25,41.806427,0.0,29.95,0.141
2023-09-22 17:00:00+00:00,26.4,47.04852,0.0,28.6,0.141
2023-09-22 18:00:00+00:00,25.0,51.787712,0.0,27.45,0.141
2023-09-22 19:00:00+00:00,24.1,55.184555,0.0,26.5,0.141
2023-09-22 20:00:00+00:00,23.5,57.583275,0.0,25.7,0.141
2023-09-22 21:00:00+00:00,23.0,59.54076,0.0,25.0,0.141
2023-09-22 22:00:00+00:00,22.5,61.37356,0.0,24.4,0.141
2023-09-22 23:00:00+00:00,21.4,65.421936,0.0,23.75,0.141
2023-09-23 00:00:00+00:00,20.6,70.966125,0.0,22.5,0.138
2023-09-23 01:00:00+00:00,19.65,75.50315,0.0,22.05,0.138
2023-09-23 02:00:00+00:00,19.3,77.91038,0.0,21.65,0.138
2023-09-23 03:00:00+00:00,18.8,80.63611,0.0,21.3,0.138
2023-09-23 04:00:00+00:00,18.4,83.47865,0.0,20.95,0.138
2023-09-23 05:00:00+00:00,20.55,74.68945,0.0,21.15,0.138
2023-09-23 06:00:00+00:00,22.8,66.13854,0.0,22.4,0.138
2023-09-23 07:00:00+00:00,25.2,57.99314,0.0,24.25,0.138
2023-09-23 08:00:00+00:00,27.8,50.068314,0.0,26.45,0.138
2023-09-23 09:00:00+00:00,30.2,43.43596,0.0,28.75,0.137
2023-09-23 10:00:00+00:00,32.25,38.28256,0.0,30.95,0.137
2023-09-23 11:00:00+00:00,33.85,34.1088,0.0,32.7,0.137
2023-09-23 12:00:00+00:00,35.2,30.941399,0.0,33.45,0.138
2023-09-23 13:00:00+00:00,35.4,29.25516,0.0,34.05,0.137
2023-09-23 14:00:00+00:00,35.0,28.866295,0.0,33.95,0.137
2023-09-23 15:00:00+00:00,34.1,30.544191,0.0,33.3,0.137
2023-09-23 16:00:00+00:00,31.15,37.857227,0.0,32.0,0.137
2023-09-23 17:00:00+00:00,27.55,46.453663,0.0,30.25,0.137
2023-09-23 18:00:00+00:00,26.35,48.894135,0.0,28.8,0.137
2023-09-23 19:00:00+00:00,25.05,52.81333,0.0,27.65,0.137
2023-09-23 20:00:00+00:00,23.65,57.80556,0.0,26.6,0.137
2023-09-23 21:00:00+00:00,22.7,61.025032,0.0,25.65,0.136
2023-09-23 22:00:00+00:00,22.35,59.00331,0.0,24.85,0.136
2023-09-23 23:00:00+00:00,21.9,57.379963,0.0,24.2,0.136
2023-09-24 00:00:00+00:00,21.45,60.538452,0.0,22.65,0.135
2023-09-24 01:00:00+00:00,20.85,61.996304,0.0,22.45,0.135
2023-09-24 02:00:00+00:00,20.85,61.192635,0.0,22.3,0.135
2023-09-24 03:00:00+00:00,20.85,57.121994,0.0,22.1,0.135
2023-09-24 04:00:00+00:00,19.5,56.223198,0.0,21.8,0.135
2023-09-24 05:00:00+00:00,21.9,44.755608,0.0,21.85,0.135
2023-09-24 06:00:00+00:00,25.2,35.34808,0.0,23.1,0.135
2023-09-24 07:00:00+00:00,28.2,30.230677,0.0,25.05,0.134
2023-09-24 08:00:00+00:00,30.85,28.02764,0.0,27.35,0.134
2023-09-24 09:00:00+00:00,32.95,27.397495,0.0,29.65,0.134
2023-09-24 10:00:00+00:00,34.1,26.28819,0.0,31.6,0.134
2023-09-24 11:00:00+00:00,34.5,25.70906,0.0,33.05,0.133
2023-09-24 12:00:00+00:00,34.9,25.227184,0.0,33.95,0.131
2023-09-24 13:00:00+00:00,34.7,25.508713,0.0,34.45,0.131
2023-09-24 14:00:00+00:00,34.45,26.036331,0.0,34.35,0.131
2023-09-24 15:00:00+00:00,31.85,32.59091,0.0,33.45,0.131
2023-09-24 16:00:00+00:00,28.45,42.133297,0.0,31.9,0.131
2023-09-24 17:00:00+00:00,26.2,54.133717,0.0,30.35,0.131
2023-09-24 18:00:00+00:00,24.5,63.215668,0.0,28.95,0.131
2023-09-24 19:00:00+00:00,23.15,68.34626,0.0,27.7,0.131
2023-09-24 20:00:00+00:00,22.15,74.24795,0.0,26.65,0.131
2023-09-24 21:00:00+00:00,21.45,79.22107,0.0,25.75,0.131
2023-09-24 22:00:00+00:00,20.85,82.45195,0.0,24.95,0.131
2023-09-24 23:00:00+00:00,20.45,84.24323,0.0,24.3,0.131
2023-09-25 00:00:00+00:00,19.75,82.5796,0.0,23.95,0.132
2023-09-25 01:00:00+00:00,19.05,83.55378,0.0,23.25,0.132
2023-09-25 02:00:00+00:00,18.85,81.94439,0.0,22.7,0.132
2023-09-25 03:00:00+00:00,19.05,80.92796,0.0,22.4,0.132
2023-09-25 04:00:00+00:00,19.0,82.75227,0.0,22.1,0.132
2023-09-25 05:00:00+00:00,19.9,79.506775,0.0,22.15,0.132
2023-09-25 06:00:00+00:00,21.75,73.24554,0.0,22.8,0.132
2023-09-25 07:00:00+00:00,23.8,63.86885,0.0,23.85,0.132
2023-09-25 08:00:00+00:00,25.9,52.35544,0.0,24.95,0.132
2023-09-25 09:00:00+00:00,28.35,42.105724,0.0,26.55,0.132
2023-09-25 10:00:00+00:00,28.95,42.681072,0.0,28.0,0.132
2023-09-25 11:00:00+00:00,29.7,38.191845,0.0,29.2,0.131
2023-09-25 12:00:00+00:00,29.8,39.731495,0.0,29.6,0.131
2023-09-25 13:00:00+00:00,28.6,44.6896,0.0,29.75,0.131
2023-09-25 14:00:00+00:00,28.1,45.13049,0.0,29.55,0.131
2023-09-25 15:00:00+00:00,26.6,48.96048,0.0,28.9,0.131
2023-09-25 16:00:00+00:00,25.15,54.915966,0.0,27.95,0.131
2023-09-25 17:00:00+00:00,23.95,59.95554,0.0,27.0,0.131
2023-09-25 18:00:00+00:00,23.1,62.504677,0.0,26.15,0.131
2023-09-25 19:00:00+00:00,22.6,64.6339,0.0,25.5,0.131
2023-09-25 20:00:00+00:00,22.1,66.416534,0.0,24.85,0.131
2023-09-25 21:00:00+00:00,21.75,67.8501,0.0,24.35,0.131
2023-09-25 22:00:00+00:00,21.4,70.43653,0.0,23.85,0.131
2023-09-25 23:00:00+00:00,21.05,72.658104,0.0,23.4,0.131
2023-09-26 00:00:00+00:00,21.2,70.173645,0.0,24.1,0.131
2023-09-26 01:00:00+00:00,20.75,74.01084,0.0,23.55,0.131
2023-09-26 02:00:00+00:00,20.15,81.329414,0.0,23.05,0.131
2023-09-26 03:00:00+00:00,19.95,83.39255,0.0,22.6,0.131
2023-09-26 04:00:00+00:00,19.8,83.11128,0.0,22.25,0.131
2023-09-26 05:00:00+00:00,20.65,76.63529,0.0,22.2,0.131
2023-09-26 06:00:00+00:00,22.9,64.90536,0.0,22.95,0.131
2023-09-26 07:00:00+00:00,25.1,55.611668,0.0,24.2,0.131
2023-09-26 08:00:00+00:00,26.45,49.07844,0.0,25.25,0.131
2023-09-26 09:00:00+00:00,28.7,40.727455,0.0,27.0,0.131
2023-09-26 10:00:00+00:00,29.05,40.039455,0.0,28.5,0.13
2023-09-26 11:00:00+00:00,29.65,36.478207,0.0,29.75,0.13
2023-09-26 12:00:00+00:00,29.75,38.08206,0.0,30.3,0.13
2023-09-26 13:00:00+00:00,28.95,35.2258,0.0,30.6,0.13
2023-09-26 14:00:00+00:00,27.65,37.619934,0.0,30.25,0.13
2023-09-26 15:00:00+00:00,25.7,46.555313,0.0,29.25,0.13
2023-09-26 16:00:00+00:00,24.15,50.076103,0.0,28.0,0.13
2023-09-26 17:00:00+00:00,23.1,56.37964,0.0,26.85,0.13
2023-09-26 18:00:00+00:00,22.25,63.73407,0.0,25.85,0.13
2023-09-26 19:00:00+00:00,21.4,68.65528,0.0,25.0,0.13
2023-09-26 20:00:00+00:00,21.0,71.26852,0.0,24.3,0.13
2023-09-26 21:00:00+00:00,20.75,73.07084,0.0,23.7,0.13
2023-09-26 22:00:00+00:00,20.7,72.132324,0.0,23.3,0.13
2023-09-26 23:00:00+00:00,20.35,72.069046,0.0,22.85,0.13
2023-09-27 00:00:00+00:00,21.5,71.13339,0.0,23.75,0.13
2023-09-27 01:00:00+00:00,21.05,74.53512,0.0,23.4,0.13
2023-09-27 02:00:00+00:00,20.65,77.12438,0.0,23.0,0.13
2023-09-27 03:00:00+00:00,20.2,77.548386,0.0,22.6,0.13
2023-09-27 04:00:00+00:00,20.2,76.320816,0.0,22.3,0.13
2023-09-27 05:00:00+00:00,21.05,70.59626,0.0,22.25,0.13
2023-09-27 06:00:00+00:00,23.25,59.79173,0.0,23.0,0.13
2023-09-27 07:00:00+00:00,24.65,53.741783,0.0,24.0,0.13
2023-09-27 08:00:00+00:00,25.65,49.183388,0.0,24.9,0.13
2023-09-27 09:00:00+00:00,27.35,42.37802,0.0,26.2,0.13
2023-09-27 10:00:00+00:00,28.35,37.44555,0.0,27.35,0.129
2023-09-27 11:00:00+00:00,28.85,35.430435,0.1,28.25,0.13
2023-09-27 12:00:00+00:00,27.85,40.75653,0.6,29.2,0.13
2023-09-27 13:00:00+00:00,27.8,38.9197,0.0,28.95,0.13
2023-09-27 14:00:00+00:00,27.15,40.296707,0.0,28.8,0.13
2023-09-27 15:00:00+00:00,25.95,44.39799,0.0,28.2,0.13
2023-09-27 16:00:00+00:00,24.55,49.5324,0.0,27.25,0.13
2023-09-27 17:00:00+00:00,23.45,55.739685,0.0,26.3,0.13
2023-09-27 18:00:00+00:00,22.3,61.72493,0.0,25.4,0.13
2023-09-27 19:00:00+00:00,21.4,68.43543,0.0,24.6,0.13
2023-09-27 20:00:00+00:00,20.7,73.53087,0.0,23.9,0.13
2023-09-27 21:00:00+00:00,20.25,75.600624,0.0,23.3,0.13
2023-09-27 22:00:00+00:00,19.85,77.00136,0.0,22.8,0.13
2023-09-27 23:00:00+00:00,19.5,78.44091,0.0,22.35,0.13
2023-09-28 00:00:00+00:00,20.25,79.05145,0.0,23.05,0.128
2023-09-28 01:00:00+00:00,20.05,81.57496,0.1,22.6,0.129
2023-09-28 02:00:00+00:00,19.5,85.21203,0.0,22.1,0.129
2023-09-28 03:00:00+00:00,19.4,85.74345,0.0,21.7,0.129
2023-09-28 04:00:00+00:00,19.35,86.83155,0.0,21.45,0.129
2023-09-28 05:00:00+00:00,19.8,84.43823,0.0,21.4,0.13
2023-09-28 06:00:00+00:00,21.0,78.16227,0.1,21.85,0.131
2023-09-28 07:00:00+00:00,21.45,77.246414,0.6,22.2,0.135
2023-09-28 08:00:00+00:00,19.9,83.9165,3.4,22.2,0.18
2023-09-28 09:00:00+00:00,21.6,77.02564,0.8,22.7,0.188
2023-09-28 10:00:00+00:00,22.2,74.022194,0.2,23.25,0.189
2023-09-28 11:00:00+00:00,21.05,77.92257,1.2,23.35,0.202
2023-09-28 12:00:00+00:00,19.75,86.050156,0.3,23.75,0.232
2023-09-28 13:00:00+00:00,18.75,93.03488,2.0,22.75,0.257
2023-09-28 14:00:00+00:00,19.0,95.7159,0.7,22.0,0.264
2023-09-28 15:00:00+00:00,20.0,89.38597,0.4,21.6,0.268
2023-09-28 16:00:00+00:00,19.85,87.4277,0.0,21.25,0.267
2023-09-28 17:00:00+00:00,19.55,88.79024,0.0,20.9,0.267
2023-09-28 18:00:00+00:00,18.25,92.422005,0.0,20.5,0.266
2023-09-28 19:00:00+00:00,18.0,91.82313,0.0,20.05,0.265
2023-09-28 20:00:00+00:00,18.65,86.21498,0.0,19.8,0.265
2023-09-28 21:00:00+00:00,18.2,85.34805,0.0,19.45,0.264
2023-09-28 22:00:00+00:00,17.85,86.9676,0.0,19.2,0.263
2023-09-28 23:00:00+00:00,17.65,88.35231,0.0,19.05,0.263
2023-09-29 00:00:00+00:00,17.95,90.08437,0.0,20.3,0.229
2023-09-29 01:00:00+00:00,18.0,89.80162,0.0,19.95,0.229
2023-09-29 02:00:00+00:00,17.7,91.22222,0.0,19.65,0.228
2023-09-29 03:00:00+00:00,16.8,94.4312,0.0,19.35,0.228
2023-09-29 04:00:00+00:00,15.7,96.22507,0.0,18.85,0.228
2023-09-29 05:00:00+00:00,17.25,91.19314,0.0,18.75,0.228
2023-09-29 06:00:00+00:00,19.5,74.273766,0.0,19.6,0.227
2023-09-29 07:00:00+00:00,22.05,50.177505,0.0,20.95,0.227
2023-09-29 08:00:00+00:00,23.65,40.93222,0.0,22.6,0.225
2023-09-29 09:00:00+00:00,24.9,41.835377,0.0,24.2,0.223
2023-09-29 10:00:00+00:00,26.6,38.075855,0.0,25.65,0.221
2023-09-29 11:00:00+00:00,25.7,42.05857,0.0,26.0,0.22
2023-09-29 12:00:00+00:00,27.15,38.10424,0.0,26.75,0.222
2023-09-29 13:00:00+00:00,26.85,39.55672,0.0,27.1,0.221
2023-09-29 14:00:00+00:00,25.75,43.3367,0.0,26.65,0.22
2023-09-29 15:00:00+00:00,24.6,50.032047,0.0,26.05,0.219
2023-09-29 16:00:00+00:00,23.05,58.410725,0.0,25.0,0.219
2023-09-29 17:00:00+00:00,21.95,64.28636,0.0,24.05,0.219
2023-09-29 18:00:00+00:00,20.7,68.95964,0.0,23.1,0.219
2023-09-29 19:00:00+00:00,20.1,69.73774,0.0,22.35,0.218
2023-09-29 20:00:00+00:00,19.7,72.88568,0.1,21.8,0.219
2023-09-29 21:00:00+00:00,19.25,77.156044,0.0,21.25,0.219
2023-09-29 22:00:00+00:00,18.7,82.18836,0.0,20.85,0.219
2023-09-29 23:00:00+00:00,18.05,86.986305,0.0,20.4,0.219
2023-09-30 00:00:00+00:00,17.75,91.51637,0.0,20.3,0.222
2023-09-30 01:00:00+00:00,17.7,91.80508,0.0,19.75,0.222
2023-09-30 02:00:00+00:00,17.3,91.48821,0.0,19.3,0.222
2023-09-30 03:00:00+00:00,16.9,88.85868,0.0,18.9,0.221
2023-09-30 04:00:00+00:00,16.55,86.56487,0.0,18.55,0.221
2023-09-30 05:00:00+00:00,17.4,77.11995,0.0,18.45,0.221
2023-09-30 06:00:00+00:00,19.7,61.530235,0.0,19.15,0.221
2023-09-30 07:00:00+00:00,22.0,44.036705,0.0,20.45,0.22
2023-09-30 08:00:00+00:00,23.75,38.164253,0.0,22.05,0.219
2023-09-30 09:00:00+00:00,25.35,37.59763,0.0,23.7,0.217
2023-09-30 10:00:00+00:00,25.55,45.46353,0.1,24.9,0.216
2023-09-30 11:00:00+00:00,26.35,42.656708,0.1,25.5,0.216
2023-09-30 12:00:00+00:00,27.6,34.15852,0.0,26.75,0.212
2023-09-30 13:00:00+00:00,27.45,33.104877,0.0,26.8,0.211
2023-09-30 14:00:00+00:00,27.75,29.6009,0.0,26.7,0.21
2023-09-30 15:00:00+00:00,26.2,32.75416,0.0,26.1,0.209
2023-09-30 16:00:00+00:00,23.3,42.228092,0.0,24.9,0.208
2023-09-30 17:00:00+00:00,22.2,53.640053,0.0,24.0,0.208
2023-09-30 18:00:00+00:00,21.3,61.496204,0.0,23.15,0.208
2023-09-30 19:00:00+00:00,20.4,67.576996,0.0,22.45,0.208
2023-09-30 20:00:00+00:00,19.75,72.425995,0.0,21.85,0.208
2023-09-30 21:00:00+00:00,19.05,76.87744,0.0,21.3,0.207
2023-09-30 22:00:00+00:00,18.35,81.095955,0.0,20.8,0.207
2023-09-30 23:00:00+00:00,17.8,84.2175,0.0,20.35,0.207
2023-10-01 00:00:00+00:00,17.85,79.73183,0.0,21.1,0.204
2023-10-01 01:00:00+00:00,17.45,75.38685,0.0,20.45,0.204
2023-10-01 02:00:00+00:00,17.0,70.749405,0.0,19.85,0.204
2023-10-01 03:00:00+00:00,16.95,63.177547,0.0,19.4,0.204
2023-10-01 04:00:00+00:00,16.75,55.715435,0.0,19.0,0.204
2023-10-01 05:00:00+00:00,17.5,51.8804,0.0,18.9,0.204
2023-10-01 06:00:00+00:00,20.0,46.69835,0.0,19.65,0.203
2023-10-01 07:00:00+00:00,22.55,40.074677,0.0,21.0,0.202
2023-10-01 08:00:00+00:00,24.75,34.510826,0.0,22.65,0.201
2023-10-01 09:00:00+00:00,26.2,30.08467,0.0,24.25,0.2
2023-10-01 10:00:00+00:00,27.4,26.720743,0.0,25.7,0.198
2023-10-01 11:00:00+00:00,28.2,24.553036,0.0,26.75,0.197
2023-10-01 12:00:00+00:00,26.4,30.554232,0.0,26.35,0.198
2023-10-01 13:00:00+00:00,26.6,30.609995,0.0,26.35,0.197
2023-10-01 14:00:00+00:00,26.75,29.525097,0.0,26.3,0.196
2023-10-01 15:00:00+00:00,25.55,31.372614,0.0,25.8,0.195
2023-10-01 16:00:00+00:00,23.85,33.55852,0.0,24.9,0.195
2023-10-01 17:00:00+00:00,21.9,39.081596,0.0,23.8,0.195
2023-10-01 18:00:00+00:00,21.1,45.291492,0.0,23.0,0.194
2023-10-01 19:00:00+00:00,20.35,49.889038,0.0,22.25,0.194
2023-10-01 20:00:00+00:00,20.25,50.19815,0.0,21.75,0.194
2023-10-01 21:00:00+00:00,20.8,44.902798,0.0,21.5,0.194
2023-10-01 22:00:00+00:00,20.5,44.364407,0.0,21.3,0.194
2023-10-01 23:00:00+00:00,19.85,48.102158,0.0,21.0,0.194
2023-10-02 00:00:00+00:00,19.0,52.631844,0.0,21.1,0.192
2023-10-02 01:00:00+00:00,18.35,56.310463,0.0,20.5,0.192
2023-10-02 02:00:00+00:00,18.45,55.771023,0.0,20.1,0.191
2023-10-02 03:00:00+00:00,18.75,55.846992,0.0,19.9,0.191
2023-10-02 04:00:00+00:00,18.35,58.424843,0.0,19.7,0.191
2023-10-02 05:00:00+00:00,18.3,59.994347,0.0,19.6,0.191
2023-10-02 06:00:00+00:00,19.9,54.844887,0.0,20.15,0.191
2023-10-02 07:00:00+00:00,21.5,50.532295,0.0,21.25,0.19
2023-10-02 08:00:00+00:00,22.9,43.698994,0.0,22.6,0.189
2023-10-02 09:00:00+00:00,23.95,37.453766,0.0,24.0,0.188
2023-10-02 10:00:00+00:00,24.65,33.32757,0.0,25.3,0.187
2023-10-02 11:00:00+00:00,25.2,33.030632,0.0,26.35,0.186
2023-10-02 12:00:00+00:00,25.2,35.467625,0.0,27.05,0.186
2023-10-02 13:00:00+00:00,25.0,36.749786,0.0,27.2,0.184
2023-10-02 14:00:00+00:00,24.2,38.941704,0.0,26.8,0.184
2023-10-02 15:00:00+00:00,22.95,41.706856,0.0,25.9,0.183
2023-10-02 16:00:00+00:00,21.25,43.678513,0.0,24.65,0.183
2023-10-02 17:00:00+00:00,19.9,43.59557,0.0,23.5,0.183
2023-10-02 18:00:00+00:00,18.55,47.744812,0.0,22.45,0.182
2023-10-02 19:00:00+00:00,17.8,52.851326,0.0,21.55,0.182
2023-10-02 20:00:00+00:00,16.85,58.846985,0.0,20.75,0.182
2023-10-02 21:00:00+00:00,15.95,64.45281,0.0,20.0,0.182
2023-10-02 22:00:00+00:00,15.1,68.51974,0.0,19.3,0.182
2023-10-02 23:00:00+00:00,14.55,70.752655,0.0,18.65,0.182
2023-10-03 00:00:00+00:00,15.0,70.60182,0.0,18.45,0.181
2023-10-03 01:00:00+00:00,14.55,71.230034,0.0,18.0,0.181
2023-10-03 02:00:00+00:00,14.55,65.90796,0.0,17.65,0.181
2023-10-03 03:00:00+00:00,14.7,59.94114,0.0,17.35,0.181
2023-10-03 04:00:00+00:00,14.45,58.456993,0.0,17.1,0.181
2023-10-03 05:00:00+00:00,15.05,56.433235,0.0,17.1,0.181
2023-10-03 06:00:00+00:00,17.4,49.766933,0.0,17.9,0.18
2023-10-03 07:00:00+00:00,19.85,42.40233,0.0,19.3,0.18
2023-10-03 08:00:00+00:00,21.7,36.43327,0.0,21.0,0.179
2023-10-03 09:00:00+00:00,22.85,31.697548,0.0,22.65,0.178
2023-10-03 10:00:00+00:00,23.65,27.96846,0.0,24.2,0.177
2023-10-03 11:00:00+00:00,24.1,26.467314,0.0,25.35,0.176
2023-10-03 12:00:00+00:00,24.6,26.141758,0.0,25.95,0.178
2023-10-03 13:00:00+00:00,24.6,26.418495,0.0,26.3,0.177
2023-10-03 14:00:00+00:00,24.1,27.995382,0.0,26.05,0.176
2023-10-03 15:00:00+00:00,22.95,30.640465,0.0,25.2,0.176
2023-10-03 16:00:00+00:00,20.55,36.102993,0.0,23.8,0.175
2023-10-03 17:00:00+00:00,19.3,39.282055,0.0,22.55,0.175
2023-10-03 18:00:00+00:00,18.05,43.976536,0.0,21.5,0.175
2023-10-03 19:00:00+00:00,16.75,51.326263,0.0,20.55,0.175
2023-10-03 20:00:00+00:00,15.8,57.599274,0.0,19.65,0.175
2023-10-03 21:00:00+00:00,14.7,63.3073,0.0,18.9,0.175
2023-10-03 22:00:00+00:00,13.6,68.9127,0.0,18.15,0.175
2023-10-03 23:00:00+00:00,12.9,72.377,0.0,17.45,0.175
2023-10-04 00:00:00+00:00,12.8,73.09989,0.0,16.05,0.176
2023-10-04 01:00:00+00:00,11.6,78.83312,0.0,15.75,0.176
2023-10-04 02:00:00+00:00,12.5,74.046165,0.0,15.4,0.176
2023-10-04 03:00:00+00:00,13.15,70.96299,0.0,15.05,0.176
2023-10-04 04:00:00+00:00,12.95,72.140785,0.0,14.7,0.176
2023-10-04 05:00:00+00:00,12.55,76.34994,0.0,14.75,0.176
2023-10-04 06:00:00+00:00,15.1,67.14969,0.0,15.9,0.176
2023-10-04 07:00:00+00:00,18.3,58.217537,0.0,17.75,0.176
2023-10-04 08:00:00+00:00,20.75,54.517063,0.0,19.9,0.175
2023-10-04 09:00:00+00:00,22.35,47.186802,0.0,22.05,0.174
2023-10-04 10:00:00+00:00,23.5,41.027504,0.0,23.95,0.173
2023-10-04 11:00:00+00:00,24.25,37.28622,0.0,25.45,0.172
2023-10-04 12:00:00+00:00,24.4,38.99828,0.0,25.85,0.177
2023-10-04 13:00:00+00:00,24.65,38.548424,0.0,26.4,0.176
2023-10-04 14:00:00+00:00,24.3,39.89603,0.0,26.2,0.175
2023-10-04 15:00:00+00:00,23.4,45.321793,0.0,25.3,0.175
2023-10-04 16:00:00+00:00,19.7,56.273365,0.0,23.65,0.175
2023-10-04 17:00:00+00:00,18.5,59.643326,0.0,22.15,0.175
2023-10-04 18:00:00+00:00,17.3,64.320335,0.0,20.95,0.175
2023-10-04 19:00:00+00:00,16.9,66.41057,0.0,20.0,0.175
2023-10-04 20:00:00+00:00,15.85,74.37891,0.0,19.25,0.175
2023-10-04 21:00:00+00:00,14.8,81.15773,0.0,18.55,0.175
2023-10-04 22:00:00+00:00,14.1,85.474976,0.0,17.9,0.175
2023-10-04 23:00:00+00:00,13.7,87.72244,0.0,17.35,0.175
2023-10-05 00:00:00+00:00,13.85,87.73591,0.0,15.5,0.174
2023-10-05 01:00:00+00:00,12.75,91.80116,0.0,15.45,0.174
2023-10-05 02:00:00+00:00,12.4,93.3125,0.0,15.35,0.174
2023-10-05 03:00:00+00:00,11.9,94.8483,0.0,15.15,0.174
2023-10-05 04:00:00+00:00,11.45,95.46354,0.0,14.95,0.174
2023-10-05 05:00:00+00:00,12.85,91.20234,0.0,15.0,0.174
2023-10-05 06:00:00+00:00,15.8,76.86988,0.0,16.05,0.174
2023-10-05 07:00:00+00:00,18.6,64.81945,0.0,17.75,0.174
2023-10-05 08:00:00+00:00,21.0,57.535885,0.0,19.7,0.173
2023-10-05 09:00:00+00:00,22.5,50.63043,0.0,21.65,0.173
2023-10-05 10:00:00+00:00,23.4,47.472904,0.0,23.25,0.172
2023-10-05 11:00:00+00:00,24.05,45.200947,0.0,24.3,0.171
2023-10-05 12:00:00+00:00,24.95,41.023937,0.0,24.7,0.175
2023-10-05 13:00:00+00:00,25.15,38.17541,0.0,25.0,0.174
2023-10-05 14:00:00+00:00,24.55,37.87811,0.0,24.7,0.174
2023-10-05 15:00:00+00:00,23.2,41.358196,0.0,24.05,0.173
2023-10-05 16:00:00+00:00,20.85,50.358868,0.0,22.95,0.173
2023-10-05 17:00:00+00:00,19.5,57.547516,0.0,21.9,0.173
2023-10-05 18:00:00+00:00,18.3,65.183266,0.0,20.95,0.173
2023-10-05 19:00:00+00:00,17.3,72.933205,0.0,20.15,0.173
2023-10-05 20:00:00+00:00,16.0,81.04977,0.0,19.35,0.173
2023-10-05 21:00:00+00:00,14.6,89.5445,0.0,18.5,0.173
2023-10-05 22:00:00+00:00,13.9,92.7787,0.0,17.8,0.173
2023-10-05 23:00:00+00:00,13.35,94.28446,0.0,17.2,0.173
2023-10-06 00:00:00+00:00,13.2,95.21112,0.0,16.2,0.171
2023-10-06 01:00:00+00:00,12.45,96.130196,0.0,15.9,0.171
2023-10-06 02:00:00+00:00,12.25,96.12424,0.0,15.6,0.171
2023-10-06 03:00:00+00:00,11.65,97.38909,0.0,15.3,0.171
2023-10-06 04:00:00+00:00,11.85,96.75084,0.0,15.0,0.171
2023-10-06 05:00:00+00:00,13.05,95.20562,0.0,15.0,0.171
2023-10-06 06:00:00+00:00,15.7,82.88961,0.0,16.1,0.17
2023-10-06 07:00:00+00:00,18.45,71.023506,0.0,17.85,0.17
2023-10-06 08:00:00+00:00,20.75,59.58901,0.0,19.85,0.17
2023-10-06 09:00:00+00:00,22.75,52.735023,0.0,21.85,0.169
2023-10-06 10:00:00+00:00,24.45,48.38668,0.0,23.6,0.168
2023-10-06 11:00:00+00:00,25.8,43.77929,0.0,25.05,0.168
2023-10-06 12:00:00+00:00,26.3,39.927135,0.0,25.85,0.17
2023-10-06 13:00:00+00:00,26.3,36.87029,0.0,26.25,0.169
2023-10-06 14:00:00+00:00,26.0,36.785706,0.0,26.0,0.169
2023-10-06 15:00:00+00:00,24.75,43.488693,0.0,25.3,0.169
2023-10-06 16:00:00+00:00,22.65,50.50344,0.0,24.15,0.168
2023-10-06 17:00:00+00:00,21.9,53.036343,0.0,23.2,0.168
2023-10-06 18:00:00+00:00,20.55,60.130337,0.0,22.35,0.168
2023-10-06 19:00:00+00:00,18.6,76.312485,0.0,21.55,0.168
2023-10-06 20:00:00+00:00,18.35,77.26658,0.0,20.95,0.168
2023-10-06 21:00:00+00:00,17.75,79.71789,0.0,20.4,0.168
2023-10-06 22:00:00+00:00,17.35,82.55216,0.0,19.9,0.168
2023-10-06 23:00:00+00:00,17.05,86.05659,0.0,19.5,0.168
2023-10-07 00:00:00+00:00,17.55,82.31045,0.0,20.2,0.168
2023-10-07 01:00:00+00:00,17.15,86.06656,0.0,19.65,0.168
2023-10-07 02:00:00+00:00,16.55,89.693146,0.0,19.1,0.168
2023-10-07 03:00:00+00:00,16.1,91.118164,0.0,18.6,0.168
2023-10-07 04:00:00+00:00,15.8,90.511116,0.0,18.2,0.168
2023-10-07 05:00:00+00:00,16.15,85.687614,0.0,18.0,0.168
2023-10-07 06:00:00+00:00,18.35,73.59722,0.0,18.65,0.167
2023-10-07 07:00:00+00:00,20.6,57.62729,0.0,19.9,0.167
2023-10-07 08:00:00+00:00,22.05,49.02549,0.0,21.45,0.167
2023-10-07 09:00:00+00:00,23.25,43.070873,0.0,23.1,0.166
2023-10-07 10:00:00+00:00,24.35,38.077133,0.0,24.65,0.165
2023-10-07 11:00:00+00:00,25.1,34.60993,0.0,25.85,0.164
2023-10-07 12:00:00+00:00,25.4,36.986824,0.0,26.7,0.165
2023-10-07 13:00:00+00:00,25.55,36.291416,0.0,27.05,0.165
2023-10-07 14:00:00+00:00,25.25,36.573853,0.0,26.85,0.164
2023-10-07 15:00:00+00:00,24.0,60.93287,0.0,25.95,0.164
2023-10-07 16:00:00+00:00,23.25,42.355797,0.0,24.2,0.164
2023-10-07 17:00:00+00:00,21.7,47.48304,0.0,22.7,0.164
2023-10-07 18:00:00+00:00,20.6,50.969406,0.0,21.4,0.164
2023-10-07 19:00:00+00:00,16.95,64.457825,0.0,20.35,0.164
2023-10-07 20:00:00+00:00,16.1,67.810234,0.0,19.5,0.164
2023-10-07 21:00:00+00:00,15.15,72.545525,0.0,18.75,0.164
2023-10-07 22:00:00+00:00,14.65,75.92521,0.0,18.1,0.164
2023-10-07 23:00:00+00:00,14.45,78.20312,0.0,17.55,0.164
2023-10-08 00:00:00+00:00,14.75,81.15111,0.0,15.85,0.163
2023-10-08 01:00:00+00:00,13.3,88.26876,0.0,15.75,0.163
2023-10-08 02:00:00+00:00,12.85,90.30146,0.0,15.6,0.163
2023-10-08 03:00:00+00:00,13.15,88.54856,0.0,15.4,0.163
2023-10-08 04:00:00+00:00,14.1,85.193275,0.0,15.15,0.163
2023-10-08 05:00:00+00:00,14.2,85.485466,0.0,15.15,0.163
2023-10-08 06:00:00+00:00,15.95,78.68535,0.0,16.25,0.163
2023-10-08 07:00:00+00:00,18.4,68.503,0.0,18.05,0.163
2023-10-08 08:00:00+00:00,21.4,54.32337,0.0,20.2,0.162
2023-10-08 09:00:00+00:00,23.85,42.38226,0.0,22.45,0.162
2023-10-08 10:00:00+00:00,25.65,34.648354,0.0,24.4,0.161
2023-10-08 11:00:00+00:00,26.75,33.579803,0.0,25.85,0.16
2023-10-08 12:00:00+00:00,27.3,34.532635,0.0,26.45,0.162
2023-10-08 13:00:00+00:00,27.45,35.625732,0.0,26.85,0.161
2023-10-08 14:00:00+00:00,26.8,37.630165,0.0,26.65,0.161
2023-10-08 15:00:00+00:00,25.1,39.987938,0.0,25.85,0.16
2023-10-08 16:00:00+00:00,22.6,49.17344,0.0,24.6,0.16
2023-10-08 17:00:00+00:00,20.95,56.958965,0.0,23.45,0.16
2023-10-08 18:00:00+00:00,19.95,60.186466,0.0,22.45,0.16
2023-10-08 19:00:00+00:00,18.9,65.52766,0.0,21.6,0.16
2023-10-08 20:00:00+00:00,18.15,70.27345,0.0,20.8,0.16
2023-10-08 21:00:00+00:00,17.35,71.99029,0.0,20.05,0.16
2023-10-08 22:00:00+00:00,18.6,54.14584,0.0,19.45,0.16
2023-10-08 23:00:00+00:00,19.65,50.375393,0.0,19.35,0.16
2023-10-09 00:00:00+00:00,19.95,52.352688,0.0,19.85,0.158
2023-10-09 01:00:00+00:00,17.3,76.85337,0.0,19.6,0.158
2023-10-09 02:00:00+00:00,16.8,74.541214,0.0,19.3,0.158
2023-10-09 03:00:00+00:00,16.05,75.402916,0.0,18.9,0.158
2023-10-09 04:00:00+00:00,15.75,74.1157,0.0,18.55,0.158
2023-10-09 05:00:00+00:00,15.45,72.84222,0.0,18.2,0.158
2023-10-09 06:00:00+00:00,16.35,66.07249,0.0,18.5,0.158
2023-10-09 07:00:00+00:00,17.2,60.74321,0.0,19.25,0.158
2023-10-09 08:00:00+00:00,17.7,57.101166,0.0,19.85,0.158
2023-10-09 09:00:00+00:00,18.35,53.355503,0.0,20.7,0.157
2023-10-09 10:00:00+00:00,19.05,50.044186,0.0,21.55,0.157
2023-10-09 11:00:00+00:00,19.25,48.593422,0.0,22.05,0.157
2023-10-09 12:00:00+00:00,19.7,47.73641,0.0,22.85,0.158
2023-10-09 13:00:00+00:00,19.05,48.869785,0.0,22.55,0.158
2023-10-09 14:00:00+00:00,18.45,49.54332,0.0,22.15,0.157
2023-10-09 15:00:00+00:00,17.75,49.862144,0.0,21.5,0.157
2023-10-09 16:00:00+00:00,16.15,55.183136,0.0,20.4,0.157
2023-10-09 17:00:00+00:00,15.05,59.210327,0.0,19.3,0.157
2023-10-09 18:00:00+00:00,14.4,61.744305,0.0,18.45,0.157
2023-10-09 19:00:00+00:00,14.0,62.931633,0.0,17.8,0.157
2023-10-09 20:00:00+00:00,13.6,63.927124,0.0,17.2,0.157
2023-10-09 21:00:00+00:00,12.7,67.56254,0.0,16.6,0.157
2023-10-09 22:00:00+00:00,11.5,74.3773,0.0,16.0,0.157
2023-10-09 23:00:00+00:00,12.95,66.46635,0.0,15.5,0.157
2023-10-10 00:00:00+00:00,11.65,80.18926,0.0,14.0,0.158
2023-10-10 01:00:00+00:00,11.5,83.210236,0.0,14.05,0.158
2023-10-10 02:00:00+00:00,11.5,86.06361,0.0,14.05,0.158
2023-10-10 03:00:00+00:00,11.75,87.83921,0.0,14.1,0.158
2023-10-10 04:00:00+00:00,11.3,91.40485,0.0,14.0,0.158
2023-10-10 05:00:00+00:00,13.35,82.32709,0.0,14.15,0.158
2023-10-10 06:00:00+00:00,14.85,76.71958,0.0,15.2,0.158
2023-10-10 07:00:00+00:00,16.4,71.57777,0.0,16.5,0.158
2023-10-10 08:00:00+00:00,18.35,65.409546,0.0,18.15,0.157
2023-10-10 09:00:00+00:00,20.95,53.67236,0.0,20.35,0.157
2023-10-10 10:00:00+00:00,22.7,41.35646,0.0,22.2,0.156
2023-10-10 11:00:00+00:00,23.45,39.655758,0.0,23.4,0.156
2023-10-10 12:00:00+00:00,24.1,39.044537,0.0,23.8,0.159
2023-10-10 13:00:00+00:00,24.75,36.92715,0.0,24.2,0.159
2023-10-10 14:00:00+00:00,23.8,39.75481,0.0,24.05,0.158
2023-10-10 15:00:00+00:00,22.65,40.51245,0.0,23.4,0.158
2023-10-10 16:00:00+00:00,19.55,48.840435,0.0,22.15,0.158
2023-10-10 17:00:00+00:00,18.65,52.009613,0.0,20.9,0.158
2023-10-10 18:00:00+00:00,17.4,55.692154,0.0,20.15,0.158
2023-10-10 19:00:00+00:00,16.9,57.482258,0.0,19.45,0.158
2023-10-10 20:00:00+00:00,16.15,62.57274,0.0,18.8,0.158
2023-10-10 21:00:00+00:00,15.9,65.095436,0.0,18.35,0.158
2023-10-10 22:00:00+00:00,15.4,66.53756,0.0,17.9,0.158
2023-10-10 23:00:00+00:00,14.65,68.65946,0.0,17.4,0.158
2023-10-11 00:00:00+00:00,15.55,63.500145,0.0,17.15,0.156
2023-10-11 01:00:00+00:00,15.45,63.04923,0.0,17.1,0.156
2023-10-11 02:00:00+00:00,15.6,60.774532,0.0,17.1,0.156
2023-10-11 03:00:00+00:00,15.5,58.515923,0.0,17.05,0.156
2023-10-11 04:00:00+00:00,14.15,62.75107,0.0,16.7,0.156
2023-10-11 05:00:00+00:00,13.65,64.82025,0.0,16.4,0.156
2023-10-11 06:00:00+00:00,15.0,60.218975,0.0,16.75,0.156
2023-10-11 07:00:00+00:00,17.05,52.47358,0.0,17.8,0.156
2023-10-11 08:00:00+00:00,18.9,43.46214,0.0,19.25,0.155
2023-10-11 09:00:00+00:00,20.35,38.371517,0.0,20.75,0.155
2023-10-11 10:00:00+00:00,21.3,35.20295,0.0,22.15,0.154
2023-10-11 11:00:00+00:00,21.65,32.361324,0.0,23.1,0.154
2023-10-11 12:00:00+00:00,21.9,31.648602,0.0,23.8,0.153
2023-10-11 13:00:00+00:00,21.75,30.838755,0.0,23.9,0.153
2023-10-11 14:00:00+00:00,21.2,31.894836,0.0,23.55,0.153
2023-10-11 15:00:00+00:00,19.85,35.40158,0.0,22.65,0.152
2023-10-11 16:00:00+00:00,17.95,44.253845,0.0,21.4,0.152
2023-10-11 17:00:00+00:00,16.3,52.274105,0.0,20.25,0.152
2023-10-11 18:00:00+00:00,15.55,53.348526,0.0,19.3,0.152
2023-10-11 19:00:00+00:00,14.7,55.956387,0.0,18.45,0.152
2023-10-11 20:00:00+00:00,13.75,59.91708,0.0,17.65,0.152
2023-10-11 21:00:00+00:00,13.0,62.917538,0.0,16.9,0.152
2023-10-11 22:00:00+00:00,12.5,64.56393,0.0,16.3,0.152
2023-10-11 23:00:00+00:00,12.2,66.07636,0.0,15.8,0.152
2023-10-12 00:00:00+00:00,12.1,67.669205,0.0,14.65,0.154
2023-10-12 01:00:00+00:00,11.7,70.19821,0.0,14.5,0.154
2023-10-12 02:00:00+00:00,11.6,71.15108,0.0,14.35,0.154
2023-10-12 03:00:00+00:00,11.6,72.135544,0.0,14.25,0.154
2023-10-12 04:00:00+00:00,11.45,74.11428,0.0,14.1,0.154
2023-10-12 05:00:00+00:00,11.85,73.428,0.0,14.1,0.154
2023-10-12 06:00:00+00:00,13.95,66.00254,0.0,14.85,0.154
2023-10-12 07:00:00+00:00,16.45,58.550438,0.0,16.25,0.153
2023-10-12 08:00:00+00:00,18.95,54.236263,0.0,18.05,0.153
2023-10-12 09:00:00+00:00,21.15,44.697304,0.0,19.9,0.153
2023-10-12 10:00:00+00:00,22.05,42.734325,0.0,21.6,0.152
2023-10-12 11:00:00+00:00,22.8,40.554928,0.0,23.05,0.152
2023-10-12 12:00:00+00:00,22.75,42.357594,0.0,23.7,0.158
2023-10-12 13:00:00+00:00,22.85,41.53853,0.0,24.1,0.157
2023-10-12 14:00:00+00:00,22.5,41.43975,0.0,23.9,0.157
2023-10-12 15:00:00+00:00,20.65,59.565243,0.0,23.0,0.157
2023-10-12 16:00:00+00:00,20.1,47.52375,0.0,21.3,0.157
2023-10-12 17:00:00+00:00,17.3,56.23519,0.0,19.85,0.157
2023-10-12 18:00:00+00:00,15.5,61.58192,0.0,18.7,0.157
2023-10-12 19:00:00+00:00,15.05,65.12896,0.0,17.85,0.157
2023-10-12 20:00:00+00:00,13.65,75.253235,0.0,17.05,0.157
2023-10-12 21:00:00+00:00,12.85,81.71495,0.0,16.35,0.157
2023-10-12 22:00:00+00:00,12.05,87.572845,0.0,15.7,0.157
2023-10-12 23:00:00+00:00,11.5,90.50554,0.0,15.15,0.157
2023-10-13 00:00:00+00:00,13.3,85.39077,0.0,13.7,0.154
2023-10-13 01:00:00+00:00,12.5,89.38091,0.0,13.5,0.154
2023-10-13 02:00:00+00:00,12.1,91.45644,0.0,13.25,0.154
2023-10-13 03:00:00+00:00,11.75,92.35262,0.0,13.05,0.154
2023-10-13 04:00:00+00:00,12.25,90.86026,0.0,12.85,0.154
2023-10-13 05:00:00+00:00,12.05,92.06348,0.0,12.8,0.154
2023-10-13 06:00:00+00:00,13.5,85.411896,0.0,13.9,0.154
2023-10-13 07:00:00+00:00,16.2,73.70473,0.0,15.7,0.154
2023-10-13 08:00:00+00:00,18.9,60.93995,0.0,17.95,0.154
2023-10-13 09:00:00+00:00,20.9,52.427036,0.0,20.15,0.154
2023-10-13 10:00:00+00:00,22.35,45.944218,0.0,22.1,0.153
2023-10-13 11:00:00+00:00,23.45,41.567833,0.0,23.7,0.153
2023-10-13 12:00:00+00:00,24.6,36.022446,0.0,24.55,0.156
2023-10-13 13:00:00+00:00,25.0,35.053432,0.0,25.1,0.155
2023-10-13 14:00:00+00:00,24.75,36.43228,0.0,24.95,0.155
2023-10-13 15:00:00+00:00,22.5,54.247246,0.0,23.95,0.154
2023-10-13 16:00:00+00:00,23.4,41.69342,0.0,22.45,0.154
2023-10-13 17:00:00+00:00,22.75,43.36533,0.0,21.3,0.154
2023-10-13 18:00:00+00:00,21.95,45.527447,0.0,20.4,0.154
2023-10-13 19:00:00+00:00,21.1,47.797802,0.0,19.35,0.154
2023-10-13 20:00:00+00:00,18.75,55.846992,0.0,18.65,0.154
2023-10-13 21:00:00+00:00,19.25,53.23143,0.0,18.05,0.154
2023-10-13 22:00:00+00:00,16.6,65.03019,0.0,17.55,0.154
2023-10-13 23:00:00+00:00,16.5,66.77005,0.0,17.4,0.154
2023-10-14 00:00:00+00:00,15.0,78.805756,0.0,16.3,0.15
2023-10-14 01:00:00+00:00,14.5,84.676384,0.0,16.2,0.15
2023-10-14 02:00:00+00:00,13.9,89.78503,0.0,16.0,0.15
2023-10-14 03:00:00+00:00,13.15,91.825745,0.0,15.65,0.15
2023-10-14 04:00:00+00:00,13.0,91.51392,0.0,15.3,0.15
2023-10-14 05:00:00+00:00,13.65,90.95531,0.0,15.15,0.15
2023-10-14 06:00:00+00:00,16.45,79.535324,0.0,16.0,0.15
2023-10-14 07:00:00+00:00,19.0,70.43591,0.0,17.6,0.15
2023-10-14 08:00:00+00:00,21.1,60.06325,0.0,19.55,0.15
2023-10-14 09:00:00+00:00,22.85,51.057823,0.0,21.55,0.149
2023-10-14 10:00:00+00:00,24.15,45.678802,0.0,23.3,0.149
2023-10-14 11:00:00+00:00,25.0,42.986526,0.0,24.75,0.148
2023-10-14 12:00:00+00:00,25.8,37.850708,0.0,25.4,0.15
2023-10-14 13:00:00+00:00,26.05,36.799816,0.0,25.85,0.15
2023-10-14 14:00:00+00:00,25.7,37.195793,0.0,25.65,0.15
2023-10-14 15:00:00+00:00,23.65,51.268143,0.0,24.65,0.15
2023-10-14 16:00:00+00:00,20.05,53.439575,0.0,22.95,0.15
2023-10-14 17:00:00+00:00,20.25,49.361797,0.0,21.8,0.149
2023-10-14 18:00:00+00:00,19.1,54.823555,0.0,20.95,0.149
2023-10-14 19:00:00+00:00,17.45,65.43215,0.0,20.1,0.149
2023-10-14 20:00:00+00:00,15.35,78.59707,0.0,19.1,0.149
2023-10-14 21:00:00+00:00,15.25,80.684,0.0,18.25,0.149
2023-10-14 22:00:00+00:00,14.65,85.25179,0.0,17.65,0.149
2023-10-14 23:00:00+00:00,13.9,90.37686,0.0,17.1,0.149
2023-10-15 00:00:00+00:00,13.75,89.773674,0.0,15.95,0.148
2023-10-15 01:00:00+00:00,14.1,87.7583,0.0,15.55,0.148
2023-10-15 02:00:00+00:00,12.7,92.40724,0.0,15.2,0.148
2023-10-15 03:00:00+00:00,12.0,93.60237,0.0,14.9,0.148
2023-10-15 04:00:00+00:00,12.3,91.16603,0.0,14.6,0.148
2023-10-15 05:00:00+00:00,12.6,91.79192,0.0,14.5,0.148
2023-10-15 06:00:00+00:00,15.6,78.37516,0.0,15.5,0.148
2023-10-15 07:00:00+00:00,17.95,68.864235,0.0,17.25,0.147
2023-10-15 08:00:00+00:00,20.15,61.030342,0.0,19.35,0.147
2023-10-15 09:00:00+00:00,22.45,53.004223,0.0,21.45,0.147
2023-10-15 10:00:00+00:00,24.15,46.591316,0.0,23.3,0.147
2023-10-15 11:00:00+00:00,25.3,42.505203,0.0,24.75,0.146
2023-10-15 12:00:00+00:00,26.15,41.359474,0.0,25.35,0.152
2023-10-15 13:00:00+00:00,25.85,40.86885,0.0,25.65,0.151
2023-10-15 14:00:00+00:00,24.8,43.35903,0.0,25.3,0.151
2023-10-15 15:00:00+00:00,23.15,48.835644,0.0,24.4,0.151
2023-10-15 16:00:00+00:00,21.25,57.59709,0.0,23.2,0.151
2023-10-15 17:00:00+00:00,20.1,65.99782,0.0,22.2,0.151
2023-10-15 18:00:00+00:00,18.8,75.6081,0.0,21.25,0.151
2023-10-15 19:00:00+00:00,18.0,82.89755,0.0,20.45,0.151
2023-10-15 20:00:00+00:00,17.5,87.49438,0.0,19.8,0.151
2023-10-15 21:00:00+00:00,17.0,92.05673,0.0,19.25,0.151
2023-10-15 22:00:00+00:00,16.8,94.130005,0.0,18.8,0.151
2023-10-15 23:00:00+00:00,16.85,94.43329,0.0,18.5,0.151
2023-10-16 00:00:00+00:00,17.15,94.14533,0.0,17.4,0.147
2023-10-16 01:00:00+00:00,16.95,93.238945,0.0,17.5,0.147
2023-10-16 02:00:00+00:00,16.75,94.127785,0.0,17.5,0.147
2023-10-16 03:00:00+00:00,16.2,96.547905,0.0,17.45,0.147
2023-10-16 04:00:00+00:00,15.25,93.15258,0.0,17.2,0.147
2023-10-16 05:00:00+00:00,16.2,71.54044,0.0,17.15,0.147
2023-10-16 06:00:00+00:00,16.9,53.15605,0.3,17.4,0.15
2023-10-16 07:00:00+00:00,16.5,54.3373,0.2,17.35,0.152
2023-10-16 08:00:00+00:00,17.25,46.733837,0.0,17.85,0.152
2023-10-16 09:00:00+00:00,17.5,38.08316,0.0,18.6,0.152
2023-10-16 10:00:00+00:00,16.25,39.648083,0.0,18.7,0.152
2023-10-16 11:00:00+00:00,14.25,52.819042,0.3,18.25,0.154
2023-10-16 12:00:00+00:00,14.5,56.098705,0.7,18.5,0.15
2023-10-16 13:00:00+00:00,14.2,63.844067,0.2,17.75,0.152
2023-10-16 14:00:00+00:00,14.05,68.53756,0.0,17.25,0.152
2023-10-16 15:00:00+00:00,14.15,63.615128,0.1,16.9,0.153
2023-10-16 16:00:00+00:00,14.0,61.65028,0.0,16.5,0.153
2023-10-16 17:00:00+00:00,13.9,62.05145,0.0,16.25,0.153
2023-10-16 18:00:00+00:00,13.85,62.253117,0.0,16.15,0.153
2023-10-16 19:00:00+00:00,13.95,57.730858,0.0,16.05,0.153
2023-10-16 20:00:00+00:00,13.7,54.54623,0.0,15.95,0.152
2023-10-16 21:00:00+00:00,12.7,57.215378,0.0,15.7,0.152
2023-10-16 22:00:00+00:00,11.75,61.11585,0.0,15.25,0.152
2023-10-16 23:00:00+00:00,10.5,65.017815,0.0,14.6,0.152
2023-10-17 00:00:00+00:00,10.85,63.967503,0.0,13.95,0.154
2023-10-17 01:00:00+00:00,10.0,67.46092,0.0,13.6,0.154
2023-10-17 02:00:00+00:00,9.55,70.50654,0.0,13.2,0.153
2023-10-17 03:00:00+00:00,9.4,72.47549,0.0,12.9,0.153
2023-10-17 04:00:00+00:00,8.8,76.259224,0.0,12.55,0.153
2023-10-17 05:00:00+00:00,9.05,75.245415,0.0,12.35,0.153
2023-10-17 06:00:00+00:00,11.0,66.737625,0.0,12.95,0.153
2023-10-17 07:00:00+00:00,13.75,55.906025,0.0,14.3,0.153
2023-10-17 08:00:00+00:00,16.3,48.44828,0.0,16.1,0.153
2023-10-17 09:00:00+00:00,18.25,42.82958,0.0,17.95,0.153
2023-10-17 10:00:00+00:00,19.45,36.291615,0.0,19.65,0.152
2023-10-17 11:00:00+00:00,20.1,33.066357,0.0,20.95,0.152
2023-10-17 12:00:00+00:00,20.1,35.722748,0.0,21.65,0.155
2023-10-17 13:00:00+00:00,20.35,32.67442,0.0,21.55,0.154
2023-10-17 14:00:00+00:00,20.3,31.19219,0.0,21.2,0.154
2023-10-17 15:00:00+00:00,19.1,35.060913,0.0,20.5,0.154
2023-10-17 16:00:00+00:00,16.6,57.0189,0.0,19.55,0.154
2023-10-17 17:00:00+00:00,16.2,58.489017,0.0,18.75,0.154
2023-10-17 18:00:00+00:00,15.9,60.639824,0.0,18.15,0.154
2023-10-17 19:00:00+00:00,15.4,64.11362,0.0,17.7,0.154
2023-10-17 20:00:00+00:00,14.9,69.64077,0.4,17.1,0.157
2023-10-17 21:00:00+00:00,13.85,83.21427,1.1,16.05,0.169
2023-10-17 22:00:00+00:00,13.5,85.98001,0.9,15.3,0.18
2023-10-17 23:00:00+00:00,13.3,87.39652,0.6,14.85,0.188
2023-10-18 00:00:00+00:00,13.9,88.611595,0.2,14.4,0.178
2023-10-18 01:00:00+00:00,13.55,90.05474,0.0,14.4,0.178
2023-10-18 02:00:00+00:00,13.35,90.33747,0.0,14.35,0.178
2023-10-18 03:00:00+00:00,12.95,91.81345,0.0,14.2,0.178
2023-10-18 04:00:00+00:00,12.9,90.60438,0.0,14.1,0.178
2023-10-18 05:00:00+00:00,12.85,90.00292,0.0,14.0,0.178
2023-10-18 06:00:00+00:00,13.65,85.42772,0.0,14.35,0.178
2023-10-18 07:00:00+00:00,14.7,74.92732,0.0,15.0,0.178
2023-10-18 08:00:00+00:00,16.55,62.03539,0.0,16.3,0.178
2023-10-18 09:00:00+00:00,17.7,54.833473,0.0,17.5,0.178
2023-10-18 10:00:00+00:00,18.55,49.570515,0.0,18.75,0.177
2023-10-18 11:00:00+00:00,18.9,46.871433,0.0,19.65,0.177
2023-10-18 12:00:00+00:00,18.25,55.346397,0.0,19.8,0.184
2023-10-18 13:00:00+00:00,18.15,54.579525,0.0,19.65,0.184
2023-10-18 14:00:00+00:00,17.9,54.515038,0.0,19.35,0.183
2023-10-18 15:00:00+00:00,17.3,57.581715,0.0,18.85,0.183
2023-10-18 16:00:00+00:00,16.6,61.42363,0.0,18.3,0.183
2023-10-18 17:00:00+00:00,15.65,67.9449,0.0,17.7,0.183
2023-10-18 18:00:00+00:00,15.8,64.854904,0.0,16.95,0.183
2023-10-18 19:00:00+00:00,15.1,68.06034,0.0,16.0,0.183
2023-10-18 20:00:00+00:00,13.4,76.74506,0.0,15.3,0.183
2023-10-18 21:00:00+00:00,11.6,86.073784,0.0,14.65,0.183
2023-10-18 22:00:00+00:00,11.85,82.97239,0.0,14.0,0.183
2023-10-18 23:00:00+00:00,12.3,80.27993,0.0,13.45,0.183
2023-10-19 00:00:00+00:00,12.3,82.19448,0.0,13.4,0.184
2023-10-19 01:00:00+00:00,10.45,88.317375,0.0,12.9,0.184
2023-10-19 02:00:00+00:00,10.7,85.69096,0.0,12.5,0.184
2023-10-19 03:00:00+00:00,8.7,92.17325,0.0,12.1,0.184
2023-10-19 04:00:00+00:00,8.05,94.36988,0.0,11.75,0.184
2023-10-19 05:00:00+00:00,8.95,92.18818,0.0,11.6,0.184
2023-10-19 06:00:00+00:00,11.35,80.96772,0.0,12.4,0.184
2023-10-19 07:00:00+00:00,14.45,68.15664,0.0,14.05,0.183
2023-10-19 08:00:00+00:00,17.1,58.11818,0.0,16.0,0.183
2023-10-19 09:00:00+00:00,18.9,49.497154,0.0,18.0,0.182
2023-10-19 10:00:00+00:00,20.2,43.234905,0.0,19.8,0.181
2023-10-19 11:00:00+00:00,21.1,39.66184,0.0,21.15,0.181
2023-10-19 12:00:00+00:00,21.3,39.991802,0.0,21.55,0.183
2023-10-19 13:00:00+00:00,20.4,43.29139,0.0,21.3,0.182
2023-10-19 14:00:00+00:00,20.25,43.694275,0.0,20.75,0.182
2023-10-19 15:00:00+00:00,19.65,46.760166,0.0,20.15,0.181
2023-10-19 16:00:00+00:00,16.85,64.43575,0.0,19.1,0.181
2023-10-19 17:00:00+00:00,16.05,68.25453,0.0,18.15,0.181
2023-10-19 18:00:00+00:00,15.05,71.80355,0.0,17.35,0.181
2023-10-19 19:00:00+00:00,14.65,77.19989,0.0,16.7,0.181
2023-10-19 20:00:00+00:00,14.75,82.229996,0.0,16.25,0.181
2023-10-19 21:00:00+00:00,14.85,83.33336,0.0,16.0,0.181
2023-10-19 22:00:00+00:00,14.7,83.59054,0.0,15.75,0.181
2023-10-19 23:00:00+00:00,14.8,83.60223,0.0,15.6,0.181
2023-10-20 00:00:00+00:00,14.9,84.44248,0.0,14.4,0.18
2023-10-20 01:00:00+00:00,14.65,86.94813,0.0,14.6,0.18
2023-10-20 02:00:00+00:00,14.7,87.23836,0.0,14.75,0.18
2023-10-20 03:00:00+00:00,14.8,85.82932,0.0,14.85,0.18
2023-10-20 04:00:00+00:00,15.05,83.083496,0.0,14.95,0.18
2023-10-20 05:00:00+00:00,15.65,82.3425,0.0,15.1,0.18
2023-10-20 06:00:00+00:00,17.8,77.18186,0.0,15.8,0.18
2023-10-20 07:00:00+00:00,19.8,69.00551,0.0,17.0,0.18
2023-10-20 08:00:00+00:00,21.7,60.991512,0.0,18.4,0.179
2023-10-20 09:00:00+00:00,23.05,56.91826,0.0,19.75,0.179
2023-10-20 10:00:00+00:00,23.35,57.919586,0.0,20.9,0.178
2023-10-20 11:00:00+00:00,23.25,59.40815,0.0,21.7,0.178
2023-10-20 12:00:00+00:00,24.05,59.21624,0.0,22.2,0.178
2023-10-20 13:00:00+00:00,23.5,61.601757,0.0,22.5,0.178
2023-10-20 14:00:00+00:00,22.65,65.47693,0.0,22.35,0.177
2023-10-20 15:00:00+00:00,21.2,73.14964,0.0,21.75,0.177
2023-10-20 16:00:00+00:00,19.7,83.36357,0.0,20.9,0.177
2023-10-20 17:00:00+00:00,19.15,86.81276,0.0,20.15,0.177
2023-10-20 18:00:00+00:00,18.9,88.45695,0.0,19.6,0.177
2023-10-20 19:00:00+00:00,18.8,89.86079,0.0,19.2,0.177
2023-10-20 20:00:00+00:00,18.75,91.00145,0.0,18.9,0.177
2023-10-20 21:00:00+00:00,18.65,90.7074,0.0,18.65,0.177
2023-10-20 22:00:00+00:00,18.5,90.98499,0.0,18.5,0.177
2023-10-20 23:00:00+00:00,18.3,91.55057,0.0,18.3,0.177
2023-10-21 00:00:00+00:00,18.35,94.79398,0.0,18.4,0.177
2023-10-21 01:00:00+00:00,18.2,95.08798,0.0,18.3,0.177
2023-10-21 02:00:00+00:00,18.1,95.08431,0.0,18.2,0.177
2023-10-21 03:00:00+00:00,18.05,94.78233,0.0,18.05,0.177
2023-10-21 04:00:00+00:00,17.95,95.38002,0.0,17.95,0.177
2023-10-21 05:00:00+00:00,18.05,95.68534,0.0,17.95,0.177
2023-10-21 06:00:00+00:00,19.45,89.34374,0.0,18.3,0.177
2023-10-21 07:00:00+00:00,21.4,79.46406,0.0,19.25,0.177
2023-10-21 08:00:00+00:00,23.15,70.76425,0.0,20.55,0.176
2023-10-21 09:00:00+00:00,24.6,63.840355,0.0,22.0,0.176
2023-10-21 10:00:00+00:00,25.55,59.380188,0.0,23.3,0.175
2023-10-21 11:00:00+00:00,26.15,55.340885,0.0,24.35,0.174
2023-10-21 12:00:00+00:00,26.4,56.288033,0.0,24.8,0.174
2023-10-21 13:00:00+00:00,25.8,57.040516,0.0,25.05,0.173
2023-10-21 14:00:00+00:00,24.45,61.42536,0.0,24.65,0.173
2023-10-21 15:00:00+00:00,22.65,67.38401,0.0,23.8,0.173
2023-10-21 16:00:00+00:00,21.05,74.53512,0.0,22.7,0.172
2023-10-21 17:00:00+00:00,20.15,79.7949,0.0,21.75,0.172
2023-10-21 18:00:00+00:00,19.4,84.66275,0.0,21.0,0.172
2023-10-21 19:00:00+00:00,18.8,88.72948,0.0,20.35,0.172
2023-10-21 20:00:00+00:00,18.45,90.12043,0.0,19.8,0.172
2023-10-21 21:00:00+00:00,18.3,90.10965,0.0,19.4,0.172
2023-10-21 22:00:00+00:00,18.25,90.10604,0.0,19.05,0.172
2023-10-21 23:00:00+00:00,18.1,91.24793,0.0,18.8,0.172
2023-10-22 00:00:00+00:00,18.0,91.82313,0.0,18.6,0.174
2023-10-22 01:00:00+00:00,17.75,93.279,0.0,18.4,0.174
2023-10-22 02:00:00+00:00,17.65,94.16715,0.0,18.3,0.174
2023-10-22 03:00:00+00:00,17.6,94.46444,0.0,18.2,0.174
2023-10-22 04:00:00+00:00,17.45,93.85946,0.0,18.05,0.174
2023-10-22 05:00:00+00:00,17.6,93.86631,0.0,18.0,0.174
2023-10-22 06:00:00+00:00,18.85,89.0151,0.0,18.4,0.173
2023-10-22 07:00:00+00:00,20.8,79.38033,0.0,19.4,0.173
2023-10-22 08:00:00+00:00,23.35,65.6245,0.0,20.95,0.173
2023-10-22 09:00:00+00:00,25.4,51.72446,0.0,22.55,0.172
2023-10-22 10:00:00+00:00,26.45,46.75831,0.0,23.95,0.172
2023-10-22 11:00:00+00:00,26.95,41.855022,0.0,25.05,0.171
2023-10-22 12:00:00+00:00,27.0,41.86889,0.0,25.35,0.17
2023-10-22 13:00:00+00:00,26.55,44.129467,0.0,25.65,0.17
2023-10-22 14:00:00+00:00,24.95,52.617634,0.0,25.25,0.169
2023-10-22 15:00:00+00:00,23.0,61.290676,0.0,24.35,0.169
2023-10-22 16:00:00+00:00,21.4,69.31855,0.0,23.25,0.169
2023-10-22 17:00:00+00:00,20.45,76.11718,0.0,22.3,0.169
2023-10-22 18:00:00+00:00,19.6,82.03808,0.0,21.5,0.169
2023-10-22 19:00:00+00:00,18.85,86.7845,0.0,20.8,0.169
2023-10-22 20:00:00+00:00,18.35,90.97508,0.0,20.2,0.169
2023-10-22 21:00:00+00:00,18.3,91.84119,0.0,19.75,0.169
2023-10-22 22:00:00+00:00,18.2,92.12676,0.0,19.4,0.169
2023-10-22 23:00:00+00:00,18.15,91.83216,0.0,19.15,0.169
2023-10-23 00:00:00+00:00,18.45,91.85015,0.0,18.25,0.17
2023-10-23 01:00:00+00:00,18.15,92.70978,0.0,18.3,0.17
2023-10-23 02:00:00+00:00,17.85,93.877716,0.0,18.3,0.17
2023-10-23 03:00:00+00:00,17.75,94.7706,0.0,18.2,0.17
2023-10-23 04:00:00+00:00,17.75,94.7706,0.0,18.15,0.17
2023-10-23 05:00:00+00:00,17.85,95.376564,0.0,18.15,0.17
2023-10-23 06:00:00+00:00,19.25,91.034225,0.0,18.6,0.17
2023-10-23 07:00:00+00:00,21.0,82.72991,0.0,19.6,0.17
2023-10-23 08:00:00+00:00,22.95,74.38205,0.0,21.1,0.169
2023-10-23 09:00:00+00:00,24.4,67.94924,0.0,22.65,0.169
2023-10-23 10:00:00+00:00,25.7,60.743458,0.0,24.1,0.168
2023-10-23 11:00:00+00:00,26.6,55.45221,0.0,25.3,0.168
2023-10-23 12:00:00+00:00,27.05,50.999756,0.0,25.95,0.165
2023-10-23 13:00:00+00:00,26.95,50.005375,0.0,26.1,0.164
2023-10-23 14:00:00+00:00,26.35,50.008205,0.0,25.8,0.164
2023-10-23 15:00:00+00:00,24.25,58.136234,0.0,24.95,0.164
2023-10-23 16:00:00+00:00,21.85,69.62764,0.0,23.7,0.164
2023-10-23 17:00:00+00:00,20.3,80.57892,0.0,22.65,0.163
2023-10-23 18:00:00+00:00,19.2,89.89016,0.0,21.7,0.163
2023-10-23 19:00:00+00:00,18.5,94.799805,0.0,20.95,0.163
2023-10-23 20:00:00+00:00,18.1,96.2929,0.0,20.35,0.163
2023-10-23 21:00:00+00:00,17.75,96.89406,0.0,19.85,0.163
2023-10-23 22:00:00+00:00,17.55,97.81351,0.0,19.45,0.163
2023-10-23 23:00:00+00:00,17.4,99.68469,0.0,19.2,0.163
2023-10-24 00:00:00+00:00,17.05,99.68385,0.0,18.2,0.163
2023-10-24 01:00:00+00:00,16.45,99.68235,0.0,18.2,0.163
2023-10-24 02:00:00+00:00,16.0,100.0,0.0,18.1,0.163
2023-10-24 03:00:00+00:00,15.9,99.99999,0.0,18.0,0.163
2023-10-24 04:00:00+00:00,15.95,99.363174,0.0,18.0,0.163
2023-10-24 05:00:00+00:00,16.0,100.0,0.0,17.95,0.163
2023-10-24 06:00:00+00:00,16.5,98.735245,0.0,18.05,0.163
2023-10-24 07:00:00+00:00,17.45,95.36267,0.0,18.75,0.163
2023-10-24 08:00:00+00:00,19.45,82.54323,0.0,19.85,0.163
2023-10-24 09:00:00+00:00,21.4,72.72012,0.0,21.55,0.163
2023-10-24 10:00:00+00:00,22.85,66.78406,0.0,23.2,0.162
2023-10-24 11:00:00+00:00,24.1,60.56808,0.0,24.6,0.162
2023-10-24 12:00:00+00:00,24.85,56.44696,0.0,25.55,0.161
2023-10-24 13:00:00+00:00,24.25,52.778385,0.0,25.15,0.162
2023-10-24 14:00:00+00:00,23.95,52.35958,0.0,24.9,0.162
2023-10-24 15:00:00+00:00,21.95,63.258923,0.0,23.9,0.162
2023-10-24 16:00:00+00:00,20.1,68.84139,0.0,22.6,0.162
2023-10-24 17:00:00+00:00,19.7,75.51129,0.0,21.65,0.162
2023-10-24 18:00:00+00:00,18.7,84.31738,0.0,20.85,0.162
2023-10-24 19:00:00+00:00,17.65,93.57091,0.0,20.15,0.162
2023-10-24 20:00:00+00:00,17.05,95.04552,0.0,19.55,0.162
2023-10-24 21:00:00+00:00,16.85,94.13216,0.0,19.05,0.162
2023-10-24 22:00:00+00:00,16.55,93.81807,0.0,18.6,0.162
2023-10-24 23:00:00+00:00,16.4,94.11239,0.0,18.2,0.162
2023-10-25 00:00:00+00:00,16.35,95.01934,0.0,17.95,0.162
2023-10-25 01:00:00+00:00,16.1,98.10238,0.0,17.1,0.16
2023-10-25 02:00:00+00:00,16.1,99.68148,0.0,17.25,0.16
2023-10-25 03:00:00+00:00,16.35,99.04902,0.0,17.35,0.16
2023-10-25 04:00:00+00:00,17.05,99.68385,0.0,17.6,0.16
2023-10-25 05:00:00+00:00,17.55,96.88934,0.0,17.85,0.16
2023-10-25 06:00:00+00:00,18.4,90.116875,0.0,18.2,0.16
2023-10-25 07:00:00+00:00,19.3,83.84878,0.0,18.75,0.16
2023-10-25 08:00:00+00:00,21.1,71.74439,0.0,19.7,0.16
2023-10-25 09:00:00+00:00,21.95,67.67348,0.0,20.6,0.16
2023-10-25 10:00:00+00:00,23.4,60.99005,0.0,21.85,0.159
2023-10-25 11:00:00+00:00,23.7,62.042145,0.0,22.9,0.159
2023-10-25 12:00:00+00:00,23.35,64.79485,0.0,23.3,0.159
2023-10-25 13:00:00+00:00,23.0,69.18791,0.0,23.0,0.161
2023-10-25 14:00:00+00:00,22.7,72.03388,0.0,22.9,0.16
2023-10-25 15:00:00+00:00,21.75,78.02606,0.0,22.45,0.16
2023-10-25 16:00:00+00:00,20.6,87.22102,0.0,21.8,0.16
2023-10-25 17:00:00+00:00,20.2,89.68179,0.0,21.3,0.16
2023-10-25 18:00:00+00:00,19.85,89.93763,0.0,20.8,0.16
2023-10-25 19:00:00+00:00,20.05,86.079765,0.0,20.55,0.16
2023-10-25 20:00:00+00:00,20.1,83.67409,0.0,20.35,0.16
2023-10-25 21:00:00+00:00,20.05,84.465515,0.0,20.2,0.16
2023-10-25 22:00:00+00:00,19.85,86.87835,1.5,19.8,0.177
2023-10-25 23:00:00+00:00,19.8,86.32722,0.1,19.5,0.178
2023-10-26 00:00:00+00:00,19.7,83.89394,0.0,19.25,0.178
2023-10-26 01:00:00+00:00,19.8,88.25321,0.0,20.5,0.158
2023-10-26 02:00:00+00:00,19.4,91.330826,0.0,20.15,0.158
2023-10-26 03:00:00+00:00,19.45,90.19198,0.0,19.95,0.158
2023-10-26 04:00:00+00:00,19.3,90.75133,0.0,19.75,0.158
2023-10-26 05:00:00+00:00,19.3,90.75133,0.0,19.65,0.158
2023-10-26 06:00:00+00:00,20.55,82.15574,0.0,19.85,0.158
2023-10-26 07:00:00+00:00,22.2,71.26257,0.0,20.6,0.158
2023-10-26 08:00:00+00:00,24.1,58.100216,0.0,21.65,0.158
2023-10-26 09:00:00+00:00,25.05,52.47387,0.0,22.7,0.158
2023-10-26 10:00:00+00:00,24.55,56.554462,0.0,23.5,0.157
2023-10-26 11:00:00+00:00,23.0,68.53348,0.3,23.35,0.159
2023-10-26 12:00:00+00:00,22.5,70.86735,0.0,23.15,0.159
2023-10-26 13:00:00+00:00,22.7,69.12973,0.0,23.85,0.158
2023-10-26 14:00:00+00:00,22.35,70.61505,0.0,23.65,0.158
2023-10-26 15:00:00+00:00,19.4,83.328705,0.0,22.8,0.158
2023-10-26 16:00:00+00:00,20.0,82.3484,0.0,22.0,0.158
2023-10-26 17:00:00+00:00,19.1,85.44126,0.0,21.35,0.158
2023-10-26 18:00:00+00:00,19.4,86.83625,0.0,20.85,0.158
2023-10-26 19:00:00+00:00,19.0,90.445076,0.0,20.45,0.158
2023-10-26 20:00:00+00:00,18.7,93.0323,0.0,20.05,0.158
2023-10-26 21:00:00+00:00,18.65,92.73664,0.0,19.75,0.158
2023-10-26 22:00:00+00:00,18.75,91.86807,0.0,19.6,0.158
2023-10-26 23:00:00+00:00,18.85,90.434654,0.0,19.5,0.158
2023-10-27 00:00:00+00:00,18.2,92.712456,0.0,19.35,0.158
2023-10-27 01:00:00+00:00,17.75,94.7706,0.0,19.4,0.155
2023-10-27 02:00:00+00:00,18.05,95.38349,0.0,19.2,0.155
2023-10-27 03:00:00+00:00,18.9,95.113625,0.0,19.2,0.155
2023-10-27 04:00:00+00:00,19.15,96.32201,0.0,19.25,0.155
2023-10-27 05:00:00+00:00,19.75,93.67011,0.0,19.45,0.155
2023-10-27 06:00:00+00:00,20.3,91.67327,0.0,19.8,0.155
2023-10-27 07:00:00+00:00,21.0,86.17292,0.1,20.25,0.156
2023-10-27 08:00:00+00:00,23.0,71.86091,0.1,21.25,0.157
2023-10-27 09:00:00+00:00,24.15,66.83854,0.1,22.35,0.157
2023-10-27 10:00:00+00:00,25.1,60.798122,0.0,23.45,0.157
2023-10-27 11:00:00+00:00,25.45,58.794872,0.0,24.4,0.156
2023-10-27 12:00:00+00:00,25.35,58.958065,0.0,25.0,0.156
2023-10-27 13:00:00+00:00,24.45,63.204693,0.0,24.95,0.158
2023-10-27 14:00:00+00:00,23.35,70.13525,0.0,24.6,0.157
2023-10-27 15:00:00+00:00,22.1,77.832664,0.0,23.8,0.157
2023-10-27 16:00:00+00:00,21.05,83.519264,0.0,22.95,0.157
2023-10-27 17:00:00+00:00,20.4,88.85855,0.0,22.2,0.157
2023-10-27 18:00:00+00:00,20.2,90.81162,0.0,21.65,0.157
2023-10-27 19:00:00+00:00,20.15,91.092804,0.0,21.25,0.157
2023-10-27 20:00:00+00:00,20.2,89.96308,0.0,20.95,0.157
2023-10-27 21:00:00+00:00,20.2,89.68179,0.0,20.75,0.157
2023-10-27 22:00:00+00:00,20.25,88.014435,0.0,20.6,0.157
2023-10-27 23:00:00+00:00,20.3,86.37562,0.0,20.45,0.157
2023-10-28 00:00:00+00:00,20.3,85.833916,0.0,20.35,0.157
2023-10-28 01:00:00+00:00,20.55,87.21653,0.0,20.9,0.155
2023-10-28 02:00:00+00:00,20.2,89.40124,0.0,20.7,0.155
2023-10-28 03:00:00+00:00,19.85,91.3592,0.0,20.45,0.155
2023-10-28 04:00:00+00:00,19.6,93.07841,0.0,20.2,0.155
2023-10-28 05:00:00+00:00,19.55,93.95443,0.0,20.0,0.155
2023-10-28 06:00:00+00:00,20.95,86.43811,0.0,20.3,0.155
2023-10-28 07:00:00+00:00,22.8,77.20845,0.0,21.25,0.155
2023-10-28 08:00:00+00:00,24.5,66.90987,0.0,22.5,0.155
2023-10-28 09:00:00+00:00,25.75,58.865746,0.0,23.85,0.155
2023-10-28 10:00:00+00:00,26.4,55.052116,0.0,25.05,0.154
2023-10-28 11:00:00+00:00,26.55,54.049572,0.0,25.95,0.154
2023-10-28 12:00:00+00:00,26.25,55.365646,0.0,26.45,0.153
2023-10-28 13:00:00+00:00,25.9,55.455227,0.0,26.6,0.153
2023-10-28 14:00:00+00:00,25.0,57.02792,0.0,26.1,0.153
2023-10-28 15:00:00+00:00,23.5,62.594124,0.0,25.2,0.153
2023-10-28 16:00:00+00:00,22.05,71.23498,0.0,24.1,0.152
2023-10-28 17:00:00+00:00,21.05,76.69755,0.0,23.2,0.152
2023-10-28 18:00:00+00:00,20.3,80.83478,0.0,22.4,0.152
2023-10-28 19:00:00+00:00,19.85,83.117134,0.0,21.75,0.152
2023-10-28 20:00:00+00:00,19.65,85.227684,0.0,21.25,0.152
2023-10-28 21:00:00+00:00,19.4,88.77813,0.0,20.8,0.152
2023-10-28 22:00:00+00:00,19.05,92.75802,0.0,20.45,0.152
2023-10-28 23:00:00+00:00,19.0,93.92978,0.0,20.2,0.152
2023-10-29 00:00:00+00:00,18.85,94.81336,0.0,19.95,0.152
2023-10-29 01:00:00+00:00,18.55,96.00303,0.0,19.8,0.152
2023-10-29 02:00:00+00:00,18.4,96.30126,0.0,19.6,0.152
2023-10-29 03:00:00+00:00,17.6,98.123955,0.0,19.35,0.152
2023-10-29 04:00:00+00:00,16.85,100.0,0.0,19.05,0.152
2023-10-29 05:00:00+00:00,16.6,99.366356,0.0,18.75,0.152
2023-10-29 06:00:00+00:00,17.9,92.69631,0.0,19.1,0.153
2023-10-29 07:00:00+00:00,19.15,88.4777,0.1,19.75,0.153
2023-10-29 08:00:00+00:00,21.0,79.40827,0.0,20.85,0.153
2023-10-29 09:00:00+00:00,22.4,72.43682,0.1,22.0,0.154
2023-10-29 10:00:00+00:00,23.35,67.31189,0.0,22.95,0.154
2023-10-29 11:00:00+00:00,24.2,63.551582,0.0,24.15,0.154
2023-10-29 12:00:00+00:00,24.3,62.77218,0.1,25.0,0.154
2023-10-29 13:00:00+00:00,25.2,57.441635,0.0,25.2,0.151
2023-10-29 14:00:00+00:00,25.05,57.222496,0.0,25.25,0.15
2023-10-29 15:00:00+00:00,22.35,67.10853,0.2,24.2,0.152
2023-10-29 16:00:00+00:00,18.6,85.11762,3.7,22.65,0.202
2023-10-29 17:00:00+00:00,17.8,86.96295,0.1,20.9,0.203
2023-10-29 18:00:00+00:00,17.9,85.31683,0.0,19.85,0.203
2023-10-29 19:00:00+00:00,17.55,81.51646,0.0,19.05,0.202
2023-10-29 20:00:00+00:00,16.9,83.03384,0.0,18.45,0.202
2023-10-29 21:00:00+00:00,15.75,89.053276,0.0,17.95,0.202
2023-10-29 22:00:00+00:00,14.85,91.332535,0.0,17.45,0.202
2023-10-29 23:00:00+00:00,14.75,92.52318,0.0,17.05,0.202
2023-10-30 00:00:00+00:00,14.35,92.80305,0.0,16.7,0.202
2023-10-30 01:00:00+00:00,14.4,92.80577,0.0,17.25,0.163
2023-10-30 02:00:00+00:00,13.9,93.38788,0.0,16.85,0.163
2023-10-30 03:00:00+00:00,13.6,93.0672,0.0,16.5,0.163
2023-10-30 04:00:00+00:00,13.35,92.74876,0.0,16.2,0.163
2023-10-30 05:00:00+00:00,13.1,91.52027,0.0,15.9,0.163
2023-10-30 06:00:00+00:00,15.95,74.64255,0.0,16.5,0.163
2023-10-30 07:00:00+00:00,18.75,62.333717,0.0,17.8,0.163
2023-10-30 08:00:00+00:00,20.4,68.015686,0.0,19.3,0.162
2023-10-30 09:00:00+00:00,22.4,63.76697,0.0,21.2,0.162
2023-10-30 10:00:00+00:00,23.75,59.335365,0.0,23.0,0.161
2023-10-30 11:00:00+00:00,24.75,55.16929,0.0,24.4,0.161
2023-10-30 12:00:00+00:00,25.35,51.213432,0.0,25.25,0.16
2023-10-30 13:00:00+00:00,25.35,48.94457,0.0,25.45,0.159
2023-10-30 14:00:00+00:00,25.05,47.60735,0.0,25.1,0.159
2023-10-30 15:00:00+00:00,22.35,54.56523,0.0,24.05,0.159
2023-10-30 16:00:00+00:00,21.15,59.489204,0.0,22.7,0.159
2023-10-30 17:00:00+00:00,19.85,69.01535,0.0,21.75,0.159
2023-10-30 18:00:00+00:00,18.7,76.08214,0.0,20.9,0.159
2023-10-30 19:00:00+00:00,17.75,82.600975,0.0,20.15,0.159
2023-10-30 20:00:00+00:00,16.9,88.85868,0.0,19.45,0.159
2023-10-30 21:00:00+00:00,15.5,94.37657,0.0,18.75,0.159
2023-10-30 22:00:00+00:00,15.0,96.51626,0.0,18.15,0.159
2023-10-30 23:00:00+00:00,14.6,97.763664,0.0,17.6,0.159
2023-10-31 00:00:00+00:00,14.25,98.71317,0.0,17.2,0.159
2023-10-31 01:00:00+00:00,15.05,99.35874,0.0,16.95,0.157
2023-10-31 02:00:00+00:00,15.5,99.68002,0.0,17.1,0.157
2023-10-31 03:00:00+00:00,15.8,97.784134,0.0,17.25,0.157
2023-10-31 04:00:00+00:00,16.15,94.40399,0.0,17.45,0.157
2023-10-31 05:00:00+00:00,16.35,92.31471,0.0,17.6,0.157
2023-10-31 06:00:00+00:00,17.0,88.01384,0.0,17.85,0.157
2023-10-31 07:00:00+00:00,17.85,83.414696,0.0,18.45,0.157
2023-10-31 08:00:00+00:00,18.8,78.5907,0.0,19.4,0.157
2023-10-31 09:00:00+00:00,20.45,70.483055,0.0,20.75,0.157
2023-10-31 10:00:00+00:00,21.65,65.05471,0.0,22.25,0.157
2023-10-31 11:00:00+00:00,23.05,58.222294,0.0,23.55,0.156
2023-10-31 12:00:00+00:00,23.9,51.837963,0.0,24.4,0.156
2023-10-31 13:00:00+00:00,24.15,52.75264,0.0,24.65,0.156
2023-10-31 14:00:00+00:00,23.55,53.287502,0.0,24.25,0.156
2023-10-31 15:00:00+00:00,21.35,63.125572,0.0,23.3,0.156
2023-10-31 16:00:00+00:00,19.4,76.4392,0.0,22.1,0.156
2023-10-31 17:00:00+00:00,18.15,86.71821,0.0,21.05,0.156
2023-10-31 18:00:00+00:00,17.3,92.07436,0.0,20.15,0.156
2023-10-31 19:00:00+00:00,16.9,94.435394,0.0,19.4,0.156
2023-10-31 20:00:00+00:00,16.85,95.64621,0.0,18.9,0.156
2023-10-31 21:00:00+00:00,17.0,95.651115,0.0,18.5,0.156
2023-10-31 22:00:00+00:00,17.05,95.04552,0.0,18.2,0.156
2023-10-31 23:00:00+00:00,17.25,94.14967,0.0,18.05,0.156
2023-11-01 00:00:00+00:00,17.65,93.8686,0.0,18.0,0.156
2023-11-01 01:00:00+00:00,18.0,93.29145,0.2,18.2,0.157
2023-11-01 02:00:00+00:00,18.35,93.01427,0.0,18.25,0.157
2023-11-01 03:00:00+00:00,18.2,94.489136,0.0,18.25,0.157
2023-11-01 04:00:00+00:00,18.35,94.49531,0.0,18.25,0.157
2023-11-01 05:00:00+00:00,18.6,93.321205,0.0,18.35,0.157
2023-11-01 06:00:00+00:00,19.55,89.35146,0.0,18.65,0.157
2023-11-01 07:00:00+00:00,20.3,85.833916,0.5,19.25,0.162
2023-11-01 08:00:00+00:00,21.05,84.57393,1.9,19.85,0.186
2023-11-01 09:00:00+00:00,22.55,76.447815,0.3,20.9,0.188
2023-11-01 10:00:00+00:00,22.2,72.172226,1.1,21.9,0.199
2023-11-01 11:00:00+00:00,23.7,64.86962,0.1,22.9,0.199
2023-11-01 12:00:00+00:00,21.75,69.83098,0.6,23.2,0.204
2023-11-01 13:00:00+00:00,22.1,65.78103,0.0,22.6,0.276
2023-11-01 14:00:00+00:00,22.05,71.688896,0.0,22.45,0.274
2023-11-01 15:00:00+00:00,20.45,82.143394,0.0,21.8,0.273
2023-11-01 16:00:00+00:00,18.65,92.15283,0.0,20.9,0.273
2023-11-01 17:00:00+00:00,17.05,95.95769,0.0,20.05,0.272
2023-11-01 18:00:00+00:00,17.35,95.35918,0.0,19.35,0.271
2023-11-01 19:00:00+00:00,16.8,96.2564,0.0,18.9,0.27
2023-11-01 20:00:00+00:00,16.6,96.55835,0.0,18.5,0.27
2023-11-01 21:00:00+00:00,16.5,96.247856,0.0,18.25,0.269
2023-11-01 22:00:00+00:00,16.35,93.8088,0.4,18.0,0.271
2023-11-01 23:00:00+00:00,16.75,90.86852,0.5,17.7,0.276
2023-11-02 00:00:00+00:00,16.45,90.848335,0.1,17.45,0.276
2023-11-02 01:00:00+00:00,17.3,88.03983,0.0,17.7,0.263
2023-11-02 02:00:00+00:00,16.25,95.0156,6.3,17.5,0.349
2023-11-02 03:00:00+00:00,16.1,95.009964,0.3,17.25,0.348
2023-11-02 04:00:00+00:00,16.0,93.79257,2.7,17.1,0.379
2023-11-02 05:00:00+00:00,15.95,91.9947,1.5,16.9,0.385
2023-11-02 06:00:00+00:00,16.15,93.1985,0.4,16.95,0.377
2023-11-02 07:00:00+00:00,16.35,93.50829,0.8,17.35,0.378
2023-11-02 08:00:00+00:00,17.0,86.60825,0.2,17.6,0.37
2023-11-02 09:00:00+00:00,18.6,77.055786,0.0,18.55,0.362
2023-11-02 10:00:00+00:00,19.75,72.19273,0.0,19.65,0.355
2023-11-02 11:00:00+00:00,20.1,71.331116,0.1,20.25,0.349
2023-11-02 12:00:00+00:00,19.9,71.98743,0.0,20.35,0.345
2023-11-02 13:00:00+00:00,19.35,81.485695,0.2,19.65,0.352
2023-11-02 14:00:00+00:00,16.8,89.71197,5.3,19.2,0.41
2023-11-02 15:00:00+00:00,16.5,91.73214,0.5,18.45,0.394
2023-11-02 16:00:00+00:00,15.85,95.92083,0.3,17.75,0.383
2023-11-02 17:00:00+00:00,15.0,97.45562,0.0,17.2,0.373
2023-11-02 18:00:00+00:00,15.45,96.839355,0.0,16.9,0.366
2023-11-02 19:00:00+00:00,16.1,96.54528,0.0,16.9,0.359
2023-11-02 20:00:00+00:00,15.6,98.41034,0.0,16.8,0.354
2023-11-02 21:00:00+00:00,14.45,100.0,0.0,16.35,0.35
2023-11-02 22:00:00+00:00,14.2,100.0,0.0,15.85,0.346
2023-11-02 23:00:00+00:00,13.95,100.0,0.0,15.55,0.342
2023-11-03 00:00:00+00:00,13.75,99.67566,0.0,15.4,0.339
2023-11-03 01:00:00+00:00,14.5,99.677536,0.0,15.3,0.336
2023-11-03 02:00:00+00:00,14.45,99.6774,0.0,15.45,0.333
2023-11-03 03:00:00+00:00,14.35,99.677155,0.0,15.45,0.331
2023-11-03 04:00:00+00:00,14.5,99.677536,0.0,15.55,0.329
2023-11-03 05:00:00+00:00,14.7,99.35701,0.0,15.6,0.326
2023-11-03 06:00:00+00:00,15.3,98.09074,0.0,15.85,0.324
2023-11-03 07:00:00+00:00,16.85,93.2339,0.0,16.65,0.322
2023-11-03 08:00:00+00:00,19.7,80.242775,0.0,18.0,0.32
2023-11-03 09:00:00+00:00,21.85,70.29693,0.0,19.2,0.318
2023-11-03 10:00:00+00:00,22.95,66.38079,0.0,20.1,0.315
2023-11-03 11:00:00+00:00,23.75,63.25139,0.0,21.0,0.312
2023-11-03 12:00:00+00:00,23.95,57.69226,0.0,21.6,0.31
2023-11-03 13:00:00+00:00,23.65,63.028214,0.0,21.3,0.31
2023-11-03 14:00:00+00:00,22.45,69.7428,0.0,21.15,0.308
2023-11-03 15:00:00+00:00,21.15,73.140915,0.0,20.65,0.307
2023-11-03 16:00:00+00:00,20.45,79.079865,0.0,20.1,0.305
2023-11-03 17:00:00+00:00,20.1,86.084694,0.0,19.7,0.304
2023-11-03 18:00:00+00:00,20.25,88.014435,0.0,19.5,0.303
2023-11-03 19:00:00+00:00,20.65,82.42767,0.0,19.4,0.302
2023-11-03 20:00:00+00:00,20.6,80.87415,0.0,19.4,0.301
2023-11-03 21:00:00+00:00,20.65,79.35933,0.0,19.35,0.299
2023-11-03 22:00:00+00:00,20.65,76.14895,0.0,19.35,0.298
2023-11-03 23:00:00+00:00,20.45,72.31891,0.0,19.25,0.297
2023-11-04 00:00:00+00:00,20.25,73.68878,0.0,19.15,0.296
2023-11-04 01:00:00+00:00,20.15,71.57056,0.0,19.9,0.294
2023-11-04 02:00:00+00:00,20.45,71.62559,0.0,19.6,0.293
2023-11-04 03:00:00+00:00,20.65,72.58698,0.0,19.45,0.293
2023-11-04 04:00:00+00:00,20.55,73.03571,0.0,19.25,0.292
2023-11-04 05:00:00+00:00,20.3,73.46152,0.0,19.1,0.291
2023-11-04 06:00:00+00:00,21.75,67.41669,0.0,19.35,0.29
2023-11-04 07:00:00+00:00,23.5,58.89637,0.0,20.1,0.289
2023-11-04 08:00:00+00:00,25.15,51.82664,0.0,21.15,0.287
2023-11-04 09:00:00+00:00,26.4,46.744823,0.0,22.15,0.285
2023-11-04 10:00:00+00:00,27.05,44.55479,0.0,23.1,0.283
2023-11-04 11:00:00+00:00,27.4,43.649597,0.0,23.8,0.28
2023-11-04 12:00:00+00:00,27.5,43.254257,0.0,24.2,0.278
2023-11-04 13:00:00+00:00,26.25,45.65457,0.0,23.8,0.277
2023-11-04 14:00:00+00:00,26.4,47.815365,0.0,23.7,0.275
2023-11-04 15:00:00+00:00,20.5,77.59362,3.5,22.35,0.319
2023-11-04 16:00:00+00:00,18.85,85.143936,0.1,21.2,0.318
2023-11-04 17:00:00+00:00,18.8,83.79203,0.0,20.4,0.317
2023-11-04 18:00:00+00:00,18.6,79.836,0.0,19.9,0.315
2023-11-04 19:00:00+00:00,18.45,70.56112,0.0,19.4,0.313
2023-11-04 20:00:00+00:00,17.3,73.65453,0.0,18.95,0.312
2023-11-04 21:00:00+00:00,16.05,79.21839,0.0,18.3,0.311
2023-11-04 22:00:00+00:00,16.0,81.31547,0.0,17.85,0.309
2023-11-04 23:00:00+00:00,16.15,80.277824,0.0,17.6,0.308
2023-11-05 00:00:00+00:00,15.8,80.49353,0.0,17.35,0.307
2023-11-05 01:00:00+00:00,15.3,77.55735,0.0,16.95,0.32
2023-11-05 02:00:00+00:00,14.45,80.84308,0.0,16.65,0.319
2023-11-05 03:00:00+00:00,13.6,85.139786,0.0,16.2,0.317
2023-11-05 04:00:00+00:00,13.65,84.58256,0.0,15.85,0.316
2023-11-05 05:00:00+00:00,13.65,83.19032,0.0,15.6,0.314
2023-11-05 06:00:00+00:00,15.4,75.29485,0.0,15.9,0.313
2023-11-05 07:00:00+00:00,17.75,69.73651,0.0,16.95,0.311
2023-11-05 08:00:00+00:00,20.0,59.803123,0.0,18.25,0.309
2023-11-05 09:00:00+00:00,21.6,50.558907,0.0,19.55,0.307
2023-11-05 10:00:00+00:00,22.25,44.25492,0.0,20.6,0.304
2023-11-05 11:00:00+00:00,22.75,40.4039,0.0,21.25,0.301
2023-11-05 12:00:00+00:00,22.1,49.202065,0.0,21.5,0.299
2023-11-05 13:00:00+00:00,21.9,53.036343,0.0,21.55,0.297
2023-11-05 14:00:00+00:00,21.2,54.093227,0.0,21.25,0.296
2023-11-05 15:00:00+00:00,20.15,54.363483,0.0,20.65,0.295
2023-11-05 16:00:00+00:00,19.9,54.844887,0.0,20.1,0.294
2023-11-05 17:00:00+00:00,19.35,59.84618,0.0,19.65,0.293
2023-11-05 18:00:00+00:00,19.3,63.495247,0.0,19.3,0.292
2023-11-05 19:00:00+00:00,19.5,74.03482,0.0,19.15,0.291
2023-11-05 20:00:00+00:00,19.9,71.29409,0.0,19.1,0.29
2023-11-05 21:00:00+00:00,19.85,72.2108,0.0,19.05,0.289
2023-11-05 22:00:00+00:00,19.85,73.14737,0.0,19.05,0.289
2023-11-05 23:00:00+00:00,19.9,71.75565,0.0,19.0,0.288
2023-11-06 00:00:00+00:00,19.75,72.425995,0.0,19.0,0.287
2023-11-06 01:00:00+00:00,20.0,71.773926,0.0,19.25,0.287
2023-11-06 02:00:00+00:00,19.85,73.14737,0.0,19.15,0.286
2023-11-06 03:00:00+00:00,19.6,75.49499,0.0,19.0,0.286
2023-11-06 04:00:00+00:00,19.1,79.14045,0.0,18.85,0.285
2023-11-06 05:00:00+00:00,18.35,84.54874,0.0,18.6,0.285
2023-11-06 06:00:00+00:00,19.45,81.758575,0.0,18.75,0.284
2023-11-06 07:00:00+00:00,21.2,76.478065,0.0,19.55,0.283
2023-11-06 08:00:00+00:00,22.8,70.47584,0.0,20.65,0.282
2023-11-06 09:00:00+00:00,23.95,65.12891,0.1,21.75,0.281
2023-11-06 10:00:00+00:00,24.55,60.671837,0.0,22.65,0.28
2023-11-06 11:00:00+00:00,24.9,57.921177,0.0,23.3,0.278
2023-11-06 12:00:00+00:00,24.7,57.873116,1.5,23.15,0.293
2023-11-06 13:00:00+00:00,24.45,58.93296,0.3,22.85,0.309
2023-11-06 14:00:00+00:00,23.3,64.99076,0.5,22.25,0.311
2023-11-06 15:00:00+00:00,20.55,79.59726,0.0,21.3,0.31
2023-11-06 16:00:00+00:00,19.5,85.21203,0.0,20.3,0.309
2023-11-06 17:00:00+00:00,18.2,89.24689,0.0,19.5,0.308
2023-11-06 18:00:00+00:00,17.35,91.783905,0.0,18.8,0.307
2023-11-06 19:00:00+00:00,17.15,92.65562,0.0,18.35,0.306
2023-11-06 20:00:00+00:00,16.95,92.941414,0.0,17.95,0.305
2023-11-06 21:00:00+00:00,16.55,93.21877,0.0,17.65,0.304
2023-11-06 22:00:00+00:00,15.5,94.98733,0.0,17.3,0.303
2023-11-06 23:00:00+00:00,16.2,92.9019,0.0,16.85,0.302
2023-11-07 00:00:00+00:00,17.35,91.1996,0.0,16.4,0.301
2023-11-07 01:00:00+00:00,16.55,94.42076,0.0,15.65,0.298
2023-11-07 02:00:00+00:00,16.05,96.853775,0.0,15.45,0.297
2023-11-07 03:00:00+00:00,15.6,99.04352,0.0,15.25,0.297
2023-11-07 04:00:00+00:00,14.8,99.67829,0.0,15.3,0.296
2023-11-07 05:00:00+00:00,14.5,99.35597,0.0,15.4,0.295
2023-11-07 06:00:00+00:00,15.35,98.72404,0.0,15.9,0.295
2023-11-07 07:00:00+00:00,16.5,96.555756,0.0,16.85,0.294
2023-11-07 08:00:00+00:00,18.45,88.41942,0.0,18.1,0.293
2023-11-07 09:00:00+00:00,20.3,80.83478,0.0,19.45,0.292
2023-11-07 10:00:00+00:00,21.6,75.101364,0.0,20.75,0.291
2023-11-07 11:00:00+00:00,22.3,72.419044,0.0,21.8,0.289
2023-11-07 12:00:00+00:00,22.65,69.560104,0.0,22.25,0.288
2023-11-07 13:00:00+00:00,23.0,61.68564,0.0,22.6,0.286
2023-11-07 14:00:00+00:00,22.45,62.96352,0.0,22.2,0.285
2023-11-07 15:00:00+00:00,19.0,78.11621,0.0,21.1,0.285
2023-11-07 16:00:00+00:00,18.1,82.64353,0.0,19.95,0.284
2023-11-07 17:00:00+00:00,17.25,87.47182,0.0,19.1,0.284
2023-11-07 18:00:00+00:00,16.65,90.2796,0.0,18.45,0.283
2023-11-07 19:00:00+00:00,16.2,92.30615,0.0,17.95,0.283
2023-11-07 20:00:00+00:00,15.95,92.58983,0.0,17.6,0.282
2023-11-07 21:00:00+00:00,15.65,92.27462,0.0,17.25,0.282
2023-11-07 22:00:00+00:00,15.55,91.67375,0.0,16.95,0.281
2023-11-07 23:00:00+00:00,15.45,91.667564,0.0,16.75,0.281
2023-11-08 00:00:00+00:00,15.3,91.65828,0.0,16.55,0.281
2023-11-08 01:00:00+00:00,15.35,95.28869,0.0,16.2,0.279
2023-11-08 02:00:00+00:00,15.35,97.462425,0.0,16.2,0.279
2023-11-08 03:00:00+00:00,15.65,99.04391,0.0,16.35,0.278
2023-11-08 04:00:00+00:00,15.9,99.99999,0.0,16.5,0.278
2023-11-08 05:00:00+00:00,16.2,99.68175,0.0,16.65,0.278
2023-11-08 06:00:00+00:00,17.15,96.57267,0.0,16.95,0.277
2023-11-08 07:00:00+00:00,18.6,88.15149,0.0,17.6,0.277
2023-11-08 08:00:00+00:00,20.5,74.681114,0.0,18.55,0.276
2023-11-08 09:00:00+00:00,21.75,67.8501,0.0,19.7,0.275
2023-11-08 10:00:00+00:00,22.35,63.756004,0.0,20.7,0.274
2023-11-08 11:00:00+00:00,22.5,62.77253,0.0,21.4,0.272
2023-11-08 12:00:00+00:00,22.3,63.540462,0.0,21.8,0.271
2023-11-08 13:00:00+00:00,22.45,66.701775,0.0,21.85,0.271
2023-11-08 14:00:00+00:00,21.35,71.56117,0.0,21.5,0.27
2023-11-08 15:00:00+00:00,19.7,81.7901,0.0,20.8,0.27
2023-11-08 16:00:00+00:00,18.7,87.88051,0.0,20.05,0.27
2023-11-08 17:00:00+00:00,18.4,88.97929,0.0,19.5,0.269
2023-11-08 18:00:00+00:00,18.15,90.38571,0.0,19.15,0.269
2023-11-08 19:00:00+00:00,17.85,92.693565,0.0,18.8,0.269
2023-11-08 20:00:00+00:00,15.45,77.58039,0.5,18.2,0.272
2023-11-08 21:00:00+00:00,14.45,77.94336,0.3,17.15,0.275
2023-11-08 22:00:00+00:00,13.8,77.58424,2.2,16.2,0.303
2023-11-08 23:00:00+00:00,13.4,80.43201,0.4,15.5,0.307
2023-11-09 00:00:00+00:00,13.3,79.88182,0.0,15.2,0.306
2023-11-09 01:00:00+00:00,13.9,81.308136,0.0,15.2,0.296
2023-11-09 02:00:00+00:00,13.85,82.11648,0.0,15.15,0.296
2023-11-09 03:00:00+00:00,13.35,81.77966,0.0,14.9,0.295
2023-11-09 04:00:00+00:00,12.75,66.65191,0.0,14.55,0.294
2023-11-09 05:00:00+00:00,11.45,63.658726,0.0,14.15,0.294
2023-11-09 06:00:00+00:00,11.35,64.75476,0.0,14.05,0.293
2023-11-09 07:00:00+00:00,12.45,59.392475,0.0,14.6,0.292
2023-11-09 08:00:00+00:00,13.8,54.382458,0.0,15.55,0.291
2023-11-09 09:00:00+00:00,15.15,49.32179,0.0,16.65,0.289
2023-11-09 10:00:00+00:00,16.3,45.187283,0.0,17.7,0.287
2023-11-09 11:00:00+00:00,17.0,43.071175,0.0,18.55,0.286
2023-11-09 12:00:00+00:00,17.35,41.980785,0.0,19.05,0.284
2023-11-09 13:00:00+00:00,17.35,47.41246,0.0,19.4,0.283
2023-11-09 14:00:00+00:00,16.65,49.051273,0.0,18.85,0.282
2023-11-09 15:00:00+00:00,13.15,64.26586,0.0,17.65,0.281
2023-11-09 16:00:00+00:00,12.6,63.7003,0.0,16.35,0.281
2023-11-09 17:00:00+00:00,12.6,66.39109,0.0,15.65,0.28
2023-11-09 18:00:00+00:00,11.7,72.650696,0.0,15.05,0.28
2023-11-09 19:00:00+00:00,11.1,76.11263,0.0,14.5,0.279
2023-11-09 20:00:00+00:00,10.45,80.294525,0.0,14.0,0.279
2023-11-09 21:00:00+00:00,9.6,85.28301,0.0,13.45,0.279
2023-11-09 22:00:00+00:00,8.8,89.38878,0.0,12.95,0.278
2023-11-09 23:00:00+00:00,8.2,91.51385,0.0,12.5,0.278
2023-11-10 00:00:00+00:00,7.2,94.00826,0.0,12.0,0.277
2023-11-10 01:00:00+00:00,6.95,94.32159,0.0,11.0,0.277
2023-11-10 02:00:00+00:00,6.5,94.956795,0.0,10.75,0.276
2023-11-10 03:00:00+00:00,6.1,96.267426,0.0,10.45,0.276
2023-11-10 04:00:00+00:00,6.55,96.28063,0.0,10.3,0.276
2023-11-10 05:00:00+00:00,7.4,94.9921,0.0,10.45,0.276
2023-11-10 06:00:00+00:00,8.9,88.181564,0.0,10.95,0.275
2023-11-10 07:00:00+00:00,11.2,77.971924,0.0,11.95,0.275
2023-11-10 08:00:00+00:00,13.55,69.60855,0.0,13.35,0.274
2023-11-10 09:00:00+00:00,15.65,64.60378,0.0,14.9,0.273
2023-11-10 10:00:00+00:00,17.4,57.996296,0.0,16.3,0.272
2023-11-10 11:00:00+00:00,18.4,51.767525,0.0,17.35,0.271
2023-11-10 12:00:00+00:00,18.65,51.13658,0.0,17.95,0.27
2023-11-10 13:00:00+00:00,17.7,58.65855,0.0,17.9,0.271
2023-11-10 14:00:00+00:00,16.95,61.91975,0.0,17.55,0.27
2023-11-10 15:00:00+00:00,13.4,79.89592,0.0,16.55,0.27
2023-11-10 16:00:00+00:00,12.45,83.88487,0.0,15.4,0.269
2023-11-10 17:00:00+00:00,14.35,74.11968,0.0,15.1,0.269
2023-11-10 18:00:00+00:00,13.6,80.998055,0.0,14.7,0.269
2023-11-10 19:00:00+00:00,12.45,90.27251,0.0,14.25,0.269
2023-11-10 20:00:00+00:00,13.15,88.54856,0.0,14.1,0.268
2023-11-10 21:00:00+00:00,13.6,87.42413,0.0,14.0,0.269
2023-11-10 22:00:00+00:00,14.5,82.74361,0.0,14.1,0.269
2023-11-10 23:00:00+00:00,14.4,88.65334,0.1,14.15,0.269
2023-11-11 00:00:00+00:00,14.45,92.506386,0.2,14.25,0.27
2023-11-11 01:00:00+00:00,14.6,94.64526,0.0,13.9,0.269
2023-11-11 02:00:00+00:00,14.8,94.346825,0.0,14.1,0.269
2023-11-11 03:00:00+00:00,15.0,94.66141,0.0,14.3,0.269
2023-11-11 04:00:00+00:00,15.1,94.66545,0.0,14.45,0.269
2023-11-11 05:00:00+00:00,14.85,94.34894,0.0,14.5,0.269
2023-11-11 06:00:00+00:00,15.05,91.64277,0.0,14.7,0.269
2023-11-11 07:00:00+00:00,16.75,87.9921,0.1,15.15,0.269
2023-11-11 08:00:00+00:00,18.5,77.28963,0.1,16.2,0.269
2023-11-11 09:00:00+00:00,17.95,87.2555,4.3,16.6,0.325
2023-11-11 10:00:00+00:00,16.25,88.233444,0.2,16.75,0.325
2023-11-11 11:00:00+00:00,17.25,92.66103,9.4,16.95,0.43
2023-11-11 12:00:00+00:00,16.9,84.66275,9.3,16.55,0.412
2023-11-11 13:00:00+00:00,18.4,77.524445,0.0,17.1,0.395
2023-11-11 14:00:00+00:00,18.0,77.71494,0.0,17.2,0.389
2023-11-11 15:00:00+00:00,17.05,76.313484,0.1,16.85,0.384
2023-11-11 16:00:00+00:00,16.9,77.80148,0.0,16.5,0.379
2023-11-11 17:00:00+00:00,16.85,79.07438,0.0,16.35,0.376
2023-11-11 18:00:00+00:00,17.0,72.16331,0.0,16.2,0.372
2023-11-11 19:00:00+00:00,17.05,61.942917,0.0,16.15,0.37
2023-11-11 20:00:00+00:00,16.7,51.666584,0.0,16.1,0.367
2023-11-11 21:00:00+00:00,15.85,52.51509,0.0,15.85,0.364
2023-11-11 22:00:00+00:00,14.55,53.826595,0.0,15.45,0.362
2023-11-11 23:00:00+00:00,11.65,61.952007,0.0,14.55,0.36
2023-11-12 00:00:00+00:00,11.65,58.163963,0.0,13.85,0.359
2023-11-12 01:00:00+00:00,11.6,49.561626,0.0,14.15,0.355
2023-11-12 02:00:00+00:00,11.7,51.946632,0.0,13.6,0.353
2023-11-12 03:00:00+00:00,10.4,62.530724,0.0,13.0,0.352
2023-11-12 04:00:00+00:00,12.15,56.278496,0.0,12.5,0.351
2023-11-12 05:00:00+00:00,9.95,65.58292,0.0,12.15,0.35
2023-11-12 06:00:00+00:00,11.65,59.19507,0.0,12.45,0.349
2023-11-12 07:00:00+00:00,13.7,57.66807,0.0,13.2,0.347
2023-11-12 08:00:00+00:00,14.9,49.080696,0.0,14.35,0.346
2023-11-12 09:00:00+00:00,16.35,44.261852,0.0,15.7,0.344
2023-11-12 10:00:00+00:00,17.55,41.599445,0.0,16.95,0.341
2023-11-12 11:00:00+00:00,18.6,39.630478,0.0,17.95,0.339
2023-11-12 12:00:00+00:00,19.15,38.159,0.0,18.45,0.337
2023-11-12 13:00:00+00:00,19.15,45.208508,0.0,18.5,0.336
2023-11-12 14:00:00+00:00,18.1,51.51224,0.0,18.0,0.335
2023-11-12 15:00:00+00:00,15.7,62.46923,0.0,17.1,0.335
2023-11-12 16:00:00+00:00,15.05,67.82134,0.0,16.3,0.334
2023-11-12 17:00:00+00:00,15.5,70.46208,0.0,15.95,0.333
2023-11-12 18:00:00+00:00,15.4,72.83321,0.0,15.7,0.333
2023-11-12 19:00:00+00:00,13.6,84.01747,0.0,15.25,0.332
2023-11-12 20:00:00+00:00,13.5,86.551476,0.0,14.85,0.332
2023-11-12 21:00:00+00:00,13.35,90.03997,0.0,14.6,0.331
2023-11-12 22:00:00+00:00,14.0,89.20456,0.1,14.6,0.332
2023-11-12 23:00:00+00:00,14.3,91.59596,0.7,14.6,0.338
2023-11-13 00:00:00+00:00,14.25,92.79766,0.9,14.55,0.349
2023-11-13 01:00:00+00:00,14.55,92.51199,0.5,14.45,0.36
2023-11-13 02:00:00+00:00,14.35,92.500755,1.6,14.45,0.38
2023-11-13 03:00:00+00:00,13.2,96.78446,1.6,14.35,0.397
2023-11-13 04:00:00+00:00,11.8,92.3555,2.5,13.9,0.418
2023-11-13 05:00:00+00:00,11.05,94.49855,1.0,13.4,0.412
2023-11-13 06:00:00+00:00,12.05,95.16884,0.6,13.3,0.407
2023-11-13 07:00:00+00:00,12.7,95.82176,0.7,13.5,0.407
2023-11-13 08:00:00+00:00,12.9,95.51369,1.5,13.65,0.415
2023-11-13 09:00:00+00:00,12.0,92.67453,3.2,13.55,0.427
2023-11-13 10:00:00+00:00,11.75,91.12949,2.4,13.3,0.423
2023-11-13 11:00:00+00:00,11.85,88.14269,0.6,13.25,0.414
2023-11-13 12:00:00+00:00,13.1,79.58625,0.0,13.95,0.406
2023-11-13 13:00:00+00:00,12.25,86.717735,0.0,13.45,0.419
2023-11-13 14:00:00+00:00,12.6,81.40868,0.0,13.65,0.415
2023-11-13 15:00:00+00:00,11.65,80.73442,0.0,13.25,0.412
2023-11-13 16:00:00+00:00,9.95,85.61207,0.0,12.6,0.41
2023-11-13 17:00:00+00:00,8.55,87.54699,0.0,11.95,0.408
2023-11-13 18:00:00+00:00,8.05,87.19893,0.0,11.4,0.406
2023-11-13 19:00:00+00:00,10.35,72.65197,0.0,10.9,0.404
2023-11-13 20:00:00+00:00,10.0,74.11363,0.0,10.5,0.402
2023-11-13 21:00:00+00:00,9.7,75.61793,0.0,10.1,0.401
2023-11-13 22:00:00+00:00,9.1,76.30879,0.0,9.8,0.399
2023-11-13 23:00:00+00:00,9.05,74.20322,0.0,9.55,0.398
2023-11-14 00:00:00+00:00,6.35,87.64608,0.0,9.3,0.396
2023-11-14 01:00:00+00:00,6.15,92.01846,0.0,8.95,0.394
2023-11-14 02:00:00+00:00,6.5,90.76924,0.0,8.95,0.393
2023-11-14 03:00:00+00:00,6.7,86.765656,0.0,8.95,0.392
2023-11-14 04:00:00+00:00,7.25,78.17375,0.0,8.95,0.391
2023-11-14 05:00:00+00:00,8.0,74.01623,0.0,9.05,0.39
2023-11-14 06:00:00+00:00,9.75,72.28864,0.0,9.5,0.389
2023-11-14 07:00:00+00:00,12.6,68.00667,0.0,10.65,0.387
2023-11-14 08:00:00+00:00,14.7,65.49491,0.0,12.1,0.386
2023-11-14 09:00:00+00:00,16.2,64.50814,0.0,13.5,0.384
2023-11-14 10:00:00+00:00,16.95,65.10651,0.0,14.7,0.382
2023-11-14 11:00:00+00:00,17.75,62.31186,0.0,15.55,0.38
2023-11-14 12:00:00+00:00,17.7,61.679916,0.0,15.95,0.379
2023-11-14 13:00:00+00:00,17.45,70.834854,0.0,15.85,0.378
2023-11-14 14:00:00+00:00,17.0,73.60204,0.0,15.7,0.377
2023-11-14 15:00:00+00:00,15.4,80.17471,0.0,15.15,0.377
2023-11-14 16:00:00+00:00,14.25,85.209274,0.0,14.5,0.376
2023-11-14 17:00:00+00:00,13.55,88.29029,0.0,14.0,0.375
2023-11-14 18:00:00+00:00,13.15,88.84217,0.0,13.6,0.375
2023-11-14 19:00:00+00:00,13.2,89.43585,0.0,13.35,0.374
2023-11-14 20:00:00+00:00,13.25,90.330284,0.0,13.2,0.374
2023-11-14 21:00:00+00:00,13.3,90.33388,0.0,13.1,0.373
2023-11-14 22:00:00+00:00,13.4,90.63933,0.0,13.05,0.372
2023-11-14 23:00:00+00:00,13.25,91.228615,0.0,13.0,0.372
2023-11-15 00:00:00+00:00,13.25,91.83185,0.0,12.95,0.371
2023-11-15 01:00:00+00:00,13.5,92.4528,0.0,12.7,0.371
2023-11-15 02:00:00+00:00,13.45,92.44997,0.0,12.85,0.37
2023-11-15 03:00:00+00:00,13.5,92.14953,0.0,12.9,0.37
2023-11-15 04:00:00+00:00,13.85,91.26779,0.0,13.0,0.369
2023-11-15 05:00:00+00:00,14.25,91.59283,0.0,13.15,0.368
2023-11-15 06:00:00+00:00,15.25,87.28924,0.0,13.45,0.368
2023-11-15 07:00:00+00:00,17.4,79.15333,0.0,14.25,0.367
2023-11-15 08:00:00+00:00,18.75,76.58317,0.0,15.35,0.366
2023-11-15 09:00:00+00:00,19.8,71.96924,0.0,16.3,0.365
2023-11-15 10:00:00+00:00,20.6,68.275986,0.0,17.15,0.364
2023-11-15 11:00:00+00:00,20.8,64.87203,0.0,17.85,0.362
2023-11-15 12:00:00+00:00,20.75,63.40291,0.0,18.35,0.361
2023-11-15 13:00:00+00:00,20.5,70.26599,0.0,18.55,0.361
2023-11-15 14:00:00+00:00,19.6,74.7704,0.0,18.25,0.36
2023-11-15 15:00:00+00:00,18.1,82.90953,0.0,17.6,0.359
2023-11-15 16:00:00+00:00,17.4,87.20502,0.0,17.1,0.359
2023-11-15 17:00:00+00:00,16.8,90.871895,0.0,16.65,0.359
2023-11-15 18:00:00+00:00,16.15,92.30329,0.5,16.3,0.363
2023-11-15 19:00:00+00:00,16.1,88.220604,0.1,15.95,0.363
2023-11-15 20:00:00+00:00,15.8,70.75526,0.0,15.5,0.363
2023-11-15 21:00:00+00:00,14.65,66.6029,0.1,14.95,0.363
2023-11-15 22:00:00+00:00,13.9,72.56076,0.1,14.6,0.363
2023-11-15 23:00:00+00:00,13.4,78.04434,0.2,14.3,0.364
2023-11-16 00:00:00+00:00,13.35,78.56201,0.0,14.2,0.363
2023-11-16 01:00:00+00:00,13.5,67.49915,0.1,15.0,0.358
2023-11-16 02:00:00+00:00,12.7,74.333015,0.2,14.55,0.359
2023-11-16 03:00:00+00:00,12.2,80.80932,0.3,14.05,0.36
2023-11-16 04:00:00+00:00,12.25,78.39729,0.0,13.65,0.36
2023-11-16 05:00:00+00:00,11.85,73.67943,0.0,13.25,0.359
2023-11-16 06:00:00+00:00,11.55,71.14148,0.0,12.95,0.359
2023-11-16 07:00:00+00:00,12.65,67.55205,0.0,13.35,0.358
2023-11-16 08:00:00+00:00,13.95,60.172485,0.0,14.2,0.357
2023-11-16 09:00:00+00:00,15.25,51.45459,0.0,15.2,0.355
2023-11-16 10:00:00+00:00,15.95,47.68243,0.0,16.1,0.353
2023-11-16 11:00:00+00:00,16.45,45.706062,0.0,16.8,0.352
2023-11-16 12:00:00+00:00,16.65,43.88424,0.0,17.15,0.35
2023-11-16 13:00:00+00:00,16.95,44.899727,0.0,17.4,0.35
2023-11-16 14:00:00+00:00,15.8,55.092823,0.0,16.9,0.349
2023-11-16 15:00:00+00:00,15.7,48.6197,0.0,15.6,0.349
2023-11-16 16:00:00+00:00,15.15,49.66737,0.0,14.45,0.349
2023-11-16 17:00:00+00:00,14.4,52.85909,0.0,13.5,0.348
2023-11-16 18:00:00+00:00,9.7,74.8356,0.0,12.75,0.348
2023-11-16 19:00:00+00:00,9.3,77.946556,0.0,12.3,0.348
2023-11-16 20:00:00+00:00,8.4,80.562706,0.0,11.8,0.347
2023-11-16 21:00:00+00:00,7.8,82.4669,0.0,11.4,0.347
2023-11-16 22:00:00+00:00,7.25,85.02604,0.0,10.95,0.347
2023-11-16 23:00:00+00:00,8.5,77.01203,0.0,10.6,0.346
2023-11-17 00:00:00+00:00,6.7,86.765656,0.0,10.3,0.346
2023-11-17 01:00:00+00:00,6.8,87.68785,0.0,9.4,0.344
2023-11-17 02:00:00+00:00,6.75,88.60432,0.0,9.4,0.343
2023-11-17 03:00:00+00:00,7.7,84.78086,0.0,9.6,0.343
2023-11-17 04:00:00+00:00,8.45,83.122986,0.0,9.85,0.343
2023-11-17 05:00:00+00:00,9.25,80.95949,0.0,10.2,0.343
2023-11-17 06:00:00+00:00,10.65,75.25789,0.0,10.55,0.342
2023-11-17 07:00:00+00:00,12.0,73.45493,0.0,11.15,0.342
2023-11-17 08:00:00+00:00,13.25,70.26228,0.0,11.9,0.341
2023-11-17 09:00:00+00:00,15.25,61.106033,0.0,13.3,0.341
2023-11-17 10:00:00+00:00,16.45,53.40225,0.0,14.55,0.339
2023-11-17 11:00:00+00:00,16.65,53.638023,0.0,15.4,0.338
2023-11-17 12:00:00+00:00,16.9,55.75373,0.0,15.75,0.337
2023-11-17 13:00:00+00:00,17.1,63.848362,0.0,15.8,0.337
2023-11-17 14:00:00+00:00,16.55,70.1967,0.0,15.65,0.336
2023-11-17 15:00:00+00:00,15.0,78.02672,0.0,15.15,0.336
2023-11-17 16:00:00+00:00,14.7,81.144485,0.0,14.75,0.336
2023-11-17 17:00:00+00:00,14.25,86.33989,0.0,14.4,0.336
2023-11-17 18:00:00+00:00,14.2,86.90537,0.0,14.1,0.335
2023-11-17 19:00:00+00:00,14.35,84.65989,0.0,13.9,0.335
2023-11-17 20:00:00+00:00,14.8,84.70932,0.0,13.95,0.335
2023-11-17 21:00:00+00:00,14.95,85.84463,0.0,14.0,0.335
2023-11-17 22:00:00+00:00,15.3,84.4869,0.0,14.1,0.335
2023-11-17 23:00:00+00:00,14.5,86.081184,0.1,14.15,0.335
2023-11-18 00:00:00+00:00,14.4,90.41247,4.1,14.15,0.389
2023-11-18 01:00:00+00:00,12.9,92.41867,0.8,14.4,0.366
2023-11-18 02:00:00+00:00,11.85,88.14269,0.5,13.6,0.371
2023-11-18 03:00:00+00:00,11.1,89.26974,2.1,12.85,0.396
2023-11-18 04:00:00+00:00,10.75,91.062485,3.1,12.4,0.426
2023-11-18 05:00:00+00:00,10.8,90.76024,3.2,12.1,0.42
2023-11-18 06:00:00+00:00,10.0,87.97897,1.7,11.7,0.422
2023-11-18 07:00:00+00:00,9.2,85.53254,1.1,11.25,0.418
2023-11-18 08:00:00+00:00,8.65,83.72379,1.2,10.8,0.419
2023-11-18 09:00:00+00:00,8.8,79.50841,0.7,10.5,0.414
2023-11-18 10:00:00+00:00,9.25,72.95529,0.1,10.7,0.407
2023-11-18 11:00:00+00:00,9.0,70.15098,0.3,10.85,0.404
2023-11-18 12:00:00+00:00,8.65,70.825386,0.3,10.6,0.402
2023-11-18 13:00:00+00:00,7.35,81.54962,0.5,10.05,0.409
2023-11-18 14:00:00+00:00,7.5,81.56965,0.7,9.55,0.411
2023-11-18 15:00:00+00:00,7.4,76.2944,0.4,9.2,0.409
2023-11-18 16:00:00+00:00,7.65,68.161385,0.1,8.85,0.405
2023-11-18 17:00:00+00:00,7.75,60.577316,0.0,8.75,0.402
2023-11-18 18:00:00+00:00,7.95,53.98462,0.0,8.9,0.399
2023-11-18 19:00:00+00:00,7.85,51.259922,0.0,9.0,0.396
2023-11-18 20:00:00+00:00,8.0,49.086216,0.0,9.2,0.394
2023-11-18 21:00:00+00:00,7.55,53.092392,0.0,9.25,0.392
2023-11-18 22:00:00+00:00,7.2,57.02555,0.0,9.25,0.39
2023-11-18 23:00:00+00:00,7.05,60.844658,0.1,9.25,0.389
2023-11-19 00:00:00+00:00,6.85,64.887184,0.3,9.05,0.39
2023-11-19 01:00:00+00:00,7.15,67.088104,0.2,9.5,0.388
2023-11-19 02:00:00+00:00,7.2,64.50106,0.1,9.2,0.387
2023-11-19 03:00:00+00:00,6.9,66.07729,0.1,8.95,0.387
2023-11-19 04:00:00+00:00,6.95,63.980587,0.0,8.85,0.385
2023-11-19 05:00:00+00:00,7.2,59.571213,0.0,8.8,0.384
2023-11-19 06:00:00+00:00,7.65,57.142437,0.0,8.95,0.383
2023-11-19 07:00:00+00:00,7.7,55.921356,0.0,9.1,0.381
2023-11-19 08:00:00+00:00,7.85,55.555042,0.0,9.35,0.38
2023-11-19 09:00:00+00:00,8.15,53.841984,0.0,9.65,0.378
2023-11-19 10:00:00+00:00,9.6,47.76433,0.0,10.35,0.377
2023-11-19 11:00:00+00:00,10.55,45.318615,0.0,11.1,0.375
2023-11-19 12:00:00+00:00,10.6,44.18835,0.0,11.45,0.373
2023-11-19 13:00:00+00:00,10.65,48.940796,0.0,12.0,0.376
2023-11-19 14:00:00+00:00,10.0,52.418385,0.0,11.6,0.375
2023-11-19 15:00:00+00:00,6.65,68.43935,0.0,10.55,0.374
2023-11-19 16:00:00+00:00,5.75,72.56036,0.0,9.5,0.373
2023-11-19 17:00:00+00:00,6.6,67.45232,0.0,8.65,0.372
2023-11-19 18:00:00+00:00,6.65,66.49916,0.0,8.05,0.372
2023-11-19 19:00:00+00:00,7.05,63.314816,0.0,7.5,0.371
2023-11-19 20:00:00+00:00,4.1,77.39795,0.0,7.1,0.37
2023-11-19 21:00:00+00:00,3.85,79.05323,0.0,6.8,0.37
2023-11-19 22:00:00+00:00,4.55,75.54111,0.0,6.5,0.369
2023-11-19 23:00:00+00:00,3.3,82.77078,0.0,6.25,0.369
2023-11-20 00:00:00+00:00,2.35,87.898094,0.0,6.0,0.368
2023-11-20 01:00:00+00:00,2.2,85.066475,0.0,5.75,0.368
2023-11-20 02:00:00+00:00,2.6,81.785576,0.0,5.55,0.367
2023-11-20 03:00:00+00:00,2.6,85.419685,0.0,5.45,0.367
2023-11-20 04:00:00+00:00,3.25,87.03992,0.0,5.45,0.366
2023-11-20 05:00:00+00:00,3.85,88.35044,0.0,5.6,0.366
2023-11-20 06:00:00+00:00,6.6,80.30948,0.0,6.3,0.365
2023-11-20 07:00:00+00:00,8.65,79.48653,0.0,7.4,0.364
2023-11-20 08:00:00+00:00,11.3,76.66781,0.0,8.95,0.363
2023-11-20 09:00:00+00:00,13.65,68.92282,0.0,10.55,0.362
2023-11-20 10:00:00+00:00,15.4,62.824593,0.0,11.95,0.361
2023-11-20 11:00:00+00:00,16.25,54.645184,0.0,13.0,0.36
2023-11-20 12:00:00+00:00,16.4,55.059128,0.0,13.6,0.358
2023-11-20 13:00:00+00:00,15.75,61.640446,0.0,13.55,0.362
2023-11-20 14:00:00+00:00,14.4,66.324295,0.0,13.2,0.361
2023-11-20 15:00:00+00:00,12.25,74.76161,0.0,12.4,0.36
2023-11-20 16:00:00+00:00,11.2,80.39908,0.0,11.65,0.36
2023-11-20 17:00:00+00:00,10.2,86.81057,0.0,11.0,0.36
2023-11-20 18:00:00+00:00,9.4,90.04751,0.0,10.55,0.359
2023-11-20 19:00:00+00:00,8.65,91.23067,0.0,10.05,0.359
2023-11-20 20:00:00+00:00,7.9,92.44201,0.0,9.6,0.358
2023-11-20 21:00:00+00:00,7.75,92.11612,0.0,9.25,0.358
2023-11-20 22:00:00+00:00,6.8,92.698166,0.0,8.8,0.358
2023-11-20 23:00:00+00:00,8.45,88.749374,0.0,8.3,0.357
2023-11-21 00:00:00+00:00,8.0,89.32458,0.0,7.85,0.357
2023-11-21 01:00:00+00:00,6.85,93.66773,0.0,8.15,0.352
2023-11-21 02:00:00+00:00,8.55,93.75045,0.0,8.0,0.351
2023-11-21 03:00:00+00:00,7.95,98.31277,0.0,7.75,0.351
2023-11-21 04:00:00+00:00,9.3,98.33063,0.0,7.55,0.351
2023-11-21 05:00:00+00:00,9.7,98.005974,0.0,7.45,0.351
2023-11-21 06:00:00+00:00,9.4,96.68846,0.0,7.75,0.35
2023-11-21 07:00:00+00:00,12.15,88.46373,0.0,9.1,0.35
2023-11-21 08:00:00+00:00,14.55,80.5892,0.0,10.75,0.349
2023-11-21 09:00:00+00:00,15.95,72.44987,0.1,12.15,0.35
2023-11-21 10:00:00+00:00,16.25,72.98592,0.6,13.2,0.354
2023-11-21 11:00:00+00:00,17.0,67.544815,0.0,14.0,0.353
2023-11-21 12:00:00+00:00,16.85,66.621445,0.0,14.4,0.352
2023-11-21 13:00:00+00:00,16.1,72.71775,0.0,14.15,0.347
2023-11-21 14:00:00+00:00,15.75,73.870384,0.0,13.95,0.346
2023-11-21 15:00:00+00:00,14.0,80.51423,0.0,13.35,0.346
2023-11-21 16:00:00+00:00,12.85,83.93118,0.0,12.7,0.345
2023-11-21 17:00:00+00:00,13.3,75.70285,0.0,12.4,0.345
2023-11-21 18:00:00+00:00,13.3,71.2331,0.0,12.15,0.345
2023-11-21 19:00:00+00:00,13.7,67.08254,0.0,12.1,0.345
2023-11-21 20:00:00+00:00,13.5,67.72963,0.0,12.05,0.344
2023-11-21 21:00:00+00:00,13.4,70.05327,0.0,12.0,0.344
2023-11-21 22:00:00+00:00,14.5,73.89802,0.0,12.25,0.344
2023-11-21 23:00:00+00:00,15.75,83.9865,0.0,12.6,0.344
2023-11-22 00:00:00+00:00,16.0,86.23097,0.0,12.95,0.343
2023-11-22 01:00:00+00:00,15.75,91.09517,0.0,13.15,0.341
2023-11-22 02:00:00+00:00,15.6,92.870056,0.0,13.4,0.341
2023-11-22 03:00:00+00:00,15.3,93.45711,0.0,13.5,0.341
2023-11-22 04:00:00+00:00,15.25,93.45464,0.0,13.5,0.34
2023-11-22 05:00:00+00:00,15.45,92.86206,0.0,13.6,0.34
2023-11-22 06:00:00+00:00,15.95,91.69841,0.0,13.8,0.34
2023-11-22 07:00:00+00:00,16.5,89.40081,0.0,14.2,0.34
2023-11-22 08:00:00+00:00,17.15,87.46279,0.0,14.65,0.34
2023-11-22 09:00:00+00:00,17.75,84.75499,0.1,15.25,0.34
2023-11-22 10:00:00+00:00,17.8,83.40887,0.1,15.7,0.341
2023-11-22 11:00:00+00:00,17.7,82.32896,0.1,16.0,0.341
2023-11-22 12:00:00+00:00,17.2,87.18657,0.3,15.95,0.343
2023-11-22 13:00:00+00:00,16.05,93.49376,0.6,15.3,0.352
2023-11-22 14:00:00+00:00,15.85,93.7856,0.4,15.1,0.356
2023-11-22 15:00:00+00:00,15.85,93.48398,0.1,14.9,0.357
2023-11-22 16:00:00+00:00,15.65,93.77627,0.2,14.8,0.358
2023-11-22 17:00:00+00:00,15.5,93.16537,0.3,14.4,0.361
2023-11-22 18:00:00+00:00,15.25,94.365974,0.4,14.4,0.366
2023-11-22 19:00:00+00:00,14.8,96.510956,1.8,14.4,0.389
2023-11-22 20:00:00+00:00,14.3,96.49761,3.6,14.2,0.427
2023-11-22 21:00:00+00:00,14.1,96.49223,8.0,14.1,0.428
2023-11-22 22:00:00+00:00,14.05,97.437004,6.0,14.1,0.426
2023-11-22 23:00:00+00:00,14.05,97.12074,2.3,14.05,0.427
2023-11-23 00:00:00+00:00,13.55,94.29313,1.0,13.9,0.425
2023-11-23 01:00:00+00:00,12.9,92.11409,0.2,13.9,0.411
2023-11-23 02:00:00+00:00,12.4,91.17264,0.2,13.45,0.408
2023-11-23 03:00:00+00:00,11.95,90.83969,0.1,13.05,0.405
2023-11-23 04:00:00+00:00,11.35,90.79836,0.1,12.65,0.403
2023-11-23 05:00:00+00:00,11.05,90.777596,0.1,12.35,0.402
2023-11-23 06:00:00+00:00,11.05,88.36933,0.0,12.2,0.4
2023-11-23 07:00:00+00:00,11.55,83.49772,0.0,12.25,0.398
2023-11-23 08:00:00+00:00,11.6,83.22231,0.0,12.4,0.396
2023-11-23 09:00:00+00:00,12.15,80.80252,0.0,12.75,0.394
2023-11-23 10:00:00+00:00,12.85,78.22354,0.0,13.15,0.392
2023-11-23 11:00:00+00:00,13.4,75.97469,0.0,13.6,0.39
2023-11-23 12:00:00+00:00,13.7,74.50615,0.0,13.95,0.389
2023-11-23 13:00:00+00:00,13.8,75.026,0.0,13.6,0.391
2023-11-23 14:00:00+00:00,13.7,75.26163,0.0,13.7,0.39
2023-11-23 15:00:00+00:00,13.05,79.046616,0.0,13.55,0.388
2023-11-23 16:00:00+00:00,12.6,81.40868,0.0,13.35,0.387
2023-11-23 17:00:00+00:00,12.55,81.95067,0.0,13.25,0.386
2023-11-23 18:00:00+00:00,11.9,85.52836,0.0,13.05,0.385
2023-11-23 19:00:00+00:00,11.45,86.93147,0.0,12.9,0.384
2023-11-23 20:00:00+00:00,11.15,86.31857,0.0,12.75,0.383
2023-11-23 21:00:00+00:00,11.1,85.443695,0.0,12.7,0.382
2023-11-23 22:00:00+00:00,11.0,86.88813,0.0,12.6,0.381
2023-11-23 23:00:00+00:00,11.25,85.45962,0.0,12.6,0.38
2023-11-24 00:00:00+00:00,11.2,86.615074,0.0,12.5,0.379
2023-11-24 01:00:00+00:00,10.4,92.58506,0.0,13.2,0.381
2023-11-24 02:00:00+00:00,9.5,96.365524,0.0,12.35,0.38
2023-11-24 03:00:00+00:00,10.4,95.42669,0.0,12.05,0.379
2023-11-24 04:00:00+00:00,10.8,96.08065,0.0,11.95,0.378
2023-11-24 05:00:00+00:00,11.25,96.735725,0.0,11.9,0.377
2023-11-24 06:00:00+00:00,12.35,94.552956,0.0,12.1,0.377
2023-11-24 07:00:00+00:00,14.65,84.69287,0.0,12.8,0.376
2023-11-24 08:00:00+00:00,16.45,75.717735,0.0,13.8,0.375
2023-11-24 09:00:00+00:00,17.45,70.37009,0.0,14.7,0.373
2023-11-24 10:00:00+00:00,18.05,66.21436,0.0,15.45,0.372
2023-11-24 11:00:00+00:00,18.25,66.25667,0.0,16.1,0.371
2023-11-24 12:00:00+00:00,17.9,70.6878,0.0,16.4,0.369
2023-11-24 13:00:00+00:00,17.35,71.99029,0.0,16.55,0.369
2023-11-24 14:00:00+00:00,16.35,76.70383,0.0,16.2,0.368
2023-11-24 15:00:00+00:00,15.15,83.368866,0.0,15.6,0.367
2023-11-24 16:00:00+00:00,14.6,87.802925,0.0,15.05,0.367
2023-11-24 17:00:00+00:00,14.35,91.00228,0.0,14.65,0.366
2023-11-24 18:00:00+00:00,14.55,89.24819,0.0,14.45,0.366
2023-11-24 19:00:00+00:00,14.8,87.53376,0.0,14.3,0.366
2023-11-24 20:00:00+00:00,15.15,90.46551,0.0,14.35,0.365
2023-11-24 21:00:00+00:00,15.4,87.87384,0.0,14.4,0.365
2023-11-24 22:00:00+00:00,14.8,90.146324,0.2,14.35,0.366
2023-11-24 23:00:00+00:00,14.5,89.8302,0.0,14.35,0.365
2023-11-25 00:00:00+00:00,13.6,88.294586,0.1,14.15,0.365
2023-11-25 01:00:00+00:00,13.95,78.127716,0.0,15.25,0.362
2023-11-25 02:00:00+00:00,14.55,79.00158,0.0,14.9,0.361
2023-11-25 03:00:00+00:00,14.45,81.650246,0.0,14.6,0.361
2023-11-25 04:00:00+00:00,14.4,82.45829,0.0,14.45,0.36
2023-11-25 05:00:00+00:00,15.15,77.53428,0.0,14.45,0.36
2023-11-25 06:00:00+00:00,15.35,78.59707,0.0,14.5,0.359
2023-11-25 07:00:00+00:00,15.15,84.470276,0.3,14.7,0.361
2023-11-25 08:00:00+00:00,16.15,75.66857,0.0,14.9,0.361
2023-11-25 09:00:00+00:00,15.55,79.93202,0.0,15.25,0.36
2023-11-25 10:00:00+00:00,15.55,79.40756,0.4,15.45,0.363
2023-11-25 11:00:00+00:00,15.9,81.302414,0.5,15.45,0.368
2023-11-25 12:00:00+00:00,15.15,82.28013,0.8,15.3,0.375
2023-11-25 13:00:00+00:00,15.9,77.13947,0.1,16.0,0.377
2023-11-25 14:00:00+00:00,14.05,82.6884,0.1,15.55,0.376
2023-11-25 15:00:00+00:00,13.3,85.959656,0.1,14.85,0.376
2023-11-25 16:00:00+00:00,12.25,94.86206,6.3,14.2,0.419
2023-11-25 17:00:00+00:00,12.5,92.702156,0.5,13.7,0.412
2023-11-25 18:00:00+00:00,12.45,92.08734,0.5,13.35,0.412
2023-11-25 19:00:00+00:00,13.3,85.6748,0.7,13.2,0.412
2023-11-25 20:00:00+00:00,13.6,85.422424,0.2,13.15,0.407
2023-11-25 21:00:00+00:00,13.3,87.10746,0.3,13.15,0.405
2023-11-25 22:00:00+00:00,13.0,90.611374,2.7,13.1,0.426
2023-11-25 23:00:00+00:00,13.65,88.2989,4.5,13.15,0.43
2023-11-26 00:00:00+00:00,4.8,86.57549,6.0,12.2,0.43
2023-11-26 01:00:00+00:00,3.7,90.24648,0.1,10.35,0.423
2023-11-26 02:00:00+00:00,3.55,85.21754,0.0,9.3,0.419
2023-11-26 03:00:00+00:00,3.75,77.06162,0.0,8.9,0.417
2023-11-26 04:00:00+00:00,3.4,78.13052,0.2,8.5,0.415
2023-11-26 05:00:00+00:00,3.2,81.276276,0.2,8.1,0.414
2023-11-26 06:00:00+00:00,3.0,84.24003,0.4,7.55,0.414
2023-11-26 07:00:00+00:00,3.3,84.27539,0.3,7.2,0.413
2023-11-26 08:00:00+00:00,3.35,89.89851,0.4,7.15,0.414
2023-11-26 09:00:00+00:00,4.15,79.383896,0.5,7.25,0.416
2023-11-26 10:00:00+00:00,5.4,69.42109,0.3,7.65,0.414
2023-11-26 11:00:00+00:00,5.9,58.810665,0.1,8.0,0.411
2023-11-26 12:00:00+00:00,6.1,44.1809,0.0,8.5,0.408
2023-11-26 13:00:00+00:00,6.1,48.36159,0.0,9.05,0.397
2023-11-26 14:00:00+00:00,5.65,46.447144,0.0,8.85,0.396
2023-11-26 15:00:00+00:00,4.65,48.124287,0.0,8.35,0.395
2023-11-26 16:00:00+00:00,4.0,47.209007,0.0,7.85,0.394
2023-11-26 17:00:00+00:00,3.35,47.199024,0.0,7.35,0.393
2023-11-26 18:00:00+00:00,2.55,49.56692,0.0,6.8,0.392
2023-11-26 19:00:00+00:00,1.9,51.9151,0.0,6.3,0.391
2023-11-26 20:00:00+00:00,0.7,59.929287,0.0,5.75,0.39
2023-11-26 21:00:00+00:00,0.55,59.434563,0.0,5.2,0.389
2023-11-26 22:00:00+00:00,0.8,57.705936,0.0,4.9,0.388
2023-11-26 23:00:00+00:00,0.45,58.057583,0.0,4.65,0.388
2023-11-27 00:00:00+00:00,-0.3,62.967995,0.0,4.3,0.387
2023-11-27 01:00:00+00:00,0.45,68.37702,0.0,4.5,0.385
2023-11-27 02:00:00+00:00,1.6,52.23078,0.0,4.35,0.384
2023-11-27 03:00:00+00:00,2.35,45.294846,0.0,4.5,0.384
2023-11-27 04:00:00+00:00,2.2,44.20425,0.0,4.55,0.383
2023-11-27 05:00:00+00:00,2.15,42.32765,0.0,4.5,0.382
2023-11-27 06:00:00+00:00,2.65,42.47952,0.0,4.6,0.381
2023-11-27 07:00:00+00:00,4.1,41.934532,0.0,5.15,0.38
2023-11-27 08:00:00+00:00,5.1,40.957973,0.0,6.0,0.379
2023-11-27 09:00:00+00:00,5.9,39.956768,0.0,6.95,0.378
2023-11-27 10:00:00+00:00,6.6,38.810863,0.0,7.8,0.377
2023-11-27 11:00:00+00:00,7.25,36.695423,0.0,8.55,0.375
2023-11-27 12:00:00+00:00,7.8,34.407284,0.0,9.0,0.374
2023-11-27 13:00:00+00:00,8.1,36.532616,0.0,9.25,0.375
2023-11-27 14:00:00+00:00,7.3,42.411877,0.0,8.8,0.375
2023-11-27 15:00:00+00:00,5.5,46.75548,0.0,8.0,0.374
2023-11-27 16:00:00+00:00,4.6,52.47473,0.0,7.3,0.373
2023-11-27 17:00:00+00:00,4.15,64.26582,0.0,6.7,0.373
2023-11-27 18:00:00+00:00,4.25,65.2425,0.0,6.35,0.372
2023-11-27 19:00:00+00:00,4.35,66.23076,0.0,6.05,0.372
2023-11-27 20:00:00+00:00,4.55,68.2424,0.0,5.95,0.372
2023-11-27 21:00:00+00:00,4.65,69.26596,0.0,5.85,0.371
2023-11-27 22:00:00+00:00,4.3,73.87579,0.0,5.7,0.371
2023-11-27 23:00:00+00:00,4.1,79.6627,0.0,5.55,0.37
2023-11-28 00:00:00+00:00,4.15,81.40641,0.0,5.45,0.37
2023-11-28 01:00:00+00:00,4.65,82.942024,0.0,4.7,0.359
2023-11-28 02:00:00+00:00,4.65,84.13294,0.0,4.9,0.359
2023-11-28 03:00:00+00:00,5.95,80.501595,0.0,5.2,0.358
2023-11-28 04:00:00+00:00,7.2,74.13458,0.0,5.65,0.358
2023-11-28 05:00:00+00:00,8.55,61.21032,0.0,6.25,0.358
2023-11-28 06:00:00+00:00,9.2,64.26855,0.0,6.85,0.357
2023-11-28 07:00:00+00:00,9.9,68.39113,0.0,7.45,0.357
2023-11-28 08:00:00+00:00,11.35,67.74585,0.0,8.25,0.357
2023-11-28 09:00:00+00:00,11.8,67.14074,0.0,8.85,0.356
2023-11-28 10:00:00+00:00,12.5,60.029057,0.0,9.65,0.356
2023-11-28 11:00:00+00:00,12.4,63.654705,0.0,9.95,0.355
2023-11-28 12:00:00+00:00,12.5,73.29461,1.6,10.15,0.374
2023-11-28 13:00:00+00:00,12.5,77.3821,0.4,9.95,0.372
2023-11-28 14:00:00+00:00,12.6,76.61682,0.3,10.1,0.374
2023-11-28 15:00:00+00:00,11.9,84.10337,0.7,10.05,0.379
2023-11-28 16:00:00+00:00,12.15,84.13204,0.7,10.1,0.385
2023-11-28 17:00:00+00:00,12.55,88.2038,1.5,10.3,0.401
2023-11-28 18:00:00+00:00,13.05,90.01776,1.0,10.7,0.408
2023-11-28 19:00:00+00:00,14.15,89.50977,2.2,11.1,0.412
2023-11-28 20:00:00+00:00,14.9,90.44788,0.4,11.6,0.409
2023-11-28 21:00:00+00:00,15.45,90.48659,1.4,12.1,0.417
2023-11-28 22:00:00+00:00,15.6,86.75474,2.2,12.45,0.424
2023-11-28 23:00:00+00:00,14.45,85.23056,2.5,12.3,0.423
2023-11-29 00:00:00+00:00,15.75,79.17527,0.7,12.25,0.418
2023-11-29 01:00:00+00:00,14.1,85.7575,0.2,12.85,0.405
2023-11-29 02:00:00+00:00,14.2,84.92325,0.0,12.4,0.402
2023-11-29 03:00:00+00:00,15.2,80.67727,0.0,12.4,0.399
2023-11-29 04:00:00+00:00,14.6,80.329544,0.0,12.35,0.397
2023-11-29 05:00:00+00:00,11.25,94.50698,0.0,11.9,0.395
2023-11-29 06:00:00+00:00,9.0,87.58869,0.0,11.25,0.393
2023-11-29 07:00:00+00:00,9.7,82.141304,0.0,11.2,0.391
2023-11-29 08:00:00+00:00,12.3,71.28515,0.0,11.95,0.39
2023-11-29 09:00:00+00:00,13.45,64.77585,0.0,12.85,0.388
2023-11-29 10:00:00+00:00,14.5,60.305016,0.0,13.8,0.386
2023-11-29 11:00:00+00:00,15.75,58.179413,0.0,14.6,0.384
2023-11-29 12:00:00+00:00,16.75,60.84129,0.0,15.15,0.382
2023-11-29 13:00:00+00:00,16.95,64.88965,0.0,15.45,0.383
2023-11-29 14:00:00+00:00,15.6,76.07995,0.0,15.0,0.382
2023-11-29 15:00:00+00:00,13.75,85.7214,0.0,14.15,0.381
2023-11-29 16:00:00+00:00,13.5,90.34823,0.0,13.55,0.381
2023-11-29 17:00:00+00:00,13.05,90.31588,0.0,13.15,0.38
2023-11-29 18:00:00+00:00,11.95,92.05747,0.0,12.65,0.379
2023-11-29 19:00:00+00:00,9.9,96.37681,0.0,12.1,0.379
2023-11-29 20:00:00+00:00,9.9,95.40899,0.0,11.75,0.378
2023-11-29 21:00:00+00:00,9.1,83.20257,0.1,11.45,0.378
2023-11-29 22:00:00+00:00,8.75,77.86104,0.0,11.05,0.378
2023-11-29 23:00:00+00:00,8.8,72.3632,0.0,10.8,0.377
2023-11-30 00:00:00+00:00,8.3,66.85935,0.0,10.65,0.376
2023-11-30 01:00:00+00:00,7.45,71.59856,0.0,11.25,0.375
2023-11-30 02:00:00+00:00,6.9,74.87344,0.0,10.6,0.374
2023-11-30 03:00:00+00:00,6.0,79.94029,0.0,10.0,0.374
2023-11-30 04:00:00+00:00,5.45,83.3371,0.0,9.5,0.373
2023-11-30 05:00:00+00:00,4.65,87.79707,0.0,8.95,0.373
2023-11-30 06:00:00+00:00,5.65,83.65692,0.0,8.7,0.372
2023-11-30 07:00:00+00:00,8.2,75.363144,0.0,9.35,0.372
2023-11-30 08:00:00+00:00,9.9,66.26685,0.0,10.25,0.371
2023-11-30 09:00:00+00:00,11.05,64.68745,0.0,11.1,0.37
2023-11-30 10:00:00+00:00,12.45,63.008224,0.0,12.1,0.369
2023-11-30 11:00:00+00:00,13.6,61.13331,0.0,13.0,0.368
2023-11-30 12:00:00+00:00,14.5,62.61758,0.0,13.6,0.367
2023-11-30 13:00:00+00:00,13.85,71.57893,0.0,13.6,0.368
2023-11-30 14:00:00+00:00,13.3,78.02914,0.0,13.4,0.368
2023-11-30 15:00:00+00:00,10.9,88.356384,0.0,12.65,0.368
2023-11-30 16:00:00+00:00,9.55,93.16573,0.0,11.85,0.367
2023-11-30 17:00:00+00:00,8.4,95.68061,0.0,11.05,0.367
2023-11-30 18:00:00+00:00,8.05,96.65332,0.0,10.45,0.366
2023-11-30 19:00:00+00:00,8.2,96.00068,0.0,10.15,0.366
2023-11-30 20:00:00+00:00,9.25,94.42188,0.0,9.95,0.366
2023-11-30 21:00:00+00:00,10.35,93.83629,0.0,10.05,0.365
2023-11-30 22:00:00+00:00,10.85,95.442535,0.0,10.25,0.365
2023-11-30 23:00:00+00:00,11.3,95.4583,0.0,10.45,0.365
2023-12-01 00:00:00+00:00,11.95,92.05747,0.0,10.65,0.364
2023-12-01 01:00:00+00:00,12.35,89.36908,0.0,10.45,0.367
2023-12-01 02:00:00+00:00,12.5,89.08425,0.0,10.75,0.367
2023-12-01 03:00:00+00:00,12.6,88.208145,0.0,10.95,0.367
2023-12-01 04:00:00+00:00,12.75,85.61754,0.0,11.05,0.366
2023-12-01 05:00:00+00:00,12.75,87.05551,0.0,11.15,0.366
2023-12-01 06:00:00+00:00,13.25,88.26444,0.0,11.3,0.365
2023-12-01 07:00:00+00:00,15.15,81.74048,0.0,12.05,0.365
2023-12-01 08:00:00+00:00,17.25,76.34543,0.0,13.1,0.364
2023-12-01 09:00:00+00:00,18.45,65.00091,0.0,14.2,0.363
2023-12-01 10:00:00+00:00,18.95,62.79264,0.0,15.1,0.362
2023-12-01 11:00:00+00:00,19.15,59.798573,0.0,15.7,0.361
2023-12-01 12:00:00+00:00,18.95,61.15381,0.0,16.05,0.359
2023-12-01 13:00:00+00:00,18.8,65.07675,0.0,15.95,0.361
2023-12-01 14:00:00+00:00,17.95,72.81067,0.0,15.8,0.36
2023-12-01 15:00:00+00:00,16.85,81.691124,0.0,15.4,0.36
2023-12-01 16:00:00+00:00,16.45,85.9965,0.0,15.1,0.36
2023-12-01 17:00:00+00:00,16.55,86.845245,0.0,14.85,0.359
2023-12-01 18:00:00+00:00,16.6,87.13104,0.0,14.75,0.359
2023-12-01 19:00:00+00:00,16.6,85.45656,0.0,14.7,0.359
2023-12-01 20:00:00+00:00,16.55,86.006546,0.0,14.65,0.359
2023-12-01 21:00:00+00:00,16.5,86.28038,0.0,14.6,0.358
2023-12-01 22:00:00+00:00,16.4,87.677765,0.0,14.6,0.358
2023-12-01 23:00:00+00:00,16.3,89.097206,0.0,14.55,0.358
2023-12-02 00:00:00+00:00,16.2,89.37754,0.0,14.55,0.358
2023-12-02 01:00:00+00:00,16.45,85.44096,0.0,14.8,0.358
2023-12-02 02:00:00+00:00,16.45,85.44096,0.0,14.8,0.358
2023-12-02 03:00:00+00:00,16.7,84.91547,0.0,14.8,0.357
2023-12-02 04:00:00+00:00,17.0,85.22247,0.0,14.9,0.357
2023-12-02 05:00:00+00:00,16.85,89.14084,0.0,14.95,0.357
2023-12-02 06:00:00+00:00,17.15,88.31006,0.0,15.05,0.356
2023-12-02 07:00:00+00:00,18.2,82.65564,0.0,15.45,0.356
2023-12-02 08:00:00+00:00,19.3,76.42342,0.0,16.15,0.356
2023-12-02 09:00:00+00:00,19.85,72.677765,0.3,16.7,0.357
2023-12-02 10:00:00+00:00,20.25,70.90073,0.1,17.25,0.357
2023-12-02 11:00:00+00:00,20.3,69.77637,0.0,17.6,0.356
2023-12-02 12:00:00+00:00,20.0,73.6456,0.1,17.8,0.355
2023-12-02 13:00:00+00:00,19.6,78.45552,0.0,17.9,0.352
2023-12-02 14:00:00+00:00,18.95,80.39812,0.0,17.6,0.352
2023-12-02 15:00:00+00:00,18.5,82.163536,0.0,17.3,0.352
2023-12-02 16:00:00+00:00,18.2,83.99238,0.0,17.0,0.351
2023-12-02 17:00:00+00:00,18.25,82.92747,0.0,16.85,0.351
2023-12-02 18:00:00+00:00,18.0,82.63139,0.0,16.7,0.351
2023-12-02 19:00:00+00:00,18.15,79.26026,0.0,16.6,0.35
2023-12-02 20:00:00+00:00,18.25,76.504295,0.0,16.6,0.35
2023-12-02 21:00:00+00:00,18.3,72.16391,0.0,16.6,0.35
2023-12-02 22:00:00+00:00,18.2,68.913956,0.0,16.55,0.349
2023-12-02 23:00:00+00:00,18.1,67.77064,0.0,16.5,0.349
2023-12-03 00:00:00+00:00,17.95,68.412575,0.0,16.4,0.349
2023-12-03 01:00:00+00:00,17.95,71.39565,0.0,16.75,0.348
2023-12-03 02:00:00+00:00,17.75,73.97418,0.0,16.55,0.348
2023-12-03 03:00:00+00:00,17.6,74.67677,0.0,16.45,0.348
2023-12-03 04:00:00+00:00,17.65,73.47487,0.0,16.35,0.347
2023-12-03 05:00:00+00:00,17.35,74.63451,0.0,16.2,0.347
2023-12-03 06:00:00+00:00,17.4,75.3786,0.0,16.15,0.347
2023-12-03 07:00:00+00:00,18.45,71.95629,0.0,16.45,0.346
2023-12-03 08:00:00+00:00,19.6,67.19439,0.0,17.05,0.345
2023-12-03 09:00:00+00:00,20.3,64.55345,0.0,17.7,0.345
2023-12-03 10:00:00+00:00,20.8,62.593872,0.0,18.3,0.343
2023-12-03 11:00:00+00:00,20.95,61.817387,0.0,18.7,0.342
2023-12-03 12:00:00+00:00,20.8,60.981556,0.0,19.0,0.341
2023-12-03 13:00:00+00:00,20.1,63.258156,0.0,19.1,0.34
2023-12-03 14:00:00+00:00,19.25,64.53565,0.0,18.7,0.34
2023-12-03 15:00:00+00:00,18.25,68.02449,0.0,18.1,0.339
2023-12-03 16:00:00+00:00,17.7,70.88218,0.0,17.6,0.339
2023-12-03 17:00:00+00:00,17.55,71.790985,0.0,17.2,0.339
2023-12-03 18:00:00+00:00,16.95,76.29747,0.0,16.95,0.339
2023-12-03 19:00:00+00:00,12.15,95.487854,4.5,15.85,0.395
2023-12-03 20:00:00+00:00,10.65,82.54345,0.1,14.55,0.392
2023-12-03 21:00:00+00:00,9.55,87.6394,0.6,13.35,0.393
2023-12-03 22:00:00+00:00,9.2,88.81252,0.7,12.5,0.396
2023-12-03 23:00:00+00:00,9.1,88.19921,2.9,11.95,0.424
2023-12-04 00:00:00+00:00,8.75,89.691216,2.3,11.55,0.425
2023-12-04 01:00:00+00:00,9.25,87.611786,2.2,11.65,0.426
2023-12-04 02:00:00+00:00,8.55,89.06284,1.9,11.3,0.428
2023-12-04 03:00:00+00:00,7.95,89.013306,2.4,10.9,0.427
2023-12-04 04:00:00+00:00,7.4,88.6601,0.9,10.5,0.423
2023-12-04 05:00:00+00:00,6.8,85.27368,0.3,10.0,0.418
2023-12-04 06:00:00+00:00,5.85,88.83732,0.9,9.5,0.422
2023-12-04 07:00:00+00:00,5.1,88.77346,0.5,9.0,0.421
2023-12-04 08:00:00+00:00,4.6,88.7306,0.3,8.55,0.417
2023-12-04 09:00:00+00:00,4.35,89.34056,0.5,8.25,0.418
2023-12-04 10:00:00+00:00,4.4,86.22763,0.3,8.1,0.416
2023-12-04 11:00:00+00:00,4.45,86.23282,0.2,7.95,0.414
2023-12-04 12:00:00+00:00,4.6,83.827805,0.1,7.95,0.411
2023-12-04 13:00:00+00:00,5.35,81.85929,0.0,8.65,0.413
2023-12-04 14:00:00+00:00,5.45,81.87256,0.0,8.65,0.411
2023-12-04 15:00:00+00:00,5.6,80.166756,0.0,8.65,0.409
2023-12-04 16:00:00+00:00,5.9,78.240906,0.0,8.65,0.407
2023-12-04 17:00:00+00:00,6.0,77.97887,0.0,8.65,0.406
2023-12-04 18:00:00+00:00,6.05,77.43435,0.0,8.65,0.404
2023-12-04 19:00:00+00:00,6.0,77.70217,0.0,8.7,0.403
2023-12-04 20:00:00+00:00,6.65,75.89971,0.0,8.7,0.402
2023-12-04 21:00:00+00:00,6.9,76.481186,0.0,8.8,0.4
2023-12-04 22:00:00+00:00,6.85,77.288445,0.0,8.85,0.399
2023-12-04 23:00:00+00:00,6.9,77.844246,0.0,8.85,0.398
2023-12-05 00:00:00+00:00,7.2,77.89132,0.0,8.9,0.397
2023-12-05 01:00:00+00:00,7.35,80.697754,0.0,9.0,0.4
2023-12-05 02:00:00+00:00,7.6,80.16987,0.0,9.0,0.399
2023-12-05 03:00:00+00:00,7.8,79.91863,0.0,9.05,0.397
2023-12-05 04:00:00+00:00,8.05,79.95452,0.0,9.15,0.396
2023-12-05 05:00:00+00:00,8.15,81.09021,0.0,9.2,0.395
2023-12-05 06:00:00+00:00,8.15,82.511444,0.0,9.25,0.394
2023-12-05 07:00:00+00:00,9.2,78.4729,0.0,9.55,0.394
2023-12-05 08:00:00+00:00,9.9,76.17656,0.0,10.0,0.392
2023-12-05 09:00:00+00:00,10.5,73.94629,0.0,10.45,0.392
2023-12-05 10:00:00+00:00,11.0,72.52149,0.0,10.75,0.391
2023-12-05 11:00:00+00:00,11.2,73.05935,0.1,10.95,0.39
2023-12-05 12:00:00+00:00,11.35,72.83604,0.0,11.2,0.389
2023-12-05 13:00:00+00:00,10.0,76.4566,0.0,11.1,0.389
2023-12-05 14:00:00+00:00,9.8,76.6885,0.0,10.95,0.388
2023-12-05 15:00:00+00:00,9.45,78.23988,0.0,10.7,0.387
2023-12-05 16:00:00+00:00,9.4,78.23224,0.0,10.5,0.386
2023-12-05 17:00:00+00:00,9.2,79.291916,0.0,10.35,0.386
2023-12-05 18:00:00+00:00,9.1,79.82777,0.0,10.25,0.385
2023-12-05 19:00:00+00:00,8.95,81.1987,0.0,10.15,0.384
2023-12-05 20:00:00+00:00,8.9,82.03798,0.0,10.1,0.384
2023-12-05 21:00:00+00:00,8.85,82.88558,0.0,10.05,0.383
2023-12-05 22:00:00+00:00,8.85,83.17203,0.0,10.05,0.383
2023-12-05 23:00:00+00:00,8.4,85.447,0.0,9.9,0.382
2023-12-06 00:00:00+00:00,7.7,88.99256,0.0,9.65,0.381
2023-12-06 01:00:00+00:00,8.3,86.02813,0.0,10.0,0.381
2023-12-06 02:00:00+00:00,8.35,84.56084,0.0,9.9,0.38
2023-12-06 03:00:00+00:00,8.05,85.70532,0.0,9.75,0.38
2023-12-06 04:00:00+00:00,7.8,86.5738,0.0,9.6,0.379
2023-12-06 05:00:00+00:00,7.55,86.84945,0.0,9.45,0.379
2023-12-06 06:00:00+00:00,7.5,87.75241,0.4,9.25,0.381
2023-12-06 07:00:00+00:00,7.9,85.09776,1.2,9.2,0.395
2023-12-06 08:00:00+00:00,8.05,86.300026,0.5,9.15,0.399
2023-12-06 09:00:00+00:00,8.1,86.60373,0.2,9.2,0.399
2023-12-06 10:00:00+00:00,8.3,87.22278,0.1,9.3,0.397
2023-12-06 11:00:00+00:00,8.5,87.54234,0.0,9.5,0.395
2023-12-06 12:00:00+00:00,8.85,86.67814,0.0,9.75,0.393
2023-12-06 13:00:00+00:00,9.55,81.8403,0.1,10.6,0.399
2023-12-06 14:00:00+00:00,9.15,84.65115,0.4,10.35,0.4
2023-12-06 15:00:00+00:00,8.75,89.079285,0.4,9.9,0.401
2023-12-06 16:00:00+00:00,8.4,91.21396,0.2,9.55,0.401
2023-12-06 17:00:00+00:00,8.05,91.81869,0.2,9.25,0.401
2023-12-06 18:00:00+00:00,7.8,92.754234,0.2,9.05,0.4
2023-12-06 19:00:00+00:00,7.8,93.073235,0.2,8.9,0.4
2023-12-06 20:00:00+00:00,7.8,93.39321,0.1,8.8,0.399
2023-12-06 21:00:00+00:00,7.7,92.4304,0.0,8.75,0.397
2023-12-06 22:00:00+00:00,7.65,93.706856,0.1,8.7,0.396
2023-12-06 23:00:00+00:00,7.15,93.35994,0.0,8.45,0.395
2023-12-07 00:00:00+00:00,7.15,93.68245,0.0,8.3,0.394
2023-12-07 01:00:00+00:00,6.0,95.93109,0.0,8.4,0.388
2023-12-07 02:00:00+00:00,5.9,95.92788,0.0,8.05,0.387
2023-12-07 03:00:00+00:00,6.4,94.95286,0.0,7.9,0.386
2023-12-07 04:00:00+00:00,6.25,94.61822,0.0,7.8,0.385
2023-12-07 05:00:00+00:00,5.9,94.60346,0.0,7.6,0.385
2023-12-07 06:00:00+00:00,6.25,92.98975,0.0,7.55,0.384
2023-12-07 07:00:00+00:00,7.05,89.2476,0.0,7.9,0.383
2023-12-07 08:00:00+00:00,8.25,83.38684,0.0,8.6,0.382
2023-12-07 09:00:00+00:00,9.3,79.03291,0.0,9.35,0.381
2023-12-07 10:00:00+00:00,9.7,78.278145,0.0,9.8,0.381
2023-12-07 11:00:00+00:00,10.0,78.86478,0.1,10.05,0.381
2023-12-07 12:00:00+00:00,10.2,79.984856,0.2,10.2,0.382
2023-12-07 13:00:00+00:00,11.45,74.87944,0.0,11.15,0.38
2023-12-07 14:00:00+00:00,10.75,78.43774,0.1,10.95,0.38
2023-12-07 15:00:00+00:00,9.85,80.210304,0.0,10.65,0.379
2023-12-07 16:00:00+00:00,8.85,80.62528,0.0,10.25,0.378
2023-12-07 17:00:00+00:00,8.15,80.52782,0.0,9.9,0.378
2023-12-07 18:00:00+00:00,8.0,78.28949,0.0,9.65,0.377
2023-12-07 19:00:00+00:00,7.8,76.36075,0.0,9.45,0.377
2023-12-07 20:00:00+00:00,7.1,77.05625,0.0,9.3,0.377
2023-12-07 21:00:00+00:00,6.8,76.73571,0.0,9.05,0.376
2023-12-07 22:00:00+00:00,6.7,76.177704,0.0,8.9,0.376
2023-12-07 23:00:00+00:00,6.45,75.865875,0.0,8.8,0.375
2023-12-08 00:00:00+00:00,6.1,76.348366,0.0,8.65,0.375
2023-12-08 01:00:00+00:00,5.95,74.973915,0.1,8.85,0.375
2023-12-08 02:00:00+00:00,5.5,75.97572,0.1,8.4,0.375
2023-12-08 03:00:00+00:00,4.95,76.70462,0.0,8.05,0.375
2023-12-08 04:00:00+00:00,4.75,76.947685,0.0,7.85,0.374
2023-12-08 05:00:00+00:00,4.5,76.63004,0.1,7.6,0.374
2023-12-08 06:00:00+00:00,4.15,76.57182,0.1,7.35,0.374
2023-12-08 07:00:00+00:00,3.85,78.76834,0.2,7.1,0.376
2023-12-08 08:00:00+00:00,3.9,82.25441,0.6,6.7,0.379
2023-12-08 09:00:00+00:00,3.65,83.11372,0.3,6.35,0.38
2023-12-08 10:00:00+00:00,3.95,82.55678,0.1,6.35,0.38
2023-12-08 11:00:00+00:00,3.85,83.43761,0.0,6.35,0.38
2023-12-08 12:00:00+00:00,3.7,84.92926,0.0,6.35,0.379
2023-12-08 13:00:00+00:00,3.85,85.86291,0.0,6.05,0.398
2023-12-08 14:00:00+00:00,3.8,84.94056,0.0,6.0,0.395
2023-12-08 15:00:00+00:00,3.95,80.50568,0.0,5.95,0.393
2023-12-08 16:00:00+00:00,4.0,77.66187,0.0,5.9,0.392
2023-12-08 17:00:00+00:00,3.65,76.766304,0.2,5.85,0.392
2023-12-08 18:00:00+00:00,3.1,80.676056,0.3,5.45,0.392
2023-12-08 19:00:00+00:00,2.9,80.06423,0.1,5.15,0.392
2023-12-08 20:00:00+00:00,2.25,84.45716,0.2,4.85,0.392
2023-12-08 21:00:00+00:00,2.05,85.04955,0.1,4.55,0.391
2023-12-08 22:00:00+00:00,2.0,82.90514,0.0,4.4,0.39
2023-12-08 23:00:00+00:00,2.05,79.93985,0.0,4.3,0.388
2023-12-09 00:00:00+00:00,2.05,78.20256,0.0,4.25,0.387
2023-12-09 01:00:00+00:00,1.85,78.746994,0.5,4.65,0.385
2023-12-09 02:00:00+00:00,1.7,77.00518,0.3,4.45,0.385
2023-12-09 03:00:00+00:00,1.4,74.159966,0.0,4.3,0.384
2023-12-09 04:00:00+00:00,1.2,73.02937,0.0,4.2,0.384
2023-12-09 05:00:00+00:00,1.15,73.56522,0.0,4.1,0.383
2023-12-09 06:00:00+00:00,1.3,73.04833,0.0,4.0,0.382
2023-12-09 07:00:00+00:00,2.2,69.26422,0.0,4.3,0.382
2023-12-09 08:00:00+00:00,3.0,66.66486,0.1,4.8,0.381
2023-12-09 09:00:00+00:00,3.7,65.35766,0.3,5.35,0.38
2023-12-09 10:00:00+00:00,4.45,63.629322,0.0,5.85,0.38
2023-12-09 11:00:00+00:00,5.05,62.841816,0.0,6.2,0.38
2023-12-09 12:00:00+00:00,5.5,62.71917,0.0,6.45,0.38
2023-12-09 13:00:00+00:00,4.95,67.33955,0.0,6.5,0.378
2023-12-09 14:00:00+00:00,5.0,66.86134,0.0,6.4,0.377
2023-12-09 15:00:00+00:00,4.6,67.75662,0.0,6.15,0.377
2023-12-09 16:00:00+00:00,4.6,66.04426,0.0,6.05,0.376
2023-12-09 17:00:00+00:00,4.0,67.379265,0.0,5.85,0.376
2023-12-09 18:00:00+00:00,3.45,70.037285,0.0,5.65,0.376
2023-12-09 19:00:00+00:00,3.05,72.043846,0.0,5.45,0.375
2023-12-09 20:00:00+00:00,2.55,74.9172,0.0,5.2,0.375
2023-12-09 21:00:00+00:00,2.2,77.94025,0.0,5.0,0.374
2023-12-09 22:00:00+00:00,1.75,81.37237,0.0,4.75,0.374
2023-12-09 23:00:00+00:00,1.95,80.21819,0.0,4.65,0.373
2023-12-10 00:00:00+00:00,1.95,79.633064,0.0,4.3,0.373
2023-12-10 01:00:00+00:00,1.05,87.77663,0.0,3.9,0.373
2023-12-10 02:00:00+00:00,-0.05,89.95801,0.0,3.45,0.372
2023-12-10 03:00:00+00:00,-0.85,92.92926,0.0,3.05,0.372
2023-12-10 04:00:00+00:00,-0.7,92.93771,0.0,2.8,0.371
2023-12-10 05:00:00+00:00,0.05,92.640495,0.0,2.75,0.371
2023-12-10 06:00:00+00:00,1.75,93.74662,0.0,3.05,0.37
2023-12-10 07:00:00+00:00,3.8,87.093925,0.0,3.85,0.37
2023-12-10 08:00:00+00:00,5.5,82.46206,0.0,5.1,0.369
2023-12-10 09:00:00+00:00,7.35,77.9148,0.0,6.45,0.369
2023-12-10 10:00:00+00:00,9.1,71.66294,0.0,7.7,0.368
2023-12-10 11:00:00+00:00,9.55,69.283325,0.0,8.35,0.367
2023-12-10 12:00:00+00:00,9.85,67.66587,0.0,8.8,0.366
2023-12-10 13:00:00+00:00,10.05,69.384834,0.0,8.7,0.37
2023-12-10 14:00:00+00:00,9.45,74.016,0.0,8.65,0.369
2023-12-10 15:00:00+00:00,7.7,84.486885,0.0,8.2,0.369
2023-12-10 16:00:00+00:00,7.25,86.2183,0.0,7.65,0.368
2023-12-10 17:00:00+00:00,6.3,91.07177,0.0,7.25,0.368
2023-12-10 18:00:00+00:00,4.3,94.53526,0.0,6.45,0.368
2023-12-10 19:00:00+00:00,3.85,96.20032,0.0,6.0,0.367
2023-12-10 20:00:00+00:00,3.1,97.55231,0.0,5.5,0.367
2023-12-10 21:00:00+00:00,2.45,100.0,0.0,5.05,0.367
2023-12-10 22:00:00+00:00,2.25,100.0,0.0,4.75,0.366
2023-12-10 23:00:00+00:00,2.2,99.64445,0.0,4.55,0.366
2023-12-11 00:00:00+00:00,2.85,98.5919,0.0,4.55,0.366
2023-12-11 01:00:00+00:00,3.1,99.29517,0.0,5.35,0.367
2023-12-11 02:00:00+00:00,3.65,99.2983,0.0,5.4,0.367
2023-12-11 03:00:00+00:00,3.05,99.6469,0.0,5.35,0.367
2023-12-11 04:00:00+00:00,3.35,98.94654,0.0,5.35,0.366
2023-12-11 05:00:00+00:00,3.75,96.87903,0.0,5.4,0.366
2023-12-11 06:00:00+00:00,3.85,95.86132,0.0,5.45,0.366
2023-12-11 07:00:00+00:00,5.0,89.70919,0.0,5.9,0.365
2023-12-11 08:00:00+00:00,6.7,83.1974,0.0,6.8,0.365
2023-12-11 09:00:00+00:00,8.05,78.29717,0.0,7.7,0.364
2023-12-11 10:00:00+00:00,9.0,75.23685,0.0,8.6,0.364
2023-12-11 11:00:00+00:00,10.05,71.345955,0.0,9.6,0.363
2023-12-11 12:00:00+00:00,10.45,68.744156,0.0,10.15,0.362
2023-12-11 13:00:00+00:00,9.75,73.55664,0.0,9.65,0.363
2023-12-11 14:00:00+00:00,9.45,73.758835,0.0,9.5,0.362
2023-12-11 15:00:00+00:00,6.45,87.65539,0.0,8.6,0.362
2023-12-11 16:00:00+00:00,5.3,89.41774,0.0,7.6,0.362
2023-12-11 17:00:00+00:00,4.05,92.54064,0.0,6.75,0.362
2023-12-11 18:00:00+00:00,4.35,93.21373,0.0,6.1,0.361
2023-12-11 19:00:00+00:00,4.9,92.58985,0.0,5.55,0.361
2023-12-11 20:00:00+00:00,3.45,95.50915,0.0,5.25,0.361
2023-12-11 21:00:00+00:00,2.25,96.84132,0.0,4.9,0.36
2023-12-11 22:00:00+00:00,2.55,95.47689,0.0,4.7,0.36
2023-12-11 23:00:00+00:00,2.4,96.50008,0.0,4.5,0.36
2023-12-12 00:00:00+00:00,2.65,98.2398,0.0,4.35,0.36
2023-12-12 01:00:00+00:00,3.35,97.212585,0.0,4.45,0.361
2023-12-12 02:00:00+00:00,4.4,96.555504,0.0,4.65,0.361
2023-12-12 03:00:00+00:00,4.5,98.95625,0.0,4.85,0.361
2023-12-12 04:00:00+00:00,3.9,99.299706,0.0,4.95,0.36
2023-12-12 05:00:00+00:00,4.4,97.23588,0.0,5.2,0.36
2023-12-12 06:00:00+00:00,4.1,98.606026,0.0,5.35,0.36
2023-12-12 07:00:00+00:00,4.7,97.92549,0.0,5.75,0.36
2023-12-12 08:00:00+00:00,5.65,94.923096,0.0,6.25,0.359
2023-12-12 09:00:00+00:00,7.25,90.82201,0.0,7.2,0.359
2023-12-12 10:00:00+00:00,9.55,85.56973,0.0,8.7,0.358
2023-12-12 11:00:00+00:00,10.8,80.34341,0.0,9.75,0.358
2023-12-12 12:00:00+00:00,11.65,75.94362,0.0,10.45,0.357
2023-12-12 13:00:00+00:00,12.3,75.79317,0.0,11.0,0.357
2023-12-12 14:00:00+00:00,11.55,79.90373,0.0,10.6,0.357
2023-12-12 15:00:00+00:00,7.3,92.08882,0.0,9.35,0.357
2023-12-12 16:00:00+00:00,6.75,93.66282,0.0,8.45,0.356
2023-12-12 17:00:00+00:00,5.85,95.261795,0.0,7.7,0.356
2023-12-12 18:00:00+00:00,5.15,96.91361,0.0,7.2,0.356
2023-12-12 19:00:00+00:00,4.95,96.57051,0.0,6.6,0.356
2023-12-12 20:00:00+00:00,4.25,98.262314,0.0,6.15,0.356
2023-12-12 21:00:00+00:00,4.05,99.30057,0.0,5.75,0.355
2023-12-12 22:00:00+00:00,5.65,98.281654,0.0,5.35,0.355
2023-12-12 23:00:00+00:00,3.95,100.0,0.0,5.0,0.355
2023-12-13 00:00:00+00:00,3.5,100.0,0.0,5.1,0.355
2023-12-13 01:00:00+00:00,5.3,98.962944,0.0,4.95,0.357
2023-12-13 02:00:00+00:00,5.55,99.308945,0.0,5.45,0.357
2023-12-13 03:00:00+00:00,5.7,99.309784,0.0,5.85,0.356
2023-12-13 04:00:00+00:00,6.3,98.63034,0.0,6.2,0.356
2023-12-13 05:00:00+00:00,7.05,99.317184,0.0,6.55,0.356
2023-12-13 06:00:00+00:00,7.5,100.0,0.0,6.85,0.356
2023-12-13 07:00:00+00:00,8.3,98.651924,0.0,7.4,0.356
2023-12-13 08:00:00+00:00,9.75,94.44334,0.0,8.25,0.355
2023-12-13 09:00:00+00:00,11.45,86.348625,0.0,9.3,0.355
2023-12-13 10:00:00+00:00,13.5,76.761024,0.0,10.5,0.355
2023-12-13 11:00:00+00:00,14.55,72.43594,0.0,11.35,0.354
2023-12-13 12:00:00+00:00,14.65,71.97,0.0,11.85,0.353
2023-12-13 13:00:00+00:00,14.1,82.148125,0.0,11.3,0.357
2023-12-13 14:00:00+00:00,13.65,85.145164,0.0,11.3,0.357
2023-12-13 15:00:00+00:00,13.2,88.26013,0.1,11.15,0.357
2023-12-13 16:00:00+00:00,13.4,84.55479,0.0,11.05,0.357
2023-12-13 17:00:00+00:00,13.35,80.96454,0.0,10.95,0.357
2023-12-13 18:00:00+00:00,13.5,79.64329,0.0,10.95,0.356
2023-12-13 19:00:00+00:00,13.65,81.27515,0.0,11.0,0.356
2023-12-13 20:00:00+00:00,14.15,84.08034,0.0,11.15,0.356
2023-12-13 21:00:00+00:00,14.15,86.90061,0.0,11.2,0.355
2023-12-13 22:00:00+00:00,14.55,86.938644,0.0,11.35,0.355
2023-12-13 23:00:00+00:00,14.55,89.24819,0.0,11.45,0.355
2023-12-14 00:00:00+00:00,14.75,90.14268,0.0,11.65,0.355
2023-12-14 01:00:00+00:00,14.35,92.19934,0.1,11.85,0.357
2023-12-14 02:00:00+00:00,14.6,91.91389,0.0,12.0,0.357
2023-12-14 03:00:00+00:00,14.85,92.52875,0.0,12.25,0.357
2023-12-14 04:00:00+00:00,15.2,91.35504,0.0,12.5,0.356
2023-12-14 05:00:00+00:00,15.45,90.19347,0.0,12.65,0.356
2023-12-14 06:00:00+00:00,15.8,88.48153,0.0,12.8,0.356
2023-12-14 07:00:00+00:00,16.25,86.535835,0.0,13.05,0.356
2023-12-14 08:00:00+00:00,17.1,81.98847,0.0,13.45,0.355
2023-12-14 09:00:00+00:00,18.1,77.22813,0.0,14.0,0.355
2023-12-14 10:00:00+00:00,18.8,75.8528,0.0,14.65,0.354
2023-12-14 11:00:00+00:00,19.0,74.18866,0.0,15.1,0.353
2023-12-14 12:00:00+00:00,18.85,75.61624,0.0,15.3,0.352
2023-12-14 13:00:00+00:00,18.7,77.320274,0.0,15.5,0.354
2023-12-14 14:00:00+00:00,18.3,78.51768,0.0,15.45,0.353
2023-12-14 15:00:00+00:00,17.8,81.812065,0.0,15.25,0.353
2023-12-14 16:00:00+00:00,17.5,82.30424,0.0,15.05,0.353
2023-12-14 17:00:00+00:00,17.35,80.70247,0.0,14.9,0.352
2023-12-14 18:00:00+00:00,17.25,79.3895,0.0,14.8,0.352
2023-12-14 19:00:00+00:00,17.1,79.36823,0.0,14.75,0.352
2023-12-14 20:00:00+00:00,17.0,80.65556,0.0,14.65,0.352
2023-12-14 21:00:00+00:00,17.0,81.710304,0.0,14.65,0.351
2023-12-14 22:00:00+00:00,17.1,81.45841,0.0,14.65,0.351
2023-12-14 23:00:00+00:00,16.75,82.47858,0.0,14.65,0.351
2023-12-15 00:00:00+00:00,16.45,83.52137,0.0,14.55,0.351
2023-12-15 01:00:00+00:00,16.55,80.59504,0.0,14.7,0.349
2023-12-15 02:00:00+00:00,16.0,85.394,0.0,14.55,0.349
2023-12-15 03:00:00+00:00,11.15,91.08938,0.8,13.8,0.357
2023-12-15 04:00:00+00:00,10.85,91.99118,1.0,12.85,0.369
2023-12-15 05:00:00+00:00,11.25,90.18488,0.6,12.35,0.376
2023-12-15 06:00:00+00:00,10.85,86.873634,0.1,11.9,0.375
2023-12-15 07:00:00+00:00,10.8,88.94549,0.4,11.7,0.377
2023-12-15 08:00:00+00:00,10.45,88.61655,0.3,11.5,0.378
2023-12-15 09:00:00+00:00,10.45,88.9166,0.3,11.45,0.379
2023-12-15 10:00:00+00:00,10.45,89.822174,1.6,11.35,0.398
2023-12-15 11:00:00+00:00,10.4,89.81835,1.6,11.4,0.412
2023-12-15 12:00:00+00:00,10.45,88.61655,1.0,11.35,0.414
2023-12-15 13:00:00+00:00,10.3,85.35831,0.5,11.3,0.404
2023-12-15 14:00:00+00:00,9.35,90.350716,0.4,10.9,0.403
2023-12-15 15:00:00+00:00,8.85,88.17713,0.2,10.5,0.399
2023-12-15 16:00:00+00:00,8.5,89.67175,0.2,10.1,0.396
2023-12-15 17:00:00+00:00,8.15,89.64441,0.4,9.8,0.397
2023-12-15 18:00:00+00:00,7.85,89.62089,0.4,9.5,0.398
2023-12-15 19:00:00+00:00,7.55,89.90728,0.4,9.2,0.399
2023-12-15 20:00:00+00:00,7.25,90.1959,0.5,8.95,0.402
2023-12-15 21:00:00+00:00,7.15,89.87659,0.4,8.7,0.402
2023-12-15 22:00:00+00:00,6.9,90.48311,0.8,8.5,0.407
2023-12-15 23:00:00+00:00,6.75,90.78689,0.9,8.35,0.412
2023-12-16 00:00:00+00:00,6.75,90.47221,0.6,8.2,0.411
2023-12-16 01:00:00+00:00,6.6,90.776306,1.8,8.25,0.426
2023-12-16 02:00:00+00:00,5.15,93.25598,1.2,7.85,0.424
2023-12-16 03:00:00+00:00,4.95,93.90225,1.1,7.45,0.424
2023-12-16 04:00:00+00:00,5.6,91.984505,1.7,7.25,0.429
2023-12-16 05:00:00+00:00,5.5,90.69818,3.9,7.15,0.43
2023-12-16 06:00:00+00:00,4.5,94.21176,4.8,6.9,0.43
2023-12-16 07:00:00+00:00,2.75,99.29316,4.4,6.5,0.43
2023-12-16 08:00:00+00:00,2.5,97.193504,2.5,6.0,0.43
2023-12-16 09:00:00+00:00,3.3,94.49198,0.9,5.85,0.429
2023-12-16 10:00:00+00:00,3.65,94.172935,0.5,5.9,0.427
2023-12-16 11:00:00+00:00,4.0,92.21056,0.4,6.0,0.426
2023-12-16 12:00:00+00:00,4.2,90.28403,0.4,5.95,0.425
2023-12-16 13:00:00+00:00,4.9,90.65517,0.7,6.65,0.426
2023-12-16 14:00:00+00:00,4.45,91.58874,0.8,6.4,0.427
2023-12-16 15:00:00+00:00,4.3,88.076996,0.6,6.1,0.426
2023-12-16 16:00:00+00:00,3.7,89.606,0.4,5.75,0.424
2023-12-16 17:00:00+00:00,3.2,89.5659,0.3,5.4,0.422
2023-12-16 18:00:00+00:00,3.05,84.85557,0.2,5.1,0.419
2023-12-16 19:00:00+00:00,2.55,84.49217,0.2,4.85,0.418
2023-12-16 20:00:00+00:00,2.2,85.066475,0.2,4.55,0.417
2023-12-16 21:00:00+00:00,2.35,81.75188,0.1,4.3,0.415
2023-12-16 22:00:00+00:00,2.5,78.273506,0.0,4.25,0.413
2023-12-16 23:00:00+00:00,2.4,75.998375,0.0,4.25,0.412
2023-12-17 00:00:00+00:00,2.5,72.202705,0.0,4.3,0.41
2023-12-17 01:00:00+00:00,2.9,69.92454,0.0,4.7,0.408
2023-12-17 02:00:00+00:00,2.75,68.6138,0.0,4.6,0.407
2023-12-17 03:00:00+00:00,2.15,70.812355,0.0,4.4,0.406
2023-12-17 04:00:00+00:00,1.8,74.232994,0.0,4.2,0.405
2023-12-17 05:00:00+00:00,1.3,78.95211,0.0,3.95,0.404
2023-12-17 06:00:00+00:00,1.35,81.61613,0.0,3.75,0.403
2023-12-17 07:00:00+00:00,3.4,74.79446,0.0,4.2,0.401
2023-12-17 08:00:00+00:00,4.95,70.341835,0.0,5.05,0.4
2023-12-17 09:00:00+00:00,6.15,63.563374,0.0,6.05,0.399
2023-12-17 10:00:00+00:00,7.05,58.035816,0.0,6.75,0.398
2023-12-17 11:00:00+00:00,7.45,55.855385,0.0,7.3,0.397
2023-12-17 12:00:00+00:00,7.85,53.76083,0.0,7.7,0.395
2023-12-17 13:00:00+00:00,7.55,59.228172,0.0,7.85,0.395
2023-12-17 14:00:00+00:00,7.25,61.114456,0.0,7.7,0.394
2023-12-17 15:00:00+00:00,5.15,75.10286,0.0,7.15,0.393
2023-12-17 16:00:00+00:00,3.75,82.53098,0.0,6.4,0.393
2023-12-17 17:00:00+00:00,2.15,87.5623,0.0,5.55,0.392
2023-12-17 18:00:00+00:00,1.15,89.39912,0.0,4.8,0.392
2023-12-17 19:00:00+00:00,0.8,90.68297,0.0,4.25,0.391
2023-12-17 20:00:00+00:00,1.4,87.80951,0.0,3.8,0.391
2023-12-17 21:00:00+00:00,1.8,87.846924,0.0,3.35,0.39
2023-12-17 22:00:00+00:00,0.85,92.35091,0.0,3.05,0.39
2023-12-17 23:00:00+00:00,-0.1,95.37986,0.0,2.7,0.389
2023-12-18 00:00:00+00:00,-1.3,97.46347,0.0,2.5,0.389
2023-12-18 01:00:00+00:00,0.0,95.73186,0.0,2.5,0.388
2023-12-18 02:00:00+00:00,0.05,95.03842,0.0,2.25,0.387
2023-12-18 03:00:00+00:00,-0.4,95.02044,0.0,2.0,0.387
2023-12-18 04:00:00+00:00,-1.75,97.45412,0.0,1.85,0.387
2023-12-18 05:00:00+00:00,-1.75,97.09515,0.0,1.65,0.386
2023-12-18 06:00:00+00:00,-1.5,96.03336,0.0,1.6,0.386
2023-12-18 07:00:00+00:00,1.35,86.534805,0.0,2.35,0.385
2023-12-18 08:00:00+00:00,3.55,76.47153,0.0,3.65,0.385
2023-12-18 09:00:00+00:00,5.45,65.27666,0.0,5.1,0.384
2023-12-18 10:00:00+00:00,7.05,60.404835,0.0,6.45,0.383
2023-12-18 11:00:00+00:00,8.25,57.090748,0.0,7.55,0.382
2023-12-18 12:00:00+00:00,9.0,54.661026,0.0,8.25,0.381
2023-12-18 13:00:00+00:00,8.95,57.27148,0.0,8.65,0.382
2023-12-18 14:00:00+00:00,8.65,57.81595,0.0,8.25,0.382
2023-12-18 15:00:00+00:00,5.25,75.12034,0.0,7.05,0.382
2023-12-18 16:00:00+00:00,4.5,77.74172,0.0,6.15,0.381
2023-12-18 17:00:00+00:00,3.2,83.960556,0.0,5.45,0.381
2023-12-18 18:00:00+00:00,3.1,81.557144,0.0,4.85,0.381
2023-12-18 19:00:00+00:00,3.95,75.71124,0.0,4.35,0.38
2023-12-18 20:00:00+00:00,3.7,75.94347,0.0,3.95,0.38
2023-12-18 21:00:00+00:00,4.0,73.82098,0.0,3.6,0.38
2023-12-18 22:00:00+00:00,4.65,70.281265,0.0,3.35,0.379
2023-12-18 23:00:00+00:00,4.2,71.74159,0.0,3.1,0.379
2023-12-19 00:00:00+00:00,2.1,79.947205,0.0,2.85,0.379
2023-12-19 01:00:00+00:00,3.45,75.900734,0.0,2.25,0.382
2023-12-19 02:00:00+00:00,3.05,77.227295,0.0,2.1,0.382
2023-12-19 03:00:00+00:00,0.95,84.61386,0.0,2.0,0.381
2023-12-19 04:00:00+00:00,0.85,84.91317,0.0,1.85,0.381
2023-12-19 05:00:00+00:00,-0.7,91.24283,0.0,1.7,0.38
2023-12-19 06:00:00+00:00,-0.85,94.30682,0.0,1.6,0.38
2023-12-19 07:00:00+00:00,1.45,91.38974,0.0,2.35,0.38
2023-12-19 08:00:00+00:00,4.25,86.212074,0.0,3.7,0.379
2023-12-19 09:00:00+00:00,6.9,75.67354,0.0,5.25,0.378
2023-12-19 10:00:00+00:00,8.7,67.90006,0.0,6.75,0.377
2023-12-19 11:00:00+00:00,9.8,63.952282,0.0,7.95,0.377
2023-12-19 12:00:00+00:00,10.45,62.32261,0.0,8.7,0.376
2023-12-19 13:00:00+00:00,11.05,65.14051,0.0,9.1,0.375
2023-12-19 14:00:00+00:00,9.85,73.06541,0.0,8.7,0.375
2023-12-19 15:00:00+00:00,8.95,73.9268,0.0,7.4,0.375
2023-12-19 16:00:00+00:00,5.85,84.57125,0.0,6.35,0.374
2023-12-19 17:00:00+00:00,4.8,88.747765,0.0,5.55,0.374
2023-12-19 18:00:00+00:00,4.7,90.002945,0.0,4.95,0.374
2023-12-19 19:00:00+00:00,4.3,91.57895,0.0,4.45,0.374
2023-12-19 20:00:00+00:00,2.35,96.15459,0.0,4.1,0.373
2023-12-19 21:00:00+00:00,2.2,96.84006,0.0,3.85,0.373
2023-12-19 22:00:00+00:00,2.05,96.49024,0.0,3.55,0.373
2023-12-19 23:00:00+00:00,2.1,97.53253,0.0,3.25,0.373
2023-12-20 00:00:00+00:00,1.45,99.64226,0.0,3.0,0.372
2023-12-20 01:00:00+00:00,0.15,99.27803,0.0,2.15,0.374
2023-12-20 02:00:00+00:00,0.25,97.49531,0.0,2.15,0.373
2023-12-20 03:00:00+00:00,0.9,95.76266,0.0,2.15,0.373
2023-12-20 04:00:00+00:00,1.95,94.09409,0.0,2.25,0.373
2023-12-20 05:00:00+00:00,0.8,96.45478,0.0,2.2,0.372
2023-12-20 06:00:00+00:00,0.65,96.450485,0.0,2.25,0.372
2023-12-20 07:00:00+00:00,2.1,94.77872,0.0,2.85,0.372
2023-12-20 08:00:00+00:00,3.8,93.5152,0.0,3.95,0.372
2023-12-20 09:00:00+00:00,5.45,92.9461,0.0,5.25,0.371
2023-12-20 10:00:00+00:00,7.8,85.38235,0.0,6.6,0.371
2023-12-20 11:00:00+00:00,10.45,78.12385,0.0,7.95,0.37
2023-12-20 12:00:00+00:00,12.35,73.76832,0.0,8.9,0.369
2023-12-20 13:00:00+00:00,13.2,76.97172,0.0,9.75,0.363
2023-12-20 14:00:00+00:00,12.5,83.61014,0.0,9.65,0.362
2023-12-20 15:00:00+00:00,11.15,91.08938,0.0,9.15,0.362
2023-12-20 16:00:00+00:00,11.4,92.332344,0.0,8.85,0.362
2023-12-20 17:00:00+00:00,11.75,91.43394,0.0,8.8,0.362
2023-12-20 18:00:00+00:00,11.7,90.8225,0.0,8.85,0.362
2023-12-20 19:00:00+00:00,11.2,89.879166,0.0,8.8,0.362
2023-12-20 20:00:00+00:00,10.05,92.2534,0.0,8.6,0.362
2023-12-20 21:00:00+00:00,9.95,92.247505,0.0,8.45,0.362
2023-12-20 22:00:00+00:00,9.9,91.933266,0.0,8.35,0.362
2023-12-20 23:00:00+00:00,9.45,92.84537,0.0,8.15,0.362
2023-12-21 00:00:00+00:00,9.55,94.43477,0.0,8.1,0.362
2023-12-21 01:00:00+00:00,10.3,94.78464,0.4,9.2,0.367
2023-12-21 02:00:00+00:00,9.8,96.050186,0.0,8.95,0.367
2023-12-21 03:00:00+00:00,9.35,96.68717,0.0,8.6,0.367
2023-12-21 04:00:00+00:00,9.2,96.357025,0.0,8.35,0.367
2023-12-21 05:00:00+00:00,7.95,98.64818,0.0,8.0,0.367
2023-12-21 06:00:00+00:00,7.55,99.65944,0.0,7.7,0.366
2023-12-21 07:00:00+00:00,7.6,98.30808,0.0,8.0,0.366
2023-12-21 08:00:00+00:00,7.3,95.64336,0.0,8.3,0.366
2023-12-21 09:00:00+00:00,7.85,84.504005,0.0,8.7,0.365
2023-12-21 10:00:00+00:00,9.55,70.50654,0.0,9.55,0.365
2023-12-21 11:00:00+00:00,10.6,62.577663,0.0,10.3,0.364
2023-12-21 12:00:00+00:00,10.8,65.0848,0.0,10.65,0.363
2023-12-21 13:00:00+00:00,11.9,66.23988,0.0,11.35,0.358
2023-12-21 14:00:00+00:00,10.95,73.01377,0.0,10.95,0.358
2023-12-21 15:00:00+00:00,8.15,81.65609,0.0,9.85,0.358
2023-12-21 16:00:00+00:00,7.5,75.508736,0.0,9.05,0.358
2023-12-21 17:00:00+00:00,5.95,76.32333,0.0,8.3,0.358
2023-12-21 18:00:00+00:00,4.65,82.942024,0.0,7.55,0.358
2023-12-21 19:00:00+00:00,3.95,87.73199,0.0,6.9,0.358
2023-12-21 20:00:00+00:00,3.2,90.53167,0.0,6.45,0.357
2023-12-21 21:00:00+00:00,3.75,88.02693,0.0,5.95,0.357
2023-12-21 22:00:00+00:00,3.25,89.56992,0.0,5.5,0.357
2023-12-21 23:00:00+00:00,4.25,85.9054,0.0,5.1,0.357
2023-12-22 00:00:00+00:00,4.1,86.81335,0.0,4.7,0.357
2023-12-22 01:00:00+00:00,1.9,93.41741,0.0,4.6,0.352
2023-12-22 02:00:00+00:00,1.85,93.75156,0.0,4.4,0.352
2023-12-22 03:00:00+00:00,2.5,92.11876,0.0,4.3,0.352
2023-12-22 04:00:00+00:00,3.65,88.01781,0.0,4.35,0.352
2023-12-22 05:00:00+00:00,5.05,85.38279,0.0,4.55,0.351
2023-12-22 06:00:00+00:00,6.95,90.173485,0.0,5.05,0.351
2023-12-22 07:00:00+00:00,9.2,92.20309,0.0,6.0,0.351
2023-12-22 08:00:00+00:00,11.6,82.66212,0.0,7.35,0.351
2023-12-22 09:00:00+00:00,12.6,70.61564,0.0,8.45,0.351
2023-12-22 10:00:00+00:00,12.6,68.70962,0.0,9.05,0.351
2023-12-22 11:00:00+00:00,12.7,63.503345,0.1,9.65,0.351
2023-12-22 12:00:00+00:00,12.15,62.28614,0.0,10.0,0.35
2023-12-22 13:00:00+00:00,10.7,81.71086,0.0,9.7,0.351
2023-12-22 14:00:00+00:00,10.45,87.1296,0.1,9.7,0.352
2023-12-22 15:00:00+00:00,8.05,89.636566,0.0,8.8,0.352
2023-12-22 16:00:00+00:00,8.95,88.79153,0.0,8.25,0.352
2023-12-22 17:00:00+00:00,7.95,93.081245,0.0,7.25,0.351
2023-12-22 18:00:00+00:00,7.25,94.98625,0.0,6.6,0.351
2023-12-22 19:00:00+00:00,4.6,98.26718,0.0,6.1,0.351
2023-12-22 20:00:00+00:00,6.45,89.822525,0.0,6.1,0.351
2023-12-22 21:00:00+00:00,6.5,84.053566,0.0,6.2,0.351
2023-12-22 22:00:00+00:00,5.9,79.36064,0.0,6.05,0.351
2023-12-22 23:00:00+00:00,4.55,73.654396,0.0,5.25,0.351
2023-12-23 00:00:00+00:00,2.5,83.27031,0.0,4.6,0.351
2023-12-23 01:00:00+00:00,4.55,85.024864,0.0,5.75,0.358
2023-12-23 02:00:00+00:00,4.5,73.645226,0.0,5.45,0.358
2023-12-23 03:00:00+00:00,5.25,68.391,0.0,5.3,0.357
2023-12-23 04:00:00+00:00,5.6,75.18132,0.0,5.25,0.357
2023-12-23 05:00:00+00:00,7.3,80.97396,0.0,5.55,0.357
2023-12-23 06:00:00+00:00,8.85,77.33694,0.0,6.1,0.357
2023-12-23 07:00:00+00:00,10.4,72.15968,0.0,6.9,0.356
2023-12-23 08:00:00+00:00,12.1,66.28317,0.0,7.95,0.356
2023-12-23 09:00:00+00:00,12.75,61.56763,0.0,8.8,0.355
2023-12-23 10:00:00+00:00,14.15,56.203426,0.0,9.85,0.354
2023-12-23 11:00:00+00:00,13.85,60.98257,0.0,10.4,0.353
2023-12-23 12:00:00+00:00,14.5,55.327595,0.0,11.0,0.352
2023-12-23 13:00:00+00:00,13.0,65.346085,0.7,11.05,0.36
2023-12-23 14:00:00+00:00,12.5,60.238445,0.1,10.6,0.36
2023-12-23 15:00:00+00:00,9.05,66.080666,0.0,9.55,0.359
2023-12-23 16:00:00+00:00,7.05,72.80433,0.0,8.25,0.359
2023-12-23 17:00:00+00:00,9.7,59.76408,0.0,7.25,0.359
2023-12-23 18:00:00+00:00,5.5,77.34601,0.0,6.5,0.358
2023-12-23 19:00:00+00:00,5.7,73.864296,0.0,5.9,0.358
2023-12-23 20:00:00+00:00,4.7,80.61195,0.0,5.55,0.358
2023-12-23 21:00:00+00:00,4.95,82.97975,0.0,5.25,0.358
2023-12-23 22:00:00+00:00,6.85,75.397415,0.0,5.2,0.357
2023-12-23 23:00:00+00:00,8.25,72.51464,0.0,5.7,0.357
2023-12-24 00:00:00+00:00,9.1,69.67972,0.0,6.4,0.357
2023-12-24 01:00:00+00:00,5.8,71.79217,0.0,7.25,0.35
2023-12-24 02:00:00+00:00,6.45,69.38706,0.0,6.8,0.349
2023-12-24 03:00:00+00:00,6.3,70.10747,0.0,6.4,0.349
2023-12-24 04:00:00+00:00,8.55,59.907387,0.0,6.25,0.349
2023-12-24 05:00:00+00:00,11.95,45.39341,0.0,7.0,0.349
2023-12-24 06:00:00+00:00,12.55,43.954285,0.0,7.7,0.349
2023-12-24 07:00:00+00:00,12.85,46.977646,0.0,8.35,0.348
2023-12-24 08:00:00+00:00,13.9,48.975697,0.0,9.25,0.348
2023-12-24 09:00:00+00:00,15.35,46.362495,0.0,10.3,0.347
2023-12-24 10:00:00+00:00,16.15,43.434834,0.0,11.35,0.346
2023-12-24 11:00:00+00:00,17.0,40.14825,0.0,12.1,0.345
2023-12-24 12:00:00+00:00,16.7,49.234768,0.0,12.65,0.344
2023-12-24 13:00:00+00:00,16.45,58.74925,0.0,13.15,0.34
2023-12-24 14:00:00+00:00,14.75,66.174805,0.0,12.75,0.34
2023-12-24 15:00:00+00:00,12.3,72.76077,0.0,11.9,0.34
2023-12-24 16:00:00+00:00,10.85,76.85801,0.0,11.0,0.34
2023-12-24 17:00:00+00:00,10.1,80.24545,0.0,10.3,0.34
2023-12-24 18:00:00+00:00,10.1,80.79759,0.0,9.85,0.34
2023-12-24 19:00:00+00:00,10.15,81.35976,0.0,9.6,0.34
2023-12-24 20:00:00+00:00,10.45,80.84546,0.0,9.45,0.34
2023-12-24 21:00:00+00:00,10.1,83.60891,0.0,9.35,0.34
2023-12-24 22:00:00+00:00,10.0,88.278175,0.0,9.2,0.34
2023-12-24 23:00:00+00:00,10.25,89.5037,0.0,9.15,0.34
2023-12-25 00:00:00+00:00,10.2,89.49976,0.0,9.1,0.34
2023-12-25 01:00:00+00:00,11.15,89.27376,0.0,9.15,0.341
2023-12-25 02:00:00+00:00,11.15,92.627205,0.0,9.3,0.341
2023-12-25 03:00:00+00:00,11.25,93.87857,0.0,9.45,0.341
2023-12-25 04:00:00+00:00,11.5,92.64674,0.0,9.6,0.341
2023-12-25 05:00:00+00:00,11.65,92.34683,0.0,9.75,0.341
2023-12-25 06:00:00+00:00,11.85,93.284546,0.0,9.9,0.341
2023-12-25 07:00:00+00:00,13.1,92.12593,0.0,10.45,0.341
2023-12-25 08:00:00+00:00,14.85,89.56371,0.0,11.45,0.341
2023-12-25 09:00:00+00:00,16.45,82.441605,0.0,12.5,0.34
2023-12-25 10:00:00+00:00,17.5,74.659874,0.0,13.45,0.34
2023-12-25 11:00:00+00:00,17.8,69.97589,0.0,14.15,0.339
2023-12-25 12:00:00+00:00,17.7,68.36219,0.0,14.55,0.339
2023-12-25 13:00:00+00:00,17.8,66.82089,0.0,15.2,0.337
2023-12-25 14:00:00+00:00,16.45,69.021324,0.0,14.75,0.337
2023-12-25 15:00:00+00:00,14.75,75.94156,0.0,13.95,0.337
2023-12-25 16:00:00+00:00,14.1,78.41145,0.0,13.35,0.337
2023-12-25 17:00:00+00:00,13.5,83.7273,0.0,12.85,0.337
2023-12-25 18:00:00+00:00,13.05,90.31588,0.0,12.45,0.337
2023-12-25 19:00:00+00:00,13.05,93.65312,0.0,12.2,0.337
2023-12-25 20:00:00+00:00,13.25,94.590164,0.0,12.1,0.337
2023-12-25 21:00:00+00:00,13.35,95.216576,0.0,12.1,0.337
2023-12-25 22:00:00+00:00,13.45,95.22023,0.0,12.1,0.337
2023-12-25 23:00:00+00:00,13.4,95.84409,0.0,12.1,0.337
2023-12-26 00:00:00+00:00,13.35,95.84249,0.0,12.1,0.337
2023-12-26 01:00:00+00:00,13.9,96.486885,0.0,12.2,0.333
2023-12-26 02:00:00+00:00,13.65,95.85203,0.0,12.25,0.333
2023-12-26 03:00:00+00:00,13.45,95.22023,0.0,12.25,0.333
2023-12-26 04:00:00+00:00,13.35,94.59427,0.0,12.15,0.334
2023-12-26 05:00:00+00:00,13.15,94.27578,0.0,12.05,0.334
2023-12-26 06:00:00+00:00,13.15,93.96641,0.0,11.95,0.335
2023-12-26 07:00:00+00:00,14.1,92.18473,0.0,12.3,0.335
2023-12-26 08:00:00+00:00,15.85,85.37829,0.0,13.1,0.335
2023-12-26 09:00:00+00:00,17.2,78.10094,0.0,14.0,0.334
2023-12-26 10:00:00+00:00,18.0,72.345345,0.0,14.7,0.334
2023-12-26 11:00:00+00:00,18.3,70.072495,0.0,15.25,0.333
2023-12-26 12:00:00+00:00,18.25,68.92389,0.0,15.6,0.333
2023-12-26 13:00:00+00:00,17.8,68.834366,0.0,16.25,0.333
2023-12-26 14:00:00+00:00,16.95,72.6311,0.0,15.8,0.333
2023-12-26 15:00:00+00:00,15.65,78.64128,0.0,15.1,0.333
2023-12-26 16:00:00+00:00,14.9,81.978195,0.0,14.45,0.333
2023-12-26 17:00:00+00:00,14.5,82.19856,0.0,14.0,0.333
2023-12-26 18:00:00+00:00,14.3,81.63082,0.0,13.65,0.333
2023-12-26 19:00:00+00:00,14.1,82.968956,0.0,13.35,0.333
2023-12-26 20:00:00+00:00,13.9,86.02063,0.0,13.15,0.333
2023-12-26 21:00:00+00:00,13.6,90.95193,0.0,12.95,0.333
2023-12-26 22:00:00+00:00,13.45,92.14658,0.0,12.8,0.333
2023-12-26 23:00:00+00:00,13.25,91.83185,0.0,12.65,0.333
2023-12-27 00:00:00+00:00,12.95,91.81345,0.0,12.5,0.333
2023-12-27 01:00:00+00:00,13.2,90.32669,0.0,12.4,0.333
2023-12-27 02:00:00+00:00,12.65,92.09924,0.0,12.25,0.333
2023-12-27 03:00:00+00:00,11.8,94.53004,0.0,12.0,0.333
2023-12-27 04:00:00+00:00,11.45,95.46354,0.0,11.7,0.333
2023-12-27 05:00:00+00:00,11.35,95.460045,0.0,11.5,0.333
2023-12-27 06:00:00+00:00,10.5,96.71669,0.0,11.25,0.333
2023-12-27 07:00:00+00:00,11.4,96.73952,0.0,11.45,0.333
2023-12-27 08:00:00+00:00,12.55,89.682274,0.0,12.3,0.333
2023-12-27 09:00:00+00:00,13.8,71.3281,0.0,13.2,0.332
2023-12-27 10:00:00+00:00,15.4,59.093685,0.0,14.1,0.332
2023-12-27 11:00:00+00:00,16.2,53.888397,0.0,14.85,0.331
2023-12-27 12:00:00+00:00,16.35,53.559277,0.0,15.2,0.33
2023-12-27 13:00:00+00:00,17.2,55.452713,0.0,16.1,0.326
2023-12-27 14:00:00+00:00,15.45,70.21731,0.0,15.5,0.326
2023-12-27 15:00:00+00:00,12.2,72.24736,0.0,14.1,0.326
2023-12-27 16:00:00+00:00,10.4,77.58151,0.0,12.85,0.326
2023-12-27 17:00:00+00:00,9.1,82.06389,0.0,11.8,0.326
2023-12-27 18:00:00+00:00,8.15,85.12522,0.0,11.0,0.326
2023-12-27 19:00:00+00:00,7.45,87.74782,0.0,10.35,0.326
2023-12-27 20:00:00+00:00,6.65,89.838005,0.0,9.75,0.326
2023-12-27 21:00:00+00:00,6.25,89.49409,0.0,9.25,0.326
2023-12-27 22:00:00+00:00,6.3,86.42266,0.0,8.9,0.327
2023-12-27 23:00:00+00:00,5.45,89.42984,0.0,8.6,0.327
2023-12-28 00:00:00+00:00,4.85,92.91308,0.0,8.25,0.327
2023-12-28 01:00:00+00:00,4.9,94.8931,0.0,7.9,0.324
2023-12-28 02:00:00+00:00,4.65,94.550285,0.0,7.55,0.324
2023-12-28 03:00:00+00:00,4.0,94.18897,0.0,7.25,0.324
2023-12-28 04:00:00+00:00,3.85,93.51775,0.0,6.95,0.324
2023-12-28 05:00:00+00:00,3.6,93.50501,0.0,6.6,0.324
2023-12-28 06:00:00+00:00,3.35,94.494156,0.0,6.35,0.324
2023-12-28 07:00:00+00:00,6.35,84.925896,0.0,6.95,0.324
2023-12-28 08:00:00+00:00,8.95,77.084404,0.0,8.2,0.324
2023-12-28 09:00:00+00:00,11.15,67.70386,0.0,9.65,0.324
2023-12-28 10:00:00+00:00,12.65,63.05438,0.0,11.05,0.323
2023-12-28 11:00:00+00:00,13.75,60.958733,0.0,12.2,0.323
2023-12-28 12:00:00+00:00,14.4,59.663273,0.0,13.0,0.322
2023-12-28 13:00:00+00:00,15.0,55.840508,0.0,13.9,0.322
2023-12-28 14:00:00+00:00,14.7,57.12648,0.0,13.35,0.322
2023-12-28 15:00:00+00:00,13.5,62.81644,0.0,11.95,0.322
2023-12-28 16:00:00+00:00,8.45,84.28056,0.0,10.65,0.322
2023-12-28 17:00:00+00:00,7.25,88.64726,0.0,9.7,0.322
2023-12-28 18:00:00+00:00,7.1,89.87274,0.0,9.1,0.322
2023-12-28 19:00:00+00:00,6.0,92.65286,0.0,8.6,0.322
2023-12-28 20:00:00+00:00,5.75,92.96251,0.0,8.05,0.322
2023-12-28 21:00:00+00:00,5.1,95.23376,0.0,7.55,0.322
2023-12-28 22:00:00+00:00,4.9,95.89561,0.0,7.25,0.322
2023-12-28 23:00:00+00:00,6.15,92.984314,0.0,6.85,0.322
2023-12-29 00:00:00+00:00,4.9,93.89986,0.0,6.5,0.322
2023-12-29 01:00:00+00:00,5.05,80.373985,0.0,5.25,0.325
2023-12-29 02:00:00+00:00,7.25,70.04837,0.0,5.15,0.325
2023-12-29 03:00:00+00:00,7.15,71.54062,0.0,5.0,0.325
2023-12-29 04:00:00+00:00,5.05,83.28783,0.0,4.85,0.325
2023-12-29 05:00:00+00:00,2.6,96.50568,0.0,4.75,0.325
2023-12-29 06:00:00+00:00,3.75,94.51153,0.0,4.7,0.325
2023-12-29 07:00:00+00:00,5.55,90.70176,0.0,5.5,0.325
2023-12-29 08:00:00+00:00,7.85,86.27967,0.0,6.85,0.325
2023-12-29 09:00:00+00:00,9.65,82.70046,0.0,8.3,0.325
2023-12-29 10:00:00+00:00,12.35,77.620865,0.0,9.9,0.324
2023-12-29 11:00:00+00:00,14.75,74.93578,0.0,11.2,0.324
2023-12-29 12:00:00+00:00,16.0,68.7017,0.0,12.05,0.323
2023-12-29 13:00:00+00:00,15.7,70.97236,0.0,12.05,0.321
2023-12-29 14:00:00+00:00,14.6,76.42479,0.0,12.05,0.321
2023-12-29 15:00:00+00:00,12.25,88.47225,0.0,11.4,0.321
2023-12-29 16:00:00+00:00,11.3,93.5682,0.0,10.8,0.321
2023-12-29 17:00:00+00:00,10.75,95.758606,0.0,10.35,0.321
2023-12-29 18:00:00+00:00,10.2,96.70903,0.0,9.95,0.321
2023-12-29 19:00:00+00:00,9.65,97.348114,0.0,9.6,0.321
2023-12-29 20:00:00+00:00,8.75,97.99105,0.0,9.2,0.321
2023-12-29 21:00:00+00:00,7.95,98.64818,0.0,8.8,0.321
2023-12-29 22:00:00+00:00,7.2,100.0,0.0,8.35,0.321
2023-12-29 23:00:00+00:00,7.8,100.0,0.0,7.95,0.321
2023-12-30 00:00:00+00:00,8.8,100.0,0.0,7.55,0.321
2023-12-30 01:00:00+00:00,8.5,100.0,0.0,7.55,0.321
2023-12-30 02:00:00+00:00,9.4,100.0,0.0,7.75,0.321
2023-12-30 03:00:00+00:00,9.1,99.663605,0.0,7.8,0.321
2023-12-30 04:00:00+00:00,8.2,98.65086,0.0,8.0,0.321
2023-12-30 05:00:00+00:00,8.6,95.687325,0.0,8.3,0.321
2023-12-30 06:00:00+00:00,8.65,94.71777,0.0,8.5,0.321
2023-12-30 07:00:00+00:00,8.95,95.69906,0.0,8.75,0.321
2023-12-30 08:00:00+00:00,9.45,96.03944,0.0,9.15,0.322
2023-12-30 09:00:00+00:00,10.3,95.74382,0.0,9.7,0.322
2023-12-30 10:00:00+00:00,11.25,93.56574,0.0,10.45,0.322
2023-12-30 11:00:00+00:00,11.85,92.05148,0.0,11.0,0.322
2023-12-30 12:00:00+00:00,13.0,87.950645,0.0,11.75,0.322
2023-12-30 13:00:00+00:00,14.85,82.78636,0.0,12.6,0.321
2023-12-30 14:00:00+00:00,14.45,84.95032,0.0,12.6,0.32
2023-12-30 15:00:00+00:00,11.05,93.86921,0.0,11.65,0.321
2023-12-30 16:00:00+00:00,11.6,94.20781,0.0,11.05,0.321
2023-12-30 17:00:00+00:00,11.3,95.14096,0.0,10.7,0.321
2023-12-30 18:00:00+00:00,10.45,96.715416,0.0,10.35,0.321
2023-12-30 19:00:00+00:00,8.8,100.0,0.0,9.8,0.321
2023-12-30 20:00:00+00:00,9.05,100.0,0.0,9.4,0.321
2023-12-30 21:00:00+00:00,8.3,98.98742,0.0,9.15,0.321
2023-12-30 22:00:00+00:00,8.0,99.66065,0.0,9.05,0.321
2023-12-30 23:00:00+00:00,8.0,99.66065,0.0,9.05,0.321
2023-12-31 00:00:00+00:00,8.05,99.32259,0.0,9.05,0.321
2023-12-31 01:00:00+00:00,7.4,99.65902,0.0,8.2,0.321
2023-12-31 02:00:00+00:00,7.2,99.658485,0.0,8.25,0.321
2023-12-31 03:00:00+00:00,7.55,95.65186,0.0,8.35,0.321
2023-12-31 04:00:00+00:00,7.6,95.32625,0.0,8.35,0.321
2023-12-31 05:00:00+00:00,7.4,94.66626,0.0,8.35,0.321
2023-12-31 06:00:00+00:00,6.9,96.290855,0.0,8.2,0.321
2023-12-31 07:00:00+00:00,7.05,95.63482,0.0,8.35,0.321
2023-12-31 08:00:00+00:00,7.3,96.63357,0.0,8.8,0.321
2023-12-31 09:00:00+00:00,8.6,89.98723,0.0,9.55,0.321
2023-12-31 10:00:00+00:00,10.4,85.659485,0.0,10.7,0.321
2023-12-31 11:00:00+00:00,11.75,77.79149,0.0,11.6,0.32
2023-12-31 12:00:00+00:00,12.8,73.09989,0.0,12.2,0.32
2023-12-31 13:00:00+00:00,14.05,74.31652,0.0,12.65,0.322
2023-12-31 14:00:00+00:00,13.5,81.25531,0.0,12.45,0.322
2023-12-31 15:00:00+00:00,11.5,90.20324,0.0,11.8,0.322
2023-12-31 16:00:00+00:00,11.2,90.181206,0.0,11.05,0.322
2023-12-31 17:00:00+00:00,9.4,96.0379,0.0,10.25,0.322
2023-12-31 18:00:00+00:00,9.6,96.368355,0.0,9.9,0.322
2023-12-31 19:00:00+00:00,10.55,95.43199,0.0,9.8,0.322
2023-12-31 20:00:00+00:00,10.35,96.71286,0.0,9.8,0.322
2023-12-31 21:00:00+00:00,11.15,95.135376,0.0,9.65,0.322
2023-12-31 22:00:00+00:00,10.75,96.07914,0.0,9.65,0.322
2023-12-31 23:00:00+00:00,10.85,96.40342,0.1,9.9,0.322
2024-01-01 00:00:00+00:00,10.45,95.74878,0.1,9.85,0.323
2024-01-01 01:00:00+00:00,9.3,95.71073,0.1,9.4,0.325
2024-01-01 02:00:00+00:00,9.75,95.08261,0.0,9.45,0.325
2024-01-01 03:00:00+00:00,10.5,92.90247,0.0,9.5,0.325
2024-01-01 04:00:00+00:00,11.5,92.64674,0.0,9.85,0.325
2024-01-01 05:00:00+00:00,11.35,95.14283,0.0,10.0,0.325
2024-01-01 06:00:00+00:00,11.15,96.41175,0.0,10.05,0.325
2024-01-01 07:00:00+00:00,12.0,94.85223,0.1,10.45,0.326
2024-01-01 08:00:00+00:00,13.55,87.99921,0.1,11.3,0.326
2024-01-01 09:00:00+00:00,14.4,83.279945,0.0,12.1,0.327
2024-01-01 10:00:00+00:00,15.2,77.79908,0.1,12.75,0.327
2024-01-01 11:00:00+00:00,15.85,72.19143,0.0,13.3,0.327
2024-01-01 12:00:00+00:00,16.0,69.392815,0.0,13.6,0.326
2024-01-01 13:00:00+00:00,15.65,73.852936,0.0,13.9,0.324
2024-01-01 14:00:00+00:00,14.8,76.202965,0.0,13.65,0.324
2024-01-01 15:00:00+00:00,13.2,81.760284,0.0,13.1,0.324
2024-01-01 16:00:00+00:00,12.3,87.59569,0.0,12.45,0.324
2024-01-01 17:00:00+00:00,11.45,92.33524,0.0,11.95,0.324
2024-01-01 18:00:00+00:00,11.0,93.866875,0.0,11.5,0.324
2024-01-01 19:00:00+00:00,10.9,94.80865,0.0,11.15,0.324
2024-01-01 20:00:00+00:00,10.8,96.08065,0.0,10.95,0.324
2024-01-01 21:00:00+00:00,10.65,96.72051,0.0,10.75,0.324
2024-01-01 22:00:00+00:00,10.65,96.72051,0.0,10.6,0.324
2024-01-01 23:00:00+00:00,10.8,96.08065,0.0,10.5,0.324
2024-01-02 00:00:00+00:00,10.85,95.76188,0.0,10.45,0.324
2024-01-02 01:00:00+00:00,11.3,93.880905,0.0,10.25,0.324
2024-01-02 02:00:00+00:00,11.25,94.19231,0.0,10.35,0.324
2024-01-02 03:00:00+00:00,11.4,94.19897,0.0,10.45,0.324
2024-01-02 04:00:00+00:00,11.3,94.824554,0.0,10.5,0.324
2024-01-02 05:00:00+00:00,11.5,95.14843,0.0,10.6,0.324
2024-01-02 06:00:00+00:00,11.65,95.78793,0.0,10.7,0.324
2024-01-02 07:00:00+00:00,12.3,95.17808,0.0,11.05,0.324
2024-01-02 08:00:00+00:00,12.95,93.648315,0.0,11.55,0.324
2024-01-02 09:00:00+00:00,13.9,89.19661,0.0,12.1,0.325
2024-01-02 10:00:00+00:00,14.45,84.95032,0.0,12.55,0.325
2024-01-02 11:00:00+00:00,14.45,81.650246,2.2,12.95,0.351
2024-01-02 12:00:00+00:00,14.0,86.03074,4.2,13.25,0.404
2024-01-02 13:00:00+00:00,13.05,89.720505,5.9,13.15,0.42
2024-01-02 14:00:00+00:00,12.35,83.59246,0.2,12.65,0.407
2024-01-02 15:00:00+00:00,11.35,84.89559,0.0,11.95,0.399
2024-01-02 16:00:00+00:00,8.55,92.47961,0.0,10.9,0.393
2024-01-02 17:00:00+00:00,7.55,94.02451,0.0,10.05,0.389
2024-01-02 18:00:00+00:00,6.3,95.60908,0.0,9.3,0.386
2024-01-02 19:00:00+00:00,7.35,93.049164,0.0,8.55,0.383
2024-01-02 20:00:00+00:00,7.45,94.01988,0.0,7.95,0.38
2024-01-02 21:00:00+00:00,6.95,95.96135,0.0,7.4,0.378
2024-01-02 22:00:00+00:00,6.05,97.27191,0.0,7.0,0.376
2024-01-02 23:00:00+00:00,4.2,99.65016,0.0,6.7,0.374
2024-01-03 00:00:00+00:00,4.5,99.651,0.0,6.45,0.373
2024-01-03 01:00:00+00:00,5.85,99.654785,0.0,6.65,0.365
2024-01-03 02:00:00+00:00,4.75,100.0,0.0,6.65,0.364
2024-01-03 03:00:00+00:00,5.6,99.65408,0.0,6.85,0.363
2024-01-03 04:00:00+00:00,7.05,100.0,0.0,6.9,0.361
2024-01-03 05:00:00+00:00,7.1,97.629074,0.0,7.15,0.36
2024-01-03 06:00:00+00:00,7.9,97.644,0.0,7.45,0.359
2024-01-03 07:00:00+00:00,9.6,98.99777,0.0,8.15,0.358
2024-01-03 08:00:00+00:00,11.3,96.09576,0.0,9.25,0.358
2024-01-03 09:00:00+00:00,12.2,94.234276,0.0,10.1,0.357
2024-01-03 10:00:00+00:00,13.95,86.59542,0.0,11.1,0.356
2024-01-03 11:00:00+00:00,15.35,78.59707,0.0,12.0,0.355
2024-01-03 12:00:00+00:00,15.15,76.51301,0.0,12.45,0.353
2024-01-03 13:00:00+00:00,14.05,77.105865,0.0,12.0,0.353
2024-01-03 14:00:00+00:00,13.3,78.291466,0.0,11.85,0.353
2024-01-03 15:00:00+00:00,11.95,82.70557,0.2,11.45,0.353
2024-01-03 16:00:00+00:00,10.55,90.437584,0.2,11.0,0.355
2024-01-03 17:00:00+00:00,8.6,92.167274,0.0,9.95,0.354
2024-01-03 18:00:00+00:00,9.85,91.00155,0.0,9.55,0.353
2024-01-03 19:00:00+00:00,9.35,91.587845,0.0,9.25,0.353
2024-01-03 20:00:00+00:00,9.15,90.95373,0.0,9.0,0.352
2024-01-03 21:00:00+00:00,9.05,89.40873,0.0,8.8,0.352
2024-01-03 22:00:00+00:00,8.85,89.08749,0.0,8.6,0.351
2024-01-03 23:00:00+00:00,8.65,89.376785,0.0,8.4,0.351
2024-01-04 00:00:00+00:00,8.3,89.348724,0.0,8.2,0.35
2024-01-04 01:00:00+00:00,8.95,86.09515,0.0,8.0,0.348
2024-01-04 02:00:00+00:00,8.95,86.68802,0.0,8.05,0.347
2024-01-04 03:00:00+00:00,9.2,86.41629,0.0,8.1,0.347
2024-01-04 04:00:00+00:00,9.4,87.02919,0.0,8.15,0.347
2024-01-04 05:00:00+00:00,9.35,89.12838,0.0,8.2,0.346
2024-01-04 06:00:00+00:00,9.4,90.970856,0.0,8.25,0.346
2024-01-04 07:00:00+00:00,10.95,89.25774,0.0,8.85,0.346
2024-01-04 08:00:00+00:00,12.85,86.77588,0.0,10.05,0.346
2024-01-04 09:00:00+00:00,14.4,82.186,0.0,11.35,0.345
2024-01-04 10:00:00+00:00,15.55,77.852325,0.0,12.45,0.344
2024-01-04 11:00:00+00:00,16.4,69.70311,0.0,13.25,0.344
2024-01-04 12:00:00+00:00,16.35,67.8616,0.0,13.7,0.343
2024-01-04 13:00:00+00:00,15.45,73.57296,0.0,13.9,0.343
2024-01-04 14:00:00+00:00,14.75,76.70368,0.0,13.6,0.342
2024-01-04 15:00:00+00:00,13.5,80.44574,0.0,12.95,0.342
2024-01-04 16:00:00+00:00,13.05,80.924225,0.0,12.35,0.342
2024-01-04 17:00:00+00:00,12.9,82.82267,0.0,12.0,0.341
2024-01-04 18:00:00+00:00,13.2,82.859406,0.0,11.85,0.341
2024-01-04 19:00:00+00:00,13.1,80.390686,0.0,11.75,0.341
2024-01-04 20:00:00+00:00,10.4,84.50289,0.0,11.25,0.341
2024-01-04 21:00:00+00:00,9.5,81.27276,0.0,10.7,0.341
2024-01-04 22:00:00+00:00,8.7,83.44125,0.0,10.15,0.34
2024-01-04 23:00:00+00:00,7.55,86.84945,0.0,9.65,0.34
2024-01-05 00:00:00+00:00,9.65,72.77504,0.0,8.85,0.34
2024-01-05 01:00:00+00:00,7.4,77.104706,0.0,9.55,0.343
2024-01-05 02:00:00+00:00,6.7,76.71932,0.0,8.75,0.343
2024-01-05 03:00:00+00:00,9.25,63.150322,0.0,8.0,0.343
2024-01-05 04:00:00+00:00,5.9,77.13518,0.0,7.45,0.343
2024-01-05 05:00:00+00:00,5.45,78.45023,0.0,7.05,0.343
2024-01-05 06:00:00+00:00,5.25,80.68935,0.0,6.7,0.342
2024-01-05 07:00:00+00:00,8.05,74.54764,0.0,7.3,0.342
2024-01-05 08:00:00+00:00,10.1,72.605675,0.0,8.6,0.342
2024-01-05 09:00:00+00:00,12.6,67.310074,0.0,10.2,0.341
2024-01-05 10:00:00+00:00,14.9,58.3677,0.0,11.75,0.34
2024-01-05 11:00:00+00:00,16.6,49.377655,0.0,12.95,0.34
2024-01-05 12:00:00+00:00,17.1,43.55401,0.0,13.6,0.339
2024-01-05 13:00:00+00:00,16.65,49.56219,0.0,14.05,0.335
2024-01-05 14:00:00+00:00,15.2,54.55982,0.0,13.65,0.334
2024-01-05 15:00:00+00:00,12.05,62.479683,0.0,12.6,0.334
2024-01-05 16:00:00+00:00,10.85,67.17159,0.0,11.55,0.334
2024-01-05 17:00:00+00:00,10.15,66.089226,0.0,10.8,0.334
2024-01-05 18:00:00+00:00,9.85,65.79176,0.0,10.2,0.334
2024-01-05 19:00:00+00:00,9.75,73.812584,0.0,9.85,0.334
2024-01-05 20:00:00+00:00,9.25,84.95333,0.0,9.5,0.334
2024-01-05 21:00:00+00:00,9.05,88.19479,0.0,9.25,0.334
2024-01-05 22:00:00+00:00,8.85,87.574814,0.0,9.05,0.334
2024-01-05 23:00:00+00:00,8.35,86.6286,0.0,8.8,0.334
2024-01-06 00:00:00+00:00,8.6,82.56846,0.0,8.6,0.334
2024-01-06 01:00:00+00:00,8.95,77.35284,0.0,8.15,0.333
2024-01-06 02:00:00+00:00,9.6,69.05118,0.0,8.35,0.333
2024-01-06 03:00:00+00:00,9.55,64.80451,0.0,8.4,0.333
2024-01-06 04:00:00+00:00,10.1,60.717743,0.0,8.55,0.333
2024-01-06 05:00:00+00:00,10.25,62.05605,0.0,8.65,0.333
2024-01-06 06:00:00+00:00,10.85,64.1918,0.0,8.85,0.333
2024-01-06 07:00:00+00:00,12.55,65.02231,0.0,9.45,0.332
2024-01-06 08:00:00+00:00,14.35,68.59858,0.0,10.35,0.332
2024-01-06 09:00:00+00:00,16.05,67.12312,0.0,11.55,0.332
2024-01-06 10:00:00+00:00,16.4,68.55355,0.0,12.4,0.331
2024-01-06 11:00:00+00:00,16.85,70.25465,0.0,13.0,0.331
2024-01-06 12:00:00+00:00,17.05,71.22738,0.0,13.5,0.33
2024-01-06 13:00:00+00:00,16.9,71.67074,0.0,14.05,0.327
2024-01-06 14:00:00+00:00,16.25,72.26471,0.0,13.85,0.327
2024-01-06 15:00:00+00:00,15.3,73.79171,0.0,13.5,0.327
2024-01-06 16:00:00+00:00,14.2,77.3873,0.0,12.95,0.327
2024-01-06 17:00:00+00:00,13.75,77.836586,0.0,12.55,0.327
2024-01-06 18:00:00+00:00,13.9,77.3406,0.0,12.3,0.327
2024-01-06 19:00:00+00:00,14.15,77.63824,0.0,12.2,0.327
2024-01-06 20:00:00+00:00,13.45,85.97493,0.1,12.1,0.328
2024-01-06 21:00:00+00:00,13.25,85.102196,0.1,12.0,0.328
2024-01-06 22:00:00+00:00,13.1,81.74735,0.0,11.85,0.329
2024-01-06 23:00:00+00:00,13.05,81.19563,0.0,11.7,0.329
2024-01-07 00:00:00+00:00,12.85,80.62633,0.0,11.55,0.329
2024-01-07 01:00:00+00:00,14.95,69.88498,0.0,12.95,0.326
2024-01-07 02:00:00+00:00,14.95,68.95175,0.0,12.7,0.326
2024-01-07 03:00:00+00:00,15.4,67.66583,0.0,12.75,0.326
2024-01-07 04:00:00+00:00,13.15,84.52695,2.1,12.65,0.351
2024-01-07 05:00:00+00:00,12.85,86.48764,1.6,12.3,0.371
2024-01-07 06:00:00+00:00,13.15,81.48098,0.0,11.95,0.369
2024-01-07 07:00:00+00:00,13.85,74.78284,0.0,12.0,0.367
2024-01-07 08:00:00+00:00,15.1,71.33402,0.0,12.55,0.365
2024-01-07 09:00:00+00:00,15.9,64.225136,0.4,13.25,0.367
2024-01-07 10:00:00+00:00,15.15,71.82216,0.8,13.45,0.373
2024-01-07 11:00:00+00:00,14.6,75.412224,0.0,13.6,0.371
2024-01-07 12:00:00+00:00,14.35,81.90809,0.3,13.65,0.371
2024-01-07 13:00:00+00:00,14.75,77.47255,0.1,14.4,0.361
2024-01-07 14:00:00+00:00,14.15,78.157936,0.0,13.95,0.36
2024-01-07 15:00:00+00:00,13.25,82.865524,0.1,13.5,0.36
2024-01-07 16:00:00+00:00,13.0,81.46129,0.1,13.05,0.359
2024-01-07 17:00:00+00:00,12.2,85.846886,0.3,12.65,0.36
2024-01-07 18:00:00+00:00,11.4,91.106125,1.6,12.15,0.379
2024-01-07 19:00:00+00:00,11.45,91.41456,0.6,11.85,0.384
2024-01-07 20:00:00+00:00,11.75,87.25237,0.1,11.55,0.382
2024-01-07 21:00:00+00:00,11.55,89.605194,0.3,11.4,0.382
2024-01-07 22:00:00+00:00,11.25,89.882935,0.3,11.25,0.382
2024-01-07 23:00:00+00:00,11.1,85.73279,0.1,11.0,0.38
2024-01-08 00:00:00+00:00,11.4,85.47553,0.0,10.95,0.378
2024-01-08 01:00:00+00:00,12.3,78.6703,0.0,11.9,0.358
2024-01-08 02:00:00+00:00,12.05,79.97443,0.0,11.6,0.357
2024-01-08 03:00:00+00:00,11.8,75.45238,0.0,11.4,0.357
2024-01-08 04:00:00+00:00,11.15,75.60132,0.0,11.1,0.356
2024-01-08 05:00:00+00:00,11.2,74.58028,0.0,10.9,0.355
2024-01-08 06:00:00+00:00,11.05,76.104385,0.0,10.8,0.355
2024-01-08 07:00:00+00:00,11.15,80.39214,0.0,11.0,0.354
2024-01-08 08:00:00+00:00,12.2,77.59758,0.0,11.55,0.353
2024-01-08 09:00:00+00:00,13.25,73.181046,0.0,12.3,0.352
2024-01-08 10:00:00+00:00,13.55,70.79933,0.0,13.05,0.351
2024-01-08 11:00:00+00:00,14.35,66.53901,0.0,13.65,0.35
2024-01-08 12:00:00+00:00,14.1,67.85418,0.1,14.0,0.349
2024-01-08 13:00:00+00:00,13.55,67.971146,0.8,14.15,0.356
2024-01-08 14:00:00+00:00,11.5,84.34141,2.6,13.3,0.388
2024-01-08 15:00:00+00:00,10.65,87.44381,0.1,12.35,0.386
2024-01-08 16:00:00+00:00,9.2,92.20309,0.0,11.25,0.383
2024-01-08 17:00:00+00:00,7.7,91.48136,0.0,10.4,0.38
2024-01-08 18:00:00+00:00,6.4,91.39605,0.0,9.55,0.378
2024-01-08 19:00:00+00:00,6.5,91.40266,0.0,8.95,0.376
2024-01-08 20:00:00+00:00,6.5,93.326416,0.0,8.7,0.375
2024-01-08 21:00:00+00:00,6.35,89.19035,0.0,8.6,0.373
2024-01-08 22:00:00+00:00,5.85,86.68107,0.0,8.5,0.372
2024-01-08 23:00:00+00:00,5.45,84.226906,0.0,8.3,0.37
2024-01-09 00:00:00+00:00,5.0,81.23167,0.0,8.1,0.369
2024-01-09 01:00:00+00:00,3.7,75.12032,0.0,8.4,0.372
2024-01-09 02:00:00+00:00,3.65,70.85243,0.0,8.05,0.371
2024-01-09 03:00:00+00:00,3.05,67.67017,0.1,7.7,0.37
2024-01-09 04:00:00+00:00,2.05,70.53016,0.2,7.2,0.37
2024-01-09 05:00:00+00:00,1.0,70.57957,0.3,6.7,0.369
2024-01-09 06:00:00+00:00,0.05,62.57328,0.2,6.2,0.368
2024-01-09 07:00:00+00:00,-0.75,55.755577,0.2,5.75,0.367
2024-01-09 08:00:00+00:00,-1.1,54.156654,0.2,5.35,0.367
2024-01-09 09:00:00+00:00,-1.4,54.28548,0.2,5.15,0.366
2024-01-09 10:00:00+00:00,-1.75,55.69947,0.2,4.95,0.365
2024-01-09 11:00:00+00:00,-1.9,57.208427,0.2,4.7,0.365
2024-01-09 12:00:00+00:00,-1.95,59.24492,0.3,4.35,0.364
2024-01-09 13:00:00+00:00,-1.6,62.16687,0.1,4.1,0.366
2024-01-09 14:00:00+00:00,-2.1,63.505856,0.1,3.75,0.365
2024-01-09 15:00:00+00:00,-2.45,65.16977,0.2,3.45,0.365
2024-01-09 16:00:00+00:00,-2.6,66.15382,0.3,3.15,0.364
2024-01-09 17:00:00+00:00,-2.7,67.42553,0.4,2.9,0.364
2024-01-09 18:00:00+00:00,-2.75,69.26535,0.4,2.7,0.363
2024-01-09 19:00:00+00:00,-2.7,69.813,0.4,2.5,0.362
2024-01-09 20:00:00+00:00,-2.65,68.75359,0.3,2.35,0.362
2024-01-09 21:00:00+00:00,-2.65,66.39941,0.2,2.2,0.361
2024-01-09 22:00:00+00:00,-2.7,63.11334,0.2,2.05,0.361
2024-01-09 23:00:00+00:00,-2.7,59.98336,0.1,1.9,0.36
2024-01-10 00:00:00+00:00,-2.6,58.382473,0.1,1.8,0.36
2024-01-10 01:00:00+00:00,-2.0,53.0593,0.1,1.9,0.362
2024-01-10 02:00:00+00:00,-2.2,53.002464,0.0,1.85,0.362
2024-01-10 03:00:00+00:00,-2.6,53.735325,0.1,1.75,0.361
2024-01-10 04:00:00+00:00,-2.7,54.135128,0.0,1.6,0.361
2024-01-10 05:00:00+00:00,-2.8,53.6788,0.0,1.5,0.36
2024-01-10 06:00:00+00:00,-3.1,54.671165,0.0,1.3,0.36
2024-01-10 07:00:00+00:00,-2.7,53.920715,0.0,1.3,0.359
2024-01-10 08:00:00+00:00,-2.1,54.733685,0.0,1.55,0.359
2024-01-10 09:00:00+00:00,-1.15,53.29995,0.0,2.0,0.358
2024-01-10 10:00:00+00:00,-0.2,50.124245,0.0,2.75,0.358
2024-01-10 11:00:00+00:00,0.75,46.246883,0.0,3.4,0.357
2024-01-10 12:00:00+00:00,1.4,43.962765,0.0,3.95,0.356
2024-01-10 13:00:00+00:00,1.15,48.025295,0.0,4.05,0.358
2024-01-10 14:00:00+00:00,0.65,48.443104,0.0,3.75,0.357
2024-01-10 15:00:00+00:00,-0.55,50.615807,0.0,3.05,0.357
2024-01-10 16:00:00+00:00,-1.3,51.403133,0.0,2.35,0.357
2024-01-10 17:00:00+00:00,-1.8,51.871296,0.0,1.8,0.356
2024-01-10 18:00:00+00:00,-2.25,53.198578,0.0,1.35,0.356
2024-01-10 19:00:00+00:00,-2.5,54.191334,0.0,1.0,0.356
2024-01-10 20:00:00+00:00,-2.7,54.78292,0.0,0.85,0.356
2024-01-10 21:00:00+00:00,-3.1,55.76775,0.0,0.75,0.355
2024-01-10 22:00:00+00:00,-3.5,57.45531,0.0,0.65,0.355
2024-01-10 23:00:00+00:00,-4.0,59.645115,0.0,0.55,0.355
2024-01-11 00:00:00+00:00,-3.85,59.21301,0.0,0.5,0.355
2024-01-11 01:00:00+00:00,-3.3,58.426846,0.0,0.45,0.354
2024-01-11 02:00:00+00:00,-3.25,58.67152,0.0,0.4,0.354
2024-01-11 03:00:00+00:00,-3.1,57.33591,0.0,0.35,0.353
2024-01-11 04:00:00+00:00,-3.65,59.736534,0.0,0.3,0.353
2024-01-11 05:00:00+00:00,-4.05,63.528206,0.0,0.25,0.353
2024-01-11 06:00:00+00:00,-4.15,68.6947,0.0,0.2,0.353
2024-01-11 07:00:00+00:00,-2.15,63.740635,0.0,0.2,0.353
2024-01-11 08:00:00+00:00,-0.15,58.572968,0.0,0.35,0.352
2024-01-11 09:00:00+00:00,1.8,52.086662,0.0,0.55,0.352
2024-01-11 10:00:00+00:00,3.05,46.569572,0.0,1.1,0.351
2024-01-11 11:00:00+00:00,3.85,45.043976,0.0,3.05,0.351
2024-01-11 12:00:00+00:00,4.3,45.005047,0.0,4.25,0.35
2024-01-11 13:00:00+00:00,3.8,53.2481,0.0,4.65,0.35
2024-01-11 14:00:00+00:00,3.4,54.97636,0.0,4.45,0.35
2024-01-11 15:00:00+00:00,1.5,63.88192,0.0,3.45,0.35
2024-01-11 16:00:00+00:00,-0.6,73.23585,0.0,2.35,0.35
2024-01-11 17:00:00+00:00,-1.15,77.10536,0.0,1.75,0.35
2024-01-11 18:00:00+00:00,-2.2,82.66843,0.0,1.25,0.35
2024-01-11 19:00:00+00:00,-3.25,87.36192,0.0,0.85,0.349
2024-01-11 20:00:00+00:00,-3.2,87.03718,0.0,0.7,0.349
2024-01-11 21:00:00+00:00,-3.45,87.01185,0.0,0.6,0.349
2024-01-11 22:00:00+00:00,-3.75,85.99505,0.0,0.5,0.349
2024-01-11 23:00:00+00:00,-3.7,85.67406,0.0,0.45,0.349
2024-01-12 00:00:00+00:00,-2.25,78.69411,0.0,0.35,0.349
2024-01-12 01:00:00+00:00,-2.75,84.174164,0.0,0.35,0.349
2024-01-12 02:00:00+00:00,-3.0,83.82548,0.0,0.3,0.348
2024-01-12 03:00:00+00:00,-3.05,85.09947,0.0,0.25,0.348
2024-01-12 04:00:00+00:00,-3.4,87.347084,0.0,0.2,0.348
2024-01-12 05:00:00+00:00,-4.0,87.28749,0.0,0.15,0.348
2024-01-12 06:00:00+00:00,-2.9,76.8105,0.0,0.1,0.348
2024-01-12 07:00:00+00:00,-0.95,69.382484,0.0,0.15,0.348
2024-01-12 08:00:00+00:00,0.75,67.673325,0.0,0.25,0.348
2024-01-12 09:00:00+00:00,3.0,62.116264,0.0,0.45,0.347
2024-01-12 10:00:00+00:00,4.65,48.8593,0.0,0.75,0.347
2024-01-12 11:00:00+00:00,5.05,44.543415,0.0,2.2,0.346
2024-01-12 12:00:00+00:00,5.4,49.07509,0.0,3.55,0.345
2024-01-12 13:00:00+00:00,5.25,55.681694,0.0,3.65,0.345
2024-01-12 14:00:00+00:00,4.75,56.803345,0.0,3.8,0.345
2024-01-12 15:00:00+00:00,3.15,63.08617,0.0,3.55,0.345
2024-01-12 16:00:00+00:00,1.3,70.90455,0.0,2.9,0.345
2024-01-12 17:00:00+00:00,0.25,74.50389,0.0,2.35,0.345
2024-01-12 18:00:00+00:00,-0.9,79.49945,0.0,1.8,0.345
2024-01-12 19:00:00+00:00,-1.9,83.96088,0.0,1.2,0.345
2024-01-12 20:00:00+00:00,-2.25,84.55237,0.0,0.85,0.345
2024-01-12 21:00:00+00:00,-2.3,82.34379,0.0,0.75,0.345
2024-01-12 22:00:00+00:00,-2.65,81.366455,0.0,0.65,0.344
2024-01-12 23:00:00+00:00,-3.2,82.85084,0.0,0.6,0.344
2024-01-13 00:00:00+00:00,-3.05,80.69342,0.0,0.5,0.344
2024-01-13 01:00:00+00:00,-2.2,83.294174,0.0,1.35,0.344
2024-01-13 02:00:00+00:00,-3.15,85.735016,0.0,0.8,0.344
2024-01-13 03:00:00+00:00,-3.5,86.34932,0.0,0.65,0.344
2024-01-13 04:00:00+00:00,-1.65,81.20008,0.0,0.65,0.344
2024-01-13 05:00:00+00:00,-0.8,75.44126,0.0,0.65,0.344
2024-01-13 06:00:00+00:00,-0.4,71.36401,0.0,0.7,0.344
2024-01-13 07:00:00+00:00,0.15,68.31219,0.0,0.8,0.344
2024-01-13 08:00:00+00:00,1.2,63.810688,0.0,1.25,0.344
2024-01-13 09:00:00+00:00,2.5,58.592964,0.0,2.5,0.343
2024-01-13 10:00:00+00:00,3.4,53.947746,0.0,3.8,0.343
2024-01-13 11:00:00+00:00,3.95,53.089016,0.0,4.8,0.342
2024-01-13 12:00:00+00:00,3.7,54.644638,0.0,5.0,0.342
2024-01-13 13:00:00+00:00,2.95,65.67206,0.0,5.0,0.342
2024-01-13 14:00:00+00:00,3.05,63.06224,0.0,4.75,0.342
2024-01-13 15:00:00+00:00,1.7,75.87804,0.0,4.2,0.342
2024-01-13 16:00:00+00:00,-0.25,78.71185,0.0,3.05,0.341
2024-01-13 17:00:00+00:00,-1.75,85.88848,0.0,2.2,0.341
2024-01-13 18:00:00+00:00,-2.45,88.43089,0.0,1.5,0.341
2024-01-13 19:00:00+00:00,-3.2,88.69671,0.0,0.9,0.341
2024-01-13 20:00:00+00:00,-3.4,89.35154,0.0,0.75,0.341
2024-01-13 21:00:00+00:00,-3.85,90.677055,0.0,0.65,0.341
2024-01-13 22:00:00+00:00,-4.05,90.66215,0.0,0.55,0.341
2024-01-13 23:00:00+00:00,-3.7,88.3167,0.0,0.5,0.341
2024-01-14 00:00:00+00:00,-2.35,82.64871,0.0,0.4,0.341
2024-01-14 01:00:00+00:00,-3.55,85.36573,0.0,0.4,0.341
2024-01-14 02:00:00+00:00,-3.45,84.08893,0.0,0.35,0.341
2024-01-14 03:00:00+00:00,-3.9,86.30671,0.0,0.3,0.341
2024-01-14 04:00:00+00:00,-4.1,87.94459,0.0,0.2,0.341
2024-01-14 05:00:00+00:00,-4.6,89.93306,0.0,0.15,0.341
2024-01-14 06:00:00+00:00,-4.05,89.63625,0.0,0.1,0.341
2024-01-14 07:00:00+00:00,-0.9,75.42356,0.0,0.15,0.341
2024-01-14 08:00:00+00:00,2.05,67.20094,0.0,0.3,0.341
2024-01-14 09:00:00+00:00,4.6,62.96573,0.0,0.55,0.341
2024-01-14 10:00:00+00:00,6.4,58.93776,0.0,1.15,0.34
2024-01-14 11:00:00+00:00,7.55,59.65872,0.0,3.25,0.339
2024-01-14 12:00:00+00:00,8.6,57.59519,0.0,4.65,0.339
2024-01-14 13:00:00+00:00,7.9,68.94504,0.0,-0.4,0.34
2024-01-14 14:00:00+00:00,6.65,77.256294,0.0,-0.3,0.34
2024-01-14 15:00:00+00:00,4.95,89.074524,0.0,-0.2,0.34
2024-01-14 16:00:00+00:00,3.4,93.16304,0.0,-0.15,0.34
2024-01-14 17:00:00+00:00,2.45,94.11745,0.0,-0.1,0.34
2024-01-14 18:00:00+00:00,1.65,94.759964,0.0,-0.05,0.34
2024-01-14 19:00:00+00:00,0.6,95.752426,0.0,-0.05,0.34
2024-01-14 20:00:00+00:00,0.6,95.40579,0.0,-0.05,0.34
2024-01-14 21:00:00+00:00,-0.75,95.00639,0.0,-0.1,0.34
2024-01-14 22:00:00+00:00,-0.3,92.62002,0.0,-0.1,0.34
2024-01-14 23:00:00+00:00,-0.1,90.950035,0.0,-0.1,0.34
2024-01-15 00:00:00+00:00,2.85,87.6287,0.0,-0.15,0.34
2024-01-15 01:00:00+00:00,2.1,87.55753,0.0,0.5,0.34
2024-01-15 02:00:00+00:00,2.4,87.902725,0.0,0.45,0.34
2024-01-15 03:00:00+00:00,3.7,86.154755,0.0,0.4,0.34
2024-01-15 04:00:00+00:00,3.1,89.55787,0.0,0.35,0.34
2024-01-15 05:00:00+00:00,2.35,93.10637,0.0,0.3,0.34
2024-01-15 06:00:00+00:00,2.65,93.790985,0.0,0.3,0.34
2024-01-15 07:00:00+00:00,3.35,93.160355,0.0,0.35,0.34
2024-01-15 08:00:00+00:00,5.25,89.41368,0.0,0.65,0.339
2024-01-15 09:00:00+00:00,7.85,85.68416,0.0,2.15,0.339
2024-01-15 10:00:00+00:00,10.1,79.15118,0.0,4.55,0.339
2024-01-15 11:00:00+00:00,10.9,73.00464,0.0,6.1,0.339
2024-01-15 12:00:00+00:00,11.45,69.9074,0.0,7.1,0.338
2024-01-15 13:00:00+00:00,10.7,78.162125,0.0,3.5,0.343
2024-01-15 14:00:00+00:00,10.15,78.88712,0.0,4.6,0.343
2024-01-15 15:00:00+00:00,8.7,85.47916,0.0,4.8,0.343
2024-01-15 16:00:00+00:00,8.1,88.41468,0.0,4.75,0.343
2024-01-15 17:00:00+00:00,8.1,88.41468,0.0,4.85,0.343
2024-01-15 18:00:00+00:00,8.5,84.286316,0.0,4.95,0.343
2024-01-15 19:00:00+00:00,9.45,75.83848,0.0,5.05,0.343
2024-01-15 20:00:00+00:00,10.65,71.46099,0.0,5.45,0.342
2024-01-15 21:00:00+00:00,10.95,73.77182,0.0,5.85,0.342
2024-01-15 22:00:00+00:00,10.55,81.69121,0.4,6.1,0.346
2024-01-15 23:00:00+00:00,9.75,90.3798,2.3,6.4,0.375
2024-01-16 00:00:00+00:00,9.95,91.00835,0.4,6.7,0.379
2024-01-16 01:00:00+00:00,9.6,91.91485,0.3,7.45,0.348
2024-01-16 02:00:00+00:00,9.55,91.91177,0.1,7.35,0.349
2024-01-16 03:00:00+00:00,9.25,91.58144,0.0,7.25,0.349
2024-01-16 04:00:00+00:00,9.15,90.95373,0.1,7.2,0.35
2024-01-16 05:00:00+00:00,8.3,90.89515,0.0,6.8,0.35
2024-01-16 06:00:00+00:00,7.65,91.793594,0.0,6.45,0.35
2024-01-16 07:00:00+00:00,8.5,90.28849,0.0,6.75,0.35
2024-01-16 08:00:00+00:00,8.45,89.36076,0.0,7.5,0.349
2024-01-16 09:00:00+00:00,8.7,73.109665,0.0,8.0,0.349
2024-01-16 10:00:00+00:00,10.45,65.00663,0.0,8.9,0.348
2024-01-16 11:00:00+00:00,11.3,58.69338,0.0,9.65,0.347
2024-01-16 12:00:00+00:00,11.55,55.530983,0.0,10.15,0.346
2024-01-16 13:00:00+00:00,12.25,57.907467,0.0,10.75,0.347
2024-01-16 14:00:00+00:00,11.55,63.681618,0.0,10.4,0.346
2024-01-16 15:00:00+00:00,9.7,62.365818,0.0,9.6,0.346
2024-01-16 16:00:00+00:00,8.15,45.45659,0.0,8.75,0.346
2024-01-16 17:00:00+00:00,6.45,49.930637,0.0,7.85,0.345
2024-01-16 18:00:00+00:00,6.25,52.15181,0.0,7.3,0.345
2024-01-16 19:00:00+00:00,6.05,59.281982,0.0,7.0,0.345
2024-01-16 20:00:00+00:00,6.75,68.95292,0.0,6.95,0.345
2024-01-16 21:00:00+00:00,6.7,74.83844,0.0,6.85,0.345
2024-01-16 22:00:00+00:00,5.85,78.23313,0.0,6.55,0.344
2024-01-16 23:00:00+00:00,4.3,82.30666,0.0,5.95,0.344
2024-01-17 00:00:00+00:00,3.95,82.26096,0.0,5.55,0.344
2024-01-17 01:00:00+00:00,4.7,70.03639,0.0,6.35,0.352
2024-01-17 02:00:00+00:00,4.4,70.486885,0.0,5.9,0.352
2024-01-17 03:00:00+00:00,3.7,72.43336,0.0,5.45,0.352
2024-01-17 04:00:00+00:00,3.05,73.91646,0.0,5.0,0.351
2024-01-17 05:00:00+00:00,1.65,80.76464,0.0,4.55,0.351
2024-01-17 06:00:00+00:00,1.4,82.82837,0.0,4.05,0.351
2024-01-17 07:00:00+00:00,4.1,74.37713,0.0,4.5,0.351
2024-01-17 08:00:00+00:00,6.25,68.60164,0.0,5.6,0.35
2024-01-17 09:00:00+00:00,8.0,65.61426,0.0,6.95,0.35
2024-01-17 10:00:00+00:00,9.7,63.929363,0.0,8.4,0.349
2024-01-17 11:00:00+00:00,11.0,63.112034,0.0,9.65,0.348
2024-01-17 12:00:00+00:00,11.8,63.296864,0.0,10.5,0.347
2024-01-17 13:00:00+00:00,12.2,68.15759,0.0,10.75,0.348
2024-01-17 14:00:00+00:00,11.85,72.67827,0.0,10.55,0.347
2024-01-17 15:00:00+00:00,8.35,88.132805,0.0,9.6,0.347
2024-01-17 16:00:00+00:00,7.65,90.53735,0.0,8.55,0.347
2024-01-17 17:00:00+00:00,7.6,90.53376,0.0,7.9,0.347
2024-01-17 18:00:00+00:00,7.1,91.12634,0.0,7.4,0.347
2024-01-17 19:00:00+00:00,6.75,93.01685,0.0,7.05,0.347
2024-01-17 20:00:00+00:00,7.3,92.40707,0.0,6.9,0.347
2024-01-17 21:00:00+00:00,7.9,91.809296,0.0,6.9,0.347
2024-01-17 22:00:00+00:00,8.6,93.11575,0.0,7.05,0.347
2024-01-17 23:00:00+00:00,9.55,93.798355,0.0,7.35,0.347
2024-01-18 00:00:00+00:00,10.25,94.14766,0.0,7.7,0.347
2024-01-18 01:00:00+00:00,10.55,93.84573,0.0,7.7,0.346
2024-01-18 02:00:00+00:00,10.35,94.78665,0.0,8.05,0.346
2024-01-18 03:00:00+00:00,10.75,94.170044,0.0,8.35,0.346
2024-01-18 04:00:00+00:00,11.7,92.96693,0.1,8.8,0.347
2024-01-18 05:00:00+00:00,12.25,92.38145,0.4,9.3,0.351
2024-01-18 06:00:00+00:00,12.55,92.0933,0.9,9.75,0.363
2024-01-18 07:00:00+00:00,12.9,92.41867,0.9,10.15,0.375
2024-01-18 08:00:00+00:00,13.55,92.455635,0.6,10.7,0.381
2024-01-18 09:00:00+00:00,14.65,88.38437,0.1,11.4,0.379
2024-01-18 10:00:00+00:00,16.15,81.60128,0.0,12.2,0.378
2024-01-18 11:00:00+00:00,17.25,73.645775,0.0,13.0,0.375
2024-01-18 12:00:00+00:00,17.1,71.7078,0.0,13.3,0.373
2024-01-18 13:00:00+00:00,15.9,81.83644,0.1,12.8,0.37
2024-01-18 14:00:00+00:00,16.3,78.47896,0.0,12.95,0.369
2024-01-18 15:00:00+00:00,15.3,80.69076,0.0,12.7,0.367
2024-01-18 16:00:00+00:00,14.7,85.53769,0.0,12.35,0.366
2024-01-18 17:00:00+00:00,14.3,90.40535,0.2,12.2,0.367
2024-01-18 18:00:00+00:00,14.45,91.90482,0.6,12.25,0.372
2024-01-18 19:00:00+00:00,14.2,91.29054,0.1,12.25,0.372
2024-01-18 20:00:00+00:00,14.35,89.81893,0.0,12.25,0.371
2024-01-18 21:00:00+00:00,14.3,90.99895,0.0,12.25,0.37
2024-01-18 22:00:00+00:00,14.05,91.280815,0.0,12.2,0.369
2024-01-18 23:00:00+00:00,13.75,93.38039,0.0,12.25,0.369
2024-01-19 00:00:00+00:00,12.15,95.487854,0.2,11.9,0.37
2024-01-19 01:00:00+00:00,14.15,88.34174,0.0,12.8,0.375
2024-01-19 02:00:00+00:00,14.0,89.49813,0.0,12.45,0.374
2024-01-19 03:00:00+00:00,13.75,90.66365,0.0,12.25,0.372
2024-01-19 04:00:00+00:00,13.7,90.95867,0.0,12.05,0.371
2024-01-19 05:00:00+00:00,13.75,91.86238,0.0,12.0,0.37
2024-01-19 06:00:00+00:00,13.7,91.85934,0.0,11.95,0.369
2024-01-19 07:00:00+00:00,14.6,88.38011,0.0,12.25,0.369
2024-01-19 08:00:00+00:00,15.95,84.28357,0.0,13.0,0.368
2024-01-19 09:00:00+00:00,17.35,75.37034,0.0,13.9,0.367
2024-01-19 10:00:00+00:00,18.2,68.46284,0.0,14.75,0.365
2024-01-19 11:00:00+00:00,18.5,65.44182,0.0,15.4,0.364
2024-01-19 12:00:00+00:00,18.35,63.073345,0.0,15.75,0.362
2024-01-19 13:00:00+00:00,18.5,62.07045,0.0,16.6,0.359
2024-01-19 14:00:00+00:00,17.7,65.269295,0.0,16.15,0.358
2024-01-19 15:00:00+00:00,15.95,73.90524,0.0,15.35,0.358
2024-01-19 16:00:00+00:00,14.4,82.73137,0.0,14.45,0.357
2024-01-19 17:00:00+00:00,13.45,87.69995,0.0,13.65,0.357
2024-01-19 18:00:00+00:00,12.9,89.70907,0.0,13.1,0.357
2024-01-19 19:00:00+00:00,12.55,91.485245,0.0,12.65,0.356
2024-01-19 20:00:00+00:00,12.7,91.79808,0.0,12.4,0.356
2024-01-19 21:00:00+00:00,12.85,92.41582,0.0,12.25,0.356
2024-01-19 22:00:00+00:00,13.0,93.3428,0.0,12.15,0.356
2024-01-19 23:00:00+00:00,13.0,93.3428,0.0,12.1,0.355
2024-01-20 00:00:00+00:00,12.95,92.11705,0.0,12.05,0.355
2024-01-20 01:00:00+00:00,13.05,92.73237,0.0,11.85,0.354
2024-01-20 02:00:00+00:00,12.65,93.32516,0.0,11.85,0.354
2024-01-20 03:00:00+00:00,9.9,99.332436,0.0,11.3,0.354
2024-01-20 04:00:00+00:00,10.05,99.666115,0.0,10.95,0.354
2024-01-20 05:00:00+00:00,10.9,98.35143,1.7,11.0,0.375
2024-01-20 06:00:00+00:00,10.55,94.47742,0.7,11.0,0.383
2024-01-20 07:00:00+00:00,8.7,92.17325,0.8,10.55,0.39
2024-01-20 08:00:00+00:00,6.65,87.06417,0.7,9.7,0.395
2024-01-20 09:00:00+00:00,5.65,86.35639,0.9,8.85,0.401
2024-01-20 10:00:00+00:00,4.85,87.19614,0.9,8.15,0.406
2024-01-20 11:00:00+00:00,4.0,89.94898,1.1,7.5,0.412
2024-01-20 12:00:00+00:00,2.35,97.53749,1.1,6.9,0.414
2024-01-20 13:00:00+00:00,2.7,92.13109,0.6,6.5,0.419
2024-01-20 14:00:00+00:00,2.15,92.0971,0.6,6.05,0.419
2024-01-20 15:00:00+00:00,1.95,90.1134,0.5,5.5,0.416
2024-01-20 16:00:00+00:00,1.8,87.21191,0.4,5.1,0.413
2024-01-20 17:00:00+00:00,1.4,86.22511,0.5,4.7,0.411
2024-01-20 18:00:00+00:00,1.15,84.94743,0.5,4.4,0.409
2024-01-20 19:00:00+00:00,1.1,83.09423,0.6,4.2,0.407
2024-01-20 20:00:00+00:00,0.9,83.37468,0.6,4.1,0.406
2024-01-20 21:00:00+00:00,0.95,82.77047,0.5,4.0,0.405
2024-01-20 22:00:00+00:00,1.05,81.27551,0.2,3.95,0.404
2024-01-20 23:00:00+00:00,1.05,78.91362,0.3,3.9,0.404
2024-01-21 00:00:00+00:00,1.1,75.774216,0.3,3.85,0.404
2024-01-21 01:00:00+00:00,1.45,70.93475,0.3,3.85,0.407
2024-01-21 02:00:00+00:00,1.5,62.92571,0.1,3.85,0.406
2024-01-21 03:00:00+00:00,1.25,62.62794,0.0,3.8,0.405
2024-01-21 04:00:00+00:00,0.75,68.95819,0.0,3.65,0.403
2024-01-21 05:00:00+00:00,0.5,71.81227,0.0,3.45,0.402
2024-01-21 06:00:00+00:00,0.2,73.11251,0.0,3.25,0.401
2024-01-21 07:00:00+00:00,1.2,65.764725,0.0,3.4,0.4
2024-01-21 08:00:00+00:00,2.35,60.347923,0.0,4.05,0.399
2024-01-21 09:00:00+00:00,3.3,56.845413,0.0,4.85,0.398
2024-01-21 10:00:00+00:00,4.2,52.75941,0.0,5.55,0.397
2024-01-21 11:00:00+00:00,4.65,51.511055,0.0,6.1,0.396
2024-01-21 12:00:00+00:00,4.9,51.58129,0.0,6.5,0.395
2024-01-21 13:00:00+00:00,4.55,53.055435,0.0,6.45,0.397
2024-01-21 14:00:00+00:00,3.9,54.49369,0.0,6.2,0.396
2024-01-21 15:00:00+00:00,2.7,61.120148,0.0,5.6,0.395
2024-01-21 16:00:00+00:00,1.75,66.137314,0.0,4.85,0.394
2024-01-21 17:00:00+00:00,1.45,68.84871,0.0,4.3,0.394
2024-01-21 18:00:00+00:00,1.15,71.1394,0.0,3.9,0.393
2024-01-21 19:00:00+00:00,0.6,74.84597,0.0,3.55,0.392
2024-01-21 20:00:00+00:00,0.2,78.198,0.0,3.2,0.392
2024-01-21 21:00:00+00:00,-0.3,80.78538,0.0,2.95,0.391
2024-01-21 22:00:00+00:00,-0.4,80.1711,0.0,2.7,0.391
2024-01-21 23:00:00+00:00,-0.3,79.293785,0.0,2.55,0.39
2024-01-22 00:00:00+00:00,-0.75,80.41974,0.0,2.35,0.39
2024-01-22 01:00:00+00:00,-0.75,83.16669,0.0,2.8,0.39
2024-01-22 02:00:00+00:00,-0.75,82.85741,0.0,2.45,0.389
2024-01-22 03:00:00+00:00,-0.7,76.02891,0.0,2.15,0.389
2024-01-22 04:00:00+00:00,-0.85,70.46682,0.0,1.95,0.389
2024-01-22 05:00:00+00:00,-1.05,70.42563,0.0,1.8,0.388
2024-01-22 06:00:00+00:00,-1.25,70.653,0.0,1.6,0.388
2024-01-22 07:00:00+00:00,0.2,65.03947,0.0,1.9,0.387
2024-01-22 08:00:00+00:00,1.75,63.461994,0.0,2.7,0.386
2024-01-22 09:00:00+00:00,3.45,61.764263,0.0,3.7,0.386
2024-01-22 10:00:00+00:00,4.75,60.275238,0.0,4.65,0.385
2024-01-22 11:00:00+00:00,5.15,60.15302,0.0,5.3,0.384
2024-01-22 12:00:00+00:00,5.4,59.554424,0.0,5.75,0.383
2024-01-22 13:00:00+00:00,5.75,61.19285,0.0,6.2,0.382
2024-01-22 14:00:00+00:00,4.95,64.925026,0.0,5.95,0.381
2024-01-22 15:00:00+00:00,4.35,67.20886,0.0,5.6,0.381
2024-01-22 16:00:00+00:00,3.85,69.607445,0.0,5.25,0.38
2024-01-22 17:00:00+00:00,3.5,71.34325,0.0,4.95,0.38
2024-01-22 18:00:00+00:00,3.15,73.66478,0.0,4.75,0.38
2024-01-22 19:00:00+00:00,1.95,80.80714,0.0,4.25,0.38
2024-01-22 20:00:00+00:00,1.15,84.637115,0.0,3.75,0.379
2024-01-22 21:00:00+00:00,0.5,86.130135,0.0,3.3,0.379
2024-01-22 22:00:00+00:00,0.6,83.95307,0.0,3.05,0.379
2024-01-22 23:00:00+00:00,0.35,85.16886,0.0,2.85,0.379
2024-01-23 00:00:00+00:00,0.3,86.426186,0.0,2.65,0.378
2024-01-23 01:00:00+00:00,2.0,81.70453,0.0,2.95,0.378
2024-01-23 02:00:00+00:00,1.7,83.4742,0.0,3.0,0.378
2024-01-23 03:00:00+00:00,1.1,87.14314,0.0,2.9,0.377
2024-01-23 04:00:00+00:00,0.25,91.3082,0.0,2.65,0.377
2024-01-23 05:00:00+00:00,-0.4,92.27486,0.0,2.35,0.377
2024-01-23 06:00:00+00:00,-0.75,92.93489,0.0,2.05,0.377
2024-01-23 07:00:00+00:00,0.7,86.46772,0.0,2.4,0.376
2024-01-23 08:00:00+00:00,2.75,79.46211,0.0,3.35,0.376
2024-01-23 09:00:00+00:00,4.95,72.147446,0.0,4.55,0.375
2024-01-23 10:00:00+00:00,6.9,65.13279,0.0,5.85,0.375
2024-01-23 11:00:00+00:00,7.75,59.70861,0.0,6.6,0.374
2024-01-23 12:00:00+00:00,8.05,58.080948,0.0,7.05,0.373
2024-01-23 13:00:00+00:00,7.8,64.40703,0.0,6.9,0.376
2024-01-23 14:00:00+00:00,7.5,63.64859,0.0,6.8,0.375
2024-01-23 15:00:00+00:00,6.95,66.08838,0.0,6.5,0.375
2024-01-23 16:00:00+00:00,5.9,72.06971,0.0,6.05,0.375
2024-01-23 17:00:00+00:00,5.55,74.36874,0.0,5.75,0.375
2024-01-23 18:00:00+00:00,4.55,78.02975,0.0,5.35,0.374
2024-01-23 19:00:00+00:00,3.15,84.56184,0.0,4.85,0.374
2024-01-23 20:00:00+00:00,2.25,89.812225,0.0,4.35,0.374
2024-01-23 21:00:00+00:00,1.75,90.09802,0.0,4.0,0.374
2024-01-23 22:00:00+00:00,0.8,89.69684,0.0,3.55,0.374
2024-01-23 23:00:00+00:00,0.3,87.38429,0.0,3.2,0.373
2024-01-24 00:00:00+00:00,0.35,83.92274,0.0,3.0,0.373
2024-01-24 01:00:00+00:00,-0.05,92.296265,0.0,3.2,0.374
2024-01-24 02:00:00+00:00,-0.6,92.26258,0.0,2.75,0.374
2024-01-24 03:00:00+00:00,-0.95,91.2255,0.0,2.35,0.374
2024-01-24 04:00:00+00:00,-1.15,91.21161,0.0,2.05,0.373
2024-01-24 05:00:00+00:00,-1.45,91.19071,0.0,1.75,0.373
2024-01-24 06:00:00+00:00,-1.5,90.17746,0.0,1.5,0.373
2024-01-24 07:00:00+00:00,0.45,82.09727,0.0,2.0,0.373
2024-01-24 08:00:00+00:00,2.65,73.03343,0.0,3.1,0.372
2024-01-24 09:00:00+00:00,4.55,67.49878,0.0,4.4,0.372
2024-01-24 10:00:00+00:00,6.05,58.848846,0.0,5.5,0.371
2024-01-24 11:00:00+00:00,6.55,55.82169,0.0,6.35,0.37
2024-01-24 12:00:00+00:00,6.45,54.979477,0.0,6.8,0.369
2024-01-24 13:00:00+00:00,7.4,53.63876,0.0,7.7,0.367
2024-01-24 14:00:00+00:00,6.95,54.710182,0.0,7.45,0.366
2024-01-24 15:00:00+00:00,4.8,63.245354,0.0,6.65,0.366
2024-01-24 16:00:00+00:00,2.45,71.398224,0.0,5.45,0.366
2024-01-24 17:00:00+00:00,1.85,71.54411,0.0,4.55,0.366
2024-01-24 18:00:00+00:00,0.1,79.94683,0.0,3.75,0.366
2024-01-24 19:00:00+00:00,-0.65,83.48949,0.0,3.05,0.366
2024-01-24 20:00:00+00:00,-1.2,85.628494,0.0,2.5,0.366
2024-01-24 21:00:00+00:00,-1.3,85.29867,0.0,2.0,0.366
2024-01-24 22:00:00+00:00,-1.85,88.48512,0.0,1.65,0.366
2024-01-24 23:00:00+00:00,-1.45,88.19228,0.0,1.45,0.365
2024-01-25 00:00:00+00:00,-0.7,84.41999,0.0,1.5,0.365
2024-01-25 01:00:00+00:00,0.2,76.75478,0.0,1.7,0.362
2024-01-25 02:00:00+00:00,1.1,70.33649,0.0,1.85,0.362
2024-01-25 03:00:00+00:00,2.3,68.01066,0.0,2.1,0.362
2024-01-25 04:00:00+00:00,2.85,69.40006,0.0,2.35,0.362
2024-01-25 05:00:00+00:00,3.5,73.729256,0.0,2.6,0.362
2024-01-25 06:00:00+00:00,3.6,81.91953,0.0,2.8,0.361
2024-01-25 07:00:00+00:00,5.6,80.166756,0.0,3.45,0.361
2024-01-25 08:00:00+00:00,7.45,76.5719,0.0,4.65,0.361
2024-01-25 09:00:00+00:00,8.6,72.58007,0.0,5.9,0.361
2024-01-25 10:00:00+00:00,10.45,65.92375,0.0,7.3,0.36
2024-01-25 11:00:00+00:00,12.0,56.637207,0.0,8.6,0.359
2024-01-25 12:00:00+00:00,12.6,55.025555,0.0,9.55,0.358
2024-01-25 13:00:00+00:00,12.9,58.070778,0.0,10.1,0.359
2024-01-25 14:00:00+00:00,11.85,71.19906,0.0,9.7,0.359
2024-01-25 15:00:00+00:00,9.45,80.15388,0.0,8.95,0.359
2024-01-25 16:00:00+00:00,7.8,81.3256,0.0,7.95,0.359
2024-01-25 17:00:00+00:00,7.9,73.73808,0.0,7.25,0.359
2024-01-25 18:00:00+00:00,6.45,70.13771,0.0,6.6,0.359
2024-01-25 19:00:00+00:00,5.35,68.16449,0.0,5.95,0.359
2024-01-25 20:00:00+00:00,4.1,71.46131,0.0,5.35,0.359
2024-01-25 21:00:00+00:00,3.1,75.56447,0.0,4.85,0.359
2024-01-25 22:00:00+00:00,2.55,77.71154,0.0,4.3,0.359
2024-01-25 23:00:00+00:00,1.95,80.21819,0.0,3.8,0.359
2024-01-26 00:00:00+00:00,3.0,74.72321,0.0,3.35,0.359
2024-01-26 01:00:00+00:00,5.05,66.38654,0.0,5.3,0.359
2024-01-26 02:00:00+00:00,3.65,73.48849,0.0,4.5,0.359
2024-01-26 03:00:00+00:00,2.65,77.444244,0.0,3.9,0.359
2024-01-26 04:00:00+00:00,2.4,77.12073,0.0,3.35,0.359
2024-01-26 05:00:00+00:00,2.15,77.36287,0.0,2.95,0.359
2024-01-26 06:00:00+00:00,4.35,68.70006,0.0,2.65,0.358
2024-01-26 07:00:00+00:00,5.8,67.27952,0.0,3.55,0.358
2024-01-26 08:00:00+00:00,7.75,62.348408,0.0,4.95,0.358
2024-01-26 09:00:00+00:00,9.25,56.530582,0.0,6.25,0.358
2024-01-26 10:00:00+00:00,10.5,48.37006,0.0,7.55,0.357
2024-01-26 11:00:00+00:00,10.75,46.547092,0.0,8.25,0.356
2024-01-26 12:00:00+00:00,11.05,44.969784,0.0,8.85,0.355
2024-01-26 13:00:00+00:00,11.45,44.113636,0.0,9.5,0.355
2024-01-26 14:00:00+00:00,9.8,58.943493,0.2,9.2,0.356
2024-01-26 15:00:00+00:00,7.95,76.92315,0.0,8.5,0.357
2024-01-26 16:00:00+00:00,6.3,81.984726,0.0,7.5,0.357
2024-01-26 17:00:00+00:00,6.05,77.43435,0.0,6.75,0.357
2024-01-26 18:00:00+00:00,5.25,80.68935,0.0,6.2,0.357
2024-01-26 19:00:00+00:00,2.7,90.82006,0.0,5.4,0.357
2024-01-26 20:00:00+00:00,2.45,91.129,0.0,4.6,0.356
2024-01-26 21:00:00+00:00,3.45,89.58598,0.0,3.95,0.356
2024-01-26 22:00:00+00:00,2.9,92.14339,0.0,3.5,0.356
2024-01-26 23:00:00+00:00,2.6,94.12443,0.0,2.95,0.356
2024-01-27 00:00:00+00:00,1.1,95.76946,0.0,2.55,0.356
2024-01-27 01:00:00+00:00,0.45,92.6638,0.0,3.5,0.349
2024-01-27 02:00:00+00:00,0.2,94.6989,0.0,3.0,0.349
2024-01-27 03:00:00+00:00,-0.4,95.36869,0.0,2.6,0.349
2024-01-27 04:00:00+00:00,-1.1,95.342445,0.0,2.15,0.349
2024-01-27 05:00:00+00:00,-0.6,94.66476,0.0,1.7,0.349
2024-01-27 06:00:00+00:00,-0.2,93.64887,0.0,1.45,0.349
2024-01-27 07:00:00+00:00,2.95,87.010315,0.0,2.35,0.349
2024-01-27 08:00:00+00:00,5.85,75.49395,0.0,3.9,0.349
2024-01-27 09:00:00+00:00,7.15,63.56706,0.0,5.05,0.348
2024-01-27 10:00:00+00:00,7.05,64.699295,0.2,5.6,0.349
2024-01-27 11:00:00+00:00,6.9,73.0356,0.7,6.1,0.357
2024-01-27 12:00:00+00:00,7.0,78.134964,0.2,6.2,0.359
2024-01-27 13:00:00+00:00,7.2,81.52955,0.1,6.25,0.366
2024-01-27 14:00:00+00:00,7.25,86.2183,0.0,6.45,0.365
2024-01-27 15:00:00+00:00,6.9,90.79745,0.0,6.35,0.364
2024-01-27 16:00:00+00:00,6.4,93.97089,0.2,6.05,0.365
2024-01-27 17:00:00+00:00,6.4,91.07863,1.3,5.8,0.382
2024-01-27 18:00:00+00:00,6.1,87.622795,0.5,5.65,0.386
2024-01-27 19:00:00+00:00,5.85,84.86984,0.7,5.45,0.392
2024-01-27 20:00:00+00:00,5.5,86.95192,0.3,5.25,0.393
2024-01-27 21:00:00+00:00,4.95,86.284515,0.1,4.95,0.39
2024-01-27 22:00:00+00:00,4.45,87.157326,0.0,4.7,0.388
2024-01-27 23:00:00+00:00,2.75,87.935104,0.0,4.0,0.385
2024-01-28 00:00:00+00:00,2.5,84.7928,0.0,3.55,0.384
2024-01-28 01:00:00+00:00,3.75,81.35178,0.0,5.25,0.373
2024-01-28 02:00:00+00:00,2.95,85.15067,0.0,4.55,0.372
2024-01-28 03:00:00+00:00,1.15,89.39912,0.0,3.75,0.371
2024-01-28 04:00:00+00:00,0.05,88.98067,0.0,3.0,0.371
2024-01-28 05:00:00+00:00,-0.2,88.30655,0.0,2.4,0.37
2024-01-28 06:00:00+00:00,0.6,86.775,0.0,2.15,0.369
2024-01-28 07:00:00+00:00,2.55,81.48219,0.0,2.7,0.368
2024-01-28 08:00:00+00:00,4.3,73.87579,0.0,3.85,0.368
2024-01-28 09:00:00+00:00,5.85,67.047264,0.0,5.1,0.367
2024-01-28 10:00:00+00:00,7.05,59.317585,0.0,6.25,0.366
2024-01-28 11:00:00+00:00,7.55,55.071854,0.0,6.85,0.365
2024-01-28 12:00:00+00:00,7.5,57.520515,0.0,7.2,0.364
2024-01-28 13:00:00+00:00,6.5,68.4078,0.1,7.3,0.362
2024-01-28 14:00:00+00:00,6.8,67.012184,0.0,7.15,0.361
2024-01-28 15:00:00+00:00,3.95,89.945114,1.5,6.25,0.371
2024-01-28 16:00:00+00:00,3.9,87.415016,0.2,5.25,0.374
2024-01-28 17:00:00+00:00,3.9,85.25634,0.0,4.65,0.374
2024-01-28 18:00:00+00:00,2.9,85.45265,0.0,4.0,0.373
2024-01-28 19:00:00+00:00,2.75,83.000404,0.0,3.65,0.372
2024-01-28 20:00:00+00:00,2.25,83.846146,0.0,3.3,0.372
2024-01-28 21:00:00+00:00,1.1,86.825584,0.0,2.8,0.371
2024-01-28 22:00:00+00:00,1.2,85.26435,0.0,2.55,0.371
2024-01-28 23:00:00+00:00,0.6,87.73417,0.0,2.25,0.37
2024-01-29 00:00:00+00:00,0.25,88.67202,0.0,2.0,0.369
2024-01-29 01:00:00+00:00,0.9,84.60803,0.0,3.35,0.36
2024-01-29 02:00:00+00:00,0.85,83.0625,0.0,2.8,0.36
2024-01-29 03:00:00+00:00,0.55,82.71876,0.0,2.45,0.36
2024-01-29 04:00:00+00:00,0.2,82.36805,0.0,2.15,0.359
2024-01-29 05:00:00+00:00,-0.1,82.023476,0.0,1.95,0.359
2024-01-29 06:00:00+00:00,-0.15,81.71275,0.0,1.8,0.359
2024-01-29 07:00:00+00:00,1.25,74.96225,0.0,2.15,0.359
2024-01-29 08:00:00+00:00,2.6,67.8234,0.0,2.95,0.358
2024-01-29 09:00:00+00:00,4.0,61.8986,0.0,3.95,0.358
2024-01-29 10:00:00+00:00,5.1,57.10687,0.0,4.9,0.357
2024-01-29 11:00:00+00:00,5.75,55.403458,0.0,5.75,0.356
2024-01-29 12:00:00+00:00,5.55,56.803192,0.0,6.25,0.355
2024-01-29 13:00:00+00:00,4.8,61.410427,0.0,6.4,0.351
2024-01-29 14:00:00+00:00,4.45,60.872578,0.0,6.05,0.351
2024-01-29 15:00:00+00:00,3.5,64.35207,0.0,5.55,0.351
2024-01-29 16:00:00+00:00,2.4,68.53928,0.0,4.8,0.35
2024-01-29 17:00:00+00:00,1.9,71.02511,0.0,4.3,0.35
2024-01-29 18:00:00+00:00,1.75,70.469185,0.0,3.9,0.35
2024-01-29 19:00:00+00:00,1.3,70.90455,0.0,3.55,0.35
2024-01-29 20:00:00+00:00,0.85,72.42023,0.0,3.25,0.35
2024-01-29 21:00:00+00:00,0.85,71.345634,0.0,3.05,0.35
2024-01-29 22:00:00+00:00,0.95,71.09929,0.0,2.95,0.35
2024-01-29 23:00:00+00:00,1.05,73.273285,0.0,2.9,0.35
2024-01-30 00:00:00+00:00,1.5,70.68109,0.0,2.9,0.35
2024-01-30 01:00:00+00:00,1.75,69.169685,0.0,3.1,0.348
2024-01-30 02:00:00+00:00,1.55,70.69122,0.0,3.05,0.348
2024-01-30 03:00:00+00:00,1.65,70.97495,0.0,3.0,0.348
2024-01-30 04:00:00+00:00,1.65,70.97495,0.0,3.0,0.347
2024-01-30 05:00:00+00:00,1.6,70.70134,0.0,3.0,0.347
2024-01-30 06:00:00+00:00,2.0,69.73879,0.0,3.05,0.347
2024-01-30 07:00:00+00:00,2.55,69.08122,0.0,3.3,0.347
2024-01-30 08:00:00+00:00,3.15,68.19362,0.0,3.65,0.347
2024-01-30 09:00:00+00:00,3.7,66.574265,0.0,4.05,0.347
2024-01-30 10:00:00+00:00,4.8,62.09291,0.0,4.7,0.346
2024-01-30 11:00:00+00:00,5.1,61.710308,0.0,5.2,0.346
2024-01-30 12:00:00+00:00,5.35,58.67028,0.0,5.4,0.346
2024-01-30 13:00:00+00:00,3.95,71.95477,0.1,5.2,0.35
2024-01-30 14:00:00+00:00,3.75,72.44292,0.0,4.85,0.35
2024-01-30 15:00:00+00:00,3.85,71.15186,0.0,4.7,0.35
2024-01-30 16:00:00+00:00,3.7,72.698166,0.0,4.5,0.35
2024-01-30 17:00:00+00:00,3.8,71.92571,0.0,4.45,0.349
2024-01-30 18:00:00+00:00,3.6,73.21169,0.0,4.35,0.349
2024-01-30 19:00:00+00:00,3.45,71.07248,0.0,4.3,0.349
2024-01-30 20:00:00+00:00,3.2,69.9861,0.0,4.25,0.349
2024-01-30 21:00:00+00:00,3.0,68.666885,0.0,4.15,0.349
2024-01-30 22:00:00+00:00,2.75,69.123245,0.0,4.05,0.349
2024-01-30 23:00:00+00:00,2.55,69.08122,0.0,3.95,0.349
2024-01-31 00:00:00+00:00,2.5,68.5606,0.0,3.9,0.348
2024-01-31 01:00:00+00:00,2.95,69.42088,0.0,4.55,0.348
2024-01-31 02:00:00+00:00,2.75,68.8681,0.0,4.3,0.348
2024-01-31 03:00:00+00:00,2.65,69.8731,0.0,4.1,0.348
2024-01-31 04:00:00+00:00,2.6,68.581894,0.0,3.95,0.348
2024-01-31 05:00:00+00:00,2.6,66.575775,0.0,3.85,0.348
2024-01-31 06:00:00+00:00,2.45,66.29505,0.0,3.8,0.347
2024-01-31 07:00:00+00:00,2.85,66.38474,0.0,3.9,0.347
2024-01-31 08:00:00+00:00,3.8,64.42189,0.0,4.3,0.347
2024-01-31 09:00:00+00:00,5.15,62.86565,0.0,4.9,0.346
2024-01-31 10:00:00+00:00,6.2,60.19408,0.0,5.7,0.346
2024-01-31 11:00:00+00:00,6.45,59.81814,0.0,6.2,0.345
2024-01-31 12:00:00+00:00,6.75,58.170918,0.0,6.55,0.345
2024-01-31 13:00:00+00:00,6.3,62.453747,0.0,6.75,0.345
2024-01-31 14:00:00+00:00,5.9,63.043816,0.0,6.6,0.344
2024-01-31 15:00:00+00:00,5.25,64.52072,0.0,6.25,0.344
2024-01-31 16:00:00+00:00,3.9,70.1291,0.0,5.55,0.344
2024-01-31 17:00:00+00:00,2.75,75.503654,0.0,4.85,0.344
2024-01-31 18:00:00+00:00,2.0,80.81422,0.0,4.25,0.344
2024-01-31 19:00:00+00:00,1.4,86.8558,0.0,3.75,0.344
2024-01-31 20:00:00+00:00,0.75,89.692825,0.0,3.25,0.344
2024-01-31 21:00:00+00:00,0.2,90.63904,0.0,2.85,0.344
2024-01-31 22:00:00+00:00,-0.4,91.26355,0.0,2.45,0.344
2024-01-31 23:00:00+00:00,-1.0,91.8982,0.0,2.05,0.344
2024-02-01 00:00:00+00:00,-1.5,91.86595,0.0,1.7,0.344
2024-02-01 01:00:00+00:00,-1.0,92.92079,0.0,2.2,0.343
2024-02-01 02:00:00+00:00,-1.9,93.21517,0.0,1.75,0.343
2024-02-01 03:00:00+00:00,-2.55,93.87759,0.0,1.3,0.343
2024-02-01 04:00:00+00:00,-2.75,93.8677,0.0,0.95,0.343
2024-02-01 05:00:00+00:00,-3.35,94.190765,0.0,0.8,0.343
2024-02-01 06:00:00+00:00,-2.7,94.57356,0.0,0.75,0.343
2024-02-01 07:00:00+00:00,-0.4,86.99395,0.0,0.9,0.343
2024-02-01 08:00:00+00:00,2.4,79.99121,0.0,2.3,0.342
2024-02-01 09:00:00+00:00,5.1,71.91597,0.0,4.05,0.342
2024-02-01 10:00:00+00:00,6.55,66.23798,0.0,5.65,0.341
2024-02-01 11:00:00+00:00,7.45,61.384518,0.0,7.0,0.341
2024-02-01 12:00:00+00:00,7.95,58.477077,0.0,7.9,0.34
2024-02-01 13:00:00+00:00,8.1,56.230392,0.0,8.1,0.338
2024-02-01 14:00:00+00:00,7.85,56.36937,0.0,8.0,0.338
2024-02-01 15:00:00+00:00,6.4,65.01943,0.0,7.05,0.338
2024-02-01 16:00:00+00:00,5.95,63.055653,0.0,5.5,0.338
2024-02-01 17:00:00+00:00,3.45,72.91675,0.0,4.3,0.338
2024-02-01 18:00:00+00:00,0.65,84.89027,0.0,3.35,0.338
2024-02-01 19:00:00+00:00,0.0,87.67722,0.0,2.7,0.338
2024-02-01 20:00:00+00:00,0.0,88.00042,0.0,2.15,0.338
2024-02-01 21:00:00+00:00,0.15,89.97371,0.0,1.9,0.338
2024-02-01 22:00:00+00:00,-0.75,91.91425,0.0,1.6,0.338
2024-02-01 23:00:00+00:00,-1.35,92.558075,0.0,1.25,0.338
2024-02-02 00:00:00+00:00,-1.4,92.55511,0.0,0.95,0.338
2024-02-02 01:00:00+00:00,-1.4,94.63029,0.0,0.55,0.336
2024-02-02 02:00:00+00:00,-0.2,93.992096,0.0,0.55,0.336
2024-02-02 03:00:00+00:00,-2.35,96.36299,0.0,0.5,0.336
2024-02-02 04:00:00+00:00,-1.75,96.0253,0.0,0.45,0.336
2024-02-02 05:00:00+00:00,-1.7,95.319786,0.0,0.4,0.336
2024-02-02 06:00:00+00:00,-1.25,95.68852,0.0,0.4,0.336
2024-02-02 07:00:00+00:00,1.25,87.47616,0.0,0.55,0.336
2024-02-02 08:00:00+00:00,3.6,69.81145,0.0,0.85,0.336
2024-02-02 09:00:00+00:00,5.25,60.17801,0.0,2.4,0.335
2024-02-02 10:00:00+00:00,6.65,58.145267,0.0,3.85,0.335
2024-02-02 11:00:00+00:00,7.05,59.750385,0.0,4.65,0.335
2024-02-02 12:00:00+00:00,7.1,63.326538,0.0,5.05,0.335
2024-02-02 13:00:00+00:00,5.95,70.28921,0.0,-0.1,0.339
2024-02-02 14:00:00+00:00,5.25,77.02948,0.0,0.0,0.339
2024-02-02 15:00:00+00:00,4.4,85.31151,0.0,0.1,0.339
2024-02-02 16:00:00+00:00,3.5,91.201164,0.0,0.15,0.339
2024-02-02 17:00:00+00:00,3.3,93.15767,0.0,0.25,0.339
2024-02-02 18:00:00+00:00,3.25,90.21252,0.0,0.3,0.339
2024-02-02 19:00:00+00:00,2.65,90.16696,0.0,0.35,0.339
2024-02-02 20:00:00+00:00,0.35,94.01843,0.0,0.4,0.339
2024-02-02 21:00:00+00:00,-0.55,96.76908,0.0,0.35,0.339
2024-02-02 22:00:00+00:00,0.1,95.04042,0.0,0.35,0.339
2024-02-02 23:00:00+00:00,-0.55,94.32051,0.0,0.3,0.339
2024-02-03 00:00:00+00:00,-2.0,94.60421,0.0,0.25,0.339
2024-02-03 01:00:00+00:00,-0.75,93.965576,0.0,2.65,0.333
2024-02-03 02:00:00+00:00,-1.05,93.60556,0.0,1.7,0.333
2024-02-03 03:00:00+00:00,0.05,91.96531,0.0,0.9,0.333
2024-02-03 04:00:00+00:00,-0.05,92.97416,0.0,0.7,0.333
2024-02-03 05:00:00+00:00,-0.4,94.32734,0.0,0.6,0.333
2024-02-03 06:00:00+00:00,-0.85,93.96075,0.0,0.5,0.333
2024-02-03 07:00:00+00:00,1.5,88.78116,0.0,0.65,0.333
2024-02-03 08:00:00+00:00,4.05,81.10089,0.0,1.45,0.333
2024-02-03 09:00:00+00:00,6.15,70.58241,0.0,3.5,0.333
2024-02-03 10:00:00+00:00,7.65,59.683674,0.0,5.3,0.332
2024-02-03 11:00:00+00:00,8.65,52.6205,0.0,6.7,0.332
2024-02-03 12:00:00+00:00,9.3,51.661644,0.0,7.5,0.331
2024-02-03 13:00:00+00:00,9.6,49.178993,0.0,8.65,0.323
2024-02-03 14:00:00+00:00,9.1,51.60647,0.0,8.3,0.323
2024-02-03 15:00:00+00:00,7.4,59.83768,0.0,7.55,0.322
2024-02-03 16:00:00+00:00,6.15,62.645493,0.0,6.6,0.322
2024-02-03 17:00:00+00:00,5.3,67.90693,0.0,5.9,0.323
2024-02-03 18:00:00+00:00,4.45,76.34595,0.0,5.25,0.323
2024-02-03 19:00:00+00:00,4.0,81.67886,0.0,4.75,0.323
2024-02-03 20:00:00+00:00,3.9,84.04411,0.0,4.4,0.323
2024-02-03 21:00:00+00:00,4.0,84.357414,0.0,4.15,0.323
2024-02-03 22:00:00+00:00,4.2,85.289474,0.0,4.0,0.323
2024-02-03 23:00:00+00:00,4.0,88.994865,0.0,3.9,0.323
2024-02-04 00:00:00+00:00,3.8,91.22162,0.0,3.75,0.323
2024-02-04 01:00:00+00:00,4.8,91.28933,0.0,4.5,0.326
2024-02-04 02:00:00+00:00,3.15,94.485435,0.0,4.1,0.326
2024-02-04 03:00:00+00:00,2.15,96.14842,0.0,3.55,0.326
2024-02-04 04:00:00+00:00,2.6,94.799416,0.0,3.25,0.326
2024-02-04 05:00:00+00:00,1.95,94.772484,0.0,3.0,0.327
2024-02-04 06:00:00+00:00,3.0,93.141525,0.0,2.85,0.327
2024-02-04 07:00:00+00:00,6.75,84.08293,0.0,3.8,0.327
2024-02-04 08:00:00+00:00,9.8,76.6885,0.0,5.45,0.326
2024-02-04 09:00:00+00:00,12.0,64.67552,0.0,7.1,0.326
2024-02-04 10:00:00+00:00,11.95,65.11412,0.0,7.7,0.326
2024-02-04 11:00:00+00:00,12.8,62.007454,0.0,8.45,0.325
2024-02-04 12:00:00+00:00,13.85,57.10898,0.0,9.35,0.325
2024-02-04 13:00:00+00:00,13.85,57.506218,0.0,9.5,0.325
2024-02-04 14:00:00+00:00,13.05,62.929077,0.0,9.55,0.325
2024-02-04 15:00:00+00:00,11.35,69.64663,0.0,9.25,0.325
2024-02-04 16:00:00+00:00,8.95,78.98088,0.0,8.4,0.325
2024-02-04 17:00:00+00:00,8.1,83.0799,0.0,7.75,0.325
2024-02-04 18:00:00+00:00,7.6,84.47548,0.0,7.25,0.325
2024-02-04 19:00:00+00:00,7.0,84.99832,0.0,6.8,0.325
2024-02-04 20:00:00+00:00,6.25,87.33055,0.0,6.35,0.325
2024-02-04 21:00:00+00:00,5.65,88.820335,0.0,6.0,0.325
2024-02-04 22:00:00+00:00,4.9,90.65517,0.0,5.6,0.325
2024-02-04 23:00:00+00:00,4.35,91.90648,0.0,5.2,0.325
2024-02-05 00:00:00+00:00,4.0,91.23523,0.0,4.85,0.325
2024-02-05 01:00:00+00:00,5.55,86.95683,0.0,5.8,0.326
2024-02-05 02:00:00+00:00,5.7,90.07927,0.0,5.55,0.326
2024-02-05 03:00:00+00:00,6.25,90.43573,0.0,5.5,0.326
2024-02-05 04:00:00+00:00,7.45,89.28011,0.0,5.6,0.326
2024-02-05 05:00:00+00:00,8.05,91.504105,0.0,5.85,0.326
2024-02-05 06:00:00+00:00,8.85,90.62319,0.0,6.2,0.326
2024-02-05 07:00:00+00:00,10.8,84.547935,0.0,7.05,0.326
2024-02-05 08:00:00+00:00,12.65,76.10827,0.0,8.15,0.326
2024-02-05 09:00:00+00:00,14.25,64.511955,0.0,9.3,0.326
2024-02-05 10:00:00+00:00,15.95,57.8335,0.0,10.55,0.325
2024-02-05 11:00:00+00:00,16.7,54.948772,0.0,11.6,0.324
2024-02-05 12:00:00+00:00,16.75,56.47832,0.0,12.35,0.323
2024-02-05 13:00:00+00:00,17.0,59.884438,0.0,13.05,0.322
2024-02-05 14:00:00+00:00,16.2,60.916733,0.0,12.95,0.322
2024-02-05 15:00:00+00:00,14.7,61.8146,0.0,12.4,0.321
2024-02-05 16:00:00+00:00,12.95,64.22086,0.0,11.55,0.321
2024-02-05 17:00:00+00:00,11.7,69.71659,0.0,10.8,0.321
2024-02-05 18:00:00+00:00,11.05,76.627396,0.0,10.25,0.321
2024-02-05 19:00:00+00:00,10.45,84.50854,0.0,9.75,0.321
2024-02-05 20:00:00+00:00,10.25,89.80689,0.0,9.4,0.321
2024-02-05 21:00:00+00:00,10.6,89.22963,0.0,9.2,0.321
2024-02-05 22:00:00+00:00,10.45,90.4304,0.0,9.05,0.321
2024-02-05 23:00:00+00:00,10.05,91.94245,0.0,8.85,0.321
2024-02-06 00:00:00+00:00,9.75,92.23569,0.0,8.7,0.322
2024-02-06 01:00:00+00:00,9.4,91.902534,0.0,8.95,0.322
2024-02-06 02:00:00+00:00,8.8,91.55257,0.0,8.55,0.322
2024-02-06 03:00:00+00:00,8.05,92.76815,0.0,8.15,0.322
2024-02-06 04:00:00+00:00,7.65,94.352394,0.0,7.8,0.322
2024-02-06 05:00:00+00:00,7.35,95.317116,0.0,7.5,0.322
2024-02-06 06:00:00+00:00,8.3,93.73838,0.0,7.45,0.322
2024-02-06 07:00:00+00:00,10.8,89.848816,0.0,8.25,0.322
2024-02-06 08:00:00+00:00,13.3,86.81925,0.0,9.8,0.322
2024-02-06 09:00:00+00:00,15.7,80.744606,0.0,11.45,0.322
2024-02-06 10:00:00+00:00,17.75,72.5371,0.0,12.95,0.321
2024-02-06 11:00:00+00:00,18.9,65.95943,0.0,14.05,0.32
2024-02-06 12:00:00+00:00,19.15,64.302185,0.0,14.8,0.319
2024-02-06 13:00:00+00:00,18.65,58.889446,0.0,15.45,0.316
2024-02-06 14:00:00+00:00,17.6,60.837555,0.0,15.1,0.316
2024-02-06 15:00:00+00:00,15.7,68.87125,0.0,14.3,0.316
2024-02-06 16:00:00+00:00,13.25,83.142235,0.0,13.2,0.316
2024-02-06 17:00:00+00:00,12.15,90.55162,0.0,12.3,0.316
2024-02-06 18:00:00+00:00,11.8,91.13282,0.0,11.65,0.316
2024-02-06 19:00:00+00:00,11.7,89.61681,0.0,11.2,0.316
2024-02-06 20:00:00+00:00,11.5,91.72367,0.0,10.85,0.316
2024-02-06 21:00:00+00:00,11.55,92.34105,0.0,10.65,0.316
2024-02-06 22:00:00+00:00,11.35,90.49486,0.0,10.5,0.316
2024-02-06 23:00:00+00:00,10.95,89.55853,0.0,10.25,0.316
2024-02-07 00:00:00+00:00,10.8,88.347725,0.0,10.0,0.317
2024-02-07 01:00:00+00:00,11.05,89.867805,0.0,10.2,0.317
2024-02-07 02:00:00+00:00,11.0,91.692375,0.0,10.1,0.317
2024-02-07 03:00:00+00:00,10.8,93.85749,0.0,9.95,0.317
2024-02-07 04:00:00+00:00,10.8,95.44077,0.0,9.9,0.317
2024-02-07 05:00:00+00:00,10.8,95.76025,0.0,9.85,0.318
2024-02-07 06:00:00+00:00,11.2,95.4548,0.0,9.9,0.318
2024-02-07 07:00:00+00:00,13.0,91.51392,0.0,10.65,0.318
2024-02-07 08:00:00+00:00,14.85,86.11635,0.0,11.7,0.318
2024-02-07 09:00:00+00:00,16.5,73.2721,0.0,12.7,0.317
2024-02-07 10:00:00+00:00,17.4,66.29597,0.0,13.6,0.317
2024-02-07 11:00:00+00:00,17.6,65.46451,0.0,14.25,0.316
2024-02-07 12:00:00+00:00,17.7,64.40857,0.0,14.65,0.316
2024-02-07 13:00:00+00:00,17.65,66.12953,0.0,15.05,0.316
2024-02-07 14:00:00+00:00,16.7,67.48286,0.0,14.85,0.316
2024-02-07 15:00:00+00:00,15.35,72.82418,0.0,14.3,0.316
2024-02-07 16:00:00+00:00,13.9,78.64371,0.0,13.55,0.316
2024-02-07 17:00:00+00:00,13.35,79.0904,0.0,12.9,0.316
2024-02-07 18:00:00+00:00,12.9,79.82534,0.0,12.4,0.316
2024-02-07 19:00:00+00:00,12.6,84.46546,0.0,12.05,0.316
2024-02-07 20:00:00+00:00,12.35,89.072105,0.0,11.7,0.316
2024-02-07 21:00:00+00:00,12.55,93.62903,0.0,11.6,0.316
2024-02-07 22:00:00+00:00,12.85,93.95267,0.0,11.55,0.316
2024-02-07 23:00:00+00:00,12.9,93.03051,0.0,11.55,0.316
2024-02-08 00:00:00+00:00,12.9,93.33777,0.0,11.5,0.316
2024-02-08 01:00:00+00:00,12.9,93.03051,0.0,12.15,0.314
2024-02-08 02:00:00+00:00,13.0,93.3428,0.0,12.0,0.314
2024-02-08 03:00:00+00:00,13.05,93.345314,0.0,11.9,0.314
2024-02-08 04:00:00+00:00,13.2,91.8288,0.0,11.9,0.314
2024-02-08 05:00:00+00:00,13.0,93.035774,0.0,11.8,0.314
2024-02-08 06:00:00+00:00,13.45,91.24171,0.0,11.85,0.314
2024-02-08 07:00:00+00:00,14.7,84.97732,0.0,12.25,0.314
2024-02-08 08:00:00+00:00,16.15,76.92492,0.0,13.0,0.314
2024-02-08 09:00:00+00:00,17.05,70.061356,0.0,13.85,0.313
2024-02-08 10:00:00+00:00,17.6,65.24765,0.0,14.6,0.313
2024-02-08 11:00:00+00:00,17.85,63.170105,0.0,15.15,0.312
2024-02-08 12:00:00+00:00,17.9,61.520855,0.0,15.5,0.311
2024-02-08 13:00:00+00:00,17.8,64.21708,0.0,15.8,0.31
2024-02-08 14:00:00+00:00,17.1,66.232315,0.0,15.65,0.309
2024-02-08 15:00:00+00:00,15.8,73.8791,0.0,15.15,0.309
2024-02-08 16:00:00+00:00,14.3,80.55518,0.0,14.3,0.309
2024-02-08 17:00:00+00:00,13.4,86.54169,0.0,13.6,0.309
2024-02-08 18:00:00+00:00,13.05,90.614876,0.0,13.05,0.309
2024-02-08 19:00:00+00:00,12.8,90.29786,0.0,12.7,0.31
2024-02-08 20:00:00+00:00,12.45,88.489265,0.0,12.35,0.31
2024-02-08 21:00:00+00:00,12.15,88.75937,0.0,12.05,0.31
2024-02-08 22:00:00+00:00,11.95,89.039635,0.0,11.8,0.31
2024-02-08 23:00:00+00:00,11.75,89.02335,0.0,11.6,0.31
2024-02-09 00:00:00+00:00,11.6,88.416664,0.0,11.4,0.31
2024-02-09 01:00:00+00:00,11.45,93.26411,0.0,11.5,0.308
2024-02-09 02:00:00+00:00,11.2,93.25128,0.0,11.25,0.309
2024-02-09 03:00:00+00:00,11.05,92.93212,0.0,11.05,0.309
2024-02-09 04:00:00+00:00,11.1,92.93481,0.0,11.0,0.309
2024-02-09 05:00:00+00:00,11.0,92.929436,0.0,10.9,0.309
2024-02-09 06:00:00+00:00,11.2,91.39838,0.0,10.9,0.309
2024-02-09 07:00:00+00:00,13.15,82.30194,0.0,11.35,0.309
2024-02-09 08:00:00+00:00,14.65,77.19989,0.0,12.3,0.309
2024-02-09 09:00:00+00:00,15.85,70.76481,0.0,13.3,0.308
2024-02-09 10:00:00+00:00,16.65,65.477356,0.0,14.25,0.307
2024-02-09 11:00:00+00:00,17.25,60.95918,0.0,14.95,0.307
2024-02-09 12:00:00+00:00,17.4,58.980907,0.0,15.35,0.306
2024-02-09 13:00:00+00:00,17.7,61.064896,0.0,15.5,0.305
2024-02-09 14:00:00+00:00,17.1,63.423145,0.0,15.35,0.304
2024-02-09 15:00:00+00:00,15.65,74.344574,0.0,14.95,0.304
2024-02-09 16:00:00+00:00,14.15,81.88252,0.0,14.15,0.304
2024-02-09 17:00:00+00:00,13.35,86.53677,0.0,13.5,0.304
2024-02-09 18:00:00+00:00,12.9,89.41235,0.0,12.95,0.304
2024-02-09 19:00:00+00:00,12.5,90.27613,0.0,12.5,0.304
2024-02-09 20:00:00+00:00,12.3,91.46927,0.0,12.15,0.304
2024-02-09 21:00:00+00:00,12.35,92.69388,0.0,11.95,0.305
2024-02-09 22:00:00+00:00,12.4,92.39005,0.0,11.8,0.305
2024-02-09 23:00:00+00:00,12.5,91.17926,0.0,11.7,0.305
2024-02-10 00:00:00+00:00,12.65,89.98804,0.0,11.7,0.305
2024-02-10 01:00:00+00:00,12.65,88.80088,0.0,12.25,0.304
2024-02-10 02:00:00+00:00,12.45,89.97312,0.0,12.0,0.304
2024-02-10 03:00:00+00:00,12.6,89.09233,0.0,11.85,0.304
2024-02-10 04:00:00+00:00,12.7,89.69377,0.0,11.8,0.304
2024-02-10 05:00:00+00:00,12.75,90.294235,0.0,11.75,0.304
2024-02-10 06:00:00+00:00,13.35,87.690926,0.0,11.8,0.304
2024-02-10 07:00:00+00:00,14.75,79.55616,0.0,12.35,0.304
2024-02-10 08:00:00+00:00,15.9,72.923195,0.0,13.05,0.304
2024-02-10 09:00:00+00:00,17.0,66.43172,0.0,13.85,0.304
2024-02-10 10:00:00+00:00,17.55,62.474155,0.0,14.6,0.303
2024-02-10 11:00:00+00:00,17.95,59.51136,0.0,15.2,0.302
2024-02-10 12:00:00+00:00,18.0,57.949203,0.0,15.7,0.302
2024-02-10 13:00:00+00:00,17.1,63.423145,0.0,15.85,0.303
2024-02-10 14:00:00+00:00,16.65,66.57927,0.0,15.7,0.303
2024-02-10 15:00:00+00:00,15.65,70.25611,0.0,15.2,0.302
2024-02-10 16:00:00+00:00,14.95,75.470436,0.0,14.6,0.302
2024-02-10 17:00:00+00:00,14.45,81.11136,0.0,14.15,0.302
2024-02-10 18:00:00+00:00,14.6,80.329544,0.0,13.9,0.302
2024-02-10 19:00:00+00:00,14.8,79.300224,0.0,13.75,0.302
2024-02-10 20:00:00+00:00,14.85,76.46494,0.0,13.65,0.302
2024-02-10 21:00:00+00:00,14.75,75.94156,0.0,13.55,0.302
2024-02-10 22:00:00+00:00,14.8,74.445915,0.0,13.5,0.302
2024-02-10 23:00:00+00:00,14.75,67.53093,0.0,13.45,0.302
2024-02-11 00:00:00+00:00,14.75,64.62307,0.0,13.4,0.302
2024-02-11 01:00:00+00:00,14.7,68.20791,0.0,14.05,0.299
2024-02-11 02:00:00+00:00,14.6,67.72825,0.0,13.8,0.299
2024-02-11 03:00:00+00:00,14.7,64.611984,0.0,13.65,0.299
2024-02-11 04:00:00+00:00,14.85,62.91199,0.0,13.55,0.299
2024-02-11 05:00:00+00:00,15.0,65.11799,0.0,13.5,0.299
2024-02-11 06:00:00+00:00,15.4,63.897167,0.0,13.6,0.299
2024-02-11 07:00:00+00:00,15.8,62.281284,0.0,13.7,0.298
2024-02-11 08:00:00+00:00,16.45,65.434044,0.0,14.1,0.298
2024-02-11 09:00:00+00:00,17.3,64.53496,0.0,14.7,0.298
2024-02-11 10:00:00+00:00,17.4,63.2792,0.0,15.1,0.297
2024-02-11 11:00:00+00:00,17.45,61.00622,0.3,15.45,0.299
2024-02-11 12:00:00+00:00,17.65,58.449627,0.0,15.75,0.298
2024-02-11 13:00:00+00:00,17.25,63.881824,0.0,16.45,0.291
2024-02-11 14:00:00+00:00,17.0,65.991035,0.0,16.3,0.291
2024-02-11 15:00:00+00:00,16.35,66.51582,0.0,15.85,0.291
2024-02-11 16:00:00+00:00,16.05,62.549767,0.0,15.3,0.291
2024-02-11 17:00:00+00:00,15.55,63.07203,0.0,14.85,0.291
2024-02-11 18:00:00+00:00,15.2,62.56594,0.0,14.5,0.291
2024-02-11 19:00:00+00:00,15.5,61.1651,0.0,14.3,0.291
2024-02-11 20:00:00+00:00,15.65,60.374813,0.0,14.25,0.291
2024-02-11 21:00:00+00:00,15.5,60.957623,0.0,14.2,0.291
2024-02-11 22:00:00+00:00,15.55,60.96947,0.0,14.15,0.291
2024-02-11 23:00:00+00:00,15.15,65.371475,0.0,14.1,0.291
2024-02-12 00:00:00+00:00,14.2,73.59798,0.3,13.85,0.293
2024-02-12 01:00:00+00:00,14.2,76.61596,0.2,15.0,0.284
2024-02-12 02:00:00+00:00,13.1,87.0886,1.3,13.95,0.299
2024-02-12 03:00:00+00:00,13.1,85.08603,0.7,13.3,0.307
2024-02-12 04:00:00+00:00,13.1,83.401955,0.0,12.8,0.307
2024-02-12 05:00:00+00:00,13.25,80.14267,0.0,12.55,0.307
2024-02-12 06:00:00+00:00,13.7,74.75723,0.0,12.55,0.307
2024-02-12 07:00:00+00:00,14.35,72.64288,0.1,12.8,0.307
2024-02-12 08:00:00+00:00,15.45,66.32457,0.0,13.4,0.307
2024-02-12 09:00:00+00:00,13.35,80.42512,0.5,13.6,0.311
2024-02-12 10:00:00+00:00,14.45,76.14619,0.4,13.95,0.314
2024-02-12 11:00:00+00:00,16.0,70.323814,0.1,14.5,0.314
2024-02-12 12:00:00+00:00,14.85,75.20287,0.4,14.55,0.317
2024-02-12 13:00:00+00:00,13.05,81.74087,0.1,13.1,0.365
2024-02-12 14:00:00+00:00,13.35,81.23544,0.2,13.05,0.363
2024-02-12 15:00:00+00:00,12.65,84.753815,0.2,12.85,0.363
2024-02-12 16:00:00+00:00,11.6,82.941795,0.2,12.35,0.362
2024-02-12 17:00:00+00:00,10.6,78.95393,0.0,11.7,0.36
2024-02-12 18:00:00+00:00,10.25,81.095184,0.0,11.3,0.358
2024-02-12 19:00:00+00:00,10.5,82.5246,0.0,11.05,0.357
2024-02-12 20:00:00+00:00,10.8,81.44616,0.0,10.9,0.355
2024-02-12 21:00:00+00:00,10.75,81.996086,0.0,10.85,0.354
2024-02-12 22:00:00+00:00,9.55,89.75314,0.0,10.65,0.352
2024-02-12 23:00:00+00:00,9.9,87.97003,0.0,10.4,0.351
2024-02-13 00:00:00+00:00,9.95,88.27382,0.3,10.3,0.352
2024-02-13 01:00:00+00:00,9.35,89.43259,0.0,10.45,0.36
2024-02-13 02:00:00+00:00,9.45,89.44053,0.0,10.35,0.358
2024-02-13 03:00:00+00:00,9.25,89.12022,0.0,10.25,0.357
2024-02-13 04:00:00+00:00,9.45,90.358,0.0,10.2,0.356
2024-02-13 05:00:00+00:00,9.4,94.10931,0.7,10.1,0.362
2024-02-13 06:00:00+00:00,9.5,95.717384,0.2,10.0,0.362
2024-02-13 07:00:00+00:00,10.25,91.33644,0.1,10.3,0.361
2024-02-13 08:00:00+00:00,10.7,86.56577,0.1,10.85,0.36
2024-02-13 09:00:00+00:00,11.15,82.60606,0.0,11.4,0.359
2024-02-13 10:00:00+00:00,12.4,74.02859,0.2,12.4,0.359
2024-02-13 11:00:00+00:00,12.9,69.47901,0.0,12.85,0.357
2024-02-13 12:00:00+00:00,13.75,64.621056,0.0,13.65,0.356
2024-02-13 13:00:00+00:00,13.85,65.30908,0.0,14.0,0.36
2024-02-13 14:00:00+00:00,13.15,69.29243,0.1,13.95,0.359
2024-02-13 15:00:00+00:00,11.15,84.301636,1.5,12.9,0.374
2024-02-13 16:00:00+00:00,10.15,87.99236,0.0,11.9,0.372
2024-02-13 17:00:00+00:00,8.6,91.853004,0.0,10.8,0.37
2024-02-13 18:00:00+00:00,7.75,92.11612,0.0,9.95,0.368
2024-02-13 19:00:00+00:00,7.8,92.119125,0.0,9.4,0.366
2024-02-13 20:00:00+00:00,7.3,93.04647,0.0,8.95,0.364
2024-02-13 21:00:00+00:00,6.9,95.62969,0.0,8.5,0.363
2024-02-13 22:00:00+00:00,6.85,87.692474,0.0,8.15,0.361
2024-02-13 23:00:00+00:00,6.6,85.55074,0.0,7.8,0.36
2024-02-14 00:00:00+00:00,6.3,87.33532,0.0,7.5,0.359
2024-02-14 01:00:00+00:00,6.75,84.377884,0.0,9.35,0.346
2024-02-14 02:00:00+00:00,6.35,87.95303,0.0,8.85,0.346
2024-02-14 03:00:00+00:00,6.35,89.50209,0.0,8.55,0.345
2024-02-14 04:00:00+00:00,7.15,86.20804,0.0,8.5,0.344
2024-02-14 05:00:00+00:00,6.95,88.31399,0.0,8.4,0.344
2024-02-14 06:00:00+00:00,7.55,86.24904,0.0,8.4,0.343
2024-02-14 07:00:00+00:00,9.15,81.225685,0.0,8.95,0.342
2024-02-14 08:00:00+00:00,10.5,72.93146,0.0,9.85,0.342
2024-02-14 09:00:00+00:00,11.4,67.52206,0.0,10.75,0.341
2024-02-14 10:00:00+00:00,11.9,63.31989,0.0,11.45,0.34
2024-02-14 11:00:00+00:00,11.75,60.902557,0.0,11.7,0.339
2024-02-14 12:00:00+00:00,12.1,57.464897,0.0,11.95,0.338
2024-02-14 13:00:00+00:00,12.15,55.883743,0.0,11.7,0.339
2024-02-14 14:00:00+00:00,11.55,54.749687,0.0,11.65,0.338
2024-02-14 15:00:00+00:00,10.85,54.95494,0.0,11.35,0.338
2024-02-14 16:00:00+00:00,9.75,58.096115,0.0,10.8,0.337
2024-02-14 17:00:00+00:00,9.25,61.1612,0.0,10.25,0.337
2024-02-14 18:00:00+00:00,9.2,65.64801,0.0,10.0,0.336
2024-02-14 19:00:00+00:00,8.85,67.4535,0.0,9.8,0.336
2024-02-14 20:00:00+00:00,8.5,69.313095,0.0,9.65,0.335
2024-02-14 21:00:00+00:00,8.3,70.75664,0.0,9.45,0.335
2024-02-14 22:00:00+00:00,8.4,68.561226,0.0,9.35,0.334
2024-02-14 23:00:00+00:00,8.3,62.479088,0.0,9.25,0.334
2024-02-15 00:00:00+00:00,7.9,59.102093,0.0,9.15,0.334
2024-02-15 01:00:00+00:00,7.5,57.520515,0.0,9.65,0.336
2024-02-15 02:00:00+00:00,6.8,58.824196,0.0,9.15,0.336
2024-02-15 03:00:00+00:00,6.2,60.19408,0.0,8.7,0.336
2024-02-15 04:00:00+00:00,5.8,61.42941,0.0,8.3,0.335
2024-02-15 05:00:00+00:00,5.4,63.15578,0.0,7.95,0.335
2024-02-15 06:00:00+00:00,5.9,62.13083,0.0,7.85,0.334
2024-02-15 07:00:00+00:00,6.75,60.111496,0.0,8.05,0.334
2024-02-15 08:00:00+00:00,7.5,58.362602,0.0,8.35,0.333
2024-02-15 09:00:00+00:00,8.5,54.725735,0.0,8.9,0.333
2024-02-15 10:00:00+00:00,8.95,54.25363,0.0,9.25,0.332
2024-02-15 11:00:00+00:00,9.9,51.45347,0.0,9.85,0.331
2024-02-15 12:00:00+00:00,10.45,51.234493,0.0,10.2,0.33
2024-02-15 13:00:00+00:00,10.45,56.036804,0.0,10.3,0.331
2024-02-15 14:00:00+00:00,10.1,59.228565,0.0,10.3,0.331
2024-02-15 15:00:00+00:00,9.65,61.6942,0.0,10.15,0.33
2024-02-15 16:00:00+00:00,8.95,67.236946,0.1,9.8,0.331
2024-02-15 17:00:00+00:00,8.55,72.57074,0.2,9.35,0.332
2024-02-15 18:00:00+00:00,8.15,72.24085,0.2,8.9,0.333
2024-02-15 19:00:00+00:00,7.45,81.27832,0.8,8.35,0.341
2024-02-15 20:00:00+00:00,7.2,84.1356,1.2,7.95,0.357
2024-02-15 21:00:00+00:00,7.1,85.90315,1.6,7.75,0.377
2024-02-15 22:00:00+00:00,7.1,86.202896,1.2,7.6,0.389
2024-02-15 23:00:00+00:00,7.1,87.10771,0.5,7.5,0.39
2024-02-16 00:00:00+00:00,7.2,86.81505,0.4,7.45,0.39
2024-02-16 01:00:00+00:00,7.65,83.89572,0.1,7.85,0.365
2024-02-16 02:00:00+00:00,7.45,84.16474,0.1,7.75,0.364
2024-02-16 03:00:00+00:00,7.25,84.730255,0.1,7.6,0.364
2024-02-16 04:00:00+00:00,7.25,85.02604,0.1,7.5,0.363
2024-02-16 05:00:00+00:00,6.95,88.31399,0.9,7.35,0.373
2024-02-16 06:00:00+00:00,6.8,88.60861,1.6,7.3,0.392
2024-02-16 07:00:00+00:00,7.0,88.62582,1.1,7.4,0.4
2024-02-16 08:00:00+00:00,6.95,89.23945,0.5,7.45,0.4
2024-02-16 09:00:00+00:00,7.25,87.72941,0.4,7.7,0.397
2024-02-16 10:00:00+00:00,7.65,85.662926,0.5,8.1,0.396
2024-02-16 11:00:00+00:00,7.9,81.33909,0.5,8.3,0.395
2024-02-16 12:00:00+00:00,8.15,79.96887,0.3,8.4,0.393
2024-02-16 13:00:00+00:00,7.85,78.81614,0.1,8.5,0.379
2024-02-16 14:00:00+00:00,7.75,77.16108,0.0,8.35,0.377
2024-02-16 15:00:00+00:00,7.4,80.98769,0.3,8.15,0.377
2024-02-16 16:00:00+00:00,6.9,84.98721,0.6,7.75,0.382
2024-02-16 17:00:00+00:00,6.55,90.14348,0.6,7.4,0.386
2024-02-16 18:00:00+00:00,6.1,90.74092,0.2,7.15,0.386
2024-02-16 19:00:00+00:00,5.75,87.89833,0.1,6.9,0.383
2024-02-16 20:00:00+00:00,5.6,86.65604,0.0,6.7,0.381
2024-02-16 21:00:00+00:00,5.6,86.35128,0.0,6.55,0.379
2024-02-16 22:00:00+00:00,5.6,85.74462,0.0,6.5,0.377
2024-02-16 23:00:00+00:00,5.55,84.83606,0.0,6.45,0.375
2024-02-17 00:00:00+00:00,5.45,84.226906,0.0,6.4,0.373
2024-02-17 01:00:00+00:00,5.9,80.78024,0.0,6.7,0.367
2024-02-17 02:00:00+00:00,5.15,80.10204,0.0,6.45,0.365
2024-02-17 03:00:00+00:00,4.3,81.719185,0.0,6.1,0.364
2024-02-17 04:00:00+00:00,3.9,82.25441,0.0,5.8,0.363
2024-02-17 05:00:00+00:00,3.55,82.505135,0.0,5.55,0.363
2024-02-17 06:00:00+00:00,4.1,79.949875,0.0,5.5,0.362
2024-02-17 07:00:00+00:00,5.5,72.252625,0.0,6.0,0.361
2024-02-17 08:00:00+00:00,6.6,66.72806,0.0,6.8,0.36
2024-02-17 09:00:00+00:00,7.35,64.07307,0.0,7.65,0.358
2024-02-17 10:00:00+00:00,7.65,63.227604,0.0,8.2,0.357
2024-02-17 11:00:00+00:00,8.2,62.00923,0.0,8.85,0.356
2024-02-17 12:00:00+00:00,8.4,61.83521,0.0,9.2,0.355
2024-02-17 13:00:00+00:00,8.45,66.41864,0.0,9.05,0.357
2024-02-17 14:00:00+00:00,8.55,66.20514,0.0,9.15,0.356
2024-02-17 15:00:00+00:00,8.15,66.82683,0.0,9.0,0.355
2024-02-17 16:00:00+00:00,7.5,70.34826,0.0,8.6,0.354
2024-02-17 17:00:00+00:00,6.9,74.08084,0.0,8.15,0.354
2024-02-17 18:00:00+00:00,6.25,77.74176,0.0,7.7,0.353
2024-02-17 19:00:00+00:00,5.25,82.13747,0.0,7.25,0.353
2024-02-17 20:00:00+00:00,3.5,90.553635,0.0,6.6,0.353
2024-02-17 21:00:00+00:00,2.25,94.108116,0.0,5.95,0.352
2024-02-17 22:00:00+00:00,1.7,94.42167,0.0,5.35,0.352
2024-02-17 23:00:00+00:00,1.9,93.75405,0.0,4.8,0.352
2024-02-18 00:00:00+00:00,1.45,95.43697,0.0,4.25,0.351
2024-02-18 01:00:00+00:00,1.6,96.47753,0.0,4.95,0.347
2024-02-18 02:00:00+00:00,0.9,97.50847,0.0,4.4,0.347
2024-02-18 03:00:00+00:00,0.45,97.853165,0.0,3.9,0.346
2024-02-18 04:00:00+00:00,1.5,96.4747,0.0,3.5,0.346
2024-02-18 05:00:00+00:00,1.6,97.1731,0.0,3.2,0.346
2024-02-18 06:00:00+00:00,1.65,97.523544,0.0,3.45,0.346
2024-02-18 07:00:00+00:00,3.85,90.90159,0.0,4.55,0.345
2024-02-18 08:00:00+00:00,6.4,80.28106,0.0,6.2,0.345
2024-02-18 09:00:00+00:00,8.75,69.854645,0.0,7.9,0.344
2024-02-18 10:00:00+00:00,10.2,66.565,0.0,9.4,0.343
2024-02-18 11:00:00+00:00,11.05,64.46196,0.0,10.55,0.342
2024-02-18 12:00:00+00:00,11.6,62.37436,0.0,11.3,0.341
2024-02-18 13:00:00+00:00,10.3,67.76081,0.0,11.0,0.34
2024-02-18 14:00:00+00:00,10.4,65.682365,0.0,11.0,0.34
2024-02-18 15:00:00+00:00,9.6,72.512764,0.0,10.45,0.339
2024-02-18 16:00:00+00:00,8.45,74.87972,0.0,9.15,0.339
2024-02-18 17:00:00+00:00,8.1,76.410324,0.0,8.2,0.339
2024-02-18 18:00:00+00:00,7.25,83.55623,0.0,7.9,0.339
2024-02-18 19:00:00+00:00,7.15,86.810104,0.0,7.8,0.339
2024-02-18 20:00:00+00:00,6.3,89.18625,0.0,7.45,0.339
2024-02-18 21:00:00+00:00,4.85,92.2619,0.0,6.85,0.339
2024-02-18 22:00:00+00:00,5.35,91.006355,0.0,6.65,0.339
2024-02-18 23:00:00+00:00,5.45,90.69462,0.0,6.5,0.339
2024-02-19 00:00:00+00:00,5.65,88.50899,0.0,6.45,0.339
2024-02-19 01:00:00+00:00,5.9,85.47523,0.0,7.15,0.343
2024-02-19 02:00:00+00:00,3.9,92.2045,0.0,6.55,0.343
2024-02-19 03:00:00+00:00,3.8,94.17982,0.0,6.2,0.343
2024-02-19 04:00:00+00:00,5.3,87.85705,0.0,6.1,0.343
2024-02-19 05:00:00+00:00,3.45,95.17122,0.0,5.7,0.343
2024-02-19 06:00:00+00:00,5.5,90.38064,0.0,6.05,0.343
2024-02-19 07:00:00+00:00,7.25,82.10893,0.0,6.75,0.343
2024-02-19 08:00:00+00:00,9.1,67.74521,0.0,7.85,0.342
2024-02-19 09:00:00+00:00,10.05,63.336273,0.0,9.0,0.341
2024-02-19 10:00:00+00:00,10.2,63.37101,0.1,9.65,0.341
2024-02-19 11:00:00+00:00,10.55,61.690968,0.1,10.15,0.341
2024-02-19 12:00:00+00:00,10.6,62.357956,0.0,10.4,0.341
2024-02-19 13:00:00+00:00,10.15,65.16797,0.0,10.5,0.342
2024-02-19 14:00:00+00:00,9.9,64.655205,0.0,10.3,0.342
2024-02-19 15:00:00+00:00,9.3,65.90251,0.0,9.9,0.341
2024-02-19 16:00:00+00:00,8.55,68.3503,0.0,9.45,0.341
2024-02-19 17:00:00+00:00,7.65,72.146225,0.0,8.9,0.341
2024-02-19 18:00:00+00:00,6.3,77.749664,0.0,8.25,0.341
2024-02-19 19:00:00+00:00,5.3,82.729485,0.0,7.6,0.341
2024-02-19 20:00:00+00:00,4.65,87.17674,0.0,7.05,0.34
2024-02-19 21:00:00+00:00,4.2,91.89704,0.0,6.6,0.34
2024-02-19 22:00:00+00:00,3.9,93.52029,0.0,6.3,0.34
2024-02-19 23:00:00+00:00,4.0,93.195114,0.0,6.15,0.34
2024-02-20 00:00:00+00:00,2.65,95.480484,0.0,5.7,0.34
2024-02-20 01:00:00+00:00,2.7,93.458855,0.0,6.55,0.335
2024-02-20 02:00:00+00:00,1.6,95.099625,0.0,5.75,0.335
2024-02-20 03:00:00+00:00,1.65,94.08,0.0,5.05,0.335
2024-02-20 04:00:00+00:00,1.4,96.47186,0.0,4.65,0.335
2024-02-20 05:00:00+00:00,2.3,96.15305,0.0,4.7,0.335
2024-02-20 06:00:00+00:00,3.35,92.49973,0.0,4.95,0.335
2024-02-20 07:00:00+00:00,5.2,84.79652,0.0,5.75,0.335
2024-02-20 08:00:00+00:00,7.3,76.0092,0.0,7.0,0.334
2024-02-20 09:00:00+00:00,9.1,65.858376,0.0,8.55,0.334
2024-02-20 10:00:00+00:00,10.5,58.492912,0.0,10.05,0.333
2024-02-20 11:00:00+00:00,11.1,55.610455,0.0,11.1,0.332
2024-02-20 12:00:00+00:00,10.85,54.95494,0.0,11.2,0.331
2024-02-20 13:00:00+00:00,10.7,57.71914,0.0,11.3,0.335
2024-02-20 14:00:00+00:00,10.7,55.70386,0.0,11.2,0.334
2024-02-20 15:00:00+00:00,9.95,63.313103,0.0,10.65,0.334
2024-02-20 16:00:00+00:00,7.95,70.93826,0.0,9.7,0.334
2024-02-20 17:00:00+00:00,6.65,73.77301,0.0,8.55,0.334
2024-02-20 18:00:00+00:00,5.95,79.36805,0.0,7.85,0.334
2024-02-20 19:00:00+00:00,4.6,87.79245,0.0,7.2,0.334
2024-02-20 20:00:00+00:00,4.0,89.629944,0.0,6.6,0.334
2024-02-20 21:00:00+00:00,3.75,89.92962,0.0,6.2,0.334
2024-02-20 22:00:00+00:00,2.65,92.4585,0.0,5.75,0.334
2024-02-20 23:00:00+00:00,3.35,91.19091,0.0,5.5,0.334
2024-02-21 00:00:00+00:00,2.7,94.803535,0.0,5.3,0.334
2024-02-21 01:00:00+00:00,4.05,89.31601,0.0,6.1,0.336
2024-02-21 02:00:00+00:00,2.7,94.129074,0.0,5.65,0.336
2024-02-21 03:00:00+00:00,3.7,93.84214,0.0,5.7,0.336
2024-02-21 04:00:00+00:00,3.65,92.189285,0.0,5.1,0.336
2024-02-21 05:00:00+00:00,1.9,96.486015,0.0,4.65,0.336
2024-02-21 06:00:00+00:00,3.3,94.15683,0.0,4.8,0.336
2024-02-21 07:00:00+00:00,5.75,84.26193,0.0,5.8,0.336
2024-02-21 08:00:00+00:00,6.3,81.984726,0.2,6.55,0.337
2024-02-21 09:00:00+00:00,6.75,81.183235,0.7,7.15,0.344
2024-02-21 10:00:00+00:00,7.65,78.23558,0.1,7.85,0.344
2024-02-21 11:00:00+00:00,8.4,76.19292,0.0,8.6,0.344
2024-02-21 12:00:00+00:00,9.75,70.54593,0.0,9.9,0.343
2024-02-21 13:00:00+00:00,10.65,63.92184,0.0,11.15,0.337
2024-02-21 14:00:00+00:00,10.6,63.240944,0.0,11.1,0.337
2024-02-21 15:00:00+00:00,9.85,68.14171,0.0,10.55,0.337
2024-02-21 16:00:00+00:00,6.45,86.74086,0.0,9.4,0.337
2024-02-21 17:00:00+00:00,5.7,87.58539,0.0,8.2,0.336
2024-02-21 18:00:00+00:00,4.9,90.33622,0.0,7.35,0.336
2024-02-21 19:00:00+00:00,4.35,91.58221,0.0,6.7,0.336
2024-02-21 20:00:00+00:00,4.1,92.54354,0.0,6.2,0.336
2024-02-21 21:00:00+00:00,4.15,92.21966,0.0,5.9,0.336
2024-02-21 22:00:00+00:00,3.95,92.86312,0.0,5.65,0.336
2024-02-21 23:00:00+00:00,4.05,93.197784,0.0,5.5,0.336
2024-02-22 00:00:00+00:00,3.55,93.83487,0.0,5.3,0.336
2024-02-22 01:00:00+00:00,4.35,90.936714,0.0,5.7,0.331
2024-02-22 02:00:00+00:00,5.25,87.54312,0.0,5.4,0.331
2024-02-22 03:00:00+00:00,3.7,92.84914,0.0,5.2,0.331
2024-02-22 04:00:00+00:00,2.95,92.47621,0.0,4.7,0.332
2024-02-22 05:00:00+00:00,2.5,91.78894,0.0,4.3,0.332
2024-02-22 06:00:00+00:00,4.5,86.54509,0.0,4.55,0.332
2024-02-22 07:00:00+00:00,6.9,80.06989,0.0,5.75,0.332
2024-02-22 08:00:00+00:00,9.0,72.400696,0.0,7.4,0.331
2024-02-22 09:00:00+00:00,11.0,64.90245,0.0,9.1,0.331
2024-02-22 10:00:00+00:00,12.35,61.259308,0.0,10.55,0.33
2024-02-22 11:00:00+00:00,12.9,57.868687,0.0,11.35,0.329
2024-02-22 12:00:00+00:00,13.2,54.98953,0.1,11.9,0.329
2024-02-22 13:00:00+00:00,13.1,59.345634,0.0,12.0,0.329
2024-02-22 14:00:00+00:00,12.95,58.48929,0.0,11.95,0.329
2024-02-22 15:00:00+00:00,11.9,65.329,0.0,11.45,0.328
2024-02-22 16:00:00+00:00,9.75,76.41567,0.0,10.5,0.328
2024-02-22 17:00:00+00:00,8.35,84.56084,0.0,9.6,0.328
2024-02-22 18:00:00+00:00,7.55,89.59728,0.0,8.85,0.329
2024-02-22 19:00:00+00:00,7.2,91.13312,0.0,8.3,0.329
2024-02-22 20:00:00+00:00,7.05,91.75575,0.0,7.9,0.329
2024-02-22 21:00:00+00:00,7.25,91.45197,0.0,7.65,0.329
2024-02-22 22:00:00+00:00,7.6,88.98426,0.0,7.45,0.329
2024-02-22 23:00:00+00:00,7.7,87.165436,0.0,7.35,0.329
2024-02-23 00:00:00+00:00,8.05,84.82006,0.0,7.35,0.329
2024-02-23 01:00:00+00:00,8.6,85.46845,0.0,7.8,0.331
2024-02-23 02:00:00+00:00,8.55,86.35076,0.0,7.8,0.331
2024-02-23 03:00:00+00:00,8.65,88.76627,0.0,7.8,0.331
2024-02-23 04:00:00+00:00,8.9,90.31786,0.0,7.85,0.331
2024-02-23 05:00:00+00:00,9.5,90.36164,0.0,8.0,0.331
2024-02-23 06:00:00+00:00,11.0,84.857086,0.0,8.45,0.331
2024-02-23 07:00:00+00:00,12.8,79.81118,0.0,9.25,0.331
2024-02-23 08:00:00+00:00,13.55,79.384575,0.1,10.15,0.331
2024-02-23 09:00:00+00:00,14.3,76.12179,0.1,10.95,0.332
2024-02-23 10:00:00+00:00,15.35,71.143074,0.1,12.0,0.331
2024-02-23 11:00:00+00:00,15.9,68.91137,0.1,12.85,0.331
2024-02-23 12:00:00+00:00,16.3,66.2832,0.1,13.4,0.331
2024-02-23 13:00:00+00:00,16.6,65.90545,0.0,13.85,0.33
2024-02-23 14:00:00+00:00,16.4,66.97227,0.0,13.9,0.33
2024-02-23 15:00:00+00:00,15.5,72.36777,0.0,13.6,0.329
2024-02-23 16:00:00+00:00,13.7,83.75058,0.0,12.9,0.329
2024-02-23 17:00:00+00:00,12.6,91.18585,0.0,12.2,0.329
2024-02-23 18:00:00+00:00,12.35,92.08139,0.0,11.7,0.329
2024-02-23 19:00:00+00:00,12.05,92.6773,0.0,11.35,0.329
2024-02-23 20:00:00+00:00,11.85,92.05148,0.0,11.05,0.329
2024-02-23 21:00:00+00:00,11.9,91.139465,0.0,10.9,0.329
2024-02-23 22:00:00+00:00,11.85,90.832825,0.0,10.75,0.329
2024-02-23 23:00:00+00:00,11.8,90.52685,0.0,10.65,0.329
2024-02-24 00:00:00+00:00,11.75,90.5233,0.0,10.55,0.329
2024-02-24 01:00:00+00:00,12.2,91.46286,0.0,11.35,0.325
2024-02-24 02:00:00+00:00,11.95,91.75169,0.0,11.1,0.325
2024-02-24 03:00:00+00:00,11.7,92.657875,0.0,10.9,0.325
2024-02-24 04:00:00+00:00,11.5,93.57799,0.0,10.75,0.325
2024-02-24 05:00:00+00:00,11.45,93.57554,0.0,10.6,0.325
2024-02-24 06:00:00+00:00,12.35,91.472466,0.0,10.75,0.325
2024-02-24 07:00:00+00:00,14.25,84.64888,0.0,11.55,0.325
2024-02-24 08:00:00+00:00,16.0,76.39619,0.0,12.6,0.325
2024-02-24 09:00:00+00:00,17.2,66.47401,0.0,13.7,0.324
2024-02-24 10:00:00+00:00,18.2,57.804386,0.0,14.75,0.323
2024-02-24 11:00:00+00:00,18.6,55.809032,0.0,15.6,0.322
2024-02-24 12:00:00+00:00,18.7,54.537354,0.0,16.15,0.321
2024-02-24 13:00:00+00:00,18.55,55.983963,0.0,16.35,0.32
2024-02-24 14:00:00+00:00,17.85,61.50921,0.0,16.2,0.32
2024-02-24 15:00:00+00:00,16.5,70.420204,0.0,15.7,0.319
2024-02-24 16:00:00+00:00,14.45,82.46448,0.0,14.8,0.319
2024-02-24 17:00:00+00:00,13.35,87.98157,0.0,13.9,0.319
2024-02-24 18:00:00+00:00,12.7,90.59035,0.0,13.2,0.319
2024-02-24 19:00:00+00:00,12.45,90.27251,0.0,12.7,0.319
2024-02-24 20:00:00+00:00,12.2,89.95444,0.0,12.3,0.32
2024-02-24 21:00:00+00:00,11.95,88.44665,0.0,11.95,0.32
2024-02-24 22:00:00+00:00,11.9,85.24167,0.0,11.65,0.32
2024-02-24 23:00:00+00:00,11.8,84.65971,0.0,11.5,0.32
2024-02-25 00:00:00+00:00,11.65,86.36862,0.0,11.3,0.32
2024-02-25 01:00:00+00:00,12.05,90.84655,0.0,11.85,0.321
2024-02-25 02:00:00+00:00,12.0,91.14612,0.0,11.7,0.321
2024-02-25 03:00:00+00:00,12.2,87.87951,0.0,11.6,0.321
2024-02-25 04:00:00+00:00,12.55,82.779655,0.0,11.6,0.321
2024-02-25 05:00:00+00:00,12.55,80.31463,0.0,11.6,0.321
2024-02-25 06:00:00+00:00,13.15,76.447174,0.0,11.75,0.321
2024-02-25 07:00:00+00:00,14.25,71.41323,0.0,12.15,0.321
2024-02-25 08:00:00+00:00,15.4,67.21252,0.0,12.85,0.321
2024-02-25 09:00:00+00:00,16.3,62.60715,0.0,13.75,0.32
2024-02-25 10:00:00+00:00,16.65,60.408943,0.0,14.35,0.32
2024-02-25 11:00:00+00:00,17.05,60.9121,0.0,14.85,0.319
2024-02-25 12:00:00+00:00,18.15,56.83033,0.0,15.65,0.318
2024-02-25 13:00:00+00:00,19.05,48.869785,0.0,16.5,0.317
2024-02-25 14:00:00+00:00,18.45,49.039265,0.0,16.45,0.316
2024-02-25 15:00:00+00:00,17.0,58.093513,0.0,15.95,0.315
2024-02-25 16:00:00+00:00,13.85,69.904434,0.0,14.7,0.315
2024-02-25 17:00:00+00:00,11.8,77.5353,0.0,13.4,0.315
2024-02-25 18:00:00+00:00,10.9,80.35735,0.0,12.4,0.316
2024-02-25 19:00:00+00:00,11.05,77.94884,0.0,11.6,0.316
2024-02-25 20:00:00+00:00,10.05,84.175674,0.0,11.2,0.316
2024-02-25 21:00:00+00:00,9.85,85.8939,0.0,10.9,0.316
2024-02-25 22:00:00+00:00,8.55,89.67565,0.0,10.5,0.316
2024-02-25 23:00:00+00:00,7.8,87.779915,0.0,10.0,0.316
2024-02-26 00:00:00+00:00,7.9,84.21701,0.0,9.6,0.316
2024-02-26 01:00:00+00:00,9.4,70.72408,0.0,10.05,0.311
2024-02-26 02:00:00+00:00,9.25,71.441216,0.0,9.9,0.311
2024-02-26 03:00:00+00:00,8.25,76.97169,0.0,9.7,0.312
2024-02-26 04:00:00+00:00,7.7,78.2433,0.0,9.4,0.312
2024-02-26 05:00:00+00:00,8.15,74.56524,0.0,9.25,0.312
2024-02-26 06:00:00+00:00,9.0,70.397865,0.0,9.4,0.312
2024-02-26 07:00:00+00:00,10.1,68.43265,0.0,9.85,0.312
2024-02-26 08:00:00+00:00,11.3,65.19609,0.0,10.5,0.312
2024-02-26 09:00:00+00:00,12.75,60.719303,0.0,11.3,0.312
2024-02-26 10:00:00+00:00,15.35,55.16599,0.0,12.9,0.311
2024-02-26 11:00:00+00:00,17.3,51.65021,0.0,14.55,0.31
2024-02-26 12:00:00+00:00,17.6,51.37853,0.0,15.0,0.309
2024-02-26 13:00:00+00:00,17.55,54.98084,0.0,15.2,0.308
2024-02-26 14:00:00+00:00,17.3,57.001183,0.0,15.0,0.308
2024-02-26 15:00:00+00:00,16.1,63.624207,0.0,14.5,0.308
2024-02-26 16:00:00+00:00,14.7,58.92215,0.0,13.95,0.308
2024-02-26 17:00:00+00:00,13.0,60.35949,0.0,13.2,0.308
2024-02-26 18:00:00+00:00,12.15,61.639412,0.0,12.6,0.308
2024-02-26 19:00:00+00:00,11.8,61.771526,0.0,12.25,0.308
2024-02-26 20:00:00+00:00,11.0,65.12937,0.0,11.9,0.308
2024-02-26 21:00:00+00:00,9.6,72.26051,0.0,11.35,0.308
2024-02-26 22:00:00+00:00,7.95,81.34581,0.0,10.6,0.308
2024-02-26 23:00:00+00:00,6.45,89.822525,0.0,9.85,0.308
2024-02-27 00:00:00+00:00,6.25,91.06836,0.0,9.3,0.308
2024-02-27 01:00:00+00:00,8.0,82.20611,0.0,10.7,0.31
2024-02-27 02:00:00+00:00,7.4,85.33901,0.0,10.1,0.31
2024-02-27 03:00:00+00:00,6.9,87.697105,0.0,9.6,0.31
2024-02-27 04:00:00+00:00,6.75,87.68322,0.0,9.2,0.31
2024-02-27 05:00:00+00:00,6.7,86.765656,0.0,8.95,0.31
2024-02-27 06:00:00+00:00,7.7,83.03047,0.0,9.0,0.31
2024-02-27 07:00:00+00:00,9.5,75.58417,0.0,9.8,0.31
2024-02-27 08:00:00+00:00,11.45,69.187325,0.0,11.1,0.31
2024-02-27 09:00:00+00:00,13.55,61.544174,0.0,12.55,0.309
2024-02-27 10:00:00+00:00,15.1,55.86616,0.0,13.9,0.308
2024-02-27 11:00:00+00:00,16.25,52.621502,0.0,15.1,0.307
2024-02-27 12:00:00+00:00,16.9,51.366585,0.0,15.95,0.306
2024-02-27 13:00:00+00:00,17.2,54.33386,0.0,16.0,0.306
2024-02-27 14:00:00+00:00,17.05,55.60287,0.0,15.95,0.305
2024-02-27 15:00:00+00:00,15.85,62.715317,0.0,15.35,0.305
2024-02-27 16:00:00+00:00,12.7,73.33056,0.0,14.15,0.305
2024-02-27 17:00:00+00:00,11.15,75.34272,0.0,13.0,0.305
2024-02-27 18:00:00+00:00,10.1,76.737114,0.0,12.05,0.305
2024-02-27 19:00:00+00:00,9.2,80.39569,0.0,11.3,0.305
2024-02-27 20:00:00+00:00,8.1,85.41472,0.0,10.55,0.305
2024-02-27 21:00:00+00:00,7.45,88.66438,0.0,10.0,0.305
2024-02-27 22:00:00+00:00,6.7,91.415855,0.0,9.5,0.305
2024-02-27 23:00:00+00:00,6.3,93.31605,0.0,9.05,0.305
2024-02-28 00:00:00+00:00,5.6,95.252464,0.0,8.65,0.305
2024-02-28 01:00:00+00:00,5.55,95.25059,0.0,8.6,0.303
2024-02-28 02:00:00+00:00,4.95,95.89724,0.0,8.25,0.303
2024-02-28 03:00:00+00:00,4.4,97.23588,0.0,7.9,0.303
2024-02-28 04:00:00+00:00,4.35,98.263695,0.0,7.65,0.303
2024-02-28 05:00:00+00:00,4.2,98.95373,0.0,7.5,0.303
2024-02-28 06:00:00+00:00,5.55,93.27697,0.0,7.75,0.303
2024-02-28 07:00:00+00:00,8.0,83.6463,0.0,8.75,0.303
2024-02-28 08:00:00+00:00,10.35,77.04209,0.0,10.15,0.303
2024-02-28 09:00:00+00:00,12.6,71.58603,0.0,11.75,0.302
2024-02-28 10:00:00+00:00,14.35,67.90589,0.0,13.1,0.302
2024-02-28 11:00:00+00:00,16.1,64.92077,0.0,14.55,0.301
2024-02-28 12:00:00+00:00,17.1,63.423145,0.0,15.45,0.3
2024-02-28 13:00:00+00:00,18.0,56.98409,0.0,15.8,0.3
2024-02-28 14:00:00+00:00,17.95,55.269783,0.0,15.85,0.299
2024-02-28 15:00:00+00:00,16.8,62.09321,0.0,15.35,0.299
2024-02-28 16:00:00+00:00,13.6,71.29015,0.0,14.2,0.299
2024-02-28 17:00:00+00:00,11.85,72.92742,0.0,13.1,0.299
2024-02-28 18:00:00+00:00,10.7,71.96668,0.0,12.2,0.299
2024-02-28 19:00:00+00:00,9.8,75.63478,0.0,11.45,0.299
2024-02-28 20:00:00+00:00,8.5,83.41709,0.0,10.75,0.299
2024-02-28 21:00:00+00:00,7.75,88.99673,0.0,10.1,0.299
2024-02-28 22:00:00+00:00,6.95,92.70662,0.0,9.6,0.3
2024-02-28 23:00:00+00:00,6.35,94.95088,0.0,9.1,0.3
2024-02-29 00:00:00+00:00,5.65,96.254135,0.0,8.7,0.3
2024-02-29 01:00:00+00:00,6.15,95.27292,0.0,8.85,0.298
2024-02-29 02:00:00+00:00,5.15,96.57594,0.0,8.4,0.298
2024-02-29 03:00:00+00:00,4.7,97.24248,0.0,7.95,0.299
2024-02-29 04:00:00+00:00,4.6,97.240295,0.0,7.55,0.299
2024-02-29 05:00:00+00:00,4.1,98.26022,0.0,7.25,0.299
2024-02-29 06:00:00+00:00,6.35,92.99519,0.0,7.6,0.299
2024-02-29 07:00:00+00:00,9.15,83.208664,0.0,8.8,0.299
2024-02-29 08:00:00+00:00,11.65,76.20304,0.0,10.45,0.298
2024-02-29 09:00:00+00:00,14.2,69.73732,0.0,12.2,0.298
2024-02-29 10:00:00+00:00,16.5,63.714092,0.0,13.85,0.297
2024-02-29 11:00:00+00:00,18.0,60.526295,0.0,15.15,0.296
2024-02-29 12:00:00+00:00,18.8,58.53455,0.0,16.15,0.295
2024-02-29 13:00:00+00:00,19.05,58.98617,0.0,16.5,0.296
2024-02-29 14:00:00+00:00,18.65,58.693455,0.0,16.55,0.295
2024-02-29 15:00:00+00:00,17.25,66.927315,0.0,16.0,0.295
2024-02-29 16:00:00+00:00,14.45,75.13571,0.0,14.9,0.295
2024-02-29 17:00:00+00:00,13.4,76.74506,0.0,13.9,0.295
2024-02-29 18:00:00+00:00,13.2,72.92473,0.0,13.25,0.295
2024-02-29 19:00:00+00:00,12.4,78.41985,0.0,12.7,0.295
2024-02-29 20:00:00+00:00,11.4,86.34362,0.0,12.2,0.295
2024-02-29 21:00:00+00:00,10.4,91.038864,0.0,11.8,0.295
2024-02-29 22:00:00+00:00,10.2,87.69893,0.0,11.4,0.295
2024-02-29 23:00:00+00:00,9.55,85.86273,0.0,11.05,0.295
2024-03-01 00:00:00+00:00,9.3,82.65662,0.0,10.8,0.295
2024-03-01 01:00:00+00:00,9.3,76.60716,0.0,11.05,0.289
2024-03-01 02:00:00+00:00,8.9,78.15541,0.0,10.75,0.29
2024-03-01 03:00:00+00:00,8.7,77.85325,0.0,10.45,0.29
2024-03-01 04:00:00+00:00,8.75,76.517235,0.0,10.0,0.29
2024-03-01 05:00:00+00:00,7.75,82.460526,0.0,9.6,0.29
2024-03-01 06:00:00+00:00,8.8,80.061676,0.0,9.75,0.29
2024-03-01 07:00:00+00:00,9.85,76.16829,0.0,10.25,0.29
2024-03-01 08:00:00+00:00,11.1,72.53999,0.0,11.0,0.29
2024-03-01 09:00:00+00:00,12.0,70.74106,0.0,11.7,0.289
2024-03-01 10:00:00+00:00,13.15,68.12052,0.0,12.55,0.289
2024-03-01 11:00:00+00:00,13.55,67.971146,0.0,13.05,0.289
2024-03-01 12:00:00+00:00,14.25,66.517685,0.0,13.65,0.288
2024-03-01 13:00:00+00:00,15.6,68.85115,0.0,14.55,0.301
2024-03-01 14:00:00+00:00,15.65,68.172966,0.0,14.75,0.301
2024-03-01 15:00:00+00:00,14.9,72.25779,0.0,14.45,0.301
2024-03-01 16:00:00+00:00,13.0,80.91749,0.0,13.65,0.301
2024-03-01 17:00:00+00:00,12.45,84.73174,0.0,12.95,0.301
2024-03-01 18:00:00+00:00,12.05,88.455185,0.0,12.45,0.301
2024-03-01 19:00:00+00:00,11.2,92.320724,0.0,12.0,0.301
2024-03-01 20:00:00+00:00,10.15,93.82685,0.0,11.5,0.301
2024-03-01 21:00:00+00:00,10.05,95.09398,0.0,11.2,0.301
2024-03-01 22:00:00+00:00,9.5,95.717384,0.0,10.8,0.301
2024-03-01 23:00:00+00:00,9.05,96.6794,0.0,10.45,0.301
2024-03-02 00:00:00+00:00,9.9,94.13191,0.0,10.25,0.301
2024-03-02 01:00:00+00:00,8.0,96.32272,0.0,9.3,0.297
2024-03-02 02:00:00+00:00,8.25,94.70138,0.0,9.35,0.297
2024-03-02 03:00:00+00:00,8.15,93.73113,0.0,9.25,0.297
2024-03-02 04:00:00+00:00,7.75,93.39066,0.0,9.15,0.297
2024-03-02 05:00:00+00:00,7.25,94.01058,0.0,9.0,0.297
2024-03-02 06:00:00+00:00,8.1,90.56967,0.0,9.15,0.297
2024-03-02 07:00:00+00:00,9.75,84.4293,0.0,9.75,0.297
2024-03-02 08:00:00+00:00,11.1,81.20944,0.0,10.6,0.298
2024-03-02 09:00:00+00:00,11.75,81.57143,0.7,11.45,0.303
2024-03-02 10:00:00+00:00,11.8,85.23093,0.5,11.8,0.308
2024-03-02 11:00:00+00:00,11.75,84.36973,1.5,11.95,0.328
2024-03-02 12:00:00+00:00,12.05,82.71794,0.0,12.1,0.328
2024-03-02 13:00:00+00:00,12.8,80.34926,0.5,13.65,0.31
2024-03-02 14:00:00+00:00,12.95,79.03199,0.0,13.45,0.31
2024-03-02 15:00:00+00:00,13.0,78.774155,0.0,13.35,0.31
2024-03-02 16:00:00+00:00,12.5,80.57844,0.0,12.5,0.31
2024-03-02 17:00:00+00:00,10.2,88.59531,0.0,11.45,0.31
2024-03-02 18:00:00+00:00,9.4,93.791214,0.0,10.85,0.31
2024-03-02 19:00:00+00:00,10.15,94.77862,0.3,10.65,0.313
2024-03-02 20:00:00+00:00,10.35,95.105316,2.2,10.6,0.343
2024-03-02 21:00:00+00:00,10.3,93.20481,1.9,10.5,0.368
2024-03-02 22:00:00+00:00,9.7,94.12288,0.1,10.3,0.366
2024-03-02 23:00:00+00:00,9.1,95.057816,0.0,9.9,0.363
2024-03-03 00:00:00+00:00,8.55,94.713684,0.0,9.6,0.361
2024-03-03 01:00:00+00:00,7.85,94.03838,0.0,9.3,0.362
2024-03-03 02:00:00+00:00,7.8,94.03607,0.0,9.0,0.36
2024-03-03 03:00:00+00:00,7.7,95.65696,0.0,8.75,0.358
2024-03-03 04:00:00+00:00,7.9,97.31146,0.0,8.65,0.357
2024-03-03 05:00:00+00:00,8.0,97.97915,0.0,8.65,0.356
2024-03-03 06:00:00+00:00,9.0,94.73206,0.0,9.0,0.354
2024-03-03 07:00:00+00:00,10.05,88.58254,0.0,9.8,0.353
2024-03-03 08:00:00+00:00,11.6,75.93534,0.0,11.05,0.352
2024-03-03 09:00:00+00:00,12.8,68.51559,0.0,12.35,0.35
2024-03-03 10:00:00+00:00,13.45,65.22119,0.0,13.3,0.348
2024-03-03 11:00:00+00:00,13.8,62.885616,0.0,13.8,0.346
2024-03-03 12:00:00+00:00,14.35,60.268925,0.0,14.35,0.345
2024-03-03 13:00:00+00:00,14.15,65.374825,0.0,14.55,0.346
2024-03-03 14:00:00+00:00,14.25,62.346165,0.0,14.65,0.344
2024-03-03 15:00:00+00:00,13.75,64.621056,0.0,14.2,0.343
2024-03-03 16:00:00+00:00,13.05,66.944916,0.0,13.2,0.343
2024-03-03 17:00:00+00:00,9.85,83.00915,0.0,12.0,0.342
2024-03-03 18:00:00+00:00,9.35,86.13617,0.0,11.2,0.341
2024-03-03 19:00:00+00:00,8.55,90.60184,0.0,10.55,0.341
2024-03-03 20:00:00+00:00,8.05,92.13422,0.0,10.05,0.34
2024-03-03 21:00:00+00:00,7.45,93.37533,0.0,9.6,0.339
2024-03-03 22:00:00+00:00,6.05,95.932686,0.0,9.1,0.339
2024-03-03 23:00:00+00:00,5.8,96.258575,0.0,8.55,0.338
2024-03-04 00:00:00+00:00,5.35,97.2567,0.0,8.1,0.338
2024-03-04 01:00:00+00:00,5.8,96.258575,0.0,8.6,0.336
2024-03-04 02:00:00+00:00,5.15,97.25234,0.0,8.05,0.336
2024-03-04 03:00:00+00:00,4.3,98.608246,0.0,7.65,0.336
2024-03-04 04:00:00+00:00,3.9,99.299706,0.0,7.3,0.335
2024-03-04 05:00:00+00:00,3.75,99.99999,0.0,7.0,0.335
2024-03-04 06:00:00+00:00,5.8,97.60452,0.0,7.5,0.334
2024-03-04 07:00:00+00:00,8.6,88.155,0.0,8.7,0.334
2024-03-04 08:00:00+00:00,11.3,77.98729,0.0,10.35,0.333
2024-03-04 09:00:00+00:00,13.55,70.79933,0.0,12.15,0.332
2024-03-04 10:00:00+00:00,15.45,63.47752,0.0,13.9,0.33
2024-03-04 11:00:00+00:00,16.6,56.24871,0.0,15.15,0.329
2024-03-04 12:00:00+00:00,16.95,54.26894,0.0,15.85,0.327
2024-03-04 13:00:00+00:00,16.05,59.85849,0.1,15.65,0.332
2024-03-04 14:00:00+00:00,15.95,61.06404,0.0,15.55,0.331
2024-03-04 15:00:00+00:00,15.45,65.4368,0.0,15.0,0.33
2024-03-04 16:00:00+00:00,13.0,76.16552,0.0,13.85,0.33
2024-03-04 17:00:00+00:00,11.85,79.13796,0.0,12.5,0.329
2024-03-04 18:00:00+00:00,9.75,89.160934,0.0,11.5,0.329
2024-03-04 19:00:00+00:00,9.05,91.56862,0.0,10.85,0.329
2024-03-04 20:00:00+00:00,8.75,91.549355,0.0,10.35,0.329
2024-03-04 21:00:00+00:00,8.4,90.59114,0.0,9.95,0.328
2024-03-04 22:00:00+00:00,8.3,88.12836,0.0,9.65,0.328
2024-03-04 23:00:00+00:00,8.4,86.33557,0.0,9.5,0.328
2024-03-05 00:00:00+00:00,8.45,86.63853,0.0,9.4,0.328
2024-03-05 01:00:00+00:00,8.25,87.82103,0.0,9.6,0.327
2024-03-05 02:00:00+00:00,7.7,92.11308,0.0,9.35,0.327
2024-03-05 03:00:00+00:00,7.05,94.978424,0.0,9.1,0.326
2024-03-05 04:00:00+00:00,6.85,95.29878,0.0,8.85,0.326
2024-03-05 05:00:00+00:00,7.5,91.15344,0.0,8.8,0.326
2024-03-05 06:00:00+00:00,8.6,84.881355,0.1,9.05,0.327
2024-03-05 07:00:00+00:00,8.95,87.284485,2.3,9.3,0.354
2024-03-05 08:00:00+00:00,9.2,88.81252,3.9,9.45,0.403
2024-03-05 09:00:00+00:00,9.45,87.92965,2.0,9.55,0.417
2024-03-05 10:00:00+00:00,9.6,89.756996,2.3,9.6,0.423
2024-03-05 11:00:00+00:00,10.0,90.39792,1.7,9.75,0.419
2024-03-05 12:00:00+00:00,10.3,90.11468,0.4,10.0,0.41
2024-03-05 13:00:00+00:00,11.3,88.09436,0.5,10.6,0.413
2024-03-05 14:00:00+00:00,11.7,89.9169,0.3,11.0,0.408
2024-03-05 15:00:00+00:00,10.9,89.25373,2.8,10.85,0.422
2024-03-05 16:00:00+00:00,10.3,89.50763,0.5,10.5,0.415
2024-03-05 17:00:00+00:00,9.65,93.48658,1.2,10.15,0.421
2024-03-05 18:00:00+00:00,9.5,92.8481,0.9,9.85,0.417
2024-03-05 19:00:00+00:00,9.45,93.16049,0.3,9.65,0.414
2024-03-05 20:00:00+00:00,9.2,92.516914,0.3,9.55,0.412
2024-03-05 21:00:00+00:00,8.95,92.817924,0.5,9.35,0.413
2024-03-05 22:00:00+00:00,8.75,92.491104,1.2,9.25,0.421
2024-03-05 23:00:00+00:00,8.5,90.90898,1.0,9.05,0.422
2024-03-06 00:00:00+00:00,8.3,90.89515,0.6,8.9,0.42
2024-03-06 01:00:00+00:00,8.9,90.009895,0.0,9.4,0.406
2024-03-06 02:00:00+00:00,8.15,93.41103,0.0,9.05,0.403
2024-03-06 03:00:00+00:00,7.45,94.01988,0.0,8.65,0.401
2024-03-06 04:00:00+00:00,6.85,93.99196,0.0,8.25,0.4
2024-03-06 05:00:00+00:00,5.85,95.261795,0.0,7.75,0.398
2024-03-06 06:00:00+00:00,7.3,92.08882,0.0,7.95,0.397
2024-03-06 07:00:00+00:00,8.95,84.04825,0.0,9.0,0.396
2024-03-06 08:00:00+00:00,10.25,74.41463,0.0,10.2,0.394
2024-03-06 09:00:00+00:00,11.6,68.74164,0.0,11.45,0.393
2024-03-06 10:00:00+00:00,11.8,67.84007,0.0,11.9,0.392
2024-03-06 11:00:00+00:00,12.4,64.98901,0.1,12.5,0.39
2024-03-06 12:00:00+00:00,12.75,62.85976,0.0,12.9,0.389
2024-03-06 13:00:00+00:00,13.05,66.71601,0.1,13.15,0.39
2024-03-06 14:00:00+00:00,12.4,69.37886,0.8,12.9,0.396
2024-03-06 15:00:00+00:00,11.75,73.15923,0.9,12.35,0.404
2024-03-06 16:00:00+00:00,9.7,87.058,0.1,11.5,0.402
2024-03-06 17:00:00+00:00,9.4,88.82928,0.2,10.6,0.402
2024-03-06 18:00:00+00:00,9.0,88.4926,0.0,10.0,0.4
2024-03-06 19:00:00+00:00,7.4,92.0949,0.0,9.25,0.398
2024-03-06 20:00:00+00:00,6.7,89.529976,0.0,8.6,0.396
2024-03-06 21:00:00+00:00,6.7,86.16171,0.0,8.2,0.395
2024-03-06 22:00:00+00:00,6.9,82.35164,0.0,8.05,0.394
2024-03-06 23:00:00+00:00,7.1,78.98017,0.0,8.0,0.393
2024-03-07 00:00:00+00:00,7.1,77.87565,0.0,8.0,0.392
2024-03-07 01:00:00+00:00,7.95,73.48776,0.0,8.95,0.383
2024-03-07 02:00:00+00:00,7.9,74.25937,0.0,8.85,0.382
2024-03-07 03:00:00+00:00,7.9,75.04742,0.0,8.85,0.382
2024-03-07 04:00:00+00:00,7.75,77.16108,0.0,8.8,0.381
2024-03-07 05:00:00+00:00,7.5,78.76333,0.0,8.7,0.381
2024-03-07 06:00:00+00:00,7.7,77.69647,0.0,8.75,0.38
2024-03-07 07:00:00+00:00,9.05,70.65534,0.0,9.3,0.38
2024-03-07 08:00:00+00:00,10.15,65.62717,0.0,10.0,0.379
2024-03-07 09:00:00+00:00,11.85,60.08036,0.0,11.2,0.378
2024-03-07 10:00:00+00:00,12.1,59.722466,0.0,11.7,0.377
2024-03-07 11:00:00+00:00,13.35,57.38007,0.0,12.6,0.375
2024-03-07 12:00:00+00:00,13.65,57.058296,0.0,13.1,0.374
2024-03-07 13:00:00+00:00,13.8,57.893387,0.0,12.2,0.385
2024-03-07 14:00:00+00:00,13.3,60.015114,0.2,12.3,0.385
2024-03-07 15:00:00+00:00,12.15,65.8377,0.0,12.0,0.384
2024-03-07 16:00:00+00:00,10.65,65.73746,0.0,11.35,0.383
2024-03-07 17:00:00+00:00,9.55,65.72552,0.0,10.75,0.382
2024-03-07 18:00:00+00:00,9.1,68.70643,0.0,10.35,0.381
2024-03-07 19:00:00+00:00,7.75,76.0846,0.0,9.9,0.381
2024-03-07 20:00:00+00:00,7.25,75.19985,0.0,9.5,0.38
2024-03-07 21:00:00+00:00,6.5,79.73048,0.1,9.1,0.38
2024-03-07 22:00:00+00:00,6.45,83.16655,0.0,8.85,0.38
2024-03-07 23:00:00+00:00,6.7,83.1974,0.0,8.65,0.379
2024-03-08 00:00:00+00:00,6.75,83.49578,0.0,8.55,0.379
2024-03-08 01:00:00+00:00,6.5,82.01097,0.0,9.2,0.376
2024-03-08 02:00:00+00:00,6.3,82.85582,0.0,8.9,0.375
2024-03-08 03:00:00+00:00,6.15,85.20242,0.0,8.55,0.375
2024-03-08 04:00:00+00:00,6.15,86.10476,0.0,8.35,0.375
2024-03-08 05:00:00+00:00,6.15,84.9035,0.0,8.2,0.375
2024-03-08 06:00:00+00:00,6.45,82.00442,0.0,8.2,0.375
2024-03-08 07:00:00+00:00,6.6,80.87746,0.1,8.3,0.375
2024-03-08 08:00:00+00:00,7.1,78.15049,0.1,8.5,0.375
2024-03-08 09:00:00+00:00,7.7,75.27738,0.0,8.9,0.374
2024-03-08 10:00:00+00:00,8.5,72.30682,0.1,9.5,0.374
2024-03-08 11:00:00+00:00,8.6,73.605705,0.2,9.65,0.375
2024-03-08 12:00:00+00:00,9.25,70.447334,0.1,9.95,0.375
2024-03-08 13:00:00+00:00,8.5,74.105515,0.1,9.5,0.386
2024-03-08 14:00:00+00:00,8.85,71.615074,0.0,9.7,0.385
2024-03-08 15:00:00+00:00,8.6,72.58007,0.0,9.6,0.384
2024-03-08 16:00:00+00:00,7.75,75.817566,0.0,9.2,0.383
2024-03-08 17:00:00+00:00,6.05,83.7051,0.0,8.45,0.382
2024-03-08 18:00:00+00:00,4.95,89.3894,0.0,7.8,0.381
2024-03-08 19:00:00+00:00,3.35,93.160355,0.0,7.1,0.38
2024-03-08 20:00:00+00:00,2.9,94.13834,0.0,6.45,0.379
2024-03-08 21:00:00+00:00,2.85,94.13603,0.0,6.05,0.379
2024-03-08 22:00:00+00:00,2.4,94.79115,0.0,5.65,0.378
2024-03-08 23:00:00+00:00,1.4,96.1252,0.0,5.25,0.378
2024-03-09 00:00:00+00:00,1.25,96.120514,0.0,4.8,0.377
2024-03-09 01:00:00+00:00,3.0,91.82095,0.0,5.1,0.376
2024-03-09 02:00:00+00:00,1.15,95.42601,0.0,4.65,0.376
2024-03-09 03:00:00+00:00,1.2,95.42783,0.0,4.25,0.375
2024-03-09 04:00:00+00:00,1.5,95.095695,0.0,3.9,0.375
2024-03-09 05:00:00+00:00,1.35,97.51753,0.0,3.9,0.374
2024-03-09 06:00:00+00:00,3.8,90.254005,0.0,4.65,0.374
2024-03-09 07:00:00+00:00,5.55,85.1362,0.0,5.75,0.373
2024-03-09 08:00:00+00:00,7.75,78.52561,0.0,7.3,0.373
2024-03-09 09:00:00+00:00,9.5,64.793236,0.0,8.95,0.372
2024-03-09 10:00:00+00:00,10.75,58.76327,0.0,10.55,0.37
2024-03-09 11:00:00+00:00,11.35,56.67001,0.0,11.7,0.369
2024-03-09 12:00:00+00:00,11.1,56.405342,0.0,11.85,0.368
2024-03-09 13:00:00+00:00,11.3,58.075817,0.0,12.05,0.37
2024-03-09 14:00:00+00:00,10.95,57.7826,0.0,11.85,0.369
2024-03-09 15:00:00+00:00,10.65,58.32358,0.0,11.35,0.368
2024-03-09 16:00:00+00:00,9.2,67.528046,0.0,10.55,0.368
2024-03-09 17:00:00+00:00,8.2,67.79422,0.0,9.65,0.368
2024-03-09 18:00:00+00:00,8.0,67.51124,0.0,9.15,0.367
2024-03-09 19:00:00+00:00,7.55,69.85991,0.0,8.7,0.367
2024-03-09 20:00:00+00:00,7.05,75.96717,0.0,8.3,0.367
2024-03-09 21:00:00+00:00,5.55,85.73929,0.0,7.7,0.367
2024-03-09 22:00:00+00:00,4.25,90.60823,0.0,7.1,0.366
2024-03-09 23:00:00+00:00,3.55,92.18319,0.0,6.6,0.366
2024-03-10 00:00:00+00:00,2.4,93.77871,0.0,6.05,0.366
2024-03-10 01:00:00+00:00,2.75,92.13416,0.0,5.7,0.365
2024-03-10 02:00:00+00:00,2.4,92.77586,0.0,5.2,0.365
2024-03-10 03:00:00+00:00,3.5,89.2708,0.0,4.8,0.365
2024-03-10 04:00:00+00:00,3.35,89.89851,0.0,4.5,0.365
2024-03-10 05:00:00+00:00,2.85,91.1566,0.0,4.3,0.365
2024-03-10 06:00:00+00:00,4.8,86.882904,0.0,5.1,0.365
2024-03-10 07:00:00+00:00,7.3,80.6908,0.0,6.45,0.364
2024-03-10 08:00:00+00:00,9.95,74.36201,0.0,8.35,0.363
2024-03-10 09:00:00+00:00,12.15,63.818542,0.0,10.2,0.362
2024-03-10 10:00:00+00:00,13.05,59.746727,0.0,11.45,0.361
2024-03-10 11:00:00+00:00,13.3,58.77998,0.0,11.95,0.36
2024-03-10 12:00:00+00:00,13.6,58.85416,0.0,12.3,0.359
2024-03-10 13:00:00+00:00,13.15,64.04524,0.0,11.95,0.36
2024-03-10 14:00:00+00:00,13.25,64.28832,0.0,12.0,0.359
2024-03-10 15:00:00+00:00,12.75,65.968376,0.0,11.8,0.358
2024-03-10 16:00:00+00:00,11.7,72.40209,0.0,11.3,0.358
2024-03-10 17:00:00+00:00,9.3,84.08895,0.0,10.35,0.358
2024-03-10 18:00:00+00:00,8.45,87.53769,0.0,9.6,0.358
2024-03-10 19:00:00+00:00,7.9,89.00916,0.0,9.0,0.358
2024-03-10 20:00:00+00:00,7.25,90.1959,0.0,8.55,0.358
2024-03-10 21:00:00+00:00,6.95,90.800964,0.0,8.15,0.358
2024-03-10 22:00:00+00:00,6.9,91.74626,0.0,7.85,0.358
2024-03-10 23:00:00+00:00,7.0,92.070564,0.0,7.7,0.358
2024-03-11 00:00:00+00:00,7.2,90.81851,0.0,7.55,0.357
2024-03-11 01:00:00+00:00,7.7,88.99256,0.0,7.95,0.356
2024-03-11 02:00:00+00:00,7.7,85.66823,0.0,7.85,0.356
2024-03-11 03:00:00+00:00,7.8,83.91343,0.0,7.8,0.356
2024-03-11 04:00:00+00:00,8.0,82.77953,0.0,7.8,0.356
2024-03-11 05:00:00+00:00,8.5,80.85678,0.0,7.95,0.356
2024-03-11 06:00:00+00:00,9.9,76.97002,0.0,8.35,0.356
2024-03-11 07:00:00+00:00,11.65,74.91374,0.0,9.25,0.355
2024-03-11 08:00:00+00:00,13.75,71.07784,0.0,10.5,0.355
2024-03-11 09:00:00+00:00,15.5,65.44766,0.0,11.9,0.354
2024-03-11 10:00:00+00:00,16.25,62.175167,0.0,13.1,0.352
2024-03-11 11:00:00+00:00,17.0,55.968914,0.0,13.9,0.351
2024-03-11 12:00:00+00:00,17.75,51.06913,0.0,14.65,0.35
2024-03-11 13:00:00+00:00,17.8,53.03114,0.0,15.2,0.347
2024-03-11 14:00:00+00:00,17.0,56.159184,0.0,15.1,0.346
2024-03-11 15:00:00+00:00,15.9,61.25938,0.0,14.6,0.346
2024-03-11 16:00:00+00:00,14.15,66.49634,0.0,13.75,0.346
2024-03-11 17:00:00+00:00,12.75,71.128105,0.0,12.85,0.346
2024-03-11 18:00:00+00:00,11.55,76.70812,0.0,12.05,0.346
2024-03-11 19:00:00+00:00,10.65,82.54345,0.0,11.35,0.346
2024-03-11 20:00:00+00:00,10.45,79.746925,0.0,10.75,0.346
2024-03-11 21:00:00+00:00,10.55,77.07403,0.1,10.45,0.346
2024-03-11 22:00:00+00:00,10.45,77.58934,0.0,9.85,0.346
2024-03-11 23:00:00+00:00,7.7,87.467636,0.0,9.2,0.346
2024-03-12 00:00:00+00:00,8.15,83.95464,0.0,8.85,0.346
2024-03-12 01:00:00+00:00,8.75,77.86104,0.0,9.65,0.35
2024-03-12 02:00:00+00:00,10.0,75.93036,0.0,9.3,0.35
2024-03-12 03:00:00+00:00,12.2,70.53781,0.1,9.45,0.35
2024-03-12 04:00:00+00:00,11.9,73.94045,0.1,9.65,0.351
2024-03-12 05:00:00+00:00,11.7,76.211235,0.2,9.75,0.353
2024-03-12 06:00:00+00:00,11.9,77.02577,1.1,10.0,0.366
2024-03-12 07:00:00+00:00,13.65,72.514984,0.0,10.75,0.365
2024-03-12 08:00:00+00:00,14.55,72.43594,2.7,11.5,0.396
2024-03-12 09:00:00+00:00,14.95,73.239624,1.4,12.55,0.407
2024-03-12 10:00:00+00:00,13.45,85.69037,3.2,12.65,0.419
2024-03-12 11:00:00+00:00,13.65,85.145164,1.0,12.85,0.42
2024-03-12 12:00:00+00:00,12.8,86.19521,0.5,12.7,0.413
2024-03-12 13:00:00+00:00,13.85,84.88522,0.3,13.65,0.413
2024-03-12 14:00:00+00:00,14.6,83.854774,0.2,13.8,0.408
2024-03-12 15:00:00+00:00,13.6,82.90822,0.1,13.45,0.405
2024-03-12 16:00:00+00:00,12.9,83.65715,0.0,13.0,0.401
2024-03-12 17:00:00+00:00,12.3,80.27993,0.0,12.35,0.399
2024-03-12 18:00:00+00:00,11.7,84.08038,0.0,11.9,0.396
2024-03-12 19:00:00+00:00,11.65,86.07887,0.0,11.6,0.395
2024-03-12 20:00:00+00:00,11.05,87.48087,0.0,11.3,0.393
2024-03-12 21:00:00+00:00,10.55,88.924866,0.0,11.0,0.392
2024-03-12 22:00:00+00:00,10.05,90.70787,0.0,10.7,0.39
2024-03-12 23:00:00+00:00,9.35,93.78881,0.0,10.4,0.389
2024-03-13 00:00:00+00:00,8.8,96.01935,0.0,10.1,0.388
2024-03-13 01:00:00+00:00,9.2,96.357025,0.0,10.9,0.387
2024-03-13 02:00:00+00:00,9.0,96.025536,0.0,10.45,0.386
2024-03-13 03:00:00+00:00,9.05,94.73409,0.0,10.2,0.385
2024-03-13 04:00:00+00:00,7.75,96.97638,0.0,9.7,0.385
2024-03-13 05:00:00+00:00,8.4,96.006935,0.0,9.5,0.384
2024-03-13 06:00:00+00:00,9.45,92.53118,0.0,9.8,0.384
2024-03-13 07:00:00+00:00,10.95,87.17702,0.0,10.75,0.383
2024-03-13 08:00:00+00:00,12.6,79.247284,0.1,12.1,0.382
2024-03-13 09:00:00+00:00,13.65,73.99747,0.1,13.3,0.382
2024-03-13 10:00:00+00:00,14.75,69.8457,0.2,14.5,0.382
2024-03-13 11:00:00+00:00,15.0,67.81101,0.3,15.3,0.382
2024-03-13 12:00:00+00:00,15.3,63.658817,0.3,15.7,0.383
2024-03-13 13:00:00+00:00,12.65,77.66735,0.0,14.35,0.38
2024-03-13 14:00:00+00:00,12.85,75.88416,0.0,13.9,0.38
2024-03-13 15:00:00+00:00,12.9,76.40673,0.0,13.7,0.379
2024-03-13 16:00:00+00:00,11.7,82.39589,0.0,12.9,0.379
2024-03-13 17:00:00+00:00,9.6,88.84597,0.0,11.65,0.378
2024-03-13 18:00:00+00:00,8.5,93.42877,0.0,10.9,0.378
2024-03-13 19:00:00+00:00,8.65,93.75527,0.0,10.4,0.378
2024-03-13 20:00:00+00:00,8.1,94.37207,0.0,9.95,0.377
2024-03-13 21:00:00+00:00,8.8,92.80968,0.0,9.45,0.377
2024-03-13 22:00:00+00:00,8.3,96.0038,0.0,8.9,0.377
2024-03-13 23:00:00+00:00,7.0,98.30001,0.0,8.75,0.376
2024-03-14 00:00:00+00:00,7.6,96.6415,0.1,8.55,0.377
2024-03-14 01:00:00+00:00,7.3,96.30248,0.0,9.65,0.39
2024-03-14 02:00:00+00:00,7.7,95.32988,0.2,9.15,0.391
2024-03-14 03:00:00+00:00,8.2,94.69933,0.5,8.95,0.396
2024-03-14 04:00:00+00:00,8.5,93.74804,0.0,8.9,0.395
2024-03-14 05:00:00+00:00,7.95,97.644936,0.0,8.75,0.394
2024-03-14 06:00:00+00:00,8.85,94.72595,0.1,9.1,0.394
2024-03-14 07:00:00+00:00,10.0,86.79107,0.0,9.7,0.392
2024-03-14 08:00:00+00:00,10.5,79.75409,0.0,10.2,0.391
2024-03-14 09:00:00+00:00,11.65,76.20304,0.0,11.25,0.39
2024-03-14 10:00:00+00:00,13.15,71.20453,0.0,12.65,0.388
2024-03-14 11:00:00+00:00,14.5,60.92811,0.0,14.1,0.386
2024-03-14 12:00:00+00:00,14.9,57.57144,0.0,14.7,0.384
2024-03-14 13:00:00+00:00,14.5,68.861145,0.3,15.55,0.381
2024-03-14 14:00:00+00:00,13.8,71.811676,0.1,15.15,0.381
2024-03-14 15:00:00+00:00,11.65,78.30669,3.1,13.7,0.414
2024-03-14 16:00:00+00:00,11.2,87.7897,0.5,12.55,0.413
2024-03-14 17:00:00+00:00,10.75,87.15808,0.7,11.75,0.416
2024-03-14 18:00:00+00:00,10.2,90.71838,0.3,11.15,0.414
2024-03-14 19:00:00+00:00,9.8,91.306885,0.2,10.7,0.411
2024-03-14 20:00:00+00:00,9.35,92.83989,0.1,10.35,0.408
2024-03-14 21:00:00+00:00,8.65,92.17026,0.1,10.0,0.406
2024-03-14 22:00:00+00:00,8.2,91.20056,0.2,9.6,0.405
2024-03-14 23:00:00+00:00,8.0,90.874344,0.3,9.3,0.405
2024-03-15 00:00:00+00:00,7.5,90.52654,0.1,8.9,0.403
2024-03-15 01:00:00+00:00,7.35,91.77471,0.0,9.15,0.408
2024-03-15 02:00:00+00:00,6.6,93.33159,0.0,8.55,0.407
2024-03-15 03:00:00+00:00,5.5,94.25697,0.0,7.95,0.405
2024-03-15 04:00:00+00:00,3.9,96.20183,0.0,7.3,0.403
2024-03-15 05:00:00+00:00,4.65,95.55163,0.0,6.9,0.402
2024-03-15 06:00:00+00:00,6.45,91.71764,0.0,7.5,0.401
2024-03-15 07:00:00+00:00,8.2,81.66272,0.0,8.7,0.4
2024-03-15 08:00:00+00:00,9.85,73.06541,0.0,10.15,0.399
2024-03-15 09:00:00+00:00,11.35,63.193047,0.0,11.65,0.397
2024-03-15 10:00:00+00:00,12.4,58.5564,0.0,12.8,0.395
2024-03-15 11:00:00+00:00,13.1,55.543594,0.0,13.65,0.393
2024-03-15 12:00:00+00:00,13.3,54.25089,0.0,13.95,0.392
2024-03-15 13:00:00+00:00,13.5,55.647236,0.0,14.45,0.391
2024-03-15 14:00:00+00:00,13.3,54.632084,0.0,14.4,0.39
2024-03-15 15:00:00+00:00,13.15,55.556564,0.0,13.85,0.389
2024-03-15 16:00:00+00:00,12.6,56.00023,0.0,12.95,0.389
2024-03-15 17:00:00+00:00,9.25,75.279625,0.1,11.65,0.389
2024-03-15 18:00:00+00:00,9.65,84.41793,1.3,11.0,0.402
2024-03-15 19:00:00+00:00,8.9,90.009895,0.5,10.35,0.406
2024-03-15 20:00:00+00:00,8.15,93.091896,0.0,9.8,0.404
2024-03-15 21:00:00+00:00,7.35,92.409996,0.0,9.1,0.402
2024-03-15 22:00:00+00:00,6.85,93.3445,0.0,8.6,0.4
2024-03-15 23:00:00+00:00,7.2,94.00826,0.0,8.35,0.399
2024-03-16 00:00:00+00:00,6.9,92.06446,0.9,8.0,0.41
2024-03-16 01:00:00+00:00,6.45,96.2777,0.0,8.55,0.388
2024-03-16 02:00:00+00:00,6.2,96.60427,0.0,8.0,0.388
2024-03-16 03:00:00+00:00,5.85,96.26006,0.0,7.45,0.387
2024-03-16 04:00:00+00:00,5.55,96.25118,0.2,7.1,0.39
2024-03-16 05:00:00+00:00,5.5,96.92218,0.0,7.0,0.389
2024-03-16 06:00:00+00:00,7.55,95.9803,0.0,7.8,0.388
2024-03-16 07:00:00+00:00,9.3,86.42632,0.0,9.25,0.388
2024-03-16 08:00:00+00:00,10.5,79.481606,0.0,10.7,0.387
2024-03-16 09:00:00+00:00,11.75,72.65989,0.0,12.05,0.385
2024-03-16 10:00:00+00:00,12.95,63.341618,0.1,13.25,0.384
2024-03-16 11:00:00+00:00,13.8,57.49363,0.1,14.2,0.383
2024-03-16 12:00:00+00:00,14.25,54.880474,0.1,14.8,0.382
2024-03-16 13:00:00+00:00,13.7,60.528164,0.0,14.7,0.381
2024-03-16 14:00:00+00:00,13.75,58.891186,0.0,14.6,0.38
2024-03-16 15:00:00+00:00,13.5,58.625954,0.0,14.1,0.379
2024-03-16 16:00:00+00:00,13.0,59.52748,0.0,13.1,0.379
2024-03-16 17:00:00+00:00,8.85,80.62528,0.0,11.7,0.378
2024-03-16 18:00:00+00:00,9.3,79.85645,0.0,10.95,0.378
2024-03-16 19:00:00+00:00,8.4,84.85911,0.0,10.4,0.378
2024-03-16 20:00:00+00:00,7.65,86.85926,0.0,9.85,0.378
2024-03-16 21:00:00+00:00,7.0,87.40173,0.0,9.35,0.377
2024-03-16 22:00:00+00:00,6.15,89.799225,0.0,8.85,0.377
2024-03-16 23:00:00+00:00,5.2,92.60712,0.0,8.35,0.377
2024-03-17 00:00:00+00:00,5.05,94.2367,0.0,7.9,0.377
2024-03-17 01:00:00+00:00,5.5,95.248726,0.0,8.4,0.373
2024-03-17 02:00:00+00:00,5.6,95.58483,0.0,8.05,0.373
2024-03-17 03:00:00+00:00,5.2,95.90533,0.0,7.8,0.372
2024-03-17 04:00:00+00:00,4.45,96.55688,0.0,7.45,0.372
2024-03-17 05:00:00+00:00,4.95,96.908714,0.0,7.25,0.372
2024-03-17 06:00:00+00:00,6.7,90.15475,0.0,7.85,0.372
2024-03-17 07:00:00+00:00,8.7,81.4464,0.0,9.0,0.371
2024-03-17 08:00:00+00:00,10.55,74.4671,0.0,10.35,0.371
2024-03-17 09:00:00+00:00,12.5,66.141426,0.0,11.95,0.369
2024-03-17 10:00:00+00:00,13.55,61.12142,0.0,13.3,0.368
2024-03-17 11:00:00+00:00,14.35,57.235374,0.0,14.4,0.366
2024-03-17 12:00:00+00:00,14.7,54.053257,0.0,14.75,0.365
2024-03-17 13:00:00+00:00,15.35,53.295654,0.0,14.95,0.363
2024-03-17 14:00:00+00:00,15.3,52.915108,0.0,14.85,0.362
2024-03-17 15:00:00+00:00,14.85,55.03648,0.0,14.4,0.362
2024-03-17 16:00:00+00:00,12.3,70.31614,0.0,13.45,0.361
2024-03-17 17:00:00+00:00,9.8,77.22021,0.0,12.1,0.361
2024-03-17 18:00:00+00:00,9.25,78.480484,0.0,11.15,0.361
2024-03-17 19:00:00+00:00,7.55,87.757,0.0,10.35,0.361
2024-03-17 20:00:00+00:00,6.6,92.04611,0.0,9.7,0.361
2024-03-17 21:00:00+00:00,5.95,92.65001,0.0,9.1,0.361
2024-03-17 22:00:00+00:00,6.35,88.26094,0.0,8.7,0.361
2024-03-17 23:00:00+00:00,5.05,90.66595,0.0,8.25,0.361
2024-03-18 00:00:00+00:00,4.5,91.91589,0.0,7.8,0.361
2024-03-18 01:00:00+00:00,5.15,90.67312,0.0,8.5,0.361
2024-03-18 02:00:00+00:00,6.55,84.05945,0.0,8.15,0.361
2024-03-18 03:00:00+00:00,6.8,82.91849,0.0,8.1,0.361
2024-03-18 04:00:00+00:00,6.0,88.539444,0.0,7.85,0.361
2024-03-18 05:00:00+00:00,5.2,95.57091,0.0,7.55,0.361
2024-03-18 06:00:00+00:00,7.15,88.638695,0.0,8.2,0.361
2024-03-18 07:00:00+00:00,9.5,81.55284,0.0,9.5,0.36
2024-03-18 08:00:00+00:00,12.25,72.50376,0.0,11.2,0.36
2024-03-18 09:00:00+00:00,14.1,64.25885,0.0,12.8,0.358
2024-03-18 10:00:00+00:00,15.4,57.69649,0.0,14.35,0.357
2024-03-18 11:00:00+00:00,16.5,47.50456,0.0,15.45,0.355
2024-03-18 12:00:00+00:00,17.0,42.770645,0.0,15.95,0.354
2024-03-18 13:00:00+00:00,17.65,38.532658,0.0,16.0,0.351
2024-03-18 14:00:00+00:00,17.6,35.882607,0.0,15.85,0.35
2024-03-18 15:00:00+00:00,16.75,47.7393,0.0,15.35,0.35
2024-03-18 16:00:00+00:00,13.1,61.650414,0.0,14.25,0.35
2024-03-18 17:00:00+00:00,11.8,71.67969,0.0,13.1,0.35
2024-03-18 18:00:00+00:00,10.75,80.33643,0.0,12.25,0.35
2024-03-18 19:00:00+00:00,9.85,79.93506,0.0,11.55,0.35
2024-03-18 20:00:00+00:00,9.05,82.34088,0.0,10.9,0.35
2024-03-18 21:00:00+00:00,8.7,84.01909,0.0,10.4,0.35
2024-03-18 22:00:00+00:00,8.25,86.618675,0.0,9.95,0.35
2024-03-18 23:00:00+00:00,7.55,87.757,0.0,9.5,0.35
2024-03-19 00:00:00+00:00,7.5,88.668655,0.0,9.1,0.35
2024-03-19 01:00:00+00:00,7.95,89.013306,0.0,9.25,0.353
2024-03-19 02:00:00+00:00,7.75,90.544556,0.0,9.05,0.353
2024-03-19 03:00:00+00:00,6.8,92.37778,0.0,8.7,0.353
2024-03-19 04:00:00+00:00,7.55,91.156815,0.0,8.35,0.353
2024-03-19 05:00:00+00:00,6.5,96.279175,0.0,8.1,0.353
2024-03-19 06:00:00+00:00,8.2,90.88823,0.0,8.85,0.353
2024-03-19 07:00:00+00:00,9.9,86.19228,0.0,10.1,0.352
2024-03-19 08:00:00+00:00,11.75,80.20325,0.0,11.6,0.352
2024-03-19 09:00:00+00:00,13.4,74.705894,0.0,13.1,0.351
2024-03-19 10:00:00+00:00,14.85,69.630875,0.0,14.55,0.35
2024-03-19 11:00:00+00:00,15.95,65.10635,0.0,15.6,0.348
2024-03-19 12:00:00+00:00,16.35,63.04144,0.0,16.2,0.347
2024-03-19 13:00:00+00:00,13.0,78.509796,3.3,15.35,0.389
2024-03-19 14:00:00+00:00,12.35,85.28983,0.8,14.05,0.393
2024-03-19 15:00:00+00:00,12.55,83.33641,0.1,13.3,0.391
2024-03-19 16:00:00+00:00,11.5,84.62632,0.2,12.5,0.39
2024-03-19 17:00:00+00:00,10.75,90.45194,0.5,11.7,0.392
2024-03-19 18:00:00+00:00,10.25,89.201416,1.8,11.15,0.411
2024-03-19 19:00:00+00:00,9.3,83.80074,0.5,10.5,0.408
2024-03-19 20:00:00+00:00,7.8,87.17501,0.3,9.8,0.405
2024-03-19 21:00:00+00:00,7.15,84.42391,0.6,9.1,0.406
2024-03-19 22:00:00+00:00,6.75,86.16686,0.3,8.6,0.404
2024-03-19 23:00:00+00:00,6.5,87.66002,0.2,8.25,0.401
2024-03-20 00:00:00+00:00,6.4,86.130684,0.1,7.95,0.398
2024-03-20 01:00:00+00:00,6.25,87.33055,0.1,8.05,0.394
2024-03-20 02:00:00+00:00,5.95,87.60878,0.1,7.7,0.392
2024-03-20 03:00:00+00:00,5.7,86.666046,0.1,7.45,0.391
2024-03-20 04:00:00+00:00,5.3,88.47841,0.2,7.15,0.39
2024-03-20 05:00:00+00:00,5.3,84.508125,0.1,6.9,0.389
2024-03-20 06:00:00+00:00,5.8,82.792816,0.0,7.0,0.388
2024-03-20 07:00:00+00:00,6.95,75.682045,0.0,7.65,0.386
2024-03-20 08:00:00+00:00,8.8,62.820915,0.0,8.85,0.384
2024-03-20 09:00:00+00:00,10.1,51.88159,0.0,10.05,0.382
2024-03-20 10:00:00+00:00,10.3,49.734787,0.0,10.65,0.38
2024-03-20 11:00:00+00:00,10.6,47.701748,0.0,10.95,0.378
2024-03-20 12:00:00+00:00,11.2,44.04093,0.0,11.25,0.377
2024-03-20 13:00:00+00:00,11.5,45.924187,0.0,11.65,0.377
2024-03-20 14:00:00+00:00,11.15,46.830963,0.0,11.5,0.375
2024-03-20 15:00:00+00:00,10.95,48.497265,0.0,11.3,0.374
2024-03-20 16:00:00+00:00,9.7,54.454124,0.0,10.75,0.373
2024-03-20 17:00:00+00:00,7.0,63.992165,0.0,9.65,0.373
2024-03-20 18:00:00+00:00,6.3,68.119995,0.0,8.8,0.372
2024-03-20 19:00:00+00:00,5.3,76.762375,0.0,8.25,0.372
2024-03-20 20:00:00+00:00,3.9,85.25634,0.0,7.65,0.371
2024-03-20 21:00:00+00:00,4.15,79.95716,0.0,6.85,0.371
2024-03-20 22:00:00+00:00,2.25,88.8459,0.0,6.25,0.37
2024-03-20 23:00:00+00:00,1.6,91.06993,0.0,5.7,0.37
2024-03-21 00:00:00+00:00,1.85,91.08735,0.0,5.4,0.37
2024-03-21 01:00:00+00:00,2.6,88.87593,0.0,5.65,0.368
2024-03-21 02:00:00+00:00,2.45,89.1837,0.0,5.45,0.368
2024-03-21 03:00:00+00:00,2.5,89.83194,0.0,5.25,0.368
2024-03-21 04:00:00+00:00,2.8,87.93973,0.0,5.1,0.368
2024-03-21 05:00:00+00:00,3.95,83.749504,0.0,5.25,0.367
2024-03-21 06:00:00+00:00,6.25,81.1149,0.0,6.1,0.367
2024-03-21 07:00:00+00:00,8.5,78.36617,0.0,7.4,0.366
2024-03-21 08:00:00+00:00,10.65,73.972916,0.0,9.0,0.365
2024-03-21 09:00:00+00:00,12.55,64.79837,0.0,10.7,0.364
2024-03-21 10:00:00+00:00,13.6,54.32988,0.1,12.15,0.363
2024-03-21 11:00:00+00:00,14.5,49.83659,0.0,13.3,0.362
2024-03-21 12:00:00+00:00,14.8,47.194336,0.0,14.1,0.36
2024-03-21 13:00:00+00:00,13.35,55.802834,0.3,13.85,0.361
2024-03-21 14:00:00+00:00,12.3,63.19233,0.0,13.3,0.36
2024-03-21 15:00:00+00:00,12.05,64.686714,0.0,12.75,0.359
2024-03-21 16:00:00+00:00,10.1,76.47294,0.0,11.9,0.359
2024-03-21 17:00:00+00:00,8.25,88.73246,0.0,10.8,0.359
2024-03-21 18:00:00+00:00,6.7,93.33676,0.0,9.7,0.359
2024-03-21 19:00:00+00:00,5.2,95.90533,0.0,8.85,0.359
2024-03-21 20:00:00+00:00,5.95,92.973434,0.0,8.1,0.359
2024-03-21 21:00:00+00:00,4.2,97.57378,0.0,7.5,0.359
2024-03-21 22:00:00+00:00,5.55,96.58678,0.0,7.45,0.359
2024-03-21 23:00:00+00:00,6.15,93.95913,0.0,7.5,0.359
2024-03-22 00:00:00+00:00,6.5,93.326416,0.0,7.6,0.359
2024-03-22 01:00:00+00:00,6.9,90.48311,0.0,8.0,0.367
2024-03-22 02:00:00+00:00,6.35,90.443054,0.0,7.6,0.367
2024-03-22 03:00:00+00:00,4.75,89.05781,0.0,6.9,0.366
2024-03-22 04:00:00+00:00,3.85,89.2996,0.0,6.2,0.366
2024-03-22 05:00:00+00:00,3.75,87.71331,0.0,5.8,0.366
2024-03-22 06:00:00+00:00,4.95,80.64719,0.0,6.15,0.365
2024-03-22 07:00:00+00:00,6.6,70.419525,0.0,7.1,0.365
2024-03-22 08:00:00+00:00,8.35,62.714928,0.0,8.35,0.364
2024-03-22 09:00:00+00:00,9.35,57.5804,0.0,9.45,0.362
2024-03-22 10:00:00+00:00,10.15,53.219677,0.0,10.3,0.361
2024-03-22 11:00:00+00:00,10.9,50.082382,0.0,11.2,0.36
2024-03-22 12:00:00+00:00,11.8,44.53693,0.0,12.05,0.358
2024-03-22 13:00:00+00:00,12.25,47.654144,0.0,12.6,0.357
2024-03-22 14:00:00+00:00,12.35,46.002148,0.0,12.6,0.356
2024-03-22 15:00:00+00:00,12.0,45.57196,0.0,12.25,0.355
2024-03-22 16:00:00+00:00,9.75,57.271748,0.0,11.35,0.355
2024-03-22 17:00:00+00:00,7.3,64.292366,0.0,10.1,0.355
2024-03-22 18:00:00+00:00,5.8,72.30977,0.0,9.0,0.354
2024-03-22 19:00:00+00:00,5.75,72.56036,0.0,8.3,0.354
2024-03-22 20:00:00+00:00,5.15,79.248924,0.0,7.75,0.354
2024-03-22 21:00:00+00:00,3.5,88.00407,0.0,7.05,0.354
2024-03-22 22:00:00+00:00,2.65,91.47017,0.0,6.45,0.354
2024-03-22 23:00:00+00:00,2.7,92.13109,0.0,6.05,0.354
2024-03-23 00:00:00+00:00,2.2,93.76886,0.0,5.7,0.354
2024-03-23 01:00:00+00:00,3.4,93.49479,0.0,5.7,0.349
2024-03-23 02:00:00+00:00,3.45,93.83002,0.0,5.6,0.349
2024-03-23 03:00:00+00:00,3.4,93.16304,0.0,5.45,0.349
2024-03-23 04:00:00+00:00,2.55,93.78608,0.0,5.25,0.349
2024-03-23 05:00:00+00:00,3.65,92.84635,0.0,5.15,0.349
2024-03-23 06:00:00+00:00,6.4,82.86839,0.0,6.2,0.349
2024-03-23 07:00:00+00:00,8.9,74.43619,0.0,7.85,0.348
2024-03-23 08:00:00+00:00,10.9,65.56328,0.0,9.65,0.347
2024-03-23 09:00:00+00:00,12.45,60.226303,0.0,11.35,0.346
2024-03-23 10:00:00+00:00,13.5,54.684517,0.0,12.85,0.345
2024-03-23 11:00:00+00:00,14.2,50.812737,0.0,14.05,0.343
2024-03-23 12:00:00+00:00,14.6,48.997616,0.0,14.85,0.342
2024-03-23 13:00:00+00:00,15.4,46.867355,0.0,15.0,0.338
2024-03-23 14:00:00+00:00,15.3,44.903015,0.0,14.8,0.337
2024-03-23 15:00:00+00:00,14.55,51.444443,0.0,14.2,0.337
2024-03-23 16:00:00+00:00,12.0,70.01645,0.0,13.15,0.336
2024-03-23 17:00:00+00:00,10.15,74.65482,0.0,11.95,0.336
2024-03-23 18:00:00+00:00,9.15,79.55934,0.0,11.0,0.336
2024-03-23 19:00:00+00:00,8.3,83.68213,0.0,10.2,0.336
2024-03-23 20:00:00+00:00,7.65,86.5588,0.0,9.55,0.337
2024-03-23 21:00:00+00:00,7.1,90.18471,0.0,9.05,0.337
2024-03-23 22:00:00+00:00,7.0,91.752594,0.0,8.65,0.337
2024-03-23 23:00:00+00:00,7.05,91.438866,0.0,8.4,0.337
2024-03-24 00:00:00+00:00,7.1,91.44215,0.0,8.2,0.337
2024-03-24 01:00:00+00:00,7.7,91.16693,0.0,8.15,0.336
2024-03-24 02:00:00+00:00,7.85,90.863914,0.0,8.15,0.336
2024-03-24 03:00:00+00:00,7.85,90.863914,0.0,8.15,0.336
2024-03-24 04:00:00+00:00,7.65,91.793594,0.0,8.1,0.336
2024-03-24 05:00:00+00:00,8.35,90.58756,0.0,8.15,0.337
2024-03-24 06:00:00+00:00,10.4,84.79073,0.0,8.9,0.336
2024-03-24 07:00:00+00:00,12.5,78.966,0.0,10.15,0.336
2024-03-24 08:00:00+00:00,14.7,63.52311,0.0,11.5,0.335
2024-03-24 09:00:00+00:00,16.0,57.257397,0.0,12.8,0.334
2024-03-24 10:00:00+00:00,16.35,57.15026,0.0,13.95,0.333
2024-03-24 11:00:00+00:00,16.4,55.43645,0.0,14.65,0.331
2024-03-24 12:00:00+00:00,16.65,55.123543,0.0,15.0,0.33
2024-03-24 13:00:00+00:00,17.2,53.78194,0.0,15.4,0.329
2024-03-24 14:00:00+00:00,16.45,57.370014,0.0,15.3,0.328
2024-03-24 15:00:00+00:00,15.65,61.408466,0.0,14.95,0.327
2024-03-24 16:00:00+00:00,14.25,67.42665,0.0,14.2,0.327
2024-03-24 17:00:00+00:00,12.85,75.88416,0.0,13.3,0.327
2024-03-24 18:00:00+00:00,12.2,79.18908,0.0,12.6,0.327
2024-03-24 19:00:00+00:00,11.85,81.58454,0.0,12.1,0.327
2024-03-24 20:00:00+00:00,11.65,83.5096,0.0,11.7,0.328
2024-03-24 21:00:00+00:00,11.55,85.49141,0.0,11.4,0.328
2024-03-24 22:00:00+00:00,11.6,85.49669,0.0,11.25,0.328
2024-03-24 23:00:00+00:00,11.7,85.50726,0.0,11.15,0.328
2024-03-25 00:00:00+00:00,11.85,84.38103,0.0,11.1,0.328
2024-03-25 01:00:00+00:00,12.35,81.92496,0.0,12.15,0.326
2024-03-25 02:00:00+00:00,12.5,78.70004,0.0,11.9,0.326
2024-03-25 03:00:00+00:00,12.45,80.03074,0.0,11.75,0.326
2024-03-25 04:00:00+00:00,12.4,83.59836,0.0,11.6,0.326
2024-03-25 05:00:00+00:00,13.35,83.431625,0.0,11.75,0.326
2024-03-25 06:00:00+00:00,13.5,80.714806,1.8,12.15,0.347
2024-03-25 07:00:00+00:00,10.3,73.65556,1.6,11.55,0.366
2024-03-25 08:00:00+00:00,10.55,70.70274,0.1,11.7,0.365
2024-03-25 09:00:00+00:00,10.75,72.7258,1.8,12.0,0.385
2024-03-25 10:00:00+00:00,12.35,62.33297,0.2,12.7,0.383
2024-03-25 11:00:00+00:00,11.65,63.262306,0.0,13.15,0.379
2024-03-25 12:00:00+00:00,12.4,57.139095,0.1,13.3,0.377
2024-03-25 13:00:00+00:00,11.8,67.14074,0.3,12.95,0.362
2024-03-25 14:00:00+00:00,12.1,61.199615,0.1,12.6,0.362
2024-03-25 15:00:00+00:00,12.05,62.479683,0.0,12.25,0.361
2024-03-25 16:00:00+00:00,10.65,62.809742,0.0,11.75,0.36
2024-03-25 17:00:00+00:00,8.45,69.30288,0.0,10.7,0.359
2024-03-25 18:00:00+00:00,7.85,74.250496,0.0,9.65,0.358
2024-03-25 19:00:00+00:00,6.0,88.22983,0.0,8.8,0.357
2024-03-25 20:00:00+00:00,4.65,94.550285,0.0,8.15,0.357
2024-03-25 21:00:00+00:00,4.45,94.87498,0.0,7.65,0.356
2024-03-25 22:00:00+00:00,4.2,94.53096,0.0,7.25,0.355
2024-03-25 23:00:00+00:00,3.7,93.84214,0.0,6.85,0.355
2024-03-26 00:00:00+00:00,4.25,92.55226,0.0,6.6,0.354
2024-03-26 01:00:00+00:00,5.15,92.60424,0.0,7.25,0.351
2024-03-26 02:00:00+00:00,4.75,93.892685,0.0,6.9,0.351
2024-03-26 03:00:00+00:00,3.45,95.17122,0.0,6.5,0.35
2024-03-26 04:00:00+00:00,2.8,94.80766,0.0,6.05,0.35
2024-03-26 05:00:00+00:00,5.05,89.713135,0.0,6.0,0.349
2024-03-26 06:00:00+00:00,7.85,79.09227,0.0,7.1,0.349
2024-03-26 07:00:00+00:00,10.55,69.485886,0.0,8.85,0.348
2024-03-26 08:00:00+00:00,13.0,52.115013,0.0,10.65,0.347
2024-03-26 09:00:00+00:00,14.3,47.22012,0.0,12.25,0.346
2024-03-26 10:00:00+00:00,15.3,43.497684,0.0,13.7,0.344
2024-03-26 11:00:00+00:00,16.0,39.575333,0.0,14.8,0.341
2024-03-26 12:00:00+00:00,16.05,38.891064,0.0,15.25,0.34
2024-03-26 13:00:00+00:00,15.3,47.334682,0.0,14.65,0.339
2024-03-26 14:00:00+00:00,15.05,47.098812,0.0,14.3,0.338
2024-03-26 15:00:00+00:00,14.2,51.71022,0.0,13.8,0.338
2024-03-26 16:00:00+00:00,13.1,56.325607,0.0,13.2,0.337
2024-03-26 17:00:00+00:00,11.7,60.04377,0.0,12.35,0.337
2024-03-26 18:00:00+00:00,10.7,69.51613,0.4,11.7,0.34
2024-03-26 19:00:00+00:00,9.9,76.97002,0.3,10.9,0.342
2024-03-26 20:00:00+00:00,9.45,82.67543,0.7,10.25,0.35
2024-03-26 21:00:00+00:00,9.2,84.366615,0.7,9.8,0.359
2024-03-26 22:00:00+00:00,9.0,87.58869,0.7,9.55,0.367
2024-03-26 23:00:00+00:00,9.1,87.29865,0.0,9.4,0.366
2024-03-27 00:00:00+00:00,9.1,87.00028,0.0,9.3,0.364
2024-03-27 01:00:00+00:00,9.45,88.53128,0.0,9.95,0.355
2024-03-27 02:00:00+00:00,8.15,92.456505,0.0,9.4,0.354
2024-03-27 03:00:00+00:00,8.1,89.64049,0.0,8.75,0.353
2024-03-27 04:00:00+00:00,7.85,91.491135,0.0,8.5,0.353
2024-03-27 05:00:00+00:00,8.9,88.483986,0.0,8.6,0.352
2024-03-27 06:00:00+00:00,10.85,84.267426,0.0,9.55,0.352
2024-03-27 07:00:00+00:00,13.1,75.669655,0.0,11.1,0.351
2024-03-27 08:00:00+00:00,15.2,67.397194,0.0,12.75,0.35
2024-03-27 09:00:00+00:00,17.4,61.61025,0.0,14.4,0.348
2024-03-27 10:00:00+00:00,19.2,58.826763,0.0,15.8,0.346
2024-03-27 11:00:00+00:00,20.1,58.07756,0.0,16.85,0.344
2024-03-27 12:00:00+00:00,20.85,54.362335,0.0,17.6,0.342
2024-03-27 13:00:00+00:00,21.1,51.786724,0.0,17.5,0.34
2024-03-27 14:00:00+00:00,20.65,54.311146,0.0,17.5,0.339
2024-03-27 15:00:00+00:00,19.65,60.115593,0.0,17.1,0.338
2024-03-27 16:00:00+00:00,17.2,72.19985,0.0,16.25,0.337
2024-03-27 17:00:00+00:00,14.15,84.08034,0.0,14.9,0.337
2024-03-27 18:00:00+00:00,13.8,84.31936,0.0,13.95,0.337
2024-03-27 19:00:00+00:00,12.85,84.493454,0.0,13.2,0.337
2024-03-27 20:00:00+00:00,11.6,87.82572,0.0,12.55,0.337
2024-03-27 21:00:00+00:00,10.65,89.535095,0.0,11.85,0.337
2024-03-27 22:00:00+00:00,10.6,87.73536,0.0,11.35,0.337
2024-03-27 23:00:00+00:00,10.75,84.54231,0.0,10.95,0.337
2024-03-28 00:00:00+00:00,10.8,82.56225,0.0,10.6,0.336
2024-03-28 01:00:00+00:00,11.6,77.76828,0.0,11.3,0.338
2024-03-28 02:00:00+00:00,11.65,75.94362,0.0,11.05,0.338
2024-03-28 03:00:00+00:00,11.55,76.70812,0.0,10.95,0.337
2024-03-28 04:00:00+00:00,11.8,70.94547,0.0,10.75,0.337
2024-03-28 05:00:00+00:00,13.35,64.75362,0.0,10.9,0.337
2024-03-28 06:00:00+00:00,15.85,59.203457,0.0,11.75,0.336
2024-03-28 07:00:00+00:00,16.65,68.1494,0.0,12.7,0.336
2024-03-28 08:00:00+00:00,17.1,66.45288,0.2,13.3,0.337
2024-03-28 09:00:00+00:00,17.85,66.171974,1.1,13.95,0.349
2024-03-28 10:00:00+00:00,18.95,60.750034,0.0,14.8,0.348
2024-03-28 11:00:00+00:00,19.05,57.24533,0.0,15.45,0.346
2024-03-28 12:00:00+00:00,20.0,58.05315,0.0,16.4,0.344
2024-03-28 13:00:00+00:00,20.1,55.26204,0.0,17.35,0.326
2024-03-28 14:00:00+00:00,18.7,61.910984,0.0,16.95,0.325
2024-03-28 15:00:00+00:00,17.95,62.98299,0.0,16.55,0.324
2024-03-28 16:00:00+00:00,17.15,66.68461,0.0,16.05,0.324
2024-03-28 17:00:00+00:00,16.3,66.061806,0.0,15.4,0.324
2024-03-28 18:00:00+00:00,15.8,65.29285,0.0,14.85,0.324
2024-03-28 19:00:00+00:00,14.95,69.88498,0.0,14.4,0.324
2024-03-28 20:00:00+00:00,14.4,74.37702,0.0,13.95,0.324
2024-03-28 21:00:00+00:00,13.9,78.64371,0.0,13.6,0.324
2024-03-28 22:00:00+00:00,13.4,83.43756,0.0,13.3,0.324
2024-03-28 23:00:00+00:00,13.1,87.37805,0.0,13.05,0.324
2024-03-29 00:00:00+00:00,13.0,90.01405,0.0,12.8,0.324
2024-03-29 01:00:00+00:00,12.95,91.51075,0.0,13.1,0.319
2024-03-29 02:00:00+00:00,12.7,92.713165,0.0,12.9,0.319
2024-03-29 03:00:00+00:00,12.45,93.315025,0.0,12.65,0.319
2024-03-29 04:00:00+00:00,12.3,93.92735,0.0,12.45,0.319
2024-03-29 05:00:00+00:00,12.9,93.03051,0.0,12.45,0.319
2024-03-29 06:00:00+00:00,14.85,87.82514,0.0,13.25,0.319
2024-03-29 07:00:00+00:00,16.85,82.49088,0.0,14.45,0.319
2024-03-29 08:00:00+00:00,18.85,75.12909,0.0,15.95,0.318
2024-03-29 09:00:00+00:00,20.7,66.338585,0.0,17.5,0.317
2024-03-29 10:00:00+00:00,22.0,55.558556,0.0,18.95,0.315
2024-03-29 11:00:00+00:00,22.7,52.37737,0.0,20.1,0.313
2024-03-29 12:00:00+00:00,23.15,50.802353,0.0,20.95,0.311
2024-03-29 13:00:00+00:00,24.1,43.308033,0.0,21.2,0.309
2024-03-29 14:00:00+00:00,23.6,45.830338,0.0,21.05,0.307
2024-03-29 15:00:00+00:00,22.35,55.28384,0.0,20.4,0.307
2024-03-29 16:00:00+00:00,19.8,69.45435,0.0,19.4,0.306
2024-03-29 17:00:00+00:00,17.15,79.375336,0.0,18.05,0.306
2024-03-29 18:00:00+00:00,15.55,85.90566,0.0,16.9,0.307
2024-03-29 19:00:00+00:00,14.3,89.2284,0.0,15.95,0.307
2024-03-29 20:00:00+00:00,13.1,90.618385,0.0,15.1,0.307
2024-03-29 21:00:00+00:00,12.25,90.558685,0.0,14.35,0.307
2024-03-29 22:00:00+00:00,11.75,89.92067,0.0,13.7,0.307
2024-03-29 23:00:00+00:00,11.2,90.787994,0.0,13.25,0.307
2024-03-30 00:00:00+00:00,11.1,89.26974,0.0,12.75,0.307
2024-03-30 01:00:00+00:00,9.75,90.99474,0.0,11.7,0.316
2024-03-30 02:00:00+00:00,9.65,89.456375,0.0,11.35,0.316
2024-03-30 03:00:00+00:00,9.7,87.95212,0.0,11.0,0.316
2024-03-30 04:00:00+00:00,11.55,80.175255,0.0,10.75,0.316
2024-03-30 05:00:00+00:00,11.2,90.181206,0.0,11.05,0.316
2024-03-30 06:00:00+00:00,13.85,79.959114,0.0,12.25,0.316
2024-03-30 07:00:00+00:00,16.95,74.07858,0.0,14.0,0.316
2024-03-30 08:00:00+00:00,19.85,67.68441,0.0,15.95,0.315
2024-03-30 09:00:00+00:00,22.0,60.470203,0.0,17.7,0.314
2024-03-30 10:00:00+00:00,23.2,53.89598,0.0,19.1,0.312
2024-03-30 11:00:00+00:00,23.8,47.895687,0.0,20.1,0.31
2024-03-30 12:00:00+00:00,24.1,46.88542,0.0,20.75,0.308
2024-03-30 13:00:00+00:00,24.45,44.864807,0.0,21.05,0.305
2024-03-30 14:00:00+00:00,23.7,46.162228,0.0,20.9,0.304
2024-03-30 15:00:00+00:00,22.3,51.759296,0.0,20.35,0.303
2024-03-30 16:00:00+00:00,19.6,59.707996,0.0,19.3,0.303
2024-03-30 17:00:00+00:00,17.05,64.479904,0.0,18.0,0.303
2024-03-30 18:00:00+00:00,15.7,68.183174,0.0,16.85,0.303
2024-03-30 19:00:00+00:00,14.85,70.81018,0.0,16.0,0.303
2024-03-30 20:00:00+00:00,14.2,73.845406,0.0,15.35,0.303
2024-03-30 21:00:00+00:00,13.45,78.05194,0.0,14.75,0.303
2024-03-30 22:00:00+00:00,12.7,81.42185,0.0,14.25,0.303
2024-03-30 23:00:00+00:00,12.35,83.312485,0.0,13.8,0.304
2024-03-31 00:00:00+00:00,12.3,83.86746,0.0,13.5,0.304
2024-03-31 01:00:00+00:00,12.65,83.62779,0.0,13.0,0.299
2024-03-31 02:00:00+00:00,12.65,83.90805,0.0,12.95,0.299
2024-03-31 03:00:00+00:00,12.65,83.34836,0.0,12.9,0.299
2024-03-31 04:00:00+00:00,12.55,84.74278,0.0,12.85,0.299
2024-03-31 05:00:00+00:00,13.65,82.36471,0.0,13.05,0.299
2024-03-31 06:00:00+00:00,15.9,76.632545,0.0,13.85,0.299
2024-03-31 07:00:00+00:00,18.0,70.47537,0.0,15.15,0.299
2024-03-31 08:00:00+00:00,19.85,62.37883,0.0,16.55,0.298
2024-03-31 09:00:00+00:00,21.35,56.68446,0.0,17.9,0.296
2024-03-31 10:00:00+00:00,22.2,52.76569,0.0,19.1,0.295
2024-03-31 11:00:00+00:00,22.8,51.212776,0.0,20.0,0.293
2024-03-31 12:00:00+00:00,22.9,51.407654,0.0,20.6,0.291
2024-03-31 13:00:00+00:00,22.8,52.40337,0.0,20.85,0.29
2024-03-31 14:00:00+00:00,21.9,54.989826,0.0,20.7,0.289
2024-03-31 15:00:00+00:00,20.7,58.03241,0.0,20.15,0.288
2024-03-31 16:00:00+00:00,18.95,62.585693,0.0,19.2,0.288
2024-03-31 17:00:00+00:00,17.15,68.47736,0.0,18.1,0.288
2024-03-31 18:00:00+00:00,16.05,73.67847,0.0,17.2,0.288
2024-03-31 19:00:00+00:00,15.25,78.842354,0.0,16.45,0.288
2024-03-31 20:00:00+00:00,14.8,81.96546,0.0,15.85,0.288
2024-03-31 21:00:00+00:00,14.5,83.29182,0.0,15.4,0.288
2024-03-31 22:00:00+00:00,14.3,83.26802,0.0,15.05,0.288
2024-03-31 23:00:00+00:00,14.2,82.4334,0.0,14.75,0.289
2024-04-01 00:00:00+00:00,14.1,82.42093,0.0,14.5,0.289
2024-04-01 01:00:00+00:00,14.85,77.2311,0.0,14.9,0.287
2024-04-01 02:00:00+00:00,14.6,79.271454,0.0,14.7,0.287
2024-04-01 03:00:00+00:00,14.3,82.44585,0.0,14.5,0.287
2024-04-01 04:00:00+00:00,14.15,84.08034,0.0,14.35,0.287
2024-04-01 05:00:00+00:00,14.9,81.978195,0.0,14.4,0.287
2024-04-01 06:00:00+00:00,16.75,78.80226,0.0,15.1,0.287
2024-04-01 07:00:00+00:00,18.75,71.544106,0.0,16.25,0.287
2024-04-01 08:00:00+00:00,20.55,62.741817,0.0,17.55,0.286
2024-04-01 09:00:00+00:00,21.95,57.767834,0.0,18.85,0.285
2024-04-01 10:00:00+00:00,22.85,53.281494,0.0,20.0,0.283
2024-04-01 11:00:00+00:00,23.55,49.104183,0.0,20.85,0.281
2024-04-01 12:00:00+00:00,23.6,49.11756,0.0,21.4,0.28
2024-04-01 13:00:00+00:00,23.65,51.941998,0.0,21.55,0.277
2024-04-01 14:00:00+00:00,22.7,55.19153,0.0,21.45,0.276
2024-04-01 15:00:00+00:00,21.35,59.536686,0.0,20.85,0.275
2024-04-01 16:00:00+00:00,19.5,63.74867,0.0,19.95,0.275
2024-04-01 17:00:00+00:00,17.6,69.70726,0.0,18.85,0.275
2024-04-01 18:00:00+00:00,16.35,74.71044,0.0,17.9,0.275
2024-04-01 19:00:00+00:00,15.45,78.61182,0.0,17.1,0.275
2024-04-01 20:00:00+00:00,14.85,80.89673,0.0,16.4,0.275
2024-04-01 21:00:00+00:00,14.35,82.45206,0.0,15.9,0.275
2024-04-01 22:00:00+00:00,14.15,82.42717,0.0,15.45,0.275
2024-04-01 23:00:00+00:00,14.2,79.742546,0.0,15.1,0.276
2024-04-02 00:00:00+00:00,14.35,76.12991,0.0,14.9,0.276
2024-04-02 01:00:00+00:00,14.4,77.41836,0.0,15.15,0.272
2024-04-02 02:00:00+00:00,14.25,78.69546,0.0,14.9,0.272
2024-04-02 03:00:00+00:00,14.0,81.3213,0.0,14.7,0.272
2024-04-02 04:00:00+00:00,14.0,82.135475,0.0,14.55,0.273
2024-04-02 05:00:00+00:00,14.95,79.05971,0.0,14.6,0.273
2024-04-02 06:00:00+00:00,16.8,73.56701,0.0,15.3,0.273
2024-04-02 07:00:00+00:00,18.85,65.73255,0.0,16.35,0.272
2024-04-02 08:00:00+00:00,20.75,57.474586,0.0,17.6,0.271
2024-04-02 09:00:00+00:00,22.1,53.61437,0.0,18.9,0.27
2024-04-02 10:00:00+00:00,23.15,47.877678,0.0,20.05,0.268
2024-04-02 11:00:00+00:00,23.55,47.201023,0.0,20.9,0.267
2024-04-02 12:00:00+00:00,23.7,48.50278,0.0,21.5,0.265
2024-04-02 13:00:00+00:00,23.3,50.344013,0.0,21.65,0.261
2024-04-02 14:00:00+00:00,22.6,53.56696,0.0,21.5,0.26
2024-04-02 15:00:00+00:00,21.25,58.932392,0.0,20.85,0.26
2024-04-02 16:00:00+00:00,19.8,65.50566,0.0,20.0,0.26
2024-04-02 17:00:00+00:00,18.3,70.532585,0.0,19.1,0.26
2024-04-02 18:00:00+00:00,17.25,72.924255,0.0,18.25,0.26
2024-04-02 19:00:00+00:00,16.55,76.23332,0.0,17.55,0.26
2024-04-02 20:00:00+00:00,15.1,84.46471,0.0,16.85,0.26
2024-04-02 21:00:00+00:00,14.65,83.5847,0.0,16.35,0.26
2024-04-02 22:00:00+00:00,15.4,68.58056,0.0,16.0,0.26
2024-04-02 23:00:00+00:00,14.8,58.34292,0.0,15.6,0.261
2024-04-03 00:00:00+00:00,13.95,54.99329,0.0,15.2,0.261
2024-04-03 01:00:00+00:00,15.25,53.638824,0.0,16.05,0.256
2024-04-03 02:00:00+00:00,15.5,51.700886,0.0,15.75,0.256
2024-04-03 03:00:00+00:00,15.95,38.58541,0.0,15.6,0.256
2024-04-03 04:00:00+00:00,15.5,41.59445,0.0,15.45,0.256
2024-04-03 05:00:00+00:00,15.0,49.45298,0.0,15.25,0.256
2024-04-03 06:00:00+00:00,16.25,52.98444,0.0,15.65,0.255
2024-04-03 07:00:00+00:00,17.5,43.51624,0.0,16.55,0.255
2024-04-03 08:00:00+00:00,18.4,41.121704,0.0,17.65,0.254
2024-04-03 09:00:00+00:00,19.2,40.640976,0.0,18.85,0.252
2024-04-03 10:00:00+00:00,19.95,39.332508,0.0,20.05,0.251
2024-04-03 11:00:00+00:00,20.55,36.99231,0.0,21.05,0.249
2024-04-03 12:00:00+00:00,20.9,34.844307,0.0,21.75,0.248
2024-04-03 13:00:00+00:00,21.6,34.32284,0.0,21.85,0.244
2024-04-03 14:00:00+00:00,21.55,34.308525,0.0,21.65,0.243
2024-04-03 15:00:00+00:00,20.85,40.831814,0.0,20.95,0.243
2024-04-03 16:00:00+00:00,20.6,34.39525,0.0,20.0,0.243
2024-04-03 17:00:00+00:00,20.05,35.833443,0.0,18.5,0.243
2024-04-03 18:00:00+00:00,15.4,59.70157,0.0,17.35,0.243
2024-04-03 19:00:00+00:00,13.75,72.778404,0.0,16.5,0.243
2024-04-03 20:00:00+00:00,13.15,77.744514,0.0,15.8,0.244
2024-04-03 21:00:00+00:00,12.75,79.8041,0.0,15.2,0.244
2024-04-03 22:00:00+00:00,12.6,81.1357,0.0,14.7,0.244
2024-04-03 23:00:00+00:00,11.55,85.49141,0.0,14.1,0.244
2024-04-04 00:00:00+00:00,10.05,88.58254,0.0,13.55,0.244
2024-04-04 01:00:00+00:00,10.7,76.046585,0.0,13.55,0.25
2024-04-04 02:00:00+00:00,10.45,72.41938,0.0,13.15,0.251
2024-04-04 03:00:00+00:00,9.0,81.48641,0.0,12.6,0.251
2024-04-04 04:00:00+00:00,8.9,82.03798,0.0,12.05,0.251
2024-04-04 05:00:00+00:00,10.95,78.46795,0.0,12.4,0.251
2024-04-04 06:00:00+00:00,13.3,74.437096,0.0,13.35,0.251
2024-04-04 07:00:00+00:00,16.05,65.34726,0.0,14.9,0.251
2024-04-04 08:00:00+00:00,18.4,53.188553,0.0,16.7,0.25
2024-04-04 09:00:00+00:00,20.15,42.926132,0.0,18.4,0.249
2024-04-04 10:00:00+00:00,21.2,39.28417,0.0,19.95,0.247
2024-04-04 11:00:00+00:00,21.85,36.85495,0.0,21.15,0.246
2024-04-04 12:00:00+00:00,22.0,35.403614,0.0,21.95,0.244
2024-04-04 13:00:00+00:00,22.75,32.561726,0.0,22.3,0.242
2024-04-04 14:00:00+00:00,22.7,32.32231,0.0,22.1,0.241
2024-04-04 15:00:00+00:00,21.95,37.13797,0.0,21.4,0.241
2024-04-04 16:00:00+00:00,19.4,55.453217,0.0,20.3,0.241
2024-04-04 17:00:00+00:00,17.55,52.248802,0.0,18.9,0.241
2024-04-04 18:00:00+00:00,15.25,69.70978,0.7,17.5,0.247
2024-04-04 19:00:00+00:00,14.4,70.72384,0.0,16.35,0.247
2024-04-04 20:00:00+00:00,13.55,75.48995,0.0,15.45,0.248
2024-04-04 21:00:00+00:00,11.95,82.42735,0.0,14.6,0.248
2024-04-04 22:00:00+00:00,11.45,80.98124,0.0,13.95,0.248
2024-04-04 23:00:00+00:00,10.1,83.60891,0.0,13.3,0.248
2024-04-05 00:00:00+00:00,12.0,70.01645,0.0,12.7,0.248
2024-04-05 01:00:00+00:00,10.25,79.44532,0.0,13.35,0.224
2024-04-05 02:00:00+00:00,12.05,69.78633,0.0,12.8,0.224
2024-04-05 03:00:00+00:00,10.35,80.280525,0.0,12.3,0.224
2024-04-05 04:00:00+00:00,11.75,72.65989,0.0,11.85,0.224
2024-04-05 05:00:00+00:00,11.85,75.97668,0.0,12.2,0.225
2024-04-05 06:00:00+00:00,14.05,72.832886,0.0,13.4,0.225
2024-04-05 07:00:00+00:00,16.8,60.241302,0.0,15.05,0.225
2024-04-05 08:00:00+00:00,19.1,47.733536,0.0,16.8,0.224
2024-04-05 09:00:00+00:00,20.4,44.03555,0.0,18.45,0.223
2024-04-05 10:00:00+00:00,21.1,41.04298,0.0,19.75,0.222
2024-04-05 11:00:00+00:00,21.55,39.5191,0.0,20.55,0.221
2024-04-05 12:00:00+00:00,21.9,37.50817,0.0,20.9,0.22
2024-04-05 13:00:00+00:00,22.2,36.32587,0.0,20.8,0.22
2024-04-05 14:00:00+00:00,21.7,36.43327,0.0,20.55,0.219
2024-04-05 15:00:00+00:00,21.15,38.73395,0.0,20.15,0.219
2024-04-05 16:00:00+00:00,18.7,59.492897,0.0,19.25,0.219
2024-04-05 17:00:00+00:00,16.25,56.35173,0.0,17.8,0.219
2024-04-05 18:00:00+00:00,15.8,53.047745,0.0,16.6,0.219
2024-04-05 19:00:00+00:00,14.05,62.086502,0.0,15.8,0.219
2024-04-05 20:00:00+00:00,12.15,76.54425,0.0,14.9,0.22
2024-04-05 21:00:00+00:00,12.1,77.58204,0.0,14.2,0.22
2024-04-05 22:00:00+00:00,10.7,83.96474,0.0,13.55,0.22
2024-04-05 23:00:00+00:00,10.7,81.98964,0.0,12.95,0.22
2024-04-06 00:00:00+00:00,9.25,90.036255,0.0,12.45,0.22
2024-04-06 01:00:00+00:00,9.65,85.28842,0.0,11.75,0.216
2024-04-06 02:00:00+00:00,8.55,91.22398,0.0,11.45,0.216
2024-04-06 03:00:00+00:00,8.25,91.83119,0.0,11.15,0.216
2024-04-06 04:00:00+00:00,8.55,89.36878,0.0,10.9,0.217
2024-04-06 05:00:00+00:00,11.25,81.782616,0.0,11.35,0.217
2024-04-06 06:00:00+00:00,13.95,74.79991,0.0,12.65,0.217
2024-04-06 07:00:00+00:00,16.7,65.26976,0.0,14.45,0.217
2024-04-06 08:00:00+00:00,19.2,53.757156,0.0,16.45,0.216
2024-04-06 09:00:00+00:00,20.65,46.24891,0.0,18.3,0.215
2024-04-06 10:00:00+00:00,21.65,42.91133,0.0,19.95,0.214
2024-04-06 11:00:00+00:00,22.25,41.93259,0.0,21.15,0.213
2024-04-06 12:00:00+00:00,22.15,42.188698,0.0,21.65,0.212
2024-04-06 13:00:00+00:00,23.3,39.081364,0.0,21.95,0.212
2024-04-06 14:00:00+00:00,22.55,42.15906,0.2,21.8,0.213
2024-04-06 15:00:00+00:00,21.2,52.505436,0.0,21.0,0.213
2024-04-06 16:00:00+00:00,19.45,65.86023,0.0,20.05,0.213
2024-04-06 17:00:00+00:00,16.65,74.515686,0.0,18.65,0.213
2024-04-06 18:00:00+00:00,16.2,74.93187,0.0,17.55,0.213
2024-04-06 19:00:00+00:00,15.45,76.56092,0.0,16.75,0.214
2024-04-06 20:00:00+00:00,15.0,75.22801,0.0,16.1,0.214
2024-04-06 21:00:00+00:00,14.05,75.32035,0.0,15.5,0.214
2024-04-06 22:00:00+00:00,13.45,74.71446,0.0,15.0,0.214
2024-04-06 23:00:00+00:00,12.1,81.61727,0.0,14.45,0.214
2024-04-07 00:00:00+00:00,13.0,87.07916,1.1,14.2,0.225
2024-04-07 01:00:00+00:00,13.15,85.94437,0.1,14.8,0.216
2024-04-07 02:00:00+00:00,14.05,90.09154,1.2,14.55,0.23
2024-04-07 03:00:00+00:00,13.25,91.83185,0.0,14.25,0.23
2024-04-07 04:00:00+00:00,13.25,91.52979,0.0,13.9,0.23
2024-04-07 05:00:00+00:00,14.05,86.89108,0.0,13.95,0.23
2024-04-07 06:00:00+00:00,15.2,80.67727,0.0,14.65,0.23
2024-04-07 07:00:00+00:00,16.6,73.289825,0.0,15.6,0.231
2024-04-07 08:00:00+00:00,18.3,67.367065,0.1,17.05,0.231
2024-04-07 09:00:00+00:00,18.8,60.714836,0.1,17.8,0.231
2024-04-07 10:00:00+00:00,18.3,60.59714,0.1,18.45,0.23
2024-04-07 11:00:00+00:00,19.65,57.20351,0.4,19.15,0.232
2024-04-07 12:00:00+00:00,18.25,58.989296,0.1,19.1,0.233
2024-04-07 13:00:00+00:00,17.65,62.08146,0.1,18.4,0.273
2024-04-07 14:00:00+00:00,17.6,54.622337,0.1,18.35,0.272
2024-04-07 15:00:00+00:00,17.95,50.60268,0.0,18.2,0.272
2024-04-07 16:00:00+00:00,16.5,58.960846,0.0,17.55,0.271
2024-04-07 17:00:00+00:00,14.9,67.10773,0.0,16.7,0.271
2024-04-07 18:00:00+00:00,13.75,74.514755,0.0,15.9,0.271
2024-04-07 19:00:00+00:00,12.9,77.96815,0.0,15.25,0.271
2024-04-07 20:00:00+00:00,11.9,76.76439,0.0,14.6,0.271
2024-04-07 21:00:00+00:00,10.9,76.60311,0.0,13.95,0.27
2024-04-07 22:00:00+00:00,10.15,76.7452,0.0,13.35,0.27
2024-04-07 23:00:00+00:00,9.6,76.65601,0.0,12.85,0.27
2024-04-08 00:00:00+00:00,9.05,77.368706,0.0,12.35,0.27
2024-04-08 01:00:00+00:00,9.6,84.41223,0.0,12.75,0.291
2024-04-08 02:00:00+00:00,9.35,89.43259,0.0,12.3,0.291
2024-04-08 03:00:00+00:00,9.2,91.57825,0.0,11.95,0.29
2024-04-08 04:00:00+00:00,9.15,92.514046,0.0,11.65,0.29
2024-04-08 05:00:00+00:00,10.8,87.457726,0.0,11.9,0.29
2024-04-08 06:00:00+00:00,13.5,75.9911,0.0,12.85,0.289
2024-04-08 07:00:00+00:00,15.65,68.172966,0.0,14.3,0.288
2024-04-08 08:00:00+00:00,17.65,60.443455,0.0,15.9,0.287
2024-04-08 09:00:00+00:00,19.4,49.13131,0.0,17.4,0.285
2024-04-08 10:00:00+00:00,20.35,41.822083,0.0,18.5,0.283
2024-04-08 11:00:00+00:00,20.95,37.107273,0.0,19.45,0.28
2024-04-08 12:00:00+00:00,21.05,34.404392,0.0,20.0,0.278
2024-04-08 13:00:00+00:00,20.95,34.375664,0.0,20.15,0.276
2024-04-08 14:00:00+00:00,20.4,34.33772,0.0,20.0,0.275
2024-04-08 15:00:00+00:00,19.5,37.994183,0.0,19.45,0.273
2024-04-08 16:00:00+00:00,17.8,44.518986,0.0,18.5,0.273
2024-04-08 17:00:00+00:00,15.7,49.99166,0.0,17.35,0.272
2024-04-08 18:00:00+00:00,14.2,54.867443,0.0,16.2,0.272
2024-04-08 19:00:00+00:00,13.05,58.51417,0.0,15.3,0.272
2024-04-08 20:00:00+00:00,11.95,62.456318,0.0,14.45,0.272
2024-04-08 21:00:00+00:00,10.75,69.04514,0.0,13.7,0.271
2024-04-08 22:00:00+00:00,10.1,73.11111,0.0,13.0,0.271
2024-04-08 23:00:00+00:00,9.95,72.83039,0.0,12.45,0.271
2024-04-09 00:00:00+00:00,10.05,70.35936,0.0,12.1,0.271
2024-04-09 01:00:00+00:00,10.2,68.69272,0.0,12.25,0.269
2024-04-09 02:00:00+00:00,10.25,68.22519,0.0,12.0,0.269
2024-04-09 03:00:00+00:00,10.05,70.11459,0.0,11.75,0.269
2024-04-09 04:00:00+00:00,9.8,72.80274,0.0,11.5,0.269
2024-04-09 05:00:00+00:00,11.65,68.75187,0.0,11.8,0.269
2024-04-09 06:00:00+00:00,14.35,63.22749,0.0,12.9,0.268
2024-04-09 07:00:00+00:00,17.15,55.439922,0.0,14.45,0.267
2024-04-09 08:00:00+00:00,19.65,45.503498,0.0,16.2,0.266
2024-04-09 09:00:00+00:00,21.4,34.146416,0.0,17.8,0.264
2024-04-09 10:00:00+00:00,22.15,34.36118,0.0,19.15,0.262
2024-04-09 11:00:00+00:00,22.7,34.281113,0.0,20.25,0.26
2024-04-09 12:00:00+00:00,22.95,34.58965,0.0,20.95,0.258
2024-04-09 13:00:00+00:00,23.3,33.63308,0.0,21.35,0.255
2024-04-09 14:00:00+00:00,22.8,34.07388,0.0,21.25,0.254
2024-04-09 15:00:00+00:00,21.75,37.08072,0.0,20.7,0.253
2024-04-09 16:00:00+00:00,19.3,46.345913,0.0,19.65,0.252
2024-04-09 17:00:00+00:00,16.55,51.272457,0.0,18.2,0.252
2024-04-09 18:00:00+00:00,15.2,57.844467,0.0,17.0,0.252
2024-04-09 19:00:00+00:00,13.3,67.687965,0.0,15.95,0.252
2024-04-09 20:00:00+00:00,11.45,76.95408,0.0,14.85,0.252
2024-04-09 21:00:00+00:00,10.35,81.94438,0.0,13.95,0.252
2024-04-09 22:00:00+00:00,9.05,87.29393,0.0,13.15,0.252
2024-04-09 23:00:00+00:00,8.95,86.39114,0.0,12.4,0.252
2024-04-10 00:00:00+00:00,9.25,84.66239,0.0,11.8,0.252
2024-04-10 01:00:00+00:00,9.35,80.69447,0.0,11.2,0.249
2024-04-10 02:00:00+00:00,7.4,89.58544,0.0,10.85,0.249
2024-04-10 03:00:00+00:00,7.3,88.95927,0.0,10.55,0.249
2024-04-10 04:00:00+00:00,8.55,82.84827,0.0,10.25,0.249
2024-04-10 05:00:00+00:00,10.45,80.02031,0.0,10.8,0.249
2024-04-10 06:00:00+00:00,12.9,72.870224,0.0,12.15,0.248
2024-04-10 07:00:00+00:00,15.35,62.600475,0.0,13.95,0.248
2024-04-10 08:00:00+00:00,17.55,54.056473,0.0,15.85,0.247
2024-04-10 09:00:00+00:00,19.35,45.88759,0.0,17.7,0.245
2024-04-10 10:00:00+00:00,20.75,39.56179,0.0,19.35,0.244
2024-04-10 11:00:00+00:00,21.75,36.699688,0.0,20.55,0.242
2024-04-10 12:00:00+00:00,22.3,37.493977,0.0,21.4,0.24
2024-04-10 13:00:00+00:00,22.35,38.943684,0.0,21.6,0.239
2024-04-10 14:00:00+00:00,22.3,43.385105,0.0,21.55,0.237
2024-04-10 15:00:00+00:00,21.65,49.738827,0.0,21.05,0.237
2024-04-10 16:00:00+00:00,19.5,59.881832,0.0,20.1,0.236
2024-04-10 17:00:00+00:00,16.65,62.687298,0.0,18.75,0.236
2024-04-10 18:00:00+00:00,15.35,63.670094,0.0,17.6,0.236
2024-04-10 19:00:00+00:00,13.9,67.81275,0.0,16.55,0.236
2024-04-10 20:00:00+00:00,12.4,72.77905,0.0,15.55,0.236
2024-04-10 21:00:00+00:00,10.7,80.329475,0.0,14.6,0.236
2024-04-10 22:00:00+00:00,9.5,87.33635,0.0,13.7,0.236
2024-04-10 23:00:00+00:00,8.8,91.240654,0.0,13.0,0.236
2024-04-11 00:00:00+00:00,8.75,90.61609,0.0,12.35,0.236
2024-04-11 01:00:00+00:00,9.4,89.13246,0.0,12.2,0.236
2024-04-11 02:00:00+00:00,9.0,87.889084,0.0,11.8,0.236
2024-04-11 03:00:00+00:00,9.3,81.24588,0.0,11.55,0.236
2024-04-11 04:00:00+00:00,9.75,79.64622,0.0,11.4,0.236
2024-04-11 05:00:00+00:00,11.75,74.6755,0.0,11.85,0.236
2024-04-11 06:00:00+00:00,14.55,66.80752,0.0,13.1,0.236
2024-04-11 07:00:00+00:00,17.4,54.017456,0.0,14.7,0.235
2024-04-11 08:00:00+00:00,19.85,46.340904,0.0,16.5,0.234
2024-04-11 09:00:00+00:00,21.85,39.73996,0.0,18.2,0.232
2024-04-11 10:00:00+00:00,23.1,36.959213,0.0,19.7,0.231
2024-04-11 11:00:00+00:00,23.55,38.236713,0.0,20.8,0.229
2024-04-11 12:00:00+00:00,23.85,36.42352,0.0,21.5,0.227
2024-04-11 13:00:00+00:00,23.85,34.608677,0.0,21.7,0.225
2024-04-11 14:00:00+00:00,23.45,35.090706,0.0,21.65,0.224
2024-04-11 15:00:00+00:00,22.65,38.24037,0.0,21.25,0.223
2024-04-11 16:00:00+00:00,20.95,42.859535,0.0,20.4,0.222
2024-04-11 17:00:00+00:00,18.95,46.565914,0.0,19.25,0.222
2024-04-11 18:00:00+00:00,17.55,51.71701,0.0,18.25,0.222
2024-04-11 19:00:00+00:00,16.1,59.264282,0.0,17.35,0.222
2024-04-11 20:00:00+00:00,14.65,64.163284,0.0,16.45,0.222
2024-04-11 21:00:00+00:00,14.0,62.28805,0.0,15.75,0.222
2024-04-11 22:00:00+00:00,13.4,62.57761,0.0,15.1,0.221
2024-04-11 23:00:00+00:00,12.35,66.79583,0.0,14.5,0.221
2024-04-12 00:00:00+00:00,11.2,73.05935,0.0,13.9,0.221
2024-04-12 01:00:00+00:00,11.05,75.84406,0.0,13.85,0.219
2024-04-12 02:00:00+00:00,10.45,79.746925,0.0,13.3,0.219
2024-04-12 03:00:00+00:00,10.5,79.75409,0.0,12.85,0.219
2024-04-12 04:00:00+00:00,10.75,79.24657,0.0,12.55,0.219
2024-04-12 05:00:00+00:00,13.35,71.242615,0.0,13.0,0.218
2024-04-12 06:00:00+00:00,16.4,65.86255,0.0,14.3,0.218
2024-04-12 07:00:00+00:00,19.4,59.858074,0.0,16.05,0.218
2024-04-12 08:00:00+00:00,21.6,51.57534,0.0,17.9,0.217
2024-04-12 09:00:00+00:00,23.7,47.55431,0.0,19.7,0.215
2024-04-12 10:00:00+00:00,25.05,41.73873,0.1,21.2,0.214
2024-04-12 11:00:00+00:00,25.3,40.4454,0.0,21.95,0.213
2024-04-12 12:00:00+00:00,25.35,43.083725,0.0,22.5,0.212
2024-04-12 13:00:00+00:00,25.6,42.72912,0.0,22.8,0.21
2024-04-12 14:00:00+00:00,24.6,48.111427,0.1,22.75,0.21
2024-04-12 15:00:00+00:00,23.55,53.98516,0.0,22.25,0.209
2024-04-12 16:00:00+00:00,22.1,59.520718,0.0,21.5,0.209
2024-04-12 17:00:00+00:00,20.1,62.845676,0.0,20.5,0.209
2024-04-12 18:00:00+00:00,18.45,65.43107,0.0,19.5,0.209
2024-04-12 19:00:00+00:00,17.15,67.35198,0.0,18.6,0.209
2024-04-12 20:00:00+00:00,16.1,70.343124,0.0,17.8,0.209
2024-04-12 21:00:00+00:00,15.05,73.99412,0.0,17.05,0.209
2024-04-12 22:00:00+00:00,14.2,77.3873,0.0,16.35,0.209
2024-04-12 23:00:00+00:00,13.75,79.67882,0.0,15.75,0.209
2024-04-13 00:00:00+00:00,13.4,82.33337,0.0,15.3,0.209
2024-04-13 01:00:00+00:00,13.25,85.102196,0.0,15.4,0.208
2024-04-13 02:00:00+00:00,12.9,87.06971,0.0,14.9,0.208
2024-04-13 03:00:00+00:00,12.45,88.489265,0.0,14.5,0.208
2024-04-13 04:00:00+00:00,12.5,86.45309,0.0,14.15,0.208
2024-04-13 05:00:00+00:00,14.7,76.69573,0.0,14.55,0.208
2024-04-13 06:00:00+00:00,17.45,68.537766,0.0,15.7,0.208
2024-04-13 07:00:00+00:00,20.2,58.486584,0.0,17.35,0.207
2024-04-13 08:00:00+00:00,21.75,50.76691,0.0,18.9,0.206
2024-04-13 09:00:00+00:00,22.55,48.032673,0.0,20.2,0.205
2024-04-13 10:00:00+00:00,23.0,47.995552,0.0,21.25,0.204
2024-04-13 11:00:00+00:00,23.2,49.33429,0.0,22.0,0.203
2024-04-13 12:00:00+00:00,24.2,48.161358,0.0,23.1,0.202
2024-04-13 13:00:00+00:00,24.5,48.40011,0.0,23.7,0.201
2024-04-13 14:00:00+00:00,24.4,47.43171,0.0,23.65,0.201
2024-04-13 15:00:00+00:00,23.55,48.78237,0.0,23.0,0.2
2024-04-13 16:00:00+00:00,21.95,54.82231,0.0,22.1,0.2
2024-04-13 17:00:00+00:00,19.05,69.08221,0.0,20.8,0.2
2024-04-13 18:00:00+00:00,18.25,70.75414,0.0,19.55,0.2
2024-04-13 19:00:00+00:00,17.15,71.24614,0.0,18.7,0.2
2024-04-13 20:00:00+00:00,16.0,68.9314,0.0,17.9,0.2
2024-04-13 21:00:00+00:00,15.25,63.21758,0.0,17.2,0.2
2024-04-13 22:00:00+00:00,14.25,64.511955,0.0,16.55,0.2
2024-04-13 23:00:00+00:00,12.5,77.3821,0.0,15.8,0.2
2024-04-14 00:00:00+00:00,12.3,83.3065,0.0,15.15,0.2
2024-04-14 01:00:00+00:00,11.65,90.214226,0.0,14.0,0.195
2024-04-14 02:00:00+00:00,12.85,85.059044,0.0,13.6,0.195
2024-04-14 03:00:00+00:00,12.6,85.3165,0.0,13.3,0.195
2024-04-14 04:00:00+00:00,11.05,91.6955,0.0,13.0,0.196
2024-04-14 05:00:00+00:00,13.25,82.58961,0.0,13.6,0.196
2024-04-14 06:00:00+00:00,16.0,74.404625,0.0,15.0,0.195
2024-04-14 07:00:00+00:00,18.65,62.10489,0.0,16.85,0.195
2024-04-14 08:00:00+00:00,20.95,54.02909,0.0,18.85,0.194
2024-04-14 09:00:00+00:00,22.75,51.537365,0.0,20.8,0.193
2024-04-14 10:00:00+00:00,24.2,47.377514,0.0,22.5,0.192
2024-04-14 11:00:00+00:00,24.9,41.558613,0.0,23.55,0.191
2024-04-14 12:00:00+00:00,25.25,39.764557,0.0,24.3,0.19
2024-04-14 13:00:00+00:00,25.2,42.47736,0.0,24.45,0.192
2024-04-14 14:00:00+00:00,25.15,41.905216,0.0,24.35,0.191
2024-04-14 15:00:00+00:00,24.75,42.916992,0.0,23.9,0.19
2024-04-14 16:00:00+00:00,22.8,61.048054,0.0,22.95,0.19
2024-04-14 17:00:00+00:00,20.2,63.695152,0.0,21.5,0.19
2024-04-14 18:00:00+00:00,19.0,67.95382,0.0,20.35,0.19
2024-04-14 19:00:00+00:00,17.75,71.82783,0.0,19.4,0.19
2024-04-14 20:00:00+00:00,16.95,67.98443,0.0,18.6,0.19
2024-04-14 21:00:00+00:00,16.45,58.948643,0.0,17.9,0.19
2024-04-14 22:00:00+00:00,16.3,56.749924,0.0,17.35,0.19
2024-04-14 23:00:00+00:00,15.8,60.2059,0.0,16.85,0.19
2024-04-15 00:00:00+00:00,15.25,62.790188,0.0,16.45,0.19
2024-04-15 01:00:00+00:00,15.45,72.600075,0.0,15.8,0.188
2024-04-15 02:00:00+00:00,15.05,76.497,0.0,15.65,0.188
2024-04-15 03:00:00+00:00,14.95,79.05971,0.0,15.5,0.188
2024-04-15 04:00:00+00:00,15.1,80.13324,0.0,15.4,0.188
2024-04-15 05:00:00+00:00,16.8,76.77484,0.0,15.85,0.188
2024-04-15 06:00:00+00:00,19.1,70.22617,0.0,17.0,0.188
2024-04-15 07:00:00+00:00,21.3,64.56102,0.0,18.6,0.188
2024-04-15 08:00:00+00:00,23.35,59.240852,0.0,20.35,0.187
2024-04-15 09:00:00+00:00,25.1,52.99658,0.0,22.05,0.186
2024-04-15 10:00:00+00:00,26.25,47.77514,0.0,23.5,0.185
2024-04-15 11:00:00+00:00,26.9,43.65399,0.0,24.6,0.184
2024-04-15 12:00:00+00:00,27.1,41.21739,0.0,25.25,0.182
2024-04-15 13:00:00+00:00,26.6,41.078213,0.0,25.35,0.184
2024-04-15 14:00:00+00:00,25.75,41.934048,0.0,25.15,0.183
2024-04-15 15:00:00+00:00,24.3,45.120556,0.0,24.5,0.182
2024-04-15 16:00:00+00:00,22.4,47.83274,0.0,23.45,0.182
2024-04-15 17:00:00+00:00,20.4,51.947994,0.0,22.15,0.182
2024-04-15 18:00:00+00:00,19.1,57.067146,0.0,20.95,0.182
2024-04-15 19:00:00+00:00,18.0,63.836456,0.0,19.95,0.182
2024-04-15 20:00:00+00:00,17.55,68.106636,0.0,19.2,0.182
2024-04-15 21:00:00+00:00,17.05,69.36985,0.0,18.6,0.182
2024-04-15 22:00:00+00:00,16.4,72.29212,0.0,18.0,0.182
2024-04-15 23:00:00+00:00,16.15,72.968025,0.0,17.55,0.182
2024-04-16 00:00:00+00:00,16.1,70.10947,0.0,17.2,0.182
2024-04-16 01:00:00+00:00,16.75,58.82258,0.0,16.6,0.182
2024-04-16 02:00:00+00:00,16.45,63.702873,0.0,16.65,0.182
2024-04-16 03:00:00+00:00,15.8,70.05113,0.0,16.5,0.182
2024-04-16 04:00:00+00:00,15.65,71.67587,0.0,16.4,0.182
2024-04-16 05:00:00+00:00,17.25,67.372665,0.0,16.7,0.182
2024-04-16 06:00:00+00:00,19.5,62.094517,0.0,17.65,0.181
2024-04-16 07:00:00+00:00,21.5,54.170067,0.0,19.0,0.181
2024-04-16 08:00:00+00:00,23.0,49.118446,0.0,20.45,0.18
2024-04-16 09:00:00+00:00,24.15,43.466057,0.0,21.85,0.179
2024-04-16 10:00:00+00:00,24.85,40.31899,0.0,23.0,0.178
2024-04-16 11:00:00+00:00,25.1,39.590153,0.0,23.9,0.177
2024-04-16 12:00:00+00:00,25.2,39.6183,0.0,24.5,0.176
2024-04-16 13:00:00+00:00,24.7,41.50261,0.0,24.65,0.178
2024-04-16 14:00:00+00:00,23.95,37.96373,0.0,24.4,0.177
2024-04-16 15:00:00+00:00,22.85,44.125885,0.0,23.75,0.177
2024-04-16 16:00:00+00:00,21.75,45.319485,0.0,22.85,0.176
2024-04-16 17:00:00+00:00,20.2,47.230774,0.0,21.75,0.176
2024-04-16 18:00:00+00:00,19.8,47.44123,0.0,20.9,0.176
2024-04-16 19:00:00+00:00,20.05,45.151955,0.0,20.35,0.176
2024-04-16 20:00:00+00:00,19.6,45.80088,0.0,19.95,0.176
2024-04-16 21:00:00+00:00,19.25,47.45082,0.0,19.55,0.176
2024-04-16 22:00:00+00:00,18.95,47.529842,0.0,19.2,0.176
2024-04-16 23:00:00+00:00,18.9,48.497677,0.0,19.0,0.176
2024-04-17 00:00:00+00:00,19.15,49.397243,0.0,18.9,0.176
2024-04-17 01:00:00+00:00,18.75,55.10269,0.0,18.9,0.176
2024-04-17 02:00:00+00:00,18.25,59.38479,0.0,18.65,0.176
2024-04-17 03:00:00+00:00,18.2,56.272675,0.0,18.45,0.176
2024-04-17 04:00:00+00:00,17.65,57.862907,0.0,18.25,0.176
2024-04-17 05:00:00+00:00,18.5,55.971317,0.0,18.3,0.176
2024-04-17 06:00:00+00:00,19.65,55.331886,0.0,18.8,0.175
2024-04-17 07:00:00+00:00,20.9,51.04914,0.0,19.75,0.175
2024-04-17 08:00:00+00:00,21.95,47.07736,0.0,20.75,0.174
2024-04-17 09:00:00+00:00,22.6,39.548637,0.0,21.75,0.174
2024-04-17 10:00:00+00:00,22.7,36.845127,0.0,22.3,0.173
2024-04-17 11:00:00+00:00,23.3,38.165665,0.0,23.05,0.172
2024-04-17 12:00:00+00:00,23.45,34.259064,0.0,23.25,0.172
2024-04-17 13:00:00+00:00,24.25,31.437902,0.0,24.6,0.17
2024-04-17 14:00:00+00:00,23.35,37.030426,0.0,24.35,0.17
2024-04-17 15:00:00+00:00,22.55,43.455093,0.0,23.8,0.169
2024-04-17 16:00:00+00:00,21.25,48.80938,0.0,22.9,0.169
2024-04-17 17:00:00+00:00,20.0,51.66901,0.0,21.9,0.169
2024-04-17 18:00:00+00:00,18.65,57.722057,0.0,20.85,0.169
2024-04-17 19:00:00+00:00,17.45,63.29047,0.0,19.85,0.169
2024-04-17 20:00:00+00:00,16.45,68.79214,0.0,19.0,0.169
2024-04-17 21:00:00+00:00,15.95,73.66091,0.0,18.25,0.169
2024-04-17 22:00:00+00:00,15.75,77.88267,0.0,17.7,0.169
2024-04-17 23:00:00+00:00,16.1,77.67987,0.0,17.4,0.169
2024-04-18 00:00:00+00:00,15.95,79.204025,0.7,17.3,0.177
2024-04-18 01:00:00+00:00,13.95,94.92816,5.6,16.5,0.256
2024-04-18 02:00:00+00:00,14.45,92.80845,3.6,16.2,0.306
2024-04-18 03:00:00+00:00,14.5,93.41766,2.2,16.05,0.335
2024-04-18 04:00:00+00:00,13.15,89.13663,0.5,15.65,0.339
2024-04-18 05:00:00+00:00,12.45,88.7843,0.0,15.1,0.337
2024-04-18 06:00:00+00:00,12.55,80.04478,0.0,15.0,0.335
2024-04-18 07:00:00+00:00,13.3,74.437096,0.0,15.25,0.332
2024-04-18 08:00:00+00:00,15.0,66.228386,0.0,16.25,0.329
2024-04-18 09:00:00+00:00,15.85,62.92751,0.0,17.2,0.326
2024-04-18 10:00:00+00:00,15.95,61.478844,0.0,17.8,0.323
2024-04-18 11:00:00+00:00,15.6,59.953613,0.0,17.95,0.321
2024-04-18 12:00:00+00:00,16.25,56.93095,0.0,18.65,0.318
2024-04-18 13:00:00+00:00,18.2,60.77573,0.0,20.6,0.323
2024-04-18 14:00:00+00:00,16.2,71.30346,0.3,20.3,0.323
2024-04-18 15:00:00+00:00,14.6,70.28782,0.1,19.1,0.322
2024-04-18 16:00:00+00:00,14.8,70.090744,0.0,18.25,0.321
2024-04-18 17:00:00+00:00,13.95,69.924126,0.0,17.25,0.319
2024-04-18 18:00:00+00:00,12.35,72.76991,0.0,16.25,0.318
2024-04-18 19:00:00+00:00,11.65,76.985985,0.0,15.3,0.316
2024-04-18 20:00:00+00:00,11.0,84.57039,0.0,14.75,0.315
2024-04-18 21:00:00+00:00,10.0,90.09238,0.0,14.05,0.314
2024-04-18 22:00:00+00:00,9.7,91.30029,0.0,13.5,0.313
2024-04-18 23:00:00+00:00,9.35,93.15526,0.0,13.1,0.312
2024-04-19 00:00:00+00:00,8.5,95.68396,0.0,12.6,0.311
2024-04-19 01:00:00+00:00,9.9,87.07714,0.0,13.0,0.309
2024-04-19 02:00:00+00:00,8.1,94.37207,0.0,12.45,0.308
2024-04-19 03:00:00+00:00,9.5,90.977684,0.0,12.4,0.307
2024-04-19 04:00:00+00:00,8.9,93.76728,0.0,12.05,0.306
2024-04-19 05:00:00+00:00,10.75,86.27833,0.0,12.5,0.305
2024-04-19 06:00:00+00:00,13.0,74.13381,0.0,13.6,0.304
2024-04-19 07:00:00+00:00,14.95,65.994225,0.0,15.05,0.302
2024-04-19 08:00:00+00:00,16.25,53.532997,0.0,16.4,0.301
2024-04-19 09:00:00+00:00,17.3,48.556664,0.0,17.55,0.299
2024-04-19 10:00:00+00:00,17.9,50.76209,0.0,18.4,0.296
2024-04-19 11:00:00+00:00,18.2,50.49781,0.0,19.15,0.294
2024-04-19 12:00:00+00:00,17.65,52.275333,0.1,19.3,0.294
2024-04-19 13:00:00+00:00,16.9,53.70351,0.1,18.65,0.294
2024-04-19 14:00:00+00:00,17.3,49.2296,0.0,18.55,0.293
2024-04-19 15:00:00+00:00,17.0,48.30688,0.0,18.3,0.291
2024-04-19 16:00:00+00:00,15.6,56.57292,0.0,17.55,0.29
2024-04-19 17:00:00+00:00,13.75,63.960987,0.0,16.55,0.29
2024-04-19 18:00:00+00:00,12.6,66.84918,0.0,15.65,0.289
2024-04-19 19:00:00+00:00,11.7,70.68278,0.0,15.0,0.288
2024-04-19 20:00:00+00:00,11.1,76.373665,0.0,14.4,0.288
2024-04-19 21:00:00+00:00,11.05,77.15358,0.0,14.0,0.287
2024-04-19 22:00:00+00:00,11.15,77.169464,0.0,13.7,0.287
2024-04-19 23:00:00+00:00,11.3,75.62646,0.0,13.5,0.286
2024-04-20 00:00:00+00:00,11.35,75.119,0.2,13.4,0.287
2024-04-20 01:00:00+00:00,11.0,87.47626,0.9,12.65,0.307
2024-04-20 02:00:00+00:00,10.8,88.646164,0.6,12.25,0.314
2024-04-20 03:00:00+00:00,10.75,88.64194,1.8,12.05,0.338
2024-04-20 04:00:00+00:00,10.8,88.347725,3.3,11.9,0.379
2024-04-20 05:00:00+00:00,10.9,86.002235,3.4,11.8,0.41
2024-04-20 06:00:00+00:00,11.0,84.57039,1.8,11.85,0.408
2024-04-20 07:00:00+00:00,11.3,85.177086,1.1,12.1,0.402
2024-04-20 08:00:00+00:00,11.0,87.181755,1.2,12.0,0.402
2024-04-20 09:00:00+00:00,11.1,87.1912,1.6,12.05,0.407
2024-04-20 10:00:00+00:00,11.4,88.10317,1.4,12.4,0.406
2024-04-20 11:00:00+00:00,11.4,87.80775,0.8,12.4,0.401
2024-04-20 12:00:00+00:00,11.6,80.18226,0.3,12.4,0.393
2024-04-20 13:00:00+00:00,11.2,82.33274,0.7,12.15,0.407
2024-04-20 14:00:00+00:00,11.7,76.211235,0.2,12.3,0.4
2024-04-20 15:00:00+00:00,11.5,77.48844,0.2,12.4,0.395
2024-04-20 16:00:00+00:00,11.15,80.11911,0.0,12.3,0.39
2024-04-20 17:00:00+00:00,8.95,87.58407,0.0,11.65,0.386
2024-04-20 18:00:00+00:00,7.75,91.79989,0.0,10.9,0.382
2024-04-20 19:00:00+00:00,7.4,92.0949,0.0,10.35,0.379
2024-04-20 20:00:00+00:00,7.35,89.89195,0.0,9.75,0.377
2024-04-20 21:00:00+00:00,9.25,81.23915,0.0,9.4,0.374
2024-04-20 22:00:00+00:00,6.75,89.223114,0.0,9.05,0.372
2024-04-20 23:00:00+00:00,6.8,90.16224,0.0,8.95,0.371
2024-04-21 00:00:00+00:00,7.25,92.08579,0.0,9.05,0.369
2024-04-21 01:00:00+00:00,5.45,94.91512,0.0,8.55,0.369
2024-04-21 02:00:00+00:00,6.55,93.329,0.0,8.55,0.368
2024-04-21 03:00:00+00:00,8.1,88.71973,0.4,8.9,0.369
2024-04-21 04:00:00+00:00,8.6,90.6054,1.3,9.15,0.384
2024-04-21 05:00:00+00:00,9.2,90.03249,1.4,9.5,0.399
2024-04-21 06:00:00+00:00,9.45,92.53118,0.6,9.85,0.4
2024-04-21 07:00:00+00:00,10.45,88.9166,0.1,10.5,0.395
2024-04-21 08:00:00+00:00,11.55,84.347084,0.1,11.4,0.391
2024-04-21 09:00:00+00:00,12.85,78.487366,0.0,12.35,0.388
2024-04-21 10:00:00+00:00,15.65,61.826286,0.0,13.7,0.384
2024-04-21 11:00:00+00:00,17.1,56.18454,0.1,15.0,0.38
2024-04-21 12:00:00+00:00,18.0,52.903965,0.0,16.1,0.376
2024-04-21 13:00:00+00:00,16.95,58.4751,0.1,16.25,0.378
2024-04-21 14:00:00+00:00,15.85,73.64334,0.3,16.25,0.378
2024-04-21 15:00:00+00:00,14.8,80.62313,0.3,15.9,0.378
2024-04-21 16:00:00+00:00,14.4,82.45829,0.6,15.0,0.381
2024-04-21 17:00:00+00:00,13.3,88.26876,0.0,14.15,0.379
2024-04-21 18:00:00+00:00,12.7,89.1004,0.0,13.4,0.377
2024-04-21 19:00:00+00:00,13.25,83.69812,0.3,13.05,0.377
2024-04-21 20:00:00+00:00,13.15,82.30194,0.0,12.65,0.376
2024-04-21 21:00:00+00:00,12.5,89.678444,8.0,12.5,0.43
2024-04-21 22:00:00+00:00,13.35,91.235146,2.7,12.5,0.417
2024-04-21 23:00:00+00:00,13.7,90.0658,0.1,12.65,0.41
2024-04-22 00:00:00+00:00,13.0,92.12,0.0,12.6,0.406
2024-04-22 01:00:00+00:00,10.55,91.35607,0.0,11.85,0.399
2024-04-22 02:00:00+00:00,9.45,91.90561,0.0,11.1,0.396
2024-04-22 03:00:00+00:00,10.7,88.33908,0.0,10.35,0.394
2024-04-22 04:00:00+00:00,8.85,91.24398,0.0,9.95,0.392
2024-04-22 05:00:00+00:00,10.35,78.64658,0.0,10.45,0.39
2024-04-22 06:00:00+00:00,11.9,70.47925,0.0,11.65,0.388
2024-04-22 07:00:00+00:00,13.35,64.75362,0.0,13.05,0.386
2024-04-22 08:00:00+00:00,15.0,59.1981,0.0,14.7,0.384
2024-04-22 09:00:00+00:00,16.35,55.423615,0.0,16.25,0.381
2024-04-22 10:00:00+00:00,16.9,57.677208,0.0,17.25,0.378
2024-04-22 11:00:00+00:00,18.15,53.846935,0.0,18.3,0.375
2024-04-22 12:00:00+00:00,18.75,53.10078,0.0,18.85,0.373
2024-04-22 13:00:00+00:00,19.4,52.914234,0.0,19.45,0.372
2024-04-22 14:00:00+00:00,19.25,53.05293,0.0,19.05,0.37
2024-04-22 15:00:00+00:00,17.75,59.463245,0.0,18.05,0.369
2024-04-22 16:00:00+00:00,16.25,65.39068,0.0,17.1,0.368
2024-04-22 17:00:00+00:00,14.9,69.87518,0.0,16.3,0.368
2024-04-22 18:00:00+00:00,14.55,73.413605,0.0,15.7,0.367
2024-04-22 19:00:00+00:00,14.35,75.87604,0.0,15.25,0.367
2024-04-22 20:00:00+00:00,14.3,74.110985,0.0,14.95,0.367
2024-04-22 21:00:00+00:00,13.75,74.76576,0.2,14.65,0.368
2024-04-22 22:00:00+00:00,13.6,73.73971,0.0,14.3,0.368
2024-04-22 23:00:00+00:00,13.75,71.802315,0.0,14.05,0.368
2024-04-23 00:00:00+00:00,13.35,77.77526,0.0,13.8,0.367
2024-04-23 01:00:00+00:00,12.85,84.2119,0.1,13.8,0.368
2024-04-23 02:00:00+00:00,13.2,89.43585,1.5,13.6,0.384
2024-04-23 03:00:00+00:00,13.1,90.91814,0.2,13.4,0.385
2024-04-23 04:00:00+00:00,13.3,89.14866,1.1,13.35,0.398
2024-04-23 05:00:00+00:00,13.75,87.43791,0.7,13.45,0.403
2024-04-23 06:00:00+00:00,14.15,86.04592,0.2,13.7,0.4
2024-04-23 07:00:00+00:00,14.25,86.33989,0.0,13.9,0.397
2024-04-23 08:00:00+00:00,15.0,84.45359,0.0,14.4,0.394
2024-04-23 09:00:00+00:00,17.15,79.11749,0.1,15.65,0.392
2024-04-23 10:00:00+00:00,18.2,75.2653,0.0,16.65,0.389
2024-04-23 11:00:00+00:00,18.0,75.23223,0.2,16.8,0.388
2024-04-23 12:00:00+00:00,18.0,75.72311,0.1,17.0,0.386
2024-04-23 13:00:00+00:00,18.25,71.45145,0.0,17.45,0.394
2024-04-23 14:00:00+00:00,18.35,68.49296,0.0,17.45,0.391
2024-04-23 15:00:00+00:00,17.9,70.91998,0.0,17.15,0.389
2024-04-23 16:00:00+00:00,17.05,73.369354,0.0,16.9,0.387
2024-04-23 17:00:00+00:00,15.3,75.52846,0.0,16.3,0.386
2024-04-23 18:00:00+00:00,14.25,78.173004,0.0,15.7,0.384
2024-04-23 19:00:00+00:00,13.55,80.991356,0.0,15.15,0.383
2024-04-23 20:00:00+00:00,13.65,80.46633,0.0,14.8,0.382
2024-04-23 21:00:00+00:00,13.95,79.973145,0.0,14.55,0.381
2024-04-23 22:00:00+00:00,14.5,78.4711,0.0,14.15,0.38
2024-04-23 23:00:00+00:00,11.1,92.006325,0.0,13.55,0.38
2024-04-24 00:00:00+00:00,11.0,92.929436,0.0,13.1,0.379
2024-04-24 01:00:00+00:00,11.3,92.0184,0.0,13.8,0.38
2024-04-24 02:00:00+00:00,12.35,89.36908,0.0,13.4,0.379
2024-04-24 03:00:00+00:00,13.75,84.31372,0.0,13.15,0.378
2024-04-24 04:00:00+00:00,15.3,82.84115,0.0,13.4,0.378
2024-04-24 05:00:00+00:00,16.85,83.29749,0.0,14.2,0.377
2024-04-24 06:00:00+00:00,18.6,79.06914,0.0,15.45,0.376
2024-04-24 07:00:00+00:00,20.05,75.08567,0.0,16.85,0.374
2024-04-24 08:00:00+00:00,21.5,68.89537,0.0,18.25,0.372
2024-04-24 09:00:00+00:00,22.3,64.77676,0.0,19.25,0.37
2024-04-24 10:00:00+00:00,23.2,60.165802,0.0,20.1,0.368
2024-04-24 11:00:00+00:00,23.35,60.007698,0.0,20.7,0.366
2024-04-24 12:00:00+00:00,23.3,59.996033,0.0,21.0,0.364
2024-04-24 13:00:00+00:00,22.95,63.68323,0.0,20.9,0.365
2024-04-24 14:00:00+00:00,22.4,66.904816,0.0,20.8,0.364
2024-04-24 15:00:00+00:00,21.35,69.08706,0.0,20.4,0.363
2024-04-24 16:00:00+00:00,20.15,75.102165,0.0,19.75,0.362
2024-04-24 17:00:00+00:00,17.6,83.92453,0.0,18.7,0.362
2024-04-24 18:00:00+00:00,15.9,89.64394,0.0,17.6,0.362
2024-04-24 19:00:00+00:00,15.15,91.64897,0.0,16.75,0.361
2024-04-24 20:00:00+00:00,14.65,92.81923,0.0,16.1,0.361
2024-04-24 21:00:00+00:00,14.7,93.42756,0.0,15.75,0.361
2024-04-24 22:00:00+00:00,14.7,93.7317,0.0,15.5,0.361
2024-04-24 23:00:00+00:00,14.5,94.64119,0.0,15.25,0.361
2024-04-25 00:00:00+00:00,14.4,94.63716,0.0,15.1,0.361
2024-04-25 01:00:00+00:00,14.85,92.22842,0.0,15.7,0.36
2024-04-25 02:00:00+00:00,14.6,92.81653,0.0,15.4,0.36
2024-04-25 03:00:00+00:00,14.55,92.813835,0.0,15.25,0.36
2024-04-25 04:00:00+00:00,14.7,92.21972,0.0,15.15,0.36
2024-04-25 05:00:00+00:00,15.65,88.46895,0.0,15.35,0.36
2024-04-25 06:00:00+00:00,16.8,83.02188,0.0,15.85,0.359
2024-04-25 07:00:00+00:00,18.1,77.73006,0.0,16.7,0.359
2024-04-25 08:00:00+00:00,19.5,70.302605,0.0,17.75,0.358
2024-04-25 09:00:00+00:00,20.65,67.40964,0.0,18.7,0.356
2024-04-25 10:00:00+00:00,21.65,65.05471,0.0,19.6,0.355
2024-04-25 11:00:00+00:00,22.9,59.51718,0.0,20.7,0.353
2024-04-25 12:00:00+00:00,22.0,61.656475,0.4,21.05,0.354
2024-04-25 13:00:00+00:00,21.75,59.82573,0.1,21.4,0.353
2024-04-25 14:00:00+00:00,21.6,57.494236,0.0,21.25,0.351
2024-04-25 15:00:00+00:00,21.25,55.73575,0.0,20.9,0.35
2024-04-25 16:00:00+00:00,19.65,68.08525,0.0,20.2,0.349
2024-04-25 17:00:00+00:00,18.15,75.99381,0.0,19.25,0.349
2024-04-25 18:00:00+00:00,16.6,82.460106,0.0,18.35,0.349
2024-04-25 19:00:00+00:00,15.5,86.46284,0.0,17.55,0.349
2024-04-25 20:00:00+00:00,14.4,91.60225,0.0,16.8,0.348
2024-04-25 21:00:00+00:00,13.85,93.69138,0.0,16.25,0.348
2024-04-25 22:00:00+00:00,13.2,95.21112,0.0,15.75,0.348
2024-04-25 23:00:00+00:00,12.85,91.50438,0.0,15.35,0.348
2024-04-26 00:00:00+00:00,12.05,91.757904,0.0,14.9,0.348
2024-04-26 01:00:00+00:00,12.5,89.97685,0.0,15.35,0.345
2024-04-26 02:00:00+00:00,11.9,91.139465,0.0,14.7,0.345
2024-04-26 03:00:00+00:00,11.3,90.18855,0.0,14.15,0.345
2024-04-26 04:00:00+00:00,11.5,87.522385,0.0,13.8,0.345
2024-04-26 05:00:00+00:00,12.9,82.82267,0.0,14.15,0.345
2024-04-26 06:00:00+00:00,14.7,76.69573,0.0,15.05,0.344
2024-04-26 07:00:00+00:00,16.4,69.241264,0.0,16.3,0.343
2024-04-26 08:00:00+00:00,17.65,65.04231,0.0,17.55,0.342
2024-04-26 09:00:00+00:00,18.45,61.85338,0.0,18.8,0.34
2024-04-26 10:00:00+00:00,19.05,56.675198,0.1,20.0,0.339
2024-04-26 11:00:00+00:00,19.5,54.742653,0.2,20.85,0.339
2024-04-26 12:00:00+00:00,19.85,53.745567,0.1,21.45,0.338
2024-04-26 13:00:00+00:00,20.2,53.836018,0.1,21.9,0.334
2024-04-26 14:00:00+00:00,20.3,51.231544,0.1,21.75,0.334
2024-04-26 15:00:00+00:00,20.0,52.190845,0.0,21.2,0.333
2024-04-26 16:00:00+00:00,19.35,56.75006,0.0,20.4,0.332
2024-04-26 17:00:00+00:00,18.9,54.77232,0.0,19.15,0.332
2024-04-26 18:00:00+00:00,14.95,74.22382,0.0,17.8,0.333
2024-04-26 19:00:00+00:00,14.9,74.96115,0.0,16.85,0.333
2024-04-26 20:00:00+00:00,14.3,82.17338,0.0,16.3,0.333
2024-04-26 21:00:00+00:00,13.55,87.13098,0.0,15.85,0.333
2024-04-26 22:00:00+00:00,12.85,88.22985,0.0,15.4,0.333
2024-04-26 23:00:00+00:00,12.25,85.852036,0.0,14.95,0.333
2024-04-27 00:00:00+00:00,11.65,85.79,0.0,14.5,0.333
2024-04-27 01:00:00+00:00,11.4,88.696686,0.0,14.65,0.325
2024-04-27 02:00:00+00:00,10.75,92.91596,0.0,14.15,0.326
2024-04-27 03:00:00+00:00,10.5,94.158875,0.0,13.75,0.326
2024-04-27 04:00:00+00:00,10.95,91.997246,0.0,13.55,0.326
2024-04-27 05:00:00+00:00,13.2,80.674034,0.0,14.0,0.326
2024-04-27 06:00:00+00:00,14.85,75.95789,0.0,15.05,0.325
2024-04-27 07:00:00+00:00,16.45,70.17734,0.0,16.3,0.324
2024-04-27 08:00:00+00:00,18.3,59.994347,0.0,17.6,0.323
2024-04-27 09:00:00+00:00,19.6,53.322624,0.0,18.65,0.321
2024-04-27 10:00:00+00:00,20.45,49.415863,0.0,19.6,0.319
2024-04-27 11:00:00+00:00,21.25,45.486355,0.0,20.45,0.317
2024-04-27 12:00:00+00:00,20.65,51.8407,0.0,20.95,0.315
2024-04-27 13:00:00+00:00,20.0,52.190845,0.0,20.95,0.313
2024-04-27 14:00:00+00:00,19.8,49.573353,0.0,20.85,0.311
2024-04-27 15:00:00+00:00,18.75,50.990307,0.0,20.25,0.31
2024-04-27 16:00:00+00:00,17.4,57.219074,0.0,19.35,0.31
2024-04-27 17:00:00+00:00,15.4,63.466217,0.0,18.2,0.309
2024-04-27 18:00:00+00:00,14.1,65.81057,0.0,17.2,0.31
2024-04-27 19:00:00+00:00,12.8,67.81545,0.0,16.25,0.31
2024-04-27 20:00:00+00:00,11.7,69.47688,0.0,15.4,0.31
2024-04-27 21:00:00+00:00,10.95,70.780716,0.0,14.7,0.31
2024-04-27 22:00:00+00:00,10.5,69.960434,0.0,14.05,0.31
2024-04-27 23:00:00+00:00,10.3,69.19397,0.0,13.55,0.31
2024-04-28 00:00:00+00:00,10.1,74.388336,0.0,13.2,0.31
2024-04-28 01:00:00+00:00,10.45,78.39232,0.0,13.55,0.309
2024-04-28 02:00:00+00:00,10.45,79.746925,0.0,13.25,0.31
2024-04-28 03:00:00+00:00,10.4,79.195274,0.0,13.0,0.31
2024-04-28 04:00:00+00:00,10.95,77.40215,0.0,12.9,0.31
2024-04-28 05:00:00+00:00,12.6,74.821655,0.0,13.35,0.31
2024-04-28 06:00:00+00:00,14.3,70.22942,0.0,14.1,0.309
2024-04-28 07:00:00+00:00,16.15,63.849915,0.0,15.1,0.309
2024-04-28 08:00:00+00:00,18.35,58.22977,0.0,16.55,0.308
2024-04-28 09:00:00+00:00,19.6,55.503906,0.0,17.85,0.306
2024-04-28 10:00:00+00:00,21.05,50.41231,0.0,19.1,0.304
2024-04-28 11:00:00+00:00,21.55,46.18637,0.0,19.9,0.302
2024-04-28 12:00:00+00:00,21.45,47.414654,0.0,20.2,0.301
2024-04-28 13:00:00+00:00,19.3,54.87473,0.0,19.8,0.303
2024-04-28 14:00:00+00:00,19.65,57.775776,0.0,19.65,0.302
2024-04-28 15:00:00+00:00,18.9,68.827515,0.0,19.15,0.302
2024-04-28 16:00:00+00:00,18.7,68.78774,0.0,18.65,0.301
2024-04-28 17:00:00+00:00,17.85,69.75599,0.0,18.1,0.301
2024-04-28 18:00:00+00:00,16.9,72.145035,0.0,17.45,0.301
2024-04-28 19:00:00+00:00,15.65,76.59279,0.0,16.85,0.302
2024-04-28 20:00:00+00:00,14.5,80.31577,0.0,16.3,0.302
2024-04-28 21:00:00+00:00,13.55,85.700714,0.0,15.7,0.302
2024-04-28 22:00:00+00:00,12.85,90.90117,0.0,15.2,0.302
2024-04-28 23:00:00+00:00,12.35,93.61936,0.0,14.75,0.302
2024-04-29 00:00:00+00:00,11.85,94.84632,0.0,14.35,0.302
2024-04-29 01:00:00+00:00,11.95,95.797646,0.0,14.9,0.298
2024-04-29 02:00:00+00:00,11.95,95.480934,0.0,14.45,0.298
2024-04-29 03:00:00+00:00,11.65,94.52377,0.0,14.05,0.298
2024-04-29 04:00:00+00:00,11.85,92.35839,0.0,13.8,0.298
2024-04-29 05:00:00+00:00,13.65,83.744774,0.0,14.2,0.298
2024-04-29 06:00:00+00:00,15.8,71.70379,0.0,15.15,0.298
2024-04-29 07:00:00+00:00,17.35,59.76718,0.0,16.35,0.297
2024-04-29 08:00:00+00:00,17.95,52.177235,0.0,17.45,0.296
2024-04-29 09:00:00+00:00,17.45,56.463654,0.0,18.35,0.294
2024-04-29 10:00:00+00:00,16.7,58.01943,0.0,18.6,0.293
2024-04-29 11:00:00+00:00,16.25,65.39068,0.5,18.65,0.296
2024-04-29 12:00:00+00:00,15.85,75.86948,2.8,17.95,0.328
2024-04-29 13:00:00+00:00,16.35,66.29383,0.0,19.35,0.293
2024-04-29 14:00:00+00:00,16.1,66.240585,0.0,18.75,0.293
2024-04-29 15:00:00+00:00,16.0,65.99755,0.0,18.2,0.292
2024-04-29 16:00:00+00:00,15.6,68.391525,0.0,17.6,0.292
2024-04-29 17:00:00+00:00,15.05,71.56372,0.0,17.05,0.292
2024-04-29 18:00:00+00:00,14.85,73.46686,0.0,16.6,0.292
2024-04-29 19:00:00+00:00,14.55,75.15253,0.0,16.25,0.292
2024-04-29 20:00:00+00:00,14.45,75.63946,0.0,15.95,0.292
2024-04-29 21:00:00+00:00,14.35,77.41058,0.0,15.8,0.292
2024-04-29 22:00:00+00:00,14.25,79.48492,0.0,15.6,0.292
2024-04-29 23:00:00+00:00,14.2,81.61787,0.0,15.5,0.293
2024-04-30 00:00:00+00:00,14.35,82.17968,0.0,15.4,0.293
2024-04-30 01:00:00+00:00,14.55,85.24118,0.0,15.75,0.296
2024-04-30 02:00:00+00:00,14.7,86.384346,0.0,15.6,0.297
2024-04-30 03:00:00+00:00,14.9,87.25691,0.1,15.55,0.298
2024-04-30 04:00:00+00:00,15.2,87.56999,0.1,15.45,0.299
2024-04-30 05:00:00+00:00,15.45,88.16475,1.2,15.45,0.311
2024-04-30 06:00:00+00:00,15.3,90.18262,0.4,15.4,0.316
2024-04-30 07:00:00+00:00,16.5,84.07156,3.0,15.95,0.356
2024-04-30 08:00:00+00:00,17.85,77.94464,1.7,16.8,0.374
2024-04-30 09:00:00+00:00,17.95,77.204994,0.1,16.95,0.372
2024-04-30 10:00:00+00:00,18.55,72.20935,0.0,17.25,0.369
2024-04-30 11:00:00+00:00,19.1,69.31758,0.0,17.5,0.366
2024-04-30 12:00:00+00:00,19.4,66.71616,0.0,17.85,0.363
2024-04-30 13:00:00+00:00,18.15,68.22817,0.0,17.65,0.311
2024-04-30 14:00:00+00:00,18.3,67.81148,0.0,17.7,0.31
2024-04-30 15:00:00+00:00,17.4,69.668205,0.0,17.6,0.31
2024-04-30 16:00:00+00:00,16.55,72.08086,0.0,17.2,0.309
2024-04-30 17:00:00+00:00,15.8,74.37033,0.0,16.85,0.309
2024-04-30 18:00:00+00:00,15.35,75.78769,0.0,16.45,0.309
2024-04-30 19:00:00+00:00,15.05,77.51886,0.0,16.15,0.309
2024-04-30 20:00:00+00:00,14.65,79.01614,0.0,15.85,0.309
2024-04-30 21:00:00+00:00,14.5,79.52057,0.0,15.6,0.309
2024-04-30 22:00:00+00:00,14.35,79.49918,0.0,15.4,0.309
2024-04-30 23:00:00+00:00,14.25,79.22098,0.0,15.25,0.309
2024-05-01 00:00:00+00:00,14.3,78.44131,0.0,15.15,0.309
2024-05-01 01:00:00+00:00,14.0,83.785416,0.2,15.5,0.31
2024-05-01 02:00:00+00:00,13.7,84.86889,0.1,15.05,0.31
2024-05-01 03:00:00+00:00,13.5,87.12628,0.0,14.7,0.31
2024-05-01 04:00:00+00:00,13.4,87.98599,0.0,14.55,0.31
2024-05-01 05:00:00+00:00,13.75,84.59362,0.0,14.5,0.31
2024-05-01 06:00:00+00:00,14.7,79.81303,0.0,14.85,0.31
2024-05-01 07:00:00+00:00,15.1,77.0143,0.0,15.25,0.31
2024-05-01 08:00:00+00:00,15.5,74.813675,0.0,15.5,0.31
2024-05-01 09:00:00+00:00,17.6,65.90012,0.0,16.55,0.309
2024-05-01 10:00:00+00:00,18.4,62.875988,0.1,17.35,0.308
2024-05-01 11:00:00+00:00,19.3,58.656006,0.0,18.2,0.307
2024-05-01 12:00:00+00:00,19.7,56.086506,0.0,18.7,0.306
2024-05-01 13:00:00+00:00,18.5,59.643326,0.0,18.75,0.302
2024-05-01 14:00:00+00:00,18.65,57.146046,0.0,18.9,0.301
2024-05-01 15:00:00+00:00,18.4,55.198647,0.0,18.75,0.3
2024-05-01 16:00:00+00:00,17.6,59.82712,0.0,18.3,0.299
2024-05-01 17:00:00+00:00,15.9,65.53448,0.0,17.45,0.299
2024-05-01 18:00:00+00:00,14.6,71.71961,0.0,16.6,0.299
2024-05-01 19:00:00+00:00,14.5,74.14577,0.0,16.1,0.299
2024-05-01 20:00:00+00:00,14.05,76.84853,0.0,15.75,0.299
2024-05-01 21:00:00+00:00,13.55,79.917015,0.0,15.35,0.299
2024-05-01 22:00:00+00:00,12.9,83.65715,0.0,14.95,0.299
2024-05-01 23:00:00+00:00,11.5,90.80873,0.0,14.3,0.299
2024-05-02 00:00:00+00:00,10.95,92.616,0.0,13.8,0.299
2024-05-02 01:00:00+00:00,11.45,92.95357,0.0,14.15,0.297
2024-05-02 02:00:00+00:00,11.75,92.04549,0.0,13.9,0.297
2024-05-02 03:00:00+00:00,12.8,88.51897,0.0,14.0,0.297
2024-05-02 04:00:00+00:00,13.4,87.98599,0.0,14.1,0.297
2024-05-02 05:00:00+00:00,14.35,84.65989,0.0,14.6,0.297
2024-05-02 06:00:00+00:00,15.8,73.39074,0.0,15.4,0.296
2024-05-02 07:00:00+00:00,17.25,61.98915,0.0,16.5,0.295
2024-05-02 08:00:00+00:00,18.9,57.208134,0.0,17.75,0.294
2024-05-02 09:00:00+00:00,19.2,57.09197,0.0,18.55,0.293
2024-05-02 10:00:00+00:00,19.9,54.844887,0.0,19.5,0.291
2024-05-02 11:00:00+00:00,19.95,54.857628,0.0,19.95,0.29
2024-05-02 12:00:00+00:00,20.65,52.361572,0.0,20.5,0.288
2024-05-02 13:00:00+00:00,20.95,51.57525,0.1,20.9,0.296
2024-05-02 14:00:00+00:00,20.5,54.272686,0.1,20.8,0.296
2024-05-02 15:00:00+00:00,19.9,55.95056,0.0,20.35,0.295
2024-05-02 16:00:00+00:00,19.5,70.75989,0.0,19.75,0.294
2024-05-02 17:00:00+00:00,19.05,57.628216,0.0,19.0,0.294
2024-05-02 18:00:00+00:00,17.45,63.713787,0.0,17.9,0.294
2024-05-02 19:00:00+00:00,15.4,76.0475,0.0,17.05,0.294
2024-05-02 20:00:00+00:00,13.4,82.33337,0.0,16.15,0.294
2024-05-02 21:00:00+00:00,13.2,81.48752,0.0,15.5,0.294
2024-05-02 22:00:00+00:00,11.8,90.52685,0.0,14.9,0.294
2024-05-02 23:00:00+00:00,11.45,92.33524,0.0,14.4,0.294
2024-05-03 00:00:00+00:00,12.35,89.072105,0.0,14.0,0.294
2024-05-03 01:00:00+00:00,12.55,93.62903,0.0,14.7,0.291
2024-05-03 02:00:00+00:00,12.45,94.55712,0.0,14.4,0.291
2024-05-03 03:00:00+00:00,13.75,90.06947,0.1,14.5,0.291
2024-05-03 04:00:00+00:00,14.3,91.59596,1.9,14.55,0.314
2024-05-03 05:00:00+00:00,15.0,92.23712,0.5,14.85,0.32
2024-05-03 06:00:00+00:00,16.65,84.36161,0.0,15.95,0.32
2024-05-03 07:00:00+00:00,17.9,73.51868,0.0,17.05,0.319
2024-05-03 08:00:00+00:00,18.8,69.9402,0.0,18.0,0.318
2024-05-03 09:00:00+00:00,19.05,69.307785,0.1,18.5,0.317
2024-05-03 10:00:00+00:00,17.95,74.73574,1.3,18.8,0.33
2024-05-03 11:00:00+00:00,19.6,65.4629,0.1,19.4,0.329
2024-05-03 12:00:00+00:00,17.25,77.09665,2.5,19.35,0.355
2024-05-03 13:00:00+00:00,19.6,60.10375,0.0,19.55,0.398
2024-05-03 14:00:00+00:00,17.5,67.871765,0.0,19.65,0.389
2024-05-03 15:00:00+00:00,17.35,71.049416,0.0,19.15,0.383
2024-05-03 16:00:00+00:00,15.25,73.2931,0.8,18.0,0.385
2024-05-03 17:00:00+00:00,14.3,73.3691,0.0,16.85,0.38
2024-05-03 18:00:00+00:00,13.8,73.77501,0.0,15.7,0.377
2024-05-03 19:00:00+00:00,12.5,85.02113,0.0,15.05,0.374
2024-05-03 20:00:00+00:00,12.65,83.62779,0.0,14.3,0.371
2024-05-03 21:00:00+00:00,11.7,87.54077,0.0,13.85,0.369
2024-05-03 22:00:00+00:00,11.2,92.320724,0.1,13.6,0.367
2024-05-03 23:00:00+00:00,12.0,92.06048,0.5,13.5,0.369
2024-05-04 00:00:00+00:00,11.95,92.364174,0.8,13.3,0.378
2024-05-04 01:00:00+00:00,10.35,90.42319,0.0,12.5,0.4
2024-05-04 02:00:00+00:00,10.15,90.40876,0.0,12.2,0.394
2024-05-04 03:00:00+00:00,11.45,83.76828,0.0,12.3,0.39
2024-05-04 04:00:00+00:00,11.5,88.40808,0.2,12.4,0.387
2024-05-04 05:00:00+00:00,11.8,90.829384,0.7,12.55,0.392
2024-05-04 06:00:00+00:00,12.0,89.639984,0.9,12.8,0.4
2024-05-04 07:00:00+00:00,12.7,85.04281,0.7,13.35,0.402
2024-05-04 08:00:00+00:00,13.1,79.319695,0.5,13.6,0.4
2024-05-04 09:00:00+00:00,14.1,74.325165,0.2,14.15,0.397
2024-05-04 10:00:00+00:00,16.45,70.87911,0.1,16.3,0.392
2024-05-04 11:00:00+00:00,17.5,65.22598,0.1,17.8,0.387
2024-05-04 12:00:00+00:00,17.7,61.064896,0.1,18.1,0.384
2024-05-04 13:00:00+00:00,14.9,76.472984,3.3,17.25,0.408
2024-05-04 14:00:00+00:00,16.25,74.20206,0.1,17.25,0.401
2024-05-04 15:00:00+00:00,16.45,69.251175,0.0,17.25,0.396
2024-05-04 16:00:00+00:00,15.4,71.39053,0.1,16.5,0.392
2024-05-04 17:00:00+00:00,15.25,70.64989,0.0,15.95,0.389
2024-05-04 18:00:00+00:00,14.7,73.68628,0.1,15.45,0.386
2024-05-04 19:00:00+00:00,14.15,76.09736,0.0,15.0,0.384
2024-05-04 20:00:00+00:00,13.2,81.21556,0.1,14.55,0.383
2024-05-04 21:00:00+00:00,13.4,82.05935,0.0,14.25,0.381
2024-05-04 22:00:00+00:00,13.25,83.41977,0.0,14.05,0.379
2024-05-04 23:00:00+00:00,13.35,82.602,0.0,13.95,0.378
2024-05-05 00:00:00+00:00,13.3,81.50061,0.1,13.9,0.377
2024-05-05 01:00:00+00:00,13.5,87.99479,0.1,14.25,0.362
2024-05-05 02:00:00+00:00,13.1,88.54434,0.0,13.8,0.362
2024-05-05 03:00:00+00:00,12.8,87.932915,0.0,13.45,0.361
2024-05-05 04:00:00+00:00,12.75,85.903435,0.0,13.25,0.36
2024-05-05 05:00:00+00:00,13.85,80.7622,0.0,13.6,0.359
2024-05-05 06:00:00+00:00,15.15,73.7654,0.0,14.35,0.359
2024-05-05 07:00:00+00:00,15.9,69.373024,0.1,15.1,0.358
2024-05-05 08:00:00+00:00,17.6,58.831516,0.1,16.25,0.358
2024-05-05 09:00:00+00:00,18.75,51.16331,0.0,17.45,0.355
2024-05-05 10:00:00+00:00,19.65,42.3455,0.0,18.45,0.353
2024-05-05 11:00:00+00:00,20.1,39.51191,0.0,19.4,0.349
2024-05-05 12:00:00+00:00,20.2,38.997723,0.0,19.95,0.346
2024-05-05 13:00:00+00:00,20.25,39.828835,0.0,20.2,0.343
2024-05-05 14:00:00+00:00,19.95,39.332508,0.0,20.0,0.341
2024-05-05 15:00:00+00:00,19.05,41.884007,0.0,19.45,0.339
2024-05-05 16:00:00+00:00,17.5,48.444824,0.0,18.7,0.338
2024-05-05 17:00:00+00:00,15.3,53.098488,0.0,17.55,0.337
2024-05-05 18:00:00+00:00,13.65,59.89281,0.0,16.45,0.337
2024-05-05 19:00:00+00:00,12.4,61.058514,0.0,15.5,0.337
2024-05-05 20:00:00+00:00,11.25,63.16992,0.0,14.7,0.337
2024-05-05 21:00:00+00:00,11.8,58.818047,0.0,13.8,0.337
2024-05-05 22:00:00+00:00,8.95,76.549995,0.0,13.0,0.337
2024-05-05 23:00:00+00:00,8.1,82.50508,0.0,12.4,0.337
2024-05-06 00:00:00+00:00,7.7,85.96584,0.0,11.85,0.337
2024-05-06 01:00:00+00:00,7.55,88.980095,0.0,11.35,0.335
2024-05-06 02:00:00+00:00,7.35,89.581505,0.0,11.0,0.335
2024-05-06 03:00:00+00:00,6.45,93.648026,0.0,10.65,0.335
2024-05-06 04:00:00+00:00,8.4,87.834694,0.0,10.75,0.335
2024-05-06 05:00:00+00:00,11.55,78.55822,0.0,11.75,0.335
2024-05-06 06:00:00+00:00,14.15,66.27068,0.0,13.35,0.334
2024-05-06 07:00:00+00:00,16.0,57.062405,0.0,15.05,0.333
2024-05-06 08:00:00+00:00,17.9,52.341602,0.0,16.8,0.331
2024-05-06 09:00:00+00:00,19.6,49.019592,0.0,18.4,0.329
2024-05-06 10:00:00+00:00,20.9,46.474556,0.0,19.8,0.327
2024-05-06 11:00:00+00:00,21.75,44.713825,0.0,20.85,0.324
2024-05-06 12:00:00+00:00,22.15,44.375908,0.0,21.5,0.322
2024-05-06 13:00:00+00:00,22.5,45.832336,0.0,21.85,0.32
2024-05-06 14:00:00+00:00,22.1,49.03895,0.0,21.7,0.318
2024-05-06 15:00:00+00:00,21.0,52.453182,0.0,21.1,0.317
2024-05-06 16:00:00+00:00,19.55,59.106667,0.0,20.2,0.316
2024-05-06 17:00:00+00:00,17.5,64.793976,0.0,19.05,0.316
2024-05-06 18:00:00+00:00,15.9,69.8374,0.0,17.85,0.316
2024-05-06 19:00:00+00:00,14.95,72.50906,0.0,16.95,0.316
2024-05-06 20:00:00+00:00,14.25,70.69497,0.0,16.2,0.316
2024-05-06 21:00:00+00:00,13.7,66.626854,0.0,15.6,0.316
2024-05-06 22:00:00+00:00,13.2,57.742775,0.0,15.05,0.316
2024-05-06 23:00:00+00:00,12.6,50.373802,0.0,14.55,0.316
2024-05-07 00:00:00+00:00,11.55,52.46385,0.0,14.0,0.316
2024-05-07 01:00:00+00:00,12.2,68.15759,0.0,13.6,0.313
2024-05-07 02:00:00+00:00,11.9,73.94045,0.0,13.35,0.314
2024-05-07 03:00:00+00:00,11.65,76.72422,0.0,13.15,0.314
2024-05-07 04:00:00+00:00,12.7,75.09278,0.0,13.2,0.314
2024-05-07 05:00:00+00:00,14.7,72.706535,0.0,14.05,0.314
2024-05-07 06:00:00+00:00,16.9,70.964455,0.0,15.35,0.313
2024-05-07 07:00:00+00:00,18.8,69.48523,0.0,16.9,0.312
2024-05-07 08:00:00+00:00,20.6,66.317665,0.0,18.55,0.31
2024-05-07 09:00:00+00:00,22.2,61.90164,0.0,20.15,0.309
2024-05-07 10:00:00+00:00,23.45,57.016228,0.0,21.5,0.306
2024-05-07 11:00:00+00:00,24.2,53.453896,0.0,22.5,0.304
2024-05-07 12:00:00+00:00,24.6,50.68708,0.0,23.1,0.302
2024-05-07 13:00:00+00:00,23.9,52.176598,0.0,23.05,0.3
2024-05-07 14:00:00+00:00,23.4,55.54693,0.0,22.75,0.298
2024-05-07 15:00:00+00:00,22.45,57.514282,0.0,22.3,0.297
2024-05-07 16:00:00+00:00,21.1,59.47731,0.0,21.45,0.297
2024-05-07 17:00:00+00:00,19.25,60.21983,0.0,20.35,0.297
2024-05-07 18:00:00+00:00,18.05,60.74044,0.0,19.3,0.297
2024-05-07 19:00:00+00:00,17.2,64.94427,0.0,18.5,0.297
2024-05-07 20:00:00+00:00,16.45,70.64451,0.0,17.85,0.297
2024-05-07 21:00:00+00:00,15.7,74.35316,0.0,17.25,0.297
2024-05-07 22:00:00+00:00,15.1,77.27005,0.0,16.75,0.297
2024-05-07 23:00:00+00:00,14.7,79.023415,0.0,16.3,0.297
2024-05-08 00:00:00+00:00,14.05,82.9629,0.0,15.9,0.297
2024-05-08 01:00:00+00:00,15.1,79.60582,0.0,16.0,0.294
2024-05-08 02:00:00+00:00,13.5,88.870926,0.0,15.6,0.294
2024-05-08 03:00:00+00:00,13.35,87.98157,0.0,15.1,0.294
2024-05-08 04:00:00+00:00,14.15,88.34174,0.0,15.05,0.295
2024-05-08 05:00:00+00:00,15.7,84.53114,0.0,15.8,0.295
2024-05-08 06:00:00+00:00,17.6,78.66981,0.0,17.1,0.294
2024-05-08 07:00:00+00:00,19.35,74.24827,0.0,18.6,0.293
2024-05-08 08:00:00+00:00,21.5,68.455284,0.0,20.25,0.292
2024-05-08 09:00:00+00:00,23.55,62.805393,0.0,21.85,0.29
2024-05-08 10:00:00+00:00,25.0,58.875362,0.0,23.15,0.288
2024-05-08 11:00:00+00:00,25.7,54.35428,0.0,24.0,0.287
2024-05-08 12:00:00+00:00,26.05,51.230774,0.1,24.6,0.285
2024-05-08 13:00:00+00:00,25.3,53.733894,0.1,24.4,0.283
2024-05-08 14:00:00+00:00,25.55,52.265366,0.0,24.2,0.282
2024-05-08 15:00:00+00:00,25.0,54.702557,0.0,23.8,0.282
2024-05-08 16:00:00+00:00,23.8,62.06469,0.0,23.1,0.281
2024-05-08 17:00:00+00:00,20.9,71.02206,0.0,22.05,0.281
2024-05-08 18:00:00+00:00,18.15,77.48637,0.0,20.9,0.281
2024-05-08 19:00:00+00:00,16.35,81.627,0.0,19.8,0.281
2024-05-08 20:00:00+00:00,15.3,84.76397,0.0,18.85,0.282
2024-05-08 21:00:00+00:00,14.8,85.82932,0.0,18.1,0.282
2024-05-08 22:00:00+00:00,14.4,87.49739,0.0,17.5,0.282
2024-05-08 23:00:00+00:00,13.8,90.66713,0.0,16.95,0.282
2024-05-09 00:00:00+00:00,13.2,93.96869,0.0,16.45,0.282
2024-05-09 01:00:00+00:00,13.2,93.660324,0.0,16.35,0.279
2024-05-09 02:00:00+00:00,13.05,94.27142,0.0,15.9,0.279
2024-05-09 03:00:00+00:00,13.45,92.44997,0.0,15.7,0.279
2024-05-09 04:00:00+00:00,13.95,89.788795,0.0,15.7,0.28
2024-05-09 05:00:00+00:00,14.65,84.69287,0.0,15.95,0.28
2024-05-09 06:00:00+00:00,15.15,81.74048,0.0,16.25,0.28
2024-05-09 07:00:00+00:00,16.55,75.48557,0.0,17.05,0.279
2024-05-09 08:00:00+00:00,18.2,68.68807,0.0,18.1,0.279
2024-05-09 09:00:00+00:00,19.3,64.3351,0.0,19.1,0.278
2024-05-09 10:00:00+00:00,20.35,60.478886,0.0,19.95,0.277
2024-05-09 11:00:00+00:00,21.3,57.98802,0.0,20.8,0.276
2024-05-09 12:00:00+00:00,21.7,57.143787,0.0,21.35,0.274
2024-05-09 13:00:00+00:00,21.25,60.491764,0.0,21.35,0.275
2024-05-09 14:00:00+00:00,21.05,62.446842,0.0,21.35,0.275
2024-05-09 15:00:00+00:00,20.6,63.36956,0.0,21.0,0.274
2024-05-09 16:00:00+00:00,18.9,63.197136,0.0,20.35,0.274
2024-05-09 17:00:00+00:00,17.25,64.52393,0.0,19.5,0.274
2024-05-09 18:00:00+00:00,16.1,64.92077,0.0,18.75,0.274
2024-05-09 19:00:00+00:00,15.35,65.6361,0.0,18.05,0.274
2024-05-09 20:00:00+00:00,14.25,72.380936,0.2,17.3,0.275
2024-05-09 21:00:00+00:00,13.8,76.04022,0.0,16.6,0.276
2024-05-09 22:00:00+00:00,13.4,77.262474,0.0,16.0,0.276
2024-05-09 23:00:00+00:00,12.9,79.02467,0.0,15.55,0.276
2024-05-10 00:00:00+00:00,12.5,81.12233,0.0,15.15,0.276
2024-05-10 01:00:00+00:00,13.25,79.607666,0.0,15.9,0.273
2024-05-10 02:00:00+00:00,13.35,78.29897,0.0,15.55,0.273
2024-05-10 03:00:00+00:00,13.35,79.621925,0.0,15.35,0.273
2024-05-10 04:00:00+00:00,13.8,78.891975,0.0,15.3,0.273
2024-05-10 05:00:00+00:00,14.65,72.941376,0.0,15.45,0.273
2024-05-10 06:00:00+00:00,14.8,73.703896,0.3,15.6,0.275
2024-05-10 07:00:00+00:00,14.75,84.1485,0.9,15.6,0.283
2024-05-10 08:00:00+00:00,15.8,78.404884,0.4,15.85,0.287
2024-05-10 09:00:00+00:00,17.8,67.93298,0.1,17.15,0.287
2024-05-10 10:00:00+00:00,18.7,60.49012,0.0,18.05,0.286
2024-05-10 11:00:00+00:00,19.5,56.78743,0.0,18.9,0.285
2024-05-10 12:00:00+00:00,19.9,53.93825,0.0,19.65,0.283
2024-05-10 13:00:00+00:00,18.7,58.5102,0.0,19.3,0.288
2024-05-10 14:00:00+00:00,18.5,60.24213,0.0,19.3,0.287
2024-05-10 15:00:00+00:00,17.65,61.462677,0.0,19.0,0.287
2024-05-10 16:00:00+00:00,16.6,62.465595,0.0,18.4,0.286
2024-05-10 17:00:00+00:00,15.55,61.38496,0.0,17.7,0.286
2024-05-10 18:00:00+00:00,14.2,62.762592,0.0,16.8,0.286
2024-05-10 19:00:00+00:00,13.6,62.62396,0.0,16.1,0.286
2024-05-10 20:00:00+00:00,13.0,63.571827,0.0,15.5,0.285
2024-05-10 21:00:00+00:00,12.7,66.87049,0.0,15.05,0.285
2024-05-10 22:00:00+00:00,12.45,67.97551,0.0,14.65,0.285
2024-05-10 23:00:00+00:00,12.5,65.011215,0.0,14.45,0.285
2024-05-11 00:00:00+00:00,12.35,59.367867,0.0,14.2,0.285
2024-05-11 01:00:00+00:00,12.85,61.16602,0.0,14.5,0.292
2024-05-11 02:00:00+00:00,12.65,57.604122,0.0,14.2,0.292
2024-05-11 03:00:00+00:00,12.4,56.939117,0.0,13.9,0.291
2024-05-11 04:00:00+00:00,12.7,58.22348,0.0,13.8,0.291
2024-05-11 05:00:00+00:00,13.9,58.522423,0.0,14.15,0.291
2024-05-11 06:00:00+00:00,15.25,52.901814,0.0,15.0,0.29
2024-05-11 07:00:00+00:00,16.25,49.968727,0.0,15.95,0.288
2024-05-11 08:00:00+00:00,17.05,50.186596,0.0,17.0,0.287
2024-05-11 09:00:00+00:00,17.6,48.639206,0.0,17.65,0.285
2024-05-11 10:00:00+00:00,19.1,45.974804,0.0,18.9,0.283
2024-05-11 11:00:00+00:00,18.85,44.508224,0.0,19.1,0.282
2024-05-11 12:00:00+00:00,19.2,38.44089,0.0,19.1,0.28
2024-05-11 13:00:00+00:00,21.05,33.690945,0.0,20.9,0.277
2024-05-11 14:00:00+00:00,20.7,33.238747,0.0,20.85,0.275
2024-05-11 15:00:00+00:00,20.05,33.286026,0.0,20.4,0.274
2024-05-11 16:00:00+00:00,18.5,40.86489,0.0,19.55,0.273
2024-05-11 17:00:00+00:00,16.3,48.28042,0.0,18.4,0.273
2024-05-11 18:00:00+00:00,14.75,53.69277,0.0,17.3,0.273
2024-05-11 19:00:00+00:00,13.2,56.943962,0.0,16.3,0.273
2024-05-11 20:00:00+00:00,11.2,69.61658,0.0,15.3,0.273
2024-05-11 21:00:00+00:00,11.0,73.78074,0.0,14.6,0.273
2024-05-11 22:00:00+00:00,9.45,81.82723,0.0,13.8,0.273
2024-05-11 23:00:00+00:00,9.6,79.89938,0.0,13.1,0.273
2024-05-12 00:00:00+00:00,10.2,75.70203,0.0,12.5,0.273
2024-05-12 01:00:00+00:00,8.75,83.44728,0.0,11.65,0.271
2024-05-12 02:00:00+00:00,8.95,81.76167,0.0,11.5,0.271
2024-05-12 03:00:00+00:00,11.6,67.33085,0.0,11.25,0.271
2024-05-12 04:00:00+00:00,11.05,77.15358,0.0,11.55,0.271
2024-05-12 05:00:00+00:00,12.5,74.298195,0.0,12.55,0.271
2024-05-12 06:00:00+00:00,14.85,66.64537,0.0,14.1,0.27
2024-05-12 07:00:00+00:00,17.4,58.585304,0.0,15.9,0.269
2024-05-12 08:00:00+00:00,19.7,54.976852,0.0,17.75,0.268
2024-05-12 09:00:00+00:00,21.35,48.349106,0.0,19.45,0.266
2024-05-12 10:00:00+00:00,22.35,44.880714,0.0,20.9,0.264
2024-05-12 11:00:00+00:00,23.15,43.76872,0.0,22.05,0.262
2024-05-12 12:00:00+00:00,19.3,65.39864,2.8,21.6,0.293
2024-05-12 13:00:00+00:00,20.7,48.66019,0.0,21.2,0.28
2024-05-12 14:00:00+00:00,20.9,49.2067,0.0,21.4,0.279
2024-05-12 15:00:00+00:00,21.0,49.398697,0.0,21.3,0.278
2024-05-12 16:00:00+00:00,20.05,56.36098,0.0,20.6,0.277
2024-05-12 17:00:00+00:00,17.3,74.13889,0.0,19.45,0.277
2024-05-12 18:00:00+00:00,16.25,71.787384,0.0,18.2,0.277
2024-05-12 19:00:00+00:00,15.5,74.813675,0.0,17.35,0.277
2024-05-12 20:00:00+00:00,14.55,81.3935,0.0,16.6,0.277
2024-05-12 21:00:00+00:00,13.85,84.04608,0.0,16.05,0.277
2024-05-12 22:00:00+00:00,13.2,90.32669,1.0,15.45,0.287
2024-05-12 23:00:00+00:00,12.75,93.63869,0.1,14.95,0.288
2024-05-13 00:00:00+00:00,11.05,95.13162,0.0,14.25,0.288
2024-05-13 01:00:00+00:00,12.65,95.19096,0.0,14.65,0.313
2024-05-13 02:00:00+00:00,12.75,95.19464,0.1,14.25,0.314
2024-05-13 03:00:00+00:00,12.45,96.130196,0.1,13.85,0.314
2024-05-13 04:00:00+00:00,12.9,95.51369,0.1,13.85,0.315
2024-05-13 05:00:00+00:00,13.95,90.677536,0.1,14.45,0.315
2024-05-13 06:00:00+00:00,14.45,83.83747,0.5,14.95,0.32
2024-05-13 07:00:00+00:00,13.35,83.70979,1.2,14.95,0.334
2024-05-13 08:00:00+00:00,14.2,70.447266,0.0,15.2,0.333
2024-05-13 09:00:00+00:00,15.05,68.74037,0.0,15.65,0.332
2024-05-13 10:00:00+00:00,15.85,65.74417,0.2,16.7,0.331
2024-05-13 11:00:00+00:00,16.8,60.853115,0.3,17.95,0.331
2024-05-13 12:00:00+00:00,17.0,61.517082,0.2,18.7,0.33
2024-05-13 13:00:00+00:00,17.25,55.465492,0.0,18.7,0.352
2024-05-13 14:00:00+00:00,17.35,53.8211,0.0,18.85,0.349
2024-05-13 15:00:00+00:00,17.0,53.729664,0.0,18.6,0.346
2024-05-13 16:00:00+00:00,16.0,55.333652,0.0,17.95,0.344
2024-05-13 17:00:00+00:00,14.5,59.892754,0.0,17.05,0.342
2024-05-13 18:00:00+00:00,13.1,63.594612,0.0,16.05,0.34
2024-05-13 19:00:00+00:00,12.15,67.67968,0.0,15.2,0.339
2024-05-13 20:00:00+00:00,11.3,72.82687,0.0,14.55,0.338
2024-05-13 21:00:00+00:00,10.35,78.64658,0.0,13.85,0.337
2024-05-13 22:00:00+00:00,9.4,83.52539,0.0,13.25,0.336
2024-05-13 23:00:00+00:00,8.4,89.05049,0.0,12.6,0.335
2024-05-14 00:00:00+00:00,7.7,92.11308,0.0,12.05,0.334
2024-05-14 01:00:00+00:00,7.35,93.049164,0.0,11.05,0.334
2024-05-14 02:00:00+00:00,7.0,94.3238,0.0,10.7,0.333
2024-05-14 03:00:00+00:00,5.95,96.933136,0.0,10.35,0.333
2024-05-14 04:00:00+00:00,7.95,92.444916,0.0,10.5,0.332
2024-05-14 05:00:00+00:00,11.05,83.438095,0.0,11.55,0.331
2024-05-14 06:00:00+00:00,13.35,72.45989,0.0,13.15,0.329
2024-05-14 07:00:00+00:00,15.0,59.1981,0.0,14.8,0.328
2024-05-14 08:00:00+00:00,16.2,48.92739,0.0,16.4,0.325
2024-05-14 09:00:00+00:00,17.1,44.9422,0.0,17.75,0.322
2024-05-14 10:00:00+00:00,17.75,43.89136,0.0,18.85,0.32
2024-05-14 11:00:00+00:00,18.3,43.592613,0.0,19.7,0.317
2024-05-14 12:00:00+00:00,18.85,42.410053,0.0,20.45,0.314
2024-05-14 13:00:00+00:00,19.45,39.87508,0.0,21.0,0.311
2024-05-14 14:00:00+00:00,19.75,39.823116,0.0,21.0,0.309
2024-05-14 15:00:00+00:00,19.7,39.533894,0.0,20.5,0.307
2024-05-14 16:00:00+00:00,17.55,43.83451,0.0,19.45,0.306
2024-05-14 17:00:00+00:00,15.2,36.87591,0.0,18.15,0.305
2024-05-14 18:00:00+00:00,14.1,37.088375,0.0,16.9,0.305
2024-05-14 19:00:00+00:00,13.0,45.85856,0.0,15.95,0.304
2024-05-14 20:00:00+00:00,11.6,61.72411,0.0,15.05,0.304
2024-05-14 21:00:00+00:00,12.0,54.28945,0.0,14.35,0.304
2024-05-14 22:00:00+00:00,11.55,54.94409,0.0,14.0,0.304
2024-05-14 23:00:00+00:00,10.15,60.94527,0.0,13.45,0.303
2024-05-15 00:00:00+00:00,9.5,61.658295,0.0,12.9,0.303
2024-05-15 01:00:00+00:00,9.35,67.55991,0.0,12.65,0.305
2024-05-15 02:00:00+00:00,9.2,67.76637,0.0,12.35,0.304
2024-05-15 03:00:00+00:00,10.3,62.50722,0.0,12.35,0.304
2024-05-15 04:00:00+00:00,11.35,63.193047,0.0,12.55,0.304
2024-05-15 05:00:00+00:00,12.2,66.3048,0.0,12.95,0.303
2024-05-15 06:00:00+00:00,13.5,63.249695,0.0,13.65,0.303
2024-05-15 07:00:00+00:00,14.55,58.481754,0.0,14.45,0.302
2024-05-15 08:00:00+00:00,15.8,52.8652,0.0,15.4,0.301
2024-05-15 09:00:00+00:00,16.35,51.395363,0.0,15.95,0.3
2024-05-15 10:00:00+00:00,17.05,50.186596,0.0,16.5,0.299
2024-05-15 11:00:00+00:00,17.7,47.509636,0.0,17.05,0.298
2024-05-15 12:00:00+00:00,18.85,43.298317,0.0,18.15,0.296
2024-05-15 13:00:00+00:00,18.2,41.78601,0.0,17.5,0.296
2024-05-15 14:00:00+00:00,18.6,41.179104,0.0,17.95,0.295
2024-05-15 15:00:00+00:00,18.6,40.893616,0.0,18.1,0.294
2024-05-15 16:00:00+00:00,17.55,50.322193,0.0,17.75,0.293
2024-05-15 17:00:00+00:00,15.4,59.905426,0.0,16.9,0.293
2024-05-15 18:00:00+00:00,13.75,68.01249,0.0,16.0,0.292
2024-05-15 19:00:00+00:00,13.25,71.465706,0.0,15.35,0.292
2024-05-15 20:00:00+00:00,13.0,70.452896,0.0,14.95,0.292
2024-05-15 21:00:00+00:00,12.35,72.76991,0.0,14.55,0.292
2024-05-15 22:00:00+00:00,12.1,77.58204,0.0,14.25,0.292
2024-05-15 23:00:00+00:00,11.45,83.20419,0.0,13.85,0.292
2024-05-16 00:00:00+00:00,10.2,90.41237,0.0,13.25,0.292
2024-05-16 01:00:00+00:00,10.75,91.67666,0.0,14.0,0.292
2024-05-16 02:00:00+00:00,10.7,91.36587,0.0,13.55,0.292
2024-05-16 03:00:00+00:00,11.1,89.26974,0.0,13.3,0.292
2024-05-16 04:00:00+00:00,11.6,87.82572,0.0,13.25,0.292
2024-05-16 05:00:00+00:00,12.85,82.81653,0.0,13.75,0.292
2024-05-16 06:00:00+00:00,14.15,74.83397,0.0,14.6,0.291
2024-05-16 07:00:00+00:00,15.45,66.32457,0.0,15.6,0.29
2024-05-16 08:00:00+00:00,16.85,58.846985,0.0,16.95,0.289
2024-05-16 09:00:00+00:00,18.0,53.444702,0.0,18.2,0.287
2024-05-16 10:00:00+00:00,18.7,51.323486,0.0,19.3,0.285
2024-05-16 11:00:00+00:00,19.2,50.084652,0.0,20.1,0.283
2024-05-16 12:00:00+00:00,19.55,48.840435,0.0,20.45,0.281
2024-05-16 13:00:00+00:00,19.25,50.608765,0.0,20.15,0.281
2024-05-16 14:00:00+00:00,19.4,51.16401,0.0,20.05,0.28
2024-05-16 15:00:00+00:00,18.55,54.31556,0.0,19.45,0.279
2024-05-16 16:00:00+00:00,17.25,57.569283,0.0,18.8,0.278
2024-05-16 17:00:00+00:00,16.15,59.88256,0.0,17.95,0.278
2024-05-16 18:00:00+00:00,14.75,65.06311,0.3,17.05,0.28
2024-05-16 19:00:00+00:00,13.1,73.90085,1.1,15.7,0.292
2024-05-16 20:00:00+00:00,12.15,78.64795,1.2,14.45,0.307
2024-05-16 21:00:00+00:00,11.75,79.93205,1.4,13.6,0.325
2024-05-16 22:00:00+00:00,11.5,81.53859,0.0,13.05,0.324
2024-05-16 23:00:00+00:00,11.1,84.01113,0.0,12.65,0.324
2024-05-17 00:00:00+00:00,10.85,85.9971,0.0,12.35,0.323
2024-05-17 01:00:00+00:00,10.65,90.7498,0.0,13.05,0.284
2024-05-17 02:00:00+00:00,11.25,88.98246,0.0,12.65,0.284
2024-05-17 03:00:00+00:00,11.3,88.39089,0.0,12.4,0.284
2024-05-17 04:00:00+00:00,12.1,85.26311,0.0,12.5,0.284
2024-05-17 05:00:00+00:00,13.5,82.62057,0.0,13.25,0.284
2024-05-17 06:00:00+00:00,15.15,77.02215,0.5,14.35,0.289
2024-05-17 07:00:00+00:00,16.55,70.89812,0.0,15.6,0.289
2024-05-17 08:00:00+00:00,18.45,63.095894,0.0,17.2,0.287
2024-05-17 09:00:00+00:00,19.95,58.23317,0.0,18.75,0.285
2024-05-17 10:00:00+00:00,21.4,53.257763,0.0,20.0,0.283
2024-05-17 11:00:00+00:00,22.2,52.07527,0.0,20.95,0.281
2024-05-17 12:00:00+00:00,22.6,50.490166,0.0,21.75,0.279
2024-05-17 13:00:00+00:00,23.1,50.6226,0.0,22.4,0.276
2024-05-17 14:00:00+00:00,23.8,47.73833,0.0,22.6,0.274
2024-05-17 15:00:00+00:00,23.3,49.523697,0.0,22.3,0.273
2024-05-17 16:00:00+00:00,19.2,61.414585,0.0,21.3,0.272
2024-05-17 17:00:00+00:00,17.7,65.05317,0.0,20.05,0.272
2024-05-17 18:00:00+00:00,15.75,68.88128,0.0,18.8,0.272
2024-05-17 19:00:00+00:00,14.4,72.652,0.0,17.75,0.272
2024-05-17 20:00:00+00:00,13.75,77.05864,0.0,16.9,0.271
2024-05-17 21:00:00+00:00,13.2,79.60053,0.0,16.2,0.271
2024-05-17 22:00:00+00:00,12.5,83.61014,0.0,15.55,0.271
2024-05-17 23:00:00+00:00,11.35,90.49486,0.0,14.9,0.271
2024-05-18 00:00:00+00:00,11.15,92.009346,0.0,14.35,0.271
2024-05-18 01:00:00+00:00,11.3,93.880905,0.0,14.35,0.271
2024-05-18 02:00:00+00:00,11.05,95.44955,0.0,14.0,0.271
2024-05-18 03:00:00+00:00,10.9,96.083694,0.0,13.65,0.271
2024-05-18 04:00:00+00:00,12.0,92.36706,0.0,13.75,0.271
2024-05-18 05:00:00+00:00,13.75,85.438225,0.0,14.5,0.27
2024-05-18 06:00:00+00:00,15.55,79.40756,0.0,15.8,0.27
2024-05-18 07:00:00+00:00,17.5,71.54637,0.0,17.35,0.269
2024-05-18 08:00:00+00:00,19.4,63.10142,0.0,19.0,0.268
2024-05-18 09:00:00+00:00,21.0,58.67982,0.0,20.6,0.266
2024-05-18 10:00:00+00:00,22.25,56.721428,0.0,22.05,0.264
2024-05-18 11:00:00+00:00,23.25,54.792923,0.0,23.2,0.261
2024-05-18 12:00:00+00:00,23.8,53.873688,0.0,24.05,0.259
2024-05-18 13:00:00+00:00,24.9,50.43767,0.0,24.65,0.257
2024-05-18 14:00:00+00:00,25.1,49.35679,0.0,24.7,0.255
2024-05-18 15:00:00+00:00,25.25,48.443287,0.0,24.35,0.254
2024-05-18 16:00:00+00:00,24.6,57.48008,0.0,23.65,0.253
2024-05-18 17:00:00+00:00,21.5,73.20201,0.0,22.5,0.253
2024-05-18 18:00:00+00:00,19.95,73.63696,0.0,21.1,0.253
2024-05-18 19:00:00+00:00,18.75,75.59995,0.0,20.15,0.253
2024-05-18 20:00:00+00:00,17.6,71.09648,0.0,19.35,0.253
2024-05-18 21:00:00+00:00,16.5,76.47604,0.0,18.6,0.253
2024-05-18 22:00:00+00:00,15.75,80.22292,0.0,18.0,0.253
2024-05-18 23:00:00+00:00,15.4,76.0475,0.0,17.5,0.253
2024-05-19 00:00:00+00:00,15.0,72.27615,0.0,17.05,0.253
2024-05-19 01:00:00+00:00,15.55,71.18092,0.0,17.5,0.248
2024-05-19 02:00:00+00:00,15.0,71.315155,0.0,17.0,0.248
2024-05-19 03:00:00+00:00,15.15,69.69009,0.0,16.7,0.248
2024-05-19 04:00:00+00:00,15.6,70.48135,0.0,16.65,0.248
2024-05-19 05:00:00+00:00,16.6,71.61499,0.0,17.05,0.248
2024-05-19 06:00:00+00:00,17.6,71.80019,0.0,17.65,0.248
2024-05-19 07:00:00+00:00,18.25,73.34058,0.0,18.05,0.247
2024-05-19 08:00:00+00:00,20.1,69.28829,0.0,19.1,0.247
2024-05-19 09:00:00+00:00,20.6,66.964874,0.0,19.7,0.246
2024-05-19 10:00:00+00:00,20.7,64.430725,0.0,20.0,0.246
2024-05-19 11:00:00+00:00,20.05,66.634285,0.1,19.85,0.246
2024-05-19 12:00:00+00:00,21.05,60.6426,0.0,20.3,0.245
2024-05-19 13:00:00+00:00,20.65,65.899826,0.0,20.8,0.25
2024-05-19 14:00:00+00:00,20.0,66.1918,0.0,20.9,0.249
2024-05-19 15:00:00+00:00,19.3,66.2606,0.0,20.8,0.248
2024-05-19 16:00:00+00:00,17.8,68.834366,0.0,20.15,0.248
2024-05-19 17:00:00+00:00,16.85,71.89831,0.0,19.4,0.248
2024-05-19 18:00:00+00:00,15.75,74.36173,0.0,18.5,0.248
2024-05-19 19:00:00+00:00,15.0,73.73906,0.0,17.75,0.248
2024-05-19 20:00:00+00:00,14.2,75.59805,0.0,17.05,0.248
2024-05-19 21:00:00+00:00,13.6,79.391754,0.0,16.45,0.248
2024-05-19 22:00:00+00:00,13.15,82.57721,0.0,15.95,0.248
2024-05-19 23:00:00+00:00,12.7,85.04281,0.0,15.5,0.248
2024-05-20 00:00:00+00:00,11.65,91.733025,0.0,15.05,0.248
2024-05-20 01:00:00+00:00,12.5,89.08425,0.0,15.95,0.247
2024-05-20 02:00:00+00:00,11.8,92.972244,0.0,15.35,0.247
2024-05-20 03:00:00+00:00,11.75,93.90188,0.0,14.9,0.247
2024-05-20 04:00:00+00:00,13.05,87.66382,0.0,14.9,0.247
2024-05-20 05:00:00+00:00,14.8,80.62313,0.0,15.7,0.247
2024-05-20 06:00:00+00:00,16.45,75.22112,0.0,16.9,0.247
2024-05-20 07:00:00+00:00,17.75,71.592766,0.0,18.05,0.246
2024-05-20 08:00:00+00:00,19.15,66.229004,0.0,19.4,0.245
2024-05-20 09:00:00+00:00,19.95,62.606422,0.0,20.25,0.244
2024-05-20 10:00:00+00:00,20.65,61.146362,0.0,21.2,0.243
2024-05-20 11:00:00+00:00,22.15,57.06786,0.0,22.65,0.241
2024-05-20 12:00:00+00:00,22.95,54.89572,0.0,23.55,0.239
2024-05-20 13:00:00+00:00,23.45,52.74365,0.0,23.9,0.237
2024-05-20 14:00:00+00:00,23.4,52.730747,0.0,23.95,0.236
2024-05-20 15:00:00+00:00,22.7,51.864014,0.0,23.4,0.235
2024-05-20 16:00:00+00:00,21.4,54.32337,0.0,22.55,0.234
2024-05-20 17:00:00+00:00,19.15,60.196182,0.0,21.4,0.234
2024-05-20 18:00:00+00:00,17.3,62.62591,0.0,20.2,0.234
2024-05-20 19:00:00+00:00,15.9,64.87689,0.0,19.1,0.234
2024-05-20 20:00:00+00:00,14.9,69.17404,0.0,18.15,0.234
2024-05-20 21:00:00+00:00,14.05,74.067406,0.0,17.35,0.234
2024-05-20 22:00:00+00:00,13.4,77.78295,0.0,16.65,0.234
2024-05-20 23:00:00+00:00,12.65,81.96349,0.0,16.05,0.234
2024-05-21 00:00:00+00:00,11.75,87.25237,0.0,15.4,0.234
2024-05-21 01:00:00+00:00,11.95,89.039635,0.0,15.8,0.231
2024-05-21 02:00:00+00:00,11.45,91.10947,0.0,15.15,0.231
2024-05-21 03:00:00+00:00,11.8,87.8437,0.0,14.75,0.231
2024-05-21 04:00:00+00:00,13.55,79.650406,0.0,14.85,0.231
2024-05-21 05:00:00+00:00,15.45,74.06369,0.0,15.7,0.231
2024-05-21 06:00:00+00:00,17.25,66.26415,0.0,17.1,0.23
2024-05-21 07:00:00+00:00,19.0,60.360435,0.0,18.6,0.229
2024-05-21 08:00:00+00:00,20.5,57.792953,0.0,20.15,0.228
2024-05-21 09:00:00+00:00,21.9,56.63498,0.0,21.6,0.227
2024-05-21 10:00:00+00:00,23.2,53.720623,0.0,22.95,0.225
2024-05-21 11:00:00+00:00,24.4,46.659447,0.0,24.05,0.223
2024-05-21 12:00:00+00:00,25.05,42.858604,0.0,24.8,0.221
2024-05-21 13:00:00+00:00,25.0,37.624813,0.0,25.05,0.218
2024-05-21 14:00:00+00:00,24.5,40.086258,0.0,24.85,0.216
2024-05-21 15:00:00+00:00,23.45,44.44036,0.0,24.3,0.215
2024-05-21 16:00:00+00:00,21.55,52.24987,0.0,23.3,0.215
2024-05-21 17:00:00+00:00,19.35,58.863033,0.0,22.05,0.215
2024-05-21 18:00:00+00:00,17.4,65.63905,0.0,20.75,0.214
2024-05-21 19:00:00+00:00,16.25,70.37206,0.0,19.65,0.214
2024-05-21 20:00:00+00:00,15.45,73.81797,0.0,18.75,0.214
2024-05-21 21:00:00+00:00,14.8,77.73799,0.0,18.0,0.214
2024-05-21 22:00:00+00:00,14.2,81.88891,0.0,17.35,0.215
2024-05-21 23:00:00+00:00,13.5,86.551476,0.0,16.75,0.215
2024-05-22 00:00:00+00:00,13.0,90.611374,0.0,16.25,0.215
2024-05-22 01:00:00+00:00,13.2,94.27795,0.0,16.6,0.211
2024-05-22 02:00:00+00:00,13.0,95.51711,0.0,16.15,0.211
2024-05-22 03:00:00+00:00,12.75,96.45574,0.0,15.75,0.212
2024-05-22 04:00:00+00:00,14.1,91.583405,0.0,15.8,0.212
2024-05-22 05:00:00+00:00,16.2,82.67993,0.0,16.5,0.212
2024-05-22 06:00:00+00:00,17.9,77.69982,0.0,17.75,0.211
2024-05-22 07:00:00+00:00,19.7,72.41703,0.0,19.35,0.21
2024-05-22 08:00:00+00:00,21.6,66.74015,0.0,21.1,0.209
2024-05-22 09:00:00+00:00,23.3,61.556282,0.0,22.8,0.208
2024-05-22 10:00:00+00:00,24.7,57.320625,0.0,24.35,0.207
2024-05-22 11:00:00+00:00,25.8,53.86048,0.0,25.65,0.205
2024-05-22 12:00:00+00:00,26.6,52.03442,0.0,26.55,0.203
2024-05-22 13:00:00+00:00,27.1,49.725636,0.0,27.05,0.2
2024-05-22 14:00:00+00:00,27.25,49.606255,0.0,27.15,0.199
2024-05-22 15:00:00+00:00,26.95,51.628498,0.0,26.7,0.198
2024-05-22 16:00:00+00:00,25.7,56.474876,0.0,25.85,0.198
2024-05-22 17:00:00+00:00,21.95,62.447403,0.0,24.55,0.198
2024-05-22 18:00:00+00:00,20.1,60.61912,0.0,23.15,0.197
2024-05-22 19:00:00+00:00,18.5,64.15912,0.0,21.95,0.197
2024-05-22 20:00:00+00:00,16.9,69.1109,0.0,20.85,0.197
2024-05-22 21:00:00+00:00,15.95,74.396065,0.0,19.9,0.197
2024-05-22 22:00:00+00:00,15.15,78.56753,0.0,19.0,0.197
2024-05-22 23:00:00+00:00,14.8,78.2557,0.0,18.35,0.197
2024-05-23 00:00:00+00:00,14.15,81.07148,0.0,17.75,0.197
2024-05-23 01:00:00+00:00,14.1,81.33445,0.0,17.9,0.195
2024-05-23 02:00:00+00:00,14.05,80.52108,0.0,17.3,0.195
2024-05-23 03:00:00+00:00,14.15,80.53474,0.0,16.85,0.195
2024-05-23 04:00:00+00:00,15.0,78.805756,0.0,16.95,0.195
2024-05-23 05:00:00+00:00,16.4,74.47306,0.0,17.35,0.195
2024-05-23 06:00:00+00:00,18.25,72.39059,0.0,18.5,0.195
2024-05-23 07:00:00+00:00,20.05,65.3458,0.0,20.0,0.194
2024-05-23 08:00:00+00:00,19.7,69.21001,6.1,20.7,0.272
2024-05-23 09:00:00+00:00,17.95,74.73574,3.5,19.75,0.317
2024-05-23 10:00:00+00:00,19.7,68.09531,0.0,20.0,0.316
2024-05-23 11:00:00+00:00,20.8,66.57441,0.2,20.9,0.315
2024-05-23 12:00:00+00:00,22.4,62.54855,0.0,21.9,0.312
2024-05-23 13:00:00+00:00,22.0,60.666508,0.1,22.35,0.271
2024-05-23 14:00:00+00:00,22.6,58.68162,0.0,22.7,0.269
2024-05-23 15:00:00+00:00,23.0,57.83495,0.0,22.85,0.268
2024-05-23 16:00:00+00:00,21.1,65.569626,0.1,22.25,0.268
2024-05-23 17:00:00+00:00,19.9,68.80186,0.0,21.4,0.268
2024-05-23 18:00:00+00:00,16.75,86.86417,1.8,20.05,0.288
2024-05-23 19:00:00+00:00,16.4,91.726036,5.3,18.9,0.359
2024-05-23 20:00:00+00:00,16.2,94.70948,0.3,18.1,0.359
2024-05-23 21:00:00+00:00,16.0,94.397675,0.0,17.55,0.356
2024-05-23 22:00:00+00:00,15.65,94.07917,0.0,17.05,0.352
2024-05-23 23:00:00+00:00,15.65,92.87274,0.0,16.75,0.349
2024-05-24 00:00:00+00:00,15.4,92.85942,0.0,16.4,0.346
2024-05-24 01:00:00+00:00,16.05,92.59538,0.0,16.75,0.281
2024-05-24 02:00:00+00:00,15.55,92.56772,0.0,16.45,0.281
2024-05-24 03:00:00+00:00,15.15,92.5455,0.0,16.15,0.281
2024-05-24 04:00:00+00:00,15.9,89.93451,0.0,16.15,0.28
2024-05-24 05:00:00+00:00,17.5,84.18398,0.0,16.9,0.28
2024-05-24 06:00:00+00:00,19.3,75.203415,0.0,18.05,0.279
2024-05-24 07:00:00+00:00,21.25,63.92654,0.0,19.4,0.278
2024-05-24 08:00:00+00:00,23.15,53.18474,0.0,20.9,0.276
2024-05-24 09:00:00+00:00,24.55,49.05013,0.0,22.4,0.273
2024-05-24 10:00:00+00:00,25.5,42.560833,0.0,23.5,0.271
2024-05-24 11:00:00+00:00,26.15,37.9493,0.0,24.4,0.268
2024-05-24 12:00:00+00:00,26.35,37.5036,0.0,24.95,0.265
2024-05-24 13:00:00+00:00,26.2,38.856163,0.0,25.05,0.263
2024-05-24 14:00:00+00:00,25.95,40.76197,0.0,25.0,0.261
2024-05-24 15:00:00+00:00,25.75,41.934048,0.0,24.75,0.259
2024-05-24 16:00:00+00:00,24.8,45.70651,0.0,24.05,0.258
2024-05-24 17:00:00+00:00,21.9,64.27553,0.0,22.95,0.257
2024-05-24 18:00:00+00:00,20.6,58.199257,0.0,21.65,0.257
2024-05-24 19:00:00+00:00,19.7,64.00225,0.0,20.8,0.257
2024-05-24 20:00:00+00:00,18.15,74.04309,0.0,20.0,0.256
2024-05-24 21:00:00+00:00,16.25,84.86702,0.0,19.15,0.256
2024-05-24 22:00:00+00:00,15.5,90.19705,0.0,18.4,0.256
2024-05-24 23:00:00+00:00,15.5,89.90487,0.0,17.9,0.256
2024-05-25 00:00:00+00:00,14.95,85.00426,0.0,17.4,0.256
2024-05-25 01:00:00+00:00,13.95,85.742065,0.0,17.3,0.252
2024-05-25 02:00:00+00:00,13.75,82.92647,0.0,16.75,0.252
2024-05-25 03:00:00+00:00,13.55,83.73312,0.0,16.3,0.252
2024-05-25 04:00:00+00:00,15.5,79.66235,0.0,16.4,0.252
2024-05-25 05:00:00+00:00,18.1,71.65753,0.0,17.3,0.251
2024-05-25 06:00:00+00:00,20.6,62.75305,0.0,18.7,0.251
2024-05-25 07:00:00+00:00,22.5,58.278454,0.0,20.25,0.249
2024-05-25 08:00:00+00:00,23.95,53.737396,0.0,21.8,0.247
2024-05-25 09:00:00+00:00,24.9,50.43767,0.0,23.2,0.245
2024-05-25 10:00:00+00:00,25.6,48.3797,0.1,24.35,0.244
2024-05-25 11:00:00+00:00,25.8,45.53184,0.0,25.0,0.242
2024-05-25 12:00:00+00:00,25.9,43.378197,0.0,25.45,0.24
2024-05-25 13:00:00+00:00,25.5,41.31444,0.0,25.5,0.238
2024-05-25 14:00:00+00:00,25.05,42.15563,0.0,25.35,0.236
2024-05-25 15:00:00+00:00,24.45,45.161827,0.0,24.9,0.235
2024-05-25 16:00:00+00:00,22.9,51.916283,0.0,24.15,0.234
2024-05-25 17:00:00+00:00,20.95,59.247326,0.0,23.05,0.233
2024-05-25 18:00:00+00:00,18.9,66.83048,0.0,21.85,0.233
2024-05-25 19:00:00+00:00,17.65,72.045296,0.0,20.8,0.233
2024-05-25 20:00:00+00:00,16.45,77.47871,0.0,19.85,0.233
2024-05-25 21:00:00+00:00,15.2,83.101494,0.0,18.9,0.232
2024-05-25 22:00:00+00:00,14.65,85.25179,0.0,18.15,0.232
2024-05-25 23:00:00+00:00,14.35,86.34978,0.0,17.6,0.232
2024-05-26 00:00:00+00:00,13.95,88.03434,0.0,17.15,0.232
2024-05-26 01:00:00+00:00,14.35,89.81893,0.0,17.5,0.23
2024-05-26 02:00:00+00:00,14.05,91.880615,0.0,17.05,0.23
2024-05-26 03:00:00+00:00,14.0,90.97884,0.0,16.7,0.23
2024-05-26 04:00:00+00:00,15.25,83.65464,0.0,16.75,0.23
2024-05-26 05:00:00+00:00,17.2,75.099365,0.0,17.4,0.23
2024-05-26 06:00:00+00:00,19.15,68.65291,0.0,18.6,0.229
2024-05-26 07:00:00+00:00,20.55,60.52576,0.1,19.75,0.229
2024-05-26 08:00:00+00:00,22.25,49.8994,0.0,20.95,0.228
2024-05-26 09:00:00+00:00,23.35,45.458748,0.0,22.35,0.226
2024-05-26 10:00:00+00:00,23.75,42.923405,0.0,23.35,0.224
2024-05-26 11:00:00+00:00,24.1,41.611298,0.0,24.1,0.223
2024-05-26 12:00:00+00:00,24.35,40.719215,0.0,24.6,0.221
2024-05-26 13:00:00+00:00,23.9,40.86552,0.0,24.6,0.219
2024-05-26 14:00:00+00:00,23.2,41.49746,0.0,24.5,0.217
2024-05-26 15:00:00+00:00,22.3,40.96503,0.0,24.05,0.216
2024-05-26 16:00:00+00:00,20.9,42.699806,0.0,23.2,0.215
2024-05-26 17:00:00+00:00,19.3,45.250553,0.0,22.1,0.215
2024-05-26 18:00:00+00:00,17.8,46.08579,0.0,20.85,0.214
2024-05-26 19:00:00+00:00,16.45,53.58554,0.0,19.75,0.214
2024-05-26 20:00:00+00:00,14.9,64.21921,0.0,18.75,0.214
2024-05-26 21:00:00+00:00,13.15,73.66004,0.0,17.7,0.214
2024-05-26 22:00:00+00:00,12.45,76.59267,0.0,16.8,0.214
2024-05-26 23:00:00+00:00,12.15,74.99922,0.0,16.1,0.214
2024-05-27 00:00:00+00:00,11.9,70.47925,0.0,15.55,0.214
2024-05-27 01:00:00+00:00,11.8,74.68411,0.0,15.25,0.212
2024-05-27 02:00:00+00:00,11.45,78.27637,0.0,14.85,0.212
2024-05-27 03:00:00+00:00,11.35,85.18249,0.0,14.55,0.212
2024-05-27 04:00:00+00:00,12.8,85.337776,0.0,14.75,0.211
2024-05-27 05:00:00+00:00,15.15,76.006836,0.0,15.7,0.211
2024-05-27 06:00:00+00:00,17.75,61.89769,0.0,17.15,0.211
2024-05-27 07:00:00+00:00,19.85,48.75711,0.0,18.8,0.21
2024-05-27 08:00:00+00:00,21.6,41.184982,0.0,20.55,0.208
2024-05-27 09:00:00+00:00,22.75,37.239174,0.0,22.15,0.207
2024-05-27 10:00:00+00:00,23.6,36.476322,0.0,23.5,0.205
2024-05-27 11:00:00+00:00,24.3,34.266186,0.0,24.5,0.203
2024-05-27 12:00:00+00:00,24.3,33.228474,0.0,25.0,0.201
2024-05-27 13:00:00+00:00,24.5,31.616926,0.0,25.3,0.2
2024-05-27 14:00:00+00:00,23.8,32.522457,0.0,24.95,0.199
2024-05-27 15:00:00+00:00,22.8,35.267216,0.0,24.25,0.198
2024-05-27 16:00:00+00:00,22.05,37.68001,0.0,23.5,0.197
2024-05-27 17:00:00+00:00,20.5,43.025097,0.0,22.45,0.197
2024-05-27 18:00:00+00:00,18.65,48.264214,0.0,21.25,0.197
2024-05-27 19:00:00+00:00,16.9,58.66072,0.0,20.2,0.197
2024-05-27 20:00:00+00:00,15.45,67.449234,0.0,19.2,0.197
2024-05-27 21:00:00+00:00,13.75,78.09744,0.0,18.2,0.197
2024-05-27 22:00:00+00:00,13.0,82.83492,0.0,17.25,0.197
2024-05-27 23:00:00+00:00,12.95,81.45473,0.0,16.5,0.197
2024-05-28 00:00:00+00:00,11.8,87.54994,0.0,15.85,0.197
2024-05-28 01:00:00+00:00,11.7,88.42525,0.0,15.25,0.196
2024-05-28 02:00:00+00:00,11.3,90.794914,0.0,14.85,0.196
2024-05-28 03:00:00+00:00,11.6,87.82572,0.0,14.45,0.196
2024-05-28 04:00:00+00:00,13.1,82.84717,0.0,14.7,0.196
2024-05-28 05:00:00+00:00,15.2,73.77418,0.0,15.75,0.196
2024-05-28 06:00:00+00:00,17.45,63.079735,0.0,17.3,0.195
2024-05-28 07:00:00+00:00,19.15,55.7614,0.0,19.0,0.195
2024-05-28 08:00:00+00:00,20.7,49.317734,0.0,20.7,0.194
2024-05-28 09:00:00+00:00,21.9,45.513615,0.0,22.25,0.192
2024-05-28 10:00:00+00:00,22.5,42.00309,0.0,23.55,0.191
2024-05-28 11:00:00+00:00,22.95,41.010338,0.0,24.55,0.19
2024-05-28 12:00:00+00:00,23.4,38.323727,0.0,25.3,0.189
2024-05-28 13:00:00+00:00,23.3,40.42313,0.0,25.5,0.189
2024-05-28 14:00:00+00:00,23.4,41.55378,0.0,25.6,0.187
2024-05-28 15:00:00+00:00,22.8,42.229404,0.0,25.1,0.187
2024-05-28 16:00:00+00:00,22.2,43.79706,0.0,24.2,0.186
2024-05-28 17:00:00+00:00,20.8,51.880207,0.0,23.0,0.186
2024-05-28 18:00:00+00:00,18.1,67.77064,0.0,21.6,0.186
2024-05-28 19:00:00+00:00,19.1,58.80257,0.0,20.3,0.186
2024-05-28 20:00:00+00:00,15.55,77.59574,0.0,19.2,0.186
2024-05-28 21:00:00+00:00,15.6,77.6034,0.0,18.35,0.186
2024-05-28 22:00:00+00:00,14.1,86.32503,0.0,17.65,0.186
2024-05-28 23:00:00+00:00,13.45,89.45538,0.0,16.95,0.186
2024-05-29 00:00:00+00:00,13.0,90.911354,0.0,16.35,0.186
2024-05-29 01:00:00+00:00,13.8,91.26455,0.0,16.2,0.184
2024-05-29 02:00:00+00:00,13.35,91.83797,0.0,15.85,0.184
2024-05-29 03:00:00+00:00,12.95,92.72689,0.0,15.55,0.184
2024-05-29 04:00:00+00:00,15.25,85.8752,0.0,15.8,0.184
2024-05-29 05:00:00+00:00,17.2,80.16019,0.0,16.95,0.183
2024-05-29 06:00:00+00:00,19.0,73.4719,0.0,18.5,0.183
2024-05-29 07:00:00+00:00,20.8,65.71837,0.0,20.3,0.182
2024-05-29 08:00:00+00:00,22.1,59.714157,0.1,22.1,0.182
2024-05-29 09:00:00+00:00,23.25,54.792923,0.1,23.75,0.182
2024-05-29 10:00:00+00:00,23.55,52.597794,0.0,24.5,0.181
2024-05-29 11:00:00+00:00,20.75,66.99578,1.3,24.55,0.195
2024-05-29 12:00:00+00:00,22.0,60.27445,3.0,24.9,0.232
2024-05-29 13:00:00+00:00,23.65,52.281845,0.0,24.8,0.203
2024-05-29 14:00:00+00:00,21.55,60.56179,0.7,24.6,0.208
2024-05-29 15:00:00+00:00,22.15,56.512012,0.0,24.0,0.208
2024-05-29 16:00:00+00:00,22.2,54.885586,0.0,23.45,0.207
2024-05-29 17:00:00+00:00,20.6,64.6186,0.0,22.5,0.207
2024-05-29 18:00:00+00:00,18.9,70.187874,0.0,21.25,0.207
2024-05-29 19:00:00+00:00,18.3,74.06887,0.0,20.35,0.207
2024-05-29 20:00:00+00:00,17.35,79.14615,0.0,19.55,0.207
2024-05-29 21:00:00+00:00,16.35,84.87779,0.0,18.85,0.207
2024-05-29 22:00:00+00:00,15.75,88.47734,0.0,18.2,0.207
2024-05-29 23:00:00+00:00,15.5,89.32295,0.0,17.7,0.207
2024-05-30 00:00:00+00:00,15.3,89.01717,0.0,17.3,0.207
2024-05-30 01:00:00+00:00,14.8,91.32932,0.0,16.25,0.232
2024-05-30 02:00:00+00:00,14.55,92.211,0.0,16.1,0.232
2024-05-30 03:00:00+00:00,13.95,94.00284,0.0,15.9,0.232
2024-05-30 04:00:00+00:00,15.8,88.48153,0.0,16.2,0.232
2024-05-30 05:00:00+00:00,17.75,81.80573,0.0,17.2,0.231
2024-05-30 06:00:00+00:00,19.85,74.33309,0.0,18.7,0.231
2024-05-30 07:00:00+00:00,21.85,66.1519,0.0,20.4,0.229
2024-05-30 08:00:00+00:00,23.2,60.944027,0.2,22.1,0.229
2024-05-30 09:00:00+00:00,23.95,59.192596,0.2,23.35,0.229
2024-05-30 10:00:00+00:00,24.45,58.55753,0.2,24.4,0.229
2024-05-30 11:00:00+00:00,25.2,52.85178,0.1,25.15,0.228
2024-05-30 12:00:00+00:00,25.85,47.359337,0.0,25.7,0.226
2024-05-30 13:00:00+00:00,25.25,48.601036,0.0,25.6,0.224
2024-05-30 14:00:00+00:00,26.0,42.420048,0.0,25.7,0.223
2024-05-30 15:00:00+00:00,25.1,45.4893,0.0,25.3,0.222
2024-05-30 16:00:00+00:00,24.2,49.277905,0.0,24.65,0.221
2024-05-30 17:00:00+00:00,22.6,55.527454,0.0,23.65,0.22
2024-05-30 18:00:00+00:00,20.7,62.164577,0.0,22.5,0.22
2024-05-30 19:00:00+00:00,19.35,69.36652,0.0,21.4,0.22
2024-05-30 20:00:00+00:00,18.45,75.79617,0.0,20.55,0.22
2024-05-30 21:00:00+00:00,17.7,82.063805,0.0,19.8,0.22
2024-05-30 22:00:00+00:00,17.05,85.50325,0.0,19.2,0.219
2024-05-30 23:00:00+00:00,16.45,86.275444,0.0,18.65,0.219
2024-05-31 00:00:00+00:00,15.85,85.37829,0.0,18.15,0.219
2024-05-31 01:00:00+00:00,16.1,89.94926,0.0,17.6,0.22
2024-05-31 02:00:00+00:00,15.9,89.64394,0.0,17.4,0.22
2024-05-31 03:00:00+00:00,15.85,89.06127,0.0,17.2,0.22
2024-05-31 04:00:00+00:00,17.25,80.4277,0.0,17.45,0.22
2024-05-31 05:00:00+00:00,19.45,72.60635,0.0,18.35,0.219
2024-05-31 06:00:00+00:00,21.65,67.180466,0.0,19.7,0.219
2024-05-31 07:00:00+00:00,23.7,58.19092,0.0,21.3,0.217
2024-05-31 08:00:00+00:00,25.3,51.365974,0.0,22.95,0.216
2024-05-31 09:00:00+00:00,26.5,44.548954,0.0,24.45,0.214
2024-05-31 10:00:00+00:00,26.9,42.808884,0.0,25.65,0.212
2024-05-31 11:00:00+00:00,27.15,41.63764,0.0,26.55,0.21
2024-05-31 12:00:00+00:00,27.15,40.296707,0.0,27.1,0.208
2024-05-31 13:00:00+00:00,27.25,40.72277,0.0,27.35,0.209
2024-05-31 14:00:00+00:00,26.6,42.586426,0.0,27.2,0.207
2024-05-31 15:00:00+00:00,25.6,45.925034,0.0,26.7,0.206
2024-05-31 16:00:00+00:00,24.3,49.95263,0.0,25.8,0.205
2024-05-31 17:00:00+00:00,22.7,55.37175,0.0,24.65,0.205
2024-05-31 18:00:00+00:00,20.75,61.973503,0.0,23.3,0.204
2024-05-31 19:00:00+00:00,19.75,67.22525,0.0,22.15,0.204
2024-05-31 20:00:00+00:00,18.9,72.97977,0.0,21.3,0.204
2024-05-31 21:00:00+00:00,18.45,78.53959,0.0,20.6,0.204
2024-05-31 22:00:00+00:00,17.95,85.59592,0.0,20.05,0.204
2024-05-31 23:00:00+00:00,17.6,91.506996,0.0,19.6,0.204
2024-06-01 00:00:00+00:00,17.45,93.26404,0.0,19.25,0.204
2024-06-01 01:00:00+00:00,17.5,93.26652,0.0,18.55,0.2
2024-06-01 02:00:00+00:00,17.45,92.96755,0.0,18.45,0.2
2024-06-01 03:00:00+00:00,17.5,92.086044,0.0,18.35,0.2
2024-06-01 04:00:00+00:00,18.9,84.60863,0.0,18.65,0.2
2024-06-01 05:00:00+00:00,20.85,76.18066,0.0,19.55,0.2
2024-06-01 06:00:00+00:00,22.9,66.58209,0.0,20.85,0.2
2024-06-01 07:00:00+00:00,24.95,57.564667,0.0,22.4,0.199
2024-06-01 08:00:00+00:00,26.65,51.8814,0.0,24.05,0.197
2024-06-01 09:00:00+00:00,28.0,45.686943,0.0,25.6,0.196
2024-06-01 10:00:00+00:00,29.0,41.341236,0.0,26.95,0.194
2024-06-01 11:00:00+00:00,29.6,39.03981,0.0,28.0,0.192
2024-06-01 12:00:00+00:00,29.8,37.72706,0.0,28.75,0.19
2024-06-01 13:00:00+00:00,29.7,38.941376,0.0,29.1,0.189
2024-06-01 14:00:00+00:00,29.2,39.951515,0.0,29.05,0.188
2024-06-01 15:00:00+00:00,28.3,41.9559,0.0,28.55,0.187
2024-06-01 16:00:00+00:00,27.05,45.57638,0.0,27.7,0.186
2024-06-01 17:00:00+00:00,25.2,51.839592,0.0,26.5,0.186
2024-06-01 18:00:00+00:00,23.3,56.61202,0.0,25.25,0.185
2024-06-01 19:00:00+00:00,22.15,61.09541,0.0,24.1,0.185
2024-06-01 20:00:00+00:00,21.3,65.400665,0.0,23.2,0.185
2024-06-01 21:00:00+00:00,20.65,68.50664,0.0,22.45,0.185
2024-06-01 22:00:00+00:00,20.3,68.880875,0.0,21.85,0.185
2024-06-01 23:00:00+00:00,20.0,69.49327,0.0,21.35,0.185
2024-06-02 00:00:00+00:00,19.8,70.58772,0.0,20.95,0.185
2024-06-02 01:00:00+00:00,19.65,75.50315,0.0,20.5,0.181
2024-06-02 02:00:00+00:00,19.3,76.6695,0.0,20.25,0.181
2024-06-02 03:00:00+00:00,19.0,77.11755,0.0,20.0,0.181
2024-06-02 04:00:00+00:00,20.05,73.418045,0.0,20.15,0.181
2024-06-02 05:00:00+00:00,21.95,67.45728,0.0,21.0,0.181
2024-06-02 06:00:00+00:00,23.95,61.703876,0.0,22.3,0.18
2024-06-02 07:00:00+00:00,26.0,57.81712,0.0,24.0,0.179
2024-06-02 08:00:00+00:00,28.0,53.394352,0.0,25.9,0.178
2024-06-02 09:00:00+00:00,29.65,49.761944,0.0,27.85,0.177
2024-06-02 10:00:00+00:00,30.9,46.905262,0.0,29.6,0.175
2024-06-02 11:00:00+00:00,31.9,43.212086,0.0,30.95,0.174
2024-06-02 12:00:00+00:00,32.25,40.662315,0.0,31.7,0.172
2024-06-02 13:00:00+00:00,27.1,58.997585,0.0,30.6,0.173
2024-06-02 14:00:00+00:00,28.4,56.77353,0.0,30.1,0.173
2024-06-02 15:00:00+00:00,28.75,56.504993,0.0,29.75,0.172
2024-06-02 16:00:00+00:00,28.4,57.30697,0.0,29.1,0.171
2024-06-02 17:00:00+00:00,26.4,71.57959,0.0,28.05,0.171
2024-06-02 18:00:00+00:00,26.2,66.216774,0.0,26.5,0.171
2024-06-02 19:00:00+00:00,23.05,80.93986,0.0,25.2,0.171
2024-06-02 20:00:00+00:00,21.7,87.32042,0.0,24.15,0.171
2024-06-02 21:00:00+00:00,20.85,89.4507,0.0,23.3,0.171
2024-06-02 22:00:00+00:00,20.55,86.94348,0.0,22.6,0.171
2024-06-02 23:00:00+00:00,20.1,83.67409,0.0,22.0,0.171
2024-06-03 00:00:00+00:00,19.3,84.11574,0.0,21.45,0.171
2024-06-03 01:00:00+00:00,19.55,84.67892,0.0,20.75,0.174
2024-06-03 02:00:00+00:00,18.75,88.7254,0.0,20.45,0.174
2024-06-03 03:00:00+00:00,18.85,87.06059,0.0,20.15,0.174
2024-06-03 04:00:00+00:00,20.85,79.638824,0.0,20.5,0.174
2024-06-03 05:00:00+00:00,24.15,70.28581,0.0,21.75,0.173
2024-06-03 06:00:00+00:00,27.3,59.044437,0.0,23.55,0.173
2024-06-03 07:00:00+00:00,29.65,51.993576,0.0,25.7,0.172
2024-06-03 08:00:00+00:00,31.65,45.65468,0.0,27.8,0.171
2024-06-03 09:00:00+00:00,33.3,39.681786,0.0,29.7,0.169
2024-06-03 10:00:00+00:00,34.45,34.382328,0.0,31.3,0.168
2024-06-03 11:00:00+00:00,35.05,30.506489,0.0,32.45,0.166
2024-06-03 12:00:00+00:00,35.15,27.534826,0.4,33.05,0.168
2024-06-03 13:00:00+00:00,33.95,28.959305,0.2,32.0,0.167
2024-06-03 14:00:00+00:00,34.5,28.085272,0.0,32.0,0.166
2024-06-03 15:00:00+00:00,34.35,29.256369,0.0,31.8,0.165
2024-06-03 16:00:00+00:00,33.05,40.880756,0.0,31.2,0.165
2024-06-03 17:00:00+00:00,29.7,57.085453,0.0,30.0,0.165
2024-06-03 18:00:00+00:00,27.2,50.71429,0.0,28.4,0.164
2024-06-03 19:00:00+00:00,26.95,43.809998,0.0,27.3,0.164
2024-06-03 20:00:00+00:00,25.8,48.905846,0.0,26.4,0.164
2024-06-03 21:00:00+00:00,24.65,51.52952,0.0,25.55,0.164
2024-06-03 22:00:00+00:00,23.75,53.338768,0.0,24.8,0.164
2024-06-03 23:00:00+00:00,22.45,54.769424,0.0,24.05,0.164
2024-06-04 00:00:00+00:00,21.2,58.153927,0.0,23.15,0.164
2024-06-04 01:00:00+00:00,19.8,69.00551,0.0,21.8,0.172
2024-06-04 02:00:00+00:00,19.2,68.21654,0.0,21.35,0.172
2024-06-04 03:00:00+00:00,18.75,68.34909,0.0,20.95,0.172
2024-06-04 04:00:00+00:00,20.55,62.333668,0.0,21.1,0.172
2024-06-04 05:00:00+00:00,23.7,55.44209,0.0,22.1,0.171
2024-06-04 06:00:00+00:00,26.65,49.289574,0.0,23.75,0.171
2024-06-04 07:00:00+00:00,29.0,45.229652,0.0,25.75,0.17
2024-06-04 08:00:00+00:00,30.7,41.27878,0.0,27.7,0.169
2024-06-04 09:00:00+00:00,32.15,39.24174,0.0,29.5,0.167
2024-06-04 10:00:00+00:00,33.65,37.34663,0.0,31.15,0.166
2024-06-04 11:00:00+00:00,34.55,33.974842,0.0,32.35,0.164
2024-06-04 12:00:00+00:00,34.75,28.705954,0.0,33.05,0.163
2024-06-04 13:00:00+00:00,34.2,27.822655,0.0,33.0,0.168
2024-06-04 14:00:00+00:00,33.15,32.525753,0.0,32.8,0.167
2024-06-04 15:00:00+00:00,31.85,35.800182,0.0,32.2,0.166
2024-06-04 16:00:00+00:00,30.35,41.31461,0.0,31.2,0.165
2024-06-04 17:00:00+00:00,28.2,47.683163,0.0,29.9,0.165
2024-06-04 18:00:00+00:00,26.3,52.45815,0.0,28.45,0.165
2024-06-04 19:00:00+00:00,24.9,60.367905,0.0,27.25,0.164
2024-06-04 20:00:00+00:00,23.85,65.72941,0.0,26.3,0.164
2024-06-04 21:00:00+00:00,23.0,69.62726,0.0,25.45,0.164
2024-06-04 22:00:00+00:00,22.55,70.87665,0.0,24.75,0.164
2024-06-04 23:00:00+00:00,22.3,72.19015,0.0,24.2,0.164
2024-06-05 00:00:00+00:00,22.1,72.61318,0.0,23.65,0.164
2024-06-05 01:00:00+00:00,21.4,80.724464,0.0,22.6,0.167
2024-06-05 02:00:00+00:00,20.2,85.553986,0.0,22.2,0.167
2024-06-05 03:00:00+00:00,20.65,83.21086,0.0,21.9,0.167
2024-06-05 04:00:00+00:00,22.25,78.344894,0.0,22.2,0.167
2024-06-05 05:00:00+00:00,24.85,69.110596,0.0,23.2,0.167
2024-06-05 06:00:00+00:00,26.8,59.67162,0.0,24.65,0.166
2024-06-05 07:00:00+00:00,28.35,53.482502,0.0,26.35,0.165
2024-06-05 08:00:00+00:00,30.0,43.937622,0.0,28.1,0.164
2024-06-05 09:00:00+00:00,31.55,36.886635,0.0,29.8,0.163
2024-06-05 10:00:00+00:00,32.85,33.834156,0.0,31.25,0.162
2024-06-05 11:00:00+00:00,33.55,32.846054,0.0,32.4,0.16
2024-06-05 12:00:00+00:00,33.95,32.85002,0.0,33.25,0.159
2024-06-05 13:00:00+00:00,33.65,32.03765,0.0,33.1,0.159
2024-06-05 14:00:00+00:00,33.75,30.84623,0.0,33.25,0.158
2024-06-05 15:00:00+00:00,33.5,31.688112,0.0,32.85,0.157
2024-06-05 16:00:00+00:00,32.9,38.828533,0.0,32.15,0.157
2024-06-05 17:00:00+00:00,30.35,40.789066,0.0,30.9,0.156
2024-06-05 18:00:00+00:00,26.15,56.584717,0.0,29.3,0.156
2024-06-05 19:00:00+00:00,25.45,55.69831,0.0,27.85,0.156
2024-06-05 20:00:00+00:00,24.5,58.94481,0.0,26.75,0.156
2024-06-05 21:00:00+00:00,23.05,65.56137,0.0,25.8,0.156
2024-06-05 22:00:00+00:00,22.2,70.363,0.0,24.95,0.156
2024-06-05 23:00:00+00:00,21.9,69.41548,0.0,24.2,0.156
2024-06-06 00:00:00+00:00,21.15,75.027435,0.0,23.65,0.156
2024-06-06 01:00:00+00:00,22.8,70.69911,0.0,23.75,0.163
2024-06-06 02:00:00+00:00,22.45,65.01691,0.0,23.6,0.163
2024-06-06 03:00:00+00:00,21.6,58.060856,0.0,23.25,0.163
2024-06-06 04:00:00+00:00,21.9,60.840225,0.0,23.15,0.162
2024-06-06 05:00:00+00:00,23.4,58.683346,0.0,23.75,0.162
2024-06-06 06:00:00+00:00,25.0,54.52718,0.0,24.9,0.162
2024-06-06 07:00:00+00:00,26.4,50.343697,0.0,26.35,0.161
2024-06-06 08:00:00+00:00,27.6,46.46713,0.0,27.65,0.16
2024-06-06 09:00:00+00:00,28.8,43.891617,0.0,29.3,0.159
2024-06-06 10:00:00+00:00,29.5,41.880886,0.0,30.15,0.158
2024-06-06 11:00:00+00:00,30.35,39.883503,0.0,31.05,0.157
2024-06-06 12:00:00+00:00,31.4,37.442406,0.0,32.2,0.156
2024-06-06 13:00:00+00:00,31.3,40.401936,0.0,32.75,0.155
2024-06-06 14:00:00+00:00,31.05,40.981445,0.0,32.65,0.154
2024-06-06 15:00:00+00:00,29.55,42.02933,0.0,31.75,0.154
2024-06-06 16:00:00+00:00,29.15,42.73593,0.0,30.95,0.153
2024-06-06 17:00:00+00:00,27.65,48.458042,0.0,29.75,0.153
2024-06-06 18:00:00+00:00,25.85,51.840965,0.0,28.45,0.153
2024-06-06 19:00:00+00:00,24.8,53.090775,0.0,27.35,0.153
2024-06-06 20:00:00+00:00,23.7,56.527596,0.0,26.4,0.153
2024-06-06 21:00:00+00:00,22.65,61.804554,0.0,25.55,0.153
2024-06-06 22:00:00+00:00,21.7,66.33334,0.0,24.75,0.152
2024-06-06 23:00:00+00:00,20.95,71.03134,0.0,24.05,0.152
2024-06-07 00:00:00+00:00,20.25,75.11861,0.0,23.4,0.152
2024-06-07 01:00:00+00:00,20.8,78.879265,0.0,23.4,0.156
2024-06-07 02:00:00+00:00,20.25,81.34225,0.0,23.0,0.156
2024-06-07 03:00:00+00:00,20.25,78.80045,0.0,22.65,0.156
2024-06-07 04:00:00+00:00,21.05,72.89044,0.0,22.6,0.156
2024-06-07 05:00:00+00:00,22.8,64.26456,0.0,23.15,0.156
2024-06-07 06:00:00+00:00,25.5,54.30398,0.0,24.35,0.155
2024-06-07 07:00:00+00:00,27.75,45.326485,0.0,26.0,0.155
2024-06-07 08:00:00+00:00,29.3,40.761684,0.0,27.75,0.154
2024-06-07 09:00:00+00:00,30.4,37.893623,0.0,29.45,0.153
2024-06-07 10:00:00+00:00,31.4,35.103325,0.0,31.0,0.152
2024-06-07 11:00:00+00:00,31.95,33.586227,0.0,32.2,0.151
2024-06-07 12:00:00+00:00,32.05,33.396584,0.0,32.85,0.15
2024-06-07 13:00:00+00:00,31.6,33.489628,0.0,32.9,0.154
2024-06-07 14:00:00+00:00,30.85,34.724285,0.0,32.35,0.154
2024-06-07 15:00:00+00:00,30.25,35.70407,0.0,31.55,0.154
2024-06-07 16:00:00+00:00,28.35,41.563896,0.0,30.6,0.153
2024-06-07 17:00:00+00:00,27.05,43.553406,0.0,29.4,0.153
2024-06-07 18:00:00+00:00,25.0,50.463974,0.0,28.1,0.153
2024-06-07 19:00:00+00:00,23.3,57.72087,0.0,26.85,0.153
2024-06-07 20:00:00+00:00,21.9,63.862698,0.0,25.75,0.153
2024-06-07 21:00:00+00:00,20.4,71.84695,0.0,24.65,0.152
2024-06-07 22:00:00+00:00,19.1,79.14045,0.0,23.6,0.152
2024-06-07 23:00:00+00:00,18.65,80.099915,0.0,22.75,0.152
2024-06-08 00:00:00+00:00,18.0,82.10129,0.0,22.0,0.152
2024-06-08 01:00:00+00:00,17.6,87.78416,0.0,21.85,0.147
2024-06-08 02:00:00+00:00,17.15,88.59409,0.0,21.2,0.147
2024-06-08 03:00:00+00:00,17.2,87.18657,0.0,20.65,0.147
2024-06-08 04:00:00+00:00,18.95,78.865425,0.0,20.85,0.147
2024-06-08 05:00:00+00:00,21.05,69.9205,0.0,21.8,0.147
2024-06-08 06:00:00+00:00,23.5,60.042747,0.0,23.4,0.147
2024-06-08 07:00:00+00:00,25.85,50.037716,0.0,25.35,0.147
2024-06-08 08:00:00+00:00,27.75,42.350773,0.0,27.35,0.146
2024-06-08 09:00:00+00:00,29.4,35.70071,0.0,29.2,0.145
2024-06-08 10:00:00+00:00,30.55,31.3936,0.0,30.85,0.144
2024-06-08 11:00:00+00:00,31.5,29.34767,0.0,32.1,0.144
2024-06-08 12:00:00+00:00,32.05,27.428331,0.0,33.0,0.143
2024-06-08 13:00:00+00:00,31.7,29.112276,0.0,33.0,0.145
2024-06-08 14:00:00+00:00,31.25,29.376673,0.0,32.85,0.145
2024-06-08 15:00:00+00:00,30.5,29.859138,0.0,32.25,0.144
2024-06-08 16:00:00+00:00,29.25,31.66096,0.0,31.25,0.144
2024-06-08 17:00:00+00:00,27.2,37.992626,0.0,29.9,0.144
2024-06-08 18:00:00+00:00,25.05,45.475624,0.0,28.4,0.144
2024-06-08 19:00:00+00:00,23.55,51.915962,0.0,27.05,0.144
2024-06-08 20:00:00+00:00,22.3,57.8529,0.0,25.85,0.144
2024-06-08 21:00:00+00:00,21.2,63.092125,0.0,24.8,0.143
2024-06-08 22:00:00+00:00,20.25,67.54643,0.0,23.85,0.143
2024-06-08 23:00:00+00:00,18.7,76.32838,0.0,22.95,0.143
2024-06-09 00:00:00+00:00,17.6,82.84953,0.0,22.05,0.143
2024-06-09 01:00:00+00:00,17.35,88.32697,0.0,21.3,0.144
2024-06-09 02:00:00+00:00,16.7,91.1574,0.0,20.7,0.144
2024-06-09 03:00:00+00:00,16.6,91.444145,0.0,20.25,0.144
2024-06-09 04:00:00+00:00,19.2,79.40865,0.0,20.5,0.144
2024-06-09 05:00:00+00:00,21.75,67.8501,0.0,21.6,0.144
2024-06-09 06:00:00+00:00,24.3,52.62044,0.0,23.25,0.144
2024-06-09 07:00:00+00:00,26.25,45.21109,0.0,25.15,0.143
2024-06-09 08:00:00+00:00,27.95,41.453236,0.0,27.15,0.143
2024-06-09 09:00:00+00:00,29.45,36.901215,0.0,29.15,0.142
2024-06-09 10:00:00+00:00,30.85,31.269588,0.0,30.9,0.141
2024-06-09 11:00:00+00:00,31.85,27.74084,0.0,32.2,0.141
2024-06-09 12:00:00+00:00,32.5,25.692791,0.0,33.2,0.14
2024-06-09 13:00:00+00:00,32.5,27.915882,0.0,33.35,0.146
2024-06-09 14:00:00+00:00,32.65,26.779623,0.0,33.4,0.146
2024-06-09 15:00:00+00:00,32.3,27.043266,0.0,32.95,0.145
2024-06-09 16:00:00+00:00,31.35,30.491302,0.0,32.05,0.145
2024-06-09 17:00:00+00:00,28.95,35.458363,0.0,30.65,0.144
2024-06-09 18:00:00+00:00,27.4,37.798553,0.0,29.25,0.144
2024-06-09 19:00:00+00:00,25.3,46.598675,0.0,27.95,0.144
2024-06-09 20:00:00+00:00,23.75,56.176064,0.0,26.7,0.144
2024-06-09 21:00:00+00:00,22.85,61.65151,0.0,25.7,0.144
2024-06-09 22:00:00+00:00,22.2,63.92836,0.0,24.85,0.144
2024-06-09 23:00:00+00:00,21.6,63.79685,0.0,24.15,0.144
2024-06-10 00:00:00+00:00,20.95,63.241505,0.0,23.5,0.144
2024-06-10 01:00:00+00:00,20.1,68.397026,0.0,22.8,0.144
2024-06-10 02:00:00+00:00,18.9,73.93187,0.0,22.2,0.144
2024-06-10 03:00:00+00:00,18.35,79.28863,0.0,21.65,0.144
2024-06-10 04:00:00+00:00,20.55,68.708145,0.0,21.8,0.144
2024-06-10 05:00:00+00:00,22.75,62.426174,0.0,22.8,0.144
2024-06-10 06:00:00+00:00,25.15,54.915966,0.0,24.5,0.143
2024-06-10 07:00:00+00:00,27.6,47.67555,0.0,26.5,0.143
2024-06-10 08:00:00+00:00,29.9,40.145218,0.0,28.7,0.142
2024-06-10 09:00:00+00:00,31.85,34.217754,0.0,30.8,0.142
2024-06-10 10:00:00+00:00,33.35,31.442944,0.0,32.7,0.141
2024-06-10 11:00:00+00:00,34.35,29.542337,0.0,34.2,0.14
2024-06-10 12:00:00+00:00,35.1,28.06314,0.0,35.2,0.139
2024-06-10 13:00:00+00:00,35.4,27.601315,0.0,35.5,0.142
2024-06-10 14:00:00+00:00,35.25,27.561428,0.0,35.5,0.141
2024-06-10 15:00:00+00:00,34.8,27.89215,0.0,34.95,0.141
2024-06-10 16:00:00+00:00,33.9,29.902578,0.0,34.0,0.14
2024-06-10 17:00:00+00:00,31.45,39.551037,0.0,32.6,0.14
2024-06-10 18:00:00+00:00,28.8,43.891617,0.0,30.95,0.14
2024-06-10 19:00:00+00:00,27.0,46.75562,0.0,29.5,0.14
2024-06-10 20:00:00+00:00,25.85,44.807957,0.0,28.3,0.14
2024-06-10 21:00:00+00:00,25.05,42.43559,0.0,27.25,0.14
2024-06-10 22:00:00+00:00,24.3,40.433857,0.0,26.4,0.14
2024-06-10 23:00:00+00:00,23.35,40.847603,0.0,25.55,0.14
2024-06-11 00:00:00+00:00,22.75,40.678036,0.0,24.8,0.14
2024-06-11 01:00:00+00:00,23.6,39.69823,0.0,24.1,0.14
2024-06-11 02:00:00+00:00,23.5,42.99692,0.0,23.85,0.14
2024-06-11 03:00:00+00:00,23.2,49.172077,0.0,23.7,0.14
2024-06-11 04:00:00+00:00,24.0,52.543003,0.0,23.9,0.139
2024-06-11 05:00:00+00:00,25.85,49.236458,0.0,24.7,0.139
2024-06-11 06:00:00+00:00,28.1,46.45272,0.0,26.1,0.139
2024-06-11 07:00:00+00:00,30.55,42.30334,0.0,27.9,0.139
2024-06-11 08:00:00+00:00,32.6,36.704765,0.0,29.75,0.138
2024-06-11 09:00:00+00:00,34.0,34.149914,0.0,31.55,0.138
2024-06-11 10:00:00+00:00,34.85,32.158875,0.0,33.05,0.137
2024-06-11 11:00:00+00:00,35.3,30.476196,0.0,34.2,0.137
2024-06-11 12:00:00+00:00,35.5,29.661217,0.0,35.0,0.136
2024-06-11 13:00:00+00:00,35.45,31.407993,0.0,35.35,0.136
2024-06-11 14:00:00+00:00,34.75,33.17419,0.0,35.25,0.135
2024-06-11 15:00:00+00:00,33.5,36.024937,0.0,34.7,0.135
2024-06-11 16:00:00+00:00,31.85,40.42436,0.0,33.7,0.135
2024-06-11 17:00:00+00:00,29.9,46.93469,0.0,32.4,0.135
2024-06-11 18:00:00+00:00,28.0,54.241577,0.0,30.95,0.135
2024-06-11 19:00:00+00:00,26.7,59.461452,0.0,29.65,0.135
2024-06-11 20:00:00+00:00,25.85,62.131126,0.0,28.6,0.135
2024-06-11 21:00:00+00:00,25.15,64.972824,0.0,27.75,0.135
2024-06-11 22:00:00+00:00,24.55,68.83679,0.0,27.0,0.135
2024-06-11 23:00:00+00:00,23.95,72.031525,0.0,26.35,0.135
2024-06-12 00:00:00+00:00,23.4,74.45709,0.0,25.8,0.135
2024-06-12 01:00:00+00:00,23.25,75.842575,0.0,25.1,0.138
2024-06-12 02:00:00+00:00,22.7,78.16543,0.0,24.75,0.138
2024-06-12 03:00:00+00:00,21.95,82.32709,0.0,24.35,0.138
2024-06-12 04:00:00+00:00,23.45,77.06623,0.0,24.5,0.138
2024-06-12 05:00:00+00:00,25.6,68.39899,0.0,25.45,0.138
2024-06-12 06:00:00+00:00,28.15,59.242695,0.0,27.05,0.137
2024-06-12 07:00:00+00:00,30.9,49.158604,0.0,28.95,0.137
2024-06-12 08:00:00+00:00,33.1,39.87775,0.0,30.9,0.137
2024-06-12 09:00:00+00:00,34.7,36.46872,0.0,32.8,0.136
2024-06-12 10:00:00+00:00,35.95,34.46519,0.0,34.5,0.136
2024-06-12 11:00:00+00:00,36.9,32.204185,0.0,35.9,0.135
2024-06-12 12:00:00+00:00,37.45,29.149467,0.0,36.75,0.135
2024-06-12 13:00:00+00:00,37.55,26.93801,0.0,36.8,0.134
2024-06-12 14:00:00+00:00,36.95,24.140518,0.0,36.6,0.134
2024-06-12 15:00:00+00:00,36.25,23.88245,0.0,36.2,0.133
2024-06-12 16:00:00+00:00,35.1,25.697657,0.0,35.3,0.133
2024-06-12 17:00:00+00:00,32.1,37.157314,0.0,33.9,0.133
2024-06-12 18:00:00+00:00,28.75,43.87796,0.0,32.0,0.133
2024-06-12 19:00:00+00:00,27.7,49.883076,0.0,30.65,0.133
2024-06-12 20:00:00+00:00,26.05,59.685005,0.0,29.5,0.133
2024-06-12 21:00:00+00:00,25.25,66.0209,0.0,28.5,0.133
2024-06-12 22:00:00+00:00,24.65,69.072014,0.0,27.7,0.133
2024-06-12 23:00:00+00:00,23.95,74.78092,0.0,27.0,0.133
2024-06-13 00:00:00+00:00,23.45,76.349106,0.0,26.4,0.133
2024-06-13 01:00:00+00:00,23.55,77.5625,0.0,26.0,0.131
2024-06-13 02:00:00+00:00,22.75,81.153046,0.0,25.45,0.131
2024-06-13 03:00:00+00:00,21.75,87.32489,0.0,24.9,0.131
2024-06-13 04:00:00+00:00,23.6,78.78383,0.0,25.0,0.131
2024-06-13 05:00:00+00:00,25.4,71.843025,0.0,25.9,0.131
2024-06-13 06:00:00+00:00,27.3,65.42416,0.0,27.3,0.131
2024-06-13 07:00:00+00:00,29.2,58.57488,0.0,29.05,0.13
2024-06-13 08:00:00+00:00,31.05,52.025585,0.0,31.0,0.13
2024-06-13 09:00:00+00:00,32.75,46.377457,0.0,33.0,0.13
2024-06-13 10:00:00+00:00,34.05,42.190887,0.0,34.85,0.13
2024-06-13 11:00:00+00:00,35.1,38.69885,0.0,36.4,0.129
2024-06-13 12:00:00+00:00,35.8,36.884113,0.0,37.2,0.129
2024-06-13 13:00:00+00:00,35.65,41.2023,0.0,37.0,0.129
2024-06-13 14:00:00+00:00,35.45,39.40185,0.0,36.35,0.129
2024-06-13 15:00:00+00:00,35.45,35.764328,0.0,36.0,0.129
2024-06-13 16:00:00+00:00,33.2,40.03092,0.0,35.1,0.129
2024-06-13 17:00:00+00:00,30.8,47.173866,0.0,33.75,0.129
2024-06-13 18:00:00+00:00,29.8,50.27181,0.0,32.4,0.129
2024-06-13 19:00:00+00:00,28.8,52.92772,0.0,31.25,0.129
2024-06-13 20:00:00+00:00,27.7,56.427105,0.0,30.2,0.128
2024-06-13 21:00:00+00:00,27.25,58.297707,0.0,29.4,0.128
2024-06-13 22:00:00+00:00,26.3,62.62221,0.0,28.8,0.128
2024-06-13 23:00:00+00:00,25.0,70.22563,0.5,27.6,0.133
2024-06-14 00:00:00+00:00,24.4,72.78917,0.0,26.8,0.133
2024-06-14 01:00:00+00:00,25.45,59.733944,0.0,26.9,0.128
2024-06-14 02:00:00+00:00,24.15,66.20898,0.0,26.35,0.128
2024-06-14 03:00:00+00:00,22.85,75.30512,0.0,25.75,0.128
2024-06-14 04:00:00+00:00,24.95,65.958694,0.0,25.85,0.128
2024-06-14 05:00:00+00:00,27.3,57.222267,0.0,26.65,0.128
2024-06-14 06:00:00+00:00,27.45,53.25544,0.1,27.55,0.129
2024-06-14 07:00:00+00:00,29.65,45.405167,0.0,29.25,0.129
2024-06-14 08:00:00+00:00,29.65,48.831593,0.0,30.7,0.129
2024-06-14 09:00:00+00:00,30.45,45.189972,0.0,32.05,0.129
2024-06-14 10:00:00+00:00,28.5,53.688488,0.0,32.75,0.129
2024-06-14 11:00:00+00:00,27.8,53.6816,0.4,33.05,0.132
2024-06-14 12:00:00+00:00,27.45,52.252533,0.1,32.6,0.133
2024-06-14 13:00:00+00:00,21.45,80.73102,5.7,27.75,0.239
2024-06-14 14:00:00+00:00,21.75,74.41588,7.5,26.7,0.338
2024-06-14 15:00:00+00:00,22.1,70.56822,0.1,25.8,0.334
2024-06-14 16:00:00+00:00,22.7,59.27803,0.0,25.6,0.33
2024-06-14 17:00:00+00:00,22.2,63.3143,0.0,25.2,0.326
2024-06-14 18:00:00+00:00,20.7,69.40522,0.0,24.35,0.323
2024-06-14 19:00:00+00:00,19.15,78.641594,0.0,23.55,0.32
2024-06-14 20:00:00+00:00,18.9,78.85825,0.0,22.85,0.318
2024-06-14 21:00:00+00:00,20.45,68.02574,0.0,22.25,0.316
2024-06-14 22:00:00+00:00,17.6,84.19516,0.0,21.7,0.313
2024-06-14 23:00:00+00:00,16.85,88.85463,0.0,21.25,0.311
2024-06-15 00:00:00+00:00,16.95,79.34693,0.0,20.75,0.309
2024-06-15 01:00:00+00:00,16.8,75.52678,0.0,20.55,0.174
2024-06-15 02:00:00+00:00,16.55,74.00945,0.0,20.15,0.174
2024-06-15 03:00:00+00:00,16.35,75.452545,0.0,19.85,0.174
2024-06-15 04:00:00+00:00,18.1,68.89408,0.0,20.15,0.174
2024-06-15 05:00:00+00:00,19.95,60.98379,0.0,21.2,0.174
2024-06-15 06:00:00+00:00,21.95,53.75233,0.0,22.75,0.173
2024-06-15 07:00:00+00:00,23.55,48.78237,0.0,24.6,0.172
2024-06-15 08:00:00+00:00,24.95,44.707375,0.0,26.55,0.171
2024-06-15 09:00:00+00:00,26.0,42.003643,0.0,28.5,0.17
2024-06-15 10:00:00+00:00,26.75,40.58342,0.0,30.2,0.168
2024-06-15 11:00:00+00:00,27.7,36.65362,0.0,31.6,0.167
2024-06-15 12:00:00+00:00,28.05,34.28459,0.0,32.5,0.165
2024-06-15 13:00:00+00:00,28.4,31.742184,0.0,32.65,0.166
2024-06-15 14:00:00+00:00,28.65,30.765186,0.0,32.45,0.165
2024-06-15 15:00:00+00:00,28.3,30.97882,0.0,32.0,0.164
2024-06-15 16:00:00+00:00,28.0,30.99964,0.0,31.05,0.164
2024-06-15 17:00:00+00:00,26.15,43.875797,0.0,29.65,0.163
2024-06-15 18:00:00+00:00,26.2,34.686794,0.0,27.9,0.163
2024-06-15 19:00:00+00:00,23.55,49.59041,0.0,26.55,0.163
2024-06-15 20:00:00+00:00,22.35,56.746098,0.0,25.55,0.163
2024-06-15 21:00:00+00:00,21.4,61.920082,0.0,24.75,0.163
2024-06-15 22:00:00+00:00,20.85,71.928764,0.0,24.05,0.163
2024-06-15 23:00:00+00:00,20.2,78.29322,0.0,23.4,0.163
2024-06-16 00:00:00+00:00,19.75,82.31778,0.0,22.8,0.163
2024-06-16 01:00:00+00:00,19.85,83.91083,0.0,22.15,0.16
2024-06-16 02:00:00+00:00,17.7,94.169304,0.0,21.55,0.16
2024-06-16 03:00:00+00:00,17.45,95.96983,0.0,21.1,0.16
2024-06-16 04:00:00+00:00,19.05,89.31293,0.0,21.3,0.16
2024-06-16 05:00:00+00:00,21.3,77.468285,0.0,22.3,0.16
2024-06-16 06:00:00+00:00,23.4,65.84384,0.0,23.95,0.159
2024-06-16 07:00:00+00:00,25.4,54.802776,0.0,25.9,0.159
2024-06-16 08:00:00+00:00,27.05,47.375694,0.0,28.0,0.158
2024-06-16 09:00:00+00:00,28.55,40.42267,0.0,30.0,0.157
2024-06-16 10:00:00+00:00,29.55,35.277378,0.0,31.7,0.155
2024-06-16 11:00:00+00:00,30.15,33.526165,0.0,33.05,0.154
2024-06-16 12:00:00+00:00,30.4,32.724804,0.0,33.85,0.153
2024-06-16 13:00:00+00:00,30.95,31.40032,0.0,34.15,0.153
2024-06-16 14:00:00+00:00,31.2,30.450193,0.0,34.25,0.152
2024-06-16 15:00:00+00:00,31.1,30.523336,0.0,33.75,0.151
2024-06-16 16:00:00+00:00,30.5,31.483564,0.0,32.75,0.151
2024-06-16 17:00:00+00:00,29.2,35.411686,0.0,31.4,0.15
2024-06-16 18:00:00+00:00,26.05,48.972317,0.0,29.8,0.15
2024-06-16 19:00:00+00:00,24.65,50.208317,0.0,28.4,0.15
2024-06-16 20:00:00+00:00,24.05,50.54228,0.0,27.25,0.15
2024-06-16 21:00:00+00:00,22.95,54.89572,0.0,26.25,0.15
2024-06-16 22:00:00+00:00,22.35,57.865013,0.0,25.4,0.15
2024-06-16 23:00:00+00:00,21.35,63.33042,0.0,24.6,0.15
2024-06-17 00:00:00+00:00,22.05,61.270313,0.0,23.8,0.15
2024-06-17 01:00:00+00:00,21.35,64.36346,0.0,23.1,0.148
2024-06-17 02:00:00+00:00,19.15,76.893,0.0,22.5,0.148
2024-06-17 03:00:00+00:00,18.75,80.629425,0.0,22.05,0.148
2024-06-17 04:00:00+00:00,20.65,74.94492,0.0,22.25,0.148
2024-06-17 05:00:00+00:00,23.6,64.43737,0.0,23.35,0.147
2024-06-17 06:00:00+00:00,26.0,52.717766,0.0,25.15,0.147
2024-06-17 07:00:00+00:00,27.9,46.102036,0.0,27.25,0.147
2024-06-17 08:00:00+00:00,29.65,41.92212,0.0,29.4,0.146
2024-06-17 09:00:00+00:00,31.1,37.239265,0.0,31.45,0.145
2024-06-17 10:00:00+00:00,32.15,32.77982,0.0,33.25,0.144
2024-06-17 11:00:00+00:00,32.8,30.388529,0.0,34.7,0.143
2024-06-17 12:00:00+00:00,33.25,29.823486,0.0,35.65,0.142
2024-06-17 13:00:00+00:00,33.7,29.558565,0.0,35.85,0.142
2024-06-17 14:00:00+00:00,33.5,29.504427,0.0,35.7,0.142
2024-06-17 15:00:00+00:00,32.95,30.62833,0.0,35.15,0.141
2024-06-17 16:00:00+00:00,32.4,32.319958,0.0,34.2,0.141
2024-06-17 17:00:00+00:00,30.65,44.81712,0.0,32.85,0.141
2024-06-17 18:00:00+00:00,28.55,44.67602,0.0,31.25,0.141
2024-06-17 19:00:00+00:00,27.15,46.947033,0.0,29.95,0.141
2024-06-17 20:00:00+00:00,25.85,46.444622,0.0,28.75,0.14
2024-06-17 21:00:00+00:00,24.65,50.208317,0.0,27.7,0.14
2024-06-17 22:00:00+00:00,23.1,58.04646,0.0,26.7,0.14
2024-06-17 23:00:00+00:00,22.15,61.8903,0.0,25.8,0.14
2024-06-18 00:00:00+00:00,21.5,62.345917,0.0,25.0,0.14
2024-06-18 01:00:00+00:00,21.25,65.60146,0.0,24.75,0.139
2024-06-18 02:00:00+00:00,20.8,66.78993,0.0,24.15,0.139
2024-06-18 03:00:00+00:00,20.5,67.597305,0.0,23.65,0.139
2024-06-18 04:00:00+00:00,21.9,63.044064,0.0,23.7,0.139
2024-06-18 05:00:00+00:00,24.1,55.184555,0.0,24.55,0.139
2024-06-18 06:00:00+00:00,26.55,45.588078,0.0,26.0,0.138
2024-06-18 07:00:00+00:00,28.8,35.767857,0.0,27.75,0.138
2024-06-18 08:00:00+00:00,30.45,31.887835,0.0,29.7,0.138
2024-06-18 09:00:00+00:00,32.0,28.906342,0.0,31.55,0.137
2024-06-18 10:00:00+00:00,33.2,26.926315,0.0,33.2,0.137
2024-06-18 11:00:00+00:00,33.7,26.355799,0.0,34.45,0.136
2024-06-18 12:00:00+00:00,33.9,26.495893,0.0,35.2,0.136
2024-06-18 13:00:00+00:00,33.5,28.463121,0.0,35.3,0.138
2024-06-18 14:00:00+00:00,33.1,28.448677,0.0,35.2,0.138
2024-06-18 15:00:00+00:00,31.8,30.414146,0.0,34.6,0.137
2024-06-18 16:00:00+00:00,30.35,34.248013,0.0,33.5,0.137
2024-06-18 17:00:00+00:00,28.6,39.655823,0.0,32.15,0.137
2024-06-18 18:00:00+00:00,26.8,45.067883,0.0,30.65,0.137
2024-06-18 19:00:00+00:00,25.35,48.47005,0.0,29.35,0.137
2024-06-18 20:00:00+00:00,24.1,51.721504,0.0,28.15,0.137
2024-06-18 21:00:00+00:00,23.15,54.767708,0.0,27.1,0.137
2024-06-18 22:00:00+00:00,22.25,57.4655,0.0,26.2,0.137
2024-06-18 23:00:00+00:00,21.5,59.18503,0.0,25.35,0.136
2024-06-19 00:00:00+00:00,20.7,61.962086,0.0,24.6,0.136
2024-06-19 01:00:00+00:00,20.3,70.68207,0.0,24.25,0.137
2024-06-19 02:00:00+00:00,19.8,72.43499,0.0,23.65,0.137
2024-06-19 03:00:00+00:00,19.55,72.62425,0.0,23.1,0.137
2024-06-19 04:00:00+00:00,21.4,64.37433,0.0,23.2,0.137
2024-06-19 05:00:00+00:00,24.15,52.241413,0.0,24.15,0.137
2024-06-19 06:00:00+00:00,26.4,44.812504,0.0,25.65,0.136
2024-06-19 07:00:00+00:00,28.55,39.256565,0.0,27.5,0.136
2024-06-19 08:00:00+00:00,30.5,34.17778,0.0,29.5,0.136
2024-06-19 09:00:00+00:00,32.05,30.582586,0.0,31.45,0.135
2024-06-19 10:00:00+00:00,33.25,28.395815,0.0,33.15,0.135
2024-06-19 11:00:00+00:00,33.95,26.422016,0.0,34.5,0.134
2024-06-19 12:00:00+00:00,34.3,25.403877,0.0,35.4,0.134
2024-06-19 13:00:00+00:00,33.9,27.561232,0.0,35.7,0.137
2024-06-19 14:00:00+00:00,33.5,27.454315,0.0,35.6,0.137
2024-06-19 15:00:00+00:00,32.4,28.824438,0.0,35.0,0.136
2024-06-19 16:00:00+00:00,30.55,32.982155,0.0,33.9,0.136
2024-06-19 17:00:00+00:00,28.35,38.565823,0.0,32.4,0.136
2024-06-19 18:00:00+00:00,26.3,44.785126,0.0,30.8,0.136
2024-06-19 19:00:00+00:00,24.7,51.7098,0.0,29.3,0.136
2024-06-19 20:00:00+00:00,23.35,59.240852,0.0,28.0,0.136
2024-06-19 21:00:00+00:00,22.5,63.17735,0.0,26.9,0.136
2024-06-19 22:00:00+00:00,21.55,66.72984,0.0,25.9,0.136
2024-06-19 23:00:00+00:00,20.25,72.51559,0.0,24.95,0.136
2024-06-20 00:00:00+00:00,19.5,75.47869,0.0,24.1,0.135
2024-06-20 01:00:00+00:00,19.95,73.63696,0.0,24.05,0.133
2024-06-20 02:00:00+00:00,19.65,74.77876,0.0,23.45,0.133
2024-06-20 03:00:00+00:00,19.3,76.17805,0.0,22.9,0.133
2024-06-20 04:00:00+00:00,20.95,68.5662,0.0,23.0,0.133
2024-06-20 05:00:00+00:00,23.0,60.897945,0.0,23.95,0.133
2024-06-20 06:00:00+00:00,25.7,52.810074,0.0,25.6,0.133
2024-06-20 07:00:00+00:00,28.2,44.29478,0.0,27.6,0.132
2024-06-20 08:00:00+00:00,30.4,36.925392,0.0,29.75,0.132
2024-06-20 09:00:00+00:00,32.15,31.421156,0.0,31.85,0.132
2024-06-20 10:00:00+00:00,33.5,29.312641,0.0,33.65,0.132
2024-06-20 11:00:00+00:00,34.6,27.748178,0.0,35.15,0.131
2024-06-20 12:00:00+00:00,35.7,23.819824,0.0,36.3,0.131
2024-06-20 13:00:00+00:00,35.9,23.326904,0.0,36.6,0.135
2024-06-20 14:00:00+00:00,35.8,22.995455,0.0,36.6,0.134
2024-06-20 15:00:00+00:00,35.25,23.626041,0.0,36.1,0.134
2024-06-20 16:00:00+00:00,34.0,24.418234,0.0,35.2,0.134
2024-06-20 17:00:00+00:00,32.0,28.151915,0.0,33.85,0.133
2024-06-20 18:00:00+00:00,28.8,36.71993,0.0,32.2,0.133
2024-06-20 19:00:00+00:00,27.0,41.05489,0.0,30.7,0.133
2024-06-20 20:00:00+00:00,26.2,41.64656,0.0,29.5,0.133
2024-06-20 21:00:00+00:00,25.3,44.65688,0.0,28.45,0.133
2024-06-20 22:00:00+00:00,24.35,50.95187,0.0,27.55,0.133
2024-06-20 23:00:00+00:00,23.45,57.20068,0.0,26.75,0.133
2024-06-21 00:00:00+00:00,22.85,61.45363,0.0,26.1,0.133
2024-06-21 01:00:00+00:00,22.65,64.026596,0.0,25.75,0.131
2024-06-21 02:00:00+00:00,22.55,63.799847,0.0,25.3,0.131
2024-06-21 03:00:00+00:00,22.15,63.09968,0.0,24.85,0.131
2024-06-21 04:00:00+00:00,23.1,58.801098,0.0,24.85,0.131
2024-06-21 05:00:00+00:00,25.0,53.313385,0.0,25.6,0.131
2024-06-21 06:00:00+00:00,27.1,48.467186,0.0,26.85,0.131
2024-06-21 07:00:00+00:00,29.25,43.176792,0.0,28.55,0.131
2024-06-21 08:00:00+00:00,31.0,42.023983,0.0,30.4,0.131
2024-06-21 09:00:00+00:00,32.3,43.592876,0.0,32.15,0.13
2024-06-21 10:00:00+00:00,33.25,40.424175,0.0,33.7,0.13
2024-06-21 11:00:00+00:00,33.55,38.275402,0.0,34.85,0.13
2024-06-21 12:00:00+00:00,33.55,37.43755,0.0,35.65,0.13
2024-06-21 13:00:00+00:00,33.75,37.374054,0.0,36.0,0.131
2024-06-21 14:00:00+00:00,33.25,38.924477,0.0,35.8,0.131
2024-06-21 15:00:00+00:00,32.55,40.487923,0.0,35.3,0.131
2024-06-21 16:00:00+00:00,30.9,43.62616,0.0,34.3,0.131
2024-06-21 17:00:00+00:00,29.05,45.243187,0.0,33.0,0.131
2024-06-21 18:00:00+00:00,27.0,47.51501,0.0,31.5,0.131
2024-06-21 19:00:00+00:00,24.75,51.388794,0.0,30.0,0.131
2024-06-21 20:00:00+00:00,22.95,60.301373,0.0,28.65,0.131
2024-06-21 21:00:00+00:00,22.1,71.24416,0.0,27.5,0.131
2024-06-21 22:00:00+00:00,21.7,75.59456,0.0,26.55,0.13
2024-06-21 23:00:00+00:00,21.3,77.223625,0.0,25.75,0.13
2024-06-22 00:00:00+00:00,20.75,79.87734,0.0,25.05,0.13
2024-06-22 01:00:00+00:00,20.9,81.68251,0.0,24.9,0.127
2024-06-22 02:00:00+00:00,20.45,85.31069,0.0,24.35,0.127
2024-06-22 03:00:00+00:00,20.2,87.73422,0.0,23.9,0.127
2024-06-22 04:00:00+00:00,21.45,83.564964,0.0,23.9,0.127
2024-06-22 05:00:00+00:00,23.0,76.997734,0.0,24.65,0.127
2024-06-22 06:00:00+00:00,25.05,65.77278,0.0,25.95,0.127
2024-06-22 07:00:00+00:00,26.75,55.84146,0.0,27.6,0.127
2024-06-22 08:00:00+00:00,28.25,48.771866,0.0,29.45,0.127
2024-06-22 09:00:00+00:00,29.6,42.85916,0.0,31.25,0.127
2024-06-22 10:00:00+00:00,31.0,36.497814,0.0,32.95,0.127
2024-06-22 11:00:00+00:00,32.05,31.189194,0.0,34.3,0.126
2024-06-22 12:00:00+00:00,32.5,28.94657,0.0,35.2,0.126
2024-06-22 13:00:00+00:00,31.9,27.479195,0.0,35.45,0.128
2024-06-22 14:00:00+00:00,31.55,28.594099,0.0,35.3,0.128
2024-06-22 15:00:00+00:00,30.3,31.221207,0.0,34.6,0.128
2024-06-22 16:00:00+00:00,28.5,36.395992,0.0,33.45,0.128
2024-06-22 17:00:00+00:00,26.4,41.56549,0.0,31.85,0.128
2024-06-22 18:00:00+00:00,24.25,49.130367,0.0,30.1,0.128
2024-06-22 19:00:00+00:00,22.4,58.25435,0.0,28.5,0.128
2024-06-22 20:00:00+00:00,21.15,66.005165,0.0,27.1,0.127
2024-06-22 21:00:00+00:00,20.4,72.542404,0.0,25.95,0.127
2024-06-22 22:00:00+00:00,19.95,76.28127,0.0,25.0,0.127
2024-06-22 23:00:00+00:00,19.5,77.44235,0.0,24.25,0.127
2024-06-23 00:00:00+00:00,18.95,77.6079,0.0,23.55,0.127
2024-06-23 01:00:00+00:00,18.6,80.35085,0.0,22.95,0.128
2024-06-23 02:00:00+00:00,18.2,79.01185,0.0,22.4,0.128
2024-06-23 03:00:00+00:00,17.9,78.96875,0.0,21.95,0.128
2024-06-23 04:00:00+00:00,19.3,73.05052,0.0,22.05,0.128
2024-06-23 05:00:00+00:00,21.65,66.75049,0.0,22.9,0.128
2024-06-23 06:00:00+00:00,23.9,57.126137,0.0,24.35,0.128
2024-06-23 07:00:00+00:00,26.05,46.8019,0.0,26.2,0.128
2024-06-23 08:00:00+00:00,28.25,37.66405,0.0,28.25,0.128
2024-06-23 09:00:00+00:00,30.05,33.498405,0.0,30.2,0.127
2024-06-23 10:00:00+00:00,31.5,33.24484,0.0,32.05,0.127
2024-06-23 11:00:00+00:00,32.75,29.882647,0.0,33.6,0.127
2024-06-23 12:00:00+00:00,33.45,25.517576,0.0,34.75,0.127
2024-06-23 13:00:00+00:00,32.55,28.393803,0.0,35.1,0.132
2024-06-23 14:00:00+00:00,31.45,32.1637,0.0,34.9,0.132
2024-06-23 15:00:00+00:00,29.95,36.68085,0.0,34.2,0.132
2024-06-23 16:00:00+00:00,28.45,40.394924,0.0,33.0,0.132
2024-06-23 17:00:00+00:00,26.8,43.768764,0.0,31.55,0.132
2024-06-23 18:00:00+00:00,24.9,48.507397,0.0,29.9,0.132
2024-06-23 19:00:00+00:00,23.5,52.756565,0.0,28.45,0.132
2024-06-23 20:00:00+00:00,22.25,60.52842,0.0,27.1,0.132
2024-06-23 21:00:00+00:00,21.2,66.44288,0.0,25.95,0.132
2024-06-23 22:00:00+00:00,20.0,70.6255,0.0,24.95,0.132
2024-06-23 23:00:00+00:00,19.35,71.88718,0.0,24.0,0.132
2024-06-24 00:00:00+00:00,19.0,73.23435,0.0,23.25,0.132
2024-06-24 01:00:00+00:00,19.05,75.16217,0.0,22.8,0.129
2024-06-24 02:00:00+00:00,18.55,80.34412,0.0,22.3,0.129
2024-06-24 03:00:00+00:00,18.05,88.668236,0.0,21.85,0.129
2024-06-24 04:00:00+00:00,19.5,84.67352,0.0,21.95,0.129
2024-06-24 05:00:00+00:00,21.65,75.82598,0.0,22.9,0.129
2024-06-24 06:00:00+00:00,23.5,66.49443,0.0,24.45,0.129
2024-06-24 07:00:00+00:00,25.25,58.0051,0.0,26.4,0.129
2024-06-24 08:00:00+00:00,27.25,48.507046,0.0,28.5,0.129
2024-06-24 09:00:00+00:00,29.15,41.116543,0.0,30.55,0.128
2024-06-24 10:00:00+00:00,30.75,35.842922,0.0,32.5,0.128
2024-06-24 11:00:00+00:00,32.05,32.965836,0.0,34.15,0.128
2024-06-24 12:00:00+00:00,33.15,30.483864,0.0,35.4,0.128
2024-06-24 13:00:00+00:00,33.35,33.00313,0.0,36.05,0.129
2024-06-24 14:00:00+00:00,33.5,29.600737,0.0,36.05,0.129
2024-06-24 15:00:00+00:00,32.7,29.000734,0.0,35.5,0.129
2024-06-24 16:00:00+00:00,30.85,31.269588,0.0,34.35,0.129
2024-06-24 17:00:00+00:00,28.75,38.05149,0.0,32.85,0.129
2024-06-24 18:00:00+00:00,26.8,42.92111,0.0,31.1,0.129
2024-06-24 19:00:00+00:00,25.1,48.403114,0.0,29.5,0.129
2024-06-24 20:00:00+00:00,23.7,55.084343,0.0,28.1,0.129
2024-06-24 21:00:00+00:00,22.5,60.58654,0.0,26.9,0.128
2024-06-24 22:00:00+00:00,21.35,64.36346,0.0,25.85,0.128
2024-06-24 23:00:00+00:00,20.45,67.15104,0.0,24.85,0.128
2024-06-25 00:00:00+00:00,20.2,66.882256,0.0,24.1,0.128
2024-06-25 01:00:00+00:00,20.5,68.03579,0.0,23.65,0.128
2024-06-25 02:00:00+00:00,20.4,67.358574,0.0,23.25,0.128
2024-06-25 03:00:00+00:00,20.35,73.94253,0.0,22.9,0.128
2024-06-25 04:00:00+00:00,22.0,76.1215,0.0,23.15,0.128
2024-06-25 05:00:00+00:00,23.9,70.90317,0.0,24.05,0.128
2024-06-25 06:00:00+00:00,25.5,63.634243,0.0,25.5,0.128
2024-06-25 07:00:00+00:00,27.3,55.80027,0.0,27.3,0.128
2024-06-25 08:00:00+00:00,29.35,48.59906,0.0,29.2,0.128
2024-06-25 09:00:00+00:00,30.95,41.876987,0.0,31.0,0.128
2024-06-25 10:00:00+00:00,32.05,37.262608,0.0,32.6,0.128
2024-06-25 11:00:00+00:00,32.7,34.89797,0.0,33.95,0.128
2024-06-25 12:00:00+00:00,33.1,34.341244,0.0,34.9,0.127
2024-06-25 13:00:00+00:00,33.75,33.219162,0.0,35.3,0.132
2024-06-25 14:00:00+00:00,33.35,33.75424,0.0,35.4,0.132
2024-06-25 15:00:00+00:00,31.6,39.972454,0.0,34.75,0.132
2024-06-25 16:00:00+00:00,30.05,43.395138,0.0,33.75,0.131
2024-06-25 17:00:00+00:00,27.85,48.202236,0.0,32.35,0.131
2024-06-25 18:00:00+00:00,25.75,52.65372,0.0,30.75,0.131
2024-06-25 19:00:00+00:00,24.25,55.400352,0.0,29.3,0.131
2024-06-25 20:00:00+00:00,23.25,60.760197,0.0,28.1,0.131
2024-06-25 21:00:00+00:00,22.55,66.5098,0.0,27.05,0.131
2024-06-25 22:00:00+00:00,22.0,71.67976,0.0,26.2,0.131
2024-06-25 23:00:00+00:00,21.6,74.863815,0.0,25.5,0.131
2024-06-26 00:00:00+00:00,21.2,76.96427,0.0,24.9,0.131
2024-06-26 01:00:00+00:00,21.15,81.713974,0.0,24.9,0.126
2024-06-26 02:00:00+00:00,20.8,81.66991,0.0,24.35,0.126
2024-06-26 03:00:00+00:00,20.45,80.34392,0.0,23.85,0.126
2024-06-26 04:00:00+00:00,21.7,72.312004,0.0,23.9,0.126
2024-06-26 05:00:00+00:00,23.8,58.967636,0.0,24.7,0.126
2024-06-26 06:00:00+00:00,25.45,47.560104,0.0,25.95,0.125
2024-06-26 07:00:00+00:00,26.95,41.71837,0.0,27.55,0.125
2024-06-26 08:00:00+00:00,28.3,40.74881,0.0,29.25,0.125
2024-06-26 09:00:00+00:00,29.55,39.53429,0.0,31.0,0.125
2024-06-26 10:00:00+00:00,30.45,37.299767,0.0,32.5,0.125
2024-06-26 11:00:00+00:00,31.1,35.020252,0.0,33.75,0.125
2024-06-26 12:00:00+00:00,31.3,33.844814,0.0,34.6,0.125
2024-06-26 13:00:00+00:00,31.65,33.503437,0.0,35.3,0.123
2024-06-26 14:00:00+00:00,31.5,33.353268,0.0,35.25,0.123
2024-06-26 15:00:00+00:00,30.1,34.97064,0.0,34.6,0.123
2024-06-26 16:00:00+00:00,28.9,34.636307,0.0,33.5,0.123
2024-06-26 17:00:00+00:00,27.2,37.493755,0.0,32.05,0.123
2024-06-26 18:00:00+00:00,25.5,44.129093,0.0,30.45,0.123
2024-06-26 19:00:00+00:00,24.2,52.42426,0.0,29.05,0.123
2024-06-26 20:00:00+00:00,23.0,61.290676,0.0,27.85,0.123
2024-06-26 21:00:00+00:00,22.0,73.28896,0.0,26.8,0.123
2024-06-26 22:00:00+00:00,21.3,80.20474,0.0,25.85,0.123
2024-06-26 23:00:00+00:00,20.8,81.66991,0.0,25.1,0.123
2024-06-27 00:00:00+00:00,20.3,82.12489,0.0,24.4,0.123
2024-06-27 01:00:00+00:00,19.7,85.50291,0.0,23.85,0.123
2024-06-27 02:00:00+00:00,19.2,87.92395,0.0,23.25,0.123
2024-06-27 03:00:00+00:00,18.8,89.57676,0.0,22.75,0.123
2024-06-27 04:00:00+00:00,20.05,82.093956,0.0,22.75,0.123
2024-06-27 05:00:00+00:00,22.3,69.0519,0.0,23.6,0.123
2024-06-27 06:00:00+00:00,24.0,58.2629,0.0,25.0,0.123
2024-06-27 07:00:00+00:00,25.8,48.120296,0.0,26.75,0.123
2024-06-27 08:00:00+00:00,27.5,41.4635,0.0,28.65,0.122
2024-06-27 09:00:00+00:00,29.2,34.949238,0.0,30.55,0.122
2024-06-27 10:00:00+00:00,30.55,29.675072,0.0,32.35,0.122
2024-06-27 11:00:00+00:00,31.45,26.90535,0.0,33.8,0.122
2024-06-27 12:00:00+00:00,31.95,25.122467,0.0,34.8,0.122
2024-06-27 13:00:00+00:00,31.7,28.63477,0.0,35.4,0.122
2024-06-27 14:00:00+00:00,31.6,27.950853,0.0,35.45,0.122
2024-06-27 15:00:00+00:00,30.85,30.154037,0.0,34.95,0.122
2024-06-27 16:00:00+00:00,29.1,36.563576,0.0,33.8,0.122
2024-06-27 17:00:00+00:00,26.65,47.268284,0.0,32.2,0.122
2024-06-27 18:00:00+00:00,24.35,57.788834,0.0,30.45,0.122
2024-06-27 19:00:00+00:00,23.15,60.93252,0.0,28.9,0.122
2024-06-27 20:00:00+00:00,22.2,64.54764,0.0,27.6,0.122
2024-06-27 21:00:00+00:00,21.5,70.45537,0.0,26.5,0.122
2024-06-27 22:00:00+00:00,20.9,74.27285,0.0,25.55,0.122
2024-06-27 23:00:00+00:00,20.2,76.320816,0.0,24.75,0.122
2024-06-28 00:00:00+00:00,19.5,78.19022,0.0,24.0,0.122
2024-06-28 01:00:00+00:00,19.15,78.38967,0.0,23.6,0.121
2024-06-28 02:00:00+00:00,18.85,80.901634,0.0,23.0,0.121
2024-06-28 03:00:00+00:00,18.7,82.71612,0.0,22.5,0.121
2024-06-28 04:00:00+00:00,19.9,79.253845,0.0,22.55,0.121
2024-06-28 05:00:00+00:00,22.05,71.008965,0.0,23.35,0.121
2024-06-28 06:00:00+00:00,23.95,62.098427,0.0,24.75,0.121
2024-06-28 07:00:00+00:00,25.75,53.162605,0.0,26.5,0.121
2024-06-28 08:00:00+00:00,27.75,45.180714,0.0,28.4,0.121
2024-06-28 09:00:00+00:00,29.65,35.653587,0.0,30.35,0.121
2024-06-28 10:00:00+00:00,30.9,31.180462,0.0,32.05,0.121
2024-06-28 11:00:00+00:00,31.5,29.154205,0.0,33.35,0.121
2024-06-28 12:00:00+00:00,31.85,28.111404,0.0,34.25,0.121
2024-06-28 13:00:00+00:00,31.85,29.73544,0.0,34.7,0.121
2024-06-28 14:00:00+00:00,30.85,31.166695,0.0,34.55,0.121
2024-06-28 15:00:00+00:00,29.9,31.946547,0.0,33.9,0.121
2024-06-28 16:00:00+00:00,28.55,35.230152,0.0,32.85,0.121
2024-06-28 17:00:00+00:00,27.25,40.99015,0.0,31.5,0.121
2024-06-28 18:00:00+00:00,25.85,45.843483,0.0,30.05,0.121
2024-06-28 19:00:00+00:00,24.9,49.46425,0.0,28.8,0.121
2024-06-28 20:00:00+00:00,24.0,53.0574,0.0,27.75,0.121
2024-06-28 21:00:00+00:00,23.2,55.137608,0.0,26.8,0.121
2024-06-28 22:00:00+00:00,22.45,56.035664,0.0,25.95,0.121
2024-06-28 23:00:00+00:00,22.05,55.389465,0.0,25.25,0.121
2024-06-29 00:00:00+00:00,21.75,57.530907,0.0,24.7,0.121
2024-06-29 01:00:00+00:00,21.6,60.77061,0.0,24.8,0.121
2024-06-29 02:00:00+00:00,21.35,69.08706,0.0,24.3,0.121
2024-06-29 03:00:00+00:00,21.2,76.72083,0.0,23.9,0.121
2024-06-29 04:00:00+00:00,22.5,73.60735,0.0,23.95,0.121
2024-06-29 05:00:00+00:00,24.05,64.534096,0.0,24.65,0.121
2024-06-29 06:00:00+00:00,26.05,47.413208,0.0,25.85,0.121
2024-06-29 07:00:00+00:00,28.35,37.078545,0.0,27.5,0.121
2024-06-29 08:00:00+00:00,30.05,33.388477,0.0,29.25,0.121
2024-06-29 09:00:00+00:00,31.5,29.154205,0.0,30.9,0.121
2024-06-29 10:00:00+00:00,31.65,29.388529,0.0,32.25,0.121
2024-06-29 11:00:00+00:00,31.5,30.33207,0.0,32.8,0.121
2024-06-29 12:00:00+00:00,31.75,28.459251,0.0,33.4,0.121
2024-06-29 13:00:00+00:00,31.7,27.4254,0.0,34.25,0.122
2024-06-29 14:00:00+00:00,31.05,26.529789,0.0,34.2,0.122
2024-06-29 15:00:00+00:00,30.15,26.556387,0.0,33.65,0.122
2024-06-29 16:00:00+00:00,29.4,27.355623,0.0,32.75,0.122
2024-06-29 17:00:00+00:00,27.95,30.059807,0.0,31.5,0.122
2024-06-29 18:00:00+00:00,26.45,33.046764,0.0,30.15,0.122
2024-06-29 19:00:00+00:00,25.2,37.179153,0.0,28.85,0.122
2024-06-29 20:00:00+00:00,24.0,42.142242,0.0,27.7,0.122
2024-06-29 21:00:00+00:00,22.8,47.152855,0.0,26.65,0.122
2024-06-29 22:00:00+00:00,21.8,51.799038,0.0,25.7,0.122
2024-06-29 23:00:00+00:00,21.05,56.983673,0.0,24.9,0.122
2024-06-30 00:00:00+00:00,20.45,61.702866,0.0,24.15,0.122
2024-06-30 01:00:00+00:00,20.1,71.56134,0.0,23.85,0.121
2024-06-30 02:00:00+00:00,19.95,74.11165,0.0,23.3,0.121
2024-06-30 03:00:00+00:00,20.05,75.81049,0.0,22.9,0.121
2024-06-30 04:00:00+00:00,21.45,73.42643,0.0,23.0,0.121
2024-06-30 05:00:00+00:00,23.65,65.687515,0.0,23.9,0.121
2024-06-30 06:00:00+00:00,26.0,54.4296,0.0,25.4,0.121
2024-06-30 07:00:00+00:00,28.6,40.96449,0.0,27.4,0.121
2024-06-30 08:00:00+00:00,30.6,31.929256,0.0,29.5,0.121
2024-06-30 09:00:00+00:00,32.0,28.432766,0.0,31.45,0.12
2024-06-30 10:00:00+00:00,32.95,25.47061,0.0,32.95,0.12
2024-06-30 11:00:00+00:00,33.25,25.977074,0.0,34.0,0.12
2024-06-30 12:00:00+00:00,33.6,24.887455,0.0,34.75,0.12
2024-06-30 13:00:00+00:00,33.5,26.129477,0.0,35.5,0.12
2024-06-30 14:00:00+00:00,33.3,24.236296,0.0,35.45,0.12
2024-06-30 15:00:00+00:00,33.1,24.428164,0.0,35.25,0.12
2024-06-30 16:00:00+00:00,32.1,25.246496,0.0,34.45,0.12
2024-06-30 17:00:00+00:00,30.55,27.390186,0.0,33.2,0.12
2024-06-30 18:00:00+00:00,28.85,29.904564,0.0,31.75,0.12
2024-06-30 19:00:00+00:00,27.5,33.341362,0.0,30.4,0.12
2024-06-30 20:00:00+00:00,26.05,37.921146,0.0,29.2,0.12
2024-06-30 21:00:00+00:00,24.9,47.56688,0.0,28.15,0.12
2024-06-30 22:00:00+00:00,23.55,57.40998,0.0,27.2,0.12
2024-06-30 23:00:00+00:00,22.1,67.27227,0.0,26.25,0.12
2024-07-01 00:00:00+00:00,21.05,75.97069,0.0,25.35,0.12
2024-07-01 01:00:00+00:00,21.3,82.765724,0.0,24.7,0.12
2024-07-01 02:00:00+00:00,21.0,83.776184,0.0,24.2,0.12
2024-07-01 03:00:00+00:00,20.65,82.949066,0.0,23.75,0.12
2024-07-01 04:00:00+00:00,22.0,77.0868,0.0,23.85,0.12
2024-07-01 05:00:00+00:00,23.65,73.803566,0.0,24.65,0.12
2024-07-01 06:00:00+00:00,25.65,59.780533,0.0,26.1,0.12
2024-07-01 07:00:00+00:00,27.7,44.732277,0.0,27.95,0.12
2024-07-01 08:00:00+00:00,29.55,35.277378,0.0,30.05,0.12
2024-07-01 09:00:00+00:00,31.0,30.295107,0.0,32.1,0.12
2024-07-01 10:00:00+00:00,32.15,26.735014,0.0,33.95,0.12
2024-07-01 11:00:00+00:00,33.0,23.916647,0.0,35.5,0.12
2024-07-01 12:00:00+00:00,33.4,22.385641,0.0,36.65,0.12
2024-07-01 13:00:00+00:00,33.35,23.29446,0.0,37.25,0.12
2024-07-01 14:00:00+00:00,33.3,24.317389,0.0,37.35,0.12
2024-07-01 15:00:00+00:00,32.95,25.89772,0.0,36.75,0.12
2024-07-01 16:00:00+00:00,31.9,28.311842,0.0,35.65,0.12
2024-07-01 17:00:00+00:00,30.25,31.310843,0.0,34.15,0.12
2024-07-01 18:00:00+00:00,28.05,34.513092,0.0,32.45,0.12
2024-07-01 19:00:00+00:00,26.6,39.09745,0.0,30.95,0.12
2024-07-01 20:00:00+00:00,25.2,43.7573,0.0,29.6,0.12
2024-07-01 21:00:00+00:00,23.95,48.093967,0.0,28.4,0.12
2024-07-01 22:00:00+00:00,22.65,53.9316,0.0,27.35,0.12
2024-07-01 23:00:00+00:00,21.6,59.59595,0.0,26.3,0.12
2024-07-02 00:00:00+00:00,20.95,63.653656,0.0,25.45,0.12
2024-07-02 01:00:00+00:00,20.45,71.16664,0.0,24.45,0.12
2024-07-02 02:00:00+00:00,19.9,74.58068,0.0,23.9,0.12
2024-07-02 03:00:00+00:00,20.25,74.16271,0.0,23.35,0.12
2024-07-02 04:00:00+00:00,21.4,69.5409,0.0,23.55,0.12
2024-07-02 05:00:00+00:00,23.8,60.886936,0.0,24.6,0.12
2024-07-02 06:00:00+00:00,26.4,52.483765,0.0,26.4,0.12
2024-07-02 07:00:00+00:00,28.9,44.628048,0.0,28.7,0.12
2024-07-02 08:00:00+00:00,31.6,34.819122,0.0,31.0,0.12
2024-07-02 09:00:00+00:00,33.55,28.851463,0.0,33.3,0.12
2024-07-02 10:00:00+00:00,34.9,25.561123,0.0,35.3,0.12
2024-07-02 11:00:00+00:00,35.85,23.391224,0.0,36.9,0.12
2024-07-02 12:00:00+00:00,36.55,22.807575,0.0,38.15,0.12
2024-07-02 13:00:00+00:00,35.95,28.198866,0.0,38.5,0.125
2024-07-02 14:00:00+00:00,35.05,30.019863,0.0,38.25,0.125
2024-07-02 15:00:00+00:00,34.6,29.705713,0.0,37.5,0.125
2024-07-02 16:00:00+00:00,33.95,27.394442,0.0,36.5,0.125
2024-07-02 17:00:00+00:00,32.65,28.141258,0.0,35.2,0.125
2024-07-02 18:00:00+00:00,30.6,31.303905,0.0,33.65,0.125
2024-07-02 19:00:00+00:00,28.8,35.533264,0.0,32.1,0.125
2024-07-02 20:00:00+00:00,27.75,37.03258,0.0,30.9,0.124
2024-07-02 21:00:00+00:00,26.05,44.28055,0.0,29.75,0.124
2024-07-02 22:00:00+00:00,24.85,46.172554,0.0,28.7,0.124
2024-07-02 23:00:00+00:00,23.85,50.324715,0.0,27.7,0.124
2024-07-03 00:00:00+00:00,23.7,49.467884,0.0,26.9,0.124
2024-07-03 01:00:00+00:00,23.25,57.89543,0.0,26.9,0.119
2024-07-03 02:00:00+00:00,22.2,64.96343,0.0,26.15,0.119
2024-07-03 03:00:00+00:00,23.0,62.08283,0.0,25.9,0.119
2024-07-03 04:00:00+00:00,22.6,71.56203,0.3,25.5,0.122
2024-07-03 05:00:00+00:00,23.55,67.99428,0.0,25.55,0.122
2024-07-03 06:00:00+00:00,24.2,64.976074,0.6,26.05,0.128
2024-07-03 07:00:00+00:00,24.05,67.666115,0.1,26.35,0.129
2024-07-03 08:00:00+00:00,24.7,68.222176,2.5,26.75,0.16
2024-07-03 09:00:00+00:00,26.55,59.801125,0.0,28.0,0.16
2024-07-03 10:00:00+00:00,28.7,50.621563,0.0,30.0,0.159
2024-07-03 11:00:00+00:00,29.45,45.931694,0.0,31.45,0.158
2024-07-03 12:00:00+00:00,30.3,42.913486,0.0,32.9,0.157
2024-07-03 13:00:00+00:00,27.85,53.86367,0.3,31.3,0.175
2024-07-03 14:00:00+00:00,27.75,54.17913,0.0,30.95,0.174
2024-07-03 15:00:00+00:00,26.65,56.706352,0.1,30.85,0.174
2024-07-03 16:00:00+00:00,23.3,74.67383,3.4,28.6,0.216
2024-07-03 17:00:00+00:00,23.25,76.79588,0.0,27.3,0.216
2024-07-03 18:00:00+00:00,22.3,82.62659,0.0,26.2,0.216
2024-07-03 19:00:00+00:00,22.2,82.87244,0.0,25.4,0.216
2024-07-03 20:00:00+00:00,22.15,79.56804,0.0,24.8,0.216
2024-07-03 21:00:00+00:00,21.8,79.02148,0.0,24.35,0.216
2024-07-03 22:00:00+00:00,21.4,80.724464,0.0,24.0,0.216
2024-07-03 23:00:00+00:00,21.35,78.21363,0.0,23.7,0.215
2024-07-04 00:00:00+00:00,21.2,76.23599,0.0,23.45,0.215
2024-07-04 01:00:00+00:00,21.05,87.5347,0.0,24.25,0.172
2024-07-04 02:00:00+00:00,20.9,86.97587,0.1,23.75,0.173
2024-07-04 03:00:00+00:00,20.95,85.63013,0.0,23.45,0.173
2024-07-04 04:00:00+00:00,21.25,79.44315,0.0,23.3,0.173
2024-07-04 05:00:00+00:00,22.7,67.82441,0.0,23.7,0.173
2024-07-04 06:00:00+00:00,24.35,52.804115,0.0,24.75,0.172
2024-07-04 07:00:00+00:00,25.7,46.10239,0.0,26.2,0.171
2024-07-04 08:00:00+00:00,27.15,43.86493,0.0,28.1,0.17
2024-07-04 09:00:00+00:00,28.25,42.21459,0.0,29.85,0.169
2024-07-04 10:00:00+00:00,29.1,40.970238,0.0,31.45,0.167
2024-07-04 11:00:00+00:00,29.65,40.07611,0.0,32.7,0.166
2024-07-04 12:00:00+00:00,30.8,37.517654,0.0,33.8,0.164
2024-07-04 13:00:00+00:00,30.1,37.082066,0.0,33.5,0.173
2024-07-04 14:00:00+00:00,25.5,56.246384,0.3,31.95,0.175
2024-07-04 15:00:00+00:00,23.05,73.23979,0.5,29.85,0.179
2024-07-04 16:00:00+00:00,22.1,83.89976,0.9,27.55,0.186
2024-07-04 17:00:00+00:00,22.1,83.37876,0.4,26.05,0.19
2024-07-04 18:00:00+00:00,21.25,90.59967,0.1,24.8,0.19
2024-07-04 19:00:00+00:00,20.95,94.30809,0.0,23.95,0.19
2024-07-04 20:00:00+00:00,20.45,95.76199,0.0,23.25,0.19
2024-07-04 21:00:00+00:00,20.25,92.82157,0.7,22.75,0.198
2024-07-04 22:00:00+00:00,19.8,90.21685,0.6,22.2,0.206
2024-07-04 23:00:00+00:00,19.5,94.542175,0.0,21.9,0.206
2024-07-05 00:00:00+00:00,19.95,92.22728,0.0,21.7,0.206
2024-07-05 01:00:00+00:00,19.65,92.78993,0.4,21.85,0.377
2024-07-05 02:00:00+00:00,18.65,96.61123,0.0,21.5,0.368
2024-07-05 03:00:00+00:00,18.25,97.21132,0.0,21.15,0.362
2024-07-05 04:00:00+00:00,19.75,94.84793,0.0,21.3,0.356
2024-07-05 05:00:00+00:00,21.4,89.49233,0.0,22.15,0.351
2024-07-05 06:00:00+00:00,23.6,78.053505,0.0,23.35,0.347
2024-07-05 07:00:00+00:00,25.7,59.040546,0.0,24.7,0.341
2024-07-05 08:00:00+00:00,26.6,54.57978,0.0,26.05,0.336
2024-07-05 09:00:00+00:00,27.6,49.382195,0.1,27.25,0.331
2024-07-05 10:00:00+00:00,28.35,46.223347,0.1,28.2,0.325
2024-07-05 11:00:00+00:00,28.9,44.771076,0.0,29.05,0.32
2024-07-05 12:00:00+00:00,29.35,42.65371,0.0,29.7,0.315
2024-07-05 13:00:00+00:00,29.4,42.123203,0.0,30.0,0.31
2024-07-05 14:00:00+00:00,29.45,40.280067,0.0,29.9,0.306
2024-07-05 15:00:00+00:00,29.45,39.506565,0.0,29.65,0.303
2024-07-05 16:00:00+00:00,28.7,42.612415,0.0,29.1,0.3
2024-07-05 17:00:00+00:00,27.0,48.285236,0.0,28.15,0.298
2024-07-05 18:00:00+00:00,25.3,53.389843,0.0,27.1,0.296
2024-07-05 19:00:00+00:00,24.15,58.112236,0.0,26.2,0.295
2024-07-05 20:00:00+00:00,22.9,64.49203,0.0,25.45,0.294
2024-07-05 21:00:00+00:00,23.6,59.873745,0.0,24.6,0.293
2024-07-05 22:00:00+00:00,20.85,76.4232,0.0,23.95,0.292
2024-07-05 23:00:00+00:00,20.5,78.33716,0.0,23.35,0.292
2024-07-06 00:00:00+00:00,19.5,82.287094,0.0,22.8,0.291
2024-07-06 01:00:00+00:00,19.95,81.30365,0.0,22.8,0.288
2024-07-06 02:00:00+00:00,19.15,85.990685,0.0,22.35,0.287
2024-07-06 03:00:00+00:00,18.6,89.84602,0.0,21.9,0.287
2024-07-06 04:00:00+00:00,20.25,83.69115,0.0,22.0,0.286
2024-07-06 05:00:00+00:00,22.25,75.444954,0.0,22.85,0.285
2024-07-06 06:00:00+00:00,24.85,62.893913,0.0,24.1,0.283
2024-07-06 07:00:00+00:00,27.25,54.396915,0.0,25.65,0.28
2024-07-06 08:00:00+00:00,29.8,39.348686,0.0,27.3,0.277
2024-07-06 09:00:00+00:00,30.9,32.01207,0.0,28.65,0.273
2024-07-06 10:00:00+00:00,31.8,30.115713,0.0,29.85,0.268
2024-07-06 11:00:00+00:00,31.75,30.201233,0.0,30.45,0.265
2024-07-06 12:00:00+00:00,31.9,29.553799,0.0,30.75,0.261
2024-07-06 13:00:00+00:00,31.2,32.411724,0.0,31.05,0.257
2024-07-06 14:00:00+00:00,31.1,32.596928,0.0,31.05,0.254
2024-07-06 15:00:00+00:00,30.1,35.199894,0.0,30.7,0.251
2024-07-06 16:00:00+00:00,28.75,40.7413,0.0,29.95,0.249
2024-07-06 17:00:00+00:00,26.9,47.183105,0.0,28.85,0.248
2024-07-06 18:00:00+00:00,24.9,52.435226,0.0,27.6,0.248
2024-07-06 19:00:00+00:00,23.65,58.93202,0.0,26.5,0.247
2024-07-06 20:00:00+00:00,22.55,68.01051,0.0,25.6,0.247
2024-07-06 21:00:00+00:00,21.3,76.2518,0.0,24.75,0.247
2024-07-06 22:00:00+00:00,20.1,82.88383,0.0,23.95,0.246
2024-07-06 23:00:00+00:00,19.3,86.82685,0.0,23.25,0.246
2024-07-07 00:00:00+00:00,18.8,88.72948,0.0,22.65,0.246
2024-07-07 01:00:00+00:00,19.1,88.75384,0.0,22.5,0.243
2024-07-07 02:00:00+00:00,18.75,88.164276,0.0,22.15,0.242
2024-07-07 03:00:00+00:00,18.35,86.46093,0.0,21.75,0.242
2024-07-07 04:00:00+00:00,19.5,80.72919,0.0,21.8,0.242
2024-07-07 05:00:00+00:00,21.6,74.155136,0.0,22.55,0.241
2024-07-07 06:00:00+00:00,24.05,65.35658,0.0,23.8,0.24
2024-07-07 07:00:00+00:00,26.1,57.113163,0.0,25.35,0.239
2024-07-07 08:00:00+00:00,27.9,51.21991,0.0,27.0,0.236
2024-07-07 09:00:00+00:00,29.45,46.963245,0.0,28.55,0.234
2024-07-07 10:00:00+00:00,30.85,40.92653,0.0,30.0,0.231
2024-07-07 11:00:00+00:00,31.9,36.746826,0.0,31.15,0.228
2024-07-07 12:00:00+00:00,32.35,35.36586,0.0,32.0,0.224
2024-07-07 13:00:00+00:00,32.65,36.1364,0.0,32.45,0.222
2024-07-07 14:00:00+00:00,32.15,36.933937,0.0,32.45,0.22
2024-07-07 15:00:00+00:00,31.1,37.60071,0.0,32.0,0.218
2024-07-07 16:00:00+00:00,29.7,39.70381,0.0,31.15,0.217
2024-07-07 17:00:00+00:00,27.8,45.48623,0.0,29.95,0.216
2024-07-07 18:00:00+00:00,25.9,51.687656,0.0,28.65,0.215
2024-07-07 19:00:00+00:00,24.3,59.27521,0.0,27.4,0.215
2024-07-07 20:00:00+00:00,22.8,66.98674,0.0,26.35,0.215
2024-07-07 21:00:00+00:00,21.4,74.83076,0.0,25.35,0.215
2024-07-07 22:00:00+00:00,20.35,79.56947,0.0,24.45,0.215
2024-07-07 23:00:00+00:00,19.9,79.253845,0.0,23.7,0.215
2024-07-08 00:00:00+00:00,19.5,81.76488,0.0,23.1,0.214
2024-07-08 01:00:00+00:00,19.3,87.65504,0.0,22.95,0.212
2024-07-08 02:00:00+00:00,18.75,90.71416,0.0,22.45,0.212
2024-07-08 03:00:00+00:00,18.35,91.26396,0.0,22.0,0.211
2024-07-08 04:00:00+00:00,19.5,85.75351,0.0,22.05,0.211
2024-07-08 05:00:00+00:00,21.75,76.56394,0.0,22.85,0.211
2024-07-08 06:00:00+00:00,24.35,65.41976,0.0,24.2,0.21
2024-07-08 07:00:00+00:00,26.5,57.209793,0.0,25.85,0.209
2024-07-08 08:00:00+00:00,28.5,50.729786,0.0,27.65,0.207
2024-07-08 09:00:00+00:00,30.35,46.027515,0.0,29.4,0.205
2024-07-08 10:00:00+00:00,31.85,43.198536,0.0,31.0,0.203
2024-07-08 11:00:00+00:00,33.1,40.5105,0.0,32.35,0.2
2024-07-08 12:00:00+00:00,34.05,37.693302,0.0,33.3,0.198
2024-07-08 13:00:00+00:00,34.5,36.07061,0.0,33.9,0.197
2024-07-08 14:00:00+00:00,34.65,32.62199,0.0,33.95,0.195
2024-07-08 15:00:00+00:00,33.85,33.460297,0.0,33.55,0.193
2024-07-08 16:00:00+00:00,32.55,37.400433,0.0,32.75,0.192
2024-07-08 17:00:00+00:00,30.8,40.78241,0.0,31.65,0.191
2024-07-08 18:00:00+00:00,29.0,42.284683,0.0,30.4,0.191
2024-07-08 19:00:00+00:00,27.55,44.260105,0.0,29.25,0.191
2024-07-08 20:00:00+00:00,26.0,48.48656,0.0,28.2,0.19
2024-07-08 21:00:00+00:00,24.7,52.045753,0.0,27.3,0.19
2024-07-08 22:00:00+00:00,23.85,54.412918,0.0,26.45,0.19
2024-07-08 23:00:00+00:00,23.05,57.28819,0.0,25.75,0.19
2024-07-09 00:00:00+00:00,22.45,58.07756,0.0,25.1,0.19
2024-07-09 01:00:00+00:00,22.8,59.301735,0.0,25.45,0.184
2024-07-09 02:00:00+00:00,22.55,59.820168,0.0,24.85,0.184
2024-07-09 03:00:00+00:00,22.55,60.99047,0.0,24.45,0.184
2024-07-09 04:00:00+00:00,23.5,60.042747,0.0,24.45,0.184
2024-07-09 05:00:00+00:00,25.45,55.876415,0.0,25.1,0.184
2024-07-09 06:00:00+00:00,28.15,44.8548,0.0,26.35,0.183
2024-07-09 07:00:00+00:00,30.45,36.70064,0.0,27.95,0.182
2024-07-09 08:00:00+00:00,32.55,34.07982,0.0,29.7,0.18
2024-07-09 09:00:00+00:00,34.5,28.545918,0.0,31.45,0.178
2024-07-09 10:00:00+00:00,35.6,26.425133,0.0,32.95,0.176
2024-07-09 11:00:00+00:00,36.45,25.382828,0.0,34.2,0.174
2024-07-09 12:00:00+00:00,36.85,23.723919,0.0,34.95,0.172
2024-07-09 13:00:00+00:00,36.4,22.471022,0.0,34.75,0.172
2024-07-09 14:00:00+00:00,34.35,30.71095,0.0,34.2,0.171
2024-07-09 15:00:00+00:00,34.35,32.540134,0.0,33.85,0.17
2024-07-09 16:00:00+00:00,33.15,36.043514,0.0,33.25,0.169
2024-07-09 17:00:00+00:00,31.05,44.082676,0.0,32.25,0.169
2024-07-09 18:00:00+00:00,29.6,46.70655,0.0,31.15,0.168
2024-07-09 19:00:00+00:00,28.35,50.37105,0.0,30.15,0.168
2024-07-09 20:00:00+00:00,27.3,53.725464,0.0,29.25,0.168
2024-07-09 21:00:00+00:00,26.5,55.956993,0.0,28.45,0.168
2024-07-09 22:00:00+00:00,25.6,58.830338,0.0,27.75,0.168
2024-07-09 23:00:00+00:00,24.8,61.70003,0.0,27.1,0.168
2024-07-10 00:00:00+00:00,24.55,61.643528,0.0,26.55,0.168
2024-07-10 01:00:00+00:00,24.95,61.538746,0.0,27.3,0.16
2024-07-10 02:00:00+00:00,24.85,61.321472,0.0,26.75,0.16
2024-07-10 03:00:00+00:00,24.75,65.092674,0.0,26.3,0.159
2024-07-10 04:00:00+00:00,25.75,63.29031,0.0,26.3,0.159
2024-07-10 05:00:00+00:00,27.5,57.090977,0.0,26.85,0.159
2024-07-10 06:00:00+00:00,29.8,46.759956,0.0,28.0,0.159
2024-07-10 07:00:00+00:00,32.0,39.95524,0.0,29.55,0.158
2024-07-10 08:00:00+00:00,33.75,34.630177,0.0,31.15,0.157
2024-07-10 09:00:00+00:00,35.05,30.90077,0.0,32.75,0.156
2024-07-10 10:00:00+00:00,36.05,28.044163,0.0,34.15,0.154
2024-07-10 11:00:00+00:00,36.6,26.774685,0.0,35.25,0.153
2024-07-10 12:00:00+00:00,36.55,26.848133,0.0,35.9,0.152
2024-07-10 13:00:00+00:00,36.2,24.026848,0.0,35.8,0.149
2024-07-10 14:00:00+00:00,35.8,22.995455,0.0,35.75,0.148
2024-07-10 15:00:00+00:00,34.6,27.210165,0.0,35.3,0.147
2024-07-10 16:00:00+00:00,32.75,38.298313,0.0,34.45,0.147
2024-07-10 17:00:00+00:00,31.1,42.319042,0.0,33.35,0.147
2024-07-10 18:00:00+00:00,29.6,48.818447,0.0,32.1,0.146
2024-07-10 19:00:00+00:00,28.5,50.250862,0.0,31.0,0.146
2024-07-10 20:00:00+00:00,27.25,55.088596,0.0,30.0,0.146
2024-07-10 21:00:00+00:00,26.6,57.596207,0.0,29.2,0.146
2024-07-10 22:00:00+00:00,26.1,59.134544,0.0,28.5,0.146
2024-07-10 23:00:00+00:00,26.5,57.029316,0.0,28.15,0.146
2024-07-11 00:00:00+00:00,26.65,53.22168,0.0,27.85,0.146
2024-07-11 01:00:00+00:00,25.1,58.5255,0.0,27.4,0.143
2024-07-11 02:00:00+00:00,24.75,62.27779,0.0,27.0,0.143
2024-07-11 03:00:00+00:00,24.5,61.2418,0.0,26.55,0.143
2024-07-11 04:00:00+00:00,26.15,57.30644,0.0,26.55,0.143
2024-07-11 05:00:00+00:00,27.45,54.791492,0.0,27.0,0.142
2024-07-11 06:00:00+00:00,29.85,46.331543,0.0,28.25,0.142
2024-07-11 07:00:00+00:00,31.6,42.321316,0.0,29.85,0.142
2024-07-11 08:00:00+00:00,33.4,34.978664,0.0,31.45,0.141
2024-07-11 09:00:00+00:00,33.15,37.20932,0.2,32.55,0.142
2024-07-11 10:00:00+00:00,34.2,31.981756,0.0,33.5,0.141
2024-07-11 11:00:00+00:00,35.15,27.090498,0.0,34.5,0.141
2024-07-11 12:00:00+00:00,36.0,23.975487,0.0,35.45,0.14
2024-07-11 13:00:00+00:00,36.1,21.954462,0.0,36.15,0.139
2024-07-11 14:00:00+00:00,35.75,22.233398,0.0,36.2,0.138
2024-07-11 15:00:00+00:00,34.85,23.680046,0.0,35.9,0.138
2024-07-11 16:00:00+00:00,33.7,24.017904,0.0,35.1,0.138
2024-07-11 17:00:00+00:00,32.25,26.495924,0.0,34.0,0.137
2024-07-11 18:00:00+00:00,30.05,31.359371,0.0,32.65,0.137
2024-07-11 19:00:00+00:00,28.35,38.18916,0.0,31.35,0.137
2024-07-11 20:00:00+00:00,26.4,45.993122,0.0,30.1,0.137
2024-07-11 21:00:00+00:00,25.15,51.99417,0.0,28.95,0.137
2024-07-11 22:00:00+00:00,24.4,58.921146,0.0,28.05,0.137
2024-07-11 23:00:00+00:00,23.7,67.8097,0.0,27.3,0.137
2024-07-12 00:00:00+00:00,23.25,71.23022,0.0,26.65,0.137
2024-07-12 01:00:00+00:00,23.7,70.64393,0.0,26.8,0.131
2024-07-12 02:00:00+00:00,23.55,75.418236,0.0,26.35,0.131
2024-07-12 03:00:00+00:00,23.4,76.10356,0.0,25.95,0.131
2024-07-12 04:00:00+00:00,24.35,70.986084,0.0,25.95,0.131
2024-07-12 05:00:00+00:00,26.5,59.789505,0.0,26.75,0.13
2024-07-12 06:00:00+00:00,28.85,48.92999,0.0,28.1,0.13
2024-07-12 07:00:00+00:00,30.85,42.2508,0.0,29.75,0.13
2024-07-12 08:00:00+00:00,32.6,36.587692,0.0,31.6,0.13
2024-07-12 09:00:00+00:00,33.75,34.19051,0.0,33.3,0.13
2024-07-12 10:00:00+00:00,34.9,29.21511,0.0,34.9,0.13
2024-07-12 11:00:00+00:00,35.7,24.535572,0.0,36.1,0.129
2024-07-12 12:00:00+00:00,35.85,22.332535,0.0,36.9,0.129
2024-07-12 13:00:00+00:00,35.3,28.946798,0.0,37.0,0.133
2024-07-12 14:00:00+00:00,35.0,29.053616,0.0,37.0,0.133
2024-07-12 15:00:00+00:00,34.5,28.545918,0.0,36.5,0.133
2024-07-12 16:00:00+00:00,33.45,27.804049,0.0,35.6,0.132
2024-07-12 17:00:00+00:00,32.0,29.483797,0.0,34.4,0.132
2024-07-12 18:00:00+00:00,30.0,32.93806,0.0,32.95,0.132
2024-07-12 19:00:00+00:00,28.1,37.870003,0.0,31.55,0.132
2024-07-12 20:00:00+00:00,26.5,43.119213,0.0,30.25,0.132
2024-07-12 21:00:00+00:00,25.4,46.17132,0.0,29.15,0.132
2024-07-12 22:00:00+00:00,24.3,49.4659,0.0,28.15,0.132
2024-07-12 23:00:00+00:00,23.25,53.733414,0.0,27.25,0.132
2024-07-13 00:00:00+00:00,22.25,58.407665,0.0,26.45,0.132
2024-07-13 01:00:00+00:00,23.1,56.19706,0.0,26.3,0.129
2024-07-13 02:00:00+00:00,22.85,55.40935,0.0,25.75,0.129
2024-07-13 03:00:00+00:00,22.65,56.819984,0.0,25.35,0.129
2024-07-13 04:00:00+00:00,23.95,55.504463,0.0,25.4,0.129
2024-07-13 05:00:00+00:00,26.3,50.317482,0.0,26.3,0.129
2024-07-13 06:00:00+00:00,29.05,42.162518,0.0,27.85,0.129
2024-07-13 07:00:00+00:00,31.4,39.663654,0.0,29.8,0.129
2024-07-13 08:00:00+00:00,33.15,37.68484,0.0,31.8,0.129
2024-07-13 09:00:00+00:00,32.5,43.646805,0.3,33.15,0.131
2024-07-13 10:00:00+00:00,34.6,38.201656,0.0,34.65,0.131
2024-07-13 11:00:00+00:00,35.8,34.316044,0.0,36.1,0.13
2024-07-13 12:00:00+00:00,36.5,31.692225,0.0,37.15,0.13
2024-07-13 13:00:00+00:00,35.9,28.459433,0.0,37.4,0.127
2024-07-13 14:00:00+00:00,35.4,28.973608,0.0,37.3,0.127
2024-07-13 15:00:00+00:00,35.0,26.526028,0.0,36.75,0.127
2024-07-13 16:00:00+00:00,33.75,27.79323,0.0,35.95,0.127
2024-07-13 17:00:00+00:00,32.05,30.985823,0.0,34.7,0.127
2024-07-13 18:00:00+00:00,30.0,36.220173,0.0,33.3,0.127
2024-07-13 19:00:00+00:00,28.55,40.291622,0.0,31.95,0.127
2024-07-13 20:00:00+00:00,27.05,45.429195,0.0,30.7,0.127
2024-07-13 21:00:00+00:00,25.75,50.66078,0.0,29.6,0.127
2024-07-13 22:00:00+00:00,24.65,55.14433,0.0,28.55,0.127
2024-07-13 23:00:00+00:00,23.45,59.455338,0.0,27.6,0.127
2024-07-14 00:00:00+00:00,22.6,61.59455,0.0,26.75,0.127
2024-07-14 01:00:00+00:00,22.7,63.83266,0.0,26.3,0.131
2024-07-14 02:00:00+00:00,22.2,63.92836,0.0,25.7,0.13
2024-07-14 03:00:00+00:00,21.75,64.03603,0.0,25.15,0.13
2024-07-14 04:00:00+00:00,23.1,59.37271,0.0,25.1,0.13
2024-07-14 05:00:00+00:00,25.55,52.771667,0.0,25.9,0.13
2024-07-14 06:00:00+00:00,28.4,42.943863,0.0,27.45,0.13
2024-07-14 07:00:00+00:00,31.05,32.158775,0.0,29.4,0.13
2024-07-14 08:00:00+00:00,33.25,22.42304,0.0,31.5,0.13
2024-07-14 09:00:00+00:00,34.45,19.99915,0.0,33.45,0.13
2024-07-14 10:00:00+00:00,35.3,18.884989,0.0,35.2,0.129
2024-07-14 11:00:00+00:00,35.9,18.023375,0.0,36.55,0.129
2024-07-14 12:00:00+00:00,36.2,18.340574,0.0,37.5,0.129
2024-07-14 13:00:00+00:00,35.6,18.892405,0.0,37.75,0.133
2024-07-14 14:00:00+00:00,35.1,18.456331,0.0,37.6,0.133
2024-07-14 15:00:00+00:00,34.25,19.882664,0.0,36.95,0.132
2024-07-14 16:00:00+00:00,32.4,23.76103,0.0,35.85,0.132
2024-07-14 17:00:00+00:00,30.3,25.453222,0.0,34.4,0.132
2024-07-14 18:00:00+00:00,27.9,32.35369,0.0,32.7,0.132
2024-07-14 19:00:00+00:00,26.3,37.240746,0.0,31.15,0.132
2024-07-14 20:00:00+00:00,24.8,42.647575,0.0,29.7,0.132
2024-07-14 21:00:00+00:00,22.9,50.072697,0.0,28.35,0.132
2024-07-14 22:00:00+00:00,21.55,54.004566,0.0,27.15,0.132
2024-07-14 23:00:00+00:00,20.75,55.794056,0.0,26.1,0.132
2024-07-15 00:00:00+00:00,20.35,59.2985,0.0,25.25,0.132
2024-07-15 01:00:00+00:00,19.95,64.688095,0.0,24.55,0.128
2024-07-15 02:00:00+00:00,19.3,67.79311,0.0,23.95,0.128
2024-07-15 03:00:00+00:00,18.8,68.13588,0.0,23.35,0.128
2024-07-15 04:00:00+00:00,20.45,64.796455,0.0,23.3,0.128
2024-07-15 05:00:00+00:00,22.95,64.29705,0.0,24.25,0.128
2024-07-15 06:00:00+00:00,26.1,57.294384,0.0,25.9,0.128
2024-07-15 07:00:00+00:00,29.45,40.410275,0.0,28.1,0.128
2024-07-15 08:00:00+00:00,32.25,26.672861,0.0,30.45,0.128
2024-07-15 09:00:00+00:00,34.45,17.503069,0.0,32.65,0.127
2024-07-15 10:00:00+00:00,35.1,19.160072,0.0,34.4,0.127
2024-07-15 11:00:00+00:00,35.75,19.777433,0.0,35.8,0.127
2024-07-15 12:00:00+00:00,36.05,19.38806,0.0,36.8,0.127
2024-07-15 13:00:00+00:00,36.25,19.765396,0.0,37.3,0.126
2024-07-15 14:00:00+00:00,35.75,19.185965,0.0,37.3,0.126
2024-07-15 15:00:00+00:00,34.95,20.741276,0.0,36.8,0.126
2024-07-15 16:00:00+00:00,34.1,22.262808,0.0,35.95,0.126
2024-07-15 17:00:00+00:00,32.4,24.656101,0.0,34.7,0.126
2024-07-15 18:00:00+00:00,29.9,27.398647,0.0,33.15,0.126
2024-07-15 19:00:00+00:00,28.15,29.711418,0.0,31.65,0.126
2024-07-15 20:00:00+00:00,26.65,32.43977,0.0,30.35,0.126
2024-07-15 21:00:00+00:00,25.05,36.887844,0.0,29.1,0.126
2024-07-15 22:00:00+00:00,23.95,40.33519,0.0,28.0,0.126
2024-07-15 23:00:00+00:00,23.05,43.44919,0.0,27.05,0.126
2024-07-16 00:00:00+00:00,22.65,45.265427,0.0,26.25,0.126
2024-07-16 01:00:00+00:00,23.3,45.596195,0.0,26.3,0.126
2024-07-16 02:00:00+00:00,23.0,48.63441,0.0,25.75,0.126
2024-07-16 03:00:00+00:00,22.3,55.633755,0.0,25.25,0.126
2024-07-16 04:00:00+00:00,23.75,55.814278,0.0,25.15,0.126
2024-07-16 05:00:00+00:00,26.2,50.941746,0.0,26.05,0.126
2024-07-16 06:00:00+00:00,29.1,44.25577,0.0,27.75,0.125
2024-07-16 07:00:00+00:00,31.95,35.255417,0.0,29.65,0.125
2024-07-16 08:00:00+00:00,33.65,29.067526,0.0,31.6,0.125
2024-07-16 09:00:00+00:00,34.55,30.469252,0.0,33.4,0.125
2024-07-16 10:00:00+00:00,35.85,24.73604,0.0,35.15,0.125
2024-07-16 11:00:00+00:00,37.0,20.41743,0.0,36.6,0.125
2024-07-16 12:00:00+00:00,37.7,18.756292,0.0,37.7,0.125
2024-07-16 13:00:00+00:00,38.0,18.330137,0.0,38.15,0.126
2024-07-16 14:00:00+00:00,37.95,17.418013,0.0,38.35,0.126
2024-07-16 15:00:00+00:00,37.05,17.925856,0.0,38.0,0.126
2024-07-16 16:00:00+00:00,35.85,19.209913,0.0,37.1,0.126
2024-07-16 17:00:00+00:00,34.25,20.77842,0.0,35.85,0.126
2024-07-16 18:00:00+00:00,32.1,22.130516,0.0,34.4,0.126
2024-07-16 19:00:00+00:00,30.6,24.515423,0.0,33.05,0.126
2024-07-16 20:00:00+00:00,29.0,28.18528,0.0,31.8,0.126
2024-07-16 21:00:00+00:00,27.65,31.960327,0.0,30.7,0.126
2024-07-16 22:00:00+00:00,26.6,36.831997,0.0,29.75,0.126
2024-07-16 23:00:00+00:00,25.8,41.53508,0.0,28.9,0.125
2024-07-17 00:00:00+00:00,25.1,49.35679,0.0,28.15,0.125
2024-07-17 01:00:00+00:00,24.2,53.453896,0.0,27.35,0.124
2024-07-17 02:00:00+00:00,23.95,54.438187,0.0,26.75,0.124
2024-07-17 03:00:00+00:00,24.05,59.21624,0.0,26.35,0.124
2024-07-17 04:00:00+00:00,25.7,61.12769,0.0,26.45,0.124
2024-07-17 05:00:00+00:00,28.3,58.910458,0.0,27.45,0.124
2024-07-17 06:00:00+00:00,30.75,52.92416,0.0,29.05,0.124
2024-07-17 07:00:00+00:00,33.25,44.122334,0.0,31.1,0.124
2024-07-17 08:00:00+00:00,35.85,35.315224,0.0,33.25,0.123
2024-07-17 09:00:00+00:00,37.4,27.421352,0.0,35.05,0.123
2024-07-17 10:00:00+00:00,37.8,24.596365,0.0,36.5,0.123
2024-07-17 11:00:00+00:00,38.25,22.055973,0.0,37.7,0.123
2024-07-17 12:00:00+00:00,38.35,21.865288,0.0,38.45,0.123
2024-07-17 13:00:00+00:00,37.85,23.287464,0.0,38.55,0.123
2024-07-17 14:00:00+00:00,37.4,23.70928,0.0,38.55,0.123
2024-07-17 15:00:00+00:00,37.3,22.69764,0.0,38.2,0.123
2024-07-17 16:00:00+00:00,36.55,22.958271,0.0,37.5,0.123
2024-07-17 17:00:00+00:00,35.15,24.880192,0.0,36.4,0.122
2024-07-17 18:00:00+00:00,32.3,29.565413,0.0,34.9,0.122
2024-07-17 19:00:00+00:00,31.4,31.524155,0.0,33.5,0.122
2024-07-17 20:00:00+00:00,30.4,33.48559,0.0,32.4,0.122
2024-07-17 21:00:00+00:00,29.15,37.301907,0.0,31.4,0.122
2024-07-17 22:00:00+00:00,27.5,44.10347,0.0,30.45,0.122
2024-07-17 23:00:00+00:00,25.95,50.876534,0.0,29.5,0.122
2024-07-18 00:00:00+00:00,25.15,53.868664,0.0,28.6,0.122
2024-07-18 01:00:00+00:00,24.65,57.492184,0.0,28.25,0.122
2024-07-18 02:00:00+00:00,24.5,55.820454,0.0,27.6,0.122
2024-07-18 03:00:00+00:00,24.3,55.77088,0.0,27.05,0.122
2024-07-18 04:00:00+00:00,25.65,52.966957,0.0,27.0,0.122
2024-07-18 05:00:00+00:00,28.4,47.888733,0.0,27.85,0.122
2024-07-18 06:00:00+00:00,31.45,40.058655,0.0,29.5,0.122
2024-07-18 07:00:00+00:00,34.3,33.15713,0.0,31.65,0.122
2024-07-18 08:00:00+00:00,36.8,25.22692,0.0,33.9,0.122
2024-07-18 09:00:00+00:00,38.0,22.873869,0.0,35.85,0.122
2024-07-18 10:00:00+00:00,38.95,19.43349,0.0,37.35,0.122
2024-07-18 11:00:00+00:00,39.35,18.21776,0.0,38.55,0.122
2024-07-18 12:00:00+00:00,39.55,17.375004,0.0,39.5,0.122
2024-07-18 13:00:00+00:00,39.5,16.848772,0.0,39.75,0.122
2024-07-18 14:00:00+00:00,39.15,17.8117,0.0,39.8,0.121
2024-07-18 15:00:00+00:00,38.2,18.811464,0.0,39.35,0.121
2024-07-18 16:00:00+00:00,37.05,18.91823,0.0,38.5,0.121
2024-07-18 17:00:00+00:00,35.1,22.66631,0.0,37.25,0.121
2024-07-18 18:00:00+00:00,33.2,27.284018,0.0,35.75,0.121
2024-07-18 19:00:00+00:00,31.6,31.372906,0.0,34.45,0.121
2024-07-18 20:00:00+00:00,29.95,38.634384,0.0,33.2,0.121
2024-07-18 21:00:00+00:00,28.75,44.16049,0.0,32.1,0.121
2024-07-18 22:00:00+00:00,27.75,47.563095,0.0,31.15,0.121
2024-07-18 23:00:00+00:00,26.65,51.38651,0.0,30.2,0.121
2024-07-19 00:00:00+00:00,25.75,53.675797,0.0,29.35,0.121
2024-07-19 01:00:00+00:00,26.3,52.963364,0.0,29.5,0.121
2024-07-19 02:00:00+00:00,26.05,49.92927,0.0,28.85,0.121
2024-07-19 03:00:00+00:00,25.7,53.14986,0.0,28.35,0.121
2024-07-19 04:00:00+00:00,26.6,55.45221,0.0,28.2,0.121
2024-07-19 05:00:00+00:00,28.8,53.595554,0.0,28.9,0.121
2024-07-19 06:00:00+00:00,31.1,46.373196,0.0,30.25,0.121
2024-07-19 07:00:00+00:00,33.5,40.619534,0.0,32.1,0.121
2024-07-19 08:00:00+00:00,35.4,35.526478,0.0,34.1,0.121
2024-07-19 09:00:00+00:00,36.25,33.057384,0.0,35.8,0.121
2024-07-19 10:00:00+00:00,37.0,30.25573,0.0,37.2,0.121
2024-07-19 11:00:00+00:00,33.85,39.957043,0.3,36.75,0.123
2024-07-19 12:00:00+00:00,36.1,32.601624,0.0,37.9,0.123
2024-07-19 13:00:00+00:00,34.15,37.365643,0.0,37.55,0.122
2024-07-19 14:00:00+00:00,34.5,34.286846,0.0,37.4,0.122
2024-07-19 15:00:00+00:00,33.3,39.30844,0.0,37.0,0.122
2024-07-19 16:00:00+00:00,32.85,40.569893,0.0,36.05,0.122
2024-07-19 17:00:00+00:00,32.45,40.845753,0.0,35.05,0.122
2024-07-19 18:00:00+00:00,31.25,45.404816,0.0,33.95,0.122
2024-07-19 19:00:00+00:00,30.3,48.23945,0.0,33.0,0.122
2024-07-19 20:00:00+00:00,29.3,51.25736,0.0,32.1,0.121
2024-07-19 21:00:00+00:00,28.1,55.646225,0.0,31.2,0.121
2024-07-19 22:00:00+00:00,27.05,59.916798,0.0,30.4,0.121
2024-07-19 23:00:00+00:00,26.35,62.63323,0.0,29.65,0.121
2024-07-20 00:00:00+00:00,25.8,64.9069,0.0,29.05,0.121
2024-07-20 01:00:00+00:00,25.15,75.20868,0.0,28.1,0.121
2024-07-20 02:00:00+00:00,24.7,76.54289,0.0,27.65,0.121
2024-07-20 03:00:00+00:00,24.45,75.797005,0.0,27.2,0.121
2024-07-20 04:00:00+00:00,25.35,70.72891,0.0,27.15,0.121
2024-07-20 05:00:00+00:00,27.4,62.08817,0.0,27.9,0.121
2024-07-20 06:00:00+00:00,29.9,51.090874,0.0,29.3,0.12
2024-07-20 07:00:00+00:00,32.1,39.103455,0.0,31.15,0.12
2024-07-20 08:00:00+00:00,33.65,33.298477,0.0,33.1,0.12
2024-07-20 09:00:00+00:00,34.9,30.270456,0.0,35.05,0.12
2024-07-20 10:00:00+00:00,35.85,27.276009,0.0,36.75,0.12
2024-07-20 11:00:00+00:00,36.3,26.35192,0.0,38.15,0.12
2024-07-20 12:00:00+00:00,36.75,25.296015,0.0,39.2,0.12
2024-07-20 13:00:00+00:00,36.7,26.116722,0.0,39.5,0.123
2024-07-20 14:00:00+00:00,36.3,26.695711,0.0,39.45,0.123
2024-07-20 15:00:00+00:00,35.2,28.27247,0.0,38.85,0.122
2024-07-20 16:00:00+00:00,33.75,29.861938,0.0,37.75,0.122
2024-07-20 17:00:00+00:00,32.05,32.539974,0.0,36.3,0.122
2024-07-20 18:00:00+00:00,30.2,37.230362,0.0,34.65,0.122
2024-07-20 19:00:00+00:00,29.0,42.14877,0.0,33.25,0.122
2024-07-20 20:00:00+00:00,27.55,53.449493,0.0,32.0,0.122
2024-07-20 21:00:00+00:00,26.2,66.62973,0.0,30.9,0.122
2024-07-20 22:00:00+00:00,25.25,75.6898,0.0,29.9,0.122
2024-07-20 23:00:00+00:00,24.6,80.89039,0.0,29.05,0.122
2024-07-21 00:00:00+00:00,24.05,84.63289,0.0,28.3,0.122
2024-07-21 01:00:00+00:00,23.7,92.999855,0.0,27.45,0.123
2024-07-21 02:00:00+00:00,23.35,94.98293,0.0,26.95,0.123
2024-07-21 03:00:00+00:00,23.1,96.13603,0.0,26.55,0.123
2024-07-21 04:00:00+00:00,24.05,91.61792,0.0,26.5,0.123
2024-07-21 05:00:00+00:00,26.1,80.34718,0.0,27.35,0.123
2024-07-21 06:00:00+00:00,28.3,68.293785,0.0,28.8,0.123
2024-07-21 07:00:00+00:00,30.75,52.11087,0.0,30.75,0.123
2024-07-21 08:00:00+00:00,33.1,38.03126,0.0,32.95,0.123
2024-07-21 09:00:00+00:00,34.85,32.158875,0.0,35.15,0.123
2024-07-21 10:00:00+00:00,36.15,28.618006,0.0,37.15,0.122
2024-07-21 11:00:00+00:00,37.0,26.026453,0.0,38.75,0.122
2024-07-21 12:00:00+00:00,37.55,24.215578,0.0,40.0,0.122
2024-07-21 13:00:00+00:00,37.95,26.528496,0.0,40.7,0.123
2024-07-21 14:00:00+00:00,37.85,25.91307,0.0,40.65,0.123
2024-07-21 15:00:00+00:00,36.8,27.26304,0.0,39.65,0.123
2024-07-21 16:00:00+00:00,36.55,27.996675,0.0,38.9,0.123
2024-07-21 17:00:00+00:00,34.45,43.898376,0.0,37.6,0.123
2024-07-21 18:00:00+00:00,32.55,35.307503,0.0,35.95,0.123
2024-07-21 19:00:00+00:00,31.0,39.934856,0.0,34.6,0.123
2024-07-21 20:00:00+00:00,29.8,43.188896,0.0,33.4,0.123
2024-07-21 21:00:00+00:00,28.3,46.209896,0.0,32.3,0.123
2024-07-21 22:00:00+00:00,27.3,49.46107,0.0,31.35,0.123
2024-07-21 23:00:00+00:00,26.55,51.360584,0.0,30.45,0.123
2024-07-22 00:00:00+00:00,25.35,56.209557,0.0,29.6,0.122
2024-07-22 01:00:00+00:00,24.9,61.7226,0.0,28.4,0.123
2024-07-22 02:00:00+00:00,24.3,66.44913,0.0,27.9,0.123
2024-07-22 03:00:00+00:00,23.75,70.653244,0.0,27.45,0.123
2024-07-22 04:00:00+00:00,24.55,70.580826,0.0,27.3,0.123
2024-07-22 05:00:00+00:00,26.45,66.68056,0.0,28.0,0.123
2024-07-22 06:00:00+00:00,29.1,54.856136,0.0,29.5,0.123
2024-07-22 07:00:00+00:00,31.4,43.623806,0.0,31.5,0.123
2024-07-22 08:00:00+00:00,33.7,34.83814,0.0,33.75,0.123
2024-07-22 09:00:00+00:00,35.5,31.421555,0.0,36.0,0.122
2024-07-22 10:00:00+00:00,36.6,30.052444,0.0,37.95,0.122
2024-07-22 11:00:00+00:00,37.35,28.845963,0.0,39.6,0.122
2024-07-22 12:00:00+00:00,37.5,28.429504,0.0,40.35,0.122
2024-07-22 13:00:00+00:00,37.75,27.778515,0.0,40.7,0.117
2024-07-22 14:00:00+00:00,37.9,26.857456,0.0,41.1,0.117
2024-07-22 15:00:00+00:00,37.05,26.54875,0.0,40.4,0.117
2024-07-22 16:00:00+00:00,33.95,38.143925,0.0,39.15,0.117
2024-07-22 17:00:00+00:00,33.0,39.850395,0.0,37.5,0.117
2024-07-22 18:00:00+00:00,31.3,45.13373,0.0,35.85,0.117
2024-07-22 19:00:00+00:00,30.2,49.283764,0.0,34.45,0.117
2024-07-22 20:00:00+00:00,29.35,52.243233,0.0,33.25,0.117
2024-07-22 21:00:00+00:00,28.55,53.030853,0.0,32.25,0.117
2024-07-22 22:00:00+00:00,27.9,53.706734,0.0,31.4,0.117
2024-07-22 23:00:00+00:00,27.25,56.140614,0.0,30.7,0.117
2024-07-23 00:00:00+00:00,26.7,59.648403,0.0,30.05,0.117
2024-07-23 01:00:00+00:00,25.9,68.03382,0.0,28.65,0.122
2024-07-23 02:00:00+00:00,25.2,71.58481,0.0,28.2,0.122
2024-07-23 03:00:00+00:00,25.05,71.78034,0.0,27.9,0.122
2024-07-23 04:00:00+00:00,25.7,69.2739,0.0,27.85,0.122
2024-07-23 05:00:00+00:00,27.55,62.121464,0.0,28.6,0.122
2024-07-23 06:00:00+00:00,29.45,53.925987,0.0,30.05,0.122
2024-07-23 07:00:00+00:00,31.25,47.73838,0.0,31.95,0.122
2024-07-23 08:00:00+00:00,32.75,43.170933,0.0,33.85,0.122
2024-07-23 09:00:00+00:00,33.1,41.54126,0.0,35.0,0.122
2024-07-23 10:00:00+00:00,34.0,38.27794,0.0,36.2,0.122
2024-07-23 11:00:00+00:00,34.7,36.011528,0.0,37.4,0.122
2024-07-23 12:00:00+00:00,35.4,32.722176,0.0,38.4,0.122
2024-07-23 13:00:00+00:00,30.85,49.60751,0.9,36.1,0.128
2024-07-23 14:00:00+00:00,32.2,41.82062,0.0,36.2,0.128
2024-07-23 15:00:00+00:00,27.85,63.942455,4.7,34.1,0.187
2024-07-23 16:00:00+00:00,28.6,56.821697,0.5,32.2,0.193
2024-07-23 17:00:00+00:00,28.1,62.05111,0.0,31.2,0.192
2024-07-23 18:00:00+00:00,26.35,70.26001,0.0,30.1,0.192
2024-07-23 19:00:00+00:00,26.15,68.29445,0.0,29.2,0.192
2024-07-23 20:00:00+00:00,26.4,60.143215,0.0,28.55,0.192
2024-07-23 21:00:00+00:00,25.6,63.257515,0.0,28.0,0.192
2024-07-23 22:00:00+00:00,24.85,67.40223,0.0,27.55,0.192
2024-07-23 23:00:00+00:00,24.3,68.78814,0.0,27.1,0.191
2024-07-24 00:00:00+00:00,23.75,70.21066,0.0,26.7,0.191
2024-07-24 01:00:00+00:00,23.8,73.59876,0.0,26.8,0.132
2024-07-24 02:00:00+00:00,23.25,76.79588,0.0,26.4,0.132
2024-07-24 03:00:00+00:00,22.85,78.431786,0.0,26.0,0.132
2024-07-24 04:00:00+00:00,23.55,75.418236,0.0,25.95,0.131
2024-07-24 05:00:00+00:00,25.65,66.725395,0.0,26.65,0.131
2024-07-24 06:00:00+00:00,28.05,56.68905,0.0,28.1,0.131
2024-07-24 07:00:00+00:00,30.25,44.851086,0.0,29.95,0.131
2024-07-24 08:00:00+00:00,32.2,32.900204,0.0,31.85,0.131
2024-07-24 09:00:00+00:00,33.5,27.726273,0.0,33.75,0.131
2024-07-24 10:00:00+00:00,34.45,24.69809,0.0,35.4,0.13
2024-07-24 11:00:00+00:00,35.15,23.444572,0.0,36.8,0.13
2024-07-24 12:00:00+00:00,35.65,21.696772,0.0,37.85,0.13
2024-07-24 13:00:00+00:00,36.1,23.455029,0.0,38.3,0.133
2024-07-24 14:00:00+00:00,35.6,23.715801,0.0,38.25,0.133
2024-07-24 15:00:00+00:00,34.85,24.557844,0.0,37.8,0.133
2024-07-24 16:00:00+00:00,33.4,27.068697,0.0,36.75,0.132
2024-07-24 17:00:00+00:00,31.7,29.890892,0.0,35.4,0.132
2024-07-24 18:00:00+00:00,30.05,33.060604,0.0,33.9,0.132
2024-07-24 19:00:00+00:00,28.95,35.692276,0.0,32.6,0.132
2024-07-24 20:00:00+00:00,27.85,41.156784,0.0,31.45,0.132
2024-07-24 21:00:00+00:00,26.3,56.26357,0.0,30.4,0.132
2024-07-24 22:00:00+00:00,25.4,66.46639,0.0,29.5,0.132
2024-07-24 23:00:00+00:00,24.55,70.36071,0.0,28.7,0.132
2024-07-25 00:00:00+00:00,24.3,69.22107,0.0,28.05,0.132
2024-07-25 01:00:00+00:00,24.45,78.177246,0.0,27.9,0.134
2024-07-25 02:00:00+00:00,24.55,75.111694,0.0,27.5,0.134
2024-07-25 03:00:00+00:00,24.4,74.16055,0.0,27.15,0.134
2024-07-25 04:00:00+00:00,24.75,72.17407,0.0,27.05,0.134
2024-07-25 05:00:00+00:00,25.55,60.136425,0.0,27.4,0.134
2024-07-25 06:00:00+00:00,26.5,56.490917,0.0,28.25,0.134
2024-07-25 07:00:00+00:00,27.85,51.86011,0.0,29.45,0.133
2024-07-25 08:00:00+00:00,28.75,48.903683,0.0,30.6,0.133
2024-07-25 09:00:00+00:00,29.0,47.592968,0.0,31.8,0.133
2024-07-25 10:00:00+00:00,29.0,48.96945,0.5,32.5,0.137
2024-07-25 11:00:00+00:00,30.0,44.783566,0.0,33.65,0.136
2024-07-25 12:00:00+00:00,27.7,53.82603,0.3,33.3,0.138
2024-07-25 13:00:00+00:00,25.6,62.86126,0.5,32.2,0.15
2024-07-25 14:00:00+00:00,26.85,55.689724,0.0,31.85,0.15
2024-07-25 15:00:00+00:00,27.55,50.48301,0.0,31.95,0.15
2024-07-25 16:00:00+00:00,27.2,48.805653,0.0,31.5,0.149
2024-07-25 17:00:00+00:00,26.35,50.330574,0.0,30.55,0.149
2024-07-25 18:00:00+00:00,25.0,55.40901,0.0,29.4,0.149
2024-07-25 19:00:00+00:00,24.1,59.228016,0.0,28.35,0.149
2024-07-25 20:00:00+00:00,23.25,63.343063,0.0,27.45,0.149
2024-07-25 21:00:00+00:00,22.55,67.57873,0.0,26.65,0.149
2024-07-25 22:00:00+00:00,21.95,71.443275,0.0,26.0,0.149
2024-07-25 23:00:00+00:00,21.3,75.290726,0.0,25.4,0.149
2024-07-26 00:00:00+00:00,20.65,79.611145,0.0,24.8,0.149
2024-07-26 01:00:00+00:00,20.55,75.890785,0.0,24.1,0.158
2024-07-26 02:00:00+00:00,20.25,78.55014,0.0,23.75,0.158
2024-07-26 03:00:00+00:00,20.05,81.31656,0.0,23.45,0.158
2024-07-26 04:00:00+00:00,20.8,78.629776,0.0,23.45,0.158
2024-07-26 05:00:00+00:00,22.55,70.20597,0.0,24.15,0.158
2024-07-26 06:00:00+00:00,24.55,60.671837,0.0,25.4,0.158
2024-07-26 07:00:00+00:00,26.15,53.434807,0.0,26.95,0.157
2024-07-26 08:00:00+00:00,27.75,46.807003,0.0,28.65,0.156
2024-07-26 09:00:00+00:00,29.1,40.838123,0.0,30.35,0.155
2024-07-26 10:00:00+00:00,30.35,37.151497,0.0,31.95,0.154
2024-07-26 11:00:00+00:00,31.2,34.038048,0.0,33.2,0.153
2024-07-26 12:00:00+00:00,31.7,31.710196,0.0,34.15,0.152
2024-07-26 13:00:00+00:00,31.65,29.975847,0.0,34.35,0.153
2024-07-26 14:00:00+00:00,31.85,28.770403,0.0,34.45,0.152
2024-07-26 15:00:00+00:00,31.35,29.017088,0.0,34.1,0.152
2024-07-26 16:00:00+00:00,30.55,30.372387,0.0,33.25,0.151
2024-07-26 17:00:00+00:00,29.5,32.475266,0.0,32.1,0.151
2024-07-26 18:00:00+00:00,27.65,37.004562,0.0,30.75,0.15
2024-07-26 19:00:00+00:00,26.5,41.185493,0.0,29.6,0.15
2024-07-26 20:00:00+00:00,25.4,44.831158,0.0,28.55,0.15
2024-07-26 21:00:00+00:00,24.3,49.30458,0.0,27.6,0.15
2024-07-26 22:00:00+00:00,23.2,54.60243,0.0,26.75,0.15
2024-07-26 23:00:00+00:00,22.25,59.943417,0.0,25.9,0.15
2024-07-27 00:00:00+00:00,22.95,56.893703,0.0,25.15,0.15
2024-07-27 01:00:00+00:00,22.45,65.43457,0.0,25.15,0.148
2024-07-27 02:00:00+00:00,21.8,69.84054,0.0,24.75,0.148
2024-07-27 03:00:00+00:00,21.05,70.82278,0.0,24.3,0.148
2024-07-27 04:00:00+00:00,22.0,64.712204,0.0,24.2,0.148
2024-07-27 05:00:00+00:00,23.7,62.042145,0.0,24.85,0.148
2024-07-27 06:00:00+00:00,25.7,55.93803,0.0,26.25,0.148
2024-07-27 07:00:00+00:00,27.5,49.5137,0.0,28.1,0.147
2024-07-27 08:00:00+00:00,29.25,42.08198,0.0,30.05,0.146
2024-07-27 09:00:00+00:00,31.0,34.765865,0.0,31.85,0.146
2024-07-27 10:00:00+00:00,32.65,29.75786,0.0,33.5,0.145
2024-07-27 11:00:00+00:00,33.4,27.158026,0.0,34.85,0.144
2024-07-27 12:00:00+00:00,34.05,24.512493,0.0,35.85,0.143
2024-07-27 13:00:00+00:00,34.25,23.920647,0.0,36.15,0.145
2024-07-27 14:00:00+00:00,33.75,24.191582,0.0,35.9,0.144
2024-07-27 15:00:00+00:00,33.65,23.449945,0.0,35.5,0.144
2024-07-27 16:00:00+00:00,31.9,27.846558,0.0,34.5,0.143
2024-07-27 17:00:00+00:00,30.65,29.505793,0.0,33.25,0.143
2024-07-27 18:00:00+00:00,27.95,43.659176,0.0,31.75,0.143
2024-07-27 19:00:00+00:00,26.55,50.382973,0.0,30.45,0.143
2024-07-27 20:00:00+00:00,25.45,53.256798,0.0,29.35,0.143
2024-07-27 21:00:00+00:00,24.45,57.07668,0.0,28.35,0.143
2024-07-27 22:00:00+00:00,23.1,63.512764,0.0,27.4,0.143
2024-07-27 23:00:00+00:00,22.35,67.53829,0.0,26.55,0.142
2024-07-28 00:00:00+00:00,21.7,71.170395,0.0,25.8,0.142
2024-07-28 01:00:00+00:00,21.25,76.97195,0.0,25.0,0.142
2024-07-28 02:00:00+00:00,20.75,79.624985,0.0,24.45,0.142
2024-07-28 03:00:00+00:00,20.45,81.11084,0.0,24.0,0.142
2024-07-28 04:00:00+00:00,21.8,74.42424,0.0,23.95,0.142
2024-07-28 05:00:00+00:00,24.2,64.15868,0.0,24.8,0.142
2024-07-28 06:00:00+00:00,26.3,54.15887,0.0,26.35,0.142
2024-07-28 07:00:00+00:00,28.1,47.656513,0.0,28.25,0.141
2024-07-28 08:00:00+00:00,29.85,44.885414,0.0,30.35,0.141
2024-07-28 09:00:00+00:00,32.0,38.45834,0.0,32.4,0.14
2024-07-28 10:00:00+00:00,32.6,37.533615,0.0,33.6,0.14
2024-07-28 11:00:00+00:00,32.3,38.29633,0.0,33.65,0.139
2024-07-28 12:00:00+00:00,33.0,36.464653,0.0,34.05,0.139
2024-07-28 13:00:00+00:00,34.4,32.658146,0.0,35.3,0.141
2024-07-28 14:00:00+00:00,33.95,31.302357,0.0,35.65,0.141
2024-07-28 15:00:00+00:00,33.7,28.986334,0.0,35.55,0.14
2024-07-28 16:00:00+00:00,32.2,28.299286,0.0,34.75,0.14
2024-07-28 17:00:00+00:00,30.1,29.55181,0.0,33.45,0.14
2024-07-28 18:00:00+00:00,28.05,32.94138,0.0,31.9,0.14
2024-07-28 19:00:00+00:00,26.75,36.874203,0.0,30.55,0.139
2024-07-28 20:00:00+00:00,25.6,42.030712,0.0,29.4,0.139
2024-07-28 21:00:00+00:00,24.5,49.84296,0.0,28.35,0.139
2024-07-28 22:00:00+00:00,23.55,58.154892,0.0,27.4,0.139
2024-07-28 23:00:00+00:00,22.45,62.15829,0.0,26.5,0.139
2024-07-29 00:00:00+00:00,21.75,58.859947,0.0,25.8,0.139
2024-07-29 01:00:00+00:00,21.7,58.085114,0.0,25.55,0.138
2024-07-29 02:00:00+00:00,21.3,54.65729,0.0,24.95,0.138
2024-07-29 03:00:00+00:00,20.85,54.362335,0.0,24.4,0.138
2024-07-29 04:00:00+00:00,21.65,51.588528,0.0,24.15,0.138
2024-07-29 05:00:00+00:00,24.1,44.76826,0.0,24.85,0.138
2024-07-29 06:00:00+00:00,27.4,36.569473,0.0,26.45,0.137
2024-07-29 07:00:00+00:00,30.25,30.1895,0.0,28.55,0.137
2024-07-29 08:00:00+00:00,32.4,25.580786,0.0,30.8,0.137
2024-07-29 09:00:00+00:00,34.05,22.85506,0.0,33.0,0.136
2024-07-29 10:00:00+00:00,35.3,21.038324,0.0,34.9,0.136
2024-07-29 11:00:00+00:00,36.2,19.358809,0.0,36.5,0.135
2024-07-29 12:00:00+00:00,36.75,18.847086,0.0,37.7,0.135
2024-07-29 13:00:00+00:00,36.5,20.093067,0.0,37.9,0.138
2024-07-29 14:00:00+00:00,36.1,20.198164,0.0,38.0,0.137
2024-07-29 15:00:00+00:00,35.25,21.09657,0.0,37.5,0.137
2024-07-29 16:00:00+00:00,34.0,22.162895,0.0,36.45,0.136
2024-07-29 17:00:00+00:00,32.0,24.883728,0.0,35.0,0.136
2024-07-29 18:00:00+00:00,29.8,29.077898,0.0,33.4,0.136
2024-07-29 19:00:00+00:00,28.35,33.02514,0.0,32.0,0.136
2024-07-29 20:00:00+00:00,27.1,37.714405,0.0,30.75,0.136
2024-07-29 21:00:00+00:00,25.9,42.5319,0.0,29.65,0.136
2024-07-29 22:00:00+00:00,24.6,48.585396,0.0,28.65,0.136
2024-07-29 23:00:00+00:00,23.85,53.19138,0.0,27.8,0.136
2024-07-30 00:00:00+00:00,23.5,55.75213,0.0,27.1,0.135
2024-07-30 01:00:00+00:00,23.7,63.03926,0.0,27.0,0.134
2024-07-30 02:00:00+00:00,23.25,62.538246,0.0,26.45,0.134
2024-07-30 03:00:00+00:00,22.85,58.55177,0.0,25.9,0.134
2024-07-30 04:00:00+00:00,23.75,58.57827,0.0,25.75,0.134
2024-07-30 05:00:00+00:00,26.0,65.15219,0.0,26.4,0.134
2024-07-30 06:00:00+00:00,27.65,56.948315,0.0,27.65,0.134
2024-07-30 07:00:00+00:00,28.05,55.459824,0.1,28.95,0.134
2024-07-30 08:00:00+00:00,29.25,49.971535,0.1,30.3,0.135
2024-07-30 09:00:00+00:00,29.85,47.218727,0.0,31.8,0.135
2024-07-30 10:00:00+00:00,31.35,42.3872,0.0,33.5,0.135
2024-07-30 11:00:00+00:00,32.2,38.390926,0.0,34.6,0.134
2024-07-30 12:00:00+00:00,28.65,52.064922,0.3,34.65,0.136
2024-07-30 13:00:00+00:00,30.8,40.78241,0.0,35.7,0.141
2024-07-30 14:00:00+00:00,30.55,38.42761,0.1,35.4,0.142
2024-07-30 15:00:00+00:00,29.8,40.506973,0.0,34.6,0.142
2024-07-30 16:00:00+00:00,28.65,43.991753,0.0,33.55,0.141
2024-07-30 17:00:00+00:00,27.55,46.304512,0.0,32.3,0.141
2024-07-30 18:00:00+00:00,26.0,52.886784,0.0,30.9,0.141
2024-07-30 19:00:00+00:00,24.85,56.991436,0.0,29.7,0.141
2024-07-30 20:00:00+00:00,24.0,59.775696,0.0,28.6,0.141
2024-07-30 21:00:00+00:00,23.4,62.17302,0.0,27.7,0.141
2024-07-30 22:00:00+00:00,22.65,65.47693,0.0,26.9,0.141
2024-07-30 23:00:00+00:00,21.35,71.33308,0.0,26.05,0.141
2024-07-31 00:00:00+00:00,20.5,75.88277,0.0,25.3,0.141
2024-07-31 01:00:00+00:00,20.2,80.31029,0.0,24.3,0.152
2024-07-31 02:00:00+00:00,19.65,82.567505,0.0,23.8,0.152
2024-07-31 03:00:00+00:00,19.15,84.63572,0.0,23.35,0.152
2024-07-31 04:00:00+00:00,20.0,80.028404,0.0,23.2,0.152
2024-07-31 05:00:00+00:00,22.5,68.87155,0.0,23.95,0.152
2024-07-31 06:00:00+00:00,25.5,53.26954,0.0,25.5,0.151
2024-07-31 07:00:00+00:00,27.6,38.230305,0.0,27.4,0.151
2024-07-31 08:00:00+00:00,29.05,34.792618,0.0,29.4,0.15
2024-07-31 09:00:00+00:00,30.85,29.560461,0.0,31.3,0.149
2024-07-31 10:00:00+00:00,31.55,27.203102,0.0,32.65,0.148
2024-07-31 11:00:00+00:00,32.0,25.904943,0.0,33.75,0.147
2024-07-31 12:00:00+00:00,32.05,24.154339,0.0,33.95,0.147
2024-07-31 13:00:00+00:00,31.2,28.594007,0.0,33.95,0.15
2024-07-31 14:00:00+00:00,31.7,26.97239,0.0,33.95,0.15
2024-07-31 15:00:00+00:00,31.15,28.015417,0.0,33.55,0.149
2024-07-31 16:00:00+00:00,29.35,32.757565,0.0,32.7,0.149
2024-07-31 17:00:00+00:00,27.75,35.00614,0.0,31.5,0.148
2024-07-31 18:00:00+00:00,25.75,39.50978,0.0,30.1,0.148
2024-07-31 19:00:00+00:00,24.75,44.50535,0.0,28.9,0.148
2024-07-31 20:00:00+00:00,23.6,52.78237,0.0,27.85,0.148
2024-07-31 21:00:00+00:00,22.55,61.583145,0.0,26.9,0.148
2024-07-31 22:00:00+00:00,21.75,67.20088,0.0,26.05,0.148
2024-07-31 23:00:00+00:00,20.85,73.32224,0.0,25.25,0.148
2024-08-01 00:00:00+00:00,20.1,77.53327,0.0,24.55,0.148
2024-08-01 01:00:00+00:00,19.55,83.877045,0.0,23.9,0.147
2024-08-01 02:00:00+00:00,19.2,85.45156,0.0,23.4,0.147
2024-08-01 03:00:00+00:00,19.0,84.88919,0.0,22.95,0.147
2024-08-01 04:00:00+00:00,19.85,76.75536,0.0,22.8,0.147
2024-08-01 05:00:00+00:00,22.3,61.72493,0.0,23.5,0.147
2024-08-01 06:00:00+00:00,25.3,47.210915,0.0,24.95,0.147
2024-08-01 07:00:00+00:00,27.4,37.549866,0.0,26.8,0.146
2024-08-01 08:00:00+00:00,28.95,33.413155,0.0,28.8,0.146
2024-08-01 09:00:00+00:00,30.1,33.622524,0.0,30.75,0.145
2024-08-01 10:00:00+00:00,31.3,30.88169,0.0,32.5,0.144
2024-08-01 11:00:00+00:00,32.25,28.406446,0.0,34.05,0.143
2024-08-01 12:00:00+00:00,32.75,26.895256,0.0,35.15,0.142
2024-08-01 13:00:00+00:00,32.85,25.359606,0.0,35.75,0.143
2024-08-01 14:00:00+00:00,32.7,25.067722,0.0,35.8,0.142
2024-08-01 15:00:00+00:00,31.9,26.93616,0.0,35.3,0.141
2024-08-01 16:00:00+00:00,30.3,29.804321,0.0,34.2,0.141
2024-08-01 17:00:00+00:00,28.05,36.872982,0.0,32.65,0.141
2024-08-01 18:00:00+00:00,25.7,47.3189,0.0,30.95,0.141
2024-08-01 19:00:00+00:00,24.2,55.387882,0.0,29.45,0.141
2024-08-01 20:00:00+00:00,22.85,63.25481,0.0,28.1,0.141
2024-08-01 21:00:00+00:00,21.8,70.51188,0.0,26.9,0.141
2024-08-01 22:00:00+00:00,20.5,77.840775,0.0,25.85,0.141
2024-08-01 23:00:00+00:00,19.75,82.5796,0.0,24.9,0.14
2024-08-02 00:00:00+00:00,19.3,85.733345,0.0,24.15,0.14
2024-08-02 01:00:00+00:00,18.75,92.15858,0.0,23.2,0.139
2024-08-02 02:00:00+00:00,18.2,94.78816,0.0,22.7,0.139
2024-08-02 03:00:00+00:00,17.8,95.98045,0.0,22.3,0.139
2024-08-02 04:00:00+00:00,18.95,91.59071,0.0,22.15,0.139
2024-08-02 05:00:00+00:00,21.45,78.7233,0.0,23.0,0.139
2024-08-02 06:00:00+00:00,23.9,68.27869,0.0,24.6,0.139
2024-08-02 07:00:00+00:00,26.2,58.600792,0.0,26.65,0.139
2024-08-02 08:00:00+00:00,28.45,45.66219,0.0,29.0,0.138
2024-08-02 09:00:00+00:00,30.5,36.24134,0.0,31.3,0.138
2024-08-02 10:00:00+00:00,32.35,27.50892,0.0,33.45,0.137
2024-08-02 11:00:00+00:00,33.65,23.293468,0.0,35.2,0.137
2024-08-02 12:00:00+00:00,34.65,20.047976,0.0,36.5,0.136
2024-08-02 13:00:00+00:00,34.6,23.226324,0.0,37.4,0.137
2024-08-02 14:00:00+00:00,34.75,22.50232,0.0,37.6,0.137
2024-08-02 15:00:00+00:00,34.35,23.395187,0.0,37.1,0.136
2024-08-02 16:00:00+00:00,33.7,25.24653,0.0,36.1,0.136
2024-08-02 17:00:00+00:00,31.65,29.583164,0.0,34.55,0.136
2024-08-02 18:00:00+00:00,29.05,33.998463,0.0,32.85,0.136
2024-08-02 19:00:00+00:00,27.1,43.28472,0.0,31.35,0.135
2024-08-02 20:00:00+00:00,24.95,55.219177,0.0,29.9,0.135
2024-08-02 21:00:00+00:00,24.15,58.67365,0.0,28.65,0.135
2024-08-02 22:00:00+00:00,22.95,65.95935,0.0,27.6,0.135
2024-08-02 23:00:00+00:00,21.95,73.0484,0.0,26.7,0.135
2024-08-03 00:00:00+00:00,21.25,77.21601,0.0,25.85,0.135
2024-08-03 01:00:00+00:00,20.15,83.67978,0.0,24.55,0.129
2024-08-03 02:00:00+00:00,19.5,88.2279,0.0,24.0,0.129
2024-08-03 03:00:00+00:00,19.0,92.172966,0.0,23.45,0.129
2024-08-03 04:00:00+00:00,19.9,88.53967,0.0,23.25,0.129
2024-08-03 05:00:00+00:00,22.1,78.323105,0.0,24.0,0.129
2024-08-03 06:00:00+00:00,25.15,61.389603,0.0,25.7,0.129
2024-08-03 07:00:00+00:00,28.0,46.12901,0.0,27.95,0.129
2024-08-03 08:00:00+00:00,30.6,36.386887,0.0,30.5,0.129
2024-08-03 09:00:00+00:00,32.75,31.998423,0.0,33.05,0.129
2024-08-03 10:00:00+00:00,34.7,27.774855,0.0,35.5,0.128
2024-08-03 11:00:00+00:00,36.05,25.114168,0.0,37.6,0.128
2024-08-03 12:00:00+00:00,36.9,23.198647,0.0,38.95,0.128
2024-08-03 13:00:00+00:00,37.45,21.358427,0.0,39.25,0.131
2024-08-03 14:00:00+00:00,37.05,21.901525,0.0,39.05,0.131
2024-08-03 15:00:00+00:00,36.5,22.870157,0.0,38.35,0.131
2024-08-03 16:00:00+00:00,35.75,25.200644,0.0,37.25,0.131
2024-08-03 17:00:00+00:00,33.5,32.30781,0.0,35.85,0.131
2024-08-03 18:00:00+00:00,30.7,41.542934,0.0,34.15,0.131
2024-08-03 19:00:00+00:00,30.15,38.44077,0.0,32.9,0.13
2024-08-03 20:00:00+00:00,29.2,40.471706,0.0,31.75,0.13
2024-08-03 21:00:00+00:00,27.05,46.16936,0.0,30.65,0.13
2024-08-03 22:00:00+00:00,26.2,51.59963,0.0,29.6,0.13
2024-08-03 23:00:00+00:00,25.4,54.278812,0.0,28.8,0.13
2024-08-04 00:00:00+00:00,24.8,57.528458,0.0,28.05,0.13
2024-08-04 01:00:00+00:00,24.0,70.69969,0.0,26.35,0.131
2024-08-04 02:00:00+00:00,23.3,73.28302,0.0,26.0,0.131
2024-08-04 03:00:00+00:00,22.55,76.688065,0.0,25.65,0.131
2024-08-04 04:00:00+00:00,23.2,72.57851,0.0,25.45,0.131
2024-08-04 05:00:00+00:00,24.3,67.503494,0.1,25.9,0.131
2024-08-04 06:00:00+00:00,26.4,61.478817,0.4,26.8,0.135
2024-08-04 07:00:00+00:00,29.6,43.828873,0.0,28.55,0.135
2024-08-04 08:00:00+00:00,31.85,31.959494,0.0,30.8,0.134
2024-08-04 09:00:00+00:00,33.15,29.796345,0.0,33.1,0.134
2024-08-04 10:00:00+00:00,34.05,28.61109,0.0,35.2,0.134
2024-08-04 11:00:00+00:00,34.45,28.163483,0.0,36.9,0.133
2024-08-04 12:00:00+00:00,35.35,27.320562,0.0,38.05,0.133
2024-08-04 13:00:00+00:00,26.6,72.05647,1.3,33.45,0.141
2024-08-04 14:00:00+00:00,30.65,46.39899,0.2,33.1,0.143
2024-08-04 15:00:00+00:00,31.7,37.64576,0.0,33.55,0.143
2024-08-04 16:00:00+00:00,31.45,36.270107,0.0,33.3,0.143
2024-08-04 17:00:00+00:00,29.85,47.96941,0.0,32.35,0.142
2024-08-04 18:00:00+00:00,28.85,43.06729,0.0,30.9,0.142
2024-08-04 19:00:00+00:00,27.7,47.397648,0.0,29.7,0.142
2024-08-04 20:00:00+00:00,25.95,53.213535,0.0,28.75,0.142
2024-08-04 21:00:00+00:00,25.65,54.515747,0.0,28.05,0.142
2024-08-04 22:00:00+00:00,24.9,59.0394,0.0,27.5,0.142
2024-08-04 23:00:00+00:00,24.5,62.419525,0.0,27.0,0.142
2024-08-05 00:00:00+00:00,24.2,60.398174,0.0,26.65,0.142
2024-08-05 01:00:00+00:00,24.1,71.83344,0.0,26.2,0.156
2024-08-05 02:00:00+00:00,23.6,71.070694,0.0,25.85,0.156
2024-08-05 03:00:00+00:00,23.2,78.97227,0.0,25.5,0.156
2024-08-05 04:00:00+00:00,23.6,84.84544,0.0,25.45,0.156
2024-08-05 05:00:00+00:00,24.5,80.87748,0.0,25.8,0.156
2024-08-05 06:00:00+00:00,25.5,73.432274,0.0,26.5,0.155
2024-08-05 07:00:00+00:00,27.05,65.16999,0.1,28.05,0.156
2024-08-05 08:00:00+00:00,27.65,58.028294,0.1,29.25,0.156
2024-08-05 09:00:00+00:00,28.4,52.165207,0.2,30.6,0.157
2024-08-05 10:00:00+00:00,28.95,48.340206,0.1,31.55,0.157
2024-08-05 11:00:00+00:00,29.55,44.378044,0.1,32.5,0.157
2024-08-05 12:00:00+00:00,30.65,41.265076,0.0,33.65,0.156
2024-08-05 13:00:00+00:00,27.6,50.335564,0.6,32.8,0.16
2024-08-05 14:00:00+00:00,29.6,41.90837,0.0,33.0,0.159
2024-08-05 15:00:00+00:00,29.25,45.732132,0.0,32.9,0.159
2024-08-05 16:00:00+00:00,28.6,49.019405,0.0,32.2,0.158
2024-08-05 17:00:00+00:00,27.45,51.92195,0.0,31.1,0.158
2024-08-05 18:00:00+00:00,26.0,54.4296,0.0,29.8,0.158
2024-08-05 19:00:00+00:00,25.1,55.968765,0.0,28.75,0.158
2024-08-05 20:00:00+00:00,24.3,58.70934,0.0,27.85,0.158
2024-08-05 21:00:00+00:00,23.5,61.404957,0.0,27.05,0.157
2024-08-05 22:00:00+00:00,22.55,65.6654,0.0,26.3,0.157
2024-08-05 23:00:00+00:00,21.45,71.57946,0.0,25.6,0.157
2024-08-06 00:00:00+00:00,20.6,77.11671,0.0,24.9,0.157
2024-08-06 01:00:00+00:00,20.65,79.611145,0.0,24.35,0.154
2024-08-06 02:00:00+00:00,20.4,80.847946,0.0,24.0,0.154
2024-08-06 03:00:00+00:00,20.2,81.852905,0.0,23.7,0.154
2024-08-06 04:00:00+00:00,20.6,80.61874,0.0,23.6,0.154
2024-08-06 05:00:00+00:00,22.55,72.23488,0.0,24.3,0.154
2024-08-06 06:00:00+00:00,24.75,64.480255,0.0,25.75,0.154
2024-08-06 07:00:00+00:00,27.15,52.84301,0.0,27.75,0.153
2024-08-06 08:00:00+00:00,29.3,44.59404,0.0,30.0,0.152
2024-08-06 09:00:00+00:00,30.95,38.04596,0.0,32.25,0.151
2024-08-06 10:00:00+00:00,31.85,35.685047,0.0,33.95,0.15
2024-08-06 11:00:00+00:00,32.65,33.238197,0.0,35.3,0.149
2024-08-06 12:00:00+00:00,33.45,31.065275,0.0,36.3,0.148
2024-08-06 13:00:00+00:00,32.7,33.251953,0.0,36.05,0.151
2024-08-06 14:00:00+00:00,32.95,33.21339,0.0,35.95,0.15
2024-08-06 15:00:00+00:00,32.75,33.697826,0.0,35.5,0.15
2024-08-06 16:00:00+00:00,32.15,33.969563,0.0,34.6,0.149
2024-08-06 17:00:00+00:00,30.6,37.58341,0.1,33.2,0.15
2024-08-06 18:00:00+00:00,28.8,42.777405,0.0,31.65,0.15
2024-08-06 19:00:00+00:00,28.25,42.21459,0.0,30.6,0.149
2024-08-06 20:00:00+00:00,26.55,46.333157,0.0,29.6,0.149
2024-08-06 21:00:00+00:00,25.75,50.824287,0.0,28.7,0.149
2024-08-06 22:00:00+00:00,24.2,58.124233,0.0,27.75,0.149
2024-08-06 23:00:00+00:00,22.9,64.49203,0.0,26.85,0.149
2024-08-07 00:00:00+00:00,22.15,67.06767,0.0,26.0,0.149
2024-08-07 01:00:00+00:00,23.85,61.68121,0.0,26.8,0.144
2024-08-07 02:00:00+00:00,23.25,66.65416,0.0,26.25,0.144
2024-08-07 03:00:00+00:00,22.25,70.82085,0.0,25.75,0.144
2024-08-07 04:00:00+00:00,21.9,69.63728,0.0,25.3,0.144
2024-08-07 05:00:00+00:00,22.9,60.289715,0.0,25.55,0.144
2024-08-07 06:00:00+00:00,24.45,51.14405,0.0,26.5,0.143
2024-08-07 07:00:00+00:00,26.3,42.78282,0.0,28.0,0.143
2024-08-07 08:00:00+00:00,28.2,35.71785,0.0,29.85,0.142
2024-08-07 09:00:00+00:00,29.7,31.575527,0.0,31.75,0.142
2024-08-07 10:00:00+00:00,30.85,28.88099,0.0,33.55,0.141
2024-08-07 11:00:00+00:00,31.6,27.398499,0.0,35.0,0.14
2024-08-07 12:00:00+00:00,31.9,26.66821,0.0,36.05,0.14
2024-08-07 13:00:00+00:00,32.65,25.81833,0.0,36.5,0.139
2024-08-07 14:00:00+00:00,32.4,25.924541,0.0,36.3,0.138
2024-08-07 15:00:00+00:00,32.6,23.415386,0.0,35.9,0.138
2024-08-07 16:00:00+00:00,31.5,26.032873,0.0,34.9,0.138
2024-08-07 17:00:00+00:00,29.7,29.938217,0.0,33.4,0.137
2024-08-07 18:00:00+00:00,25.75,50.824287,0.0,31.75,0.137
2024-08-07 19:00:00+00:00,24.65,55.321896,0.0,30.2,0.137
2024-08-07 20:00:00+00:00,23.8,58.967636,0.0,29.0,0.137
2024-08-07 21:00:00+00:00,23.0,63.08568,0.0,27.95,0.137
2024-08-07 22:00:00+00:00,22.95,63.68323,0.0,26.9,0.137
2024-08-07 23:00:00+00:00,21.3,71.552025,0.0,26.05,0.137
2024-08-08 00:00:00+00:00,20.8,74.49322,0.0,25.35,0.137
2024-08-08 01:00:00+00:00,20.8,76.41537,0.0,24.65,0.138
2024-08-08 02:00:00+00:00,20.45,78.08124,0.0,24.2,0.138
2024-08-08 03:00:00+00:00,20.2,79.29612,0.0,23.85,0.138
2024-08-08 04:00:00+00:00,20.9,75.94677,0.0,23.7,0.138
2024-08-08 05:00:00+00:00,23.1,66.200966,0.0,24.4,0.138
2024-08-08 06:00:00+00:00,25.65,55.57026,0.0,25.8,0.137
2024-08-08 07:00:00+00:00,27.6,48.290043,0.0,27.6,0.137
2024-08-08 08:00:00+00:00,28.95,42.81855,0.0,29.25,0.137
2024-08-08 09:00:00+00:00,30.35,37.635612,0.0,30.9,0.137
2024-08-08 10:00:00+00:00,31.8,32.57715,0.0,32.6,0.136
2024-08-08 11:00:00+00:00,32.5,29.912497,0.0,33.95,0.136
2024-08-08 12:00:00+00:00,33.5,27.36419,0.0,35.25,0.135
2024-08-08 13:00:00+00:00,31.85,35.22779,0.0,34.75,0.137
2024-08-08 14:00:00+00:00,32.15,34.18991,0.0,34.9,0.137
2024-08-08 15:00:00+00:00,32.15,32.886436,0.0,34.65,0.137
2024-08-08 16:00:00+00:00,30.65,37.840683,0.0,33.85,0.136
2024-08-08 17:00:00+00:00,29.0,40.547356,0.0,32.55,0.136
2024-08-08 18:00:00+00:00,27.25,44.465225,0.0,31.2,0.136
2024-08-08 19:00:00+00:00,25.3,53.218555,0.0,29.9,0.136
2024-08-08 20:00:00+00:00,24.2,60.78468,0.0,28.75,0.136
2024-08-08 21:00:00+00:00,23.4,67.74968,0.0,27.8,0.136
2024-08-08 22:00:00+00:00,22.65,73.40142,0.0,26.95,0.136
2024-08-08 23:00:00+00:00,21.9,78.04815,0.0,26.15,0.136
2024-08-09 00:00:00+00:00,21.35,81.22707,0.0,25.5,0.136
2024-08-09 01:00:00+00:00,21.2,84.85527,0.0,25.1,0.136
2024-08-09 02:00:00+00:00,20.75,86.96201,0.0,24.6,0.136
2024-08-09 03:00:00+00:00,20.4,87.75172,0.0,24.15,0.136
2024-08-09 04:00:00+00:00,20.95,84.03399,0.0,23.95,0.136
2024-08-09 05:00:00+00:00,23.1,74.40708,0.0,24.55,0.136
2024-08-09 06:00:00+00:00,25.35,64.00269,0.0,25.9,0.136
2024-08-09 07:00:00+00:00,26.95,56.244495,0.0,27.7,0.136
2024-08-09 08:00:00+00:00,28.7,47.21171,0.0,29.75,0.136
2024-08-09 09:00:00+00:00,30.4,38.88413,0.0,31.75,0.135
2024-08-09 10:00:00+00:00,31.7,34.51011,0.0,33.55,0.135
2024-08-09 11:00:00+00:00,32.75,32.31119,0.0,35.05,0.134
2024-08-09 12:00:00+00:00,33.5,29.988731,0.0,36.15,0.134
2024-08-09 13:00:00+00:00,33.2,30.004961,0.0,36.85,0.135
2024-08-09 14:00:00+00:00,33.3,29.837063,0.0,36.85,0.134
2024-08-09 15:00:00+00:00,32.8,30.28951,0.0,36.25,0.134
2024-08-09 16:00:00+00:00,31.8,30.715189,0.0,35.2,0.134
2024-08-09 17:00:00+00:00,30.3,31.636784,0.0,33.75,0.134
2024-08-09 18:00:00+00:00,28.5,37.487465,0.0,32.3,0.134
2024-08-09 19:00:00+00:00,26.05,53.409435,0.0,30.9,0.134
2024-08-09 20:00:00+00:00,24.75,58.816162,0.0,29.65,0.134
2024-08-09 21:00:00+00:00,23.7,65.07585,0.0,28.45,0.134
2024-08-09 22:00:00+00:00,23.05,67.46496,0.0,27.5,0.134
2024-08-09 23:00:00+00:00,22.55,70.87665,0.0,26.75,0.133
2024-08-10 00:00:00+00:00,22.1,74.23951,0.0,26.05,0.133
2024-08-10 01:00:00+00:00,22.35,77.14012,0.0,25.95,0.135
2024-08-10 02:00:00+00:00,21.95,79.54037,0.0,25.45,0.135
2024-08-10 03:00:00+00:00,22.15,78.33041,0.0,25.1,0.135
2024-08-10 04:00:00+00:00,22.35,77.38266,0.0,24.9,0.135
2024-08-10 05:00:00+00:00,24.0,69.38086,0.0,25.5,0.135
2024-08-10 06:00:00+00:00,26.15,62.003315,0.0,26.8,0.135
2024-08-10 07:00:00+00:00,28.3,48.32168,0.0,28.6,0.135
2024-08-10 08:00:00+00:00,30.15,41.392,0.0,30.6,0.135
2024-08-10 09:00:00+00:00,31.65,35.400482,0.0,32.35,0.134
2024-08-10 10:00:00+00:00,32.8,30.687315,0.0,33.9,0.134
2024-08-10 11:00:00+00:00,33.65,27.584839,0.0,35.2,0.134
2024-08-10 12:00:00+00:00,33.8,27.175352,0.0,36.1,0.133
2024-08-10 13:00:00+00:00,32.9,30.714592,0.0,36.2,0.135
2024-08-10 14:00:00+00:00,32.25,31.861269,0.0,36.0,0.135
2024-08-10 15:00:00+00:00,31.8,31.737688,0.0,35.35,0.135
2024-08-10 16:00:00+00:00,31.8,30.816114,0.0,34.5,0.135
2024-08-10 17:00:00+00:00,30.35,34.02461,0.0,33.25,0.135
2024-08-10 18:00:00+00:00,28.55,36.05243,0.0,31.95,0.134
2024-08-10 19:00:00+00:00,27.35,39.307404,0.0,30.8,0.134
2024-08-10 20:00:00+00:00,26.3,43.063946,0.0,29.75,0.134
2024-08-10 21:00:00+00:00,24.95,49.31691,0.0,28.8,0.134
2024-08-10 22:00:00+00:00,23.75,56.176064,0.0,27.85,0.134
2024-08-10 23:00:00+00:00,22.65,61.40793,0.0,27.0,0.134
2024-08-11 00:00:00+00:00,21.85,65.72834,0.0,26.15,0.134
2024-08-11 01:00:00+00:00,22.55,73.84835,0.0,26.0,0.131
2024-08-11 02:00:00+00:00,22.15,76.62612,0.0,25.5,0.131
2024-08-11 03:00:00+00:00,21.85,77.063896,0.0,25.1,0.131
2024-08-11 04:00:00+00:00,22.5,72.454575,0.0,24.85,0.131
2024-08-11 05:00:00+00:00,25.05,61.756443,0.0,25.5,0.13
2024-08-11 06:00:00+00:00,27.9,51.87297,0.0,26.9,0.13
2024-08-11 07:00:00+00:00,30.15,40.085236,0.0,28.7,0.13
2024-08-11 08:00:00+00:00,31.6,34.70658,0.0,30.6,0.13
2024-08-11 09:00:00+00:00,32.8,31.805101,0.0,32.45,0.13
2024-08-11 10:00:00+00:00,34.2,28.096529,0.0,34.1,0.13
2024-08-11 11:00:00+00:00,35.1,25.44599,0.0,35.45,0.129
2024-08-11 12:00:00+00:00,35.6,23.40464,0.0,36.35,0.129
2024-08-11 13:00:00+00:00,34.55,28.37428,0.0,36.6,0.129
2024-08-11 14:00:00+00:00,33.75,29.476028,0.0,36.45,0.129
2024-08-11 15:00:00+00:00,33.2,28.662954,0.0,35.95,0.129
2024-08-11 16:00:00+00:00,32.2,29.830807,0.0,35.0,0.129
2024-08-11 17:00:00+00:00,30.45,32.84639,0.0,33.7,0.129
2024-08-11 18:00:00+00:00,28.85,38.453766,0.0,32.3,0.128
2024-08-11 19:00:00+00:00,27.4,46.413193,0.0,31.05,0.128
2024-08-11 20:00:00+00:00,26.0,53.739075,0.0,29.95,0.128
2024-08-11 21:00:00+00:00,24.95,62.322475,0.0,29.0,0.128
2024-08-11 22:00:00+00:00,24.15,69.19215,0.0,28.15,0.128
2024-08-11 23:00:00+00:00,23.35,73.52178,0.0,27.35,0.128
2024-08-12 00:00:00+00:00,22.5,75.485344,0.0,26.6,0.128
2024-08-12 01:00:00+00:00,22.1,74.00525,0.0,26.05,0.127
2024-08-12 02:00:00+00:00,21.45,74.60194,0.0,25.45,0.127
2024-08-12 03:00:00+00:00,20.75,76.89493,0.0,24.85,0.127
2024-08-12 04:00:00+00:00,21.35,73.8776,0.0,24.45,0.127
2024-08-12 05:00:00+00:00,23.8,62.06469,0.0,25.0,0.127
2024-08-12 06:00:00+00:00,26.45,53.340607,0.0,26.45,0.127
2024-08-12 07:00:00+00:00,28.7,44.28874,0.0,28.3,0.127
2024-08-12 08:00:00+00:00,30.9,36.000988,0.0,30.4,0.126
2024-08-12 09:00:00+00:00,33.0,29.852982,0.0,32.45,0.126
2024-08-12 10:00:00+00:00,34.4,25.852478,0.0,34.35,0.126
2024-08-12 11:00:00+00:00,35.05,25.684547,0.0,35.75,0.126
2024-08-12 12:00:00+00:00,35.4,25.69209,0.0,36.8,0.126
2024-08-12 13:00:00+00:00,35.2,26.578842,0.0,37.35,0.125
2024-08-12 14:00:00+00:00,34.6,28.112036,0.0,37.35,0.125
2024-08-12 15:00:00+00:00,33.7,29.848389,0.0,36.75,0.125
2024-08-12 16:00:00+00:00,32.3,32.92773,0.0,35.7,0.125
2024-08-12 17:00:00+00:00,30.25,38.097538,0.0,34.2,0.125
2024-08-12 18:00:00+00:00,28.85,42.51651,0.0,32.7,0.125
2024-08-12 19:00:00+00:00,27.55,46.903664,0.0,31.4,0.125
2024-08-12 20:00:00+00:00,26.45,51.170517,0.0,30.25,0.125
2024-08-12 21:00:00+00:00,25.45,54.81527,0.0,29.25,0.125
2024-08-12 22:00:00+00:00,24.5,58.569435,0.0,28.35,0.125
2024-08-12 23:00:00+00:00,23.4,63.781666,0.0,27.45,0.125
2024-08-13 00:00:00+00:00,22.6,68.67252,0.0,26.65,0.125
2024-08-13 01:00:00+00:00,22.3,74.27317,0.0,26.0,0.126
2024-08-13 02:00:00+00:00,21.85,77.79555,0.0,25.45,0.126
2024-08-13 03:00:00+00:00,21.5,81.75791,0.0,25.0,0.126
2024-08-13 04:00:00+00:00,22.0,81.82038,0.0,24.75,0.126
2024-08-13 05:00:00+00:00,24.1,72.96407,0.0,25.35,0.126
2024-08-13 06:00:00+00:00,26.85,57.656105,0.0,26.75,0.126
2024-08-13 07:00:00+00:00,29.3,45.310738,0.0,28.7,0.126
2024-08-13 08:00:00+00:00,31.8,34.093315,0.0,30.95,0.125
2024-08-13 09:00:00+00:00,33.8,28.543854,0.0,33.25,0.125
2024-08-13 10:00:00+00:00,35.3,25.834496,0.0,35.3,0.125
2024-08-13 11:00:00+00:00,36.55,22.657755,0.0,36.9,0.125
2024-08-13 12:00:00+00:00,37.2,20.330566,0.0,38.1,0.125
2024-08-13 13:00:00+00:00,37.25,20.27521,0.0,38.65,0.128
2024-08-13 14:00:00+00:00,36.95,19.934568,0.0,38.75,0.128
2024-08-13 15:00:00+00:00,35.7,21.70926,0.0,38.1,0.127
2024-08-13 16:00:00+00:00,33.85,25.285877,0.0,36.9,0.127
2024-08-13 17:00:00+00:00,31.6,31.475876,0.0,35.3,0.127
2024-08-13 18:00:00+00:00,29.25,39.323433,0.0,33.6,0.127
2024-08-13 19:00:00+00:00,27.55,42.295555,0.0,32.05,0.127
2024-08-13 20:00:00+00:00,26.2,45.05044,0.0,30.7,0.127
2024-08-13 21:00:00+00:00,25.4,49.276463,0.0,29.6,0.127
2024-08-13 22:00:00+00:00,24.6,55.309418,0.0,28.65,0.127
2024-08-13 23:00:00+00:00,23.7,62.042145,0.0,27.8,0.127
2024-08-14 00:00:00+00:00,23.25,66.86606,0.0,27.1,0.127
2024-08-14 01:00:00+00:00,23.0,72.54317,0.0,26.2,0.125
2024-08-14 02:00:00+00:00,22.65,78.64837,0.0,25.8,0.125
2024-08-14 03:00:00+00:00,22.45,82.901924,0.0,25.45,0.125
2024-08-14 04:00:00+00:00,22.85,80.16215,0.0,25.3,0.125
2024-08-14 05:00:00+00:00,25.05,67.86559,0.0,25.85,0.125
2024-08-14 06:00:00+00:00,27.65,54.49669,0.0,27.15,0.125
2024-08-14 07:00:00+00:00,30.0,46.079296,0.0,28.95,0.125
2024-08-14 08:00:00+00:00,32.55,38.487213,0.0,31.0,0.125
2024-08-14 09:00:00+00:00,34.25,32.098293,0.0,32.95,0.125
2024-08-14 10:00:00+00:00,35.3,28.39093,0.0,34.7,0.125
2024-08-14 11:00:00+00:00,35.8,26.998867,0.0,36.1,0.125
2024-08-14 12:00:00+00:00,36.15,22.113146,0.0,37.05,0.124
2024-08-14 13:00:00+00:00,35.6,23.559769,0.0,37.4,0.124
2024-08-14 14:00:00+00:00,34.4,27.514479,0.0,37.25,0.124
2024-08-14 15:00:00+00:00,32.7,30.460571,0.0,36.5,0.124
2024-08-14 16:00:00+00:00,30.85,32.849323,0.0,35.3,0.124
2024-08-14 17:00:00+00:00,28.85,39.854446,0.0,33.7,0.124
2024-08-14 18:00:00+00:00,27.4,43.649597,0.0,32.2,0.124
2024-08-14 19:00:00+00:00,26.5,46.77182,0.0,30.9,0.124
2024-08-14 20:00:00+00:00,25.8,52.16203,0.0,29.85,0.124
2024-08-14 21:00:00+00:00,25.25,57.27093,0.0,29.0,0.124
2024-08-14 22:00:00+00:00,24.75,62.475258,0.0,28.25,0.124
2024-08-14 23:00:00+00:00,24.35,66.45941,0.0,27.65,0.124
2024-08-15 00:00:00+00:00,23.9,68.710075,0.0,27.1,0.124
2024-08-15 01:00:00+00:00,24.0,78.35409,0.0,27.2,0.12
2024-08-15 02:00:00+00:00,23.7,76.8648,0.0,26.75,0.12
2024-08-15 03:00:00+00:00,23.45,72.395065,0.0,26.35,0.12
2024-08-15 04:00:00+00:00,23.55,71.73435,0.0,26.1,0.12
2024-08-15 05:00:00+00:00,25.15,70.47256,0.0,26.5,0.12
2024-08-15 06:00:00+00:00,26.7,63.299614,0.0,27.6,0.12
2024-08-15 07:00:00+00:00,28.65,52.55847,0.0,29.2,0.12
2024-08-15 08:00:00+00:00,30.55,44.086823,0.0,31.15,0.12
2024-08-15 09:00:00+00:00,32.3,38.54092,0.0,33.1,0.12
2024-08-15 10:00:00+00:00,33.8,34.643894,0.0,35.0,0.12
2024-08-15 11:00:00+00:00,34.9,31.459856,0.0,36.6,0.12
2024-08-15 12:00:00+00:00,35.7,28.960684,0.0,37.8,0.12
2024-08-15 13:00:00+00:00,35.4,30.211115,0.0,38.45,0.118
2024-08-15 14:00:00+00:00,35.0,31.08602,0.0,38.45,0.118
2024-08-15 15:00:00+00:00,34.0,32.8637,0.0,37.85,0.118
2024-08-15 16:00:00+00:00,32.5,34.955086,0.0,36.65,0.118
2024-08-15 17:00:00+00:00,30.2,38.206966,0.0,35.05,0.118
2024-08-15 18:00:00+00:00,27.85,44.48536,0.0,33.35,0.118
2024-08-15 19:00:00+00:00,26.45,47.82875,0.0,31.9,0.118
2024-08-15 20:00:00+00:00,25.15,54.915966,0.0,30.6,0.118
2024-08-15 21:00:00+00:00,24.4,60.637283,0.0,29.5,0.118
2024-08-15 22:00:00+00:00,23.85,64.28677,0.0,28.6,0.118
2024-08-15 23:00:00+00:00,23.3,67.944435,0.0,27.8,0.118
2024-08-16 00:00:00+00:00,22.85,71.38179,0.0,27.1,0.118
2024-08-16 01:00:00+00:00,22.6,78.39565,0.0,26.75,0.118
2024-08-16 02:00:00+00:00,22.25,81.342255,0.0,26.2,0.118
2024-08-16 03:00:00+00:00,22.0,83.88856,0.0,25.75,0.118
2024-08-16 04:00:00+00:00,22.15,82.86656,0.0,25.45,0.118
2024-08-16 05:00:00+00:00,23.8,72.004715,0.0,25.85,0.118
2024-08-16 06:00:00+00:00,25.6,63.45645,0.0,26.95,0.118
2024-08-16 07:00:00+00:00,27.4,55.474293,0.0,28.6,0.118
2024-08-16 08:00:00+00:00,29.3,47.072277,0.0,30.55,0.118
2024-08-16 09:00:00+00:00,31.1,40.864788,0.0,32.6,0.118
2024-08-16 10:00:00+00:00,32.55,35.87828,0.0,34.45,0.118
2024-08-16 11:00:00+00:00,33.5,32.62165,0.0,35.95,0.118
2024-08-16 12:00:00+00:00,34.1,29.763147,0.0,37.0,0.118
2024-08-16 13:00:00+00:00,33.7,30.043,0.0,37.35,0.118
2024-08-16 14:00:00+00:00,33.15,29.505901,0.0,37.25,0.118
2024-08-16 15:00:00+00:00,32.2,30.027288,0.0,36.6,0.118
2024-08-16 16:00:00+00:00,30.5,33.185356,0.0,35.35,0.118
2024-08-16 17:00:00+00:00,28.25,39.687687,0.0,33.7,0.118
2024-08-16 18:00:00+00:00,26.5,47.07545,0.0,32.15,0.118
2024-08-16 19:00:00+00:00,25.1,52.99658,0.0,30.75,0.118
2024-08-16 20:00:00+00:00,24.1,59.228016,0.0,29.5,0.118
2024-08-16 21:00:00+00:00,23.5,62.794277,0.0,28.5,0.118
2024-08-16 22:00:00+00:00,22.9,65.948906,0.0,27.6,0.118
2024-08-16 23:00:00+00:00,22.2,69.694885,0.0,26.8,0.118
2024-08-17 00:00:00+00:00,21.5,73.435074,0.0,26.05,0.118
2024-08-17 01:00:00+00:00,22.05,75.65088,0.0,26.0,0.116
2024-08-17 02:00:00+00:00,21.5,79.2281,0.0,25.45,0.116
2024-08-17 03:00:00+00:00,21.1,81.707695,0.0,24.95,0.116
2024-08-17 04:00:00+00:00,21.3,81.476395,0.0,24.65,0.116
2024-08-17 05:00:00+00:00,23.3,73.28302,0.0,25.1,0.116
2024-08-17 06:00:00+00:00,25.5,63.037148,0.0,26.35,0.116
2024-08-17 07:00:00+00:00,27.55,48.74227,0.0,28.05,0.116
2024-08-17 08:00:00+00:00,29.45,37.752335,0.0,30.05,0.116
2024-08-17 09:00:00+00:00,31.15,32.397938,0.0,32.15,0.116
2024-08-17 10:00:00+00:00,32.5,28.567959,0.0,34.0,0.116
2024-08-17 11:00:00+00:00,33.4,25.759457,0.0,35.55,0.116
2024-08-17 12:00:00+00:00,33.8,25.105766,0.0,36.6,0.116
2024-08-17 13:00:00+00:00,33.1,27.52825,0.0,37.0,0.112
2024-08-17 14:00:00+00:00,32.6,27.57604,0.0,36.85,0.112
2024-08-17 15:00:00+00:00,31.75,27.991358,0.0,36.15,0.112
2024-08-17 16:00:00+00:00,29.95,31.644688,0.0,34.9,0.112
2024-08-17 17:00:00+00:00,27.1,43.28472,0.0,33.15,0.112
2024-08-17 18:00:00+00:00,25.45,51.239494,0.0,31.5,0.112
2024-08-17 19:00:00+00:00,24.35,57.05232,0.0,30.05,0.112
2024-08-17 20:00:00+00:00,23.75,60.293835,0.0,28.85,0.112
2024-08-17 21:00:00+00:00,23.1,63.31001,0.0,27.85,0.112
2024-08-17 22:00:00+00:00,22.5,65.86511,0.0,27.0,0.112
2024-08-17 23:00:00+00:00,21.9,68.53453,0.0,26.25,0.112
2024-08-18 00:00:00+00:00,21.55,70.01608,0.0,25.6,0.112
2024-08-18 01:00:00+00:00,21.25,75.5219,0.0,25.2,0.112
2024-08-18 02:00:00+00:00,21.0,77.42294,0.0,24.75,0.112
2024-08-18 03:00:00+00:00,20.7,79.87048,0.0,24.3,0.112
2024-08-18 04:00:00+00:00,20.9,79.64576,0.0,24.05,0.112
2024-08-18 05:00:00+00:00,22.75,71.58933,0.0,24.5,0.112
2024-08-18 06:00:00+00:00,24.85,60.356327,0.0,25.75,0.112
2024-08-18 07:00:00+00:00,26.45,50.843647,0.0,27.45,0.112
2024-08-18 08:00:00+00:00,28.1,44.55353,0.0,29.4,0.112
2024-08-18 09:00:00+00:00,29.65,40.07611,0.0,31.4,0.112
2024-08-18 10:00:00+00:00,31.2,35.505184,0.0,33.35,0.112
2024-08-18 11:00:00+00:00,32.45,31.709179,0.0,35.0,0.112
2024-08-18 12:00:00+00:00,33.1,29.880148,0.0,36.25,0.112
2024-08-18 13:00:00+00:00,32.75,31.894766,0.0,36.95,0.112
2024-08-18 14:00:00+00:00,32.5,31.414612,0.0,36.85,0.112
2024-08-18 15:00:00+00:00,31.75,32.246315,0.0,36.25,0.112
2024-08-18 16:00:00+00:00,30.1,35.77882,0.0,35.0,0.112
2024-08-18 17:00:00+00:00,27.8,40.609997,0.0,33.35,0.112
2024-08-18 18:00:00+00:00,26.1,46.21111,0.0,31.7,0.112
2024-08-18 19:00:00+00:00,24.9,53.80528,0.0,30.3,0.112
2024-08-18 20:00:00+00:00,24.0,58.826214,0.0,29.1,0.112
2024-08-18 21:00:00+00:00,23.3,62.74977,0.0,28.05,0.112
2024-08-18 22:00:00+00:00,22.15,68.36547,0.0,27.1,0.112
2024-08-18 23:00:00+00:00,21.2,72.91684,0.0,26.15,0.112
2024-08-19 00:00:00+00:00,20.55,76.13309,0.0,25.3,0.112
2024-08-19 01:00:00+00:00,19.8,83.11128,0.0,24.5,0.112
2024-08-19 02:00:00+00:00,19.8,82.062935,0.0,24.0,0.112
2024-08-19 03:00:00+00:00,19.45,83.599754,0.0,23.55,0.112
2024-08-19 04:00:00+00:00,19.55,83.61124,0.0,23.25,0.112
2024-08-19 05:00:00+00:00,21.55,74.85555,0.0,23.75,0.112
2024-08-19 06:00:00+00:00,24.1,64.95481,0.0,25.2,0.112
2024-08-19 07:00:00+00:00,26.05,58.196186,0.0,27.25,0.112
2024-08-19 08:00:00+00:00,27.85,50.56107,0.0,29.45,0.112
2024-08-19 09:00:00+00:00,29.6,42.85916,0.0,31.75,0.112
2024-08-19 10:00:00+00:00,31.1,36.173195,0.0,33.85,0.112
2024-08-19 11:00:00+00:00,32.4,29.787437,0.0,35.7,0.112
2024-08-19 12:00:00+00:00,33.4,24.343405,0.0,37.1,0.112
2024-08-19 13:00:00+00:00,34.0,29.161976,0.0,37.95,0.112
2024-08-19 14:00:00+00:00,34.25,27.745243,0.0,38.15,0.112
2024-08-19 15:00:00+00:00,34.1,27.255302,0.0,37.7,0.112
2024-08-19 16:00:00+00:00,33.25,28.864866,0.0,36.6,0.112
2024-08-19 17:00:00+00:00,31.4,31.940134,0.0,34.95,0.112
2024-08-19 18:00:00+00:00,29.8,37.972637,0.0,33.35,0.112
2024-08-19 19:00:00+00:00,27.95,53.21368,0.0,32.0,0.112
2024-08-19 20:00:00+00:00,26.9,57.306156,0.0,30.8,0.112
2024-08-19 21:00:00+00:00,26.0,59.86183,0.0,29.8,0.112
2024-08-19 22:00:00+00:00,25.1,63.747665,0.0,28.95,0.112
2024-08-19 23:00:00+00:00,24.25,68.133255,0.0,28.15,0.112
2024-08-20 00:00:00+00:00,23.55,69.952415,0.0,27.45,0.112
2024-08-20 01:00:00+00:00,23.05,73.23979,0.0,26.55,0.112
2024-08-20 02:00:00+00:00,22.55,73.84835,0.0,26.05,0.112
2024-08-20 03:00:00+00:00,22.2,74.962685,0.0,25.65,0.112
2024-08-20 04:00:00+00:00,22.25,75.68297,0.0,25.35,0.112
2024-08-20 05:00:00+00:00,23.8,70.441025,0.0,25.75,0.112
2024-08-20 06:00:00+00:00,26.25,58.983505,0.0,26.95,0.112
2024-08-20 07:00:00+00:00,28.65,48.107784,0.0,28.75,0.112
2024-08-20 08:00:00+00:00,30.7,41.941944,0.0,30.85,0.112
2024-08-20 09:00:00+00:00,32.25,39.02047,0.0,33.1,0.112
2024-08-20 10:00:00+00:00,33.75,35.637638,0.0,35.4,0.112
2024-08-20 11:00:00+00:00,35.25,31.960484,0.0,37.45,0.112
2024-08-20 12:00:00+00:00,30.5,46.5052,0.6,36.3,0.118
2024-08-20 13:00:00+00:00,31.8,41.186874,1.0,37.35,0.122
2024-08-20 14:00:00+00:00,30.0,42.968475,0.6,34.8,0.129
2024-08-20 15:00:00+00:00,30.45,40.039375,0.0,34.3,0.129
2024-08-20 16:00:00+00:00,29.9,41.05887,0.0,33.5,0.129
2024-08-20 17:00:00+00:00,28.25,46.493065,0.0,32.3,0.129
2024-08-20 18:00:00+00:00,27.35,53.39895,0.0,31.1,0.129
2024-08-20 19:00:00+00:00,26.4,58.64807,0.0,30.0,0.129
2024-08-20 20:00:00+00:00,25.8,59.251137,0.0,29.1,0.129
2024-08-20 21:00:00+00:00,25.25,62.982136,0.0,28.4,0.129
2024-08-20 22:00:00+00:00,24.25,67.9194,0.0,27.7,0.129
2024-08-20 23:00:00+00:00,23.4,72.61379,0.0,27.05,0.129
2024-08-21 00:00:00+00:00,22.9,76.74205,0.0,26.5,0.129
2024-08-21 01:00:00+00:00,22.5,81.88257,0.0,25.95,0.114
2024-08-21 02:00:00+00:00,22.25,84.96603,0.0,25.6,0.114
2024-08-21 03:00:00+00:00,21.75,88.690384,0.0,25.25,0.114
2024-08-21 04:00:00+00:00,21.65,89.51116,0.0,24.9,0.114
2024-08-21 05:00:00+00:00,23.05,80.43859,0.1,25.2,0.115
2024-08-21 06:00:00+00:00,22.95,78.69125,0.5,25.2,0.119
2024-08-21 07:00:00+00:00,22.65,84.48303,1.6,25.0,0.139
2024-08-21 08:00:00+00:00,23.25,74.199265,1.1,25.3,0.153
2024-08-21 09:00:00+00:00,24.0,70.92161,0.8,26.05,0.159
2024-08-21 10:00:00+00:00,25.25,62.783985,0.3,26.65,0.162
2024-08-21 11:00:00+00:00,27.55,50.162502,0.0,28.25,0.161
2024-08-21 12:00:00+00:00,28.85,43.48449,0.0,29.7,0.161
2024-08-21 13:00:00+00:00,31.5,46.479626,0.1,34.55,0.14
2024-08-21 14:00:00+00:00,31.75,42.900177,0.0,34.6,0.14
2024-08-21 15:00:00+00:00,31.05,43.254417,0.0,34.15,0.139
2024-08-21 16:00:00+00:00,30.65,42.872482,0.0,33.25,0.139
2024-08-21 17:00:00+00:00,29.8,44.729492,0.0,32.0,0.139
2024-08-21 18:00:00+00:00,28.15,50.15968,0.0,30.75,0.139
2024-08-21 19:00:00+00:00,26.35,63.223316,0.0,29.75,0.139
2024-08-21 20:00:00+00:00,25.3,68.12741,0.0,28.8,0.139
2024-08-21 21:00:00+00:00,23.9,74.30806,0.0,27.9,0.139
2024-08-21 22:00:00+00:00,23.15,80.20236,0.0,27.1,0.139
2024-08-21 23:00:00+00:00,22.1,87.08602,0.0,26.35,0.139
2024-08-22 00:00:00+00:00,21.45,91.74261,0.0,25.7,0.139
2024-08-22 01:00:00+00:00,22.3,79.09208,0.0,25.3,0.135
2024-08-22 02:00:00+00:00,22.5,69.09083,0.0,24.95,0.135
2024-08-22 03:00:00+00:00,22.15,68.58392,0.0,24.65,0.135
2024-08-22 04:00:00+00:00,22.4,65.424,0.0,24.45,0.134
2024-08-22 05:00:00+00:00,24.4,57.616028,0.0,24.95,0.134
2024-08-22 06:00:00+00:00,27.1,48.622944,0.0,26.3,0.134
2024-08-22 07:00:00+00:00,30.1,38.801037,0.0,28.15,0.134
2024-08-22 08:00:00+00:00,32.45,31.606133,0.0,30.25,0.134
2024-08-22 09:00:00+00:00,34.4,25.514076,0.0,32.4,0.134
2024-08-22 10:00:00+00:00,35.75,19.710932,0.0,34.25,0.133
2024-08-22 11:00:00+00:00,36.45,18.649689,0.0,35.7,0.133
2024-08-22 12:00:00+00:00,37.1,18.677498,0.0,36.8,0.132
2024-08-22 13:00:00+00:00,37.1,19.121502,0.0,37.15,0.136
2024-08-22 14:00:00+00:00,36.7,18.898731,0.0,37.2,0.135
2024-08-22 15:00:00+00:00,35.45,20.379976,0.0,36.5,0.135
2024-08-22 16:00:00+00:00,34.25,21.203724,0.0,35.5,0.135
2024-08-22 17:00:00+00:00,32.0,24.304564,0.0,34.1,0.135
2024-08-22 18:00:00+00:00,29.65,35.421017,0.0,32.7,0.134
2024-08-22 19:00:00+00:00,27.8,43.33673,0.0,31.4,0.134
2024-08-22 20:00:00+00:00,26.45,47.52072,0.0,30.2,0.134
2024-08-22 21:00:00+00:00,24.7,55.156815,0.0,28.95,0.134
2024-08-22 22:00:00+00:00,23.85,60.317047,0.0,27.95,0.134
2024-08-22 23:00:00+00:00,23.1,65.571884,0.0,27.1,0.134
2024-08-23 00:00:00+00:00,22.35,71.06449,0.0,26.35,0.134
2024-08-23 01:00:00+00:00,22.3,80.842384,0.0,26.1,0.132
2024-08-23 02:00:00+00:00,21.65,84.90292,0.0,25.5,0.132
2024-08-23 03:00:00+00:00,21.15,86.18757,0.0,24.95,0.132
2024-08-23 04:00:00+00:00,21.4,82.51848,0.0,24.5,0.132
2024-08-23 05:00:00+00:00,23.9,67.42302,0.0,25.05,0.132
2024-08-23 06:00:00+00:00,27.15,52.175705,0.0,26.5,0.132
2024-08-23 07:00:00+00:00,29.95,42.139084,0.0,28.55,0.132
2024-08-23 08:00:00+00:00,31.8,36.484013,0.0,30.75,0.132
2024-08-23 09:00:00+00:00,33.5,31.382212,0.0,32.9,0.131
2024-08-23 10:00:00+00:00,34.55,29.981537,0.0,34.65,0.131
2024-08-23 11:00:00+00:00,35.65,26.610937,0.0,35.95,0.131
2024-08-23 12:00:00+00:00,36.1,24.8008,0.0,36.8,0.13
2024-08-23 13:00:00+00:00,35.5,26.83212,0.0,37.05,0.131
2024-08-23 14:00:00+00:00,35.55,25.900063,0.0,37.1,0.131
2024-08-23 15:00:00+00:00,34.25,26.501457,0.0,36.5,0.131
2024-08-23 16:00:00+00:00,32.6,32.270042,0.0,35.25,0.131
2024-08-23 17:00:00+00:00,30.4,44.891563,0.0,33.8,0.131
2024-08-23 18:00:00+00:00,28.2,57.080647,0.0,32.4,0.131
2024-08-23 19:00:00+00:00,26.75,61.17389,0.0,31.15,0.131
2024-08-23 20:00:00+00:00,25.65,66.51756,0.0,30.0,0.131
2024-08-23 21:00:00+00:00,24.9,71.97676,0.0,29.05,0.131
2024-08-23 22:00:00+00:00,23.95,79.56823,0.0,28.2,0.131
2024-08-23 23:00:00+00:00,23.15,85.58605,0.0,27.4,0.131
2024-08-24 00:00:00+00:00,22.8,89.04808,0.0,26.75,0.131
2024-08-24 01:00:00+00:00,23.3,92.69663,0.0,27.1,0.123
2024-08-24 02:00:00+00:00,22.95,95.54844,0.0,26.6,0.123
2024-08-24 03:00:00+00:00,22.65,96.710915,0.0,26.1,0.123
2024-08-24 04:00:00+00:00,22.75,95.54187,0.0,25.8,0.123
2024-08-24 05:00:00+00:00,24.35,84.406136,0.0,26.2,0.123
2024-08-24 06:00:00+00:00,26.5,68.999344,0.0,27.35,0.123
2024-08-24 07:00:00+00:00,28.75,54.428295,0.0,29.05,0.123
2024-08-24 08:00:00+00:00,31.0,40.31946,0.0,31.1,0.123
2024-08-24 09:00:00+00:00,32.75,33.373276,0.0,33.2,0.123
2024-08-24 10:00:00+00:00,34.15,29.970276,0.0,35.2,0.123
2024-08-24 11:00:00+00:00,35.0,27.674395,0.0,36.6,0.123
2024-08-24 12:00:00+00:00,35.5,25.971643,0.0,37.65,0.123
2024-08-24 13:00:00+00:00,34.25,28.386194,0.0,37.05,0.126
2024-08-24 14:00:00+00:00,33.8,29.585625,0.0,36.65,0.126
2024-08-24 15:00:00+00:00,31.95,36.175148,0.0,35.85,0.125
2024-08-24 16:00:00+00:00,30.1,40.07142,0.0,34.6,0.125
2024-08-24 17:00:00+00:00,29.4,41.318336,0.0,33.25,0.125
2024-08-24 18:00:00+00:00,27.5,44.67772,0.0,31.9,0.125
2024-08-24 19:00:00+00:00,26.1,48.20057,0.0,30.7,0.125
2024-08-24 20:00:00+00:00,24.7,61.482117,0.0,29.6,0.125
2024-08-24 21:00:00+00:00,23.9,66.3667,0.0,28.6,0.125
2024-08-24 22:00:00+00:00,23.05,68.32646,0.0,27.65,0.125
2024-08-24 23:00:00+00:00,22.0,72.36558,0.0,26.75,0.125
2024-08-25 00:00:00+00:00,21.45,72.49776,0.0,26.0,0.125
2024-08-25 01:00:00+00:00,21.35,73.17586,0.0,25.75,0.126
2024-08-25 02:00:00+00:00,21.1,69.038124,0.0,25.15,0.126
2024-08-25 03:00:00+00:00,21.0,67.26378,0.0,24.7,0.125
2024-08-25 04:00:00+00:00,20.95,70.80406,0.0,24.3,0.125
2024-08-25 05:00:00+00:00,22.7,66.32896,0.0,24.65,0.125
2024-08-25 06:00:00+00:00,25.1,55.433853,0.0,25.85,0.125
2024-08-25 07:00:00+00:00,26.7,49.461346,0.0,27.5,0.125
2024-08-25 08:00:00+00:00,28.35,42.79174,0.0,29.45,0.125
2024-08-25 09:00:00+00:00,29.75,39.97469,0.0,31.35,0.125
2024-08-25 10:00:00+00:00,31.5,35.588253,0.0,33.2,0.125
2024-08-25 11:00:00+00:00,32.75,31.38087,0.0,34.55,0.125
2024-08-25 12:00:00+00:00,33.5,29.988731,0.0,35.55,0.125
2024-08-25 13:00:00+00:00,33.45,29.108448,0.0,35.75,0.126
2024-08-25 14:00:00+00:00,33.3,27.94692,0.0,35.55,0.126
2024-08-25 15:00:00+00:00,32.5,28.94657,0.0,35.0,0.126
2024-08-25 16:00:00+00:00,31.4,31.940134,0.0,34.1,0.126
2024-08-25 17:00:00+00:00,29.4,36.408554,0.0,32.75,0.126
2024-08-25 18:00:00+00:00,27.75,40.200367,0.0,31.45,0.126
2024-08-25 19:00:00+00:00,26.6,44.576355,0.0,30.25,0.126
2024-08-25 20:00:00+00:00,25.45,50.256294,0.0,29.25,0.126
2024-08-25 21:00:00+00:00,24.2,55.746056,0.0,28.25,0.126
2024-08-25 22:00:00+00:00,23.35,56.807766,0.0,27.35,0.126
2024-08-25 23:00:00+00:00,23.0,54.551826,0.0,26.6,0.126
2024-08-26 00:00:00+00:00,22.55,56.980408,0.0,26.0,0.126
2024-08-26 01:00:00+00:00,22.45,65.64429,0.0,26.0,0.125
2024-08-26 02:00:00+00:00,21.95,70.76491,0.0,25.45,0.125
2024-08-26 03:00:00+00:00,21.6,73.21942,0.0,24.95,0.125
2024-08-26 04:00:00+00:00,21.8,71.87157,0.0,24.6,0.125
2024-08-26 05:00:00+00:00,23.95,66.58705,0.0,25.05,0.125
2024-08-26 06:00:00+00:00,25.75,68.64123,0.0,26.2,0.125
2024-08-26 07:00:00+00:00,27.75,60.26524,0.0,27.85,0.125
2024-08-26 08:00:00+00:00,30.1,45.670643,0.0,29.65,0.124
2024-08-26 09:00:00+00:00,31.75,34.860596,0.0,31.3,0.124
2024-08-26 10:00:00+00:00,32.7,29.86905,0.0,32.95,0.124
2024-08-26 11:00:00+00:00,32.7,29.28767,0.0,34.05,0.124
2024-08-26 12:00:00+00:00,33.3,28.784016,0.0,34.95,0.124
2024-08-26 13:00:00+00:00,32.8,29.604261,0.0,35.4,0.126
2024-08-26 14:00:00+00:00,32.2,31.743929,0.0,35.3,0.126
2024-08-26 15:00:00+00:00,30.6,36.15164,0.0,34.45,0.126
2024-08-26 16:00:00+00:00,29.8,37.48287,0.0,33.4,0.126
2024-08-26 17:00:00+00:00,28.5,40.936802,0.0,32.1,0.125
2024-08-26 18:00:00+00:00,27.15,43.298504,0.0,30.85,0.125
2024-08-26 19:00:00+00:00,25.65,51.62288,0.0,29.7,0.125
2024-08-26 20:00:00+00:00,24.6,58.968468,0.0,28.65,0.125
2024-08-26 21:00:00+00:00,23.8,64.072136,0.0,27.8,0.125
2024-08-26 22:00:00+00:00,23.15,67.27138,0.0,27.0,0.125
2024-08-26 23:00:00+00:00,22.6,69.330086,0.0,26.3,0.125
2024-08-27 00:00:00+00:00,22.05,71.23498,0.0,25.7,0.125
2024-08-27 01:00:00+00:00,22.4,73.59021,0.0,25.65,0.123
2024-08-27 02:00:00+00:00,22.1,75.89776,0.0,25.25,0.123
2024-08-27 03:00:00+00:00,21.95,78.05551,0.0,24.9,0.123
2024-08-27 04:00:00+00:00,22.2,79.32611,0.0,24.7,0.123
2024-08-27 05:00:00+00:00,23.95,72.93795,0.0,25.1,0.123
2024-08-27 06:00:00+00:00,26.05,62.566944,0.0,26.25,0.123
2024-08-27 07:00:00+00:00,27.85,52.024548,0.0,27.75,0.123
2024-08-27 08:00:00+00:00,29.8,42.77692,0.0,29.5,0.123
2024-08-27 09:00:00+00:00,30.95,38.29141,0.0,31.25,0.123
2024-08-27 10:00:00+00:00,31.85,36.733017,0.0,32.85,0.123
2024-08-27 11:00:00+00:00,29.9,40.01618,0.2,33.35,0.125
2024-08-27 12:00:00+00:00,31.9,33.900593,0.0,34.35,0.124
2024-08-27 13:00:00+00:00,31.05,34.666878,0.0,34.9,0.121
2024-08-27 14:00:00+00:00,31.7,32.443607,0.0,34.9,0.121
2024-08-27 15:00:00+00:00,30.2,32.88517,0.1,34.05,0.122
2024-08-27 16:00:00+00:00,29.85,31.200413,0.1,32.9,0.122
2024-08-27 17:00:00+00:00,28.55,31.67786,0.0,31.6,0.122
2024-08-27 18:00:00+00:00,27.0,34.912006,0.0,30.3,0.122
2024-08-27 19:00:00+00:00,25.65,38.061695,0.0,29.15,0.122
2024-08-27 20:00:00+00:00,24.7,43.331264,0.0,28.15,0.122
2024-08-27 21:00:00+00:00,23.1,53.171864,0.0,27.2,0.122
2024-08-27 22:00:00+00:00,21.8,60.423546,0.0,26.2,0.122
2024-08-27 23:00:00+00:00,21.0,64.07913,0.0,25.35,0.122
2024-08-28 00:00:00+00:00,20.2,68.86114,0.0,24.6,0.122
2024-08-28 01:00:00+00:00,21.35,64.99038,0.0,24.65,0.132
2024-08-28 02:00:00+00:00,21.1,67.284225,0.0,24.2,0.132
2024-08-28 03:00:00+00:00,20.3,74.6477,0.0,23.8,0.132
2024-08-28 04:00:00+00:00,20.75,75.681435,0.0,23.55,0.132
2024-08-28 05:00:00+00:00,22.8,70.69911,0.0,24.05,0.132
2024-08-28 06:00:00+00:00,25.15,65.38208,0.0,25.45,0.132
2024-08-28 07:00:00+00:00,26.95,57.861732,0.0,27.35,0.132
2024-08-28 08:00:00+00:00,27.8,52.840878,0.1,29.35,0.132
2024-08-28 09:00:00+00:00,28.95,47.278408,0.1,30.55,0.133
2024-08-28 10:00:00+00:00,30.95,36.483963,0.0,32.4,0.132
2024-08-28 11:00:00+00:00,30.95,34.639164,0.0,33.6,0.132
2024-08-28 12:00:00+00:00,31.15,34.135147,0.0,34.25,0.132
2024-08-28 13:00:00+00:00,30.6,35.338806,0.1,33.9,0.134
2024-08-28 14:00:00+00:00,28.2,44.152405,0.2,32.55,0.136
2024-08-28 15:00:00+00:00,29.0,39.766914,0.0,32.3,0.135
2024-08-28 16:00:00+00:00,28.5,38.987553,0.0,31.5,0.135
2024-08-28 17:00:00+00:00,27.05,40.934513,0.0,30.35,0.135
2024-08-28 18:00:00+00:00,25.4,47.23794,0.0,29.2,0.135
2024-08-28 19:00:00+00:00,24.35,51.28432,0.0,28.2,0.135
2024-08-28 20:00:00+00:00,23.45,58.884464,0.0,27.3,0.135
2024-08-28 21:00:00+00:00,22.6,66.09683,0.0,26.5,0.135
2024-08-28 22:00:00+00:00,22.05,68.1277,0.0,25.75,0.135
2024-08-28 23:00:00+00:00,21.7,66.12053,0.0,25.15,0.135
2024-08-29 00:00:00+00:00,22.0,60.27445,0.0,24.7,0.135
2024-08-29 01:00:00+00:00,22.05,65.770515,0.0,24.75,0.129
2024-08-29 02:00:00+00:00,21.5,69.78305,0.0,24.3,0.129
2024-08-29 03:00:00+00:00,22.1,68.57403,0.0,23.95,0.129
2024-08-29 04:00:00+00:00,22.0,69.21376,0.0,23.75,0.129
2024-08-29 05:00:00+00:00,22.95,66.16976,0.0,24.15,0.129
2024-08-29 06:00:00+00:00,25.25,56.364704,0.0,25.45,0.129
2024-08-29 07:00:00+00:00,27.35,48.53359,0.0,27.1,0.129
2024-08-29 08:00:00+00:00,29.1,42.176258,0.0,29.05,0.129
2024-08-29 09:00:00+00:00,30.5,38.04392,0.0,30.9,0.129
2024-08-29 10:00:00+00:00,31.9,34.120922,0.0,32.65,0.129
2024-08-29 11:00:00+00:00,31.1,36.2903,0.1,33.3,0.129
2024-08-29 12:00:00+00:00,32.15,32.77982,0.0,34.05,0.129
2024-08-29 13:00:00+00:00,32.4,33.384846,0.0,34.4,0.131
2024-08-29 14:00:00+00:00,30.85,34.950947,0.0,34.3,0.131
2024-08-29 15:00:00+00:00,30.05,37.67425,0.2,33.2,0.132
2024-08-29 16:00:00+00:00,26.5,54.554787,0.3,31.65,0.134
2024-08-29 17:00:00+00:00,25.0,67.01142,0.0,29.95,0.134
2024-08-29 18:00:00+00:00,24.65,64.25574,0.0,28.65,0.135
2024-08-29 19:00:00+00:00,24.4,62.5955,0.0,27.65,0.135
2024-08-29 20:00:00+00:00,23.8,64.072136,0.0,26.85,0.134
2024-08-29 21:00:00+00:00,23.4,66.896736,0.0,26.25,0.134
2024-08-29 22:00:00+00:00,22.6,71.33603,0.0,25.7,0.134
2024-08-29 23:00:00+00:00,22.0,73.988266,0.0,25.2,0.134
2024-08-30 00:00:00+00:00,21.6,75.33955,0.0,24.8,0.134
2024-08-30 01:00:00+00:00,22.0,74.69343,0.0,24.85,0.13
2024-08-30 02:00:00+00:00,21.75,76.08195,0.0,24.55,0.13
2024-08-30 03:00:00+00:00,21.5,77.01032,0.0,24.25,0.13
2024-08-30 04:00:00+00:00,21.2,78.19165,0.0,24.0,0.13
2024-08-30 05:00:00+00:00,22.5,71.54381,0.0,24.25,0.13
2024-08-30 06:00:00+00:00,23.9,64.501884,0.0,25.15,0.13
2024-08-30 07:00:00+00:00,25.7,55.22919,0.0,26.5,0.13
2024-08-30 08:00:00+00:00,27.15,49.10609,0.0,28.0,0.129
2024-08-30 09:00:00+00:00,28.8,43.053608,0.0,29.8,0.129
2024-08-30 10:00:00+00:00,29.85,39.873653,0.1,31.4,0.13
2024-08-30 11:00:00+00:00,29.9,41.455994,0.4,32.0,0.133
2024-08-30 12:00:00+00:00,31.15,37.25312,0.0,33.05,0.133
2024-08-30 13:00:00+00:00,26.5,53.865334,0.3,33.1,0.136
2024-08-30 14:00:00+00:00,27.1,51.01274,0.1,31.65,0.137
2024-08-30 15:00:00+00:00,28.8,41.958157,0.0,31.4,0.137
2024-08-30 16:00:00+00:00,27.8,43.4772,0.0,30.55,0.137
2024-08-30 17:00:00+00:00,26.4,48.12517,0.0,29.5,0.137
2024-08-30 18:00:00+00:00,25.25,53.03495,0.0,28.5,0.137
2024-08-30 19:00:00+00:00,24.35,57.23567,0.0,27.65,0.136
2024-08-30 20:00:00+00:00,23.15,65.373955,0.0,26.9,0.136
2024-08-30 21:00:00+00:00,22.3,71.28098,0.0,26.15,0.136
2024-08-30 22:00:00+00:00,22.0,73.05715,0.0,25.6,0.136
2024-08-30 23:00:00+00:00,21.8,73.95429,0.0,25.1,0.136
2024-08-31 00:00:00+00:00,21.55,74.146706,0.0,24.7,0.136
2024-08-31 01:00:00+00:00,22.0,75.88183,0.0,25.1,0.125
2024-08-31 02:00:00+00:00,21.65,76.548386,0.0,24.7,0.125
2024-08-31 03:00:00+00:00,21.4,76.75185,0.0,24.35,0.125
2024-08-31 04:00:00+00:00,21.85,73.030914,0.0,24.05,0.125
2024-08-31 05:00:00+00:00,23.1,67.04796,0.0,24.35,0.125
2024-08-31 06:00:00+00:00,24.9,57.369087,0.0,25.35,0.125
2024-08-31 07:00:00+00:00,26.4,50.667854,0.0,26.75,0.125
2024-08-31 08:00:00+00:00,27.05,49.2372,0.2,28.1,0.127
2024-08-31 09:00:00+00:00,27.5,49.5137,0.2,28.7,0.128
2024-08-31 10:00:00+00:00,28.85,44.32958,0.0,30.15,0.128
2024-08-31 11:00:00+00:00,28.0,47.78225,0.0,31.15,0.128
2024-08-31 12:00:00+00:00,25.65,61.30928,0.4,30.9,0.131
2024-08-31 13:00:00+00:00,24.75,60.717796,0.0,30.35,0.13
2024-08-31 14:00:00+00:00,22.95,75.79486,0.6,29.15,0.135
2024-08-31 15:00:00+00:00,22.65,75.27268,0.2,27.55,0.136
2024-08-31 16:00:00+00:00,23.4,75.86639,0.6,26.05,0.141
2024-08-31 17:00:00+00:00,23.45,70.59737,0.0,25.15,0.141
2024-08-31 18:00:00+00:00,23.2,70.77353,0.1,24.6,0.142
2024-08-31 19:00:00+00:00,23.4,65.21914,0.0,24.35,0.142
2024-08-31 20:00:00+00:00,23.4,60.99005,0.0,24.3,0.142
2024-08-31 21:00:00+00:00,23.0,61.883953,0.0,24.2,0.142
2024-08-31 22:00:00+00:00,22.4,62.54855,0.0,24.05,0.142
2024-08-31 23:00:00+00:00,21.8,64.87765,0.0,23.85,0.141
2024-09-01 00:00:00+00:00,20.7,78.36636,0.4,23.45,0.145
2024-09-01 01:00:00+00:00,20.05,93.10127,2.1,22.35,0.232
2024-09-01 02:00:00+00:00,20.35,92.249985,4.9,22.0,0.3
2024-09-01 03:00:00+00:00,20.7,90.84488,0.4,21.85,0.303
2024-09-01 04:00:00+00:00,20.4,91.3938,1.5,21.65,0.321
2024-09-01 05:00:00+00:00,21.0,86.17292,0.1,21.7,0.32
2024-09-01 06:00:00+00:00,22.25,75.92162,0.0,22.25,0.317
2024-09-01 07:00:00+00:00,23.5,63.196266,0.0,23.1,0.313
2024-09-01 08:00:00+00:00,25.45,53.428013,0.0,24.5,0.309
2024-09-01 09:00:00+00:00,26.95,47.196533,0.0,26.05,0.305
2024-09-01 10:00:00+00:00,28.55,42.02485,0.0,27.6,0.299
2024-09-01 11:00:00+00:00,29.3,39.210026,0.0,28.8,0.294
2024-09-01 12:00:00+00:00,29.8,36.75862,0.0,29.55,0.29
2024-09-01 13:00:00+00:00,30.9,30.670422,0.0,30.45,0.203
2024-09-01 14:00:00+00:00,30.05,33.498405,0.0,30.4,0.201
2024-09-01 15:00:00+00:00,29.5,35.37922,0.0,30.25,0.2
2024-09-01 16:00:00+00:00,27.85,44.056744,0.0,29.4,0.199
2024-09-01 17:00:00+00:00,25.25,58.747543,0.0,28.2,0.199
2024-09-01 18:00:00+00:00,24.4,64.60907,0.0,27.25,0.199
2024-09-01 19:00:00+00:00,23.2,72.80692,0.0,26.3,0.199
2024-09-01 20:00:00+00:00,21.95,78.30128,0.0,25.4,0.198
2024-09-01 21:00:00+00:00,21.75,77.780685,0.0,24.7,0.198
2024-09-01 22:00:00+00:00,21.4,72.95204,0.0,24.1,0.198
2024-09-01 23:00:00+00:00,20.85,71.69878,0.0,23.6,0.198
2024-09-02 00:00:00+00:00,20.4,74.1882,0.0,23.2,0.198
2024-09-02 01:00:00+00:00,21.2,79.68716,0.0,24.2,0.194
2024-09-02 02:00:00+00:00,20.9,84.02845,0.4,23.8,0.197
2024-09-02 03:00:00+00:00,20.1,93.39473,1.3,22.95,0.212
2024-09-02 04:00:00+00:00,19.7,93.66778,3.0,22.2,0.254
2024-09-02 05:00:00+00:00,19.95,92.22728,1.2,21.85,0.269
2024-09-02 06:00:00+00:00,21.15,85.382835,2.2,22.05,0.298
2024-09-02 07:00:00+00:00,22.45,78.86608,0.0,22.85,0.296
2024-09-02 08:00:00+00:00,24.65,69.072014,0.0,24.3,0.294
2024-09-02 09:00:00+00:00,26.05,63.355774,0.3,25.85,0.293
2024-09-02 10:00:00+00:00,27.35,60.173504,0.1,27.25,0.29
2024-09-02 11:00:00+00:00,28.25,55.68296,0.0,28.7,0.286
2024-09-02 12:00:00+00:00,28.3,53.976418,0.0,29.6,0.283
2024-09-02 13:00:00+00:00,30.35,41.446922,0.0,31.85,0.186
2024-09-02 14:00:00+00:00,28.1,53.926334,0.5,30.9,0.189
2024-09-02 15:00:00+00:00,27.85,54.03367,0.0,30.15,0.189
2024-09-02 16:00:00+00:00,27.35,56.341988,0.0,29.35,0.188
2024-09-02 17:00:00+00:00,25.4,66.67448,0.0,28.2,0.188
2024-09-02 18:00:00+00:00,24.45,71.6724,0.0,27.2,0.188
2024-09-02 19:00:00+00:00,23.6,74.95699,0.0,26.35,0.188
2024-09-02 20:00:00+00:00,22.65,79.14129,0.0,25.6,0.188
2024-09-02 21:00:00+00:00,22.4,81.108055,0.0,24.95,0.187
2024-09-02 22:00:00+00:00,22.35,80.84886,0.0,24.3,0.187
2024-09-02 23:00:00+00:00,21.95,82.84287,0.0,23.8,0.187
2024-09-03 00:00:00+00:00,20.5,91.115425,0.0,23.35,0.187
2024-09-03 01:00:00+00:00,22.15,84.166824,0.0,23.2,0.196
2024-09-03 02:00:00+00:00,21.85,85.4544,0.0,22.85,0.196
2024-09-03 03:00:00+00:00,20.25,93.1114,0.0,22.6,0.196
2024-09-03 04:00:00+00:00,19.75,96.63907,0.0,22.35,0.196
2024-09-03 05:00:00+00:00,21.55,89.503624,0.0,22.85,0.196
2024-09-03 06:00:00+00:00,24.2,75.05484,0.0,24.1,0.195
2024-09-03 07:00:00+00:00,26.75,59.473114,0.0,25.85,0.194
2024-09-03 08:00:00+00:00,29.05,48.213726,0.0,27.75,0.193
2024-09-03 09:00:00+00:00,30.65,40.09452,0.0,29.6,0.191
2024-09-03 10:00:00+00:00,31.65,36.559982,0.0,31.25,0.189
2024-09-03 11:00:00+00:00,32.55,32.78351,0.0,32.65,0.187
2024-09-03 12:00:00+00:00,33.25,28.676435,0.0,33.7,0.185
2024-09-03 13:00:00+00:00,33.85,27.010635,0.0,34.05,0.184
2024-09-03 14:00:00+00:00,33.8,25.864977,0.0,34.0,0.182
2024-09-03 15:00:00+00:00,33.05,27.243916,0.0,33.35,0.181
2024-09-03 16:00:00+00:00,30.8,35.624905,0.0,32.2,0.18
2024-09-03 17:00:00+00:00,28.3,44.322075,0.0,30.8,0.18
2024-09-03 18:00:00+00:00,26.9,49.67305,0.0,29.55,0.18
2024-09-03 19:00:00+00:00,25.3,54.953457,0.0,28.35,0.179
2024-09-03 20:00:00+00:00,23.25,66.02198,0.0,27.2,0.179
2024-09-03 21:00:00+00:00,22.9,69.16856,0.0,26.25,0.179
2024-09-03 22:00:00+00:00,21.65,75.10956,0.0,25.4,0.179
2024-09-03 23:00:00+00:00,21.1,76.46241,0.0,24.7,0.179
2024-09-04 00:00:00+00:00,19.95,82.34229,0.0,24.1,0.179
2024-09-04 01:00:00+00:00,20.15,83.944595,0.0,23.85,0.173
2024-09-04 02:00:00+00:00,19.8,85.513145,0.0,23.4,0.173
2024-09-04 03:00:00+00:00,19.65,87.13434,0.0,23.0,0.173
2024-09-04 04:00:00+00:00,19.25,90.74794,0.0,22.65,0.173
2024-09-04 05:00:00+00:00,21.1,83.00218,0.0,22.95,0.173
2024-09-04 06:00:00+00:00,23.95,72.031525,0.0,24.2,0.173
2024-09-04 07:00:00+00:00,26.75,55.665104,0.0,26.05,0.172
2024-09-04 08:00:00+00:00,29.1,42.859665,0.0,28.15,0.171
2024-09-04 09:00:00+00:00,30.7,36.770016,0.0,30.15,0.169
2024-09-04 10:00:00+00:00,31.9,33.03172,0.0,31.95,0.168
2024-09-04 11:00:00+00:00,32.65,31.150017,0.0,33.25,0.166
2024-09-04 12:00:00+00:00,33.15,30.78276,0.0,34.1,0.165
2024-09-04 13:00:00+00:00,32.9,31.117033,0.0,34.35,0.164
2024-09-04 14:00:00+00:00,32.6,30.833317,0.0,34.25,0.163
2024-09-04 15:00:00+00:00,30.15,40.473396,0.0,33.35,0.163
2024-09-04 16:00:00+00:00,28.7,46.16995,0.0,32.05,0.162
2024-09-04 17:00:00+00:00,26.85,55.163765,0.0,30.6,0.162
2024-09-04 18:00:00+00:00,25.35,61.048,0.0,29.3,0.162
2024-09-04 19:00:00+00:00,24.1,64.54481,0.0,28.15,0.162
2024-09-04 20:00:00+00:00,23.05,68.76084,0.0,27.15,0.161
2024-09-04 21:00:00+00:00,22.3,72.87872,0.0,26.3,0.161
2024-09-04 22:00:00+00:00,21.6,76.782776,0.0,25.55,0.161
2024-09-04 23:00:00+00:00,21.0,80.67169,0.0,24.85,0.161
2024-09-05 00:00:00+00:00,20.35,85.300354,0.0,24.25,0.161
2024-09-05 01:00:00+00:00,20.7,89.16052,0.0,24.45,0.159
2024-09-05 02:00:00+00:00,20.4,89.97759,0.0,23.95,0.159
2024-09-05 03:00:00+00:00,19.9,92.513405,0.0,23.5,0.159
2024-09-05 04:00:00+00:00,19.65,93.958916,0.0,23.05,0.159
2024-09-05 05:00:00+00:00,21.3,85.398224,0.0,23.35,0.158
2024-09-05 06:00:00+00:00,23.3,75.377914,0.0,24.4,0.158
2024-09-05 07:00:00+00:00,25.4,64.01351,0.0,26.05,0.158
2024-09-05 08:00:00+00:00,27.3,52.214138,0.0,27.95,0.157
2024-09-05 09:00:00+00:00,28.85,45.770164,0.0,30.0,0.156
2024-09-05 10:00:00+00:00,30.1,41.77752,0.0,31.85,0.155
2024-09-05 11:00:00+00:00,30.9,39.525906,0.0,33.3,0.154
2024-09-05 12:00:00+00:00,31.15,38.223816,0.0,34.25,0.153
2024-09-05 13:00:00+00:00,32.3,32.92773,0.0,34.7,0.152
2024-09-05 14:00:00+00:00,31.85,33.341434,0.0,34.55,0.151
2024-09-05 15:00:00+00:00,31.1,34.68073,0.0,33.7,0.151
2024-09-05 16:00:00+00:00,29.85,38.731724,0.0,32.55,0.15
2024-09-05 17:00:00+00:00,27.75,48.484543,0.0,31.1,0.15
2024-09-05 18:00:00+00:00,26.45,54.889954,0.0,29.85,0.15
2024-09-05 19:00:00+00:00,25.25,61.218468,0.0,28.75,0.15
2024-09-05 20:00:00+00:00,24.2,66.848724,0.0,27.8,0.15
2024-09-05 21:00:00+00:00,23.35,72.15031,0.0,26.95,0.15
2024-09-05 22:00:00+00:00,22.7,70.01215,0.0,26.25,0.15
2024-09-05 23:00:00+00:00,21.85,66.791725,0.0,25.5,0.149
2024-09-06 00:00:00+00:00,21.0,66.615944,0.0,24.8,0.149
2024-09-06 01:00:00+00:00,21.3,64.77003,0.0,24.55,0.15
2024-09-06 02:00:00+00:00,20.8,63.620514,0.0,24.0,0.15
2024-09-06 03:00:00+00:00,20.5,62.11907,0.0,23.55,0.15
2024-09-06 04:00:00+00:00,20.2,62.050667,0.0,23.15,0.15
2024-09-06 05:00:00+00:00,21.9,56.82042,0.0,23.4,0.15
2024-09-06 06:00:00+00:00,24.3,48.504932,0.0,24.5,0.15
2024-09-06 07:00:00+00:00,26.6,40.943466,0.0,26.25,0.149
2024-09-06 08:00:00+00:00,28.45,36.024456,0.0,28.3,0.149
2024-09-06 09:00:00+00:00,29.85,34.559704,0.0,30.35,0.148
2024-09-06 10:00:00+00:00,30.85,34.274845,0.0,32.25,0.147
2024-09-06 11:00:00+00:00,31.75,33.531044,0.0,33.7,0.146
2024-09-06 12:00:00+00:00,32.2,33.329758,0.0,34.75,0.146
2024-09-06 13:00:00+00:00,33.0,27.77473,0.0,34.8,0.145
2024-09-06 14:00:00+00:00,32.75,27.525244,0.0,34.45,0.145
2024-09-06 15:00:00+00:00,32.0,29.386854,0.0,33.7,0.144
2024-09-06 16:00:00+00:00,29.9,37.754837,0.0,32.6,0.144
2024-09-06 17:00:00+00:00,27.35,46.84988,0.0,31.15,0.144
2024-09-06 18:00:00+00:00,25.9,57.97656,0.0,29.85,0.144
2024-09-06 19:00:00+00:00,24.75,66.33284,0.0,28.7,0.144
2024-09-06 20:00:00+00:00,23.7,70.422295,0.0,27.75,0.143
2024-09-06 21:00:00+00:00,22.85,72.97499,0.0,26.85,0.143
2024-09-06 22:00:00+00:00,22.4,74.5245,0.0,26.15,0.143
2024-09-06 23:00:00+00:00,21.7,77.52848,0.0,25.5,0.143
2024-09-07 00:00:00+00:00,21.05,80.933014,0.0,24.9,0.143
2024-09-07 01:00:00+00:00,21.7,76.556145,0.0,25.4,0.135
2024-09-07 02:00:00+00:00,21.15,80.69152,0.0,24.8,0.135
2024-09-07 03:00:00+00:00,20.7,85.06898,0.0,24.3,0.135
2024-09-07 04:00:00+00:00,20.5,87.76043,0.8,23.95,0.144
2024-09-07 05:00:00+00:00,21.1,88.91431,1.0,23.5,0.157
2024-09-07 06:00:00+00:00,22.6,81.89495,0.0,23.85,0.157
2024-09-07 07:00:00+00:00,24.35,67.72612,0.0,24.95,0.157
2024-09-07 08:00:00+00:00,26.2,56.417744,0.0,26.7,0.157
2024-09-07 09:00:00+00:00,27.65,48.768723,0.0,28.45,0.156
2024-09-07 10:00:00+00:00,28.6,44.5465,0.0,29.85,0.156
2024-09-07 11:00:00+00:00,29.2,42.475914,0.2,30.95,0.156
2024-09-07 12:00:00+00:00,29.15,42.598873,0.1,31.4,0.157
2024-09-07 13:00:00+00:00,27.95,50.2669,1.6,31.25,0.155
2024-09-07 14:00:00+00:00,25.2,60.245956,0.1,30.75,0.156
2024-09-07 15:00:00+00:00,25.45,62.828167,0.1,29.7,0.156
2024-09-07 16:00:00+00:00,25.6,58.088844,0.0,28.85,0.156
2024-09-07 17:00:00+00:00,24.0,65.7608,0.0,27.8,0.156
2024-09-07 18:00:00+00:00,22.9,71.16592,0.0,26.85,0.156
2024-09-07 19:00:00+00:00,21.9,74.67685,0.0,26.05,0.156
2024-09-07 20:00:00+00:00,21.45,76.27541,0.0,25.3,0.156
2024-09-07 21:00:00+00:00,21.1,76.948875,0.0,24.7,0.155
2024-09-07 22:00:00+00:00,20.85,77.154976,0.0,24.25,0.155
2024-09-07 23:00:00+00:00,20.45,76.11718,0.0,23.8,0.155
2024-09-08 00:00:00+00:00,20.15,75.102165,0.0,23.4,0.155
2024-09-08 01:00:00+00:00,21.1,74.54346,0.0,24.55,0.135
2024-09-08 02:00:00+00:00,20.35,76.10127,0.0,24.0,0.135
2024-09-08 03:00:00+00:00,19.9,75.78634,0.0,23.5,0.135
2024-09-08 04:00:00+00:00,19.45,75.71363,0.0,23.05,0.135
2024-09-08 05:00:00+00:00,20.25,69.54183,0.0,23.05,0.135
2024-09-08 06:00:00+00:00,21.85,59.075863,0.0,23.75,0.135
2024-09-08 07:00:00+00:00,23.85,49.833206,0.0,25.0,0.135
2024-09-08 08:00:00+00:00,25.7,42.336678,0.0,26.6,0.135
2024-09-08 09:00:00+00:00,27.15,33.80518,0.0,28.25,0.135
2024-09-08 10:00:00+00:00,28.15,28.625654,0.0,29.8,0.134
2024-09-08 11:00:00+00:00,28.75,25.736422,0.0,31.0,0.134
2024-09-08 12:00:00+00:00,29.1,22.746468,0.0,31.85,0.134
2024-09-08 13:00:00+00:00,28.75,21.353096,0.0,32.1,0.133
2024-09-08 14:00:00+00:00,28.25,24.14569,0.0,31.85,0.133
2024-09-08 15:00:00+00:00,27.3,25.700354,0.0,31.1,0.132
2024-09-08 16:00:00+00:00,25.8,29.6663,0.0,29.9,0.132
2024-09-08 17:00:00+00:00,24.35,32.67818,0.0,28.4,0.132
2024-09-08 18:00:00+00:00,22.7,53.944363,0.0,27.15,0.132
2024-09-08 19:00:00+00:00,21.8,63.63515,0.0,26.1,0.132
2024-09-08 20:00:00+00:00,21.15,69.04794,0.0,25.25,0.132
2024-09-08 21:00:00+00:00,20.65,73.75768,0.0,24.55,0.132
2024-09-08 22:00:00+00:00,19.95,78.00718,0.0,23.9,0.132
2024-09-08 23:00:00+00:00,19.4,81.23265,0.0,23.3,0.132
2024-09-09 00:00:00+00:00,18.9,84.07105,0.0,22.75,0.132
2024-09-09 01:00:00+00:00,18.8,85.1387,0.0,22.65,0.131
2024-09-09 02:00:00+00:00,18.4,87.57509,0.0,22.2,0.131
2024-09-09 03:00:00+00:00,18.05,89.80537,0.0,21.8,0.131
2024-09-09 04:00:00+00:00,17.9,90.36816,0.0,21.45,0.131
2024-09-09 05:00:00+00:00,19.3,82.000694,0.0,21.65,0.131
2024-09-09 06:00:00+00:00,21.65,69.36708,0.0,22.75,0.131
2024-09-09 07:00:00+00:00,23.55,60.440826,0.0,24.45,0.131
2024-09-09 08:00:00+00:00,25.15,51.99417,0.0,26.45,0.131
2024-09-09 09:00:00+00:00,26.65,44.590065,0.0,28.5,0.131
2024-09-09 10:00:00+00:00,27.75,40.069218,0.0,30.45,0.131
2024-09-09 11:00:00+00:00,28.65,35.96189,0.0,31.95,0.13
2024-09-09 12:00:00+00:00,29.4,33.538486,0.0,33.05,0.13
2024-09-09 13:00:00+00:00,30.15,33.306618,0.0,33.5,0.131
2024-09-09 14:00:00+00:00,29.95,32.492718,0.0,33.4,0.131
2024-09-09 15:00:00+00:00,29.45,32.35402,0.0,32.7,0.131
2024-09-09 16:00:00+00:00,28.15,36.77969,0.0,31.5,0.131
2024-09-09 17:00:00+00:00,25.8,49.064297,0.0,29.9,0.131
2024-09-09 18:00:00+00:00,24.25,53.46667,0.0,28.5,0.131
2024-09-09 19:00:00+00:00,22.95,59.52897,0.0,27.2,0.13
2024-09-09 20:00:00+00:00,22.35,63.55146,0.0,26.2,0.13
2024-09-09 21:00:00+00:00,21.75,69.83098,0.0,25.4,0.13
2024-09-09 22:00:00+00:00,20.9,74.74777,0.0,24.7,0.13
2024-09-09 23:00:00+00:00,20.05,77.03221,0.0,24.0,0.13
2024-09-10 00:00:00+00:00,19.4,78.17545,0.0,23.4,0.13
2024-09-10 01:00:00+00:00,20.6,81.13028,0.0,23.25,0.128
2024-09-10 02:00:00+00:00,20.35,82.91353,0.0,23.0,0.128
2024-09-10 03:00:00+00:00,19.75,84.70045,0.0,22.7,0.128
2024-09-10 04:00:00+00:00,19.6,85.49265,0.0,22.5,0.128
2024-09-10 05:00:00+00:00,20.1,83.40993,0.0,22.55,0.128
2024-09-10 06:00:00+00:00,21.75,78.51886,0.0,23.05,0.128
2024-09-10 07:00:00+00:00,23.35,74.21605,0.0,23.9,0.128
2024-09-10 08:00:00+00:00,24.4,69.89391,0.0,24.8,0.128
2024-09-10 09:00:00+00:00,25.95,60.418888,0.0,26.05,0.128
2024-09-10 10:00:00+00:00,26.65,54.419277,0.0,26.9,0.128
2024-09-10 11:00:00+00:00,27.6,46.317986,0.0,28.0,0.128
2024-09-10 12:00:00+00:00,28.15,40.83981,0.0,28.75,0.128
2024-09-10 13:00:00+00:00,28.2,48.60373,0.1,29.9,0.136
2024-09-10 14:00:00+00:00,28.2,47.37974,0.0,30.1,0.136
2024-09-10 15:00:00+00:00,27.8,46.37194,0.0,29.75,0.136
2024-09-10 16:00:00+00:00,26.2,44.757717,0.0,28.9,0.136
2024-09-10 17:00:00+00:00,23.5,58.14284,0.0,27.8,0.136
2024-09-10 18:00:00+00:00,22.25,71.49818,0.5,26.3,0.14
2024-09-10 19:00:00+00:00,21.75,80.26524,0.4,25.0,0.144
2024-09-10 20:00:00+00:00,21.15,88.366135,6.1,23.9,0.229
2024-09-10 21:00:00+00:00,21.2,91.443634,4.3,23.25,0.289
2024-09-10 22:00:00+00:00,21.45,87.297935,2.3,22.8,0.319
2024-09-10 23:00:00+00:00,21.4,81.4891,0.0,22.5,0.316
2024-09-11 00:00:00+00:00,20.55,85.32107,0.3,22.1,0.316
2024-09-11 01:00:00+00:00,20.0,95.74774,0.0,22.6,0.263
2024-09-11 02:00:00+00:00,20.25,94.57242,0.0,22.25,0.262
2024-09-11 03:00:00+00:00,20.9,90.57588,0.0,22.15,0.262
2024-09-11 04:00:00+00:00,20.2,92.81896,0.4,21.95,0.266
2024-09-11 05:00:00+00:00,19.8,89.93402,0.2,21.65,0.266
2024-09-11 06:00:00+00:00,20.0,90.51424,0.3,21.5,0.269
2024-09-11 07:00:00+00:00,21.5,83.30956,0.2,22.0,0.27
2024-09-11 08:00:00+00:00,21.8,82.825134,0.2,22.5,0.27
2024-09-11 09:00:00+00:00,23.45,75.63786,0.2,23.65,0.27
2024-09-11 10:00:00+00:00,24.8,67.81589,0.1,25.1,0.269
2024-09-11 11:00:00+00:00,25.45,62.828167,0.0,26.2,0.267
2024-09-11 12:00:00+00:00,24.2,66.63834,1.4,27.05,0.28
2024-09-11 13:00:00+00:00,23.7,70.422295,0.0,26.5,0.289
2024-09-11 14:00:00+00:00,24.3,68.57254,0.0,26.75,0.286
2024-09-11 15:00:00+00:00,24.6,65.678856,0.0,26.55,0.284
2024-09-11 16:00:00+00:00,23.85,66.98855,0.0,25.9,0.282
2024-09-11 17:00:00+00:00,22.5,72.68387,0.0,25.0,0.281
2024-09-11 18:00:00+00:00,21.5,78.48269,0.0,24.25,0.28
2024-09-11 19:00:00+00:00,21.15,81.45731,0.0,23.6,0.279
2024-09-11 20:00:00+00:00,20.4,86.11422,0.0,23.1,0.278
2024-09-11 21:00:00+00:00,19.7,89.92673,0.0,22.6,0.277
2024-09-11 22:00:00+00:00,18.7,94.80756,0.0,22.05,0.276
2024-09-11 23:00:00+00:00,18.15,96.59844,0.0,21.6,0.275
2024-09-12 00:00:00+00:00,18.6,94.80369,0.0,21.15,0.274
2024-09-12 01:00:00+00:00,18.35,93.90043,0.0,20.75,0.274
2024-09-12 02:00:00+00:00,18.3,94.49326,0.0,20.5,0.273
2024-09-12 03:00:00+00:00,17.75,94.17146,0.0,20.2,0.272
2024-09-12 04:00:00+00:00,17.35,94.75494,0.0,19.9,0.271
2024-09-12 05:00:00+00:00,19.5,87.94991,0.0,20.2,0.27
2024-09-12 06:00:00+00:00,22.25,70.59631,0.0,21.4,0.269
2024-09-12 07:00:00+00:00,24.15,55.73365,0.0,23.05,0.267
2024-09-12 08:00:00+00:00,25.8,55.078148,0.0,24.85,0.265
2024-09-12 09:00:00+00:00,27.15,55.238007,0.0,26.55,0.262
2024-09-12 10:00:00+00:00,27.95,50.2669,0.0,27.65,0.26
2024-09-12 11:00:00+00:00,28.6,48.24759,0.2,28.45,0.258
2024-09-12 12:00:00+00:00,29.0,43.80554,0.0,28.95,0.256
2024-09-12 13:00:00+00:00,28.25,49.23922,0.0,29.05,0.256
2024-09-12 14:00:00+00:00,28.25,46.941193,0.0,28.95,0.254
2024-09-12 15:00:00+00:00,27.35,50.75331,0.0,28.45,0.252
2024-09-12 16:00:00+00:00,25.8,59.251137,0.0,27.5,0.251
2024-09-12 17:00:00+00:00,24.0,68.72958,0.0,26.35,0.251
2024-09-12 18:00:00+00:00,22.9,77.22358,0.0,25.35,0.25
2024-09-12 19:00:00+00:00,21.95,84.93449,0.0,24.55,0.25
2024-09-12 20:00:00+00:00,21.3,90.88459,0.0,23.85,0.249
2024-09-12 21:00:00+00:00,21.0,94.01876,0.0,23.35,0.249
2024-09-12 22:00:00+00:00,20.85,95.77455,0.0,22.95,0.248
2024-09-12 23:00:00+00:00,20.8,96.66536,0.0,22.65,0.248
2024-09-13 00:00:00+00:00,20.75,97.26325,0.0,22.45,0.247
2024-09-13 01:00:00+00:00,20.9,97.26634,0.0,22.6,0.245
2024-09-13 02:00:00+00:00,20.85,96.66657,0.0,22.4,0.245
2024-09-13 03:00:00+00:00,20.85,95.47883,0.0,22.2,0.244
2024-09-13 04:00:00+00:00,20.7,94.59043,0.0,22.0,0.244
2024-09-13 05:00:00+00:00,21.9,86.26035,0.0,22.15,0.244
2024-09-13 06:00:00+00:00,24.05,73.18345,0.0,23.0,0.243
2024-09-13 07:00:00+00:00,25.65,65.897415,0.0,24.3,0.242
2024-09-13 08:00:00+00:00,27.15,56.82754,0.0,25.8,0.24
2024-09-13 09:00:00+00:00,28.15,51.937054,0.0,27.2,0.238
2024-09-13 10:00:00+00:00,28.65,49.972935,0.0,28.3,0.236
2024-09-13 11:00:00+00:00,29.4,42.804436,0.0,29.1,0.234
2024-09-13 12:00:00+00:00,29.1,44.114388,0.0,29.4,0.232
2024-09-13 13:00:00+00:00,29.15,43.846455,0.0,29.2,0.232
2024-09-13 14:00:00+00:00,28.7,47.21171,0.0,29.1,0.231
2024-09-13 15:00:00+00:00,27.15,59.194412,0.0,28.7,0.229
2024-09-13 16:00:00+00:00,25.65,66.9338,0.0,27.8,0.229
2024-09-13 17:00:00+00:00,24.5,72.58034,0.0,26.75,0.228
2024-09-13 18:00:00+00:00,24.05,77.39666,0.0,26.0,0.228
2024-09-13 19:00:00+00:00,23.75,79.540764,0.0,25.35,0.228
2024-09-13 20:00:00+00:00,23.65,79.77373,0.0,24.9,0.227
2024-09-13 21:00:00+00:00,23.65,76.85718,0.0,24.55,0.227
2024-09-13 22:00:00+00:00,23.45,71.94192,0.0,24.3,0.227
2024-09-13 23:00:00+00:00,23.25,70.11636,0.0,24.0,0.227
2024-09-14 00:00:00+00:00,23.3,71.23939,0.0,23.85,0.226
2024-09-14 01:00:00+00:00,23.65,73.34336,0.0,24.35,0.225
2024-09-14 02:00:00+00:00,23.5,76.356926,0.0,24.15,0.224
2024-09-14 03:00:00+00:00,23.3,78.00962,0.0,23.95,0.224
2024-09-14 04:00:00+00:00,22.95,77.23114,0.0,23.7,0.224
2024-09-14 05:00:00+00:00,23.95,70.46905,0.0,23.8,0.223
2024-09-14 06:00:00+00:00,25.5,65.8663,0.0,24.55,0.223
2024-09-14 07:00:00+00:00,27.0,55.026638,0.1,25.65,0.222
2024-09-14 08:00:00+00:00,27.15,51.025723,0.1,26.55,0.222
2024-09-14 09:00:00+00:00,28.4,45.502674,0.0,27.7,0.22
2024-09-14 10:00:00+00:00,29.35,37.7245,0.0,28.75,0.218
2024-09-14 11:00:00+00:00,29.8,34.659264,0.0,29.75,0.216
2024-09-14 12:00:00+00:00,29.4,36.28973,0.0,30.35,0.214
2024-09-14 13:00:00+00:00,29.4,36.053104,0.0,30.65,0.211
2024-09-14 14:00:00+00:00,28.8,38.189884,0.0,30.45,0.209
2024-09-14 15:00:00+00:00,27.6,42.03508,0.0,29.75,0.208
2024-09-14 16:00:00+00:00,25.95,49.26298,0.0,28.7,0.207
2024-09-14 17:00:00+00:00,24.55,55.296974,0.0,27.5,0.207
2024-09-14 18:00:00+00:00,23.25,61.347874,0.0,26.4,0.207
2024-09-14 19:00:00+00:00,22.5,66.49944,0.0,25.55,0.206
2024-09-14 20:00:00+00:00,21.7,73.23685,0.0,24.8,0.206
2024-09-14 21:00:00+00:00,20.7,77.37752,0.0,24.1,0.206
2024-09-14 22:00:00+00:00,19.65,72.40806,0.0,23.5,0.206
2024-09-14 23:00:00+00:00,18.5,72.671906,0.0,22.9,0.206
2024-09-15 00:00:00+00:00,17.7,73.48363,0.0,22.3,0.205
2024-09-15 01:00:00+00:00,19.35,67.5825,0.0,23.35,0.203
2024-09-15 02:00:00+00:00,19.15,70.46446,0.0,22.9,0.202
2024-09-15 03:00:00+00:00,19.15,70.00768,0.0,22.6,0.202
2024-09-15 04:00:00+00:00,18.95,69.062454,0.0,22.35,0.202
2024-09-15 05:00:00+00:00,18.65,72.69876,0.2,22.05,0.204
2024-09-15 06:00:00+00:00,18.15,76.98601,0.0,21.75,0.204
2024-09-15 07:00:00+00:00,18.6,77.055786,2.3,21.65,0.232
2024-09-15 08:00:00+00:00,18.7,77.07125,0.4,21.45,0.235
2024-09-15 09:00:00+00:00,17.5,86.10139,1.1,20.9,0.246
2024-09-15 10:00:00+00:00,19.8,70.816345,0.1,21.85,0.246
2024-09-15 11:00:00+00:00,21.95,58.907803,0.0,24.0,0.244
2024-09-15 12:00:00+00:00,22.65,54.463108,0.0,25.3,0.242
2024-09-15 13:00:00+00:00,22.3,59.955173,0.1,25.65,0.262
2024-09-15 14:00:00+00:00,22.5,58.467793,0.0,26.05,0.26
2024-09-15 15:00:00+00:00,22.1,58.561703,0.0,25.7,0.259
2024-09-15 16:00:00+00:00,20.85,73.32224,0.0,24.8,0.258
2024-09-15 17:00:00+00:00,19.55,70.540405,0.0,23.6,0.257
2024-09-15 18:00:00+00:00,18.8,75.12081,0.0,22.6,0.257
2024-09-15 19:00:00+00:00,17.7,78.93991,0.0,21.75,0.256
2024-09-15 20:00:00+00:00,17.2,75.84007,0.0,21.05,0.255
2024-09-15 21:00:00+00:00,16.35,75.701355,0.0,20.4,0.255
2024-09-15 22:00:00+00:00,17.9,65.96413,0.0,19.75,0.254
2024-09-15 23:00:00+00:00,15.55,84.79119,0.0,19.2,0.254
2024-09-16 00:00:00+00:00,15.25,88.43522,0.0,18.8,0.253
2024-09-16 01:00:00+00:00,14.15,97.122955,0.0,18.25,0.252
2024-09-16 02:00:00+00:00,14.4,98.71468,0.0,18.1,0.252
2024-09-16 03:00:00+00:00,13.95,99.03126,0.0,17.9,0.252
2024-09-16 04:00:00+00:00,13.85,98.70917,0.0,17.65,0.251
2024-09-16 05:00:00+00:00,15.1,94.05462,0.0,17.85,0.251
2024-09-16 06:00:00+00:00,17.1,83.59688,0.0,18.7,0.25
2024-09-16 07:00:00+00:00,19.35,71.88718,0.0,20.15,0.249
2024-09-16 08:00:00+00:00,21.05,63.469475,0.0,21.85,0.247
2024-09-16 09:00:00+00:00,22.45,57.889275,0.0,23.7,0.245
2024-09-16 10:00:00+00:00,23.65,53.31315,0.0,25.3,0.243
2024-09-16 11:00:00+00:00,24.45,51.310474,0.0,26.6,0.241
2024-09-16 12:00:00+00:00,24.85,49.290318,0.0,27.35,0.238
2024-09-16 13:00:00+00:00,25.2,45.66607,0.0,27.55,0.239
2024-09-16 14:00:00+00:00,24.05,48.596874,0.1,27.05,0.238
2024-09-16 15:00:00+00:00,21.95,64.70144,0.0,26.05,0.237
2024-09-16 16:00:00+00:00,19.75,77.23276,0.1,24.7,0.237
2024-09-16 17:00:00+00:00,18.95,80.9148,0.0,23.4,0.237
2024-09-16 18:00:00+00:00,18.85,85.415474,0.1,22.45,0.238
2024-09-16 19:00:00+00:00,18.15,89.52748,0.0,21.6,0.238
2024-09-16 20:00:00+00:00,17.85,90.077156,0.0,20.95,0.237
2024-09-16 21:00:00+00:00,17.35,93.25902,0.0,20.4,0.237
2024-09-16 22:00:00+00:00,16.95,95.04177,0.0,20.0,0.237
2024-09-16 23:00:00+00:00,16.6,94.121185,0.0,19.7,0.236
2024-09-17 00:00:00+00:00,16.25,93.50343,0.0,19.35,0.236
2024-09-17 01:00:00+00:00,16.35,95.629745,1.9,19.35,0.256
2024-09-17 02:00:00+00:00,16.8,93.82963,0.2,18.95,0.257
2024-09-17 03:00:00+00:00,16.6,93.52041,0.0,18.7,0.257
2024-09-17 04:00:00+00:00,16.5,92.91773,0.0,18.45,0.256
2024-09-17 05:00:00+00:00,16.9,90.00803,0.0,18.5,0.256
2024-09-17 06:00:00+00:00,18.15,84.256454,0.0,19.2,0.255
2024-09-17 07:00:00+00:00,19.5,76.209854,0.0,20.3,0.255
2024-09-17 08:00:00+00:00,20.8,68.536446,0.1,21.45,0.254
2024-09-17 09:00:00+00:00,22.0,66.18323,0.2,22.75,0.254
2024-09-17 10:00:00+00:00,23.25,58.270397,0.0,23.85,0.253
2024-09-17 11:00:00+00:00,24.35,53.492195,0.1,25.1,0.252
2024-09-17 12:00:00+00:00,23.3,57.72087,0.3,25.5,0.252
2024-09-17 13:00:00+00:00,23.4,59.634968,0.0,26.4,0.248
2024-09-17 14:00:00+00:00,23.6,58.354404,0.2,26.05,0.248
2024-09-17 15:00:00+00:00,23.1,58.422714,0.1,25.25,0.248
2024-09-17 16:00:00+00:00,22.15,61.8903,0.0,24.3,0.247
2024-09-17 17:00:00+00:00,19.9,71.75565,0.0,23.15,0.247
2024-09-17 18:00:00+00:00,19.2,74.94484,0.0,22.2,0.246
2024-09-17 19:00:00+00:00,18.85,63.604206,0.0,21.45,0.246
2024-09-17 20:00:00+00:00,17.85,58.892292,0.0,20.75,0.245
2024-09-17 21:00:00+00:00,17.0,59.28213,0.0,20.05,0.245
2024-09-17 22:00:00+00:00,16.2,62.163605,0.0,19.45,0.245
2024-09-17 23:00:00+00:00,15.25,68.3203,0.0,18.9,0.244
2024-09-18 00:00:00+00:00,14.9,74.21517,0.0,18.55,0.244
2024-09-18 01:00:00+00:00,15.55,74.82216,0.0,18.7,0.24
2024-09-18 02:00:00+00:00,14.75,78.76909,0.0,18.3,0.24
2024-09-18 03:00:00+00:00,14.3,78.44131,0.0,18.0,0.24
2024-09-18 04:00:00+00:00,14.25,78.173004,0.0,17.65,0.239
2024-09-18 05:00:00+00:00,15.85,70.76481,0.0,17.85,0.239
2024-09-18 06:00:00+00:00,18.1,64.2833,0.0,18.8,0.238
2024-09-18 07:00:00+00:00,20.75,59.784584,0.0,20.25,0.237
2024-09-18 08:00:00+00:00,23.1,54.755074,0.0,22.05,0.236
2024-09-18 09:00:00+00:00,24.65,42.04391,0.0,23.8,0.234
2024-09-18 10:00:00+00:00,25.55,36.781822,0.0,25.35,0.232
2024-09-18 11:00:00+00:00,25.95,36.7716,0.0,26.35,0.229
2024-09-18 12:00:00+00:00,25.85,36.743385,0.0,26.7,0.228
2024-09-18 13:00:00+00:00,25.45,38.90369,0.0,26.15,0.227
2024-09-18 14:00:00+00:00,25.3,38.602825,0.0,26.0,0.226
2024-09-18 15:00:00+00:00,22.65,57.37646,0.0,25.2,0.225
2024-09-18 16:00:00+00:00,21.95,61.645058,0.0,24.35,0.225
2024-09-18 17:00:00+00:00,21.45,64.385185,0.0,23.55,0.224
2024-09-18 18:00:00+00:00,20.7,66.76923,0.0,22.85,0.224
2024-09-18 19:00:00+00:00,20.25,66.459785,0.0,22.3,0.224
2024-09-18 20:00:00+00:00,19.4,68.70266,0.0,21.75,0.224
2024-09-18 21:00:00+00:00,18.5,71.96545,0.0,21.15,0.224
2024-09-18 22:00:00+00:00,18.2,72.61809,0.0,20.7,0.223
2024-09-18 23:00:00+00:00,18.45,71.023506,0.0,20.5,0.223
2024-09-19 00:00:00+00:00,17.85,73.03114,0.0,20.2,0.223
2024-09-19 01:00:00+00:00,17.4,82.29187,0.0,20.7,0.221
2024-09-19 02:00:00+00:00,17.1,82.25463,0.0,20.15,0.221
2024-09-19 03:00:00+00:00,16.65,83.54469,0.0,19.7,0.221
2024-09-19 04:00:00+00:00,16.1,87.08449,0.0,19.25,0.221
2024-09-19 05:00:00+00:00,17.2,82.80132,0.0,19.25,0.22
2024-09-19 06:00:00+00:00,19.25,74.953156,0.0,20.05,0.22
2024-09-19 07:00:00+00:00,21.35,63.741875,0.0,21.4,0.219
2024-09-19 08:00:00+00:00,22.85,50.72308,0.0,22.9,0.218
2024-09-19 09:00:00+00:00,24.0,42.565838,0.0,24.4,0.217
2024-09-19 10:00:00+00:00,24.8,38.204506,0.0,25.8,0.215
2024-09-19 11:00:00+00:00,25.35,35.510067,0.0,26.9,0.213
2024-09-19 12:00:00+00:00,25.6,34.169357,0.0,27.6,0.211
2024-09-19 13:00:00+00:00,25.85,34.239918,0.0,27.75,0.21
2024-09-19 14:00:00+00:00,25.75,32.96148,0.0,27.6,0.209
2024-09-19 15:00:00+00:00,23.95,39.002075,0.0,26.65,0.208
2024-09-19 16:00:00+00:00,22.7,42.916874,0.0,25.5,0.208
2024-09-19 17:00:00+00:00,20.95,48.728058,0.0,24.25,0.207
2024-09-19 18:00:00+00:00,20.5,55.546993,0.0,23.35,0.207
2024-09-19 19:00:00+00:00,19.3,62.871727,0.0,22.55,0.207
2024-09-19 20:00:00+00:00,18.1,70.033905,0.0,21.75,0.207
2024-09-19 21:00:00+00:00,17.45,74.16466,0.0,21.1,0.206
2024-09-19 22:00:00+00:00,16.9,76.539665,0.0,20.55,0.206
2024-09-19 23:00:00+00:00,16.6,77.501724,0.0,20.15,0.206
2024-09-20 00:00:00+00:00,16.1,79.48577,0.0,19.7,0.206
2024-09-20 01:00:00+00:00,17.1,78.08598,0.0,20.35,0.205
2024-09-20 02:00:00+00:00,16.7,79.05279,0.0,19.75,0.204
2024-09-20 03:00:00+00:00,16.2,81.07621,0.0,19.25,0.204
2024-09-20 04:00:00+00:00,15.8,83.445366,0.0,18.9,0.204
2024-09-20 05:00:00+00:00,16.85,78.8168,0.0,18.85,0.204
2024-09-20 06:00:00+00:00,18.6,72.21841,0.0,19.55,0.204
2024-09-20 07:00:00+00:00,20.45,66.28626,0.0,20.7,0.203
2024-09-20 08:00:00+00:00,21.8,61.41149,0.0,22.05,0.202
2024-09-20 09:00:00+00:00,22.8,57.974022,0.2,23.3,0.203
2024-09-20 10:00:00+00:00,23.8,56.007328,0.0,24.45,0.202
2024-09-20 11:00:00+00:00,24.5,51.9939,0.0,25.3,0.201
2024-09-20 12:00:00+00:00,24.15,52.75264,0.0,25.8,0.2
2024-09-20 13:00:00+00:00,24.4,50.305866,0.2,25.9,0.206
2024-09-20 14:00:00+00:00,22.25,61.316235,0.3,25.25,0.207
2024-09-20 15:00:00+00:00,22.1,60.493507,0.0,24.65,0.207
2024-09-20 16:00:00+00:00,20.9,63.849632,0.0,23.8,0.207
2024-09-20 17:00:00+00:00,19.3,72.34504,0.0,22.85,0.206
2024-09-20 18:00:00+00:00,18.4,78.279274,0.1,22.1,0.207
2024-09-20 19:00:00+00:00,18.55,78.55423,0.0,21.45,0.207
2024-09-20 20:00:00+00:00,18.2,78.24967,0.0,20.9,0.207
2024-09-20 21:00:00+00:00,17.85,75.45269,0.0,20.45,0.207
2024-09-20 22:00:00+00:00,17.7,71.349045,0.0,20.1,0.206
2024-09-20 23:00:00+00:00,17.15,68.02523,0.0,19.8,0.206
2024-09-21 00:00:00+00:00,16.95,65.542145,0.0,19.55,0.206
2024-09-21 01:00:00+00:00,17.0,72.16331,0.0,19.65,0.218
2024-09-21 02:00:00+00:00,16.95,69.120834,0.0,19.2,0.218
2024-09-21 03:00:00+00:00,16.6,67.912865,0.0,18.85,0.217
2024-09-21 04:00:00+00:00,16.85,64.2207,0.0,18.7,0.217
2024-09-21 05:00:00+00:00,17.45,57.81348,0.0,18.85,0.217
2024-09-21 06:00:00+00:00,17.8,53.03114,0.0,19.1,0.216
2024-09-21 07:00:00+00:00,18.8,48.635643,0.0,19.7,0.216
2024-09-21 08:00:00+00:00,20.95,43.005592,0.0,20.65,0.215
2024-09-21 09:00:00+00:00,23.15,39.437164,0.0,22.15,0.214
2024-09-21 10:00:00+00:00,24.1,37.117867,0.0,23.4,0.212
2024-09-21 11:00:00+00:00,24.75,35.460068,0.0,24.5,0.211
2024-09-21 12:00:00+00:00,24.0,37.594883,0.0,24.65,0.21
2024-09-21 13:00:00+00:00,24.5,35.389168,0.0,25.4,0.208
2024-09-21 14:00:00+00:00,24.1,33.74476,0.0,25.25,0.207
2024-09-21 15:00:00+00:00,22.95,38.066074,0.0,24.7,0.206
2024-09-21 16:00:00+00:00,21.4,44.01738,0.0,23.8,0.206
2024-09-21 17:00:00+00:00,20.25,46.6094,0.0,22.8,0.205
2024-09-21 18:00:00+00:00,19.05,51.24343,0.0,21.85,0.205
2024-09-21 19:00:00+00:00,17.9,57.730343,0.0,21.0,0.205
2024-09-21 20:00:00+00:00,16.75,64.62944,0.0,20.25,0.205
2024-09-21 21:00:00+00:00,16.0,68.7017,0.0,19.55,0.205
2024-09-21 22:00:00+00:00,15.65,70.96287,0.0,19.0,0.204
2024-09-21 23:00:00+00:00,15.6,78.37516,0.0,18.6,0.204
2024-09-22 00:00:00+00:00,15.7,81.54319,0.0,18.3,0.204
2024-09-22 01:00:00+00:00,15.75,87.90467,0.0,18.05,0.205
2024-09-22 02:00:00+00:00,15.45,87.307686,0.0,17.85,0.204
2024-09-22 03:00:00+00:00,15.05,81.99723,0.0,17.6,0.204
2024-09-22 04:00:00+00:00,14.5,75.64772,0.0,17.3,0.204
2024-09-22 05:00:00+00:00,15.35,67.65547,0.0,17.35,0.204
2024-09-22 06:00:00+00:00,17.65,58.449627,0.0,18.2,0.204
2024-09-22 07:00:00+00:00,20.4,49.56858,0.0,19.7,0.203
2024-09-22 08:00:00+00:00,22.65,43.1921,0.0,21.45,0.202
2024-09-22 09:00:00+00:00,24.45,37.97743,0.0,23.3,0.201
2024-09-22 10:00:00+00:00,25.6,33.031178,0.0,24.9,0.199
2024-09-22 11:00:00+00:00,26.3,30.318808,0.0,26.1,0.197
2024-09-22 12:00:00+00:00,26.25,29.791515,0.0,26.75,0.196
2024-09-22 13:00:00+00:00,26.55,29.069206,0.0,26.8,0.197
2024-09-22 14:00:00+00:00,25.9,30.414675,0.0,26.5,0.196
2024-09-22 15:00:00+00:00,24.75,34.044666,0.0,25.8,0.195
2024-09-22 16:00:00+00:00,22.8,40.41807,0.0,24.75,0.195
2024-09-22 17:00:00+00:00,20.15,49.8352,0.0,23.4,0.195
2024-09-22 18:00:00+00:00,19.75,51.60279,0.0,22.35,0.194
2024-09-22 19:00:00+00:00,18.8,55.300686,0.0,21.55,0.194
2024-09-22 20:00:00+00:00,17.75,59.264244,0.0,20.7,0.194
2024-09-22 21:00:00+00:00,16.7,63.332954,0.0,19.9,0.194
2024-09-22 22:00:00+00:00,17.2,59.53055,0.0,19.15,0.194
2024-09-22 23:00:00+00:00,14.45,75.89244,0.0,18.5,0.194
2024-09-23 00:00:00+00:00,13.8,82.383484,0.0,17.95,0.194
2024-09-23 01:00:00+00:00,15.1,77.27005,0.0,18.05,0.192
2024-09-23 02:00:00+00:00,14.7,80.60957,0.0,17.7,0.192
2024-09-23 03:00:00+00:00,16.35,72.28298,0.0,17.45,0.192
2024-09-23 04:00:00+00:00,14.05,84.34747,0.0,17.05,0.192
2024-09-23 05:00:00+00:00,15.25,78.842354,0.0,17.15,0.192
2024-09-23 06:00:00+00:00,17.75,66.37001,0.0,18.2,0.192
2024-09-23 07:00:00+00:00,20.75,53.798973,0.0,19.9,0.191
2024-09-23 08:00:00+00:00,23.2,43.929077,0.0,21.85,0.19
2024-09-23 09:00:00+00:00,24.8,33.943165,0.0,23.75,0.189
2024-09-23 10:00:00+00:00,25.6,32.474743,0.0,25.35,0.187
2024-09-23 11:00:00+00:00,26.2,31.77,0.0,26.6,0.186
2024-09-23 12:00:00+00:00,26.65,29.80093,0.0,27.45,0.185
2024-09-23 13:00:00+00:00,27.15,29.23518,0.0,27.35,0.187
2024-09-23 14:00:00+00:00,26.35,30.853937,0.0,26.95,0.186
2024-09-23 15:00:00+00:00,25.9,32.229218,0.0,26.3,0.185
2024-09-23 16:00:00+00:00,22.6,44.501183,0.0,25.05,0.185
2024-09-23 17:00:00+00:00,22.4,43.70591,0.0,23.8,0.185
2024-09-23 18:00:00+00:00,21.35,44.003365,0.0,22.9,0.185
2024-09-23 19:00:00+00:00,20.1,48.333485,0.0,22.1,0.185
2024-09-23 20:00:00+00:00,18.0,59.126343,0.0,21.15,0.184
2024-09-23 21:00:00+00:00,16.85,68.64418,0.0,20.25,0.184
2024-09-23 22:00:00+00:00,16.3,71.32226,0.0,19.55,0.184
2024-09-23 23:00:00+00:00,15.35,75.78769,0.0,18.95,0.184
2024-09-24 00:00:00+00:00,14.75,79.55616,0.0,18.4,0.184
2024-09-24 01:00:00+00:00,14.5,88.0824,0.0,17.4,0.181
2024-09-24 02:00:00+00:00,14.25,90.4018,0.0,17.15,0.181
2024-09-24 03:00:00+00:00,13.8,93.38289,0.0,16.95,0.181
2024-09-24 04:00:00+00:00,13.6,95.850426,0.0,16.7,0.181
2024-09-24 05:00:00+00:00,15.25,91.95294,0.0,16.9,0.181
2024-09-24 06:00:00+00:00,18.15,80.031364,0.0,18.1,0.18
2024-09-24 07:00:00+00:00,21.3,68.19623,0.0,20.0,0.18
2024-09-24 08:00:00+00:00,23.75,51.294342,0.0,22.15,0.179
2024-09-24 09:00:00+00:00,25.25,39.23812,0.0,24.2,0.178
2024-09-24 10:00:00+00:00,26.3,32.014477,0.0,26.05,0.177
2024-09-24 11:00:00+00:00,26.9,29.768822,0.0,27.45,0.176
2024-09-24 12:00:00+00:00,27.05,30.321217,0.0,28.3,0.174
2024-09-24 13:00:00+00:00,27.5,26.473597,0.0,28.4,0.174
2024-09-24 14:00:00+00:00,27.3,26.693575,0.0,28.3,0.173
2024-09-24 15:00:00+00:00,26.4,29.327484,0.0,27.5,0.172
2024-09-24 16:00:00+00:00,22.65,41.48211,0.0,25.95,0.172
2024-09-24 17:00:00+00:00,21.9,46.593834,0.0,24.55,0.172
2024-09-24 18:00:00+00:00,20.35,54.234203,0.0,23.3,0.172
2024-09-24 19:00:00+00:00,19.5,61.68693,0.0,22.35,0.172
2024-09-24 20:00:00+00:00,18.75,67.459625,0.0,21.55,0.172
2024-09-24 21:00:00+00:00,17.8,72.309074,0.0,20.8,0.171
2024-09-24 22:00:00+00:00,16.75,78.289024,0.0,20.1,0.171
2024-09-24 23:00:00+00:00,16.15,82.13602,0.0,19.45,0.171
2024-09-25 00:00:00+00:00,15.35,87.583534,0.0,18.85,0.171
2024-09-25 01:00:00+00:00,16.35,77.46334,0.0,17.85,0.171
2024-09-25 02:00:00+00:00,15.8,79.96683,0.0,17.5,0.171
2024-09-25 03:00:00+00:00,13.75,91.56139,0.0,17.15,0.171
2024-09-25 04:00:00+00:00,13.45,93.3654,0.0,16.9,0.171
2024-09-25 05:00:00+00:00,15.35,86.16637,0.0,17.05,0.171
2024-09-25 06:00:00+00:00,19.0,71.823135,0.0,18.35,0.17
2024-09-25 07:00:00+00:00,21.85,59.075863,0.0,20.3,0.17
2024-09-25 08:00:00+00:00,24.2,50.746925,0.0,22.6,0.169
2024-09-25 09:00:00+00:00,26.05,44.716606,0.0,24.85,0.169
2024-09-25 10:00:00+00:00,27.55,38.090714,0.0,26.9,0.167
2024-09-25 11:00:00+00:00,28.5,34.2967,0.0,28.55,0.166
2024-09-25 12:00:00+00:00,29.0,32.122013,0.0,29.6,0.165
2024-09-25 13:00:00+00:00,29.6,30.719675,0.0,29.85,0.167
2024-09-25 14:00:00+00:00,29.15,31.110521,0.0,29.65,0.166
2024-09-25 15:00:00+00:00,27.8,33.42537,0.0,28.8,0.166
2024-09-25 16:00:00+00:00,25.5,39.5709,0.0,27.4,0.166
2024-09-25 17:00:00+00:00,23.6,46.90386,0.0,25.95,0.165
2024-09-25 18:00:00+00:00,22.4,54.756775,0.0,24.8,0.165
2024-09-25 19:00:00+00:00,20.65,60.54916,0.0,23.7,0.165
2024-09-25 20:00:00+00:00,19.45,65.003815,0.0,22.75,0.165
2024-09-25 21:00:00+00:00,18.2,70.28303,0.0,21.85,0.165
2024-09-25 22:00:00+00:00,17.45,72.95996,0.0,21.05,0.165
2024-09-25 23:00:00+00:00,16.9,74.313736,0.0,20.35,0.165
2024-09-26 00:00:00+00:00,16.6,74.507164,0.0,19.8,0.165
2024-09-26 01:00:00+00:00,15.7,75.34481,0.0,18.7,0.16
2024-09-26 02:00:00+00:00,15.75,76.60869,0.0,18.55,0.16
2024-09-26 03:00:00+00:00,15.5,79.92504,0.0,18.45,0.16
2024-09-26 04:00:00+00:00,15.15,83.09549,0.0,18.15,0.16
2024-09-26 05:00:00+00:00,16.4,79.52827,0.0,18.2,0.16
2024-09-26 06:00:00+00:00,19.25,68.89688,0.0,19.3,0.16
2024-09-26 07:00:00+00:00,22.4,54.756775,0.0,21.1,0.16
2024-09-26 08:00:00+00:00,24.7,45.829517,0.0,23.15,0.159
2024-09-26 09:00:00+00:00,26.6,40.40836,0.0,25.35,0.158
2024-09-26 10:00:00+00:00,27.95,36.84498,0.0,27.4,0.157
2024-09-26 11:00:00+00:00,28.9,34.636307,0.0,29.05,0.157
2024-09-26 12:00:00+00:00,29.4,31.702545,0.0,30.1,0.156
2024-09-26 13:00:00+00:00,29.9,30.904934,0.0,30.5,0.156
2024-09-26 14:00:00+00:00,29.5,31.103695,0.0,30.3,0.155
2024-09-26 15:00:00+00:00,28.35,32.915306,0.0,29.45,0.155
2024-09-26 16:00:00+00:00,25.85,35.771275,0.0,28.0,0.155
2024-09-26 17:00:00+00:00,24.15,39.587124,0.0,26.65,0.155
2024-09-26 18:00:00+00:00,22.4,50.939064,0.0,25.35,0.154
2024-09-26 19:00:00+00:00,20.45,61.702866,0.0,24.1,0.154
2024-09-26 20:00:00+00:00,19.15,68.206474,0.0,23.0,0.154
2024-09-26 21:00:00+00:00,18.55,70.81089,0.0,22.1,0.154
2024-09-26 22:00:00+00:00,18.15,72.37252,0.0,21.4,0.154
2024-09-26 23:00:00+00:00,17.8,76.18481,0.0,20.8,0.154
2024-09-27 00:00:00+00:00,16.5,86.0015,0.0,20.2,0.154
2024-09-27 01:00:00+00:00,16.0,91.70147,0.0,19.25,0.149
2024-09-27 02:00:00+00:00,15.85,93.7856,0.0,18.9,0.149
2024-09-27 03:00:00+00:00,15.55,94.683525,0.0,18.65,0.149
2024-09-27 04:00:00+00:00,15.05,95.58656,0.0,18.35,0.149
2024-09-27 05:00:00+00:00,16.6,89.696884,0.0,18.35,0.149
2024-09-27 06:00:00+00:00,19.3,77.91038,0.0,19.45,0.149
2024-09-27 07:00:00+00:00,22.65,62.20344,0.0,21.35,0.149
2024-09-27 08:00:00+00:00,25.25,47.197384,0.0,23.6,0.148
2024-09-27 09:00:00+00:00,27.2,37.992626,0.0,25.8,0.148
2024-09-27 10:00:00+00:00,28.5,33.177162,0.0,27.75,0.147
2024-09-27 11:00:00+00:00,29.3,29.728455,0.0,29.3,0.146
2024-09-27 12:00:00+00:00,29.75,27.822874,0.0,30.3,0.146
2024-09-27 13:00:00+00:00,29.75,28.01075,0.0,30.4,0.146
2024-09-27 14:00:00+00:00,29.25,29.220396,0.0,30.25,0.146
2024-09-27 15:00:00+00:00,28.2,33.76111,0.0,29.4,0.145
2024-09-27 16:00:00+00:00,25.0,44.86844,0.0,27.9,0.145
2024-09-27 17:00:00+00:00,23.35,52.89009,0.0,26.35,0.145
2024-09-27 18:00:00+00:00,21.9,64.06881,0.0,25.15,0.145
2024-09-27 19:00:00+00:00,20.5,74.205154,0.0,24.1,0.145
2024-09-27 20:00:00+00:00,19.5,81.76488,0.0,23.1,0.145
2024-09-27 21:00:00+00:00,18.6,87.59292,0.0,22.3,0.145
2024-09-27 22:00:00+00:00,17.6,93.27153,0.0,21.5,0.145
2024-09-27 23:00:00+00:00,16.95,95.345215,0.0,20.85,0.145
2024-09-28 00:00:00+00:00,16.4,97.4827,0.0,20.25,0.145
2024-09-28 01:00:00+00:00,16.75,97.17946,0.0,19.95,0.139
2024-09-28 02:00:00+00:00,16.55,99.36612,0.0,19.65,0.139
2024-09-28 03:00:00+00:00,16.65,99.68287,0.0,19.55,0.139
2024-09-28 04:00:00+00:00,16.75,99.36705,0.0,19.45,0.139
2024-09-28 05:00:00+00:00,17.05,98.4279,0.0,19.55,0.139
2024-09-28 06:00:00+00:00,18.2,93.00649,0.0,20.15,0.139
2024-09-28 07:00:00+00:00,20.85,80.39756,0.0,21.4,0.139
2024-09-28 08:00:00+00:00,23.45,69.93341,0.0,23.35,0.139
2024-09-28 09:00:00+00:00,25.4,62.03052,0.0,25.55,0.139
2024-09-28 10:00:00+00:00,27.05,55.38801,0.0,27.55,0.139
2024-09-28 11:00:00+00:00,28.3,50.517784,0.0,29.25,0.138
2024-09-28 12:00:00+00:00,28.95,48.034718,0.0,30.3,0.138
2024-09-28 13:00:00+00:00,29.35,41.974365,0.0,30.5,0.139
2024-09-28 14:00:00+00:00,29.1,44.682335,0.0,30.4,0.139
2024-09-28 15:00:00+00:00,28.3,49.252365,0.0,29.55,0.138
2024-09-28 16:00:00+00:00,24.65,64.05319,0.0,28.05,0.138
2024-09-28 17:00:00+00:00,24.45,65.85473,0.0,26.65,0.138
2024-09-28 18:00:00+00:00,23.45,69.274956,0.0,25.65,0.138
2024-09-28 19:00:00+00:00,22.35,77.14012,0.0,24.75,0.138
2024-09-28 20:00:00+00:00,20.7,86.414116,0.0,23.85,0.138
2024-09-28 21:00:00+00:00,19.55,91.34032,0.0,22.9,0.138
2024-09-28 22:00:00+00:00,20.3,88.850525,0.0,22.05,0.138
2024-09-28 23:00:00+00:00,18.35,95.69499,0.0,21.35,0.138
2024-09-29 00:00:00+00:00,17.25,98.74246,0.0,20.75,0.138
2024-09-29 01:00:00+00:00,17.6,97.81433,0.0,19.75,0.136
2024-09-29 02:00:00+00:00,17.2,98.74202,0.0,19.55,0.136
2024-09-29 03:00:00+00:00,17.1,100.0,0.0,19.35,0.136
2024-09-29 04:00:00+00:00,17.15,99.684074,0.0,19.25,0.136
2024-09-29 05:00:00+00:00,18.3,99.374565,0.0,19.55,0.136
2024-09-29 06:00:00+00:00,19.65,94.84413,0.0,20.4,0.136
2024-09-29 07:00:00+00:00,22.7,79.39571,0.0,21.85,0.136
2024-09-29 08:00:00+00:00,25.05,67.86559,0.0,23.65,0.136
2024-09-29 09:00:00+00:00,26.9,60.826466,0.0,25.9,0.135
2024-09-29 10:00:00+00:00,28.55,53.365013,0.0,28.0,0.135
2024-09-29 11:00:00+00:00,29.9,47.53102,0.0,29.7,0.135
2024-09-29 12:00:00+00:00,30.5,43.242012,0.0,30.75,0.135
2024-09-29 13:00:00+00:00,30.3,36.778137,0.0,30.85,0.137
2024-09-29 14:00:00+00:00,30.3,35.951214,0.0,30.65,0.137
2024-09-29 15:00:00+00:00,21.3,81.99,0.1,28.9,0.138
2024-09-29 16:00:00+00:00,20.15,87.18009,0.5,26.6,0.142
2024-09-29 17:00:00+00:00,18.85,80.901634,0.4,24.25,0.146
2024-09-29 18:00:00+00:00,17.7,82.59488,0.4,22.15,0.15
2024-09-29 19:00:00+00:00,17.7,78.429565,0.0,21.1,0.15
2024-09-29 20:00:00+00:00,17.5,76.13667,0.0,20.6,0.15
2024-09-29 21:00:00+00:00,17.05,75.81569,0.1,20.25,0.15
2024-09-29 22:00:00+00:00,16.3,78.99505,0.3,19.7,0.153
2024-09-29 23:00:00+00:00,15.75,79.17527,0.1,19.1,0.153
2024-09-30 00:00:00+00:00,15.35,74.54022,0.0,18.65,0.153
2024-09-30 01:00:00+00:00,16.05,62.549767,0.0,18.2,0.174
2024-09-30 02:00:00+00:00,15.5,64.78887,0.0,18.15,0.174
2024-09-30 03:00:00+00:00,15.05,68.74037,0.0,18.0,0.174
2024-09-30 04:00:00+00:00,14.8,71.516815,0.0,17.85,0.173
2024-09-30 05:00:00+00:00,15.25,69.70978,0.0,17.85,0.173
2024-09-30 06:00:00+00:00,16.25,63.01869,0.0,18.4,0.173
2024-09-30 07:00:00+00:00,17.2,55.641148,0.0,19.35,0.173
2024-09-30 08:00:00+00:00,18.75,48.954227,0.0,20.55,0.172
2024-09-30 09:00:00+00:00,19.45,47.344753,0.0,21.45,0.172
2024-09-30 10:00:00+00:00,20.25,44.143574,0.0,22.3,0.171
2024-09-30 11:00:00+00:00,21.45,39.22102,0.0,23.4,0.17
2024-09-30 12:00:00+00:00,21.6,38.071033,0.0,24.2,0.17
2024-09-30 13:00:00+00:00,20.3,44.15764,0.0,23.75,0.175
2024-09-30 14:00:00+00:00,20.2,41.636288,0.0,23.65,0.175
2024-09-30 15:00:00+00:00,20.05,38.954655,0.0,23.1,0.175
2024-09-30 16:00:00+00:00,17.8,51.60762,0.0,22.05,0.174
2024-09-30 17:00:00+00:00,16.75,53.298523,0.0,20.95,0.174
2024-09-30 18:00:00+00:00,15.4,55.369076,0.0,19.95,0.174
2024-09-30 19:00:00+00:00,14.25,61.077747,0.0,19.05,0.174
2024-09-30 20:00:00+00:00,13.1,67.18507,0.0,18.1,0.174
2024-09-30 21:00:00+00:00,13.2,66.29261,0.0,17.4,0.174
2024-09-30 22:00:00+00:00,12.45,69.86575,0.0,16.8,0.174
2024-09-30 23:00:00+00:00,12.8,66.89178,0.0,16.3,0.174
2024-10-01 00:00:00+00:00,12.8,59.89351,0.0,15.95,0.174
2024-10-01 01:00:00+00:00,12.3,64.9668,0.0,15.75,0.174
2024-10-01 02:00:00+00:00,12.45,58.568863,0.0,15.45,0.174
2024-10-01 03:00:00+00:00,12.1,57.263462,0.0,15.25,0.174
2024-10-01 04:00:00+00:00,11.65,56.149307,0.0,15.0,0.174
2024-10-01 05:00:00+00:00,12.0,53.71615,0.0,14.85,0.174
2024-10-01 06:00:00+00:00,13.9,48.118473,0.0,15.55,0.173
2024-10-01 07:00:00+00:00,15.65,43.44453,0.0,16.7,0.173
2024-10-01 08:00:00+00:00,17.3,39.53254,0.0,18.15,0.172
2024-10-01 09:00:00+00:00,18.7,37.105553,0.0,19.75,0.172
2024-10-01 10:00:00+00:00,19.8,35.13965,0.0,21.25,0.171
2024-10-01 11:00:00+00:00,20.8,32.68843,0.0,22.55,0.17
2024-10-01 12:00:00+00:00,21.35,31.602844,0.0,23.4,0.169
2024-10-01 13:00:00+00:00,22.15,31.942078,0.0,23.8,0.17
2024-10-01 14:00:00+00:00,21.75,31.495274,0.0,23.7,0.17
2024-10-01 15:00:00+00:00,20.75,34.679874,0.0,23.0,0.169
2024-10-01 16:00:00+00:00,17.2,48.195625,0.0,21.6,0.169
2024-10-01 17:00:00+00:00,16.75,51.326263,0.0,20.25,0.169
2024-10-01 18:00:00+00:00,16.1,51.328033,0.0,19.25,0.169
2024-10-01 19:00:00+00:00,14.3,57.222767,0.0,18.3,0.169
2024-10-01 20:00:00+00:00,13.3,62.124706,0.0,17.4,0.169
2024-10-01 21:00:00+00:00,12.7,65.730995,0.0,16.65,0.169
2024-10-01 22:00:00+00:00,12.05,68.597145,0.0,16.05,0.169
2024-10-01 23:00:00+00:00,11.95,66.022,0.0,15.4,0.169
2024-10-02 00:00:00+00:00,11.8,63.296864,0.0,14.85,0.169
2024-10-02 01:00:00+00:00,13.2,64.27709,0.0,14.3,0.169
2024-10-02 02:00:00+00:00,13.4,62.362522,0.0,13.95,0.169
2024-10-02 03:00:00+00:00,10.75,73.73613,0.0,13.6,0.169
2024-10-02 04:00:00+00:00,9.8,75.897,0.0,13.3,0.169
2024-10-02 05:00:00+00:00,11.65,65.72828,0.0,13.3,0.169
2024-10-02 06:00:00+00:00,13.9,56.923977,0.0,14.4,0.169
2024-10-02 07:00:00+00:00,16.7,48.057243,0.0,16.25,0.169
2024-10-02 08:00:00+00:00,19.2,41.065666,0.0,18.45,0.168
2024-10-02 09:00:00+00:00,21.15,34.5533,0.0,20.75,0.167
2024-10-02 10:00:00+00:00,22.25,31.748173,0.0,22.8,0.167
2024-10-02 11:00:00+00:00,23.05,30.990887,0.0,24.35,0.166
2024-10-02 12:00:00+00:00,23.55,30.384657,0.0,25.35,0.165
2024-10-02 13:00:00+00:00,24.1,30.328638,0.0,25.35,0.167
2024-10-02 14:00:00+00:00,23.65,31.160439,0.0,25.15,0.166
2024-10-02 15:00:00+00:00,22.5,35.30286,0.0,24.25,0.166
2024-10-02 16:00:00+00:00,19.5,45.617046,0.0,22.65,0.166
2024-10-02 17:00:00+00:00,17.8,54.859203,0.0,21.2,0.166
2024-10-02 18:00:00+00:00,16.9,61.908176,0.0,20.05,0.166
2024-10-02 19:00:00+00:00,15.8,66.62235,0.0,19.1,0.166
2024-10-02 20:00:00+00:00,14.55,71.71026,0.0,18.15,0.166
2024-10-02 21:00:00+00:00,13.6,75.49828,0.0,17.3,0.165
2024-10-02 22:00:00+00:00,14.8,68.689835,0.0,16.55,0.165
2024-10-02 23:00:00+00:00,13.7,74.25581,0.0,15.9,0.165
2024-10-03 00:00:00+00:00,11.65,85.79,0.0,15.35,0.165
2024-10-03 01:00:00+00:00,12.15,86.12963,0.0,14.5,0.163
2024-10-03 02:00:00+00:00,12.95,83.10605,0.0,14.25,0.163
2024-10-03 03:00:00+00:00,13.15,82.8533,0.0,14.0,0.163
2024-10-03 04:00:00+00:00,11.2,91.70492,0.0,13.75,0.163
2024-10-03 05:00:00+00:00,12.85,89.40843,0.0,13.9,0.163
2024-10-03 06:00:00+00:00,16.35,76.70383,0.0,15.2,0.163
2024-10-03 07:00:00+00:00,19.45,68.48938,0.0,17.35,0.163
2024-10-03 08:00:00+00:00,22.1,55.402016,0.0,19.65,0.162
2024-10-03 09:00:00+00:00,23.75,47.25539,0.0,21.85,0.162
2024-10-03 10:00:00+00:00,24.8,43.073204,0.0,23.65,0.161
2024-10-03 11:00:00+00:00,25.65,40.8129,0.0,25.05,0.16
2024-10-03 12:00:00+00:00,26.05,41.059975,0.0,25.9,0.16
2024-10-03 13:00:00+00:00,25.7,38.458508,0.0,25.95,0.16
2024-10-03 14:00:00+00:00,24.75,40.560455,0.0,25.65,0.159
2024-10-03 15:00:00+00:00,23.45,45.78911,0.0,24.85,0.159
2024-10-03 16:00:00+00:00,21.4,54.32337,0.0,23.6,0.159
2024-10-03 17:00:00+00:00,20.0,60.396687,0.0,22.35,0.159
2024-10-03 18:00:00+00:00,18.9,67.04983,0.0,21.35,0.158
2024-10-03 19:00:00+00:00,18.3,74.31007,0.0,20.5,0.158
2024-10-03 20:00:00+00:00,18.2,83.18808,0.0,19.9,0.158
2024-10-03 21:00:00+00:00,18.1,90.66997,0.0,19.45,0.158
2024-10-03 22:00:00+00:00,18.2,93.30139,0.0,19.15,0.158
2024-10-03 23:00:00+00:00,18.45,94.49939,0.0,19.0,0.158
2024-10-04 00:00:00+00:00,18.6,93.61605,0.0,18.9,0.158
2024-10-04 01:00:00+00:00,18.9,93.33601,0.0,18.5,0.156
2024-10-04 02:00:00+00:00,18.85,92.45542,0.0,18.6,0.156
2024-10-04 03:00:00+00:00,18.85,92.74731,0.0,18.65,0.156
2024-10-04 04:00:00+00:00,18.9,90.15276,0.0,18.65,0.156
2024-10-04 05:00:00+00:00,19.65,82.04432,0.0,18.8,0.156
2024-10-04 06:00:00+00:00,22.15,68.14767,0.0,19.65,0.156
2024-10-04 07:00:00+00:00,23.9,61.496067,0.0,21.0,0.155
2024-10-04 08:00:00+00:00,25.4,57.489918,0.0,22.6,0.155
2024-10-04 09:00:00+00:00,26.55,55.79232,0.0,24.15,0.154
2024-10-04 10:00:00+00:00,27.35,54.594017,0.0,25.55,0.154
2024-10-04 11:00:00+00:00,27.9,53.706734,0.0,26.7,0.153
2024-10-04 12:00:00+00:00,27.95,53.719296,0.0,27.4,0.153
2024-10-04 13:00:00+00:00,27.6,54.828735,0.0,27.55,0.152
2024-10-04 14:00:00+00:00,26.65,57.065598,0.0,27.35,0.152
2024-10-04 15:00:00+00:00,25.2,62.5753,0.0,26.55,0.152
2024-10-04 16:00:00+00:00,23.35,72.37733,0.0,25.4,0.152
2024-10-04 17:00:00+00:00,22.35,79.84489,0.0,24.35,0.152
2024-10-04 18:00:00+00:00,21.75,85.17845,0.0,23.5,0.152
2024-10-04 19:00:00+00:00,21.4,87.83865,0.0,22.85,0.152
2024-10-04 20:00:00+00:00,21.1,88.08693,0.0,22.3,0.152
2024-10-04 21:00:00+00:00,20.7,88.32867,0.0,21.8,0.152
2024-10-04 22:00:00+00:00,20.2,90.52801,0.0,21.35,0.152
2024-10-04 23:00:00+00:00,19.9,91.936295,0.0,20.95,0.152
2024-10-05 00:00:00+00:00,19.6,92.20732,0.0,20.65,0.152
2024-10-05 01:00:00+00:00,20.45,90.54515,0.0,20.8,0.151
2024-10-05 02:00:00+00:00,19.95,91.93925,0.0,20.6,0.151
2024-10-05 03:00:00+00:00,19.65,92.21023,0.0,20.35,0.151
2024-10-05 04:00:00+00:00,19.75,90.78155,0.0,20.25,0.151
2024-10-05 05:00:00+00:00,20.3,86.10436,0.0,20.2,0.151
2024-10-05 06:00:00+00:00,22.3,73.34095,0.0,20.9,0.151
2024-10-05 07:00:00+00:00,24.7,57.68844,0.0,22.1,0.151
2024-10-05 08:00:00+00:00,26.85,46.866238,0.0,23.8,0.151
2024-10-05 09:00:00+00:00,28.15,44.42395,0.0,25.5,0.15
2024-10-05 10:00:00+00:00,29.45,40.80311,0.0,27.15,0.15
2024-10-05 11:00:00+00:00,29.9,40.01618,0.0,28.4,0.149
2024-10-05 12:00:00+00:00,29.95,39.64504,0.0,29.1,0.148
2024-10-05 13:00:00+00:00,29.3,46.33112,0.0,29.15,0.148
2024-10-05 14:00:00+00:00,28.05,51.747555,0.0,28.8,0.148
2024-10-05 15:00:00+00:00,26.6,56.33687,0.0,28.0,0.148
2024-10-05 16:00:00+00:00,25.1,62.949078,0.0,26.9,0.148
2024-10-05 17:00:00+00:00,24.0,72.94666,0.0,25.95,0.148
2024-10-05 18:00:00+00:00,23.3,79.232254,0.0,25.15,0.148
2024-10-05 19:00:00+00:00,22.7,82.93133,0.0,24.5,0.148
2024-10-05 20:00:00+00:00,22.2,84.4344,0.0,23.95,0.148
2024-10-05 21:00:00+00:00,21.85,85.72072,0.0,23.45,0.148
2024-10-05 22:00:00+00:00,21.3,91.16683,0.7,22.8,0.154
2024-10-05 23:00:00+00:00,21.0,94.60242,2.1,22.25,0.183
2024-10-06 00:00:00+00:00,20.8,93.7189,1.4,21.8,0.203
2024-10-06 01:00:00+00:00,19.15,90.170616,0.0,21.3,0.231
2024-10-06 02:00:00+00:00,19.3,89.05074,0.0,20.85,0.231
2024-10-06 03:00:00+00:00,19.8,89.09015,0.0,20.65,0.231
2024-10-06 04:00:00+00:00,19.45,91.90971,0.0,20.45,0.231
2024-10-06 05:00:00+00:00,20.45,86.39006,0.0,20.4,0.23
2024-10-06 06:00:00+00:00,22.05,79.05683,0.0,21.05,0.23
2024-10-06 07:00:00+00:00,23.5,73.08816,0.0,22.2,0.229
2024-10-06 08:00:00+00:00,25.2,64.98339,0.0,23.65,0.228
2024-10-06 09:00:00+00:00,23.85,66.77722,0.4,24.5,0.231
2024-10-06 10:00:00+00:00,25.0,64.7371,0.0,25.3,0.23
2024-10-06 11:00:00+00:00,26.25,52.781696,0.1,26.15,0.229
2024-10-06 12:00:00+00:00,27.05,38.455303,0.0,26.75,0.227
2024-10-06 13:00:00+00:00,27.3,34.76379,0.0,27.3,0.222
2024-10-06 14:00:00+00:00,26.15,35.024002,0.0,26.95,0.221
2024-10-06 15:00:00+00:00,24.75,40.15666,0.0,26.15,0.22
2024-10-06 16:00:00+00:00,22.85,47.480473,0.0,25.0,0.22
2024-10-06 17:00:00+00:00,21.55,55.62796,0.0,23.95,0.219
2024-10-06 18:00:00+00:00,20.35,63.107605,0.0,23.0,0.219
2024-10-06 19:00:00+00:00,18.75,74.62786,0.0,22.15,0.219
2024-10-06 20:00:00+00:00,17.55,84.733376,0.0,21.4,0.219
2024-10-06 21:00:00+00:00,16.95,89.72323,0.0,20.75,0.218
2024-10-06 22:00:00+00:00,16.3,92.311874,0.0,20.15,0.218
2024-10-06 23:00:00+00:00,15.65,94.07917,0.0,19.65,0.218
2024-10-07 00:00:00+00:00,15.45,93.76692,0.0,19.2,0.218
2024-10-07 01:00:00+00:00,15.65,93.173065,0.0,19.35,0.217
2024-10-07 02:00:00+00:00,15.1,94.359604,0.0,18.8,0.217
2024-10-07 03:00:00+00:00,14.75,94.95883,0.0,18.4,0.217
2024-10-07 04:00:00+00:00,14.3,95.56135,0.0,18.05,0.216
2024-10-07 05:00:00+00:00,14.85,90.73955,0.0,17.85,0.216
2024-10-07 06:00:00+00:00,17.05,77.82418,0.0,18.5,0.216
2024-10-07 07:00:00+00:00,19.25,62.447666,0.0,19.75,0.215
2024-10-07 08:00:00+00:00,20.65,56.697437,0.0,21.3,0.214
2024-10-07 09:00:00+00:00,21.9,52.514297,0.0,23.0,0.213
2024-10-07 10:00:00+00:00,23.05,45.22515,0.0,24.5,0.211
2024-10-07 11:00:00+00:00,23.8,40.837353,0.0,25.7,0.21
2024-10-07 12:00:00+00:00,24.25,38.306038,0.0,26.5,0.208
2024-10-07 13:00:00+00:00,24.35,37.694164,0.0,26.6,0.209
2024-10-07 14:00:00+00:00,23.75,37.906956,0.0,26.25,0.208
2024-10-07 15:00:00+00:00,22.7,47.439632,0.0,25.3,0.207
2024-10-07 16:00:00+00:00,19.3,53.423485,0.0,23.65,0.207
2024-10-07 17:00:00+00:00,19.3,52.181526,0.0,22.35,0.207
2024-10-07 18:00:00+00:00,18.15,54.579525,0.0,21.35,0.206
2024-10-07 19:00:00+00:00,17.55,61.029713,0.0,20.55,0.206
2024-10-07 20:00:00+00:00,16.5,75.22945,0.0,19.85,0.206
2024-10-07 21:00:00+00:00,16.1,82.6677,0.0,19.25,0.206
2024-10-07 22:00:00+00:00,15.75,87.05177,0.0,18.75,0.206
2024-10-07 23:00:00+00:00,15.15,89.58675,0.0,18.3,0.206
2024-10-08 00:00:00+00:00,14.2,90.694824,0.0,17.8,0.206
2024-10-08 01:00:00+00:00,14.5,88.37159,0.0,17.1,0.204
2024-10-08 02:00:00+00:00,13.5,90.051056,0.0,16.75,0.204
2024-10-08 03:00:00+00:00,13.05,90.31588,0.0,16.35,0.204
2024-10-08 04:00:00+00:00,13.05,88.83392,0.0,16.0,0.204
2024-10-08 05:00:00+00:00,13.85,88.02556,0.0,15.9,0.204
2024-10-08 06:00:00+00:00,17.0,71.68928,0.0,16.95,0.204
2024-10-08 07:00:00+00:00,19.4,61.05669,0.0,18.65,0.203
2024-10-08 08:00:00+00:00,21.5,52.06409,0.0,20.6,0.202
2024-10-08 09:00:00+00:00,23.3,42.94101,0.0,22.55,0.201
2024-10-08 10:00:00+00:00,24.6,36.76037,0.0,24.25,0.199
2024-10-08 11:00:00+00:00,25.45,33.781975,0.0,25.55,0.198
2024-10-08 12:00:00+00:00,25.95,32.024933,0.0,26.4,0.196
2024-10-08 13:00:00+00:00,25.85,33.213924,0.0,26.55,0.197
2024-10-08 14:00:00+00:00,25.5,33.567795,0.0,26.25,0.196
2024-10-08 15:00:00+00:00,23.45,47.173794,0.0,25.3,0.195
2024-10-08 16:00:00+00:00,19.5,55.47857,0.0,23.6,0.195
2024-10-08 17:00:00+00:00,18.6,57.133606,0.0,22.1,0.195
2024-10-08 18:00:00+00:00,17.55,57.449814,0.0,21.0,0.195
2024-10-08 19:00:00+00:00,16.8,60.853115,0.0,20.0,0.195
2024-10-08 20:00:00+00:00,15.5,70.22701,0.0,19.15,0.195
2024-10-08 21:00:00+00:00,15.4,73.07614,0.0,18.4,0.195
2024-10-08 22:00:00+00:00,15.6,73.111916,0.0,17.7,0.195
2024-10-08 23:00:00+00:00,13.5,84.565895,0.0,17.15,0.195
2024-10-09 00:00:00+00:00,12.65,89.392715,0.0,16.6,0.194
2024-10-09 01:00:00+00:00,12.35,92.08139,0.0,15.6,0.192
2024-10-09 02:00:00+00:00,12.3,92.078415,0.0,15.35,0.192
2024-10-09 03:00:00+00:00,12.35,91.77648,0.0,15.15,0.192
2024-10-09 04:00:00+00:00,13.55,87.41954,0.0,14.9,0.192
2024-10-09 05:00:00+00:00,13.3,92.74604,0.0,14.9,0.192
2024-10-09 06:00:00+00:00,17.0,77.05778,0.0,16.1,0.191
2024-10-09 07:00:00+00:00,19.95,70.84451,0.0,18.05,0.191
2024-10-09 08:00:00+00:00,22.5,59.039066,0.0,20.1,0.19
2024-10-09 09:00:00+00:00,24.4,46.50633,0.0,21.9,0.189
2024-10-09 10:00:00+00:00,25.1,44.4554,0.0,23.3,0.188
2024-10-09 11:00:00+00:00,25.2,45.96614,0.0,24.2,0.187
2024-10-09 12:00:00+00:00,25.25,47.506184,0.0,24.9,0.187
2024-10-09 13:00:00+00:00,24.1,53.601723,0.0,24.6,0.186
2024-10-09 14:00:00+00:00,23.45,55.37961,0.0,24.35,0.186
2024-10-09 15:00:00+00:00,22.2,61.702118,0.0,23.5,0.186
2024-10-09 16:00:00+00:00,21.15,70.84148,0.0,22.65,0.186
2024-10-09 17:00:00+00:00,20.55,73.74047,0.0,21.9,0.185
2024-10-09 18:00:00+00:00,19.65,78.9659,0.0,21.2,0.185
2024-10-09 19:00:00+00:00,18.9,84.87853,0.0,20.6,0.185
2024-10-09 20:00:00+00:00,18.45,89.55027,0.0,20.05,0.185
2024-10-09 21:00:00+00:00,18.2,93.00649,0.0,19.65,0.185
2024-10-09 22:00:00+00:00,18.1,94.186646,0.0,19.35,0.185
2024-10-09 23:00:00+00:00,18.0,94.1823,0.0,19.1,0.185
2024-10-10 00:00:00+00:00,17.9,94.476845,0.0,18.85,0.185
2024-10-10 01:00:00+00:00,18.05,95.68534,0.0,18.45,0.183
2024-10-10 02:00:00+00:00,18.1,95.9895,0.0,18.45,0.183
2024-10-10 03:00:00+00:00,18.1,96.2929,0.0,18.45,0.183
2024-10-10 04:00:00+00:00,17.85,96.89639,0.0,18.4,0.183
2024-10-10 05:00:00+00:00,18.2,96.90457,0.0,18.4,0.183
2024-10-10 06:00:00+00:00,20.55,88.592964,0.0,19.1,0.183
2024-10-10 07:00:00+00:00,22.45,80.108345,0.0,20.4,0.183
2024-10-10 08:00:00+00:00,24.45,64.41591,0.0,21.9,0.182
2024-10-10 09:00:00+00:00,25.75,55.065674,0.2,23.4,0.183
2024-10-10 10:00:00+00:00,26.1,54.28136,0.4,24.3,0.186
2024-10-10 11:00:00+00:00,26.5,53.18356,0.4,24.75,0.188
2024-10-10 12:00:00+00:00,26.8,52.586132,0.1,25.4,0.188
2024-10-10 13:00:00+00:00,25.55,59.946575,0.0,25.65,0.184
2024-10-10 14:00:00+00:00,25.3,59.698994,0.0,25.55,0.183
2024-10-10 15:00:00+00:00,24.2,65.38818,0.0,24.95,0.183
2024-10-10 16:00:00+00:00,22.55,75.96929,0.0,24.05,0.183
2024-10-10 17:00:00+00:00,21.55,83.83815,0.0,23.15,0.183
2024-10-10 18:00:00+00:00,20.85,88.89444,0.0,22.45,0.183
2024-10-10 19:00:00+00:00,20.35,92.249985,0.0,21.85,0.183
2024-10-10 20:00:00+00:00,19.95,94.56033,0.0,21.35,0.183
2024-10-10 21:00:00+00:00,19.85,94.55633,0.0,21.0,0.183
2024-10-10 22:00:00+00:00,19.65,95.43833,0.0,20.7,0.183
2024-10-10 23:00:00+00:00,19.7,95.73825,0.0,20.5,0.183
2024-10-11 00:00:00+00:00,19.8,95.44342,0.0,20.35,0.183
2024-10-11 01:00:00+00:00,20.0,96.34532,0.0,20.25,0.181
2024-10-11 02:00:00+00:00,19.95,96.94504,0.0,20.2,0.181
2024-10-11 03:00:00+00:00,19.9,96.64287,0.0,20.15,0.181
2024-10-11 04:00:00+00:00,19.8,96.941605,0.0,20.05,0.181
2024-10-11 05:00:00+00:00,19.95,96.94504,0.0,20.05,0.181
2024-10-11 06:00:00+00:00,21.75,89.2418,0.0,20.6,0.181
2024-10-11 07:00:00+00:00,23.9,75.23994,0.0,21.7,0.18
2024-10-11 08:00:00+00:00,26.1,61.797935,0.0,23.15,0.18
2024-10-11 09:00:00+00:00,27.75,52.9954,0.0,24.75,0.179
2024-10-11 10:00:00+00:00,28.15,52.76307,0.0,26.0,0.178
2024-10-11 11:00:00+00:00,28.25,54.30393,0.0,27.1,0.177
2024-10-11 12:00:00+00:00,28.25,53.963886,0.0,27.75,0.176
2024-10-11 13:00:00+00:00,28.2,55.14995,0.0,27.3,0.177
2024-10-11 14:00:00+00:00,26.65,61.921093,0.0,26.9,0.177
2024-10-11 15:00:00+00:00,25.75,66.330795,0.0,26.25,0.176
2024-10-11 16:00:00+00:00,24.4,72.56277,0.0,25.4,0.176
2024-10-11 17:00:00+00:00,23.2,79.46495,0.0,24.55,0.176
2024-10-11 18:00:00+00:00,22.25,86.29412,0.0,23.8,0.176
2024-10-11 19:00:00+00:00,21.6,92.0356,0.0,23.15,0.176
2024-10-11 20:00:00+00:00,21.15,96.07987,0.0,22.65,0.176
2024-10-11 21:00:00+00:00,20.9,97.56682,0.0,22.25,0.176
2024-10-11 22:00:00+00:00,20.8,98.16882,0.0,21.9,0.176
2024-10-11 23:00:00+00:00,20.9,98.170204,0.0,21.75,0.176
2024-10-12 00:00:00+00:00,20.8,98.16882,0.0,21.6,0.176
2024-10-12 01:00:00+00:00,21.2,89.75583,0.4,21.45,0.178
2024-10-12 02:00:00+00:00,20.15,94.86322,0.1,21.2,0.179
2024-10-12 03:00:00+00:00,19.25,95.12634,0.0,20.8,0.179
2024-10-12 04:00:00+00:00,18.6,94.80369,0.0,20.35,0.179
2024-10-12 05:00:00+00:00,18.8,92.74466,0.0,20.1,0.179
2024-10-12 06:00:00+00:00,20.2,82.63392,0.0,20.25,0.179
2024-10-12 07:00:00+00:00,20.45,65.007454,0.0,20.5,0.179
2024-10-12 08:00:00+00:00,21.05,61.03953,0.0,21.2,0.179
2024-10-12 09:00:00+00:00,21.6,61.16666,0.5,22.1,0.183
2024-10-12 10:00:00+00:00,21.25,61.284985,0.0,22.4,0.183
2024-10-12 11:00:00+00:00,22.2,56.156525,0.0,23.15,0.182
2024-10-12 12:00:00+00:00,22.75,53.25576,0.0,23.85,0.182
2024-10-12 13:00:00+00:00,22.3,63.133003,0.2,22.35,0.224
2024-10-12 14:00:00+00:00,21.2,66.87254,0.2,22.2,0.226
2024-10-12 15:00:00+00:00,20.1,73.191246,0.3,21.7,0.227
2024-10-12 16:00:00+00:00,18.85,80.64278,1.0,20.65,0.238
2024-10-12 17:00:00+00:00,18.3,79.79443,0.6,19.75,0.245
2024-10-12 18:00:00+00:00,17.85,78.197784,0.0,19.1,0.245
2024-10-12 19:00:00+00:00,17.15,77.83929,0.0,18.65,0.244
2024-10-12 20:00:00+00:00,16.3,80.561295,0.0,18.25,0.244
2024-10-12 21:00:00+00:00,15.25,85.036476,0.0,17.7,0.243
2024-10-12 22:00:00+00:00,14.75,85.8242,0.0,17.3,0.243
2024-10-12 23:00:00+00:00,14.15,86.32999,0.0,16.9,0.243
2024-10-13 00:00:00+00:00,13.55,87.13098,0.0,16.5,0.242
2024-10-13 01:00:00+00:00,13.6,90.3554,0.0,16.95,0.221
2024-10-13 02:00:00+00:00,13.0,90.611374,0.0,16.5,0.22
2024-10-13 03:00:00+00:00,12.45,91.17595,0.0,16.1,0.22
2024-10-13 04:00:00+00:00,11.9,92.66898,0.0,15.7,0.22
2024-10-13 05:00:00+00:00,12.1,89.94694,0.0,15.45,0.22
2024-10-13 06:00:00+00:00,13.9,79.43484,0.0,16.0,0.22
2024-10-13 07:00:00+00:00,15.8,70.51985,0.0,17.25,0.219
2024-10-13 08:00:00+00:00,17.3,63.89299,0.0,18.85,0.218
2024-10-13 09:00:00+00:00,18.65,57.146046,0.0,20.55,0.217
2024-10-13 10:00:00+00:00,19.6,52.08543,0.0,21.9,0.216
2024-10-13 11:00:00+00:00,20.05,49.808254,0.0,22.7,0.215
2024-10-13 12:00:00+00:00,20.3,48.8795,0.0,23.1,0.214
2024-10-13 13:00:00+00:00,20.55,52.860992,0.0,23.0,0.214
2024-10-13 14:00:00+00:00,20.4,53.175037,0.0,22.65,0.214
2024-10-13 15:00:00+00:00,19.8,55.18587,0.0,22.0,0.213
2024-10-13 16:00:00+00:00,16.55,69.7325,0.0,20.65,0.213
2024-10-13 17:00:00+00:00,15.85,72.67257,0.0,19.5,0.213
2024-10-13 18:00:00+00:00,15.25,75.26981,0.0,18.6,0.213
2024-10-13 19:00:00+00:00,14.8,77.22332,0.0,17.9,0.213
2024-10-13 20:00:00+00:00,14.15,80.00112,0.0,17.35,0.213
2024-10-13 21:00:00+00:00,13.85,81.57239,0.0,16.9,0.212
2024-10-13 22:00:00+00:00,13.2,86.80963,0.0,16.45,0.212
2024-10-13 23:00:00+00:00,13.75,84.03465,0.0,15.8,0.212
2024-10-14 00:00:00+00:00,12.0,91.45002,0.0,15.3,0.212
2024-10-14 01:00:00+00:00,11.3,96.73699,0.0,14.45,0.21
2024-10-14 02:00:00+00:00,10.95,97.05101,0.0,14.3,0.21
2024-10-14 03:00:00+00:00,10.7,97.36975,0.0,14.05,0.21
2024-10-14 04:00:00+00:00,10.4,98.34497,0.0,13.9,0.21
2024-10-14 05:00:00+00:00,11.1,98.681274,0.0,13.8,0.21
2024-10-14 06:00:00+00:00,13.15,90.025185,0.0,14.6,0.21
2024-10-14 07:00:00+00:00,15.6,79.41468,0.0,16.1,0.209
2024-10-14 08:00:00+00:00,18.1,68.89408,0.0,18.0,0.209
2024-10-14 09:00:00+00:00,20.4,58.535015,0.0,20.0,0.208
2024-10-14 10:00:00+00:00,22.1,50.024826,0.0,21.75,0.206
2024-10-14 11:00:00+00:00,23.3,40.971107,0.0,23.1,0.205
2024-10-14 12:00:00+00:00,23.6,39.564686,0.0,23.8,0.204
2024-10-14 13:00:00+00:00,23.05,43.594803,0.0,23.8,0.204
2024-10-14 14:00:00+00:00,22.8,43.81762,0.0,23.6,0.203
2024-10-14 15:00:00+00:00,21.75,51.785904,0.0,22.75,0.203
2024-10-14 16:00:00+00:00,18.3,59.994347,0.0,21.25,0.203
2024-10-14 17:00:00+00:00,18.15,61.170242,0.0,19.95,0.203
2024-10-14 18:00:00+00:00,15.85,71.474976,0.0,18.9,0.203
2024-10-14 19:00:00+00:00,15.85,71.237564,0.0,18.1,0.202
2024-10-14 20:00:00+00:00,14.85,76.21104,0.0,17.5,0.202
2024-10-14 21:00:00+00:00,13.85,82.389725,0.0,16.9,0.202
2024-10-14 22:00:00+00:00,13.0,88.829796,0.0,16.35,0.202
2024-10-14 23:00:00+00:00,12.4,92.084366,0.0,15.8,0.202
2024-10-15 00:00:00+00:00,11.55,94.51958,0.0,15.3,0.202
2024-10-15 01:00:00+00:00,11.75,95.15772,0.0,14.35,0.201
2024-10-15 02:00:00+00:00,10.9,96.4048,0.0,14.1,0.201
2024-10-15 03:00:00+00:00,10.45,96.715416,0.0,13.8,0.201
2024-10-15 04:00:00+00:00,10.05,97.0303,0.0,13.55,0.201
2024-10-15 05:00:00+00:00,11.1,96.08973,0.0,13.4,0.201
2024-10-15 06:00:00+00:00,13.85,84.60469,0.0,14.3,0.2
2024-10-15 07:00:00+00:00,16.55,74.99068,0.0,15.9,0.2
2024-10-15 08:00:00+00:00,18.95,65.75387,0.0,17.85,0.199
2024-10-15 09:00:00+00:00,20.9,54.195435,0.0,19.85,0.199
2024-10-15 10:00:00+00:00,22.4,45.196194,0.0,21.65,0.197
2024-10-15 11:00:00+00:00,23.3,40.833504,0.0,23.05,0.196
2024-10-15 12:00:00+00:00,23.75,37.65119,0.0,23.95,0.195
2024-10-15 13:00:00+00:00,24.3,36.18184,0.0,24.45,0.194
2024-10-15 14:00:00+00:00,23.75,35.903072,0.0,24.15,0.194
2024-10-15 15:00:00+00:00,21.0,51.932827,0.0,23.1,0.193
2024-10-15 16:00:00+00:00,18.25,53.691193,0.0,21.4,0.193
2024-10-15 17:00:00+00:00,16.95,59.27002,0.0,20.0,0.193
2024-10-15 18:00:00+00:00,16.95,60.07445,0.0,19.0,0.193
2024-10-15 19:00:00+00:00,16.2,68.74194,0.0,18.35,0.193
2024-10-15 20:00:00+00:00,15.2,76.77512,0.0,17.7,0.193
2024-10-15 21:00:00+00:00,13.85,85.166565,0.0,17.05,0.193
2024-10-15 22:00:00+00:00,13.25,89.14464,0.0,16.4,0.193
2024-10-15 23:00:00+00:00,12.75,91.80116,0.0,15.9,0.193
2024-10-16 00:00:00+00:00,11.6,95.46876,0.0,15.4,0.192
2024-10-16 01:00:00+00:00,11.8,96.11078,0.0,14.6,0.188
2024-10-16 02:00:00+00:00,10.7,99.33663,0.0,14.25,0.188
2024-10-16 03:00:00+00:00,10.35,100.0,0.0,13.9,0.188
2024-10-16 04:00:00+00:00,10.1,100.0,0.0,13.6,0.188
2024-10-16 05:00:00+00:00,11.15,99.669014,0.0,13.55,0.188
2024-10-16 06:00:00+00:00,13.35,90.63583,0.0,14.4,0.188
2024-10-16 07:00:00+00:00,16.85,68.416794,0.0,15.95,0.187
2024-10-16 08:00:00+00:00,19.6,53.50146,0.0,17.9,0.187
2024-10-16 09:00:00+00:00,21.2,46.245064,0.0,19.8,0.186
2024-10-16 10:00:00+00:00,22.4,41.551723,0.0,21.4,0.185
2024-10-16 11:00:00+00:00,22.05,42.734325,0.0,22.35,0.184
2024-10-16 12:00:00+00:00,21.25,46.727947,0.0,22.65,0.183
2024-10-16 13:00:00+00:00,20.55,49.27721,0.0,22.5,0.186
2024-10-16 14:00:00+00:00,19.55,50.00989,0.0,22.05,0.186
2024-10-16 15:00:00+00:00,17.55,56.679916,0.0,21.1,0.185
2024-10-16 16:00:00+00:00,15.5,63.70389,0.0,19.75,0.185
2024-10-16 17:00:00+00:00,14.35,66.53901,0.0,18.6,0.185
2024-10-16 18:00:00+00:00,13.35,70.04343,0.0,17.65,0.185
2024-10-16 19:00:00+00:00,12.5,73.29461,0.0,16.75,0.185
2024-10-16 20:00:00+00:00,11.75,75.44397,0.0,16.0,0.185
2024-10-16 21:00:00+00:00,11.5,71.86949,0.0,15.35,0.185
2024-10-16 22:00:00+00:00,11.05,69.10619,0.0,14.85,0.185
2024-10-16 23:00:00+00:00,10.35,69.93052,0.0,14.35,0.184
2024-10-17 00:00:00+00:00,9.6,71.758354,0.0,13.8,0.184
2024-10-17 01:00:00+00:00,10.1,68.912315,0.0,14.5,0.181
2024-10-17 02:00:00+00:00,9.55,71.49883,0.0,13.9,0.181
2024-10-17 03:00:00+00:00,9.15,73.44813,0.0,13.35,0.181
2024-10-17 04:00:00+00:00,8.75,75.457,0.0,12.9,0.181
2024-10-17 05:00:00+00:00,8.85,74.94909,0.0,12.55,0.181
2024-10-17 06:00:00+00:00,10.85,65.78144,0.0,13.05,0.18
2024-10-17 07:00:00+00:00,13.15,54.78429,0.0,14.15,0.18
2024-10-17 08:00:00+00:00,15.25,44.888756,0.0,15.6,0.18
2024-10-17 09:00:00+00:00,16.25,40.21504,0.0,17.05,0.179
2024-10-17 10:00:00+00:00,17.0,36.35129,0.0,18.25,0.178
2024-10-17 11:00:00+00:00,17.3,34.04675,0.0,19.2,0.178
2024-10-17 12:00:00+00:00,17.25,29.987713,0.0,19.8,0.177
2024-10-17 13:00:00+00:00,16.4,32.347088,0.0,19.75,0.176
2024-10-17 14:00:00+00:00,15.8,32.172295,0.0,19.3,0.176
2024-10-17 15:00:00+00:00,14.65,35.53339,0.0,18.4,0.176
2024-10-17 16:00:00+00:00,13.05,39.27899,0.0,17.2,0.176
2024-10-17 17:00:00+00:00,12.2,44.331158,0.0,16.2,0.175
2024-10-17 18:00:00+00:00,11.2,50.16581,0.0,15.3,0.175
2024-10-17 19:00:00+00:00,10.2,56.574413,0.0,14.5,0.175
2024-10-17 20:00:00+00:00,9.3,62.050198,0.0,13.8,0.175
2024-10-17 21:00:00+00:00,8.85,63.733738,0.0,13.2,0.175
2024-10-17 22:00:00+00:00,8.55,64.57811,0.0,12.75,0.175
2024-10-17 23:00:00+00:00,8.25,66.13915,0.0,12.35,0.175
2024-10-18 00:00:00+00:00,7.9,68.45692,0.0,11.95,0.175
2024-10-18 01:00:00+00:00,7.8,71.9199,0.0,11.6,0.175
2024-10-18 02:00:00+00:00,7.1,75.97559,0.0,11.2,0.175
2024-10-18 03:00:00+00:00,6.6,78.90495,0.0,10.85,0.175
2024-10-18 04:00:00+00:00,6.2,81.10805,0.0,10.5,0.175
2024-10-18 05:00:00+00:00,6.35,79.99084,0.0,10.25,0.175
2024-10-18 06:00:00+00:00,8.2,69.74373,0.0,10.75,0.175
2024-10-18 07:00:00+00:00,10.15,58.197403,0.0,11.95,0.175
2024-10-18 08:00:00+00:00,11.9,47.897903,0.0,13.5,0.174
2024-10-18 09:00:00+00:00,13.55,40.87892,0.0,15.1,0.174
2024-10-18 10:00:00+00:00,14.8,36.09814,0.0,16.6,0.173
2024-10-18 11:00:00+00:00,15.5,34.136494,0.0,17.85,0.173
2024-10-18 12:00:00+00:00,15.85,33.501842,0.0,18.65,0.172
2024-10-18 13:00:00+00:00,16.1,30.205956,0.0,19.1,0.17
2024-10-18 14:00:00+00:00,15.5,31.157701,0.0,18.75,0.17
2024-10-18 15:00:00+00:00,14.1,35.113594,0.0,17.75,0.169
2024-10-18 16:00:00+00:00,11.7,42.298786,0.0,16.25,0.169
2024-10-18 17:00:00+00:00,10.75,45.70825,0.0,15.0,0.169
2024-10-18 18:00:00+00:00,10.0,52.418385,0.0,14.05,0.169
2024-10-18 19:00:00+00:00,8.85,60.84639,0.0,13.2,0.169
2024-10-18 20:00:00+00:00,7.7,66.017715,0.0,12.35,0.169
2024-10-18 21:00:00+00:00,6.9,70.2282,0.0,11.65,0.169
2024-10-18 22:00:00+00:00,5.95,76.595795,0.0,10.95,0.169
2024-10-18 23:00:00+00:00,5.65,79.60608,0.0,10.4,0.169
2024-10-19 00:00:00+00:00,5.4,82.449165,0.0,9.9,0.169
2024-10-19 01:00:00+00:00,4.8,90.96815,0.0,8.65,0.168
2024-10-19 02:00:00+00:00,4.3,92.55517,0.0,8.45,0.168
2024-10-19 03:00:00+00:00,4.0,93.195114,0.0,8.25,0.168
2024-10-19 04:00:00+00:00,4.45,92.563866,0.0,8.1,0.168
2024-10-19 05:00:00+00:00,5.4,88.487144,0.0,8.15,0.168
2024-10-19 06:00:00+00:00,7.8,75.03009,0.0,9.0,0.168
2024-10-19 07:00:00+00:00,10.8,57.949486,0.0,10.6,0.168
2024-10-19 08:00:00+00:00,13.3,50.033268,0.0,12.55,0.168
2024-10-19 09:00:00+00:00,15.05,45.149544,0.0,14.55,0.167
2024-10-19 10:00:00+00:00,16.0,41.887043,0.0,16.35,0.167
2024-10-19 11:00:00+00:00,16.75,37.999874,0.0,17.75,0.166
2024-10-19 12:00:00+00:00,17.25,34.52386,0.0,18.65,0.166
2024-10-19 13:00:00+00:00,17.15,34.618633,0.0,19.1,0.167
2024-10-19 14:00:00+00:00,16.75,34.750946,0.0,18.8,0.166
2024-10-19 15:00:00+00:00,15.1,39.73769,0.0,17.8,0.166
2024-10-19 16:00:00+00:00,12.35,49.770344,0.0,16.25,0.166
2024-10-19 17:00:00+00:00,11.7,53.636074,0.0,15.0,0.166
2024-10-19 18:00:00+00:00,11.25,61.857353,0.0,14.2,0.166
2024-10-19 19:00:00+00:00,10.2,67.9769,0.0,13.4,0.166
2024-10-19 20:00:00+00:00,9.3,72.204155,0.0,12.7,0.166
2024-10-19 21:00:00+00:00,8.65,74.39215,0.0,12.1,0.166
2024-10-19 22:00:00+00:00,8.0,77.47202,0.0,11.55,0.166
2024-10-19 23:00:00+00:00,6.7,84.96496,0.0,10.95,0.166
2024-10-20 00:00:00+00:00,6.25,87.94395,0.0,10.3,0.166
2024-10-20 01:00:00+00:00,7.05,84.41242,0.0,9.55,0.165
2024-10-20 02:00:00+00:00,6.45,87.349594,0.0,9.3,0.165
2024-10-20 03:00:00+00:00,5.5,90.06407,0.0,9.05,0.165
2024-10-20 04:00:00+00:00,4.85,91.2927,0.0,8.65,0.165
2024-10-20 05:00:00+00:00,5.6,87.88458,0.0,8.5,0.165
2024-10-20 06:00:00+00:00,8.45,72.55205,0.0,9.3,0.165
2024-10-20 07:00:00+00:00,11.5,60.629513,0.0,10.9,0.165
2024-10-20 08:00:00+00:00,14.2,53.92162,0.0,12.75,0.165
2024-10-20 09:00:00+00:00,16.55,45.100338,0.0,14.75,0.164
2024-10-20 10:00:00+00:00,17.55,39.88459,0.0,16.4,0.164
2024-10-20 11:00:00+00:00,18.3,36.086044,0.0,17.8,0.163
2024-10-20 12:00:00+00:00,18.7,34.821545,0.0,18.85,0.163
2024-10-20 13:00:00+00:00,18.6,37.469887,0.0,18.95,0.164
2024-10-20 14:00:00+00:00,17.5,42.61529,0.0,18.7,0.164
2024-10-20 15:00:00+00:00,15.85,47.98803,0.0,17.85,0.163
2024-10-20 16:00:00+00:00,13.6,55.286358,0.0,16.6,0.163
2024-10-20 17:00:00+00:00,12.35,59.367867,0.0,15.5,0.163
2024-10-20 18:00:00+00:00,11.4,62.545704,0.0,14.55,0.163
2024-10-20 19:00:00+00:00,10.5,66.39744,0.0,13.75,0.163
2024-10-20 20:00:00+00:00,9.5,70.74367,0.0,12.95,0.163
2024-10-20 21:00:00+00:00,8.6,75.1682,0.0,12.25,0.163
2024-10-20 22:00:00+00:00,7.6,80.73249,0.0,11.55,0.163
2024-10-20 23:00:00+00:00,6.6,86.75574,0.0,10.9,0.163
2024-10-21 00:00:00+00:00,5.8,91.03742,0.0,10.25,0.163
2024-10-21 01:00:00+00:00,5.6,91.984505,0.0,9.5,0.162
2024-10-21 02:00:00+00:00,5.1,93.90941,0.0,9.1,0.162
2024-10-21 03:00:00+00:00,4.85,94.89108,0.0,8.7,0.162
2024-10-21 04:00:00+00:00,4.7,96.22589,0.0,8.4,0.162
2024-10-21 05:00:00+00:00,5.3,95.90856,0.0,8.25,0.162
2024-10-21 06:00:00+00:00,8.05,83.94288,0.0,9.05,0.162
2024-10-21 07:00:00+00:00,10.95,71.02582,0.0,10.65,0.162
2024-10-21 08:00:00+00:00,13.75,57.680634,0.0,12.65,0.162
2024-10-21 09:00:00+00:00,15.6,44.20323,0.0,14.7,0.161
2024-10-21 10:00:00+00:00,16.8,32.936543,0.0,16.5,0.161
2024-10-21 11:00:00+00:00,17.65,27.078634,0.0,17.9,0.16
2024-10-21 12:00:00+00:00,18.0,26.198143,0.0,18.75,0.16
2024-10-21 13:00:00+00:00,18.0,29.768904,0.0,19.1,0.161
2024-10-21 14:00:00+00:00,17.25,32.126945,0.0,18.75,0.161
2024-10-21 15:00:00+00:00,15.3,39.79607,0.0,17.75,0.161
2024-10-21 16:00:00+00:00,12.85,50.801334,0.0,16.3,0.16
2024-10-21 17:00:00+00:00,11.5,59.57512,0.0,14.95,0.16
2024-10-21 18:00:00+00:00,11.3,66.10954,0.0,14.05,0.16
2024-10-21 19:00:00+00:00,10.2,71.87225,0.0,13.3,0.16
2024-10-21 20:00:00+00:00,8.85,78.14771,0.0,12.55,0.16
2024-10-21 21:00:00+00:00,7.65,85.662926,0.0,11.75,0.16
2024-10-21 22:00:00+00:00,6.7,91.73356,0.0,11.05,0.16
2024-10-21 23:00:00+00:00,6.1,93.95677,0.0,10.45,0.16
2024-10-22 00:00:00+00:00,5.6,93.93316,0.0,9.95,0.16
2024-10-22 01:00:00+00:00,5.7,95.256195,0.0,8.95,0.159
2024-10-22 02:00:00+00:00,5.05,96.573235,0.0,8.65,0.159
2024-10-22 03:00:00+00:00,4.7,96.22589,0.0,8.35,0.159
2024-10-22 04:00:00+00:00,4.45,96.21841,0.0,8.1,0.159
2024-10-22 05:00:00+00:00,4.8,96.228874,0.0,7.9,0.159
2024-10-22 06:00:00+00:00,7.7,81.88137,0.0,8.7,0.159
2024-10-22 07:00:00+00:00,11.05,65.14051,0.0,10.4,0.159
2024-10-22 08:00:00+00:00,14.15,52.424854,0.0,12.6,0.159
2024-10-22 09:00:00+00:00,16.05,48.043655,0.0,14.75,0.158
2024-10-22 10:00:00+00:00,17.4,41.848415,0.0,16.7,0.158
2024-10-22 11:00:00+00:00,18.3,38.18076,0.0,18.2,0.157
2024-10-22 12:00:00+00:00,18.85,37.542248,0.0,19.25,0.157
2024-10-22 13:00:00+00:00,19.0,38.11568,0.0,19.55,0.158
2024-10-22 14:00:00+00:00,18.65,40.7659,0.0,19.3,0.158
2024-10-22 15:00:00+00:00,15.7,56.019688,0.0,18.25,0.158
2024-10-22 16:00:00+00:00,14.15,61.47441,0.0,16.65,0.158
2024-10-22 17:00:00+00:00,13.85,63.764935,0.0,15.7,0.158
2024-10-22 18:00:00+00:00,13.0,67.85707,0.0,14.9,0.158
2024-10-22 19:00:00+00:00,11.75,74.6755,0.0,14.1,0.158
2024-10-22 20:00:00+00:00,10.35,83.354095,0.0,13.35,0.158
2024-10-22 21:00:00+00:00,9.4,89.741585,0.0,12.6,0.158
2024-10-22 22:00:00+00:00,8.4,93.42372,0.0,11.95,0.158
2024-10-22 23:00:00+00:00,7.6,95.32625,0.0,11.3,0.158
2024-10-23 00:00:00+00:00,6.95,97.29126,0.0,10.7,0.158
2024-10-23 01:00:00+00:00,7.05,100.0,0.0,9.9,0.157
2024-10-23 02:00:00+00:00,6.65,100.0,0.0,9.65,0.157
2024-10-23 03:00:00+00:00,6.25,100.0,0.0,9.4,0.157
2024-10-23 04:00:00+00:00,6.05,99.65533,0.0,9.2,0.157
2024-10-23 05:00:00+00:00,6.45,99.3139,0.0,9.25,0.157
2024-10-23 06:00:00+00:00,7.75,96.645454,0.0,9.9,0.157
2024-10-23 07:00:00+00:00,10.25,87.406586,0.0,11.15,0.157
2024-10-23 08:00:00+00:00,14.4,68.840965,0.0,13.15,0.157
2024-10-23 09:00:00+00:00,17.1,62.371006,0.0,15.35,0.156
2024-10-23 10:00:00+00:00,18.55,54.68248,0.0,17.3,0.156
2024-10-23 11:00:00+00:00,19.55,48.183067,0.0,18.85,0.155
2024-10-23 12:00:00+00:00,20.2,44.129517,0.0,19.9,0.155
2024-10-23 13:00:00+00:00,20.5,42.296574,0.0,20.3,0.157
2024-10-23 14:00:00+00:00,20.0,43.178364,0.0,20.1,0.156
2024-10-23 15:00:00+00:00,17.2,54.704575,0.0,19.05,0.156
2024-10-23 16:00:00+00:00,15.3,63.01499,0.0,17.45,0.156
2024-10-23 17:00:00+00:00,14.35,68.367,0.0,16.45,0.156
2024-10-23 18:00:00+00:00,13.3,72.69642,0.0,15.55,0.156
2024-10-23 19:00:00+00:00,12.3,78.40482,0.0,14.75,0.156
2024-10-23 20:00:00+00:00,11.25,85.45962,0.0,14.0,0.156
2024-10-23 21:00:00+00:00,10.05,91.632416,0.0,13.25,0.156
2024-10-23 22:00:00+00:00,9.0,94.4111,0.0,12.5,0.156
2024-10-23 23:00:00+00:00,8.2,96.65727,0.0,11.85,0.156
2024-10-24 00:00:00+00:00,7.2,98.640114,0.0,11.25,0.156
2024-10-24 01:00:00+00:00,6.95,99.65781,0.0,10.45,0.152
2024-10-24 02:00:00+00:00,6.6,99.65685,0.0,10.05,0.152
2024-10-24 03:00:00+00:00,6.3,99.65601,0.0,9.7,0.152
2024-10-24 04:00:00+00:00,6.2,97.95013,0.0,9.4,0.152
2024-10-24 05:00:00+00:00,7.0,95.30429,0.0,9.2,0.152
2024-10-24 06:00:00+00:00,9.85,85.019325,0.0,9.95,0.152
2024-10-24 07:00:00+00:00,13.15,73.66004,0.0,11.6,0.152
2024-10-24 08:00:00+00:00,15.75,65.501945,0.0,13.6,0.152
2024-10-24 09:00:00+00:00,18.35,52.6385,0.0,15.6,0.152
2024-10-24 10:00:00+00:00,19.85,44.63682,0.0,17.3,0.151
2024-10-24 11:00:00+00:00,20.4,43.58771,0.0,18.6,0.151
2024-10-24 12:00:00+00:00,20.65,44.2559,0.0,19.35,0.151
2024-10-24 13:00:00+00:00,20.15,49.168922,0.0,19.1,0.151
2024-10-24 14:00:00+00:00,19.55,51.549747,0.0,19.0,0.15
2024-10-24 15:00:00+00:00,18.3,55.35917,0.0,18.55,0.15
2024-10-24 16:00:00+00:00,16.7,63.332954,0.0,17.75,0.15
2024-10-24 17:00:00+00:00,15.35,69.03199,0.0,16.9,0.15
2024-10-24 18:00:00+00:00,14.15,74.084854,0.0,16.1,0.15
2024-10-24 19:00:00+00:00,12.85,80.62633,0.0,15.3,0.15
2024-10-24 20:00:00+00:00,12.15,83.568855,0.0,14.65,0.15
2024-10-24 21:00:00+00:00,11.1,87.4855,0.0,13.95,0.15
2024-10-24 22:00:00+00:00,10.25,90.41597,0.0,13.25,0.15
2024-10-24 23:00:00+00:00,10.2,88.29563,0.0,12.8,0.15
2024-10-25 00:00:00+00:00,9.75,89.46429,0.0,12.35,0.15
2024-10-25 01:00:00+00:00,10.5,85.961105,0.0,12.55,0.147
2024-10-25 02:00:00+00:00,10.1,86.80082,0.0,12.25,0.147
2024-10-25 03:00:00+00:00,9.5,89.44448,0.0,11.85,0.147
2024-10-25 04:00:00+00:00,9.25,90.65155,0.0,11.55,0.147
2024-10-25 05:00:00+00:00,9.15,91.575035,0.0,11.3,0.147
2024-10-25 06:00:00+00:00,11.1,81.20944,0.0,11.75,0.147
2024-10-25 07:00:00+00:00,14.05,68.305626,0.0,13.05,0.147
2024-10-25 08:00:00+00:00,16.45,57.95757,0.0,14.75,0.147
2024-10-25 09:00:00+00:00,18.1,48.443657,0.0,16.4,0.147
2024-10-25 10:00:00+00:00,19.1,43.07145,0.0,17.95,0.147
2024-10-25 11:00:00+00:00,19.5,41.723656,0.0,19.25,0.146
2024-10-25 12:00:00+00:00,19.7,41.20866,0.0,20.1,0.146
2024-10-25 13:00:00+00:00,19.6,44.71926,0.0,20.3,0.147
2024-10-25 14:00:00+00:00,18.6,45.992714,0.0,19.95,0.146
2024-10-25 15:00:00+00:00,16.75,51.326263,0.0,19.0,0.146
2024-10-25 16:00:00+00:00,14.6,58.69554,0.0,17.65,0.146
2024-10-25 17:00:00+00:00,13.2,64.27709,0.0,16.5,0.146
2024-10-25 18:00:00+00:00,12.25,69.34873,0.0,15.5,0.146
2024-10-25 19:00:00+00:00,11.45,73.86076,0.0,14.7,0.146
2024-10-25 20:00:00+00:00,10.5,78.93911,0.0,13.9,0.146
2024-10-25 21:00:00+00:00,9.5,84.69042,0.0,13.1,0.146
2024-10-25 22:00:00+00:00,8.4,90.59114,0.0,12.4,0.146
2024-10-25 23:00:00+00:00,7.6,93.383,0.0,11.7,0.146
2024-10-26 00:00:00+00:00,6.5,95.94706,0.0,11.1,0.146
2024-10-26 01:00:00+00:00,6.6,96.2821,0.0,10.4,0.142
2024-10-26 02:00:00+00:00,5.8,98.283714,0.0,9.9,0.142
2024-10-26 03:00:00+00:00,5.6,98.96542,0.0,9.5,0.142
2024-10-26 04:00:00+00:00,5.3,98.61936,0.0,9.2,0.142
2024-10-26 05:00:00+00:00,5.45,98.278915,0.0,8.9,0.142
2024-10-26 06:00:00+00:00,8.2,87.21326,0.0,9.5,0.142
2024-10-26 07:00:00+00:00,11.45,73.10481,0.0,11.05,0.142
2024-10-26 08:00:00+00:00,14.8,61.417442,0.0,13.15,0.142
2024-10-26 09:00:00+00:00,16.85,54.614075,0.0,15.25,0.142
2024-10-26 10:00:00+00:00,18.2,48.305527,0.0,17.2,0.141
2024-10-26 11:00:00+00:00,19.1,42.923233,0.0,18.7,0.141
2024-10-26 12:00:00+00:00,19.6,39.6424,0.0,19.7,0.141
2024-10-26 13:00:00+00:00,19.55,38.407883,0.0,19.95,0.14
2024-10-26 14:00:00+00:00,18.95,40.569237,0.0,19.7,0.14
2024-10-26 15:00:00+00:00,16.15,51.518944,0.0,18.65,0.14
2024-10-26 16:00:00+00:00,14.05,61.030205,0.0,17.0,0.14
2024-10-26 17:00:00+00:00,13.65,66.16314,0.0,15.95,0.14
2024-10-26 18:00:00+00:00,12.6,75.07581,0.0,15.1,0.14
2024-10-26 19:00:00+00:00,11.5,84.91207,0.0,14.3,0.14
2024-10-26 20:00:00+00:00,10.75,90.75676,0.0,13.6,0.14
2024-10-26 21:00:00+00:00,10.0,92.56245,0.0,12.95,0.14
2024-10-26 22:00:00+00:00,9.15,94.09794,0.0,12.3,0.14
2024-10-26 23:00:00+00:00,8.45,95.03285,0.0,11.7,0.14
2024-10-27 00:00:00+00:00,7.85,94.684906,0.0,11.2,0.14
2024-10-27 01:00:00+00:00,7.45,95.32076,0.0,10.4,0.137
2024-10-27 02:00:00+00:00,7.0,94.649635,0.0,10.05,0.137
2024-10-27 03:00:00+00:00,6.6,93.98026,0.0,9.65,0.137
2024-10-27 04:00:00+00:00,6.2,93.63567,0.0,9.3,0.137
2024-10-27 05:00:00+00:00,6.2,92.664215,0.0,9.0,0.137
2024-10-27 06:00:00+00:00,8.45,83.122986,0.0,9.55,0.137
2024-10-27 07:00:00+00:00,11.45,69.9074,0.0,11.0,0.137
2024-10-27 08:00:00+00:00,14.8,56.1755,0.0,13.0,0.137
2024-10-27 09:00:00+00:00,16.9,52.25455,0.0,15.15,0.137
2024-10-27 10:00:00+00:00,18.4,47.21574,0.0,17.1,0.137
2024-10-27 11:00:00+00:00,19.5,42.595062,0.0,18.75,0.136
2024-10-27 12:00:00+00:00,20.05,39.634346,0.0,19.8,0.136
2024-10-27 13:00:00+00:00,19.75,40.657875,0.0,19.95,0.142
2024-10-27 14:00:00+00:00,19.25,40.937992,0.0,19.7,0.142
2024-10-27 15:00:00+00:00,16.1,51.683483,0.0,18.5,0.142
2024-10-27 16:00:00+00:00,14.15,57.382977,0.0,16.85,0.142
2024-10-27 17:00:00+00:00,12.15,67.67968,0.0,15.45,0.142
2024-10-27 18:00:00+00:00,12.2,79.18908,0.0,14.45,0.141
2024-10-27 19:00:00+00:00,11.45,88.10758,0.0,13.75,0.141
2024-10-27 20:00:00+00:00,10.85,89.85262,0.0,13.15,0.141
2024-10-27 21:00:00+00:00,9.7,92.859024,0.0,12.5,0.141
2024-10-27 22:00:00+00:00,8.75,94.72186,0.0,11.8,0.141
2024-10-27 23:00:00+00:00,8.7,95.3661,0.0,11.2,0.141
2024-10-28 00:00:00+00:00,8.0,98.31342,0.0,10.6,0.141
2024-10-28 01:00:00+00:00,7.4,100.0,0.0,9.35,0.139
2024-10-28 02:00:00+00:00,6.8,99.65739,0.0,9.3,0.139
2024-10-28 03:00:00+00:00,7.3,99.31854,0.0,9.55,0.139
2024-10-28 04:00:00+00:00,7.4,98.98017,0.0,9.65,0.139
2024-10-28 05:00:00+00:00,7.65,98.30876,0.0,9.75,0.139
2024-10-28 06:00:00+00:00,8.45,96.663795,0.0,10.1,0.139
2024-10-28 07:00:00+00:00,9.5,97.01754,0.0,11.0,0.139
2024-10-28 08:00:00+00:00,10.7,92.601974,0.0,12.4,0.139
2024-10-28 09:00:00+00:00,14.7,66.61352,0.0,14.6,0.139
2024-10-28 10:00:00+00:00,17.55,49.297997,0.0,16.75,0.139
2024-10-28 11:00:00+00:00,19.45,41.2796,0.0,18.65,0.139
2024-10-28 12:00:00+00:00,20.55,37.24993,0.0,19.95,0.138
2024-10-28 13:00:00+00:00,21.05,34.887405,0.0,20.35,0.138
2024-10-28 14:00:00+00:00,20.5,36.977917,0.0,20.15,0.138
2024-10-28 15:00:00+00:00,18.45,44.08987,0.0,18.9,0.138
2024-10-28 16:00:00+00:00,14.8,56.95527,0.0,17.35,0.138
2024-10-28 17:00:00+00:00,14.0,60.39204,0.0,16.2,0.137
2024-10-28 18:00:00+00:00,12.75,65.291046,0.0,15.25,0.137
2024-10-28 19:00:00+00:00,12.0,68.82335,0.0,14.5,0.137
2024-10-28 20:00:00+00:00,12.25,66.77447,0.0,13.9,0.137
2024-10-28 21:00:00+00:00,11.3,70.36166,0.0,13.25,0.137
2024-10-28 22:00:00+00:00,10.2,75.963646,0.0,12.65,0.137
2024-10-28 23:00:00+00:00,10.05,75.938675,0.0,12.1,0.137
2024-10-29 00:00:00+00:00,9.3,80.13265,0.0,11.65,0.137
2024-10-29 01:00:00+00:00,9.25,81.801056,0.0,10.65,0.131
2024-10-29 02:00:00+00:00,8.9,85.50054,0.0,10.4,0.131
2024-10-29 03:00:00+00:00,7.9,92.12517,0.0,10.15,0.131
2024-10-29 04:00:00+00:00,7.65,94.352394,0.0,9.9,0.131
2024-10-29 05:00:00+00:00,7.8,94.35896,0.0,9.8,0.131
2024-10-29 06:00:00+00:00,10.45,80.294525,0.0,10.45,0.131
2024-10-29 07:00:00+00:00,14.25,64.073555,0.0,12.15,0.131
2024-10-29 08:00:00+00:00,17.7,53.547684,0.0,14.4,0.131
2024-10-29 09:00:00+00:00,20.05,46.870808,0.0,16.8,0.131
2024-10-29 10:00:00+00:00,21.45,44.630173,0.0,18.9,0.131
2024-10-29 11:00:00+00:00,22.3,42.80461,0.0,20.6,0.131
2024-10-29 12:00:00+00:00,22.6,42.17313,0.0,21.65,0.131
2024-10-29 13:00:00+00:00,22.85,42.95891,0.0,21.9,0.132
2024-10-29 14:00:00+00:00,22.85,42.243454,0.0,21.7,0.132
2024-10-29 15:00:00+00:00,20.55,50.95612,0.0,20.8,0.132
2024-10-29 16:00:00+00:00,17.55,67.212,0.0,19.6,0.132
2024-10-29 17:00:00+00:00,16.4,72.53164,0.0,18.55,0.132
2024-10-29 18:00:00+00:00,15.0,79.066956,0.0,17.55,0.132
2024-10-29 19:00:00+00:00,14.1,83.24416,0.0,16.65,0.132
2024-10-29 20:00:00+00:00,13.5,86.551476,0.0,15.9,0.132
2024-10-29 21:00:00+00:00,12.7,91.19246,0.0,15.2,0.132
2024-10-29 22:00:00+00:00,12.45,92.699394,0.0,14.75,0.132
2024-10-29 23:00:00+00:00,11.75,96.10929,0.0,14.25,0.132
2024-10-30 00:00:00+00:00,10.35,98.67351,0.0,13.6,0.132
2024-10-30 01:00:00+00:00,10.45,98.34562,0.0,13.2,0.129
2024-10-30 02:00:00+00:00,10.3,98.01532,0.0,12.75,0.129
2024-10-30 03:00:00+00:00,10.3,97.03607,0.0,12.4,0.129
2024-10-30 04:00:00+00:00,10.35,95.42492,0.0,12.2,0.129
2024-10-30 05:00:00+00:00,11.95,90.53747,0.0,12.4,0.129
2024-10-30 06:00:00+00:00,13.3,84.54366,0.0,12.95,0.129
2024-10-30 07:00:00+00:00,13.95,81.85688,0.0,13.5,0.129
2024-10-30 08:00:00+00:00,15.7,73.861664,0.0,14.65,0.129
2024-10-30 09:00:00+00:00,18.25,57.23817,0.0,16.75,0.129
2024-10-30 10:00:00+00:00,19.1,49.888412,0.0,18.2,0.129
2024-10-30 11:00:00+00:00,19.6,44.566597,0.0,19.05,0.129
2024-10-30 12:00:00+00:00,20.5,39.218857,0.0,20.05,0.128
2024-10-30 13:00:00+00:00,19.85,35.40158,0.0,20.6,0.128
2024-10-30 14:00:00+00:00,18.9,36.773846,0.0,20.25,0.128
2024-10-30 15:00:00+00:00,17.15,41.776527,0.0,19.25,0.128
2024-10-30 16:00:00+00:00,15.2,48.142883,0.0,18.0,0.128
2024-10-30 17:00:00+00:00,13.9,52.3577,0.0,17.0,0.128
2024-10-30 18:00:00+00:00,12.85,57.65461,0.0,16.05,0.128
2024-10-30 19:00:00+00:00,11.75,64.84425,0.0,15.15,0.128
2024-10-30 20:00:00+00:00,10.95,70.29277,0.0,14.35,0.128
2024-10-30 21:00:00+00:00,10.4,73.92852,0.0,13.7,0.128
2024-10-30 22:00:00+00:00,9.75,77.74738,0.0,13.1,0.128
2024-10-30 23:00:00+00:00,9.2,80.67375,0.0,12.5,0.128
2024-10-31 00:00:00+00:00,8.9,81.75511,0.0,12.05,0.128
2024-10-31 01:00:00+00:00,9.4,84.96987,0.0,12.4,0.125
2024-10-31 02:00:00+00:00,8.95,86.68802,0.0,11.9,0.125
2024-10-31 03:00:00+00:00,8.55,88.757835,0.0,11.5,0.125
2024-10-31 04:00:00+00:00,8.3,90.273766,0.0,11.15,0.125
2024-10-31 05:00:00+00:00,8.35,90.58756,0.0,10.9,0.125
2024-10-31 06:00:00+00:00,11.1,76.63549,0.0,11.4,0.125
2024-10-31 07:00:00+00:00,14.2,63.62647,0.0,12.9,0.125
2024-10-31 08:00:00+00:00,16.4,56.006718,0.0,14.8,0.125
2024-10-31 09:00:00+00:00,18.05,50.45736,0.0,16.8,0.125
2024-10-31 10:00:00+00:00,19.35,47.1564,0.0,18.6,0.125
2024-10-31 11:00:00+00:00,20.6,43.200348,0.0,20.0,0.125
2024-10-31 12:00:00+00:00,21.0,39.49743,0.0,20.15,0.125
2024-10-31 13:00:00+00:00,20.75,43.686245,0.0,20.45,0.129
2024-10-31 14:00:00+00:00,20.5,43.76468,0.0,20.25,0.129
2024-10-31 15:00:00+00:00,18.9,48.332836,0.0,19.55,0.129
2024-10-31 16:00:00+00:00,17.3,54.175335,0.0,18.55,0.129
2024-10-31 17:00:00+00:00,15.7,62.893253,0.0,17.65,0.129
2024-10-31 18:00:00+00:00,14.3,70.22942,0.0,16.75,0.129
2024-10-31 19:00:00+00:00,13.3,75.4482,0.0,15.95,0.129
2024-10-31 20:00:00+00:00,12.5,79.50029,0.0,15.2,0.129
2024-10-31 21:00:00+00:00,11.8,83.527405,0.0,14.5,0.129
2024-10-31 22:00:00+00:00,10.6,91.052376,0.0,13.8,0.129
2024-10-31 23:00:00+00:00,10.15,94.143166,0.0,13.25,0.129
2024-11-01 00:00:00+00:00,9.5,96.69105,0.0,12.75,0.129
2024-11-01 01:00:00+00:00,8.6,97.32621,0.0,11.65,0.128
2024-11-01 02:00:00+00:00,8.3,98.651924,0.0,11.3,0.128
2024-11-01 03:00:00+00:00,8.35,98.98782,0.0,11.0,0.128
2024-11-01 04:00:00+00:00,8.35,98.65245,0.0,10.8,0.128
2024-11-01 05:00:00+00:00,8.45,97.9863,0.0,10.65,0.128
2024-11-01 06:00:00+00:00,10.9,89.55463,0.0,11.2,0.128
2024-11-01 07:00:00+00:00,13.75,76.03204,0.0,12.65,0.128
2024-11-01 08:00:00+00:00,16.25,65.17184,0.0,14.55,0.128
2024-11-01 09:00:00+00:00,18.05,56.424446,0.0,16.55,0.128
2024-11-01 10:00:00+00:00,19.25,49.59206,0.0,18.35,0.128
2024-11-01 11:00:00+00:00,19.9,44.803448,0.0,19.7,0.128
2024-11-01 12:00:00+00:00,20.35,41.67897,0.0,20.6,0.128
2024-11-01 13:00:00+00:00,20.0,44.526806,0.0,20.95,0.129
2024-11-01 14:00:00+00:00,19.55,45.011967,0.0,20.55,0.129
2024-11-01 15:00:00+00:00,16.7,54.76171,0.0,19.4,0.129
2024-11-01 16:00:00+00:00,14.9,61.86139,0.0,17.9,0.129
2024-11-01 17:00:00+00:00,14.45,63.250317,0.0,16.75,0.129
2024-11-01 18:00:00+00:00,14.1,65.58688,0.0,15.95,0.129
2024-11-01 19:00:00+00:00,13.3,71.96148,0.0,15.3,0.129
2024-11-01 20:00:00+00:00,12.65,77.14455,0.0,14.7,0.129
2024-11-01 21:00:00+00:00,11.15,85.73801,0.0,14.0,0.129
2024-11-01 22:00:00+00:00,12.45,78.95864,0.0,13.2,0.129
2024-11-01 23:00:00+00:00,9.35,91.89945,0.0,12.45,0.129
2024-11-02 00:00:00+00:00,8.65,96.34137,0.0,11.9,0.129
2024-11-02 01:00:00+00:00,7.85,98.64712,0.0,10.4,0.127
2024-11-02 02:00:00+00:00,8.0,100.0,0.0,10.4,0.127
2024-11-02 03:00:00+00:00,8.0,99.322334,0.0,10.4,0.127
2024-11-02 04:00:00+00:00,7.7,99.65984,0.0,10.45,0.127
2024-11-02 05:00:00+00:00,7.75,98.64604,0.0,10.45,0.127
2024-11-02 06:00:00+00:00,8.5,97.98709,0.0,10.8,0.127
2024-11-02 07:00:00+00:00,9.75,96.048645,0.0,11.65,0.127
2024-11-02 08:00:00+00:00,11.85,88.73436,0.0,13.2,0.127
2024-11-02 09:00:00+00:00,15.45,70.68827,0.0,15.3,0.127
2024-11-02 10:00:00+00:00,18.15,54.029263,0.0,17.5,0.127
2024-11-02 11:00:00+00:00,19.75,45.686825,0.0,19.35,0.127
2024-11-02 12:00:00+00:00,20.55,41.45097,0.0,20.65,0.127
2024-11-02 13:00:00+00:00,21.2,32.11977,0.0,21.0,0.129
2024-11-02 14:00:00+00:00,20.75,33.02042,0.0,20.75,0.128
2024-11-02 15:00:00+00:00,16.3,46.629887,0.0,19.3,0.128
2024-11-02 16:00:00+00:00,15.7,52.656612,0.0,17.8,0.128
2024-11-02 17:00:00+00:00,15.0,59.1981,0.0,16.75,0.128
2024-11-02 18:00:00+00:00,13.4,69.81564,0.0,15.8,0.128
2024-11-02 19:00:00+00:00,11.8,78.329384,0.0,14.85,0.128
2024-11-02 20:00:00+00:00,12.65,73.57114,0.0,13.95,0.128
2024-11-02 21:00:00+00:00,10.7,83.68003,0.0,13.2,0.128
2024-11-02 22:00:00+00:00,10.35,84.785194,0.0,12.65,0.128
2024-11-02 23:00:00+00:00,11.9,69.75647,0.0,12.5,0.128
2024-11-03 00:00:00+00:00,12.5,76.34181,0.0,12.5,0.128
2024-11-03 01:00:00+00:00,12.75,86.190186,0.0,11.95,0.127
2024-11-03 02:00:00+00:00,13.2,83.971535,0.0,12.25,0.127
2024-11-03 03:00:00+00:00,13.6,76.77696,0.0,12.6,0.127
2024-11-03 04:00:00+00:00,13.9,65.543274,0.0,13.05,0.127
2024-11-03 05:00:00+00:00,13.45,63.238243,0.0,13.35,0.127
2024-11-03 06:00:00+00:00,13.35,61.922577,0.0,13.55,0.127
2024-11-03 07:00:00+00:00,14.2,56.8032,0.0,14.15,0.127
2024-11-03 08:00:00+00:00,14.3,53.94798,0.0,14.75,0.127
2024-11-03 09:00:00+00:00,14.9,49.94653,0.0,15.45,0.127
2024-11-03 10:00:00+00:00,16.2,44.8437,0.0,16.8,0.127
2024-11-03 11:00:00+00:00,16.55,41.89788,0.0,17.85,0.126
2024-11-03 12:00:00+00:00,16.5,40.717392,0.0,18.35,0.126
2024-11-03 13:00:00+00:00,15.65,43.906887,0.0,18.15,0.128
2024-11-03 14:00:00+00:00,14.1,48.00467,0.0,17.5,0.128
2024-11-03 15:00:00+00:00,12.45,52.150352,0.0,16.45,0.128
2024-11-03 16:00:00+00:00,11.05,56.995266,0.0,15.3,0.128
2024-11-03 17:00:00+00:00,10.2,60.742027,0.0,14.35,0.128
2024-11-03 18:00:00+00:00,9.6,63.008373,0.0,13.55,0.128
2024-11-03 19:00:00+00:00,9.2,63.58848,0.0,12.85,0.128
2024-11-03 20:00:00+00:00,9.15,62.679882,0.0,12.4,0.128
2024-11-03 21:00:00+00:00,8.6,64.58947,0.0,11.95,0.128
2024-11-03 22:00:00+00:00,7.85,67.479164,0.0,11.45,0.128
2024-11-03 23:00:00+00:00,7.1,70.268295,0.0,10.9,0.128
2024-11-04 00:00:00+00:00,6.65,71.955605,0.0,10.45,0.128
2024-11-04 01:00:00+00:00,7.7,69.39539,0.0,10.65,0.128
2024-11-04 02:00:00+00:00,6.5,75.06985,0.0,10.15,0.128
2024-11-04 03:00:00+00:00,5.85,78.23313,0.0,9.7,0.128
2024-11-04 04:00:00+00:00,5.05,82.697685,0.0,9.2,0.128
2024-11-04 05:00:00+00:00,4.25,87.44841,0.0,8.65,0.128
2024-11-04 06:00:00+00:00,6.6,74.55542,0.0,8.9,0.128
2024-11-04 07:00:00+00:00,9.05,61.99064,0.0,10.15,0.128
2024-11-04 08:00:00+00:00,11.4,51.311794,0.0,11.95,0.127
2024-11-04 09:00:00+00:00,13.0,42.987434,0.0,13.95,0.127
2024-11-04 10:00:00+00:00,14.1,39.302773,0.0,15.8,0.127
2024-11-04 11:00:00+00:00,14.95,37.33839,0.0,17.25,0.127
2024-11-04 12:00:00+00:00,15.4,36.274372,0.0,18.1,0.127
2024-11-04 13:00:00+00:00,15.5,39.148605,0.0,18.35,0.13
2024-11-04 14:00:00+00:00,15.05,40.008656,0.0,17.9,0.13
2024-11-04 15:00:00+00:00,14.4,41.870476,0.0,16.5,0.13
2024-11-04 16:00:00+00:00,11.35,52.22289,0.0,15.0,0.13
2024-11-04 17:00:00+00:00,10.3,55.997707,0.0,13.85,0.13
2024-11-04 18:00:00+00:00,11.55,50.62397,0.0,12.8,0.13
2024-11-04 19:00:00+00:00,12.0,49.143173,0.0,11.9,0.13
2024-11-04 20:00:00+00:00,8.25,65.90418,0.0,11.15,0.13
2024-11-04 21:00:00+00:00,7.95,67.50055,0.0,10.6,0.13
2024-11-04 22:00:00+00:00,7.9,64.1997,0.0,10.2,0.129
2024-11-04 23:00:00+00:00,7.6,62.989002,0.0,9.9,0.129
2024-11-05 00:00:00+00:00,7.4,60.930378,0.0,9.6,0.129
2024-11-05 01:00:00+00:00,7.25,64.04997,0.0,8.15,0.133
2024-11-05 02:00:00+00:00,7.15,65.8957,0.0,8.25,0.133
2024-11-05 03:00:00+00:00,7.15,67.570404,0.0,8.3,0.133
2024-11-05 04:00:00+00:00,7.3,72.85091,0.0,8.3,0.133
2024-11-05 05:00:00+00:00,7.15,74.91709,0.0,8.3,0.133
2024-11-05 06:00:00+00:00,8.85,67.4535,0.0,8.8,0.133
2024-11-05 07:00:00+00:00,11.3,57.26135,0.0,10.05,0.133
2024-11-05 08:00:00+00:00,12.75,51.31624,0.0,11.6,0.133
2024-11-05 09:00:00+00:00,14.0,45.330956,0.0,13.25,0.133
2024-11-05 10:00:00+00:00,14.7,41.067352,0.0,14.75,0.133
2024-11-05 11:00:00+00:00,14.9,38.693836,0.0,15.8,0.133
2024-11-05 12:00:00+00:00,14.6,38.190155,0.0,16.35,0.133
2024-11-05 13:00:00+00:00,14.3,38.24016,0.0,16.9,0.136
2024-11-05 14:00:00+00:00,13.15,41.356262,0.0,16.25,0.136
2024-11-05 15:00:00+00:00,11.45,46.243275,0.0,15.15,0.136
2024-11-05 16:00:00+00:00,10.05,51.49479,0.0,13.95,0.136
2024-11-05 17:00:00+00:00,8.9,56.84774,0.0,12.9,0.136
2024-11-05 18:00:00+00:00,7.85,60.820705,0.0,11.95,0.136
2024-11-05 19:00:00+00:00,7.05,63.77336,0.0,11.15,0.136
2024-11-05 20:00:00+00:00,6.45,66.21584,0.0,10.4,0.136
2024-11-05 21:00:00+00:00,6.0,67.81102,0.0,9.8,0.136
2024-11-05 22:00:00+00:00,5.65,68.97243,0.0,9.25,0.136
2024-11-05 23:00:00+00:00,5.45,69.93528,0.0,8.8,0.136
2024-11-06 00:00:00+00:00,5.1,71.65658,0.0,8.45,0.136
2024-11-06 01:00:00+00:00,4.8,75.04161,0.0,8.0,0.136
2024-11-06 02:00:00+00:00,4.55,77.47052,0.0,7.65,0.136
2024-11-06 03:00:00+00:00,4.3,79.69217,0.0,7.35,0.136
2024-11-06 04:00:00+00:00,3.95,82.853546,0.0,7.05,0.136
2024-11-06 05:00:00+00:00,3.75,85.54551,0.0,6.8,0.136
2024-11-06 06:00:00+00:00,5.75,76.28992,0.0,7.15,0.136
2024-11-06 07:00:00+00:00,8.7,63.699078,0.0,8.4,0.136
2024-11-06 08:00:00+00:00,11.85,51.61865,0.0,10.25,0.136
2024-11-06 09:00:00+00:00,13.6,43.941933,0.0,12.15,0.136
2024-11-06 10:00:00+00:00,14.45,40.847736,0.0,13.8,0.136
2024-11-06 11:00:00+00:00,15.1,39.031685,0.0,15.15,0.136
2024-11-06 12:00:00+00:00,15.4,38.562733,0.0,16.0,0.135
2024-11-06 13:00:00+00:00,14.85,40.382084,0.0,16.2,0.138
2024-11-06 14:00:00+00:00,13.85,43.233932,0.0,15.8,0.137
2024-11-06 15:00:00+00:00,11.8,50.692955,0.0,14.75,0.137
2024-11-06 16:00:00+00:00,10.45,55.242626,0.0,13.6,0.137
2024-11-06 17:00:00+00:00,9.55,58.25324,0.0,12.65,0.137
2024-11-06 18:00:00+00:00,8.8,61.71022,0.0,11.8,0.137
2024-11-06 19:00:00+00:00,7.95,66.309044,0.0,11.05,0.137
2024-11-06 20:00:00+00:00,7.4,68.35215,0.0,10.4,0.137
2024-11-06 21:00:00+00:00,6.9,70.2282,0.0,9.85,0.137
2024-11-06 22:00:00+00:00,6.55,71.936455,0.0,9.35,0.137
2024-11-06 23:00:00+00:00,6.5,72.44246,0.0,9.0,0.137
2024-11-07 00:00:00+00:00,6.65,73.77301,0.0,8.75,0.137
2024-11-07 01:00:00+00:00,6.2,79.12436,0.0,8.5,0.137
2024-11-07 02:00:00+00:00,5.9,81.93207,0.0,8.25,0.137
2024-11-07 03:00:00+00:00,5.7,84.2561,0.0,8.0,0.137
2024-11-07 04:00:00+00:00,5.55,85.73929,0.0,7.8,0.137
2024-11-07 05:00:00+00:00,5.45,86.335915,0.0,7.65,0.137
2024-11-07 06:00:00+00:00,7.05,77.867805,0.0,7.95,0.137
2024-11-07 07:00:00+00:00,9.6,65.968575,0.0,9.05,0.137
2024-11-07 08:00:00+00:00,12.3,55.14087,0.0,10.6,0.137
2024-11-07 09:00:00+00:00,14.45,49.301132,0.0,12.4,0.137
2024-11-07 10:00:00+00:00,15.7,46.461178,0.0,14.0,0.137
2024-11-07 11:00:00+00:00,16.9,44.263622,0.0,15.4,0.137
2024-11-07 12:00:00+00:00,17.4,42.88517,0.0,16.4,0.136
2024-11-07 13:00:00+00:00,16.35,46.643913,0.0,16.45,0.139
2024-11-07 14:00:00+00:00,15.15,51.427578,0.0,16.1,0.139
2024-11-07 15:00:00+00:00,12.95,60.76734,0.0,15.15,0.139
2024-11-07 16:00:00+00:00,11.4,67.28848,0.0,14.05,0.139
2024-11-07 17:00:00+00:00,10.45,72.169075,0.0,13.1,0.139
2024-11-07 18:00:00+00:00,9.35,78.22456,0.0,12.25,0.139
2024-11-07 19:00:00+00:00,8.0,85.403946,0.0,11.35,0.139
2024-11-07 20:00:00+00:00,7.4,87.74321,0.0,10.6,0.139
2024-11-07 21:00:00+00:00,7.05,88.93838,0.0,10.0,0.139
2024-11-07 22:00:00+00:00,6.7,90.78336,0.0,9.5,0.139
2024-11-07 23:00:00+00:00,6.35,91.711266,0.0,9.1,0.139
2024-11-08 00:00:00+00:00,6.0,92.65286,0.0,8.75,0.139
2024-11-08 01:00:00+00:00,5.9,93.62079,0.0,8.4,0.138
2024-11-08 02:00:00+00:00,5.75,93.28743,0.0,8.15,0.138
2024-11-08 03:00:00+00:00,5.6,93.60587,0.0,7.95,0.138
2024-11-08 04:00:00+00:00,5.55,94.58866,0.0,7.75,0.138
2024-11-08 05:00:00+00:00,5.65,95.58657,0.0,7.6,0.138
2024-11-08 06:00:00+00:00,7.25,91.13651,0.0,7.85,0.138
2024-11-08 07:00:00+00:00,9.65,81.01394,0.0,9.0,0.138
2024-11-08 08:00:00+00:00,12.25,69.11114,0.0,10.65,0.138
2024-11-08 09:00:00+00:00,14.45,57.856064,0.0,12.5,0.138
2024-11-08 10:00:00+00:00,16.15,49.941425,0.0,14.3,0.138
2024-11-08 11:00:00+00:00,17.55,44.75785,0.0,15.8,0.138
2024-11-08 12:00:00+00:00,18.2,39.101616,0.0,16.85,0.138
2024-11-08 13:00:00+00:00,18.15,39.500614,0.0,17.15,0.137
2024-11-08 14:00:00+00:00,17.3,40.093693,0.0,16.9,0.137
2024-11-08 15:00:00+00:00,14.5,47.610886,0.0,15.9,0.137
2024-11-08 16:00:00+00:00,12.65,54.461166,0.0,14.65,0.137
2024-11-08 17:00:00+00:00,11.15,60.757877,0.0,13.6,0.137
2024-11-08 18:00:00+00:00,9.8,66.24502,0.0,12.6,0.137
2024-11-08 19:00:00+00:00,8.65,74.39215,0.0,11.7,0.137
2024-11-08 20:00:00+00:00,7.7,83.610344,0.0,10.9,0.137
2024-11-08 21:00:00+00:00,7.1,88.63441,0.0,10.15,0.137
2024-11-08 22:00:00+00:00,6.6,89.834145,0.0,9.55,0.137
2024-11-08 23:00:00+00:00,6.15,89.799225,0.0,9.05,0.137
2024-11-09 00:00:00+00:00,5.6,88.8161,0.0,8.55,0.137
2024-11-09 01:00:00+00:00,4.8,91.28933,0.0,7.4,0.132
2024-11-09 02:00:00+00:00,4.9,89.70131,0.0,7.1,0.132
2024-11-09 03:00:00+00:00,4.95,89.074524,0.0,6.95,0.132
2024-11-09 04:00:00+00:00,5.0,90.025925,0.0,6.85,0.132
2024-11-09 05:00:00+00:00,5.2,91.959656,0.0,6.8,0.132
2024-11-09 06:00:00+00:00,6.9,84.100525,0.0,7.2,0.132
2024-11-09 07:00:00+00:00,9.6,65.27474,0.0,8.4,0.132
2024-11-09 08:00:00+00:00,12.0,50.929234,0.0,10.15,0.132
2024-11-09 09:00:00+00:00,13.85,49.308487,0.0,12.0,0.132
2024-11-09 10:00:00+00:00,14.95,49.612343,0.0,13.7,0.132
2024-11-09 11:00:00+00:00,15.5,50.11089,0.0,14.95,0.132
2024-11-09 12:00:00+00:00,15.15,53.242718,0.0,15.6,0.132
2024-11-09 13:00:00+00:00,13.85,58.10665,0.0,15.4,0.135
2024-11-09 14:00:00+00:00,12.7,59.869133,0.0,14.85,0.135
2024-11-09 15:00:00+00:00,11.65,61.73598,0.0,14.15,0.135
2024-11-09 16:00:00+00:00,9.85,66.02348,0.0,13.1,0.135
2024-11-09 17:00:00+00:00,8.25,63.367863,0.0,12.1,0.135
2024-11-09 18:00:00+00:00,6.95,65.37905,0.0,11.2,0.135
2024-11-09 19:00:00+00:00,6.6,65.53624,0.0,10.5,0.135
2024-11-09 20:00:00+00:00,6.2,66.40001,0.0,9.9,0.135
2024-11-09 21:00:00+00:00,6.1,67.10167,0.0,9.4,0.135
2024-11-09 22:00:00+00:00,6.0,68.056274,0.0,9.05,0.135
2024-11-09 23:00:00+00:00,5.45,71.98337,0.0,8.65,0.135
2024-11-10 00:00:00+00:00,5.1,75.09413,0.0,8.3,0.135
2024-11-10 01:00:00+00:00,5.55,72.26215,0.0,8.55,0.133
2024-11-10 02:00:00+00:00,5.25,73.51742,0.0,8.2,0.133
2024-11-10 03:00:00+00:00,5.05,74.81579,0.0,7.85,0.133
2024-11-10 04:00:00+00:00,4.6,77.75765,0.0,7.55,0.133
2024-11-10 05:00:00+00:00,4.45,79.42861,0.0,7.2,0.133
2024-11-10 06:00:00+00:00,5.9,72.58867,0.0,7.35,0.133
2024-11-10 07:00:00+00:00,7.55,64.11918,0.0,8.2,0.133
2024-11-10 08:00:00+00:00,8.85,58.284607,0.0,9.4,0.133
2024-11-10 09:00:00+00:00,10.1,53.20617,0.0,10.65,0.133
2024-11-10 10:00:00+00:00,11.4,47.928802,0.0,11.95,0.133
2024-11-10 11:00:00+00:00,12.4,43.910824,0.0,13.1,0.133
2024-11-10 12:00:00+00:00,12.75,42.298557,0.0,13.85,0.133
2024-11-10 13:00:00+00:00,12.35,45.01936,0.0,14.1,0.134
2024-11-10 14:00:00+00:00,11.55,47.798874,0.0,13.75,0.134
2024-11-10 15:00:00+00:00,10.0,53.179142,0.0,12.8,0.134
2024-11-10 16:00:00+00:00,9.05,57.50352,0.0,11.9,0.134
2024-11-10 17:00:00+00:00,8.2,62.90436,0.0,11.1,0.134
2024-11-10 18:00:00+00:00,7.2,70.288315,0.0,10.4,0.134
2024-11-10 19:00:00+00:00,6.4,75.857414,0.0,9.75,0.134
2024-11-10 20:00:00+00:00,6.15,78.279686,0.0,9.2,0.134
2024-11-10 21:00:00+00:00,5.9,76.31499,0.0,8.8,0.134
2024-11-10 22:00:00+00:00,5.3,75.670044,0.0,8.4,0.134
2024-11-10 23:00:00+00:00,5.25,75.12034,0.0,8.1,0.134
2024-11-11 00:00:00+00:00,5.15,75.37316,0.0,7.85,0.134
2024-11-11 01:00:00+00:00,5.75,73.87337,0.0,8.2,0.133
2024-11-11 02:00:00+00:00,5.4,75.68716,0.0,7.9,0.133
2024-11-11 03:00:00+00:00,5.1,76.18083,0.0,7.6,0.133
2024-11-11 04:00:00+00:00,4.8,76.40459,0.0,7.3,0.133
2024-11-11 05:00:00+00:00,4.9,75.60139,0.0,7.15,0.133
2024-11-11 06:00:00+00:00,6.3,69.60584,0.0,7.3,0.133
2024-11-11 07:00:00+00:00,8.7,62.128586,0.0,8.3,0.133
2024-11-11 08:00:00+00:00,10.25,57.80997,0.0,9.65,0.133
2024-11-11 09:00:00+00:00,11.35,54.891434,0.0,11.0,0.133
2024-11-11 10:00:00+00:00,12.25,52.653053,0.0,12.2,0.133
2024-11-11 11:00:00+00:00,13.4,49.708294,0.0,13.4,0.133
2024-11-11 12:00:00+00:00,13.85,50.18475,0.0,14.1,0.133
2024-11-11 13:00:00+00:00,14.2,53.547348,0.0,14.25,0.138
2024-11-11 14:00:00+00:00,12.75,60.29903,0.0,13.85,0.138
2024-11-11 15:00:00+00:00,11.55,66.62435,0.0,13.25,0.138
2024-11-11 16:00:00+00:00,11.25,68.90799,0.0,12.8,0.138
2024-11-11 17:00:00+00:00,10.55,74.21075,0.1,12.35,0.138
2024-11-11 18:00:00+00:00,10.15,81.63867,0.4,11.8,0.141
2024-11-11 19:00:00+00:00,9.6,91.603806,0.7,11.15,0.15
2024-11-11 20:00:00+00:00,9.25,92.51977,0.9,10.6,0.162
2024-11-11 21:00:00+00:00,9.1,93.14213,0.5,10.25,0.168
2024-11-11 22:00:00+00:00,9.15,93.77927,0.2,10.05,0.171
2024-11-11 23:00:00+00:00,9.0,94.09112,0.5,9.9,0.177
2024-11-12 00:00:00+00:00,8.7,94.07744,0.5,9.75,0.183
2024-11-12 01:00:00+00:00,10.05,95.41431,0.4,10.3,0.188
2024-11-12 02:00:00+00:00,10.3,94.4668,0.0,10.4,0.188
2024-11-12 03:00:00+00:00,10.6,94.47954,0.0,10.5,0.188
2024-11-12 04:00:00+00:00,10.75,93.2281,0.0,10.6,0.188
2024-11-12 05:00:00+00:00,10.85,91.06922,0.0,10.65,0.188
2024-11-12 06:00:00+00:00,11.15,87.785194,0.0,10.75,0.188
2024-11-12 07:00:00+00:00,11.95,82.984604,0.0,11.1,0.188
2024-11-12 08:00:00+00:00,13.3,74.437096,0.0,11.8,0.188
2024-11-12 09:00:00+00:00,14.5,67.250854,0.2,12.6,0.189
2024-11-12 10:00:00+00:00,15.0,66.00498,0.1,13.45,0.19
2024-11-12 11:00:00+00:00,14.8,66.185524,0.1,13.95,0.19
2024-11-12 12:00:00+00:00,13.95,70.63712,0.0,14.05,0.19
2024-11-12 13:00:00+00:00,12.25,88.47225,0.3,12.8,0.16
2024-11-12 14:00:00+00:00,11.55,91.7268,0.1,12.35,0.161
2024-11-12 15:00:00+00:00,11.25,92.63278,0.0,12.05,0.161
2024-11-12 16:00:00+00:00,11.1,93.24614,0.1,11.8,0.162
2024-11-12 17:00:00+00:00,11.1,93.55838,0.1,11.6,0.163
2024-11-12 18:00:00+00:00,11.3,93.25641,0.0,11.45,0.163
2024-11-12 19:00:00+00:00,11.45,92.33524,0.0,11.4,0.163
2024-11-12 20:00:00+00:00,11.05,93.24356,0.0,11.3,0.163
2024-11-12 21:00:00+00:00,10.95,92.616,0.0,11.25,0.163
2024-11-12 22:00:00+00:00,10.95,91.38214,0.0,11.25,0.163
2024-11-12 23:00:00+00:00,10.65,90.7498,0.0,11.15,0.163
2024-11-13 00:00:00+00:00,10.45,88.9166,0.1,11.1,0.164
2024-11-13 01:00:00+00:00,11.05,93.86921,0.1,11.4,0.159
2024-11-13 02:00:00+00:00,10.6,95.43375,0.1,11.2,0.16
2024-11-13 03:00:00+00:00,10.25,97.03493,0.1,11.05,0.161
2024-11-13 04:00:00+00:00,10.05,96.705185,0.2,10.85,0.164
2024-11-13 05:00:00+00:00,9.9,96.70133,0.1,10.7,0.165
2024-11-13 06:00:00+00:00,9.6,96.69362,0.1,10.55,0.166
2024-11-13 07:00:00+00:00,9.6,94.75643,0.1,10.5,0.167
2024-11-13 08:00:00+00:00,10.55,90.13324,0.0,10.8,0.167
2024-11-13 09:00:00+00:00,11.75,83.80339,0.0,11.45,0.167
2024-11-13 10:00:00+00:00,13.4,74.454384,0.0,12.55,0.167
2024-11-13 11:00:00+00:00,14.5,68.16689,0.0,13.65,0.167
2024-11-13 12:00:00+00:00,14.15,67.86455,0.0,14.0,0.166
2024-11-13 13:00:00+00:00,12.85,75.88416,0.0,12.5,0.194
2024-11-13 14:00:00+00:00,12.75,75.10127,0.0,12.5,0.194
2024-11-13 15:00:00+00:00,12.15,76.54425,0.0,12.3,0.194
2024-11-13 16:00:00+00:00,9.85,87.965546,0.0,11.6,0.194
2024-11-13 17:00:00+00:00,10.05,85.04123,0.0,11.35,0.194
2024-11-13 18:00:00+00:00,9.8,84.43498,0.0,11.15,0.194
2024-11-13 19:00:00+00:00,9.7,84.7128,0.0,11.0,0.193
2024-11-13 20:00:00+00:00,9.55,84.986374,0.0,10.9,0.193
2024-11-13 21:00:00+00:00,9.35,85.84188,0.0,10.8,0.193
2024-11-13 22:00:00+00:00,9.2,86.71266,0.0,10.7,0.193
2024-11-13 23:00:00+00:00,9.0,88.4926,0.0,10.55,0.193
2024-11-14 00:00:00+00:00,8.5,91.84679,0.0,10.3,0.193
2024-11-14 01:00:00+00:00,9.75,89.76854,0.0,10.95,0.194
2024-11-14 02:00:00+00:00,9.3,92.20902,0.0,10.7,0.194
2024-11-14 03:00:00+00:00,8.95,93.769684,0.0,10.5,0.194
2024-11-14 04:00:00+00:00,8.1,95.99755,0.0,10.1,0.194
2024-11-14 05:00:00+00:00,8.75,93.760086,0.0,10.0,0.194
2024-11-14 06:00:00+00:00,9.6,88.24317,0.0,10.15,0.194
2024-11-14 07:00:00+00:00,10.7,82.269264,0.0,10.65,0.194
2024-11-14 08:00:00+00:00,12.3,74.2633,0.0,11.65,0.193
2024-11-14 09:00:00+00:00,12.55,75.06731,0.3,12.15,0.196
2024-11-14 10:00:00+00:00,13.45,71.26165,0.0,12.55,0.196
2024-11-14 11:00:00+00:00,14.5,65.67389,0.0,13.1,0.196
2024-11-14 12:00:00+00:00,14.9,63.78471,0.0,13.45,0.195
2024-11-14 13:00:00+00:00,15.25,66.05872,0.0,13.5,0.207
2024-11-14 14:00:00+00:00,14.85,68.699936,0.0,13.55,0.207
2024-11-14 15:00:00+00:00,13.75,74.26449,0.0,13.35,0.207
2024-11-14 16:00:00+00:00,13.4,75.97469,0.0,13.05,0.207
2024-11-14 17:00:00+00:00,12.85,75.62809,0.0,12.85,0.207
2024-11-14 18:00:00+00:00,12.2,80.53726,0.4,12.6,0.21
2024-11-14 19:00:00+00:00,11.5,89.30169,2.3,12.1,0.241
2024-11-14 20:00:00+00:00,11.3,92.0184,0.5,11.8,0.247
2024-11-14 21:00:00+00:00,11.05,93.55593,0.0,11.6,0.247
2024-11-14 22:00:00+00:00,10.9,94.49223,0.0,11.45,0.247
2024-11-14 23:00:00+00:00,10.75,95.12037,0.0,11.35,0.247
2024-11-15 00:00:00+00:00,10.6,95.43375,0.0,11.25,0.247
2024-11-15 01:00:00+00:00,11.25,94.82256,0.0,11.65,0.222
2024-11-15 02:00:00+00:00,11.1,95.45131,0.2,11.55,0.224
2024-11-15 03:00:00+00:00,10.7,94.48379,0.0,11.4,0.224
2024-11-15 04:00:00+00:00,10.3,91.339714,0.0,11.2,0.224
2024-11-15 05:00:00+00:00,10.0,87.680664,0.0,11.0,0.224
2024-11-15 06:00:00+00:00,9.85,82.72543,0.0,10.9,0.224
2024-11-15 07:00:00+00:00,9.8,78.02389,0.0,10.95,0.223
2024-11-15 08:00:00+00:00,9.9,75.129875,0.0,11.15,0.223
2024-11-15 09:00:00+00:00,10.1,72.858,0.0,11.3,0.222
2024-11-15 10:00:00+00:00,10.2,71.87225,0.0,11.5,0.222
2024-11-15 11:00:00+00:00,9.95,73.848335,0.0,11.5,0.222
2024-11-15 12:00:00+00:00,9.85,75.121315,0.0,11.5,0.221
2024-11-15 13:00:00+00:00,9.8,82.71919,0.1,11.75,0.233
2024-11-15 14:00:00+00:00,9.35,87.621,0.4,11.2,0.236
2024-11-15 15:00:00+00:00,8.85,92.49685,0.4,10.6,0.24
2024-11-15 16:00:00+00:00,8.45,92.790344,0.4,10.15,0.245
2024-11-15 17:00:00+00:00,8.2,90.26639,0.2,9.75,0.246
2024-11-15 18:00:00+00:00,8.0,89.01745,0.1,9.5,0.247
2024-11-15 19:00:00+00:00,7.9,87.18459,0.1,9.35,0.247
2024-11-15 20:00:00+00:00,7.8,85.086754,0.0,9.25,0.247
2024-11-15 21:00:00+00:00,7.65,81.87481,0.0,9.2,0.247
2024-11-15 22:00:00+00:00,7.45,79.310265,0.1,9.15,0.248
2024-11-15 23:00:00+00:00,7.35,76.55544,0.0,9.05,0.247
2024-11-16 00:00:00+00:00,7.35,71.0725,0.0,9.0,0.247
2024-11-16 01:00:00+00:00,7.6,67.90833,0.0,9.0,0.234
2024-11-16 02:00:00+00:00,7.45,67.876495,0.0,9.0,0.233
2024-11-16 03:00:00+00:00,7.3,68.57556,0.0,8.95,0.233
2024-11-16 04:00:00+00:00,7.0,69.49978,0.0,8.8,0.233
2024-11-16 05:00:00+00:00,7.0,66.81542,0.0,8.7,0.232
2024-11-16 06:00:00+00:00,7.15,63.796593,0.0,8.65,0.232
2024-11-16 07:00:00+00:00,7.55,61.408764,0.0,8.95,0.231
2024-11-16 08:00:00+00:00,8.3,59.845394,0.0,9.45,0.231
2024-11-16 09:00:00+00:00,9.35,56.76003,0.0,10.0,0.23
2024-11-16 10:00:00+00:00,10.4,53.670692,0.0,10.65,0.229
2024-11-16 11:00:00+00:00,11.0,50.290707,0.0,11.25,0.228
2024-11-16 12:00:00+00:00,11.0,50.47178,0.0,11.6,0.227
2024-11-16 13:00:00+00:00,10.85,53.791294,0.0,11.55,0.23
2024-11-16 14:00:00+00:00,10.3,54.22393,0.0,11.35,0.229
2024-11-16 15:00:00+00:00,8.95,60.653603,0.0,10.8,0.228
2024-11-16 16:00:00+00:00,7.6,64.59249,0.0,10.05,0.228
2024-11-16 17:00:00+00:00,6.75,66.044014,0.0,9.4,0.228
2024-11-16 18:00:00+00:00,6.25,66.651344,0.0,8.85,0.228
2024-11-16 19:00:00+00:00,6.35,65.48004,0.0,8.5,0.227
2024-11-16 20:00:00+00:00,6.5,65.04214,0.0,8.35,0.227
2024-11-16 21:00:00+00:00,6.4,65.96619,0.0,8.25,0.227
2024-11-16 22:00:00+00:00,5.1,71.140305,0.0,7.9,0.226
2024-11-16 23:00:00+00:00,4.4,74.971344,0.0,7.45,0.226
2024-11-17 00:00:00+00:00,4.1,77.118904,0.0,7.1,0.226
2024-11-17 01:00:00+00:00,4.45,76.898415,0.0,7.15,0.225
2024-11-17 02:00:00+00:00,4.15,77.12707,0.0,6.85,0.225
2024-11-17 03:00:00+00:00,3.95,77.65387,0.0,6.6,0.224
2024-11-17 04:00:00+00:00,3.8,78.193436,0.0,6.35,0.224
2024-11-17 05:00:00+00:00,3.75,79.32406,0.0,6.15,0.224
2024-11-17 06:00:00+00:00,4.65,75.831184,0.0,6.25,0.224
2024-11-17 07:00:00+00:00,6.5,68.4078,0.0,7.0,0.224
2024-11-17 08:00:00+00:00,8.4,63.40282,0.0,8.15,0.223
2024-11-17 09:00:00+00:00,10.15,60.087795,0.0,9.45,0.222
2024-11-17 10:00:00+00:00,12.0,56.637207,0.0,10.75,0.221
2024-11-17 11:00:00+00:00,13.0,54.55329,0.0,11.7,0.22
2024-11-17 12:00:00+00:00,13.0,54.937237,0.0,12.2,0.219
2024-11-17 13:00:00+00:00,11.55,60.85441,0.0,11.5,0.224
2024-11-17 14:00:00+00:00,11.1,61.389378,0.0,11.3,0.224
2024-11-17 15:00:00+00:00,9.6,68.80961,0.0,10.8,0.224
2024-11-17 16:00:00+00:00,8.45,71.79051,0.0,10.1,0.224
2024-11-17 17:00:00+00:00,8.1,70.717255,0.0,9.65,0.223
2024-11-17 18:00:00+00:00,7.45,73.13726,0.0,9.2,0.223
2024-11-17 19:00:00+00:00,6.25,80.25969,0.0,8.6,0.223
2024-11-17 20:00:00+00:00,5.35,84.81348,0.0,8.0,0.223
2024-11-17 21:00:00+00:00,4.6,88.10418,0.0,7.4,0.223
2024-11-17 22:00:00+00:00,3.7,91.865456,0.0,6.9,0.223
2024-11-17 23:00:00+00:00,3.3,91.84007,0.0,6.35,0.223
2024-11-18 00:00:00+00:00,3.3,90.53901,0.0,5.9,0.223
2024-11-18 01:00:00+00:00,3.8,88.66149,0.0,6.3,0.224
2024-11-18 02:00:00+00:00,3.35,89.89851,0.0,5.8,0.224
2024-11-18 03:00:00+00:00,2.15,94.44158,0.0,5.3,0.224
2024-11-18 04:00:00+00:00,1.35,96.81836,0.0,4.9,0.224
2024-11-18 05:00:00+00:00,1.1,96.81194,0.0,4.55,0.224
2024-11-18 06:00:00+00:00,2.6,93.78853,0.0,4.65,0.224
2024-11-18 07:00:00+00:00,5.25,81.265854,0.0,5.75,0.224
2024-11-18 08:00:00+00:00,8.15,68.7525,0.0,7.35,0.224
2024-11-18 09:00:00+00:00,10.4,61.221504,0.0,9.2,0.223
2024-11-18 10:00:00+00:00,12.0,57.439518,0.0,10.9,0.222
2024-11-18 11:00:00+00:00,13.15,54.21133,0.0,12.2,0.221
2024-11-18 12:00:00+00:00,13.85,50.008404,0.0,13.0,0.22
2024-11-18 13:00:00+00:00,14.0,53.49432,0.0,13.05,0.224
2024-11-18 14:00:00+00:00,13.1,64.92066,0.0,12.65,0.223
2024-11-18 15:00:00+00:00,10.85,66.241974,0.0,11.3,0.223
2024-11-18 16:00:00+00:00,9.4,72.98288,0.0,10.05,0.223
2024-11-18 17:00:00+00:00,7.6,84.47548,0.0,9.15,0.224
2024-11-18 18:00:00+00:00,7.15,88.638695,0.0,8.55,0.224
2024-11-18 19:00:00+00:00,6.7,90.468575,0.0,8.1,0.224
2024-11-18 20:00:00+00:00,6.25,90.75156,0.0,7.5,0.224
2024-11-18 21:00:00+00:00,5.75,92.6386,0.0,6.9,0.224
2024-11-18 22:00:00+00:00,4.8,95.89237,0.0,6.4,0.224
2024-11-18 23:00:00+00:00,3.85,97.91131,0.0,6.0,0.224
2024-11-19 00:00:00+00:00,3.3,98.94612,0.0,5.6,0.224
2024-11-19 01:00:00+00:00,2.8,96.51126,0.0,4.7,0.22
2024-11-19 02:00:00+00:00,2.4,96.15613,0.0,4.5,0.22
2024-11-19 03:00:00+00:00,2.15,95.46243,0.0,4.25,0.22
2024-11-19 04:00:00+00:00,1.85,95.7948,0.0,4.1,0.22
2024-11-19 05:00:00+00:00,1.55,97.521545,0.0,4.0,0.22
2024-11-19 06:00:00+00:00,2.95,96.17297,0.0,4.25,0.22
2024-11-19 07:00:00+00:00,5.55,87.57131,0.0,5.35,0.22
2024-11-19 08:00:00+00:00,8.6,71.0653,0.0,7.05,0.22
2024-11-19 09:00:00+00:00,11.2,55.04714,0.0,8.9,0.219
2024-11-19 10:00:00+00:00,12.95,48.365562,0.0,10.6,0.218
2024-11-19 11:00:00+00:00,13.95,45.640194,0.0,11.95,0.217
2024-11-19 12:00:00+00:00,14.45,44.97832,0.0,12.8,0.216
2024-11-19 13:00:00+00:00,15.0,48.765827,0.0,13.25,0.221
2024-11-19 14:00:00+00:00,13.6,63.055714,0.0,12.85,0.221
2024-11-19 15:00:00+00:00,11.6,62.592445,0.0,11.45,0.221
2024-11-19 16:00:00+00:00,10.45,68.26681,0.0,10.25,0.221
2024-11-19 17:00:00+00:00,9.2,75.27108,0.0,9.3,0.221
2024-11-19 18:00:00+00:00,7.5,81.56965,0.0,8.55,0.221
2024-11-19 19:00:00+00:00,6.7,84.96496,0.0,8.0,0.221
2024-11-19 20:00:00+00:00,6.25,88.252045,0.0,7.6,0.221
2024-11-19 21:00:00+00:00,5.8,88.83306,0.0,7.15,0.221
2024-11-19 22:00:00+00:00,5.45,87.25399,0.0,6.7,0.222
2024-11-19 23:00:00+00:00,5.35,87.55253,0.0,6.35,0.222
2024-11-20 00:00:00+00:00,6.55,90.457634,0.0,6.3,0.222
2024-11-20 01:00:00+00:00,7.2,91.13312,0.0,5.55,0.221
2024-11-20 02:00:00+00:00,7.9,91.49437,0.0,6.2,0.221
2024-11-20 03:00:00+00:00,8.15,92.14025,0.0,6.7,0.221
2024-11-20 04:00:00+00:00,8.75,92.80692,0.0,7.2,0.221
2024-11-20 05:00:00+00:00,9.55,92.53687,0.0,7.7,0.222
2024-11-20 06:00:00+00:00,10.35,92.27104,0.0,8.3,0.222
2024-11-20 07:00:00+00:00,12.5,88.19945,0.0,9.3,0.222
2024-11-20 08:00:00+00:00,14.45,81.650246,0.0,10.5,0.222
2024-11-20 09:00:00+00:00,14.9,79.31459,0.0,11.25,0.222
2024-11-20 10:00:00+00:00,16.15,72.968025,0.0,12.3,0.222
2024-11-20 11:00:00+00:00,16.55,73.76592,0.1,13.1,0.222
2024-11-20 12:00:00+00:00,16.95,72.154175,0.1,13.7,0.221
2024-11-20 13:00:00+00:00,16.55,76.48402,0.2,14.3,0.224
2024-11-20 14:00:00+00:00,15.4,82.04156,0.0,14.1,0.224
2024-11-20 15:00:00+00:00,14.6,87.515594,0.0,13.6,0.224
2024-11-20 16:00:00+00:00,14.55,86.08622,0.0,13.25,0.224
2024-11-20 17:00:00+00:00,15.1,88.13451,0.1,13.1,0.225
2024-11-20 18:00:00+00:00,15.45,86.74039,0.0,13.15,0.225
2024-11-20 19:00:00+00:00,15.65,84.24997,0.0,13.2,0.225
2024-11-20 20:00:00+00:00,15.9,79.71869,0.0,13.25,0.225
2024-11-20 21:00:00+00:00,16.05,78.44197,0.0,13.3,0.225
2024-11-20 22:00:00+00:00,16.2,78.464165,0.0,13.4,0.225
2024-11-20 23:00:00+00:00,16.4,80.838326,0.0,13.5,0.225
2024-11-21 00:00:00+00:00,16.65,80.60852,0.0,13.65,0.225
2024-11-21 01:00:00+00:00,17.75,77.174126,0.0,14.6,0.222
2024-11-21 02:00:00+00:00,17.6,76.15274,0.0,14.6,0.222
2024-11-21 03:00:00+00:00,17.45,77.37924,0.0,14.6,0.222
2024-11-21 04:00:00+00:00,17.6,75.41157,0.0,14.6,0.222
2024-11-21 05:00:00+00:00,17.7,77.6695,0.0,14.7,0.222
2024-11-21 06:00:00+00:00,17.85,78.45164,0.0,14.85,0.221
2024-11-21 07:00:00+00:00,17.9,77.95217,0.7,15.15,0.23
2024-11-21 08:00:00+00:00,17.1,86.61789,2.2,15.2,0.259
2024-11-21 09:00:00+00:00,10.6,68.53611,2.4,14.45,0.291
2024-11-21 10:00:00+00:00,10.55,56.866817,0.0,13.7,0.29
2024-11-21 11:00:00+00:00,11.6,49.561626,0.0,13.45,0.289
2024-11-21 12:00:00+00:00,11.5,49.533733,0.0,13.3,0.287
2024-11-21 13:00:00+00:00,11.15,58.037975,0.0,12.75,0.332
2024-11-21 14:00:00+00:00,10.45,58.89665,0.0,12.45,0.329
2024-11-21 15:00:00+00:00,9.95,53.74268,0.0,11.95,0.328
2024-11-21 16:00:00+00:00,8.75,47.346436,0.0,11.2,0.326
2024-11-21 17:00:00+00:00,7.8,44.019974,0.0,10.5,0.324
2024-11-21 18:00:00+00:00,6.8,43.889385,0.0,9.8,0.322
2024-11-21 19:00:00+00:00,5.45,49.274364,0.0,9.05,0.321
2024-11-21 20:00:00+00:00,4.25,53.172085,0.0,8.3,0.32
2024-11-21 21:00:00+00:00,3.5,57.112427,0.0,7.6,0.318
2024-11-21 22:00:00+00:00,2.95,63.51005,0.0,7.05,0.317
2024-11-21 23:00:00+00:00,2.7,69.36879,0.0,6.6,0.316
2024-11-22 00:00:00+00:00,3.4,70.543106,0.0,6.3,0.315
2024-11-22 01:00:00+00:00,3.25,65.98399,0.0,5.65,0.317
2024-11-22 02:00:00+00:00,3.6,65.5767,0.0,5.4,0.316
2024-11-22 03:00:00+00:00,3.55,73.46996,0.0,5.25,0.315
2024-11-22 04:00:00+00:00,3.35,80.42007,0.0,5.1,0.314
2024-11-22 05:00:00+00:00,3.3,86.42253,0.0,5.0,0.313
2024-11-22 06:00:00+00:00,4.65,88.10869,0.0,5.2,0.312
2024-11-22 07:00:00+00:00,7.85,76.369026,0.0,6.5,0.312
2024-11-22 08:00:00+00:00,10.95,65.803406,0.0,8.25,0.31
2024-11-22 09:00:00+00:00,14.1,58.977425,0.0,10.0,0.308
2024-11-22 10:00:00+00:00,16.15,61.733852,0.0,11.55,0.306
2024-11-22 11:00:00+00:00,17.7,58.461853,0.0,12.75,0.304
2024-11-22 12:00:00+00:00,18.15,56.63968,0.0,13.5,0.302
2024-11-22 13:00:00+00:00,17.6,62.903683,0.0,13.2,0.3
2024-11-22 14:00:00+00:00,17.4,62.64873,0.0,13.4,0.299
2024-11-22 15:00:00+00:00,17.15,66.02307,0.0,13.35,0.298
2024-11-22 16:00:00+00:00,17.15,72.4286,0.0,13.3,0.297
2024-11-22 17:00:00+00:00,17.2,77.84683,0.0,13.4,0.296
2024-11-22 18:00:00+00:00,17.25,78.87486,0.0,13.55,0.295
2024-11-22 19:00:00+00:00,17.4,77.87701,0.0,13.65,0.295
2024-11-22 20:00:00+00:00,17.55,78.91829,0.0,13.8,0.294
2024-11-22 21:00:00+00:00,17.65,80.74255,0.0,14.0,0.293
2024-11-22 22:00:00+00:00,17.8,80.502,0.0,14.15,0.293
2024-11-22 23:00:00+00:00,17.75,81.01722,0.0,14.25,0.292
2024-11-23 00:00:00+00:00,17.8,79.72488,0.1,14.4,0.292
2024-11-23 01:00:00+00:00,18.45,79.815216,0.4,15.6,0.299
2024-11-23 02:00:00+00:00,16.35,91.72297,8.0,15.2,0.403
2024-11-23 03:00:00+00:00,8.1,92.77093,7.4,13.75,0.427
2024-11-23 04:00:00+00:00,6.9,88.61723,3.6,11.75,0.417
2024-11-23 05:00:00+00:00,7.2,83.550186,0.5,10.55,0.406
2024-11-23 06:00:00+00:00,6.8,74.855934,0.3,9.65,0.399
2024-11-23 07:00:00+00:00,7.3,58.73705,0.0,9.6,0.391
2024-11-23 08:00:00+00:00,6.9,49.872616,0.0,9.65,0.385
2024-11-23 09:00:00+00:00,6.65,48.158844,0.0,9.45,0.381
2024-11-23 10:00:00+00:00,7.65,42.516052,0.0,9.8,0.376
2024-11-23 11:00:00+00:00,7.6,38.669624,0.0,9.95,0.373
2024-11-23 12:00:00+00:00,8.25,34.94172,0.0,10.15,0.369
2024-11-23 13:00:00+00:00,8.55,36.529327,0.0,9.8,0.386
2024-11-23 14:00:00+00:00,8.15,34.77821,0.0,9.7,0.381
2024-11-23 15:00:00+00:00,6.7,37.95917,0.0,9.15,0.378
2024-11-23 16:00:00+00:00,5.6,41.425,0.0,8.45,0.375
2024-11-23 17:00:00+00:00,5.4,42.651073,0.0,7.95,0.372
2024-11-23 18:00:00+00:00,4.85,46.21233,0.0,7.55,0.369
2024-11-23 19:00:00+00:00,4.25,49.11539,0.0,7.15,0.367
2024-11-23 20:00:00+00:00,4.0,50.940647,0.0,6.8,0.365
2024-11-23 21:00:00+00:00,3.65,53.20656,0.0,6.5,0.363
2024-11-23 22:00:00+00:00,3.5,54.17952,0.0,6.2,0.362
2024-11-23 23:00:00+00:00,3.35,55.798344,0.0,6.0,0.36
2024-11-24 00:00:00+00:00,3.0,58.501926,0.0,5.75,0.359
2024-11-24 01:00:00+00:00,2.75,62.287865,0.0,5.7,0.362
2024-11-24 02:00:00+00:00,2.5,63.878887,0.0,5.45,0.36
2024-11-24 03:00:00+00:00,2.1,65.96945,0.0,5.15,0.359
2024-11-24 04:00:00+00:00,1.7,68.13466,0.0,4.9,0.358
2024-11-24 05:00:00+00:00,1.35,70.38763,0.0,4.6,0.357
2024-11-24 06:00:00+00:00,1.65,70.97495,0.0,4.5,0.356
2024-11-24 07:00:00+00:00,3.35,65.51986,0.0,5.1,0.354
2024-11-24 08:00:00+00:00,5.1,57.53175,0.0,6.15,0.353
2024-11-24 09:00:00+00:00,6.5,49.75916,0.0,7.25,0.351
2024-11-24 10:00:00+00:00,7.5,44.761665,0.0,8.35,0.349
2024-11-24 11:00:00+00:00,8.3,40.984924,0.0,9.2,0.348
2024-11-24 12:00:00+00:00,8.7,39.1473,0.0,9.7,0.346
2024-11-24 13:00:00+00:00,8.35,41.932377,0.0,9.7,0.344
2024-11-24 14:00:00+00:00,7.15,58.91288,0.0,9.15,0.343
2024-11-24 15:00:00+00:00,5.05,57.73226,0.0,7.9,0.342
2024-11-24 16:00:00+00:00,4.1,61.694027,0.0,6.75,0.342
2024-11-24 17:00:00+00:00,3.2,65.48569,0.0,5.85,0.342
2024-11-24 18:00:00+00:00,2.3,70.32,0.0,5.2,0.341
2024-11-24 19:00:00+00:00,1.5,75.563675,0.0,4.65,0.341
2024-11-24 20:00:00+00:00,1.15,78.348526,0.0,4.25,0.341
2024-11-24 21:00:00+00:00,1.1,77.190636,0.0,3.9,0.34
2024-11-24 22:00:00+00:00,1.15,73.83924,0.0,3.55,0.34
2024-11-24 23:00:00+00:00,1.45,70.93475,0.0,3.4,0.34
2024-11-25 00:00:00+00:00,2.15,67.97822,0.0,3.55,0.34
2024-11-25 01:00:00+00:00,2.65,71.96617,0.0,3.6,0.34
2024-11-25 02:00:00+00:00,2.9,71.75047,0.0,3.95,0.34
2024-11-25 03:00:00+00:00,2.75,73.59083,0.0,4.15,0.34
2024-11-25 04:00:00+00:00,3.15,71.27407,0.0,4.4,0.339
2024-11-25 05:00:00+00:00,3.05,72.043846,0.0,4.55,0.339
2024-11-25 06:00:00+00:00,3.3,72.62218,0.0,4.7,0.339
2024-11-25 07:00:00+00:00,4.4,66.97412,0.0,5.15,0.338
2024-11-25 08:00:00+00:00,6.25,56.986595,0.0,6.15,0.337
2024-11-25 09:00:00+00:00,7.9,50.525486,0.0,7.4,0.336
2024-11-25 10:00:00+00:00,9.0,44.867893,0.0,8.45,0.335
2024-11-25 11:00:00+00:00,9.7,45.071934,0.0,9.3,0.333
2024-11-25 12:00:00+00:00,9.95,44.65025,0.0,9.8,0.332
2024-11-25 13:00:00+00:00,10.2,42.636677,0.0,10.1,0.329
2024-11-25 14:00:00+00:00,8.9,50.251587,0.0,9.55,0.329
2024-11-25 15:00:00+00:00,5.5,62.948936,0.0,8.25,0.329
2024-11-25 16:00:00+00:00,4.85,66.34213,0.0,7.2,0.328
2024-11-25 17:00:00+00:00,3.9,71.16176,0.0,6.45,0.328
2024-11-25 18:00:00+00:00,2.55,79.14307,0.0,5.65,0.328
2024-11-25 19:00:00+00:00,2.2,80.54798,0.0,4.95,0.328
2024-11-25 20:00:00+00:00,2.35,79.40214,0.0,4.4,0.328
2024-11-25 21:00:00+00:00,1.1,85.56562,0.0,3.95,0.328
2024-11-25 22:00:00+00:00,0.5,86.446976,0.0,3.6,0.328
2024-11-25 23:00:00+00:00,0.4,84.238716,0.0,3.2,0.328
2024-11-26 00:00:00+00:00,0.3,82.9924,0.0,2.8,0.328
2024-11-26 01:00:00+00:00,-0.6,76.04622,0.0,1.75,0.325
2024-11-26 02:00:00+00:00,-0.5,74.928764,0.0,1.55,0.325
2024-11-26 03:00:00+00:00,0.0,72.52735,0.0,1.35,0.325
2024-11-26 04:00:00+00:00,0.05,72.81005,0.0,1.2,0.325
2024-11-26 05:00:00+00:00,0.0,73.625275,0.0,1.05,0.325
2024-11-26 06:00:00+00:00,1.25,74.40817,0.0,1.3,0.325
2024-11-26 07:00:00+00:00,3.45,70.29482,0.0,2.45,0.325
2024-11-26 08:00:00+00:00,6.05,62.62165,0.0,4.1,0.325
2024-11-26 09:00:00+00:00,8.05,57.03893,0.0,5.75,0.324
2024-11-26 10:00:00+00:00,9.5,49.69092,0.0,7.15,0.323
2024-11-26 11:00:00+00:00,10.3,46.41783,0.0,8.15,0.322
2024-11-26 12:00:00+00:00,10.65,50.012737,0.0,8.85,0.321
2024-11-26 13:00:00+00:00,10.75,61.090042,0.0,3.5,0.318
2024-11-26 14:00:00+00:00,8.6,72.83528,0.0,4.55,0.318
2024-11-26 15:00:00+00:00,5.6,81.89243,0.0,4.3,0.318
2024-11-26 16:00:00+00:00,5.3,83.91152,0.0,4.1,0.318
2024-11-26 17:00:00+00:00,5.25,85.40462,0.0,4.0,0.318
2024-11-26 18:00:00+00:00,4.5,87.16218,0.0,3.8,0.318
2024-11-26 19:00:00+00:00,3.55,90.880424,0.0,3.4,0.318
2024-11-26 20:00:00+00:00,2.55,93.78608,0.0,3.0,0.318
2024-11-26 21:00:00+00:00,1.55,95.44063,0.0,2.6,0.318
2024-11-26 22:00:00+00:00,1.15,95.77115,0.0,2.2,0.319
2024-11-26 23:00:00+00:00,0.75,96.45335,0.0,1.95,0.319
2024-11-27 00:00:00+00:00,0.45,96.44474,0.0,1.75,0.319
2024-11-27 01:00:00+00:00,1.85,95.7948,0.0,3.15,0.321
2024-11-27 02:00:00+00:00,3.25,94.48981,0.0,3.35,0.321
2024-11-27 03:00:00+00:00,3.45,93.83002,0.0,3.4,0.321
2024-11-27 04:00:00+00:00,3.1,93.47944,0.0,3.2,0.321
2024-11-27 05:00:00+00:00,2.95,93.805664,0.0,3.0,0.321
2024-11-27 06:00:00+00:00,3.45,94.16374,0.0,3.2,0.321
2024-11-27 07:00:00+00:00,5.6,86.04748,0.0,4.15,0.321
2024-11-27 08:00:00+00:00,7.1,80.946465,0.0,5.15,0.321
2024-11-27 09:00:00+00:00,8.7,75.44849,0.0,6.2,0.32
2024-11-27 10:00:00+00:00,10.95,62.879696,0.0,7.5,0.32
2024-11-27 11:00:00+00:00,12.65,57.002884,0.0,8.7,0.319
2024-11-27 12:00:00+00:00,13.35,53.696774,0.0,9.7,0.318
2024-11-27 13:00:00+00:00,12.85,58.260998,0.0,9.4,0.315
2024-11-27 14:00:00+00:00,11.0,71.035484,0.0,9.15,0.314
2024-11-27 15:00:00+00:00,8.75,74.409775,0.0,8.0,0.314
2024-11-27 16:00:00+00:00,7.3,80.6908,0.0,7.05,0.315
2024-11-27 17:00:00+00:00,6.7,83.78294,0.0,6.6,0.315
2024-11-27 18:00:00+00:00,5.3,86.93226,0.0,6.05,0.315
2024-11-27 19:00:00+00:00,4.5,88.721985,0.0,5.4,0.315
2024-11-27 20:00:00+00:00,3.95,90.58645,0.0,4.85,0.315
2024-11-27 21:00:00+00:00,3.65,91.2114,0.0,4.4,0.315
2024-11-27 22:00:00+00:00,3.3,92.16792,0.0,3.95,0.315
2024-11-27 23:00:00+00:00,2.75,94.46796,0.0,3.6,0.315
2024-11-28 00:00:00+00:00,2.3,96.15305,0.0,3.3,0.315
2024-11-28 01:00:00+00:00,2.3,93.43819,0.0,3.3,0.323
2024-11-28 02:00:00+00:00,1.75,95.791435,0.0,3.05,0.323
2024-11-28 03:00:00+00:00,1.35,96.81836,0.0,2.85,0.323
2024-11-28 04:00:00+00:00,1.2,96.81451,0.0,2.65,0.323
2024-11-28 05:00:00+00:00,1.15,96.46475,0.0,2.5,0.323
2024-11-28 06:00:00+00:00,2.0,95.45701,0.0,2.55,0.323
2024-11-28 07:00:00+00:00,5.45,83.3371,0.0,3.7,0.323
2024-11-28 08:00:00+00:00,8.45,75.40587,0.0,5.4,0.322
2024-11-28 09:00:00+00:00,10.6,67.82392,0.0,7.25,0.322
2024-11-28 10:00:00+00:00,11.85,62.215733,0.0,8.85,0.321
2024-11-28 11:00:00+00:00,12.6,59.429356,0.0,10.1,0.32
2024-11-28 12:00:00+00:00,12.95,58.28598,0.0,10.85,0.319
2024-11-28 13:00:00+00:00,13.25,57.75535,0.0,10.95,0.319
2024-11-28 14:00:00+00:00,11.95,68.57664,0.0,10.5,0.319
2024-11-28 15:00:00+00:00,8.95,77.084404,0.0,9.3,0.319
2024-11-28 16:00:00+00:00,7.7,85.66823,0.0,8.4,0.319
2024-11-28 17:00:00+00:00,7.0,90.17722,0.0,7.8,0.319
2024-11-28 18:00:00+00:00,6.65,93.011444,0.0,7.4,0.319
2024-11-28 19:00:00+00:00,6.05,93.95443,0.0,7.0,0.319
2024-11-28 20:00:00+00:00,5.5,95.248726,0.0,6.5,0.319
2024-11-28 21:00:00+00:00,5.0,95.898865,0.0,6.0,0.319
2024-11-28 22:00:00+00:00,4.75,95.89074,0.0,5.6,0.319
2024-11-28 23:00:00+00:00,4.55,95.88423,0.0,5.3,0.319
2024-11-29 00:00:00+00:00,4.5,95.54635,0.0,5.2,0.319
2024-11-29 01:00:00+00:00,4.65,94.88304,0.0,5.4,0.328
2024-11-29 02:00:00+00:00,5.3,93.26386,0.0,5.25,0.328
2024-11-29 03:00:00+00:00,5.45,94.254715,0.0,5.25,0.328
2024-11-29 04:00:00+00:00,5.6,93.93316,0.0,5.2,0.328
2024-11-29 05:00:00+00:00,6.0,93.30046,0.0,5.25,0.328
2024-11-29 06:00:00+00:00,7.2,90.81851,0.0,5.65,0.328
2024-11-29 07:00:00+00:00,9.7,79.36517,0.0,6.7,0.328
2024-11-29 08:00:00+00:00,11.5,73.11389,0.0,7.9,0.327
2024-11-29 09:00:00+00:00,13.7,66.17391,0.0,9.25,0.327
2024-11-29 10:00:00+00:00,14.85,65.97267,0.0,10.45,0.326
2024-11-29 11:00:00+00:00,14.45,67.926544,0.0,11.0,0.325
2024-11-29 12:00:00+00:00,15.1,66.2498,0.0,11.45,0.324
2024-11-29 13:00:00+00:00,15.3,66.51632,0.0,11.65,0.325
2024-11-29 14:00:00+00:00,14.35,71.91426,0.0,11.55,0.324
2024-11-29 15:00:00+00:00,12.95,77.45237,0.0,11.15,0.324
2024-11-29 16:00:00+00:00,11.15,84.5872,0.0,10.5,0.324
2024-11-29 17:00:00+00:00,10.3,87.708046,0.0,9.95,0.324
2024-11-29 18:00:00+00:00,9.95,88.57403,0.0,9.5,0.324
2024-11-29 19:00:00+00:00,10.0,87.97897,0.0,9.3,0.324
2024-11-29 20:00:00+00:00,10.4,87.420555,0.3,9.3,0.327
2024-11-29 21:00:00+00:00,10.0,93.50402,0.1,9.35,0.327
2024-11-29 22:00:00+00:00,9.65,96.369774,0.1,9.35,0.328
2024-11-29 23:00:00+00:00,9.45,97.01637,0.0,9.3,0.328
2024-11-30 00:00:00+00:00,9.0,98.32667,0.0,9.2,0.328
2024-11-30 01:00:00+00:00,9.8,92.23865,0.0,9.95,0.352
2024-11-30 02:00:00+00:00,9.0,90.325165,0.0,9.45,0.351
2024-11-30 03:00:00+00:00,8.85,86.38106,0.0,9.0,0.35
2024-11-30 04:00:00+00:00,9.0,88.79573,0.0,8.8,0.35
2024-11-30 05:00:00+00:00,8.8,92.49398,0.0,8.65,0.349
2024-11-30 06:00:00+00:00,9.1,91.57184,0.0,8.65,0.348
2024-11-30 07:00:00+00:00,10.75,83.40217,0.0,9.1,0.348
2024-11-30 08:00:00+00:00,12.35,76.31741,0.0,9.95,0.347
2024-11-30 09:00:00+00:00,14.25,66.743904,0.0,10.95,0.345
2024-11-30 10:00:00+00:00,15.25,60.484833,0.0,11.8,0.344
2024-11-30 11:00:00+00:00,16.1,55.359375,0.0,12.5,0.342
2024-11-30 12:00:00+00:00,16.25,53.532997,0.0,13.0,0.34
2024-11-30 13:00:00+00:00,14.95,58.983513,0.0,12.2,0.357
2024-11-30 14:00:00+00:00,13.8,64.85351,0.0,12.05,0.356
2024-11-30 15:00:00+00:00,12.45,71.070595,0.0,11.7,0.354
2024-11-30 16:00:00+00:00,11.8,74.68411,0.0,11.35,0.353
2024-11-30 17:00:00+00:00,11.35,79.06462,0.0,11.05,0.352
2024-11-30 18:00:00+00:00,10.9,81.182655,0.0,10.75,0.351
2024-11-30 19:00:00+00:00,11.2,79.582726,0.0,10.7,0.35
2024-11-30 20:00:00+00:00,11.2,79.31223,0.0,10.65,0.349
2024-11-30 21:00:00+00:00,11.1,78.75878,0.0,10.6,0.348
2024-11-30 22:00:00+00:00,10.75,79.24657,0.0,10.45,0.348
2024-11-30 23:00:00+00:00,10.65,79.503334,0.0,10.4,0.347
2024-12-01 00:00:00+00:00,10.7,78.69906,0.0,10.35,0.346
2024-12-01 01:00:00+00:00,10.45,77.856186,0.0,10.7,0.353
2024-12-01 02:00:00+00:00,10.5,77.3312,0.0,10.5,0.352
2024-12-01 03:00:00+00:00,10.3,78.36954,0.0,10.35,0.351
2024-12-01 04:00:00+00:00,10.3,77.03409,0.0,10.2,0.35
2024-12-01 05:00:00+00:00,10.55,76.021736,0.0,10.2,0.349
2024-12-01 06:00:00+00:00,10.7,75.52567,0.0,10.2,0.348
2024-12-01 07:00:00+00:00,11.5,72.8635,0.0,10.45,0.347
2024-12-01 08:00:00+00:00,12.05,73.21351,0.0,10.8,0.347
2024-12-01 09:00:00+00:00,13.0,68.32266,0.0,11.2,0.345
2024-12-01 10:00:00+00:00,13.55,63.915833,0.0,11.6,0.344
2024-12-01 11:00:00+00:00,13.3,65.6365,0.0,11.95,0.343
2024-12-01 12:00:00+00:00,13.35,62.998222,0.0,12.15,0.341
2024-12-01 13:00:00+00:00,12.15,69.56705,0.0,11.8,0.349
2024-12-01 14:00:00+00:00,11.05,76.627396,0.2,11.5,0.35
2024-12-01 15:00:00+00:00,10.25,81.095184,0.5,11.0,0.354
2024-12-01 16:00:00+00:00,9.5,90.055,1.3,10.4,0.37
2024-12-01 17:00:00+00:00,9.35,90.65861,1.3,10.0,0.384
2024-12-01 18:00:00+00:00,9.15,91.26392,1.2,9.75,0.395
2024-12-01 19:00:00+00:00,9.25,89.12022,0.3,9.6,0.394
2024-12-01 20:00:00+00:00,9.3,89.42862,0.2,9.5,0.391
2024-12-01 21:00:00+00:00,9.3,89.42862,0.4,9.45,0.393
2024-12-01 22:00:00+00:00,9.05,92.823425,0.8,9.4,0.398
2024-12-01 23:00:00+00:00,9.0,93.136856,1.0,9.35,0.406
2024-12-02 00:00:00+00:00,9.0,93.136856,0.6,9.3,0.406
2024-12-02 01:00:00+00:00,8.95,93.13423,0.4,9.3,0.401
2024-12-02 02:00:00+00:00,8.8,93.12632,0.3,9.2,0.399
2024-12-02 03:00:00+00:00,8.7,90.9228,0.1,9.05,0.395
2024-12-02 04:00:00+00:00,8.65,89.68343,0.0,8.95,0.391
2024-12-02 05:00:00+00:00,8.85,88.47967,0.0,9.0,0.388
2024-12-02 06:00:00+00:00,9.15,87.30338,0.0,9.1,0.385
2024-12-02 07:00:00+00:00,9.7,84.13529,0.0,9.3,0.383
2024-12-02 08:00:00+00:00,10.3,79.18059,0.0,9.65,0.381
2024-12-02 09:00:00+00:00,10.5,77.3312,0.0,9.95,0.379
2024-12-02 10:00:00+00:00,10.1,82.47419,0.2,10.05,0.379
2024-12-02 11:00:00+00:00,9.9,85.0248,0.2,10.05,0.379
2024-12-02 12:00:00+00:00,9.95,85.03028,0.2,10.1,0.379
2024-12-02 13:00:00+00:00,10.25,79.99195,0.0,10.1,0.387
2024-12-02 14:00:00+00:00,9.95,83.02144,0.1,10.05,0.385
2024-12-02 15:00:00+00:00,9.5,86.44637,0.2,9.85,0.385
2024-12-02 16:00:00+00:00,9.25,88.514114,0.2,9.6,0.385
2024-12-02 17:00:00+00:00,9.1,87.59793,0.1,9.4,0.384
2024-12-02 18:00:00+00:00,8.95,85.21258,0.0,9.25,0.382
2024-12-02 19:00:00+00:00,8.85,82.031494,0.0,9.15,0.38
2024-12-02 20:00:00+00:00,8.6,79.755775,0.0,9.05,0.379
2024-12-02 21:00:00+00:00,8.5,78.63953,0.0,9.0,0.378
2024-12-02 22:00:00+00:00,8.45,78.35853,0.0,8.95,0.376
2024-12-02 23:00:00+00:00,8.35,80.276184,0.0,8.95,0.375
2024-12-03 00:00:00+00:00,8.15,82.511444,0.0,8.85,0.374
2024-12-03 01:00:00+00:00,8.35,82.25119,0.0,8.95,0.375
2024-12-03 02:00:00+00:00,8.25,82.23833,0.0,8.85,0.374
2024-12-03 03:00:00+00:00,8.2,82.231895,0.0,8.8,0.373
2024-12-03 04:00:00+00:00,8.05,82.498726,0.0,8.7,0.372
2024-12-03 05:00:00+00:00,8.0,82.20611,0.0,8.65,0.371
2024-12-03 06:00:00+00:00,8.2,80.815475,0.0,8.65,0.37
2024-12-03 07:00:00+00:00,8.85,77.068344,0.0,8.85,0.369
2024-12-03 08:00:00+00:00,9.35,74.2563,0.0,9.2,0.368
2024-12-03 09:00:00+00:00,9.7,72.78427,0.0,9.55,0.367
2024-12-03 10:00:00+00:00,9.9,71.56586,0.0,9.85,0.366
2024-12-03 11:00:00+00:00,10.55,67.34215,0.0,10.1,0.365
2024-12-03 12:00:00+00:00,10.35,68.48443,0.0,10.2,0.364
2024-12-03 13:00:00+00:00,10.85,69.06551,0.0,10.75,0.369
2024-12-03 14:00:00+00:00,10.3,71.64218,0.0,10.5,0.368
2024-12-03 15:00:00+00:00,9.45,75.83848,0.0,10.15,0.367
2024-12-03 16:00:00+00:00,8.95,77.89219,0.0,9.8,0.366
2024-12-03 17:00:00+00:00,8.75,78.6773,0.0,9.6,0.366
2024-12-03 18:00:00+00:00,8.65,78.936134,0.0,9.45,0.365
2024-12-03 19:00:00+00:00,8.2,80.815475,0.0,9.25,0.364
2024-12-03 20:00:00+00:00,7.65,82.73558,0.0,9.0,0.364
2024-12-03 21:00:00+00:00,7.25,83.84837,0.0,8.8,0.363
2024-12-03 22:00:00+00:00,7.15,83.8365,0.0,8.65,0.363
2024-12-03 23:00:00+00:00,6.2,88.556786,0.0,8.25,0.362
2024-12-04 00:00:00+00:00,5.1,93.58088,0.0,7.8,0.362
2024-12-04 01:00:00+00:00,6.2,92.664215,0.0,8.3,0.361
2024-12-04 02:00:00+00:00,5.75,94.597115,0.0,7.9,0.36
2024-12-04 03:00:00+00:00,4.9,95.89561,0.0,7.5,0.36
2024-12-04 04:00:00+00:00,3.8,97.2226,0.0,6.9,0.36
2024-12-04 05:00:00+00:00,3.25,97.90123,0.0,6.35,0.359
2024-12-04 06:00:00+00:00,3.6,97.5621,0.0,6.0,0.359
2024-12-04 07:00:00+00:00,5.9,89.779755,0.0,6.65,0.359
2024-12-04 08:00:00+00:00,8.0,79.39133,0.0,7.8,0.358
2024-12-04 09:00:00+00:00,9.8,67.65529,0.0,9.05,0.357
2024-12-04 10:00:00+00:00,10.95,57.98744,0.0,10.2,0.356
2024-12-04 11:00:00+00:00,11.6,53.800083,0.0,11.0,0.354
2024-12-04 12:00:00+00:00,11.95,51.46247,0.0,11.45,0.353
2024-12-04 13:00:00+00:00,12.3,56.71416,0.0,11.65,0.355
2024-12-04 14:00:00+00:00,11.5,63.89244,0.0,11.3,0.354
2024-12-04 15:00:00+00:00,9.3,70.95248,0.0,10.35,0.354
2024-12-04 16:00:00+00:00,8.15,78.03947,0.0,9.55,0.354
2024-12-04 17:00:00+00:00,7.2,85.61499,0.0,8.9,0.354
2024-12-04 18:00:00+00:00,6.05,89.47807,0.0,8.3,0.354
2024-12-04 19:00:00+00:00,5.85,92.644325,0.0,7.9,0.354
2024-12-04 20:00:00+00:00,5.6,93.60587,0.0,7.55,0.353
2024-12-04 21:00:00+00:00,4.8,94.88908,0.0,7.2,0.353
2024-12-04 22:00:00+00:00,4.15,96.88898,0.0,6.85,0.353
2024-12-04 23:00:00+00:00,4.25,96.551384,0.0,6.65,0.353
2024-12-05 00:00:00+00:00,3.25,97.21034,0.0,6.25,0.353
2024-12-05 01:00:00+00:00,4.05,99.64974,0.0,7.15,0.357
2024-12-05 02:00:00+00:00,4.0,99.300285,0.0,6.8,0.356
2024-12-05 03:00:00+00:00,4.6,98.26718,0.0,6.7,0.356
2024-12-05 04:00:00+00:00,4.75,98.26925,0.0,6.65,0.356
2024-12-05 05:00:00+00:00,4.85,97.92797,0.0,6.65,0.356
2024-12-05 06:00:00+00:00,5.0,97.249054,0.0,6.65,0.355
2024-12-05 07:00:00+00:00,5.75,92.6386,0.0,6.85,0.355
2024-12-05 08:00:00+00:00,7.6,82.44139,0.0,7.7,0.355
2024-12-05 09:00:00+00:00,9.25,75.01817,0.0,8.85,0.354
2024-12-05 10:00:00+00:00,10.6,69.49597,0.0,10.0,0.353
2024-12-05 11:00:00+00:00,11.55,66.16394,0.0,10.85,0.351
2024-12-05 12:00:00+00:00,12.25,61.66311,0.0,11.3,0.35
2024-12-05 13:00:00+00:00,12.05,62.04636,0.0,10.7,0.362
2024-12-05 14:00:00+00:00,11.35,67.74585,0.0,10.45,0.361
2024-12-05 15:00:00+00:00,9.5,76.63975,0.0,9.8,0.36
2024-12-05 16:00:00+00:00,7.7,84.19381,0.0,9.05,0.36
2024-12-05 17:00:00+00:00,6.65,87.06417,0.0,8.4,0.36
2024-12-05 18:00:00+00:00,5.95,90.41375,0.0,7.85,0.359
2024-12-05 19:00:00+00:00,5.2,92.932365,0.0,7.35,0.359
2024-12-05 20:00:00+00:00,4.55,94.21405,0.0,6.9,0.359
2024-12-05 21:00:00+00:00,4.45,94.54171,0.0,6.6,0.358
2024-12-05 22:00:00+00:00,3.65,95.854744,0.0,6.2,0.358
2024-12-05 23:00:00+00:00,3.2,96.5224,0.0,5.85,0.358
2024-12-06 00:00:00+00:00,2.9,97.2025,0.0,5.5,0.358
2024-12-06 01:00:00+00:00,3.75,96.87903,0.0,6.55,0.356
2024-12-06 02:00:00+00:00,4.05,96.88648,0.0,6.2,0.356
2024-12-06 03:00:00+00:00,4.15,96.88898,0.0,6.05,0.356
2024-12-06 04:00:00+00:00,4.2,97.23146,0.0,6.0,0.355
2024-12-06 05:00:00+00:00,4.4,95.879326,0.0,6.0,0.355
2024-12-06 06:00:00+00:00,4.45,94.87498,0.0,6.0,0.355
2024-12-06 07:00:00+00:00,5.65,88.820335,0.0,6.35,0.355
2024-12-06 08:00:00+00:00,7.2,82.10242,0.0,7.15,0.354
2024-12-06 09:00:00+00:00,8.8,76.52544,0.0,8.0,0.354
2024-12-06 10:00:00+00:00,10.7,74.23715,0.0,9.2,0.353
2024-12-06 11:00:00+00:00,12.2,68.62788,0.0,10.15,0.352
2024-12-06 12:00:00+00:00,13.15,65.37906,0.0,11.05,0.351
2024-12-06 13:00:00+00:00,13.45,66.80125,0.0,11.5,0.357
2024-12-06 14:00:00+00:00,11.95,78.08681,0.0,11.15,0.356
2024-12-06 15:00:00+00:00,9.45,83.81843,0.0,10.0,0.356
2024-12-06 16:00:00+00:00,8.35,89.660034,0.0,9.15,0.356
2024-12-06 17:00:00+00:00,9.6,88.54413,0.0,9.05,0.356
2024-12-06 18:00:00+00:00,9.0,89.09978,0.0,8.6,0.355
2024-12-06 19:00:00+00:00,7.8,92.119125,0.0,7.85,0.355
2024-12-06 20:00:00+00:00,7.1,95.30796,0.0,7.5,0.355
2024-12-06 21:00:00+00:00,6.65,95.951836,0.0,7.3,0.355
2024-12-06 22:00:00+00:00,6.55,94.63081,0.0,7.2,0.355
2024-12-06 23:00:00+00:00,6.65,93.33418,0.0,7.05,0.354
2024-12-07 00:00:00+00:00,7.0,91.435585,0.0,7.0,0.354
2024-12-07 01:00:00+00:00,8.55,91.22398,0.0,8.4,0.354
2024-12-07 02:00:00+00:00,9.25,90.65155,0.0,8.25,0.354
2024-12-07 03:00:00+00:00,10.05,90.09609,0.0,8.35,0.354
2024-12-07 04:00:00+00:00,10.5,89.52334,0.0,8.6,0.353
2024-12-07 05:00:00+00:00,10.9,88.65461,0.0,8.8,0.353
2024-12-07 06:00:00+00:00,11.35,86.338615,0.0,9.1,0.353
2024-12-07 07:00:00+00:00,12.75,79.8041,0.0,9.6,0.353
2024-12-07 08:00:00+00:00,14.55,73.90678,0.0,10.5,0.352
2024-12-07 09:00:00+00:00,15.45,70.45244,0.0,11.5,0.352
2024-12-07 10:00:00+00:00,16.45,64.99741,0.0,12.35,0.35
2024-12-07 11:00:00+00:00,16.85,61.896576,0.0,12.95,0.349
2024-12-07 12:00:00+00:00,16.75,63.344242,0.0,13.35,0.348
2024-12-07 13:00:00+00:00,14.0,81.86329,1.3,12.95,0.363
2024-12-07 14:00:00+00:00,13.8,83.48485,0.0,12.45,0.363
2024-12-07 15:00:00+00:00,12.75,84.48226,0.3,11.85,0.365
2024-12-07 16:00:00+00:00,11.6,92.96158,0.9,11.35,0.377
2024-12-07 17:00:00+00:00,11.5,91.41779,0.4,11.1,0.38
2024-12-07 18:00:00+00:00,11.3,91.711174,0.8,10.85,0.389
2024-12-07 19:00:00+00:00,11.4,92.02444,0.8,10.75,0.397
2024-12-07 20:00:00+00:00,11.2,92.940186,0.7,10.65,0.401
2024-12-07 21:00:00+00:00,11.55,92.03348,1.9,10.65,0.42
2024-12-07 22:00:00+00:00,10.95,95.12788,3.3,10.65,0.429
2024-12-07 23:00:00+00:00,8.5,94.38947,6.9,10.2,0.43
2024-12-08 00:00:00+00:00,7.45,96.637535,4.4,9.55,0.43
2024-12-08 01:00:00+00:00,9.2,96.03173,2.4,9.65,0.43
2024-12-08 02:00:00+00:00,9.95,96.37822,1.7,9.7,0.429
2024-12-08 03:00:00+00:00,9.65,97.348114,1.5,9.75,0.429
2024-12-08 04:00:00+00:00,8.6,96.99647,0.4,9.6,0.428
2024-12-08 05:00:00+00:00,7.35,96.96684,0.3,9.15,0.425
2024-12-08 06:00:00+00:00,7.25,94.98625,0.0,8.85,0.422
2024-12-08 07:00:00+00:00,7.75,90.23309,0.0,8.85,0.42
2024-12-08 08:00:00+00:00,8.55,84.58349,0.0,9.2,0.417
2024-12-08 09:00:00+00:00,9.25,79.8493,0.0,9.7,0.415
2024-12-08 10:00:00+00:00,10.45,73.93741,0.0,10.5,0.413
2024-12-08 11:00:00+00:00,11.3,71.584885,0.0,11.2,0.411
2024-12-08 12:00:00+00:00,12.6,69.65687,0.0,12.0,0.409
2024-12-08 13:00:00+00:00,12.25,73.24959,0.0,11.35,0.406
2024-12-08 14:00:00+00:00,12.2,77.3351,0.0,11.25,0.405
2024-12-08 15:00:00+00:00,9.9,85.89909,0.0,10.5,0.404
2024-12-08 16:00:00+00:00,8.45,89.66785,0.0,9.6,0.404
2024-12-08 17:00:00+00:00,7.8,92.754234,0.0,9.1,0.403
2024-12-08 18:00:00+00:00,7.6,93.06256,0.0,8.7,0.402
2024-12-08 19:00:00+00:00,7.9,91.809296,0.0,8.45,0.402
2024-12-08 20:00:00+00:00,9.15,87.602554,0.0,8.5,0.401
2024-12-08 21:00:00+00:00,10.8,78.44529,0.0,8.95,0.4
2024-12-08 22:00:00+00:00,10.6,81.14236,0.1,9.2,0.4
2024-12-08 23:00:00+00:00,11.2,83.73893,0.0,9.5,0.4
2024-12-09 00:00:00+00:00,11.35,90.79836,1.1,9.75,0.412
2024-12-09 01:00:00+00:00,12.7,89.39665,0.1,10.55,0.409
2024-12-09 02:00:00+00:00,12.5,89.678444,1.0,10.7,0.418
2024-12-09 03:00:00+00:00,12.55,95.18728,5.8,10.95,0.43
2024-12-09 04:00:00+00:00,13.3,95.21477,5.5,11.25,0.428
2024-12-09 05:00:00+00:00,13.6,95.537605,2.6,11.6,0.428
2024-12-09 06:00:00+00:00,13.0,96.77951,7.6,11.8,0.43
2024-12-09 07:00:00+00:00,13.1,96.46526,0.8,11.9,0.427
2024-12-09 08:00:00+00:00,13.6,91.25149,0.1,12.15,0.424
2024-12-09 09:00:00+00:00,14.45,88.65748,0.0,12.5,0.422
2024-12-09 10:00:00+00:00,14.5,88.0824,0.2,12.85,0.421
2024-12-09 11:00:00+00:00,14.9,87.25691,0.0,13.05,0.418
2024-12-09 12:00:00+00:00,15.7,83.43364,0.0,13.4,0.416
2024-12-09 13:00:00+00:00,16.2,73.70473,0.0,13.65,0.414
2024-12-09 14:00:00+00:00,15.4,77.572716,0.0,13.55,0.412
2024-12-09 15:00:00+00:00,13.1,85.939255,0.0,12.85,0.411
2024-12-09 16:00:00+00:00,12.45,90.87392,0.0,12.35,0.41
2024-12-09 17:00:00+00:00,11.75,95.79118,0.0,11.95,0.409
2024-12-09 18:00:00+00:00,11.8,95.47572,0.0,11.6,0.408
2024-12-09 19:00:00+00:00,12.25,95.49131,0.0,11.65,0.407
2024-12-09 20:00:00+00:00,11.85,94.53213,0.0,11.45,0.406
2024-12-09 21:00:00+00:00,11.8,94.21665,0.0,11.35,0.405
2024-12-09 22:00:00+00:00,11.9,94.22106,0.0,11.3,0.405
2024-12-09 23:00:00+00:00,12.1,89.05183,1.1,11.35,0.418
2024-12-10 00:00:00+00:00,12.35,90.86709,0.6,11.45,0.42
2024-12-10 01:00:00+00:00,11.9,90.23249,1.9,11.3,0.424
2024-12-10 02:00:00+00:00,12.75,89.995476,0.0,11.35,0.42
2024-12-10 03:00:00+00:00,13.2,87.098045,0.3,11.55,0.421
2024-12-10 04:00:00+00:00,13.5,92.14953,2.2,11.85,0.43
2024-12-10 05:00:00+00:00,13.65,94.916595,1.8,12.15,0.43
2024-12-10 06:00:00+00:00,14.1,92.789536,0.4,12.45,0.426
2024-12-10 07:00:00+00:00,14.2,92.79496,0.1,12.7,0.423
2024-12-10 08:00:00+00:00,15.1,84.74215,0.1,13.05,0.421
2024-12-10 09:00:00+00:00,16.5,67.66658,0.0,13.75,0.418
2024-12-10 10:00:00+00:00,17.2,61.770344,0.0,14.5,0.415
2024-12-10 11:00:00+00:00,17.05,60.50403,0.0,15.1,0.413
2024-12-10 12:00:00+00:00,16.6,62.255966,0.0,15.35,0.411
2024-12-10 13:00:00+00:00,17.05,54.11032,0.0,15.25,0.398
2024-12-10 14:00:00+00:00,15.7,60.181927,0.0,14.75,0.398
2024-12-10 15:00:00+00:00,12.65,73.32157,0.0,13.6,0.397
2024-12-10 16:00:00+00:00,10.75,83.40217,0.0,12.55,0.397
2024-12-10 17:00:00+00:00,9.75,90.3798,0.0,11.85,0.397
2024-12-10 18:00:00+00:00,9.35,90.350716,0.0,11.25,0.397
2024-12-10 19:00:00+00:00,9.2,92.20309,0.0,10.9,0.397
2024-12-10 20:00:00+00:00,9.35,88.52269,0.3,10.8,0.399
2024-12-10 21:00:00+00:00,8.65,93.1184,4.3,10.35,0.428
2024-12-10 22:00:00+00:00,8.95,95.37508,0.7,10.25,0.425
2024-12-10 23:00:00+00:00,8.75,96.671616,1.2,10.1,0.43
2024-12-11 00:00:00+00:00,8.4,96.99176,3.6,9.95,0.426
2024-12-11 01:00:00+00:00,9.65,97.02103,0.8,10.65,0.424
2024-12-11 02:00:00+00:00,9.3,96.034805,0.2,10.45,0.419
2024-12-11 03:00:00+00:00,8.75,94.40031,0.0,10.15,0.415
2024-12-11 04:00:00+00:00,8.65,90.91934,0.0,10.0,0.413
2024-12-11 05:00:00+00:00,8.65,90.91934,0.1,9.85,0.411
2024-12-11 06:00:00+00:00,8.85,90.006134,0.0,9.85,0.41
2024-12-11 07:00:00+00:00,9.1,88.80412,0.0,9.95,0.408
2024-12-11 08:00:00+00:00,9.6,84.991875,0.0,10.25,0.407
2024-12-11 09:00:00+00:00,10.15,80.80444,0.0,10.7,0.405
2024-12-11 10:00:00+00:00,11.25,74.58894,0.0,11.7,0.404
2024-12-11 11:00:00+00:00,11.65,71.89772,0.0,12.35,0.403
2024-12-11 12:00:00+00:00,11.95,68.57664,0.0,12.7,0.401
2024-12-11 13:00:00+00:00,12.35,68.42323,0.0,12.95,0.418
2024-12-11 14:00:00+00:00,11.65,77.51188,0.0,12.6,0.415
2024-12-11 15:00:00+00:00,9.05,84.05989,0.0,11.55,0.413
2024-12-11 16:00:00+00:00,7.9,88.70274,0.0,10.6,0.411
2024-12-11 17:00:00+00:00,7.15,91.12973,0.0,9.9,0.41
2024-12-11 18:00:00+00:00,6.7,92.05224,0.0,9.35,0.408
2024-12-11 19:00:00+00:00,6.2,92.664215,0.0,8.85,0.407
2024-12-11 20:00:00+00:00,5.95,92.65001,0.0,8.4,0.406
2024-12-11 21:00:00+00:00,5.75,93.940254,0.0,8.0,0.406
2024-12-11 22:00:00+00:00,5.55,94.91911,0.0,7.65,0.405
2024-12-11 23:00:00+00:00,5.3,95.24124,0.0,7.35,0.404
2024-12-12 00:00:00+00:00,5.05,97.25016,0.0,7.1,0.403
2024-12-12 01:00:00+00:00,5.25,98.27617,0.0,7.55,0.411
2024-12-12 02:00:00+00:00,4.8,100.0,0.0,7.25,0.41
2024-12-12 03:00:00+00:00,4.5,99.99999,0.0,6.9,0.408
2024-12-12 04:00:00+00:00,5.3,98.61936,0.0,7.0,0.407
2024-12-12 05:00:00+00:00,5.55,96.92339,0.0,7.1,0.406
2024-12-12 06:00:00+00:00,4.95,97.24798,0.0,6.9,0.405
2024-12-12 07:00:00+00:00,6.3,93.31605,0.0,7.25,0.404
2024-12-12 08:00:00+00:00,8.15,82.511444,0.0,8.2,0.403
2024-12-12 09:00:00+00:00,9.65,67.861336,0.0,9.3,0.402
2024-12-12 10:00:00+00:00,10.6,62.577663,0.0,10.35,0.4
2024-12-12 11:00:00+00:00,11.35,58.088425,0.0,11.05,0.398
2024-12-12 12:00:00+00:00,11.7,53.44598,0.0,11.4,0.397
2024-12-12 13:00:00+00:00,11.55,55.139107,0.0,11.35,0.407
2024-12-12 14:00:00+00:00,10.5,59.53838,0.0,10.9,0.406
2024-12-12 15:00:00+00:00,7.9,71.43214,0.0,9.9,0.405
2024-12-12 16:00:00+00:00,7.55,72.12724,0.0,9.2,0.404
2024-12-12 17:00:00+00:00,7.15,68.544205,0.0,8.65,0.403
2024-12-12 18:00:00+00:00,6.4,70.12764,0.0,8.25,0.402
2024-12-12 19:00:00+00:00,5.5,73.827965,0.0,7.75,0.401
2024-12-12 20:00:00+00:00,5.7,72.81193,0.0,7.6,0.4
2024-12-12 21:00:00+00:00,5.2,76.19767,0.0,7.4,0.4
2024-12-12 22:00:00+00:00,4.5,81.163,0.0,7.1,0.399
2024-12-12 23:00:00+00:00,4.1,83.767624,0.0,6.85,0.399
2024-12-13 00:00:00+00:00,3.45,87.3719,0.0,6.5,0.398
2024-12-13 01:00:00+00:00,4.25,84.386566,0.0,7.15,0.402
2024-12-13 02:00:00+00:00,4.1,84.974365,0.0,6.85,0.401
2024-12-13 03:00:00+00:00,4.2,84.6827,0.0,6.7,0.4
2024-12-13 04:00:00+00:00,3.4,87.9949,0.0,6.4,0.4
2024-12-13 05:00:00+00:00,2.9,89.863335,0.0,6.05,0.399
2024-12-13 06:00:00+00:00,2.7,90.494896,0.0,5.75,0.399
2024-12-13 07:00:00+00:00,4.35,82.608215,0.0,6.1,0.398
2024-12-13 08:00:00+00:00,6.2,72.12707,0.0,7.05,0.397
2024-12-13 09:00:00+00:00,7.65,64.14221,0.0,8.15,0.396
2024-12-13 10:00:00+00:00,8.5,60.110477,0.0,9.2,0.395
2024-12-13 11:00:00+00:00,9.15,57.736053,0.0,9.95,0.393
2024-12-13 12:00:00+00:00,9.6,54.036747,0.0,10.3,0.392
2024-12-13 13:00:00+00:00,9.05,56.073124,0.0,9.65,0.406
2024-12-13 14:00:00+00:00,8.75,56.19713,0.0,9.35,0.405
2024-12-13 15:00:00+00:00,8.0,58.068176,0.0,8.9,0.403
2024-12-13 16:00:00+00:00,6.55,63.887806,0.0,8.45,0.402
2024-12-13 17:00:00+00:00,5.25,70.14799,0.0,7.8,0.401
2024-12-13 18:00:00+00:00,4.7,73.41605,0.0,7.3,0.4
2024-12-13 19:00:00+00:00,4.35,74.96255,0.0,6.9,0.4
2024-12-13 20:00:00+00:00,4.25,74.13493,0.0,6.65,0.399
2024-12-13 21:00:00+00:00,3.95,74.89197,0.0,6.4,0.398
2024-12-13 22:00:00+00:00,3.0,79.2112,0.0,6.0,0.398
2024-12-13 23:00:00+00:00,2.25,81.44112,0.0,5.6,0.397
2024-12-14 00:00:00+00:00,1.55,83.151115,0.0,5.15,0.396
2024-12-14 01:00:00+00:00,4.1,73.83927,0.0,6.65,0.394
2024-12-14 02:00:00+00:00,3.35,77.8396,0.0,6.25,0.394
2024-12-14 03:00:00+00:00,3.2,78.098976,0.0,5.95,0.393
2024-12-14 04:00:00+00:00,3.0,78.637436,0.0,5.7,0.393
2024-12-14 05:00:00+00:00,2.05,83.51746,0.0,5.25,0.392
2024-12-14 06:00:00+00:00,2.4,82.05653,0.0,5.05,0.392
2024-12-14 07:00:00+00:00,4.25,75.21666,0.0,5.5,0.392
2024-12-14 08:00:00+00:00,6.15,67.35527,0.0,6.4,0.391
2024-12-14 09:00:00+00:00,7.45,56.05958,0.0,7.45,0.39
2024-12-14 10:00:00+00:00,8.25,52.319424,0.0,8.45,0.388
2024-12-14 11:00:00+00:00,8.75,52.076027,0.0,9.25,0.387
2024-12-14 12:00:00+00:00,9.0,52.716118,0.0,9.7,0.386
2024-12-14 13:00:00+00:00,9.6,53.07083,0.0,9.8,0.383
2024-12-14 14:00:00+00:00,8.95,57.06576,0.0,9.35,0.383
2024-12-14 15:00:00+00:00,6.85,67.748726,0.0,8.55,0.383
2024-12-14 16:00:00+00:00,6.05,73.40091,0.0,7.85,0.383
2024-12-14 17:00:00+00:00,6.1,72.886765,0.0,7.5,0.383
2024-12-14 18:00:00+00:00,5.35,73.80067,0.0,7.1,0.382
2024-12-14 19:00:00+00:00,5.3,71.954506,0.0,6.85,0.382
2024-12-14 20:00:00+00:00,5.8,71.02193,0.0,6.75,0.382
2024-12-14 21:00:00+00:00,6.85,68.72711,0.0,6.85,0.382
2024-12-14 22:00:00+00:00,7.55,70.8597,0.0,7.1,0.381
2024-12-14 23:00:00+00:00,7.7,76.344185,0.0,7.25,0.381
2024-12-15 00:00:00+00:00,8.3,78.88374,2.1,7.4,0.408
2024-12-15 01:00:00+00:00,8.2,87.514404,2.4,7.25,0.428
2024-12-15 02:00:00+00:00,8.6,89.066956,0.1,7.5,0.423
2024-12-15 03:00:00+00:00,9.15,89.722244,0.0,7.8,0.42
2024-12-15 04:00:00+00:00,9.1,90.950294,0.0,8.05,0.418
2024-12-15 05:00:00+00:00,9.5,91.59743,0.0,8.25,0.416
2024-12-15 06:00:00+00:00,9.0,90.63383,6.6,8.3,0.43
2024-12-15 07:00:00+00:00,9.5,94.11382,5.9,8.6,0.43
2024-12-15 08:00:00+00:00,10.75,91.67666,4.2,9.25,0.43
2024-12-15 09:00:00+00:00,11.6,89.0111,0.5,10.05,0.427
2024-12-15 10:00:00+00:00,12.75,80.612656,0.0,10.95,0.424
2024-12-15 11:00:00+00:00,13.05,74.898544,0.0,11.45,0.421
2024-12-15 12:00:00+00:00,12.45,73.535446,0.0,11.55,0.419
2024-12-15 13:00:00+00:00,11.65,84.9285,0.1,10.9,0.426
2024-12-15 14:00:00+00:00,10.9,85.71189,0.0,10.7,0.424
2024-12-15 15:00:00+00:00,9.55,79.617325,0.0,10.05,0.421
2024-12-15 16:00:00+00:00,9.1,77.37664,0.0,9.6,0.419
2024-12-15 17:00:00+00:00,9.2,77.66136,0.0,9.35,0.418
2024-12-15 18:00:00+00:00,9.1,75.779755,0.0,9.25,0.416
2024-12-15 19:00:00+00:00,8.75,69.11994,0.0,9.05,0.415
2024-12-15 20:00:00+00:00,8.25,66.13915,0.0,8.8,0.413
2024-12-15 21:00:00+00:00,8.05,64.00481,0.0,8.65,0.412
2024-12-15 22:00:00+00:00,7.2,61.10226,0.0,8.4,0.411
2024-12-15 23:00:00+00:00,6.05,60.598392,0.0,8.0,0.41
2024-12-16 00:00:00+00:00,5.3,62.213696,0.0,7.5,0.409
2024-12-16 01:00:00+00:00,5.75,63.70127,0.0,7.9,0.415
2024-12-16 02:00:00+00:00,5.05,67.36126,0.0,7.35,0.414
2024-12-16 03:00:00+00:00,4.4,70.486885,0.0,6.85,0.413
2024-12-16 04:00:00+00:00,3.5,75.358986,0.0,6.35,0.412
2024-12-16 05:00:00+00:00,2.45,81.46851,0.0,5.85,0.411
2024-12-16 06:00:00+00:00,2.05,84.433754,0.0,5.4,0.41
2024-12-16 07:00:00+00:00,4.35,75.779884,0.0,5.8,0.409
2024-12-16 08:00:00+00:00,5.95,68.53865,0.0,6.75,0.408
2024-12-16 09:00:00+00:00,7.4,62.040714,0.0,7.9,0.406
2024-12-16 10:00:00+00:00,8.55,52.785088,0.0,8.85,0.405
2024-12-16 11:00:00+00:00,9.25,46.284813,0.0,9.6,0.403
2024-12-16 12:00:00+00:00,9.6,42.933876,0.0,9.95,0.402
2024-12-16 13:00:00+00:00,9.8,39.03684,0.0,10.3,0.399
2024-12-16 14:00:00+00:00,8.65,54.17313,0.0,9.75,0.399
2024-12-16 15:00:00+00:00,6.6,51.86328,0.0,8.45,0.399
2024-12-16 16:00:00+00:00,5.4,56.553978,0.0,7.4,0.399
2024-12-16 17:00:00+00:00,4.4,63.383602,0.0,6.7,0.398
2024-12-16 18:00:00+00:00,4.55,60.002647,0.0,6.3,0.398
2024-12-16 19:00:00+00:00,4.15,63.793552,0.0,6.0,0.397
2024-12-16 20:00:00+00:00,4.15,63.558575,0.0,5.8,0.397
2024-12-16 21:00:00+00:00,4.35,63.84052,0.0,5.65,0.397
2024-12-16 22:00:00+00:00,4.6,65.802795,0.0,5.55,0.396
2024-12-16 23:00:00+00:00,4.7,69.52888,0.0,5.5,0.396
2024-12-17 00:00:00+00:00,4.55,73.38831,0.0,5.4,0.396
2024-12-17 01:00:00+00:00,4.65,73.93954,0.0,5.0,0.396
2024-12-17 02:00:00+00:00,4.7,79.46577,0.0,5.05,0.395
2024-12-17 03:00:00+00:00,4.85,83.559975,0.0,5.1,0.395
2024-12-17 04:00:00+00:00,5.15,86.6108,0.0,5.2,0.395
2024-12-17 05:00:00+00:00,5.4,86.94209,0.0,5.3,0.394
2024-12-17 06:00:00+00:00,5.9,83.98277,0.0,5.4,0.394
2024-12-17 07:00:00+00:00,8.2,73.53321,0.0,6.05,0.394
2024-12-17 08:00:00+00:00,10.6,66.419136,0.0,7.2,0.393
2024-12-17 09:00:00+00:00,12.5,61.295067,0.0,8.5,0.392
2024-12-17 10:00:00+00:00,13.65,58.056705,0.0,9.7,0.39
2024-12-17 11:00:00+00:00,14.25,58.206345,0.0,10.6,0.389
2024-12-17 12:00:00+00:00,14.25,58.609097,0.0,11.15,0.388
2024-12-17 13:00:00+00:00,13.55,63.915833,0.0,11.1,0.381
2024-12-17 14:00:00+00:00,12.1,68.37177,0.0,10.8,0.38
2024-12-17 15:00:00+00:00,10.4,74.44088,0.0,10.1,0.38
2024-12-17 16:00:00+00:00,9.6,79.07738,0.0,9.5,0.38
2024-12-17 17:00:00+00:00,9.15,82.07036,0.0,9.0,0.38
2024-12-17 18:00:00+00:00,8.8,84.61173,0.0,8.7,0.38
2024-12-17 19:00:00+00:00,8.5,87.24181,0.0,8.4,0.38
2024-12-17 20:00:00+00:00,8.15,89.33667,0.0,8.15,0.38
2024-12-17 21:00:00+00:00,7.9,90.55532,0.0,7.95,0.38
2024-12-17 22:00:00+00:00,7.6,91.160194,0.0,7.75,0.38
2024-12-17 23:00:00+00:00,7.35,91.77471,0.0,7.6,0.38
2024-12-18 00:00:00+00:00,6.55,92.36306,0.0,7.3,0.38
2024-12-18 01:00:00+00:00,6.45,93.648026,0.0,6.85,0.383
2024-12-18 02:00:00+00:00,6.8,93.98961,0.0,6.8,0.383
2024-12-18 03:00:00+00:00,6.65,95.29141,0.0,6.8,0.383
2024-12-18 04:00:00+00:00,5.45,96.24823,0.0,6.5,0.383
2024-12-18 05:00:00+00:00,5.05,97.59019,0.0,5.95,0.383
2024-12-18 06:00:00+00:00,4.75,100.0,0.0,5.55,0.383
2024-12-18 07:00:00+00:00,6.45,98.63198,0.0,6.25,0.383
2024-12-18 08:00:00+00:00,8.8,91.240654,0.0,7.55,0.383
2024-12-18 09:00:00+00:00,10.95,78.46795,0.0,9.0,0.382
2024-12-18 10:00:00+00:00,12.75,66.42338,0.0,10.4,0.381
2024-12-18 11:00:00+00:00,13.9,60.78502,0.0,11.5,0.38
2024-12-18 12:00:00+00:00,14.5,58.068214,0.0,12.25,0.379
2024-12-18 13:00:00+00:00,15.0,61.88473,0.0,12.1,0.378
2024-12-18 14:00:00+00:00,13.55,70.08272,0.0,11.75,0.378
2024-12-18 15:00:00+00:00,11.2,74.32486,0.0,10.45,0.378
2024-12-18 16:00:00+00:00,9.1,84.06571,0.0,9.35,0.378
2024-12-18 17:00:00+00:00,7.55,90.843,0.0,8.55,0.378
2024-12-18 18:00:00+00:00,6.85,93.3445,0.0,8.0,0.378
2024-12-18 19:00:00+00:00,6.55,94.63081,0.0,7.6,0.378
2024-12-18 20:00:00+00:00,6.7,96.617645,0.0,7.15,0.378
2024-12-18 21:00:00+00:00,6.6,99.314735,0.0,6.7,0.378
2024-12-18 22:00:00+00:00,6.25,100.0,0.0,6.35,0.378
2024-12-18 23:00:00+00:00,5.7,100.0,0.0,6.1,0.378
2024-12-19 00:00:00+00:00,5.55,100.0,0.0,6.2,0.378
2024-12-19 01:00:00+00:00,4.7,100.0,0.0,4.95,0.377
2024-12-19 02:00:00+00:00,3.85,100.0,0.0,4.85,0.377
2024-12-19 03:00:00+00:00,3.6,100.0,0.0,4.85,0.377
2024-12-19 04:00:00+00:00,3.0,100.0,0.0,4.75,0.377
2024-12-19 05:00:00+00:00,3.05,99.6469,0.0,4.9,0.377
2024-12-19 06:00:00+00:00,2.8,99.64618,0.0,4.9,0.376
2024-12-19 07:00:00+00:00,3.9,97.56795,0.0,5.25,0.376
2024-12-19 08:00:00+00:00,5.15,97.25234,0.0,6.05,0.376
2024-12-19 09:00:00+00:00,6.7,91.73356,0.0,7.15,0.376
2024-12-19 10:00:00+00:00,8.85,85.201706,0.0,8.35,0.375
2024-12-19 11:00:00+00:00,10.45,79.47436,0.0,9.5,0.375
2024-12-19 12:00:00+00:00,11.4,75.90222,0.0,10.2,0.374
2024-12-19 13:00:00+00:00,12.4,75.29702,0.0,10.4,0.382
2024-12-19 14:00:00+00:00,11.5,82.6497,0.0,10.3,0.381
2024-12-19 15:00:00+00:00,9.25,84.66239,0.0,9.25,0.381
2024-12-19 16:00:00+00:00,8.25,86.91789,0.0,8.45,0.381
2024-12-19 17:00:00+00:00,8.15,90.2627,0.0,8.0,0.381
2024-12-19 18:00:00+00:00,7.95,94.043,0.0,7.8,0.381
2024-12-19 19:00:00+00:00,7.7,95.65696,0.0,7.65,0.38
2024-12-19 20:00:00+00:00,7.8,97.30936,0.0,7.7,0.38
2024-12-19 21:00:00+00:00,7.85,97.976746,0.0,7.75,0.38
2024-12-19 22:00:00+00:00,7.8,99.66011,0.0,7.8,0.38
2024-12-19 23:00:00+00:00,7.95,100.0,0.0,7.9,0.38
2024-12-20 00:00:00+00:00,8.1,100.0,0.0,7.95,0.38
2024-12-20 01:00:00+00:00,7.5,100.0,0.0,7.05,0.377
2024-12-20 02:00:00+00:00,7.8,100.0,0.0,7.4,0.377
2024-12-20 03:00:00+00:00,7.9,100.0,0.0,7.65,0.378
2024-12-20 04:00:00+00:00,8.3,100.0,0.0,7.9,0.378
2024-12-20 05:00:00+00:00,8.8,99.32661,0.0,8.15,0.378
2024-12-20 06:00:00+00:00,8.75,97.659706,0.0,8.2,0.378
2024-12-20 07:00:00+00:00,10.65,93.222946,0.0,8.7,0.378
2024-12-20 08:00:00+00:00,12.95,85.3537,0.0,9.6,0.378
2024-12-20 09:00:00+00:00,14.35,76.63993,0.0,10.5,0.377
2024-12-20 10:00:00+00:00,15.35,71.38112,0.0,11.4,0.376
2024-12-20 11:00:00+00:00,15.75,67.73814,0.0,12.1,0.375
2024-12-20 12:00:00+00:00,15.6,68.85115,0.0,12.45,0.374
2024-12-20 13:00:00+00:00,15.4,71.8686,0.0,12.4,0.368
2024-12-20 14:00:00+00:00,14.15,80.26754,0.0,12.25,0.367
2024-12-20 15:00:00+00:00,12.85,87.35492,0.0,11.75,0.367
2024-12-20 16:00:00+00:00,11.85,91.13614,0.0,11.25,0.367
2024-12-20 17:00:00+00:00,11.1,92.6244,0.0,10.8,0.367
2024-12-20 18:00:00+00:00,10.45,93.84102,0.0,10.35,0.367
2024-12-20 19:00:00+00:00,9.95,94.77057,0.0,9.95,0.367
2024-12-20 20:00:00+00:00,9.8,94.76453,0.0,9.7,0.367
2024-12-20 21:00:00+00:00,10.05,93.5065,0.0,9.55,0.367
2024-12-20 22:00:00+00:00,10.25,93.83158,0.0,9.55,0.367
2024-12-20 23:00:00+00:00,10.05,95.09398,0.0,9.55,0.367
2024-12-21 00:00:00+00:00,9.6,95.0769,0.0,9.25,0.367
2024-12-21 01:00:00+00:00,9.85,92.55393,0.4,9.55,0.374
2024-12-21 02:00:00+00:00,9.95,91.62608,0.4,9.2,0.378
2024-12-21 03:00:00+00:00,9.7,94.12288,0.0,8.85,0.378
2024-12-21 04:00:00+00:00,9.15,95.382256,0.5,8.7,0.384
2024-12-21 05:00:00+00:00,9.85,95.0864,0.4,9.1,0.387
2024-12-21 06:00:00+00:00,9.5,94.75238,0.4,9.15,0.391
2024-12-21 07:00:00+00:00,10.05,94.456154,0.8,9.4,0.4
2024-12-21 08:00:00+00:00,11.4,91.106125,0.1,10.0,0.398
2024-12-21 09:00:00+00:00,13.15,84.52695,0.2,10.9,0.397
2024-12-21 10:00:00+00:00,12.25,89.958176,0.3,11.4,0.398
2024-12-21 11:00:00+00:00,12.75,83.3603,0.0,11.85,0.395
2024-12-21 12:00:00+00:00,11.15,80.94065,0.1,11.9,0.393
2024-12-21 13:00:00+00:00,12.85,69.46903,0.0,12.4,0.411
2024-12-21 14:00:00+00:00,11.15,80.39214,0.0,11.95,0.407
2024-12-21 15:00:00+00:00,8.65,89.07107,0.1,11.15,0.404
2024-12-21 16:00:00+00:00,8.2,86.315285,0.0,10.5,0.402
2024-12-21 17:00:00+00:00,7.85,89.31249,0.0,10.0,0.399
2024-12-21 18:00:00+00:00,7.05,84.11807,0.0,9.6,0.398
2024-12-21 19:00:00+00:00,6.5,80.29527,0.0,9.2,0.396
2024-12-21 20:00:00+00:00,6.25,78.29518,0.0,8.9,0.395
2024-12-21 21:00:00+00:00,5.9,78.240906,0.0,8.55,0.394
2024-12-21 22:00:00+00:00,5.8,75.21607,0.0,8.3,0.393
2024-12-21 23:00:00+00:00,5.7,71.77286,0.0,8.1,0.392
2024-12-22 00:00:00+00:00,5.65,70.48249,0.0,7.9,0.391
2024-12-22 01:00:00+00:00,5.75,71.78252,0.0,7.65,0.399
2024-12-22 02:00:00+00:00,5.6,73.58164,0.0,7.55,0.398
2024-12-22 03:00:00+00:00,5.15,77.013145,0.0,7.35,0.397
2024-12-22 04:00:00+00:00,3.95,84.050064,0.0,6.9,0.396
2024-12-22 05:00:00+00:00,4.3,82.01246,0.0,6.8,0.395
2024-12-22 06:00:00+00:00,3.6,86.763336,0.0,6.5,0.394
2024-12-22 07:00:00+00:00,4.55,82.04548,0.0,6.7,0.393
2024-12-22 08:00:00+00:00,6.05,74.45788,0.0,7.45,0.392
2024-12-22 09:00:00+00:00,7.3,67.12057,0.0,8.45,0.391
2024-12-22 10:00:00+00:00,8.2,62.90436,0.0,9.55,0.39
2024-12-22 11:00:00+00:00,8.95,59.365124,0.0,10.3,0.388
2024-12-22 12:00:00+00:00,9.6,56.82471,0.0,10.7,0.387
2024-12-22 13:00:00+00:00,9.65,58.487015,0.0,10.15,0.396
2024-12-22 14:00:00+00:00,8.85,63.281784,0.0,9.75,0.395
2024-12-22 15:00:00+00:00,6.6,74.02693,0.0,8.9,0.394
2024-12-22 16:00:00+00:00,6.05,77.43435,0.0,8.1,0.393
2024-12-22 17:00:00+00:00,5.35,81.27951,0.0,7.5,0.393
2024-12-22 18:00:00+00:00,4.75,82.659424,0.0,6.95,0.392
2024-12-22 19:00:00+00:00,4.75,81.48794,0.0,6.55,0.392
2024-12-22 20:00:00+00:00,4.7,84.73975,0.0,6.25,0.391
2024-12-22 21:00:00+00:00,4.9,85.36637,0.0,6.05,0.391
2024-12-22 22:00:00+00:00,5.2,83.011086,0.0,5.95,0.391
2024-12-22 23:00:00+00:00,5.8,81.340775,0.0,6.0,0.39
2024-12-23 00:00:00+00:00,6.05,83.41061,0.0,6.05,0.39
2024-12-23 01:00:00+00:00,5.6,87.88458,0.0,5.55,0.388
2024-12-23 02:00:00+00:00,5.55,90.384315,0.0,5.65,0.388
2024-12-23 03:00:00+00:00,5.65,90.70889,0.0,5.7,0.388
2024-12-23 04:00:00+00:00,5.85,91.67928,0.0,5.75,0.387
2024-12-23 05:00:00+00:00,6.2,92.34239,0.0,5.9,0.387
2024-12-23 06:00:00+00:00,6.55,91.724014,0.0,6.05,0.387
2024-12-23 07:00:00+00:00,8.2,85.72119,0.0,6.55,0.387
2024-12-23 08:00:00+00:00,9.9,79.1217,0.1,7.45,0.387
2024-12-23 09:00:00+00:00,11.05,70.80017,0.0,8.4,0.386
2024-12-23 10:00:00+00:00,12.05,67.4259,0.0,9.3,0.385
2024-12-23 11:00:00+00:00,12.55,64.57513,0.0,9.95,0.384
2024-12-23 12:00:00+00:00,12.95,61.18986,0.0,10.45,0.383
2024-12-23 13:00:00+00:00,12.65,64.153244,0.0,10.55,0.393
2024-12-23 14:00:00+00:00,11.95,69.050385,0.0,10.4,0.392
2024-12-23 15:00:00+00:00,11.2,67.9496,0.0,10.0,0.391
2024-12-23 16:00:00+00:00,10.1,72.103325,0.0,9.5,0.39
2024-12-23 17:00:00+00:00,9.45,74.53272,0.0,9.1,0.389
2024-12-23 18:00:00+00:00,9.7,71.52758,0.0,8.85,0.389
2024-12-23 19:00:00+00:00,10.45,67.3209,0.0,8.85,0.388
2024-12-23 20:00:00+00:00,10.9,67.41638,0.0,9.0,0.387
2024-12-23 21:00:00+00:00,10.3,78.10083,2.4,9.0,0.415
2024-12-23 22:00:00+00:00,9.6,87.94314,0.6,8.9,0.416
2024-12-23 23:00:00+00:00,9.75,88.55695,1.3,8.9,0.426
2024-12-24 00:00:00+00:00,9.9,88.56976,1.4,8.95,0.424
2024-12-24 01:00:00+00:00,11.1,82.32006,1.0,9.9,0.412
2024-12-24 02:00:00+00:00,10.15,88.89175,1.2,9.65,0.421
2024-12-24 03:00:00+00:00,9.9,89.1731,1.5,9.45,0.426
2024-12-24 04:00:00+00:00,9.75,90.3798,1.0,9.3,0.425
2024-12-24 05:00:00+00:00,10.05,91.01514,1.2,9.3,0.424
2024-12-24 06:00:00+00:00,9.85,92.55393,0.7,9.3,0.425
2024-12-24 07:00:00+00:00,10.1,92.25633,1.4,9.35,0.43
2024-12-24 08:00:00+00:00,11.3,88.39089,1.1,9.85,0.425
2024-12-24 09:00:00+00:00,12.65,79.25453,0.0,10.45,0.421
2024-12-24 10:00:00+00:00,12.85,75.37277,0.0,10.9,0.418
2024-12-24 11:00:00+00:00,13.35,73.446884,0.0,11.3,0.415
2024-12-24 12:00:00+00:00,13.4,73.95362,0.0,11.55,0.414
2024-12-24 13:00:00+00:00,12.95,77.975784,0.1,11.3,0.408
2024-12-24 14:00:00+00:00,12.0,83.55111,0.0,11.15,0.406
2024-12-24 15:00:00+00:00,9.95,92.247505,0.0,10.5,0.405
2024-12-24 16:00:00+00:00,9.7,94.12288,0.0,10.1,0.404
2024-12-24 17:00:00+00:00,9.1,95.057816,0.0,9.7,0.403
2024-12-24 18:00:00+00:00,8.9,94.728,0.3,9.4,0.405
2024-12-24 19:00:00+00:00,8.65,94.39598,0.1,9.1,0.404
2024-12-24 20:00:00+00:00,8.6,94.71574,0.0,8.95,0.403
2024-12-24 21:00:00+00:00,8.4,96.006935,0.0,8.85,0.402
2024-12-24 22:00:00+00:00,8.35,97.32095,0.3,8.8,0.405
2024-12-24 23:00:00+00:00,8.25,97.318855,0.7,8.75,0.413
2024-12-25 00:00:00+00:00,8.4,97.32202,2.3,8.8,0.429
2024-12-25 01:00:00+00:00,9.1,96.02864,0.3,9.55,0.422
2024-12-25 02:00:00+00:00,9.1,96.35417,0.4,9.4,0.421
2024-12-25 03:00:00+00:00,9.1,96.680695,0.3,9.3,0.421
2024-12-25 04:00:00+00:00,8.85,97.33145,0.2,9.2,0.42
2024-12-25 05:00:00+00:00,8.5,97.98709,0.2,9.1,0.418
2024-12-25 06:00:00+00:00,8.35,97.652336,0.0,8.95,0.416
2024-12-25 07:00:00+00:00,8.55,94.070564,0.2,9.0,0.417
2024-12-25 08:00:00+00:00,8.45,96.33565,0.8,9.0,0.423
2024-12-25 09:00:00+00:00,9.6,91.603806,0.0,9.2,0.419
2024-12-25 10:00:00+00:00,10.75,89.24169,0.0,9.7,0.416
2024-12-25 11:00:00+00:00,10.6,90.13695,0.1,9.95,0.415
2024-12-25 12:00:00+00:00,10.45,87.721725,0.2,10.1,0.415
2024-12-25 13:00:00+00:00,9.0,92.82068,0.6,10.15,0.426
2024-12-25 14:00:00+00:00,8.15,89.64441,0.3,9.45,0.424
2024-12-25 15:00:00+00:00,7.65,88.68145,0.1,9.0,0.422
2024-12-25 16:00:00+00:00,7.05,93.67754,0.8,8.55,0.427
2024-12-25 17:00:00+00:00,7.9,89.31651,0.2,8.35,0.423
2024-12-25 18:00:00+00:00,8.05,87.19893,0.1,8.3,0.421
2024-12-25 19:00:00+00:00,7.55,91.787315,1.7,8.2,0.43
2024-12-25 20:00:00+00:00,7.25,92.72349,1.2,8.05,0.429
2024-12-25 21:00:00+00:00,7.05,93.03303,1.0,7.9,0.429
2024-12-25 22:00:00+00:00,7.3,89.26794,0.2,7.8,0.426
2024-12-25 23:00:00+00:00,7.45,86.53876,0.2,7.8,0.424
2024-12-26 00:00:00+00:00,7.2,91.4487,0.8,7.7,0.428
2024-12-26 01:00:00+00:00,8.25,80.54178,0.0,8.45,0.425
2024-12-26 02:00:00+00:00,7.9,88.397255,1.0,8.3,0.429
2024-12-26 03:00:00+00:00,7.75,88.68998,0.9,8.1,0.428
2024-12-26 04:00:00+00:00,8.0,83.6463,0.3,7.95,0.426
2024-12-26 05:00:00+00:00,8.45,76.46798,0.0,8.0,0.423
2024-12-26 06:00:00+00:00,8.25,75.636314,0.0,8.1,0.421
2024-12-26 07:00:00+00:00,7.95,75.85129,0.0,8.2,0.419
2024-12-26 08:00:00+00:00,7.5,78.48745,0.2,8.2,0.419
2024-12-26 09:00:00+00:00,7.3,77.36052,0.1,8.15,0.418
2024-12-26 10:00:00+00:00,6.45,76.40661,0.0,8.15,0.416
2024-12-26 11:00:00+00:00,5.75,82.20277,0.2,7.9,0.416
2024-12-26 12:00:00+00:00,6.1,78.27194,0.1,7.85,0.415
2024-12-26 13:00:00+00:00,5.55,82.17669,0.0,7.35,0.42
2024-12-26 14:00:00+00:00,5.7,78.7686,0.0,7.3,0.418
2024-12-26 15:00:00+00:00,5.6,78.75338,0.0,7.2,0.416
2024-12-26 16:00:00+00:00,5.6,77.08648,0.0,7.1,0.415
2024-12-26 17:00:00+00:00,5.2,77.02132,0.0,7.0,0.414
2024-12-26 18:00:00+00:00,4.5,79.15141,0.0,6.8,0.412
2024-12-26 19:00:00+00:00,4.05,80.5199,0.0,6.55,0.412
2024-12-26 20:00:00+00:00,4.2,77.4141,0.0,6.35,0.411
2024-12-26 21:00:00+00:00,4.0,76.5468,0.0,6.2,0.41
2024-12-26 22:00:00+00:00,3.3,78.68377,0.0,6.0,0.41
2024-12-26 23:00:00+00:00,2.85,77.75968,0.0,5.75,0.409
2024-12-27 00:00:00+00:00,2.4,79.99121,0.0,5.45,0.408
2024-12-27 01:00:00+00:00,2.1,89.80038,0.3,5.45,0.415
2024-12-27 02:00:00+00:00,1.7,90.748276,0.4,4.8,0.416
2024-12-27 03:00:00+00:00,1.8,83.48658,0.0,4.4,0.414
2024-12-27 04:00:00+00:00,1.65,75.58983,0.0,4.3,0.413
2024-12-27 05:00:00+00:00,1.15,71.67225,0.0,4.25,0.411
2024-12-27 06:00:00+00:00,0.95,70.56939,0.0,4.1,0.41
2024-12-27 07:00:00+00:00,1.3,69.07476,0.0,4.15,0.409
2024-12-27 08:00:00+00:00,2.3,65.27976,0.0,4.55,0.408
2024-12-27 09:00:00+00:00,3.15,63.08617,0.0,5.05,0.406
2024-12-27 10:00:00+00:00,4.65,55.728676,0.0,5.7,0.405
2024-12-27 11:00:00+00:00,4.1,61.238403,0.0,5.9,0.404
2024-12-27 12:00:00+00:00,4.15,63.090927,0.0,6.0,0.403
2024-12-27 13:00:00+00:00,3.25,77.25993,0.2,5.7,0.403
2024-12-27 14:00:00+00:00,2.6,89.51749,0.3,5.1,0.405
2024-12-27 15:00:00+00:00,2.85,83.91855,0.0,4.75,0.403
2024-12-27 16:00:00+00:00,3.0,77.78371,0.0,4.55,0.402
2024-12-27 17:00:00+00:00,3.2,75.85788,0.0,4.55,0.401
2024-12-27 18:00:00+00:00,2.95,77.21094,0.0,4.5,0.4
2024-12-27 19:00:00+00:00,2.55,80.305084,0.1,4.35,0.4
2024-12-27 20:00:00+00:00,2.05,83.51746,0.1,4.1,0.4
2024-12-27 21:00:00+00:00,1.5,83.75499,0.0,3.75,0.4
2024-12-27 22:00:00+00:00,1.35,83.12586,0.0,3.5,0.399
2024-12-27 23:00:00+00:00,1.8,79.31927,0.0,3.5,0.398
2024-12-28 00:00:00+00:00,1.95,78.18676,0.0,3.55,0.397
2024-12-28 01:00:00+00:00,2.15,80.247215,0.0,3.75,0.397
2024-12-28 02:00:00+00:00,2.65,76.31995,0.0,3.85,0.396
2024-12-28 03:00:00+00:00,2.55,75.19256,0.0,3.85,0.395
2024-12-28 04:00:00+00:00,2.3,73.778595,0.0,3.85,0.395
2024-12-28 05:00:00+00:00,1.8,74.78346,0.0,3.75,0.394
2024-12-28 06:00:00+00:00,1.9,75.077774,0.0,3.7,0.393
2024-12-28 07:00:00+00:00,2.3,74.323875,0.0,3.8,0.393
2024-12-28 08:00:00+00:00,3.35,68.9945,0.0,4.15,0.392
2024-12-28 09:00:00+00:00,4.0,66.1525,0.0,4.55,0.391
2024-12-28 10:00:00+00:00,4.3,65.735176,0.0,4.9,0.39
2024-12-28 11:00:00+00:00,4.9,63.501686,0.0,5.25,0.389
2024-12-28 12:00:00+00:00,5.1,62.39413,0.0,5.55,0.388
2024-12-28 13:00:00+00:00,5.1,66.39763,0.0,5.8,0.376
2024-12-28 14:00:00+00:00,4.6,68.75269,0.0,5.65,0.375
2024-12-28 15:00:00+00:00,3.75,72.44292,0.0,5.3,0.375
2024-12-28 16:00:00+00:00,3.35,73.97131,0.0,4.95,0.375
2024-12-28 17:00:00+00:00,3.2,74.486336,0.0,4.7,0.375
2024-12-28 18:00:00+00:00,3.0,75.54711,0.0,4.55,0.375
2024-12-28 19:00:00+00:00,2.9,75.80633,0.0,4.4,0.375
2024-12-28 20:00:00+00:00,2.9,75.80633,0.0,4.3,0.375
2024-12-28 21:00:00+00:00,3.0,75.27159,0.0,4.25,0.374
2024-12-28 22:00:00+00:00,2.8,76.624756,0.0,4.15,0.374
2024-12-28 23:00:00+00:00,2.7,77.17,0.0,4.1,0.374
2024-12-29 00:00:00+00:00,2.4,78.83185,0.0,3.95,0.374
2024-12-29 01:00:00+00:00,2.55,77.428,0.0,3.95,0.372
2024-12-29 02:00:00+00:00,2.75,76.33685,0.0,4.0,0.372
2024-12-29 03:00:00+00:00,2.7,76.88856,0.0,4.0,0.372
2024-12-29 04:00:00+00:00,2.7,77.45235,0.0,4.0,0.372
2024-12-29 05:00:00+00:00,2.4,79.99121,0.1,3.85,0.372
2024-12-29 06:00:00+00:00,2.25,81.73836,0.2,3.65,0.373
2024-12-29 07:00:00+00:00,2.9,78.621956,0.0,3.75,0.373
2024-12-29 08:00:00+00:00,3.55,75.64233,0.0,4.15,0.373
2024-12-29 09:00:00+00:00,4.25,72.53819,0.0,4.65,0.373
2024-12-29 10:00:00+00:00,4.85,69.30744,0.0,5.1,0.372
2024-12-29 11:00:00+00:00,5.6,65.073456,0.0,5.55,0.372
2024-12-29 12:00:00+00:00,5.7,64.6243,0.0,5.85,0.371
2024-12-29 13:00:00+00:00,5.6,67.480316,0.0,6.0,0.37
2024-12-29 14:00:00+00:00,5.25,68.14321,0.0,5.9,0.369
2024-12-29 15:00:00+00:00,4.35,72.5572,0.0,5.55,0.369
2024-12-29 16:00:00+00:00,3.35,77.27623,0.0,5.0,0.369
2024-12-29 17:00:00+00:00,2.75,79.75178,0.0,4.5,0.369
2024-12-29 18:00:00+00:00,2.25,82.63588,0.0,4.1,0.369
2024-12-29 19:00:00+00:00,2.65,80.61217,0.0,3.95,0.369
2024-12-29 20:00:00+00:00,2.7,80.912796,0.0,3.8,0.369
2024-12-29 21:00:00+00:00,2.9,81.23491,0.0,3.8,0.369
2024-12-29 22:00:00+00:00,3.05,81.84603,0.0,3.8,0.368
2024-12-29 23:00:00+00:00,2.7,84.509636,0.0,3.7,0.368
2024-12-30 00:00:00+00:00,1.75,90.42443,0.0,3.45,0.368
2024-12-30 01:00:00+00:00,1.5,90.405754,0.0,3.25,0.369
2024-12-30 02:00:00+00:00,1.45,91.7211,0.0,3.1,0.368
2024-12-30 03:00:00+00:00,1.0,93.032455,0.0,2.9,0.368
2024-12-30 04:00:00+00:00,0.65,94.03273,0.0,2.7,0.368
2024-12-30 05:00:00+00:00,-0.1,95.03244,0.0,2.35,0.368
2024-12-30 06:00:00+00:00,-0.8,96.76251,0.0,1.9,0.368
2024-12-30 07:00:00+00:00,1.45,91.7211,0.0,2.35,0.368
2024-12-30 08:00:00+00:00,3.95,81.672134,0.0,3.5,0.368
2024-12-30 09:00:00+00:00,5.85,71.80183,0.0,4.9,0.367
2024-12-30 10:00:00+00:00,7.05,66.58697,0.0,6.15,0.366
2024-12-30 11:00:00+00:00,7.9,62.833683,0.0,7.05,0.365
2024-12-30 12:00:00+00:00,8.25,61.357403,0.0,7.6,0.364
2024-12-30 13:00:00+00:00,7.7,65.31316,0.0,7.55,0.379
2024-12-30 14:00:00+00:00,6.9,70.98421,0.0,7.3,0.379
2024-12-30 15:00:00+00:00,4.45,80.00079,0.0,6.15,0.378
2024-12-30 16:00:00+00:00,3.55,82.80268,0.0,5.1,0.378
2024-12-30 17:00:00+00:00,2.5,86.0285,0.0,4.3,0.378
2024-12-30 18:00:00+00:00,1.85,87.2168,0.0,3.7,0.377
2024-12-30 19:00:00+00:00,0.85,90.686615,0.0,3.2,0.377
2024-12-30 20:00:00+00:00,0.25,91.978004,0.0,2.75,0.377
2024-12-30 21:00:00+00:00,0.0,92.29931,0.0,2.35,0.376
2024-12-30 22:00:00+00:00,-0.25,92.962975,0.0,2.05,0.376
2024-12-30 23:00:00+00:00,-0.5,93.63363,0.0,1.75,0.376
2024-12-31 00:00:00+00:00,-0.55,92.94615,0.0,1.5,0.376
2024-12-31 01:00:00+00:00,0.15,89.31633,0.0,1.45,0.374
2024-12-31 02:00:00+00:00,0.0,88.97638,0.0,1.25,0.374
2024-12-31 03:00:00+00:00,-0.4,90.92864,0.0,1.05,0.374
2024-12-31 04:00:00+00:00,-1.1,94.99228,0.0,0.95,0.374
2024-12-31 05:00:00+00:00,-1.45,97.46036,0.0,0.9,0.373
2024-12-31 06:00:00+00:00,-1.35,97.46243,0.0,0.85,0.373
2024-12-31 07:00:00+00:00,0.25,95.39286,0.0,1.05,0.373
2024-12-31 08:00:00+00:00,2.85,88.26099,0.0,2.35,0.373
2024-12-31 09:00:00+00:00,5.35,79.2788,0.0,4.0,0.372
2024-12-31 10:00:00+00:00,7.3,71.31576,0.0,5.6,0.371
2024-12-31 11:00:00+00:00,8.55,66.91348,0.0,6.9,0.37
2024-12-31 12:00:00+00:00,9.2,64.95505,0.0,7.8,0.369
2024-12-31 13:00:00+00:00,9.2,66.81753,0.0,7.85,0.371
2024-12-31 14:00:00+00:00,8.15,78.03947,0.0,7.6,0.37
2024-12-31 15:00:00+00:00,5.55,81.30678,0.0,6.4,0.37
2024-12-31 16:00:00+00:00,4.45,85.31702,0.0,5.25,0.37
2024-12-31 17:00:00+00:00,3.4,88.94413,0.0,4.4,0.37
2024-12-31 18:00:00+00:00,2.45,91.78573,0.0,3.7,0.37
2024-12-31 19:00:00+00:00,1.9,92.74737,0.0,3.15,0.369
2024-12-31 20:00:00+00:00,1.9,91.750275,0.0,2.7,0.369
