DATETIME,AIR_TEMP,AIR_HUMIDITY,PRECIP,SOIL_TEMP_0_7,SOIL_MOISTURE_0_7
2022-12-31 21:00:00+00:00,-0.65,26.818504,0.0,-0.65,0.399
2022-12-31 22:00:00+00:00,-1.05,29.777634,0.0,-0.7,0.399
2022-12-31 23:00:00+00:00,-1.25,31.633467,0.0,-0.75,0.399
2023-01-01 00:00:00+00:00,-3.15,40.194427,0.0,-2.05,0.399
2023-01-01 01:00:00+00:00,-4.2,44.016125,0.0,-2.1,0.399
2023-01-01 02:00:00+00:00,-5.1,46.528633,0.0,-2.15,0.399
2023-01-01 03:00:00+00:00,-5.75,48.08269,0.0,-2.25,0.399
2023-01-01 04:00:00+00:00,-5.2,45.738304,0.0,-2.3,0.399
2023-01-01 05:00:00+00:00,-5.25,45.911846,0.0,-2.4,0.399
2023-01-01 06:00:00+00:00,-2.9,37.395027,0.0,-2.3,0.399
2023-01-01 07:00:00+00:00,-0.7,31.936098,0.0,-2.15,0.399
2023-01-01 08:00:00+00:00,1.25,26.27867,0.0,-1.9,0.399
2023-01-01 09:00:00+00:00,2.9,21.400574,0.0,-1.7,0.399
2023-01-01 10:00:00+00:00,4.1,19.419018,0.0,-1.5,0.399
2023-01-01 11:00:00+00:00,4.85,18.272669,0.0,-1.3,0.399
2023-01-01 12:00:00+00:00,4.9,21.423895,0.0,-0.7,0.399
2023-01-01 13:00:00+00:00,2.9,25.169802,0.0,-0.65,0.399
2023-01-01 14:00:00+00:00,1.15,27.70334,0.0,-0.65,0.399
2023-01-01 15:00:00+00:00,2.35,24.39336,0.0,-0.75,0.399
2023-01-01 16:00:00+00:00,1.85,23.945528,0.0,-0.8,0.399
2023-01-01 17:00:00+00:00,0.05,25.380821,0.0,-0.85,0.399
2023-01-01 18:00:00+00:00,0.5,23.652382,0.0,-0.9,0.399
2023-01-01 19:00:00+00:00,0.05,24.12704,0.0,-1.0,0.399
2023-01-01 20:00:00+00:00,-3.65,31.814453,0.0,-1.05,0.399
2023-01-01 21:00:00+00:00,-0.6,25.187397,0.0,-1.1,0.399
2023-01-01 22:00:00+00:00,-3.25,31.009752,0.0,-1.2,0.399
2023-01-01 23:00:00+00:00,-2.05,28.732481,0.0,-1.25,0.399
2023-01-02 00:00:00+00:00,-3.3,35.45397,0.0,-2.2,0.399
2023-01-02 01:00:00+00:00,-6.9,45.024162,0.0,-2.3,0.399
2023-01-02 02:00:00+00:00,-6.3,41.06119,0.0,-2.4,0.399
2023-01-02 03:00:00+00:00,-6.65,41.646816,0.0,-2.45,0.399
2023-01-02 04:00:00+00:00,-7.0,42.243435,0.0,-2.6,0.399
2023-01-02 05:00:00+00:00,-6.45,39.988773,0.0,-2.7,0.399
2023-01-02 06:00:00+00:00,-3.2,30.894482,0.0,-2.55,0.399
2023-01-02 07:00:00+00:00,-0.9,26.518227,0.0,-2.35,0.399
2023-01-02 08:00:00+00:00,1.45,21.263632,0.0,-2.05,0.398
2023-01-02 09:00:00+00:00,3.3,17.41391,0.0,-1.8,0.398
2023-01-02 10:00:00+00:00,4.65,15.175028,0.0,-1.6,0.398
2023-01-02 11:00:00+00:00,5.45,13.748631,0.0,-1.4,0.398
2023-01-02 12:00:00+00:00,4.65,17.615276,0.0,-0.95,0.398
2023-01-02 13:00:00+00:00,2.1,21.628117,0.0,-0.9,0.398
2023-01-02 14:00:00+00:00,1.75,21.2578,0.0,-0.9,0.398
2023-01-02 15:00:00+00:00,-0.6,23.034542,0.0,-0.95,0.398
2023-01-02 16:00:00+00:00,-1.65,24.348076,0.0,-1.05,0.398
2023-01-02 17:00:00+00:00,-2.7,27.695019,0.0,-1.1,0.398
2023-01-02 18:00:00+00:00,-2.25,27.247845,0.0,-1.15,0.398
2023-01-02 19:00:00+00:00,-3.2,29.486795,0.0,-1.2,0.398
2023-01-02 20:00:00+00:00,-2.95,28.698404,0.0,-1.25,0.398
2023-01-02 21:00:00+00:00,-3.25,28.973837,0.0,-1.3,0.398
2023-01-02 22:00:00+00:00,-2.8,27.782585,0.0,-1.35,0.398
2023-01-02 23:00:00+00:00,-3.75,29.693647,0.0,-1.4,0.398
2023-01-03 00:00:00+00:00,-2.6,26.567497,0.0,-3.3,0.398
2023-01-03 01:00:00+00:00,-5.15,32.020638,0.0,-3.7,0.398
2023-01-03 02:00:00+00:00,-4.75,30.67077,0.0,-3.95,0.398
2023-01-03 03:00:00+00:00,-5.45,32.06294,0.0,-4.2,0.398
2023-01-03 04:00:00+00:00,-4.5,29.333504,0.0,-4.35,0.398
2023-01-03 05:00:00+00:00,-6.1,32.973244,0.0,-4.35,0.398
2023-01-03 06:00:00+00:00,-2.35,24.560118,0.0,-3.2,0.398
2023-01-03 07:00:00+00:00,0.2,20.118294,0.0,-2.45,0.398
2023-01-03 08:00:00+00:00,2.35,17.390928,0.0,-2.15,0.398
2023-01-03 09:00:00+00:00,4.3,14.640932,0.0,-1.9,0.398
2023-01-03 10:00:00+00:00,5.8,12.851555,0.0,-1.65,0.398
2023-01-03 11:00:00+00:00,6.5,12.192764,0.0,-1.45,0.398
2023-01-03 12:00:00+00:00,6.55,17.959003,0.0,-0.9,0.398
2023-01-03 13:00:00+00:00,5.65,19.269415,0.0,-0.8,0.398
2023-01-03 14:00:00+00:00,4.7,21.279964,0.0,-0.85,0.398
2023-01-03 15:00:00+00:00,3.55,23.549183,0.0,-0.9,0.398
2023-01-03 16:00:00+00:00,3.3,24.266861,0.0,-0.95,0.398
2023-01-03 17:00:00+00:00,2.85,25.051529,0.0,-1.0,0.398
2023-01-03 18:00:00+00:00,2.65,24.889717,0.0,-1.05,0.398
2023-01-03 19:00:00+00:00,2.2,25.27675,0.0,-1.1,0.398
2023-01-03 20:00:00+00:00,1.9,25.293192,0.0,-1.15,0.398
2023-01-03 21:00:00+00:00,1.55,25.612806,0.0,-1.25,0.398
2023-01-03 22:00:00+00:00,1.2,25.937899,0.0,-1.3,0.398
2023-01-03 23:00:00+00:00,0.7,26.554047,0.0,-1.35,0.398
2023-01-04 00:00:00+00:00,-1.55,32.878845,0.0,-5.05,0.398
2023-01-04 01:00:00+00:00,-2.5,34.973347,0.0,-4.95,0.398
2023-01-04 02:00:00+00:00,-2.65,34.63687,0.0,-4.9,0.398
2023-01-04 03:00:00+00:00,-4.7,40.2063,0.0,-4.8,0.398
2023-01-04 04:00:00+00:00,-4.55,39.754368,0.0,-4.8,0.398
2023-01-04 05:00:00+00:00,-4.0,38.623936,0.0,-4.7,0.398
2023-01-04 06:00:00+00:00,-2.2,34.34835,0.0,-3.45,0.398
2023-01-04 07:00:00+00:00,0.35,29.347633,0.0,-2.5,0.398
2023-01-04 08:00:00+00:00,2.3,25.728445,0.0,-2.2,0.398
2023-01-04 09:00:00+00:00,4.0,22.910152,0.0,-1.9,0.398
2023-01-04 10:00:00+00:00,5.55,19.646719,0.0,-1.65,0.398
2023-01-04 11:00:00+00:00,6.85,16.594313,0.0,-1.45,0.398
2023-01-04 12:00:00+00:00,6.0,23.86391,0.0,-1.25,0.398
2023-01-04 13:00:00+00:00,4.8,26.147413,0.0,-1.15,0.398
2023-01-04 14:00:00+00:00,1.1,33.160576,0.0,-1.2,0.398
2023-01-04 15:00:00+00:00,1.35,30.765808,0.0,-1.25,0.398
2023-01-04 16:00:00+00:00,2.2,27.003256,0.0,-1.3,0.398
2023-01-04 17:00:00+00:00,1.6,26.492647,0.0,-1.35,0.398
2023-01-04 18:00:00+00:00,1.1,25.585995,0.0,-1.4,0.398
2023-01-04 19:00:00+00:00,0.75,24.128584,0.0,-1.5,0.398
2023-01-04 20:00:00+00:00,0.35,23.211937,0.0,-1.55,0.398
2023-01-04 21:00:00+00:00,0.05,23.223404,0.0,-1.6,0.398
2023-01-04 22:00:00+00:00,-0.15,22.388205,0.0,-1.65,0.398
2023-01-04 23:00:00+00:00,0.15,19.675224,0.0,-1.75,0.398
2023-01-05 00:00:00+00:00,-0.15,22.008482,0.0,-3.85,0.398
2023-01-05 01:00:00+00:00,-0.9,23.950018,0.0,-4.0,0.398
2023-01-05 02:00:00+00:00,-1.45,25.363113,0.0,-4.15,0.398
2023-01-05 03:00:00+00:00,-1.2,25.764088,0.0,-4.25,0.397
2023-01-05 04:00:00+00:00,-1.65,27.89853,0.0,-4.3,0.397
2023-01-05 05:00:00+00:00,-3.95,35.545467,0.0,-4.25,0.397
2023-01-05 06:00:00+00:00,-1.3,31.749594,0.0,-3.05,0.397
2023-01-05 07:00:00+00:00,1.15,30.081982,0.0,-2.45,0.397
2023-01-05 08:00:00+00:00,3.15,27.6231,0.0,-2.15,0.397
2023-01-05 09:00:00+00:00,4.7,25.907078,0.0,-1.85,0.397
2023-01-05 10:00:00+00:00,5.7,25.782005,0.0,-1.65,0.397
2023-01-05 11:00:00+00:00,6.25,25.735317,0.0,-1.45,0.397
2023-01-05 12:00:00+00:00,6.25,31.881638,0.0,-0.9,0.397
2023-01-05 13:00:00+00:00,4.05,38.18425,0.0,-0.85,0.397
2023-01-05 14:00:00+00:00,-0.6,53.873985,0.0,-0.85,0.397
2023-01-05 15:00:00+00:00,-1.5,57.765133,0.0,-0.9,0.397
2023-01-05 16:00:00+00:00,-0.35,54.15434,0.0,-0.95,0.397
2023-01-05 17:00:00+00:00,-1.2,58.75177,0.0,-1.0,0.397
2023-01-05 18:00:00+00:00,-1.25,59.65824,0.0,-1.05,0.397
2023-01-05 19:00:00+00:00,-1.05,58.79109,0.0,-1.1,0.397
2023-01-05 20:00:00+00:00,-1.2,58.75177,0.0,-1.15,0.397
2023-01-05 21:00:00+00:00,-1.05,57.884865,0.0,-1.2,0.397
2023-01-05 22:00:00+00:00,-0.75,55.53886,0.0,-1.25,0.397
2023-01-05 23:00:00+00:00,-1.3,56.260914,0.0,-1.3,0.397
2023-01-06 00:00:00+00:00,-2.6,54.59419,0.0,-2.0,0.397
2023-01-06 01:00:00+00:00,-3.75,59.47447,0.0,-2.1,0.397
2023-01-06 02:00:00+00:00,-3.0,59.202385,0.0,-2.15,0.397
2023-01-06 03:00:00+00:00,-3.15,63.747158,0.0,-2.2,0.397
2023-01-06 04:00:00+00:00,-3.25,67.56462,0.0,-2.3,0.397
2023-01-06 05:00:00+00:00,-3.4,71.58099,0.0,-2.35,0.397
2023-01-06 06:00:00+00:00,-1.3,62.001114,0.0,-2.3,0.397
2023-01-06 07:00:00+00:00,1.2,46.563004,0.0,-2.1,0.397
2023-01-06 08:00:00+00:00,3.25,40.238533,0.0,-1.9,0.397
2023-01-06 09:00:00+00:00,4.75,38.84787,0.0,-1.7,0.397
2023-01-06 10:00:00+00:00,5.8,40.54363,0.0,-1.5,0.397
2023-01-06 11:00:00+00:00,6.0,43.65184,0.0,-1.3,0.397
2023-01-06 12:00:00+00:00,4.85,44.99632,0.0,-1.1,0.397
2023-01-06 13:00:00+00:00,3.4,51.35295,0.0,-1.0,0.397
2023-01-06 14:00:00+00:00,0.35,64.82789,0.0,-1.05,0.397
2023-01-06 15:00:00+00:00,0.05,67.77557,0.0,-1.1,0.397
2023-01-06 16:00:00+00:00,-1.05,73.42778,0.0,-1.15,0.397
2023-01-06 17:00:00+00:00,-1.3,74.50168,0.0,-1.15,0.397
2023-01-06 18:00:00+00:00,-1.95,78.443825,0.0,-1.2,0.397
2023-01-06 19:00:00+00:00,-1.1,75.10385,0.0,-1.15,0.397
2023-01-06 20:00:00+00:00,-1.35,79.73041,0.0,-1.15,0.397
2023-01-06 21:00:00+00:00,-1.5,83.695724,0.1,-1.15,0.397
2023-01-06 22:00:00+00:00,-1.95,89.47264,0.1,-1.15,0.397
2023-01-06 23:00:00+00:00,-1.85,91.16272,0.1,-1.2,0.397
2023-01-07 00:00:00+00:00,-1.75,94.96592,0.0,0.35,0.397
2023-01-07 01:00:00+00:00,-1.3,95.334915,0.1,0.3,0.397
2023-01-07 02:00:00+00:00,-0.95,93.61067,0.1,0.3,0.397
2023-01-07 03:00:00+00:00,-0.85,94.30682,0.2,0.25,0.397
2023-01-07 04:00:00+00:00,-0.75,94.31139,0.3,0.25,0.396
2023-01-07 05:00:00+00:00,-0.6,93.97283,0.1,0.2,0.396
2023-01-07 06:00:00+00:00,0.0,89.96194,0.0,0.2,0.396
2023-01-07 07:00:00+00:00,0.55,87.40857,0.0,0.25,0.396
2023-01-07 08:00:00+00:00,2.15,78.793335,0.0,0.35,0.396
2023-01-07 09:00:00+00:00,3.55,69.036476,0.0,0.5,0.396
2023-01-07 10:00:00+00:00,4.0,61.8986,0.3,0.7,0.397
2023-01-07 11:00:00+00:00,4.65,55.936954,0.1,1.45,0.397
2023-01-07 12:00:00+00:00,4.1,57.270283,0.0,1.7,0.397
2023-01-07 13:00:00+00:00,3.45,58.1806,0.0,1.95,0.396
2023-01-07 14:00:00+00:00,-1.15,79.16352,0.0,1.05,0.396
2023-01-07 15:00:00+00:00,-1.7,79.97872,0.0,0.65,0.396
2023-01-07 16:00:00+00:00,-2.05,81.45042,0.0,0.45,0.396
2023-01-07 17:00:00+00:00,-3.05,83.18564,0.0,0.35,0.396
2023-01-07 18:00:00+00:00,-3.55,84.0767,0.0,0.25,0.396
2023-01-07 19:00:00+00:00,-3.8,83.08903,0.0,0.15,0.396
2023-01-07 20:00:00+00:00,-4.15,81.779686,0.0,0.05,0.396
2023-01-07 21:00:00+00:00,-4.65,81.08258,0.0,-0.05,0.396
2023-01-07 22:00:00+00:00,-4.95,80.41485,0.0,-0.15,0.396
2023-01-07 23:00:00+00:00,-5.05,78.85618,0.0,-0.2,0.396
2023-01-08 00:00:00+00:00,-3.45,66.47472,0.0,0.65,0.396
2023-01-08 01:00:00+00:00,-3.6,69.89359,0.0,0.45,0.396
2023-01-08 02:00:00+00:00,-3.55,70.723175,0.0,0.3,0.396
2023-01-08 03:00:00+00:00,-3.9,73.73364,0.0,0.15,0.396
2023-01-08 04:00:00+00:00,-4.05,75.438324,0.0,0.05,0.396
2023-01-08 05:00:00+00:00,-4.05,75.438324,0.0,-0.05,0.396
2023-01-08 06:00:00+00:00,-2.6,70.10379,0.0,-0.1,0.396
2023-01-08 07:00:00+00:00,-0.9,61.861523,0.0,0.0,0.395
2023-01-08 08:00:00+00:00,0.65,55.705673,0.0,0.1,0.395
2023-01-08 09:00:00+00:00,2.0,47.34875,0.0,0.25,0.394
2023-01-08 10:00:00+00:00,3.0,40.319824,0.0,0.45,0.394
2023-01-08 11:00:00+00:00,3.65,36.02236,0.0,0.75,0.393
2023-01-08 12:00:00+00:00,2.95,36.960457,0.0,0.75,0.393
2023-01-08 13:00:00+00:00,2.55,41.140205,0.0,0.85,0.392
2023-01-08 14:00:00+00:00,1.35,44.120663,0.0,0.65,0.392
2023-01-08 15:00:00+00:00,-2.7,60.69312,0.0,0.45,0.392
2023-01-08 16:00:00+00:00,-3.55,67.23471,0.0,0.3,0.392
2023-01-08 17:00:00+00:00,-4.35,77.75611,0.0,0.2,0.392
2023-01-08 18:00:00+00:00,-4.85,80.119156,0.0,0.1,0.392
2023-01-08 19:00:00+00:00,-4.8,75.30331,0.0,0.0,0.392
2023-01-08 20:00:00+00:00,-5.1,74.955765,0.0,-0.1,0.392
2023-01-08 21:00:00+00:00,-5.25,74.9283,0.0,-0.2,0.392
2023-01-08 22:00:00+00:00,-4.5,70.8024,0.0,-0.25,0.392
2023-01-08 23:00:00+00:00,-3.2,66.01544,0.0,-0.3,0.392
2023-01-09 00:00:00+00:00,-2.95,68.688545,0.0,0.6,0.392
2023-01-09 01:00:00+00:00,-3.5,76.41379,0.0,0.5,0.392
2023-01-09 02:00:00+00:00,-3.65,79.38022,0.0,0.4,0.392
2023-01-09 03:00:00+00:00,-3.4,78.51168,0.1,0.3,0.392
2023-01-09 04:00:00+00:00,-3.6,79.08416,0.0,0.2,0.392
2023-01-09 05:00:00+00:00,-3.6,77.87942,0.0,0.05,0.392
2023-01-09 06:00:00+00:00,-2.5,68.256996,0.0,0.05,0.392
2023-01-09 07:00:00+00:00,-0.9,59.980183,0.0,0.1,0.391
2023-01-09 08:00:00+00:00,0.25,54.955593,0.0,0.25,0.391
2023-01-09 09:00:00+00:00,1.25,50.73981,0.0,0.4,0.39
2023-01-09 10:00:00+00:00,2.0,46.25821,0.0,0.7,0.39
2023-01-09 11:00:00+00:00,2.45,42.751854,0.0,1.45,0.389
2023-01-09 12:00:00+00:00,1.3,48.069447,0.0,0.35,0.39
2023-01-09 13:00:00+00:00,1.0,48.92574,0.0,0.4,0.39
2023-01-09 14:00:00+00:00,-3.2,66.79155,0.0,0.3,0.39
2023-01-09 15:00:00+00:00,-3.8,65.10592,0.0,0.2,0.39
2023-01-09 16:00:00+00:00,-4.15,64.006645,0.0,0.1,0.39
2023-01-09 17:00:00+00:00,-4.75,63.10588,0.0,0.0,0.39
2023-01-09 18:00:00+00:00,-4.9,61.33651,0.0,-0.1,0.39
2023-01-09 19:00:00+00:00,-5.1,63.019306,0.0,-0.15,0.39
2023-01-09 20:00:00+00:00,-4.2,59.830017,0.0,-0.25,0.39
2023-01-09 21:00:00+00:00,-4.7,63.118225,0.0,-0.35,0.39
2023-01-09 22:00:00+00:00,-5.8,69.699425,0.0,-0.4,0.39
2023-01-09 23:00:00+00:00,-6.25,72.993866,0.0,-0.5,0.39
2023-01-10 00:00:00+00:00,-6.3,75.030106,0.0,-0.5,0.39
2023-01-10 01:00:00+00:00,-7.55,83.24752,0.0,-0.55,0.39
2023-01-10 02:00:00+00:00,-7.7,84.88432,0.0,-0.65,0.39
2023-01-10 03:00:00+00:00,-7.65,84.55678,0.0,-0.75,0.39
2023-01-10 04:00:00+00:00,-7.7,84.21829,0.0,-0.8,0.39
2023-01-10 05:00:00+00:00,-6.95,78.24262,0.0,-0.9,0.39
2023-01-10 06:00:00+00:00,-5.2,64.26028,0.0,-0.9,0.39
2023-01-10 07:00:00+00:00,-3.65,53.01121,0.0,-0.85,0.39
2023-01-10 08:00:00+00:00,-1.95,43.992794,0.0,-0.75,0.39
2023-01-10 09:00:00+00:00,-0.35,37.579838,0.0,-0.65,0.39
2023-01-10 10:00:00+00:00,1.1,32.89231,0.0,-0.5,0.389
2023-01-10 11:00:00+00:00,2.05,30.357151,0.0,-0.35,0.389
2023-01-10 12:00:00+00:00,1.1,36.830254,0.0,-0.15,0.389
2023-01-10 13:00:00+00:00,0.9,37.363888,0.0,-0.1,0.389
2023-01-10 14:00:00+00:00,0.1,39.58626,0.0,-0.15,0.389
2023-01-10 15:00:00+00:00,-1.5,43.777264,0.0,-0.25,0.389
2023-01-10 16:00:00+00:00,-4.25,54.34795,0.0,-0.35,0.389
2023-01-10 17:00:00+00:00,-4.45,56.741886,0.0,-0.4,0.389
2023-01-10 18:00:00+00:00,-5.2,60.52955,0.0,-0.5,0.389
2023-01-10 19:00:00+00:00,-5.6,61.896805,0.0,-0.6,0.389
2023-01-10 20:00:00+00:00,-5.5,59.968544,0.0,-0.65,0.389
2023-01-10 21:00:00+00:00,-5.4,58.097095,0.0,-0.75,0.389
2023-01-10 22:00:00+00:00,-6.35,60.71858,0.0,-0.8,0.389
2023-01-10 23:00:00+00:00,-5.9,57.031647,0.0,-0.9,0.389
2023-01-11 00:00:00+00:00,-7.15,61.2522,0.0,-2.1,0.389
2023-01-11 01:00:00+00:00,-7.5,62.927513,0.0,-2.2,0.389
2023-01-11 02:00:00+00:00,-8.05,65.39778,0.0,-2.3,0.389
2023-01-11 03:00:00+00:00,-8.05,65.13265,0.0,-2.4,0.389
2023-01-11 04:00:00+00:00,-7.75,63.37819,0.0,-2.5,0.389
2023-01-11 05:00:00+00:00,-7.8,63.365738,0.0,-2.6,0.389
2023-01-11 06:00:00+00:00,-5.25,51.913692,0.0,-2.5,0.389
2023-01-11 07:00:00+00:00,-3.35,45.929462,0.0,-2.35,0.389
2023-01-11 08:00:00+00:00,-1.25,39.969437,0.0,-2.1,0.389
2023-01-11 09:00:00+00:00,0.55,34.781776,0.0,-1.9,0.389
2023-01-11 10:00:00+00:00,1.95,30.45033,0.0,-1.65,0.389
2023-01-11 11:00:00+00:00,2.75,27.956554,0.0,-1.5,0.389
2023-01-11 12:00:00+00:00,1.4,35.757294,0.0,-0.55,0.389
2023-01-11 13:00:00+00:00,1.25,36.435593,0.0,-0.5,0.389
2023-01-11 14:00:00+00:00,0.05,39.412148,0.0,-0.5,0.389
2023-01-11 15:00:00+00:00,-3.95,53.352093,0.0,-0.6,0.389
2023-01-11 16:00:00+00:00,-3.25,51.24646,0.0,-0.65,0.389
2023-01-11 17:00:00+00:00,-3.45,51.188194,0.0,-0.75,0.389
2023-01-11 18:00:00+00:00,-4.3,51.146133,0.0,-0.8,0.389
2023-01-11 19:00:00+00:00,-4.95,49.928707,0.0,-0.9,0.389
2023-01-11 20:00:00+00:00,-5.0,47.719456,0.0,-0.95,0.389
2023-01-11 21:00:00+00:00,-5.65,49.92461,0.0,-1.0,0.389
2023-01-11 22:00:00+00:00,-5.85,52.59108,0.0,-1.1,0.389
2023-01-11 23:00:00+00:00,-6.05,55.393375,0.0,-1.15,0.389
2023-01-12 00:00:00+00:00,-6.55,65.49087,0.0,-1.55,0.389
2023-01-12 01:00:00+00:00,-7.5,72.45736,0.0,-1.6,0.389
2023-01-12 02:00:00+00:00,-7.95,75.62623,0.0,-1.65,0.389
2023-01-12 03:00:00+00:00,-7.75,73.57624,0.0,-1.75,0.389
2023-01-12 04:00:00+00:00,-7.95,74.12895,0.0,-1.8,0.389
2023-01-12 05:00:00+00:00,-7.05,68.60089,0.0,-1.9,0.389
2023-01-12 06:00:00+00:00,-4.9,58.231583,0.0,-1.85,0.388
2023-01-12 07:00:00+00:00,-3.1,49.27288,0.0,-1.75,0.388
2023-01-12 08:00:00+00:00,-1.1,40.66861,0.0,-1.65,0.388
2023-01-12 09:00:00+00:00,0.45,34.89204,0.0,-1.45,0.388
2023-01-12 10:00:00+00:00,2.1,30.745005,0.0,-1.3,0.388
2023-01-12 11:00:00+00:00,3.15,28.886578,0.0,-1.15,0.388
2023-01-12 12:00:00+00:00,1.45,39.37258,0.0,-1.25,0.388
2023-01-12 13:00:00+00:00,1.15,40.550163,0.0,-1.2,0.388
2023-01-12 14:00:00+00:00,0.3,42.601707,0.0,-1.2,0.388
2023-01-12 15:00:00+00:00,-1.8,49.0674,0.0,-1.25,0.388
2023-01-12 16:00:00+00:00,-2.35,50.29126,0.0,-1.3,0.388
2023-01-12 17:00:00+00:00,-4.25,56.119217,0.0,-1.35,0.388
2023-01-12 18:00:00+00:00,-4.5,55.15739,0.0,-1.4,0.388
2023-01-12 19:00:00+00:00,-4.75,54.64539,0.0,-1.45,0.388
2023-01-12 20:00:00+00:00,-4.75,53.338287,0.0,-1.5,0.388
2023-01-12 21:00:00+00:00,-4.55,51.906837,0.0,-1.55,0.388
2023-01-12 22:00:00+00:00,-4.05,49.790615,0.0,-1.6,0.388
2023-01-12 23:00:00+00:00,-4.0,49.20421,0.0,-1.6,0.388
2023-01-13 00:00:00+00:00,-5.25,55.169586,0.0,-1.85,0.388
2023-01-13 01:00:00+00:00,-6.35,59.504013,0.0,-1.9,0.388
2023-01-13 02:00:00+00:00,-6.1,57.20827,0.0,-1.95,0.388
2023-01-13 03:00:00+00:00,-5.5,53.774628,0.0,-2.0,0.388
2023-01-13 04:00:00+00:00,-6.65,57.523895,0.0,-2.05,0.388
2023-01-13 05:00:00+00:00,-6.2,54.678745,0.0,-2.1,0.388
2023-01-13 06:00:00+00:00,-3.7,45.08175,0.0,-2.1,0.388
2023-01-13 07:00:00+00:00,-1.85,40.931576,0.0,-1.95,0.388
2023-01-13 08:00:00+00:00,-0.1,36.754208,0.0,-1.8,0.388
2023-01-13 09:00:00+00:00,1.55,31.333603,0.0,-1.6,0.388
2023-01-13 10:00:00+00:00,2.7,26.931068,0.0,-1.45,0.388
2023-01-13 11:00:00+00:00,3.3,23.968021,0.0,-1.3,0.388
2023-01-13 12:00:00+00:00,1.9,34.91886,0.0,-1.3,0.388
2023-01-13 13:00:00+00:00,1.4,37.07127,0.0,-1.25,0.388
2023-01-13 14:00:00+00:00,0.05,41.35363,0.0,-1.25,0.388
2023-01-13 15:00:00+00:00,-4.15,56.823925,0.0,-1.3,0.388
2023-01-13 16:00:00+00:00,-3.9,58.498917,0.0,-1.35,0.388
2023-01-13 17:00:00+00:00,-3.45,60.025177,0.0,-1.4,0.388
2023-01-13 18:00:00+00:00,-4.35,69.19093,0.0,-1.45,0.388
2023-01-13 19:00:00+00:00,-3.95,73.154724,0.0,-1.5,0.388
2023-01-13 20:00:00+00:00,-2.75,71.43607,0.0,-1.5,0.388
2023-01-13 21:00:00+00:00,-2.0,70.498695,0.0,-1.55,0.388
2023-01-13 22:00:00+00:00,-2.1,72.1169,0.0,-1.55,0.388
2023-01-13 23:00:00+00:00,-2.6,74.54717,0.0,-1.55,0.388
2023-01-14 00:00:00+00:00,-2.8,66.623245,0.0,-1.0,0.388
2023-01-14 01:00:00+00:00,-2.9,67.38077,0.0,-1.0,0.388
2023-01-14 02:00:00+00:00,-2.65,66.14231,0.0,-1.0,0.388
2023-01-14 03:00:00+00:00,-2.95,67.36957,0.0,-1.05,0.388
2023-01-14 04:00:00+00:00,-2.6,68.76442,0.0,-1.05,0.388
2023-01-14 05:00:00+00:00,-2.7,68.74277,0.0,-1.05,0.388
2023-01-14 06:00:00+00:00,-2.0,63.284203,0.0,-1.05,0.388
2023-01-14 07:00:00+00:00,-0.7,51.57577,0.0,-1.0,0.388
2023-01-14 08:00:00+00:00,1.0,43.669086,0.0,-0.85,0.388
2023-01-14 09:00:00+00:00,2.6,40.355774,0.0,-0.75,0.388
2023-01-14 10:00:00+00:00,3.45,39.67467,0.0,-0.6,0.388
2023-01-14 11:00:00+00:00,3.55,41.768013,0.0,-0.45,0.388
2023-01-14 12:00:00+00:00,1.45,57.87729,0.0,-1.1,0.388
2023-01-14 13:00:00+00:00,1.45,58.319836,0.0,-1.05,0.388
2023-01-14 14:00:00+00:00,-0.5,67.912445,0.0,-1.05,0.388
2023-01-14 15:00:00+00:00,-1.15,72.57854,0.0,-1.05,0.388
2023-01-14 16:00:00+00:00,-1.65,77.02166,0.0,-1.05,0.388
2023-01-14 17:00:00+00:00,-1.8,79.66257,0.0,-1.05,0.388
2023-01-14 18:00:00+00:00,-2.45,83.57734,0.0,-1.05,0.388
2023-01-14 19:00:00+00:00,-1.5,79.40819,0.0,-1.1,0.388
2023-01-14 20:00:00+00:00,-2.05,83.000145,0.0,-1.1,0.388
2023-01-14 21:00:00+00:00,-1.75,81.79946,0.0,-1.1,0.388
2023-01-14 22:00:00+00:00,-2.15,83.93025,0.0,-1.15,0.388
2023-01-14 23:00:00+00:00,-2.15,83.61485,0.0,-1.15,0.388
2023-01-15 00:00:00+00:00,-3.3,87.35698,0.0,0.2,0.388
2023-01-15 01:00:00+00:00,-4.05,87.28249,0.0,0.1,0.388
2023-01-15 02:00:00+00:00,-4.7,88.22416,0.0,0.0,0.388
2023-01-15 03:00:00+00:00,-4.95,88.879,0.0,-0.1,0.388
2023-01-15 04:00:00+00:00,-5.25,89.53677,0.0,-0.2,0.388
2023-01-15 05:00:00+00:00,-4.55,90.624756,0.0,-0.25,0.388
2023-01-15 06:00:00+00:00,-2.4,77.77836,0.0,-0.3,0.388
2023-01-15 07:00:00+00:00,-0.75,68.1166,0.0,-0.2,0.388
2023-01-15 08:00:00+00:00,0.9,60.669727,0.0,-0.1,0.387
2023-01-15 09:00:00+00:00,2.4,58.567055,0.0,0.1,0.387
2023-01-15 10:00:00+00:00,3.6,55.865456,0.0,0.3,0.386
2023-01-15 11:00:00+00:00,4.4,53.61481,0.0,0.55,0.386
2023-01-15 12:00:00+00:00,3.65,56.3004,0.0,1.15,0.385
2023-01-15 13:00:00+00:00,3.35,57.287758,0.0,1.75,0.385
2023-01-15 14:00:00+00:00,2.15,62.14157,0.0,1.1,0.385
2023-01-15 15:00:00+00:00,-1.7,77.89246,0.0,0.65,0.385
2023-01-15 16:00:00+00:00,-2.35,79.881516,0.0,0.45,0.385
2023-01-15 17:00:00+00:00,-2.3,78.388054,0.0,0.35,0.385
2023-01-15 18:00:00+00:00,-3.0,79.78366,0.0,0.25,0.385
2023-01-15 19:00:00+00:00,-3.35,79.123116,0.0,0.15,0.385
2023-01-15 20:00:00+00:00,-2.6,73.41347,0.0,0.05,0.385
2023-01-15 21:00:00+00:00,-1.55,66.39416,0.0,-0.05,0.385
2023-01-15 22:00:00+00:00,-2.35,69.88667,0.0,-0.15,0.385
2023-01-15 23:00:00+00:00,-2.6,71.19195,0.0,-0.2,0.385
2023-01-16 00:00:00+00:00,-3.55,77.8876,0.0,-0.2,0.385
2023-01-16 01:00:00+00:00,-3.45,76.71673,0.0,-0.3,0.385
2023-01-16 02:00:00+00:00,-4.65,82.025696,0.0,-0.4,0.385
2023-01-16 03:00:00+00:00,-5.35,84.83166,0.0,-0.45,0.385
2023-01-16 04:00:00+00:00,-5.5,84.81394,0.0,-0.5,0.385
2023-01-16 05:00:00+00:00,-4.9,81.99137,0.0,-0.6,0.385
2023-01-16 06:00:00+00:00,-2.65,69.82354,0.0,-0.6,0.384
2023-01-16 07:00:00+00:00,-0.75,60.483894,0.0,-0.5,0.384
2023-01-16 08:00:00+00:00,1.0,53.487915,0.0,-0.4,0.384
2023-01-16 09:00:00+00:00,2.55,48.622696,0.0,-0.25,0.384
2023-01-16 10:00:00+00:00,3.75,45.361767,0.0,-0.05,0.384
2023-01-16 11:00:00+00:00,4.3,47.116947,0.0,0.1,0.383
2023-01-16 12:00:00+00:00,3.2,55.547962,0.0,0.1,0.383
2023-01-16 13:00:00+00:00,2.35,58.33323,0.0,0.2,0.383
2023-01-16 14:00:00+00:00,-0.3,72.74281,0.0,0.2,0.382
2023-01-16 15:00:00+00:00,-0.8,74.59291,0.0,0.15,0.382
2023-01-16 16:00:00+00:00,-0.6,75.19322,0.0,0.1,0.382
2023-01-16 17:00:00+00:00,-0.9,78.60993,0.0,0.1,0.382
2023-01-16 18:00:00+00:00,0.0,71.713486,0.0,0.05,0.382
2023-01-16 19:00:00+00:00,-0.35,73.00777,0.0,0.0,0.382
2023-01-16 20:00:00+00:00,-1.6,78.4994,0.0,-0.1,0.382
2023-01-16 21:00:00+00:00,-2.95,86.08178,0.0,-0.15,0.382
2023-01-16 22:00:00+00:00,-2.8,83.85022,0.0,-0.2,0.382
2023-01-16 23:00:00+00:00,-1.85,78.75704,0.0,-0.25,0.382
2023-01-17 00:00:00+00:00,-2.65,89.75057,0.0,0.85,0.382
2023-01-17 01:00:00+00:00,-2.65,89.75057,0.0,0.65,0.382
2023-01-17 02:00:00+00:00,-4.0,90.66588,0.0,0.45,0.382
2023-01-17 03:00:00+00:00,-4.5,91.32061,0.0,0.3,0.382
2023-01-17 04:00:00+00:00,-4.5,90.62851,0.0,0.2,0.382
2023-01-17 05:00:00+00:00,-3.55,90.35751,0.0,0.1,0.382
2023-01-17 06:00:00+00:00,-1.3,79.14041,0.0,0.1,0.382
2023-01-17 07:00:00+00:00,0.4,70.45709,0.0,0.2,0.382
2023-01-17 08:00:00+00:00,2.0,64.24072,0.0,0.35,0.382
2023-01-17 09:00:00+00:00,3.5,59.514935,0.0,0.65,0.381
2023-01-17 10:00:00+00:00,4.55,57.17496,0.0,1.7,0.38
2023-01-17 11:00:00+00:00,5.3,56.109947,0.0,3.35,0.379
2023-01-17 12:00:00+00:00,4.7,56.57916,0.0,3.75,0.379
2023-01-17 13:00:00+00:00,4.5,58.01918,0.0,3.9,0.379
2023-01-17 14:00:00+00:00,3.05,64.72641,0.0,2.9,0.379
2023-01-17 15:00:00+00:00,-1.2,80.95924,0.0,1.4,0.379
2023-01-17 16:00:00+00:00,-1.55,80.605576,0.0,0.7,0.379
2023-01-17 17:00:00+00:00,-2.1,81.44344,0.0,0.55,0.379
2023-01-17 18:00:00+00:00,-2.8,83.21767,0.0,0.4,0.379
2023-01-17 19:00:00+00:00,-1.2,75.08592,0.0,0.25,0.379
2023-01-17 20:00:00+00:00,-0.2,70.86719,0.0,0.15,0.379
2023-01-17 21:00:00+00:00,-0.6,72.410934,0.0,0.05,0.379
2023-01-17 22:00:00+00:00,-1.15,75.094894,0.0,0.0,0.379
2023-01-17 23:00:00+00:00,-1.35,76.49197,0.0,-0.1,0.379
2023-01-18 00:00:00+00:00,-1.1,75.67329,0.0,0.65,0.379
2023-01-18 01:00:00+00:00,-1.3,76.50052,0.0,0.45,0.379
2023-01-18 02:00:00+00:00,-1.2,75.94204,0.0,0.3,0.379
2023-01-18 03:00:00+00:00,-1.35,76.49197,0.0,0.2,0.379
2023-01-18 04:00:00+00:00,-3.45,84.40933,0.0,0.1,0.379
2023-01-18 05:00:00+00:00,-2.85,84.801216,0.0,0.0,0.379
2023-01-18 06:00:00+00:00,-1.0,76.55168,0.0,0.0,0.379
2023-01-18 07:00:00+00:00,0.75,71.861496,0.0,0.1,0.378
2023-01-18 08:00:00+00:00,2.45,65.3142,0.0,0.25,0.378
2023-01-18 09:00:00+00:00,3.85,60.7236,0.0,0.55,0.377
2023-01-18 10:00:00+00:00,4.85,57.680275,0.0,1.15,0.377
2023-01-18 11:00:00+00:00,5.75,53.187843,0.0,3.1,0.376
2023-01-18 12:00:00+00:00,5.05,55.628242,0.0,2.9,0.376
2023-01-18 13:00:00+00:00,4.85,55.78215,0.0,3.35,0.375
2023-01-18 14:00:00+00:00,3.6,60.43564,0.0,2.5,0.375
2023-01-18 15:00:00+00:00,-0.95,78.30744,0.0,1.1,0.375
2023-01-18 16:00:00+00:00,-1.45,79.11726,0.0,0.65,0.375
2023-01-18 17:00:00+00:00,-2.0,80.23658,0.0,0.5,0.375
2023-01-18 18:00:00+00:00,-2.35,80.794624,0.0,0.35,0.375
2023-01-18 19:00:00+00:00,-1.55,76.16887,0.0,0.25,0.375
2023-01-18 20:00:00+00:00,0.75,65.16724,0.0,0.15,0.375
2023-01-18 21:00:00+00:00,0.4,64.83958,0.0,0.05,0.375
2023-01-18 22:00:00+00:00,0.0,64.99286,0.0,0.0,0.375
2023-01-18 23:00:00+00:00,-0.55,65.862946,0.0,-0.1,0.375
2023-01-19 00:00:00+00:00,-0.95,69.382484,0.0,-0.3,0.375
2023-01-19 01:00:00+00:00,-2.1,75.20972,0.0,-0.35,0.375
2023-01-19 02:00:00+00:00,-4.35,83.65705,0.0,-0.45,0.375
2023-01-19 03:00:00+00:00,-3.4,78.51168,0.0,-0.5,0.375
2023-01-19 04:00:00+00:00,-3.85,80.88632,0.0,-0.55,0.375
2023-01-19 05:00:00+00:00,-3.75,83.0955,0.0,-0.6,0.375
2023-01-19 06:00:00+00:00,-0.9,67.56633,0.0,-0.6,0.375
2023-01-19 07:00:00+00:00,1.15,58.464046,0.0,-0.5,0.375
2023-01-19 08:00:00+00:00,3.25,49.201313,0.0,-0.35,0.375
2023-01-19 09:00:00+00:00,5.05,42.709393,0.0,-0.15,0.375
2023-01-19 10:00:00+00:00,6.3,42.920246,0.0,0.1,0.374
2023-01-19 11:00:00+00:00,7.1,42.834343,0.0,0.35,0.374
2023-01-19 12:00:00+00:00,6.9,44.921318,0.0,0.35,0.374
2023-01-19 13:00:00+00:00,6.0,59.269344,0.0,0.5,0.374
2023-01-19 14:00:00+00:00,1.45,70.145996,0.0,0.5,0.374
2023-01-19 15:00:00+00:00,1.75,62.04363,0.0,0.4,0.374
2023-01-19 16:00:00+00:00,0.7,63.69155,0.0,0.3,0.374
2023-01-19 17:00:00+00:00,0.95,61.145752,0.0,0.2,0.374
2023-01-19 18:00:00+00:00,0.75,62.0328,0.0,0.1,0.374
2023-01-19 19:00:00+00:00,-0.8,68.888145,0.0,0.05,0.374
2023-01-19 20:00:00+00:00,-1.45,71.69685,0.0,-0.05,0.374
2023-01-19 21:00:00+00:00,-1.8,73.00668,0.0,-0.1,0.374
2023-01-19 22:00:00+00:00,-2.45,76.01242,0.0,-0.2,0.374
2023-01-19 23:00:00+00:00,-2.6,76.276955,0.0,-0.25,0.374
2023-01-20 00:00:00+00:00,-1.55,72.50075,0.0,-1.1,0.374
2023-01-20 01:00:00+00:00,-2.2,75.19178,0.0,-1.15,0.374
2023-01-20 02:00:00+00:00,-3.45,80.02105,0.0,-1.2,0.374
2023-01-20 03:00:00+00:00,-3.85,80.88632,0.0,-1.25,0.374
2023-01-20 04:00:00+00:00,-3.15,78.25174,0.0,-1.3,0.374
2023-01-20 05:00:00+00:00,-3.8,83.72597,0.0,-1.35,0.374
2023-01-20 06:00:00+00:00,-0.65,66.85285,0.0,-1.3,0.374
2023-01-20 07:00:00+00:00,1.6,56.824005,0.0,-1.2,0.374
2023-01-20 08:00:00+00:00,3.75,48.413876,0.0,-1.05,0.374
2023-01-20 09:00:00+00:00,5.6,42.38622,0.0,-0.85,0.374
2023-01-20 10:00:00+00:00,7.15,38.095287,0.0,-0.65,0.374
2023-01-20 11:00:00+00:00,8.05,35.8277,0.0,-0.4,0.374
2023-01-20 12:00:00+00:00,7.8,38.001583,0.0,0.15,0.374
2023-01-20 13:00:00+00:00,6.55,56.647797,0.0,0.3,0.373
2023-01-20 14:00:00+00:00,1.35,65.55201,0.0,0.3,0.373
2023-01-20 15:00:00+00:00,0.1,64.03402,0.0,0.2,0.373
2023-01-20 16:00:00+00:00,3.05,48.768173,0.0,0.1,0.373
2023-01-20 17:00:00+00:00,3.45,45.798664,0.0,0.05,0.373
2023-01-20 18:00:00+00:00,3.35,44.721886,0.0,-0.05,0.373
2023-01-20 19:00:00+00:00,2.4,46.73775,0.0,-0.1,0.373
2023-01-20 20:00:00+00:00,1.05,50.68232,0.0,-0.15,0.374
2023-01-20 21:00:00+00:00,1.0,50.471672,0.0,-0.25,0.374
2023-01-20 22:00:00+00:00,1.1,49.33736,0.0,-0.3,0.374
2023-01-20 23:00:00+00:00,0.95,48.911118,0.0,-0.35,0.374
2023-01-21 00:00:00+00:00,-0.15,52.547474,0.0,-1.6,0.374
2023-01-21 01:00:00+00:00,-1.95,60.88431,0.0,-1.6,0.374
2023-01-21 02:00:00+00:00,-3.55,68.825264,0.0,-1.65,0.374
2023-01-21 03:00:00+00:00,-3.85,70.93648,0.0,-1.7,0.374
2023-01-21 04:00:00+00:00,-2.7,65.87454,0.0,-1.75,0.374
2023-01-21 05:00:00+00:00,-2.45,65.67727,0.0,-1.8,0.374
2023-01-21 06:00:00+00:00,-0.5,57.360573,0.0,-1.7,0.374
2023-01-21 07:00:00+00:00,1.95,49.776016,0.0,-1.6,0.374
2023-01-21 08:00:00+00:00,4.2,42.782475,0.0,-1.4,0.374
2023-01-21 09:00:00+00:00,6.15,37.214302,0.0,-1.2,0.374
2023-01-21 10:00:00+00:00,7.5,33.66132,0.0,-0.95,0.374
2023-01-21 11:00:00+00:00,8.25,31.618158,0.0,-0.75,0.374
2023-01-21 12:00:00+00:00,8.05,32.675194,0.0,-0.25,0.374
2023-01-21 13:00:00+00:00,6.6,37.06478,0.0,-0.15,0.374
2023-01-21 14:00:00+00:00,3.9,44.713753,0.0,-0.15,0.374
2023-01-21 15:00:00+00:00,-0.8,62.364635,0.0,-0.2,0.374
2023-01-21 16:00:00+00:00,1.55,51.61653,0.0,-0.25,0.374
2023-01-21 17:00:00+00:00,3.65,43.786285,0.0,-0.3,0.374
2023-01-21 18:00:00+00:00,3.15,44.489586,0.0,-0.4,0.374
2023-01-21 19:00:00+00:00,2.45,45.678,0.0,-0.45,0.374
2023-01-21 20:00:00+00:00,1.75,46.72651,0.0,-0.5,0.374
2023-01-21 21:00:00+00:00,1.2,46.92841,0.0,-0.55,0.374
2023-01-21 22:00:00+00:00,0.7,47.148056,0.0,-0.6,0.374
2023-01-21 23:00:00+00:00,0.5,46.17207,0.0,-0.65,0.374
2023-01-22 00:00:00+00:00,-0.45,54.976048,0.0,-1.45,0.374
2023-01-22 01:00:00+00:00,-1.2,57.845005,0.0,-1.5,0.374
2023-01-22 02:00:00+00:00,-2.35,63.198902,0.0,-1.55,0.374
2023-01-22 03:00:00+00:00,-1.6,60.501366,0.0,-1.55,0.374
2023-01-22 04:00:00+00:00,-3.5,71.00832,0.0,-1.6,0.374
2023-01-22 05:00:00+00:00,-3.95,76.927216,0.0,-1.65,0.374
2023-01-22 06:00:00+00:00,-0.7,62.62952,0.0,-1.6,0.374
2023-01-22 07:00:00+00:00,1.7,53.068455,0.0,-1.5,0.374
2023-01-22 08:00:00+00:00,3.75,45.014194,0.0,-1.3,0.374
2023-01-22 09:00:00+00:00,5.3,40.392494,0.0,-1.1,0.374
2023-01-22 10:00:00+00:00,6.55,37.479465,0.0,-0.9,0.374
2023-01-22 11:00:00+00:00,7.3,36.013577,0.0,-0.7,0.374
2023-01-22 12:00:00+00:00,6.9,40.411713,0.0,-0.4,0.374
2023-01-22 13:00:00+00:00,6.1,42.697994,0.0,-0.3,0.374
2023-01-22 14:00:00+00:00,4.3,48.38918,0.0,-0.3,0.374
2023-01-22 15:00:00+00:00,-1.2,69.329506,0.0,-0.35,0.374
2023-01-22 16:00:00+00:00,0.25,61.67339,0.0,-0.4,0.374
2023-01-22 17:00:00+00:00,-0.5,64.3818,0.0,-0.45,0.374
2023-01-22 18:00:00+00:00,1.85,54.553074,0.0,-0.5,0.374
2023-01-22 19:00:00+00:00,1.15,56.921165,0.0,-0.6,0.374
2023-01-22 20:00:00+00:00,0.75,58.136486,0.0,-0.65,0.374
2023-01-22 21:00:00+00:00,0.25,59.58526,0.0,-0.7,0.374
2023-01-22 22:00:00+00:00,-1.5,66.661156,0.0,-0.75,0.374
2023-01-22 23:00:00+00:00,-2.0,68.366264,0.0,-0.8,0.374
2023-01-23 00:00:00+00:00,-2.65,73.68601,0.0,-1.05,0.374
2023-01-23 01:00:00+00:00,-4.1,79.923325,0.0,-1.1,0.374
2023-01-23 02:00:00+00:00,-4.4,81.745,0.0,-1.15,0.374
2023-01-23 03:00:00+00:00,-4.05,80.547516,0.0,-1.2,0.374
2023-01-23 04:00:00+00:00,-3.4,77.6139,0.0,-1.25,0.374
2023-01-23 05:00:00+00:00,-4.3,82.07359,0.0,-1.3,0.374
2023-01-23 06:00:00+00:00,-1.7,65.09372,0.0,-1.25,0.374
2023-01-23 07:00:00+00:00,0.25,54.321056,0.0,-1.15,0.374
2023-01-23 08:00:00+00:00,2.1,47.74673,0.0,-1.05,0.374
2023-01-23 09:00:00+00:00,3.75,43.479286,0.0,-0.85,0.374
2023-01-23 10:00:00+00:00,5.1,40.487644,0.0,-0.65,0.374
2023-01-23 11:00:00+00:00,5.95,38.762825,0.0,-0.45,0.373
2023-01-23 12:00:00+00:00,4.95,41.868065,0.0,-0.6,0.374
2023-01-23 13:00:00+00:00,4.6,43.067898,0.0,-0.5,0.374
2023-01-23 14:00:00+00:00,3.3,47.003414,0.0,-0.5,0.374
2023-01-23 15:00:00+00:00,-0.85,63.076027,0.0,-0.55,0.374
2023-01-23 16:00:00+00:00,-2.3,69.62883,0.0,-0.6,0.374
2023-01-23 17:00:00+00:00,-2.05,67.31056,0.0,-0.65,0.374
2023-01-23 18:00:00+00:00,-2.3,67.7759,0.0,-0.7,0.374
2023-01-23 19:00:00+00:00,-1.45,62.92974,0.0,-0.8,0.374
2023-01-23 20:00:00+00:00,-2.2,66.24565,0.0,-0.85,0.374
2023-01-23 21:00:00+00:00,-2.95,69.76022,0.0,-0.9,0.374
2023-01-23 22:00:00+00:00,-3.4,71.85852,0.0,-0.95,0.374
2023-01-23 23:00:00+00:00,-4.4,76.85052,0.0,-1.0,0.374
2023-01-24 00:00:00+00:00,-4.35,75.67733,0.0,-0.55,0.374
2023-01-24 01:00:00+00:00,-5.05,77.640144,0.0,-0.6,0.374
2023-01-24 02:00:00+00:00,-5.0,73.81203,0.0,-0.7,0.374
2023-01-24 03:00:00+00:00,-5.2,72.912,0.0,-0.75,0.374
2023-01-24 04:00:00+00:00,-5.5,73.14013,0.0,-0.8,0.374
2023-01-24 05:00:00+00:00,-4.6,68.86615,0.0,-0.85,0.374
2023-01-24 06:00:00+00:00,-2.15,56.917072,0.0,-0.85,0.374
2023-01-24 07:00:00+00:00,-0.25,47.79928,0.0,-0.75,0.374
2023-01-24 08:00:00+00:00,1.6,40.68838,0.0,-0.65,0.374
2023-01-24 09:00:00+00:00,3.35,35.64696,0.0,-0.45,0.373
2023-01-24 10:00:00+00:00,4.8,31.318048,0.0,-0.25,0.373
2023-01-24 11:00:00+00:00,5.55,29.026016,0.0,-0.05,0.373
2023-01-24 12:00:00+00:00,4.45,33.52245,0.0,-0.5,0.373
2023-01-24 13:00:00+00:00,4.2,33.845585,0.0,-0.4,0.373
2023-01-24 14:00:00+00:00,3.3,36.057228,0.0,-0.4,0.373
2023-01-24 15:00:00+00:00,2.65,36.722153,0.0,-0.45,0.373
2023-01-24 16:00:00+00:00,-1.6,48.73733,0.0,-0.55,0.373
2023-01-24 17:00:00+00:00,-2.9,53.437458,0.0,-0.6,0.373
2023-01-24 18:00:00+00:00,-1.45,47.06509,0.0,-0.65,0.373
2023-01-24 19:00:00+00:00,-2.9,52.38355,0.0,-0.7,0.373
2023-01-24 20:00:00+00:00,-4.25,57.94179,0.0,-0.75,0.373
2023-01-24 21:00:00+00:00,-4.15,56.146793,0.0,-0.85,0.373
2023-01-24 22:00:00+00:00,-3.8,53.6093,0.0,-0.9,0.373
2023-01-24 23:00:00+00:00,-4.0,52.910965,0.0,-0.95,0.373
2023-01-25 00:00:00+00:00,-4.15,49.359295,0.0,-0.8,0.373
2023-01-25 01:00:00+00:00,-5.65,53.079765,0.0,-0.9,0.373
2023-01-25 02:00:00+00:00,-5.9,50.88342,0.0,-0.95,0.373
2023-01-25 03:00:00+00:00,-5.15,47.67402,0.0,-1.0,0.373
2023-01-25 04:00:00+00:00,-5.4,48.58572,0.0,-1.05,0.373
2023-01-25 05:00:00+00:00,-5.4,48.785404,0.0,-1.15,0.373
2023-01-25 06:00:00+00:00,-2.9,39.1309,0.0,-1.1,0.373
2023-01-25 07:00:00+00:00,-0.95,31.595472,0.0,-1.05,0.373
2023-01-25 08:00:00+00:00,0.85,26.93316,0.0,-0.9,0.373
2023-01-25 09:00:00+00:00,2.45,25.037674,0.0,-0.75,0.373
2023-01-25 10:00:00+00:00,3.6,26.542625,0.0,-0.55,0.373
2023-01-25 11:00:00+00:00,4.3,28.080069,0.0,-0.4,0.373
2023-01-25 12:00:00+00:00,3.7,31.233255,0.0,-0.35,0.373
2023-01-25 13:00:00+00:00,3.35,32.39983,0.0,-0.25,0.373
2023-01-25 14:00:00+00:00,2.0,35.65661,0.0,-0.25,0.373
2023-01-25 15:00:00+00:00,-2.15,48.768703,0.0,-0.3,0.373
2023-01-25 16:00:00+00:00,-3.2,54.209797,0.0,-0.35,0.373
2023-01-25 17:00:00+00:00,-4.15,58.66534,0.0,-0.45,0.373
2023-01-25 18:00:00+00:00,-4.3,60.281178,0.0,-0.5,0.373
2023-01-25 19:00:00+00:00,-3.5,57.00099,0.0,-0.6,0.373
2023-01-25 20:00:00+00:00,-1.3,47.486664,0.0,-0.65,0.373
2023-01-25 21:00:00+00:00,-2.0,49.99428,0.0,-0.7,0.373
2023-01-25 22:00:00+00:00,-2.5,51.87562,0.0,-0.8,0.373
2023-01-25 23:00:00+00:00,-2.85,53.239395,0.0,-0.85,0.373
2023-01-26 00:00:00+00:00,-4.4,67.83705,0.0,-0.6,0.373
2023-01-26 01:00:00+00:00,-3.6,65.92275,0.0,-0.65,0.373
2023-01-26 02:00:00+00:00,-3.55,67.23471,0.0,-0.65,0.373
2023-01-26 03:00:00+00:00,-3.65,69.07202,0.0,-0.7,0.373
2023-01-26 04:00:00+00:00,-3.9,71.20259,0.0,-0.7,0.373
2023-01-26 05:00:00+00:00,-4.55,73.61006,0.0,-0.75,0.373
2023-01-26 06:00:00+00:00,-2.8,59.48821,0.0,-0.75,0.373
2023-01-26 07:00:00+00:00,-0.9,41.559437,0.0,-0.65,0.373
2023-01-26 08:00:00+00:00,0.95,31.02192,0.0,-0.55,0.373
2023-01-26 09:00:00+00:00,2.4,27.62405,0.0,-0.4,0.372
2023-01-26 10:00:00+00:00,3.4,27.139809,0.0,-0.2,0.372
2023-01-26 11:00:00+00:00,4.05,27.77973,0.0,-0.05,0.372
2023-01-26 12:00:00+00:00,3.45,27.488398,0.0,-0.4,0.372
2023-01-26 13:00:00+00:00,3.25,27.992697,0.0,-0.3,0.372
2023-01-26 14:00:00+00:00,0.35,34.86096,0.0,-0.3,0.372
2023-01-26 15:00:00+00:00,-1.8,40.947105,0.0,-0.35,0.372
2023-01-26 16:00:00+00:00,-3.05,45.28078,0.0,-0.4,0.372
2023-01-26 17:00:00+00:00,-4.25,49.933334,0.0,-0.5,0.372
2023-01-26 18:00:00+00:00,-4.35,50.71927,0.0,-0.55,0.372
2023-01-26 19:00:00+00:00,-4.8,53.323967,0.0,-0.65,0.372
2023-01-26 20:00:00+00:00,-4.0,50.61724,0.0,-0.7,0.372
2023-01-26 21:00:00+00:00,-4.4,52.371716,0.0,-0.8,0.372
2023-01-26 22:00:00+00:00,-3.2,48.066856,0.0,-0.85,0.372
2023-01-26 23:00:00+00:00,-3.75,50.69063,0.0,-0.9,0.372
2023-01-27 00:00:00+00:00,-3.6,52.602257,0.0,-1.55,0.372
2023-01-27 01:00:00+00:00,-4.2,55.2412,0.0,-1.6,0.372
2023-01-27 02:00:00+00:00,-5.5,61.428486,0.0,-1.7,0.372
2023-01-27 03:00:00+00:00,-6.3,65.8129,0.0,-1.75,0.372
2023-01-27 04:00:00+00:00,-5.15,60.30085,0.0,-1.8,0.372
2023-01-27 05:00:00+00:00,-4.4,56.75557,0.0,-1.85,0.372
2023-01-27 06:00:00+00:00,-2.75,48.785854,0.0,-1.85,0.372
2023-01-27 07:00:00+00:00,-0.75,37.914387,0.0,-1.7,0.372
2023-01-27 08:00:00+00:00,1.2,31.481945,0.0,-1.55,0.372
2023-01-27 09:00:00+00:00,2.8,27.857637,0.0,-1.35,0.372
2023-01-27 10:00:00+00:00,4.2,25.240303,0.0,-1.15,0.372
2023-01-27 11:00:00+00:00,5.0,23.771284,0.0,-1.0,0.372
2023-01-27 12:00:00+00:00,4.3,29.233221,0.0,-0.9,0.372
2023-01-27 13:00:00+00:00,3.7,30.368408,0.0,-0.8,0.372
2023-01-27 14:00:00+00:00,1.85,35.043762,0.0,-0.75,0.372
2023-01-27 15:00:00+00:00,-3.1,48.68168,0.0,-0.85,0.372
2023-01-27 16:00:00+00:00,-2.25,45.15924,0.0,-0.85,0.372
2023-01-27 17:00:00+00:00,-3.0,48.907776,0.0,-0.9,0.372
2023-01-27 18:00:00+00:00,-3.45,48.97104,0.0,-0.95,0.372
2023-01-27 19:00:00+00:00,-2.9,44.416794,0.0,-0.95,0.372
2023-01-27 20:00:00+00:00,-4.1,44.592144,0.0,-1.0,0.372
2023-01-27 21:00:00+00:00,-4.0,40.762268,0.0,-1.05,0.372
2023-01-27 22:00:00+00:00,-4.1,38.4321,0.0,-1.1,0.372
2023-01-27 23:00:00+00:00,-3.1,32.39341,0.0,-1.15,0.372
2023-01-28 00:00:00+00:00,-2.45,31.78871,0.0,-0.45,0.372
2023-01-28 01:00:00+00:00,-2.3,35.327682,0.0,-0.5,0.372
2023-01-28 02:00:00+00:00,-3.6,46.60491,0.0,-0.55,0.372
2023-01-28 03:00:00+00:00,-2.0,47.27709,0.0,-0.55,0.372
2023-01-28 04:00:00+00:00,-2.7,56.54428,0.2,-0.6,0.372
2023-01-28 05:00:00+00:00,-2.4,61.967728,0.2,-0.6,0.372
2023-01-28 06:00:00+00:00,-1.6,61.448147,0.1,-0.6,0.372
2023-01-28 07:00:00+00:00,-0.85,60.927036,0.0,-0.55,0.372
2023-01-28 08:00:00+00:00,0.05,61.15368,0.1,-0.5,0.372
2023-01-28 09:00:00+00:00,0.15,63.80249,0.1,-0.45,0.372
2023-01-28 10:00:00+00:00,0.15,65.27539,0.1,-0.4,0.372
2023-01-28 11:00:00+00:00,0.95,62.554905,0.1,-0.35,0.372
2023-01-28 12:00:00+00:00,0.05,77.01653,0.2,-0.6,0.372
2023-01-28 13:00:00+00:00,-0.1,78.44224,0.4,-0.55,0.372
2023-01-28 14:00:00+00:00,-0.85,85.03253,0.9,-0.55,0.372
2023-01-28 15:00:00+00:00,-1.45,91.86918,1.1,-0.55,0.372
2023-01-28 16:00:00+00:00,-1.7,94.61728,1.1,-0.55,0.372
2023-01-28 17:00:00+00:00,-2.1,96.37041,0.9,-0.55,0.372
2023-01-28 18:00:00+00:00,-2.3,96.72267,0.7,-0.55,0.372
2023-01-28 19:00:00+00:00,-1.9,95.66574,0.4,-0.55,0.372
2023-01-28 20:00:00+00:00,-2.2,96.01071,0.2,-0.55,0.372
2023-01-28 21:00:00+00:00,-2.0,95.66221,0.1,-0.55,0.372
2023-01-28 22:00:00+00:00,-2.15,95.30267,0.0,-0.55,0.372
2023-01-28 23:00:00+00:00,-2.5,95.2893,0.0,-0.55,0.372
2023-01-29 00:00:00+00:00,-3.1,93.49927,0.0,-0.4,0.372
2023-01-29 01:00:00+00:00,-2.2,89.11801,0.0,-0.4,0.372
2023-01-29 02:00:00+00:00,-1.95,88.146126,0.0,-0.4,0.372
2023-01-29 03:00:00+00:00,-1.8,87.504036,0.1,-0.4,0.372
2023-01-29 04:00:00+00:00,-1.8,88.820335,0.2,-0.4,0.372
2023-01-29 05:00:00+00:00,-1.8,89.485054,0.8,-0.45,0.372
2023-01-29 06:00:00+00:00,-1.05,85.645035,0.2,-0.4,0.372
2023-01-29 07:00:00+00:00,0.45,77.65851,0.0,-0.35,0.372
2023-01-29 08:00:00+00:00,2.65,67.08339,0.0,-0.25,0.372
2023-01-29 09:00:00+00:00,4.1,59.66714,0.0,-0.1,0.373
2023-01-29 10:00:00+00:00,4.5,58.23529,0.0,0.05,0.373
2023-01-29 11:00:00+00:00,4.2,61.263035,0.0,0.15,0.374
2023-01-29 12:00:00+00:00,1.4,78.38789,0.0,-0.2,0.377
2023-01-29 13:00:00+00:00,-0.95,85.02108,0.0,-0.2,0.377
2023-01-29 14:00:00+00:00,0.65,77.40314,0.0,-0.2,0.377
2023-01-29 15:00:00+00:00,-0.3,81.69224,0.0,-0.2,0.377
2023-01-29 16:00:00+00:00,-1.95,84.90594,0.0,-0.2,0.377
2023-01-29 17:00:00+00:00,-2.1,84.888565,0.0,-0.25,0.377
2023-01-29 18:00:00+00:00,-3.4,85.38271,0.0,-0.25,0.377
2023-01-29 19:00:00+00:00,-4.2,86.274635,0.0,-0.25,0.377
2023-01-29 20:00:00+00:00,-4.4,87.91606,0.0,-0.25,0.377
2023-01-29 21:00:00+00:00,-3.6,82.79845,0.0,-0.25,0.377
2023-01-29 22:00:00+00:00,-3.65,83.108406,0.0,-0.25,0.377
2023-01-29 23:00:00+00:00,-4.15,85.62391,0.0,-0.25,0.377
2023-01-30 00:00:00+00:00,-5.75,87.11129,0.0,1.6,0.377
2023-01-30 01:00:00+00:00,-5.2,86.16694,0.0,0.75,0.377
2023-01-30 02:00:00+00:00,-5.0,86.520325,0.0,0.6,0.377
2023-01-30 03:00:00+00:00,-5.05,87.1822,0.0,0.45,0.376
2023-01-30 04:00:00+00:00,-5.0,85.200096,0.0,0.35,0.376
2023-01-30 05:00:00+00:00,-4.5,82.36245,0.0,0.3,0.376
2023-01-30 06:00:00+00:00,-3.7,75.79271,0.0,0.25,0.376
2023-01-30 07:00:00+00:00,-2.7,72.55374,0.0,0.3,0.376
2023-01-30 08:00:00+00:00,-1.7,70.83077,0.0,0.35,0.376
2023-01-30 09:00:00+00:00,-0.9,70.72465,0.1,0.45,0.376
2023-01-30 10:00:00+00:00,-0.85,74.30284,0.4,0.5,0.375
2023-01-30 11:00:00+00:00,0.35,71.51373,0.2,0.65,0.375
2023-01-30 12:00:00+00:00,-0.6,78.36308,0.1,1.9,0.376
2023-01-30 13:00:00+00:00,-0.6,81.34722,0.1,1.7,0.375
2023-01-30 14:00:00+00:00,-1.05,87.25203,0.3,1.4,0.375
2023-01-30 15:00:00+00:00,-1.45,90.18133,0.2,1.05,0.375
2023-01-30 16:00:00+00:00,-1.15,86.59571,0.1,0.85,0.375
2023-01-30 17:00:00+00:00,-1.65,90.16584,0.1,0.75,0.375
2023-01-30 18:00:00+00:00,-2.05,91.48891,0.3,0.65,0.375
2023-01-30 19:00:00+00:00,-2.15,91.82374,0.6,0.65,0.375
2023-01-30 20:00:00+00:00,-2.25,92.504364,0.2,0.6,0.375
2023-01-30 21:00:00+00:00,-2.35,93.190605,0.3,0.55,0.375
2023-01-30 22:00:00+00:00,-2.15,93.20154,0.4,0.55,0.375
2023-01-30 23:00:00+00:00,-2.4,95.64808,0.8,0.5,0.375
2023-01-31 00:00:00+00:00,-3.45,94.89597,1.2,0.7,0.375
2023-01-31 01:00:00+00:00,-3.15,94.20019,1.0,0.65,0.375
2023-01-31 02:00:00+00:00,-3.05,92.10987,0.1,0.65,0.375
2023-01-31 03:00:00+00:00,-2.75,90.07996,0.0,0.6,0.375
2023-01-31 04:00:00+00:00,-3.15,92.45009,0.0,0.55,0.375
2023-01-31 05:00:00+00:00,-2.75,89.74247,0.0,0.55,0.375
2023-01-31 06:00:00+00:00,-1.75,84.6114,0.0,0.55,0.375
2023-01-31 07:00:00+00:00,-1.5,84.009705,0.1,0.55,0.375
2023-01-31 08:00:00+00:00,-1.15,83.73903,0.3,0.55,0.375
2023-01-31 09:00:00+00:00,-0.6,82.876785,0.2,0.55,0.375
2023-01-31 10:00:00+00:00,-0.3,82.91545,0.2,0.6,0.375
2023-01-31 11:00:00+00:00,-0.25,84.160904,0.1,0.6,0.375
2023-01-31 12:00:00+00:00,-0.55,85.38286,0.0,0.55,0.375
2023-01-31 13:00:00+00:00,-0.95,90.21992,0.3,0.5,0.375
2023-01-31 14:00:00+00:00,-1.35,93.590164,0.6,0.5,0.375
2023-01-31 15:00:00+00:00,-1.75,96.0253,0.1,0.5,0.375
2023-01-31 16:00:00+00:00,-1.75,95.31789,1.0,0.5,0.375
2023-01-31 17:00:00+00:00,-1.6,92.88677,0.9,0.5,0.375
2023-01-31 18:00:00+00:00,-1.6,92.88677,0.3,0.5,0.375
2023-01-31 19:00:00+00:00,-2.45,96.00257,0.6,0.5,0.375
2023-01-31 20:00:00+00:00,-2.05,96.37189,0.6,0.5,0.375
2023-01-31 21:00:00+00:00,-2.0,95.66221,0.3,0.5,0.375
2023-01-31 22:00:00+00:00,-2.5,94.23062,0.8,0.45,0.375
2023-01-31 23:00:00+00:00,-2.3,92.50137,0.1,0.45,0.375
2023-02-01 00:00:00+00:00,-2.4,95.64808,0.0,0.45,0.375
2023-02-01 01:00:00+00:00,-2.2,94.24458,0.0,0.45,0.375
2023-02-01 02:00:00+00:00,-2.2,93.894844,0.0,0.45,0.375
2023-02-01 03:00:00+00:00,-2.0,93.90467,0.1,0.45,0.375
2023-02-01 04:00:00+00:00,-1.95,94.25618,0.2,0.45,0.375
2023-02-01 05:00:00+00:00,-2.15,94.94959,0.5,0.45,0.375
2023-02-01 06:00:00+00:00,-1.15,89.871,0.4,0.45,0.375
2023-02-01 07:00:00+00:00,-0.45,89.59581,0.8,0.45,0.375
2023-02-01 08:00:00+00:00,0.2,89.97762,0.3,0.45,0.375
2023-02-01 09:00:00+00:00,1.1,82.48637,0.7,0.45,0.375
2023-02-01 10:00:00+00:00,1.1,83.09423,0.3,0.45,0.378
2023-02-01 11:00:00+00:00,1.5,73.90388,0.0,0.45,0.384
2023-02-01 12:00:00+00:00,1.45,77.533714,0.0,0.45,0.385
2023-02-01 13:00:00+00:00,0.8,83.66923,0.8,0.45,0.386
2023-02-01 14:00:00+00:00,0.0,88.65,0.3,0.45,0.386
2023-02-01 15:00:00+00:00,-0.7,91.91746,0.1,0.45,0.386
2023-02-01 16:00:00+00:00,-1.0,92.57881,0.0,0.45,0.386
2023-02-01 17:00:00+00:00,-1.8,91.846504,0.0,0.45,0.386
2023-02-01 18:00:00+00:00,-0.85,92.92926,0.4,0.45,0.386
2023-02-01 19:00:00+00:00,-0.95,94.30224,0.9,0.45,0.386
2023-02-01 20:00:00+00:00,-1.15,94.6411,1.3,0.45,0.386
2023-02-01 21:00:00+00:00,-1.35,93.590164,1.4,0.45,0.386
2023-02-01 22:00:00+00:00,-1.5,94.62596,2.2,0.45,0.386
2023-02-01 23:00:00+00:00,-1.4,95.33114,2.0,0.45,0.386
2023-02-02 00:00:00+00:00,-0.9,95.349976,2.3,0.45,0.387
2023-02-02 01:00:00+00:00,-0.9,96.052635,2.8,0.45,0.387
2023-02-02 02:00:00+00:00,-0.8,96.055824,1.9,0.45,0.387
2023-02-02 03:00:00+00:00,-1.05,95.6955,2.7,0.45,0.387
2023-02-02 04:00:00+00:00,-0.65,95.359344,0.6,0.45,0.387
2023-02-02 05:00:00+00:00,-2.25,95.29886,0.2,0.45,0.387
2023-02-02 06:00:00+00:00,0.55,87.08872,0.1,0.45,0.387
2023-02-02 07:00:00+00:00,1.2,83.4121,0.2,0.45,0.387
2023-02-02 08:00:00+00:00,2.35,68.783455,0.3,0.45,0.387
2023-02-02 09:00:00+00:00,2.3,65.76892,0.1,0.45,0.387
2023-02-02 10:00:00+00:00,1.85,72.344215,0.2,0.45,0.387
2023-02-02 11:00:00+00:00,1.25,81.90266,1.0,0.45,0.388
2023-02-02 12:00:00+00:00,0.75,81.83517,1.6,0.45,0.403
2023-02-02 13:00:00+00:00,0.0,83.88014,1.5,0.45,0.403
2023-02-02 14:00:00+00:00,-0.95,90.889206,0.4,0.45,0.403
2023-02-02 15:00:00+00:00,-1.05,92.57586,1.0,0.5,0.403
2023-02-02 16:00:00+00:00,-1.15,92.56993,0.7,0.5,0.402
2023-02-02 17:00:00+00:00,-1.55,91.52265,1.0,0.5,0.402
2023-02-02 18:00:00+00:00,-2.3,87.4553,1.3,0.5,0.402
2023-02-02 19:00:00+00:00,-2.6,82.30363,0.8,0.5,0.402
2023-02-02 20:00:00+00:00,-2.5,75.714096,0.3,0.5,0.402
2023-02-02 21:00:00+00:00,-3.45,74.3904,0.0,0.5,0.402
2023-02-02 22:00:00+00:00,-4.55,74.18551,0.0,0.5,0.402
2023-02-02 23:00:00+00:00,-6.55,77.38871,0.0,0.5,0.401
2023-02-03 00:00:00+00:00,-6.35,78.03345,0.0,0.5,0.403
2023-02-03 01:00:00+00:00,-7.4,82.28915,0.0,0.5,0.403
2023-02-03 02:00:00+00:00,-9.05,88.15787,0.0,0.5,0.403
2023-02-03 03:00:00+00:00,-8.4,90.6852,0.0,0.5,0.403
2023-02-03 04:00:00+00:00,-7.15,97.71414,0.0,0.45,0.403
2023-02-03 05:00:00+00:00,-7.95,96.19085,0.0,0.45,0.403
2023-02-03 06:00:00+00:00,-6.95,89.741776,0.0,0.45,0.402
2023-02-03 07:00:00+00:00,-6.8,84.6592,0.0,0.45,0.402
2023-02-03 08:00:00+00:00,-5.0,77.04691,0.0,0.45,0.402
2023-02-03 09:00:00+00:00,-3.65,72.36718,0.0,0.45,0.402
2023-02-03 10:00:00+00:00,-2.6,70.374435,0.0,0.45,0.402
2023-02-03 11:00:00+00:00,-2.1,70.47803,0.0,0.4,0.402
2023-02-03 12:00:00+00:00,-3.25,74.427414,0.0,0.4,0.401
2023-02-03 13:00:00+00:00,-4.0,71.45968,0.0,0.4,0.401
2023-02-03 14:00:00+00:00,-3.35,67.27974,0.0,0.4,0.401
2023-02-03 15:00:00+00:00,-4.5,71.63729,0.0,0.4,0.401
2023-02-03 16:00:00+00:00,-9.8,80.32243,0.0,0.4,0.401
2023-02-03 17:00:00+00:00,-11.55,81.04268,0.0,0.4,0.401
2023-02-03 18:00:00+00:00,-12.9,80.50751,0.0,0.4,0.401
2023-02-03 19:00:00+00:00,-11.65,74.0204,0.0,0.4,0.401
2023-02-03 20:00:00+00:00,-12.8,71.07022,0.0,0.4,0.4
2023-02-03 21:00:00+00:00,-10.45,64.01537,0.0,0.35,0.4
2023-02-03 22:00:00+00:00,-9.4,61.423763,0.0,0.35,0.4
2023-02-03 23:00:00+00:00,-9.85,65.50177,0.0,0.35,0.4
2023-02-04 00:00:00+00:00,-11.75,78.720146,0.0,0.35,0.4
2023-02-04 01:00:00+00:00,-12.5,85.34203,0.0,0.3,0.4
2023-02-04 02:00:00+00:00,-12.05,91.50897,0.0,0.3,0.4
2023-02-04 03:00:00+00:00,-12.25,94.892876,0.0,0.3,0.4
2023-02-04 04:00:00+00:00,-15.55,93.57087,0.0,0.3,0.399
2023-02-04 05:00:00+00:00,-14.25,92.49032,0.0,0.3,0.399
2023-02-04 06:00:00+00:00,-12.0,91.883865,0.0,0.25,0.399
2023-02-04 07:00:00+00:00,-11.4,87.930756,0.0,0.25,0.399
2023-02-04 08:00:00+00:00,-10.1,83.24505,0.0,0.25,0.399
2023-02-04 09:00:00+00:00,-8.65,73.401245,0.1,0.25,0.399
2023-02-04 10:00:00+00:00,-7.6,68.47881,0.1,0.25,0.399
2023-02-04 11:00:00+00:00,-6.7,67.04948,0.2,0.25,0.399
2023-02-04 12:00:00+00:00,-6.3,78.348694,0.4,0.25,0.398
2023-02-04 13:00:00+00:00,-6.25,82.76779,0.7,0.25,0.398
2023-02-04 14:00:00+00:00,-6.7,87.35353,0.9,0.25,0.398
2023-02-04 15:00:00+00:00,-7.15,88.33692,1.1,0.25,0.398
2023-02-04 16:00:00+00:00,-7.1,88.686745,1.3,0.25,0.398
2023-02-04 17:00:00+00:00,-6.8,87.68431,0.9,0.25,0.398
2023-02-04 18:00:00+00:00,-6.7,86.675934,0.6,0.25,0.398
2023-02-04 19:00:00+00:00,-6.0,84.09894,0.7,0.25,0.398
2023-02-04 20:00:00+00:00,-5.9,85.09592,0.6,0.25,0.398
2023-02-04 21:00:00+00:00,-5.95,87.42846,0.5,0.25,0.397
2023-02-04 22:00:00+00:00,-6.0,89.81974,0.5,0.25,0.397
2023-02-04 23:00:00+00:00,-6.0,91.56697,0.6,0.3,0.397
2023-02-05 00:00:00+00:00,-6.3,90.14307,0.3,0.3,0.397
2023-02-05 01:00:00+00:00,-7.65,91.810875,0.7,0.3,0.397
2023-02-05 02:00:00+00:00,-6.55,90.47292,0.4,0.3,0.397
2023-02-05 03:00:00+00:00,-6.65,89.41892,0.2,0.3,0.397
2023-02-05 04:00:00+00:00,-6.15,87.40854,0.1,0.3,0.397
2023-02-05 05:00:00+00:00,-5.95,85.4207,0.0,0.3,0.397
2023-02-05 06:00:00+00:00,-5.2,85.50587,0.0,0.3,0.396
2023-02-05 07:00:00+00:00,-4.0,82.429634,0.1,0.3,0.396
2023-02-05 08:00:00+00:00,-3.1,78.25978,0.0,0.3,0.396
2023-02-05 09:00:00+00:00,-2.55,80.15523,0.1,0.3,0.396
2023-02-05 10:00:00+00:00,-1.6,80.29546,0.2,0.3,0.396
2023-02-05 11:00:00+00:00,-0.75,80.720924,0.3,0.3,0.396
2023-02-05 12:00:00+00:00,-1.65,82.74047,0.5,0.35,0.396
2023-02-05 13:00:00+00:00,-1.75,86.21042,0.6,0.35,0.396
2023-02-05 14:00:00+00:00,-2.2,90.798645,0.9,0.35,0.396
2023-02-05 15:00:00+00:00,-2.8,93.86521,1.0,0.35,0.396
2023-02-05 16:00:00+00:00,-2.35,91.810684,0.9,0.35,0.395
2023-02-05 17:00:00+00:00,-2.15,92.85538,1.2,0.35,0.395
2023-02-05 18:00:00+00:00,-2.45,94.23296,0.4,0.35,0.395
2023-02-05 19:00:00+00:00,-2.15,93.20154,0.6,0.35,0.395
2023-02-05 20:00:00+00:00,-2.35,94.2376,0.7,0.35,0.395
2023-02-05 21:00:00+00:00,-2.85,94.92084,0.6,0.4,0.395
2023-02-05 22:00:00+00:00,-1.95,93.55921,0.9,0.4,0.395
2023-02-05 23:00:00+00:00,-1.7,94.26775,1.7,0.4,0.395
2023-02-06 00:00:00+00:00,-1.2,95.69028,2.5,0.4,0.395
2023-02-06 01:00:00+00:00,-1.7,97.81515,2.2,0.4,0.395
2023-02-06 02:00:00+00:00,-1.45,98.54168,2.5,0.4,0.395
2023-02-06 03:00:00+00:00,-1.1,99.27057,2.6,0.4,0.395
2023-02-06 04:00:00+00:00,-1.0,98.54706,2.4,0.45,0.394
2023-02-06 05:00:00+00:00,-0.5,97.479965,2.6,0.45,0.394
2023-02-06 06:00:00+00:00,0.4,95.74558,2.5,0.45,0.394
2023-02-06 07:00:00+00:00,0.6,94.71586,2.3,0.45,0.394
2023-02-06 08:00:00+00:00,0.95,93.706795,2.3,0.45,0.394
2023-02-06 09:00:00+00:00,1.3,86.529655,1.3,0.45,0.394
2023-02-06 10:00:00+00:00,2.0,83.20773,0.8,0.45,0.394
2023-02-06 11:00:00+00:00,1.9,86.90594,0.7,0.45,0.394
2023-02-06 12:00:00+00:00,1.95,84.42204,1.0,0.5,0.394
2023-02-06 13:00:00+00:00,1.3,90.39078,1.8,0.5,0.394
2023-02-06 14:00:00+00:00,0.85,94.04223,1.1,0.5,0.394
2023-02-06 15:00:00+00:00,-0.4,96.42023,2.5,0.5,0.393
2023-02-06 16:00:00+00:00,-0.45,98.1949,3.0,0.5,0.393
2023-02-06 17:00:00+00:00,-0.15,97.132774,2.6,0.5,0.393
2023-02-06 18:00:00+00:00,-0.05,94.68828,0.4,0.55,0.393
2023-02-06 19:00:00+00:00,-0.9,96.75988,0.5,0.55,0.393
2023-02-06 20:00:00+00:00,-0.5,96.06539,2.3,0.55,0.393
2023-02-06 21:00:00+00:00,-0.65,97.83385,3.2,0.55,0.393
2023-02-06 22:00:00+00:00,-0.45,96.06698,0.8,0.55,0.393
2023-02-06 23:00:00+00:00,-0.6,96.76776,0.6,0.55,0.393
2023-02-07 00:00:00+00:00,-0.2,96.07493,0.5,0.6,0.393
2023-02-07 01:00:00+00:00,-0.8,95.00439,1.3,0.6,0.393
2023-02-07 02:00:00+00:00,-0.55,93.631096,0.2,0.6,0.393
2023-02-07 03:00:00+00:00,-1.75,93.91693,0.4,0.6,0.393
2023-02-07 04:00:00+00:00,-2.5,93.1824,0.8,0.6,0.392
2023-02-07 05:00:00+00:00,-1.6,89.50157,1.4,0.6,0.392
2023-02-07 06:00:00+00:00,-0.6,90.91432,0.7,0.6,0.392
2023-02-07 07:00:00+00:00,0.15,88.66322,0.3,0.65,0.392
2023-02-07 08:00:00+00:00,0.55,84.56718,0.2,0.65,0.392
2023-02-07 09:00:00+00:00,1.1,78.05173,0.2,0.65,0.392
2023-02-07 10:00:00+00:00,0.9,78.59929,0.3,0.65,0.392
2023-02-07 11:00:00+00:00,0.65,83.343414,0.7,0.65,0.392
2023-02-07 12:00:00+00:00,1.9,51.9151,0.5,0.7,0.402
2023-02-07 13:00:00+00:00,0.75,70.2647,0.0,0.7,0.403
2023-02-07 14:00:00+00:00,-0.4,83.21111,0.0,0.7,0.403
2023-02-07 15:00:00+00:00,-2.15,84.88276,0.1,0.7,0.403
2023-02-07 16:00:00+00:00,-1.35,83.40169,0.6,0.75,0.403
2023-02-07 17:00:00+00:00,-1.65,84.62317,0.1,0.75,0.403
2023-02-07 18:00:00+00:00,-2.25,92.16023,0.0,0.75,0.402
2023-02-07 19:00:00+00:00,-2.95,94.9167,0.2,0.75,0.402
2023-02-07 20:00:00+00:00,-2.1,94.59985,0.5,0.75,0.402
2023-02-07 21:00:00+00:00,-2.25,94.24226,1.0,0.8,0.402
2023-02-07 22:00:00+00:00,-2.5,91.80088,1.1,0.8,0.402
2023-02-07 23:00:00+00:00,-3.1,79.161964,0.4,0.8,0.402
2023-02-08 00:00:00+00:00,-2.9,78.59127,0.4,0.8,0.4
2023-02-08 01:00:00+00:00,-3.35,71.03903,0.1,0.85,0.4
2023-02-08 02:00:00+00:00,-3.65,74.640976,0.2,0.85,0.399
2023-02-08 03:00:00+00:00,-3.75,77.854836,0.5,0.85,0.399
2023-02-08 04:00:00+00:00,-3.75,79.36479,0.5,0.9,0.399
2023-02-08 05:00:00+00:00,-3.75,79.976036,0.4,0.9,0.399
2023-02-08 06:00:00+00:00,-3.6,80.305435,0.3,0.9,0.399
2023-02-08 07:00:00+00:00,-3.3,77.928474,0.2,0.95,0.399
2023-02-08 08:00:00+00:00,-2.7,71.17163,0.1,0.95,0.399
2023-02-08 09:00:00+00:00,-2.1,67.82013,0.3,1.0,0.399
2023-02-08 10:00:00+00:00,-1.45,65.655525,0.3,1.0,0.398
2023-02-08 11:00:00+00:00,-1.45,67.96333,0.6,1.05,0.398
2023-02-08 12:00:00+00:00,-1.7,73.30448,0.3,1.1,0.398
2023-02-08 13:00:00+00:00,-1.8,73.8458,0.2,1.1,0.397
2023-02-08 14:00:00+00:00,-1.9,75.81967,0.1,1.15,0.397
2023-02-08 15:00:00+00:00,-2.15,82.675,0.2,1.15,0.397
2023-02-08 16:00:00+00:00,-2.7,79.82892,0.0,1.2,0.397
2023-02-08 17:00:00+00:00,-4.15,85.62391,0.0,1.2,0.397
2023-02-08 18:00:00+00:00,-4.9,88.20552,0.0,1.25,0.397
2023-02-08 19:00:00+00:00,-3.3,87.02706,0.1,1.25,0.397
2023-02-08 20:00:00+00:00,-3.8,84.36725,0.0,1.25,0.397
2023-02-08 21:00:00+00:00,-4.0,68.99638,0.0,1.3,0.397
2023-02-08 22:00:00+00:00,-4.0,59.88219,0.0,1.3,0.396
2023-02-08 23:00:00+00:00,-4.45,56.969467,0.0,1.3,0.396
2023-02-09 00:00:00+00:00,-5.8,76.30993,0.0,1.35,0.395
2023-02-09 01:00:00+00:00,-5.5,66.79122,0.0,1.35,0.395
2023-02-09 02:00:00+00:00,-6.35,73.553894,0.0,1.35,0.395
2023-02-09 03:00:00+00:00,-7.0,68.06428,0.0,1.4,0.395
2023-02-09 04:00:00+00:00,-6.25,54.88797,0.0,1.4,0.395
2023-02-09 05:00:00+00:00,-8.05,70.90672,0.0,1.4,0.395
2023-02-09 06:00:00+00:00,-6.75,64.658844,0.0,1.4,0.395
2023-02-09 07:00:00+00:00,-5.55,59.475628,0.0,1.4,0.394
2023-02-09 08:00:00+00:00,-4.3,54.99224,0.0,1.45,0.394
2023-02-09 09:00:00+00:00,-3.35,50.604126,0.0,1.45,0.394
2023-02-09 10:00:00+00:00,-2.65,50.00296,0.0,1.45,0.394
2023-02-09 11:00:00+00:00,-2.0,49.795673,0.0,1.45,0.394
2023-02-09 12:00:00+00:00,-2.1,51.579853,0.0,1.45,0.392
2023-02-09 13:00:00+00:00,-2.35,54.880432,0.0,1.45,0.392
2023-02-09 14:00:00+00:00,-2.35,49.494663,0.0,1.45,0.392
2023-02-09 15:00:00+00:00,-4.9,60.125256,0.0,1.45,0.392
2023-02-09 16:00:00+00:00,-5.9,63.579697,0.0,1.5,0.392
2023-02-09 17:00:00+00:00,-6.65,64.16487,0.0,1.5,0.391
2023-02-09 18:00:00+00:00,-5.8,59.170685,0.0,1.45,0.391
2023-02-09 19:00:00+00:00,-6.55,60.66664,0.0,1.45,0.391
2023-02-09 20:00:00+00:00,-6.1,59.570137,0.0,1.45,0.391
2023-02-09 21:00:00+00:00,-6.9,63.588837,0.0,1.45,0.391
2023-02-09 22:00:00+00:00,-7.7,68.456535,0.0,1.45,0.391
2023-02-09 23:00:00+00:00,-8.25,72.306816,0.0,1.45,0.391
2023-02-10 00:00:00+00:00,-10.2,85.60948,0.0,1.4,0.389
2023-02-10 01:00:00+00:00,-10.4,86.97424,0.0,1.4,0.389
2023-02-10 02:00:00+00:00,-11.75,88.97274,0.0,1.4,0.389
2023-02-10 03:00:00+00:00,-11.25,88.65899,0.0,1.35,0.389
2023-02-10 04:00:00+00:00,-11.55,92.28553,0.0,1.35,0.389
2023-02-10 05:00:00+00:00,-12.7,94.87337,0.0,1.35,0.389
2023-02-10 06:00:00+00:00,-11.7,89.33848,0.0,1.35,0.389
2023-02-10 07:00:00+00:00,-9.45,80.699104,0.0,1.3,0.389
2023-02-10 08:00:00+00:00,-8.0,69.22307,0.0,1.3,0.389
2023-02-10 09:00:00+00:00,-6.65,61.878933,0.0,1.3,0.389
2023-02-10 10:00:00+00:00,-5.6,58.27758,0.0,1.3,0.388
2023-02-10 11:00:00+00:00,-4.65,55.78416,0.0,1.3,0.388
2023-02-10 12:00:00+00:00,-4.85,61.59405,0.0,1.3,0.391
2023-02-10 13:00:00+00:00,-4.95,58.45197,0.0,1.3,0.391
2023-02-10 14:00:00+00:00,-4.95,57.06159,0.0,1.3,0.391
2023-02-10 15:00:00+00:00,-5.75,59.662464,0.0,1.35,0.39
2023-02-10 16:00:00+00:00,-8.95,67.34771,0.0,1.3,0.39
2023-02-10 17:00:00+00:00,-8.75,66.57482,0.0,1.3,0.39
2023-02-10 18:00:00+00:00,-8.6,66.60986,0.0,1.3,0.39
2023-02-10 19:00:00+00:00,-7.75,64.67809,0.0,1.3,0.39
2023-02-10 20:00:00+00:00,-8.6,68.81162,0.0,1.3,0.39
2023-02-10 21:00:00+00:00,-9.35,73.561775,0.0,1.25,0.39
2023-02-10 22:00:00+00:00,-9.95,76.49282,0.0,1.25,0.39
2023-02-10 23:00:00+00:00,-10.55,78.59535,0.0,1.25,0.39
2023-02-11 00:00:00+00:00,-11.25,87.23705,0.0,1.25,0.394
2023-02-11 01:00:00+00:00,-12.05,86.79973,0.0,1.2,0.394
2023-02-11 02:00:00+00:00,-11.55,85.80138,0.0,1.2,0.394
2023-02-11 03:00:00+00:00,-11.85,87.17493,0.0,1.15,0.394
2023-02-11 04:00:00+00:00,-12.05,88.22512,0.0,1.15,0.394
2023-02-11 05:00:00+00:00,-12.35,91.11673,0.0,1.15,0.394
2023-02-11 06:00:00+00:00,-12.65,88.89113,0.0,1.1,0.394
2023-02-11 07:00:00+00:00,-10.15,83.23844,0.0,1.1,0.394
2023-02-11 08:00:00+00:00,-8.55,71.376434,0.0,1.1,0.394
2023-02-11 09:00:00+00:00,-7.25,64.27753,0.0,1.1,0.394
2023-02-11 10:00:00+00:00,-6.2,59.784706,0.0,1.1,0.394
2023-02-11 11:00:00+00:00,-5.45,57.154858,0.0,1.1,0.393
2023-02-11 12:00:00+00:00,-6.5,62.670357,0.0,1.1,0.393
2023-02-11 13:00:00+00:00,-6.2,58.588303,0.0,1.1,0.393
2023-02-11 14:00:00+00:00,-8.15,64.58094,0.0,1.1,0.393
2023-02-11 15:00:00+00:00,-7.55,61.398403,0.0,1.1,0.393
2023-02-11 16:00:00+00:00,-7.85,60.573994,0.0,1.1,0.393
2023-02-11 17:00:00+00:00,-10.35,65.38128,0.0,1.1,0.393
2023-02-11 18:00:00+00:00,-8.5,62.164284,0.0,1.1,0.392
2023-02-11 19:00:00+00:00,-8.7,63.921547,0.0,1.05,0.392
2023-02-11 20:00:00+00:00,-9.2,66.197784,0.0,1.05,0.392
2023-02-11 21:00:00+00:00,-10.05,70.77295,0.0,1.05,0.392
2023-02-11 22:00:00+00:00,-11.0,74.1461,0.0,1.0,0.392
2023-02-11 23:00:00+00:00,-11.1,74.73861,0.0,1.0,0.392
2023-02-12 00:00:00+00:00,-13.15,87.397484,0.0,1.0,0.391
2023-02-12 01:00:00+00:00,-13.35,89.19293,0.0,0.95,0.391
2023-02-12 02:00:00+00:00,-13.65,90.27449,0.0,0.95,0.391
2023-02-12 03:00:00+00:00,-14.05,94.038155,0.0,0.95,0.391
2023-02-12 04:00:00+00:00,-14.55,90.576225,0.0,0.9,0.391
2023-02-12 05:00:00+00:00,-16.45,89.665375,0.0,0.9,0.391
2023-02-12 06:00:00+00:00,-14.7,88.333565,0.0,0.9,0.391
2023-02-12 07:00:00+00:00,-13.4,85.58817,0.0,0.9,0.391
2023-02-12 08:00:00+00:00,-11.6,73.42096,0.0,0.9,0.391
2023-02-12 09:00:00+00:00,-9.95,63.874615,0.0,0.85,0.391
2023-02-12 10:00:00+00:00,-8.7,58.875633,0.0,0.85,0.391
2023-02-12 11:00:00+00:00,-7.65,55.625042,0.0,0.85,0.391
2023-02-12 12:00:00+00:00,-7.95,57.87675,0.0,0.85,0.392
2023-02-12 13:00:00+00:00,-7.7,55.610947,0.0,0.85,0.392
2023-02-12 14:00:00+00:00,-8.55,59.64909,0.0,0.85,0.392
2023-02-12 15:00:00+00:00,-9.3,59.94327,0.0,0.85,0.392
2023-02-12 16:00:00+00:00,-9.35,57.73169,0.0,0.85,0.391
2023-02-12 17:00:00+00:00,-9.55,56.015606,0.0,0.85,0.391
2023-02-12 18:00:00+00:00,-9.7,56.443604,0.0,0.85,0.391
2023-02-12 19:00:00+00:00,-10.15,58.97273,0.0,0.85,0.391
2023-02-12 20:00:00+00:00,-10.55,61.12362,0.0,0.85,0.391
2023-02-12 21:00:00+00:00,-11.15,64.64571,0.0,0.85,0.391
2023-02-12 22:00:00+00:00,-11.8,67.80749,0.0,0.8,0.391
2023-02-12 23:00:00+00:00,-12.55,70.23628,0.0,0.8,0.391
2023-02-13 00:00:00+00:00,-14.85,83.64812,0.0,0.8,0.39
2023-02-13 01:00:00+00:00,-15.6,87.50872,0.0,0.8,0.39
2023-02-13 02:00:00+00:00,-16.05,90.45709,0.0,0.8,0.39
2023-02-13 03:00:00+00:00,-16.35,92.74464,0.0,0.75,0.39
2023-02-13 04:00:00+00:00,-16.7,95.0942,0.0,0.75,0.39
2023-02-13 05:00:00+00:00,-17.5,90.72503,0.0,0.75,0.39
2023-02-13 06:00:00+00:00,-16.3,85.60636,0.0,0.75,0.39
2023-02-13 07:00:00+00:00,-14.3,75.38539,0.0,0.7,0.39
2023-02-13 08:00:00+00:00,-12.3,65.73081,0.0,0.7,0.39
2023-02-13 09:00:00+00:00,-10.8,62.08811,0.0,0.7,0.39
2023-02-13 10:00:00+00:00,-9.15,60.231762,0.0,0.7,0.39
2023-02-13 11:00:00+00:00,-8.1,59.037254,0.0,0.7,0.39
2023-02-13 12:00:00+00:00,-8.5,56.779175,0.0,-0.25,0.39
2023-02-13 13:00:00+00:00,-8.2,51.4725,0.0,-0.25,0.39
2023-02-13 14:00:00+00:00,-8.65,52.86389,0.0,-0.2,0.389
2023-02-13 15:00:00+00:00,-9.4,54.44082,0.0,-0.2,0.389
2023-02-13 16:00:00+00:00,-9.55,52.599705,0.0,-0.2,0.389
2023-02-13 17:00:00+00:00,-9.7,51.894806,0.0,-0.2,0.389
2023-02-13 18:00:00+00:00,-10.0,53.360462,0.0,-0.2,0.389
2023-02-13 19:00:00+00:00,-9.8,51.64647,0.0,-0.2,0.389
2023-02-13 20:00:00+00:00,-9.95,51.8205,0.0,-0.2,0.389
2023-02-13 21:00:00+00:00,-10.5,55.045135,0.0,-0.2,0.389
2023-02-13 22:00:00+00:00,-11.7,61.594776,0.0,-0.2,0.389
2023-02-13 23:00:00+00:00,-12.45,66.80979,0.0,-0.2,0.389
2023-02-14 00:00:00+00:00,-13.85,75.469635,0.0,-0.05,0.389
2023-02-14 01:00:00+00:00,-15.1,76.847916,0.0,-0.05,0.389
2023-02-14 02:00:00+00:00,-14.2,74.14264,0.0,-0.05,0.389
2023-02-14 03:00:00+00:00,-14.3,73.18879,0.0,-0.05,0.389
2023-02-14 04:00:00+00:00,-14.7,73.419075,0.0,-0.05,0.389
2023-02-14 05:00:00+00:00,-16.8,75.88484,0.0,-0.05,0.389
2023-02-14 06:00:00+00:00,-15.25,71.453896,0.0,-0.05,0.389
2023-02-14 07:00:00+00:00,-12.65,61.345375,0.0,-0.05,0.389
2023-02-14 08:00:00+00:00,-11.15,54.625454,0.0,-0.05,0.388
2023-02-14 09:00:00+00:00,-9.9,50.75005,0.0,-0.05,0.388
2023-02-14 10:00:00+00:00,-8.65,46.79887,0.0,-0.05,0.388
2023-02-14 11:00:00+00:00,-7.55,45.96682,0.0,-0.05,0.388
2023-02-14 12:00:00+00:00,-7.6,48.320843,0.0,-0.35,0.388
2023-02-14 13:00:00+00:00,-7.35,44.508152,0.0,-0.3,0.388
2023-02-14 14:00:00+00:00,-8.4,48.892036,0.0,-0.3,0.388
2023-02-14 15:00:00+00:00,-11.3,55.517815,0.0,-0.3,0.388
2023-02-14 16:00:00+00:00,-9.6,49.987354,0.0,-0.3,0.388
2023-02-14 17:00:00+00:00,-9.9,49.685112,0.0,-0.3,0.388
2023-02-14 18:00:00+00:00,-10.25,49.790237,0.0,-0.3,0.388
2023-02-14 19:00:00+00:00,-10.75,51.14404,0.0,-0.3,0.388
2023-02-14 20:00:00+00:00,-11.5,53.830925,0.0,-0.3,0.388
2023-02-14 21:00:00+00:00,-12.0,54.84584,0.0,-0.3,0.388
2023-02-14 22:00:00+00:00,-12.15,53.181454,0.0,-0.3,0.388
2023-02-14 23:00:00+00:00,-12.7,54.87803,0.0,-0.3,0.388
2023-02-15 00:00:00+00:00,-14.2,71.98033,0.0,-1.05,0.388
2023-02-15 01:00:00+00:00,-14.6,74.69425,0.0,-1.05,0.388
2023-02-15 02:00:00+00:00,-14.9,77.20955,0.0,-1.05,0.388
2023-02-15 03:00:00+00:00,-15.1,79.49364,0.0,-1.0,0.388
2023-02-15 04:00:00+00:00,-15.1,80.50661,0.0,-1.0,0.388
2023-02-15 05:00:00+00:00,-14.75,79.88546,0.0,-1.0,0.387
2023-02-15 06:00:00+00:00,-13.4,71.84376,0.0,-1.0,0.387
2023-02-15 07:00:00+00:00,-12.05,62.551014,0.0,-1.0,0.387
2023-02-15 08:00:00+00:00,-10.95,61.790184,0.0,-0.95,0.387
2023-02-15 09:00:00+00:00,-9.9,63.887054,0.1,-0.95,0.387
2023-02-15 10:00:00+00:00,-9.0,64.9032,0.1,-0.95,0.387
2023-02-15 11:00:00+00:00,-8.1,66.1872,0.1,-0.95,0.387
2023-02-15 12:00:00+00:00,-8.05,69.49202,0.0,-1.3,0.387
2023-02-15 13:00:00+00:00,-8.1,76.20603,0.0,-1.3,0.387
2023-02-15 14:00:00+00:00,-8.2,68.90012,0.0,-1.3,0.387
2023-02-15 15:00:00+00:00,-8.9,71.88382,0.0,-1.25,0.387
2023-02-15 16:00:00+00:00,-9.4,71.19958,0.0,-1.25,0.387
2023-02-15 17:00:00+00:00,-9.6,67.473976,0.0,-1.25,0.387
2023-02-15 18:00:00+00:00,-9.8,64.97589,0.0,-1.2,0.387
2023-02-15 19:00:00+00:00,-9.9,62.061596,0.0,-1.2,0.387
2023-02-15 20:00:00+00:00,-10.0,60.25637,0.0,-1.2,0.387
2023-02-15 21:00:00+00:00,-10.15,59.467457,0.0,-1.2,0.387
2023-02-15 22:00:00+00:00,-10.3,58.685863,0.0,-1.15,0.387
2023-02-15 23:00:00+00:00,-10.85,60.282143,0.0,-1.15,0.387
2023-02-16 00:00:00+00:00,-11.95,61.789722,0.0,-1.2,0.387
2023-02-16 01:00:00+00:00,-11.95,62.57674,0.0,-1.2,0.387
2023-02-16 02:00:00+00:00,-12.35,63.539074,0.0,-1.15,0.387
2023-02-16 03:00:00+00:00,-12.55,63.757595,0.0,-1.15,0.387
2023-02-16 04:00:00+00:00,-12.15,60.444286,0.0,-1.15,0.386
2023-02-16 05:00:00+00:00,-12.5,62.434982,0.0,-1.15,0.386
2023-02-16 06:00:00+00:00,-12.25,61.71136,0.0,-1.15,0.386
2023-02-16 07:00:00+00:00,-10.95,70.2905,0.0,-1.1,0.386
2023-02-16 08:00:00+00:00,-8.7,54.641914,0.0,-1.1,0.386
2023-02-16 09:00:00+00:00,-7.2,52.63045,0.0,-1.1,0.386
2023-02-16 10:00:00+00:00,-6.15,51.862724,0.0,-1.1,0.386
2023-02-16 11:00:00+00:00,-5.1,50.08809,0.0,-1.1,0.386
2023-02-16 12:00:00+00:00,-5.55,52.463867,0.0,-1.3,0.386
2023-02-16 13:00:00+00:00,-5.25,39.203285,0.0,-1.3,0.386
2023-02-16 14:00:00+00:00,-6.05,41.661205,0.0,-1.25,0.386
2023-02-16 15:00:00+00:00,-12.6,58.801033,0.0,-1.25,0.386
2023-02-16 16:00:00+00:00,-13.8,60.77903,0.0,-1.25,0.386
2023-02-16 17:00:00+00:00,-14.35,61.95299,0.0,-1.25,0.386
2023-02-16 18:00:00+00:00,-15.1,61.487984,0.0,-1.2,0.386
2023-02-16 19:00:00+00:00,-14.8,59.21156,0.0,-1.2,0.386
2023-02-16 20:00:00+00:00,-12.2,51.588604,0.0,-1.2,0.386
2023-02-16 21:00:00+00:00,-11.2,48.656834,0.0,-1.2,0.386
2023-02-16 22:00:00+00:00,-10.5,46.0245,0.0,-1.2,0.386
2023-02-16 23:00:00+00:00,-10.65,45.779766,0.0,-1.15,0.386
2023-02-17 00:00:00+00:00,-11.8,48.681522,0.0,-0.55,0.386
2023-02-17 01:00:00+00:00,-12.15,49.42236,0.0,-0.55,0.386
2023-02-17 02:00:00+00:00,-12.45,50.411057,0.0,-0.55,0.386
2023-02-17 03:00:00+00:00,-12.45,49.976116,0.0,-0.55,0.386
2023-02-17 04:00:00+00:00,-12.6,50.1473,0.0,-0.55,0.386
2023-02-17 05:00:00+00:00,-12.7,50.773384,0.0,-0.55,0.385
2023-02-17 06:00:00+00:00,-11.9,49.713356,0.0,-0.55,0.385
2023-02-17 07:00:00+00:00,-10.25,50.002625,0.0,-0.55,0.385
2023-02-17 08:00:00+00:00,-8.5,50.53022,0.0,-0.55,0.385
2023-02-17 09:00:00+00:00,-7.1,50.110424,0.0,-0.55,0.385
2023-02-17 10:00:00+00:00,-6.0,50.02545,0.0,-0.55,0.385
2023-02-17 11:00:00+00:00,-5.2,50.263165,0.0,-0.55,0.385
2023-02-17 12:00:00+00:00,-5.35,51.67365,0.0,-0.8,0.385
2023-02-17 13:00:00+00:00,-6.85,65.68315,0.0,-0.75,0.385
2023-02-17 14:00:00+00:00,-6.5,51.125225,0.0,-0.75,0.385
2023-02-17 15:00:00+00:00,-8.65,56.97297,0.0,-0.75,0.385
2023-02-17 16:00:00+00:00,-8.5,53.57329,0.0,-0.75,0.385
2023-02-17 17:00:00+00:00,-7.85,49.264446,0.0,-0.75,0.385
2023-02-17 18:00:00+00:00,-7.85,47.04584,0.0,-0.75,0.385
2023-02-17 19:00:00+00:00,-8.0,46.02074,0.0,-0.75,0.385
2023-02-17 20:00:00+00:00,-8.2,46.348133,0.0,-0.75,0.385
2023-02-17 21:00:00+00:00,-8.55,47.426826,0.0,-0.75,0.385
2023-02-17 22:00:00+00:00,-8.85,48.345276,0.0,-0.75,0.385
2023-02-17 23:00:00+00:00,-9.1,48.884872,0.0,-0.75,0.385
2023-02-18 00:00:00+00:00,-10.15,51.324013,0.0,-1.5,0.385
2023-02-18 01:00:00+00:00,-10.3,50.845272,0.0,-1.5,0.385
2023-02-18 02:00:00+00:00,-10.75,52.02287,0.0,-1.5,0.385
2023-02-18 03:00:00+00:00,-10.95,52.185196,0.0,-1.45,0.385
2023-02-18 04:00:00+00:00,-11.1,52.587223,0.0,-1.45,0.385
2023-02-18 05:00:00+00:00,-11.2,53.234203,0.0,-1.45,0.385
2023-02-18 06:00:00+00:00,-10.1,50.68987,0.0,-1.45,0.385
2023-02-18 07:00:00+00:00,-9.0,53.651897,0.0,-1.4,0.385
2023-02-18 08:00:00+00:00,-7.75,54.913094,0.0,-1.4,0.385
2023-02-18 09:00:00+00:00,-6.2,54.456207,0.0,-1.4,0.385
2023-02-18 10:00:00+00:00,-4.6,53.81355,0.0,-1.4,0.385
2023-02-18 11:00:00+00:00,-3.75,54.054623,0.0,-1.35,0.384
2023-02-18 12:00:00+00:00,-4.45,57.887974,0.0,-1.75,0.384
2023-02-18 13:00:00+00:00,-5.4,67.34577,0.0,-1.7,0.384
2023-02-18 14:00:00+00:00,-5.3,56.50838,0.0,-1.7,0.384
2023-02-18 15:00:00+00:00,-6.0,58.641945,0.0,-1.7,0.384
2023-02-18 16:00:00+00:00,-6.3,58.088726,0.0,-1.65,0.384
2023-02-18 17:00:00+00:00,-6.35,56.21776,0.0,-1.65,0.384
2023-02-18 18:00:00+00:00,-6.5,55.492924,0.0,-1.6,0.384
2023-02-18 19:00:00+00:00,-6.55,55.7058,0.0,-1.6,0.384
2023-02-18 20:00:00+00:00,-6.85,56.5387,0.0,-1.6,0.384
2023-02-18 21:00:00+00:00,-6.95,56.7424,0.0,-1.55,0.384
2023-02-18 22:00:00+00:00,-7.4,59.224785,0.0,-1.55,0.384
2023-02-18 23:00:00+00:00,-7.65,60.133263,0.0,-1.55,0.384
2023-02-19 00:00:00+00:00,-8.1,64.33079,0.0,-2.2,0.384
2023-02-19 01:00:00+00:00,-7.55,63.17097,0.0,-2.15,0.384
2023-02-19 02:00:00+00:00,-8.1,65.385826,0.0,-2.1,0.384
2023-02-19 03:00:00+00:00,-8.4,66.92796,0.0,-2.1,0.384
2023-02-19 04:00:00+00:00,-8.6,68.53289,0.0,-2.05,0.384
2023-02-19 05:00:00+00:00,-8.55,68.54405,0.0,-2.0,0.384
2023-02-19 06:00:00+00:00,-6.45,59.23712,0.0,-2.0,0.384
2023-02-19 07:00:00+00:00,-4.85,58.012123,0.0,-1.95,0.384
2023-02-19 08:00:00+00:00,-3.25,58.20957,0.0,-1.95,0.384
2023-02-19 09:00:00+00:00,-1.5,56.206455,0.0,-1.9,0.384
2023-02-19 10:00:00+00:00,-0.15,50.53327,0.0,-1.9,0.384
2023-02-19 11:00:00+00:00,0.4,50.29831,0.0,-1.85,0.384
2023-02-19 12:00:00+00:00,-0.05,57.925674,0.0,-2.1,0.384
2023-02-19 13:00:00+00:00,-0.6,67.119385,0.0,-2.05,0.384
2023-02-19 14:00:00+00:00,-2.4,79.2702,0.0,-2.0,0.384
2023-02-19 15:00:00+00:00,-2.0,73.527336,0.0,-1.95,0.384
2023-02-19 16:00:00+00:00,-2.85,77.70457,0.0,-1.95,0.384
2023-02-19 17:00:00+00:00,-6.8,85.657074,0.0,-1.9,0.384
2023-02-19 18:00:00+00:00,-8.0,85.52084,0.0,-1.9,0.384
2023-02-19 19:00:00+00:00,-8.3,84.81285,0.0,-1.85,0.384
2023-02-19 20:00:00+00:00,-5.8,79.97589,0.0,-1.85,0.384
2023-02-19 21:00:00+00:00,-5.6,79.695206,0.0,-1.8,0.383
2023-02-19 22:00:00+00:00,-4.9,79.49366,0.0,-1.8,0.383
2023-02-19 23:00:00+00:00,-5.1,81.96386,0.0,-1.75,0.383
2023-02-20 00:00:00+00:00,-5.35,85.4889,0.0,-1.15,0.383
2023-02-20 01:00:00+00:00,-5.45,87.14175,0.0,-1.15,0.383
2023-02-20 02:00:00+00:00,-5.8,90.18258,0.0,-1.15,0.383
2023-02-20 03:00:00+00:00,-6.0,93.344376,0.0,-1.15,0.383
2023-02-20 04:00:00+00:00,-6.35,98.104614,0.0,-1.15,0.383
2023-02-20 05:00:00+00:00,-5.9,95.88773,0.0,-1.1,0.383
2023-02-20 06:00:00+00:00,-4.45,84.93727,0.0,-1.1,0.383
2023-02-20 07:00:00+00:00,-3.05,79.7761,0.0,-1.1,0.383
2023-02-20 08:00:00+00:00,-2.0,80.23658,0.0,-1.1,0.383
2023-02-20 09:00:00+00:00,-1.0,79.48428,0.0,-1.1,0.383
2023-02-20 10:00:00+00:00,0.05,77.5934,0.0,-1.1,0.383
2023-02-20 11:00:00+00:00,1.05,73.82073,0.0,-1.05,0.383
2023-02-20 12:00:00+00:00,1.2,71.949776,0.0,-0.25,0.383
2023-02-20 13:00:00+00:00,0.95,75.18758,0.0,-0.25,0.383
2023-02-20 14:00:00+00:00,-0.35,81.685394,0.0,-0.25,0.383
2023-02-20 15:00:00+00:00,-0.7,80.42702,0.0,-0.25,0.383
2023-02-20 16:00:00+00:00,-1.65,85.25914,0.0,-0.25,0.383
2023-02-20 17:00:00+00:00,-2.35,82.64871,0.0,-0.25,0.383
2023-02-20 18:00:00+00:00,-1.3,76.78992,0.0,-0.25,0.383
2023-02-20 19:00:00+00:00,-1.25,75.93332,0.0,-0.25,0.383
2023-02-20 20:00:00+00:00,-1.05,75.396965,0.0,-0.25,0.383
2023-02-20 21:00:00+00:00,-1.15,79.16352,0.1,-0.25,0.383
2023-02-20 22:00:00+00:00,-1.8,86.20509,0.2,-0.25,0.383
2023-02-20 23:00:00+00:00,-2.2,90.46029,0.2,-0.25,0.383
2023-02-21 00:00:00+00:00,0.0,91.29106,0.2,-0.3,0.383
2023-02-21 01:00:00+00:00,-1.05,95.34434,0.3,-0.3,0.383
2023-02-21 02:00:00+00:00,-1.85,98.17407,0.4,-0.3,0.383
2023-02-21 03:00:00+00:00,-0.75,95.70594,0.5,-0.3,0.383
2023-02-21 04:00:00+00:00,-0.45,90.59112,0.1,-0.25,0.383
2023-02-21 05:00:00+00:00,-0.5,86.9839,0.0,-0.25,0.383
2023-02-21 06:00:00+00:00,0.7,76.83868,0.0,-0.25,0.383
2023-02-21 07:00:00+00:00,1.2,78.067665,0.0,-0.25,0.383
2023-02-21 08:00:00+00:00,2.0,75.37265,0.0,-0.25,0.383
2023-02-21 09:00:00+00:00,2.55,68.31753,0.0,-0.25,0.383
2023-02-21 10:00:00+00:00,3.0,63.05027,0.0,-0.25,0.383
2023-02-21 11:00:00+00:00,3.1,62.83965,0.0,-0.25,0.388
2023-02-21 12:00:00+00:00,2.3,58.320213,0.0,-0.25,0.402
2023-02-21 13:00:00+00:00,1.85,63.964787,0.0,-0.2,0.407
2023-02-21 14:00:00+00:00,0.4,66.08007,0.0,-0.2,0.407
2023-02-21 15:00:00+00:00,0.5,61.971146,0.0,-0.2,0.407
2023-02-21 16:00:00+00:00,-4.25,78.67838,0.0,-0.2,0.407
2023-02-21 17:00:00+00:00,-4.25,80.20889,0.0,-0.2,0.406
2023-02-21 18:00:00+00:00,-5.05,82.92622,0.0,-0.2,0.406
2023-02-21 19:00:00+00:00,-5.7,84.79027,0.0,-0.2,0.406
2023-02-21 20:00:00+00:00,-6.1,85.403595,0.0,-0.2,0.406
2023-02-21 21:00:00+00:00,-6.4,85.36925,0.0,-0.2,0.406
2023-02-21 22:00:00+00:00,-6.8,84.99068,0.0,-0.2,0.406
2023-02-21 23:00:00+00:00,-7.15,84.94945,0.0,-0.2,0.405
2023-02-22 00:00:00+00:00,-6.6,85.34631,0.0,-0.25,0.407
2023-02-22 01:00:00+00:00,-6.05,82.472534,0.0,-0.25,0.407
2023-02-22 02:00:00+00:00,-6.1,81.50672,0.0,-0.25,0.407
2023-02-22 03:00:00+00:00,-5.05,78.55059,0.0,-0.25,0.407
2023-02-22 04:00:00+00:00,-5.3,80.362915,0.0,-0.25,0.407
2023-02-22 05:00:00+00:00,-4.85,79.19407,0.0,-0.25,0.407
2023-02-22 06:00:00+00:00,-2.9,70.58406,0.0,-0.25,0.406
2023-02-22 07:00:00+00:00,-1.25,68.00723,0.0,-0.25,0.406
2023-02-22 08:00:00+00:00,0.15,65.027824,0.0,-0.25,0.406
2023-02-22 09:00:00+00:00,0.95,64.7228,0.0,-0.25,0.406
2023-02-22 10:00:00+00:00,2.2,62.622475,0.0,-0.25,0.406
2023-02-22 11:00:00+00:00,3.0,62.815605,0.0,-0.25,0.406
2023-02-22 12:00:00+00:00,2.85,60.928715,0.0,-0.2,0.406
2023-02-22 13:00:00+00:00,2.3,66.75702,0.0,-0.2,0.407
2023-02-22 14:00:00+00:00,1.2,67.012825,0.0,-0.2,0.408
2023-02-22 15:00:00+00:00,0.95,65.46013,0.0,-0.2,0.407
2023-02-22 16:00:00+00:00,-1.8,76.12556,0.0,-0.2,0.407
2023-02-22 17:00:00+00:00,-3.45,82.818115,0.0,-0.15,0.407
2023-02-22 18:00:00+00:00,-3.95,84.67178,0.0,-0.15,0.407
2023-02-22 19:00:00+00:00,-3.65,84.3853,0.0,-0.15,0.407
2023-02-22 20:00:00+00:00,-1.9,81.47133,0.0,-0.15,0.407
2023-02-22 21:00:00+00:00,-0.95,80.99477,0.0,-0.15,0.406
2023-02-22 22:00:00+00:00,-0.85,81.31233,0.0,-0.15,0.406
2023-02-22 23:00:00+00:00,-0.9,80.397896,0.0,-0.15,0.406
2023-02-23 00:00:00+00:00,-0.8,80.41247,0.0,-0.2,0.405
2023-02-23 01:00:00+00:00,-1.15,81.88138,0.0,-0.2,0.405
2023-02-23 02:00:00+00:00,-1.7,86.53863,0.0,-0.2,0.405
2023-02-23 03:00:00+00:00,-1.0,85.65054,0.0,-0.2,0.405
2023-02-23 04:00:00+00:00,-1.3,87.22731,0.0,-0.2,0.405
2023-02-23 05:00:00+00:00,-1.25,89.863045,0.0,-0.2,0.404
2023-02-23 06:00:00+00:00,0.15,82.05707,0.0,-0.2,0.404
2023-02-23 07:00:00+00:00,0.75,77.41952,0.0,-0.2,0.404
2023-02-23 08:00:00+00:00,0.85,78.301155,0.0,-0.2,0.404
2023-02-23 09:00:00+00:00,1.5,76.972015,0.0,-0.2,0.404
2023-02-23 10:00:00+00:00,2.25,76.25213,0.0,-0.2,0.409
2023-02-23 11:00:00+00:00,2.6,76.59127,0.0,-0.2,0.423
2023-02-23 12:00:00+00:00,3.5,70.30497,0.0,-0.15,0.441
2023-02-23 13:00:00+00:00,2.85,77.19458,0.0,-0.15,0.451
2023-02-23 14:00:00+00:00,2.8,73.6001,0.0,-0.15,0.452
2023-02-23 15:00:00+00:00,2.35,75.43392,0.0,-0.15,0.451
2023-02-23 16:00:00+00:00,-0.6,83.49573,0.0,-0.15,0.45
2023-02-23 17:00:00+00:00,-1.75,85.24782,0.0,-0.15,0.449
2023-02-23 18:00:00+00:00,-1.1,82.503075,0.0,-0.15,0.448
2023-02-23 19:00:00+00:00,-0.55,81.35419,0.0,-0.15,0.447
2023-02-23 20:00:00+00:00,-0.05,80.222435,0.0,-0.15,0.446
2023-02-23 21:00:00+00:00,-0.05,80.222435,0.0,-0.15,0.445
2023-02-23 22:00:00+00:00,-0.3,81.388954,0.0,-0.15,0.444
2023-02-23 23:00:00+00:00,-0.65,83.17939,0.0,-0.15,0.444
2023-02-24 00:00:00+00:00,-1.1,82.812065,0.0,-0.15,0.444
2023-02-24 01:00:00+00:00,-2.9,87.396454,0.0,-0.15,0.443
2023-02-24 02:00:00+00:00,-0.8,84.408134,0.0,-0.15,0.443
2023-02-24 03:00:00+00:00,-1.15,87.89288,0.0,-0.15,0.442
2023-02-24 04:00:00+00:00,-1.75,92.19145,0.0,-0.15,0.441
2023-02-24 05:00:00+00:00,-3.0,98.52293,0.0,-0.15,0.44
2023-02-24 06:00:00+00:00,-2.3,88.44448,0.0,-0.15,0.44
2023-02-24 07:00:00+00:00,-0.9,60.679626,0.0,-0.15,0.439
2023-02-24 08:00:00+00:00,0.35,52.07827,0.0,-0.15,0.438
2023-02-24 09:00:00+00:00,1.4,51.375084,0.0,-0.15,0.438
2023-02-24 10:00:00+00:00,2.25,46.153053,0.0,-0.15,0.437
2023-02-24 11:00:00+00:00,2.75,44.889263,0.0,-0.15,0.446
2023-02-24 12:00:00+00:00,1.85,43.92646,0.0,-0.1,0.456
2023-02-24 13:00:00+00:00,1.5,62.92571,0.0,-0.1,0.462
2023-02-24 14:00:00+00:00,1.95,38.444965,0.0,-0.1,0.461
2023-02-24 15:00:00+00:00,-2.65,56.112984,0.0,-0.1,0.46
2023-02-24 16:00:00+00:00,-3.95,60.37177,0.0,-0.1,0.458
2023-02-24 17:00:00+00:00,-4.5,59.990025,0.0,-0.1,0.457
2023-02-24 18:00:00+00:00,-4.4,56.302917,0.0,-0.1,0.456
2023-02-24 19:00:00+00:00,-5.6,59.70196,0.0,-0.1,0.454
2023-02-24 20:00:00+00:00,-5.85,57.97559,0.0,-0.1,0.453
2023-02-24 21:00:00+00:00,-4.85,51.400684,0.0,-0.1,0.452
2023-02-24 22:00:00+00:00,-4.5,48.26254,0.0,-0.1,0.451
2023-02-24 23:00:00+00:00,-4.8,48.172222,0.0,-0.1,0.45
2023-02-25 00:00:00+00:00,-6.6,60.40869,0.0,-0.15,0.45
2023-02-25 01:00:00+00:00,-7.9,66.502975,0.0,-0.15,0.449
2023-02-25 02:00:00+00:00,-7.7,66.013535,0.0,-0.15,0.448
2023-02-25 03:00:00+00:00,-8.65,69.64303,0.0,-0.15,0.447
2023-02-25 04:00:00+00:00,-8.95,71.00486,0.0,-0.15,0.446
2023-02-25 05:00:00+00:00,-8.55,77.66691,0.0,-0.15,0.446
2023-02-25 06:00:00+00:00,-6.4,68.74434,0.0,-0.15,0.445
2023-02-25 07:00:00+00:00,-4.6,66.733604,0.0,-0.15,0.444
2023-02-25 08:00:00+00:00,-2.95,58.519768,0.0,-0.15,0.443
2023-02-25 09:00:00+00:00,-1.15,53.50953,0.0,-0.15,0.443
2023-02-25 10:00:00+00:00,0.25,52.049828,0.0,-0.15,0.442
2023-02-25 11:00:00+00:00,1.2,52.72461,0.0,-0.15,0.441
2023-02-25 12:00:00+00:00,1.3,56.743866,0.0,-0.25,0.441
2023-02-25 13:00:00+00:00,1.45,57.87729,0.0,-0.2,0.442
2023-02-25 14:00:00+00:00,1.1,56.25762,0.0,-0.2,0.444
2023-02-25 15:00:00+00:00,-0.8,65.805504,0.0,-0.2,0.443
2023-02-25 16:00:00+00:00,0.25,63.10139,0.0,-0.2,0.442
2023-02-25 17:00:00+00:00,0.25,63.826363,0.0,-0.2,0.442
2023-02-25 18:00:00+00:00,0.25,64.31378,0.0,-0.2,0.441
2023-02-25 19:00:00+00:00,0.35,64.58223,0.0,-0.2,0.441
2023-02-25 20:00:00+00:00,0.2,67.55246,0.0,-0.2,0.44
2023-02-25 21:00:00+00:00,-0.2,72.762054,0.0,-0.2,0.439
2023-02-25 22:00:00+00:00,-0.9,76.8574,0.0,-0.2,0.439
2023-02-25 23:00:00+00:00,-0.4,75.22884,0.0,-0.2,0.438
2023-02-26 00:00:00+00:00,-1.7,80.58384,0.0,-0.15,0.438
2023-02-26 01:00:00+00:00,-2.35,86.14631,0.0,-0.15,0.437
2023-02-26 02:00:00+00:00,-2.6,88.417274,0.0,-0.15,0.437
2023-02-26 03:00:00+00:00,-3.0,89.04926,0.0,-0.15,0.436
2023-02-26 04:00:00+00:00,-3.1,90.73262,0.0,-0.15,0.436
2023-02-26 05:00:00+00:00,-1.85,85.8776,0.0,-0.15,0.435
2023-02-26 06:00:00+00:00,-0.75,81.02311,0.0,-0.15,0.435
2023-02-26 07:00:00+00:00,0.4,74.810036,0.0,-0.15,0.434
2023-02-26 08:00:00+00:00,1.6,69.91583,0.0,-0.15,0.434
2023-02-26 09:00:00+00:00,2.8,66.37354,0.0,-0.15,0.452
2023-02-26 10:00:00+00:00,3.65,64.38701,0.0,-0.1,0.477
2023-02-26 11:00:00+00:00,4.25,68.93047,0.0,-0.1,0.499
2023-02-26 12:00:00+00:00,4.0,68.12498,0.0,-0.55,0.494
2023-02-26 13:00:00+00:00,3.8,62.07982,0.0,-0.5,0.5
2023-02-26 14:00:00+00:00,3.55,59.08435,0.0,-0.5,0.495
2023-02-26 15:00:00+00:00,-1.55,77.33024,0.0,-0.5,0.49
2023-02-26 16:00:00+00:00,-2.0,78.43587,0.0,-0.5,0.485
2023-02-26 17:00:00+00:00,1.6,66.85075,0.0,-0.5,0.482
2023-02-26 18:00:00+00:00,1.5,66.08073,0.0,-0.5,0.479
2023-02-26 19:00:00+00:00,1.25,67.02394,0.0,-0.45,0.476
2023-02-26 20:00:00+00:00,0.9,68.21715,0.0,-0.45,0.474
2023-02-26 21:00:00+00:00,0.55,68.915665,0.0,-0.45,0.472
2023-02-26 22:00:00+00:00,0.15,69.87717,0.0,-0.45,0.47
2023-02-26 23:00:00+00:00,-0.3,71.65397,0.0,-0.45,0.469
2023-02-27 00:00:00+00:00,-1.6,77.321945,0.0,-0.1,0.467
2023-02-27 01:00:00+00:00,-2.15,79.00875,0.0,-0.1,0.466
2023-02-27 02:00:00+00:00,-2.55,79.54877,0.0,-0.1,0.464
2023-02-27 03:00:00+00:00,-3.0,81.31722,0.0,-0.1,0.463
2023-02-27 04:00:00+00:00,-5.2,87.16705,0.0,-0.1,0.462
2023-02-27 05:00:00+00:00,-4.7,89.58253,0.0,-0.1,0.461
2023-02-27 06:00:00+00:00,-2.35,82.96137,0.0,-0.1,0.46
2023-02-27 07:00:00+00:00,-1.0,76.840546,0.0,-0.1,0.459
2023-02-27 08:00:00+00:00,0.55,70.223564,0.0,-0.1,0.458
2023-02-27 09:00:00+00:00,2.0,64.24072,0.0,-0.1,0.457
2023-02-27 10:00:00+00:00,3.45,58.838116,0.0,-0.1,0.465
2023-02-27 11:00:00+00:00,4.25,63.114742,0.0,-0.1,0.49
2023-02-27 12:00:00+00:00,3.65,59.999123,0.0,-0.45,0.505
2023-02-27 13:00:00+00:00,2.65,74.660645,0.0,-0.4,0.507
2023-02-27 14:00:00+00:00,1.4,78.38789,0.0,-0.4,0.5
2023-02-27 15:00:00+00:00,-0.9,74.013535,0.0,-0.4,0.494
2023-02-27 16:00:00+00:00,2.05,62.351227,0.0,-0.4,0.49
2023-02-27 17:00:00+00:00,1.55,62.46458,0.0,-0.4,0.487
2023-02-27 18:00:00+00:00,0.9,63.498344,0.0,-0.4,0.484
2023-02-27 19:00:00+00:00,0.6,63.18595,0.0,-0.4,0.481
2023-02-27 20:00:00+00:00,0.55,63.41439,0.0,-0.4,0.479
2023-02-27 21:00:00+00:00,0.1,65.761566,0.0,-0.35,0.477
2023-02-27 22:00:00+00:00,-0.95,69.64708,0.0,-0.35,0.476
2023-02-27 23:00:00+00:00,-1.9,72.70948,0.0,-0.35,0.474
2023-02-28 00:00:00+00:00,-2.7,84.18023,0.0,-0.25,0.473
2023-02-28 01:00:00+00:00,-3.15,86.38643,0.0,-0.25,0.471
2023-02-28 02:00:00+00:00,-5.5,88.83026,0.0,-0.25,0.47
2023-02-28 03:00:00+00:00,-5.95,87.76713,0.0,-0.25,0.469
2023-02-28 04:00:00+00:00,-4.6,84.59454,0.0,-0.25,0.468
2023-02-28 05:00:00+00:00,-4.6,87.896996,0.0,-0.25,0.467
2023-02-28 06:00:00+00:00,-2.1,78.717735,0.0,-0.25,0.466
2023-02-28 07:00:00+00:00,-0.85,71.544426,0.0,-0.25,0.465
2023-02-28 08:00:00+00:00,0.95,63.751186,0.0,-0.25,0.464
2023-02-28 09:00:00+00:00,2.45,58.801525,0.0,-0.25,0.463
2023-02-28 10:00:00+00:00,3.6,56.07591,0.0,-0.25,0.472
2023-02-28 11:00:00+00:00,4.5,65.29947,0.0,-0.25,0.498
2023-02-28 12:00:00+00:00,4.2,54.370907,0.0,-0.75,0.502
2023-02-28 13:00:00+00:00,3.0,69.43129,0.0,-0.7,0.507
2023-02-28 14:00:00+00:00,2.65,61.7989,0.0,-0.7,0.502
2023-02-28 15:00:00+00:00,3.35,50.562923,0.0,-0.7,0.497
2023-02-28 16:00:00+00:00,3.15,48.797203,0.0,-0.7,0.493
2023-02-28 17:00:00+00:00,2.85,46.51042,0.0,-0.65,0.49
2023-02-28 18:00:00+00:00,2.75,45.944805,0.0,-0.65,0.487
2023-02-28 19:00:00+00:00,1.9,49.56977,0.0,-0.65,0.485
2023-02-28 20:00:00+00:00,2.2,46.85988,0.0,-0.65,0.483
2023-02-28 21:00:00+00:00,2.0,47.717323,0.0,-0.65,0.481
2023-02-28 22:00:00+00:00,0.7,52.992455,0.0,-0.6,0.48
2023-02-28 23:00:00+00:00,-0.35,57.178913,0.0,-0.6,0.478
2023-03-01 00:00:00+00:00,0.25,55.168575,0.0,-1.2,0.477
2023-03-01 01:00:00+00:00,-1.85,62.588627,0.0,-1.2,0.476
2023-03-01 02:00:00+00:00,-3.2,67.05206,0.0,-1.15,0.475
2023-03-01 03:00:00+00:00,-4.85,71.84721,0.0,-1.15,0.474
2023-03-01 04:00:00+00:00,-1.95,62.807262,0.0,-1.15,0.473
2023-03-01 05:00:00+00:00,-3.15,75.88973,0.0,-1.15,0.472
2023-03-01 06:00:00+00:00,0.55,60.35044,0.0,-1.1,0.471
2023-03-01 07:00:00+00:00,1.35,70.38763,0.0,-1.1,0.47
2023-03-01 08:00:00+00:00,3.1,57.654297,0.0,-1.1,0.47
2023-03-01 09:00:00+00:00,4.25,54.180775,0.0,-1.1,0.469
2023-03-01 10:00:00+00:00,5.4,65.74249,0.0,-1.05,0.487
2023-03-01 11:00:00+00:00,5.85,64.89415,0.0,-1.05,0.514
2023-03-01 12:00:00+00:00,6.4,53.563824,0.0,-1.5,0.516
2023-03-01 13:00:00+00:00,5.3,58.011166,0.0,-1.5,0.514
2023-03-01 14:00:00+00:00,5.3,53.063946,0.0,-1.45,0.509
2023-03-01 15:00:00+00:00,4.35,57.335842,0.0,-1.45,0.503
2023-03-01 16:00:00+00:00,4.15,57.069847,0.0,-1.4,0.499
2023-03-01 17:00:00+00:00,3.95,57.445312,0.0,-1.4,0.496
2023-03-01 18:00:00+00:00,3.6,58.00194,0.0,-1.35,0.493
2023-03-01 19:00:00+00:00,3.55,56.485634,0.0,-1.35,0.491
2023-03-01 20:00:00+00:00,3.2,57.033222,0.0,-1.3,0.49
2023-03-01 21:00:00+00:00,3.05,56.56539,0.0,-1.3,0.488
2023-03-01 22:00:00+00:00,2.9,56.525436,0.0,-1.3,0.487
2023-03-01 23:00:00+00:00,2.45,58.1392,0.0,-1.25,0.486
2023-03-02 00:00:00+00:00,1.55,63.653576,0.0,-1.6,0.485
2023-03-02 01:00:00+00:00,1.5,64.60753,0.0,-1.55,0.483
2023-03-02 02:00:00+00:00,1.5,66.5784,0.1,-1.55,0.483
2023-03-02 03:00:00+00:00,1.6,68.11305,0.0,-1.5,0.482
2023-03-02 04:00:00+00:00,1.35,69.08532,0.0,-1.5,0.481
2023-03-02 05:00:00+00:00,1.3,81.6093,0.0,-1.5,0.48
2023-03-02 06:00:00+00:00,2.65,75.21016,0.0,-1.45,0.479
2023-03-02 07:00:00+00:00,3.8,70.882385,0.0,-1.45,0.479
2023-03-02 08:00:00+00:00,5.45,67.4479,0.0,-1.4,0.478
2023-03-02 09:00:00+00:00,7.05,61.73283,0.0,-1.4,0.504
2023-03-02 10:00:00+00:00,7.75,60.141575,0.0,-1.35,0.519
2023-03-02 11:00:00+00:00,7.65,60.11681,0.0,-1.35,0.519
2023-03-02 12:00:00+00:00,5.95,71.30723,0.0,-1.55,0.518
2023-03-02 13:00:00+00:00,5.5,66.486176,0.0,-1.55,0.517
2023-03-02 14:00:00+00:00,5.6,61.83178,0.0,-1.5,0.513
2023-03-02 15:00:00+00:00,4.6,62.96573,0.0,-1.5,0.508
2023-03-02 16:00:00+00:00,3.7,66.08523,0.0,-1.45,0.505
2023-03-02 17:00:00+00:00,2.95,69.16518,0.0,-1.45,0.503
2023-03-02 18:00:00+00:00,4.2,64.5147,0.0,-1.4,0.501
2023-03-02 19:00:00+00:00,3.85,64.91111,0.0,-1.4,0.499
2023-03-02 20:00:00+00:00,3.5,65.55398,0.0,-1.4,0.498
2023-03-02 21:00:00+00:00,3.05,65.938866,0.0,-1.35,0.497
2023-03-02 22:00:00+00:00,2.55,67.06133,0.0,-1.35,0.495
2023-03-02 23:00:00+00:00,2.2,66.734764,0.0,-1.35,0.494
2023-03-03 00:00:00+00:00,1.75,62.278057,0.0,-0.05,0.494
2023-03-03 01:00:00+00:00,1.95,60.703747,0.0,-0.05,0.493
2023-03-03 02:00:00+00:00,1.75,61.57715,0.0,-0.05,0.492
2023-03-03 03:00:00+00:00,1.95,61.394714,0.0,-0.05,0.491
2023-03-03 04:00:00+00:00,1.8,62.055904,0.0,-0.05,0.49
2023-03-03 05:00:00+00:00,2.45,61.749767,0.0,-0.05,0.489
2023-03-03 06:00:00+00:00,3.9,56.366966,0.0,-0.05,0.488
2023-03-03 07:00:00+00:00,3.55,67.7785,0.0,-0.05,0.488
2023-03-03 08:00:00+00:00,4.75,68.28495,0.1,-0.05,0.487
2023-03-03 09:00:00+00:00,4.95,68.32744,0.3,-0.05,0.505
2023-03-03 10:00:00+00:00,5.3,70.412285,0.0,-0.05,0.518
2023-03-03 11:00:00+00:00,6.2,68.83853,0.0,-0.05,0.519
2023-03-03 12:00:00+00:00,6.55,69.40761,0.0,-0.45,0.519
2023-03-03 13:00:00+00:00,5.65,67.491104,0.0,-0.45,0.518
2023-03-03 14:00:00+00:00,5.9,60.783325,0.0,-0.45,0.516
2023-03-03 15:00:00+00:00,5.1,61.710308,0.5,-0.45,0.515
2023-03-03 16:00:00+00:00,4.85,64.192566,0.0,-0.45,0.51
2023-03-03 17:00:00+00:00,4.0,67.379265,0.0,-0.45,0.507
2023-03-03 18:00:00+00:00,1.6,75.58112,0.0,-0.45,0.505
2023-03-03 19:00:00+00:00,2.85,73.60935,0.0,-0.45,0.503
2023-03-03 20:00:00+00:00,2.9,73.88896,0.0,-0.45,0.501
2023-03-03 21:00:00+00:00,2.45,76.28608,0.0,-0.45,0.5
2023-03-03 22:00:00+00:00,1.8,78.73926,0.0,-0.4,0.499
2023-03-03 23:00:00+00:00,1.55,79.28143,0.0,-0.4,0.497
2023-03-04 00:00:00+00:00,2.2,74.03249,0.0,-0.45,0.495
2023-03-04 01:00:00+00:00,2.05,74.82815,0.0,-0.45,0.494
2023-03-04 02:00:00+00:00,1.85,76.46511,0.0,-0.45,0.493
2023-03-04 03:00:00+00:00,1.55,78.7005,0.0,-0.45,0.492
2023-03-04 04:00:00+00:00,1.25,81.30326,0.0,-0.45,0.492
2023-03-04 05:00:00+00:00,2.25,77.37918,0.0,-0.45,0.491
2023-03-04 06:00:00+00:00,4.05,67.39016,0.0,-0.45,0.49
2023-03-04 07:00:00+00:00,4.15,75.19918,0.0,-0.45,0.489
2023-03-04 08:00:00+00:00,6.2,68.09877,0.0,-0.45,0.489
2023-03-04 09:00:00+00:00,7.35,65.23441,0.0,-0.4,0.519
2023-03-04 10:00:00+00:00,7.7,64.61529,0.0,-0.4,0.512
2023-03-04 11:00:00+00:00,7.55,65.74873,0.0,-0.4,0.52
2023-03-04 12:00:00+00:00,6.7,70.944855,0.0,-0.05,0.517
2023-03-04 13:00:00+00:00,5.6,70.982445,0.0,-0.05,0.517
2023-03-04 14:00:00+00:00,5.35,66.93807,0.0,-0.05,0.517
2023-03-04 15:00:00+00:00,5.9,62.81446,0.0,-0.05,0.512
2023-03-04 16:00:00+00:00,1.0,80.37531,0.0,-0.05,0.509
2023-03-04 17:00:00+00:00,2.85,76.9134,0.0,-0.05,0.506
2023-03-04 18:00:00+00:00,1.1,83.09423,0.0,-0.05,0.505
2023-03-04 19:00:00+00:00,3.15,78.37539,0.0,-0.05,0.503
2023-03-04 20:00:00+00:00,3.7,78.74532,0.0,-0.05,0.501
2023-03-04 21:00:00+00:00,3.65,80.17308,0.0,-0.05,0.5
2023-03-04 22:00:00+00:00,3.55,82.20852,0.1,-0.05,0.499
2023-03-04 23:00:00+00:00,3.35,82.77717,0.0,-0.05,0.498
2023-03-05 00:00:00+00:00,2.2,88.841606,0.0,-0.05,0.497
2023-03-05 01:00:00+00:00,2.25,88.52585,0.0,-0.05,0.496
2023-03-05 02:00:00+00:00,2.6,87.60504,0.0,-0.05,0.495
2023-03-05 03:00:00+00:00,2.35,88.21587,0.0,-0.05,0.494
2023-03-05 04:00:00+00:00,2.1,87.55753,0.0,-0.05,0.493
2023-03-05 05:00:00+00:00,3.0,81.83933,0.0,-0.05,0.492
2023-03-05 06:00:00+00:00,5.5,68.94117,0.0,-0.05,0.492
2023-03-05 07:00:00+00:00,4.75,79.75828,0.0,-0.05,0.491
2023-03-05 08:00:00+00:00,6.7,74.573105,0.0,-0.05,0.514
2023-03-05 09:00:00+00:00,7.25,75.466,0.0,-0.05,0.508
2023-03-05 10:00:00+00:00,7.6,72.90665,0.0,-0.05,0.509
2023-03-05 11:00:00+00:00,7.65,68.404594,0.0,-0.05,0.509
2023-03-05 12:00:00+00:00,6.9,74.08084,0.0,-0.05,0.52
2023-03-05 13:00:00+00:00,5.05,79.23397,0.0,-0.05,0.517
2023-03-05 14:00:00+00:00,4.65,78.60793,0.0,-0.05,0.517
2023-03-05 15:00:00+00:00,5.05,76.44634,0.0,-0.05,0.512
2023-03-05 16:00:00+00:00,3.7,82.82178,0.0,-0.05,0.509
2023-03-05 17:00:00+00:00,3.25,83.664566,0.0,-0.05,0.507
2023-03-05 18:00:00+00:00,3.4,80.71847,0.0,-0.05,0.505
2023-03-05 19:00:00+00:00,3.6,77.87941,0.0,-0.05,0.503
2023-03-05 20:00:00+00:00,3.8,75.41122,0.0,-0.05,0.502
2023-03-05 21:00:00+00:00,2.65,78.29708,0.0,-0.05,0.5
2023-03-05 22:00:00+00:00,4.3,71.76105,0.0,-0.05,0.499
2023-03-05 23:00:00+00:00,4.4,70.486885,0.0,-0.05,0.498
2023-03-06 00:00:00+00:00,5.3,67.66078,0.0,-0.05,0.497
2023-03-06 01:00:00+00:00,5.1,69.611176,0.0,-0.05,0.496
2023-03-06 02:00:00+00:00,4.6,72.342,0.0,-0.05,0.495
2023-03-06 03:00:00+00:00,5.05,70.107475,0.0,-0.05,0.494
2023-03-06 04:00:00+00:00,4.9,70.84364,0.0,-0.05,0.494
2023-03-06 05:00:00+00:00,5.2,69.37984,0.0,-0.05,0.493
2023-03-06 06:00:00+00:00,5.95,66.34476,0.0,-0.05,0.492
2023-03-06 07:00:00+00:00,7.15,61.756973,0.0,-0.05,0.491
2023-03-06 08:00:00+00:00,6.7,66.27116,0.0,-0.05,0.5
2023-03-06 09:00:00+00:00,7.1,71.78587,0.0,-0.05,0.519
2023-03-06 10:00:00+00:00,7.95,71.69476,0.7,-0.05,0.509
2023-03-06 11:00:00+00:00,7.95,67.26075,0.4,-0.05,0.51
2023-03-06 12:00:00+00:00,7.0,68.268005,0.5,-0.05,0.519
2023-03-06 13:00:00+00:00,6.45,62.037132,0.0,-0.05,0.519
2023-03-06 14:00:00+00:00,6.65,57.933037,0.0,-0.05,0.517
2023-03-06 15:00:00+00:00,4.25,66.45188,0.0,-0.05,0.513
2023-03-06 16:00:00+00:00,3.65,69.56613,0.0,-0.05,0.51
2023-03-06 17:00:00+00:00,3.0,74.72321,0.0,-0.05,0.507
2023-03-06 18:00:00+00:00,2.15,78.793335,0.0,-0.05,0.505
2023-03-06 19:00:00+00:00,1.4,81.324036,0.0,-0.05,0.504
2023-03-06 20:00:00+00:00,-2.6,87.42592,0.0,-0.05,0.502
2023-03-06 21:00:00+00:00,1.25,74.40817,0.0,-0.05,0.501
2023-03-06 22:00:00+00:00,1.0,70.844,0.3,-0.05,0.5
2023-03-06 23:00:00+00:00,0.75,67.673325,0.4,-0.1,0.498
2023-03-07 00:00:00+00:00,0.5,75.9522,0.0,-0.05,0.498
2023-03-07 01:00:00+00:00,0.15,77.32098,0.0,-0.05,0.497
2023-03-07 02:00:00+00:00,-0.3,76.098076,0.0,-0.1,0.496
2023-03-07 03:00:00+00:00,-0.15,74.43103,0.0,-0.1,0.495
2023-03-07 04:00:00+00:00,-0.65,75.1843,0.0,-0.1,0.494
2023-03-07 05:00:00+00:00,-0.4,73.82771,0.0,-0.15,0.493
2023-03-07 06:00:00+00:00,1.35,70.125435,0.0,-0.15,0.493
2023-03-07 07:00:00+00:00,2.3,75.1485,0.0,-0.15,0.492
2023-03-07 08:00:00+00:00,3.95,70.139275,0.0,-0.15,0.501
2023-03-07 09:00:00+00:00,5.05,68.84712,0.0,-0.15,0.519
2023-03-07 10:00:00+00:00,5.7,68.238815,0.0,-0.15,0.52
2023-03-07 11:00:00+00:00,5.95,67.31202,0.0,-0.1,0.511
2023-03-07 12:00:00+00:00,5.6,76.537834,0.0,-0.15,0.513
2023-03-07 13:00:00+00:00,4.45,76.07104,0.0,-0.15,0.519
2023-03-07 14:00:00+00:00,5.0,66.86134,0.0,-0.1,0.516
2023-03-07 15:00:00+00:00,4.5,67.48794,0.0,-0.1,0.511
2023-03-07 16:00:00+00:00,-0.7,79.232635,0.0,-0.1,0.509
2023-03-07 17:00:00+00:00,-1.05,78.58631,0.0,-0.1,0.507
2023-03-07 18:00:00+00:00,-0.8,74.31202,0.0,-0.15,0.505
2023-03-07 19:00:00+00:00,-1.2,75.08592,0.0,-0.15,0.503
2023-03-07 20:00:00+00:00,0.65,68.42014,0.0,-0.15,0.502
2023-03-07 21:00:00+00:00,1.65,63.43809,0.0,-0.15,0.5
2023-03-07 22:00:00+00:00,1.25,63.58204,0.0,-0.2,0.499
2023-03-07 23:00:00+00:00,0.75,64.188126,0.0,-0.2,0.498
2023-03-08 00:00:00+00:00,0.45,67.607475,0.0,-0.25,0.497
2023-03-08 01:00:00+00:00,0.1,69.34145,0.0,-0.25,0.496
2023-03-08 02:00:00+00:00,-0.25,70.05825,0.0,-0.3,0.495
2023-03-08 03:00:00+00:00,-0.25,68.744705,0.0,-0.35,0.495
2023-03-08 04:00:00+00:00,-0.3,67.442055,0.0,-0.35,0.494
2023-03-08 05:00:00+00:00,0.25,65.54684,0.0,-0.35,0.493
2023-03-08 06:00:00+00:00,1.1,80.98393,0.0,-0.35,0.492
2023-03-08 07:00:00+00:00,2.55,77.71154,0.0,-0.35,0.492
2023-03-08 08:00:00+00:00,3.85,72.462006,0.0,-0.35,0.508
2023-03-08 09:00:00+00:00,4.45,73.63604,0.0,-0.3,0.518
2023-03-08 10:00:00+00:00,4.8,75.31246,0.0,-0.25,0.519
2023-03-08 11:00:00+00:00,5.55,63.65444,0.0,-0.15,0.519
2023-03-08 12:00:00+00:00,5.55,77.9081,0.0,0.3,0.518
2023-03-08 13:00:00+00:00,6.35,56.38762,0.0,0.35,0.516
2023-03-08 14:00:00+00:00,4.2,70.190094,0.0,0.45,0.514
2023-03-08 15:00:00+00:00,0.85,77.72336,0.0,0.4,0.51
2023-03-08 16:00:00+00:00,-1.55,80.605576,0.0,0.35,0.507
2023-03-08 17:00:00+00:00,-1.35,80.33213,0.0,0.3,0.505
2023-03-08 18:00:00+00:00,-0.4,75.22884,0.0,0.25,0.503
2023-03-08 19:00:00+00:00,2.4,63.14227,0.0,0.2,0.502
2023-03-08 20:00:00+00:00,2.4,59.68233,0.0,0.15,0.5
2023-03-08 21:00:00+00:00,2.0,59.805958,0.0,0.1,0.499
2023-03-08 22:00:00+00:00,1.4,61.49046,0.0,0.05,0.498
2023-03-08 23:00:00+00:00,1.0,63.763096,0.0,0.0,0.497
2023-03-09 00:00:00+00:00,0.35,68.097916,0.0,0.0,0.496
2023-03-09 01:00:00+00:00,-0.35,71.37403,0.0,-0.05,0.495
2023-03-09 02:00:00+00:00,-0.6,72.95996,0.0,-0.1,0.494
2023-03-09 03:00:00+00:00,-0.4,73.27379,0.0,-0.15,0.494
2023-03-09 04:00:00+00:00,-0.85,75.71718,0.0,-0.2,0.493
2023-03-09 05:00:00+00:00,-0.45,75.78715,0.0,-0.2,0.492
2023-03-09 06:00:00+00:00,1.25,69.58279,0.0,-0.2,0.491
2023-03-09 07:00:00+00:00,2.8,66.62036,0.0,-0.15,0.492
2023-03-09 08:00:00+00:00,4.15,69.16194,0.0,-0.05,0.505
2023-03-09 09:00:00+00:00,5.0,71.37843,0.0,0.05,0.516
2023-03-09 10:00:00+00:00,6.6,54.015484,0.0,0.2,0.518
2023-03-09 11:00:00+00:00,6.55,62.06119,0.0,0.4,0.518
2023-03-09 12:00:00+00:00,8.45,45.544094,0.0,1.8,0.516
2023-03-09 13:00:00+00:00,8.7,44.6145,0.0,2.75,0.514
2023-03-09 14:00:00+00:00,7.45,63.86618,0.0,2.9,0.512
2023-03-09 15:00:00+00:00,6.5,51.452335,0.0,2.2,0.508
2023-03-09 16:00:00+00:00,4.9,54.155342,0.0,1.15,0.505
2023-03-09 17:00:00+00:00,-0.4,72.998215,0.0,0.75,0.503
2023-03-09 18:00:00+00:00,-0.7,73.216866,0.0,0.6,0.502
2023-03-09 19:00:00+00:00,1.45,62.913635,0.0,0.5,0.5
2023-03-09 20:00:00+00:00,1.6,62.00683,0.0,0.35,0.499
2023-03-09 21:00:00+00:00,2.05,59.14405,0.0,0.3,0.498
2023-03-09 22:00:00+00:00,1.65,59.4907,0.0,0.2,0.497
2023-03-09 23:00:00+00:00,1.5,59.002228,0.0,0.15,0.496
2023-03-10 00:00:00+00:00,1.2,65.51759,0.0,0.5,0.495
2023-03-10 01:00:00+00:00,1.7,63.689278,0.0,0.4,0.494
2023-03-10 02:00:00+00:00,0.95,66.95723,0.0,0.3,0.493
2023-03-10 03:00:00+00:00,1.0,66.21624,0.0,0.2,0.492
2023-03-10 04:00:00+00:00,0.7,67.154274,0.0,0.15,0.492
2023-03-10 05:00:00+00:00,1.9,68.944115,0.0,0.15,0.491
2023-03-10 06:00:00+00:00,3.95,67.36838,0.0,0.25,0.49
2023-03-10 07:00:00+00:00,6.05,65.17571,0.0,0.5,0.492
2023-03-10 08:00:00+00:00,7.9,62.608536,0.0,1.05,0.495
2023-03-10 09:00:00+00:00,9.45,59.277657,0.1,3.45,0.498
2023-03-10 10:00:00+00:00,10.45,50.68347,0.3,5.3,0.502
2023-03-10 11:00:00+00:00,10.95,43.01415,0.0,6.45,0.503
2023-03-10 12:00:00+00:00,9.65,50.0959,0.0,7.05,0.492
2023-03-10 13:00:00+00:00,9.45,51.89075,0.0,6.95,0.492
2023-03-10 14:00:00+00:00,8.5,61.417828,0.0,6.3,0.491
2023-03-10 15:00:00+00:00,7.55,58.587517,0.0,5.2,0.491
2023-03-10 16:00:00+00:00,3.5,80.15138,0.0,3.95,0.49
2023-03-10 17:00:00+00:00,1.75,81.07511,0.0,2.65,0.489
2023-03-10 18:00:00+00:00,1.05,81.8757,0.0,1.75,0.488
2023-03-10 19:00:00+00:00,1.5,80.74334,0.0,1.3,0.487
2023-03-10 20:00:00+00:00,0.55,84.87879,0.0,0.85,0.487
2023-03-10 21:00:00+00:00,0.75,87.42793,0.0,0.75,0.486
2023-03-10 22:00:00+00:00,-0.2,89.616135,0.0,0.65,0.486
2023-03-10 23:00:00+00:00,-0.35,90.26591,0.0,0.55,0.485
2023-03-11 00:00:00+00:00,1.25,86.52451,0.0,1.75,0.484
2023-03-11 01:00:00+00:00,-0.65,91.92066,0.0,0.85,0.484
2023-03-11 02:00:00+00:00,-0.85,91.90784,0.0,0.65,0.483
2023-03-11 03:00:00+00:00,-0.15,91.61613,0.0,0.6,0.483
2023-03-11 04:00:00+00:00,1.7,87.51934,0.0,0.5,0.482
2023-03-11 05:00:00+00:00,3.6,84.00839,0.0,0.65,0.482
2023-03-11 06:00:00+00:00,5.7,77.931725,0.0,1.05,0.481
2023-03-11 07:00:00+00:00,7.9,71.68516,0.0,3.3,0.48
2023-03-11 08:00:00+00:00,8.9,62.620975,0.0,4.9,0.479
2023-03-11 09:00:00+00:00,9.7,58.291195,0.0,6.45,0.478
2023-03-11 10:00:00+00:00,10.15,58.40481,0.0,7.6,0.476
2023-03-11 11:00:00+00:00,10.75,53.764523,0.0,8.7,0.474
2023-03-11 12:00:00+00:00,9.9,57.10588,0.0,9.05,0.473
2023-03-11 13:00:00+00:00,9.15,60.702404,0.0,8.7,0.472
2023-03-11 14:00:00+00:00,8.75,63.25848,0.0,8.2,0.472
2023-03-11 15:00:00+00:00,7.3,71.82426,0.0,7.05,0.472
2023-03-11 16:00:00+00:00,4.65,83.23835,0.0,5.45,0.471
2023-03-11 17:00:00+00:00,2.3,88.850204,0.0,4.25,0.471
2023-03-11 18:00:00+00:00,1.65,87.19721,0.0,3.4,0.471
2023-03-11 19:00:00+00:00,0.95,88.41025,0.0,2.7,0.471
2023-03-11 20:00:00+00:00,0.3,88.028244,0.0,2.1,0.471
2023-03-11 21:00:00+00:00,0.75,81.83517,0.0,1.45,0.471
2023-03-11 22:00:00+00:00,1.25,78.65388,0.0,0.9,0.471
2023-03-11 23:00:00+00:00,1.85,76.18404,0.0,0.75,0.47
2023-03-12 00:00:00+00:00,0.55,80.01333,0.0,2.65,0.47
2023-03-12 01:00:00+00:00,0.75,79.747475,0.0,1.9,0.47
2023-03-12 02:00:00+00:00,2.65,73.84306,0.0,1.75,0.47
2023-03-12 03:00:00+00:00,2.2,73.48868,0.0,1.05,0.47
2023-03-12 04:00:00+00:00,2.15,74.02333,0.0,0.8,0.469
2023-03-12 05:00:00+00:00,4.0,74.35915,0.0,1.35,0.469
2023-03-12 06:00:00+00:00,6.4,70.88567,0.0,3.05,0.469
2023-03-12 07:00:00+00:00,8.25,67.08647,0.0,4.85,0.468
2023-03-12 08:00:00+00:00,10.45,58.89665,0.0,6.9,0.467
2023-03-12 09:00:00+00:00,11.2,49.62803,0.0,7.9,0.466
2023-03-12 10:00:00+00:00,12.65,42.26936,0.0,9.3,0.464
2023-03-12 11:00:00+00:00,13.1,41.192272,0.0,10.15,0.463
2023-03-12 12:00:00+00:00,12.0,45.901875,0.0,10.4,0.475
2023-03-12 13:00:00+00:00,11.55,48.31768,0.0,10.05,0.473
2023-03-12 14:00:00+00:00,10.85,55.545074,0.0,9.5,0.472
2023-03-12 15:00:00+00:00,7.15,77.883484,0.0,8.4,0.472
2023-03-12 16:00:00+00:00,4.65,80.02979,0.0,6.8,0.472
2023-03-12 17:00:00+00:00,4.65,74.47569,0.0,5.85,0.471
2023-03-12 18:00:00+00:00,4.5,75.26028,0.0,5.3,0.471
2023-03-12 19:00:00+00:00,3.45,78.99249,0.0,4.6,0.471
2023-03-12 20:00:00+00:00,2.75,83.90652,0.0,4.1,0.471
2023-03-12 21:00:00+00:00,1.75,85.32566,0.0,3.45,0.47
2023-03-12 22:00:00+00:00,3.05,81.255615,0.0,3.35,0.47
2023-03-12 23:00:00+00:00,3.25,80.69727,0.0,3.2,0.47
2023-03-13 00:00:00+00:00,4.0,81.67886,0.0,4.95,0.47
2023-03-13 01:00:00+00:00,5.05,68.34864,0.0,4.15,0.47
2023-03-13 02:00:00+00:00,5.3,66.44194,0.0,4.1,0.469
2023-03-13 03:00:00+00:00,5.35,65.97107,0.0,4.05,0.469
2023-03-13 04:00:00+00:00,4.45,80.00079,0.3,4.05,0.471
2023-03-13 05:00:00+00:00,5.6,73.846146,0.0,4.4,0.471
2023-03-13 06:00:00+00:00,7.65,69.38517,0.0,5.45,0.47
2023-03-13 07:00:00+00:00,8.1,67.05409,0.0,6.05,0.47
2023-03-13 08:00:00+00:00,9.1,62.22371,0.0,6.75,0.469
2023-03-13 09:00:00+00:00,10.25,58.430008,0.0,7.7,0.468
2023-03-13 10:00:00+00:00,11.75,49.073223,0.0,8.95,0.467
2023-03-13 11:00:00+00:00,12.25,44.82854,0.0,9.8,0.465
2023-03-13 12:00:00+00:00,7.35,74.6876,0.0,10.5,0.463
2023-03-13 13:00:00+00:00,6.8,78.65714,0.3,9.4,0.465
2023-03-13 14:00:00+00:00,6.6,80.02682,0.2,8.3,0.466
2023-03-13 15:00:00+00:00,5.95,90.41375,0.2,7.4,0.467
2023-03-13 16:00:00+00:00,5.7,91.03054,0.2,6.6,0.468
2023-03-13 17:00:00+00:00,5.35,91.6471,0.1,5.75,0.469
2023-03-13 18:00:00+00:00,5.25,89.41368,0.1,5.1,0.469
2023-03-13 19:00:00+00:00,4.7,93.56077,0.1,4.9,0.47
2023-03-13 20:00:00+00:00,3.95,94.52017,0.0,4.35,0.47
2023-03-13 21:00:00+00:00,4.05,94.858765,0.0,4.25,0.47
2023-03-13 22:00:00+00:00,3.95,93.52283,0.0,3.55,0.47
2023-03-13 23:00:00+00:00,3.95,92.86312,0.0,3.35,0.47
2023-03-14 00:00:00+00:00,3.75,95.85803,0.1,4.7,0.476
2023-03-14 01:00:00+00:00,3.7,95.85638,0.7,4.45,0.485
2023-03-14 02:00:00+00:00,4.1,95.532234,0.7,4.4,0.493
2023-03-14 03:00:00+00:00,4.2,95.53577,1.1,4.4,0.504
2023-03-14 04:00:00+00:00,4.05,95.86789,1.8,4.4,0.516
2023-03-14 05:00:00+00:00,4.4,95.20737,1.6,4.55,0.517
2023-03-14 06:00:00+00:00,4.85,92.2619,1.4,4.95,0.516
2023-03-14 07:00:00+00:00,5.3,92.61286,1.4,5.6,0.517
2023-03-14 08:00:00+00:00,6.0,89.16157,1.1,6.25,0.514
2023-03-14 09:00:00+00:00,7.4,84.747154,0.4,7.2,0.51
2023-03-14 10:00:00+00:00,8.4,81.406265,0.1,7.7,0.506
2023-03-14 11:00:00+00:00,10.05,73.101974,0.0,8.4,0.503
2023-03-14 12:00:00+00:00,9.45,77.43206,0.0,9.75,0.494
2023-03-14 13:00:00+00:00,10.4,74.1843,0.1,10.25,0.492
2023-03-14 14:00:00+00:00,9.0,80.0901,0.4,9.65,0.494
2023-03-14 15:00:00+00:00,7.55,91.787315,0.3,8.7,0.495
2023-03-14 16:00:00+00:00,7.15,92.39829,0.1,7.75,0.494
2023-03-14 17:00:00+00:00,6.75,89.84574,0.0,7.05,0.493
2023-03-14 18:00:00+00:00,5.55,87.880005,0.0,6.05,0.491
2023-03-14 19:00:00+00:00,5.95,85.48066,0.0,5.25,0.49
2023-03-14 20:00:00+00:00,4.45,93.21904,0.0,4.65,0.489
2023-03-14 21:00:00+00:00,3.95,94.186676,0.0,4.05,0.488
2023-03-14 22:00:00+00:00,3.45,95.50915,0.0,3.5,0.487
2023-03-14 23:00:00+00:00,2.95,96.17297,0.0,3.1,0.486
2023-03-15 00:00:00+00:00,3.8,92.854744,0.0,4.3,0.48
2023-03-15 01:00:00+00:00,4.1,91.89075,0.0,3.95,0.479
2023-03-15 02:00:00+00:00,4.35,92.231766,0.0,3.8,0.479
2023-03-15 03:00:00+00:00,4.65,90.31763,0.0,3.6,0.479
2023-03-15 04:00:00+00:00,4.2,93.205765,0.1,3.55,0.479
2023-03-15 05:00:00+00:00,6.05,86.09438,0.0,4.35,0.479
2023-03-15 06:00:00+00:00,8.0,83.6463,0.0,6.0,0.479
2023-03-15 07:00:00+00:00,10.15,76.21782,0.0,7.9,0.478
2023-03-15 08:00:00+00:00,11.6,68.979294,0.0,9.3,0.477
2023-03-15 09:00:00+00:00,12.7,63.723064,0.0,10.45,0.476
2023-03-15 10:00:00+00:00,12.95,59.515232,0.0,10.85,0.475
2023-03-15 11:00:00+00:00,13.95,56.347378,0.0,11.8,0.473
2023-03-15 12:00:00+00:00,12.3,66.78516,0.1,12.0,0.483
2023-03-15 13:00:00+00:00,12.6,63.480476,0.0,11.85,0.482
2023-03-15 14:00:00+00:00,11.9,66.69952,0.0,11.25,0.481
2023-03-15 15:00:00+00:00,9.65,81.01394,0.0,10.3,0.481
2023-03-15 16:00:00+00:00,6.75,84.673744,0.0,9.0,0.48
2023-03-15 17:00:00+00:00,5.25,84.80218,0.0,8.0,0.48
2023-03-15 18:00:00+00:00,3.8,86.78336,0.0,6.95,0.479
2023-03-15 19:00:00+00:00,3.55,89.27491,0.0,6.15,0.479
2023-03-15 20:00:00+00:00,3.6,89.59801,0.0,5.55,0.479
2023-03-15 21:00:00+00:00,4.25,87.75995,0.1,5.35,0.479
2023-03-15 22:00:00+00:00,3.45,91.84961,0.0,4.95,0.479
2023-03-15 23:00:00+00:00,4.4,90.29898,0.0,4.95,0.478
2023-03-16 00:00:00+00:00,4.85,88.12676,0.1,5.2,0.482
2023-03-16 01:00:00+00:00,4.75,93.2349,0.1,5.2,0.483
2023-03-16 02:00:00+00:00,4.65,94.88304,0.4,5.15,0.488
2023-03-16 03:00:00+00:00,4.5,96.89763,1.3,5.1,0.504
2023-03-16 04:00:00+00:00,4.6,96.90011,1.1,5.1,0.511
2023-03-16 05:00:00+00:00,4.8,98.26996,0.4,5.2,0.508
2023-03-16 06:00:00+00:00,5.6,91.984505,0.4,5.55,0.507
2023-03-16 07:00:00+00:00,6.45,88.88802,0.5,6.2,0.507
2023-03-16 08:00:00+00:00,7.95,81.06296,0.3,7.65,0.505
2023-03-16 09:00:00+00:00,8.95,71.88582,0.3,8.7,0.503
2023-03-16 10:00:00+00:00,9.45,67.343864,0.2,9.4,0.501
2023-03-16 11:00:00+00:00,10.1,62.902626,0.1,10.3,0.498
2023-03-16 12:00:00+00:00,9.85,63.963737,0.1,9.7,0.495
2023-03-16 13:00:00+00:00,9.1,67.03211,0.0,9.8,0.492
2023-03-16 14:00:00+00:00,7.7,72.41139,0.0,9.1,0.491
2023-03-16 15:00:00+00:00,6.8,77.2804,0.0,8.4,0.49
2023-03-16 16:00:00+00:00,5.7,82.78018,0.0,7.65,0.489
2023-03-16 17:00:00+00:00,4.45,86.54002,0.0,6.8,0.488
2023-03-16 18:00:00+00:00,3.55,88.323715,0.0,6.05,0.487
2023-03-16 19:00:00+00:00,3.15,88.287926,0.0,5.55,0.486
2023-03-16 20:00:00+00:00,3.25,87.03992,0.0,5.2,0.485
2023-03-16 21:00:00+00:00,3.15,87.34302,0.0,4.95,0.485
2023-03-16 22:00:00+00:00,3.5,86.13383,0.0,4.85,0.484
2023-03-16 23:00:00+00:00,3.7,86.46357,0.0,4.8,0.483
2023-03-17 00:00:00+00:00,2.3,91.44682,0.0,5.5,0.48
2023-03-17 01:00:00+00:00,3.2,88.292404,0.0,5.15,0.479
2023-03-17 02:00:00+00:00,4.0,85.2674,0.0,5.05,0.479
2023-03-17 03:00:00+00:00,3.9,87.415016,0.0,4.9,0.479
2023-03-17 04:00:00+00:00,4.45,85.92659,0.0,4.95,0.478
2023-03-17 05:00:00+00:00,5.8,81.91887,0.0,5.45,0.478
2023-03-17 06:00:00+00:00,7.15,77.33653,0.0,6.55,0.477
2023-03-17 07:00:00+00:00,8.15,71.73312,0.0,7.55,0.476
2023-03-17 08:00:00+00:00,8.65,68.12997,0.0,8.3,0.475
2023-03-17 09:00:00+00:00,9.4,63.40965,0.0,9.15,0.474
2023-03-17 10:00:00+00:00,10.25,61.83737,0.0,10.3,0.472
2023-03-17 11:00:00+00:00,10.7,56.70357,0.0,11.05,0.471
2023-03-17 12:00:00+00:00,10.8,52.82478,0.0,12.05,0.464
2023-03-17 13:00:00+00:00,10.35,55.41396,0.0,11.8,0.463
2023-03-17 14:00:00+00:00,9.5,59.71461,0.0,11.05,0.462
2023-03-17 15:00:00+00:00,7.35,79.853775,0.0,9.95,0.462
2023-03-17 16:00:00+00:00,5.15,85.696556,0.0,8.65,0.462
2023-03-17 17:00:00+00:00,4.05,83.163734,0.0,7.55,0.462
2023-03-17 18:00:00+00:00,2.35,82.9497,0.0,6.55,0.462
2023-03-17 19:00:00+00:00,1.65,84.07954,0.0,5.85,0.462
2023-03-17 20:00:00+00:00,0.5,90.00109,0.0,5.2,0.462
2023-03-17 21:00:00+00:00,1.15,89.39912,0.0,4.75,0.462
2023-03-17 22:00:00+00:00,1.05,90.043915,0.0,4.3,0.462
2023-03-17 23:00:00+00:00,1.95,86.596306,0.0,4.15,0.462
2023-03-18 00:00:00+00:00,2.55,86.3451,0.0,5.35,0.461
2023-03-18 01:00:00+00:00,3.25,85.491,0.0,5.15,0.461
2023-03-18 02:00:00+00:00,1.75,91.74056,0.0,4.5,0.46
2023-03-18 03:00:00+00:00,0.9,91.3525,0.0,3.75,0.46
2023-03-18 04:00:00+00:00,1.55,92.727325,0.0,3.45,0.46
2023-03-18 05:00:00+00:00,3.75,85.54551,0.0,4.15,0.46
2023-03-18 06:00:00+00:00,5.45,82.45562,0.0,5.6,0.459
2023-03-18 07:00:00+00:00,7.5,74.978035,0.0,7.3,0.458
2023-03-18 08:00:00+00:00,9.6,66.43474,0.1,9.1,0.458
2023-03-18 09:00:00+00:00,10.95,53.818035,0.2,10.45,0.458
2023-03-18 10:00:00+00:00,12.1,49.52374,0.2,11.7,0.458
2023-03-18 11:00:00+00:00,12.7,52.21803,0.0,12.7,0.456
2023-03-18 12:00:00+00:00,12.2,52.26765,0.0,13.25,0.454
2023-03-18 13:00:00+00:00,11.75,53.459373,0.0,12.7,0.453
2023-03-18 14:00:00+00:00,11.1,54.43672,0.0,11.85,0.452
2023-03-18 15:00:00+00:00,9.55,79.617325,0.0,10.9,0.452
2023-03-18 16:00:00+00:00,6.8,80.05554,0.0,9.5,0.452
2023-03-18 17:00:00+00:00,5.9,77.96316,0.0,8.3,0.452
2023-03-18 18:00:00+00:00,4.8,78.349594,0.0,7.25,0.452
2023-03-18 19:00:00+00:00,4.55,76.362724,0.0,6.6,0.452
2023-03-18 20:00:00+00:00,4.45,78.29512,0.0,6.25,0.452
2023-03-18 21:00:00+00:00,3.5,83.39446,0.1,5.65,0.452
2023-03-18 22:00:00+00:00,3.0,88.27447,1.4,5.15,0.468
2023-03-18 23:00:00+00:00,3.55,89.593994,2.1,4.95,0.493
2023-03-19 00:00:00+00:00,4.8,85.96354,1.7,6.25,0.457
2023-03-19 01:00:00+00:00,5.25,85.10293,0.0,6.0,0.458
2023-03-19 02:00:00+00:00,5.05,86.907616,0.0,5.75,0.458
2023-03-19 03:00:00+00:00,4.2,89.32829,0.2,5.35,0.459
2023-03-19 04:00:00+00:00,4.9,89.38533,0.4,5.3,0.465
2023-03-19 05:00:00+00:00,5.35,89.1078,0.5,5.55,0.471
2023-03-19 06:00:00+00:00,5.3,89.10364,0.4,5.8,0.475
2023-03-19 07:00:00+00:00,6.55,79.456764,0.1,6.6,0.475
2023-03-19 08:00:00+00:00,8.7,71.838234,0.0,8.0,0.474
2023-03-19 09:00:00+00:00,10.8,60.67315,0.0,9.15,0.472
2023-03-19 10:00:00+00:00,11.35,60.38088,0.1,9.95,0.471
2023-03-19 11:00:00+00:00,12.1,57.263462,0.1,10.95,0.47
2023-03-19 12:00:00+00:00,10.2,65.63822,0.0,11.3,0.512
2023-03-19 13:00:00+00:00,7.85,77.992836,2.1,9.9,0.505
2023-03-19 14:00:00+00:00,7.0,84.406685,0.3,9.15,0.504
2023-03-19 15:00:00+00:00,6.55,86.75078,1.6,8.2,0.516
2023-03-19 16:00:00+00:00,5.7,91.03054,1.7,7.45,0.505
2023-03-19 17:00:00+00:00,5.3,95.90856,1.4,6.95,0.517
2023-03-19 18:00:00+00:00,4.5,98.61048,2.8,6.6,0.51
2023-03-19 19:00:00+00:00,4.0,97.569885,1.0,6.15,0.514
2023-03-19 20:00:00+00:00,3.9,96.88276,0.1,5.8,0.51
2023-03-19 21:00:00+00:00,3.85,95.52338,0.0,5.6,0.507
2023-03-19 22:00:00+00:00,3.75,96.537636,0.0,5.4,0.505
2023-03-19 23:00:00+00:00,3.75,96.537636,0.0,5.3,0.504
2023-03-20 00:00:00+00:00,3.75,97.90964,0.0,5.9,0.507
2023-03-20 01:00:00+00:00,3.9,91.87811,0.4,5.65,0.509
2023-03-20 02:00:00+00:00,3.75,96.537636,0.5,5.45,0.511
2023-03-20 03:00:00+00:00,3.85,96.54039,0.4,5.3,0.51
2023-03-20 04:00:00+00:00,3.9,96.20183,0.1,5.2,0.507
2023-03-20 05:00:00+00:00,4.35,93.21373,0.0,5.35,0.504
2023-03-20 06:00:00+00:00,5.45,85.72863,0.0,6.0,0.502
2023-03-20 07:00:00+00:00,7.4,76.83376,0.1,7.65,0.5
2023-03-20 08:00:00+00:00,8.95,69.40478,0.2,9.45,0.499
2023-03-20 09:00:00+00:00,9.95,61.765877,0.5,10.9,0.5
2023-03-20 10:00:00+00:00,10.2,56.171925,0.3,11.15,0.5
2023-03-20 11:00:00+00:00,9.9,55.097576,0.2,11.65,0.499
2023-03-20 12:00:00+00:00,7.9,63.05955,2.2,10.7,0.516
2023-03-20 13:00:00+00:00,7.55,68.1403,0.1,10.1,0.509
2023-03-20 14:00:00+00:00,7.3,70.558975,0.0,9.45,0.504
2023-03-20 15:00:00+00:00,6.55,78.897415,0.0,8.75,0.502
2023-03-20 16:00:00+00:00,3.55,88.95685,0.0,7.4,0.499
2023-03-20 17:00:00+00:00,3.25,90.859184,0.0,6.5,0.498
2023-03-20 18:00:00+00:00,3.85,85.86291,0.0,5.9,0.496
2023-03-20 19:00:00+00:00,2.95,87.010315,0.0,5.4,0.495
2023-03-20 20:00:00+00:00,1.7,88.798485,0.0,4.8,0.494
2023-03-20 21:00:00+00:00,0.8,87.753075,0.0,4.15,0.493
2023-03-20 22:00:00+00:00,0.25,87.379425,0.0,3.6,0.492
2023-03-20 23:00:00+00:00,1.0,80.96984,0.0,3.1,0.491
2023-03-21 00:00:00+00:00,2.75,77.460464,0.0,4.2,0.491
2023-03-21 01:00:00+00:00,1.8,84.09749,0.0,3.85,0.49
2023-03-21 02:00:00+00:00,1.25,81.30326,0.0,3.2,0.489
2023-03-21 03:00:00+00:00,0.65,82.12399,0.0,2.7,0.488
2023-03-21 04:00:00+00:00,1.35,84.35143,0.0,2.55,0.487
2023-03-21 05:00:00+00:00,3.35,74.78557,0.0,3.35,0.486
2023-03-21 06:00:00+00:00,4.8,71.33922,0.0,4.55,0.485
2023-03-21 07:00:00+00:00,6.45,65.73955,0.0,6.25,0.484
2023-03-21 08:00:00+00:00,7.25,64.978004,0.0,7.55,0.483
2023-03-21 09:00:00+00:00,7.85,65.58079,0.1,8.45,0.483
2023-03-21 10:00:00+00:00,8.3,65.44763,0.2,9.2,0.483
2023-03-21 11:00:00+00:00,8.85,66.27096,0.1,9.9,0.483
2023-03-21 12:00:00+00:00,9.95,60.03867,0.0,10.7,0.483
2023-03-21 13:00:00+00:00,10.4,57.43819,0.0,10.9,0.482
2023-03-21 14:00:00+00:00,10.3,57.617332,0.0,10.3,0.481
2023-03-21 15:00:00+00:00,7.15,77.883484,1.0,9.2,0.49
2023-03-21 16:00:00+00:00,5.65,86.35639,1.2,7.9,0.503
2023-03-21 17:00:00+00:00,4.75,88.11773,0.4,6.8,0.504
2023-03-21 18:00:00+00:00,4.6,86.86309,0.1,6.05,0.501
2023-03-21 19:00:00+00:00,4.2,87.132996,0.0,5.45,0.498
2023-03-21 20:00:00+00:00,3.85,88.03606,0.0,4.95,0.496
2023-03-21 21:00:00+00:00,3.5,89.2708,0.0,4.6,0.494
2023-03-21 22:00:00+00:00,4.75,79.18899,0.0,4.3,0.493
2023-03-21 23:00:00+00:00,2.9,86.69284,0.0,4.0,0.492
2023-03-22 00:00:00+00:00,4.85,79.488014,0.0,5.15,0.49
2023-03-22 01:00:00+00:00,6.15,67.35527,0.0,4.75,0.489
2023-03-22 02:00:00+00:00,5.05,73.21613,0.0,4.1,0.487
2023-03-22 03:00:00+00:00,2.35,86.95082,0.0,3.65,0.486
2023-03-22 04:00:00+00:00,3.9,83.743454,0.0,3.6,0.485
2023-03-22 05:00:00+00:00,5.3,79.55455,0.0,4.55,0.484
2023-03-22 06:00:00+00:00,6.85,74.8647,0.0,6.2,0.483
2023-03-22 07:00:00+00:00,8.85,66.74175,0.0,8.1,0.482
2023-03-22 08:00:00+00:00,10.75,62.612823,0.0,10.0,0.48
2023-03-22 09:00:00+00:00,12.95,51.55262,0.0,11.5,0.477
2023-03-22 10:00:00+00:00,13.95,46.954807,0.0,12.6,0.475
2023-03-22 11:00:00+00:00,14.2,44.747406,0.1,13.45,0.473
2023-03-22 12:00:00+00:00,13.85,44.96654,0.0,13.9,0.467
2023-03-22 13:00:00+00:00,14.2,43.957848,0.0,13.9,0.466
2023-03-22 14:00:00+00:00,13.95,43.729355,0.0,13.35,0.465
2023-03-22 15:00:00+00:00,10.9,71.26207,0.0,12.15,0.464
2023-03-22 16:00:00+00:00,8.85,68.41294,0.0,10.45,0.464
2023-03-22 17:00:00+00:00,7.15,69.53041,0.0,9.15,0.464
2023-03-22 18:00:00+00:00,5.1,78.958786,0.0,8.15,0.464
2023-03-22 19:00:00+00:00,3.9,85.86823,0.0,7.25,0.464
2023-03-22 20:00:00+00:00,3.35,88.30584,0.0,6.55,0.463
2023-03-22 21:00:00+00:00,3.2,87.97655,0.0,5.95,0.463
2023-03-22 22:00:00+00:00,3.1,87.96737,0.0,5.5,0.463
2023-03-22 23:00:00+00:00,2.7,89.20452,0.0,5.05,0.463
2023-03-23 00:00:00+00:00,2.3,89.49316,0.0,5.95,0.463
2023-03-23 01:00:00+00:00,3.95,81.672134,0.0,5.35,0.463
2023-03-23 02:00:00+00:00,4.3,80.555374,0.0,4.85,0.463
2023-03-23 03:00:00+00:00,4.15,81.99261,0.0,4.45,0.463
2023-03-23 04:00:00+00:00,4.15,89.64189,0.0,4.6,0.463
2023-03-23 05:00:00+00:00,5.75,81.91226,0.0,5.5,0.463
2023-03-23 06:00:00+00:00,7.15,80.38735,0.0,6.65,0.462
2023-03-23 07:00:00+00:00,8.4,78.07821,0.8,7.95,0.469
2023-03-23 08:00:00+00:00,10.35,74.68957,0.2,9.75,0.47
2023-03-23 09:00:00+00:00,11.3,68.680176,0.1,10.85,0.469
2023-03-23 10:00:00+00:00,12.75,63.295773,0.1,12.45,0.468
2023-03-23 11:00:00+00:00,13.35,53.88529,0.4,13.6,0.469
2023-03-23 12:00:00+00:00,13.7,49.615894,0.5,13.45,0.473
2023-03-23 13:00:00+00:00,12.9,53.955345,0.1,13.4,0.471
2023-03-23 14:00:00+00:00,11.4,60.605305,0.0,12.7,0.47
2023-03-23 15:00:00+00:00,9.85,73.83047,0.0,11.7,0.469
2023-03-23 16:00:00+00:00,7.9,86.88373,0.0,10.5,0.469
2023-03-23 17:00:00+00:00,6.3,92.66989,0.0,9.4,0.469
2023-03-23 18:00:00+00:00,5.8,91.996864,0.0,8.55,0.468
2023-03-23 19:00:00+00:00,4.9,92.264885,0.1,7.75,0.469
2023-03-23 20:00:00+00:00,4.5,92.56676,0.2,7.15,0.47
2023-03-23 21:00:00+00:00,4.05,94.19126,0.2,6.6,0.471
2023-03-23 22:00:00+00:00,3.55,95.85145,0.2,6.05,0.472
2023-03-23 23:00:00+00:00,3.95,95.52692,0.1,5.8,0.472
2023-03-24 00:00:00+00:00,5.1,87.838646,0.1,7.65,0.486
2023-03-24 01:00:00+00:00,4.95,90.97859,0.0,7.15,0.485
2023-03-24 02:00:00+00:00,4.65,87.79707,0.0,6.6,0.485
2023-03-24 03:00:00+00:00,4.4,88.71337,0.0,6.25,0.484
2023-03-24 04:00:00+00:00,5.45,83.3371,0.2,6.2,0.485
2023-03-24 05:00:00+00:00,6.3,87.33532,0.1,6.65,0.486
2023-03-24 06:00:00+00:00,7.65,83.60435,0.1,7.65,0.485
2023-03-24 07:00:00+00:00,9.1,81.499725,0.0,9.0,0.485
2023-03-24 08:00:00+00:00,11.0,71.281265,0.1,10.55,0.484
2023-03-24 09:00:00+00:00,12.15,63.37735,0.2,11.85,0.484
2023-03-24 10:00:00+00:00,11.55,63.681618,0.3,11.9,0.485
2023-03-24 11:00:00+00:00,11.85,63.308372,0.2,12.25,0.485
2023-03-24 12:00:00+00:00,11.85,55.02292,0.1,12.85,0.489
2023-03-24 13:00:00+00:00,12.0,56.836857,0.0,13.2,0.486
2023-03-24 14:00:00+00:00,10.9,62.64793,0.3,12.5,0.487
2023-03-24 15:00:00+00:00,9.7,75.09558,0.0,11.4,0.486
2023-03-24 16:00:00+00:00,8.8,74.41859,0.0,10.3,0.485
2023-03-24 17:00:00+00:00,6.7,88.90905,0.0,9.35,0.484
2023-03-24 18:00:00+00:00,5.4,91.97209,0.2,8.35,0.485
2023-03-24 19:00:00+00:00,6.4,92.35421,0.8,7.95,0.493
2023-03-24 20:00:00+00:00,5.45,94.91512,0.3,7.45,0.494
2023-03-24 21:00:00+00:00,6.0,94.93702,0.1,7.25,0.493
2023-03-24 22:00:00+00:00,5.0,96.90995,0.0,6.85,0.492
2023-03-24 23:00:00+00:00,5.4,96.246735,0.0,6.7,0.491
2023-03-25 00:00:00+00:00,4.35,97.91966,0.0,7.6,0.488
2023-03-25 01:00:00+00:00,4.15,96.20937,0.1,6.8,0.488
2023-03-25 02:00:00+00:00,3.35,96.185165,0.0,6.1,0.487
2023-03-25 03:00:00+00:00,4.65,92.90201,0.3,5.9,0.489
2023-03-25 04:00:00+00:00,4.95,92.91861,0.3,5.9,0.492
2023-03-25 05:00:00+00:00,5.6,91.66322,0.5,6.2,0.497
2023-03-25 06:00:00+00:00,6.75,88.60432,0.8,6.9,0.504
2023-03-25 07:00:00+00:00,7.0,86.19262,1.5,7.25,0.516
2023-03-25 08:00:00+00:00,7.45,84.45831,0.8,7.8,0.512
2023-03-25 09:00:00+00:00,7.7,83.31997,0.6,8.15,0.51
2023-03-25 10:00:00+00:00,8.55,77.55908,0.3,8.6,0.507
2023-03-25 11:00:00+00:00,9.9,69.84057,0.2,9.4,0.505
2023-03-25 12:00:00+00:00,9.35,78.76758,0.4,9.7,0.5
2023-03-25 13:00:00+00:00,9.65,79.084785,0.2,9.75,0.499
2023-03-25 14:00:00+00:00,9.45,80.70827,0.2,9.6,0.498
2023-03-25 15:00:00+00:00,8.65,89.99101,0.4,9.2,0.5
2023-03-25 16:00:00+00:00,8.0,93.08391,0.9,8.6,0.509
2023-03-25 17:00:00+00:00,7.4,94.66626,1.8,8.1,0.518
2023-03-25 18:00:00+00:00,6.8,94.31495,1.0,7.55,0.514
2023-03-25 19:00:00+00:00,6.8,91.73991,1.0,7.25,0.518
2023-03-25 20:00:00+00:00,6.35,91.39275,2.3,6.9,0.517
2023-03-25 21:00:00+00:00,6.5,91.40266,0.5,6.75,0.515
2023-03-25 22:00:00+00:00,5.95,92.65001,0.3,6.5,0.512
2023-03-25 23:00:00+00:00,6.4,85.52923,0.0,6.35,0.509
2023-03-26 00:00:00+00:00,5.3,92.93786,0.0,6.8,0.507
2023-03-26 01:00:00+00:00,4.8,92.25888,0.0,6.0,0.505
2023-03-26 02:00:00+00:00,6.0,81.94526,0.0,5.55,0.503
2023-03-26 03:00:00+00:00,5.9,81.06686,0.0,5.15,0.501
2023-03-26 04:00:00+00:00,5.7,84.55407,0.0,5.4,0.5
2023-03-26 05:00:00+00:00,7.0,84.406685,0.1,6.3,0.499
2023-03-26 06:00:00+00:00,7.3,87.43003,0.0,7.05,0.498
2023-03-26 07:00:00+00:00,9.8,79.10694,0.0,9.15,0.497
2023-03-26 08:00:00+00:00,11.55,70.410736,0.0,10.9,0.495
2023-03-26 09:00:00+00:00,12.7,61.76954,0.1,12.15,0.493
2023-03-26 10:00:00+00:00,13.95,56.543205,0.0,13.0,0.491
2023-03-26 11:00:00+00:00,15.05,57.608997,0.0,14.05,0.489
2023-03-26 12:00:00+00:00,13.8,62.885616,0.1,14.35,0.499
2023-03-26 13:00:00+00:00,14.15,62.10984,0.2,14.15,0.499
2023-03-26 14:00:00+00:00,12.1,67.669205,0.2,13.5,0.499
2023-03-26 15:00:00+00:00,9.8,83.28767,1.7,11.9,0.514
2023-03-26 16:00:00+00:00,9.55,86.45139,0.4,10.8,0.512
2023-03-26 17:00:00+00:00,9.1,92.51118,0.4,10.1,0.512
2023-03-26 18:00:00+00:00,8.55,94.713684,0.8,9.5,0.515
2023-03-26 19:00:00+00:00,8.2,92.7765,0.9,9.05,0.517
2023-03-26 20:00:00+00:00,7.9,92.75981,0.4,8.65,0.515
2023-03-26 21:00:00+00:00,7.8,92.119125,0.5,8.4,0.514
2023-03-26 22:00:00+00:00,7.5,92.41875,0.4,8.15,0.514
2023-03-26 23:00:00+00:00,7.4,90.51932,1.0,7.95,0.518
2023-03-27 00:00:00+00:00,7.55,89.59728,1.0,8.5,0.514
2023-03-27 01:00:00+00:00,7.45,92.09794,0.7,8.25,0.515
2023-03-27 02:00:00+00:00,7.3,95.31528,0.0,8.05,0.511
2023-03-27 03:00:00+00:00,6.75,97.95906,0.0,7.75,0.508
2023-03-27 04:00:00+00:00,7.15,96.298134,0.1,7.65,0.507
2023-03-27 05:00:00+00:00,8.1,90.88128,0.1,8.15,0.505
2023-03-27 06:00:00+00:00,9.1,82.34726,0.0,8.95,0.504
2023-03-27 07:00:00+00:00,9.1,79.82777,0.9,9.35,0.511
2023-03-27 08:00:00+00:00,9.25,81.51968,0.7,10.1,0.513
2023-03-27 09:00:00+00:00,9.7,76.93787,0.1,10.45,0.509
2023-03-27 10:00:00+00:00,11.2,69.61658,0.0,11.4,0.506
2023-03-27 11:00:00+00:00,12.45,65.903114,0.1,12.8,0.503
2023-03-27 12:00:00+00:00,11.95,64.66432,0.1,12.2,0.498
2023-03-27 13:00:00+00:00,12.45,57.15182,0.0,12.45,0.497
2023-03-27 14:00:00+00:00,12.1,56.26559,0.0,12.25,0.495
2023-03-27 15:00:00+00:00,10.25,71.38438,0.0,11.4,0.494
2023-03-27 16:00:00+00:00,6.9,81.489334,0.0,10.0,0.493
2023-03-27 17:00:00+00:00,6.0,85.78715,0.0,8.85,0.493
2023-03-27 18:00:00+00:00,4.45,90.30272,0.0,7.95,0.492
2023-03-27 19:00:00+00:00,3.65,89.92186,0.0,7.25,0.491
2023-03-27 20:00:00+00:00,3.15,89.561874,0.0,6.6,0.491
2023-03-27 21:00:00+00:00,2.9,89.221146,0.0,6.15,0.49
2023-03-27 22:00:00+00:00,2.4,87.902725,0.0,5.6,0.49
2023-03-27 23:00:00+00:00,2.0,85.9754,0.0,5.1,0.489
2023-03-28 00:00:00+00:00,4.15,77.12707,0.0,5.55,0.489
2023-03-28 01:00:00+00:00,4.2,76.580154,0.0,5.0,0.488
2023-03-28 02:00:00+00:00,3.65,80.46294,0.0,4.65,0.488
2023-03-28 03:00:00+00:00,2.3,89.81617,0.0,4.5,0.487
2023-03-28 04:00:00+00:00,3.45,87.05959,0.0,4.7,0.487
2023-03-28 05:00:00+00:00,4.6,87.79245,0.0,5.45,0.486
2023-03-28 06:00:00+00:00,5.85,86.37684,0.0,6.45,0.486
2023-03-28 07:00:00+00:00,8.2,76.6948,0.0,7.8,0.485
2023-03-28 08:00:00+00:00,11.45,62.557404,0.0,10.0,0.483
2023-03-28 09:00:00+00:00,13.35,45.63151,0.0,11.7,0.481
2023-03-28 10:00:00+00:00,13.8,48.090466,0.0,12.75,0.479
2023-03-28 11:00:00+00:00,13.75,48.93398,0.0,13.4,0.476
2023-03-28 12:00:00+00:00,13.05,52.128532,0.0,13.45,0.475
2023-03-28 13:00:00+00:00,12.55,55.791122,0.0,13.45,0.474
2023-03-28 14:00:00+00:00,11.65,60.242313,0.0,12.9,0.473
2023-03-28 15:00:00+00:00,10.25,73.6466,0.0,11.9,0.473
2023-03-28 16:00:00+00:00,10.25,59.68778,0.0,10.65,0.473
2023-03-28 17:00:00+00:00,7.85,74.775185,0.0,9.6,0.473
2023-03-28 18:00:00+00:00,5.8,85.46441,0.0,8.55,0.473
2023-03-28 19:00:00+00:00,5.1,88.77346,0.0,7.7,0.473
2023-03-28 20:00:00+00:00,5.15,88.46526,0.0,7.1,0.473
2023-03-28 21:00:00+00:00,4.35,90.61548,0.0,6.55,0.473
2023-03-28 22:00:00+00:00,4.65,91.9253,0.0,6.3,0.473
2023-03-28 23:00:00+00:00,5.3,90.36587,0.0,6.25,0.473
2023-03-29 00:00:00+00:00,6.65,84.36635,0.0,8.25,0.473
2023-03-29 01:00:00+00:00,7.1,86.50358,0.1,8.0,0.474
2023-03-29 02:00:00+00:00,6.9,90.16974,0.0,7.75,0.474
2023-03-29 03:00:00+00:00,5.8,94.92907,0.0,7.3,0.475
2023-03-29 04:00:00+00:00,6.65,90.46492,0.1,7.3,0.475
2023-03-29 05:00:00+00:00,7.8,80.19828,0.2,7.7,0.476
2023-03-29 06:00:00+00:00,8.85,68.89717,0.1,8.45,0.476
2023-03-29 07:00:00+00:00,10.05,61.354034,0.0,9.55,0.475
2023-03-29 08:00:00+00:00,10.4,62.09159,0.0,10.7,0.474
2023-03-29 09:00:00+00:00,11.35,66.812775,0.1,11.85,0.473
2023-03-29 10:00:00+00:00,11.4,66.59206,0.7,12.3,0.477
2023-03-29 11:00:00+00:00,9.45,77.16444,1.8,11.85,0.496
2023-03-29 12:00:00+00:00,8.7,78.12457,2.2,11.55,0.507
2023-03-29 13:00:00+00:00,9.25,75.01817,0.6,11.3,0.507
2023-03-29 14:00:00+00:00,8.4,79.44999,0.4,10.45,0.506
2023-03-29 15:00:00+00:00,7.95,81.34581,1.8,9.75,0.518
2023-03-29 16:00:00+00:00,7.15,79.824875,1.4,9.0,0.516
2023-03-29 17:00:00+00:00,6.8,80.62104,2.1,8.4,0.517
2023-03-29 18:00:00+00:00,6.75,77.82066,1.0,7.9,0.518
2023-03-29 19:00:00+00:00,5.75,78.49645,2.1,7.45,0.518
2023-03-29 20:00:00+00:00,5.65,78.20202,1.5,7.1,0.515
2023-03-29 21:00:00+00:00,5.35,85.41551,1.8,6.8,0.502
2023-03-29 22:00:00+00:00,4.55,95.213036,1.1,6.5,0.513
2023-03-29 23:00:00+00:00,4.05,87.42936,1.0,6.2,0.504
2023-03-30 00:00:00+00:00,3.55,92.51145,0.3,6.1,0.505
2023-03-30 01:00:00+00:00,3.3,94.15683,0.3,5.7,0.507
2023-03-30 02:00:00+00:00,2.95,95.83157,0.2,5.3,0.508
2023-03-30 03:00:00+00:00,2.65,95.82161,0.1,4.9,0.507
2023-03-30 04:00:00+00:00,2.8,86.37098,0.1,4.85,0.506
2023-03-30 05:00:00+00:00,3.3,80.70435,0.5,5.4,0.507
2023-03-30 06:00:00+00:00,4.05,76.55515,0.2,6.4,0.506
2023-03-30 07:00:00+00:00,4.25,78.54627,0.9,7.4,0.507
2023-03-30 08:00:00+00:00,4.6,79.16646,0.4,8.4,0.507
2023-03-30 09:00:00+00:00,4.35,76.054085,0.3,8.2,0.507
2023-03-30 10:00:00+00:00,4.7,67.28518,0.4,8.3,0.507
2023-03-30 11:00:00+00:00,5.6,62.285923,0.5,9.2,0.507
2023-03-30 12:00:00+00:00,4.55,67.49878,0.3,9.8,0.514
2023-03-30 13:00:00+00:00,4.75,68.28495,0.4,9.5,0.512
2023-03-30 14:00:00+00:00,3.75,69.5868,0.3,8.3,0.51
2023-03-30 15:00:00+00:00,3.45,69.0155,0.1,7.45,0.508
2023-03-30 16:00:00+00:00,2.9,70.701965,0.1,6.55,0.506
2023-03-30 17:00:00+00:00,2.25,71.095116,0.1,5.85,0.504
2023-03-30 18:00:00+00:00,1.65,72.57433,0.3,5.3,0.503
2023-03-30 19:00:00+00:00,1.05,74.09582,0.1,4.85,0.501
2023-03-30 20:00:00+00:00,0.75,76.56222,0.2,4.55,0.5
2023-03-30 21:00:00+00:00,0.4,78.22981,0.1,4.25,0.498
2023-03-30 22:00:00+00:00,0.25,78.78977,0.1,4.0,0.497
2023-03-30 23:00:00+00:00,0.1,79.06008,0.0,3.8,0.496
2023-03-31 00:00:00+00:00,0.1,79.06008,0.1,4.6,0.496
2023-03-31 01:00:00+00:00,-0.05,80.222435,0.1,4.2,0.495
2023-03-31 02:00:00+00:00,-0.3,83.53313,0.2,3.8,0.494
2023-03-31 03:00:00+00:00,-0.5,85.70544,0.4,3.6,0.493
2023-03-31 04:00:00+00:00,-0.5,86.9839,1.1,3.5,0.492
2023-03-31 05:00:00+00:00,-0.15,86.06094,1.5,3.65,0.491
2023-03-31 06:00:00+00:00,-0.2,87.98183,1.7,3.75,0.491
2023-03-31 07:00:00+00:00,-0.35,87.64382,2.4,4.0,0.49
2023-03-31 08:00:00+00:00,-0.95,91.562904,2.2,4.2,0.489
2023-03-31 09:00:00+00:00,-1.0,84.070435,1.6,4.4,0.489
2023-03-31 10:00:00+00:00,-0.2,77.552574,0.6,4.6,0.489
2023-03-31 11:00:00+00:00,0.35,77.64226,0.7,4.75,0.49
2023-03-31 12:00:00+00:00,-0.8,77.74556,0.7,4.5,0.488
2023-03-31 13:00:00+00:00,-0.6,75.4766,0.1,4.55,0.487
2023-03-31 14:00:00+00:00,-0.55,71.604256,0.0,4.6,0.487
2023-03-31 15:00:00+00:00,-1.75,74.70261,0.0,4.6,0.486
2023-03-31 16:00:00+00:00,-1.4,81.540764,1.0,4.6,0.486
2023-03-31 17:00:00+00:00,-1.95,83.63979,0.2,4.6,0.486
2023-03-31 18:00:00+00:00,-0.5,70.53868,0.0,4.6,0.485
2023-03-31 19:00:00+00:00,-0.45,67.923386,0.0,4.6,0.485
2023-03-31 20:00:00+00:00,-1.25,68.52922,0.0,4.55,0.485
2023-03-31 21:00:00+00:00,-4.05,77.80556,0.0,4.5,0.484
2023-03-31 22:00:00+00:00,-5.15,76.12602,0.0,4.45,0.484
2023-03-31 23:00:00+00:00,-5.15,71.22513,0.0,4.35,0.484
2023-04-01 00:00:00+00:00,-4.2,67.351456,0.0,4.55,0.483
2023-04-01 01:00:00+00:00,-6.85,72.01173,0.0,4.4,0.483
2023-04-01 02:00:00+00:00,-5.05,62.03586,0.2,4.25,0.483
2023-04-01 03:00:00+00:00,-4.75,61.619446,0.0,4.1,0.482
2023-04-01 04:00:00+00:00,-4.45,59.054657,0.0,4.0,0.482
2023-04-01 05:00:00+00:00,-2.15,51.976402,0.0,3.9,0.482
2023-04-01 06:00:00+00:00,-1.25,60.825737,0.0,3.85,0.482
2023-04-01 07:00:00+00:00,0.35,55.19598,0.0,3.9,0.481
2023-04-01 08:00:00+00:00,1.45,56.136814,0.0,4.0,0.481
2023-04-01 09:00:00+00:00,2.45,54.71751,0.0,4.1,0.487
2023-04-01 10:00:00+00:00,3.1,53.6613,0.0,4.25,0.495
2023-04-01 11:00:00+00:00,3.75,51.063107,0.0,4.55,0.502
2023-04-01 12:00:00+00:00,5.0,44.189945,0.0,5.05,0.503
2023-04-01 13:00:00+00:00,3.5,55.41967,0.0,5.25,0.504
2023-04-01 14:00:00+00:00,2.1,67.462944,0.0,5.25,0.501
2023-04-01 15:00:00+00:00,-0.75,71.83592,0.0,5.05,0.499
2023-04-01 16:00:00+00:00,-3.05,78.26783,0.0,4.7,0.497
2023-04-01 17:00:00+00:00,-4.6,82.66649,0.0,4.35,0.495
2023-04-01 18:00:00+00:00,-6.25,83.41565,0.0,4.0,0.494
2023-04-01 19:00:00+00:00,-7.85,83.868126,0.0,3.65,0.493
2023-04-01 20:00:00+00:00,-8.95,85.41166,0.0,3.3,0.492
2023-04-01 21:00:00+00:00,-8.85,84.746895,0.0,3.0,0.491
2023-04-01 22:00:00+00:00,-8.95,83.39552,0.0,2.75,0.49
2023-04-01 23:00:00+00:00,-9.55,83.31726,0.0,2.5,0.489
2023-04-02 00:00:00+00:00,-8.0,85.18416,0.0,4.65,0.48
2023-04-02 01:00:00+00:00,-4.35,80.19397,0.0,3.65,0.479
2023-04-02 02:00:00+00:00,-4.95,82.30169,0.0,2.8,0.479
2023-04-02 03:00:00+00:00,-4.6,80.77764,0.0,2.2,0.479
2023-04-02 04:00:00+00:00,-2.9,81.64094,0.0,2.0,0.479
2023-04-02 05:00:00+00:00,-0.2,75.830734,0.0,2.55,0.479
2023-04-02 06:00:00+00:00,1.5,72.54553,0.0,3.4,0.478
2023-04-02 07:00:00+00:00,3.7,68.31125,0.0,4.7,0.48
2023-04-02 08:00:00+00:00,6.15,61.514683,0.0,6.1,0.484
2023-04-02 09:00:00+00:00,7.85,56.36937,0.0,7.35,0.488
2023-04-02 10:00:00+00:00,8.8,54.607655,0.0,8.45,0.493
2023-04-02 11:00:00+00:00,9.1,54.09783,0.0,9.15,0.495
2023-04-02 12:00:00+00:00,8.25,57.713486,0.0,10.7,0.48
2023-04-02 13:00:00+00:00,7.35,63.157207,0.0,10.35,0.479
2023-04-02 14:00:00+00:00,6.3,67.63099,0.0,9.65,0.479
2023-04-02 15:00:00+00:00,5.55,69.20139,0.0,8.65,0.478
2023-04-02 16:00:00+00:00,3.8,77.62982,0.0,7.35,0.478
2023-04-02 17:00:00+00:00,2.85,82.116234,0.0,6.3,0.478
2023-04-02 18:00:00+00:00,2.4,83.25783,0.0,5.55,0.477
2023-04-02 19:00:00+00:00,1.65,86.25133,0.0,4.9,0.477
2023-04-02 20:00:00+00:00,1.4,88.12946,0.0,4.4,0.477
2023-04-02 21:00:00+00:00,1.3,89.087105,0.0,4.05,0.477
2023-04-02 22:00:00+00:00,0.95,90.6939,0.0,3.7,0.477
2023-04-02 23:00:00+00:00,1.25,90.05941,0.0,3.55,0.477
2023-04-03 00:00:00+00:00,0.7,93.35452,0.0,5.0,0.476
2023-04-03 01:00:00+00:00,3.05,86.3968,0.0,4.8,0.476
2023-04-03 02:00:00+00:00,2.0,94.096436,0.0,4.4,0.476
2023-04-03 03:00:00+00:00,1.15,95.77115,0.0,3.9,0.476
2023-04-03 04:00:00+00:00,2.85,92.47032,0.0,4.0,0.475
2023-04-03 05:00:00+00:00,4.9,83.566055,0.0,4.9,0.475
2023-04-03 06:00:00+00:00,6.35,78.310646,0.0,6.3,0.474
2023-04-03 07:00:00+00:00,8.1,73.25671,0.0,7.9,0.473
2023-04-03 08:00:00+00:00,9.7,66.69057,0.0,9.3,0.472
2023-04-03 09:00:00+00:00,10.45,62.984257,0.0,10.15,0.471
2023-04-03 10:00:00+00:00,11.55,59.378544,0.0,11.05,0.469
2023-04-03 11:00:00+00:00,12.3,56.71416,0.0,11.75,0.468
2023-04-03 12:00:00+00:00,12.3,57.515594,0.0,11.8,0.465
2023-04-03 13:00:00+00:00,12.05,60.974648,0.0,12.0,0.464
2023-04-03 14:00:00+00:00,11.1,64.47325,0.0,11.65,0.464
2023-04-03 15:00:00+00:00,9.45,71.72977,0.0,10.75,0.463
2023-04-03 16:00:00+00:00,7.2,79.27328,0.0,9.45,0.463
2023-04-03 17:00:00+00:00,5.45,86.335915,0.0,8.3,0.463
2023-04-03 18:00:00+00:00,4.25,89.015915,0.0,7.3,0.464
2023-04-03 19:00:00+00:00,3.3,90.53901,0.0,6.55,0.464
2023-04-03 20:00:00+00:00,2.15,97.533516,0.0,5.95,0.464
2023-04-03 21:00:00+00:00,1.8,99.64329,0.0,5.45,0.464
2023-04-03 22:00:00+00:00,1.65,97.87397,0.0,5.0,0.464
2023-04-03 23:00:00+00:00,2.3,94.4482,0.0,4.7,0.464
2023-04-04 00:00:00+00:00,4.7,81.19051,0.0,5.2,0.457
2023-04-04 01:00:00+00:00,4.05,87.42936,0.0,5.0,0.457
2023-04-04 02:00:00+00:00,4.5,85.019264,0.0,4.45,0.457
2023-04-04 03:00:00+00:00,3.65,88.648476,0.0,3.95,0.457
2023-04-04 04:00:00+00:00,4.3,87.45318,0.0,4.2,0.457
2023-04-04 05:00:00+00:00,6.1,84.8979,0.0,5.4,0.457
2023-04-04 06:00:00+00:00,7.9,81.05613,0.0,7.05,0.457
2023-04-04 07:00:00+00:00,10.1,74.131325,0.0,8.9,0.456
2023-04-04 08:00:00+00:00,12.0,70.01645,0.0,10.8,0.454
2023-04-04 09:00:00+00:00,14.25,60.868576,0.1,12.6,0.453
2023-04-04 10:00:00+00:00,15.5,54.826294,0.3,13.95,0.454
2023-04-04 11:00:00+00:00,16.05,46.72253,0.3,14.65,0.455
2023-04-04 12:00:00+00:00,15.35,47.68152,0.1,14.9,0.448
2023-04-04 13:00:00+00:00,15.1,47.611603,0.0,14.65,0.447
2023-04-04 14:00:00+00:00,14.6,49.169838,0.0,14.15,0.446
2023-04-04 15:00:00+00:00,12.2,74.245834,0.0,13.05,0.446
2023-04-04 16:00:00+00:00,9.0,74.714005,0.0,11.5,0.446
2023-04-04 17:00:00+00:00,6.7,85.26277,0.0,10.1,0.446
2023-04-04 18:00:00+00:00,5.05,88.76919,0.0,8.95,0.446
2023-04-04 19:00:00+00:00,4.55,83.225945,0.0,8.0,0.446
2023-04-04 20:00:00+00:00,4.05,79.08351,0.0,7.25,0.446
2023-04-04 21:00:00+00:00,3.95,74.89197,0.0,6.55,0.446
2023-04-04 22:00:00+00:00,3.65,73.48849,0.0,6.0,0.446
2023-04-04 23:00:00+00:00,5.0,63.060917,0.0,5.45,0.447
2023-04-05 00:00:00+00:00,4.25,70.71393,0.0,6.75,0.436
2023-04-05 01:00:00+00:00,5.2,65.69752,0.0,6.15,0.436
2023-04-05 02:00:00+00:00,4.75,73.425285,0.0,5.95,0.436
2023-04-05 03:00:00+00:00,6.25,56.15418,0.0,5.3,0.436
2023-04-05 04:00:00+00:00,6.4,73.46516,0.0,5.55,0.436
2023-04-05 05:00:00+00:00,9.4,61.634342,0.0,6.8,0.436
2023-04-05 06:00:00+00:00,11.9,58.226776,0.0,8.6,0.436
2023-04-05 07:00:00+00:00,14.2,50.280884,0.1,10.75,0.435
2023-04-05 08:00:00+00:00,14.85,46.38442,0.0,12.4,0.433
2023-04-05 09:00:00+00:00,14.8,48.031326,0.4,13.4,0.435
2023-04-05 10:00:00+00:00,14.6,51.81823,0.0,14.35,0.433
2023-04-05 11:00:00+00:00,13.95,56.93667,0.2,14.45,0.434
2023-04-05 12:00:00+00:00,11.85,64.194664,0.2,14.3,0.429
2023-04-05 13:00:00+00:00,12.3,64.7426,0.0,14.2,0.429
2023-04-05 14:00:00+00:00,10.9,74.017204,0.1,13.6,0.429
2023-04-05 15:00:00+00:00,10.4,75.99686,0.4,12.55,0.432
2023-04-05 16:00:00+00:00,7.15,93.038414,0.7,10.9,0.439
2023-04-05 17:00:00+00:00,6.1,94.6119,0.0,9.55,0.439
2023-04-05 18:00:00+00:00,6.5,89.82639,0.3,8.3,0.442
2023-04-05 19:00:00+00:00,6.4,90.762184,0.1,7.4,0.444
2023-04-05 20:00:00+00:00,4.45,95.544586,0.0,6.5,0.444
2023-04-05 21:00:00+00:00,3.85,93.18712,0.0,5.75,0.444
2023-04-05 22:00:00+00:00,2.25,92.10329,0.0,5.15,0.444
2023-04-05 23:00:00+00:00,2.0,91.42674,0.0,4.7,0.444
2023-04-06 00:00:00+00:00,1.8,92.075356,0.0,5.15,0.447
2023-04-06 01:00:00+00:00,1.05,93.372955,0.0,4.5,0.447
2023-04-06 02:00:00+00:00,0.6,92.000145,0.0,3.95,0.447
2023-04-06 03:00:00+00:00,0.6,90.66836,0.0,3.55,0.447
2023-04-06 04:00:00+00:00,3.75,81.35178,0.0,3.95,0.447
2023-04-06 05:00:00+00:00,5.8,81.62937,0.0,5.4,0.446
2023-04-06 06:00:00+00:00,7.75,75.817566,0.0,7.1,0.446
2023-04-06 07:00:00+00:00,9.65,62.57532,0.3,8.9,0.448
2023-04-06 08:00:00+00:00,11.4,49.328342,0.1,10.5,0.447
2023-04-06 09:00:00+00:00,11.55,52.46385,0.8,11.65,0.452
2023-04-06 10:00:00+00:00,11.95,54.661476,0.0,12.65,0.45
2023-04-06 11:00:00+00:00,12.35,51.754974,0.0,13.6,0.448
2023-04-06 12:00:00+00:00,11.7,51.394047,0.0,13.6,0.443
2023-04-06 13:00:00+00:00,11.1,53.85812,0.1,13.35,0.442
2023-04-06 14:00:00+00:00,9.4,61.85382,0.0,12.65,0.441
2023-04-06 15:00:00+00:00,8.25,76.702965,0.0,11.5,0.441
2023-04-06 16:00:00+00:00,7.4,68.59645,0.0,10.15,0.441
2023-04-06 17:00:00+00:00,5.9,81.64275,0.0,9.1,0.441
2023-04-06 18:00:00+00:00,6.1,79.10939,0.0,8.3,0.441
2023-04-06 19:00:00+00:00,6.1,83.12323,0.0,7.95,0.441
2023-04-06 20:00:00+00:00,5.95,79.65011,0.0,7.4,0.441
2023-04-06 21:00:00+00:00,5.1,85.08625,0.0,6.85,0.441
2023-04-06 22:00:00+00:00,4.45,89.03271,0.0,6.2,0.441
2023-04-06 23:00:00+00:00,4.05,90.27279,0.0,5.6,0.441
2023-04-07 00:00:00+00:00,4.8,90.3288,0.0,6.45,0.442
2023-04-07 01:00:00+00:00,3.6,95.514496,0.0,6.05,0.442
2023-04-07 02:00:00+00:00,4.1,91.89075,0.0,5.4,0.442
2023-04-07 03:00:00+00:00,4.1,90.91919,0.0,5.15,0.442
2023-04-07 04:00:00+00:00,4.55,92.243835,0.0,5.5,0.442
2023-04-07 05:00:00+00:00,5.9,83.68706,0.6,6.45,0.446
2023-04-07 06:00:00+00:00,7.6,68.88299,0.4,7.85,0.449
2023-04-07 07:00:00+00:00,9.15,56.301617,0.0,9.45,0.449
2023-04-07 08:00:00+00:00,10.0,51.295338,0.0,10.75,0.447
2023-04-07 09:00:00+00:00,9.65,52.70239,0.0,11.25,0.445
2023-04-07 10:00:00+00:00,9.45,57.812637,0.2,11.6,0.445
2023-04-07 11:00:00+00:00,8.5,66.19415,0.8,11.3,0.452
2023-04-07 12:00:00+00:00,9.1,61.124897,0.5,10.35,0.45
2023-04-07 13:00:00+00:00,9.3,58.818096,0.1,10.65,0.45
2023-04-07 14:00:00+00:00,8.8,61.052174,0.2,10.25,0.451
2023-04-07 15:00:00+00:00,8.25,64.74038,0.1,9.7,0.451
2023-04-07 16:00:00+00:00,6.85,85.27916,0.0,8.95,0.451
2023-04-07 17:00:00+00:00,6.1,84.8979,0.1,8.15,0.451
2023-04-07 18:00:00+00:00,4.75,90.96466,0.0,7.35,0.451
2023-04-07 19:00:00+00:00,4.75,92.5812,1.2,6.85,0.458
2023-04-07 20:00:00+00:00,4.55,96.5596,0.0,6.55,0.458
2023-04-07 21:00:00+00:00,3.9,98.603775,0.0,6.2,0.457
2023-04-07 22:00:00+00:00,3.1,99.29517,2.0,5.8,0.473
2023-04-07 23:00:00+00:00,4.3,96.55276,0.0,5.65,0.472
2023-04-08 00:00:00+00:00,6.75,78.649536,0.0,7.15,0.461
2023-04-08 01:00:00+00:00,6.3,77.19988,0.0,6.7,0.46
2023-04-08 02:00:00+00:00,4.0,91.559326,0.0,5.95,0.46
2023-04-08 03:00:00+00:00,4.55,92.243835,0.0,5.55,0.46
2023-04-08 04:00:00+00:00,5.25,89.728874,0.0,5.65,0.459
2023-04-08 05:00:00+00:00,6.3,83.73509,0.0,6.45,0.459
2023-04-08 06:00:00+00:00,7.85,78.26642,0.0,7.75,0.459
2023-04-08 07:00:00+00:00,9.2,71.1819,0.5,9.25,0.462
2023-04-08 08:00:00+00:00,10.6,56.87969,0.2,10.65,0.462
2023-04-08 09:00:00+00:00,11.85,46.52521,0.1,11.95,0.461
2023-04-08 10:00:00+00:00,12.6,40.013,0.1,12.9,0.459
2023-04-08 11:00:00+00:00,12.85,40.0866,0.0,13.65,0.456
2023-04-08 12:00:00+00:00,12.3,38.20741,0.0,13.7,0.458
2023-04-08 13:00:00+00:00,11.95,36.452145,0.0,13.45,0.456
2023-04-08 14:00:00+00:00,10.8,39.626854,0.0,12.7,0.454
2023-04-08 15:00:00+00:00,8.9,50.435448,0.0,11.5,0.453
2023-04-08 16:00:00+00:00,5.6,62.285923,0.0,9.9,0.453
2023-04-08 17:00:00+00:00,4.5,66.26422,0.0,8.5,0.453
2023-04-08 18:00:00+00:00,3.05,73.37707,0.0,7.35,0.452
2023-04-08 19:00:00+00:00,2.5,75.18376,0.0,6.45,0.452
2023-04-08 20:00:00+00:00,1.4,80.43311,0.0,5.65,0.452
2023-04-08 21:00:00+00:00,0.4,83.00518,0.0,4.9,0.452
2023-04-08 22:00:00+00:00,-0.15,83.24275,0.0,4.3,0.451
2023-04-08 23:00:00+00:00,-0.6,83.49573,0.0,3.75,0.451
2023-04-09 00:00:00+00:00,1.0,80.6721,0.0,5.35,0.444
2023-04-09 01:00:00+00:00,2.4,74.890526,0.0,4.7,0.444
2023-04-09 02:00:00+00:00,2.5,74.90831,0.0,4.3,0.444
2023-04-09 03:00:00+00:00,2.4,75.16614,0.0,4.1,0.444
2023-04-09 04:00:00+00:00,3.55,75.09396,0.0,4.45,0.444
2023-04-09 05:00:00+00:00,5.4,69.6727,0.0,5.45,0.443
2023-04-09 06:00:00+00:00,7.4,62.040714,0.0,6.85,0.442
2023-04-09 07:00:00+00:00,9.4,55.562046,0.0,8.6,0.441
2023-04-09 08:00:00+00:00,11.75,52.331493,0.0,10.55,0.439
2023-04-09 09:00:00+00:00,13.7,45.731453,0.0,12.2,0.437
2023-04-09 10:00:00+00:00,13.75,43.985188,0.0,12.8,0.436
2023-04-09 11:00:00+00:00,13.65,46.04397,0.0,13.3,0.434
2023-04-09 12:00:00+00:00,11.75,53.081043,0.0,12.55,0.432
2023-04-09 13:00:00+00:00,12.2,52.453323,0.0,12.45,0.431
2023-04-09 14:00:00+00:00,11.75,54.608723,0.0,12.15,0.43
2023-04-09 15:00:00+00:00,10.3,70.408676,0.1,11.35,0.431
2023-04-09 16:00:00+00:00,9.4,70.47696,0.2,10.4,0.433
2023-04-09 17:00:00+00:00,8.0,77.47202,0.0,9.05,0.434
2023-04-09 18:00:00+00:00,6.3,88.87537,0.0,8.35,0.434
2023-04-09 19:00:00+00:00,6.55,85.84532,0.0,7.8,0.434
2023-04-09 20:00:00+00:00,6.4,85.52923,0.0,7.2,0.434
2023-04-09 21:00:00+00:00,6.25,85.81363,0.0,6.7,0.434
2023-04-09 22:00:00+00:00,5.9,87.29714,0.0,6.05,0.434
2023-04-09 23:00:00+00:00,5.65,87.580696,0.0,5.85,0.434
2023-04-10 00:00:00+00:00,5.5,94.58653,0.0,7.5,0.45
2023-04-10 01:00:00+00:00,5.05,95.23187,0.0,6.6,0.45
2023-04-10 02:00:00+00:00,4.75,92.907555,0.0,5.75,0.45
2023-04-10 03:00:00+00:00,4.0,96.20485,0.0,5.25,0.45
2023-04-10 04:00:00+00:00,5.45,91.332924,0.0,5.6,0.45
2023-04-10 05:00:00+00:00,6.6,87.66931,1.0,6.35,0.463
2023-04-10 06:00:00+00:00,7.0,91.752594,1.6,7.3,0.483
2023-04-10 07:00:00+00:00,6.85,91.42573,1.8,7.65,0.504
2023-04-10 08:00:00+00:00,7.25,90.82201,1.8,7.95,0.514
2023-04-10 09:00:00+00:00,8.35,87.22753,1.1,8.45,0.511
2023-04-10 10:00:00+00:00,8.1,91.19384,0.8,8.45,0.51
2023-04-10 11:00:00+00:00,8.35,91.523544,1.2,8.65,0.512
2023-04-10 12:00:00+00:00,10.6,81.14236,0.2,10.0,0.514
2023-04-10 13:00:00+00:00,10.45,83.935616,0.2,10.15,0.506
2023-04-10 14:00:00+00:00,10.35,87.7126,0.1,10.15,0.502
2023-04-10 15:00:00+00:00,10.05,90.70787,0.1,9.95,0.5
2023-04-10 16:00:00+00:00,9.4,89.741585,0.0,9.45,0.497
2023-04-10 17:00:00+00:00,8.7,92.80416,0.0,9.05,0.495
2023-04-10 18:00:00+00:00,8.2,92.14326,0.0,8.6,0.493
2023-04-10 19:00:00+00:00,6.6,94.63291,0.0,7.95,0.492
2023-04-10 20:00:00+00:00,5.75,92.96251,0.0,7.2,0.491
2023-04-10 21:00:00+00:00,4.75,92.255875,0.0,6.5,0.489
2023-04-10 22:00:00+00:00,5.15,87.84324,0.0,5.8,0.488
2023-04-10 23:00:00+00:00,4.9,87.510086,0.0,5.35,0.488
2023-04-11 00:00:00+00:00,5.2,88.782005,0.0,5.8,0.488
2023-04-11 01:00:00+00:00,6.2,80.822,0.0,5.35,0.487
2023-04-11 02:00:00+00:00,5.85,83.09219,0.0,5.1,0.486
2023-04-11 03:00:00+00:00,5.1,91.30949,0.0,5.1,0.486
2023-04-11 04:00:00+00:00,6.15,90.42841,0.0,5.4,0.485
2023-04-11 05:00:00+00:00,7.8,84.4983,0.0,6.45,0.485
2023-04-11 06:00:00+00:00,9.5,84.112144,0.2,7.9,0.486
2023-04-11 07:00:00+00:00,10.15,84.47465,2.2,8.75,0.512
2023-04-11 08:00:00+00:00,10.2,86.51622,4.6,9.15,0.508
2023-04-11 09:00:00+00:00,10.7,82.54971,1.9,9.45,0.51
2023-04-11 10:00:00+00:00,10.95,79.81841,0.3,9.7,0.509
2023-04-11 11:00:00+00:00,13.2,68.83168,0.1,11.15,0.507
2023-04-11 12:00:00+00:00,11.85,71.443726,0.2,10.9,0.509
2023-04-11 13:00:00+00:00,11.5,76.700066,0.4,10.7,0.509
2023-04-11 14:00:00+00:00,11.2,79.582726,0.2,10.5,0.508
2023-04-11 15:00:00+00:00,10.5,87.42987,0.1,10.15,0.507
2023-04-11 16:00:00+00:00,9.2,93.46404,0.3,9.55,0.508
2023-04-11 17:00:00+00:00,8.55,91.22398,0.8,8.9,0.514
2023-04-11 18:00:00+00:00,8.25,89.65224,0.2,8.45,0.511
2023-04-11 19:00:00+00:00,7.25,92.72349,0.3,7.85,0.512
2023-04-11 20:00:00+00:00,7.55,88.980095,0.8,7.6,0.516
2023-04-11 21:00:00+00:00,7.0,94.649635,0.5,7.4,0.515
2023-04-11 22:00:00+00:00,6.85,95.29878,1.0,7.2,0.519
2023-04-11 23:00:00+00:00,7.1,94.32821,0.5,7.2,0.504
2023-04-12 00:00:00+00:00,6.9,97.625336,0.1,7.85,0.513
2023-04-12 01:00:00+00:00,7.0,97.62721,0.4,7.65,0.513
2023-04-12 02:00:00+00:00,7.15,96.6296,0.3,7.5,0.511
2023-04-12 03:00:00+00:00,7.4,94.66626,0.0,7.5,0.508
2023-04-12 04:00:00+00:00,8.0,91.81556,0.1,7.7,0.507
2023-04-12 05:00:00+00:00,9.9,81.88594,0.0,8.6,0.504
2023-04-12 06:00:00+00:00,11.5,74.123085,0.1,9.8,0.502
2023-04-12 07:00:00+00:00,13.1,64.69797,0.0,11.2,0.5
2023-04-12 08:00:00+00:00,12.95,61.18986,0.0,12.0,0.498
2023-04-12 09:00:00+00:00,13.05,64.90956,0.1,12.8,0.496
2023-04-12 10:00:00+00:00,13.75,63.524254,0.1,13.7,0.494
2023-04-12 11:00:00+00:00,13.75,62.658676,0.0,14.5,0.491
2023-04-12 12:00:00+00:00,10.15,72.61494,0.0,13.55,0.482
2023-04-12 13:00:00+00:00,9.75,74.84425,2.7,12.4,0.513
2023-04-12 14:00:00+00:00,9.1,80.938995,0.8,11.45,0.514
2023-04-12 15:00:00+00:00,8.65,82.57477,1.1,10.55,0.504
2023-04-12 16:00:00+00:00,7.2,93.04111,2.9,9.65,0.518
2023-04-12 17:00:00+00:00,6.25,95.939095,5.8,9.0,0.51
2023-04-12 18:00:00+00:00,6.0,94.27939,2.5,8.3,0.502
2023-04-12 19:00:00+00:00,4.9,98.95961,0.7,7.55,0.509
2023-04-12 20:00:00+00:00,4.95,96.908714,0.1,7.25,0.506
2023-04-12 21:00:00+00:00,4.9,97.246864,0.0,7.0,0.504
2023-04-12 22:00:00+00:00,4.75,99.6517,0.2,6.8,0.504
2023-04-12 23:00:00+00:00,4.75,100.0,0.2,6.7,0.505
2023-04-13 00:00:00+00:00,5.5,89.74848,0.1,6.85,0.512
2023-04-13 01:00:00+00:00,3.6,94.50503,2.4,6.4,0.514
2023-04-13 02:00:00+00:00,2.6,98.239075,3.3,5.95,0.51
2023-04-13 03:00:00+00:00,2.95,97.20362,0.8,5.6,0.515
2023-04-13 04:00:00+00:00,3.7,95.518036,0.1,5.65,0.511
2023-04-13 05:00:00+00:00,4.85,90.971634,0.4,6.4,0.511
2023-04-13 06:00:00+00:00,5.65,83.95313,0.3,7.1,0.51
2023-04-13 07:00:00+00:00,6.6,75.3544,0.2,8.05,0.509
2023-04-13 08:00:00+00:00,7.2,74.66124,0.6,9.6,0.512
2023-04-13 09:00:00+00:00,6.85,78.11165,0.7,10.15,0.514
2023-04-13 10:00:00+00:00,6.2,86.10995,1.0,9.9,0.518
2023-04-13 11:00:00+00:00,5.15,91.956535,1.5,9.25,0.493
2023-04-13 12:00:00+00:00,7.45,70.58875,2.4,8.45,0.505
2023-04-13 13:00:00+00:00,7.6,65.05722,0.1,9.15,0.503
2023-04-13 14:00:00+00:00,7.15,63.338253,0.0,9.25,0.501
2023-04-13 15:00:00+00:00,6.35,66.193695,0.0,8.75,0.499
2023-04-13 16:00:00+00:00,5.15,73.764206,0.0,7.7,0.498
2023-04-13 17:00:00+00:00,4.25,79.39881,0.0,6.9,0.497
2023-04-13 18:00:00+00:00,3.55,83.40064,0.0,6.1,0.496
2023-04-13 19:00:00+00:00,2.95,89.2253,0.0,5.7,0.496
2023-04-13 20:00:00+00:00,3.35,87.36228,0.0,5.5,0.495
2023-04-13 21:00:00+00:00,3.1,93.81299,0.0,5.35,0.494
2023-04-13 22:00:00+00:00,2.65,95.480484,0.0,5.15,0.494
2023-04-13 23:00:00+00:00,3.35,90.86627,0.0,5.2,0.493
2023-04-14 00:00:00+00:00,2.3,95.46787,0.3,5.7,0.494
2023-04-14 01:00:00+00:00,3.05,93.810555,0.7,5.45,0.499
2023-04-14 02:00:00+00:00,2.8,95.8266,0.3,5.1,0.501
2023-04-14 03:00:00+00:00,3.0,95.49305,0.0,4.85,0.5
2023-04-14 04:00:00+00:00,3.65,91.2114,0.0,5.0,0.499
2023-04-14 05:00:00+00:00,4.45,85.62132,0.1,5.85,0.499
2023-04-14 06:00:00+00:00,5.3,80.98406,0.0,6.95,0.498
2023-04-14 07:00:00+00:00,6.65,70.935005,0.1,8.25,0.497
2023-04-14 08:00:00+00:00,8.2,58.75214,0.1,9.6,0.496
2023-04-14 09:00:00+00:00,8.8,56.82182,0.1,10.6,0.494
2023-04-14 10:00:00+00:00,9.05,57.50352,0.1,11.3,0.492
2023-04-14 11:00:00+00:00,9.15,58.991245,0.6,11.55,0.495
2023-04-14 12:00:00+00:00,8.85,60.84639,0.3,12.0,0.495
2023-04-14 13:00:00+00:00,8.5,63.652782,0.0,11.7,0.493
2023-04-14 14:00:00+00:00,8.25,64.97167,0.0,11.3,0.491
2023-04-14 15:00:00+00:00,7.5,68.129745,0.0,10.5,0.49
2023-04-14 16:00:00+00:00,6.75,69.448616,0.0,9.3,0.49
2023-04-14 17:00:00+00:00,4.7,85.04164,0.0,8.3,0.489
2023-04-14 18:00:00+00:00,3.6,87.07433,0.0,7.3,0.489
2023-04-14 19:00:00+00:00,2.65,91.142815,0.0,6.5,0.488
2023-04-14 20:00:00+00:00,2.0,93.08732,0.0,5.8,0.488
2023-04-14 21:00:00+00:00,1.55,92.727325,0.0,5.2,0.488
2023-04-14 22:00:00+00:00,1.65,91.73408,0.0,4.7,0.487
2023-04-14 23:00:00+00:00,2.8,87.30923,0.0,4.35,0.487
2023-04-15 00:00:00+00:00,2.15,92.0971,0.0,5.05,0.483
2023-04-15 01:00:00+00:00,2.85,88.57864,0.0,4.55,0.482
2023-04-15 02:00:00+00:00,2.1,94.43938,0.0,4.45,0.482
2023-04-15 03:00:00+00:00,3.0,91.493416,0.0,4.55,0.482
2023-04-15 04:00:00+00:00,4.3,88.70476,0.0,4.95,0.481
2023-04-15 05:00:00+00:00,6.1,83.41671,0.0,6.1,0.481
2023-04-15 06:00:00+00:00,7.95,73.48776,0.0,7.75,0.48
2023-04-15 07:00:00+00:00,9.2,64.49666,0.0,8.85,0.478
2023-04-15 08:00:00+00:00,11.45,55.504856,0.0,10.65,0.476
2023-04-15 09:00:00+00:00,12.85,49.908924,0.0,11.95,0.474
2023-04-15 10:00:00+00:00,13.95,46.457947,0.0,12.95,0.472
2023-04-15 11:00:00+00:00,14.6,46.150352,0.0,13.5,0.47
2023-04-15 12:00:00+00:00,14.7,45.369774,0.0,13.95,0.463
2023-04-15 13:00:00+00:00,14.5,47.276394,0.0,14.0,0.461
2023-04-15 14:00:00+00:00,13.65,51.9247,0.0,13.55,0.46
2023-04-15 15:00:00+00:00,12.0,66.032875,0.0,12.65,0.46
2023-04-15 16:00:00+00:00,8.3,76.97976,0.0,11.1,0.46
2023-04-15 17:00:00+00:00,6.95,80.359085,0.0,9.8,0.46
2023-04-15 18:00:00+00:00,6.1,78.82936,0.0,8.75,0.46
2023-04-15 19:00:00+00:00,5.6,78.75338,0.0,7.9,0.46
2023-04-15 20:00:00+00:00,5.1,78.396126,0.0,7.1,0.46
2023-04-15 21:00:00+00:00,7.0,66.57601,0.0,6.4,0.46
2023-04-15 22:00:00+00:00,6.35,67.641716,0.0,5.8,0.46
2023-04-15 23:00:00+00:00,5.65,69.72383,0.0,5.25,0.46
2023-04-16 00:00:00+00:00,5.3,70.412285,0.0,5.95,0.455
2023-04-16 01:00:00+00:00,4.2,75.48061,0.0,5.3,0.455
2023-04-16 02:00:00+00:00,4.55,73.654396,0.0,4.75,0.455
2023-04-16 03:00:00+00:00,4.75,73.160355,0.0,4.3,0.455
2023-04-16 04:00:00+00:00,5.3,76.21447,0.0,4.9,0.455
2023-04-16 05:00:00+00:00,7.3,75.741455,0.0,6.35,0.455
2023-04-16 06:00:00+00:00,9.55,68.55843,0.0,8.3,0.454
2023-04-16 07:00:00+00:00,11.55,63.681618,0.0,10.35,0.453
2023-04-16 08:00:00+00:00,13.55,59.661907,0.0,12.3,0.451
2023-04-16 09:00:00+00:00,15.3,55.91742,0.0,14.05,0.449
2023-04-16 10:00:00+00:00,16.85,50.826714,0.0,15.5,0.446
2023-04-16 11:00:00+00:00,17.85,45.154053,0.0,16.5,0.444
2023-04-16 12:00:00+00:00,18.35,38.735413,0.0,17.05,0.439
2023-04-16 13:00:00+00:00,18.35,35.973072,0.0,17.0,0.438
2023-04-16 14:00:00+00:00,17.95,37.67849,0.0,16.35,0.437
2023-04-16 15:00:00+00:00,16.0,59.643673,0.0,15.35,0.437
2023-04-16 16:00:00+00:00,15.55,39.30347,0.0,13.6,0.437
2023-04-16 17:00:00+00:00,10.3,65.890816,0.0,12.05,0.437
2023-04-16 18:00:00+00:00,8.3,78.335556,0.0,10.9,0.438
2023-04-16 19:00:00+00:00,7.0,83.23431,0.0,9.95,0.438
2023-04-16 20:00:00+00:00,6.35,81.41527,0.0,9.15,0.438
2023-04-16 21:00:00+00:00,6.15,76.628815,0.0,8.5,0.438
2023-04-16 22:00:00+00:00,5.85,73.3641,0.0,7.95,0.439
2023-04-16 23:00:00+00:00,5.4,74.07542,0.0,7.45,0.439
2023-04-17 00:00:00+00:00,8.25,57.090748,0.0,7.95,0.431
2023-04-17 01:00:00+00:00,8.05,57.662132,0.0,7.5,0.431
2023-04-17 02:00:00+00:00,7.65,57.97864,0.0,7.1,0.432
2023-04-17 03:00:00+00:00,7.35,58.749725,0.0,6.75,0.432
2023-04-17 04:00:00+00:00,8.0,61.961346,0.0,7.3,0.432
2023-04-17 05:00:00+00:00,9.5,64.33692,0.0,8.35,0.432
2023-04-17 06:00:00+00:00,10.9,64.42809,0.0,9.6,0.432
2023-04-17 07:00:00+00:00,12.25,60.387978,0.0,10.85,0.431
2023-04-17 08:00:00+00:00,14.75,54.066395,0.0,12.9,0.429
2023-04-17 09:00:00+00:00,16.8,49.946304,0.0,14.75,0.427
2023-04-17 10:00:00+00:00,18.0,46.14179,0.0,16.1,0.425
2023-04-17 11:00:00+00:00,18.6,45.83508,0.0,17.1,0.423
2023-04-17 12:00:00+00:00,17.7,36.81537,0.0,17.65,0.416
2023-04-17 13:00:00+00:00,18.0,36.38376,0.0,17.35,0.415
2023-04-17 14:00:00+00:00,17.1,43.70636,0.0,16.55,0.414
2023-04-17 15:00:00+00:00,14.8,65.29506,0.0,15.55,0.414
2023-04-17 16:00:00+00:00,13.5,60.689243,0.0,13.95,0.414
2023-04-17 17:00:00+00:00,9.7,74.57642,0.0,12.45,0.414
2023-04-17 18:00:00+00:00,9.45,67.58115,0.0,11.35,0.415
2023-04-17 19:00:00+00:00,8.0,71.70436,0.0,10.55,0.415
2023-04-17 20:00:00+00:00,7.15,73.863464,0.0,9.8,0.415
2023-04-17 21:00:00+00:00,6.55,75.61387,0.0,9.1,0.416
2023-04-17 22:00:00+00:00,5.65,79.32349,0.0,8.45,0.416
2023-04-17 23:00:00+00:00,8.5,61.1982,0.0,7.85,0.416
2023-04-18 00:00:00+00:00,7.35,66.65262,0.0,8.25,0.406
2023-04-18 01:00:00+00:00,7.15,67.088104,0.0,7.6,0.406
2023-04-18 02:00:00+00:00,5.85,73.62739,0.0,7.1,0.407
2023-04-18 03:00:00+00:00,6.75,69.20038,0.0,6.7,0.407
2023-04-18 04:00:00+00:00,7.95,70.437874,0.0,7.3,0.408
2023-04-18 05:00:00+00:00,10.05,69.14308,0.0,8.7,0.408
2023-04-18 06:00:00+00:00,12.05,66.27236,0.0,10.55,0.408
2023-04-18 07:00:00+00:00,14.05,62.299686,0.0,12.45,0.407
2023-04-18 08:00:00+00:00,16.25,57.71141,0.0,14.35,0.405
2023-04-18 09:00:00+00:00,17.85,53.2246,0.2,16.0,0.405
2023-04-18 10:00:00+00:00,18.55,45.97875,0.0,17.0,0.404
2023-04-18 11:00:00+00:00,19.05,34.67695,0.0,17.75,0.402
2023-04-18 12:00:00+00:00,17.95,40.84929,0.0,18.1,0.394
2023-04-18 13:00:00+00:00,18.6,39.354515,0.0,17.95,0.393
2023-04-18 14:00:00+00:00,16.7,46.742023,0.3,16.85,0.396
2023-04-18 15:00:00+00:00,15.05,67.82134,0.0,15.8,0.396
2023-04-18 16:00:00+00:00,12.3,72.76077,0.0,14.45,0.396
2023-04-18 17:00:00+00:00,10.5,79.20995,0.0,13.1,0.397
2023-04-18 18:00:00+00:00,9.75,78.28578,0.0,12.0,0.397
2023-04-18 19:00:00+00:00,8.45,78.085945,0.0,11.1,0.398
2023-04-18 20:00:00+00:00,7.8,77.98505,0.0,10.35,0.398
2023-04-18 21:00:00+00:00,7.2,78.165985,0.0,9.65,0.398
2023-04-18 22:00:00+00:00,6.6,79.184105,0.0,9.05,0.399
2023-04-18 23:00:00+00:00,5.7,83.95907,0.0,8.45,0.399
2023-04-19 00:00:00+00:00,6.45,79.72319,0.0,9.2,0.402
2023-04-19 01:00:00+00:00,6.85,79.78138,0.2,8.8,0.404
2023-04-19 02:00:00+00:00,8.2,69.25176,0.0,8.35,0.404
2023-04-19 03:00:00+00:00,6.2,84.61122,0.0,8.0,0.404
2023-04-19 04:00:00+00:00,8.55,77.829834,0.0,8.4,0.404
2023-04-19 05:00:00+00:00,10.8,71.98551,0.0,9.7,0.404
2023-04-19 06:00:00+00:00,12.7,68.495094,0.0,11.45,0.404
2023-04-19 07:00:00+00:00,15.05,62.74427,0.0,13.3,0.402
2023-04-19 08:00:00+00:00,17.15,58.32702,0.0,15.1,0.401
2023-04-19 09:00:00+00:00,15.8,59.392986,0.7,16.35,0.406
2023-04-19 10:00:00+00:00,18.45,49.206776,0.0,17.2,0.405
2023-04-19 11:00:00+00:00,18.5,41.15041,0.0,17.7,0.403
2023-04-19 12:00:00+00:00,18.5,39.051373,0.0,17.25,0.389
2023-04-19 13:00:00+00:00,16.95,46.48836,0.0,17.15,0.388
2023-04-19 14:00:00+00:00,16.15,52.05448,0.0,16.65,0.387
2023-04-19 15:00:00+00:00,15.0,69.42691,0.0,15.7,0.388
2023-04-19 16:00:00+00:00,14.15,59.80791,0.0,14.4,0.388
2023-04-19 17:00:00+00:00,9.9,81.04785,0.0,13.05,0.388
2023-04-19 18:00:00+00:00,9.35,81.53294,0.0,12.0,0.389
2023-04-19 19:00:00+00:00,8.3,84.84796,0.0,11.2,0.389
2023-04-19 20:00:00+00:00,8.25,83.09839,0.0,10.6,0.389
2023-04-19 21:00:00+00:00,7.65,84.18801,0.0,10.05,0.39
2023-04-19 22:00:00+00:00,7.85,81.901054,0.3,9.6,0.393
2023-04-19 23:00:00+00:00,8.25,86.618675,0.2,9.45,0.394
2023-04-20 00:00:00+00:00,8.85,90.314186,0.0,9.85,0.389
2023-04-20 01:00:00+00:00,8.85,90.314186,0.3,9.6,0.394
2023-04-20 02:00:00+00:00,8.65,93.436356,0.3,9.45,0.399
2023-04-20 03:00:00+00:00,8.9,93.76728,2.5,9.4,0.434
2023-04-20 04:00:00+00:00,9.05,93.774475,2.2,9.55,0.465
2023-04-20 05:00:00+00:00,9.7,91.30029,0.2,10.0,0.466
2023-04-20 06:00:00+00:00,11.55,82.65591,0.0,11.2,0.465
2023-04-20 07:00:00+00:00,14.15,75.08516,0.1,13.05,0.464
2023-04-20 08:00:00+00:00,15.8,62.916092,0.1,14.95,0.463
2023-04-20 09:00:00+00:00,16.15,61.733852,0.3,16.2,0.462
2023-04-20 10:00:00+00:00,15.5,60.54453,0.8,16.2,0.468
2023-04-20 11:00:00+00:00,17.2,52.692936,0.0,17.2,0.465
2023-04-20 12:00:00+00:00,15.0,62.519802,0.0,16.5,0.469
2023-04-20 13:00:00+00:00,14.95,64.01284,0.0,16.3,0.467
2023-04-20 14:00:00+00:00,14.9,62.072533,0.0,15.9,0.465
2023-04-20 15:00:00+00:00,12.6,76.35806,0.4,14.8,0.467
2023-04-20 16:00:00+00:00,11.65,87.24299,0.5,13.6,0.471
2023-04-20 17:00:00+00:00,11.15,92.31782,0.0,12.7,0.469
2023-04-20 18:00:00+00:00,10.25,96.38665,0.3,11.9,0.472
2023-04-20 19:00:00+00:00,10.0,96.7039,0.1,11.4,0.472
2023-04-20 20:00:00+00:00,9.65,95.0788,0.5,10.85,0.478
2023-04-20 21:00:00+00:00,9.45,97.01637,0.2,10.6,0.478
2023-04-20 22:00:00+00:00,9.5,98.333244,0.4,10.45,0.482
2023-04-20 23:00:00+00:00,8.65,96.669014,2.3,10.1,0.509
2023-04-21 00:00:00+00:00,8.2,97.31782,1.5,9.8,0.513
2023-04-21 01:00:00+00:00,7.75,98.983,2.5,9.55,0.503
2023-04-21 02:00:00+00:00,7.75,98.31009,0.6,9.4,0.506
2023-04-21 03:00:00+00:00,7.85,97.31042,0.6,9.3,0.507
2023-04-21 04:00:00+00:00,7.95,96.3213,0.5,9.4,0.507
2023-04-21 05:00:00+00:00,8.15,94.37426,0.5,9.6,0.507
2023-04-21 06:00:00+00:00,9.4,87.32696,0.3,10.2,0.504
2023-04-21 07:00:00+00:00,11.0,76.88208,0.1,11.25,0.5
2023-04-21 08:00:00+00:00,12.35,69.36883,0.0,12.6,0.497
2023-04-21 09:00:00+00:00,14.4,58.04331,0.1,14.5,0.493
2023-04-21 10:00:00+00:00,15.25,44.103065,0.0,15.65,0.489
2023-04-21 11:00:00+00:00,14.2,44.11477,0.0,16.0,0.486
2023-04-21 12:00:00+00:00,15.15,39.6102,0.1,16.55,0.478
2023-04-21 13:00:00+00:00,14.6,39.166393,0.1,16.35,0.476
2023-04-21 14:00:00+00:00,13.85,40.67245,0.0,15.65,0.474
2023-04-21 15:00:00+00:00,12.3,50.65017,0.0,14.55,0.473
2023-04-21 16:00:00+00:00,8.55,62.76209,0.0,12.9,0.472
2023-04-21 17:00:00+00:00,7.45,64.09613,0.0,11.4,0.472
2023-04-21 18:00:00+00:00,6.05,67.33365,0.0,10.2,0.472
2023-04-21 19:00:00+00:00,5.3,70.923065,0.0,9.3,0.471
2023-04-21 20:00:00+00:00,4.55,74.45782,0.0,8.55,0.471
2023-04-21 21:00:00+00:00,3.95,76.81597,0.0,7.95,0.471
2023-04-21 22:00:00+00:00,3.15,81.56394,0.0,7.35,0.47
2023-04-21 23:00:00+00:00,2.8,83.00674,0.0,6.85,0.47
2023-04-22 00:00:00+00:00,4.45,76.34595,0.0,7.25,0.471
2023-04-22 01:00:00+00:00,4.95,73.72768,0.0,6.7,0.471
2023-04-22 02:00:00+00:00,4.25,77.14338,0.0,6.15,0.471
2023-04-22 03:00:00+00:00,3.8,81.65192,0.0,5.9,0.471
2023-04-22 04:00:00+00:00,6.25,75.83198,0.0,6.6,0.47
2023-04-22 05:00:00+00:00,8.3,70.75664,0.0,8.0,0.47
2023-04-22 06:00:00+00:00,10.35,64.75663,0.0,9.8,0.469
2023-04-22 07:00:00+00:00,11.85,52.732075,0.1,11.4,0.468
2023-04-22 08:00:00+00:00,13.05,50.85616,0.1,12.95,0.467
2023-04-22 09:00:00+00:00,14.05,45.9942,0.3,14.45,0.466
2023-04-22 10:00:00+00:00,14.35,42.459152,0.4,15.45,0.467
2023-04-22 11:00:00+00:00,14.3,42.749165,0.3,16.0,0.467
2023-04-22 12:00:00+00:00,13.45,49.37181,0.3,15.35,0.474
2023-04-22 13:00:00+00:00,13.45,47.6528,0.0,14.95,0.473
2023-04-22 14:00:00+00:00,12.6,50.195206,0.1,14.15,0.473
2023-04-22 15:00:00+00:00,11.45,64.77716,0.0,13.2,0.472
2023-04-22 16:00:00+00:00,9.25,71.94278,0.0,11.95,0.472
2023-04-22 17:00:00+00:00,9.1,68.94863,0.0,10.7,0.471
2023-04-22 18:00:00+00:00,7.05,77.32052,0.0,9.8,0.471
2023-04-22 19:00:00+00:00,6.3,77.749664,0.0,9.1,0.471
2023-04-22 20:00:00+00:00,5.2,78.411606,0.0,8.4,0.47
2023-04-22 21:00:00+00:00,5.35,77.045784,0.0,8.05,0.47
2023-04-22 22:00:00+00:00,4.6,78.8829,0.0,7.55,0.47
2023-04-22 23:00:00+00:00,4.9,78.64635,0.0,7.3,0.469
2023-04-23 00:00:00+00:00,3.65,86.149536,0.0,7.5,0.47
2023-04-23 01:00:00+00:00,5.05,76.72114,0.0,6.95,0.469
2023-04-23 02:00:00+00:00,5.95,69.03482,0.0,6.5,0.469
2023-04-23 03:00:00+00:00,5.7,68.98284,0.0,6.1,0.469
2023-04-23 04:00:00+00:00,6.8,71.984314,0.0,6.8,0.469
2023-04-23 05:00:00+00:00,8.5,72.56139,0.0,8.2,0.468
2023-04-23 06:00:00+00:00,10.05,69.87059,0.0,9.75,0.467
2023-04-23 07:00:00+00:00,12.1,64.922295,0.0,11.45,0.465
2023-04-23 08:00:00+00:00,13.85,59.119694,0.0,12.95,0.463
2023-04-23 09:00:00+00:00,15.75,53.401325,0.1,14.65,0.461
2023-04-23 10:00:00+00:00,15.85,52.153923,0.1,15.5,0.46
2023-04-23 11:00:00+00:00,13.9,55.17196,0.1,14.75,0.46
2023-04-23 12:00:00+00:00,13.7,69.874886,0.7,15.05,0.451
2023-04-23 13:00:00+00:00,13.2,69.776054,0.0,14.5,0.45
2023-04-23 14:00:00+00:00,13.95,66.90736,0.0,14.4,0.45
2023-04-23 15:00:00+00:00,13.1,74.15128,0.0,13.75,0.449
2023-04-23 16:00:00+00:00,10.55,92.282776,2.9,12.65,0.485
2023-04-23 17:00:00+00:00,9.7,95.40189,1.5,11.5,0.504
2023-04-23 18:00:00+00:00,9.5,92.8481,0.1,10.8,0.5
2023-04-23 19:00:00+00:00,8.45,96.992935,0.1,10.15,0.498
2023-04-23 20:00:00+00:00,8.0,98.31342,0.0,9.5,0.495
2023-04-23 21:00:00+00:00,7.7,98.30942,3.4,9.05,0.515
2023-04-23 22:00:00+00:00,8.1,95.67049,0.2,9.0,0.508
2023-04-23 23:00:00+00:00,7.55,95.9803,0.0,8.65,0.503
2023-04-24 00:00:00+00:00,7.05,89.86889,0.0,9.45,0.514
2023-04-24 01:00:00+00:00,7.65,89.29631,0.0,8.8,0.508
2023-04-24 02:00:00+00:00,6.3,93.96619,1.4,7.9,0.52
2023-04-24 03:00:00+00:00,7.1,90.8115,1.1,7.85,0.51
2023-04-24 04:00:00+00:00,7.8,89.9264,2.0,8.25,0.516
2023-04-24 05:00:00+00:00,8.55,86.64845,1.6,8.95,0.512
2023-04-24 06:00:00+00:00,9.4,83.23912,2.8,10.55,0.52
2023-04-24 07:00:00+00:00,9.75,81.585915,3.9,11.0,0.503
2023-04-24 08:00:00+00:00,11.3,77.193214,0.2,11.85,0.503
2023-04-24 09:00:00+00:00,13.6,66.833115,0.1,13.3,0.501
2023-04-24 10:00:00+00:00,13.65,64.59879,0.2,14.1,0.501
2023-04-24 11:00:00+00:00,14.6,58.89757,0.5,15.25,0.503
2023-04-24 12:00:00+00:00,14.35,64.53421,0.8,14.7,0.483
2023-04-24 13:00:00+00:00,12.6,76.10008,0.1,15.3,0.483
2023-04-24 14:00:00+00:00,10.95,84.85158,0.1,14.6,0.483
2023-04-24 15:00:00+00:00,10.85,84.55356,0.0,13.75,0.483
2023-04-24 16:00:00+00:00,8.95,90.93999,0.4,12.55,0.486
2023-04-24 17:00:00+00:00,7.4,96.968025,1.0,11.1,0.497
2023-04-24 18:00:00+00:00,8.1,89.332634,0.4,10.35,0.5
2023-04-24 19:00:00+00:00,7.45,91.78102,0.0,9.4,0.499
2023-04-24 20:00:00+00:00,6.75,95.62455,0.0,8.5,0.497
2023-04-24 21:00:00+00:00,4.85,96.90627,0.0,7.65,0.496
2023-04-24 22:00:00+00:00,5.05,92.27391,0.0,7.0,0.495
2023-04-24 23:00:00+00:00,4.9,88.75634,0.0,6.45,0.494
2023-04-25 00:00:00+00:00,5.3,97.255615,0.0,7.65,0.486
2023-04-25 01:00:00+00:00,6.15,92.33943,0.6,7.55,0.494
2023-04-25 02:00:00+00:00,5.65,91.98758,0.1,7.0,0.495
2023-04-25 03:00:00+00:00,5.55,90.384315,0.2,6.75,0.496
2023-04-25 04:00:00+00:00,7.2,86.21317,0.1,7.45,0.496
2023-04-25 05:00:00+00:00,8.35,83.97811,0.2,8.75,0.497
2023-04-25 06:00:00+00:00,9.75,83.85372,0.0,10.4,0.496
2023-04-25 07:00:00+00:00,11.25,75.61808,0.1,11.95,0.494
2023-04-25 08:00:00+00:00,12.55,65.92488,0.1,13.1,0.493
2023-04-25 09:00:00+00:00,13.6,60.71321,0.0,14.1,0.491
2023-04-25 10:00:00+00:00,14.9,57.96836,0.0,15.45,0.488
2023-04-25 11:00:00+00:00,15.7,52.113796,0.0,16.35,0.485
2023-04-25 12:00:00+00:00,15.8,47.64059,0.0,16.75,0.486
2023-04-25 13:00:00+00:00,15.1,46.291878,0.0,16.45,0.484
2023-04-25 14:00:00+00:00,14.55,47.457424,0.1,15.8,0.483
2023-04-25 15:00:00+00:00,13.35,60.86319,0.0,14.8,0.482
2023-04-25 16:00:00+00:00,11.4,61.031845,0.0,13.35,0.482
2023-04-25 17:00:00+00:00,8.2,76.6948,0.0,11.85,0.481
2023-04-25 18:00:00+00:00,7.2,82.96839,0.0,10.7,0.481
2023-04-25 19:00:00+00:00,5.95,90.41375,0.0,9.8,0.481
2023-04-25 20:00:00+00:00,5.2,90.99596,0.0,9.05,0.481
2023-04-25 21:00:00+00:00,4.75,88.74347,0.0,8.4,0.48
2023-04-25 22:00:00+00:00,4.6,86.24836,0.0,7.9,0.48
2023-04-25 23:00:00+00:00,4.35,85.61053,0.0,7.5,0.48
2023-04-26 00:00:00+00:00,4.15,89.0075,0.0,7.85,0.483
2023-04-26 01:00:00+00:00,4.35,85.61053,0.0,7.3,0.483
2023-04-26 02:00:00+00:00,5.75,76.56269,0.0,6.75,0.482
2023-04-26 03:00:00+00:00,5.5,78.17864,0.0,6.45,0.482
2023-04-26 04:00:00+00:00,7.0,78.410835,0.0,7.2,0.482
2023-04-26 05:00:00+00:00,9.05,75.50797,0.0,8.55,0.481
2023-04-26 06:00:00+00:00,11.1,72.29057,0.0,10.35,0.48
2023-04-26 07:00:00+00:00,12.95,68.31238,0.0,12.1,0.478
2023-04-26 08:00:00+00:00,14.5,63.69439,0.3,14.0,0.478
2023-04-26 09:00:00+00:00,15.3,49.5356,0.1,15.1,0.477
2023-04-26 10:00:00+00:00,16.05,42.19868,0.0,15.95,0.475
2023-04-26 11:00:00+00:00,15.85,41.843704,0.0,16.05,0.473
2023-04-26 12:00:00+00:00,15.8,38.679638,0.0,16.15,0.463
2023-04-26 13:00:00+00:00,15.1,40.31061,0.0,15.7,0.462
2023-04-26 14:00:00+00:00,14.8,41.53942,0.0,15.05,0.461
2023-04-26 15:00:00+00:00,14.15,64.05109,0.0,14.45,0.461
2023-04-26 16:00:00+00:00,13.7,39.04348,0.0,13.1,0.461
2023-04-26 17:00:00+00:00,10.8,51.886642,0.0,11.7,0.462
2023-04-26 18:00:00+00:00,7.6,67.66658,0.0,10.55,0.462
2023-04-26 19:00:00+00:00,6.7,73.78208,0.0,9.75,0.462
2023-04-26 20:00:00+00:00,6.1,77.167564,0.0,9.1,0.462
2023-04-26 21:00:00+00:00,5.15,80.67529,0.0,8.45,0.462
2023-04-26 22:00:00+00:00,5.45,76.78706,0.0,7.9,0.462
2023-04-26 23:00:00+00:00,7.85,61.92539,0.0,7.6,0.463
2023-04-27 00:00:00+00:00,7.15,61.533947,0.0,8.55,0.466
2023-04-27 01:00:00+00:00,6.5,64.57352,0.0,7.95,0.466
2023-04-27 02:00:00+00:00,7.15,60.649002,0.1,7.6,0.467
2023-04-27 03:00:00+00:00,7.0,62.16923,0.0,7.55,0.467
2023-04-27 04:00:00+00:00,7.9,67.24999,0.0,8.15,0.467
2023-04-27 05:00:00+00:00,9.4,68.28702,0.0,9.15,0.467
2023-04-27 06:00:00+00:00,11.55,65.93479,0.0,10.6,0.466
2023-04-27 07:00:00+00:00,13.75,61.379852,0.0,12.35,0.464
2023-04-27 08:00:00+00:00,13.8,59.722828,0.1,13.6,0.463
2023-04-27 09:00:00+00:00,15.45,52.408398,0.0,14.95,0.461
2023-04-27 10:00:00+00:00,17.0,44.137783,0.0,16.1,0.459
2023-04-27 11:00:00+00:00,17.8,37.502167,0.0,17.0,0.456
2023-04-27 12:00:00+00:00,15.9,48.001953,0.0,16.8,0.463
2023-04-27 13:00:00+00:00,16.65,45.603317,0.0,16.95,0.462
2023-04-27 14:00:00+00:00,16.0,45.899105,0.0,16.3,0.462
2023-04-27 15:00:00+00:00,14.7,63.3073,0.0,15.45,0.462
2023-04-27 16:00:00+00:00,10.75,74.50199,0.0,14.0,0.462
2023-04-27 17:00:00+00:00,10.7,68.31873,0.0,12.6,0.463
2023-04-27 18:00:00+00:00,8.3,79.99033,0.0,11.45,0.463
2023-04-27 19:00:00+00:00,7.75,80.4718,0.0,10.6,0.464
2023-04-27 20:00:00+00:00,6.9,80.352005,0.0,9.8,0.464
2023-04-27 21:00:00+00:00,6.1,80.238304,0.0,9.1,0.464
2023-04-27 22:00:00+00:00,5.45,80.71738,0.0,8.5,0.465
2023-04-27 23:00:00+00:00,5.35,78.996574,0.0,8.0,0.465
2023-04-28 00:00:00+00:00,5.35,75.40776,0.0,8.8,0.444
2023-04-28 01:00:00+00:00,6.3,68.85937,0.0,8.1,0.445
2023-04-28 02:00:00+00:00,9.35,51.675423,0.0,7.85,0.445
2023-04-28 03:00:00+00:00,6.05,76.88546,0.0,7.45,0.446
2023-04-28 04:00:00+00:00,9.7,61.925358,0.0,8.25,0.446
2023-04-28 05:00:00+00:00,10.85,65.78144,0.0,9.3,0.446
2023-04-28 06:00:00+00:00,12.9,63.33016,0.0,11.1,0.446
2023-04-28 07:00:00+00:00,15.1,54.911533,0.0,12.95,0.444
2023-04-28 08:00:00+00:00,17.25,40.220604,0.0,14.6,0.442
2023-04-28 09:00:00+00:00,17.15,40.761726,0.4,15.15,0.444
2023-04-28 10:00:00+00:00,17.35,35.55526,0.0,15.3,0.443
2023-04-28 11:00:00+00:00,17.35,42.127987,0.0,15.9,0.441
2023-04-28 12:00:00+00:00,16.25,50.315456,0.0,16.9,0.431
2023-04-28 13:00:00+00:00,16.4,45.53268,0.3,16.85,0.432
2023-04-28 14:00:00+00:00,15.45,49.92322,0.1,16.05,0.432
2023-04-28 15:00:00+00:00,14.45,53.987495,0.0,15.15,0.432
2023-04-28 16:00:00+00:00,12.45,57.9578,0.0,14.05,0.432
2023-04-28 17:00:00+00:00,10.2,69.90057,0.0,12.85,0.432
2023-04-28 18:00:00+00:00,8.65,75.43998,0.0,11.7,0.433
2023-04-28 19:00:00+00:00,7.95,83.931114,0.0,10.85,0.433
2023-04-28 20:00:00+00:00,7.85,82.76071,0.0,10.05,0.434
2023-04-28 21:00:00+00:00,6.45,86.74086,0.0,9.35,0.434
2023-04-28 22:00:00+00:00,6.0,85.18592,0.0,8.8,0.434
2023-04-28 23:00:00+00:00,5.8,82.209274,0.0,8.25,0.435
2023-04-29 00:00:00+00:00,6.65,77.256294,0.0,9.75,0.427
2023-04-29 01:00:00+00:00,7.1,73.85445,0.0,9.2,0.427
2023-04-29 02:00:00+00:00,7.15,73.34158,0.0,8.7,0.427
2023-04-29 03:00:00+00:00,9.6,65.27474,0.0,8.75,0.427
2023-04-29 04:00:00+00:00,9.75,76.41567,0.1,9.15,0.428
2023-04-29 05:00:00+00:00,11.15,78.23077,0.9,10.45,0.437
2023-04-29 06:00:00+00:00,10.8,81.169235,0.3,11.05,0.44
2023-04-29 07:00:00+00:00,10.25,87.110565,0.5,11.05,0.446
2023-04-29 08:00:00+00:00,11.15,75.8607,1.8,12.05,0.469
2023-04-29 09:00:00+00:00,10.9,72.00433,0.8,11.95,0.477
2023-04-29 10:00:00+00:00,11.2,74.58028,2.1,12.65,0.501
2023-04-29 11:00:00+00:00,10.95,76.34915,0.8,12.35,0.504
2023-04-29 12:00:00+00:00,11.1,84.29593,0.2,15.1,0.478
2023-04-29 13:00:00+00:00,12.55,75.32231,0.3,15.1,0.479
2023-04-29 14:00:00+00:00,11.25,79.049904,0.1,13.95,0.478
2023-04-29 15:00:00+00:00,10.55,83.662285,0.1,13.15,0.477
2023-04-29 16:00:00+00:00,8.55,95.68565,0.1,12.1,0.477
2023-04-29 17:00:00+00:00,6.95,98.63741,0.0,10.8,0.476
2023-04-29 18:00:00+00:00,7.85,96.31842,0.2,9.75,0.477
2023-04-29 19:00:00+00:00,7.6,94.350204,0.1,9.6,0.477
2023-04-29 20:00:00+00:00,7.2,95.639946,0.2,9.35,0.477
2023-04-29 21:00:00+00:00,6.55,98.633064,0.0,8.4,0.476
2023-04-29 22:00:00+00:00,6.0,100.0,0.0,7.6,0.476
2023-04-29 23:00:00+00:00,5.75,100.0,0.1,7.35,0.475
2023-04-30 00:00:00+00:00,5.25,87.23474,0.0,8.2,0.479
2023-04-30 01:00:00+00:00,3.65,96.19427,0.1,7.45,0.479
2023-04-30 02:00:00+00:00,2.85,98.24264,0.0,6.75,0.478
2023-04-30 03:00:00+00:00,3.75,98.25532,0.2,6.4,0.48
2023-04-30 04:00:00+00:00,5.1,92.60137,0.0,6.85,0.479
2023-04-30 05:00:00+00:00,6.2,87.32579,0.9,7.9,0.488
2023-04-30 06:00:00+00:00,6.6,87.363846,1.0,8.7,0.497
2023-04-30 07:00:00+00:00,7.05,83.240456,0.7,9.2,0.5
2023-04-30 08:00:00+00:00,8.05,78.29717,0.5,10.15,0.5
2023-04-30 09:00:00+00:00,10.2,68.93281,0.6,12.25,0.5
2023-04-30 10:00:00+00:00,9.65,62.133385,0.1,12.15,0.496
2023-04-30 11:00:00+00:00,11.2,60.983738,0.1,13.55,0.493
2023-04-30 12:00:00+00:00,11.85,41.275246,0.1,14.25,0.492
2023-04-30 13:00:00+00:00,11.65,43.69296,0.0,14.45,0.488
2023-04-30 14:00:00+00:00,10.7,47.38531,0.0,13.7,0.486
2023-04-30 15:00:00+00:00,9.95,53.74268,0.0,12.8,0.484
2023-04-30 16:00:00+00:00,8.7,58.878204,0.0,11.5,0.482
2023-04-30 17:00:00+00:00,5.95,82.51982,0.7,10.2,0.487
2023-04-30 18:00:00+00:00,6.15,87.93483,0.5,9.2,0.492
2023-04-30 19:00:00+00:00,5.6,87.57602,0.0,8.15,0.49
2023-04-30 20:00:00+00:00,5.55,87.263596,0.0,7.5,0.488
2023-04-30 21:00:00+00:00,4.95,91.94407,1.5,7.05,0.506
2023-04-30 22:00:00+00:00,4.6,91.92217,0.2,6.55,0.502
2023-04-30 23:00:00+00:00,3.25,96.86653,0.0,5.85,0.499
2023-05-01 00:00:00+00:00,2.8,86.99548,0.4,6.35,0.497
2023-05-01 01:00:00+00:00,3.0,90.51698,0.0,5.85,0.495
2023-05-01 02:00:00+00:00,3.05,88.27897,0.0,5.15,0.493
2023-05-01 03:00:00+00:00,2.85,90.50595,0.0,4.95,0.491
2023-05-01 04:00:00+00:00,4.1,87.43413,0.0,5.6,0.489
2023-05-01 05:00:00+00:00,5.8,84.26776,0.0,7.05,0.488
2023-05-01 06:00:00+00:00,7.45,79.310265,0.0,8.8,0.486
2023-05-01 07:00:00+00:00,9.0,75.23685,0.1,10.55,0.485
2023-05-01 08:00:00+00:00,10.5,68.27721,0.2,12.15,0.483
2023-05-01 09:00:00+00:00,11.9,57.819183,0.2,13.4,0.482
2023-05-01 10:00:00+00:00,12.55,50.899258,0.1,14.25,0.479
2023-05-01 11:00:00+00:00,12.75,48.654892,0.0,14.5,0.477
2023-05-01 12:00:00+00:00,10.4,58.884144,1.5,14.6,0.475
2023-05-01 13:00:00+00:00,10.15,61.59546,0.0,14.0,0.474
2023-05-01 14:00:00+00:00,9.8,62.832474,0.0,13.4,0.473
2023-05-01 15:00:00+00:00,9.1,66.325676,0.0,12.4,0.472
2023-05-01 16:00:00+00:00,7.25,80.40146,0.0,11.25,0.471
2023-05-01 17:00:00+00:00,5.4,82.74217,0.0,9.8,0.471
2023-05-01 18:00:00+00:00,4.95,83.86974,0.0,8.75,0.471
2023-05-01 19:00:00+00:00,4.05,85.884186,0.0,7.9,0.471
2023-05-01 20:00:00+00:00,3.3,85.189735,0.0,7.1,0.47
2023-05-01 21:00:00+00:00,2.6,85.72889,0.0,6.45,0.47
2023-05-01 22:00:00+00:00,2.45,83.87034,0.0,5.85,0.47
2023-05-01 23:00:00+00:00,1.8,85.33122,0.0,5.35,0.47
2023-05-02 00:00:00+00:00,4.3,75.771324,0.0,5.45,0.48
2023-05-02 01:00:00+00:00,3.15,78.94677,0.0,4.8,0.48
2023-05-02 02:00:00+00:00,3.65,75.11155,0.0,4.3,0.479
2023-05-02 03:00:00+00:00,3.25,76.97944,0.0,4.05,0.478
2023-05-02 04:00:00+00:00,4.6,78.31849,0.0,5.0,0.478
2023-05-02 05:00:00+00:00,6.65,73.51092,0.0,6.7,0.477
2023-05-02 06:00:00+00:00,8.35,68.06686,0.1,8.65,0.476
2023-05-02 07:00:00+00:00,9.7,58.291195,0.1,10.3,0.476
2023-05-02 08:00:00+00:00,11.05,50.12411,0.2,11.95,0.475
2023-05-02 09:00:00+00:00,12.05,44.127724,0.4,13.1,0.477
2023-05-02 10:00:00+00:00,12.85,41.268417,0.1,13.85,0.474
2023-05-02 11:00:00+00:00,12.65,41.96419,0.0,14.6,0.472
2023-05-02 12:00:00+00:00,12.85,45.4884,0.0,14.8,0.466
2023-05-02 13:00:00+00:00,11.95,48.95365,0.0,14.7,0.464
2023-05-02 14:00:00+00:00,11.55,48.666317,0.0,13.9,0.463
2023-05-02 15:00:00+00:00,11.0,52.50206,0.0,12.95,0.462
2023-05-02 16:00:00+00:00,8.0,64.222664,0.2,11.55,0.463
2023-05-02 17:00:00+00:00,6.2,75.01758,0.1,10.1,0.464
2023-05-02 18:00:00+00:00,5.9,74.96516,0.0,9.05,0.464
2023-05-02 19:00:00+00:00,4.1,84.36909,0.0,8.0,0.464
2023-05-02 20:00:00+00:00,2.95,87.95355,0.0,7.1,0.464
2023-05-02 21:00:00+00:00,2.5,85.408676,0.0,6.35,0.463
2023-05-02 22:00:00+00:00,2.25,79.96922,0.0,5.7,0.463
2023-05-02 23:00:00+00:00,3.3,68.477684,0.0,5.15,0.463
2023-05-03 00:00:00+00:00,3.95,72.74552,0.0,5.65,0.46
2023-05-03 01:00:00+00:00,1.35,85.59301,0.0,4.95,0.46
2023-05-03 02:00:00+00:00,0.8,90.02449,0.5,4.5,0.462
2023-05-03 03:00:00+00:00,2.4,87.902725,0.0,4.35,0.462
2023-05-03 04:00:00+00:00,4.05,79.08351,0.0,5.05,0.462
2023-05-03 05:00:00+00:00,5.55,72.52255,0.0,6.5,0.461
2023-05-03 06:00:00+00:00,7.05,65.637115,0.0,8.25,0.46
2023-05-03 07:00:00+00:00,8.45,55.91573,0.4,9.85,0.463
2023-05-03 08:00:00+00:00,9.35,50.745296,0.4,11.15,0.465
2023-05-03 09:00:00+00:00,9.9,50.165756,0.3,12.3,0.466
2023-05-03 10:00:00+00:00,11.1,48.53958,0.0,13.35,0.464
2023-05-03 11:00:00+00:00,9.75,58.096115,0.6,13.8,0.467
2023-05-03 12:00:00+00:00,11.65,39.008533,0.0,14.45,0.451
2023-05-03 13:00:00+00:00,11.75,38.751884,0.0,14.35,0.449
2023-05-03 14:00:00+00:00,11.25,41.401237,0.0,13.75,0.448
2023-05-03 15:00:00+00:00,10.05,49.305748,0.0,12.7,0.447
2023-05-03 16:00:00+00:00,7.4,51.89371,0.0,11.2,0.447
2023-05-03 17:00:00+00:00,5.7,55.59554,0.0,9.75,0.447
2023-05-03 18:00:00+00:00,8.2,37.264374,0.0,8.4,0.447
2023-05-03 19:00:00+00:00,7.05,41.387585,0.0,7.35,0.447
2023-05-03 20:00:00+00:00,6.6,40.94014,0.0,6.5,0.447
2023-05-03 21:00:00+00:00,3.55,57.772015,0.0,5.8,0.447
2023-05-03 22:00:00+00:00,3.15,59.648922,0.0,5.2,0.447
2023-05-03 23:00:00+00:00,2.1,64.505394,0.0,4.65,0.447
2023-05-04 00:00:00+00:00,2.4,63.379143,0.0,5.65,0.448
2023-05-04 01:00:00+00:00,0.9,72.972404,0.0,4.95,0.448
2023-05-04 02:00:00+00:00,0.6,73.18834,0.0,4.35,0.448
2023-05-04 03:00:00+00:00,2.05,73.46072,0.0,4.15,0.448
2023-05-04 04:00:00+00:00,3.95,65.17397,0.0,4.95,0.448
2023-05-04 05:00:00+00:00,6.1,60.16919,0.0,6.4,0.447
2023-05-04 06:00:00+00:00,8.25,54.262695,0.0,8.3,0.446
2023-05-04 07:00:00+00:00,10.15,51.895306,0.0,10.35,0.444
2023-05-04 08:00:00+00:00,12.05,50.581276,0.0,12.3,0.442
2023-05-04 09:00:00+00:00,13.65,47.540203,0.0,14.05,0.439
2023-05-04 10:00:00+00:00,14.9,43.69169,0.0,15.4,0.436
2023-05-04 11:00:00+00:00,15.8,37.45295,0.0,16.3,0.434
2023-05-04 12:00:00+00:00,15.85,38.971607,0.0,16.65,0.432
2023-05-04 13:00:00+00:00,16.1,33.57491,0.0,16.6,0.43
2023-05-04 14:00:00+00:00,15.9,27.184464,0.0,16.05,0.429
2023-05-04 15:00:00+00:00,15.05,26.741629,0.0,15.15,0.429
2023-05-04 16:00:00+00:00,13.8,27.818144,0.0,13.45,0.429
2023-05-04 17:00:00+00:00,8.15,55.231567,0.0,11.65,0.429
2023-05-04 18:00:00+00:00,7.7,56.535393,0.0,10.35,0.429
2023-05-04 19:00:00+00:00,7.15,62.205154,0.0,9.45,0.429
2023-05-04 20:00:00+00:00,6.35,67.15596,0.0,8.75,0.43
2023-05-04 21:00:00+00:00,5.7,70.238884,0.0,8.15,0.43
2023-05-04 22:00:00+00:00,5.05,74.01212,0.0,7.6,0.43
2023-05-04 23:00:00+00:00,8.05,53.814945,0.0,7.1,0.43
2023-05-05 00:00:00+00:00,7.5,55.26005,0.0,7.0,0.44
2023-05-05 01:00:00+00:00,6.7,57.313442,0.0,6.35,0.44
2023-05-05 02:00:00+00:00,6.25,58.4697,0.0,5.85,0.44
2023-05-05 03:00:00+00:00,5.1,69.35917,0.0,5.65,0.44
2023-05-05 04:00:00+00:00,7.75,60.796234,0.0,6.65,0.44
2023-05-05 05:00:00+00:00,9.85,59.588844,0.0,8.3,0.44
2023-05-05 06:00:00+00:00,11.85,56.399544,0.0,10.15,0.439
2023-05-05 07:00:00+00:00,13.8,53.44123,0.0,12.1,0.437
2023-05-05 08:00:00+00:00,15.9,49.873074,0.0,13.95,0.435
2023-05-05 09:00:00+00:00,17.6,47.318565,0.0,15.6,0.432
2023-05-05 10:00:00+00:00,18.95,46.565914,0.0,16.9,0.429
2023-05-05 11:00:00+00:00,19.75,42.666058,0.0,17.9,0.426
2023-05-05 12:00:00+00:00,20.0,37.742718,0.0,18.45,0.424
2023-05-05 13:00:00+00:00,19.85,36.407116,0.0,18.5,0.422
2023-05-05 14:00:00+00:00,18.9,40.273846,0.0,17.95,0.421
2023-05-05 15:00:00+00:00,16.85,54.987446,0.0,16.9,0.421
2023-05-05 16:00:00+00:00,12.8,63.52619,0.0,15.3,0.421
2023-05-05 17:00:00+00:00,10.85,66.473305,0.0,13.65,0.421
2023-05-05 18:00:00+00:00,9.4,70.72408,0.0,12.4,0.421
2023-05-05 19:00:00+00:00,8.3,70.258736,0.0,11.4,0.421
2023-05-05 20:00:00+00:00,7.75,64.16522,0.0,10.5,0.422
2023-05-05 21:00:00+00:00,7.0,61.27515,0.0,9.7,0.422
2023-05-05 22:00:00+00:00,6.5,62.728794,0.0,9.05,0.422
2023-05-05 23:00:00+00:00,9.9,41.002098,0.0,8.45,0.422
2023-05-06 00:00:00+00:00,9.0,34.24325,0.0,8.05,0.422
2023-05-06 01:00:00+00:00,8.75,33.90808,0.0,7.55,0.422
2023-05-06 02:00:00+00:00,8.25,34.80836,0.0,7.05,0.422
2023-05-06 03:00:00+00:00,8.8,33.793743,0.0,7.25,0.422
2023-05-06 04:00:00+00:00,9.05,51.405273,0.0,8.0,0.422
2023-05-06 05:00:00+00:00,10.4,57.43819,0.0,9.0,0.422
2023-05-06 06:00:00+00:00,11.0,60.5083,0.1,9.85,0.423
2023-05-06 07:00:00+00:00,11.55,63.239243,0.2,10.7,0.424
2023-05-06 08:00:00+00:00,14.15,55.429012,0.0,12.5,0.422
2023-05-06 09:00:00+00:00,15.95,51.465115,0.0,14.15,0.421
2023-05-06 10:00:00+00:00,17.75,46.231117,0.0,15.65,0.418
2023-05-06 11:00:00+00:00,19.45,42.4345,0.0,16.95,0.416
2023-05-06 12:00:00+00:00,20.35,36.93475,0.0,17.7,0.408
2023-05-06 13:00:00+00:00,19.75,43.404217,0.1,17.65,0.407
2023-05-06 14:00:00+00:00,18.8,49.63837,0.0,17.35,0.406
2023-05-06 15:00:00+00:00,16.9,62.95501,0.0,16.5,0.406
2023-05-06 16:00:00+00:00,13.55,74.98362,0.2,15.3,0.408
2023-05-06 17:00:00+00:00,13.7,74.75723,0.0,14.25,0.408
2023-05-06 18:00:00+00:00,10.85,86.288414,0.0,13.0,0.408
2023-05-06 19:00:00+00:00,11.45,79.34859,0.0,12.05,0.408
2023-05-06 20:00:00+00:00,12.1,72.22877,0.0,11.2,0.409
2023-05-06 21:00:00+00:00,9.05,80.93217,0.0,10.55,0.409
2023-05-06 22:00:00+00:00,10.45,66.154816,0.0,9.85,0.409
2023-05-06 23:00:00+00:00,10.6,68.29798,0.0,9.6,0.409
2023-05-07 00:00:00+00:00,9.8,84.14685,2.0,11.5,0.427
2023-05-07 01:00:00+00:00,9.5,85.27221,0.0,10.65,0.428
2023-05-07 02:00:00+00:00,9.1,82.63149,0.0,9.8,0.428
2023-05-07 03:00:00+00:00,9.5,80.99354,0.0,9.45,0.428
2023-05-07 04:00:00+00:00,12.3,70.07571,0.0,10.2,0.428
2023-05-07 05:00:00+00:00,13.95,64.88671,0.0,11.5,0.428
2023-05-07 06:00:00+00:00,16.0,52.194023,0.0,12.95,0.428
2023-05-07 07:00:00+00:00,17.4,43.18553,0.0,14.6,0.426
2023-05-07 08:00:00+00:00,17.25,43.596798,0.0,15.8,0.424
2023-05-07 09:00:00+00:00,18.25,40.08672,0.0,17.0,0.421
2023-05-07 10:00:00+00:00,18.9,37.033188,0.0,18.0,0.418
2023-05-07 11:00:00+00:00,18.35,39.83609,0.0,18.5,0.415
2023-05-07 12:00:00+00:00,18.95,34.160717,0.1,18.55,0.391
2023-05-07 13:00:00+00:00,18.5,34.030434,0.0,18.35,0.39
2023-05-07 14:00:00+00:00,17.8,36.71413,0.0,17.85,0.388
2023-05-07 15:00:00+00:00,16.45,53.40225,0.0,17.05,0.388
2023-05-07 16:00:00+00:00,13.25,49.842846,0.0,15.6,0.387
2023-05-07 17:00:00+00:00,10.6,66.651474,0.0,14.1,0.387
2023-05-07 18:00:00+00:00,9.4,66.391174,0.0,12.8,0.388
2023-05-07 19:00:00+00:00,8.7,72.34444,0.0,11.95,0.388
2023-05-07 20:00:00+00:00,7.3,80.6908,0.0,11.15,0.388
2023-05-07 21:00:00+00:00,6.8,82.91849,0.0,10.45,0.388
2023-05-07 22:00:00+00:00,6.4,82.86839,0.0,9.8,0.388
2023-05-07 23:00:00+00:00,6.0,83.110825,0.0,9.25,0.388
2023-05-08 00:00:00+00:00,6.4,81.70949,0.0,10.0,0.422
2023-05-08 01:00:00+00:00,6.7,78.64192,0.0,9.35,0.422
2023-05-08 02:00:00+00:00,6.45,79.442024,0.0,8.8,0.422
2023-05-08 03:00:00+00:00,6.9,86.182335,0.0,8.55,0.422
2023-05-08 04:00:00+00:00,9.65,73.02878,0.0,9.4,0.422
2023-05-08 05:00:00+00:00,11.4,69.89746,0.0,10.75,0.421
2023-05-08 06:00:00+00:00,13.15,66.96615,0.0,12.4,0.42
2023-05-08 07:00:00+00:00,14.75,63.103554,0.1,14.2,0.419
2023-05-08 08:00:00+00:00,15.65,59.558983,0.3,15.8,0.42
2023-05-08 09:00:00+00:00,14.6,60.951897,0.3,16.85,0.42
2023-05-08 10:00:00+00:00,15.75,55.45919,0.0,17.5,0.418
2023-05-08 11:00:00+00:00,16.05,55.917473,0.1,18.4,0.417
2023-05-08 12:00:00+00:00,16.0,51.301075,1.8,18.0,0.415
2023-05-08 13:00:00+00:00,16.4,50.356266,0.0,18.3,0.413
2023-05-08 14:00:00+00:00,15.25,48.835106,0.0,17.4,0.412
2023-05-08 15:00:00+00:00,13.45,60.88711,0.0,16.3,0.412
2023-05-08 16:00:00+00:00,12.3,78.6703,0.0,15.2,0.412
2023-05-08 17:00:00+00:00,10.9,77.12976,0.0,13.75,0.412
2023-05-08 18:00:00+00:00,9.1,87.00028,0.0,12.65,0.412
2023-05-08 19:00:00+00:00,8.25,88.12392,0.0,11.7,0.412
2023-05-08 20:00:00+00:00,8.25,84.842384,0.0,11.05,0.412
2023-05-08 21:00:00+00:00,6.7,88.600006,0.0,10.3,0.412
2023-05-08 22:00:00+00:00,7.45,80.99456,0.0,9.65,0.412
2023-05-08 23:00:00+00:00,8.05,75.86811,0.0,9.05,0.412
2023-05-09 00:00:00+00:00,6.2,82.26124,0.0,8.85,0.448
2023-05-09 01:00:00+00:00,7.55,72.89736,0.0,8.3,0.448
2023-05-09 02:00:00+00:00,7.15,74.12563,0.0,7.8,0.448
2023-05-09 03:00:00+00:00,6.5,86.74581,0.1,7.75,0.448
2023-05-09 04:00:00+00:00,8.45,75.93527,0.2,8.65,0.449
2023-05-09 05:00:00+00:00,10.15,75.17265,0.1,10.0,0.449
2023-05-09 06:00:00+00:00,12.05,71.23736,0.0,11.65,0.448
2023-05-09 07:00:00+00:00,14.1,64.03984,0.0,13.45,0.446
2023-05-09 08:00:00+00:00,15.75,61.01679,0.1,15.3,0.444
2023-05-09 09:00:00+00:00,16.8,57.652363,0.3,16.85,0.443
2023-05-09 10:00:00+00:00,17.15,54.87789,0.4,17.75,0.444
2023-05-09 11:00:00+00:00,15.85,54.167828,0.2,17.6,0.444
2023-05-09 12:00:00+00:00,14.95,62.295895,0.3,17.7,0.43
2023-05-09 13:00:00+00:00,15.8,57.0121,0.0,17.65,0.429
2023-05-09 14:00:00+00:00,15.2,59.44973,0.0,16.9,0.427
2023-05-09 15:00:00+00:00,14.35,64.7543,0.0,16.1,0.427
2023-05-09 16:00:00+00:00,13.7,65.27617,0.0,14.95,0.426
2023-05-09 17:00:00+00:00,10.2,83.05209,0.0,13.5,0.426
2023-05-09 18:00:00+00:00,9.3,84.95885,0.0,12.4,0.426
2023-05-09 19:00:00+00:00,8.55,83.71191,0.0,11.45,0.426
2023-05-09 20:00:00+00:00,7.9,82.479645,0.0,10.65,0.426
2023-05-09 21:00:00+00:00,7.2,82.67884,0.0,10.0,0.425
2023-05-09 22:00:00+00:00,6.9,81.489334,0.0,9.45,0.425
2023-05-09 23:00:00+00:00,7.05,78.97266,0.0,8.9,0.425
2023-05-10 00:00:00+00:00,7.05,78.69515,0.0,9.2,0.426
2023-05-10 01:00:00+00:00,8.6,70.318474,0.0,8.65,0.426
2023-05-10 02:00:00+00:00,8.0,73.23838,0.0,8.15,0.426
2023-05-10 03:00:00+00:00,7.2,85.61499,0.0,8.1,0.426
2023-05-10 04:00:00+00:00,9.7,76.40747,0.0,9.05,0.425
2023-05-10 05:00:00+00:00,11.95,72.20084,0.0,10.7,0.425
2023-05-10 06:00:00+00:00,14.0,68.29537,0.0,12.55,0.423
2023-05-10 07:00:00+00:00,16.05,62.549767,0.0,14.5,0.421
2023-05-10 08:00:00+00:00,17.65,51.92038,0.1,16.1,0.42
2023-05-10 09:00:00+00:00,18.7,48.442852,0.2,17.35,0.419
2023-05-10 10:00:00+00:00,19.75,47.266827,0.0,18.5,0.416
2023-05-10 11:00:00+00:00,20.2,43.234905,0.0,19.4,0.413
2023-05-10 12:00:00+00:00,19.55,40.600624,0.0,19.4,0.405
2023-05-10 13:00:00+00:00,19.05,44.411793,0.1,19.3,0.404
2023-05-10 14:00:00+00:00,18.2,46.516624,0.0,18.6,0.403
2023-05-10 15:00:00+00:00,17.1,57.532013,0.0,17.65,0.402
2023-05-10 16:00:00+00:00,14.5,68.861145,0.0,16.4,0.402
2023-05-10 17:00:00+00:00,13.6,65.70191,0.0,15.0,0.402
2023-05-10 18:00:00+00:00,11.35,72.5862,0.0,13.8,0.401
2023-05-10 19:00:00+00:00,10.35,76.25074,0.0,12.85,0.401
2023-05-10 20:00:00+00:00,9.2,81.23242,0.0,12.1,0.401
2023-05-10 21:00:00+00:00,8.65,82.28971,0.0,11.45,0.401
2023-05-10 22:00:00+00:00,8.25,81.669334,0.0,10.85,0.401
2023-05-10 23:00:00+00:00,7.75,81.31887,0.0,10.35,0.401
2023-05-11 00:00:00+00:00,7.7,80.74635,0.0,10.9,0.397
2023-05-11 01:00:00+00:00,9.75,67.644714,0.0,10.2,0.397
2023-05-11 02:00:00+00:00,9.3,69.72004,0.0,9.7,0.397
2023-05-11 03:00:00+00:00,10.15,65.16797,0.0,9.6,0.397
2023-05-11 04:00:00+00:00,12.0,68.58689,0.0,10.55,0.396
2023-05-11 05:00:00+00:00,14.15,65.82141,0.0,12.05,0.396
2023-05-11 06:00:00+00:00,16.4,62.209827,0.0,13.8,0.394
2023-05-11 07:00:00+00:00,18.65,57.722057,0.0,15.8,0.393
2023-05-11 08:00:00+00:00,20.25,47.8873,0.0,17.65,0.39
2023-05-11 09:00:00+00:00,20.65,37.149677,0.0,18.65,0.388
2023-05-11 10:00:00+00:00,20.35,39.040768,0.0,19.1,0.385
2023-05-11 11:00:00+00:00,20.55,39.914703,0.0,19.5,0.383
2023-05-11 12:00:00+00:00,21.25,36.053623,0.0,19.55,0.377
2023-05-11 13:00:00+00:00,20.15,38.848682,0.0,19.4,0.375
2023-05-11 14:00:00+00:00,20.0,41.01097,0.0,19.05,0.374
2023-05-11 15:00:00+00:00,18.45,59.631348,0.0,18.3,0.373
2023-05-11 16:00:00+00:00,17.15,58.130505,0.0,17.05,0.373
2023-05-11 17:00:00+00:00,15.95,60.85756,0.0,15.5,0.373
2023-05-11 18:00:00+00:00,11.95,73.94928,0.0,14.3,0.373
2023-05-11 19:00:00+00:00,11.25,69.86761,0.0,13.35,0.373
2023-05-11 20:00:00+00:00,10.45,68.744156,0.0,12.5,0.373
2023-05-11 21:00:00+00:00,9.4,72.7288,0.0,11.8,0.373
2023-05-11 22:00:00+00:00,11.4,57.489445,0.0,11.1,0.373
2023-05-11 23:00:00+00:00,12.3,50.83061,0.0,10.55,0.373
2023-05-12 00:00:00+00:00,12.15,52.254097,0.0,11.1,0.365
2023-05-12 01:00:00+00:00,11.35,54.891434,0.0,10.45,0.365
2023-05-12 02:00:00+00:00,10.95,54.981308,0.0,10.0,0.365
2023-05-12 03:00:00+00:00,10.1,72.35411,0.0,10.0,0.365
2023-05-12 04:00:00+00:00,12.9,63.768547,0.0,10.95,0.365
2023-05-12 05:00:00+00:00,14.9,62.072533,0.0,12.25,0.364
2023-05-12 06:00:00+00:00,16.4,59.538372,0.0,13.5,0.363
2023-05-12 07:00:00+00:00,18.45,56.335632,0.0,15.2,0.362
2023-05-12 08:00:00+00:00,19.85,51.111855,0.2,16.5,0.362
2023-05-12 09:00:00+00:00,19.6,42.185833,0.1,17.6,0.362
2023-05-12 10:00:00+00:00,18.65,49.597664,0.2,18.0,0.363
2023-05-12 11:00:00+00:00,18.5,50.750717,0.3,18.0,0.364
2023-05-12 12:00:00+00:00,19.75,44.002842,0.0,18.85,0.375
2023-05-12 13:00:00+00:00,19.15,47.585026,0.0,18.65,0.374
2023-05-12 14:00:00+00:00,19.35,46.51817,0.0,18.55,0.373
2023-05-12 15:00:00+00:00,18.6,53.782246,0.0,18.05,0.372
2023-05-12 16:00:00+00:00,15.3,69.71963,0.0,16.9,0.372
2023-05-12 17:00:00+00:00,13.6,71.049194,0.0,15.55,0.372
2023-05-12 18:00:00+00:00,12.95,71.40886,0.0,14.65,0.372
2023-05-12 19:00:00+00:00,12.55,73.80375,0.2,14.0,0.374
2023-05-12 20:00:00+00:00,12.05,81.33598,0.1,13.5,0.375
2023-05-12 21:00:00+00:00,11.85,77.28007,0.0,12.95,0.375
2023-05-12 22:00:00+00:00,11.2,80.126144,0.0,12.45,0.375
2023-05-12 23:00:00+00:00,10.35,82.78765,0.0,12.0,0.375
2023-05-13 00:00:00+00:00,10.15,90.10354,0.0,12.75,0.378
2023-05-13 01:00:00+00:00,9.9,91.31346,0.0,11.95,0.378
2023-05-13 02:00:00+00:00,9.6,93.16834,0.1,11.45,0.379
2023-05-13 03:00:00+00:00,10.55,86.25816,0.7,11.2,0.388
2023-05-13 04:00:00+00:00,10.6,86.555885,0.1,11.35,0.389
2023-05-13 05:00:00+00:00,10.6,87.14385,0.0,11.5,0.389
2023-05-13 06:00:00+00:00,12.6,78.9807,2.2,13.35,0.416
2023-05-13 07:00:00+00:00,12.25,80.00261,0.4,13.85,0.42
2023-05-13 08:00:00+00:00,11.6,84.923004,0.8,13.9,0.427
2023-05-13 09:00:00+00:00,12.45,80.57158,1.9,14.25,0.45
2023-05-13 10:00:00+00:00,14.6,76.93556,0.0,15.6,0.448
2023-05-13 11:00:00+00:00,15.65,70.25611,0.3,16.85,0.448
2023-05-13 12:00:00+00:00,17.85,62.751217,0.1,18.0,0.394
2023-05-13 13:00:00+00:00,13.75,76.80085,5.9,17.25,0.468
2023-05-13 14:00:00+00:00,14.6,75.16093,0.0,16.4,0.465
2023-05-13 15:00:00+00:00,14.75,75.689,0.0,15.9,0.463
2023-05-13 16:00:00+00:00,13.4,77.00339,0.5,15.0,0.465
2023-05-13 17:00:00+00:00,12.75,75.35597,0.2,13.85,0.464
2023-05-13 18:00:00+00:00,11.3,77.7218,0.0,12.8,0.462
2023-05-13 19:00:00+00:00,9.8,81.03429,0.0,11.9,0.46
2023-05-13 20:00:00+00:00,9.2,82.92898,0.0,11.15,0.458
2023-05-13 21:00:00+00:00,8.65,84.30358,0.0,10.5,0.456
2023-05-13 22:00:00+00:00,8.35,86.0333,0.0,10.05,0.454
2023-05-13 23:00:00+00:00,8.95,81.47976,0.0,9.95,0.453
2023-05-14 00:00:00+00:00,7.45,83.580315,0.0,11.05,0.384
2023-05-14 01:00:00+00:00,7.4,82.4158,0.0,10.4,0.384
2023-05-14 02:00:00+00:00,6.65,84.0712,0.0,9.75,0.384
2023-05-14 03:00:00+00:00,8.4,78.07821,0.0,9.55,0.384
2023-05-14 04:00:00+00:00,10.3,71.89117,0.0,10.3,0.384
2023-05-14 05:00:00+00:00,11.8,63.076942,0.0,11.55,0.383
2023-05-14 06:00:00+00:00,13.05,59.33335,0.0,13.15,0.381
2023-05-14 07:00:00+00:00,14.45,57.063324,0.0,14.95,0.38
2023-05-14 08:00:00+00:00,15.75,53.401325,0.0,16.7,0.377
2023-05-14 09:00:00+00:00,17.1,47.506927,0.0,18.2,0.375
2023-05-14 10:00:00+00:00,17.7,40.77728,0.0,19.0,0.372
2023-05-14 11:00:00+00:00,17.6,41.613815,0.0,19.4,0.369
2023-05-14 12:00:00+00:00,17.2,37.861458,0.0,19.45,0.365
2023-05-14 13:00:00+00:00,17.25,34.154522,0.0,19.2,0.363
2023-05-14 14:00:00+00:00,16.35,36.031986,0.0,18.45,0.361
2023-05-14 15:00:00+00:00,15.15,39.6102,0.0,17.35,0.36
2023-05-14 16:00:00+00:00,12.95,43.596832,0.0,15.95,0.359
2023-05-14 17:00:00+00:00,11.0,45.283722,0.0,14.45,0.359
2023-05-14 18:00:00+00:00,9.75,47.28619,0.0,13.15,0.359
2023-05-14 19:00:00+00:00,8.65,49.09005,0.0,12.1,0.359
2023-05-14 20:00:00+00:00,7.5,51.351196,0.0,11.15,0.359
2023-05-14 21:00:00+00:00,6.25,54.723385,0.0,10.3,0.358
2023-05-14 22:00:00+00:00,5.1,58.389954,0.0,9.5,0.358
2023-05-14 23:00:00+00:00,3.9,64.68347,0.0,8.7,0.358
2023-05-15 00:00:00+00:00,3.75,65.8532,0.0,9.3,0.35
2023-05-15 01:00:00+00:00,2.8,69.646385,0.0,8.4,0.35
2023-05-15 02:00:00+00:00,2.8,65.15159,0.0,7.6,0.35
2023-05-15 03:00:00+00:00,4.0,62.128395,0.0,7.3,0.35
2023-05-15 04:00:00+00:00,6.1,52.304176,0.0,8.0,0.349
2023-05-15 05:00:00+00:00,7.6,49.88595,0.0,9.45,0.349
2023-05-15 06:00:00+00:00,9.1,50.675682,0.0,11.3,0.348
2023-05-15 07:00:00+00:00,11.0,49.216297,0.0,13.25,0.346
2023-05-15 08:00:00+00:00,13.75,38.63553,0.0,15.05,0.344
2023-05-15 09:00:00+00:00,15.7,31.909061,0.0,16.35,0.342
2023-05-15 10:00:00+00:00,16.7,29.074305,0.0,17.55,0.34
2023-05-15 11:00:00+00:00,17.05,27.714296,0.0,18.05,0.338
2023-05-15 12:00:00+00:00,16.9,29.453287,0.0,19.0,0.333
2023-05-15 13:00:00+00:00,16.6,29.800589,0.0,18.8,0.332
2023-05-15 14:00:00+00:00,15.95,29.287827,0.0,18.05,0.33
2023-05-15 15:00:00+00:00,14.95,35.10764,0.0,17.0,0.329
2023-05-15 16:00:00+00:00,11.7,49.945866,0.0,15.5,0.329
2023-05-15 17:00:00+00:00,10.05,51.681034,0.0,13.75,0.329
2023-05-15 18:00:00+00:00,8.85,54.819046,0.0,12.4,0.329
2023-05-15 19:00:00+00:00,9.95,45.97935,0.0,11.25,0.329
2023-05-15 20:00:00+00:00,10.1,43.719837,0.0,10.25,0.329
2023-05-15 21:00:00+00:00,9.15,46.769108,0.0,9.45,0.329
2023-05-15 22:00:00+00:00,5.85,62.80257,0.0,8.7,0.329
2023-05-15 23:00:00+00:00,4.6,67.75662,0.0,8.05,0.329
2023-05-16 00:00:00+00:00,4.9,67.328674,0.0,8.8,0.329
2023-05-16 01:00:00+00:00,4.65,67.76739,0.0,8.05,0.329
2023-05-16 02:00:00+00:00,4.35,67.950836,0.0,7.4,0.329
2023-05-16 03:00:00+00:00,5.4,68.671104,0.0,7.3,0.329
2023-05-16 04:00:00+00:00,7.35,60.91815,0.0,8.2,0.328
2023-05-16 05:00:00+00:00,9.5,53.621586,0.0,9.8,0.328
2023-05-16 06:00:00+00:00,11.3,50.193577,0.0,11.8,0.327
2023-05-16 07:00:00+00:00,13.15,49.2885,0.0,13.85,0.326
2023-05-16 08:00:00+00:00,15.05,44.831703,0.0,15.85,0.324
2023-05-16 09:00:00+00:00,16.5,39.300278,0.0,17.65,0.322
2023-05-16 10:00:00+00:00,17.6,32.813503,0.0,19.05,0.32
2023-05-16 11:00:00+00:00,18.4,26.992779,0.0,20.0,0.318
2023-05-16 12:00:00+00:00,18.55,28.345068,0.0,20.4,0.315
2023-05-16 13:00:00+00:00,18.9,28.54747,0.0,20.5,0.314
2023-05-16 14:00:00+00:00,18.75,28.401796,0.0,20.0,0.313
2023-05-16 15:00:00+00:00,17.95,44.100765,0.0,18.95,0.312
2023-05-16 16:00:00+00:00,13.8,52.883446,0.0,17.35,0.312
2023-05-16 17:00:00+00:00,11.35,53.733337,0.0,15.4,0.312
2023-05-16 18:00:00+00:00,10.4,51.777115,0.0,13.9,0.312
2023-05-16 19:00:00+00:00,9.35,51.30157,0.0,12.7,0.312
2023-05-16 20:00:00+00:00,8.25,52.70306,0.0,11.7,0.312
2023-05-16 21:00:00+00:00,7.75,54.924458,0.0,10.85,0.311
2023-05-16 22:00:00+00:00,7.15,59.127457,0.0,10.15,0.311
2023-05-16 23:00:00+00:00,6.3,64.52762,0.0,9.5,0.311
2023-05-17 00:00:00+00:00,9.4,48.587486,0.0,8.85,0.309
2023-05-17 01:00:00+00:00,9.25,48.367634,0.0,8.35,0.309
2023-05-17 02:00:00+00:00,8.7,49.829395,0.0,7.85,0.309
2023-05-17 03:00:00+00:00,8.95,48.816128,0.0,7.95,0.309
2023-05-17 04:00:00+00:00,10.4,54.640285,0.0,9.15,0.309
2023-05-17 05:00:00+00:00,12.65,54.653053,0.0,10.9,0.308
2023-05-17 06:00:00+00:00,15.1,52.678986,0.0,13.05,0.307
2023-05-17 07:00:00+00:00,17.6,49.311653,0.0,15.3,0.306
2023-05-17 08:00:00+00:00,19.85,41.53658,0.0,17.5,0.305
2023-05-17 09:00:00+00:00,21.3,29.749353,0.0,19.35,0.303
2023-05-17 10:00:00+00:00,21.75,30.515057,0.0,20.65,0.301
2023-05-17 11:00:00+00:00,21.85,31.856644,0.0,21.45,0.299
2023-05-17 12:00:00+00:00,21.45,31.520428,0.0,21.7,0.297
2023-05-17 13:00:00+00:00,20.95,32.73141,0.0,21.55,0.295
2023-05-17 14:00:00+00:00,20.35,33.489887,0.0,20.9,0.295
2023-05-17 15:00:00+00:00,19.15,41.19379,0.0,19.9,0.294
2023-05-17 16:00:00+00:00,15.95,56.46826,0.0,18.35,0.294
2023-05-17 17:00:00+00:00,16.4,42.89921,0.0,16.6,0.294
2023-05-17 18:00:00+00:00,12.85,55.868793,0.0,15.25,0.294
2023-05-17 19:00:00+00:00,11.55,61.928375,0.0,14.25,0.294
2023-05-17 20:00:00+00:00,10.3,64.74538,0.0,13.3,0.294
2023-05-17 21:00:00+00:00,9.65,63.692375,0.0,12.45,0.294
2023-05-17 22:00:00+00:00,9.0,63.31671,0.0,11.75,0.294
2023-05-17 23:00:00+00:00,8.5,62.526466,0.0,11.1,0.293
2023-05-18 00:00:00+00:00,7.7,67.92953,0.0,11.05,0.291
2023-05-18 01:00:00+00:00,8.2,61.565907,0.0,10.4,0.291
2023-05-18 02:00:00+00:00,11.0,44.955307,0.0,9.8,0.291
2023-05-18 03:00:00+00:00,11.3,47.38468,0.0,9.8,0.291
2023-05-18 04:00:00+00:00,13.55,50.81367,0.0,11.05,0.291
2023-05-18 05:00:00+00:00,15.9,51.2741,0.0,12.85,0.29
2023-05-18 06:00:00+00:00,18.3,46.544518,0.0,14.9,0.29
2023-05-18 07:00:00+00:00,20.95,40.304417,0.0,17.2,0.288
2023-05-18 08:00:00+00:00,22.85,28.640245,0.0,19.5,0.287
2023-05-18 09:00:00+00:00,23.9,25.95053,0.0,21.25,0.285
2023-05-18 10:00:00+00:00,23.85,29.020864,0.0,22.5,0.284
2023-05-18 11:00:00+00:00,24.35,27.38653,0.0,23.3,0.282
2023-05-18 12:00:00+00:00,24.2,26.216534,0.0,23.4,0.28
2023-05-18 13:00:00+00:00,23.55,27.74509,0.0,23.2,0.279
2023-05-18 14:00:00+00:00,23.45,27.717327,0.0,22.6,0.279
2023-05-18 15:00:00+00:00,22.75,36.859394,0.0,21.8,0.278
2023-05-18 16:00:00+00:00,19.5,47.51974,0.0,20.25,0.278
2023-05-18 17:00:00+00:00,15.45,56.923878,0.0,18.4,0.278
2023-05-18 18:00:00+00:00,14.3,53.01689,0.0,16.95,0.278
2023-05-18 19:00:00+00:00,12.3,60.18989,0.0,15.85,0.278
2023-05-18 20:00:00+00:00,11.25,63.8354,0.0,14.95,0.278
2023-05-18 21:00:00+00:00,11.05,62.902966,0.0,14.15,0.278
2023-05-18 22:00:00+00:00,10.95,62.003513,0.0,13.5,0.278
2023-05-18 23:00:00+00:00,10.7,63.709515,0.0,12.95,0.278
2023-05-19 00:00:00+00:00,9.55,69.52645,0.0,12.55,0.279
2023-05-19 01:00:00+00:00,8.75,69.854645,0.0,11.85,0.279
2023-05-19 02:00:00+00:00,9.5,66.41297,0.0,11.35,0.279
2023-05-19 03:00:00+00:00,10.85,75.0336,0.0,11.3,0.279
2023-05-19 04:00:00+00:00,13.8,61.391697,0.0,12.3,0.279
2023-05-19 05:00:00+00:00,15.55,57.14442,0.0,13.55,0.278
2023-05-19 06:00:00+00:00,18.05,51.674324,0.0,15.2,0.278
2023-05-19 07:00:00+00:00,20.9,44.627438,0.0,17.65,0.277
2023-05-19 08:00:00+00:00,22.55,31.174381,0.0,19.85,0.276
2023-05-19 09:00:00+00:00,23.0,29.91439,0.0,21.55,0.275
2023-05-19 10:00:00+00:00,22.65,35.46743,0.0,22.7,0.273
2023-05-19 11:00:00+00:00,22.3,34.285297,0.1,22.95,0.273
2023-05-19 12:00:00+00:00,21.7,39.561874,0.0,22.95,0.275
2023-05-19 13:00:00+00:00,20.75,45.96497,0.0,22.4,0.275
2023-05-19 14:00:00+00:00,20.0,47.98075,0.0,21.9,0.274
2023-05-19 15:00:00+00:00,17.9,58.707314,0.1,20.7,0.275
2023-05-19 16:00:00+00:00,16.45,66.53698,0.0,19.35,0.275
2023-05-19 17:00:00+00:00,15.8,66.62235,0.1,18.1,0.275
2023-05-19 18:00:00+00:00,15.1,68.75046,0.0,17.1,0.276
2023-05-19 19:00:00+00:00,13.25,75.69456,0.0,15.95,0.276
2023-05-19 20:00:00+00:00,12.55,79.24001,0.1,15.15,0.276
2023-05-19 21:00:00+00:00,11.65,85.21481,0.0,14.45,0.276
2023-05-19 22:00:00+00:00,13.05,74.14254,0.0,13.8,0.276
2023-05-19 23:00:00+00:00,10.65,85.97655,0.0,13.15,0.276
2023-05-20 00:00:00+00:00,11.8,81.302795,1.1,13.95,0.272
2023-05-20 01:00:00+00:00,11.45,88.40379,0.6,13.25,0.28
2023-05-20 02:00:00+00:00,11.7,81.84104,0.1,12.7,0.281
2023-05-20 03:00:00+00:00,12.05,78.63303,0.0,12.4,0.281
2023-05-20 04:00:00+00:00,12.1,81.34261,2.2,12.65,0.311
2023-05-20 05:00:00+00:00,12.35,88.776,0.9,12.9,0.323
2023-05-20 06:00:00+00:00,13.95,78.127716,0.3,13.85,0.326
2023-05-20 07:00:00+00:00,14.25,69.27753,0.2,14.3,0.328
2023-05-20 08:00:00+00:00,14.85,65.74978,0.5,14.85,0.332
2023-05-20 09:00:00+00:00,16.35,60.33742,0.1,16.1,0.332
2023-05-20 10:00:00+00:00,18.65,52.009613,0.0,18.3,0.33
2023-05-20 11:00:00+00:00,19.85,48.922077,0.0,19.7,0.328
2023-05-20 12:00:00+00:00,19.25,47.937565,0.0,20.1,0.297
2023-05-20 13:00:00+00:00,19.25,46.968437,0.0,20.5,0.296
2023-05-20 14:00:00+00:00,18.6,43.37699,0.0,20.15,0.295
2023-05-20 15:00:00+00:00,17.65,46.20312,0.0,19.3,0.295
2023-05-20 16:00:00+00:00,16.75,51.150204,0.0,18.2,0.295
2023-05-20 17:00:00+00:00,13.0,70.69318,0.0,16.65,0.295
2023-05-20 18:00:00+00:00,11.8,73.419014,0.0,15.35,0.295
2023-05-20 19:00:00+00:00,11.6,78.033295,0.0,14.55,0.295
2023-05-20 20:00:00+00:00,12.35,68.18863,0.0,13.8,0.295
2023-05-20 21:00:00+00:00,10.55,81.69121,0.0,13.25,0.295
2023-05-20 22:00:00+00:00,10.6,81.41964,0.0,12.9,0.295
2023-05-20 23:00:00+00:00,9.95,88.27382,0.1,12.55,0.296
2023-05-21 00:00:00+00:00,9.65,84.41793,0.1,11.9,0.356
2023-05-21 01:00:00+00:00,9.75,86.76664,0.5,11.45,0.363
2023-05-21 02:00:00+00:00,9.75,90.68681,0.2,11.1,0.365
2023-05-21 03:00:00+00:00,10.05,89.18525,1.3,11.05,0.383
2023-05-21 04:00:00+00:00,10.35,89.51155,1.9,11.25,0.41
2023-05-21 05:00:00+00:00,11.35,84.32438,0.1,11.9,0.41
2023-05-21 06:00:00+00:00,13.35,73.199036,0.0,13.55,0.41
2023-05-21 07:00:00+00:00,15.0,69.6605,0.1,15.25,0.408
2023-05-21 08:00:00+00:00,16.7,61.034706,0.2,16.7,0.408
2023-05-21 09:00:00+00:00,13.1,75.669655,3.8,16.2,0.456
2023-05-21 10:00:00+00:00,16.2,64.07614,0.0,17.1,0.453
2023-05-21 11:00:00+00:00,16.6,64.1652,0.1,18.4,0.449
2023-05-21 12:00:00+00:00,17.05,51.230946,0.0,19.6,0.377
2023-05-21 13:00:00+00:00,17.25,45.77242,0.2,19.4,0.378
2023-05-21 14:00:00+00:00,16.25,48.099186,0.1,18.75,0.378
2023-05-21 15:00:00+00:00,15.4,56.13549,0.1,17.85,0.378
2023-05-21 16:00:00+00:00,13.4,74.705894,0.0,16.6,0.378
2023-05-21 17:00:00+00:00,12.7,74.333015,0.0,15.2,0.378
2023-05-21 18:00:00+00:00,9.9,88.87098,0.0,14.0,0.377
2023-05-21 19:00:00+00:00,9.4,90.35437,0.0,13.1,0.377
2023-05-21 20:00:00+00:00,9.0,90.63383,0.0,12.4,0.377
2023-05-21 21:00:00+00:00,8.3,91.20725,0.0,11.75,0.377
2023-05-21 22:00:00+00:00,7.65,90.22567,0.0,11.1,0.377
2023-05-21 23:00:00+00:00,7.15,89.56569,0.0,10.55,0.377
2023-05-22 00:00:00+00:00,8.75,86.074585,0.0,10.55,0.379
2023-05-22 01:00:00+00:00,8.75,84.606094,0.0,9.9,0.379
2023-05-22 02:00:00+00:00,8.1,88.11055,0.0,9.35,0.379
2023-05-22 03:00:00+00:00,8.3,87.82558,0.0,9.45,0.379
2023-05-22 04:00:00+00:00,10.25,83.62673,0.0,10.5,0.379
2023-05-22 05:00:00+00:00,12.3,76.82847,0.0,12.05,0.378
2023-05-22 06:00:00+00:00,14.35,70.71421,0.1,13.7,0.378
2023-05-22 07:00:00+00:00,16.05,66.45225,0.1,15.45,0.378
2023-05-22 08:00:00+00:00,17.35,58.573067,0.1,17.1,0.377
2023-05-22 09:00:00+00:00,18.95,44.84346,0.0,18.45,0.374
2023-05-22 10:00:00+00:00,20.1,39.923466,0.0,19.85,0.371
2023-05-22 11:00:00+00:00,20.4,39.734642,0.0,20.5,0.369
2023-05-22 12:00:00+00:00,20.15,39.663017,0.0,20.05,0.371
2023-05-22 13:00:00+00:00,19.55,41.882046,0.0,19.65,0.369
2023-05-22 14:00:00+00:00,18.4,47.21574,0.0,18.95,0.368
2023-05-22 15:00:00+00:00,17.95,50.77553,0.0,18.3,0.367
2023-05-22 16:00:00+00:00,16.35,62.82971,0.0,17.25,0.367
2023-05-22 17:00:00+00:00,14.05,69.00351,0.0,15.85,0.367
2023-05-22 18:00:00+00:00,12.15,75.768265,0.0,14.75,0.367
2023-05-22 19:00:00+00:00,11.8,77.27219,0.6,14.0,0.373
2023-05-22 20:00:00+00:00,11.75,90.221535,1.3,13.35,0.388
2023-05-22 21:00:00+00:00,11.65,92.65509,0.5,13.0,0.395
2023-05-22 22:00:00+00:00,10.2,93.829216,0.0,12.35,0.395
2023-05-22 23:00:00+00:00,11.45,84.05158,0.2,11.7,0.398
2023-05-23 00:00:00+00:00,9.5,91.59743,0.0,12.05,0.398
2023-05-23 01:00:00+00:00,10.45,82.5183,0.1,11.5,0.399
2023-05-23 02:00:00+00:00,10.2,81.92493,0.0,10.9,0.399
2023-05-23 03:00:00+00:00,10.15,84.18719,0.0,10.95,0.399
2023-05-23 04:00:00+00:00,12.15,84.13204,0.0,11.85,0.398
2023-05-23 05:00:00+00:00,14.8,77.73799,0.0,13.4,0.398
2023-05-23 06:00:00+00:00,17.95,64.892204,0.0,15.25,0.396
2023-05-23 07:00:00+00:00,21.2,36.541958,0.0,17.45,0.394
2023-05-23 08:00:00+00:00,21.9,24.682846,0.0,19.0,0.391
2023-05-23 09:00:00+00:00,22.45,28.22762,0.0,20.15,0.387
2023-05-23 10:00:00+00:00,23.0,28.083128,0.0,21.15,0.383
2023-05-23 11:00:00+00:00,23.5,25.841177,0.0,21.7,0.379
2023-05-23 12:00:00+00:00,23.5,25.658596,0.0,22.0,0.375
2023-05-23 13:00:00+00:00,22.95,26.431646,0.0,21.95,0.372
2023-05-23 14:00:00+00:00,21.75,31.385004,0.4,21.4,0.373
2023-05-23 15:00:00+00:00,20.15,42.633263,0.5,20.2,0.377
2023-05-23 16:00:00+00:00,17.4,57.412506,0.0,18.6,0.377
2023-05-23 17:00:00+00:00,13.65,71.54127,0.0,16.85,0.377
2023-05-23 18:00:00+00:00,12.85,69.232155,0.1,15.5,0.377
2023-05-23 19:00:00+00:00,13.05,65.80731,0.0,14.5,0.377
2023-05-23 20:00:00+00:00,11.5,72.11687,0.0,13.6,0.377
2023-05-23 21:00:00+00:00,10.45,79.47436,0.0,12.85,0.377
2023-05-23 22:00:00+00:00,10.1,82.192635,0.0,12.35,0.377
2023-05-23 23:00:00+00:00,9.7,81.02072,0.0,11.75,0.376
2023-05-24 00:00:00+00:00,9.55,73.52053,0.0,12.7,0.361
2023-05-24 01:00:00+00:00,9.8,73.31056,0.0,12.3,0.361
2023-05-24 02:00:00+00:00,9.25,72.44748,0.0,11.7,0.361
2023-05-24 03:00:00+00:00,11.95,70.48902,0.0,11.85,0.361
2023-05-24 04:00:00+00:00,12.35,64.75377,0.0,12.45,0.36
2023-05-24 05:00:00+00:00,13.8,59.929222,0.0,13.55,0.36
2023-05-24 06:00:00+00:00,16.5,54.3373,0.0,15.4,0.358
2023-05-24 07:00:00+00:00,19.2,49.746723,0.0,17.3,0.356
2023-05-24 08:00:00+00:00,18.7,53.26702,0.0,19.0,0.354
2023-05-24 09:00:00+00:00,20.3,51.403305,0.6,20.6,0.357
2023-05-24 10:00:00+00:00,20.65,48.646614,0.8,21.05,0.362
2023-05-24 11:00:00+00:00,20.7,45.795967,0.0,21.9,0.36
2023-05-24 12:00:00+00:00,20.8,36.427044,0.0,21.1,0.362
2023-05-24 13:00:00+00:00,19.55,44.552555,0.0,20.85,0.361
2023-05-24 14:00:00+00:00,18.8,49.469994,0.0,20.65,0.359
2023-05-24 15:00:00+00:00,17.9,55.257015,0.0,19.8,0.358
2023-05-24 16:00:00+00:00,15.45,71.63854,0.0,18.55,0.358
2023-05-24 17:00:00+00:00,14.6,71.4792,0.0,17.3,0.358
2023-05-24 18:00:00+00:00,13.35,80.694435,0.0,16.25,0.358
2023-05-24 19:00:00+00:00,13.15,77.744514,0.0,15.15,0.358
2023-05-24 20:00:00+00:00,11.75,82.96017,0.0,14.25,0.358
2023-05-24 21:00:00+00:00,12.55,75.578064,0.0,13.5,0.358
2023-05-24 22:00:00+00:00,11.7,80.19624,0.0,12.8,0.357
2023-05-24 23:00:00+00:00,11.35,80.96772,0.0,12.15,0.357
2023-05-25 00:00:00+00:00,9.35,84.964355,0.0,12.3,0.353
2023-05-25 01:00:00+00:00,9.4,87.32696,0.0,12.0,0.353
2023-05-25 02:00:00+00:00,9.9,83.58512,0.0,11.65,0.353
2023-05-25 03:00:00+00:00,10.15,83.32999,0.0,11.75,0.353
2023-05-25 04:00:00+00:00,11.55,80.720764,0.0,12.55,0.353
2023-05-25 05:00:00+00:00,13.25,75.69456,0.0,14.0,0.352
2023-05-25 06:00:00+00:00,15.15,69.22395,0.0,15.55,0.351
2023-05-25 07:00:00+00:00,17.3,61.586994,0.0,17.2,0.349
2023-05-25 08:00:00+00:00,18.65,55.821693,0.0,18.45,0.347
2023-05-25 09:00:00+00:00,20.35,50.224976,0.0,20.3,0.345
2023-05-25 10:00:00+00:00,21.3,47.37359,0.1,21.7,0.343
2023-05-25 11:00:00+00:00,21.6,46.20017,0.3,22.3,0.343
2023-05-25 12:00:00+00:00,20.55,40.886395,0.7,20.75,0.371
2023-05-25 13:00:00+00:00,15.9,65.75497,0.6,20.45,0.374
2023-05-25 14:00:00+00:00,16.45,64.99741,0.0,19.5,0.374
2023-05-25 15:00:00+00:00,16.45,64.13183,0.0,18.65,0.373
2023-05-25 16:00:00+00:00,14.95,82.79857,0.0,17.65,0.373
2023-05-25 17:00:00+00:00,13.95,78.651115,0.0,16.35,0.372
2023-05-25 18:00:00+00:00,12.4,85.29517,0.0,15.3,0.372
2023-05-25 19:00:00+00:00,11.8,86.383575,0.0,14.45,0.372
2023-05-25 20:00:00+00:00,11.75,85.22556,0.0,13.85,0.372
2023-05-25 21:00:00+00:00,11.4,82.91727,0.0,13.25,0.372
2023-05-25 22:00:00+00:00,10.3,84.779625,0.0,12.6,0.372
2023-05-25 23:00:00+00:00,10.8,80.61785,0.8,12.15,0.379
2023-05-26 00:00:00+00:00,10.1,89.7954,0.2,12.1,0.43
2023-05-26 01:00:00+00:00,9.8,91.61655,0.0,11.5,0.429
2023-05-26 02:00:00+00:00,9.65,91.297005,0.4,11.05,0.434
2023-05-26 03:00:00+00:00,10.25,90.11098,0.0,11.05,0.433
2023-05-26 04:00:00+00:00,11.55,86.35863,0.0,11.8,0.432
2023-05-26 05:00:00+00:00,13.3,81.50061,0.0,13.2,0.43
2023-05-26 06:00:00+00:00,15.05,73.25748,0.0,14.75,0.429
2023-05-26 07:00:00+00:00,16.95,67.53451,0.0,16.55,0.426
2023-05-26 08:00:00+00:00,18.4,62.253704,0.1,18.15,0.424
2023-05-26 09:00:00+00:00,18.75,56.411026,0.2,19.6,0.422
2023-05-26 10:00:00+00:00,20.05,51.509357,0.1,20.9,0.418
2023-05-26 11:00:00+00:00,19.55,51.89756,0.1,21.5,0.415
2023-05-26 12:00:00+00:00,16.05,68.25453,1.8,20.5,0.417
2023-05-26 13:00:00+00:00,16.95,62.755802,0.1,19.85,0.416
2023-05-26 14:00:00+00:00,16.5,62.232903,0.0,19.0,0.414
2023-05-26 15:00:00+00:00,16.35,61.158314,0.0,18.35,0.413
2023-05-26 16:00:00+00:00,14.9,74.21517,0.0,17.35,0.412
2023-05-26 17:00:00+00:00,13.5,77.019196,0.0,16.2,0.412
2023-05-26 18:00:00+00:00,12.75,79.0027,0.0,15.1,0.411
2023-05-26 19:00:00+00:00,11.1,86.31354,0.0,14.1,0.411
2023-05-26 20:00:00+00:00,10.65,86.85427,0.0,13.4,0.41
2023-05-26 21:00:00+00:00,10.0,85.61735,0.0,12.65,0.41
2023-05-26 22:00:00+00:00,11.95,71.21822,0.0,12.05,0.409
2023-05-26 23:00:00+00:00,11.45,71.61338,0.0,11.5,0.409
2023-05-27 00:00:00+00:00,9.75,82.71295,0.0,11.6,0.403
2023-05-27 01:00:00+00:00,9.7,81.57931,0.0,11.1,0.402
2023-05-27 02:00:00+00:00,9.1,84.64553,0.0,10.65,0.402
2023-05-27 03:00:00+00:00,9.05,86.99545,0.0,10.75,0.402
2023-05-27 04:00:00+00:00,10.9,82.01542,0.0,11.7,0.401
2023-05-27 05:00:00+00:00,12.9,76.40673,0.0,13.25,0.4
2023-05-27 06:00:00+00:00,14.9,70.34608,0.0,15.0,0.398
2023-05-27 07:00:00+00:00,17.4,61.816723,0.0,16.9,0.396
2023-05-27 08:00:00+00:00,19.45,55.65126,0.0,18.5,0.393
2023-05-27 09:00:00+00:00,21.15,51.972256,0.1,20.2,0.39
2023-05-27 10:00:00+00:00,21.4,48.687073,0.2,20.95,0.39
2023-05-27 11:00:00+00:00,21.2,41.071404,0.2,21.3,0.389
2023-05-27 12:00:00+00:00,19.7,50.72933,0.0,21.4,0.387
2023-05-27 13:00:00+00:00,19.2,55.217464,0.1,21.0,0.386
2023-05-27 14:00:00+00:00,19.0,57.424126,0.1,20.4,0.385
2023-05-27 15:00:00+00:00,18.35,59.0135,0.1,19.55,0.385
2023-05-27 16:00:00+00:00,16.0,76.39619,0.1,18.4,0.385
2023-05-27 17:00:00+00:00,15.35,66.751305,0.0,17.0,0.385
2023-05-27 18:00:00+00:00,12.95,74.88149,0.0,15.7,0.385
2023-05-27 19:00:00+00:00,11.95,76.511894,0.0,14.65,0.385
2023-05-27 20:00:00+00:00,11.25,75.61808,0.0,13.8,0.384
2023-05-27 21:00:00+00:00,10.35,75.72718,0.0,13.0,0.384
2023-05-27 22:00:00+00:00,10.6,69.73779,0.0,12.4,0.384
2023-05-27 23:00:00+00:00,9.6,71.758354,0.0,11.8,0.384
2023-05-28 00:00:00+00:00,11.05,65.59636,0.0,12.1,0.375
2023-05-28 01:00:00+00:00,12.1,59.722466,0.0,11.5,0.375
2023-05-28 02:00:00+00:00,11.85,60.926605,0.0,11.0,0.375
2023-05-28 03:00:00+00:00,11.3,70.60482,0.0,11.15,0.375
2023-05-28 04:00:00+00:00,13.65,58.258232,0.0,12.2,0.374
2023-05-28 05:00:00+00:00,14.5,65.00811,0.0,13.45,0.373
2023-05-28 06:00:00+00:00,17.35,61.187405,0.0,15.3,0.372
2023-05-28 07:00:00+00:00,19.9,52.164536,0.0,17.45,0.37
2023-05-28 08:00:00+00:00,20.7,46.262745,0.0,18.5,0.368
2023-05-28 09:00:00+00:00,22.7,39.443016,0.0,20.35,0.365
2023-05-28 10:00:00+00:00,23.15,34.52788,0.0,21.25,0.362
2023-05-28 11:00:00+00:00,23.75,29.605865,0.0,22.1,0.36
2023-05-28 12:00:00+00:00,20.15,44.115463,0.0,20.5,0.364
2023-05-28 13:00:00+00:00,20.15,42.633263,0.0,19.9,0.363
2023-05-28 14:00:00+00:00,20.1,44.101395,0.0,19.45,0.362
2023-05-28 15:00:00+00:00,18.85,65.51693,0.0,18.85,0.362
2023-05-28 16:00:00+00:00,18.3,55.5458,0.0,18.2,0.362
2023-05-28 17:00:00+00:00,17.45,58.008617,0.0,17.5,0.362
2023-05-28 18:00:00+00:00,15.3,73.05822,0.0,16.7,0.362
2023-05-28 19:00:00+00:00,15.35,69.963326,0.0,16.2,0.362
2023-05-28 20:00:00+00:00,15.25,70.17845,0.0,15.8,0.361
2023-05-28 21:00:00+00:00,14.95,70.35576,0.0,15.55,0.361
2023-05-28 22:00:00+00:00,14.6,73.66864,0.0,15.3,0.361
2023-05-28 23:00:00+00:00,14.45,75.387215,0.0,15.1,0.361
2023-05-29 00:00:00+00:00,13.0,94.26925,0.1,14.8,0.403
2023-05-29 01:00:00+00:00,12.75,96.1391,1.3,14.35,0.421
2023-05-29 02:00:00+00:00,12.55,97.4072,1.0,14.05,0.435
2023-05-29 03:00:00+00:00,12.65,96.77083,1.7,13.9,0.457
2023-05-29 04:00:00+00:00,12.85,95.51198,0.5,14.05,0.461
2023-05-29 05:00:00+00:00,13.4,92.14365,0.2,14.55,0.46
2023-05-29 06:00:00+00:00,14.3,88.93628,0.4,15.25,0.461
2023-05-29 07:00:00+00:00,15.4,83.39835,0.2,16.1,0.459
2023-05-29 08:00:00+00:00,16.35,74.95709,0.2,17.1,0.458
2023-05-29 09:00:00+00:00,17.15,75.337296,0.1,18.0,0.455
2023-05-29 10:00:00+00:00,18.5,71.49783,0.7,18.95,0.457
2023-05-29 11:00:00+00:00,16.4,79.78877,0.6,18.2,0.46
2023-05-29 12:00:00+00:00,19.8,57.812557,0.2,20.2,0.467
2023-05-29 13:00:00+00:00,17.0,68.220535,0.0,19.3,0.464
2023-05-29 14:00:00+00:00,17.55,66.10827,0.0,19.1,0.461
2023-05-29 15:00:00+00:00,16.45,71.350395,0.1,18.35,0.459
2023-05-29 16:00:00+00:00,15.6,79.15366,0.6,17.5,0.462
2023-05-29 17:00:00+00:00,14.35,86.91963,0.4,16.4,0.464
2023-05-29 18:00:00+00:00,13.6,94.91465,1.3,15.6,0.478
2023-05-29 19:00:00+00:00,13.4,96.789406,0.3,15.05,0.478
2023-05-29 20:00:00+00:00,12.5,98.04903,0.0,14.3,0.474
2023-05-29 21:00:00+00:00,12.45,97.08506,0.0,13.85,0.471
2023-05-29 22:00:00+00:00,12.0,95.48266,2.4,13.45,0.5
2023-05-29 23:00:00+00:00,12.15,95.487854,3.3,13.35,0.511
2023-05-30 00:00:00+00:00,10.7,97.04529,1.1,13.4,0.51
2023-05-30 01:00:00+00:00,10.7,94.48379,3.5,13.0,0.511
2023-05-30 02:00:00+00:00,10.7,92.291565,0.3,12.65,0.503
2023-05-30 03:00:00+00:00,11.05,92.003296,0.3,12.6,0.498
2023-05-30 04:00:00+00:00,12.2,81.905655,0.2,13.15,0.495
2023-05-30 05:00:00+00:00,12.9,81.17568,0.2,13.95,0.492
2023-05-30 06:00:00+00:00,14.05,80.25371,0.1,14.9,0.488
2023-05-30 07:00:00+00:00,16.6,67.46217,0.1,16.75,0.484
2023-05-30 08:00:00+00:00,18.2,64.73222,0.0,18.25,0.48
2023-05-30 09:00:00+00:00,18.35,61.216934,0.1,18.5,0.477
2023-05-30 10:00:00+00:00,19.6,59.51098,0.3,19.75,0.476
2023-05-30 11:00:00+00:00,20.55,50.2786,0.1,20.7,0.472
2023-05-30 12:00:00+00:00,20.7,45.18006,0.0,19.35,0.48
2023-05-30 13:00:00+00:00,19.0,49.52428,0.0,19.4,0.475
2023-05-30 14:00:00+00:00,18.65,51.83396,0.0,19.2,0.472
2023-05-30 15:00:00+00:00,17.95,55.644035,0.0,18.85,0.47
2023-05-30 16:00:00+00:00,15.8,76.112366,0.0,17.85,0.468
2023-05-30 17:00:00+00:00,15.9,65.97613,0.0,16.5,0.467
2023-05-30 18:00:00+00:00,12.85,81.71495,0.0,15.45,0.466
2023-05-30 19:00:00+00:00,12.4,83.59836,0.0,14.7,0.465
2023-05-30 20:00:00+00:00,11.05,88.072296,0.0,13.95,0.464
2023-05-30 21:00:00+00:00,10.6,87.43916,0.0,13.3,0.463
2023-05-30 22:00:00+00:00,10.3,85.35831,0.0,12.75,0.462
2023-05-30 23:00:00+00:00,10.25,82.21184,0.0,12.25,0.461
2023-05-31 00:00:00+00:00,10.75,82.275604,0.0,11.6,0.461
2023-05-31 01:00:00+00:00,10.35,83.6386,0.0,11.05,0.461
2023-05-31 02:00:00+00:00,9.3,88.82089,1.0,10.9,0.473
2023-05-31 03:00:00+00:00,10.15,88.591064,0.3,11.1,0.476
2023-05-31 04:00:00+00:00,10.95,89.25774,0.1,11.65,0.475
2023-05-31 05:00:00+00:00,12.8,84.487854,0.0,13.2,0.474
2023-05-31 06:00:00+00:00,14.8,78.515686,0.0,15.1,0.471
2023-05-31 07:00:00+00:00,16.9,69.1109,0.0,16.85,0.468
2023-05-31 08:00:00+00:00,17.75,68.59801,0.2,18.35,0.466
2023-05-31 09:00:00+00:00,18.9,65.95943,0.4,19.6,0.467
2023-05-31 10:00:00+00:00,19.6,59.51098,0.5,20.35,0.467
2023-05-31 11:00:00+00:00,17.1,64.70636,1.0,20.8,0.474
2023-05-31 12:00:00+00:00,19.35,55.0713,0.1,20.8,0.446
2023-05-31 13:00:00+00:00,19.2,58.43729,0.1,20.5,0.445
2023-05-31 14:00:00+00:00,19.15,54.65298,0.1,20.05,0.444
2023-05-31 15:00:00+00:00,18.4,56.512417,0.0,19.3,0.443
2023-05-31 16:00:00+00:00,15.85,74.62553,0.0,18.2,0.442
2023-05-31 17:00:00+00:00,13.9,72.073105,0.0,16.75,0.442
2023-05-31 18:00:00+00:00,13.0,73.38434,0.0,15.6,0.441
2023-05-31 19:00:00+00:00,12.1,72.47609,0.0,14.7,0.441
2023-05-31 20:00:00+00:00,11.2,71.07409,0.0,13.9,0.441
2023-05-31 21:00:00+00:00,10.5,69.71774,0.0,13.15,0.441
2023-05-31 22:00:00+00:00,9.8,69.57695,0.0,12.55,0.44
2023-05-31 23:00:00+00:00,8.9,72.128746,0.0,11.95,0.44
2023-06-01 00:00:00+00:00,9.15,70.923225,0.0,11.7,0.436
2023-06-01 01:00:00+00:00,11.45,53.760056,0.0,11.2,0.436
2023-06-01 02:00:00+00:00,11.05,55.00765,0.0,10.75,0.436
2023-06-01 03:00:00+00:00,11.1,76.373665,0.0,11.0,0.436
2023-06-01 04:00:00+00:00,12.95,61.18986,0.0,12.1,0.435
2023-06-01 05:00:00+00:00,14.85,62.06087,0.0,13.6,0.434
2023-06-01 06:00:00+00:00,16.85,60.660408,0.0,15.4,0.432
2023-06-01 07:00:00+00:00,18.5,57.300274,0.0,17.15,0.43
2023-06-01 08:00:00+00:00,19.7,52.46259,0.1,18.45,0.428
2023-06-01 09:00:00+00:00,20.85,46.93297,0.1,19.65,0.425
2023-06-01 10:00:00+00:00,21.55,46.34171,0.0,20.6,0.422
2023-06-01 11:00:00+00:00,22.2,42.488785,0.0,21.45,0.419
2023-06-01 12:00:00+00:00,22.2,35.217075,0.0,22.0,0.414
2023-06-01 13:00:00+00:00,21.75,35.20993,0.0,21.85,0.412
2023-06-01 14:00:00+00:00,21.3,36.57067,0.0,21.35,0.41
2023-06-01 15:00:00+00:00,20.3,49.541588,0.0,20.5,0.409
2023-06-01 16:00:00+00:00,18.75,55.66009,0.0,19.35,0.408
2023-06-01 17:00:00+00:00,18.15,49.461708,0.0,17.85,0.409
2023-06-01 18:00:00+00:00,13.4,68.17208,0.0,16.45,0.409
2023-06-01 19:00:00+00:00,13.1,63.157948,0.0,15.4,0.409
2023-06-01 20:00:00+00:00,11.95,64.66432,0.0,14.6,0.408
2023-06-01 21:00:00+00:00,10.75,66.45165,0.0,13.9,0.408
2023-06-01 22:00:00+00:00,10.25,65.64926,0.0,13.25,0.408
2023-06-01 23:00:00+00:00,9.8,64.86081,0.0,12.65,0.408
2023-06-02 00:00:00+00:00,9.3,68.50658,0.0,12.6,0.409
2023-06-02 01:00:00+00:00,11.45,51.878494,0.0,12.0,0.409
2023-06-02 02:00:00+00:00,11.9,47.214375,0.0,11.45,0.409
2023-06-02 03:00:00+00:00,11.7,69.95704,0.0,11.6,0.409
2023-06-02 04:00:00+00:00,14.1,57.370373,0.0,12.7,0.409
2023-06-02 05:00:00+00:00,15.9,59.21564,0.0,14.2,0.408
2023-06-02 06:00:00+00:00,17.95,56.020527,0.0,16.0,0.406
2023-06-02 07:00:00+00:00,19.75,53.0057,0.0,17.8,0.404
2023-06-02 08:00:00+00:00,21.0,45.87922,0.1,19.35,0.403
2023-06-02 09:00:00+00:00,21.7,41.919235,0.5,20.65,0.405
2023-06-02 10:00:00+00:00,21.95,39.768433,0.1,21.25,0.404
2023-06-02 11:00:00+00:00,21.8,40.546406,0.2,21.45,0.403
2023-06-02 12:00:00+00:00,20.8,44.14787,0.0,20.9,0.4
2023-06-02 13:00:00+00:00,21.0,43.019695,0.0,21.05,0.398
2023-06-02 14:00:00+00:00,20.2,47.07126,0.0,20.65,0.396
2023-06-02 15:00:00+00:00,19.3,53.603012,0.0,19.95,0.395
2023-06-02 16:00:00+00:00,19.35,46.996117,0.0,19.1,0.395
2023-06-02 17:00:00+00:00,16.3,61.977463,0.0,17.7,0.395
2023-06-02 18:00:00+00:00,13.65,72.270454,0.0,16.5,0.395
2023-06-02 19:00:00+00:00,12.15,79.71881,0.0,15.55,0.395
2023-06-02 20:00:00+00:00,11.3,82.34538,0.0,14.75,0.395
2023-06-02 21:00:00+00:00,11.0,81.47263,0.0,14.1,0.395
2023-06-02 22:00:00+00:00,10.65,80.87272,0.0,13.5,0.395
2023-06-02 23:00:00+00:00,10.05,82.75037,0.0,13.0,0.396
2023-06-03 00:00:00+00:00,9.95,79.675064,0.0,13.05,0.389
2023-06-03 01:00:00+00:00,11.8,68.07461,0.0,12.5,0.389
2023-06-03 02:00:00+00:00,11.6,69.217674,0.0,12.0,0.389
2023-06-03 03:00:00+00:00,11.7,72.40209,0.0,12.2,0.39
2023-06-03 04:00:00+00:00,13.3,71.717964,0.0,13.2,0.389
2023-06-03 05:00:00+00:00,15.15,69.45667,0.0,14.65,0.389
2023-06-03 06:00:00+00:00,16.55,65.89474,0.0,16.05,0.387
2023-06-03 07:00:00+00:00,19.2,59.415268,0.0,17.9,0.385
2023-06-03 08:00:00+00:00,21.75,53.524326,0.0,19.75,0.383
2023-06-03 09:00:00+00:00,23.05,52.81265,0.1,21.4,0.381
2023-06-03 10:00:00+00:00,22.9,52.429344,0.2,22.65,0.38
2023-06-03 11:00:00+00:00,23.45,46.093674,0.0,22.95,0.378
2023-06-03 12:00:00+00:00,24.25,30.581602,0.0,23.4,0.358
2023-06-03 13:00:00+00:00,23.3,36.639896,0.0,22.8,0.356
2023-06-03 14:00:00+00:00,22.85,40.295776,0.0,22.2,0.355
2023-06-03 15:00:00+00:00,22.05,52.036057,0.0,21.6,0.354
2023-06-03 16:00:00+00:00,21.3,46.741722,0.0,20.6,0.354
2023-06-03 17:00:00+00:00,16.75,68.16973,0.0,19.1,0.354
2023-06-03 18:00:00+00:00,15.0,70.36544,0.0,17.8,0.354
2023-06-03 19:00:00+00:00,13.85,73.5359,0.0,16.75,0.354
2023-06-03 20:00:00+00:00,12.75,75.61143,0.0,15.85,0.354
2023-06-03 21:00:00+00:00,11.8,78.063896,0.0,15.0,0.355
2023-06-03 22:00:00+00:00,11.85,74.43826,0.0,14.3,0.355
2023-06-03 23:00:00+00:00,14.25,58.811398,0.0,13.7,0.355
2023-06-04 00:00:00+00:00,12.1,73.97575,0.0,13.8,0.386
2023-06-04 01:00:00+00:00,12.2,70.29653,0.0,13.35,0.386
2023-06-04 02:00:00+00:00,13.4,61.934322,0.0,12.9,0.386
2023-06-04 03:00:00+00:00,13.55,80.45261,0.0,13.1,0.386
2023-06-04 04:00:00+00:00,15.8,65.95464,0.0,14.2,0.386
2023-06-04 05:00:00+00:00,18.05,64.27228,0.0,15.75,0.385
2023-06-04 06:00:00+00:00,20.55,58.764187,0.0,17.6,0.383
2023-06-04 07:00:00+00:00,22.35,54.209026,0.0,19.45,0.381
2023-06-04 08:00:00+00:00,23.65,44.054214,0.1,21.2,0.38
2023-06-04 09:00:00+00:00,24.7,29.975357,0.0,22.35,0.376
2023-06-04 10:00:00+00:00,23.95,32.23045,0.0,22.95,0.373
2023-06-04 11:00:00+00:00,23.85,34.255444,0.0,23.35,0.37
2023-06-04 12:00:00+00:00,24.15,32.846313,0.0,23.4,0.367
2023-06-04 13:00:00+00:00,24.15,33.072407,0.0,23.4,0.365
2023-06-04 14:00:00+00:00,24.0,34.6513,0.0,23.05,0.364
2023-06-04 15:00:00+00:00,22.55,48.192318,0.0,22.3,0.363
2023-06-04 16:00:00+00:00,19.05,69.08221,0.0,21.05,0.363
2023-06-04 17:00:00+00:00,18.2,56.84282,0.0,19.35,0.363
2023-06-04 18:00:00+00:00,15.4,58.491276,0.0,17.95,0.363
2023-06-04 19:00:00+00:00,13.6,57.2441,0.0,16.85,0.363
2023-06-04 20:00:00+00:00,12.5,57.16454,0.0,15.9,0.363
2023-06-04 21:00:00+00:00,11.8,57.591,0.0,15.1,0.363
2023-06-04 22:00:00+00:00,11.35,58.088425,0.0,14.4,0.363
2023-06-04 23:00:00+00:00,10.95,59.230045,0.0,13.8,0.363
2023-06-05 00:00:00+00:00,10.5,67.56686,0.0,13.2,0.357
2023-06-05 01:00:00+00:00,10.1,69.15327,0.0,12.65,0.357
2023-06-05 02:00:00+00:00,10.85,65.095955,0.0,12.2,0.357
2023-06-05 03:00:00+00:00,12.55,77.12876,0.0,12.4,0.357
2023-06-05 04:00:00+00:00,14.75,61.196278,0.0,13.6,0.357
2023-06-05 05:00:00+00:00,16.9,56.516212,0.0,15.2,0.356
2023-06-05 06:00:00+00:00,19.0,52.454792,0.0,17.1,0.355
2023-06-05 07:00:00+00:00,21.05,47.146294,0.0,19.0,0.353
2023-06-05 08:00:00+00:00,22.75,38.268852,0.0,20.8,0.351
2023-06-05 09:00:00+00:00,23.75,33.415195,0.0,22.45,0.348
2023-06-05 10:00:00+00:00,24.35,31.357908,0.0,23.75,0.345
2023-06-05 11:00:00+00:00,24.45,30.637817,0.0,24.6,0.342
2023-06-05 12:00:00+00:00,24.45,28.4867,0.0,24.75,0.34
2023-06-05 13:00:00+00:00,24.2,26.964243,0.0,24.6,0.338
2023-06-05 14:00:00+00:00,23.4,31.30634,0.0,23.95,0.336
2023-06-05 15:00:00+00:00,22.4,43.413105,0.0,23.0,0.335
2023-06-05 16:00:00+00:00,18.75,61.513634,0.0,21.6,0.335
2023-06-05 17:00:00+00:00,18.5,50.750717,0.0,19.85,0.335
2023-06-05 18:00:00+00:00,14.7,69.60123,0.0,18.4,0.335
2023-06-05 19:00:00+00:00,14.6,67.72825,0.0,17.3,0.335
2023-06-05 20:00:00+00:00,13.55,69.845276,0.0,16.5,0.335
2023-06-05 21:00:00+00:00,12.5,70.83783,0.0,15.7,0.335
2023-06-05 22:00:00+00:00,11.95,69.050385,0.0,14.95,0.335
2023-06-05 23:00:00+00:00,11.35,67.98092,0.0,14.35,0.335
2023-06-06 00:00:00+00:00,10.65,71.70875,0.0,14.05,0.337
2023-06-06 01:00:00+00:00,13.0,53.41567,0.0,13.4,0.338
2023-06-06 02:00:00+00:00,12.65,52.947346,0.0,12.85,0.338
2023-06-06 03:00:00+00:00,12.85,59.697887,0.0,13.0,0.338
2023-06-06 04:00:00+00:00,14.5,57.6695,0.0,14.0,0.338
2023-06-06 05:00:00+00:00,16.55,55.854336,0.0,15.6,0.337
2023-06-06 06:00:00+00:00,18.3,52.26998,0.0,17.4,0.336
2023-06-06 07:00:00+00:00,20.3,46.939827,0.0,19.3,0.334
2023-06-06 08:00:00+00:00,21.85,42.39018,0.0,20.8,0.332
2023-06-06 09:00:00+00:00,22.65,38.89665,0.0,21.75,0.33
2023-06-06 10:00:00+00:00,23.5,39.006115,0.0,22.8,0.328
2023-06-06 11:00:00+00:00,24.25,33.672016,0.0,23.75,0.325
2023-06-06 12:00:00+00:00,25.15,21.645119,0.0,24.3,0.321
2023-06-06 13:00:00+00:00,24.15,24.240643,0.0,24.15,0.319
2023-06-06 14:00:00+00:00,23.65,27.772839,0.0,23.55,0.318
2023-06-06 15:00:00+00:00,22.1,38.73995,0.0,22.65,0.317
2023-06-06 16:00:00+00:00,18.85,49.315716,0.0,21.25,0.317
2023-06-06 17:00:00+00:00,15.75,56.610928,0.0,19.55,0.317
2023-06-06 18:00:00+00:00,15.55,54.65094,0.0,18.2,0.317
2023-06-06 19:00:00+00:00,14.75,60.158836,0.0,17.3,0.317
2023-06-06 20:00:00+00:00,13.0,69.97451,0.0,16.35,0.317
2023-06-06 21:00:00+00:00,12.95,60.557053,0.0,15.5,0.317
2023-06-06 22:00:00+00:00,15.7,43.153065,0.0,14.7,0.317
2023-06-06 23:00:00+00:00,14.3,46.06524,0.0,14.05,0.317
2023-06-07 00:00:00+00:00,13.85,44.96654,0.0,14.55,0.306
2023-06-07 01:00:00+00:00,12.2,51.348003,0.0,13.85,0.306
2023-06-07 02:00:00+00:00,10.35,63.18297,0.0,13.15,0.307
2023-06-07 03:00:00+00:00,12.2,54.72733,0.0,13.2,0.307
2023-06-07 04:00:00+00:00,13.3,55.984985,0.0,14.05,0.306
2023-06-07 05:00:00+00:00,15.25,55.14013,0.0,15.55,0.306
2023-06-07 06:00:00+00:00,17.15,51.96447,0.0,17.4,0.305
2023-06-07 07:00:00+00:00,19.15,49.564972,0.0,19.35,0.304
2023-06-07 08:00:00+00:00,21.1,45.75239,0.0,21.2,0.302
2023-06-07 09:00:00+00:00,22.7,40.93968,0.0,22.85,0.3
2023-06-07 10:00:00+00:00,23.5,39.53637,0.0,24.1,0.298
2023-06-07 11:00:00+00:00,22.45,42.7027,0.0,24.95,0.296
2023-06-07 12:00:00+00:00,24.1,36.867428,0.0,24.35,0.291
2023-06-07 13:00:00+00:00,22.6,40.361397,0.6,23.95,0.296
2023-06-07 14:00:00+00:00,22.7,35.72623,0.0,23.4,0.295
2023-06-07 15:00:00+00:00,22.4,43.85296,0.0,22.7,0.295
2023-06-07 16:00:00+00:00,20.95,48.564983,0.0,21.65,0.295
2023-06-07 17:00:00+00:00,17.35,54.00443,0.0,19.95,0.295
2023-06-07 18:00:00+00:00,15.95,60.0378,0.0,18.6,0.295
2023-06-07 19:00:00+00:00,14.65,62.014263,0.0,17.45,0.295
2023-06-07 20:00:00+00:00,14.65,54.41616,0.0,16.45,0.295
2023-06-07 21:00:00+00:00,14.45,50.88091,0.0,15.6,0.295
2023-06-07 22:00:00+00:00,14.4,49.80907,0.0,14.85,0.295
2023-06-07 23:00:00+00:00,13.7,51.938213,0.0,14.2,0.295
2023-06-08 00:00:00+00:00,14.55,50.025284,0.0,14.75,0.276
2023-06-08 01:00:00+00:00,12.3,62.32127,0.0,14.1,0.276
2023-06-08 02:00:00+00:00,13.75,54.749947,0.0,13.55,0.276
2023-06-08 03:00:00+00:00,13.55,64.355606,0.0,13.65,0.276
2023-06-08 04:00:00+00:00,15.2,64.06888,0.0,14.75,0.276
2023-06-08 05:00:00+00:00,17.55,57.063717,0.0,16.45,0.276
2023-06-08 06:00:00+00:00,19.7,52.28694,0.0,18.5,0.275
2023-06-08 07:00:00+00:00,21.8,48.958057,0.0,20.65,0.274
2023-06-08 08:00:00+00:00,23.75,44.671524,0.0,22.7,0.273
2023-06-08 09:00:00+00:00,25.25,40.163467,0.0,24.4,0.272
2023-06-08 10:00:00+00:00,25.65,38.70146,0.0,25.7,0.27
2023-06-08 11:00:00+00:00,24.1,38.00628,0.1,26.2,0.27
2023-06-08 12:00:00+00:00,25.65,31.400673,0.0,26.1,0.269
2023-06-08 13:00:00+00:00,25.1,33.3412,0.0,25.5,0.268
2023-06-08 14:00:00+00:00,24.55,34.10403,0.0,25.15,0.267
2023-06-08 15:00:00+00:00,23.7,38.408905,0.0,24.35,0.266
2023-06-08 16:00:00+00:00,20.85,51.206352,0.0,23.0,0.266
2023-06-08 17:00:00+00:00,18.75,56.03445,0.0,21.35,0.266
2023-06-08 18:00:00+00:00,17.0,60.492146,0.0,19.95,0.266
2023-06-08 19:00:00+00:00,16.35,54.11267,0.0,18.7,0.266
2023-06-08 20:00:00+00:00,16.05,45.91324,0.0,17.75,0.266
2023-06-08 21:00:00+00:00,15.35,47.84871,0.0,16.85,0.266
2023-06-08 22:00:00+00:00,14.8,49.05302,0.0,16.1,0.266
2023-06-08 23:00:00+00:00,14.2,50.634895,0.0,15.5,0.266
2023-06-09 00:00:00+00:00,14.8,48.369778,0.0,15.1,0.266
2023-06-09 01:00:00+00:00,14.4,51.22441,0.0,15.35,0.266
2023-06-09 02:00:00+00:00,15.55,43.723614,0.0,14.85,0.266
2023-06-09 03:00:00+00:00,15.3,63.228962,0.0,15.05,0.266
2023-06-09 04:00:00+00:00,17.1,53.939293,0.0,15.85,0.266
2023-06-09 05:00:00+00:00,18.4,57.467636,0.0,17.05,0.266
2023-06-09 06:00:00+00:00,20.05,55.065987,0.0,18.5,0.266
2023-06-09 07:00:00+00:00,21.0,53.68526,0.0,19.45,0.265
2023-06-09 08:00:00+00:00,22.9,46.557716,0.0,20.8,0.265
2023-06-09 09:00:00+00:00,23.95,33.01571,0.0,21.9,0.264
2023-06-09 10:00:00+00:00,22.4,39.491783,0.0,21.9,0.264
2023-06-09 11:00:00+00:00,22.9,36.77637,0.0,22.35,0.263
2023-06-09 12:00:00+00:00,22.8,35.632343,0.0,22.1,0.263
2023-06-09 13:00:00+00:00,18.8,69.25872,2.5,22.25,0.307
2023-06-09 14:00:00+00:00,19.15,67.32127,1.8,21.55,0.331
2023-06-09 15:00:00+00:00,19.3,61.640827,0.0,21.0,0.331
2023-06-09 16:00:00+00:00,18.15,79.773605,0.0,20.15,0.331
2023-06-09 17:00:00+00:00,17.75,68.14721,0.1,19.0,0.332
2023-06-09 18:00:00+00:00,16.35,78.22947,0.2,18.15,0.333
2023-06-09 19:00:00+00:00,15.35,81.76613,0.0,17.35,0.333
2023-06-09 20:00:00+00:00,14.65,83.035416,0.0,16.6,0.333
2023-06-09 21:00:00+00:00,15.4,77.06135,0.0,16.1,0.333
2023-06-09 22:00:00+00:00,14.25,82.712975,0.0,15.7,0.333
2023-06-09 23:00:00+00:00,14.35,80.02903,0.0,15.15,0.333
2023-06-10 00:00:00+00:00,13.5,87.12628,0.0,16.45,0.278
2023-06-10 01:00:00+00:00,13.4,85.68518,0.7,15.75,0.286
2023-06-10 02:00:00+00:00,13.15,89.13663,3.4,15.1,0.333
2023-06-10 03:00:00+00:00,13.95,86.31014,0.0,14.9,0.333
2023-06-10 04:00:00+00:00,14.75,82.50169,0.0,15.55,0.333
2023-06-10 05:00:00+00:00,16.35,77.209435,0.0,16.85,0.333
2023-06-10 06:00:00+00:00,18.9,68.156075,0.0,18.65,0.332
2023-06-10 07:00:00+00:00,19.05,67.96397,0.1,20.05,0.331
2023-06-10 08:00:00+00:00,20.15,62.65163,0.1,21.15,0.331
2023-06-10 09:00:00+00:00,21.35,57.057663,0.0,22.45,0.33
2023-06-10 10:00:00+00:00,22.75,47.769142,0.0,23.65,0.327
2023-06-10 11:00:00+00:00,18.15,70.27345,6.1,23.8,0.406
2023-06-10 12:00:00+00:00,20.8,57.866234,0.1,22.45,0.312
2023-06-10 13:00:00+00:00,22.25,53.126835,0.0,23.0,0.31
2023-06-10 14:00:00+00:00,20.9,58.08108,1.0,22.65,0.32
2023-06-10 15:00:00+00:00,19.0,62.803955,1.4,21.7,0.336
2023-06-10 16:00:00+00:00,17.55,74.91264,0.0,20.2,0.337
2023-06-10 17:00:00+00:00,15.45,84.78031,0.0,18.75,0.337
2023-06-10 18:00:00+00:00,15.65,81.003395,0.0,17.6,0.337
2023-06-10 19:00:00+00:00,15.4,79.648254,0.0,16.65,0.337
2023-06-10 20:00:00+00:00,14.65,78.49341,0.0,15.95,0.337
2023-06-10 21:00:00+00:00,15.5,69.52594,0.0,15.3,0.336
2023-06-10 22:00:00+00:00,15.1,69.91439,0.0,14.7,0.336
2023-06-10 23:00:00+00:00,14.8,66.63477,0.0,14.3,0.336
2023-06-11 00:00:00+00:00,11.7,91.4307,0.0,14.5,0.307
2023-06-11 01:00:00+00:00,13.0,76.939995,0.0,13.95,0.307
2023-06-11 02:00:00+00:00,10.8,88.646164,0.0,13.5,0.307
2023-06-11 03:00:00+00:00,12.85,77.96052,0.0,13.65,0.308
2023-06-11 04:00:00+00:00,14.75,73.449135,0.0,14.6,0.307
2023-06-11 05:00:00+00:00,16.7,71.870636,0.0,16.2,0.307
2023-06-11 06:00:00+00:00,18.85,65.51693,0.0,18.1,0.306
2023-06-11 07:00:00+00:00,21.1,58.703896,0.0,20.15,0.305
2023-06-11 08:00:00+00:00,22.9,54.526505,0.1,22.1,0.304
2023-06-11 09:00:00+00:00,24.25,42.635685,0.1,23.6,0.303
2023-06-11 10:00:00+00:00,24.95,33.985615,0.0,24.75,0.301
2023-06-11 11:00:00+00:00,24.75,35.58033,0.0,25.55,0.298
2023-06-11 12:00:00+00:00,24.45,37.722504,0.0,26.05,0.296
2023-06-11 13:00:00+00:00,24.4,37.203007,0.0,25.95,0.294
2023-06-11 14:00:00+00:00,24.0,37.34142,0.0,25.3,0.293
2023-06-11 15:00:00+00:00,23.05,42.87103,0.0,24.3,0.293
2023-06-11 16:00:00+00:00,20.95,64.48508,0.0,23.05,0.293
2023-06-11 17:00:00+00:00,19.7,59.14271,0.0,21.55,0.293
2023-06-11 18:00:00+00:00,17.55,65.23683,0.0,20.2,0.292
2023-06-11 19:00:00+00:00,16.65,66.80159,0.0,19.15,0.292
2023-06-11 20:00:00+00:00,15.6,68.16273,0.0,18.2,0.292
2023-06-11 21:00:00+00:00,14.5,70.268364,0.0,17.4,0.292
2023-06-11 22:00:00+00:00,13.55,72.742004,0.0,16.6,0.292
2023-06-11 23:00:00+00:00,13.8,68.71949,0.0,16.0,0.292
2023-06-12 00:00:00+00:00,14.45,63.250317,0.0,15.65,0.295
2023-06-12 01:00:00+00:00,14.95,59.185886,0.0,15.1,0.295
2023-06-12 02:00:00+00:00,13.6,65.92679,0.0,14.6,0.295
2023-06-12 03:00:00+00:00,14.75,63.750866,0.0,14.8,0.295
2023-06-12 04:00:00+00:00,16.25,63.44423,0.0,15.85,0.294
2023-06-12 05:00:00+00:00,18.4,60.62072,0.0,17.4,0.294
2023-06-12 06:00:00+00:00,20.65,55.768917,0.0,19.2,0.293
2023-06-12 07:00:00+00:00,22.5,51.641464,0.0,20.95,0.292
2023-06-12 08:00:00+00:00,24.55,41.876503,0.0,22.85,0.291
2023-06-12 09:00:00+00:00,25.35,34.44684,0.0,24.5,0.289
2023-06-12 10:00:00+00:00,25.85,29.782211,0.0,25.65,0.287
2023-06-12 11:00:00+00:00,26.05,30.560766,0.1,26.6,0.286
2023-06-12 12:00:00+00:00,26.55,28.772041,0.0,26.85,0.285
2023-06-12 13:00:00+00:00,26.0,30.651306,0.0,26.85,0.284
2023-06-12 14:00:00+00:00,25.75,31.10859,0.0,26.5,0.283
2023-06-12 15:00:00+00:00,24.75,37.1768,0.1,25.45,0.283
2023-06-12 16:00:00+00:00,21.85,50.29073,0.0,24.0,0.283
2023-06-12 17:00:00+00:00,21.35,43.411568,0.0,22.25,0.283
2023-06-12 18:00:00+00:00,18.2,54.96192,0.0,20.9,0.283
2023-06-12 19:00:00+00:00,18.0,53.444702,0.0,19.85,0.283
2023-06-12 20:00:00+00:00,17.1,54.864994,0.0,19.0,0.283
2023-06-12 21:00:00+00:00,15.65,58.55288,0.0,18.2,0.283
2023-06-12 22:00:00+00:00,15.65,55.624046,0.0,17.4,0.283
2023-06-12 23:00:00+00:00,17.05,44.771885,0.0,16.65,0.283
2023-06-13 00:00:00+00:00,14.7,54.618103,0.0,16.25,0.281
2023-06-13 01:00:00+00:00,13.65,57.655502,0.0,15.65,0.281
2023-06-13 02:00:00+00:00,14.15,54.096466,0.0,15.1,0.281
2023-06-13 03:00:00+00:00,15.75,63.760143,0.0,15.3,0.281
2023-06-13 04:00:00+00:00,17.75,51.770363,0.0,16.2,0.281
2023-06-13 05:00:00+00:00,19.9,50.27305,0.0,17.65,0.281
2023-06-13 06:00:00+00:00,22.5,45.67955,0.0,19.8,0.28
2023-06-13 07:00:00+00:00,24.45,30.321983,0.0,21.95,0.279
2023-06-13 08:00:00+00:00,25.4,28.355635,0.0,23.85,0.278
2023-06-13 09:00:00+00:00,25.6,26.87837,0.0,25.35,0.276
2023-06-13 10:00:00+00:00,25.9,26.867102,0.0,26.65,0.275
2023-06-13 11:00:00+00:00,25.5,28.187634,0.0,27.25,0.273
2023-06-13 12:00:00+00:00,25.95,27.06782,0.0,27.3,0.271
2023-06-13 13:00:00+00:00,25.75,26.547762,0.0,27.4,0.27
2023-06-13 14:00:00+00:00,25.35,26.254627,0.0,26.9,0.269
2023-06-13 15:00:00+00:00,24.6,31.863201,0.0,25.9,0.268
2023-06-13 16:00:00+00:00,21.65,55.470654,0.0,24.4,0.268
2023-06-13 17:00:00+00:00,20.15,46.898426,0.0,22.8,0.268
2023-06-13 18:00:00+00:00,17.65,52.275333,0.0,21.3,0.268
2023-06-13 19:00:00+00:00,17.0,51.7469,0.0,20.0,0.268
2023-06-13 20:00:00+00:00,16.05,53.11391,0.0,19.0,0.268
2023-06-13 21:00:00+00:00,14.85,54.846554,0.0,18.05,0.268
2023-06-13 22:00:00+00:00,13.55,59.868507,0.0,17.2,0.268
2023-06-13 23:00:00+00:00,12.8,61.57947,0.0,16.4,0.268
2023-06-14 00:00:00+00:00,12.6,68.94536,0.0,15.75,0.27
2023-06-14 01:00:00+00:00,14.35,56.645123,0.0,15.15,0.27
2023-06-14 02:00:00+00:00,14.35,56.06026,0.0,14.7,0.27
2023-06-14 03:00:00+00:00,14.9,62.709774,0.0,14.95,0.27
2023-06-14 04:00:00+00:00,16.75,57.2504,0.0,16.05,0.27
2023-06-14 05:00:00+00:00,18.8,53.47295,0.0,17.7,0.269
2023-06-14 06:00:00+00:00,21.0,48.578564,0.0,19.7,0.269
2023-06-14 07:00:00+00:00,22.5,39.65468,0.3,21.55,0.271
2023-06-14 08:00:00+00:00,23.6,32.131348,0.0,23.35,0.27
2023-06-14 09:00:00+00:00,24.45,29.188408,0.0,25.1,0.268
2023-06-14 10:00:00+00:00,24.65,29.447552,0.0,26.45,0.267
2023-06-14 11:00:00+00:00,24.6,30.998745,0.0,27.15,0.266
2023-06-14 12:00:00+00:00,24.2,31.969658,0.0,27.4,0.266
2023-06-14 13:00:00+00:00,24.25,32.874626,0.0,27.4,0.265
2023-06-14 14:00:00+00:00,24.0,32.803814,0.0,26.85,0.264
2023-06-14 15:00:00+00:00,23.35,32.95894,0.0,25.8,0.263
2023-06-14 16:00:00+00:00,21.25,53.927593,0.0,24.4,0.263
2023-06-14 17:00:00+00:00,20.6,44.543484,0.0,22.55,0.263
2023-06-14 18:00:00+00:00,17.05,54.66582,0.0,20.95,0.263
2023-06-14 19:00:00+00:00,15.8,55.85357,0.0,19.7,0.263
2023-06-14 20:00:00+00:00,14.75,56.16271,0.0,18.65,0.263
2023-06-14 21:00:00+00:00,13.95,56.347378,0.0,17.8,0.263
2023-06-14 22:00:00+00:00,13.15,56.93124,0.0,17.0,0.262
2023-06-14 23:00:00+00:00,12.65,57.403088,0.0,16.25,0.262
2023-06-15 00:00:00+00:00,12.1,63.365864,0.0,15.55,0.262
2023-06-15 01:00:00+00:00,13.05,57.504276,0.0,14.95,0.262
2023-06-15 02:00:00+00:00,14.05,51.669636,0.0,14.45,0.262
2023-06-15 03:00:00+00:00,14.4,54.35068,0.0,14.65,0.262
2023-06-15 04:00:00+00:00,16.35,52.648056,0.0,15.8,0.261
2023-06-15 05:00:00+00:00,18.55,49.7395,0.0,17.5,0.261
2023-06-15 06:00:00+00:00,20.55,45.599586,0.0,19.6,0.26
2023-06-15 07:00:00+00:00,22.25,39.989475,0.0,21.8,0.26
2023-06-15 08:00:00+00:00,23.3,36.890385,0.0,23.8,0.259
2023-06-15 09:00:00+00:00,24.15,34.223618,0.0,25.45,0.257
2023-06-15 10:00:00+00:00,24.75,32.015057,0.0,26.85,0.256
2023-06-15 11:00:00+00:00,24.15,33.185966,0.0,27.45,0.255
2023-06-15 12:00:00+00:00,25.4,25.723106,0.0,28.15,0.258
2023-06-15 13:00:00+00:00,25.3,26.889772,0.0,28.05,0.257
2023-06-15 14:00:00+00:00,24.0,29.779247,0.0,27.1,0.257
2023-06-15 15:00:00+00:00,23.6,32.46576,0.0,25.95,0.256
2023-06-15 16:00:00+00:00,21.25,41.791866,0.0,24.5,0.256
2023-06-15 17:00:00+00:00,18.0,59.92278,0.0,22.8,0.256
2023-06-15 18:00:00+00:00,17.45,54.214287,0.0,21.3,0.256
2023-06-15 19:00:00+00:00,16.4,57.55283,0.0,20.05,0.256
2023-06-15 20:00:00+00:00,15.0,64.897896,0.0,18.9,0.256
2023-06-15 21:00:00+00:00,16.35,54.11267,0.0,17.95,0.256
2023-06-15 22:00:00+00:00,14.65,59.929054,0.0,17.1,0.256
2023-06-15 23:00:00+00:00,13.9,60.78502,0.0,16.35,0.256
2023-06-16 00:00:00+00:00,13.9,59.953472,0.0,16.0,0.251
2023-06-16 01:00:00+00:00,13.25,63.19239,0.0,15.35,0.251
2023-06-16 02:00:00+00:00,12.55,67.29952,0.0,14.8,0.251
2023-06-16 03:00:00+00:00,12.9,68.53606,0.0,14.85,0.251
2023-06-16 04:00:00+00:00,14.35,66.53901,0.0,15.85,0.25
2023-06-16 05:00:00+00:00,16.35,60.133724,0.0,17.55,0.25
2023-06-16 06:00:00+00:00,18.3,54.802593,0.0,19.6,0.25
2023-06-16 07:00:00+00:00,20.3,50.7193,0.0,21.8,0.249
2023-06-16 08:00:00+00:00,22.3,44.56697,0.0,23.95,0.248
2023-06-16 09:00:00+00:00,24.05,37.60908,0.0,25.95,0.247
2023-06-16 10:00:00+00:00,25.45,33.781975,0.0,27.55,0.246
2023-06-16 11:00:00+00:00,26.0,31.498829,0.0,28.4,0.245
2023-06-16 12:00:00+00:00,26.1,29.74979,0.0,28.65,0.244
2023-06-16 13:00:00+00:00,25.9,28.493956,0.0,28.3,0.243
2023-06-16 14:00:00+00:00,25.45,30.288929,0.0,27.75,0.242
2023-06-16 15:00:00+00:00,24.55,33.185688,0.0,26.75,0.242
2023-06-16 16:00:00+00:00,22.35,44.2828,0.0,25.3,0.242
2023-06-16 17:00:00+00:00,19.1,53.91193,0.0,23.45,0.242
2023-06-16 18:00:00+00:00,18.7,50.97692,0.0,21.9,0.242
2023-06-16 19:00:00+00:00,17.35,52.553074,0.0,20.65,0.242
2023-06-16 20:00:00+00:00,16.35,53.010883,0.0,19.55,0.242
2023-06-16 21:00:00+00:00,15.25,56.87336,0.0,18.6,0.241
2023-06-16 22:00:00+00:00,15.2,57.056282,0.0,17.7,0.241
2023-06-16 23:00:00+00:00,14.85,56.967907,0.0,16.9,0.241
2023-06-17 00:00:00+00:00,14.9,57.769604,0.0,16.85,0.24
2023-06-17 01:00:00+00:00,14.85,56.967907,0.0,16.1,0.24
2023-06-17 02:00:00+00:00,13.35,64.31076,0.0,15.5,0.24
2023-06-17 03:00:00+00:00,14.45,62.179756,0.0,15.55,0.24
2023-06-17 04:00:00+00:00,16.35,56.9561,0.0,16.6,0.24
2023-06-17 05:00:00+00:00,18.7,49.107487,0.0,18.4,0.24
2023-06-17 06:00:00+00:00,20.9,42.554623,0.0,20.6,0.239
2023-06-17 07:00:00+00:00,22.95,38.71831,0.0,22.9,0.239
2023-06-17 08:00:00+00:00,24.8,35.354343,0.0,25.05,0.238
2023-06-17 09:00:00+00:00,26.3,31.262589,0.0,26.9,0.237
2023-06-17 10:00:00+00:00,27.2,28.852976,0.0,28.2,0.236
2023-06-17 11:00:00+00:00,27.7,26.436869,0.0,29.25,0.235
2023-06-17 12:00:00+00:00,27.45,26.098211,0.0,29.85,0.236
2023-06-17 13:00:00+00:00,26.95,25.8734,0.0,29.75,0.236
2023-06-17 14:00:00+00:00,26.2,24.790668,0.0,29.05,0.235
2023-06-17 15:00:00+00:00,25.2,25.849344,0.0,27.9,0.235
2023-06-17 16:00:00+00:00,22.4,49.44617,0.0,26.25,0.234
2023-06-17 17:00:00+00:00,19.25,42.23164,0.0,24.1,0.234
2023-06-17 18:00:00+00:00,18.35,42.858086,0.0,22.45,0.234
2023-06-17 19:00:00+00:00,16.15,48.744137,0.0,21.1,0.234
2023-06-17 20:00:00+00:00,15.1,48.62313,0.0,19.9,0.234
2023-06-17 21:00:00+00:00,14.75,48.69645,0.0,18.95,0.234
2023-06-17 22:00:00+00:00,14.65,51.47152,0.0,18.15,0.234
2023-06-17 23:00:00+00:00,14.05,56.372955,0.0,17.45,0.234
2023-06-18 00:00:00+00:00,14.05,62.728,0.0,17.5,0.235
2023-06-18 01:00:00+00:00,15.85,51.08356,0.0,16.95,0.235
2023-06-18 02:00:00+00:00,14.8,58.14288,0.0,16.4,0.235
2023-06-18 03:00:00+00:00,16.2,53.33642,0.0,16.6,0.235
2023-06-18 04:00:00+00:00,17.8,52.672047,0.0,17.5,0.235
2023-06-18 05:00:00+00:00,19.9,47.468754,0.0,19.1,0.234
2023-06-18 06:00:00+00:00,21.4,43.868774,0.0,20.75,0.234
2023-06-18 07:00:00+00:00,24.3,31.888071,0.0,23.2,0.234
2023-06-18 08:00:00+00:00,26.05,22.033924,0.0,25.55,0.233
2023-06-18 09:00:00+00:00,26.3,21.404673,0.0,27.2,0.232
2023-06-18 10:00:00+00:00,26.05,20.227531,0.0,28.25,0.232
2023-06-18 11:00:00+00:00,26.05,21.800581,0.0,29.2,0.231
2023-06-18 12:00:00+00:00,25.8,24.77011,0.0,29.3,0.234
2023-06-18 13:00:00+00:00,25.55,24.187233,0.0,29.2,0.234
2023-06-18 14:00:00+00:00,24.9,24.184172,0.0,28.55,0.233
2023-06-18 15:00:00+00:00,24.25,24.96562,0.0,27.45,0.233
2023-06-18 16:00:00+00:00,21.85,39.335167,0.0,25.85,0.233
2023-06-18 17:00:00+00:00,18.8,42.3958,0.0,23.9,0.233
2023-06-18 18:00:00+00:00,17.45,48.59795,0.0,22.2,0.233
2023-06-18 19:00:00+00:00,16.95,45.371197,0.0,20.85,0.233
2023-06-18 20:00:00+00:00,15.9,46.680393,0.0,19.75,0.233
2023-06-18 21:00:00+00:00,14.85,49.238964,0.0,18.8,0.232
2023-06-18 22:00:00+00:00,13.75,55.518295,0.0,17.9,0.232
2023-06-18 23:00:00+00:00,14.85,48.383686,0.0,17.1,0.232
2023-06-19 00:00:00+00:00,15.7,44.701412,0.0,16.25,0.232
2023-06-19 01:00:00+00:00,14.7,47.83491,0.0,15.7,0.232
2023-06-19 02:00:00+00:00,14.6,48.314045,0.0,15.2,0.232
2023-06-19 03:00:00+00:00,14.7,50.59433,0.0,15.4,0.232
2023-06-19 04:00:00+00:00,16.55,50.397022,0.0,16.55,0.232
2023-06-19 05:00:00+00:00,18.85,46.062553,0.0,18.4,0.232
2023-06-19 06:00:00+00:00,21.15,41.19762,0.0,20.55,0.232
2023-06-19 07:00:00+00:00,23.3,36.390903,0.0,22.85,0.231
2023-06-19 08:00:00+00:00,24.8,33.943165,0.0,24.95,0.231
2023-06-19 09:00:00+00:00,25.55,33.129375,0.1,26.85,0.231
2023-06-19 10:00:00+00:00,26.2,29.982006,0.0,28.15,0.23
2023-06-19 11:00:00+00:00,26.75,27.006111,0.0,29.2,0.23
2023-06-19 12:00:00+00:00,26.7,28.421335,0.0,28.9,0.231
2023-06-19 13:00:00+00:00,26.65,28.213282,0.0,29.25,0.23
2023-06-19 14:00:00+00:00,26.05,30.04288,0.0,28.85,0.23
2023-06-19 15:00:00+00:00,25.3,31.625338,0.0,27.85,0.23
2023-06-19 16:00:00+00:00,23.5,53.274662,0.0,26.4,0.229
2023-06-19 17:00:00+00:00,22.75,36.11009,0.0,24.45,0.229
2023-06-19 18:00:00+00:00,18.55,51.98311,0.0,22.7,0.229
2023-06-19 19:00:00+00:00,16.85,50.478416,0.0,21.25,0.229
2023-06-19 20:00:00+00:00,15.65,50.676804,0.0,20.1,0.229
2023-06-19 21:00:00+00:00,14.25,54.311333,0.0,19.05,0.229
2023-06-19 22:00:00+00:00,13.1,58.323425,0.0,18.2,0.229
2023-06-19 23:00:00+00:00,12.55,60.250565,0.0,17.4,0.229
2023-06-20 00:00:00+00:00,12.15,64.93343,0.0,16.9,0.231
2023-06-20 01:00:00+00:00,11.8,65.30689,0.0,16.2,0.231
2023-06-20 02:00:00+00:00,11.55,66.85561,0.0,15.6,0.231
2023-06-20 03:00:00+00:00,13.8,61.815296,0.0,15.65,0.231
2023-06-20 04:00:00+00:00,16.4,53.20633,0.0,16.75,0.231
2023-06-20 05:00:00+00:00,18.25,47.661934,0.0,18.45,0.23
2023-06-20 06:00:00+00:00,20.3,41.522068,0.0,20.55,0.23
2023-06-20 07:00:00+00:00,22.0,37.15228,0.0,22.7,0.23
2023-06-20 08:00:00+00:00,22.8,34.191586,0.0,24.4,0.23
2023-06-20 09:00:00+00:00,23.15,32.22632,0.0,25.55,0.229
2023-06-20 10:00:00+00:00,23.25,33.851093,0.0,26.1,0.229
2023-06-20 11:00:00+00:00,24.15,33.758953,0.0,27.6,0.229
2023-06-20 12:00:00+00:00,21.8,38.654316,0.0,28.05,0.236
2023-06-20 13:00:00+00:00,20.05,52.029583,0.0,26.8,0.235
2023-06-20 14:00:00+00:00,20.35,51.934807,0.0,26.3,0.235
2023-06-20 15:00:00+00:00,20.1,52.743492,0.0,25.2,0.235
2023-06-20 16:00:00+00:00,19.0,56.097485,0.0,23.9,0.235
2023-06-20 17:00:00+00:00,16.8,66.38939,0.0,22.25,0.235
2023-06-20 18:00:00+00:00,16.35,66.51582,0.0,20.9,0.235
2023-06-20 19:00:00+00:00,15.35,70.66909,0.0,19.8,0.235
2023-06-20 20:00:00+00:00,14.85,70.81018,0.0,18.8,0.235
2023-06-20 21:00:00+00:00,14.05,74.067406,0.0,17.95,0.235
2023-06-20 22:00:00+00:00,14.1,70.42787,0.0,17.2,0.235
2023-06-20 23:00:00+00:00,12.65,75.59476,0.0,16.55,0.235
2023-06-21 00:00:00+00:00,12.9,73.11796,0.0,16.15,0.236
2023-06-21 01:00:00+00:00,13.95,66.00254,0.0,15.55,0.236
2023-06-21 02:00:00+00:00,13.35,68.86209,0.0,15.05,0.236
2023-06-21 03:00:00+00:00,13.55,70.32087,0.0,15.15,0.236
2023-06-21 04:00:00+00:00,15.1,66.92371,0.0,16.2,0.236
2023-06-21 05:00:00+00:00,17.05,59.494385,0.0,17.9,0.236
2023-06-21 06:00:00+00:00,19.0,53.16616,0.0,20.0,0.236
2023-06-21 07:00:00+00:00,21.0,46.502163,0.0,22.2,0.235
2023-06-21 08:00:00+00:00,22.45,41.847523,0.0,24.35,0.235
2023-06-21 09:00:00+00:00,23.65,38.917088,0.0,26.3,0.234
2023-06-21 10:00:00+00:00,24.5,37.357117,0.0,27.75,0.233
2023-06-21 11:00:00+00:00,24.75,37.302185,0.0,28.5,0.233
2023-06-21 12:00:00+00:00,24.65,36.036633,0.0,29.0,0.232
2023-06-21 13:00:00+00:00,24.95,35.999947,0.0,28.9,0.232
2023-06-21 14:00:00+00:00,24.4,37.203007,0.0,28.15,0.232
2023-06-21 15:00:00+00:00,23.6,38.640934,0.0,27.0,0.231
2023-06-21 16:00:00+00:00,22.35,43.838985,0.0,25.65,0.231
2023-06-21 17:00:00+00:00,21.05,46.515965,0.0,23.85,0.231
2023-06-21 18:00:00+00:00,18.25,56.855324,0.0,22.25,0.231
2023-06-21 19:00:00+00:00,17.55,57.25648,0.0,21.05,0.231
2023-06-21 20:00:00+00:00,16.45,60.770336,0.0,19.95,0.231
2023-06-21 21:00:00+00:00,16.2,62.79545,0.0,19.2,0.231
2023-06-21 22:00:00+00:00,14.55,71.230034,0.0,18.35,0.231
2023-06-21 23:00:00+00:00,14.25,72.13793,0.0,17.65,0.231
2023-06-22 00:00:00+00:00,17.4,55.88103,0.0,18.05,0.211
2023-06-22 01:00:00+00:00,14.95,69.41698,0.0,17.55,0.211
2023-06-22 02:00:00+00:00,14.85,67.0972,0.0,17.2,0.211
2023-06-22 03:00:00+00:00,14.3,80.28823,1.4,16.8,0.226
2023-06-22 04:00:00+00:00,15.9,70.77437,0.0,17.15,0.226
2023-06-22 05:00:00+00:00,16.95,66.20043,0.1,18.45,0.227
2023-06-22 06:00:00+00:00,17.8,61.292664,0.0,19.7,0.227
2023-06-22 07:00:00+00:00,19.75,54.806576,0.0,21.6,0.227
2023-06-22 08:00:00+00:00,20.9,50.540718,0.0,23.4,0.227
2023-06-22 09:00:00+00:00,22.35,45.485737,0.0,25.3,0.226
2023-06-22 10:00:00+00:00,23.5,41.442688,0.1,26.85,0.226
2023-06-22 11:00:00+00:00,24.05,39.691967,0.0,27.75,0.226
2023-06-22 12:00:00+00:00,24.6,32.082615,0.0,28.4,0.218
2023-06-22 13:00:00+00:00,24.95,29.73596,0.0,28.6,0.218
2023-06-22 14:00:00+00:00,24.9,29.824799,0.0,28.3,0.218
2023-06-22 15:00:00+00:00,23.85,31.216894,0.0,27.25,0.218
2023-06-22 16:00:00+00:00,21.85,37.75215,0.0,25.8,0.218
2023-06-22 17:00:00+00:00,20.45,42.427235,0.0,23.95,0.218
2023-06-22 18:00:00+00:00,18.25,51.903446,0.1,22.3,0.219
2023-06-22 19:00:00+00:00,18.4,47.54035,0.0,21.3,0.219
2023-06-22 20:00:00+00:00,15.9,58.814194,0.0,20.1,0.219
2023-06-22 21:00:00+00:00,14.4,69.307495,0.0,19.0,0.219
2023-06-22 22:00:00+00:00,13.8,71.3281,0.0,18.1,0.219
2023-06-22 23:00:00+00:00,13.15,73.66004,0.0,17.35,0.219
2023-06-23 00:00:00+00:00,13.45,69.11709,0.0,17.55,0.216
2023-06-23 01:00:00+00:00,12.05,78.63303,0.0,16.75,0.216
2023-06-23 02:00:00+00:00,11.4,82.079666,0.0,16.05,0.216
2023-06-23 03:00:00+00:00,13.0,72.64156,0.0,16.0,0.216
2023-06-23 04:00:00+00:00,14.6,63.069252,0.0,16.85,0.217
2023-06-23 05:00:00+00:00,16.2,56.918373,0.0,18.35,0.217
2023-06-23 06:00:00+00:00,17.8,53.21149,0.0,20.05,0.217
2023-06-23 07:00:00+00:00,19.7,48.88127,0.0,22.05,0.217
2023-06-23 08:00:00+00:00,21.55,44.96012,0.0,24.05,0.217
2023-06-23 09:00:00+00:00,23.5,39.669926,0.0,25.95,0.217
2023-06-23 10:00:00+00:00,22.95,43.42125,0.1,27.65,0.218
2023-06-23 11:00:00+00:00,21.1,50.09036,4.0,26.45,0.27
2023-06-23 12:00:00+00:00,19.9,55.027813,0.2,26.1,0.25
2023-06-23 13:00:00+00:00,21.3,48.986347,0.0,26.0,0.249
2023-06-23 14:00:00+00:00,20.9,48.388794,0.2,25.65,0.25
2023-06-23 15:00:00+00:00,20.25,50.029884,0.0,24.5,0.25
2023-06-23 16:00:00+00:00,19.4,54.35222,0.0,23.3,0.25
2023-06-23 17:00:00+00:00,17.4,63.490604,0.0,21.85,0.25
2023-06-23 18:00:00+00:00,16.15,70.11918,0.0,20.5,0.25
2023-06-23 19:00:00+00:00,15.85,71.00083,0.0,19.45,0.25
2023-06-23 20:00:00+00:00,14.95,73.73028,0.0,18.5,0.25
2023-06-23 21:00:00+00:00,15.35,69.26379,0.0,17.7,0.25
2023-06-23 22:00:00+00:00,13.45,79.10497,0.0,17.0,0.25
2023-06-23 23:00:00+00:00,12.5,83.33044,0.0,16.35,0.25
2023-06-24 00:00:00+00:00,12.35,80.55786,0.0,16.05,0.248
2023-06-24 01:00:00+00:00,12.05,81.88631,0.0,15.6,0.248
2023-06-24 02:00:00+00:00,12.0,80.78213,0.0,15.2,0.248
2023-06-24 03:00:00+00:00,13.3,75.95826,0.0,15.35,0.248
2023-06-24 04:00:00+00:00,15.0,67.81101,0.0,16.3,0.248
2023-06-24 05:00:00+00:00,16.5,62.232903,0.0,17.95,0.247
2023-06-24 06:00:00+00:00,18.6,56.562572,0.0,19.95,0.247
2023-06-24 07:00:00+00:00,20.9,48.714504,0.0,22.1,0.246
2023-06-24 08:00:00+00:00,22.8,41.384697,0.0,24.15,0.246
2023-06-24 09:00:00+00:00,23.9,36.810616,0.0,25.75,0.245
2023-06-24 10:00:00+00:00,24.95,33.412422,0.0,27.15,0.244
2023-06-24 11:00:00+00:00,25.55,30.006355,0.0,28.05,0.243
2023-06-24 12:00:00+00:00,25.0,33.884438,0.0,28.1,0.244
2023-06-24 13:00:00+00:00,25.1,32.890137,0.0,27.85,0.244
2023-06-24 14:00:00+00:00,25.15,32.12781,0.0,27.3,0.243
2023-06-24 15:00:00+00:00,24.45,33.384876,0.0,26.35,0.243
2023-06-24 16:00:00+00:00,22.75,39.323586,0.0,25.05,0.243
2023-06-24 17:00:00+00:00,19.85,45.87055,0.0,23.35,0.243
2023-06-24 18:00:00+00:00,18.35,51.404182,0.0,21.8,0.242
2023-06-24 19:00:00+00:00,19.0,47.381794,0.0,20.5,0.242
2023-06-24 20:00:00+00:00,19.1,45.3496,0.0,19.4,0.242
2023-06-24 21:00:00+00:00,15.2,62.353798,0.0,18.45,0.242
2023-06-24 22:00:00+00:00,16.15,57.100094,0.0,17.6,0.242
2023-06-24 23:00:00+00:00,13.3,70.511246,0.0,16.85,0.242
2023-06-25 00:00:00+00:00,13.75,69.177376,0.0,17.1,0.241
2023-06-25 01:00:00+00:00,13.55,68.90259,0.0,16.35,0.241
2023-06-25 02:00:00+00:00,12.3,74.2633,0.0,15.75,0.241
2023-06-25 03:00:00+00:00,14.5,64.787506,0.0,15.75,0.241
2023-06-25 04:00:00+00:00,16.55,58.376846,0.0,16.75,0.241
2023-06-25 05:00:00+00:00,18.6,52.172554,0.0,18.45,0.241
2023-06-25 06:00:00+00:00,20.8,47.5555,0.0,20.65,0.24
2023-06-25 07:00:00+00:00,23.15,40.38071,0.0,23.0,0.24
2023-06-25 08:00:00+00:00,25.1,35.319767,0.0,25.2,0.239
2023-06-25 09:00:00+00:00,26.6,32.098568,0.0,27.2,0.238
2023-06-25 10:00:00+00:00,27.65,30.282524,0.0,28.9,0.237
2023-06-25 11:00:00+00:00,28.35,28.390478,0.0,30.2,0.236
2023-06-25 12:00:00+00:00,27.9,29.542213,0.0,30.8,0.237
2023-06-25 13:00:00+00:00,28.4,28.597286,0.0,30.9,0.236
2023-06-25 14:00:00+00:00,28.3,27.994099,0.0,30.4,0.235
2023-06-25 15:00:00+00:00,27.6,28.864937,0.0,29.3,0.235
2023-06-25 16:00:00+00:00,24.7,52.045753,0.0,27.65,0.235
2023-06-25 17:00:00+00:00,22.2,42.776493,0.0,25.6,0.235
2023-06-25 18:00:00+00:00,20.6,47.821777,0.0,23.85,0.235
2023-06-25 19:00:00+00:00,19.45,49.64621,0.0,22.45,0.235
2023-06-25 20:00:00+00:00,18.15,53.483906,0.0,21.25,0.235
2023-06-25 21:00:00+00:00,18.7,47.29884,0.0,20.15,0.234
2023-06-25 22:00:00+00:00,18.35,44.520504,0.0,19.2,0.234
2023-06-25 23:00:00+00:00,18.5,40.722797,0.0,18.4,0.234
2023-06-26 00:00:00+00:00,15.65,50.326324,0.0,17.6,0.237
2023-06-26 01:00:00+00:00,15.3,51.468094,0.0,16.95,0.237
2023-06-26 02:00:00+00:00,14.45,56.670567,0.0,16.4,0.237
2023-06-26 03:00:00+00:00,15.6,56.37941,0.0,16.5,0.237
2023-06-26 04:00:00+00:00,17.2,53.78194,0.0,17.55,0.237
2023-06-26 05:00:00+00:00,19.35,50.294746,0.0,19.3,0.236
2023-06-26 06:00:00+00:00,21.55,45.87707,0.0,21.5,0.236
2023-06-26 07:00:00+00:00,23.8,42.086212,0.0,23.85,0.235
2023-06-26 08:00:00+00:00,26.0,37.405014,0.0,26.15,0.235
2023-06-26 09:00:00+00:00,27.75,33.523113,0.0,28.2,0.234
2023-06-26 10:00:00+00:00,28.9,31.041294,0.0,29.65,0.233
2023-06-26 11:00:00+00:00,30.05,26.799599,0.0,30.7,0.232
2023-06-26 12:00:00+00:00,30.1,25.74697,0.0,30.95,0.234
2023-06-26 13:00:00+00:00,29.75,22.445757,0.0,31.0,0.233
2023-06-26 14:00:00+00:00,29.4,22.278345,0.0,30.6,0.232
2023-06-26 15:00:00+00:00,28.35,28.390478,0.0,29.55,0.232
2023-06-26 16:00:00+00:00,25.3,55.12964,0.0,28.05,0.232
2023-06-26 17:00:00+00:00,25.55,31.695599,0.0,26.1,0.232
2023-06-26 18:00:00+00:00,21.1,48.443172,0.0,24.4,0.232
2023-06-26 19:00:00+00:00,20.15,48.838745,0.0,23.05,0.232
2023-06-26 20:00:00+00:00,19.85,48.75711,0.0,21.85,0.232
2023-06-26 21:00:00+00:00,19.45,46.86403,0.0,20.85,0.232
2023-06-26 22:00:00+00:00,18.75,46.82978,0.0,20.0,0.232
2023-06-26 23:00:00+00:00,17.85,49.042877,0.0,19.2,0.232
2023-06-27 00:00:00+00:00,18.8,42.690098,0.0,19.1,0.231
2023-06-27 01:00:00+00:00,18.5,41.581985,0.0,18.4,0.231
2023-06-27 02:00:00+00:00,15.15,61.91975,0.0,17.95,0.231
2023-06-27 03:00:00+00:00,17.7,49.508312,0.0,18.0,0.231
2023-06-27 04:00:00+00:00,19.45,44.983913,0.1,18.85,0.232
2023-06-27 05:00:00+00:00,20.75,43.390076,0.0,20.3,0.232
2023-06-27 06:00:00+00:00,22.9,40.58323,0.0,22.35,0.232
2023-06-27 07:00:00+00:00,24.9,37.596535,0.0,24.6,0.231
2023-06-27 08:00:00+00:00,26.7,33.79214,0.0,26.9,0.231
2023-06-27 09:00:00+00:00,27.95,29.75663,0.0,28.8,0.23
2023-06-27 10:00:00+00:00,28.95,27.418976,0.0,30.3,0.229
2023-06-27 11:00:00+00:00,29.4,27.079393,0.0,31.25,0.229
2023-06-27 12:00:00+00:00,29.7,27.436909,0.0,29.5,0.224
2023-06-27 13:00:00+00:00,29.4,25.647337,0.0,29.55,0.223
2023-06-27 14:00:00+00:00,28.3,27.994099,0.0,28.95,0.222
2023-06-27 15:00:00+00:00,27.1,32.675617,0.0,28.0,0.222
2023-06-27 16:00:00+00:00,24.6,42.450726,0.0,26.6,0.221
2023-06-27 17:00:00+00:00,21.65,51.247772,0.0,24.85,0.221
2023-06-27 18:00:00+00:00,20.7,53.964844,0.0,23.25,0.221
2023-06-27 19:00:00+00:00,23.3,38.425343,0.0,22.0,0.221
2023-06-27 20:00:00+00:00,22.5,38.458958,0.0,20.95,0.221
2023-06-27 21:00:00+00:00,20.6,44.39245,0.0,20.0,0.221
2023-06-27 22:00:00+00:00,20.1,44.55488,0.0,19.2,0.221
2023-06-27 23:00:00+00:00,19.15,46.621502,0.0,18.5,0.222
2023-06-28 00:00:00+00:00,17.7,58.070194,0.0,19.25,0.211
2023-06-28 01:00:00+00:00,18.3,53.704224,0.0,18.5,0.211
2023-06-28 02:00:00+00:00,17.65,56.514046,0.0,17.85,0.211
2023-06-28 03:00:00+00:00,17.4,61.61025,0.0,17.85,0.211
2023-06-28 04:00:00+00:00,18.65,59.08602,0.0,18.75,0.211
2023-06-28 05:00:00+00:00,20.6,56.49819,0.0,20.35,0.211
2023-06-28 06:00:00+00:00,22.5,52.84344,0.0,22.35,0.211
2023-06-28 07:00:00+00:00,24.5,47.927395,0.0,24.5,0.21
2023-06-28 08:00:00+00:00,26.55,41.60723,0.0,26.55,0.21
2023-06-28 09:00:00+00:00,28.55,33.746807,0.0,28.1,0.21
2023-06-28 10:00:00+00:00,30.0,28.938438,0.0,29.45,0.209
2023-06-28 11:00:00+00:00,30.5,22.873028,0.0,30.65,0.208
2023-06-28 12:00:00+00:00,30.45,22.860115,0.0,31.05,0.21
2023-06-28 13:00:00+00:00,30.1,23.726416,0.0,31.0,0.21
2023-06-28 14:00:00+00:00,29.8,24.639194,0.0,30.55,0.209
2023-06-28 15:00:00+00:00,28.4,35.77383,0.0,29.55,0.209
2023-06-28 16:00:00+00:00,26.35,55.920155,0.0,28.2,0.209
2023-06-28 17:00:00+00:00,23.6,38.2509,0.0,26.3,0.209
2023-06-28 18:00:00+00:00,21.4,48.040226,0.0,24.6,0.209
2023-06-28 19:00:00+00:00,20.75,46.4331,0.0,23.2,0.209
2023-06-28 20:00:00+00:00,19.35,54.521526,0.0,22.1,0.209
2023-06-28 21:00:00+00:00,21.65,40.91977,0.0,21.0,0.209
2023-06-28 22:00:00+00:00,20.8,41.806824,0.0,20.05,0.209
2023-06-28 23:00:00+00:00,19.8,43.567326,0.0,19.25,0.209
2023-06-29 00:00:00+00:00,18.25,49.82766,0.0,18.35,0.214
2023-06-29 01:00:00+00:00,17.75,51.946987,0.0,17.75,0.214
2023-06-29 02:00:00+00:00,17.2,53.78194,0.0,17.2,0.214
2023-06-29 03:00:00+00:00,17.0,66.875015,0.0,17.3,0.214
2023-06-29 04:00:00+00:00,18.6,56.75236,0.0,18.35,0.214
2023-06-29 05:00:00+00:00,20.7,50.82594,0.0,20.0,0.214
2023-06-29 06:00:00+00:00,23.0,43.14526,0.0,22.05,0.213
2023-06-29 07:00:00+00:00,25.3,36.588,0.0,24.3,0.213
2023-06-29 08:00:00+00:00,27.05,33.664066,0.0,26.35,0.212
2023-06-29 09:00:00+00:00,28.75,29.181337,0.0,28.15,0.211
2023-06-29 10:00:00+00:00,29.95,23.849995,0.0,29.7,0.21
2023-06-29 11:00:00+00:00,30.2,21.423828,0.0,30.8,0.21
2023-06-29 12:00:00+00:00,29.9,21.947495,0.0,30.85,0.211
2023-06-29 13:00:00+00:00,29.15,22.214018,0.0,30.7,0.211
2023-06-29 14:00:00+00:00,28.65,24.167967,0.0,30.2,0.21
2023-06-29 15:00:00+00:00,27.45,29.820028,0.0,29.15,0.21
2023-06-29 16:00:00+00:00,24.85,49.935642,0.0,27.7,0.21
2023-06-29 17:00:00+00:00,25.2,32.47266,0.0,25.8,0.21
2023-06-29 18:00:00+00:00,22.1,45.875225,0.0,24.2,0.21
2023-06-29 19:00:00+00:00,20.1,54.350643,0.0,22.9,0.21
2023-06-29 20:00:00+00:00,19.55,54.209267,0.0,21.75,0.21
2023-06-29 21:00:00+00:00,20.85,43.270847,0.0,20.75,0.21
2023-06-29 22:00:00+00:00,19.8,45.082,0.0,19.9,0.21
2023-06-29 23:00:00+00:00,19.15,45.98876,0.0,19.15,0.21
2023-06-30 00:00:00+00:00,18.0,49.759777,0.0,19.2,0.202
2023-06-30 01:00:00+00:00,17.3,52.360844,0.0,18.5,0.203
2023-06-30 02:00:00+00:00,16.8,54.229942,0.0,17.85,0.203
2023-06-30 03:00:00+00:00,16.75,57.63993,0.0,17.85,0.203
2023-06-30 04:00:00+00:00,17.95,56.399254,0.0,18.7,0.203
2023-06-30 05:00:00+00:00,19.85,55.382607,0.0,20.3,0.203
2023-06-30 06:00:00+00:00,21.95,48.673603,0.0,22.35,0.203
2023-06-30 07:00:00+00:00,23.95,41.70834,0.0,24.55,0.202
2023-06-30 08:00:00+00:00,25.65,37.934864,0.0,26.55,0.202
2023-06-30 09:00:00+00:00,27.4,34.2165,0.0,28.15,0.202
2023-06-30 10:00:00+00:00,29.1,28.692312,0.0,29.65,0.202
2023-06-30 11:00:00+00:00,29.6,25.96421,0.0,30.75,0.202
2023-06-30 12:00:00+00:00,28.85,24.472033,0.0,31.15,0.203
2023-06-30 13:00:00+00:00,27.95,25.964462,0.0,30.85,0.202
2023-06-30 14:00:00+00:00,27.15,27.965483,0.0,30.15,0.202
2023-06-30 15:00:00+00:00,26.15,29.157928,0.0,29.05,0.202
2023-06-30 16:00:00+00:00,24.3,32.88879,0.0,27.55,0.202
2023-06-30 17:00:00+00:00,22.15,36.186867,0.0,25.85,0.202
2023-06-30 18:00:00+00:00,20.8,40.817574,0.0,24.25,0.202
2023-06-30 19:00:00+00:00,20.05,46.870808,0.0,22.9,0.202
2023-06-30 20:00:00+00:00,19.45,48.648056,0.0,21.6,0.202
2023-06-30 21:00:00+00:00,18.85,48.815163,0.0,20.5,0.202
2023-06-30 22:00:00+00:00,17.15,55.628395,0.0,19.6,0.202
2023-06-30 23:00:00+00:00,16.85,55.174984,0.0,18.75,0.203
2023-07-01 00:00:00+00:00,16.3,57.92041,0.0,18.9,0.195
2023-07-01 01:00:00+00:00,15.25,62.153893,0.0,18.05,0.195
2023-07-01 02:00:00+00:00,14.55,65.24033,0.0,17.25,0.195
2023-07-01 03:00:00+00:00,14.4,67.00248,0.0,17.1,0.196
2023-07-01 04:00:00+00:00,15.65,61.200497,0.0,17.9,0.196
2023-07-01 05:00:00+00:00,17.55,52.071003,0.0,19.45,0.196
2023-07-01 06:00:00+00:00,19.35,46.836327,0.0,21.4,0.196
2023-07-01 07:00:00+00:00,21.3,41.52228,0.0,23.55,0.196
2023-07-01 08:00:00+00:00,23.05,36.19571,0.0,25.7,0.196
2023-07-01 09:00:00+00:00,24.45,32.371857,0.0,27.7,0.196
2023-07-01 10:00:00+00:00,25.6,27.923944,0.0,29.3,0.196
2023-07-01 11:00:00+00:00,26.5,22.545135,0.0,30.45,0.196
2023-07-01 12:00:00+00:00,26.45,24.172503,0.0,31.05,0.196
2023-07-01 13:00:00+00:00,26.6,23.543688,0.0,31.15,0.196
2023-07-01 14:00:00+00:00,26.45,24.34221,0.0,30.55,0.196
2023-07-01 15:00:00+00:00,25.8,30.910767,0.0,29.45,0.196
2023-07-01 16:00:00+00:00,24.05,55.172062,0.0,27.9,0.196
2023-07-01 17:00:00+00:00,24.9,23.508434,0.0,25.85,0.196
2023-07-01 18:00:00+00:00,23.85,25.482155,0.0,24.05,0.196
2023-07-01 19:00:00+00:00,19.1,39.913048,0.0,22.6,0.196
2023-07-01 20:00:00+00:00,19.5,36.689625,0.0,21.35,0.196
2023-07-01 21:00:00+00:00,20.45,29.19434,0.0,20.15,0.196
2023-07-01 22:00:00+00:00,18.6,33.578262,0.0,19.15,0.196
2023-07-01 23:00:00+00:00,17.7,34.163074,0.0,18.25,0.196
2023-07-02 00:00:00+00:00,16.75,37.59631,0.0,18.3,0.199
2023-07-02 01:00:00+00:00,16.15,39.33816,0.0,17.5,0.199
2023-07-02 02:00:00+00:00,15.45,41.579967,0.0,16.75,0.199
2023-07-02 03:00:00+00:00,15.1,52.86192,0.0,16.7,0.199
2023-07-02 04:00:00+00:00,16.55,45.2581,0.0,17.6,0.199
2023-07-02 05:00:00+00:00,18.7,42.074726,0.0,19.3,0.199
2023-07-02 06:00:00+00:00,20.8,39.035114,0.0,21.5,0.199
2023-07-02 07:00:00+00:00,22.85,36.887928,0.0,23.85,0.199
2023-07-02 08:00:00+00:00,24.9,33.51224,0.0,26.2,0.199
2023-07-02 09:00:00+00:00,26.85,29.856459,0.0,28.3,0.199
2023-07-02 10:00:00+00:00,28.3,27.710073,0.0,29.85,0.199
2023-07-02 11:00:00+00:00,29.2,26.842575,0.0,30.9,0.199
2023-07-02 12:00:00+00:00,28.4,29.480669,0.0,31.25,0.2
2023-07-02 13:00:00+00:00,28.35,29.566498,0.0,31.2,0.2
2023-07-02 14:00:00+00:00,28.2,30.027592,0.0,30.65,0.2
2023-07-02 15:00:00+00:00,27.5,31.279995,0.0,29.6,0.2
2023-07-02 16:00:00+00:00,27.35,30.199278,0.0,28.2,0.2
2023-07-02 17:00:00+00:00,22.6,47.57015,0.0,26.3,0.2
2023-07-02 18:00:00+00:00,21.5,40.738052,0.0,24.7,0.2
2023-07-02 19:00:00+00:00,20.0,37.742718,0.0,23.4,0.2
2023-07-02 20:00:00+00:00,18.6,35.539665,0.0,22.2,0.2
2023-07-02 21:00:00+00:00,17.2,37.861458,0.0,21.1,0.2
2023-07-02 22:00:00+00:00,16.55,41.020653,0.0,20.15,0.2
2023-07-02 23:00:00+00:00,19.5,28.511448,0.0,19.25,0.2
2023-07-03 00:00:00+00:00,19.2,30.329138,0.0,18.05,0.2
2023-07-03 01:00:00+00:00,18.65,32.07027,0.0,17.45,0.2
2023-07-03 02:00:00+00:00,17.65,36.025043,0.0,16.85,0.2
2023-07-03 03:00:00+00:00,17.9,34.58944,0.0,16.95,0.2
2023-07-03 04:00:00+00:00,19.15,37.893173,0.0,18.1,0.2
2023-07-03 05:00:00+00:00,21.2,38.881622,0.0,20.0,0.2
2023-07-03 06:00:00+00:00,23.45,37.950188,0.0,22.3,0.2
2023-07-03 07:00:00+00:00,25.75,32.84985,0.0,24.8,0.2
2023-07-03 08:00:00+00:00,27.75,27.000153,0.0,27.25,0.2
2023-07-03 09:00:00+00:00,29.15,22.680798,0.0,29.35,0.2
2023-07-03 10:00:00+00:00,30.1,21.69672,0.0,30.95,0.2
2023-07-03 11:00:00+00:00,30.6,21.156816,0.0,31.85,0.2
2023-07-03 12:00:00+00:00,31.65,20.485748,0.0,32.3,0.201
2023-07-03 13:00:00+00:00,30.55,21.962032,0.0,32.2,0.201
2023-07-03 14:00:00+00:00,30.2,20.266325,0.0,31.65,0.201
2023-07-03 15:00:00+00:00,29.15,24.133575,0.0,30.65,0.201
2023-07-03 16:00:00+00:00,26.45,47.82875,0.0,29.1,0.201
2023-07-03 17:00:00+00:00,23.5,33.459095,0.0,27.05,0.201
2023-07-03 18:00:00+00:00,22.05,32.702625,0.0,25.35,0.201
2023-07-03 19:00:00+00:00,20.45,32.131413,0.0,23.95,0.201
2023-07-03 20:00:00+00:00,18.95,33.679504,0.0,22.65,0.201
2023-07-03 21:00:00+00:00,18.8,37.924744,0.0,21.5,0.201
2023-07-03 22:00:00+00:00,21.6,25.503962,0.0,20.5,0.201
2023-07-03 23:00:00+00:00,20.95,26.540934,0.0,19.65,0.201
2023-07-04 00:00:00+00:00,20.0,30.125017,0.0,19.05,0.2
2023-07-04 01:00:00+00:00,18.8,32.69176,0.0,18.4,0.2
2023-07-04 02:00:00+00:00,18.35,33.50587,0.0,17.8,0.2
2023-07-04 03:00:00+00:00,17.7,56.526623,0.0,17.85,0.2
2023-07-04 04:00:00+00:00,19.55,39.628044,0.0,18.95,0.2
2023-07-04 05:00:00+00:00,21.7,41.49444,0.0,20.75,0.2
2023-07-04 06:00:00+00:00,24.0,39.147766,0.0,23.05,0.2
2023-07-04 07:00:00+00:00,26.1,36.56873,0.0,25.55,0.2
2023-07-04 08:00:00+00:00,28.0,34.156837,0.0,28.0,0.2
2023-07-04 09:00:00+00:00,30.0,27.9846,0.0,30.25,0.2
2023-07-04 10:00:00+00:00,31.4,22.331026,0.0,31.95,0.2
2023-07-04 11:00:00+00:00,32.35,19.219824,0.0,33.05,0.2
2023-07-04 12:00:00+00:00,31.9,20.547876,0.0,33.25,0.2
2023-07-04 13:00:00+00:00,30.3,22.432638,0.0,32.85,0.2
2023-07-04 14:00:00+00:00,30.25,22.808443,0.0,32.25,0.2
2023-07-04 15:00:00+00:00,29.35,24.352745,0.0,31.2,0.2
2023-07-04 16:00:00+00:00,28.6,27.138649,0.0,29.65,0.2
2023-07-04 17:00:00+00:00,24.05,38.508167,0.0,27.5,0.2
2023-07-04 18:00:00+00:00,23.15,33.359562,0.0,25.75,0.2
2023-07-04 19:00:00+00:00,24.15,32.287045,0.0,24.3,0.2
2023-07-04 20:00:00+00:00,20.0,48.962845,0.0,23.1,0.2
2023-07-04 21:00:00+00:00,20.85,44.613457,0.0,22.1,0.2
2023-07-04 22:00:00+00:00,21.1,41.749344,0.0,21.2,0.2
2023-07-04 23:00:00+00:00,20.0,45.7565,0.0,20.4,0.2
2023-07-05 00:00:00+00:00,17.2,63.65785,0.0,20.75,0.193
2023-07-05 01:00:00+00:00,16.45,67.43111,0.0,19.95,0.193
2023-07-05 02:00:00+00:00,15.8,70.99135,0.0,19.25,0.193
2023-07-05 03:00:00+00:00,17.3,63.89299,0.0,19.15,0.193
2023-07-05 04:00:00+00:00,18.85,58.157867,0.0,20.0,0.193
2023-07-05 05:00:00+00:00,20.85,51.89336,0.0,21.6,0.193
2023-07-05 06:00:00+00:00,22.9,48.44701,0.0,23.7,0.193
2023-07-05 07:00:00+00:00,25.5,42.00285,0.0,26.0,0.193
2023-07-05 08:00:00+00:00,28.0,34.270588,0.0,28.25,0.193
2023-07-05 09:00:00+00:00,29.8,29.865904,0.0,30.25,0.193
2023-07-05 10:00:00+00:00,31.25,25.276627,0.0,31.95,0.193
2023-07-05 11:00:00+00:00,32.0,22.256136,0.0,33.1,0.193
2023-07-05 12:00:00+00:00,32.7,20.817734,0.0,33.7,0.196
2023-07-05 13:00:00+00:00,32.15,21.328009,0.0,33.8,0.196
2023-07-05 14:00:00+00:00,31.55,22.29317,0.0,33.3,0.196
2023-07-05 15:00:00+00:00,30.5,26.920732,0.0,32.25,0.196
2023-07-05 16:00:00+00:00,28.25,34.569065,0.0,30.7,0.196
2023-07-05 17:00:00+00:00,26.35,29.92139,0.0,28.9,0.196
2023-07-05 18:00:00+00:00,24.05,40.228325,0.0,27.25,0.196
2023-07-05 19:00:00+00:00,23.0,44.76139,0.0,25.8,0.196
2023-07-05 20:00:00+00:00,22.35,46.097942,0.0,24.65,0.196
2023-07-05 21:00:00+00:00,21.55,51.905025,0.0,23.6,0.196
2023-07-05 22:00:00+00:00,21.35,51.168427,0.0,22.7,0.196
2023-07-05 23:00:00+00:00,20.55,53.03724,0.0,21.85,0.196
2023-07-06 00:00:00+00:00,19.55,59.696095,0.0,21.95,0.196
2023-07-06 01:00:00+00:00,20.45,53.188015,0.0,21.2,0.196
2023-07-06 02:00:00+00:00,19.95,54.131374,0.0,20.5,0.196
2023-07-06 03:00:00+00:00,19.7,62.549828,0.0,20.45,0.196
2023-07-06 04:00:00+00:00,21.35,52.3708,0.0,21.3,0.196
2023-07-06 05:00:00+00:00,23.45,47.018135,0.0,22.95,0.196
2023-07-06 06:00:00+00:00,25.55,42.294952,0.0,25.0,0.196
2023-07-06 07:00:00+00:00,27.6,36.868526,0.0,27.2,0.196
2023-07-06 08:00:00+00:00,29.45,32.89398,0.0,29.4,0.196
2023-07-06 09:00:00+00:00,31.4,28.270372,0.0,31.5,0.196
2023-07-06 10:00:00+00:00,32.85,23.638346,0.0,33.35,0.196
2023-07-06 11:00:00+00:00,33.7,20.782959,0.0,34.75,0.196
2023-07-06 12:00:00+00:00,33.2,20.729488,0.0,35.35,0.196
2023-07-06 13:00:00+00:00,33.15,20.36684,0.0,35.55,0.196
2023-07-06 14:00:00+00:00,32.7,20.605427,0.0,34.85,0.196
2023-07-06 15:00:00+00:00,31.55,21.691685,0.0,33.65,0.196
2023-07-06 16:00:00+00:00,28.55,31.15235,0.0,31.95,0.196
2023-07-06 17:00:00+00:00,26.25,24.37409,0.0,29.9,0.196
2023-07-06 18:00:00+00:00,23.7,35.888855,0.0,28.05,0.196
2023-07-06 19:00:00+00:00,22.4,37.012268,0.0,26.45,0.196
2023-07-06 20:00:00+00:00,21.6,42.607574,0.0,25.15,0.196
2023-07-06 21:00:00+00:00,22.4,38.430454,0.0,24.05,0.196
2023-07-06 22:00:00+00:00,24.05,27.981524,0.0,23.1,0.196
2023-07-06 23:00:00+00:00,23.05,29.306614,0.0,22.25,0.196
2023-07-07 00:00:00+00:00,22.6,35.331432,0.0,22.4,0.196
2023-07-07 01:00:00+00:00,21.9,37.63712,0.0,21.65,0.196
2023-07-07 02:00:00+00:00,20.1,45.629047,0.0,20.95,0.196
2023-07-07 03:00:00+00:00,20.15,56.94894,0.0,20.85,0.196
2023-07-07 04:00:00+00:00,22.0,43.888683,0.0,21.75,0.196
2023-07-07 05:00:00+00:00,24.25,41.101063,0.0,23.45,0.196
2023-07-07 06:00:00+00:00,26.45,37.907658,0.0,25.65,0.196
2023-07-07 07:00:00+00:00,28.55,34.652973,0.0,28.05,0.196
2023-07-07 08:00:00+00:00,30.55,30.777306,0.0,30.45,0.196
2023-07-07 09:00:00+00:00,32.45,25.3388,0.0,32.6,0.196
2023-07-07 10:00:00+00:00,33.4,21.135014,0.0,34.3,0.196
2023-07-07 11:00:00+00:00,34.15,20.198547,0.0,35.6,0.196
2023-07-07 12:00:00+00:00,35.2,19.777617,0.0,35.75,0.196
2023-07-07 13:00:00+00:00,34.75,19.535484,0.0,35.65,0.196
2023-07-07 14:00:00+00:00,34.1,19.77868,0.0,35.2,0.197
2023-07-07 15:00:00+00:00,32.55,32.466286,0.0,34.15,0.197
2023-07-07 16:00:00+00:00,30.65,43.974422,0.0,32.7,0.197
2023-07-07 17:00:00+00:00,29.05,28.775433,0.0,30.65,0.197
2023-07-07 18:00:00+00:00,26.25,30.825998,0.0,29.2,0.197
2023-07-07 19:00:00+00:00,23.35,37.030426,0.0,27.75,0.197
2023-07-07 20:00:00+00:00,22.45,38.183346,0.0,26.5,0.197
2023-07-07 21:00:00+00:00,21.6,38.729694,0.0,25.4,0.197
2023-07-07 22:00:00+00:00,20.95,38.27892,0.0,24.4,0.197
2023-07-07 23:00:00+00:00,20.05,43.044945,0.0,23.5,0.197
2023-07-08 00:00:00+00:00,23.1,27.815573,0.0,22.85,0.197
2023-07-08 01:00:00+00:00,22.7,28.397432,0.0,22.05,0.197
2023-07-08 02:00:00+00:00,20.9,35.210487,0.0,21.35,0.197
2023-07-08 03:00:00+00:00,19.9,59.190742,0.0,21.2,0.197
2023-07-08 04:00:00+00:00,21.7,38.891193,0.0,22.05,0.197
2023-07-08 05:00:00+00:00,23.65,37.368534,0.0,23.65,0.197
2023-07-08 06:00:00+00:00,25.8,35.87742,0.0,25.8,0.197
2023-07-08 07:00:00+00:00,28.4,33.0391,0.0,28.15,0.197
2023-07-08 08:00:00+00:00,31.35,23.809685,0.0,30.65,0.197
2023-07-08 09:00:00+00:00,32.3,18.553913,0.0,32.85,0.197
2023-07-08 10:00:00+00:00,32.25,16.933655,0.0,34.3,0.197
2023-07-08 11:00:00+00:00,32.25,15.2323065,0.0,35.15,0.197
2023-07-08 12:00:00+00:00,31.9,19.243696,0.0,35.45,0.197
2023-07-08 13:00:00+00:00,31.0,20.966507,0.0,35.15,0.197
2023-07-08 14:00:00+00:00,30.7,21.182026,0.0,34.5,0.197
2023-07-08 15:00:00+00:00,30.05,24.62123,0.0,33.4,0.197
2023-07-08 16:00:00+00:00,29.2,33.928123,0.0,31.85,0.197
2023-07-08 17:00:00+00:00,25.6,29.610603,0.0,29.8,0.197
2023-07-08 18:00:00+00:00,23.85,34.13841,0.0,28.15,0.197
2023-07-08 19:00:00+00:00,22.85,36.262577,0.0,26.75,0.197
2023-07-08 20:00:00+00:00,21.9,40.43701,0.0,25.65,0.197
2023-07-08 21:00:00+00:00,21.35,43.706585,0.0,24.75,0.197
2023-07-08 22:00:00+00:00,20.5,51.974327,0.0,23.9,0.197
2023-07-08 23:00:00+00:00,20.0,55.605095,0.0,23.2,0.197
2023-07-09 00:00:00+00:00,21.5,44.343864,0.0,22.25,0.197
2023-07-09 01:00:00+00:00,19.05,59.379303,0.0,21.7,0.197
2023-07-09 02:00:00+00:00,18.5,61.864914,0.4,21.3,0.2
2023-07-09 03:00:00+00:00,18.35,71.70366,0.0,21.05,0.2
2023-07-09 04:00:00+00:00,19.3,70.72219,0.1,21.45,0.201
2023-07-09 05:00:00+00:00,21.55,58.620377,0.0,22.75,0.201
2023-07-09 06:00:00+00:00,23.4,46.38636,0.0,24.45,0.201
2023-07-09 07:00:00+00:00,25.85,39.4069,0.0,26.6,0.201
2023-07-09 08:00:00+00:00,27.7,35.225338,0.0,28.7,0.201
2023-07-09 09:00:00+00:00,29.05,28.969894,0.0,30.6,0.201
2023-07-09 10:00:00+00:00,29.85,25.07617,0.0,32.05,0.2
2023-07-09 11:00:00+00:00,30.35,22.215023,0.1,33.2,0.201
2023-07-09 12:00:00+00:00,30.5,20.841022,0.1,33.35,0.201
2023-07-09 13:00:00+00:00,28.65,26.693918,1.0,32.1,0.209
2023-07-09 14:00:00+00:00,28.25,27.41498,0.0,31.05,0.209
2023-07-09 15:00:00+00:00,27.45,29.218594,0.0,30.2,0.209
2023-07-09 16:00:00+00:00,25.25,37.193287,0.2,28.75,0.21
2023-07-09 17:00:00+00:00,23.55,40.630108,0.0,27.3,0.21
2023-07-09 18:00:00+00:00,22.35,45.031303,0.0,26.05,0.21
2023-07-09 19:00:00+00:00,20.7,53.25292,0.0,25.0,0.21
2023-07-09 20:00:00+00:00,19.4,60.056393,0.0,23.9,0.21
2023-07-09 21:00:00+00:00,18.5,65.87438,0.0,23.0,0.21
2023-07-09 22:00:00+00:00,17.1,77.5782,0.0,22.15,0.21
2023-07-09 23:00:00+00:00,17.35,72.46483,0.0,21.35,0.21
2023-07-10 00:00:00+00:00,16.5,81.646286,0.0,21.0,0.199
2023-07-10 01:00:00+00:00,16.6,74.507164,0.0,20.45,0.199
2023-07-10 02:00:00+00:00,16.2,76.17698,0.0,19.85,0.199
2023-07-10 03:00:00+00:00,16.35,74.46451,0.0,19.7,0.199
2023-07-10 04:00:00+00:00,17.75,69.50749,0.0,20.5,0.199
2023-07-10 05:00:00+00:00,19.4,62.481766,0.0,21.9,0.199
2023-07-10 06:00:00+00:00,21.05,56.238644,0.0,23.75,0.199
2023-07-10 07:00:00+00:00,22.9,49.416744,0.0,25.85,0.199
2023-07-10 08:00:00+00:00,24.45,44.129784,0.1,27.7,0.2
2023-07-10 09:00:00+00:00,25.95,38.914944,0.0,29.15,0.2
2023-07-10 10:00:00+00:00,26.8,35.6804,0.0,30.1,0.2
2023-07-10 11:00:00+00:00,26.95,33.635986,0.0,30.55,0.2
2023-07-10 12:00:00+00:00,27.15,32.910103,0.0,31.6,0.206
2023-07-10 13:00:00+00:00,27.3,31.64856,0.0,31.8,0.206
2023-07-10 14:00:00+00:00,27.15,30.867569,0.0,31.25,0.206
2023-07-10 15:00:00+00:00,25.85,32.655735,0.0,30.15,0.205
2023-07-10 16:00:00+00:00,24.3,37.30042,0.0,28.65,0.205
2023-07-10 17:00:00+00:00,22.55,37.822792,0.0,27.0,0.205
2023-07-10 18:00:00+00:00,21.0,52.80263,0.0,25.7,0.205
2023-07-10 19:00:00+00:00,19.3,56.7376,0.0,24.35,0.205
2023-07-10 20:00:00+00:00,18.8,54.9308,0.0,23.4,0.205
2023-07-10 21:00:00+00:00,17.15,74.60064,0.1,22.35,0.206
2023-07-10 22:00:00+00:00,18.15,60.561745,0.0,21.45,0.206
2023-07-10 23:00:00+00:00,17.45,61.62187,0.0,20.9,0.206
2023-07-11 00:00:00+00:00,16.35,72.0441,0.0,20.45,0.207
2023-07-11 01:00:00+00:00,15.4,74.30154,0.0,19.8,0.207
2023-07-11 02:00:00+00:00,14.95,80.643456,0.0,19.3,0.207
2023-07-11 03:00:00+00:00,16.15,67.59436,0.0,19.15,0.207
2023-07-11 04:00:00+00:00,17.4,62.43981,0.0,19.75,0.207
2023-07-11 05:00:00+00:00,18.45,56.14687,0.0,20.85,0.207
2023-07-11 06:00:00+00:00,19.65,50.715958,0.0,22.2,0.207
2023-07-11 07:00:00+00:00,21.25,45.18053,0.0,23.9,0.206
2023-07-11 08:00:00+00:00,21.9,43.272934,0.0,25.35,0.206
2023-07-11 09:00:00+00:00,23.2,40.53124,0.0,27.05,0.206
2023-07-11 10:00:00+00:00,24.05,38.638145,0.0,28.5,0.206
2023-07-11 11:00:00+00:00,24.7,37.28802,0.0,29.4,0.205
2023-07-11 12:00:00+00:00,24.3,40.164146,0.0,29.5,0.207
2023-07-11 13:00:00+00:00,24.25,39.61536,0.0,29.55,0.207
2023-07-11 14:00:00+00:00,24.25,37.28622,0.0,29.15,0.207
2023-07-11 15:00:00+00:00,23.85,34.965115,0.0,28.25,0.207
2023-07-11 16:00:00+00:00,22.3,56.364994,0.0,26.85,0.207
2023-07-11 17:00:00+00:00,22.55,36.802303,0.0,25.3,0.206
2023-07-11 18:00:00+00:00,19.4,44.81625,0.0,23.75,0.206
2023-07-11 19:00:00+00:00,17.75,48.18159,0.0,22.4,0.206
2023-07-11 20:00:00+00:00,18.9,39.303715,0.0,21.25,0.206
2023-07-11 21:00:00+00:00,18.35,38.871506,0.0,20.2,0.207
2023-07-11 22:00:00+00:00,17.65,38.66881,0.0,19.3,0.207
2023-07-11 23:00:00+00:00,16.75,40.646065,0.0,18.5,0.207
2023-07-12 00:00:00+00:00,14.35,56.841274,0.0,18.55,0.208
2023-07-12 01:00:00+00:00,15.2,48.992176,0.0,17.8,0.208
2023-07-12 02:00:00+00:00,14.15,53.534096,0.0,17.1,0.208
2023-07-12 03:00:00+00:00,13.85,58.91585,0.0,16.95,0.208
2023-07-12 04:00:00+00:00,15.0,56.226578,0.0,17.7,0.208
2023-07-12 05:00:00+00:00,16.95,50.505512,0.0,19.15,0.208
2023-07-12 06:00:00+00:00,18.95,44.84346,0.0,21.1,0.207
2023-07-12 07:00:00+00:00,20.9,42.699806,0.0,23.3,0.207
2023-07-12 08:00:00+00:00,22.95,40.052456,0.0,25.5,0.207
2023-07-12 09:00:00+00:00,24.85,36.337822,0.0,27.6,0.206
2023-07-12 10:00:00+00:00,26.3,30.735115,0.0,29.3,0.206
2023-07-12 11:00:00+00:00,27.4,27.653131,0.0,30.55,0.205
2023-07-12 12:00:00+00:00,27.55,22.344713,0.0,31.2,0.206
2023-07-12 13:00:00+00:00,28.25,18.755978,0.0,31.45,0.205
2023-07-12 14:00:00+00:00,28.15,18.074707,0.0,31.0,0.205
2023-07-12 15:00:00+00:00,27.1,30.958275,0.0,29.9,0.205
2023-07-12 16:00:00+00:00,24.05,39.55887,0.0,28.2,0.205
2023-07-12 17:00:00+00:00,21.2,43.222507,0.0,26.1,0.205
2023-07-12 18:00:00+00:00,24.05,28.177893,0.0,24.35,0.205
2023-07-12 19:00:00+00:00,19.6,44.71926,0.0,22.85,0.205
2023-07-12 20:00:00+00:00,19.95,37.597282,0.0,21.5,0.205
2023-07-12 21:00:00+00:00,20.75,30.771662,0.0,20.4,0.205
2023-07-12 22:00:00+00:00,19.75,31.256672,0.0,19.45,0.205
2023-07-12 23:00:00+00:00,18.8,31.095484,0.0,18.6,0.205
2023-07-13 00:00:00+00:00,17.35,32.977585,0.0,19.0,0.203
2023-07-13 01:00:00+00:00,16.8,34.26922,0.0,18.15,0.203
2023-07-13 02:00:00+00:00,16.15,35.715683,0.0,17.35,0.203
2023-07-13 03:00:00+00:00,15.0,57.2021,0.0,17.15,0.203
2023-07-13 04:00:00+00:00,16.55,41.45721,0.0,17.95,0.203
2023-07-13 05:00:00+00:00,18.8,38.057884,0.0,19.5,0.203
2023-07-13 06:00:00+00:00,21.1,34.17945,0.0,21.65,0.203
2023-07-13 07:00:00+00:00,23.4,32.859642,0.0,24.05,0.203
2023-07-13 08:00:00+00:00,26.2,28.576885,0.0,26.45,0.203
2023-07-13 09:00:00+00:00,28.45,22.42134,0.0,28.55,0.203
2023-07-13 10:00:00+00:00,29.85,19.89908,0.0,30.3,0.202
2023-07-13 11:00:00+00:00,30.9,17.901987,0.0,31.6,0.202
2023-07-13 12:00:00+00:00,31.45,19.001762,0.0,32.3,0.203
2023-07-13 13:00:00+00:00,31.25,18.953339,0.0,32.45,0.203
2023-07-13 14:00:00+00:00,30.8,20.204367,0.0,32.0,0.202
2023-07-13 15:00:00+00:00,29.55,26.2166,0.0,31.0,0.202
2023-07-13 16:00:00+00:00,26.8,46.70169,0.0,29.4,0.202
2023-07-13 17:00:00+00:00,28.5,20.773159,0.0,27.3,0.202
2023-07-13 18:00:00+00:00,26.8,22.385748,0.0,25.5,0.202
2023-07-13 19:00:00+00:00,25.85,23.677132,0.0,24.0,0.202
2023-07-13 20:00:00+00:00,24.55,25.85397,0.0,22.7,0.202
2023-07-13 21:00:00+00:00,22.45,28.62912,0.0,21.65,0.202
2023-07-13 22:00:00+00:00,21.35,29.869013,0.0,20.7,0.202
2023-07-13 23:00:00+00:00,20.6,30.728907,0.0,19.85,0.202
2023-07-14 00:00:00+00:00,19.95,34.44953,0.0,19.85,0.201
2023-07-14 01:00:00+00:00,19.05,37.337524,0.0,19.1,0.201
2023-07-14 02:00:00+00:00,18.75,37.777542,0.0,18.5,0.201
2023-07-14 03:00:00+00:00,17.35,60.982708,0.0,18.4,0.201
2023-07-14 04:00:00+00:00,19.25,43.71128,0.0,19.3,0.201
2023-07-14 05:00:00+00:00,21.6,39.804497,0.0,21.05,0.201
2023-07-14 06:00:00+00:00,23.9,36.314186,0.0,23.3,0.201
2023-07-14 07:00:00+00:00,26.1,34.658604,0.0,25.75,0.2
2023-07-14 08:00:00+00:00,28.5,30.415714,0.0,28.2,0.2
2023-07-14 09:00:00+00:00,30.55,26.042261,0.0,30.4,0.2
2023-07-14 10:00:00+00:00,32.05,23.273373,0.0,32.3,0.2
2023-07-14 11:00:00+00:00,33.05,20.551598,0.0,33.75,0.2
2023-07-14 12:00:00+00:00,33.0,19.112669,0.0,34.5,0.202
2023-07-14 13:00:00+00:00,32.85,18.42894,0.0,34.55,0.201
2023-07-14 14:00:00+00:00,32.3,18.878307,0.0,34.0,0.201
2023-07-14 15:00:00+00:00,30.9,27.7617,0.0,32.85,0.201
2023-07-14 16:00:00+00:00,27.45,38.567333,0.0,31.05,0.201
2023-07-14 17:00:00+00:00,24.9,30.031336,0.0,28.8,0.201
2023-07-14 18:00:00+00:00,26.5,22.624767,0.0,26.9,0.201
2023-07-14 19:00:00+00:00,24.15,27.523521,0.0,25.35,0.201
2023-07-14 20:00:00+00:00,25.25,21.05937,0.0,24.0,0.201
2023-07-14 21:00:00+00:00,23.1,25.731775,0.0,22.9,0.201
2023-07-14 22:00:00+00:00,23.5,22.238974,0.0,21.9,0.201
2023-07-14 23:00:00+00:00,22.4,23.261236,0.0,21.05,0.201
2023-07-15 00:00:00+00:00,20.7,25.074402,0.0,21.4,0.199
2023-07-15 01:00:00+00:00,20.4,26.198145,0.0,20.55,0.199
2023-07-15 02:00:00+00:00,19.95,28.33175,0.0,19.8,0.199
2023-07-15 03:00:00+00:00,18.4,58.047573,0.0,19.6,0.199
2023-07-15 04:00:00+00:00,20.05,40.18563,0.0,20.45,0.199
2023-07-15 05:00:00+00:00,22.05,42.01811,0.0,22.1,0.199
2023-07-15 06:00:00+00:00,24.25,38.17723,0.0,24.25,0.199
2023-07-15 07:00:00+00:00,26.3,35.30224,0.0,26.7,0.199
2023-07-15 08:00:00+00:00,28.4,32.710567,0.0,29.1,0.199
2023-07-15 09:00:00+00:00,30.45,27.732788,0.0,31.35,0.199
2023-07-15 10:00:00+00:00,31.95,21.570837,0.0,33.2,0.199
2023-07-15 11:00:00+00:00,32.7,17.398273,0.0,34.55,0.199
2023-07-15 12:00:00+00:00,32.85,19.142317,0.0,35.05,0.199
2023-07-15 13:00:00+00:00,32.5,18.86114,0.0,35.1,0.199
2023-07-15 14:00:00+00:00,32.15,18.58245,0.0,34.5,0.199
2023-07-15 15:00:00+00:00,30.95,19.347525,0.0,33.3,0.199
2023-07-15 16:00:00+00:00,27.45,35.863075,0.0,31.5,0.199
2023-07-15 17:00:00+00:00,25.15,27.320562,0.0,29.3,0.199
2023-07-15 18:00:00+00:00,23.55,31.895952,0.0,27.5,0.199
2023-07-15 19:00:00+00:00,23.25,29.880293,0.0,25.85,0.199
2023-07-15 20:00:00+00:00,24.95,20.982426,0.0,24.45,0.199
2023-07-15 21:00:00+00:00,22.6,25.141697,0.0,23.25,0.199
2023-07-15 22:00:00+00:00,21.4,28.536894,0.0,22.25,0.199
2023-07-15 23:00:00+00:00,19.9,34.31422,0.0,21.35,0.199
2023-07-16 00:00:00+00:00,20.65,33.93113,0.0,21.95,0.187
2023-07-16 01:00:00+00:00,20.0,34.951355,0.0,21.1,0.187
2023-07-16 02:00:00+00:00,18.45,40.56675,0.0,20.3,0.187
2023-07-16 03:00:00+00:00,17.9,57.730343,0.0,20.05,0.187
2023-07-16 04:00:00+00:00,19.6,41.608498,0.0,20.8,0.187
2023-07-16 05:00:00+00:00,21.5,38.17336,0.0,22.35,0.187
2023-07-16 06:00:00+00:00,23.35,35.545406,0.0,24.45,0.187
2023-07-16 07:00:00+00:00,25.45,32.543118,0.0,26.75,0.187
2023-07-16 08:00:00+00:00,27.6,28.18488,0.0,29.05,0.187
2023-07-16 09:00:00+00:00,29.25,25.43308,0.0,31.2,0.187
2023-07-16 10:00:00+00:00,30.55,23.844034,0.0,33.05,0.187
2023-07-16 11:00:00+00:00,31.35,22.625183,0.0,34.4,0.187
2023-07-16 12:00:00+00:00,30.9,23.77322,0.0,35.0,0.187
2023-07-16 13:00:00+00:00,31.1,22.63825,0.0,35.1,0.187
2023-07-16 14:00:00+00:00,31.05,21.639307,0.0,34.55,0.187
2023-07-16 15:00:00+00:00,30.2,22.717333,0.0,33.4,0.187
2023-07-16 16:00:00+00:00,27.4,39.32139,0.0,31.65,0.187
2023-07-16 17:00:00+00:00,25.0,32.974155,0.0,29.55,0.187
2023-07-16 18:00:00+00:00,25.15,32.237736,0.0,27.7,0.187
2023-07-16 19:00:00+00:00,22.45,42.559113,0.0,26.2,0.187
2023-07-16 20:00:00+00:00,21.05,43.180275,0.0,24.95,0.187
2023-07-16 21:00:00+00:00,20.8,45.82374,0.0,23.8,0.187
2023-07-16 22:00:00+00:00,20.3,46.939827,0.0,22.75,0.187
2023-07-16 23:00:00+00:00,19.6,49.68677,0.0,21.8,0.187
2023-07-17 00:00:00+00:00,19.7,50.900352,0.0,21.95,0.187
2023-07-17 01:00:00+00:00,18.7,54.35426,0.0,21.1,0.187
2023-07-17 02:00:00+00:00,17.7,57.680855,0.0,20.35,0.187
2023-07-17 03:00:00+00:00,17.35,60.575127,0.0,20.05,0.187
2023-07-17 04:00:00+00:00,18.45,52.66484,0.0,20.75,0.187
2023-07-17 05:00:00+00:00,19.85,46.183647,0.0,22.15,0.187
2023-07-17 06:00:00+00:00,21.65,39.682987,0.0,24.05,0.187
2023-07-17 07:00:00+00:00,24.05,29.381935,0.0,26.15,0.187
2023-07-17 08:00:00+00:00,25.95,23.044512,0.0,28.2,0.187
2023-07-17 09:00:00+00:00,27.55,20.606218,0.0,30.15,0.187
2023-07-17 10:00:00+00:00,28.95,17.94507,0.0,31.8,0.187
2023-07-17 11:00:00+00:00,29.9,15.702188,0.0,33.05,0.187
2023-07-17 12:00:00+00:00,30.05,15.567413,0.0,33.6,0.186
2023-07-17 13:00:00+00:00,29.45,14.616605,0.0,33.5,0.186
2023-07-17 14:00:00+00:00,29.1,14.277242,0.0,32.9,0.186
2023-07-17 15:00:00+00:00,28.05,14.954549,0.0,31.7,0.186
2023-07-17 16:00:00+00:00,25.7,19.079708,0.0,30.0,0.186
2023-07-17 17:00:00+00:00,22.9,22.647757,0.0,28.0,0.186
2023-07-17 18:00:00+00:00,21.1,27.849815,0.0,26.25,0.186
2023-07-17 19:00:00+00:00,19.75,35.74688,0.0,24.6,0.186
2023-07-17 20:00:00+00:00,21.85,24.140928,0.0,23.25,0.186
2023-07-17 21:00:00+00:00,20.4,28.255508,0.0,22.05,0.186
2023-07-17 22:00:00+00:00,19.85,27.999489,0.0,21.0,0.186
2023-07-17 23:00:00+00:00,18.7,31.290443,0.0,20.05,0.186
2023-07-18 00:00:00+00:00,18.95,32.85181,0.0,19.85,0.182
2023-07-18 01:00:00+00:00,18.25,32.41649,0.0,19.05,0.182
2023-07-18 02:00:00+00:00,17.3,34.169086,0.0,18.35,0.182
2023-07-18 03:00:00+00:00,15.65,48.099953,0.0,18.15,0.182
2023-07-18 04:00:00+00:00,17.35,36.583202,0.0,18.95,0.182
2023-07-18 05:00:00+00:00,18.8,33.2792,0.0,20.5,0.182
2023-07-18 06:00:00+00:00,20.95,29.024414,0.0,22.5,0.182
2023-07-18 07:00:00+00:00,23.6,24.092937,0.0,24.65,0.182
2023-07-18 08:00:00+00:00,25.65,23.624094,0.0,26.85,0.182
2023-07-18 09:00:00+00:00,27.45,22.633917,0.0,29.0,0.182
2023-07-18 10:00:00+00:00,28.9,21.616352,0.0,30.9,0.182
2023-07-18 11:00:00+00:00,29.85,21.040796,0.0,32.4,0.182
2023-07-18 12:00:00+00:00,29.85,19.829576,0.0,33.1,0.182
2023-07-18 13:00:00+00:00,29.85,20.320635,0.0,33.35,0.182
2023-07-18 14:00:00+00:00,29.65,20.341732,0.0,32.95,0.182
2023-07-18 15:00:00+00:00,28.7,21.716377,0.0,31.9,0.182
2023-07-18 16:00:00+00:00,26.1,44.294285,0.0,30.2,0.182
2023-07-18 17:00:00+00:00,23.55,28.937014,0.0,28.1,0.182
2023-07-18 18:00:00+00:00,22.15,31.609083,0.0,26.35,0.182
2023-07-18 19:00:00+00:00,21.2,30.358965,0.0,24.8,0.182
2023-07-18 20:00:00+00:00,20.15,34.02577,0.0,23.5,0.182
2023-07-18 21:00:00+00:00,22.9,22.161549,0.0,22.35,0.182
2023-07-18 22:00:00+00:00,20.8,26.404024,0.0,21.35,0.182
2023-07-18 23:00:00+00:00,20.1,26.20971,0.0,20.45,0.182
2023-07-19 00:00:00+00:00,20.65,28.325905,0.0,20.7,0.182
2023-07-19 01:00:00+00:00,19.5,30.96325,0.0,19.95,0.182
2023-07-19 02:00:00+00:00,17.2,40.206142,0.0,19.25,0.182
2023-07-19 03:00:00+00:00,17.25,60.95918,0.0,19.0,0.182
2023-07-19 04:00:00+00:00,19.35,36.646286,0.0,19.9,0.182
2023-07-19 05:00:00+00:00,21.3,34.837875,0.0,21.6,0.182
2023-07-19 06:00:00+00:00,23.25,33.734795,0.0,23.75,0.182
2023-07-19 07:00:00+00:00,25.4,31.76175,0.0,26.2,0.182
2023-07-19 08:00:00+00:00,27.55,29.246216,0.0,28.65,0.182
2023-07-19 09:00:00+00:00,29.3,26.23854,0.0,30.9,0.182
2023-07-19 10:00:00+00:00,30.65,23.627308,0.0,32.85,0.182
2023-07-19 11:00:00+00:00,31.6,21.928242,0.0,34.1,0.182
2023-07-19 12:00:00+00:00,31.65,22.39495,0.0,34.45,0.184
2023-07-19 13:00:00+00:00,31.45,22.11594,0.0,34.4,0.184
2023-07-19 14:00:00+00:00,31.05,22.165457,0.0,33.8,0.184
2023-07-19 15:00:00+00:00,30.4,22.613176,0.0,32.7,0.184
2023-07-19 16:00:00+00:00,28.0,28.87698,0.0,31.1,0.184
2023-07-19 17:00:00+00:00,24.9,32.721767,0.0,29.05,0.184
2023-07-19 18:00:00+00:00,24.3,31.021227,0.0,27.45,0.184
2023-07-19 19:00:00+00:00,22.4,33.376637,0.0,26.05,0.184
2023-07-19 20:00:00+00:00,22.5,32.717125,0.0,24.75,0.184
2023-07-19 21:00:00+00:00,23.0,30.654585,0.0,23.6,0.184
2023-07-19 22:00:00+00:00,23.95,26.895403,0.0,22.65,0.184
2023-07-19 23:00:00+00:00,22.6,28.873835,0.0,21.8,0.184
2023-07-20 00:00:00+00:00,19.5,39.613674,0.0,21.55,0.183
2023-07-20 01:00:00+00:00,21.0,33.208282,0.0,20.8,0.183
2023-07-20 02:00:00+00:00,20.1,35.22618,0.0,20.1,0.183
2023-07-20 03:00:00+00:00,18.2,63.669636,0.0,19.85,0.183
2023-07-20 04:00:00+00:00,20.5,39.083786,0.0,20.75,0.183
2023-07-20 05:00:00+00:00,22.7,37.097935,0.0,22.45,0.183
2023-07-20 06:00:00+00:00,25.0,34.816822,0.0,24.7,0.183
2023-07-20 07:00:00+00:00,27.35,32.63586,0.0,27.2,0.183
2023-07-20 08:00:00+00:00,29.75,27.916674,0.0,29.75,0.183
2023-07-20 09:00:00+00:00,31.75,22.116833,0.0,31.75,0.183
2023-07-20 10:00:00+00:00,32.9,19.220455,0.0,33.1,0.183
2023-07-20 11:00:00+00:00,33.75,18.1999,0.0,34.25,0.183
2023-07-20 12:00:00+00:00,34.8,12.3846035,0.0,34.8,0.183
2023-07-20 13:00:00+00:00,34.35,12.562637,0.0,35.35,0.183
2023-07-20 14:00:00+00:00,33.65,13.016432,0.0,35.0,0.183
2023-07-20 15:00:00+00:00,32.15,19.105106,0.0,33.95,0.183
2023-07-20 16:00:00+00:00,28.9,23.251394,0.0,32.2,0.183
2023-07-20 17:00:00+00:00,25.6,24.97796,0.0,30.05,0.183
2023-07-20 18:00:00+00:00,24.35,23.951693,0.0,28.2,0.183
2023-07-20 19:00:00+00:00,23.15,25.381763,0.0,26.75,0.183
2023-07-20 20:00:00+00:00,21.5,27.467873,0.0,25.45,0.183
2023-07-20 21:00:00+00:00,19.9,30.747599,0.0,24.25,0.183
2023-07-20 22:00:00+00:00,18.9,33.308105,0.0,23.1,0.183
2023-07-20 23:00:00+00:00,20.95,23.637806,0.0,22.1,0.183
2023-07-21 00:00:00+00:00,21.95,21.593973,0.0,20.65,0.188
2023-07-21 01:00:00+00:00,21.0,23.479557,0.0,19.95,0.188
2023-07-21 02:00:00+00:00,20.0,25.339783,0.0,19.35,0.188
2023-07-21 03:00:00+00:00,19.9,25.404572,0.0,19.15,0.189
2023-07-21 04:00:00+00:00,21.15,27.764475,0.0,20.2,0.189
2023-07-21 05:00:00+00:00,23.5,26.489294,0.0,22.1,0.189
2023-07-21 06:00:00+00:00,26.05,24.406132,0.0,24.55,0.189
2023-07-21 07:00:00+00:00,28.55,21.906275,0.0,27.25,0.189
2023-07-21 08:00:00+00:00,30.8,18.19534,0.0,29.95,0.189
2023-07-21 09:00:00+00:00,32.6,14.157328,0.0,32.35,0.189
2023-07-21 10:00:00+00:00,33.5,13.652669,0.0,34.1,0.188
2023-07-21 11:00:00+00:00,33.95,13.36095,0.0,35.2,0.188
2023-07-21 12:00:00+00:00,35.2,12.331506,0.0,35.65,0.188
2023-07-21 13:00:00+00:00,34.05,12.9123535,0.0,35.7,0.188
2023-07-21 14:00:00+00:00,33.5,12.985769,0.0,35.1,0.188
2023-07-21 15:00:00+00:00,32.4,21.906986,0.0,34.05,0.188
2023-07-21 16:00:00+00:00,30.65,25.202991,0.0,32.35,0.188
2023-07-21 17:00:00+00:00,26.25,22.164145,0.0,30.1,0.188
2023-07-21 18:00:00+00:00,25.65,19.06734,0.0,28.5,0.188
2023-07-21 19:00:00+00:00,23.25,24.171305,0.0,27.1,0.188
2023-07-21 20:00:00+00:00,22.3,30.350046,0.0,25.7,0.189
2023-07-21 21:00:00+00:00,21.75,29.98224,0.0,24.6,0.189
2023-07-21 22:00:00+00:00,24.95,23.43841,0.0,23.65,0.189
2023-07-21 23:00:00+00:00,23.85,26.39873,0.0,22.75,0.189
2023-07-22 00:00:00+00:00,22.25,32.082222,0.0,22.45,0.189
2023-07-22 01:00:00+00:00,21.3,35.32539,0.0,21.7,0.189
2023-07-22 02:00:00+00:00,20.7,38.07541,0.0,21.0,0.189
2023-07-22 03:00:00+00:00,19.15,63.88077,0.0,20.75,0.189
2023-07-22 04:00:00+00:00,21.35,43.85475,0.0,21.65,0.189
2023-07-22 05:00:00+00:00,23.6,43.024864,0.0,23.35,0.189
2023-07-22 06:00:00+00:00,26.0,39.05844,0.0,25.65,0.189
2023-07-22 07:00:00+00:00,28.2,35.248665,0.0,28.2,0.189
2023-07-22 08:00:00+00:00,30.4,30.940235,0.0,30.7,0.189
2023-07-22 09:00:00+00:00,32.3,24.465038,0.0,33.1,0.189
2023-07-22 10:00:00+00:00,33.8,18.21172,0.0,35.05,0.189
2023-07-22 11:00:00+00:00,34.65,15.8191,0.0,36.35,0.189
2023-07-22 12:00:00+00:00,34.85,16.883978,0.0,36.95,0.187
2023-07-22 13:00:00+00:00,34.55,16.299097,0.0,37.0,0.187
2023-07-22 14:00:00+00:00,33.8,17.054018,0.0,36.3,0.187
2023-07-22 15:00:00+00:00,32.8,17.913197,0.0,35.05,0.187
2023-07-22 16:00:00+00:00,29.9,22.874968,0.0,33.35,0.187
2023-07-22 17:00:00+00:00,27.15,24.443636,0.0,31.15,0.187
2023-07-22 18:00:00+00:00,25.5,28.679062,0.0,29.45,0.187
2023-07-22 19:00:00+00:00,23.9,31.556438,0.0,27.9,0.187
2023-07-22 20:00:00+00:00,22.8,37.380795,0.0,26.55,0.187
2023-07-22 21:00:00+00:00,23.95,31.461742,0.0,25.35,0.187
2023-07-22 22:00:00+00:00,24.95,25.15487,0.0,24.35,0.187
2023-07-22 23:00:00+00:00,23.5,26.961004,0.0,23.45,0.187
2023-07-23 00:00:00+00:00,21.8,30.744715,0.0,23.25,0.189
2023-07-23 01:00:00+00:00,21.85,30.543415,0.0,22.4,0.189
2023-07-23 02:00:00+00:00,21.45,31.409843,0.0,21.7,0.189
2023-07-23 03:00:00+00:00,20.65,41.337643,0.0,21.4,0.189
2023-07-23 04:00:00+00:00,21.9,35.00988,0.0,22.2,0.189
2023-07-23 05:00:00+00:00,24.05,38.508167,0.0,23.9,0.189
2023-07-23 06:00:00+00:00,26.55,35.96867,0.0,26.15,0.189
2023-07-23 07:00:00+00:00,28.85,33.16459,0.0,28.7,0.189
2023-07-23 08:00:00+00:00,30.95,30.684147,0.0,31.25,0.189
2023-07-23 09:00:00+00:00,32.9,25.37277,0.0,33.6,0.189
2023-07-23 10:00:00+00:00,34.5,17.514685,0.0,35.55,0.189
2023-07-23 11:00:00+00:00,35.3,15.853714,0.0,36.7,0.189
2023-07-23 12:00:00+00:00,35.45,15.614183,0.0,37.1,0.189
2023-07-23 13:00:00+00:00,35.2,14.818006,0.0,37.1,0.189
2023-07-23 14:00:00+00:00,34.5,15.243911,0.0,36.45,0.189
2023-07-23 15:00:00+00:00,33.5,17.103449,0.0,35.3,0.189
2023-07-23 16:00:00+00:00,30.15,28.119493,0.0,33.6,0.189
2023-07-23 17:00:00+00:00,27.65,25.266289,0.0,31.45,0.189
2023-07-23 18:00:00+00:00,26.45,26.188831,0.0,29.75,0.189
2023-07-23 19:00:00+00:00,24.45,28.885824,0.0,28.25,0.189
2023-07-23 20:00:00+00:00,23.7,29.798685,0.0,26.95,0.189
2023-07-23 21:00:00+00:00,23.55,28.434988,0.0,25.95,0.189
2023-07-23 22:00:00+00:00,25.5,24.689568,0.0,25.0,0.189
2023-07-23 23:00:00+00:00,24.95,31.311357,0.0,24.2,0.189
2023-07-24 00:00:00+00:00,23.9,35.701965,0.0,24.25,0.189
2023-07-24 01:00:00+00:00,22.75,42.930885,0.0,23.5,0.189
2023-07-24 02:00:00+00:00,22.5,43.733856,0.0,22.8,0.189
2023-07-24 03:00:00+00:00,21.9,46.128147,0.0,22.55,0.189
2023-07-24 04:00:00+00:00,22.45,50.952274,0.0,23.3,0.189
2023-07-24 05:00:00+00:00,24.45,49.02342,0.0,24.9,0.189
2023-07-24 06:00:00+00:00,26.85,43.498352,0.0,27.0,0.189
2023-07-24 07:00:00+00:00,28.95,38.732998,0.0,29.45,0.189
2023-07-24 08:00:00+00:00,30.9,33.187416,0.0,31.8,0.189
2023-07-24 09:00:00+00:00,32.95,25.133408,0.0,33.95,0.189
2023-07-24 10:00:00+00:00,34.4,19.986946,0.0,35.45,0.189
2023-07-24 11:00:00+00:00,35.45,18.10253,0.0,36.6,0.189
2023-07-24 12:00:00+00:00,36.35,13.1493,0.0,37.3,0.189
2023-07-24 13:00:00+00:00,35.6,11.80604,0.0,37.55,0.189
2023-07-24 14:00:00+00:00,34.7,12.587822,0.0,36.85,0.189
2023-07-24 15:00:00+00:00,33.3,18.664394,0.0,35.7,0.189
2023-07-24 16:00:00+00:00,29.45,24.799894,0.0,33.95,0.189
2023-07-24 17:00:00+00:00,24.55,52.85554,0.0,31.65,0.189
2023-07-24 18:00:00+00:00,23.85,47.909195,0.0,29.8,0.189
2023-07-24 19:00:00+00:00,22.6,54.628624,0.0,28.35,0.189
2023-07-24 20:00:00+00:00,21.45,61.730743,0.0,27.0,0.189
2023-07-24 21:00:00+00:00,22.0,51.85151,0.0,25.85,0.189
2023-07-24 22:00:00+00:00,21.55,52.24987,0.0,24.85,0.189
2023-07-24 23:00:00+00:00,21.1,52.479317,0.0,24.0,0.189
2023-07-25 00:00:00+00:00,20.65,55.953545,0.0,24.35,0.18
2023-07-25 01:00:00+00:00,20.85,52.06638,0.0,23.55,0.18
2023-07-25 02:00:00+00:00,20.05,53.797295,0.0,22.85,0.18
2023-07-25 03:00:00+00:00,19.65,65.68783,0.0,22.5,0.18
2023-07-25 04:00:00+00:00,20.95,48.240273,0.0,23.05,0.18
2023-07-25 05:00:00+00:00,22.3,44.86684,0.0,24.35,0.18
2023-07-25 06:00:00+00:00,24.15,41.764446,0.0,26.05,0.18
2023-07-25 07:00:00+00:00,26.55,36.330505,0.0,28.0,0.18
2023-07-25 08:00:00+00:00,28.25,32.997227,0.0,29.85,0.18
2023-07-25 09:00:00+00:00,29.75,29.951965,0.0,31.65,0.18
2023-07-25 10:00:00+00:00,29.25,31.034557,0.0,32.9,0.18
2023-07-25 11:00:00+00:00,27.75,32.85753,0.0,34.0,0.18
2023-07-25 12:00:00+00:00,33.85,15.751121,0.0,34.55,0.183
2023-07-25 13:00:00+00:00,31.7,21.142233,0.2,34.85,0.184
2023-07-25 14:00:00+00:00,27.3,32.403328,0.1,33.4,0.185
2023-07-25 15:00:00+00:00,27.45,31.371677,0.0,32.1,0.185
2023-07-25 16:00:00+00:00,25.8,47.654324,0.0,30.65,0.185
2023-07-25 17:00:00+00:00,23.95,42.128242,0.0,28.85,0.185
2023-07-25 18:00:00+00:00,23.55,41.456768,0.0,27.45,0.185
2023-07-25 19:00:00+00:00,23.2,41.219345,0.0,26.3,0.185
2023-07-25 20:00:00+00:00,21.45,51.02516,0.0,25.25,0.185
2023-07-25 21:00:00+00:00,21.1,52.479317,0.0,24.3,0.185
2023-07-25 22:00:00+00:00,19.6,58.34089,0.0,23.45,0.185
2023-07-25 23:00:00+00:00,19.0,60.360435,0.0,22.7,0.185
2023-07-26 00:00:00+00:00,20.05,56.174355,0.0,22.35,0.176
2023-07-26 01:00:00+00:00,19.9,55.027813,0.0,21.65,0.177
2023-07-26 02:00:00+00:00,18.8,58.729866,0.0,21.0,0.177
2023-07-26 03:00:00+00:00,18.35,69.39712,0.0,20.75,0.177
2023-07-26 04:00:00+00:00,20.15,55.45858,0.0,21.5,0.177
2023-07-26 05:00:00+00:00,22.4,49.77455,0.0,23.1,0.177
2023-07-26 06:00:00+00:00,24.55,44.59713,0.0,25.3,0.177
2023-07-26 07:00:00+00:00,26.8,39.412624,0.0,27.75,0.177
2023-07-26 08:00:00+00:00,28.95,33.85843,0.0,30.2,0.177
2023-07-26 09:00:00+00:00,30.9,26.578745,0.0,32.55,0.177
2023-07-26 10:00:00+00:00,32.2,19.720823,0.0,34.35,0.176
2023-07-26 11:00:00+00:00,32.85,17.072313,0.0,35.6,0.176
2023-07-26 12:00:00+00:00,32.3,18.234459,0.0,35.9,0.178
2023-07-26 13:00:00+00:00,32.55,17.302792,0.0,36.05,0.178
2023-07-26 14:00:00+00:00,32.3,17.004723,0.0,35.45,0.178
2023-07-26 15:00:00+00:00,31.15,18.40737,0.0,34.25,0.178
2023-07-26 16:00:00+00:00,27.8,31.36355,0.0,32.5,0.178
2023-07-26 17:00:00+00:00,25.35,28.24383,0.0,30.4,0.178
2023-07-26 18:00:00+00:00,23.85,34.02173,0.0,28.6,0.178
2023-07-26 19:00:00+00:00,23.0,33.087452,0.0,27.15,0.178
2023-07-26 20:00:00+00:00,22.1,35.188465,0.0,25.85,0.178
2023-07-26 21:00:00+00:00,21.85,35.852695,0.0,24.8,0.178
2023-07-26 22:00:00+00:00,21.75,34.2467,0.0,23.85,0.178
2023-07-26 23:00:00+00:00,22.9,29.059816,0.0,23.0,0.178
2023-07-27 00:00:00+00:00,22.75,29.531733,0.0,22.2,0.182
2023-07-27 01:00:00+00:00,21.45,32.645344,0.0,21.55,0.182
2023-07-27 02:00:00+00:00,20.75,33.959858,0.0,20.95,0.182
2023-07-27 03:00:00+00:00,19.85,44.031017,0.0,20.7,0.182
2023-07-27 04:00:00+00:00,21.75,34.84595,0.0,21.55,0.182
2023-07-27 05:00:00+00:00,24.0,31.584677,0.0,23.35,0.182
2023-07-27 06:00:00+00:00,26.4,29.731478,0.0,25.65,0.182
2023-07-27 07:00:00+00:00,28.6,28.362799,0.0,28.25,0.182
2023-07-27 08:00:00+00:00,30.8,24.154526,0.0,30.8,0.182
2023-07-27 09:00:00+00:00,32.15,20.469004,0.0,33.05,0.182
2023-07-27 10:00:00+00:00,32.95,19.1006,0.0,34.55,0.182
2023-07-27 11:00:00+00:00,33.65,18.301983,0.0,35.6,0.182
2023-07-27 12:00:00+00:00,34.3,17.956167,0.0,36.5,0.185
2023-07-27 13:00:00+00:00,34.15,18.106869,0.0,36.65,0.185
2023-07-27 14:00:00+00:00,33.9,17.678312,0.0,36.15,0.185
2023-07-27 15:00:00+00:00,33.0,19.046976,0.0,35.05,0.185
2023-07-27 16:00:00+00:00,29.8,33.983334,0.0,33.4,0.185
2023-07-27 17:00:00+00:00,28.05,29.483755,0.0,31.4,0.185
2023-07-27 18:00:00+00:00,26.05,27.75911,0.0,29.65,0.185
2023-07-27 19:00:00+00:00,24.95,27.075968,0.0,28.25,0.185
2023-07-27 20:00:00+00:00,23.35,27.398577,0.0,27.05,0.185
2023-07-27 21:00:00+00:00,21.6,30.472507,0.0,25.9,0.185
2023-07-27 22:00:00+00:00,20.6,35.991882,0.0,24.8,0.185
2023-07-27 23:00:00+00:00,21.45,30.215899,0.0,23.85,0.185
2023-07-28 00:00:00+00:00,22.1,27.733505,0.0,22.05,0.185
2023-07-28 01:00:00+00:00,21.6,28.694754,0.0,21.4,0.185
2023-07-28 02:00:00+00:00,21.2,29.406532,0.0,20.85,0.185
2023-07-28 03:00:00+00:00,21.1,30.223425,0.0,20.6,0.185
2023-07-28 04:00:00+00:00,22.1,32.376633,0.0,21.55,0.185
2023-07-28 05:00:00+00:00,24.5,29.000313,0.0,23.4,0.185
2023-07-28 06:00:00+00:00,27.1,25.913918,0.0,25.8,0.185
2023-07-28 07:00:00+00:00,29.75,22.368393,0.0,28.4,0.185
2023-07-28 08:00:00+00:00,31.8,19.353096,0.0,31.05,0.185
2023-07-28 09:00:00+00:00,33.2,17.213076,0.0,33.0,0.185
2023-07-28 10:00:00+00:00,34.45,15.179701,0.0,34.7,0.185
2023-07-28 11:00:00+00:00,35.35,13.507591,0.0,36.1,0.185
2023-07-28 12:00:00+00:00,35.6,13.0429,0.0,37.05,0.185
2023-07-28 13:00:00+00:00,34.95,13.282951,0.0,37.1,0.185
2023-07-28 14:00:00+00:00,34.15,13.74,0.0,36.45,0.185
2023-07-28 15:00:00+00:00,33.15,14.790631,0.0,35.25,0.185
2023-07-28 16:00:00+00:00,30.35,18.669907,0.0,33.55,0.185
2023-07-28 17:00:00+00:00,27.8,21.637623,0.0,31.55,0.185
2023-07-28 18:00:00+00:00,27.4,21.994638,0.0,30.0,0.185
2023-07-28 19:00:00+00:00,26.2,24.360746,0.0,28.65,0.185
2023-07-28 20:00:00+00:00,23.15,35.48841,0.0,27.25,0.185
2023-07-28 21:00:00+00:00,23.5,31.88179,0.0,25.9,0.185
2023-07-28 22:00:00+00:00,23.7,29.386284,0.0,24.75,0.185
2023-07-28 23:00:00+00:00,22.95,31.28772,0.0,23.75,0.185
2023-07-29 00:00:00+00:00,22.1,33.873993,0.0,24.0,0.185
2023-07-29 01:00:00+00:00,20.65,38.857914,0.0,23.1,0.185
2023-07-29 02:00:00+00:00,20.0,41.29429,0.0,22.25,0.185
2023-07-29 03:00:00+00:00,19.45,46.70474,0.0,21.8,0.185
2023-07-29 04:00:00+00:00,20.25,45.516033,0.0,22.4,0.185
2023-07-29 05:00:00+00:00,22.1,46.338,0.0,23.85,0.185
2023-07-29 06:00:00+00:00,24.05,43.87314,0.0,25.85,0.185
2023-07-29 07:00:00+00:00,26.2,39.899105,0.0,28.2,0.185
2023-07-29 08:00:00+00:00,28.45,34.9703,0.0,30.55,0.185
2023-07-29 09:00:00+00:00,30.55,28.703388,0.0,32.8,0.185
2023-07-29 10:00:00+00:00,32.3,24.219551,0.0,34.7,0.185
2023-07-29 11:00:00+00:00,33.55,22.198315,0.0,35.85,0.185
2023-07-29 12:00:00+00:00,33.0,22.740114,0.0,36.4,0.185
2023-07-29 13:00:00+00:00,33.3,22.134981,0.0,36.35,0.185
2023-07-29 14:00:00+00:00,33.55,17.903606,0.0,35.9,0.185
2023-07-29 15:00:00+00:00,32.6,19.81876,0.0,34.9,0.185
2023-07-29 16:00:00+00:00,29.0,26.247173,0.0,33.1,0.185
2023-07-29 17:00:00+00:00,26.65,21.570852,0.0,31.0,0.185
2023-07-29 18:00:00+00:00,25.5,22.284254,0.0,29.3,0.185
2023-07-29 19:00:00+00:00,24.05,24.735447,0.0,27.95,0.185
2023-07-29 20:00:00+00:00,22.25,27.093567,0.0,26.65,0.185
2023-07-29 21:00:00+00:00,21.1,29.482752,0.0,25.45,0.185
2023-07-29 22:00:00+00:00,22.2,27.079689,0.0,24.35,0.185
2023-07-29 23:00:00+00:00,23.05,23.859459,0.0,23.4,0.185
2023-07-30 00:00:00+00:00,22.55,26.98464,0.0,22.5,0.185
2023-07-30 01:00:00+00:00,21.4,30.201727,0.0,21.8,0.185
2023-07-30 02:00:00+00:00,20.85,31.46016,0.0,21.15,0.185
2023-07-30 03:00:00+00:00,20.6,31.948158,0.0,20.85,0.185
2023-07-30 04:00:00+00:00,21.5,33.351524,0.0,21.7,0.185
2023-07-30 05:00:00+00:00,23.9,30.167551,0.0,23.45,0.185
2023-07-30 06:00:00+00:00,26.25,28.394777,0.0,25.8,0.185
2023-07-30 07:00:00+00:00,28.55,27.778252,0.0,28.4,0.185
2023-07-30 08:00:00+00:00,31.05,23.731535,0.0,30.95,0.185
2023-07-30 09:00:00+00:00,33.65,17.989117,0.0,33.25,0.185
2023-07-30 10:00:00+00:00,35.2,13.66825,0.0,35.35,0.185
2023-07-30 11:00:00+00:00,35.35,11.14008,0.0,36.9,0.185
2023-07-30 12:00:00+00:00,34.8,14.731669,0.0,37.55,0.185
2023-07-30 13:00:00+00:00,34.05,14.3150625,0.0,37.4,0.185
2023-07-30 14:00:00+00:00,33.4,13.631748,0.0,36.75,0.185
2023-07-30 15:00:00+00:00,32.3,15.351912,0.0,35.45,0.185
2023-07-30 16:00:00+00:00,28.95,23.184158,0.0,33.5,0.185
2023-07-30 17:00:00+00:00,27.6,21.891994,0.0,31.25,0.185
2023-07-30 18:00:00+00:00,24.8,22.741941,0.0,29.35,0.185
2023-07-30 19:00:00+00:00,23.5,23.303154,0.0,27.9,0.185
2023-07-30 20:00:00+00:00,21.3,28.005548,0.0,26.5,0.185
2023-07-30 21:00:00+00:00,20.4,29.494314,0.0,25.3,0.185
2023-07-30 22:00:00+00:00,19.3,35.994522,0.0,24.2,0.185
2023-07-30 23:00:00+00:00,18.65,38.958206,0.0,23.25,0.185
2023-07-31 00:00:00+00:00,19.7,37.525223,0.0,22.9,0.185
2023-07-31 01:00:00+00:00,18.55,42.76675,0.0,22.15,0.185
2023-07-31 02:00:00+00:00,19.85,36.919292,0.0,21.4,0.185
2023-07-31 03:00:00+00:00,18.9,49.16199,0.0,21.0,0.185
2023-07-31 04:00:00+00:00,21.45,38.554268,0.0,21.75,0.185
2023-07-31 05:00:00+00:00,24.1,32.272896,0.0,23.45,0.185
2023-07-31 06:00:00+00:00,26.75,26.45252,0.0,25.75,0.185
2023-07-31 07:00:00+00:00,29.25,22.943388,0.0,28.3,0.185
2023-07-31 08:00:00+00:00,31.35,18.3909,0.0,30.85,0.185
2023-07-31 09:00:00+00:00,32.05,15.904987,0.0,33.15,0.185
2023-07-31 10:00:00+00:00,32.35,15.637466,0.0,34.75,0.185
2023-07-31 11:00:00+00:00,32.8,15.245648,0.0,36.05,0.185
2023-07-31 12:00:00+00:00,33.1,14.727478,0.0,36.5,0.185
2023-07-31 13:00:00+00:00,32.5,15.233445,0.0,36.5,0.185
2023-07-31 14:00:00+00:00,32.3,15.406446,0.0,35.85,0.185
2023-07-31 15:00:00+00:00,31.45,16.33959,0.0,34.6,0.185
2023-07-31 16:00:00+00:00,28.5,23.227392,0.0,32.85,0.185
2023-07-31 17:00:00+00:00,28.15,19.896984,0.0,30.65,0.185
2023-07-31 18:00:00+00:00,24.2,25.758589,0.0,28.9,0.185
2023-07-31 19:00:00+00:00,22.45,28.528273,0.0,27.45,0.185
2023-07-31 20:00:00+00:00,21.15,31.214146,0.0,26.2,0.185
2023-07-31 21:00:00+00:00,20.0,35.074158,0.0,25.0,0.185
2023-07-31 22:00:00+00:00,19.5,35.800167,0.0,24.0,0.185
2023-07-31 23:00:00+00:00,18.65,39.78352,0.0,23.15,0.185
2023-08-01 00:00:00+00:00,20.1,35.22618,0.0,21.6,0.185
2023-08-01 01:00:00+00:00,20.5,32.487705,0.0,20.95,0.185
2023-08-01 02:00:00+00:00,19.65,34.72796,0.0,20.4,0.185
2023-08-01 03:00:00+00:00,19.7,34.74239,0.0,20.1,0.185
2023-08-01 04:00:00+00:00,20.8,35.551315,0.0,21.0,0.185
2023-08-01 05:00:00+00:00,23.05,31.864681,0.0,22.75,0.185
2023-08-01 06:00:00+00:00,25.5,26.664688,0.0,25.1,0.185
2023-08-01 07:00:00+00:00,27.8,22.409517,0.0,27.7,0.185
2023-08-01 08:00:00+00:00,29.9,19.981192,0.0,30.3,0.185
2023-08-01 09:00:00+00:00,31.45,18.032505,0.0,32.5,0.185
2023-08-01 10:00:00+00:00,32.55,16.943554,0.0,34.05,0.185
2023-08-01 11:00:00+00:00,32.95,16.858368,0.0,35.05,0.185
2023-08-01 12:00:00+00:00,33.2,16.915876,0.0,35.75,0.185
2023-08-01 13:00:00+00:00,33.05,16.01756,0.0,35.9,0.185
2023-08-01 14:00:00+00:00,32.5,14.701777,0.0,35.45,0.185
2023-08-01 15:00:00+00:00,31.3,15.624612,0.0,34.3,0.185
2023-08-01 16:00:00+00:00,27.75,27.372236,0.0,32.45,0.185
2023-08-01 17:00:00+00:00,25.1,27.117184,0.0,30.3,0.185
2023-08-01 18:00:00+00:00,24.2,24.60089,0.0,28.65,0.185
2023-08-01 19:00:00+00:00,22.5,25.750866,0.0,27.25,0.185
2023-08-01 20:00:00+00:00,21.2,26.325182,0.0,25.95,0.185
2023-08-01 21:00:00+00:00,20.15,29.953394,0.0,24.8,0.185
2023-08-01 22:00:00+00:00,19.25,34.73479,0.0,23.8,0.185
2023-08-01 23:00:00+00:00,18.9,37.68862,0.0,22.9,0.185
2023-08-02 00:00:00+00:00,21.2,32.007126,0.0,21.65,0.185
2023-08-02 01:00:00+00:00,20.55,33.902378,0.0,21.0,0.185
2023-08-02 02:00:00+00:00,19.9,35.915672,0.0,20.4,0.185
2023-08-02 03:00:00+00:00,19.65,37.24992,0.0,20.1,0.185
2023-08-02 04:00:00+00:00,21.15,37.164703,0.0,21.0,0.185
2023-08-02 05:00:00+00:00,23.5,32.4374,0.0,22.75,0.185
2023-08-02 06:00:00+00:00,26.15,26.935448,0.0,25.1,0.185
2023-08-02 07:00:00+00:00,28.8,23.065056,0.0,27.7,0.185
2023-08-02 08:00:00+00:00,31.15,19.46394,0.0,30.35,0.185
2023-08-02 09:00:00+00:00,32.6,15.309647,0.0,32.85,0.185
2023-08-02 10:00:00+00:00,33.1,14.727478,0.0,34.65,0.185
2023-08-02 11:00:00+00:00,33.3,15.301953,0.0,35.8,0.185
2023-08-02 12:00:00+00:00,33.05,15.573041,0.0,36.25,0.185
2023-08-02 13:00:00+00:00,32.9,14.946878,0.0,36.35,0.185
2023-08-02 14:00:00+00:00,32.05,16.131495,0.0,35.75,0.185
2023-08-02 15:00:00+00:00,31.2,16.809921,0.0,34.5,0.185
2023-08-02 16:00:00+00:00,28.3,21.238592,0.0,32.65,0.185
2023-08-02 17:00:00+00:00,28.0,19.167055,0.0,30.5,0.185
2023-08-02 18:00:00+00:00,24.55,24.261917,0.0,28.7,0.185
2023-08-02 19:00:00+00:00,22.95,24.968283,0.0,27.3,0.185
2023-08-02 20:00:00+00:00,21.55,25.30741,0.0,26.0,0.185
2023-08-02 21:00:00+00:00,20.25,27.611475,0.0,24.9,0.185
2023-08-02 22:00:00+00:00,20.9,26.147728,0.0,23.85,0.185
2023-08-02 23:00:00+00:00,20.75,26.106209,0.0,22.9,0.185
2023-08-03 00:00:00+00:00,20.9,26.147728,0.0,22.1,0.185
2023-08-03 01:00:00+00:00,20.15,27.6829,0.0,21.35,0.185
2023-08-03 02:00:00+00:00,19.4,29.421106,0.0,20.65,0.185
2023-08-03 03:00:00+00:00,18.9,30.901882,0.0,20.25,0.185
2023-08-03 04:00:00+00:00,19.85,32.64615,0.0,20.95,0.185
2023-08-03 05:00:00+00:00,22.15,32.73115,0.0,22.6,0.185
2023-08-03 06:00:00+00:00,24.65,28.94154,0.0,24.9,0.185
2023-08-03 07:00:00+00:00,27.0,25.179283,0.0,27.5,0.185
2023-08-03 08:00:00+00:00,29.2,22.226877,0.0,30.15,0.185
2023-08-03 09:00:00+00:00,31.15,17.52482,0.0,32.6,0.185
2023-08-03 10:00:00+00:00,32.35,15.308611,0.0,34.6,0.185
2023-08-03 11:00:00+00:00,33.1,15.097006,0.0,36.0,0.185
2023-08-03 12:00:00+00:00,33.1,14.990598,0.0,36.8,0.185
2023-08-03 13:00:00+00:00,33.0,14.968733,0.0,36.75,0.185
2023-08-03 14:00:00+00:00,33.0,15.021819,0.0,36.15,0.185
2023-08-03 15:00:00+00:00,32.25,20.144857,0.0,34.95,0.185
2023-08-03 16:00:00+00:00,30.6,21.674164,0.0,33.05,0.185
2023-08-03 17:00:00+00:00,27.45,19.099987,0.0,30.95,0.185
2023-08-03 18:00:00+00:00,26.3,20.074078,0.0,29.35,0.185
2023-08-03 19:00:00+00:00,25.15,21.645119,0.0,28.0,0.185
2023-08-03 20:00:00+00:00,23.3,27.578407,0.0,26.7,0.185
2023-08-03 21:00:00+00:00,22.8,29.962809,0.0,25.55,0.185
2023-08-03 22:00:00+00:00,24.95,23.025848,0.0,24.5,0.185
2023-08-03 23:00:00+00:00,23.15,27.055002,0.0,23.6,0.185
2023-08-04 00:00:00+00:00,22.05,28.821236,0.0,23.75,0.185
2023-08-04 01:00:00+00:00,21.75,29.666517,0.0,22.85,0.185
2023-08-04 02:00:00+00:00,21.3,30.7109,0.0,22.1,0.185
2023-08-04 03:00:00+00:00,20.35,32.905598,0.0,21.6,0.185
2023-08-04 04:00:00+00:00,20.8,35.42774,0.0,22.2,0.185
2023-08-04 05:00:00+00:00,23.0,34.130894,0.0,23.7,0.185
2023-08-04 06:00:00+00:00,25.45,31.667496,0.0,25.9,0.185
2023-08-04 07:00:00+00:00,27.55,31.718325,0.0,28.25,0.185
2023-08-04 08:00:00+00:00,29.35,28.954704,0.0,30.55,0.185
2023-08-04 09:00:00+00:00,30.9,25.960371,0.0,32.6,0.185
2023-08-04 10:00:00+00:00,32.05,22.882395,0.0,34.45,0.185
2023-08-04 11:00:00+00:00,32.75,20.547476,0.0,35.8,0.185
2023-08-04 12:00:00+00:00,33.15,19.547514,0.0,36.7,0.185
2023-08-04 13:00:00+00:00,33.05,19.657639,0.0,36.9,0.185
2023-08-04 14:00:00+00:00,33.0,20.05359,0.0,36.35,0.185
2023-08-04 15:00:00+00:00,32.05,21.230118,0.0,35.1,0.185
2023-08-04 16:00:00+00:00,30.25,23.12365,0.0,33.45,0.185
2023-08-04 17:00:00+00:00,28.45,26.188568,0.0,31.8,0.185
2023-08-04 18:00:00+00:00,26.65,30.623941,0.0,30.3,0.185
2023-08-04 19:00:00+00:00,24.55,38.39098,0.0,28.8,0.185
2023-08-04 20:00:00+00:00,25.45,35.538345,0.0,27.4,0.185
2023-08-04 21:00:00+00:00,22.0,48.849327,0.0,26.25,0.185
2023-08-04 22:00:00+00:00,22.05,48.056664,0.0,25.2,0.185
2023-08-04 23:00:00+00:00,23.4,41.137318,0.0,24.35,0.185
2023-08-05 00:00:00+00:00,21.15,53.36948,0.0,24.55,0.185
2023-08-05 01:00:00+00:00,21.4,50.50566,0.0,23.7,0.185
2023-08-05 02:00:00+00:00,18.95,62.585693,0.0,23.0,0.185
2023-08-05 03:00:00+00:00,19.5,60.08008,0.0,22.55,0.185
2023-08-05 04:00:00+00:00,21.25,52.518494,0.0,23.05,0.185
2023-08-05 05:00:00+00:00,23.15,47.404945,0.0,24.5,0.185
2023-08-05 06:00:00+00:00,25.25,42.7728,0.0,26.45,0.185
2023-08-05 07:00:00+00:00,27.55,36.854515,0.0,28.65,0.185
2023-08-05 08:00:00+00:00,29.5,32.154102,0.0,30.9,0.185
2023-08-05 09:00:00+00:00,31.2,27.473743,0.0,33.1,0.185
2023-08-05 10:00:00+00:00,32.6,22.71457,0.0,34.95,0.185
2023-08-05 11:00:00+00:00,33.4,20.428526,0.0,36.3,0.185
2023-08-05 12:00:00+00:00,33.6,21.04183,0.0,36.95,0.185
2023-08-05 13:00:00+00:00,33.25,20.741894,0.0,36.85,0.185
2023-08-05 14:00:00+00:00,32.75,20.901388,0.0,36.15,0.185
2023-08-05 15:00:00+00:00,31.95,21.570837,0.0,34.95,0.185
2023-08-05 16:00:00+00:00,29.05,34.223717,0.0,33.3,0.185
2023-08-05 17:00:00+00:00,29.05,26.350193,0.0,31.35,0.185
2023-08-05 18:00:00+00:00,25.25,34.887577,0.0,29.65,0.185
2023-08-05 19:00:00+00:00,24.45,33.27095,0.0,28.2,0.185
2023-08-05 20:00:00+00:00,23.6,32.57791,0.0,27.0,0.185
2023-08-05 21:00:00+00:00,22.55,33.76823,0.0,25.95,0.185
2023-08-05 22:00:00+00:00,23.5,30.902857,0.0,25.05,0.185
2023-08-05 23:00:00+00:00,23.95,29.150204,0.0,24.2,0.185
2023-08-06 00:00:00+00:00,23.3,31.6053,0.0,24.3,0.185
2023-08-06 01:00:00+00:00,22.65,33.79676,0.0,23.55,0.185
2023-08-06 02:00:00+00:00,21.6,37.810352,0.0,22.9,0.185
2023-08-06 03:00:00+00:00,20.2,56.77315,0.0,22.45,0.185
2023-08-06 04:00:00+00:00,22.6,38.882412,0.0,23.1,0.185
2023-08-06 05:00:00+00:00,24.75,36.555443,0.0,24.7,0.185
2023-08-06 06:00:00+00:00,26.9,36.187428,0.0,26.9,0.185
2023-08-06 07:00:00+00:00,29.1,33.12436,0.0,29.35,0.185
2023-08-06 08:00:00+00:00,31.2,27.01851,0.0,31.9,0.185
2023-08-06 09:00:00+00:00,32.6,20.792849,0.0,34.1,0.185
2023-08-06 10:00:00+00:00,33.35,18.935179,0.0,35.25,0.185
2023-08-06 11:00:00+00:00,34.1,18.282661,0.0,36.2,0.185
2023-08-06 12:00:00+00:00,34.65,17.36927,0.0,36.6,0.185
2023-08-06 13:00:00+00:00,34.45,16.967756,0.0,36.55,0.185
2023-08-06 14:00:00+00:00,33.95,17.207396,0.0,35.8,0.185
2023-08-06 15:00:00+00:00,33.05,17.479895,0.0,34.75,0.185
2023-08-06 16:00:00+00:00,30.7,21.036175,0.0,33.35,0.185
2023-08-06 17:00:00+00:00,27.2,27.40974,0.0,31.35,0.185
2023-08-06 18:00:00+00:00,26.75,24.938087,0.0,29.8,0.185
2023-08-06 19:00:00+00:00,24.8,27.319437,0.0,28.5,0.185
2023-08-06 20:00:00+00:00,23.0,30.229658,0.0,27.2,0.185
2023-08-06 21:00:00+00:00,22.15,29.46652,0.0,26.1,0.185
2023-08-06 22:00:00+00:00,20.85,33.988586,0.0,25.05,0.185
2023-08-06 23:00:00+00:00,21.3,31.03747,0.0,24.15,0.185
2023-08-07 00:00:00+00:00,23.25,25.772806,0.0,22.7,0.185
2023-08-07 01:00:00+00:00,22.45,27.24558,0.0,22.05,0.185
2023-08-07 02:00:00+00:00,21.6,28.899023,0.0,21.4,0.185
2023-08-07 03:00:00+00:00,21.1,30.223425,0.0,21.05,0.185
2023-08-07 04:00:00+00:00,22.0,32.235416,0.0,21.85,0.185
2023-08-07 05:00:00+00:00,24.45,29.39168,0.0,23.6,0.185
2023-08-07 06:00:00+00:00,26.9,28.18535,0.0,25.95,0.185
2023-08-07 07:00:00+00:00,29.5,23.895678,0.0,28.55,0.185
2023-08-07 08:00:00+00:00,31.85,19.499804,0.0,31.25,0.185
2023-08-07 09:00:00+00:00,33.65,17.13809,0.0,33.75,0.185
2023-08-07 10:00:00+00:00,34.55,16.01835,0.0,35.65,0.185
2023-08-07 11:00:00+00:00,35.0,13.387743,0.0,36.85,0.185
2023-08-07 12:00:00+00:00,34.55,15.796843,0.0,37.85,0.185
2023-08-07 13:00:00+00:00,34.55,15.523768,0.0,38.05,0.185
2023-08-07 14:00:00+00:00,34.45,15.126619,0.0,37.5,0.185
2023-08-07 15:00:00+00:00,33.3,17.416876,0.0,36.2,0.185
2023-08-07 16:00:00+00:00,29.25,31.555794,0.0,34.2,0.185
2023-08-07 17:00:00+00:00,28.35,26.251305,0.0,32.0,0.185
2023-08-07 18:00:00+00:00,27.4,28.908133,0.0,30.6,0.185
2023-08-07 19:00:00+00:00,29.1,21.442171,0.0,29.3,0.185
2023-08-07 20:00:00+00:00,27.1,24.858671,0.0,27.9,0.185
2023-08-07 21:00:00+00:00,27.0,24.831926,0.0,26.7,0.185
2023-08-07 22:00:00+00:00,24.4,31.697596,0.0,25.7,0.185
2023-08-07 23:00:00+00:00,22.55,33.303875,0.0,24.95,0.185
2023-08-08 00:00:00+00:00,24.1,28.888775,0.0,25.1,0.185
2023-08-08 01:00:00+00:00,21.4,39.88369,0.0,24.3,0.185
2023-08-08 02:00:00+00:00,22.4,37.012268,0.0,23.55,0.185
2023-08-08 03:00:00+00:00,21.1,52.82867,0.0,23.1,0.185
2023-08-08 04:00:00+00:00,23.1,39.556564,0.0,23.7,0.185
2023-08-08 05:00:00+00:00,25.45,34.82636,0.0,25.25,0.185
2023-08-08 06:00:00+00:00,27.95,30.161469,0.0,27.45,0.185
2023-08-08 07:00:00+00:00,30.45,27.088827,0.0,30.05,0.185
2023-08-08 08:00:00+00:00,32.65,24.4744,0.0,32.6,0.185
2023-08-08 09:00:00+00:00,34.15,21.684504,0.0,35.0,0.185
2023-08-08 10:00:00+00:00,35.2,17.85982,0.0,37.0,0.185
2023-08-08 11:00:00+00:00,35.7,14.770913,0.0,38.35,0.185
2023-08-08 12:00:00+00:00,35.4,15.49519,0.0,38.75,0.185
2023-08-08 13:00:00+00:00,35.2,14.97411,0.0,38.65,0.185
2023-08-08 14:00:00+00:00,34.55,13.921956,0.0,37.85,0.185
2023-08-08 15:00:00+00:00,33.35,14.165812,0.0,36.45,0.185
2023-08-08 16:00:00+00:00,29.25,27.03881,0.0,34.35,0.185
2023-08-08 17:00:00+00:00,27.55,19.888472,0.0,32.15,0.185
2023-08-08 18:00:00+00:00,25.85,23.428104,0.0,30.35,0.185
2023-08-08 19:00:00+00:00,27.35,19.00731,0.0,28.75,0.185
2023-08-08 20:00:00+00:00,28.6,14.858725,0.0,27.4,0.185
2023-08-08 21:00:00+00:00,27.45,15.375076,0.0,26.2,0.185
2023-08-08 22:00:00+00:00,25.0,18.4309,0.0,25.15,0.185
2023-08-08 23:00:00+00:00,24.75,17.709425,0.0,24.25,0.185
2023-08-09 00:00:00+00:00,24.0,21.424643,0.0,24.25,0.185
2023-08-09 01:00:00+00:00,23.55,21.697016,0.0,23.55,0.185
2023-08-09 02:00:00+00:00,23.3,22.266703,0.0,22.9,0.185
2023-08-09 03:00:00+00:00,20.5,44.06364,0.0,22.5,0.185
2023-08-09 04:00:00+00:00,23.2,29.246147,0.0,23.15,0.185
2023-08-09 05:00:00+00:00,25.5,28.977543,0.0,24.8,0.185
2023-08-09 06:00:00+00:00,28.1,25.915773,0.0,27.15,0.185
2023-08-09 07:00:00+00:00,30.35,24.616564,0.0,29.8,0.185
2023-08-09 08:00:00+00:00,32.7,22.586905,0.0,32.5,0.185
2023-08-09 09:00:00+00:00,34.75,19.403257,0.0,34.95,0.185
2023-08-09 10:00:00+00:00,35.95,16.22035,0.0,36.9,0.185
2023-08-09 11:00:00+00:00,36.5,15.256738,0.0,38.3,0.185
2023-08-09 12:00:00+00:00,36.3,15.966147,0.0,38.85,0.185
2023-08-09 13:00:00+00:00,36.0,14.32756,0.0,38.65,0.185
2023-08-09 14:00:00+00:00,35.6,13.228647,0.0,37.65,0.185
2023-08-09 15:00:00+00:00,34.7,14.658556,0.0,36.45,0.185
2023-08-09 16:00:00+00:00,33.55,14.107864,0.0,34.6,0.185
2023-08-09 17:00:00+00:00,29.1,23.143196,0.0,32.5,0.185
2023-08-09 18:00:00+00:00,26.95,27.435555,0.0,30.75,0.185
2023-08-09 19:00:00+00:00,25.85,29.680218,0.0,29.4,0.185
2023-08-09 20:00:00+00:00,24.45,31.820887,0.0,28.2,0.185
2023-08-09 21:00:00+00:00,23.25,33.50325,0.0,27.1,0.185
2023-08-09 22:00:00+00:00,23.85,31.109083,0.0,26.1,0.185
2023-08-09 23:00:00+00:00,25.4,25.276474,0.0,25.25,0.185
2023-08-10 00:00:00+00:00,25.1,26.462667,0.0,24.5,0.185
2023-08-10 01:00:00+00:00,24.8,26.752693,0.0,23.85,0.185
2023-08-10 02:00:00+00:00,24.35,27.869455,0.0,23.3,0.185
2023-08-10 03:00:00+00:00,24.05,28.874834,0.0,22.95,0.185
2023-08-10 04:00:00+00:00,24.75,30.511133,0.0,23.7,0.185
2023-08-10 05:00:00+00:00,27.0,26.338041,0.0,25.4,0.185
2023-08-10 06:00:00+00:00,29.5,22.929102,0.0,27.75,0.185
2023-08-10 07:00:00+00:00,32.1,20.597586,0.0,30.3,0.185
2023-08-10 08:00:00+00:00,34.4,17.917961,0.0,32.8,0.185
2023-08-10 09:00:00+00:00,36.15,15.878003,0.0,35.0,0.185
2023-08-10 10:00:00+00:00,37.35,13.214154,0.0,36.75,0.185
2023-08-10 11:00:00+00:00,37.7,11.181303,0.0,38.05,0.185
2023-08-10 12:00:00+00:00,38.25,11.445031,0.0,37.95,0.185
2023-08-10 13:00:00+00:00,36.9,12.849162,0.0,37.55,0.185
2023-08-10 14:00:00+00:00,36.45,13.309189,0.0,36.8,0.185
2023-08-10 15:00:00+00:00,34.75,15.622306,0.0,35.65,0.185
2023-08-10 16:00:00+00:00,32.4,17.818941,0.0,34.25,0.185
2023-08-10 17:00:00+00:00,32.4,16.790771,0.0,32.8,0.185
2023-08-10 18:00:00+00:00,28.05,22.240025,0.0,31.1,0.185
2023-08-10 19:00:00+00:00,26.5,23.933167,0.0,29.8,0.185
2023-08-10 20:00:00+00:00,25.1,25.373096,0.0,28.65,0.185
2023-08-10 21:00:00+00:00,24.0,26.254204,0.0,27.55,0.185
2023-08-10 22:00:00+00:00,23.25,26.608236,0.0,26.6,0.185
2023-08-10 23:00:00+00:00,25.4,21.097853,0.0,25.65,0.185
2023-08-11 00:00:00+00:00,25.35,22.087244,0.0,24.2,0.185
2023-08-11 01:00:00+00:00,24.95,22.862629,0.0,23.55,0.185
2023-08-11 02:00:00+00:00,24.55,23.498932,0.0,23.0,0.185
2023-08-11 03:00:00+00:00,24.2,23.996792,0.0,22.65,0.185
2023-08-11 04:00:00+00:00,24.65,26.525019,0.0,23.45,0.185
2023-08-11 05:00:00+00:00,26.45,24.34221,0.0,25.1,0.185
2023-08-11 06:00:00+00:00,29.05,21.28047,0.0,27.45,0.185
2023-08-11 07:00:00+00:00,31.5,19.822336,0.0,29.95,0.185
2023-08-11 08:00:00+00:00,34.35,17.240246,0.0,32.6,0.185
2023-08-11 09:00:00+00:00,36.25,15.04515,0.0,34.5,0.185
2023-08-11 10:00:00+00:00,37.8,11.769229,0.0,36.45,0.185
2023-08-11 11:00:00+00:00,37.2,12.1170435,0.0,36.9,0.185
2023-08-11 12:00:00+00:00,36.15,14.160342,0.0,37.25,0.185
2023-08-11 13:00:00+00:00,36.1,14.248984,0.0,37.25,0.185
2023-08-11 14:00:00+00:00,36.3,13.372139,0.0,37.2,0.185
2023-08-11 15:00:00+00:00,34.4,16.435644,0.0,36.15,0.185
2023-08-11 16:00:00+00:00,33.65,15.817061,0.0,34.2,0.185
2023-08-11 17:00:00+00:00,30.75,20.19196,0.0,32.15,0.185
2023-08-11 18:00:00+00:00,27.05,23.995264,0.0,30.5,0.185
2023-08-11 19:00:00+00:00,26.0,23.139175,0.0,29.25,0.185
2023-08-11 20:00:00+00:00,24.5,22.744097,0.0,28.15,0.185
2023-08-11 21:00:00+00:00,23.0,24.715582,0.0,27.05,0.185
2023-08-11 22:00:00+00:00,22.35,26.643349,0.0,26.1,0.185
2023-08-11 23:00:00+00:00,22.4,28.716267,0.0,25.25,0.185
2023-08-12 00:00:00+00:00,24.25,19.630392,0.0,23.9,0.185
2023-08-12 01:00:00+00:00,23.8,20.094915,0.0,23.15,0.185
2023-08-12 02:00:00+00:00,23.0,21.397724,0.0,22.5,0.185
2023-08-12 03:00:00+00:00,22.6,21.92286,0.0,22.05,0.185
2023-08-12 04:00:00+00:00,23.2,24.41844,0.0,22.75,0.185
2023-08-12 05:00:00+00:00,25.7,22.4955,0.0,24.45,0.185
2023-08-12 06:00:00+00:00,28.2,20.335896,0.0,26.8,0.185
2023-08-12 07:00:00+00:00,30.8,17.19787,0.0,29.45,0.185
2023-08-12 08:00:00+00:00,33.45,14.136786,0.0,32.2,0.185
2023-08-12 09:00:00+00:00,35.7,12.211439,0.0,34.6,0.185
2023-08-12 10:00:00+00:00,37.45,10.4407625,0.0,36.3,0.185
2023-08-12 11:00:00+00:00,36.6,10.703671,0.0,36.65,0.185
2023-08-12 12:00:00+00:00,37.15,9.386201,0.0,37.75,0.185
2023-08-12 13:00:00+00:00,36.0,8.793345,0.0,37.85,0.185
2023-08-12 14:00:00+00:00,35.1,9.5527115,0.0,37.3,0.185
2023-08-12 15:00:00+00:00,32.95,15.6608305,0.0,36.05,0.185
2023-08-12 16:00:00+00:00,32.5,11.25164,0.0,33.9,0.185
2023-08-12 17:00:00+00:00,30.6,12.8128395,0.0,31.65,0.185
2023-08-12 18:00:00+00:00,24.85,21.800497,0.0,29.8,0.185
2023-08-12 19:00:00+00:00,24.65,16.611649,0.0,28.35,0.185
2023-08-12 20:00:00+00:00,23.2,14.643471,0.0,27.2,0.185
2023-08-12 21:00:00+00:00,21.7,14.640983,0.0,26.1,0.185
2023-08-12 22:00:00+00:00,20.95,16.987452,0.0,25.05,0.185
2023-08-12 23:00:00+00:00,24.0,10.375609,0.0,24.1,0.185
2023-08-13 00:00:00+00:00,24.1,10.558108,0.0,23.45,0.185
2023-08-13 01:00:00+00:00,22.95,12.958771,0.0,22.7,0.185
2023-08-13 02:00:00+00:00,22.35,13.699816,0.0,22.0,0.185
2023-08-13 03:00:00+00:00,21.7,14.980417,0.0,21.5,0.185
2023-08-13 04:00:00+00:00,22.4,17.729355,0.0,22.2,0.185
2023-08-13 05:00:00+00:00,24.85,16.23321,0.0,23.9,0.185
2023-08-13 06:00:00+00:00,27.5,15.556071,0.0,26.35,0.185
2023-08-13 07:00:00+00:00,30.0,15.223837,0.0,29.1,0.185
2023-08-13 08:00:00+00:00,32.05,16.593086,0.0,31.85,0.185
2023-08-13 09:00:00+00:00,33.95,16.276972,0.0,34.4,0.185
2023-08-13 10:00:00+00:00,35.7,14.364088,0.0,36.45,0.185
2023-08-13 11:00:00+00:00,36.9,12.4922905,0.0,37.85,0.185
2023-08-13 12:00:00+00:00,37.3,13.343087,0.0,38.3,0.185
2023-08-13 13:00:00+00:00,36.9,12.804065,0.0,38.35,0.185
2023-08-13 14:00:00+00:00,35.95,13.34726,0.0,37.65,0.185
2023-08-13 15:00:00+00:00,34.25,39.69189,0.0,36.45,0.185
2023-08-13 16:00:00+00:00,32.85,20.642649,0.0,34.75,0.185
2023-08-13 17:00:00+00:00,29.6,20.832058,0.0,32.85,0.185
2023-08-13 18:00:00+00:00,28.8,20.558496,0.0,31.45,0.185
2023-08-13 19:00:00+00:00,27.25,21.270136,0.0,30.2,0.185
2023-08-13 20:00:00+00:00,25.5,22.363607,0.0,28.9,0.185
2023-08-13 21:00:00+00:00,25.45,25.02527,0.0,27.75,0.185
2023-08-13 22:00:00+00:00,26.9,20.956682,0.0,26.65,0.185
2023-08-13 23:00:00+00:00,24.6,25.237713,0.0,25.7,0.185
2023-08-14 00:00:00+00:00,23.95,26.612984,0.0,25.8,0.185
2023-08-14 01:00:00+00:00,24.5,24.334604,0.0,24.85,0.185
2023-08-14 02:00:00+00:00,23.85,25.123486,0.0,24.0,0.185
2023-08-14 03:00:00+00:00,22.3,33.00254,0.0,23.4,0.185
2023-08-14 04:00:00+00:00,23.5,28.52082,0.0,23.85,0.185
2023-08-14 05:00:00+00:00,25.8,25.92184,0.0,25.35,0.185
2023-08-14 06:00:00+00:00,28.05,24.344282,0.0,27.6,0.185
2023-08-14 07:00:00+00:00,30.35,22.912746,0.0,30.15,0.185
2023-08-14 08:00:00+00:00,32.85,19.608887,0.0,32.75,0.185
2023-08-14 09:00:00+00:00,35.1,15.057226,0.0,35.15,0.185
2023-08-14 10:00:00+00:00,36.65,12.664326,0.0,37.05,0.185
2023-08-14 11:00:00+00:00,37.1,11.676502,0.0,38.2,0.185
2023-08-14 12:00:00+00:00,37.6,9.428924,0.0,38.55,0.185
2023-08-14 13:00:00+00:00,36.9,9.411884,0.0,38.5,0.185
2023-08-14 14:00:00+00:00,36.15,9.8785,0.0,37.9,0.185
2023-08-14 15:00:00+00:00,34.65,13.221322,0.0,36.65,0.185
2023-08-14 16:00:00+00:00,31.4,12.883083,0.0,34.65,0.185
2023-08-14 17:00:00+00:00,29.8,12.695775,0.0,32.85,0.185
2023-08-14 18:00:00+00:00,27.05,15.739941,0.0,31.1,0.185
2023-08-14 19:00:00+00:00,24.95,20.46049,0.0,29.45,0.185
2023-08-14 20:00:00+00:00,23.85,22.572863,0.0,28.05,0.185
2023-08-14 21:00:00+00:00,23.2,24.76977,0.0,26.8,0.185
2023-08-14 22:00:00+00:00,24.05,22.06411,0.0,25.7,0.185
2023-08-14 23:00:00+00:00,23.55,22.413,0.0,24.75,0.185
2023-08-15 00:00:00+00:00,22.6,24.607176,0.0,24.85,0.185
2023-08-15 01:00:00+00:00,19.5,33.59997,0.0,23.95,0.185
2023-08-15 02:00:00+00:00,20.55,29.854038,0.0,23.15,0.185
2023-08-15 03:00:00+00:00,19.3,44.48222,0.0,22.6,0.185
2023-08-15 04:00:00+00:00,22.2,28.863361,0.0,23.1,0.185
2023-08-15 05:00:00+00:00,24.5,29.303846,0.0,24.6,0.185
2023-08-15 06:00:00+00:00,27.05,27.652103,0.0,26.8,0.185
2023-08-15 07:00:00+00:00,29.8,24.892654,0.0,29.5,0.185
2023-08-15 08:00:00+00:00,32.65,17.630714,0.0,32.1,0.185
2023-08-15 09:00:00+00:00,34.7,12.276468,0.0,34.4,0.185
2023-08-15 10:00:00+00:00,35.85,10.079502,0.0,36.25,0.185
2023-08-15 11:00:00+00:00,36.5,9.241564,0.0,37.6,0.185
2023-08-15 12:00:00+00:00,36.85,5.7130575,0.0,38.3,0.185
2023-08-15 13:00:00+00:00,36.5,5.4531283,0.0,38.4,0.185
2023-08-15 14:00:00+00:00,35.85,5.920073,0.0,37.75,0.185
2023-08-15 15:00:00+00:00,34.35,20.179077,0.0,36.4,0.185
2023-08-15 16:00:00+00:00,32.75,7.453763,0.0,34.0,0.185
2023-08-15 17:00:00+00:00,31.15,8.7420225,0.0,31.65,0.185
2023-08-15 18:00:00+00:00,26.6,13.995693,0.0,29.7,0.185
2023-08-15 19:00:00+00:00,24.75,14.87979,0.0,28.15,0.185
2023-08-15 20:00:00+00:00,23.25,15.801975,0.0,26.75,0.185
2023-08-15 21:00:00+00:00,21.5,16.927511,0.0,25.6,0.185
2023-08-15 22:00:00+00:00,24.7,11.619295,0.0,24.55,0.185
2023-08-15 23:00:00+00:00,23.7,13.472788,0.0,23.65,0.185
2023-08-16 00:00:00+00:00,22.3,15.999844,0.0,23.55,0.185
2023-08-16 01:00:00+00:00,21.8,17.982431,0.0,22.75,0.185
2023-08-16 02:00:00+00:00,19.85,23.084755,0.0,22.0,0.185
2023-08-16 03:00:00+00:00,18.9,33.308105,0.0,21.45,0.185
2023-08-16 04:00:00+00:00,21.2,22.856993,0.0,22.0,0.185
2023-08-16 05:00:00+00:00,23.7,20.587067,0.0,23.6,0.185
2023-08-16 06:00:00+00:00,26.25,19.354555,0.0,25.95,0.185
2023-08-16 07:00:00+00:00,28.7,18.932686,0.0,28.65,0.185
2023-08-16 08:00:00+00:00,31.25,17.796707,0.0,31.35,0.185
2023-08-16 09:00:00+00:00,33.4,14.277537,0.0,33.8,0.185
2023-08-16 10:00:00+00:00,34.75,10.98744,0.0,35.9,0.185
2023-08-16 11:00:00+00:00,35.35,8.463061,0.0,37.45,0.185
2023-08-16 12:00:00+00:00,34.85,10.847624,0.0,38.1,0.185
2023-08-16 13:00:00+00:00,34.9,10.545754,0.0,38.1,0.185
2023-08-16 14:00:00+00:00,34.5,10.245259,0.0,37.4,0.185
2023-08-16 15:00:00+00:00,32.95,11.132096,0.0,35.95,0.185
2023-08-16 16:00:00+00:00,28.4,17.941513,0.0,33.8,0.185
2023-08-16 17:00:00+00:00,26.9,17.142365,0.0,31.45,0.185
2023-08-16 18:00:00+00:00,24.85,19.924887,0.0,29.6,0.185
2023-08-16 19:00:00+00:00,24.85,18.93828,0.0,28.0,0.185
2023-08-16 20:00:00+00:00,24.6,17.934555,0.0,26.6,0.185
2023-08-16 21:00:00+00:00,25.75,14.553327,0.0,25.45,0.185
2023-08-16 22:00:00+00:00,25.0,14.5501375,0.0,24.4,0.185
2023-08-16 23:00:00+00:00,24.1,14.734128,0.0,23.5,0.185
2023-08-17 00:00:00+00:00,21.6,20.498888,0.0,22.25,0.185
2023-08-17 01:00:00+00:00,21.55,20.866873,0.0,21.6,0.185
2023-08-17 02:00:00+00:00,19.65,25.335583,0.0,21.0,0.185
2023-08-17 03:00:00+00:00,20.65,22.877316,0.0,20.6,0.185
2023-08-17 04:00:00+00:00,20.85,25.298029,0.0,21.25,0.185
2023-08-17 05:00:00+00:00,23.4,22.1327,0.0,22.95,0.185
2023-08-17 06:00:00+00:00,26.0,20.142595,0.0,25.4,0.185
2023-08-17 07:00:00+00:00,28.5,18.81691,0.0,28.1,0.185
2023-08-17 08:00:00+00:00,30.8,17.319847,0.0,30.85,0.185
2023-08-17 09:00:00+00:00,32.75,15.45167,0.0,33.4,0.185
2023-08-17 10:00:00+00:00,34.2,12.668036,0.0,35.4,0.185
2023-08-17 11:00:00+00:00,35.0,11.195079,0.0,36.7,0.185
2023-08-17 12:00:00+00:00,34.75,11.599906,0.0,37.25,0.185
2023-08-17 13:00:00+00:00,34.3,12.023058,0.0,36.65,0.185
2023-08-17 14:00:00+00:00,34.1,11.769435,0.0,35.8,0.185
2023-08-17 15:00:00+00:00,33.1,13.185455,0.0,34.65,0.185
2023-08-17 16:00:00+00:00,28.95,20.813776,0.0,32.95,0.185
2023-08-17 17:00:00+00:00,26.3,20.729923,0.0,30.9,0.185
2023-08-17 18:00:00+00:00,25.75,18.346624,0.0,29.35,0.185
2023-08-17 19:00:00+00:00,24.25,18.314386,0.0,28.05,0.185
2023-08-17 20:00:00+00:00,22.55,20.44211,0.0,26.85,0.185
2023-08-17 21:00:00+00:00,21.8,21.475956,0.0,25.75,0.185
2023-08-17 22:00:00+00:00,21.2,24.670456,0.0,24.75,0.185
2023-08-17 23:00:00+00:00,23.8,17.74056,0.0,23.95,0.185
2023-08-18 00:00:00+00:00,21.95,25.054417,0.0,22.6,0.185
2023-08-18 01:00:00+00:00,23.45,19.715902,0.0,22.0,0.185
2023-08-18 02:00:00+00:00,18.9,30.026548,0.0,21.45,0.185
2023-08-18 03:00:00+00:00,19.75,35.74688,0.0,21.15,0.185
2023-08-18 04:00:00+00:00,23.3,23.926561,0.0,21.85,0.185
2023-08-18 05:00:00+00:00,25.85,21.904057,0.0,23.65,0.185
2023-08-18 06:00:00+00:00,28.8,17.157309,0.0,26.1,0.185
2023-08-18 07:00:00+00:00,31.3,14.650634,0.0,28.8,0.185
2023-08-18 08:00:00+00:00,33.4,12.82635,0.0,31.75,0.185
2023-08-18 09:00:00+00:00,34.4,11.742759,0.0,34.1,0.185
2023-08-18 10:00:00+00:00,34.65,11.414592,0.0,35.65,0.185
2023-08-18 11:00:00+00:00,34.6,11.571049,0.0,36.45,0.185
2023-08-18 12:00:00+00:00,35.5,9.835915,0.0,36.35,0.185
2023-08-18 13:00:00+00:00,34.15,11.319228,0.0,35.7,0.185
2023-08-18 14:00:00+00:00,33.35,12.362564,0.0,34.9,0.185
2023-08-18 15:00:00+00:00,32.65,12.674194,0.0,34.0,0.185
2023-08-18 16:00:00+00:00,29.5,14.680763,0.0,32.4,0.185
2023-08-18 17:00:00+00:00,26.7,17.984913,0.0,30.6,0.185
2023-08-18 18:00:00+00:00,24.7,24.13064,0.0,29.0,0.185
2023-08-18 19:00:00+00:00,24.65,22.621586,0.0,27.5,0.185
2023-08-18 20:00:00+00:00,27.0,16.980177,0.0,26.3,0.185
2023-08-18 21:00:00+00:00,25.6,18.376692,0.0,25.2,0.185
2023-08-18 22:00:00+00:00,23.95,20.206278,0.0,24.25,0.185
2023-08-18 23:00:00+00:00,23.15,21.281631,0.0,23.35,0.185
2023-08-19 00:00:00+00:00,21.0,28.22226,0.0,23.0,0.185
2023-08-19 01:00:00+00:00,20.95,27.51077,0.0,22.25,0.185
2023-08-19 02:00:00+00:00,20.35,28.649097,0.0,21.55,0.185
2023-08-19 03:00:00+00:00,19.75,30.269373,0.0,21.05,0.186
2023-08-19 04:00:00+00:00,20.6,30.728907,0.0,21.6,0.186
2023-08-19 05:00:00+00:00,22.95,29.900318,0.0,23.2,0.186
2023-08-19 06:00:00+00:00,25.4,28.750517,0.0,25.45,0.186
2023-08-19 07:00:00+00:00,27.85,25.407305,0.0,28.05,0.186
2023-08-19 08:00:00+00:00,30.25,21.510761,0.0,30.7,0.186
2023-08-19 09:00:00+00:00,32.25,18.606405,0.0,33.1,0.185
2023-08-19 10:00:00+00:00,33.8,15.850576,0.0,34.8,0.185
2023-08-19 11:00:00+00:00,35.2,11.898178,0.0,36.0,0.185
2023-08-19 12:00:00+00:00,36.05,9.969167,0.0,36.75,0.185
2023-08-19 13:00:00+00:00,35.3,10.696424,0.0,36.75,0.185
2023-08-19 14:00:00+00:00,34.5,11.510154,0.0,36.2,0.185
2023-08-19 15:00:00+00:00,32.95,11.974763,0.0,35.0,0.185
2023-08-19 16:00:00+00:00,29.05,12.496097,0.0,33.0,0.185
2023-08-19 17:00:00+00:00,26.7,14.763918,0.0,30.95,0.185
2023-08-19 18:00:00+00:00,25.0,18.76957,0.0,29.2,0.185
2023-08-19 19:00:00+00:00,23.0,23.590506,0.0,27.7,0.185
2023-08-19 20:00:00+00:00,21.8,26.114735,0.0,26.3,0.185
2023-08-19 21:00:00+00:00,24.25,18.858637,0.0,25.15,0.185
2023-08-19 22:00:00+00:00,21.8,23.184965,0.0,24.2,0.185
2023-08-19 23:00:00+00:00,23.2,18.73636,0.0,23.35,0.186
2023-08-20 00:00:00+00:00,23.45,23.123266,0.0,23.85,0.186
2023-08-20 01:00:00+00:00,22.25,26.615702,0.0,23.05,0.186
2023-08-20 02:00:00+00:00,19.95,33.492733,0.0,22.35,0.186
2023-08-20 03:00:00+00:00,20.85,32.47365,0.0,21.75,0.186
2023-08-20 04:00:00+00:00,21.05,35.376415,0.0,22.25,0.186
2023-08-20 05:00:00+00:00,23.25,32.930523,0.0,23.7,0.186
2023-08-20 06:00:00+00:00,25.55,32.350388,0.0,25.9,0.186
2023-08-20 07:00:00+00:00,27.65,30.591059,0.0,28.35,0.186
2023-08-20 08:00:00+00:00,29.85,26.119555,0.0,30.85,0.186
2023-08-20 09:00:00+00:00,31.85,20.891302,0.0,33.15,0.186
2023-08-20 10:00:00+00:00,33.25,18.144384,0.0,34.8,0.186
2023-08-20 11:00:00+00:00,33.85,16.771826,0.0,35.8,0.186
2023-08-20 12:00:00+00:00,34.6,14.637034,0.0,36.3,0.185
2023-08-20 13:00:00+00:00,34.2,13.946858,0.0,36.35,0.185
2023-08-20 14:00:00+00:00,33.7,10.673556,0.0,35.75,0.185
2023-08-20 15:00:00+00:00,32.0,13.387942,0.0,34.5,0.185
2023-08-20 16:00:00+00:00,27.8,16.922592,0.0,32.3,0.185
2023-08-20 17:00:00+00:00,25.9,16.297518,0.0,30.25,0.185
2023-08-20 18:00:00+00:00,24.6,17.097555,0.0,28.65,0.185
2023-08-20 19:00:00+00:00,22.55,20.292814,0.0,27.25,0.186
2023-08-20 20:00:00+00:00,20.95,24.424383,0.0,25.95,0.186
2023-08-20 21:00:00+00:00,20.45,25.742125,0.0,24.8,0.186
2023-08-20 22:00:00+00:00,23.1,19.990349,0.0,23.8,0.186
2023-08-20 23:00:00+00:00,22.6,20.454926,0.0,22.9,0.186
2023-08-21 00:00:00+00:00,22.1,24.559874,0.0,22.05,0.186
2023-08-21 01:00:00+00:00,21.35,25.897316,0.0,21.4,0.186
2023-08-21 02:00:00+00:00,20.75,26.772995,0.0,20.85,0.186
2023-08-21 03:00:00+00:00,20.45,26.979637,0.0,20.35,0.186
2023-08-21 04:00:00+00:00,21.4,28.334612,0.0,21.0,0.186
2023-08-21 05:00:00+00:00,24.1,25.460041,0.0,22.75,0.186
2023-08-21 06:00:00+00:00,26.8,22.943752,0.0,25.15,0.186
2023-08-21 07:00:00+00:00,29.35,20.195974,0.0,27.85,0.186
2023-08-21 08:00:00+00:00,31.8,16.303905,0.0,30.55,0.186
2023-08-21 09:00:00+00:00,33.8,13.377601,0.0,32.9,0.186
2023-08-21 10:00:00+00:00,35.2,11.898178,0.0,34.85,0.186
2023-08-21 11:00:00+00:00,35.75,9.421117,0.0,36.2,0.186
2023-08-21 12:00:00+00:00,35.05,8.701268,0.0,36.5,0.186
2023-08-21 13:00:00+00:00,34.55,7.0832705,0.0,36.65,0.186
2023-08-21 14:00:00+00:00,33.6,7.6414638,0.0,36.0,0.186
2023-08-21 15:00:00+00:00,31.15,23.75759,0.0,34.6,0.186
2023-08-21 16:00:00+00:00,26.95,16.302382,0.0,32.3,0.186
2023-08-21 17:00:00+00:00,25.95,13.395458,0.0,30.35,0.186
2023-08-21 18:00:00+00:00,23.55,15.40241,0.0,28.7,0.186
2023-08-21 19:00:00+00:00,22.2,16.589834,0.0,27.25,0.186
2023-08-21 20:00:00+00:00,21.0,18.055643,0.0,25.95,0.186
2023-08-21 21:00:00+00:00,20.9,17.895943,0.0,24.85,0.186
2023-08-21 22:00:00+00:00,20.75,20.431128,0.0,23.9,0.186
2023-08-21 23:00:00+00:00,22.3,16.489172,0.0,23.05,0.186
2023-08-22 00:00:00+00:00,22.25,17.495775,0.0,21.9,0.186
2023-08-22 01:00:00+00:00,21.35,18.832495,0.0,21.2,0.186
2023-08-22 02:00:00+00:00,20.5,20.140627,0.0,20.55,0.186
2023-08-22 03:00:00+00:00,20.2,20.902159,0.0,20.0,0.186
2023-08-22 04:00:00+00:00,21.0,21.902365,0.0,20.65,0.186
2023-08-22 05:00:00+00:00,23.05,22.443048,0.0,22.35,0.186
2023-08-22 06:00:00+00:00,25.65,21.313677,0.0,24.75,0.186
2023-08-22 07:00:00+00:00,28.3,19.65433,0.0,27.5,0.186
2023-08-22 08:00:00+00:00,30.7,16.400467,0.0,30.2,0.186
2023-08-22 09:00:00+00:00,32.55,13.747227,0.0,32.55,0.186
2023-08-22 10:00:00+00:00,33.8,13.282428,0.0,34.35,0.186
2023-08-22 11:00:00+00:00,34.55,13.295001,0.0,35.75,0.186
2023-08-22 12:00:00+00:00,34.75,12.916299,0.0,36.7,0.186
2023-08-22 13:00:00+00:00,34.5,12.819749,0.0,36.85,0.186
2023-08-22 14:00:00+00:00,33.75,12.176337,0.0,36.2,0.186
2023-08-22 15:00:00+00:00,32.3,13.258007,0.0,34.85,0.186
2023-08-22 16:00:00+00:00,27.7,18.35733,0.0,32.7,0.186
2023-08-22 17:00:00+00:00,26.3,18.34768,0.0,30.65,0.186
2023-08-22 18:00:00+00:00,25.4,18.868223,0.0,29.05,0.186
2023-08-22 19:00:00+00:00,24.35,20.015642,0.0,27.75,0.186
2023-08-22 20:00:00+00:00,22.3,26.629534,0.0,26.55,0.186
2023-08-22 21:00:00+00:00,24.55,20.139025,0.0,25.35,0.186
2023-08-22 22:00:00+00:00,23.1,22.618933,0.0,24.3,0.186
2023-08-22 23:00:00+00:00,22.4,24.02884,0.0,23.4,0.186
2023-08-23 00:00:00+00:00,22.35,27.217815,0.0,23.3,0.186
2023-08-23 01:00:00+00:00,21.55,28.88495,0.0,22.5,0.186
2023-08-23 02:00:00+00:00,21.15,29.812365,0.0,21.8,0.186
2023-08-23 03:00:00+00:00,20.5,31.360168,0.0,21.25,0.186
2023-08-23 04:00:00+00:00,21.1,32.54523,0.0,21.75,0.186
2023-08-23 05:00:00+00:00,23.6,29.978699,0.0,23.35,0.186
2023-08-23 06:00:00+00:00,25.9,32.119892,0.0,25.6,0.186
2023-08-23 07:00:00+00:00,28.2,29.625027,0.0,28.2,0.186
2023-08-23 08:00:00+00:00,30.55,23.04323,0.0,30.8,0.186
2023-08-23 09:00:00+00:00,32.3,18.045126,0.0,33.05,0.186
2023-08-23 10:00:00+00:00,33.35,16.6575,0.0,34.6,0.186
2023-08-23 11:00:00+00:00,34.5,14.666987,0.0,35.9,0.186
2023-08-23 12:00:00+00:00,34.65,13.268383,0.0,36.55,0.186
2023-08-23 13:00:00+00:00,34.4,12.482922,0.0,36.7,0.186
2023-08-23 14:00:00+00:00,33.65,12.244635,0.0,36.05,0.186
2023-08-23 15:00:00+00:00,32.05,12.969491,0.0,34.7,0.186
2023-08-23 16:00:00+00:00,27.2,18.367867,0.0,32.55,0.186
2023-08-23 17:00:00+00:00,25.15,19.571669,0.0,30.35,0.186
2023-08-23 18:00:00+00:00,24.5,17.455433,0.0,28.65,0.186
2023-08-23 19:00:00+00:00,23.0,18.61794,0.0,27.35,0.186
2023-08-23 20:00:00+00:00,21.75,20.537521,0.0,26.15,0.186
2023-08-23 21:00:00+00:00,20.85,23.099174,0.0,25.1,0.186
2023-08-23 22:00:00+00:00,22.25,21.91074,0.0,24.05,0.186
2023-08-23 23:00:00+00:00,22.65,20.845419,0.0,23.1,0.186
2023-08-24 00:00:00+00:00,21.35,24.890612,0.0,22.0,0.186
2023-08-24 01:00:00+00:00,20.75,26.39015,0.0,21.3,0.186
2023-08-24 02:00:00+00:00,20.15,27.782694,0.0,20.7,0.186
2023-08-24 03:00:00+00:00,19.8,28.802591,0.0,20.2,0.186
2023-08-24 04:00:00+00:00,20.6,29.551023,0.0,20.75,0.186
2023-08-24 05:00:00+00:00,23.05,26.741934,0.0,22.45,0.186
2023-08-24 06:00:00+00:00,25.75,23.56737,0.0,24.8,0.186
2023-08-24 07:00:00+00:00,28.4,20.242914,0.0,27.5,0.186
2023-08-24 08:00:00+00:00,30.6,17.457212,0.0,30.25,0.186
2023-08-24 09:00:00+00:00,32.4,15.759663,0.0,32.55,0.186
2023-08-24 10:00:00+00:00,33.9,14.537811,0.0,34.45,0.186
2023-08-24 11:00:00+00:00,34.65,12.942043,0.0,35.95,0.186
2023-08-24 12:00:00+00:00,34.35,12.032871,0.0,36.75,0.186
2023-08-24 13:00:00+00:00,33.8,12.055011,0.0,36.7,0.186
2023-08-24 14:00:00+00:00,33.1,12.628085,0.0,35.95,0.186
2023-08-24 15:00:00+00:00,31.6,15.415184,0.0,34.55,0.186
2023-08-24 16:00:00+00:00,31.0,13.667448,0.0,32.3,0.186
2023-08-24 17:00:00+00:00,26.1,21.505732,0.0,30.2,0.186
2023-08-24 18:00:00+00:00,24.35,20.455502,0.0,28.45,0.186
2023-08-24 19:00:00+00:00,24.0,18.934849,0.0,27.15,0.186
2023-08-24 20:00:00+00:00,23.2,21.063784,0.0,26.1,0.186
2023-08-24 21:00:00+00:00,21.65,28.607159,0.0,25.05,0.186
2023-08-24 22:00:00+00:00,23.65,23.34309,0.0,24.05,0.186
2023-08-24 23:00:00+00:00,22.45,26.014215,0.0,23.2,0.186
2023-08-25 00:00:00+00:00,22.1,28.835278,0.0,23.1,0.186
2023-08-25 01:00:00+00:00,21.5,30.551668,0.0,22.35,0.186
2023-08-25 02:00:00+00:00,20.5,33.415413,0.0,21.7,0.186
2023-08-25 03:00:00+00:00,19.95,35.306488,0.0,21.2,0.186
2023-08-25 04:00:00+00:00,20.65,35.632122,0.0,21.7,0.186
2023-08-25 05:00:00+00:00,22.8,35.146244,0.0,23.25,0.186
2023-08-25 06:00:00+00:00,24.9,41.42084,0.0,25.4,0.186
2023-08-25 07:00:00+00:00,26.95,37.547752,0.0,27.85,0.186
2023-08-25 08:00:00+00:00,28.95,31.36779,0.0,30.45,0.186
2023-08-25 09:00:00+00:00,30.5,25.766478,0.0,32.6,0.186
2023-08-25 10:00:00+00:00,31.4,22.94874,0.0,34.05,0.186
2023-08-25 11:00:00+00:00,32.0,20.014141,0.0,34.85,0.186
2023-08-25 12:00:00+00:00,32.15,21.0382,0.0,35.35,0.186
2023-08-25 13:00:00+00:00,32.25,17.72167,0.0,35.1,0.186
2023-08-25 14:00:00+00:00,31.75,17.056686,0.0,34.4,0.186
2023-08-25 15:00:00+00:00,30.45,19.908506,0.0,33.2,0.186
2023-08-25 16:00:00+00:00,27.4,25.112223,0.0,31.45,0.186
2023-08-25 17:00:00+00:00,24.65,32.539585,0.0,29.55,0.186
2023-08-25 18:00:00+00:00,24.3,33.114902,0.0,28.15,0.186
2023-08-25 19:00:00+00:00,22.65,37.980606,0.0,26.85,0.186
2023-08-25 20:00:00+00:00,21.05,45.124844,0.0,25.75,0.186
2023-08-25 21:00:00+00:00,21.85,42.2469,0.0,24.7,0.186
2023-08-25 22:00:00+00:00,21.2,44.11041,0.0,23.75,0.186
2023-08-25 23:00:00+00:00,20.5,45.895576,0.0,22.85,0.186
2023-08-26 00:00:00+00:00,20.6,48.633007,0.0,23.65,0.186
2023-08-26 01:00:00+00:00,21.3,44.588314,0.0,22.85,0.186
2023-08-26 02:00:00+00:00,20.2,46.753662,0.0,22.1,0.186
2023-08-26 03:00:00+00:00,18.95,50.01717,0.0,21.45,0.186
2023-08-26 04:00:00+00:00,19.15,48.07335,0.0,21.75,0.186
2023-08-26 05:00:00+00:00,21.0,40.595764,0.0,23.05,0.186
2023-08-26 06:00:00+00:00,22.75,36.608112,0.0,24.95,0.186
2023-08-26 07:00:00+00:00,24.9,31.72965,0.0,27.15,0.186
2023-08-26 08:00:00+00:00,27.15,25.748829,0.0,29.45,0.186
2023-08-26 09:00:00+00:00,28.85,22.918783,0.0,31.55,0.186
2023-08-26 10:00:00+00:00,30.05,21.385817,0.0,33.3,0.186
2023-08-26 11:00:00+00:00,30.85,19.93798,0.0,34.65,0.186
2023-08-26 12:00:00+00:00,31.05,19.103846,0.0,35.3,0.186
2023-08-26 13:00:00+00:00,30.95,17.850971,0.0,35.3,0.186
2023-08-26 14:00:00+00:00,30.5,17.807133,0.0,34.6,0.186
2023-08-26 15:00:00+00:00,29.35,21.356651,0.0,33.25,0.186
2023-08-26 16:00:00+00:00,26.45,22.059572,0.0,31.25,0.186
2023-08-26 17:00:00+00:00,25.2,22.604843,0.0,29.45,0.186
2023-08-26 18:00:00+00:00,23.25,25.956423,0.0,27.85,0.186
2023-08-26 19:00:00+00:00,21.85,30.116447,0.0,26.35,0.186
2023-08-26 20:00:00+00:00,22.3,27.495235,0.0,25.05,0.186
2023-08-26 21:00:00+00:00,21.35,28.421541,0.0,23.95,0.186
2023-08-26 22:00:00+00:00,19.2,32.343723,0.0,22.95,0.186
2023-08-26 23:00:00+00:00,20.05,28.56436,0.0,22.1,0.186
2023-08-27 00:00:00+00:00,19.4,29.739786,0.0,21.9,0.186
2023-08-27 01:00:00+00:00,18.5,31.798302,0.0,21.1,0.186
2023-08-27 02:00:00+00:00,17.85,33.963108,0.0,20.4,0.186
2023-08-27 03:00:00+00:00,17.4,36.33835,0.0,19.8,0.186
2023-08-27 04:00:00+00:00,17.8,38.305138,0.0,20.2,0.186
2023-08-27 05:00:00+00:00,19.95,35.554768,0.0,21.6,0.186
2023-08-27 06:00:00+00:00,22.4,31.680147,0.0,23.8,0.186
2023-08-27 07:00:00+00:00,24.75,29.272104,0.0,26.3,0.186
2023-08-27 08:00:00+00:00,27.0,27.449232,0.0,28.9,0.186
2023-08-27 09:00:00+00:00,29.15,24.467363,0.0,31.3,0.186
2023-08-27 10:00:00+00:00,30.95,20.666388,0.0,33.25,0.186
2023-08-27 11:00:00+00:00,32.1,18.635092,0.0,34.5,0.186
2023-08-27 12:00:00+00:00,32.05,19.752165,0.0,35.15,0.186
2023-08-27 13:00:00+00:00,31.9,19.852049,0.0,34.95,0.186
2023-08-27 14:00:00+00:00,31.5,19.213207,0.0,34.25,0.186
2023-08-27 15:00:00+00:00,30.35,20.587898,0.0,33.0,0.186
2023-08-27 16:00:00+00:00,29.4,20.493309,0.0,30.9,0.186
2023-08-27 17:00:00+00:00,25.05,25.538338,0.0,29.05,0.186
2023-08-27 18:00:00+00:00,23.65,25.973944,0.0,27.65,0.186
2023-08-27 19:00:00+00:00,22.1,28.63212,0.0,26.4,0.186
2023-08-27 20:00:00+00:00,20.7,32.430683,0.0,25.25,0.186
2023-08-27 21:00:00+00:00,19.6,37.365726,0.0,24.15,0.186
2023-08-27 22:00:00+00:00,19.0,38.11568,0.0,23.25,0.186
2023-08-27 23:00:00+00:00,19.0,36.932247,0.0,22.45,0.186
2023-08-28 00:00:00+00:00,21.2,32.803,0.0,21.4,0.186
2023-08-28 01:00:00+00:00,20.65,33.93113,0.0,20.8,0.186
2023-08-28 02:00:00+00:00,20.15,34.99461,0.0,20.35,0.186
2023-08-28 03:00:00+00:00,19.85,35.65064,0.0,19.9,0.186
2023-08-28 04:00:00+00:00,20.5,35.837994,0.0,20.45,0.186
2023-08-28 05:00:00+00:00,22.85,31.477795,0.0,22.1,0.186
2023-08-28 06:00:00+00:00,25.5,27.038443,0.0,24.45,0.186
2023-08-28 07:00:00+00:00,28.15,23.54126,0.0,27.1,0.186
2023-08-28 08:00:00+00:00,30.9,19.000942,0.0,29.75,0.186
2023-08-28 09:00:00+00:00,32.75,14.496049,0.0,32.4,0.186
2023-08-28 10:00:00+00:00,33.2,13.541415,0.0,34.45,0.186
2023-08-28 11:00:00+00:00,33.05,13.655984,0.0,35.55,0.186
2023-08-28 12:00:00+00:00,32.3,16.591986,0.0,36.2,0.186
2023-08-28 13:00:00+00:00,31.8,15.025473,0.0,35.95,0.186
2023-08-28 14:00:00+00:00,30.6,15.357452,0.0,34.95,0.186
2023-08-28 15:00:00+00:00,28.8,18.756592,0.0,33.4,0.186
2023-08-28 16:00:00+00:00,25.8,25.031796,0.0,31.3,0.186
2023-08-28 17:00:00+00:00,24.55,29.829988,0.0,29.5,0.186
2023-08-28 18:00:00+00:00,23.05,37.452053,0.0,27.95,0.186
2023-08-28 19:00:00+00:00,24.5,31.944523,0.0,26.65,0.186
2023-08-28 20:00:00+00:00,22.65,37.083668,0.0,25.5,0.186
2023-08-28 21:00:00+00:00,20.05,43.937077,0.0,24.45,0.186
2023-08-28 22:00:00+00:00,19.1,46.767006,0.0,23.65,0.186
2023-08-28 23:00:00+00:00,18.3,48.998302,0.0,22.95,0.186
2023-08-29 00:00:00+00:00,17.9,49.73261,0.0,22.45,0.186
2023-08-29 01:00:00+00:00,18.25,50.683487,0.0,21.95,0.186
2023-08-29 02:00:00+00:00,17.9,58.510757,0.0,21.6,0.186
2023-08-29 03:00:00+00:00,17.3,65.18261,0.0,21.15,0.186
2023-08-29 04:00:00+00:00,18.6,55.99658,0.0,21.45,0.186
2023-08-29 05:00:00+00:00,20.6,47.181416,0.0,22.55,0.187
2023-08-29 06:00:00+00:00,21.8,45.029667,0.1,23.95,0.188
2023-08-29 07:00:00+00:00,23.55,40.087116,0.0,25.75,0.188
2023-08-29 08:00:00+00:00,25.6,34.63423,0.0,28.1,0.188
2023-08-29 09:00:00+00:00,26.95,31.764786,0.0,30.35,0.188
2023-08-29 10:00:00+00:00,27.65,28.488325,0.0,31.6,0.188
2023-08-29 11:00:00+00:00,22.05,51.523266,1.1,30.4,0.198
2023-08-29 12:00:00+00:00,23.9,36.93566,0.9,29.9,0.204
2023-08-29 13:00:00+00:00,24.55,35.403362,0.0,30.0,0.204
2023-08-29 14:00:00+00:00,24.65,34.365433,0.0,29.65,0.204
2023-08-29 15:00:00+00:00,23.85,35.20454,0.0,28.7,0.203
2023-08-29 16:00:00+00:00,22.6,38.882412,0.0,27.35,0.203
2023-08-29 17:00:00+00:00,21.65,43.20271,0.0,26.15,0.203
2023-08-29 18:00:00+00:00,20.3,49.541588,0.0,25.05,0.203
2023-08-29 19:00:00+00:00,18.75,58.52237,0.0,23.95,0.203
2023-08-29 20:00:00+00:00,18.9,58.55888,0.0,23.1,0.203
2023-08-29 21:00:00+00:00,18.05,61.966927,0.0,22.35,0.203
2023-08-29 22:00:00+00:00,18.5,57.300274,0.0,21.6,0.203
2023-08-29 23:00:00+00:00,17.4,60.58698,0.0,20.9,0.203
2023-08-30 00:00:00+00:00,17.25,61.781944,0.0,19.8,0.218
2023-08-30 01:00:00+00:00,16.55,64.80202,0.0,19.3,0.218
2023-08-30 02:00:00+00:00,16.0,65.99755,0.0,18.85,0.218
2023-08-30 03:00:00+00:00,14.9,72.74282,0.0,18.45,0.218
2023-08-30 04:00:00+00:00,16.45,64.78005,0.0,18.85,0.218
2023-08-30 05:00:00+00:00,18.35,59.60739,0.0,20.15,0.218
2023-08-30 06:00:00+00:00,20.4,51.08689,0.0,22.1,0.217
2023-08-30 07:00:00+00:00,22.5,44.028347,0.0,24.35,0.217
2023-08-30 08:00:00+00:00,24.5,38.119617,0.0,26.65,0.216
2023-08-30 09:00:00+00:00,26.2,32.53317,0.0,28.8,0.215
2023-08-30 10:00:00+00:00,27.35,28.212519,0.0,30.5,0.214
2023-08-30 11:00:00+00:00,28.0,25.623255,0.0,31.7,0.214
2023-08-30 12:00:00+00:00,27.15,26.929426,0.0,32.25,0.213
2023-08-30 13:00:00+00:00,27.85,24.886696,0.0,32.2,0.212
2023-08-30 14:00:00+00:00,27.6,24.563416,0.0,31.45,0.212
2023-08-30 15:00:00+00:00,26.65,26.793207,0.0,30.05,0.212
2023-08-30 16:00:00+00:00,25.5,30.19909,0.0,28.25,0.211
2023-08-30 17:00:00+00:00,22.25,40.262104,0.0,26.6,0.211
2023-08-30 18:00:00+00:00,21.3,44.739174,0.0,25.25,0.211
2023-08-30 19:00:00+00:00,20.1,48.333485,0.0,24.1,0.211
2023-08-30 20:00:00+00:00,18.95,51.390152,0.0,23.15,0.211
2023-08-30 21:00:00+00:00,18.2,52.956543,0.0,22.3,0.211
2023-08-30 22:00:00+00:00,17.55,54.240242,0.0,21.5,0.211
2023-08-30 23:00:00+00:00,17.05,55.981636,0.0,20.8,0.211
2023-08-31 00:00:00+00:00,18.85,51.017082,0.0,19.7,0.211
2023-08-31 01:00:00+00:00,18.7,51.14994,0.0,19.2,0.211
2023-08-31 02:00:00+00:00,18.1,53.29011,0.0,18.8,0.211
2023-08-31 03:00:00+00:00,17.7,54.648136,0.0,18.45,0.211
2023-08-31 04:00:00+00:00,18.4,53.549152,0.0,18.95,0.211
2023-08-31 05:00:00+00:00,20.7,46.891647,0.0,20.5,0.211
2023-08-31 06:00:00+00:00,23.05,40.90053,0.0,22.7,0.21
2023-08-31 07:00:00+00:00,25.45,34.708923,0.0,25.2,0.21
2023-08-31 08:00:00+00:00,27.55,29.646023,0.0,27.8,0.209
2023-08-31 09:00:00+00:00,29.3,23.679735,0.0,30.1,0.209
2023-08-31 10:00:00+00:00,30.3,19.802237,0.0,31.9,0.208
2023-08-31 11:00:00+00:00,30.85,18.335518,0.0,33.05,0.207
2023-08-31 12:00:00+00:00,30.55,19.317272,0.0,33.7,0.207
2023-08-31 13:00:00+00:00,30.6,18.469297,0.0,33.45,0.206
2023-08-31 14:00:00+00:00,30.1,19.274784,0.0,32.6,0.206
2023-08-31 15:00:00+00:00,28.45,25.132977,0.0,31.25,0.206
2023-08-31 16:00:00+00:00,25.9,28.103533,0.0,29.2,0.206
2023-08-31 17:00:00+00:00,23.25,34.91385,0.0,27.4,0.206
2023-08-31 18:00:00+00:00,21.75,40.11998,0.0,25.95,0.206
2023-08-31 19:00:00+00:00,20.65,42.339096,0.0,24.8,0.206
2023-08-31 20:00:00+00:00,19.85,42.548157,0.0,23.8,0.206
2023-08-31 21:00:00+00:00,19.1,43.819336,0.0,22.9,0.205
2023-08-31 22:00:00+00:00,18.1,47.784096,0.0,22.1,0.205
2023-08-31 23:00:00+00:00,19.25,43.262653,0.0,21.3,0.205
2023-09-01 00:00:00+00:00,19.3,45.40562,0.0,20.7,0.205
2023-09-01 01:00:00+00:00,20.35,41.53629,0.0,20.15,0.205
2023-09-01 02:00:00+00:00,19.3,44.78816,0.0,19.65,0.205
2023-09-01 03:00:00+00:00,19.0,45.633286,0.0,19.25,0.205
2023-09-01 04:00:00+00:00,19.5,45.617046,0.0,19.7,0.205
2023-09-01 05:00:00+00:00,21.55,41.030872,0.0,21.25,0.205
2023-09-01 06:00:00+00:00,24.0,35.367435,0.0,23.4,0.205
2023-09-01 07:00:00+00:00,26.6,29.787035,0.0,26.0,0.205
2023-09-01 08:00:00+00:00,28.9,24.90923,0.0,28.55,0.204
2023-09-01 09:00:00+00:00,30.6,21.748978,0.0,30.7,0.204
2023-09-01 10:00:00+00:00,31.8,19.964909,0.0,32.25,0.204
2023-09-01 11:00:00+00:00,32.5,18.992016,0.0,33.45,0.203
2023-09-01 12:00:00+00:00,32.15,19.573044,0.0,34.15,0.203
2023-09-01 13:00:00+00:00,32.2,18.91966,0.0,33.75,0.203
2023-09-01 14:00:00+00:00,32.0,18.353947,0.0,33.15,0.203
2023-09-01 15:00:00+00:00,30.45,20.47029,0.0,32.0,0.202
2023-09-01 16:00:00+00:00,26.25,29.386387,0.0,30.1,0.202
2023-09-01 17:00:00+00:00,24.7,30.813995,0.0,28.35,0.202
2023-09-01 18:00:00+00:00,22.6,36.440212,0.0,26.95,0.202
2023-09-01 19:00:00+00:00,21.4,39.072586,0.0,25.75,0.202
2023-09-01 20:00:00+00:00,20.75,40.247345,0.0,24.65,0.202
2023-09-01 21:00:00+00:00,20.15,40.772243,0.0,23.75,0.202
2023-09-01 22:00:00+00:00,21.45,36.361588,0.0,22.85,0.202
2023-09-01 23:00:00+00:00,21.75,34.605145,0.0,22.05,0.202
2023-09-02 00:00:00+00:00,20.8,38.104115,0.0,21.2,0.202
2023-09-02 01:00:00+00:00,20.4,39.46159,0.0,20.65,0.202
2023-09-02 02:00:00+00:00,19.65,41.62277,0.0,20.15,0.202
2023-09-02 03:00:00+00:00,19.6,41.465256,0.0,19.7,0.202
2023-09-02 04:00:00+00:00,20.15,41.47935,0.0,20.2,0.202
2023-09-02 05:00:00+00:00,22.3,36.730865,0.0,21.75,0.202
2023-09-02 06:00:00+00:00,25.15,31.583158,0.0,24.05,0.202
2023-09-02 07:00:00+00:00,27.6,27.897787,0.0,26.7,0.202
2023-09-02 08:00:00+00:00,29.9,24.165392,0.0,29.35,0.202
2023-09-02 09:00:00+00:00,31.6,21.117125,0.0,31.75,0.201
2023-09-02 10:00:00+00:00,33.0,18.274105,0.0,33.6,0.201
2023-09-02 11:00:00+00:00,33.65,16.72608,0.0,34.7,0.201
2023-09-02 12:00:00+00:00,34.05,16.299566,0.0,34.8,0.201
2023-09-02 13:00:00+00:00,33.85,16.540085,0.0,35.15,0.201
2023-09-02 14:00:00+00:00,32.9,17.143583,0.0,34.7,0.201
2023-09-02 15:00:00+00:00,30.45,20.612906,0.0,33.3,0.2
2023-09-02 16:00:00+00:00,27.1,22.701658,0.0,31.2,0.2
2023-09-02 17:00:00+00:00,24.5,26.483923,0.0,29.4,0.2
2023-09-02 18:00:00+00:00,22.85,29.045792,0.0,27.8,0.2
2023-09-02 19:00:00+00:00,21.75,30.515057,0.0,26.45,0.2
2023-09-02 20:00:00+00:00,21.25,30.805191,0.0,25.3,0.2
2023-09-02 21:00:00+00:00,20.05,33.403595,0.0,24.3,0.2
2023-09-02 22:00:00+00:00,19.15,36.975636,0.0,23.35,0.2
2023-09-02 23:00:00+00:00,18.55,39.616077,0.0,22.5,0.2
2023-09-03 00:00:00+00:00,19.15,41.479977,0.0,21.7,0.2
2023-09-03 01:00:00+00:00,19.1,44.121685,0.0,21.05,0.2
2023-09-03 02:00:00+00:00,20.55,40.74631,0.0,20.5,0.2
2023-09-03 03:00:00+00:00,19.4,45.27857,0.0,20.0,0.2
2023-09-03 04:00:00+00:00,20.8,42.81719,0.0,20.45,0.2
2023-09-03 05:00:00+00:00,23.6,34.53757,0.0,22.1,0.2
2023-09-03 06:00:00+00:00,26.15,27.500286,0.0,24.4,0.2
2023-09-03 07:00:00+00:00,28.9,22.072794,0.0,27.0,0.2
2023-09-03 08:00:00+00:00,31.65,17.214176,0.0,29.75,0.2
2023-09-03 09:00:00+00:00,32.95,14.384908,0.0,32.4,0.2
2023-09-03 10:00:00+00:00,33.4,12.283507,0.0,34.25,0.2
2023-09-03 11:00:00+00:00,33.4,12.643087,0.0,35.4,0.2
2023-09-03 12:00:00+00:00,33.3,14.563055,0.0,35.85,0.2
2023-09-03 13:00:00+00:00,32.75,14.038164,0.0,35.6,0.2
2023-09-03 14:00:00+00:00,31.85,13.747851,0.0,34.75,0.2
2023-09-03 15:00:00+00:00,29.35,21.580729,0.0,33.15,0.2
2023-09-03 16:00:00+00:00,26.35,19.659597,0.0,30.8,0.2
2023-09-03 17:00:00+00:00,23.35,22.603456,0.0,28.75,0.2
2023-09-03 18:00:00+00:00,22.25,24.689157,0.0,27.1,0.2
2023-09-03 19:00:00+00:00,20.85,30.366978,0.0,25.8,0.199
2023-09-03 20:00:00+00:00,19.4,37.307995,0.0,24.7,0.199
2023-09-03 21:00:00+00:00,18.55,42.61887,0.0,23.75,0.199
2023-09-03 22:00:00+00:00,18.0,48.085308,0.0,22.9,0.199
2023-09-03 23:00:00+00:00,17.25,55.842876,0.0,22.15,0.199
2023-09-04 00:00:00+00:00,17.15,61.345978,0.0,21.2,0.199
2023-09-04 01:00:00+00:00,16.4,64.3362,0.0,20.55,0.199
2023-09-04 02:00:00+00:00,15.7,67.27517,0.0,20.0,0.2
2023-09-04 03:00:00+00:00,15.55,68.15253,0.0,19.45,0.2
2023-09-04 04:00:00+00:00,17.8,58.68294,0.0,19.8,0.2
2023-09-04 05:00:00+00:00,20.6,46.235054,0.0,21.25,0.2
2023-09-04 06:00:00+00:00,23.3,38.686577,0.0,23.35,0.199
2023-09-04 07:00:00+00:00,26.3,32.23221,0.0,25.85,0.199
2023-09-04 08:00:00+00:00,28.65,26.152979,0.0,28.5,0.199
2023-09-04 09:00:00+00:00,29.9,21.347795,0.0,30.85,0.199
2023-09-04 10:00:00+00:00,30.45,20.399307,0.0,32.55,0.199
2023-09-04 11:00:00+00:00,30.5,19.920855,0.0,33.5,0.199
2023-09-04 12:00:00+00:00,30.15,20.466568,0.0,33.85,0.199
2023-09-04 13:00:00+00:00,30.5,18.380556,0.0,33.7,0.199
2023-09-04 14:00:00+00:00,29.45,21.233753,0.0,32.95,0.199
2023-09-04 15:00:00+00:00,28.35,23.675642,0.0,31.6,0.199
2023-09-04 16:00:00+00:00,24.55,31.739904,0.0,29.55,0.199
2023-09-04 17:00:00+00:00,22.6,34.48977,0.0,27.75,0.199
2023-09-04 18:00:00+00:00,21.65,34.099323,0.0,26.3,0.199
2023-09-04 19:00:00+00:00,20.2,37.149197,0.0,25.1,0.199
2023-09-04 20:00:00+00:00,19.1,40.612297,0.0,24.05,0.199
2023-09-04 21:00:00+00:00,18.4,43.320168,0.0,23.1,0.199
2023-09-04 22:00:00+00:00,17.65,46.36298,0.0,22.3,0.199
2023-09-04 23:00:00+00:00,17.45,48.098766,0.0,21.55,0.199
2023-09-05 00:00:00+00:00,19.1,42.04336,0.0,20.45,0.2
2023-09-05 01:00:00+00:00,18.75,43.26992,0.0,19.9,0.2
2023-09-05 02:00:00+00:00,18.35,44.36705,0.0,19.45,0.2
2023-09-05 03:00:00+00:00,18.1,45.22448,0.0,19.05,0.2
2023-09-05 04:00:00+00:00,18.65,44.759018,0.0,19.5,0.2
2023-09-05 05:00:00+00:00,20.9,39.198376,0.0,21.0,0.2
2023-09-05 06:00:00+00:00,23.65,32.368126,0.0,23.15,0.2
2023-09-05 07:00:00+00:00,26.45,27.110899,0.0,25.55,0.2
2023-09-05 08:00:00+00:00,29.3,23.275423,0.0,27.95,0.2
2023-09-05 09:00:00+00:00,31.85,18.704811,0.0,30.5,0.2
2023-09-05 10:00:00+00:00,33.15,15.377005,0.0,32.8,0.2
2023-09-05 11:00:00+00:00,33.35,13.23701,0.0,34.2,0.2
2023-09-05 12:00:00+00:00,33.35,14.266858,0.0,34.9,0.199
2023-09-05 13:00:00+00:00,33.85,10.740547,0.0,35.0,0.199
2023-09-05 14:00:00+00:00,32.35,11.557229,0.0,34.25,0.199
2023-09-05 15:00:00+00:00,30.2,22.176588,0.0,32.7,0.199
2023-09-05 16:00:00+00:00,29.8,15.179354,0.0,30.4,0.199
2023-09-05 17:00:00+00:00,23.75,24.654427,0.0,28.5,0.199
2023-09-05 18:00:00+00:00,22.6,25.322142,0.0,27.0,0.199
2023-09-05 19:00:00+00:00,20.95,28.921257,0.0,25.7,0.199
2023-09-05 20:00:00+00:00,20.1,30.914476,0.0,24.6,0.199
2023-09-05 21:00:00+00:00,19.0,34.785255,0.0,23.55,0.199
2023-09-05 22:00:00+00:00,19.25,34.490368,0.0,22.65,0.199
2023-09-05 23:00:00+00:00,19.6,33.156437,0.0,21.85,0.199
2023-09-06 00:00:00+00:00,20.55,30.71466,0.0,20.3,0.199
2023-09-06 01:00:00+00:00,19.6,32.574223,0.0,19.75,0.199
2023-09-06 02:00:00+00:00,19.15,33.498947,0.0,19.25,0.199
2023-09-06 03:00:00+00:00,19.1,33.4845,0.0,18.8,0.199
2023-09-06 04:00:00+00:00,19.4,36.78939,0.0,19.25,0.199
2023-09-06 05:00:00+00:00,21.8,30.315104,0.0,20.9,0.199
2023-09-06 06:00:00+00:00,24.55,25.402718,0.0,23.2,0.199
2023-09-06 07:00:00+00:00,27.4,21.009632,0.0,25.9,0.199
2023-09-06 08:00:00+00:00,30.0,18.00443,0.0,28.65,0.199
2023-09-06 09:00:00+00:00,32.1,15.972622,0.0,31.0,0.199
2023-09-06 10:00:00+00:00,33.55,14.720753,0.0,32.95,0.199
2023-09-06 11:00:00+00:00,34.35,11.690785,0.0,34.55,0.199
2023-09-06 12:00:00+00:00,34.2,8.920609,0.0,35.55,0.199
2023-09-06 13:00:00+00:00,33.7,8.970068,0.0,35.45,0.199
2023-09-06 14:00:00+00:00,32.9,8.902341,0.0,34.65,0.199
2023-09-06 15:00:00+00:00,29.4,15.145201,0.0,32.95,0.199
2023-09-06 16:00:00+00:00,25.25,16.266264,0.0,30.55,0.199
2023-09-06 17:00:00+00:00,24.15,15.832581,0.0,28.55,0.199
2023-09-06 18:00:00+00:00,22.35,18.457098,0.0,27.0,0.199
2023-09-06 19:00:00+00:00,20.9,21.08457,0.0,25.7,0.199
2023-09-06 20:00:00+00:00,19.55,24.043182,0.0,24.5,0.199
2023-09-06 21:00:00+00:00,19.0,25.434309,0.0,23.45,0.199
2023-09-06 22:00:00+00:00,18.15,29.382969,0.0,22.5,0.199
2023-09-06 23:00:00+00:00,19.45,26.02912,0.0,21.6,0.199
2023-09-07 00:00:00+00:00,20.65,25.243093,0.0,20.8,0.199
2023-09-07 01:00:00+00:00,20.15,26.31872,0.0,20.1,0.199
2023-09-07 02:00:00+00:00,19.05,28.28153,0.0,19.5,0.199
2023-09-07 03:00:00+00:00,18.6,29.405092,0.0,18.95,0.199
2023-09-07 04:00:00+00:00,18.95,30.475748,0.0,19.3,0.199
2023-09-07 05:00:00+00:00,21.1,27.063797,0.0,20.85,0.199
2023-09-07 06:00:00+00:00,23.9,22.424433,0.0,23.15,0.199
2023-09-07 07:00:00+00:00,26.5,19.34708,0.0,25.8,0.199
2023-09-07 08:00:00+00:00,28.9,17.553394,0.0,28.55,0.199
2023-09-07 09:00:00+00:00,30.95,15.713663,0.0,31.1,0.199
2023-09-07 10:00:00+00:00,32.4,13.374743,0.0,33.1,0.199
2023-09-07 11:00:00+00:00,33.4,11.5074,0.0,34.4,0.199
2023-09-07 12:00:00+00:00,33.4,13.486447,0.0,35.1,0.199
2023-09-07 13:00:00+00:00,33.2,13.785544,0.0,35.05,0.199
2023-09-07 14:00:00+00:00,32.55,14.712643,0.0,34.3,0.199
2023-09-07 15:00:00+00:00,29.4,24.617601,0.0,32.8,0.199
2023-09-07 16:00:00+00:00,26.65,23.228653,0.0,30.6,0.199
2023-09-07 17:00:00+00:00,24.65,27.278118,0.0,28.9,0.199
2023-09-07 18:00:00+00:00,22.6,31.516577,0.0,27.35,0.199
2023-09-07 19:00:00+00:00,21.45,33.337208,0.0,26.0,0.199
2023-09-07 20:00:00+00:00,20.55,34.02145,0.0,24.9,0.199
2023-09-07 21:00:00+00:00,19.3,37.672314,0.0,23.85,0.199
2023-09-07 22:00:00+00:00,22.2,28.458246,0.0,22.9,0.199
2023-09-07 23:00:00+00:00,21.95,28.590029,0.0,22.05,0.199
2023-09-08 00:00:00+00:00,21.4,30.956724,0.0,21.5,0.199
2023-09-08 01:00:00+00:00,19.9,35.045326,0.0,20.85,0.199
2023-09-08 02:00:00+00:00,18.9,38.220337,0.0,20.25,0.199
2023-09-08 03:00:00+00:00,18.7,38.296497,0.0,19.65,0.199
2023-09-08 04:00:00+00:00,18.75,38.987064,0.0,19.95,0.199
2023-09-08 05:00:00+00:00,21.05,36.879986,0.0,21.4,0.199
2023-09-08 06:00:00+00:00,23.5,35.58814,0.0,23.5,0.199
2023-09-08 07:00:00+00:00,25.85,32.32481,0.0,26.05,0.199
2023-09-08 08:00:00+00:00,28.2,27.12247,0.0,28.6,0.199
2023-09-08 09:00:00+00:00,30.25,23.044489,0.0,30.9,0.199
2023-09-08 10:00:00+00:00,32.0,19.739908,0.0,32.7,0.199
2023-09-08 11:00:00+00:00,32.75,14.39317,0.0,34.2,0.199
2023-09-08 12:00:00+00:00,32.55,12.93145,0.0,34.85,0.199
2023-09-08 13:00:00+00:00,31.75,12.000344,0.0,34.65,0.199
2023-09-08 14:00:00+00:00,30.8,12.574752,0.0,33.75,0.199
2023-09-08 15:00:00+00:00,27.85,22.738037,0.0,32.1,0.199
2023-09-08 16:00:00+00:00,24.85,21.413332,0.0,29.85,0.199
2023-09-08 17:00:00+00:00,24.0,18.591234,0.0,28.0,0.199
2023-09-08 18:00:00+00:00,21.95,19.553406,0.0,26.45,0.199
2023-09-08 19:00:00+00:00,19.45,22.63984,0.0,25.1,0.199
2023-09-08 20:00:00+00:00,18.35,25.723177,0.0,23.9,0.199
2023-09-08 21:00:00+00:00,17.6,30.638939,0.0,22.9,0.199
2023-09-08 22:00:00+00:00,16.95,38.32927,0.0,22.05,0.199
2023-09-08 23:00:00+00:00,17.15,43.114086,0.0,21.25,0.199
2023-09-09 00:00:00+00:00,17.4,45.498142,0.0,21.05,0.199
2023-09-09 01:00:00+00:00,17.2,47.37075,0.0,20.4,0.199
2023-09-09 02:00:00+00:00,17.2,47.864166,0.0,19.8,0.199
2023-09-09 03:00:00+00:00,16.5,52.32738,0.0,19.3,0.199
2023-09-09 04:00:00+00:00,18.25,47.17412,0.0,19.6,0.199
2023-09-09 05:00:00+00:00,20.85,36.441414,0.0,21.05,0.199
2023-09-09 06:00:00+00:00,23.45,28.606947,0.0,23.15,0.199
2023-09-09 07:00:00+00:00,25.65,25.167168,0.0,25.45,0.199
2023-09-09 08:00:00+00:00,27.15,26.017136,0.0,27.6,0.199
2023-09-09 09:00:00+00:00,28.25,26.951508,0.0,29.4,0.199
2023-09-09 10:00:00+00:00,29.3,24.930159,0.0,31.15,0.199
2023-09-09 11:00:00+00:00,29.35,22.420223,0.0,32.15,0.199
2023-09-09 12:00:00+00:00,29.1,21.07136,0.0,32.55,0.199
2023-09-09 13:00:00+00:00,29.0,15.896606,0.0,32.4,0.199
2023-09-09 14:00:00+00:00,27.8,17.106876,0.0,31.55,0.199
2023-09-09 15:00:00+00:00,26.2,19.977236,0.0,30.1,0.199
2023-09-09 16:00:00+00:00,22.7,25.62233,0.0,28.15,0.199
2023-09-09 17:00:00+00:00,20.85,29.62189,0.0,26.4,0.199
2023-09-09 18:00:00+00:00,19.95,30.652504,0.0,24.9,0.199
2023-09-09 19:00:00+00:00,19.0,33.8137,0.0,23.65,0.199
2023-09-09 20:00:00+00:00,19.5,33.481327,0.0,22.55,0.199
2023-09-09 21:00:00+00:00,20.0,31.663733,0.0,21.6,0.199
2023-09-09 22:00:00+00:00,19.05,33.94828,0.0,20.75,0.199
2023-09-09 23:00:00+00:00,18.15,36.556416,0.0,20.05,0.199
2023-09-10 00:00:00+00:00,17.8,36.71413,0.0,20.45,0.199
2023-09-10 01:00:00+00:00,16.9,39.83686,0.0,19.85,0.199
2023-09-10 02:00:00+00:00,16.05,42.347973,0.0,19.3,0.199
2023-09-10 03:00:00+00:00,14.45,50.349407,0.0,18.75,0.199
2023-09-10 04:00:00+00:00,16.45,40.1307,0.0,18.9,0.199
2023-09-10 05:00:00+00:00,18.05,34.88045,0.0,20.05,0.199
2023-09-10 06:00:00+00:00,19.7,34.498695,0.0,21.9,0.199
2023-09-10 07:00:00+00:00,21.55,33.018284,0.0,24.05,0.199
2023-09-10 08:00:00+00:00,23.45,27.04242,0.0,26.35,0.199
2023-09-10 09:00:00+00:00,25.0,21.222572,0.0,28.45,0.199
2023-09-10 10:00:00+00:00,26.2,18.456373,0.0,30.2,0.199
2023-09-10 11:00:00+00:00,27.0,17.862907,0.0,31.45,0.199
2023-09-10 12:00:00+00:00,26.15,21.064062,0.0,32.05,0.199
2023-09-10 13:00:00+00:00,26.15,20.989136,0.0,31.75,0.199
2023-09-10 14:00:00+00:00,25.75,21.112114,0.0,30.85,0.199
2023-09-10 15:00:00+00:00,24.1,23.212881,0.0,29.25,0.199
2023-09-10 16:00:00+00:00,22.95,23.240257,0.0,27.25,0.199
2023-09-10 17:00:00+00:00,20.65,29.565207,0.0,25.5,0.199
2023-09-10 18:00:00+00:00,18.8,31.998968,0.0,24.0,0.199
2023-09-10 19:00:00+00:00,17.7,32.960663,0.0,22.75,0.199
2023-09-10 20:00:00+00:00,19.35,28.366432,0.0,21.55,0.199
2023-09-10 21:00:00+00:00,19.0,28.267372,0.0,20.6,0.199
2023-09-10 22:00:00+00:00,17.75,30.571302,0.0,19.7,0.199
2023-09-10 23:00:00+00:00,16.45,33.555588,0.0,18.95,0.199
2023-09-11 00:00:00+00:00,16.75,33.041203,0.0,19.3,0.199
2023-09-11 01:00:00+00:00,16.0,34.782288,0.0,18.55,0.199
2023-09-11 02:00:00+00:00,15.25,36.757687,0.0,17.95,0.199
2023-09-11 03:00:00+00:00,14.55,38.73066,0.0,17.35,0.199
2023-09-11 04:00:00+00:00,14.7,38.914555,0.0,17.55,0.199
2023-09-11 05:00:00+00:00,16.8,34.765545,0.0,18.8,0.199
2023-09-11 06:00:00+00:00,18.8,32.343723,0.0,20.65,0.199
2023-09-11 07:00:00+00:00,20.9,29.321701,0.0,22.9,0.199
2023-09-11 08:00:00+00:00,23.05,27.12308,0.0,25.3,0.199
2023-09-11 09:00:00+00:00,25.1,25.01883,0.0,27.55,0.199
2023-09-11 10:00:00+00:00,26.85,19.713856,0.0,29.3,0.199
2023-09-11 11:00:00+00:00,27.95,15.431514,0.0,30.7,0.199
2023-09-11 12:00:00+00:00,27.5,15.7849455,0.0,31.05,0.199
2023-09-11 13:00:00+00:00,26.9,16.350365,0.0,30.9,0.199
2023-09-11 14:00:00+00:00,26.2,18.125385,0.0,30.1,0.199
2023-09-11 15:00:00+00:00,24.4,22.555874,0.0,28.6,0.199
2023-09-11 16:00:00+00:00,24.2,21.55395,0.0,26.7,0.199
2023-09-11 17:00:00+00:00,23.5,22.643063,0.0,25.35,0.199
2023-09-11 18:00:00+00:00,20.15,28.901682,0.0,24.1,0.199
2023-09-11 19:00:00+00:00,18.85,30.998508,0.0,23.0,0.199
2023-09-11 20:00:00+00:00,17.35,33.81778,0.0,22.0,0.199
2023-09-11 21:00:00+00:00,16.35,36.68373,0.0,21.1,0.199
2023-09-11 22:00:00+00:00,16.1,39.044514,0.0,20.45,0.199
2023-09-11 23:00:00+00:00,16.5,37.256435,0.0,19.9,0.199
2023-09-12 00:00:00+00:00,16.8,37.07872,0.0,19.95,0.199
2023-09-12 01:00:00+00:00,16.95,34.06714,0.0,19.3,0.199
2023-09-12 02:00:00+00:00,16.35,35.774174,0.0,18.7,0.199
2023-09-12 03:00:00+00:00,16.1,36.874256,0.0,18.2,0.199
2023-09-12 04:00:00+00:00,16.65,37.567158,0.0,18.5,0.199
2023-09-12 05:00:00+00:00,18.3,35.704815,0.0,19.4,0.199
2023-09-12 06:00:00+00:00,20.1,34.37186,0.0,20.95,0.199
2023-09-12 07:00:00+00:00,21.1,32.659622,0.0,22.35,0.199
2023-09-12 08:00:00+00:00,20.2,34.64287,0.0,22.9,0.199
2023-09-12 09:00:00+00:00,21.3,33.76264,0.0,24.5,0.199
2023-09-12 10:00:00+00:00,21.45,34.519165,0.0,25.45,0.199
2023-09-12 11:00:00+00:00,21.85,35.116882,0.0,26.7,0.199
2023-09-12 12:00:00+00:00,21.3,36.951744,0.0,26.7,0.201
2023-09-12 13:00:00+00:00,21.4,38.40783,0.1,26.3,0.202
2023-09-12 14:00:00+00:00,20.95,40.442753,0.0,25.65,0.202
2023-09-12 15:00:00+00:00,18.85,52.94823,0.1,24.55,0.202
2023-09-12 16:00:00+00:00,16.4,65.86255,0.3,23.15,0.205
2023-09-12 17:00:00+00:00,15.85,71.95192,0.3,21.7,0.208
2023-09-12 18:00:00+00:00,15.55,75.569786,0.5,20.45,0.212
2023-09-12 19:00:00+00:00,15.35,78.85696,0.2,19.4,0.214
2023-09-12 20:00:00+00:00,15.25,79.89014,0.0,18.6,0.214
2023-09-12 21:00:00+00:00,15.0,81.45228,0.0,17.85,0.214
2023-09-12 22:00:00+00:00,14.8,82.23628,0.0,17.3,0.214
2023-09-12 23:00:00+00:00,14.35,84.93951,0.0,16.75,0.214
2023-09-13 00:00:00+00:00,13.85,93.69138,0.0,17.25,0.208
2023-09-13 01:00:00+00:00,12.8,97.73243,0.0,16.65,0.208
2023-09-13 02:00:00+00:00,13.25,97.102974,0.0,16.3,0.208
2023-09-13 03:00:00+00:00,13.2,96.78446,0.0,15.95,0.208
2023-09-13 04:00:00+00:00,13.6,94.29528,0.0,16.1,0.208
2023-09-13 05:00:00+00:00,14.9,82.79249,0.0,16.95,0.208
2023-09-13 06:00:00+00:00,16.75,67.94356,0.0,18.45,0.208
2023-09-13 07:00:00+00:00,18.9,54.405815,0.0,20.4,0.208
2023-09-13 08:00:00+00:00,20.5,48.769554,0.0,22.7,0.208
2023-09-13 09:00:00+00:00,21.95,41.144318,0.3,24.85,0.21
2023-09-13 10:00:00+00:00,22.7,37.48001,0.0,26.35,0.21
2023-09-13 11:00:00+00:00,23.45,33.791695,0.0,27.55,0.21
2023-09-13 12:00:00+00:00,22.75,31.89026,0.0,27.25,0.213
2023-09-13 13:00:00+00:00,22.6,31.736952,0.0,27.1,0.212
2023-09-13 14:00:00+00:00,21.75,32.38986,0.0,26.4,0.212
2023-09-13 15:00:00+00:00,20.1,35.973354,0.0,25.0,0.212
2023-09-13 16:00:00+00:00,17.75,43.436184,0.0,23.2,0.212
2023-09-13 17:00:00+00:00,16.7,49.234768,0.0,21.7,0.212
2023-09-13 18:00:00+00:00,16.85,51.353138,0.0,20.55,0.211
2023-09-13 19:00:00+00:00,15.0,63.80722,0.0,19.55,0.211
2023-09-13 20:00:00+00:00,14.6,66.8181,0.0,18.75,0.211
2023-09-13 21:00:00+00:00,14.45,67.697136,0.0,17.9,0.211
2023-09-13 22:00:00+00:00,14.75,65.95113,0.0,17.15,0.211
2023-09-13 23:00:00+00:00,12.6,74.821655,0.0,16.5,0.211
2023-09-14 00:00:00+00:00,12.65,71.59548,0.0,17.25,0.21
2023-09-14 01:00:00+00:00,11.7,69.95704,0.0,16.5,0.21
2023-09-14 02:00:00+00:00,10.95,70.780716,0.0,15.85,0.21
2023-09-14 03:00:00+00:00,10.4,72.15968,0.0,15.2,0.21
2023-09-14 04:00:00+00:00,12.55,61.52021,0.0,15.3,0.21
2023-09-14 05:00:00+00:00,14.7,52.939045,0.0,16.5,0.21
2023-09-14 06:00:00+00:00,16.7,45.776596,0.0,18.45,0.21
2023-09-14 07:00:00+00:00,19.05,39.346935,0.0,20.7,0.209
2023-09-14 08:00:00+00:00,21.45,31.08015,0.0,22.95,0.209
2023-09-14 09:00:00+00:00,23.25,26.514244,0.0,25.05,0.209
2023-09-14 10:00:00+00:00,24.55,24.348032,0.0,26.85,0.208
2023-09-14 11:00:00+00:00,25.4,22.73789,0.0,28.2,0.208
2023-09-14 12:00:00+00:00,25.25,23.517996,0.0,28.85,0.207
2023-09-14 13:00:00+00:00,25.25,23.26944,0.0,28.75,0.207
2023-09-14 14:00:00+00:00,24.55,24.005186,0.0,27.95,0.207
2023-09-14 15:00:00+00:00,22.0,31.236547,0.0,26.4,0.207
2023-09-14 16:00:00+00:00,19.25,34.126583,0.0,24.3,0.207
2023-09-14 17:00:00+00:00,18.8,35.597637,0.0,22.7,0.206
2023-09-14 18:00:00+00:00,16.65,42.52062,0.0,21.3,0.206
2023-09-14 19:00:00+00:00,15.5,46.895462,0.0,20.05,0.206
2023-09-14 20:00:00+00:00,14.5,51.251553,0.0,19.0,0.206
2023-09-14 21:00:00+00:00,15.45,48.21247,0.0,18.05,0.206
2023-09-14 22:00:00+00:00,16.15,45.303097,0.0,17.25,0.206
2023-09-14 23:00:00+00:00,14.6,50.390476,0.0,16.5,0.206
2023-09-15 00:00:00+00:00,14.25,51.54315,0.0,16.2,0.203
2023-09-15 01:00:00+00:00,13.7,53.228096,0.0,15.6,0.203
2023-09-15 02:00:00+00:00,13.2,54.414886,0.0,15.1,0.203
2023-09-15 03:00:00+00:00,12.95,54.158524,0.0,14.65,0.203
2023-09-15 04:00:00+00:00,13.1,54.008297,0.0,14.9,0.203
2023-09-15 05:00:00+00:00,15.25,48.156807,0.0,16.25,0.203
2023-09-15 06:00:00+00:00,17.8,42.257027,0.0,18.4,0.203
2023-09-15 07:00:00+00:00,20.1,37.90294,0.0,20.95,0.203
2023-09-15 08:00:00+00:00,22.25,35.353085,0.0,23.5,0.203
2023-09-15 09:00:00+00:00,24.25,30.900269,0.0,25.9,0.203
2023-09-15 10:00:00+00:00,25.75,27.106972,0.0,27.75,0.202
2023-09-15 11:00:00+00:00,26.65,24.480835,0.0,28.85,0.202
2023-09-15 12:00:00+00:00,26.4,24.243916,0.0,29.2,0.202
2023-09-15 13:00:00+00:00,26.4,23.326378,0.0,29.15,0.202
2023-09-15 14:00:00+00:00,25.65,23.707571,0.0,28.3,0.202
2023-09-15 15:00:00+00:00,23.55,28.735271,0.0,26.9,0.202
2023-09-15 16:00:00+00:00,20.9,35.580067,0.0,25.0,0.202
2023-09-15 17:00:00+00:00,19.7,35.110775,0.0,23.45,0.202
2023-09-15 18:00:00+00:00,17.85,36.46926,0.0,22.15,0.202
2023-09-15 19:00:00+00:00,16.45,37.241833,0.0,20.95,0.202
2023-09-15 20:00:00+00:00,15.65,37.54363,0.0,19.9,0.202
2023-09-15 21:00:00+00:00,14.65,39.60614,0.0,18.95,0.202
2023-09-15 22:00:00+00:00,14.55,39.862553,0.0,18.1,0.202
2023-09-15 23:00:00+00:00,16.15,33.956364,0.0,17.3,0.201
2023-09-16 00:00:00+00:00,16.2,35.602016,0.0,16.65,0.202
2023-09-16 01:00:00+00:00,15.5,36.963898,0.0,16.05,0.202
2023-09-16 02:00:00+00:00,14.9,38.27819,0.0,15.5,0.202
2023-09-16 03:00:00+00:00,14.7,38.081833,0.0,15.0,0.202
2023-09-16 04:00:00+00:00,14.65,47.485497,0.0,15.25,0.202
2023-09-16 05:00:00+00:00,17.05,34.589497,0.0,16.75,0.202
2023-09-16 06:00:00+00:00,19.35,35.009663,0.0,18.95,0.202
2023-09-16 07:00:00+00:00,21.75,31.275076,0.0,21.55,0.201
2023-09-16 08:00:00+00:00,24.0,26.346899,0.0,24.15,0.201
2023-09-16 09:00:00+00:00,25.85,21.3651,0.0,26.5,0.201
2023-09-16 10:00:00+00:00,26.85,20.140495,0.0,28.2,0.201
2023-09-16 11:00:00+00:00,27.35,19.34984,0.0,29.25,0.201
2023-09-16 12:00:00+00:00,27.55,19.056458,0.0,29.8,0.2
2023-09-16 13:00:00+00:00,27.05,18.730993,0.0,29.65,0.2
2023-09-16 14:00:00+00:00,26.4,18.173857,0.0,28.85,0.2
2023-09-16 15:00:00+00:00,24.4,23.88007,0.0,27.25,0.2
2023-09-16 16:00:00+00:00,20.3,28.532585,0.0,25.1,0.2
2023-09-16 17:00:00+00:00,19.5,27.400896,0.0,23.5,0.2
2023-09-16 18:00:00+00:00,17.65,29.66857,0.0,22.1,0.2
2023-09-16 19:00:00+00:00,16.45,30.753407,0.0,20.9,0.2
2023-09-16 20:00:00+00:00,15.55,31.401777,0.0,19.85,0.2
2023-09-16 21:00:00+00:00,14.95,33.116898,0.0,18.9,0.2
2023-09-16 22:00:00+00:00,17.25,26.375343,0.0,17.95,0.2
2023-09-16 23:00:00+00:00,16.7,26.318184,0.0,17.2,0.2
2023-09-17 00:00:00+00:00,16.05,25.651812,0.0,17.45,0.193
2023-09-17 01:00:00+00:00,15.1,26.755836,0.0,16.65,0.193
2023-09-17 02:00:00+00:00,14.6,27.322594,0.0,16.0,0.193
2023-09-17 03:00:00+00:00,14.15,28.129099,0.0,15.4,0.193
2023-09-17 04:00:00+00:00,14.25,29.230627,0.0,15.55,0.193
2023-09-17 05:00:00+00:00,16.45,32.010876,0.0,16.9,0.193
2023-09-17 06:00:00+00:00,18.75,34.95958,0.0,19.1,0.193
2023-09-17 07:00:00+00:00,21.05,33.808937,0.0,21.7,0.193
2023-09-17 08:00:00+00:00,23.15,30.27196,0.0,24.35,0.193
2023-09-17 09:00:00+00:00,25.05,25.270597,0.0,26.8,0.193
2023-09-17 10:00:00+00:00,26.55,18.60874,0.0,28.85,0.193
2023-09-17 11:00:00+00:00,27.2,16.006336,0.0,30.25,0.193
2023-09-17 12:00:00+00:00,27.8,15.853374,0.0,30.9,0.193
2023-09-17 13:00:00+00:00,27.4,15.819801,0.0,30.55,0.192
2023-09-17 14:00:00+00:00,26.55,16.269236,0.0,29.6,0.192
2023-09-17 15:00:00+00:00,23.6,20.264437,0.0,27.9,0.192
2023-09-17 16:00:00+00:00,20.8,24.650745,0.0,25.8,0.192
2023-09-17 17:00:00+00:00,19.2,25.959623,0.0,24.15,0.192
2023-09-17 18:00:00+00:00,17.65,25.717676,0.0,22.7,0.192
2023-09-17 19:00:00+00:00,16.85,26.360401,0.0,21.45,0.192
2023-09-17 20:00:00+00:00,16.0,28.240406,0.0,20.4,0.192
2023-09-17 21:00:00+00:00,15.8,29.24461,0.0,19.35,0.192
2023-09-17 22:00:00+00:00,17.65,25.060244,0.0,18.45,0.192
2023-09-17 23:00:00+00:00,16.6,26.981186,0.0,17.7,0.192
2023-09-18 00:00:00+00:00,16.45,30.307129,0.0,18.05,0.185
2023-09-18 01:00:00+00:00,15.7,32.14314,0.0,17.3,0.185
2023-09-18 02:00:00+00:00,14.95,34.47443,0.0,16.65,0.185
2023-09-18 03:00:00+00:00,14.95,35.751137,0.0,16.05,0.185
2023-09-18 04:00:00+00:00,14.8,38.38697,0.0,16.15,0.185
2023-09-18 05:00:00+00:00,16.9,37.774124,0.0,17.45,0.185
2023-09-18 06:00:00+00:00,19.25,36.875088,0.0,19.65,0.185
2023-09-18 07:00:00+00:00,21.3,34.837875,0.0,22.15,0.185
2023-09-18 08:00:00+00:00,23.25,31.810966,0.0,24.65,0.185
2023-09-18 09:00:00+00:00,24.95,27.841253,0.0,26.95,0.185
2023-09-18 10:00:00+00:00,25.95,23.703646,0.0,29.0,0.185
2023-09-18 11:00:00+00:00,26.6,20.29383,0.0,30.3,0.185
2023-09-18 12:00:00+00:00,26.95,19.182146,0.0,30.85,0.184
2023-09-18 13:00:00+00:00,26.85,17.507309,0.0,30.6,0.184
2023-09-18 14:00:00+00:00,26.05,17.958239,0.0,29.6,0.184
2023-09-18 15:00:00+00:00,23.55,20.474075,0.0,27.9,0.184
2023-09-18 16:00:00+00:00,21.45,23.429811,0.0,25.95,0.184
2023-09-18 17:00:00+00:00,19.5,29.029299,0.0,24.35,0.184
2023-09-18 18:00:00+00:00,17.5,35.472267,0.0,22.85,0.184
2023-09-18 19:00:00+00:00,18.75,31.98455,0.0,21.55,0.184
2023-09-18 20:00:00+00:00,19.15,31.084637,0.0,20.4,0.184
2023-09-18 21:00:00+00:00,15.85,38.832703,0.0,19.45,0.184
2023-09-18 22:00:00+00:00,17.15,35.75155,0.0,18.6,0.184
2023-09-18 23:00:00+00:00,16.35,37.88323,0.0,17.8,0.184
2023-09-19 00:00:00+00:00,15.2,42.55368,0.0,18.35,0.181
2023-09-19 01:00:00+00:00,15.9,40.543396,0.0,17.55,0.181
2023-09-19 02:00:00+00:00,14.85,43.522507,0.0,16.85,0.181
2023-09-19 03:00:00+00:00,12.6,51.63983,0.0,16.2,0.181
2023-09-19 04:00:00+00:00,14.15,46.350113,0.0,16.2,0.181
2023-09-19 05:00:00+00:00,16.35,40.818127,0.0,17.45,0.181
2023-09-19 06:00:00+00:00,18.8,35.849804,0.0,19.55,0.181
2023-09-19 07:00:00+00:00,21.15,32.218475,0.0,22.05,0.181
2023-09-19 08:00:00+00:00,23.4,29.507702,0.0,24.65,0.181
2023-09-19 09:00:00+00:00,25.2,25.94002,0.0,27.05,0.181
2023-09-19 10:00:00+00:00,26.45,22.059572,0.0,29.05,0.181
2023-09-19 11:00:00+00:00,27.15,20.360083,0.0,30.25,0.181
2023-09-19 12:00:00+00:00,27.35,20.555698,0.0,30.65,0.18
2023-09-19 13:00:00+00:00,27.3,19.755632,0.0,30.35,0.18
2023-09-19 14:00:00+00:00,26.5,20.124361,0.0,29.45,0.18
2023-09-19 15:00:00+00:00,23.7,25.44132,0.0,27.9,0.18
2023-09-19 16:00:00+00:00,21.55,28.98756,0.0,25.8,0.18
2023-09-19 17:00:00+00:00,20.05,29.185354,0.0,24.15,0.18
2023-09-19 18:00:00+00:00,18.8,28.108614,0.0,22.85,0.18
2023-09-19 19:00:00+00:00,17.4,27.813707,0.0,21.65,0.18
2023-09-19 20:00:00+00:00,16.0,30.735483,0.0,20.55,0.18
2023-09-19 21:00:00+00:00,15.2,33.433437,0.0,19.55,0.18
2023-09-19 22:00:00+00:00,15.25,33.570312,0.0,18.65,0.18
2023-09-19 23:00:00+00:00,15.6,32.58665,0.0,17.85,0.18
2023-09-20 00:00:00+00:00,16.1,34.312134,0.0,17.45,0.179
2023-09-20 01:00:00+00:00,16.4,33.299145,0.0,16.85,0.179
2023-09-20 02:00:00+00:00,15.55,36.057224,0.0,16.25,0.179
2023-09-20 03:00:00+00:00,15.1,37.652927,0.0,15.75,0.179
2023-09-20 04:00:00+00:00,14.95,41.731544,0.0,15.85,0.179
2023-09-20 05:00:00+00:00,17.55,37.695538,0.0,17.25,0.179
2023-09-20 06:00:00+00:00,20.05,37.888554,0.0,19.5,0.179
2023-09-20 07:00:00+00:00,22.5,34.939957,0.0,22.15,0.179
2023-09-20 08:00:00+00:00,24.8,30.315485,0.0,24.8,0.179
2023-09-20 09:00:00+00:00,26.5,23.933167,0.0,26.9,0.179
2023-09-20 10:00:00+00:00,27.75,20.08025,0.0,28.75,0.179
2023-09-20 11:00:00+00:00,28.2,19.216232,0.0,29.85,0.179
2023-09-20 12:00:00+00:00,28.85,15.748202,0.0,30.45,0.179
2023-09-20 13:00:00+00:00,28.5,13.190847,0.0,30.55,0.179
2023-09-20 14:00:00+00:00,27.55,14.254487,0.0,29.8,0.179
2023-09-20 15:00:00+00:00,24.05,18.535496,0.0,28.1,0.179
2023-09-20 16:00:00+00:00,21.75,20.76548,0.0,26.1,0.179
2023-09-20 17:00:00+00:00,20.1,23.152014,0.0,24.45,0.179
2023-09-20 18:00:00+00:00,19.1,25.368946,0.0,23.2,0.179
2023-09-20 19:00:00+00:00,18.0,28.188927,0.0,22.0,0.179
2023-09-20 20:00:00+00:00,16.7,31.967337,0.0,20.95,0.179
2023-09-20 21:00:00+00:00,16.5,33.691692,0.0,20.1,0.179
2023-09-20 22:00:00+00:00,16.1,48.05753,0.0,19.6,0.179
2023-09-20 23:00:00+00:00,16.2,52.60822,0.0,19.15,0.179
2023-09-21 00:00:00+00:00,14.65,63.511784,0.0,18.3,0.18
2023-09-21 01:00:00+00:00,16.8,54.045185,0.0,17.95,0.18
2023-09-21 02:00:00+00:00,15.85,56.63624,0.0,17.35,0.18
2023-09-21 03:00:00+00:00,15.65,56.974323,0.0,16.8,0.18
2023-09-21 04:00:00+00:00,15.7,62.893253,0.0,16.8,0.18
2023-09-21 05:00:00+00:00,18.1,47.94824,0.0,18.05,0.18
2023-09-21 06:00:00+00:00,20.55,37.24993,0.0,20.1,0.18
2023-09-21 07:00:00+00:00,23.05,28.999987,0.0,22.6,0.18
2023-09-21 08:00:00+00:00,25.2,24.522467,0.0,25.25,0.18
2023-09-21 09:00:00+00:00,26.45,21.981678,0.0,27.55,0.18
2023-09-21 10:00:00+00:00,27.05,19.483522,0.0,29.1,0.18
2023-09-21 11:00:00+00:00,28.2,16.95524,0.0,30.0,0.18
2023-09-21 12:00:00+00:00,28.35,15.4654,0.0,29.9,0.183
2023-09-21 13:00:00+00:00,27.85,15.864778,0.0,29.8,0.183
2023-09-21 14:00:00+00:00,26.6,17.51112,0.0,28.95,0.183
2023-09-21 15:00:00+00:00,24.25,20.430021,0.0,27.5,0.183
2023-09-21 16:00:00+00:00,20.55,27.202587,0.0,25.5,0.183
2023-09-21 17:00:00+00:00,19.8,27.188837,0.0,23.85,0.183
2023-09-21 18:00:00+00:00,18.7,28.801998,0.0,22.5,0.183
2023-09-21 19:00:00+00:00,17.5,30.944704,0.0,21.35,0.183
2023-09-21 20:00:00+00:00,16.5,32.968388,0.0,20.3,0.183
2023-09-21 21:00:00+00:00,19.15,26.908602,0.0,19.35,0.183
2023-09-21 22:00:00+00:00,18.55,28.13992,0.0,18.55,0.183
2023-09-21 23:00:00+00:00,18.0,29.233734,0.0,17.8,0.183
2023-09-22 00:00:00+00:00,16.25,32.303417,0.0,17.25,0.183
2023-09-22 01:00:00+00:00,15.75,33.472603,0.0,16.6,0.183
2023-09-22 02:00:00+00:00,15.4,34.48108,0.0,16.0,0.183
2023-09-22 03:00:00+00:00,14.95,35.62161,0.0,15.45,0.183
2023-09-22 04:00:00+00:00,14.45,46.599518,0.0,15.55,0.183
2023-09-22 05:00:00+00:00,17.1,32.199677,0.0,16.95,0.183
2023-09-22 06:00:00+00:00,19.8,29.324001,0.0,19.15,0.183
2023-09-22 07:00:00+00:00,22.4,26.373955,0.0,21.8,0.183
2023-09-22 08:00:00+00:00,24.9,22.76826,0.0,24.55,0.183
2023-09-22 09:00:00+00:00,27.0,18.786076,0.0,27.1,0.183
2023-09-22 10:00:00+00:00,28.25,16.42495,0.0,29.1,0.183
2023-09-22 11:00:00+00:00,28.8,15.966114,0.0,30.4,0.183
2023-09-22 12:00:00+00:00,28.75,16.780296,0.0,31.0,0.184
2023-09-22 13:00:00+00:00,28.35,16.990395,0.0,30.75,0.184
2023-09-22 14:00:00+00:00,27.75,17.468908,0.0,29.85,0.184
2023-09-22 15:00:00+00:00,23.75,23.6218,0.0,28.1,0.184
2023-09-22 16:00:00+00:00,21.8,25.013477,0.0,26.05,0.184
2023-09-22 17:00:00+00:00,21.05,23.1528,0.0,24.5,0.184
2023-09-22 18:00:00+00:00,19.2,22.57286,0.0,23.15,0.184
2023-09-22 19:00:00+00:00,19.55,20.81039,0.0,21.8,0.184
2023-09-22 20:00:00+00:00,20.4,19.45055,0.0,20.6,0.184
2023-09-22 21:00:00+00:00,20.45,19.246105,0.0,19.6,0.184
2023-09-22 22:00:00+00:00,19.35,20.835978,0.0,18.7,0.184
2023-09-22 23:00:00+00:00,18.4,22.358528,0.0,18.0,0.184
2023-09-23 00:00:00+00:00,17.4,27.00807,0.0,17.05,0.188
2023-09-23 01:00:00+00:00,16.65,28.321947,0.0,16.4,0.188
2023-09-23 02:00:00+00:00,15.85,29.912832,0.0,15.85,0.188
2023-09-23 03:00:00+00:00,15.45,30.801695,0.0,15.35,0.188
2023-09-23 04:00:00+00:00,14.55,39.576866,0.0,15.45,0.188
2023-09-23 05:00:00+00:00,17.4,28.431856,0.0,16.9,0.188
2023-09-23 06:00:00+00:00,20.2,25.302786,0.0,19.2,0.188
2023-09-23 07:00:00+00:00,22.65,25.065521,0.0,21.9,0.188
2023-09-23 08:00:00+00:00,25.0,23.618555,0.0,24.7,0.188
2023-09-23 09:00:00+00:00,27.1,20.785484,0.0,27.3,0.188
2023-09-23 10:00:00+00:00,28.55,16.733734,0.0,29.45,0.188
2023-09-23 11:00:00+00:00,29.0,15.221115,0.0,30.85,0.188
2023-09-23 12:00:00+00:00,29.0,16.718153,0.0,31.1,0.187
2023-09-23 13:00:00+00:00,28.85,16.803589,0.0,30.95,0.187
2023-09-23 14:00:00+00:00,27.65,17.762016,0.0,30.0,0.187
2023-09-23 15:00:00+00:00,26.35,19.309885,0.0,28.15,0.187
2023-09-23 16:00:00+00:00,21.65,26.44975,0.0,26.05,0.187
2023-09-23 17:00:00+00:00,20.5,26.320768,0.0,24.4,0.187
2023-09-23 18:00:00+00:00,20.3,24.159084,0.0,22.9,0.187
2023-09-23 19:00:00+00:00,21.95,20.06529,0.0,21.6,0.187
2023-09-23 20:00:00+00:00,21.2,21.240835,0.0,20.5,0.187
2023-09-23 21:00:00+00:00,18.95,25.050207,0.0,19.6,0.187
2023-09-23 22:00:00+00:00,19.2,24.39248,0.0,18.75,0.187
2023-09-23 23:00:00+00:00,18.0,26.880247,0.0,18.05,0.187
2023-09-24 00:00:00+00:00,15.65,33.81012,0.0,18.15,0.19
2023-09-24 01:00:00+00:00,16.75,31.178854,0.0,17.45,0.19
2023-09-24 02:00:00+00:00,16.5,32.02541,0.0,16.85,0.19
2023-09-24 03:00:00+00:00,16.1,35.317398,0.0,16.3,0.19
2023-09-24 04:00:00+00:00,15.35,42.596985,0.0,16.35,0.19
2023-09-24 05:00:00+00:00,17.65,38.532658,0.0,17.65,0.19
2023-09-24 06:00:00+00:00,20.3,36.031002,0.0,19.8,0.19
2023-09-24 07:00:00+00:00,22.65,34.031086,0.0,22.4,0.19
2023-09-24 08:00:00+00:00,24.95,30.990507,0.0,25.1,0.19
2023-09-24 09:00:00+00:00,26.9,25.770517,0.0,27.55,0.19
2023-09-24 10:00:00+00:00,27.25,22.188824,0.0,29.45,0.19
2023-09-24 11:00:00+00:00,27.6,17.878183,0.0,30.45,0.19
2023-09-24 12:00:00+00:00,29.2,16.76463,0.0,30.8,0.189
2023-09-24 13:00:00+00:00,29.3,15.793248,0.0,30.8,0.189
2023-09-24 14:00:00+00:00,28.3,16.0255,0.0,29.95,0.189
2023-09-24 15:00:00+00:00,25.0,20.399576,0.0,28.35,0.189
2023-09-24 16:00:00+00:00,23.25,22.334042,0.0,26.65,0.189
2023-09-24 17:00:00+00:00,20.75,34.078938,0.3,25.0,0.191
2023-09-24 18:00:00+00:00,19.15,47.585026,0.0,23.5,0.191
2023-09-24 19:00:00+00:00,18.1,54.01628,0.0,22.05,0.191
2023-09-24 20:00:00+00:00,19.35,47.317154,0.0,20.9,0.191
2023-09-24 21:00:00+00:00,18.45,48.872257,0.0,19.85,0.191
2023-09-24 22:00:00+00:00,16.0,55.523422,0.0,18.95,0.191
2023-09-24 23:00:00+00:00,15.9,52.7098,0.0,18.15,0.191
2023-09-25 00:00:00+00:00,14.9,50.296627,0.0,18.35,0.17
2023-09-25 01:00:00+00:00,15.65,46.284607,0.0,17.6,0.17
2023-09-25 02:00:00+00:00,14.8,49.397827,0.0,16.95,0.17
2023-09-25 03:00:00+00:00,14.25,51.54315,0.0,16.45,0.17
2023-09-25 04:00:00+00:00,14.6,53.281643,0.0,16.5,0.17
2023-09-25 05:00:00+00:00,17.3,47.398567,0.0,17.65,0.17
2023-09-25 06:00:00+00:00,18.85,44.508224,0.0,19.45,0.17
2023-09-25 07:00:00+00:00,20.7,38.73842,0.0,21.7,0.169
2023-09-25 08:00:00+00:00,22.85,32.816772,0.0,24.1,0.169
2023-09-25 09:00:00+00:00,24.45,28.785587,0.0,26.3,0.169
2023-09-25 10:00:00+00:00,25.85,25.133034,0.0,28.15,0.169
2023-09-25 11:00:00+00:00,26.45,23.094667,0.0,29.45,0.17
2023-09-25 12:00:00+00:00,27.0,17.798534,0.0,30.1,0.17
2023-09-25 13:00:00+00:00,27.05,15.739941,0.0,29.8,0.17
2023-09-25 14:00:00+00:00,24.1,25.913609,0.0,28.7,0.17
2023-09-25 15:00:00+00:00,22.8,30.278969,0.0,27.15,0.17
2023-09-25 16:00:00+00:00,20.1,37.12039,0.0,25.3,0.17
2023-09-25 17:00:00+00:00,18.65,42.795227,0.0,23.6,0.17
2023-09-25 18:00:00+00:00,19.3,39.556175,0.0,22.15,0.17
2023-09-25 19:00:00+00:00,16.35,49.30906,0.0,20.95,0.17
2023-09-25 20:00:00+00:00,17.3,45.627987,0.0,19.85,0.17
2023-09-25 21:00:00+00:00,16.95,46.006634,0.0,18.9,0.17
2023-09-25 22:00:00+00:00,15.1,52.13355,0.0,18.05,0.17
2023-09-25 23:00:00+00:00,14.05,54.82832,0.0,17.35,0.17
2023-09-26 00:00:00+00:00,14.0,48.659065,0.0,17.2,0.169
2023-09-26 01:00:00+00:00,13.2,51.620598,0.0,16.45,0.169
2023-09-26 02:00:00+00:00,11.25,60.56897,0.0,15.8,0.169
2023-09-26 03:00:00+00:00,11.75,58.393967,0.0,15.2,0.169
2023-09-26 04:00:00+00:00,12.3,57.314297,0.0,15.1,0.169
2023-09-26 05:00:00+00:00,14.5,50.894516,0.0,16.2,0.169
2023-09-26 06:00:00+00:00,16.85,45.659744,0.0,18.2,0.169
2023-09-26 07:00:00+00:00,19.0,40.724754,0.0,20.6,0.169
2023-09-26 08:00:00+00:00,21.4,35.600105,0.0,23.05,0.169
2023-09-26 09:00:00+00:00,23.7,30.321375,0.0,25.4,0.169
2023-09-26 10:00:00+00:00,25.45,25.917282,0.0,27.4,0.169
2023-09-26 11:00:00+00:00,26.25,23.45126,0.0,28.85,0.169
2023-09-26 12:00:00+00:00,26.2,21.83937,0.0,29.7,0.169
2023-09-26 13:00:00+00:00,25.85,21.13774,0.0,29.55,0.169
2023-09-26 14:00:00+00:00,25.2,21.046549,0.0,28.6,0.169
2023-09-26 15:00:00+00:00,21.65,28.304083,0.0,26.75,0.169
2023-09-26 16:00:00+00:00,20.75,29.488457,0.0,24.8,0.169
2023-09-26 17:00:00+00:00,19.55,30.647518,0.0,23.25,0.169
2023-09-26 18:00:00+00:00,18.35,32.09857,0.0,22.0,0.169
2023-09-26 19:00:00+00:00,16.7,36.39369,0.0,20.8,0.169
2023-09-26 20:00:00+00:00,15.95,39.000782,0.0,19.7,0.169
2023-09-26 21:00:00+00:00,16.05,38.614597,0.0,18.75,0.169
2023-09-26 22:00:00+00:00,15.05,41.90957,0.0,17.9,0.169
2023-09-26 23:00:00+00:00,14.8,42.89375,0.0,17.1,0.169
2023-09-27 00:00:00+00:00,15.3,42.281322,0.0,16.9,0.167
2023-09-27 01:00:00+00:00,14.7,45.04974,0.0,16.25,0.167
2023-09-27 02:00:00+00:00,12.45,54.40841,0.0,15.65,0.167
2023-09-27 03:00:00+00:00,11.55,59.378544,0.0,15.1,0.167
2023-09-27 04:00:00+00:00,13.3,54.44119,0.0,15.1,0.167
2023-09-27 05:00:00+00:00,15.5,49.07505,0.0,16.3,0.167
2023-09-27 06:00:00+00:00,17.9,44.856773,0.0,18.35,0.167
2023-09-27 07:00:00+00:00,20.2,40.78652,0.0,20.8,0.167
2023-09-27 08:00:00+00:00,22.55,35.56094,0.0,23.4,0.167
2023-09-27 09:00:00+00:00,24.75,28.769108,0.0,25.8,0.167
2023-09-27 10:00:00+00:00,26.3,23.300024,0.0,27.75,0.167
2023-09-27 11:00:00+00:00,27.0,21.432497,0.0,28.95,0.167
2023-09-27 12:00:00+00:00,26.2,24.105968,0.0,29.45,0.168
2023-09-27 13:00:00+00:00,25.85,24.438324,0.0,29.1,0.168
2023-09-27 14:00:00+00:00,25.0,25.346024,0.0,28.15,0.168
2023-09-27 15:00:00+00:00,23.15,28.124935,0.0,26.35,0.168
2023-09-27 16:00:00+00:00,19.7,36.1101,0.0,24.45,0.168
2023-09-27 17:00:00+00:00,18.6,35.04004,0.0,22.9,0.168
2023-09-27 18:00:00+00:00,18.05,30.657637,0.0,21.6,0.168
2023-09-27 19:00:00+00:00,16.75,31.292463,0.0,20.5,0.168
2023-09-27 20:00:00+00:00,15.65,34.180443,0.0,19.5,0.168
2023-09-27 21:00:00+00:00,14.9,36.787815,0.0,18.6,0.168
2023-09-27 22:00:00+00:00,15.7,34.569004,0.0,17.8,0.168
2023-09-27 23:00:00+00:00,16.95,31.350399,0.0,17.1,0.168
2023-09-28 00:00:00+00:00,16.4,33.05883,0.0,16.15,0.178
2023-09-28 01:00:00+00:00,15.55,35.411648,0.0,15.6,0.178
2023-09-28 02:00:00+00:00,15.05,36.9652,0.0,15.1,0.178
2023-09-28 03:00:00+00:00,14.5,38.71599,0.0,14.65,0.178
2023-09-28 04:00:00+00:00,13.5,47.329536,0.0,14.65,0.178
2023-09-28 05:00:00+00:00,16.7,36.917538,0.0,16.05,0.178
2023-09-28 06:00:00+00:00,19.25,33.885952,0.0,18.25,0.178
2023-09-28 07:00:00+00:00,21.8,30.422005,0.0,20.85,0.178
2023-09-28 08:00:00+00:00,24.25,26.322678,0.0,23.55,0.178
2023-09-28 09:00:00+00:00,26.3,21.404673,0.0,26.0,0.178
2023-09-28 10:00:00+00:00,27.6,19.0008,0.0,27.85,0.178
2023-09-28 11:00:00+00:00,28.2,18.41266,0.0,28.95,0.178
2023-09-28 12:00:00+00:00,28.25,17.969772,0.0,29.35,0.179
2023-09-28 13:00:00+00:00,27.6,16.693388,0.0,29.15,0.179
2023-09-28 14:00:00+00:00,26.7,15.891618,0.0,28.35,0.179
2023-09-28 15:00:00+00:00,25.5,16.997892,0.0,26.45,0.179
2023-09-28 16:00:00+00:00,21.4,22.994043,0.0,24.55,0.179
2023-09-28 17:00:00+00:00,19.5,27.20315,0.0,23.2,0.179
2023-09-28 18:00:00+00:00,17.8,30.585695,0.0,21.95,0.179
2023-09-28 19:00:00+00:00,16.55,32.508423,0.0,20.75,0.179
2023-09-28 20:00:00+00:00,16.0,32.822586,0.0,19.75,0.179
2023-09-28 21:00:00+00:00,15.7,33.33651,0.0,18.8,0.179
2023-09-28 22:00:00+00:00,17.15,29.417494,0.0,17.9,0.179
2023-09-28 23:00:00+00:00,16.65,30.58738,0.0,17.15,0.179
2023-09-29 00:00:00+00:00,16.1,33.696796,0.0,16.05,0.185
2023-09-29 01:00:00+00:00,15.75,34.458603,0.0,15.5,0.185
2023-09-29 02:00:00+00:00,15.15,35.8099,0.0,15.0,0.185
2023-09-29 03:00:00+00:00,14.9,36.522434,0.0,14.55,0.185
2023-09-29 04:00:00+00:00,14.95,36.8025,0.0,14.55,0.185
2023-09-29 05:00:00+00:00,17.05,33.368145,0.0,16.0,0.185
2023-09-29 06:00:00+00:00,19.65,29.071882,0.0,18.25,0.185
2023-09-29 07:00:00+00:00,22.25,25.046293,0.0,20.9,0.185
2023-09-29 08:00:00+00:00,24.55,21.412716,0.0,23.6,0.185
2023-09-29 09:00:00+00:00,26.3,19.159191,0.0,26.05,0.185
2023-09-29 10:00:00+00:00,27.0,17.992277,0.0,27.75,0.185
2023-09-29 11:00:00+00:00,27.35,17.186544,0.0,28.8,0.185
2023-09-29 12:00:00+00:00,27.4,17.702236,0.0,29.05,0.186
2023-09-29 13:00:00+00:00,27.3,16.927734,0.0,29.0,0.186
2023-09-29 14:00:00+00:00,26.5,16.678993,0.0,28.1,0.186
2023-09-29 15:00:00+00:00,25.15,19.01255,0.0,26.6,0.186
2023-09-29 16:00:00+00:00,20.15,27.38541,0.0,24.55,0.186
2023-09-29 17:00:00+00:00,19.05,25.355118,0.0,23.0,0.186
2023-09-29 18:00:00+00:00,17.35,27.093498,0.0,21.7,0.186
2023-09-29 19:00:00+00:00,15.85,29.912832,0.0,20.45,0.186
2023-09-29 20:00:00+00:00,14.85,32.966553,0.0,19.35,0.186
2023-09-29 21:00:00+00:00,14.7,33.164986,0.0,18.4,0.186
2023-09-29 22:00:00+00:00,16.75,27.023643,0.0,17.55,0.186
2023-09-29 23:00:00+00:00,16.35,27.515282,0.0,16.8,0.186
2023-09-30 00:00:00+00:00,15.6,28.86497,0.0,16.0,0.186
2023-09-30 01:00:00+00:00,15.1,29.805956,0.0,15.4,0.186
2023-09-30 02:00:00+00:00,14.6,31.00999,0.0,14.85,0.186
2023-09-30 03:00:00+00:00,14.15,32.52036,0.0,14.4,0.186
2023-09-30 04:00:00+00:00,13.4,45.32093,0.0,14.35,0.186
2023-09-30 05:00:00+00:00,16.05,30.749987,0.0,15.7,0.186
2023-09-30 06:00:00+00:00,18.65,29.847214,0.0,17.85,0.186
2023-09-30 07:00:00+00:00,20.95,31.823418,0.0,20.4,0.186
2023-09-30 08:00:00+00:00,23.2,27.06882,0.0,23.0,0.186
2023-09-30 09:00:00+00:00,25.25,21.904387,0.0,25.4,0.186
2023-09-30 10:00:00+00:00,26.3,19.297493,0.0,27.15,0.186
2023-09-30 11:00:00+00:00,26.85,18.816824,0.0,28.6,0.186
2023-09-30 12:00:00+00:00,25.9,21.60753,0.0,28.85,0.187
2023-09-30 13:00:00+00:00,25.95,19.630276,0.0,28.55,0.187
2023-09-30 14:00:00+00:00,25.2,20.157948,0.0,27.6,0.187
2023-09-30 15:00:00+00:00,22.8,23.878014,0.0,26.15,0.187
2023-09-30 16:00:00+00:00,19.65,30.676123,0.0,24.2,0.187
2023-09-30 17:00:00+00:00,17.75,33.212612,0.0,22.5,0.187
2023-09-30 18:00:00+00:00,17.25,33.06741,0.0,21.25,0.187
2023-09-30 19:00:00+00:00,15.2,42.70503,0.0,20.1,0.187
2023-09-30 20:00:00+00:00,16.55,40.30209,0.0,19.05,0.187
2023-09-30 21:00:00+00:00,15.35,46.689186,0.0,18.15,0.187
2023-09-30 22:00:00+00:00,13.15,58.13338,0.0,17.4,0.187
2023-09-30 23:00:00+00:00,14.05,56.177795,0.0,16.7,0.187
2023-10-01 00:00:00+00:00,14.8,54.45539,0.0,16.9,0.18
2023-10-01 01:00:00+00:00,12.55,64.35255,0.0,16.25,0.18
2023-10-01 02:00:00+00:00,13.95,57.531395,0.0,15.65,0.18
2023-10-01 03:00:00+00:00,13.4,59.213764,0.0,15.15,0.18
2023-10-01 04:00:00+00:00,13.1,73.40223,0.0,15.05,0.18
2023-10-01 05:00:00+00:00,16.4,48.813126,0.0,16.2,0.18
2023-10-01 06:00:00+00:00,18.6,39.908157,0.0,18.1,0.18
2023-10-01 07:00:00+00:00,20.5,36.214466,0.0,20.35,0.18
2023-10-01 08:00:00+00:00,20.35,39.583576,0.1,21.5,0.181
2023-10-01 09:00:00+00:00,20.1,43.503098,0.0,22.6,0.181
2023-10-01 10:00:00+00:00,21.95,38.962543,0.0,24.15,0.181
2023-10-01 11:00:00+00:00,22.9,35.660885,0.0,25.85,0.181
2023-10-01 12:00:00+00:00,22.1,36.67366,0.0,26.05,0.189
2023-10-01 13:00:00+00:00,21.95,36.25432,0.0,25.7,0.189
2023-10-01 14:00:00+00:00,20.6,38.576317,0.0,25.0,0.189
2023-10-01 15:00:00+00:00,18.95,47.206593,0.0,23.65,0.189
2023-10-01 16:00:00+00:00,18.0,49.08391,0.0,22.3,0.189
2023-10-01 17:00:00+00:00,17.1,56.566654,0.1,21.3,0.19
2023-10-01 18:00:00+00:00,15.95,70.08032,0.3,20.25,0.193
2023-10-01 19:00:00+00:00,14.9,79.84112,0.2,19.25,0.194
2023-10-01 20:00:00+00:00,14.2,87.76725,0.5,18.15,0.199
2023-10-01 21:00:00+00:00,13.15,93.96641,0.9,17.2,0.21
2023-10-01 22:00:00+00:00,13.2,89.14064,0.8,16.5,0.221
2023-10-01 23:00:00+00:00,13.3,90.33388,0.1,16.05,0.221
2023-10-02 00:00:00+00:00,11.85,98.68897,0.0,15.35,0.285
2023-10-02 01:00:00+00:00,11.3,97.70589,0.2,14.9,0.287
2023-10-02 02:00:00+00:00,11.5,97.70946,0.3,14.45,0.291
2023-10-02 03:00:00+00:00,11.45,96.740776,0.3,14.25,0.296
2023-10-02 04:00:00+00:00,11.6,94.83645,0.4,14.15,0.3
2023-10-02 05:00:00+00:00,12.45,90.57277,0.1,14.55,0.302
2023-10-02 06:00:00+00:00,13.05,87.37342,0.4,15.15,0.305
2023-10-02 07:00:00+00:00,13.9,82.669945,0.3,15.6,0.308
2023-10-02 08:00:00+00:00,15.0,72.51817,4.9,16.5,0.37
2023-10-02 09:00:00+00:00,16.0,69.392815,4.3,17.4,0.423
2023-10-02 10:00:00+00:00,18.0,58.339268,0.1,18.8,0.421
2023-10-02 11:00:00+00:00,18.6,49.922523,0.1,19.95,0.418
2023-10-02 12:00:00+00:00,18.35,46.55844,0.1,21.0,0.308
2023-10-02 13:00:00+00:00,17.7,47.021244,0.0,21.1,0.307
2023-10-02 14:00:00+00:00,17.25,48.710365,0.0,20.45,0.306
2023-10-02 15:00:00+00:00,15.1,62.330643,0.0,19.35,0.306
2023-10-02 16:00:00+00:00,14.55,65.24033,0.0,18.3,0.306
2023-10-02 17:00:00+00:00,13.55,71.03963,0.0,17.3,0.306
2023-10-02 18:00:00+00:00,12.95,76.157364,0.0,16.65,0.306
2023-10-02 19:00:00+00:00,11.75,81.29616,0.0,15.8,0.306
2023-10-02 20:00:00+00:00,11.2,84.022705,0.0,15.2,0.306
2023-10-02 21:00:00+00:00,10.65,85.97655,0.0,14.65,0.306
2023-10-02 22:00:00+00:00,10.55,85.38508,0.0,14.25,0.306
2023-10-02 23:00:00+00:00,10.5,85.090355,0.0,13.9,0.306
2023-10-03 00:00:00+00:00,11.3,83.46793,0.0,14.3,0.306
2023-10-03 01:00:00+00:00,10.85,86.58058,0.0,13.8,0.306
2023-10-03 02:00:00+00:00,10.75,85.406425,0.0,13.3,0.306
2023-10-03 03:00:00+00:00,10.45,87.721725,0.0,12.95,0.306
2023-10-03 04:00:00+00:00,10.45,88.9166,0.0,12.95,0.306
2023-10-03 05:00:00+00:00,12.05,82.4399,0.0,13.8,0.306
2023-10-03 06:00:00+00:00,12.8,79.81118,1.0,14.75,0.314
2023-10-03 07:00:00+00:00,13.05,83.67472,1.4,15.4,0.33
2023-10-03 08:00:00+00:00,14.0,78.13527,0.4,16.3,0.334
2023-10-03 09:00:00+00:00,16.0,66.21926,0.1,17.5,0.334
2023-10-03 10:00:00+00:00,17.6,59.626816,0.3,18.75,0.335
2023-10-03 11:00:00+00:00,15.9,67.54263,3.5,18.75,0.378
2023-10-03 12:00:00+00:00,15.4,63.466217,6.7,18.6,0.455
2023-10-03 13:00:00+00:00,16.05,58.253597,0.0,18.4,0.451
2023-10-03 14:00:00+00:00,15.15,62.767246,0.0,17.8,0.448
2023-10-03 15:00:00+00:00,13.3,81.22883,1.5,16.75,0.46
2023-10-03 16:00:00+00:00,12.85,84.493454,0.1,15.75,0.457
2023-10-03 17:00:00+00:00,12.2,86.71288,0.0,15.05,0.454
2023-10-03 18:00:00+00:00,11.45,87.81224,0.2,14.35,0.453
2023-10-03 19:00:00+00:00,12.15,81.62381,0.0,13.85,0.45
2023-10-03 20:00:00+00:00,12.5,78.17052,0.0,13.3,0.447
2023-10-03 21:00:00+00:00,10.8,88.05016,0.3,12.9,0.448
2023-10-03 22:00:00+00:00,11.2,88.38228,2.9,12.8,0.482
2023-10-03 23:00:00+00:00,10.4,92.27398,0.5,12.6,0.481
2023-10-04 00:00:00+00:00,11.35,85.47024,0.0,13.45,0.461
2023-10-04 01:00:00+00:00,11.5,86.93627,0.8,13.25,0.466
2023-10-04 02:00:00+00:00,11.1,89.57023,0.2,13.05,0.465
2023-10-04 03:00:00+00:00,11.15,91.08938,0.3,12.85,0.464
2023-10-04 04:00:00+00:00,11.15,87.49012,0.6,12.8,0.468
2023-10-04 05:00:00+00:00,11.3,78.25358,0.2,12.85,0.466
2023-10-04 06:00:00+00:00,11.4,75.38497,0.2,13.05,0.464
2023-10-04 07:00:00+00:00,11.85,74.69274,0.4,13.55,0.464
2023-10-04 08:00:00+00:00,12.6,71.58603,0.0,14.25,0.46
2023-10-04 09:00:00+00:00,14.35,62.79714,0.1,15.9,0.456
2023-10-04 10:00:00+00:00,14.8,60.583897,0.1,17.05,0.452
2023-10-04 11:00:00+00:00,15.2,55.31748,0.0,17.5,0.448
2023-10-04 12:00:00+00:00,14.35,60.68395,0.0,13.95,0.503
2023-10-04 13:00:00+00:00,14.1,62.954613,0.2,14.55,0.49
2023-10-04 14:00:00+00:00,13.4,68.17208,0.0,14.65,0.482
2023-10-04 15:00:00+00:00,11.0,82.028305,0.0,14.05,0.476
2023-10-04 16:00:00+00:00,9.5,87.038795,0.0,13.15,0.471
2023-10-04 17:00:00+00:00,8.75,87.56555,0.0,12.35,0.467
2023-10-04 18:00:00+00:00,8.65,84.88691,0.0,11.7,0.464
2023-10-04 19:00:00+00:00,9.5,77.439964,0.0,11.15,0.461
2023-10-04 20:00:00+00:00,10.55,68.7647,0.0,10.65,0.458
2023-10-04 21:00:00+00:00,9.8,69.33414,0.0,10.25,0.456
2023-10-04 22:00:00+00:00,9.5,69.51634,0.0,9.85,0.453
2023-10-04 23:00:00+00:00,8.9,70.874374,0.0,9.5,0.451
2023-10-05 00:00:00+00:00,8.2,72.50529,0.0,9.9,0.452
2023-10-05 01:00:00+00:00,7.8,74.24159,0.0,9.4,0.45
2023-10-05 02:00:00+00:00,7.55,74.19708,0.0,9.0,0.448
2023-10-05 03:00:00+00:00,7.55,72.38315,0.0,8.6,0.447
2023-10-05 04:00:00+00:00,6.8,82.628174,0.0,8.6,0.445
2023-10-05 05:00:00+00:00,8.9,72.89076,0.0,9.65,0.443
2023-10-05 06:00:00+00:00,10.85,69.78781,0.0,11.25,0.441
2023-10-05 07:00:00+00:00,12.7,63.503345,0.0,13.1,0.438
2023-10-05 08:00:00+00:00,14.4,55.301712,0.0,14.95,0.434
2023-10-05 09:00:00+00:00,15.85,49.68663,0.0,16.55,0.43
2023-10-05 10:00:00+00:00,17.1,44.78605,0.0,17.85,0.426
2023-10-05 11:00:00+00:00,18.0,39.043762,0.0,18.7,0.423
2023-10-05 12:00:00+00:00,17.55,36.382015,0.0,19.0,0.421
2023-10-05 13:00:00+00:00,17.4,34.567543,0.0,18.7,0.418
2023-10-05 14:00:00+00:00,16.1,50.10092,0.0,17.8,0.417
2023-10-05 15:00:00+00:00,11.65,54.58231,0.0,16.1,0.416
2023-10-05 16:00:00+00:00,11.75,53.840088,0.0,14.6,0.416
2023-10-05 17:00:00+00:00,12.4,50.31861,0.0,13.4,0.415
2023-10-05 18:00:00+00:00,10.9,55.95463,0.0,12.4,0.415
2023-10-05 19:00:00+00:00,10.15,57.170113,0.0,11.6,0.414
2023-10-05 20:00:00+00:00,10.85,51.529263,0.0,10.9,0.414
2023-10-05 21:00:00+00:00,11.55,46.945152,0.0,10.3,0.413
2023-10-05 22:00:00+00:00,11.1,47.15684,0.0,9.8,0.413
2023-10-05 23:00:00+00:00,10.7,47.04264,0.0,9.35,0.412
2023-10-06 00:00:00+00:00,9.5,55.388844,0.0,9.0,0.414
2023-10-06 01:00:00+00:00,8.85,57.45218,0.0,8.6,0.413
2023-10-06 02:00:00+00:00,8.2,59.60552,0.0,8.25,0.413
2023-10-06 03:00:00+00:00,7.65,61.21187,0.0,7.9,0.412
2023-10-06 04:00:00+00:00,7.5,60.954826,0.0,7.95,0.412
2023-10-06 05:00:00+00:00,9.1,61.124897,0.0,9.1,0.411
2023-10-06 06:00:00+00:00,11.25,59.513496,0.0,10.85,0.41
2023-10-06 07:00:00+00:00,13.25,54.428036,0.0,12.8,0.408
2023-10-06 08:00:00+00:00,15.0,50.676132,0.0,14.7,0.405
2023-10-06 09:00:00+00:00,16.65,47.54634,0.0,16.4,0.402
2023-10-06 10:00:00+00:00,17.85,43.313877,0.0,17.75,0.399
2023-10-06 11:00:00+00:00,18.7,39.659306,0.0,18.6,0.396
2023-10-06 12:00:00+00:00,18.7,39.659306,0.0,19.0,0.4
2023-10-06 13:00:00+00:00,18.55,39.065826,0.0,18.8,0.398
2023-10-06 14:00:00+00:00,16.6,64.1652,0.0,17.95,0.397
2023-10-06 15:00:00+00:00,16.45,42.612804,0.0,16.35,0.397
2023-10-06 16:00:00+00:00,12.55,59.41706,0.0,14.9,0.397
2023-10-06 17:00:00+00:00,10.45,69.224464,0.0,13.75,0.396
2023-10-06 18:00:00+00:00,9.45,74.016,0.0,12.8,0.396
2023-10-06 19:00:00+00:00,8.7,74.40097,0.0,12.0,0.396
2023-10-06 20:00:00+00:00,7.55,76.85819,0.0,11.3,0.395
2023-10-06 21:00:00+00:00,7.4,73.908516,0.0,10.65,0.395
2023-10-06 22:00:00+00:00,10.25,56.58735,0.0,10.05,0.395
2023-10-06 23:00:00+00:00,9.5,58.449158,0.0,9.55,0.395
2023-10-07 00:00:00+00:00,9.05,61.33121,0.0,9.2,0.396
2023-10-07 01:00:00+00:00,8.55,62.538292,0.0,8.8,0.396
2023-10-07 02:00:00+00:00,7.75,66.26507,0.0,8.4,0.396
2023-10-07 03:00:00+00:00,7.7,64.38414,0.0,8.05,0.395
2023-10-07 04:00:00+00:00,7.5,63.64859,0.0,8.05,0.395
2023-10-07 05:00:00+00:00,9.25,61.598366,0.0,9.2,0.395
2023-10-07 06:00:00+00:00,11.6,53.41919,0.0,10.95,0.394
2023-10-07 07:00:00+00:00,13.85,47.09324,0.0,12.9,0.392
2023-10-07 08:00:00+00:00,15.85,41.9921,0.0,14.9,0.389
2023-10-07 09:00:00+00:00,17.6,36.010487,0.0,16.7,0.387
2023-10-07 10:00:00+00:00,18.7,31.742136,0.0,18.05,0.383
2023-10-07 11:00:00+00:00,19.4,26.68636,0.0,18.95,0.381
2023-10-07 12:00:00+00:00,19.9,24.050264,0.0,19.45,0.38
2023-10-07 13:00:00+00:00,19.5,25.75993,0.0,19.15,0.378
2023-10-07 14:00:00+00:00,17.0,60.90029,0.0,18.35,0.377
2023-10-07 15:00:00+00:00,13.15,43.341892,0.0,16.6,0.377
2023-10-07 16:00:00+00:00,12.0,48.444427,0.0,15.15,0.377
2023-10-07 17:00:00+00:00,11.85,47.540874,0.0,13.95,0.376
2023-10-07 18:00:00+00:00,11.35,47.398903,0.0,12.95,0.376
2023-10-07 19:00:00+00:00,12.8,38.920128,0.0,12.15,0.376
2023-10-07 20:00:00+00:00,13.45,36.761936,0.0,11.5,0.376
2023-10-07 21:00:00+00:00,12.5,40.129646,0.0,10.95,0.376
2023-10-07 22:00:00+00:00,11.6,42.73457,0.0,10.45,0.376
2023-10-07 23:00:00+00:00,10.75,44.88283,0.0,9.95,0.376
2023-10-08 00:00:00+00:00,10.1,47.90685,0.0,9.75,0.372
2023-10-08 01:00:00+00:00,9.4,50.208363,0.0,9.3,0.372
2023-10-08 02:00:00+00:00,8.95,52.511368,0.0,8.95,0.372
2023-10-08 03:00:00+00:00,8.55,54.739082,0.0,8.55,0.372
2023-10-08 04:00:00+00:00,8.45,55.91573,0.0,8.55,0.372
2023-10-08 05:00:00+00:00,10.3,56.802406,0.0,9.65,0.372
2023-10-08 06:00:00+00:00,12.6,52.747322,0.0,11.4,0.371
2023-10-08 07:00:00+00:00,14.65,51.11353,0.0,13.4,0.369
2023-10-08 08:00:00+00:00,16.7,45.458733,0.0,15.35,0.367
2023-10-08 09:00:00+00:00,18.5,41.15041,0.0,17.1,0.364
2023-10-08 10:00:00+00:00,20.0,37.611683,0.0,18.45,0.362
2023-10-08 11:00:00+00:00,21.0,36.484524,0.0,19.4,0.359
2023-10-08 12:00:00+00:00,21.2,34.56764,0.0,19.85,0.358
2023-10-08 13:00:00+00:00,20.9,31.921396,0.0,19.6,0.356
2023-10-08 14:00:00+00:00,17.95,56.78025,0.0,18.75,0.356
2023-10-08 15:00:00+00:00,15.3,49.01982,0.0,17.1,0.356
2023-10-08 16:00:00+00:00,13.45,53.348145,0.0,15.8,0.355
2023-10-08 17:00:00+00:00,12.25,58.929836,0.0,14.85,0.355
2023-10-08 18:00:00+00:00,11.65,61.305904,0.0,14.1,0.355
2023-10-08 19:00:00+00:00,10.65,64.14635,0.0,13.4,0.355
2023-10-08 20:00:00+00:00,9.85,67.90343,0.0,12.75,0.355
2023-10-08 21:00:00+00:00,9.85,66.723,0.0,12.25,0.355
2023-10-08 22:00:00+00:00,9.6,67.37584,0.0,11.85,0.354
2023-10-08 23:00:00+00:00,11.0,57.387592,0.0,11.35,0.354
2023-10-09 00:00:00+00:00,11.25,49.641983,0.0,11.1,0.354
2023-10-09 01:00:00+00:00,11.15,50.332344,0.0,10.65,0.354
2023-10-09 02:00:00+00:00,10.9,51.728188,0.0,10.3,0.354
2023-10-09 03:00:00+00:00,10.55,53.327568,0.0,10.05,0.354
2023-10-09 04:00:00+00:00,10.5,53.890156,0.0,10.15,0.354
2023-10-09 05:00:00+00:00,12.6,56.00023,0.0,11.15,0.354
2023-10-09 06:00:00+00:00,15.0,49.45298,0.0,12.65,0.353
2023-10-09 07:00:00+00:00,15.55,48.07212,0.0,13.55,0.352
2023-10-09 08:00:00+00:00,18.45,43.786285,0.0,15.5,0.351
2023-10-09 09:00:00+00:00,19.8,41.95326,0.2,17.05,0.35
2023-10-09 10:00:00+00:00,19.7,44.594707,0.6,17.95,0.354
2023-10-09 11:00:00+00:00,19.85,44.031017,0.2,18.5,0.354
2023-10-09 12:00:00+00:00,20.0,38.138233,0.0,19.5,0.343
2023-10-09 13:00:00+00:00,19.5,40.027958,0.0,19.2,0.341
2023-10-09 14:00:00+00:00,18.0,48.58234,0.0,18.45,0.34
2023-10-09 15:00:00+00:00,16.85,47.27329,0.0,17.1,0.34
2023-10-09 16:00:00+00:00,17.05,43.23644,0.0,16.1,0.34
2023-10-09 17:00:00+00:00,13.65,60.307735,0.0,15.2,0.341
2023-10-09 18:00:00+00:00,11.95,69.050385,0.0,14.4,0.341
2023-10-09 19:00:00+00:00,10.35,79.187935,0.0,13.6,0.34
2023-10-09 20:00:00+00:00,10.45,78.12385,0.0,12.85,0.34
2023-10-09 21:00:00+00:00,9.15,86.41126,0.0,12.3,0.34
2023-10-09 22:00:00+00:00,10.55,77.871666,0.0,11.7,0.34
2023-10-09 23:00:00+00:00,10.15,79.97775,0.0,11.2,0.34
2023-10-10 00:00:00+00:00,10.65,77.62061,0.0,11.8,0.331
2023-10-10 01:00:00+00:00,8.7,86.96161,0.0,11.3,0.331
2023-10-10 02:00:00+00:00,8.3,88.43206,0.0,10.9,0.331
2023-10-10 03:00:00+00:00,8.95,85.21258,0.0,10.6,0.331
2023-10-10 04:00:00+00:00,9.5,84.69042,0.0,10.5,0.331
2023-10-10 05:00:00+00:00,12.4,72.77905,0.0,11.5,0.331
2023-10-10 06:00:00+00:00,14.65,63.511784,0.0,13.1,0.331
2023-10-10 07:00:00+00:00,16.85,57.2754,0.0,14.9,0.33
2023-10-10 08:00:00+00:00,18.4,49.86835,0.2,16.65,0.331
2023-10-10 09:00:00+00:00,19.1,46.926884,0.2,17.85,0.331
2023-10-10 10:00:00+00:00,18.75,50.645863,0.1,18.7,0.33
2023-10-10 11:00:00+00:00,19.25,48.593422,0.3,19.2,0.331
2023-10-10 12:00:00+00:00,19.9,43.446625,0.0,19.7,0.319
2023-10-10 13:00:00+00:00,19.05,48.20967,0.0,19.45,0.318
2023-10-10 14:00:00+00:00,17.7,60.657894,0.0,18.65,0.317
2023-10-10 15:00:00+00:00,17.1,57.922203,0.0,17.35,0.317
2023-10-10 16:00:00+00:00,13.4,76.23073,0.0,16.15,0.317
2023-10-10 17:00:00+00:00,12.65,79.52183,0.1,15.2,0.318
2023-10-10 18:00:00+00:00,11.7,84.64859,0.1,14.45,0.319
2023-10-10 19:00:00+00:00,11.1,88.37365,0.1,13.85,0.32
2023-10-10 20:00:00+00:00,12.6,79.247284,0.0,13.5,0.32
2023-10-10 21:00:00+00:00,11.6,85.20943,0.0,12.95,0.32
2023-10-10 22:00:00+00:00,11.15,87.49012,0.0,12.4,0.32
2023-10-10 23:00:00+00:00,10.95,88.3607,0.0,11.95,0.32
2023-10-11 00:00:00+00:00,11.05,85.72756,0.0,13.0,0.326
2023-10-11 01:00:00+00:00,10.8,87.16282,0.0,12.45,0.326
2023-10-11 02:00:00+00:00,9.8,90.69033,0.0,11.9,0.326
2023-10-11 03:00:00+00:00,10.15,88.591064,0.0,11.4,0.326
2023-10-11 04:00:00+00:00,9.95,89.78391,0.0,11.25,0.326
2023-10-11 05:00:00+00:00,11.45,84.62073,0.0,12.05,0.326
2023-10-11 06:00:00+00:00,13.25,78.81107,0.1,13.45,0.327
2023-10-11 07:00:00+00:00,14.8,72.239395,0.1,15.0,0.326
2023-10-11 08:00:00+00:00,16.5,64.14296,0.0,16.7,0.325
2023-10-11 09:00:00+00:00,18.1,56.05848,0.0,18.2,0.324
2023-10-11 10:00:00+00:00,19.0,51.0572,0.0,19.2,0.322
2023-10-11 11:00:00+00:00,17.65,60.443455,3.0,18.9,0.356
2023-10-11 12:00:00+00:00,19.7,42.35971,0.0,20.3,0.317
2023-10-11 13:00:00+00:00,19.8,34.64921,0.0,19.95,0.315
2023-10-11 14:00:00+00:00,17.85,44.687653,0.0,19.05,0.315
2023-10-11 15:00:00+00:00,14.15,50.267166,0.0,17.4,0.315
2023-10-11 16:00:00+00:00,14.35,46.901676,0.0,16.1,0.314
2023-10-11 17:00:00+00:00,12.45,60.226303,0.0,15.15,0.314
2023-10-11 18:00:00+00:00,11.1,69.35607,0.0,14.2,0.314
2023-10-11 19:00:00+00:00,10.05,73.101974,0.0,13.25,0.314
2023-10-11 20:00:00+00:00,10.65,67.36338,0.0,12.4,0.314
2023-10-11 21:00:00+00:00,9.55,68.79931,0.0,11.7,0.314
2023-10-11 22:00:00+00:00,10.85,56.943943,0.0,11.25,0.314
2023-10-11 23:00:00+00:00,9.7,60.620438,0.0,10.7,0.314
2023-10-12 00:00:00+00:00,8.85,69.38444,0.0,11.55,0.308
2023-10-12 01:00:00+00:00,8.9,62.17619,0.0,10.8,0.308
2023-10-12 02:00:00+00:00,8.2,62.679512,0.0,10.1,0.308
2023-10-12 03:00:00+00:00,7.4,63.625313,0.0,9.5,0.308
2023-10-12 04:00:00+00:00,6.85,69.220985,0.0,9.2,0.308
2023-10-12 05:00:00+00:00,8.55,59.052475,0.0,10.05,0.307
2023-10-12 06:00:00+00:00,10.9,50.80803,0.0,11.6,0.307
2023-10-12 07:00:00+00:00,12.85,44.04112,0.0,13.55,0.306
2023-10-12 08:00:00+00:00,14.7,41.510357,0.0,15.5,0.305
2023-10-12 09:00:00+00:00,16.55,37.806625,0.0,17.3,0.303
2023-10-12 10:00:00+00:00,18.05,34.633007,0.0,18.75,0.301
2023-10-12 11:00:00+00:00,18.95,33.086433,0.0,19.75,0.3
2023-10-12 12:00:00+00:00,19.5,32.2005,0.0,20.35,0.297
2023-10-12 13:00:00+00:00,19.55,32.444496,0.0,20.1,0.296
2023-10-12 14:00:00+00:00,19.1,33.012245,0.0,19.2,0.295
2023-10-12 15:00:00+00:00,18.3,35.07735,0.0,17.5,0.295
2023-10-12 16:00:00+00:00,16.3,40.948303,0.0,16.05,0.295
2023-10-12 17:00:00+00:00,12.35,56.33004,0.0,14.85,0.295
2023-10-12 18:00:00+00:00,10.8,63.956093,0.0,13.9,0.295
2023-10-12 19:00:00+00:00,11.1,62.256878,0.0,13.05,0.295
2023-10-12 20:00:00+00:00,12.5,54.421608,0.0,12.35,0.295
2023-10-12 21:00:00+00:00,11.7,56.75995,0.0,11.7,0.295
2023-10-12 22:00:00+00:00,11.05,58.838207,0.0,11.15,0.295
2023-10-12 23:00:00+00:00,10.5,61.029804,0.0,10.65,0.295
2023-10-13 00:00:00+00:00,9.1,68.94863,0.0,11.2,0.296
2023-10-13 01:00:00+00:00,9.0,68.928055,0.0,10.6,0.296
2023-10-13 02:00:00+00:00,8.75,69.60898,0.0,10.1,0.296
2023-10-13 03:00:00+00:00,8.45,70.536995,0.0,9.65,0.296
2023-10-13 04:00:00+00:00,7.9,74.25937,0.0,9.45,0.296
2023-10-13 05:00:00+00:00,9.6,68.56879,0.0,10.35,0.296
2023-10-13 06:00:00+00:00,11.9,61.15178,0.0,12.0,0.295
2023-10-13 07:00:00+00:00,14.1,52.963566,0.0,13.95,0.295
2023-10-13 08:00:00+00:00,16.1,48.22496,0.0,15.95,0.293
2023-10-13 09:00:00+00:00,17.95,45.026314,0.0,17.8,0.292
2023-10-13 10:00:00+00:00,19.55,41.737926,0.0,19.3,0.291
2023-10-13 11:00:00+00:00,20.5,39.763252,0.0,20.3,0.289
2023-10-13 12:00:00+00:00,20.9,37.09292,0.0,20.65,0.288
2023-10-13 13:00:00+00:00,20.6,36.878464,0.0,20.45,0.287
2023-10-13 14:00:00+00:00,18.4,53.009068,0.0,19.5,0.287
2023-10-13 15:00:00+00:00,18.35,43.45614,0.0,17.85,0.287
2023-10-13 16:00:00+00:00,13.7,59.90495,0.0,16.45,0.287
2023-10-13 17:00:00+00:00,12.55,66.15225,0.0,15.35,0.286
2023-10-13 18:00:00+00:00,11.2,71.812904,0.0,14.4,0.286
2023-10-13 19:00:00+00:00,10.25,72.88559,0.0,13.5,0.286
2023-10-13 20:00:00+00:00,9.3,72.45681,0.0,12.75,0.286
2023-10-13 21:00:00+00:00,8.95,69.1609,0.0,12.0,0.286
2023-10-13 22:00:00+00:00,10.95,55.76913,0.0,11.3,0.286
2023-10-13 23:00:00+00:00,10.55,55.66463,0.0,10.7,0.286
2023-10-14 00:00:00+00:00,9.25,64.7368,0.0,10.2,0.285
2023-10-14 01:00:00+00:00,8.65,68.12997,0.0,9.65,0.285
2023-10-14 02:00:00+00:00,8.4,68.804276,0.0,9.2,0.285
2023-10-14 03:00:00+00:00,8.1,70.21882,0.0,8.75,0.285
2023-10-14 04:00:00+00:00,8.1,69.7235,0.0,8.6,0.285
2023-10-14 05:00:00+00:00,9.85,65.79176,0.0,9.65,0.285
2023-10-14 06:00:00+00:00,12.4,56.342907,0.0,11.45,0.285
2023-10-14 07:00:00+00:00,14.75,45.22376,0.0,13.55,0.284
2023-10-14 08:00:00+00:00,17.0,35.835693,0.0,15.7,0.283
2023-10-14 09:00:00+00:00,18.8,33.2792,0.0,17.65,0.282
2023-10-14 10:00:00+00:00,20.05,31.120699,0.0,19.2,0.28
2023-10-14 11:00:00+00:00,20.75,29.27926,0.0,20.1,0.279
2023-10-14 12:00:00+00:00,20.9,30.814394,0.0,20.45,0.278
2023-10-14 13:00:00+00:00,20.45,31.124584,0.0,20.15,0.277
2023-10-14 14:00:00+00:00,17.95,44.100765,0.0,19.15,0.276
2023-10-14 15:00:00+00:00,17.8,38.440434,0.0,17.4,0.276
2023-10-14 16:00:00+00:00,13.0,50.30556,0.0,15.9,0.276
2023-10-14 17:00:00+00:00,11.9,47.726204,0.0,14.65,0.276
2023-10-14 18:00:00+00:00,10.5,49.253708,0.0,13.65,0.276
2023-10-14 19:00:00+00:00,9.35,50.377422,0.0,12.7,0.276
2023-10-14 20:00:00+00:00,8.65,50.921062,0.0,11.9,0.276
2023-10-14 21:00:00+00:00,8.45,50.865322,0.0,11.2,0.276
2023-10-14 22:00:00+00:00,10.75,40.50015,0.0,10.6,0.276
2023-10-14 23:00:00+00:00,10.45,41.165035,0.0,10.05,0.276
2023-10-15 00:00:00+00:00,10.2,43.11032,0.0,9.4,0.281
2023-10-15 01:00:00+00:00,9.2,46.955685,0.0,8.95,0.281
2023-10-15 02:00:00+00:00,8.9,47.21554,0.0,8.55,0.281
2023-10-15 03:00:00+00:00,8.3,48.990765,0.0,8.15,0.281
2023-10-15 04:00:00+00:00,8.1,50.211205,0.0,8.05,0.281
2023-10-15 05:00:00+00:00,9.5,49.51029,0.0,9.1,0.28
2023-10-15 06:00:00+00:00,11.75,45.66483,0.0,10.95,0.28
2023-10-15 07:00:00+00:00,14.15,41.202026,0.0,13.1,0.279
2023-10-15 08:00:00+00:00,16.05,39.169277,0.0,15.15,0.279
2023-10-15 09:00:00+00:00,17.5,37.019066,0.0,16.8,0.278
2023-10-15 10:00:00+00:00,19.25,30.891611,0.0,18.55,0.276
2023-10-15 11:00:00+00:00,20.15,28.286476,0.0,19.45,0.275
2023-10-15 12:00:00+00:00,20.5,26.320768,0.0,20.25,0.274
2023-10-15 13:00:00+00:00,20.65,26.457636,0.0,20.0,0.273
2023-10-15 14:00:00+00:00,17.4,44.56028,0.1,19.1,0.274
2023-10-15 15:00:00+00:00,12.4,75.29702,1.9,16.95,0.296
2023-10-15 16:00:00+00:00,11.95,82.984604,6.4,15.25,0.379
2023-10-15 17:00:00+00:00,11.75,90.5233,1.8,14.25,0.403
2023-10-15 18:00:00+00:00,10.7,97.04529,0.1,13.5,0.403
2023-10-15 19:00:00+00:00,10.7,95.1185,0.2,13.0,0.404
2023-10-15 20:00:00+00:00,10.45,94.15664,0.0,12.6,0.404
2023-10-15 21:00:00+00:00,10.1,89.7954,0.0,12.0,0.403
2023-10-15 22:00:00+00:00,9.8,89.772385,0.0,11.55,0.403
2023-10-15 23:00:00+00:00,9.75,89.76854,0.2,11.35,0.405
2023-10-16 00:00:00+00:00,10.0,90.09238,0.0,12.3,0.283
2023-10-16 01:00:00+00:00,9.7,90.06998,0.6,11.75,0.291
2023-10-16 02:00:00+00:00,9.25,91.89328,0.0,11.3,0.291
2023-10-16 03:00:00+00:00,8.7,92.48823,0.0,10.85,0.291
2023-10-16 04:00:00+00:00,8.55,92.16427,0.0,10.5,0.291
2023-10-16 05:00:00+00:00,10.85,82.00898,0.0,11.05,0.291
2023-10-16 06:00:00+00:00,12.45,73.28562,0.0,12.3,0.292
2023-10-16 07:00:00+00:00,13.7,67.77122,0.1,13.9,0.292
2023-10-16 08:00:00+00:00,15.15,60.460922,0.0,15.4,0.292
2023-10-16 09:00:00+00:00,16.7,52.740864,0.0,16.9,0.291
2023-10-16 10:00:00+00:00,16.75,52.93503,0.0,17.9,0.29
2023-10-16 11:00:00+00:00,15.3,61.954716,1.5,17.6,0.306
2023-10-16 12:00:00+00:00,16.05,55.34653,0.0,18.4,0.297
2023-10-16 13:00:00+00:00,15.6,60.15792,0.3,17.75,0.299
2023-10-16 14:00:00+00:00,14.6,67.95748,0.2,16.75,0.3
2023-10-16 15:00:00+00:00,12.2,79.72595,0.0,15.55,0.3
2023-10-16 16:00:00+00:00,11.5,83.210236,0.0,14.5,0.301
2023-10-16 17:00:00+00:00,9.8,91.306885,0.0,13.45,0.301
2023-10-16 18:00:00+00:00,9.45,91.59423,0.0,12.7,0.301
2023-10-16 19:00:00+00:00,8.7,90.9228,0.0,11.95,0.301
2023-10-16 20:00:00+00:00,8.2,90.26639,0.0,11.35,0.301
2023-10-16 21:00:00+00:00,7.7,89.30036,0.0,10.75,0.301
2023-10-16 22:00:00+00:00,7.45,88.35793,0.0,10.3,0.301
2023-10-16 23:00:00+00:00,7.15,88.02541,0.0,9.85,0.301
2023-10-17 00:00:00+00:00,9.6,77.45574,0.0,10.5,0.359
2023-10-17 01:00:00+00:00,9.35,77.9543,0.0,9.85,0.358
2023-10-17 02:00:00+00:00,8.75,80.611404,0.0,9.3,0.358
2023-10-17 03:00:00+00:00,8.15,83.66423,0.0,8.75,0.358
2023-10-17 04:00:00+00:00,8.05,83.94288,0.0,8.5,0.358
2023-10-17 05:00:00+00:00,9.5,81.55284,0.0,9.4,0.358
2023-10-17 06:00:00+00:00,11.5,73.61696,0.0,11.0,0.358
2023-10-17 07:00:00+00:00,13.35,64.53186,0.0,12.9,0.357
2023-10-17 08:00:00+00:00,15.05,54.898552,0.0,14.8,0.355
2023-10-17 09:00:00+00:00,16.4,49.66518,0.0,16.5,0.353
2023-10-17 10:00:00+00:00,17.4,45.1836,0.0,17.85,0.351
2023-10-17 11:00:00+00:00,18.15,41.33727,0.0,18.65,0.349
2023-10-17 12:00:00+00:00,18.1,42.049213,0.0,18.55,0.348
2023-10-17 13:00:00+00:00,16.9,45.673847,0.0,18.2,0.346
2023-10-17 14:00:00+00:00,15.3,57.869385,0.0,17.25,0.346
2023-10-17 15:00:00+00:00,12.65,69.90537,0.0,15.85,0.346
2023-10-17 16:00:00+00:00,11.75,74.6755,0.0,14.7,0.346
2023-10-17 17:00:00+00:00,10.75,81.16251,0.0,13.7,0.346
2023-10-17 18:00:00+00:00,10.1,85.33685,0.0,12.95,0.346
2023-10-17 19:00:00+00:00,9.45,87.92965,0.0,12.3,0.346
2023-10-17 20:00:00+00:00,8.65,89.07107,0.0,11.65,0.346
2023-10-17 21:00:00+00:00,9.8,80.47943,0.0,11.05,0.346
2023-10-17 22:00:00+00:00,9.7,78.54866,0.0,10.5,0.345
2023-10-17 23:00:00+00:00,9.55,77.44786,0.0,10.0,0.345
2023-10-18 00:00:00+00:00,9.2,75.53341,0.0,10.05,0.344
2023-10-18 01:00:00+00:00,8.8,77.32899,0.0,9.6,0.344
2023-10-18 02:00:00+00:00,8.25,80.82238,0.0,9.2,0.344
2023-10-18 03:00:00+00:00,7.95,82.48602,0.0,8.85,0.344
2023-10-18 04:00:00+00:00,7.85,83.33824,0.0,8.7,0.344
2023-10-18 05:00:00+00:00,9.6,77.993,0.0,9.6,0.344
2023-10-18 06:00:00+00:00,11.8,69.736534,0.0,11.05,0.344
2023-10-18 07:00:00+00:00,13.6,63.927124,0.0,12.75,0.343
2023-10-18 08:00:00+00:00,15.4,58.89228,0.1,14.5,0.343
2023-10-18 09:00:00+00:00,16.75,51.67998,0.2,15.85,0.343
2023-10-18 10:00:00+00:00,17.65,41.920216,0.0,16.95,0.341
2023-10-18 11:00:00+00:00,17.0,45.54343,0.0,17.2,0.34
2023-10-18 12:00:00+00:00,16.3,46.95594,0.0,17.55,0.341
2023-10-18 13:00:00+00:00,16.2,49.95508,0.0,17.3,0.341
2023-10-18 14:00:00+00:00,14.7,61.8146,0.3,16.4,0.343
2023-10-18 15:00:00+00:00,13.2,75.68627,0.1,15.4,0.344
2023-10-18 16:00:00+00:00,12.45,79.4931,0.0,14.55,0.344
2023-10-18 17:00:00+00:00,11.2,87.20064,0.0,13.7,0.344
2023-10-18 18:00:00+00:00,11.0,91.692375,3.6,13.0,0.389
2023-10-18 19:00:00+00:00,11.15,91.70179,0.5,12.55,0.394
2023-10-18 20:00:00+00:00,11.05,93.24356,0.4,12.3,0.399
2023-10-18 21:00:00+00:00,10.75,94.170044,0.3,12.0,0.403
2023-10-18 22:00:00+00:00,10.4,97.038376,0.1,11.75,0.404
2023-10-18 23:00:00+00:00,10.4,95.74712,0.4,11.6,0.408
2023-10-19 00:00:00+00:00,10.75,94.48588,0.4,11.95,0.417
2023-10-19 01:00:00+00:00,10.25,97.68704,2.0,11.7,0.442
2023-10-19 02:00:00+00:00,10.4,94.78866,1.7,11.6,0.462
2023-10-19 03:00:00+00:00,10.3,95.42316,1.1,11.45,0.472
2023-10-19 04:00:00+00:00,10.1,94.45828,0.7,11.35,0.476
2023-10-19 05:00:00+00:00,10.4,91.65459,0.8,11.45,0.48
2023-10-19 06:00:00+00:00,10.8,91.988144,0.3,11.7,0.478
2023-10-19 07:00:00+00:00,11.8,88.13831,0.2,12.3,0.473
2023-10-19 08:00:00+00:00,12.5,81.669464,0.3,12.9,0.471
2023-10-19 09:00:00+00:00,13.75,72.28891,0.1,13.8,0.467
2023-10-19 10:00:00+00:00,14.65,62.438908,0.0,14.6,0.463
2023-10-19 11:00:00+00:00,12.0,77.566475,0.7,14.05,0.465
2023-10-19 12:00:00+00:00,13.55,61.969505,0.5,14.2,0.47
2023-10-19 13:00:00+00:00,13.45,62.37417,0.0,14.25,0.466
2023-10-19 14:00:00+00:00,12.8,65.5271,0.0,13.85,0.463
2023-10-19 15:00:00+00:00,11.55,71.63235,0.0,12.85,0.46
2023-10-19 16:00:00+00:00,8.9,85.79484,0.0,12.0,0.458
2023-10-19 17:00:00+00:00,8.0,87.79822,0.0,11.25,0.456
2023-10-19 18:00:00+00:00,8.25,83.38684,0.0,10.5,0.453
2023-10-19 19:00:00+00:00,8.25,81.9534,0.0,9.9,0.452
2023-10-19 20:00:00+00:00,8.6,80.87052,0.0,9.35,0.45
2023-10-19 21:00:00+00:00,8.35,81.68256,0.0,8.85,0.448
2023-10-19 22:00:00+00:00,8.25,81.669334,0.0,8.45,0.447
2023-10-19 23:00:00+00:00,8.15,81.37273,0.0,8.05,0.445
2023-10-20 00:00:00+00:00,6.5,88.27422,0.0,8.4,0.443
2023-10-20 01:00:00+00:00,6.85,85.27916,0.0,8.35,0.442
2023-10-20 02:00:00+00:00,6.45,87.65539,0.0,8.1,0.441
2023-10-20 03:00:00+00:00,4.85,93.897484,0.0,7.75,0.44
2023-10-20 04:00:00+00:00,6.45,92.35716,0.0,8.05,0.439
2023-10-20 05:00:00+00:00,7.3,90.825516,0.0,8.7,0.437
2023-10-20 06:00:00+00:00,8.85,83.459335,0.0,9.9,0.436
2023-10-20 07:00:00+00:00,10.1,78.60899,0.0,11.15,0.434
2023-10-20 08:00:00+00:00,11.5,73.11389,0.0,12.35,0.432
2023-10-20 09:00:00+00:00,13.5,63.90453,0.0,13.9,0.429
2023-10-20 10:00:00+00:00,14.7,59.124718,0.0,15.05,0.426
2023-10-20 11:00:00+00:00,15.0,57.005814,0.0,15.85,0.423
2023-10-20 12:00:00+00:00,14.7,57.521282,0.0,16.05,0.422
2023-10-20 13:00:00+00:00,14.5,58.469368,0.0,15.75,0.421
2023-10-20 14:00:00+00:00,12.65,76.36618,0.0,14.85,0.42
2023-10-20 15:00:00+00:00,11.15,73.05024,0.0,13.4,0.419
2023-10-20 16:00:00+00:00,11.0,73.02289,0.0,12.2,0.419
2023-10-20 17:00:00+00:00,10.1,75.685234,0.0,11.25,0.418
2023-10-20 18:00:00+00:00,8.45,80.84991,0.0,10.5,0.418
2023-10-20 19:00:00+00:00,8.35,77.798546,0.0,9.85,0.417
2023-10-20 20:00:00+00:00,9.95,66.7446,0.0,9.35,0.417
2023-10-20 21:00:00+00:00,9.8,65.549675,0.0,8.9,0.416
2023-10-20 22:00:00+00:00,9.35,66.380264,0.0,8.55,0.416
2023-10-20 23:00:00+00:00,8.65,69.099434,0.0,8.15,0.415
2023-10-21 00:00:00+00:00,8.9,65.34936,0.0,8.8,0.411
2023-10-21 01:00:00+00:00,8.3,70.258736,0.0,8.4,0.41
2023-10-21 02:00:00+00:00,6.7,78.64192,0.0,8.1,0.41
2023-10-21 03:00:00+00:00,7.6,72.13674,0.0,7.7,0.41
2023-10-21 04:00:00+00:00,6.95,76.489456,0.0,7.45,0.409
2023-10-21 05:00:00+00:00,8.4,75.13378,0.0,8.25,0.409
2023-10-21 06:00:00+00:00,10.6,70.95806,0.0,9.8,0.408
2023-10-21 07:00:00+00:00,12.45,65.000114,0.0,11.55,0.406
2023-10-21 08:00:00+00:00,14.25,58.407417,0.0,13.35,0.404
2023-10-21 09:00:00+00:00,15.7,52.113796,0.0,14.95,0.402
2023-10-21 10:00:00+00:00,16.8,45.64565,0.0,16.2,0.399
2023-10-21 11:00:00+00:00,17.35,40.391342,0.0,16.95,0.396
2023-10-21 12:00:00+00:00,17.55,39.32704,0.0,17.2,0.398
2023-10-21 13:00:00+00:00,17.2,43.430687,0.0,16.9,0.396
2023-10-21 14:00:00+00:00,16.1,47.392975,0.0,15.9,0.396
2023-10-21 15:00:00+00:00,13.8,57.6932,0.0,14.3,0.396
2023-10-21 16:00:00+00:00,12.05,64.01748,0.0,13.0,0.395
2023-10-21 17:00:00+00:00,12.85,57.053814,0.0,12.0,0.395
2023-10-21 18:00:00+00:00,12.3,57.113632,0.0,11.15,0.395
2023-10-21 19:00:00+00:00,11.75,57.78129,0.0,10.45,0.395
2023-10-21 20:00:00+00:00,10.75,61.95613,0.0,9.85,0.395
2023-10-21 21:00:00+00:00,10.4,63.19458,0.0,9.3,0.394
2023-10-21 22:00:00+00:00,10.0,64.90577,0.0,8.85,0.394
2023-10-21 23:00:00+00:00,9.65,65.74763,0.0,8.5,0.394
2023-10-22 00:00:00+00:00,9.1,65.625824,0.0,8.8,0.393
2023-10-22 01:00:00+00:00,8.75,66.72007,0.0,8.35,0.393
2023-10-22 02:00:00+00:00,8.65,66.2271,0.0,7.95,0.393
2023-10-22 03:00:00+00:00,8.5,66.19415,0.0,7.65,0.393
2023-10-22 04:00:00+00:00,8.4,66.644,0.0,7.45,0.392
2023-10-22 05:00:00+00:00,9.25,67.301155,0.0,8.35,0.392
2023-10-22 06:00:00+00:00,11.35,63.858234,0.0,9.95,0.391
2023-10-22 07:00:00+00:00,13.5,57.02023,0.0,11.85,0.39
2023-10-22 08:00:00+00:00,15.45,50.798553,0.0,13.7,0.388
2023-10-22 09:00:00+00:00,17.0,46.02069,0.0,15.4,0.386
2023-10-22 10:00:00+00:00,18.0,44.268017,0.0,16.75,0.383
2023-10-22 11:00:00+00:00,18.6,43.37699,0.0,17.6,0.381
2023-10-22 12:00:00+00:00,18.75,41.365486,0.0,17.95,0.383
2023-10-22 13:00:00+00:00,18.45,43.786285,0.0,17.65,0.382
2023-10-22 14:00:00+00:00,15.25,58.055428,0.0,16.55,0.382
2023-10-22 15:00:00+00:00,12.4,64.096756,0.0,15.0,0.381
2023-10-22 16:00:00+00:00,12.0,63.123154,0.0,13.7,0.381
2023-10-22 17:00:00+00:00,10.45,68.029236,0.0,12.65,0.381
2023-10-22 18:00:00+00:00,9.5,70.00499,0.0,11.8,0.381
2023-10-22 19:00:00+00:00,8.85,71.86679,0.0,11.1,0.381
2023-10-22 20:00:00+00:00,8.9,70.62582,0.0,10.5,0.381
2023-10-22 21:00:00+00:00,9.85,65.10091,0.0,10.0,0.381
2023-10-22 22:00:00+00:00,11.25,58.0632,0.0,9.5,0.381
2023-10-22 23:00:00+00:00,10.7,59.7987,0.0,9.1,0.38
2023-10-23 00:00:00+00:00,10.1,63.347855,0.0,7.95,0.378
2023-10-23 01:00:00+00:00,9.3,66.603874,0.0,7.7,0.377
2023-10-23 02:00:00+00:00,8.95,67.952805,0.0,7.55,0.377
2023-10-23 03:00:00+00:00,8.8,68.64432,0.0,7.35,0.377
2023-10-23 04:00:00+00:00,8.6,69.82445,0.0,7.25,0.377
2023-10-23 05:00:00+00:00,9.6,70.02497,0.0,8.25,0.377
2023-10-23 06:00:00+00:00,11.55,66.16394,0.0,9.95,0.376
2023-10-23 07:00:00+00:00,13.55,59.661907,0.0,11.85,0.375
2023-10-23 08:00:00+00:00,15.4,53.493332,0.0,13.7,0.373
2023-10-23 09:00:00+00:00,17.05,49.842686,0.0,15.35,0.371
2023-10-23 10:00:00+00:00,18.2,47.16024,0.0,16.6,0.369
2023-10-23 11:00:00+00:00,19.1,45.3496,0.0,17.45,0.367
2023-10-23 12:00:00+00:00,19.0,45.321575,0.0,18.1,0.364
2023-10-23 13:00:00+00:00,18.5,47.731,0.0,17.75,0.363
2023-10-23 14:00:00+00:00,16.25,64.51919,0.0,16.8,0.363
2023-10-23 15:00:00+00:00,16.2,54.632217,0.0,15.35,0.363
2023-10-23 16:00:00+00:00,11.8,73.419014,0.0,14.15,0.363
2023-10-23 17:00:00+00:00,11.1,75.592926,0.0,13.2,0.363
2023-10-23 18:00:00+00:00,10.0,79.40894,0.0,12.45,0.362
2023-10-23 19:00:00+00:00,8.9,82.03798,0.0,11.7,0.362
2023-10-23 20:00:00+00:00,8.15,81.94033,0.0,11.05,0.362
2023-10-23 21:00:00+00:00,8.0,78.838715,0.0,10.4,0.362
2023-10-23 22:00:00+00:00,10.1,65.61611,0.0,9.9,0.362
2023-10-23 23:00:00+00:00,9.8,66.24502,0.0,9.45,0.362
2023-10-24 00:00:00+00:00,9.6,66.201294,0.0,10.0,0.355
2023-10-24 01:00:00+00:00,9.05,69.669624,0.0,9.45,0.355
2023-10-24 02:00:00+00:00,8.45,73.06371,0.0,8.95,0.355
2023-10-24 03:00:00+00:00,8.15,74.56524,0.0,8.5,0.355
2023-10-24 04:00:00+00:00,8.1,74.556435,0.0,8.25,0.355
2023-10-24 05:00:00+00:00,9.35,72.71952,0.0,9.1,0.354
2023-10-24 06:00:00+00:00,11.35,68.4532,0.0,10.55,0.354
2023-10-24 07:00:00+00:00,13.3,62.77022,0.0,12.3,0.353
2023-10-24 08:00:00+00:00,15.15,56.848087,0.0,14.1,0.351
2023-10-24 09:00:00+00:00,16.85,51.529686,0.0,15.75,0.35
2023-10-24 10:00:00+00:00,18.15,48.291782,0.0,17.05,0.348
2023-10-24 11:00:00+00:00,18.75,46.1927,0.0,17.85,0.346
2023-10-24 12:00:00+00:00,18.75,44.94146,0.0,18.2,0.344
2023-10-24 13:00:00+00:00,16.9,52.974655,0.0,17.35,0.347
2023-10-24 14:00:00+00:00,14.65,65.929565,0.0,16.35,0.346
2023-10-24 15:00:00+00:00,12.85,74.86442,0.0,15.0,0.346
2023-10-24 16:00:00+00:00,10.9,83.70362,0.0,13.9,0.346
2023-10-24 17:00:00+00:00,9.8,87.36452,0.0,12.85,0.346
2023-10-24 18:00:00+00:00,9.4,85.84711,0.0,12.0,0.346
2023-10-24 19:00:00+00:00,11.45,74.11428,0.0,11.3,0.346
2023-10-24 20:00:00+00:00,11.4,72.84519,0.0,10.7,0.346
2023-10-24 21:00:00+00:00,10.95,73.51837,0.0,10.15,0.346
2023-10-24 22:00:00+00:00,9.95,76.44842,0.0,9.65,0.346
2023-10-24 23:00:00+00:00,10.1,75.42427,0.0,9.25,0.346
2023-10-25 00:00:00+00:00,9.45,78.51082,0.0,8.85,0.346
2023-10-25 01:00:00+00:00,8.2,85.1307,0.0,8.65,0.346
2023-10-25 02:00:00+00:00,7.5,88.362305,0.0,8.2,0.346
2023-10-25 03:00:00+00:00,7.25,88.64726,0.0,7.8,0.346
2023-10-25 04:00:00+00:00,7.0,89.24353,0.0,7.55,0.346
2023-10-25 05:00:00+00:00,8.55,84.00154,0.0,8.4,0.345
2023-10-25 06:00:00+00:00,10.45,79.746925,0.0,9.9,0.345
2023-10-25 07:00:00+00:00,12.4,74.02859,0.0,11.7,0.345
2023-10-25 08:00:00+00:00,14.5,66.79691,0.0,13.5,0.343
2023-10-25 09:00:00+00:00,16.2,60.711075,0.0,15.15,0.342
2023-10-25 10:00:00+00:00,17.75,56.539207,0.0,16.55,0.34
2023-10-25 11:00:00+00:00,18.8,49.469994,0.0,17.45,0.339
2023-10-25 12:00:00+00:00,19.1,43.369236,0.0,17.65,0.338
2023-10-25 13:00:00+00:00,18.25,45.42299,0.0,17.4,0.336
2023-10-25 14:00:00+00:00,14.75,65.72813,0.0,16.4,0.336
2023-10-25 15:00:00+00:00,12.35,71.29469,0.0,14.8,0.336
2023-10-25 16:00:00+00:00,10.85,77.38641,0.0,13.6,0.336
2023-10-25 17:00:00+00:00,10.15,81.08168,0.0,12.7,0.336
2023-10-25 18:00:00+00:00,9.2,85.82623,0.0,12.0,0.336
2023-10-25 19:00:00+00:00,8.4,89.663956,0.0,11.3,0.336
2023-10-25 20:00:00+00:00,7.8,91.17367,0.0,10.75,0.336
2023-10-25 21:00:00+00:00,7.15,92.079704,0.0,10.2,0.336
2023-10-25 22:00:00+00:00,7.05,92.0736,0.0,9.75,0.336
2023-10-25 23:00:00+00:00,6.8,92.37778,0.0,9.35,0.336
2023-10-26 00:00:00+00:00,6.45,93.32382,0.0,9.05,0.336
2023-10-26 01:00:00+00:00,7.0,92.070564,0.0,9.5,0.336
2023-10-26 02:00:00+00:00,7.4,89.276054,0.0,9.15,0.336
2023-10-26 03:00:00+00:00,7.3,88.95927,0.0,8.8,0.336
2023-10-26 04:00:00+00:00,8.1,86.30512,0.0,8.6,0.336
2023-10-26 05:00:00+00:00,10.15,79.97775,0.0,9.35,0.335
2023-10-26 06:00:00+00:00,12.6,72.07564,0.0,10.8,0.335
2023-10-26 07:00:00+00:00,14.2,67.6452,0.0,12.3,0.334
2023-10-26 08:00:00+00:00,15.65,62.88182,0.0,13.6,0.333
2023-10-26 09:00:00+00:00,17.55,57.449814,0.0,15.2,0.332
2023-10-26 10:00:00+00:00,18.9,49.329323,0.0,16.6,0.331
2023-10-26 11:00:00+00:00,19.25,43.71128,0.0,17.4,0.329
2023-10-26 12:00:00+00:00,18.75,43.419575,0.0,17.4,0.328
2023-10-26 13:00:00+00:00,17.85,48.043922,0.0,17.2,0.327
2023-10-26 14:00:00+00:00,15.6,65.690186,0.0,16.35,0.326
2023-10-26 15:00:00+00:00,15.65,56.974323,0.0,15.25,0.326
2023-10-26 16:00:00+00:00,13.25,70.50153,0.0,14.45,0.326
2023-10-26 17:00:00+00:00,11.25,80.13316,0.0,13.45,0.326
2023-10-26 18:00:00+00:00,10.0,87.08671,0.0,12.6,0.326
2023-10-26 19:00:00+00:00,9.3,88.21683,0.0,11.9,0.326
2023-10-26 20:00:00+00:00,8.95,87.284485,0.0,11.4,0.326
2023-10-26 21:00:00+00:00,9.05,84.05989,0.0,10.9,0.326
2023-10-26 22:00:00+00:00,8.95,82.32811,0.0,10.4,0.326
2023-10-26 23:00:00+00:00,8.75,82.58741,0.0,10.0,0.326
2023-10-27 00:00:00+00:00,9.35,79.313934,0.0,9.65,0.326
2023-10-27 01:00:00+00:00,7.65,88.68145,0.0,9.85,0.324
2023-10-27 02:00:00+00:00,7.35,88.34915,0.0,9.4,0.324
2023-10-27 03:00:00+00:00,8.4,83.98398,0.0,9.1,0.324
2023-10-27 04:00:00+00:00,8.3,84.55516,0.0,8.95,0.324
2023-10-27 05:00:00+00:00,9.95,79.12908,0.0,9.6,0.324
2023-10-27 06:00:00+00:00,12.1,70.036224,0.0,10.9,0.323
2023-10-27 07:00:00+00:00,13.8,64.19158,0.0,12.3,0.323
2023-10-27 08:00:00+00:00,15.55,59.130314,0.0,13.85,0.322
2023-10-27 09:00:00+00:00,16.95,55.766476,0.0,15.25,0.321
2023-10-27 10:00:00+00:00,18.2,52.42096,0.0,16.6,0.319
2023-10-27 11:00:00+00:00,19.1,46.132294,0.0,17.45,0.318
2023-10-27 12:00:00+00:00,19.3,42.39183,0.0,17.8,0.317
2023-10-27 13:00:00+00:00,18.3,47.188004,0.0,17.5,0.316
2023-10-27 14:00:00+00:00,15.6,62.0245,0.0,16.6,0.316
2023-10-27 15:00:00+00:00,14.45,63.034912,0.0,15.2,0.316
2023-10-27 16:00:00+00:00,11.15,77.69852,0.0,14.0,0.316
2023-10-27 17:00:00+00:00,10.05,81.06815,0.0,13.0,0.316
2023-10-27 18:00:00+00:00,9.75,80.47248,0.0,12.25,0.316
2023-10-27 19:00:00+00:00,8.9,84.332275,0.0,11.6,0.316
2023-10-27 20:00:00+00:00,8.6,84.58915,0.0,10.95,0.316
2023-10-27 21:00:00+00:00,9.15,81.225685,0.0,10.5,0.316
2023-10-27 22:00:00+00:00,9.6,78.80504,0.0,10.1,0.316
2023-10-27 23:00:00+00:00,10.2,75.963646,0.0,9.75,0.316
2023-10-28 00:00:00+00:00,9.6,78.80504,0.0,9.4,0.316
2023-10-28 01:00:00+00:00,9.4,78.23224,0.0,10.1,0.315
2023-10-28 02:00:00+00:00,9.15,79.83494,0.0,9.6,0.315
2023-10-28 03:00:00+00:00,8.9,81.19194,0.0,9.1,0.315
2023-10-28 04:00:00+00:00,8.55,82.56214,0.0,8.75,0.315
2023-10-28 05:00:00+00:00,9.95,77.77855,0.0,9.45,0.315
2023-10-28 06:00:00+00:00,12.35,68.42323,0.0,10.95,0.315
2023-10-28 07:00:00+00:00,14.65,60.963787,0.0,12.75,0.314
2023-10-28 08:00:00+00:00,17.0,54.281933,0.0,14.6,0.313
2023-10-28 09:00:00+00:00,18.6,51.123196,0.0,16.25,0.312
2023-10-28 10:00:00+00:00,19.75,48.40134,0.0,17.65,0.31
2023-10-28 11:00:00+00:00,20.9,41.408726,0.0,18.65,0.309
2023-10-28 12:00:00+00:00,21.05,36.498894,0.0,18.95,0.308
2023-10-28 13:00:00+00:00,20.15,38.848682,0.0,18.6,0.308
2023-10-28 14:00:00+00:00,15.95,58.427475,0.0,17.45,0.307
2023-10-28 15:00:00+00:00,13.05,66.71601,0.0,15.85,0.307
2023-10-28 16:00:00+00:00,11.75,74.6755,0.0,14.55,0.307
2023-10-28 17:00:00+00:00,10.9,80.90672,0.0,13.55,0.307
2023-10-28 18:00:00+00:00,10.15,83.90059,0.0,12.7,0.307
2023-10-28 19:00:00+00:00,9.15,86.41126,0.0,12.0,0.307
2023-10-28 20:00:00+00:00,8.8,84.32081,0.0,11.3,0.307
2023-10-28 21:00:00+00:00,10.8,72.48441,0.0,10.7,0.307
2023-10-28 22:00:00+00:00,10.55,72.94062,0.0,10.15,0.307
2023-10-28 23:00:00+00:00,10.05,75.415794,0.0,9.7,0.307
2023-10-29 00:00:00+00:00,9.7,77.20429,0.0,9.3,0.307
2023-10-29 01:00:00+00:00,8.95,79.80621,0.0,9.1,0.305
2023-10-29 02:00:00+00:00,8.55,81.992516,0.0,8.65,0.305
2023-10-29 03:00:00+00:00,8.35,82.53681,0.0,8.3,0.305
2023-10-29 04:00:00+00:00,8.15,83.08607,0.0,8.05,0.305
2023-10-29 05:00:00+00:00,9.4,79.04776,0.0,8.85,0.305
2023-10-29 06:00:00+00:00,11.65,70.9165,0.0,10.45,0.305
2023-10-29 07:00:00+00:00,13.7,63.078686,0.0,12.35,0.304
2023-10-29 08:00:00+00:00,15.75,56.032444,0.0,14.3,0.303
2023-10-29 09:00:00+00:00,17.35,51.663574,0.0,16.05,0.302
2023-10-29 10:00:00+00:00,18.55,48.567177,0.0,17.45,0.301
2023-10-29 11:00:00+00:00,19.3,46.66314,0.0,18.3,0.3
2023-10-29 12:00:00+00:00,19.6,45.95727,0.0,18.65,0.299
2023-10-29 13:00:00+00:00,19.55,48.840435,0.0,18.6,0.297
2023-10-29 14:00:00+00:00,18.55,52.513374,0.0,17.45,0.296
2023-10-29 15:00:00+00:00,15.45,64.34182,0.0,15.9,0.296
2023-10-29 16:00:00+00:00,12.4,77.628624,0.0,14.65,0.296
2023-10-29 17:00:00+00:00,11.65,79.108665,0.0,13.7,0.296
2023-10-29 18:00:00+00:00,10.55,82.53088,0.0,12.9,0.296
2023-10-29 19:00:00+00:00,10.25,81.65183,0.0,12.25,0.296
2023-10-29 20:00:00+00:00,11.4,73.09572,0.0,11.55,0.296
2023-10-29 21:00:00+00:00,12.4,67.49957,0.0,11.05,0.296
2023-10-29 22:00:00+00:00,11.9,69.27825,0.0,10.7,0.296
2023-10-29 23:00:00+00:00,11.5,70.64383,0.0,10.35,0.296
2023-10-30 00:00:00+00:00,11.15,71.55637,0.0,9.85,0.296
2023-10-30 01:00:00+00:00,9.65,75.34785,0.0,9.7,0.293
2023-10-30 02:00:00+00:00,9.85,73.31964,0.0,9.65,0.293
2023-10-30 03:00:00+00:00,9.95,71.57542,0.0,9.45,0.293
2023-10-30 04:00:00+00:00,9.6,72.512764,0.0,9.15,0.293
2023-10-30 05:00:00+00:00,10.2,71.12718,0.0,9.75,0.293
2023-10-30 06:00:00+00:00,12.5,63.457592,0.0,11.2,0.293
2023-10-30 07:00:00+00:00,14.7,54.807533,0.0,13.1,0.292
2023-10-30 08:00:00+00:00,16.55,49.1936,0.0,15.05,0.291
2023-10-30 09:00:00+00:00,17.85,47.387985,0.0,16.7,0.29
2023-10-30 10:00:00+00:00,19.15,44.899696,0.0,18.1,0.289
2023-10-30 11:00:00+00:00,20.2,41.068058,0.0,19.0,0.288
2023-10-30 12:00:00+00:00,20.55,38.82924,0.0,19.35,0.287
2023-10-30 13:00:00+00:00,19.65,44.428474,0.0,18.9,0.287
2023-10-30 14:00:00+00:00,18.5,46.60023,0.0,17.75,0.287
2023-10-30 15:00:00+00:00,14.75,60.571934,0.0,16.2,0.287
2023-10-30 16:00:00+00:00,13.5,65.90511,0.0,15.0,0.287
2023-10-30 17:00:00+00:00,12.85,67.82587,0.0,14.0,0.287
2023-10-30 18:00:00+00:00,12.45,67.51007,0.0,13.2,0.287
2023-10-30 19:00:00+00:00,13.8,58.903526,0.0,12.45,0.287
2023-10-30 20:00:00+00:00,12.3,62.97356,0.0,11.8,0.287
2023-10-30 21:00:00+00:00,11.95,62.456318,0.0,11.2,0.287
2023-10-30 22:00:00+00:00,11.3,63.62436,0.0,10.65,0.287
2023-10-30 23:00:00+00:00,10.25,67.51395,0.0,10.15,0.287
2023-10-31 00:00:00+00:00,9.35,71.46043,0.0,9.7,0.287
2023-10-31 01:00:00+00:00,10.25,66.80927,0.0,10.3,0.283
2023-10-31 02:00:00+00:00,9.95,67.45031,0.0,9.8,0.283
2023-10-31 03:00:00+00:00,8.4,74.08769,0.0,9.4,0.283
2023-10-31 04:00:00+00:00,7.95,76.92315,0.0,9.15,0.283
2023-10-31 05:00:00+00:00,9.8,68.370346,0.0,9.7,0.283
2023-10-31 06:00:00+00:00,12.2,61.437065,0.0,11.1,0.283
2023-10-31 07:00:00+00:00,14.35,54.71628,0.0,13.05,0.282
2023-10-31 08:00:00+00:00,16.3,48.785545,0.0,15.05,0.282
2023-10-31 09:00:00+00:00,18.0,45.352695,0.0,16.85,0.281
2023-10-31 10:00:00+00:00,19.3,42.538208,0.0,18.25,0.28
2023-10-31 11:00:00+00:00,20.15,39.526257,0.0,19.25,0.279
2023-10-31 12:00:00+00:00,20.45,37.22116,0.0,19.55,0.278
2023-10-31 13:00:00+00:00,19.3,39.556175,0.0,19.05,0.277
2023-10-31 14:00:00+00:00,16.85,50.478416,0.0,17.85,0.277
2023-10-31 15:00:00+00:00,16.3,48.28042,0.0,16.35,0.277
2023-10-31 16:00:00+00:00,15.05,52.848614,0.0,15.2,0.277
2023-10-31 17:00:00+00:00,13.35,59.6131,0.0,14.2,0.277
2023-10-31 18:00:00+00:00,13.0,59.321068,0.0,13.4,0.277
2023-10-31 19:00:00+00:00,13.9,53.281345,0.0,12.75,0.277
2023-10-31 20:00:00+00:00,13.2,54.797382,0.0,12.15,0.277
2023-10-31 21:00:00+00:00,12.55,56.38149,0.0,11.55,0.277
2023-10-31 22:00:00+00:00,11.95,58.035255,0.0,10.95,0.277
2023-10-31 23:00:00+00:00,11.1,61.174183,0.0,10.45,0.277
2023-11-01 00:00:00+00:00,10.6,62.79807,0.0,9.95,0.277
2023-11-01 01:00:00+00:00,9.9,66.03446,0.0,9.85,0.28
2023-11-01 02:00:00+00:00,9.55,67.36519,0.0,9.4,0.28
2023-11-01 03:00:00+00:00,9.35,67.798065,0.0,9.1,0.28
2023-11-01 04:00:00+00:00,8.95,69.1609,0.0,8.8,0.28
2023-11-01 05:00:00+00:00,9.85,66.723,0.0,9.4,0.28
2023-11-01 06:00:00+00:00,11.85,60.50217,0.0,10.85,0.28
2023-11-01 07:00:00+00:00,14.1,55.223907,0.1,12.75,0.28
2023-11-01 08:00:00+00:00,15.25,54.761364,0.2,14.35,0.281
2023-11-01 09:00:00+00:00,16.5,50.383434,0.0,15.7,0.28
2023-11-01 10:00:00+00:00,16.05,62.973156,0.6,16.45,0.285
2023-11-01 11:00:00+00:00,16.45,60.15766,0.1,16.35,0.286
2023-11-01 12:00:00+00:00,17.45,56.654766,0.0,16.75,0.285
2023-11-01 13:00:00+00:00,16.25,62.175167,0.1,16.15,0.307
2023-11-01 14:00:00+00:00,13.2,77.491264,0.0,15.25,0.307
2023-11-01 15:00:00+00:00,12.1,77.84547,0.0,14.05,0.307
2023-11-01 16:00:00+00:00,10.55,85.38508,0.0,13.0,0.307
2023-11-01 17:00:00+00:00,10.1,85.9198,0.0,12.15,0.307
2023-11-01 18:00:00+00:00,9.45,86.441376,0.0,11.45,0.307
2023-11-01 19:00:00+00:00,8.85,86.67814,0.0,10.9,0.307
2023-11-01 20:00:00+00:00,8.5,84.577835,0.0,10.4,0.307
2023-11-01 21:00:00+00:00,8.5,84.577835,0.0,10.15,0.307
2023-11-01 22:00:00+00:00,8.65,83.72379,0.3,10.0,0.309
2023-11-01 23:00:00+00:00,9.5,84.112144,2.2,9.9,0.337
2023-11-02 00:00:00+00:00,9.2,91.26723,0.5,9.85,0.344
2023-11-02 01:00:00+00:00,9.9,80.49334,0.0,10.15,0.319
2023-11-02 02:00:00+00:00,9.4,82.10266,0.0,9.55,0.319
2023-11-02 03:00:00+00:00,9.05,82.9104,0.0,9.05,0.319
2023-11-02 04:00:00+00:00,8.95,82.32811,0.0,8.65,0.319
2023-11-02 05:00:00+00:00,9.8,81.31298,0.0,9.3,0.319
2023-11-02 06:00:00+00:00,11.45,79.34859,0.0,10.6,0.319
2023-11-02 07:00:00+00:00,13.4,71.980125,0.0,12.3,0.319
2023-11-02 08:00:00+00:00,15.2,63.2062,0.0,14.0,0.318
2023-11-02 09:00:00+00:00,16.65,56.261406,0.0,15.5,0.317
2023-11-02 10:00:00+00:00,14.65,68.65946,3.2,15.5,0.353
2023-11-02 11:00:00+00:00,14.75,64.18566,0.3,15.15,0.356
2023-11-02 12:00:00+00:00,15.9,61.05224,0.0,15.65,0.355
2023-11-02 13:00:00+00:00,16.2,59.894577,0.0,15.9,0.348
2023-11-02 14:00:00+00:00,13.05,79.046616,0.0,15.0,0.348
2023-11-02 15:00:00+00:00,11.75,82.680756,1.9,13.75,0.369
2023-11-02 16:00:00+00:00,11.25,88.98246,0.3,12.8,0.373
2023-11-02 17:00:00+00:00,10.1,88.887596,0.1,11.8,0.374
2023-11-02 18:00:00+00:00,9.7,88.55268,0.1,11.1,0.374
2023-11-02 19:00:00+00:00,9.4,89.741585,1.3,10.6,0.392
2023-11-02 20:00:00+00:00,8.55,91.53647,5.4,10.3,0.463
2023-11-02 21:00:00+00:00,9.8,87.961075,7.5,10.45,0.507
2023-11-02 22:00:00+00:00,9.7,92.23274,0.1,10.5,0.493
2023-11-02 23:00:00+00:00,9.3,94.74427,0.2,10.3,0.487
2023-11-03 00:00:00+00:00,9.0,95.37687,0.5,10.1,0.487
2023-11-03 01:00:00+00:00,10.45,78.12385,0.0,11.1,0.482
2023-11-03 02:00:00+00:00,10.1,87.6898,0.3,10.95,0.481
2023-11-03 03:00:00+00:00,10.0,89.787735,1.4,10.8,0.493
2023-11-03 04:00:00+00:00,10.05,91.01514,2.0,10.75,0.506
2023-11-03 05:00:00+00:00,10.2,90.41237,1.9,10.85,0.511
2023-11-03 06:00:00+00:00,10.5,91.96992,2.4,11.05,0.513
2023-11-03 07:00:00+00:00,10.9,91.99421,1.6,11.35,0.508
2023-11-03 08:00:00+00:00,11.25,90.48771,0.3,11.7,0.499
2023-11-03 09:00:00+00:00,11.1,91.08602,0.6,11.85,0.498
2023-11-03 10:00:00+00:00,11.1,90.17385,0.5,11.95,0.496
2023-11-03 11:00:00+00:00,11.2,89.879166,0.1,12.15,0.491
2023-11-03 12:00:00+00:00,11.7,87.54077,0.0,12.5,0.487
2023-11-03 13:00:00+00:00,13.15,74.66299,0.0,13.65,0.477
2023-11-03 14:00:00+00:00,11.8,83.80922,0.0,13.0,0.474
2023-11-03 15:00:00+00:00,11.3,85.75363,0.0,11.85,0.471
2023-11-03 16:00:00+00:00,8.55,93.75045,0.0,11.1,0.469
2023-11-03 17:00:00+00:00,7.65,92.74587,0.0,10.4,0.467
2023-11-03 18:00:00+00:00,7.0,93.03035,0.0,9.85,0.466
2023-11-03 19:00:00+00:00,7.15,93.35994,0.0,9.55,0.464
2023-11-03 20:00:00+00:00,6.55,93.97793,0.0,9.15,0.462
2023-11-03 21:00:00+00:00,6.1,93.63073,0.0,8.8,0.461
2023-11-03 22:00:00+00:00,6.65,91.41255,0.0,8.5,0.46
2023-11-03 23:00:00+00:00,7.3,89.26794,0.0,8.2,0.458
2023-11-04 00:00:00+00:00,6.8,94.64127,0.0,8.3,0.457
2023-11-04 01:00:00+00:00,7.2,88.642975,0.0,8.8,0.46
2023-11-04 02:00:00+00:00,6.8,90.790405,0.0,8.25,0.459
2023-11-04 03:00:00+00:00,6.35,94.29498,0.0,8.05,0.458
2023-11-04 04:00:00+00:00,6.15,95.6039,0.0,7.9,0.456
2023-11-04 05:00:00+00:00,6.9,93.34708,0.0,8.3,0.455
2023-11-04 06:00:00+00:00,8.25,89.038124,0.0,9.25,0.454
2023-11-04 07:00:00+00:00,9.9,82.16699,0.0,10.6,0.453
2023-11-04 08:00:00+00:00,11.3,76.66781,0.0,11.95,0.451
2023-11-04 09:00:00+00:00,12.7,69.67678,0.0,13.3,0.448
2023-11-04 10:00:00+00:00,13.8,62.885616,0.0,14.4,0.446
2023-11-04 11:00:00+00:00,14.7,54.99755,0.0,15.1,0.443
2023-11-04 12:00:00+00:00,15.0,51.38702,0.0,15.3,0.441
2023-11-04 13:00:00+00:00,13.95,61.63852,0.0,14.95,0.439
2023-11-04 14:00:00+00:00,10.65,78.69157,0.0,13.8,0.438
2023-11-04 15:00:00+00:00,9.5,82.11555,0.0,12.45,0.438
2023-11-04 16:00:00+00:00,10.15,78.34675,0.0,11.4,0.437
2023-11-04 17:00:00+00:00,10.9,74.78475,0.0,10.5,0.437
2023-11-04 18:00:00+00:00,10.5,76.275406,0.0,9.8,0.436
2023-11-04 19:00:00+00:00,10.05,78.0624,0.0,9.2,0.436
2023-11-04 20:00:00+00:00,9.5,80.160934,0.0,8.65,0.436
2023-11-04 21:00:00+00:00,9.05,80.93217,0.0,8.2,0.435
2023-11-04 22:00:00+00:00,8.55,81.709,0.0,7.8,0.435
2023-11-04 23:00:00+00:00,8.35,80.83614,0.0,7.4,0.435
2023-11-05 00:00:00+00:00,8.2,80.25499,0.0,7.1,0.434
2023-11-05 01:00:00+00:00,6.7,85.86113,0.0,7.05,0.433
2023-11-05 02:00:00+00:00,6.35,87.340096,0.0,6.65,0.433
2023-11-05 03:00:00+00:00,6.05,88.854256,0.0,6.3,0.432
2023-11-05 04:00:00+00:00,5.55,91.659996,0.0,6.05,0.432
2023-11-05 05:00:00+00:00,6.15,90.11334,0.0,6.65,0.432
2023-11-05 06:00:00+00:00,8.15,83.95464,0.0,8.05,0.431
2023-11-05 07:00:00+00:00,9.85,78.30104,0.0,9.7,0.43
2023-11-05 08:00:00+00:00,11.55,72.37427,0.0,11.35,0.428
2023-11-05 09:00:00+00:00,13.3,66.08757,0.0,12.9,0.426
2023-11-05 10:00:00+00:00,14.6,61.160767,0.0,14.1,0.424
2023-11-05 11:00:00+00:00,15.45,57.70896,0.0,14.85,0.422
2023-11-05 12:00:00+00:00,15.8,55.66252,0.0,15.1,0.421
2023-11-05 13:00:00+00:00,15.2,60.267017,0.0,14.9,0.417
2023-11-05 14:00:00+00:00,11.35,76.15379,0.0,13.75,0.416
2023-11-05 15:00:00+00:00,11.25,70.59505,0.0,12.35,0.416
2023-11-05 16:00:00+00:00,9.7,78.278145,0.0,11.2,0.416
2023-11-05 17:00:00+00:00,7.9,85.98665,0.0,10.3,0.416
2023-11-05 18:00:00+00:00,8.55,80.583595,0.0,9.6,0.416
2023-11-05 19:00:00+00:00,10.1,73.8751,0.0,9.0,0.416
2023-11-05 20:00:00+00:00,9.8,74.852905,0.0,8.45,0.416
2023-11-05 21:00:00+00:00,9.2,77.66136,0.0,7.95,0.416
2023-11-05 22:00:00+00:00,8.5,80.85678,0.0,7.5,0.416
2023-11-05 23:00:00+00:00,7.9,83.055214,0.0,7.1,0.415
2023-11-06 00:00:00+00:00,7.65,83.31387,0.0,6.8,0.415
2023-11-06 01:00:00+00:00,6.5,85.539986,0.0,6.5,0.416
2023-11-06 02:00:00+00:00,5.15,88.777725,0.0,6.25,0.415
2023-11-06 03:00:00+00:00,6.0,87.00091,0.0,6.0,0.415
2023-11-06 04:00:00+00:00,6.0,86.39215,0.0,5.85,0.415
2023-11-06 05:00:00+00:00,6.6,85.55074,0.0,6.5,0.415
2023-11-06 06:00:00+00:00,8.85,79.24042,0.0,7.95,0.415
2023-11-06 07:00:00+00:00,10.95,73.77182,0.0,9.65,0.414
2023-11-06 08:00:00+00:00,13.0,67.39429,0.0,11.35,0.412
2023-11-06 09:00:00+00:00,14.8,61.20812,0.0,12.85,0.411
2023-11-06 10:00:00+00:00,15.9,58.61438,0.0,13.9,0.409
2023-11-06 11:00:00+00:00,17.2,56.20986,0.0,14.8,0.407
2023-11-06 12:00:00+00:00,17.4,51.853752,0.0,15.1,0.406
2023-11-06 13:00:00+00:00,15.7,61.628765,0.0,14.6,0.406
2023-11-06 14:00:00+00:00,13.1,75.160515,0.0,13.8,0.406
2023-11-06 15:00:00+00:00,10.65,80.59718,0.0,12.5,0.406
2023-11-06 16:00:00+00:00,9.55,86.15661,0.0,11.5,0.406
2023-11-06 17:00:00+00:00,8.2,89.956894,0.0,10.65,0.406
2023-11-06 18:00:00+00:00,7.8,91.803024,0.0,10.05,0.406
2023-11-06 19:00:00+00:00,7.0,94.649635,0.0,9.55,0.406
2023-11-06 20:00:00+00:00,6.75,94.31274,0.0,9.2,0.406
2023-11-06 21:00:00+00:00,6.75,93.33934,0.0,8.9,0.406
2023-11-06 22:00:00+00:00,6.45,93.32382,0.0,8.6,0.406
2023-11-06 23:00:00+00:00,6.9,89.235374,0.0,8.25,0.406
2023-11-07 00:00:00+00:00,8.35,83.39895,0.0,7.9,0.406
2023-11-07 01:00:00+00:00,7.1,89.25167,0.0,9.05,0.403
2023-11-07 02:00:00+00:00,6.05,93.30306,0.0,8.55,0.403
2023-11-07 03:00:00+00:00,6.85,90.166,0.0,8.1,0.403
2023-11-07 04:00:00+00:00,5.45,95.91341,0.0,7.65,0.403
2023-11-07 05:00:00+00:00,7.1,90.49763,0.0,8.0,0.403
2023-11-07 06:00:00+00:00,9.3,80.13265,0.0,9.15,0.402
2023-11-07 07:00:00+00:00,11.35,71.34831,0.0,10.7,0.401
2023-11-07 08:00:00+00:00,13.25,61.685825,0.0,12.35,0.4
2023-11-07 09:00:00+00:00,14.8,53.89246,0.0,13.85,0.398
2023-11-07 10:00:00+00:00,15.8,50.542103,0.0,15.0,0.396
2023-11-07 11:00:00+00:00,16.4,48.140812,0.0,15.65,0.394
2023-11-07 12:00:00+00:00,16.7,45.458733,0.0,15.7,0.393
2023-11-07 13:00:00+00:00,15.9,49.185337,0.0,15.4,0.392
2023-11-07 14:00:00+00:00,13.3,50.74522,0.0,14.2,0.392
2023-11-07 15:00:00+00:00,12.3,52.85332,0.0,13.0,0.391
2023-11-07 16:00:00+00:00,9.5,62.53999,0.0,11.8,0.391
2023-11-07 17:00:00+00:00,8.35,63.391163,0.0,10.65,0.391
2023-11-07 18:00:00+00:00,7.55,62.300728,0.0,9.7,0.391
2023-11-07 19:00:00+00:00,6.6,62.29893,0.0,8.9,0.391
2023-11-07 20:00:00+00:00,6.05,61.715145,0.0,8.2,0.391
2023-11-07 21:00:00+00:00,6.5,56.220203,0.0,7.6,0.391
2023-11-07 22:00:00+00:00,6.45,53.379795,0.0,7.05,0.391
2023-11-07 23:00:00+00:00,6.8,49.844276,0.0,6.55,0.391
2023-11-08 00:00:00+00:00,6.2,51.944607,0.0,6.05,0.391
2023-11-08 01:00:00+00:00,5.05,50.28346,0.0,6.35,0.395
2023-11-08 02:00:00+00:00,4.65,49.79208,0.0,5.8,0.395
2023-11-08 03:00:00+00:00,4.85,47.818665,0.0,5.35,0.394
2023-11-08 04:00:00+00:00,4.65,48.30711,0.0,4.95,0.394
2023-11-08 05:00:00+00:00,4.85,54.751785,0.0,5.4,0.394
2023-11-08 06:00:00+00:00,7.1,57.207993,0.0,6.8,0.394
2023-11-08 07:00:00+00:00,9.35,54.557144,0.0,8.6,0.393
2023-11-08 08:00:00+00:00,11.2,50.346207,0.0,10.45,0.392
2023-11-08 09:00:00+00:00,12.65,47.938004,0.0,12.05,0.39
2023-11-08 10:00:00+00:00,13.85,45.44962,0.0,13.35,0.388
2023-11-08 11:00:00+00:00,14.65,44.244026,0.0,14.15,0.387
2023-11-08 12:00:00+00:00,15.0,42.951477,0.0,14.4,0.385
2023-11-08 13:00:00+00:00,13.95,52.005722,0.0,14.2,0.383
2023-11-08 14:00:00+00:00,11.4,52.986828,0.0,12.85,0.383
2023-11-08 15:00:00+00:00,9.4,59.05387,0.0,11.25,0.383
2023-11-08 16:00:00+00:00,10.7,52.232872,0.0,10.0,0.383
2023-11-08 17:00:00+00:00,8.9,59.56574,0.0,9.05,0.383
2023-11-08 18:00:00+00:00,9.75,55.454697,0.0,8.25,0.383
2023-11-08 19:00:00+00:00,9.25,57.5548,0.0,7.6,0.383
2023-11-08 20:00:00+00:00,8.65,59.71748,0.0,7.0,0.383
2023-11-08 21:00:00+00:00,8.05,61.308968,0.0,6.55,0.383
2023-11-08 22:00:00+00:00,7.55,60.96704,0.0,6.1,0.383
2023-11-08 23:00:00+00:00,7.2,59.571213,0.0,5.7,0.383
2023-11-09 00:00:00+00:00,6.7,59.22943,0.0,5.35,0.383
2023-11-09 01:00:00+00:00,5.5,65.288,0.0,4.4,0.393
2023-11-09 02:00:00+00:00,5.4,64.320145,0.0,4.2,0.393
2023-11-09 03:00:00+00:00,5.3,63.363564,0.0,4.0,0.393
2023-11-09 04:00:00+00:00,4.9,66.11134,0.0,3.9,0.393
2023-11-09 05:00:00+00:00,5.5,68.196365,0.0,4.55,0.393
2023-11-09 06:00:00+00:00,7.55,68.38363,0.0,6.05,0.393
2023-11-09 07:00:00+00:00,9.9,62.41303,0.0,7.9,0.392
2023-11-09 08:00:00+00:00,12.15,54.329147,0.0,9.7,0.391
2023-11-09 09:00:00+00:00,13.95,47.62459,0.0,11.05,0.389
2023-11-09 10:00:00+00:00,15.35,43.666233,0.0,12.2,0.388
2023-11-09 11:00:00+00:00,16.0,43.698452,0.0,13.0,0.386
2023-11-09 12:00:00+00:00,16.15,45.46195,0.0,13.4,0.385
2023-11-09 13:00:00+00:00,15.1,58.417175,0.0,13.55,0.386
2023-11-09 14:00:00+00:00,11.3,65.651405,0.0,12.45,0.386
2023-11-09 15:00:00+00:00,9.5,68.78901,0.0,11.2,0.386
2023-11-09 16:00:00+00:00,8.3,74.06985,0.0,10.25,0.386
2023-11-09 17:00:00+00:00,7.4,78.19696,0.0,9.5,0.386
2023-11-09 18:00:00+00:00,6.5,80.579,0.0,8.8,0.386
2023-11-09 19:00:00+00:00,5.8,82.50059,0.0,8.25,0.386
2023-11-09 20:00:00+00:00,4.85,85.05839,0.0,7.6,0.386
2023-11-09 21:00:00+00:00,5.45,80.71738,0.0,7.15,0.386
2023-11-09 22:00:00+00:00,7.3,71.062706,0.0,6.8,0.386
2023-11-09 23:00:00+00:00,6.85,73.80925,0.0,6.45,0.386
2023-11-10 00:00:00+00:00,6.5,76.4149,0.0,6.15,0.386
2023-11-10 01:00:00+00:00,6.15,75.81501,0.0,6.5,0.384
2023-11-10 02:00:00+00:00,5.75,78.21758,0.0,6.0,0.384
2023-11-10 03:00:00+00:00,5.45,80.14522,0.0,5.6,0.384
2023-11-10 04:00:00+00:00,5.2,81.83937,0.0,5.25,0.384
2023-11-10 05:00:00+00:00,6.1,78.55021,0.0,5.75,0.384
2023-11-10 06:00:00+00:00,8.65,69.58873,0.0,7.15,0.384
2023-11-10 07:00:00+00:00,11.0,59.451782,0.0,8.85,0.383
2023-11-10 08:00:00+00:00,12.8,54.30947,0.0,10.5,0.382
2023-11-10 09:00:00+00:00,13.75,52.317352,0.0,11.65,0.38
2023-11-10 10:00:00+00:00,14.75,51.319344,0.0,12.8,0.379
2023-11-10 11:00:00+00:00,15.3,51.647038,0.0,13.6,0.378
2023-11-10 12:00:00+00:00,15.1,52.496616,0.0,13.7,0.377
2023-11-10 13:00:00+00:00,14.7,56.53876,0.0,13.65,0.377
2023-11-10 14:00:00+00:00,12.9,62.677578,0.0,12.55,0.377
2023-11-10 15:00:00+00:00,11.6,66.86631,0.0,11.25,0.377
2023-11-10 16:00:00+00:00,9.0,76.55817,0.0,10.15,0.377
2023-11-10 17:00:00+00:00,7.9,79.65437,0.0,9.3,0.377
2023-11-10 18:00:00+00:00,7.45,79.868225,0.0,8.6,0.377
2023-11-10 19:00:00+00:00,7.95,75.85129,0.0,8.0,0.377
2023-11-10 20:00:00+00:00,8.1,74.29487,0.0,7.5,0.377
2023-11-10 21:00:00+00:00,7.4,76.2944,0.0,7.0,0.377
2023-11-10 22:00:00+00:00,7.4,75.22572,0.0,6.6,0.377
2023-11-10 23:00:00+00:00,7.35,74.42408,0.0,6.3,0.377
2023-11-11 00:00:00+00:00,7.15,74.91709,0.0,6.05,0.377
2023-11-11 01:00:00+00:00,6.4,79.15426,0.0,6.05,0.373
2023-11-11 02:00:00+00:00,6.3,79.7013,0.0,5.65,0.373
2023-11-11 03:00:00+00:00,6.35,79.1468,0.0,5.3,0.373
2023-11-11 04:00:00+00:00,5.85,81.34758,0.0,5.0,0.373
2023-11-11 05:00:00+00:00,6.05,81.66282,0.0,5.5,0.373
2023-11-11 06:00:00+00:00,7.6,78.50272,0.0,6.8,0.373
2023-11-11 07:00:00+00:00,9.65,72.01849,0.0,8.35,0.372
2023-11-11 08:00:00+00:00,11.35,65.662415,0.0,9.85,0.372
2023-11-11 09:00:00+00:00,13.2,59.57643,0.0,11.25,0.371
2023-11-11 10:00:00+00:00,14.85,54.280262,0.0,12.6,0.369
2023-11-11 11:00:00+00:00,15.8,51.781532,0.0,13.55,0.368
2023-11-11 12:00:00+00:00,15.8,51.96077,0.0,13.9,0.367
2023-11-11 13:00:00+00:00,15.65,62.457714,0.0,14.0,0.364
2023-11-11 14:00:00+00:00,13.5,65.68012,0.0,12.85,0.364
2023-11-11 15:00:00+00:00,12.15,70.28672,0.0,11.4,0.364
2023-11-11 16:00:00+00:00,9.1,80.65992,0.0,10.3,0.364
2023-11-11 17:00:00+00:00,6.8,87.99381,0.0,9.35,0.364
2023-11-11 18:00:00+00:00,6.3,87.94848,0.0,8.65,0.364
2023-11-11 19:00:00+00:00,5.8,88.21199,0.0,8.05,0.364
2023-11-11 20:00:00+00:00,4.8,90.3288,0.0,7.55,0.364
2023-11-11 21:00:00+00:00,4.9,88.44331,0.0,7.0,0.364
2023-11-11 22:00:00+00:00,5.7,84.85297,0.0,6.55,0.364
2023-11-11 23:00:00+00:00,6.15,83.129425,0.0,6.15,0.365
2023-11-12 00:00:00+00:00,6.35,81.9913,0.0,5.8,0.365
2023-11-12 01:00:00+00:00,6.4,80.849754,0.0,6.05,0.362
2023-11-12 02:00:00+00:00,5.95,82.81176,0.0,5.65,0.362
2023-11-12 03:00:00+00:00,5.85,82.507,0.0,5.25,0.362
2023-11-12 04:00:00+00:00,5.75,82.49417,0.0,4.95,0.362
2023-11-12 05:00:00+00:00,6.3,80.83588,0.0,5.4,0.362
2023-11-12 06:00:00+00:00,8.65,73.61475,0.0,6.9,0.362
2023-11-12 07:00:00+00:00,10.5,67.096924,0.0,8.55,0.361
2023-11-12 08:00:00+00:00,12.5,60.44847,0.0,10.15,0.36
2023-11-12 09:00:00+00:00,14.6,54.214725,0.0,11.8,0.359
2023-11-12 10:00:00+00:00,16.3,49.466312,0.0,13.2,0.357
2023-11-12 11:00:00+00:00,17.15,48.18181,0.0,14.15,0.356
2023-11-12 12:00:00+00:00,17.0,50.173004,0.0,14.45,0.355
2023-11-12 13:00:00+00:00,15.35,58.679173,0.0,13.95,0.356
2023-11-12 14:00:00+00:00,11.65,73.141106,0.0,12.85,0.356
2023-11-12 15:00:00+00:00,11.45,71.36743,0.0,11.5,0.356
2023-11-12 16:00:00+00:00,10.65,74.22835,0.0,10.4,0.356
2023-11-12 17:00:00+00:00,7.95,83.64032,0.0,9.55,0.356
2023-11-12 18:00:00+00:00,7.35,82.40942,0.0,8.8,0.356
2023-11-12 19:00:00+00:00,7.4,79.30287,0.0,8.2,0.356
2023-11-12 20:00:00+00:00,7.8,75.826,0.0,7.65,0.356
2023-11-12 21:00:00+00:00,5.5,85.13066,0.0,7.15,0.356
2023-11-12 22:00:00+00:00,7.3,77.08858,0.0,6.75,0.356
2023-11-12 23:00:00+00:00,6.95,78.67996,0.0,6.3,0.356
2023-11-13 00:00:00+00:00,5.1,84.785194,0.0,6.0,0.356
2023-11-13 01:00:00+00:00,5.0,83.281654,0.0,6.95,0.352
2023-11-13 02:00:00+00:00,6.95,74.0898,0.0,6.45,0.352
2023-11-13 03:00:00+00:00,6.65,75.630936,0.0,6.1,0.352
2023-11-13 04:00:00+00:00,6.15,78.00238,0.0,5.65,0.352
2023-11-13 05:00:00+00:00,6.75,76.99952,0.0,6.0,0.352
2023-11-13 06:00:00+00:00,9.7,68.34954,0.0,7.4,0.352
2023-11-13 07:00:00+00:00,12.05,58.8802,0.0,9.15,0.351
2023-11-13 08:00:00+00:00,14.3,52.282284,0.0,11.0,0.35
2023-11-13 09:00:00+00:00,16.0,48.19721,0.0,12.65,0.349
2023-11-13 10:00:00+00:00,16.95,46.166718,0.0,14.05,0.347
2023-11-13 11:00:00+00:00,17.65,41.628185,0.0,14.95,0.346
2023-11-13 12:00:00+00:00,17.35,41.54191,0.0,15.2,0.345
2023-11-13 13:00:00+00:00,15.95,72.69067,0.0,14.95,0.346
2023-11-13 14:00:00+00:00,15.45,52.408398,0.0,13.6,0.346
2023-11-13 15:00:00+00:00,10.15,76.7452,0.0,12.25,0.346
2023-11-13 16:00:00+00:00,9.35,80.97311,0.0,11.25,0.346
2023-11-13 17:00:00+00:00,7.85,88.088234,0.0,10.3,0.346
2023-11-13 18:00:00+00:00,6.9,89.54587,0.0,9.5,0.346
2023-11-13 19:00:00+00:00,6.45,90.13595,0.0,8.85,0.346
2023-11-13 20:00:00+00:00,6.1,90.74092,0.0,8.3,0.346
2023-11-13 21:00:00+00:00,8.3,80.829254,0.0,7.85,0.346
2023-11-13 22:00:00+00:00,6.45,87.65539,0.0,7.5,0.346
2023-11-13 23:00:00+00:00,7.15,83.8365,0.0,7.2,0.346
2023-11-14 00:00:00+00:00,8.6,77.83763,0.0,7.05,0.346
2023-11-14 01:00:00+00:00,8.6,78.92867,0.0,8.85,0.346
2023-11-14 02:00:00+00:00,7.05,84.11807,0.0,8.3,0.346
2023-11-14 03:00:00+00:00,8.05,83.36256,0.0,8.4,0.346
2023-11-14 04:00:00+00:00,8.15,84.83124,0.0,8.5,0.346
2023-11-14 05:00:00+00:00,9.2,82.07683,0.0,8.75,0.346
2023-11-14 06:00:00+00:00,9.85,83.293724,2.0,9.3,0.368
2023-11-14 07:00:00+00:00,10.25,86.22781,1.0,10.0,0.38
2023-11-14 08:00:00+00:00,10.15,89.49584,1.2,10.3,0.395
2023-11-14 09:00:00+00:00,10.4,91.038864,0.6,10.75,0.402
2023-11-14 10:00:00+00:00,10.55,91.97296,1.2,11.1,0.417
2023-11-14 11:00:00+00:00,10.1,94.14091,2.0,10.85,0.442
2023-11-14 12:00:00+00:00,10.3,94.4668,1.4,10.85,0.458
2023-11-14 13:00:00+00:00,9.3,93.78644,2.0,10.4,0.484
2023-11-14 14:00:00+00:00,9.0,97.005844,0.5,10.05,0.485
2023-11-14 15:00:00+00:00,8.6,97.656944,0.0,9.65,0.48
2023-11-14 16:00:00+00:00,8.55,96.9953,0.0,9.4,0.477
2023-11-14 17:00:00+00:00,8.45,96.992935,0.0,9.2,0.474
2023-11-14 18:00:00+00:00,8.25,96.98823,0.0,9.0,0.471
2023-11-14 19:00:00+00:00,8.2,96.32848,0.0,8.45,0.468
2023-11-14 20:00:00+00:00,7.55,97.97195,0.0,8.2,0.466
2023-11-14 21:00:00+00:00,7.7,97.307236,0.0,8.05,0.464
2023-11-14 22:00:00+00:00,8.2,95.02319,0.0,8.2,0.463
2023-11-14 23:00:00+00:00,8.2,95.348045,0.0,8.3,0.461
2023-11-15 00:00:00+00:00,7.75,96.31552,0.0,8.2,0.46
2023-11-15 01:00:00+00:00,7.75,93.71173,0.2,8.8,0.463
2023-11-15 02:00:00+00:00,8.05,94.0476,0.4,8.65,0.466
2023-11-15 03:00:00+00:00,7.95,95.01351,0.2,8.6,0.466
2023-11-15 04:00:00+00:00,7.7,95.985016,0.0,8.55,0.465
2023-11-15 05:00:00+00:00,8.1,92.77093,0.0,8.65,0.463
2023-11-15 06:00:00+00:00,8.9,89.39677,0.0,9.25,0.461
2023-11-15 07:00:00+00:00,9.65,85.87314,0.0,9.95,0.459
2023-11-15 08:00:00+00:00,10.35,81.66496,0.0,10.75,0.457
2023-11-15 09:00:00+00:00,11.05,77.68296,0.0,11.35,0.455
2023-11-15 10:00:00+00:00,13.1,69.51895,0.0,12.7,0.453
2023-11-15 11:00:00+00:00,13.1,68.57694,0.0,13.25,0.45
2023-11-15 12:00:00+00:00,13.15,66.73736,0.0,13.35,0.448
2023-11-15 13:00:00+00:00,12.95,73.126976,0.0,13.2,0.456
2023-11-15 14:00:00+00:00,12.25,74.507706,0.0,12.3,0.454
2023-11-15 15:00:00+00:00,8.6,90.6054,0.0,11.2,0.453
2023-11-15 16:00:00+00:00,8.1,89.64049,0.0,10.15,0.452
2023-11-15 17:00:00+00:00,6.35,94.29498,0.0,9.35,0.451
2023-11-15 18:00:00+00:00,5.85,93.61832,0.0,8.7,0.45
2023-11-15 19:00:00+00:00,5.3,92.61286,0.0,8.15,0.449
2023-11-15 20:00:00+00:00,4.7,92.57832,0.0,7.6,0.448
2023-11-15 21:00:00+00:00,4.3,92.882614,0.0,7.15,0.447
2023-11-15 22:00:00+00:00,5.95,86.99602,0.0,6.8,0.447
2023-11-15 23:00:00+00:00,6.25,86.41759,0.0,6.55,0.446
2023-11-16 00:00:00+00:00,6.2,87.63211,0.0,6.5,0.445
2023-11-16 01:00:00+00:00,6.1,90.74092,0.0,7.75,0.445
2023-11-16 02:00:00+00:00,6.1,92.981606,0.0,7.75,0.444
2023-11-16 03:00:00+00:00,6.4,92.033844,0.0,7.8,0.443
2023-11-16 04:00:00+00:00,6.3,93.64062,0.0,7.8,0.442
2023-11-16 05:00:00+00:00,6.95,91.11615,0.0,8.0,0.442
2023-11-16 06:00:00+00:00,8.05,87.19893,0.0,8.6,0.441
2023-11-16 07:00:00+00:00,9.5,81.83377,0.0,9.45,0.44
2023-11-16 08:00:00+00:00,11.05,76.89009,0.1,10.7,0.44
2023-11-16 09:00:00+00:00,11.65,71.89772,0.2,11.4,0.44
2023-11-16 10:00:00+00:00,13.25,60.00298,0.1,12.3,0.439
2023-11-16 11:00:00+00:00,13.95,55.184948,0.0,12.85,0.438
2023-11-16 12:00:00+00:00,13.8,54.382458,0.0,13.05,0.436
2023-11-16 13:00:00+00:00,12.45,61.070488,0.0,12.95,0.433
2023-11-16 14:00:00+00:00,11.9,60.514275,0.0,12.1,0.432
2023-11-16 15:00:00+00:00,9.7,75.09558,0.0,11.2,0.432
2023-11-16 16:00:00+00:00,10.05,76.99407,0.0,10.85,0.431
2023-11-16 17:00:00+00:00,9.9,78.30867,0.2,10.6,0.432
2023-11-16 18:00:00+00:00,9.55,85.27761,0.3,10.35,0.434
2023-11-16 19:00:00+00:00,9.55,91.60061,0.7,10.1,0.44
2023-11-16 20:00:00+00:00,8.95,95.37508,3.4,9.85,0.483
2023-11-16 21:00:00+00:00,8.7,95.69069,3.0,9.65,0.515
2023-11-16 22:00:00+00:00,8.25,95.349846,5.8,9.45,0.51
2023-11-16 23:00:00+00:00,7.5,95.97874,3.6,9.2,0.504
2023-11-17 00:00:00+00:00,7.7,91.48136,5.6,8.9,0.507
2023-11-17 01:00:00+00:00,7.5,92.41875,2.1,9.1,0.513
2023-11-17 02:00:00+00:00,7.35,94.99016,0.9,8.8,0.512
2023-11-17 03:00:00+00:00,6.65,94.9627,0.1,8.15,0.506
2023-11-17 04:00:00+00:00,5.95,96.59756,0.0,7.5,0.502
2023-11-17 05:00:00+00:00,6.75,93.987274,0.0,7.5,0.499
2023-11-17 06:00:00+00:00,7.8,86.87395,0.0,8.45,0.497
2023-11-17 07:00:00+00:00,8.65,71.57669,0.0,9.5,0.494
2023-11-17 08:00:00+00:00,9.4,60.763306,0.0,10.6,0.492
2023-11-17 09:00:00+00:00,10.3,53.069244,0.0,11.65,0.489
2023-11-17 10:00:00+00:00,11.0,46.618755,0.0,12.45,0.486
2023-11-17 11:00:00+00:00,11.35,45.056587,0.0,12.75,0.484
2023-11-17 12:00:00+00:00,11.15,45.327065,0.0,12.7,0.482
2023-11-17 13:00:00+00:00,10.1,49.141193,0.0,12.2,0.482
2023-11-17 14:00:00+00:00,8.05,59.568108,0.0,11.05,0.481
2023-11-17 15:00:00+00:00,8.65,49.451508,0.0,10.05,0.481
2023-11-17 16:00:00+00:00,7.7,55.921356,0.0,9.1,0.48
2023-11-17 17:00:00+00:00,4.05,84.66551,0.0,8.2,0.48
2023-11-17 18:00:00+00:00,3.55,92.18319,0.0,7.5,0.479
2023-11-17 19:00:00+00:00,3.2,95.16162,0.0,7.05,0.478
2023-11-17 20:00:00+00:00,3.1,96.86277,0.0,6.75,0.478
2023-11-17 21:00:00+00:00,3.7,94.50936,0.0,6.35,0.477
2023-11-17 22:00:00+00:00,4.4,91.58547,0.0,6.1,0.477
2023-11-17 23:00:00+00:00,4.25,92.22571,0.0,5.75,0.477
2023-11-18 00:00:00+00:00,4.15,92.21966,0.0,5.55,0.476
2023-11-18 01:00:00+00:00,4.5,89.669685,0.0,6.45,0.477
2023-11-18 02:00:00+00:00,4.15,91.24541,0.0,6.05,0.477
2023-11-18 03:00:00+00:00,4.1,91.56587,0.0,5.85,0.476
2023-11-18 04:00:00+00:00,4.35,92.88538,0.0,6.1,0.476
2023-11-18 05:00:00+00:00,5.35,86.93718,0.0,6.5,0.475
2023-11-18 06:00:00+00:00,6.5,82.30007,0.0,7.1,0.475
2023-11-18 07:00:00+00:00,8.2,77.50374,0.1,8.2,0.474
2023-11-18 08:00:00+00:00,9.65,70.77303,0.2,9.35,0.475
2023-11-18 09:00:00+00:00,10.75,61.521736,0.0,10.4,0.473
2023-11-18 10:00:00+00:00,11.35,57.072113,0.0,11.1,0.472
2023-11-18 11:00:00+00:00,11.4,56.682873,0.0,11.2,0.471
2023-11-18 12:00:00+00:00,11.55,56.72144,0.0,11.4,0.47
2023-11-18 13:00:00+00:00,10.5,59.327972,0.0,11.05,0.471
2023-11-18 14:00:00+00:00,9.15,76.84917,0.0,10.45,0.471
2023-11-18 15:00:00+00:00,8.85,80.90481,0.0,10.0,0.47
2023-11-18 16:00:00+00:00,8.55,79.748566,0.0,9.7,0.47
2023-11-18 17:00:00+00:00,8.2,83.09223,0.1,9.4,0.47
2023-11-18 18:00:00+00:00,7.85,89.00503,0.2,9.1,0.471
2023-11-18 19:00:00+00:00,7.85,88.698494,0.1,8.95,0.472
2023-11-18 20:00:00+00:00,7.75,88.68998,0.7,8.75,0.477
2023-11-18 21:00:00+00:00,7.6,93.06256,0.3,8.5,0.479
2023-11-18 22:00:00+00:00,7.85,93.07592,0.0,8.45,0.478
2023-11-18 23:00:00+00:00,8.1,93.089226,0.1,8.45,0.479
2023-11-19 00:00:00+00:00,8.2,93.413574,0.1,8.45,0.479
2023-11-19 01:00:00+00:00,8.45,92.15827,0.6,9.15,0.484
2023-11-19 02:00:00+00:00,8.85,90.93311,0.5,9.0,0.489
2023-11-19 03:00:00+00:00,9.0,90.94342,0.4,8.9,0.491
2023-11-19 04:00:00+00:00,8.95,91.56221,0.5,8.9,0.494
2023-11-19 05:00:00+00:00,8.9,92.49972,1.3,8.9,0.506
2023-11-19 06:00:00+00:00,9.1,92.51118,0.8,9.05,0.508
2023-11-19 07:00:00+00:00,9.85,85.8939,0.2,9.35,0.503
2023-11-19 08:00:00+00:00,11.0,74.80201,0.9,9.9,0.506
2023-11-19 09:00:00+00:00,11.6,72.38354,1.0,10.45,0.509
2023-11-19 10:00:00+00:00,12.0,71.71749,0.1,10.65,0.504
2023-11-19 11:00:00+00:00,11.95,71.95408,0.3,10.95,0.501
2023-11-19 12:00:00+00:00,11.6,72.38354,0.2,10.95,0.499
2023-11-19 13:00:00+00:00,10.15,96.38384,2.2,10.65,0.519
2023-11-19 14:00:00+00:00,9.5,98.333244,3.2,10.35,0.506
2023-11-19 15:00:00+00:00,9.15,96.355606,0.4,10.0,0.507
2023-11-19 16:00:00+00:00,9.05,94.73409,0.3,9.7,0.507
2023-11-19 17:00:00+00:00,8.7,95.04247,0.2,9.4,0.506
2023-11-19 18:00:00+00:00,8.7,94.39814,0.7,9.25,0.51
2023-11-19 19:00:00+00:00,8.75,92.17624,1.0,9.05,0.515
2023-11-19 20:00:00+00:00,8.85,91.24398,0.5,8.95,0.512
2023-11-19 21:00:00+00:00,8.95,91.87473,0.2,8.95,0.509
2023-11-19 22:00:00+00:00,8.95,92.18818,0.5,8.95,0.51
2023-11-19 23:00:00+00:00,9.15,91.575035,0.7,9.0,0.512
2023-11-20 00:00:00+00:00,9.45,90.358,1.0,9.05,0.515
2023-11-20 01:00:00+00:00,7.4,95.64675,4.2,8.7,0.519
2023-11-20 02:00:00+00:00,7.65,96.97398,1.3,8.55,0.517
2023-11-20 03:00:00+00:00,7.6,98.9818,1.1,8.5,0.518
2023-11-20 04:00:00+00:00,7.45,98.98059,2.6,8.45,0.519
2023-11-20 05:00:00+00:00,7.75,95.65865,4.5,8.45,0.51
2023-11-20 06:00:00+00:00,7.15,94.330414,4.2,8.45,0.507
2023-11-20 07:00:00+00:00,7.1,90.49763,2.3,8.55,0.511
2023-11-20 08:00:00+00:00,7.15,88.02541,2.1,8.65,0.514
2023-11-20 09:00:00+00:00,7.3,87.73401,2.0,8.95,0.515
2023-11-20 10:00:00+00:00,7.1,88.32719,1.5,8.75,0.51
2023-11-20 11:00:00+00:00,6.5,83.17273,1.5,8.55,0.52
2023-11-20 12:00:00+00:00,5.85,90.40642,1.4,8.25,0.514
2023-11-20 13:00:00+00:00,5.4,92.29483,1.7,7.9,0.519
2023-11-20 14:00:00+00:00,4.6,92.57254,1.6,7.3,0.519
2023-11-20 15:00:00+00:00,3.2,96.86528,1.9,6.7,0.51
2023-11-20 16:00:00+00:00,2.05,96.49024,1.7,6.0,0.517
2023-11-20 17:00:00+00:00,2.0,95.11524,1.2,5.4,0.516
2023-11-20 18:00:00+00:00,1.9,95.11134,1.1,5.0,0.514
2023-11-20 19:00:00+00:00,2.0,92.0878,0.7,4.65,0.512
2023-11-20 20:00:00+00:00,2.2,87.25097,0.1,4.4,0.51
2023-11-20 21:00:00+00:00,2.0,87.86557,0.1,4.2,0.508
2023-11-20 22:00:00+00:00,1.4,83.742775,0.3,3.85,0.506
2023-11-20 23:00:00+00:00,1.1,83.09423,0.5,3.6,0.504
2023-11-21 00:00:00+00:00,1.1,80.38979,0.2,3.35,0.503
2023-11-21 01:00:00+00:00,0.75,83.66308,0.5,3.4,0.5
2023-11-21 02:00:00+00:00,0.8,79.75491,0.5,3.25,0.499
2023-11-21 03:00:00+00:00,0.7,77.69907,0.1,3.1,0.497
2023-11-21 04:00:00+00:00,0.05,78.174095,0.0,2.75,0.496
2023-11-21 05:00:00+00:00,0.8,71.33567,0.0,2.6,0.495
2023-11-21 06:00:00+00:00,2.1,63.78425,0.0,3.3,0.494
2023-11-21 07:00:00+00:00,3.45,58.39904,0.0,4.45,0.492
2023-11-21 08:00:00+00:00,4.5,52.842697,0.0,5.7,0.49
2023-11-21 09:00:00+00:00,5.35,50.557987,0.0,6.85,0.488
2023-11-21 10:00:00+00:00,5.8,48.27511,0.0,7.6,0.486
2023-11-21 11:00:00+00:00,5.8,47.19752,0.0,7.9,0.485
2023-11-21 12:00:00+00:00,5.4,45.503326,0.0,7.75,0.483
2023-11-21 13:00:00+00:00,4.35,48.587875,0.0,7.3,0.482
2023-11-21 14:00:00+00:00,2.8,52.16908,0.0,6.3,0.481
2023-11-21 15:00:00+00:00,1.85,55.604797,0.0,5.3,0.48
2023-11-21 16:00:00+00:00,1.0,60.46445,0.0,4.45,0.48
2023-11-21 17:00:00+00:00,-0.15,66.71106,0.0,3.7,0.479
2023-11-21 18:00:00+00:00,-1.15,70.942894,0.0,3.0,0.479
2023-11-21 19:00:00+00:00,-2.25,75.75816,0.0,2.4,0.478
2023-11-21 20:00:00+00:00,-3.1,78.860214,0.0,1.85,0.478
2023-11-21 21:00:00+00:00,-3.7,80.59877,0.0,1.35,0.478
2023-11-21 22:00:00+00:00,-3.0,74.18802,0.0,0.9,0.477
2023-11-21 23:00:00+00:00,-1.85,66.83872,0.0,0.75,0.477
2023-11-22 00:00:00+00:00,-1.9,67.08531,0.0,0.65,0.476
2023-11-22 01:00:00+00:00,-2.5,71.48649,0.0,1.35,0.476
2023-11-22 02:00:00+00:00,-3.1,75.3182,0.0,0.85,0.476
2023-11-22 03:00:00+00:00,-3.25,76.75088,0.0,0.7,0.475
2023-11-22 04:00:00+00:00,-2.9,75.64334,0.0,0.6,0.475
2023-11-22 05:00:00+00:00,-2.35,76.61146,0.0,0.6,0.474
2023-11-22 06:00:00+00:00,-0.3,72.74281,0.0,0.85,0.474
2023-11-22 07:00:00+00:00,1.4,68.58113,0.0,2.25,0.473
2023-11-22 08:00:00+00:00,3.05,64.96731,0.0,3.95,0.472
2023-11-22 09:00:00+00:00,4.6,61.361378,0.0,5.5,0.47
2023-11-22 10:00:00+00:00,5.9,58.810665,0.0,6.7,0.469
2023-11-22 11:00:00+00:00,6.7,56.89521,0.0,7.45,0.467
2023-11-22 12:00:00+00:00,6.9,55.709797,0.0,7.75,0.466
2023-11-22 13:00:00+00:00,5.7,57.052807,0.0,7.6,0.465
2023-11-22 14:00:00+00:00,2.65,75.48625,0.0,6.4,0.465
2023-11-22 15:00:00+00:00,1.65,77.56619,0.0,5.15,0.465
2023-11-22 16:00:00+00:00,0.0,84.1909,0.0,4.1,0.465
2023-11-22 17:00:00+00:00,-0.5,84.44368,0.0,3.3,0.465
2023-11-22 18:00:00+00:00,-0.8,83.47073,0.0,2.75,0.464
2023-11-22 19:00:00+00:00,-1.3,83.09651,0.0,2.25,0.464
2023-11-22 20:00:00+00:00,-0.65,75.7522,0.0,1.8,0.464
2023-11-22 21:00:00+00:00,0.3,68.34462,0.0,1.35,0.464
2023-11-22 22:00:00+00:00,0.25,67.054214,0.0,0.95,0.464
2023-11-22 23:00:00+00:00,0.2,65.53531,0.0,0.8,0.464
2023-11-23 00:00:00+00:00,0.0,65.73861,0.0,0.7,0.463
2023-11-23 01:00:00+00:00,-1.0,73.43723,0.0,0.8,0.463
2023-11-23 02:00:00+00:00,-1.3,75.35256,0.0,0.7,0.463
2023-11-23 03:00:00+00:00,-1.7,77.01326,0.0,0.6,0.463
2023-11-23 04:00:00+00:00,-3.4,83.77583,0.0,0.5,0.463
2023-11-23 05:00:00+00:00,-1.2,77.68033,0.0,0.5,0.462
2023-11-23 06:00:00+00:00,0.5,73.718605,0.0,0.7,0.462
2023-11-23 07:00:00+00:00,2.1,71.06514,0.0,1.75,0.461
2023-11-23 08:00:00+00:00,3.8,68.58385,0.0,3.6,0.46
2023-11-23 09:00:00+00:00,5.6,64.60132,0.0,5.35,0.459
2023-11-23 10:00:00+00:00,6.95,61.041187,0.0,6.7,0.457
2023-11-23 11:00:00+00:00,7.45,60.067234,0.0,7.55,0.456
2023-11-23 12:00:00+00:00,7.6,60.7595,0.0,7.85,0.455
2023-11-23 13:00:00+00:00,6.55,67.44155,0.0,7.5,0.455
2023-11-23 14:00:00+00:00,5.35,70.422325,0.0,6.25,0.455
2023-11-23 15:00:00+00:00,4.1,76.01163,0.0,5.0,0.455
2023-11-23 16:00:00+00:00,2.15,83.22654,0.0,4.05,0.454
2023-11-23 17:00:00+00:00,3.25,77.541336,0.0,3.35,0.454
2023-11-23 18:00:00+00:00,1.4,81.92284,0.0,2.7,0.454
2023-11-23 19:00:00+00:00,3.0,73.637085,0.0,2.2,0.454
2023-11-23 20:00:00+00:00,2.9,73.61859,0.0,1.7,0.454
2023-11-23 21:00:00+00:00,2.65,73.30243,0.0,1.35,0.454
2023-11-23 22:00:00+00:00,2.0,75.37265,0.0,1.0,0.454
2023-11-23 23:00:00+00:00,1.65,75.31117,0.0,0.85,0.454
2023-11-24 00:00:00+00:00,1.05,77.18239,0.0,0.75,0.454
2023-11-24 01:00:00+00:00,0.2,82.979614,0.0,0.9,0.454
2023-11-24 02:00:00+00:00,0.45,79.99857,0.0,0.75,0.454
2023-11-24 03:00:00+00:00,0.65,77.97975,0.0,0.7,0.453
2023-11-24 04:00:00+00:00,0.65,77.69097,0.0,0.6,0.453
2023-11-24 05:00:00+00:00,0.6,83.64461,0.0,0.6,0.453
2023-11-24 06:00:00+00:00,2.55,76.863686,0.0,1.0,0.453
2023-11-24 07:00:00+00:00,4.4,73.89402,0.0,2.75,0.452
2023-11-24 08:00:00+00:00,6.25,70.34946,0.0,4.65,0.451
2023-11-24 09:00:00+00:00,7.8,66.75076,0.0,6.25,0.45
2023-11-24 10:00:00+00:00,9.2,63.138657,0.0,7.55,0.449
2023-11-24 11:00:00+00:00,10.15,61.37805,0.0,8.45,0.447
2023-11-24 12:00:00+00:00,10.4,61.65519,0.0,8.8,0.446
2023-11-24 13:00:00+00:00,9.7,76.143486,0.0,8.8,0.446
2023-11-24 14:00:00+00:00,8.15,69.98083,0.0,7.5,0.446
2023-11-24 15:00:00+00:00,3.4,89.26254,0.0,6.25,0.446
2023-11-24 16:00:00+00:00,2.55,90.15933,0.0,5.25,0.446
2023-11-24 17:00:00+00:00,1.65,90.74467,0.0,4.5,0.446
2023-11-24 18:00:00+00:00,0.75,91.01028,0.0,3.85,0.446
2023-11-24 19:00:00+00:00,0.05,91.29449,0.0,3.2,0.446
2023-11-24 20:00:00+00:00,0.15,89.644485,0.0,2.7,0.446
2023-11-24 21:00:00+00:00,0.45,87.71997,0.0,2.25,0.446
2023-11-24 22:00:00+00:00,0.3,88.028244,0.0,1.95,0.446
2023-11-24 23:00:00+00:00,0.6,87.09369,0.0,1.8,0.445
2023-11-25 00:00:00+00:00,1.1,85.56562,0.0,1.5,0.445
2023-11-25 01:00:00+00:00,1.15,89.07441,0.0,3.2,0.445
2023-11-25 02:00:00+00:00,2.85,81.81921,0.0,3.0,0.445
2023-11-25 03:00:00+00:00,3.4,83.082344,0.0,3.25,0.445
2023-11-25 04:00:00+00:00,3.8,77.91118,0.0,3.15,0.445
2023-11-25 05:00:00+00:00,3.7,84.92926,0.0,3.25,0.445
2023-11-25 06:00:00+00:00,5.55,75.172615,0.0,4.15,0.445
2023-11-25 07:00:00+00:00,7.15,72.05114,0.0,5.4,0.444
2023-11-25 08:00:00+00:00,8.0,69.703255,0.0,6.2,0.444
2023-11-25 09:00:00+00:00,8.3,68.29798,0.0,6.75,0.443
2023-11-25 10:00:00+00:00,8.85,65.1068,0.0,7.45,0.443
2023-11-25 11:00:00+00:00,8.6,66.68749,0.0,7.6,0.442
2023-11-25 12:00:00+00:00,8.45,70.04103,0.1,7.7,0.442
2023-11-25 13:00:00+00:00,7.9,69.93053,0.0,7.8,0.442
2023-11-25 14:00:00+00:00,7.15,77.06434,0.0,7.4,0.442
2023-11-25 15:00:00+00:00,6.5,84.64536,0.0,7.05,0.442
2023-11-25 16:00:00+00:00,6.05,90.73737,0.0,6.75,0.441
2023-11-25 17:00:00+00:00,6.0,86.69605,0.0,6.4,0.441
2023-11-25 18:00:00+00:00,5.6,87.88458,0.0,6.0,0.441
2023-11-25 19:00:00+00:00,5.75,87.59007,0.1,5.95,0.442
2023-11-25 20:00:00+00:00,5.4,92.29483,0.1,5.9,0.443
2023-11-25 21:00:00+00:00,5.5,90.69818,0.2,5.85,0.444
2023-11-25 22:00:00+00:00,5.3,91.643875,0.3,5.8,0.447
2023-11-25 23:00:00+00:00,5.0,94.89711,0.7,5.7,0.454
2023-11-26 00:00:00+00:00,4.5,98.265785,0.9,5.55,0.464
2023-11-26 01:00:00+00:00,3.8,92.854744,1.0,6.0,0.46
2023-11-26 02:00:00+00:00,3.55,90.880424,0.9,5.5,0.47
2023-11-26 03:00:00+00:00,3.9,89.62196,0.3,5.2,0.472
2023-11-26 04:00:00+00:00,4.0,94.18897,0.1,5.05,0.473
2023-11-26 05:00:00+00:00,4.45,90.30272,0.1,5.1,0.472
2023-11-26 06:00:00+00:00,5.1,89.40155,0.0,5.4,0.471
2023-11-26 07:00:00+00:00,6.0,83.994606,0.0,5.9,0.47
2023-11-26 08:00:00+00:00,6.4,83.16037,0.3,6.25,0.472
2023-11-26 09:00:00+00:00,6.85,84.38942,0.5,6.85,0.476
2023-11-26 10:00:00+00:00,6.95,85.29006,0.4,7.05,0.478
2023-11-26 11:00:00+00:00,6.6,91.409256,0.4,6.95,0.481
2023-11-26 12:00:00+00:00,6.65,91.73038,0.4,7.0,0.484
2023-11-26 13:00:00+00:00,5.95,91.366234,0.3,6.9,0.486
2023-11-26 14:00:00+00:00,6.0,94.60769,0.1,6.65,0.486
2023-11-26 15:00:00+00:00,6.05,95.932686,0.3,6.5,0.487
2023-11-26 16:00:00+00:00,6.1,96.601585,0.1,6.45,0.486
2023-11-26 17:00:00+00:00,6.1,96.93678,0.2,6.4,0.487
2023-11-26 18:00:00+00:00,6.1,97.61023,0.2,6.4,0.487
2023-11-26 19:00:00+00:00,6.3,96.2733,0.1,6.35,0.486
2023-11-26 20:00:00+00:00,5.65,94.923096,0.2,5.95,0.486
2023-11-26 21:00:00+00:00,6.6,93.00874,0.9,6.1,0.495
2023-11-26 22:00:00+00:00,6.5,95.28587,3.0,6.25,0.518
2023-11-26 23:00:00+00:00,6.4,95.94387,2.9,6.3,0.518
2023-11-27 00:00:00+00:00,6.55,95.61768,2.7,6.4,0.518
2023-11-27 01:00:00+00:00,7.05,100.0,3.1,7.9,0.519
2023-11-27 02:00:00+00:00,6.55,100.0,4.4,7.65,0.514
2023-11-27 03:00:00+00:00,5.85,100.0,6.2,7.35,0.52
2023-11-27 04:00:00+00:00,6.1,98.2878,4.1,7.1,0.495
2023-11-27 05:00:00+00:00,6.65,95.29141,0.6,7.0,0.501
2023-11-27 06:00:00+00:00,6.25,99.31281,2.2,7.05,0.507
2023-11-27 07:00:00+00:00,6.95,97.962296,2.4,7.25,0.512
2023-11-27 08:00:00+00:00,7.25,95.64165,0.9,7.6,0.515
2023-11-27 09:00:00+00:00,7.6,80.73249,0.2,7.85,0.511
2023-11-27 10:00:00+00:00,7.5,70.59866,1.5,8.2,0.52
2023-11-27 11:00:00+00:00,6.25,86.11513,0.8,8.2,0.508
2023-11-27 12:00:00+00:00,4.75,93.56328,1.6,7.65,0.519
2023-11-27 13:00:00+00:00,3.7,87.08413,0.3,6.5,0.513
2023-11-27 14:00:00+00:00,3.35,93.160355,0.0,5.9,0.509
2023-11-27 15:00:00+00:00,2.85,95.14817,0.0,5.45,0.506
2023-11-27 16:00:00+00:00,2.85,97.894455,0.1,5.1,0.505
2023-11-27 17:00:00+00:00,2.15,99.28972,0.1,4.65,0.504
2023-11-27 18:00:00+00:00,2.2,99.64445,0.2,4.55,0.504
2023-11-27 19:00:00+00:00,2.1,92.75878,0.1,4.4,0.503
2023-11-27 20:00:00+00:00,1.8,91.08388,0.0,4.15,0.501
2023-11-27 21:00:00+00:00,1.15,94.397194,0.0,3.75,0.5
2023-11-27 22:00:00+00:00,0.9,98.21465,0.0,3.5,0.498
2023-11-27 23:00:00+00:00,0.55,99.63962,0.0,3.25,0.497
2023-11-28 00:00:00+00:00,-1.6,98.90312,0.0,2.5,0.496
2023-11-28 01:00:00+00:00,-2.85,98.158966,0.0,1.6,0.499
2023-11-28 02:00:00+00:00,-3.45,99.6275,0.0,0.9,0.497
2023-11-28 03:00:00+00:00,-4.2,98.50814,0.0,0.75,0.496
2023-11-28 04:00:00+00:00,-2.95,99.25932,0.0,0.7,0.495
2023-11-28 05:00:00+00:00,-2.3,94.94344,0.0,0.75,0.494
2023-11-28 06:00:00+00:00,-1.2,86.91334,0.0,1.0,0.493
2023-11-28 07:00:00+00:00,0.0,76.72111,0.0,2.0,0.492
2023-11-28 08:00:00+00:00,1.25,69.84339,0.0,3.3,0.491
2023-11-28 09:00:00+00:00,2.35,63.13028,0.0,4.55,0.489
2023-11-28 10:00:00+00:00,3.4,58.825256,0.0,5.7,0.487
2023-11-28 11:00:00+00:00,4.05,55.152424,0.0,6.4,0.486
2023-11-28 12:00:00+00:00,4.25,53.573536,0.0,6.6,0.484
2023-11-28 13:00:00+00:00,2.45,59.02379,0.0,6.0,0.483
2023-11-28 14:00:00+00:00,1.75,58.17672,0.0,4.7,0.483
2023-11-28 15:00:00+00:00,0.6,62.70749,0.0,3.4,0.482
2023-11-28 16:00:00+00:00,-2.35,79.27789,0.0,2.4,0.482
2023-11-28 17:00:00+00:00,-3.45,83.13421,0.0,1.6,0.481
2023-11-28 18:00:00+00:00,-3.85,81.82116,0.0,0.95,0.481
2023-11-28 19:00:00+00:00,-4.25,80.51814,0.0,0.75,0.481
2023-11-28 20:00:00+00:00,-4.5,78.63856,0.0,0.6,0.48
2023-11-28 21:00:00+00:00,-4.5,75.357445,0.0,0.5,0.48
2023-11-28 22:00:00+00:00,-4.6,73.31422,0.0,0.45,0.479
2023-11-28 23:00:00+00:00,-3.95,67.40774,0.0,0.35,0.479
2023-11-29 00:00:00+00:00,-4.15,67.62727,0.0,0.3,0.478
2023-11-29 01:00:00+00:00,-4.45,71.6474,0.0,0.6,0.478
2023-11-29 02:00:00+00:00,-4.25,71.13101,0.0,0.5,0.478
2023-11-29 03:00:00+00:00,-2.8,69.79189,0.0,0.45,0.477
2023-11-29 04:00:00+00:00,-2.2,63.235497,0.0,0.45,0.477
2023-11-29 05:00:00+00:00,-1.85,65.31024,0.0,0.45,0.476
2023-11-29 06:00:00+00:00,-0.55,66.36741,0.0,0.55,0.476
2023-11-29 07:00:00+00:00,0.75,67.92859,0.0,0.85,0.475
2023-11-29 08:00:00+00:00,2.25,64.54041,0.0,2.4,0.474
2023-11-29 09:00:00+00:00,3.95,59.40751,0.0,4.05,0.472
2023-11-29 10:00:00+00:00,5.25,53.447678,0.0,5.3,0.471
2023-11-29 11:00:00+00:00,5.95,49.417362,0.0,6.05,0.47
2023-11-29 12:00:00+00:00,6.05,48.34719,0.0,6.3,0.468
2023-11-29 13:00:00+00:00,3.65,59.999123,0.0,4.8,0.468
2023-11-29 14:00:00+00:00,3.05,51.253757,0.0,3.7,0.468
2023-11-29 15:00:00+00:00,0.3,63.113483,0.0,2.55,0.468
2023-11-29 16:00:00+00:00,-1.1,71.22329,0.0,1.75,0.468
2023-11-29 17:00:00+00:00,-2.2,74.90565,0.0,1.05,0.468
2023-11-29 18:00:00+00:00,-2.45,75.14686,0.0,0.75,0.467
2023-11-29 19:00:00+00:00,-2.2,72.09713,0.0,0.65,0.467
2023-11-29 20:00:00+00:00,-2.45,72.32462,0.0,0.55,0.467
2023-11-29 21:00:00+00:00,-2.15,69.660545,0.0,0.45,0.467
2023-11-29 22:00:00+00:00,-2.1,68.34446,0.0,0.4,0.467
2023-11-29 23:00:00+00:00,-1.85,66.07055,0.0,0.3,0.466
2023-11-30 00:00:00+00:00,-2.1,67.299385,0.0,0.25,0.466
2023-11-30 01:00:00+00:00,-2.05,65.26351,0.0,0.35,0.466
2023-11-30 02:00:00+00:00,-1.55,62.420437,0.0,0.25,0.466
2023-11-30 03:00:00+00:00,-1.45,61.96381,0.0,0.2,0.466
2023-11-30 04:00:00+00:00,-1.2,61.0743,0.0,0.15,0.465
2023-11-30 05:00:00+00:00,-1.55,77.33024,0.0,0.15,0.465
2023-11-30 06:00:00+00:00,0.8,62.518326,0.0,0.2,0.465
2023-11-30 07:00:00+00:00,2.65,59.74595,0.0,0.4,0.464
2023-11-30 08:00:00+00:00,4.1,55.999287,0.0,0.8,0.463
2023-11-30 09:00:00+00:00,5.45,53.105293,0.0,2.5,0.462
2023-11-30 10:00:00+00:00,6.35,51.79372,0.0,4.05,0.461
2023-11-30 11:00:00+00:00,7.1,50.114594,0.0,5.2,0.46
2023-11-30 12:00:00+00:00,6.85,50.980568,0.0,5.5,0.459
2023-11-30 13:00:00+00:00,4.6,65.0831,0.0,3.5,0.46
2023-11-30 14:00:00+00:00,3.85,58.940777,0.0,2.95,0.459
2023-11-30 15:00:00+00:00,3.2,62.164963,0.0,2.2,0.459
2023-11-30 16:00:00+00:00,2.75,65.87102,0.0,1.4,0.459
2023-11-30 17:00:00+00:00,2.75,67.855896,0.0,0.95,0.459
2023-11-30 18:00:00+00:00,2.45,69.83186,0.0,0.75,0.459
2023-11-30 19:00:00+00:00,2.05,70.79222,0.0,0.6,0.459
2023-11-30 20:00:00+00:00,1.6,72.56474,0.0,0.5,0.459
2023-11-30 21:00:00+00:00,1.2,74.12333,0.0,0.45,0.459
2023-11-30 22:00:00+00:00,1.15,74.11417,0.0,0.35,0.458
2023-11-30 23:00:00+00:00,1.1,73.5559,0.0,0.3,0.458
2023-12-01 00:00:00+00:00,0.9,73.79294,0.0,0.25,0.458
2023-12-01 01:00:00+00:00,0.35,74.52206,0.0,0.7,0.458
2023-12-01 02:00:00+00:00,-0.45,77.51163,0.0,0.55,0.458
2023-12-01 03:00:00+00:00,0.3,74.51297,0.0,0.45,0.458
2023-12-01 04:00:00+00:00,0.1,74.756,0.0,0.35,0.458
2023-12-01 05:00:00+00:00,-0.75,82.54916,0.0,0.3,0.458
2023-12-01 06:00:00+00:00,1.6,73.92231,0.0,0.4,0.457
2023-12-01 07:00:00+00:00,3.25,68.97348,0.0,0.7,0.457
2023-12-01 08:00:00+00:00,4.75,63.69988,0.0,2.0,0.456
2023-12-01 09:00:00+00:00,6.45,59.81814,0.0,4.05,0.455
2023-12-01 10:00:00+00:00,7.45,59.63374,0.0,5.55,0.454
2023-12-01 11:00:00+00:00,7.7,60.565025,0.0,6.5,0.452
2023-12-01 12:00:00+00:00,8.1,61.321083,0.0,6.95,0.452
2023-12-01 13:00:00+00:00,6.7,68.94254,0.0,6.35,0.452
2023-12-01 14:00:00+00:00,6.0,64.928375,0.0,4.9,0.451
2023-12-01 15:00:00+00:00,5.2,67.63925,0.0,3.55,0.451
2023-12-01 16:00:00+00:00,4.2,69.934425,0.0,2.5,0.451
2023-12-01 17:00:00+00:00,3.3,70.0066,0.0,1.65,0.451
2023-12-01 18:00:00+00:00,2.85,67.37666,0.0,1.0,0.451
2023-12-01 19:00:00+00:00,2.45,65.80299,0.0,0.75,0.451
2023-12-01 20:00:00+00:00,2.0,64.48202,0.0,0.6,0.451
2023-12-01 21:00:00+00:00,1.8,62.055904,0.0,0.55,0.451
2023-12-01 22:00:00+00:00,1.65,61.08884,0.0,0.45,0.451
2023-12-01 23:00:00+00:00,1.4,61.49046,0.0,0.4,0.451
2023-12-02 00:00:00+00:00,1.25,62.15568,0.0,0.3,0.451
2023-12-02 01:00:00+00:00,-1.45,80.62004,0.0,0.2,0.451
2023-12-02 02:00:00+00:00,-1.0,79.78296,0.0,0.15,0.451
2023-12-02 03:00:00+00:00,-2.2,84.87696,0.0,0.1,0.451
2023-12-02 04:00:00+00:00,-1.9,85.23081,0.0,0.05,0.451
2023-12-02 05:00:00+00:00,-1.35,88.201485,0.0,0.0,0.451
2023-12-02 06:00:00+00:00,0.35,82.99879,0.0,0.1,0.45
2023-12-02 07:00:00+00:00,1.7,82.26336,0.0,0.25,0.45
2023-12-02 08:00:00+00:00,3.3,79.256454,0.0,0.55,0.449
2023-12-02 09:00:00+00:00,4.9,74.78929,0.0,1.45,0.448
2023-12-02 10:00:00+00:00,6.25,72.136604,0.0,3.6,0.447
2023-12-02 11:00:00+00:00,6.85,71.22805,0.0,4.95,0.447
2023-12-02 12:00:00+00:00,6.8,72.24129,0.0,5.45,0.446
2023-12-02 13:00:00+00:00,5.3,80.12366,0.0,4.55,0.447
2023-12-02 14:00:00+00:00,4.15,76.849,0.0,3.55,0.447
2023-12-02 15:00:00+00:00,4.6,74.736206,0.0,2.5,0.447
2023-12-02 16:00:00+00:00,4.25,74.13493,0.0,1.65,0.447
2023-12-02 17:00:00+00:00,3.6,75.92639,0.0,1.0,0.447
2023-12-02 18:00:00+00:00,3.0,77.78371,0.0,0.75,0.447
2023-12-02 19:00:00+00:00,2.55,77.995995,0.0,0.65,0.447
2023-12-02 20:00:00+00:00,2.2,77.94025,0.0,0.55,0.447
2023-12-02 21:00:00+00:00,2.05,76.218124,0.0,0.45,0.447
2023-12-02 22:00:00+00:00,1.95,73.44206,0.0,0.4,0.446
2023-12-02 23:00:00+00:00,1.1,72.46851,0.0,0.3,0.446
2023-12-03 00:00:00+00:00,0.1,73.36829,0.0,0.25,0.446
2023-12-03 01:00:00+00:00,-0.3,81.99652,0.0,-0.45,0.446
2023-12-03 02:00:00+00:00,-1.75,84.294785,0.0,-0.5,0.446
2023-12-03 03:00:00+00:00,-0.6,80.14166,0.0,-0.5,0.445
2023-12-03 04:00:00+00:00,-1.05,81.28436,0.0,-0.55,0.445
2023-12-03 05:00:00+00:00,-1.65,85.899345,0.0,-0.55,0.445
2023-12-03 06:00:00+00:00,1.05,74.09582,0.0,-0.5,0.445
2023-12-03 07:00:00+00:00,3.05,67.67017,0.0,-0.35,0.445
2023-12-03 08:00:00+00:00,4.95,61.221294,0.0,-0.15,0.445
2023-12-03 09:00:00+00:00,6.3,63.13837,0.0,0.1,0.444
2023-12-03 10:00:00+00:00,7.45,61.829266,0.0,0.4,0.443
2023-12-03 11:00:00+00:00,7.9,61.052414,0.0,0.85,0.442
2023-12-03 12:00:00+00:00,7.8,61.91338,0.0,2.45,0.442
2023-12-03 13:00:00+00:00,5.7,62.082615,0.0,0.7,0.442
2023-12-03 14:00:00+00:00,4.35,67.45538,0.0,0.6,0.442
2023-12-03 15:00:00+00:00,3.9,70.64375,0.0,0.5,0.442
2023-12-03 16:00:00+00:00,3.7,70.60355,0.0,0.4,0.442
2023-12-03 17:00:00+00:00,3.35,70.53301,0.0,0.35,0.442
2023-12-03 18:00:00+00:00,3.05,69.955345,0.0,0.25,0.442
2023-12-03 19:00:00+00:00,2.9,68.3924,0.0,0.2,0.442
2023-12-03 20:00:00+00:00,2.75,67.10543,0.0,0.15,0.442
2023-12-03 21:00:00+00:00,2.45,66.79036,0.0,0.1,0.442
2023-12-03 22:00:00+00:00,2.25,65.512505,0.0,0.0,0.442
2023-12-03 23:00:00+00:00,2.15,64.27594,0.0,-0.05,0.442
2023-12-04 00:00:00+00:00,2.1,62.833862,0.0,-0.1,0.442
2023-12-04 01:00:00+00:00,0.25,67.054214,0.0,-0.8,0.442
2023-12-04 02:00:00+00:00,0.45,65.09762,0.0,-0.85,0.442
2023-12-04 03:00:00+00:00,0.65,63.921635,0.0,-0.9,0.442
2023-12-04 04:00:00+00:00,0.65,64.65262,0.0,-0.9,0.442
2023-12-04 05:00:00+00:00,0.1,68.56008,0.0,-0.9,0.441
2023-12-04 06:00:00+00:00,2.15,61.44425,0.0,-0.85,0.441
2023-12-04 07:00:00+00:00,4.2,55.40016,0.0,-0.7,0.441
2023-12-04 08:00:00+00:00,5.8,50.119743,0.0,-0.5,0.441
2023-12-04 09:00:00+00:00,7.5,44.427917,0.0,-0.3,0.44
2023-12-04 10:00:00+00:00,8.9,39.65124,0.0,-0.05,0.44
2023-12-04 11:00:00+00:00,8.9,46.86929,0.0,0.2,0.439
2023-12-04 12:00:00+00:00,8.4,53.71368,0.0,0.45,0.438
2023-12-04 13:00:00+00:00,6.05,48.71099,0.0,0.35,0.439
2023-12-04 14:00:00+00:00,4.6,54.073456,0.0,0.3,0.439
2023-12-04 15:00:00+00:00,3.8,61.392097,0.0,0.2,0.439
2023-12-04 16:00:00+00:00,3.45,66.27345,0.0,0.15,0.439
2023-12-04 17:00:00+00:00,3.25,67.9639,0.0,0.1,0.439
2023-12-04 18:00:00+00:00,2.95,68.403076,0.0,0.0,0.439
2023-12-04 19:00:00+00:00,2.6,69.34791,0.0,-0.05,0.439
2023-12-04 20:00:00+00:00,2.15,70.812355,0.0,-0.1,0.439
2023-12-04 21:00:00+00:00,1.85,71.54411,0.0,-0.15,0.439
2023-12-04 22:00:00+00:00,1.7,71.514465,0.0,-0.15,0.439
2023-12-04 23:00:00+00:00,1.75,70.469185,0.0,-0.2,0.439
2023-12-05 00:00:00+00:00,1.85,69.19073,0.0,-0.25,0.439
2023-12-05 01:00:00+00:00,0.9,72.429886,0.0,-0.2,0.439
2023-12-05 02:00:00+00:00,1.05,71.6525,0.0,-0.2,0.439
2023-12-05 03:00:00+00:00,1.45,70.145996,0.0,-0.25,0.439
2023-12-05 04:00:00+00:00,1.65,69.92616,0.0,-0.25,0.439
2023-12-05 05:00:00+00:00,1.05,73.82073,0.0,-0.2,0.439
2023-12-05 06:00:00+00:00,3.1,64.2587,0.0,-0.15,0.439
2023-12-05 07:00:00+00:00,4.35,59.50905,0.0,0.0,0.438
2023-12-05 08:00:00+00:00,5.2,64.03922,0.0,0.2,0.438
2023-12-05 09:00:00+00:00,6.6,61.17759,0.0,0.45,0.437
2023-12-05 10:00:00+00:00,7.45,60.067234,0.0,0.9,0.437
2023-12-05 11:00:00+00:00,8.2,60.46987,0.0,2.8,0.436
2023-12-05 12:00:00+00:00,8.5,62.080902,0.0,4.15,0.435
2023-12-05 13:00:00+00:00,6.25,63.126575,0.0,0.45,0.436
2023-12-05 14:00:00+00:00,5.8,65.355934,0.0,0.45,0.436
2023-12-05 15:00:00+00:00,5.35,68.90987,0.0,0.4,0.436
2023-12-05 16:00:00+00:00,3.3,78.96965,0.0,0.4,0.436
2023-12-05 17:00:00+00:00,3.95,78.499855,0.0,0.35,0.436
2023-12-05 18:00:00+00:00,1.75,85.6367,0.0,0.3,0.436
2023-12-05 19:00:00+00:00,3.55,82.505135,0.1,0.35,0.437
2023-12-05 20:00:00+00:00,3.4,83.68282,0.0,0.35,0.437
2023-12-05 21:00:00+00:00,3.0,84.84988,0.0,0.3,0.437
2023-12-05 22:00:00+00:00,3.1,84.55606,0.0,0.25,0.437
2023-12-05 23:00:00+00:00,3.2,83.960556,0.0,0.3,0.436
2023-12-06 00:00:00+00:00,1.35,90.39452,0.0,0.3,0.436
2023-12-06 01:00:00+00:00,1.55,89.75676,0.0,1.25,0.437
2023-12-06 02:00:00+00:00,2.2,87.88417,0.0,1.35,0.437
2023-12-06 03:00:00+00:00,2.4,88.539085,0.3,1.5,0.439
2023-12-06 04:00:00+00:00,3.35,83.37592,1.2,1.65,0.451
2023-12-06 05:00:00+00:00,3.45,85.20643,2.0,1.85,0.476
2023-12-06 06:00:00+00:00,3.65,89.28316,2.2,2.2,0.501
2023-12-06 07:00:00+00:00,4.1,90.91919,2.5,2.7,0.517
2023-12-06 08:00:00+00:00,4.05,94.52449,2.9,3.05,0.518
2023-12-06 09:00:00+00:00,3.85,98.256714,3.8,3.2,0.519
2023-12-06 10:00:00+00:00,4.55,94.879,3.7,3.7,0.505
2023-12-06 11:00:00+00:00,4.05,98.60545,4.1,3.8,0.507
2023-12-06 12:00:00+00:00,3.65,99.648605,3.4,3.9,0.507
2023-12-06 13:00:00+00:00,5.8,97.60452,1.8,4.9,0.519
2023-12-06 14:00:00+00:00,4.85,98.95919,1.5,4.65,0.519
2023-12-06 15:00:00+00:00,4.25,99.99999,1.8,4.35,0.514
2023-12-06 16:00:00+00:00,4.05,100.0,0.8,4.15,0.516
2023-12-06 17:00:00+00:00,4.05,98.95248,0.3,4.0,0.514
2023-12-06 18:00:00+00:00,3.75,99.29886,0.5,3.85,0.514
2023-12-06 19:00:00+00:00,3.75,98.94993,0.2,3.8,0.511
2023-12-06 20:00:00+00:00,3.95,97.22593,0.1,3.7,0.509
2023-12-06 21:00:00+00:00,3.7,98.254616,0.1,3.65,0.507
2023-12-06 22:00:00+00:00,3.9,96.54176,0.0,3.6,0.505
2023-12-06 23:00:00+00:00,4.25,93.53804,0.1,3.6,0.503
2023-12-07 00:00:00+00:00,4.3,92.882614,0.1,3.6,0.503
2023-12-07 01:00:00+00:00,4.05,91.23863,0.1,3.25,0.502
2023-12-07 02:00:00+00:00,4.15,90.92269,0.2,3.3,0.502
2023-12-07 03:00:00+00:00,4.15,91.24541,0.2,3.35,0.503
2023-12-07 04:00:00+00:00,4.15,90.28028,0.4,3.4,0.506
2023-12-07 05:00:00+00:00,4.1,91.24202,0.1,3.45,0.505
2023-12-07 06:00:00+00:00,4.85,89.38128,0.0,3.95,0.503
2023-12-07 07:00:00+00:00,5.85,87.59944,0.0,4.8,0.501
2023-12-07 08:00:00+00:00,6.85,84.094666,0.0,5.75,0.499
2023-12-07 09:00:00+00:00,7.75,81.03564,0.1,6.75,0.499
2023-12-07 10:00:00+00:00,8.5,77.281204,0.3,7.65,0.499
2023-12-07 11:00:00+00:00,8.85,73.39363,0.0,8.1,0.497
2023-12-07 12:00:00+00:00,8.4,73.569496,0.2,8.1,0.497
2023-12-07 13:00:00+00:00,7.6,79.889854,0.0,7.25,0.496
2023-12-07 14:00:00+00:00,6.9,82.931,0.2,6.6,0.496
2023-12-07 15:00:00+00:00,4.8,92.91031,0.1,5.8,0.496
2023-12-07 16:00:00+00:00,4.85,91.93782,0.3,5.4,0.497
2023-12-07 17:00:00+00:00,4.05,92.54064,0.3,4.75,0.498
2023-12-07 18:00:00+00:00,4.35,92.55807,0.4,4.6,0.501
2023-12-07 19:00:00+00:00,4.5,94.21176,0.3,4.6,0.501
2023-12-07 20:00:00+00:00,4.15,93.863884,0.1,4.4,0.5
2023-12-07 21:00:00+00:00,4.6,91.92217,0.2,4.45,0.5
2023-12-07 22:00:00+00:00,4.6,91.92217,0.2,4.5,0.5
2023-12-07 23:00:00+00:00,4.55,93.55321,0.1,4.55,0.499
2023-12-08 00:00:00+00:00,4.55,94.21405,0.1,4.55,0.497
2023-12-08 01:00:00+00:00,4.25,95.87443,0.0,4.95,0.492
2023-12-08 02:00:00+00:00,4.35,97.57668,0.0,4.8,0.491
2023-12-08 03:00:00+00:00,4.4,98.2644,0.1,4.75,0.491
2023-12-08 04:00:00+00:00,4.5,97.23807,0.3,4.75,0.494
2023-12-08 05:00:00+00:00,4.55,97.23919,0.3,4.75,0.496
2023-12-08 06:00:00+00:00,5.15,96.239296,0.1,5.0,0.495
2023-12-08 07:00:00+00:00,5.85,92.32164,0.1,5.45,0.494
2023-12-08 08:00:00+00:00,6.5,88.582756,0.0,6.0,0.493
2023-12-08 09:00:00+00:00,7.2,86.51363,0.0,6.65,0.491
2023-12-08 10:00:00+00:00,7.65,84.77525,0.2,7.05,0.492
2023-12-08 11:00:00+00:00,7.25,88.95509,0.7,7.1,0.498
2023-12-08 12:00:00+00:00,7.05,90.18096,0.7,7.05,0.503
2023-12-08 13:00:00+00:00,7.1,95.30796,0.3,7.1,0.501
2023-12-08 14:00:00+00:00,6.55,98.29393,0.1,6.8,0.5
2023-12-08 15:00:00+00:00,6.15,99.6556,0.0,6.5,0.498
2023-12-08 16:00:00+00:00,5.95,100.0,0.0,6.25,0.496
2023-12-08 17:00:00+00:00,5.85,100.0,0.0,6.0,0.494
2023-12-08 18:00:00+00:00,4.85,100.0,0.1,5.6,0.493
2023-12-08 19:00:00+00:00,5.05,100.0,0.1,5.6,0.493
2023-12-08 20:00:00+00:00,4.6,97.92382,0.0,4.85,0.492
2023-12-08 21:00:00+00:00,5.1,93.25336,0.0,4.65,0.491
2023-12-08 22:00:00+00:00,5.2,90.67672,0.2,4.05,0.492
2023-12-08 23:00:00+00:00,3.9,93.18979,0.3,3.8,0.495
2023-12-09 00:00:00+00:00,4.15,89.0075,0.0,3.5,0.493
2023-12-09 01:00:00+00:00,4.6,80.30973,0.0,4.45,0.491
2023-12-09 02:00:00+00:00,3.4,84.28714,0.0,3.75,0.489
2023-12-09 03:00:00+00:00,2.9,91.16002,0.0,3.5,0.489
2023-12-09 04:00:00+00:00,3.65,91.8623,0.3,3.65,0.492
2023-12-09 05:00:00+00:00,3.8,90.89807,0.3,3.65,0.494
2023-12-09 06:00:00+00:00,4.4,92.56096,1.0,4.0,0.504
2023-12-09 07:00:00+00:00,5.45,90.37695,1.3,4.8,0.513
2023-12-09 08:00:00+00:00,5.55,91.98139,1.6,5.15,0.517
2023-12-09 09:00:00+00:00,5.6,90.70534,1.1,5.6,0.515
2023-12-09 10:00:00+00:00,5.5,90.69818,1.3,5.75,0.517
2023-12-09 11:00:00+00:00,5.5,90.38064,1.1,5.8,0.516
2023-12-09 12:00:00+00:00,5.6,89.128525,1.0,5.9,0.516
2023-12-09 13:00:00+00:00,5.05,91.30613,1.7,5.9,0.506
2023-12-09 14:00:00+00:00,4.8,95.22246,0.6,5.6,0.509
2023-12-09 15:00:00+00:00,4.85,96.90627,0.4,5.4,0.511
2023-12-09 16:00:00+00:00,4.8,98.61382,0.7,5.3,0.515
2023-12-09 17:00:00+00:00,4.85,98.95919,0.3,5.2,0.513
2023-12-09 18:00:00+00:00,4.9,97.92878,0.2,5.15,0.51
2023-12-09 19:00:00+00:00,4.85,97.58634,0.1,5.1,0.508
2023-12-09 20:00:00+00:00,4.85,97.24577,0.6,5.1,0.512
2023-12-09 21:00:00+00:00,4.55,98.611046,1.3,5.05,0.518
2023-12-09 22:00:00+00:00,4.25,99.99999,1.0,5.0,0.517
2023-12-09 23:00:00+00:00,4.2,100.0,0.9,4.95,0.516
2023-12-10 00:00:00+00:00,4.35,100.0,0.3,4.9,0.513
2023-12-10 01:00:00+00:00,4.65,97.24137,0.3,5.55,0.51
2023-12-10 02:00:00+00:00,4.75,97.243576,0.2,5.35,0.509
2023-12-10 03:00:00+00:00,4.85,95.55866,0.6,5.2,0.513
2023-12-10 04:00:00+00:00,4.85,93.897484,0.5,5.15,0.513
2023-12-10 05:00:00+00:00,5.0,95.56391,0.5,5.15,0.514
2023-12-10 06:00:00+00:00,5.7,93.93789,0.5,5.5,0.514
2023-12-10 07:00:00+00:00,6.9,80.06989,0.6,6.4,0.513
2023-12-10 08:00:00+00:00,7.25,77.0805,0.1,7.15,0.51
2023-12-10 09:00:00+00:00,8.0,72.98071,0.1,8.05,0.507
2023-12-10 10:00:00+00:00,8.65,66.93509,0.0,8.8,0.504
2023-12-10 11:00:00+00:00,8.75,66.24904,0.0,9.2,0.502
2023-12-10 12:00:00+00:00,8.6,65.981544,0.0,9.2,0.5
2023-12-10 13:00:00+00:00,7.65,73.174095,0.0,8.85,0.497
2023-12-10 14:00:00+00:00,4.5,90.94721,0.0,7.7,0.496
2023-12-10 15:00:00+00:00,4.5,92.56676,0.0,6.9,0.495
2023-12-10 16:00:00+00:00,4.6,90.63356,0.0,6.35,0.494
2023-12-10 17:00:00+00:00,3.85,92.528984,0.0,5.85,0.493
2023-12-10 18:00:00+00:00,4.35,86.83824,0.0,5.35,0.493
2023-12-10 19:00:00+00:00,4.55,85.328,0.0,4.85,0.492
2023-12-10 20:00:00+00:00,4.2,86.82331,0.0,4.5,0.491
2023-12-10 21:00:00+00:00,3.95,89.62596,0.0,4.65,0.491
2023-12-10 22:00:00+00:00,4.0,89.94898,0.0,4.8,0.49
2023-12-10 23:00:00+00:00,3.85,91.549484,0.0,4.85,0.489
2023-12-11 00:00:00+00:00,3.95,90.58645,0.0,4.9,0.489
2023-12-11 01:00:00+00:00,3.3,92.16792,0.0,5.4,0.488
2023-12-11 02:00:00+00:00,2.5,93.1145,0.0,4.9,0.488
2023-12-11 03:00:00+00:00,1.7,92.735916,0.0,4.4,0.487
2023-12-11 04:00:00+00:00,1.25,91.37623,0.0,3.95,0.487
2023-12-11 05:00:00+00:00,2.45,85.71269,0.0,3.9,0.486
2023-12-11 06:00:00+00:00,4.0,84.05601,0.0,4.45,0.485
2023-12-11 07:00:00+00:00,5.35,80.41666,0.0,5.35,0.485
2023-12-11 08:00:00+00:00,6.8,76.19443,0.0,6.6,0.483
2023-12-11 09:00:00+00:00,7.95,71.4418,0.0,7.75,0.482
2023-12-11 10:00:00+00:00,8.0,71.19937,0.0,8.15,0.481
2023-12-11 11:00:00+00:00,9.1,67.98439,0.0,8.95,0.48
2023-12-11 12:00:00+00:00,9.05,67.496124,0.0,9.1,0.479
2023-12-11 13:00:00+00:00,7.85,74.775185,0.0,9.1,0.476
2023-12-11 14:00:00+00:00,4.9,85.36637,0.0,7.85,0.476
2023-12-11 15:00:00+00:00,4.65,90.95768,1.2,7.0,0.486
2023-12-11 16:00:00+00:00,5.25,86.01084,0.0,6.35,0.486
2023-12-11 17:00:00+00:00,5.7,81.90565,0.1,5.95,0.485
2023-12-11 18:00:00+00:00,5.35,87.55253,0.3,5.75,0.488
2023-12-11 19:00:00+00:00,5.6,83.650894,0.3,5.7,0.49
2023-12-11 20:00:00+00:00,5.3,91.643875,0.1,5.65,0.491
2023-12-11 21:00:00+00:00,4.95,94.56313,0.5,5.6,0.495
2023-12-11 22:00:00+00:00,5.0,94.89711,0.4,5.55,0.497
2023-12-11 23:00:00+00:00,4.95,96.57051,0.4,5.5,0.499
2023-12-12 00:00:00+00:00,4.65,98.61215,1.0,5.45,0.507
2023-12-12 01:00:00+00:00,5.05,97.59019,0.8,6.15,0.502
2023-12-12 02:00:00+00:00,5.0,97.93044,0.8,6.0,0.506
2023-12-12 03:00:00+00:00,4.75,97.58442,0.9,5.8,0.51
2023-12-12 04:00:00+00:00,4.85,97.24577,0.3,5.7,0.506
2023-12-12 05:00:00+00:00,5.1,96.9124,0.1,5.65,0.503
2023-12-12 06:00:00+00:00,5.45,95.24687,0.1,5.85,0.5
2023-12-12 07:00:00+00:00,5.95,89.78366,0.0,6.15,0.498
2023-12-12 08:00:00+00:00,7.2,84.1356,0.0,7.1,0.496
2023-12-12 09:00:00+00:00,8.15,77.49581,0.6,8.0,0.499
2023-12-12 10:00:00+00:00,8.5,77.281204,0.3,8.6,0.499
2023-12-12 11:00:00+00:00,9.05,72.918434,0.3,9.05,0.499
2023-12-12 12:00:00+00:00,9.05,74.20322,0.0,9.2,0.496
2023-12-12 13:00:00+00:00,8.4,76.727425,0.1,9.15,0.49
2023-12-12 14:00:00+00:00,7.25,89.88427,0.4,8.5,0.492
2023-12-12 15:00:00+00:00,6.7,95.29325,0.3,7.95,0.493
2023-12-12 16:00:00+00:00,6.3,97.95175,0.3,7.5,0.495
2023-12-12 17:00:00+00:00,5.95,99.31116,0.3,7.15,0.497
2023-12-12 18:00:00+00:00,5.55,100.0,0.1,6.9,0.497
2023-12-12 19:00:00+00:00,5.05,100.0,0.0,6.6,0.495
2023-12-12 20:00:00+00:00,4.9,100.0,0.1,6.35,0.495
2023-12-12 21:00:00+00:00,4.85,100.0,0.2,6.25,0.496
2023-12-12 22:00:00+00:00,4.7,100.0,0.3,6.1,0.498
2023-12-12 23:00:00+00:00,4.7,100.0,0.2,6.0,0.498
2023-12-13 00:00:00+00:00,4.45,100.0,0.4,5.9,0.501
2023-12-13 01:00:00+00:00,4.3,92.882614,0.1,6.3,0.493
2023-12-13 02:00:00+00:00,4.0,94.52233,0.0,5.9,0.492
2023-12-13 03:00:00+00:00,3.75,95.18267,0.0,5.65,0.492
2023-12-13 04:00:00+00:00,3.35,95.16737,0.0,5.35,0.491
2023-12-13 05:00:00+00:00,3.15,96.521,0.0,5.1,0.49
2023-12-13 06:00:00+00:00,3.5,94.83638,0.1,5.2,0.49
2023-12-13 07:00:00+00:00,4.9,86.58559,0.0,6.05,0.489
2023-12-13 08:00:00+00:00,5.9,80.20973,0.0,7.0,0.488
2023-12-13 09:00:00+00:00,7.0,75.690544,0.0,8.1,0.487
2023-12-13 10:00:00+00:00,7.45,72.364296,0.0,8.75,0.485
2023-12-13 11:00:00+00:00,7.6,69.62209,0.0,8.95,0.484
2023-12-13 12:00:00+00:00,7.65,65.771,0.0,9.0,0.483
2023-12-13 13:00:00+00:00,6.7,78.364685,0.3,8.1,0.5
2023-12-13 14:00:00+00:00,4.55,91.27248,0.1,7.1,0.498
2023-12-13 15:00:00+00:00,3.65,93.50756,0.0,6.25,0.496
2023-12-13 16:00:00+00:00,4.5,85.93187,0.2,5.9,0.496
2023-12-13 17:00:00+00:00,2.6,89.8398,0.0,5.2,0.495
2023-12-13 18:00:00+00:00,3.6,85.2231,0.0,5.0,0.493
2023-12-13 19:00:00+00:00,1.15,89.72487,0.0,4.2,0.492
2023-12-13 20:00:00+00:00,0.65,88.06059,0.0,3.45,0.491
2023-12-13 21:00:00+00:00,0.7,86.78514,0.0,2.9,0.49
2023-12-13 22:00:00+00:00,2.55,80.305084,0.0,2.35,0.489
2023-12-13 23:00:00+00:00,1.3,84.96452,0.0,1.85,0.488
2023-12-14 00:00:00+00:00,1.25,86.840706,0.0,1.4,0.487
2023-12-14 01:00:00+00:00,-0.95,94.30224,0.0,2.5,0.482
2023-12-14 02:00:00+00:00,-0.95,90.889206,0.0,1.9,0.481
2023-12-14 03:00:00+00:00,-0.35,87.64382,0.0,1.4,0.481
2023-12-14 04:00:00+00:00,-0.6,87.29634,0.0,1.05,0.48
2023-12-14 05:00:00+00:00,-1.1,90.54283,0.0,0.9,0.48
2023-12-14 06:00:00+00:00,1.6,84.99863,0.0,1.6,0.48
2023-12-14 07:00:00+00:00,3.3,80.99673,0.0,3.15,0.479
2023-12-14 08:00:00+00:00,4.6,75.27769,0.0,4.8,0.479
2023-12-14 09:00:00+00:00,5.7,69.734055,0.0,6.1,0.478
2023-12-14 10:00:00+00:00,6.65,60.30584,0.0,7.1,0.476
2023-12-14 11:00:00+00:00,7.2,53.191917,0.0,7.7,0.475
2023-12-14 12:00:00+00:00,7.35,46.942406,0.0,7.75,0.474
2023-12-14 13:00:00+00:00,5.85,68.27059,0.0,7.25,0.473
2023-12-14 14:00:00+00:00,2.55,65.09406,0.0,5.85,0.473
2023-12-14 15:00:00+00:00,0.95,72.71029,0.0,4.6,0.473
2023-12-14 16:00:00+00:00,-0.1,75.28213,0.0,3.6,0.473
2023-12-14 17:00:00+00:00,-0.45,72.4401,0.0,2.75,0.473
2023-12-14 18:00:00+00:00,-0.1,64.722496,0.0,2.05,0.472
2023-12-14 19:00:00+00:00,-0.2,60.623596,0.0,1.5,0.472
2023-12-14 20:00:00+00:00,1.2,50.725452,0.0,1.0,0.472
2023-12-14 21:00:00+00:00,1.05,50.879234,0.0,0.8,0.472
2023-12-14 22:00:00+00:00,1.1,50.500496,0.0,0.7,0.472
2023-12-14 23:00:00+00:00,1.1,50.500496,0.0,0.6,0.471
2023-12-15 00:00:00+00:00,1.0,51.260822,0.0,0.55,0.471
2023-12-15 01:00:00+00:00,-0.4,56.06829,0.0,0.6,0.471
2023-12-15 02:00:00+00:00,-0.3,55.878353,0.0,0.55,0.471
2023-12-15 03:00:00+00:00,-0.6,58.229145,0.0,0.45,0.471
2023-12-15 04:00:00+00:00,-0.65,59.813026,0.0,0.4,0.47
2023-12-15 05:00:00+00:00,-1.2,69.329506,0.0,0.35,0.47
2023-12-15 06:00:00+00:00,1.05,65.48314,0.0,0.45,0.47
2023-12-15 07:00:00+00:00,2.5,63.16623,0.0,0.7,0.469
2023-12-15 08:00:00+00:00,3.75,64.17252,0.0,1.95,0.468
2023-12-15 09:00:00+00:00,5.15,64.027565,0.0,3.85,0.467
2023-12-15 10:00:00+00:00,6.35,63.841293,0.0,5.35,0.466
2023-12-15 11:00:00+00:00,7.2,62.21712,0.0,6.3,0.465
2023-12-15 12:00:00+00:00,7.3,63.14546,0.0,6.7,0.464
2023-12-15 13:00:00+00:00,5.5,82.46206,0.0,6.4,0.475
2023-12-15 14:00:00+00:00,3.05,81.84603,0.0,5.1,0.474
2023-12-15 15:00:00+00:00,3.7,78.17773,0.0,3.9,0.474
2023-12-15 16:00:00+00:00,4.45,74.43992,0.0,2.95,0.474
2023-12-15 17:00:00+00:00,3.95,75.71124,0.0,2.2,0.473
2023-12-15 18:00:00+00:00,3.5,76.74141,0.0,1.55,0.473
2023-12-15 19:00:00+00:00,2.95,79.20364,0.0,1.0,0.473
2023-12-15 20:00:00+00:00,2.55,79.43216,0.0,0.8,0.472
2023-12-15 21:00:00+00:00,2.4,77.6874,0.0,0.7,0.472
2023-12-15 22:00:00+00:00,2.3,74.323875,0.0,0.6,0.472
2023-12-15 23:00:00+00:00,2.35,71.11508,0.0,0.55,0.471
2023-12-16 00:00:00+00:00,2.05,71.318924,0.0,0.5,0.471
2023-12-16 01:00:00+00:00,0.85,74.33539,0.0,0.15,0.471
2023-12-16 02:00:00+00:00,-0.7,80.7281,0.0,0.15,0.471
2023-12-16 03:00:00+00:00,-1.15,82.18842,0.0,0.1,0.47
2023-12-16 04:00:00+00:00,-0.6,78.36308,0.0,0.1,0.47
2023-12-16 05:00:00+00:00,-0.25,79.89489,0.0,0.1,0.47
2023-12-16 06:00:00+00:00,1.75,73.1334,0.0,0.2,0.47
2023-12-16 07:00:00+00:00,3.4,73.980446,0.0,0.35,0.469
2023-12-16 08:00:00+00:00,4.8,73.9668,0.0,0.6,0.468
2023-12-16 09:00:00+00:00,6.2,71.61225,0.0,1.8,0.468
2023-12-16 10:00:00+00:00,7.3,68.33115,0.0,3.65,0.467
2023-12-16 11:00:00+00:00,7.95,66.07298,0.0,4.8,0.466
2023-12-16 12:00:00+00:00,8.15,65.414085,0.0,5.45,0.465
2023-12-16 13:00:00+00:00,5.35,85.41551,0.0,4.45,0.466
2023-12-16 14:00:00+00:00,5.0,76.16399,0.0,3.4,0.465
2023-12-16 15:00:00+00:00,4.2,79.677444,0.0,2.4,0.465
2023-12-16 16:00:00+00:00,3.4,81.59784,0.0,1.6,0.465
2023-12-16 17:00:00+00:00,2.85,81.81921,0.0,0.95,0.465
2023-12-16 18:00:00+00:00,2.5,80.29785,0.0,0.75,0.465
2023-12-16 19:00:00+00:00,2.2,77.94025,0.0,0.65,0.465
2023-12-16 20:00:00+00:00,1.8,76.73874,0.0,0.55,0.465
2023-12-16 21:00:00+00:00,0.9,77.157616,0.0,0.45,0.464
2023-12-16 22:00:00+00:00,-0.85,81.31233,0.0,0.4,0.464
2023-12-16 23:00:00+00:00,-1.55,82.75352,0.0,0.3,0.464
2023-12-17 00:00:00+00:00,-2.1,84.57011,0.0,0.25,0.464
2023-12-17 01:00:00+00:00,-2.65,84.18628,0.0,-0.2,0.464
2023-12-17 02:00:00+00:00,-1.9,81.47133,0.0,-0.25,0.464
2023-12-17 03:00:00+00:00,-2.15,82.3638,0.0,-0.25,0.464
2023-12-17 04:00:00+00:00,-1.85,81.17186,0.0,-0.3,0.463
2023-12-17 05:00:00+00:00,-1.6,83.37017,0.0,-0.35,0.463
2023-12-17 06:00:00+00:00,1.9,69.45922,0.0,-0.25,0.463
2023-12-17 07:00:00+00:00,4.7,58.070984,0.0,-0.1,0.463
2023-12-17 08:00:00+00:00,6.25,60.426804,0.0,0.1,0.462
2023-12-17 09:00:00+00:00,7.75,59.064342,0.0,0.4,0.461
2023-12-17 10:00:00+00:00,8.3,59.845394,0.0,0.85,0.46
2023-12-17 11:00:00+00:00,8.6,61.44196,0.0,2.65,0.46
2023-12-17 12:00:00+00:00,7.7,69.6424,0.0,3.5,0.459
2023-12-17 13:00:00+00:00,4.1,88.37266,0.1,1.2,0.461
2023-12-17 14:00:00+00:00,2.55,93.78608,0.2,1.4,0.463
2023-12-17 15:00:00+00:00,3.1,92.81547,0.8,1.65,0.47
2023-12-17 16:00:00+00:00,1.6,81.6502,0.8,1.6,0.475
2023-12-17 17:00:00+00:00,1.35,77.80403,0.0,1.35,0.474
2023-12-17 18:00:00+00:00,1.25,69.58279,0.0,1.1,0.473
2023-12-17 19:00:00+00:00,-2.0,74.37316,0.0,0.65,0.473
2023-12-17 20:00:00+00:00,0.05,56.626274,0.0,0.45,0.472
2023-12-17 21:00:00+00:00,-1.25,62.253555,0.0,0.3,0.472
2023-12-17 22:00:00+00:00,-2.1,61.561516,0.0,0.15,0.471
2023-12-17 23:00:00+00:00,-5.0,74.39102,0.0,0.05,0.471
2023-12-18 00:00:00+00:00,-5.25,80.05902,0.0,-0.05,0.47
2023-12-18 01:00:00+00:00,-5.0,71.25588,0.0,-0.15,0.472
2023-12-18 02:00:00+00:00,-5.75,71.382965,0.0,-0.25,0.472
2023-12-18 03:00:00+00:00,-6.0,70.76939,0.0,-0.35,0.471
2023-12-18 04:00:00+00:00,-6.3,76.82437,0.0,-0.45,0.471
2023-12-18 05:00:00+00:00,-5.3,73.178955,0.0,-0.5,0.47
2023-12-18 06:00:00+00:00,-3.05,50.895454,0.0,-0.5,0.47
2023-12-18 07:00:00+00:00,-1.7,47.178207,0.0,-0.45,0.469
2023-12-18 08:00:00+00:00,-0.25,42.263924,0.0,-0.35,0.469
2023-12-18 09:00:00+00:00,0.9,41.285755,0.0,-0.15,0.468
2023-12-18 10:00:00+00:00,1.9,43.42835,0.0,0.0,0.467
2023-12-18 11:00:00+00:00,2.25,43.704605,0.0,0.2,0.466
2023-12-18 12:00:00+00:00,2.25,43.19525,0.0,0.35,0.465
2023-12-18 13:00:00+00:00,0.6,72.91526,0.0,1.25,0.464
2023-12-18 14:00:00+00:00,-3.0,66.836975,0.0,0.7,0.464
2023-12-18 15:00:00+00:00,-3.6,70.16573,0.0,0.5,0.464
2023-12-18 16:00:00+00:00,-2.55,60.4942,0.0,0.35,0.464
2023-12-18 17:00:00+00:00,-2.95,58.06,0.0,0.25,0.463
2023-12-18 18:00:00+00:00,-2.3,48.91944,0.0,0.15,0.463
2023-12-18 19:00:00+00:00,-2.1,42.71997,0.0,0.05,0.463
2023-12-18 20:00:00+00:00,-3.4,43.368828,0.0,-0.05,0.463
2023-12-18 21:00:00+00:00,-3.7,44.89819,0.0,-0.1,0.463
2023-12-18 22:00:00+00:00,-3.85,46.33992,0.0,-0.2,0.462
2023-12-18 23:00:00+00:00,-4.0,47.63253,0.0,-0.25,0.462
2023-12-19 00:00:00+00:00,-3.6,46.98485,0.0,-0.3,0.462
2023-12-19 01:00:00+00:00,-4.25,51.99394,0.0,-0.05,0.462
2023-12-19 02:00:00+00:00,-5.3,55.82832,0.0,-0.15,0.462
2023-12-19 03:00:00+00:00,-5.15,56.095764,0.0,-0.2,0.462
2023-12-19 04:00:00+00:00,-5.05,56.57723,0.0,-0.3,0.461
2023-12-19 05:00:00+00:00,-4.65,55.337524,0.0,-0.35,0.461
2023-12-19 06:00:00+00:00,-2.1,47.05809,0.0,-0.35,0.461
2023-12-19 07:00:00+00:00,-0.5,45.689934,0.0,-0.25,0.461
2023-12-19 08:00:00+00:00,1.0,42.31052,0.0,-0.1,0.46
2023-12-19 09:00:00+00:00,2.0,47.90256,0.0,0.05,0.459
2023-12-19 10:00:00+00:00,2.8,49.44909,0.0,0.25,0.458
2023-12-19 11:00:00+00:00,3.3,49.973537,0.0,0.5,0.457
2023-12-19 12:00:00+00:00,3.45,50.399178,0.0,0.75,0.457
2023-12-19 13:00:00+00:00,1.35,72.78679,0.0,0.5,0.457
2023-12-19 14:00:00+00:00,-1.3,66.45104,0.0,0.45,0.457
2023-12-19 15:00:00+00:00,0.05,58.6253,0.0,0.35,0.457
2023-12-19 16:00:00+00:00,-0.65,61.212856,0.0,0.3,0.457
2023-12-19 17:00:00+00:00,-0.3,53.957806,0.0,0.2,0.457
2023-12-19 18:00:00+00:00,-1.95,61.36007,0.0,0.1,0.457
2023-12-19 19:00:00+00:00,-2.1,61.322235,0.0,0.05,0.457
2023-12-19 20:00:00+00:00,-1.35,49.59178,0.0,-0.05,0.456
2023-12-19 21:00:00+00:00,-2.0,50.193592,0.0,-0.1,0.456
2023-12-19 22:00:00+00:00,-1.5,48.380657,0.0,-0.2,0.456
2023-12-19 23:00:00+00:00,-2.0,50.193592,0.0,-0.25,0.456
2023-12-20 00:00:00+00:00,-2.0,50.393616,0.0,-0.3,0.456
2023-12-20 01:00:00+00:00,-3.3,51.644318,0.0,-0.5,0.456
2023-12-20 02:00:00+00:00,-3.15,51.275555,0.0,-0.55,0.456
2023-12-20 03:00:00+00:00,-3.65,52.799175,0.0,-0.6,0.456
2023-12-20 04:00:00+00:00,-3.6,51.973,0.0,-0.65,0.456
2023-12-20 05:00:00+00:00,-3.9,52.93963,0.0,-0.7,0.456
2023-12-20 06:00:00+00:00,-1.7,46.244156,0.0,-0.7,0.456
2023-12-20 07:00:00+00:00,0.0,44.76445,0.0,-0.6,0.455
2023-12-20 08:00:00+00:00,1.65,42.676365,0.0,-0.45,0.455
2023-12-20 09:00:00+00:00,3.1,39.879097,0.0,-0.3,0.454
2023-12-20 10:00:00+00:00,4.15,38.21482,0.0,-0.1,0.454
2023-12-20 11:00:00+00:00,4.4,46.61027,0.0,0.1,0.453
2023-12-20 12:00:00+00:00,4.25,49.11539,0.0,0.25,0.452
2023-12-20 13:00:00+00:00,2.95,58.05051,0.0,1.35,0.452
2023-12-20 14:00:00+00:00,-0.2,69.804214,0.0,0.8,0.452
2023-12-20 15:00:00+00:00,0.6,64.15264,0.0,0.6,0.452
2023-12-20 16:00:00+00:00,1.15,61.195705,0.0,0.45,0.452
2023-12-20 17:00:00+00:00,-0.65,68.65876,0.0,0.3,0.452
2023-12-20 18:00:00+00:00,-1.3,71.72674,0.0,0.25,0.452
2023-12-20 19:00:00+00:00,-1.6,73.60289,0.0,0.15,0.451
2023-12-20 20:00:00+00:00,-1.6,73.88321,0.0,0.05,0.451
2023-12-20 21:00:00+00:00,-2.05,76.08214,0.0,0.0,0.451
2023-12-20 22:00:00+00:00,-2.25,76.92064,0.0,-0.1,0.451
2023-12-20 23:00:00+00:00,-1.7,74.7117,0.0,-0.15,0.451
2023-12-21 00:00:00+00:00,-1.7,74.7117,0.0,-0.25,0.451
2023-12-21 01:00:00+00:00,-3.25,82.21617,0.0,-0.3,0.451
2023-12-21 02:00:00+00:00,-1.7,77.30534,0.0,-0.35,0.451
2023-12-21 03:00:00+00:00,-2.35,79.27789,0.0,-0.4,0.451
2023-12-21 04:00:00+00:00,-2.35,79.27789,0.0,-0.45,0.451
2023-12-21 05:00:00+00:00,-3.7,86.65669,0.0,-0.5,0.451
2023-12-21 06:00:00+00:00,-0.85,71.81611,0.0,-0.5,0.451
2023-12-21 07:00:00+00:00,1.05,62.579266,0.0,-0.4,0.451
2023-12-21 08:00:00+00:00,3.1,54.069706,0.0,-0.25,0.45
2023-12-21 09:00:00+00:00,4.65,49.79208,0.0,-0.05,0.45
2023-12-21 10:00:00+00:00,5.2,57.345074,0.0,0.15,0.449
2023-12-21 11:00:00+00:00,5.35,59.32286,0.0,0.35,0.449
2023-12-21 12:00:00+00:00,5.05,61.92538,0.0,0.5,0.448
2023-12-21 13:00:00+00:00,2.85,78.32845,0.0,0.15,0.449
2023-12-21 14:00:00+00:00,2.5,74.90831,0.0,0.2,0.449
2023-12-21 15:00:00+00:00,2.0,76.772156,0.0,0.15,0.449
2023-12-21 16:00:00+00:00,1.4,78.967476,0.0,0.1,0.449
2023-12-21 17:00:00+00:00,0.25,82.98601,0.0,0.05,0.449
2023-12-21 18:00:00+00:00,1.0,79.19787,0.0,0.05,0.449
2023-12-21 19:00:00+00:00,1.05,78.04375,0.0,0.05,0.449
2023-12-21 20:00:00+00:00,1.15,75.78289,0.0,0.0,0.449
2023-12-21 21:00:00+00:00,0.8,76.57067,0.0,-0.05,0.449
2023-12-21 22:00:00+00:00,0.7,76.553764,0.0,-0.05,0.449
2023-12-21 23:00:00+00:00,0.4,77.65039,0.0,-0.1,0.449
2023-12-22 00:00:00+00:00,-0.4,81.07257,0.0,-0.15,0.449
2023-12-22 01:00:00+00:00,-2.3,89.10945,0.0,0.25,0.449
2023-12-22 02:00:00+00:00,-2.1,90.467834,0.0,0.2,0.449
2023-12-22 03:00:00+00:00,-0.65,86.64729,0.0,0.2,0.448
2023-12-22 04:00:00+00:00,-0.5,89.591736,0.3,0.2,0.448
2023-12-22 05:00:00+00:00,-0.55,92.94615,0.4,0.2,0.448
2023-12-22 06:00:00+00:00,0.05,91.62936,0.5,0.25,0.449
2023-12-22 07:00:00+00:00,0.4,92.323654,0.8,0.3,0.449
2023-12-22 08:00:00+00:00,1.15,90.051674,0.8,0.35,0.449
2023-12-22 09:00:00+00:00,2.0,87.548004,0.3,0.5,0.449
2023-12-22 10:00:00+00:00,1.7,92.401985,1.1,0.65,0.45
2023-12-22 11:00:00+00:00,1.4,95.43515,1.4,0.85,0.451
2023-12-22 12:00:00+00:00,1.5,95.43881,1.2,1.2,0.452
2023-12-22 13:00:00+00:00,0.6,97.15017,1.2,0.9,0.452
2023-12-22 14:00:00+00:00,0.4,98.92098,0.7,0.95,0.454
2023-12-22 15:00:00+00:00,0.3,98.56243,0.4,0.9,0.455
2023-12-22 16:00:00+00:00,0.3,98.205925,0.2,0.9,0.456
2023-12-22 17:00:00+00:00,0.3,98.205925,0.3,0.9,0.457
2023-12-22 18:00:00+00:00,0.3,97.85055,0.2,0.85,0.458
2023-12-22 19:00:00+00:00,0.3,97.85055,0.1,0.85,0.46
2023-12-22 20:00:00+00:00,0.45,97.853165,0.3,0.85,0.463
2023-12-22 21:00:00+00:00,0.6,97.15017,0.4,0.9,0.467
2023-12-22 22:00:00+00:00,0.65,96.80035,0.3,0.9,0.471
2023-12-22 23:00:00+00:00,0.65,97.15131,0.4,0.9,0.475
2023-12-23 00:00:00+00:00,0.6,97.5024,0.8,0.95,0.48
2023-12-23 01:00:00+00:00,0.95,96.80808,0.6,0.9,0.492
2023-12-23 02:00:00+00:00,0.95,97.86187,1.1,0.95,0.494
2023-12-23 03:00:00+00:00,0.85,98.924934,1.2,0.95,0.496
2023-12-23 04:00:00+00:00,1.1,97.86447,1.0,1.0,0.499
2023-12-23 05:00:00+00:00,1.4,96.47186,0.8,1.1,0.503
2023-12-23 06:00:00+00:00,1.95,97.18107,1.1,1.55,0.508
2023-12-23 07:00:00+00:00,2.15,97.533516,1.5,2.0,0.511
2023-12-23 08:00:00+00:00,2.6,96.85018,1.4,2.5,0.514
2023-12-23 09:00:00+00:00,2.4,98.236244,2.1,2.8,0.515
2023-12-23 10:00:00+00:00,1.4,98.92975,3.1,2.95,0.516
2023-12-23 11:00:00+00:00,1.2,99.641525,3.7,2.9,0.516
2023-12-23 12:00:00+00:00,1.0,99.64094,4.8,2.85,0.516
2023-12-23 13:00:00+00:00,0.85,99.64049,2.6,2.5,0.514
2023-12-23 14:00:00+00:00,0.85,94.38377,0.5,2.15,0.513
2023-12-23 15:00:00+00:00,1.8,85.02129,0.1,1.6,0.508
2023-12-23 16:00:00+00:00,1.45,87.81419,0.0,1.0,0.506
2023-12-23 17:00:00+00:00,0.2,94.6989,0.0,0.65,0.503
2023-12-23 18:00:00+00:00,-0.6,98.19269,0.0,0.5,0.502
2023-12-23 19:00:00+00:00,-2.65,100.0,0.0,0.35,0.5
2023-12-23 20:00:00+00:00,-4.45,99.250015,0.0,0.2,0.499
2023-12-23 21:00:00+00:00,-1.65,94.61945,0.0,0.15,0.498
2023-12-23 22:00:00+00:00,-1.5,95.67979,0.0,0.15,0.497
2023-12-23 23:00:00+00:00,-1.65,93.92182,0.0,0.1,0.496
2023-12-24 00:00:00+00:00,-1.65,93.22876,0.0,0.05,0.495
2023-12-24 01:00:00+00:00,-2.35,93.88746,0.0,0.05,0.495
2023-12-24 02:00:00+00:00,-4.1,91.69516,0.0,-0.05,0.494
2023-12-24 03:00:00+00:00,-3.05,87.38166,0.0,-0.1,0.493
2023-12-24 04:00:00+00:00,-3.4,86.03309,0.0,-0.15,0.492
2023-12-24 05:00:00+00:00,-2.95,82.88345,0.0,-0.25,0.492
2023-12-24 06:00:00+00:00,-1.3,80.038185,0.0,-0.25,0.491
2023-12-24 07:00:00+00:00,1.05,79.49831,0.0,-0.1,0.49
2023-12-24 08:00:00+00:00,2.85,72.53633,0.0,0.05,0.489
2023-12-24 09:00:00+00:00,3.85,69.0993,0.0,0.3,0.489
2023-12-24 10:00:00+00:00,3.7,75.6682,0.0,0.6,0.488
2023-12-24 11:00:00+00:00,3.4,79.8475,0.1,0.9,0.488
2023-12-24 12:00:00+00:00,3.65,82.22166,0.3,1.65,0.491
2023-12-24 13:00:00+00:00,3.2,78.9544,0.2,0.75,0.493
2023-12-24 14:00:00+00:00,3.75,73.506996,0.1,0.9,0.495
2023-12-24 15:00:00+00:00,4.3,70.981964,0.1,1.2,0.497
2023-12-24 16:00:00+00:00,3.95,72.74552,0.1,1.45,0.498
2023-12-24 17:00:00+00:00,4.3,71.76105,0.1,1.65,0.5
2023-12-24 18:00:00+00:00,4.3,72.02242,0.1,1.8,0.501
2023-12-24 19:00:00+00:00,4.3,73.34199,0.0,1.95,0.502
2023-12-24 20:00:00+00:00,2.95,78.05945,0.0,1.65,0.5
2023-12-24 21:00:00+00:00,2.8,74.687485,0.0,1.4,0.499
2023-12-24 22:00:00+00:00,0.75,80.63633,0.0,0.9,0.497
2023-12-24 23:00:00+00:00,-0.95,83.14122,0.0,0.7,0.496
2023-12-25 00:00:00+00:00,2.0,72.37316,0.0,0.55,0.494
2023-12-25 01:00:00+00:00,-2.35,87.45039,0.0,0.3,0.494
2023-12-25 02:00:00+00:00,-2.85,89.397705,0.0,0.25,0.493
2023-12-25 03:00:00+00:00,-3.4,91.396774,0.0,0.15,0.492
2023-12-25 04:00:00+00:00,-2.75,90.41862,0.0,0.1,0.491
2023-12-25 05:00:00+00:00,-1.9,90.146416,0.0,0.05,0.49
2023-12-25 06:00:00+00:00,-0.8,90.23144,0.0,0.1,0.489
2023-12-25 07:00:00+00:00,0.4,87.71523,0.0,0.2,0.489
2023-12-25 08:00:00+00:00,1.55,85.303406,0.0,0.35,0.488
2023-12-25 09:00:00+00:00,2.5,80.00585,0.0,0.6,0.487
2023-12-25 10:00:00+00:00,3.35,74.513275,0.0,1.05,0.486
2023-12-25 11:00:00+00:00,4.0,67.379265,0.0,2.25,0.486
2023-12-25 12:00:00+00:00,4.4,65.75774,0.0,3.15,0.485
2023-12-25 13:00:00+00:00,3.7,70.34553,0.0,3.35,0.483
2023-12-25 14:00:00+00:00,-0.2,82.01001,0.0,2.4,0.483
2023-12-25 15:00:00+00:00,-0.75,82.54916,0.0,1.45,0.482
2023-12-25 16:00:00+00:00,-1.6,85.58425,0.0,0.85,0.482
2023-12-25 17:00:00+00:00,-1.9,85.55095,0.0,0.75,0.481
2023-12-25 18:00:00+00:00,-0.35,81.989784,0.0,0.7,0.481
2023-12-25 19:00:00+00:00,0.3,85.163216,0.0,0.7,0.481
2023-12-25 20:00:00+00:00,0.35,86.43139,0.0,0.75,0.48
2023-12-25 21:00:00+00:00,0.35,86.11421,0.0,0.75,0.48
2023-12-25 22:00:00+00:00,0.65,79.14444,0.0,0.7,0.48
2023-12-25 23:00:00+00:00,0.05,83.268,0.0,0.65,0.479
2023-12-26 00:00:00+00:00,-2.0,90.81322,0.0,0.55,0.479
2023-12-26 01:00:00+00:00,-0.2,82.928314,0.0,0.55,0.479
2023-12-26 02:00:00+00:00,-0.25,82.308464,0.0,0.45,0.479
2023-12-26 03:00:00+00:00,-0.35,82.90901,0.0,0.4,0.478
2023-12-26 04:00:00+00:00,-0.35,82.90901,0.0,0.35,0.478
2023-12-26 05:00:00+00:00,-0.2,86.374016,0.0,0.35,0.478
2023-12-26 06:00:00+00:00,1.2,82.499435,0.0,0.4,0.477
2023-12-26 07:00:00+00:00,2.35,80.863594,0.0,0.55,0.477
2023-12-26 08:00:00+00:00,3.35,79.26398,0.0,0.85,0.477
2023-12-26 09:00:00+00:00,4.05,78.23262,0.0,2.0,0.476
2023-12-26 10:00:00+00:00,4.8,77.789444,0.0,3.2,0.475
2023-12-26 11:00:00+00:00,5.3,78.707596,0.0,4.1,0.474
2023-12-26 12:00:00+00:00,5.65,77.37014,0.0,4.6,0.474
2023-12-26 13:00:00+00:00,5.85,75.763985,0.0,5.2,0.48
2023-12-26 14:00:00+00:00,2.75,90.823616,0.0,4.35,0.48
2023-12-26 15:00:00+00:00,1.45,92.72158,0.0,3.2,0.48
2023-12-26 16:00:00+00:00,0.0,93.31743,0.0,2.3,0.479
2023-12-26 17:00:00+00:00,-0.7,91.91746,0.0,1.65,0.479
2023-12-26 18:00:00+00:00,-1.25,91.882095,0.0,1.15,0.478
2023-12-26 19:00:00+00:00,-1.2,93.25311,0.0,0.9,0.478
2023-12-26 20:00:00+00:00,-0.95,92.92362,0.0,0.85,0.478
2023-12-26 21:00:00+00:00,-0.5,90.921486,0.0,0.8,0.477
2023-12-26 22:00:00+00:00,-1.05,95.6955,0.0,0.8,0.477
2023-12-26 23:00:00+00:00,-0.9,95.70073,0.0,0.75,0.477
2023-12-27 00:00:00+00:00,-0.85,95.00237,0.0,0.8,0.476
2023-12-27 01:00:00+00:00,-0.5,91.25664,0.0,1.85,0.471
2023-12-27 02:00:00+00:00,-0.85,93.61579,0.0,1.55,0.471
2023-12-27 03:00:00+00:00,-1.05,93.95104,0.0,1.35,0.471
2023-12-27 04:00:00+00:00,-1.1,93.25851,0.0,1.25,0.471
2023-12-27 05:00:00+00:00,-1.15,94.293076,0.0,1.15,0.471
2023-12-27 06:00:00+00:00,-0.6,92.94333,0.0,1.35,0.471
2023-12-27 07:00:00+00:00,-0.05,90.9536,0.0,1.75,0.47
2023-12-27 08:00:00+00:00,0.95,87.76721,0.0,2.4,0.47
2023-12-27 09:00:00+00:00,2.15,84.44546,0.0,3.1,0.469
2023-12-27 10:00:00+00:00,3.2,82.459755,0.0,3.9,0.469
2023-12-27 11:00:00+00:00,3.9,80.78888,0.0,4.55,0.468
2023-12-27 12:00:00+00:00,4.45,79.42861,0.0,5.05,0.467
2023-12-27 13:00:00+00:00,4.2,76.85725,0.0,5.45,0.467
2023-12-27 14:00:00+00:00,1.55,86.87087,0.0,4.3,0.467
2023-12-27 15:00:00+00:00,0.3,88.67641,0.0,3.1,0.467
2023-12-27 16:00:00+00:00,2.3,80.56227,0.0,2.1,0.467
2023-12-27 17:00:00+00:00,1.7,82.5646,0.0,1.3,0.467
2023-12-27 18:00:00+00:00,1.05,84.31597,0.0,0.8,0.467
2023-12-27 19:00:00+00:00,0.4,86.11952,0.0,0.65,0.467
2023-12-27 20:00:00+00:00,0.1,83.892334,0.0,0.55,0.466
2023-12-27 21:00:00+00:00,-0.55,84.751755,0.0,0.45,0.466
2023-12-27 22:00:00+00:00,-3.05,86.397,0.0,0.35,0.466
2023-12-27 23:00:00+00:00,-1.15,76.81526,0.0,0.25,0.466
2023-12-28 00:00:00+00:00,-3.05,81.62011,0.0,0.2,0.466
2023-12-28 01:00:00+00:00,-1.8,74.40997,0.0,0.65,0.466
2023-12-28 02:00:00+00:00,-3.25,80.05098,0.0,0.5,0.466
2023-12-28 03:00:00+00:00,-3.0,76.50003,0.0,0.4,0.466
2023-12-28 04:00:00+00:00,-1.7,66.87257,0.0,0.3,0.466
2023-12-28 05:00:00+00:00,-2.2,71.54681,0.0,0.25,0.466
2023-12-28 06:00:00+00:00,-0.25,69.79377,0.0,0.25,0.465
2023-12-28 07:00:00+00:00,1.35,69.60365,0.0,0.4,0.465
2023-12-28 08:00:00+00:00,3.05,68.17218,0.0,0.7,0.464
2023-12-28 09:00:00+00:00,4.45,65.52816,0.0,2.05,0.464
2023-12-28 10:00:00+00:00,5.8,62.10673,0.0,3.75,0.462
2023-12-28 11:00:00+00:00,6.7,55.861454,0.0,4.9,0.462
2023-12-28 12:00:00+00:00,6.75,51.713226,0.0,5.35,0.461
2023-12-28 13:00:00+00:00,5.25,59.95681,0.0,5.85,0.46
2023-12-28 14:00:00+00:00,1.75,64.42349,0.0,4.5,0.46
2023-12-28 15:00:00+00:00,0.25,65.05112,0.0,3.15,0.46
2023-12-28 16:00:00+00:00,-0.45,60.793667,0.0,2.0,0.46
2023-12-28 17:00:00+00:00,-1.2,58.5239,0.0,1.1,0.46
2023-12-28 18:00:00+00:00,-2.25,63.964375,0.0,0.75,0.46
2023-12-28 19:00:00+00:00,-2.4,63.43304,0.0,0.55,0.46
2023-12-28 20:00:00+00:00,-3.4,67.79459,0.0,0.45,0.46
2023-12-28 21:00:00+00:00,-3.5,66.72326,0.0,0.35,0.46
2023-12-28 22:00:00+00:00,-2.3,55.329414,0.0,0.25,0.46
2023-12-28 23:00:00+00:00,-1.55,48.365807,0.0,0.15,0.46
2023-12-29 00:00:00+00:00,-2.05,50.17896,0.0,0.1,0.46
2023-12-29 01:00:00+00:00,-4.9,68.53045,0.0,0.65,0.46
2023-12-29 02:00:00+00:00,-4.85,68.00386,0.0,0.45,0.46
2023-12-29 03:00:00+00:00,-4.35,62.95501,0.0,0.35,0.46
2023-12-29 04:00:00+00:00,-4.55,63.657288,0.0,0.2,0.46
2023-12-29 05:00:00+00:00,-4.35,67.58246,0.0,0.15,0.46
2023-12-29 06:00:00+00:00,-2.15,62.030106,0.0,0.15,0.459
2023-12-29 07:00:00+00:00,-0.55,64.369965,0.0,0.25,0.459
2023-12-29 08:00:00+00:00,1.1,62.35476,0.0,0.4,0.458
2023-12-29 09:00:00+00:00,2.5,59.93301,0.0,0.75,0.457
2023-12-29 10:00:00+00:00,3.6,57.568928,0.0,2.2,0.457
2023-12-29 11:00:00+00:00,4.3,56.052677,0.0,3.55,0.456
2023-12-29 12:00:00+00:00,4.45,58.00622,0.0,4.25,0.455
2023-12-29 13:00:00+00:00,3.85,63.01936,0.0,5.7,0.454
2023-12-29 14:00:00+00:00,0.7,77.41133,0.0,4.3,0.454
2023-12-29 15:00:00+00:00,2.65,62.030834,0.0,2.85,0.454
2023-12-29 16:00:00+00:00,1.95,61.394714,0.0,1.7,0.455
2023-12-29 17:00:00+00:00,1.2,61.208176,0.0,0.85,0.455
2023-12-29 18:00:00+00:00,0.35,62.88566,0.0,0.65,0.455
2023-12-29 19:00:00+00:00,0.2,62.849213,0.0,0.5,0.455
2023-12-29 20:00:00+00:00,-0.25,64.68727,0.0,0.4,0.455
2023-12-29 21:00:00+00:00,-0.8,67.33114,0.0,0.3,0.455
2023-12-29 22:00:00+00:00,-1.2,69.06545,0.0,0.2,0.455
2023-12-29 23:00:00+00:00,-1.5,70.332695,0.0,0.1,0.455
2023-12-30 00:00:00+00:00,-1.75,71.36391,0.0,0.05,0.455
2023-12-30 01:00:00+00:00,-4.55,83.631874,0.0,0.15,0.455
2023-12-30 02:00:00+00:00,-4.7,83.61295,0.0,0.05,0.455
2023-12-30 03:00:00+00:00,-5.15,84.85521,0.0,0.0,0.455
2023-12-30 04:00:00+00:00,-5.35,85.15972,0.0,-0.1,0.455
2023-12-30 05:00:00+00:00,-4.7,84.5826,0.0,-0.15,0.455
2023-12-30 06:00:00+00:00,-2.1,71.841415,0.0,-0.15,0.455
2023-12-30 07:00:00+00:00,-0.55,66.36741,0.0,-0.05,0.455
2023-12-30 08:00:00+00:00,0.8,69.7499,0.0,0.1,0.454
2023-12-30 09:00:00+00:00,2.25,69.2747,0.0,0.3,0.453
2023-12-30 10:00:00+00:00,3.45,67.507614,0.0,0.6,0.453
2023-12-30 11:00:00+00:00,4.2,68.41768,0.0,1.5,0.452
2023-12-30 12:00:00+00:00,4.45,69.22441,0.0,2.75,0.451
2023-12-30 13:00:00+00:00,4.05,77.66988,0.0,4.4,0.451
2023-12-30 14:00:00+00:00,3.35,78.977264,0.0,3.2,0.451
2023-12-30 15:00:00+00:00,2.75,78.88558,0.0,1.95,0.451
2023-12-30 16:00:00+00:00,2.1,78.78562,0.0,0.95,0.451
2023-12-30 17:00:00+00:00,1.3,78.372154,0.0,0.65,0.451
2023-12-30 18:00:00+00:00,0.75,75.43227,0.0,0.5,0.451
2023-12-30 19:00:00+00:00,0.2,72.02313,0.0,0.4,0.451
2023-12-30 20:00:00+00:00,-0.45,69.75195,0.0,0.3,0.451
2023-12-30 21:00:00+00:00,-1.0,68.06198,0.0,0.2,0.451
2023-12-30 22:00:00+00:00,-1.45,66.41693,0.0,0.15,0.451
2023-12-30 23:00:00+00:00,-1.7,65.85086,0.0,0.05,0.451
2023-12-31 00:00:00+00:00,-2.25,68.04888,0.0,0.0,0.451
2023-12-31 01:00:00+00:00,-2.65,67.69827,0.0,-0.25,0.451
2023-12-31 02:00:00+00:00,-3.4,69.394936,0.0,-0.35,0.451
2023-12-31 03:00:00+00:00,-3.85,72.89092,0.0,-0.4,0.451
2023-12-31 04:00:00+00:00,-4.35,78.66247,0.0,-0.45,0.451
2023-12-31 05:00:00+00:00,-4.0,79.02161,0.0,-0.5,0.451
2023-12-31 06:00:00+00:00,-1.9,72.43245,0.0,-0.45,0.451
2023-12-31 07:00:00+00:00,-0.25,69.00565,0.0,-0.4,0.451
2023-12-31 08:00:00+00:00,1.45,63.87006,0.0,-0.25,0.451
2023-12-31 09:00:00+00:00,3.0,58.282368,0.0,-0.05,0.451
2023-12-31 10:00:00+00:00,3.75,62.530037,0.0,0.1,0.45
2023-12-31 11:00:00+00:00,4.25,63.114742,0.0,0.3,0.45
2023-12-31 12:00:00+00:00,4.25,63.817047,0.0,0.5,0.449
2023-12-31 13:00:00+00:00,2.45,83.26407,0.0,1.15,0.449
2023-12-31 14:00:00+00:00,1.9,74.80135,0.0,0.85,0.449
2023-12-31 15:00:00+00:00,1.55,75.29358,0.0,0.65,0.449
2023-12-31 16:00:00+00:00,1.45,73.34848,0.0,0.5,0.449
2023-12-31 17:00:00+00:00,1.15,72.478165,0.0,0.4,0.449
2023-12-31 18:00:00+00:00,0.8,72.140495,0.0,0.35,0.449
2023-12-31 19:00:00+00:00,0.65,69.98096,0.0,0.25,0.449
2023-12-31 20:00:00+00:00,0.15,69.35199,0.0,0.15,0.449
2023-12-31 21:00:00+00:00,-0.35,68.72325,0.0,0.1,0.449
2023-12-31 22:00:00+00:00,-0.85,68.354774,0.0,0.0,0.449
2023-12-31 23:00:00+00:00,-1.3,67.99627,0.0,-0.1,0.449
2024-01-01 00:00:00+00:00,-1.5,66.405556,0.0,-0.15,0.449
2024-01-01 01:00:00+00:00,-2.45,70.40556,0.0,-0.15,0.449
2024-01-01 02:00:00+00:00,-2.6,70.10379,0.0,-0.2,0.449
2024-01-01 03:00:00+00:00,-2.55,69.041214,0.0,-0.3,0.449
2024-01-01 04:00:00+00:00,-2.5,68.256996,0.0,-0.35,0.449
2024-01-01 05:00:00+00:00,-2.65,69.286736,0.0,-0.4,0.449
2024-01-01 06:00:00+00:00,-1.1,65.48476,0.0,-0.4,0.449
2024-01-01 07:00:00+00:00,0.65,61.070652,0.0,-0.3,0.449
2024-01-01 08:00:00+00:00,2.2,56.767876,0.0,-0.15,0.449
2024-01-01 09:00:00+00:00,3.4,59.26735,0.0,0.05,0.448
2024-01-01 10:00:00+00:00,4.25,61.959465,0.0,0.3,0.448
2024-01-01 11:00:00+00:00,4.75,62.080803,0.0,0.55,0.447
2024-01-01 12:00:00+00:00,4.8,62.782124,0.0,0.9,0.446
2024-01-01 13:00:00+00:00,2.7,85.12268,0.0,0.8,0.447
2024-01-01 14:00:00+00:00,2.15,74.02333,0.0,0.65,0.447
2024-01-01 15:00:00+00:00,1.05,76.04704,0.0,0.5,0.447
2024-01-01 16:00:00+00:00,1.35,73.876205,0.0,0.35,0.447
2024-01-01 17:00:00+00:00,0.8,74.88182,0.0,0.25,0.447
2024-01-01 18:00:00+00:00,0.35,74.52206,0.0,0.15,0.447
2024-01-01 19:00:00+00:00,0.1,71.733284,0.0,0.1,0.447
2024-01-01 20:00:00+00:00,-0.15,69.288635,0.0,0.0,0.447
2024-01-01 21:00:00+00:00,-0.45,67.923386,0.0,-0.1,0.447
2024-01-01 22:00:00+00:00,-0.85,67.57739,0.0,-0.15,0.447
2024-01-01 23:00:00+00:00,-1.1,66.75155,0.0,-0.2,0.447
2024-01-02 00:00:00+00:00,-1.2,65.21066,0.0,-0.25,0.447
2024-01-02 01:00:00+00:00,-2.2,67.79803,0.0,-0.6,0.447
2024-01-02 02:00:00+00:00,-2.1,67.040344,0.0,-0.65,0.447
2024-01-02 03:00:00+00:00,-2.35,68.81847,0.0,-0.65,0.447
2024-01-02 04:00:00+00:00,-3.15,73.87524,0.0,-0.7,0.447
2024-01-02 05:00:00+00:00,-2.65,71.456245,0.0,-0.75,0.447
2024-01-02 06:00:00+00:00,-1.55,68.72692,0.0,-0.75,0.447
2024-01-02 07:00:00+00:00,0.3,62.63436,0.0,-0.65,0.447
2024-01-02 08:00:00+00:00,2.1,56.52603,0.0,-0.5,0.447
2024-01-02 09:00:00+00:00,3.8,50.88389,0.0,-0.35,0.446
2024-01-02 10:00:00+00:00,4.85,47.098713,0.0,-0.15,0.446
2024-01-02 11:00:00+00:00,5.3,49.97759,0.0,0.05,0.445
2024-01-02 12:00:00+00:00,5.05,52.797047,0.0,0.2,0.445
2024-01-02 13:00:00+00:00,2.5,52.0846,0.0,-0.45,0.445
2024-01-02 14:00:00+00:00,1.65,53.46342,0.0,-0.5,0.445
2024-01-02 15:00:00+00:00,1.2,55.64121,0.0,-0.5,0.446
2024-01-02 16:00:00+00:00,0.9,58.622387,0.0,-0.55,0.446
2024-01-02 17:00:00+00:00,0.6,61.058113,0.0,-0.55,0.446
2024-01-02 18:00:00+00:00,-0.4,64.89938,0.0,-0.6,0.446
2024-01-02 19:00:00+00:00,-0.4,62.46302,0.0,-0.65,0.446
2024-01-02 20:00:00+00:00,-0.6,60.755703,0.0,-0.7,0.446
2024-01-02 21:00:00+00:00,-0.9,59.980183,0.0,-0.75,0.446
2024-01-02 22:00:00+00:00,-1.1,59.46606,0.0,-0.75,0.446
2024-01-02 23:00:00+00:00,-1.55,60.985783,0.0,-0.8,0.446
2024-01-03 00:00:00+00:00,-1.6,61.68689,0.0,-0.8,0.446
2024-01-03 01:00:00+00:00,-2.55,63.89216,0.0,-0.05,0.446
2024-01-03 02:00:00+00:00,-1.75,65.08201,0.0,-0.1,0.446
2024-01-03 03:00:00+00:00,-2.7,69.813,0.0,-0.1,0.446
2024-01-03 04:00:00+00:00,-2.4,69.87617,0.0,-0.15,0.446
2024-01-03 05:00:00+00:00,-1.65,66.62717,0.0,-0.15,0.446
2024-01-03 06:00:00+00:00,-0.35,64.663765,0.0,-0.15,0.446
2024-01-03 07:00:00+00:00,1.4,51.973423,0.0,-0.1,0.445
2024-01-03 08:00:00+00:00,2.6,53.52291,0.0,0.05,0.445
2024-01-03 09:00:00+00:00,3.4,53.74409,0.0,0.2,0.444
2024-01-03 10:00:00+00:00,4.25,55.41362,0.0,0.4,0.444
2024-01-03 11:00:00+00:00,5.05,57.093758,0.0,0.7,0.443
2024-01-03 12:00:00+00:00,4.9,60.09045,0.0,1.15,0.443
2024-01-03 13:00:00+00:00,3.3,75.049934,0.0,0.1,0.444
2024-01-03 14:00:00+00:00,1.7,74.21476,0.0,0.1,0.444
2024-01-03 15:00:00+00:00,1.55,73.91309,0.0,0.05,0.444
2024-01-03 16:00:00+00:00,0.9,78.89048,0.0,0.05,0.444
2024-01-03 17:00:00+00:00,-0.4,86.353065,0.0,0.0,0.444
2024-01-03 18:00:00+00:00,-1.1,91.89177,0.0,-0.05,0.444
2024-01-03 19:00:00+00:00,-1.75,92.19145,0.0,-0.1,0.444
2024-01-03 20:00:00+00:00,-2.4,91.80743,0.0,-0.1,0.444
2024-01-03 21:00:00+00:00,-1.45,89.51393,0.0,-0.15,0.444
2024-01-03 22:00:00+00:00,-2.4,90.107414,0.0,-0.2,0.444
2024-01-03 23:00:00+00:00,-2.25,87.7887,0.0,-0.2,0.444
2024-01-04 00:00:00+00:00,-1.75,86.21042,0.0,-0.25,0.444
2024-01-04 01:00:00+00:00,0.0,89.63235,0.0,1.05,0.444
2024-01-04 02:00:00+00:00,0.45,90.32675,0.0,0.95,0.444
2024-01-04 03:00:00+00:00,0.65,88.38333,0.0,0.9,0.444
2024-01-04 04:00:00+00:00,0.65,90.34187,0.0,0.85,0.444
2024-01-04 05:00:00+00:00,0.65,92.0033,0.0,0.8,0.444
2024-01-04 06:00:00+00:00,1.6,86.87589,0.2,0.9,0.445
2024-01-04 07:00:00+00:00,1.65,89.76471,0.3,1.15,0.446
2024-01-04 08:00:00+00:00,1.9,91.750275,0.4,1.5,0.448
2024-01-04 09:00:00+00:00,1.8,96.13761,1.2,1.95,0.451
2024-01-04 10:00:00+00:00,1.45,99.28566,1.7,2.1,0.454
2024-01-04 11:00:00+00:00,1.45,99.28566,1.4,2.15,0.459
2024-01-04 12:00:00+00:00,1.75,97.17652,0.7,2.25,0.465
2024-01-04 13:00:00+00:00,1.85,98.22836,0.6,2.15,0.481
2024-01-04 14:00:00+00:00,1.5,99.28594,0.5,1.95,0.487
2024-01-04 15:00:00+00:00,1.25,98.92844,0.5,1.7,0.49
2024-01-04 16:00:00+00:00,1.4,98.575264,0.2,1.6,0.49
2024-01-04 17:00:00+00:00,0.8,100.0,0.0,1.25,0.488
2024-01-04 18:00:00+00:00,1.15,99.283905,0.0,1.25,0.486
2024-01-04 19:00:00+00:00,0.7,99.64005,0.0,1.05,0.484
2024-01-04 20:00:00+00:00,1.05,98.92669,0.0,1.05,0.483
2024-01-04 21:00:00+00:00,1.1,98.92713,0.2,1.15,0.484
2024-01-04 22:00:00+00:00,1.05,98.21683,0.3,1.1,0.486
2024-01-04 23:00:00+00:00,1.2,97.8662,0.0,1.15,0.485
2024-01-05 00:00:00+00:00,1.25,97.515526,0.2,1.15,0.486
2024-01-05 01:00:00+00:00,1.05,100.0,1.3,1.3,0.497
2024-01-05 02:00:00+00:00,0.85,100.0,2.1,1.35,0.497
2024-01-05 03:00:00+00:00,0.8,100.0,2.5,1.3,0.497
2024-01-05 04:00:00+00:00,0.75,100.0,2.3,1.25,0.498
2024-01-05 05:00:00+00:00,0.55,99.63962,2.3,1.2,0.498
2024-01-05 06:00:00+00:00,0.5,100.0,2.6,1.25,0.497
2024-01-05 07:00:00+00:00,0.55,99.28039,2.8,1.45,0.497
2024-01-05 08:00:00+00:00,1.15,96.46475,1.4,2.25,0.501
2024-01-05 09:00:00+00:00,1.4,95.09179,1.3,2.9,0.507
2024-01-05 10:00:00+00:00,2.15,91.10821,1.6,3.6,0.511
2024-01-05 11:00:00+00:00,1.35,96.12363,0.9,3.3,0.514
2024-01-05 12:00:00+00:00,0.7,99.64005,1.8,2.85,0.512
2024-01-05 13:00:00+00:00,0.75,99.640205,3.6,2.6,0.514
2024-01-05 14:00:00+00:00,0.4,98.92098,0.6,2.2,0.51
2024-01-05 15:00:00+00:00,-0.05,100.0,0.1,1.4,0.505
2024-01-05 16:00:00+00:00,0.8,99.28186,0.7,1.3,0.502
2024-01-05 17:00:00+00:00,0.55,99.28039,0.9,1.3,0.503
2024-01-05 18:00:00+00:00,0.55,98.9223,1.2,1.3,0.505
2024-01-05 19:00:00+00:00,0.65,95.75414,0.1,1.15,0.503
2024-01-05 20:00:00+00:00,0.0,91.962135,0.0,0.85,0.5
2024-01-05 21:00:00+00:00,-0.5,86.342575,0.0,0.65,0.498
2024-01-05 22:00:00+00:00,-1.05,80.98057,0.0,0.55,0.496
2024-01-05 23:00:00+00:00,-3.75,81.83496,0.0,0.4,0.495
2024-01-06 00:00:00+00:00,-5.7,83.81042,0.0,0.25,0.494
2024-01-06 01:00:00+00:00,-2.7,78.32404,0.0,0.15,0.494
2024-01-06 02:00:00+00:00,-3.5,78.797226,0.0,0.0,0.493
2024-01-06 03:00:00+00:00,-3.9,74.59495,0.0,-0.1,0.493
2024-01-06 04:00:00+00:00,-4.15,71.98763,0.0,-0.2,0.492
2024-01-06 05:00:00+00:00,-4.15,67.36273,0.0,-0.3,0.491
2024-01-06 06:00:00+00:00,-1.95,63.05139,0.0,-0.3,0.49
2024-01-06 07:00:00+00:00,-0.45,59.404594,0.0,-0.25,0.49
2024-01-06 08:00:00+00:00,1.3,52.75274,0.0,-0.1,0.489
2024-01-06 09:00:00+00:00,2.4,54.082485,0.0,0.1,0.488
2024-01-06 10:00:00+00:00,3.3,49.78313,0.0,0.35,0.487
2024-01-06 11:00:00+00:00,3.9,45.232292,0.0,0.65,0.486
2024-01-06 12:00:00+00:00,3.9,43.692516,0.0,1.3,0.485
2024-01-06 13:00:00+00:00,2.3,68.01066,0.0,1.1,0.484
2024-01-06 14:00:00+00:00,-0.3,60.59824,0.0,0.75,0.484
2024-01-06 15:00:00+00:00,-0.8,56.396683,0.0,0.5,0.483
2024-01-06 16:00:00+00:00,0.2,45.719795,0.0,0.35,0.483
2024-01-06 17:00:00+00:00,-0.4,42.556953,0.0,0.2,0.482
2024-01-06 18:00:00+00:00,-0.7,39.978672,0.0,0.1,0.482
2024-01-06 19:00:00+00:00,-1.1,39.85441,0.0,0.0,0.482
2024-01-06 20:00:00+00:00,-1.65,41.49503,0.0,-0.1,0.481
2024-01-06 21:00:00+00:00,-2.1,42.20362,0.0,-0.2,0.481
2024-01-06 22:00:00+00:00,-2.3,42.485386,0.0,-0.3,0.481
2024-01-06 23:00:00+00:00,-2.5,42.42347,0.0,-0.35,0.48
2024-01-07 00:00:00+00:00,-2.75,43.92495,0.0,-0.45,0.48
2024-01-07 01:00:00+00:00,-3.95,50.63193,0.0,-0.8,0.48
2024-01-07 02:00:00+00:00,-5.45,57.85018,0.0,-0.85,0.479
2024-01-07 03:00:00+00:00,-6.1,65.33576,0.0,-0.9,0.479
2024-01-07 04:00:00+00:00,-5.9,68.58137,0.0,-0.95,0.479
2024-01-07 05:00:00+00:00,-5.4,68.4203,0.0,-1.0,0.479
2024-01-07 06:00:00+00:00,-3.05,61.80491,0.0,-1.0,0.478
2024-01-07 07:00:00+00:00,-1.0,56.123264,0.0,-0.9,0.478
2024-01-07 08:00:00+00:00,0.9,51.431248,0.0,-0.8,0.477
2024-01-07 09:00:00+00:00,2.8,46.31635,0.0,-0.65,0.477
2024-01-07 10:00:00+00:00,4.1,41.77264,0.0,-0.45,0.476
2024-01-07 11:00:00+00:00,4.85,38.42847,0.0,-0.25,0.475
2024-01-07 12:00:00+00:00,5.05,37.31245,0.0,-0.1,0.475
2024-01-07 13:00:00+00:00,2.1,51.772648,0.0,-0.4,0.475
2024-01-07 14:00:00+00:00,1.45,53.613342,0.0,-0.4,0.474
2024-01-07 15:00:00+00:00,1.2,54.5835,0.0,-0.45,0.474
2024-01-07 16:00:00+00:00,0.8,54.89472,0.0,-0.5,0.474
2024-01-07 17:00:00+00:00,0.3,55.825504,0.0,-0.55,0.474
2024-01-07 18:00:00+00:00,-0.45,57.15215,0.0,-0.6,0.474
2024-01-07 19:00:00+00:00,-1.15,56.521763,0.0,-0.65,0.474
2024-01-07 20:00:00+00:00,-1.8,55.467434,0.0,-0.7,0.474
2024-01-07 21:00:00+00:00,-2.4,54.219402,0.0,-0.75,0.473
2024-01-07 22:00:00+00:00,-2.6,52.261265,0.0,-0.8,0.473
2024-01-07 23:00:00+00:00,-2.5,50.65006,0.0,-0.85,0.473
2024-01-08 00:00:00+00:00,-2.1,48.97869,0.0,-0.85,0.473
2024-01-08 01:00:00+00:00,-1.6,48.15881,0.0,0.0,0.473
2024-01-08 02:00:00+00:00,-1.2,47.32793,0.0,0.0,0.473
2024-01-08 03:00:00+00:00,-0.85,46.871098,0.0,-0.05,0.472
2024-01-08 04:00:00+00:00,-0.7,48.044315,0.0,-0.05,0.472
2024-01-08 05:00:00+00:00,0.1,47.715,0.0,-0.05,0.472
2024-01-08 06:00:00+00:00,1.2,47.6669,0.0,0.0,0.472
2024-01-08 07:00:00+00:00,1.85,55.39302,0.0,0.05,0.471
2024-01-08 08:00:00+00:00,2.7,57.116238,0.0,0.15,0.471
2024-01-08 09:00:00+00:00,3.3,58.579502,0.0,0.25,0.471
2024-01-08 10:00:00+00:00,3.65,59.999123,0.0,0.4,0.47
2024-01-08 11:00:00+00:00,3.65,63.67579,0.0,0.5,0.47
2024-01-08 12:00:00+00:00,4.15,64.98004,0.0,0.65,0.469
2024-01-08 13:00:00+00:00,3.45,68.00696,0.0,0.0,0.471
2024-01-08 14:00:00+00:00,1.45,85.91665,0.0,0.05,0.471
2024-01-08 15:00:00+00:00,1.25,86.52451,0.0,0.05,0.471
2024-01-08 16:00:00+00:00,1.7,82.26336,0.0,0.05,0.471
2024-01-08 17:00:00+00:00,1.95,79.34192,0.0,0.1,0.471
2024-01-08 18:00:00+00:00,1.6,83.157425,0.0,0.1,0.471
2024-01-08 19:00:00+00:00,2.15,78.50538,0.0,0.1,0.47
2024-01-08 20:00:00+00:00,1.55,83.455605,0.0,0.15,0.47
2024-01-08 21:00:00+00:00,1.5,79.85877,0.0,0.15,0.47
2024-01-08 22:00:00+00:00,1.85,79.03643,0.0,0.15,0.47
2024-01-08 23:00:00+00:00,1.95,78.474144,0.0,0.15,0.47
2024-01-09 00:00:00+00:00,1.5,83.4494,0.0,0.15,0.47
2024-01-09 01:00:00+00:00,1.85,71.80994,0.0,1.4,0.469
2024-01-09 02:00:00+00:00,2.05,71.05514,0.0,1.2,0.469
2024-01-09 03:00:00+00:00,2.25,70.04974,0.0,1.05,0.469
2024-01-09 04:00:00+00:00,2.15,70.812355,0.0,0.9,0.469
2024-01-09 05:00:00+00:00,2.15,71.075134,0.0,0.85,0.469
2024-01-09 06:00:00+00:00,2.75,74.40528,0.0,1.15,0.469
2024-01-09 07:00:00+00:00,4.0,72.227104,0.0,1.8,0.468
2024-01-09 08:00:00+00:00,4.75,69.53917,0.0,2.4,0.468
2024-01-09 09:00:00+00:00,5.7,64.85988,0.0,3.25,0.468
2024-01-09 10:00:00+00:00,6.4,62.477646,0.0,4.05,0.467
2024-01-09 11:00:00+00:00,6.95,63.06308,0.0,4.75,0.466
2024-01-09 12:00:00+00:00,6.6,66.01068,0.0,5.0,0.465
2024-01-09 13:00:00+00:00,5.05,84.18003,0.0,4.55,0.457
2024-01-09 14:00:00+00:00,4.2,91.57242,0.1,4.2,0.457
2024-01-09 15:00:00+00:00,3.25,95.84152,0.0,3.7,0.458
2024-01-09 16:00:00+00:00,3.2,95.839874,0.0,3.4,0.458
2024-01-09 17:00:00+00:00,2.75,96.509865,0.0,3.1,0.458
2024-01-09 18:00:00+00:00,3.0,93.4743,0.0,2.9,0.458
2024-01-09 19:00:00+00:00,2.65,96.163795,0.0,2.8,0.458
2024-01-09 20:00:00+00:00,2.55,96.50429,0.0,2.7,0.458
2024-01-09 21:00:00+00:00,2.55,96.50429,0.0,2.6,0.459
2024-01-09 22:00:00+00:00,2.75,94.46796,0.2,2.55,0.46
2024-01-09 23:00:00+00:00,2.8,94.133705,0.2,2.5,0.462
2024-01-10 00:00:00+00:00,2.8,93.798325,0.4,2.45,0.465
2024-01-10 01:00:00+00:00,2.75,93.12804,0.2,3.05,0.466
2024-01-10 02:00:00+00:00,3.0,87.95816,0.1,2.85,0.467
2024-01-10 03:00:00+00:00,2.55,94.4592,0.5,2.75,0.471
2024-01-10 04:00:00+00:00,2.15,97.533516,1.2,2.65,0.483
2024-01-10 05:00:00+00:00,1.35,100.0,1.8,2.5,0.492
2024-01-10 06:00:00+00:00,1.35,99.28507,1.2,2.4,0.496
2024-01-10 07:00:00+00:00,1.65,98.93192,0.8,2.6,0.5
2024-01-10 08:00:00+00:00,1.45,99.28566,1.1,2.65,0.502
2024-01-10 09:00:00+00:00,1.35,98.92931,0.8,2.65,0.502
2024-01-10 10:00:00+00:00,1.65,97.87397,0.5,2.8,0.502
2024-01-10 11:00:00+00:00,1.85,98.933655,0.3,2.9,0.503
2024-01-10 12:00:00+00:00,2.0,98.93497,0.4,3.0,0.504
2024-01-10 13:00:00+00:00,2.7,90.494896,0.0,3.2,0.504
2024-01-10 14:00:00+00:00,1.95,94.43275,0.1,2.85,0.502
2024-01-10 15:00:00+00:00,1.6,96.47753,0.1,2.55,0.501
2024-01-10 16:00:00+00:00,1.5,98.223335,0.1,2.35,0.5
2024-01-10 17:00:00+00:00,1.5,97.52054,0.2,2.2,0.5
2024-01-10 18:00:00+00:00,1.25,98.92844,0.2,2.05,0.501
2024-01-10 19:00:00+00:00,1.25,97.86706,0.1,1.95,0.5
2024-01-10 20:00:00+00:00,1.25,97.86706,0.1,1.9,0.499
2024-01-10 21:00:00+00:00,1.1,98.21757,0.1,1.85,0.499
2024-01-10 22:00:00+00:00,0.9,98.56945,0.1,1.8,0.498
2024-01-10 23:00:00+00:00,0.85,97.86013,0.2,1.75,0.499
2024-01-11 00:00:00+00:00,0.75,98.5677,0.6,1.7,0.5
2024-01-11 01:00:00+00:00,1.0,99.28303,0.3,1.7,0.501
2024-01-11 02:00:00+00:00,0.95,98.215385,0.3,1.7,0.502
2024-01-11 03:00:00+00:00,0.7,98.92362,0.2,1.65,0.502
2024-01-11 04:00:00+00:00,0.65,98.92319,0.1,1.6,0.501
2024-01-11 05:00:00+00:00,0.65,99.280975,0.0,1.55,0.499
2024-01-11 06:00:00+00:00,1.4,95.77962,0.0,1.9,0.497
2024-01-11 07:00:00+00:00,2.3,92.10639,0.0,2.65,0.496
2024-01-11 08:00:00+00:00,2.95,89.2253,0.0,3.3,0.495
2024-01-11 09:00:00+00:00,3.4,86.43281,0.1,3.8,0.495
2024-01-11 10:00:00+00:00,3.5,85.51829,0.3,4.05,0.496
2024-01-11 11:00:00+00:00,3.0,89.87118,0.6,3.85,0.501
2024-01-11 12:00:00+00:00,2.25,95.80824,0.9,3.7,0.507
2024-01-11 13:00:00+00:00,2.75,92.79569,0.9,3.65,0.512
2024-01-11 14:00:00+00:00,2.5,94.45699,0.6,3.25,0.512
2024-01-11 15:00:00+00:00,2.15,96.838776,0.4,2.9,0.51
2024-01-11 16:00:00+00:00,2.0,98.23053,0.6,2.65,0.512
2024-01-11 17:00:00+00:00,1.9,98.58103,0.4,2.5,0.511
2024-01-11 18:00:00+00:00,1.75,98.932785,0.4,2.35,0.51
2024-01-11 19:00:00+00:00,1.65,98.225494,0.5,2.25,0.51
2024-01-11 20:00:00+00:00,1.55,97.521545,1.4,2.15,0.512
2024-01-11 21:00:00+00:00,1.25,99.284485,0.8,2.05,0.513
2024-01-11 22:00:00+00:00,1.05,98.92669,1.1,1.9,0.512
2024-01-11 23:00:00+00:00,1.05,98.21683,0.7,1.8,0.51
2024-01-12 00:00:00+00:00,1.0,98.926254,0.3,1.75,0.509
2024-01-12 01:00:00+00:00,0.6,100.0,1.2,1.6,0.507
2024-01-12 02:00:00+00:00,0.65,99.280975,0.7,1.5,0.505
2024-01-12 03:00:00+00:00,0.8,98.56829,0.1,1.45,0.504
2024-01-12 04:00:00+00:00,0.95,97.50948,0.0,1.45,0.503
2024-01-12 05:00:00+00:00,1.0,97.51048,0.0,1.4,0.501
2024-01-12 06:00:00+00:00,1.3,97.166245,0.0,1.6,0.501
2024-01-12 07:00:00+00:00,1.9,95.45337,0.1,2.05,0.502
2024-01-12 08:00:00+00:00,2.7,90.494896,0.1,2.75,0.503
2024-01-12 09:00:00+00:00,3.25,85.184166,0.1,3.3,0.503
2024-01-12 10:00:00+00:00,3.8,79.61836,0.1,3.95,0.503
2024-01-12 11:00:00+00:00,3.9,79.63315,0.1,4.25,0.504
2024-01-12 12:00:00+00:00,3.5,83.694984,0.3,4.25,0.505
2024-01-12 13:00:00+00:00,3.0,90.84144,0.6,4.1,0.513
2024-01-12 14:00:00+00:00,1.9,98.229095,1.1,3.5,0.516
2024-01-12 15:00:00+00:00,1.4,100.0,1.9,2.95,0.516
2024-01-12 16:00:00+00:00,1.15,100.0,2.3,2.55,0.515
2024-01-12 17:00:00+00:00,0.9,100.0,2.0,2.25,0.513
2024-01-12 18:00:00+00:00,0.75,100.0,1.3,2.0,0.511
2024-01-12 19:00:00+00:00,0.7,100.0,0.2,1.85,0.51
2024-01-12 20:00:00+00:00,1.15,97.513504,0.0,1.75,0.508
2024-01-12 21:00:00+00:00,1.15,96.813225,0.0,1.7,0.507
2024-01-12 22:00:00+00:00,1.2,96.81451,0.0,1.6,0.506
2024-01-12 23:00:00+00:00,0.15,98.91878,0.0,1.15,0.504
2024-01-13 00:00:00+00:00,0.15,98.20373,0.0,1.0,0.502
2024-01-13 01:00:00+00:00,-0.3,93.98728,0.1,0.9,0.503
2024-01-13 02:00:00+00:00,-1.55,94.27468,0.0,0.6,0.501
2024-01-13 03:00:00+00:00,-2.35,93.190605,0.0,0.45,0.5
2024-01-13 04:00:00+00:00,-2.1,91.48551,0.0,0.4,0.499
2024-01-13 05:00:00+00:00,-3.3,91.06017,0.0,0.25,0.497
2024-01-13 06:00:00+00:00,-2.1,89.46021,0.0,0.25,0.496
2024-01-13 07:00:00+00:00,-0.85,87.59588,0.0,0.35,0.495
2024-01-13 08:00:00+00:00,0.1,80.84241,0.0,0.45,0.494
2024-01-13 09:00:00+00:00,1.5,72.00842,0.0,0.85,0.493
2024-01-13 10:00:00+00:00,1.2,73.02937,0.0,1.95,0.493
2024-01-13 11:00:00+00:00,1.5,76.4059,0.0,3.3,0.491
2024-01-13 12:00:00+00:00,2.05,67.70386,0.0,3.8,0.491
2024-01-13 13:00:00+00:00,0.05,70.38532,0.0,4.0,0.499
2024-01-13 14:00:00+00:00,-0.25,73.578445,0.0,3.1,0.499
2024-01-13 15:00:00+00:00,-0.75,79.82037,0.0,2.35,0.498
2024-01-13 16:00:00+00:00,-0.95,82.2152,0.0,1.85,0.497
2024-01-13 17:00:00+00:00,-1.2,83.42056,0.0,1.45,0.496
2024-01-13 18:00:00+00:00,-1.05,87.25203,0.0,1.2,0.495
2024-01-13 19:00:00+00:00,-1.2,90.200645,0.0,1.05,0.494
2024-01-13 20:00:00+00:00,-1.2,90.200645,0.0,0.9,0.493
2024-01-13 21:00:00+00:00,-1.25,94.28848,0.0,0.85,0.492
2024-01-13 22:00:00+00:00,-1.05,93.2612,0.1,0.85,0.492
2024-01-13 23:00:00+00:00,-0.95,94.99834,0.2,0.85,0.491
2024-01-14 00:00:00+00:00,-1.2,94.988235,0.2,0.8,0.491
2024-01-14 01:00:00+00:00,-1.75,86.8575,0.1,0.65,0.49
2024-01-14 02:00:00+00:00,-2.0,88.471596,0.1,0.65,0.49
2024-01-14 03:00:00+00:00,-2.55,90.095665,0.1,0.6,0.49
2024-01-14 04:00:00+00:00,-3.1,88.37171,0.0,0.5,0.489
2024-01-14 05:00:00+00:00,-3.6,82.16883,0.0,0.45,0.489
2024-01-14 06:00:00+00:00,-3.55,77.29159,0.0,0.4,0.488
2024-01-14 07:00:00+00:00,-3.2,71.898476,0.0,0.4,0.487
2024-01-14 08:00:00+00:00,-1.8,62.844067,0.0,0.55,0.486
2024-01-14 09:00:00+00:00,-0.35,56.95799,0.0,0.85,0.485
2024-01-14 10:00:00+00:00,0.55,55.250763,0.0,1.95,0.484
2024-01-14 11:00:00+00:00,1.2,55.00441,0.0,2.85,0.483
2024-01-14 12:00:00+00:00,1.5,55.936073,0.0,3.25,0.482
2024-01-14 13:00:00+00:00,-0.35,60.35295,0.0,2.9,0.482
2024-01-14 14:00:00+00:00,-2.05,75.21868,0.0,1.9,0.482
2024-01-14 15:00:00+00:00,-1.95,67.07407,0.0,0.8,0.482
2024-01-14 16:00:00+00:00,-3.15,73.02654,0.0,0.55,0.482
2024-01-14 17:00:00+00:00,-4.85,80.74122,0.0,0.35,0.481
2024-01-14 18:00:00+00:00,-5.65,83.8167,0.0,0.2,0.481
2024-01-14 19:00:00+00:00,-6.35,86.71274,0.0,0.1,0.481
2024-01-14 20:00:00+00:00,-6.85,86.66014,0.0,0.0,0.481
2024-01-14 21:00:00+00:00,-7.25,86.95743,0.0,-0.15,0.481
2024-01-14 22:00:00+00:00,-7.65,87.600655,0.0,-0.25,0.48
2024-01-14 23:00:00+00:00,-7.6,86.580696,0.0,-0.35,0.48
2024-01-15 00:00:00+00:00,-7.5,85.91449,0.0,-0.4,0.48
2024-01-15 01:00:00+00:00,-7.9,86.208694,0.0,-0.45,0.48
2024-01-15 02:00:00+00:00,-8.25,85.492226,0.0,-0.55,0.479
2024-01-15 03:00:00+00:00,-8.0,80.91348,0.0,-0.6,0.479
2024-01-15 04:00:00+00:00,-8.05,75.910965,0.0,-0.7,0.479
2024-01-15 05:00:00+00:00,-7.7,70.1297,0.0,-0.75,0.479
2024-01-15 06:00:00+00:00,-5.9,57.49518,0.0,-0.75,0.479
2024-01-15 07:00:00+00:00,-3.6,48.33653,0.0,-0.7,0.478
2024-01-15 08:00:00+00:00,-1.65,43.907673,0.0,-0.6,0.478
2024-01-15 09:00:00+00:00,0.1,42.03485,0.0,-0.45,0.477
2024-01-15 10:00:00+00:00,1.35,42.922096,0.0,-0.3,0.476
2024-01-15 11:00:00+00:00,2.1,45.044205,0.0,-0.15,0.476
2024-01-15 12:00:00+00:00,2.55,46.42155,0.0,0.0,0.475
2024-01-15 13:00:00+00:00,0.25,63.10139,0.0,1.0,0.474
2024-01-15 14:00:00+00:00,-2.2,76.63708,0.0,0.8,0.474
2024-01-15 15:00:00+00:00,-3.65,78.47173,0.0,0.55,0.474
2024-01-15 16:00:00+00:00,-3.05,83.18564,0.0,0.45,0.474
2024-01-15 17:00:00+00:00,-2.45,86.1356,0.0,0.4,0.474
2024-01-15 18:00:00+00:00,-2.15,79.9115,0.0,0.35,0.473
2024-01-15 19:00:00+00:00,-1.85,80.56206,0.0,0.35,0.473
2024-01-15 20:00:00+00:00,-1.85,81.78575,0.0,0.3,0.473
2024-01-15 21:00:00+00:00,-1.7,81.49915,0.0,0.3,0.473
2024-01-15 22:00:00+00:00,-1.75,81.185974,0.0,0.25,0.473
2024-01-15 23:00:00+00:00,-1.7,82.73393,0.1,0.25,0.473
2024-01-16 00:00:00+00:00,-1.6,83.05807,0.0,0.25,0.473
2024-01-16 01:00:00+00:00,-2.0,86.50733,0.2,0.25,0.473
2024-01-16 02:00:00+00:00,-1.7,85.89392,0.0,0.25,0.473
2024-01-16 03:00:00+00:00,-1.55,85.27044,0.0,0.2,0.473
2024-01-16 04:00:00+00:00,-1.25,84.670105,0.0,0.2,0.473
2024-01-16 05:00:00+00:00,-1.1,85.63953,0.0,0.2,0.473
2024-01-16 06:00:00+00:00,-0.25,83.2301,0.0,0.2,0.473
2024-01-16 07:00:00+00:00,0.45,80.89211,0.0,0.25,0.472
2024-01-16 08:00:00+00:00,1.55,79.28143,0.0,0.35,0.472
2024-01-16 09:00:00+00:00,1.95,79.34192,0.0,0.5,0.472
2024-01-16 10:00:00+00:00,2.05,81.11698,0.1,0.6,0.472
2024-01-16 11:00:00+00:00,2.1,83.220276,0.1,0.75,0.473
2024-01-16 12:00:00+00:00,1.8,87.21191,0.3,0.85,0.474
2024-01-16 13:00:00+00:00,2.05,90.12107,0.2,1.7,0.478
2024-01-16 14:00:00+00:00,1.85,93.41481,0.2,1.7,0.48
2024-01-16 15:00:00+00:00,1.3,97.166245,0.2,1.5,0.482
2024-01-16 16:00:00+00:00,1.2,97.51452,0.2,1.35,0.484
2024-01-16 17:00:00+00:00,1.15,97.86534,0.3,1.3,0.487
2024-01-16 18:00:00+00:00,1.1,97.86447,0.2,1.25,0.489
2024-01-16 19:00:00+00:00,1.0,98.21611,0.2,1.15,0.49
2024-01-16 20:00:00+00:00,0.9,98.92537,0.2,1.15,0.491
2024-01-16 21:00:00+00:00,0.65,99.280975,0.1,1.0,0.491
2024-01-16 22:00:00+00:00,0.7,98.56712,0.0,1.0,0.49
2024-01-16 23:00:00+00:00,0.85,98.21393,0.0,1.0,0.489
2024-01-17 00:00:00+00:00,0.9,97.86099,0.0,1.0,0.489
2024-01-17 01:00:00+00:00,1.0,96.809364,0.0,0.9,0.487
2024-01-17 02:00:00+00:00,1.0,97.51048,0.0,0.95,0.487
2024-01-17 03:00:00+00:00,0.95,97.50948,0.0,0.95,0.486
2024-01-17 04:00:00+00:00,0.95,97.15822,0.0,0.95,0.486
2024-01-17 05:00:00+00:00,1.2,96.81451,0.0,0.95,0.485
2024-01-17 06:00:00+00:00,1.85,95.10938,0.0,1.3,0.485
2024-01-17 07:00:00+00:00,2.65,93.790985,0.0,1.85,0.484
2024-01-17 08:00:00+00:00,3.55,90.5573,0.0,2.6,0.484
2024-01-17 09:00:00+00:00,4.1,89.63791,0.0,3.25,0.483
2024-01-17 10:00:00+00:00,4.15,90.28028,0.1,3.55,0.483
2024-01-17 11:00:00+00:00,4.3,91.57895,0.1,3.8,0.484
2024-01-17 12:00:00+00:00,4.6,90.9542,0.1,4.05,0.484
2024-01-17 13:00:00+00:00,4.25,93.8687,0.1,3.8,0.49
2024-01-17 14:00:00+00:00,3.6,99.29802,0.2,3.6,0.491
2024-01-17 15:00:00+00:00,3.15,100.0,0.1,3.3,0.491
2024-01-17 16:00:00+00:00,3.05,100.0,0.1,3.15,0.491
2024-01-17 17:00:00+00:00,2.85,100.0,0.0,3.0,0.49
2024-01-17 18:00:00+00:00,2.55,100.0,0.0,2.85,0.49
2024-01-17 19:00:00+00:00,2.35,100.0,0.0,2.75,0.489
2024-01-17 20:00:00+00:00,2.2,100.0,0.0,2.6,0.489
2024-01-17 21:00:00+00:00,2.35,98.23553,0.1,2.55,0.489
2024-01-17 22:00:00+00:00,2.35,97.88596,0.2,2.55,0.49
2024-01-17 23:00:00+00:00,2.35,97.190125,0.1,2.5,0.49
2024-01-18 00:00:00+00:00,2.35,95.8116,0.0,2.45,0.489
2024-01-18 01:00:00+00:00,2.05,94.43716,0.0,2.4,0.497
2024-01-18 02:00:00+00:00,1.9,94.43053,0.0,2.3,0.496
2024-01-18 03:00:00+00:00,1.55,95.44063,0.0,2.15,0.494
2024-01-18 04:00:00+00:00,1.15,97.1628,0.0,2.0,0.493
2024-01-18 05:00:00+00:00,1.35,95.77792,0.0,1.9,0.492
2024-01-18 06:00:00+00:00,1.65,95.78806,0.0,2.2,0.491
2024-01-18 07:00:00+00:00,2.05,95.11718,0.0,2.8,0.49
2024-01-18 08:00:00+00:00,3.15,87.65699,0.1,3.75,0.49
2024-01-18 09:00:00+00:00,4.05,82.569664,0.0,4.65,0.489
2024-01-18 10:00:00+00:00,4.4,80.56954,0.0,5.2,0.488
2024-01-18 11:00:00+00:00,5.1,77.00498,0.0,5.9,0.487
2024-01-18 12:00:00+00:00,5.3,75.670044,0.0,6.1,0.486
2024-01-18 13:00:00+00:00,4.0,75.71983,0.0,5.95,0.484
2024-01-18 14:00:00+00:00,3.75,77.341255,0.0,5.3,0.484
2024-01-18 15:00:00+00:00,2.2,87.25097,0.0,4.35,0.483
2024-01-18 16:00:00+00:00,2.15,85.37001,0.0,3.55,0.483
2024-01-18 17:00:00+00:00,1.3,87.480965,0.0,2.6,0.482
2024-01-18 18:00:00+00:00,0.45,90.32675,0.0,1.65,0.482
2024-01-18 19:00:00+00:00,-0.35,90.93221,0.0,0.9,0.482
2024-01-18 20:00:00+00:00,-0.95,89.55499,0.0,0.7,0.481
2024-01-18 21:00:00+00:00,-2.5,89.7627,0.0,0.55,0.481
2024-01-18 22:00:00+00:00,-2.05,86.17842,0.0,0.45,0.481
2024-01-18 23:00:00+00:00,-2.6,88.08572,0.0,0.4,0.48
2024-01-19 00:00:00+00:00,-3.1,91.07442,0.0,0.3,0.48
2024-01-19 01:00:00+00:00,-3.35,93.48613,0.0,0.85,0.48
2024-01-19 02:00:00+00:00,-3.7,95.60168,0.0,0.7,0.48
2024-01-19 03:00:00+00:00,-3.75,95.24109,0.0,0.65,0.479
2024-01-19 04:00:00+00:00,-3.7,96.32258,0.0,0.6,0.479
2024-01-19 05:00:00+00:00,-3.4,94.54264,0.0,0.55,0.479
2024-01-19 06:00:00+00:00,-2.6,92.48333,0.0,0.55,0.478
2024-01-19 07:00:00+00:00,-1.55,88.84219,0.0,0.7,0.478
2024-01-19 08:00:00+00:00,0.1,83.58282,0.0,1.15,0.477
2024-01-19 09:00:00+00:00,1.9,77.89231,0.0,2.75,0.476
2024-01-19 10:00:00+00:00,2.95,74.988106,0.0,3.9,0.475
2024-01-19 11:00:00+00:00,3.95,72.2175,0.0,4.85,0.474
2024-01-19 12:00:00+00:00,4.35,69.71042,0.0,5.35,0.473
2024-01-19 13:00:00+00:00,3.95,67.12135,0.0,5.2,0.473
2024-01-19 14:00:00+00:00,3.35,68.741,0.0,4.6,0.473
2024-01-19 15:00:00+00:00,2.8,75.23651,0.0,4.05,0.473
2024-01-19 16:00:00+00:00,2.35,80.863594,0.0,3.6,0.473
2024-01-19 17:00:00+00:00,2.1,75.39018,0.0,2.8,0.473
2024-01-19 18:00:00+00:00,1.85,77.03001,0.0,2.15,0.473
2024-01-19 19:00:00+00:00,1.7,78.435,0.0,1.65,0.473
2024-01-19 20:00:00+00:00,1.65,79.00582,0.0,1.5,0.473
2024-01-19 21:00:00+00:00,1.0,81.86895,0.0,1.2,0.472
2024-01-19 22:00:00+00:00,0.2,89.97762,0.0,1.2,0.472
2024-01-19 23:00:00+00:00,0.9,85.23076,0.0,1.4,0.472
2024-01-20 00:00:00+00:00,1.0,86.49874,0.0,1.5,0.472
2024-01-20 01:00:00+00:00,2.15,83.5298,0.0,3.1,0.475
2024-01-20 02:00:00+00:00,2.1,86.61162,0.0,2.95,0.475
2024-01-20 03:00:00+00:00,1.95,91.094315,0.0,2.8,0.475
2024-01-20 04:00:00+00:00,1.8,93.7491,0.0,2.65,0.474
2024-01-20 05:00:00+00:00,2.15,91.43679,0.0,2.6,0.474
2024-01-20 06:00:00+00:00,2.75,89.85158,0.0,2.85,0.474
2024-01-20 07:00:00+00:00,3.55,85.21754,0.0,3.25,0.474
2024-01-20 08:00:00+00:00,3.95,84.050064,0.0,3.6,0.473
2024-01-20 09:00:00+00:00,5.25,80.40245,0.0,4.45,0.473
2024-01-20 10:00:00+00:00,6.45,77.22409,0.0,5.5,0.472
2024-01-20 11:00:00+00:00,6.2,78.84451,0.0,5.6,0.472
2024-01-20 12:00:00+00:00,6.5,78.61141,0.0,5.85,0.471
2024-01-20 13:00:00+00:00,6.1,78.55021,0.0,5.85,0.475
2024-01-20 14:00:00+00:00,5.7,88.51334,0.1,5.6,0.475
2024-01-20 15:00:00+00:00,4.9,85.36637,0.1,4.75,0.476
2024-01-20 16:00:00+00:00,2.45,94.4548,0.1,4.05,0.476
2024-01-20 17:00:00+00:00,2.7,91.801765,0.1,3.65,0.476
2024-01-20 18:00:00+00:00,3.15,90.52801,0.1,3.55,0.476
2024-01-20 19:00:00+00:00,3.75,84.93491,0.1,3.5,0.477
2024-01-20 20:00:00+00:00,3.5,91.52646,0.0,3.5,0.477
2024-01-20 21:00:00+00:00,3.4,93.16304,0.1,3.5,0.477
2024-01-20 22:00:00+00:00,3.2,94.487625,0.1,3.45,0.477
2024-01-20 23:00:00+00:00,3.2,93.48455,0.1,3.4,0.478
2024-01-21 00:00:00+00:00,3.25,92.823906,0.0,3.4,0.477
2024-01-21 01:00:00+00:00,3.35,91.51656,0.1,4.1,0.477
2024-01-21 02:00:00+00:00,3.4,93.16304,0.2,3.9,0.478
2024-01-21 03:00:00+00:00,3.2,95.839874,0.2,3.7,0.479
2024-01-21 04:00:00+00:00,3.2,96.86528,0.3,3.6,0.481
2024-01-21 05:00:00+00:00,3.3,97.21148,0.4,3.5,0.484
2024-01-21 06:00:00+00:00,3.85,95.52338,0.3,3.8,0.486
2024-01-21 07:00:00+00:00,4.4,93.216385,0.5,4.25,0.49
2024-01-21 08:00:00+00:00,4.5,91.591995,0.6,4.5,0.496
2024-01-21 09:00:00+00:00,4.8,91.28933,0.5,4.7,0.499
2024-01-21 10:00:00+00:00,5.25,90.36217,0.4,5.15,0.5
2024-01-21 11:00:00+00:00,5.4,90.056465,0.3,5.35,0.5
2024-01-21 12:00:00+00:00,5.45,89.42984,0.3,5.4,0.501
2024-01-21 13:00:00+00:00,5.15,90.03738,0.1,5.3,0.492
2024-01-21 14:00:00+00:00,4.7,96.902565,0.2,5.05,0.493
2024-01-21 15:00:00+00:00,4.3,100.0,0.2,4.75,0.493
2024-01-21 16:00:00+00:00,4.25,99.65031,0.2,4.55,0.494
2024-01-21 17:00:00+00:00,4.2,99.3014,0.2,4.45,0.495
2024-01-21 18:00:00+00:00,4.0,100.0,0.2,4.3,0.496
2024-01-21 19:00:00+00:00,3.85,100.0,0.7,4.2,0.501
2024-01-21 20:00:00+00:00,3.7,100.0,1.8,4.15,0.514
2024-01-21 21:00:00+00:00,3.6,100.0,1.4,4.1,0.517
2024-01-21 22:00:00+00:00,3.15,100.0,1.5,3.95,0.517
2024-01-21 23:00:00+00:00,2.9,98.59247,1.6,3.8,0.518
2024-01-22 00:00:00+00:00,2.5,98.23766,1.6,3.65,0.518
2024-01-22 01:00:00+00:00,3.15,98.59531,0.7,4.4,0.514
2024-01-22 02:00:00+00:00,3.05,98.24547,0.9,4.15,0.515
2024-01-22 03:00:00+00:00,2.9,97.8953,0.6,3.9,0.514
2024-01-22 04:00:00+00:00,2.65,98.2398,0.5,3.75,0.513
2024-01-22 05:00:00+00:00,2.55,97.889366,0.4,3.6,0.512
2024-01-22 06:00:00+00:00,2.8,96.168396,0.2,3.65,0.51
2024-01-22 07:00:00+00:00,3.4,92.83232,0.1,3.95,0.507
2024-01-22 08:00:00+00:00,4.4,89.02851,0.0,4.65,0.505
2024-01-22 09:00:00+00:00,5.2,85.097374,0.0,5.2,0.503
2024-01-22 10:00:00+00:00,5.65,82.18973,0.1,5.5,0.502
2024-01-22 11:00:00+00:00,5.85,80.773285,0.2,5.65,0.502
2024-01-22 12:00:00+00:00,6.1,77.99454,0.3,5.85,0.502
2024-01-22 13:00:00+00:00,5.2,82.13092,0.1,5.4,0.502
2024-01-22 14:00:00+00:00,4.7,90.96118,0.0,5.1,0.501
2024-01-22 15:00:00+00:00,4.4,94.87293,0.0,4.85,0.5
2024-01-22 16:00:00+00:00,4.3,96.55276,0.0,4.65,0.498
2024-01-22 17:00:00+00:00,4.0,97.569885,0.3,4.45,0.499
2024-01-22 18:00:00+00:00,4.0,97.569885,0.1,4.25,0.499
2024-01-22 19:00:00+00:00,3.7,97.90879,0.6,4.05,0.504
2024-01-22 20:00:00+00:00,3.7,98.254616,0.5,4.0,0.507
2024-01-22 21:00:00+00:00,3.4,98.94696,0.8,3.9,0.512
2024-01-22 22:00:00+00:00,3.35,98.94654,0.2,3.8,0.51
2024-01-22 23:00:00+00:00,3.25,99.64747,0.0,3.75,0.507
2024-01-23 00:00:00+00:00,3.25,98.24828,0.0,3.75,0.505
2024-01-23 01:00:00+00:00,2.85,99.646324,0.4,4.15,0.506
2024-01-23 02:00:00+00:00,2.95,95.83157,0.0,3.9,0.504
2024-01-23 03:00:00+00:00,3.0,95.15393,0.0,3.75,0.502
2024-01-23 04:00:00+00:00,3.0,96.86025,0.0,3.6,0.501
2024-01-23 05:00:00+00:00,2.85,96.85648,0.4,3.55,0.504
2024-01-23 06:00:00+00:00,3.0,97.896996,0.4,3.7,0.506
2024-01-23 07:00:00+00:00,3.25,96.18213,0.5,4.1,0.508
2024-01-23 08:00:00+00:00,3.65,92.189285,0.1,4.45,0.506
2024-01-23 09:00:00+00:00,4.65,87.79707,0.0,5.25,0.504
2024-01-23 10:00:00+00:00,4.95,87.205795,0.0,5.5,0.502
2024-01-23 11:00:00+00:00,5.05,87.215454,0.0,5.6,0.501
2024-01-23 12:00:00+00:00,5.45,86.64099,0.1,5.85,0.499
2024-01-23 13:00:00+00:00,4.35,89.024315,0.3,5.9,0.503
2024-01-23 14:00:00+00:00,3.8,93.184456,1.0,5.3,0.511
2024-01-23 15:00:00+00:00,3.5,95.17312,0.8,4.85,0.514
2024-01-23 16:00:00+00:00,2.75,96.509865,1.9,4.45,0.519
2024-01-23 17:00:00+00:00,2.1,98.93582,2.9,4.05,0.511
2024-01-23 18:00:00+00:00,1.75,99.28741,2.9,3.7,0.518
2024-01-23 19:00:00+00:00,1.25,100.0,3.0,3.3,0.517
2024-01-23 20:00:00+00:00,0.95,100.0,2.4,2.95,0.515
2024-01-23 21:00:00+00:00,0.35,100.0,2.7,2.65,0.513
2024-01-23 22:00:00+00:00,0.4,99.63918,2.1,2.4,0.511
2024-01-23 23:00:00+00:00,0.4,99.27951,1.6,2.2,0.509
2024-01-24 00:00:00+00:00,0.35,98.56302,1.2,2.05,0.507
2024-01-24 01:00:00+00:00,0.0,97.8453,0.8,2.05,0.507
2024-01-24 02:00:00+00:00,0.3,99.27891,0.7,1.9,0.505
2024-01-24 03:00:00+00:00,0.4,98.563614,0.8,1.75,0.504
2024-01-24 04:00:00+00:00,0.2,99.63857,0.7,1.6,0.502
2024-01-24 05:00:00+00:00,-0.9,98.54825,0.4,1.45,0.5
2024-01-24 06:00:00+00:00,0.0,93.31743,0.1,1.75,0.499
2024-01-24 07:00:00+00:00,0.2,87.69624,0.0,2.15,0.498
2024-01-24 08:00:00+00:00,0.85,62.057407,0.0,2.75,0.499
2024-01-24 09:00:00+00:00,0.75,76.847046,0.0,3.15,0.501
2024-01-24 10:00:00+00:00,0.95,73.802216,0.0,3.4,0.502
2024-01-24 11:00:00+00:00,1.3,71.96935,0.0,3.75,0.503
2024-01-24 12:00:00+00:00,1.3,74.69375,0.0,4.0,0.504
2024-01-24 13:00:00+00:00,1.5,65.833145,0.0,3.65,0.503
2024-01-24 14:00:00+00:00,0.3,72.31357,0.0,3.0,0.502
2024-01-24 15:00:00+00:00,-1.1,75.3881,0.0,2.15,0.501
2024-01-24 16:00:00+00:00,-0.95,74.5656,0.0,1.6,0.499
2024-01-24 17:00:00+00:00,-2.1,73.508415,0.0,0.9,0.498
2024-01-24 18:00:00+00:00,-0.85,66.29922,0.0,0.6,0.497
2024-01-24 19:00:00+00:00,-2.2,71.821495,0.0,0.4,0.496
2024-01-24 20:00:00+00:00,-3.1,74.45512,0.0,0.25,0.495
2024-01-24 21:00:00+00:00,-3.95,78.122314,0.0,0.1,0.494
2024-01-24 22:00:00+00:00,-4.85,82.63328,0.0,-0.05,0.493
2024-01-24 23:00:00+00:00,-5.1,83.24046,0.0,-0.15,0.493
2024-01-25 00:00:00+00:00,-5.3,83.214645,0.0,-0.3,0.492
2024-01-25 01:00:00+00:00,-5.95,85.0901,0.0,-0.4,0.492
2024-01-25 02:00:00+00:00,-6.0,86.07988,0.0,-0.5,0.491
2024-01-25 03:00:00+00:00,-6.05,86.07441,0.0,-0.55,0.49
2024-01-25 04:00:00+00:00,-6.25,86.72321,0.0,-0.65,0.49
2024-01-25 05:00:00+00:00,-6.35,87.72826,0.0,-0.75,0.489
2024-01-25 06:00:00+00:00,-5.5,83.18875,0.0,-0.75,0.489
2024-01-25 07:00:00+00:00,-4.2,80.83571,0.0,-0.7,0.488
2024-01-25 08:00:00+00:00,-2.5,70.395195,0.0,-0.55,0.488
2024-01-25 09:00:00+00:00,-1.05,66.25365,0.0,-0.4,0.487
2024-01-25 10:00:00+00:00,1.15,50.124554,0.0,-0.2,0.487
2024-01-25 11:00:00+00:00,2.05,48.1031,0.0,0.0,0.486
2024-01-25 12:00:00+00:00,2.45,54.71751,0.0,0.15,0.485
2024-01-25 13:00:00+00:00,-0.35,70.83672,0.0,0.1,0.485
2024-01-25 14:00:00+00:00,-1.45,78.81971,0.0,0.1,0.485
2024-01-25 15:00:00+00:00,-2.3,82.34379,0.0,0.05,0.484
2024-01-25 16:00:00+00:00,-2.25,85.51194,0.0,0.05,0.484
2024-01-25 17:00:00+00:00,-2.0,88.14149,0.0,0.05,0.484
2024-01-25 18:00:00+00:00,-2.1,85.850334,0.0,0.0,0.484
2024-01-25 19:00:00+00:00,-1.7,88.49863,0.0,0.0,0.484
2024-01-25 20:00:00+00:00,-1.7,88.49863,0.0,0.0,0.483
2024-01-25 21:00:00+00:00,-1.85,91.84326,0.1,0.0,0.483
2024-01-25 22:00:00+00:00,-1.7,92.194565,0.1,-0.05,0.483
2024-01-25 23:00:00+00:00,-1.7,93.572136,0.1,-0.05,0.483
2024-01-26 00:00:00+00:00,-1.75,93.223335,0.0,-0.05,0.483
2024-01-26 01:00:00+00:00,-1.9,92.1821,0.2,-0.05,0.483
2024-01-26 02:00:00+00:00,-1.75,89.82308,0.1,-0.05,0.483
2024-01-26 03:00:00+00:00,-1.9,89.81105,0.1,-0.1,0.483
2024-01-26 04:00:00+00:00,-2.0,89.80301,0.0,-0.1,0.482
2024-01-26 05:00:00+00:00,-2.15,89.122284,0.1,-0.1,0.482
2024-01-26 06:00:00+00:00,-1.45,81.533844,0.1,-0.1,0.482
2024-01-26 07:00:00+00:00,-0.65,77.18862,0.1,-0.05,0.482
2024-01-26 08:00:00+00:00,-0.1,76.41793,0.3,0.0,0.481
2024-01-26 09:00:00+00:00,0.1,75.59977,0.4,0.1,0.481
2024-01-26 10:00:00+00:00,-0.05,77.867134,0.3,0.15,0.481
2024-01-26 11:00:00+00:00,0.15,75.608536,0.2,0.25,0.48
2024-01-26 12:00:00+00:00,-0.25,82.308464,0.6,0.3,0.48
2024-01-26 13:00:00+00:00,-0.7,90.23911,1.3,0.4,0.48
2024-01-26 14:00:00+00:00,-0.9,95.00035,1.3,0.4,0.48
2024-01-26 15:00:00+00:00,-1.1,97.82586,1.6,0.4,0.48
2024-01-26 16:00:00+00:00,-1.15,98.90719,1.9,0.4,0.48
2024-01-26 17:00:00+00:00,-1.4,100.0,2.5,0.4,0.48
2024-01-26 18:00:00+00:00,-1.65,100.0,3.4,0.4,0.479
2024-01-26 19:00:00+00:00,-1.7,98.90222,2.8,0.45,0.479
2024-01-26 20:00:00+00:00,-1.8,98.537476,2.4,0.45,0.479
2024-01-26 21:00:00+00:00,-2.05,98.89905,2.1,0.45,0.479
2024-01-26 22:00:00+00:00,-2.05,98.53446,1.3,0.45,0.479
2024-01-26 23:00:00+00:00,-2.7,97.79711,0.5,0.5,0.479
2024-01-27 00:00:00+00:00,-2.8,96.70923,2.5,0.5,0.479
2024-01-27 01:00:00+00:00,-3.5,94.89391,2.1,0.55,0.478
2024-01-27 02:00:00+00:00,-3.55,94.89182,2.2,0.55,0.478
2024-01-27 03:00:00+00:00,-3.45,94.540436,2.6,0.55,0.478
2024-01-27 04:00:00+00:00,-3.4,92.783264,2.1,0.55,0.478
2024-01-27 05:00:00+00:00,-3.6,93.82538,1.3,0.6,0.478
2024-01-27 06:00:00+00:00,-2.85,92.46824,0.6,0.6,0.478
2024-01-27 07:00:00+00:00,-2.15,88.78962,0.7,0.6,0.478
2024-01-27 08:00:00+00:00,-0.95,82.2152,0.1,0.6,0.477
2024-01-27 09:00:00+00:00,-0.4,79.57506,0.5,0.65,0.477
2024-01-27 10:00:00+00:00,-0.15,75.27326,1.1,0.65,0.477
2024-01-27 11:00:00+00:00,-0.35,79.286156,1.8,0.7,0.477
2024-01-27 12:00:00+00:00,-0.95,78.89767,1.2,0.7,0.477
2024-01-27 13:00:00+00:00,-1.05,87.90229,0.2,0.7,0.477
2024-01-27 14:00:00+00:00,-2.25,88.78082,0.7,0.75,0.477
2024-01-27 15:00:00+00:00,-2.65,92.48031,0.6,0.75,0.476
2024-01-27 16:00:00+00:00,-2.0,88.14149,0.4,0.8,0.476
2024-01-27 17:00:00+00:00,-4.45,90.97759,0.0,0.8,0.476
2024-01-27 18:00:00+00:00,-3.25,82.21617,0.0,0.85,0.476
2024-01-27 19:00:00+00:00,-3.9,81.50147,0.0,0.85,0.476
2024-01-27 20:00:00+00:00,-5.0,84.872856,0.0,0.9,0.476
2024-01-27 21:00:00+00:00,-5.75,86.10718,0.0,0.95,0.476
2024-01-27 22:00:00+00:00,-6.8,90.80529,0.0,0.95,0.476
2024-01-27 23:00:00+00:00,-7.95,96.56586,0.0,1.0,0.476
2024-01-28 00:00:00+00:00,-8.55,95.79614,0.0,1.05,0.475
2024-01-28 01:00:00+00:00,-8.55,93.93789,0.0,1.1,0.475
2024-01-28 02:00:00+00:00,-9.3,91.69956,0.0,1.1,0.475
2024-01-28 03:00:00+00:00,-9.75,87.39043,0.0,1.1,0.475
2024-01-28 04:00:00+00:00,-9.85,85.307106,0.0,1.1,0.475
2024-01-28 05:00:00+00:00,-10.0,85.97647,0.0,1.1,0.475
2024-01-28 06:00:00+00:00,-9.55,84.32425,0.0,1.1,0.475
2024-01-28 07:00:00+00:00,-8.8,80.47342,0.0,1.1,0.475
2024-01-28 08:00:00+00:00,-6.95,74.61383,0.0,1.05,0.475
2024-01-28 09:00:00+00:00,-5.95,73.63075,0.0,1.05,0.474
2024-01-28 10:00:00+00:00,-4.9,72.11902,0.0,1.05,0.474
2024-01-28 11:00:00+00:00,-4.05,70.61964,0.0,1.05,0.474
2024-01-28 12:00:00+00:00,-3.75,72.91036,0.0,1.05,0.474
2024-01-28 13:00:00+00:00,-4.6,77.11478,0.0,1.2,0.475
2024-01-28 14:00:00+00:00,-4.55,72.188805,0.0,1.2,0.475
2024-01-28 15:00:00+00:00,-5.5,76.36242,0.0,1.25,0.475
2024-01-28 16:00:00+00:00,-5.9,78.107376,0.0,1.25,0.475
2024-01-28 17:00:00+00:00,-6.6,80.48347,0.0,1.25,0.475
2024-01-28 18:00:00+00:00,-7.3,82.30281,0.0,1.3,0.474
2024-01-28 19:00:00+00:00,-7.75,82.89352,0.0,1.3,0.474
2024-01-28 20:00:00+00:00,-8.3,83.14939,0.0,1.3,0.474
2024-01-28 21:00:00+00:00,-8.8,82.75318,0.0,1.3,0.474
2024-01-28 22:00:00+00:00,-9.3,81.04591,0.0,1.3,0.474
2024-01-28 23:00:00+00:00,-10.0,81.92805,0.0,1.3,0.474
2024-01-29 00:00:00+00:00,-10.7,84.86401,0.0,1.3,0.474
2024-01-29 01:00:00+00:00,-9.9,90.21039,0.0,1.3,0.478
2024-01-29 02:00:00+00:00,-9.7,89.15535,0.0,1.3,0.478
2024-01-29 03:00:00+00:00,-9.4,85.70083,0.1,1.25,0.478
2024-01-29 04:00:00+00:00,-9.2,83.362976,0.1,1.25,0.477
2024-01-29 05:00:00+00:00,-8.8,81.118996,0.1,1.25,0.477
2024-01-29 06:00:00+00:00,-8.4,83.79858,0.2,1.25,0.477
2024-01-29 07:00:00+00:00,-7.3,80.69681,0.3,1.25,0.477
2024-01-29 08:00:00+00:00,-6.25,80.53541,0.4,1.25,0.476
2024-01-29 09:00:00+00:00,-5.45,81.915535,0.4,1.25,0.476
2024-01-29 10:00:00+00:00,-4.6,82.348976,0.5,1.25,0.476
2024-01-29 11:00:00+00:00,-4.25,83.3496,0.5,1.25,0.476
2024-01-29 12:00:00+00:00,-4.05,84.659935,0.4,1.25,0.475
2024-01-29 13:00:00+00:00,-3.3,74.993256,0.0,1.25,0.472
2024-01-29 14:00:00+00:00,-4.45,84.93727,0.0,1.25,0.472
2024-01-29 15:00:00+00:00,-4.7,82.65321,0.0,1.3,0.471
2024-01-29 16:00:00+00:00,-5.65,84.7962,0.0,1.3,0.471
2024-01-29 17:00:00+00:00,-6.55,86.691734,0.0,1.35,0.471
2024-01-29 18:00:00+00:00,-7.3,91.122185,0.0,1.35,0.471
2024-01-29 19:00:00+00:00,-7.95,96.19085,0.0,1.35,0.471
2024-01-29 20:00:00+00:00,-9.15,96.91116,0.0,1.4,0.471
2024-01-29 21:00:00+00:00,-11.95,94.90578,0.0,1.4,0.471
2024-01-29 22:00:00+00:00,-10.65,92.713,0.0,1.4,0.471
2024-01-29 23:00:00+00:00,-10.85,92.330246,0.0,1.4,0.471
2024-01-30 00:00:00+00:00,-11.1,91.944275,0.0,1.4,0.471
2024-01-30 01:00:00+00:00,-13.55,90.28255,0.0,1.45,0.471
2024-01-30 02:00:00+00:00,-13.55,90.65443,0.0,1.45,0.471
2024-01-30 03:00:00+00:00,-13.0,90.32677,0.0,1.4,0.47
2024-01-30 04:00:00+00:00,-12.9,89.966125,0.0,1.4,0.47
2024-01-30 05:00:00+00:00,-12.25,91.12409,0.0,1.4,0.47
2024-01-30 06:00:00+00:00,-11.6,91.5406,0.0,1.4,0.47
2024-01-30 07:00:00+00:00,-10.65,92.713,0.0,1.4,0.47
2024-01-30 08:00:00+00:00,-9.35,89.18607,0.0,1.4,0.47
2024-01-30 09:00:00+00:00,-7.65,78.438385,0.0,1.4,0.47
2024-01-30 10:00:00+00:00,-6.35,73.26357,0.0,1.4,0.47
2024-01-30 11:00:00+00:00,-5.5,70.03956,0.0,1.4,0.47
2024-01-30 12:00:00+00:00,-5.2,70.103096,0.0,1.4,0.47
2024-01-30 13:00:00+00:00,-4.95,76.45821,0.0,1.45,0.469
2024-01-30 14:00:00+00:00,-7.55,80.02422,0.0,1.45,0.469
2024-01-30 15:00:00+00:00,-7.95,77.76773,0.0,1.5,0.469
2024-01-30 16:00:00+00:00,-6.1,71.59403,0.0,1.5,0.469
2024-01-30 17:00:00+00:00,-6.9,73.74001,0.0,1.5,0.469
2024-01-30 18:00:00+00:00,-7.55,79.07918,0.0,1.5,0.469
2024-01-30 19:00:00+00:00,-8.5,85.80263,0.0,1.55,0.469
2024-01-30 20:00:00+00:00,-9.75,93.13587,0.0,1.55,0.469
2024-01-30 21:00:00+00:00,-10.55,95.344574,0.0,1.5,0.469
2024-01-30 22:00:00+00:00,-12.85,94.866875,0.0,1.5,0.469
2024-01-30 23:00:00+00:00,-12.55,94.113304,0.0,1.5,0.469
2024-01-31 00:00:00+00:00,-12.85,93.33549,0.0,1.5,0.469
2024-01-31 01:00:00+00:00,-15.05,89.78554,0.0,1.45,0.467
2024-01-31 02:00:00+00:00,-14.55,90.2014,0.0,1.45,0.467
2024-01-31 03:00:00+00:00,-14.35,89.84488,0.0,1.4,0.467
2024-01-31 04:00:00+00:00,-14.95,89.794044,0.0,1.4,0.467
2024-01-31 05:00:00+00:00,-14.8,89.06261,0.0,1.35,0.467
2024-01-31 06:00:00+00:00,-12.8,91.45588,0.0,1.35,0.467
2024-01-31 07:00:00+00:00,-11.25,91.934235,0.0,1.35,0.467
2024-01-31 08:00:00+00:00,-9.55,82.984,0.0,1.3,0.467
2024-01-31 09:00:00+00:00,-8.2,76.493576,0.0,1.3,0.467
2024-01-31 10:00:00+00:00,-7.2,70.236206,0.0,1.3,0.467
2024-01-31 11:00:00+00:00,-6.25,65.56192,0.0,1.3,0.467
2024-01-31 12:00:00+00:00,-5.5,60.694603,0.0,1.3,0.466
2024-01-31 13:00:00+00:00,-5.95,73.63075,0.0,1.35,0.471
2024-01-31 14:00:00+00:00,-8.1,76.51117,0.0,1.35,0.471
2024-01-31 15:00:00+00:00,-7.0,72.268745,0.0,1.4,0.47
2024-01-31 16:00:00+00:00,-7.45,70.18302,0.0,1.4,0.47
2024-01-31 17:00:00+00:00,-8.2,70.305855,0.0,1.4,0.47
2024-01-31 18:00:00+00:00,-9.05,71.562325,0.0,1.4,0.47
2024-01-31 19:00:00+00:00,-10.05,75.24167,0.0,1.4,0.47
2024-01-31 20:00:00+00:00,-10.8,79.19699,0.0,1.4,0.47
2024-01-31 21:00:00+00:00,-11.6,86.145065,0.0,1.4,0.469
2024-01-31 22:00:00+00:00,-12.15,93.75313,0.0,1.4,0.469
2024-01-31 23:00:00+00:00,-12.4,91.484245,0.0,1.35,0.469
2024-02-01 00:00:00+00:00,-12.95,91.07236,0.0,1.35,0.469
2024-02-01 01:00:00+00:00,-15.1,90.53283,0.0,1.3,0.469
2024-02-01 02:00:00+00:00,-14.65,90.19323,0.0,1.25,0.469
2024-02-01 03:00:00+00:00,-14.6,89.823746,0.0,1.25,0.469
2024-02-01 04:00:00+00:00,-15.55,88.62211,0.0,1.2,0.469
2024-02-01 05:00:00+00:00,-15.25,88.65036,0.0,1.2,0.468
2024-02-01 06:00:00+00:00,-13.05,90.322754,0.0,1.15,0.468
2024-02-01 07:00:00+00:00,-11.5,91.547585,0.0,1.15,0.468
2024-02-01 08:00:00+00:00,-9.4,83.67099,0.0,1.15,0.468
2024-02-01 09:00:00+00:00,-7.75,74.76196,0.0,1.15,0.468
2024-02-01 10:00:00+00:00,-6.35,70.41608,0.0,1.15,0.468
2024-02-01 11:00:00+00:00,-5.35,68.43135,0.0,1.15,0.468
2024-02-01 12:00:00+00:00,-4.65,67.781235,0.0,1.15,0.467
2024-02-01 13:00:00+00:00,-5.8,75.41717,0.0,1.15,0.471
2024-02-01 14:00:00+00:00,-8.4,83.46681,0.0,1.15,0.471
2024-02-01 15:00:00+00:00,-7.8,78.41394,0.0,1.15,0.471
2024-02-01 16:00:00+00:00,-6.9,73.74001,0.0,1.2,0.47
2024-02-01 17:00:00+00:00,-7.4,73.643845,0.0,1.2,0.47
2024-02-01 18:00:00+00:00,-7.7,77.19322,0.0,1.2,0.47
2024-02-01 19:00:00+00:00,-8.25,81.19892,0.0,1.25,0.47
2024-02-01 20:00:00+00:00,-9.25,86.40344,0.0,1.25,0.47
2024-02-01 21:00:00+00:00,-10.3,92.365105,0.0,1.2,0.469
2024-02-01 22:00:00+00:00,-10.9,93.818214,0.0,1.2,0.469
2024-02-01 23:00:00+00:00,-11.7,92.27591,0.0,1.2,0.469
2024-02-02 00:00:00+00:00,-13.0,92.94723,0.0,1.15,0.469
2024-02-02 01:00:00+00:00,-14.0,91.36987,0.0,1.15,0.466
2024-02-02 02:00:00+00:00,-13.4,91.41302,0.0,1.1,0.466
2024-02-02 03:00:00+00:00,-14.5,90.58016,0.0,1.1,0.466
2024-02-02 04:00:00+00:00,-14.6,89.451546,0.0,1.1,0.466
2024-02-02 05:00:00+00:00,-14.2,89.116806,0.0,1.05,0.466
2024-02-02 06:00:00+00:00,-12.6,91.09829,0.0,1.05,0.466
2024-02-02 07:00:00+00:00,-11.15,91.57204,0.0,1.0,0.466
2024-02-02 08:00:00+00:00,-9.3,89.54511,0.0,1.0,0.466
2024-02-02 09:00:00+00:00,-7.7,78.43023,0.0,1.0,0.466
2024-02-02 10:00:00+00:00,-6.2,72.428604,0.0,1.0,0.465
2024-02-02 11:00:00+00:00,-5.15,69.29025,0.0,1.05,0.465
2024-02-02 12:00:00+00:00,-4.5,67.548775,0.0,1.05,0.465
2024-02-02 13:00:00+00:00,-4.85,74.709724,0.0,1.0,0.465
2024-02-02 14:00:00+00:00,-7.6,80.97202,0.0,1.05,0.465
2024-02-02 15:00:00+00:00,-6.4,78.02521,0.0,1.05,0.465
2024-02-02 16:00:00+00:00,-6.8,77.34641,0.0,1.1,0.465
2024-02-02 17:00:00+00:00,-7.35,77.55989,0.0,1.1,0.465
2024-02-02 18:00:00+00:00,-7.85,77.16757,0.0,1.1,0.465
2024-02-02 19:00:00+00:00,-8.5,77.98675,0.0,1.1,0.465
2024-02-02 20:00:00+00:00,-9.25,78.80695,0.0,1.1,0.465
2024-02-02 21:00:00+00:00,-9.85,78.07566,0.0,1.1,0.465
2024-02-02 22:00:00+00:00,-10.35,76.11118,0.0,1.1,0.464
2024-02-02 23:00:00+00:00,-11.05,75.36415,0.0,1.1,0.464
2024-02-03 00:00:00+00:00,-11.5,72.23653,0.0,1.05,0.464
2024-02-03 01:00:00+00:00,-13.4,73.67771,0.0,1.05,0.464
2024-02-03 02:00:00+00:00,-14.15,75.09644,0.0,1.0,0.464
2024-02-03 03:00:00+00:00,-14.35,77.30621,0.0,1.0,0.464
2024-02-03 04:00:00+00:00,-14.4,78.27934,0.0,0.95,0.464
2024-02-03 05:00:00+00:00,-14.5,77.60621,0.0,0.95,0.464
2024-02-03 06:00:00+00:00,-13.4,74.92353,0.0,0.95,0.464
2024-02-03 07:00:00+00:00,-11.2,71.113434,0.0,0.9,0.464
2024-02-03 08:00:00+00:00,-9.55,75.639725,0.0,0.9,0.464
2024-02-03 09:00:00+00:00,-7.85,76.25038,0.0,0.9,0.464
2024-02-03 10:00:00+00:00,-6.05,77.47296,0.0,0.9,0.464
2024-02-03 11:00:00+00:00,-4.7,77.09783,0.0,0.85,0.463
2024-02-03 12:00:00+00:00,-4.05,75.73068,0.0,0.85,0.463
2024-02-03 13:00:00+00:00,-5.7,84.13592,0.0,0.9,0.463
2024-02-03 14:00:00+00:00,-6.25,87.0603,0.0,0.9,0.463
2024-02-03 15:00:00+00:00,-6.6,87.36356,0.0,0.9,0.463
2024-02-03 16:00:00+00:00,-6.4,85.70207,0.0,0.95,0.463
2024-02-03 17:00:00+00:00,-6.05,83.76648,0.0,0.95,0.463
2024-02-03 18:00:00+00:00,-5.95,83.45411,0.0,0.95,0.463
2024-02-03 19:00:00+00:00,-5.6,81.89478,0.0,0.95,0.463
2024-02-03 20:00:00+00:00,-6.1,86.738914,0.1,1.0,0.463
2024-02-03 21:00:00+00:00,-5.9,86.7598,0.2,1.0,0.463
2024-02-03 22:00:00+00:00,-5.75,87.7865,0.1,1.05,0.463
2024-02-03 23:00:00+00:00,-5.75,88.46635,0.1,1.05,0.463
2024-02-04 00:00:00+00:00,-5.5,89.17248,0.2,1.05,0.463
2024-02-04 01:00:00+00:00,-5.7,89.84417,0.2,1.1,0.463
2024-02-04 02:00:00+00:00,-5.65,90.890205,0.4,1.1,0.463
2024-02-04 03:00:00+00:00,-5.75,90.882866,0.4,1.1,0.463
2024-02-04 04:00:00+00:00,-5.65,90.19438,0.3,1.15,0.462
2024-02-04 05:00:00+00:00,-5.3,90.221855,0.2,1.15,0.462
2024-02-04 06:00:00+00:00,-4.0,85.64065,0.2,1.15,0.462
2024-02-04 07:00:00+00:00,-2.85,84.48109,0.1,1.15,0.462
2024-02-04 08:00:00+00:00,-1.7,83.98531,0.0,1.2,0.462
2024-02-04 09:00:00+00:00,-0.8,82.85095,0.0,1.2,0.462
2024-02-04 10:00:00+00:00,-0.4,82.90257,0.0,1.2,0.462
2024-02-04 11:00:00+00:00,-0.1,82.941154,0.0,1.25,0.462
2024-02-04 12:00:00+00:00,0.6,80.61484,0.0,1.25,0.462
2024-02-04 13:00:00+00:00,0.25,73.672005,0.0,1.25,0.462
2024-02-04 14:00:00+00:00,-0.15,78.72747,0.0,1.3,0.462
2024-02-04 15:00:00+00:00,-0.85,75.43241,0.0,1.3,0.462
2024-02-04 16:00:00+00:00,-2.2,82.357124,0.0,1.3,0.462
2024-02-04 17:00:00+00:00,-5.3,87.49284,0.0,1.3,0.462
2024-02-04 18:00:00+00:00,-5.5,85.80257,0.0,1.3,0.462
2024-02-04 19:00:00+00:00,-3.7,77.564224,0.0,1.3,0.462
2024-02-04 20:00:00+00:00,-4.05,78.407585,0.0,1.35,0.461
2024-02-04 21:00:00+00:00,-4.2,78.68633,0.0,1.35,0.461
2024-02-04 22:00:00+00:00,-4.15,78.69428,0.0,1.35,0.461
2024-02-04 23:00:00+00:00,-4.55,82.039406,0.0,1.35,0.461
2024-02-05 00:00:00+00:00,-4.55,85.90753,0.0,1.35,0.461
2024-02-05 01:00:00+00:00,-2.7,82.60257,0.0,1.4,0.461
2024-02-05 02:00:00+00:00,-3.05,84.77781,0.0,1.45,0.461
2024-02-05 03:00:00+00:00,-3.05,85.42222,0.1,1.45,0.461
2024-02-05 04:00:00+00:00,-3.25,87.36192,0.1,1.5,0.461
2024-02-05 05:00:00+00:00,-3.25,88.02486,0.1,1.5,0.461
2024-02-05 06:00:00+00:00,-2.0,86.50733,0.1,1.45,0.461
2024-02-05 07:00:00+00:00,-0.95,86.295204,0.2,1.45,0.461
2024-02-05 08:00:00+00:00,-0.4,87.31596,0.3,1.45,0.461
2024-02-05 09:00:00+00:00,0.3,87.38429,0.3,1.45,0.461
2024-02-05 10:00:00+00:00,0.35,88.6808,0.2,1.45,0.461
2024-02-05 11:00:00+00:00,0.85,86.48324,0.1,1.45,0.461
2024-02-05 12:00:00+00:00,1.0,85.24197,0.0,1.5,0.461
2024-02-05 13:00:00+00:00,0.35,89.332954,0.1,1.6,0.462
2024-02-05 14:00:00+00:00,0.05,92.979744,0.2,1.6,0.463
2024-02-05 15:00:00+00:00,-0.4,96.77301,0.3,1.65,0.463
2024-02-05 16:00:00+00:00,-0.65,97.83385,0.1,1.65,0.463
2024-02-05 17:00:00+00:00,-1.0,99.634995,0.0,1.65,0.463
2024-02-05 18:00:00+00:00,-3.3,97.058,0.0,1.65,0.463
2024-02-05 19:00:00+00:00,-1.85,91.50243,0.0,1.7,0.463
2024-02-05 20:00:00+00:00,-2.05,89.46436,0.0,1.7,0.463
2024-02-05 21:00:00+00:00,-2.25,89.11373,0.0,1.7,0.463
2024-02-05 22:00:00+00:00,-2.45,86.46022,0.0,1.7,0.463
2024-02-05 23:00:00+00:00,-2.8,85.12816,0.0,1.7,0.463
2024-02-06 00:00:00+00:00,-3.05,84.457214,0.0,1.75,0.463
2024-02-06 01:00:00+00:00,-3.3,85.070694,0.0,1.75,0.465
2024-02-06 02:00:00+00:00,-3.35,85.71288,0.0,1.75,0.465
2024-02-06 03:00:00+00:00,-2.9,86.08718,0.0,1.75,0.465
2024-02-06 04:00:00+00:00,-2.15,84.5642,0.0,1.75,0.465
2024-02-06 05:00:00+00:00,-3.15,86.38643,0.0,1.75,0.464
2024-02-06 06:00:00+00:00,-1.45,86.2423,0.0,1.75,0.464
2024-02-06 07:00:00+00:00,0.3,74.23484,0.0,1.8,0.464
2024-02-06 08:00:00+00:00,1.0,77.17413,0.0,1.8,0.464
2024-02-06 09:00:00+00:00,1.75,78.15509,0.0,1.8,0.476
2024-02-06 10:00:00+00:00,2.3,76.82214,0.0,1.8,0.49
2024-02-06 11:00:00+00:00,2.1,81.42053,0.0,1.8,0.5
2024-02-06 12:00:00+00:00,3.2,67.95312,0.0,1.8,0.505
2024-02-06 13:00:00+00:00,2.35,74.88164,0.0,1.7,0.504
2024-02-06 14:00:00+00:00,2.25,74.04164,0.0,1.75,0.501
2024-02-06 15:00:00+00:00,1.75,77.29747,0.0,1.75,0.498
2024-02-06 16:00:00+00:00,1.55,79.28143,0.0,1.8,0.496
2024-02-06 17:00:00+00:00,1.55,79.86617,0.0,1.8,0.494
2024-02-06 18:00:00+00:00,1.45,80.73623,0.0,1.8,0.492
2024-02-06 19:00:00+00:00,1.35,82.21707,0.0,1.8,0.491
2024-02-06 20:00:00+00:00,1.3,83.11954,0.0,1.85,0.49
2024-02-06 21:00:00+00:00,1.2,84.33372,0.0,1.85,0.489
2024-02-06 22:00:00+00:00,1.05,85.24757,0.0,1.85,0.488
2024-02-06 23:00:00+00:00,0.9,85.85754,0.0,1.85,0.487
2024-02-07 00:00:00+00:00,0.45,87.39886,0.0,1.85,0.486
2024-02-07 01:00:00+00:00,-0.7,86.963806,0.0,1.9,0.485
2024-02-07 02:00:00+00:00,-0.95,87.2619,0.0,1.9,0.484
2024-02-07 03:00:00+00:00,-1.45,87.8646,0.0,1.9,0.483
2024-02-07 04:00:00+00:00,-2.95,90.06424,0.0,1.9,0.482
2024-02-07 05:00:00+00:00,-3.55,90.35751,0.0,1.9,0.482
2024-02-07 06:00:00+00:00,-0.45,80.163734,0.0,1.9,0.481
2024-02-07 07:00:00+00:00,1.0,80.96984,0.0,1.9,0.481
2024-02-07 08:00:00+00:00,1.8,79.31927,0.0,1.9,0.481
2024-02-07 09:00:00+00:00,2.25,79.6777,0.0,1.9,0.494
2024-02-07 10:00:00+00:00,2.65,79.737,0.0,1.9,0.506
2024-02-07 11:00:00+00:00,2.9,80.06423,0.0,1.9,0.513
2024-02-07 12:00:00+00:00,2.8,81.22109,0.0,1.9,0.514
2024-02-07 13:00:00+00:00,2.2,80.84245,0.0,1.55,0.51
2024-02-07 14:00:00+00:00,0.15,88.98925,0.0,1.5,0.507
2024-02-07 15:00:00+00:00,0.7,86.78514,0.0,1.5,0.504
2024-02-07 16:00:00+00:00,0.3,87.70574,0.0,1.5,0.502
2024-02-07 17:00:00+00:00,0.0,88.65,0.0,1.5,0.501
2024-02-07 18:00:00+00:00,-0.2,89.946205,0.0,1.45,0.5
2024-02-07 19:00:00+00:00,0.15,87.6915,0.0,1.45,0.499
2024-02-07 20:00:00+00:00,0.2,86.73432,0.0,1.45,0.498
2024-02-07 21:00:00+00:00,-0.35,91.93984,0.0,1.45,0.497
2024-02-07 22:00:00+00:00,-0.4,91.26355,0.0,1.45,0.497
2024-02-07 23:00:00+00:00,-0.85,92.24721,0.0,1.4,0.496
2024-02-08 00:00:00+00:00,-0.7,93.62344,0.0,1.4,0.496
2024-02-08 01:00:00+00:00,0.25,93.33071,0.0,1.4,0.493
2024-02-08 02:00:00+00:00,0.4,92.99923,0.0,1.4,0.493
2024-02-08 03:00:00+00:00,0.75,92.009605,0.0,1.35,0.493
2024-02-08 04:00:00+00:00,1.3,87.800125,0.0,1.35,0.493
2024-02-08 05:00:00+00:00,1.05,89.390884,0.0,1.35,0.493
2024-02-08 06:00:00+00:00,1.55,89.10821,0.0,1.35,0.493
2024-02-08 07:00:00+00:00,2.15,88.197754,0.0,1.35,0.493
2024-02-08 08:00:00+00:00,2.9,85.45265,0.0,1.35,0.505
2024-02-08 09:00:00+00:00,3.2,84.567635,0.0,1.3,0.514
2024-02-08 10:00:00+00:00,3.2,84.567635,0.0,1.3,0.516
2024-02-08 11:00:00+00:00,3.05,85.46912,0.0,1.3,0.516
2024-02-08 12:00:00+00:00,3.05,86.08658,0.0,1.3,0.517
2024-02-08 13:00:00+00:00,3.1,85.16744,0.0,1.4,0.516
2024-02-08 14:00:00+00:00,3.7,83.11998,0.0,1.35,0.514
2024-02-08 15:00:00+00:00,3.45,86.1286,0.0,1.35,0.511
2024-02-08 16:00:00+00:00,2.95,88.905846,0.0,1.3,0.51
2024-02-08 17:00:00+00:00,2.7,90.17076,0.1,1.3,0.509
2024-02-08 18:00:00+00:00,2.55,90.80935,0.1,1.3,0.508
2024-02-08 19:00:00+00:00,2.65,89.843735,0.0,1.3,0.507
2024-02-08 20:00:00+00:00,2.6,89.8398,0.0,1.25,0.506
2024-02-08 21:00:00+00:00,2.5,90.15552,0.0,1.25,0.506
2024-02-08 22:00:00+00:00,2.5,89.509384,0.0,1.25,0.505
2024-02-08 23:00:00+00:00,2.55,89.19203,0.0,1.25,0.505
2024-02-09 00:00:00+00:00,2.4,89.824066,0.0,1.25,0.504
2024-02-09 01:00:00+00:00,2.45,88.863075,0.0,1.25,0.508
2024-02-09 02:00:00+00:00,2.35,89.497215,0.0,1.2,0.506
2024-02-09 03:00:00+00:00,2.15,90.454185,0.0,1.2,0.505
2024-02-09 04:00:00+00:00,2.25,89.48909,0.0,1.2,0.504
2024-02-09 05:00:00+00:00,2.5,87.911995,0.0,1.2,0.503
2024-02-09 06:00:00+00:00,3.15,84.86694,0.0,1.2,0.507
2024-02-09 07:00:00+00:00,2.7,89.84766,0.0,1.2,0.514
2024-02-09 08:00:00+00:00,3.3,88.935646,0.0,1.25,0.518
2024-02-09 09:00:00+00:00,3.95,87.41981,0.1,1.35,0.519
2024-02-09 10:00:00+00:00,4.25,84.688416,0.2,1.4,0.519
2024-02-09 11:00:00+00:00,4.25,84.08566,0.1,2.05,0.519
2024-02-09 12:00:00+00:00,4.25,85.29499,0.1,3.9,0.503
2024-02-09 13:00:00+00:00,3.25,88.61364,0.2,4.8,0.518
2024-02-09 14:00:00+00:00,3.5,89.58998,0.1,4.45,0.515
2024-02-09 15:00:00+00:00,4.1,89.956726,0.4,3.65,0.515
2024-02-09 16:00:00+00:00,3.3,94.49198,0.0,2.95,0.512
2024-02-09 17:00:00+00:00,2.95,95.83157,0.0,2.45,0.509
2024-02-09 18:00:00+00:00,2.75,96.509865,0.0,2.2,0.507
2024-02-09 19:00:00+00:00,2.9,93.80321,0.0,2.0,0.506
2024-02-09 20:00:00+00:00,1.6,95.099625,0.0,1.9,0.505
2024-02-09 21:00:00+00:00,1.3,95.08786,0.0,1.8,0.504
2024-02-09 22:00:00+00:00,1.05,95.76775,0.0,1.7,0.503
2024-02-09 23:00:00+00:00,0.9,94.72851,0.0,1.6,0.502
2024-02-10 00:00:00+00:00,0.85,92.35091,0.0,1.4,0.501
2024-02-10 01:00:00+00:00,-1.05,90.54656,0.0,0.6,0.499
2024-02-10 02:00:00+00:00,-0.55,89.58766,0.0,0.45,0.498
2024-02-10 03:00:00+00:00,-1.4,92.89814,0.0,0.45,0.497
2024-02-10 04:00:00+00:00,-3.9,93.45707,0.0,0.35,0.496
2024-02-10 05:00:00+00:00,-0.9,91.904625,0.0,0.3,0.495
2024-02-10 06:00:00+00:00,0.45,90.98908,0.0,0.4,0.494
2024-02-10 07:00:00+00:00,1.0,93.032455,0.0,0.55,0.494
2024-02-10 08:00:00+00:00,1.4,92.0504,0.0,0.9,0.497
2024-02-10 09:00:00+00:00,2.5,86.0285,0.0,2.75,0.504
2024-02-10 10:00:00+00:00,3.3,84.88398,0.0,4.75,0.512
2024-02-10 11:00:00+00:00,3.85,80.49144,0.0,5.95,0.515
2024-02-10 12:00:00+00:00,5.7,69.734055,0.0,6.55,0.515
2024-02-10 13:00:00+00:00,4.95,68.32744,0.0,6.9,0.512
2024-02-10 14:00:00+00:00,5.9,64.905556,0.0,6.0,0.51
2024-02-10 15:00:00+00:00,4.9,67.82115,0.0,4.35,0.508
2024-02-10 16:00:00+00:00,3.8,69.85251,0.0,2.9,0.505
2024-02-10 17:00:00+00:00,2.95,70.712036,0.0,1.8,0.503
2024-02-10 18:00:00+00:00,0.9,73.51852,0.0,0.95,0.502
2024-02-10 19:00:00+00:00,1.4,69.874466,0.0,0.7,0.5
2024-02-10 20:00:00+00:00,0.8,70.27497,0.0,0.55,0.499
2024-02-10 21:00:00+00:00,0.3,71.503784,0.0,0.45,0.498
2024-02-10 22:00:00+00:00,-0.2,73.86492,0.0,0.35,0.497
2024-02-10 23:00:00+00:00,-0.5,76.34958,0.0,0.25,0.496
2024-02-11 00:00:00+00:00,-0.85,79.20963,0.0,0.15,0.495
2024-02-11 01:00:00+00:00,-1.55,80.909355,0.0,0.05,0.494
2024-02-11 02:00:00+00:00,-1.8,82.720856,0.0,0.0,0.493
2024-02-11 03:00:00+00:00,-1.95,84.90594,0.0,-0.05,0.493
2024-02-11 04:00:00+00:00,-2.35,88.10901,0.0,-0.15,0.492
2024-02-11 05:00:00+00:00,-2.4,89.43528,0.0,-0.15,0.492
2024-02-11 06:00:00+00:00,-1.05,84.06438,0.0,-0.1,0.491
2024-02-11 07:00:00+00:00,0.4,82.69931,0.0,0.05,0.49
2024-02-11 08:00:00+00:00,2.05,80.82127,0.0,0.3,0.489
2024-02-11 09:00:00+00:00,3.7,77.05342,0.0,0.7,0.488
2024-02-11 10:00:00+00:00,4.95,74.79814,0.0,2.9,0.487
2024-02-11 11:00:00+00:00,5.95,72.59809,0.0,4.95,0.486
2024-02-11 12:00:00+00:00,6.4,71.39506,0.0,6.05,0.486
2024-02-11 13:00:00+00:00,5.8,68.754974,0.0,6.2,0.485
2024-02-11 14:00:00+00:00,4.65,81.76606,0.0,5.55,0.485
2024-02-11 15:00:00+00:00,2.65,77.444244,0.0,3.95,0.485
2024-02-11 16:00:00+00:00,3.5,71.604935,0.0,2.55,0.485
2024-02-11 17:00:00+00:00,2.5,74.633766,0.0,1.5,0.485
2024-02-11 18:00:00+00:00,1.45,78.39575,0.0,0.8,0.484
2024-02-11 19:00:00+00:00,0.75,80.63633,0.0,0.6,0.484
2024-02-11 20:00:00+00:00,0.05,82.960396,0.0,0.5,0.484
2024-02-11 21:00:00+00:00,-0.25,82.003265,0.0,0.35,0.484
2024-02-11 22:00:00+00:00,-0.4,79.57506,0.0,0.25,0.484
2024-02-11 23:00:00+00:00,-0.85,80.104805,0.0,0.2,0.483
2024-02-12 00:00:00+00:00,-1.3,81.55462,0.0,0.1,0.483
2024-02-12 01:00:00+00:00,-2.1,86.821785,0.0,0.05,0.483
2024-02-12 02:00:00+00:00,-3.7,90.34599,0.0,0.0,0.483
2024-02-12 03:00:00+00:00,-3.25,91.40708,0.0,-0.05,0.483
2024-02-12 04:00:00+00:00,-3.2,93.14385,0.0,-0.05,0.483
2024-02-12 05:00:00+00:00,-2.45,89.766754,0.0,-0.1,0.482
2024-02-12 06:00:00+00:00,-1.2,83.1093,0.0,-0.05,0.482
2024-02-12 07:00:00+00:00,0.35,82.38785,0.0,0.1,0.482
2024-02-12 08:00:00+00:00,2.5,78.273506,0.0,0.35,0.481
2024-02-12 09:00:00+00:00,4.1,74.91847,0.0,0.7,0.48
2024-02-12 10:00:00+00:00,5.4,71.7148,0.0,2.55,0.478
2024-02-12 11:00:00+00:00,6.5,68.16238,0.0,4.45,0.477
2024-02-12 12:00:00+00:00,7.1,65.6483,0.0,5.6,0.476
2024-02-12 13:00:00+00:00,5.85,70.01648,0.0,5.35,0.476
2024-02-12 14:00:00+00:00,4.65,85.64287,0.0,4.9,0.476
2024-02-12 15:00:00+00:00,3.9,75.42858,0.0,3.8,0.476
2024-02-12 16:00:00+00:00,3.65,75.11155,0.0,2.8,0.476
2024-02-12 17:00:00+00:00,2.8,78.32061,0.0,1.95,0.476
2024-02-12 18:00:00+00:00,2.3,80.268936,0.0,1.3,0.476
2024-02-12 19:00:00+00:00,1.9,81.09607,0.0,0.85,0.476
2024-02-12 20:00:00+00:00,1.5,80.74334,0.0,0.75,0.476
2024-02-12 21:00:00+00:00,0.3,81.47202,0.0,0.65,0.476
2024-02-12 22:00:00+00:00,-0.65,81.34025,0.0,0.55,0.476
2024-02-12 23:00:00+00:00,0.0,75.01844,0.0,0.45,0.476
2024-02-13 00:00:00+00:00,-0.15,73.59719,0.0,0.35,0.476
2024-02-13 01:00:00+00:00,-0.85,81.00894,0.0,0.8,0.476
2024-02-13 02:00:00+00:00,-2.05,85.213776,0.0,0.65,0.476
2024-02-13 03:00:00+00:00,-2.45,86.78593,0.0,0.55,0.476
2024-02-13 04:00:00+00:00,-2.2,83.92411,0.0,0.45,0.476
2024-02-13 05:00:00+00:00,-1.15,80.966354,0.0,0.4,0.476
2024-02-13 06:00:00+00:00,0.3,78.79755,0.0,0.5,0.475
2024-02-13 07:00:00+00:00,1.9,77.038284,0.0,0.7,0.475
2024-02-13 08:00:00+00:00,3.75,73.77518,0.0,1.85,0.474
2024-02-13 09:00:00+00:00,5.55,69.45199,0.0,3.85,0.473
2024-02-13 10:00:00+00:00,6.5,66.94693,0.0,5.2,0.472
2024-02-13 11:00:00+00:00,7.2,64.03842,0.0,6.1,0.471
2024-02-13 12:00:00+00:00,7.6,61.86535,0.0,6.35,0.47
2024-02-13 13:00:00+00:00,7.25,64.978004,0.0,6.85,0.47
2024-02-13 14:00:00+00:00,6.6,74.82091,0.0,6.4,0.47
2024-02-13 15:00:00+00:00,6.25,70.60234,0.0,5.5,0.47
2024-02-13 16:00:00+00:00,5.35,74.86865,0.0,4.75,0.47
2024-02-13 17:00:00+00:00,4.6,78.60025,0.0,4.15,0.47
2024-02-13 18:00:00+00:00,4.4,79.136345,0.0,3.85,0.47
2024-02-13 19:00:00+00:00,3.15,88.287926,0.0,3.55,0.47
2024-02-13 20:00:00+00:00,3.1,87.96737,0.0,3.4,0.47
2024-02-13 21:00:00+00:00,2.95,87.63814,0.1,3.25,0.471
2024-02-13 22:00:00+00:00,2.95,87.95355,0.1,3.15,0.471
2024-02-13 23:00:00+00:00,2.85,89.217,0.2,3.1,0.473
2024-02-14 00:00:00+00:00,3.0,84.544464,0.3,3.0,0.475
2024-02-14 01:00:00+00:00,2.95,89.54577,0.2,3.55,0.467
2024-02-14 02:00:00+00:00,2.95,90.18977,0.3,3.35,0.47
2024-02-14 03:00:00+00:00,2.75,93.79588,0.1,3.15,0.471
2024-02-14 04:00:00+00:00,2.7,94.46577,0.1,3.0,0.473
2024-02-14 05:00:00+00:00,2.9,94.47452,0.5,3.0,0.479
2024-02-14 06:00:00+00:00,3.5,93.4999,0.1,3.35,0.479
2024-02-14 07:00:00+00:00,4.25,91.900185,0.1,3.85,0.48
2024-02-14 08:00:00+00:00,5.1,86.299965,0.0,4.65,0.479
2024-02-14 09:00:00+00:00,5.95,82.51982,0.0,5.35,0.479
2024-02-14 10:00:00+00:00,7.2,75.72451,0.1,6.2,0.479
2024-02-14 11:00:00+00:00,7.45,76.5719,0.8,6.65,0.484
2024-02-14 12:00:00+00:00,6.85,81.76926,1.2,6.55,0.496
2024-02-14 13:00:00+00:00,7.55,85.059204,0.3,6.9,0.478
2024-02-14 14:00:00+00:00,6.8,92.698166,0.2,6.6,0.479
2024-02-14 15:00:00+00:00,5.75,97.60357,0.3,6.05,0.482
2024-02-14 16:00:00+00:00,5.3,98.276855,0.8,5.6,0.489
2024-02-14 17:00:00+00:00,5.0,97.589226,0.1,5.3,0.489
2024-02-14 18:00:00+00:00,4.85,96.567795,0.0,5.0,0.488
2024-02-14 19:00:00+00:00,4.8,95.22246,0.5,4.8,0.493
2024-02-14 20:00:00+00:00,4.55,94.546,0.9,4.6,0.501
2024-02-14 21:00:00+00:00,4.05,96.20636,0.6,4.4,0.505
2024-02-14 22:00:00+00:00,3.95,95.8646,0.7,4.25,0.506
2024-02-14 23:00:00+00:00,4.0,95.86624,0.6,4.2,0.508
2024-02-15 00:00:00+00:00,3.9,94.85267,1.1,4.1,0.513
2024-02-15 01:00:00+00:00,3.75,94.51153,1.2,4.5,0.512
2024-02-15 02:00:00+00:00,3.45,98.59871,0.3,4.3,0.511
2024-02-15 03:00:00+00:00,2.9,100.0,1.2,4.1,0.517
2024-02-15 04:00:00+00:00,2.6,98.58906,1.1,3.85,0.517
2024-02-15 05:00:00+00:00,2.8,97.89361,0.3,3.75,0.513
2024-02-15 06:00:00+00:00,3.5,93.4999,0.1,3.95,0.51
2024-02-15 07:00:00+00:00,4.15,93.863884,0.2,4.5,0.508
2024-02-15 08:00:00+00:00,4.35,92.88538,1.5,4.9,0.518
2024-02-15 09:00:00+00:00,6.1,84.59982,0.7,6.3,0.515
2024-02-15 10:00:00+00:00,6.75,81.183235,0.1,7.05,0.511
2024-02-15 11:00:00+00:00,6.85,80.34494,0.1,7.05,0.509
2024-02-15 12:00:00+00:00,7.1,79.258446,0.2,7.2,0.507
2024-02-15 13:00:00+00:00,8.0,76.66212,0.1,7.4,0.497
2024-02-15 14:00:00+00:00,7.55,80.16274,0.0,7.2,0.496
2024-02-15 15:00:00+00:00,5.8,89.45802,0.1,6.55,0.495
2024-02-15 16:00:00+00:00,5.15,93.25598,0.0,5.95,0.495
2024-02-15 17:00:00+00:00,4.65,92.249855,0.0,5.5,0.494
2024-02-15 18:00:00+00:00,2.85,92.80135,0.0,4.8,0.494
2024-02-15 19:00:00+00:00,2.7,82.39464,0.7,3.9,0.499
2024-02-15 20:00:00+00:00,2.65,89.843735,1.1,3.65,0.508
2024-02-15 21:00:00+00:00,2.55,80.01316,0.1,2.95,0.507
2024-02-15 22:00:00+00:00,2.3,79.39463,0.0,2.45,0.505
2024-02-15 23:00:00+00:00,1.9,81.09607,0.0,1.9,0.503
2024-02-16 00:00:00+00:00,1.35,83.12586,0.0,1.4,0.502
2024-02-16 01:00:00+00:00,1.0,85.86831,0.0,0.85,0.501
2024-02-16 02:00:00+00:00,1.0,85.86831,0.0,0.75,0.5
2024-02-16 03:00:00+00:00,0.75,87.10855,0.0,0.7,0.499
2024-02-16 04:00:00+00:00,0.8,87.1135,0.0,0.65,0.498
2024-02-16 05:00:00+00:00,0.65,91.66886,0.0,0.65,0.497
2024-02-16 06:00:00+00:00,1.95,89.14186,0.0,1.0,0.496
2024-02-16 07:00:00+00:00,3.75,86.46868,0.0,3.0,0.495
2024-02-16 08:00:00+00:00,5.5,79.58402,0.0,4.95,0.494
2024-02-16 09:00:00+00:00,6.6,74.02693,0.0,6.15,0.493
2024-02-16 10:00:00+00:00,7.5,71.60821,0.0,7.3,0.491
2024-02-16 11:00:00+00:00,8.05,67.52193,0.0,8.0,0.49
2024-02-16 12:00:00+00:00,8.35,65.22615,0.0,8.4,0.488
2024-02-16 13:00:00+00:00,8.25,61.357403,0.0,8.25,0.488
2024-02-16 14:00:00+00:00,7.55,67.17458,0.0,7.75,0.487
2024-02-16 15:00:00+00:00,5.25,72.98988,0.0,6.4,0.487
2024-02-16 16:00:00+00:00,3.45,81.604614,0.0,5.3,0.487
2024-02-16 17:00:00+00:00,2.4,82.35541,0.0,4.35,0.486
2024-02-16 18:00:00+00:00,1.25,84.95883,0.0,3.55,0.486
2024-02-16 19:00:00+00:00,0.5,83.94094,0.0,2.85,0.486
2024-02-16 20:00:00+00:00,2.9,68.64567,0.0,2.3,0.486
2024-02-16 21:00:00+00:00,2.5,70.36074,0.0,2.0,0.485
2024-02-16 22:00:00+00:00,1.45,74.99787,0.0,1.65,0.485
2024-02-16 23:00:00+00:00,1.6,73.3766,0.0,1.35,0.485
2024-02-17 00:00:00+00:00,1.15,76.064224,0.0,1.05,0.485
2024-02-17 01:00:00+00:00,1.05,82.47981,0.0,2.0,0.485
2024-02-17 02:00:00+00:00,0.65,84.57887,0.2,1.45,0.485
2024-02-17 03:00:00+00:00,0.4,84.54963,1.8,1.0,0.485
2024-02-17 04:00:00+00:00,-1.4,90.185196,1.3,0.8,0.485
2024-02-17 05:00:00+00:00,-0.2,87.013985,0.2,0.8,0.485
2024-02-17 06:00:00+00:00,0.45,89.01489,0.4,1.05,0.484
2024-02-17 07:00:00+00:00,2.45,85.09463,0.1,2.55,0.484
2024-02-17 08:00:00+00:00,4.2,80.54119,0.0,4.3,0.483
2024-02-17 09:00:00+00:00,6.2,70.33943,0.0,6.05,0.484
2024-02-17 10:00:00+00:00,7.1,67.07728,0.0,7.1,0.485
2024-02-17 11:00:00+00:00,7.6,64.36123,0.1,7.75,0.487
2024-02-17 12:00:00+00:00,7.75,64.85853,0.0,8.1,0.489
2024-02-17 13:00:00+00:00,7.5,67.16379,0.1,8.3,0.483
2024-02-17 14:00:00+00:00,6.75,70.44949,0.0,7.65,0.483
2024-02-17 15:00:00+00:00,5.6,74.91258,0.0,6.3,0.484
2024-02-17 16:00:00+00:00,3.2,89.24601,0.6,5.25,0.488
2024-02-17 17:00:00+00:00,2.4,93.77871,0.2,4.4,0.49
2024-02-17 18:00:00+00:00,1.6,94.07766,0.0,3.65,0.489
2024-02-17 19:00:00+00:00,1.7,92.06912,0.8,3.15,0.493
2024-02-17 20:00:00+00:00,1.35,93.05173,0.1,2.7,0.493
2024-02-17 21:00:00+00:00,0.6,92.672516,0.0,2.1,0.492
2024-02-17 22:00:00+00:00,0.25,91.64256,0.0,1.65,0.492
2024-02-17 23:00:00+00:00,0.05,91.96531,0.0,1.55,0.491
2024-02-18 00:00:00+00:00,-1.95,94.95776,0.0,1.1,0.49
2024-02-18 01:00:00+00:00,-1.1,89.542694,0.0,0.7,0.485
2024-02-18 02:00:00+00:00,-1.1,93.603,0.0,0.7,0.485
2024-02-18 03:00:00+00:00,-2.25,94.59329,0.0,0.6,0.484
2024-02-18 04:00:00+00:00,-1.45,94.27928,0.0,0.6,0.484
2024-02-18 05:00:00+00:00,-0.35,94.32961,0.0,0.6,0.483
2024-02-18 06:00:00+00:00,0.85,93.362434,0.0,0.85,0.483
2024-02-18 07:00:00+00:00,2.35,86.0126,0.0,2.5,0.483
2024-02-18 08:00:00+00:00,3.85,78.20128,0.0,4.25,0.482
2024-02-18 09:00:00+00:00,5.25,69.13916,0.0,5.7,0.481
2024-02-18 10:00:00+00:00,6.1,67.10167,0.0,6.8,0.48
2024-02-18 11:00:00+00:00,7.0,62.847366,0.0,7.9,0.478
2024-02-18 12:00:00+00:00,7.45,57.927376,0.0,8.45,0.477
2024-02-18 13:00:00+00:00,6.7,55.452633,0.0,8.4,0.476
2024-02-18 14:00:00+00:00,6.05,59.281982,0.0,7.65,0.475
2024-02-18 15:00:00+00:00,2.65,74.38723,0.0,6.2,0.475
2024-02-18 16:00:00+00:00,1.05,79.79209,0.0,4.75,0.475
2024-02-18 17:00:00+00:00,0.55,76.81355,0.0,3.6,0.475
2024-02-18 18:00:00+00:00,0.2,73.11251,0.0,2.6,0.475
2024-02-18 19:00:00+00:00,0.85,65.43712,0.0,1.8,0.475
2024-02-18 20:00:00+00:00,0.75,63.222115,0.0,1.15,0.475
2024-02-18 21:00:00+00:00,0.3,64.8162,0.0,0.8,0.475
2024-02-18 22:00:00+00:00,-0.15,66.2059,0.0,0.65,0.475
2024-02-18 23:00:00+00:00,-0.55,67.90148,0.0,0.55,0.475
2024-02-19 00:00:00+00:00,-1.0,70.16857,0.0,0.45,0.475
2024-02-19 01:00:00+00:00,-0.9,71.8062,0.0,0.95,0.483
2024-02-19 02:00:00+00:00,-1.2,74.2384,0.0,0.7,0.483
2024-02-19 03:00:00+00:00,-1.45,77.34682,0.0,0.55,0.482
2024-02-19 04:00:00+00:00,-1.55,79.7003,0.0,0.45,0.482
2024-02-19 05:00:00+00:00,-1.35,81.5477,0.0,0.45,0.482
2024-02-19 06:00:00+00:00,0.3,81.17093,0.0,0.6,0.481
2024-02-19 07:00:00+00:00,2.2,72.411674,0.0,1.15,0.48
2024-02-19 08:00:00+00:00,3.9,64.92261,0.0,3.3,0.479
2024-02-19 09:00:00+00:00,5.25,61.973854,0.0,5.25,0.477
2024-02-19 10:00:00+00:00,6.3,59.345078,0.0,6.8,0.475
2024-02-19 11:00:00+00:00,7.15,54.763863,0.0,7.85,0.474
2024-02-19 12:00:00+00:00,7.5,50.599552,0.0,8.25,0.472
2024-02-19 13:00:00+00:00,7.25,47.973255,0.0,8.6,0.471
2024-02-19 14:00:00+00:00,6.65,56.466545,0.0,7.85,0.471
2024-02-19 15:00:00+00:00,3.15,67.94233,0.0,6.35,0.471
2024-02-19 16:00:00+00:00,1.6,71.229355,0.0,4.8,0.471
2024-02-19 17:00:00+00:00,1.75,65.89002,0.0,3.6,0.471
2024-02-19 18:00:00+00:00,-0.3,73.292725,0.0,2.6,0.471
2024-02-19 19:00:00+00:00,-1.5,76.17753,0.0,1.8,0.471
2024-02-19 20:00:00+00:00,-2.1,76.94595,0.0,1.15,0.471
2024-02-19 21:00:00+00:00,-2.75,78.01801,0.0,0.8,0.471
2024-02-19 22:00:00+00:00,-2.25,74.04373,0.0,0.65,0.471
2024-02-19 23:00:00+00:00,-0.2,63.718784,0.0,0.55,0.471
2024-02-20 00:00:00+00:00,-0.2,63.9626,0.0,0.45,0.471
2024-02-20 01:00:00+00:00,-0.5,62.438454,0.0,1.15,0.471
2024-02-20 02:00:00+00:00,-1.6,68.19141,0.0,0.75,0.471
2024-02-20 03:00:00+00:00,-1.6,68.97985,0.0,0.6,0.471
2024-02-20 04:00:00+00:00,-0.75,65.06596,0.0,0.5,0.471
2024-02-20 05:00:00+00:00,-0.75,71.56439,0.0,0.45,0.471
2024-02-20 06:00:00+00:00,1.35,70.65069,0.0,0.65,0.47
2024-02-20 07:00:00+00:00,3.1,67.93156,0.0,1.55,0.47
2024-02-20 08:00:00+00:00,4.85,63.723366,0.0,3.7,0.469
2024-02-20 09:00:00+00:00,6.25,59.768074,0.0,5.6,0.467
2024-02-20 10:00:00+00:00,7.35,51.309395,0.1,7.05,0.466
2024-02-20 11:00:00+00:00,7.7,48.460094,0.1,7.75,0.466
2024-02-20 12:00:00+00:00,7.85,48.682587,0.0,7.95,0.465
2024-02-20 13:00:00+00:00,6.9,52.52536,0.0,8.1,0.464
2024-02-20 14:00:00+00:00,6.05,60.598392,0.0,7.35,0.464
2024-02-20 15:00:00+00:00,5.1,61.033146,0.0,5.95,0.464
2024-02-20 16:00:00+00:00,1.45,77.82012,0.0,4.55,0.464
2024-02-20 17:00:00+00:00,0.65,79.73256,0.0,3.5,0.464
2024-02-20 18:00:00+00:00,-0.35,81.382,0.0,2.65,0.464
2024-02-20 19:00:00+00:00,-1.45,82.45683,0.0,1.95,0.464
2024-02-20 20:00:00+00:00,-2.2,82.046875,0.0,1.3,0.464
2024-02-20 21:00:00+00:00,-2.8,81.96526,0.0,0.85,0.464
2024-02-20 22:00:00+00:00,-3.4,83.14065,0.0,0.7,0.464
2024-02-20 23:00:00+00:00,-2.95,78.883766,0.0,0.6,0.464
2024-02-21 00:00:00+00:00,-1.95,73.25684,0.0,0.45,0.464
2024-02-21 01:00:00+00:00,-1.45,72.796555,0.0,1.05,0.465
2024-02-21 02:00:00+00:00,-1.3,73.380455,0.0,0.7,0.465
2024-02-21 03:00:00+00:00,-1.5,75.316956,0.0,0.6,0.465
2024-02-21 04:00:00+00:00,-1.75,77.590195,0.0,0.45,0.465
2024-02-21 05:00:00+00:00,-1.1,79.17121,0.0,0.45,0.465
2024-02-21 06:00:00+00:00,0.9,76.872116,0.0,0.6,0.464
2024-02-21 07:00:00+00:00,2.9,72.81275,0.0,1.45,0.464
2024-02-21 08:00:00+00:00,4.7,68.77371,0.0,3.55,0.463
2024-02-21 09:00:00+00:00,6.0,66.83778,0.0,5.35,0.462
2024-02-21 10:00:00+00:00,6.35,70.622246,0.4,6.5,0.464
2024-02-21 11:00:00+00:00,7.15,66.84811,0.1,7.45,0.463
2024-02-21 12:00:00+00:00,7.25,63.819813,0.0,7.85,0.462
2024-02-21 13:00:00+00:00,7.1,54.951607,0.0,7.7,0.46
2024-02-21 14:00:00+00:00,6.4,60.906395,0.0,7.15,0.46
2024-02-21 15:00:00+00:00,3.35,76.437965,0.0,5.8,0.46
2024-02-21 16:00:00+00:00,2.2,80.254456,0.0,4.5,0.46
2024-02-21 17:00:00+00:00,0.85,84.60221,0.0,3.5,0.46
2024-02-21 18:00:00+00:00,0.35,86.749596,0.0,2.85,0.46
2024-02-21 19:00:00+00:00,-0.55,89.918594,0.0,2.3,0.46
2024-02-21 20:00:00+00:00,-1.25,90.867584,0.0,1.75,0.46
2024-02-21 21:00:00+00:00,-1.45,89.84708,0.0,1.35,0.46
2024-02-21 22:00:00+00:00,-2.2,88.45354,0.0,0.9,0.46
2024-02-21 23:00:00+00:00,-1.45,83.0773,0.0,0.7,0.46
2024-02-22 00:00:00+00:00,-0.9,79.79793,0.0,0.6,0.46
2024-02-22 01:00:00+00:00,-2.3,88.77642,0.0,1.15,0.461
2024-02-22 02:00:00+00:00,-2.65,88.74552,0.0,0.8,0.461
2024-02-22 03:00:00+00:00,-2.65,90.42621,0.0,0.7,0.461
2024-02-22 04:00:00+00:00,-2.3,92.1571,0.0,0.65,0.461
2024-02-22 05:00:00+00:00,-0.6,86.33207,0.0,0.65,0.461
2024-02-22 06:00:00+00:00,0.9,83.98935,0.0,0.9,0.46
2024-02-22 07:00:00+00:00,1.55,84.37502,0.0,1.7,0.46
2024-02-22 08:00:00+00:00,3.55,76.19424,0.0,3.05,0.46
2024-02-22 09:00:00+00:00,4.5,74.71847,0.0,4.05,0.459
2024-02-22 10:00:00+00:00,4.25,76.865486,0.0,4.4,0.459
2024-02-22 11:00:00+00:00,4.35,78.84481,0.1,4.7,0.46
2024-02-22 12:00:00+00:00,4.65,80.02979,0.2,5.0,0.461
2024-02-22 13:00:00+00:00,4.8,74.23421,0.1,5.4,0.462
2024-02-22 14:00:00+00:00,4.55,76.91486,0.1,5.15,0.462
2024-02-22 15:00:00+00:00,3.9,84.34573,0.0,4.65,0.462
2024-02-22 16:00:00+00:00,3.35,92.49973,0.0,4.2,0.462
2024-02-22 17:00:00+00:00,2.4,93.77871,0.0,3.45,0.462
2024-02-22 18:00:00+00:00,2.0,95.79986,0.0,2.65,0.463
2024-02-22 19:00:00+00:00,1.9,94.43053,0.0,2.2,0.463
2024-02-22 20:00:00+00:00,2.25,91.44348,0.1,2.35,0.463
2024-02-22 21:00:00+00:00,2.0,92.753075,0.0,1.9,0.464
2024-02-22 22:00:00+00:00,1.8,93.41221,0.0,1.55,0.463
2024-02-22 23:00:00+00:00,1.75,93.74662,0.1,1.75,0.464
2024-02-23 00:00:00+00:00,1.85,94.428314,0.2,1.9,0.465
2024-02-23 01:00:00+00:00,1.35,98.92931,1.0,2.2,0.477
2024-02-23 02:00:00+00:00,0.95,100.0,2.0,2.1,0.482
2024-02-23 03:00:00+00:00,0.95,99.6408,1.9,2.0,0.484
2024-02-23 04:00:00+00:00,0.85,99.64049,0.6,1.9,0.486
2024-02-23 05:00:00+00:00,0.95,99.6408,0.9,1.85,0.488
2024-02-23 06:00:00+00:00,1.35,98.92931,0.8,2.1,0.492
2024-02-23 07:00:00+00:00,2.25,95.80824,0.4,2.7,0.495
2024-02-23 08:00:00+00:00,3.75,88.02693,0.2,4.0,0.495
2024-02-23 09:00:00+00:00,4.7,85.952995,0.0,4.95,0.496
2024-02-23 10:00:00+00:00,5.6,82.47491,0.1,5.9,0.497
2024-02-23 11:00:00+00:00,6.5,72.70148,0.0,6.45,0.498
2024-02-23 12:00:00+00:00,6.85,65.828896,0.1,7.05,0.498
2024-02-23 13:00:00+00:00,6.8,62.57302,0.0,7.4,0.493
2024-02-23 14:00:00+00:00,6.1,65.899284,0.0,6.75,0.492
2024-02-23 15:00:00+00:00,4.95,69.83336,0.0,5.4,0.491
2024-02-23 16:00:00+00:00,0.55,86.13544,0.0,3.9,0.489
2024-02-23 17:00:00+00:00,0.1,84.51443,0.0,2.85,0.488
2024-02-23 18:00:00+00:00,-1.1,84.37247,0.0,2.0,0.487
2024-02-23 19:00:00+00:00,-1.85,84.91753,0.0,1.25,0.486
2024-02-23 20:00:00+00:00,-2.3,85.50636,0.0,0.85,0.485
2024-02-23 21:00:00+00:00,-2.65,85.46718,0.0,0.7,0.484
2024-02-23 22:00:00+00:00,-0.8,77.45414,0.0,0.55,0.484
2024-02-23 23:00:00+00:00,-1.0,79.186584,0.0,0.45,0.483
2024-02-24 00:00:00+00:00,-1.45,82.76655,0.0,0.35,0.482
2024-02-24 01:00:00+00:00,-2.15,85.84488,0.0,0.3,0.482
2024-02-24 02:00:00+00:00,-2.6,86.119484,0.0,0.2,0.481
2024-02-24 03:00:00+00:00,-2.2,85.83942,0.0,0.15,0.481
2024-02-24 04:00:00+00:00,-2.85,90.07211,0.0,0.05,0.48
2024-02-24 05:00:00+00:00,-2.3,92.50137,0.0,0.05,0.48
2024-02-24 06:00:00+00:00,-0.8,86.31103,0.0,0.15,0.479
2024-02-24 07:00:00+00:00,1.1,75.21414,0.0,0.35,0.478
2024-02-24 08:00:00+00:00,2.75,72.784294,0.0,0.75,0.477
2024-02-24 09:00:00+00:00,4.35,67.702705,0.0,2.65,0.476
2024-02-24 10:00:00+00:00,5.75,62.778763,0.0,4.85,0.474
2024-02-24 11:00:00+00:00,6.65,58.571804,0.0,6.4,0.472
2024-02-24 12:00:00+00:00,7.2,55.78928,0.0,7.3,0.471
2024-02-24 13:00:00+00:00,6.25,51.38244,0.0,7.0,0.47
2024-02-24 14:00:00+00:00,5.55,56.17626,0.0,6.4,0.47
2024-02-24 15:00:00+00:00,3.2,61.244072,0.0,5.0,0.469
2024-02-24 16:00:00+00:00,1.3,68.55973,0.0,3.55,0.469
2024-02-24 17:00:00+00:00,0.6,68.92631,0.0,2.4,0.469
2024-02-24 18:00:00+00:00,2.1,57.82817,0.0,1.45,0.469
2024-02-24 19:00:00+00:00,-0.15,64.71076,0.0,0.8,0.469
2024-02-24 20:00:00+00:00,-1.7,69.22315,0.0,0.6,0.469
2024-02-24 21:00:00+00:00,-2.7,72.27542,0.0,0.5,0.469
2024-02-24 22:00:00+00:00,-2.8,72.2557,0.0,0.4,0.469
2024-02-24 23:00:00+00:00,-2.85,72.245834,0.0,0.3,0.469
2024-02-25 00:00:00+00:00,-3.4,73.828156,0.0,0.2,0.469
2024-02-25 01:00:00+00:00,-4.45,81.11125,0.0,0.65,0.468
2024-02-25 02:00:00+00:00,-2.5,67.470215,0.0,0.5,0.468
2024-02-25 03:00:00+00:00,-4.15,74.83833,0.0,0.35,0.468
2024-02-25 04:00:00+00:00,-4.15,73.400665,0.0,0.25,0.468
2024-02-25 05:00:00+00:00,-2.2,68.58628,0.0,0.25,0.468
2024-02-25 06:00:00+00:00,-0.2,62.273193,0.0,0.3,0.468
2024-02-25 07:00:00+00:00,1.75,56.864,0.0,0.55,0.467
2024-02-25 08:00:00+00:00,3.8,51.85739,0.0,1.5,0.466
2024-02-25 09:00:00+00:00,5.55,50.614574,0.0,3.9,0.464
2024-02-25 10:00:00+00:00,7.25,44.688118,0.0,5.8,0.462
2024-02-25 11:00:00+00:00,8.1,35.570114,0.0,6.95,0.46
2024-02-25 12:00:00+00:00,8.6,33.09345,0.0,7.45,0.459
2024-02-25 13:00:00+00:00,6.45,36.593822,0.0,7.1,0.458
2024-02-25 14:00:00+00:00,5.7,39.89627,0.0,6.35,0.457
2024-02-25 15:00:00+00:00,3.1,42.28543,0.0,5.05,0.457
2024-02-25 16:00:00+00:00,1.7,40.558407,0.0,3.8,0.457
2024-02-25 17:00:00+00:00,0.65,38.969254,0.0,2.75,0.457
2024-02-25 18:00:00+00:00,-0.65,42.99359,0.0,1.8,0.457
2024-02-25 19:00:00+00:00,-1.8,48.099262,0.0,0.9,0.457
2024-02-25 20:00:00+00:00,-2.8,53.6788,0.0,0.65,0.457
2024-02-25 21:00:00+00:00,-4.45,64.95181,0.0,0.5,0.457
2024-02-25 22:00:00+00:00,-2.9,53.225174,0.0,0.35,0.457
2024-02-25 23:00:00+00:00,-5.5,67.59046,0.0,0.25,0.457
2024-02-26 00:00:00+00:00,-5.45,64.71296,0.0,0.15,0.457
2024-02-26 01:00:00+00:00,-5.3,67.9035,0.0,0.7,0.457
2024-02-26 02:00:00+00:00,-5.6,67.83636,0.0,0.5,0.458
2024-02-26 03:00:00+00:00,-5.65,66.49205,0.0,0.35,0.458
2024-02-26 04:00:00+00:00,-5.85,66.97672,0.0,0.2,0.458
2024-02-26 05:00:00+00:00,-4.25,64.99933,0.0,0.15,0.458
2024-02-26 06:00:00+00:00,-2.3,55.5481,0.0,0.2,0.457
2024-02-26 07:00:00+00:00,-0.55,52.63947,0.0,0.4,0.457
2024-02-26 08:00:00+00:00,1.25,44.438366,0.0,0.7,0.456
2024-02-26 09:00:00+00:00,2.85,37.07616,0.0,2.1,0.454
2024-02-26 10:00:00+00:00,3.9,34.42904,0.0,3.8,0.453
2024-02-26 11:00:00+00:00,4.5,33.27366,0.0,5.0,0.451
2024-02-26 12:00:00+00:00,4.85,31.834238,0.0,5.6,0.449
2024-02-26 13:00:00+00:00,4.0,29.61562,0.0,5.8,0.448
2024-02-26 14:00:00+00:00,3.2,34.901405,0.0,5.05,0.447
2024-02-26 15:00:00+00:00,-0.9,52.129215,0.0,3.6,0.447
2024-02-26 16:00:00+00:00,-2.6,56.571518,0.0,2.05,0.448
2024-02-26 17:00:00+00:00,-2.75,50.77961,0.0,0.85,0.448
2024-02-26 18:00:00+00:00,-3.55,51.77924,0.0,0.6,0.448
2024-02-26 19:00:00+00:00,-3.8,46.355137,0.0,0.45,0.448
2024-02-26 20:00:00+00:00,-4.45,47.690758,0.0,0.3,0.448
2024-02-26 21:00:00+00:00,-4.25,46.218,0.0,0.2,0.448
2024-02-26 22:00:00+00:00,-5.1,50.08809,0.0,0.1,0.449
2024-02-26 23:00:00+00:00,-5.6,40.597015,0.0,0.0,0.449
2024-02-27 00:00:00+00:00,-5.45,37.21146,0.0,-0.1,0.449
2024-02-27 01:00:00+00:00,-7.0,56.960907,0.0,0.55,0.449
2024-02-27 02:00:00+00:00,-7.1,59.54675,0.0,0.35,0.45
2024-02-27 03:00:00+00:00,-7.25,60.73064,0.0,0.2,0.45
2024-02-27 04:00:00+00:00,-7.35,63.99365,0.0,0.05,0.45
2024-02-27 05:00:00+00:00,-5.1,41.61243,0.0,0.0,0.45
2024-02-27 06:00:00+00:00,-3.2,47.105785,0.0,0.05,0.45
2024-02-27 07:00:00+00:00,-1.2,45.660347,0.0,0.2,0.449
2024-02-27 08:00:00+00:00,0.7,47.519016,0.0,0.45,0.448
2024-02-27 09:00:00+00:00,2.55,41.464035,0.0,0.95,0.447
2024-02-27 10:00:00+00:00,4.1,32.499615,0.0,3.05,0.445
2024-02-27 11:00:00+00:00,4.85,28.47198,0.0,4.45,0.444
2024-02-27 12:00:00+00:00,5.1,27.31444,0.0,5.2,0.442
2024-02-27 13:00:00+00:00,4.0,30.337566,0.0,4.95,0.442
2024-02-27 14:00:00+00:00,3.05,35.55471,0.0,4.35,0.441
2024-02-27 15:00:00+00:00,-0.2,42.959755,0.0,3.1,0.441
2024-02-27 16:00:00+00:00,-1.55,45.190704,0.0,1.65,0.441
2024-02-27 17:00:00+00:00,-2.4,47.156914,0.0,0.75,0.441
2024-02-27 18:00:00+00:00,-3.25,49.030537,0.0,0.55,0.442
2024-02-27 19:00:00+00:00,-3.95,52.71305,0.0,0.35,0.442
2024-02-27 20:00:00+00:00,-3.35,45.00557,0.0,0.25,0.442
2024-02-27 21:00:00+00:00,-5.6,56.425606,0.0,0.1,0.442
2024-02-27 22:00:00+00:00,-6.1,43.42505,0.0,0.0,0.442
2024-02-27 23:00:00+00:00,-6.25,37.749672,0.0,-0.1,0.443
2024-02-28 00:00:00+00:00,-6.45,34.453697,0.0,-0.2,0.443
2024-02-28 01:00:00+00:00,-6.8,39.70886,0.0,0.0,0.443
2024-02-28 02:00:00+00:00,-6.95,41.202225,0.0,-0.1,0.443
2024-02-28 03:00:00+00:00,-6.95,38.66252,0.0,-0.2,0.443
2024-02-28 04:00:00+00:00,-6.95,38.66252,0.0,-0.3,0.443
2024-02-28 05:00:00+00:00,-4.45,33.214264,0.0,-0.35,0.443
2024-02-28 06:00:00+00:00,-2.1,31.898064,0.0,-0.3,0.443
2024-02-28 07:00:00+00:00,0.25,28.715696,0.0,-0.15,0.443
2024-02-28 08:00:00+00:00,1.85,35.043762,0.0,0.1,0.442
2024-02-28 09:00:00+00:00,3.3,36.200115,0.0,0.35,0.441
2024-02-28 10:00:00+00:00,4.45,35.146355,0.0,0.85,0.44
2024-02-28 11:00:00+00:00,5.4,34.4807,0.0,3.1,0.439
2024-02-28 12:00:00+00:00,6.0,33.20734,0.0,4.55,0.437
2024-02-28 13:00:00+00:00,5.0,33.690277,0.0,3.0,0.438
2024-02-28 14:00:00+00:00,3.85,44.69884,0.0,3.05,0.438
2024-02-28 15:00:00+00:00,0.3,51.861862,0.0,2.1,0.438
2024-02-28 16:00:00+00:00,-2.65,57.005962,0.0,0.85,0.438
2024-02-28 17:00:00+00:00,-2.55,48.26122,0.0,0.55,0.438
2024-02-28 18:00:00+00:00,-3.5,44.95958,0.0,0.4,0.438
2024-02-28 19:00:00+00:00,-3.2,38.87592,0.0,0.25,0.438
2024-02-28 20:00:00+00:00,-0.6,23.331642,0.0,0.1,0.438
2024-02-28 21:00:00+00:00,-0.85,23.159403,0.0,0.0,0.439
2024-02-28 22:00:00+00:00,-1.6,24.57236,0.0,-0.1,0.439
2024-02-28 23:00:00+00:00,-2.2,26.125723,0.0,-0.2,0.439
2024-02-29 00:00:00+00:00,-2.6,27.37357,0.0,-0.3,0.439
2024-02-29 01:00:00+00:00,-5.9,35.98282,0.0,0.0,0.439
2024-02-29 02:00:00+00:00,-5.45,32.61713,0.0,-0.1,0.439
2024-02-29 03:00:00+00:00,-5.55,31.894045,0.0,-0.25,0.44
2024-02-29 04:00:00+00:00,-5.35,30.351028,0.0,-0.3,0.44
2024-02-29 05:00:00+00:00,-3.5,27.214878,0.0,-0.35,0.44
2024-02-29 06:00:00+00:00,-1.05,25.374811,0.0,-0.3,0.44
2024-02-29 07:00:00+00:00,1.4,26.214361,0.0,-0.15,0.439
2024-02-29 08:00:00+00:00,2.95,35.66531,0.0,0.1,0.439
2024-02-29 09:00:00+00:00,4.5,37.289864,0.0,0.4,0.438
2024-02-29 10:00:00+00:00,5.75,35.959908,0.0,1.0,0.436
2024-02-29 11:00:00+00:00,6.7,35.28273,0.0,3.5,0.435
2024-02-29 12:00:00+00:00,7.3,33.471203,0.0,5.0,0.433
2024-02-29 13:00:00+00:00,6.2,34.055344,0.0,4.45,0.433
2024-02-29 14:00:00+00:00,4.95,63.746822,0.0,4.35,0.433
2024-02-29 15:00:00+00:00,3.35,41.707344,0.0,2.95,0.433
2024-02-29 16:00:00+00:00,2.15,41.66825,0.0,1.3,0.434
2024-02-29 17:00:00+00:00,2.65,31.79888,0.0,0.65,0.434
2024-02-29 18:00:00+00:00,1.85,25.278439,0.0,0.45,0.434
2024-02-29 19:00:00+00:00,1.35,19.331919,0.0,0.3,0.434
2024-02-29 20:00:00+00:00,0.95,16.805574,0.0,0.2,0.434
2024-02-29 21:00:00+00:00,0.6,19.377155,0.0,0.05,0.435
2024-02-29 22:00:00+00:00,0.35,21.684032,0.0,-0.05,0.435
2024-02-29 23:00:00+00:00,-0.15,23.663155,0.0,-0.1,0.435
2024-03-01 00:00:00+00:00,-0.8,25.341871,0.0,-0.2,0.435
2024-03-01 01:00:00+00:00,-2.65,25.00385,0.0,-0.25,0.435
2024-03-01 02:00:00+00:00,-2.9,25.692205,0.0,-0.35,0.435
2024-03-01 03:00:00+00:00,-3.1,26.757921,0.0,-0.45,0.436
2024-03-01 04:00:00+00:00,-3.35,28.210936,0.0,-0.5,0.436
2024-03-01 05:00:00+00:00,-2.35,29.750484,0.0,-0.5,0.436
2024-03-01 06:00:00+00:00,0.25,26.977272,0.0,-0.45,0.436
2024-03-01 07:00:00+00:00,2.2,26.671726,0.0,-0.25,0.435
2024-03-01 08:00:00+00:00,4.25,22.981384,0.0,-0.05,0.435
2024-03-01 09:00:00+00:00,5.4,35.02401,0.0,0.25,0.434
2024-03-01 10:00:00+00:00,6.7,35.69383,0.0,0.7,0.432
2024-03-01 11:00:00+00:00,7.75,35.19364,0.0,2.8,0.431
2024-03-01 12:00:00+00:00,8.3,36.315586,0.0,4.65,0.43
2024-03-01 13:00:00+00:00,7.45,38.33156,0.0,4.65,0.429
2024-03-01 14:00:00+00:00,6.25,58.89968,0.0,4.7,0.429
2024-03-01 15:00:00+00:00,5.35,45.316204,0.0,3.4,0.429
2024-03-01 16:00:00+00:00,3.7,47.84775,0.0,1.85,0.429
2024-03-01 17:00:00+00:00,2.7,49.23076,0.0,0.8,0.43
2024-03-01 18:00:00+00:00,1.95,50.161495,0.0,0.55,0.43
2024-03-01 19:00:00+00:00,1.05,51.07684,0.0,0.4,0.43
2024-03-01 20:00:00+00:00,1.5,45.04006,0.0,0.3,0.43
2024-03-01 21:00:00+00:00,0.85,44.84435,0.0,0.2,0.43
2024-03-01 22:00:00+00:00,0.4,43.832672,0.0,0.1,0.431
2024-03-01 23:00:00+00:00,-0.2,44.35007,0.0,0.0,0.431
2024-03-02 00:00:00+00:00,-0.85,43.800533,0.0,-0.1,0.431
2024-03-02 01:00:00+00:00,-1.6,50.710785,0.0,0.25,0.431
2024-03-02 02:00:00+00:00,-1.55,48.17367,0.0,0.15,0.431
2024-03-02 03:00:00+00:00,-2.05,48.02474,0.0,0.05,0.431
2024-03-02 04:00:00+00:00,-3.0,49.104794,0.0,0.0,0.432
2024-03-02 05:00:00+00:00,-0.95,44.298515,0.0,0.0,0.432
2024-03-02 06:00:00+00:00,0.9,53.666733,0.0,0.1,0.431
2024-03-02 07:00:00+00:00,2.6,55.385757,0.0,0.25,0.431
2024-03-02 08:00:00+00:00,4.6,52.277874,0.0,0.6,0.43
2024-03-02 09:00:00+00:00,6.4,49.17731,0.0,2.3,0.429
2024-03-02 10:00:00+00:00,7.9,46.23546,0.0,4.6,0.427
2024-03-02 11:00:00+00:00,8.85,44.328728,0.0,6.2,0.426
2024-03-02 12:00:00+00:00,9.05,42.771645,0.0,7.2,0.424
2024-03-02 13:00:00+00:00,8.4,41.47868,0.0,5.7,0.437
2024-03-02 14:00:00+00:00,7.3,55.612083,0.0,5.55,0.436
2024-03-02 15:00:00+00:00,6.3,51.205692,0.0,4.55,0.436
2024-03-02 16:00:00+00:00,2.8,67.365715,0.0,3.4,0.436
2024-03-02 17:00:00+00:00,0.45,77.947655,0.0,2.45,0.436
2024-03-02 18:00:00+00:00,-1.45,84.01579,0.0,1.45,0.436
2024-03-02 19:00:00+00:00,-2.7,84.81875,0.0,0.8,0.436
2024-03-02 20:00:00+00:00,-3.35,81.889984,0.0,0.6,0.436
2024-03-02 21:00:00+00:00,-3.8,78.14665,0.0,0.5,0.436
2024-03-02 22:00:00+00:00,-3.95,74.58573,0.0,0.35,0.436
2024-03-02 23:00:00+00:00,-4.2,72.822754,0.0,0.25,0.436
2024-03-03 00:00:00+00:00,-4.45,70.81274,0.0,0.15,0.437
2024-03-03 01:00:00+00:00,-3.5,59.305008,0.0,0.45,0.437
2024-03-03 02:00:00+00:00,-2.5,49.05618,0.0,0.3,0.437
2024-03-03 03:00:00+00:00,-2.8,49.95884,0.0,0.2,0.437
2024-03-03 04:00:00+00:00,-3.5,55.21562,0.0,0.1,0.437
2024-03-03 05:00:00+00:00,-1.95,61.599186,0.0,0.1,0.437
2024-03-03 06:00:00+00:00,0.6,61.7602,0.0,0.2,0.437
2024-03-03 07:00:00+00:00,2.35,60.803947,0.0,0.4,0.436
2024-03-03 08:00:00+00:00,3.55,55.642254,0.0,0.75,0.435
2024-03-03 09:00:00+00:00,4.45,51.844086,0.0,2.25,0.434
2024-03-03 10:00:00+00:00,4.65,51.317486,0.0,3.35,0.434
2024-03-03 11:00:00+00:00,5.45,50.020283,0.0,4.5,0.433
2024-03-03 12:00:00+00:00,5.8,49.189747,0.0,5.25,0.432
2024-03-03 13:00:00+00:00,4.05,59.43292,0.0,4.4,0.428
2024-03-03 14:00:00+00:00,3.5,61.31818,0.0,4.15,0.427
2024-03-03 15:00:00+00:00,2.55,65.09406,0.0,3.35,0.427
2024-03-03 16:00:00+00:00,0.4,80.5861,0.0,2.45,0.428
2024-03-03 17:00:00+00:00,-0.45,78.975235,0.0,1.45,0.428
2024-03-03 18:00:00+00:00,-0.85,76.28957,0.0,0.75,0.428
2024-03-03 19:00:00+00:00,-0.2,71.94453,0.0,0.65,0.428
2024-03-03 20:00:00+00:00,-0.05,69.04823,0.0,0.55,0.428
2024-03-03 21:00:00+00:00,-0.2,67.46418,0.0,0.4,0.428
2024-03-03 22:00:00+00:00,-0.45,66.3901,0.0,0.3,0.428
2024-03-03 23:00:00+00:00,-0.8,66.56443,0.0,0.2,0.429
2024-03-04 00:00:00+00:00,-1.15,67.51096,0.0,0.15,0.429
2024-03-04 01:00:00+00:00,-1.45,66.41693,0.0,0.55,0.429
2024-03-04 02:00:00+00:00,-1.9,67.344086,0.0,0.4,0.429
2024-03-04 03:00:00+00:00,-2.0,65.27519,0.0,0.3,0.429
2024-03-04 04:00:00+00:00,-2.2,64.22506,0.0,0.2,0.429
2024-03-04 05:00:00+00:00,-1.2,68.54005,0.0,0.2,0.429
2024-03-04 06:00:00+00:00,0.95,63.99287,0.0,0.3,0.429
2024-03-04 07:00:00+00:00,2.8,58.891796,0.0,0.55,0.429
2024-03-04 08:00:00+00:00,4.5,53.0416,0.0,1.8,0.428
2024-03-04 09:00:00+00:00,6.1,47.641308,0.0,4.25,0.426
2024-03-04 10:00:00+00:00,7.35,43.39544,0.0,6.15,0.424
2024-03-04 11:00:00+00:00,8.25,39.30795,0.0,7.55,0.423
2024-03-04 12:00:00+00:00,8.75,36.4511,0.0,8.3,0.421
2024-03-04 13:00:00+00:00,8.0,36.36355,0.0,7.6,0.414
2024-03-04 14:00:00+00:00,7.4,47.30772,0.0,7.1,0.414
2024-03-04 15:00:00+00:00,6.6,43.009686,0.0,5.75,0.414
2024-03-04 16:00:00+00:00,4.35,50.084023,0.0,4.1,0.414
2024-03-04 17:00:00+00:00,0.45,65.09762,0.0,2.8,0.415
2024-03-04 18:00:00+00:00,-0.9,68.34392,0.0,1.75,0.415
2024-03-04 19:00:00+00:00,-1.7,70.560555,0.0,0.9,0.415
2024-03-04 20:00:00+00:00,-1.1,64.486786,0.0,0.7,0.415
2024-03-04 21:00:00+00:00,0.95,51.845646,0.0,0.55,0.416
2024-03-04 22:00:00+00:00,0.8,51.602478,0.0,0.45,0.416
2024-03-04 23:00:00+00:00,0.45,52.513,0.0,0.35,0.416
2024-03-05 00:00:00+00:00,-0.1,54.434937,0.0,0.25,0.416
2024-03-05 01:00:00+00:00,-0.2,53.77606,0.0,0.55,0.421
2024-03-05 02:00:00+00:00,-0.55,54.948463,0.0,0.45,0.421
2024-03-05 03:00:00+00:00,-0.85,55.728233,0.0,0.35,0.421
2024-03-05 04:00:00+00:00,-0.85,55.51145,0.0,0.25,0.421
2024-03-05 05:00:00+00:00,0.3,61.685806,0.0,0.25,0.421
2024-03-05 06:00:00+00:00,2.4,60.360523,0.0,0.4,0.421
2024-03-05 07:00:00+00:00,4.3,59.05588,0.0,0.8,0.421
2024-03-05 08:00:00+00:00,6.2,56.764362,0.0,3.05,0.42
2024-03-05 09:00:00+00:00,8.0,54.39341,0.0,5.4,0.418
2024-03-05 10:00:00+00:00,9.4,51.31541,0.0,7.3,0.417
2024-03-05 11:00:00+00:00,10.2,45.382973,0.1,8.55,0.416
2024-03-05 12:00:00+00:00,10.0,38.95107,0.0,9.15,0.415
2024-03-05 13:00:00+00:00,9.45,43.690395,0.0,8.9,0.405
2024-03-05 14:00:00+00:00,8.55,50.8932,0.0,8.25,0.404
2024-03-05 15:00:00+00:00,4.75,71.84833,0.0,6.9,0.405
2024-03-05 16:00:00+00:00,2.9,73.61859,0.0,5.35,0.405
2024-03-05 17:00:00+00:00,1.2,83.10689,0.0,4.2,0.405
2024-03-05 18:00:00+00:00,-0.05,89.6283,0.0,3.25,0.405
2024-03-05 19:00:00+00:00,0.1,89.64044,0.0,2.65,0.406
2024-03-05 20:00:00+00:00,1.2,90.05554,0.0,2.5,0.406
2024-03-05 21:00:00+00:00,-0.65,90.5763,0.0,1.75,0.406
2024-03-05 22:00:00+00:00,-0.05,91.287636,0.0,1.55,0.406
2024-03-05 23:00:00+00:00,-1.25,91.542816,0.0,1.1,0.407
2024-03-06 00:00:00+00:00,-1.0,89.21995,0.0,0.8,0.407
2024-03-06 01:00:00+00:00,0.25,89.32465,0.0,2.5,0.392
2024-03-06 02:00:00+00:00,1.4,82.2237,0.0,1.95,0.393
2024-03-06 03:00:00+00:00,1.65,81.657,0.0,1.7,0.393
2024-03-06 04:00:00+00:00,1.8,81.97649,0.0,1.6,0.394
2024-03-06 05:00:00+00:00,3.0,79.78867,0.0,2.05,0.394
2024-03-06 06:00:00+00:00,3.85,80.20196,0.1,2.7,0.395
2024-03-06 07:00:00+00:00,5.0,78.66168,0.3,3.8,0.398
2024-03-06 08:00:00+00:00,5.85,75.763985,0.7,4.95,0.403
2024-03-06 09:00:00+00:00,6.15,73.68212,0.7,5.85,0.409
2024-03-06 10:00:00+00:00,6.7,69.43837,0.5,6.6,0.413
2024-03-06 11:00:00+00:00,7.35,64.767654,0.3,7.25,0.415
2024-03-06 12:00:00+00:00,6.95,70.23823,0.1,7.25,0.416
2024-03-06 13:00:00+00:00,7.2,64.50106,0.2,7.5,0.418
2024-03-06 14:00:00+00:00,6.3,70.10747,0.2,7.05,0.42
2024-03-06 15:00:00+00:00,4.9,90.97511,0.6,6.2,0.425
2024-03-06 16:00:00+00:00,3.1,100.0,2.7,5.35,0.445
2024-03-06 17:00:00+00:00,1.65,100.0,4.4,4.4,0.465
2024-03-06 18:00:00+00:00,1.45,99.64226,3.2,3.7,0.473
2024-03-06 19:00:00+00:00,1.35,98.57468,0.4,3.05,0.478
2024-03-06 20:00:00+00:00,1.4,97.51854,0.4,2.7,0.482
2024-03-06 21:00:00+00:00,1.45,97.51954,0.2,2.5,0.483
2024-03-06 22:00:00+00:00,1.6,97.87311,0.2,2.4,0.484
2024-03-06 23:00:00+00:00,1.6,98.224785,0.2,2.3,0.485
2024-03-07 00:00:00+00:00,1.4,97.86965,1.2,2.25,0.489
2024-03-07 01:00:00+00:00,0.35,99.2792,1.5,1.85,0.499
2024-03-07 02:00:00+00:00,0.45,98.208115,1.3,1.7,0.498
2024-03-07 03:00:00+00:00,0.25,97.49531,0.3,1.45,0.495
2024-03-07 04:00:00+00:00,-0.15,97.132774,0.1,1.35,0.492
2024-03-07 05:00:00+00:00,0.75,95.757545,0.0,1.8,0.491
2024-03-07 06:00:00+00:00,1.6,92.39601,0.0,2.7,0.492
2024-03-07 07:00:00+00:00,2.0,91.42674,0.0,3.85,0.496
2024-03-07 08:00:00+00:00,2.7,87.93049,0.1,4.95,0.502
2024-03-07 09:00:00+00:00,3.55,79.0077,0.1,6.25,0.507
2024-03-07 10:00:00+00:00,4.55,72.070595,0.0,7.3,0.509
2024-03-07 11:00:00+00:00,4.7,72.36108,0.0,7.8,0.51
2024-03-07 12:00:00+00:00,4.65,72.35154,0.0,7.95,0.51
2024-03-07 13:00:00+00:00,4.85,68.05791,0.0,7.7,0.508
2024-03-07 14:00:00+00:00,3.7,74.84771,0.0,6.95,0.506
2024-03-07 15:00:00+00:00,0.15,81.75369,0.0,5.65,0.503
2024-03-07 16:00:00+00:00,-0.65,85.055374,0.0,4.15,0.499
2024-03-07 17:00:00+00:00,-1.6,86.872765,0.0,3.0,0.497
2024-03-07 18:00:00+00:00,-2.65,87.09265,0.0,2.05,0.495
2024-03-07 19:00:00+00:00,-3.4,85.70735,0.0,1.3,0.493
2024-03-07 20:00:00+00:00,-2.6,81.0655,0.0,0.75,0.492
2024-03-07 21:00:00+00:00,-4.15,83.68216,0.0,0.6,0.49
2024-03-07 22:00:00+00:00,-2.7,79.82892,0.0,0.45,0.489
2024-03-07 23:00:00+00:00,-1.75,76.42346,0.0,0.35,0.488
2024-03-08 00:00:00+00:00,-1.65,75.57636,0.0,0.25,0.487
2024-03-08 01:00:00+00:00,-0.8,76.58571,0.1,0.2,0.486
2024-03-08 02:00:00+00:00,-1.05,79.77547,0.0,0.15,0.485
2024-03-08 03:00:00+00:00,-1.4,81.84731,0.0,0.05,0.485
2024-03-08 04:00:00+00:00,-1.8,84.605515,0.0,0.0,0.484
2024-03-08 05:00:00+00:00,-0.55,83.19209,0.0,0.05,0.483
2024-03-08 06:00:00+00:00,1.1,80.09418,0.0,0.2,0.483
2024-03-08 07:00:00+00:00,2.7,75.771866,0.0,0.45,0.482
2024-03-08 08:00:00+00:00,4.5,69.99566,0.0,1.45,0.48
2024-03-08 09:00:00+00:00,6.0,61.47817,0.1,4.3,0.48
2024-03-08 10:00:00+00:00,6.75,60.33062,0.2,6.0,0.48
2024-03-08 11:00:00+00:00,7.65,55.90817,0.0,7.15,0.48
2024-03-08 12:00:00+00:00,7.5,55.665085,0.0,7.75,0.48
2024-03-08 13:00:00+00:00,5.5,69.19104,0.2,7.25,0.481
2024-03-08 14:00:00+00:00,5.2,70.903244,0.0,6.65,0.482
2024-03-08 15:00:00+00:00,3.65,80.75372,0.1,5.6,0.483
2024-03-08 16:00:00+00:00,1.15,89.39912,0.1,4.15,0.483
2024-03-08 17:00:00+00:00,-0.7,91.57959,0.0,2.9,0.483
2024-03-08 18:00:00+00:00,-1.75,91.50918,0.0,1.95,0.482
2024-03-08 19:00:00+00:00,-2.3,88.44448,0.0,1.1,0.481
2024-03-08 20:00:00+00:00,-2.85,87.73131,0.0,0.75,0.481
2024-03-08 21:00:00+00:00,-3.05,87.052345,0.0,0.6,0.48
2024-03-08 22:00:00+00:00,-3.4,86.68787,0.0,0.5,0.48
2024-03-08 23:00:00+00:00,-3.55,86.344,0.0,0.4,0.48
2024-03-09 00:00:00+00:00,-3.55,85.36573,0.0,0.3,0.479
2024-03-09 01:00:00+00:00,-1.75,76.71367,0.0,0.2,0.477
2024-03-09 02:00:00+00:00,-2.0,79.933945,0.0,0.1,0.477
2024-03-09 03:00:00+00:00,-2.15,82.05365,0.0,0.05,0.476
2024-03-09 04:00:00+00:00,-1.95,83.3259,0.0,0.05,0.476
2024-03-09 05:00:00+00:00,-0.85,86.94869,0.0,0.1,0.476
2024-03-09 06:00:00+00:00,0.75,83.66308,0.0,0.2,0.475
2024-03-09 07:00:00+00:00,3.0,77.21912,0.0,0.45,0.475
2024-03-09 08:00:00+00:00,3.4,75.61641,0.4,0.8,0.474
2024-03-09 09:00:00+00:00,4.3,73.07637,0.5,2.5,0.475
2024-03-09 10:00:00+00:00,3.2,81.570724,0.7,3.15,0.478
2024-03-09 11:00:00+00:00,3.1,87.02513,0.7,3.8,0.482
2024-03-09 12:00:00+00:00,2.3,95.12689,1.4,3.85,0.489
2024-03-09 13:00:00+00:00,3.1,80.96881,1.1,4.5,0.489
2024-03-09 14:00:00+00:00,2.05,91.10126,1.3,3.8,0.492
2024-03-09 15:00:00+00:00,1.2,96.46617,2.3,3.05,0.494
2024-03-09 16:00:00+00:00,0.75,99.640205,1.5,2.4,0.494
2024-03-09 17:00:00+00:00,0.7,98.56712,1.2,1.95,0.493
2024-03-09 18:00:00+00:00,0.5,98.20883,1.2,1.65,0.492
2024-03-09 19:00:00+00:00,0.65,97.15131,0.7,1.5,0.491
2024-03-09 20:00:00+00:00,0.25,98.56186,0.6,1.4,0.492
2024-03-09 21:00:00+00:00,0.3,98.205925,2.0,1.3,0.492
2024-03-09 22:00:00+00:00,-0.35,98.914345,1.1,1.15,0.491
2024-03-09 23:00:00+00:00,0.3,98.92009,0.9,1.05,0.49
2024-03-10 00:00:00+00:00,0.15,99.27803,1.7,1.0,0.488
2024-03-10 01:00:00+00:00,-0.45,92.95176,0.0,0.8,0.494
2024-03-10 02:00:00+00:00,0.2,92.31149,0.6,0.75,0.493
2024-03-10 03:00:00+00:00,0.35,92.996445,0.2,0.8,0.492
2024-03-10 04:00:00+00:00,0.4,93.33866,0.0,0.75,0.491
2024-03-10 05:00:00+00:00,0.9,91.02084,0.1,0.9,0.49
2024-03-10 06:00:00+00:00,1.7,89.768684,0.1,1.75,0.489
2024-03-10 07:00:00+00:00,2.1,87.87488,0.1,2.4,0.491
2024-03-10 08:00:00+00:00,2.9,85.761215,0.1,3.15,0.493
2024-03-10 09:00:00+00:00,4.15,81.69904,0.1,4.5,0.496
2024-03-10 10:00:00+00:00,5.75,73.345665,0.2,6.45,0.501
2024-03-10 11:00:00+00:00,5.95,66.10487,0.2,6.95,0.504
2024-03-10 12:00:00+00:00,5.55,64.12061,0.0,6.65,0.505
2024-03-10 13:00:00+00:00,5.5,67.2144,0.0,6.85,0.501
2024-03-10 14:00:00+00:00,5.1,63.54878,0.0,6.4,0.499
2024-03-10 15:00:00+00:00,4.0,67.13231,0.0,5.2,0.498
2024-03-10 16:00:00+00:00,3.55,67.03353,0.0,3.6,0.497
2024-03-10 17:00:00+00:00,0.0,79.932014,0.0,2.4,0.496
2024-03-10 18:00:00+00:00,-0.6,78.36308,0.0,1.45,0.494
2024-03-10 19:00:00+00:00,-1.3,77.37164,0.0,0.8,0.493
2024-03-10 20:00:00+00:00,-2.35,79.5792,0.0,0.65,0.493
2024-03-10 21:00:00+00:00,-2.2,77.51607,0.0,0.5,0.492
2024-03-10 22:00:00+00:00,-0.8,70.74506,0.0,0.4,0.491
2024-03-10 23:00:00+00:00,-0.7,70.765465,0.0,0.3,0.49
2024-03-11 00:00:00+00:00,-0.95,72.61732,0.0,0.2,0.49
2024-03-11 01:00:00+00:00,-2.0,76.3805,0.0,0.15,0.487
2024-03-11 02:00:00+00:00,-1.6,73.88321,0.0,0.1,0.487
2024-03-11 03:00:00+00:00,-1.25,71.736694,0.0,0.0,0.486
2024-03-11 04:00:00+00:00,-1.45,71.97038,0.0,-0.05,0.485
2024-03-11 05:00:00+00:00,-0.2,68.23631,0.0,0.0,0.485
2024-03-11 06:00:00+00:00,1.35,73.6025,0.0,0.15,0.484
2024-03-11 07:00:00+00:00,3.15,68.19362,0.0,0.4,0.483
2024-03-11 08:00:00+00:00,4.7,61.84036,0.0,0.95,0.481
2024-03-11 09:00:00+00:00,6.1,56.11451,0.0,3.75,0.479
2024-03-11 10:00:00+00:00,7.4,50.571472,0.0,5.9,0.477
2024-03-11 11:00:00+00:00,8.25,46.337097,0.0,7.3,0.475
2024-03-11 12:00:00+00:00,8.4,42.738644,0.0,8.0,0.473
2024-03-11 13:00:00+00:00,7.25,43.69307,0.0,7.95,0.472
2024-03-11 14:00:00+00:00,6.5,43.635216,0.0,7.25,0.471
2024-03-11 15:00:00+00:00,3.4,59.712383,0.0,5.95,0.471
2024-03-11 16:00:00+00:00,1.05,64.25895,0.0,4.35,0.471
2024-03-11 17:00:00+00:00,-0.6,67.89052,0.0,3.1,0.471
2024-03-11 18:00:00+00:00,-1.65,65.105446,0.0,2.05,0.471
2024-03-11 19:00:00+00:00,-2.4,61.48603,0.0,1.1,0.471
2024-03-11 20:00:00+00:00,-2.3,55.98779,0.0,0.7,0.471
2024-03-11 21:00:00+00:00,-0.55,41.500557,0.0,0.55,0.471
2024-03-11 22:00:00+00:00,-0.75,40.94162,0.0,0.45,0.471
2024-03-11 23:00:00+00:00,-1.25,42.295456,0.0,0.35,0.471
2024-03-12 00:00:00+00:00,-1.55,42.37362,0.0,0.25,0.471
2024-03-12 01:00:00+00:00,-2.2,44.093925,0.0,0.65,0.471
2024-03-12 02:00:00+00:00,-2.35,43.340225,0.0,0.5,0.47
2024-03-12 03:00:00+00:00,-2.25,42.500854,0.0,0.35,0.47
2024-03-12 04:00:00+00:00,-2.35,42.816147,0.0,0.25,0.47
2024-03-12 05:00:00+00:00,-1.0,51.692528,0.0,0.3,0.47
2024-03-12 06:00:00+00:00,1.0,53.901966,0.0,0.45,0.47
2024-03-12 07:00:00+00:00,2.85,55.24383,0.0,0.9,0.469
2024-03-12 08:00:00+00:00,4.65,55.314194,0.0,3.25,0.467
2024-03-12 09:00:00+00:00,6.35,53.550167,0.0,5.5,0.465
2024-03-12 10:00:00+00:00,8.05,49.463604,0.0,7.3,0.464
2024-03-12 11:00:00+00:00,9.4,48.057606,0.0,8.55,0.462
2024-03-12 12:00:00+00:00,10.25,46.573025,0.0,9.25,0.46
2024-03-12 13:00:00+00:00,8.95,48.63758,0.0,9.0,0.459
2024-03-12 14:00:00+00:00,8.6,49.43738,0.0,8.45,0.459
2024-03-12 15:00:00+00:00,7.7,53.523937,0.0,7.2,0.459
2024-03-12 16:00:00+00:00,5.8,59.21875,0.0,5.45,0.459
2024-03-12 17:00:00+00:00,1.25,74.684746,0.0,4.1,0.459
2024-03-12 18:00:00+00:00,0.2,77.04152,0.0,3.15,0.459
2024-03-12 19:00:00+00:00,-1.05,80.07524,0.0,2.35,0.459
2024-03-12 20:00:00+00:00,-1.65,77.31365,0.0,1.6,0.46
2024-03-12 21:00:00+00:00,-2.35,75.4522,0.0,1.0,0.46
2024-03-12 22:00:00+00:00,-2.85,73.365814,0.0,0.75,0.46
2024-03-12 23:00:00+00:00,-1.7,61.42301,0.0,0.6,0.46
2024-03-13 00:00:00+00:00,-0.1,49.566803,0.0,0.5,0.46
2024-03-13 01:00:00+00:00,-0.95,59.73573,0.0,0.65,0.46
2024-03-13 02:00:00+00:00,-1.2,61.31099,0.0,0.5,0.46
2024-03-13 03:00:00+00:00,-1.15,62.03837,0.0,0.4,0.46
2024-03-13 04:00:00+00:00,-2.4,78.96982,0.0,0.35,0.46
2024-03-13 05:00:00+00:00,0.25,70.42637,0.0,0.4,0.46
2024-03-13 06:00:00+00:00,2.05,70.26897,0.0,0.65,0.46
2024-03-13 07:00:00+00:00,4.2,66.440765,0.0,2.05,0.459
2024-03-13 08:00:00+00:00,6.4,60.684814,0.0,4.45,0.458
2024-03-13 09:00:00+00:00,8.25,56.06608,0.0,6.45,0.456
2024-03-13 10:00:00+00:00,9.85,52.94737,0.0,8.1,0.454
2024-03-13 11:00:00+00:00,10.85,50.79421,0.0,9.25,0.453
2024-03-13 12:00:00+00:00,11.25,49.82065,0.0,9.8,0.451
2024-03-13 13:00:00+00:00,10.25,53.246677,0.0,9.7,0.448
2024-03-13 14:00:00+00:00,9.6,57.02864,0.0,9.15,0.448
2024-03-13 15:00:00+00:00,7.55,70.10868,0.0,8.0,0.448
2024-03-13 16:00:00+00:00,7.2,65.43524,0.0,6.4,0.449
2024-03-13 17:00:00+00:00,2.75,81.805756,0.0,5.2,0.449
2024-03-13 18:00:00+00:00,1.8,81.0821,0.0,4.2,0.449
2024-03-13 19:00:00+00:00,1.45,78.39575,0.0,3.55,0.449
2024-03-13 20:00:00+00:00,0.65,77.11625,0.0,2.9,0.449
2024-03-13 21:00:00+00:00,-0.05,75.85684,0.0,2.35,0.45
2024-03-13 22:00:00+00:00,2.7,55.412838,0.0,1.9,0.45
2024-03-13 23:00:00+00:00,2.75,54.59188,0.0,1.5,0.45
2024-03-14 00:00:00+00:00,2.3,56.794502,0.0,1.1,0.45
2024-03-14 01:00:00+00:00,0.7,64.66432,0.0,2.2,0.442
2024-03-14 02:00:00+00:00,1.3,56.743866,0.0,1.4,0.443
2024-03-14 03:00:00+00:00,1.2,54.79359,0.0,0.9,0.443
2024-03-14 04:00:00+00:00,-0.9,73.45612,0.0,0.8,0.443
2024-03-14 05:00:00+00:00,2.4,62.202625,0.0,1.2,0.443
2024-03-14 06:00:00+00:00,3.85,66.36282,0.0,2.35,0.443
2024-03-14 07:00:00+00:00,5.4,65.74249,0.0,3.8,0.442
2024-03-14 08:00:00+00:00,7.2,61.10226,0.0,5.4,0.441
2024-03-14 09:00:00+00:00,8.55,56.756935,0.0,6.6,0.44
2024-03-14 10:00:00+00:00,10.25,49.541096,0.0,8.1,0.439
2024-03-14 11:00:00+00:00,11.3,42.027355,0.0,9.4,0.438
2024-03-14 12:00:00+00:00,11.55,39.995884,0.0,10.25,0.436
2024-03-14 13:00:00+00:00,12.1,36.631866,0.0,10.8,0.434
2024-03-14 14:00:00+00:00,11.7,41.533695,0.0,10.4,0.434
2024-03-14 15:00:00+00:00,9.8,48.87845,0.0,9.2,0.434
2024-03-14 16:00:00+00:00,6.95,59.942936,0.0,7.55,0.434
2024-03-14 17:00:00+00:00,3.2,79.52928,0.0,6.2,0.434
2024-03-14 18:00:00+00:00,2.15,81.72483,0.0,5.1,0.435
2024-03-14 19:00:00+00:00,1.3,84.03754,0.0,4.2,0.435
2024-03-14 20:00:00+00:00,0.4,84.86156,0.0,3.4,0.435
2024-03-14 21:00:00+00:00,-0.1,83.86794,0.0,2.75,0.435
2024-03-14 22:00:00+00:00,1.7,71.78051,0.0,2.25,0.436
2024-03-14 23:00:00+00:00,2.5,66.55347,0.0,2.0,0.436
2024-03-15 00:00:00+00:00,2.4,66.77925,0.0,1.7,0.436
2024-03-15 01:00:00+00:00,2.5,64.8402,0.0,2.9,0.434
2024-03-15 02:00:00+00:00,2.35,65.53536,0.0,2.45,0.434
2024-03-15 03:00:00+00:00,2.25,66.250084,0.0,2.0,0.434
2024-03-15 04:00:00+00:00,2.2,66.734764,0.0,1.7,0.435
2024-03-15 05:00:00+00:00,4.2,67.6703,0.0,2.55,0.435
2024-03-15 06:00:00+00:00,6.75,67.72736,0.0,4.1,0.434
2024-03-15 07:00:00+00:00,9.2,61.586365,0.0,6.05,0.433
2024-03-15 08:00:00+00:00,10.85,57.14631,0.0,8.0,0.432
2024-03-15 09:00:00+00:00,11.9,56.611523,0.1,9.75,0.43
2024-03-15 10:00:00+00:00,12.25,50.81686,0.1,10.65,0.43
2024-03-15 11:00:00+00:00,11.45,46.076275,0.0,10.7,0.429
2024-03-15 12:00:00+00:00,11.05,47.8296,0.1,10.6,0.43
2024-03-15 13:00:00+00:00,10.0,58.366985,0.0,11.25,0.427
2024-03-15 14:00:00+00:00,7.85,73.46955,0.2,10.35,0.429
2024-03-15 15:00:00+00:00,6.0,87.00091,0.8,9.0,0.435
2024-03-15 16:00:00+00:00,4.85,96.90627,0.4,7.7,0.439
2024-03-15 17:00:00+00:00,4.35,98.955,0.4,6.75,0.443
2024-03-15 18:00:00+00:00,4.4,99.65073,0.3,6.2,0.447
2024-03-15 19:00:00+00:00,3.2,98.24758,0.2,5.3,0.449
2024-03-15 20:00:00+00:00,3.7,97.56405,0.0,5.1,0.449
2024-03-15 21:00:00+00:00,3.6,98.94867,0.0,4.95,0.449
2024-03-15 22:00:00+00:00,3.3,99.64761,0.1,4.7,0.45
2024-03-15 23:00:00+00:00,3.15,100.0,0.1,4.45,0.451
2024-03-16 00:00:00+00:00,3.2,99.29573,0.1,4.4,0.452
2024-03-16 01:00:00+00:00,1.8,95.10744,0.1,2.15,0.48
2024-03-16 02:00:00+00:00,2.2,92.76448,0.2,2.35,0.481
2024-03-16 03:00:00+00:00,2.2,95.46425,0.2,2.6,0.481
2024-03-16 04:00:00+00:00,2.55,93.78608,0.1,2.85,0.481
2024-03-16 05:00:00+00:00,3.1,93.14692,0.2,3.3,0.481
2024-03-16 06:00:00+00:00,3.95,89.62596,0.2,4.0,0.482
2024-03-16 07:00:00+00:00,5.15,83.300156,0.0,5.1,0.48
2024-03-16 08:00:00+00:00,6.2,76.09383,0.1,5.95,0.479
2024-03-16 09:00:00+00:00,7.05,71.52127,0.1,6.9,0.478
2024-03-16 10:00:00+00:00,8.7,67.90006,0.2,8.8,0.477
2024-03-16 11:00:00+00:00,9.45,58.436527,0.2,9.95,0.476
2024-03-16 12:00:00+00:00,9.55,55.601498,0.0,10.45,0.474
2024-03-16 13:00:00+00:00,9.05,55.670273,0.0,10.6,0.469
2024-03-16 14:00:00+00:00,8.35,58.157463,0.0,9.95,0.467
2024-03-16 15:00:00+00:00,6.3,77.47434,0.0,8.8,0.466
2024-03-16 16:00:00+00:00,3.55,82.505135,0.0,7.25,0.466
2024-03-16 17:00:00+00:00,3.65,82.22166,0.0,6.35,0.465
2024-03-16 18:00:00+00:00,4.05,80.80993,0.2,5.85,0.466
2024-03-16 19:00:00+00:00,2.2,90.78427,0.1,5.1,0.466
2024-03-16 20:00:00+00:00,0.95,91.3559,0.0,4.3,0.466
2024-03-16 21:00:00+00:00,0.75,90.02059,0.0,3.65,0.465
2024-03-16 22:00:00+00:00,1.3,85.27553,0.0,3.15,0.465
2024-03-16 23:00:00+00:00,0.55,89.02342,0.0,2.85,0.465
2024-03-17 00:00:00+00:00,1.3,91.37961,0.3,2.85,0.466
2024-03-17 01:00:00+00:00,1.2,79.22831,0.0,1.6,0.463
2024-03-17 02:00:00+00:00,1.5,78.98283,0.0,1.95,0.463
2024-03-17 03:00:00+00:00,1.35,80.722,0.0,1.95,0.463
2024-03-17 04:00:00+00:00,0.8,84.907455,0.0,1.6,0.462
2024-03-17 05:00:00+00:00,2.3,85.386604,0.0,2.35,0.462
2024-03-17 06:00:00+00:00,4.35,81.72589,0.0,3.95,0.461
2024-03-17 07:00:00+00:00,6.1,75.00012,0.0,5.7,0.461
2024-03-17 08:00:00+00:00,7.1,73.85445,0.0,6.95,0.46
2024-03-17 09:00:00+00:00,8.4,68.31893,0.1,8.35,0.459
2024-03-17 10:00:00+00:00,9.4,60.763306,0.0,9.45,0.457
2024-03-17 11:00:00+00:00,9.75,53.303345,0.1,10.4,0.456
2024-03-17 12:00:00+00:00,9.75,52.7296,0.1,10.8,0.455
2024-03-17 13:00:00+00:00,9.5,53.04371,0.1,10.55,0.457
2024-03-17 14:00:00+00:00,8.9,55.630787,0.0,9.9,0.456
2024-03-17 15:00:00+00:00,7.55,76.05113,0.3,8.95,0.458
2024-03-17 16:00:00+00:00,6.3,83.73509,0.5,7.95,0.461
2024-03-17 17:00:00+00:00,4.85,87.50537,0.1,6.8,0.462
2024-03-17 18:00:00+00:00,5.05,88.76919,0.3,6.2,0.464
2024-03-17 19:00:00+00:00,4.55,91.27248,0.1,5.65,0.465
2024-03-17 20:00:00+00:00,4.3,93.87111,0.3,5.3,0.468
2024-03-17 21:00:00+00:00,4.15,91.24541,0.2,4.95,0.47
2024-03-17 22:00:00+00:00,4.05,94.52449,0.4,4.8,0.473
2024-03-17 23:00:00+00:00,4.05,94.858765,0.8,4.7,0.481
2024-03-18 00:00:00+00:00,4.1,96.20787,1.4,4.7,0.495
2024-03-18 01:00:00+00:00,3.6,98.94867,1.1,4.55,0.498
2024-03-18 02:00:00+00:00,3.45,95.848145,0.9,4.5,0.503
2024-03-18 03:00:00+00:00,3.5,96.18973,0.5,4.4,0.502
2024-03-18 04:00:00+00:00,3.55,94.16834,0.6,4.35,0.502
2024-03-18 05:00:00+00:00,3.95,89.3078,0.7,4.5,0.504
2024-03-18 06:00:00+00:00,4.35,88.70906,0.3,4.8,0.501
2024-03-18 07:00:00+00:00,4.5,88.408066,0.4,4.9,0.5
2024-03-18 08:00:00+00:00,5.2,86.31025,0.7,5.65,0.503
2024-03-18 09:00:00+00:00,5.35,85.11402,0.9,5.9,0.506
2024-03-18 10:00:00+00:00,5.6,86.04748,1.2,6.15,0.511
2024-03-18 11:00:00+00:00,6.25,84.61692,1.1,6.65,0.511
2024-03-18 12:00:00+00:00,6.05,84.296844,1.0,6.45,0.512
2024-03-18 13:00:00+00:00,4.75,88.43011,1.5,6.05,0.511
2024-03-18 14:00:00+00:00,4.3,90.61186,2.0,5.7,0.519
2024-03-18 15:00:00+00:00,3.0,98.94355,3.8,5.2,0.512
2024-03-18 16:00:00+00:00,2.3,99.64474,4.0,4.7,0.519
2024-03-18 17:00:00+00:00,2.15,98.93625,2.6,4.2,0.517
2024-03-18 18:00:00+00:00,2.6,93.78853,1.0,3.85,0.516
2024-03-18 19:00:00+00:00,2.7,93.79343,1.5,3.7,0.52
2024-03-18 20:00:00+00:00,2.15,97.1856,2.3,3.55,0.51
2024-03-18 21:00:00+00:00,1.75,100.0,2.1,3.4,0.519
2024-03-18 22:00:00+00:00,1.95,96.48743,1.6,3.2,0.519
2024-03-18 23:00:00+00:00,1.5,98.930626,3.8,3.05,0.502
2024-03-19 00:00:00+00:00,1.55,97.521545,1.6,2.9,0.513
2024-03-19 01:00:00+00:00,3.2,95.500206,0.2,3.5,0.492
2024-03-19 02:00:00+00:00,3.25,96.18213,0.2,3.6,0.495
2024-03-19 03:00:00+00:00,3.25,95.163536,0.1,3.65,0.495
2024-03-19 04:00:00+00:00,3.15,95.83821,0.0,3.7,0.495
2024-03-19 05:00:00+00:00,3.95,93.52283,0.0,4.15,0.495
2024-03-19 06:00:00+00:00,4.6,89.04528,0.0,4.8,0.494
2024-03-19 07:00:00+00:00,5.6,86.04748,0.0,5.85,0.494
2024-03-19 08:00:00+00:00,5.9,85.47523,1.1,6.5,0.504
2024-03-19 09:00:00+00:00,6.1,86.09957,3.0,7.0,0.509
2024-03-19 10:00:00+00:00,6.5,83.46544,1.3,7.2,0.516
2024-03-19 11:00:00+00:00,6.2,85.80834,1.0,6.9,0.517
2024-03-19 12:00:00+00:00,6.05,89.165695,1.1,7.0,0.508
2024-03-19 13:00:00+00:00,7.95,79.107155,0.1,8.45,0.507
2024-03-19 14:00:00+00:00,7.45,82.42222,0.1,8.0,0.506
2024-03-19 15:00:00+00:00,6.45,91.08204,0.1,7.3,0.505
2024-03-19 16:00:00+00:00,5.05,94.56739,0.1,6.45,0.504
2024-03-19 17:00:00+00:00,4.15,94.5288,0.0,5.7,0.503
2024-03-19 18:00:00+00:00,3.8,92.52606,0.2,5.15,0.503
2024-03-19 19:00:00+00:00,3.7,92.52022,1.8,4.8,0.515
2024-03-19 20:00:00+00:00,3.25,94.82614,1.0,4.45,0.503
2024-03-19 21:00:00+00:00,3.3,94.15683,0.1,4.2,0.502
2024-03-19 22:00:00+00:00,2.8,94.80766,0.0,3.95,0.501
2024-03-19 23:00:00+00:00,2.6,93.4537,0.0,3.75,0.5
2024-03-20 00:00:00+00:00,2.6,92.12492,0.0,3.55,0.499
2024-03-20 01:00:00+00:00,1.6,92.39601,2.3,3.05,0.518
2024-03-20 02:00:00+00:00,2.15,93.430405,0.1,3.0,0.512
2024-03-20 03:00:00+00:00,1.8,95.10744,0.0,2.8,0.509
2024-03-20 04:00:00+00:00,2.2,93.433,0.0,2.8,0.507
2024-03-20 05:00:00+00:00,3.4,92.502655,0.0,3.5,0.505
2024-03-20 06:00:00+00:00,4.45,88.40365,0.0,4.4,0.503
2024-03-20 07:00:00+00:00,5.5,85.13066,0.0,5.5,0.502
2024-03-20 08:00:00+00:00,5.85,83.97685,0.1,5.9,0.501
2024-03-20 09:00:00+00:00,6.6,82.60277,0.1,6.65,0.501
2024-03-20 10:00:00+00:00,6.9,81.77588,0.3,6.85,0.502
2024-03-20 11:00:00+00:00,8.4,72.79821,0.2,7.9,0.502
2024-03-20 12:00:00+00:00,9.2,67.76637,0.1,8.9,0.501
2024-03-20 13:00:00+00:00,8.75,65.08433,0.1,10.3,0.498
2024-03-20 14:00:00+00:00,7.9,66.061935,0.1,9.7,0.497
2024-03-20 15:00:00+00:00,6.55,72.97063,0.1,8.7,0.496
2024-03-20 16:00:00+00:00,5.5,80.43794,0.0,7.35,0.495
2024-03-20 17:00:00+00:00,4.55,86.858116,0.0,6.3,0.494
2024-03-20 18:00:00+00:00,3.45,93.165726,0.5,5.7,0.497
2024-03-20 19:00:00+00:00,3.85,87.72265,0.3,5.05,0.498
2024-03-20 20:00:00+00:00,3.65,87.3911,0.0,4.5,0.497
2024-03-20 21:00:00+00:00,3.25,89.56992,0.4,3.95,0.5
2024-03-20 22:00:00+00:00,3.45,92.177086,0.3,4.1,0.502
2024-03-20 23:00:00+00:00,3.45,95.50915,0.2,4.2,0.502
2024-03-21 00:00:00+00:00,3.45,96.87154,0.2,4.25,0.502
2024-03-21 01:00:00+00:00,2.9,96.514046,1.3,5.1,0.503
2024-03-21 02:00:00+00:00,2.8,95.14623,0.7,4.65,0.507
2024-03-21 03:00:00+00:00,2.6,95.47868,0.8,4.25,0.512
2024-03-21 04:00:00+00:00,2.7,95.14237,0.6,4.05,0.512
2024-03-21 05:00:00+00:00,3.2,93.81785,0.3,4.2,0.511
2024-03-21 06:00:00+00:00,3.6,92.51438,0.8,4.55,0.514
2024-03-21 07:00:00+00:00,3.6,93.17377,2.8,5.05,0.509
2024-03-21 08:00:00+00:00,3.7,92.84914,1.6,5.2,0.518
2024-03-21 09:00:00+00:00,4.1,92.21664,2.3,5.75,0.513
2024-03-21 10:00:00+00:00,4.45,89.34872,1.6,5.75,0.519
2024-03-21 11:00:00+00:00,4.7,89.05364,1.0,5.7,0.519
2024-03-21 12:00:00+00:00,5.35,86.32566,1.2,6.0,0.519
2024-03-21 13:00:00+00:00,7.95,70.687675,0.4,8.45,0.512
2024-03-21 14:00:00+00:00,7.75,71.91036,0.1,8.35,0.509
2024-03-21 15:00:00+00:00,6.5,83.75905,0.7,7.65,0.511
2024-03-21 16:00:00+00:00,5.75,91.67285,0.3,6.9,0.511
2024-03-21 17:00:00+00:00,5.3,94.57803,0.3,6.35,0.511
2024-03-21 18:00:00+00:00,4.6,95.54988,0.4,5.75,0.512
2024-03-21 19:00:00+00:00,4.3,95.203575,0.6,5.35,0.514
2024-03-21 20:00:00+00:00,4.2,95.872795,0.8,5.1,0.516
2024-03-21 21:00:00+00:00,3.7,97.56405,1.0,4.8,0.519
2024-03-21 22:00:00+00:00,3.8,97.91047,1.4,4.75,0.508
2024-03-21 23:00:00+00:00,3.9,98.25741,0.7,4.7,0.511
2024-03-22 00:00:00+00:00,3.65,99.648605,1.0,4.65,0.517
2024-03-22 01:00:00+00:00,3.55,97.90628,1.2,5.2,0.518
2024-03-22 02:00:00+00:00,3.65,97.56308,1.1,4.95,0.518
2024-03-22 03:00:00+00:00,3.65,96.19427,0.4,4.75,0.514
2024-03-22 04:00:00+00:00,3.25,96.523796,1.3,4.55,0.518
2024-03-22 05:00:00+00:00,3.45,95.17122,1.2,4.5,0.519
2024-03-22 06:00:00+00:00,3.1,98.94442,2.7,4.9,0.501
2024-03-22 07:00:00+00:00,3.1,98.94442,2.4,4.95,0.519
2024-03-22 08:00:00+00:00,3.85,96.54039,1.8,5.2,0.503
2024-03-22 09:00:00+00:00,3.95,93.85423,3.3,5.4,0.493
2024-03-22 10:00:00+00:00,4.65,90.31763,1.2,6.15,0.505
2024-03-22 11:00:00+00:00,2.95,99.64661,2.1,5.9,0.52
2024-03-22 12:00:00+00:00,3.4,93.82758,0.7,5.7,0.497
2024-03-22 13:00:00+00:00,2.95,95.152016,0.6,5.35,0.512
2024-03-22 14:00:00+00:00,3.95,88.35934,0.1,5.35,0.511
2024-03-22 15:00:00+00:00,3.3,92.4968,0.4,4.85,0.511
2024-03-22 16:00:00+00:00,3.0,97.20475,0.4,4.3,0.512
2024-03-22 17:00:00+00:00,2.7,100.0,0.1,3.9,0.51
2024-03-22 18:00:00+00:00,2.45,99.29144,0.7,3.65,0.513
2024-03-22 19:00:00+00:00,2.1,97.88168,1.0,3.45,0.516
2024-03-22 20:00:00+00:00,2.2,97.18673,0.5,3.25,0.514
2024-03-22 21:00:00+00:00,2.1,97.88168,0.2,3.05,0.513
2024-03-22 22:00:00+00:00,2.1,97.53253,0.4,2.95,0.513
2024-03-22 23:00:00+00:00,2.0,98.23053,0.5,2.9,0.513
2024-03-23 00:00:00+00:00,1.5,98.576416,0.9,2.7,0.514
2024-03-23 01:00:00+00:00,1.3,98.22045,0.1,2.45,0.508
2024-03-23 02:00:00+00:00,1.35,97.86879,0.9,2.55,0.51
2024-03-23 03:00:00+00:00,1.1,100.0,1.5,2.55,0.51
2024-03-23 04:00:00+00:00,1.05,100.0,1.6,2.5,0.51
2024-03-23 05:00:00+00:00,1.15,99.64138,1.4,2.6,0.511
2024-03-23 06:00:00+00:00,1.8,96.48319,0.7,3.15,0.513
2024-03-23 07:00:00+00:00,2.35,97.88596,0.8,3.85,0.515
2024-03-23 08:00:00+00:00,2.85,96.85648,0.8,4.35,0.516
2024-03-23 09:00:00+00:00,3.9,86.793365,0.4,4.95,0.515
2024-03-23 10:00:00+00:00,5.0,78.10046,0.4,5.9,0.515
2024-03-23 11:00:00+00:00,4.5,81.745995,0.5,6.25,0.515
2024-03-23 12:00:00+00:00,4.2,83.18243,0.6,6.1,0.516
2024-03-23 13:00:00+00:00,2.15,98.232666,2.2,5.85,0.517
2024-03-23 14:00:00+00:00,1.7,100.0,1.4,4.85,0.517
2024-03-23 15:00:00+00:00,1.85,97.52754,0.4,4.25,0.515
2024-03-23 16:00:00+00:00,1.6,96.47753,0.1,3.55,0.512
2024-03-23 17:00:00+00:00,1.15,97.1628,0.1,3.05,0.51
2024-03-23 18:00:00+00:00,0.7,97.15247,0.1,2.7,0.507
2024-03-23 19:00:00+00:00,0.5,98.56478,0.0,2.45,0.505
2024-03-23 20:00:00+00:00,0.2,97.8488,0.0,2.15,0.504
2024-03-23 21:00:00+00:00,-0.1,98.91656,0.0,1.9,0.502
2024-03-23 22:00:00+00:00,-0.35,98.55478,0.0,1.7,0.501
2024-03-23 23:00:00+00:00,-0.35,97.48305,0.2,1.6,0.5
2024-03-24 00:00:00+00:00,-0.55,100.0,0.5,1.55,0.5
2024-03-24 01:00:00+00:00,-1.95,92.52232,0.0,0.6,0.496
2024-03-24 02:00:00+00:00,-1.7,91.853,0.1,0.6,0.495
2024-03-24 03:00:00+00:00,-1.55,92.88962,0.1,0.6,0.495
2024-03-24 04:00:00+00:00,-1.45,97.102264,0.1,0.6,0.494
2024-03-24 05:00:00+00:00,-0.75,88.25648,0.1,0.7,0.494
2024-03-24 06:00:00+00:00,0.05,85.13495,0.0,1.05,0.493
2024-03-24 07:00:00+00:00,1.55,77.549965,0.0,2.6,0.492
2024-03-24 08:00:00+00:00,3.0,70.982796,0.0,4.05,0.491
2024-03-24 09:00:00+00:00,5.4,59.77405,0.0,5.75,0.49
2024-03-24 10:00:00+00:00,7.05,46.33307,0.0,7.3,0.488
2024-03-24 11:00:00+00:00,8.15,42.030163,0.0,8.5,0.486
2024-03-24 12:00:00+00:00,8.55,39.84505,0.0,9.05,0.484
2024-03-24 13:00:00+00:00,5.4,56.76376,0.0,8.05,0.49
2024-03-24 14:00:00+00:00,5.1,55.641613,0.0,7.3,0.49
2024-03-24 15:00:00+00:00,3.65,68.04995,0.0,6.2,0.49
2024-03-24 16:00:00+00:00,1.4,80.72912,0.0,4.95,0.489
2024-03-24 17:00:00+00:00,2.15,69.51137,0.0,3.9,0.489
2024-03-24 18:00:00+00:00,0.8,75.72206,0.0,2.95,0.489
2024-03-24 19:00:00+00:00,-0.55,76.62813,0.0,2.05,0.488
2024-03-24 20:00:00+00:00,0.3,69.12256,0.0,1.3,0.488
2024-03-24 21:00:00+00:00,-2.55,82.935455,0.0,0.85,0.487
2024-03-24 22:00:00+00:00,-2.8,84.1681,0.0,0.7,0.487
2024-03-24 23:00:00+00:00,-2.0,79.032074,0.0,0.65,0.486
2024-03-25 00:00:00+00:00,-3.15,85.735016,0.0,0.55,0.486
2024-03-25 01:00:00+00:00,-2.6,76.568695,0.0,0.4,0.484
2024-03-25 02:00:00+00:00,-2.6,73.978386,0.0,0.3,0.484
2024-03-25 03:00:00+00:00,-3.0,73.619804,0.0,0.25,0.483
2024-03-25 04:00:00+00:00,-3.15,75.02048,0.0,0.2,0.483
2024-03-25 05:00:00+00:00,-0.95,68.072914,0.0,0.25,0.483
2024-03-25 06:00:00+00:00,1.55,56.810658,0.0,0.45,0.482
2024-03-25 07:00:00+00:00,3.75,49.158028,0.0,1.1,0.48
2024-03-25 08:00:00+00:00,5.5,45.532818,0.0,3.75,0.478
2024-03-25 09:00:00+00:00,7.1,37.790237,0.0,5.85,0.476
2024-03-25 10:00:00+00:00,8.25,33.11542,0.0,7.4,0.474
2024-03-25 11:00:00+00:00,8.9,32.305214,0.0,8.4,0.471
2024-03-25 12:00:00+00:00,9.05,32.59894,0.0,8.85,0.469
2024-03-25 13:00:00+00:00,8.25,35.07553,0.0,8.9,0.464
2024-03-25 14:00:00+00:00,7.4,39.052345,0.0,8.35,0.463
2024-03-25 15:00:00+00:00,4.6,69.255585,0.0,7.2,0.463
2024-03-25 16:00:00+00:00,2.75,66.60922,0.0,5.55,0.463
2024-03-25 17:00:00+00:00,0.7,75.14323,0.0,4.25,0.464
2024-03-25 18:00:00+00:00,-0.45,81.97628,0.0,3.3,0.464
2024-03-25 19:00:00+00:00,-1.35,85.61193,0.0,2.5,0.464
2024-03-25 20:00:00+00:00,-1.5,85.2761,0.0,1.9,0.464
2024-03-25 21:00:00+00:00,1.1,72.46851,0.0,1.9,0.465
2024-03-25 22:00:00+00:00,1.35,79.543365,0.0,2.1,0.465
2024-03-25 23:00:00+00:00,0.75,83.66308,0.0,2.0,0.465
2024-03-26 00:00:00+00:00,1.85,79.32681,0.0,2.25,0.465
2024-03-26 01:00:00+00:00,2.3,80.268936,0.1,2.7,0.465
2024-03-26 02:00:00+00:00,1.3,91.71134,0.6,2.55,0.468
2024-03-26 03:00:00+00:00,1.15,94.397194,1.1,2.3,0.47
2024-03-26 04:00:00+00:00,1.15,98.92757,2.0,2.25,0.473
2024-03-26 05:00:00+00:00,1.55,98.576996,1.7,2.45,0.478
2024-03-26 06:00:00+00:00,2.45,97.887665,1.0,3.05,0.488
2024-03-26 07:00:00+00:00,2.75,98.941414,3.2,3.8,0.506
2024-03-26 08:00:00+00:00,2.2,99.29,3.3,3.85,0.514
2024-03-26 09:00:00+00:00,0.95,99.282745,4.0,3.85,0.514
2024-03-26 10:00:00+00:00,2.0,93.422615,1.1,4.15,0.514
2024-03-26 11:00:00+00:00,2.1,90.45048,0.5,4.55,0.514
2024-03-26 12:00:00+00:00,4.3,75.225395,0.2,4.55,0.511
2024-03-26 13:00:00+00:00,5.35,71.44691,0.0,5.2,0.508
2024-03-26 14:00:00+00:00,5.2,65.69752,0.0,5.6,0.507
2024-03-26 15:00:00+00:00,2.35,72.97679,0.0,4.9,0.505
2024-03-26 16:00:00+00:00,-1.1,83.43313,0.0,3.6,0.503
2024-03-26 17:00:00+00:00,-2.15,86.167725,0.0,2.5,0.501
2024-03-26 18:00:00+00:00,-2.15,87.46994,0.0,1.7,0.499
2024-03-26 19:00:00+00:00,-0.05,82.0302,0.0,1.2,0.498
2024-03-26 20:00:00+00:00,-2.55,88.42182,0.0,0.85,0.497
2024-03-26 21:00:00+00:00,-4.35,87.92082,0.0,0.7,0.496
2024-03-26 22:00:00+00:00,-4.9,84.233925,0.0,0.55,0.495
2024-03-26 23:00:00+00:00,-6.1,82.145004,0.0,0.4,0.494
2024-03-27 00:00:00+00:00,-6.45,80.19083,0.0,0.25,0.493
2024-03-27 01:00:00+00:00,-3.7,85.67406,0.0,0.3,0.493
2024-03-27 02:00:00+00:00,-4.3,86.26392,0.0,0.2,0.492
2024-03-27 03:00:00+00:00,-3.95,84.67178,0.0,0.15,0.491
2024-03-27 04:00:00+00:00,-2.95,86.08178,0.0,0.15,0.491
2024-03-27 05:00:00+00:00,-1.25,84.35459,0.0,0.2,0.49
2024-03-27 06:00:00+00:00,0.5,81.80128,0.0,0.4,0.489
2024-03-27 07:00:00+00:00,2.25,75.41643,0.0,0.8,0.488
2024-03-27 08:00:00+00:00,4.25,65.2425,0.0,3.2,0.486
2024-03-27 09:00:00+00:00,6.15,57.80412,0.0,5.55,0.484
2024-03-27 10:00:00+00:00,7.5,52.304672,0.0,7.4,0.482
2024-03-27 11:00:00+00:00,8.25,48.6171,0.0,8.6,0.479
2024-03-27 12:00:00+00:00,8.45,44.541225,0.0,9.2,0.477
2024-03-27 13:00:00+00:00,6.3,49.148735,0.0,8.8,0.476
2024-03-27 14:00:00+00:00,5.8,52.02672,0.0,8.05,0.475
2024-03-27 15:00:00+00:00,3.9,71.94508,0.0,6.9,0.475
2024-03-27 16:00:00+00:00,3.0,66.66486,0.0,5.2,0.475
2024-03-27 17:00:00+00:00,-0.35,81.685394,0.0,3.85,0.475
2024-03-27 18:00:00+00:00,-1.25,80.95213,0.0,2.8,0.475
2024-03-27 19:00:00+00:00,-2.0,81.45738,0.0,1.95,0.475
2024-03-27 20:00:00+00:00,-2.25,80.80903,0.0,1.3,0.475
2024-03-27 21:00:00+00:00,-2.0,81.76517,0.0,0.9,0.475
2024-03-27 22:00:00+00:00,-0.9,76.8574,0.0,0.85,0.475
2024-03-27 23:00:00+00:00,-0.2,70.86719,0.0,0.9,0.476
2024-03-28 00:00:00+00:00,-0.55,81.65797,0.0,0.95,0.476
2024-03-28 01:00:00+00:00,-0.9,83.45821,0.0,1.4,0.476
2024-03-28 02:00:00+00:00,-0.25,75.25551,0.0,1.15,0.476
2024-03-28 03:00:00+00:00,-0.55,75.48543,0.0,0.85,0.476
2024-03-28 04:00:00+00:00,-0.3,76.67046,0.0,0.8,0.476
2024-03-28 05:00:00+00:00,1.25,72.76769,0.0,1.45,0.475
2024-03-28 06:00:00+00:00,2.9,70.96281,0.0,3.1,0.475
2024-03-28 07:00:00+00:00,4.8,69.045494,0.0,5.0,0.473
2024-03-28 08:00:00+00:00,6.85,67.506065,0.0,7.0,0.472
2024-03-28 09:00:00+00:00,8.65,64.37142,0.0,8.8,0.47
2024-03-28 10:00:00+00:00,10.15,60.30115,0.0,10.25,0.467
2024-03-28 11:00:00+00:00,11.35,56.469906,0.0,11.3,0.465
2024-03-28 12:00:00+00:00,11.95,54.46854,0.0,11.85,0.463
2024-03-28 13:00:00+00:00,11.0,58.205524,0.0,11.8,0.462
2024-03-28 14:00:00+00:00,10.4,60.576035,0.0,11.15,0.462
2024-03-28 15:00:00+00:00,8.1,79.96169,0.0,9.9,0.462
2024-03-28 16:00:00+00:00,7.85,72.43961,0.0,8.1,0.462
2024-03-28 17:00:00+00:00,6.75,74.05391,0.0,6.65,0.462
2024-03-28 18:00:00+00:00,6.05,72.357254,0.0,5.5,0.463
2024-03-28 19:00:00+00:00,5.45,71.72449,0.0,4.55,0.463
2024-03-28 20:00:00+00:00,4.7,73.41605,0.0,3.8,0.463
2024-03-28 21:00:00+00:00,4.2,73.85754,0.0,3.15,0.463
2024-03-28 22:00:00+00:00,3.25,77.82365,0.0,2.55,0.463
2024-03-28 23:00:00+00:00,2.6,80.02048,0.0,2.05,0.464
2024-03-29 00:00:00+00:00,-0.35,86.99896,0.0,1.65,0.464
2024-03-29 01:00:00+00:00,2.4,74.06907,0.0,2.55,0.464
2024-03-29 02:00:00+00:00,1.95,76.201096,0.0,2.0,0.464
2024-03-29 03:00:00+00:00,1.5,78.69274,0.0,1.5,0.464
2024-03-29 04:00:00+00:00,1.4,84.66612,0.0,1.6,0.464
2024-03-29 05:00:00+00:00,3.35,80.12965,0.0,2.85,0.464
2024-03-29 06:00:00+00:00,4.85,80.345474,0.0,4.55,0.463
2024-03-29 07:00:00+00:00,6.7,77.53814,0.0,6.5,0.462
2024-03-29 08:00:00+00:00,8.75,71.5959,0.0,8.45,0.461
2024-03-29 09:00:00+00:00,10.7,64.6087,0.0,10.25,0.459
2024-03-29 10:00:00+00:00,12.1,59.09912,0.0,11.6,0.457
2024-03-29 11:00:00+00:00,13.3,55.59545,0.0,12.7,0.454
2024-03-29 12:00:00+00:00,14.0,52.7522,0.0,13.25,0.452
2024-03-29 13:00:00+00:00,12.7,55.634506,0.0,13.25,0.451
2024-03-29 14:00:00+00:00,11.95,59.06198,0.0,12.55,0.451
2024-03-29 15:00:00+00:00,9.75,77.21226,0.0,11.3,0.451
2024-03-29 16:00:00+00:00,7.3,80.97396,0.0,9.7,0.451
2024-03-29 17:00:00+00:00,6.55,81.442245,0.0,8.5,0.451
2024-03-29 18:00:00+00:00,5.4,80.9979,0.0,7.45,0.451
2024-03-29 19:00:00+00:00,5.2,75.38183,0.0,6.55,0.452
2024-03-29 20:00:00+00:00,7.35,58.536697,0.0,5.75,0.452
2024-03-29 21:00:00+00:00,7.05,60.185986,0.2,5.45,0.454
2024-03-29 22:00:00+00:00,6.85,61.2386,0.7,5.0,0.459
2024-03-29 23:00:00+00:00,6.65,62.310898,0.3,4.85,0.462
2024-03-30 00:00:00+00:00,5.8,65.59369,0.0,4.15,0.462
2024-03-30 01:00:00+00:00,4.75,70.55721,0.0,4.4,0.461
2024-03-30 02:00:00+00:00,4.2,72.79275,0.0,3.6,0.461
2024-03-30 03:00:00+00:00,3.55,75.36771,0.0,2.95,0.461
2024-03-30 04:00:00+00:00,3.1,85.474594,0.0,2.95,0.461
2024-03-30 05:00:00+00:00,4.85,80.05875,0.0,4.2,0.461
2024-03-30 06:00:00+00:00,7.05,73.58391,0.0,6.1,0.461
2024-03-30 07:00:00+00:00,9.25,63.150322,0.0,8.15,0.46
2024-03-30 08:00:00+00:00,11.25,54.476482,0.0,10.05,0.458
2024-03-30 09:00:00+00:00,12.95,49.058308,0.0,11.8,0.456
2024-03-30 10:00:00+00:00,14.2,43.645496,0.0,13.1,0.453
2024-03-30 11:00:00+00:00,14.95,41.880573,0.0,14.0,0.45
2024-03-30 12:00:00+00:00,15.15,45.658436,0.0,14.35,0.448
2024-03-30 13:00:00+00:00,14.8,43.818222,0.0,14.25,0.446
2024-03-30 14:00:00+00:00,13.65,47.70908,0.0,13.5,0.445
2024-03-30 15:00:00+00:00,10.9,58.800766,0.0,12.25,0.445
2024-03-30 16:00:00+00:00,8.4,63.17674,0.0,10.6,0.445
2024-03-30 17:00:00+00:00,6.95,67.770065,0.0,9.2,0.445
2024-03-30 18:00:00+00:00,6.7,62.776283,0.0,7.95,0.445
2024-03-30 19:00:00+00:00,6.0,60.807983,0.0,6.95,0.445
2024-03-30 20:00:00+00:00,7.9,45.38355,0.0,6.05,0.446
2024-03-30 21:00:00+00:00,7.0,45.45939,0.0,5.3,0.446
2024-03-30 22:00:00+00:00,6.15,45.89679,0.0,4.65,0.446
2024-03-30 23:00:00+00:00,5.5,46.40321,0.0,4.05,0.446
2024-03-31 00:00:00+00:00,5.2,45.617302,0.0,3.65,0.446
2024-03-31 01:00:00+00:00,3.85,48.81364,0.0,4.0,0.446
2024-03-31 02:00:00+00:00,3.7,49.331234,0.0,3.4,0.447
2024-03-31 03:00:00+00:00,3.95,48.84258,0.0,3.05,0.447
2024-03-31 04:00:00+00:00,3.55,70.31512,0.0,3.3,0.447
2024-03-31 05:00:00+00:00,5.8,53.39967,0.0,4.4,0.447
2024-03-31 06:00:00+00:00,7.4,53.63876,0.0,5.9,0.446
2024-03-31 07:00:00+00:00,9.55,52.295475,0.0,7.8,0.445
2024-03-31 08:00:00+00:00,11.5,48.652256,0.0,9.7,0.443
2024-03-31 09:00:00+00:00,13.6,43.316635,0.0,11.55,0.441
2024-03-31 10:00:00+00:00,15.35,39.38579,0.0,13.1,0.438
2024-03-31 11:00:00+00:00,16.6,39.469067,0.0,14.25,0.436
2024-03-31 12:00:00+00:00,17.2,39.364338,0.0,14.8,0.434
2024-03-31 13:00:00+00:00,17.15,34.74292,0.0,14.85,0.427
2024-03-31 14:00:00+00:00,16.3,45.98378,0.0,14.3,0.426
2024-03-31 15:00:00+00:00,12.75,62.426414,0.0,13.2,0.426
2024-03-31 16:00:00+00:00,8.65,56.7829,0.0,11.25,0.426
2024-03-31 17:00:00+00:00,7.95,50.353962,0.0,9.65,0.426
2024-03-31 18:00:00+00:00,9.6,34.816776,0.0,8.35,0.427
2024-03-31 19:00:00+00:00,10.55,26.160992,0.0,7.3,0.427
2024-03-31 20:00:00+00:00,9.25,27.451578,0.0,6.4,0.427
2024-03-31 21:00:00+00:00,8.2,28.6761,0.0,5.65,0.428
2024-03-31 22:00:00+00:00,7.35,29.91307,0.0,4.95,0.428
2024-03-31 23:00:00+00:00,6.7,31.892687,0.0,4.4,0.428
2024-04-01 00:00:00+00:00,6.35,33.313473,0.0,3.9,0.428
2024-04-01 01:00:00+00:00,5.7,40.825188,0.0,3.9,0.418
2024-04-01 02:00:00+00:00,5.35,39.637238,0.0,3.4,0.418
2024-04-01 03:00:00+00:00,4.95,39.211243,0.0,3.0,0.418
2024-04-01 04:00:00+00:00,4.1,64.72966,0.0,3.25,0.418
2024-04-01 05:00:00+00:00,6.95,48.065704,0.0,4.65,0.418
2024-04-01 06:00:00+00:00,9.15,49.051876,0.0,6.6,0.417
2024-04-01 07:00:00+00:00,11.4,48.101795,0.0,8.7,0.416
2024-04-01 08:00:00+00:00,13.45,44.21435,0.0,10.8,0.414
2024-04-01 09:00:00+00:00,15.15,40.32519,0.0,12.65,0.412
2024-04-01 10:00:00+00:00,16.45,36.844547,0.0,14.1,0.409
2024-04-01 11:00:00+00:00,17.3,34.53843,0.0,15.15,0.407
2024-04-01 12:00:00+00:00,17.75,32.155907,0.0,15.7,0.405
2024-04-01 13:00:00+00:00,18.05,28.203133,0.0,15.85,0.395
2024-04-01 14:00:00+00:00,17.1,41.03498,0.0,15.25,0.394
2024-04-01 15:00:00+00:00,13.35,64.09034,0.0,14.0,0.394
2024-04-01 16:00:00+00:00,9.25,61.598366,0.0,12.1,0.394
2024-04-01 17:00:00+00:00,8.2,53.85549,0.0,10.55,0.395
2024-04-01 18:00:00+00:00,7.35,54.020027,0.0,9.3,0.395
2024-04-01 19:00:00+00:00,6.15,61.514683,0.0,8.35,0.395
2024-04-01 20:00:00+00:00,9.6,40.308468,0.0,7.45,0.395
2024-04-01 21:00:00+00:00,9.1,40.309902,0.0,6.7,0.396
2024-04-01 22:00:00+00:00,8.35,40.388443,0.0,6.1,0.396
2024-04-01 23:00:00+00:00,7.5,43.27713,0.0,5.5,0.396
2024-04-02 00:00:00+00:00,6.9,45.60077,0.0,5.0,0.396
2024-04-02 01:00:00+00:00,6.0,47.97136,0.0,5.25,0.401
2024-04-02 02:00:00+00:00,5.6,50.06294,0.0,4.65,0.401
2024-04-02 03:00:00+00:00,5.3,52.08176,0.0,4.15,0.401
2024-04-02 04:00:00+00:00,4.8,66.8174,0.0,4.3,0.402
2024-04-02 05:00:00+00:00,6.9,59.06435,0.0,5.55,0.402
2024-04-02 06:00:00+00:00,9.1,55.8845,0.0,7.4,0.401
2024-04-02 07:00:00+00:00,11.4,50.76397,0.0,9.45,0.4
2024-04-02 08:00:00+00:00,13.3,45.617218,0.0,11.5,0.398
2024-04-02 09:00:00+00:00,14.8,44.130276,0.0,13.3,0.396
2024-04-02 10:00:00+00:00,16.15,42.52652,0.0,14.75,0.393
2024-04-02 11:00:00+00:00,17.15,39.768787,0.0,15.8,0.391
2024-04-02 12:00:00+00:00,17.7,36.55514,0.0,16.35,0.389
2024-04-02 13:00:00+00:00,17.65,28.192394,0.0,16.45,0.386
2024-04-02 14:00:00+00:00,17.0,35.707806,0.0,15.75,0.385
2024-04-02 15:00:00+00:00,13.5,60.48006,0.0,14.5,0.385
2024-04-02 16:00:00+00:00,9.45,58.855762,0.0,12.5,0.386
2024-04-02 17:00:00+00:00,8.1,58.093716,0.0,10.9,0.386
2024-04-02 18:00:00+00:00,6.9,57.36533,0.0,9.6,0.386
2024-04-02 19:00:00+00:00,5.85,59.23141,0.0,8.5,0.386
2024-04-02 20:00:00+00:00,7.8,44.184837,0.0,7.6,0.387
2024-04-02 21:00:00+00:00,9.0,36.11382,0.0,6.8,0.387
2024-04-02 22:00:00+00:00,8.2,37.69105,0.0,6.1,0.387
2024-04-02 23:00:00+00:00,7.6,38.669624,0.0,5.5,0.388
2024-04-03 00:00:00+00:00,7.15,39.274883,0.0,5.0,0.388
2024-04-03 01:00:00+00:00,5.7,43.232197,0.0,5.1,0.39
2024-04-03 02:00:00+00:00,5.25,42.76939,0.0,4.55,0.39
2024-04-03 03:00:00+00:00,4.65,43.58168,0.0,4.05,0.39
2024-04-03 04:00:00+00:00,4.7,63.454514,0.0,4.3,0.391
2024-04-03 05:00:00+00:00,6.9,53.898106,0.0,5.65,0.391
2024-04-03 06:00:00+00:00,8.95,54.05755,0.0,7.45,0.39
2024-04-03 07:00:00+00:00,11.3,51.83756,0.0,9.5,0.389
2024-04-03 08:00:00+00:00,13.5,49.73595,0.0,11.55,0.387
2024-04-03 09:00:00+00:00,15.55,47.904495,0.0,13.4,0.385
2024-04-03 10:00:00+00:00,17.25,46.411404,0.0,14.95,0.383
2024-04-03 11:00:00+00:00,18.6,43.980328,0.0,16.1,0.381
2024-04-03 12:00:00+00:00,19.15,36.71712,0.0,16.75,0.379
2024-04-03 13:00:00+00:00,18.75,35.332542,0.0,16.8,0.376
2024-04-03 14:00:00+00:00,17.55,44.75785,0.0,16.15,0.375
2024-04-03 15:00:00+00:00,14.7,65.7173,0.0,15.0,0.375
2024-04-03 16:00:00+00:00,11.45,71.86007,0.0,13.55,0.375
2024-04-03 17:00:00+00:00,8.2,79.144295,0.0,12.05,0.376
2024-04-03 18:00:00+00:00,6.9,79.22876,0.0,10.8,0.376
2024-04-03 19:00:00+00:00,6.0,81.65613,0.0,9.75,0.376
2024-04-03 20:00:00+00:00,5.65,83.36164,0.0,8.85,0.376
2024-04-03 21:00:00+00:00,5.3,86.625916,0.0,8.2,0.376
2024-04-03 22:00:00+00:00,4.85,88.43892,0.0,7.6,0.377
2024-04-03 23:00:00+00:00,4.45,88.71769,0.0,7.05,0.377
2024-04-04 00:00:00+00:00,4.35,88.70906,0.0,6.65,0.377
2024-04-04 01:00:00+00:00,4.65,87.17674,0.0,7.5,0.359
2024-04-04 02:00:00+00:00,4.7,85.648254,0.0,6.95,0.359
2024-04-04 03:00:00+00:00,3.6,87.69927,0.0,6.35,0.359
2024-04-04 04:00:00+00:00,5.95,79.36805,0.0,6.45,0.36
2024-04-04 05:00:00+00:00,9.2,75.79657,0.0,7.7,0.359
2024-04-04 06:00:00+00:00,11.65,69.466835,0.0,9.45,0.359
2024-04-04 07:00:00+00:00,14.2,63.62647,0.0,11.45,0.358
2024-04-04 08:00:00+00:00,16.5,59.16081,0.0,13.5,0.356
2024-04-04 09:00:00+00:00,18.3,51.390842,0.0,15.4,0.354
2024-04-04 10:00:00+00:00,19.35,41.680847,0.0,16.85,0.351
2024-04-04 11:00:00+00:00,19.5,39.88944,0.0,17.65,0.349
2024-04-04 12:00:00+00:00,19.3,40.669655,0.0,17.95,0.347
2024-04-04 13:00:00+00:00,18.85,43.14914,0.0,17.85,0.338
2024-04-04 14:00:00+00:00,17.85,48.043922,0.0,17.1,0.337
2024-04-04 15:00:00+00:00,15.4,66.31391,0.0,16.0,0.337
2024-04-04 16:00:00+00:00,11.75,76.47947,0.0,14.35,0.337
2024-04-04 17:00:00+00:00,9.2,83.21477,0.0,12.9,0.337
2024-04-04 18:00:00+00:00,8.35,82.53681,0.0,11.8,0.337
2024-04-04 19:00:00+00:00,7.7,82.16732,0.0,10.8,0.337
2024-04-04 20:00:00+00:00,7.2,83.25885,0.0,10.0,0.337
2024-04-04 21:00:00+00:00,6.55,86.44802,0.0,9.3,0.337
2024-04-04 22:00:00+00:00,6.05,87.92573,0.0,8.65,0.337
2024-04-04 23:00:00+00:00,5.5,88.80758,0.0,8.1,0.338
2024-04-05 00:00:00+00:00,5.05,89.39751,0.0,7.6,0.338
2024-04-05 01:00:00+00:00,4.95,87.51482,0.0,8.35,0.327
2024-04-05 02:00:00+00:00,5.15,83.89362,0.0,7.6,0.327
2024-04-05 03:00:00+00:00,5.05,82.697685,0.0,7.0,0.328
2024-04-05 04:00:00+00:00,7.2,75.99241,0.0,7.2,0.328
2024-04-05 05:00:00+00:00,10.6,71.45144,0.0,8.5,0.328
2024-04-05 06:00:00+00:00,13.05,66.26029,0.0,10.3,0.327
2024-04-05 07:00:00+00:00,15.65,59.356544,0.0,12.4,0.326
2024-04-05 08:00:00+00:00,17.65,47.007336,0.1,14.55,0.325
2024-04-05 09:00:00+00:00,18.65,40.201946,0.0,16.2,0.323
2024-04-05 10:00:00+00:00,19.05,37.07658,0.0,17.4,0.321
2024-04-05 11:00:00+00:00,18.55,40.03325,0.0,18.05,0.319
2024-04-05 12:00:00+00:00,18.0,44.884987,0.0,18.15,0.317
2024-04-05 13:00:00+00:00,18.65,37.748615,0.0,18.05,0.31
2024-04-05 14:00:00+00:00,18.1,40.465992,0.0,17.45,0.309
2024-04-05 15:00:00+00:00,16.15,61.318142,0.0,16.4,0.309
2024-04-05 16:00:00+00:00,16.65,33.613922,0.0,14.7,0.309
2024-04-05 17:00:00+00:00,14.65,39.04025,0.0,13.2,0.309
2024-04-05 18:00:00+00:00,9.3,60.95578,0.0,11.95,0.309
2024-04-05 19:00:00+00:00,6.5,73.22199,0.0,10.85,0.309
2024-04-05 20:00:00+00:00,5.75,73.87337,0.0,9.9,0.309
2024-04-05 21:00:00+00:00,5.1,75.36451,0.0,9.05,0.309
2024-04-05 22:00:00+00:00,4.75,76.39621,0.0,8.3,0.309
2024-04-05 23:00:00+00:00,4.6,76.3711,0.0,7.75,0.309
2024-04-06 00:00:00+00:00,4.25,77.70185,0.0,7.25,0.309
2024-04-06 01:00:00+00:00,7.6,53.106056,0.0,8.1,0.32
2024-04-06 02:00:00+00:00,7.2,54.57684,0.0,7.5,0.32
2024-04-06 03:00:00+00:00,6.8,56.71329,0.0,7.05,0.32
2024-04-06 04:00:00+00:00,7.25,60.454212,0.0,7.35,0.321
2024-04-06 05:00:00+00:00,9.0,63.76836,0.0,8.4,0.321
2024-04-06 06:00:00+00:00,10.95,62.22154,0.0,10.0,0.32
2024-04-06 07:00:00+00:00,13.2,57.342136,0.0,12.0,0.319
2024-04-06 08:00:00+00:00,15.2,52.523335,0.0,14.0,0.318
2024-04-06 09:00:00+00:00,16.65,47.381676,0.0,15.6,0.316
2024-04-06 10:00:00+00:00,17.35,43.322132,0.0,16.85,0.315
2024-04-06 11:00:00+00:00,17.35,39.40783,0.0,17.6,0.313
2024-04-06 12:00:00+00:00,17.2,38.13087,0.0,17.8,0.312
2024-04-06 13:00:00+00:00,17.15,33.27723,0.0,17.7,0.301
2024-04-06 14:00:00+00:00,16.6,37.285618,0.1,17.05,0.301
2024-04-06 15:00:00+00:00,14.25,64.073555,0.0,15.85,0.301
2024-04-06 16:00:00+00:00,13.3,50.924606,0.0,14.2,0.301
2024-04-06 17:00:00+00:00,9.05,70.16096,0.0,12.65,0.301
2024-04-06 18:00:00+00:00,8.4,71.026306,0.0,11.45,0.301
2024-04-06 19:00:00+00:00,7.4,76.56367,0.0,10.5,0.302
2024-04-06 20:00:00+00:00,6.7,79.75959,0.0,9.7,0.302
2024-04-06 21:00:00+00:00,7.65,70.37817,0.0,8.9,0.302
2024-04-06 22:00:00+00:00,5.65,79.60608,0.0,8.25,0.302
2024-04-06 23:00:00+00:00,5.6,79.59873,0.0,7.8,0.303
2024-04-07 00:00:00+00:00,5.4,79.00412,0.0,7.5,0.303
2024-04-07 01:00:00+00:00,6.5,75.06985,0.2,9.3,0.318
2024-04-07 02:00:00+00:00,6.05,76.068596,0.0,8.6,0.319
2024-04-07 03:00:00+00:00,6.5,79.449394,0.0,8.25,0.319
2024-04-07 04:00:00+00:00,7.05,82.370926,0.0,8.2,0.319
2024-04-07 05:00:00+00:00,8.6,77.83763,0.0,9.05,0.319
2024-04-07 06:00:00+00:00,10.45,69.46571,0.0,10.5,0.319
2024-04-07 07:00:00+00:00,12.1,64.47419,0.0,12.05,0.318
2024-04-07 08:00:00+00:00,12.9,57.667225,0.0,12.95,0.317
2024-04-07 09:00:00+00:00,12.2,57.89487,0.2,13.15,0.319
2024-04-07 10:00:00+00:00,10.95,72.01373,1.4,12.9,0.331
2024-04-07 11:00:00+00:00,11.85,65.77211,0.2,13.25,0.332
2024-04-07 12:00:00+00:00,14.15,55.429012,0.0,14.4,0.332
2024-04-07 13:00:00+00:00,13.2,52.16907,0.0,14.0,0.36
2024-04-07 14:00:00+00:00,13.4,49.884304,0.0,13.45,0.359
2024-04-07 15:00:00+00:00,12.2,53.769432,0.0,12.75,0.359
2024-04-07 16:00:00+00:00,11.3,58.28103,0.0,11.95,0.358
2024-04-07 17:00:00+00:00,9.75,68.35995,0.0,11.2,0.359
2024-04-07 18:00:00+00:00,8.5,76.743706,0.6,10.3,0.363
2024-04-07 19:00:00+00:00,7.3,85.32816,0.0,9.4,0.364
2024-04-07 20:00:00+00:00,7.75,85.08126,0.3,9.0,0.366
2024-04-07 21:00:00+00:00,6.95,92.06751,0.8,8.6,0.375
2024-04-07 22:00:00+00:00,6.2,92.98705,1.0,8.15,0.386
2024-04-07 23:00:00+00:00,5.85,95.261795,2.0,7.75,0.412
2024-04-08 00:00:00+00:00,5.65,96.254135,0.0,7.4,0.412
2024-04-08 01:00:00+00:00,5.05,93.250725,0.0,8.0,0.397
2024-04-08 02:00:00+00:00,5.25,92.93512,0.0,7.55,0.397
2024-04-08 03:00:00+00:00,5.75,90.71603,0.1,7.3,0.397
2024-04-08 04:00:00+00:00,6.4,89.194466,0.0,7.35,0.398
2024-04-08 05:00:00+00:00,7.65,83.31387,0.9,8.0,0.408
2024-04-08 06:00:00+00:00,8.45,80.56967,0.1,8.7,0.408
2024-04-08 07:00:00+00:00,9.4,73.237755,0.0,9.45,0.408
2024-04-08 08:00:00+00:00,10.25,71.881714,0.0,10.25,0.407
2024-04-08 09:00:00+00:00,11.85,67.3837,0.0,11.8,0.406
2024-04-08 10:00:00+00:00,12.65,63.05438,0.0,12.6,0.405
2024-04-08 11:00:00+00:00,11.95,65.79399,0.0,12.65,0.404
2024-04-08 12:00:00+00:00,12.55,63.909443,0.1,13.4,0.403
2024-04-08 13:00:00+00:00,14.75,50.784992,0.0,15.3,0.401
2024-04-08 14:00:00+00:00,14.05,49.712593,0.0,14.75,0.4
2024-04-08 15:00:00+00:00,12.25,61.66311,0.0,13.75,0.4
2024-04-08 16:00:00+00:00,12.05,54.88131,0.0,12.5,0.399
2024-04-08 17:00:00+00:00,11.1,58.43672,0.0,11.45,0.399
2024-04-08 18:00:00+00:00,8.5,70.54688,0.0,10.5,0.399
2024-04-08 19:00:00+00:00,8.1,71.21883,0.0,9.8,0.399
2024-04-08 20:00:00+00:00,7.85,73.46955,0.0,9.35,0.399
2024-04-08 21:00:00+00:00,7.15,80.105675,0.3,8.95,0.401
2024-04-08 22:00:00+00:00,7.0,84.406685,0.5,8.5,0.405
2024-04-08 23:00:00+00:00,5.55,92.303795,0.0,8.0,0.405
2024-04-09 00:00:00+00:00,6.9,81.20368,0.0,7.25,0.405
2024-04-09 01:00:00+00:00,7.15,87.41589,0.1,7.95,0.412
2024-04-09 02:00:00+00:00,6.6,91.409256,0.1,7.6,0.413
2024-04-09 03:00:00+00:00,7.2,83.842445,0.0,7.4,0.413
2024-04-09 04:00:00+00:00,7.2,87.42061,0.1,7.6,0.414
2024-04-09 05:00:00+00:00,7.95,86.88862,0.1,8.25,0.414
2024-04-09 06:00:00+00:00,10.25,78.093155,0.0,9.95,0.414
2024-04-09 07:00:00+00:00,12.9,62.677578,0.0,11.65,0.412
2024-04-09 08:00:00+00:00,14.8,56.564198,0.0,13.2,0.41
2024-04-09 09:00:00+00:00,15.45,53.322098,0.0,14.15,0.408
2024-04-09 10:00:00+00:00,16.35,49.823486,0.0,14.95,0.406
2024-04-09 11:00:00+00:00,17.05,45.716125,0.0,15.5,0.404
2024-04-09 12:00:00+00:00,17.0,41.441097,0.0,15.4,0.402
2024-04-09 13:00:00+00:00,14.45,58.658524,0.3,13.7,0.401
2024-04-09 14:00:00+00:00,11.25,83.7448,3.6,12.55,0.442
2024-04-09 15:00:00+00:00,9.45,84.97537,4.3,11.35,0.492
2024-04-09 16:00:00+00:00,8.2,92.7765,0.2,10.4,0.487
2024-04-09 17:00:00+00:00,8.2,92.14326,0.0,9.7,0.482
2024-04-09 18:00:00+00:00,8.2,89.34069,0.1,9.15,0.479
2024-04-09 19:00:00+00:00,7.6,90.22196,1.1,8.65,0.489
2024-04-09 20:00:00+00:00,8.05,89.021576,1.6,8.5,0.5
2024-04-09 21:00:00+00:00,7.95,91.81242,1.3,8.45,0.501
2024-04-09 22:00:00+00:00,7.75,91.48462,0.3,8.3,0.495
2024-04-09 23:00:00+00:00,7.35,88.96345,0.1,7.95,0.489
2024-04-10 00:00:00+00:00,6.95,89.23945,0.0,7.6,0.485
2024-04-10 01:00:00+00:00,5.7,82.48776,0.0,7.2,0.484
2024-04-10 02:00:00+00:00,6.95,73.56569,0.0,6.5,0.48
2024-04-10 03:00:00+00:00,6.8,74.3264,0.0,6.05,0.477
2024-04-10 04:00:00+00:00,7.05,78.14272,0.0,6.45,0.474
2024-04-10 05:00:00+00:00,8.75,77.86104,0.0,7.65,0.471
2024-04-10 06:00:00+00:00,9.35,76.349976,0.4,8.55,0.472
2024-04-10 07:00:00+00:00,10.3,73.40119,0.5,9.75,0.475
2024-04-10 08:00:00+00:00,11.55,68.022606,0.0,11.0,0.472
2024-04-10 09:00:00+00:00,13.0,63.791256,0.0,12.95,0.468
2024-04-10 10:00:00+00:00,14.25,62.13316,0.1,14.4,0.465
2024-04-10 11:00:00+00:00,14.95,59.185886,0.2,15.25,0.462
2024-04-10 12:00:00+00:00,14.8,57.744602,0.1,15.2,0.46
2024-04-10 13:00:00+00:00,13.75,56.492123,0.0,14.75,0.466
2024-04-10 14:00:00+00:00,13.2,59.164562,0.0,14.25,0.463
2024-04-10 15:00:00+00:00,11.85,69.98676,0.0,13.3,0.461
2024-04-10 16:00:00+00:00,11.25,67.25666,0.0,11.95,0.46
2024-04-10 17:00:00+00:00,9.3,75.81334,0.0,10.65,0.459
2024-04-10 18:00:00+00:00,6.6,84.65674,0.0,9.6,0.458
2024-04-10 19:00:00+00:00,6.6,79.184105,0.0,8.9,0.457
2024-04-10 20:00:00+00:00,5.95,79.93305,0.0,8.35,0.455
2024-04-10 21:00:00+00:00,5.2,81.83937,0.0,7.8,0.454
2024-04-10 22:00:00+00:00,4.5,83.517296,0.0,7.2,0.453
2024-04-10 23:00:00+00:00,3.7,87.395874,0.0,6.75,0.453
2024-04-11 00:00:00+00:00,4.35,80.273895,0.0,6.2,0.452
2024-04-11 01:00:00+00:00,7.05,67.066444,0.0,6.55,0.46
2024-04-11 02:00:00+00:00,6.75,68.460365,0.0,6.3,0.459
2024-04-11 03:00:00+00:00,6.35,70.8758,0.0,6.2,0.458
2024-04-11 04:00:00+00:00,6.85,75.13064,0.0,6.75,0.457
2024-04-11 05:00:00+00:00,8.4,75.92691,0.0,7.75,0.456
2024-04-11 06:00:00+00:00,10.1,72.103325,0.0,9.35,0.454
2024-04-11 07:00:00+00:00,11.25,67.02363,0.0,10.85,0.452
2024-04-11 08:00:00+00:00,12.45,63.226852,0.0,11.95,0.45
2024-04-11 09:00:00+00:00,13.9,61.20461,0.0,13.45,0.447
2024-04-11 10:00:00+00:00,14.3,59.638947,0.0,14.2,0.445
2024-04-11 11:00:00+00:00,15.15,56.458683,0.0,15.15,0.442
2024-04-11 12:00:00+00:00,14.4,60.074444,0.6,15.25,0.445
2024-04-11 13:00:00+00:00,12.8,70.654434,0.4,15.2,0.444
2024-04-11 14:00:00+00:00,11.95,72.448364,0.0,14.15,0.443
2024-04-11 15:00:00+00:00,11.55,76.44699,0.0,13.2,0.442
2024-04-11 16:00:00+00:00,10.0,82.74413,0.0,12.1,0.442
2024-04-11 17:00:00+00:00,9.5,87.038795,0.1,11.3,0.442
2024-04-11 18:00:00+00:00,10.45,77.32331,0.0,10.8,0.442
2024-04-11 19:00:00+00:00,9.1,82.34726,0.0,9.8,0.441
2024-04-11 20:00:00+00:00,7.3,87.12699,0.0,9.1,0.441
2024-04-11 21:00:00+00:00,8.1,80.24083,0.0,8.5,0.441
2024-04-11 22:00:00+00:00,7.15,84.42391,0.0,7.9,0.44
2024-04-11 23:00:00+00:00,6.7,87.373344,0.0,7.45,0.44
2024-04-12 00:00:00+00:00,6.8,87.68785,0.0,6.95,0.439
2024-04-12 01:00:00+00:00,5.55,89.12439,0.0,8.05,0.457
2024-04-12 02:00:00+00:00,6.8,81.19005,0.0,7.3,0.456
2024-04-12 03:00:00+00:00,4.9,87.20096,0.0,6.7,0.455
2024-04-12 04:00:00+00:00,6.4,83.16037,0.0,6.95,0.454
2024-04-12 05:00:00+00:00,8.3,76.17629,0.0,8.1,0.453
2024-04-12 06:00:00+00:00,10.55,67.34215,0.0,9.75,0.452
2024-04-12 07:00:00+00:00,12.9,59.502975,0.0,11.6,0.449
2024-04-12 08:00:00+00:00,14.85,50.28293,0.0,12.8,0.447
2024-04-12 09:00:00+00:00,16.5,40.573677,0.0,14.1,0.443
2024-04-12 10:00:00+00:00,17.05,42.04181,0.0,15.05,0.44
2024-04-12 11:00:00+00:00,17.35,40.963055,0.0,15.85,0.437
2024-04-12 12:00:00+00:00,17.25,39.938263,0.0,16.25,0.434
2024-04-12 13:00:00+00:00,16.65,41.779366,0.0,16.35,0.427
2024-04-12 14:00:00+00:00,16.2,43.2966,0.0,15.8,0.425
2024-04-12 15:00:00+00:00,14.4,67.45799,0.0,14.9,0.424
2024-04-12 16:00:00+00:00,13.15,50.883556,0.0,13.25,0.424
2024-04-12 17:00:00+00:00,9.35,67.08585,0.0,11.75,0.424
2024-04-12 18:00:00+00:00,7.8,69.41582,0.0,10.55,0.424
2024-04-12 19:00:00+00:00,6.55,73.49263,0.0,9.6,0.424
2024-04-12 20:00:00+00:00,6.05,71.58317,0.0,8.7,0.424
2024-04-12 21:00:00+00:00,8.9,51.551216,0.0,7.95,0.423
2024-04-12 22:00:00+00:00,8.15,52.675682,0.0,7.3,0.423
2024-04-12 23:00:00+00:00,7.35,54.218422,0.0,6.7,0.423
2024-04-13 00:00:00+00:00,6.65,55.848198,0.0,6.2,0.423
2024-04-13 01:00:00+00:00,5.25,57.78417,0.0,6.3,0.42
2024-04-13 02:00:00+00:00,5.25,57.14615,0.0,5.7,0.42
2024-04-13 03:00:00+00:00,5.05,58.377094,0.0,5.25,0.42
2024-04-13 04:00:00+00:00,5.7,63.689575,0.0,5.75,0.42
2024-04-13 05:00:00+00:00,7.95,62.845478,0.0,7.15,0.42
2024-04-13 06:00:00+00:00,10.35,56.21093,0.0,9.05,0.418
2024-04-13 07:00:00+00:00,12.45,49.621105,0.0,11.05,0.417
2024-04-13 08:00:00+00:00,14.4,43.547752,0.0,13.0,0.414
2024-04-13 09:00:00+00:00,15.9,41.123154,0.0,14.75,0.411
2024-04-13 10:00:00+00:00,17.2,39.78327,0.0,16.15,0.408
2024-04-13 11:00:00+00:00,18.1,36.801277,0.0,17.2,0.405
2024-04-13 12:00:00+00:00,18.5,32.488747,0.0,17.7,0.402
2024-04-13 13:00:00+00:00,18.45,35.74833,0.0,17.8,0.4
2024-04-13 14:00:00+00:00,17.95,36.627815,0.0,17.15,0.399
2024-04-13 15:00:00+00:00,15.5,63.70389,0.0,16.1,0.398
2024-04-13 16:00:00+00:00,11.3,58.486885,0.0,14.2,0.398
2024-04-13 17:00:00+00:00,10.15,52.27068,0.0,12.55,0.398
2024-04-13 18:00:00+00:00,8.4,59.227623,0.0,11.3,0.398
2024-04-13 19:00:00+00:00,6.9,65.840034,0.0,10.2,0.398
2024-04-13 20:00:00+00:00,5.9,70.27916,0.0,9.25,0.398
2024-04-13 21:00:00+00:00,5.05,73.21613,0.0,8.45,0.398
2024-04-13 22:00:00+00:00,4.85,71.86768,0.0,7.75,0.398
2024-04-13 23:00:00+00:00,7.7,52.745308,0.0,7.2,0.398
2024-04-14 00:00:00+00:00,7.95,50.725655,0.0,6.85,0.398
2024-04-14 01:00:00+00:00,8.25,51.559563,0.0,7.3,0.394
2024-04-14 02:00:00+00:00,8.05,51.693253,0.0,6.85,0.394
2024-04-14 03:00:00+00:00,7.6,54.285824,0.0,6.65,0.394
2024-04-14 04:00:00+00:00,8.1,59.15236,0.0,7.25,0.394
2024-04-14 05:00:00+00:00,9.6,58.4744,0.0,8.25,0.394
2024-04-14 06:00:00+00:00,11.05,57.60382,0.0,9.65,0.393
2024-04-14 07:00:00+00:00,13.35,52.026253,0.0,11.55,0.391
2024-04-14 08:00:00+00:00,15.05,47.932735,0.0,13.35,0.389
2024-04-14 09:00:00+00:00,16.1,44.97266,0.0,14.7,0.387
2024-04-14 10:00:00+00:00,17.1,42.05617,0.0,15.9,0.385
2024-04-14 11:00:00+00:00,17.85,38.863346,0.0,16.8,0.383
2024-04-14 12:00:00+00:00,17.75,36.440186,0.0,17.15,0.38
2024-04-14 13:00:00+00:00,17.9,33.735607,0.0,17.0,0.375
2024-04-14 14:00:00+00:00,17.5,37.019066,0.0,16.55,0.374
2024-04-14 15:00:00+00:00,15.5,53.704662,0.0,15.7,0.373
2024-04-14 16:00:00+00:00,12.65,61.330784,0.0,14.35,0.373
2024-04-14 17:00:00+00:00,10.3,70.8998,0.0,13.0,0.373
2024-04-14 18:00:00+00:00,8.8,73.89996,0.0,11.7,0.373
2024-04-14 19:00:00+00:00,7.8,76.09296,0.0,10.65,0.373
2024-04-14 20:00:00+00:00,8.25,71.24797,0.0,9.9,0.373
2024-04-14 21:00:00+00:00,10.5,56.049816,0.0,9.1,0.374
2024-04-14 22:00:00+00:00,9.25,61.379436,0.0,8.5,0.374
2024-04-14 23:00:00+00:00,8.15,65.64769,0.0,7.9,0.374
2024-04-15 00:00:00+00:00,7.6,66.94591,0.0,7.35,0.374
2024-04-15 01:00:00+00:00,7.5,65.737595,0.0,8.6,0.358
2024-04-15 02:00:00+00:00,7.8,61.469303,0.0,7.85,0.358
2024-04-15 03:00:00+00:00,7.2,62.21712,0.0,7.25,0.358
2024-04-15 04:00:00+00:00,7.25,66.154785,0.0,7.6,0.359
2024-04-15 05:00:00+00:00,9.1,63.11531,0.0,8.75,0.358
2024-04-15 06:00:00+00:00,11.1,56.80654,0.0,10.5,0.357
2024-04-15 07:00:00+00:00,12.8,54.11886,0.0,12.4,0.356
2024-04-15 08:00:00+00:00,14.6,51.81823,0.0,14.25,0.354
2024-04-15 09:00:00+00:00,16.15,47.077755,0.0,15.9,0.352
2024-04-15 10:00:00+00:00,17.25,43.44495,0.0,17.2,0.35
2024-04-15 11:00:00+00:00,17.85,40.677864,0.0,18.05,0.348
2024-04-15 12:00:00+00:00,18.15,38.541855,0.0,18.45,0.346
2024-04-15 13:00:00+00:00,18.3,33.731174,0.0,18.45,0.34
2024-04-15 14:00:00+00:00,17.95,34.358067,0.0,17.8,0.339
2024-04-15 15:00:00+00:00,15.8,48.47828,0.0,16.65,0.338
2024-04-15 16:00:00+00:00,12.65,53.51061,0.0,14.9,0.338
2024-04-15 17:00:00+00:00,10.4,60.576035,0.0,13.35,0.338
2024-04-15 18:00:00+00:00,8.95,66.99982,0.0,12.05,0.338
2024-04-15 19:00:00+00:00,8.0,68.721375,0.0,10.95,0.338
2024-04-15 20:00:00+00:00,7.9,65.82658,0.0,10.0,0.339
2024-04-15 21:00:00+00:00,9.8,54.090324,0.0,9.2,0.339
2024-04-15 22:00:00+00:00,8.6,59.277687,0.0,8.5,0.339
2024-04-15 23:00:00+00:00,7.85,63.729874,0.0,7.9,0.339
2024-04-16 00:00:00+00:00,7.15,67.570404,0.0,7.3,0.339
2024-04-16 01:00:00+00:00,6.5,74.27291,0.0,7.7,0.343
2024-04-16 02:00:00+00:00,6.5,75.06985,0.0,7.05,0.343
2024-04-16 03:00:00+00:00,6.35,75.04374,0.0,6.55,0.343
2024-04-16 04:00:00+00:00,6.9,74.3442,0.0,7.1,0.344
2024-04-16 05:00:00+00:00,9.0,63.76836,0.0,8.5,0.343
2024-04-16 06:00:00+00:00,11.35,52.409615,0.0,10.35,0.343
2024-04-16 07:00:00+00:00,13.5,49.211365,0.0,12.4,0.341
2024-04-16 08:00:00+00:00,15.4,46.867355,0.0,14.4,0.339
2024-04-16 09:00:00+00:00,16.95,43.969753,0.0,16.2,0.337
2024-04-16 10:00:00+00:00,18.15,41.04988,0.0,17.7,0.335
2024-04-16 11:00:00+00:00,19.1,38.144558,0.0,18.75,0.333
2024-04-16 12:00:00+00:00,19.65,34.850376,0.0,19.3,0.331
2024-04-16 13:00:00+00:00,19.35,35.75681,0.0,19.45,0.33
2024-04-16 14:00:00+00:00,18.95,37.04764,0.0,18.8,0.329
2024-04-16 15:00:00+00:00,16.9,65.53137,0.0,17.65,0.329
2024-04-16 16:00:00+00:00,17.05,40.304596,0.0,15.8,0.329
2024-04-16 17:00:00+00:00,13.05,54.950317,0.0,14.15,0.329
2024-04-16 18:00:00+00:00,10.05,65.60506,0.0,12.8,0.329
2024-04-16 19:00:00+00:00,9.05,65.38285,0.0,11.65,0.329
2024-04-16 20:00:00+00:00,8.2,66.60042,0.0,10.75,0.329
2024-04-16 21:00:00+00:00,8.4,61.83521,0.0,9.95,0.329
2024-04-16 22:00:00+00:00,10.5,47.84664,0.0,9.2,0.33
2024-04-16 23:00:00+00:00,9.85,49.60865,0.0,8.55,0.33
2024-04-17 00:00:00+00:00,9.05,52.53871,0.0,7.95,0.33
2024-04-17 01:00:00+00:00,8.75,58.469074,0.0,8.0,0.332
2024-04-17 02:00:00+00:00,8.15,60.67544,0.0,7.5,0.332
2024-04-17 03:00:00+00:00,6.3,72.40463,0.0,7.15,0.332
2024-04-17 04:00:00+00:00,9.05,66.314735,0.0,7.8,0.332
2024-04-17 05:00:00+00:00,11.35,62.315685,0.0,9.35,0.332
2024-04-17 06:00:00+00:00,13.45,57.80561,0.0,11.35,0.331
2024-04-17 07:00:00+00:00,15.45,52.7722,0.0,13.5,0.33
2024-04-17 08:00:00+00:00,17.4,47.59026,0.0,15.55,0.328
2024-04-17 09:00:00+00:00,19.0,44.550503,0.0,17.35,0.326
2024-04-17 10:00:00+00:00,20.3,42.384716,0.0,18.8,0.324
2024-04-17 11:00:00+00:00,21.2,40.237797,0.0,19.8,0.322
2024-04-17 12:00:00+00:00,21.7,38.891193,0.0,20.3,0.32
2024-04-17 13:00:00+00:00,21.6,40.489548,0.0,20.35,0.319
2024-04-17 14:00:00+00:00,20.9,42.845436,0.0,19.8,0.318
2024-04-17 15:00:00+00:00,18.5,61.864914,0.0,18.65,0.317
2024-04-17 16:00:00+00:00,15.2,64.94193,0.0,17.0,0.317
2024-04-17 17:00:00+00:00,12.8,70.17411,0.0,15.4,0.318
2024-04-17 18:00:00+00:00,10.55,72.43798,0.0,14.1,0.318
2024-04-17 19:00:00+00:00,9.05,71.1528,0.0,12.9,0.318
2024-04-17 20:00:00+00:00,8.4,65.7033,0.0,11.9,0.318
2024-04-17 21:00:00+00:00,7.95,62.395996,0.0,11.05,0.318
2024-04-17 22:00:00+00:00,7.4,68.59645,0.0,10.3,0.318
2024-04-17 23:00:00+00:00,6.6,75.3544,0.0,9.6,0.318
2024-04-18 00:00:00+00:00,7.75,67.940125,0.0,9.05,0.318
2024-04-18 01:00:00+00:00,9.45,63.421234,0.0,9.15,0.317
2024-04-18 02:00:00+00:00,8.75,68.876564,0.0,8.6,0.317
2024-04-18 03:00:00+00:00,8.45,70.78614,0.0,8.25,0.317
2024-04-18 04:00:00+00:00,9.65,72.01849,0.0,8.9,0.317
2024-04-18 05:00:00+00:00,11.95,68.81315,0.0,10.35,0.317
2024-04-18 06:00:00+00:00,14.0,64.67666,0.0,12.2,0.317
2024-04-18 07:00:00+00:00,16.15,58.675755,0.0,14.2,0.315
2024-04-18 08:00:00+00:00,18.25,52.612137,0.0,16.25,0.314
2024-04-18 09:00:00+00:00,20.05,45.926228,0.0,18.1,0.312
2024-04-18 10:00:00+00:00,21.0,37.638382,0.0,19.6,0.31
2024-04-18 11:00:00+00:00,21.15,36.65425,0.0,20.45,0.308
2024-04-18 12:00:00+00:00,20.85,38.118458,0.0,20.75,0.306
2024-04-18 13:00:00+00:00,19.95,42.576538,0.0,20.4,0.302
2024-04-18 14:00:00+00:00,19.55,44.552555,0.0,19.75,0.301
2024-04-18 15:00:00+00:00,17.85,64.655685,0.0,18.7,0.301
2024-04-18 16:00:00+00:00,14.2,69.97327,0.0,17.05,0.301
2024-04-18 17:00:00+00:00,12.5,74.80452,0.0,15.6,0.301
2024-04-18 18:00:00+00:00,10.75,79.24657,0.0,14.35,0.301
2024-04-18 19:00:00+00:00,10.05,77.52661,0.0,13.35,0.301
2024-04-18 20:00:00+00:00,9.1,79.82777,0.0,12.45,0.301
2024-04-18 21:00:00+00:00,8.45,81.131004,0.0,11.65,0.302
2024-04-18 22:00:00+00:00,8.5,77.551186,0.0,10.9,0.302
2024-04-18 23:00:00+00:00,10.5,63.6636,0.0,10.3,0.302
2024-04-19 00:00:00+00:00,10.35,63.18297,0.0,9.75,0.302
2024-04-19 01:00:00+00:00,10.85,64.868866,0.0,10.45,0.29
2024-04-19 02:00:00+00:00,8.85,73.39363,0.0,9.95,0.29
2024-04-19 03:00:00+00:00,8.05,79.95452,0.0,9.55,0.29
2024-04-19 04:00:00+00:00,11.75,67.13012,0.0,10.15,0.29
2024-04-19 05:00:00+00:00,14.7,62.450478,0.0,11.75,0.29
2024-04-19 06:00:00+00:00,16.85,57.46979,0.0,13.75,0.289
2024-04-19 07:00:00+00:00,18.95,52.441616,0.0,15.85,0.288
2024-04-19 08:00:00+00:00,20.8,42.381565,0.0,17.9,0.287
2024-04-19 09:00:00+00:00,21.8,32.51752,0.0,19.5,0.285
2024-04-19 10:00:00+00:00,22.5,30.088589,0.0,20.8,0.284
2024-04-19 11:00:00+00:00,22.3,30.56365,0.0,21.55,0.282
2024-04-19 12:00:00+00:00,21.95,30.895536,0.0,21.8,0.28
2024-04-19 13:00:00+00:00,21.35,36.082325,0.0,21.3,0.277
2024-04-19 14:00:00+00:00,21.05,36.372635,0.0,20.8,0.276
2024-04-19 15:00:00+00:00,19.35,65.195465,0.0,19.75,0.276
2024-04-19 16:00:00+00:00,19.2,39.25326,0.0,18.05,0.276
2024-04-19 17:00:00+00:00,13.9,58.32047,0.0,16.4,0.276
2024-04-19 18:00:00+00:00,11.2,70.09946,0.0,15.1,0.276
2024-04-19 19:00:00+00:00,10.0,73.60167,0.0,13.95,0.276
2024-04-19 20:00:00+00:00,9.15,77.11646,0.0,12.95,0.276
2024-04-19 21:00:00+00:00,8.65,79.48653,0.0,12.1,0.276
2024-04-19 22:00:00+00:00,8.35,80.83614,0.0,11.45,0.276
2024-04-19 23:00:00+00:00,8.0,81.9207,0.0,10.85,0.276
2024-04-20 00:00:00+00:00,7.7,82.16732,0.0,10.3,0.276
2024-04-20 01:00:00+00:00,10.9,69.07569,0.0,10.8,0.272
2024-04-20 02:00:00+00:00,10.5,70.69298,0.0,10.3,0.272
2024-04-20 03:00:00+00:00,10.05,72.5964,0.0,9.85,0.272
2024-04-20 04:00:00+00:00,11.15,72.29989,0.0,10.45,0.272
2024-04-20 05:00:00+00:00,13.25,66.75867,0.0,11.9,0.272
2024-04-20 06:00:00+00:00,15.4,59.905426,0.0,13.8,0.271
2024-04-20 07:00:00+00:00,17.75,54.47628,0.0,15.95,0.27
2024-04-20 08:00:00+00:00,20.05,44.69294,0.0,18.05,0.269
2024-04-20 09:00:00+00:00,21.75,31.939796,0.0,20.0,0.268
2024-04-20 10:00:00+00:00,22.25,29.081884,0.0,21.3,0.266
2024-04-20 11:00:00+00:00,22.1,28.63212,0.0,22.0,0.264
2024-04-20 12:00:00+00:00,21.55,27.580013,0.0,22.25,0.263
2024-04-20 13:00:00+00:00,20.6,29.236803,0.0,21.85,0.262
2024-04-20 14:00:00+00:00,19.6,29.057682,0.0,21.05,0.262
2024-04-20 15:00:00+00:00,17.85,62.751217,0.0,19.8,0.261
2024-04-20 16:00:00+00:00,17.15,36.26552,0.0,17.9,0.261
2024-04-20 17:00:00+00:00,11.7,60.254475,0.0,16.1,0.261
2024-04-20 18:00:00+00:00,10.9,63.08885,0.0,14.85,0.261
2024-04-20 19:00:00+00:00,9.15,73.44813,0.0,13.75,0.261
2024-04-20 20:00:00+00:00,8.5,73.84615,0.0,12.8,0.261
2024-04-20 21:00:00+00:00,8.35,71.7714,0.0,12.05,0.261
2024-04-20 22:00:00+00:00,8.05,72.22196,0.0,11.45,0.261
2024-04-20 23:00:00+00:00,7.25,74.67003,0.0,10.75,0.261
2024-04-21 00:00:00+00:00,6.85,76.20278,0.0,10.2,0.261
2024-04-21 01:00:00+00:00,6.95,80.642006,0.0,10.05,0.256
2024-04-21 02:00:00+00:00,9.2,67.528046,0.0,9.6,0.256
2024-04-21 03:00:00+00:00,8.35,76.18461,0.0,9.4,0.256
2024-04-21 04:00:00+00:00,10.45,69.70773,0.0,10.05,0.256
2024-04-21 05:00:00+00:00,12.75,61.995712,0.0,11.55,0.255
2024-04-21 06:00:00+00:00,15.25,55.33037,0.0,13.5,0.255
2024-04-21 07:00:00+00:00,17.1,51.06902,0.0,15.7,0.254
2024-04-21 08:00:00+00:00,17.5,44.743694,0.0,17.3,0.254
2024-04-21 09:00:00+00:00,18.05,42.32859,0.0,18.85,0.253
2024-04-21 10:00:00+00:00,19.05,38.66676,0.0,19.9,0.252
2024-04-21 11:00:00+00:00,17.8,39.123287,0.1,20.1,0.252
2024-04-21 12:00:00+00:00,17.4,40.690754,0.2,19.75,0.253
2024-04-21 13:00:00+00:00,17.85,34.32902,0.0,19.2,0.249
2024-04-21 14:00:00+00:00,17.3,38.02504,0.0,18.95,0.249
2024-04-21 15:00:00+00:00,16.05,59.252144,0.0,18.0,0.248
2024-04-21 16:00:00+00:00,15.75,44.71565,0.0,16.4,0.248
2024-04-21 17:00:00+00:00,11.35,64.529594,0.0,14.85,0.248
2024-04-21 18:00:00+00:00,10.1,67.246346,0.0,13.55,0.248
2024-04-21 19:00:00+00:00,8.95,67.952805,0.0,12.55,0.248
2024-04-21 20:00:00+00:00,7.9,67.01088,0.0,11.65,0.248
2024-04-21 21:00:00+00:00,7.15,66.84811,0.0,10.85,0.248
2024-04-21 22:00:00+00:00,6.7,66.032906,0.0,10.15,0.248
2024-04-21 23:00:00+00:00,6.0,67.81102,0.0,9.45,0.248
2024-04-22 00:00:00+00:00,8.9,47.564068,0.0,8.85,0.248
2024-04-22 01:00:00+00:00,8.25,57.713486,0.0,8.55,0.248
2024-04-22 02:00:00+00:00,7.45,61.163208,0.0,8.0,0.248
2024-04-22 03:00:00+00:00,7.1,62.871025,0.0,7.65,0.248
2024-04-22 04:00:00+00:00,8.4,63.85712,0.0,8.4,0.248
2024-04-22 05:00:00+00:00,10.5,60.814743,0.0,10.0,0.248
2024-04-22 06:00:00+00:00,12.8,57.44107,0.0,12.15,0.247
2024-04-22 07:00:00+00:00,15.25,49.694847,0.0,14.5,0.247
2024-04-22 08:00:00+00:00,17.4,39.701134,0.0,16.75,0.246
2024-04-22 09:00:00+00:00,19.0,32.2861,0.0,18.8,0.245
2024-04-22 10:00:00+00:00,20.25,29.875153,0.0,20.35,0.243
2024-04-22 11:00:00+00:00,20.8,29.085514,0.0,21.25,0.242
2024-04-22 12:00:00+00:00,21.05,29.259977,0.0,21.7,0.241
2024-04-22 13:00:00+00:00,20.95,29.231703,0.0,21.7,0.242
2024-04-22 14:00:00+00:00,19.95,29.896463,0.0,20.9,0.241
2024-04-22 15:00:00+00:00,18.2,39.653713,0.0,19.65,0.241
2024-04-22 16:00:00+00:00,14.45,48.272205,0.0,17.8,0.241
2024-04-22 17:00:00+00:00,12.0,58.047832,0.0,16.1,0.241
2024-04-22 18:00:00+00:00,10.7,58.543156,0.0,14.65,0.241
2024-04-22 19:00:00+00:00,10.8,48.8064,0.0,13.55,0.241
2024-04-22 20:00:00+00:00,9.2,55.309654,0.0,12.45,0.241
2024-04-22 21:00:00+00:00,10.9,42.37372,0.0,11.5,0.241
2024-04-22 22:00:00+00:00,7.85,55.96089,0.0,10.7,0.241
2024-04-22 23:00:00+00:00,7.95,54.181976,0.0,10.0,0.241
2024-04-23 00:00:00+00:00,10.0,40.879932,0.0,9.35,0.241
2024-04-23 01:00:00+00:00,8.95,48.28222,0.0,9.55,0.233
2024-04-23 02:00:00+00:00,9.25,46.284813,0.0,9.0,0.233
2024-04-23 03:00:00+00:00,8.15,54.632187,0.0,8.6,0.233
2024-04-23 04:00:00+00:00,9.95,50.544636,0.0,9.25,0.233
2024-04-23 05:00:00+00:00,12.2,47.640007,0.0,10.9,0.233
2024-04-23 06:00:00+00:00,14.65,41.644436,0.0,13.05,0.233
2024-04-23 07:00:00+00:00,16.75,36.278355,0.0,15.45,0.232
2024-04-23 08:00:00+00:00,18.55,34.901627,0.0,17.8,0.231
2024-04-23 09:00:00+00:00,20.15,31.03886,0.0,19.9,0.23
2024-04-23 10:00:00+00:00,21.25,26.056562,0.0,21.6,0.229
2024-04-23 11:00:00+00:00,22.0,22.986992,0.0,22.8,0.228
2024-04-23 12:00:00+00:00,22.25,22.63954,0.0,23.35,0.227
2024-04-23 13:00:00+00:00,21.65,23.398458,0.0,22.5,0.232
2024-04-23 14:00:00+00:00,21.2,25.211483,0.0,21.85,0.231
2024-04-23 15:00:00+00:00,19.1,32.31492,0.0,20.55,0.231
2024-04-23 16:00:00+00:00,16.1,35.70105,0.0,18.8,0.231
2024-04-23 17:00:00+00:00,16.55,34.196274,0.0,16.95,0.231
2024-04-23 18:00:00+00:00,16.9,30.659626,0.0,15.4,0.231
2024-04-23 19:00:00+00:00,13.3,42.002216,0.0,14.15,0.231
2024-04-23 20:00:00+00:00,13.6,36.672005,0.0,13.05,0.231
2024-04-23 21:00:00+00:00,9.9,48.19989,0.0,12.15,0.231
2024-04-23 22:00:00+00:00,10.75,43.113293,0.0,11.35,0.231
2024-04-23 23:00:00+00:00,12.15,34.536694,0.0,10.65,0.231
2024-04-24 00:00:00+00:00,11.4,36.695354,0.0,10.05,0.231
2024-04-24 01:00:00+00:00,10.3,43.457973,0.0,10.05,0.231
2024-04-24 02:00:00+00:00,6.75,63.93424,0.0,9.5,0.231
2024-04-24 03:00:00+00:00,9.75,47.28619,0.0,9.15,0.231
2024-04-24 04:00:00+00:00,10.95,49.558167,0.0,9.95,0.231
2024-04-24 05:00:00+00:00,13.05,47.20238,0.0,11.6,0.231
2024-04-24 06:00:00+00:00,15.4,42.762726,0.0,13.75,0.231
2024-04-24 07:00:00+00:00,17.65,37.591385,0.0,16.1,0.23
2024-04-24 08:00:00+00:00,19.6,33.867233,0.0,18.45,0.229
2024-04-24 09:00:00+00:00,21.1,32.54523,0.0,20.5,0.228
2024-04-24 10:00:00+00:00,22.1,30.938108,0.0,22.15,0.227
2024-04-24 11:00:00+00:00,22.75,29.325178,0.0,23.25,0.226
2024-04-24 12:00:00+00:00,23.05,28.79715,0.0,23.8,0.225
2024-04-24 13:00:00+00:00,22.5,32.153362,0.0,23.55,0.229
2024-04-24 14:00:00+00:00,22.2,32.859524,0.0,22.95,0.228
2024-04-24 15:00:00+00:00,20.4,40.285755,0.0,21.65,0.228
2024-04-24 16:00:00+00:00,16.6,54.922977,0.0,19.85,0.228
2024-04-24 17:00:00+00:00,14.8,62.2611,0.0,18.05,0.228
2024-04-24 18:00:00+00:00,13.65,62.420696,0.0,16.55,0.228
2024-04-24 19:00:00+00:00,13.2,57.542152,0.0,15.35,0.228
2024-04-24 20:00:00+00:00,12.3,60.18989,0.0,14.35,0.228
2024-04-24 21:00:00+00:00,15.95,40.70216,0.0,13.5,0.228
2024-04-24 22:00:00+00:00,15.5,39.71234,0.0,12.75,0.228
2024-04-24 23:00:00+00:00,14.85,40.382084,0.0,12.05,0.228
2024-04-25 00:00:00+00:00,14.3,41.098022,0.0,11.5,0.228
2024-04-25 01:00:00+00:00,12.8,48.668884,0.0,10.8,0.229
2024-04-25 02:00:00+00:00,12.2,51.348003,0.0,10.35,0.229
2024-04-25 03:00:00+00:00,11.8,53.09448,0.0,10.1,0.229
2024-04-25 04:00:00+00:00,12.5,56.566685,0.0,11.0,0.229
2024-04-25 05:00:00+00:00,14.45,53.61352,0.0,12.65,0.229
2024-04-25 06:00:00+00:00,16.85,48.937027,0.0,14.85,0.229
2024-04-25 07:00:00+00:00,19.2,43.248478,0.0,17.25,0.228
2024-04-25 08:00:00+00:00,21.2,38.881622,0.0,19.6,0.227
2024-04-25 09:00:00+00:00,22.85,35.160507,0.0,21.7,0.226
2024-04-25 10:00:00+00:00,24.05,32.037434,0.0,23.4,0.225
2024-04-25 11:00:00+00:00,24.85,28.498755,0.0,24.65,0.224
2024-04-25 12:00:00+00:00,25.1,26.27825,0.0,25.2,0.223
2024-04-25 13:00:00+00:00,25.0,29.341808,0.0,25.1,0.225
2024-04-25 14:00:00+00:00,24.45,30.009033,0.0,24.4,0.225
2024-04-25 15:00:00+00:00,22.25,48.59302,0.0,23.1,0.225
2024-04-25 16:00:00+00:00,18.25,50.5113,0.0,21.2,0.224
2024-04-25 17:00:00+00:00,16.75,55.9053,0.0,19.4,0.224
2024-04-25 18:00:00+00:00,14.95,71.06717,0.0,17.95,0.224
2024-04-25 19:00:00+00:00,13.7,79.938095,0.0,16.75,0.225
2024-04-25 20:00:00+00:00,12.85,82.264114,0.0,15.8,0.225
2024-04-25 21:00:00+00:00,12.35,80.82966,0.0,14.95,0.225
2024-04-25 22:00:00+00:00,11.6,81.00148,0.0,14.2,0.225
2024-04-25 23:00:00+00:00,11.25,79.86113,0.0,13.55,0.225
2024-04-26 00:00:00+00:00,14.35,62.15646,0.0,12.9,0.225
2024-04-26 01:00:00+00:00,13.1,63.157948,0.0,12.35,0.221
2024-04-26 02:00:00+00:00,12.45,65.45024,0.0,11.85,0.221
2024-04-26 03:00:00+00:00,12.0,67.18318,0.0,11.55,0.221
2024-04-26 04:00:00+00:00,13.25,66.98734,0.0,12.35,0.221
2024-04-26 05:00:00+00:00,15.3,62.1655,0.0,14.0,0.221
2024-04-26 06:00:00+00:00,17.55,52.427135,0.0,16.1,0.221
2024-04-26 07:00:00+00:00,19.75,44.30488,0.0,18.45,0.22
2024-04-26 08:00:00+00:00,21.85,40.011864,0.0,20.75,0.22
2024-04-26 09:00:00+00:00,23.45,36.682606,0.0,22.8,0.219
2024-04-26 10:00:00+00:00,24.4,34.061504,0.0,24.3,0.218
2024-04-26 11:00:00+00:00,25.05,32.430378,0.0,25.45,0.217
2024-04-26 12:00:00+00:00,24.25,34.018955,0.0,25.8,0.216
2024-04-26 13:00:00+00:00,24.65,30.3781,0.0,24.85,0.213
2024-04-26 14:00:00+00:00,23.65,32.704594,0.0,24.15,0.212
2024-04-26 15:00:00+00:00,22.15,48.727665,0.0,23.15,0.212
2024-04-26 16:00:00+00:00,19.6,46.587543,0.0,21.6,0.212
2024-04-26 17:00:00+00:00,17.75,52.30184,0.0,20.05,0.212
2024-04-26 18:00:00+00:00,16.4,57.74872,0.0,18.75,0.212
2024-04-26 19:00:00+00:00,15.6,59.54684,0.0,17.75,0.212
2024-04-26 20:00:00+00:00,13.85,66.65882,0.0,16.7,0.212
2024-04-26 21:00:00+00:00,13.4,67.24833,0.0,15.7,0.212
2024-04-26 22:00:00+00:00,15.4,54.236786,0.0,14.85,0.212
2024-04-26 23:00:00+00:00,14.95,54.306454,0.0,14.1,0.212
2024-04-27 00:00:00+00:00,14.2,56.02177,0.0,13.4,0.212
2024-04-27 01:00:00+00:00,13.9,59.953472,0.0,13.25,0.208
2024-04-27 02:00:00+00:00,13.45,60.25945,0.0,12.75,0.208
2024-04-27 03:00:00+00:00,12.9,62.03094,0.0,12.45,0.208
2024-04-27 04:00:00+00:00,14.05,62.086502,0.0,13.25,0.208
2024-04-27 05:00:00+00:00,16.25,57.125183,0.0,14.85,0.208
2024-04-27 06:00:00+00:00,18.75,50.303463,0.0,17.1,0.207
2024-04-27 07:00:00+00:00,20.95,45.09697,0.0,19.55,0.207
2024-04-27 08:00:00+00:00,22.95,41.427002,0.0,21.95,0.207
2024-04-27 09:00:00+00:00,24.7,36.66481,0.0,24.1,0.206
2024-04-27 10:00:00+00:00,25.75,31.32169,0.0,25.8,0.206
2024-04-27 11:00:00+00:00,26.8,25.832878,0.0,26.85,0.206
2024-04-27 12:00:00+00:00,24.1,34.561604,0.0,26.75,0.205
2024-04-27 13:00:00+00:00,23.25,42.92701,0.0,26.15,0.2
2024-04-27 14:00:00+00:00,23.0,40.8864,0.0,25.4,0.2
2024-04-27 15:00:00+00:00,22.05,45.861427,0.0,24.25,0.2
2024-04-27 16:00:00+00:00,19.3,52.88806,0.0,22.55,0.2
2024-04-27 17:00:00+00:00,17.85,59.090046,0.0,20.85,0.2
2024-04-27 18:00:00+00:00,15.85,69.82758,0.0,19.4,0.2
2024-04-27 19:00:00+00:00,14.85,73.95922,0.0,18.2,0.2
2024-04-27 20:00:00+00:00,14.15,73.09631,0.0,17.15,0.2
2024-04-27 21:00:00+00:00,13.25,72.19646,0.0,16.25,0.2
2024-04-27 22:00:00+00:00,12.3,73.50865,0.0,15.45,0.201
2024-04-27 23:00:00+00:00,12.65,66.6305,0.0,14.7,0.201
2024-04-28 00:00:00+00:00,14.3,55.467815,0.0,14.05,0.201
2024-04-28 01:00:00+00:00,15.05,50.689762,0.0,14.45,0.196
2024-04-28 02:00:00+00:00,14.95,51.552612,0.0,13.9,0.196
2024-04-28 03:00:00+00:00,14.6,53.65316,0.0,13.55,0.196
2024-04-28 04:00:00+00:00,15.5,55.77675,0.0,14.35,0.196
2024-04-28 05:00:00+00:00,17.4,53.651394,0.0,16.0,0.196
2024-04-28 06:00:00+00:00,19.4,50.47835,0.0,18.25,0.196
2024-04-28 07:00:00+00:00,21.6,41.748913,0.0,20.7,0.196
2024-04-28 08:00:00+00:00,23.55,36.09143,0.0,23.2,0.196
2024-04-28 09:00:00+00:00,25.2,29.601046,0.0,25.15,0.196
2024-04-28 10:00:00+00:00,26.6,23.543688,0.0,26.7,0.196
2024-04-28 11:00:00+00:00,27.4,20.714512,0.0,27.9,0.196
2024-04-28 12:00:00+00:00,27.5,19.180624,0.0,28.5,0.196
2024-04-28 13:00:00+00:00,26.85,19.433895,0.0,27.8,0.198
2024-04-28 14:00:00+00:00,26.1,20.240145,0.0,27.2,0.198
2024-04-28 15:00:00+00:00,24.0,47.635582,0.0,25.95,0.198
2024-04-28 16:00:00+00:00,20.55,34.14089,0.0,23.9,0.198
2024-04-28 17:00:00+00:00,19.05,35.795918,0.0,22.05,0.198
2024-04-28 18:00:00+00:00,16.85,41.25237,0.0,20.5,0.198
2024-04-28 19:00:00+00:00,15.4,42.460587,0.0,19.1,0.198
2024-04-28 20:00:00+00:00,14.25,41.826862,0.0,17.9,0.198
2024-04-28 21:00:00+00:00,12.9,45.33988,0.0,16.8,0.198
2024-04-28 22:00:00+00:00,12.25,47.654144,0.0,15.8,0.198
2024-04-28 23:00:00+00:00,15.25,31.894619,0.0,14.9,0.198
2024-04-29 00:00:00+00:00,15.15,31.865425,0.0,14.1,0.198
2024-04-29 01:00:00+00:00,14.15,38.753162,0.0,13.55,0.195
2024-04-29 02:00:00+00:00,13.5,40.716892,0.0,12.9,0.195
2024-04-29 03:00:00+00:00,12.3,50.4703,0.0,12.55,0.195
2024-04-29 04:00:00+00:00,14.25,43.97224,0.0,13.4,0.195
2024-04-29 05:00:00+00:00,16.35,40.101673,0.0,15.2,0.195
2024-04-29 06:00:00+00:00,18.9,35.376003,0.0,17.6,0.195
2024-04-29 07:00:00+00:00,21.3,30.066864,0.0,20.25,0.195
2024-04-29 08:00:00+00:00,23.35,26.354616,0.0,22.85,0.195
2024-04-29 09:00:00+00:00,25.25,21.904387,0.0,25.25,0.195
2024-04-29 10:00:00+00:00,26.5,17.871866,0.0,27.1,0.195
2024-04-29 11:00:00+00:00,27.05,16.325544,0.0,28.3,0.195
2024-04-29 12:00:00+00:00,27.3,15.173411,0.0,28.8,0.195
2024-04-29 13:00:00+00:00,26.8,16.9331,0.0,28.1,0.2
2024-04-29 14:00:00+00:00,26.0,18.142641,0.0,27.25,0.2
2024-04-29 15:00:00+00:00,23.95,44.875248,0.0,26.0,0.2
2024-04-29 16:00:00+00:00,21.35,28.931202,0.0,23.95,0.2
2024-04-29 17:00:00+00:00,17.9,39.014824,0.0,21.95,0.2
2024-04-29 18:00:00+00:00,16.95,42.45762,0.0,20.3,0.2
2024-04-29 19:00:00+00:00,15.75,43.320087,0.0,19.05,0.2
2024-04-29 20:00:00+00:00,14.65,40.179287,0.0,17.95,0.2
2024-04-29 21:00:00+00:00,13.05,46.699856,0.0,16.9,0.2
2024-04-29 22:00:00+00:00,14.65,38.34296,0.0,15.95,0.2
2024-04-29 23:00:00+00:00,15.75,32.989048,0.0,15.1,0.2
2024-04-30 00:00:00+00:00,15.0,34.741173,0.0,14.35,0.2
2024-04-30 01:00:00+00:00,13.85,43.233932,0.0,13.9,0.206
2024-04-30 02:00:00+00:00,13.45,44.372963,0.0,13.25,0.206
2024-04-30 03:00:00+00:00,13.45,45.01245,0.0,12.95,0.206
2024-04-30 04:00:00+00:00,14.55,48.300102,0.0,13.85,0.206
2024-04-30 05:00:00+00:00,16.5,45.720184,0.0,15.5,0.206
2024-04-30 06:00:00+00:00,18.9,39.716927,0.0,17.75,0.206
2024-04-30 07:00:00+00:00,21.35,32.502697,0.0,20.25,0.206
2024-04-30 08:00:00+00:00,23.55,27.74509,0.0,22.75,0.206
2024-04-30 09:00:00+00:00,24.95,25.332483,0.0,24.95,0.205
2024-04-30 10:00:00+00:00,25.95,23.126007,0.0,26.5,0.205
2024-04-30 11:00:00+00:00,26.15,21.442253,0.0,27.4,0.205
2024-04-30 12:00:00+00:00,24.35,29.46583,0.0,27.2,0.204
2024-04-30 13:00:00+00:00,22.5,39.119255,0.0,25.55,0.204
2024-04-30 14:00:00+00:00,21.5,44.343864,0.5,24.35,0.208
2024-04-30 15:00:00+00:00,20.8,48.1994,0.0,23.25,0.208
2024-04-30 16:00:00+00:00,18.45,57.28786,0.0,21.75,0.208
2024-04-30 17:00:00+00:00,16.85,64.2207,0.0,20.3,0.208
2024-04-30 18:00:00+00:00,15.25,73.049255,0.0,19.0,0.208
2024-04-30 19:00:00+00:00,14.6,77.44933,0.0,18.05,0.208
2024-04-30 20:00:00+00:00,14.5,82.19856,0.0,17.4,0.209
2024-04-30 21:00:00+00:00,12.65,91.49164,0.0,16.5,0.209
2024-04-30 22:00:00+00:00,12.9,83.37817,0.0,15.8,0.209
2024-04-30 23:00:00+00:00,13.75,74.01496,0.0,15.05,0.209
2024-05-01 00:00:00+00:00,13.1,74.402466,0.0,14.4,0.209
2024-05-01 01:00:00+00:00,11.0,79.01308,0.0,14.0,0.201
2024-05-01 02:00:00+00:00,12.55,69.646904,0.0,13.55,0.201
2024-05-01 03:00:00+00:00,12.05,75.23789,0.0,13.4,0.201
2024-05-01 04:00:00+00:00,13.75,67.09309,0.0,14.15,0.201
2024-05-01 05:00:00+00:00,15.5,62.847485,0.0,15.7,0.201
2024-05-01 06:00:00+00:00,17.45,51.867073,0.0,17.8,0.201
2024-05-01 07:00:00+00:00,19.45,46.229755,0.0,20.1,0.201
2024-05-01 08:00:00+00:00,20.55,45.291557,0.0,22.15,0.201
2024-05-01 09:00:00+00:00,21.25,43.09016,0.0,23.6,0.201
2024-05-01 10:00:00+00:00,22.25,37.35153,0.0,24.6,0.201
2024-05-01 11:00:00+00:00,22.55,34.238297,0.0,25.05,0.201
2024-05-01 12:00:00+00:00,22.4,36.633606,0.0,25.05,0.201
2024-05-01 13:00:00+00:00,20.05,40.88425,0.0,24.5,0.207
2024-05-01 14:00:00+00:00,20.25,41.082317,0.0,23.85,0.207
2024-05-01 15:00:00+00:00,19.5,44.38626,0.0,22.85,0.207
2024-05-01 16:00:00+00:00,17.7,54.648136,0.0,21.45,0.207
2024-05-01 17:00:00+00:00,16.7,58.41372,0.0,20.0,0.207
2024-05-01 18:00:00+00:00,15.55,63.930813,0.0,18.85,0.207
2024-05-01 19:00:00+00:00,14.25,70.93368,0.0,17.85,0.207
2024-05-01 20:00:00+00:00,13.1,76.95586,0.0,16.9,0.207
2024-05-01 21:00:00+00:00,12.1,83.28251,0.0,16.0,0.207
2024-05-01 22:00:00+00:00,11.65,84.07463,0.0,15.3,0.207
2024-05-01 23:00:00+00:00,11.25,83.179985,0.0,14.6,0.207
2024-05-02 00:00:00+00:00,11.25,80.13316,0.0,14.0,0.207
2024-05-02 01:00:00+00:00,11.6,79.910805,0.0,13.3,0.203
2024-05-02 02:00:00+00:00,11.0,82.868065,0.0,12.85,0.203
2024-05-02 03:00:00+00:00,11.85,78.336945,0.0,12.65,0.203
2024-05-02 04:00:00+00:00,13.3,72.69642,0.0,13.6,0.203
2024-05-02 05:00:00+00:00,14.95,66.66661,0.0,15.15,0.203
2024-05-02 06:00:00+00:00,16.8,60.241302,0.0,17.25,0.203
2024-05-02 07:00:00+00:00,18.8,52.225456,0.0,19.55,0.203
2024-05-02 08:00:00+00:00,20.6,45.92334,0.0,21.75,0.203
2024-05-02 09:00:00+00:00,20.85,46.304253,0.0,23.45,0.203
2024-05-02 10:00:00+00:00,19.0,54.61447,2.2,22.6,0.227
2024-05-02 11:00:00+00:00,20.95,45.09697,0.0,23.85,0.227
2024-05-02 12:00:00+00:00,19.75,48.89487,0.6,24.0,0.231
2024-05-02 13:00:00+00:00,18.85,53.30619,0.1,21.95,0.237
2024-05-02 14:00:00+00:00,18.15,50.829346,0.0,21.55,0.237
2024-05-02 15:00:00+00:00,17.3,53.62525,0.0,20.5,0.236
2024-05-02 16:00:00+00:00,15.9,67.76907,0.0,19.3,0.236
2024-05-02 17:00:00+00:00,15.2,65.60359,0.0,18.05,0.236
2024-05-02 18:00:00+00:00,12.65,81.142365,0.0,16.9,0.236
2024-05-02 19:00:00+00:00,12.3,81.91853,0.0,16.0,0.236
2024-05-02 20:00:00+00:00,11.55,86.0687,0.4,15.2,0.239
2024-05-02 21:00:00+00:00,11.45,90.19957,0.7,14.6,0.246
2024-05-02 22:00:00+00:00,11.55,92.34105,1.4,14.05,0.264
2024-05-02 23:00:00+00:00,11.2,93.25128,0.0,13.4,0.264
2024-05-03 00:00:00+00:00,9.9,96.70133,0.0,12.95,0.264
2024-05-03 01:00:00+00:00,10.8,94.80465,0.0,12.85,0.242
2024-05-03 02:00:00+00:00,10.0,95.09209,0.0,12.35,0.242
2024-05-03 03:00:00+00:00,10.6,93.84808,0.0,12.2,0.242
2024-05-03 04:00:00+00:00,11.65,89.61294,0.0,12.75,0.242
2024-05-03 05:00:00+00:00,12.75,82.80425,0.1,13.8,0.243
2024-05-03 06:00:00+00:00,14.8,67.99869,0.0,15.55,0.243
2024-05-03 07:00:00+00:00,16.85,51.884384,0.1,17.5,0.244
2024-05-03 08:00:00+00:00,18.4,43.621006,0.1,19.1,0.244
2024-05-03 09:00:00+00:00,18.75,42.23505,0.0,20.75,0.242
2024-05-03 10:00:00+00:00,19.6,43.213223,0.0,21.95,0.242
2024-05-03 11:00:00+00:00,17.1,55.427128,1.2,21.6,0.251
2024-05-03 12:00:00+00:00,18.9,45.91897,0.0,21.7,0.251
2024-05-03 13:00:00+00:00,17.95,45.026314,0.0,20.95,0.24
2024-05-03 14:00:00+00:00,17.05,43.69211,0.0,20.45,0.24
2024-05-03 15:00:00+00:00,15.75,49.144005,0.0,19.4,0.239
2024-05-03 16:00:00+00:00,14.1,55.99608,0.0,18.1,0.239
2024-05-03 17:00:00+00:00,12.35,65.20273,0.0,16.7,0.239
2024-05-03 18:00:00+00:00,11.4,72.346405,0.0,15.6,0.239
2024-05-03 19:00:00+00:00,10.2,79.71104,0.0,14.55,0.239
2024-05-03 20:00:00+00:00,9.9,82.731674,0.3,13.8,0.241
2024-05-03 21:00:00+00:00,9.75,88.55695,0.3,13.15,0.244
2024-05-03 22:00:00+00:00,9.05,92.823425,0.0,12.55,0.244
2024-05-03 23:00:00+00:00,9.6,87.64399,0.1,11.95,0.245
2024-05-04 00:00:00+00:00,9.2,89.72612,0.1,11.4,0.245
2024-05-04 01:00:00+00:00,8.95,96.024,0.0,11.3,0.271
2024-05-04 02:00:00+00:00,8.45,95.35707,0.7,10.85,0.281
2024-05-04 03:00:00+00:00,8.55,93.75045,0.1,10.65,0.282
2024-05-04 04:00:00+00:00,9.8,88.86266,0.0,11.2,0.282
2024-05-04 05:00:00+00:00,11.45,81.532,0.0,12.4,0.282
2024-05-04 06:00:00+00:00,13.5,70.31112,0.1,14.25,0.282
2024-05-04 07:00:00+00:00,14.75,55.96921,0.1,15.7,0.282
2024-05-04 08:00:00+00:00,15.7,48.95953,0.1,17.25,0.282
2024-05-04 09:00:00+00:00,16.85,44.71517,0.1,18.65,0.281
2024-05-04 10:00:00+00:00,16.8,48.084957,0.3,19.55,0.283
2024-05-04 11:00:00+00:00,16.95,46.649925,0.0,19.9,0.282
2024-05-04 12:00:00+00:00,17.25,44.984634,0.0,20.1,0.281
2024-05-04 13:00:00+00:00,16.1,51.683483,0.0,19.35,0.277
2024-05-04 14:00:00+00:00,15.05,53.032135,0.0,18.7,0.276
2024-05-04 15:00:00+00:00,14.65,54.984562,0.0,17.95,0.276
2024-05-04 16:00:00+00:00,13.35,63.215324,0.0,16.8,0.276
2024-05-04 17:00:00+00:00,12.15,75.25481,0.0,15.8,0.276
2024-05-04 18:00:00+00:00,11.3,81.51224,0.1,15.0,0.276
2024-05-04 19:00:00+00:00,9.65,91.297005,0.0,14.0,0.276
2024-05-04 20:00:00+00:00,10.5,85.37973,0.4,13.55,0.279
2024-05-04 21:00:00+00:00,10.15,88.591064,0.1,12.95,0.281
2024-05-04 22:00:00+00:00,9.05,92.508316,0.2,12.25,0.282
2024-05-04 23:00:00+00:00,8.2,96.98704,0.4,11.6,0.285
2024-05-05 00:00:00+00:00,8.7,97.99025,0.5,11.3,0.292
2024-05-05 01:00:00+00:00,9.0,93.77208,0.3,12.0,0.292
2024-05-05 02:00:00+00:00,8.05,96.983475,0.1,11.3,0.293
2024-05-05 03:00:00+00:00,8.65,94.71777,0.1,10.9,0.293
2024-05-05 04:00:00+00:00,9.9,86.19228,0.2,11.15,0.296
2024-05-05 05:00:00+00:00,11.3,76.66781,0.7,11.9,0.303
2024-05-05 06:00:00+00:00,13.1,61.650414,0.6,13.25,0.308
2024-05-05 07:00:00+00:00,15.0,46.75476,0.3,15.1,0.31
2024-05-05 08:00:00+00:00,15.75,43.16743,0.1,16.95,0.309
2024-05-05 09:00:00+00:00,16.1,42.213085,0.0,18.3,0.308
2024-05-05 10:00:00+00:00,16.2,46.116375,0.0,19.35,0.306
2024-05-05 11:00:00+00:00,16.5,41.736107,0.0,19.7,0.304
2024-05-05 12:00:00+00:00,15.85,46.503407,0.1,19.85,0.303
2024-05-05 13:00:00+00:00,16.15,37.689857,0.0,20.3,0.289
2024-05-05 14:00:00+00:00,14.9,43.382614,0.0,19.5,0.288
2024-05-05 15:00:00+00:00,13.55,50.456825,0.4,18.15,0.291
2024-05-05 16:00:00+00:00,11.65,59.19507,0.0,16.55,0.291
2024-05-05 17:00:00+00:00,10.0,75.146996,0.5,15.0,0.296
2024-05-05 18:00:00+00:00,9.3,81.24588,0.3,13.65,0.298
2024-05-05 19:00:00+00:00,8.55,88.150566,0.5,12.45,0.304
2024-05-05 20:00:00+00:00,8.25,87.82103,0.8,11.5,0.314
2024-05-05 21:00:00+00:00,8.5,83.9957,0.3,11.1,0.317
2024-05-05 22:00:00+00:00,7.65,93.706856,0.2,10.65,0.32
2024-05-05 23:00:00+00:00,7.65,92.110054,0.0,10.15,0.32
2024-05-06 00:00:00+00:00,7.4,90.832504,1.0,9.95,0.333
2024-05-06 01:00:00+00:00,6.85,94.97057,1.7,9.75,0.342
2024-05-06 02:00:00+00:00,6.85,94.64338,1.7,9.55,0.364
2024-05-06 03:00:00+00:00,7.0,91.435585,0.1,9.4,0.365
2024-05-06 04:00:00+00:00,7.2,90.50486,0.0,9.6,0.365
2024-05-06 05:00:00+00:00,8.2,84.836815,0.2,10.3,0.366
2024-05-06 06:00:00+00:00,9.0,85.51121,0.2,11.2,0.368
2024-05-06 07:00:00+00:00,10.45,78.39232,0.4,12.4,0.371
2024-05-06 08:00:00+00:00,11.35,75.634834,0.6,13.35,0.375
2024-05-06 09:00:00+00:00,12.35,67.48906,0.4,14.55,0.378
2024-05-06 10:00:00+00:00,12.05,66.96237,0.1,14.9,0.378
2024-05-06 11:00:00+00:00,12.05,69.78633,0.5,15.4,0.381
2024-05-06 12:00:00+00:00,12.95,66.46635,0.2,15.8,0.382
2024-05-06 13:00:00+00:00,11.6,66.1748,0.1,16.9,0.338
2024-05-06 14:00:00+00:00,11.35,67.98092,0.1,16.1,0.339
2024-05-06 15:00:00+00:00,10.7,70.24343,0.2,15.15,0.34
2024-05-06 16:00:00+00:00,9.6,75.60105,0.1,14.05,0.34
2024-05-06 17:00:00+00:00,8.5,86.9422,1.9,12.75,0.361
2024-05-06 18:00:00+00:00,8.55,86.64845,0.5,11.8,0.367
2024-05-06 19:00:00+00:00,8.15,91.82495,0.5,11.1,0.373
2024-05-06 20:00:00+00:00,7.25,95.64165,0.0,10.5,0.373
2024-05-06 21:00:00+00:00,7.55,90.843,0.7,9.7,0.382
2024-05-06 22:00:00+00:00,7.2,94.33261,1.4,9.55,0.4
2024-05-06 23:00:00+00:00,6.4,95.28218,0.8,9.2,0.409
2024-05-07 00:00:00+00:00,5.95,95.92948,0.3,8.85,0.412
2024-05-07 01:00:00+00:00,6.15,93.633194,1.1,9.05,0.429
2024-05-07 02:00:00+00:00,6.3,92.02769,0.0,8.65,0.428
2024-05-07 03:00:00+00:00,6.75,89.84574,0.4,8.7,0.432
2024-05-07 04:00:00+00:00,7.05,86.80025,0.2,8.95,0.433
2024-05-07 05:00:00+00:00,7.75,84.4926,0.5,9.75,0.438
2024-05-07 06:00:00+00:00,8.75,79.50112,0.1,10.75,0.437
2024-05-07 07:00:00+00:00,10.55,74.21075,0.1,12.4,0.436
2024-05-07 08:00:00+00:00,12.0,67.18318,0.2,13.8,0.434
2024-05-07 09:00:00+00:00,13.4,60.665257,0.2,15.05,0.432
2024-05-07 10:00:00+00:00,13.55,56.44098,0.2,15.75,0.43
2024-05-07 11:00:00+00:00,10.3,74.93918,2.2,14.9,0.451
2024-05-07 12:00:00+00:00,12.75,60.089855,0.0,14.95,0.449
2024-05-07 13:00:00+00:00,12.45,56.553856,0.2,15.55,0.428
2024-05-07 14:00:00+00:00,11.35,64.75476,0.9,14.55,0.434
2024-05-07 15:00:00+00:00,11.1,66.06595,0.5,13.5,0.437
2024-05-07 16:00:00+00:00,9.45,80.43064,0.0,12.4,0.435
2024-05-07 17:00:00+00:00,8.0,86.294945,0.0,11.35,0.434
2024-05-07 18:00:00+00:00,6.5,92.360115,0.0,10.25,0.433
2024-05-07 19:00:00+00:00,5.95,93.62328,0.0,9.45,0.432
2024-05-07 20:00:00+00:00,5.4,93.59588,0.0,8.85,0.43
2024-05-07 21:00:00+00:00,5.4,92.29483,0.0,8.35,0.429
2024-05-07 22:00:00+00:00,4.85,92.586975,0.0,7.95,0.428
2024-05-07 23:00:00+00:00,5.05,91.95031,0.0,7.7,0.427
2024-05-08 00:00:00+00:00,4.35,93.543106,0.0,7.35,0.426
2024-05-08 01:00:00+00:00,5.3,95.24124,0.0,8.3,0.427
2024-05-08 02:00:00+00:00,5.4,95.24499,0.0,7.9,0.426
2024-05-08 03:00:00+00:00,6.45,91.71764,0.0,7.8,0.425
2024-05-08 04:00:00+00:00,7.5,85.94499,0.0,8.5,0.424
2024-05-08 05:00:00+00:00,8.35,81.39956,0.0,9.6,0.423
2024-05-08 06:00:00+00:00,9.65,69.790436,0.0,10.75,0.422
2024-05-08 07:00:00+00:00,11.2,65.40128,0.0,12.55,0.419
2024-05-08 08:00:00+00:00,12.5,57.970367,0.0,14.15,0.417
2024-05-08 09:00:00+00:00,13.75,53.05545,0.0,15.55,0.413
2024-05-08 10:00:00+00:00,15.15,45.819576,0.0,16.75,0.409
2024-05-08 11:00:00+00:00,14.6,53.09675,1.5,17.15,0.42
2024-05-08 12:00:00+00:00,15.3,48.002487,0.2,17.0,0.42
2024-05-08 13:00:00+00:00,15.95,44.45919,0.0,17.3,0.401
2024-05-08 14:00:00+00:00,15.8,42.575954,0.0,16.8,0.399
2024-05-08 15:00:00+00:00,15.1,52.86192,0.0,16.05,0.398
2024-05-08 16:00:00+00:00,13.15,52.894993,0.0,14.85,0.397
2024-05-08 17:00:00+00:00,10.45,61.44999,0.0,13.35,0.397
2024-05-08 18:00:00+00:00,9.2,72.185326,0.0,12.2,0.396
2024-05-08 19:00:00+00:00,7.85,79.64712,0.0,11.2,0.396
2024-05-08 20:00:00+00:00,7.05,80.65597,0.0,10.35,0.396
2024-05-08 21:00:00+00:00,6.15,82.25475,0.0,9.65,0.395
2024-05-08 22:00:00+00:00,6.2,78.01021,0.0,9.0,0.395
2024-05-08 23:00:00+00:00,8.3,64.5212,0.0,8.4,0.395
2024-05-09 00:00:00+00:00,7.9,65.12492,0.0,7.85,0.394
2024-05-09 01:00:00+00:00,6.95,72.26974,0.0,7.5,0.394
2024-05-09 02:00:00+00:00,6.45,73.73671,0.0,7.05,0.394
2024-05-09 03:00:00+00:00,6.65,71.18894,0.0,7.05,0.393
2024-05-09 04:00:00+00:00,8.05,71.96755,0.0,8.1,0.393
2024-05-09 05:00:00+00:00,10.0,67.69756,0.0,9.75,0.392
2024-05-09 06:00:00+00:00,12.0,64.00614,0.0,11.75,0.39
2024-05-09 07:00:00+00:00,14.2,56.60694,0.0,13.85,0.387
2024-05-09 08:00:00+00:00,16.25,49.796154,0.0,15.85,0.384
2024-05-09 09:00:00+00:00,17.85,44.53313,0.0,17.5,0.381
2024-05-09 10:00:00+00:00,19.0,42.452805,0.0,18.65,0.377
2024-05-09 11:00:00+00:00,19.75,42.666058,0.0,19.55,0.374
2024-05-09 12:00:00+00:00,19.25,41.365257,0.0,19.5,0.372
2024-05-09 13:00:00+00:00,19.15,36.975636,0.0,19.75,0.368
2024-05-09 14:00:00+00:00,18.6,36.9463,0.0,19.2,0.366
2024-05-09 15:00:00+00:00,17.05,46.83995,0.0,18.15,0.365
2024-05-09 16:00:00+00:00,14.25,58.005886,0.0,16.75,0.364
2024-05-09 17:00:00+00:00,12.65,64.37503,0.0,15.35,0.364
2024-05-09 18:00:00+00:00,12.0,71.47227,0.0,14.35,0.364
2024-05-09 19:00:00+00:00,10.9,77.65961,0.0,13.5,0.364
2024-05-09 20:00:00+00:00,10.05,79.963524,0.0,12.75,0.364
2024-05-09 21:00:00+00:00,9.5,80.160934,0.0,12.1,0.363
2024-05-09 22:00:00+00:00,8.65,83.43522,0.0,11.5,0.363
2024-05-09 23:00:00+00:00,7.85,82.47328,0.0,10.8,0.363
2024-05-10 00:00:00+00:00,8.25,76.43506,0.0,10.2,0.363
2024-05-10 01:00:00+00:00,9.75,66.00154,0.0,9.85,0.359
2024-05-10 02:00:00+00:00,9.25,66.358444,0.0,9.3,0.359
2024-05-10 03:00:00+00:00,8.9,71.37378,0.0,9.25,0.359
2024-05-10 04:00:00+00:00,11.25,65.86917,0.0,10.25,0.359
2024-05-10 05:00:00+00:00,13.25,62.758663,0.0,11.85,0.358
2024-05-10 06:00:00+00:00,15.35,59.081463,0.0,13.75,0.357
2024-05-10 07:00:00+00:00,17.3,54.916534,0.0,15.8,0.354
2024-05-10 08:00:00+00:00,18.85,50.844646,0.1,17.7,0.352
2024-05-10 09:00:00+00:00,19.9,40.700798,0.0,19.35,0.349
2024-05-10 10:00:00+00:00,20.75,34.922863,0.0,20.55,0.346
2024-05-10 11:00:00+00:00,21.05,33.45606,0.0,21.35,0.343
2024-05-10 12:00:00+00:00,20.35,33.255077,0.0,21.2,0.34
2024-05-10 13:00:00+00:00,19.95,36.8195,0.0,21.05,0.334
2024-05-10 14:00:00+00:00,19.55,37.481956,0.0,20.6,0.332
2024-05-10 15:00:00+00:00,18.75,48.291664,0.0,19.65,0.331
2024-05-10 16:00:00+00:00,18.2,42.224434,0.0,18.25,0.331
2024-05-10 17:00:00+00:00,14.25,61.287556,0.0,16.85,0.331
2024-05-10 18:00:00+00:00,12.75,63.95479,0.0,15.5,0.331
2024-05-10 19:00:00+00:00,11.55,68.258156,0.0,14.45,0.331
2024-05-10 20:00:00+00:00,10.85,71.49919,0.0,13.65,0.331
2024-05-10 21:00:00+00:00,10.45,74.96499,0.0,13.0,0.331
2024-05-10 22:00:00+00:00,12.55,60.88246,0.0,12.6,0.331
2024-05-10 23:00:00+00:00,12.55,59.41706,0.0,12.2,0.331
2024-05-11 00:00:00+00:00,12.6,57.995506,0.0,11.95,0.331
2024-05-11 01:00:00+00:00,11.5,71.37699,0.0,12.75,0.334
2024-05-11 02:00:00+00:00,11.95,68.57664,0.0,12.25,0.334
2024-05-11 03:00:00+00:00,12.05,78.36714,0.0,12.35,0.334
2024-05-11 04:00:00+00:00,13.1,73.15403,0.0,12.75,0.334
2024-05-11 05:00:00+00:00,14.2,71.40379,0.1,13.4,0.335
2024-05-11 06:00:00+00:00,14.85,67.0972,0.1,14.1,0.336
2024-05-11 07:00:00+00:00,15.65,61.617065,0.2,14.9,0.336
2024-05-11 08:00:00+00:00,16.35,56.762512,0.3,15.75,0.338
2024-05-11 09:00:00+00:00,15.25,68.0911,1.7,16.0,0.354
2024-05-11 10:00:00+00:00,16.8,57.262917,0.3,17.3,0.356
2024-05-11 11:00:00+00:00,16.35,57.932796,0.8,17.45,0.362
2024-05-11 12:00:00+00:00,14.45,78.72496,0.8,16.35,0.369
2024-05-11 13:00:00+00:00,17.4,51.50067,0.0,17.8,0.368
2024-05-11 14:00:00+00:00,16.3,56.556885,0.0,17.5,0.366
2024-05-11 15:00:00+00:00,15.6,60.774532,0.0,16.9,0.366
2024-05-11 16:00:00+00:00,15.0,64.678444,0.0,16.1,0.365
2024-05-11 17:00:00+00:00,12.8,76.64898,0.0,15.15,0.365
2024-05-11 18:00:00+00:00,12.7,77.413376,0.1,14.55,0.366
2024-05-11 19:00:00+00:00,11.85,82.41477,0.2,13.9,0.367
2024-05-11 20:00:00+00:00,11.65,86.36862,0.4,13.35,0.37
2024-05-11 21:00:00+00:00,10.95,91.07595,0.0,12.9,0.37
2024-05-11 22:00:00+00:00,11.4,89.29372,0.2,12.6,0.372
2024-05-11 23:00:00+00:00,10.75,93.85513,0.1,12.3,0.372
2024-05-12 00:00:00+00:00,9.6,95.39831,0.0,11.8,0.372
2024-05-12 01:00:00+00:00,9.0,87.58869,0.0,11.05,0.375
2024-05-12 02:00:00+00:00,9.8,79.92793,0.0,10.55,0.375
2024-05-12 03:00:00+00:00,9.65,90.37255,0.0,10.4,0.375
2024-05-12 04:00:00+00:00,11.65,84.358406,0.0,11.3,0.374
2024-05-12 05:00:00+00:00,13.6,80.19135,0.0,12.85,0.374
2024-05-12 06:00:00+00:00,15.65,72.15471,0.0,14.6,0.373
2024-05-12 07:00:00+00:00,17.65,62.288933,0.6,16.3,0.376
2024-05-12 08:00:00+00:00,19.8,45.082,0.3,18.05,0.377
2024-05-12 09:00:00+00:00,21.4,32.631054,0.0,19.8,0.373
2024-05-12 10:00:00+00:00,21.15,31.104282,0.0,20.9,0.369
2024-05-12 11:00:00+00:00,20.1,36.991364,0.0,20.9,0.366
2024-05-12 12:00:00+00:00,19.6,41.75217,0.0,20.85,0.363
2024-05-12 13:00:00+00:00,18.8,39.688126,0.0,20.4,0.353
2024-05-12 14:00:00+00:00,16.8,47.918823,0.0,19.5,0.351
2024-05-12 15:00:00+00:00,15.2,57.646526,0.0,18.25,0.351
2024-05-12 16:00:00+00:00,13.2,70.013916,0.0,17.0,0.35
2024-05-12 17:00:00+00:00,13.15,73.16305,0.4,16.0,0.353
2024-05-12 18:00:00+00:00,12.2,80.80932,0.2,14.85,0.355
2024-05-12 19:00:00+00:00,11.1,84.58159,1.2,13.75,0.367
2024-05-12 20:00:00+00:00,10.1,89.7954,0.2,12.9,0.37
2024-05-12 21:00:00+00:00,9.65,91.607,1.1,12.1,0.384
2024-05-12 22:00:00+00:00,8.85,96.67422,1.7,11.6,0.406
2024-05-12 23:00:00+00:00,9.5,96.04096,0.2,11.3,0.407
2024-05-13 00:00:00+00:00,8.95,96.67682,0.0,10.9,0.408
2024-05-13 01:00:00+00:00,9.3,94.10475,3.0,11.4,0.452
2024-05-13 02:00:00+00:00,9.4,92.84264,0.3,11.2,0.453
2024-05-13 03:00:00+00:00,9.4,92.52833,0.2,11.05,0.453
2024-05-13 04:00:00+00:00,10.45,86.248055,0.1,11.55,0.451
2024-05-13 05:00:00+00:00,11.65,81.00823,0.1,12.5,0.45
2024-05-13 06:00:00+00:00,12.55,76.09188,0.2,13.45,0.45
2024-05-13 07:00:00+00:00,13.35,70.52095,0.2,14.55,0.448
2024-05-13 08:00:00+00:00,15.2,63.2062,0.1,16.15,0.445
2024-05-13 09:00:00+00:00,15.85,57.024673,0.0,17.8,0.44
2024-05-13 10:00:00+00:00,15.95,53.087452,0.0,18.9,0.435
2024-05-13 11:00:00+00:00,16.8,50.291485,0.0,19.7,0.43
2024-05-13 12:00:00+00:00,15.8,53.047745,0.0,20.0,0.426
2024-05-13 13:00:00+00:00,16.9,40.261166,0.5,18.8,0.401
2024-05-13 14:00:00+00:00,16.3,40.803654,0.0,18.25,0.399
2024-05-13 15:00:00+00:00,15.15,46.30602,0.0,17.35,0.398
2024-05-13 16:00:00+00:00,14.1,52.411423,0.1,16.2,0.398
2024-05-13 17:00:00+00:00,11.05,72.28125,0.2,14.9,0.399
2024-05-13 18:00:00+00:00,9.3,86.722496,1.9,13.55,0.42
2024-05-13 19:00:00+00:00,9.35,90.96742,0.5,12.5,0.424
2024-05-13 20:00:00+00:00,9.05,91.56862,1.2,11.8,0.438
2024-05-13 21:00:00+00:00,9.35,90.350716,0.6,11.35,0.444
2024-05-13 22:00:00+00:00,9.35,91.587845,0.3,11.1,0.446
2024-05-13 23:00:00+00:00,9.05,91.25728,1.0,10.85,0.456
2024-05-14 00:00:00+00:00,9.05,90.637375,0.6,10.75,0.461
2024-05-14 01:00:00+00:00,9.35,88.22122,0.3,10.75,0.483
2024-05-14 02:00:00+00:00,8.85,94.40463,0.7,10.55,0.484
2024-05-14 03:00:00+00:00,9.05,88.799934,0.6,10.55,0.486
2024-05-14 04:00:00+00:00,9.1,89.71837,0.7,10.65,0.487
2024-05-14 05:00:00+00:00,9.9,83.87132,0.3,11.1,0.483
2024-05-14 06:00:00+00:00,10.3,78.10083,0.2,11.3,0.478
2024-05-14 07:00:00+00:00,11.1,75.592926,0.2,12.1,0.475
2024-05-14 08:00:00+00:00,11.65,75.94362,0.4,13.1,0.473
2024-05-14 09:00:00+00:00,11.95,73.195435,0.5,13.7,0.473
2024-05-14 10:00:00+00:00,14.9,60.401066,0.1,15.75,0.469
2024-05-14 11:00:00+00:00,11.2,74.32486,1.1,15.25,0.474
2024-05-14 12:00:00+00:00,14.25,58.005886,0.1,15.8,0.47
2024-05-14 13:00:00+00:00,14.65,51.831715,0.1,16.35,0.461
2024-05-14 14:00:00+00:00,12.2,62.732235,0.1,15.8,0.459
2024-05-14 15:00:00+00:00,12.3,61.247383,0.0,15.1,0.456
2024-05-14 16:00:00+00:00,11.0,74.289825,0.0,14.1,0.454
2024-05-14 17:00:00+00:00,9.6,76.12692,0.0,12.75,0.452
2024-05-14 18:00:00+00:00,7.3,87.73401,0.0,11.65,0.45
2024-05-14 19:00:00+00:00,6.75,88.913246,0.0,10.75,0.449
2024-05-14 20:00:00+00:00,6.9,84.69073,0.0,10.0,0.447
2024-05-14 21:00:00+00:00,6.95,79.515594,0.0,9.35,0.446
2024-05-14 22:00:00+00:00,7.55,72.12724,0.0,8.85,0.445
2024-05-14 23:00:00+00:00,7.35,69.81946,0.0,8.35,0.444
2024-05-15 00:00:00+00:00,6.9,69.97778,0.0,7.9,0.442
2024-05-15 01:00:00+00:00,6.75,82.62183,0.0,7.75,0.442
2024-05-15 02:00:00+00:00,6.3,82.85582,0.0,7.4,0.44
2024-05-15 03:00:00+00:00,6.15,89.48609,0.0,7.4,0.439
2024-05-15 04:00:00+00:00,8.15,82.22545,0.0,8.4,0.438
2024-05-15 05:00:00+00:00,10.15,78.61652,0.0,10.05,0.437
2024-05-15 06:00:00+00:00,12.25,73.00023,0.0,11.9,0.435
2024-05-15 07:00:00+00:00,13.6,70.56943,0.1,13.35,0.434
2024-05-15 08:00:00+00:00,14.75,63.534447,0.2,14.85,0.433
2024-05-15 09:00:00+00:00,15.8,52.32089,0.0,15.9,0.43
2024-05-15 10:00:00+00:00,16.3,47.614117,0.0,16.5,0.427
2024-05-15 11:00:00+00:00,16.4,46.983936,0.0,17.05,0.424
2024-05-15 12:00:00+00:00,16.1,46.41136,0.0,17.2,0.421
2024-05-15 13:00:00+00:00,16.25,43.15886,0.0,17.15,0.417
2024-05-15 14:00:00+00:00,16.15,41.195564,0.0,16.8,0.415
2024-05-15 15:00:00+00:00,12.6,64.809525,0.0,15.8,0.414
2024-05-15 16:00:00+00:00,11.1,82.5998,0.0,14.6,0.413
2024-05-15 17:00:00+00:00,10.9,76.34098,0.0,13.6,0.412
2024-05-15 18:00:00+00:00,10.75,73.73613,0.0,12.75,0.412
2024-05-15 19:00:00+00:00,10.3,71.39396,0.0,11.65,0.412
2024-05-15 20:00:00+00:00,9.7,71.27857,0.0,10.75,0.411
2024-05-15 21:00:00+00:00,7.95,76.118004,0.0,10.0,0.411
2024-05-15 22:00:00+00:00,8.45,68.814606,0.0,9.4,0.411
2024-05-15 23:00:00+00:00,7.9,69.190254,0.0,8.8,0.411
2024-05-16 00:00:00+00:00,7.6,69.37495,0.0,8.3,0.41
2024-05-16 01:00:00+00:00,7.15,73.863464,0.0,7.9,0.403
2024-05-16 02:00:00+00:00,6.5,76.1442,0.0,7.45,0.402
2024-05-16 03:00:00+00:00,6.35,86.42774,0.0,7.5,0.402
2024-05-16 04:00:00+00:00,9.15,73.44813,0.0,8.65,0.402
2024-05-16 05:00:00+00:00,11.5,68.721176,0.0,10.25,0.401
2024-05-16 06:00:00+00:00,13.7,64.38919,0.0,12.2,0.399
2024-05-16 07:00:00+00:00,15.35,61.54676,0.1,14.05,0.398
2024-05-16 08:00:00+00:00,16.45,56.40242,0.4,15.75,0.398
2024-05-16 09:00:00+00:00,15.15,56.07163,1.2,16.45,0.409
2024-05-16 10:00:00+00:00,15.15,58.229755,0.6,16.6,0.413
2024-05-16 11:00:00+00:00,16.35,55.23463,0.1,17.7,0.41
2024-05-16 12:00:00+00:00,16.25,49.281593,0.4,18.1,0.411
2024-05-16 13:00:00+00:00,16.9,41.851383,0.0,18.85,0.382
2024-05-16 14:00:00+00:00,16.6,41.18017,0.1,18.1,0.381
2024-05-16 15:00:00+00:00,15.25,48.835106,0.0,17.05,0.38
2024-05-16 16:00:00+00:00,12.35,64.53031,0.0,15.8,0.379
2024-05-16 17:00:00+00:00,10.2,75.963646,0.0,14.35,0.379
2024-05-16 18:00:00+00:00,10.3,75.980255,0.0,13.4,0.379
2024-05-16 19:00:00+00:00,10.2,78.08548,0.0,12.8,0.378
2024-05-16 20:00:00+00:00,7.7,88.685715,0.0,11.75,0.378
2024-05-16 21:00:00+00:00,8.45,80.2903,0.0,10.85,0.378
2024-05-16 22:00:00+00:00,8.35,78.616806,0.0,10.1,0.378
2024-05-16 23:00:00+00:00,7.55,81.291855,0.0,9.45,0.378
2024-05-17 00:00:00+00:00,7.1,80.946465,0.0,8.85,0.378
2024-05-17 01:00:00+00:00,6.55,78.61904,0.0,8.75,0.394
2024-05-17 02:00:00+00:00,6.05,79.10189,0.0,8.2,0.393
2024-05-17 03:00:00+00:00,6.15,78.83694,0.0,8.15,0.393
2024-05-17 04:00:00+00:00,7.7,73.4422,0.0,9.0,0.393
2024-05-17 05:00:00+00:00,9.4,65.92456,0.0,10.45,0.392
2024-05-17 06:00:00+00:00,11.1,54.630802,0.0,12.2,0.39
2024-05-17 07:00:00+00:00,12.7,46.60035,0.0,13.95,0.388
2024-05-17 08:00:00+00:00,14.15,38.613213,0.0,15.6,0.384
2024-05-17 09:00:00+00:00,15.5,28.836193,0.0,17.0,0.381
2024-05-17 10:00:00+00:00,16.55,24.114672,0.0,17.95,0.377
2024-05-17 11:00:00+00:00,17.1,21.762306,0.0,18.55,0.373
2024-05-17 12:00:00+00:00,17.35,21.340164,0.0,18.7,0.37
2024-05-17 13:00:00+00:00,17.05,28.228245,0.0,18.25,0.367
2024-05-17 14:00:00+00:00,16.65,30.364906,0.0,17.7,0.365
2024-05-17 15:00:00+00:00,15.65,37.00786,0.0,16.85,0.363
2024-05-17 16:00:00+00:00,13.75,45.745712,0.0,15.65,0.363
2024-05-17 17:00:00+00:00,12.0,51.843628,0.0,14.4,0.362
2024-05-17 18:00:00+00:00,10.3,61.849262,0.0,13.3,0.362
2024-05-17 19:00:00+00:00,8.45,75.14239,0.0,12.25,0.362
2024-05-17 20:00:00+00:00,8.1,77.48789,0.0,11.5,0.362
2024-05-17 21:00:00+00:00,8.1,78.30486,0.0,10.95,0.362
2024-05-17 22:00:00+00:00,8.7,68.86625,0.0,10.2,0.362
2024-05-17 23:00:00+00:00,8.9,65.34936,0.0,9.5,0.362
2024-05-18 00:00:00+00:00,8.45,66.18316,0.0,8.85,0.362
2024-05-18 01:00:00+00:00,6.9,77.02386,0.0,9.4,0.361
2024-05-18 02:00:00+00:00,4.55,86.24318,0.0,8.65,0.361
2024-05-18 03:00:00+00:00,6.55,77.51425,0.0,8.5,0.361
2024-05-18 04:00:00+00:00,8.35,68.55081,0.0,9.35,0.361
2024-05-18 05:00:00+00:00,10.35,54.23727,0.0,10.85,0.36
2024-05-18 06:00:00+00:00,12.1,43.193016,0.0,12.65,0.358
2024-05-18 07:00:00+00:00,13.75,33.622177,0.0,14.45,0.356
2024-05-18 08:00:00+00:00,15.25,30.630503,0.0,16.1,0.353
2024-05-18 09:00:00+00:00,16.55,29.89544,0.0,17.55,0.35
2024-05-18 10:00:00+00:00,17.55,29.747889,0.0,18.65,0.347
2024-05-18 11:00:00+00:00,18.35,28.702436,0.0,19.4,0.343
2024-05-18 12:00:00+00:00,18.95,26.080103,0.0,19.75,0.341
2024-05-18 13:00:00+00:00,18.05,29.24803,0.0,19.55,0.336
2024-05-18 14:00:00+00:00,18.4,29.561167,0.0,19.0,0.335
2024-05-18 15:00:00+00:00,17.9,36.483803,0.0,18.1,0.333
2024-05-18 16:00:00+00:00,14.65,59.723984,0.0,16.8,0.333
2024-05-18 17:00:00+00:00,12.25,61.66311,0.0,15.25,0.333
2024-05-18 18:00:00+00:00,11.45,67.29909,0.0,14.1,0.333
2024-05-18 19:00:00+00:00,9.7,77.47153,0.0,13.1,0.333
2024-05-18 20:00:00+00:00,8.6,83.141396,0.0,12.2,0.333
2024-05-18 21:00:00+00:00,8.05,85.40933,0.0,11.45,0.333
2024-05-18 22:00:00+00:00,8.0,84.22859,0.0,10.8,0.333
2024-05-18 23:00:00+00:00,9.55,75.59261,0.0,10.2,0.333
2024-05-19 00:00:00+00:00,9.45,75.57572,0.0,9.75,0.333
2024-05-19 01:00:00+00:00,7.3,87.12699,0.0,10.1,0.329
2024-05-19 02:00:00+00:00,8.7,77.31307,0.0,9.65,0.329
2024-05-19 03:00:00+00:00,8.8,80.339584,0.0,9.7,0.329
2024-05-19 04:00:00+00:00,11.15,72.54925,0.0,10.7,0.328
2024-05-19 05:00:00+00:00,13.2,64.942825,0.0,12.25,0.328
2024-05-19 06:00:00+00:00,15.35,58.679173,0.0,14.15,0.326
2024-05-19 07:00:00+00:00,17.7,53.36619,0.0,16.2,0.325
2024-05-19 08:00:00+00:00,16.9,62.116306,1.2,17.6,0.335
2024-05-19 09:00:00+00:00,18.35,57.648014,0.3,18.3,0.336
2024-05-19 10:00:00+00:00,20.2,50.184734,0.0,19.55,0.334
2024-05-19 11:00:00+00:00,20.9,46.318092,0.0,20.35,0.331
2024-05-19 12:00:00+00:00,20.85,41.678413,0.0,20.9,0.329
2024-05-19 13:00:00+00:00,19.55,48.675354,0.0,20.25,0.326
2024-05-19 14:00:00+00:00,19.6,45.025967,0.0,19.9,0.325
2024-05-19 15:00:00+00:00,18.3,54.987568,0.0,19.0,0.324
2024-05-19 16:00:00+00:00,16.95,62.54586,0.0,17.85,0.324
2024-05-19 17:00:00+00:00,15.75,59.78615,0.2,16.55,0.325
2024-05-19 18:00:00+00:00,12.8,78.47987,0.6,15.25,0.331
2024-05-19 19:00:00+00:00,12.35,80.28687,0.0,14.25,0.331
2024-05-19 20:00:00+00:00,11.65,82.111664,0.0,13.4,0.331
2024-05-19 21:00:00+00:00,10.7,88.33908,0.0,12.7,0.331
2024-05-19 22:00:00+00:00,11.55,80.44761,0.0,11.95,0.331
2024-05-19 23:00:00+00:00,10.95,81.18935,0.0,11.3,0.331
2024-05-20 00:00:00+00:00,10.3,82.21823,0.0,10.7,0.331
2024-05-20 01:00:00+00:00,10.45,84.796295,0.0,11.5,0.319
2024-05-20 02:00:00+00:00,9.75,88.55695,0.0,10.85,0.319
2024-05-20 03:00:00+00:00,10.0,89.181206,0.0,10.8,0.319
2024-05-20 04:00:00+00:00,11.55,86.35863,0.0,11.6,0.319
2024-05-20 05:00:00+00:00,12.55,81.95067,0.0,12.6,0.319
2024-05-20 06:00:00+00:00,14.0,74.55777,0.0,13.95,0.319
2024-05-20 07:00:00+00:00,15.55,66.12307,0.0,15.35,0.318
2024-05-20 08:00:00+00:00,16.15,62.362076,0.0,16.2,0.317
2024-05-20 09:00:00+00:00,16.35,60.74664,0.0,16.6,0.316
2024-05-20 10:00:00+00:00,16.55,57.590187,0.0,17.0,0.316
2024-05-20 11:00:00+00:00,17.55,54.609436,0.0,17.85,0.314
2024-05-20 12:00:00+00:00,19.75,50.9137,0.0,19.4,0.313
2024-05-20 13:00:00+00:00,19.95,40.855675,0.0,19.85,0.307
2024-05-20 14:00:00+00:00,19.5,40.586292,0.0,19.65,0.305
2024-05-20 15:00:00+00:00,18.85,47.17892,0.0,19.05,0.305
2024-05-20 16:00:00+00:00,18.1,47.94824,0.0,17.95,0.305
2024-05-20 17:00:00+00:00,14.4,64.325966,0.0,16.45,0.305
2024-05-20 18:00:00+00:00,13.4,68.17208,0.0,15.25,0.305
2024-05-20 19:00:00+00:00,14.7,60.55998,0.0,14.2,0.305
2024-05-20 20:00:00+00:00,12.95,67.84667,0.0,13.35,0.305
2024-05-20 21:00:00+00:00,13.1,64.92066,0.0,12.6,0.305
2024-05-20 22:00:00+00:00,12.45,65.22483,0.0,11.95,0.305
2024-05-20 23:00:00+00:00,11.6,67.33085,0.0,11.45,0.305
2024-05-21 00:00:00+00:00,11.05,68.62882,0.0,11.05,0.305
2024-05-21 01:00:00+00:00,10.65,72.95893,0.0,11.65,0.302
2024-05-21 02:00:00+00:00,10.4,73.41926,0.0,11.05,0.302
2024-05-21 03:00:00+00:00,10.6,76.55442,0.0,11.05,0.302
2024-05-21 04:00:00+00:00,12.25,75.271706,0.0,12.05,0.302
2024-05-21 05:00:00+00:00,14.3,68.12583,0.0,13.65,0.302
2024-05-21 06:00:00+00:00,16.4,58.93646,0.0,15.65,0.301
2024-05-21 07:00:00+00:00,18.25,54.055195,0.0,17.7,0.299
2024-05-21 08:00:00+00:00,19.95,49.949173,0.0,19.65,0.297
2024-05-21 09:00:00+00:00,21.1,46.373356,0.0,21.25,0.295
2024-05-21 10:00:00+00:00,21.75,45.01576,0.0,22.45,0.293
2024-05-21 11:00:00+00:00,22.35,43.838985,0.0,23.25,0.291
2024-05-21 12:00:00+00:00,20.8,47.395718,0.0,23.5,0.289
2024-05-21 13:00:00+00:00,20.7,46.262745,0.2,22.7,0.29
2024-05-21 14:00:00+00:00,17.75,61.280983,0.5,21.2,0.294
2024-05-21 15:00:00+00:00,17.5,60.407864,0.0,20.05,0.294
2024-05-21 16:00:00+00:00,15.8,77.89024,0.0,18.75,0.294
2024-05-21 17:00:00+00:00,13.95,77.60741,0.0,17.25,0.294
2024-05-21 18:00:00+00:00,13.4,79.36298,0.0,16.0,0.294
2024-05-21 19:00:00+00:00,12.25,84.42614,0.0,15.05,0.294
2024-05-21 20:00:00+00:00,11.0,88.66304,0.0,14.15,0.294
2024-05-21 21:00:00+00:00,12.3,80.551,0.0,13.35,0.294
2024-05-21 22:00:00+00:00,10.0,88.578285,0.0,12.65,0.294
2024-05-21 23:00:00+00:00,10.85,82.56853,0.0,12.05,0.294
2024-05-22 00:00:00+00:00,10.3,83.63266,0.0,11.5,0.294
2024-05-22 01:00:00+00:00,11.4,76.162,0.0,12.6,0.275
2024-05-22 02:00:00+00:00,10.8,78.983536,0.0,11.95,0.275
2024-05-22 03:00:00+00:00,10.9,81.459404,0.0,11.9,0.275
2024-05-22 04:00:00+00:00,12.6,76.87636,0.0,12.8,0.274
2024-05-22 05:00:00+00:00,14.5,68.861145,0.0,14.4,0.274
2024-05-22 06:00:00+00:00,16.3,61.35336,0.0,16.35,0.273
2024-05-22 07:00:00+00:00,18.2,55.147507,0.0,18.35,0.272
2024-05-22 08:00:00+00:00,19.7,50.0503,0.0,20.3,0.271
2024-05-22 09:00:00+00:00,21.0,43.75652,0.0,22.0,0.269
2024-05-22 10:00:00+00:00,21.65,38.74399,0.0,23.2,0.267
2024-05-22 11:00:00+00:00,23.25,33.388004,0.0,24.05,0.266
2024-05-22 12:00:00+00:00,22.3,35.003387,0.0,24.0,0.264
2024-05-22 13:00:00+00:00,21.6,35.904987,0.0,23.65,0.261
2024-05-22 14:00:00+00:00,19.8,47.602318,0.0,22.65,0.26
2024-05-22 15:00:00+00:00,20.25,44.143574,0.0,21.8,0.26
2024-05-22 16:00:00+00:00,18.3,59.39683,0.0,20.5,0.26
2024-05-22 17:00:00+00:00,14.95,67.345024,0.0,18.8,0.26
2024-05-22 18:00:00+00:00,16.1,57.674072,0.0,17.55,0.26
2024-05-22 19:00:00+00:00,15.2,60.267017,0.0,16.35,0.26
2024-05-22 20:00:00+00:00,14.3,63.000526,0.0,15.25,0.26
2024-05-22 21:00:00+00:00,13.5,64.344406,0.0,14.35,0.26
2024-05-22 22:00:00+00:00,13.05,64.24336,0.0,13.6,0.26
2024-05-22 23:00:00+00:00,12.45,65.67634,0.0,12.9,0.26
2024-05-23 00:00:00+00:00,11.85,68.3202,0.0,12.3,0.26
2024-05-23 01:00:00+00:00,11.85,66.919716,0.0,12.6,0.252
2024-05-23 02:00:00+00:00,11.15,71.310036,0.0,12.0,0.252
2024-05-23 03:00:00+00:00,11.25,73.31994,0.0,12.05,0.252
2024-05-23 04:00:00+00:00,12.8,71.38037,0.0,13.05,0.252
2024-05-23 05:00:00+00:00,14.95,65.77143,0.0,14.7,0.252
2024-05-23 06:00:00+00:00,17.25,57.569283,0.0,16.8,0.251
2024-05-23 07:00:00+00:00,18.75,51.685417,0.0,18.45,0.25
2024-05-23 08:00:00+00:00,19.85,49.087532,0.0,19.65,0.25
2024-05-23 09:00:00+00:00,20.85,46.61768,0.0,20.65,0.249
2024-05-23 10:00:00+00:00,22.15,41.90438,0.0,21.9,0.248
2024-05-23 11:00:00+00:00,23.65,37.1158,0.0,23.55,0.246
2024-05-23 12:00:00+00:00,21.4,44.16642,1.3,23.95,0.259
2024-05-23 13:00:00+00:00,21.1,44.082386,0.1,24.3,0.247
2024-05-23 14:00:00+00:00,19.55,49.673264,0.6,22.95,0.252
2024-05-23 15:00:00+00:00,18.8,50.14654,0.0,21.6,0.251
2024-05-23 16:00:00+00:00,17.1,73.61956,0.0,20.25,0.251
2024-05-23 17:00:00+00:00,16.8,58.834793,0.0,18.65,0.251
2024-05-23 18:00:00+00:00,14.65,69.82604,0.0,17.35,0.251
2024-05-23 19:00:00+00:00,12.5,80.30769,0.0,16.25,0.251
2024-05-23 20:00:00+00:00,12.2,81.63034,0.0,15.45,0.251
2024-05-23 21:00:00+00:00,13.0,73.88324,0.0,14.6,0.251
2024-05-23 22:00:00+00:00,11.7,79.116,0.0,13.9,0.251
2024-05-23 23:00:00+00:00,12.75,70.644745,0.0,13.5,0.251
2024-05-24 00:00:00+00:00,12.25,72.25665,0.0,12.95,0.251
2024-05-24 01:00:00+00:00,11.55,79.63301,0.0,13.75,0.247
2024-05-24 02:00:00+00:00,10.25,87.110565,0.0,13.2,0.247
2024-05-24 03:00:00+00:00,11.4,81.802124,0.0,13.15,0.247
2024-05-24 04:00:00+00:00,13.4,73.45582,0.0,13.9,0.247
2024-05-24 05:00:00+00:00,15.1,68.51974,0.0,15.35,0.246
2024-05-24 06:00:00+00:00,17.1,60.92387,0.0,17.05,0.246
2024-05-24 07:00:00+00:00,19.65,52.979603,0.0,19.25,0.245
2024-05-24 08:00:00+00:00,21.55,44.80888,0.0,21.25,0.244
2024-05-24 09:00:00+00:00,23.0,33.43209,0.0,22.9,0.243
2024-05-24 10:00:00+00:00,22.7,30.145039,0.0,23.55,0.242
2024-05-24 11:00:00+00:00,21.45,36.236107,0.0,24.6,0.24
2024-05-24 12:00:00+00:00,19.9,43.002487,0.0,23.5,0.24
2024-05-24 13:00:00+00:00,22.45,31.364336,0.0,23.85,0.242
2024-05-24 14:00:00+00:00,22.45,27.342407,0.0,23.65,0.241
2024-05-24 15:00:00+00:00,21.35,53.775383,0.0,22.75,0.241
2024-05-24 16:00:00+00:00,18.3,40.24153,0.0,21.3,0.241
2024-05-24 17:00:00+00:00,15.25,57.068886,0.0,19.6,0.24
2024-05-24 18:00:00+00:00,13.6,65.47771,0.0,18.1,0.24
2024-05-24 19:00:00+00:00,12.25,72.75162,0.0,16.8,0.24
2024-05-24 20:00:00+00:00,11.7,74.66685,0.0,15.75,0.24
2024-05-24 21:00:00+00:00,11.2,79.582726,0.0,14.95,0.24
2024-05-24 22:00:00+00:00,10.35,82.505714,0.0,14.15,0.24
2024-05-24 23:00:00+00:00,10.15,83.32999,0.0,13.5,0.24
2024-05-25 00:00:00+00:00,9.25,89.12022,0.0,12.9,0.24
2024-05-25 01:00:00+00:00,10.7,79.23926,0.0,12.75,0.236
2024-05-25 02:00:00+00:00,9.15,89.11205,0.2,12.2,0.238
2024-05-25 03:00:00+00:00,10.15,82.76281,0.0,12.1,0.238
2024-05-25 04:00:00+00:00,11.75,78.05627,0.1,12.7,0.239
2024-05-25 05:00:00+00:00,12.85,71.63324,0.0,13.6,0.239
2024-05-25 06:00:00+00:00,15.35,59.893353,0.0,15.4,0.239
2024-05-25 07:00:00+00:00,17.35,54.557747,0.0,17.4,0.239
2024-05-25 08:00:00+00:00,18.25,53.149246,0.1,18.9,0.239
2024-05-25 09:00:00+00:00,14.8,68.22839,2.0,18.6,0.26
2024-05-25 10:00:00+00:00,17.25,57.569283,0.0,19.75,0.26
2024-05-25 11:00:00+00:00,17.3,55.478294,0.1,20.95,0.259
2024-05-25 12:00:00+00:00,13.7,79.67172,4.5,19.05,0.313
2024-05-25 13:00:00+00:00,19.75,38.599373,0.0,21.3,0.25
2024-05-25 14:00:00+00:00,19.7,35.358288,0.0,21.35,0.249
2024-05-25 15:00:00+00:00,18.85,33.53124,0.0,20.8,0.248
2024-05-25 16:00:00+00:00,16.2,53.703846,0.0,19.6,0.248
2024-05-25 17:00:00+00:00,14.1,69.95361,0.0,18.2,0.248
2024-05-25 18:00:00+00:00,13.25,77.49903,0.0,17.15,0.248
2024-05-25 19:00:00+00:00,11.45,90.50197,0.3,15.9,0.251
2024-05-25 20:00:00+00:00,11.35,91.40809,0.0,15.05,0.251
2024-05-25 21:00:00+00:00,11.1,87.78066,0.1,14.3,0.252
2024-05-25 22:00:00+00:00,10.8,88.347725,1.4,13.7,0.268
2024-05-25 23:00:00+00:00,10.55,94.1611,1.1,13.1,0.282
2024-05-26 00:00:00+00:00,10.3,96.71157,0.7,12.8,0.292
2024-05-26 01:00:00+00:00,10.1,95.09586,0.5,12.25,0.443
2024-05-26 02:00:00+00:00,10.2,95.74055,2.8,12.05,0.475
2024-05-26 03:00:00+00:00,10.5,94.475296,0.1,12.1,0.471
2024-05-26 04:00:00+00:00,11.6,85.20943,0.0,12.65,0.467
2024-05-26 05:00:00+00:00,13.05,79.57911,0.1,13.75,0.463
2024-05-26 06:00:00+00:00,14.2,74.842476,0.2,14.95,0.46
2024-05-26 07:00:00+00:00,14.5,73.4047,1.3,15.7,0.471
2024-05-26 08:00:00+00:00,13.25,80.14267,6.0,15.55,0.515
2024-05-26 09:00:00+00:00,15.15,73.03133,1.1,16.75,0.499
2024-05-26 10:00:00+00:00,16.75,67.94356,0.2,18.1,0.488
2024-05-26 11:00:00+00:00,16.85,64.00629,0.3,18.1,0.482
2024-05-26 12:00:00+00:00,17.7,59.252155,0.1,18.5,0.475
2024-05-26 13:00:00+00:00,17.05,63.411903,0.1,19.15,0.463
2024-05-26 14:00:00+00:00,17.55,56.298386,0.0,18.8,0.459
2024-05-26 15:00:00+00:00,16.5,57.577736,0.1,18.1,0.456
2024-05-26 16:00:00+00:00,15.05,73.01337,0.0,17.2,0.454
2024-05-26 17:00:00+00:00,13.05,80.11477,0.0,15.9,0.452
2024-05-26 18:00:00+00:00,11.95,84.39232,0.0,14.8,0.45
2024-05-26 19:00:00+00:00,11.65,82.66834,0.0,13.9,0.448
2024-05-26 20:00:00+00:00,12.2,77.0734,0.0,13.1,0.446
2024-05-26 21:00:00+00:00,11.05,79.29037,0.0,12.45,0.444
2024-05-26 22:00:00+00:00,10.6,78.14682,0.0,11.85,0.443
2024-05-26 23:00:00+00:00,10.85,74.2635,0.0,11.35,0.442
2024-05-27 00:00:00+00:00,10.6,74.21955,0.0,10.85,0.44
2024-05-27 01:00:00+00:00,10.75,76.05484,0.0,10.95,0.441
2024-05-27 02:00:00+00:00,10.25,77.558014,0.0,10.55,0.44
2024-05-27 03:00:00+00:00,10.6,77.6128,0.0,10.75,0.438
2024-05-27 04:00:00+00:00,12.6,75.842865,0.0,11.85,0.437
2024-05-27 05:00:00+00:00,14.6,72.202545,0.0,13.45,0.435
2024-05-27 06:00:00+00:00,16.5,67.217,0.0,15.2,0.432
2024-05-27 07:00:00+00:00,18.2,60.978523,0.0,16.9,0.429
2024-05-27 08:00:00+00:00,19.75,56.849636,0.0,18.55,0.425
2024-05-27 09:00:00+00:00,21.05,51.601646,0.0,20.0,0.42
2024-05-27 10:00:00+00:00,21.95,42.850716,0.0,21.1,0.416
2024-05-27 11:00:00+00:00,21.95,36.25432,0.0,21.4,0.412
2024-05-27 12:00:00+00:00,22.2,36.70226,0.0,21.85,0.408
2024-05-27 13:00:00+00:00,20.2,59.067764,0.1,21.2,0.41
2024-05-27 14:00:00+00:00,18.2,65.81041,3.0,20.2,0.442
2024-05-27 15:00:00+00:00,17.75,69.05143,0.0,19.15,0.441
2024-05-27 16:00:00+00:00,16.05,85.67734,0.0,18.1,0.439
2024-05-27 17:00:00+00:00,15.45,79.6553,0.0,16.75,0.438
2024-05-27 18:00:00+00:00,14.25,80.01508,0.0,15.6,0.437
2024-05-27 19:00:00+00:00,13.15,81.75382,0.0,14.8,0.436
2024-05-27 20:00:00+00:00,14.7,68.66959,0.0,14.05,0.435
2024-05-27 21:00:00+00:00,14.0,70.17085,0.0,13.4,0.434
2024-05-27 22:00:00+00:00,13.65,70.34038,0.0,13.05,0.433
2024-05-27 23:00:00+00:00,13.0,74.89003,0.0,12.8,0.432
2024-05-28 00:00:00+00:00,12.3,80.27993,0.0,12.65,0.431
2024-05-28 01:00:00+00:00,12.15,93.60966,0.1,13.5,0.399
2024-05-28 02:00:00+00:00,11.7,88.72182,0.0,13.0,0.4
2024-05-28 03:00:00+00:00,12.5,86.742004,0.0,12.95,0.399
2024-05-28 04:00:00+00:00,13.9,82.122826,0.0,13.7,0.399
2024-05-28 05:00:00+00:00,15.5,74.813675,0.0,15.05,0.398
2024-05-28 06:00:00+00:00,17.0,70.28356,0.0,16.55,0.397
2024-05-28 07:00:00+00:00,18.85,63.394745,0.0,18.15,0.394
2024-05-28 08:00:00+00:00,21.1,53.00411,0.0,19.95,0.391
2024-05-28 09:00:00+00:00,23.55,39.284626,0.1,21.25,0.389
2024-05-28 10:00:00+00:00,25.6,27.254501,0.0,22.65,0.384
2024-05-28 11:00:00+00:00,25.3,29.022062,0.0,23.25,0.38
2024-05-28 12:00:00+00:00,24.75,30.19711,0.0,23.35,0.376
2024-05-28 13:00:00+00:00,25.0,29.038975,0.0,22.75,0.391
2024-05-28 14:00:00+00:00,25.5,32.336304,0.0,22.5,0.388
2024-05-28 15:00:00+00:00,23.7,41.917732,0.0,22.0,0.387
2024-05-28 16:00:00+00:00,23.1,26.285906,0.0,20.7,0.387
2024-05-28 17:00:00+00:00,18.05,40.310307,0.0,19.2,0.386
2024-05-28 18:00:00+00:00,16.25,43.76999,0.0,17.95,0.386
2024-05-28 19:00:00+00:00,14.45,52.872417,0.0,16.85,0.385
2024-05-28 20:00:00+00:00,13.3,59.18917,0.0,15.95,0.385
2024-05-28 21:00:00+00:00,12.1,64.25117,0.0,15.1,0.385
2024-05-28 22:00:00+00:00,10.95,68.84669,0.0,14.35,0.384
2024-05-28 23:00:00+00:00,10.3,71.64218,0.0,13.65,0.384
2024-05-29 00:00:00+00:00,9.95,73.848335,0.0,13.0,0.384
2024-05-29 01:00:00+00:00,10.6,79.76841,0.0,13.1,0.38
2024-05-29 02:00:00+00:00,12.4,69.37886,0.0,12.8,0.38
2024-05-29 03:00:00+00:00,12.75,70.886055,0.0,12.95,0.38
2024-05-29 04:00:00+00:00,15.15,67.16018,0.0,14.0,0.38
2024-05-29 05:00:00+00:00,17.25,58.351574,0.0,15.5,0.378
2024-05-29 06:00:00+00:00,19.1,52.835648,0.0,17.25,0.376
2024-05-29 07:00:00+00:00,21.25,46.571133,0.0,19.1,0.373
2024-05-29 08:00:00+00:00,23.25,41.233448,0.0,20.75,0.37
2024-05-29 09:00:00+00:00,24.45,37.849773,0.0,22.2,0.366
2024-05-29 10:00:00+00:00,25.1,34.84513,0.0,23.45,0.363
2024-05-29 11:00:00+00:00,24.9,35.86445,0.0,24.2,0.359
2024-05-29 12:00:00+00:00,24.6,35.7794,0.0,24.35,0.356
2024-05-29 13:00:00+00:00,23.75,40.278748,0.0,24.05,0.354
2024-05-29 14:00:00+00:00,22.45,41.847523,0.0,23.2,0.353
2024-05-29 15:00:00+00:00,20.75,50.50067,0.0,22.2,0.351
2024-05-29 16:00:00+00:00,18.8,58.53455,0.0,20.9,0.351
2024-05-29 17:00:00+00:00,16.3,68.53336,0.0,19.4,0.35
2024-05-29 18:00:00+00:00,14.85,76.97497,0.0,18.1,0.35
2024-05-29 19:00:00+00:00,13.8,81.0248,0.0,17.0,0.35
2024-05-29 20:00:00+00:00,13.15,82.57721,0.0,16.1,0.35
2024-05-29 21:00:00+00:00,13.4,77.52233,0.0,15.35,0.35
2024-05-29 22:00:00+00:00,13.0,76.16552,0.0,14.65,0.35
2024-05-29 23:00:00+00:00,13.85,69.19744,0.0,14.1,0.35
2024-05-30 00:00:00+00:00,13.85,68.03314,0.0,13.75,0.35
2024-05-30 01:00:00+00:00,14.0,86.315094,0.0,14.95,0.353
2024-05-30 02:00:00+00:00,13.1,87.95948,0.0,14.55,0.353
2024-05-30 03:00:00+00:00,13.85,83.768,0.0,14.4,0.353
2024-05-30 04:00:00+00:00,15.2,81.746895,0.0,15.05,0.353
2024-05-30 05:00:00+00:00,16.9,76.04001,0.0,16.35,0.353
2024-05-30 06:00:00+00:00,19.05,65.77519,0.0,17.95,0.351
2024-05-30 07:00:00+00:00,21.1,56.99601,0.0,19.7,0.349
2024-05-30 08:00:00+00:00,22.95,47.50768,0.0,21.45,0.346
2024-05-30 09:00:00+00:00,24.3,41.25259,0.0,23.0,0.343
2024-05-30 10:00:00+00:00,25.05,39.312824,0.0,24.2,0.339
2024-05-30 11:00:00+00:00,26.1,37.558147,0.0,25.1,0.336
2024-05-30 12:00:00+00:00,24.15,43.035027,0.0,24.85,0.334
2024-05-30 13:00:00+00:00,22.3,44.268875,0.0,22.8,0.337
2024-05-30 14:00:00+00:00,23.05,42.299664,0.0,22.75,0.336
2024-05-30 15:00:00+00:00,23.15,51.473244,0.0,22.25,0.335
2024-05-30 16:00:00+00:00,22.45,44.162308,0.0,21.35,0.334
2024-05-30 17:00:00+00:00,20.35,51.416546,0.0,19.8,0.334
2024-05-30 18:00:00+00:00,17.85,61.10005,0.0,18.5,0.334
2024-05-30 19:00:00+00:00,14.9,73.23071,0.0,17.4,0.334
2024-05-30 20:00:00+00:00,16.9,59.058258,0.0,16.5,0.334
2024-05-30 21:00:00+00:00,16.0,61.49056,0.0,15.7,0.334
2024-05-30 22:00:00+00:00,15.1,64.919914,0.0,15.05,0.334
2024-05-30 23:00:00+00:00,14.75,65.28412,0.0,14.5,0.334
2024-05-31 00:00:00+00:00,14.05,69.70767,0.0,13.95,0.334
2024-05-31 01:00:00+00:00,15.15,72.78807,0.0,14.6,0.336
2024-05-31 02:00:00+00:00,14.6,71.23952,0.0,14.1,0.336
2024-05-31 03:00:00+00:00,14.85,79.57035,0.0,14.3,0.336
2024-05-31 04:00:00+00:00,17.3,68.96202,0.0,15.35,0.336
2024-05-31 05:00:00+00:00,19.3,65.82838,0.0,16.8,0.335
2024-05-31 06:00:00+00:00,21.7,59.81394,0.0,18.85,0.333
2024-05-31 07:00:00+00:00,23.9,50.99983,0.0,20.8,0.331
2024-05-31 08:00:00+00:00,26.35,32.79632,0.0,22.7,0.328
2024-05-31 09:00:00+00:00,27.6,21.209568,0.0,24.45,0.325
2024-05-31 10:00:00+00:00,28.0,19.930092,0.0,25.75,0.321
2024-05-31 11:00:00+00:00,28.1,18.52022,0.0,26.55,0.317
2024-05-31 12:00:00+00:00,27.4,19.57039,0.0,26.8,0.314
2024-05-31 13:00:00+00:00,25.85,23.9285,0.0,26.45,0.311
2024-05-31 14:00:00+00:00,25.05,26.35667,0.0,25.65,0.309
2024-05-31 15:00:00+00:00,23.7,41.777725,0.0,24.55,0.308
2024-05-31 16:00:00+00:00,20.5,55.546993,0.0,23.05,0.307
2024-05-31 17:00:00+00:00,17.25,56.413197,0.0,21.15,0.307
2024-05-31 18:00:00+00:00,16.0,55.14445,0.0,19.6,0.307
2024-05-31 19:00:00+00:00,14.1,57.768463,0.0,18.3,0.307
2024-05-31 20:00:00+00:00,12.95,55.89465,0.0,17.2,0.306
2024-05-31 21:00:00+00:00,12.25,56.90081,0.0,16.25,0.306
2024-05-31 22:00:00+00:00,11.5,61.70039,0.0,15.4,0.306
2024-05-31 23:00:00+00:00,10.7,69.75782,0.0,14.65,0.306
2024-06-01 00:00:00+00:00,10.6,71.20438,0.0,14.0,0.306
2024-06-01 01:00:00+00:00,13.55,62.612385,0.0,13.6,0.302
2024-06-01 02:00:00+00:00,13.1,64.69797,0.0,13.15,0.302
2024-06-01 03:00:00+00:00,12.95,70.44316,0.0,13.4,0.302
2024-06-01 04:00:00+00:00,15.0,64.678444,0.0,14.5,0.301
2024-06-01 05:00:00+00:00,17.2,56.591858,0.0,16.2,0.301
2024-06-01 06:00:00+00:00,19.15,50.41117,0.0,18.15,0.299
2024-06-01 07:00:00+00:00,20.6,45.768185,0.0,19.95,0.298
2024-06-01 08:00:00+00:00,21.8,41.66391,0.0,21.55,0.296
2024-06-01 09:00:00+00:00,22.85,36.762104,0.0,22.9,0.294
2024-06-01 10:00:00+00:00,24.05,31.817453,0.0,23.9,0.291
2024-06-01 11:00:00+00:00,22.75,36.985607,0.1,24.5,0.29
2024-06-01 12:00:00+00:00,23.6,32.35395,0.0,24.55,0.288
2024-06-01 13:00:00+00:00,23.0,33.20198,0.0,24.15,0.285
2024-06-01 14:00:00+00:00,22.35,34.89708,0.0,23.6,0.284
2024-06-01 15:00:00+00:00,21.75,36.57345,0.0,22.85,0.283
2024-06-01 16:00:00+00:00,19.35,47.317154,0.0,21.6,0.282
2024-06-01 17:00:00+00:00,19.45,42.874897,0.0,19.95,0.282
2024-06-01 18:00:00+00:00,16.15,58.675755,0.0,18.6,0.282
2024-06-01 19:00:00+00:00,16.75,54.588173,0.0,17.45,0.282
2024-06-01 20:00:00+00:00,15.4,58.89228,0.0,16.45,0.282
2024-06-01 21:00:00+00:00,13.9,63.994812,0.0,15.55,0.282
2024-06-01 22:00:00+00:00,12.15,71.01295,0.0,14.75,0.282
2024-06-01 23:00:00+00:00,11.7,71.90713,0.0,14.05,0.282
2024-06-02 00:00:00+00:00,12.25,67.23613,0.0,13.4,0.282
2024-06-02 01:00:00+00:00,11.85,69.03009,0.0,14.2,0.276
2024-06-02 02:00:00+00:00,9.8,79.92793,0.0,13.5,0.276
2024-06-02 03:00:00+00:00,11.55,71.14148,0.0,13.45,0.276
2024-06-02 04:00:00+00:00,13.35,67.69839,0.0,14.3,0.275
2024-06-02 05:00:00+00:00,15.7,56.7923,0.0,15.95,0.275
2024-06-02 06:00:00+00:00,17.8,49.029198,0.0,17.95,0.274
2024-06-02 07:00:00+00:00,19.8,45.70077,0.0,20.1,0.273
2024-06-02 08:00:00+00:00,21.85,41.39617,0.0,22.2,0.271
2024-06-02 09:00:00+00:00,23.65,35.027763,0.0,24.1,0.269
2024-06-02 10:00:00+00:00,25.0,30.16306,0.0,25.6,0.267
2024-06-02 11:00:00+00:00,25.85,27.513018,0.0,26.7,0.265
2024-06-02 12:00:00+00:00,26.45,26.279774,0.0,27.35,0.263
2024-06-02 13:00:00+00:00,26.45,24.771109,0.0,27.35,0.261
2024-06-02 14:00:00+00:00,26.3,24.302229,0.0,26.85,0.26
2024-06-02 15:00:00+00:00,25.3,30.770714,0.0,25.75,0.259
2024-06-02 16:00:00+00:00,22.2,41.4952,0.0,24.15,0.259
2024-06-02 17:00:00+00:00,20.35,40.829338,0.0,22.3,0.259
2024-06-02 18:00:00+00:00,18.05,48.42992,0.0,20.7,0.258
2024-06-02 19:00:00+00:00,16.3,54.47142,0.0,19.3,0.258
2024-06-02 20:00:00+00:00,15.85,53.61188,0.0,18.1,0.258
2024-06-02 21:00:00+00:00,17.3,42.856567,0.0,17.0,0.258
2024-06-02 22:00:00+00:00,16.15,44.98687,0.0,16.1,0.258
2024-06-02 23:00:00+00:00,16.0,42.784267,0.0,15.25,0.258
2024-06-03 00:00:00+00:00,15.1,43.594425,0.0,14.55,0.258
2024-06-03 01:00:00+00:00,14.35,49.62081,0.0,14.6,0.253
2024-06-03 02:00:00+00:00,13.7,51.75622,0.0,13.95,0.253
2024-06-03 03:00:00+00:00,13.3,58.37329,0.0,14.0,0.253
2024-06-03 04:00:00+00:00,15.1,54.722347,0.0,15.0,0.253
2024-06-03 05:00:00+00:00,17.6,48.80655,0.0,16.75,0.253
2024-06-03 06:00:00+00:00,19.95,44.36112,0.0,18.95,0.252
2024-06-03 07:00:00+00:00,22.2,40.9367,0.0,21.25,0.25
2024-06-03 08:00:00+00:00,24.45,35.979893,0.0,23.5,0.249
2024-06-03 09:00:00+00:00,26.25,29.791515,0.0,25.35,0.247
2024-06-03 10:00:00+00:00,27.55,25.678991,0.0,26.9,0.245
2024-06-03 11:00:00+00:00,28.25,23.242657,0.0,28.0,0.244
2024-06-03 12:00:00+00:00,28.55,20.71292,0.0,28.6,0.242
2024-06-03 13:00:00+00:00,28.15,18.932764,0.0,28.6,0.242
2024-06-03 14:00:00+00:00,27.7,19.367352,0.0,28.05,0.241
2024-06-03 15:00:00+00:00,26.35,29.717573,0.0,26.95,0.24
2024-06-03 16:00:00+00:00,23.05,45.67901,0.0,25.35,0.24
2024-06-03 17:00:00+00:00,24.4,23.04462,0.0,23.35,0.24
2024-06-03 18:00:00+00:00,24.25,22.195896,0.0,21.65,0.24
2024-06-03 19:00:00+00:00,21.85,26.695154,0.0,20.3,0.24
2024-06-03 20:00:00+00:00,20.35,27.540335,0.0,19.1,0.24
2024-06-03 21:00:00+00:00,19.35,29.939665,0.0,18.1,0.24
2024-06-03 22:00:00+00:00,18.5,32.141884,0.0,17.25,0.24
2024-06-03 23:00:00+00:00,17.55,34.735104,0.0,16.45,0.24
2024-06-04 00:00:00+00:00,16.65,37.567158,0.0,15.8,0.24
2024-06-04 01:00:00+00:00,15.75,42.261444,0.0,15.6,0.239
2024-06-04 02:00:00+00:00,15.4,44.302143,0.0,15.05,0.239
2024-06-04 03:00:00+00:00,15.05,55.278725,0.0,15.15,0.239
2024-06-04 04:00:00+00:00,16.8,52.049213,0.0,16.2,0.238
2024-06-04 05:00:00+00:00,19.3,48.77227,0.0,18.0,0.238
2024-06-04 06:00:00+00:00,21.7,43.070854,0.0,20.2,0.237
2024-06-04 07:00:00+00:00,23.95,39.797203,0.0,22.6,0.236
2024-06-04 08:00:00+00:00,26.05,34.065937,0.0,24.85,0.235
2024-06-04 09:00:00+00:00,27.6,28.669174,0.0,26.85,0.233
2024-06-04 10:00:00+00:00,28.7,25.027344,0.0,28.45,0.231
2024-06-04 11:00:00+00:00,29.35,21.882725,0.0,29.6,0.23
2024-06-04 12:00:00+00:00,29.45,19.523838,0.0,30.05,0.228
2024-06-04 13:00:00+00:00,29.35,19.567919,0.0,30.0,0.229
2024-06-04 14:00:00+00:00,28.8,18.756592,0.0,29.35,0.228
2024-06-04 15:00:00+00:00,27.35,30.714855,0.0,28.15,0.227
2024-06-04 16:00:00+00:00,26.55,28.870796,0.0,26.65,0.227
2024-06-04 17:00:00+00:00,23.3,32.94474,0.0,24.7,0.227
2024-06-04 18:00:00+00:00,23.1,29.73396,0.0,22.95,0.227
2024-06-04 19:00:00+00:00,19.35,40.403057,0.0,21.5,0.227
2024-06-04 20:00:00+00:00,18.75,38.44533,0.0,20.25,0.227
2024-06-04 21:00:00+00:00,19.55,33.852814,0.0,19.2,0.227
2024-06-04 22:00:00+00:00,19.45,32.879246,0.0,18.3,0.227
2024-06-04 23:00:00+00:00,18.5,35.636555,0.0,17.5,0.227
2024-06-05 00:00:00+00:00,17.65,37.992268,0.0,16.75,0.227
2024-06-05 01:00:00+00:00,15.8,48.47828,0.0,16.4,0.228
2024-06-05 02:00:00+00:00,14.55,55.14926,0.0,15.8,0.228
2024-06-05 03:00:00+00:00,15.6,57.156986,0.0,15.9,0.228
2024-06-05 04:00:00+00:00,17.4,49.596424,0.0,16.95,0.228
2024-06-05 05:00:00+00:00,19.7,46.29925,0.0,18.75,0.228
2024-06-05 06:00:00+00:00,21.9,42.547977,0.0,20.95,0.227
2024-06-05 07:00:00+00:00,23.95,39.39787,0.0,23.3,0.226
2024-06-05 08:00:00+00:00,25.95,34.268127,0.0,25.55,0.225
2024-06-05 09:00:00+00:00,27.7,26.61899,0.0,27.55,0.224
2024-06-05 10:00:00+00:00,28.85,21.754763,0.0,29.1,0.222
2024-06-05 11:00:00+00:00,29.55,19.89445,0.0,30.25,0.221
2024-06-05 12:00:00+00:00,29.75,19.189205,0.0,30.7,0.22
2024-06-05 13:00:00+00:00,28.65,23.509424,0.0,30.35,0.22
2024-06-05 14:00:00+00:00,28.15,23.70514,0.0,29.55,0.22
2024-06-05 15:00:00+00:00,27.15,26.197378,0.0,28.4,0.219
2024-06-05 16:00:00+00:00,24.8,31.376759,0.0,26.85,0.219
2024-06-05 17:00:00+00:00,22.15,36.186867,0.0,25.0,0.219
2024-06-05 18:00:00+00:00,24.6,28.134037,0.0,23.3,0.219
2024-06-05 19:00:00+00:00,22.5,33.753956,0.0,21.9,0.219
2024-06-05 20:00:00+00:00,21.0,36.7382,0.0,20.7,0.219
2024-06-05 21:00:00+00:00,20.1,37.249817,0.0,19.65,0.219
2024-06-05 22:00:00+00:00,17.65,44.476513,0.0,18.65,0.219
2024-06-05 23:00:00+00:00,18.6,38.80768,0.0,17.85,0.219
2024-06-06 00:00:00+00:00,17.75,41.078316,0.0,17.1,0.219
2024-06-06 01:00:00+00:00,14.45,58.658524,0.0,16.95,0.216
2024-06-06 02:00:00+00:00,16.75,45.631527,0.0,16.45,0.216
2024-06-06 03:00:00+00:00,16.05,54.034306,0.0,16.45,0.216
2024-06-06 04:00:00+00:00,18.25,44.185764,0.0,17.55,0.216
2024-06-06 05:00:00+00:00,20.8,41.522045,0.0,19.35,0.216
2024-06-06 06:00:00+00:00,23.15,37.09967,0.0,21.7,0.216
2024-06-06 07:00:00+00:00,25.4,33.99752,0.0,24.15,0.215
2024-06-06 08:00:00+00:00,27.5,26.747902,0.0,26.5,0.214
2024-06-06 09:00:00+00:00,29.0,21.641884,0.0,28.5,0.213
2024-06-06 10:00:00+00:00,30.0,18.848894,0.0,30.2,0.212
2024-06-06 11:00:00+00:00,30.6,17.090528,0.0,31.45,0.211
2024-06-06 12:00:00+00:00,30.85,15.916762,0.0,32.15,0.21
2024-06-06 13:00:00+00:00,30.3,18.203886,0.0,32.0,0.212
2024-06-06 14:00:00+00:00,30.05,20.018381,0.0,31.4,0.211
2024-06-06 15:00:00+00:00,29.15,36.817604,0.0,30.35,0.211
2024-06-06 16:00:00+00:00,26.2,48.539906,0.0,28.65,0.211
2024-06-06 17:00:00+00:00,23.6,39.16643,0.0,26.55,0.211
2024-06-06 18:00:00+00:00,25.2,30.115238,0.0,24.75,0.211
2024-06-06 19:00:00+00:00,22.1,38.60785,0.0,23.25,0.211
2024-06-06 20:00:00+00:00,19.1,47.24809,0.0,21.95,0.211
2024-06-06 21:00:00+00:00,21.85,32.30535,0.0,20.85,0.211
2024-06-06 22:00:00+00:00,20.65,33.694084,0.0,19.9,0.211
2024-06-06 23:00:00+00:00,19.8,34.89367,0.0,19.05,0.211
2024-06-07 00:00:00+00:00,19.1,36.961174,0.0,18.3,0.211
2024-06-07 01:00:00+00:00,18.15,53.846935,0.0,18.0,0.213
2024-06-07 02:00:00+00:00,17.65,55.94451,0.0,17.4,0.213
2024-06-07 03:00:00+00:00,16.85,63.792496,0.0,17.5,0.213
2024-06-07 04:00:00+00:00,18.35,59.0135,0.0,18.55,0.212
2024-06-07 05:00:00+00:00,21.35,46.59869,0.0,20.25,0.212
2024-06-07 06:00:00+00:00,23.7,38.800083,0.0,22.5,0.212
2024-06-07 07:00:00+00:00,25.85,35.057144,0.0,25.0,0.211
2024-06-07 08:00:00+00:00,27.75,31.774094,0.0,27.35,0.211
2024-06-07 09:00:00+00:00,29.3,27.514011,0.0,29.45,0.21
2024-06-07 10:00:00+00:00,29.65,25.539822,0.0,30.75,0.209
2024-06-07 11:00:00+00:00,26.5,33.96361,0.0,29.95,0.209
2024-06-07 12:00:00+00:00,28.45,26.09913,0.0,30.7,0.208
2024-06-07 13:00:00+00:00,30.2,17.861883,0.0,31.25,0.201
2024-06-07 14:00:00+00:00,28.55,21.678,0.0,30.45,0.201
2024-06-07 15:00:00+00:00,27.15,27.022192,0.0,29.45,0.201
2024-06-07 16:00:00+00:00,24.75,47.99474,0.0,27.95,0.201
2024-06-07 17:00:00+00:00,25.25,30.54626,0.0,25.95,0.201
2024-06-07 18:00:00+00:00,24.2,33.086567,0.0,24.5,0.201
2024-06-07 19:00:00+00:00,23.35,34.34832,0.0,23.05,0.201
2024-06-07 20:00:00+00:00,21.85,37.62281,0.0,21.85,0.201
2024-06-07 21:00:00+00:00,20.5,40.17593,0.0,20.8,0.201
2024-06-07 22:00:00+00:00,19.65,41.052456,0.0,19.9,0.201
2024-06-07 23:00:00+00:00,18.65,43.691925,0.0,19.1,0.201
2024-06-08 00:00:00+00:00,17.85,47.06299,0.0,18.55,0.201
2024-06-08 01:00:00+00:00,18.15,46.02502,0.0,18.45,0.197
2024-06-08 02:00:00+00:00,17.2,49.71242,0.0,18.0,0.197
2024-06-08 03:00:00+00:00,16.85,57.2754,0.0,18.1,0.197
2024-06-08 04:00:00+00:00,18.15,56.63968,0.0,18.85,0.197
2024-06-08 05:00:00+00:00,20.85,49.523777,0.0,20.6,0.197
2024-06-08 06:00:00+00:00,22.85,45.16983,0.0,22.85,0.197
2024-06-08 07:00:00+00:00,24.65,41.35079,0.0,24.85,0.197
2024-06-08 08:00:00+00:00,27.15,35.070946,0.0,27.4,0.197
2024-06-08 09:00:00+00:00,28.05,32.504074,0.0,29.65,0.197
2024-06-08 10:00:00+00:00,28.3,27.057224,0.0,30.6,0.197
2024-06-08 11:00:00+00:00,29.5,24.983263,0.0,32.0,0.197
2024-06-08 12:00:00+00:00,23.35,45.157665,0.9,30.05,0.207
2024-06-08 13:00:00+00:00,25.5,35.55248,0.0,27.85,0.218
2024-06-08 14:00:00+00:00,24.9,36.845375,0.0,27.55,0.218
2024-06-08 15:00:00+00:00,23.65,40.250515,0.0,26.75,0.217
2024-06-08 16:00:00+00:00,22.05,51.183872,0.0,25.5,0.217
2024-06-08 17:00:00+00:00,20.55,55.192936,0.0,23.9,0.217
2024-06-08 18:00:00+00:00,19.5,56.036217,0.0,22.6,0.217
2024-06-08 19:00:00+00:00,18.35,62.449104,0.0,21.65,0.217
2024-06-08 20:00:00+00:00,19.05,55.922817,0.0,20.65,0.217
2024-06-08 21:00:00+00:00,17.3,60.766827,0.0,19.75,0.217
2024-06-08 22:00:00+00:00,18.3,52.093098,0.0,18.95,0.217
2024-06-08 23:00:00+00:00,17.45,55.328876,0.0,18.25,0.217
2024-06-09 00:00:00+00:00,16.95,57.494698,0.0,17.6,0.217
2024-06-09 01:00:00+00:00,15.75,82.895645,0.0,18.2,0.214
2024-06-09 02:00:00+00:00,14.1,90.6879,0.0,17.5,0.214
2024-06-09 03:00:00+00:00,15.65,83.97511,0.0,17.5,0.214
2024-06-09 04:00:00+00:00,17.35,76.86119,0.0,18.45,0.214
2024-06-09 05:00:00+00:00,19.75,67.66406,0.0,20.05,0.214
2024-06-09 06:00:00+00:00,22.15,55.59618,0.0,22.1,0.214
2024-06-09 07:00:00+00:00,24.85,42.94482,0.0,24.25,0.213
2024-06-09 08:00:00+00:00,27.35,32.745625,0.0,26.45,0.213
2024-06-09 09:00:00+00:00,29.2,18.987623,0.0,28.65,0.212
2024-06-09 10:00:00+00:00,28.95,17.628048,0.0,29.5,0.211
2024-06-09 11:00:00+00:00,29.15,18.97543,0.0,30.55,0.21
2024-06-09 12:00:00+00:00,29.05,20.121204,0.0,30.9,0.21
2024-06-09 13:00:00+00:00,28.4,18.395414,0.0,30.45,0.214
2024-06-09 14:00:00+00:00,26.9,22.020424,0.0,29.3,0.213
2024-06-09 15:00:00+00:00,26.2,24.190634,0.0,28.25,0.213
2024-06-09 16:00:00+00:00,25.95,22.086212,0.0,26.8,0.213
2024-06-09 17:00:00+00:00,20.95,37.624035,0.0,24.85,0.213
2024-06-09 18:00:00+00:00,20.0,35.56919,0.0,23.2,0.213
2024-06-09 19:00:00+00:00,18.0,41.438557,0.0,21.9,0.213
2024-06-09 20:00:00+00:00,16.45,45.706062,0.0,20.75,0.213
2024-06-09 21:00:00+00:00,15.25,51.45459,0.0,19.7,0.213
2024-06-09 22:00:00+00:00,14.6,55.737717,0.0,18.75,0.212
2024-06-09 23:00:00+00:00,16.05,44.95846,0.0,17.95,0.212
2024-06-10 00:00:00+00:00,15.6,46.59601,0.0,17.25,0.212
2024-06-10 01:00:00+00:00,15.4,56.911266,0.0,17.3,0.21
2024-06-10 02:00:00+00:00,15.25,58.055428,0.0,16.65,0.21
2024-06-10 03:00:00+00:00,15.75,60.39871,0.0,16.8,0.21
2024-06-10 04:00:00+00:00,17.8,54.859203,0.0,17.7,0.21
2024-06-10 05:00:00+00:00,19.1,50.911606,0.0,18.95,0.21
2024-06-10 06:00:00+00:00,21.8,42.089935,0.0,21.1,0.21
2024-06-10 07:00:00+00:00,24.05,36.35682,0.0,23.6,0.209
2024-06-10 08:00:00+00:00,26.1,31.741959,0.0,25.55,0.209
2024-06-10 09:00:00+00:00,27.65,27.91148,0.0,27.4,0.208
2024-06-10 10:00:00+00:00,25.9,29.592445,0.1,28.75,0.209
2024-06-10 11:00:00+00:00,25.7,29.033068,0.0,29.05,0.208
2024-06-10 12:00:00+00:00,24.8,33.827847,0.0,29.1,0.208
2024-06-10 13:00:00+00:00,20.35,58.5229,0.0,25.95,0.233
2024-06-10 14:00:00+00:00,20.15,54.90863,0.5,25.0,0.237
2024-06-10 15:00:00+00:00,19.0,55.910183,0.1,23.2,0.238
2024-06-10 16:00:00+00:00,18.25,64.529434,0.1,22.05,0.238
2024-06-10 17:00:00+00:00,17.45,69.4486,0.0,20.95,0.238
2024-06-10 18:00:00+00:00,16.25,73.22774,0.0,19.9,0.238
2024-06-10 19:00:00+00:00,15.25,74.02894,0.0,18.9,0.238
2024-06-10 20:00:00+00:00,16.35,65.8518,0.0,18.1,0.238
2024-06-10 21:00:00+00:00,16.6,61.011158,0.0,17.4,0.238
2024-06-10 22:00:00+00:00,16.05,61.50229,0.0,16.8,0.238
2024-06-10 23:00:00+00:00,15.35,64.53736,0.0,16.3,0.238
2024-06-11 00:00:00+00:00,14.7,67.292755,0.0,15.8,0.238
2024-06-11 01:00:00+00:00,12.65,84.753815,0.0,15.85,0.232
2024-06-11 02:00:00+00:00,13.55,79.384575,0.0,15.4,0.232
2024-06-11 03:00:00+00:00,13.65,81.27515,0.0,15.5,0.232
2024-06-11 04:00:00+00:00,15.3,76.53698,0.0,16.55,0.232
2024-06-11 05:00:00+00:00,17.3,64.750206,0.0,18.2,0.232
2024-06-11 06:00:00+00:00,19.35,55.811935,0.0,20.3,0.231
2024-06-11 07:00:00+00:00,21.3,50.14389,0.0,22.5,0.23
2024-06-11 08:00:00+00:00,23.45,43.7063,0.0,24.75,0.229
2024-06-11 09:00:00+00:00,25.3,36.09903,0.0,26.8,0.228
2024-06-11 10:00:00+00:00,26.4,31.93413,0.0,28.45,0.227
2024-06-11 11:00:00+00:00,27.05,29.207531,0.0,29.35,0.225
2024-06-11 12:00:00+00:00,27.45,27.197033,0.0,29.75,0.224
2024-06-11 13:00:00+00:00,26.85,29.251911,0.0,29.55,0.225
2024-06-11 14:00:00+00:00,26.3,30.839975,0.0,28.85,0.225
2024-06-11 15:00:00+00:00,25.75,32.077736,0.0,27.75,0.224
2024-06-11 16:00:00+00:00,24.6,33.541622,0.0,26.4,0.224
2024-06-11 17:00:00+00:00,21.1,45.138767,0.0,24.6,0.224
2024-06-11 18:00:00+00:00,19.65,52.09864,0.0,23.1,0.224
2024-06-11 19:00:00+00:00,19.1,51.256767,0.0,21.85,0.223
2024-06-11 20:00:00+00:00,17.6,56.501453,0.0,20.75,0.223
2024-06-11 21:00:00+00:00,17.45,55.893723,0.0,19.75,0.223
2024-06-11 22:00:00+00:00,18.6,47.7586,0.0,18.9,0.223
2024-06-11 23:00:00+00:00,17.7,50.70819,0.0,18.1,0.223
2024-06-12 00:00:00+00:00,16.95,53.351124,0.0,17.45,0.223
2024-06-12 01:00:00+00:00,16.55,54.53633,0.0,17.55,0.223
2024-06-12 02:00:00+00:00,16.2,55.574738,0.0,16.95,0.223
2024-06-12 03:00:00+00:00,16.4,57.945198,0.0,17.0,0.223
2024-06-12 04:00:00+00:00,17.75,57.88758,0.0,18.05,0.223
2024-06-12 05:00:00+00:00,19.85,54.105625,0.0,19.75,0.223
2024-06-12 06:00:00+00:00,21.95,48.02947,0.0,21.9,0.222
2024-06-12 07:00:00+00:00,23.95,43.122536,0.0,24.2,0.221
2024-06-12 08:00:00+00:00,25.7,37.822506,0.0,26.4,0.22
2024-06-12 09:00:00+00:00,27.25,31.105034,0.0,28.4,0.219
2024-06-12 10:00:00+00:00,28.3,27.14965,0.0,30.05,0.218
2024-06-12 11:00:00+00:00,29.0,26.51663,0.0,31.15,0.217
2024-06-12 12:00:00+00:00,29.3,24.507023,0.0,31.65,0.216
2024-06-12 13:00:00+00:00,28.9,23.820194,0.0,31.35,0.216
2024-06-12 14:00:00+00:00,28.5,24.888336,0.0,30.8,0.216
2024-06-12 15:00:00+00:00,28.05,25.54868,0.0,29.65,0.215
2024-06-12 16:00:00+00:00,27.15,31.288023,0.0,28.05,0.215
2024-06-12 17:00:00+00:00,22.65,34.14879,0.0,26.0,0.215
2024-06-12 18:00:00+00:00,22.05,31.032534,0.0,24.25,0.215
2024-06-12 19:00:00+00:00,20.65,33.812424,0.0,22.9,0.215
2024-06-12 20:00:00+00:00,18.8,39.965755,0.0,21.65,0.215
2024-06-12 21:00:00+00:00,17.65,43.256878,0.0,20.5,0.215
2024-06-12 22:00:00+00:00,20.5,29.31289,0.0,19.55,0.215
2024-06-12 23:00:00+00:00,19.55,30.212286,0.0,18.7,0.215
2024-06-13 00:00:00+00:00,18.65,30.609236,0.0,17.95,0.215
2024-06-13 01:00:00+00:00,17.35,36.844265,0.0,17.7,0.214
2024-06-13 02:00:00+00:00,16.9,37.506363,0.0,17.0,0.214
2024-06-13 03:00:00+00:00,16.45,47.325882,0.0,17.0,0.214
2024-06-13 04:00:00+00:00,18.6,38.267574,0.0,18.1,0.213
2024-06-13 05:00:00+00:00,20.95,35.224854,0.0,19.95,0.213
2024-06-13 06:00:00+00:00,23.3,30.953815,0.0,22.25,0.213
2024-06-13 07:00:00+00:00,25.3,27.361824,0.0,24.7,0.212
2024-06-13 08:00:00+00:00,27.1,25.29365,0.0,27.1,0.211
2024-06-13 09:00:00+00:00,28.45,23.701927,0.0,29.15,0.21
2024-06-13 10:00:00+00:00,29.45,21.832443,0.0,30.75,0.21
2024-06-13 11:00:00+00:00,30.25,20.27877,0.0,31.8,0.209
2024-06-13 12:00:00+00:00,30.6,18.53424,0.0,32.35,0.208
2024-06-13 13:00:00+00:00,28.3,22.382547,0.0,31.4,0.209
2024-06-13 14:00:00+00:00,29.05,19.631845,0.0,30.9,0.209
2024-06-13 15:00:00+00:00,27.85,22.266142,0.0,29.8,0.208
2024-06-13 16:00:00+00:00,26.0,26.80133,0.0,28.3,0.208
2024-06-13 17:00:00+00:00,23.3,31.93557,0.0,26.45,0.208
2024-06-13 18:00:00+00:00,21.5,41.7206,0.0,24.75,0.208
2024-06-13 19:00:00+00:00,21.7,38.891193,0.0,23.25,0.208
2024-06-13 20:00:00+00:00,21.4,38.01379,0.0,22.0,0.208
2024-06-13 21:00:00+00:00,19.1,45.817795,0.0,20.9,0.208
2024-06-13 22:00:00+00:00,16.95,53.169205,0.0,19.9,0.208
2024-06-13 23:00:00+00:00,19.1,41.753635,0.0,19.1,0.208
2024-06-14 00:00:00+00:00,18.15,44.617954,0.0,18.35,0.208
2024-06-14 01:00:00+00:00,17.2,46.397396,0.0,18.75,0.201
2024-06-14 02:00:00+00:00,16.6,48.531204,0.0,18.0,0.201
2024-06-14 03:00:00+00:00,16.45,51.955723,0.0,17.95,0.201
2024-06-14 04:00:00+00:00,18.15,47.96204,0.0,18.9,0.201
2024-06-14 05:00:00+00:00,20.5,42.586662,0.0,20.7,0.201
2024-06-14 06:00:00+00:00,22.65,37.85131,0.0,22.95,0.201
2024-06-14 07:00:00+00:00,24.6,33.541622,0.0,25.4,0.201
2024-06-14 08:00:00+00:00,26.4,29.63002,0.0,27.9,0.2
2024-06-14 09:00:00+00:00,27.85,26.659655,0.0,30.05,0.2
2024-06-14 10:00:00+00:00,29.2,23.49112,0.0,31.65,0.2
2024-06-14 11:00:00+00:00,29.85,21.708143,0.0,32.8,0.2
2024-06-14 12:00:00+00:00,30.2,20.69374,0.0,33.55,0.2
2024-06-14 13:00:00+00:00,29.8,20.166813,0.0,33.55,0.201
2024-06-14 14:00:00+00:00,30.45,18.433256,0.0,32.9,0.201
2024-06-14 15:00:00+00:00,30.4,17.043917,0.0,31.85,0.201
2024-06-14 16:00:00+00:00,28.0,20.071674,0.0,30.3,0.2
2024-06-14 17:00:00+00:00,27.1,21.534052,0.0,28.2,0.2
2024-06-14 18:00:00+00:00,26.2,23.273657,0.0,26.25,0.2
2024-06-14 19:00:00+00:00,24.7,25.985954,0.0,24.7,0.2
2024-06-14 20:00:00+00:00,23.6,28.448917,0.0,23.35,0.2
2024-06-14 21:00:00+00:00,22.65,29.711418,0.0,22.25,0.2
2024-06-14 22:00:00+00:00,19.65,37.641857,0.0,21.2,0.2
2024-06-14 23:00:00+00:00,20.1,32.372925,0.0,20.25,0.2
2024-06-15 00:00:00+00:00,19.35,32.043106,0.0,19.45,0.2
2024-06-15 01:00:00+00:00,17.9,35.58863,0.0,18.8,0.2
2024-06-15 02:00:00+00:00,17.65,35.89716,0.0,18.1,0.2
2024-06-15 03:00:00+00:00,17.4,62.64873,0.0,18.15,0.2
2024-06-15 04:00:00+00:00,19.15,37.235767,0.0,19.3,0.2
2024-06-15 05:00:00+00:00,21.45,34.160748,0.0,21.2,0.2
2024-06-15 06:00:00+00:00,23.7,31.066755,0.0,23.55,0.2
2024-06-15 07:00:00+00:00,25.75,28.550797,0.0,26.05,0.2
2024-06-15 08:00:00+00:00,27.5,25.665527,0.0,28.5,0.2
2024-06-15 09:00:00+00:00,29.0,23.037342,0.0,30.65,0.2
2024-06-15 10:00:00+00:00,30.15,19.490696,0.0,32.25,0.2
2024-06-15 11:00:00+00:00,30.75,18.89834,0.0,33.05,0.2
2024-06-15 12:00:00+00:00,31.55,19.494076,0.0,33.7,0.2
2024-06-15 13:00:00+00:00,30.75,20.903759,0.0,33.15,0.202
2024-06-15 14:00:00+00:00,30.65,19.888615,0.0,32.45,0.202
2024-06-15 15:00:00+00:00,28.1,27.844498,0.0,31.15,0.202
2024-06-15 16:00:00+00:00,25.7,47.012157,0.0,29.6,0.201
2024-06-15 17:00:00+00:00,26.2,31.234594,0.0,27.8,0.201
2024-06-15 18:00:00+00:00,25.55,32.79352,0.0,26.2,0.201
2024-06-15 19:00:00+00:00,24.6,35.058907,0.0,24.9,0.201
2024-06-15 20:00:00+00:00,23.0,38.470467,0.0,23.75,0.201
2024-06-15 21:00:00+00:00,21.7,40.79488,0.0,22.6,0.201
2024-06-15 22:00:00+00:00,21.05,40.610012,0.0,21.6,0.201
2024-06-15 23:00:00+00:00,20.4,40.843616,0.0,20.75,0.201
2024-06-16 00:00:00+00:00,19.45,44.524426,0.0,20.0,0.201
2024-06-16 01:00:00+00:00,17.2,54.89077,0.0,19.15,0.203
2024-06-16 02:00:00+00:00,17.9,50.41686,0.0,18.6,0.203
2024-06-16 03:00:00+00:00,17.85,53.768837,0.0,18.75,0.203
2024-06-16 04:00:00+00:00,19.75,50.7427,0.0,19.85,0.203
2024-06-16 05:00:00+00:00,22.1,48.714153,0.0,21.7,0.202
2024-06-16 06:00:00+00:00,24.6,43.880325,0.0,24.0,0.202
2024-06-16 07:00:00+00:00,27.2,37.742462,0.0,26.35,0.202
2024-06-16 08:00:00+00:00,29.8,26.732262,0.0,28.65,0.202
2024-06-16 09:00:00+00:00,31.0,21.552385,0.0,30.95,0.202
2024-06-16 10:00:00+00:00,31.45,18.479244,0.0,32.8,0.201
2024-06-16 11:00:00+00:00,31.3,18.12346,0.0,33.8,0.201
2024-06-16 12:00:00+00:00,31.5,17.918476,0.0,34.35,0.201
2024-06-16 13:00:00+00:00,31.05,18.255043,0.0,33.95,0.204
2024-06-16 14:00:00+00:00,30.5,19.440418,0.0,33.3,0.203
2024-06-16 15:00:00+00:00,29.75,20.652859,0.0,32.2,0.203
2024-06-16 16:00:00+00:00,29.3,18.945028,0.0,30.5,0.203
2024-06-16 17:00:00+00:00,26.25,26.869616,0.0,28.35,0.203
2024-06-16 18:00:00+00:00,22.9,30.413242,0.0,26.55,0.203
2024-06-16 19:00:00+00:00,21.2,33.38215,0.0,25.2,0.203
2024-06-16 20:00:00+00:00,19.45,36.037884,0.0,23.9,0.203
2024-06-16 21:00:00+00:00,17.95,39.72062,0.0,22.7,0.203
2024-06-16 22:00:00+00:00,17.4,37.253506,0.0,21.65,0.203
2024-06-16 23:00:00+00:00,16.5,38.883743,0.0,20.7,0.203
2024-06-17 00:00:00+00:00,16.75,37.064125,0.0,19.8,0.203
2024-06-17 01:00:00+00:00,19.45,29.541231,0.0,18.5,0.205
2024-06-17 02:00:00+00:00,18.5,32.026993,0.0,17.9,0.205
2024-06-17 03:00:00+00:00,18.5,37.572845,0.0,18.05,0.205
2024-06-17 04:00:00+00:00,20.3,33.71179,0.0,19.3,0.205
2024-06-17 05:00:00+00:00,22.6,31.736952,0.0,21.25,0.205
2024-06-17 06:00:00+00:00,25.2,28.497036,0.0,23.65,0.205
2024-06-17 07:00:00+00:00,27.65,22.059164,0.0,26.25,0.205
2024-06-17 08:00:00+00:00,29.85,16.79562,0.0,28.75,0.204
2024-06-17 09:00:00+00:00,31.25,15.837406,0.0,30.8,0.204
2024-06-17 10:00:00+00:00,32.15,15.264371,0.0,32.35,0.203
2024-06-17 11:00:00+00:00,32.7,14.903189,0.0,33.45,0.203
2024-06-17 12:00:00+00:00,32.8,15.031235,0.0,34.05,0.203
2024-06-17 13:00:00+00:00,32.7,16.16479,0.0,34.0,0.205
2024-06-17 14:00:00+00:00,31.5,15.503011,0.0,33.4,0.205
2024-06-17 15:00:00+00:00,30.05,17.575552,0.0,32.2,0.204
2024-06-17 16:00:00+00:00,27.5,39.738335,0.0,30.45,0.204
2024-06-17 17:00:00+00:00,23.7,31.39113,0.0,28.25,0.204
2024-06-17 18:00:00+00:00,23.45,30.251009,0.0,26.4,0.204
2024-06-17 19:00:00+00:00,24.2,23.996792,0.0,24.8,0.204
2024-06-17 20:00:00+00:00,23.5,24.674675,0.0,23.45,0.204
2024-06-17 21:00:00+00:00,22.55,24.859577,0.0,22.3,0.204
2024-06-17 22:00:00+00:00,21.5,24.574041,0.0,21.3,0.204
2024-06-17 23:00:00+00:00,20.6,24.775606,0.0,20.45,0.204
2024-06-18 00:00:00+00:00,20.1,25.645426,0.0,19.65,0.204
2024-06-18 01:00:00+00:00,19.95,29.471897,0.0,18.85,0.208
2024-06-18 02:00:00+00:00,19.35,31.030964,0.0,18.3,0.208
2024-06-18 03:00:00+00:00,19.35,36.646286,0.0,18.45,0.208
2024-06-18 04:00:00+00:00,20.9,33.06344,0.0,19.7,0.208
2024-06-18 05:00:00+00:00,23.25,30.832268,0.0,21.6,0.208
2024-06-18 06:00:00+00:00,25.65,30.868769,0.0,23.95,0.207
2024-06-18 07:00:00+00:00,27.95,28.570738,0.0,26.5,0.207
2024-06-18 08:00:00+00:00,30.0,22.587812,0.0,28.95,0.206
2024-06-18 09:00:00+00:00,31.6,16.665642,0.0,31.1,0.206
2024-06-18 10:00:00+00:00,32.5,15.560551,0.0,32.7,0.205
2024-06-18 11:00:00+00:00,33.0,15.28976,0.0,33.75,0.205
2024-06-18 12:00:00+00:00,33.05,15.518252,0.0,34.2,0.204
2024-06-18 13:00:00+00:00,32.85,14.6732645,0.0,34.0,0.205
2024-06-18 14:00:00+00:00,32.0,14.23216,0.0,33.45,0.205
2024-06-18 15:00:00+00:00,30.45,17.545616,0.0,32.25,0.205
2024-06-18 16:00:00+00:00,27.05,42.571884,0.0,30.5,0.205
2024-06-18 17:00:00+00:00,24.3,25.604614,0.0,28.3,0.205
2024-06-18 18:00:00+00:00,22.35,26.360159,0.0,26.6,0.205
2024-06-18 19:00:00+00:00,20.2,29.75459,0.0,25.05,0.204
2024-06-18 20:00:00+00:00,19.0,32.51706,0.0,23.6,0.204
2024-06-18 21:00:00+00:00,18.7,33.132065,0.0,22.4,0.204
2024-06-18 22:00:00+00:00,22.6,18.111498,0.0,21.35,0.204
2024-06-18 23:00:00+00:00,21.1,19.922153,0.0,20.45,0.204
2024-06-19 00:00:00+00:00,20.45,20.127779,0.0,19.65,0.204
2024-06-19 01:00:00+00:00,19.55,25.773794,0.0,19.0,0.21
2024-06-19 02:00:00+00:00,18.85,28.327362,0.0,18.4,0.21
2024-06-19 03:00:00+00:00,18.0,48.916218,0.0,18.5,0.21
2024-06-19 04:00:00+00:00,19.85,35.65064,0.0,19.55,0.21
2024-06-19 05:00:00+00:00,22.0,38.843906,0.0,21.35,0.209
2024-06-19 06:00:00+00:00,24.25,38.306038,0.0,23.6,0.209
2024-06-19 07:00:00+00:00,26.45,35.344498,0.0,26.0,0.209
2024-06-19 08:00:00+00:00,28.75,30.281038,0.0,28.4,0.208
2024-06-19 09:00:00+00:00,30.85,23.042038,0.0,30.55,0.207
2024-06-19 10:00:00+00:00,32.1,18.123674,0.0,32.3,0.207
2024-06-19 11:00:00+00:00,32.3,17.733437,0.0,33.0,0.206
2024-06-19 12:00:00+00:00,32.55,17.424025,0.0,33.5,0.205
2024-06-19 13:00:00+00:00,32.25,15.950024,0.0,33.45,0.206
2024-06-19 14:00:00+00:00,31.95,16.746155,0.0,32.9,0.206
2024-06-19 15:00:00+00:00,30.75,28.000547,0.0,31.85,0.206
2024-06-19 16:00:00+00:00,28.45,40.922955,0.0,30.3,0.206
2024-06-19 17:00:00+00:00,25.65,31.723686,0.0,28.3,0.206
2024-06-19 18:00:00+00:00,27.1,21.994556,0.0,26.6,0.206
2024-06-19 19:00:00+00:00,26.15,23.342537,0.0,25.0,0.206
2024-06-19 20:00:00+00:00,24.6,25.776758,0.0,23.75,0.206
2024-06-19 21:00:00+00:00,23.2,27.745499,0.0,22.6,0.206
2024-06-19 22:00:00+00:00,22.35,29.00758,0.0,21.65,0.206
2024-06-19 23:00:00+00:00,21.45,30.862064,0.0,20.8,0.206
2024-06-20 00:00:00+00:00,20.7,32.545044,0.0,20.05,0.206
2024-06-20 01:00:00+00:00,19.95,33.257236,0.0,18.9,0.208
2024-06-20 02:00:00+00:00,19.55,35.067467,0.0,18.4,0.208
2024-06-20 03:00:00+00:00,18.7,58.315384,0.0,18.65,0.208
2024-06-20 04:00:00+00:00,20.9,40.706455,0.0,19.85,0.208
2024-06-20 05:00:00+00:00,23.15,37.608265,0.0,21.7,0.207
2024-06-20 06:00:00+00:00,25.55,36.16972,0.0,24.05,0.207
2024-06-20 07:00:00+00:00,27.75,33.41136,0.0,26.55,0.207
2024-06-20 08:00:00+00:00,29.9,28.240585,0.0,28.95,0.206
2024-06-20 09:00:00+00:00,31.75,23.592388,0.0,31.1,0.206
2024-06-20 10:00:00+00:00,32.85,20.855078,0.0,32.4,0.205
2024-06-20 11:00:00+00:00,34.15,17.493704,0.0,33.65,0.205
2024-06-20 12:00:00+00:00,34.3,16.642502,0.0,34.35,0.204
2024-06-20 13:00:00+00:00,34.2,16.051563,0.0,34.15,0.207
2024-06-20 14:00:00+00:00,33.35,14.939365,0.0,33.65,0.206
2024-06-20 15:00:00+00:00,31.7,18.733839,0.0,32.45,0.206
2024-06-20 16:00:00+00:00,28.0,41.06459,0.0,30.8,0.206
2024-06-20 17:00:00+00:00,29.25,21.630367,0.0,29.0,0.206
2024-06-20 18:00:00+00:00,25.65,26.798735,0.0,27.4,0.206
2024-06-20 19:00:00+00:00,23.15,35.36707,0.0,25.85,0.206
2024-06-20 20:00:00+00:00,23.15,31.453419,0.0,24.6,0.206
2024-06-20 21:00:00+00:00,24.0,24.721941,0.0,23.55,0.206
2024-06-20 22:00:00+00:00,20.8,34.21275,0.0,22.5,0.206
2024-06-20 23:00:00+00:00,20.6,33.09352,0.0,21.55,0.206
2024-06-21 00:00:00+00:00,19.1,38.011436,0.0,20.75,0.206
2024-06-21 01:00:00+00:00,19.8,31.606398,0.0,20.15,0.206
2024-06-21 02:00:00+00:00,19.4,32.748413,0.0,19.45,0.206
2024-06-21 03:00:00+00:00,18.95,46.725365,0.0,19.5,0.206
2024-06-21 04:00:00+00:00,20.8,37.451183,0.0,20.5,0.206
2024-06-21 05:00:00+00:00,23.05,37.836395,0.0,22.25,0.206
2024-06-21 06:00:00+00:00,25.05,36.76395,0.0,24.5,0.206
2024-06-21 07:00:00+00:00,27.1,34.246666,0.0,26.85,0.205
2024-06-21 08:00:00+00:00,28.8,32.066433,0.0,29.15,0.205
2024-06-21 09:00:00+00:00,30.35,27.985746,0.0,31.25,0.204
2024-06-21 10:00:00+00:00,31.6,23.713654,0.0,32.95,0.204
2024-06-21 11:00:00+00:00,32.35,21.088266,0.0,33.95,0.203
2024-06-21 12:00:00+00:00,32.5,19.256178,0.0,34.15,0.203
2024-06-21 13:00:00+00:00,32.45,16.861284,0.0,34.25,0.205
2024-06-21 14:00:00+00:00,32.05,17.429058,0.0,33.6,0.205
2024-06-21 15:00:00+00:00,30.85,16.669859,0.0,32.45,0.205
2024-06-21 16:00:00+00:00,28.45,18.08218,0.0,30.85,0.205
2024-06-21 17:00:00+00:00,25.9,21.150555,0.0,28.95,0.204
2024-06-21 18:00:00+00:00,24.45,24.668255,0.0,27.25,0.204
2024-06-21 19:00:00+00:00,24.75,27.882942,0.0,25.7,0.204
2024-06-21 20:00:00+00:00,24.45,26.470226,0.0,24.35,0.204
2024-06-21 21:00:00+00:00,22.85,30.187353,0.0,23.2,0.204
2024-06-21 22:00:00+00:00,22.4,30.914886,0.0,22.2,0.204
2024-06-21 23:00:00+00:00,21.15,33.719635,0.0,21.35,0.204
2024-06-22 00:00:00+00:00,18.85,43.598038,0.0,20.6,0.204
2024-06-22 01:00:00+00:00,19.35,41.108597,0.0,20.4,0.204
2024-06-22 02:00:00+00:00,18.6,43.527138,0.0,19.7,0.204
2024-06-22 03:00:00+00:00,18.05,52.026756,0.0,19.65,0.204
2024-06-22 04:00:00+00:00,19.85,45.249973,0.0,20.55,0.204
2024-06-22 05:00:00+00:00,21.65,42.91133,0.0,22.2,0.204
2024-06-22 06:00:00+00:00,23.5,39.53637,0.0,24.3,0.204
2024-06-22 07:00:00+00:00,25.7,33.284294,0.0,26.55,0.204
2024-06-22 08:00:00+00:00,27.95,25.172562,0.0,28.75,0.203
2024-06-22 09:00:00+00:00,29.5,21.46925,0.0,30.8,0.203
2024-06-22 10:00:00+00:00,30.55,19.863932,0.0,32.6,0.203
2024-06-22 11:00:00+00:00,31.5,17.179235,0.0,33.9,0.202
2024-06-22 12:00:00+00:00,32.1,16.663078,0.0,34.45,0.202
2024-06-22 13:00:00+00:00,31.5,17.300537,0.0,34.1,0.205
2024-06-22 14:00:00+00:00,30.75,18.183395,0.0,33.0,0.205
2024-06-22 15:00:00+00:00,30.0,26.695843,0.0,32.0,0.204
2024-06-22 16:00:00+00:00,30.3,17.634613,0.0,30.45,0.204
2024-06-22 17:00:00+00:00,25.9,28.298151,0.0,28.35,0.204
2024-06-22 18:00:00+00:00,23.0,26.822958,0.0,26.55,0.204
2024-06-22 19:00:00+00:00,21.8,24.655647,0.0,25.2,0.204
2024-06-22 20:00:00+00:00,23.5,20.091944,0.0,23.8,0.204
2024-06-22 21:00:00+00:00,20.2,31.833597,0.0,22.6,0.204
2024-06-22 22:00:00+00:00,22.75,20.343967,0.0,21.65,0.204
2024-06-22 23:00:00+00:00,19.75,29.415066,0.0,20.8,0.204
2024-06-23 00:00:00+00:00,17.95,38.07932,0.0,20.05,0.204
2024-06-23 01:00:00+00:00,20.05,33.639835,0.0,20.2,0.202
2024-06-23 02:00:00+00:00,19.75,34.513123,0.0,19.55,0.202
2024-06-23 03:00:00+00:00,18.65,48.594574,0.0,19.55,0.202
2024-06-23 04:00:00+00:00,20.55,41.309185,0.0,20.55,0.202
2024-06-23 05:00:00+00:00,22.8,36.999878,0.0,22.3,0.202
2024-06-23 06:00:00+00:00,25.0,33.76945,0.0,24.55,0.202
2024-06-23 07:00:00+00:00,27.4,29.006725,0.0,26.85,0.202
2024-06-23 08:00:00+00:00,29.55,25.081993,0.0,29.2,0.202
2024-06-23 09:00:00+00:00,31.2,22.356234,0.0,31.3,0.201
2024-06-23 10:00:00+00:00,32.3,19.474865,0.0,33.2,0.201
2024-06-23 11:00:00+00:00,32.9,16.788076,0.0,34.6,0.201
2024-06-23 12:00:00+00:00,33.15,15.871969,0.0,35.3,0.201
2024-06-23 13:00:00+00:00,32.75,16.636694,0.0,35.1,0.205
2024-06-23 14:00:00+00:00,32.85,16.255713,0.0,34.55,0.205
2024-06-23 15:00:00+00:00,30.9,19.402817,0.0,33.3,0.204
2024-06-23 16:00:00+00:00,27.85,30.957954,0.0,31.5,0.204
2024-06-23 17:00:00+00:00,26.1,26.45898,0.0,29.55,0.204
2024-06-23 18:00:00+00:00,25.05,27.293053,0.0,27.9,0.204
2024-06-23 19:00:00+00:00,22.05,40.47962,0.0,26.35,0.204
2024-06-23 20:00:00+00:00,22.7,35.23866,0.0,24.9,0.204
2024-06-23 21:00:00+00:00,21.1,40.071804,0.0,23.7,0.204
2024-06-23 22:00:00+00:00,20.75,39.425922,0.0,22.75,0.204
2024-06-23 23:00:00+00:00,20.25,39.691666,0.0,21.9,0.204
2024-06-24 00:00:00+00:00,21.75,30.947327,0.0,21.15,0.204
2024-06-24 01:00:00+00:00,19.8,48.415012,0.0,20.65,0.201
2024-06-24 02:00:00+00:00,19.25,50.267838,0.0,20.1,0.201
2024-06-24 03:00:00+00:00,18.95,54.78512,0.0,20.15,0.201
2024-06-24 04:00:00+00:00,20.55,50.616356,0.0,21.15,0.201
2024-06-24 05:00:00+00:00,22.85,43.685036,0.0,22.9,0.201
2024-06-24 06:00:00+00:00,25.05,38.275166,0.0,25.15,0.201
2024-06-24 07:00:00+00:00,27.05,34.118244,0.0,27.55,0.2
2024-06-24 08:00:00+00:00,29.15,29.488623,0.0,29.95,0.2
2024-06-24 09:00:00+00:00,30.7,25.046097,0.0,32.0,0.2
2024-06-24 10:00:00+00:00,31.95,20.140179,0.0,33.8,0.2
2024-06-24 11:00:00+00:00,32.5,19.057755,0.0,35.1,0.2
2024-06-24 12:00:00+00:00,33.05,18.60465,0.0,35.75,0.2
2024-06-24 13:00:00+00:00,33.05,17.118568,0.0,35.65,0.2
2024-06-24 14:00:00+00:00,30.8,20.628918,0.0,34.6,0.2
2024-06-24 15:00:00+00:00,30.35,26.16501,0.0,33.25,0.2
2024-06-24 16:00:00+00:00,28.1,45.56751,0.0,31.7,0.2
2024-06-24 17:00:00+00:00,26.65,31.042921,0.0,29.65,0.2
2024-06-24 18:00:00+00:00,28.0,24.33102,0.0,27.85,0.2
2024-06-24 19:00:00+00:00,26.5,26.937876,0.0,26.35,0.2
2024-06-24 20:00:00+00:00,22.35,40.29049,0.0,25.1,0.2
2024-06-24 21:00:00+00:00,24.25,28.930613,0.0,24.0,0.2
2024-06-24 22:00:00+00:00,23.05,30.349512,0.0,23.05,0.2
2024-06-24 23:00:00+00:00,22.1,32.151543,0.0,22.2,0.2
2024-06-25 00:00:00+00:00,21.4,33.791306,0.0,21.4,0.2
2024-06-25 01:00:00+00:00,20.4,43.736546,0.0,20.7,0.191
2024-06-25 02:00:00+00:00,20.0,44.831467,0.0,20.15,0.191
2024-06-25 03:00:00+00:00,19.45,56.023636,0.0,20.25,0.191
2024-06-25 04:00:00+00:00,21.05,46.672848,0.0,21.3,0.191
2024-06-25 05:00:00+00:00,23.3,42.369835,0.0,23.15,0.191
2024-06-25 06:00:00+00:00,25.4,38.11839,0.0,25.4,0.191
2024-06-25 07:00:00+00:00,27.5,33.903355,0.0,27.85,0.191
2024-06-25 08:00:00+00:00,29.7,28.091501,0.0,30.3,0.191
2024-06-25 09:00:00+00:00,31.4,22.027714,0.0,32.55,0.191
2024-06-25 10:00:00+00:00,32.45,17.400688,0.0,34.1,0.191
2024-06-25 11:00:00+00:00,32.95,16.278372,0.0,35.25,0.191
2024-06-25 12:00:00+00:00,33.15,15.215079,0.0,35.8,0.191
2024-06-25 13:00:00+00:00,32.55,16.59093,0.0,35.45,0.197
2024-06-25 14:00:00+00:00,30.95,18.42392,0.0,34.7,0.197
2024-06-25 15:00:00+00:00,28.75,25.2996,0.0,33.05,0.197
2024-06-25 16:00:00+00:00,27.5,27.4917,0.0,31.4,0.197
2024-06-25 17:00:00+00:00,23.9,37.821487,0.0,29.5,0.197
2024-06-25 18:00:00+00:00,23.85,36.92144,0.0,27.55,0.197
2024-06-25 19:00:00+00:00,22.15,41.06155,0.0,26.1,0.197
2024-06-25 20:00:00+00:00,22.55,38.342342,0.0,24.8,0.197
2024-06-25 21:00:00+00:00,20.8,45.361206,0.0,23.7,0.197
2024-06-25 22:00:00+00:00,21.9,36.115303,0.0,22.7,0.197
2024-06-25 23:00:00+00:00,20.95,37.107273,0.0,21.85,0.198
2024-06-26 00:00:00+00:00,20.25,37.553043,0.0,21.1,0.198
2024-06-26 01:00:00+00:00,18.85,45.43516,0.0,20.85,0.202
2024-06-26 02:00:00+00:00,18.35,47.040276,0.0,20.15,0.202
2024-06-26 03:00:00+00:00,18.7,52.90889,0.0,20.15,0.202
2024-06-26 04:00:00+00:00,20.2,46.753662,0.0,21.1,0.202
2024-06-26 05:00:00+00:00,22.55,39.133488,0.0,22.8,0.202
2024-06-26 06:00:00+00:00,24.95,31.74372,0.0,24.95,0.202
2024-06-26 07:00:00+00:00,26.85,28.171595,0.0,27.25,0.202
2024-06-26 08:00:00+00:00,28.5,23.879625,0.0,29.55,0.202
2024-06-26 09:00:00+00:00,29.85,20.750069,0.0,31.55,0.201
2024-06-26 10:00:00+00:00,31.1,19.384151,0.0,33.0,0.201
2024-06-26 11:00:00+00:00,31.6,17.816965,0.0,33.65,0.201
2024-06-26 12:00:00+00:00,32.1,15.63699,0.0,34.0,0.201
2024-06-26 13:00:00+00:00,31.0,14.6906185,0.0,33.9,0.202
2024-06-26 14:00:00+00:00,30.0,15.668379,0.0,33.1,0.202
2024-06-26 15:00:00+00:00,24.75,33.242264,0.0,31.55,0.202
2024-06-26 16:00:00+00:00,23.05,33.10169,0.0,29.65,0.201
2024-06-26 17:00:00+00:00,21.5,37.136887,0.0,27.7,0.201
2024-06-26 18:00:00+00:00,20.6,38.977802,0.0,25.9,0.201
2024-06-26 19:00:00+00:00,18.65,45.37907,0.0,24.55,0.201
2024-06-26 20:00:00+00:00,17.35,47.576374,0.0,23.25,0.201
2024-06-26 21:00:00+00:00,16.5,48.840683,0.0,22.1,0.201
2024-06-26 22:00:00+00:00,15.95,48.688873,0.0,21.1,0.201
2024-06-26 23:00:00+00:00,15.1,50.176067,0.0,20.25,0.201
2024-06-27 00:00:00+00:00,14.2,52.255413,0.0,19.4,0.201
2024-06-27 01:00:00+00:00,12.7,58.6311,0.0,18.85,0.201
2024-06-27 02:00:00+00:00,11.75,64.395424,0.0,18.0,0.201
2024-06-27 03:00:00+00:00,13.85,46.76036,0.0,17.8,0.201
2024-06-27 04:00:00+00:00,15.15,38.07661,0.0,18.55,0.201
2024-06-27 05:00:00+00:00,16.6,35.59106,0.0,19.95,0.201
2024-06-27 06:00:00+00:00,18.65,34.438747,0.0,21.9,0.201
2024-06-27 07:00:00+00:00,21.5,26.408232,0.0,24.1,0.201
2024-06-27 08:00:00+00:00,23.95,20.501848,0.0,26.25,0.201
2024-06-27 09:00:00+00:00,25.9,17.727516,0.0,28.25,0.201
2024-06-27 10:00:00+00:00,27.3,16.383469,0.0,30.0,0.201
2024-06-27 11:00:00+00:00,28.35,15.6349325,0.0,31.4,0.201
2024-06-27 12:00:00+00:00,28.95,15.376344,0.0,32.35,0.2
2024-06-27 13:00:00+00:00,28.4,19.471298,0.0,32.5,0.2
2024-06-27 14:00:00+00:00,28.1,20.167828,0.0,32.05,0.2
2024-06-27 15:00:00+00:00,27.55,23.059534,0.0,31.0,0.2
2024-06-27 16:00:00+00:00,25.15,48.89125,0.0,29.4,0.2
2024-06-27 17:00:00+00:00,24.2,29.628967,0.0,27.35,0.2
2024-06-27 18:00:00+00:00,24.95,23.521706,0.0,25.55,0.2
2024-06-27 19:00:00+00:00,20.95,36.470154,0.0,24.05,0.2
2024-06-27 20:00:00+00:00,18.7,42.514217,0.0,22.75,0.2
2024-06-27 21:00:00+00:00,19.4,35.520664,0.0,21.65,0.2
2024-06-27 22:00:00+00:00,18.3,36.85933,0.0,20.65,0.2
2024-06-27 23:00:00+00:00,19.3,30.68562,0.0,19.75,0.2
2024-06-28 00:00:00+00:00,18.05,33.418934,0.0,18.95,0.2
2024-06-28 01:00:00+00:00,16.95,38.876694,0.0,18.6,0.2
2024-06-28 02:00:00+00:00,16.3,40.65946,0.0,17.9,0.2
2024-06-28 03:00:00+00:00,15.9,49.014717,0.0,17.9,0.2
2024-06-28 04:00:00+00:00,17.6,43.092243,0.0,18.9,0.2
2024-06-28 05:00:00+00:00,19.65,40.071007,0.0,20.7,0.2
2024-06-28 06:00:00+00:00,21.75,36.699688,0.0,22.95,0.2
2024-06-28 07:00:00+00:00,23.8,33.8912,0.0,25.4,0.2
2024-06-28 08:00:00+00:00,25.9,29.592445,0.0,27.8,0.2
2024-06-28 09:00:00+00:00,27.6,25.781155,0.0,30.0,0.2
2024-06-28 10:00:00+00:00,29.05,20.62132,0.0,31.9,0.2
2024-06-28 11:00:00+00:00,30.15,15.147742,0.0,33.25,0.2
2024-06-28 12:00:00+00:00,30.9,12.3211155,0.0,34.0,0.2
2024-06-28 13:00:00+00:00,30.9,11.403456,0.0,34.3,0.199
2024-06-28 14:00:00+00:00,30.5,12.981023,0.0,33.7,0.199
2024-06-28 15:00:00+00:00,29.35,17.97678,0.0,32.45,0.199
2024-06-28 16:00:00+00:00,26.25,37.35087,0.0,30.7,0.199
2024-06-28 17:00:00+00:00,24.3,21.892437,0.0,28.45,0.199
2024-06-28 18:00:00+00:00,23.7,21.814676,0.0,26.8,0.199
2024-06-28 19:00:00+00:00,21.65,24.972532,0.0,25.35,0.199
2024-06-28 20:00:00+00:00,20.4,28.255508,0.0,24.0,0.199
2024-06-28 21:00:00+00:00,22.8,20.282398,0.0,22.8,0.199
2024-06-28 22:00:00+00:00,21.3,22.46961,0.0,21.8,0.199
2024-06-28 23:00:00+00:00,20.5,23.68898,0.0,20.9,0.199
2024-06-29 00:00:00+00:00,19.85,25.298433,0.0,20.05,0.199
2024-06-29 01:00:00+00:00,18.6,30.266233,0.0,19.95,0.199
2024-06-29 02:00:00+00:00,17.8,32.402603,0.0,19.25,0.199
2024-06-29 03:00:00+00:00,17.4,36.98997,0.0,19.15,0.199
2024-06-29 04:00:00+00:00,18.7,37.23624,0.0,20.05,0.199
2024-06-29 05:00:00+00:00,20.85,38.25024,0.0,21.75,0.199
2024-06-29 06:00:00+00:00,22.85,37.014137,0.0,23.9,0.199
2024-06-29 07:00:00+00:00,25.05,33.89859,0.0,26.25,0.199
2024-06-29 08:00:00+00:00,27.1,30.541592,0.0,28.65,0.199
2024-06-29 09:00:00+00:00,28.8,26.193356,0.0,30.8,0.199
2024-06-29 10:00:00+00:00,30.2,22.561659,0.0,32.7,0.199
2024-06-29 11:00:00+00:00,31.35,19.243555,0.0,33.8,0.199
2024-06-29 12:00:00+00:00,31.95,17.344788,0.0,34.35,0.199
2024-06-29 13:00:00+00:00,31.15,20.361519,0.0,34.25,0.199
2024-06-29 14:00:00+00:00,30.75,20.403215,0.0,33.7,0.199
2024-06-29 15:00:00+00:00,29.9,21.871727,0.0,32.6,0.199
2024-06-29 16:00:00+00:00,27.5,32.8977,0.0,31.0,0.199
2024-06-29 17:00:00+00:00,27.1,24.772474,0.0,29.0,0.199
2024-06-29 18:00:00+00:00,24.0,31.584677,0.0,27.35,0.199
2024-06-29 19:00:00+00:00,21.35,48.0266,0.0,26.0,0.199
2024-06-29 20:00:00+00:00,20.85,45.375122,0.0,24.65,0.199
2024-06-29 21:00:00+00:00,19.5,52.059036,0.0,23.6,0.199
2024-06-29 22:00:00+00:00,18.55,56.172096,0.0,22.6,0.199
2024-06-29 23:00:00+00:00,17.8,59.077946,0.0,21.75,0.199
2024-06-30 00:00:00+00:00,17.4,61.19913,0.0,21.0,0.199
2024-06-30 01:00:00+00:00,17.0,62.767204,0.0,21.15,0.199
2024-06-30 02:00:00+00:00,16.55,65.01927,0.0,20.45,0.199
2024-06-30 03:00:00+00:00,18.35,58.424843,0.0,20.35,0.199
2024-06-30 04:00:00+00:00,19.85,52.151352,0.0,21.2,0.199
2024-06-30 05:00:00+00:00,21.7,47.801514,0.0,22.8,0.199
2024-06-30 06:00:00+00:00,23.7,42.909435,0.0,24.8,0.199
2024-06-30 07:00:00+00:00,25.8,37.598927,0.0,27.05,0.199
2024-06-30 08:00:00+00:00,27.5,31.49155,0.0,29.15,0.199
2024-06-30 09:00:00+00:00,29.55,23.990967,0.0,31.25,0.199
2024-06-30 10:00:00+00:00,30.75,22.241053,0.0,33.05,0.199
2024-06-30 11:00:00+00:00,30.2,21.64725,0.0,33.65,0.199
2024-06-30 12:00:00+00:00,30.8,16.83649,0.0,33.95,0.199
2024-06-30 13:00:00+00:00,30.5,19.645054,0.0,33.75,0.199
2024-06-30 14:00:00+00:00,30.2,20.407923,0.0,33.45,0.199
2024-06-30 15:00:00+00:00,29.35,22.811262,0.0,32.4,0.199
2024-06-30 16:00:00+00:00,22.0,52.194912,1.1,29.75,0.209
2024-06-30 17:00:00+00:00,21.45,53.62377,0.0,27.2,0.209
2024-06-30 18:00:00+00:00,20.85,54.54259,0.0,25.55,0.209
2024-06-30 19:00:00+00:00,19.75,61.744465,0.0,24.2,0.209
2024-06-30 20:00:00+00:00,19.9,57.075836,0.0,23.15,0.209
2024-06-30 21:00:00+00:00,19.45,57.91866,0.0,22.25,0.209
2024-06-30 22:00:00+00:00,18.4,63.29389,0.0,21.4,0.209
2024-06-30 23:00:00+00:00,16.7,73.54944,0.0,20.7,0.209
2024-07-01 00:00:00+00:00,15.95,74.88974,0.0,20.05,0.209
2024-07-01 01:00:00+00:00,16.2,72.7358,0.0,20.0,0.201
2024-07-01 02:00:00+00:00,14.85,82.242546,0.0,19.4,0.201
2024-07-01 03:00:00+00:00,16.15,71.531105,0.0,19.4,0.201
2024-07-01 04:00:00+00:00,17.5,66.537285,0.0,20.15,0.201
2024-07-01 05:00:00+00:00,19.15,60.196182,0.0,21.6,0.201
2024-07-01 06:00:00+00:00,21.15,54.439022,0.0,23.45,0.201
2024-07-01 07:00:00+00:00,23.3,46.822006,0.0,25.55,0.201
2024-07-01 08:00:00+00:00,24.0,44.29801,0.0,27.25,0.201
2024-07-01 09:00:00+00:00,26.6,38.075855,0.0,29.1,0.201
2024-07-01 10:00:00+00:00,23.3,46.977257,2.0,30.3,0.225
2024-07-01 11:00:00+00:00,21.4,57.257366,1.9,28.2,0.248
2024-07-01 12:00:00+00:00,23.65,49.45456,0.0,28.65,0.247
2024-07-01 13:00:00+00:00,23.45,44.292683,0.0,26.9,0.289
2024-07-01 14:00:00+00:00,23.35,44.117653,0.0,26.8,0.288
2024-07-01 15:00:00+00:00,18.05,70.25426,4.2,24.8,0.337
2024-07-01 16:00:00+00:00,18.65,67.439095,0.0,23.0,0.337
2024-07-01 17:00:00+00:00,17.65,76.16077,0.0,21.8,0.337
2024-07-01 18:00:00+00:00,16.25,84.31708,0.0,20.75,0.337
2024-07-01 19:00:00+00:00,15.95,80.778145,0.0,19.9,0.337
2024-07-01 20:00:00+00:00,16.1,75.66035,0.0,19.25,0.337
2024-07-01 21:00:00+00:00,17.55,64.80492,0.0,18.7,0.337
2024-07-01 22:00:00+00:00,17.4,63.490604,0.0,18.2,0.337
2024-07-01 23:00:00+00:00,16.7,63.332954,0.0,17.75,0.337
2024-07-02 00:00:00+00:00,16.05,64.90983,0.0,17.3,0.337
2024-07-02 01:00:00+00:00,14.7,75.42888,0.0,17.95,0.287
2024-07-02 02:00:00+00:00,14.35,76.384544,0.0,17.4,0.287
2024-07-02 03:00:00+00:00,14.45,77.94336,0.0,17.45,0.287
2024-07-02 04:00:00+00:00,15.85,72.9142,0.0,18.25,0.287
2024-07-02 05:00:00+00:00,17.8,63.158825,0.0,19.65,0.286
2024-07-02 06:00:00+00:00,19.9,55.211285,0.0,21.45,0.285
2024-07-02 07:00:00+00:00,22.1,49.03895,0.0,23.45,0.284
2024-07-02 08:00:00+00:00,24.05,43.00714,0.0,25.4,0.282
2024-07-02 09:00:00+00:00,25.55,37.153454,0.0,27.1,0.279
2024-07-02 10:00:00+00:00,26.7,33.905834,0.0,28.45,0.277
2024-07-02 11:00:00+00:00,27.25,32.17209,0.0,29.05,0.275
2024-07-02 12:00:00+00:00,22.45,54.590603,2.4,28.15,0.302
2024-07-02 13:00:00+00:00,27.4,29.90747,0.0,29.8,0.272
2024-07-02 14:00:00+00:00,26.85,29.754944,0.0,29.0,0.27
2024-07-02 15:00:00+00:00,23.95,44.28416,0.7,27.3,0.276
2024-07-02 16:00:00+00:00,23.2,48.208645,0.0,25.7,0.275
2024-07-02 17:00:00+00:00,22.1,50.024826,0.0,24.2,0.275
2024-07-02 18:00:00+00:00,19.6,58.923378,0.0,22.95,0.275
2024-07-02 19:00:00+00:00,18.75,59.70313,0.0,21.8,0.275
2024-07-02 20:00:00+00:00,18.9,58.17011,0.0,20.9,0.275
2024-07-02 21:00:00+00:00,18.7,57.92747,0.0,20.05,0.275
2024-07-02 22:00:00+00:00,18.1,59.946644,0.0,19.35,0.275
2024-07-02 23:00:00+00:00,17.25,63.456882,0.0,18.75,0.275
2024-07-03 00:00:00+00:00,16.7,64.61843,0.0,18.2,0.275
2024-07-03 01:00:00+00:00,16.3,75.196144,0.0,17.7,0.292
2024-07-03 02:00:00+00:00,15.9,75.62749,0.0,17.3,0.292
2024-07-03 03:00:00+00:00,16.2,74.68501,0.0,17.35,0.292
2024-07-03 04:00:00+00:00,17.25,72.685135,0.0,18.1,0.292
2024-07-03 05:00:00+00:00,19.05,60.975025,0.0,19.35,0.292
2024-07-03 06:00:00+00:00,21.0,54.580853,0.0,21.05,0.291
2024-07-03 07:00:00+00:00,22.9,49.416744,0.0,22.95,0.29
2024-07-03 08:00:00+00:00,24.75,42.49257,0.0,24.8,0.288
2024-07-03 09:00:00+00:00,26.35,37.5036,0.0,26.75,0.285
2024-07-03 10:00:00+00:00,27.3,33.6215,0.0,28.2,0.283
2024-07-03 11:00:00+00:00,28.3,28.764093,0.0,29.0,0.281
2024-07-03 12:00:00+00:00,27.95,29.958443,0.0,29.25,0.279
2024-07-03 13:00:00+00:00,28.5,27.019327,0.0,29.75,0.276
2024-07-03 14:00:00+00:00,27.9,27.133572,0.0,29.2,0.275
2024-07-03 15:00:00+00:00,27.05,29.30726,0.0,28.2,0.274
2024-07-03 16:00:00+00:00,24.65,52.88121,0.0,26.9,0.273
2024-07-03 17:00:00+00:00,24.65,34.95426,0.0,25.35,0.273
2024-07-03 18:00:00+00:00,23.35,37.921753,0.0,23.9,0.273
2024-07-03 19:00:00+00:00,22.25,42.502853,0.0,22.65,0.273
2024-07-03 20:00:00+00:00,20.95,46.96049,0.0,21.55,0.273
2024-07-03 21:00:00+00:00,20.15,47.698463,0.0,20.65,0.273
2024-07-03 22:00:00+00:00,19.05,50.89823,0.0,19.9,0.273
2024-07-03 23:00:00+00:00,18.55,50.079002,0.0,19.2,0.273
2024-07-04 00:00:00+00:00,18.0,51.31062,0.0,18.55,0.273
2024-07-04 01:00:00+00:00,16.6,53.624905,0.0,17.2,0.278
2024-07-04 02:00:00+00:00,16.3,54.099632,0.0,16.8,0.278
2024-07-04 03:00:00+00:00,16.35,61.158314,0.0,17.0,0.278
2024-07-04 04:00:00+00:00,17.95,56.20961,0.0,18.05,0.277
2024-07-04 05:00:00+00:00,19.95,57.658188,0.0,19.7,0.277
2024-07-04 06:00:00+00:00,22.3,52.445526,0.0,21.75,0.276
2024-07-04 07:00:00+00:00,24.85,43.229797,0.0,23.95,0.274
2024-07-04 08:00:00+00:00,27.25,34.40352,0.0,26.1,0.272
2024-07-04 09:00:00+00:00,29.2,28.144753,0.0,27.95,0.27
2024-07-04 10:00:00+00:00,30.65,25.032871,0.0,29.45,0.267
2024-07-04 11:00:00+00:00,31.6,22.76675,0.0,30.6,0.265
2024-07-04 12:00:00+00:00,31.85,20.963123,0.0,31.1,0.263
2024-07-04 13:00:00+00:00,32.2,17.464127,0.0,31.1,0.264
2024-07-04 14:00:00+00:00,31.15,19.46394,0.0,30.55,0.263
2024-07-04 15:00:00+00:00,29.65,30.12495,0.0,29.55,0.262
2024-07-04 16:00:00+00:00,26.6,39.486732,0.0,28.15,0.261
2024-07-04 17:00:00+00:00,27.25,25.598234,0.0,26.4,0.261
2024-07-04 18:00:00+00:00,22.05,40.894196,0.0,24.85,0.261
2024-07-04 19:00:00+00:00,21.85,38.404766,0.0,23.55,0.261
2024-07-04 20:00:00+00:00,23.25,33.734795,0.0,22.45,0.261
2024-07-04 21:00:00+00:00,21.75,37.594196,0.0,21.45,0.261
2024-07-04 22:00:00+00:00,21.1,38.454082,0.0,20.6,0.261
2024-07-04 23:00:00+00:00,20.45,39.204525,0.0,19.8,0.261
2024-07-05 00:00:00+00:00,19.8,39.97553,0.0,19.15,0.261
2024-07-05 01:00:00+00:00,18.65,46.96252,0.0,18.8,0.265
2024-07-05 02:00:00+00:00,18.25,48.154198,0.0,18.35,0.265
2024-07-05 03:00:00+00:00,17.85,59.686832,0.0,18.4,0.265
2024-07-05 04:00:00+00:00,19.85,47.777607,0.0,19.4,0.265
2024-07-05 05:00:00+00:00,22.15,45.582825,0.0,21.05,0.264
2024-07-05 06:00:00+00:00,24.75,39.49153,0.0,23.1,0.263
2024-07-05 07:00:00+00:00,27.15,34.146328,0.0,25.35,0.261
2024-07-05 08:00:00+00:00,29.3,28.458256,0.0,27.55,0.259
2024-07-05 09:00:00+00:00,30.95,20.666388,0.0,29.45,0.257
2024-07-05 10:00:00+00:00,31.8,18.242512,0.0,30.85,0.255
2024-07-05 11:00:00+00:00,32.35,18.501581,0.0,31.8,0.253
2024-07-05 12:00:00+00:00,32.55,18.16733,0.0,32.25,0.25
2024-07-05 13:00:00+00:00,32.3,20.57665,0.0,31.9,0.252
2024-07-05 14:00:00+00:00,31.8,20.59375,0.0,31.45,0.25
2024-07-05 15:00:00+00:00,30.6,22.12647,0.0,30.5,0.249
2024-07-05 16:00:00+00:00,26.8,44.92189,0.0,29.0,0.249
2024-07-05 17:00:00+00:00,23.7,35.402737,0.0,27.05,0.248
2024-07-05 18:00:00+00:00,22.7,37.608143,0.0,25.4,0.248
2024-07-05 19:00:00+00:00,21.05,41.593037,0.0,24.0,0.248
2024-07-05 20:00:00+00:00,20.75,38.88657,0.0,22.8,0.248
2024-07-05 21:00:00+00:00,21.4,31.839989,0.0,21.75,0.248
2024-07-05 22:00:00+00:00,22.55,25.490063,0.0,20.85,0.248
2024-07-05 23:00:00+00:00,21.75,25.271173,0.0,20.1,0.248
2024-07-06 00:00:00+00:00,20.9,26.911253,0.0,19.45,0.248
2024-07-06 01:00:00+00:00,19.85,31.846104,0.0,18.95,0.248
2024-07-06 02:00:00+00:00,19.55,32.444496,0.0,18.5,0.248
2024-07-06 03:00:00+00:00,18.35,57.071384,0.0,18.6,0.247
2024-07-06 04:00:00+00:00,20.55,38.428963,0.0,19.6,0.247
2024-07-06 05:00:00+00:00,23.05,38.74675,0.0,21.35,0.247
2024-07-06 06:00:00+00:00,25.5,35.672386,0.0,23.55,0.246
2024-07-06 07:00:00+00:00,27.75,32.967644,0.0,25.9,0.244
2024-07-06 08:00:00+00:00,30.0,29.035383,0.0,28.2,0.242
2024-07-06 09:00:00+00:00,31.95,23.090504,0.0,30.05,0.241
2024-07-06 10:00:00+00:00,32.9,18.697554,0.0,31.5,0.239
2024-07-06 11:00:00+00:00,33.4,18.305815,0.0,32.6,0.237
2024-07-06 12:00:00+00:00,34.15,15.928826,0.0,33.15,0.235
2024-07-06 13:00:00+00:00,34.65,11.16944,0.0,33.55,0.232
2024-07-06 14:00:00+00:00,33.9,11.312695,0.0,33.15,0.23
2024-07-06 15:00:00+00:00,32.05,30.68296,0.0,32.15,0.23
2024-07-06 16:00:00+00:00,28.1,38.244545,0.0,30.5,0.229
2024-07-06 17:00:00+00:00,24.6,27.45552,0.0,28.25,0.229
2024-07-06 18:00:00+00:00,22.45,49.459568,0.0,26.5,0.229
2024-07-06 19:00:00+00:00,24.55,39.30325,0.0,24.95,0.229
2024-07-06 20:00:00+00:00,21.45,49.51985,0.0,23.8,0.229
2024-07-06 21:00:00+00:00,23.5,42.284195,0.0,22.8,0.229
2024-07-06 22:00:00+00:00,21.25,49.963665,0.0,22.0,0.229
2024-07-06 23:00:00+00:00,18.95,59.15836,0.0,21.25,0.229
2024-07-07 00:00:00+00:00,17.7,63.769615,0.0,20.65,0.229
2024-07-07 01:00:00+00:00,18.6,58.485836,0.0,20.85,0.207
2024-07-07 02:00:00+00:00,18.05,61.761005,0.0,20.35,0.207
2024-07-07 03:00:00+00:00,19.1,61.391396,0.0,20.3,0.207
2024-07-07 04:00:00+00:00,21.8,50.94875,0.0,21.2,0.207
2024-07-07 05:00:00+00:00,23.6,45.22667,0.0,22.85,0.207
2024-07-07 06:00:00+00:00,25.8,37.850708,0.0,24.8,0.207
2024-07-07 07:00:00+00:00,27.7,34.07281,0.0,26.85,0.206
2024-07-07 08:00:00+00:00,29.45,30.678276,0.0,28.9,0.206
2024-07-07 09:00:00+00:00,30.35,29.034035,0.0,30.55,0.205
2024-07-07 10:00:00+00:00,31.5,27.371593,0.0,32.05,0.205
2024-07-07 11:00:00+00:00,31.95,27.2199,0.0,33.1,0.205
2024-07-07 12:00:00+00:00,29.65,30.835949,0.0,33.1,0.205
2024-07-07 13:00:00+00:00,32.65,16.672157,0.0,34.85,0.2
2024-07-07 14:00:00+00:00,32.15,17.330711,0.0,34.45,0.2
2024-07-07 15:00:00+00:00,31.4,22.870712,0.0,33.45,0.2
2024-07-07 16:00:00+00:00,28.95,25.790043,0.0,31.8,0.2
2024-07-07 17:00:00+00:00,26.2,31.447794,0.0,30.15,0.2
2024-07-07 18:00:00+00:00,23.85,46.66316,0.0,28.35,0.2
2024-07-07 19:00:00+00:00,22.0,50.49771,0.0,26.7,0.2
2024-07-07 20:00:00+00:00,21.2,54.451763,0.0,25.4,0.2
2024-07-07 21:00:00+00:00,22.55,44.0423,0.0,24.25,0.2
2024-07-07 22:00:00+00:00,20.05,56.174355,0.0,23.3,0.2
2024-07-07 23:00:00+00:00,18.6,61.478855,0.0,22.45,0.2
2024-07-08 00:00:00+00:00,18.0,63.836456,0.0,21.75,0.2
2024-07-08 01:00:00+00:00,17.45,70.37009,0.0,21.05,0.196
2024-07-08 02:00:00+00:00,16.8,73.8095,0.0,20.5,0.196
2024-07-08 03:00:00+00:00,18.3,65.831764,0.0,20.4,0.196
2024-07-08 04:00:00+00:00,19.85,58.983624,0.0,21.2,0.196
2024-07-08 05:00:00+00:00,21.85,51.983685,0.0,22.7,0.196
2024-07-08 06:00:00+00:00,24.05,46.410824,0.0,24.75,0.196
2024-07-08 07:00:00+00:00,26.25,40.17766,0.0,27.0,0.196
2024-07-08 08:00:00+00:00,28.1,35.45457,0.0,29.0,0.196
2024-07-08 09:00:00+00:00,29.75,31.799482,0.0,31.0,0.196
2024-07-08 10:00:00+00:00,30.5,30.058065,0.0,32.8,0.196
2024-07-08 11:00:00+00:00,31.15,27.644236,0.0,33.95,0.196
2024-07-08 12:00:00+00:00,30.5,27.011381,0.0,34.1,0.196
2024-07-08 13:00:00+00:00,29.3,27.700615,0.0,34.4,0.192
2024-07-08 14:00:00+00:00,25.25,43.198174,0.0,32.25,0.192
2024-07-08 15:00:00+00:00,26.15,39.8851,0.0,31.1,0.192
2024-07-08 16:00:00+00:00,24.75,42.916992,0.0,29.7,0.192
2024-07-08 17:00:00+00:00,24.25,43.062885,0.0,28.25,0.192
2024-07-08 18:00:00+00:00,23.05,47.6925,0.0,26.75,0.192
2024-07-08 19:00:00+00:00,22.6,50.824165,0.0,25.5,0.192
2024-07-08 20:00:00+00:00,21.05,59.077534,0.0,24.45,0.192
2024-07-08 21:00:00+00:00,20.25,61.05357,0.0,23.5,0.192
2024-07-08 22:00:00+00:00,20.9,54.195435,0.0,22.7,0.192
2024-07-08 23:00:00+00:00,19.05,63.439465,0.0,22.05,0.192
2024-07-09 00:00:00+00:00,19.5,57.738934,0.0,21.45,0.192
2024-07-09 01:00:00+00:00,17.15,82.26085,0.0,19.65,0.223
2024-07-09 02:00:00+00:00,15.9,89.93451,0.0,19.15,0.223
2024-07-09 03:00:00+00:00,17.5,83.10528,0.0,19.1,0.223
2024-07-09 04:00:00+00:00,19.0,73.71015,0.0,19.8,0.223
2024-07-09 05:00:00+00:00,20.6,64.6186,0.0,21.1,0.223
2024-07-09 06:00:00+00:00,22.65,58.503826,0.0,22.95,0.223
2024-07-09 07:00:00+00:00,24.85,51.248634,0.0,25.0,0.222
2024-07-09 08:00:00+00:00,27.35,43.35353,0.0,27.25,0.221
2024-07-09 09:00:00+00:00,28.55,37.747856,0.0,29.15,0.22
2024-07-09 10:00:00+00:00,29.85,32.35791,0.0,30.85,0.219
2024-07-09 11:00:00+00:00,30.35,30.926455,0.0,31.9,0.218
2024-07-09 12:00:00+00:00,28.55,33.301605,0.0,31.5,0.217
2024-07-09 13:00:00+00:00,26.05,49.130676,0.0,30.9,0.225
2024-07-09 14:00:00+00:00,26.9,41.568222,0.0,30.25,0.224
2024-07-09 15:00:00+00:00,26.75,40.58342,0.0,29.4,0.224
2024-07-09 16:00:00+00:00,25.45,49.44968,0.0,28.2,0.223
2024-07-09 17:00:00+00:00,22.55,61.981064,0.9,26.6,0.231
2024-07-09 18:00:00+00:00,21.3,77.223625,0.2,24.65,0.234
2024-07-09 19:00:00+00:00,20.2,83.15825,0.0,23.4,0.234
2024-07-09 20:00:00+00:00,22.0,67.036964,0.0,22.7,0.234
2024-07-09 21:00:00+00:00,21.55,67.16,0.0,22.0,0.234
2024-07-09 22:00:00+00:00,19.35,75.69744,0.0,21.25,0.234
2024-07-09 23:00:00+00:00,20.55,64.398056,0.0,20.65,0.234
2024-07-10 00:00:00+00:00,20.05,63.04042,0.0,20.05,0.234
2024-07-10 01:00:00+00:00,17.85,85.3116,1.5,20.25,0.241
2024-07-10 02:00:00+00:00,17.6,83.117134,0.0,19.65,0.242
2024-07-10 03:00:00+00:00,18.35,77.76778,0.0,19.4,0.242
2024-07-10 04:00:00+00:00,19.4,73.77931,0.0,19.9,0.242
2024-07-10 05:00:00+00:00,20.9,67.02667,0.0,21.2,0.241
2024-07-10 06:00:00+00:00,22.65,59.84367,0.0,22.9,0.241
2024-07-10 07:00:00+00:00,24.85,52.084595,0.0,25.05,0.24
2024-07-10 08:00:00+00:00,26.65,45.763428,0.0,27.15,0.239
2024-07-10 09:00:00+00:00,28.7,37.913452,0.0,29.2,0.237
2024-07-10 10:00:00+00:00,29.05,38.135105,0.0,30.7,0.236
2024-07-10 11:00:00+00:00,27.15,44.294025,0.0,30.95,0.235
2024-07-10 12:00:00+00:00,28.55,37.747856,0.0,31.65,0.233
2024-07-10 13:00:00+00:00,26.55,42.29478,0.0,30.0,0.246
2024-07-10 14:00:00+00:00,24.85,46.021336,0.0,29.5,0.245
2024-07-10 15:00:00+00:00,24.6,44.025597,0.0,28.45,0.244
2024-07-10 16:00:00+00:00,23.95,52.530083,0.0,27.3,0.244
2024-07-10 17:00:00+00:00,22.1,57.24195,0.0,25.8,0.244
2024-07-10 18:00:00+00:00,20.85,65.30468,0.0,24.6,0.243
2024-07-10 19:00:00+00:00,20.2,67.75549,0.0,23.6,0.243
2024-07-10 20:00:00+00:00,19.6,68.519325,0.0,22.7,0.243
2024-07-10 21:00:00+00:00,18.5,73.86292,0.0,21.9,0.243
2024-07-10 22:00:00+00:00,19.9,63.42078,0.0,21.2,0.243
2024-07-10 23:00:00+00:00,19.05,64.70428,0.0,20.6,0.243
2024-07-11 00:00:00+00:00,19.55,60.09193,0.0,20.0,0.243
2024-07-11 01:00:00+00:00,17.7,69.95651,0.0,19.55,0.241
2024-07-11 02:00:00+00:00,17.25,71.49988,0.0,19.05,0.241
2024-07-11 03:00:00+00:00,17.3,72.21811,0.0,19.05,0.241
2024-07-11 04:00:00+00:00,18.75,69.02296,0.0,19.9,0.241
2024-07-11 05:00:00+00:00,20.8,62.39031,0.0,21.45,0.241
2024-07-11 06:00:00+00:00,23.05,56.184696,0.0,23.4,0.24
2024-07-11 07:00:00+00:00,25.5,49.62332,0.0,25.6,0.239
2024-07-11 08:00:00+00:00,27.8,41.546658,0.0,27.65,0.237
2024-07-11 09:00:00+00:00,29.75,34.08126,0.0,29.35,0.236
2024-07-11 10:00:00+00:00,31.5,29.639992,0.0,30.8,0.234
2024-07-11 11:00:00+00:00,33.05,20.065874,0.0,32.05,0.233
2024-07-11 12:00:00+00:00,32.8,19.196264,0.0,32.55,0.231
2024-07-11 13:00:00+00:00,33.2,17.093645,0.0,32.55,0.23
2024-07-11 14:00:00+00:00,32.5,17.595562,0.0,32.05,0.229
2024-07-11 15:00:00+00:00,30.9,24.262962,0.0,31.0,0.228
2024-07-11 16:00:00+00:00,30.6,22.587091,0.0,29.7,0.228
2024-07-11 17:00:00+00:00,25.45,34.708923,0.0,27.95,0.228
2024-07-11 18:00:00+00:00,23.85,38.842606,0.0,26.45,0.228
2024-07-11 19:00:00+00:00,22.65,42.187206,0.0,25.2,0.228
2024-07-11 20:00:00+00:00,21.7,41.77721,0.0,24.1,0.227
2024-07-11 21:00:00+00:00,20.2,46.437958,0.0,23.15,0.227
2024-07-11 22:00:00+00:00,19.75,47.42745,0.0,22.3,0.227
2024-07-11 23:00:00+00:00,19.7,44.747337,0.0,21.45,0.227
2024-07-12 00:00:00+00:00,22.0,34.081104,0.0,20.75,0.227
2024-07-12 01:00:00+00:00,20.55,40.467426,0.0,20.15,0.23
2024-07-12 02:00:00+00:00,19.95,42.722794,0.0,19.7,0.23
2024-07-12 03:00:00+00:00,20.05,43.78726,0.0,19.7,0.23
2024-07-12 04:00:00+00:00,21.4,45.070084,0.0,20.65,0.23
2024-07-12 05:00:00+00:00,23.8,39.621292,0.0,22.3,0.229
2024-07-12 06:00:00+00:00,26.2,35.511375,0.0,24.45,0.228
2024-07-12 07:00:00+00:00,28.5,32.412777,0.0,26.7,0.227
2024-07-12 08:00:00+00:00,30.9,27.85459,0.0,29.0,0.226
2024-07-12 09:00:00+00:00,32.9,21.37082,0.0,31.1,0.224
2024-07-12 10:00:00+00:00,33.8,16.818752,0.0,32.85,0.223
2024-07-12 11:00:00+00:00,34.1,13.249587,0.0,34.1,0.221
2024-07-12 12:00:00+00:00,34.2,12.942873,0.0,34.65,0.22
2024-07-12 13:00:00+00:00,33.45,15.82783,0.0,34.55,0.22
2024-07-12 14:00:00+00:00,33.0,15.128491,0.0,34.05,0.219
2024-07-12 15:00:00+00:00,31.75,28.177696,0.0,32.95,0.219
2024-07-12 16:00:00+00:00,31.6,14.874799,0.0,31.3,0.219
2024-07-12 17:00:00+00:00,25.1,29.98382,0.0,29.1,0.218
2024-07-12 18:00:00+00:00,24.4,26.924778,0.0,27.35,0.218
2024-07-12 19:00:00+00:00,22.05,29.128342,0.0,25.9,0.218
2024-07-12 20:00:00+00:00,20.3,31.302996,0.0,24.55,0.218
2024-07-12 21:00:00+00:00,19.15,34.33982,0.0,23.35,0.218
2024-07-12 22:00:00+00:00,20.8,27.468819,0.0,22.3,0.218
2024-07-12 23:00:00+00:00,21.85,20.715067,0.0,21.45,0.217
2024-07-13 00:00:00+00:00,21.45,20.46026,0.0,20.75,0.217
2024-07-13 01:00:00+00:00,20.85,24.308664,0.0,20.45,0.217
2024-07-13 02:00:00+00:00,20.15,27.6829,0.0,19.9,0.217
2024-07-13 03:00:00+00:00,18.9,54.22338,0.0,19.85,0.217
2024-07-13 04:00:00+00:00,20.95,42.279697,0.0,20.8,0.217
2024-07-13 05:00:00+00:00,22.9,45.942547,0.0,22.5,0.216
2024-07-13 06:00:00+00:00,25.15,43.170433,0.0,24.7,0.216
2024-07-13 07:00:00+00:00,27.15,38.99395,0.0,27.05,0.215
2024-07-13 08:00:00+00:00,29.3,33.180027,0.0,29.45,0.214
2024-07-13 09:00:00+00:00,31.25,24.93789,0.0,31.65,0.213
2024-07-13 10:00:00+00:00,32.35,18.56588,0.0,33.35,0.212
2024-07-13 11:00:00+00:00,32.7,18.649658,0.0,34.35,0.211
2024-07-13 12:00:00+00:00,33.1,19.73737,0.0,34.9,0.21
2024-07-13 13:00:00+00:00,33.05,18.863113,0.0,34.9,0.209
2024-07-13 14:00:00+00:00,32.7,19.70737,0.0,34.35,0.209
2024-07-13 15:00:00+00:00,31.85,23.143108,0.0,33.3,0.209
2024-07-13 16:00:00+00:00,31.45,20.0168,0.0,31.85,0.208
2024-07-13 17:00:00+00:00,26.5,29.657784,0.0,29.8,0.208
2024-07-13 18:00:00+00:00,25.6,29.40761,0.0,28.2,0.208
2024-07-13 19:00:00+00:00,24.45,31.063448,0.0,26.9,0.208
2024-07-13 20:00:00+00:00,22.15,39.55514,0.0,25.7,0.208
2024-07-13 21:00:00+00:00,23.05,36.443954,0.0,24.5,0.208
2024-07-13 22:00:00+00:00,23.95,30.92263,0.0,23.55,0.208
2024-07-13 23:00:00+00:00,23.1,32.100685,0.0,22.75,0.208
2024-07-14 00:00:00+00:00,22.25,34.152588,0.0,22.05,0.208
2024-07-14 01:00:00+00:00,22.25,39.31502,0.0,22.3,0.201
2024-07-14 02:00:00+00:00,21.4,42.840908,0.0,21.7,0.201
2024-07-14 03:00:00+00:00,20.5,64.177986,0.0,21.6,0.201
2024-07-14 04:00:00+00:00,22.1,50.190834,0.0,22.45,0.201
2024-07-14 05:00:00+00:00,24.1,48.451202,0.0,24.1,0.201
2024-07-14 06:00:00+00:00,26.1,45.465397,0.0,26.25,0.201
2024-07-14 07:00:00+00:00,28.25,40.73493,0.0,28.6,0.201
2024-07-14 08:00:00+00:00,30.15,34.417152,0.0,30.85,0.201
2024-07-14 09:00:00+00:00,31.4,26.445827,0.0,32.85,0.201
2024-07-14 10:00:00+00:00,32.0,23.103388,0.0,34.35,0.2
2024-07-14 11:00:00+00:00,32.25,22.62498,0.0,34.9,0.2
2024-07-14 12:00:00+00:00,32.2,22.920933,0.0,35.35,0.2
2024-07-14 13:00:00+00:00,33.65,18.113691,0.0,34.85,0.2
2024-07-14 14:00:00+00:00,32.6,20.161917,0.0,33.9,0.2
2024-07-14 15:00:00+00:00,32.5,29.233418,0.0,33.25,0.2
2024-07-14 16:00:00+00:00,29.55,23.501715,0.0,31.85,0.2
2024-07-14 17:00:00+00:00,26.95,31.444288,0.0,30.25,0.2
2024-07-14 18:00:00+00:00,25.45,36.263138,0.0,28.9,0.2
2024-07-14 19:00:00+00:00,24.5,42.705437,0.0,27.7,0.2
2024-07-14 20:00:00+00:00,24.75,40.15666,0.0,26.45,0.2
2024-07-14 21:00:00+00:00,24.05,41.320248,0.0,25.35,0.2
2024-07-14 22:00:00+00:00,22.95,44.598423,0.0,24.4,0.2
2024-07-14 23:00:00+00:00,22.0,47.883224,0.0,23.6,0.2
2024-07-15 00:00:00+00:00,20.1,57.885994,0.0,22.85,0.2
2024-07-15 01:00:00+00:00,21.1,51.10219,0.0,22.75,0.188
2024-07-15 02:00:00+00:00,20.25,55.30006,0.0,22.1,0.188
2024-07-15 03:00:00+00:00,20.2,60.04771,0.0,21.9,0.188
2024-07-15 04:00:00+00:00,21.9,52.861824,0.0,22.7,0.188
2024-07-15 05:00:00+00:00,23.8,50.476295,0.0,24.2,0.188
2024-07-15 06:00:00+00:00,25.75,46.568874,0.0,26.15,0.188
2024-07-15 07:00:00+00:00,27.95,40.65167,0.0,28.45,0.188
2024-07-15 08:00:00+00:00,29.4,36.408554,0.0,30.55,0.188
2024-07-15 09:00:00+00:00,30.9,29.77085,0.0,32.75,0.188
2024-07-15 10:00:00+00:00,31.5,25.003824,0.0,34.2,0.188
2024-07-15 11:00:00+00:00,32.05,24.154339,0.0,35.4,0.188
2024-07-15 12:00:00+00:00,32.6,24.216383,0.0,36.15,0.188
2024-07-15 13:00:00+00:00,32.55,23.323687,0.0,35.3,0.195
2024-07-15 14:00:00+00:00,31.9,24.360413,0.0,34.9,0.195
2024-07-15 15:00:00+00:00,31.05,24.801125,0.0,33.9,0.195
2024-07-15 16:00:00+00:00,29.15,28.226225,0.0,32.35,0.195
2024-07-15 17:00:00+00:00,27.2,29.649807,0.0,30.55,0.195
2024-07-15 18:00:00+00:00,26.3,34.714993,0.0,29.3,0.195
2024-07-15 19:00:00+00:00,24.8,41.11845,0.0,28.1,0.195
2024-07-15 20:00:00+00:00,24.05,43.00714,0.0,27.0,0.195
2024-07-15 21:00:00+00:00,22.25,54.898228,0.0,25.95,0.195
2024-07-15 22:00:00+00:00,23.6,45.22667,0.0,25.0,0.195
2024-07-15 23:00:00+00:00,22.65,48.379467,0.0,24.15,0.195
2024-07-16 00:00:00+00:00,21.95,50.81995,0.0,23.4,0.195
2024-07-16 01:00:00+00:00,20.8,55.256226,0.0,22.45,0.204
2024-07-16 02:00:00+00:00,20.55,56.48576,0.0,22.05,0.204
2024-07-16 03:00:00+00:00,20.25,60.257183,0.0,21.95,0.204
2024-07-16 04:00:00+00:00,21.55,57.10691,0.0,22.7,0.204
2024-07-16 05:00:00+00:00,23.35,55.354584,0.0,24.2,0.204
2024-07-16 06:00:00+00:00,25.35,50.719597,0.0,26.1,0.204
2024-07-16 07:00:00+00:00,27.4,45.23137,0.0,28.1,0.204
2024-07-16 08:00:00+00:00,29.2,39.05532,0.0,30.25,0.203
2024-07-16 09:00:00+00:00,30.85,32.52787,0.0,32.25,0.203
2024-07-16 10:00:00+00:00,32.0,30.769932,0.0,34.05,0.203
2024-07-16 11:00:00+00:00,32.7,28.15473,0.0,35.15,0.202
2024-07-16 12:00:00+00:00,33.15,26.036846,0.0,35.75,0.202
2024-07-16 13:00:00+00:00,33.6,22.210985,0.0,35.5,0.205
2024-07-16 14:00:00+00:00,32.6,23.101591,0.0,34.65,0.205
2024-07-16 15:00:00+00:00,31.75,24.239225,0.0,33.45,0.204
2024-07-16 16:00:00+00:00,29.9,31.317932,0.0,32.15,0.204
2024-07-16 17:00:00+00:00,26.7,33.565754,0.0,30.3,0.204
2024-07-16 18:00:00+00:00,25.35,38.104267,0.0,28.75,0.204
2024-07-16 19:00:00+00:00,24.6,40.383266,0.0,27.35,0.204
2024-07-16 20:00:00+00:00,26.2,31.986418,0.0,26.15,0.204
2024-07-16 21:00:00+00:00,25.0,35.053432,0.0,25.15,0.204
2024-07-16 22:00:00+00:00,23.85,37.679596,0.0,24.3,0.204
2024-07-16 23:00:00+00:00,22.6,42.17313,0.0,23.55,0.204
2024-07-17 00:00:00+00:00,22.25,42.502853,0.0,22.85,0.204
2024-07-17 01:00:00+00:00,20.3,54.94682,0.0,22.85,0.206
2024-07-17 02:00:00+00:00,21.3,48.986347,0.0,22.3,0.206
2024-07-17 03:00:00+00:00,20.5,61.714336,0.0,22.1,0.206
2024-07-17 04:00:00+00:00,22.15,52.92662,0.0,22.85,0.206
2024-07-17 05:00:00+00:00,24.15,50.076103,0.0,24.45,0.206
2024-07-17 06:00:00+00:00,26.35,45.681805,0.0,26.5,0.206
2024-07-17 07:00:00+00:00,28.6,39.655823,0.0,28.85,0.205
2024-07-17 08:00:00+00:00,30.55,30.574257,0.0,31.05,0.205
2024-07-17 09:00:00+00:00,31.75,23.512613,0.0,32.7,0.205
2024-07-17 10:00:00+00:00,32.6,22.485115,0.0,33.95,0.204
2024-07-17 11:00:00+00:00,33.55,21.533924,0.0,34.85,0.204
2024-07-17 12:00:00+00:00,33.7,21.644554,0.0,35.15,0.203
2024-07-17 13:00:00+00:00,33.95,19.474648,0.0,35.15,0.204
2024-07-17 14:00:00+00:00,33.3,20.754305,0.0,34.35,0.203
2024-07-17 15:00:00+00:00,32.7,19.979939,0.0,33.65,0.203
2024-07-17 16:00:00+00:00,29.95,25.706938,0.0,32.25,0.203
2024-07-17 17:00:00+00:00,27.05,30.527683,0.0,30.25,0.203
2024-07-17 18:00:00+00:00,26.25,27.338257,0.0,28.8,0.203
2024-07-17 19:00:00+00:00,24.3,32.664043,0.0,27.6,0.203
2024-07-17 20:00:00+00:00,22.6,43.90879,0.0,26.4,0.203
2024-07-17 21:00:00+00:00,23.3,39.613277,0.0,25.3,0.203
2024-07-17 22:00:00+00:00,22.2,42.63242,0.0,24.4,0.203
2024-07-17 23:00:00+00:00,23.55,35.60238,0.0,23.6,0.203
2024-07-18 00:00:00+00:00,21.95,40.727207,0.0,22.9,0.203
2024-07-18 01:00:00+00:00,19.1,62.41353,0.0,22.95,0.205
2024-07-18 02:00:00+00:00,20.7,52.724415,0.0,22.3,0.205
2024-07-18 03:00:00+00:00,20.35,55.50912,0.0,22.15,0.205
2024-07-18 04:00:00+00:00,21.4,54.863182,0.0,22.85,0.205
2024-07-18 05:00:00+00:00,23.4,51.876858,0.0,24.35,0.205
2024-07-18 06:00:00+00:00,25.2,47.030117,0.0,26.25,0.205
2024-07-18 07:00:00+00:00,27.0,43.116543,0.0,28.05,0.205
2024-07-18 08:00:00+00:00,29.1,37.166355,0.0,30.2,0.204
2024-07-18 09:00:00+00:00,30.75,31.139168,0.0,32.2,0.204
2024-07-18 10:00:00+00:00,32.2,25.188353,0.0,34.0,0.204
2024-07-18 11:00:00+00:00,33.35,22.906502,0.0,35.2,0.203
2024-07-18 12:00:00+00:00,33.9,21.768053,0.0,35.8,0.203
2024-07-18 13:00:00+00:00,32.85,20.99777,0.0,35.5,0.202
2024-07-18 14:00:00+00:00,32.15,20.966295,0.0,34.75,0.202
2024-07-18 15:00:00+00:00,30.2,26.213322,0.0,33.5,0.202
2024-07-18 16:00:00+00:00,29.0,31.381649,0.0,32.1,0.202
2024-07-18 17:00:00+00:00,27.3,31.118973,0.0,30.45,0.202
2024-07-18 18:00:00+00:00,26.25,39.38862,0.0,29.0,0.202
2024-07-18 19:00:00+00:00,26.0,39.05844,0.0,27.75,0.202
2024-07-18 20:00:00+00:00,23.85,49.99657,0.0,26.6,0.202
2024-07-18 21:00:00+00:00,23.7,47.241802,0.0,25.6,0.202
2024-07-18 22:00:00+00:00,22.5,51.471733,0.0,24.7,0.202
2024-07-18 23:00:00+00:00,21.6,54.733536,0.0,23.9,0.202
2024-07-19 00:00:00+00:00,20.9,57.322582,0.0,23.2,0.202
2024-07-19 01:00:00+00:00,19.4,66.93436,0.0,22.8,0.202
2024-07-19 02:00:00+00:00,19.8,63.60649,0.0,22.25,0.202
2024-07-19 03:00:00+00:00,19.25,68.00445,0.0,22.1,0.202
2024-07-19 04:00:00+00:00,20.55,63.77251,0.0,22.75,0.202
2024-07-19 05:00:00+00:00,22.25,56.168953,0.0,24.2,0.202
2024-07-19 06:00:00+00:00,24.05,51.205822,0.0,26.1,0.202
2024-07-19 07:00:00+00:00,26.4,43.94463,0.0,28.3,0.202
2024-07-19 08:00:00+00:00,28.65,36.678024,0.0,30.5,0.201
2024-07-19 09:00:00+00:00,30.25,32.149258,0.0,32.55,0.201
2024-07-19 10:00:00+00:00,31.2,29.363039,0.0,34.25,0.201
2024-07-19 11:00:00+00:00,31.65,28.338062,0.0,35.45,0.201
2024-07-19 12:00:00+00:00,32.3,27.404512,0.0,36.2,0.201
2024-07-19 13:00:00+00:00,31.8,29.23582,0.0,35.7,0.201
2024-07-19 14:00:00+00:00,30.6,30.58799,0.0,34.8,0.201
2024-07-19 15:00:00+00:00,30.35,29.917324,0.0,33.8,0.201
2024-07-19 16:00:00+00:00,27.75,34.08682,0.0,32.25,0.201
2024-07-19 17:00:00+00:00,24.9,47.25696,0.0,30.45,0.201
2024-07-19 18:00:00+00:00,23.95,55.863945,0.0,28.9,0.201
2024-07-19 19:00:00+00:00,23.3,55.88324,0.0,27.55,0.201
2024-07-19 20:00:00+00:00,22.6,57.925613,0.0,26.45,0.201
2024-07-19 21:00:00+00:00,23.4,50.041035,0.0,25.5,0.201
2024-07-19 22:00:00+00:00,22.6,53.217133,0.0,24.7,0.201
2024-07-19 23:00:00+00:00,21.75,56.228367,0.0,23.9,0.201
2024-07-20 00:00:00+00:00,20.9,59.429737,0.0,23.3,0.201
2024-07-20 01:00:00+00:00,19.75,74.795425,0.0,23.65,0.2
2024-07-20 02:00:00+00:00,19.2,78.39699,0.1,23.1,0.201
2024-07-20 03:00:00+00:00,19.55,70.99887,0.0,22.85,0.201
2024-07-20 04:00:00+00:00,20.4,65.84699,0.0,23.15,0.201
2024-07-20 05:00:00+00:00,21.6,60.77061,0.0,24.15,0.201
2024-07-20 06:00:00+00:00,22.95,56.525757,0.0,25.55,0.202
2024-07-20 07:00:00+00:00,24.95,48.520775,0.0,27.35,0.201
2024-07-20 08:00:00+00:00,26.4,43.516273,0.0,29.15,0.201
2024-07-20 09:00:00+00:00,27.55,40.276234,0.0,30.75,0.201
2024-07-20 10:00:00+00:00,29.1,36.206055,0.0,32.35,0.201
2024-07-20 11:00:00+00:00,29.55,34.932034,0.0,33.7,0.201
2024-07-20 12:00:00+00:00,30.3,33.02126,0.0,34.4,0.201
2024-07-20 13:00:00+00:00,30.2,33.982964,0.0,34.55,0.201
2024-07-20 14:00:00+00:00,23.8,61.2773,2.8,32.0,0.233
2024-07-20 15:00:00+00:00,25.05,48.389732,0.0,30.0,0.233
2024-07-20 16:00:00+00:00,24.75,53.24954,0.0,28.6,0.232
2024-07-20 17:00:00+00:00,23.1,58.04646,0.0,27.15,0.232
2024-07-20 18:00:00+00:00,22.2,62.10174,0.0,25.9,0.232
2024-07-20 19:00:00+00:00,22.2,59.544357,0.0,24.95,0.232
2024-07-20 20:00:00+00:00,21.05,64.090096,0.0,24.1,0.232
2024-07-20 21:00:00+00:00,20.6,65.88925,0.0,23.4,0.232
2024-07-20 22:00:00+00:00,19.35,74.24827,0.0,22.75,0.232
2024-07-20 23:00:00+00:00,20.4,66.70706,0.0,22.15,0.232
2024-07-21 00:00:00+00:00,19.0,72.76126,0.0,21.65,0.232
2024-07-21 01:00:00+00:00,18.55,72.44478,0.0,21.9,0.204
2024-07-21 02:00:00+00:00,18.4,72.41771,0.0,21.3,0.204
2024-07-21 03:00:00+00:00,18.25,74.060265,0.0,21.05,0.204
2024-07-21 04:00:00+00:00,19.6,65.67716,0.0,21.75,0.204
2024-07-21 05:00:00+00:00,21.45,55.60283,0.0,23.2,0.204
2024-07-21 06:00:00+00:00,23.3,50.344013,0.0,25.2,0.204
2024-07-21 07:00:00+00:00,25.35,45.112247,0.0,27.4,0.204
2024-07-21 08:00:00+00:00,27.45,39.33535,0.0,29.65,0.203
2024-07-21 09:00:00+00:00,29.15,34.47818,0.0,31.75,0.203
2024-07-21 10:00:00+00:00,30.25,31.41458,0.0,33.6,0.203
2024-07-21 11:00:00+00:00,31.2,26.481022,0.0,35.0,0.202
2024-07-21 12:00:00+00:00,31.85,21.10742,0.0,35.65,0.202
2024-07-21 13:00:00+00:00,31.15,22.191,0.0,35.5,0.202
2024-07-21 14:00:00+00:00,31.05,22.394386,0.0,34.9,0.202
2024-07-21 15:00:00+00:00,30.85,23.4386,0.0,33.85,0.202
2024-07-21 16:00:00+00:00,30.1,22.613596,0.0,32.2,0.202
2024-07-21 17:00:00+00:00,28.75,25.2996,0.0,30.15,0.202
2024-07-21 18:00:00+00:00,27.95,26.778292,0.0,28.45,0.202
2024-07-21 19:00:00+00:00,23.35,42.24211,0.0,27.05,0.202
2024-07-21 20:00:00+00:00,22.85,47.32325,0.0,25.9,0.202
2024-07-21 21:00:00+00:00,21.65,50.237404,0.0,24.9,0.202
2024-07-21 22:00:00+00:00,22.6,45.25158,0.0,24.05,0.202
2024-07-21 23:00:00+00:00,22.55,43.74783,0.0,23.25,0.202
2024-07-22 00:00:00+00:00,21.5,46.483723,0.0,22.6,0.202
2024-07-22 01:00:00+00:00,20.55,51.12675,0.0,22.65,0.198
2024-07-22 02:00:00+00:00,20.15,52.40522,0.0,22.0,0.198
2024-07-22 03:00:00+00:00,19.55,63.969185,0.0,21.75,0.198
2024-07-22 04:00:00+00:00,20.95,53.494774,0.0,22.5,0.199
2024-07-22 05:00:00+00:00,22.85,49.240532,0.0,24.05,0.199
2024-07-22 06:00:00+00:00,24.85,44.38645,0.0,26.15,0.199
2024-07-22 07:00:00+00:00,26.95,40.240894,0.0,28.45,0.199
2024-07-22 08:00:00+00:00,29.1,35.73415,0.0,30.9,0.199
2024-07-22 09:00:00+00:00,30.85,28.88099,0.0,33.1,0.198
2024-07-22 10:00:00+00:00,31.8,26.025515,0.0,34.8,0.198
2024-07-22 11:00:00+00:00,32.3,24.879059,0.0,35.95,0.198
2024-07-22 12:00:00+00:00,32.8,23.864782,0.0,36.65,0.198
2024-07-22 13:00:00+00:00,32.45,22.446835,0.0,36.6,0.198
2024-07-22 14:00:00+00:00,32.15,21.182665,0.0,36.0,0.198
2024-07-22 15:00:00+00:00,31.4,23.105505,0.0,34.85,0.198
2024-07-22 16:00:00+00:00,29.05,43.959785,0.0,33.15,0.198
2024-07-22 17:00:00+00:00,26.8,29.741076,0.0,31.05,0.198
2024-07-22 18:00:00+00:00,24.6,39.847168,0.0,29.4,0.198
2024-07-22 19:00:00+00:00,24.1,39.97345,0.0,27.9,0.198
2024-07-22 20:00:00+00:00,25.0,35.291454,0.0,26.65,0.198
2024-07-22 21:00:00+00:00,22.15,43.93063,0.0,25.55,0.198
2024-07-22 22:00:00+00:00,21.55,43.762684,0.0,24.75,0.198
2024-07-22 23:00:00+00:00,23.5,35.831924,0.0,23.95,0.198
2024-07-23 00:00:00+00:00,22.7,37.865562,0.0,23.2,0.198
2024-07-23 01:00:00+00:00,22.3,43.385105,0.0,23.6,0.192
2024-07-23 02:00:00+00:00,21.65,45.750813,0.0,22.9,0.192
2024-07-23 03:00:00+00:00,20.6,60.93508,0.0,22.6,0.192
2024-07-23 04:00:00+00:00,22.2,48.41833,0.0,23.35,0.193
2024-07-23 05:00:00+00:00,24.15,44.78207,0.0,24.85,0.193
2024-07-23 06:00:00+00:00,26.3,39.795437,0.0,26.95,0.193
2024-07-23 07:00:00+00:00,28.35,36.354034,0.0,29.35,0.193
2024-07-23 08:00:00+00:00,30.35,32.389603,0.0,31.8,0.193
2024-07-23 09:00:00+00:00,31.9,27.570633,0.0,34.0,0.192
2024-07-23 10:00:00+00:00,32.85,25.107141,0.0,35.75,0.192
2024-07-23 11:00:00+00:00,33.85,23.34484,0.0,36.95,0.192
2024-07-23 12:00:00+00:00,34.25,21.63669,0.0,37.55,0.192
2024-07-23 13:00:00+00:00,33.95,22.75317,0.0,37.1,0.192
2024-07-23 14:00:00+00:00,33.7,22.161572,0.0,36.5,0.192
2024-07-23 15:00:00+00:00,32.55,22.7787,0.0,35.35,0.192
2024-07-23 16:00:00+00:00,29.75,44.291035,0.0,33.7,0.192
2024-07-23 17:00:00+00:00,27.85,30.646585,0.0,31.75,0.192
2024-07-23 18:00:00+00:00,26.7,31.910078,0.0,30.25,0.192
2024-07-23 19:00:00+00:00,25.45,34.59184,0.0,28.9,0.192
2024-07-23 20:00:00+00:00,24.55,37.623947,0.0,27.6,0.192
2024-07-23 21:00:00+00:00,23.4,37.67941,0.0,26.5,0.192
2024-07-23 22:00:00+00:00,23.25,39.199554,0.0,25.55,0.192
2024-07-23 23:00:00+00:00,23.8,34.71292,0.0,24.7,0.192
2024-07-24 00:00:00+00:00,23.05,37.452053,0.0,23.95,0.192
2024-07-24 01:00:00+00:00,22.75,37.87981,0.0,24.3,0.18
2024-07-24 02:00:00+00:00,21.95,39.904167,0.0,23.55,0.18
2024-07-24 03:00:00+00:00,20.75,59.784584,0.0,23.15,0.18
2024-07-24 04:00:00+00:00,22.2,43.64996,0.0,23.8,0.18
2024-07-24 05:00:00+00:00,24.1,40.37749,0.0,25.25,0.18
2024-07-24 06:00:00+00:00,26.15,35.1418,0.0,27.25,0.18
2024-07-24 07:00:00+00:00,28.1,31.552706,0.0,29.6,0.18
2024-07-24 08:00:00+00:00,29.95,29.118937,0.0,31.95,0.18
2024-07-24 09:00:00+00:00,31.5,26.828993,0.0,34.1,0.18
2024-07-24 10:00:00+00:00,32.85,24.200281,0.0,35.75,0.18
2024-07-24 11:00:00+00:00,33.85,21.755484,0.0,36.8,0.18
2024-07-24 12:00:00+00:00,34.15,20.683556,0.0,37.25,0.18
2024-07-24 13:00:00+00:00,34.05,17.470463,0.0,36.9,0.182
2024-07-24 14:00:00+00:00,32.55,20.011738,0.0,36.05,0.182
2024-07-24 15:00:00+00:00,30.95,21.988493,0.0,34.8,0.182
2024-07-24 16:00:00+00:00,29.25,23.342741,0.0,33.15,0.182
2024-07-24 17:00:00+00:00,25.95,32.57322,0.0,31.15,0.182
2024-07-24 18:00:00+00:00,25.75,29.247532,0.0,29.5,0.182
2024-07-24 19:00:00+00:00,23.5,38.612553,0.0,28.05,0.182
2024-07-24 20:00:00+00:00,22.45,43.13605,0.0,26.85,0.182
2024-07-24 21:00:00+00:00,21.25,51.312263,0.0,25.8,0.182
2024-07-24 22:00:00+00:00,22.6,42.45813,0.0,24.85,0.182
2024-07-24 23:00:00+00:00,22.0,44.48341,0.0,24.0,0.182
2024-07-25 00:00:00+00:00,21.3,46.584915,0.0,23.25,0.182
2024-07-25 01:00:00+00:00,21.05,49.412186,0.0,22.6,0.173
2024-07-25 02:00:00+00:00,20.3,51.921635,0.0,22.05,0.173
2024-07-25 03:00:00+00:00,19.3,68.68277,0.0,21.8,0.173
2024-07-25 04:00:00+00:00,20.85,52.413944,0.0,22.55,0.173
2024-07-25 05:00:00+00:00,22.9,44.88323,0.0,24.15,0.173
2024-07-25 06:00:00+00:00,24.6,40.383266,0.0,26.2,0.173
2024-07-25 07:00:00+00:00,26.7,36.010895,0.0,28.5,0.173
2024-07-25 08:00:00+00:00,28.8,31.641579,0.0,30.9,0.173
2024-07-25 09:00:00+00:00,30.4,28.471643,0.0,33.1,0.173
2024-07-25 10:00:00+00:00,31.55,26.046186,0.0,35.0,0.173
2024-07-25 11:00:00+00:00,32.4,24.245628,0.0,36.35,0.173
2024-07-25 12:00:00+00:00,32.7,22.971752,0.0,36.75,0.173
2024-07-25 13:00:00+00:00,31.55,25.612913,0.0,36.9,0.174
2024-07-25 14:00:00+00:00,31.85,24.183638,0.0,36.2,0.174
2024-07-25 15:00:00+00:00,31.25,24.10851,0.0,34.95,0.174
2024-07-25 16:00:00+00:00,29.7,26.346018,0.0,33.4,0.174
2024-07-25 17:00:00+00:00,28.6,26.139517,0.0,31.45,0.174
2024-07-25 18:00:00+00:00,24.95,38.633175,0.0,29.7,0.174
2024-07-25 19:00:00+00:00,23.7,39.860447,0.0,28.25,0.174
2024-07-25 20:00:00+00:00,25.1,32.555378,0.0,27.0,0.174
2024-07-25 21:00:00+00:00,25.7,32.83577,0.0,25.9,0.174
2024-07-25 22:00:00+00:00,24.35,36.196022,0.0,24.95,0.175
2024-07-25 23:00:00+00:00,22.3,41.523476,0.0,24.1,0.175
2024-07-26 00:00:00+00:00,21.45,44.1804,0.0,23.35,0.175
2024-07-26 01:00:00+00:00,22.2,47.61949,0.0,23.05,0.176
2024-07-26 02:00:00+00:00,21.1,51.10219,0.0,22.45,0.176
2024-07-26 03:00:00+00:00,20.8,52.57543,0.0,22.25,0.176
2024-07-26 04:00:00+00:00,22.55,54.79473,0.0,23.1,0.176
2024-07-26 05:00:00+00:00,24.85,53.275085,0.0,24.7,0.176
2024-07-26 06:00:00+00:00,27.2,45.469967,0.0,26.85,0.176
2024-07-26 07:00:00+00:00,29.85,32.03854,0.0,29.3,0.176
2024-07-26 08:00:00+00:00,31.5,25.257662,0.0,31.5,0.176
2024-07-26 09:00:00+00:00,32.95,16.624212,0.0,33.85,0.176
2024-07-26 10:00:00+00:00,33.6,15.69543,0.0,35.65,0.176
2024-07-26 11:00:00+00:00,33.75,15.079676,0.0,36.75,0.176
2024-07-26 12:00:00+00:00,33.7,15.553185,0.0,37.25,0.176
2024-07-26 13:00:00+00:00,33.2,16.449791,0.0,37.05,0.176
2024-07-26 14:00:00+00:00,33.15,15.595276,0.0,36.4,0.176
2024-07-26 15:00:00+00:00,32.1,16.430048,0.0,35.1,0.176
2024-07-26 16:00:00+00:00,30.4,20.035275,0.0,33.65,0.176
2024-07-26 17:00:00+00:00,26.2,28.773985,0.0,31.5,0.176
2024-07-26 18:00:00+00:00,25.15,26.476343,0.0,29.8,0.176
2024-07-26 19:00:00+00:00,23.55,28.937014,0.0,28.4,0.176
2024-07-26 20:00:00+00:00,22.85,31.5875,0.0,27.25,0.176
2024-07-26 21:00:00+00:00,21.8,36.58778,0.0,26.25,0.176
2024-07-26 22:00:00+00:00,20.65,43.3619,0.0,25.25,0.176
2024-07-26 23:00:00+00:00,21.0,42.728046,0.0,24.35,0.176
2024-07-27 00:00:00+00:00,20.9,42.265553,0.0,23.55,0.176
2024-07-27 01:00:00+00:00,21.8,38.919746,0.0,23.3,0.176
2024-07-27 02:00:00+00:00,21.25,40.38994,0.0,22.75,0.176
2024-07-27 03:00:00+00:00,20.15,54.90863,0.0,22.5,0.176
2024-07-27 04:00:00+00:00,21.65,42.47751,0.0,23.1,0.176
2024-07-27 05:00:00+00:00,23.6,40.644215,0.0,24.6,0.176
2024-07-27 06:00:00+00:00,25.5,36.644543,0.0,26.6,0.176
2024-07-27 07:00:00+00:00,27.35,31.984072,0.0,28.8,0.176
2024-07-27 08:00:00+00:00,28.7,29.167599,0.0,30.7,0.176
2024-07-27 09:00:00+00:00,29.9,27.491087,0.0,32.35,0.176
2024-07-27 10:00:00+00:00,31.2,25.09354,0.0,33.8,0.176
2024-07-27 11:00:00+00:00,32.3,22.25689,0.0,35.0,0.176
2024-07-27 12:00:00+00:00,32.65,20.174227,0.0,35.75,0.176
2024-07-27 13:00:00+00:00,31.9,21.411243,0.0,35.7,0.174
2024-07-27 14:00:00+00:00,31.35,21.272694,0.0,35.1,0.174
2024-07-27 15:00:00+00:00,30.4,21.106405,0.0,33.95,0.174
2024-07-27 16:00:00+00:00,28.9,24.233969,0.0,32.5,0.174
2024-07-27 17:00:00+00:00,26.05,30.352674,0.0,30.8,0.174
2024-07-27 18:00:00+00:00,23.85,36.05397,0.0,29.0,0.174
2024-07-27 19:00:00+00:00,23.05,34.61817,0.0,27.55,0.174
2024-07-27 20:00:00+00:00,22.25,35.353085,0.0,26.35,0.175
2024-07-27 21:00:00+00:00,21.6,41.045063,0.0,25.45,0.175
2024-07-27 22:00:00+00:00,20.85,53.29181,0.0,24.8,0.175
2024-07-27 23:00:00+00:00,20.05,55.617733,0.0,24.15,0.175
2024-07-28 00:00:00+00:00,19.45,55.28107,0.0,23.5,0.175
2024-07-28 01:00:00+00:00,19.1,59.194477,0.0,23.6,0.174
2024-07-28 02:00:00+00:00,19.7,49.21279,0.0,22.8,0.174
2024-07-28 03:00:00+00:00,19.1,66.87208,0.0,22.35,0.174
2024-07-28 04:00:00+00:00,20.4,48.090218,0.0,22.85,0.174
2024-07-28 05:00:00+00:00,21.8,42.376083,0.0,24.1,0.174
2024-07-28 06:00:00+00:00,23.45,38.59835,0.0,25.95,0.174
2024-07-28 07:00:00+00:00,25.55,34.38698,0.0,28.1,0.174
2024-07-28 08:00:00+00:00,27.65,29.373333,0.0,30.3,0.174
2024-07-28 09:00:00+00:00,29.3,25.44643,0.0,32.25,0.174
2024-07-28 10:00:00+00:00,29.8,24.139103,0.0,33.5,0.174
2024-07-28 11:00:00+00:00,30.5,22.330084,0.0,34.45,0.174
2024-07-28 12:00:00+00:00,30.7,21.69957,0.0,34.95,0.174
2024-07-28 13:00:00+00:00,30.05,21.534452,0.0,34.75,0.174
2024-07-28 14:00:00+00:00,29.7,20.712397,0.0,34.15,0.174
2024-07-28 15:00:00+00:00,28.85,20.934689,0.0,33.05,0.174
2024-07-28 16:00:00+00:00,28.1,21.943857,0.0,31.55,0.174
2024-07-28 17:00:00+00:00,26.2,27.324554,0.0,29.95,0.174
2024-07-28 18:00:00+00:00,24.65,32.317486,0.0,28.55,0.174
2024-07-28 19:00:00+00:00,23.25,37.764828,0.0,27.3,0.174
2024-07-28 20:00:00+00:00,21.7,42.780365,0.0,26.1,0.174
2024-07-28 21:00:00+00:00,20.05,51.855667,0.0,24.95,0.174
2024-07-28 22:00:00+00:00,21.2,43.076065,0.0,23.85,0.174
2024-07-28 23:00:00+00:00,20.4,45.09635,0.0,22.9,0.174
2024-07-29 00:00:00+00:00,17.4,56.07047,0.0,22.05,0.174
2024-07-29 01:00:00+00:00,17.0,56.73343,0.0,22.15,0.174
2024-07-29 02:00:00+00:00,16.55,56.23604,0.0,21.4,0.174
2024-07-29 03:00:00+00:00,17.15,55.064674,0.0,20.95,0.174
2024-07-29 04:00:00+00:00,19.2,48.41504,0.0,21.45,0.174
2024-07-29 05:00:00+00:00,21.2,42.93007,0.0,22.95,0.174
2024-07-29 06:00:00+00:00,23.75,36.27152,0.0,24.85,0.174
2024-07-29 07:00:00+00:00,25.7,30.04821,0.0,26.85,0.174
2024-07-29 08:00:00+00:00,27.35,26.251513,0.0,28.9,0.174
2024-07-29 09:00:00+00:00,28.85,23.158083,0.0,30.9,0.174
2024-07-29 10:00:00+00:00,30.05,21.091265,0.0,32.6,0.174
2024-07-29 11:00:00+00:00,30.9,19.743435,0.0,33.85,0.174
2024-07-29 12:00:00+00:00,31.3,18.637602,0.0,34.5,0.174
2024-07-29 13:00:00+00:00,30.2,23.752554,0.0,34.35,0.174
2024-07-29 14:00:00+00:00,29.7,23.139742,0.0,33.75,0.174
2024-07-29 15:00:00+00:00,28.65,23.105936,0.0,32.6,0.174
2024-07-29 16:00:00+00:00,27.2,24.971899,0.0,31.1,0.174
2024-07-29 17:00:00+00:00,25.4,28.849993,0.0,29.45,0.174
2024-07-29 18:00:00+00:00,23.95,32.009148,0.0,28.0,0.174
2024-07-29 19:00:00+00:00,22.15,37.837914,0.0,26.65,0.174
2024-07-29 20:00:00+00:00,20.7,43.97015,0.0,25.35,0.174
2024-07-29 21:00:00+00:00,19.85,48.102158,0.0,24.25,0.174
2024-07-29 22:00:00+00:00,19.3,50.45149,0.0,23.25,0.174
2024-07-29 23:00:00+00:00,18.45,53.381634,0.0,22.4,0.174
2024-07-30 00:00:00+00:00,17.55,56.679916,0.0,21.65,0.174
2024-07-30 01:00:00+00:00,18.3,57.63567,0.0,21.55,0.174
2024-07-30 02:00:00+00:00,18.8,54.19755,0.0,20.85,0.174
2024-07-30 03:00:00+00:00,17.3,73.41339,0.0,20.5,0.174
2024-07-30 04:00:00+00:00,19.05,55.54994,0.0,21.15,0.174
2024-07-30 05:00:00+00:00,21.2,48.632843,0.0,22.75,0.174
2024-07-30 06:00:00+00:00,23.4,42.256157,0.0,24.85,0.174
2024-07-30 07:00:00+00:00,25.7,35.728905,0.0,27.25,0.174
2024-07-30 08:00:00+00:00,27.7,31.020653,0.0,29.7,0.174
2024-07-30 09:00:00+00:00,29.5,26.561237,0.0,32.05,0.174
2024-07-30 10:00:00+00:00,30.95,22.677141,0.0,34.05,0.174
2024-07-30 11:00:00+00:00,32.1,20.6684,0.0,35.4,0.174
2024-07-30 12:00:00+00:00,32.65,19.627544,0.0,36.0,0.174
2024-07-30 13:00:00+00:00,31.55,20.673502,0.0,35.85,0.174
2024-07-30 14:00:00+00:00,31.5,21.16462,0.0,35.15,0.174
2024-07-30 15:00:00+00:00,30.95,22.292246,0.0,34.0,0.174
2024-07-30 16:00:00+00:00,28.2,39.933342,0.0,32.35,0.174
2024-07-30 17:00:00+00:00,25.5,34.14111,0.0,30.25,0.174
2024-07-30 18:00:00+00:00,24.45,29.289888,0.0,28.7,0.174
2024-07-30 19:00:00+00:00,22.3,31.984764,0.0,27.3,0.174
2024-07-30 20:00:00+00:00,21.5,33.819954,0.0,26.05,0.174
2024-07-30 21:00:00+00:00,20.3,38.092304,0.0,24.95,0.174
2024-07-30 22:00:00+00:00,22.25,31.527185,0.0,23.9,0.174
2024-07-30 23:00:00+00:00,22.55,29.5792,0.0,23.0,0.174
2024-07-31 00:00:00+00:00,21.7,31.042028,0.0,22.2,0.174
2024-07-31 01:00:00+00:00,21.7,34.952583,0.0,22.2,0.174
2024-07-31 02:00:00+00:00,18.85,45.90499,0.0,21.6,0.174
2024-07-31 03:00:00+00:00,19.25,52.87495,0.0,21.35,0.174
2024-07-31 04:00:00+00:00,21.45,41.564793,0.0,22.1,0.174
2024-07-31 05:00:00+00:00,23.15,44.80297,0.0,23.55,0.174
2024-07-31 06:00:00+00:00,25.1,40.5238,0.0,25.7,0.174
2024-07-31 07:00:00+00:00,27.2,36.513306,0.0,28.15,0.174
2024-07-31 08:00:00+00:00,29.15,30.59543,0.0,30.7,0.174
2024-07-31 09:00:00+00:00,30.35,24.700415,0.0,32.8,0.174
2024-07-31 10:00:00+00:00,31.15,20.931883,0.0,34.3,0.174
2024-07-31 11:00:00+00:00,31.4,19.661,0.0,34.95,0.174
2024-07-31 12:00:00+00:00,31.3,19.365593,0.0,35.35,0.174
2024-07-31 13:00:00+00:00,31.6,18.972025,0.0,35.35,0.174
2024-07-31 14:00:00+00:00,31.55,17.74287,0.0,34.75,0.174
2024-07-31 15:00:00+00:00,30.9,17.839134,0.0,33.7,0.174
2024-07-31 16:00:00+00:00,27.85,35.150616,0.0,32.1,0.174
2024-07-31 17:00:00+00:00,25.45,25.467821,0.0,30.05,0.174
2024-07-31 18:00:00+00:00,23.9,29.034836,0.0,28.4,0.174
2024-07-31 19:00:00+00:00,24.35,27.290836,0.0,26.95,0.174
2024-07-31 20:00:00+00:00,24.85,24.256437,0.0,25.65,0.174
2024-07-31 21:00:00+00:00,23.6,28.349434,0.0,24.6,0.174
2024-07-31 22:00:00+00:00,21.75,33.30684,0.0,23.7,0.174
2024-07-31 23:00:00+00:00,22.15,32.39089,0.0,22.95,0.174
2024-08-01 00:00:00+00:00,20.85,35.938694,0.0,22.2,0.174
2024-08-01 01:00:00+00:00,20.6,40.90063,0.0,22.05,0.174
2024-08-01 02:00:00+00:00,20.0,43.623783,0.0,21.45,0.174
2024-08-01 03:00:00+00:00,18.6,64.3933,0.0,21.15,0.174
2024-08-01 04:00:00+00:00,20.35,49.057835,0.0,21.85,0.174
2024-08-01 05:00:00+00:00,22.4,47.673977,0.0,23.4,0.174
2024-08-01 06:00:00+00:00,24.5,43.852615,0.0,25.55,0.174
2024-08-01 07:00:00+00:00,26.65,38.85385,0.0,28.05,0.174
2024-08-01 08:00:00+00:00,28.95,32.64632,0.0,30.55,0.174
2024-08-01 09:00:00+00:00,30.55,28.228153,0.0,32.5,0.174
2024-08-01 10:00:00+00:00,31.75,24.985575,0.0,33.9,0.174
2024-08-01 11:00:00+00:00,32.85,21.213427,0.0,35.0,0.174
2024-08-01 12:00:00+00:00,33.25,19.17302,0.0,35.75,0.174
2024-08-01 13:00:00+00:00,32.85,20.642649,0.0,35.85,0.174
2024-08-01 14:00:00+00:00,32.35,21.016304,0.0,35.4,0.174
2024-08-01 15:00:00+00:00,31.4,20.850525,0.0,34.3,0.174
2024-08-01 16:00:00+00:00,28.45,28.707985,0.0,32.65,0.174
2024-08-01 17:00:00+00:00,26.3,31.798038,0.0,30.55,0.174
2024-08-01 18:00:00+00:00,25.0,28.441578,0.0,28.85,0.174
2024-08-01 19:00:00+00:00,24.3,26.709145,0.0,27.5,0.174
2024-08-01 20:00:00+00:00,23.7,24.816837,0.0,26.4,0.174
2024-08-01 21:00:00+00:00,23.45,27.04242,0.0,25.3,0.174
2024-08-01 22:00:00+00:00,23.55,25.131273,0.0,24.25,0.174
2024-08-01 23:00:00+00:00,20.5,34.36648,0.0,23.3,0.174
2024-08-02 00:00:00+00:00,21.3,29.960695,0.0,22.5,0.174
2024-08-02 01:00:00+00:00,21.35,32.731167,0.0,22.2,0.174
2024-08-02 02:00:00+00:00,20.25,35.765984,0.0,21.55,0.174
2024-08-02 03:00:00+00:00,18.9,52.42845,0.0,21.2,0.174
2024-08-02 04:00:00+00:00,21.0,36.7382,0.0,21.95,0.174
2024-08-02 05:00:00+00:00,23.05,39.408794,0.0,23.55,0.174
2024-08-02 06:00:00+00:00,25.25,40.29722,0.0,25.75,0.174
2024-08-02 07:00:00+00:00,27.4,36.448517,0.0,28.25,0.175
2024-08-02 08:00:00+00:00,29.6,29.612244,0.0,30.8,0.174
2024-08-02 09:00:00+00:00,31.4,21.877426,0.0,32.9,0.174
2024-08-02 10:00:00+00:00,32.35,21.016304,0.0,34.35,0.174
2024-08-02 11:00:00+00:00,33.3,19.99022,0.0,35.5,0.174
2024-08-02 12:00:00+00:00,33.65,17.989117,0.0,36.15,0.174
2024-08-02 13:00:00+00:00,33.3,17.96883,0.0,36.1,0.174
2024-08-02 14:00:00+00:00,32.45,16.92048,0.0,35.5,0.174
2024-08-02 15:00:00+00:00,31.6,17.5689,0.0,34.35,0.174
2024-08-02 16:00:00+00:00,28.35,33.24577,0.0,32.6,0.174
2024-08-02 17:00:00+00:00,26.65,22.82404,0.0,30.55,0.174
2024-08-02 18:00:00+00:00,24.85,24.085403,0.0,29.0,0.175
2024-08-02 19:00:00+00:00,23.0,25.160795,0.0,27.55,0.175
2024-08-02 20:00:00+00:00,22.15,25.109007,0.0,26.3,0.175
2024-08-02 21:00:00+00:00,20.75,31.431604,0.0,25.2,0.175
2024-08-02 22:00:00+00:00,21.3,29.330622,0.0,24.1,0.175
2024-08-02 23:00:00+00:00,22.45,24.215935,0.0,23.2,0.175
2024-08-03 00:00:00+00:00,21.5,26.219511,0.0,22.4,0.175
2024-08-03 01:00:00+00:00,20.75,26.39015,0.0,22.05,0.175
2024-08-03 02:00:00+00:00,20.3,26.937773,0.0,21.4,0.175
2024-08-03 03:00:00+00:00,20.0,27.941021,0.0,21.05,0.175
2024-08-03 04:00:00+00:00,20.85,29.51678,0.0,21.8,0.175
2024-08-03 05:00:00+00:00,22.8,37.25344,0.0,23.4,0.175
2024-08-03 06:00:00+00:00,25.1,38.546387,0.0,25.65,0.175
2024-08-03 07:00:00+00:00,27.55,34.487717,0.0,28.2,0.175
2024-08-03 08:00:00+00:00,30.05,27.34705,0.0,30.7,0.175
2024-08-03 09:00:00+00:00,31.85,21.10742,0.0,32.6,0.175
2024-08-03 10:00:00+00:00,33.2,18.069942,0.0,34.25,0.175
2024-08-03 11:00:00+00:00,33.85,16.482592,0.0,35.7,0.175
2024-08-03 12:00:00+00:00,33.95,14.2937155,0.0,36.45,0.175
2024-08-03 13:00:00+00:00,33.8,13.329939,0.0,36.6,0.175
2024-08-03 14:00:00+00:00,33.25,13.551846,0.0,36.15,0.175
2024-08-03 15:00:00+00:00,32.0,14.803231,0.0,34.9,0.175
2024-08-03 16:00:00+00:00,29.85,22.316969,0.0,33.0,0.175
2024-08-03 17:00:00+00:00,26.2,25.315422,0.0,30.85,0.175
2024-08-03 18:00:00+00:00,24.85,22.755098,0.0,29.15,0.175
2024-08-03 19:00:00+00:00,23.15,24.933546,0.0,27.75,0.175
2024-08-03 20:00:00+00:00,21.45,28.65257,0.0,26.4,0.175
2024-08-03 21:00:00+00:00,22.05,27.231245,0.0,25.15,0.175
2024-08-03 22:00:00+00:00,23.7,21.116398,0.0,24.1,0.175
2024-08-03 23:00:00+00:00,22.2,23.716751,0.0,23.15,0.175
2024-08-04 00:00:00+00:00,21.55,23.456676,0.0,22.35,0.175
2024-08-04 01:00:00+00:00,20.6,25.690441,0.0,22.0,0.175
2024-08-04 02:00:00+00:00,20.05,26.771025,0.0,21.3,0.175
2024-08-04 03:00:00+00:00,19.7,27.856552,0.0,20.9,0.175
2024-08-04 04:00:00+00:00,20.6,29.551023,0.0,21.6,0.175
2024-08-04 05:00:00+00:00,22.5,34.699852,0.0,23.2,0.175
2024-08-04 06:00:00+00:00,24.6,36.88464,0.0,25.4,0.175
2024-08-04 07:00:00+00:00,27.0,33.424946,0.0,27.95,0.175
2024-08-04 08:00:00+00:00,29.5,26.292284,0.0,30.55,0.175
2024-08-04 09:00:00+00:00,31.4,20.073795,0.0,32.95,0.175
2024-08-04 10:00:00+00:00,32.75,17.168694,0.0,34.6,0.175
2024-08-04 11:00:00+00:00,33.6,16.54082,0.0,35.7,0.175
2024-08-04 12:00:00+00:00,33.75,14.97382,0.0,36.15,0.175
2024-08-04 13:00:00+00:00,33.8,14.984725,0.0,36.25,0.175
2024-08-04 14:00:00+00:00,33.6,13.5280905,0.0,35.8,0.175
2024-08-04 15:00:00+00:00,32.6,14.412248,0.0,34.75,0.175
2024-08-04 16:00:00+00:00,31.85,13.551023,0.0,32.85,0.175
2024-08-04 17:00:00+00:00,27.0,18.989307,0.0,30.7,0.175
2024-08-04 18:00:00+00:00,24.9,20.744543,0.0,29.1,0.175
2024-08-04 19:00:00+00:00,23.0,22.920929,0.0,27.7,0.175
2024-08-04 20:00:00+00:00,21.95,24.167969,0.0,26.35,0.175
2024-08-04 21:00:00+00:00,21.15,24.390236,0.0,25.25,0.175
2024-08-04 22:00:00+00:00,22.8,20.208275,0.0,24.2,0.175
2024-08-04 23:00:00+00:00,23.2,17.990736,0.0,23.3,0.175
2024-08-05 00:00:00+00:00,22.65,18.73813,0.0,22.45,0.175
2024-08-05 01:00:00+00:00,21.55,25.30741,0.0,21.6,0.175
2024-08-05 02:00:00+00:00,20.55,26.717321,0.0,21.0,0.175
2024-08-05 03:00:00+00:00,19.0,40.866344,0.0,20.65,0.175
2024-08-05 04:00:00+00:00,21.3,28.20589,0.0,21.5,0.175
2024-08-05 05:00:00+00:00,23.5,29.742533,0.0,23.25,0.175
2024-08-05 06:00:00+00:00,25.95,31.484806,0.0,25.6,0.175
2024-08-05 07:00:00+00:00,28.35,29.169802,0.0,28.3,0.175
2024-08-05 08:00:00+00:00,30.65,23.546844,0.0,30.95,0.175
2024-08-05 09:00:00+00:00,32.35,19.08743,0.0,33.2,0.175
2024-08-05 10:00:00+00:00,33.4,16.266272,0.0,34.8,0.175
2024-08-05 11:00:00+00:00,34.1,16.19765,0.0,35.95,0.175
2024-08-05 12:00:00+00:00,34.45,15.77458,0.0,36.45,0.175
2024-08-05 13:00:00+00:00,35.3,14.684847,0.0,36.2,0.175
2024-08-05 14:00:00+00:00,34.55,15.042739,0.0,35.6,0.175
2024-08-05 15:00:00+00:00,33.8,47.815556,0.0,34.75,0.175
2024-08-05 16:00:00+00:00,30.1,21.103874,0.0,33.15,0.175
2024-08-05 17:00:00+00:00,27.9,18.537827,0.0,31.25,0.175
2024-08-05 18:00:00+00:00,25.25,21.982676,0.0,29.6,0.175
2024-08-05 19:00:00+00:00,26.25,19.70522,0.0,28.0,0.175
2024-08-05 20:00:00+00:00,24.6,24.189463,0.0,26.6,0.175
2024-08-05 21:00:00+00:00,22.3,28.78968,0.0,25.5,0.175
2024-08-05 22:00:00+00:00,24.9,20.819324,0.0,24.55,0.175
2024-08-05 23:00:00+00:00,23.7,23.86291,0.0,23.7,0.175
2024-08-06 00:00:00+00:00,22.7,28.197844,0.0,22.95,0.175
2024-08-06 01:00:00+00:00,21.65,37.308052,0.0,22.55,0.175
2024-08-06 02:00:00+00:00,21.1,40.902985,0.0,21.95,0.175
2024-08-06 03:00:00+00:00,20.6,45.30548,0.0,21.6,0.175
2024-08-06 04:00:00+00:00,21.0,47.45056,0.0,22.3,0.175
2024-08-06 05:00:00+00:00,23.15,43.76872,0.0,23.85,0.175
2024-08-06 06:00:00+00:00,25.4,38.889618,0.0,26.05,0.175
2024-08-06 07:00:00+00:00,27.5,35.169228,0.0,28.5,0.175
2024-08-06 08:00:00+00:00,29.6,30.312819,0.0,31.05,0.175
2024-08-06 09:00:00+00:00,31.65,24.875338,0.0,33.45,0.175
2024-08-06 10:00:00+00:00,33.0,19.712954,0.0,35.2,0.175
2024-08-06 11:00:00+00:00,33.3,17.783152,0.0,36.3,0.175
2024-08-06 12:00:00+00:00,34.0,16.062666,0.0,37.05,0.175
2024-08-06 13:00:00+00:00,33.65,16.66794,0.0,37.05,0.175
2024-08-06 14:00:00+00:00,33.5,16.062561,0.0,36.5,0.175
2024-08-06 15:00:00+00:00,32.45,17.03942,0.0,35.25,0.175
2024-08-06 16:00:00+00:00,28.45,30.606842,0.0,33.35,0.175
2024-08-06 17:00:00+00:00,26.5,26.567888,0.0,31.2,0.175
2024-08-06 18:00:00+00:00,25.9,27.9101,0.0,29.55,0.175
2024-08-06 19:00:00+00:00,24.0,32.355762,0.0,28.25,0.175
2024-08-06 20:00:00+00:00,22.3,36.9837,0.0,26.95,0.175
2024-08-06 21:00:00+00:00,21.45,38.95311,0.0,25.75,0.175
2024-08-06 22:00:00+00:00,20.9,40.29016,0.0,24.75,0.175
2024-08-06 23:00:00+00:00,20.15,41.0538,0.0,23.8,0.175
2024-08-07 00:00:00+00:00,22.25,31.198256,0.0,23.1,0.175
2024-08-07 01:00:00+00:00,21.15,38.73395,0.0,23.0,0.175
2024-08-07 02:00:00+00:00,21.35,38.130417,0.0,22.4,0.175
2024-08-07 03:00:00+00:00,20.9,40.428505,0.0,22.05,0.175
2024-08-07 04:00:00+00:00,21.45,43.000504,0.0,22.75,0.175
2024-08-07 05:00:00+00:00,23.4,41.55378,0.0,24.25,0.175
2024-08-07 06:00:00+00:00,25.7,37.822506,0.0,26.4,0.175
2024-08-07 07:00:00+00:00,27.9,35.0482,0.0,28.85,0.175
2024-08-07 08:00:00+00:00,30.1,31.477194,0.0,31.4,0.175
2024-08-07 09:00:00+00:00,31.45,26.282553,0.0,33.4,0.175
2024-08-07 10:00:00+00:00,32.75,21.333185,0.0,34.95,0.175
2024-08-07 11:00:00+00:00,33.75,19.49273,0.0,36.0,0.175
2024-08-07 12:00:00+00:00,34.75,16.977926,0.0,36.55,0.175
2024-08-07 13:00:00+00:00,34.85,14.334143,0.0,36.9,0.175
2024-08-07 14:00:00+00:00,33.85,13.387955,0.0,36.25,0.175
2024-08-07 15:00:00+00:00,32.1,14.614957,0.0,35.0,0.175
2024-08-07 16:00:00+00:00,29.75,17.755018,0.0,33.25,0.175
2024-08-07 17:00:00+00:00,26.8,23.105425,0.0,31.35,0.175
2024-08-07 18:00:00+00:00,24.9,27.251778,0.0,29.55,0.175
2024-08-07 19:00:00+00:00,26.05,24.150677,0.0,28.05,0.175
2024-08-07 20:00:00+00:00,23.55,30.703064,0.0,26.75,0.175
2024-08-07 21:00:00+00:00,24.05,27.0177,0.0,25.65,0.175
2024-08-07 22:00:00+00:00,23.85,27.057573,0.0,24.65,0.175
2024-08-07 23:00:00+00:00,22.75,29.222382,0.0,23.85,0.175
2024-08-08 00:00:00+00:00,22.0,31.456118,0.0,23.05,0.175
2024-08-08 01:00:00+00:00,20.9,39.198376,0.0,23.2,0.175
2024-08-08 02:00:00+00:00,20.5,41.294945,0.0,22.5,0.175
2024-08-08 03:00:00+00:00,19.1,57.448837,0.0,22.0,0.175
2024-08-08 04:00:00+00:00,20.65,45.782085,0.0,22.55,0.175
2024-08-08 05:00:00+00:00,22.7,42.629356,0.0,24.0,0.175
2024-08-08 06:00:00+00:00,24.8,38.076496,0.0,26.15,0.175
2024-08-08 07:00:00+00:00,26.85,34.291138,0.0,28.55,0.175
2024-08-08 08:00:00+00:00,29.05,30.363903,0.0,31.0,0.175
2024-08-08 09:00:00+00:00,31.05,25.394499,0.0,33.35,0.175
2024-08-08 10:00:00+00:00,32.3,22.56115,0.0,35.2,0.175
2024-08-08 11:00:00+00:00,33.05,21.19134,0.0,36.35,0.175
2024-08-08 12:00:00+00:00,33.4,20.498222,0.0,36.8,0.175
2024-08-08 13:00:00+00:00,32.5,22.006964,0.0,36.55,0.175
2024-08-08 14:00:00+00:00,31.95,21.942225,0.0,35.8,0.175
2024-08-08 15:00:00+00:00,31.2,21.603033,0.0,34.6,0.175
2024-08-08 16:00:00+00:00,28.4,27.926449,0.0,32.9,0.175
2024-08-08 17:00:00+00:00,26.1,29.74979,0.0,30.85,0.175
2024-08-08 18:00:00+00:00,25.35,30.574268,0.0,29.3,0.175
2024-08-08 19:00:00+00:00,23.95,33.129257,0.0,28.0,0.175
2024-08-08 20:00:00+00:00,23.0,34.36668,0.0,26.9,0.175
2024-08-08 21:00:00+00:00,21.7,40.10575,0.0,25.75,0.175
2024-08-08 22:00:00+00:00,24.0,31.151386,0.0,24.75,0.175
2024-08-08 23:00:00+00:00,23.15,32.22632,0.0,23.85,0.175
2024-08-09 00:00:00+00:00,22.0,33.845398,0.0,23.1,0.175
2024-08-09 01:00:00+00:00,21.45,35.00222,0.0,22.4,0.175
2024-08-09 02:00:00+00:00,20.4,37.077766,0.0,21.85,0.175
2024-08-09 03:00:00+00:00,19.7,42.35971,0.0,21.45,0.175
2024-08-09 04:00:00+00:00,21.1,37.150345,0.0,22.15,0.175
2024-08-09 05:00:00+00:00,23.15,37.480537,0.0,23.7,0.175
2024-08-09 06:00:00+00:00,25.5,35.91327,0.0,25.9,0.175
2024-08-09 07:00:00+00:00,27.85,32.448235,0.0,28.45,0.175
2024-08-09 08:00:00+00:00,30.2,27.021433,0.0,31.0,0.175
2024-08-09 09:00:00+00:00,32.15,21.182665,0.0,33.2,0.175
2024-08-09 10:00:00+00:00,33.45,19.687725,0.0,34.85,0.175
2024-08-09 11:00:00+00:00,34.45,17.563457,0.0,36.0,0.175
2024-08-09 12:00:00+00:00,35.1,14.641853,0.0,36.75,0.175
2024-08-09 13:00:00+00:00,34.1,16.08513,0.0,36.75,0.175
2024-08-09 14:00:00+00:00,33.7,15.717701,0.0,36.25,0.175
2024-08-09 15:00:00+00:00,32.55,18.61375,0.0,35.1,0.175
2024-08-09 16:00:00+00:00,30.55,21.217438,0.0,33.1,0.175
2024-08-09 17:00:00+00:00,26.55,24.114635,0.0,31.0,0.175
2024-08-09 18:00:00+00:00,24.85,25.21649,0.0,29.35,0.175
2024-08-09 19:00:00+00:00,23.35,26.63578,0.0,28.0,0.175
2024-08-09 20:00:00+00:00,22.1,27.635216,0.0,26.7,0.175
2024-08-09 21:00:00+00:00,20.95,28.309109,0.0,25.6,0.175
2024-08-09 22:00:00+00:00,19.7,32.603004,0.0,24.5,0.176
2024-08-09 23:00:00+00:00,22.95,21.619057,0.0,23.45,0.176
2024-08-10 00:00:00+00:00,22.35,22.097189,0.0,22.55,0.176
2024-08-10 01:00:00+00:00,21.55,26.32755,0.0,21.9,0.176
2024-08-10 02:00:00+00:00,20.8,27.468819,0.0,21.2,0.176
2024-08-10 03:00:00+00:00,20.25,28.213245,0.0,20.7,0.176
2024-08-10 04:00:00+00:00,21.25,29.212637,0.0,21.4,0.176
2024-08-10 05:00:00+00:00,23.55,26.596811,0.0,23.1,0.176
2024-08-10 06:00:00+00:00,25.9,24.195562,0.0,25.4,0.176
2024-08-10 07:00:00+00:00,28.35,21.325945,0.0,28.05,0.176
2024-08-10 08:00:00+00:00,30.55,17.445461,0.0,30.7,0.176
2024-08-10 09:00:00+00:00,32.25,14.543332,0.0,33.05,0.176
2024-08-10 10:00:00+00:00,33.45,14.136786,0.0,34.9,0.176
2024-08-10 11:00:00+00:00,34.3,13.529215,0.0,36.15,0.176
2024-08-10 12:00:00+00:00,34.75,13.054944,0.0,36.9,0.176
2024-08-10 13:00:00+00:00,34.6,14.230668,0.0,36.95,0.176
2024-08-10 14:00:00+00:00,33.95,14.09269,0.0,36.4,0.176
2024-08-10 15:00:00+00:00,32.55,14.608269,0.0,35.1,0.176
2024-08-10 16:00:00+00:00,28.9,18.58218,0.0,33.25,0.176
2024-08-10 17:00:00+00:00,26.95,19.880173,0.0,31.15,0.176
2024-08-10 18:00:00+00:00,25.2,20.89608,0.0,29.5,0.176
2024-08-10 19:00:00+00:00,23.1,24.74268,0.0,28.0,0.176
2024-08-10 20:00:00+00:00,23.6,25.96026,0.0,26.6,0.176
2024-08-10 21:00:00+00:00,22.1,29.348763,0.0,25.5,0.176
2024-08-10 22:00:00+00:00,22.25,29.5987,0.0,24.6,0.176
2024-08-10 23:00:00+00:00,23.4,25.44991,0.0,23.8,0.176
2024-08-11 00:00:00+00:00,22.2,27.958939,0.0,23.1,0.176
2024-08-11 01:00:00+00:00,22.1,33.290993,0.0,23.3,0.176
2024-08-11 02:00:00+00:00,21.55,38.715412,0.0,22.7,0.176
2024-08-11 03:00:00+00:00,20.05,58.06537,0.0,22.3,0.176
2024-08-11 04:00:00+00:00,21.4,51.181667,0.0,22.9,0.176
2024-08-11 05:00:00+00:00,23.5,48.608707,0.0,24.4,0.176
2024-08-11 06:00:00+00:00,25.45,46.487453,0.0,26.5,0.176
2024-08-11 07:00:00+00:00,27.35,42.37802,0.0,28.85,0.176
2024-08-11 08:00:00+00:00,29.3,36.61936,0.0,31.3,0.176
2024-08-11 09:00:00+00:00,31.05,26.708363,0.0,33.55,0.176
2024-08-11 10:00:00+00:00,31.7,20.782248,0.0,35.0,0.176
2024-08-11 11:00:00+00:00,32.55,19.135792,0.0,36.3,0.176
2024-08-11 12:00:00+00:00,32.6,20.024029,0.0,36.85,0.176
2024-08-11 13:00:00+00:00,32.5,22.383585,0.0,36.6,0.176
2024-08-11 14:00:00+00:00,32.2,22.383041,0.0,36.0,0.176
2024-08-11 15:00:00+00:00,30.95,22.832739,0.0,34.7,0.176
2024-08-11 16:00:00+00:00,29.05,26.802052,0.0,33.05,0.176
2024-08-11 17:00:00+00:00,26.95,33.9761,0.0,31.35,0.176
2024-08-11 18:00:00+00:00,25.2,40.28318,0.0,29.8,0.176
2024-08-11 19:00:00+00:00,24.1,45.66507,0.0,28.4,0.176
2024-08-11 20:00:00+00:00,23.7,45.10445,0.0,27.15,0.176
2024-08-11 21:00:00+00:00,21.7,52.63579,0.0,26.1,0.176
2024-08-11 22:00:00+00:00,20.8,55.991146,0.0,25.15,0.176
2024-08-11 23:00:00+00:00,21.55,51.391514,0.0,24.35,0.176
2024-08-12 00:00:00+00:00,21.45,50.855938,0.0,23.6,0.176
2024-08-12 01:00:00+00:00,20.6,60.735977,0.0,23.85,0.176
2024-08-12 02:00:00+00:00,19.35,66.70573,0.0,23.2,0.176
2024-08-12 03:00:00+00:00,19.25,72.570564,0.0,22.75,0.176
2024-08-12 04:00:00+00:00,20.9,58.27208,0.0,23.2,0.176
2024-08-12 05:00:00+00:00,22.6,51.328804,0.0,24.5,0.176
2024-08-12 06:00:00+00:00,24.7,45.679123,0.0,26.3,0.176
2024-08-12 07:00:00+00:00,26.9,39.963314,0.0,28.35,0.176
2024-08-12 08:00:00+00:00,28.6,35.94791,0.0,30.4,0.176
2024-08-12 09:00:00+00:00,30.0,32.08007,0.0,32.4,0.176
2024-08-12 10:00:00+00:00,30.9,28.79867,0.0,34.05,0.176
2024-08-12 11:00:00+00:00,31.75,23.833143,0.0,35.45,0.176
2024-08-12 12:00:00+00:00,32.1,20.386438,0.0,36.35,0.176
2024-08-12 13:00:00+00:00,28.95,29.831844,0.0,34.55,0.176
2024-08-12 14:00:00+00:00,29.65,24.017237,0.0,34.25,0.176
2024-08-12 15:00:00+00:00,27.2,34.046307,0.0,32.7,0.176
2024-08-12 16:00:00+00:00,25.45,40.487473,0.0,31.1,0.176
2024-08-12 17:00:00+00:00,24.1,45.364388,0.0,29.5,0.176
2024-08-12 18:00:00+00:00,22.9,48.44701,0.0,28.05,0.176
2024-08-12 19:00:00+00:00,22.4,48.79513,0.0,26.9,0.176
2024-08-12 20:00:00+00:00,21.7,50.75364,0.0,25.9,0.176
2024-08-12 21:00:00+00:00,22.6,47.25508,0.0,24.95,0.176
2024-08-12 22:00:00+00:00,21.85,49.79241,0.0,24.05,0.176
2024-08-12 23:00:00+00:00,20.85,53.29181,0.0,23.3,0.176
2024-08-13 00:00:00+00:00,19.9,56.51073,0.0,22.6,0.176
2024-08-13 01:00:00+00:00,19.1,60.78523,0.0,22.85,0.168
2024-08-13 02:00:00+00:00,18.65,62.10489,0.0,22.2,0.168
2024-08-13 03:00:00+00:00,18.25,72.39059,0.0,21.8,0.168
2024-08-13 04:00:00+00:00,20.2,55.655582,0.0,22.3,0.168
2024-08-13 05:00:00+00:00,22.15,48.565998,0.0,23.7,0.168
2024-08-13 06:00:00+00:00,24.1,43.45214,0.0,25.7,0.168
2024-08-13 07:00:00+00:00,26.35,37.5036,0.0,27.95,0.168
2024-08-13 08:00:00+00:00,28.4,32.81976,0.0,30.3,0.168
2024-08-13 09:00:00+00:00,30.2,28.703867,0.0,32.5,0.168
2024-08-13 10:00:00+00:00,31.15,26.202488,0.0,34.45,0.168
2024-08-13 11:00:00+00:00,31.95,24.2915,0.0,35.75,0.168
2024-08-13 12:00:00+00:00,32.45,22.676174,0.0,36.5,0.168
2024-08-13 13:00:00+00:00,31.95,22.779226,0.0,36.35,0.17
2024-08-13 14:00:00+00:00,31.6,22.61222,0.0,35.6,0.17
2024-08-13 15:00:00+00:00,30.95,22.989275,0.0,34.3,0.17
2024-08-13 16:00:00+00:00,28.3,32.35705,0.0,32.55,0.17
2024-08-13 17:00:00+00:00,26.2,34.223232,0.0,30.7,0.17
2024-08-13 18:00:00+00:00,25.4,33.312645,0.0,29.2,0.17
2024-08-13 19:00:00+00:00,23.9,37.821487,0.0,27.95,0.17
2024-08-13 20:00:00+00:00,22.85,40.024105,0.0,26.85,0.17
2024-08-13 21:00:00+00:00,21.55,43.762684,0.0,25.85,0.17
2024-08-13 22:00:00+00:00,20.9,45.851494,0.0,24.9,0.17
2024-08-13 23:00:00+00:00,23.15,37.226242,0.0,24.05,0.17
2024-08-14 00:00:00+00:00,22.3,39.06232,0.0,23.3,0.17
2024-08-14 01:00:00+00:00,21.55,41.734764,0.0,23.0,0.171
2024-08-14 02:00:00+00:00,20.75,44.58548,0.0,22.4,0.171
2024-08-14 03:00:00+00:00,20.45,45.57175,0.0,21.95,0.171
2024-08-14 04:00:00+00:00,21.55,44.80888,0.0,22.5,0.171
2024-08-14 05:00:00+00:00,23.65,40.79507,0.0,23.95,0.171
2024-08-14 06:00:00+00:00,26.15,35.25994,0.0,26.1,0.171
2024-08-14 07:00:00+00:00,28.5,31.13847,0.0,28.6,0.171
2024-08-14 08:00:00+00:00,30.75,26.627892,0.0,31.15,0.171
2024-08-14 09:00:00+00:00,32.5,23.153934,0.0,33.3,0.171
2024-08-14 10:00:00+00:00,33.9,20.691818,0.0,35.0,0.171
2024-08-14 11:00:00+00:00,34.65,18.28722,0.0,36.25,0.171
2024-08-14 12:00:00+00:00,34.75,16.687231,0.0,36.85,0.171
2024-08-14 13:00:00+00:00,34.2,17.265184,0.0,36.85,0.174
2024-08-14 14:00:00+00:00,33.55,17.055626,0.0,36.2,0.174
2024-08-14 15:00:00+00:00,32.3,17.67167,0.0,34.95,0.174
2024-08-14 16:00:00+00:00,29.0,21.641884,0.0,33.15,0.174
2024-08-14 17:00:00+00:00,26.7,24.838049,0.0,31.05,0.174
2024-08-14 18:00:00+00:00,25.3,27.74472,0.0,29.5,0.174
2024-08-14 19:00:00+00:00,23.65,29.992752,0.0,28.15,0.174
2024-08-14 20:00:00+00:00,22.4,31.023193,0.0,26.9,0.174
2024-08-14 21:00:00+00:00,21.5,34.294186,0.0,25.75,0.174
2024-08-14 22:00:00+00:00,20.85,32.13266,0.0,24.7,0.174
2024-08-14 23:00:00+00:00,22.8,26.296738,0.0,23.8,0.174
2024-08-15 00:00:00+00:00,22.05,27.425652,0.0,23.0,0.174
2024-08-15 01:00:00+00:00,20.45,33.050453,0.0,22.2,0.174
2024-08-15 02:00:00+00:00,19.95,34.208096,0.0,21.6,0.174
2024-08-15 03:00:00+00:00,19.55,34.944283,0.0,21.15,0.174
2024-08-15 04:00:00+00:00,20.25,35.269417,0.0,21.7,0.174
2024-08-15 05:00:00+00:00,22.3,34.6427,0.0,23.2,0.174
2024-08-15 06:00:00+00:00,24.55,33.185688,0.0,25.35,0.174
2024-08-15 07:00:00+00:00,26.85,29.452215,0.0,27.9,0.174
2024-08-15 08:00:00+00:00,29.1,26.274078,0.0,30.5,0.174
2024-08-15 09:00:00+00:00,31.3,21.628368,0.0,32.9,0.174
2024-08-15 10:00:00+00:00,32.9,17.689323,0.0,34.9,0.174
2024-08-15 11:00:00+00:00,33.7,17.14964,0.0,36.1,0.174
2024-08-15 12:00:00+00:00,34.2,16.447443,0.0,36.6,0.174
2024-08-15 13:00:00+00:00,34.25,16.863377,0.0,36.4,0.175
2024-08-15 14:00:00+00:00,33.7,16.448524,0.0,35.8,0.175
2024-08-15 15:00:00+00:00,32.15,15.983898,0.0,34.65,0.175
2024-08-15 16:00:00+00:00,31.1,15.860001,0.0,32.7,0.175
2024-08-15 17:00:00+00:00,26.15,25.479015,0.0,30.65,0.175
2024-08-15 18:00:00+00:00,25.05,26.541637,0.0,29.05,0.175
2024-08-15 19:00:00+00:00,23.8,28.604486,0.0,27.75,0.175
2024-08-15 20:00:00+00:00,22.55,29.89233,0.0,26.65,0.175
2024-08-15 21:00:00+00:00,20.9,34.3613,0.0,25.55,0.175
2024-08-15 22:00:00+00:00,22.2,29.067825,0.0,24.55,0.175
2024-08-15 23:00:00+00:00,23.5,24.23859,0.0,23.7,0.175
2024-08-16 00:00:00+00:00,22.35,25.894102,0.0,22.9,0.175
2024-08-16 01:00:00+00:00,21.4,31.951948,0.0,22.5,0.174
2024-08-16 02:00:00+00:00,20.6,33.798042,0.0,21.85,0.174
2024-08-16 03:00:00+00:00,20.15,34.62847,0.0,21.35,0.174
2024-08-16 04:00:00+00:00,20.85,35.19611,0.0,21.9,0.174
2024-08-16 05:00:00+00:00,23.15,32.114883,0.0,23.45,0.174
2024-08-16 06:00:00+00:00,25.65,30.658245,0.0,25.7,0.174
2024-08-16 07:00:00+00:00,28.0,28.198515,0.0,28.25,0.174
2024-08-16 08:00:00+00:00,30.1,24.802773,0.0,30.8,0.174
2024-08-16 09:00:00+00:00,31.5,21.828003,0.0,33.05,0.174
2024-08-16 10:00:00+00:00,32.35,19.89404,0.0,34.85,0.174
2024-08-16 11:00:00+00:00,32.75,17.839308,0.0,36.0,0.174
2024-08-16 12:00:00+00:00,32.8,16.64814,0.0,36.65,0.174
2024-08-16 13:00:00+00:00,32.75,15.561216,0.0,36.55,0.174
2024-08-16 14:00:00+00:00,32.2,15.167278,0.0,35.85,0.174
2024-08-16 15:00:00+00:00,31.35,15.747522,0.0,34.55,0.174
2024-08-16 16:00:00+00:00,28.6,21.314926,0.0,32.7,0.174
2024-08-16 17:00:00+00:00,27.0,26.703938,0.0,30.9,0.174
2024-08-16 18:00:00+00:00,26.1,26.643246,0.0,29.55,0.174
2024-08-16 19:00:00+00:00,23.1,35.352802,0.0,28.1,0.174
2024-08-16 20:00:00+00:00,22.3,35.367393,0.0,26.75,0.174
2024-08-16 21:00:00+00:00,23.7,28.5766,0.0,25.55,0.174
2024-08-16 22:00:00+00:00,22.4,31.790823,0.0,24.55,0.174
2024-08-16 23:00:00+00:00,22.2,30.858187,0.0,23.65,0.174
2024-08-17 00:00:00+00:00,19.9,38.375183,0.0,22.85,0.174
2024-08-17 01:00:00+00:00,19.45,44.069088,0.0,22.9,0.171
2024-08-17 02:00:00+00:00,18.75,44.787178,0.0,22.3,0.171
2024-08-17 03:00:00+00:00,18.95,53.33228,0.0,21.9,0.171
2024-08-17 04:00:00+00:00,20.85,37.078552,0.0,22.3,0.171
2024-08-17 05:00:00+00:00,22.1,33.99167,0.0,23.6,0.171
2024-08-17 06:00:00+00:00,24.0,30.405756,0.0,25.45,0.171
2024-08-17 07:00:00+00:00,26.25,27.527727,0.0,27.55,0.172
2024-08-17 08:00:00+00:00,28.2,26.390976,0.0,29.7,0.172
2024-08-17 09:00:00+00:00,29.85,24.736649,0.0,31.7,0.171
2024-08-17 10:00:00+00:00,30.85,24.085642,0.0,33.4,0.172
2024-08-17 11:00:00+00:00,31.2,23.60965,0.0,34.3,0.172
2024-08-17 12:00:00+00:00,30.6,23.056166,0.0,35.0,0.172
2024-08-17 13:00:00+00:00,29.6,28.636194,0.0,34.35,0.17
2024-08-17 14:00:00+00:00,29.75,24.710196,0.0,33.8,0.17
2024-08-17 15:00:00+00:00,26.15,37.823246,0.0,32.3,0.17
2024-08-17 16:00:00+00:00,25.5,38.917778,0.0,30.7,0.17
2024-08-17 17:00:00+00:00,24.2,41.639355,0.0,29.0,0.17
2024-08-17 18:00:00+00:00,23.0,45.060898,0.0,27.65,0.17
2024-08-17 19:00:00+00:00,22.8,43.37933,0.0,26.55,0.17
2024-08-17 20:00:00+00:00,21.25,49.30116,0.0,25.55,0.171
2024-08-17 21:00:00+00:00,20.65,50.13728,0.0,24.65,0.171
2024-08-17 22:00:00+00:00,20.0,52.190845,0.0,23.9,0.171
2024-08-17 23:00:00+00:00,19.35,55.625954,0.0,23.2,0.171
2024-08-18 00:00:00+00:00,19.0,58.77835,0.0,22.6,0.171
2024-08-18 01:00:00+00:00,18.7,64.41526,0.0,22.4,0.169
2024-08-18 02:00:00+00:00,19.65,59.522945,0.0,21.9,0.169
2024-08-18 03:00:00+00:00,18.15,71.901344,0.0,21.4,0.169
2024-08-18 04:00:00+00:00,19.85,58.595085,0.0,21.85,0.169
2024-08-18 05:00:00+00:00,22.2,50.217472,0.0,23.25,0.169
2024-08-18 06:00:00+00:00,24.45,43.549427,0.0,25.35,0.169
2024-08-18 07:00:00+00:00,26.75,37.49155,0.0,27.7,0.169
2024-08-18 08:00:00+00:00,28.55,31.783897,0.0,30.1,0.169
2024-08-18 09:00:00+00:00,29.75,26.99112,0.0,32.1,0.169
2024-08-18 10:00:00+00:00,30.25,25.786995,0.0,33.45,0.169
2024-08-18 11:00:00+00:00,30.9,24.677858,0.0,34.75,0.169
2024-08-18 12:00:00+00:00,31.1,23.987738,0.0,35.6,0.169
2024-08-18 13:00:00+00:00,31.1,23.987738,0.0,35.8,0.17
2024-08-18 14:00:00+00:00,30.85,23.92242,0.0,35.15,0.17
2024-08-18 15:00:00+00:00,30.2,24.660822,0.0,33.9,0.17
2024-08-18 16:00:00+00:00,26.85,34.521587,0.0,32.05,0.17
2024-08-18 17:00:00+00:00,25.55,35.44707,0.0,30.2,0.17
2024-08-18 18:00:00+00:00,26.65,31.360472,0.0,28.75,0.17
2024-08-18 19:00:00+00:00,24.9,37.34466,0.0,27.45,0.171
2024-08-18 20:00:00+00:00,24.85,36.093323,0.0,26.3,0.171
2024-08-18 21:00:00+00:00,23.9,37.6938,0.0,25.25,0.171
2024-08-18 22:00:00+00:00,23.35,38.309513,0.0,24.4,0.171
2024-08-18 23:00:00+00:00,22.7,39.98157,0.0,23.65,0.171
2024-08-19 00:00:00+00:00,22.15,41.481075,0.0,23.0,0.171
2024-08-19 01:00:00+00:00,21.15,43.20844,0.0,22.2,0.174
2024-08-19 02:00:00+00:00,20.6,44.846912,0.0,21.75,0.174
2024-08-19 03:00:00+00:00,19.35,54.339348,0.0,21.4,0.174
2024-08-19 04:00:00+00:00,21.1,45.291492,0.0,21.95,0.174
2024-08-19 05:00:00+00:00,23.1,42.313694,0.0,23.5,0.174
2024-08-19 06:00:00+00:00,25.25,38.847332,0.0,25.65,0.174
2024-08-19 07:00:00+00:00,27.45,34.23052,0.0,28.1,0.174
2024-08-19 08:00:00+00:00,29.55,29.997053,0.0,30.6,0.174
2024-08-19 09:00:00+00:00,30.95,26.771204,0.0,32.7,0.174
2024-08-19 10:00:00+00:00,31.85,24.594702,0.0,34.4,0.174
2024-08-19 11:00:00+00:00,32.45,23.141066,0.0,35.65,0.174
2024-08-19 12:00:00+00:00,32.6,22.409082,0.0,36.3,0.174
2024-08-19 13:00:00+00:00,33.1,21.203848,0.0,36.45,0.174
2024-08-19 14:00:00+00:00,32.5,21.783684,0.0,35.9,0.174
2024-08-19 15:00:00+00:00,31.45,30.418394,0.0,34.65,0.174
2024-08-19 16:00:00+00:00,30.3,24.940266,0.0,32.8,0.174
2024-08-19 17:00:00+00:00,29.65,25.453054,0.0,30.95,0.174
2024-08-19 18:00:00+00:00,28.35,27.629587,0.0,29.45,0.174
2024-08-19 19:00:00+00:00,24.8,36.569622,0.0,28.1,0.174
2024-08-19 20:00:00+00:00,24.1,37.117867,0.0,27.05,0.174
2024-08-19 21:00:00+00:00,23.35,40.847603,0.0,26.1,0.174
2024-08-19 22:00:00+00:00,24.05,36.853237,0.0,25.2,0.174
2024-08-19 23:00:00+00:00,23.25,38.411125,0.0,24.4,0.174
2024-08-20 00:00:00+00:00,22.75,38.530167,0.0,23.65,0.174
2024-08-20 01:00:00+00:00,20.6,49.456352,0.0,22.8,0.176
2024-08-20 02:00:00+00:00,22.3,41.94671,0.0,22.35,0.176
2024-08-20 03:00:00+00:00,21.55,43.91081,0.0,22.0,0.176
2024-08-20 04:00:00+00:00,21.85,44.74168,0.0,22.55,0.176
2024-08-20 05:00:00+00:00,23.65,42.184986,0.0,23.85,0.176
2024-08-20 06:00:00+00:00,26.2,37.33678,0.0,25.95,0.176
2024-08-20 07:00:00+00:00,28.55,32.103886,0.0,28.5,0.176
2024-08-20 08:00:00+00:00,30.95,27.0418,0.0,31.15,0.176
2024-08-20 09:00:00+00:00,32.35,23.35084,0.0,33.55,0.176
2024-08-20 10:00:00+00:00,32.95,21.094416,0.0,35.25,0.176
2024-08-20 11:00:00+00:00,33.5,18.776659,0.0,36.55,0.176
2024-08-20 12:00:00+00:00,33.6,17.067158,0.0,37.2,0.176
2024-08-20 13:00:00+00:00,34.2,15.773974,0.0,36.95,0.175
2024-08-20 14:00:00+00:00,33.55,15.465482,0.0,36.25,0.175
2024-08-20 15:00:00+00:00,32.35,17.807167,0.0,34.95,0.175
2024-08-20 16:00:00+00:00,31.6,16.665642,0.0,32.9,0.175
2024-08-20 17:00:00+00:00,27.1,25.557854,0.0,31.0,0.175
2024-08-20 18:00:00+00:00,27.45,23.768103,0.0,29.35,0.175
2024-08-20 19:00:00+00:00,25.15,31.583158,0.0,28.05,0.175
2024-08-20 20:00:00+00:00,23.7,32.606266,0.0,26.85,0.175
2024-08-20 21:00:00+00:00,26.3,25.967142,0.0,25.85,0.175
2024-08-20 22:00:00+00:00,24.95,28.329214,0.0,24.95,0.175
2024-08-20 23:00:00+00:00,23.15,32.78861,0.0,24.15,0.175
2024-08-21 00:00:00+00:00,23.15,32.338085,0.0,23.4,0.175
2024-08-21 01:00:00+00:00,22.4,37.651066,0.0,23.4,0.179
2024-08-21 02:00:00+00:00,22.0,39.24381,0.0,22.8,0.179
2024-08-21 03:00:00+00:00,21.25,42.798615,0.0,22.3,0.179
2024-08-21 04:00:00+00:00,21.8,43.685097,0.0,22.8,0.179
2024-08-21 05:00:00+00:00,24.0,39.677826,0.0,24.25,0.179
2024-08-21 06:00:00+00:00,26.5,35.358585,0.0,26.45,0.179
2024-08-21 07:00:00+00:00,28.95,31.47262,0.0,29.05,0.179
2024-08-21 08:00:00+00:00,31.35,27.331224,0.0,31.65,0.179
2024-08-21 09:00:00+00:00,33.15,22.322113,0.0,34.1,0.179
2024-08-21 10:00:00+00:00,34.3,18.710638,0.0,36.05,0.179
2024-08-21 11:00:00+00:00,34.6,18.338097,0.0,37.1,0.179
2024-08-21 12:00:00+00:00,34.75,18.310831,0.0,37.65,0.179
2024-08-21 13:00:00+00:00,35.6,17.05558,0.0,37.55,0.179
2024-08-21 14:00:00+00:00,34.65,18.03834,0.0,36.9,0.179
2024-08-21 15:00:00+00:00,33.4,25.674196,0.0,35.75,0.179
2024-08-21 16:00:00+00:00,30.95,24.524298,0.0,33.8,0.179
2024-08-21 17:00:00+00:00,28.1,25.915773,0.0,31.95,0.179
2024-08-21 18:00:00+00:00,27.25,25.775791,0.0,30.65,0.179
2024-08-21 19:00:00+00:00,24.8,29.591585,0.0,29.15,0.179
2024-08-21 20:00:00+00:00,23.7,31.282673,0.0,27.95,0.179
2024-08-21 21:00:00+00:00,23.05,31.425097,0.0,26.9,0.179
2024-08-21 22:00:00+00:00,22.25,33.449715,0.0,26.05,0.179
2024-08-21 23:00:00+00:00,21.55,35.397118,0.0,25.25,0.179
2024-08-22 00:00:00+00:00,20.75,38.35375,0.0,24.5,0.179
2024-08-22 01:00:00+00:00,23.6,31.799986,0.0,23.25,0.181
2024-08-22 02:00:00+00:00,22.9,33.173515,0.0,22.7,0.181
2024-08-22 03:00:00+00:00,22.1,35.067135,0.0,22.25,0.181
2024-08-22 04:00:00+00:00,22.9,35.90615,0.0,22.8,0.181
2024-08-22 05:00:00+00:00,25.45,31.775795,0.0,24.4,0.181
2024-08-22 06:00:00+00:00,28.25,27.41498,0.0,26.7,0.181
2024-08-22 07:00:00+00:00,31.0,23.397747,0.0,29.3,0.181
2024-08-22 08:00:00+00:00,33.75,19.42621,0.0,31.95,0.181
2024-08-22 09:00:00+00:00,35.7,13.295956,0.0,34.55,0.181
2024-08-22 10:00:00+00:00,35.95,12.748569,0.0,36.3,0.181
2024-08-22 11:00:00+00:00,36.0,12.849178,0.0,37.5,0.181
2024-08-22 12:00:00+00:00,35.85,12.638593,0.0,38.05,0.181
2024-08-22 13:00:00+00:00,34.1,15.156277,0.0,37.45,0.18
2024-08-22 14:00:00+00:00,33.1,16.542429,0.0,36.65,0.18
2024-08-22 15:00:00+00:00,31.7,20.997581,0.0,35.25,0.18
2024-08-22 16:00:00+00:00,31.0,21.626629,0.0,33.15,0.18
2024-08-22 17:00:00+00:00,26.7,32.78391,0.0,31.25,0.18
2024-08-22 18:00:00+00:00,25.25,32.820538,0.0,29.65,0.18
2024-08-22 19:00:00+00:00,23.4,36.048714,0.0,28.25,0.18
2024-08-22 20:00:00+00:00,21.8,37.73785,0.0,27.05,0.18
2024-08-22 21:00:00+00:00,20.9,37.4799,0.0,26.0,0.18
2024-08-22 22:00:00+00:00,20.4,37.98924,0.0,25.1,0.18
2024-08-22 23:00:00+00:00,19.6,41.180084,0.0,24.3,0.18
2024-08-23 00:00:00+00:00,18.7,45.86306,0.0,23.5,0.18
2024-08-23 01:00:00+00:00,20.7,41.778435,0.0,22.6,0.181
2024-08-23 02:00:00+00:00,20.1,43.95114,0.0,21.95,0.181
2024-08-23 03:00:00+00:00,19.65,45.34853,0.0,21.45,0.181
2024-08-23 04:00:00+00:00,20.55,44.985355,0.0,21.95,0.181
2024-08-23 05:00:00+00:00,23.1,39.02457,0.0,23.45,0.181
2024-08-23 06:00:00+00:00,25.65,33.270203,0.0,25.6,0.181
2024-08-23 07:00:00+00:00,28.15,28.820421,0.0,28.1,0.181
2024-08-23 08:00:00+00:00,30.45,25.493107,0.0,30.55,0.181
2024-08-23 09:00:00+00:00,32.45,20.194176,0.0,32.75,0.181
2024-08-23 10:00:00+00:00,34.0,13.855448,0.0,34.8,0.181
2024-08-23 11:00:00+00:00,34.65,9.615505,0.0,36.35,0.181
2024-08-23 12:00:00+00:00,34.3,10.943066,0.0,36.95,0.181
2024-08-23 13:00:00+00:00,33.05,16.999605,0.0,36.7,0.181
2024-08-23 14:00:00+00:00,32.4,18.25823,0.0,36.0,0.181
2024-08-23 15:00:00+00:00,31.1,20.919342,0.0,34.65,0.181
2024-08-23 16:00:00+00:00,27.7,28.696684,0.0,32.6,0.181
2024-08-23 17:00:00+00:00,26.8,29.238083,0.0,30.65,0.181
2024-08-23 18:00:00+00:00,24.3,31.778557,0.0,29.0,0.181
2024-08-23 19:00:00+00:00,22.45,35.167233,0.0,27.7,0.181
2024-08-23 20:00:00+00:00,21.2,36.79562,0.0,26.5,0.181
2024-08-23 21:00:00+00:00,20.4,37.077766,0.0,25.4,0.181
2024-08-23 22:00:00+00:00,19.8,37.9484,0.0,24.5,0.181
2024-08-23 23:00:00+00:00,19.35,40.403057,0.0,23.65,0.181
2024-08-24 00:00:00+00:00,19.95,37.859756,0.0,22.9,0.181
2024-08-24 01:00:00+00:00,21.15,35.52833,0.0,22.0,0.184
2024-08-24 02:00:00+00:00,20.2,38.32841,0.0,21.4,0.184
2024-08-24 03:00:00+00:00,19.85,39.30379,0.0,20.95,0.184
2024-08-24 04:00:00+00:00,20.55,39.504555,0.0,21.45,0.184
2024-08-24 05:00:00+00:00,22.9,35.417095,0.0,23.05,0.184
2024-08-24 06:00:00+00:00,25.6,30.22703,0.0,25.25,0.184
2024-08-24 07:00:00+00:00,28.5,24.97407,0.0,27.8,0.184
2024-08-24 08:00:00+00:00,31.2,21.016706,0.0,30.4,0.184
2024-08-24 09:00:00+00:00,33.1,17.552444,0.0,32.95,0.184
2024-08-24 10:00:00+00:00,33.8,15.412272,0.0,35.05,0.184
2024-08-24 11:00:00+00:00,33.95,15.123434,0.0,36.3,0.184
2024-08-24 12:00:00+00:00,33.7,14.139734,0.0,36.85,0.184
2024-08-24 13:00:00+00:00,32.85,12.714725,0.0,36.6,0.184
2024-08-24 14:00:00+00:00,32.0,13.243662,0.0,35.75,0.184
2024-08-24 15:00:00+00:00,30.4,18.486128,0.0,34.3,0.184
2024-08-24 16:00:00+00:00,29.55,17.33366,0.0,32.1,0.184
2024-08-24 17:00:00+00:00,27.85,19.266861,0.0,30.1,0.184
2024-08-24 18:00:00+00:00,23.6,27.661613,0.0,28.4,0.184
2024-08-24 19:00:00+00:00,22.7,29.003714,0.0,27.15,0.184
2024-08-24 20:00:00+00:00,21.65,30.702137,0.0,26.05,0.184
2024-08-24 21:00:00+00:00,20.6,33.210033,0.0,25.05,0.184
2024-08-24 22:00:00+00:00,19.6,37.890743,0.0,24.2,0.184
2024-08-24 23:00:00+00:00,19.45,39.188797,0.0,23.4,0.184
2024-08-25 00:00:00+00:00,19.0,40.583595,0.0,22.7,0.184
2024-08-25 01:00:00+00:00,19.5,37.994183,0.0,22.15,0.185
2024-08-25 02:00:00+00:00,17.45,45.987617,0.0,21.55,0.185
2024-08-25 03:00:00+00:00,18.25,48.48486,0.0,21.05,0.185
2024-08-25 04:00:00+00:00,21.05,39.78381,0.0,21.55,0.185
2024-08-25 05:00:00+00:00,24.3,32.108097,0.0,23.2,0.185
2024-08-25 06:00:00+00:00,26.95,27.624706,0.0,25.55,0.185
2024-08-25 07:00:00+00:00,28.85,23.31884,0.0,28.25,0.185
2024-08-25 08:00:00+00:00,30.4,20.035275,0.0,30.85,0.185
2024-08-25 09:00:00+00:00,31.0,16.586475,0.0,32.85,0.185
2024-08-25 10:00:00+00:00,30.9,18.60645,0.0,34.25,0.185
2024-08-25 11:00:00+00:00,31.05,20.056799,0.0,35.15,0.185
2024-08-25 12:00:00+00:00,31.3,18.768137,0.0,35.65,0.185
2024-08-25 13:00:00+00:00,31.3,17.933916,0.0,35.15,0.187
2024-08-25 14:00:00+00:00,29.8,19.13407,0.0,34.35,0.187
2024-08-25 15:00:00+00:00,27.85,25.582966,0.0,32.85,0.187
2024-08-25 16:00:00+00:00,26.75,28.82729,0.0,30.9,0.187
2024-08-25 17:00:00+00:00,24.3,34.736504,0.0,29.15,0.187
2024-08-25 18:00:00+00:00,23.3,36.143414,0.0,27.8,0.187
2024-08-25 19:00:00+00:00,22.1,40.63158,0.0,26.7,0.187
2024-08-25 20:00:00+00:00,21.05,45.27758,0.0,25.7,0.187
2024-08-25 21:00:00+00:00,20.1,49.487553,0.0,24.75,0.187
2024-08-25 22:00:00+00:00,19.35,53.43648,0.0,24.0,0.187
2024-08-25 23:00:00+00:00,18.65,57.529488,0.0,23.3,0.187
2024-08-26 00:00:00+00:00,17.95,62.77394,0.0,22.65,0.187
2024-08-26 01:00:00+00:00,19.0,56.662693,0.0,21.95,0.187
2024-08-26 02:00:00+00:00,18.35,59.408848,0.0,21.4,0.187
2024-08-26 03:00:00+00:00,17.85,61.92078,0.0,20.95,0.187
2024-08-26 04:00:00+00:00,19.3,57.498215,0.0,21.4,0.187
2024-08-26 05:00:00+00:00,21.65,47.46938,0.0,22.75,0.187
2024-08-26 06:00:00+00:00,24.0,41.03076,0.0,24.75,0.187
2024-08-26 07:00:00+00:00,26.4,36.167282,0.0,27.05,0.187
2024-08-26 08:00:00+00:00,28.55,29.323597,0.0,29.65,0.187
2024-08-26 09:00:00+00:00,29.8,25.49303,0.0,31.8,0.187
2024-08-26 10:00:00+00:00,30.25,22.965569,0.0,33.2,0.187
2024-08-26 11:00:00+00:00,30.2,24.161673,0.0,34.2,0.187
2024-08-26 12:00:00+00:00,30.3,23.616722,0.0,34.5,0.187
2024-08-26 13:00:00+00:00,30.2,22.561659,0.0,34.5,0.187
2024-08-26 14:00:00+00:00,29.45,23.637636,0.0,33.7,0.187
2024-08-26 15:00:00+00:00,28.25,25.956148,0.0,32.4,0.187
2024-08-26 16:00:00+00:00,25.6,33.031178,0.0,30.65,0.187
2024-08-26 17:00:00+00:00,24.1,38.00628,0.0,28.85,0.187
2024-08-26 18:00:00+00:00,22.75,39.190353,0.0,27.4,0.187
2024-08-26 19:00:00+00:00,21.65,41.9051,0.0,26.2,0.187
2024-08-26 20:00:00+00:00,20.25,47.404507,0.0,25.15,0.187
2024-08-26 21:00:00+00:00,19.45,49.478603,0.0,24.2,0.187
2024-08-26 22:00:00+00:00,18.7,51.497547,0.0,23.4,0.187
2024-08-26 23:00:00+00:00,18.35,52.28319,0.0,22.65,0.187
2024-08-27 00:00:00+00:00,18.65,49.597664,0.0,21.95,0.187
2024-08-27 01:00:00+00:00,19.35,45.264557,0.0,21.1,0.187
2024-08-27 02:00:00+00:00,18.7,46.815895,0.0,20.55,0.187
2024-08-27 03:00:00+00:00,18.3,48.003407,0.0,20.1,0.187
2024-08-27 04:00:00+00:00,19.2,46.95459,0.0,20.6,0.187
2024-08-27 05:00:00+00:00,21.45,42.133923,0.0,22.1,0.187
2024-08-27 06:00:00+00:00,23.8,37.284622,0.0,24.25,0.187
2024-08-27 07:00:00+00:00,26.2,31.554874,0.0,26.75,0.187
2024-08-27 08:00:00+00:00,28.25,26.67676,0.0,29.25,0.187
2024-08-27 09:00:00+00:00,29.8,23.32552,0.0,31.35,0.187
2024-08-27 10:00:00+00:00,30.85,21.366673,0.0,32.95,0.187
2024-08-27 11:00:00+00:00,31.35,20.90991,0.0,33.9,0.187
2024-08-27 12:00:00+00:00,31.5,20.947485,0.0,34.4,0.187
2024-08-27 13:00:00+00:00,31.55,19.225365,0.0,34.45,0.187
2024-08-27 14:00:00+00:00,30.8,18.19534,0.0,33.85,0.187
2024-08-27 15:00:00+00:00,29.35,21.505804,0.0,32.6,0.187
2024-08-27 16:00:00+00:00,26.6,25.511694,0.0,30.8,0.187
2024-08-27 17:00:00+00:00,24.35,31.683477,0.0,29.1,0.187
2024-08-27 18:00:00+00:00,23.15,35.125484,0.0,27.6,0.187
2024-08-27 19:00:00+00:00,22.75,36.35835,0.0,26.4,0.187
2024-08-27 20:00:00+00:00,21.3,41.240223,0.0,25.35,0.187
2024-08-27 21:00:00+00:00,21.15,41.76353,0.0,24.4,0.187
2024-08-27 22:00:00+00:00,21.8,38.390484,0.0,23.5,0.187
2024-08-27 23:00:00+00:00,21.45,39.08686,0.0,22.7,0.187
2024-08-28 00:00:00+00:00,20.6,41.323402,0.0,22.0,0.187
2024-08-28 01:00:00+00:00,18.9,49.497154,0.0,21.2,0.187
2024-08-28 02:00:00+00:00,18.4,50.896496,0.0,20.65,0.187
2024-08-28 03:00:00+00:00,18.15,51.350746,0.0,20.15,0.187
2024-08-28 04:00:00+00:00,18.75,50.13303,0.0,20.6,0.187
2024-08-28 05:00:00+00:00,20.8,44.14787,0.0,22.05,0.187
2024-08-28 06:00:00+00:00,23.2,38.789364,0.0,24.15,0.187
2024-08-28 07:00:00+00:00,25.6,33.824326,0.0,26.65,0.187
2024-08-28 08:00:00+00:00,27.8,29.815903,0.0,29.25,0.187
2024-08-28 09:00:00+00:00,29.8,25.6669,0.0,31.65,0.187
2024-08-28 10:00:00+00:00,31.35,20.694876,0.0,33.55,0.187
2024-08-28 11:00:00+00:00,32.35,17.807167,0.0,34.9,0.187
2024-08-28 12:00:00+00:00,32.9,15.927683,0.0,35.6,0.187
2024-08-28 13:00:00+00:00,33.15,15.760775,0.0,35.75,0.187
2024-08-28 14:00:00+00:00,32.7,16.859802,0.0,35.1,0.187
2024-08-28 15:00:00+00:00,31.1,20.419615,0.0,33.75,0.187
2024-08-28 16:00:00+00:00,27.25,29.064198,0.0,31.8,0.187
2024-08-28 17:00:00+00:00,26.4,26.540678,0.0,30.0,0.187
2024-08-28 18:00:00+00:00,24.5,27.716873,0.0,28.55,0.187
2024-08-28 19:00:00+00:00,22.9,28.453331,0.0,27.2,0.187
2024-08-28 20:00:00+00:00,21.75,30.622625,0.0,26.05,0.187
2024-08-28 21:00:00+00:00,20.6,35.3702,0.0,25.0,0.187
2024-08-28 22:00:00+00:00,23.1,28.912405,0.0,24.0,0.187
2024-08-28 23:00:00+00:00,22.3,30.137768,0.0,23.15,0.187
2024-08-29 00:00:00+00:00,21.35,31.825718,0.0,22.35,0.187
2024-08-29 01:00:00+00:00,20.45,38.666702,0.0,21.65,0.187
2024-08-29 02:00:00+00:00,20.0,39.89481,0.0,21.1,0.187
2024-08-29 03:00:00+00:00,19.45,41.99811,0.0,20.65,0.187
2024-08-29 04:00:00+00:00,19.8,42.09778,0.0,21.05,0.187
2024-08-29 05:00:00+00:00,22.05,39.661587,0.0,22.55,0.187
2024-08-29 06:00:00+00:00,24.65,35.55198,0.0,24.75,0.187
2024-08-29 07:00:00+00:00,27.0,31.778767,0.0,27.3,0.187
2024-08-29 08:00:00+00:00,29.15,28.131126,0.0,29.9,0.187
2024-08-29 09:00:00+00:00,31.0,23.718504,0.0,32.3,0.187
2024-08-29 10:00:00+00:00,32.3,19.00946,0.0,34.05,0.187
2024-08-29 11:00:00+00:00,32.85,16.601353,0.0,35.15,0.187
2024-08-29 12:00:00+00:00,33.25,14.655816,0.0,35.65,0.187
2024-08-29 13:00:00+00:00,33.55,15.629337,0.0,35.6,0.187
2024-08-29 14:00:00+00:00,32.45,18.270119,0.0,34.8,0.187
2024-08-29 15:00:00+00:00,30.5,40.96115,0.0,33.55,0.187
2024-08-29 16:00:00+00:00,27.05,30.321217,0.0,31.55,0.187
2024-08-29 17:00:00+00:00,25.65,29.421524,0.0,29.75,0.187
2024-08-29 18:00:00+00:00,24.3,28.148947,0.0,28.35,0.187
2024-08-29 19:00:00+00:00,23.05,27.41209,0.0,27.1,0.187
2024-08-29 20:00:00+00:00,22.3,27.300734,0.0,26.0,0.187
2024-08-29 21:00:00+00:00,20.75,32.6741,0.0,25.0,0.187
2024-08-29 22:00:00+00:00,20.55,33.42979,0.0,24.05,0.187
2024-08-29 23:00:00+00:00,20.4,34.097736,0.0,23.25,0.187
2024-08-30 00:00:00+00:00,22.0,29.320587,0.0,22.6,0.187
2024-08-30 01:00:00+00:00,21.65,30.272606,0.0,22.55,0.188
2024-08-30 02:00:00+00:00,20.9,33.29614,0.0,21.95,0.188
2024-08-30 03:00:00+00:00,19.75,41.939014,0.0,21.55,0.188
2024-08-30 04:00:00+00:00,21.2,38.615284,0.0,21.9,0.188
2024-08-30 05:00:00+00:00,23.3,39.346527,0.0,23.35,0.188
2024-08-30 06:00:00+00:00,25.5,38.14659,0.0,25.45,0.188
2024-08-30 07:00:00+00:00,27.65,34.401016,0.0,27.8,0.188
2024-08-30 08:00:00+00:00,29.6,29.810936,0.0,30.0,0.188
2024-08-30 09:00:00+00:00,31.55,23.620459,0.0,31.9,0.188
2024-08-30 10:00:00+00:00,32.85,19.608887,0.0,33.75,0.188
2024-08-30 11:00:00+00:00,33.35,16.832697,0.0,35.4,0.188
2024-08-30 12:00:00+00:00,33.4,14.584622,0.0,36.2,0.188
2024-08-30 13:00:00+00:00,32.8,14.558535,0.0,35.6,0.188
2024-08-30 14:00:00+00:00,32.05,16.360851,0.0,34.9,0.188
2024-08-30 15:00:00+00:00,30.2,18.96388,0.0,33.5,0.188
2024-08-30 16:00:00+00:00,26.45,24.944529,0.0,31.35,0.188
2024-08-30 17:00:00+00:00,25.3,25.78611,0.0,29.4,0.188
2024-08-30 18:00:00+00:00,23.75,25.185574,0.0,27.85,0.188
2024-08-30 19:00:00+00:00,21.7,28.318098,0.0,26.6,0.188
2024-08-30 20:00:00+00:00,20.2,31.497019,0.0,25.4,0.188
2024-08-30 21:00:00+00:00,19.05,35.544537,0.0,24.25,0.188
2024-08-30 22:00:00+00:00,19.55,34.09272,0.0,23.25,0.188
2024-08-30 23:00:00+00:00,20.4,31.220776,0.0,22.4,0.188
2024-08-31 00:00:00+00:00,20.6,30.403614,0.0,21.6,0.188
2024-08-31 01:00:00+00:00,19.6,33.628815,0.0,21.15,0.188
2024-08-31 02:00:00+00:00,18.85,35.112476,0.0,20.55,0.188
2024-08-31 03:00:00+00:00,18.5,36.144066,0.0,20.05,0.188
2024-08-31 04:00:00+00:00,18.95,36.65924,0.0,20.45,0.188
2024-08-31 05:00:00+00:00,21.2,36.92304,0.0,21.95,0.188
2024-08-31 06:00:00+00:00,23.35,41.67935,0.0,24.15,0.188
2024-08-31 07:00:00+00:00,25.65,38.830547,0.0,26.7,0.188
2024-08-31 08:00:00+00:00,28.0,33.48131,0.0,29.25,0.188
2024-08-31 09:00:00+00:00,30.35,25.726494,0.0,31.6,0.188
2024-08-31 10:00:00+00:00,31.95,20.844667,0.0,33.4,0.188
2024-08-31 11:00:00+00:00,32.9,18.697554,0.0,34.65,0.188
2024-08-31 12:00:00+00:00,32.9,19.220455,0.0,35.25,0.188
2024-08-31 13:00:00+00:00,32.55,19.468601,0.0,35.4,0.188
2024-08-31 14:00:00+00:00,32.0,14.23216,0.0,34.8,0.188
2024-08-31 15:00:00+00:00,29.6,21.719652,0.0,33.3,0.188
2024-08-31 16:00:00+00:00,25.95,19.914467,0.0,31.0,0.188
2024-08-31 17:00:00+00:00,23.9,19.471277,0.0,29.1,0.188
2024-08-31 18:00:00+00:00,21.9,21.34525,0.0,27.5,0.188
2024-08-31 19:00:00+00:00,20.55,23.103243,0.0,26.1,0.188
2024-08-31 20:00:00+00:00,19.45,26.314928,0.0,24.8,0.188
2024-08-31 21:00:00+00:00,19.35,26.096262,0.0,23.75,0.188
2024-08-31 22:00:00+00:00,18.85,30.337864,0.0,22.85,0.188
2024-08-31 23:00:00+00:00,22.35,22.584005,0.0,22.05,0.188
2024-09-01 00:00:00+00:00,21.85,23.537252,0.0,21.6,0.188
2024-09-01 01:00:00+00:00,20.75,28.659534,0.0,20.95,0.188
2024-09-01 02:00:00+00:00,20.15,29.953394,0.0,20.35,0.188
2024-09-01 03:00:00+00:00,19.45,31.505964,0.0,19.8,0.188
2024-09-01 04:00:00+00:00,19.5,33.245155,0.0,20.25,0.188
2024-09-01 05:00:00+00:00,21.95,28.691422,0.0,21.8,0.188
2024-09-01 06:00:00+00:00,24.65,30.273438,0.0,24.15,0.188
2024-09-01 07:00:00+00:00,27.05,32.992794,0.0,26.8,0.188
2024-09-01 08:00:00+00:00,29.75,26.270285,0.0,29.4,0.188
2024-09-01 09:00:00+00:00,31.95,17.775015,0.0,31.7,0.188
2024-09-01 10:00:00+00:00,33.55,13.2308655,0.0,33.65,0.188
2024-09-01 11:00:00+00:00,33.9,11.149268,0.0,35.2,0.188
2024-09-01 12:00:00+00:00,33.65,12.025494,0.0,35.95,0.188
2024-09-01 13:00:00+00:00,32.3,14.658357,0.0,35.6,0.188
2024-09-01 14:00:00+00:00,31.35,17.265507,0.0,34.75,0.188
2024-09-01 15:00:00+00:00,29.1,38.149014,0.0,33.25,0.188
2024-09-01 16:00:00+00:00,26.0,24.564375,0.0,31.1,0.188
2024-09-01 17:00:00+00:00,24.35,26.911016,0.0,29.25,0.188
2024-09-01 18:00:00+00:00,22.75,32.00131,0.0,27.65,0.188
2024-09-01 19:00:00+00:00,21.45,36.74033,0.0,26.35,0.188
2024-09-01 20:00:00+00:00,20.35,40.96987,0.0,25.2,0.188
2024-09-01 21:00:00+00:00,19.5,44.234493,0.0,24.25,0.188
2024-09-01 22:00:00+00:00,18.75,47.47461,0.0,23.45,0.188
2024-09-01 23:00:00+00:00,18.2,49.81409,0.0,22.7,0.188
2024-09-02 00:00:00+00:00,17.65,52.09759,0.0,22.05,0.188
2024-09-02 01:00:00+00:00,17.75,59.66284,0.0,21.2,0.188
2024-09-02 02:00:00+00:00,18.65,55.448322,0.0,20.7,0.188
2024-09-02 03:00:00+00:00,18.25,57.430454,0.0,20.25,0.188
2024-09-02 04:00:00+00:00,19.35,55.255642,0.0,20.65,0.188
2024-09-02 05:00:00+00:00,21.9,45.819973,0.0,22.1,0.188
2024-09-02 06:00:00+00:00,24.1,39.176064,0.0,24.2,0.188
2024-09-02 07:00:00+00:00,26.7,34.711205,0.0,26.6,0.188
2024-09-02 08:00:00+00:00,29.45,28.4035,0.0,29.25,0.188
2024-09-02 09:00:00+00:00,30.85,22.963444,0.0,31.85,0.188
2024-09-02 10:00:00+00:00,31.75,19.67866,0.0,33.95,0.188
2024-09-02 11:00:00+00:00,31.8,17.370625,0.0,35.15,0.188
2024-09-02 12:00:00+00:00,31.55,17.373167,0.0,35.55,0.188
2024-09-02 13:00:00+00:00,30.3,16.602158,0.0,35.2,0.188
2024-09-02 14:00:00+00:00,29.3,16.489737,0.0,34.2,0.188
2024-09-02 15:00:00+00:00,27.45,22.318785,0.0,32.55,0.188
2024-09-02 16:00:00+00:00,23.45,27.717327,0.0,30.25,0.188
2024-09-02 17:00:00+00:00,22.1,27.733505,0.0,28.2,0.188
2024-09-02 18:00:00+00:00,20.9,29.0103,0.0,26.6,0.188
2024-09-02 19:00:00+00:00,20.0,30.885891,0.0,25.35,0.188
2024-09-02 20:00:00+00:00,19.2,32.459038,0.0,24.25,0.188
2024-09-02 21:00:00+00:00,18.5,34.88712,0.0,23.3,0.188
2024-09-02 22:00:00+00:00,17.35,41.687748,0.0,22.4,0.188
2024-09-02 23:00:00+00:00,19.6,34.22766,0.0,21.6,0.188
2024-09-03 00:00:00+00:00,19.05,36.303406,0.0,20.85,0.188
2024-09-03 01:00:00+00:00,16.8,43.620766,0.0,19.6,0.188
2024-09-03 02:00:00+00:00,16.15,45.94146,0.0,19.0,0.188
2024-09-03 03:00:00+00:00,15.95,46.69444,0.0,18.45,0.188
2024-09-03 04:00:00+00:00,16.65,45.603317,0.0,18.8,0.188
2024-09-03 05:00:00+00:00,19.1,39.498623,0.0,20.3,0.188
2024-09-03 06:00:00+00:00,21.7,32.14987,0.0,22.55,0.188
2024-09-03 07:00:00+00:00,24.25,26.789314,0.0,25.15,0.188
2024-09-03 08:00:00+00:00,26.55,23.530493,0.0,27.9,0.188
2024-09-03 09:00:00+00:00,28.8,20.058903,0.0,30.35,0.188
2024-09-03 10:00:00+00:00,30.55,17.3225,0.0,32.25,0.188
2024-09-03 11:00:00+00:00,31.7,16.052248,0.0,33.45,0.188
2024-09-03 12:00:00+00:00,32.15,15.156259,0.0,34.05,0.188
2024-09-03 13:00:00+00:00,31.8,16.652851,0.0,34.2,0.188
2024-09-03 14:00:00+00:00,31.2,15.99595,0.0,33.55,0.188
2024-09-03 15:00:00+00:00,28.55,21.602373,0.0,32.1,0.188
2024-09-03 16:00:00+00:00,24.3,23.6842,0.0,29.9,0.188
2024-09-03 17:00:00+00:00,22.75,22.772135,0.0,27.95,0.188
2024-09-03 18:00:00+00:00,21.55,23.202332,0.0,26.4,0.188
2024-09-03 19:00:00+00:00,20.2,24.846607,0.0,25.05,0.188
2024-09-03 20:00:00+00:00,19.1,26.217386,0.0,23.9,0.188
2024-09-03 21:00:00+00:00,18.3,27.063435,0.0,22.9,0.188
2024-09-03 22:00:00+00:00,17.2,30.192387,0.0,21.95,0.188
2024-09-03 23:00:00+00:00,18.4,27.190706,0.0,21.05,0.188
2024-09-04 00:00:00+00:00,19.95,23.367975,0.0,20.3,0.188
2024-09-04 01:00:00+00:00,18.7,33.132065,0.0,19.3,0.188
2024-09-04 02:00:00+00:00,18.05,34.88045,0.0,18.75,0.188
2024-09-04 03:00:00+00:00,17.6,36.138775,0.0,18.3,0.188
2024-09-04 04:00:00+00:00,18.05,37.047787,0.0,18.75,0.188
2024-09-04 05:00:00+00:00,20.45,33.636604,0.0,20.3,0.188
2024-09-04 06:00:00+00:00,23.05,29.204086,0.0,22.6,0.188
2024-09-04 07:00:00+00:00,25.7,25.535465,0.0,25.3,0.188
2024-09-04 08:00:00+00:00,28.05,21.930996,0.0,28.0,0.188
2024-09-04 09:00:00+00:00,30.0,19.04868,0.0,30.3,0.188
2024-09-04 10:00:00+00:00,31.35,17.08399,0.0,32.1,0.188
2024-09-04 11:00:00+00:00,31.95,15.328819,0.0,33.45,0.188
2024-09-04 12:00:00+00:00,32.25,13.391729,0.0,34.25,0.188
2024-09-04 13:00:00+00:00,31.45,14.114351,0.0,34.15,0.188
2024-09-04 14:00:00+00:00,29.9,17.109238,0.0,33.3,0.188
2024-09-04 15:00:00+00:00,28.15,21.275003,0.0,31.75,0.188
2024-09-04 16:00:00+00:00,24.4,28.275097,0.0,29.7,0.188
2024-09-04 17:00:00+00:00,23.15,29.748028,0.0,27.9,0.188
2024-09-04 18:00:00+00:00,21.2,33.033585,0.0,26.4,0.188
2024-09-04 19:00:00+00:00,19.35,38.350224,0.0,25.0,0.188
2024-09-04 20:00:00+00:00,19.05,37.337524,0.0,23.85,0.188
2024-09-04 21:00:00+00:00,17.9,41.99192,0.0,22.8,0.188
2024-09-04 22:00:00+00:00,17.55,41.745255,0.0,21.9,0.188
2024-09-04 23:00:00+00:00,19.8,33.214058,0.0,21.15,0.188
2024-09-05 00:00:00+00:00,19.55,33.6144,0.0,20.45,0.188
2024-09-05 01:00:00+00:00,19.15,37.235767,0.0,20.15,0.188
2024-09-05 02:00:00+00:00,18.6,38.536793,0.0,19.6,0.188
2024-09-05 03:00:00+00:00,18.3,39.543934,0.0,19.1,0.188
2024-09-05 04:00:00+00:00,18.85,39.841118,0.0,19.45,0.188
2024-09-05 05:00:00+00:00,21.25,34.222496,0.0,21.0,0.188
2024-09-05 06:00:00+00:00,23.6,31.799986,0.0,23.25,0.188
2024-09-05 07:00:00+00:00,25.7,30.462965,0.0,25.85,0.188
2024-09-05 08:00:00+00:00,27.8,27.952543,0.0,28.45,0.188
2024-09-05 09:00:00+00:00,29.65,24.09967,0.0,30.75,0.188
2024-09-05 10:00:00+00:00,30.9,21.01384,0.0,32.45,0.188
2024-09-05 11:00:00+00:00,31.35,19.176743,0.0,33.45,0.188
2024-09-05 12:00:00+00:00,31.75,18.422338,0.0,33.95,0.188
2024-09-05 13:00:00+00:00,31.15,19.53172,0.0,33.8,0.188
2024-09-05 14:00:00+00:00,30.05,20.370518,0.0,33.05,0.188
2024-09-05 15:00:00+00:00,28.35,24.005613,0.0,31.65,0.188
2024-09-05 16:00:00+00:00,26.05,28.732481,0.0,29.8,0.188
2024-09-05 17:00:00+00:00,24.5,32.054386,0.0,28.25,0.188
2024-09-05 18:00:00+00:00,21.95,41.70633,0.0,26.8,0.188
2024-09-05 19:00:00+00:00,21.9,40.574814,0.0,25.5,0.188
2024-09-05 20:00:00+00:00,20.0,45.912304,0.0,24.35,0.188
2024-09-05 21:00:00+00:00,21.3,40.68119,0.0,23.4,0.188
2024-09-05 22:00:00+00:00,21.5,39.50483,0.0,22.55,0.188
2024-09-05 23:00:00+00:00,20.6,41.60739,0.0,21.75,0.188
2024-09-06 00:00:00+00:00,19.65,43.524944,0.0,21.1,0.188
2024-09-06 01:00:00+00:00,18.7,45.705925,0.0,21.05,0.188
2024-09-06 02:00:00+00:00,18.35,46.879177,0.0,20.45,0.188
2024-09-06 03:00:00+00:00,17.9,48.22295,0.0,19.95,0.188
2024-09-06 04:00:00+00:00,18.5,47.731,0.0,20.25,0.188
2024-09-06 05:00:00+00:00,20.7,44.571484,0.0,21.6,0.188
2024-09-06 06:00:00+00:00,22.9,40.996216,0.0,23.65,0.188
2024-09-06 07:00:00+00:00,25.0,36.749786,0.0,26.05,0.188
2024-09-06 08:00:00+00:00,26.7,32.894608,0.0,28.5,0.188
2024-09-06 09:00:00+00:00,28.0,28.975073,0.0,30.55,0.188
2024-09-06 10:00:00+00:00,29.15,26.377115,0.0,32.3,0.188
2024-09-06 11:00:00+00:00,30.1,24.634422,0.0,33.1,0.188
2024-09-06 12:00:00+00:00,30.7,23.319876,0.0,33.6,0.188
2024-09-06 13:00:00+00:00,27.6,29.160797,0.0,32.35,0.188
2024-09-06 14:00:00+00:00,26.55,29.469643,0.0,31.15,0.188
2024-09-06 15:00:00+00:00,25.9,31.15061,0.0,29.95,0.188
2024-09-06 16:00:00+00:00,25.1,32.778214,0.0,28.25,0.188
2024-09-06 17:00:00+00:00,21.8,45.33337,0.0,26.85,0.188
2024-09-06 18:00:00+00:00,20.9,51.90653,0.0,25.65,0.188
2024-09-06 19:00:00+00:00,19.95,56.523197,0.0,24.55,0.188
2024-09-06 20:00:00+00:00,19.0,61.368195,0.0,23.6,0.188
2024-09-06 21:00:00+00:00,18.15,66.01732,0.0,22.7,0.188
2024-09-06 22:00:00+00:00,19.1,59.194477,0.0,21.95,0.188
2024-09-06 23:00:00+00:00,18.4,61.025387,0.0,21.3,0.188
2024-09-07 00:00:00+00:00,17.55,63.524265,0.0,20.75,0.188
2024-09-07 01:00:00+00:00,17.0,63.188858,0.0,20.3,0.189
2024-09-07 02:00:00+00:00,16.6,64.81298,0.0,19.8,0.189
2024-09-07 03:00:00+00:00,16.3,66.2832,0.0,19.3,0.189
2024-09-07 04:00:00+00:00,16.75,65.06292,0.0,19.55,0.189
2024-09-07 05:00:00+00:00,18.65,60.277683,0.0,20.8,0.189
2024-09-07 06:00:00+00:00,21.0,53.15414,0.0,22.75,0.189
2024-09-07 07:00:00+00:00,23.3,46.358963,0.0,25.05,0.189
2024-09-07 08:00:00+00:00,25.45,40.487473,0.0,27.3,0.189
2024-09-07 09:00:00+00:00,27.25,34.982258,0.0,29.45,0.189
2024-09-07 10:00:00+00:00,28.8,29.392384,0.0,31.4,0.189
2024-09-07 11:00:00+00:00,29.45,26.368221,0.0,32.8,0.189
2024-09-07 12:00:00+00:00,29.85,23.90554,0.0,33.55,0.189
2024-09-07 13:00:00+00:00,26.0,41.865646,0.2,31.65,0.19
2024-09-07 14:00:00+00:00,23.7,52.63655,1.3,29.95,0.203
2024-09-07 15:00:00+00:00,21.4,58.77602,0.4,27.25,0.207
2024-09-07 16:00:00+00:00,20.8,60.981556,0.0,25.55,0.207
2024-09-07 17:00:00+00:00,20.5,63.34732,0.0,24.35,0.207
2024-09-07 18:00:00+00:00,21.0,63.047485,0.0,23.5,0.207
2024-09-07 19:00:00+00:00,19.2,72.09304,0.0,22.65,0.207
2024-09-07 20:00:00+00:00,19.3,69.582695,0.0,21.9,0.207
2024-09-07 21:00:00+00:00,18.8,70.6276,0.0,21.3,0.207
2024-09-07 22:00:00+00:00,17.8,73.02226,0.0,20.65,0.207
2024-09-07 23:00:00+00:00,17.8,71.13406,0.0,20.05,0.207
2024-09-08 00:00:00+00:00,17.35,71.049416,0.0,19.5,0.207
2024-09-08 01:00:00+00:00,17.1,70.535286,0.0,20.9,0.189
2024-09-08 02:00:00+00:00,16.7,71.63358,0.0,20.25,0.189
2024-09-08 03:00:00+00:00,16.35,72.52255,0.0,19.7,0.189
2024-09-08 04:00:00+00:00,17.15,68.02523,0.0,19.9,0.189
2024-09-08 05:00:00+00:00,19.0,62.803955,0.0,21.1,0.189
2024-09-08 06:00:00+00:00,21.05,54.41347,0.0,22.9,0.189
2024-09-08 07:00:00+00:00,23.65,45.240467,0.0,25.1,0.189
2024-09-08 08:00:00+00:00,26.45,36.667366,0.0,27.35,0.189
2024-09-08 09:00:00+00:00,28.8,27.285442,0.0,29.45,0.189
2024-09-08 10:00:00+00:00,30.1,20.812857,0.0,31.65,0.189
2024-09-08 11:00:00+00:00,30.4,17.595942,0.0,32.85,0.189
2024-09-08 12:00:00+00:00,30.15,18.491003,0.0,33.45,0.189
2024-09-08 13:00:00+00:00,28.85,21.378544,0.0,32.95,0.182
2024-09-08 14:00:00+00:00,27.35,26.432938,0.0,31.95,0.182
2024-09-08 15:00:00+00:00,26.55,28.772041,0.0,30.5,0.182
2024-09-08 16:00:00+00:00,24.05,34.783974,0.0,28.75,0.182
2024-09-08 17:00:00+00:00,23.75,35.17609,0.0,27.1,0.182
2024-09-08 18:00:00+00:00,21.15,40.777645,0.0,25.7,0.182
2024-09-08 19:00:00+00:00,20.5,40.45314,0.0,24.7,0.182
2024-09-08 20:00:00+00:00,19.4,42.860706,0.0,23.75,0.182
2024-09-08 21:00:00+00:00,18.45,45.950764,0.0,22.9,0.182
2024-09-08 22:00:00+00:00,17.55,49.80777,0.0,22.05,0.182
2024-09-08 23:00:00+00:00,17.15,51.610073,0.0,21.3,0.182
2024-09-09 00:00:00+00:00,17.3,49.910755,0.0,20.6,0.182
2024-09-09 01:00:00+00:00,18.65,46.1648,0.0,20.3,0.189
2024-09-09 02:00:00+00:00,18.0,47.92063,0.0,19.7,0.189
2024-09-09 03:00:00+00:00,17.5,49.453747,0.0,19.2,0.189
2024-09-09 04:00:00+00:00,18.35,48.017174,0.0,19.45,0.189
2024-09-09 05:00:00+00:00,21.35,41.678112,0.0,20.9,0.189
2024-09-09 06:00:00+00:00,24.05,36.480366,0.0,23.0,0.189
2024-09-09 07:00:00+00:00,26.5,31.318521,0.0,25.45,0.189
2024-09-09 08:00:00+00:00,28.65,25.709616,0.0,27.95,0.189
2024-09-09 09:00:00+00:00,29.85,21.63308,0.0,30.05,0.189
2024-09-09 10:00:00+00:00,30.3,20.01051,0.0,31.8,0.189
2024-09-09 11:00:00+00:00,30.4,20.529001,0.0,32.85,0.19
2024-09-09 12:00:00+00:00,30.25,22.189402,0.0,33.25,0.19
2024-09-09 13:00:00+00:00,28.7,25.811165,0.0,32.35,0.189
2024-09-09 14:00:00+00:00,27.95,28.765438,0.0,31.6,0.189
2024-09-09 15:00:00+00:00,26.9,31.536839,0.0,30.35,0.189
2024-09-09 16:00:00+00:00,24.45,35.49524,0.0,28.7,0.189
2024-09-09 17:00:00+00:00,23.05,38.484695,0.0,27.25,0.189
2024-09-09 18:00:00+00:00,21.85,41.11598,0.0,25.95,0.189
2024-09-09 19:00:00+00:00,20.65,43.65811,0.0,24.85,0.189
2024-09-09 20:00:00+00:00,19.85,45.559326,0.0,23.95,0.189
2024-09-09 21:00:00+00:00,19.3,48.114525,0.0,23.05,0.189
2024-09-09 22:00:00+00:00,19.9,45.573296,0.0,22.45,0.189
2024-09-09 23:00:00+00:00,19.05,46.43479,0.0,21.8,0.189
2024-09-10 00:00:00+00:00,19.4,49.13131,0.0,21.65,0.189
2024-09-10 01:00:00+00:00,17.45,81.24024,0.0,20.6,0.21
2024-09-10 02:00:00+00:00,17.35,78.12334,0.0,20.3,0.211
2024-09-10 03:00:00+00:00,16.6,82.19234,0.1,19.9,0.211
2024-09-10 04:00:00+00:00,17.85,75.2074,0.0,20.05,0.211
2024-09-10 05:00:00+00:00,18.65,71.06105,0.3,20.35,0.214
2024-09-10 06:00:00+00:00,20.5,64.38714,0.0,21.9,0.214
2024-09-10 07:00:00+00:00,21.35,58.57222,0.0,23.0,0.214
2024-09-10 08:00:00+00:00,23.9,48.238724,0.0,25.1,0.214
2024-09-10 09:00:00+00:00,25.15,44.17764,0.0,26.85,0.213
2024-09-10 10:00:00+00:00,26.4,39.692154,0.0,28.65,0.213
2024-09-10 11:00:00+00:00,27.55,35.066494,0.0,30.2,0.212
2024-09-10 12:00:00+00:00,26.9,35.000668,0.0,30.7,0.211
2024-09-10 13:00:00+00:00,25.9,38.900894,0.0,29.7,0.211
2024-09-10 14:00:00+00:00,25.45,38.13249,0.0,29.15,0.211
2024-09-10 15:00:00+00:00,24.35,40.719215,0.0,28.0,0.211
2024-09-10 16:00:00+00:00,22.15,51.719944,0.0,26.4,0.211
2024-09-10 17:00:00+00:00,20.95,58.093224,0.0,25.15,0.21
2024-09-10 18:00:00+00:00,20.05,61.81338,0.0,24.05,0.21
2024-09-10 19:00:00+00:00,19.4,63.10142,0.0,23.1,0.21
2024-09-10 20:00:00+00:00,18.65,64.4043,0.0,22.2,0.21
2024-09-10 21:00:00+00:00,20.0,56.348465,0.0,21.45,0.21
2024-09-10 22:00:00+00:00,17.8,64.85951,0.0,20.8,0.21
2024-09-10 23:00:00+00:00,18.8,58.729866,0.0,20.2,0.21
2024-09-11 00:00:00+00:00,18.0,61.749428,0.0,19.65,0.21
2024-09-11 01:00:00+00:00,17.45,65.21515,0.0,19.25,0.213
2024-09-11 02:00:00+00:00,17.05,66.44232,0.0,18.8,0.213
2024-09-11 03:00:00+00:00,16.55,69.50141,0.0,18.35,0.213
2024-09-11 04:00:00+00:00,17.4,67.18086,0.0,18.7,0.213
2024-09-11 05:00:00+00:00,19.45,62.699028,0.0,20.0,0.212
2024-09-11 06:00:00+00:00,21.65,55.836014,0.0,21.95,0.212
2024-09-11 07:00:00+00:00,24.15,47.053566,0.0,24.3,0.212
2024-09-11 08:00:00+00:00,26.65,39.24086,0.0,26.7,0.211
2024-09-11 09:00:00+00:00,28.6,33.20506,0.0,28.75,0.211
2024-09-11 10:00:00+00:00,30.05,29.636795,0.0,30.45,0.21
2024-09-11 11:00:00+00:00,30.65,23.466621,0.0,31.9,0.209
2024-09-11 12:00:00+00:00,30.6,18.147585,0.0,32.4,0.209
2024-09-11 13:00:00+00:00,29.85,20.179245,0.0,31.8,0.21
2024-09-11 14:00:00+00:00,29.15,21.604866,0.0,31.1,0.21
2024-09-11 15:00:00+00:00,26.8,32.481823,0.0,29.6,0.21
2024-09-11 16:00:00+00:00,26.05,26.908112,0.0,27.55,0.21
2024-09-11 17:00:00+00:00,21.4,36.980427,0.0,25.8,0.21
2024-09-11 18:00:00+00:00,19.15,42.642384,0.0,24.45,0.21
2024-09-11 19:00:00+00:00,17.8,46.245117,0.0,23.25,0.21
2024-09-11 20:00:00+00:00,17.1,48.334507,0.0,22.2,0.21
2024-09-11 21:00:00+00:00,16.55,49.1936,0.0,21.3,0.21
2024-09-11 22:00:00+00:00,16.1,49.41142,0.0,20.5,0.209
2024-09-11 23:00:00+00:00,15.75,49.31522,0.0,19.85,0.209
2024-09-12 00:00:00+00:00,15.4,50.08354,0.0,19.2,0.209
2024-09-12 01:00:00+00:00,18.75,38.715366,0.0,18.4,0.213
2024-09-12 02:00:00+00:00,18.1,40.32472,0.0,17.95,0.213
2024-09-12 03:00:00+00:00,17.25,42.54368,0.0,17.45,0.213
2024-09-12 04:00:00+00:00,17.3,44.998787,0.0,17.75,0.213
2024-09-12 05:00:00+00:00,19.3,38.73885,0.0,19.2,0.213
2024-09-12 06:00:00+00:00,21.8,35.83837,0.0,21.35,0.213
2024-09-12 07:00:00+00:00,24.2,31.207775,0.0,23.85,0.212
2024-09-12 08:00:00+00:00,26.45,27.110899,0.0,26.4,0.212
2024-09-12 09:00:00+00:00,28.45,23.866459,0.0,28.7,0.211
2024-09-12 10:00:00+00:00,29.75,21.833416,0.0,30.45,0.21
2024-09-12 11:00:00+00:00,30.3,21.15435,0.0,31.45,0.21
2024-09-12 12:00:00+00:00,30.75,19.84416,0.0,32.0,0.209
2024-09-12 13:00:00+00:00,30.85,16.434845,0.0,31.95,0.21
2024-09-12 14:00:00+00:00,30.05,15.963379,0.0,31.25,0.21
2024-09-12 15:00:00+00:00,26.4,30.24337,0.0,29.65,0.21
2024-09-12 16:00:00+00:00,23.25,27.85728,0.0,27.5,0.21
2024-09-12 17:00:00+00:00,21.2,32.459793,0.0,25.9,0.209
2024-09-12 18:00:00+00:00,19.45,36.16455,0.0,24.5,0.209
2024-09-12 19:00:00+00:00,18.3,38.046757,0.0,23.25,0.209
2024-09-12 20:00:00+00:00,17.7,38.547153,0.0,22.15,0.209
2024-09-12 21:00:00+00:00,16.9,40.68947,0.0,21.15,0.209
2024-09-12 22:00:00+00:00,19.55,31.088293,0.0,20.25,0.209
2024-09-12 23:00:00+00:00,18.95,31.587511,0.0,19.45,0.209
2024-09-13 00:00:00+00:00,18.4,32.228264,0.0,18.75,0.209
2024-09-13 01:00:00+00:00,17.7,34.163074,0.0,17.85,0.212
2024-09-13 02:00:00+00:00,16.9,35.678642,0.0,17.4,0.212
2024-09-13 03:00:00+00:00,16.7,35.876434,0.0,16.95,0.212
2024-09-13 04:00:00+00:00,16.75,47.409527,0.0,17.25,0.212
2024-09-13 05:00:00+00:00,19.2,32.923954,0.0,18.75,0.212
2024-09-13 06:00:00+00:00,22.05,29.334682,0.0,21.0,0.211
2024-09-13 07:00:00+00:00,24.65,26.247385,0.0,23.6,0.211
2024-09-13 08:00:00+00:00,26.85,23.609705,0.0,26.25,0.21
2024-09-13 09:00:00+00:00,28.6,20.798399,0.0,28.65,0.21
2024-09-13 10:00:00+00:00,29.8,17.516512,0.0,30.6,0.209
2024-09-13 11:00:00+00:00,30.3,16.96027,0.0,31.85,0.208
2024-09-13 12:00:00+00:00,30.35,16.791946,0.0,32.35,0.208
2024-09-13 13:00:00+00:00,30.05,17.637934,0.0,32.15,0.208
2024-09-13 14:00:00+00:00,29.5,16.300497,0.0,31.3,0.207
2024-09-13 15:00:00+00:00,28.45,17.698523,0.0,29.6,0.207
2024-09-13 16:00:00+00:00,22.65,27.204548,0.0,27.4,0.207
2024-09-13 17:00:00+00:00,20.7,30.109797,0.0,25.75,0.207
2024-09-13 18:00:00+00:00,18.85,31.671864,0.0,24.3,0.207
2024-09-13 19:00:00+00:00,18.15,31.244444,0.0,23.0,0.207
2024-09-13 20:00:00+00:00,17.6,31.198437,0.0,21.95,0.207
2024-09-13 21:00:00+00:00,16.75,33.280796,0.0,21.0,0.207
2024-09-13 22:00:00+00:00,19.7,25.53487,0.0,20.1,0.207
2024-09-13 23:00:00+00:00,19.5,24.385023,0.0,19.35,0.207
2024-09-14 00:00:00+00:00,18.35,26.00822,0.0,18.65,0.207
2024-09-14 01:00:00+00:00,17.6,29.979296,0.0,18.35,0.206
2024-09-14 02:00:00+00:00,17.1,31.280176,0.0,17.85,0.206
2024-09-14 03:00:00+00:00,16.9,32.025414,0.0,17.4,0.206
2024-09-14 04:00:00+00:00,16.95,34.68462,0.0,17.65,0.206
2024-09-14 05:00:00+00:00,18.95,35.39047,0.0,19.05,0.206
2024-09-14 06:00:00+00:00,21.45,36.613693,0.0,21.2,0.205
2024-09-14 07:00:00+00:00,23.85,33.329014,0.0,23.7,0.205
2024-09-14 08:00:00+00:00,26.05,28.831459,0.0,26.25,0.205
2024-09-14 09:00:00+00:00,27.85,24.46008,0.0,28.6,0.204
2024-09-14 10:00:00+00:00,29.2,20.94988,0.0,30.45,0.204
2024-09-14 11:00:00+00:00,29.9,18.758486,0.0,31.55,0.204
2024-09-14 12:00:00+00:00,30.4,17.287338,0.0,32.0,0.204
2024-09-14 13:00:00+00:00,29.75,18.722141,0.0,31.85,0.203
2024-09-14 14:00:00+00:00,28.8,19.159515,0.0,30.95,0.203
2024-09-14 15:00:00+00:00,27.45,22.16268,0.0,29.4,0.203
2024-09-14 16:00:00+00:00,22.75,31.014025,0.0,27.35,0.203
2024-09-14 17:00:00+00:00,21.8,31.8424,0.0,25.75,0.203
2024-09-14 18:00:00+00:00,20.0,33.744102,0.0,24.45,0.203
2024-09-14 19:00:00+00:00,18.15,39.500614,0.0,23.2,0.202
2024-09-14 20:00:00+00:00,18.4,40.12996,0.0,22.1,0.202
2024-09-14 21:00:00+00:00,18.65,37.221767,0.0,21.2,0.202
2024-09-14 22:00:00+00:00,20.75,30.446312,0.0,20.45,0.202
2024-09-14 23:00:00+00:00,18.9,35.126965,0.0,19.7,0.202
2024-09-15 00:00:00+00:00,16.1,45.60714,0.0,19.05,0.202
2024-09-15 01:00:00+00:00,17.45,44.111988,0.0,19.2,0.196
2024-09-15 02:00:00+00:00,17.15,45.74428,0.0,18.6,0.196
2024-09-15 03:00:00+00:00,16.8,47.095745,0.0,18.05,0.196
2024-09-15 04:00:00+00:00,16.85,49.106213,0.0,18.25,0.196
2024-09-15 05:00:00+00:00,18.65,47.772392,0.0,19.5,0.196
2024-09-15 06:00:00+00:00,20.95,45.09697,0.0,21.55,0.196
2024-09-15 07:00:00+00:00,23.3,39.479702,0.0,24.0,0.196
2024-09-15 08:00:00+00:00,25.6,33.256096,0.0,26.5,0.196
2024-09-15 09:00:00+00:00,27.6,27.613276,0.0,28.8,0.196
2024-09-15 10:00:00+00:00,29.0,24.094048,0.0,30.5,0.196
2024-09-15 11:00:00+00:00,29.75,22.75758,0.0,31.3,0.196
2024-09-15 12:00:00+00:00,30.3,20.15043,0.0,31.8,0.196
2024-09-15 13:00:00+00:00,29.6,21.87079,0.0,31.6,0.195
2024-09-15 14:00:00+00:00,28.9,19.251955,0.0,30.75,0.195
2024-09-15 15:00:00+00:00,26.0,29.82398,0.0,29.3,0.195
2024-09-15 16:00:00+00:00,23.9,25.859007,0.0,27.65,0.195
2024-09-15 17:00:00+00:00,21.5,30.444136,0.0,26.05,0.195
2024-09-15 18:00:00+00:00,19.2,34.597935,0.0,24.6,0.195
2024-09-15 19:00:00+00:00,18.1,36.02797,0.0,23.35,0.195
2024-09-15 20:00:00+00:00,17.4,37.253506,0.0,22.3,0.195
2024-09-15 21:00:00+00:00,16.7,39.21916,0.0,21.35,0.195
2024-09-15 22:00:00+00:00,16.2,40.774666,0.0,20.55,0.195
2024-09-15 23:00:00+00:00,15.6,43.276997,0.0,19.8,0.195
2024-09-16 00:00:00+00:00,14.8,47.52757,0.0,19.15,0.195
2024-09-16 01:00:00+00:00,15.6,47.253124,0.0,18.3,0.197
2024-09-16 02:00:00+00:00,17.0,42.323326,0.0,17.85,0.197
2024-09-16 03:00:00+00:00,16.8,43.316402,0.0,17.4,0.197
2024-09-16 04:00:00+00:00,17.05,50.706394,0.0,17.65,0.197
2024-09-16 05:00:00+00:00,20.2,37.020176,0.0,19.15,0.197
2024-09-16 06:00:00+00:00,23.05,29.616102,0.0,21.3,0.197
2024-09-16 07:00:00+00:00,25.8,25.119568,0.0,23.95,0.197
2024-09-16 08:00:00+00:00,27.8,22.331245,0.0,26.65,0.197
2024-09-16 09:00:00+00:00,28.9,21.020754,0.0,29.2,0.197
2024-09-16 10:00:00+00:00,29.2,19.668905,0.0,30.9,0.197
2024-09-16 11:00:00+00:00,29.05,20.191986,0.0,31.85,0.197
2024-09-16 12:00:00+00:00,28.85,22.603117,0.0,32.2,0.197
2024-09-16 13:00:00+00:00,27.95,26.870092,0.0,31.9,0.199
2024-09-16 14:00:00+00:00,26.7,28.813475,0.0,30.8,0.199
2024-09-16 15:00:00+00:00,24.7,31.78219,0.0,29.2,0.199
2024-09-16 16:00:00+00:00,21.8,39.32091,0.0,27.2,0.199
2024-09-16 17:00:00+00:00,22.55,35.074844,0.0,25.5,0.199
2024-09-16 18:00:00+00:00,19.2,46.002705,0.0,24.05,0.199
2024-09-16 19:00:00+00:00,17.75,51.59426,0.0,22.9,0.199
2024-09-16 20:00:00+00:00,16.4,61.170082,0.0,21.9,0.199
2024-09-16 21:00:00+00:00,15.7,68.41185,0.0,21.05,0.199
2024-09-16 22:00:00+00:00,15.25,74.02894,0.0,20.3,0.199
2024-09-16 23:00:00+00:00,14.7,78.24069,0.0,19.65,0.199
2024-09-17 00:00:00+00:00,14.1,81.60488,0.0,19.05,0.199
2024-09-17 01:00:00+00:00,14.35,82.9992,0.0,19.05,0.191
2024-09-17 02:00:00+00:00,14.0,84.063225,0.0,18.55,0.191
2024-09-17 03:00:00+00:00,14.15,82.15444,0.0,18.05,0.191
2024-09-17 04:00:00+00:00,16.1,71.75956,0.0,18.25,0.191
2024-09-17 05:00:00+00:00,18.3,61.20527,0.0,19.5,0.191
2024-09-17 06:00:00+00:00,20.45,53.188015,0.0,21.4,0.191
2024-09-17 07:00:00+00:00,22.35,46.406765,0.1,23.6,0.192
2024-09-17 08:00:00+00:00,23.7,39.994774,0.1,25.4,0.193
2024-09-17 09:00:00+00:00,25.55,32.90514,0.0,27.55,0.193
2024-09-17 10:00:00+00:00,26.7,27.085709,0.0,29.4,0.194
2024-09-17 11:00:00+00:00,27.2,22.807566,0.0,30.55,0.194
2024-09-17 12:00:00+00:00,26.7,23.160357,0.0,31.05,0.194
2024-09-17 13:00:00+00:00,25.6,25.330498,0.0,30.7,0.191
2024-09-17 14:00:00+00:00,24.6,27.169186,0.0,29.6,0.191
2024-09-17 15:00:00+00:00,23.05,30.775776,0.0,28.0,0.191
2024-09-17 16:00:00+00:00,20.6,37.264297,0.0,26.15,0.191
2024-09-17 17:00:00+00:00,19.2,42.07188,0.0,24.6,0.191
2024-09-17 18:00:00+00:00,17.7,50.019444,0.0,23.3,0.191
2024-09-17 19:00:00+00:00,17.1,50.7199,0.0,22.15,0.191
2024-09-17 20:00:00+00:00,16.3,53.730087,0.0,21.25,0.191
2024-09-17 21:00:00+00:00,17.55,48.29225,0.0,20.35,0.191
2024-09-17 22:00:00+00:00,17.25,49.04687,0.0,19.6,0.191
2024-09-17 23:00:00+00:00,16.7,50.611687,0.0,18.9,0.192
2024-09-18 00:00:00+00:00,16.1,52.4009,0.0,18.3,0.192
2024-09-18 01:00:00+00:00,15.35,56.5095,0.0,18.15,0.187
2024-09-18 02:00:00+00:00,14.8,57.943436,0.0,17.6,0.187
2024-09-18 03:00:00+00:00,14.35,58.836037,0.0,17.1,0.187
2024-09-18 04:00:00+00:00,14.7,57.323578,0.0,17.2,0.187
2024-09-18 05:00:00+00:00,16.7,52.201286,0.0,18.4,0.187
2024-09-18 06:00:00+00:00,18.8,49.13475,0.0,20.35,0.187
2024-09-18 07:00:00+00:00,20.85,42.977383,0.0,22.65,0.187
2024-09-18 08:00:00+00:00,22.65,37.465755,0.0,25.0,0.187
2024-09-18 09:00:00+00:00,24.2,32.07983,0.0,27.15,0.187
2024-09-18 10:00:00+00:00,25.15,28.090872,0.0,28.8,0.187
2024-09-18 11:00:00+00:00,25.7,26.350018,0.0,29.95,0.187
2024-09-18 12:00:00+00:00,25.85,25.48689,0.0,30.4,0.187
2024-09-18 13:00:00+00:00,25.05,25.005344,0.0,29.95,0.188
2024-09-18 14:00:00+00:00,24.4,25.995506,0.0,28.95,0.188
2024-09-18 15:00:00+00:00,22.65,30.449001,0.0,27.4,0.188
2024-09-18 16:00:00+00:00,20.65,35.016163,0.0,25.6,0.188
2024-09-18 17:00:00+00:00,20.3,35.160645,0.0,24.3,0.188
2024-09-18 18:00:00+00:00,18.45,40.144356,0.0,23.0,0.188
2024-09-18 19:00:00+00:00,17.55,43.07797,0.0,21.9,0.188
2024-09-18 20:00:00+00:00,16.55,46.862705,0.0,20.95,0.188
2024-09-18 21:00:00+00:00,16.1,47.890625,0.0,20.15,0.188
2024-09-18 22:00:00+00:00,17.3,42.558014,0.0,19.5,0.188
2024-09-18 23:00:00+00:00,17.55,41.02072,0.0,19.05,0.188
2024-09-19 00:00:00+00:00,16.25,44.701035,0.0,18.45,0.188
2024-09-19 01:00:00+00:00,15.75,46.638218,0.0,18.5,0.171
2024-09-19 02:00:00+00:00,15.45,49.232582,0.0,18.35,0.171
2024-09-19 03:00:00+00:00,15.15,50.18975,0.0,18.15,0.171
2024-09-19 04:00:00+00:00,15.4,50.08354,0.0,18.05,0.171
2024-09-19 05:00:00+00:00,17.85,44.687653,0.0,19.05,0.171
2024-09-19 06:00:00+00:00,19.55,43.946453,0.0,20.7,0.171
2024-09-19 07:00:00+00:00,21.45,40.446873,0.0,22.8,0.171
2024-09-19 08:00:00+00:00,22.5,37.679604,0.0,24.9,0.171
2024-09-19 09:00:00+00:00,23.65,34.67025,0.0,26.55,0.171
2024-09-19 10:00:00+00:00,19.7,53.52743,2.1,26.2,0.196
2024-09-19 11:00:00+00:00,20.7,43.37599,0.0,25.45,0.196
2024-09-19 12:00:00+00:00,21.85,39.201042,0.0,26.05,0.196
2024-09-19 13:00:00+00:00,21.0,43.46047,0.0,26.45,0.183
2024-09-19 14:00:00+00:00,20.2,44.887474,0.0,25.6,0.183
2024-09-19 15:00:00+00:00,19.35,47.1564,0.0,24.45,0.183
2024-09-19 16:00:00+00:00,18.85,49.651924,0.0,23.3,0.183
2024-09-19 17:00:00+00:00,17.35,58.376114,0.0,22.1,0.183
2024-09-19 18:00:00+00:00,16.9,62.116306,0.0,21.2,0.183
2024-09-19 19:00:00+00:00,16.3,68.76205,0.1,20.5,0.184
2024-09-19 20:00:00+00:00,15.7,76.09617,0.8,19.6,0.191
2024-09-19 21:00:00+00:00,15.35,77.82191,0.6,18.65,0.198
2024-09-19 22:00:00+00:00,13.85,90.37327,0.4,17.8,0.202
2024-09-19 23:00:00+00:00,13.85,85.44874,1.2,17.0,0.219
2024-09-20 00:00:00+00:00,13.0,90.611374,0.5,16.4,0.226
2024-09-20 01:00:00+00:00,13.35,84.830666,0.0,15.6,0.241
2024-09-20 02:00:00+00:00,13.45,83.72147,0.1,15.3,0.242
2024-09-20 03:00:00+00:00,13.1,89.42803,0.3,15.05,0.245
2024-09-20 04:00:00+00:00,13.45,85.40662,2.2,15.1,0.275
2024-09-20 05:00:00+00:00,14.45,81.650246,0.3,15.75,0.28
2024-09-20 06:00:00+00:00,16.1,73.44379,0.0,17.15,0.28
2024-09-20 07:00:00+00:00,17.6,65.031425,0.1,18.95,0.28
2024-09-20 08:00:00+00:00,19.2,58.050095,0.1,20.7,0.28
2024-09-20 09:00:00+00:00,18.65,59.08602,0.0,21.7,0.28
2024-09-20 10:00:00+00:00,18.9,51.9003,0.1,21.85,0.28
2024-09-20 11:00:00+00:00,20.1,48.333485,0.0,23.2,0.279
2024-09-20 12:00:00+00:00,20.65,48.158485,0.0,23.8,0.278
2024-09-20 13:00:00+00:00,19.25,56.725117,0.2,23.6,0.261
2024-09-20 14:00:00+00:00,17.9,61.316013,0.1,22.25,0.262
2024-09-20 15:00:00+00:00,16.9,68.88223,0.0,21.1,0.261
2024-09-20 16:00:00+00:00,15.25,76.783035,0.0,19.85,0.261
2024-09-20 17:00:00+00:00,14.2,82.70683,0.0,18.8,0.261
2024-09-20 18:00:00+00:00,13.7,86.28527,0.0,18.0,0.261
2024-09-20 19:00:00+00:00,13.15,88.84217,0.0,17.3,0.261
2024-09-20 20:00:00+00:00,13.1,87.95948,0.0,16.8,0.261
2024-09-20 21:00:00+00:00,13.3,83.703964,0.0,16.2,0.261
2024-09-20 22:00:00+00:00,13.25,82.865524,0.0,15.75,0.261
2024-09-20 23:00:00+00:00,12.95,83.38412,0.0,15.45,0.261
2024-09-21 00:00:00+00:00,11.8,90.22519,0.0,15.25,0.261
2024-09-21 01:00:00+00:00,12.65,80.598976,0.0,15.15,0.311
2024-09-21 02:00:00+00:00,12.25,87.59112,0.0,15.05,0.311
2024-09-21 03:00:00+00:00,11.55,92.649536,0.1,14.8,0.312
2024-09-21 04:00:00+00:00,12.85,87.645706,0.1,14.9,0.313
2024-09-21 05:00:00+00:00,14.65,77.19989,0.0,15.65,0.313
2024-09-21 06:00:00+00:00,15.2,73.77418,0.1,16.3,0.313
2024-09-21 07:00:00+00:00,16.55,67.22742,0.1,17.45,0.313
2024-09-21 08:00:00+00:00,18.35,61.83031,0.2,19.35,0.313
2024-09-21 09:00:00+00:00,20.25,53.669903,0.3,20.9,0.315
2024-09-21 10:00:00+00:00,18.05,60.538128,0.4,20.55,0.317
2024-09-21 11:00:00+00:00,18.35,62.449104,0.1,20.8,0.317
2024-09-21 12:00:00+00:00,16.7,74.0354,5.2,20.15,0.38
2024-09-21 13:00:00+00:00,16.7,71.39722,2.0,19.25,0.487
2024-09-21 14:00:00+00:00,15.95,73.66091,2.8,18.65,0.511
2024-09-21 15:00:00+00:00,15.15,82.00991,1.4,17.65,0.497
2024-09-21 16:00:00+00:00,13.4,90.63933,0.0,16.75,0.485
2024-09-21 17:00:00+00:00,13.6,90.95193,0.0,16.15,0.478
2024-09-21 18:00:00+00:00,14.4,85.22525,0.0,15.65,0.472
2024-09-21 19:00:00+00:00,13.95,87.16849,0.0,15.05,0.467
2024-09-21 20:00:00+00:00,13.1,90.31949,0.0,14.75,0.463
2024-09-21 21:00:00+00:00,11.6,93.89488,0.0,14.4,0.46
2024-09-21 22:00:00+00:00,11.2,91.70492,0.0,13.95,0.457
2024-09-21 23:00:00+00:00,10.75,91.67666,0.0,13.55,0.454
2024-09-22 00:00:00+00:00,11.85,84.950356,0.0,13.25,0.451
2024-09-22 01:00:00+00:00,11.6,86.073784,0.0,14.0,0.482
2024-09-22 02:00:00+00:00,11.9,83.82089,0.0,13.55,0.476
2024-09-22 03:00:00+00:00,12.05,81.88631,0.0,13.2,0.471
2024-09-22 04:00:00+00:00,12.3,83.02726,0.0,13.3,0.467
2024-09-22 05:00:00+00:00,14.1,78.935905,0.0,14.25,0.463
2024-09-22 06:00:00+00:00,15.65,75.08743,0.0,15.75,0.46
2024-09-22 07:00:00+00:00,17.3,68.281364,0.0,17.2,0.456
2024-09-22 08:00:00+00:00,19.05,61.17712,0.0,18.55,0.452
2024-09-22 09:00:00+00:00,18.2,64.73222,0.1,19.1,0.45
2024-09-22 10:00:00+00:00,20.4,53.70868,0.0,20.4,0.445
2024-09-22 11:00:00+00:00,21.0,52.978127,0.0,21.45,0.441
2024-09-22 12:00:00+00:00,19.95,56.335957,0.1,21.85,0.438
2024-09-22 13:00:00+00:00,18.35,67.37735,0.2,20.7,0.443
2024-09-22 14:00:00+00:00,17.4,70.3605,0.3,19.85,0.443
2024-09-22 15:00:00+00:00,16.3,82.423096,0.1,18.85,0.442
2024-09-22 16:00:00+00:00,15.05,84.182434,0.0,17.85,0.441
2024-09-22 17:00:00+00:00,14.45,89.24028,2.0,16.95,0.462
2024-09-22 18:00:00+00:00,14.25,92.495155,1.3,16.4,0.474
2024-09-22 19:00:00+00:00,13.5,95.84726,0.6,15.75,0.477
2024-09-22 20:00:00+00:00,13.45,96.790634,0.3,15.45,0.476
2024-09-22 21:00:00+00:00,12.65,98.0513,0.0,14.8,0.472
2024-09-22 22:00:00+00:00,12.7,98.697624,0.0,14.55,0.468
2024-09-22 23:00:00+00:00,12.4,99.019516,0.0,14.3,0.465
2024-09-23 00:00:00+00:00,12.15,99.344124,0.1,13.8,0.463
2024-09-23 01:00:00+00:00,12.35,98.36995,0.0,13.85,0.468
2024-09-23 02:00:00+00:00,11.0,100.0,0.0,13.3,0.465
2024-09-23 03:00:00+00:00,11.75,99.01455,0.0,13.1,0.462
2024-09-23 04:00:00+00:00,12.0,98.36551,0.0,13.25,0.46
2024-09-23 05:00:00+00:00,13.4,90.63933,0.0,14.15,0.458
2024-09-23 06:00:00+00:00,14.9,82.24884,0.0,15.4,0.456
2024-09-23 07:00:00+00:00,16.45,74.72737,0.0,16.6,0.454
2024-09-23 08:00:00+00:00,18.65,68.328995,0.0,18.15,0.45
2024-09-23 09:00:00+00:00,20.4,56.635315,0.0,19.75,0.446
2024-09-23 10:00:00+00:00,21.45,45.38878,0.0,21.0,0.442
2024-09-23 11:00:00+00:00,21.9,38.287746,0.0,21.75,0.438
2024-09-23 12:00:00+00:00,21.35,39.462013,0.1,21.85,0.434
2024-09-23 13:00:00+00:00,20.45,43.305492,0.3,21.1,0.437
2024-09-23 14:00:00+00:00,19.35,53.43648,0.0,20.25,0.436
2024-09-23 15:00:00+00:00,16.45,69.251175,0.0,19.15,0.435
2024-09-23 16:00:00+00:00,14.3,76.88815,0.0,17.85,0.434
2024-09-23 17:00:00+00:00,13.15,82.57721,0.0,16.85,0.433
2024-09-23 18:00:00+00:00,12.45,83.324455,0.0,15.95,0.432
2024-09-23 19:00:00+00:00,11.9,84.955826,0.0,15.3,0.431
2024-09-23 20:00:00+00:00,11.4,85.47553,0.2,14.75,0.433
2024-09-23 21:00:00+00:00,11.35,86.62981,1.5,14.2,0.448
2024-09-23 22:00:00+00:00,10.7,88.33908,0.0,13.7,0.447
2024-09-23 23:00:00+00:00,10.65,87.148605,0.0,13.3,0.445
2024-09-24 00:00:00+00:00,10.3,85.06854,0.0,12.8,0.444
2024-09-24 01:00:00+00:00,11.6,79.910805,0.0,13.05,0.437
2024-09-24 02:00:00+00:00,9.4,90.66215,0.0,12.6,0.436
2024-09-24 03:00:00+00:00,10.9,83.42014,0.0,12.15,0.435
2024-09-24 04:00:00+00:00,10.95,85.42774,0.0,12.2,0.435
2024-09-24 05:00:00+00:00,12.95,81.182335,0.0,13.25,0.434
2024-09-24 06:00:00+00:00,14.75,74.68618,0.0,14.75,0.433
2024-09-24 07:00:00+00:00,16.5,66.32572,0.0,16.45,0.43
2024-09-24 08:00:00+00:00,18.2,58.780273,0.0,18.1,0.428
2024-09-24 09:00:00+00:00,19.55,51.37661,0.0,19.4,0.424
2024-09-24 10:00:00+00:00,20.55,46.06511,0.0,20.4,0.42
2024-09-24 11:00:00+00:00,21.0,43.905212,0.0,20.8,0.417
2024-09-24 12:00:00+00:00,21.65,42.04756,0.0,21.2,0.414
2024-09-24 13:00:00+00:00,20.05,41.73675,0.0,20.75,0.41
2024-09-24 14:00:00+00:00,19.05,48.045887,0.0,20.05,0.408
2024-09-24 15:00:00+00:00,18.7,43.405384,0.0,18.95,0.408
2024-09-24 16:00:00+00:00,14.35,64.7543,0.0,17.6,0.407
2024-09-24 17:00:00+00:00,12.85,74.10757,0.0,16.55,0.407
2024-09-24 18:00:00+00:00,13.15,72.91566,0.0,15.8,0.407
2024-09-24 19:00:00+00:00,12.25,78.132515,0.0,15.2,0.406
2024-09-24 20:00:00+00:00,10.85,82.56853,0.0,14.5,0.406
2024-09-24 21:00:00+00:00,11.05,77.41787,0.0,13.9,0.406
2024-09-24 22:00:00+00:00,12.75,65.291046,0.0,13.4,0.406
2024-09-24 23:00:00+00:00,12.8,63.52619,0.0,12.95,0.405
2024-09-25 00:00:00+00:00,12.35,64.30754,0.0,12.5,0.405
2024-09-25 01:00:00+00:00,11.45,69.66664,0.0,12.4,0.404
2024-09-25 02:00:00+00:00,11.2,69.61658,0.0,12.0,0.404
2024-09-25 03:00:00+00:00,11.0,69.33588,0.0,11.65,0.404
2024-09-25 04:00:00+00:00,10.7,75.266396,0.0,11.8,0.404
2024-09-25 05:00:00+00:00,12.65,67.55205,0.0,12.9,0.403
2024-09-25 06:00:00+00:00,14.8,59.965305,0.0,14.55,0.402
2024-09-25 07:00:00+00:00,17.05,52.115852,0.0,16.45,0.4
2024-09-25 08:00:00+00:00,18.85,47.50224,0.0,18.3,0.397
2024-09-25 09:00:00+00:00,20.45,44.501457,0.0,19.95,0.394
2024-09-25 10:00:00+00:00,21.75,40.809067,0.0,21.25,0.39
2024-09-25 11:00:00+00:00,22.6,36.191196,0.0,22.1,0.387
2024-09-25 12:00:00+00:00,22.85,33.044758,0.0,22.45,0.384
2024-09-25 13:00:00+00:00,21.95,37.13797,0.0,22.3,0.382
2024-09-25 14:00:00+00:00,21.05,40.057545,0.0,21.55,0.381
2024-09-25 15:00:00+00:00,16.3,57.723858,0.0,20.05,0.381
2024-09-25 16:00:00+00:00,15.15,62.767246,0.0,18.45,0.381
2024-09-25 17:00:00+00:00,15.4,59.905426,0.0,17.15,0.381
2024-09-25 18:00:00+00:00,15.45,56.34127,0.0,16.15,0.381
2024-09-25 19:00:00+00:00,17.15,45.74428,0.0,15.35,0.38
2024-09-25 20:00:00+00:00,16.9,42.294613,0.0,14.7,0.38
2024-09-25 21:00:00+00:00,16.35,40.386906,0.0,14.1,0.38
2024-09-25 22:00:00+00:00,15.15,42.08801,0.0,13.6,0.38
2024-09-25 23:00:00+00:00,14.15,42.858727,0.0,13.15,0.38
2024-09-26 00:00:00+00:00,13.5,43.91307,0.0,12.7,0.38
2024-09-26 01:00:00+00:00,12.9,48.52393,0.0,12.75,0.374
2024-09-26 02:00:00+00:00,12.5,49.811962,0.0,12.35,0.374
2024-09-26 03:00:00+00:00,12.25,50.45651,0.0,11.95,0.374
2024-09-26 04:00:00+00:00,11.15,73.80746,0.0,12.05,0.374
2024-09-26 05:00:00+00:00,13.45,57.007526,0.0,13.15,0.373
2024-09-26 06:00:00+00:00,15.85,52.878464,0.0,14.85,0.372
2024-09-26 07:00:00+00:00,17.9,48.388668,0.0,16.8,0.37
2024-09-26 08:00:00+00:00,19.65,45.971214,0.0,18.7,0.368
2024-09-26 09:00:00+00:00,21.35,42.82681,0.0,20.4,0.365
2024-09-26 10:00:00+00:00,22.75,38.13878,0.0,21.8,0.362
2024-09-26 11:00:00+00:00,23.6,33.718388,0.0,22.75,0.359
2024-09-26 12:00:00+00:00,23.95,30.709286,0.0,23.1,0.357
2024-09-26 13:00:00+00:00,23.55,32.006405,0.0,22.95,0.353
2024-09-26 14:00:00+00:00,22.05,58.74044,0.0,22.2,0.352
2024-09-26 15:00:00+00:00,21.25,35.311035,0.0,20.75,0.352
2024-09-26 16:00:00+00:00,16.85,51.529686,0.0,19.15,0.352
2024-09-26 17:00:00+00:00,17.0,48.978252,0.0,17.9,0.352
2024-09-26 18:00:00+00:00,15.15,54.73536,0.0,16.85,0.352
2024-09-26 19:00:00+00:00,14.55,53.453876,0.0,16.0,0.351
2024-09-26 20:00:00+00:00,12.95,58.08331,0.0,15.25,0.351
2024-09-26 21:00:00+00:00,13.05,56.905766,0.0,14.65,0.351
2024-09-26 22:00:00+00:00,14.1,52.046173,0.0,14.1,0.351
2024-09-26 23:00:00+00:00,13.25,56.364113,0.0,13.6,0.351
2024-09-27 00:00:00+00:00,13.65,54.343033,0.0,13.2,0.351
2024-09-27 01:00:00+00:00,13.4,58.195866,0.0,13.6,0.342
2024-09-27 02:00:00+00:00,11.45,68.00177,0.0,13.15,0.342
2024-09-27 03:00:00+00:00,10.95,71.271675,0.0,12.75,0.342
2024-09-27 04:00:00+00:00,12.0,74.718605,0.0,12.8,0.342
2024-09-27 05:00:00+00:00,13.9,66.21697,0.0,13.85,0.342
2024-09-27 06:00:00+00:00,16.15,59.88256,0.0,15.55,0.341
2024-09-27 07:00:00+00:00,18.1,54.751175,0.0,17.45,0.34
2024-09-27 08:00:00+00:00,19.9,50.782806,0.0,19.35,0.338
2024-09-27 09:00:00+00:00,21.65,46.68128,0.0,21.1,0.335
2024-09-27 10:00:00+00:00,23.1,42.313694,0.0,22.5,0.333
2024-09-27 11:00:00+00:00,24.05,37.229465,0.0,23.4,0.33
2024-09-27 12:00:00+00:00,24.5,32.60873,0.0,23.8,0.328
2024-09-27 13:00:00+00:00,23.8,34.007526,0.0,23.5,0.325
2024-09-27 14:00:00+00:00,22.55,39.400387,0.0,22.65,0.324
2024-09-27 15:00:00+00:00,19.6,44.4144,0.0,21.2,0.323
2024-09-27 16:00:00+00:00,18.8,45.110268,0.0,19.85,0.323
2024-09-27 17:00:00+00:00,17.7,46.85944,0.0,18.75,0.323
2024-09-27 18:00:00+00:00,17.05,49.842686,0.0,17.85,0.322
2024-09-27 19:00:00+00:00,14.85,60.389057,0.0,17.0,0.322
2024-09-27 20:00:00+00:00,13.8,64.85351,0.0,16.15,0.322
2024-09-27 21:00:00+00:00,12.95,67.84667,0.0,15.4,0.322
2024-09-27 22:00:00+00:00,12.3,69.59704,0.0,14.75,0.322
2024-09-27 23:00:00+00:00,11.55,72.12621,0.0,14.2,0.322
2024-09-28 00:00:00+00:00,11.85,69.746506,0.0,13.65,0.322
2024-09-28 01:00:00+00:00,13.3,65.41198,0.0,13.9,0.308
2024-09-28 02:00:00+00:00,10.25,79.71822,0.0,13.35,0.308
2024-09-28 03:00:00+00:00,9.55,82.40454,0.0,12.9,0.308
2024-09-28 04:00:00+00:00,11.65,72.89092,0.0,12.85,0.308
2024-09-28 05:00:00+00:00,14.0,64.017334,0.0,13.85,0.307
2024-09-28 06:00:00+00:00,16.35,55.04623,0.0,15.55,0.307
2024-09-28 07:00:00+00:00,18.4,49.69879,0.0,17.5,0.305
2024-09-28 08:00:00+00:00,20.85,39.72666,0.0,19.35,0.304
2024-09-28 09:00:00+00:00,22.45,33.62307,0.0,20.95,0.302
2024-09-28 10:00:00+00:00,23.45,31.978065,0.0,22.2,0.3
2024-09-28 11:00:00+00:00,24.05,31.057991,0.0,23.05,0.298
2024-09-28 12:00:00+00:00,24.25,30.16124,0.0,23.4,0.296
2024-09-28 13:00:00+00:00,23.0,32.63282,0.0,23.15,0.295
2024-09-28 14:00:00+00:00,21.9,35.00988,0.0,22.3,0.294
2024-09-28 15:00:00+00:00,17.75,45.596645,0.0,20.8,0.293
2024-09-28 16:00:00+00:00,16.5,48.168526,0.0,19.25,0.293
2024-09-28 17:00:00+00:00,15.95,50.582882,0.0,18.05,0.293
2024-09-28 18:00:00+00:00,14.75,55.392246,0.0,17.0,0.293
2024-09-28 19:00:00+00:00,13.9,57.71831,0.0,16.15,0.293
2024-09-28 20:00:00+00:00,12.85,60.95435,0.0,15.4,0.293
2024-09-28 21:00:00+00:00,11.8,64.6307,0.0,14.7,0.293
2024-09-28 22:00:00+00:00,11.45,64.77716,0.0,14.05,0.293
2024-09-28 23:00:00+00:00,10.55,67.577415,0.0,13.5,0.293
2024-09-29 00:00:00+00:00,10.05,68.422264,0.0,13.0,0.293
2024-09-29 01:00:00+00:00,9.95,71.57542,0.0,13.0,0.289
2024-09-29 02:00:00+00:00,9.75,71.04002,0.0,12.55,0.289
2024-09-29 03:00:00+00:00,9.5,70.49669,0.0,12.1,0.289
2024-09-29 04:00:00+00:00,10.65,68.30836,0.0,12.1,0.289
2024-09-29 05:00:00+00:00,12.8,57.44107,0.0,13.15,0.288
2024-09-29 06:00:00+00:00,15.0,51.030476,0.0,14.85,0.288
2024-09-29 07:00:00+00:00,17.3,45.155365,0.0,16.85,0.287
2024-09-29 08:00:00+00:00,19.3,39.556175,0.0,18.85,0.286
2024-09-29 09:00:00+00:00,20.75,36.16053,0.0,20.55,0.284
2024-09-29 10:00:00+00:00,22.2,31.956299,0.0,21.95,0.282
2024-09-29 11:00:00+00:00,23.25,27.46755,0.0,22.95,0.281
2024-09-29 12:00:00+00:00,23.7,24.466118,0.0,23.4,0.279
2024-09-29 13:00:00+00:00,22.8,25.016802,0.0,23.25,0.278
2024-09-29 14:00:00+00:00,21.5,30.33694,0.0,22.3,0.277
2024-09-29 15:00:00+00:00,20.85,26.513172,0.0,20.65,0.277
2024-09-29 16:00:00+00:00,16.7,38.80399,0.0,18.95,0.277
2024-09-29 17:00:00+00:00,14.5,44.67446,0.0,17.6,0.277
2024-09-29 18:00:00+00:00,13.1,51.775726,0.0,16.5,0.277
2024-09-29 19:00:00+00:00,12.0,56.438187,0.0,15.55,0.277
2024-09-29 20:00:00+00:00,11.2,57.845943,0.0,14.75,0.277
2024-09-29 21:00:00+00:00,10.9,54.772686,0.0,14.0,0.277
2024-09-29 22:00:00+00:00,11.05,50.84947,0.0,13.4,0.277
2024-09-29 23:00:00+00:00,10.75,51.133007,0.0,12.9,0.277
2024-09-30 00:00:00+00:00,9.95,54.325283,0.0,12.4,0.277
2024-09-30 01:00:00+00:00,11.75,44.846233,0.0,12.1,0.275
2024-09-30 02:00:00+00:00,11.25,46.52163,0.0,11.7,0.275
2024-09-30 03:00:00+00:00,8.65,58.865623,0.0,11.35,0.275
2024-09-30 04:00:00+00:00,10.05,63.113262,0.0,11.4,0.275
2024-09-30 05:00:00+00:00,12.7,47.952087,0.0,12.55,0.275
2024-09-30 06:00:00+00:00,14.85,42.001087,0.0,14.3,0.275
2024-09-30 07:00:00+00:00,17.0,35.453247,0.0,16.4,0.274
2024-09-30 08:00:00+00:00,19.0,31.152933,0.0,18.45,0.273
2024-09-30 09:00:00+00:00,20.85,28.280989,0.0,20.25,0.271
2024-09-30 10:00:00+00:00,22.4,27.038988,0.0,21.75,0.27
2024-09-30 11:00:00+00:00,23.6,26.330118,0.0,22.7,0.268
2024-09-30 12:00:00+00:00,24.05,26.453608,0.0,23.15,0.267
2024-09-30 13:00:00+00:00,23.85,28.122316,0.0,23.45,0.263
2024-09-30 14:00:00+00:00,22.3,31.103483,0.0,22.6,0.262
2024-09-30 15:00:00+00:00,21.55,30.999388,0.0,21.0,0.262
2024-09-30 16:00:00+00:00,16.9,46.63593,0.0,19.45,0.262
2024-09-30 17:00:00+00:00,15.4,52.03341,0.0,18.2,0.262
2024-09-30 18:00:00+00:00,13.45,61.09761,0.0,17.15,0.262
2024-09-30 19:00:00+00:00,12.6,63.042854,0.0,16.25,0.262
2024-09-30 20:00:00+00:00,11.8,64.18336,0.0,15.4,0.262
2024-09-30 21:00:00+00:00,11.3,63.846817,0.0,14.7,0.262
2024-09-30 22:00:00+00:00,10.7,65.519104,0.0,14.1,0.261
2024-09-30 23:00:00+00:00,10.8,64.631226,0.0,13.55,0.261
2024-10-01 00:00:00+00:00,10.65,64.82403,0.0,13.15,0.261
2024-10-01 01:00:00+00:00,12.3,60.61094,0.0,13.6,0.256
2024-10-01 02:00:00+00:00,13.65,53.776287,0.0,13.3,0.256
2024-10-01 03:00:00+00:00,13.5,53.361458,0.0,12.95,0.256
2024-10-01 04:00:00+00:00,12.8,72.112885,0.0,13.1,0.256
2024-10-01 05:00:00+00:00,16.1,49.92776,0.0,14.2,0.256
2024-10-01 06:00:00+00:00,18.75,43.26992,0.0,16.0,0.256
2024-10-01 07:00:00+00:00,21.4,36.473114,0.0,18.15,0.255
2024-10-01 08:00:00+00:00,23.2,24.858301,0.0,20.3,0.254
2024-10-01 09:00:00+00:00,23.8,24.060734,0.0,21.9,0.253
2024-10-01 10:00:00+00:00,24.05,24.300055,0.0,23.0,0.251
2024-10-01 11:00:00+00:00,24.2,22.827871,0.0,23.35,0.25
2024-10-01 12:00:00+00:00,24.55,22.434355,0.0,23.75,0.249
2024-10-01 13:00:00+00:00,24.55,21.259254,0.0,23.55,0.252
2024-10-01 14:00:00+00:00,22.7,25.531078,0.0,22.75,0.251
2024-10-01 15:00:00+00:00,19.4,32.748413,0.0,21.15,0.251
2024-10-01 16:00:00+00:00,19.25,31.786942,0.0,19.55,0.251
2024-10-01 17:00:00+00:00,18.35,45.451077,0.0,18.75,0.251
2024-10-01 18:00:00+00:00,15.95,66.87781,0.0,18.15,0.251
2024-10-01 19:00:00+00:00,15.7,70.73615,0.3,17.7,0.253
2024-10-01 20:00:00+00:00,13.9,82.94471,0.0,17.0,0.253
2024-10-01 21:00:00+00:00,14.0,84.621284,0.4,16.55,0.257
2024-10-01 22:00:00+00:00,12.1,96.437965,0.1,15.75,0.258
2024-10-01 23:00:00+00:00,11.8,99.014915,0.1,15.2,0.259
2024-10-02 00:00:00+00:00,11.6,94.20781,0.9,14.75,0.27
2024-10-02 01:00:00+00:00,11.15,97.05559,0.3,14.75,0.258
2024-10-02 02:00:00+00:00,12.05,93.91579,0.1,14.45,0.259
2024-10-02 03:00:00+00:00,11.85,95.794395,0.1,14.25,0.26
2024-10-02 04:00:00+00:00,11.85,93.59507,0.0,13.9,0.26
2024-10-02 05:00:00+00:00,12.9,86.49255,0.0,14.35,0.26
2024-10-02 06:00:00+00:00,14.0,78.39651,0.0,15.1,0.26
2024-10-02 07:00:00+00:00,14.75,72.71561,0.0,16.0,0.261
2024-10-02 08:00:00+00:00,16.1,62.772575,0.1,17.25,0.261
2024-10-02 09:00:00+00:00,18.3,45.280754,0.1,19.15,0.261
2024-10-02 10:00:00+00:00,18.85,40.965363,0.0,20.25,0.26
2024-10-02 11:00:00+00:00,19.4,35.02412,0.0,21.15,0.259
2024-10-02 12:00:00+00:00,19.25,33.173042,0.0,21.4,0.258
2024-10-02 13:00:00+00:00,18.85,32.35814,0.0,21.15,0.277
2024-10-02 14:00:00+00:00,17.7,35.9117,0.0,20.3,0.276
2024-10-02 15:00:00+00:00,14.75,45.54477,0.0,18.85,0.276
2024-10-02 16:00:00+00:00,12.7,53.33563,0.0,17.4,0.275
2024-10-02 17:00:00+00:00,11.95,57.22527,0.0,16.15,0.275
2024-10-02 18:00:00+00:00,10.65,63.252518,0.0,15.15,0.275
2024-10-02 19:00:00+00:00,11.15,60.120396,0.0,14.2,0.275
2024-10-02 20:00:00+00:00,11.2,58.050594,0.0,13.45,0.275
2024-10-02 21:00:00+00:00,10.4,60.36222,0.0,12.8,0.275
2024-10-02 22:00:00+00:00,10.0,60.47861,0.0,12.2,0.275
2024-10-02 23:00:00+00:00,9.55,61.233654,0.0,11.7,0.275
2024-10-03 00:00:00+00:00,9.0,63.091946,0.0,11.2,0.275
2024-10-03 01:00:00+00:00,8.65,64.14273,0.0,10.6,0.275
2024-10-03 02:00:00+00:00,8.25,64.50981,0.0,10.2,0.275
2024-10-03 03:00:00+00:00,8.05,63.54834,0.0,9.85,0.275
2024-10-03 04:00:00+00:00,7.55,78.220146,0.0,9.9,0.275
2024-10-03 05:00:00+00:00,10.0,57.33586,0.0,11.0,0.275
2024-10-03 06:00:00+00:00,12.25,52.46683,0.0,12.8,0.275
2024-10-03 07:00:00+00:00,14.35,46.406784,0.0,14.85,0.274
2024-10-03 08:00:00+00:00,16.15,41.4881,0.0,16.95,0.273
2024-10-03 09:00:00+00:00,17.75,36.569687,0.0,18.85,0.272
2024-10-03 10:00:00+00:00,19.0,32.749485,0.0,20.25,0.27
2024-10-03 11:00:00+00:00,19.65,30.45779,0.0,21.1,0.269
2024-10-03 12:00:00+00:00,19.75,29.946468,0.0,21.4,0.268
2024-10-03 13:00:00+00:00,18.9,35.376003,0.0,21.15,0.269
2024-10-03 14:00:00+00:00,18.1,40.04346,0.0,20.2,0.268
2024-10-03 15:00:00+00:00,14.65,51.292244,0.0,18.6,0.268
2024-10-03 16:00:00+00:00,13.55,53.37476,0.0,17.05,0.268
2024-10-03 17:00:00+00:00,12.05,62.262688,0.0,15.8,0.268
2024-10-03 18:00:00+00:00,11.2,67.9496,0.0,14.8,0.268
2024-10-03 19:00:00+00:00,10.3,71.64218,0.0,13.95,0.268
2024-10-03 20:00:00+00:00,9.85,71.30747,0.0,13.2,0.268
2024-10-03 21:00:00+00:00,11.1,62.038986,0.0,12.55,0.268
2024-10-03 22:00:00+00:00,11.8,57.187042,0.0,11.95,0.268
2024-10-03 23:00:00+00:00,11.25,58.680885,0.0,11.4,0.268
2024-10-04 00:00:00+00:00,10.8,59.82328,0.0,10.95,0.268
2024-10-04 01:00:00+00:00,9.75,66.00154,0.0,10.65,0.268
2024-10-04 02:00:00+00:00,9.2,68.00543,0.0,10.25,0.268
2024-10-04 03:00:00+00:00,8.9,68.90748,0.0,9.85,0.268
2024-10-04 04:00:00+00:00,8.9,67.464165,0.0,9.85,0.268
2024-10-04 05:00:00+00:00,10.85,61.979836,0.0,11.0,0.268
2024-10-04 06:00:00+00:00,13.2,54.98953,0.0,12.85,0.268
2024-10-04 07:00:00+00:00,15.35,48.184643,0.0,15.0,0.267
2024-10-04 08:00:00+00:00,17.55,41.745255,0.0,17.15,0.266
2024-10-04 09:00:00+00:00,19.25,36.36126,0.0,19.1,0.265
2024-10-04 10:00:00+00:00,20.45,31.235056,0.0,20.65,0.264
2024-10-04 11:00:00+00:00,21.25,27.202784,0.0,21.7,0.262
2024-10-04 12:00:00+00:00,21.5,26.125597,0.0,22.1,0.261
2024-10-04 13:00:00+00:00,20.65,25.797369,0.0,21.9,0.261
2024-10-04 14:00:00+00:00,18.85,54.39293,0.0,20.95,0.26
2024-10-04 15:00:00+00:00,14.95,46.740665,0.0,19.2,0.26
2024-10-04 16:00:00+00:00,13.95,47.962646,0.0,17.6,0.26
2024-10-04 17:00:00+00:00,13.5,46.99432,0.0,16.3,0.26
2024-10-04 18:00:00+00:00,14.65,40.61396,0.0,15.2,0.26
2024-10-04 19:00:00+00:00,15.8,36.786457,0.0,14.3,0.26
2024-10-04 20:00:00+00:00,13.8,43.064915,0.0,13.55,0.26
2024-10-04 21:00:00+00:00,14.05,41.91882,0.0,12.9,0.26
2024-10-04 22:00:00+00:00,12.85,45.651775,0.0,12.35,0.26
2024-10-04 23:00:00+00:00,12.25,47.99673,0.0,11.8,0.26
2024-10-05 00:00:00+00:00,11.85,49.631313,0.0,11.35,0.26
2024-10-05 01:00:00+00:00,11.0,54.604343,0.0,11.35,0.257
2024-10-05 02:00:00+00:00,10.9,55.164185,0.0,10.85,0.257
2024-10-05 03:00:00+00:00,10.55,56.664867,0.0,10.45,0.257
2024-10-05 04:00:00+00:00,8.95,74.966385,0.0,10.4,0.257
2024-10-05 05:00:00+00:00,11.7,56.96043,0.0,11.5,0.257
2024-10-05 06:00:00+00:00,14.5,50.01155,0.0,13.35,0.257
2024-10-05 07:00:00+00:00,16.7,44.672585,0.0,15.6,0.256
2024-10-05 08:00:00+00:00,18.75,39.673717,0.0,17.9,0.255
2024-10-05 09:00:00+00:00,20.65,34.53019,0.0,19.9,0.254
2024-10-05 10:00:00+00:00,22.25,27.383919,0.0,21.55,0.253
2024-10-05 11:00:00+00:00,23.15,21.592804,0.0,22.65,0.251
2024-10-05 12:00:00+00:00,23.5,18.672993,0.0,23.1,0.25
2024-10-05 13:00:00+00:00,22.45,22.528677,0.0,22.85,0.249
2024-10-05 14:00:00+00:00,20.25,50.19815,0.0,21.8,0.249
2024-10-05 15:00:00+00:00,18.05,30.547106,0.0,19.85,0.249
2024-10-05 16:00:00+00:00,16.05,35.04904,0.0,18.1,0.249
2024-10-05 17:00:00+00:00,15.7,34.319324,0.0,16.65,0.248
2024-10-05 18:00:00+00:00,13.3,40.073322,0.0,15.45,0.248
2024-10-05 19:00:00+00:00,12.4,43.594578,0.0,14.45,0.248
2024-10-05 20:00:00+00:00,13.85,38.946247,0.0,13.6,0.248
2024-10-05 21:00:00+00:00,13.75,39.199974,0.0,12.85,0.248
2024-10-05 22:00:00+00:00,11.3,47.90048,0.0,12.2,0.248
2024-10-05 23:00:00+00:00,12.75,41.389004,0.0,11.65,0.248
2024-10-06 00:00:00+00:00,12.05,42.86607,0.0,11.1,0.248
2024-10-06 01:00:00+00:00,11.0,49.393936,0.0,11.1,0.247
2024-10-06 02:00:00+00:00,10.75,50.584194,0.0,10.6,0.247
2024-10-06 03:00:00+00:00,10.35,52.51372,0.0,10.2,0.247
2024-10-06 04:00:00+00:00,9.15,66.102646,0.0,10.15,0.247
2024-10-06 05:00:00+00:00,11.85,51.987453,0.0,11.35,0.247
2024-10-06 06:00:00+00:00,14.4,46.42095,0.0,13.3,0.247
2024-10-06 07:00:00+00:00,16.95,41.42668,0.0,15.6,0.246
2024-10-06 08:00:00+00:00,19.1,37.35198,0.0,17.9,0.245
2024-10-06 09:00:00+00:00,20.95,34.375664,0.0,20.0,0.244
2024-10-06 10:00:00+00:00,22.35,31.117655,0.0,21.7,0.243
2024-10-06 11:00:00+00:00,23.15,29.028004,0.0,22.8,0.242
2024-10-06 12:00:00+00:00,23.35,29.185953,0.0,23.25,0.241
2024-10-06 13:00:00+00:00,22.0,32.011036,0.0,22.8,0.241
2024-10-06 14:00:00+00:00,20.25,43.249023,0.0,21.8,0.24
2024-10-06 15:00:00+00:00,17.35,47.576374,0.0,20.05,0.24
2024-10-06 16:00:00+00:00,15.65,52.100407,0.0,18.4,0.24
2024-10-06 17:00:00+00:00,15.7,46.136738,0.0,17.25,0.24
2024-10-06 18:00:00+00:00,13.4,45.32093,0.0,16.1,0.24
2024-10-06 19:00:00+00:00,12.75,40.49683,0.0,15.1,0.24
2024-10-06 20:00:00+00:00,14.15,34.617733,0.0,14.3,0.24
2024-10-06 21:00:00+00:00,14.6,32.17545,0.0,13.55,0.24
2024-10-06 22:00:00+00:00,14.35,32.22083,0.0,12.9,0.24
2024-10-06 23:00:00+00:00,13.8,33.266895,0.0,12.35,0.24
2024-10-07 00:00:00+00:00,13.2,34.464333,0.0,11.8,0.24
2024-10-07 01:00:00+00:00,12.75,37.232723,0.0,10.95,0.243
2024-10-07 02:00:00+00:00,12.45,38.111736,0.0,10.6,0.243
2024-10-07 03:00:00+00:00,12.1,39.285603,0.0,10.25,0.243
2024-10-07 04:00:00+00:00,11.65,41.671032,0.0,10.25,0.243
2024-10-07 05:00:00+00:00,13.15,42.87632,0.0,11.5,0.243
2024-10-07 06:00:00+00:00,15.65,41.785873,0.0,13.55,0.242
2024-10-07 07:00:00+00:00,18.05,38.648594,0.0,15.9,0.242
2024-10-07 08:00:00+00:00,20.3,32.891243,0.0,18.3,0.241
2024-10-07 09:00:00+00:00,22.2,27.958939,0.0,20.45,0.24
2024-10-07 10:00:00+00:00,23.8,24.232857,0.0,22.15,0.239
2024-10-07 11:00:00+00:00,24.95,21.983118,0.0,23.35,0.238
2024-10-07 12:00:00+00:00,25.45,22.113276,0.0,23.9,0.237
2024-10-07 13:00:00+00:00,24.9,26.04047,0.0,23.65,0.238
2024-10-07 14:00:00+00:00,22.3,51.24982,0.0,22.7,0.238
2024-10-07 15:00:00+00:00,22.65,31.640795,0.0,20.9,0.238
2024-10-07 16:00:00+00:00,16.85,46.460323,0.0,19.35,0.238
2024-10-07 17:00:00+00:00,15.55,47.570774,0.0,18.05,0.237
2024-10-07 18:00:00+00:00,14.85,45.89617,0.0,17.05,0.237
2024-10-07 19:00:00+00:00,13.85,46.59471,0.0,16.2,0.237
2024-10-07 20:00:00+00:00,12.7,51.302586,0.0,15.4,0.237
2024-10-07 21:00:00+00:00,15.6,37.935314,0.0,14.65,0.237
2024-10-07 22:00:00+00:00,15.35,38.825558,0.0,14.05,0.237
2024-10-07 23:00:00+00:00,15.2,38.92109,0.0,13.55,0.237
2024-10-08 00:00:00+00:00,14.9,39.82184,0.0,13.1,0.237
2024-10-08 01:00:00+00:00,14.15,46.67966,0.0,12.75,0.234
2024-10-08 02:00:00+00:00,13.65,47.540203,0.0,12.4,0.234
2024-10-08 03:00:00+00:00,13.75,46.56637,0.0,12.2,0.234
2024-10-08 04:00:00+00:00,13.75,46.73205,0.0,12.15,0.234
2024-10-08 05:00:00+00:00,15.3,46.185776,0.0,13.3,0.234
2024-10-08 06:00:00+00:00,17.45,41.425312,0.0,15.0,0.234
2024-10-08 07:00:00+00:00,19.7,36.747375,0.0,17.1,0.233
2024-10-08 08:00:00+00:00,21.2,34.208145,0.0,19.15,0.233
2024-10-08 09:00:00+00:00,23.45,29.93653,0.0,21.15,0.232
2024-10-08 10:00:00+00:00,24.95,26.607164,0.0,22.8,0.231
2024-10-08 11:00:00+00:00,24.7,23.455317,0.0,23.75,0.23
2024-10-08 12:00:00+00:00,20.2,37.931713,0.0,23.05,0.23
2024-10-08 13:00:00+00:00,22.15,35.324482,0.0,23.5,0.228
2024-10-08 14:00:00+00:00,21.0,40.734932,0.0,22.5,0.227
2024-10-08 15:00:00+00:00,17.05,52.47358,0.0,20.75,0.227
2024-10-08 16:00:00+00:00,15.45,55.00229,0.0,19.2,0.227
2024-10-08 17:00:00+00:00,15.25,54.197525,0.0,17.95,0.227
2024-10-08 18:00:00+00:00,15.6,50.663204,0.0,16.75,0.227
2024-10-08 19:00:00+00:00,14.95,51.73228,0.0,15.75,0.227
2024-10-08 20:00:00+00:00,14.4,52.85909,0.0,14.85,0.227
2024-10-08 21:00:00+00:00,13.6,56.257698,0.0,14.1,0.227
2024-10-08 22:00:00+00:00,13.25,54.81048,0.0,13.45,0.227
2024-10-08 23:00:00+00:00,12.8,53.92885,0.0,12.85,0.227
2024-10-09 00:00:00+00:00,12.55,53.107727,0.0,12.35,0.227
2024-10-09 01:00:00+00:00,11.8,65.0808,0.0,12.0,0.211
2024-10-09 02:00:00+00:00,11.45,65.229385,0.0,11.6,0.211
2024-10-09 03:00:00+00:00,11.35,63.414093,0.0,11.2,0.211
2024-10-09 04:00:00+00:00,11.15,63.589947,0.0,11.05,0.212
2024-10-09 05:00:00+00:00,13.1,57.918926,0.0,12.25,0.211
2024-10-09 06:00:00+00:00,15.45,50.798553,0.0,14.2,0.211
2024-10-09 07:00:00+00:00,18.0,43.65854,0.0,16.55,0.211
2024-10-09 08:00:00+00:00,20.4,37.726818,0.0,19.0,0.211
2024-10-09 09:00:00+00:00,22.65,32.196022,0.0,21.25,0.21
2024-10-09 10:00:00+00:00,24.45,27.703045,0.0,23.1,0.21
2024-10-09 11:00:00+00:00,25.65,25.344006,0.0,24.4,0.21
2024-10-09 12:00:00+00:00,26.2,22.387571,0.0,25.05,0.209
2024-10-09 13:00:00+00:00,25.5,20.37973,0.0,24.75,0.209
2024-10-09 14:00:00+00:00,22.95,26.714329,0.0,23.75,0.209
2024-10-09 15:00:00+00:00,17.75,37.887253,0.0,21.7,0.209
2024-10-09 16:00:00+00:00,16.5,36.85915,0.0,19.95,0.209
2024-10-09 17:00:00+00:00,15.05,38.0473,0.0,18.55,0.208
2024-10-09 18:00:00+00:00,13.9,39.244053,0.0,17.35,0.208
2024-10-09 19:00:00+00:00,12.55,41.934937,0.0,16.25,0.208
2024-10-09 20:00:00+00:00,11.65,44.81732,0.0,15.25,0.208
2024-10-09 21:00:00+00:00,14.2,34.505844,0.0,14.35,0.208
2024-10-09 22:00:00+00:00,13.75,35.919975,0.0,13.6,0.208
2024-10-09 23:00:00+00:00,13.2,37.91606,0.0,12.9,0.208
2024-10-10 00:00:00+00:00,12.65,39.882103,0.0,12.3,0.208
2024-10-10 01:00:00+00:00,11.8,43.262547,0.0,11.65,0.206
2024-10-10 02:00:00+00:00,11.2,46.004467,0.0,11.2,0.206
2024-10-10 03:00:00+00:00,10.9,47.442295,0.0,10.8,0.206
2024-10-10 04:00:00+00:00,10.9,48.133972,0.0,10.7,0.206
2024-10-10 05:00:00+00:00,13.5,43.599384,0.0,11.95,0.206
2024-10-10 06:00:00+00:00,16.35,36.815327,0.0,14.0,0.206
2024-10-10 07:00:00+00:00,19.15,31.084637,0.0,16.45,0.206
2024-10-10 08:00:00+00:00,21.7,27.230892,0.0,19.0,0.206
2024-10-10 09:00:00+00:00,23.8,25.37847,0.0,21.35,0.205
2024-10-10 10:00:00+00:00,25.15,23.242998,0.0,23.15,0.205
2024-10-10 11:00:00+00:00,25.75,20.079601,0.0,24.35,0.205
2024-10-10 12:00:00+00:00,25.05,21.852448,0.0,24.65,0.205
2024-10-10 13:00:00+00:00,24.4,22.076328,0.0,24.35,0.206
2024-10-10 14:00:00+00:00,22.15,31.388802,0.0,23.3,0.206
2024-10-10 15:00:00+00:00,22.4,25.267538,0.0,21.55,0.206
2024-10-10 16:00:00+00:00,16.9,37.506363,0.0,19.85,0.206
2024-10-10 17:00:00+00:00,15.8,39.096367,0.0,18.65,0.206
2024-10-10 18:00:00+00:00,14.3,43.363987,0.0,17.55,0.206
2024-10-10 19:00:00+00:00,13.0,48.03651,0.0,16.5,0.206
2024-10-10 20:00:00+00:00,12.25,50.27718,0.0,15.55,0.206
2024-10-10 21:00:00+00:00,11.65,53.43259,0.0,14.8,0.206
2024-10-10 22:00:00+00:00,11.7,52.879295,0.0,14.15,0.206
2024-10-10 23:00:00+00:00,12.2,51.530777,0.0,13.65,0.206
2024-10-11 00:00:00+00:00,12.5,50.167572,0.0,13.15,0.206
2024-10-11 01:00:00+00:00,12.7,49.338436,0.0,12.65,0.205
2024-10-11 02:00:00+00:00,12.85,49.030426,0.0,12.3,0.205
2024-10-11 03:00:00+00:00,12.5,49.989483,0.0,11.9,0.205
2024-10-11 04:00:00+00:00,12.45,49.79809,0.0,11.8,0.205
2024-10-11 05:00:00+00:00,15.05,45.30921,0.0,12.95,0.205
2024-10-11 06:00:00+00:00,17.15,40.191677,0.0,14.6,0.205
2024-10-11 07:00:00+00:00,19.75,34.270947,0.0,16.85,0.205
2024-10-11 08:00:00+00:00,21.35,30.833632,0.0,18.65,0.205
2024-10-11 09:00:00+00:00,22.25,29.287643,0.0,19.9,0.205
2024-10-11 10:00:00+00:00,23.95,23.506767,0.0,21.7,0.205
2024-10-11 11:00:00+00:00,24.75,17.839767,0.0,23.1,0.205
2024-10-11 12:00:00+00:00,23.65,19.551,0.0,23.25,0.204
2024-10-11 13:00:00+00:00,23.25,24.871862,0.0,22.7,0.207
2024-10-11 14:00:00+00:00,21.6,30.687931,0.0,21.9,0.207
2024-10-11 15:00:00+00:00,19.15,38.56083,0.0,20.7,0.207
2024-10-11 16:00:00+00:00,19.35,34.276363,0.0,19.1,0.207
2024-10-11 17:00:00+00:00,15.3,44.430172,0.0,17.85,0.207
2024-10-11 18:00:00+00:00,14.3,46.06524,0.0,16.95,0.207
2024-10-11 19:00:00+00:00,13.15,47.73786,0.0,16.1,0.207
2024-10-11 20:00:00+00:00,12.0,51.47614,0.0,15.3,0.207
2024-10-11 21:00:00+00:00,12.05,50.942974,0.0,14.6,0.207
2024-10-11 22:00:00+00:00,13.55,42.99246,0.0,13.85,0.207
2024-10-11 23:00:00+00:00,13.0,43.926254,0.0,13.2,0.207
2024-10-12 00:00:00+00:00,12.7,44.47567,0.0,12.65,0.207
2024-10-12 01:00:00+00:00,12.9,44.055573,0.0,12.2,0.201
2024-10-12 02:00:00+00:00,12.05,46.750183,0.0,11.7,0.201
2024-10-12 03:00:00+00:00,11.7,48.359966,0.0,11.25,0.201
2024-10-12 04:00:00+00:00,11.5,49.35631,0.0,11.1,0.201
2024-10-12 05:00:00+00:00,13.65,45.39247,0.0,12.25,0.201
2024-10-12 06:00:00+00:00,16.4,39.27119,0.0,14.25,0.201
2024-10-12 07:00:00+00:00,19.05,33.470062,0.0,16.7,0.201
2024-10-12 08:00:00+00:00,21.25,29.212637,0.0,19.1,0.201
2024-10-12 09:00:00+00:00,22.85,26.87662,0.0,21.15,0.201
2024-10-12 10:00:00+00:00,24.0,25.795048,0.0,22.75,0.201
2024-10-12 11:00:00+00:00,24.9,24.013647,0.0,24.15,0.201
2024-10-12 12:00:00+00:00,25.05,22.807728,0.0,24.85,0.201
2024-10-12 13:00:00+00:00,23.45,25.19354,0.0,24.5,0.2
2024-10-12 14:00:00+00:00,21.65,29.95395,0.0,23.4,0.2
2024-10-12 15:00:00+00:00,17.45,41.425312,0.0,21.5,0.2
2024-10-12 16:00:00+00:00,16.45,42.762943,0.0,19.85,0.2
2024-10-12 17:00:00+00:00,15.05,45.95289,0.0,18.6,0.2
2024-10-12 18:00:00+00:00,13.8,49.12099,0.0,17.45,0.2
2024-10-12 19:00:00+00:00,12.75,53.91558,0.0,16.5,0.2
2024-10-12 20:00:00+00:00,12.85,55.47866,0.0,15.65,0.2
2024-10-12 21:00:00+00:00,13.25,54.23771,0.0,14.9,0.2
2024-10-12 22:00:00+00:00,14.0,51.656097,0.0,14.35,0.2
2024-10-12 23:00:00+00:00,13.75,52.870064,0.0,13.75,0.2
2024-10-13 00:00:00+00:00,13.2,55.18227,0.0,13.15,0.2
2024-10-13 01:00:00+00:00,12.85,56.26136,0.0,12.6,0.199
2024-10-13 02:00:00+00:00,12.2,58.71166,0.0,12.15,0.199
2024-10-13 03:00:00+00:00,11.7,60.677856,0.0,11.75,0.199
2024-10-13 04:00:00+00:00,11.5,61.270042,0.0,11.55,0.199
2024-10-13 05:00:00+00:00,13.6,54.7107,0.0,12.7,0.199
2024-10-13 06:00:00+00:00,16.35,45.837597,0.0,14.6,0.199
2024-10-13 07:00:00+00:00,18.9,39.303715,0.0,16.95,0.199
2024-10-13 08:00:00+00:00,21.1,35.14551,0.0,19.35,0.199
2024-10-13 09:00:00+00:00,23.1,32.435993,0.0,21.6,0.199
2024-10-13 10:00:00+00:00,24.35,27.10034,0.0,23.4,0.199
2024-10-13 11:00:00+00:00,24.35,24.816435,0.0,24.4,0.199
2024-10-13 12:00:00+00:00,23.85,27.248468,0.0,24.7,0.199
2024-10-13 13:00:00+00:00,23.05,28.999987,0.0,24.25,0.199
2024-10-13 14:00:00+00:00,21.3,35.32539,0.0,23.25,0.199
2024-10-13 15:00:00+00:00,20.9,34.965992,0.0,21.45,0.199
2024-10-13 16:00:00+00:00,16.65,46.404205,0.0,19.9,0.199
2024-10-13 17:00:00+00:00,15.3,49.191216,0.0,18.65,0.199
2024-10-13 18:00:00+00:00,14.45,51.77776,0.0,17.65,0.199
2024-10-13 19:00:00+00:00,14.45,53.24183,0.0,16.8,0.2
2024-10-13 20:00:00+00:00,14.95,51.01691,0.0,15.9,0.2
2024-10-13 21:00:00+00:00,14.45,52.872417,0.0,15.15,0.2
2024-10-13 22:00:00+00:00,13.4,57.193462,0.0,14.5,0.2
2024-10-13 23:00:00+00:00,13.45,56.809536,0.0,13.95,0.2
2024-10-14 00:00:00+00:00,13.2,58.145893,0.0,13.5,0.2
2024-10-14 01:00:00+00:00,12.5,72.79732,0.0,13.95,0.198
2024-10-14 02:00:00+00:00,12.9,69.47901,0.0,13.5,0.198
2024-10-14 03:00:00+00:00,12.35,72.76991,0.0,13.35,0.198
2024-10-14 04:00:00+00:00,12.7,70.87642,0.0,13.1,0.198
2024-10-14 05:00:00+00:00,13.95,67.36386,0.0,13.9,0.198
2024-10-14 06:00:00+00:00,15.3,63.44356,0.0,15.3,0.198
2024-10-14 07:00:00+00:00,16.4,60.553623,0.0,17.1,0.198
2024-10-14 08:00:00+00:00,17.8,55.982536,0.0,18.6,0.198
2024-10-14 09:00:00+00:00,19.9,49.267048,0.1,20.5,0.199
2024-10-14 10:00:00+00:00,21.35,45.20836,0.0,21.95,0.199
2024-10-14 11:00:00+00:00,22.55,40.48412,0.0,23.25,0.199
2024-10-14 12:00:00+00:00,22.4,36.885666,0.0,23.5,0.199
2024-10-14 13:00:00+00:00,22.7,31.765352,0.0,23.4,0.201
2024-10-14 14:00:00+00:00,21.3,34.59635,0.0,22.5,0.201
2024-10-14 15:00:00+00:00,18.35,43.909508,0.0,21.15,0.201
2024-10-14 16:00:00+00:00,18.5,42.900833,0.0,19.7,0.201
2024-10-14 17:00:00+00:00,16.45,50.369846,0.0,18.6,0.201
2024-10-14 18:00:00+00:00,14.55,56.891987,0.0,17.45,0.201
2024-10-14 19:00:00+00:00,13.0,69.02633,0.0,16.6,0.201
2024-10-14 20:00:00+00:00,13.45,69.35252,0.0,15.85,0.201
2024-10-14 21:00:00+00:00,13.1,72.65987,0.0,15.25,0.201
2024-10-14 22:00:00+00:00,12.75,76.382416,0.0,14.65,0.201
2024-10-14 23:00:00+00:00,12.0,81.604195,0.0,14.05,0.201
2024-10-15 00:00:00+00:00,11.75,82.680756,0.0,13.5,0.201
2024-10-15 01:00:00+00:00,12.05,71.972824,0.0,13.45,0.193
2024-10-15 02:00:00+00:00,11.75,73.91393,0.0,13.1,0.193
2024-10-15 03:00:00+00:00,11.85,74.18456,0.0,12.9,0.193
2024-10-15 04:00:00+00:00,11.45,82.086075,0.0,12.9,0.193
2024-10-15 05:00:00+00:00,13.1,72.65987,0.0,13.65,0.193
2024-10-15 06:00:00+00:00,15.35,64.7558,0.0,15.2,0.193
2024-10-15 07:00:00+00:00,17.9,56.197002,0.0,17.4,0.193
2024-10-15 08:00:00+00:00,19.75,50.06376,0.0,19.55,0.193
2024-10-15 09:00:00+00:00,21.3,43.84074,0.0,21.6,0.193
2024-10-15 10:00:00+00:00,22.75,36.35835,0.0,23.3,0.193
2024-10-15 11:00:00+00:00,23.05,32.87367,0.0,24.25,0.193
2024-10-15 12:00:00+00:00,22.85,34.08813,0.0,24.55,0.193
2024-10-15 13:00:00+00:00,22.15,33.77097,0.0,24.05,0.191
2024-10-15 14:00:00+00:00,20.75,38.35375,0.0,22.95,0.191
2024-10-15 15:00:00+00:00,17.75,49.183807,0.0,21.35,0.191
2024-10-15 16:00:00+00:00,16.25,54.832516,0.0,19.9,0.191
2024-10-15 17:00:00+00:00,15.75,57.98128,0.0,18.8,0.191
2024-10-15 18:00:00+00:00,14.65,62.438908,0.0,17.85,0.191
2024-10-15 19:00:00+00:00,13.75,65.28714,0.0,17.05,0.191
2024-10-15 20:00:00+00:00,12.5,69.39893,0.0,16.15,0.191
2024-10-15 21:00:00+00:00,12.0,69.77638,0.0,15.4,0.191
2024-10-15 22:00:00+00:00,13.45,61.946056,0.0,14.7,0.191
2024-10-15 23:00:00+00:00,13.0,64.45356,0.0,14.1,0.191
2024-10-16 00:00:00+00:00,12.45,67.27841,0.0,13.55,0.191
2024-10-16 01:00:00+00:00,12.35,67.48906,0.0,13.65,0.19
2024-10-16 02:00:00+00:00,11.95,70.48902,0.0,13.1,0.19
2024-10-16 03:00:00+00:00,11.55,73.374054,0.0,12.65,0.19
2024-10-16 04:00:00+00:00,11.45,75.13604,0.0,12.35,0.19
2024-10-16 05:00:00+00:00,13.6,65.92679,0.0,13.3,0.19
2024-10-16 06:00:00+00:00,16.15,53.14033,0.0,15.1,0.19
2024-10-16 07:00:00+00:00,18.6,44.437687,0.0,17.35,0.19
2024-10-16 08:00:00+00:00,20.5,40.872124,0.0,19.7,0.19
2024-10-16 09:00:00+00:00,21.75,38.77255,0.0,21.75,0.19
2024-10-16 10:00:00+00:00,22.0,37.924767,0.0,23.15,0.19
2024-10-16 11:00:00+00:00,22.35,38.41619,0.2,24.05,0.192
2024-10-16 12:00:00+00:00,21.85,37.62281,0.0,24.1,0.192
2024-10-16 13:00:00+00:00,21.15,40.086075,0.0,23.55,0.196
2024-10-16 14:00:00+00:00,19.55,44.705227,0.0,22.5,0.196
2024-10-16 15:00:00+00:00,17.2,57.169132,0.0,21.05,0.196
2024-10-16 16:00:00+00:00,16.95,58.081184,0.0,19.5,0.196
2024-10-16 17:00:00+00:00,14.45,67.01301,0.0,18.2,0.196
2024-10-16 18:00:00+00:00,13.9,66.89677,0.0,17.15,0.196
2024-10-16 19:00:00+00:00,12.85,69.706604,0.0,16.25,0.196
2024-10-16 20:00:00+00:00,12.35,69.845924,0.0,15.5,0.196
2024-10-16 21:00:00+00:00,12.2,70.055984,0.0,14.9,0.196
2024-10-16 22:00:00+00:00,12.9,66.22793,0.0,14.4,0.196
2024-10-16 23:00:00+00:00,12.7,67.56254,0.0,13.95,0.196
2024-10-17 00:00:00+00:00,10.05,83.888885,0.0,13.45,0.196
2024-10-17 01:00:00+00:00,12.55,68.9352,0.0,13.8,0.18
2024-10-17 02:00:00+00:00,11.9,72.93654,0.0,13.35,0.181
2024-10-17 03:00:00+00:00,10.2,82.20545,0.0,12.95,0.181
2024-10-17 04:00:00+00:00,10.75,81.717384,0.0,12.7,0.181
2024-10-17 05:00:00+00:00,13.3,69.08687,0.1,13.4,0.181
2024-10-17 06:00:00+00:00,15.05,65.34966,0.2,14.8,0.183
2024-10-17 07:00:00+00:00,15.2,66.944786,0.1,15.65,0.184
2024-10-17 08:00:00+00:00,17.3,58.956604,0.0,17.85,0.184
2024-10-17 09:00:00+00:00,17.95,53.070538,0.0,19.3,0.185
2024-10-17 10:00:00+00:00,18.15,52.23026,0.0,20.8,0.185
2024-10-17 11:00:00+00:00,17.4,54.201313,0.1,21.05,0.186
2024-10-17 12:00:00+00:00,15.8,60.616016,0.0,20.55,0.186
2024-10-17 13:00:00+00:00,13.25,82.31452,0.4,15.75,0.299
2024-10-17 14:00:00+00:00,12.0,86.98415,1.4,15.15,0.316
2024-10-17 15:00:00+00:00,11.65,90.5162,4.4,14.45,0.373
2024-10-17 16:00:00+00:00,11.35,85.47024,2.1,13.9,0.4
2024-10-17 17:00:00+00:00,9.3,90.964005,2.2,13.0,0.428
2024-10-17 18:00:00+00:00,9.15,88.20363,3.4,12.4,0.469
2024-10-17 19:00:00+00:00,9.75,86.471375,0.6,12.1,0.471
2024-10-17 20:00:00+00:00,8.75,89.99857,0.0,11.6,0.466
2024-10-17 21:00:00+00:00,8.5,93.110466,0.0,11.3,0.462
2024-10-17 22:00:00+00:00,9.1,96.02864,1.9,11.35,0.482
2024-10-17 23:00:00+00:00,8.45,89.0546,1.7,11.15,0.493
2024-10-18 00:00:00+00:00,7.8,94.03607,0.5,10.9,0.488
2024-10-18 01:00:00+00:00,7.25,97.967125,0.1,10.1,0.45
2024-10-18 02:00:00+00:00,6.6,99.314735,0.0,9.85,0.448
2024-10-18 03:00:00+00:00,6.8,97.62344,0.0,9.5,0.446
2024-10-18 04:00:00+00:00,7.25,91.45197,0.3,9.55,0.447
2024-10-18 05:00:00+00:00,8.0,84.22859,0.1,9.9,0.446
2024-10-18 06:00:00+00:00,8.5,79.18873,0.0,10.35,0.444
2024-10-18 07:00:00+00:00,9.45,68.05794,0.2,11.4,0.442
2024-10-18 08:00:00+00:00,11.0,56.57984,0.0,12.85,0.44
2024-10-18 09:00:00+00:00,12.4,47.52613,0.0,14.4,0.436
2024-10-18 10:00:00+00:00,13.45,39.111732,0.0,15.2,0.432
2024-10-18 11:00:00+00:00,13.8,38.790672,0.0,15.7,0.428
2024-10-18 12:00:00+00:00,13.55,39.569347,0.0,15.75,0.425
2024-10-18 13:00:00+00:00,11.85,45.858833,0.0,15.4,0.431
2024-10-18 14:00:00+00:00,11.0,61.798042,0.0,14.6,0.429
2024-10-18 15:00:00+00:00,11.15,47.68543,0.0,13.4,0.428
2024-10-18 16:00:00+00:00,8.45,62.068962,0.0,12.4,0.427
2024-10-18 17:00:00+00:00,7.4,65.715294,0.0,11.45,0.425
2024-10-18 18:00:00+00:00,5.9,71.81147,0.0,10.55,0.424
2024-10-18 19:00:00+00:00,4.5,79.15141,0.0,9.75,0.423
2024-10-18 20:00:00+00:00,3.5,84.29888,0.0,9.0,0.422
2024-10-18 21:00:00+00:00,2.9,85.45265,0.0,8.35,0.421
2024-10-18 22:00:00+00:00,2.45,84.480515,0.0,7.8,0.42
2024-10-18 23:00:00+00:00,2.65,79.15823,0.0,7.25,0.419
2024-10-19 00:00:00+00:00,3.05,72.84118,0.0,6.75,0.418
2024-10-19 01:00:00+00:00,1.85,84.10346,0.0,7.05,0.416
2024-10-19 02:00:00+00:00,1.2,86.51936,0.0,6.55,0.415
2024-10-19 03:00:00+00:00,1.0,84.61968,0.0,6.1,0.414
2024-10-19 04:00:00+00:00,1.7,81.663795,0.0,5.85,0.413
2024-10-19 05:00:00+00:00,4.9,65.15157,0.0,6.65,0.412
2024-10-19 06:00:00+00:00,7.05,59.317585,0.0,8.2,0.411
2024-10-19 07:00:00+00:00,8.8,54.607655,0.0,9.95,0.409
2024-10-19 08:00:00+00:00,10.4,44.45456,0.0,11.65,0.406
2024-10-19 09:00:00+00:00,11.7,34.019653,0.0,13.15,0.403
2024-10-19 10:00:00+00:00,12.35,27.192219,0.0,14.3,0.4
2024-10-19 11:00:00+00:00,11.8,30.41933,0.0,14.6,0.397
2024-10-19 12:00:00+00:00,11.0,33.431934,0.0,14.4,0.395
2024-10-19 13:00:00+00:00,9.5,36.814808,0.1,13.25,0.403
2024-10-19 14:00:00+00:00,8.85,38.898674,0.0,12.25,0.402
2024-10-19 15:00:00+00:00,6.7,50.9385,0.0,11.1,0.401
2024-10-19 16:00:00+00:00,5.6,53.14659,0.0,9.9,0.4
2024-10-19 17:00:00+00:00,4.6,55.300743,0.0,8.95,0.4
2024-10-19 18:00:00+00:00,3.25,58.56658,0.0,8.05,0.399
2024-10-19 19:00:00+00:00,2.05,61.419487,0.0,7.2,0.399
2024-10-19 20:00:00+00:00,1.3,60.310814,0.0,6.45,0.398
2024-10-19 21:00:00+00:00,1.1,54.97703,0.0,5.85,0.398
2024-10-19 22:00:00+00:00,0.45,56.952545,0.0,5.3,0.397
2024-10-19 23:00:00+00:00,1.5,47.01742,0.0,4.8,0.397
2024-10-20 00:00:00+00:00,2.2,40.551613,0.0,4.35,0.396
2024-10-20 01:00:00+00:00,2.05,40.3462,0.0,4.5,0.392
2024-10-20 02:00:00+00:00,1.65,41.515553,0.0,4.05,0.392
2024-10-20 03:00:00+00:00,0.3,47.9622,0.0,3.65,0.391
2024-10-20 04:00:00+00:00,1.25,40.904064,0.0,3.4,0.391
2024-10-20 05:00:00+00:00,2.4,45.486145,0.0,4.25,0.391
2024-10-20 06:00:00+00:00,4.75,42.947796,0.0,5.85,0.39
2024-10-20 07:00:00+00:00,6.6,40.16805,0.0,7.75,0.388
2024-10-20 08:00:00+00:00,8.15,35.179646,0.0,9.65,0.386
2024-10-20 09:00:00+00:00,9.6,30.937103,0.0,11.35,0.384
2024-10-20 10:00:00+00:00,10.4,29.100647,0.0,12.55,0.381
2024-10-20 11:00:00+00:00,10.85,27.918182,0.0,13.25,0.379
2024-10-20 12:00:00+00:00,11.0,29.05392,0.0,13.35,0.377
2024-10-20 13:00:00+00:00,9.35,35.139236,0.0,12.7,0.38
2024-10-20 14:00:00+00:00,7.5,61.618614,0.0,11.65,0.379
2024-10-20 15:00:00+00:00,6.5,42.817432,0.0,10.15,0.379
2024-10-20 16:00:00+00:00,5.55,46.770092,0.0,9.0,0.379
2024-10-20 17:00:00+00:00,3.5,59.292873,0.0,7.95,0.378
2024-10-20 18:00:00+00:00,2.3,65.76892,0.0,7.05,0.378
2024-10-20 19:00:00+00:00,1.85,65.17617,0.0,6.25,0.378
2024-10-20 20:00:00+00:00,1.65,63.19961,0.0,5.65,0.378
2024-10-20 21:00:00+00:00,1.05,64.25895,0.0,5.1,0.377
2024-10-20 22:00:00+00:00,0.6,63.426407,0.0,4.65,0.377
2024-10-20 23:00:00+00:00,0.2,61.425728,0.0,4.25,0.377
2024-10-21 00:00:00+00:00,-0.2,61.5614,0.0,3.8,0.377
2024-10-21 01:00:00+00:00,0.25,57.33908,0.0,4.6,0.368
2024-10-21 02:00:00+00:00,0.3,58.916325,0.0,4.1,0.368
2024-10-21 03:00:00+00:00,-0.3,65.17088,0.0,3.65,0.368
2024-10-21 04:00:00+00:00,0.8,62.75613,0.0,3.35,0.367
2024-10-21 05:00:00+00:00,2.7,56.04625,0.0,4.1,0.367
2024-10-21 06:00:00+00:00,4.85,50.416183,0.0,5.6,0.366
2024-10-21 07:00:00+00:00,6.65,44.010647,0.0,7.4,0.365
2024-10-21 08:00:00+00:00,8.35,38.45694,0.0,9.3,0.364
2024-10-21 09:00:00+00:00,9.5,39.830444,0.0,10.85,0.362
2024-10-21 10:00:00+00:00,10.4,37.924156,0.0,12.15,0.36
2024-10-21 11:00:00+00:00,10.95,36.154358,0.0,13.0,0.358
2024-10-21 12:00:00+00:00,10.75,35.02925,0.0,13.05,0.357
2024-10-21 13:00:00+00:00,9.75,35.526447,0.0,12.3,0.352
2024-10-21 14:00:00+00:00,8.75,40.507954,0.0,11.35,0.352
2024-10-21 15:00:00+00:00,6.45,53.77579,0.0,9.95,0.351
2024-10-21 16:00:00+00:00,7.15,47.059624,0.0,8.65,0.351
2024-10-21 17:00:00+00:00,6.95,47.886894,0.0,7.55,0.351
2024-10-21 18:00:00+00:00,5.0,57.29282,0.0,6.6,0.351
2024-10-21 19:00:00+00:00,4.35,61.073505,0.0,5.85,0.351
2024-10-21 20:00:00+00:00,1.95,73.171104,0.0,5.5,0.351
2024-10-21 21:00:00+00:00,1.8,68.41097,0.0,5.15,0.351
2024-10-21 22:00:00+00:00,2.05,63.533543,0.0,5.0,0.351
2024-10-21 23:00:00+00:00,2.35,65.04794,0.0,4.95,0.351
2024-10-22 00:00:00+00:00,2.25,63.58115,0.0,4.9,0.351
2024-10-22 01:00:00+00:00,2.25,65.02484,0.0,5.45,0.346
2024-10-22 02:00:00+00:00,2.4,67.52857,0.0,5.25,0.346
2024-10-22 03:00:00+00:00,1.85,71.27916,0.0,4.95,0.346
2024-10-22 04:00:00+00:00,1.95,71.56386,0.0,4.7,0.346
2024-10-22 05:00:00+00:00,3.8,63.007416,0.0,5.25,0.345
2024-10-22 06:00:00+00:00,4.85,60.747,0.1,6.2,0.345
2024-10-22 07:00:00+00:00,5.75,58.98891,0.1,7.3,0.346
2024-10-22 08:00:00+00:00,8.05,51.883015,0.0,8.95,0.345
2024-10-22 09:00:00+00:00,10.5,34.045425,0.0,10.6,0.344
2024-10-22 10:00:00+00:00,11.15,31.159958,0.0,11.55,0.342
2024-10-22 11:00:00+00:00,11.6,26.361202,0.0,12.3,0.341
2024-10-22 12:00:00+00:00,11.4,25.602638,0.0,12.3,0.339
2024-10-22 13:00:00+00:00,10.7,25.901058,0.0,12.4,0.338
2024-10-22 14:00:00+00:00,8.85,33.041744,0.0,11.4,0.337
2024-10-22 15:00:00+00:00,6.2,45.73879,0.0,10.0,0.337
2024-10-22 16:00:00+00:00,4.1,59.00478,0.0,8.75,0.337
2024-10-22 17:00:00+00:00,4.25,59.705074,0.0,7.6,0.336
2024-10-22 18:00:00+00:00,5.25,54.656155,0.0,6.65,0.336
2024-10-22 19:00:00+00:00,5.0,55.20226,0.0,5.85,0.336
2024-10-22 20:00:00+00:00,4.75,54.92948,0.0,5.2,0.336
2024-10-22 21:00:00+00:00,4.4,55.453957,0.0,4.6,0.336
2024-10-22 22:00:00+00:00,3.4,59.26735,0.0,4.1,0.336
2024-10-22 23:00:00+00:00,3.15,58.981796,0.0,3.6,0.336
2024-10-23 00:00:00+00:00,0.0,71.98387,0.0,3.2,0.336
2024-10-23 01:00:00+00:00,0.75,57.251972,0.0,4.6,0.325
2024-10-23 02:00:00+00:00,0.55,55.03802,0.0,4.0,0.324
2024-10-23 03:00:00+00:00,0.2,53.679066,0.0,3.5,0.324
2024-10-23 04:00:00+00:00,0.2,55.58308,0.0,3.15,0.324
2024-10-23 05:00:00+00:00,3.05,45.153294,0.0,3.85,0.324
2024-10-23 06:00:00+00:00,5.35,39.33276,0.0,5.35,0.323
2024-10-23 07:00:00+00:00,7.5,36.351437,0.0,7.3,0.323
2024-10-23 08:00:00+00:00,10.2,31.473415,0.0,9.4,0.321
2024-10-23 09:00:00+00:00,11.85,23.908556,0.0,11.05,0.32
2024-10-23 10:00:00+00:00,12.65,24.132397,0.0,12.25,0.318
2024-10-23 11:00:00+00:00,13.35,21.005981,0.0,13.1,0.317
2024-10-23 12:00:00+00:00,13.3,19.874765,0.0,13.35,0.315
2024-10-23 13:00:00+00:00,12.55,21.120398,0.0,13.05,0.309
2024-10-23 14:00:00+00:00,10.05,29.56089,0.0,12.0,0.308
2024-10-23 15:00:00+00:00,7.05,38.356983,0.0,10.35,0.308
2024-10-23 16:00:00+00:00,7.0,40.135666,0.0,8.95,0.308
2024-10-23 17:00:00+00:00,7.4,38.60933,0.0,7.75,0.308
2024-10-23 18:00:00+00:00,6.55,40.15298,0.0,6.8,0.308
2024-10-23 19:00:00+00:00,3.25,50.34199,0.0,5.95,0.308
2024-10-23 20:00:00+00:00,2.6,52.112774,0.0,5.25,0.308
2024-10-23 21:00:00+00:00,2.5,52.484203,0.0,4.65,0.308
2024-10-23 22:00:00+00:00,2.3,53.235943,0.0,4.1,0.308
2024-10-23 23:00:00+00:00,2.3,53.235943,0.0,3.65,0.308
2024-10-24 00:00:00+00:00,2.15,54.01351,0.0,3.25,0.308
2024-10-24 01:00:00+00:00,0.8,62.99474,0.0,4.1,0.297
2024-10-24 02:00:00+00:00,1.05,61.871437,0.0,3.55,0.297
2024-10-24 03:00:00+00:00,0.45,65.09762,0.0,3.15,0.297
2024-10-24 04:00:00+00:00,0.85,66.18226,0.0,2.85,0.297
2024-10-24 05:00:00+00:00,3.3,56.845413,0.0,3.65,0.296
2024-10-24 06:00:00+00:00,6.0,49.062912,0.0,5.35,0.296
2024-10-24 07:00:00+00:00,8.25,44.64837,0.0,7.55,0.295
2024-10-24 08:00:00+00:00,9.95,41.322105,0.0,9.7,0.295
2024-10-24 09:00:00+00:00,11.3,38.904694,0.0,11.65,0.293
2024-10-24 10:00:00+00:00,12.45,34.88344,0.0,13.15,0.292
2024-10-24 11:00:00+00:00,13.2,31.177835,0.0,14.1,0.291
2024-10-24 12:00:00+00:00,13.35,28.752476,0.0,14.4,0.29
2024-10-24 13:00:00+00:00,12.6,26.14397,0.0,14.05,0.286
2024-10-24 14:00:00+00:00,9.4,44.162525,0.0,12.85,0.286
2024-10-24 15:00:00+00:00,7.05,43.14357,0.0,11.1,0.286
2024-10-24 16:00:00+00:00,9.5,33.87484,0.0,9.65,0.286
2024-10-24 17:00:00+00:00,8.75,34.168125,0.0,8.5,0.286
2024-10-24 18:00:00+00:00,7.5,34.84912,0.0,7.55,0.286
2024-10-24 19:00:00+00:00,8.0,33.29576,0.0,6.75,0.286
2024-10-24 20:00:00+00:00,7.45,34.968258,0.0,6.05,0.286
2024-10-24 21:00:00+00:00,6.35,38.29191,0.0,5.45,0.286
2024-10-24 22:00:00+00:00,5.2,42.266113,0.0,4.95,0.286
2024-10-24 23:00:00+00:00,4.55,45.079304,0.0,4.45,0.286
2024-10-25 00:00:00+00:00,4.15,46.89363,0.0,4.05,0.286
2024-10-25 01:00:00+00:00,4.15,46.536736,0.0,4.6,0.27
2024-10-25 02:00:00+00:00,3.8,47.87694,0.0,4.1,0.27
2024-10-25 03:00:00+00:00,3.45,49.44751,0.0,3.65,0.27
2024-10-25 04:00:00+00:00,3.45,49.82624,0.0,3.35,0.27
2024-10-25 05:00:00+00:00,4.6,49.589943,0.0,4.25,0.27
2024-10-25 06:00:00+00:00,6.8,47.487656,0.0,6.0,0.269
2024-10-25 07:00:00+00:00,8.9,45.844006,0.0,8.15,0.269
2024-10-25 08:00:00+00:00,10.7,42.00499,0.0,10.3,0.268
2024-10-25 09:00:00+00:00,12.15,38.16296,0.0,12.25,0.267
2024-10-25 10:00:00+00:00,13.45,34.411217,0.0,13.8,0.266
2024-10-25 11:00:00+00:00,14.4,32.473938,0.0,14.8,0.266
2024-10-25 12:00:00+00:00,14.65,33.15031,0.0,15.2,0.265
2024-10-25 13:00:00+00:00,14.2,33.75472,0.0,15.0,0.258
2024-10-25 14:00:00+00:00,13.15,37.214622,0.0,13.8,0.258
2024-10-25 15:00:00+00:00,8.1,53.43712,0.0,12.0,0.258
2024-10-25 16:00:00+00:00,7.15,57.430073,0.0,10.65,0.258
2024-10-25 17:00:00+00:00,5.75,61.417206,0.0,9.6,0.258
2024-10-25 18:00:00+00:00,4.65,63.442707,0.0,8.65,0.258
2024-10-25 19:00:00+00:00,3.3,67.474945,0.0,7.65,0.258
2024-10-25 20:00:00+00:00,3.05,66.42947,0.0,6.9,0.258
2024-10-25 21:00:00+00:00,3.05,64.486305,0.0,6.15,0.258
2024-10-25 22:00:00+00:00,4.25,57.096157,0.0,5.5,0.258
2024-10-25 23:00:00+00:00,3.6,58.87665,0.0,4.95,0.258
2024-10-26 00:00:00+00:00,3.8,56.977604,0.0,4.45,0.258
2024-10-26 01:00:00+00:00,3.5,60.86288,0.0,4.2,0.256
2024-10-26 02:00:00+00:00,2.7,64.8865,0.0,3.75,0.256
2024-10-26 03:00:00+00:00,2.7,65.128586,0.0,3.4,0.256
2024-10-26 04:00:00+00:00,2.75,65.14008,0.0,3.1,0.256
2024-10-26 05:00:00+00:00,4.4,61.085846,0.0,4.0,0.256
2024-10-26 06:00:00+00:00,6.55,55.00629,0.0,5.75,0.256
2024-10-26 07:00:00+00:00,8.8,47.535385,0.0,7.9,0.255
2024-10-26 08:00:00+00:00,10.95,39.525074,0.0,10.15,0.255
2024-10-26 09:00:00+00:00,12.6,31.706419,0.0,12.15,0.254
2024-10-26 10:00:00+00:00,13.25,28.831818,0.0,13.7,0.253
2024-10-26 11:00:00+00:00,13.95,28.177103,0.0,14.65,0.253
2024-10-26 12:00:00+00:00,14.25,27.634762,0.0,14.7,0.252
2024-10-26 13:00:00+00:00,14.05,26.060066,0.0,14.55,0.251
2024-10-26 14:00:00+00:00,11.75,33.90758,0.0,13.55,0.251
2024-10-26 15:00:00+00:00,7.65,47.732864,0.0,11.9,0.251
2024-10-26 16:00:00+00:00,7.3,49.068554,0.0,10.45,0.251
2024-10-26 17:00:00+00:00,6.25,51.57383,0.0,9.3,0.251
2024-10-26 18:00:00+00:00,5.0,55.408222,0.0,8.25,0.251
2024-10-26 19:00:00+00:00,4.4,57.777767,0.0,7.35,0.251
2024-10-26 20:00:00+00:00,5.75,52.59741,0.0,6.55,0.251
2024-10-26 21:00:00+00:00,4.35,57.122448,0.0,5.8,0.251
2024-10-26 22:00:00+00:00,4.0,55.972557,0.0,5.2,0.251
2024-10-26 23:00:00+00:00,3.85,55.722866,0.0,4.65,0.251
2024-10-27 00:00:00+00:00,3.25,57.91074,0.0,4.15,0.251
2024-10-27 01:00:00+00:00,1.3,67.03503,0.0,4.95,0.239
2024-10-27 02:00:00+00:00,1.65,65.13,0.0,4.35,0.239
2024-10-27 03:00:00+00:00,2.55,60.853912,0.0,3.8,0.239
2024-10-27 04:00:00+00:00,1.55,66.092064,0.0,3.35,0.239
2024-10-27 05:00:00+00:00,3.0,60.966045,0.0,4.05,0.239
2024-10-27 06:00:00+00:00,5.5,53.71585,0.0,5.7,0.239
2024-10-27 07:00:00+00:00,7.6,48.43149,0.0,7.85,0.239
2024-10-27 08:00:00+00:00,9.25,44.118584,0.0,10.05,0.238
2024-10-27 09:00:00+00:00,10.85,40.679478,0.0,12.05,0.238
2024-10-27 10:00:00+00:00,12.15,36.782307,0.0,13.65,0.237
2024-10-27 11:00:00+00:00,13.0,33.277145,0.0,14.75,0.236
2024-10-27 12:00:00+00:00,13.3,31.207182,0.0,15.15,0.236
2024-10-27 13:00:00+00:00,12.55,29.065012,0.0,14.85,0.232
2024-10-27 14:00:00+00:00,9.4,39.94955,0.0,13.45,0.232
2024-10-27 15:00:00+00:00,6.85,45.929283,0.0,11.5,0.232
2024-10-27 16:00:00+00:00,8.5,39.38294,0.0,9.9,0.232
2024-10-27 17:00:00+00:00,7.45,40.576897,0.0,8.5,0.232
2024-10-27 18:00:00+00:00,6.65,39.72612,0.0,7.3,0.232
2024-10-27 19:00:00+00:00,6.1,36.77068,0.0,6.3,0.232
2024-10-27 20:00:00+00:00,6.05,34.142612,0.0,5.45,0.232
2024-10-27 21:00:00+00:00,5.2,34.96303,0.0,4.75,0.232
2024-10-27 22:00:00+00:00,4.3,36.506855,0.0,4.05,0.232
2024-10-27 23:00:00+00:00,3.75,38.09244,0.0,3.5,0.232
2024-10-28 00:00:00+00:00,3.2,39.753685,0.0,3.0,0.232
2024-10-28 01:00:00+00:00,2.6,46.436375,0.0,2.6,0.233
2024-10-28 02:00:00+00:00,2.25,47.790825,0.0,2.2,0.233
2024-10-28 03:00:00+00:00,1.9,49.188194,0.0,1.8,0.233
2024-10-28 04:00:00+00:00,1.6,49.867287,0.0,1.55,0.233
2024-10-28 05:00:00+00:00,2.4,48.954845,0.0,2.45,0.233
2024-10-28 06:00:00+00:00,4.85,45.86195,0.0,4.35,0.232
2024-10-28 07:00:00+00:00,7.1,42.996113,0.0,6.65,0.232
2024-10-28 08:00:00+00:00,9.25,36.739784,0.0,9.05,0.232
2024-10-28 09:00:00+00:00,10.95,32.793102,0.0,11.25,0.231
2024-10-28 10:00:00+00:00,12.3,30.336893,0.0,13.05,0.231
2024-10-28 11:00:00+00:00,13.2,27.85525,0.0,14.2,0.23
2024-10-28 12:00:00+00:00,13.6,26.03108,0.0,14.7,0.23
2024-10-28 13:00:00+00:00,12.6,29.18964,0.0,14.4,0.233
2024-10-28 14:00:00+00:00,9.25,42.830692,0.0,13.0,0.233
2024-10-28 15:00:00+00:00,7.75,45.17093,0.0,11.15,0.232
2024-10-28 16:00:00+00:00,9.6,36.844795,0.0,9.6,0.232
2024-10-28 17:00:00+00:00,8.8,36.1907,0.0,8.3,0.232
2024-10-28 18:00:00+00:00,8.0,35.4043,0.0,7.25,0.232
2024-10-28 19:00:00+00:00,7.25,34.506397,0.0,6.35,0.232
2024-10-28 20:00:00+00:00,6.7,34.07462,0.0,5.6,0.232
2024-10-28 21:00:00+00:00,6.05,36.051186,0.0,4.95,0.232
2024-10-28 22:00:00+00:00,5.25,38.69965,0.0,4.4,0.232
2024-10-28 23:00:00+00:00,4.65,40.664394,0.0,3.85,0.232
2024-10-29 00:00:00+00:00,4.3,41.83311,0.0,3.4,0.232
2024-10-29 01:00:00+00:00,3.3,47.003414,0.0,2.9,0.232
2024-10-29 02:00:00+00:00,2.95,48.180843,0.0,2.55,0.232
2024-10-29 03:00:00+00:00,2.75,49.24524,0.0,2.2,0.232
2024-10-29 04:00:00+00:00,2.55,50.334,0.0,1.95,0.232
2024-10-29 05:00:00+00:00,3.3,50.3563,0.0,2.85,0.232
2024-10-29 06:00:00+00:00,5.9,46.170673,0.0,4.75,0.232
2024-10-29 07:00:00+00:00,8.35,43.52852,0.0,7.1,0.232
2024-10-29 08:00:00+00:00,10.45,38.50835,0.0,9.5,0.231
2024-10-29 09:00:00+00:00,12.2,34.423317,0.0,11.7,0.231
2024-10-29 10:00:00+00:00,13.6,32.23898,0.0,13.5,0.23
2024-10-29 11:00:00+00:00,14.4,30.723131,0.0,14.7,0.23
2024-10-29 12:00:00+00:00,14.65,29.675512,0.0,15.2,0.229
2024-10-29 13:00:00+00:00,14.0,28.40383,0.0,15.05,0.225
2024-10-29 14:00:00+00:00,12.65,31.839998,0.0,13.6,0.225
2024-10-29 15:00:00+00:00,9.3,41.90161,0.0,11.7,0.225
2024-10-29 16:00:00+00:00,9.75,41.879375,0.0,10.15,0.225
2024-10-29 17:00:00+00:00,9.15,44.41662,0.0,8.9,0.225
2024-10-29 18:00:00+00:00,7.1,51.23963,0.0,7.95,0.225
2024-10-29 19:00:00+00:00,8.15,46.48007,0.0,7.15,0.225
2024-10-29 20:00:00+00:00,8.05,45.93669,0.0,6.45,0.225
2024-10-29 21:00:00+00:00,7.6,46.666435,0.0,5.85,0.225
2024-10-29 22:00:00+00:00,6.8,48.925873,0.0,5.3,0.225
2024-10-29 23:00:00+00:00,6.3,48.96543,0.0,4.8,0.225
2024-10-30 00:00:00+00:00,5.8,48.639137,0.0,4.35,0.225
2024-10-30 01:00:00+00:00,5.25,53.447678,0.0,3.85,0.229
2024-10-30 02:00:00+00:00,4.75,54.31717,0.0,3.6,0.229
2024-10-30 03:00:00+00:00,4.7,52.700012,0.0,3.45,0.229
2024-10-30 04:00:00+00:00,4.45,51.649105,0.0,3.2,0.229
2024-10-30 05:00:00+00:00,5.3,49.046375,0.0,4.0,0.229
2024-10-30 06:00:00+00:00,7.7,42.212475,0.0,5.85,0.229
2024-10-30 07:00:00+00:00,9.9,38.776245,0.0,8.05,0.228
2024-10-30 08:00:00+00:00,11.95,35.25553,0.0,10.45,0.228
2024-10-30 09:00:00+00:00,13.55,32.70557,0.0,12.55,0.227
2024-10-30 10:00:00+00:00,14.7,30.357935,0.0,14.2,0.227
2024-10-30 11:00:00+00:00,15.5,27.682549,0.0,15.4,0.226
2024-10-30 12:00:00+00:00,15.6,26.697891,0.0,15.8,0.226
2024-10-30 13:00:00+00:00,14.75,29.59446,0.0,15.5,0.227
2024-10-30 14:00:00+00:00,13.55,33.563206,0.0,14.1,0.227
2024-10-30 15:00:00+00:00,10.55,42.270775,0.0,12.3,0.227
2024-10-30 16:00:00+00:00,8.75,48.759357,0.0,10.85,0.227
2024-10-30 17:00:00+00:00,6.4,57.445835,0.0,9.6,0.227
2024-10-30 18:00:00+00:00,5.85,57.93941,0.0,8.65,0.227
2024-10-30 19:00:00+00:00,5.4,58.683067,0.0,7.9,0.227
2024-10-30 20:00:00+00:00,5.2,59.06649,0.0,7.35,0.227
2024-10-30 21:00:00+00:00,5.9,54.831642,0.0,6.95,0.227
2024-10-30 22:00:00+00:00,6.85,49.85845,0.0,6.65,0.227
2024-10-30 23:00:00+00:00,6.9,49.319893,0.0,6.3,0.227
2024-10-31 00:00:00+00:00,6.55,50.332092,0.0,6.0,0.227
2024-10-31 01:00:00+00:00,6.35,52.373436,0.0,5.55,0.228
2024-10-31 02:00:00+00:00,5.8,54.60199,0.0,5.4,0.228
2024-10-31 03:00:00+00:00,5.75,54.386402,0.0,5.3,0.228
2024-10-31 04:00:00+00:00,5.65,54.561436,0.0,5.15,0.228
2024-10-31 05:00:00+00:00,6.45,52.79065,0.0,5.75,0.228
2024-10-31 06:00:00+00:00,8.95,46.198013,0.0,7.4,0.228
2024-10-31 07:00:00+00:00,11.1,41.50916,0.0,9.5,0.227
2024-10-31 08:00:00+00:00,13.0,36.76355,0.0,11.7,0.227
2024-10-31 09:00:00+00:00,14.5,32.50326,0.0,13.75,0.226
2024-10-31 10:00:00+00:00,15.55,28.53177,0.0,15.3,0.226
2024-10-31 11:00:00+00:00,16.05,25.84419,0.0,16.25,0.225
2024-10-31 12:00:00+00:00,16.05,25.940857,0.0,16.5,0.225
2024-10-31 13:00:00+00:00,15.5,28.623318,0.0,16.1,0.227
2024-10-31 14:00:00+00:00,11.9,42.04992,0.0,14.7,0.227
2024-10-31 15:00:00+00:00,10.25,43.76374,0.0,12.85,0.227
2024-10-31 16:00:00+00:00,8.3,49.35254,0.0,11.4,0.227
2024-10-31 17:00:00+00:00,6.9,52.719547,0.0,10.25,0.227
2024-10-31 18:00:00+00:00,5.5,55.336514,0.0,9.25,0.227
2024-10-31 19:00:00+00:00,4.75,55.96362,0.0,8.35,0.227
2024-10-31 20:00:00+00:00,3.9,58.29724,0.0,7.55,0.227
2024-10-31 21:00:00+00:00,6.7,45.71347,0.0,6.75,0.227
2024-10-31 22:00:00+00:00,6.15,46.76894,0.0,6.1,0.227
2024-10-31 23:00:00+00:00,5.65,47.69012,0.0,5.5,0.227
2024-11-01 00:00:00+00:00,5.25,48.663826,0.0,5.0,0.227
2024-11-01 01:00:00+00:00,4.5,52.446884,0.0,4.1,0.225
2024-11-01 02:00:00+00:00,3.95,54.712654,0.0,3.75,0.225
2024-11-01 03:00:00+00:00,3.95,53.895405,0.0,3.4,0.225
2024-11-01 04:00:00+00:00,3.5,54.590126,0.0,3.1,0.225
2024-11-01 05:00:00+00:00,4.5,51.66315,0.0,3.9,0.225
2024-11-01 06:00:00+00:00,7.05,44.629208,0.0,5.75,0.225
2024-11-01 07:00:00+00:00,9.55,39.549004,0.0,8.05,0.224
2024-11-01 08:00:00+00:00,11.85,33.433716,0.0,10.5,0.224
2024-11-01 09:00:00+00:00,13.6,29.702404,0.0,12.7,0.224
2024-11-01 10:00:00+00:00,14.85,27.291718,0.0,14.5,0.223
2024-11-01 11:00:00+00:00,15.6,25.145061,0.0,15.65,0.223
2024-11-01 12:00:00+00:00,15.6,24.30733,0.0,16.1,0.222
2024-11-01 13:00:00+00:00,14.2,26.700596,0.0,15.6,0.226
2024-11-01 14:00:00+00:00,10.8,39.920948,0.0,14.05,0.225
2024-11-01 15:00:00+00:00,8.65,45.265984,0.0,12.2,0.225
2024-11-01 16:00:00+00:00,8.6,44.5852,0.0,10.7,0.225
2024-11-01 17:00:00+00:00,8.45,43.720535,0.0,9.45,0.225
2024-11-01 18:00:00+00:00,6.55,48.854362,0.0,8.4,0.225
2024-11-01 19:00:00+00:00,6.3,48.600643,0.0,7.5,0.225
2024-11-01 20:00:00+00:00,7.1,44.81177,0.0,6.75,0.225
2024-11-01 21:00:00+00:00,6.85,44.906597,0.0,6.1,0.225
2024-11-01 22:00:00+00:00,6.45,45.81214,0.0,5.55,0.225
2024-11-01 23:00:00+00:00,6.05,46.739777,0.0,5.1,0.225
2024-11-02 00:00:00+00:00,5.6,47.675617,0.0,4.7,0.225
2024-11-02 01:00:00+00:00,5.3,50.165707,0.0,4.15,0.229
2024-11-02 02:00:00+00:00,4.9,50.81146,0.0,3.9,0.229
2024-11-02 03:00:00+00:00,4.8,50.401974,0.0,3.65,0.229
2024-11-02 04:00:00+00:00,4.8,49.647224,0.0,3.45,0.229
2024-11-02 05:00:00+00:00,5.75,48.8077,0.0,4.25,0.229
2024-11-02 06:00:00+00:00,8.35,43.0441,0.0,6.15,0.229
2024-11-02 07:00:00+00:00,10.65,37.576744,0.0,8.4,0.229
2024-11-02 08:00:00+00:00,12.75,32.712624,0.0,10.7,0.228
2024-11-02 09:00:00+00:00,14.35,29.809538,0.0,12.75,0.228
2024-11-02 10:00:00+00:00,15.6,28.335308,0.0,14.4,0.227
2024-11-02 11:00:00+00:00,16.3,28.641327,0.0,15.4,0.227
2024-11-02 12:00:00+00:00,16.25,30.695496,0.0,15.85,0.226
2024-11-02 13:00:00+00:00,15.55,38.193745,0.0,15.35,0.23
2024-11-02 14:00:00+00:00,14.05,44.545464,0.0,14.05,0.23
2024-11-02 15:00:00+00:00,9.5,60.787624,0.0,12.4,0.23
2024-11-02 16:00:00+00:00,8.6,64.819664,0.0,11.15,0.23
2024-11-02 17:00:00+00:00,7.2,72.06067,0.0,10.15,0.23
2024-11-02 18:00:00+00:00,6.7,74.3086,0.0,9.4,0.23
2024-11-02 19:00:00+00:00,5.7,80.752335,0.0,8.7,0.23
2024-11-02 20:00:00+00:00,6.05,81.66282,0.0,8.05,0.23
2024-11-02 21:00:00+00:00,6.8,79.77412,0.0,7.5,0.23
2024-11-02 22:00:00+00:00,6.0,84.5884,0.0,6.95,0.23
2024-11-02 23:00:00+00:00,6.6,82.89348,0.0,6.5,0.23
2024-11-03 00:00:00+00:00,6.25,84.32006,0.0,6.1,0.23
2024-11-03 01:00:00+00:00,6.35,80.84282,0.0,5.9,0.23
2024-11-03 02:00:00+00:00,6.35,81.41527,0.0,5.65,0.23
2024-11-03 03:00:00+00:00,5.65,84.54833,0.0,5.45,0.23
2024-11-03 04:00:00+00:00,5.4,87.24918,0.0,5.15,0.23
2024-11-03 05:00:00+00:00,6.35,83.74109,0.0,5.75,0.23
2024-11-03 06:00:00+00:00,8.75,68.876564,0.0,7.3,0.23
2024-11-03 07:00:00+00:00,10.7,57.10788,0.0,9.15,0.23
2024-11-03 08:00:00+00:00,12.25,51.36167,0.0,10.9,0.229
2024-11-03 09:00:00+00:00,13.6,49.239136,0.0,12.45,0.229
2024-11-03 10:00:00+00:00,13.65,52.843323,0.1,13.35,0.23
2024-11-03 11:00:00+00:00,14.05,52.215073,0.0,14.25,0.229
2024-11-03 12:00:00+00:00,14.35,51.210827,0.1,14.9,0.23
2024-11-03 13:00:00+00:00,11.6,65.71731,0.0,13.9,0.243
2024-11-03 14:00:00+00:00,10.35,74.43213,0.0,12.9,0.243
2024-11-03 15:00:00+00:00,9.0,84.9257,0.0,11.8,0.243
2024-11-03 16:00:00+00:00,8.1,92.13723,0.0,10.9,0.243
2024-11-03 17:00:00+00:00,8.5,89.05873,0.0,10.1,0.243
2024-11-03 18:00:00+00:00,8.05,90.877815,0.0,9.35,0.243
2024-11-03 19:00:00+00:00,7.7,90.85347,0.0,8.65,0.243
2024-11-03 20:00:00+00:00,6.3,92.99248,0.0,8.1,0.243
2024-11-03 21:00:00+00:00,5.8,91.67607,0.0,7.45,0.243
2024-11-03 22:00:00+00:00,4.9,91.61798,0.0,6.8,0.243
2024-11-03 23:00:00+00:00,3.4,93.49479,0.0,6.25,0.243
2024-11-04 00:00:00+00:00,3.7,90.56824,0.0,5.75,0.243
2024-11-04 01:00:00+00:00,3.15,97.553276,0.0,6.2,0.242
2024-11-04 02:00:00+00:00,3.55,96.532104,0.0,5.8,0.242
2024-11-04 03:00:00+00:00,3.2,98.24758,0.0,5.65,0.242
2024-11-04 04:00:00+00:00,3.8,96.88027,0.0,5.6,0.242
2024-11-04 05:00:00+00:00,4.95,91.621254,0.0,6.1,0.242
2024-11-04 06:00:00+00:00,6.05,87.618126,0.0,6.9,0.242
2024-11-04 07:00:00+00:00,7.5,80.71862,0.0,8.05,0.242
2024-11-04 08:00:00+00:00,9.15,71.42197,0.0,9.4,0.242
2024-11-04 09:00:00+00:00,10.6,64.58617,0.0,10.8,0.242
2024-11-04 10:00:00+00:00,12.25,57.301594,0.0,12.5,0.242
2024-11-04 11:00:00+00:00,12.55,52.547802,0.1,13.3,0.242
2024-11-04 12:00:00+00:00,12.2,48.154755,0.1,13.55,0.243
2024-11-04 13:00:00+00:00,10.9,52.474907,0.0,12.6,0.243
2024-11-04 14:00:00+00:00,8.75,63.25848,0.0,11.6,0.243
2024-11-04 15:00:00+00:00,7.95,68.224525,0.0,10.5,0.243
2024-11-04 16:00:00+00:00,6.85,75.93349,0.0,9.5,0.243
2024-11-04 17:00:00+00:00,6.15,81.38823,0.0,8.75,0.243
2024-11-04 18:00:00+00:00,4.75,89.373146,0.0,7.9,0.243
2024-11-04 19:00:00+00:00,4.3,91.90333,0.0,7.3,0.243
2024-11-04 20:00:00+00:00,3.7,92.19232,0.0,6.75,0.243
2024-11-04 21:00:00+00:00,5.1,85.08625,0.0,6.2,0.243
2024-11-04 22:00:00+00:00,4.55,88.41248,0.0,5.75,0.243
2024-11-04 23:00:00+00:00,4.35,90.29525,0.0,5.4,0.243
2024-11-05 00:00:00+00:00,3.7,93.51011,0.0,5.05,0.243
2024-11-05 01:00:00+00:00,3.1,93.47944,0.0,5.75,0.242
2024-11-05 02:00:00+00:00,2.9,95.150085,0.0,5.55,0.242
2024-11-05 03:00:00+00:00,2.95,95.49126,0.0,5.45,0.242
2024-11-05 04:00:00+00:00,2.35,97.88596,0.0,5.2,0.242
2024-11-05 05:00:00+00:00,3.5,92.837944,0.0,5.45,0.242
2024-11-05 06:00:00+00:00,5.15,83.59643,0.0,6.45,0.241
2024-11-05 07:00:00+00:00,7.2,69.29296,0.0,8.05,0.241
2024-11-05 08:00:00+00:00,9.05,53.69425,0.0,9.8,0.241
2024-11-05 09:00:00+00:00,10.3,38.03592,0.0,11.35,0.24
2024-11-05 10:00:00+00:00,11.2,32.497993,0.0,12.6,0.24
2024-11-05 11:00:00+00:00,11.95,28.238182,0.0,13.3,0.239
2024-11-05 12:00:00+00:00,11.85,26.534597,0.0,13.4,0.239
2024-11-05 13:00:00+00:00,10.7,28.855139,0.0,12.95,0.239
2024-11-05 14:00:00+00:00,8.9,33.95315,0.0,11.8,0.239
2024-11-05 15:00:00+00:00,5.4,47.97827,0.0,10.2,0.239
2024-11-05 16:00:00+00:00,6.0,44.318825,0.0,8.75,0.238
2024-11-05 17:00:00+00:00,5.55,45.893925,0.0,7.55,0.238
2024-11-05 18:00:00+00:00,5.5,45.879223,0.0,6.5,0.238
2024-11-05 19:00:00+00:00,5.0,46.432472,0.0,5.6,0.238
2024-11-05 20:00:00+00:00,4.25,48.37468,0.0,4.85,0.238
2024-11-05 21:00:00+00:00,3.35,51.14384,0.0,4.15,0.238
2024-11-05 22:00:00+00:00,2.4,54.70384,0.0,3.55,0.239
2024-11-05 23:00:00+00:00,1.65,57.929836,0.0,2.95,0.239
2024-11-06 00:00:00+00:00,0.95,61.145752,0.0,2.45,0.239
2024-11-06 01:00:00+00:00,0.2,64.05778,0.0,2.8,0.236
2024-11-06 02:00:00+00:00,-0.45,66.643486,0.0,2.25,0.236
2024-11-06 03:00:00+00:00,-0.75,66.830376,0.0,1.75,0.236
2024-11-06 04:00:00+00:00,-1.0,66.7741,0.0,1.3,0.236
2024-11-06 05:00:00+00:00,-0.2,62.512077,0.0,1.8,0.236
2024-11-06 06:00:00+00:00,2.0,55.012585,0.0,3.3,0.236
2024-11-06 07:00:00+00:00,4.0,47.38965,0.0,5.25,0.235
2024-11-06 08:00:00+00:00,5.8,40.388565,0.0,7.35,0.235
2024-11-06 09:00:00+00:00,7.5,34.983376,0.0,9.25,0.235
2024-11-06 10:00:00+00:00,8.8,31.417803,0.0,10.85,0.234
2024-11-06 11:00:00+00:00,9.6,29.655897,0.0,11.85,0.234
2024-11-06 12:00:00+00:00,9.8,29.373777,0.0,12.2,0.233
2024-11-06 13:00:00+00:00,8.35,32.264534,0.0,11.65,0.236
2024-11-06 14:00:00+00:00,7.15,36.384937,0.0,10.25,0.236
2024-11-06 15:00:00+00:00,5.4,41.523617,0.0,8.5,0.236
2024-11-06 16:00:00+00:00,5.85,41.027084,0.0,7.15,0.236
2024-11-06 17:00:00+00:00,5.05,45.227493,0.0,6.0,0.236
2024-11-06 18:00:00+00:00,4.5,48.447136,0.0,5.0,0.236
2024-11-06 19:00:00+00:00,4.2,49.100983,0.0,4.2,0.236
2024-11-06 20:00:00+00:00,3.7,49.898,0.0,3.5,0.236
2024-11-06 21:00:00+00:00,3.05,51.05863,0.0,2.9,0.236
2024-11-06 22:00:00+00:00,2.3,52.830612,0.0,2.3,0.236
2024-11-06 23:00:00+00:00,1.85,53.314392,0.0,1.8,0.236
2024-11-07 00:00:00+00:00,1.5,53.216694,0.0,1.35,0.236
2024-11-07 01:00:00+00:00,1.05,53.090725,0.0,1.05,0.237
2024-11-07 02:00:00+00:00,0.75,53.00651,0.0,0.8,0.237
2024-11-07 03:00:00+00:00,0.5,51.516796,0.0,0.7,0.237
2024-11-07 04:00:00+00:00,0.2,50.634464,0.0,0.65,0.237
2024-11-07 05:00:00+00:00,0.35,51.47389,0.0,0.75,0.237
2024-11-07 06:00:00+00:00,2.9,45.989365,0.0,1.95,0.237
2024-11-07 07:00:00+00:00,5.5,40.921524,0.0,4.35,0.237
2024-11-07 08:00:00+00:00,7.65,34.76066,0.0,6.8,0.236
2024-11-07 09:00:00+00:00,9.2,31.65851,0.0,9.0,0.236
2024-11-07 10:00:00+00:00,10.45,30.251963,0.0,10.8,0.235
2024-11-07 11:00:00+00:00,11.4,28.078266,0.0,11.95,0.235
2024-11-07 12:00:00+00:00,11.6,27.079735,0.0,12.4,0.234
2024-11-07 13:00:00+00:00,10.5,29.693542,0.0,12.1,0.238
2024-11-07 14:00:00+00:00,6.15,44.869305,0.0,10.55,0.238
2024-11-07 15:00:00+00:00,6.65,41.111145,0.0,8.75,0.238
2024-11-07 16:00:00+00:00,7.55,36.6458,0.0,7.3,0.238
2024-11-07 17:00:00+00:00,5.7,38.09466,0.0,6.05,0.238
2024-11-07 18:00:00+00:00,6.35,33.443565,0.0,5.05,0.238
2024-11-07 19:00:00+00:00,5.2,36.21344,0.0,4.2,0.238
2024-11-07 20:00:00+00:00,3.95,39.67244,0.0,3.45,0.238
2024-11-07 21:00:00+00:00,3.1,42.28543,0.0,2.8,0.238
2024-11-07 22:00:00+00:00,2.45,44.452198,0.0,2.2,0.238
2024-11-07 23:00:00+00:00,1.9,46.408676,0.0,1.65,0.238
2024-11-08 00:00:00+00:00,1.5,47.38514,0.0,1.2,0.238
2024-11-08 01:00:00+00:00,1.0,50.276085,0.0,1.35,0.235
2024-11-08 02:00:00+00:00,0.95,50.261635,0.0,0.9,0.235
2024-11-08 03:00:00+00:00,0.75,50.990784,0.0,0.75,0.235
2024-11-08 04:00:00+00:00,0.45,52.3095,0.0,0.65,0.235
2024-11-08 05:00:00+00:00,0.75,53.00651,0.0,0.75,0.235
2024-11-08 06:00:00+00:00,3.15,48.239204,0.0,2.05,0.235
2024-11-08 07:00:00+00:00,5.65,43.052944,0.0,4.4,0.234
2024-11-08 08:00:00+00:00,7.8,38.001583,0.0,6.85,0.234
2024-11-08 09:00:00+00:00,9.55,34.53902,0.0,9.05,0.234
2024-11-08 10:00:00+00:00,10.9,32.77823,0.0,10.85,0.233
2024-11-08 11:00:00+00:00,11.75,30.984592,0.0,12.05,0.233
2024-11-08 12:00:00+00:00,12.0,30.134708,0.0,12.5,0.232
2024-11-08 13:00:00+00:00,11.15,32.36082,0.0,12.25,0.23
2024-11-08 14:00:00+00:00,6.7,47.814796,0.0,10.7,0.23
2024-11-08 15:00:00+00:00,6.15,47.655785,0.0,8.9,0.23
2024-11-08 16:00:00+00:00,6.35,45.610775,0.0,7.45,0.23
2024-11-08 17:00:00+00:00,6.1,45.19477,0.0,6.2,0.23
2024-11-08 18:00:00+00:00,5.85,44.611294,0.0,5.15,0.23
2024-11-08 19:00:00+00:00,5.55,43.517754,0.0,4.25,0.23
2024-11-08 20:00:00+00:00,4.95,43.007797,0.0,3.5,0.23
2024-11-08 21:00:00+00:00,4.0,44.743576,0.0,2.85,0.23
2024-11-08 22:00:00+00:00,3.2,46.434776,0.0,2.25,0.23
2024-11-08 23:00:00+00:00,2.65,48.09314,0.0,1.75,0.23
2024-11-09 00:00:00+00:00,2.2,49.08567,0.0,1.25,0.23
2024-11-09 01:00:00+00:00,1.3,53.778038,0.0,1.1,0.227
2024-11-09 02:00:00+00:00,1.05,54.752384,0.0,0.85,0.227
2024-11-09 03:00:00+00:00,1.0,55.373714,0.0,0.7,0.227
2024-11-09 04:00:00+00:00,0.85,55.546024,0.0,0.65,0.227
2024-11-09 05:00:00+00:00,1.15,54.77987,0.0,0.7,0.227
2024-11-09 06:00:00+00:00,3.55,47.439198,0.0,1.9,0.227
2024-11-09 07:00:00+00:00,5.9,42.800774,0.0,4.3,0.227
2024-11-09 08:00:00+00:00,8.1,37.9478,0.0,6.75,0.227
2024-11-09 09:00:00+00:00,9.85,35.023758,0.0,9.0,0.226
2024-11-09 10:00:00+00:00,11.2,33.870914,0.0,10.8,0.226
2024-11-09 11:00:00+00:00,11.9,33.19926,0.0,12.0,0.226
2024-11-09 12:00:00+00:00,12.0,32.612846,0.0,12.45,0.225
2024-11-09 13:00:00+00:00,10.85,36.80491,0.0,12.2,0.227
2024-11-09 14:00:00+00:00,6.8,50.966545,0.0,10.7,0.227
2024-11-09 15:00:00+00:00,5.1,59.041042,0.0,9.05,0.227
2024-11-09 16:00:00+00:00,4.5,59.990086,0.0,7.6,0.227
2024-11-09 17:00:00+00:00,4.05,59.43292,0.0,6.45,0.227
2024-11-09 18:00:00+00:00,6.0,49.431637,0.0,5.5,0.227
2024-11-09 19:00:00+00:00,5.4,50.382816,0.0,4.65,0.227
2024-11-09 20:00:00+00:00,4.8,50.97471,0.0,3.9,0.227
2024-11-09 21:00:00+00:00,3.9,54.084995,0.0,3.25,0.227
2024-11-09 22:00:00+00:00,3.2,56.8189,0.0,2.7,0.227
2024-11-09 23:00:00+00:00,2.7,58.866024,0.0,2.2,0.227
2024-11-10 00:00:00+00:00,2.25,60.77892,0.0,1.7,0.227
2024-11-10 01:00:00+00:00,1.55,69.645325,0.0,2.0,0.224
2024-11-10 02:00:00+00:00,1.5,69.895164,0.0,1.55,0.224
2024-11-10 03:00:00+00:00,1.05,71.119354,0.0,1.1,0.224
2024-11-10 04:00:00+00:00,1.15,70.08425,0.0,0.9,0.224
2024-11-10 05:00:00+00:00,1.6,68.880554,0.0,1.35,0.224
2024-11-10 06:00:00+00:00,4.0,59.864162,0.0,2.95,0.224
2024-11-10 07:00:00+00:00,6.6,51.09975,0.0,5.2,0.224
2024-11-10 08:00:00+00:00,8.75,43.808857,0.0,7.55,0.224
2024-11-10 09:00:00+00:00,10.4,39.21571,0.0,9.65,0.223
2024-11-10 10:00:00+00:00,11.65,36.633705,0.0,11.4,0.223
2024-11-10 11:00:00+00:00,12.45,34.49748,0.0,12.5,0.223
2024-11-10 12:00:00+00:00,12.45,33.48672,0.0,12.9,0.222
2024-11-10 13:00:00+00:00,11.05,39.118736,0.0,12.35,0.224
2024-11-10 14:00:00+00:00,7.45,52.87057,0.0,10.9,0.224
2024-11-10 15:00:00+00:00,5.7,61.630142,0.0,9.35,0.224
2024-11-10 16:00:00+00:00,5.25,61.070076,0.0,8.0,0.224
2024-11-10 17:00:00+00:00,5.1,58.606277,0.0,6.9,0.224
2024-11-10 18:00:00+00:00,4.85,57.04129,0.0,6.0,0.224
2024-11-10 19:00:00+00:00,5.15,53.620014,0.0,5.25,0.224
2024-11-10 20:00:00+00:00,5.4,51.721416,0.0,4.6,0.224
2024-11-10 21:00:00+00:00,4.9,52.75548,0.0,3.9,0.224
2024-11-10 22:00:00+00:00,4.55,53.055435,0.0,3.35,0.224
2024-11-10 23:00:00+00:00,3.8,57.405994,0.0,3.1,0.224
2024-11-11 00:00:00+00:00,3.8,57.191444,0.0,2.65,0.224
2024-11-11 01:00:00+00:00,2.7,68.34964,0.0,2.7,0.225
2024-11-11 02:00:00+00:00,2.95,68.1507,0.0,2.7,0.225
2024-11-11 03:00:00+00:00,2.4,69.30611,0.0,2.65,0.225
2024-11-11 04:00:00+00:00,3.1,66.68709,0.0,3.1,0.225
2024-11-11 05:00:00+00:00,4.25,61.048798,0.1,3.7,0.226
2024-11-11 06:00:00+00:00,5.05,61.471622,0.2,4.45,0.227
2024-11-11 07:00:00+00:00,6.2,58.456913,0.0,5.5,0.227
2024-11-11 08:00:00+00:00,8.1,52.66198,0.0,7.1,0.227
2024-11-11 09:00:00+00:00,9.05,49.92777,0.0,8.45,0.227
2024-11-11 10:00:00+00:00,10.0,48.404106,0.0,9.7,0.227
2024-11-11 11:00:00+00:00,9.45,54.387413,0.1,10.15,0.227
2024-11-11 12:00:00+00:00,8.6,66.45144,1.3,10.0,0.241
2024-11-11 13:00:00+00:00,9.25,66.1246,0.0,10.25,0.248
2024-11-11 14:00:00+00:00,8.15,74.82754,0.0,9.7,0.248
2024-11-11 15:00:00+00:00,7.95,79.383965,0.1,9.15,0.249
2024-11-11 16:00:00+00:00,7.8,83.622345,0.6,8.7,0.254
2024-11-11 17:00:00+00:00,7.25,87.12218,0.5,7.9,0.259
2024-11-11 18:00:00+00:00,6.2,92.98705,1.9,7.35,0.284
2024-11-11 19:00:00+00:00,7.05,88.322784,0.0,6.8,0.284
2024-11-11 20:00:00+00:00,6.9,89.235374,0.1,6.75,0.285
2024-11-11 21:00:00+00:00,6.15,95.27292,0.4,6.65,0.291
2024-11-11 22:00:00+00:00,5.95,93.62328,0.0,6.1,0.291
2024-11-11 23:00:00+00:00,5.7,93.28481,0.0,5.45,0.291
2024-11-12 00:00:00+00:00,5.15,95.569145,0.0,5.05,0.291
2024-11-12 01:00:00+00:00,5.35,93.5934,0.0,5.45,0.322
2024-11-12 02:00:00+00:00,4.75,96.565056,0.0,4.85,0.322
2024-11-12 03:00:00+00:00,4.35,97.91966,0.0,4.25,0.322
2024-11-12 04:00:00+00:00,3.85,100.0,0.0,3.7,0.322
2024-11-12 05:00:00+00:00,3.95,98.604324,0.0,3.95,0.322
2024-11-12 06:00:00+00:00,5.55,89.437904,0.0,5.3,0.322
2024-11-12 07:00:00+00:00,7.65,71.891266,0.0,7.05,0.322
2024-11-12 08:00:00+00:00,9.45,60.99215,0.0,8.9,0.321
2024-11-12 09:00:00+00:00,10.8,55.729973,0.0,10.6,0.32
2024-11-12 10:00:00+00:00,11.95,52.38568,0.0,11.95,0.319
2024-11-12 11:00:00+00:00,12.8,48.842403,0.0,12.85,0.318
2024-11-12 12:00:00+00:00,13.1,46.05147,0.0,13.15,0.317
2024-11-12 13:00:00+00:00,12.4,50.49787,0.0,12.25,0.368
2024-11-12 14:00:00+00:00,9.8,61.293907,0.0,11.0,0.368
2024-11-12 15:00:00+00:00,8.75,64.85358,0.0,9.6,0.368
2024-11-12 16:00:00+00:00,7.3,71.31576,0.0,8.4,0.367
2024-11-12 17:00:00+00:00,5.9,77.13518,0.0,7.45,0.367
2024-11-12 18:00:00+00:00,5.5,76.24805,0.0,6.65,0.367
2024-11-12 19:00:00+00:00,4.95,76.42966,0.0,5.95,0.367
2024-11-12 20:00:00+00:00,4.25,77.98242,0.0,5.3,0.367
2024-11-12 21:00:00+00:00,3.55,79.58132,0.0,4.8,0.367
2024-11-12 22:00:00+00:00,2.95,80.654785,0.0,4.3,0.367
2024-11-12 23:00:00+00:00,2.5,81.47536,0.0,3.85,0.367
2024-11-13 00:00:00+00:00,2.2,81.7316,0.0,3.4,0.367
2024-11-13 01:00:00+00:00,1.85,81.98317,0.0,4.05,0.365
2024-11-13 02:00:00+00:00,1.8,79.61069,0.0,3.55,0.365
2024-11-13 03:00:00+00:00,1.4,79.2587,0.0,3.1,0.365
2024-11-13 04:00:00+00:00,1.1,78.63051,0.0,2.65,0.364
2024-11-13 05:00:00+00:00,2.85,72.00505,0.0,3.0,0.364
2024-11-13 06:00:00+00:00,5.25,63.584045,0.0,4.4,0.364
2024-11-13 07:00:00+00:00,7.5,54.06058,0.0,6.25,0.364
2024-11-13 08:00:00+00:00,9.25,47.66431,0.0,8.15,0.363
2024-11-13 09:00:00+00:00,10.7,45.527657,0.0,9.9,0.362
2024-11-13 10:00:00+00:00,11.8,43.7366,0.0,11.25,0.361
2024-11-13 11:00:00+00:00,12.4,42.657917,0.0,12.15,0.36
2024-11-13 12:00:00+00:00,12.45,42.6725,0.0,12.45,0.36
2024-11-13 13:00:00+00:00,12.1,47.9544,0.0,12.1,0.362
2024-11-13 14:00:00+00:00,9.65,58.070744,0.0,10.75,0.362
2024-11-13 15:00:00+00:00,8.3,61.369495,0.0,9.25,0.362
2024-11-13 16:00:00+00:00,6.6,68.67491,0.0,8.05,0.362
2024-11-13 17:00:00+00:00,5.35,74.332954,0.0,7.05,0.362
2024-11-13 18:00:00+00:00,4.75,75.84826,0.0,6.2,0.362
2024-11-13 19:00:00+00:00,4.4,75.515205,0.0,5.5,0.362
2024-11-13 20:00:00+00:00,3.6,78.44553,0.0,4.85,0.362
2024-11-13 21:00:00+00:00,2.95,80.362686,0.0,4.3,0.362
2024-11-13 22:00:00+00:00,2.5,81.17956,0.0,3.8,0.362
2024-11-13 23:00:00+00:00,2.1,82.01657,0.0,3.35,0.362
2024-11-14 00:00:00+00:00,1.9,82.289734,0.0,2.9,0.362
2024-11-14 01:00:00+00:00,1.25,87.15792,0.0,3.2,0.358
2024-11-14 02:00:00+00:00,0.85,88.7246,0.0,2.7,0.358
2024-11-14 03:00:00+00:00,0.6,89.02769,0.0,2.3,0.358
2024-11-14 04:00:00+00:00,0.35,89.332954,0.0,1.9,0.358
2024-11-14 05:00:00+00:00,2.2,84.45132,0.0,2.3,0.358
2024-11-14 06:00:00+00:00,4.4,74.70072,0.0,3.7,0.358
2024-11-14 07:00:00+00:00,6.5,63.645226,0.0,5.55,0.358
2024-11-14 08:00:00+00:00,8.4,53.71368,0.0,7.45,0.357
2024-11-14 09:00:00+00:00,9.85,48.53799,0.0,9.2,0.356
2024-11-14 10:00:00+00:00,10.95,46.099705,0.0,10.6,0.355
2024-11-14 11:00:00+00:00,11.55,44.951126,0.0,11.5,0.355
2024-11-14 12:00:00+00:00,11.65,44.01162,0.0,11.8,0.354
2024-11-14 13:00:00+00:00,10.8,46.224304,0.0,11.4,0.361
2024-11-14 14:00:00+00:00,7.85,58.240414,0.0,9.95,0.361
2024-11-14 15:00:00+00:00,6.55,63.887806,0.0,8.45,0.361
2024-11-14 16:00:00+00:00,5.65,68.47549,0.0,7.25,0.361
2024-11-14 17:00:00+00:00,4.75,73.160355,0.0,6.3,0.361
2024-11-14 18:00:00+00:00,4.0,76.27026,0.0,5.5,0.361
2024-11-14 19:00:00+00:00,3.7,76.21961,0.0,4.8,0.361
2024-11-14 20:00:00+00:00,3.3,76.98768,0.0,4.2,0.361
2024-11-14 21:00:00+00:00,2.85,78.04361,0.0,3.7,0.361
2024-11-14 22:00:00+00:00,2.45,79.127884,0.0,3.3,0.361
2024-11-14 23:00:00+00:00,2.1,79.655396,0.0,2.9,0.361
2024-11-15 00:00:00+00:00,1.85,80.20365,0.0,2.55,0.361
2024-11-15 01:00:00+00:00,1.5,80.447525,0.0,2.4,0.362
2024-11-15 02:00:00+00:00,1.45,79.55836,0.0,2.1,0.362
2024-11-15 03:00:00+00:00,1.15,80.101494,0.0,1.8,0.362
2024-11-15 04:00:00+00:00,0.65,81.21984,0.0,1.5,0.362
2024-11-15 05:00:00+00:00,2.6,79.15065,0.0,1.95,0.362
2024-11-15 06:00:00+00:00,5.1,67.3721,0.0,3.45,0.362
2024-11-15 07:00:00+00:00,7.05,60.844658,0.0,5.3,0.361
2024-11-15 08:00:00+00:00,8.9,54.832367,0.0,7.15,0.361
2024-11-15 09:00:00+00:00,10.45,50.137707,0.0,8.85,0.36
2024-11-15 10:00:00+00:00,11.75,46.32921,0.0,10.15,0.359
2024-11-15 11:00:00+00:00,12.5,44.90062,0.0,11.0,0.358
2024-11-15 12:00:00+00:00,12.5,45.551456,0.0,11.3,0.358
2024-11-15 13:00:00+00:00,11.25,54.283096,0.0,10.9,0.369
2024-11-15 14:00:00+00:00,8.3,67.097244,0.0,9.65,0.369
2024-11-15 15:00:00+00:00,6.5,73.483475,0.0,8.2,0.369
2024-11-15 16:00:00+00:00,4.45,77.733765,0.0,7.05,0.369
2024-11-15 17:00:00+00:00,3.3,78.96965,0.0,6.15,0.369
2024-11-15 18:00:00+00:00,2.45,77.12895,0.0,5.4,0.369
2024-11-15 19:00:00+00:00,1.8,77.30566,0.0,4.75,0.369
2024-11-15 20:00:00+00:00,1.65,79.29658,0.0,4.2,0.369
2024-11-15 21:00:00+00:00,1.85,79.91042,0.0,3.75,0.369
2024-11-15 22:00:00+00:00,1.7,81.663795,0.0,3.4,0.369
2024-11-15 23:00:00+00:00,1.8,81.379265,0.0,3.1,0.369
2024-11-16 00:00:00+00:00,1.65,80.46911,0.0,2.75,0.369
2024-11-16 01:00:00+00:00,2.35,79.40214,0.0,3.8,0.364
2024-11-16 02:00:00+00:00,2.5,79.71478,0.0,3.55,0.364
2024-11-16 03:00:00+00:00,1.8,81.67739,0.0,3.05,0.364
2024-11-16 04:00:00+00:00,1.35,83.12586,0.0,2.6,0.364
2024-11-16 05:00:00+00:00,3.25,80.40575,0.0,2.85,0.364
2024-11-16 06:00:00+00:00,6.1,66.138214,0.0,4.2,0.363
2024-11-16 07:00:00+00:00,8.0,58.701576,0.0,5.85,0.363
2024-11-16 08:00:00+00:00,9.7,52.906662,0.0,7.45,0.363
2024-11-16 09:00:00+00:00,11.05,49.40794,0.0,8.85,0.362
2024-11-16 10:00:00+00:00,12.05,46.414997,0.0,10.05,0.361
2024-11-16 11:00:00+00:00,11.85,47.370247,0.0,10.5,0.361
2024-11-16 12:00:00+00:00,11.25,51.823895,0.0,10.5,0.36
2024-11-16 13:00:00+00:00,10.55,55.072018,0.0,10.2,0.361
2024-11-16 14:00:00+00:00,7.45,70.58875,0.0,9.15,0.361
2024-11-16 15:00:00+00:00,7.1,73.59302,0.0,8.2,0.361
2024-11-16 16:00:00+00:00,6.3,78.02586,0.0,7.35,0.361
2024-11-16 17:00:00+00:00,6.05,80.23117,0.0,6.7,0.361
2024-11-16 18:00:00+00:00,5.35,85.41551,0.0,6.25,0.361
2024-11-16 19:00:00+00:00,4.8,87.81096,0.0,5.8,0.361
2024-11-16 20:00:00+00:00,4.8,89.062004,0.0,5.5,0.361
2024-11-16 21:00:00+00:00,4.3,91.25557,0.0,5.25,0.361
2024-11-16 22:00:00+00:00,4.2,90.92619,0.0,5.0,0.361
2024-11-16 23:00:00+00:00,4.7,89.68552,0.0,5.05,0.361
2024-11-17 00:00:00+00:00,4.6,89.995255,0.0,5.05,0.361
2024-11-17 01:00:00+00:00,5.25,89.41368,0.0,5.9,0.348
2024-11-17 02:00:00+00:00,4.65,92.249855,0.0,5.65,0.348
2024-11-17 03:00:00+00:00,4.3,92.228745,0.0,5.3,0.348
2024-11-17 04:00:00+00:00,4.0,92.865906,0.0,5.05,0.348
2024-11-17 05:00:00+00:00,5.1,88.77346,0.0,5.1,0.348
2024-11-17 06:00:00+00:00,6.8,83.20971,0.0,5.95,0.348
2024-11-17 07:00:00+00:00,8.55,74.11442,0.0,7.25,0.348
2024-11-17 08:00:00+00:00,9.85,68.38074,0.0,8.7,0.348
2024-11-17 09:00:00+00:00,10.2,68.21476,0.1,9.7,0.348
2024-11-17 10:00:00+00:00,11.15,64.03586,0.1,10.75,0.348
2024-11-17 11:00:00+00:00,11.6,58.151375,0.1,11.2,0.348
2024-11-17 12:00:00+00:00,12.1,51.138386,0.0,11.55,0.348
2024-11-17 13:00:00+00:00,11.15,56.218647,0.0,11.15,0.35
2024-11-17 14:00:00+00:00,8.15,75.09065,0.0,10.05,0.35
2024-11-17 15:00:00+00:00,7.1,82.95595,0.0,9.0,0.35
2024-11-17 16:00:00+00:00,6.9,84.100525,0.0,8.25,0.35
2024-11-17 17:00:00+00:00,6.9,84.395164,0.0,7.8,0.35
2024-11-17 18:00:00+00:00,5.75,87.59007,0.1,7.1,0.351
2024-11-17 19:00:00+00:00,5.95,87.301926,0.2,6.7,0.353
2024-11-17 20:00:00+00:00,6.1,86.40232,0.2,6.5,0.355
2024-11-17 21:00:00+00:00,5.9,88.2209,0.5,6.15,0.361
2024-11-17 22:00:00+00:00,5.6,88.8161,0.2,6.05,0.363
2024-11-17 23:00:00+00:00,5.9,89.15331,0.1,6.15,0.365
2024-11-18 00:00:00+00:00,5.9,93.29525,0.5,6.2,0.372
2024-11-18 01:00:00+00:00,6.35,92.35126,1.0,7.0,0.413
2024-11-18 02:00:00+00:00,6.3,88.87537,0.1,6.85,0.414
2024-11-18 03:00:00+00:00,5.7,93.93789,0.1,6.65,0.415
2024-11-18 04:00:00+00:00,6.05,95.26921,0.1,6.65,0.415
2024-11-18 05:00:00+00:00,6.15,96.602936,1.1,6.7,0.429
2024-11-18 06:00:00+00:00,7.2,91.4487,0.3,7.15,0.431
2024-11-18 07:00:00+00:00,7.6,88.98426,0.9,7.55,0.441
2024-11-18 08:00:00+00:00,8.0,83.937,0.8,8.05,0.449
2024-11-18 09:00:00+00:00,8.95,79.25515,0.2,8.55,0.45
2024-11-18 10:00:00+00:00,9.4,78.50324,0.2,9.15,0.449
2024-11-18 11:00:00+00:00,8.5,89.05873,0.5,9.1,0.453
2024-11-18 12:00:00+00:00,8.25,90.27007,0.6,9.0,0.457
2024-11-18 13:00:00+00:00,7.8,91.48787,1.1,8.55,0.464
2024-11-18 14:00:00+00:00,7.3,97.63282,0.8,8.2,0.47
2024-11-18 15:00:00+00:00,6.9,94.645454,1.5,7.9,0.485
2024-11-18 16:00:00+00:00,6.65,94.308304,1.8,7.6,0.499
2024-11-18 17:00:00+00:00,6.2,96.60427,0.3,7.2,0.492
2024-11-18 18:00:00+00:00,6.0,95.59872,1.3,6.85,0.498
2024-11-18 19:00:00+00:00,6.15,95.93589,0.7,6.8,0.497
2024-11-18 20:00:00+00:00,6.05,95.26921,0.4,6.7,0.492
2024-11-18 21:00:00+00:00,6.1,95.271065,0.2,6.7,0.487
2024-11-18 22:00:00+00:00,5.95,94.93503,0.0,6.65,0.482
2024-11-18 23:00:00+00:00,5.9,97.268654,0.1,6.6,0.479
2024-11-19 00:00:00+00:00,5.9,98.28509,0.1,6.6,0.476
2024-11-19 01:00:00+00:00,6.1,99.65547,0.5,7.1,0.489
2024-11-19 02:00:00+00:00,6.05,99.311714,0.8,7.0,0.493
2024-11-19 03:00:00+00:00,6.0,95.26736,0.9,6.95,0.496
2024-11-19 04:00:00+00:00,6.0,95.59872,1.2,6.85,0.501
2024-11-19 05:00:00+00:00,6.15,94.61401,0.6,6.8,0.498
2024-11-19 06:00:00+00:00,6.45,94.29943,0.2,6.95,0.493
2024-11-19 07:00:00+00:00,7.1,89.56173,0.4,7.3,0.49
2024-11-19 08:00:00+00:00,7.55,81.57631,1.5,7.6,0.5
2024-11-19 09:00:00+00:00,9.4,73.237755,0.2,8.85,0.494
2024-11-19 10:00:00+00:00,10.5,64.56359,0.1,10.0,0.488
2024-11-19 11:00:00+00:00,11.0,56.780834,0.1,10.65,0.484
2024-11-19 12:00:00+00:00,10.75,54.928555,0.0,10.75,0.48
2024-11-19 13:00:00+00:00,8.35,74.33915,0.0,9.85,0.489
2024-11-19 14:00:00+00:00,6.3,86.42266,0.0,8.95,0.485
2024-11-19 15:00:00+00:00,5.75,87.89833,0.0,7.95,0.481
2024-11-19 16:00:00+00:00,5.1,89.08702,0.0,7.15,0.478
2024-11-19 17:00:00+00:00,4.35,89.024315,0.0,6.45,0.475
2024-11-19 18:00:00+00:00,3.95,86.79836,0.0,5.85,0.473
2024-11-19 19:00:00+00:00,3.65,84.92363,0.0,5.25,0.471
2024-11-19 20:00:00+00:00,3.6,83.406815,0.1,4.8,0.47
2024-11-19 21:00:00+00:00,3.2,83.65848,0.2,4.35,0.47
2024-11-19 22:00:00+00:00,3.45,83.6889,0.2,3.95,0.47
2024-11-19 23:00:00+00:00,3.15,84.56184,0.2,3.65,0.471
2024-11-20 00:00:00+00:00,2.8,85.44168,0.1,3.4,0.47
2024-11-20 01:00:00+00:00,2.85,86.376144,0.0,4.05,0.476
2024-11-20 02:00:00+00:00,3.75,85.85226,0.1,4.15,0.475
2024-11-20 03:00:00+00:00,3.3,88.618004,0.1,4.0,0.474
2024-11-20 04:00:00+00:00,3.7,88.96954,0.0,4.2,0.472
2024-11-20 05:00:00+00:00,4.3,89.33647,0.0,4.55,0.47
2024-11-20 06:00:00+00:00,4.9,89.38533,0.0,5.1,0.469
2024-11-20 07:00:00+00:00,6.1,81.669495,0.0,5.95,0.467
2024-11-20 08:00:00+00:00,6.7,81.17644,0.3,6.7,0.467
2024-11-20 09:00:00+00:00,7.8,76.629364,0.3,7.7,0.468
2024-11-20 10:00:00+00:00,9.05,69.9149,0.1,8.7,0.467
2024-11-20 11:00:00+00:00,9.5,65.02247,0.0,9.15,0.465
2024-11-20 12:00:00+00:00,10.1,59.439304,0.0,9.6,0.464
2024-11-20 13:00:00+00:00,9.15,67.27977,0.0,9.8,0.47
2024-11-20 14:00:00+00:00,6.65,82.31943,0.1,8.75,0.469
2024-11-20 15:00:00+00:00,5.5,86.95192,0.3,7.55,0.47
2024-11-20 16:00:00+00:00,5.2,89.72493,0.4,6.6,0.473
2024-11-20 17:00:00+00:00,4.15,89.64189,0.0,5.95,0.472
2024-11-20 18:00:00+00:00,4.9,91.29604,0.4,5.85,0.475
2024-11-20 19:00:00+00:00,5.1,90.98901,0.5,5.75,0.479
2024-11-20 20:00:00+00:00,5.05,92.5985,0.3,5.7,0.48
2024-11-20 21:00:00+00:00,4.65,93.88789,0.2,5.55,0.48
2024-11-20 22:00:00+00:00,3.65,94.84251,0.3,4.95,0.481
2024-11-20 23:00:00+00:00,3.3,94.82819,0.1,4.6,0.48
2024-11-21 00:00:00+00:00,2.95,94.476715,0.0,4.2,0.478
2024-11-21 01:00:00+00:00,3.35,94.15913,0.0,4.8,0.464
2024-11-21 02:00:00+00:00,3.15,94.149895,0.0,4.35,0.463
2024-11-21 03:00:00+00:00,3.15,93.149605,0.0,4.0,0.462
2024-11-21 04:00:00+00:00,3.0,92.47916,0.0,3.65,0.461
2024-11-21 05:00:00+00:00,4.15,87.75063,0.0,3.85,0.46
2024-11-21 06:00:00+00:00,6.05,84.8923,0.0,4.9,0.459
2024-11-21 07:00:00+00:00,7.9,75.04742,0.0,6.25,0.458
2024-11-21 08:00:00+00:00,8.9,71.62466,0.4,7.35,0.46
2024-11-21 09:00:00+00:00,9.75,68.1208,0.5,8.4,0.463
2024-11-21 10:00:00+00:00,9.9,67.20365,0.4,9.0,0.466
2024-11-21 11:00:00+00:00,9.7,68.34954,0.7,9.3,0.471
2024-11-21 12:00:00+00:00,9.6,67.37584,0.3,9.4,0.472
2024-11-21 13:00:00+00:00,9.0,67.48547,0.0,8.45,0.47
2024-11-21 14:00:00+00:00,6.6,80.02682,0.0,7.6,0.468
2024-11-21 15:00:00+00:00,5.3,86.320526,0.0,6.65,0.467
2024-11-21 16:00:00+00:00,5.45,86.64099,0.0,6.25,0.466
2024-11-21 17:00:00+00:00,4.4,87.462685,0.0,5.55,0.465
2024-11-21 18:00:00+00:00,4.65,87.79707,0.0,5.3,0.464
2024-11-21 19:00:00+00:00,4.25,89.332375,0.0,5.0,0.463
2024-11-21 20:00:00+00:00,4.35,89.024315,0.0,4.8,0.462
2024-11-21 21:00:00+00:00,4.8,89.062004,0.0,4.95,0.461
2024-11-21 22:00:00+00:00,5.0,89.07868,0.0,5.15,0.46
2024-11-21 23:00:00+00:00,4.9,90.33622,0.0,5.25,0.46
2024-11-22 00:00:00+00:00,4.6,92.57254,0.0,5.15,0.459
2024-11-22 01:00:00+00:00,5.5,92.62433,0.1,6.3,0.469
2024-11-22 02:00:00+00:00,4.9,96.23186,0.1,5.85,0.468
2024-11-22 03:00:00+00:00,5.3,95.24124,0.0,5.8,0.467
2024-11-22 04:00:00+00:00,5.5,94.25697,0.0,5.85,0.466
2024-11-22 05:00:00+00:00,5.7,93.28481,0.0,5.75,0.465
2024-11-22 06:00:00+00:00,6.9,89.85733,0.0,6.35,0.465
2024-11-22 07:00:00+00:00,8.3,82.53047,0.2,7.35,0.465
2024-11-22 08:00:00+00:00,9.05,76.03553,0.1,8.1,0.465
2024-11-22 09:00:00+00:00,10.15,67.02201,0.0,8.95,0.464
2024-11-22 10:00:00+00:00,10.7,61.944294,0.0,9.7,0.462
2024-11-22 11:00:00+00:00,11.35,56.67001,0.0,10.3,0.461
2024-11-22 12:00:00+00:00,11.45,55.112854,0.0,10.5,0.46
2024-11-22 13:00:00+00:00,10.95,58.192924,0.0,10.45,0.458
2024-11-22 14:00:00+00:00,9.3,69.72004,0.0,9.8,0.458
2024-11-22 15:00:00+00:00,8.15,73.52414,0.0,8.85,0.457
2024-11-22 16:00:00+00:00,7.05,78.14272,0.0,8.1,0.456
2024-11-22 17:00:00+00:00,6.1,81.09432,0.0,7.45,0.456
2024-11-22 18:00:00+00:00,5.65,82.77386,0.0,7.0,0.455
2024-11-22 19:00:00+00:00,5.3,82.43629,0.0,6.55,0.454
2024-11-22 20:00:00+00:00,4.9,82.678566,0.0,6.1,0.454
2024-11-22 21:00:00+00:00,4.25,82.00584,0.0,5.55,0.453
2024-11-22 22:00:00+00:00,4.05,81.39278,0.0,5.1,0.453
2024-11-22 23:00:00+00:00,4.2,81.705765,0.0,4.9,0.452
2024-11-23 00:00:00+00:00,3.65,82.81542,0.0,4.55,0.452
2024-11-23 01:00:00+00:00,3.95,83.749504,0.0,5.25,0.465
2024-11-23 02:00:00+00:00,3.4,85.507385,0.0,4.75,0.464
2024-11-23 03:00:00+00:00,3.2,86.41224,0.0,4.35,0.463
2024-11-23 04:00:00+00:00,3.1,87.02513,0.0,4.0,0.462
2024-11-23 05:00:00+00:00,4.3,86.83327,0.0,4.1,0.461
2024-11-23 06:00:00+00:00,6.05,78.82177,0.0,5.25,0.461
2024-11-23 07:00:00+00:00,7.65,74.740204,0.0,6.75,0.459
2024-11-23 08:00:00+00:00,9.2,69.21199,0.0,8.35,0.458
2024-11-23 09:00:00+00:00,10.5,63.6636,0.0,9.75,0.457
2024-11-23 10:00:00+00:00,11.3,59.316742,0.0,10.8,0.455
2024-11-23 11:00:00+00:00,11.9,56.611523,0.0,11.5,0.454
2024-11-23 12:00:00+00:00,12.05,55.857807,0.0,11.65,0.453
2024-11-23 13:00:00+00:00,11.4,61.246105,0.0,11.05,0.455
2024-11-23 14:00:00+00:00,9.45,70.98169,0.0,10.1,0.454
2024-11-23 15:00:00+00:00,7.65,79.062454,0.0,9.0,0.454
2024-11-23 16:00:00+00:00,6.45,84.63969,0.0,8.2,0.453
2024-11-23 17:00:00+00:00,5.9,86.68606,0.0,7.6,0.453
2024-11-23 18:00:00+00:00,5.4,89.11194,0.0,7.1,0.452
2024-11-23 19:00:00+00:00,4.35,90.61548,0.0,6.5,0.452
2024-11-23 20:00:00+00:00,3.95,91.556046,0.0,6.1,0.452
2024-11-23 21:00:00+00:00,3.2,91.8337,0.0,5.65,0.451
2024-11-23 22:00:00+00:00,3.15,90.85208,0.0,5.25,0.451
2024-11-23 23:00:00+00:00,3.35,89.25842,0.0,4.9,0.45
2024-11-24 00:00:00+00:00,3.5,88.31925,0.0,4.6,0.45
2024-11-24 01:00:00+00:00,4.8,86.882904,0.0,6.1,0.466
2024-11-24 02:00:00+00:00,4.65,87.79707,0.0,5.7,0.465
2024-11-24 03:00:00+00:00,4.45,88.40365,0.0,5.35,0.464
2024-11-24 04:00:00+00:00,4.4,89.02851,0.0,5.1,0.463
2024-11-24 05:00:00+00:00,6.1,82.24826,0.0,5.45,0.462
2024-11-24 06:00:00+00:00,7.55,77.40044,0.0,6.2,0.462
2024-11-24 07:00:00+00:00,8.7,79.77021,0.3,7.05,0.464
2024-11-24 08:00:00+00:00,10.05,75.938675,0.1,8.3,0.463
2024-11-24 09:00:00+00:00,11.9,64.65312,0.1,9.6,0.462
2024-11-24 10:00:00+00:00,12.1,51.87085,0.1,10.35,0.461
2024-11-24 11:00:00+00:00,12.35,49.416832,0.0,10.85,0.46
2024-11-24 12:00:00+00:00,11.95,50.19418,0.0,10.65,0.459
2024-11-24 13:00:00+00:00,9.1,82.34726,0.5,9.2,0.47
2024-11-24 14:00:00+00:00,8.25,87.519066,1.0,8.6,0.482
2024-11-24 15:00:00+00:00,7.7,91.16693,1.6,8.15,0.498
2024-11-24 16:00:00+00:00,7.35,90.829025,1.3,7.8,0.507
2024-11-24 17:00:00+00:00,6.7,88.600006,1.3,7.4,0.511
2024-11-24 18:00:00+00:00,6.4,88.883804,2.0,7.05,0.516
2024-11-24 19:00:00+00:00,6.25,88.871155,3.1,6.8,0.519
2024-11-24 20:00:00+00:00,6.1,87.622795,5.4,6.6,0.52
2024-11-24 21:00:00+00:00,5.3,93.26386,5.6,6.45,0.518
2024-11-24 22:00:00+00:00,3.1,98.94442,6.9,6.1,0.509
2024-11-24 23:00:00+00:00,1.65,100.0,5.7,5.1,0.518
2024-11-25 00:00:00+00:00,0.85,100.0,5.8,4.35,0.518
2024-11-25 01:00:00+00:00,0.7,100.0,2.5,4.1,0.513
2024-11-25 02:00:00+00:00,0.55,100.0,3.4,3.85,0.516
2024-11-25 03:00:00+00:00,0.45,100.0,3.1,4.2,0.514
2024-11-25 04:00:00+00:00,0.45,99.63932,2.5,4.25,0.513
2024-11-25 05:00:00+00:00,0.5,99.28009,2.3,4.35,0.513
2024-11-25 06:00:00+00:00,0.45,99.63932,2.6,4.45,0.513
2024-11-25 07:00:00+00:00,0.5,99.28009,2.0,4.5,0.514
2024-11-25 08:00:00+00:00,0.7,97.50444,1.1,4.6,0.515
2024-11-25 09:00:00+00:00,0.9,95.76266,0.5,4.6,0.516
2024-11-25 10:00:00+00:00,1.15,94.397194,0.2,4.65,0.515
2024-11-25 11:00:00+00:00,1.3,93.38608,0.2,4.6,0.516
2024-11-25 12:00:00+00:00,1.2,92.70719,0.5,4.55,0.515
2024-11-25 13:00:00+00:00,1.1,87.14314,0.5,4.35,0.513
2024-11-25 14:00:00+00:00,0.65,92.33882,0.2,4.3,0.513
2024-11-25 15:00:00+00:00,0.4,97.145546,1.2,4.25,0.513
2024-11-25 16:00:00+00:00,0.15,97.139755,1.1,4.2,0.511
2024-11-25 17:00:00+00:00,-0.4,94.32734,0.4,4.15,0.509
2024-11-25 18:00:00+00:00,-1.05,95.6955,0.3,4.15,0.508
2024-11-25 19:00:00+00:00,-1.35,91.19768,0.1,4.1,0.507
2024-11-25 20:00:00+00:00,-3.4,87.01693,0.0,4.05,0.506
2024-11-25 21:00:00+00:00,-5.65,83.169304,0.0,4.0,0.504
2024-11-25 22:00:00+00:00,-6.35,75.02093,0.0,3.95,0.502
2024-11-25 23:00:00+00:00,-4.0,68.19227,0.0,3.85,0.501
2024-11-26 00:00:00+00:00,-3.3,66.76881,0.0,3.8,0.5
2024-11-26 01:00:00+00:00,-2.6,74.54717,0.0,3.65,0.5
2024-11-26 02:00:00+00:00,-2.35,77.786545,0.0,3.65,0.499
2024-11-26 03:00:00+00:00,-3.05,76.78497,0.0,3.7,0.497
2024-11-26 04:00:00+00:00,-4.05,77.207634,0.0,3.7,0.496
2024-11-26 05:00:00+00:00,-4.15,78.69428,0.0,3.65,0.495
2024-11-26 06:00:00+00:00,-1.6,80.29546,0.0,3.65,0.493
2024-11-26 07:00:00+00:00,-0.1,81.114815,0.1,3.75,0.492
2024-11-26 08:00:00+00:00,0.4,83.92882,0.1,3.8,0.491
2024-11-26 09:00:00+00:00,0.65,81.821625,0.2,3.9,0.49
2024-11-26 10:00:00+00:00,0.65,83.03706,0.2,3.95,0.491
2024-11-26 11:00:00+00:00,0.25,88.02362,0.7,3.95,0.492
2024-11-26 12:00:00+00:00,-0.15,91.9526,1.0,3.85,0.494
2024-11-26 13:00:00+00:00,-0.25,94.33415,0.5,3.75,0.484
2024-11-26 14:00:00+00:00,-0.8,95.7042,0.6,3.6,0.486
2024-11-26 15:00:00+00:00,-1.25,96.75063,0.5,3.55,0.488
2024-11-26 16:00:00+00:00,-1.35,95.33302,1.3,3.5,0.489
2024-11-26 17:00:00+00:00,-1.25,95.33679,0.7,3.5,0.49
2024-11-26 18:00:00+00:00,-1.5,96.03336,0.6,3.45,0.49
2024-11-26 19:00:00+00:00,-1.85,96.7347,0.3,3.45,0.491
2024-11-26 20:00:00+00:00,-1.25,92.56401,0.3,3.45,0.491
2024-11-26 21:00:00+00:00,-1.45,90.51668,0.3,3.45,0.491
2024-11-26 22:00:00+00:00,-1.6,91.519295,0.3,3.45,0.492
2024-11-26 23:00:00+00:00,-1.35,90.52416,0.8,3.45,0.491
2024-11-27 00:00:00+00:00,-1.65,92.883934,0.8,3.45,0.491
2024-11-27 01:00:00+00:00,-1.85,89.147896,0.7,3.4,0.491
2024-11-27 02:00:00+00:00,-1.95,87.162735,0.5,3.3,0.493
2024-11-27 03:00:00+00:00,-2.05,85.855804,0.3,3.25,0.494
2024-11-27 04:00:00+00:00,-2.15,82.3638,0.0,3.2,0.495
2024-11-27 05:00:00+00:00,-2.3,85.185326,0.0,3.15,0.496
2024-11-27 06:00:00+00:00,-1.4,81.84731,0.0,3.15,0.495
2024-11-27 07:00:00+00:00,-1.1,80.06783,0.0,3.25,0.494
2024-11-27 08:00:00+00:00,-1.0,76.840546,0.0,3.3,0.493
2024-11-27 09:00:00+00:00,-0.9,78.02185,0.0,3.35,0.493
2024-11-27 10:00:00+00:00,-0.8,77.74556,0.0,3.35,0.493
2024-11-27 11:00:00+00:00,-0.9,74.013535,0.0,3.35,0.494
2024-11-27 12:00:00+00:00,-1.6,72.49101,0.0,3.35,0.494
2024-11-27 13:00:00+00:00,-1.3,74.78435,0.0,3.65,0.495
2024-11-27 14:00:00+00:00,-2.5,75.13786,0.0,3.65,0.493
2024-11-27 15:00:00+00:00,-3.7,77.863045,0.0,3.55,0.491
2024-11-27 16:00:00+00:00,-5.0,79.47823,0.0,3.4,0.49
2024-11-27 17:00:00+00:00,-6.1,79.30743,0.0,3.25,0.489
2024-11-27 18:00:00+00:00,-6.45,75.29924,0.0,2.55,0.488
2024-11-27 19:00:00+00:00,-6.85,75.52479,0.0,0.85,0.487
2024-11-27 20:00:00+00:00,-6.85,73.16621,0.0,0.7,0.486
2024-11-27 21:00:00+00:00,-6.95,71.42005,0.0,0.6,0.485
2024-11-27 22:00:00+00:00,-7.3,71.920616,0.0,0.55,0.484
2024-11-27 23:00:00+00:00,-7.5,72.7476,0.0,0.45,0.483
2024-11-28 00:00:00+00:00,-7.2,73.38955,0.0,0.4,0.482
2024-11-28 01:00:00+00:00,-7.4,77.85958,0.0,0.4,0.479
2024-11-28 02:00:00+00:00,-7.45,78.160545,0.0,0.35,0.478
2024-11-28 03:00:00+00:00,-7.65,77.5093,0.0,0.25,0.478
2024-11-28 04:00:00+00:00,-7.35,77.25298,0.0,0.2,0.477
2024-11-28 05:00:00+00:00,-7.05,77.61035,0.0,0.15,0.477
2024-11-28 06:00:00+00:00,-5.15,76.12602,0.0,0.15,0.476
2024-11-28 07:00:00+00:00,-3.7,73.48672,0.0,0.15,0.476
2024-11-28 08:00:00+00:00,-2.8,74.51041,0.0,0.2,0.475
2024-11-28 09:00:00+00:00,-2.0,76.96281,0.0,0.2,0.475
2024-11-28 10:00:00+00:00,-1.35,77.9492,0.0,0.25,0.474
2024-11-28 11:00:00+00:00,-0.95,77.429436,0.0,0.3,0.474
2024-11-28 12:00:00+00:00,-1.2,82.48989,0.0,0.35,0.474
2024-11-28 13:00:00+00:00,-2.9,82.88997,0.0,0.35,0.473
2024-11-28 14:00:00+00:00,-5.4,85.48324,0.0,0.3,0.473
2024-11-28 15:00:00+00:00,-6.35,82.432014,0.0,0.25,0.473
2024-11-28 16:00:00+00:00,-6.8,78.26717,0.0,0.2,0.472
2024-11-28 17:00:00+00:00,-7.2,72.806984,0.0,0.15,0.472
2024-11-28 18:00:00+00:00,-7.55,72.737686,0.0,0.1,0.471
2024-11-28 19:00:00+00:00,-7.55,71.29637,0.0,0.05,0.471
2024-11-28 20:00:00+00:00,-7.6,71.859634,0.0,0.0,0.471
2024-11-28 21:00:00+00:00,-7.6,71.00076,0.0,-0.05,0.47
2024-11-28 22:00:00+00:00,-7.75,70.96945,0.0,-0.1,0.47
2024-11-28 23:00:00+00:00,-7.8,70.674446,0.0,-0.2,0.47
2024-11-29 00:00:00+00:00,-7.8,70.674446,0.0,-0.25,0.469
2024-11-29 01:00:00+00:00,-8.2,78.97568,0.0,-0.3,0.469
2024-11-29 02:00:00+00:00,-7.75,77.18468,0.0,-0.35,0.469
2024-11-29 03:00:00+00:00,-7.75,77.18468,0.0,-0.4,0.468
2024-11-29 04:00:00+00:00,-7.55,76.607506,0.0,-0.5,0.468
2024-11-29 05:00:00+00:00,-7.05,76.99877,0.0,-0.55,0.468
2024-11-29 06:00:00+00:00,-5.3,76.99583,0.0,-0.55,0.468
2024-11-29 07:00:00+00:00,-3.45,72.68708,0.0,-0.5,0.467
2024-11-29 08:00:00+00:00,-2.55,72.027824,0.0,-0.45,0.467
2024-11-29 09:00:00+00:00,-1.7,71.10191,0.0,-0.4,0.467
2024-11-29 10:00:00+00:00,-0.95,70.714424,0.0,-0.3,0.466
2024-11-29 11:00:00+00:00,-0.55,72.96952,0.0,-0.25,0.466
2024-11-29 12:00:00+00:00,-1.0,75.976845,0.0,-0.2,0.466
2024-11-29 13:00:00+00:00,-1.9,68.6513,0.0,0.0,0.466
2024-11-29 14:00:00+00:00,-3.6,71.540634,0.0,-0.05,0.465
2024-11-29 15:00:00+00:00,-4.35,72.79347,0.0,-0.1,0.465
2024-11-29 16:00:00+00:00,-4.9,73.83099,0.0,-0.1,0.465
2024-11-29 17:00:00+00:00,-4.8,73.84997,0.0,-0.15,0.465
2024-11-29 18:00:00+00:00,-4.6,74.46545,0.0,-0.2,0.464
2024-11-29 19:00:00+00:00,-4.9,75.87401,0.0,-0.25,0.464
2024-11-29 20:00:00+00:00,-5.1,76.73049,0.0,-0.25,0.464
2024-11-29 21:00:00+00:00,-5.15,77.021385,0.0,-0.3,0.464
2024-11-29 22:00:00+00:00,-5.3,77.29665,0.0,-0.35,0.463
2024-11-29 23:00:00+00:00,-5.9,77.19514,0.0,-0.4,0.463
2024-11-30 00:00:00+00:00,-5.85,75.704765,0.0,-0.45,0.463
2024-11-30 01:00:00+00:00,-6.95,83.65263,0.0,-0.1,0.463
2024-11-30 02:00:00+00:00,-7.25,83.61445,0.0,-0.15,0.462
2024-11-30 03:00:00+00:00,-7.5,83.25402,0.0,-0.2,0.462
2024-11-30 04:00:00+00:00,-7.8,82.88688,0.0,-0.25,0.462
2024-11-30 05:00:00+00:00,-7.4,81.965454,0.0,-0.3,0.462
2024-11-30 06:00:00+00:00,-5.4,81.92245,0.0,-0.3,0.461
2024-11-30 07:00:00+00:00,-3.6,77.58081,0.0,-0.3,0.461
2024-11-30 08:00:00+00:00,-2.2,73.2091,0.0,-0.25,0.461
2024-11-30 09:00:00+00:00,-1.05,69.62604,0.0,-0.15,0.461
2024-11-30 10:00:00+00:00,-0.15,66.2059,0.0,-0.1,0.461
2024-11-30 11:00:00+00:00,0.4,69.66646,0.0,-0.05,0.46
2024-11-30 12:00:00+00:00,0.05,68.290535,0.0,0.0,0.46
2024-11-30 13:00:00+00:00,-1.7,68.43159,0.0,-0.35,0.46
2024-11-30 14:00:00+00:00,-3.5,70.459625,0.0,-0.35,0.46
2024-11-30 15:00:00+00:00,-3.7,69.33071,0.0,-0.4,0.46
2024-11-30 16:00:00+00:00,-4.15,69.777115,0.0,-0.45,0.459
2024-11-30 17:00:00+00:00,-4.8,71.85727,0.0,-0.55,0.459
2024-11-30 18:00:00+00:00,-5.3,74.33502,0.0,-0.6,0.459
2024-11-30 19:00:00+00:00,-5.55,75.16723,0.0,-0.7,0.459
2024-11-30 20:00:00+00:00,-5.7,75.43521,0.0,-0.85,0.458
2024-11-30 21:00:00+00:00,-5.8,75.41717,0.0,-1.45,0.458
2024-11-30 22:00:00+00:00,-5.9,74.51508,0.0,-2.65,0.458
2024-11-30 23:00:00+00:00,-6.1,74.18481,0.0,-3.45,0.458
2024-12-01 00:00:00+00:00,-6.2,73.582756,0.0,-4.05,0.458
2024-12-01 01:00:00+00:00,-7.1,82.007126,0.0,-3.6,0.458
2024-12-01 02:00:00+00:00,-7.55,83.57612,0.0,-4.15,0.457
2024-12-01 03:00:00+00:00,-7.9,84.526474,0.0,-4.6,0.457
2024-12-01 04:00:00+00:00,-8.1,83.50552,0.0,-4.9,0.457
2024-12-01 05:00:00+00:00,-7.6,81.61462,0.0,-4.8,0.457
2024-12-01 06:00:00+00:00,-5.7,82.519646,0.0,-3.5,0.457
2024-12-01 07:00:00+00:00,-3.4,77.31668,0.0,-1.7,0.456
2024-12-01 08:00:00+00:00,-2.0,73.24731,0.0,-0.75,0.456
2024-12-01 09:00:00+00:00,-0.75,69.161385,0.0,-0.6,0.456
2024-12-01 10:00:00+00:00,0.25,64.55873,0.0,-0.5,0.456
2024-12-01 11:00:00+00:00,0.75,69.21776,0.0,-0.4,0.456
2024-12-01 12:00:00+00:00,0.75,63.945396,0.0,-0.35,0.456
2024-12-01 13:00:00+00:00,-1.6,70.31197,0.0,-0.65,0.455
2024-12-01 14:00:00+00:00,-3.3,71.04927,0.0,-0.7,0.455
2024-12-01 15:00:00+00:00,-3.55,70.17622,0.0,-0.8,0.455
2024-12-01 16:00:00+00:00,-4.25,71.96762,0.0,-0.95,0.455
2024-12-01 17:00:00+00:00,-5.15,75.23992,0.0,-2.1,0.455
2024-12-01 18:00:00+00:00,-5.8,76.6096,0.0,-3.05,0.455
2024-12-01 19:00:00+00:00,-6.2,76.540115,0.0,-3.7,0.454
2024-12-01 20:00:00+00:00,-6.45,75.59699,0.0,-4.2,0.454
2024-12-01 21:00:00+00:00,-6.45,74.41228,0.0,-4.6,0.454
2024-12-01 22:00:00+00:00,-6.45,73.53464,0.0,-4.85,0.454
2024-12-01 23:00:00+00:00,-6.45,73.24414,0.0,-5.0,0.454
2024-12-02 00:00:00+00:00,-6.55,73.807045,0.0,-5.15,0.454
2024-12-02 01:00:00+00:00,-6.5,79.24482,0.0,-3.4,0.453
2024-12-02 02:00:00+00:00,-7.0,80.741035,0.0,-4.0,0.453
2024-12-02 03:00:00+00:00,-7.3,81.979355,0.0,-4.45,0.453
2024-12-02 04:00:00+00:00,-7.7,84.21829,0.0,-4.8,0.453
2024-12-02 05:00:00+00:00,-7.15,83.95603,0.0,-4.7,0.453
2024-12-02 06:00:00+00:00,-5.15,81.640434,0.0,-3.35,0.453
2024-12-02 07:00:00+00:00,-3.15,76.767944,0.0,-1.55,0.453
2024-12-02 08:00:00+00:00,-1.8,73.28544,0.0,-0.75,0.452
2024-12-02 09:00:00+00:00,-0.7,69.43535,0.0,-0.6,0.452
2024-12-02 10:00:00+00:00,0.3,66.81206,0.0,-0.5,0.452
2024-12-02 11:00:00+00:00,0.75,73.49045,0.0,-0.4,0.452
2024-12-02 12:00:00+00:00,0.7,70.254425,0.0,-0.35,0.452
2024-12-02 13:00:00+00:00,-1.35,71.44433,0.0,-0.5,0.452
2024-12-02 14:00:00+00:00,-3.55,75.23729,0.0,-0.55,0.452
2024-12-02 15:00:00+00:00,-4.0,74.288246,0.0,-0.6,0.451
2024-12-02 16:00:00+00:00,-4.65,74.74656,0.0,-0.65,0.451
2024-12-02 17:00:00+00:00,-5.2,75.52528,0.0,-0.75,0.451
2024-12-02 18:00:00+00:00,-5.45,77.271324,0.0,-0.95,0.451
2024-12-02 19:00:00+00:00,-5.6,77.548416,0.0,-2.1,0.451
2024-12-02 20:00:00+00:00,-5.85,78.11557,0.0,-3.0,0.451
2024-12-02 21:00:00+00:00,-6.05,78.38929,0.0,-3.65,0.451
2024-12-02 22:00:00+00:00,-6.3,78.65677,0.0,-4.15,0.45
2024-12-02 23:00:00+00:00,-6.5,78.934166,0.0,-4.55,0.45
2024-12-03 00:00:00+00:00,-6.65,79.221275,0.0,-4.8,0.45
2024-12-03 01:00:00+00:00,-7.35,90.059326,0.0,-3.65,0.45
2024-12-03 02:00:00+00:00,-7.7,90.73801,0.0,-4.25,0.45
2024-12-03 03:00:00+00:00,-7.9,91.79416,0.0,-4.6,0.45
2024-12-03 04:00:00+00:00,-7.85,91.797516,0.0,-4.8,0.45
2024-12-03 05:00:00+00:00,-7.3,91.122185,0.0,-4.55,0.449
2024-12-03 06:00:00+00:00,-4.95,89.21981,0.0,-3.25,0.449
2024-12-03 07:00:00+00:00,-3.8,86.31738,0.0,-1.55,0.449
2024-12-03 08:00:00+00:00,-2.6,81.99253,0.0,-0.8,0.449
2024-12-03 09:00:00+00:00,-1.4,77.647606,0.0,-0.65,0.449
2024-12-03 10:00:00+00:00,-0.45,74.376205,0.0,-0.55,0.449
2024-12-03 11:00:00+00:00,0.3,73.131485,0.0,-0.45,0.449
2024-12-03 12:00:00+00:00,0.25,77.62599,0.0,-0.4,0.449
2024-12-03 13:00:00+00:00,-2.25,76.92064,0.0,-0.65,0.449
2024-12-03 14:00:00+00:00,-4.15,79.30295,0.0,-0.7,0.448
2024-12-03 15:00:00+00:00,-4.5,77.13171,0.0,-0.85,0.448
2024-12-03 16:00:00+00:00,-4.9,74.40965,0.0,-1.5,0.448
2024-12-03 17:00:00+00:00,-5.2,70.93548,0.0,-2.55,0.448
2024-12-03 18:00:00+00:00,-5.55,68.65839,0.0,-3.3,0.448
2024-12-03 19:00:00+00:00,-5.9,68.85407,0.0,-3.9,0.448
2024-12-03 20:00:00+00:00,-6.35,70.696304,0.0,-4.3,0.448
2024-12-03 21:00:00+00:00,-6.65,71.76636,0.0,-4.65,0.448
2024-12-03 22:00:00+00:00,-7.05,73.71123,0.0,-4.9,0.447
2024-12-03 23:00:00+00:00,-7.3,75.143875,0.0,-5.1,0.447
2024-12-04 00:00:00+00:00,-7.7,77.19322,0.0,-5.2,0.447
2024-12-04 01:00:00+00:00,-7.35,84.59305,0.0,-0.6,0.447
2024-12-04 02:00:00+00:00,-7.5,85.91449,0.0,-0.65,0.447
2024-12-04 03:00:00+00:00,-7.45,85.920044,0.0,-0.75,0.447
2024-12-04 04:00:00+00:00,-7.45,86.25774,0.0,-0.95,0.447
2024-12-04 05:00:00+00:00,-6.7,85.33479,0.0,-1.8,0.447
2024-12-04 06:00:00+00:00,-5.0,87.18725,0.0,-1.5,0.446
2024-12-04 07:00:00+00:00,-3.75,83.413315,0.0,-0.85,0.446
2024-12-04 08:00:00+00:00,-2.3,80.49654,0.0,-0.7,0.446
2024-12-04 09:00:00+00:00,-0.85,75.148605,0.0,-0.6,0.446
2024-12-04 10:00:00+00:00,0.25,70.6919,0.0,-0.5,0.446
2024-12-04 11:00:00+00:00,0.9,73.51852,0.0,-0.4,0.446
2024-12-04 12:00:00+00:00,1.0,69.27047,0.0,-0.35,0.446
2024-12-04 13:00:00+00:00,-1.45,74.47421,0.0,-0.8,0.446
2024-12-04 14:00:00+00:00,-3.4,79.4187,0.0,-0.85,0.446
2024-12-04 15:00:00+00:00,-2.7,77.43329,0.0,-0.95,0.445
2024-12-04 16:00:00+00:00,-3.0,77.38342,0.0,-1.6,0.445
2024-12-04 17:00:00+00:00,-3.65,76.09418,0.0,-2.25,0.445
2024-12-04 18:00:00+00:00,-3.8,73.18365,0.0,-2.7,0.445
2024-12-04 19:00:00+00:00,-4.0,70.35538,0.0,-3.05,0.445
2024-12-04 20:00:00+00:00,-2.7,68.21315,0.0,-2.75,0.445
2024-12-04 21:00:00+00:00,-2.15,69.39332,0.0,-2.3,0.445
2024-12-04 22:00:00+00:00,-2.1,71.841415,0.0,-1.95,0.445
2024-12-04 23:00:00+00:00,-2.55,72.86205,0.0,-1.85,0.445
2024-12-05 00:00:00+00:00,-2.45,76.594376,0.0,-1.6,0.444
2024-12-05 01:00:00+00:00,-2.15,81.43647,0.0,-1.0,0.444
2024-12-05 02:00:00+00:00,-1.7,80.28077,0.0,-0.95,0.444
2024-12-05 03:00:00+00:00,-1.6,79.993614,0.0,-0.95,0.444
2024-12-05 04:00:00+00:00,-1.55,80.909355,0.0,-0.9,0.444
2024-12-05 05:00:00+00:00,-1.75,81.79946,0.0,-0.9,0.444
2024-12-05 06:00:00+00:00,-1.65,77.90058,0.0,-0.8,0.444
2024-12-05 07:00:00+00:00,-0.1,71.9642,0.0,-0.7,0.444
2024-12-05 08:00:00+00:00,0.8,75.72206,0.0,-0.55,0.444
2024-12-05 09:00:00+00:00,1.75,67.638405,0.0,-0.45,0.446
2024-12-05 10:00:00+00:00,2.5,63.64054,0.0,-0.35,0.451
2024-12-05 11:00:00+00:00,2.95,60.953606,0.0,-0.25,0.456
2024-12-05 12:00:00+00:00,3.15,59.203434,0.0,-0.2,0.457
2024-12-05 13:00:00+00:00,1.65,77.56619,0.0,-0.65,0.457
2024-12-05 14:00:00+00:00,0.9,80.95574,0.0,-0.65,0.456
2024-12-05 15:00:00+00:00,0.45,81.794495,0.0,-0.65,0.456
2024-12-05 16:00:00+00:00,0.3,81.7741,0.0,-0.65,0.456
2024-12-05 17:00:00+00:00,-0.85,82.844475,0.0,-0.65,0.455
2024-12-05 18:00:00+00:00,-1.45,82.45683,0.0,-0.7,0.455
2024-12-05 19:00:00+00:00,-1.15,82.18842,0.0,-0.75,0.455
2024-12-05 20:00:00+00:00,-1.4,83.08371,0.0,-0.8,0.454
2024-12-05 21:00:00+00:00,-2.05,84.25873,0.0,-0.9,0.454
2024-12-05 22:00:00+00:00,-1.95,83.3259,0.0,-1.1,0.454
2024-12-05 23:00:00+00:00,-2.5,82.94195,0.0,-1.75,0.453
2024-12-06 00:00:00+00:00,-2.7,82.915985,0.0,-2.2,0.453
2024-12-06 01:00:00+00:00,-2.75,89.40608,0.0,-0.55,0.453
2024-12-06 02:00:00+00:00,-3.75,93.81786,0.0,-0.6,0.452
2024-12-06 03:00:00+00:00,-4.3,96.30438,0.0,-0.65,0.452
2024-12-06 04:00:00+00:00,-4.8,98.87362,0.0,-0.7,0.452
2024-12-06 05:00:00+00:00,-4.45,98.50504,0.0,-0.8,0.452
2024-12-06 06:00:00+00:00,-1.7,92.194565,0.0,-0.75,0.451
2024-12-06 07:00:00+00:00,0.1,85.45525,0.0,-0.65,0.451
2024-12-06 08:00:00+00:00,1.3,80.71488,0.0,-0.55,0.451
2024-12-06 09:00:00+00:00,2.4,73.79704,0.0,-0.4,0.456
2024-12-06 10:00:00+00:00,3.2,69.47286,0.0,-0.3,0.462
2024-12-06 11:00:00+00:00,3.55,67.281044,0.0,-0.25,0.466
2024-12-06 12:00:00+00:00,3.55,66.78682,0.0,-0.15,0.468
2024-12-06 13:00:00+00:00,1.9,72.62226,0.0,-0.15,0.467
2024-12-06 14:00:00+00:00,-0.3,78.99842,0.0,-0.15,0.466
2024-12-06 15:00:00+00:00,-0.95,81.298355,0.0,-0.2,0.465
2024-12-06 16:00:00+00:00,-1.45,83.38909,0.0,-0.25,0.465
2024-12-06 17:00:00+00:00,-1.9,85.55095,0.0,-0.25,0.464
2024-12-06 18:00:00+00:00,-1.9,86.517784,0.0,-0.3,0.463
2024-12-06 19:00:00+00:00,-2.4,88.7676,0.0,-0.35,0.463
2024-12-06 20:00:00+00:00,-3.25,92.09721,0.0,-0.35,0.462
2024-12-06 21:00:00+00:00,-3.5,93.47823,0.0,-0.4,0.462
2024-12-06 22:00:00+00:00,-3.6,93.121704,0.0,-0.45,0.461
2024-12-06 23:00:00+00:00,-3.5,92.77746,0.0,-0.5,0.461
2024-12-07 00:00:00+00:00,-3.85,93.459724,0.0,-0.55,0.46
2024-12-07 01:00:00+00:00,-4.05,97.03977,0.0,-0.45,0.46
2024-12-07 02:00:00+00:00,-3.9,97.04342,0.0,-0.5,0.459
2024-12-07 03:00:00+00:00,-3.3,95.616035,0.0,-0.55,0.459
2024-12-07 04:00:00+00:00,-3.3,95.97473,0.0,-0.55,0.458
2024-12-07 05:00:00+00:00,-2.6,95.64099,0.0,-0.6,0.458
2024-12-07 06:00:00+00:00,-1.5,92.207,0.0,-0.55,0.457
2024-12-07 07:00:00+00:00,-0.85,88.9031,0.0,-0.5,0.457
2024-12-07 08:00:00+00:00,0.5,82.10394,0.0,-0.45,0.457
2024-12-07 09:00:00+00:00,1.4,80.43311,0.0,-0.35,0.461
2024-12-07 10:00:00+00:00,2.2,75.130844,0.0,-0.25,0.466
2024-12-07 11:00:00+00:00,2.75,71.72112,0.0,-0.2,0.47
2024-12-07 12:00:00+00:00,3.0,70.20324,0.0,-0.15,0.471
2024-12-07 13:00:00+00:00,0.8,79.75491,0.0,-0.6,0.47
2024-12-07 14:00:00+00:00,0.2,80.85663,0.0,-0.6,0.469
2024-12-07 15:00:00+00:00,-0.3,81.99652,0.0,-0.6,0.468
2024-12-07 16:00:00+00:00,-0.8,82.85095,0.0,-0.65,0.467
2024-12-07 17:00:00+00:00,-1.6,82.74699,0.0,-0.7,0.466
2024-12-07 18:00:00+00:00,-2.2,82.66843,0.0,-0.75,0.466
2024-12-07 19:00:00+00:00,-2.85,81.95844,0.0,-0.85,0.465
2024-12-07 20:00:00+00:00,-3.1,80.37926,0.0,-1.1,0.464
2024-12-07 21:00:00+00:00,-3.25,78.836624,0.0,-1.95,0.464
2024-12-07 22:00:00+00:00,-3.6,77.87942,0.0,-2.55,0.463
2024-12-07 23:00:00+00:00,-3.8,76.06791,0.0,-3.0,0.463
2024-12-08 00:00:00+00:00,-3.5,73.809296,0.0,-3.15,0.462
2024-12-08 01:00:00+00:00,-2.05,77.24711,0.0,-0.3,0.462
2024-12-08 02:00:00+00:00,-3.05,78.56744,0.0,-0.3,0.461
2024-12-08 03:00:00+00:00,-3.7,81.2182,0.0,-0.35,0.461
2024-12-08 04:00:00+00:00,-3.6,81.85562,0.0,-0.4,0.46
2024-12-08 05:00:00+00:00,-3.0,81.62707,0.0,-0.45,0.46
2024-12-08 06:00:00+00:00,-0.15,76.983154,0.0,-0.4,0.459
2024-12-08 07:00:00+00:00,1.05,78.04375,0.0,-0.35,0.459
2024-12-08 08:00:00+00:00,2.1,75.113174,0.0,-0.3,0.46
2024-12-08 09:00:00+00:00,3.25,69.48325,0.0,-0.2,0.466
2024-12-08 10:00:00+00:00,4.2,64.277466,0.0,-0.1,0.472
2024-12-08 11:00:00+00:00,4.9,60.759384,0.0,-0.05,0.476
2024-12-08 12:00:00+00:00,5.0,60.560535,0.0,0.0,0.478
2024-12-08 13:00:00+00:00,2.65,72.765305,0.1,-0.7,0.477
2024-12-08 14:00:00+00:00,2.25,73.76937,0.0,-0.65,0.476
2024-12-08 15:00:00+00:00,1.55,78.9905,1.0,-0.65,0.475
2024-12-08 16:00:00+00:00,0.75,81.23379,0.6,-0.65,0.475
2024-12-08 17:00:00+00:00,1.3,83.11954,0.0,-0.65,0.474
2024-12-08 18:00:00+00:00,1.1,84.941734,0.0,-0.6,0.473
2024-12-08 19:00:00+00:00,0.85,87.4376,0.3,-0.6,0.472
2024-12-08 20:00:00+00:00,0.55,88.05136,0.0,-0.6,0.471
2024-12-08 21:00:00+00:00,0.15,88.33826,0.0,-0.6,0.47
2024-12-08 22:00:00+00:00,0.2,88.34277,0.0,-0.6,0.47
2024-12-08 23:00:00+00:00,0.7,88.0652,0.0,-0.6,0.469
2024-12-09 00:00:00+00:00,0.95,88.08821,0.1,-0.55,0.468
2024-12-09 01:00:00+00:00,0.8,88.72023,0.2,-0.1,0.469
2024-12-09 02:00:00+00:00,0.85,89.70084,0.1,-0.1,0.468
2024-12-09 03:00:00+00:00,0.35,88.03287,0.0,-0.15,0.468
2024-12-09 04:00:00+00:00,-0.55,88.92904,0.0,-0.15,0.467
2024-12-09 05:00:00+00:00,-1.25,89.53038,0.0,-0.2,0.466
2024-12-09 06:00:00+00:00,0.25,90.31159,0.0,-0.15,0.466
2024-12-09 07:00:00+00:00,1.65,90.416954,0.0,-0.1,0.465
2024-12-09 08:00:00+00:00,2.8,83.609634,0.0,-0.05,0.464
2024-12-09 09:00:00+00:00,3.65,77.88735,0.0,0.05,0.467
2024-12-09 10:00:00+00:00,4.25,74.13493,0.0,0.1,0.471
2024-12-09 11:00:00+00:00,4.8,70.05672,0.0,0.2,0.474
2024-12-09 12:00:00+00:00,4.95,68.57641,0.0,0.25,0.474
2024-12-09 13:00:00+00:00,3.7,77.895294,0.0,0.05,0.471
2024-12-09 14:00:00+00:00,1.15,79.806946,0.0,0.0,0.47
2024-12-09 15:00:00+00:00,0.65,79.14444,0.0,0.0,0.469
2024-12-09 16:00:00+00:00,-0.2,81.40283,0.0,-0.05,0.469
2024-12-09 17:00:00+00:00,-0.95,84.70518,0.0,-0.05,0.468
2024-12-09 18:00:00+00:00,-1.25,87.23226,0.0,-0.1,0.467
2024-12-09 19:00:00+00:00,-1.5,88.846565,0.0,-0.15,0.467
2024-12-09 20:00:00+00:00,-1.65,89.83109,0.0,-0.15,0.466
2024-12-09 21:00:00+00:00,-1.65,88.50311,0.0,-0.2,0.465
2024-12-09 22:00:00+00:00,-1.65,86.86768,0.0,-0.25,0.465
2024-12-09 23:00:00+00:00,-1.65,85.57871,0.0,-0.3,0.464
2024-12-10 00:00:00+00:00,-2.6,86.44445,0.0,-0.3,0.464
2024-12-10 01:00:00+00:00,-2.25,89.447754,0.0,-0.15,0.463
2024-12-10 02:00:00+00:00,-2.55,89.42278,0.0,-0.2,0.463
2024-12-10 03:00:00+00:00,-3.45,89.010315,0.0,-0.2,0.462
2024-12-10 04:00:00+00:00,-3.5,88.66997,0.0,-0.25,0.462
2024-12-10 05:00:00+00:00,-3.0,88.38086,0.0,-0.3,0.461
2024-12-10 06:00:00+00:00,-0.25,83.53935,0.0,-0.25,0.461
2024-12-10 07:00:00+00:00,1.2,77.20712,0.0,-0.25,0.46
2024-12-10 08:00:00+00:00,2.45,70.350555,0.0,-0.15,0.46
2024-12-10 09:00:00+00:00,3.7,63.68758,0.0,-0.1,0.463
2024-12-10 10:00:00+00:00,4.6,59.132397,0.0,0.0,0.466
2024-12-10 11:00:00+00:00,5.2,57.985313,0.0,0.05,0.467
2024-12-10 12:00:00+00:00,5.35,58.024082,0.0,0.1,0.468
2024-12-10 13:00:00+00:00,2.95,70.45211,0.0,-0.05,0.465
2024-12-10 14:00:00+00:00,0.35,77.06647,0.0,-0.05,0.464
2024-12-10 15:00:00+00:00,-0.5,78.96749,0.0,-0.1,0.464
2024-12-10 16:00:00+00:00,-1.1,79.76795,0.0,-0.1,0.463
2024-12-10 17:00:00+00:00,-1.45,79.71537,0.0,-0.15,0.463
2024-12-10 18:00:00+00:00,-1.75,80.576584,0.0,-0.2,0.462
2024-12-10 19:00:00+00:00,-1.8,81.17892,0.0,-0.2,0.462
2024-12-10 20:00:00+00:00,-2.1,82.681564,0.0,-0.25,0.461
2024-12-10 21:00:00+00:00,-2.3,82.96784,0.0,-0.3,0.461
2024-12-10 22:00:00+00:00,-2.35,82.96137,0.0,-0.3,0.461
2024-12-10 23:00:00+00:00,-2.35,82.33709,0.0,-0.35,0.46
2024-12-11 00:00:00+00:00,-2.6,82.615776,0.0,-0.4,0.46
2024-12-11 01:00:00+00:00,-2.85,85.44472,0.0,-0.2,0.459
2024-12-11 02:00:00+00:00,-3.0,85.42786,0.0,-0.25,0.459
2024-12-11 03:00:00+00:00,-2.75,87.740906,0.0,-0.25,0.458
2024-12-11 04:00:00+00:00,-2.9,88.72338,0.0,-0.3,0.458
2024-12-11 05:00:00+00:00,-2.05,84.57602,0.0,-0.3,0.458
2024-12-11 06:00:00+00:00,-0.95,80.09002,0.0,-0.3,0.457
2024-12-11 07:00:00+00:00,0.5,73.994576,0.0,-0.25,0.457
2024-12-11 08:00:00+00:00,2.3,66.26134,0.0,-0.2,0.457
2024-12-11 09:00:00+00:00,3.3,61.72752,0.0,-0.15,0.458
2024-12-11 10:00:00+00:00,4.2,57.510746,0.0,-0.1,0.46
2024-12-11 11:00:00+00:00,4.65,55.314194,0.0,-0.05,0.461
2024-12-11 12:00:00+00:00,4.95,54.371597,0.0,0.0,0.461
2024-12-11 13:00:00+00:00,1.95,69.988045,0.0,-0.7,0.459
2024-12-11 14:00:00+00:00,0.85,75.44984,0.4,-0.7,0.459
2024-12-11 15:00:00+00:00,1.0,75.75684,0.0,-0.7,0.459
2024-12-11 16:00:00+00:00,1.05,76.04704,0.0,-0.7,0.458
2024-12-11 17:00:00+00:00,0.1,77.891335,0.0,-0.7,0.458
2024-12-11 18:00:00+00:00,0.25,77.9155,0.0,-0.75,0.457
2024-12-11 19:00:00+00:00,-0.8,79.8129,0.0,-0.8,0.457
2024-12-11 20:00:00+00:00,-1.25,81.256325,0.0,-0.9,0.457
2024-12-11 21:00:00+00:00,-1.2,80.656166,0.0,-1.1,0.456
2024-12-11 22:00:00+00:00,-1.4,80.32481,0.0,-1.6,0.456
2024-12-11 23:00:00+00:00,-1.55,80.909355,0.0,-1.85,0.456
2024-12-12 00:00:00+00:00,-1.3,79.73792,0.0,-2.0,0.456
2024-12-12 01:00:00+00:00,-0.8,82.235245,0.0,-0.1,0.455
2024-12-12 02:00:00+00:00,-0.85,81.92215,0.0,-0.15,0.455
2024-12-12 03:00:00+00:00,-0.75,81.3263,0.0,-0.15,0.455
2024-12-12 04:00:00+00:00,-0.5,80.75677,0.0,-0.15,0.454
2024-12-12 05:00:00+00:00,0.4,77.93962,0.0,-0.2,0.454
2024-12-12 06:00:00+00:00,1.65,72.57433,0.0,-0.15,0.454
2024-12-12 07:00:00+00:00,2.4,71.12505,0.0,-0.15,0.454
2024-12-12 08:00:00+00:00,2.75,73.59083,0.0,-0.1,0.453
2024-12-12 09:00:00+00:00,2.7,77.73563,0.0,-0.1,0.454
2024-12-12 10:00:00+00:00,2.25,84.45716,0.0,-0.05,0.454
2024-12-12 11:00:00+00:00,1.8,94.08705,0.2,-0.05,0.456
2024-12-12 12:00:00+00:00,1.15,99.64138,0.9,0.0,0.463
2024-12-12 13:00:00+00:00,0.5,100.0,1.2,-0.6,0.466
2024-12-12 14:00:00+00:00,0.35,100.0,1.9,-0.55,0.473
2024-12-12 15:00:00+00:00,-0.1,99.637695,0.4,-0.55,0.474
2024-12-12 16:00:00+00:00,-0.35,98.19638,0.0,-0.55,0.473
2024-12-12 17:00:00+00:00,-1.55,100.0,0.0,-0.6,0.472
2024-12-12 18:00:00+00:00,-0.4,96.42023,0.0,-0.6,0.471
2024-12-12 19:00:00+00:00,-0.9,96.75988,0.0,-0.6,0.47
2024-12-12 20:00:00+00:00,-1.65,97.4562,0.0,-0.6,0.469
2024-12-12 21:00:00+00:00,-2.8,95.63388,0.0,-0.65,0.468
2024-12-12 22:00:00+00:00,-2.45,92.492355,0.0,-0.65,0.468
2024-12-12 23:00:00+00:00,-2.3,93.19335,0.0,-0.65,0.467
2024-12-13 00:00:00+00:00,-2.4,94.23528,0.0,-0.7,0.466
2024-12-13 01:00:00+00:00,-2.2,94.24458,0.0,-0.1,0.464
2024-12-13 02:00:00+00:00,-4.6,97.02629,0.0,-0.15,0.463
2024-12-13 03:00:00+00:00,-4.5,95.21181,0.0,-0.15,0.462
2024-12-13 04:00:00+00:00,-5.25,92.67454,0.0,-0.2,0.462
2024-12-13 05:00:00+00:00,-4.8,88.892235,0.0,-0.25,0.461
2024-12-13 06:00:00+00:00,-2.95,87.39151,0.0,-0.25,0.461
2024-12-13 07:00:00+00:00,-1.5,79.10954,0.0,-0.25,0.461
2024-12-13 08:00:00+00:00,-0.2,70.600105,0.0,-0.2,0.46
2024-12-13 09:00:00+00:00,0.55,65.615845,0.0,-0.15,0.46
2024-12-13 10:00:00+00:00,1.05,64.99099,0.0,-0.05,0.459
2024-12-13 11:00:00+00:00,1.25,67.276,0.0,0.0,0.46
2024-12-13 12:00:00+00:00,1.3,66.28404,0.0,0.05,0.46
2024-12-13 13:00:00+00:00,0.1,62.585518,0.0,0.2,0.46
2024-12-13 14:00:00+00:00,-1.85,59.735172,0.0,0.15,0.46
2024-12-13 15:00:00+00:00,-2.95,63.29904,0.0,0.15,0.459
2024-12-13 16:00:00+00:00,-4.2,67.08778,0.0,0.1,0.459
2024-12-13 17:00:00+00:00,-5.1,68.48646,0.0,0.05,0.458
2024-12-13 18:00:00+00:00,-5.4,67.88115,0.0,0.0,0.458
2024-12-13 19:00:00+00:00,-5.75,67.53405,0.0,-0.05,0.458
2024-12-13 20:00:00+00:00,-5.4,67.0795,0.0,-0.1,0.457
2024-12-13 21:00:00+00:00,-5.75,66.73379,0.0,-0.15,0.457
2024-12-13 22:00:00+00:00,-6.1,69.084206,0.0,-0.2,0.457
2024-12-13 23:00:00+00:00,-4.7,67.77005,0.0,-0.2,0.456
2024-12-14 00:00:00+00:00,-5.45,65.489685,0.0,-0.25,0.456
2024-12-14 01:00:00+00:00,-2.95,45.12804,0.0,-0.25,0.456
2024-12-14 02:00:00+00:00,-4.6,41.596584,0.0,-0.3,0.455
2024-12-14 03:00:00+00:00,-5.5,39.124035,0.0,-0.35,0.455
2024-12-14 04:00:00+00:00,-6.45,39.988773,0.0,-0.4,0.455
2024-12-14 05:00:00+00:00,-6.65,39.925217,0.0,-0.45,0.454
2024-12-14 06:00:00+00:00,-5.3,33.51217,0.0,-0.5,0.454
2024-12-14 07:00:00+00:00,-4.45,28.725023,0.0,-0.45,0.454
2024-12-14 08:00:00+00:00,-3.4,26.896734,0.0,-0.45,0.454
2024-12-14 09:00:00+00:00,-2.3,25.216648,0.0,-0.4,0.453
2024-12-14 10:00:00+00:00,-1.9,26.104912,0.0,-0.35,0.453
2024-12-14 11:00:00+00:00,-1.7,26.840738,0.0,-0.3,0.453
2024-12-14 12:00:00+00:00,-2.2,29.298674,0.0,-0.3,0.453
2024-12-14 13:00:00+00:00,-3.25,34.447876,0.0,0.1,0.452
2024-12-14 14:00:00+00:00,-5.8,44.06551,0.0,0.05,0.452
2024-12-14 15:00:00+00:00,-6.35,47.1132,0.0,0.0,0.452
2024-12-14 16:00:00+00:00,-6.95,46.73401,0.0,-0.05,0.451
2024-12-14 17:00:00+00:00,-7.5,46.760162,0.0,-0.1,0.451
2024-12-14 18:00:00+00:00,-7.7,45.153744,0.0,-0.15,0.451
2024-12-14 19:00:00+00:00,-7.85,43.607666,0.0,-0.2,0.451
2024-12-14 20:00:00+00:00,-8.0,44.117496,0.0,-0.25,0.45
2024-12-14 21:00:00+00:00,-7.85,43.42343,0.0,-0.3,0.45
2024-12-14 22:00:00+00:00,-7.9,43.591927,0.0,-0.35,0.45
2024-12-14 23:00:00+00:00,-8.1,44.086082,0.0,-0.4,0.45
2024-12-15 00:00:00+00:00,-8.2,43.68243,0.0,-0.45,0.45
2024-12-15 01:00:00+00:00,-8.8,45.384747,0.0,-0.55,0.449
2024-12-15 02:00:00+00:00,-8.7,43.897182,0.0,-0.6,0.449
2024-12-15 03:00:00+00:00,-8.6,44.116016,0.0,-0.7,0.449
2024-12-15 04:00:00+00:00,-8.6,45.44726,0.0,-0.75,0.449
2024-12-15 05:00:00+00:00,-7.9,46.051773,0.0,-0.9,0.449
2024-12-15 06:00:00+00:00,-6.6,48.02343,0.0,-0.95,0.449
2024-12-15 07:00:00+00:00,-5.15,46.132126,0.0,-0.85,0.448
2024-12-15 08:00:00+00:00,-3.3,41.489296,0.0,-0.7,0.448
2024-12-15 09:00:00+00:00,-1.8,37.27931,0.0,-0.6,0.448
2024-12-15 10:00:00+00:00,-0.5,33.342995,0.0,-0.55,0.448
2024-12-15 11:00:00+00:00,0.25,30.679766,0.0,-0.45,0.448
2024-12-15 12:00:00+00:00,0.5,28.911348,0.0,-0.4,0.447
2024-12-15 13:00:00+00:00,-0.9,30.962044,0.0,-0.55,0.447
2024-12-15 14:00:00+00:00,-3.5,38.302696,0.0,-0.55,0.447
2024-12-15 15:00:00+00:00,-4.1,41.23917,0.0,-0.65,0.447
2024-12-15 16:00:00+00:00,-4.9,43.799103,0.0,-0.7,0.447
2024-12-15 17:00:00+00:00,-5.35,43.298313,0.0,-0.75,0.447
2024-12-15 18:00:00+00:00,-5.45,41.850082,0.0,-0.85,0.447
2024-12-15 19:00:00+00:00,-5.3,40.862022,0.0,-0.95,0.446
2024-12-15 20:00:00+00:00,-5.9,42.767956,0.0,-1.7,0.446
2024-12-15 21:00:00+00:00,-5.85,43.68476,0.0,-2.15,0.446
2024-12-15 22:00:00+00:00,-5.75,44.819492,0.0,-2.45,0.446
2024-12-15 23:00:00+00:00,-5.75,45.94787,0.0,-2.7,0.446
2024-12-16 00:00:00+00:00,-6.0,47.22013,0.0,-3.1,0.446
2024-12-16 01:00:00+00:00,-6.5,55.26687,0.0,-2.6,0.446
2024-12-16 02:00:00+00:00,-6.75,55.649742,0.0,-3.0,0.445
2024-12-16 03:00:00+00:00,-6.05,52.318565,0.0,-2.9,0.445
2024-12-16 04:00:00+00:00,-5.7,50.942444,0.0,-2.85,0.445
2024-12-16 05:00:00+00:00,-5.7,50.527073,0.0,-2.9,0.445
2024-12-16 06:00:00+00:00,-3.15,41.706562,0.0,-1.95,0.445
2024-12-16 07:00:00+00:00,-1.0,35.443745,0.0,-0.85,0.445
2024-12-16 08:00:00+00:00,1.25,29.50134,0.0,-0.7,0.445
2024-12-16 09:00:00+00:00,2.9,25.905855,0.0,-0.55,0.444
2024-12-16 10:00:00+00:00,3.6,25.06489,0.0,-0.5,0.444
2024-12-16 11:00:00+00:00,3.2,29.492893,0.0,-0.4,0.444
2024-12-16 12:00:00+00:00,2.35,37.66239,0.0,-0.35,0.444
2024-12-16 13:00:00+00:00,-0.05,49.001095,0.0,-0.7,0.444
2024-12-16 14:00:00+00:00,-1.25,58.510735,0.1,-0.7,0.444
2024-12-16 15:00:00+00:00,-1.7,63.849026,0.1,-0.7,0.444
2024-12-16 16:00:00+00:00,-1.85,67.87531,0.0,-0.7,0.444
2024-12-16 17:00:00+00:00,-1.7,71.10191,0.1,-0.7,0.443
2024-12-16 18:00:00+00:00,-1.85,73.5557,0.1,-0.7,0.443
2024-12-16 19:00:00+00:00,-2.3,77.205376,0.1,-0.7,0.443
2024-12-16 20:00:00+00:00,-2.6,81.0655,0.0,-0.7,0.443
2024-12-16 21:00:00+00:00,-3.55,84.39732,0.0,-0.8,0.443
2024-12-16 22:00:00+00:00,-4.0,86.6254,0.0,-0.85,0.443
2024-12-16 23:00:00+00:00,-4.2,88.27055,0.0,-1.2,0.443
2024-12-17 00:00:00+00:00,-4.7,90.26867,0.0,-1.8,0.443
2024-12-17 01:00:00+00:00,-2.55,88.42182,0.0,-0.9,0.443
2024-12-17 02:00:00+00:00,-2.45,87.112724,0.0,-0.85,0.442
2024-12-17 03:00:00+00:00,-2.4,87.774376,0.0,-0.85,0.442
2024-12-17 04:00:00+00:00,-2.4,88.435425,0.0,-0.85,0.442
2024-12-17 05:00:00+00:00,-2.6,89.41861,0.0,-0.85,0.442
2024-12-17 06:00:00+00:00,-2.2,87.13777,0.0,-0.8,0.442
2024-12-17 07:00:00+00:00,-1.3,79.14041,0.0,-0.75,0.442
2024-12-17 08:00:00+00:00,-0.25,65.93171,0.0,-0.65,0.442
2024-12-17 09:00:00+00:00,1.2,50.529297,0.0,-0.55,0.442
2024-12-17 10:00:00+00:00,2.55,41.95403,0.0,-0.45,0.442
2024-12-17 11:00:00+00:00,3.15,40.841824,0.0,-0.35,0.442
2024-12-17 12:00:00+00:00,3.05,43.26852,0.0,-0.3,0.441
2024-12-17 13:00:00+00:00,1.75,50.49219,0.0,-0.35,0.441
2024-12-17 14:00:00+00:00,-1.25,61.29841,0.0,-0.35,0.441
2024-12-17 15:00:00+00:00,-2.45,63.420887,0.0,-0.4,0.441
2024-12-17 16:00:00+00:00,-2.6,61.195793,0.0,-0.4,0.441
2024-12-17 17:00:00+00:00,-2.45,57.737583,0.0,-0.45,0.441
2024-12-17 18:00:00+00:00,-2.55,55.479084,0.0,-0.5,0.441
2024-12-17 19:00:00+00:00,-2.8,54.53824,0.0,-0.5,0.441
2024-12-17 20:00:00+00:00,-2.95,53.85017,0.0,-0.55,0.441
2024-12-17 21:00:00+00:00,-3.3,54.615158,0.0,-0.6,0.44
2024-12-17 22:00:00+00:00,-3.75,56.2569,0.0,-0.65,0.44
2024-12-17 23:00:00+00:00,-4.05,57.995514,0.0,-0.7,0.44
2024-12-18 00:00:00+00:00,-4.25,59.10753,0.0,-0.8,0.44
2024-12-18 01:00:00+00:00,-4.9,65.619194,0.0,-0.6,0.44
2024-12-18 02:00:00+00:00,-4.95,64.832664,0.0,-0.65,0.44
2024-12-18 03:00:00+00:00,-5.1,65.05436,0.0,-0.75,0.44
2024-12-18 04:00:00+00:00,-5.0,64.82072,0.0,-0.8,0.44
2024-12-18 05:00:00+00:00,-4.5,62.66914,0.0,-0.9,0.44
2024-12-18 06:00:00+00:00,-2.1,53.030895,0.0,-0.85,0.44
2024-12-18 07:00:00+00:00,-0.25,47.988125,0.0,-0.7,0.44
2024-12-18 08:00:00+00:00,1.55,42.645927,0.0,-0.6,0.439
2024-12-18 09:00:00+00:00,3.0,39.848507,0.0,-0.5,0.439
2024-12-18 10:00:00+00:00,4.25,38.84646,0.0,-0.4,0.439
2024-12-18 11:00:00+00:00,5.05,38.939182,0.0,-0.3,0.439
2024-12-18 12:00:00+00:00,5.3,40.237354,0.0,-0.25,0.439
2024-12-18 13:00:00+00:00,3.85,48.2585,0.0,-0.3,0.439
2024-12-18 14:00:00+00:00,0.25,61.4382,0.0,-0.3,0.439
2024-12-18 15:00:00+00:00,0.6,60.13304,0.0,-0.3,0.439
2024-12-18 16:00:00+00:00,-0.3,62.967995,0.0,-0.35,0.439
2024-12-18 17:00:00+00:00,-1.35,66.95138,0.0,-0.35,0.439
2024-12-18 18:00:00+00:00,-2.1,69.939156,0.0,-0.4,0.439
2024-12-18 19:00:00+00:00,-2.6,72.29511,0.0,-0.4,0.438
2024-12-18 20:00:00+00:00,-2.95,73.91282,0.0,-0.45,0.438
2024-12-18 21:00:00+00:00,-3.1,73.88463,0.0,-0.5,0.438
2024-12-18 22:00:00+00:00,-3.4,74.39966,0.0,-0.5,0.438
2024-12-18 23:00:00+00:00,-3.6,74.362595,0.0,-0.55,0.438
2024-12-19 00:00:00+00:00,-3.75,73.477165,0.0,-0.6,0.438
2024-12-19 01:00:00+00:00,-2.6,72.85238,0.0,0.8,0.438
2024-12-19 02:00:00+00:00,-2.95,73.91282,0.0,0.75,0.438
2024-12-19 03:00:00+00:00,-3.1,73.036194,0.0,0.65,0.438
2024-12-19 04:00:00+00:00,-3.35,72.7066,0.0,0.6,0.437
2024-12-19 05:00:00+00:00,-2.85,69.512184,0.0,0.55,0.437
2024-12-19 06:00:00+00:00,-0.35,63.439674,0.0,0.55,0.437
2024-12-19 07:00:00+00:00,1.65,52.044235,0.0,0.6,0.437
2024-12-19 08:00:00+00:00,3.15,47.87037,0.0,0.65,0.436
2024-12-19 09:00:00+00:00,4.15,46.89363,0.0,0.8,0.436
2024-12-19 10:00:00+00:00,4.8,46.727703,0.0,1.3,0.435
2024-12-19 11:00:00+00:00,5.25,46.32988,0.0,2.9,0.434
2024-12-19 12:00:00+00:00,5.2,47.022583,0.0,3.6,0.434
2024-12-19 13:00:00+00:00,4.5,59.32661,0.0,4.45,0.434
2024-12-19 14:00:00+00:00,1.55,56.163754,0.0,2.9,0.434
2024-12-19 15:00:00+00:00,0.1,61.16622,0.0,1.4,0.434
2024-12-19 16:00:00+00:00,-1.05,66.25365,0.0,0.8,0.433
2024-12-19 17:00:00+00:00,-1.55,67.422104,0.0,0.75,0.433
2024-12-19 18:00:00+00:00,-1.7,65.59761,0.0,0.65,0.433
2024-12-19 19:00:00+00:00,-1.95,64.036385,0.0,0.6,0.433
2024-12-19 20:00:00+00:00,-2.4,63.680237,0.0,0.55,0.433
2024-12-19 21:00:00+00:00,-2.5,62.184948,0.0,0.5,0.433
2024-12-19 22:00:00+00:00,-2.3,60.795235,0.0,0.45,0.433
2024-12-19 23:00:00+00:00,-2.25,62.005165,0.0,0.4,0.433
2024-12-20 00:00:00+00:00,-2.35,64.18918,0.0,0.4,0.433
2024-12-20 01:00:00+00:00,-3.05,72.48521,0.0,0.4,0.433
2024-12-20 02:00:00+00:00,-2.95,71.948326,0.0,0.4,0.433
2024-12-20 03:00:00+00:00,-3.3,74.13209,0.0,0.35,0.433
2024-12-20 04:00:00+00:00,-3.4,74.68688,0.0,0.3,0.433
2024-12-20 05:00:00+00:00,-3.1,75.02952,0.0,0.3,0.433
2024-12-20 06:00:00+00:00,-1.05,65.74793,0.0,0.3,0.433
2024-12-20 07:00:00+00:00,0.65,61.070652,0.0,0.3,0.432
2024-12-20 08:00:00+00:00,1.9,57.775646,0.0,0.35,0.432
2024-12-20 09:00:00+00:00,2.95,55.270935,0.0,0.4,0.432
2024-12-20 10:00:00+00:00,3.75,53.23426,0.0,0.5,0.431
2024-12-20 11:00:00+00:00,4.05,53.11673,0.0,0.55,0.431
2024-12-20 12:00:00+00:00,4.3,52.391132,0.0,0.6,0.431
2024-12-20 13:00:00+00:00,2.5,53.49518,0.0,-0.15,0.432
2024-12-20 14:00:00+00:00,0.55,62.219955,0.0,-0.15,0.432
2024-12-20 15:00:00+00:00,0.05,65.00452,0.0,-0.15,0.432
2024-12-20 16:00:00+00:00,-0.45,66.3901,0.0,-0.15,0.432
2024-12-20 17:00:00+00:00,-0.2,63.23364,0.0,-0.2,0.432
2024-12-20 18:00:00+00:00,-0.25,61.785435,0.0,-0.2,0.432
2024-12-20 19:00:00+00:00,-0.4,61.04057,0.0,-0.2,0.432
2024-12-20 20:00:00+00:00,-0.35,59.890133,0.0,-0.2,0.432
2024-12-20 21:00:00+00:00,-1.65,65.105446,0.0,-0.25,0.432
2024-12-20 22:00:00+00:00,-0.5,58.934845,0.0,-0.25,0.432
2024-12-20 23:00:00+00:00,-0.95,60.666924,0.0,-0.25,0.432
2024-12-21 00:00:00+00:00,-2.0,65.27519,0.0,-0.25,0.432
2024-12-21 01:00:00+00:00,-2.0,67.32174,0.0,-0.15,0.432
2024-12-21 02:00:00+00:00,-2.6,69.030464,0.0,-0.15,0.431
2024-12-21 03:00:00+00:00,-2.9,67.90549,0.0,-0.2,0.431
2024-12-21 04:00:00+00:00,-3.1,67.074646,0.0,-0.25,0.431
2024-12-21 05:00:00+00:00,-2.95,65.052124,0.0,-0.25,0.431
2024-12-21 06:00:00+00:00,-0.75,54.25428,0.0,-0.25,0.431
2024-12-21 07:00:00+00:00,1.1,50.6967,0.0,-0.2,0.431
2024-12-21 08:00:00+00:00,2.8,45.78224,0.0,-0.15,0.431
2024-12-21 09:00:00+00:00,4.25,41.6567,0.0,-0.1,0.431
2024-12-21 10:00:00+00:00,5.25,39.150932,0.0,0.0,0.431
2024-12-21 11:00:00+00:00,5.8,39.77356,0.0,0.05,0.431
2024-12-21 12:00:00+00:00,5.8,40.699226,0.0,0.1,0.431
2024-12-21 13:00:00+00:00,3.6,47.453857,0.0,-0.1,0.431
2024-12-21 14:00:00+00:00,0.95,57.305153,0.0,-0.1,0.431
2024-12-21 15:00:00+00:00,0.0,63.28195,0.0,-0.15,0.431
2024-12-21 16:00:00+00:00,-1.15,70.6735,0.0,-0.15,0.431
2024-12-21 17:00:00+00:00,-2.05,75.21868,0.0,-0.2,0.431
2024-12-21 18:00:00+00:00,-2.05,75.50552,0.0,-0.2,0.431
2024-12-21 19:00:00+00:00,-1.95,72.97784,0.0,-0.25,0.431
2024-12-21 20:00:00+00:00,-2.0,69.960106,0.0,-0.25,0.431
2024-12-21 21:00:00+00:00,-1.9,66.31431,0.0,-0.25,0.43
2024-12-21 22:00:00+00:00,-2.05,64.012405,0.0,-0.3,0.43
2024-12-21 23:00:00+00:00,-2.15,61.78911,0.0,-0.35,0.43
2024-12-22 00:00:00+00:00,-2.55,61.20847,0.0,-0.35,0.43
2024-12-22 01:00:00+00:00,-2.0,66.29144,0.0,-0.6,0.43
2024-12-22 02:00:00+00:00,-1.55,65.38019,0.0,-0.6,0.43
2024-12-22 03:00:00+00:00,-2.4,70.95941,0.0,-0.6,0.43
2024-12-22 04:00:00+00:00,-2.25,71.81154,0.3,-0.65,0.43
2024-12-22 05:00:00+00:00,-1.6,69.50999,0.0,-0.65,0.43
2024-12-22 06:00:00+00:00,-0.05,61.363277,0.0,-0.65,0.43
2024-12-22 07:00:00+00:00,0.3,60.28692,0.2,-0.6,0.43
2024-12-22 08:00:00+00:00,1.9,54.151173,0.0,-0.55,0.43
2024-12-22 09:00:00+00:00,3.05,51.44954,0.0,-0.45,0.43
2024-12-22 10:00:00+00:00,4.0,49.605774,0.0,-0.4,0.43
2024-12-22 11:00:00+00:00,3.8,53.04742,0.0,-0.35,0.43
2024-12-22 12:00:00+00:00,3.9,55.319313,0.0,-0.3,0.43
2024-12-22 13:00:00+00:00,0.7,77.41133,0.2,-0.85,0.43
2024-12-22 14:00:00+00:00,-0.15,84.17291,0.1,-0.8,0.43
2024-12-22 15:00:00+00:00,-0.2,85.42191,0.1,-0.75,0.43
2024-12-22 16:00:00+00:00,-0.25,86.688354,0.0,-0.75,0.43
2024-12-22 17:00:00+00:00,-0.15,86.37924,0.0,-0.75,0.43
2024-12-22 18:00:00+00:00,0.0,86.07696,0.0,-0.7,0.43
2024-12-22 19:00:00+00:00,0.1,85.77092,0.0,-0.7,0.43
2024-12-22 20:00:00+00:00,0.1,86.08762,0.0,-0.7,0.43
2024-12-22 21:00:00+00:00,-0.1,87.345314,0.0,-0.7,0.43
2024-12-22 22:00:00+00:00,-0.1,87.66769,0.0,-0.7,0.43
2024-12-22 23:00:00+00:00,-0.35,87.64382,0.0,-0.7,0.43
2024-12-23 00:00:00+00:00,-0.3,87.32575,0.0,-0.7,0.43
2024-12-23 01:00:00+00:00,-0.25,86.36878,0.0,-0.8,0.43
2024-12-23 02:00:00+00:00,-0.05,85.43859,0.0,-0.75,0.43
2024-12-23 03:00:00+00:00,0.1,85.77092,0.0,-0.75,0.429
2024-12-23 04:00:00+00:00,0.05,87.03896,0.0,-0.75,0.429
2024-12-23 05:00:00+00:00,0.25,86.42098,0.0,-0.7,0.429
2024-12-23 06:00:00+00:00,0.95,82.77047,0.0,-0.7,0.429
2024-12-23 07:00:00+00:00,2.3,77.10428,0.0,-0.6,0.429
2024-12-23 08:00:00+00:00,2.45,76.566124,0.0,-0.55,0.429
2024-12-23 09:00:00+00:00,2.8,75.78911,0.1,-0.5,0.43
2024-12-23 10:00:00+00:00,3.3,74.2328,0.0,-0.45,0.43
2024-12-23 11:00:00+00:00,3.3,73.692444,0.0,-0.4,0.43
2024-12-23 12:00:00+00:00,3.25,73.68323,0.0,-0.35,0.43
2024-12-23 13:00:00+00:00,1.4,94.40833,0.1,-0.35,0.433
2024-12-23 14:00:00+00:00,1.0,95.07607,0.2,-0.35,0.435
2024-12-23 15:00:00+00:00,0.85,95.070145,0.1,-0.35,0.436
2024-12-23 16:00:00+00:00,0.9,93.36506,0.0,-0.35,0.437
2024-12-23 17:00:00+00:00,1.0,92.02533,0.0,-0.35,0.437
2024-12-23 18:00:00+00:00,1.15,91.36946,0.0,-0.35,0.437
2024-12-23 19:00:00+00:00,1.2,91.37284,0.0,-0.35,0.437
2024-12-23 20:00:00+00:00,1.1,92.03161,0.1,-0.3,0.439
2024-12-23 21:00:00+00:00,0.8,94.72431,0.3,-0.3,0.442
2024-12-23 22:00:00+00:00,0.75,95.06621,0.6,-0.3,0.449
2024-12-23 23:00:00+00:00,0.6,94.71586,0.2,-0.3,0.451
2024-12-24 00:00:00+00:00,0.15,93.66659,0.0,-0.3,0.451
2024-12-24 01:00:00+00:00,1.55,94.0753,0.1,0.95,0.443
2024-12-24 02:00:00+00:00,1.55,93.399155,0.0,0.9,0.444
2024-12-24 03:00:00+00:00,1.25,94.061165,0.0,0.85,0.444
2024-12-24 04:00:00+00:00,1.6,93.065445,0.0,0.85,0.444
2024-12-24 05:00:00+00:00,1.75,92.404976,0.0,0.85,0.444
2024-12-24 06:00:00+00:00,2.5,88.86738,0.0,0.9,0.444
2024-12-24 07:00:00+00:00,3.65,88.01781,0.0,1.45,0.443
2024-12-24 08:00:00+00:00,4.6,82.3457,0.0,2.45,0.443
2024-12-24 09:00:00+00:00,5.75,76.836334,0.0,3.5,0.442
2024-12-24 10:00:00+00:00,6.1,75.268074,0.1,4.1,0.442
2024-12-24 11:00:00+00:00,5.65,79.60608,0.0,4.2,0.442
2024-12-24 12:00:00+00:00,5.55,80.15958,0.0,4.25,0.442
2024-12-24 13:00:00+00:00,4.35,92.55807,0.0,1.5,0.443
2024-12-24 14:00:00+00:00,2.55,95.13659,0.0,1.1,0.443
2024-12-24 15:00:00+00:00,1.8,94.4261,0.1,0.85,0.444
2024-12-24 16:00:00+00:00,1.3,91.71134,0.1,0.8,0.445
2024-12-24 17:00:00+00:00,0.75,90.02059,0.0,0.75,0.445
2024-12-24 18:00:00+00:00,0.6,87.41341,0.0,0.7,0.445
2024-12-24 19:00:00+00:00,0.2,83.286896,0.0,0.65,0.445
2024-12-24 20:00:00+00:00,1.1,81.282455,0.0,0.65,0.445
2024-12-24 21:00:00+00:00,1.3,81.909386,0.0,0.65,0.445
2024-12-24 22:00:00+00:00,1.05,82.47981,0.0,0.6,0.445
2024-12-24 23:00:00+00:00,0.8,83.056145,0.0,0.6,0.445
2024-12-25 00:00:00+00:00,0.2,84.52617,0.0,0.55,0.444
2024-12-25 01:00:00+00:00,-0.05,89.95801,0.0,0.9,0.442
2024-12-25 02:00:00+00:00,-0.45,89.59581,0.0,0.8,0.441
2024-12-25 03:00:00+00:00,-0.2,90.609604,0.0,0.75,0.441
2024-12-25 04:00:00+00:00,-0.45,92.27179,0.0,0.7,0.441
2024-12-25 05:00:00+00:00,-0.3,95.024445,0.0,0.7,0.441
2024-12-25 06:00:00+00:00,1.2,93.71928,0.0,0.7,0.441
2024-12-25 07:00:00+00:00,2.95,86.386475,0.0,0.75,0.44
2024-12-25 08:00:00+00:00,4.25,79.39881,0.0,0.95,0.44
2024-12-25 09:00:00+00:00,5.6,72.53201,0.0,2.6,0.439
2024-12-25 10:00:00+00:00,6.65,66.73899,0.0,4.15,0.439
2024-12-25 11:00:00+00:00,7.2,64.03842,0.0,5.15,0.438
2024-12-25 12:00:00+00:00,7.25,64.04997,0.0,5.55,0.437
2024-12-25 13:00:00+00:00,7.05,73.323235,0.0,5.9,0.446
2024-12-25 14:00:00+00:00,4.55,73.12307,0.0,4.35,0.446
2024-12-25 15:00:00+00:00,3.75,77.341255,0.0,3.05,0.446
2024-12-25 16:00:00+00:00,2.0,83.20773,0.0,1.95,0.446
2024-12-25 17:00:00+00:00,0.35,87.068855,0.0,0.95,0.446
2024-12-25 18:00:00+00:00,0.05,86.719025,0.0,0.8,0.445
2024-12-25 19:00:00+00:00,-0.3,86.36355,0.0,0.75,0.445
2024-12-25 20:00:00+00:00,-0.6,87.29634,0.0,0.7,0.445
2024-12-25 21:00:00+00:00,-0.7,87.286514,0.0,0.65,0.445
2024-12-25 22:00:00+00:00,-0.85,87.59588,0.0,0.6,0.445
2024-12-25 23:00:00+00:00,-1.1,88.22445,0.0,0.55,0.445
2024-12-26 00:00:00+00:00,-1.3,89.526276,0.0,0.5,0.445
2024-12-26 01:00:00+00:00,-1.45,91.19071,0.0,0.85,0.438
2024-12-26 02:00:00+00:00,-1.9,91.84001,0.0,0.75,0.438
2024-12-26 03:00:00+00:00,-2.15,91.48214,0.0,0.7,0.438
2024-12-26 04:00:00+00:00,-2.3,91.13109,0.0,0.65,0.438
2024-12-26 05:00:00+00:00,-2.05,91.48891,0.0,0.6,0.438
2024-12-26 06:00:00+00:00,0.45,83.01156,0.0,0.6,0.438
2024-12-26 07:00:00+00:00,2.0,77.62288,0.0,0.65,0.438
2024-12-26 08:00:00+00:00,3.4,72.375946,0.0,0.75,0.437
2024-12-26 09:00:00+00:00,4.75,67.29606,0.0,0.9,0.437
2024-12-26 10:00:00+00:00,5.65,62.75494,0.0,2.15,0.436
2024-12-26 11:00:00+00:00,6.15,58.658848,0.0,3.3,0.436
2024-12-26 12:00:00+00:00,6.4,55.781887,0.0,3.9,0.436
2024-12-26 13:00:00+00:00,4.3,72.02242,0.0,3.45,0.436
2024-12-26 14:00:00+00:00,2.85,73.60935,0.0,2.6,0.436
2024-12-26 15:00:00+00:00,1.4,77.81208,0.0,1.45,0.436
2024-12-26 16:00:00+00:00,0.8,80.941635,0.0,0.9,0.436
2024-12-26 17:00:00+00:00,0.55,82.71876,0.0,0.85,0.435
2024-12-26 18:00:00+00:00,0.95,81.862206,0.1,0.85,0.437
2024-12-26 19:00:00+00:00,1.05,86.82054,0.1,0.8,0.437
2024-12-26 20:00:00+00:00,0.25,88.02362,0.0,0.75,0.437
2024-12-26 21:00:00+00:00,0.45,89.01489,0.0,0.75,0.437
2024-12-26 22:00:00+00:00,0.05,90.62801,0.0,0.7,0.437
2024-12-26 23:00:00+00:00,0.45,92.32669,0.0,0.7,0.437
2024-12-27 00:00:00+00:00,0.6,91.3321,0.0,0.7,0.437
2024-12-27 01:00:00+00:00,0.75,92.68121,0.0,0.65,0.437
2024-12-27 02:00:00+00:00,0.9,92.68989,0.0,0.65,0.438
2024-12-27 03:00:00+00:00,0.95,92.69278,0.0,0.65,0.438
2024-12-27 04:00:00+00:00,1.05,92.028465,0.0,0.6,0.438
2024-12-27 05:00:00+00:00,1.2,92.03788,0.0,0.6,0.438
2024-12-27 06:00:00+00:00,1.65,92.73305,0.1,0.65,0.439
2024-12-27 07:00:00+00:00,2.05,92.0909,0.2,0.65,0.442
2024-12-27 08:00:00+00:00,2.3,94.11045,0.4,0.7,0.447
2024-12-27 09:00:00+00:00,2.35,94.4504,0.6,0.75,0.454
2024-12-27 10:00:00+00:00,1.85,97.8774,1.4,0.85,0.461
2024-12-27 11:00:00+00:00,1.25,100.0,2.2,0.85,0.468
2024-12-27 12:00:00+00:00,0.55,100.0,2.7,0.9,0.474
2024-12-27 13:00:00+00:00,0.05,100.0,2.5,0.85,0.466
2024-12-27 14:00:00+00:00,-0.1,100.0,1.6,0.85,0.465
2024-12-27 15:00:00+00:00,-0.15,97.84266,1.0,0.85,0.464
2024-12-27 16:00:00+00:00,-0.1,96.4289,2.3,0.85,0.463
2024-12-27 17:00:00+00:00,-0.15,97.48715,2.1,0.85,0.463
2024-12-27 18:00:00+00:00,-0.1,98.55773,1.8,0.85,0.462
2024-12-27 19:00:00+00:00,-0.3,95.37242,4.1,0.85,0.461
2024-12-27 20:00:00+00:00,-0.1,95.37986,2.0,0.85,0.46
2024-12-27 21:00:00+00:00,-0.35,96.77432,1.8,0.85,0.46
2024-12-27 22:00:00+00:00,-0.25,98.19786,2.1,0.85,0.46
2024-12-27 23:00:00+00:00,-0.05,97.4892,1.4,0.85,0.46
2024-12-28 00:00:00+00:00,-0.2,98.19859,0.7,0.85,0.459
2024-12-28 01:00:00+00:00,0.75,95.06621,0.9,0.85,0.462
2024-12-28 02:00:00+00:00,0.55,96.797745,1.0,0.85,0.466
2024-12-28 03:00:00+00:00,0.35,98.20665,0.9,0.85,0.468
2024-12-28 04:00:00+00:00,0.35,98.92054,0.7,0.85,0.47
2024-12-28 05:00:00+00:00,0.3,99.27891,0.4,0.85,0.471
2024-12-28 06:00:00+00:00,0.55,98.20958,0.4,0.85,0.473
2024-12-28 07:00:00+00:00,0.6,97.8558,0.2,0.85,0.476
2024-12-28 08:00:00+00:00,0.75,96.80293,0.3,0.85,0.48
2024-12-28 09:00:00+00:00,0.75,96.80293,0.3,0.85,0.484
2024-12-28 10:00:00+00:00,0.85,96.108025,0.2,0.85,0.49
2024-12-28 11:00:00+00:00,0.75,95.757545,0.1,0.85,0.492
2024-12-28 12:00:00+00:00,0.8,94.72431,0.0,0.85,0.492
2024-12-28 13:00:00+00:00,0.95,95.764366,0.0,0.85,0.481
2024-12-28 14:00:00+00:00,0.75,95.757545,0.0,0.85,0.481
2024-12-28 15:00:00+00:00,0.5,96.44618,0.0,0.85,0.479
2024-12-28 16:00:00+00:00,-0.15,95.378006,0.0,0.85,0.478
2024-12-28 17:00:00+00:00,-0.35,93.64126,0.0,0.85,0.477
2024-12-28 18:00:00+00:00,-1.55,94.27468,0.0,0.85,0.476
2024-12-28 19:00:00+00:00,-2.45,93.88252,0.0,0.85,0.475
2024-12-28 20:00:00+00:00,-1.65,89.16491,0.0,0.85,0.474
2024-12-28 21:00:00+00:00,-2.7,89.07512,0.0,0.85,0.472
2024-12-28 22:00:00+00:00,-2.15,87.14276,0.0,0.85,0.471
2024-12-28 23:00:00+00:00,-2.5,88.426346,0.0,0.85,0.47
2024-12-29 00:00:00+00:00,-3.0,91.76805,0.0,0.85,0.469
2024-12-29 01:00:00+00:00,-0.5,95.36495,0.0,0.85,0.476
2024-12-29 02:00:00+00:00,-0.6,96.0622,0.0,0.8,0.475
2024-12-29 03:00:00+00:00,-0.75,96.763824,0.0,0.8,0.474
2024-12-29 04:00:00+00:00,-0.75,97.11875,0.0,0.75,0.473
2024-12-29 05:00:00+00:00,-0.65,97.83385,0.0,0.75,0.472
2024-12-29 06:00:00+00:00,-0.3,97.12928,0.0,0.75,0.471
2024-12-29 07:00:00+00:00,0.05,95.03842,0.0,0.8,0.471
2024-12-29 08:00:00+00:00,0.3,94.01604,0.0,0.8,0.47
2024-12-29 09:00:00+00:00,0.65,92.0033,0.1,0.95,0.473
2024-12-29 10:00:00+00:00,0.9,90.69025,0.0,1.6,0.479
2024-12-29 11:00:00+00:00,1.05,89.06593,0.0,2.1,0.484
2024-12-29 12:00:00+00:00,1.0,88.092804,0.0,2.25,0.486
2024-12-29 13:00:00+00:00,0.95,88.73333,0.0,2.2,0.484
2024-12-29 14:00:00+00:00,0.55,89.02342,0.1,1.75,0.483
2024-12-29 15:00:00+00:00,0.2,88.99352,0.0,1.3,0.481
2024-12-29 16:00:00+00:00,-0.05,88.32015,0.0,0.95,0.479
2024-12-29 17:00:00+00:00,0.25,87.701004,0.0,0.9,0.478
2024-12-29 18:00:00+00:00,0.05,85.44969,0.0,0.85,0.477
2024-12-29 19:00:00+00:00,-0.65,88.59247,0.1,0.85,0.475
2024-12-29 20:00:00+00:00,-1.15,92.22868,0.0,0.8,0.474
2024-12-29 21:00:00+00:00,-1.2,91.88533,0.0,0.75,0.473
2024-12-29 22:00:00+00:00,-1.05,91.55622,0.0,0.75,0.472
2024-12-29 23:00:00+00:00,-1.2,92.56698,0.0,0.7,0.471
2024-12-30 00:00:00+00:00,-1.85,95.667496,0.0,0.7,0.471
2024-12-30 01:00:00+00:00,-0.55,96.76908,0.1,0.7,0.473
2024-12-30 02:00:00+00:00,-0.7,97.11993,0.0,0.7,0.473
2024-12-30 03:00:00+00:00,-0.6,96.76776,0.0,0.7,0.472
2024-12-30 04:00:00+00:00,-0.65,96.41296,0.0,0.65,0.471
2024-12-30 05:00:00+00:00,-0.65,96.76645,0.0,0.65,0.471
2024-12-30 06:00:00+00:00,0.0,93.659004,0.0,0.65,0.47
2024-12-30 07:00:00+00:00,0.5,90.99262,0.0,0.7,0.469
2024-12-30 08:00:00+00:00,0.9,88.40576,0.0,0.8,0.472
2024-12-30 09:00:00+00:00,1.35,84.970215,0.0,0.95,0.478
2024-12-30 10:00:00+00:00,1.75,81.37237,0.0,2.05,0.484
2024-12-30 11:00:00+00:00,2.05,76.218124,0.0,2.8,0.488
2024-12-30 12:00:00+00:00,2.0,76.20961,0.0,3.2,0.491
2024-12-30 13:00:00+00:00,1.65,79.880936,0.0,2.5,0.49
2024-12-30 14:00:00+00:00,1.35,78.09156,0.0,2.1,0.489
2024-12-30 15:00:00+00:00,0.7,78.56801,0.0,1.4,0.487
2024-12-30 16:00:00+00:00,-0.85,84.08859,0.0,0.9,0.485
2024-12-30 17:00:00+00:00,-2.7,88.74109,0.0,0.8,0.483
2024-12-30 18:00:00+00:00,-3.95,92.401344,0.0,0.7,0.482
2024-12-30 19:00:00+00:00,-3.9,92.055855,0.0,0.65,0.481
2024-12-30 20:00:00+00:00,-3.55,93.12448,0.0,0.6,0.48
2024-12-30 21:00:00+00:00,-3.75,93.11337,0.0,0.6,0.479
2024-12-30 22:00:00+00:00,-3.5,93.830376,0.0,0.55,0.478
2024-12-30 23:00:00+00:00,-3.3,94.902214,0.0,0.5,0.477
2024-12-31 00:00:00+00:00,-2.95,95.62855,0.0,0.5,0.476
2024-12-31 01:00:00+00:00,-2.1,94.24923,0.0,0.4,0.474
2024-12-31 02:00:00+00:00,-1.8,94.61293,0.0,0.4,0.474
2024-12-31 03:00:00+00:00,-1.75,94.61511,0.0,0.4,0.473
2024-12-31 04:00:00+00:00,-1.9,95.31219,0.0,0.4,0.472
2024-12-31 05:00:00+00:00,-2.2,94.94754,0.0,0.4,0.472
2024-12-31 06:00:00+00:00,-2.25,92.504364,0.0,0.4,0.471
2024-12-31 07:00:00+00:00,-2.0,91.1522,0.0,0.4,0.471
2024-12-31 08:00:00+00:00,-1.4,86.56981,0.0,0.4,0.47
2024-12-31 09:00:00+00:00,-0.75,80.720924,0.0,0.45,0.47
2024-12-31 10:00:00+00:00,-0.15,74.710846,0.0,0.5,0.47
2024-12-31 11:00:00+00:00,0.4,71.2557,0.0,0.6,0.472
2024-12-31 12:00:00+00:00,0.65,72.6527,0.0,0.65,0.473
2024-12-31 13:00:00+00:00,-0.4,71.63411,0.0,0.65,0.475
2024-12-31 14:00:00+00:00,-2.7,75.3898,0.0,0.6,0.475
2024-12-31 15:00:00+00:00,-3.7,77.863045,0.0,0.55,0.474
2024-12-31 16:00:00+00:00,-4.7,80.45182,0.0,0.45,0.473
2024-12-31 17:00:00+00:00,-5.65,82.52637,0.0,0.4,0.472
2024-12-31 18:00:00+00:00,-6.2,82.77444,0.0,0.35,0.472
2024-12-31 19:00:00+00:00,-6.5,82.09003,0.0,0.3,0.471
2024-12-31 20:00:00+00:00,-6.65,80.792465,0.0,0.25,0.471
